Gene,five_prime_utr,three_prime_utr
YAL001C,31.0,36.0
YAL002W,95.0,56.0
YAL003W,21.0,221.0
YAL004W,1963.0,745.0
YAL005C,62.0,146.0
YAL007C,69.0,146.0
YAL008W,48.0,127.0
YAL009W,0.0,123.0
YAL010C,23.0,101.0
YAL011W,4.0,97.0
YAL012W,64.0,99.0
YAL013W,32.0,101.0
YAL014C,48.0,134.0
YAL015C,0.0,7.0
YAL016C-A,6.0,261.0
YAL016C-B,,
YAL016W,97.0,68.0
YAL017W,385.0,219.0
YAL018C,50.0,138.0
YAL019W,110.0,49.0
YAL019W-A,,
YAL020C,22.0,75.0
YAL021C,59.0,230.0
YAL022C,16.0,42.0
YAL023C,88.0,115.0
YAL024C,,
YAL025C,23.0,203.0
YAL026C,86.0,140.0
YAL026C-A,25.0,244.0
YAL027W,80.0,101.0
YAL028W,48.0,43.0
YAL029C,252.0,61.0
YAL030W,22.0,110.0
YAL031C,47.0,78.0
YAL031W-A,354.0,2097.0
YAL032C,20.0,125.0
YAL033W,5.0,72.0
YAL034C,620.0,100.0
YAL034C-B,31.0,43.0
YAL034W-A,29.0,88.0
YAL035W,26.0,126.0
YAL036C,32.0,29.0
YAL037C-A,192.0,55.0
YAL037C-B,,
YAL037W,567.0,1577.0
YAL038W,27.0,164.0
YAL039C,56.0,69.0
YAL040C,328.0,177.0
YAL041W,64.0,59.0
YAL042C-A,,
YAL042W,16.0,91.0
YAL043C,31.0,76.0
YAL044C,14.0,82.0
YAL044W-A,1.0,111.0
YAL045C,680.0,566.0
YAL046C,30.0,122.0
YAL047C,29.0,55.0
YAL047W-A,322.0,153.0
YAL048C,1.0,1065.0
YAL049C,66.0,136.0
YAL051W,25.0,80.0
YAL053W,140.0,72.0
YAL054C,51.0,163.0
YAL055W,7.0,119.0
YAL056C-A,,
YAL056W,51.0,98.0
YAL058W,49.0,191.0
YAL059C-A,48.0,50.0
YAL059W,2.0,197.0
YAL060W,48.0,84.0
YAL061W,89.0,167.0
YAL062W,38.0,75.0
YAL063C,,
YAL063C-A,948.0,34.0
YAL064C-A,947.0,412.0
YAL064W,308.0,148.0
YAL064W-B,733.0,554.0
YAL065C,,
YAL066W,284.0,61.0
YAL067C,33.0,222.0
YAL067W-A,,
YAL068C,,
YAL068W-A,,
YAL069W,,
YAR002C-A,16.0,76.0
YAR002W,42.0,94.0
YAR003W,85.0,495.0
YAR007C,63.0,73.0
YAR008W,102.0,97.0
YAR014C,150.0,178.0
YAR015W,98.0,95.0
YAR018C,8.0,64.0
YAR019C,33.0,85.0
YAR019W-A,,
YAR020C,,
YAR023C,231.0,30.0
YAR027W,99.0,83.0
YAR028W,56.0,198.0
YAR029W,1468.0,227.0
YAR030C,4.0,479.0
YAR031W,2016.0,138.0
YAR033W,46.0,93.0
YAR035C-A,361.0,63.0
YAR035W,44.0,104.0
YAR042W,36.0,125.0
YAR047C,,
YAR050W,,
YAR053W,174.0,969.0
YAR060C,,
YAR064W,,
YAR066W,,
YAR068W,,
YAR069C,,
YAR070C,,
YAR071W,,
YAR073W,224.0,512.0
YAR075W,1326.0,148.0
YBL001C,11.0,75.0
YBL002W,23.0,192.0
YBL003C,27.0,173.0
YBL004W,,
YBL005W,62.0,285.0
YBL006C,8.0,182.0
YBL006W-A,4.0,618.0
YBL007C,52.0,64.0
YBL008W,55.0,81.0
YBL008W-A,51.0,2607.0
YBL009W,34.0,126.0
YBL010C,30.0,208.0
YBL011W,101.0,205.0
YBL012C,,
YBL013W,66.0,2761.0
YBL014C,29.0,141.0
YBL015W,77.0,282.0
YBL016W,17.0,135.0
YBL017C,180.0,73.0
YBL018C,41.0,36.0
YBL019W,0.0,112.0
YBL020W,82.0,80.0
YBL021C,24.0,170.0
YBL022C,127.0,76.0
YBL023C,53.0,188.0
YBL024W,23.0,125.0
YBL025W,48.0,466.0
YBL026W,71.0,126.0
YBL027W,31.0,84.0
YBL028C,47.0,89.0
YBL029C-A,4.0,93.0
YBL029W,,
YBL030C,121.0,300.0
YBL031W,30.0,159.0
YBL032W,92.0,180.0
YBL033C,28.0,67.0
YBL034C,,
YBL035C,81.0,46.0
YBL036C,8.0,146.0
YBL037W,98.0,109.0
YBL038W,63.0,58.0
YBL039C,54.0,184.0
YBL039C-A,751.0,1143.0
YBL039W-B,307.0,135.0
YBL040C,43.0,67.0
YBL041W,35.0,46.0
YBL042C,56.0,51.0
YBL043W,133.0,164.0
YBL044W,,
YBL045C,186.0,182.0
YBL046W,0.0,178.0
YBL047C,173.0,144.0
YBL048W,618.0,194.0
YBL049W,61.0,263.0
YBL050W,77.0,67.0
YBL051C,63.0,444.0
YBL052C,267.0,73.0
YBL053W,,
YBL054W,115.0,120.0
YBL055C,60.0,73.0
YBL056W,126.0,396.0
YBL057C,20.0,73.0
YBL058W,28.0,126.0
YBL059C-A,8.0,243.0
YBL059W,,
YBL060W,18.0,38.0
YBL061C,109.0,68.0
YBL062W,,
YBL063W,0.0,78.0
YBL064C,32.0,72.0
YBL065W,330.0,2.0
YBL066C,39.0,327.0
YBL067C,277.0,122.0
YBL068W,32.0,89.0
YBL068W-A,1134.0,81.0
YBL069W,81.0,81.0
YBL070C,1294.0,2193.0
YBL071C,50.0,1820.0
YBL071C-B,54.0,1055.0
YBL071W-A,35.0,246.0
YBL072C,24.0,120.0
YBL073W,,
YBL074C,1.0,2304.0
YBL075C,1342.0,81.0
YBL076C,16.0,96.0
YBL077W,,
YBL078C,44.0,164.0
YBL079W,53.0,78.0
YBL080C,16.0,105.0
YBL081W,314.0,137.0
YBL082C,46.0,54.0
YBL083C,1035.0,16.0
YBL084C,,
YBL085W,202.0,120.0
YBL086C,106.0,47.0
YBL087C,23.0,105.0
YBL088C,,
YBL089W,64.0,63.0
YBL090W,31.0,123.0
YBL091C,22.0,100.0
YBL091C-A,13.0,132.0
YBL092W,32.0,147.0
YBL093C,80.0,150.0
YBL094C,585.0,733.0
YBL095W,16.0,118.0
YBL096C,1200.0,142.0
YBL097W,58.0,170.0
YBL098W,,
YBL099W,320.0,232.0
YBL100C,,
YBL100W-C,55.0,140.0
YBL101C,107.0,169.0
YBL102W,88.0,193.0
YBL103C,266.0,458.0
YBL104C,4.0,36.0
YBL105C,266.0,137.0
YBL106C,52.0,67.0
YBL107C,0.0,126.0
YBL107W-A,,
YBL108C-A,,
YBL108W,,
YBL109W,,
YBL111C,,
YBL112C,,
YBL113C,,
YBL113W-A,,
YBR001C,56.0,69.0
YBR002C,16.0,119.0
YBR003W,29.0,127.0
YBR004C,16.0,93.0
YBR005W,38.0,156.0
YBR006W,131.0,146.0
YBR007C,122.0,141.0
YBR008C,221.0,160.0
YBR009C,39.0,168.0
YBR010W,28.0,152.0
YBR011C,31.0,112.0
YBR012C,5.0,206.0
YBR013C,131.0,13.0
YBR014C,96.0,111.0
YBR015C,128.0,119.0
YBR016W,30.0,207.0
YBR017C,62.0,102.0
YBR018C,20.0,137.0
YBR019C,25.0,110.0
YBR020W,58.0,156.0
YBR021W,136.0,127.0
YBR022W,62.0,158.0
YBR023C,134.0,96.0
YBR024W,113.0,2.0
YBR025C,37.0,211.0
YBR026C,3.0,116.0
YBR027C,,
YBR028C,34.0,176.0
YBR029C,90.0,131.0
YBR030W,60.0,56.0
YBR031W,16.0,88.0
YBR032W,1.0,140.0
YBR033W,23.0,83.0
YBR034C,20.0,190.0
YBR035C,30.0,99.0
YBR036C,48.0,194.0
YBR037C,49.0,70.0
YBR038W,37.0,186.0
YBR039W,36.0,178.0
YBR040W,46.0,183.0
YBR041W,53.0,142.0
YBR042C,36.0,67.0
YBR043C,149.0,128.0
YBR044C,31.0,76.0
YBR045C,108.0,138.0
YBR046C,31.0,271.0
YBR047W,20.0,101.0
YBR048W,15.0,225.0
YBR049C,149.0,245.0
YBR050C,109.0,38.0
YBR051W,,
YBR052C,64.0,57.0
YBR053C,12.0,69.0
YBR054W,320.0,361.0
YBR055C,7.0,93.0
YBR056C-B,302.0,115.0
YBR056W,12.0,44.0
YBR056W-A,27.0,438.0
YBR057C,32.0,104.0
YBR058C,22.0,18.0
YBR058C-A,59.0,171.0
YBR059C,150.0,79.0
YBR060C,87.0,57.0
YBR061C,7.0,153.0
YBR062C,146.0,102.0
YBR063C,1536.0,57.0
YBR064W,,
YBR065C,42.0,1671.0
YBR066C,83.0,99.0
YBR067C,51.0,138.0
YBR068C,39.0,219.0
YBR069C,105.0,145.0
YBR070C,21.0,43.0
YBR071W,72.0,275.0
YBR072C-A,,
YBR072W,74.0,164.0
YBR073W,22.0,79.0
YBR074W,5.0,62.0
YBR076C-A,240.0,57.0
YBR076W,66.0,553.0
YBR077C,40.0,217.0
YBR078W,176.0,300.0
YBR079C,25.0,89.0
YBR080C,26.0,128.0
YBR081C,153.0,116.0
YBR082C,86.0,167.0
YBR083W,255.0,125.0
YBR084C-A,22.0,54.0
YBR084W,14.0,92.0
YBR085C-A,29.0,373.0
YBR085W,109.0,166.0
YBR086C,291.0,132.0
YBR087W,11.0,55.0
YBR088C,43.0,41.0
YBR089C-A,26.0,157.0
YBR089W,155.0,255.0
YBR090C,2070.0,300.0
YBR091C,41.0,90.0
YBR092C,14.0,51.0
YBR093C,35.0,67.0
YBR094W,66.0,3.0
YBR095C,24.0,84.0
YBR096W,61.0,68.0
YBR097W,40.0,72.0
YBR098W,19.0,109.0
YBR099C,44.0,5.0
YBR101C,50.0,36.0
YBR102C,64.0,105.0
YBR103C-A,427.0,70.0
YBR103W,131.0,48.0
YBR104W,88.0,60.0
YBR105C,23.0,122.0
YBR106W,33.0,140.0
YBR107C,49.0,304.0
YBR108W,15.0,187.0
YBR109C,39.0,198.0
YBR109W-A,7.0,1497.0
YBR110W,81.0,108.0
YBR111C,8.0,71.0
YBR111W-A,41.0,167.0
YBR112C,175.0,228.0
YBR113W,,
YBR114W,88.0,99.0
YBR115C,19.0,137.0
YBR116C,,
YBR117C,31.0,134.0
YBR118W,22.0,90.0
YBR119W,48.0,120.0
YBR120C,70.0,60.0
YBR121C,64.0,136.0
YBR121C-A,947.0,1098.0
YBR122C,33.0,165.0
YBR123C,63.0,38.0
YBR124W,466.0,51.0
YBR125C,196.0,138.0
YBR126C,107.0,131.0
YBR126W-A,23.0,143.0
YBR126W-B,100.0,129.0
YBR127C,31.0,166.0
YBR128C,46.0,78.0
YBR129C,45.0,81.0
YBR130C,60.0,113.0
YBR131C-A,,
YBR131W,44.0,75.0
YBR132C,164.0,303.0
YBR133C,159.0,59.0
YBR134W,,
YBR135W,94.0,106.0
YBR136W,,
YBR137W,38.0,118.0
YBR138C,30.0,149.0
YBR139W,5.0,170.0
YBR140C,,
YBR141C,39.0,81.0
YBR141W-A,17.0,480.0
YBR142W,67.0,123.0
YBR143C,28.0,139.0
YBR144C,,
YBR145W,41.0,101.0
YBR146W,63.0,222.0
YBR147W,113.0,16.0
YBR148W,1364.0,101.0
YBR149W,38.0,102.0
YBR150C,24.0,90.0
YBR151W,146.0,130.0
YBR152W,68.0,1100.0
YBR153W,1152.0,157.0
YBR154C,91.0,96.0
YBR155W,76.0,78.0
YBR156C,37.0,177.0
YBR157C,835.0,145.0
YBR158W,263.0,150.0
YBR159W,53.0,166.0
YBR160W,78.0,94.0
YBR161W,227.0,175.0
YBR162C,136.0,150.0
YBR162W-A,17.0,85.0
YBR163W,102.0,53.0
YBR164C,119.0,102.0
YBR165W,87.0,138.0
YBR166C,43.0,101.0
YBR167C,200.0,63.0
YBR168W,127.0,156.0
YBR169C,19.0,178.0
YBR170C,50.0,130.0
YBR171W,26.0,137.0
YBR172C,111.0,99.0
YBR173C,28.0,181.0
YBR174C,758.0,161.0
YBR175W,13.0,103.0
YBR176W,97.0,29.0
YBR177C,69.0,127.0
YBR178W,91.0,128.0
YBR179C,65.0,76.0
YBR180W,,
YBR181C,29.0,89.0
YBR182C,172.0,281.0
YBR182C-A,51.0,157.0
YBR183W,97.0,105.0
YBR184W,0.0,158.0
YBR185C,19.0,119.0
YBR186W,6.0,162.0
YBR187W,129.0,160.0
YBR188C,75.0,183.0
YBR189W,26.0,65.0
YBR190W,1481.0,1006.0
YBR191W,22.0,109.0
YBR191W-A,901.0,26.0
YBR192W,163.0,278.0
YBR193C,17.0,332.0
YBR194W,69.0,156.0
YBR195C,46.0,124.0
YBR196C,42.0,164.0
YBR196C-A,408.0,89.0
YBR196C-B,1266.0,616.0
YBR197C,10.0,457.0
YBR198C,78.0,84.0
YBR199W,99.0,128.0
YBR200W,63.0,222.0
YBR200W-A,,
YBR201C-A,64.0,231.0
YBR201W,136.0,124.0
YBR202W,65.0,177.0
YBR203W,212.0,212.0
YBR204C,41.0,233.0
YBR205W,47.0,178.0
YBR206W,1026.0,90.0
YBR207W,52.0,117.0
YBR208C,,
YBR209W,29.0,93.0
YBR210W,89.0,13.0
YBR211C,,
YBR212W,448.0,206.0
YBR213W,70.0,196.0
YBR214W,79.0,193.0
YBR215W,22.0,108.0
YBR216C,20.0,293.0
YBR217W,64.0,291.0
YBR218C,62.0,130.0
YBR219C,1415.0,44.0
YBR220C,67.0,236.0
YBR221C,203.0,240.0
YBR221W-A,1632.0,81.0
YBR222C,27.0,114.0
YBR223C,23.0,239.0
YBR223W-A,,
YBR224W,,
YBR225W,135.0,263.0
YBR226C,,
YBR227C,58.0,58.0
YBR228W,0.0,128.0
YBR229C,9.0,131.0
YBR230C,26.0,35.0
YBR230W-A,48.0,132.0
YBR231C,57.0,39.0
YBR232C,310.0,1233.0
YBR233W,79.0,150.0
YBR233W-A,39.0,195.0
YBR234C,46.0,78.0
YBR235W,81.0,95.0
YBR236C,38.0,151.0
YBR237W,41.0,93.0
YBR238C,82.0,379.0
YBR239C,149.0,111.0
YBR240C,11.0,229.0
YBR241C,29.0,56.0
YBR242W,38.0,48.0
YBR243C,44.0,82.0
YBR244W,36.0,187.0
YBR245C,,
YBR246W,43.0,140.0
YBR247C,21.0,117.0
YBR248C,88.0,80.0
YBR249C,90.0,117.0
YBR250W,356.0,138.0
YBR251W,36.0,81.0
YBR252W,18.0,63.0
YBR253W,61.0,28.0
YBR254C,13.0,122.0
YBR255C-A,37.0,99.0
YBR255W,36.0,143.0
YBR256C,8.0,64.0
YBR257W,54.0,21.0
YBR258C,33.0,72.0
YBR259W,46.0,63.0
YBR260C,9.0,132.0
YBR261C,37.0,128.0
YBR262C,44.0,99.0
YBR263W,40.0,53.0
YBR264C,25.0,37.0
YBR265W,23.0,133.0
YBR266C,,
YBR267W,17.0,120.0
YBR268W,4.0,97.0
YBR269C,21.0,156.0
YBR270C,272.0,38.0
YBR271W,26.0,98.0
YBR272C,7.0,189.0
YBR273C,31.0,98.0
YBR274W,50.0,39.0
YBR275C,,
YBR276C,95.0,70.0
YBR277C,,
YBR278W,18.0,84.0
YBR279W,28.0,147.0
YBR280C,23.0,183.0
YBR281C,49.0,130.0
YBR282W,38.0,88.0
YBR283C,144.0,145.0
YBR284W,12.0,168.0
YBR285W,20.0,141.0
YBR286W,30.0,66.0
YBR287W,33.0,111.0
YBR288C,28.0,90.0
YBR289W,14.0,52.0
YBR290W,7.0,103.0
YBR291C,37.0,46.0
YBR292C,,
YBR293W,353.0,52.0
YBR294W,,
YBR295W,16.0,21.0
YBR296C,66.0,240.0
YBR296C-A,,
YBR297W,39.0,242.0
YBR298C,426.0,93.0
YBR298C-A,,
YBR299W,28.0,129.0
YBR300C,270.0,284.0
YBR301W,413.0,49.0
YBR302C,,
YCL001W,26.0,81.0
YCL001W-A,287.0,737.0
YCL001W-B,977.0,254.0
YCL002C,25.0,153.0
YCL004W,78.0,77.0
YCL005W,46.0,131.0
YCL005W-A,25.0,102.0
YCL007C,346.0,81.0
YCL008C,4.0,132.0
YCL009C,15.0,148.0
YCL010C,20.0,1606.0
YCL011C,44.0,110.0
YCL012C,34.0,127.0
YCL014W,,
YCL016C,29.0,137.0
YCL017C,94.0,141.0
YCL018W,28.0,76.0
YCL021W-A,90.0,100.0
YCL022C,,
YCL023C,,
YCL024W,82.0,106.0
YCL025C,31.0,82.0
YCL026C-A,77.0,214.0
YCL026C-B,35.0,62.0
YCL027W,145.0,105.0
YCL028W,32.0,129.0
YCL029C,50.0,246.0
YCL030C,60.0,135.0
YCL031C,33.0,102.0
YCL032W,30.0,100.0
YCL033C,11.0,71.0
YCL034W,56.0,72.0
YCL035C,64.0,94.0
YCL036W,0.0,96.0
YCL037C,67.0,577.0
YCL038C,56.0,78.0
YCL039W,20.0,42.0
YCL040W,29.0,178.0
YCL041C,,
YCL042W,189.0,1575.0
YCL043C,37.0,96.0
YCL044C,77.0,169.0
YCL045C,40.0,61.0
YCL046W,1.0,67.0
YCL047C,3.0,70.0
YCL048W,55.0,93.0
YCL048W-A,,
YCL049C,55.0,115.0
YCL050C,62.0,114.0
YCL051W,280.0,112.0
YCL052C,33.0,170.0
YCL054W,17.0,104.0
YCL054W-A,194.0,226.0
YCL055W,9.0,83.0
YCL056C,2.0,11.0
YCL057C-A,47.0,134.0
YCL057W,3.0,106.0
YCL058C,,
YCL058W-A,22.0,65.0
YCL059C,25.0,106.0
YCL061C,66.0,167.0
YCL063W,40.0,153.0
YCL064C,19.0,94.0
YCL065W,,
YCL066W,,
YCL067C,,
YCL068C,,
YCL069W,,
YCL073C,,
YCL076W,,
YCR001W,,
YCR002C,55.0,65.0
YCR003W,22.0,105.0
YCR004C,182.0,185.0
YCR005C,57.0,152.0
YCR006C,389.0,1689.0
YCR007C,494.0,80.0
YCR008W,443.0,269.0
YCR009C,56.0,102.0
YCR010C,112.0,182.0
YCR011C,151.0,57.0
YCR012W,40.0,158.0
YCR013C,3497.0,684.0
YCR014C,1613.0,1467.0
YCR015C,24.0,81.0
YCR016W,26.0,169.0
YCR017C,29.0,190.0
YCR018C,,
YCR018C-A,,
YCR019W,148.0,114.0
YCR020C,455.0,77.0
YCR020C-A,18.0,163.0
YCR020W-B,32.0,486.0
YCR021C,113.0,179.0
YCR022C,264.0,280.0
YCR023C,77.0,241.0
YCR024C,19.0,142.0
YCR024C-A,149.0,536.0
YCR024C-B,351.0,190.0
YCR025C,622.0,24.0
YCR026C,74.0,215.0
YCR027C,175.0,638.0
YCR028C,118.0,258.0
YCR028C-A,61.0,192.0
YCR030C,85.0,173.0
YCR031C,21.0,101.0
YCR032W,,
YCR033W,,
YCR034W,26.0,168.0
YCR035C,18.0,145.0
YCR036W,4.0,83.0
YCR037C,34.0,97.0
YCR038C,1698.0,271.0
YCR038W-A,,
YCR039C,1069.0,2196.0
YCR040W,,
YCR041W,,
YCR042C,,
YCR043C,33.0,166.0
YCR044C,7.0,87.0
YCR045C,162.0,62.0
YCR045W-A,617.0,687.0
YCR046C,6.0,104.0
YCR047C,66.0,201.0
YCR047W-A,,
YCR048W,25.0,195.0
YCR049C,,
YCR050C,100.0,77.0
YCR051W,24.0,132.0
YCR052W,33.0,210.0
YCR053W,41.0,77.0
YCR054C,50.0,180.0
YCR057C,62.0,113.0
YCR059C,14.0,181.0
YCR060W,25.0,123.0
YCR061W,25.0,358.0
YCR063W,22.0,481.0
YCR064C,4.0,4.0
YCR065W,183.0,326.0
YCR066W,50.0,165.0
YCR067C,119.0,76.0
YCR068W,122.0,1356.0
YCR069W,147.0,121.0
YCR071C,45.0,79.0
YCR072C,34.0,104.0
YCR073C,65.0,72.0
YCR073W-A,18.0,114.0
YCR075C,10.0,144.0
YCR075W-A,9.0,80.0
YCR076C,17.0,105.0
YCR077C,42.0,138.0
YCR079W,27.0,126.0
YCR081C-A,7.0,130.0
YCR081W,,
YCR082W,30.0,107.0
YCR083W,35.0,123.0
YCR084C,227.0,76.0
YCR085W,,
YCR086W,63.0,53.0
YCR087C-A,36.0,63.0
YCR087W,634.0,530.0
YCR088W,46.0,133.0
YCR089W,,
YCR090C,37.0,70.0
YCR091W,63.0,458.0
YCR092C,36.0,155.0
YCR093W,,
YCR094W,63.0,274.0
YCR095C,38.0,56.0
YCR095W-A,161.0,1407.0
YCR096C,,
YCR097W,12.0,25.0
YCR097W-A,,
YCR098C,59.0,258.0
YCR099C,505.0,263.0
YCR100C,796.0,705.0
YCR101C,4.0,1916.0
YCR102C,70.0,271.0
YCR102W-A,779.0,1379.0
YCR104W,1845.0,136.0
YCR105W,,
YCR106W,30.0,1850.0
YCR107W,864.0,258.0
YCR108C,,
YDL001W,78.0,116.0
YDL002C,85.0,285.0
YDL003W,127.0,115.0
YDL004W,43.0,198.0
YDL005C,24.0,209.0
YDL006W,140.0,116.0
YDL007C-A,,
YDL007W,33.0,73.0
YDL008W,30.0,114.0
YDL009C,91.0,28.0
YDL010W,28.0,258.0
YDL011C,,
YDL012C,17.0,151.0
YDL013W,135.0,114.0
YDL014W,143.0,165.0
YDL015C,53.0,244.0
YDL016C,,
YDL017W,34.0,128.0
YDL018C,60.0,89.0
YDL019C,213.0,90.0
YDL020C,244.0,143.0
YDL021W,24.0,75.0
YDL022C-A,,
YDL022W,65.0,156.0
YDL023C,1038.0,70.0
YDL024C,11.0,252.0
YDL025C,196.0,107.0
YDL025W-A,120.0,1892.0
YDL026W,252.0,177.0
YDL027C,46.0,93.0
YDL028C,176.0,154.0
YDL029W,20.0,127.0
YDL030W,79.0,91.0
YDL031W,52.0,76.0
YDL032W,91.0,260.0
YDL033C,39.0,253.0
YDL034W,,
YDL035C,284.0,131.0
YDL036C,9.0,145.0
YDL037C,187.0,2730.0
YDL039C,1693.0,114.0
YDL040C,30.0,112.0
YDL041W,34.0,420.0
YDL042C,56.0,120.0
YDL043C,38.0,310.0
YDL044C,25.0,76.0
YDL045C,110.0,127.0
YDL045W-A,24.0,121.0
YDL046W,40.0,277.0
YDL047W,143.0,64.0
YDL048C,50.0,86.0
YDL049C,99.0,266.0
YDL050C,,
YDL051W,23.0,97.0
YDL052C,52.0,77.0
YDL053C,198.0,190.0
YDL054C,89.0,79.0
YDL055C,149.0,147.0
YDL056W,71.0,61.0
YDL057W,35.0,41.0
YDL058W,,
YDL059C,108.0,260.0
YDL060W,,
YDL061C,32.0,167.0
YDL062W,,
YDL063C,87.0,144.0
YDL064W,40.0,100.0
YDL065C,19.0,24.0
YDL066W,17.0,141.0
YDL067C,46.0,234.0
YDL068W,13.0,240.0
YDL069C,133.0,123.0
YDL070W,23.0,157.0
YDL071C,3402.0,918.0
YDL072C,63.0,88.0
YDL073W,186.0,56.0
YDL074C,72.0,109.0
YDL075W,31.0,67.0
YDL076C,147.0,227.0
YDL077C,148.0,65.0
YDL078C,72.0,84.0
YDL079C,36.0,128.0
YDL080C,185.0,168.0
YDL081C,66.0,108.0
YDL082W,29.0,136.0
YDL083C,18.0,130.0
YDL084W,168.0,87.0
YDL085C-A,59.0,245.0
YDL085W,89.0,83.0
YDL086C-A,129.0,256.0
YDL086W,5.0,59.0
YDL087C,13.0,160.0
YDL088C,128.0,154.0
YDL089W,293.0,72.0
YDL090C,7.0,131.0
YDL091C,88.0,102.0
YDL092W,23.0,146.0
YDL093W,48.0,268.0
YDL094C,2112.0,114.0
YDL095W,30.0,77.0
YDL096C,34.0,1698.0
YDL097C,32.0,98.0
YDL098C,10.0,138.0
YDL099W,54.0,81.0
YDL100C,36.0,81.0
YDL101C,13.0,128.0
YDL102W,81.0,109.0
YDL103C,73.0,93.0
YDL104C,19.0,84.0
YDL105W,44.0,159.0
YDL106C,12.0,267.0
YDL107W,27.0,152.0
YDL108W,32.0,86.0
YDL109C,352.0,287.0
YDL110C,57.0,184.0
YDL111C,67.0,63.0
YDL112W,41.0,111.0
YDL113C,63.0,120.0
YDL114W,183.0,108.0
YDL114W-A,764.0,222.0
YDL115C,42.0,92.0
YDL116W,41.0,66.0
YDL117W,12.0,151.0
YDL118W,,
YDL119C,52.0,156.0
YDL120W,76.0,154.0
YDL121C,19.0,200.0
YDL122W,215.0,81.0
YDL123W,44.0,488.0
YDL124W,45.0,72.0
YDL125C,210.0,117.0
YDL126C,44.0,91.0
YDL127W,35.0,167.0
YDL128W,61.0,173.0
YDL129W,150.0,440.0
YDL130W,17.0,93.0
YDL130W-A,19.0,162.0
YDL131W,36.0,102.0
YDL132W,,
YDL133C-A,18.0,201.0
YDL133W,135.0,99.0
YDL134C,471.0,82.0
YDL135C,45.0,278.0
YDL136W,33.0,75.0
YDL137W,102.0,130.0
YDL138W,234.0,144.0
YDL139C,19.0,103.0
YDL140C,,
YDL141W,187.0,263.0
YDL142C,63.0,127.0
YDL143W,35.0,98.0
YDL144C,17.0,92.0
YDL145C,255.0,182.0
YDL146W,191.0,22.0
YDL147W,59.0,146.0
YDL148C,30.0,281.0
YDL149W,45.0,97.0
YDL150W,136.0,125.0
YDL151C,,
YDL152W,,
YDL153C,26.0,141.0
YDL154W,654.0,97.0
YDL155W,130.0,131.0
YDL156W,94.0,988.0
YDL157C,35.0,205.0
YDL158C,449.0,6.0
YDL159C-B,,
YDL159W,46.0,122.0
YDL159W-A,,
YDL160C,284.0,442.0
YDL160C-A,28.0,197.0
YDL161W,16.0,108.0
YDL162C,,
YDL163W,,
YDL164C,51.0,162.0
YDL165W,49.0,35.0
YDL166C,54.0,75.0
YDL167C,56.0,179.0
YDL168W,42.0,52.0
YDL169C,20.0,73.0
YDL170W,0.0,153.0
YDL171C,,
YDL172C,14.0,2040.0
YDL173W,,
YDL174C,30.0,92.0
YDL175C,27.0,218.0
YDL176W,137.0,115.0
YDL177C,64.0,96.0
YDL178W,25.0,63.0
YDL179W,95.0,152.0
YDL180W,132.0,63.0
YDL181W,80.0,109.0
YDL182W,38.0,88.0
YDL183C,74.0,56.0
YDL184C,22.0,210.0
YDL185C-A,,
YDL185W,98.0,105.0
YDL186W,153.0,69.0
YDL187C,662.0,151.0
YDL188C,182.0,154.0
YDL189W,91.0,106.0
YDL190C,193.0,208.0
YDL191W,22.0,99.0
YDL192W,43.0,59.0
YDL193W,107.0,200.0
YDL194W,,
YDL195W,119.0,127.0
YDL196W,,
YDL197C,14.0,94.0
YDL198C,28.0,122.0
YDL199C,55.0,84.0
YDL200C,4.0,72.0
YDL201W,76.0,83.0
YDL202W,53.0,91.0
YDL203C,177.0,196.0
YDL204W,498.0,179.0
YDL205C,155.0,166.0
YDL206W,149.0,19.0
YDL207W,38.0,80.0
YDL208W,37.0,127.0
YDL209C,22.0,196.0
YDL210W,,
YDL211C,69.0,118.0
YDL212W,22.0,145.0
YDL213C,9.0,73.0
YDL214C,167.0,111.0
YDL215C,46.0,154.0
YDL216C,10.0,404.0
YDL217C,135.0,103.0
YDL218W,345.0,237.0
YDL219W,26.0,277.0
YDL220C,20.0,356.0
YDL221W,875.0,625.0
YDL222C,912.0,410.0
YDL223C,,
YDL224C,364.0,146.0
YDL225W,50.0,88.0
YDL226C,23.0,230.0
YDL227C,33.0,58.0
YDL228C,,
YDL229W,30.0,102.0
YDL230W,26.0,61.0
YDL231C,21.0,71.0
YDL232W,19.0,288.0
YDL233W,22.0,167.0
YDL234C,143.0,58.0
YDL235C,114.0,143.0
YDL236W,15.0,140.0
YDL237W,23.0,79.0
YDL238C,28.0,66.0
YDL239C,693.0,44.0
YDL240C-A,,
YDL240W,166.0,243.0
YDL241W,80.0,329.0
YDL242W,,
YDL243C,722.0,110.0
YDL244W,,
YDL245C,,
YDL246C,,
YDL247W,,
YDL247W-A,,
YDL248W,7.0,616.0
YDR001C,190.0,111.0
YDR002W,29.0,180.0
YDR003W,45.0,307.0
YDR003W-A,705.0,157.0
YDR004W,1127.0,188.0
YDR005C,108.0,167.0
YDR006C,106.0,106.0
YDR007W,10.0,39.0
YDR008C,,
YDR009W,71.0,87.0
YDR010C,355.0,38.0
YDR011W,249.0,175.0
YDR012W,32.0,77.0
YDR013W,16.0,89.0
YDR014W,51.0,220.0
YDR014W-A,20.0,172.0
YDR015C,,
YDR016C,36.0,122.0
YDR017C,14.0,173.0
YDR018C,29.0,163.0
YDR019C,29.0,315.0
YDR020C,103.0,416.0
YDR021W,11.0,58.0
YDR022C,28.0,96.0
YDR023W,22.0,133.0
YDR024W,1531.0,919.0
YDR025W,14.0,89.0
YDR026C,143.0,79.0
YDR027C,123.0,68.0
YDR028C,489.0,278.0
YDR029W,,
YDR030C,8.0,140.0
YDR031W,7.0,148.0
YDR032C,69.0,153.0
YDR033W,246.0,482.0
YDR034C,139.0,73.0
YDR034C-A,,
YDR034W-B,30.0,298.0
YDR035W,21.0,230.0
YDR036C,10.0,139.0
YDR037W,21.0,66.0
YDR038C,,
YDR039C,,
YDR040C,,
YDR041W,8.0,161.0
YDR042C,58.0,101.0
YDR043C,204.0,115.0
YDR044W,43.0,137.0
YDR045C,155.0,220.0
YDR046C,90.0,82.0
YDR047W,124.0,76.0
YDR048C,2251.0,2417.0
YDR049W,37.0,158.0
YDR050C,30.0,77.0
YDR051C,46.0,60.0
YDR052C,154.0,241.0
YDR053W,,
YDR054C,174.0,467.0
YDR055W,61.0,167.0
YDR056C,58.0,104.0
YDR057W,25.0,186.0
YDR058C,38.0,132.0
YDR059C,46.0,110.0
YDR060W,41.0,88.0
YDR061W,55.0,110.0
YDR062W,367.0,271.0
YDR063W,68.0,70.0
YDR064W,21.0,107.0
YDR065W,37.0,584.0
YDR066C,89.0,104.0
YDR067C,54.0,100.0
YDR068W,40.0,92.0
YDR069C,47.0,301.0
YDR070C,60.0,153.0
YDR071C,63.0,81.0
YDR072C,126.0,94.0
YDR073W,84.0,252.0
YDR074W,94.0,238.0
YDR075W,174.0,159.0
YDR076W,55.0,1123.0
YDR077W,31.0,330.0
YDR078C,17.0,99.0
YDR079C-A,33.0,212.0
YDR079W,31.0,211.0
YDR080W,32.0,56.0
YDR081C,87.0,35.0
YDR082W,92.0,138.0
YDR083W,22.0,90.0
YDR084C,34.0,201.0
YDR085C,191.0,35.0
YDR086C,93.0,201.0
YDR087C,29.0,93.0
YDR088C,209.0,187.0
YDR089W,43.0,92.0
YDR090C,114.0,337.0
YDR091C,72.0,342.0
YDR092W,24.0,94.0
YDR093W,,
YDR094W,822.0,5.0
YDR095C,,
YDR096W,89.0,214.0
YDR097C,93.0,61.0
YDR098C,38.0,49.0
YDR099W,66.0,227.0
YDR100W,40.0,126.0
YDR101C,22.0,119.0
YDR102C,,
YDR103W,611.0,46.0
YDR104C,49.0,36.0
YDR105C,51.0,86.0
YDR106W,22.0,47.0
YDR107C,15.0,140.0
YDR108W,36.0,87.0
YDR109C,0.0,160.0
YDR110W,38.0,183.0
YDR111C,221.0,151.0
YDR112W,,
YDR113C,85.0,74.0
YDR114C,1669.0,1938.0
YDR115W,40.0,114.0
YDR116C,25.0,119.0
YDR117C,38.0,45.0
YDR118W,38.0,126.0
YDR118W-A,271.0,277.0
YDR119W,95.0,55.0
YDR119W-A,39.0,245.0
YDR120C,0.0,210.0
YDR121W,120.0,108.0
YDR122W,307.0,138.0
YDR123C,76.0,616.0
YDR124W,94.0,380.0
YDR125C,86.0,1243.0
YDR126W,5.0,262.0
YDR127W,23.0,70.0
YDR128W,15.0,136.0
YDR129C,46.0,146.0
YDR130C,28.0,270.0
YDR131C,77.0,74.0
YDR132C,75.0,117.0
YDR133C,236.0,174.0
YDR135C,70.0,94.0
YDR136C,,
YDR137W,100.0,137.0
YDR138W,12.0,54.0
YDR139C,51.0,174.0
YDR140W,14.0,104.0
YDR141C,,
YDR142C,177.0,126.0
YDR143C,146.0,194.0
YDR144C,140.0,83.0
YDR145W,87.0,199.0
YDR146C,167.0,66.0
YDR147W,448.0,37.0
YDR148C,77.0,284.0
YDR149C,,
YDR150W,,
YDR151C,167.0,118.0
YDR152W,18.0,38.0
YDR153C,133.0,119.0
YDR154C,284.0,12.0
YDR155C,37.0,107.0
YDR156W,34.0,93.0
YDR157W,438.0,21.0
YDR158W,35.0,114.0
YDR159W,90.0,41.0
YDR160W,,
YDR161W,41.0,82.0
YDR162C,119.0,211.0
YDR163W,55.0,105.0
YDR164C,42.0,111.0
YDR165W,42.0,82.0
YDR166C,49.0,100.0
YDR167W,32.0,100.0
YDR168W,40.0,77.0
YDR169C,366.0,397.0
YDR169C-A,198.0,2621.0
YDR170C,,
YDR171W,86.0,84.0
YDR172W,44.0,176.0
YDR173C,63.0,140.0
YDR174W,23.0,172.0
YDR175C,47.0,116.0
YDR176W,35.0,33.0
YDR177W,98.0,111.0
YDR178W,102.0,196.0
YDR179C,35.0,123.0
YDR179W-A,61.0,46.0
YDR180W,143.0,51.0
YDR181C,1.0,186.0
YDR182W,53.0,117.0
YDR182W-A,11.0,279.0
YDR183C-A,888.0,6.0
YDR183W,41.0,195.0
YDR184C,29.0,238.0
YDR185C,103.0,126.0
YDR186C,84.0,122.0
YDR187C,,
YDR188W,61.0,163.0
YDR189W,42.0,114.0
YDR190C,46.0,77.0
YDR191W,44.0,109.0
YDR192C,45.0,92.0
YDR193W,775.0,189.0
YDR194C,23.0,155.0
YDR194W-A,,
YDR195W,239.0,84.0
YDR196C,0.0,91.0
YDR197W,33.0,129.0
YDR198C,16.0,36.0
YDR199W,19.0,22.0
YDR200C,65.0,136.0
YDR201W,0.0,117.0
YDR202C,31.0,36.0
YDR203W,1.0,1277.0
YDR204W,12.0,86.0
YDR205W,10.0,100.0
YDR206W,335.0,104.0
YDR207C,69.0,94.0
YDR208W,124.0,134.0
YDR209C,,
YDR210W,8.0,183.0
YDR211W,51.0,152.0
YDR212W,65.0,88.0
YDR213W,214.0,40.0
YDR214W,116.0,97.0
YDR215C,121.0,1482.0
YDR216W,499.0,282.0
YDR217C,41.0,45.0
YDR218C,,
YDR219C,204.0,200.0
YDR220C,,
YDR221W,13.0,531.0
YDR222W,36.0,151.0
YDR223W,116.0,354.0
YDR224C,34.0,127.0
YDR225W,75.0,159.0
YDR226W,23.0,127.0
YDR227W,127.0,166.0
YDR228C,91.0,66.0
YDR229W,101.0,54.0
YDR230W,,
YDR231C,16.0,171.0
YDR232W,251.0,181.0
YDR233C,59.0,146.0
YDR234W,52.0,102.0
YDR235W,0.0,83.0
YDR236C,25.0,109.0
YDR237W,142.0,126.0
YDR238C,29.0,196.0
YDR239C,25.0,80.0
YDR240C,20.0,59.0
YDR241W,1621.0,372.0
YDR242W,96.0,95.0
YDR243C,29.0,19.0
YDR244W,25.0,111.0
YDR245W,84.0,147.0
YDR246W,35.0,150.0
YDR246W-A,,
YDR247W,229.0,390.0
YDR248C,58.0,87.0
YDR249C,58.0,116.0
YDR250C,166.0,128.0
YDR251W,306.0,135.0
YDR252W,8.0,665.0
YDR253C,203.0,80.0
YDR254W,72.0,31.0
YDR255C,45.0,958.0
YDR256C,42.0,180.0
YDR257C,4.0,315.0
YDR258C,29.0,106.0
YDR259C,221.0,144.0
YDR260C,40.0,373.0
YDR261C,35.0,114.0
YDR262W,11.0,196.0
YDR263C,99.0,101.0
YDR264C,26.0,274.0
YDR265W,44.0,187.0
YDR266C,216.0,134.0
YDR267C,71.0,146.0
YDR268W,51.0,103.0
YDR269C,,
YDR270W,79.0,78.0
YDR271C,27.0,417.0
YDR272W,57.0,43.0
YDR273W,1223.0,33.0
YDR274C,911.0,346.0
YDR275W,673.0,285.0
YDR276C,75.0,192.0
YDR277C,158.0,191.0
YDR278C,,
YDR279W,67.0,27.0
YDR280W,108.0,104.0
YDR281C,31.0,176.0
YDR282C,7.0,192.0
YDR283C,,
YDR284C,281.0,87.0
YDR285W,525.0,186.0
YDR286C,6.0,86.0
YDR287W,32.0,86.0
YDR288W,33.0,163.0
YDR289C,26.0,68.0
YDR290W,,
YDR291W,38.0,290.0
YDR292C,132.0,79.0
YDR293C,106.0,327.0
YDR294C,33.0,45.0
YDR295C,263.0,81.0
YDR296W,53.0,87.0
YDR297W,36.0,163.0
YDR298C,118.0,177.0
YDR299W,52.0,77.0
YDR300C,52.0,110.0
YDR301W,70.0,131.0
YDR302W,43.0,73.0
YDR303C,292.0,107.0
YDR304C,30.0,72.0
YDR305C,2.0,65.0
YDR306C,52.0,95.0
YDR307W,59.0,136.0
YDR308C,41.0,108.0
YDR309C,50.0,17.0
YDR310C,278.0,195.0
YDR311W,25.0,102.0
YDR312W,32.0,99.0
YDR313C,19.0,178.0
YDR314C,94.0,107.0
YDR315C,47.0,135.0
YDR316W,14.0,79.0
YDR317W,51.0,81.0
YDR318W,16.0,138.0
YDR319C,79.0,74.0
YDR320C,25.0,91.0
YDR320C-A,0.0,79.0
YDR320W-B,228.0,1336.0
YDR321W,31.0,105.0
YDR322C-A,18.0,206.0
YDR322W,26.0,94.0
YDR323C,30.0,147.0
YDR324C,11.0,191.0
YDR325W,262.0,307.0
YDR326C,192.0,145.0
YDR327W,,
YDR328C,67.0,193.0
YDR329C,22.0,73.0
YDR330W,59.0,207.0
YDR331W,21.0,134.0
YDR332W,25.0,79.0
YDR333C,37.0,216.0
YDR334W,,
YDR335W,357.0,90.0
YDR336W,7.0,61.0
YDR337W,49.0,52.0
YDR338C,59.0,134.0
YDR339C,24.0,79.0
YDR340W,,
YDR341C,21.0,88.0
YDR342C,86.0,142.0
YDR343C,86.0,160.0
YDR344C,,
YDR345C,32.0,144.0
YDR346C,157.0,315.0
YDR347W,64.0,117.0
YDR348C,199.0,174.0
YDR349C,105.0,122.0
YDR350C,28.0,75.0
YDR351W,49.0,154.0
YDR352W,178.0,237.0
YDR353W,48.0,51.0
YDR354C-A,,
YDR354W,76.0,69.0
YDR355C,,
YDR356W,27.0,274.0
YDR357C,79.0,67.0
YDR358W,52.0,161.0
YDR359C,315.0,183.0
YDR360W,1870.0,188.0
YDR361C,26.0,251.0
YDR362C,110.0,51.0
YDR363W,176.0,819.0
YDR363W-A,22.0,75.0
YDR364C,23.0,473.0
YDR365C,64.0,92.0
YDR366C,,
YDR367W,37.0,36.0
YDR368W,51.0,162.0
YDR369C,12.0,106.0
YDR370C,10.0,53.0
YDR371C-A,284.0,169.0
YDR371W,60.0,138.0
YDR372C,271.0,153.0
YDR373W,77.0,131.0
YDR374C,,
YDR374W-A,21.0,176.0
YDR375C,21.0,58.0
YDR376W,63.0,35.0
YDR377W,29.0,284.0
YDR378C,18.0,209.0
YDR379C-A,6.0,154.0
YDR379W,76.0,78.0
YDR380W,105.0,128.0
YDR381C-A,1.0,118.0
YDR381W,97.0,192.0
YDR382W,81.0,145.0
YDR383C,19.0,75.0
YDR384C,85.0,161.0
YDR385W,36.0,152.0
YDR386W,21.0,109.0
YDR387C,146.0,183.0
YDR388W,51.0,121.0
YDR389W,449.0,184.0
YDR390C,29.0,52.0
YDR391C,11.0,81.0
YDR392W,41.0,130.0
YDR393W,26.0,113.0
YDR394W,53.0,87.0
YDR395W,116.0,97.0
YDR396W,,
YDR397C,77.0,98.0
YDR398W,35.0,99.0
YDR399W,69.0,106.0
YDR400W,20.0,154.0
YDR401W,1227.0,1830.0
YDR402C,,
YDR403W,50.0,205.0
YDR404C,192.0,148.0
YDR405W,53.0,106.0
YDR406W,130.0,120.0
YDR406W-A,,
YDR407C,106.0,69.0
YDR408C,46.0,184.0
YDR409W,,
YDR410C,18.0,103.0
YDR411C,50.0,64.0
YDR412W,49.0,141.0
YDR413C,,
YDR414C,197.0,129.0
YDR415C,55.0,94.0
YDR416W,63.0,32.0
YDR417C,,
YDR418W,34.0,81.0
YDR419W,5.0,335.0
YDR420W,,
YDR421W,65.0,29.0
YDR422C,56.0,290.0
YDR423C,15.0,65.0
YDR424C,26.0,49.0
YDR425W,46.0,111.0
YDR426C,,
YDR427W,32.0,82.0
YDR428C,33.0,110.0
YDR429C,17.0,102.0
YDR430C,65.0,33.0
YDR431W,,
YDR432W,28.0,250.0
YDR433W,845.0,237.0
YDR434W,96.0,115.0
YDR435C,14.0,41.0
YDR436W,253.0,162.0
YDR437W,67.0,1668.0
YDR438W,989.0,56.0
YDR439W,233.0,108.0
YDR440W,87.0,80.0
YDR441C,149.0,244.0
YDR442W,14.0,727.0
YDR443C,59.0,332.0
YDR444W,85.0,45.0
YDR445C,,
YDR446W,269.0,178.0
YDR447C,35.0,118.0
YDR448W,11.0,103.0
YDR449C,41.0,70.0
YDR450W,21.0,115.0
YDR451C,53.0,160.0
YDR452W,150.0,165.0
YDR453C,68.0,87.0
YDR454C,16.0,103.0
YDR455C,,
YDR456W,66.0,106.0
YDR457W,,
YDR458C,34.0,174.0
YDR459C,105.0,108.0
YDR460W,112.0,100.0
YDR461C-A,22.0,168.0
YDR461W,28.0,146.0
YDR462W,54.0,123.0
YDR463W,45.0,203.0
YDR464C-A,,
YDR464W,129.0,87.0
YDR465C,43.0,184.0
YDR466W,95.0,162.0
YDR467C,885.0,783.0
YDR468C,94.0,119.0
YDR469W,40.0,67.0
YDR470C,81.0,175.0
YDR471W,25.0,117.0
YDR472W,14.0,123.0
YDR473C,54.0,86.0
YDR475C,98.0,111.0
YDR476C,18.0,202.0
YDR477W,294.0,137.0
YDR478W,40.0,71.0
YDR479C,48.0,90.0
YDR480W,,
YDR481C,55.0,57.0
YDR482C,14.0,104.0
YDR483W,26.0,112.0
YDR484W,42.0,105.0
YDR485C,21.0,133.0
YDR486C,9.0,144.0
YDR487C,58.0,104.0
YDR488C,11.0,929.0
YDR489W,9.0,80.0
YDR490C,85.0,83.0
YDR491C,,
YDR492W,154.0,69.0
YDR493W,101.0,102.0
YDR494W,33.0,77.0
YDR495C,45.0,151.0
YDR496C,28.0,74.0
YDR497C,75.0,109.0
YDR498C,35.0,50.0
YDR499W,7.0,120.0
YDR500C,21.0,87.0
YDR501W,117.0,231.0
YDR502C,48.0,293.0
YDR503C,83.0,212.0
YDR504C,474.0,168.0
YDR505C,155.0,610.0
YDR506C,39.0,424.0
YDR507C,38.0,182.0
YDR508C,44.0,17.0
YDR509W,,
YDR510C-A,988.0,3259.0
YDR510W,85.0,142.0
YDR511W,13.0,83.0
YDR512C,131.0,83.0
YDR513W,22.0,82.0
YDR514C,61.0,81.0
YDR515W,227.0,96.0
YDR516C,52.0,118.0
YDR517W,64.0,103.0
YDR518W,25.0,50.0
YDR519W,8.0,213.0
YDR520C,82.0,104.0
YDR521W,,
YDR522C,,
YDR523C,225.0,52.0
YDR524C,67.0,309.0
YDR524C-A,386.0,340.0
YDR524C-B,45.0,322.0
YDR524W-C,65.0,121.0
YDR525W,,
YDR525W-A,28.0,227.0
YDR526C,1534.0,177.0
YDR527W,31.0,78.0
YDR528W,318.0,104.0
YDR529C,31.0,190.0
YDR530C,4.0,63.0
YDR531W,45.0,82.0
YDR532C,6.0,62.0
YDR533C,21.0,251.0
YDR534C,22.0,228.0
YDR535C,265.0,1649.0
YDR536W,28.0,146.0
YDR537C,247.0,971.0
YDR538W,61.0,236.0
YDR539W,32.0,60.0
YDR540C,122.0,335.0
YDR541C,183.0,227.0
YDR542W,,
YDR543C,,
YDR544C,,
YDR545C-A,,
YDR545W,,
YIL001W,74.0,59.0
YIL002C,152.0,82.0
YIL002W-A,28.0,90.0
YIL003W,46.0,109.0
YIL004C,362.0,66.0
YIL005W,133.0,185.0
YIL006W,206.0,242.0
YIL007C,44.0,95.0
YIL008W,46.0,130.0
YIL009C-A,12.0,41.0
YIL009W,8.0,235.0
YIL010W,39.0,179.0
YIL011W,32.0,106.0
YIL012W,327.0,285.0
YIL013C,,
YIL014C-A,79.0,207.0
YIL014W,174.0,103.0
YIL015W,198.0,76.0
YIL016W,25.0,55.0
YIL017C,70.0,117.0
YIL018W,24.0,87.0
YIL019W,20.0,173.0
YIL020C,21.0,137.0
YIL020C-A,,
YIL021C-A,,
YIL021W,62.0,135.0
YIL022W,109.0,257.0
YIL023C,15.0,122.0
YIL024C,401.0,111.0
YIL025C,,
YIL026C,55.0,146.0
YIL027C,58.0,89.0
YIL028W,534.0,866.0
YIL029C,105.0,389.0
YIL029W-A,,
YIL030C,57.0,79.0
YIL030W-A,278.0,21.0
YIL031W,170.0,158.0
YIL032C,,
YIL033C,108.0,179.0
YIL034C,6.0,72.0
YIL035C,100.0,351.0
YIL036W,150.0,176.0
YIL037C,34.0,116.0
YIL038C,238.0,176.0
YIL039W,29.0,99.0
YIL040W,9.0,94.0
YIL041W,22.0,85.0
YIL042C,38.0,110.0
YIL043C,20.0,98.0
YIL044C,26.0,171.0
YIL045W,94.0,39.0
YIL046W,45.0,113.0
YIL046W-A,193.0,68.0
YIL047C,15.0,196.0
YIL047C-A,950.0,194.0
YIL048W,248.0,125.0
YIL049W,6.0,69.0
YIL050W,114.0,136.0
YIL051C,29.0,116.0
YIL052C,31.0,48.0
YIL053W,28.0,135.0
YIL054W,1130.0,164.0
YIL055C,841.0,78.0
YIL056W,114.0,56.0
YIL057C,71.0,101.0
YIL058W,,
YIL059C,548.0,566.0
YIL060W,,
YIL061C,19.0,42.0
YIL062C,27.0,147.0
YIL063C,45.0,41.0
YIL064W,51.0,91.0
YIL065C,39.0,70.0
YIL066C,1024.0,144.0
YIL066W-A,80.0,47.0
YIL067C,59.0,83.0
YIL068C,59.0,100.0
YIL068W-A,38.0,62.0
YIL069C,45.0,187.0
YIL070C,55.0,106.0
YIL071C,30.0,256.0
YIL071W-A,1237.0,57.0
YIL072W,,
YIL073C,,
YIL074C,121.0,53.0
YIL075C,62.0,105.0
YIL076W,12.0,163.0
YIL077C,17.0,133.0
YIL078W,48.0,73.0
YIL079C,30.0,124.0
YIL082W,,
YIL083C,105.0,96.0
YIL084C,42.0,1841.0
YIL085C,47.0,55.0
YIL086C,38.0,598.0
YIL087C,74.0,92.0
YIL088C,73.0,72.0
YIL089W,86.0,55.0
YIL090W,138.0,327.0
YIL091C,31.0,54.0
YIL092W,78.0,97.0
YIL093C,75.0,118.0
YIL094C,23.0,81.0
YIL095W,172.0,70.0
YIL096C,27.0,97.0
YIL097W,9.0,112.0
YIL098C,43.0,94.0
YIL099W,47.0,139.0
YIL100C-A,,
YIL100W,,
YIL101C,37.0,104.0
YIL102C,,
YIL102C-A,55.0,322.0
YIL103W,50.0,73.0
YIL104C,34.0,98.0
YIL105C,141.0,38.0
YIL105W-A,1353.0,677.0
YIL106W,16.0,103.0
YIL107C,168.0,9.0
YIL108W,24.0,83.0
YIL109C,87.0,115.0
YIL110W,31.0,164.0
YIL111W,23.0,34.0
YIL112W,44.0,130.0
YIL113W,37.0,106.0
YIL114C,31.0,165.0
YIL115C,180.0,57.0
YIL115W-A,,
YIL116W,34.0,24.0
YIL117C,107.0,120.0
YIL118W,114.0,155.0
YIL119C,201.0,307.0
YIL120W,196.0,107.0
YIL121W,4.0,170.0
YIL122W,302.0,156.0
YIL123W,222.0,337.0
YIL124W,31.0,100.0
YIL125W,275.0,203.0
YIL126W,82.0,134.0
YIL127C,24.0,87.0
YIL128W,76.0,134.0
YIL129C,,
YIL130W,,
YIL131C,57.0,150.0
YIL132C,11.0,395.0
YIL133C,18.0,87.0
YIL134C-A,434.0,1612.0
YIL134W,24.0,67.0
YIL135C,58.0,155.0
YIL136W,12.0,99.0
YIL137C,49.0,82.0
YIL138C,10.0,351.0
YIL139C,21.0,122.0
YIL140W,103.0,124.0
YIL141W,,
YIL142C-A,1303.0,169.0
YIL142W,27.0,52.0
YIL143C,34.0,254.0
YIL144W,80.0,205.0
YIL145C,9.0,326.0
YIL146C,356.0,215.0
YIL147C,216.0,287.0
YIL148W,26.0,65.0
YIL149C,,
YIL150C,31.0,53.0
YIL151C,174.0,43.0
YIL152W,13.0,25.0
YIL153W,21.0,55.0
YIL154C,25.0,71.0
YIL155C,33.0,341.0
YIL156W,20.0,116.0
YIL156W-A,,
YIL156W-B,13.0,98.0
YIL157C,4.0,208.0
YIL158W,11.0,85.0
YIL159W,24.0,59.0
YIL160C,34.0,105.0
YIL161W,20.0,39.0
YIL162W,39.0,220.0
YIL163C,29.0,1786.0
YIL164C,78.0,489.0
YIL165C,525.0,174.0
YIL166C,416.0,94.0
YIL169C,40.0,276.0
YIL171W-A,,
YIL172C,,
YIL173W,,
YIL176C,,
YIL177C,,
YIL177W-A,,
YIR001C,65.0,329.0
YIR002C,91.0,117.0
YIR003W,13.0,70.0
YIR004W,53.0,116.0
YIR005W,45.0,78.0
YIR006C,37.0,87.0
YIR007W,7.0,108.0
YIR008C,59.0,85.0
YIR009W,78.0,450.0
YIR010W,68.0,107.0
YIR011C,16.0,110.0
YIR012W,25.0,97.0
YIR013C,457.0,222.0
YIR014W,24.0,12.0
YIR015W,24.0,1119.0
YIR016W,704.0,76.0
YIR017C,10.0,213.0
YIR017W-A,,
YIR018C-A,784.0,219.0
YIR018W,21.0,55.0
YIR019C,,
YIR020C,1018.0,574.0
YIR020C-B,,
YIR020W-A,,
YIR021W,36.0,60.0
YIR021W-A,1268.0,604.0
YIR022W,17.0,105.0
YIR023C-A,,
YIR023W,18.0,110.0
YIR024C,41.0,69.0
YIR025W,27.0,127.0
YIR026C,54.0,96.0
YIR027C,264.0,112.0
YIR028W,,
YIR029W,92.0,46.0
YIR030C,20.0,54.0
YIR030W-A,,
YIR031C,121.0,65.0
YIR032C,62.0,71.0
YIR033W,37.0,64.0
YIR034C,35.0,70.0
YIR035C,20.0,70.0
YIR036C,26.0,68.0
YIR036W-A,,
YIR037W,61.0,147.0
YIR038C,24.0,122.0
YIR039C,3.0,144.0
YIR040C,,
YIR041W,1418.0,133.0
YIR042C,65.0,430.0
YEL001C,39.0,102.0
YEL002C,50.0,89.0
YEL003W,9.0,138.0
YEL004W,24.0,112.0
YEL005C,36.0,73.0
YEL006W,57.0,372.0
YEL007W,,
YEL008C-A,179.0,416.0
YEL008W,112.0,369.0
YEL009C,571.0,95.0
YEL009C-A,,
YEL010W,,
YEL011W,31.0,85.0
YEL012W,95.0,109.0
YEL013W,237.0,449.0
YEL014C,,
YEL015W,33.0,54.0
YEL016C,183.0,92.0
YEL017C-A,30.0,467.0
YEL017W,52.0,91.0
YEL018C-A,342.0,3540.0
YEL018W,4.0,82.0
YEL019C,10.0,155.0
YEL020C,2031.0,702.0
YEL020C-B,206.0,135.0
YEL020W-A,51.0,92.0
YEL021W,33.0,53.0
YEL022W,65.0,74.0
YEL023C,560.0,126.0
YEL024W,101.0,400.0
YEL025C,13.0,243.0
YEL026W,90.0,71.0
YEL027W,63.0,253.0
YEL028W,594.0,59.0
YEL029C,65.0,364.0
YEL030C-A,,
YEL030W,453.0,370.0
YEL031W,31.0,93.0
YEL032C-A,,
YEL032W,84.0,183.0
YEL033W,1493.0,1702.0
YEL034C-A,53.0,173.0
YEL034W,53.0,32.0
YEL035C,33.0,369.0
YEL036C,145.0,84.0
YEL037C,159.0,156.0
YEL038W,19.0,51.0
YEL039C,89.0,87.0
YEL040W,8.0,99.0
YEL041W,119.0,644.0
YEL042W,202.0,144.0
YEL043W,37.0,95.0
YEL044W,6.0,125.0
YEL045C,,
YEL046C,102.0,586.0
YEL047C,14.0,42.0
YEL048C,21.0,541.0
YEL049W,18.0,131.0
YEL050C,51.0,171.0
YEL050W-A,54.0,67.0
YEL051W,47.0,100.0
YEL052W,35.0,66.0
YEL053C,83.0,83.0
YEL053W-A,,
YEL054C,27.0,80.0
YEL055C,55.0,72.0
YEL056W,38.0,110.0
YEL057C,77.0,106.0
YEL058W,16.0,74.0
YEL059C-A,77.0,53.0
YEL059W,190.0,2203.0
YEL060C,55.0,241.0
YEL061C,123.0,125.0
YEL062W,13.0,139.0
YEL063C,231.0,291.0
YEL064C,69.0,305.0
YEL065W,13.0,100.0
YEL066W,40.0,77.0
YEL067C,169.0,781.0
YEL068C,11.0,152.0
YEL069C,51.0,101.0
YEL070W,0.0,132.0
YEL071W,36.0,92.0
YEL072W,130.0,309.0
YEL073C,109.0,704.0
YEL074W,,
YEL075C,,
YEL075W-A,,
YEL076C,,
YEL076C-A,,
YEL077C,,
YEL077W-A,,
YER001W,49.0,104.0
YER002W,49.0,94.0
YER003C,44.0,269.0
YER004W,8.0,261.0
YER005W,54.0,111.0
YER006C-A,,
YER006W,39.0,60.0
YER007C-A,40.0,89.0
YER007W,21.0,82.0
YER008C,66.0,84.0
YER009W,34.0,164.0
YER010C,29.0,101.0
YER011W,54.0,78.0
YER012W,61.0,129.0
YER013W,18.0,90.0
YER014C-A,,
YER014W,54.0,88.0
YER015W,22.0,253.0
YER016W,20.0,113.0
YER017C,81.0,163.0
YER018C,55.0,74.0
YER019C-A,53.0,55.0
YER019W,380.0,81.0
YER020W,63.0,171.0
YER021W,31.0,126.0
YER022W,30.0,99.0
YER023C-A,214.0,613.0
YER023W,25.0,69.0
YER024W,32.0,119.0
YER025W,58.0,258.0
YER026C,65.0,129.0
YER027C,89.0,247.0
YER028C,68.0,56.0
YER029C,66.0,104.0
YER030W,13.0,120.0
YER031C,34.0,144.0
YER032W,84.0,197.0
YER033C,0.0,253.0
YER034W,35.0,208.0
YER035W,75.0,139.0
YER036C,33.0,104.0
YER037W,23.0,220.0
YER038C,10.0,754.0
YER038W-A,72.0,525.0
YER039C,95.0,185.0
YER039C-A,17.0,927.0
YER040W,82.0,262.0
YER041W,82.0,168.0
YER042W,20.0,52.0
YER043C,24.0,235.0
YER044C,39.0,125.0
YER044C-A,,
YER045C,213.0,148.0
YER046W,43.0,54.0
YER046W-A,,
YER047C,199.0,58.0
YER048C,67.0,121.0
YER048W-A,81.0,328.0
YER049W,82.0,92.0
YER050C,47.0,112.0
YER051W,16.0,103.0
YER052C,110.0,112.0
YER053C,98.0,143.0
YER053C-A,50.0,365.0
YER054C,577.0,182.0
YER055C,26.0,132.0
YER056C,87.0,121.0
YER056C-A,32.0,79.0
YER057C,43.0,84.0
YER058W,32.0,108.0
YER059W,182.0,72.0
YER060W,129.0,130.0
YER060W-A,84.0,147.0
YER061C,40.0,62.0
YER062C,10.0,192.0
YER063W,61.0,146.0
YER064C,90.0,238.0
YER065C,268.0,127.0
YER066C-A,,
YER066W,8.0,139.0
YER067C-A,114.0,223.0
YER067W,76.0,90.0
YER068C-A,1044.0,461.0
YER068W,67.0,98.0
YER069W,73.0,103.0
YER070W,39.0,206.0
YER071C,9.0,223.0
YER072W,18.0,146.0
YER073W,78.0,273.0
YER074W,26.0,96.0
YER074W-A,14.0,73.0
YER075C,162.0,119.0
YER076C,140.0,151.0
YER076W-A,341.0,156.0
YER077C,178.0,108.0
YER078C,145.0,84.0
YER078W-A,499.0,62.0
YER079C-A,,
YER079W,79.0,107.0
YER080W,19.0,99.0
YER081W,473.0,183.0
YER082C,54.0,92.0
YER083C,18.0,44.0
YER084W,633.0,103.0
YER084W-A,,
YER085C,34.0,136.0
YER086W,39.0,139.0
YER087C-A,,
YER087C-B,40.0,208.0
YER087W,38.0,68.0
YER088C,89.0,135.0
YER088C-A,1633.0,434.0
YER088W-B,17.0,1597.0
YER089C,312.0,73.0
YER090C-A,1223.0,637.0
YER090W,78.0,104.0
YER091C,70.0,225.0
YER091C-A,291.0,242.0
YER092W,9.0,255.0
YER093C,60.0,58.0
YER093C-A,21.0,130.0
YER094C,90.0,154.0
YER095W,67.0,235.0
YER096W,107.0,183.0
YER097W,11.0,1902.0
YER098W,182.0,423.0
YER099C,19.0,74.0
YER100W,35.0,92.0
YER101C,34.0,124.0
YER102W,19.0,142.0
YER103W,54.0,128.0
YER104W,18.0,380.0
YER105C,19.0,124.0
YER106W,,
YER107C,193.0,138.0
YER107W-A,,
YER110C,112.0,152.0
YER111C,193.0,143.0
YER112W,49.0,93.0
YER113C,133.0,146.0
YER114C,298.0,201.0
YER115C,217.0,113.0
YER116C,100.0,1169.0
YER117W,20.0,63.0
YER118C,192.0,179.0
YER119C,26.0,98.0
YER119C-A,641.0,1465.0
YER120W,34.0,102.0
YER121W,21.0,116.0
YER122C,81.0,143.0
YER123W,188.0,431.0
YER124C,40.0,341.0
YER125W,504.0,393.0
YER126C,27.0,201.0
YER127W,21.0,119.0
YER128W,1.0,141.0
YER129W,514.0,238.0
YER130C,67.0,212.0
YER131W,55.0,120.0
YER132C,,
YER133W,69.0,438.0
YER133W-A,,
YER134C,46.0,145.0
YER135C,31.0,1524.0
YER136W,75.0,324.0
YER137C,20.0,161.0
YER137W-A,2054.0,486.0
YER138W-A,154.0,10.0
YER139C,103.0,726.0
YER140W,53.0,226.0
YER141W,63.0,239.0
YER142C,28.0,87.0
YER143W,58.0,184.0
YER144C,9.0,113.0
YER145C,21.0,100.0
YER145C-A,30.0,627.0
YER146W,46.0,85.0
YER147C,66.0,3.0
YER147C-A,,
YER148W,193.0,189.0
YER148W-A,,
YER149C,51.0,78.0
YER150W,35.0,165.0
YER151C,74.0,69.0
YER152C,31.0,52.0
YER152W-A,,
YER153C,5.0,1436.0
YER154W,20.0,65.0
YER155C,,
YER156C,16.0,114.0
YER157W,16.0,81.0
YER158C,181.0,113.0
YER158W-A,22.0,389.0
YER159C,183.0,120.0
YER161C,47.0,271.0
YER162C,35.0,66.0
YER163C,8.0,126.0
YER164W,312.0,146.0
YER165C-A,,
YER165W,142.0,126.0
YER166W,,
YER167W,290.0,10.0
YER168C,43.0,59.0
YER169W,235.0,206.0
YER170W,23.0,348.0
YER171W,115.0,100.0
YER172C,,
YER172C-A,,
YER173W,30.0,172.0
YER174C,114.0,97.0
YER175C,19.0,166.0
YER175W-A,1156.0,761.0
YER176W,42.0,114.0
YER177W,43.0,30.0
YER178W,28.0,134.0
YER179W,29.0,254.0
YER180C,643.0,57.0
YER180C-A,48.0,1198.0
YER181C,612.0,51.0
YER182W,35.0,98.0
YER183C,1.0,92.0
YER184C,74.0,211.0
YER185W,493.0,35.0
YER186C,193.0,212.0
YER187W,671.0,156.0
YER188C-A,,
YER188W,7.0,230.0
YER189W,,
YER190C-A,,
YER190C-B,,
YER190W,,
YFL001W,38.0,32.0
YFL002C,16.0,138.0
YFL003C,,
YFL004W,90.0,74.0
YFL005W,137.0,217.0
YFL007W,,
YFL008W,41.0,103.0
YFL009W,192.0,85.0
YFL010C,29.0,162.0
YFL010W-A,,
YFL011W,279.0,57.0
YFL012W,61.0,144.0
YFL012W-A,,
YFL013C,33.0,62.0
YFL013W-A,,
YFL014W,59.0,185.0
YFL015C,,
YFL015W-A,2416.0,218.0
YFL016C,81.0,103.0
YFL017C,11.0,76.0
YFL017W-A,15.0,66.0
YFL018C,79.0,83.0
YFL019C,163.0,1135.0
YFL020C,115.0,115.0
YFL021C-A,637.0,30.0
YFL021W,34.0,117.0
YFL022C,59.0,108.0
YFL023W,7.0,89.0
YFL024C,303.0,384.0
YFL025C,63.0,153.0
YFL026W,521.0,190.0
YFL027C,15.0,74.0
YFL028C,22.0,74.0
YFL029C,39.0,81.0
YFL030W,4.0,79.0
YFL031C-A,,
YFL031W,66.0,414.0
YFL032W,,
YFL033C,,
YFL034C-A,42.0,70.0
YFL034C-B,65.0,173.0
YFL034W,170.0,112.0
YFL036W,219.0,100.0
YFL037W,71.0,225.0
YFL038C,34.0,118.0
YFL039C,120.0,102.0
YFL040W,,
YFL041W,22.0,174.0
YFL041W-A,844.0,63.0
YFL042C,33.0,90.0
YFL044C,19.0,1185.0
YFL045C,75.0,158.0
YFL046W,18.0,154.0
YFL047W,8.0,64.0
YFL048C,22.0,116.0
YFL049W,31.0,152.0
YFL050C,781.0,285.0
YFL051C,,
YFL052W,16.0,337.0
YFL053W,215.0,176.0
YFL054C,65.0,65.0
YFL055W,322.0,405.0
YFL058W,,
YFL059W,,
YFL060C,,
YFL061W,,
YFL062W,10.0,81.0
YFL063W,,
YFL064C,,
YFL065C,,
YFL066C,,
YFL067W,,
YFL068W,,
YFR001W,38.0,60.0
YFR002W,7.0,93.0
YFR003C,47.0,181.0
YFR004W,49.0,99.0
YFR005C,44.0,204.0
YFR006W,25.0,89.0
YFR007W,20.0,66.0
YFR008W,19.0,344.0
YFR009W,41.0,66.0
YFR009W-A,1428.0,680.0
YFR010W,82.0,97.0
YFR010W-A,,
YFR011C,32.0,161.0
YFR012W,118.0,1068.0
YFR012W-A,1247.0,211.0
YFR013W,56.0,154.0
YFR014C,50.0,222.0
YFR015C,89.0,139.0
YFR016C,94.0,46.0
YFR017C,78.0,116.0
YFR018C,38.0,162.0
YFR019W,,
YFR020W,972.0,107.0
YFR021W,94.0,107.0
YFR022W,268.0,96.0
YFR023W,,
YFR024C-A,25.0,180.0
YFR025C,24.0,87.0
YFR026C,1002.0,79.0
YFR027W,17.0,129.0
YFR028C,58.0,75.0
YFR029W,64.0,72.0
YFR030W,54.0,56.0
YFR031C,78.0,51.0
YFR031C-A,24.0,70.0
YFR032C,77.0,92.0
YFR032C-A,22.0,96.0
YFR032C-B,70.0,548.0
YFR033C,106.0,141.0
YFR034C,35.0,819.0
YFR034W-A,446.0,290.0
YFR035C,18.0,1044.0
YFR036W,22.0,126.0
YFR036W-A,,
YFR037C,30.0,13.0
YFR038W,18.0,88.0
YFR039C,129.0,67.0
YFR040W,311.0,83.0
YFR041C,23.0,111.0
YFR042W,48.0,92.0
YFR043C,31.0,55.0
YFR044C,18.0,69.0
YFR045W,16.0,137.0
YFR046C,12.0,65.0
YFR047C,34.0,74.0
YFR048W,52.0,28.0
YFR049W,162.0,118.0
YFR050C,53.0,138.0
YFR051C,25.0,73.0
YFR052C-A,1426.0,6.0
YFR052W,30.0,35.0
YFR053C,111.0,169.0
YFR054C,464.0,89.0
YFR055W,116.0,478.0
YFR056C,1121.0,102.0
YFR057W,,
YGL001C,54.0,123.0
YGL002W,10.0,171.0
YGL003C,103.0,147.0
YGL004C,4.0,45.0
YGL005C,421.0,75.0
YGL006W,467.0,133.0
YGL006W-A,44.0,339.0
YGL007C-A,939.0,91.0
YGL007W,37.0,332.0
YGL008C,236.0,416.0
YGL009C,71.0,140.0
YGL010W,50.0,174.0
YGL011C,25.0,127.0
YGL012W,41.0,75.0
YGL013C,27.0,95.0
YGL014C-A,0.0,1233.0
YGL014W,421.0,89.0
YGL015C,206.0,108.0
YGL016W,69.0,155.0
YGL017W,20.0,55.0
YGL018C,35.0,136.0
YGL019W,76.0,104.0
YGL020C,64.0,79.0
YGL021W,11.0,102.0
YGL022W,65.0,82.0
YGL023C,49.0,128.0
YGL024W,,
YGL025C,,
YGL026C,18.0,82.0
YGL027C,13.0,92.0
YGL028C,167.0,299.0
YGL029W,45.0,16.0
YGL030W,58.0,101.0
YGL031C,41.0,64.0
YGL032C,136.0,100.0
YGL033W,,
YGL034C,166.0,17.0
YGL035C,,
YGL036W,58.0,94.0
YGL037C,88.0,141.0
YGL038C,45.0,343.0
YGL039W,106.0,122.0
YGL040C,76.0,207.0
YGL041C,21.0,460.0
YGL041C-B,360.0,142.0
YGL041W-A,11.0,161.0
YGL042C,66.0,222.0
YGL043W,22.0,222.0
YGL044C,227.0,278.0
YGL045W,54.0,200.0
YGL047W,87.0,21.0
YGL048C,28.0,96.0
YGL049C,174.0,167.0
YGL050W,26.0,197.0
YGL051W,175.0,101.0
YGL052W,,
YGL053W,99.0,147.0
YGL054C,65.0,299.0
YGL055W,62.0,224.0
YGL056C,98.0,79.0
YGL057C,16.0,153.0
YGL058W,60.0,218.0
YGL059W,23.0,149.0
YGL060W,130.0,89.0
YGL061C,73.0,103.0
YGL062W,41.0,141.0
YGL063C-A,0.0,1094.0
YGL063W,194.0,397.0
YGL064C,11.0,73.0
YGL065C,43.0,54.0
YGL066W,191.0,233.0
YGL067W,59.0,38.0
YGL068W,47.0,110.0
YGL069C,,
YGL070C,25.0,327.0
YGL071W,389.0,145.0
YGL072C,,
YGL073W,84.0,57.0
YGL074C,,
YGL075C,195.0,106.0
YGL076C,22.0,109.0
YGL077C,171.0,79.0
YGL078C,70.0,189.0
YGL079W,33.0,98.0
YGL080W,30.0,261.0
YGL081W,104.0,289.0
YGL082W,90.0,137.0
YGL083W,68.0,113.0
YGL084C,53.0,105.0
YGL085W,58.0,173.0
YGL086W,,
YGL087C,43.0,115.0
YGL088W,8.0,292.0
YGL089C,39.0,180.0
YGL090W,41.0,675.0
YGL091C,21.0,151.0
YGL092W,124.0,56.0
YGL093W,40.0,38.0
YGL094C,189.0,147.0
YGL095C,50.0,92.0
YGL096W,605.0,108.0
YGL097W,66.0,108.0
YGL098W,50.0,969.0
YGL099W,20.0,58.0
YGL100W,37.0,88.0
YGL101W,19.0,251.0
YGL102C,,
YGL103W,16.0,86.0
YGL104C,0.0,137.0
YGL105W,23.0,97.0
YGL106W,22.0,135.0
YGL107C,17.0,92.0
YGL108C,35.0,252.0
YGL109W,,
YGL110C,7.0,96.0
YGL111W,44.0,169.0
YGL112C,36.0,130.0
YGL113W,28.0,248.0
YGL114W,252.0,67.0
YGL115W,121.0,89.0
YGL116W,146.0,98.0
YGL117W,79.0,86.0
YGL118C,894.0,105.0
YGL119W,52.0,100.0
YGL120C,29.0,13.0
YGL121C,23.0,139.0
YGL122C,9.0,140.0
YGL123C-A,487.0,452.0
YGL123W,98.0,89.0
YGL124C,36.0,118.0
YGL125W,139.0,279.0
YGL126W,,
YGL127C,26.0,147.0
YGL128C,6.0,165.0
YGL129C,71.0,149.0
YGL130W,46.0,147.0
YGL131C,116.0,127.0
YGL132W,386.0,131.0
YGL133W,173.0,82.0
YGL134W,97.0,81.0
YGL135W,64.0,97.0
YGL136C,49.0,126.0
YGL137W,24.0,146.0
YGL138C,,
YGL139W,314.0,312.0
YGL140C,187.0,279.0
YGL141W,61.0,123.0
YGL142C,55.0,119.0
YGL143C,31.0,131.0
YGL144C,48.0,73.0
YGL145W,70.0,131.0
YGL146C,38.0,1100.0
YGL147C,17.0,103.0
YGL148W,35.0,88.0
YGL149W,,
YGL150C,21.0,172.0
YGL151W,55.0,91.0
YGL152C,,
YGL153W,25.0,34.0
YGL154C,20.0,68.0
YGL155W,136.0,49.0
YGL156W,82.0,148.0
YGL157W,49.0,92.0
YGL158W,388.0,125.0
YGL159W,7.0,88.0
YGL160W,113.0,134.0
YGL161C,85.0,151.0
YGL162W,147.0,136.0
YGL163C,130.0,135.0
YGL164C,37.0,86.0
YGL165C,,
YGL166W,21.0,152.0
YGL167C,376.0,176.0
YGL168W,,
YGL169W,59.0,204.0
YGL170C,344.0,98.0
YGL171W,26.0,90.0
YGL172W,32.0,93.0
YGL173C,297.0,98.0
YGL174W,17.0,170.0
YGL175C,42.0,1973.0
YGL176C,45.0,103.0
YGL177W,651.0,147.0
YGL178W,451.0,521.0
YGL179C,86.0,121.0
YGL180W,183.0,350.0
YGL181W,47.0,78.0
YGL182C,34.0,86.0
YGL183C,,
YGL184C,48.0,111.0
YGL185C,9.0,80.0
YGL186C,52.0,42.0
YGL187C,109.0,285.0
YGL188C,1972.0,1183.0
YGL188C-A,36.0,664.0
YGL189C,34.0,69.0
YGL190C,545.0,461.0
YGL191W,20.0,244.0
YGL192W,100.0,39.0
YGL193C,457.0,48.0
YGL194C,63.0,123.0
YGL194C-A,255.0,142.0
YGL195W,,
YGL196W,65.0,98.0
YGL197W,173.0,296.0
YGL198W,7.0,41.0
YGL199C,218.0,34.0
YGL200C,24.0,113.0
YGL201C,67.0,185.0
YGL202W,123.0,93.0
YGL203C,77.0,104.0
YGL204C,41.0,505.0
YGL205W,214.0,174.0
YGL206C,,
YGL207W,93.0,129.0
YGL208W,50.0,129.0
YGL209W,47.0,115.0
YGL210W,20.0,106.0
YGL211W,1007.0,97.0
YGL212W,21.0,1300.0
YGL213C,17.0,121.0
YGL214W,5.0,500.0
YGL215W,472.0,394.0
YGL216W,267.0,47.0
YGL217C,,
YGL218W,,
YGL219C,27.0,84.0
YGL220W,942.0,182.0
YGL221C,19.0,98.0
YGL222C,78.0,150.0
YGL223C,5.0,44.0
YGL224C,102.0,72.0
YGL225W,41.0,111.0
YGL226C-A,34.0,138.0
YGL226W,5.0,107.0
YGL227W,37.0,189.0
YGL228W,46.0,152.0
YGL229C,229.0,184.0
YGL230C,17.0,74.0
YGL231C,11.0,73.0
YGL232W,9.0,69.0
YGL233W,46.0,65.0
YGL234W,34.0,104.0
YGL235W,2734.0,566.0
YGL236C,21.0,70.0
YGL237C,84.0,137.0
YGL238W,3.0,110.0
YGL239C,,
YGL240W,19.0,851.0
YGL241W,17.0,81.0
YGL242C,55.0,125.0
YGL243W,20.0,35.0
YGL244W,75.0,92.0
YGL245W,15.0,60.0
YGL246C,40.0,148.0
YGL247W,20.0,97.0
YGL248W,129.0,65.0
YGL249W,,
YGL250W,4.0,208.0
YGL251C,,
YGL252C,38.0,91.0
YGL253W,47.0,186.0
YGL254W,9.0,748.0
YGL255W,45.0,96.0
YGL256W,512.0,173.0
YGL257C,109.0,122.0
YGL258W,667.0,274.0
YGL258W-A,947.0,553.0
YGL259W,255.0,981.0
YGL260W,,
YGL261C,1414.0,89.0
YGL262W,1619.0,263.0
YGL263W,12.0,57.0
YGR001C,9.0,77.0
YGR002C,9.0,236.0
YGR003W,17.0,252.0
YGR004W,60.0,246.0
YGR005C,30.0,107.0
YGR006W,5.0,1254.0
YGR007W,6.0,139.0
YGR008C,87.0,160.0
YGR009C,33.0,53.0
YGR010W,94.0,205.0
YGR011W,1046.0,114.0
YGR012W,17.0,50.0
YGR013W,23.0,226.0
YGR014W,275.0,127.0
YGR015C,19.0,196.0
YGR016W,18.0,1961.0
YGR017W,159.0,114.0
YGR018C,26.0,120.0
YGR019W,38.0,92.0
YGR020C,64.0,133.0
YGR021W,15.0,93.0
YGR022C,190.0,751.0
YGR023W,157.0,271.0
YGR024C,,
YGR025W,,
YGR026W,140.0,160.0
YGR027C,53.0,89.0
YGR028W,150.0,154.0
YGR029W,0.0,95.0
YGR030C,15.0,94.0
YGR031C-A,,
YGR031W,72.0,563.0
YGR032W,,
YGR033C,77.0,271.0
YGR034W,57.0,130.0
YGR035C,90.0,167.0
YGR035W-A,760.0,1411.0
YGR036C,35.0,599.0
YGR037C,44.0,181.0
YGR038W,138.0,138.0
YGR039W,41.0,1857.0
YGR040W,34.0,611.0
YGR041W,315.0,120.0
YGR042W,19.0,84.0
YGR043C,33.0,199.0
YGR044C,89.0,241.0
YGR045C,262.0,159.0
YGR046W,92.0,341.0
YGR047C,35.0,90.0
YGR048W,55.0,80.0
YGR049W,46.0,232.0
YGR050C,77.0,72.0
YGR051C,,
YGR052W,134.0,189.0
YGR053C,103.0,67.0
YGR054W,171.0,203.0
YGR055W,33.0,115.0
YGR056W,48.0,79.0
YGR057C,63.0,353.0
YGR058W,21.0,281.0
YGR059W,163.0,8.0
YGR060W,83.0,17.0
YGR061C,45.0,77.0
YGR062C,35.0,77.0
YGR063C,17.0,132.0
YGR064W,152.0,130.0
YGR065C,110.0,93.0
YGR066C,89.0,117.0
YGR067C,95.0,99.0
YGR068C,36.0,388.0
YGR068W-A,387.0,787.0
YGR069W,,
YGR070W,,
YGR071C,65.0,191.0
YGR072W,65.0,123.0
YGR073C,929.0,27.0
YGR074W,12.0,300.0
YGR075C,40.0,489.0
YGR076C,63.0,98.0
YGR077C,40.0,52.0
YGR078C,31.0,75.0
YGR079W,,
YGR080W,15.0,81.0
YGR081C,4.0,112.0
YGR082W,47.0,148.0
YGR083C,1472.0,1079.0
YGR084C,788.0,74.0
YGR085C,23.0,95.0
YGR086C,81.0,29.0
YGR087C,32.0,134.0
YGR088W,19.0,86.0
YGR089W,267.0,130.0
YGR090W,277.0,115.0
YGR091W,69.0,90.0
YGR092W,62.0,165.0
YGR093W,50.0,81.0
YGR094W,0.0,90.0
YGR095C,42.0,38.0
YGR096W,47.0,71.0
YGR097W,49.0,149.0
YGR098C,,
YGR099W,80.0,63.0
YGR100W,82.0,129.0
YGR101W,60.0,84.0
YGR102C,14.0,159.0
YGR103W,28.0,205.0
YGR104C,30.0,77.0
YGR105W,58.0,178.0
YGR106C,60.0,89.0
YGR107W,206.0,267.0
YGR108W,208.0,168.0
YGR109C,65.0,111.0
YGR110W,51.0,100.0
YGR111W,40.0,112.0
YGR112W,58.0,162.0
YGR113W,62.0,328.0
YGR114C,,
YGR115C,,
YGR116W,51.0,191.0
YGR117C,32.0,249.0
YGR118W,23.0,168.0
YGR119C,89.0,81.0
YGR120C,33.0,176.0
YGR121C,59.0,140.0
YGR121W-A,196.0,8.0
YGR122C-A,254.0,429.0
YGR122W,165.0,310.0
YGR123C,56.0,161.0
YGR124W,28.0,112.0
YGR125W,70.0,160.0
YGR126W,113.0,1424.0
YGR127W,1076.0,215.0
YGR128C,38.0,133.0
YGR129W,35.0,57.0
YGR130C,103.0,175.0
YGR131W,83.0,100.0
YGR132C,42.0,244.0
YGR133W,169.0,207.0
YGR134W,148.0,167.0
YGR135W,92.0,79.0
YGR136W,17.0,249.0
YGR137W,477.0,140.0
YGR138C,280.0,185.0
YGR139W,,
YGR140W,,
YGR141W,20.0,96.0
YGR142W,1080.0,95.0
YGR143W,502.0,391.0
YGR144W,224.0,71.0
YGR145W,55.0,94.0
YGR146C,212.0,174.0
YGR146C-A,7.0,231.0
YGR147C,63.0,118.0
YGR148C,22.0,139.0
YGR149W,111.0,155.0
YGR150C,10.0,126.0
YGR151C,135.0,25.0
YGR152C,141.0,34.0
YGR153W,19.0,54.0
YGR154C,274.0,243.0
YGR155W,36.0,140.0
YGR156W,134.0,53.0
YGR157W,253.0,106.0
YGR158C,45.0,225.0
YGR159C,44.0,144.0
YGR160W,,
YGR161C,94.0,65.0
YGR161W-C,43.0,264.0
YGR162W,,
YGR163W,57.0,68.0
YGR164W,,
YGR165W,54.0,141.0
YGR166W,80.0,78.0
YGR167W,64.0,138.0
YGR168C,41.0,82.0
YGR169C,26.0,99.0
YGR169C-A,104.0,376.0
YGR170W,56.0,275.0
YGR171C,23.0,114.0
YGR172C,30.0,127.0
YGR173W,44.0,36.0
YGR174C,217.0,67.0
YGR174W-A,124.0,98.0
YGR175C,27.0,169.0
YGR176W,125.0,1621.0
YGR177C,63.0,217.0
YGR178C,213.0,123.0
YGR179C,27.0,135.0
YGR180C,209.0,91.0
YGR181W,49.0,181.0
YGR182C,,
YGR183C,70.0,358.0
YGR184C,,
YGR185C,32.0,94.0
YGR186W,10.0,52.0
YGR187C,56.0,138.0
YGR188C,56.0,187.0
YGR189C,62.0,119.0
YGR190C,2044.0,2048.0
YGR191W,229.0,135.0
YGR192C,39.0,106.0
YGR193C,89.0,104.0
YGR194C,1.0,103.0
YGR195W,106.0,79.0
YGR196C,59.0,111.0
YGR197C,201.0,69.0
YGR198W,37.0,96.0
YGR199W,41.0,1.0
YGR200C,59.0,75.0
YGR201C,22.0,50.0
YGR202C,19.0,128.0
YGR203W,15.0,185.0
YGR204C-A,1063.0,32.0
YGR204W,39.0,86.0
YGR205W,126.0,125.0
YGR206W,24.0,87.0
YGR207C,30.0,110.0
YGR208W,45.0,111.0
YGR209C,53.0,83.0
YGR210C,110.0,116.0
YGR211W,102.0,199.0
YGR212W,4.0,1107.0
YGR213C,4.0,143.0
YGR214W,19.0,133.0
YGR215W,38.0,92.0
YGR216C,47.0,123.0
YGR217W,,
YGR218W,299.0,203.0
YGR219W,,
YGR220C,10.0,76.0
YGR221C,87.0,63.0
YGR222W,0.0,92.0
YGR223C,59.0,82.0
YGR224W,37.0,232.0
YGR225W,115.0,119.0
YGR226C,,
YGR227C-A,31.0,59.0
YGR227W,79.0,89.0
YGR228W,,
YGR229C,276.0,26.0
YGR230W,49.0,148.0
YGR231C,89.0,227.0
YGR232W,22.0,55.0
YGR233C,212.0,63.0
YGR234W,20.0,279.0
YGR235C,55.0,124.0
YGR236C,24.0,193.0
YGR237C,88.0,169.0
YGR238C,34.0,121.0
YGR239C,34.0,95.0
YGR240C,247.0,237.0
YGR240C-A,,
YGR241C,72.0,90.0
YGR242W,1608.0,62.0
YGR243W,84.0,123.0
YGR244C,108.0,112.0
YGR245C,87.0,58.0
YGR246C,29.0,165.0
YGR247W,149.0,91.0
YGR248W,18.0,97.0
YGR249W,472.0,502.0
YGR250C,243.0,104.0
YGR251W,28.0,243.0
YGR252W,48.0,199.0
YGR253C,60.0,57.0
YGR254W,37.0,148.0
YGR255C,93.0,51.0
YGR256W,56.0,112.0
YGR257C,110.0,77.0
YGR258C,11.0,55.0
YGR259C,328.0,264.0
YGR260W,198.0,125.0
YGR261C,41.0,89.0
YGR262C,29.0,92.0
YGR263C,8.0,78.0
YGR264C,7.0,192.0
YGR265W,,
YGR266W,56.0,115.0
YGR267C,175.0,88.0
YGR268C,15.0,1141.0
YGR269W,350.0,309.0
YGR270C-A,,
YGR270W,87.0,105.0
YGR271C-A,9.0,76.0
YGR271W,,
YGR273C,94.0,210.0
YGR274C,16.0,85.0
YGR275W,,
YGR276C,,
YGR277C,13.0,91.0
YGR278W,10.0,70.0
YGR279C,95.0,319.0
YGR280C,28.0,221.0
YGR281W,226.0,155.0
YGR282C,28.0,201.0
YGR283C,46.0,104.0
YGR284C,40.0,185.0
YGR285C,13.0,71.0
YGR286C,119.0,160.0
YGR287C,135.0,218.0
YGR288W,26.0,489.0
YGR289C,331.0,128.0
YGR290W,492.0,143.0
YGR291C,,
YGR292W,28.0,129.0
YGR293C,609.0,330.0
YGR294W,327.0,129.0
YGR295C,7.0,656.0
YGR296C-A,,
YGR296C-B,,
YGR296W,,
YHL001W,21.0,128.0
YHL002C-A,16.0,243.0
YHL002W,19.0,50.0
YHL003C,134.0,246.0
YHL004W,88.0,101.0
YHL005C,2216.0,7.0
YHL006C,63.0,310.0
YHL006W-A,465.0,52.0
YHL007C,137.0,141.0
YHL008C,168.0,172.0
YHL009C,124.0,353.0
YHL010C,0.0,83.0
YHL011C,100.0,221.0
YHL012W,7.0,193.0
YHL013C,35.0,113.0
YHL014C,21.0,60.0
YHL015W,38.0,57.0
YHL015W-A,2089.0,372.0
YHL016C,38.0,114.0
YHL017W,22.0,135.0
YHL018W,14.0,1836.0
YHL019C,34.0,88.0
YHL019W-A,,
YHL020C,84.0,126.0
YHL021C,60.0,84.0
YHL022C,110.0,94.0
YHL023C,32.0,109.0
YHL024W,172.0,264.0
YHL025W,58.0,103.0
YHL026C,12.0,102.0
YHL027W,95.0,207.0
YHL028W,69.0,80.0
YHL029C,26.0,66.0
YHL030W,,
YHL030W-A,278.0,368.0
YHL031C,25.0,60.0
YHL032C,40.0,61.0
YHL033C,20.0,491.0
YHL034C,119.0,152.0
YHL034W-A,,
YHL035C,,
YHL036W,30.0,67.0
YHL037C,327.0,11.0
YHL038C,35.0,141.0
YHL039W,52.0,68.0
YHL040C,38.0,252.0
YHL041W,1317.0,962.0
YHL042W,373.0,96.0
YHL043W,6.0,1024.0
YHL044W,33.0,283.0
YHL045W,406.0,33.0
YHL046C,1006.0,131.0
YHL046W-A,,
YHL047C,28.0,160.0
YHL048C-A,1851.0,315.0
YHL048W,11.0,80.0
YHL049C,,
YHL050C,,
YHL050W-A,,
YHR001W,23.0,229.0
YHR001W-A,66.0,239.0
YHR002W,148.0,138.0
YHR003C,19.0,151.0
YHR004C,121.0,262.0
YHR005C,44.0,101.0
YHR005C-A,34.0,141.0
YHR006W,46.0,127.0
YHR007C,142.0,282.0
YHR007C-A,910.0,653.0
YHR008C,34.0,163.0
YHR009C,235.0,93.0
YHR010W,32.0,121.0
YHR011W,16.0,62.0
YHR012W,21.0,171.0
YHR013C,27.0,96.0
YHR014W,398.0,45.0
YHR015W,,
YHR016C,35.0,138.0
YHR017W,8.0,77.0
YHR018C,55.0,152.0
YHR019C,42.0,103.0
YHR020W,136.0,84.0
YHR021C,69.0,93.0
YHR021W-A,1.0,12.0
YHR022C,61.0,363.0
YHR022C-A,34.0,724.0
YHR023W,,
YHR024C,38.0,223.0
YHR025W,36.0,86.0
YHR026W,115.0,210.0
YHR027C,57.0,146.0
YHR028C,17.0,104.0
YHR028W-A,188.0,21.0
YHR029C,13.0,82.0
YHR030C,204.0,141.0
YHR031C,41.0,111.0
YHR032C-A,,
YHR032W,127.0,397.0
YHR032W-A,1978.0,112.0
YHR033W,15.0,272.0
YHR034C,34.0,19.0
YHR035W,49.0,87.0
YHR036W,136.0,224.0
YHR037W,56.0,169.0
YHR038W,37.0,104.0
YHR039C,110.0,109.0
YHR039C-A,21.0,113.0
YHR040W,16.0,73.0
YHR041C,11.0,98.0
YHR042W,40.0,76.0
YHR043C,102.0,87.0
YHR044C,21.0,78.0
YHR045W,130.0,90.0
YHR046C,31.0,166.0
YHR047C,28.0,148.0
YHR048W,48.0,320.0
YHR049C-A,577.0,27.0
YHR049W,42.0,130.0
YHR050W,164.0,67.0
YHR050W-A,579.0,73.0
YHR051W,160.0,275.0
YHR052C-B,,
YHR052W,38.0,134.0
YHR052W-A,,
YHR053C,,
YHR054C,,
YHR054C-B,,
YHR054W-A,,
YHR055C,,
YHR056C,,
YHR056W-A,180.0,387.0
YHR057C,16.0,74.0
YHR058C,44.0,845.0
YHR059W,52.0,101.0
YHR060W,9.0,65.0
YHR061C,26.0,275.0
YHR062C,27.0,83.0
YHR063C,30.0,77.0
YHR063W-A,,
YHR064C,42.0,96.0
YHR065C,43.0,110.0
YHR066W,23.0,131.0
YHR067W,33.0,336.0
YHR068W,56.0,141.0
YHR069C,14.0,143.0
YHR069C-A,796.0,1438.0
YHR070C-A,,
YHR070W,18.0,348.0
YHR071C-A,15.0,64.0
YHR071W,1753.0,112.0
YHR072W,66.0,114.0
YHR072W-A,35.0,158.0
YHR073C-B,438.0,9.0
YHR073W,78.0,156.0
YHR073W-A,364.0,2684.0
YHR074W,66.0,152.0
YHR075C,52.0,66.0
YHR076W,45.0,139.0
YHR077C,56.0,90.0
YHR078W,28.0,108.0
YHR079C,256.0,223.0
YHR079C-A,11.0,184.0
YHR080C,223.0,49.0
YHR081W,20.0,123.0
YHR082C,846.0,215.0
YHR083W,21.0,85.0
YHR084W,320.0,304.0
YHR085W,23.0,39.0
YHR086W,225.0,214.0
YHR086W-A,,
YHR087W,75.0,184.0
YHR088W,32.0,93.0
YHR089C,32.0,98.0
YHR090C,36.0,249.0
YHR091C,27.0,93.0
YHR092C,75.0,58.0
YHR093W,,
YHR094C,32.0,112.0
YHR095W,1778.0,1085.0
YHR096C,164.0,225.0
YHR097C,123.0,100.0
YHR098C,80.0,142.0
YHR099W,,
YHR100C,46.0,122.0
YHR101C,32.0,301.0
YHR102W,184.0,115.0
YHR103W,241.0,170.0
YHR104W,99.0,187.0
YHR105W,94.0,1337.0
YHR106W,1.0,121.0
YHR107C,58.0,163.0
YHR108W,38.0,137.0
YHR109W,15.0,76.0
YHR110W,29.0,113.0
YHR111W,4.0,50.0
YHR112C,32.0,156.0
YHR113W,9.0,152.0
YHR114W,,
YHR115C,575.0,2.0
YHR116W,758.0,167.0
YHR117W,32.0,74.0
YHR118C,28.0,72.0
YHR119W,235.0,141.0
YHR120W,27.0,82.0
YHR121W,80.0,84.0
YHR122W,9.0,145.0
YHR123W,15.0,136.0
YHR124W,,
YHR125W,23.0,30.0
YHR126C,153.0,109.0
YHR127W,45.0,221.0
YHR128W,43.0,200.0
YHR129C,54.0,1269.0
YHR130C,118.0,65.0
YHR131C,242.0,244.0
YHR131W-A,263.0,525.0
YHR132C,42.0,119.0
YHR132W-A,69.0,160.0
YHR133C,18.0,24.0
YHR134W,1.0,115.0
YHR135C,121.0,102.0
YHR136C,193.0,94.0
YHR137C-A,354.0,151.0
YHR137W,30.0,114.0
YHR138C,72.0,106.0
YHR139C,11.0,294.0
YHR139C-A,,
YHR140W,16.0,88.0
YHR141C,23.0,122.0
YHR142W,133.0,77.0
YHR143W,268.0,243.0
YHR143W-A,30.0,266.0
YHR144C,32.0,80.0
YHR145C,,
YHR146W,34.0,46.0
YHR147C,35.0,115.0
YHR148W,23.0,343.0
YHR149C,146.0,161.0
YHR150W,62.0,204.0
YHR151C,168.0,137.0
YHR152W,109.0,120.0
YHR153C,7.0,92.0
YHR154W,47.0,82.0
YHR155W,94.0,160.0
YHR156C,41.0,27.0
YHR157W,22.0,166.0
YHR158C,,
YHR159W,75.0,120.0
YHR160C,7.0,71.0
YHR161C,171.0,91.0
YHR162W,177.0,114.0
YHR163W,31.0,138.0
YHR164C,92.0,114.0
YHR165C,,
YHR165W-A,,
YHR166C,68.0,98.0
YHR167W,46.0,121.0
YHR168W,25.0,214.0
YHR169W,49.0,86.0
YHR170W,42.0,121.0
YHR171W,9.0,116.0
YHR172W,82.0,431.0
YHR173C,151.0,418.0
YHR174W,30.0,133.0
YHR175W,1575.0,237.0
YHR175W-A,2261.0,196.0
YHR176W,79.0,112.0
YHR177W,91.0,1227.0
YHR178W,50.0,182.0
YHR179W,41.0,103.0
YHR180C-B,9.0,665.0
YHR180W,,
YHR180W-A,,
YHR181W,33.0,79.0
YHR182C-A,121.0,87.0
YHR182W,35.0,52.0
YHR183W,77.0,135.0
YHR184W,,
YHR185C,,
YHR186C,,
YHR187W,35.0,110.0
YHR188C,43.0,70.0
YHR189W,7.0,1683.0
YHR190W,49.0,104.0
YHR191C,36.0,99.0
YHR192W,35.0,77.0
YHR193C,32.0,64.0
YHR193C-A,55.0,261.0
YHR194W,42.0,92.0
YHR195W,32.0,169.0
YHR196W,54.0,51.0
YHR197W,17.0,105.0
YHR198C,0.0,121.0
YHR199C,14.0,91.0
YHR199C-A,20.0,1172.0
YHR200W,24.0,70.0
YHR201C,23.0,66.0
YHR202W,32.0,62.0
YHR203C,39.0,134.0
YHR204W,47.0,91.0
YHR205W,472.0,211.0
YHR206W,486.0,52.0
YHR207C,,
YHR208W,21.0,152.0
YHR209W,33.0,89.0
YHR210C,114.0,132.0
YHR211W,,
YHR212C,,
YHR212W-A,,
YHR213W,,
YHR213W-A,,
YHR213W-B,,
YHR214C-D,,
YHR214C-E,,
YHR214W,,
YHR214W-A,1006.0,155.0
YHR215W,,
YHR216W,106.0,190.0
YHR217C,,
YHR218W,,
YHR218W-A,,
YHR219C-A,,
YHR219W,,
YJL001W,37.0,114.0
YJL002C,56.0,111.0
YJL003W,47.0,192.0
YJL004C,13.0,270.0
YJL005W,,
YJL006C,59.0,53.0
YJL007C,,
YJL008C,43.0,155.0
YJL009W,18.0,85.0
YJL010C,25.0,47.0
YJL011C,40.0,164.0
YJL012C,15.0,71.0
YJL013C,11.0,181.0
YJL014W,25.0,121.0
YJL015C,,
YJL016W,268.0,116.0
YJL019W,103.0,329.0
YJL020C,92.0,149.0
YJL020W-A,,
YJL022W,85.0,481.0
YJL023C,0.0,80.0
YJL024C,42.0,190.0
YJL025W,80.0,148.0
YJL026C-A,376.0,1299.0
YJL026W,50.0,141.0
YJL027C,68.0,61.0
YJL028W,38.0,193.0
YJL029C,61.0,100.0
YJL030W,44.0,139.0
YJL031C,61.0,111.0
YJL032W,29.0,203.0
YJL033W,26.0,81.0
YJL034W,38.0,207.0
YJL035C,53.0,94.0
YJL036W,119.0,154.0
YJL037W,232.0,106.0
YJL038C,36.0,15.0
YJL039C,,
YJL041W,58.0,134.0
YJL042W,108.0,155.0
YJL043W,99.0,336.0
YJL044C,37.0,261.0
YJL045W,29.0,211.0
YJL046W,32.0,68.0
YJL047C,120.0,79.0
YJL047C-A,63.0,55.0
YJL048C,20.0,146.0
YJL049W,33.0,77.0
YJL050W,48.0,59.0
YJL051W,75.0,90.0
YJL052C-A,477.0,800.0
YJL052W,74.0,129.0
YJL053W,13.0,242.0
YJL054W,8.0,58.0
YJL055W,17.0,61.0
YJL056C,101.0,111.0
YJL057C,58.0,82.0
YJL058C,67.0,63.0
YJL059W,35.0,84.0
YJL060W,17.0,97.0
YJL061W,40.0,125.0
YJL062W,25.0,93.0
YJL062W-A,29.0,177.0
YJL063C,23.0,79.0
YJL064W,,
YJL065C,34.0,93.0
YJL066C,38.0,214.0
YJL067W,,
YJL068C,21.0,103.0
YJL069C,6.0,82.0
YJL070C,15.0,82.0
YJL071W,45.0,106.0
YJL072C,37.0,147.0
YJL073W,120.0,87.0
YJL074C,23.0,93.0
YJL075C,,
YJL076W,42.0,101.0
YJL077C,,
YJL077W-A,131.0,166.0
YJL077W-B,254.0,203.0
YJL078C,73.0,306.0
YJL079C,164.0,184.0
YJL080C,201.0,106.0
YJL081C,54.0,148.0
YJL082W,49.0,218.0
YJL083W,55.0,377.0
YJL084C,141.0,160.0
YJL085W,89.0,111.0
YJL086C,,
YJL087C,125.0,207.0
YJL088W,22.0,80.0
YJL089W,5.0,330.0
YJL090C,44.0,83.0
YJL091C,8.0,100.0
YJL092W,214.0,103.0
YJL093C,4.0,83.0
YJL094C,45.0,145.0
YJL095W,93.0,72.0
YJL096W,41.0,71.0
YJL097W,41.0,54.0
YJL098W,708.0,58.0
YJL099W,88.0,341.0
YJL100W,39.0,81.0
YJL101C,151.0,143.0
YJL102W,42.0,115.0
YJL103C,195.0,202.0
YJL104W,22.0,168.0
YJL105W,311.0,104.0
YJL106W,545.0,139.0
YJL107C,95.0,1308.0
YJL108C,1255.0,160.0
YJL109C,,
YJL110C,89.0,108.0
YJL111W,51.0,171.0
YJL112W,25.0,151.0
YJL115W,76.0,140.0
YJL116C,199.0,121.0
YJL117W,50.0,21.0
YJL118W,1.0,168.0
YJL119C,341.0,422.0
YJL120W,486.0,1127.0
YJL121C,12.0,65.0
YJL122W,17.0,155.0
YJL123C,8.0,117.0
YJL124C,172.0,110.0
YJL125C,39.0,96.0
YJL126W,7.0,121.0
YJL127C,68.0,475.0
YJL127C-B,99.0,244.0
YJL127W-A,2203.0,412.0
YJL128C,221.0,42.0
YJL129C,287.0,70.0
YJL130C,,
YJL131C,26.0,97.0
YJL132W,22.0,120.0
YJL133C-A,29.0,170.0
YJL133W,77.0,123.0
YJL134W,45.0,12.0
YJL135W,2.0,1313.0
YJL136C,14.0,128.0
YJL136W-A,935.0,27.0
YJL137C,83.0,139.0
YJL138C,51.0,204.0
YJL139C,83.0,111.0
YJL140W,94.0,50.0
YJL141C,124.0,106.0
YJL142C,695.0,9.0
YJL143W,46.0,300.0
YJL144W,33.0,232.0
YJL145W,35.0,83.0
YJL146W,107.0,237.0
YJL147C,81.0,230.0
YJL148W,57.0,61.0
YJL149W,27.0,58.0
YJL150W,43.0,2006.0
YJL151C,33.0,73.0
YJL152W,1014.0,372.0
YJL153C,4.0,139.0
YJL154C,71.0,65.0
YJL155C,143.0,158.0
YJL156C,79.0,381.0
YJL156W-A,,
YJL157C,48.0,157.0
YJL158C,37.0,179.0
YJL159W,54.0,314.0
YJL160C,33.0,78.0
YJL161W,19.0,154.0
YJL162C,49.0,113.0
YJL163C,34.0,47.0
YJL164C,219.0,91.0
YJL165C,165.0,13.0
YJL166W,66.0,169.0
YJL167W,56.0,109.0
YJL168C,93.0,200.0
YJL169W,,
YJL170C,108.0,27.0
YJL171C,32.0,170.0
YJL172W,39.0,145.0
YJL173C,8.0,77.0
YJL174W,109.0,163.0
YJL175W,2211.0,415.0
YJL176C,63.0,235.0
YJL177W,21.0,94.0
YJL178C,38.0,123.0
YJL179W,57.0,133.0
YJL180C,5.0,102.0
YJL181W,14.0,84.0
YJL182C,,
YJL183W,65.0,89.0
YJL184W,41.0,76.0
YJL185C,63.0,192.0
YJL186W,29.0,118.0
YJL187C,93.0,103.0
YJL188C,,
YJL189W,26.0,181.0
YJL190C,16.0,141.0
YJL191W,24.0,105.0
YJL192C,39.0,91.0
YJL193W,6.0,121.0
YJL194W,38.0,133.0
YJL195C,284.0,775.0
YJL196C,23.0,135.0
YJL197C-A,,
YJL197W,42.0,75.0
YJL198W,50.0,90.0
YJL199C,5.0,226.0
YJL200C,23.0,147.0
YJL201W,25.0,61.0
YJL202C,,
YJL203W,23.0,105.0
YJL204C,35.0,74.0
YJL205C,9.0,118.0
YJL206C,159.0,87.0
YJL207C,,
YJL208C,52.0,114.0
YJL209W,60.0,93.0
YJL210W,52.0,63.0
YJL211C,529.0,582.0
YJL212C,32.0,123.0
YJL213W,348.0,261.0
YJL214W,,
YJL215C,1494.0,338.0
YJL216C,844.0,199.0
YJL217W,7.0,113.0
YJL218W,53.0,146.0
YJL219W,,
YJL220W,,
YJL221C,,
YJL222W,,
YJL222W-A,,
YJL222W-B,,
YJL223C,,
YJL225C,,
YJL225W-A,,
YJR001W,72.0,85.0
YJR002W,30.0,360.0
YJR003C,22.0,87.0
YJR004C,35.0,144.0
YJR005C-A,23.0,311.0
YJR005W,37.0,64.0
YJR006W,8.0,71.0
YJR007W,96.0,160.0
YJR008W,161.0,80.0
YJR009C,48.0,138.0
YJR010C-A,30.0,232.0
YJR010W,79.0,129.0
YJR011C,45.0,91.0
YJR012C,24.0,125.0
YJR013W,40.0,94.0
YJR014W,47.0,100.0
YJR015W,16.0,134.0
YJR016C,15.0,69.0
YJR017C,22.0,242.0
YJR018W,210.0,126.0
YJR019C,14.0,75.0
YJR020W,531.0,311.0
YJR021C,35.0,98.0
YJR022W,,
YJR023C,,
YJR024C,16.0,77.0
YJR025C,7.0,152.0
YJR030C,,
YJR031C,84.0,133.0
YJR032W,23.0,121.0
YJR033C,580.0,103.0
YJR034W,103.0,74.0
YJR035W,11.0,149.0
YJR036C,358.0,141.0
YJR037W,,
YJR038C,,
YJR039W,,
YJR040W,44.0,69.0
YJR041C,73.0,174.0
YJR042W,23.0,89.0
YJR043C,68.0,129.0
YJR044C,92.0,177.0
YJR045C,139.0,219.0
YJR046W,13.0,42.0
YJR047C,29.0,110.0
YJR048W,46.0,174.0
YJR049C,18.0,184.0
YJR050W,23.0,275.0
YJR051W,21.0,71.0
YJR052W,6.0,51.0
YJR053W,63.0,1901.0
YJR054W,93.0,118.0
YJR055W,10.0,393.0
YJR056C,163.0,140.0
YJR057W,7.0,69.0
YJR058C,28.0,46.0
YJR059W,61.0,124.0
YJR060W,49.0,586.0
YJR061W,,
YJR062C,9.0,511.0
YJR063W,47.0,131.0
YJR064W,36.0,46.0
YJR065C,26.0,148.0
YJR066W,,
YJR067C,6.0,109.0
YJR068W,70.0,71.0
YJR069C,33.0,141.0
YJR070C,23.0,130.0
YJR071W,,
YJR072C,31.0,70.0
YJR073C,24.0,83.0
YJR074W,750.0,101.0
YJR075W,60.0,198.0
YJR076C,77.0,134.0
YJR077C,47.0,152.0
YJR078W,0.0,217.0
YJR079W,,
YJR080C,29.0,125.0
YJR082C,107.0,197.0
YJR083C,19.0,86.0
YJR084W,23.0,25.0
YJR085C,44.0,69.0
YJR086W,29.0,17.0
YJR087W,364.0,102.0
YJR088C,50.0,131.0
YJR089W,136.0,80.0
YJR090C,292.0,116.0
YJR091C,70.0,283.0
YJR092W,24.0,123.0
YJR093C,58.0,106.0
YJR094C,197.0,172.0
YJR094W-A,20.0,130.0
YJR095W,97.0,193.0
YJR096W,126.0,88.0
YJR097W,105.0,188.0
YJR098C,31.0,67.0
YJR099W,60.0,123.0
YJR100C,6.0,72.0
YJR101W,96.0,140.0
YJR102C,68.0,121.0
YJR103W,7.0,74.0
YJR104C,43.0,71.0
YJR105W,32.0,45.0
YJR106W,142.0,1421.0
YJR107C-A,25.0,223.0
YJR107W,587.0,154.0
YJR108W,,
YJR109C,77.0,103.0
YJR110W,126.0,132.0
YJR111C,130.0,117.0
YJR112W,19.0,52.0
YJR112W-A,33.0,108.0
YJR113C,55.0,73.0
YJR114W,168.0,50.0
YJR115W,57.0,233.0
YJR116W,108.0,164.0
YJR117W,30.0,99.0
YJR118C,38.0,102.0
YJR119C,9.0,81.0
YJR120W,,
YJR121W,193.0,228.0
YJR122W,67.0,48.0
YJR123W,36.0,120.0
YJR124C,0.0,183.0
YJR125C,60.0,84.0
YJR126C,9.0,75.0
YJR127C,,
YJR128W,,
YJR129C,46.0,40.0
YJR130C,62.0,106.0
YJR131W,49.0,65.0
YJR132W,61.0,164.0
YJR133W,90.0,106.0
YJR134C,41.0,107.0
YJR135C,11.0,228.0
YJR135W-A,20.0,87.0
YJR136C,10.0,95.0
YJR137C,,
YJR138W,40.0,121.0
YJR139C,64.0,70.0
YJR140C,,
YJR140W-A,81.0,1098.0
YJR141W,33.0,116.0
YJR142W,16.0,105.0
YJR143C,59.0,131.0
YJR144W,21.0,66.0
YJR145C,20.0,90.0
YJR146W,110.0,1155.0
YJR147W,90.0,372.0
YJR148W,57.0,63.0
YJR149W,1473.0,37.0
YJR150C,37.0,107.0
YJR151C,124.0,59.0
YJR151W-A,518.0,295.0
YJR152W,227.0,96.0
YJR153W,337.0,84.0
YJR154W,233.0,1531.0
YJR155W,1030.0,88.0
YJR156C,,
YJR157W,,
YJR158W,,
YJR159W,,
YJR160C,,
YJR161C,,
YJR162C,,
YKL001C,44.0,107.0
YKL002W,77.0,61.0
YKL003C,41.0,98.0
YKL004W,356.0,149.0
YKL005C,116.0,173.0
YKL006C-A,42.0,69.0
YKL006W,19.0,98.0
YKL007W,41.0,138.0
YKL008C,41.0,131.0
YKL009W,39.0,93.0
YKL010C,88.0,59.0
YKL011C,3.0,82.0
YKL012W,63.0,138.0
YKL013C,45.0,172.0
YKL014C,,
YKL015W,98.0,102.0
YKL016C,71.0,95.0
YKL017C,8.0,111.0
YKL018C-A,41.0,89.0
YKL018W,40.0,126.0
YKL019W,19.0,76.0
YKL020C,53.0,90.0
YKL021C,,
YKL022C,,
YKL023C-A,37.0,719.0
YKL023W,27.0,153.0
YKL024C,225.0,99.0
YKL025C,34.0,60.0
YKL026C,144.0,181.0
YKL027W,57.0,107.0
YKL028W,44.0,314.0
YKL029C,24.0,120.0
YKL030W,,
YKL031W,,
YKL032C,94.0,158.0
YKL033W,6.0,439.0
YKL033W-A,76.0,70.0
YKL034W,45.0,113.0
YKL035W,71.0,168.0
YKL036C,24.0,332.0
YKL037W,66.0,1805.0
YKL038W,235.0,166.0
YKL039W,118.0,235.0
YKL040C,44.0,250.0
YKL041W,94.0,77.0
YKL042W,138.0,207.0
YKL043W,267.0,174.0
YKL044W,109.0,120.0
YKL045W,73.0,103.0
YKL046C,240.0,232.0
YKL047W,21.0,104.0
YKL048C,85.0,181.0
YKL049C,44.0,112.0
YKL050C,708.0,184.0
YKL051W,135.0,173.0
YKL052C,23.0,40.0
YKL053C-A,86.0,117.0
YKL053W,419.0,1280.0
YKL054C,97.0,215.0
YKL055C,34.0,1084.0
YKL056C,33.0,175.0
YKL057C,49.0,50.0
YKL058W,30.0,219.0
YKL059C,70.0,90.0
YKL060C,24.0,52.0
YKL061W,17.0,161.0
YKL062W,105.0,424.0
YKL063C,166.0,171.0
YKL064W,158.0,36.0
YKL065C,36.0,138.0
YKL065W-A,1196.0,357.0
YKL066W,523.0,808.0
YKL067W,54.0,183.0
YKL068W,120.0,102.0
YKL068W-A,45.0,329.0
YKL069W,8.0,31.0
YKL070W,298.0,259.0
YKL071W,775.0,177.0
YKL072W,238.0,134.0
YKL073W,39.0,93.0
YKL074C,24.0,74.0
YKL075C,85.0,163.0
YKL076C,1172.0,45.0
YKL077W,64.0,202.0
YKL078W,33.0,84.0
YKL079W,93.0,73.0
YKL080W,87.0,51.0
YKL081W,25.0,205.0
YKL082C,50.0,110.0
YKL083W,758.0,2603.0
YKL084W,51.0,161.0
YKL085W,81.0,35.0
YKL086W,18.0,56.0
YKL087C,99.0,134.0
YKL088W,29.0,210.0
YKL089W,25.0,58.0
YKL090W,5.0,165.0
YKL091C,43.0,95.0
YKL092C,76.0,216.0
YKL093W,61.0,156.0
YKL094W,23.0,89.0
YKL095W,182.0,1266.0
YKL096C-B,,
YKL096W,47.0,94.0
YKL096W-A,48.0,174.0
YKL097C,103.0,452.0
YKL098W,26.0,84.0
YKL099C,75.0,104.0
YKL100C,23.0,241.0
YKL100W-A,608.0,399.0
YKL101W,261.0,56.0
YKL102C,2.0,311.0
YKL103C,54.0,177.0
YKL104C,202.0,241.0
YKL104W-A,,
YKL105C,199.0,197.0
YKL106C-A,3.0,895.0
YKL106W,100.0,129.0
YKL107W,34.0,141.0
YKL108W,194.0,67.0
YKL109W,271.0,141.0
YKL110C,246.0,130.0
YKL111C,,
YKL112W,167.0,141.0
YKL113C,0.0,108.0
YKL114C,46.0,85.0
YKL115C,,
YKL116C,200.0,142.0
YKL117W,31.0,219.0
YKL118W,,
YKL119C,43.0,122.0
YKL120W,81.0,185.0
YKL121W,215.0,124.0
YKL122C,34.0,90.0
YKL123W,1574.0,65.0
YKL124W,124.0,156.0
YKL125W,91.0,159.0
YKL126W,208.0,73.0
YKL127W,25.0,144.0
YKL128C,31.0,161.0
YKL129C,92.0,104.0
YKL130C,50.0,141.0
YKL131W,302.0,49.0
YKL132C,136.0,144.0
YKL133C,13.0,47.0
YKL134C,52.0,263.0
YKL135C,85.0,78.0
YKL136W,519.0,2.0
YKL137W,66.0,150.0
YKL138C,87.0,78.0
YKL138C-A,22.0,282.0
YKL139W,177.0,63.0
YKL140W,274.0,163.0
YKL141W,37.0,118.0
YKL142W,65.0,140.0
YKL143W,54.0,81.0
YKL144C,12.0,127.0
YKL145W,23.0,63.0
YKL145W-A,768.0,629.0
YKL146W,21.0,86.0
YKL147C,,
YKL148C,152.0,180.0
YKL149C,20.0,151.0
YKL150W,82.0,104.0
YKL151C,5.0,1109.0
YKL152C,23.0,134.0
YKL153W,,
YKL154W,80.0,65.0
YKL155C,3.0,45.0
YKL156C-A,100.0,54.0
YKL156W,18.0,207.0
YKL157W,24.0,144.0
YKL159C,40.0,103.0
YKL160W,8.0,72.0
YKL161C,68.0,332.0
YKL162C,109.0,141.0
YKL162C-A,61.0,372.0
YKL163W,78.0,397.0
YKL164C,75.0,258.0
YKL165C,57.0,114.0
YKL165C-A,3.0,1512.0
YKL166C,163.0,220.0
YKL167C,20.0,152.0
YKL168C,10.0,65.0
YKL169C,123.0,396.0
YKL170W,73.0,136.0
YKL171W,77.0,149.0
YKL172W,29.0,99.0
YKL173W,25.0,103.0
YKL174C,86.0,82.0
YKL175W,46.0,84.0
YKL176C,346.0,92.0
YKL177W,39.0,193.0
YKL178C,43.0,277.0
YKL179C,55.0,127.0
YKL180W,21.0,109.0
YKL181W,176.0,73.0
YKL182W,,
YKL183C-A,976.0,65.0
YKL183W,143.0,128.0
YKL184W,160.0,283.0
YKL185W,348.0,113.0
YKL186C,60.0,100.0
YKL187C,38.0,171.0
YKL188C,113.0,85.0
YKL189W,99.0,218.0
YKL190W,46.0,168.0
YKL191W,30.0,93.0
YKL192C,25.0,143.0
YKL193C,39.0,106.0
YKL194C,39.0,209.0
YKL195W,34.0,129.0
YKL196C,47.0,160.0
YKL197C,32.0,418.0
YKL198C,308.0,116.0
YKL201C,61.0,173.0
YKL202W,,
YKL203C,,
YKL204W,34.0,174.0
YKL205W,31.0,126.0
YKL206C,22.0,66.0
YKL207W,31.0,52.0
YKL208W,21.0,73.0
YKL209C,,
YKL210W,38.0,14.0
YKL211C,77.0,158.0
YKL212W,201.0,94.0
YKL213C,38.0,75.0
YKL214C,64.0,56.0
YKL215C,31.0,168.0
YKL216W,42.0,306.0
YKL217W,51.0,106.0
YKL218C,129.0,200.0
YKL219W,,
YKL220C,155.0,176.0
YKL221W,22.0,147.0
YKL222C,118.0,282.0
YKL223W,,
YKL224C,,
YKL225W,,
YKR001C,68.0,124.0
YKR002W,205.0,55.0
YKR003W,108.0,89.0
YKR004C,44.0,48.0
YKR005C,1061.0,229.0
YKR006C,11.0,91.0
YKR007W,17.0,84.0
YKR008W,32.0,125.0
YKR009C,77.0,134.0
YKR010C,83.0,103.0
YKR011C,108.0,115.0
YKR012C,910.0,455.0
YKR013W,40.0,127.0
YKR014C,143.0,95.0
YKR015C,696.0,201.0
YKR016W,46.0,276.0
YKR017C,144.0,150.0
YKR018C,39.0,153.0
YKR019C,111.0,83.0
YKR020W,8.0,237.0
YKR021W,69.0,136.0
YKR022C,29.0,124.0
YKR023W,64.0,84.0
YKR024C,27.0,77.0
YKR025W,31.0,102.0
YKR026C,87.0,179.0
YKR027W,99.0,79.0
YKR028W,44.0,137.0
YKR029C,5.0,107.0
YKR030W,52.0,116.0
YKR031C,,
YKR032W,204.0,24.0
YKR033C,,
YKR034W,186.0,77.0
YKR035C,1055.0,214.0
YKR035W-A,17.0,130.0
YKR036C,30.0,119.0
YKR037C,19.0,166.0
YKR038C,9.0,109.0
YKR039W,64.0,105.0
YKR040C,,
YKR041W,19.0,414.0
YKR042W,207.0,234.0
YKR043C,20.0,153.0
YKR044W,69.0,68.0
YKR045C,28.0,1551.0
YKR046C,9.0,164.0
YKR047W,,
YKR048C,19.0,132.0
YKR049C,18.0,63.0
YKR050W,949.0,73.0
YKR051W,117.0,76.0
YKR052C,71.0,352.0
YKR053C,201.0,91.0
YKR054C,,
YKR055W,51.0,302.0
YKR056W,,
YKR057W,30.0,178.0
YKR058W,181.0,88.0
YKR059W,28.0,111.0
YKR060W,27.0,65.0
YKR061W,82.0,70.0
YKR062W,61.0,121.0
YKR063C,6.0,113.0
YKR064W,44.0,164.0
YKR065C,29.0,120.0
YKR066C,20.0,92.0
YKR067W,107.0,155.0
YKR068C,48.0,106.0
YKR069W,162.0,27.0
YKR070W,4.0,184.0
YKR071C,63.0,264.0
YKR072C,193.0,100.0
YKR073C,,
YKR074W,0.0,124.0
YKR075C,35.0,162.0
YKR075W-A,995.0,343.0
YKR076W,77.0,40.0
YKR077W,25.0,101.0
YKR078W,17.0,43.0
YKR079C,204.0,146.0
YKR080W,58.0,150.0
YKR081C,21.0,94.0
YKR082W,48.0,80.0
YKR083C,68.0,219.0
YKR084C,52.0,108.0
YKR085C,19.0,88.0
YKR086W,24.0,93.0
YKR087C,22.0,100.0
YKR088C,13.0,68.0
YKR089C,77.0,82.0
YKR090W,173.0,141.0
YKR091W,32.0,128.0
YKR092C,29.0,247.0
YKR093W,94.0,200.0
YKR094C,27.0,188.0
YKR095W,,
YKR095W-A,14.0,121.0
YKR096W,247.0,106.0
YKR097W,141.0,31.0
YKR098C,137.0,84.0
YKR099W,257.0,108.0
YKR100C,351.0,463.0
YKR101W,10.0,232.0
YKR102W,,
YKR103W,,
YKR104W,657.0,295.0
YKR105C,,
YKR106W,,
YLL001W,63.0,167.0
YLL002W,24.0,74.0
YLL003W,5.0,60.0
YLL004W,17.0,75.0
YLL005C,,
YLL006W,38.0,35.0
YLL006W-A,4.0,1380.0
YLL007C,87.0,185.0
YLL008W,30.0,111.0
YLL009C,31.0,120.0
YLL010C,242.0,349.0
YLL011W,11.0,81.0
YLL012W,57.0,87.0
YLL013C,246.0,397.0
YLL014W,18.0,142.0
YLL015W,119.0,65.0
YLL018C,39.0,153.0
YLL018C-A,58.0,617.0
YLL019C,,
YLL019W-A,,
YLL020C,144.0,15.0
YLL021W,,
YLL022C,0.0,58.0
YLL023C,30.0,143.0
YLL024C,30.0,134.0
YLL025W,35.0,236.0
YLL026W,56.0,90.0
YLL027W,99.0,129.0
YLL028W,134.0,391.0
YLL029W,103.0,104.0
YLL030C,,
YLL031C,53.0,93.0
YLL032C,105.0,674.0
YLL033W,6.0,532.0
YLL034C,38.0,151.0
YLL035W,102.0,136.0
YLL036C,27.0,60.0
YLL037W,846.0,730.0
YLL038C,34.0,540.0
YLL039C,97.0,119.0
YLL040C,,
YLL041C,44.0,368.0
YLL042C,50.0,107.0
YLL043W,38.0,166.0
YLL044W,,
YLL045C,23.0,77.0
YLL046C,,
YLL047W,3.0,221.0
YLL048C,,
YLL049W,,
YLL050C,25.0,124.0
YLL051C,14.0,188.0
YLL052C,32.0,508.0
YLL053C,432.0,99.0
YLL054C,28.0,360.0
YLL055W,303.0,40.0
YLL056C,312.0,125.0
YLL057C,,
YLL058W,60.0,87.0
YLL059C,216.0,1558.0
YLL060C,855.0,222.0
YLL061W,16.0,53.0
YLL062C,1.0,33.0
YLL063C,304.0,44.0
YLL064C,,
YLL065W,,
YLL066C,,
YLL066W-A,,
YLL066W-B,,
YLL067C,,
YLL067W-A,,
YLR001C,31.0,56.0
YLR002C,50.0,67.0
YLR003C,18.0,89.0
YLR004C,59.0,66.0
YLR005W,37.0,217.0
YLR006C,172.0,76.0
YLR007W,7.0,63.0
YLR008C,98.0,272.0
YLR009W,140.0,128.0
YLR010C,11.0,126.0
YLR011W,85.0,294.0
YLR012C,100.0,252.0
YLR013W,,
YLR014C,,
YLR015W,53.0,172.0
YLR016C,42.0,101.0
YLR017W,8.0,80.0
YLR018C,56.0,100.0
YLR019W,298.0,254.0
YLR020C,39.0,177.0
YLR021W,32.0,48.0
YLR022C,1.0,62.0
YLR023C,122.0,408.0
YLR024C,,
YLR025W,83.0,130.0
YLR026C,115.0,109.0
YLR027C,28.0,63.0
YLR028C,209.0,96.0
YLR029C,23.0,135.0
YLR030W,105.0,725.0
YLR031W,112.0,32.0
YLR032W,49.0,52.0
YLR033W,53.0,193.0
YLR034C,165.0,160.0
YLR035C,39.0,266.0
YLR036C,40.0,197.0
YLR037C,945.0,151.0
YLR038C,50.0,317.0
YLR039C,,
YLR040C,85.0,150.0
YLR041W,460.0,948.0
YLR042C,27.0,106.0
YLR043C,46.0,94.0
YLR044C,30.0,77.0
YLR045C,58.0,142.0
YLR046C,166.0,54.0
YLR047C,248.0,438.0
YLR048W,42.0,219.0
YLR049C,191.0,103.0
YLR050C,11.0,92.0
YLR051C,21.0,101.0
YLR052W,6.0,119.0
YLR053C,22.0,105.0
YLR054C,,
YLR055C,39.0,30.0
YLR056W,78.0,127.0
YLR057W,54.0,111.0
YLR058C,39.0,149.0
YLR059C,3.0,184.0
YLR060W,37.0,99.0
YLR061W,21.0,91.0
YLR062C,30.0,50.0
YLR063W,1.0,444.0
YLR064W,13.0,84.0
YLR065C,32.0,112.0
YLR066W,35.0,93.0
YLR067C,110.0,79.0
YLR068W,25.0,109.0
YLR069C,19.0,155.0
YLR070C,49.0,133.0
YLR071C,52.0,140.0
YLR072W,20.0,53.0
YLR073C,105.0,79.0
YLR074C,22.0,67.0
YLR075W,21.0,141.0
YLR076C,,
YLR077W,27.0,171.0
YLR078C,53.0,77.0
YLR079W,40.0,154.0
YLR080W,18.0,80.0
YLR081W,52.0,88.0
YLR082C,37.0,349.0
YLR083C,164.0,166.0
YLR084C,51.0,89.0
YLR085C,33.0,103.0
YLR086W,56.0,367.0
YLR087C,,
YLR088W,32.0,170.0
YLR089C,304.0,78.0
YLR090W,89.0,98.0
YLR091W,32.0,266.0
YLR092W,31.0,153.0
YLR093C,73.0,213.0
YLR094C,34.0,119.0
YLR095C,29.0,58.0
YLR096W,207.0,121.0
YLR097C,81.0,109.0
YLR098C,12.0,145.0
YLR099C,100.0,46.0
YLR099W-A,26.0,61.0
YLR100W,27.0,80.0
YLR101C,,
YLR102C,13.0,137.0
YLR103C,70.0,78.0
YLR104W,40.0,61.0
YLR105C,67.0,89.0
YLR106C,,
YLR107W,16.0,104.0
YLR108C,50.0,142.0
YLR109W,37.0,68.0
YLR110C,43.0,86.0
YLR111W,731.0,642.0
YLR112W,43.0,155.0
YLR113W,174.0,134.0
YLR114C,65.0,397.0
YLR115W,24.0,148.0
YLR116W,4.0,202.0
YLR117C,12.0,124.0
YLR118C,35.0,103.0
YLR119W,121.0,82.0
YLR120C,113.0,345.0
YLR120W-A,92.0,16.0
YLR121C,26.0,143.0
YLR122C,166.0,70.0
YLR123C,261.0,94.0
YLR124W,,
YLR125W,12.0,896.0
YLR126C,73.0,231.0
YLR127C,79.0,160.0
YLR128W,25.0,234.0
YLR129W,56.0,142.0
YLR130C,143.0,43.0
YLR131C,155.0,74.0
YLR132C,27.0,367.0
YLR133W,24.0,453.0
YLR134W,43.0,123.0
YLR135W,64.0,153.0
YLR136C,41.0,240.0
YLR137W,7.0,55.0
YLR138W,154.0,72.0
YLR139C,22.0,162.0
YLR140W,,
YLR141W,33.0,423.0
YLR142W,36.0,46.0
YLR143W,11.0,84.0
YLR144C,13.0,197.0
YLR145W,9.0,43.0
YLR146C,30.0,86.0
YLR146W-A,27.0,86.0
YLR147C,31.0,108.0
YLR148W,30.0,134.0
YLR149C,59.0,189.0
YLR149C-A,,
YLR150W,26.0,127.0
YLR151C,1.0,266.0
YLR152C,72.0,86.0
YLR153C,31.0,261.0
YLR154C,83.0,67.0
YLR154C-G,,
YLR154C-H,,
YLR154W-A,,
YLR154W-B,,
YLR154W-C,,
YLR154W-E,,
YLR154W-F,,
YLR155C,,
YLR156C-A,,
YLR156W,,
YLR157C,,
YLR157C-C,,
YLR157W-D,,
YLR157W-E,,
YLR158C,,
YLR159C-A,,
YLR159W,,
YLR160C,,
YLR161W,,
YLR162W,,
YLR162W-A,,
YLR163C,28.0,101.0
YLR163W-A,,
YLR164W,140.0,107.0
YLR165C,8.0,123.0
YLR166C,36.0,45.0
YLR167W,57.0,48.0
YLR168C,25.0,125.0
YLR169W,881.0,46.0
YLR170C,47.0,254.0
YLR171W,137.0,51.0
YLR172C,28.0,69.0
YLR173W,66.0,364.0
YLR174W,2236.0,99.0
YLR175W,29.0,123.0
YLR176C,506.0,99.0
YLR177W,49.0,74.0
YLR178C,30.0,54.0
YLR179C,77.0,94.0
YLR180W,56.0,248.0
YLR181C,67.0,101.0
YLR182W,33.0,121.0
YLR183C,47.0,150.0
YLR184W,,
YLR185W,21.0,97.0
YLR186W,57.0,60.0
YLR187W,231.0,154.0
YLR188W,83.0,138.0
YLR189C,60.0,129.0
YLR190W,316.0,371.0
YLR191W,49.0,74.0
YLR192C,49.0,234.0
YLR193C,47.0,166.0
YLR194C,20.0,67.0
YLR195C,31.0,71.0
YLR196W,74.0,126.0
YLR197W,36.0,186.0
YLR198C,,
YLR199C,40.0,147.0
YLR200W,28.0,127.0
YLR201C,27.0,100.0
YLR202C,1380.0,783.0
YLR203C,56.0,117.0
YLR204W,30.0,162.0
YLR205C,38.0,64.0
YLR206W,,
YLR207W,64.0,58.0
YLR208W,90.0,270.0
YLR209C,6.0,185.0
YLR210W,65.0,173.0
YLR211C,50.0,363.0
YLR212C,15.0,147.0
YLR213C,0.0,119.0
YLR214W,49.0,131.0
YLR215C,42.0,105.0
YLR216C,31.0,112.0
YLR217W,72.0,243.0
YLR218C,81.0,104.0
YLR219W,195.0,159.0
YLR220W,153.0,181.0
YLR221C,45.0,202.0
YLR222C,19.0,98.0
YLR222C-A,1960.0,9.0
YLR223C,,
YLR224W,156.0,85.0
YLR225C,44.0,123.0
YLR226W,36.0,511.0
YLR227C,338.0,148.0
YLR228C,203.0,216.0
YLR229C,209.0,90.0
YLR230W,,
YLR231C,27.0,82.0
YLR232W,,
YLR233C,46.0,282.0
YLR234W,40.0,514.0
YLR235C,896.0,1682.0
YLR236C,709.0,1944.0
YLR237W,67.0,186.0
YLR238W,78.0,109.0
YLR239C,30.0,106.0
YLR240W,33.0,169.0
YLR241W,55.0,72.0
YLR242C,103.0,33.0
YLR243W,78.0,43.0
YLR244C,18.0,56.0
YLR245C,18.0,1390.0
YLR246W,1.0,70.0
YLR247C,,
YLR248W,71.0,132.0
YLR249W,40.0,170.0
YLR250W,44.0,114.0
YLR251W,130.0,262.0
YLR252W,471.0,88.0
YLR253W,73.0,92.0
YLR254C,81.0,81.0
YLR255C,29.0,68.0
YLR256W,,
YLR257W,204.0,96.0
YLR258W,67.0,359.0
YLR259C,34.0,94.0
YLR260W,128.0,168.0
YLR261C,368.0,235.0
YLR262C,40.0,242.0
YLR262C-A,22.0,95.0
YLR263W,498.0,77.0
YLR264C-A,,
YLR264W,22.0,646.0
YLR265C,1.0,523.0
YLR266C,23.0,33.0
YLR267W,68.0,97.0
YLR268W,48.0,121.0
YLR269C,,
YLR270W,40.0,213.0
YLR271W,149.0,103.0
YLR272C,52.0,81.0
YLR273C,218.0,159.0
YLR274W,20.0,132.0
YLR275W,55.0,261.0
YLR276C,96.0,75.0
YLR277C,148.0,63.0
YLR278C,,
YLR279W,79.0,75.0
YLR280C,168.0,374.0
YLR281C,41.0,384.0
YLR282C,,
YLR283W,1.0,51.0
YLR284C,48.0,85.0
YLR285C-A,2029.0,7.0
YLR285W,6.0,108.0
YLR286C,231.0,171.0
YLR286W-A,146.0,399.0
YLR287C,70.0,228.0
YLR287C-A,19.0,210.0
YLR288C,18.0,137.0
YLR289W,30.0,136.0
YLR290C,22.0,114.0
YLR291C,32.0,169.0
YLR292C,14.0,155.0
YLR293C,37.0,101.0
YLR294C,382.0,31.0
YLR295C,39.0,247.0
YLR296W,269.0,383.0
YLR297W,109.0,296.0
YLR298C,5.0,69.0
YLR299C-A,43.0,556.0
YLR299W,82.0,129.0
YLR300W,98.0,252.0
YLR301W,30.0,110.0
YLR302C,,
YLR303W,41.0,86.0
YLR304C,39.0,247.0
YLR305C,,
YLR306W,67.0,110.0
YLR307C-A,62.0,232.0
YLR307W,77.0,98.0
YLR308W,,
YLR309C,13.0,55.0
YLR310C,,
YLR311C,1329.0,76.0
YLR312C,100.0,35.0
YLR312W-A,12.0,122.0
YLR313C,52.0,468.0
YLR314C,65.0,104.0
YLR315W,54.0,862.0
YLR316C,24.0,68.0
YLR317W,901.0,42.0
YLR318W,19.0,44.0
YLR319C,52.0,182.0
YLR320W,,
YLR321C,15.0,327.0
YLR322W,35.0,135.0
YLR323C,27.0,174.0
YLR324W,67.0,56.0
YLR325C,21.0,241.0
YLR326W,91.0,128.0
YLR327C,88.0,181.0
YLR328W,211.0,171.0
YLR329W,167.0,37.0
YLR330W,12.0,145.0
YLR331C,217.0,233.0
YLR332W,364.0,183.0
YLR333C,32.0,157.0
YLR334C,,
YLR335W,23.0,96.0
YLR336C,41.0,37.0
YLR337C,65.0,125.0
YLR338W,534.0,44.0
YLR339C,,
YLR340W,60.0,85.0
YLR341W,,
YLR342W,,
YLR342W-A,537.0,592.0
YLR343W,1371.0,63.0
YLR344W,17.0,100.0
YLR345W,71.0,83.0
YLR346C,61.0,153.0
YLR347C,120.0,331.0
YLR347W-A,1720.0,745.0
YLR348C,19.0,70.0
YLR349W,119.0,60.0
YLR350W,47.0,133.0
YLR351C,3.0,127.0
YLR352W,115.0,97.0
YLR353W,481.0,152.0
YLR354C,41.0,163.0
YLR355C,79.0,218.0
YLR356W,31.0,111.0
YLR357W,56.0,191.0
YLR358C,128.0,4154.0
YLR359W,68.0,134.0
YLR360W,74.0,139.0
YLR361C,21.0,365.0
YLR361C-A,3.0,169.0
YLR362W,65.0,116.0
YLR363C,79.0,455.0
YLR363W-A,28.0,145.0
YLR364C-A,,
YLR364W,50.0,53.0
YLR365W,90.0,1840.0
YLR366W,429.0,1528.0
YLR367W,41.0,54.0
YLR368W,54.0,44.0
YLR369W,23.0,71.0
YLR370C,40.0,168.0
YLR371W,198.0,172.0
YLR372W,144.0,102.0
YLR373C,16.0,86.0
YLR374C,,
YLR375W,32.0,92.0
YLR376C,34.0,95.0
YLR377C,,
YLR378C,205.0,156.0
YLR379W,,
YLR379W-A,,
YLR380W,103.0,135.0
YLR381W,51.0,17.0
YLR382C,82.0,75.0
YLR383W,82.0,72.0
YLR384C,520.0,93.0
YLR385C,30.0,4234.0
YLR386W,22.0,110.0
YLR387C,52.0,74.0
YLR388W,37.0,81.0
YLR389C,0.0,141.0
YLR390W,214.0,76.0
YLR390W-A,48.0,221.0
YLR392C,171.0,92.0
YLR393W,22.0,1608.0
YLR394W,893.0,128.0
YLR395C,43.0,294.0
YLR396C,57.0,56.0
YLR397C,32.0,136.0
YLR398C,40.0,68.0
YLR399C,46.0,335.0
YLR399W-A,1596.0,78.0
YLR400W,122.0,22.0
YLR401C,48.0,45.0
YLR402W,,
YLR403W,640.0,69.0
YLR404W,37.0,112.0
YLR405W,7.0,148.0
YLR406C,26.0,187.0
YLR406C-A,1341.0,522.0
YLR407W,244.0,206.0
YLR408C,12.0,86.0
YLR409C,33.0,51.0
YLR410W,61.0,84.0
YLR411W,31.0,131.0
YLR412C-A,308.0,1131.0
YLR412W,23.0,72.0
YLR413W,50.0,136.0
YLR414C,100.0,102.0
YLR415C,186.0,984.0
YLR416C,59.0,1256.0
YLR417W,87.0,86.0
YLR418C,60.0,241.0
YLR419W,61.0,82.0
YLR420W,20.0,76.0
YLR421C,4.0,207.0
YLR422W,,
YLR423C,43.0,224.0
YLR424W,21.0,97.0
YLR425W,161.0,67.0
YLR426W,25.0,78.0
YLR427W,94.0,172.0
YLR428C,73.0,132.0
YLR429W,31.0,125.0
YLR430W,,
YLR431C,157.0,208.0
YLR432W,116.0,99.0
YLR433C,114.0,216.0
YLR434C,692.0,1956.0
YLR435W,79.0,150.0
YLR436C,84.0,20.0
YLR437C,69.0,154.0
YLR437C-A,534.0,991.0
YLR438C-A,62.0,85.0
YLR438W,35.0,109.0
YLR439W,58.0,139.0
YLR440C,69.0,115.0
YLR441C,28.0,217.0
YLR442C,38.0,99.0
YLR443W,137.0,101.0
YLR444C,17.0,300.0
YLR445W,,
YLR446W,86.0,276.0
YLR447C,54.0,152.0
YLR448W,16.0,157.0
YLR449W,39.0,83.0
YLR450W,158.0,89.0
YLR451W,92.0,191.0
YLR452C,172.0,187.0
YLR453C,24.0,830.0
YLR454W,,
YLR455W,236.0,411.0
YLR456W,12.0,68.0
YLR457C,9.0,148.0
YLR458W,,
YLR459W,12.0,57.0
YLR460C,46.0,57.0
YLR461W,,
YLR462W,,
YLR463C,,
YLR464W,,
YLR465C,,
YLR466C-A,,
YLR466C-B,,
YLR466W,,
YLR467C-A,,
YLR467W,,
YML001W,93.0,136.0
YML002W,241.0,179.0
YML003W,10.0,349.0
YML004C,15.0,136.0
YML005W,7.0,58.0
YML006C,154.0,74.0
YML007C-A,1.0,1406.0
YML007W,162.0,219.0
YML008C,34.0,101.0
YML009C,42.0,142.0
YML009C-A,,
YML009W-B,741.0,211.0
YML010W,38.0,254.0
YML011C,36.0,114.0
YML012C-A,1479.0,244.0
YML012W,41.0,132.0
YML013W,4.0,203.0
YML014W,10.0,96.0
YML015C,31.0,121.0
YML016C,,
YML017W,70.0,328.0
YML018C,73.0,128.0
YML019W,13.0,261.0
YML020W,176.0,169.0
YML021C,17.0,144.0
YML022W,22.0,208.0
YML023C,44.0,49.0
YML024W,26.0,61.0
YML025C,42.0,106.0
YML026C,22.0,228.0
YML027W,71.0,170.0
YML028W,29.0,106.0
YML029W,80.0,275.0
YML030W,23.0,232.0
YML031C-A,,
YML031W,42.0,76.0
YML032C,40.0,299.0
YML034C-A,,
YML034W,68.0,168.0
YML035C,164.0,165.0
YML036W,35.0,52.0
YML037C,59.0,1788.0
YML038C,154.0,215.0
YML041C,51.0,83.0
YML042W,149.0,118.0
YML043C,162.0,139.0
YML046W,88.0,68.0
YML047C,,
YML047W-A,,
YML048W,45.0,193.0
YML049C,,
YML050W,6.0,110.0
YML051W,30.0,100.0
YML052W,30.0,105.0
YML053C,68.0,45.0
YML054C,43.0,88.0
YML054C-A,,
YML055W,36.0,43.0
YML056C,54.0,113.0
YML057C-A,,
YML057W,83.0,71.0
YML058W,22.0,264.0
YML058W-A,43.0,132.0
YML059C,,
YML060W,46.0,167.0
YML061C,150.0,70.0
YML062C,32.0,69.0
YML063W,26.0,38.0
YML064C,86.0,188.0
YML065W,94.0,91.0
YML066C,,
YML067C,11.0,32.0
YML068W,76.0,148.0
YML069W,57.0,67.0
YML070W,44.0,70.0
YML071C,76.0,44.0
YML072C,170.0,141.0
YML073C,17.0,77.0
YML074C,26.0,101.0
YML075C,78.0,109.0
YML076C,16.0,155.0
YML077W,0.0,126.0
YML078W,25.0,151.0
YML079W,9.0,57.0
YML080W,124.0,108.0
YML081C-A,59.0,108.0
YML081W,145.0,74.0
YML082W,55.0,142.0
YML083C,2777.0,361.0
YML084W,,
YML085C,51.0,173.0
YML086C,156.0,116.0
YML087C,10.0,109.0
YML088W,32.0,59.0
YML089C,172.0,235.0
YML090W,,
YML091C,,
YML092C,21.0,108.0
YML093W,24.0,100.0
YML094C-A,263.0,1312.0
YML094W,17.0,95.0
YML095C,26.0,235.0
YML096W,24.0,121.0
YML097C,49.0,85.0
YML098W,24.0,159.0
YML099C,28.0,447.0
YML099W-A,,
YML100W,41.0,115.0
YML100W-A,455.0,237.0
YML101C,51.0,38.0
YML101C-A,21.0,64.0
YML102W,6.0,53.0
YML103C,,
YML104C,36.0,60.0
YML105C,31.0,110.0
YML106W,305.0,65.0
YML107C,13.0,21.0
YML108W,21.0,200.0
YML109W,53.0,80.0
YML110C,42.0,180.0
YML111W,61.0,151.0
YML112W,27.0,86.0
YML113W,38.0,127.0
YML114C,179.0,70.0
YML115C,43.0,177.0
YML116W,90.0,153.0
YML116W-A,303.0,42.0
YML117W,145.0,165.0
YML118W,121.0,37.0
YML119W,20.0,60.0
YML120C,60.0,364.0
YML121W,63.0,182.0
YML122C,8.0,158.0
YML123C,39.0,138.0
YML124C,27.0,143.0
YML125C,23.0,76.0
YML126C,,
YML127W,80.0,177.0
YML128C,48.0,187.0
YML129C,22.0,196.0
YML130C,101.0,94.0
YML131W,40.0,193.0
YML132W,,
YML133C,,
YML133W-A,,
YML133W-B,,
YMR001C,351.0,159.0
YMR001C-A,23.0,219.0
YMR002W,34.0,244.0
YMR003W,41.0,84.0
YMR004W,60.0,148.0
YMR005W,71.0,85.0
YMR006C,58.0,101.0
YMR007W,12.0,162.0
YMR008C,108.0,339.0
YMR008C-A,66.0,405.0
YMR009W,53.0,80.0
YMR010W,228.0,105.0
YMR011W,38.0,115.0
YMR012W,128.0,136.0
YMR013C,70.0,87.0
YMR013C-A,188.0,1379.0
YMR013W-A,4.0,84.0
YMR014W,26.0,98.0
YMR015C,54.0,190.0
YMR016C,224.0,135.0
YMR017W,128.0,85.0
YMR018W,907.0,65.0
YMR019W,,
YMR020W,101.0,91.0
YMR021C,23.0,276.0
YMR022W,29.0,158.0
YMR023C,22.0,56.0
YMR024W,9.0,129.0
YMR025W,12.0,41.0
YMR026C,96.0,89.0
YMR027W,78.0,57.0
YMR028W,20.0,102.0
YMR029C,29.0,86.0
YMR030W,146.0,108.0
YMR030W-A,405.0,43.0
YMR031C,79.0,172.0
YMR031W-A,,
YMR032W,104.0,154.0
YMR033W,43.0,155.0
YMR034C,208.0,107.0
YMR035W,29.0,101.0
YMR036C,42.0,138.0
YMR037C,429.0,240.0
YMR038C,30.0,127.0
YMR039C,100.0,62.0
YMR040W,92.0,78.0
YMR041C,18.0,121.0
YMR042W,17.0,457.0
YMR043W,7.0,63.0
YMR044W,16.0,184.0
YMR046W-A,286.0,116.0
YMR047C,75.0,85.0
YMR048W,25.0,109.0
YMR049C,34.0,60.0
YMR052C-A,273.0,24.0
YMR052W,11.0,138.0
YMR053C,0.0,110.0
YMR054W,214.0,118.0
YMR055C,29.0,79.0
YMR056C,81.0,125.0
YMR057C,,
YMR058W,55.0,139.0
YMR059W,41.0,103.0
YMR060C,21.0,41.0
YMR061W,24.0,61.0
YMR062C,15.0,111.0
YMR063W,37.0,1776.0
YMR064W,863.0,113.0
YMR065W,,
YMR066W,28.0,70.0
YMR067C,27.0,33.0
YMR068W,14.0,94.0
YMR069W,1444.0,469.0
YMR070W,197.0,150.0
YMR071C,80.0,69.0
YMR072W,22.0,138.0
YMR073C,27.0,96.0
YMR074C,12.0,49.0
YMR075C-A,,
YMR075W,1.0,114.0
YMR076C,90.0,139.0
YMR077C,1.0,198.0
YMR078C,13.0,122.0
YMR079W,35.0,330.0
YMR080C,70.0,422.0
YMR081C,138.0,188.0
YMR082C,,
YMR083W,54.0,94.0
YMR084W,316.0,1482.0
YMR085W,289.0,45.0
YMR086C-A,788.0,1410.0
YMR086W,57.0,138.0
YMR087W,58.0,34.0
YMR088C,142.0,114.0
YMR089C,199.0,179.0
YMR090W,46.0,43.0
YMR091C,11.0,67.0
YMR092C,82.0,72.0
YMR093W,50.0,103.0
YMR094W,10.0,621.0
YMR095C,172.0,315.0
YMR096W,29.0,140.0
YMR097C,50.0,50.0
YMR098C,82.0,74.0
YMR099C,23.0,89.0
YMR100W,354.0,220.0
YMR101C,237.0,194.0
YMR102C,157.0,119.0
YMR103C,2258.0,54.0
YMR104C,69.0,572.0
YMR105C,59.0,150.0
YMR105W-A,679.0,63.0
YMR106C,40.0,127.0
YMR107W,38.0,152.0
YMR108W,191.0,161.0
YMR109W,41.0,82.0
YMR110C,9.0,152.0
YMR111C,82.0,152.0
YMR112C,4.0,121.0
YMR113W,57.0,62.0
YMR114C,54.0,91.0
YMR115W,48.0,125.0
YMR116C,29.0,154.0
YMR117C,42.0,1925.0
YMR118C,89.0,60.0
YMR119W,185.0,134.0
YMR119W-A,842.0,80.0
YMR120C,43.0,163.0
YMR121C,35.0,52.0
YMR122C,679.0,17.0
YMR122W-A,44.0,232.0
YMR123W,28.0,88.0
YMR124W,279.0,80.0
YMR125W,75.0,136.0
YMR126C,189.0,96.0
YMR127C,92.0,208.0
YMR128W,46.0,77.0
YMR129W,58.0,106.0
YMR130W,76.0,75.0
YMR131C,45.0,72.0
YMR132C,87.0,222.0
YMR133W,3.0,397.0
YMR134W,39.0,8.0
YMR135C,53.0,176.0
YMR135W-A,,
YMR136W,98.0,72.0
YMR137C,40.0,16.0
YMR138W,0.0,76.0
YMR139W,192.0,235.0
YMR140W,52.0,840.0
YMR141C,26.0,1265.0
YMR141W-A,384.0,1851.0
YMR142C,34.0,98.0
YMR143W,21.0,83.0
YMR144W,126.0,169.0
YMR145C,203.0,199.0
YMR146C,38.0,85.0
YMR147W,24.0,165.0
YMR148W,1191.0,165.0
YMR149W,,
YMR150C,,
YMR151W,307.0,1323.0
YMR152W,11.0,73.0
YMR153C-A,42.0,268.0
YMR153W,52.0,149.0
YMR154C,21.0,204.0
YMR155W,22.0,159.0
YMR156C,12.0,56.0
YMR157C,46.0,100.0
YMR158C-A,1562.0,87.0
YMR158W,56.0,85.0
YMR158W-B,,
YMR159C,2537.0,1369.0
YMR160W,47.0,43.0
YMR161W,49.0,381.0
YMR162C,,
YMR163C,145.0,56.0
YMR164C,,
YMR165C,108.0,106.0
YMR166C,253.0,230.0
YMR167W,19.0,369.0
YMR168C,36.0,791.0
YMR169C,322.0,55.0
YMR170C,26.0,139.0
YMR171C,196.0,234.0
YMR172C-A,,
YMR172W,16.0,127.0
YMR173W,54.0,115.0
YMR173W-A,262.0,15.0
YMR174C,34.0,162.0
YMR175W,21.0,116.0
YMR175W-A,,
YMR176W,102.0,57.0
YMR177W,137.0,84.0
YMR178W,47.0,51.0
YMR179W,156.0,112.0
YMR180C,25.0,144.0
YMR181C,178.0,288.0
YMR182C,113.0,442.0
YMR182W-A,224.0,143.0
YMR183C,77.0,244.0
YMR184W,48.0,41.0
YMR185W,22.0,65.0
YMR186W,27.0,91.0
YMR187C,22.0,231.0
YMR188C,74.0,131.0
YMR189W,106.0,79.0
YMR190C,171.0,132.0
YMR191W,,
YMR192W,80.0,80.0
YMR193C-A,,
YMR193W,31.0,123.0
YMR194C-A,49.0,104.0
YMR194C-B,36.0,47.0
YMR194W,17.0,74.0
YMR195W,5.0,125.0
YMR196W,77.0,106.0
YMR197C,38.0,176.0
YMR198W,286.0,103.0
YMR199W,198.0,118.0
YMR200W,121.0,347.0
YMR201C,19.0,62.0
YMR202W,25.0,66.0
YMR203W,65.0,206.0
YMR204C,20.0,286.0
YMR205C,55.0,112.0
YMR206W,154.0,77.0
YMR207C,,
YMR208W,18.0,109.0
YMR209C,33.0,104.0
YMR210W,23.0,59.0
YMR211W,18.0,135.0
YMR212C,142.0,118.0
YMR213W,16.0,37.0
YMR214W,30.0,123.0
YMR215W,78.0,128.0
YMR216C,178.0,112.0
YMR217W,59.0,100.0
YMR218C,32.0,81.0
YMR219W,,
YMR220W,18.0,73.0
YMR221C,21.0,84.0
YMR222C,40.0,84.0
YMR223W,218.0,442.0
YMR224C,48.0,89.0
YMR225C,21.0,184.0
YMR226C,50.0,61.0
YMR227C,53.0,112.0
YMR228W,19.0,105.0
YMR229C,,
YMR230W,32.0,93.0
YMR230W-A,886.0,51.0
YMR231W,52.0,188.0
YMR232W,,
YMR233W,45.0,205.0
YMR234W,73.0,144.0
YMR235C,44.0,188.0
YMR236W,10.0,46.0
YMR237W,84.0,163.0
YMR238W,134.0,90.0
YMR239C,50.0,149.0
YMR240C,56.0,52.0
YMR241W,145.0,52.0
YMR242C,30.0,107.0
YMR242W-A,,
YMR243C,111.0,194.0
YMR244C-A,67.0,188.0
YMR244W,,
YMR245W,153.0,59.0
YMR246W,227.0,180.0
YMR247C,,
YMR247W-A,,
YMR250W,43.0,94.0
YMR251W,241.0,695.0
YMR251W-A,41.0,282.0
YMR252C,43.0,183.0
YMR253C,51.0,26.0
YMR254C,854.0,2821.0
YMR255W,53.0,123.0
YMR256C,29.0,167.0
YMR257C,388.0,236.0
YMR258C,39.0,33.0
YMR259C,59.0,50.0
YMR260C,25.0,160.0
YMR261C,86.0,145.0
YMR262W,55.0,220.0
YMR263W,26.0,70.0
YMR264W,46.0,134.0
YMR265C,3.0,81.0
YMR266W,78.0,187.0
YMR267W,112.0,155.0
YMR268C,42.0,166.0
YMR269W,30.0,55.0
YMR270C,141.0,139.0
YMR271C,65.0,157.0
YMR272C,39.0,175.0
YMR272W-A,,
YMR272W-B,,
YMR273C,199.0,75.0
YMR274C,47.0,63.0
YMR275C,51.0,127.0
YMR276W,28.0,108.0
YMR277W,119.0,129.0
YMR278W,40.0,107.0
YMR279C,29.0,67.0
YMR280C,82.0,57.0
YMR281W,74.0,95.0
YMR282C,58.0,133.0
YMR283C,132.0,77.0
YMR284W,26.0,98.0
YMR285C,8.0,158.0
YMR286W,17.0,124.0
YMR287C,75.0,110.0
YMR288W,21.0,54.0
YMR289W,18.0,516.0
YMR290C,27.0,248.0
YMR290W-A,,
YMR291W,83.0,152.0
YMR292W,30.0,101.0
YMR293C,30.0,89.0
YMR294W,27.0,139.0
YMR294W-A,,
YMR295C,55.0,190.0
YMR296C,102.0,84.0
YMR297W,72.0,108.0
YMR298W,22.0,114.0
YMR299C,10.0,113.0
YMR300C,126.0,63.0
YMR301C,67.0,54.0
YMR302C,75.0,101.0
YMR303C,58.0,97.0
YMR304C-A,1209.0,51.0
YMR304W,196.0,279.0
YMR305C,115.0,188.0
YMR306C-A,303.0,804.0
YMR306W,,
YMR307C-A,,
YMR307W,35.0,177.0
YMR308C,147.0,75.0
YMR309C,56.0,228.0
YMR310C,45.0,68.0
YMR311C,39.0,130.0
YMR312W,22.0,106.0
YMR313C,38.0,179.0
YMR314W,43.0,158.0
YMR315W,42.0,111.0
YMR315W-A,79.0,1511.0
YMR316C-A,860.0,448.0
YMR316C-B,1165.0,123.0
YMR316W,64.0,69.0
YMR317W,,
YMR318C,27.0,152.0
YMR319C,79.0,226.0
YMR320W,1285.0,491.0
YMR321C,,
YMR322C,,
YMR323W,,
YMR324C,,
YMR325W,,
YMR326C,,
YNL001W,11.0,67.0
YNL002C,17.0,65.0
YNL003C,32.0,186.0
YNL004W,20.0,138.0
YNL005C,45.0,76.0
YNL006W,11.0,347.0
YNL007C,127.0,52.0
YNL008C,48.0,39.0
YNL009W,34.0,140.0
YNL010W,39.0,125.0
YNL011C,34.0,81.0
YNL012W,11.0,159.0
YNL013C,,
YNL014W,,
YNL015W,35.0,88.0
YNL016W,58.0,27.0
YNL017C,,
YNL018C,,
YNL019C,27.0,114.0
YNL020C,45.0,152.0
YNL021W,60.0,133.0
YNL022C,25.0,95.0
YNL023C,62.0,73.0
YNL024C,19.0,103.0
YNL024C-A,54.0,269.0
YNL025C,27.0,697.0
YNL026W,19.0,122.0
YNL027W,109.0,105.0
YNL028W,1195.0,296.0
YNL029C,45.0,90.0
YNL030W,30.0,176.0
YNL031C,16.0,250.0
YNL032W,140.0,130.0
YNL033W,12.0,111.0
YNL034W,,
YNL035C,32.0,214.0
YNL036W,51.0,55.0
YNL037C,105.0,126.0
YNL038W,11.0,113.0
YNL039W,18.0,53.0
YNL040W,29.0,153.0
YNL041C,55.0,179.0
YNL042W,765.0,103.0
YNL042W-B,,
YNL043C,113.0,37.0
YNL044W,71.0,168.0
YNL045W,10.0,67.0
YNL046W,186.0,154.0
YNL047C,29.0,83.0
YNL048W,27.0,100.0
YNL049C,14.0,92.0
YNL050C,19.0,65.0
YNL051W,0.0,41.0
YNL052W,31.0,268.0
YNL053W,120.0,134.0
YNL054W,76.0,332.0
YNL055C,39.0,61.0
YNL056W,25.0,167.0
YNL057W,1218.0,1191.0
YNL058C,28.0,107.0
YNL059C,16.0,110.0
YNL061W,18.0,159.0
YNL062C,29.0,101.0
YNL063W,124.0,43.0
YNL064C,193.0,122.0
YNL065W,93.0,127.0
YNL066W,195.0,198.0
YNL067W,33.0,230.0
YNL067W-A,56.0,453.0
YNL067W-B,,
YNL068C,210.0,170.0
YNL069C,15.0,156.0
YNL070W,53.0,137.0
YNL071W,31.0,155.0
YNL072W,21.0,83.0
YNL073W,17.0,93.0
YNL074C,46.0,157.0
YNL075W,0.0,73.0
YNL076W,272.0,79.0
YNL077W,117.0,62.0
YNL078W,9.0,90.0
YNL079C,40.0,180.0
YNL080C,172.0,98.0
YNL081C,34.0,177.0
YNL082W,45.0,83.0
YNL083W,30.0,338.0
YNL084C,54.0,77.0
YNL085W,266.0,295.0
YNL086W,87.0,88.0
YNL087W,67.0,205.0
YNL088W,,
YNL089C,191.0,110.0
YNL090W,144.0,358.0
YNL091W,141.0,72.0
YNL092W,65.0,80.0
YNL093W,260.0,275.0
YNL094W,275.0,51.0
YNL095C,166.0,245.0
YNL096C,44.0,216.0
YNL097C,108.0,120.0
YNL097C-B,,
YNL097W-A,129.0,21.0
YNL098C,15.0,53.0
YNL099C,33.0,262.0
YNL100W,42.0,116.0
YNL101W,187.0,190.0
YNL102W,102.0,107.0
YNL103W,156.0,83.0
YNL103W-A,649.0,302.0
YNL104C,110.0,142.0
YNL105W,,
YNL106C,102.0,82.0
YNL107W,3.0,162.0
YNL108C,38.0,154.0
YNL109W,95.0,376.0
YNL110C,38.0,120.0
YNL111C,31.0,241.0
YNL112W,41.0,133.0
YNL113W,48.0,179.0
YNL114C,235.0,408.0
YNL115C,21.0,153.0
YNL116W,61.0,159.0
YNL117W,6.0,82.0
YNL118C,52.0,113.0
YNL119W,8.0,132.0
YNL120C,,
YNL121C,48.0,236.0
YNL122C,59.0,212.0
YNL123W,33.0,64.0
YNL124W,28.0,88.0
YNL125C,176.0,97.0
YNL126W,55.0,76.0
YNL127W,53.0,154.0
YNL128W,48.0,141.0
YNL129W,5.0,123.0
YNL130C,42.0,112.0
YNL130C-A,464.0,19.0
YNL131W,47.0,325.0
YNL132W,91.0,87.0
YNL133C,20.0,114.0
YNL134C,45.0,51.0
YNL135C,31.0,193.0
YNL136W,9.0,105.0
YNL137C,94.0,219.0
YNL138W,26.0,145.0
YNL138W-A,83.0,75.0
YNL139C,,
YNL140C,386.0,211.0
YNL141W,25.0,115.0
YNL142W,335.0,89.0
YNL143C,,
YNL144C,115.0,63.0
YNL144W-A,211.0,472.0
YNL145W,41.0,169.0
YNL146C-A,467.0,51.0
YNL146W,70.0,310.0
YNL147W,45.0,43.0
YNL148C,11.0,166.0
YNL149C,18.0,105.0
YNL150W,,
YNL151C,50.0,145.0
YNL152W,26.0,68.0
YNL153C,37.0,221.0
YNL154C,214.0,146.0
YNL155W,104.0,125.0
YNL156C,171.0,123.0
YNL157W,24.0,81.0
YNL158W,36.0,731.0
YNL159C,21.0,565.0
YNL160W,55.0,228.0
YNL161W,140.0,89.0
YNL162W,30.0,90.0
YNL162W-A,17.0,375.0
YNL163C,65.0,119.0
YNL164C,165.0,67.0
YNL165W,77.0,151.0
YNL166C,10.0,95.0
YNL167C,344.0,217.0
YNL168C,34.0,156.0
YNL169C,107.0,87.0
YNL170W,923.0,967.0
YNL171C,,
YNL172W,,
YNL173C,40.0,95.0
YNL174W,,
YNL175C,36.0,121.0
YNL176C,179.0,251.0
YNL177C,49.0,168.0
YNL178W,18.0,59.0
YNL179C,1557.0,2980.0
YNL180C,192.0,91.0
YNL181W,69.0,85.0
YNL182C,60.0,85.0
YNL183C,204.0,127.0
YNL184C,,
YNL185C,97.0,127.0
YNL186W,153.0,107.0
YNL187W,166.0,384.0
YNL188W,98.0,22.0
YNL189W,192.0,121.0
YNL190W,240.0,619.0
YNL191W,62.0,76.0
YNL192W,148.0,189.0
YNL193W,24.0,53.0
YNL194C,90.0,1286.0
YNL195C,38.0,99.0
YNL196C,,
YNL197C,360.0,692.0
YNL198C,,
YNL199C,128.0,177.0
YNL200C,100.0,76.0
YNL201C,271.0,129.0
YNL202W,20.0,126.0
YNL203C,246.0,1231.0
YNL204C,1019.0,167.0
YNL205C,208.0,1440.0
YNL206C,7.0,73.0
YNL207W,125.0,50.0
YNL208W,19.0,95.0
YNL209W,23.0,119.0
YNL210W,970.0,2655.0
YNL211C,51.0,178.0
YNL212W,60.0,147.0
YNL213C,88.0,124.0
YNL214W,21.0,254.0
YNL215W,33.0,48.0
YNL216W,83.0,136.0
YNL217W,27.0,107.0
YNL218W,243.0,64.0
YNL219C,146.0,167.0
YNL220W,91.0,107.0
YNL221C,62.0,142.0
YNL222W,37.0,176.0
YNL223W,4.0,68.0
YNL224C,89.0,137.0
YNL225C,47.0,107.0
YNL226W,145.0,39.0
YNL227C,52.0,72.0
YNL228W,608.0,185.0
YNL229C,217.0,10.0
YNL230C,63.0,379.0
YNL231C,148.0,77.0
YNL232W,62.0,69.0
YNL233W,185.0,85.0
YNL234W,33.0,131.0
YNL235C,,
YNL236W,47.0,91.0
YNL237W,47.0,184.0
YNL238W,282.0,132.0
YNL239W,51.0,130.0
YNL240C,21.0,110.0
YNL241C,59.0,198.0
YNL242W,94.0,52.0
YNL243W,53.0,86.0
YNL244C,33.0,134.0
YNL245C,19.0,619.0
YNL246W,7.0,278.0
YNL247W,4.0,98.0
YNL248C,38.0,201.0
YNL249C,22.0,547.0
YNL250W,35.0,180.0
YNL251C,272.0,75.0
YNL252C,20.0,129.0
YNL253W,32.0,156.0
YNL254C,48.0,995.0
YNL255C,27.0,281.0
YNL256W,52.0,60.0
YNL257C,101.0,90.0
YNL258C,8.0,85.0
YNL259C,29.0,90.0
YNL260C,40.0,356.0
YNL261W,71.0,102.0
YNL262W,,
YNL263C,143.0,100.0
YNL264C,4.0,142.0
YNL265C,21.0,150.0
YNL266W,,
YNL267W,79.0,131.0
YNL268W,55.0,133.0
YNL269W,608.0,533.0
YNL270C,186.0,94.0
YNL271C,,
YNL272C,96.0,112.0
YNL273W,49.0,54.0
YNL274C,67.0,106.0
YNL275W,17.0,89.0
YNL276C,11.0,1368.0
YNL277W,110.0,120.0
YNL277W-A,2.0,318.0
YNL278W,116.0,196.0
YNL279W,0.0,260.0
YNL280C,73.0,105.0
YNL281W,429.0,158.0
YNL282W,15.0,814.0
YNL283C,366.0,118.0
YNL284C,,
YNL285W,,
YNL286W,95.0,81.0
YNL287W,189.0,232.0
YNL288W,125.0,152.0
YNL289W,37.0,122.0
YNL290W,8.0,75.0
YNL291C,198.0,120.0
YNL292W,9.0,111.0
YNL293W,41.0,101.0
YNL294C,179.0,155.0
YNL295W,137.0,137.0
YNL296W,,
YNL297C,,
YNL298W,189.0,106.0
YNL299W,84.0,59.0
YNL300W,92.0,256.0
YNL301C,24.0,160.0
YNL302C,21.0,129.0
YNL303W,,
YNL304W,50.0,127.0
YNL305C,31.0,88.0
YNL306W,26.0,114.0
YNL307C,163.0,343.0
YNL308C,37.0,140.0
YNL309W,65.0,127.0
YNL310C,49.0,89.0
YNL311C,14.0,59.0
YNL312W,39.0,78.0
YNL313C,15.0,87.0
YNL314W,3.0,97.0
YNL315C,10.0,109.0
YNL316C,56.0,50.0
YNL317W,11.0,103.0
YNL318C,393.0,107.0
YNL319W,,
YNL320W,57.0,125.0
YNL321W,35.0,130.0
YNL322C,18.0,77.0
YNL323W,44.0,116.0
YNL324W,,
YNL325C,25.0,49.0
YNL326C,46.0,113.0
YNL327W,31.0,118.0
YNL328C,71.0,308.0
YNL329C,18.0,60.0
YNL330C,55.0,120.0
YNL331C,184.0,214.0
YNL332W,,
YNL333W,,
YNL334C,,
YNL335W,,
YNL336W,,
YNL337W,,
YNL338W,,
YNL339C,,
YNL339W-A,,
YNL339W-B,,
YNR001C,100.0,120.0
YNR001W-A,57.0,325.0
YNR002C,37.0,148.0
YNR003C,29.0,100.0
YNR003W-A,,
YNR004W,26.0,406.0
YNR005C,,
YNR006W,28.0,86.0
YNR007C,53.0,303.0
YNR008W,31.0,245.0
YNR009W,84.0,168.0
YNR010W,42.0,117.0
YNR011C,10.0,157.0
YNR012W,92.0,79.0
YNR013C,43.0,102.0
YNR014W,51.0,169.0
YNR015W,11.0,100.0
YNR016C,,
YNR017W,212.0,138.0
YNR018W,50.0,126.0
YNR019W,42.0,144.0
YNR020C,,
YNR021W,27.0,184.0
YNR022C,33.0,113.0
YNR023W,40.0,123.0
YNR024W,16.0,127.0
YNR025C,,
YNR026C,36.0,337.0
YNR027W,69.0,261.0
YNR028W,67.0,90.0
YNR029C,29.0,88.0
YNR030W,61.0,154.0
YNR031C,,
YNR032C-A,4.0,102.0
YNR032W,105.0,102.0
YNR033W,6.0,65.0
YNR034W,112.0,248.0
YNR034W-A,72.0,103.0
YNR035C,8.0,45.0
YNR036C,10.0,160.0
YNR037C,31.0,111.0
YNR038W,4.0,142.0
YNR039C,43.0,71.0
YNR040W,0.0,65.0
YNR041C,28.0,42.0
YNR042W,371.0,86.0
YNR043W,20.0,147.0
YNR044W,117.0,69.0
YNR045W,31.0,49.0
YNR046W,12.0,112.0
YNR047W,65.0,259.0
YNR048W,55.0,188.0
YNR049C,18.0,90.0
YNR050C,39.0,123.0
YNR051C,741.0,437.0
YNR052C,94.0,51.0
YNR053C,27.0,190.0
YNR054C,35.0,44.0
YNR055C,457.0,78.0
YNR056C,112.0,160.0
YNR057C,15.0,89.0
YNR058W,266.0,30.0
YNR059W,107.0,91.0
YNR060W,30.0,60.0
YNR061C,86.0,314.0
YNR062C,273.0,234.0
YNR063W,81.0,1001.0
YNR064C,11.0,229.0
YNR065C,470.0,84.0
YNR066C,4.0,1658.0
YNR067C,46.0,98.0
YNR068C,1863.0,239.0
YNR069C,158.0,935.0
YNR070W,,
YNR071C,388.0,130.0
YNR072W,537.0,90.0
YNR073C,0.0,132.0
YNR074C,151.0,83.0
YNR075C-A,,
YNR075W,0.0,1376.0
YNR076W,2002.0,136.0
YNR077C,,
YOL001W,378.0,153.0
YOL002C,7.0,74.0
YOL003C,24.0,110.0
YOL004W,189.0,39.0
YOL005C,37.0,51.0
YOL006C,27.0,159.0
YOL007C,85.0,352.0
YOL008W,16.0,153.0
YOL009C,2.0,59.0
YOL010W,55.0,102.0
YOL011W,747.0,278.0
YOL012C,98.0,160.0
YOL013C,167.0,54.0
YOL013W-A,762.0,3354.0
YOL013W-B,405.0,3612.0
YOL014W,188.0,239.0
YOL015W,667.0,138.0
YOL016C,106.0,121.0
YOL017W,35.0,120.0
YOL018C,65.0,180.0
YOL019W,142.0,221.0
YOL019W-A,,
YOL020W,66.0,114.0
YOL021C,53.0,98.0
YOL022C,30.0,97.0
YOL023W,8.0,171.0
YOL024W,18.0,43.0
YOL025W,56.0,40.0
YOL026C,11.0,91.0
YOL027C,3.0,230.0
YOL028C,217.0,827.0
YOL029C,817.0,7.0
YOL030W,48.0,149.0
YOL031C,75.0,116.0
YOL032W,96.0,48.0
YOL033W,58.0,87.0
YOL034W,27.0,78.0
YOL035C,,
YOL036W,372.0,140.0
YOL037C,58.0,40.0
YOL038C-A,64.0,187.0
YOL038W,34.0,59.0
YOL039W,28.0,194.0
YOL040C,52.0,92.0
YOL041C,51.0,143.0
YOL042W,59.0,268.0
YOL043C,83.0,103.0
YOL044W,64.0,64.0
YOL045W,506.0,129.0
YOL046C,,
YOL047C,,
YOL048C,48.0,73.0
YOL049W,42.0,111.0
YOL050C,136.0,138.0
YOL051W,190.0,128.0
YOL052C,65.0,115.0
YOL052C-A,33.0,276.0
YOL053W,16.0,119.0
YOL054W,59.0,114.0
YOL055C,47.0,93.0
YOL056W,65.0,167.0
YOL057W,27.0,147.0
YOL058W,72.0,134.0
YOL059W,4.0,247.0
YOL060C,66.0,275.0
YOL061W,57.0,136.0
YOL062C,20.0,70.0
YOL063C,73.0,50.0
YOL064C,32.0,107.0
YOL065C,27.0,142.0
YOL066C,44.0,64.0
YOL067C,23.0,1622.0
YOL068C,662.0,5.0
YOL069W,17.0,154.0
YOL070C,12.0,161.0
YOL071W,4.0,124.0
YOL072W,22.0,134.0
YOL073C,36.0,51.0
YOL075C,85.0,177.0
YOL076W,22.0,108.0
YOL077C,28.0,76.0
YOL077W-A,34.0,130.0
YOL078W,22.0,95.0
YOL079W,373.0,446.0
YOL080C,44.0,154.0
YOL081W,,
YOL082W,270.0,97.0
YOL083C-A,170.0,195.0
YOL083W,94.0,76.0
YOL084W,,
YOL085C,,
YOL085W-A,623.0,345.0
YOL086C,38.0,89.0
YOL086W-A,48.0,94.0
YOL087C,281.0,135.0
YOL088C,22.0,144.0
YOL089C,62.0,172.0
YOL090W,38.0,82.0
YOL091W,70.0,83.0
YOL092W,41.0,42.0
YOL093W,26.0,106.0
YOL094C,57.0,43.0
YOL095C,33.0,65.0
YOL096C,29.0,134.0
YOL097C,25.0,87.0
YOL097W-A,138.0,44.0
YOL098C,64.0,263.0
YOL099C,,
YOL100W,42.0,63.0
YOL101C,25.0,104.0
YOL102C,1.0,94.0
YOL103W,164.0,162.0
YOL104C,57.0,421.0
YOL105C,276.0,127.0
YOL106W,1181.0,13.0
YOL107W,57.0,326.0
YOL108C,4.0,222.0
YOL109W,56.0,154.0
YOL110W,12.0,151.0
YOL111C,49.0,71.0
YOL112W,176.0,79.0
YOL113W,39.0,93.0
YOL114C,17.0,41.0
YOL115W,66.0,121.0
YOL116W,131.0,232.0
YOL117W,37.0,105.0
YOL118C,438.0,1734.0
YOL119C,68.0,147.0
YOL120C,20.0,88.0
YOL121C,20.0,79.0
YOL122C,40.0,127.0
YOL123W,380.0,139.0
YOL124C,28.0,58.0
YOL125W,55.0,32.0
YOL126C,76.0,239.0
YOL127W,25.0,79.0
YOL128C,1.0,217.0
YOL129W,20.0,143.0
YOL130W,252.0,349.0
YOL131W,451.0,374.0
YOL132W,993.0,52.0
YOL133W,34.0,358.0
YOL134C,,
YOL135C,27.0,160.0
YOL136C,222.0,334.0
YOL137W,56.0,249.0
YOL138C,52.0,48.0
YOL139C,80.0,126.0
YOL140W,53.0,87.0
YOL141W,38.0,1585.0
YOL142W,13.0,63.0
YOL143C,38.0,73.0
YOL144W,48.0,61.0
YOL145C,51.0,137.0
YOL146W,13.0,60.0
YOL147C,22.0,151.0
YOL148C,,
YOL149W,,
YOL150C,,
YOL151W,17.0,69.0
YOL152W,13.0,123.0
YOL154W,642.0,96.0
YOL155C,54.0,105.0
YOL155W-A,,
YOL156W,,
YOL157C,50.0,98.0
YOL158C,126.0,152.0
YOL159C,18.0,69.0
YOL159C-A,89.0,531.0
YOL160W,73.0,157.0
YOL161C,,
YOL162W,23.0,121.0
YOL163W,763.0,323.0
YOL164W,278.0,90.0
YOL164W-A,,
YOL165C,,
YOL166C,,
YOL166W-A,,
YOR001W,40.0,76.0
YOR002W,40.0,67.0
YOR003W,59.0,182.0
YOR004W,44.0,141.0
YOR005C,34.0,110.0
YOR006C,40.0,72.0
YOR007C,5.0,96.0
YOR008C,217.0,313.0
YOR008C-A,293.0,85.0
YOR008W-B,76.0,1900.0
YOR009W,482.0,132.0
YOR010C,47.0,92.0
YOR011W,,
YOR011W-A,,
YOR012W,24.0,334.0
YOR013W,232.0,69.0
YOR014W,254.0,453.0
YOR015W,2573.0,48.0
YOR016C,67.0,157.0
YOR017W,43.0,204.0
YOR018W,56.0,160.0
YOR019W,,
YOR020C,38.0,101.0
YOR020W-A,26.0,171.0
YOR021C,40.0,153.0
YOR022C,30.0,11.0
YOR023C,101.0,53.0
YOR024W,155.0,1542.0
YOR025W,13.0,150.0
YOR026W,25.0,188.0
YOR027W,18.0,117.0
YOR028C,262.0,325.0
YOR029W,,
YOR030W,96.0,553.0
YOR032C,165.0,111.0
YOR032W-A,295.0,525.0
YOR033C,128.0,58.0
YOR034C,219.0,108.0
YOR034C-A,2454.0,158.0
YOR035C,20.0,204.0
YOR036W,12.0,69.0
YOR037W,75.0,102.0
YOR038C,51.0,96.0
YOR039W,150.0,253.0
YOR040W,47.0,228.0
YOR041C,1220.0,434.0
YOR042W,57.0,50.0
YOR043W,392.0,156.0
YOR044W,251.0,216.0
YOR045W,57.0,156.0
YOR046C,32.0,56.0
YOR047C,139.0,177.0
YOR048C,32.0,109.0
YOR049C,111.0,48.0
YOR050C,3.0,262.0
YOR051C,71.0,172.0
YOR052C,103.0,253.0
YOR053W,,
YOR054C,141.0,76.0
YOR055W,295.0,247.0
YOR056C,69.0,59.0
YOR057W,67.0,81.0
YOR058C,136.0,248.0
YOR059C,932.0,55.0
YOR060C,27.0,1539.0
YOR061W,124.0,211.0
YOR062C,678.0,77.0
YOR063W,22.0,118.0
YOR064C,1.0,87.0
YOR065W,44.0,39.0
YOR066W,7.0,213.0
YOR067C,41.0,85.0
YOR068C,1220.0,209.0
YOR069W,62.0,119.0
YOR070C,145.0,64.0
YOR071C,125.0,227.0
YOR072W,0.0,486.0
YOR072W-A,289.0,263.0
YOR072W-B,,
YOR073W,71.0,73.0
YOR073W-A,,
YOR074C,58.0,117.0
YOR075W,17.0,53.0
YOR076C,13.0,83.0
YOR077W,38.0,811.0
YOR078W,21.0,39.0
YOR079C,35.0,137.0
YOR080W,21.0,164.0
YOR081C,37.0,129.0
YOR082C,35.0,3.0
YOR083W,75.0,1380.0
YOR084W,1129.0,50.0
YOR085W,60.0,112.0
YOR086C,193.0,117.0
YOR087W,81.0,108.0
YOR089C,55.0,201.0
YOR090C,125.0,83.0
YOR091W,67.0,64.0
YOR092W,81.0,184.0
YOR093C,,
YOR094W,96.0,167.0
YOR095C,70.0,116.0
YOR096W,28.0,90.0
YOR097C,45.0,103.0
YOR098C,81.0,136.0
YOR099W,61.0,95.0
YOR100C,28.0,263.0
YOR101W,74.0,217.0
YOR102W,,
YOR103C,33.0,91.0
YOR104W,16.0,432.0
YOR105W,569.0,401.0
YOR106W,67.0,109.0
YOR107W,291.0,310.0
YOR108C-A,156.0,140.0
YOR108W,30.0,187.0
YOR109W,101.0,189.0
YOR110W,83.0,80.0
YOR111W,7.0,310.0
YOR112W,70.0,63.0
YOR113W,79.0,223.0
YOR114W,174.0,206.0
YOR115C,51.0,88.0
YOR116C,214.0,102.0
YOR117W,59.0,135.0
YOR118W,204.0,113.0
YOR119C,259.0,217.0
YOR120W,45.0,139.0
YOR121C,13.0,1551.0
YOR122C,17.0,237.0
YOR123C,73.0,60.0
YOR124C,107.0,79.0
YOR125C,66.0,138.0
YOR126C,31.0,85.0
YOR127W,263.0,159.0
YOR128C,26.0,54.0
YOR129C,78.0,222.0
YOR130C,109.0,68.0
YOR131C,90.0,91.0
YOR132W,80.0,50.0
YOR133W,46.0,185.0
YOR134W,762.0,348.0
YOR135C,,
YOR136W,103.0,154.0
YOR137C,367.0,128.0
YOR138C,70.0,66.0
YOR139C,858.0,43.0
YOR140W,332.0,441.0
YOR141C,21.0,284.0
YOR142W,193.0,191.0
YOR143C,74.0,23.0
YOR144C,1.0,168.0
YOR145C,21.0,85.0
YOR146W,80.0,263.0
YOR147W,37.0,173.0
YOR148C,35.0,84.0
YOR149C,61.0,418.0
YOR150W,27.0,99.0
YOR151C,274.0,346.0
YOR152C,189.0,166.0
YOR153W,166.0,137.0
YOR154W,50.0,137.0
YOR155C,1.0,109.0
YOR156C,152.0,253.0
YOR157C,65.0,52.0
YOR158W,27.0,40.0
YOR159C,44.0,244.0
YOR160W,68.0,84.0
YOR161C,137.0,93.0
YOR161C-C,460.0,408.0
YOR161W-A,466.0,1170.0
YOR161W-B,867.0,589.0
YOR162C,214.0,148.0
YOR163W,37.0,73.0
YOR164C,20.0,215.0
YOR165W,33.0,167.0
YOR166C,55.0,173.0
YOR167C,12.0,131.0
YOR168W,28.0,101.0
YOR169C,,
YOR170W,,
YOR171C,68.0,190.0
YOR172W,44.0,172.0
YOR173W,59.0,117.0
YOR174W,102.0,125.0
YOR175C,78.0,162.0
YOR176W,67.0,132.0
YOR177C,40.0,165.0
YOR178C,326.0,198.0
YOR179C,15.0,251.0
YOR180C,501.0,258.0
YOR181W,65.0,130.0
YOR182C,28.0,102.0
YOR183W,85.0,37.0
YOR184W,114.0,116.0
YOR185C,58.0,66.0
YOR186C-A,123.0,353.0
YOR186W,83.0,143.0
YOR187W,17.0,122.0
YOR188W,96.0,130.0
YOR189W,21.0,223.0
YOR190W,363.0,261.0
YOR191W,,
YOR192C,2.0,739.0
YOR192C-C,274.0,113.0
YOR193W,56.0,114.0
YOR194C,69.0,69.0
YOR195W,70.0,223.0
YOR196C,24.0,155.0
YOR197W,16.0,78.0
YOR198C,189.0,224.0
YOR199W,14.0,2.0
YOR200W,32.0,9.0
YOR201C,41.0,74.0
YOR202W,10.0,86.0
YOR203W,642.0,37.0
YOR204W,19.0,721.0
YOR205C,8.0,121.0
YOR206W,29.0,87.0
YOR207C,65.0,129.0
YOR208W,185.0,116.0
YOR209C,151.0,131.0
YOR210W,62.0,296.0
YOR211C,207.0,105.0
YOR212W,256.0,122.0
YOR213C,118.0,344.0
YOR214C,1009.0,94.0
YOR215C,30.0,143.0
YOR216C,59.0,103.0
YOR217W,87.0,228.0
YOR218C,,
YOR219C,87.0,343.0
YOR220W,24.0,172.0
YOR221C,52.0,187.0
YOR222W,28.0,60.0
YOR223W,42.0,201.0
YOR224C,36.0,107.0
YOR225W,,
YOR226C,21.0,157.0
YOR227W,232.0,161.0
YOR228C,212.0,133.0
YOR229W,93.0,205.0
YOR230W,51.0,188.0
YOR231C-A,,
YOR231W,152.0,254.0
YOR232W,117.0,135.0
YOR233W,178.0,67.0
YOR234C,18.0,76.0
YOR235W,,
YOR236W,14.0,66.0
YOR237W,1094.0,54.0
YOR238W,7.0,72.0
YOR239W,54.0,207.0
YOR241W,1312.0,101.0
YOR242C,2401.0,97.0
YOR243C,17.0,206.0
YOR244W,58.0,97.0
YOR245C,218.0,115.0
YOR246C,63.0,83.0
YOR247W,233.0,136.0
YOR248W,570.0,129.0
YOR249C,21.0,54.0
YOR250C,35.0,36.0
YOR251C,23.0,95.0
YOR252W,32.0,73.0
YOR253W,29.0,112.0
YOR254C,20.0,93.0
YOR255W,280.0,176.0
YOR256C,149.0,47.0
YOR257W,34.0,55.0
YOR258W,8.0,89.0
YOR259C,25.0,215.0
YOR260W,44.0,121.0
YOR261C,93.0,77.0
YOR262W,63.0,101.0
YOR263C,304.0,389.0
YOR264W,53.0,183.0
YOR265W,37.0,31.0
YOR266W,18.0,42.0
YOR267C,400.0,181.0
YOR268C,1971.0,461.0
YOR269W,76.0,158.0
YOR270C,171.0,127.0
YOR271C,60.0,70.0
YOR272W,47.0,79.0
YOR273C,84.0,116.0
YOR274W,0.0,276.0
YOR275C,8.0,132.0
YOR276W,25.0,92.0
YOR277C,53.0,2563.0
YOR278W,21.0,81.0
YOR279C,111.0,94.0
YOR280C,12.0,63.0
YOR281C,3.0,94.0
YOR282W,,
YOR283W,104.0,143.0
YOR284W,51.0,281.0
YOR285W,6.0,68.0
YOR286W,4.0,84.0
YOR287C,22.0,78.0
YOR288C,33.0,78.0
YOR289W,1.0,55.0
YOR290C,,
YOR291W,141.0,112.0
YOR292C,44.0,61.0
YOR293C-A,53.0,83.0
YOR293W,27.0,141.0
YOR294W,46.0,149.0
YOR295W,77.0,231.0
YOR296W,116.0,183.0
YOR297C,26.0,129.0
YOR298C-A,44.0,231.0
YOR298W,1152.0,58.0
YOR299W,72.0,59.0
YOR300W,2204.0,40.0
YOR301W,18.0,310.0
YOR302W,109.0,1367.0
YOR303W,243.0,75.0
YOR304C-A,1.0,342.0
YOR304W,171.0,83.0
YOR305W,73.0,78.0
YOR306C,140.0,62.0
YOR307C,172.0,299.0
YOR308C,24.0,271.0
YOR309C,1315.0,130.0
YOR310C,33.0,257.0
YOR311C,47.0,209.0
YOR312C,26.0,86.0
YOR313C,496.0,211.0
YOR314W,,
YOR314W-A,62.0,373.0
YOR315W,157.0,411.0
YOR316C,151.0,139.0
YOR316C-A,246.0,1629.0
YOR317W,29.0,249.0
YOR318C,120.0,169.0
YOR319W,24.0,132.0
YOR320C,117.0,93.0
YOR321W,49.0,36.0
YOR322C,247.0,79.0
YOR323C,19.0,83.0
YOR324C,157.0,135.0
YOR325W,649.0,22.0
YOR326W,201.0,53.0
YOR327C,83.0,95.0
YOR328W,,
YOR329C,101.0,89.0
YOR329W-A,378.0,142.0
YOR330C,,
YOR331C,,
YOR332W,31.0,70.0
YOR333C,37.0,43.0
YOR334W,5.0,97.0
YOR335C,106.0,133.0
YOR335W-A,,
YOR336W,25.0,120.0
YOR337W,132.0,279.0
YOR338W,63.0,209.0
YOR339C,8.0,251.0
YOR340C,71.0,96.0
YOR341W,,
YOR342C,113.0,80.0
YOR343C,170.0,1562.0
YOR344C,132.0,152.0
YOR345C,,
YOR346W,196.0,81.0
YOR347C,16.0,56.0
YOR348C,15.0,168.0
YOR349W,27.0,43.0
YOR350C,33.0,69.0
YOR351C,,
YOR352W,75.0,70.0
YOR353C,,
YOR354C,25.0,131.0
YOR355W,505.0,191.0
YOR356W,27.0,114.0
YOR357C,9.0,106.0
YOR358W,36.0,294.0
YOR359W,123.0,123.0
YOR360C,232.0,95.0
YOR361C,,
YOR362C,39.0,136.0
YOR363C,65.0,341.0
YOR364W,132.0,1914.0
YOR365C,,
YOR366W,336.0,44.0
YOR367W,25.0,91.0
YOR368W,4.0,138.0
YOR369C,68.0,99.0
YOR370C,340.0,162.0
YOR371C,81.0,84.0
YOR372C,70.0,333.0
YOR373W,,
YOR374W,48.0,142.0
YOR375C,68.0,98.0
YOR376W,,
YOR376W-A,490.0,768.0
YOR377W,51.0,221.0
YOR378W,122.0,69.0
YOR379C,22.0,2702.0
YOR380W,208.0,54.0
YOR381W,311.0,108.0
YOR381W-A,393.0,800.0
YOR382W,17.0,94.0
YOR383C,47.0,200.0
YOR384W,38.0,1033.0
YOR385W,8.0,283.0
YOR386W,14.0,225.0
YOR387C,673.0,87.0
YOR388C,,
YOR389W,39.0,379.0
YOR390W,66.0,304.0
YOR391C,,
YOR392W,,
YOR393W,,
YOR394C-A,,
YOR394W,,
YOR396C-A,,
YOR396W,,
YPL001W,29.0,54.0
YPL002C,19.0,363.0
YPL003W,12.0,17.0
YPL004C,25.0,192.0
YPL005W,23.0,106.0
YPL006W,48.0,68.0
YPL007C,38.0,98.0
YPL008W,228.0,71.0
YPL009C,19.0,187.0
YPL010W,65.0,125.0
YPL011C,56.0,114.0
YPL012W,120.0,124.0
YPL013C,27.0,9.0
YPL014W,34.0,256.0
YPL015C,56.0,323.0
YPL016W,,
YPL017C,20.0,555.0
YPL018W,13.0,1162.0
YPL019C,135.0,82.0
YPL020C,130.0,62.0
YPL021W,93.0,37.0
YPL022W,92.0,211.0
YPL023C,131.0,135.0
YPL024W,53.0,69.0
YPL025C,240.0,213.0
YPL026C,57.0,247.0
YPL027W,71.0,121.0
YPL028W,64.0,96.0
YPL029W,46.0,59.0
YPL030W,56.0,97.0
YPL031C,36.0,82.0
YPL032C,198.0,359.0
YPL033C,0.0,154.0
YPL034W,334.0,139.0
YPL035C,48.0,281.0
YPL036W,346.0,591.0
YPL037C,31.0,52.0
YPL038W,28.0,112.0
YPL038W-A,982.0,10.0
YPL039W,10.0,135.0
YPL040C,26.0,68.0
YPL041C,39.0,161.0
YPL042C,244.0,108.0
YPL043W,57.0,79.0
YPL044C,40.0,111.0
YPL045W,103.0,239.0
YPL046C,8.0,229.0
YPL047W,117.0,358.0
YPL048W,36.0,120.0
YPL049C,54.0,188.0
YPL050C,184.0,159.0
YPL051W,35.0,167.0
YPL052W,57.0,189.0
YPL053C,72.0,104.0
YPL054W,85.0,358.0
YPL055C,8.0,77.0
YPL056C,193.0,222.0
YPL057C,170.0,446.0
YPL058C,,
YPL059W,54.0,136.0
YPL060W,239.0,53.0
YPL061W,44.0,122.0
YPL062W,145.0,213.0
YPL063W,124.0,71.0
YPL064C,0.0,57.0
YPL065W,0.0,57.0
YPL066W,170.0,106.0
YPL067C,57.0,88.0
YPL068C,18.0,65.0
YPL069C,40.0,145.0
YPL070W,207.0,102.0
YPL071C,46.0,88.0
YPL072W,193.0,46.0
YPL073C,,
YPL074W,29.0,131.0
YPL075W,74.0,218.0
YPL076W,146.0,171.0
YPL077C,28.0,352.0
YPL078C,39.0,258.0
YPL079W,26.0,110.0
YPL080C,171.0,136.0
YPL081W,32.0,172.0
YPL082C,,
YPL083C,78.0,146.0
YPL084W,57.0,150.0
YPL085W,,
YPL086C,46.0,119.0
YPL087W,163.0,146.0
YPL088W,39.0,87.0
YPL089C,294.0,128.0
YPL090C,29.0,139.0
YPL091W,0.0,110.0
YPL092W,132.0,99.0
YPL093W,32.0,237.0
YPL094C,18.0,63.0
YPL095C,33.0,53.0
YPL096C-A,46.0,116.0
YPL096W,16.0,62.0
YPL097W,20.0,113.0
YPL098C,29.0,170.0
YPL099C,20.0,189.0
YPL100W,53.0,46.0
YPL101W,39.0,204.0
YPL102C,326.0,2141.0
YPL103C,19.0,138.0
YPL104W,41.0,136.0
YPL105C,23.0,160.0
YPL106C,41.0,159.0
YPL107W,41.0,209.0
YPL108W,26.0,109.0
YPL109C,77.0,79.0
YPL110C,133.0,119.0
YPL111W,46.0,80.0
YPL112C,87.0,66.0
YPL113C,36.0,88.0
YPL114W,10.0,1085.0
YPL115C,290.0,129.0
YPL116W,197.0,130.0
YPL117C,117.0,55.0
YPL118W,86.0,86.0
YPL119C,66.0,401.0
YPL119C-A,419.0,14.0
YPL120W,16.0,100.0
YPL121C,,
YPL122C,26.0,99.0
YPL123C,60.0,141.0
YPL124W,57.0,63.0
YPL125W,157.0,64.0
YPL126W,19.0,91.0
YPL127C,35.0,333.0
YPL128C,87.0,275.0
YPL129W,57.0,106.0
YPL130W,716.0,1185.0
YPL131W,19.0,95.0
YPL132W,126.0,74.0
YPL133C,121.0,146.0
YPL134C,20.0,102.0
YPL135C-A,257.0,994.0
YPL135W,91.0,365.0
YPL136W,13.0,122.0
YPL137C,73.0,205.0
YPL138C,55.0,122.0
YPL139C,56.0,91.0
YPL140C,219.0,183.0
YPL141C,228.0,232.0
YPL142C,,
YPL143W,29.0,136.0
YPL144W,13.0,136.0
YPL145C,265.0,547.0
YPL146C,36.0,143.0
YPL147W,85.0,113.0
YPL148C,137.0,175.0
YPL149W,77.0,33.0
YPL150W,38.0,108.0
YPL151C,26.0,81.0
YPL152W,62.0,94.0
YPL152W-A,21.0,1559.0
YPL153C,140.0,180.0
YPL154C,263.0,134.0
YPL155C,41.0,419.0
YPL156C,60.0,132.0
YPL157W,120.0,401.0
YPL158C,70.0,55.0
YPL159C,118.0,308.0
YPL160W,63.0,171.0
YPL161C,,
YPL162C,68.0,547.0
YPL163C,23.0,203.0
YPL164C,51.0,260.0
YPL165C,28.0,316.0
YPL166W,41.0,1127.0
YPL167C,,
YPL168W,145.0,64.0
YPL169C,36.0,201.0
YPL170W,23.0,156.0
YPL171C,31.0,137.0
YPL172C,128.0,139.0
YPL173W,66.0,163.0
YPL174C,135.0,73.0
YPL175W,63.0,112.0
YPL176C,27.0,128.0
YPL177C,125.0,55.0
YPL178W,48.0,117.0
YPL179W,169.0,256.0
YPL180W,46.0,202.0
YPL181W,94.0,108.0
YPL182C,14.0,65.0
YPL183C,38.0,88.0
YPL183W-A,76.0,129.0
YPL184C,672.0,99.0
YPL185W,67.0,16.0
YPL186C,53.0,149.0
YPL187W,65.0,219.0
YPL188W,16.0,124.0
YPL189C-A,91.0,236.0
YPL189W,108.0,122.0
YPL190C,94.0,408.0
YPL191C,49.0,582.0
YPL192C,200.0,84.0
YPL193W,20.0,35.0
YPL194W,25.0,70.0
YPL195W,13.0,106.0
YPL196W,40.0,55.0
YPL197C,,
YPL198W,27.0,93.0
YPL199C,15.0,65.0
YPL200W,97.0,127.0
YPL201C,43.0,56.0
YPL202C,81.0,383.0
YPL203W,162.0,250.0
YPL204W,186.0,134.0
YPL205C,,
YPL206C,23.0,93.0
YPL207W,77.0,79.0
YPL208W,0.0,72.0
YPL209C,82.0,103.0
YPL210C,19.0,85.0
YPL211W,29.0,174.0
YPL212C,41.0,171.0
YPL213W,47.0,133.0
YPL214C,101.0,62.0
YPL215W,29.0,174.0
YPL216W,85.0,87.0
YPL217C,34.0,98.0
YPL218W,66.0,63.0
YPL219W,42.0,96.0
YPL220W,12.0,88.0
YPL221W,231.0,177.0
YPL222C-A,91.0,127.0
YPL222W,80.0,90.0
YPL223C,113.0,225.0
YPL224C,0.0,189.0
YPL225W,22.0,134.0
YPL226W,29.0,252.0
YPL227C,125.0,92.0
YPL228W,143.0,201.0
YPL229W,20.0,288.0
YPL230W,78.0,78.0
YPL231W,,
YPL232W,163.0,79.0
YPL233W,65.0,1404.0
YPL234C,55.0,141.0
YPL235W,64.0,69.0
YPL236C,71.0,209.0
YPL237W,43.0,112.0
YPL238C,445.0,89.0
YPL239W,78.0,166.0
YPL240C,56.0,88.0
YPL241C,8.0,73.0
YPL242C,88.0,163.0
YPL243W,90.0,68.0
YPL244C,22.0,81.0
YPL245W,58.0,57.0
YPL246C,40.0,99.0
YPL247C,92.0,100.0
YPL248C,22.0,183.0
YPL249C,40.0,77.0
YPL249C-A,38.0,147.0
YPL250C,67.0,164.0
YPL250W-A,114.0,85.0
YPL251W,,
YPL252C,44.0,129.0
YPL253C,47.0,95.0
YPL254W,248.0,67.0
YPL255W,52.0,236.0
YPL256C,175.0,182.0
YPL257W,21.0,690.0
YPL258C,228.0,61.0
YPL259C,41.0,209.0
YPL260W,96.0,179.0
YPL261C,239.0,260.0
YPL262W,177.0,41.0
YPL263C,22.0,42.0
YPL264C,22.0,263.0
YPL265W,123.0,279.0
YPL266W,47.0,67.0
YPL267W,15.0,67.0
YPL268W,31.0,17.0
YPL269W,0.0,141.0
YPL270W,23.0,99.0
YPL271W,30.0,117.0
YPL272C,856.0,75.0
YPL273W,73.0,103.0
YPL274W,52.0,44.0
YPL277C,,
YPL278C,,
YPL279C,95.0,250.0
YPL280W,,
YPL281C,,
YPL282C,,
YPL283C,,
YPL283W-A,,
YPL283W-B,,
YPR001W,95.0,122.0
YPR002C-A,366.0,132.0
YPR002W,13.0,197.0
YPR003C,46.0,207.0
YPR004C,14.0,56.0
YPR005C,209.0,229.0
YPR006C,64.0,70.0
YPR007C,,
YPR008W,317.0,118.0
YPR009W,94.0,82.0
YPR010C,57.0,146.0
YPR010C-A,52.0,169.0
YPR011C,97.0,100.0
YPR012W,13.0,42.0
YPR013C,578.0,256.0
YPR014C,,
YPR015C,70.0,141.0
YPR016C,92.0,144.0
YPR016W-A,,
YPR017C,10.0,263.0
YPR018W,90.0,135.0
YPR019W,76.0,107.0
YPR020W,49.0,104.0
YPR021C,219.0,65.0
YPR022C,29.0,70.0
YPR023C,40.0,116.0
YPR024W,175.0,488.0
YPR025C,20.0,129.0
YPR026W,97.0,100.0
YPR027C,,
YPR028W,55.0,149.0
YPR029C,44.0,201.0
YPR030W,14.0,77.0
YPR031W,29.0,75.0
YPR032W,50.0,103.0
YPR033C,1.0,68.0
YPR034W,65.0,249.0
YPR035W,117.0,151.0
YPR036W,56.0,90.0
YPR036W-A,75.0,266.0
YPR037C,47.0,128.0
YPR038W,1473.0,1401.0
YPR039W,1649.0,1249.0
YPR040W,7.0,72.0
YPR041W,107.0,154.0
YPR042C,,
YPR043W,31.0,73.0
YPR044C,,
YPR045C,58.0,107.0
YPR046W,10.0,55.0
YPR047W,31.0,104.0
YPR048W,24.0,65.0
YPR049C,48.0,82.0
YPR050C,15.0,153.0
YPR051W,22.0,108.0
YPR052C,23.0,189.0
YPR053C,1179.0,280.0
YPR054W,696.0,49.0
YPR055W,47.0,63.0
YPR056W,23.0,137.0
YPR057W,5.0,56.0
YPR058W,13.0,83.0
YPR059C,465.0,856.0
YPR060C,59.0,146.0
YPR061C,33.0,126.0
YPR062W,29.0,102.0
YPR063C,53.0,193.0
YPR064W,1815.0,74.0
YPR065W,56.0,288.0
YPR066W,7.0,761.0
YPR067W,25.0,96.0
YPR068C,17.0,41.0
YPR069C,58.0,64.0
YPR070W,41.0,346.0
YPR071W,27.0,516.0
YPR072W,101.0,81.0
YPR073C,62.0,239.0
YPR074C,65.0,135.0
YPR074W-A,,
YPR075C,55.0,116.0
YPR076W,783.0,354.0
YPR077C,,
YPR078C,,
YPR079W,89.0,83.0
YPR080W,31.0,121.0
YPR081C,3.0,124.0
YPR082C,8.0,157.0
YPR083W,24.0,121.0
YPR084W,115.0,143.0
YPR085C,87.0,119.0
YPR086W,44.0,277.0
YPR087W,,
YPR088C,23.0,74.0
YPR089W,39.0,140.0
YPR091C,28.0,211.0
YPR092W,184.0,136.0
YPR093C,64.0,57.0
YPR094W,20.0,70.0
YPR095C,247.0,98.0
YPR096C,,
YPR097W,240.0,167.0
YPR098C,39.0,48.0
YPR099C,91.0,439.0
YPR100W,2.0,99.0
YPR101W,25.0,214.0
YPR102C,24.0,91.0
YPR103W,85.0,58.0
YPR104C,276.0,297.0
YPR105C,73.0,73.0
YPR106W,12.0,23.0
YPR107C,84.0,209.0
YPR108W,80.0,193.0
YPR108W-A,,
YPR109W,172.0,111.0
YPR110C,10.0,213.0
YPR111W,32.0,55.0
YPR112C,52.0,94.0
YPR113W,25.0,96.0
YPR114W,64.0,121.0
YPR115W,199.0,239.0
YPR116W,10.0,1544.0
YPR117W,,
YPR118W,29.0,71.0
YPR119W,210.0,410.0
YPR120C,118.0,40.0
YPR121W,161.0,63.0
YPR122W,,
YPR123C,634.0,433.0
YPR124W,177.0,225.0
YPR125W,96.0,183.0
YPR126C,54.0,498.0
YPR127W,189.0,80.0
YPR128C,29.0,99.0
YPR129W,22.0,79.0
YPR130C,,
YPR131C,15.0,203.0
YPR132W,24.0,93.0
YPR133C,75.0,79.0
YPR133W-A,29.0,168.0
YPR134W,9.0,133.0
YPR135W,65.0,49.0
YPR136C,,
YPR137W,79.0,160.0
YPR138C,230.0,141.0
YPR139C,70.0,89.0
YPR140W,90.0,95.0
YPR141C,158.0,179.0
YPR142C,,
YPR143W,26.0,174.0
YPR144C,23.0,71.0
YPR145C-A,138.0,132.0
YPR145W,42.0,140.0
YPR146C,939.0,49.0
YPR147C,80.0,210.0
YPR148C,74.0,121.0
YPR149W,164.0,165.0
YPR150W,0.0,322.0
YPR151C,53.0,54.0
YPR152C,22.0,324.0
YPR153W,46.0,1172.0
YPR154W,29.0,205.0
YPR155C,66.0,91.0
YPR156C,294.0,217.0
YPR157W,51.0,116.0
YPR158W,67.0,158.0
YPR159C-A,,
YPR159W,188.0,301.0
YPR160C-A,1021.0,154.0
YPR160W,123.0,150.0
YPR160W-A,751.0,2150.0
YPR161C,77.0,87.0
YPR162C,19.0,39.0
YPR163C,86.0,155.0
YPR164W,,
YPR165W,197.0,134.0
YPR166C,38.0,108.0
YPR167C,38.0,71.0
YPR168W,11.0,1695.0
YPR169W,34.0,76.0
YPR169W-A,35.0,338.0
YPR170C,261.0,230.0
YPR170W-A,174.0,232.0
YPR170W-B,35.0,200.0
YPR171W,36.0,93.0
YPR172W,32.0,143.0
YPR173C,32.0,53.0
YPR174C,33.0,1572.0
YPR175W,19.0,49.0
YPR176C,6.0,161.0
YPR177C,10.0,217.0
YPR178W,30.0,90.0
YPR179C,27.0,38.0
YPR180W,26.0,34.0
YPR181C,60.0,218.0
YPR182W,62.0,77.0
YPR183W,37.0,83.0
YPR184W,,
YPR185W,310.0,74.0
YPR186C,3.0,134.0
YPR187W,16.0,81.0
YPR188C,22.0,69.0
YPR189W,16.0,127.0
YPR190C,30.0,103.0
YPR191W,60.0,228.0
YPR192W,15.0,141.0
YPR193C,624.0,1850.0
YPR194C,295.0,187.0
YPR195C,22.0,126.0
YPR196W,26.0,432.0
YPR197C,59.0,183.0
YPR198W,55.0,90.0
YPR199C,10.0,179.0
YPR200C,1516.0,78.0
YPR201W,152.0,841.0
YPR202W,,
YPR203W,,
YPR204C-A,,
YPR204W,,
