transcript	n_reads	mean_read_length	mean_clip_total	median_clip_total	mean_clip_5p	mean_clip_3p	frac_clipped	mean_clip_frac	asymmetry
Q0010_mRNA	10	623.1	409.4	354.5	89.3	320.1	1.0	0.5576	-230.8
Q0045_mRNA	34	715.5	362.76	207.0	182.68	180.09	1.0	0.4265	2.59
Q0050_mRNA	199	581.2	66.23	55.0	25.21	41.03	0.9347	0.1192	-15.82
Q0055_mRNA	157	526.6	66.35	52.0	14.07	52.28	0.9363	0.1193	-38.21
Q0060_mRNA	18	526.4	159.83	85.5	112.06	47.78	1.0	0.2678	64.28
Q0065_mRNA	38	699.8	212.26	80.0	67.34	144.92	0.9737	0.2338	-77.58
Q0070_mRNA	6	480.5	321.33	417.0	280.17	41.17	1.0	0.6247	239.0
Q0080_mRNA	8	683.2	538.62	569.0	232.75	305.88	1.0	0.7778	-73.12
Q0085_mRNA	59	661.6	214.27	150.0	73.53	140.75	1.0	0.2951	-67.22
Q0105_mRNA	38	696.2	216.53	107.5	147.26	69.26	0.9211	0.2822	78.0
Q0120_mRNA	23	666.4	161.57	67.0	40.26	121.3	0.913	0.1645	-81.04
Q0130_mRNA	185	500.6	290.24	204.0	174.56	115.68	1.0	0.5032	58.89
Q0140_mRNA	34	461.6	80.18	79.0	15.85	64.32	0.9412	0.1661	-48.47
Q0160_mRNA	29	267.9	37.72	9.0	2.72	35.0	1.0	0.1207	-32.28
Q0250_mRNA	46	484.2	91.33	78.5	30.07	61.26	1.0	0.2013	-31.2
Q0255_mRNA	24	511.5	108.25	74.5	43.58	64.67	0.9583	0.2129	-21.08
Q0275_mRNA	27	757.2	366.41	370.0	40.85	325.56	1.0	0.4027	-284.7
YAL001C_mRNA	77	774.2	55.57	68.0	4.06	51.51	1.0	0.1009	-47.44
YAL002W_mRNA	50	928.6	106.08	104.0	11.36	94.72	1.0	0.1645	-83.36
YAL003W_mRNA	6953	566.3	53.12	70.0	4.6	48.52	0.9871	0.109	-43.92
YAL004W_mRNA	2015	870.5	42.67	11.0	2.38	40.29	0.9682	0.0748	-37.92
YAL005C_mRNA	1791	900.2	42.13	12.0	2.56	39.57	0.962	0.0699	-37.01
YAL007C_mRNA	470	556.1	47.91	58.5	2.15	45.77	0.9894	0.101	-43.62
YAL008W_mRNA	137	591.1	61.11	72.0	3.29	57.82	1.0	0.1176	-54.53
YAL009W_mRNA	64	542.4	35.0	8.5	2.7	32.3	0.9688	0.0825	-29.59
YAL010C_mRNA	85	633.6	52.65	17.0	6.93	45.72	1.0	0.098	-38.79
YAL011W_mRNA	27	645.3	57.56	18.0	1.78	55.78	1.0	0.0983	-54.0
YAL012W_mRNA	779	800.6	53.19	68.0	4.11	49.08	0.991	0.084	-44.97
YAL013W_mRNA	65	614.7	56.08	57.0	5.2	50.88	1.0	0.1017	-45.68
YAL014C_mRNA	86	590.8	47.35	22.5	4.21	43.14	0.9767	0.0942	-38.93
YAL015C_mRNA	81	634.2	46.16	21.0	2.06	44.1	1.0	0.0983	-42.04
YAL016C-B_mRNA	5	186.4	36.8	7.0	0.2	36.6	1.0	0.1619	-36.4
YAL016W_mRNA	512	843.4	51.66	65.0	2.26	49.4	1.0	0.0871	-47.14
YAL017W_mRNA	128	701.1	54.67	27.5	3.24	51.43	0.9609	0.0981	-48.19
YAL018C_mRNA	9	510.8	160.11	174.0	14.44	145.67	1.0	0.368	-131.22
YAL019W_mRNA	197	701.7	46.74	20.0	3.18	43.56	0.9645	0.0876	-40.39
YAL020C_mRNA	50	691.4	41.42	9.0	1.68	39.74	0.98	0.0731	-38.06
YAL021C_mRNA	90	783.4	51.9	72.5	2.91	48.99	0.9889	0.0962	-46.08
YAL022C_mRNA	80	748.7	54.19	71.0	2.11	52.08	1.0	0.1004	-49.96
YAL023C_mRNA	533	835.4	50.23	65.0	3.1	47.13	0.9944	0.0883	-44.03
YAL024C_mRNA	34	752.7	43.47	13.5	1.06	42.41	1.0	0.0801	-41.35
YAL025C_mRNA	93	417.5	49.37	27.0	1.27	48.1	0.9892	0.1134	-46.83
YAL026C-A_mRNA	43	520.7	37.98	11.0	2.79	35.19	1.0	0.0867	-32.4
YAL026C_mRNA	60	796.3	46.0	11.0	1.52	44.48	0.9833	0.0731	-42.97
YAL027W_mRNA	104	694.3	58.27	75.5	2.0	56.27	1.0	0.0931	-54.27
YAL028W_mRNA	64	488.1	49.33	19.5	1.11	48.22	1.0	0.113	-47.11
YAL029C_mRNA	202	933.1	66.76	78.5	2.93	63.84	0.995	0.0898	-60.91
YAL030W_mRNA	65	390.9	61.17	71.0	10.68	50.49	1.0	0.1567	-39.82
YAL031C_mRNA	52	758.1	48.85	51.5	4.71	44.13	1.0	0.0974	-39.42
YAL032C_mRNA	27	504.6	25.04	10.0	2.3	22.74	0.8889	0.0765	-20.44
YAL033W_mRNA	285	562.4	41.22	15.0	1.99	39.22	0.9825	0.0747	-37.23
YAL034C-B_mRNA	6	366.8	111.5	96.5	37.33	74.17	1.0	0.329	-36.83
YAL034C_mRNA	55	651.1	46.13	22.0	3.75	42.38	0.9818	0.1053	-38.64
YAL034W-A_mRNA	26	481.7	35.65	10.5	1.27	34.38	1.0	0.087	-33.12
YAL035W_mRNA	576	787.8	55.95	70.0	3.85	52.1	0.9948	0.1023	-48.26
YAL036C_mRNA	116	706.1	41.16	9.0	1.68	39.48	0.8966	0.0758	-37.8
YAL037C-B_mRNA	228	896.2	147.25	167.5	3.89	143.36	0.9386	0.1554	-139.47
YAL037W_mRNA	193	646.8	52.66	33.0	10.89	41.77	0.9741	0.0991	-30.88
YAL038W_mRNA	15002	764.9	48.32	59.0	2.88	45.44	0.9943	0.0883	-42.56
YAL039C_mRNA	137	661.4	45.2	15.0	5.04	40.16	0.9854	0.0839	-35.12
YAL040C_mRNA	125	827.1	84.61	85.0	3.0	81.61	0.992	0.1544	-78.61
YAL041W_mRNA	113	619.2	50.27	20.0	5.49	44.78	0.9912	0.1065	-39.29
YAL042W_mRNA	312	728.1	38.9	12.0	2.43	36.47	0.9808	0.0668	-34.04
YAL043C_mRNA	63	727.3	44.65	19.0	1.51	43.14	0.9841	0.0799	-41.63
YAL044C_mRNA	218	470.6	40.82	15.5	3.08	37.74	0.9954	0.0912	-34.66
YAL044W-A_mRNA	71	402.0	46.46	30.0	2.59	43.87	1.0	0.119	-41.28
YAL046C_mRNA	85	447.1	44.01	16.0	2.47	41.54	1.0	0.0977	-39.07
YAL047C_mRNA	49	786.8	50.65	18.0	2.31	48.35	1.0	0.0836	-46.04
YAL048C_mRNA	57	977.3	99.47	94.0	2.91	96.56	1.0	0.1106	-93.65
YAL049C_mRNA	199	652.9	50.41	70.0	2.66	47.75	0.9899	0.0915	-45.09
YAL051W_mRNA	54	563.0	60.3	62.5	2.28	58.02	1.0	0.1436	-55.74
YAL053W_mRNA	257	1057.8	62.72	76.0	5.33	57.39	0.9961	0.099	-52.05
YAL054C_mRNA	74	513.6	63.28	69.5	2.76	60.53	1.0	0.1265	-57.77
YAL055W_mRNA	29	416.4	37.03	13.0	2.31	34.72	0.9655	0.0838	-32.41
YAL056C-A_mRNA	5	271.0	49.8	75.0	1.0	48.8	1.0	0.1882	-47.8
YAL056W_mRNA	154	648.3	41.73	12.0	1.33	40.4	0.9805	0.0838	-39.07
YAL058W_mRNA	51	749.1	58.61	66.0	2.41	56.2	1.0	0.1079	-53.78
YAL059W_mRNA	199	567.3	47.76	29.0	1.8	45.96	0.995	0.0928	-44.17
YAL060W_mRNA	185	742.1	44.12	13.0	4.76	39.36	0.9892	0.08	-34.59
YAL061W_mRNA	53	810.4	177.45	84.0	3.75	173.7	1.0	0.2131	-169.94
YAL062W_mRNA	154	386.9	50.34	24.5	4.8	45.55	0.9935	0.1273	-40.75
YAL063C-A_mRNA	62	727.1	79.02	81.0	3.77	75.24	1.0	0.1211	-71.47
YAL063C_mRNA	83	566.2	126.02	90.0	21.31	104.71	0.988	0.2171	-83.4
YAL064W_mRNA	8	332.9	68.25	51.0	10.38	57.88	1.0	0.2169	-47.5
YAL066W_mRNA	14	450.6	326.21	336.5	294.14	32.07	1.0	0.6973	262.07
YAL067C_mRNA	10	830.1	255.3	256.5	1.2	254.1	1.0	0.3771	-252.9
YAR002C-A_mRNA	372	600.0	44.2	19.5	2.82	41.38	0.9839	0.0837	-38.56
YAR002W_mRNA	125	517.0	47.02	25.0	1.94	45.09	0.976	0.1161	-43.15
YAR003W_mRNA	139	652.9	51.75	72.0	2.27	49.47	0.9856	0.0999	-47.2
YAR007C_mRNA	106	1109.2	55.35	67.5	2.75	52.6	1.0	0.0714	-49.86
YAR008W_mRNA	118	695.9	71.01	65.0	28.51	42.5	1.0	0.1442	-13.99
YAR009C_mRNA	798	1122.6	273.15	325.0	3.3	269.85	0.9912	0.2451	-266.55
YAR010C_mRNA	11	440.9	112.73	107.0	21.55	91.18	0.9091	0.2388	-69.64
YAR014C_mRNA	164	566.2	58.53	70.0	8.2	50.33	0.9939	0.1245	-42.13
YAR015W_mRNA	127	739.8	48.21	63.0	1.43	46.78	0.9843	0.0841	-45.35
YAR018C_mRNA	43	480.5	52.19	72.0	1.51	50.67	1.0	0.126	-49.16
YAR019C_mRNA	84	547.8	108.36	94.5	47.85	60.51	1.0	0.3032	-12.67
YAR019W-A_mRNA	40	592.4	110.72	112.0	4.9	105.82	0.975	0.2123	-100.92
YAR020C_mRNA	9	659.9	51.89	21.0	1.33	50.56	1.0	0.0861	-49.22
YAR023C_mRNA	46	554.5	59.35	18.0	8.61	50.74	1.0	0.1005	-42.13
YAR027W_mRNA	460	635.7	48.45	27.0	3.06	45.39	0.9891	0.0878	-42.32
YAR028W_mRNA	129	669.1	44.08	17.0	2.53	41.55	1.0	0.078	-39.02
YAR029W_mRNA	94	638.7	52.63	55.5	4.96	47.67	0.9787	0.1032	-42.71
YAR030C_mRNA	9	240.1	60.67	69.0	30.67	30.0	1.0	0.2241	0.67
YAR031W_mRNA	15	778.0	112.73	84.0	46.27	66.47	1.0	0.16	-20.2
YAR033W_mRNA	87	553.3	61.22	64.0	2.64	58.57	0.9885	0.1119	-55.93
YAR035W_mRNA	26	556.3	78.38	81.5	6.04	72.35	1.0	0.1742	-66.31
YAR042W_mRNA	77	766.4	115.43	79.0	2.3	113.13	0.987	0.1788	-110.83
YAR050W_mRNA	34	820.6	216.53	90.0	125.59	90.94	1.0	0.1876	34.65
YAR053W_mRNA	108	464.6	63.82	74.5	3.35	60.47	0.9815	0.1428	-57.12
YAR060C_mRNA	5	390.6	61.0	81.0	2.4	58.6	1.0	0.1466	-56.2
YAR070C_mRNA	5	604.6	332.4	345.0	157.6	174.8	1.0	0.4773	-17.2
YAR071W_mRNA	43	1109.9	65.6	36.0	1.93	63.67	0.9535	0.0614	-61.74
YBL001C_mRNA	915	385.7	40.39	13.0	3.54	36.85	0.9814	0.1042	-33.31
YBL002W_mRNA	1092	539.8	65.18	68.0	2.99	62.19	0.9991	0.1236	-59.2
YBL003C_mRNA	3491	554.2	44.65	15.0	2.14	42.52	0.9948	0.0819	-40.38
YBL004W_mRNA	268	949.0	49.77	21.5	4.38	45.38	0.9888	0.0711	-41.0
YBL005W-A_mRNA	9	458.2	76.67	88.0	26.33	50.33	1.0	0.1996	-24.0
YBL005W-B_mRNA	1623	1359.0	308.01	329.0	3.11	304.9	0.9883	0.2645	-301.79
YBL005W_mRNA	192	704.8	163.1	86.5	108.59	54.51	0.9896	0.2061	54.08
YBL006C_mRNA	171	590.1	47.35	19.0	5.88	41.47	1.0	0.0849	-35.6
YBL006W-A_mRNA	7	617.4	61.0	59.0	0.14	60.86	1.0	0.098	-60.71
YBL007C_mRNA	274	767.5	51.22	67.0	4.41	46.81	0.9781	0.0965	-42.4
YBL008W_mRNA	56	584.0	60.23	70.0	1.54	58.7	1.0	0.1216	-57.16
YBL009W_mRNA	87	686.4	53.28	33.0	5.89	47.39	1.0	0.114	-41.51
YBL010C_mRNA	61	405.0	44.31	28.0	2.44	41.87	0.9508	0.1439	-39.43
YBL011W_mRNA	124	580.9	39.64	14.0	2.69	36.94	0.9758	0.0924	-34.25
YBL014C_mRNA	61	737.1	46.13	12.0	7.93	38.2	0.9836	0.0976	-30.26
YBL015W_mRNA	110	737.5	56.56	63.5	9.4	47.16	1.0	0.0944	-37.76
YBL016W_mRNA	111	645.6	57.05	70.0	9.6	47.44	0.991	0.1299	-37.84
YBL017C_mRNA	209	755.2	42.97	13.0	4.65	38.32	0.9952	0.0903	-33.67
YBL018C_mRNA	176	477.1	43.5	16.0	4.51	38.99	0.9886	0.0898	-34.49
YBL019W_mRNA	89	605.2	90.25	90.0	6.15	84.1	0.9888	0.2139	-77.96
YBL020W_mRNA	103	814.2	59.97	75.0	5.55	54.42	1.0	0.1124	-48.86
YBL021C_mRNA	53	524.0	40.55	14.0	2.25	38.3	1.0	0.0825	-36.06
YBL022C_mRNA	216	684.2	40.87	12.0	1.42	39.45	0.9676	0.0809	-38.03
YBL023C_mRNA	99	650.7	53.95	61.0	2.68	51.27	0.9899	0.1001	-48.6
YBL024W_mRNA	239	835.8	52.18	68.0	2.64	49.54	0.9958	0.0897	-46.91
YBL025W_mRNA	55	550.0	51.84	67.0	3.25	48.58	1.0	0.1063	-45.33
YBL026W_mRNA	972	456.8	51.13	21.0	12.22	38.91	0.9969	0.1039	-26.69
YBL027W_mRNA	5381	501.5	38.01	10.0	2.85	35.16	0.9757	0.0792	-32.3
YBL028C_mRNA	891	507.4	47.47	23.0	3.65	43.82	0.9899	0.0946	-40.17
YBL029C-A_mRNA	301	442.6	55.72	72.0	2.93	52.79	0.9867	0.1216	-49.85
YBL029W_mRNA	72	500.9	47.33	18.0	3.06	44.28	1.0	0.111	-41.22
YBL030C_mRNA	1147	684.4	49.81	67.0	2.76	47.05	0.9651	0.091	-44.29
YBL031W_mRNA	41	426.9	46.93	27.0	2.46	44.46	0.9756	0.1568	-42.0
YBL032W_mRNA	186	650.7	51.1	22.5	3.09	48.02	0.9839	0.0975	-44.93
YBL033C_mRNA	194	674.4	50.13	68.5	1.28	48.85	0.9845	0.0938	-47.57
YBL034C_mRNA	60	863.6	38.83	12.5	2.97	35.87	1.0	0.0683	-32.9
YBL035C_mRNA	40	821.8	32.95	8.0	1.65	31.3	0.975	0.05	-29.65
YBL036C_mRNA	434	688.7	47.54	24.5	2.25	45.29	0.9977	0.0774	-43.04
YBL037W_mRNA	60	906.6	56.7	68.0	5.75	50.95	1.0	0.0845	-45.2
YBL038W_mRNA	93	544.0	53.6	66.0	5.46	48.14	1.0	0.113	-42.68
YBL039C-A_mRNA	214	688.6	50.53	26.0	4.98	45.55	0.9907	0.0918	-40.57
YBL039C_mRNA	429	861.4	52.02	25.0	5.51	46.51	0.9837	0.0862	-41.0
YBL039W-B_mRNA	143	485.0	49.49	65.0	1.83	47.66	1.0	0.1058	-45.84
YBL040C_mRNA	624	638.8	61.26	71.5	3.93	57.33	0.9824	0.1072	-53.4
YBL041W_mRNA	610	508.4	63.03	71.0	2.29	60.74	0.9951	0.1415	-58.46
YBL042C_mRNA	197	713.7	64.04	44.0	8.47	55.57	0.9898	0.1365	-47.1
YBL043W_mRNA	27	622.7	74.41	82.0	19.11	55.3	0.963	0.17	-36.19
YBL045C_mRNA	376	822.4	88.69	90.0	2.31	86.38	0.9867	0.1443	-84.07
YBL046W_mRNA	75	366.0	73.33	79.0	31.29	42.04	1.0	0.2549	-10.75
YBL047C_mRNA	333	654.3	42.92	17.0	1.77	41.14	0.982	0.0824	-39.37
YBL048W_mRNA	33	528.4	67.15	75.0	2.64	64.52	0.9697	0.1282	-61.88
YBL049W_mRNA	7	637.0	60.86	83.0	4.0	56.86	1.0	0.139	-52.86
YBL050W_mRNA	346	680.2	61.88	25.5	14.97	46.91	1.0	0.1121	-31.95
YBL051C_mRNA	110	682.9	50.96	66.0	6.19	44.77	1.0	0.1003	-38.58
YBL052C_mRNA	16	383.6	54.0	10.0	1.12	52.88	1.0	0.1198	-51.75
YBL054W_mRNA	111	632.2	43.87	27.0	2.44	41.43	0.991	0.0898	-38.99
YBL055C_mRNA	239	690.4	60.27	37.0	3.9	56.37	0.9958	0.1143	-52.46
YBL056W_mRNA	518	795.2	54.43	61.5	4.44	50.0	0.9865	0.0935	-45.56
YBL057C_mRNA	193	488.7	46.95	24.0	2.61	44.34	0.9948	0.1063	-41.74
YBL058W_mRNA	174	758.1	52.28	65.0	3.31	48.97	0.9943	0.0943	-45.66
YBL059C-A_mRNA	159	423.1	43.2	20.0	2.36	40.84	0.9811	0.101	-38.48
YBL059W_mRNA	43	445.0	62.3	40.0	2.63	59.67	1.0	0.151	-57.05
YBL060W_mRNA	53	635.7	47.49	21.0	5.17	42.32	0.9811	0.1016	-37.15
YBL061C_mRNA	222	767.9	45.05	14.0	1.88	43.17	0.9865	0.0756	-41.29
YBL062W_mRNA	68	323.2	34.34	10.0	2.54	31.79	0.9853	0.1014	-29.25
YBL063W_mRNA	35	888.3	68.54	70.0	9.29	59.26	0.9714	0.118	-49.97
YBL064C_mRNA	188	625.5	49.08	24.0	1.93	47.15	1.0	0.0903	-45.22
YBL066C_mRNA	64	748.0	56.33	73.5	7.83	48.5	1.0	0.1083	-40.67
YBL067C_mRNA	130	743.6	50.22	25.0	1.74	48.48	0.9923	0.0837	-46.74
YBL068W-A_mRNA	35	528.9	50.89	56.0	0.83	50.06	1.0	0.1005	-49.23
YBL068W_mRNA	302	638.9	45.24	18.5	2.72	42.51	0.9834	0.0889	-39.79
YBL069W_mRNA	46	919.5	56.24	74.0	1.13	55.11	1.0	0.0911	-53.98
YBL071C_mRNA	21	393.5	36.67	7.0	0.52	36.14	0.9524	0.1069	-35.62
YBL071W-A_mRNA	30	430.3	48.9	66.0	6.3	42.6	0.9667	0.1095	-36.3
YBL072C_mRNA	11323	618.1	48.11	23.0	7.84	40.27	0.9981	0.0824	-32.43
YBL074C_mRNA	5	935.6	254.6	333.0	135.2	119.4	1.0	0.2408	15.8
YBL075C_mRNA	39	609.3	39.08	12.0	1.59	37.49	1.0	0.0883	-35.9
YBL076C_mRNA	1528	906.0	46.63	17.0	3.03	43.59	0.9928	0.0695	-40.56
YBL077W_mRNA	355	287.9	42.2	19.0	1.88	40.31	0.9915	0.1441	-38.43
YBL078C_mRNA	283	600.5	43.07	18.0	2.54	40.53	0.9823	0.0766	-37.99
YBL079W_mRNA	332	825.4	51.61	56.5	3.16	48.45	0.994	0.0883	-45.29
YBL080C_mRNA	36	694.8	39.89	14.0	2.64	37.25	0.9722	0.0617	-34.61
YBL081W_mRNA	65	670.1	57.09	72.0	7.8	49.29	1.0	0.1132	-41.49
YBL082C_mRNA	56	910.3	75.5	88.5	1.05	74.45	1.0	0.0984	-73.39
YBL083C_mRNA	15	740.3	81.6	94.0	6.93	74.67	1.0	0.1428	-67.73
YBL084C_mRNA	56	756.2	69.61	72.5	1.29	68.32	0.9643	0.1126	-67.04
YBL085W_mRNA	110	694.8	52.05	71.5	2.43	49.62	0.9909	0.0933	-47.19
YBL086C_mRNA	40	554.1	42.1	15.0	1.32	40.78	0.975	0.1009	-39.45
YBL087C_mRNA	4055	473.7	43.04	14.0	2.5	40.54	0.9845	0.0919	-38.04
YBL088C_mRNA	79	824.1	57.37	59.0	2.39	54.97	0.9873	0.1045	-52.58
YBL089W_mRNA	106	620.1	56.08	72.0	2.46	53.62	0.9906	0.1112	-51.16
YBL090W_mRNA	182	555.0	47.61	18.5	4.75	42.86	1.0	0.0921	-38.1
YBL091C-A_mRNA	155	321.6	50.85	22.0	8.61	42.24	1.0	0.1722	-33.63
YBL091C_mRNA	123	839.8	56.92	62.0	7.54	49.37	0.9675	0.0873	-41.83
YBL092W_mRNA	8783	472.1	42.02	14.0	3.16	38.87	0.9871	0.0891	-35.71
YBL093C_mRNA	238	575.4	45.45	20.0	2.45	42.99	1.0	0.0882	-40.54
YBL095W_mRNA	100	564.3	44.67	16.0	2.74	41.93	1.0	0.0918	-39.19
YBL098W_mRNA	95	869.1	157.88	150.0	8.82	149.06	1.0	0.2342	-140.24
YBL099W_mRNA	923	730.4	48.08	47.0	2.72	45.37	0.9772	0.0938	-42.65
YBL100W-A_mRNA	7	325.3	79.57	84.0	2.43	77.14	1.0	0.2412	-74.71
YBL100W-B_mRNA	48	1017.1	187.46	173.5	4.83	182.62	1.0	0.1904	-177.79
YBL101C_mRNA	100	761.1	57.3	38.0	1.94	55.36	1.0	0.1076	-53.42
YBL102W_mRNA	264	576.3	48.36	30.0	3.55	44.81	0.9962	0.0954	-41.25
YBL103C_mRNA	167	675.0	49.86	58.0	4.66	45.19	1.0	0.0926	-40.53
YBL104C_mRNA	82	594.5	53.04	16.0	7.28	45.76	0.9878	0.11	-38.48
YBL105C_mRNA	88	808.2	58.16	14.0	2.05	56.11	0.9773	0.0978	-54.07
YBL106C_mRNA	34	660.7	97.71	80.0	16.06	81.65	1.0	0.1857	-65.59
YBL107C_mRNA	175	480.5	44.12	16.0	4.85	39.27	0.9829	0.1014	-34.43
YBL111C_mRNA	7	356.3	37.57	6.0	0.43	37.14	1.0	0.1146	-36.71
YBL113C_mRNA	32	482.9	36.56	13.0	1.78	34.78	0.9688	0.1007	-33.0
YBR001C_mRNA	111	595.3	107.85	79.0	63.23	44.61	0.991	0.228	18.62
YBR002C_mRNA	99	576.5	32.73	9.0	2.18	30.55	0.9798	0.0745	-28.36
YBR003W_mRNA	164	603.4	49.03	14.0	5.46	43.57	1.0	0.0995	-38.1
YBR004C_mRNA	223	680.3	48.86	61.0	2.47	46.39	0.9955	0.098	-43.91
YBR005W_mRNA	143	632.8	48.41	48.0	2.43	45.98	1.0	0.0842	-43.55
YBR006W_mRNA	141	806.0	61.62	73.0	9.75	51.87	1.0	0.0922	-42.12
YBR007C_mRNA	105	622.1	56.43	57.0	7.05	49.38	1.0	0.1134	-42.33
YBR008C_mRNA	107	665.7	114.6	84.0	5.13	109.47	1.0	0.2364	-104.34
YBR009C_mRNA	4536	476.4	52.7	29.0	1.95	50.75	0.9982	0.1114	-48.8
YBR010W_mRNA	3650	510.6	40.35	13.0	1.88	38.47	0.9912	0.0809	-36.59
YBR011C_mRNA	1610	716.4	47.23	24.5	2.55	44.68	0.995	0.0832	-42.13
YBR012C_mRNA	75	329.6	217.93	200.0	10.4	207.53	1.0	0.6323	-197.13
YBR012W-A_mRNA	6	624.5	169.17	177.5	0.0	169.17	1.0	0.2727	-169.17
YBR012W-B_mRNA	621	779.1	287.2	322.0	3.05	284.14	0.9919	0.371	-281.09
YBR013C_mRNA	168	251.6	129.68	95.0	35.96	93.72	1.0	0.4188	-57.76
YBR014C_mRNA	265	626.4	50.42	21.0	2.33	48.09	0.9962	0.0862	-45.77
YBR015C_mRNA	392	769.6	53.59	65.0	2.74	50.84	0.9898	0.0916	-48.1
YBR016W_mRNA	275	550.9	53.29	29.0	3.5	49.79	1.0	0.0993	-46.29
YBR017C_mRNA	203	739.8	51.27	67.0	1.76	49.5	0.9852	0.1049	-47.74
YBR019C_mRNA	22	451.7	142.23	133.0	1.36	140.86	1.0	0.3497	-139.5
YBR020W_mRNA	17	556.2	123.53	101.0	63.59	59.94	1.0	0.2386	3.65
YBR021W_mRNA	49	731.9	57.78	75.0	1.65	56.12	0.9592	0.1108	-54.47
YBR022W_mRNA	173	599.9	49.77	18.0	1.71	48.06	0.9884	0.0858	-46.35
YBR023C_mRNA	258	789.3	50.14	32.0	3.08	47.07	0.9884	0.09	-43.99
YBR024W_mRNA	57	751.9	38.51	13.0	2.19	36.32	1.0	0.0764	-34.12
YBR025C_mRNA	1346	803.9	45.78	19.0	1.93	43.85	0.9918	0.0788	-41.91
YBR026C_mRNA	190	723.4	52.36	13.5	8.14	44.23	0.9947	0.0922	-36.09
YBR027C_mRNA	29	507.8	39.55	10.0	2.93	36.62	1.0	0.0879	-33.69
YBR028C_mRNA	45	828.8	53.0	71.0	2.51	50.49	0.9778	0.099	-47.98
YBR029C_mRNA	290	694.7	51.06	68.0	2.39	48.67	0.969	0.1009	-46.28
YBR030W_mRNA	47	641.9	57.06	56.0	3.94	53.13	0.9787	0.1128	-49.19
YBR031W_mRNA	4439	747.9	46.61	18.0	2.4	44.22	0.9734	0.0809	-41.82
YBR033W_mRNA	35	639.8	79.31	74.0	17.14	62.17	1.0	0.1475	-45.03
YBR034C_mRNA	464	680.6	50.15	52.5	3.55	46.6	1.0	0.1028	-43.05
YBR035C_mRNA	405	619.8	44.68	15.0	6.81	37.87	0.9951	0.0792	-31.05
YBR036C_mRNA	493	705.8	158.27	75.0	111.48	46.79	0.9655	0.234	64.69
YBR037C_mRNA	37	740.5	35.38	13.0	5.14	30.24	1.0	0.0634	-25.11
YBR038W_mRNA	111	513.5	47.68	26.0	1.33	46.34	0.982	0.1044	-45.01
YBR039W_mRNA	492	720.0	50.19	68.5	2.56	47.63	0.9878	0.0887	-45.07
YBR041W_mRNA	216	764.2	58.21	59.5	2.37	55.84	0.9769	0.0995	-53.47
YBR042C_mRNA	226	731.0	53.12	37.5	4.88	48.25	0.9956	0.0921	-43.37
YBR043C_mRNA	130	579.1	47.0	29.5	2.92	44.08	1.0	0.1075	-41.17
YBR044C_mRNA	75	577.5	51.6	67.0	5.63	45.97	0.9867	0.1197	-40.35
YBR045C_mRNA	66	621.2	51.14	16.5	7.95	43.18	0.9848	0.1042	-35.23
YBR046C_mRNA	96	689.0	57.57	76.0	2.97	54.6	1.0	0.1155	-51.64
YBR047W_mRNA	119	547.2	39.88	14.0	3.39	36.49	1.0	0.0755	-33.09
YBR048W_mRNA	4010	575.4	45.36	18.0	2.69	42.67	0.9905	0.0881	-39.98
YBR049C_mRNA	77	647.3	69.73	34.0	2.17	67.56	1.0	0.1239	-65.39
YBR050C_mRNA	20	628.4	79.05	86.0	2.4	76.65	1.0	0.1345	-74.25
YBR052C_mRNA	260	587.0	46.81	15.0	5.66	41.15	0.9923	0.0852	-35.48
YBR053C_mRNA	91	750.2	60.47	74.0	2.54	57.93	1.0	0.0968	-55.4
YBR054W_mRNA	572	728.5	61.45	73.5	6.81	54.64	0.9878	0.1227	-47.82
YBR055C_mRNA	68	942.7	46.74	8.5	5.03	41.71	0.9412	0.0774	-36.68
YBR056W-A_mRNA	1176	576.1	68.0	80.0	3.3	64.7	0.994	0.1244	-61.39
YBR056W_mRNA	190	913.8	61.55	43.5	9.85	51.71	1.0	0.0933	-41.86
YBR057C_mRNA	121	601.3	64.79	67.0	1.15	63.64	0.9669	0.1196	-62.49
YBR058C-A_mRNA	676	435.3	42.47	11.0	3.25	39.23	0.966	0.0928	-35.98
YBR058C_mRNA	75	833.3	58.65	71.0	3.23	55.43	1.0	0.1048	-52.2
YBR059C_mRNA	89	759.1	51.17	44.0	8.91	42.26	0.9888	0.1081	-33.35
YBR060C_mRNA	137	629.1	52.72	58.0	2.31	50.41	1.0	0.1117	-48.1
YBR061C_mRNA	250	699.1	131.96	58.0	90.44	41.51	0.996	0.1457	48.93
YBR062C_mRNA	269	560.6	52.55	31.0	9.06	43.5	0.9851	0.0989	-34.44
YBR063C_mRNA	88	617.2	75.32	73.0	11.14	64.18	0.9886	0.1458	-53.05
YBR065C_mRNA	11	750.5	46.55	69.0	1.73	44.82	1.0	0.0943	-43.09
YBR066C_mRNA	172	476.4	52.26	37.0	8.77	43.49	0.9942	0.1151	-34.72
YBR067C_mRNA	1348	639.0	60.29	74.0	3.66	56.63	0.9963	0.1086	-52.97
YBR068C_mRNA	699	819.3	49.93	36.0	5.86	44.07	0.9943	0.087	-38.21
YBR069C_mRNA	340	698.4	55.62	62.5	4.3	51.32	0.9941	0.1198	-47.02
YBR070C_mRNA	69	555.2	51.7	20.0	3.52	48.17	1.0	0.0941	-44.65
YBR071W_mRNA	154	689.3	51.59	53.5	3.36	48.23	0.9935	0.0925	-44.88
YBR072W_mRNA	180	654.8	43.89	13.0	6.88	37.02	1.0	0.0882	-30.14
YBR073W_mRNA	213	796.9	54.87	68.0	4.61	50.27	0.9906	0.1052	-45.66
YBR074W_mRNA	204	588.5	41.78	15.0	1.29	40.5	0.9755	0.0961	-39.21
YBR076C-A_mRNA	187	461.5	56.08	73.0	2.79	53.29	0.9947	0.1348	-50.51
YBR077C_mRNA	70	594.7	57.87	73.0	1.2	56.67	1.0	0.1031	-55.47
YBR078W_mRNA	2441	763.2	53.71	69.0	4.72	48.99	0.9861	0.0965	-44.28
YBR079C_mRNA	368	706.9	45.01	13.0	1.36	43.65	0.9973	0.082	-42.3
YBR080C_mRNA	282	693.8	52.45	57.0	1.78	50.67	1.0	0.1122	-48.89
YBR081C_mRNA	77	882.3	65.78	71.0	4.19	61.58	1.0	0.1284	-57.39
YBR082C_mRNA	1577	512.0	42.82	15.0	3.43	39.39	0.9962	0.0879	-35.97
YBR083W_mRNA	90	716.9	95.84	73.0	46.08	49.77	0.9778	0.175	-3.69
YBR084C-A_mRNA	4334	526.5	39.87	13.0	3.32	36.56	0.994	0.0795	-33.24
YBR084W_mRNA	598	809.0	45.47	22.5	3.4	42.07	0.9732	0.0895	-38.68
YBR085C-A_mRNA	2481	564.3	46.82	23.0	3.42	43.4	0.9948	0.0861	-39.98
YBR085W_mRNA	59	692.4	78.41	83.0	17.83	60.58	1.0	0.1368	-42.75
YBR086C_mRNA	416	762.2	56.42	73.0	5.12	51.31	0.9976	0.1194	-46.19
YBR087W_mRNA	299	725.5	59.13	67.0	3.84	55.29	1.0	0.1041	-51.45
YBR088C_mRNA	251	620.5	43.84	19.0	3.74	40.1	0.9522	0.0844	-36.36
YBR089C-A_mRNA	89	432.3	45.07	40.0	10.92	34.15	1.0	0.0989	-23.22
YBR090C_mRNA	447	494.2	55.63	19.0	17.01	38.62	0.9955	0.1056	-21.61
YBR091C_mRNA	88	429.7	45.69	25.0	2.23	43.47	1.0	0.1078	-41.24
YBR092C_mRNA	649	611.9	56.0	69.0	5.4	50.61	0.9892	0.117	-45.21
YBR093C_mRNA	404	830.9	51.36	61.0	1.63	49.73	0.9975	0.0924	-48.11
YBR094W_mRNA	107	625.9	50.47	64.0	3.35	47.12	1.0	0.1018	-43.78
YBR095C_mRNA	58	704.6	49.05	41.0	1.78	47.28	0.9828	0.0981	-45.5
YBR096W_mRNA	263	627.1	53.35	65.0	2.97	50.37	0.9962	0.0931	-47.4
YBR097W_mRNA	82	867.0	43.66	17.0	3.1	40.56	1.0	0.0656	-37.46
YBR098W_mRNA	40	602.4	50.38	46.0	2.58	47.8	1.0	0.1108	-45.22
YBR101C_mRNA	2620	648.7	51.17	52.0	3.2	47.98	0.995	0.0954	-44.78
YBR102C_mRNA	74	806.7	59.89	16.5	2.96	56.93	1.0	0.081	-53.97
YBR103W_mRNA	76	850.3	61.05	71.5	2.42	58.63	1.0	0.1055	-56.21
YBR104W_mRNA	504	689.9	42.65	13.0	2.77	39.87	0.994	0.0718	-37.1
YBR105C_mRNA	71	773.4	57.83	66.0	5.07	52.76	0.9859	0.0888	-47.69
YBR106W_mRNA	2089	570.2	43.15	15.0	3.09	40.06	0.9986	0.0786	-36.98
YBR107C_mRNA	58	511.9	54.16	63.0	2.22	51.93	1.0	0.1426	-49.71
YBR108W_mRNA	80	574.3	56.8	71.0	3.74	53.06	1.0	0.1431	-49.32
YBR109C_mRNA	1105	560.4	45.23	28.0	2.11	43.13	0.9946	0.088	-41.02
YBR110W_mRNA	145	741.6	61.57	67.0	9.1	52.47	0.9862	0.1064	-43.37
YBR111C_mRNA	662	593.4	49.31	18.0	2.14	47.18	0.9864	0.0869	-45.04
YBR111W-A_mRNA	471	449.6	54.46	61.0	10.13	44.33	0.9979	0.1204	-34.2
YBR112C_mRNA	223	656.1	51.65	24.0	4.1	47.55	0.9955	0.103	-43.45
YBR114W_mRNA	106	599.1	46.85	23.0	2.99	43.86	0.9906	0.1356	-40.87
YBR115C_mRNA	437	762.5	42.27	14.0	2.54	39.73	0.9931	0.0804	-37.18
YBR116C_mRNA	11	536.2	63.09	83.0	2.09	61.0	1.0	0.1388	-58.91
YBR117C_mRNA	13	858.8	150.69	95.0	5.62	145.08	1.0	0.1848	-139.46
YBR118W_mRNA	16690	818.6	53.9	25.0	2.83	51.06	0.9956	0.0851	-48.23
YBR119W_mRNA	86	552.8	66.78	27.5	15.86	50.92	0.9535	0.1315	-35.06
YBR120C_mRNA	136	525.3	45.44	22.5	1.94	43.5	1.0	0.0898	-41.56
YBR121C-A_mRNA	830	774.7	58.66	57.0	4.76	53.9	0.994	0.1005	-49.15
YBR121C_mRNA	921	856.0	52.37	36.0	2.85	49.52	0.9891	0.0881	-46.67
YBR122C_mRNA	277	578.9	38.84	14.0	1.73	37.11	0.9964	0.0741	-35.38
YBR123C_mRNA	29	831.6	43.55	14.0	2.14	41.41	1.0	0.076	-39.28
YBR125C_mRNA	90	607.5	92.19	83.5	1.71	90.48	0.9889	0.1929	-88.77
YBR126C_mRNA	353	854.9	56.07	71.0	3.92	52.15	1.0	0.0895	-48.23
YBR126W-A_mRNA	487	365.8	43.58	19.0	1.28	42.3	0.9979	0.1112	-41.02
YBR126W-B_mRNA	68	239.9	43.0	18.5	4.99	38.01	0.9853	0.1666	-33.03
YBR127C_mRNA	429	729.8	39.0	13.0	3.07	35.93	0.9837	0.0803	-32.87
YBR128C_mRNA	30	417.2	68.03	71.0	2.37	65.67	1.0	0.1726	-63.3
YBR129C_mRNA	114	653.2	51.45	62.5	1.79	49.66	1.0	0.0904	-47.87
YBR130C_mRNA	97	675.0	46.12	19.0	1.52	44.61	0.9794	0.0954	-43.09
YBR131W_mRNA	49	799.9	42.31	14.0	1.63	40.67	1.0	0.0763	-39.04
YBR132C_mRNA	51	603.9	56.29	72.0	2.73	53.57	0.9804	0.141	-50.84
YBR133C_mRNA	61	760.0	44.62	23.0	1.41	43.21	1.0	0.0761	-41.8
YBR135W_mRNA	154	531.6	54.7	69.5	6.06	48.64	0.974	0.1121	-42.57
YBR136W_mRNA	173	653.3	50.24	27.0	2.23	48.01	0.9827	0.0872	-45.79
YBR137W_mRNA	153	593.9	48.82	19.0	3.04	45.78	1.0	0.0862	-42.74
YBR138C_mRNA	60	548.4	61.45	69.0	5.57	55.88	1.0	0.1277	-50.32
YBR139W_mRNA	173	662.8	51.06	54.0	2.81	48.25	1.0	0.0976	-45.45
YBR140C_mRNA	192	754.6	41.26	12.0	4.87	36.39	0.9896	0.0697	-31.52
YBR141C_mRNA	33	697.8	41.64	16.0	3.15	38.48	0.9697	0.0658	-35.33
YBR142W_mRNA	323	608.0	40.99	14.0	3.1	37.89	0.9938	0.0965	-34.79
YBR143C_mRNA	1803	870.8	56.39	59.0	2.22	54.17	0.9933	0.0826	-51.96
YBR144C_mRNA	12	371.9	251.5	172.5	109.58	141.92	1.0	0.6226	-32.33
YBR145W_mRNA	378	706.1	44.43	21.0	2.59	41.84	0.9841	0.0819	-39.25
YBR146W_mRNA	211	644.7	48.73	23.0	2.19	46.54	0.9858	0.0898	-44.34
YBR147W_mRNA	122	762.0	56.92	64.0	9.29	47.63	1.0	0.0788	-38.34
YBR148W_mRNA	27	426.5	75.56	70.0	39.19	36.37	1.0	0.2318	2.81
YBR149W_mRNA	248	726.9	55.18	64.0	2.26	52.92	0.9879	0.1	-50.67
YBR150C_mRNA	67	659.5	49.46	56.0	3.75	45.72	1.0	0.0886	-41.97
YBR151W_mRNA	382	656.4	49.74	24.5	6.92	42.82	0.9948	0.0998	-35.9
YBR153W_mRNA	113	482.5	53.58	69.0	1.83	51.75	0.9912	0.1392	-49.92
YBR154C_mRNA	948	624.8	41.22	13.0	1.98	39.24	0.9916	0.0716	-37.27
YBR155W_mRNA	68	673.3	45.56	17.5	1.51	44.04	1.0	0.1016	-42.53
YBR156C_mRNA	15	924.7	63.33	73.0	5.13	58.2	1.0	0.1081	-53.07
YBR157C_mRNA	115	549.4	44.97	26.0	3.12	41.85	0.9826	0.102	-38.73
YBR158W_mRNA	340	754.7	87.05	66.5	43.27	43.78	0.9971	0.1314	-0.51
YBR159W_mRNA	505	762.7	50.64	58.0	4.04	46.59	0.998	0.0878	-42.55
YBR160W_mRNA	143	771.2	46.82	26.0	1.64	45.18	1.0	0.0734	-43.55
YBR161W_mRNA	66	602.5	51.26	64.0	4.55	46.71	0.9697	0.1103	-42.17
YBR162C_mRNA	1471	780.8	53.96	70.0	3.16	50.79	0.9898	0.0963	-47.63
YBR162W-A_mRNA	862	332.5	51.01	33.5	1.23	49.79	0.9896	0.1466	-48.56
YBR163W_mRNA	74	639.9	78.59	61.0	7.39	71.2	1.0	0.1399	-63.81
YBR164C_mRNA	762	644.3	44.77	16.0	1.88	42.89	0.9908	0.0748	-41.02
YBR165W_mRNA	115	680.6	53.7	69.0	4.04	49.66	1.0	0.096	-45.62
YBR166C_mRNA	418	825.0	52.21	68.0	2.24	49.97	0.9761	0.0869	-47.72
YBR167C_mRNA	126	530.8	68.13	78.0	1.85	66.28	0.9921	0.132	-64.43
YBR168W_mRNA	65	905.4	70.03	73.0	1.6	68.43	1.0	0.1043	-66.83
YBR169C_mRNA	403	812.4	52.19	55.0	3.21	48.97	0.9926	0.0915	-45.76
YBR170C_mRNA	133	645.7	46.46	27.0	2.64	43.82	0.9699	0.0929	-41.18
YBR171W_mRNA	383	559.5	44.61	16.0	2.28	42.33	0.9504	0.0888	-40.04
YBR172C_mRNA	95	775.5	49.86	33.0	1.83	48.03	1.0	0.086	-46.2
YBR173C_mRNA	445	544.1	50.94	66.0	2.48	48.47	0.9933	0.0998	-45.99
YBR174C_mRNA	17	854.8	68.18	57.0	2.18	66.0	1.0	0.0877	-63.82
YBR175W_mRNA	95	694.9	49.25	27.0	2.38	46.87	0.9895	0.0814	-44.49
YBR176W_mRNA	59	671.0	52.59	64.0	2.07	50.53	0.9831	0.1029	-48.46
YBR177C_mRNA	220	759.4	54.5	71.0	3.14	51.36	1.0	0.0975	-48.22
YBR178W_mRNA	5	520.6	224.2	194.0	47.8	176.4	1.0	0.4507	-128.6
YBR179C_mRNA	82	857.5	74.9	85.5	2.71	72.2	1.0	0.1229	-69.49
YBR180W_mRNA	15	479.9	80.8	87.0	2.33	78.47	1.0	0.2217	-76.13
YBR181C_mRNA	5585	657.7	40.96	12.0	2.5	38.46	0.9928	0.0693	-35.96
YBR182C-A_mRNA	8	443.1	67.75	7.5	0.38	67.38	0.875	0.1268	-67.0
YBR182C_mRNA	44	705.5	89.48	81.5	14.61	74.86	0.9773	0.158	-60.25
YBR183W_mRNA	174	673.2	55.54	67.5	11.11	44.43	1.0	0.1264	-33.32
YBR184W_mRNA	29	489.1	41.07	12.0	1.24	39.83	1.0	0.0931	-38.59
YBR185C_mRNA	92	647.2	57.46	73.0	3.85	53.61	0.9891	0.1066	-49.76
YBR186W_mRNA	20	650.5	72.55	79.0	24.35	48.2	0.95	0.1104	-23.85
YBR187W_mRNA	204	605.2	52.11	37.0	5.05	47.06	0.9608	0.0975	-42.01
YBR188C_mRNA	401	528.9	45.81	25.0	1.73	44.08	0.99	0.0986	-42.35
YBR189W_mRNA	4975	513.2	39.26	12.0	2.34	36.92	0.9958	0.0831	-34.58
YBR191W-A_mRNA	1768	464.7	43.06	29.0	10.97	32.09	0.9972	0.0996	-21.12
YBR191W_mRNA	4049	585.5	49.49	52.0	1.99	47.49	0.9896	0.0848	-45.5
YBR192W_mRNA	167	820.3	58.68	76.0	3.26	55.43	0.982	0.0932	-52.17
YBR193C_mRNA	131	546.5	52.18	66.0	2.15	50.02	1.0	0.1054	-47.87
YBR194W_mRNA	102	532.2	43.71	25.5	2.59	41.12	1.0	0.0822	-38.53
YBR195C_mRNA	46	667.6	58.57	25.0	5.04	53.52	1.0	0.1176	-48.48
YBR196C-A_mRNA	12	437.5	86.67	81.0	1.83	84.83	1.0	0.2431	-83.0
YBR196C-B_mRNA	32	457.5	180.34	160.0	44.75	135.59	1.0	0.4007	-90.84
YBR196C_mRNA	3484	913.7	52.26	69.0	3.37	48.89	0.9888	0.0839	-45.52
YBR197C_mRNA	110	509.6	49.42	13.0	5.13	44.29	0.9909	0.1166	-39.16
YBR198C_mRNA	74	785.2	46.69	30.5	2.01	44.68	1.0	0.0972	-42.66
YBR199W_mRNA	339	713.7	42.09	13.0	2.9	39.19	0.9794	0.0771	-36.29
YBR200W_mRNA	113	775.7	49.98	45.0	4.09	45.89	0.9823	0.0921	-41.81
YBR201C-A_mRNA	26	424.5	51.88	63.5	3.5	48.38	1.0	0.1369	-44.88
YBR201W_mRNA	293	611.1	53.46	71.0	3.29	50.17	1.0	0.0957	-46.88
YBR202W_mRNA	34	1062.1	73.24	79.0	5.41	67.82	1.0	0.0985	-62.41
YBR203W_mRNA	114	888.0	58.01	30.5	2.63	55.38	0.9649	0.0892	-52.75
YBR204C_mRNA	83	762.2	59.59	66.0	12.52	47.07	0.9759	0.0838	-34.55
YBR205W_mRNA	85	845.8	56.68	73.0	1.38	55.31	0.9765	0.0789	-53.93
YBR206W_mRNA	158	679.7	47.12	28.0	3.22	43.9	1.0	0.0907	-40.68
YBR207W_mRNA	194	701.8	51.18	69.0	5.44	45.74	0.9948	0.0967	-40.3
YBR208C_mRNA	331	578.8	43.4	15.0	2.13	41.27	0.9758	0.0907	-39.15
YBR210W_mRNA	209	551.2	88.28	81.0	1.68	86.59	0.9952	0.1708	-84.91
YBR211C_mRNA	121	686.5	57.25	53.0	2.48	54.77	0.9917	0.0994	-52.29
YBR212W_mRNA	108	1006.9	51.05	66.5	1.84	49.2	0.9815	0.0877	-47.36
YBR213W_mRNA	25	723.8	51.16	73.0	2.36	48.8	1.0	0.0888	-46.44
YBR214W_mRNA	187	686.4	93.67	74.0	49.53	44.14	1.0	0.2093	5.4
YBR215W_mRNA	73	673.4	88.38	19.0	8.58	79.81	0.9863	0.1762	-71.23
YBR216C_mRNA	87	752.5	52.44	74.0	1.41	51.02	0.9655	0.0934	-49.61
YBR217W_mRNA	112	630.2	52.21	25.0	2.97	49.23	0.9821	0.1034	-46.26
YBR218C_mRNA	476	765.3	44.19	17.5	2.71	41.48	0.9832	0.0801	-38.76
YBR220C_mRNA	61	856.5	52.25	29.0	6.57	45.67	1.0	0.0931	-39.1
YBR221C_mRNA	675	836.3	42.52	13.0	1.96	40.56	0.9733	0.0712	-38.59
YBR222C_mRNA	117	788.4	49.34	15.0	10.96	38.38	1.0	0.0758	-27.43
YBR223C_mRNA	53	661.1	41.32	15.0	1.66	39.66	1.0	0.0819	-38.0
YBR225W_mRNA	22	780.3	57.59	63.5	9.5	48.09	1.0	0.0865	-38.59
YBR226C_mRNA	52	478.2	38.25	10.0	2.56	35.69	0.9423	0.0898	-33.13
YBR227C_mRNA	46	873.3	40.22	12.0	1.52	38.7	0.8696	0.0507	-37.17
YBR228W_mRNA	49	535.7	63.35	72.0	16.49	46.86	1.0	0.1185	-30.37
YBR229C_mRNA	125	796.3	65.71	72.0	9.7	56.01	0.984	0.1148	-46.3
YBR230C_mRNA	199	485.5	89.24	86.0	7.7	81.54	1.0	0.1876	-73.84
YBR230W-A_mRNA	63	355.7	47.37	20.0	1.4	45.97	0.9841	0.1294	-44.57
YBR231C_mRNA	42	437.6	57.12	26.0	9.45	47.67	1.0	0.1269	-38.21
YBR233W-A_mRNA	198	468.0	45.91	20.0	2.97	42.94	0.9899	0.1026	-39.97
YBR233W_mRNA	41	692.3	37.37	15.0	6.27	31.1	0.9756	0.077	-24.83
YBR234C_mRNA	252	767.0	50.17	35.5	2.73	47.45	0.996	0.0789	-44.72
YBR235W_mRNA	86	911.6	52.83	66.5	3.83	49.0	0.9884	0.0918	-45.17
YBR236C_mRNA	246	910.3	46.58	18.0	3.28	43.3	0.9878	0.069	-40.01
YBR237W_mRNA	55	546.9	53.15	50.0	4.98	48.16	1.0	0.1084	-43.18
YBR238C_mRNA	64	800.3	59.38	68.5	6.48	52.89	1.0	0.1228	-46.41
YBR239C_mRNA	77	476.6	123.49	84.0	82.83	40.66	0.961	0.2817	42.17
YBR240C_mRNA	36	473.2	51.72	64.0	5.33	46.39	1.0	0.1401	-41.06
YBR241C_mRNA	31	825.4	83.06	77.0	6.58	76.48	1.0	0.1557	-69.9
YBR242W_mRNA	258	679.2	53.09	66.5	2.72	50.37	0.9961	0.0903	-47.65
YBR243C_mRNA	151	607.8	54.3	70.0	4.7	49.6	1.0	0.1192	-44.89
YBR244W_mRNA	204	555.3	49.78	45.0	2.59	47.2	0.9706	0.0914	-44.61
YBR245C_mRNA	66	545.7	45.55	9.5	3.38	42.17	0.9697	0.0896	-38.79
YBR246W_mRNA	127	698.7	50.66	67.0	1.78	48.88	0.9685	0.0988	-47.1
YBR247C_mRNA	113	817.4	36.19	9.0	2.79	33.4	0.9912	0.0639	-30.61
YBR248C_mRNA	149	686.4	40.47	11.0	1.68	38.79	0.9866	0.0799	-37.1
YBR249C_mRNA	1533	781.0	48.99	57.0	3.86	45.13	0.9909	0.0852	-41.28
YBR250W_mRNA	32	583.7	171.12	150.5	53.53	117.59	1.0	0.3322	-64.06
YBR251W_mRNA	93	551.5	60.02	12.0	19.02	41.0	1.0	0.1108	-21.98
YBR252W_mRNA	499	478.9	48.62	28.0	3.53	45.09	0.998	0.0994	-41.57
YBR253W_mRNA	145	461.7	55.66	40.0	5.79	49.88	0.9862	0.1128	-44.09
YBR254C_mRNA	175	591.5	45.71	19.0	3.49	42.23	1.0	0.0773	-38.74
YBR255C-A_mRNA	115	421.6	49.38	11.0	14.38	35.0	0.9826	0.112	-20.62
YBR255W_mRNA	89	604.0	56.06	70.0	3.18	52.88	1.0	0.1104	-49.7
YBR256C_mRNA	1338	642.7	44.07	16.0	3.16	40.92	0.9851	0.0729	-37.76
YBR257W_mRNA	130	682.5	45.24	19.0	3.07	42.17	0.9846	0.0763	-39.1
YBR258C_mRNA	70	485.0	44.1	18.5	2.79	41.31	1.0	0.0869	-38.53
YBR259W_mRNA	68	886.6	74.19	74.5	3.04	71.15	0.9853	0.1202	-68.1
YBR260C_mRNA	114	710.9	63.53	74.0	3.59	59.94	0.9912	0.1164	-56.35
YBR261C_mRNA	112	611.1	44.29	14.0	1.91	42.38	0.9464	0.0847	-40.47
YBR262C_mRNA	239	408.2	34.46	10.0	5.17	29.29	1.0	0.0842	-24.12
YBR263W_mRNA	342	838.0	46.16	22.5	3.61	42.56	0.9912	0.0933	-38.95
YBR264C_mRNA	54	462.4	40.63	10.0	2.54	38.09	1.0	0.0786	-35.56
YBR265W_mRNA	120	702.4	45.38	19.0	2.02	43.36	1.0	0.0857	-41.34
YBR267W_mRNA	74	697.0	52.43	72.0	1.62	50.81	1.0	0.0978	-49.19
YBR268W_mRNA	333	422.4	42.93	15.0	1.61	41.32	0.991	0.0959	-39.72
YBR269C_mRNA	170	462.8	44.41	17.0	3.43	40.98	0.9882	0.1017	-37.55
YBR270C_mRNA	24	578.5	56.83	47.0	9.79	47.04	1.0	0.1314	-37.25
YBR271W_mRNA	65	681.4	50.97	35.0	2.52	48.45	0.9846	0.0863	-45.92
YBR272C_mRNA	106	697.4	50.25	16.0	3.2	47.05	1.0	0.103	-43.85
YBR273C_mRNA	89	684.6	44.94	16.0	4.78	40.17	0.9888	0.0953	-35.39
YBR274W_mRNA	83	677.7	48.13	28.0	1.78	46.35	1.0	0.0945	-44.57
YBR275C_mRNA	53	739.4	52.04	60.0	1.55	50.49	0.9811	0.1053	-48.94
YBR276C_mRNA	138	715.9	39.91	10.0	2.15	37.75	0.9783	0.0814	-35.6
YBR278W_mRNA	66	474.2	50.32	25.0	2.24	48.08	1.0	0.1072	-45.83
YBR279W_mRNA	33	367.1	43.55	12.0	2.15	41.39	1.0	0.1176	-39.24
YBR280C_mRNA	87	745.5	60.71	24.0	9.26	51.45	0.9885	0.1145	-42.18
YBR281C_mRNA	157	713.8	60.98	75.0	7.28	53.7	1.0	0.122	-46.42
YBR282W_mRNA	256	488.9	39.23	12.0	2.07	37.16	0.9492	0.084	-35.09
YBR283C_mRNA	774	684.9	48.75	64.5	3.72	45.03	0.9935	0.0982	-41.32
YBR284W_mRNA	20	531.0	78.05	84.5	22.2	55.85	1.0	0.1703	-33.65
YBR285W_mRNA	49	538.2	60.41	75.0	2.1	58.31	1.0	0.1192	-56.2
YBR286W_mRNA	902	715.5	48.06	42.5	2.39	45.67	0.9922	0.104	-43.28
YBR287W_mRNA	380	733.0	56.43	73.0	2.73	53.71	0.9921	0.1146	-50.98
YBR288C_mRNA	194	789.7	44.09	26.0	3.39	40.7	0.9897	0.0742	-37.31
YBR289W_mRNA	36	847.4	65.0	72.0	4.11	60.89	1.0	0.1038	-56.78
YBR290W_mRNA	325	722.1	45.55	28.0	2.7	42.85	0.9908	0.0721	-40.14
YBR291C_mRNA	176	544.1	58.7	65.0	4.41	54.29	0.9943	0.132	-49.88
YBR292C_mRNA	25	697.3	186.68	99.0	48.28	138.4	1.0	0.2752	-90.12
YBR293W_mRNA	90	648.1	99.38	69.0	13.08	86.3	0.9889	0.211	-73.22
YBR294W_mRNA	32	530.4	129.75	130.0	7.94	121.81	0.9688	0.2977	-113.88
YBR295W_mRNA	75	702.2	52.57	62.0	6.64	45.93	1.0	0.1081	-39.29
YBR296C_mRNA	99	731.9	54.9	67.0	2.34	52.56	1.0	0.1096	-50.21
YBR297W_mRNA	121	602.4	52.59	21.0	11.08	41.5	0.9917	0.1042	-30.42
YBR298C_mRNA	97	584.3	51.37	47.0	3.36	48.01	0.9897	0.1071	-44.65
YBR299W_mRNA	25	648.2	60.12	32.0	1.44	58.68	1.0	0.1185	-57.24
YBR300C_mRNA	7	654.7	246.29	81.0	137.86	108.43	1.0	0.3249	29.43
YBR302C_mRNA	187	747.0	57.81	52.0	6.71	51.11	0.984	0.1079	-44.4
YCL001W-A_mRNA	11	873.0	544.73	661.0	501.09	43.64	1.0	0.594	457.45
YCL001W-B_mRNA	18	465.6	262.5	233.0	144.72	117.78	1.0	0.5288	26.94
YCL001W_mRNA	631	575.1	51.92	43.0	5.27	46.65	0.9889	0.0942	-41.38
YCL002C_mRNA	232	704.0	64.57	72.0	12.98	51.59	0.9914	0.1023	-38.62
YCL004W_mRNA	34	804.2	72.12	67.0	20.65	51.47	0.9706	0.1161	-30.82
YCL005W-A_mRNA	713	360.5	61.63	59.0	20.7	40.93	0.9986	0.1714	-20.23
YCL005W_mRNA	91	568.5	89.75	83.0	8.15	81.59	1.0	0.203	-73.44
YCL008C_mRNA	45	625.8	46.91	31.0	4.51	42.4	1.0	0.0885	-37.89
YCL009C_mRNA	831	714.5	48.92	62.0	2.78	46.14	0.9952	0.0882	-43.36
YCL010C_mRNA	103	876.4	93.8	88.0	1.75	92.05	0.9903	0.1141	-90.3
YCL011C_mRNA	489	639.6	47.78	32.0	2.16	45.62	0.9918	0.0938	-43.47
YCL012C_mRNA	166	483.9	45.37	21.0	2.48	42.89	0.9639	0.0939	-40.41
YCL014W_mRNA	56	734.8	43.18	25.0	2.11	41.07	1.0	0.0853	-38.96
YCL016C_mRNA	50	744.8	47.68	14.5	1.44	46.24	1.0	0.0705	-44.8
YCL017C_mRNA	152	724.6	47.64	58.0	2.03	45.61	0.9934	0.094	-43.58
YCL018W_mRNA	639	676.5	43.68	15.0	2.74	40.94	0.975	0.083	-38.21
YCL019W_mRNA	503	1695.5	252.29	313.0	4.04	248.25	0.9861	0.1499	-244.21
YCL020W_mRNA	33	565.9	89.33	70.0	17.67	71.67	1.0	0.1621	-54.0
YCL021W-A_mRNA	11924	345.6	81.04	79.0	31.14	49.9	0.9949	0.2145	-18.76
YCL024W_mRNA	67	498.5	52.52	14.0	16.97	35.55	0.9701	0.1499	-18.58
YCL025C_mRNA	487	723.1	51.27	26.0	2.66	48.61	0.9938	0.1026	-45.95
YCL026C-A_mRNA	19	539.1	60.11	38.0	15.42	44.68	1.0	0.1299	-29.26
YCL026C-B_mRNA	31	575.1	68.13	21.0	23.35	44.77	1.0	0.1312	-21.42
YCL027W_mRNA	16	778.1	153.69	140.5	3.31	150.38	1.0	0.2595	-147.06
YCL028W_mRNA	161	775.4	54.28	66.0	4.17	50.11	0.9938	0.088	-45.94
YCL029C_mRNA	55	792.7	48.0	57.0	2.09	45.91	0.9818	0.0836	-43.82
YCL030C_mRNA	1061	769.3	48.2	18.0	2.58	45.62	0.9887	0.0835	-43.04
YCL031C_mRNA	462	740.6	42.31	14.0	2.26	40.06	0.9719	0.0634	-37.8
YCL032W_mRNA	63	533.0	66.33	76.0	1.87	64.46	1.0	0.1518	-62.59
YCL033C_mRNA	196	517.0	49.59	62.5	1.45	48.14	1.0	0.1007	-46.69
YCL034W_mRNA	39	618.3	48.85	63.0	1.03	47.82	1.0	0.1088	-46.79
YCL035C_mRNA	879	454.7	37.59	12.0	1.98	35.61	0.9727	0.08	-33.63
YCL036W_mRNA	40	824.1	52.42	75.5	5.52	46.9	1.0	0.0915	-41.38
YCL037C_mRNA	118	479.4	51.06	70.0	2.58	48.47	1.0	0.1335	-45.89
YCL038C_mRNA	53	937.1	60.45	69.0	2.94	57.51	0.9811	0.0875	-54.57
YCL039W_mRNA	150	695.6	56.27	70.5	4.18	52.09	1.0	0.0971	-47.91
YCL040W_mRNA	431	811.9	43.14	16.0	2.26	40.89	0.9977	0.077	-38.63
YCL042W_mRNA	9	455.6	91.44	85.0	2.44	89.0	0.8889	0.1689	-86.56
YCL043C_mRNA	1015	733.6	43.23	18.0	2.72	40.51	0.9793	0.0827	-37.8
YCL044C_mRNA	66	674.8	67.02	65.0	3.98	63.03	1.0	0.1427	-59.05
YCL045C_mRNA	195	748.8	50.31	65.0	3.1	47.21	0.9897	0.1078	-44.11
YCL047C_mRNA	85	584.0	75.38	82.0	12.49	62.88	0.9882	0.1618	-50.39
YCL048W-A_mRNA	13	423.5	112.85	121.0	2.08	110.77	1.0	0.2667	-108.69
YCL048W_mRNA	22	577.6	173.41	166.5	26.45	146.95	1.0	0.3405	-120.5
YCL049C_mRNA	127	560.2	59.54	67.0	2.97	56.57	1.0	0.1375	-53.61
YCL050C_mRNA	964	676.7	57.67	73.0	2.13	55.53	0.9969	0.1103	-53.4
YCL051W_mRNA	79	642.4	52.28	53.0	2.05	50.23	0.9494	0.1109	-48.18
YCL052C_mRNA	198	693.8	48.28	26.5	2.06	46.22	1.0	0.086	-44.16
YCL054W_mRNA	122	528.0	30.44	7.0	1.77	28.67	0.9836	0.0665	-26.9
YCL055W_mRNA	130	778.1	56.25	41.5	4.05	52.2	1.0	0.089	-48.15
YCL056C_mRNA	195	429.7	43.75	18.0	3.44	40.32	0.9897	0.1022	-36.88
YCL057C-A_mRNA	320	410.1	41.24	14.5	1.9	39.34	0.9938	0.0975	-37.44
YCL057W_mRNA	191	917.9	46.27	23.0	3.26	43.01	0.9895	0.0795	-39.75
YCL058W-A_mRNA	20	300.0	54.2	67.5	2.7	51.5	1.0	0.1572	-48.8
YCL059C_mRNA	391	676.4	37.73	14.0	2.04	35.69	0.9847	0.0752	-33.65
YCL061C_mRNA	72	671.5	45.85	9.5	2.82	43.03	0.9861	0.0781	-40.21
YCL063W_mRNA	40	750.8	104.42	69.5	9.02	95.4	0.95	0.1235	-86.38
YCL064C_mRNA	54	711.7	78.7	77.0	24.56	54.15	1.0	0.1241	-29.59
YCL065W_mRNA	23	386.5	142.35	142.0	91.13	51.22	1.0	0.3248	39.91
YCL066W_mRNA	168	714.9	254.52	259.5	15.65	238.88	1.0	0.3563	-223.23
YCL067C_mRNA	17	562.2	69.18	83.0	4.53	64.65	1.0	0.1195	-60.12
YCR001W_mRNA	22	796.9	531.91	499.0	239.18	292.73	1.0	0.6456	-53.55
YCR002C_mRNA	376	635.3	50.92	19.0	6.25	44.67	0.9973	0.0981	-38.42
YCR003W_mRNA	261	570.5	41.67	12.0	2.25	39.43	0.9885	0.077	-37.18
YCR004C_mRNA	290	709.1	50.58	21.0	4.9	45.68	0.9897	0.084	-40.78
YCR005C_mRNA	739	788.1	51.06	49.0	3.67	47.39	0.9905	0.0876	-43.72
YCR007C_mRNA	115	482.8	174.54	84.0	117.05	57.49	0.9826	0.3242	59.57
YCR008W_mRNA	168	765.1	51.79	51.0	3.12	48.66	0.994	0.0831	-45.54
YCR009C_mRNA	542	675.4	47.45	21.0	2.03	45.42	0.9963	0.0847	-43.39
YCR010C_mRNA	9	466.8	120.22	72.0	81.11	39.11	1.0	0.2835	42.0
YCR011C_mRNA	204	832.1	50.82	16.0	6.0	44.82	0.9902	0.0765	-38.82
YCR012W_mRNA	10685	905.4	44.68	21.0	3.3	41.38	0.9575	0.0647	-38.08
YCR013C_mRNA	66	591.9	111.79	109.0	6.68	105.11	0.9091	0.186	-98.42
YCR014C_mRNA	34	620.0	58.12	73.5	3.21	54.91	0.9706	0.1565	-51.71
YCR015C_mRNA	463	385.3	86.77	82.0	37.41	49.36	0.9957	0.2429	-11.94
YCR016W_mRNA	185	453.6	45.42	13.0	2.16	43.25	0.973	0.1197	-41.09
YCR017C_mRNA	182	550.3	38.77	11.5	1.55	37.22	1.0	0.0903	-35.66
YCR018C-A_mRNA	106	326.1	134.9	81.0	66.08	68.82	0.9906	0.318	-2.75
YCR018C_mRNA	452	546.6	123.51	101.5	35.61	87.9	0.9978	0.2153	-52.29
YCR019W_mRNA	27	521.5	87.11	75.0	3.22	83.89	0.9259	0.185	-80.67
YCR020C-A_mRNA	366	450.6	48.18	62.5	1.81	46.37	0.9891	0.1044	-44.55
YCR020C_mRNA	61	380.5	44.8	21.0	3.57	41.23	1.0	0.1134	-37.66
YCR020W-B_mRNA	259	568.9	43.76	13.0	3.02	40.74	0.9846	0.0836	-37.73
YCR021C_mRNA	1583	855.2	52.95	69.0	3.47	49.48	0.9886	0.075	-46.01
YCR022C_mRNA	7	577.3	257.29	336.0	0.57	256.71	1.0	0.4609	-256.14
YCR023C_mRNA	220	605.7	81.62	74.0	32.8	48.82	0.9909	0.1767	-16.03
YCR024C-A_mRNA	1143	504.7	53.06	70.0	2.95	50.11	0.9948	0.119	-47.16
YCR024C-B_mRNA	1552	466.7	49.46	63.5	3.03	46.43	0.9955	0.1159	-43.39
YCR024C_mRNA	35	573.5	41.94	11.0	1.31	40.63	1.0	0.0836	-39.31
YCR025C_mRNA	50	435.7	74.78	41.5	31.38	43.4	0.98	0.1304	-12.02
YCR026C_mRNA	59	830.8	34.1	9.0	2.36	31.75	1.0	0.0601	-29.39
YCR027C_mRNA	91	701.7	64.34	40.0	18.23	46.11	1.0	0.1316	-27.88
YCR028C-A_mRNA	1945	570.4	47.9	62.0	3.13	44.77	0.9722	0.0858	-41.64
YCR028C_mRNA	97	766.4	64.8	21.0	14.7	50.1	0.9897	0.1133	-35.4
YCR030C_mRNA	251	508.1	47.36	64.0	2.73	44.64	1.0	0.1149	-41.91
YCR031C_mRNA	5604	456.6	34.85	9.0	2.11	32.74	0.9795	0.0785	-30.64
YCR032W_mRNA	95	845.2	47.34	20.0	2.89	44.44	1.0	0.0706	-41.55
YCR033W_mRNA	61	666.9	55.51	54.0	7.61	47.9	0.9836	0.1045	-40.3
YCR034W_mRNA	692	633.0	55.79	73.0	2.73	53.06	0.9986	0.1102	-50.33
YCR035C_mRNA	170	726.4	51.79	43.5	1.46	50.33	0.9882	0.087	-48.86
YCR036W_mRNA	265	722.3	47.69	25.0	3.19	44.5	0.9849	0.0731	-41.31
YCR037C_mRNA	60	803.9	47.03	62.0	3.37	43.67	1.0	0.0806	-40.3
YCR038C_mRNA	128	523.2	48.58	16.5	9.09	39.48	1.0	0.1061	-30.39
YCR039C_mRNA	282	669.8	50.43	24.5	5.42	45.01	1.0	0.0748	-39.59
YCR040W_mRNA	146	682.1	242.99	253.5	13.82	229.18	0.9932	0.351	-215.36
YCR041W_mRNA	64	407.3	149.36	149.0	96.41	52.95	1.0	0.3434	43.45
YCR042C_mRNA	117	801.2	43.16	12.0	2.5	40.66	0.9744	0.0721	-38.15
YCR043C_mRNA	464	512.8	46.7	18.0	3.61	43.09	0.9978	0.0933	-39.48
YCR044C_mRNA	117	750.8	53.85	68.0	4.88	48.97	1.0	0.0875	-44.09
YCR045W-A_mRNA	26	572.0	74.0	76.0	21.38	52.62	1.0	0.1669	-31.23
YCR046C_mRNA	98	528.0	39.38	10.5	2.14	37.23	1.0	0.0791	-35.09
YCR047C_mRNA	31	377.7	52.97	33.0	7.16	45.81	1.0	0.1531	-38.65
YCR048W_mRNA	96	665.9	55.29	72.0	2.47	52.82	1.0	0.1192	-50.35
YCR051W_mRNA	96	537.6	54.44	9.5	3.42	51.02	0.9479	0.1015	-47.6
YCR052W_mRNA	72	799.9	41.68	15.0	2.01	39.67	1.0	0.0763	-37.65
YCR053W_mRNA	1001	784.2	46.66	20.0	4.24	42.41	0.996	0.0824	-38.17
YCR054C_mRNA	113	454.3	40.67	14.0	1.85	38.82	0.9912	0.1243	-36.97
YCR057C_mRNA	53	780.2	39.83	16.0	2.55	37.28	0.9811	0.0755	-34.74
YCR059C_mRNA	119	592.4	42.1	17.0	2.19	39.91	0.9916	0.0878	-37.71
YCR060W_mRNA	302	438.4	58.46	37.5	6.92	51.54	0.9967	0.1277	-44.61
YCR061W_mRNA	58	661.8	102.81	15.5	3.97	98.84	1.0	0.158	-94.88
YCR063W_mRNA	18	632.1	100.5	59.5	1.44	99.06	1.0	0.1341	-97.61
YCR065W_mRNA	73	496.5	52.71	26.0	6.56	46.15	1.0	0.1194	-39.59
YCR066W_mRNA	57	533.6	70.51	79.0	1.33	69.18	1.0	0.1579	-67.84
YCR067C_mRNA	86	877.1	54.47	62.0	3.95	50.51	1.0	0.1015	-46.56
YCR069W_mRNA	127	772.8	50.61	69.0	2.16	48.46	1.0	0.0898	-46.3
YCR071C_mRNA	191	440.1	44.43	18.0	1.77	42.66	0.9738	0.1061	-40.88
YCR072C_mRNA	57	738.7	42.82	18.0	3.3	39.53	1.0	0.0776	-36.23
YCR073C_mRNA	98	685.4	48.87	30.0	1.42	47.45	0.9898	0.0976	-46.03
YCR073W-A_mRNA	100	701.4	52.47	38.5	1.34	51.13	1.0	0.0842	-49.79
YCR075C_mRNA	24	611.0	50.17	50.0	2.92	47.25	1.0	0.1097	-44.33
YCR075W-A_mRNA	138	347.0	47.59	31.0	2.13	45.46	0.9928	0.1291	-43.33
YCR076C_mRNA	53	654.8	32.11	9.0	0.45	31.66	0.9811	0.042	-31.21
YCR077C_mRNA	210	757.3	42.5	15.0	3.57	38.93	0.9857	0.0747	-35.36
YCR079W_mRNA	63	893.1	62.81	79.0	2.75	60.06	1.0	0.087	-57.32
YCR081W_mRNA	159	592.0	50.62	30.0	3.42	47.2	0.9937	0.1006	-43.78
YCR082W_mRNA	416	502.5	65.4	56.5	3.65	61.76	0.9952	0.1425	-58.11
YCR083W_mRNA	175	469.7	44.88	21.0	4.75	40.13	0.9771	0.0916	-35.38
YCR084C_mRNA	156	774.0	56.88	66.5	3.38	53.5	0.9936	0.1036	-50.12
YCR085W_mRNA	10	302.0	55.0	49.0	12.9	42.1	1.0	0.1654	-29.2
YCR086W_mRNA	11	568.1	43.64	10.0	2.27	41.36	1.0	0.0848	-39.09
YCR087C-A_mRNA	70	459.8	39.36	17.0	2.17	37.19	1.0	0.0886	-35.01
YCR087W_mRNA	128	483.2	46.65	14.5	2.04	44.61	1.0	0.0967	-42.57
YCR088W_mRNA	132	562.6	45.9	15.0	2.8	43.11	0.9773	0.1087	-40.31
YCR089W_mRNA	22	618.0	78.14	87.0	15.77	62.36	1.0	0.1814	-46.59
YCR090C_mRNA	557	559.0	55.54	71.0	2.41	53.14	1.0	0.1065	-50.73
YCR091W_mRNA	19	757.5	93.53	80.0	16.68	76.84	1.0	0.1445	-60.16
YCR092C_mRNA	55	716.3	58.82	68.0	9.15	49.67	1.0	0.0987	-40.53
YCR093W_mRNA	154	911.9	48.82	64.5	2.56	46.26	1.0	0.0848	-43.7
YCR094W_mRNA	112	656.8	45.8	49.5	1.68	44.12	0.9911	0.0913	-42.45
YCR095C_mRNA	148	833.1	56.61	49.0	5.1	51.51	0.9932	0.0712	-46.41
YCR095W-A_mRNA	32	597.9	42.66	18.5	3.56	39.09	1.0	0.0905	-35.53
YCR096C_mRNA	17	584.2	91.0	100.0	41.76	49.24	1.0	0.1655	-7.47
YCR098C_mRNA	160	801.6	66.76	71.0	4.24	62.52	1.0	0.1222	-58.28
YCR099C_mRNA	134	717.4	176.79	96.0	121.69	55.1	1.0	0.2734	66.6
YCR102C_mRNA	53	659.0	95.6	70.0	52.75	42.85	0.9811	0.1571	9.91
YCR105W_mRNA	35	510.1	115.51	84.0	2.31	113.2	1.0	0.1939	-110.89
YCR106W_mRNA	19	943.9	246.16	307.0	9.05	237.11	1.0	0.2781	-228.05
YCR107W_mRNA	102	665.1	71.29	67.5	20.3	50.99	0.9902	0.1162	-30.69
YDL001W_mRNA	131	757.2	56.49	72.0	8.34	48.15	0.9847	0.1117	-39.8
YDL002C_mRNA	274	583.9	40.71	12.0	2.37	38.34	0.9964	0.0746	-35.97
YDL003W_mRNA	82	615.6	54.15	23.5	7.29	46.85	0.9268	0.1093	-39.56
YDL004W_mRNA	1139	551.9	49.29	59.0	5.05	44.24	0.9895	0.0973	-39.19
YDL005C_mRNA	122	717.3	68.66	82.0	3.1	65.57	0.9918	0.1213	-62.47
YDL006W_mRNA	149	721.7	44.47	16.0	1.83	42.64	1.0	0.0766	-40.82
YDL007W_mRNA	411	781.4	43.62	12.0	2.97	40.65	0.9951	0.0688	-37.68
YDL008W_mRNA	271	555.7	55.0	70.0	1.8	53.2	0.9852	0.0985	-51.4
YDL010W_mRNA	167	583.6	46.67	16.0	4.02	42.65	0.994	0.092	-38.63
YDL012C_mRNA	276	469.0	60.59	72.0	4.82	55.78	0.971	0.1307	-50.96
YDL013W_mRNA	66	576.2	59.7	76.0	5.29	54.41	1.0	0.1473	-49.12
YDL014W_mRNA	1548	628.5	44.48	15.0	2.74	41.74	0.9935	0.0838	-39.0
YDL015C_mRNA	588	913.5	53.07	69.0	2.81	50.27	0.9881	0.0729	-47.46
YDL016C_mRNA	466	611.9	59.6	74.0	11.53	48.06	0.9979	0.1052	-36.53
YDL017W_mRNA	35	747.4	40.66	12.0	0.8	39.86	1.0	0.096	-39.06
YDL018C_mRNA	154	627.1	50.42	40.5	3.43	46.99	0.9805	0.0909	-43.56
YDL019C_mRNA	98	623.4	88.07	83.0	25.8	62.28	1.0	0.213	-36.48
YDL020C_mRNA	576	555.1	49.78	21.0	6.58	43.2	0.9931	0.1122	-36.62
YDL021W_mRNA	41	525.5	42.49	10.0	2.73	39.76	1.0	0.1027	-37.02
YDL022W_mRNA	232	814.8	50.51	37.0	4.1	46.41	0.9914	0.0923	-42.31
YDL024C_mRNA	11	412.3	79.18	85.0	4.0	75.18	1.0	0.1997	-71.18
YDL025C_mRNA	196	698.4	66.66	69.0	2.41	64.24	0.9949	0.1404	-61.83
YDL027C_mRNA	148	648.9	52.01	69.0	4.76	47.25	0.9865	0.1058	-42.49
YDL028C_mRNA	62	798.2	42.23	10.0	1.45	40.77	0.9839	0.0604	-39.32
YDL029W_mRNA	367	690.1	44.11	16.0	3.11	41.0	0.9428	0.0865	-37.89
YDL030W_mRNA	74	581.1	42.12	14.0	1.55	40.57	0.9595	0.0897	-39.01
YDL031W_mRNA	211	682.3	43.65	14.0	1.43	42.22	0.9716	0.0828	-40.79
YDL033C_mRNA	32	676.7	76.66	78.0	13.12	63.53	0.9688	0.1477	-50.41
YDL035C_mRNA	148	817.1	59.01	69.5	7.59	51.42	1.0	0.1094	-43.83
YDL036C_mRNA	125	552.2	140.06	96.0	46.44	93.62	0.992	0.2617	-47.18
YDL039C_mRNA	149	908.9	139.7	88.0	81.13	58.57	0.9866	0.1676	22.56
YDL040C_mRNA	223	882.5	50.15	24.0	2.9	47.25	1.0	0.0936	-44.35
YDL041W_mRNA	21	269.0	33.24	9.0	1.38	31.86	0.9524	0.1294	-30.48
YDL042C_mRNA	56	716.8	54.14	29.0	4.82	49.32	1.0	0.1172	-44.5
YDL043C_mRNA	88	812.5	66.26	75.5	13.48	52.78	0.9886	0.0835	-39.31
YDL044C_mRNA	62	490.1	44.39	12.0	3.06	41.32	1.0	0.0999	-38.26
YDL045C_mRNA	133	723.5	56.1	51.0	2.92	53.17	0.9925	0.0955	-50.25
YDL045W-A_mRNA	205	406.3	59.67	73.0	1.67	58.0	1.0	0.1496	-56.34
YDL046W_mRNA	310	659.3	64.47	72.0	7.33	57.15	0.9903	0.1111	-49.82
YDL047W_mRNA	156	820.8	55.27	61.5	5.17	50.1	0.9936	0.0946	-44.92
YDL048C_mRNA	284	659.1	51.9	65.0	4.16	47.74	1.0	0.0976	-43.58
YDL049C_mRNA	95	470.6	60.2	70.0	10.65	49.55	1.0	0.1522	-38.89
YDL051W_mRNA	738	642.2	41.08	12.0	1.97	39.11	0.9932	0.0758	-37.14
YDL052C_mRNA	150	667.4	51.04	72.0	1.94	49.1	0.98	0.1009	-47.16
YDL053C_mRNA	267	602.1	45.94	19.0	1.87	44.07	0.9963	0.088	-42.2
YDL054C_mRNA	212	530.1	107.66	96.0	51.59	56.06	1.0	0.3396	-4.47
YDL055C_mRNA	4061	866.6	51.27	68.0	2.7	48.57	0.9938	0.0805	-45.86
YDL056W_mRNA	84	652.8	55.07	73.0	2.37	52.7	0.9881	0.1097	-50.33
YDL057W_mRNA	57	540.3	47.25	12.0	1.88	45.37	1.0	0.1013	-43.49
YDL058W_mRNA	37	763.4	67.65	69.0	7.27	60.38	1.0	0.1392	-53.11
YDL059C_mRNA	52	626.1	68.56	73.0	2.37	66.19	1.0	0.1186	-63.83
YDL060W_mRNA	287	559.0	53.3	64.0	2.86	50.44	0.993	0.1219	-47.59
YDL061C_mRNA	6057	368.1	58.85	66.0	13.4	45.44	0.9983	0.1502	-32.04
YDL063C_mRNA	246	663.9	50.34	64.5	4.18	46.16	0.9959	0.1009	-41.98
YDL064W_mRNA	235	556.8	69.13	68.0	6.02	63.11	0.9787	0.1232	-57.09
YDL065C_mRNA	75	704.4	55.87	65.0	0.93	54.93	0.9733	0.0947	-54.0
YDL066W_mRNA	414	665.0	47.93	40.0	3.93	43.99	0.9903	0.0916	-40.06
YDL067C_mRNA	908	418.0	36.55	14.0	3.06	33.49	0.9824	0.0858	-30.43
YDL068W_mRNA	9	246.0	65.22	70.0	13.67	51.56	1.0	0.2883	-37.89
YDL069C_mRNA	161	573.5	58.98	68.0	10.99	47.99	0.9938	0.1248	-36.99
YDL070W_mRNA	389	587.2	69.22	82.0	3.22	65.99	1.0	0.1262	-62.77
YDL072C_mRNA	633	586.7	54.18	60.0	2.28	51.9	0.9905	0.1027	-49.62
YDL073W_mRNA	83	635.5	53.05	35.0	7.13	45.92	0.9518	0.132	-38.78
YDL074C_mRNA	267	845.2	47.57	20.0	3.28	44.28	0.9925	0.0791	-41.0
YDL075W_mRNA	8387	408.5	42.68	10.0	7.21	35.47	0.9348	0.1009	-28.25
YDL076C_mRNA	173	563.2	50.97	59.0	4.17	46.8	0.9884	0.1105	-42.64
YDL077C_mRNA	88	744.0	56.56	36.0	1.2	55.35	0.9773	0.1059	-54.15
YDL078C_mRNA	378	862.3	53.89	58.5	2.28	51.62	0.9894	0.0792	-49.34
YDL079C_mRNA	60	628.7	121.0	81.0	20.65	100.35	1.0	0.2164	-79.7
YDL080C_mRNA	57	672.7	61.86	69.0	3.04	58.82	0.9649	0.1446	-55.79
YDL081C_mRNA	9575	484.2	53.79	71.0	3.36	50.43	0.9968	0.1096	-47.07
YDL082W_mRNA	1839	572.0	42.55	12.0	1.81	40.74	0.9946	0.0803	-38.92
YDL083C_mRNA	7253	503.9	40.97	14.0	3.37	37.6	0.9916	0.0813	-34.23
YDL084W_mRNA	896	773.7	43.67	19.5	3.27	40.4	0.9621	0.0754	-37.13
YDL085C-A_mRNA	949	729.9	37.89	10.0	2.65	35.23	0.9779	0.071	-32.58
YDL085W_mRNA	7	594.7	29.14	7.0	0.43	28.71	1.0	0.0704	-28.29
YDL086C-A_mRNA	25	835.5	78.64	62.0	2.72	75.92	1.0	0.0966	-73.2
YDL086W_mRNA	187	673.9	47.75	22.0	2.53	45.21	0.984	0.0746	-42.68
YDL087C_mRNA	13	689.2	55.46	70.0	4.69	50.77	1.0	0.1027	-46.08
YDL088C_mRNA	159	739.5	60.81	76.0	1.82	58.99	0.9937	0.1177	-57.17
YDL089W_mRNA	91	613.1	42.65	20.0	2.09	40.56	0.989	0.0895	-38.47
YDL090C_mRNA	37	700.6	78.32	82.0	1.68	76.65	1.0	0.1294	-74.97
YDL091C_mRNA	64	583.7	52.91	47.0	5.5	47.41	1.0	0.1165	-41.91
YDL092W_mRNA	450	519.8	46.28	14.0	2.08	44.2	0.9911	0.0901	-42.11
YDL093W_mRNA	117	665.3	52.34	59.0	8.5	43.84	0.9915	0.1225	-35.33
YDL095W_mRNA	373	699.1	44.43	21.0	2.94	41.49	0.9598	0.0805	-38.54
YDL097C_mRNA	599	725.0	51.88	71.0	2.12	49.76	0.9833	0.0935	-47.64
YDL098C_mRNA	62	649.8	40.13	13.0	1.82	38.31	0.9677	0.0641	-36.48
YDL099W_mRNA	142	562.3	42.77	15.5	1.8	40.98	0.9789	0.0908	-39.18
YDL100C_mRNA	539	633.5	41.0	12.0	2.18	38.83	0.9759	0.0771	-36.65
YDL101C_mRNA	94	617.4	61.48	75.5	4.55	56.93	0.9894	0.1359	-52.37
YDL102W_mRNA	84	738.2	50.0	19.0	1.5	48.5	0.9524	0.0844	-47.0
YDL103C_mRNA	162	665.4	47.12	27.0	2.95	44.17	0.9691	0.0975	-41.22
YDL104C_mRNA	25	814.7	86.72	77.0	1.72	85.0	1.0	0.1182	-83.28
YDL105W_mRNA	50	552.7	42.28	12.5	2.66	39.62	1.0	0.0871	-36.96
YDL106C_mRNA	73	692.6	71.74	78.0	3.95	67.79	1.0	0.14	-63.85
YDL107W_mRNA	101	622.1	55.38	15.0	9.78	45.59	0.9406	0.111	-35.81
YDL108W_mRNA	109	672.3	65.73	55.0	13.17	52.57	1.0	0.1357	-39.4
YDL110C_mRNA	96	545.0	49.88	24.0	3.72	46.16	1.0	0.0949	-42.44
YDL111C_mRNA	207	598.4	51.34	56.0	6.46	44.88	0.9855	0.1009	-38.43
YDL112W_mRNA	276	825.0	52.05	68.5	2.23	49.82	0.9855	0.0934	-47.58
YDL113C_mRNA	167	696.9	45.84	18.0	1.62	44.22	0.982	0.0911	-42.6
YDL115C_mRNA	85	574.9	48.6	17.0	10.84	37.76	1.0	0.0935	-26.93
YDL116W_mRNA	236	775.9	54.63	27.0	1.41	53.22	0.9831	0.0934	-51.82
YDL117W_mRNA	89	637.1	52.01	14.0	11.62	40.39	0.9888	0.125	-28.78
YDL119C_mRNA	98	643.3	59.07	64.5	7.16	51.91	1.0	0.1014	-44.74
YDL120W_mRNA	182	534.2	50.8	67.5	2.97	47.83	0.9945	0.1146	-44.86
YDL121C_mRNA	405	535.2	52.48	42.0	3.67	48.81	0.9901	0.1016	-45.15
YDL122W_mRNA	52	411.4	37.75	17.0	3.23	34.52	1.0	0.1091	-31.29
YDL123W_mRNA	292	514.4	49.34	64.0	4.77	44.57	1.0	0.1122	-39.79
YDL124W_mRNA	481	746.1	50.62	37.0	3.33	47.29	0.9958	0.0762	-43.96
YDL125C_mRNA	781	531.1	52.99	32.0	4.42	48.57	0.9949	0.1101	-44.15
YDL126C_mRNA	1211	732.4	48.31	30.0	2.17	46.14	0.9678	0.0933	-43.97
YDL127W_mRNA	42	572.4	54.93	72.0	2.21	52.71	1.0	0.1279	-50.5
YDL128W_mRNA	226	643.7	73.27	72.0	18.04	55.23	0.9867	0.1591	-37.19
YDL129W_mRNA	31	484.4	75.74	80.0	18.45	57.29	1.0	0.1862	-38.84
YDL130W-A_mRNA	200	406.7	45.42	22.0	3.12	42.29	1.0	0.1141	-39.16
YDL130W_mRNA	6229	437.6	50.51	67.0	2.87	47.64	0.9664	0.1114	-44.77
YDL131W_mRNA	490	710.7	45.97	20.0	2.42	43.56	0.998	0.0944	-41.14
YDL132W_mRNA	139	868.5	56.96	68.0	3.67	53.29	0.9928	0.1087	-49.63
YDL133C-A_mRNA	26191	307.6	29.34	6.0	1.77	27.57	0.9244	0.0848	-25.8
YDL133W_mRNA	113	635.2	53.14	67.0	2.1	51.04	1.0	0.1063	-48.95
YDL134C_mRNA	377	688.3	56.84	52.0	14.01	42.84	0.9814	0.1106	-28.83
YDL135C_mRNA	699	648.7	53.99	67.0	2.24	51.74	0.9814	0.0925	-49.5
YDL136W_mRNA	6137	468.6	42.97	14.0	3.11	39.86	0.9949	0.0897	-36.75
YDL137W_mRNA	1558	661.2	53.96	60.0	11.83	42.14	0.9891	0.0849	-30.31
YDL138W_mRNA	48	709.0	97.67	76.0	18.75	78.92	1.0	0.1803	-60.17
YDL139C_mRNA	10	335.8	65.5	68.5	0.3	65.2	0.9	0.2124	-64.9
YDL140C_mRNA	155	565.1	59.43	72.0	11.08	48.35	0.9871	0.1293	-37.26
YDL141W_mRNA	93	792.0	50.84	33.0	1.95	48.89	0.9892	0.0978	-46.95
YDL142C_mRNA	75	602.1	48.0	32.0	3.27	44.73	0.9867	0.0888	-41.47
YDL143W_mRNA	520	725.3	50.67	64.5	2.82	47.85	0.9981	0.0959	-45.03
YDL144C_mRNA	75	780.7	56.57	18.0	4.39	52.19	1.0	0.0794	-47.8
YDL145C_mRNA	564	709.8	51.44	66.0	2.55	48.9	0.984	0.1035	-46.35
YDL146W_mRNA	76	658.5	67.68	75.5	5.14	62.54	1.0	0.1286	-57.39
YDL147W_mRNA	1185	871.0	50.16	22.0	2.37	47.79	0.9983	0.0738	-45.42
YDL148C_mRNA	253	720.3	52.26	25.0	3.7	48.56	0.996	0.0945	-44.87
YDL149W_mRNA	58	759.9	66.83	77.5	5.78	61.05	1.0	0.1061	-55.28
YDL150W_mRNA	209	519.9	56.86	44.0	2.14	54.72	0.9952	0.1235	-52.57
YDL153C_mRNA	339	650.8	48.71	21.0	2.01	46.7	0.9971	0.0947	-44.69
YDL154W_mRNA	52	717.7	75.62	85.0	2.15	73.46	0.9808	0.1212	-71.31
YDL155W_mRNA	86	614.1	48.63	30.0	3.73	44.9	0.9884	0.1149	-41.16
YDL157C_mRNA	488	516.7	44.08	15.0	2.88	41.2	0.9816	0.0855	-38.33
YDL158C_mRNA	443	498.9	41.45	16.0	2.24	39.21	0.9887	0.0859	-36.97
YDL159W_mRNA	37	679.0	48.68	61.0	2.62	46.05	0.973	0.0953	-43.43
YDL160C-A_mRNA	348	461.3	46.89	19.0	3.8	43.09	0.9943	0.0982	-39.29
YDL160C_mRNA	155	535.8	70.44	79.0	11.66	58.78	0.9935	0.1794	-47.12
YDL161W_mRNA	151	725.2	56.15	73.0	3.0	53.15	0.9868	0.1012	-50.15
YDL164C_mRNA	59	674.3	36.29	13.0	0.98	35.31	1.0	0.084	-34.32
YDL165W_mRNA	141	500.5	41.49	16.0	1.95	39.54	0.9929	0.1028	-37.59
YDL166C_mRNA	176	615.2	44.64	13.0	5.09	39.55	1.0	0.0791	-34.45
YDL167C_mRNA	124	676.4	49.56	68.0	1.95	47.61	0.9919	0.0902	-45.66
YDL168W_mRNA	322	804.0	46.47	15.5	3.64	42.83	0.9689	0.0703	-39.19
YDL169C_mRNA	20	455.8	38.4	6.5	20.65	17.75	1.0	0.1227	2.9
YDL170W_mRNA	48	736.4	47.65	25.5	2.38	45.27	1.0	0.1096	-42.9
YDL171C_mRNA	298	921.8	51.54	50.5	2.09	49.45	1.0	0.0809	-47.36
YDL172C_mRNA	88	379.0	50.78	66.0	3.48	47.31	0.9886	0.1353	-43.83
YDL173W_mRNA	64	804.2	58.55	16.0	2.66	55.89	0.9219	0.0742	-53.23
YDL174C_mRNA	95	872.3	43.21	11.0	4.05	39.16	0.9684	0.0627	-35.11
YDL175C_mRNA	76	630.1	54.79	64.5	1.99	52.8	0.9737	0.1074	-50.82
YDL176W_mRNA	86	676.4	58.62	73.0	7.35	51.27	1.0	0.1218	-43.92
YDL177C_mRNA	58	518.7	44.19	16.5	1.07	43.12	1.0	0.0884	-42.05
YDL178W_mRNA	203	736.1	46.36	14.0	3.3	43.06	0.9951	0.0769	-39.77
YDL179W_mRNA	81	563.0	59.52	74.0	7.56	51.96	0.9753	0.1215	-44.41
YDL180W_mRNA	197	708.0	72.01	76.0	4.16	67.85	0.9848	0.1406	-63.7
YDL181W_mRNA	380	436.5	89.69	68.0	11.65	78.04	1.0	0.1769	-66.4
YDL182W_mRNA	263	769.7	58.89	66.0	12.28	46.6	1.0	0.1152	-34.32
YDL183C_mRNA	147	839.0	94.52	88.0	2.01	92.5	1.0	0.1174	-90.49
YDL184C_mRNA	36254	314.9	33.04	8.0	2.89	30.15	0.9923	0.0967	-27.27
YDL185W_mRNA	1529	820.9	47.98	62.0	2.64	45.34	0.9784	0.0834	-42.7
YDL186W_mRNA	8	601.2	70.88	60.5	6.0	64.88	1.0	0.1213	-58.88
YDL187C_mRNA	23	608.1	73.04	65.0	20.61	52.43	1.0	0.133	-31.83
YDL188C_mRNA	128	835.5	60.02	60.0	2.77	57.26	0.9844	0.0851	-54.49
YDL189W_mRNA	116	637.6	41.79	11.5	5.13	36.66	0.9741	0.0821	-31.53
YDL190C_mRNA	200	671.2	57.3	67.0	4.65	52.66	0.995	0.1258	-48.0
YDL191W_mRNA	10577	466.0	42.39	13.0	2.27	40.12	0.9343	0.0873	-37.85
YDL192W_mRNA	5262	618.8	41.04	11.0	1.94	39.1	0.9654	0.0685	-37.16
YDL193W_mRNA	195	573.7	48.55	26.0	5.83	42.72	0.9897	0.1064	-36.9
YDL194W_mRNA	39	792.5	101.13	91.0	9.15	91.97	1.0	0.2006	-82.82
YDL195W_mRNA	335	743.9	49.88	37.0	4.61	45.27	0.9821	0.094	-40.67
YDL197C_mRNA	47	789.3	82.94	72.0	2.64	80.3	1.0	0.1376	-77.66
YDL198C_mRNA	745	576.9	56.1	72.0	2.97	53.13	0.9919	0.1311	-50.16
YDL199C_mRNA	40	681.3	122.12	102.0	26.72	95.4	0.975	0.2295	-68.68
YDL200C_mRNA	199	552.8	55.84	66.0	2.14	53.7	1.0	0.1035	-51.57
YDL201W_mRNA	99	686.7	49.46	10.0	2.84	46.63	0.9495	0.0852	-43.79
YDL202W_mRNA	102	552.4	39.95	13.5	2.07	37.88	0.9608	0.0898	-35.81
YDL203C_mRNA	70	720.9	52.06	20.0	1.56	50.5	1.0	0.1019	-48.94
YDL204W_mRNA	76	611.3	44.95	18.5	4.66	40.29	0.9737	0.1058	-35.63
YDL205C_mRNA	105	565.8	53.84	61.0	7.78	46.06	0.9524	0.117	-38.28
YDL206W_mRNA	53	742.1	58.96	66.0	2.53	56.43	0.9623	0.1131	-53.91
YDL207W_mRNA	42	699.2	52.43	69.0	1.0	51.43	1.0	0.101	-50.43
YDL208W_mRNA	914	490.9	37.95	11.0	2.09	35.86	0.9978	0.0847	-33.78
YDL209C_mRNA	39	456.3	50.56	65.0	2.23	48.33	0.9744	0.133	-46.1
YDL210W_mRNA	25	583.0	94.0	77.0	15.04	78.96	1.0	0.2111	-63.92
YDL211C_mRNA	48	550.9	60.35	69.0	1.83	58.52	1.0	0.1194	-56.69
YDL212W_mRNA	1287	653.5	46.93	24.0	3.03	43.9	0.9681	0.0786	-40.86
YDL213C_mRNA	353	459.8	37.66	10.0	3.6	34.06	0.9547	0.0948	-30.46
YDL214C_mRNA	10	504.9	44.7	25.0	1.6	43.1	1.0	0.0958	-41.5
YDL215C_mRNA	165	793.3	48.51	22.0	2.29	46.22	1.0	0.084	-43.93
YDL216C_mRNA	44	728.9	56.41	71.0	2.55	53.86	1.0	0.0969	-51.32
YDL217C_mRNA	95	650.3	58.16	37.0	12.81	45.35	1.0	0.0885	-32.54
YDL218W_mRNA	7	467.0	73.0	73.0	2.0	71.0	1.0	0.23	-69.0
YDL219W_mRNA	447	615.5	50.91	60.0	3.37	47.54	0.9843	0.0838	-44.17
YDL220C_mRNA	8	726.8	25.5	5.0	1.0	24.5	0.875	0.03	-23.5
YDL222C_mRNA	33	451.5	50.36	29.0	6.45	43.91	1.0	0.1162	-37.45
YDL223C_mRNA	29	619.1	97.38	78.0	2.55	94.83	1.0	0.1859	-92.28
YDL224C_mRNA	111	706.8	65.2	73.0	4.5	60.7	0.982	0.1261	-56.21
YDL225W_mRNA	197	723.9	46.38	19.0	2.46	43.91	0.9543	0.0911	-41.45
YDL226C_mRNA	368	645.2	66.98	21.0	22.83	44.15	0.9891	0.1321	-21.32
YDL227C_mRNA	75	687.5	68.03	70.0	17.11	50.92	0.9733	0.1273	-33.81
YDL228C_mRNA	75	655.4	99.77	93.0	3.6	96.17	1.0	0.1523	-92.57
YDL229W_mRNA	3850	964.5	48.17	26.0	2.38	45.78	0.9444	0.0735	-43.4
YDL230W_mRNA	51	619.0	54.88	73.0	3.53	51.35	1.0	0.1082	-47.82
YDL231C_mRNA	110	725.1	61.87	71.0	5.28	56.59	0.9455	0.1242	-51.31
YDL232W_mRNA	506	392.8	56.4	67.0	1.47	54.93	1.0	0.1389	-53.46
YDL233W_mRNA	53	743.7	54.06	74.0	1.45	52.6	1.0	0.0929	-51.15
YDL234C_mRNA	484	692.5	45.01	16.5	3.36	41.65	0.9959	0.0853	-38.29
YDL235C_mRNA	511	583.6	54.27	68.0	3.96	50.31	0.998	0.0988	-46.35
YDL236W_mRNA	375	719.1	52.85	35.0	2.17	50.68	0.9867	0.0879	-48.52
YDL237W_mRNA	131	713.3	43.18	16.0	3.22	39.96	1.0	0.0759	-36.74
YDL238C_mRNA	30	632.7	70.93	41.0	2.83	68.1	1.0	0.1015	-65.27
YDL239C_mRNA	77	674.1	84.43	73.0	28.68	55.75	0.974	0.1162	-27.08
YDL240W_mRNA	34	756.4	70.85	79.0	10.35	60.5	1.0	0.1343	-50.15
YDL241W_mRNA	322	516.6	71.4	66.0	6.75	64.65	0.9969	0.14	-57.89
YDL243C_mRNA	269	595.8	67.11	72.0	16.23	50.88	1.0	0.1215	-34.65
YDL244W_mRNA	15	310.9	82.47	81.0	35.13	47.33	0.9333	0.2867	-12.2
YDL245C_mRNA	45	568.2	182.8	104.0	2.36	180.44	1.0	0.4031	-178.09
YDL246C_mRNA	62	521.7	93.13	70.0	1.77	91.35	1.0	0.1487	-89.58
YDL247W-A_mRNA	32	890.9	384.88	211.0	90.97	293.91	1.0	0.4126	-202.94
YDL247W_mRNA	11	588.1	73.45	81.0	4.18	69.27	1.0	0.1751	-65.09
YDL248W_mRNA	108	968.7	85.99	74.0	6.49	79.5	0.9907	0.0957	-73.01
YDR001C_mRNA	322	734.9	59.29	67.5	4.1	55.19	0.9969	0.1173	-51.09
YDR002W_mRNA	3183	579.0	45.17	16.0	1.89	43.28	0.9947	0.0838	-41.39
YDR003W-A_mRNA	171	532.3	61.66	68.0	19.21	42.45	1.0	0.1197	-23.24
YDR004W_mRNA	90	780.3	58.64	74.0	6.26	52.39	0.9444	0.096	-46.13
YDR005C_mRNA	271	806.1	52.93	66.0	4.37	48.56	0.9889	0.0885	-44.2
YDR006C_mRNA	130	775.1	50.47	41.5	1.96	48.51	0.9923	0.0927	-46.55
YDR007W_mRNA	52	537.6	90.54	72.0	52.42	38.12	1.0	0.1748	14.31
YDR008C_mRNA	19	526.3	48.16	27.0	1.84	46.32	1.0	0.1081	-44.47
YDR009W_mRNA	9	937.4	237.11	101.0	3.67	233.44	1.0	0.2656	-229.78
YDR010C_mRNA	6	469.2	37.0	9.0	2.5	34.5	1.0	0.0542	-32.0
YDR011W_mRNA	405	708.2	51.61	62.0	4.68	46.94	0.9975	0.1072	-42.26
YDR012W_mRNA	1949	811.9	60.31	55.0	5.83	54.48	0.9938	0.0841	-48.65
YDR013W_mRNA	94	613.5	51.05	19.0	2.29	48.77	0.9574	0.0865	-46.48
YDR014W_mRNA	79	978.7	96.11	81.0	11.22	84.9	1.0	0.1448	-73.68
YDR016C_mRNA	98	414.8	40.45	11.5	2.01	38.44	1.0	0.0905	-36.43
YDR017C_mRNA	126	609.4	58.1	40.5	5.22	52.87	1.0	0.1275	-47.65
YDR018C_mRNA	15	510.1	99.0	85.0	20.07	78.93	1.0	0.1993	-58.87
YDR019C_mRNA	105	645.9	47.66	23.0	4.78	42.88	0.9905	0.0929	-38.1
YDR020C_mRNA	60	762.1	43.13	15.0	1.8	41.33	0.9833	0.0721	-39.53
YDR021W_mRNA	63	676.5	70.81	80.0	2.43	68.38	0.9841	0.1223	-65.95
YDR022C_mRNA	29	461.3	82.97	85.0	40.07	42.9	1.0	0.2427	-2.83
YDR023W_mRNA	1975	1113.5	48.44	17.0	2.38	46.06	0.9772	0.0584	-43.69
YDR024W_mRNA	718	521.1	47.36	21.0	3.48	43.88	0.9889	0.1009	-40.4
YDR025W_mRNA	4378	497.9	44.34	18.0	2.17	42.17	0.9947	0.098	-40.01
YDR026C_mRNA	77	598.0	57.27	54.0	4.35	52.92	1.0	0.1334	-48.57
YDR027C_mRNA	112	826.9	44.84	16.0	3.73	41.11	0.9821	0.0834	-37.38
YDR028C_mRNA	152	534.5	42.81	12.0	2.86	39.95	0.9934	0.1102	-37.1
YDR030C_mRNA	57	478.2	72.84	81.0	32.11	40.74	1.0	0.2168	-8.63
YDR031W_mRNA	184	490.7	49.79	28.0	1.85	47.95	1.0	0.1026	-46.1
YDR032C_mRNA	483	629.1	44.01	20.0	4.44	39.57	0.9793	0.0812	-35.13
YDR033W_mRNA	3323	849.7	55.16	72.0	3.36	51.8	0.9964	0.0897	-48.44
YDR034C-C_mRNA	21	454.6	102.29	111.0	2.0	100.29	1.0	0.2241	-98.29
YDR034C-D_mRNA	95	1054.1	165.73	87.0	8.44	157.28	0.9895	0.1579	-148.84
YDR034C_mRNA	215	659.9	60.35	14.0	9.32	51.03	0.9814	0.1109	-41.71
YDR034W-B_mRNA	261	376.6	55.75	68.0	2.2	53.56	1.0	0.1411	-51.36
YDR035W_mRNA	557	673.2	47.48	22.0	1.99	45.49	0.991	0.0971	-43.5
YDR036C_mRNA	75	852.2	60.88	66.0	2.13	58.75	1.0	0.1219	-56.61
YDR037W_mRNA	1906	791.5	44.76	15.0	3.72	41.04	0.9858	0.0779	-37.33
YDR038C_mRNA	64	939.1	51.66	68.5	2.23	49.42	0.9688	0.0829	-47.19
YDR039C_mRNA	319	423.7	181.3	170.0	132.61	48.69	1.0	0.4923	83.92
YDR040C_mRNA	139	959.5	56.36	59.0	5.3	51.06	1.0	0.0761	-45.76
YDR041W_mRNA	248	605.3	48.52	49.5	3.35	45.17	1.0	0.0876	-41.81
YDR042C_mRNA	129	377.4	54.52	71.0	2.65	51.87	0.9922	0.1668	-49.22
YDR043C_mRNA	100	522.3	74.01	77.0	16.63	57.38	0.99	0.1544	-40.75
YDR044W_mRNA	217	726.1	48.01	28.0	4.06	43.95	0.9862	0.0883	-39.9
YDR045C_mRNA	460	577.2	51.52	69.0	2.05	49.47	0.9957	0.0945	-47.42
YDR046C_mRNA	540	773.3	48.94	19.0	2.24	46.7	0.9944	0.0874	-44.47
YDR047W_mRNA	224	648.4	45.27	16.0	4.9	40.37	0.9955	0.0972	-35.46
YDR048C_mRNA	7	330.4	135.57	126.0	10.86	124.71	1.0	0.3925	-113.86
YDR049W_mRNA	36	725.2	75.89	79.0	17.17	58.72	0.9722	0.1632	-41.56
YDR050C_mRNA	8295	612.8	47.83	57.0	2.34	45.48	0.9905	0.0912	-43.14
YDR051C_mRNA	239	679.2	70.87	58.0	32.46	38.42	0.9833	0.1475	-5.96
YDR052C_mRNA	94	790.0	70.03	73.5	3.24	66.79	1.0	0.1245	-63.54
YDR054C_mRNA	193	518.5	47.53	18.0	2.9	44.63	0.9896	0.1028	-41.73
YDR055W_mRNA	295	748.3	56.26	74.0	3.36	52.9	0.9797	0.1053	-49.55
YDR056C_mRNA	346	604.9	45.75	14.0	2.35	43.4	0.9884	0.0838	-41.05
YDR057W_mRNA	41	548.4	44.73	26.0	1.44	43.29	0.9756	0.099	-41.85
YDR058C_mRNA	42	649.8	41.98	14.0	1.98	40.0	1.0	0.0789	-38.02
YDR059C_mRNA	104	476.8	74.49	73.0	15.46	59.03	1.0	0.1674	-43.57
YDR060W_mRNA	175	647.3	72.06	15.0	1.91	70.15	0.9714	0.1285	-68.24
YDR061W_mRNA	164	632.4	79.92	74.5	34.81	45.11	0.9817	0.153	-10.3
YDR062W_mRNA	290	1103.1	54.08	66.0	1.78	52.29	0.9828	0.076	-50.51
YDR063W_mRNA	329	509.4	44.97	27.0	2.26	42.71	0.9848	0.0959	-40.46
YDR064W_mRNA	7729	530.0	48.73	13.0	11.6	37.12	0.9951	0.0847	-25.52
YDR065W_mRNA	174	696.1	51.13	68.0	2.35	48.78	1.0	0.0891	-46.43
YDR066C_mRNA	41	535.4	53.68	67.0	1.73	51.95	1.0	0.1171	-50.22
YDR067C_mRNA	56	638.5	47.14	23.0	2.59	44.55	1.0	0.0783	-41.96
YDR068W_mRNA	49	781.0	45.18	12.0	1.35	43.84	0.9592	0.0668	-42.49
YDR069C_mRNA	62	671.1	46.84	60.5	2.79	44.05	1.0	0.0825	-41.26
YDR070C_mRNA	28	401.2	41.32	15.5	1.93	39.39	1.0	0.1216	-37.46
YDR071C_mRNA	1597	594.5	38.22	10.0	2.74	35.48	0.9606	0.0681	-32.74
YDR072C_mRNA	249	640.2	57.18	70.0	4.9	52.27	0.992	0.1143	-47.37
YDR073W_mRNA	227	432.6	54.54	22.0	15.0	39.54	0.9912	0.1281	-24.55
YDR074W_mRNA	369	814.6	50.2	61.0	3.69	46.51	0.981	0.0987	-42.83
YDR075W_mRNA	78	835.8	61.09	75.5	2.24	58.85	1.0	0.0909	-56.6
YDR076W_mRNA	32	502.0	68.25	19.0	3.25	65.0	1.0	0.1098	-61.75
YDR077W_mRNA	3167	687.4	57.86	74.0	3.8	54.06	0.9965	0.1056	-50.26
YDR078C_mRNA	81	429.6	88.14	67.0	44.47	43.67	1.0	0.2108	0.8
YDR079C-A_mRNA	183	420.1	43.74	21.0	1.48	42.26	1.0	0.1016	-40.79
YDR079W_mRNA	184	447.0	33.55	10.0	2.46	31.09	0.9891	0.0769	-28.62
YDR080W_mRNA	119	983.3	88.76	75.0	1.34	87.43	0.9916	0.1174	-86.09
YDR081C_mRNA	76	845.2	97.37	72.0	25.8	71.57	0.9737	0.1525	-45.76
YDR082W_mRNA	32	976.6	55.12	80.0	1.25	53.88	1.0	0.0603	-52.62
YDR083W_mRNA	51	662.2	50.61	18.0	8.08	42.53	1.0	0.0946	-34.45
YDR084C_mRNA	259	623.2	48.27	55.0	3.76	44.51	0.9691	0.0836	-40.75
YDR085C_mRNA	100	615.1	55.85	69.5	2.43	53.42	0.99	0.119	-50.99
YDR086C_mRNA	2360	458.6	50.11	38.0	13.43	36.68	0.9958	0.1057	-23.24
YDR087C_mRNA	199	608.8	38.74	12.0	1.99	36.75	0.995	0.0765	-34.75
YDR088C_mRNA	43	736.2	60.7	80.0	1.02	59.67	0.9767	0.0973	-58.65
YDR089W_mRNA	72	676.3	66.6	73.5	3.26	63.33	1.0	0.1516	-60.07
YDR090C_mRNA	150	698.6	58.36	66.5	3.71	54.65	0.9333	0.1015	-50.95
YDR091C_mRNA	436	886.9	50.44	31.0	3.4	47.05	0.9977	0.0814	-43.65
YDR092W_mRNA	126	505.9	59.37	22.0	10.05	49.33	0.9841	0.1161	-39.28
YDR093W_mRNA	55	546.0	38.55	13.0	1.98	36.56	1.0	0.1004	-34.58
YDR094W_mRNA	41	816.0	53.49	30.0	7.76	45.73	1.0	0.103	-37.98
YDR096W_mRNA	144	777.4	73.42	76.0	5.38	68.05	0.9861	0.1221	-62.67
YDR097C_mRNA	98	848.8	53.4	63.0	2.27	51.13	0.9694	0.0836	-48.87
YDR098C-B_mRNA	204	1871.3	221.6	308.0	4.66	216.94	0.9951	0.1267	-212.28
YDR098C_mRNA	415	592.1	44.77	16.0	2.32	42.44	0.9928	0.0858	-40.12
YDR099W_mRNA	887	857.5	111.52	91.0	58.0	53.52	0.9955	0.1345	4.49
YDR100W_mRNA	376	446.5	50.73	65.0	5.73	45.0	0.9973	0.1181	-39.27
YDR101C_mRNA	502	737.0	50.39	34.0	2.8	47.6	0.988	0.0845	-44.8
YDR102C_mRNA	11	370.9	195.27	205.0	38.36	156.91	1.0	0.4932	-118.55
YDR103W_mRNA	128	729.3	48.97	20.5	2.22	46.75	0.9922	0.0797	-44.53
YDR104C_mRNA	45	573.2	69.04	61.0	7.4	61.64	1.0	0.1417	-54.24
YDR105C_mRNA	59	760.1	68.98	80.0	10.1	58.88	1.0	0.1187	-48.78
YDR106W_mRNA	10	438.4	76.8	75.5	12.2	64.6	1.0	0.1652	-52.4
YDR107C_mRNA	443	517.9	336.89	392.0	300.46	36.43	1.0	0.6743	264.04
YDR108W_mRNA	58	795.4	41.72	11.0	1.93	39.79	1.0	0.084	-37.86
YDR109C_mRNA	22	634.1	47.23	20.5	1.73	45.5	0.9545	0.1066	-43.77
YDR110W_mRNA	36	979.4	54.14	27.0	3.67	50.47	1.0	0.0747	-46.81
YDR111C_mRNA	92	649.7	53.93	10.0	3.64	50.29	0.9891	0.1058	-46.65
YDR113C_mRNA	23	796.8	44.48	16.0	6.0	38.48	0.9565	0.0731	-32.48
YDR115W_mRNA	367	452.9	40.59	12.0	2.61	37.98	0.9864	0.0895	-35.37
YDR116C_mRNA	146	630.6	56.42	68.0	2.24	54.18	1.0	0.0985	-51.95
YDR117C_mRNA	93	671.7	45.97	19.0	5.48	40.48	0.9785	0.0918	-35.0
YDR118W-A_mRNA	20	542.2	68.6	62.0	2.4	66.2	1.0	0.1394	-63.8
YDR118W_mRNA	30	998.5	61.1	82.0	4.23	56.87	1.0	0.0729	-52.63
YDR119W-A_mRNA	197	434.1	39.95	13.0	3.26	36.69	0.9949	0.0934	-33.42
YDR119W_mRNA	209	846.6	55.01	72.0	2.88	52.13	1.0	0.0956	-49.26
YDR120C_mRNA	173	760.1	51.71	30.0	2.91	48.8	0.9942	0.0891	-45.89
YDR121W_mRNA	12	371.5	38.58	19.5	1.58	37.0	0.9167	0.1289	-35.42
YDR122W_mRNA	133	667.7	42.35	16.0	2.2	40.14	1.0	0.0726	-37.94
YDR123C_mRNA	131	621.9	46.48	64.0	1.76	44.73	0.9771	0.0913	-42.97
YDR124W_mRNA	51	494.0	47.16	33.0	3.65	43.51	1.0	0.1263	-39.86
YDR125C_mRNA	49	742.6	78.57	80.0	11.14	67.43	0.9796	0.1236	-56.29
YDR126W_mRNA	54	449.8	45.74	19.0	4.43	41.31	1.0	0.1342	-36.89
YDR127W_mRNA	629	827.6	55.2	63.0	1.99	53.21	0.9905	0.1017	-51.22
YDR128W_mRNA	107	769.8	69.75	75.0	2.87	66.88	1.0	0.1344	-64.01
YDR129C_mRNA	745	845.8	54.28	60.0	2.45	51.83	0.9919	0.0916	-49.37
YDR130C_mRNA	46	739.5	53.98	62.5	1.39	52.59	1.0	0.0796	-51.2
YDR131C_mRNA	47	710.7	47.38	66.0	1.91	45.47	0.9787	0.0947	-43.55
YDR132C_mRNA	77	760.6	77.39	72.0	15.81	61.58	1.0	0.1325	-45.78
YDR133C_mRNA	1617	566.6	106.55	111.0	6.25	100.3	0.9994	0.2074	-94.05
YDR135C_mRNA	430	710.8	57.82	36.5	8.16	49.66	0.993	0.1137	-41.5
YDR137W_mRNA	136	792.3	46.96	29.0	2.82	44.15	1.0	0.0833	-41.33
YDR138W_mRNA	152	671.9	56.61	42.0	6.73	49.88	1.0	0.1076	-43.15
YDR139C_mRNA	584	414.3	39.68	14.5	2.81	36.87	1.0	0.0905	-34.07
YDR140W_mRNA	80	555.5	57.06	70.0	3.44	53.62	0.9875	0.1127	-50.19
YDR141C_mRNA	172	814.6	44.42	17.0	2.0	42.42	0.9826	0.078	-40.42
YDR142C_mRNA	63	686.5	53.19	59.0	4.56	48.63	1.0	0.104	-44.08
YDR143C_mRNA	64	703.3	53.09	24.5	9.06	44.03	1.0	0.1046	-34.97
YDR144C_mRNA	168	757.2	47.43	63.5	1.75	45.68	0.9524	0.0903	-43.93
YDR145W_mRNA	193	692.6	52.38	65.0	2.42	49.96	0.9948	0.107	-47.54
YDR146C_mRNA	37	674.2	35.97	14.0	1.59	34.38	1.0	0.0599	-32.78
YDR147W_mRNA	62	792.0	66.68	71.5	2.45	64.23	0.9677	0.1	-61.77
YDR148C_mRNA	275	674.8	46.41	19.0	2.13	44.27	0.9964	0.0973	-42.14
YDR150W_mRNA	115	650.0	37.47	12.0	1.71	35.76	1.0	0.0821	-34.04
YDR151C_mRNA	247	765.1	55.43	72.0	2.76	52.67	0.996	0.0916	-49.91
YDR152W_mRNA	82	581.4	54.04	47.5	1.46	52.57	1.0	0.1132	-51.11
YDR153C_mRNA	117	716.1	47.37	35.0	3.43	43.94	0.9829	0.0852	-40.51
YDR154C_mRNA	3419	545.3	51.61	68.0	2.86	48.76	0.9982	0.1025	-45.9
YDR155C_mRNA	1837	559.1	47.2	32.0	2.27	44.93	0.9967	0.0909	-42.66
YDR156W_mRNA	115	484.2	47.18	56.0	2.88	44.3	0.9739	0.1062	-41.43
YDR157W_mRNA	164	476.6	40.45	11.0	2.17	38.28	0.9634	0.084	-36.11
YDR158W_mRNA	2603	684.5	49.27	40.0	2.52	46.74	0.9981	0.0991	-44.22
YDR159W_mRNA	62	651.8	57.48	58.5	3.11	54.37	0.9839	0.1139	-51.26
YDR160W_mRNA	42	758.7	80.67	19.0	42.52	38.14	0.9524	0.0704	4.38
YDR161W_mRNA	227	705.0	47.31	14.0	2.22	45.09	1.0	0.0814	-42.87
YDR162C_mRNA	79	556.4	39.3	15.0	2.32	36.99	1.0	0.0913	-34.67
YDR163W_mRNA	84	494.1	56.01	18.5	15.32	40.69	0.9881	0.1007	-25.37
YDR164C_mRNA	77	751.9	52.17	73.0	4.23	47.94	0.987	0.1074	-43.7
YDR165W_mRNA	410	640.0	50.56	58.5	4.35	46.21	0.9951	0.098	-41.87
YDR166C_mRNA	90	888.8	65.12	68.5	2.89	62.23	0.9778	0.1004	-59.34
YDR167W_mRNA	310	627.5	48.09	27.0	1.82	46.27	0.9968	0.0851	-44.46
YDR168W_mRNA	587	973.3	46.89	15.0	2.84	44.05	0.9472	0.0674	-41.22
YDR169C-A_mRNA	7	666.1	529.57	498.0	62.14	467.43	1.0	0.7468	-405.29
YDR169C_mRNA	68	742.9	120.4	104.0	3.1	117.29	1.0	0.1812	-114.19
YDR170C_mRNA	566	832.2	53.19	33.5	5.56	47.64	0.9947	0.0906	-42.08
YDR170W-A_mRNA	11	587.3	104.64	86.0	7.27	97.36	1.0	0.183	-90.09
YDR171W_mRNA	2483	700.9	44.87	16.0	2.9	41.96	0.994	0.0821	-39.06
YDR172W_mRNA	893	704.8	53.62	67.0	2.7	50.92	0.9866	0.0998	-48.21
YDR173C_mRNA	42	459.8	51.98	69.5	2.69	49.29	0.9524	0.1313	-46.6
YDR174W_mRNA	502	698.9	44.15	18.0	3.14	41.01	0.996	0.0776	-37.87
YDR175C_mRNA	64	774.8	70.94	77.5	1.55	69.39	1.0	0.1182	-67.84
YDR176W_mRNA	120	644.2	48.4	22.5	2.63	45.77	0.975	0.0907	-43.13
YDR177W_mRNA	471	689.8	42.54	13.0	2.2	40.34	0.9809	0.0653	-38.13
YDR178W_mRNA	170	629.9	57.89	73.0	3.68	54.22	0.9882	0.1069	-50.54
YDR179C_mRNA	48	569.9	49.75	43.5	1.0	48.75	1.0	0.0892	-47.75
YDR179W-A_mRNA	100	674.4	39.22	11.5	2.6	36.62	0.99	0.0798	-34.02
YDR180W_mRNA	71	801.9	55.37	38.0	10.35	45.01	1.0	0.0947	-34.66
YDR181C_mRNA	112	690.0	62.54	78.5	2.72	59.82	1.0	0.1125	-57.1
YDR182W-A_mRNA	76	501.2	60.51	76.0	6.74	53.78	1.0	0.1353	-47.04
YDR182W_mRNA	113	785.3	52.96	70.0	2.15	50.81	1.0	0.0908	-48.65
YDR183C-A_mRNA	70	585.0	48.26	47.0	7.24	41.01	0.9857	0.1149	-33.77
YDR183W_mRNA	97	640.7	64.98	48.0	3.52	61.46	1.0	0.1024	-57.95
YDR184C_mRNA	41	754.9	60.24	48.0	9.46	50.78	1.0	0.084	-41.32
YDR185C_mRNA	148	572.7	57.76	67.0	4.5	53.26	1.0	0.1108	-48.76
YDR186C_mRNA	124	706.3	52.5	35.0	1.95	50.55	0.9919	0.0938	-48.6
YDR188W_mRNA	437	736.4	46.26	15.0	3.32	42.94	0.9931	0.0861	-39.61
YDR189W_mRNA	203	810.7	48.79	64.0	1.58	47.22	0.9557	0.0779	-45.64
YDR190C_mRNA	633	781.9	50.46	65.0	2.46	48.0	0.9637	0.0818	-45.54
YDR191W_mRNA	30	470.6	37.73	12.0	1.17	36.57	1.0	0.0915	-35.4
YDR192C_mRNA	31	794.4	55.13	66.0	2.9	52.23	1.0	0.0928	-49.32
YDR194C_mRNA	491	893.4	50.96	18.0	4.95	46.01	0.9878	0.0815	-41.05
YDR195W_mRNA	67	857.5	51.21	37.0	3.3	47.91	1.0	0.1114	-44.61
YDR196C_mRNA	202	600.0	52.45	67.0	2.62	49.83	1.0	0.1044	-47.21
YDR197W_mRNA	84	514.0	42.27	18.0	2.37	39.9	0.9881	0.1126	-37.54
YDR198C_mRNA	79	734.5	46.05	14.0	1.24	44.81	0.9873	0.0745	-43.57
YDR200C_mRNA	110	900.1	52.39	19.5	2.75	49.64	0.9818	0.0724	-46.88
YDR201W_mRNA	63	475.1	52.68	69.0	2.43	50.25	1.0	0.117	-47.83
YDR202C_mRNA	95	759.2	51.0	67.0	2.26	48.74	0.9684	0.0795	-46.47
YDR204W_mRNA	90	629.6	42.93	12.0	4.57	38.37	0.9889	0.0761	-33.8
YDR205W_mRNA	29	1027.2	57.83	73.0	5.62	52.21	1.0	0.104	-46.59
YDR206W_mRNA	123	726.3	57.48	73.0	3.16	54.32	0.9919	0.1186	-51.15
YDR207C_mRNA	60	727.0	47.87	17.0	3.22	44.65	1.0	0.0788	-41.43
YDR208W_mRNA	107	737.6	49.97	26.0	3.47	46.5	0.972	0.0925	-43.04
YDR209C_mRNA	6	332.2	40.67	41.0	1.33	39.33	1.0	0.1102	-38.0
YDR210C-C_mRNA	8	540.6	143.62	128.0	7.5	136.12	1.0	0.2959	-128.62
YDR210C-D_mRNA	249	1270.6	205.55	174.0	8.79	196.76	0.9799	0.1635	-187.97
YDR210W-A_mRNA	11	520.2	77.0	46.0	7.73	69.27	0.9091	0.1643	-61.55
YDR210W-B_mRNA	71	699.4	128.65	84.0	2.55	126.1	1.0	0.1812	-123.55
YDR210W_mRNA	1041	498.1	53.74	67.0	2.12	51.61	0.9741	0.1114	-49.49
YDR211W_mRNA	356	842.5	46.34	18.5	1.99	44.35	0.9888	0.0755	-42.37
YDR212W_mRNA	562	766.4	49.24	23.5	1.99	47.25	0.9947	0.0852	-45.26
YDR213W_mRNA	61	537.2	44.84	27.0	1.79	43.05	1.0	0.116	-41.26
YDR214W_mRNA	599	747.5	53.35	62.0	1.96	51.39	0.9933	0.0935	-49.43
YDR215C_mRNA	6	469.3	173.83	156.5	52.0	121.83	1.0	0.3578	-69.83
YDR216W_mRNA	80	1054.9	103.16	88.5	4.88	98.29	1.0	0.1658	-93.41
YDR217C_mRNA	107	799.2	55.34	69.0	5.66	49.67	0.9907	0.1027	-44.01
YDR218C_mRNA	10	348.8	66.1	77.5	13.0	53.1	1.0	0.2086	-40.1
YDR219C_mRNA	69	717.1	51.3	12.0	1.32	49.99	1.0	0.088	-48.67
YDR221W_mRNA	69	836.8	55.67	73.0	1.84	53.83	0.9855	0.1012	-51.99
YDR222W_mRNA	145	887.8	67.63	71.0	10.22	57.41	0.9931	0.1054	-47.19
YDR223W_mRNA	42	753.7	114.31	81.5	13.24	101.07	1.0	0.195	-87.83
YDR224C_mRNA	3425	462.3	44.41	17.0	3.37	41.03	0.9836	0.0976	-37.66
YDR225W_mRNA	5835	571.9	53.87	37.0	3.11	50.77	0.9974	0.097	-47.66
YDR226W_mRNA	1177	645.7	57.33	49.0	2.8	54.53	0.9932	0.1075	-51.73
YDR227W_mRNA	87	722.3	80.3	85.0	2.71	77.59	1.0	0.1586	-74.87
YDR228C_mRNA	90	699.6	59.77	13.5	14.93	44.83	1.0	0.0955	-29.9
YDR229W_mRNA	40	694.4	38.17	11.5	2.82	35.35	1.0	0.0787	-32.52
YDR231C_mRNA	64	534.5	39.34	9.5	6.25	33.09	1.0	0.0745	-26.84
YDR232W_mRNA	235	639.9	45.73	18.0	3.53	42.2	0.983	0.0972	-38.68
YDR233C_mRNA	834	782.0	58.06	74.0	4.05	54.01	0.9964	0.0877	-49.96
YDR234W_mRNA	374	708.9	54.01	51.0	8.97	45.04	0.9866	0.114	-36.08
YDR235W_mRNA	180	831.5	46.19	16.0	2.49	43.7	1.0	0.0697	-41.21
YDR236C_mRNA	216	624.4	58.15	60.0	2.13	56.02	1.0	0.1055	-53.89
YDR237W_mRNA	141	704.9	40.29	14.0	2.15	38.14	0.9787	0.068	-35.99
YDR238C_mRNA	472	742.8	45.14	18.0	3.61	41.54	0.9936	0.0872	-37.93
YDR239C_mRNA	56	572.6	45.46	21.0	1.98	43.48	1.0	0.1053	-41.5
YDR240C_mRNA	59	625.5	49.1	23.0	1.25	47.85	1.0	0.095	-46.59
YDR241W_mRNA	156	532.6	115.04	77.0	11.38	103.67	0.9936	0.1793	-92.29
YDR242W_mRNA	86	830.8	77.49	83.0	10.71	66.78	1.0	0.1268	-56.07
YDR243C_mRNA	67	864.3	87.91	76.0	8.57	79.34	1.0	0.1261	-70.78
YDR244W_mRNA	73	619.6	51.53	34.0	3.33	48.21	1.0	0.1076	-44.88
YDR245W_mRNA	256	608.9	45.44	19.5	3.37	42.07	0.9961	0.0934	-38.7
YDR246W-A_mRNA	8	550.0	133.62	133.5	41.75	91.88	1.0	0.2365	-50.12
YDR246W_mRNA	69	613.9	68.71	65.0	3.9	64.81	0.971	0.1275	-60.91
YDR247W_mRNA	24	692.2	56.71	78.0	2.62	54.08	1.0	0.1154	-51.46
YDR248C_mRNA	129	589.6	39.96	10.0	2.23	37.73	0.9845	0.0762	-35.5
YDR249C_mRNA	66	585.6	56.67	70.5	5.27	51.39	1.0	0.1238	-46.12
YDR251W_mRNA	205	910.4	63.19	77.0	2.09	61.1	0.9951	0.1085	-59.0
YDR252W_mRNA	55	682.8	60.07	76.0	7.27	52.8	1.0	0.1085	-45.53
YDR253C_mRNA	28	479.5	70.5	73.0	3.14	67.36	1.0	0.173	-64.21
YDR254W_mRNA	67	717.3	64.57	68.0	11.99	52.58	1.0	0.0958	-40.6
YDR255C_mRNA	38	798.2	79.37	13.0	2.58	76.79	0.9474	0.0756	-74.21
YDR256C_mRNA	68	483.7	48.71	65.0	3.12	45.59	1.0	0.1176	-42.47
YDR257C_mRNA	104	847.8	51.48	68.0	1.11	50.38	0.9904	0.0822	-49.27
YDR258C_mRNA	1554	806.7	45.19	15.0	1.98	43.21	0.9653	0.0758	-41.23
YDR259C_mRNA	71	404.3	64.46	64.0	4.31	60.15	0.9718	0.1568	-55.85
YDR260C_mRNA	69	568.5	79.43	81.0	5.23	74.2	1.0	0.1617	-68.97
YDR261C-D_mRNA	1349	1241.1	304.29	352.0	2.87	301.42	0.9918	0.2701	-298.55
YDR261C_mRNA	185	654.7	55.74	63.0	9.62	46.12	0.9946	0.1207	-36.5
YDR261W-A_mRNA	16	486.6	124.38	128.0	3.5	120.88	1.0	0.2692	-117.38
YDR261W-B_mRNA	160	1350.4	245.58	311.5	7.8	237.78	0.9812	0.1779	-229.98
YDR262W_mRNA	190	573.9	65.19	74.0	18.64	46.55	0.9947	0.1516	-27.91
YDR263C_mRNA	15	971.1	188.33	95.0	74.93	113.4	0.9333	0.1707	-38.47
YDR264C_mRNA	175	763.6	47.3	23.0	2.13	45.17	0.9943	0.0918	-43.05
YDR265W_mRNA	103	717.9	48.95	14.0	2.54	46.41	0.9903	0.0829	-43.86
YDR266C_mRNA	156	594.8	49.99	24.0	3.51	46.48	0.9936	0.1267	-42.97
YDR267C_mRNA	95	630.0	56.96	55.0	0.92	56.04	1.0	0.1029	-55.13
YDR268W_mRNA	29	726.4	45.55	19.0	4.97	40.59	0.9655	0.0672	-35.62
YDR270W_mRNA	36	540.7	54.11	76.0	3.28	50.83	1.0	0.1645	-47.56
YDR271C_mRNA	8	421.6	42.25	14.0	1.0	41.25	1.0	0.0849	-40.25
YDR272W_mRNA	266	732.0	42.71	12.5	2.92	39.79	0.9962	0.0591	-36.87
YDR273W_mRNA	25	321.6	49.16	18.0	9.04	40.12	1.0	0.153	-31.08
YDR275W_mRNA	232	759.0	40.91	11.0	1.81	39.09	0.9828	0.0588	-37.28
YDR276C_mRNA	1504	413.6	56.13	73.0	4.09	52.04	0.988	0.1324	-47.95
YDR277C_mRNA	217	510.9	54.83	12.0	9.41	45.42	0.9954	0.1171	-36.02
YDR279W_mRNA	60	782.1	45.1	34.0	2.83	42.27	1.0	0.0692	-39.43
YDR280W_mRNA	268	683.0	48.6	27.5	3.66	44.94	0.9963	0.0814	-41.28
YDR281C_mRNA	96	473.9	36.65	8.0	1.32	35.32	1.0	0.0787	-34.0
YDR282C_mRNA	952	408.6	243.06	214.0	113.94	129.12	1.0	0.5551	-15.18
YDR283C_mRNA	81	920.6	60.53	66.0	11.06	49.47	1.0	0.1151	-38.41
YDR284C_mRNA	202	782.4	54.65	66.0	6.54	48.11	0.9901	0.0826	-41.57
YDR285W_mRNA	58	667.9	50.5	30.0	2.02	48.48	1.0	0.1027	-46.47
YDR286C_mRNA	90	441.5	43.59	15.0	4.48	39.11	1.0	0.0918	-34.63
YDR287W_mRNA	50	653.9	64.24	77.0	4.76	59.48	0.98	0.1323	-54.72
YDR288W_mRNA	96	771.8	49.07	27.5	1.74	47.33	1.0	0.0773	-45.59
YDR289C_mRNA	103	621.7	39.51	14.0	2.0	37.51	1.0	0.0732	-35.51
YDR291W_mRNA	61	781.2	81.05	83.0	2.89	78.16	1.0	0.125	-75.28
YDR292C_mRNA	330	741.5	53.96	69.5	3.11	50.86	0.9909	0.1035	-47.75
YDR293C_mRNA	268	919.8	63.44	73.0	3.17	60.27	0.9963	0.1102	-57.1
YDR294C_mRNA	179	802.7	37.68	13.0	3.77	33.91	0.9888	0.058	-30.14
YDR295C_mRNA	86	819.3	51.47	54.0	4.21	47.26	1.0	0.0951	-43.05
YDR296W_mRNA	127	577.4	49.27	25.0	2.39	46.88	1.0	0.0974	-44.5
YDR297W_mRNA	342	752.4	46.94	30.5	2.59	44.34	0.9825	0.0828	-41.75
YDR298C_mRNA	522	645.3	51.44	58.0	3.0	48.44	1.0	0.0976	-45.44
YDR299W_mRNA	92	741.5	36.66	10.0	1.65	35.01	0.9891	0.068	-33.36
YDR300C_mRNA	231	685.2	43.52	18.0	1.7	41.83	0.9697	0.0846	-40.13
YDR301W_mRNA	103	753.4	43.29	17.0	6.09	37.2	0.9903	0.0857	-31.12
YDR302W_mRNA	179	628.9	52.63	65.0	5.33	47.3	0.9721	0.0882	-41.97
YDR303C_mRNA	167	728.9	54.09	65.0	6.64	47.45	0.976	0.0951	-40.81
YDR304C_mRNA	214	595.8	52.13	65.0	3.02	49.1	0.9953	0.1011	-46.08
YDR305C_mRNA	209	508.1	50.42	18.0	8.1	42.32	0.9856	0.1018	-34.22
YDR306C_mRNA	64	966.0	61.19	69.5	2.64	58.55	0.9844	0.0676	-55.91
YDR307W_mRNA	51	661.3	37.84	17.0	2.27	35.57	0.9804	0.0902	-33.29
YDR308C_mRNA	359	580.6	43.9	15.0	3.49	40.41	0.9972	0.0839	-36.92
YDR309C_mRNA	76	649.6	82.97	77.0	3.96	79.01	1.0	0.1839	-75.05
YDR310C_mRNA	108	687.9	87.02	88.0	39.44	47.57	0.9815	0.2383	-8.13
YDR311W_mRNA	128	773.4	60.93	77.0	1.59	59.34	0.9922	0.0994	-57.74
YDR312W_mRNA	64	486.6	37.02	8.5	1.09	35.92	0.9219	0.0831	-34.83
YDR313C_mRNA	72	552.6	44.42	27.0	2.25	42.17	1.0	0.107	-39.92
YDR314C_mRNA	15	1078.9	42.33	12.0	0.87	41.47	0.9333	0.047	-40.6
YDR315C_mRNA	81	674.8	52.1	67.0	4.04	48.06	1.0	0.0891	-44.02
YDR316W-B_mRNA	1449	1209.9	313.9	332.0	2.74	311.16	0.9945	0.2989	-308.42
YDR316W_mRNA	78	610.7	50.24	20.5	3.65	46.59	1.0	0.1112	-42.94
YDR317W_mRNA	50	557.1	121.48	80.0	76.08	45.4	1.0	0.2486	30.68
YDR318W_mRNA	64	771.1	56.31	19.5	5.86	50.45	0.9844	0.1155	-44.59
YDR319C_mRNA	191	665.9	50.76	61.0	4.7	46.06	0.9738	0.0874	-41.36
YDR320C-A_mRNA	280	327.4	48.66	64.0	1.27	47.4	0.9964	0.1381	-46.13
YDR320C_mRNA	181	461.6	57.75	74.0	3.03	54.72	1.0	0.1551	-51.69
YDR321W_mRNA	452	713.3	45.44	15.0	4.92	40.51	0.9912	0.0818	-35.59
YDR322C-A_mRNA	1240	476.2	39.82	11.0	2.97	36.85	0.9629	0.0841	-33.88
YDR322W_mRNA	70	675.7	39.5	11.0	1.11	38.39	0.9857	0.0748	-37.27
YDR323C_mRNA	66	658.6	66.59	75.0	2.7	63.89	1.0	0.1244	-61.2
YDR324C_mRNA	464	647.9	46.48	22.0	2.38	44.1	0.9871	0.0913	-41.72
YDR325W_mRNA	82	893.8	73.82	52.0	9.9	63.91	1.0	0.1093	-54.01
YDR326C_mRNA	163	772.1	51.75	24.0	7.47	44.28	1.0	0.099	-36.82
YDR328C_mRNA	501	617.7	45.09	16.0	1.8	43.29	0.996	0.0794	-41.48
YDR329C_mRNA	152	779.6	50.89	66.0	2.57	48.33	0.9868	0.0802	-45.76
YDR330W_mRNA	79	775.5	44.24	18.0	2.57	41.67	0.9873	0.0786	-39.1
YDR331W_mRNA	111	675.7	65.47	71.0	17.16	48.31	0.982	0.1235	-31.14
YDR332W_mRNA	69	560.8	109.16	94.0	3.38	105.78	1.0	0.2705	-102.41
YDR333C_mRNA	157	710.3	50.88	28.0	2.06	48.82	1.0	0.1034	-46.76
YDR334W_mRNA	109	595.7	47.68	22.0	5.73	41.94	0.9908	0.1101	-36.21
YDR335W_mRNA	110	658.9	47.03	17.0	3.96	43.06	0.9818	0.0992	-39.1
YDR336W_mRNA	137	669.5	47.17	10.0	11.75	35.42	0.9927	0.0879	-23.66
YDR337W_mRNA	100	578.8	54.53	26.5	4.39	50.14	1.0	0.1135	-45.75
YDR338C_mRNA	80	642.1	51.26	68.0	1.7	49.56	0.9875	0.0946	-47.86
YDR339C_mRNA	330	526.0	48.73	59.0	2.34	46.39	0.9939	0.1018	-44.05
YDR341C_mRNA	899	891.4	51.27	66.0	3.15	48.12	0.9956	0.0892	-44.97
YDR342C_mRNA	2589	955.1	57.72	74.0	4.1	53.62	0.9969	0.0919	-49.52
YDR343C_mRNA	474	929.7	59.72	71.0	3.19	56.53	0.9789	0.0908	-53.34
YDR345C_mRNA	3303	760.9	53.84	67.0	6.21	47.63	0.9952	0.1003	-41.42
YDR346C_mRNA	911	612.7	65.03	69.0	21.18	43.85	0.9879	0.1459	-22.67
YDR347W_mRNA	156	675.7	56.9	16.5	6.65	50.26	1.0	0.0954	-43.61
YDR348C_mRNA	70	512.5	39.96	12.0	1.43	38.53	0.9857	0.093	-37.1
YDR349C_mRNA	196	789.5	61.91	70.5	4.1	57.81	1.0	0.1314	-53.7
YDR350C_mRNA	134	823.0	50.12	28.0	1.93	48.19	0.9851	0.0898	-46.25
YDR351W_mRNA	220	803.7	58.35	75.0	5.1	53.25	0.9864	0.1053	-48.15
YDR352W_mRNA	212	653.0	75.08	73.0	23.64	51.45	0.9953	0.1407	-27.81
YDR353W_mRNA	1131	683.0	50.43	64.0	2.26	48.17	0.9894	0.088	-45.91
YDR354W_mRNA	324	635.7	49.27	36.5	5.76	43.51	0.9907	0.0914	-37.75
YDR356W_mRNA	87	835.3	70.97	70.0	1.84	69.13	0.9885	0.1055	-67.29
YDR357C_mRNA	236	441.0	44.36	18.5	3.65	40.71	0.9661	0.1025	-37.06
YDR358W_mRNA	102	713.1	54.52	71.0	6.01	48.51	0.9902	0.0965	-42.5
YDR359C_mRNA	131	358.9	46.85	64.0	2.99	43.86	0.9924	0.1376	-40.87
YDR361C_mRNA	353	710.7	50.1	52.0	2.07	48.03	0.9915	0.0829	-45.97
YDR362C_mRNA	78	755.9	58.73	67.0	11.73	47.0	0.9615	0.1	-35.27
YDR363W-A_mRNA	753	451.7	46.37	26.0	1.72	44.65	0.9947	0.1033	-42.93
YDR363W_mRNA	79	732.4	59.95	64.0	1.59	58.35	0.9747	0.1116	-56.76
YDR364C_mRNA	105	610.3	56.92	66.0	2.62	54.3	0.9905	0.1282	-51.69
YDR365C_mRNA	208	516.5	55.31	37.0	10.75	44.56	1.0	0.1422	-33.8
YDR365W-B_mRNA	1566	1809.2	305.78	330.0	3.97	301.8	0.9891	0.1773	-297.83
YDR366C_mRNA	340	217.7	87.89	73.5	32.71	55.18	0.9882	0.3054	-22.46
YDR367W_mRNA	199	555.3	45.88	15.0	4.07	41.82	0.9799	0.0909	-37.75
YDR368W_mRNA	305	755.1	50.39	63.0	3.02	47.37	0.9869	0.0824	-44.35
YDR369C_mRNA	97	644.6	61.61	77.0	4.16	57.44	0.9897	0.1135	-53.28
YDR370C_mRNA	106	770.4	58.2	69.0	7.79	50.41	0.9906	0.0936	-42.61
YDR371C-A_mRNA	8	341.4	68.88	78.0	0.25	68.62	1.0	0.2258	-68.38
YDR371W_mRNA	132	754.2	63.7	80.0	4.47	59.23	1.0	0.1132	-54.77
YDR372C_mRNA	740	824.7	47.09	19.0	2.0	45.09	0.9905	0.0761	-43.1
YDR373W_mRNA	358	603.0	39.58	9.0	3.01	36.57	0.9274	0.0729	-33.56
YDR374C_mRNA	15	394.9	158.87	173.0	0.73	158.13	1.0	0.4056	-157.4
YDR374W-A_mRNA	176	396.1	34.92	12.0	2.46	32.46	0.9886	0.0894	-30.0
YDR375C_mRNA	56	728.3	41.32	23.0	2.21	39.11	1.0	0.0785	-36.89
YDR376W_mRNA	83	757.1	39.08	14.0	1.52	37.57	0.988	0.061	-36.05
YDR377W_mRNA	2088	560.3	45.22	18.5	2.86	42.36	0.9952	0.0836	-39.5
YDR378C_mRNA	261	425.0	43.33	18.0	2.02	41.32	0.9962	0.1028	-39.3
YDR379C-A_mRNA	202	437.2	61.51	66.0	2.33	59.18	1.0	0.1397	-56.85
YDR379W_mRNA	110	681.0	39.24	11.0	2.09	37.15	0.9818	0.0771	-35.05
YDR380W_mRNA	789	793.9	53.33	69.0	2.44	50.89	0.9962	0.095	-48.46
YDR381C-A_mRNA	159	526.4	118.83	89.0	61.0	57.83	1.0	0.2038	3.17
YDR381W_mRNA	2077	660.3	75.73	14.0	30.98	44.75	0.9942	0.1034	-13.78
YDR382W_mRNA	8859	492.3	49.13	32.0	2.45	46.68	0.9968	0.1036	-44.24
YDR383C_mRNA	45	437.5	57.56	23.0	8.67	48.89	1.0	0.1345	-40.22
YDR384C_mRNA	108	582.4	57.94	67.0	3.9	54.04	1.0	0.1087	-50.14
YDR385W_mRNA	4534	926.1	54.93	61.0	2.92	52.01	0.9929	0.084	-49.09
YDR386W_mRNA	42	737.4	46.83	46.0	1.86	44.98	0.9524	0.0986	-43.12
YDR387C_mRNA	65	687.3	39.52	13.0	3.98	35.54	0.9846	0.0723	-31.55
YDR388W_mRNA	198	876.2	58.07	74.5	3.33	54.74	0.9949	0.092	-51.41
YDR389W_mRNA	82	648.2	82.84	77.0	3.22	79.62	1.0	0.1604	-76.4
YDR390C_mRNA	98	598.3	65.2	64.0	16.02	49.18	0.9694	0.1583	-33.16
YDR391C_mRNA	237	607.6	62.29	72.0	1.86	60.42	0.9958	0.1152	-58.56
YDR392W_mRNA	114	647.9	48.61	42.5	3.35	45.26	1.0	0.0938	-41.91
YDR393W_mRNA	100	489.4	62.03	71.5	1.41	60.62	0.98	0.1439	-59.21
YDR394W_mRNA	268	760.5	51.61	59.5	2.35	49.26	1.0	0.0892	-46.9
YDR395W_mRNA	382	771.5	53.26	21.0	1.79	51.47	0.9948	0.1032	-49.69
YDR396W_mRNA	29	379.6	40.31	14.0	14.66	25.66	0.931	0.0875	-11.0
YDR397C_mRNA	296	541.1	55.99	18.5	6.31	49.68	0.9932	0.1179	-43.36
YDR398W_mRNA	55	490.7	130.82	94.0	86.96	43.85	0.9091	0.3493	43.11
YDR399W_mRNA	1776	663.2	50.08	56.5	3.31	46.77	0.9966	0.0853	-43.47
YDR400W_mRNA	186	769.4	60.09	69.0	10.69	49.4	0.9946	0.0877	-38.71
YDR401W_mRNA	44	338.2	42.32	40.5	1.43	40.89	0.9773	0.1208	-39.45
YDR403W_mRNA	48	638.7	120.06	103.5	1.77	118.29	1.0	0.2188	-116.52
YDR404C_mRNA	212	597.9	48.47	19.0	3.55	44.92	0.9811	0.0918	-41.37
YDR405W_mRNA	37	577.8	46.49	35.0	2.62	43.86	1.0	0.0917	-41.24
YDR406W-A_mRNA	16	469.4	57.75	17.5	11.44	46.31	1.0	0.1201	-34.88
YDR406W_mRNA	67	761.5	54.54	71.0	2.66	51.88	0.9851	0.0911	-49.22
YDR407C_mRNA	176	677.0	55.87	62.5	7.31	48.56	0.9943	0.1064	-41.24
YDR408C_mRNA	244	572.4	92.57	91.0	1.8	90.77	0.9918	0.18	-88.97
YDR409W_mRNA	86	745.5	59.49	65.5	5.02	54.47	0.9419	0.0992	-49.44
YDR410C_mRNA	205	573.3	47.78	19.0	4.9	42.88	1.0	0.0889	-37.99
YDR411C_mRNA	74	743.7	44.68	17.5	4.14	40.54	1.0	0.0753	-36.41
YDR412W_mRNA	147	463.1	47.96	30.0	1.68	46.28	0.9864	0.117	-44.6
YDR414C_mRNA	129	576.7	51.43	67.0	3.4	48.04	0.9845	0.1126	-44.64
YDR415C_mRNA	117	763.1	50.74	63.0	2.21	48.53	1.0	0.0873	-46.32
YDR416W_mRNA	57	799.5	40.98	12.0	1.56	39.42	1.0	0.0608	-37.86
YDR417C_mRNA	5	210.0	13.8	10.0	10.2	3.6	1.0	0.0666	6.6
YDR418W_mRNA	5951	522.6	50.59	31.0	2.09	48.51	0.9862	0.1034	-46.42
YDR419W_mRNA	79	752.9	66.43	64.0	5.86	60.57	0.9747	0.1241	-54.71
YDR420W_mRNA	150	633.6	51.44	63.5	5.18	46.26	0.98	0.1214	-41.08
YDR421W_mRNA	74	803.9	84.46	84.0	3.27	81.19	1.0	0.1361	-77.92
YDR422C_mRNA	53	707.7	57.36	61.0	10.47	46.89	1.0	0.1313	-36.42
YDR423C_mRNA	46	747.2	62.54	70.0	1.57	60.98	1.0	0.0947	-59.41
YDR424C_mRNA	610	357.6	49.14	20.0	7.22	41.93	0.9984	0.1283	-34.71
YDR425W_mRNA	157	659.9	55.39	54.0	4.12	51.27	1.0	0.1012	-47.15
YDR427W_mRNA	522	865.2	45.69	17.0	2.51	43.18	0.9674	0.0642	-40.67
YDR428C_mRNA	354	570.0	46.29	14.5	5.22	41.06	0.9802	0.0852	-35.84
YDR429C_mRNA	1438	637.9	43.21	13.0	2.24	40.97	0.9861	0.0768	-38.73
YDR430C_mRNA	87	633.3	42.22	19.0	3.15	39.07	0.9885	0.1003	-35.92
YDR432W_mRNA	115	455.5	30.49	8.0	0.91	29.57	1.0	0.0787	-28.66
YDR433W_mRNA	377	493.0	37.72	11.0	1.88	35.84	0.9973	0.0969	-33.96
YDR434W_mRNA	276	778.9	48.75	19.0	4.55	44.2	0.9891	0.0774	-39.66
YDR435C_mRNA	88	739.0	75.67	77.0	3.85	71.82	1.0	0.116	-67.97
YDR436W_mRNA	80	660.1	50.91	19.0	3.6	47.31	1.0	0.1118	-43.71
YDR437W_mRNA	13	768.8	41.92	38.0	3.23	38.69	1.0	0.0694	-35.46
YDR438W_mRNA	39	750.5	47.51	40.0	1.9	45.62	1.0	0.088	-43.72
YDR439W_mRNA	39	833.7	166.64	83.0	115.77	50.87	1.0	0.2124	64.9
YDR440W_mRNA	33	615.8	44.94	16.0	4.61	40.33	0.9697	0.0947	-35.73
YDR441C_mRNA	161	603.9	55.98	70.0	5.94	50.03	0.9938	0.117	-44.09
YDR443C_mRNA	18	1125.9	72.06	74.0	1.11	70.94	1.0	0.1035	-69.83
YDR444W_mRNA	27	720.9	42.44	9.0	1.11	41.33	1.0	0.0727	-40.22
YDR447C_mRNA	13019	527.5	41.64	13.0	2.56	39.08	0.9981	0.0799	-36.52
YDR448W_mRNA	26	571.3	75.81	77.0	2.31	73.5	1.0	0.1884	-71.19
YDR449C_mRNA	179	707.8	49.7	67.0	3.69	46.01	0.9721	0.0904	-42.31
YDR450W_mRNA	7823	503.6	39.75	12.0	2.03	37.71	0.9771	0.0806	-35.68
YDR451C_mRNA	85	545.2	42.21	12.0	6.02	36.19	1.0	0.0998	-30.16
YDR452W_mRNA	320	634.7	59.55	66.0	2.21	57.34	0.9938	0.1111	-55.13
YDR453C_mRNA	81	457.4	48.56	21.0	3.68	44.88	0.9753	0.105	-41.2
YDR454C_mRNA	707	521.6	40.86	12.0	1.75	39.11	0.9958	0.0845	-37.36
YDR456W_mRNA	91	896.7	70.79	78.0	11.62	59.18	1.0	0.104	-47.56
YDR457W_mRNA	328	733.0	60.37	68.5	2.44	57.93	0.997	0.109	-55.49
YDR458C_mRNA	130	696.6	55.75	38.0	2.35	53.41	1.0	0.1021	-51.06
YDR459C_mRNA	53	510.1	68.21	75.0	2.21	66.0	1.0	0.1761	-63.79
YDR460W_mRNA	51	551.4	63.25	12.0	14.25	49.0	0.9804	0.0978	-34.75
YDR461C-A_mRNA	19	386.3	46.42	61.0	0.68	45.74	1.0	0.1219	-45.05
YDR462W_mRNA	80	521.3	47.85	64.5	1.54	46.31	1.0	0.1016	-44.78
YDR463W_mRNA	122	603.2	49.25	57.0	2.58	46.66	1.0	0.105	-44.08
YDR464W_mRNA	88	354.8	36.23	10.0	2.03	34.19	0.9545	0.1162	-32.16
YDR465C_mRNA	378	663.6	46.04	26.0	1.92	44.12	0.9868	0.0855	-42.2
YDR466W_mRNA	32	720.3	55.41	77.5	2.72	52.69	0.9688	0.1236	-49.97
YDR467C_mRNA	93	447.6	49.48	69.0	1.89	47.59	1.0	0.1222	-45.7
YDR468C_mRNA	172	656.9	46.33	26.0	3.05	43.28	0.9942	0.0811	-40.23
YDR469W_mRNA	286	597.7	49.44	41.5	2.82	46.62	0.9895	0.089	-43.8
YDR470C_mRNA	35	659.0	42.94	11.0	0.69	42.26	1.0	0.0886	-41.57
YDR471W_mRNA	8222	522.1	44.67	17.0	3.69	40.98	0.9787	0.0841	-37.29
YDR472W_mRNA	110	591.3	58.75	67.5	10.57	48.18	0.9909	0.1275	-37.61
YDR473C_mRNA	64	596.1	46.55	28.5	2.77	43.78	0.9844	0.096	-41.02
YDR475C_mRNA	135	773.6	116.34	66.0	70.66	45.68	0.9926	0.1555	24.98
YDR476C_mRNA	125	657.3	50.18	64.0	1.69	48.49	1.0	0.0928	-46.8
YDR477W_mRNA	234	626.8	48.44	36.5	3.16	45.28	0.9957	0.1074	-42.12
YDR478W_mRNA	117	586.3	52.69	21.0	10.86	41.83	1.0	0.0876	-30.97
YDR479C_mRNA	49	722.4	53.65	73.0	1.18	52.47	1.0	0.1131	-51.29
YDR480W_mRNA	54	450.1	51.52	46.0	7.07	44.44	0.963	0.148	-37.37
YDR481C_mRNA	527	740.8	72.99	82.0	2.9	70.09	0.9886	0.1373	-67.2
YDR482C_mRNA	25	381.4	56.68	73.0	6.32	50.36	1.0	0.1655	-44.04
YDR483W_mRNA	588	682.9	48.0	30.0	3.92	44.08	0.9881	0.0914	-40.16
YDR484W_mRNA	76	869.9	58.92	76.5	1.89	57.03	0.9868	0.0914	-55.13
YDR485C_mRNA	65	709.6	40.48	14.0	1.69	38.78	1.0	0.0747	-37.09
YDR486C_mRNA	83	466.3	45.2	18.0	2.37	42.83	0.9518	0.1095	-40.46
YDR487C_mRNA	385	619.5	56.8	74.0	2.68	54.12	1.0	0.1047	-51.44
YDR489W_mRNA	53	626.5	42.58	21.0	3.02	39.57	0.9811	0.0863	-36.55
YDR490C_mRNA	20	1129.2	39.35	18.0	1.15	38.2	1.0	0.0528	-37.05
YDR492W_mRNA	351	572.0	50.11	65.0	3.65	46.45	0.9972	0.1126	-42.8
YDR493W_mRNA	131	484.3	45.78	29.0	2.18	43.6	1.0	0.0986	-41.43
YDR494W_mRNA	199	678.4	49.67	27.0	2.3	47.37	0.9749	0.0983	-45.07
YDR495C_mRNA	119	756.1	71.5	73.0	3.76	67.75	1.0	0.1287	-63.99
YDR496C_mRNA	576	817.0	49.98	67.0	2.15	47.83	0.9965	0.0862	-45.68
YDR497C_mRNA	617	781.1	47.96	27.0	3.59	44.37	0.9903	0.0851	-40.78
YDR498C_mRNA	33	820.0	61.73	78.0	2.79	58.94	1.0	0.0973	-56.15
YDR499W_mRNA	35	510.8	53.66	39.0	1.97	51.69	0.9714	0.1097	-49.71
YDR500C_mRNA	6001	371.7	40.23	11.0	3.21	37.03	0.9843	0.1005	-33.82
YDR501W_mRNA	55	468.5	56.91	53.0	1.04	55.87	1.0	0.1377	-54.84
YDR502C_mRNA	1052	704.0	48.07	35.0	2.53	45.54	0.9962	0.0986	-43.01
YDR503C_mRNA	81	622.0	60.2	58.0	6.93	53.27	0.9877	0.1115	-46.35
YDR504C_mRNA	72	691.7	67.4	77.0	5.6	61.81	1.0	0.1187	-56.21
YDR505C_mRNA	162	844.8	77.8	82.5	5.54	72.27	1.0	0.132	-66.73
YDR506C_mRNA	15	655.0	30.0	13.0	2.67	27.33	0.9333	0.0715	-24.67
YDR507C_mRNA	156	634.6	58.51	72.0	1.83	56.68	0.9872	0.1096	-54.85
YDR508C_mRNA	210	869.0	53.37	33.0	3.51	49.85	0.9857	0.083	-46.34
YDR509W_mRNA	7	185.9	22.14	14.0	0.43	21.71	1.0	0.1102	-21.29
YDR510W_mRNA	390	450.9	45.37	14.0	2.97	42.39	0.9872	0.0985	-39.42
YDR511W_mRNA	160	414.4	41.21	11.5	2.02	39.19	0.9875	0.0973	-37.17
YDR512C_mRNA	72	381.8	36.76	11.0	2.28	34.49	0.9861	0.0879	-32.21
YDR513W_mRNA	682	470.8	42.96	17.0	2.06	40.9	0.9941	0.093	-38.84
YDR514C_mRNA	60	413.1	37.77	11.0	2.02	35.75	0.9833	0.0895	-33.73
YDR515W_mRNA	92	841.2	53.71	53.5	4.67	49.03	0.9565	0.0818	-44.36
YDR516C_mRNA	399	799.2	51.38	65.0	3.41	47.96	0.99	0.0912	-44.55
YDR517W_mRNA	131	695.6	55.94	64.0	2.89	53.05	0.9771	0.1184	-50.15
YDR518W_mRNA	109	838.0	53.83	62.0	4.17	49.67	0.9908	0.0775	-45.5
YDR519W_mRNA	586	546.5	58.67	64.5	2.83	55.84	0.9863	0.1122	-53.01
YDR520C_mRNA	60	584.8	64.7	63.5	17.98	46.72	1.0	0.1556	-28.73
YDR522C_mRNA	7	591.9	73.0	69.0	37.14	35.86	1.0	0.1348	1.29
YDR523C_mRNA	9	673.0	123.56	88.0	57.33	66.22	1.0	0.2322	-8.89
YDR524C-B_mRNA	18045	509.4	51.54	69.0	3.15	48.39	0.9922	0.1016	-45.24
YDR524C_mRNA	106	694.3	51.93	69.0	2.58	49.35	1.0	0.102	-46.76
YDR525W-A_mRNA	53	436.0	45.7	20.0	1.79	43.91	1.0	0.1098	-42.11
YDR527W_mRNA	245	562.7	46.9	21.0	2.68	44.22	0.9918	0.0963	-41.54
YDR528W_mRNA	29	863.7	43.79	15.0	2.72	41.07	0.931	0.0697	-38.34
YDR529C_mRNA	1196	551.0	43.79	16.0	1.66	42.13	0.9749	0.0821	-40.48
YDR530C_mRNA	61	758.0	60.52	55.0	1.57	58.95	1.0	0.1097	-57.38
YDR531W_mRNA	263	740.3	52.43	66.0	2.91	49.51	0.9924	0.0934	-46.6
YDR532C_mRNA	105	701.6	74.81	68.0	3.46	71.35	0.9905	0.1392	-67.9
YDR533C_mRNA	335	649.2	56.65	49.0	6.06	50.59	0.9821	0.099	-44.53
YDR534C_mRNA	12	497.7	140.92	75.5	82.83	58.08	1.0	0.267	24.75
YDR536W_mRNA	18	584.8	77.78	85.0	0.5	77.28	0.9444	0.1411	-76.78
YDR538W_mRNA	78	616.1	55.13	67.5	2.51	52.62	1.0	0.1123	-50.1
YDR539W_mRNA	202	705.7	61.31	65.5	12.29	49.02	0.9851	0.1078	-36.73
YDR540C_mRNA	88	626.2	87.65	66.5	4.56	83.09	1.0	0.1253	-78.53
YDR541C_mRNA	67	582.7	61.51	57.0	2.16	59.34	1.0	0.1108	-57.18
YDR545W_mRNA	110	630.4	72.93	69.0	5.21	67.72	1.0	0.1229	-62.51
YEL001C_mRNA	518	614.5	48.91	22.0	4.47	44.44	0.9865	0.0893	-39.97
YEL002C_mRNA	509	748.7	54.06	70.0	2.88	51.18	0.998	0.0977	-48.31
YEL003W_mRNA	633	462.3	52.16	23.0	7.62	44.54	1.0	0.1057	-36.91
YEL004W_mRNA	53	653.3	73.08	68.0	2.3	70.77	0.9811	0.1225	-68.47
YEL005C_mRNA	69	477.9	52.64	52.0	2.3	50.33	0.9855	0.1352	-48.03
YEL006W_mRNA	152	705.6	52.53	66.5	4.76	47.78	0.9868	0.0985	-43.02
YEL007W_mRNA	127	725.3	108.08	93.0	9.14	98.94	1.0	0.2069	-89.8
YEL008C-A_mRNA	5	416.4	57.6	84.0	2.8	54.8	1.0	0.2003	-52.0
YEL009C-A_mRNA	3922	325.2	90.17	72.0	32.64	57.54	0.9911	0.2213	-24.9
YEL009C_mRNA	2246	791.5	48.82	48.5	3.54	45.28	0.9938	0.0823	-41.74
YEL011W_mRNA	154	658.8	45.92	16.5	5.58	40.34	0.9416	0.0892	-34.77
YEL012W_mRNA	61	530.7	57.39	33.0	7.0	50.39	1.0	0.1374	-43.39
YEL013W_mRNA	356	651.1	49.37	63.5	2.48	46.89	0.9944	0.0956	-44.41
YEL015W_mRNA	119	772.2	48.97	68.0	3.0	45.97	0.9748	0.0942	-42.97
YEL016C_mRNA	47	608.0	41.98	17.0	1.7	40.28	1.0	0.0844	-38.57
YEL017C-A_mRNA	2925	475.7	51.31	68.0	3.3	48.01	0.9983	0.1161	-44.71
YEL017W_mRNA	35	891.3	49.03	44.0	4.31	44.71	1.0	0.0646	-40.4
YEL018W_mRNA	51	337.9	45.82	25.0	2.55	43.27	1.0	0.1835	-40.73
YEL020C_mRNA	60	711.6	97.48	81.0	31.98	65.5	1.0	0.1896	-33.52
YEL020W-A_mRNA	982	393.4	52.24	36.0	2.37	49.88	0.999	0.1312	-47.51
YEL021W_mRNA	126	635.7	42.4	12.5	1.79	40.6	0.9524	0.0757	-38.81
YEL022W_mRNA	181	728.5	61.57	74.0	2.38	59.19	1.0	0.1186	-56.81
YEL023C_mRNA	55	507.6	61.25	71.0	2.98	58.27	1.0	0.1238	-55.29
YEL024W_mRNA	588	851.4	47.24	22.0	2.77	44.47	0.9915	0.0627	-41.7
YEL025C_mRNA	118	745.8	52.11	67.5	3.8	48.31	0.9746	0.1013	-44.52
YEL026W_mRNA	2510	434.8	49.31	48.5	2.39	46.92	0.9944	0.1166	-44.53
YEL027W_mRNA	2433	678.8	49.03	65.0	3.33	45.7	0.9938	0.0791	-42.38
YEL028W_mRNA	69	588.5	80.46	68.0	26.49	53.97	0.9855	0.1395	-27.48
YEL029C_mRNA	232	765.0	47.77	20.0	5.06	42.72	0.9914	0.0681	-37.66
YEL030W_mRNA	77	499.4	48.06	58.0	2.52	45.55	0.987	0.1047	-43.03
YEL031W_mRNA	575	734.4	55.38	71.0	2.68	52.7	0.9896	0.1125	-50.02
YEL032W_mRNA	112	630.2	64.68	73.5	3.77	60.91	0.9911	0.1392	-57.14
YEL033W_mRNA	1765	625.2	54.36	71.0	2.82	51.54	0.9932	0.0891	-48.71
YEL034C-A_mRNA	615	688.6	114.72	107.0	2.07	112.65	0.9935	0.1627	-110.58
YEL034W_mRNA	1493	622.1	53.73	69.0	3.31	50.42	0.9967	0.09	-47.11
YEL036C_mRNA	172	626.6	45.29	19.0	2.1	43.19	1.0	0.1011	-41.08
YEL037C_mRNA	208	548.8	39.99	15.0	1.39	38.59	0.9567	0.084	-37.2
YEL038W_mRNA	96	576.5	51.19	43.0	2.68	48.51	1.0	0.1022	-45.83
YEL039C_mRNA	142	483.1	41.2	17.0	2.44	38.75	0.993	0.0812	-36.31
YEL040W_mRNA	1207	759.6	48.12	63.0	3.27	44.86	0.9743	0.0905	-41.59
YEL041W_mRNA	44	503.3	39.91	19.5	2.82	37.09	0.9545	0.0909	-34.27
YEL042W_mRNA	454	677.8	46.07	38.0	3.01	43.06	0.978	0.0956	-40.06
YEL043W_mRNA	70	596.3	49.87	58.5	5.09	44.79	1.0	0.1114	-39.7
YEL044W_mRNA	367	477.3	41.66	16.0	2.02	39.64	0.97	0.0919	-37.62
YEL046C_mRNA	1237	626.0	44.81	20.0	2.74	42.07	0.9951	0.1017	-39.33
YEL047C_mRNA	187	740.2	47.55	19.0	2.2	45.35	0.9947	0.0892	-43.15
YEL048C_mRNA	79	738.4	67.78	26.0	2.22	65.57	1.0	0.0903	-63.35
YEL049W_mRNA	7	553.0	330.43	210.0	76.43	254.0	1.0	0.5757	-177.57
YEL050C_mRNA	138	654.4	53.33	49.5	2.09	51.23	1.0	0.0923	-49.14
YEL050W-A_mRNA	26	255.9	46.73	11.0	9.46	37.27	1.0	0.172	-27.81
YEL051W_mRNA	633	581.4	34.66	9.0	1.42	33.24	0.9621	0.0686	-31.82
YEL052W_mRNA	53	772.8	46.66	18.0	1.77	44.89	0.9434	0.0964	-43.11
YEL053C_mRNA	98	866.3	58.19	51.0	16.02	42.17	0.9388	0.1115	-26.15
YEL053W-A_mRNA	9	199.7	17.44	2.0	2.11	15.33	0.6667	0.0528	-13.22
YEL054C_mRNA	4802	568.2	52.6	66.0	2.84	49.76	0.9944	0.1052	-46.92
YEL055C_mRNA	393	692.2	51.15	64.0	1.66	49.49	0.9924	0.0899	-47.84
YEL056W_mRNA	95	619.7	57.2	71.0	2.09	55.11	0.9895	0.1201	-53.01
YEL057C_mRNA	31	569.2	51.65	28.0	6.16	45.48	1.0	0.1116	-39.32
YEL058W_mRNA	444	799.2	39.34	11.0	2.4	36.93	0.991	0.0628	-34.53
YEL059C-A_mRNA	94	354.4	55.51	73.0	3.23	52.28	0.9894	0.1573	-49.04
YEL060C_mRNA	251	707.7	47.28	26.0	2.93	44.35	0.996	0.1018	-41.41
YEL061C_mRNA	67	817.4	54.61	70.0	1.78	52.84	0.9851	0.0851	-51.06
YEL062W_mRNA	117	720.5	78.04	78.0	2.43	75.62	0.9829	0.1337	-73.19
YEL063C_mRNA	167	712.4	60.35	66.0	12.56	47.78	0.994	0.1271	-35.22
YEL064C_mRNA	37	704.0	67.76	71.0	1.14	66.62	1.0	0.1426	-65.49
YEL065W_mRNA	29	1028.5	55.55	61.0	7.72	47.83	1.0	0.1067	-40.1
YEL066W_mRNA	80	528.9	45.98	28.5	2.12	43.85	1.0	0.0946	-41.72
YEL067C_mRNA	34	531.1	30.35	17.0	2.47	27.88	1.0	0.0584	-25.41
YEL068C_mRNA	65	502.5	56.77	64.0	9.82	46.95	1.0	0.1164	-37.14
YEL070W_mRNA	8	762.8	51.12	42.0	1.5	49.62	1.0	0.0796	-48.12
YEL071W_mRNA	1056	778.0	45.25	17.0	2.01	43.23	0.9848	0.0771	-41.22
YEL072W_mRNA	78	622.5	93.55	85.5	44.97	48.58	0.9872	0.1952	-3.6
YEL073C_mRNA	119	605.5	98.81	76.0	29.59	69.22	0.9916	0.1744	-39.63
YEL077C_mRNA	48	502.5	38.92	14.0	7.52	31.4	1.0	0.075	-23.88
YER001W_mRNA	641	753.9	60.56	66.0	12.9	47.65	0.9969	0.1126	-34.75
YER002W_mRNA	221	412.0	57.34	14.0	2.16	55.18	0.9729	0.1316	-53.02
YER003C_mRNA	380	699.1	49.6	55.0	2.23	47.37	0.9947	0.0959	-45.14
YER004W_mRNA	164	625.1	51.85	64.5	1.77	50.08	0.9939	0.102	-48.31
YER005W_mRNA	69	679.9	37.9	12.0	2.81	35.09	0.971	0.0879	-32.28
YER006W_mRNA	620	766.6	44.53	16.0	2.68	41.85	0.9903	0.0773	-39.18
YER007C-A_mRNA	531	568.1	44.63	18.0	2.08	42.55	0.9906	0.0894	-40.47
YER007W_mRNA	39	820.0	44.59	21.0	0.87	43.72	1.0	0.0882	-42.85
YER008C_mRNA	151	713.1	70.66	73.0	21.47	49.19	0.9801	0.1303	-27.72
YER009W_mRNA	3784	535.7	52.61	70.0	2.97	49.64	0.9963	0.0989	-46.67
YER010C_mRNA	101	592.3	88.38	78.0	3.81	84.56	1.0	0.1639	-80.75
YER011W_mRNA	68	639.7	78.65	74.0	26.13	52.51	1.0	0.1446	-26.38
YER012W_mRNA	850	616.5	45.69	16.0	4.42	41.27	0.9894	0.0786	-36.85
YER013W_mRNA	57	656.9	46.6	15.0	1.82	44.77	0.9825	0.0809	-42.95
YER014W_mRNA	94	693.9	42.07	11.5	2.6	39.48	1.0	0.0857	-36.88
YER015W_mRNA	122	582.0	129.57	82.5	68.89	60.68	0.9918	0.2219	8.21
YER016W_mRNA	46	488.3	47.54	18.0	5.2	42.35	1.0	0.1237	-37.15
YER017C_mRNA	78	790.5	50.21	43.5	1.91	48.29	0.9359	0.0831	-46.38
YER018C_mRNA	145	455.8	61.74	73.0	3.4	58.34	1.0	0.1449	-54.94
YER019C-A_mRNA	1205	388.0	44.57	20.0	3.9	40.67	0.995	0.1107	-36.78
YER019W_mRNA	37	615.2	35.14	9.0	1.95	33.19	0.973	0.0962	-31.24
YER020W_mRNA	108	661.8	41.46	11.0	1.57	39.89	1.0	0.088	-38.31
YER021W_mRNA	473	856.4	56.24	44.0	5.14	51.1	0.9979	0.0829	-45.96
YER022W_mRNA	106	805.2	49.51	60.0	2.34	47.17	0.9811	0.0888	-44.83
YER023W_mRNA	267	735.8	49.09	28.0	2.58	46.51	1.0	0.0758	-43.92
YER024W_mRNA	90	572.3	57.22	73.0	3.04	54.18	1.0	0.1322	-51.13
YER025W_mRNA	797	841.1	47.82	20.0	1.87	45.95	0.9849	0.0736	-44.08
YER026C_mRNA	643	690.9	53.26	63.0	4.23	49.03	0.9876	0.0954	-44.8
YER027C_mRNA	158	705.1	47.01	59.5	2.84	44.17	0.9937	0.099	-41.33
YER028C_mRNA	32	642.7	119.59	75.0	4.19	115.41	1.0	0.2085	-111.22
YER029C_mRNA	111	536.9	42.59	15.0	2.04	40.56	0.982	0.0905	-38.52
YER030W_mRNA	118	439.4	36.69	8.5	1.21	35.48	1.0	0.0868	-34.27
YER031C_mRNA	316	653.2	45.16	17.0	2.64	42.52	0.9873	0.0804	-39.88
YER032W_mRNA	48	664.1	51.15	62.5	2.23	48.92	0.9792	0.1142	-46.69
YER033C_mRNA	38	776.7	44.61	14.5	2.87	41.74	1.0	0.0901	-38.87
YER034W_mRNA	25	640.9	58.96	74.0	0.76	58.2	0.92	0.1084	-57.44
YER035W_mRNA	258	507.6	66.17	69.5	1.54	64.64	1.0	0.1378	-63.1
YER036C_mRNA	773	838.9	49.28	63.0	3.16	46.11	0.9612	0.0911	-42.95
YER037W_mRNA	807	964.6	54.54	69.0	2.34	52.2	0.9938	0.068	-49.87
YER038C_mRNA	540	604.5	53.56	52.5	8.13	45.43	0.9944	0.098	-37.3
YER039C_mRNA	24	428.9	128.33	129.0	1.62	126.71	1.0	0.393	-125.08
YER040W_mRNA	134	701.7	54.93	73.0	2.32	52.6	0.9851	0.1087	-50.28
YER041W_mRNA	162	627.0	50.74	56.0	1.43	49.31	0.9753	0.0831	-47.89
YER042W_mRNA	474	519.5	46.51	21.0	3.47	43.04	0.9979	0.1196	-39.57
YER043C_mRNA	3724	760.5	49.58	54.5	2.49	47.09	0.9898	0.0909	-44.6
YER044C-A_mRNA	16	562.2	176.81	94.5	12.19	164.62	1.0	0.2817	-152.44
YER044C_mRNA	1243	545.1	52.38	60.0	5.02	47.36	0.9928	0.0995	-42.34
YER045C_mRNA	169	641.2	61.07	75.0	3.78	57.3	0.9882	0.128	-53.52
YER046W-A_mRNA	5	278.4	61.4	69.0	9.4	52.0	1.0	0.2351	-42.6
YER046W_mRNA	72	439.9	41.33	7.0	6.12	35.21	1.0	0.0832	-29.08
YER047C_mRNA	32	561.9	45.69	19.0	1.75	43.94	1.0	0.0834	-42.19
YER048C_mRNA	225	668.4	46.7	11.0	5.2	41.49	0.9911	0.0809	-36.29
YER048W-A_mRNA	566	565.3	47.22	23.0	1.93	45.29	0.9982	0.0869	-43.37
YER049W_mRNA	251	928.9	45.82	16.0	2.71	43.12	0.996	0.0717	-40.41
YER050C_mRNA	348	528.3	48.14	22.0	3.11	45.04	1.0	0.0918	-41.93
YER051W_mRNA	53	757.4	48.74	22.0	2.38	46.36	0.9811	0.0941	-43.98
YER052C_mRNA	1327	692.3	51.46	67.0	2.88	48.58	0.9955	0.1043	-45.7
YER053C-A_mRNA	156	492.6	68.22	71.0	20.9	47.31	1.0	0.146	-26.41
YER053C_mRNA	430	650.0	55.57	41.0	2.68	52.9	0.993	0.1069	-50.22
YER054C_mRNA	29	573.7	65.59	76.0	5.1	60.48	0.9655	0.1616	-55.38
YER055C_mRNA	2184	750.0	48.67	24.0	2.51	46.16	0.9977	0.0739	-43.65
YER056C-A_mRNA	3664	418.4	41.95	15.0	2.67	39.28	0.9866	0.0992	-36.6
YER056C_mRNA	1122	716.1	63.72	76.0	3.28	60.44	0.9955	0.1317	-57.16
YER057C_mRNA	767	448.8	46.94	22.0	2.28	44.66	1.0	0.1033	-42.39
YER058W_mRNA	25	383.6	40.4	12.0	7.04	33.36	1.0	0.0972	-26.32
YER059W_mRNA	114	636.9	59.74	59.0	13.38	46.36	0.9912	0.106	-32.98
YER060W-A_mRNA	12	765.2	104.33	78.5	13.0	91.33	1.0	0.1375	-78.33
YER060W_mRNA	153	705.2	107.73	82.0	9.25	98.48	0.9804	0.1964	-89.23
YER061C_mRNA	52	687.1	56.63	69.0	2.54	54.1	0.9808	0.1116	-51.56
YER062C_mRNA	167	577.1	58.88	70.0	2.5	56.38	0.988	0.136	-53.89
YER063W_mRNA	100	514.4	45.79	18.0	1.7	44.09	0.97	0.0942	-42.39
YER064C_mRNA	304	693.3	49.09	63.5	2.27	46.82	0.9737	0.098	-44.55
YER065C_mRNA	61	570.7	194.08	100.0	147.98	46.1	0.9836	0.3591	101.89
YER066W_mRNA	55	561.8	127.85	74.0	73.44	54.42	1.0	0.2381	19.02
YER067W_mRNA	766	534.5	43.89	17.0	1.99	41.91	0.9961	0.0925	-39.92
YER068W_mRNA	114	765.3	55.82	72.0	4.64	51.18	0.9825	0.1131	-46.54
YER069W_mRNA	474	694.2	48.13	27.0	4.1	44.03	0.9895	0.1007	-39.92
YER070W_mRNA	293	777.6	54.47	65.0	2.95	51.52	0.9932	0.1038	-48.57
YER071C_mRNA	294	485.3	49.42	58.0	3.74	45.68	0.9966	0.1058	-41.94
YER072W_mRNA	2210	447.9	46.98	50.0	2.15	44.83	0.9778	0.1151	-42.68
YER073W_mRNA	1193	587.3	52.2	67.0	3.03	49.18	0.9908	0.1129	-46.15
YER074W-A_mRNA	702	379.4	51.16	33.0	11.43	39.73	1.0	0.1296	-28.3
YER074W_mRNA	7975	491.0	42.0	14.0	2.68	39.32	0.9921	0.085	-36.64
YER075C_mRNA	47	675.1	67.91	31.0	6.85	61.06	1.0	0.1136	-54.21
YER076C_mRNA	101	516.9	77.53	76.0	11.16	66.38	0.9901	0.1653	-55.22
YER077C_mRNA	73	657.8	76.14	74.0	11.4	64.74	1.0	0.1608	-53.34
YER078C_mRNA	109	636.0	48.38	49.0	2.97	45.4	1.0	0.1071	-42.43
YER078W-A_mRNA	26	938.3	71.27	74.5	1.0	70.27	1.0	0.0864	-69.27
YER079W_mRNA	110	595.9	49.33	58.5	3.39	45.94	0.9545	0.1002	-42.55
YER080W_mRNA	237	761.6	65.89	67.0	2.24	63.65	0.9916	0.106	-61.4
YER081W_mRNA	575	729.4	57.1	68.0	3.14	53.96	1.0	0.0947	-50.82
YER082C_mRNA	282	589.4	48.31	28.5	4.02	44.29	0.9823	0.1091	-40.26
YER083C_mRNA	154	591.1	50.12	66.5	2.71	47.4	1.0	0.107	-44.69
YER086W_mRNA	740	732.2	57.49	71.5	3.01	54.48	0.9959	0.1153	-51.48
YER087C-B_mRNA	607	428.5	42.49	15.0	3.04	39.45	0.9934	0.0985	-36.41
YER087W_mRNA	80	731.1	51.8	69.0	1.88	49.92	1.0	0.0976	-48.05
YER088C-A_mRNA	93	586.1	53.55	20.0	7.33	46.22	1.0	0.1084	-38.88
YER088C_mRNA	204	663.0	59.73	75.0	9.43	50.3	1.0	0.1311	-40.87
YER089C_mRNA	161	606.4	49.27	18.0	5.8	43.47	1.0	0.1132	-37.68
YER090W_mRNA	320	756.7	45.56	17.0	2.09	43.47	0.975	0.0884	-41.38
YER091C_mRNA	1143	890.4	47.3	21.0	2.35	44.96	0.9965	0.0754	-42.61
YER092W_mRNA	136	505.9	42.69	17.0	1.62	41.07	1.0	0.089	-39.44
YER093C-A_mRNA	44	439.9	64.16	66.5	15.86	48.3	1.0	0.1485	-32.43
YER093C_mRNA	72	856.7	53.04	57.5	1.89	51.15	0.9861	0.0997	-49.26
YER094C_mRNA	478	644.0	47.94	21.0	1.74	46.2	0.9854	0.0807	-44.46
YER095W_mRNA	52	813.4	45.85	16.5	1.58	44.27	1.0	0.075	-42.69
YER096W_mRNA	29	706.0	48.28	16.0	3.93	44.34	1.0	0.1075	-40.41
YER097W_mRNA	9	333.6	155.67	163.0	125.56	30.11	1.0	0.4735	95.44
YER098W_mRNA	29	1004.3	68.45	77.0	2.38	66.07	1.0	0.0717	-63.69
YER099C_mRNA	276	655.0	51.09	32.5	6.95	44.13	0.9855	0.0908	-37.18
YER100W_mRNA	235	563.9	46.71	23.0	2.98	43.73	0.9702	0.0969	-40.75
YER101C_mRNA	69	646.2	40.19	10.0	0.72	39.46	0.9855	0.0695	-38.74
YER102W_mRNA	14916	668.1	49.48	21.0	8.38	41.1	0.9982	0.0751	-32.71
YER103W_mRNA	1319	769.6	46.57	18.0	1.93	44.64	0.9856	0.0928	-42.7
YER104W_mRNA	100	492.4	58.18	27.0	6.76	51.42	0.99	0.122	-44.66
YER105C_mRNA	161	900.8	49.15	29.0	2.02	47.12	0.9938	0.077	-45.1
YER106W_mRNA	7	1042.9	250.0	276.0	24.57	225.43	1.0	0.247	-200.86
YER107C_mRNA	180	711.5	55.22	70.5	3.39	51.82	0.9944	0.0981	-48.43
YER109C_mRNA	48	899.1	298.9	291.5	6.5	292.4	1.0	0.4072	-285.9
YER110C_mRNA	587	814.2	52.27	25.0	5.87	46.4	0.9932	0.0918	-40.53
YER111C_mRNA	83	723.8	49.71	23.0	3.05	46.66	0.988	0.0834	-43.61
YER112W_mRNA	513	617.8	54.33	71.0	2.0	52.33	0.9747	0.0979	-50.33
YER113C_mRNA	96	752.9	52.33	60.5	2.35	49.98	0.9896	0.0997	-47.62
YER114C_mRNA	134	723.0	48.96	54.5	2.94	46.01	1.0	0.0833	-43.07
YER115C_mRNA	106	552.6	46.56	18.0	4.72	41.84	1.0	0.104	-37.12
YER116C_mRNA	16	493.4	34.81	10.5	3.25	31.56	0.9375	0.0902	-28.31
YER117W_mRNA	18109	492.4	52.12	52.0	2.83	49.3	0.9934	0.1032	-46.47
YER118C_mRNA	156	638.4	55.37	67.5	5.64	49.72	0.9936	0.122	-44.08
YER119C_mRNA	31	608.0	47.61	62.0	2.06	45.55	1.0	0.0984	-43.48
YER120W_mRNA	424	623.6	44.43	14.0	4.89	39.54	0.9882	0.0796	-34.64
YER121W_mRNA	30	404.9	89.2	44.5	2.77	86.43	0.9333	0.1742	-83.67
YER122C_mRNA	360	731.3	52.46	65.0	2.08	50.38	1.0	0.0861	-48.29
YER123W_mRNA	88	666.3	43.18	18.5	1.86	41.32	1.0	0.0827	-39.45
YER124C_mRNA	376	818.7	57.91	71.0	5.9	52.01	0.9894	0.0955	-46.11
YER125W_mRNA	264	653.1	50.05	34.5	2.37	47.68	1.0	0.0979	-45.31
YER126C_mRNA	428	729.1	50.16	67.5	2.27	47.89	0.993	0.0791	-45.62
YER127W_mRNA	122	587.4	54.8	28.5	6.54	48.25	0.9836	0.113	-41.71
YER128W_mRNA	40	553.7	40.62	10.5	5.68	34.95	1.0	0.0917	-29.28
YER129W_mRNA	149	629.6	61.66	77.0	3.5	58.15	0.9866	0.1207	-54.65
YER130C_mRNA	185	819.7	44.96	19.0	4.5	40.45	0.9946	0.0746	-35.95
YER131W_mRNA	3900	452.7	38.43	11.0	3.04	35.39	0.9756	0.0873	-32.36
YER132C_mRNA	204	553.5	197.59	103.0	144.65	52.94	0.9951	0.4183	91.71
YER133W_mRNA	841	913.8	55.81	17.0	9.76	46.05	0.9786	0.0852	-36.29
YER134C_mRNA	140	653.3	48.94	20.0	2.53	46.41	1.0	0.0829	-43.88
YER135C_mRNA	7	335.1	80.29	86.0	7.29	73.0	1.0	0.2174	-65.71
YER136W_mRNA	369	777.0	51.33	62.0	3.06	48.28	0.9973	0.0919	-45.22
YER137C_mRNA	24	400.7	26.04	6.0	4.54	21.5	0.9583	0.0951	-16.96
YER138C_mRNA	2677	1657.3	294.22	329.0	3.16	291.06	0.9907	0.1978	-287.9
YER138W-A_mRNA	724	370.3	129.73	87.0	9.62	120.11	0.9945	0.2919	-110.5
YER139C_mRNA	388	444.1	232.96	282.5	195.56	37.4	1.0	0.6118	158.15
YER140W_mRNA	53	855.6	43.49	15.0	2.28	41.21	0.9623	0.0733	-38.92
YER141W_mRNA	251	629.4	55.55	22.0	10.99	44.56	1.0	0.1117	-33.57
YER142C_mRNA	94	694.9	62.82	71.0	3.41	59.4	1.0	0.105	-55.99
YER143W_mRNA	97	750.9	46.44	32.0	4.43	42.01	0.9897	0.0898	-37.58
YER144C_mRNA	120	628.1	50.94	70.0	2.47	48.48	0.9917	0.1085	-46.01
YER145C_mRNA	109	615.6	62.38	72.0	3.68	58.7	0.9817	0.1263	-55.02
YER146W_mRNA	569	397.9	45.24	18.0	2.59	42.65	0.9965	0.1092	-40.06
YER147C_mRNA	34	557.8	49.24	58.5	1.56	47.68	1.0	0.1033	-46.12
YER148W-A_mRNA	79	323.5	38.63	12.0	2.27	36.37	0.9873	0.1205	-34.1
YER148W_mRNA	523	741.7	46.9	16.0	3.9	43.01	0.9885	0.066	-39.11
YER149C_mRNA	38	705.7	50.61	11.5	9.97	40.63	1.0	0.0898	-30.66
YER150W_mRNA	401	530.8	57.53	72.0	3.81	53.72	0.9925	0.1133	-49.91
YER151C_mRNA	209	723.5	45.11	15.0	2.55	42.56	1.0	0.0846	-40.01
YER152C_mRNA	153	711.8	55.47	71.0	3.75	51.73	1.0	0.0999	-47.98
YER154W_mRNA	101	697.3	56.34	67.0	5.54	50.79	0.9901	0.1035	-45.25
YER155C_mRNA	365	694.6	38.19	11.0	2.04	36.15	0.9616	0.0736	-34.11
YER156C_mRNA	324	737.6	54.06	28.0	3.24	50.82	0.9938	0.0993	-47.58
YER157W_mRNA	173	646.0	51.51	19.0	9.12	42.39	0.9827	0.113	-33.28
YER158C_mRNA	71	561.8	83.08	68.0	2.11	80.97	1.0	0.1466	-78.86
YER159C-A_mRNA	8	539.2	158.12	127.0	2.12	156.0	1.0	0.2993	-153.88
YER159C_mRNA	373	583.8	45.83	15.0	3.08	42.75	0.9946	0.084	-39.68
YER160C_mRNA	654	1091.7	285.03	326.0	5.32	279.71	0.9939	0.3079	-274.38
YER161C_mRNA	51	441.9	82.59	71.0	38.53	44.06	1.0	0.1861	-5.53
YER162C_mRNA	19	582.1	67.68	70.0	1.26	66.42	1.0	0.1616	-65.16
YER163C_mRNA	87	539.3	59.91	69.0	6.85	53.06	1.0	0.1272	-46.21
YER164W_mRNA	89	689.7	107.69	79.0	68.78	38.91	1.0	0.2572	29.87
YER165W_mRNA	832	944.8	54.09	70.0	2.82	51.26	0.9916	0.0797	-48.44
YER166W_mRNA	116	670.8	65.84	68.0	2.78	63.05	0.9741	0.12	-60.27
YER167W_mRNA	152	686.9	62.75	72.0	2.5	60.25	1.0	0.1231	-57.75
YER168C_mRNA	127	688.1	51.93	16.0	2.18	49.75	0.9764	0.0889	-47.57
YER169W_mRNA	40	821.4	49.0	16.0	4.35	44.65	0.975	0.0959	-40.3
YER170W_mRNA	88	634.6	54.3	63.0	2.34	51.95	0.9886	0.1026	-49.61
YER171W_mRNA	103	593.8	43.94	20.0	3.3	40.64	0.9903	0.0952	-37.34
YER172C_mRNA	183	726.0	52.02	47.0	3.07	48.95	0.9891	0.1058	-45.89
YER173W_mRNA	28	687.6	84.18	79.5	26.82	57.36	0.9286	0.1298	-30.54
YER174C_mRNA	389	570.7	47.35	23.0	2.26	45.09	0.9949	0.0953	-42.83
YER175C_mRNA	100	702.5	50.83	65.5	3.1	47.73	1.0	0.0956	-44.63
YER175W-A_mRNA	46	601.5	45.11	52.0	1.98	43.13	0.9565	0.0894	-41.15
YER176W_mRNA	64	601.5	37.42	8.0	1.17	36.25	0.9844	0.0764	-35.08
YER177W_mRNA	1981	689.8	52.24	65.0	3.0	49.23	0.9944	0.0953	-46.23
YER178W_mRNA	858	781.0	48.43	21.0	3.01	45.43	0.9953	0.0856	-42.42
YER179W_mRNA	42	563.2	128.43	118.0	10.19	118.24	1.0	0.2396	-108.05
YER180C-A_mRNA	9	458.8	54.0	69.0	12.0	42.0	1.0	0.1584	-30.0
YER180C_mRNA	45	509.5	52.38	59.0	1.16	51.22	1.0	0.1247	-50.07
YER182W_mRNA	139	579.6	48.18	66.0	2.01	46.17	1.0	0.0988	-44.15
YER183C_mRNA	112	536.5	53.22	72.0	2.13	51.09	0.9911	0.1149	-48.96
YER184C_mRNA	77	740.0	171.7	87.0	83.7	88.0	0.987	0.2145	-4.3
YER185W_mRNA	25	504.0	143.2	110.0	67.6	75.6	1.0	0.2896	-8.0
YER186C_mRNA	188	701.3	43.11	17.0	3.06	40.05	0.9787	0.0804	-36.99
YER187W_mRNA	43	599.1	107.3	78.0	52.02	55.28	0.9767	0.2384	-3.26
YER188C-A_mRNA	13	389.5	95.23	98.0	13.31	81.92	1.0	0.2817	-68.62
YER188W_mRNA	61	528.5	56.62	35.0	14.38	42.25	1.0	0.1258	-27.87
YER190W_mRNA	62	580.6	41.42	14.0	2.48	38.94	0.9516	0.0917	-36.45
YFL001W_mRNA	68	672.6	57.93	77.5	1.76	56.16	0.9853	0.1107	-54.4
YFL002C_mRNA	56	438.0	54.54	32.5	7.38	47.16	1.0	0.1462	-39.79
YFL002W-A_mRNA	300	1530.0	265.58	314.0	9.71	255.87	0.98	0.1764	-246.15
YFL002W-B_mRNA	26	404.8	81.65	81.5	6.92	74.73	1.0	0.226	-67.81
YFL003C_mRNA	22	638.1	63.0	77.0	5.86	57.14	1.0	0.134	-51.27
YFL004W_mRNA	671	739.3	43.79	17.0	1.95	41.84	0.9821	0.0802	-39.89
YFL005W_mRNA	976	707.0	63.94	71.0	15.28	48.66	0.9949	0.1149	-33.38
YFL007W_mRNA	122	838.3	46.8	16.5	1.73	45.07	0.9836	0.0846	-43.34
YFL008W_mRNA	88	704.6	46.41	39.0	1.25	45.16	1.0	0.0826	-43.91
YFL009W_mRNA	129	802.7	41.02	12.0	1.97	39.05	0.9922	0.0802	-37.09
YFL010C_mRNA	336	532.8	42.34	15.5	3.45	38.9	0.997	0.0958	-35.45
YFL012W_mRNA	26	601.0	159.62	127.5	101.81	57.81	1.0	0.2447	44.0
YFL013C_mRNA	92	453.1	52.66	17.0	1.72	50.95	0.9783	0.1217	-49.23
YFL013W-A_mRNA	8	662.8	67.38	44.0	0.38	67.0	1.0	0.1278	-66.62
YFL014W_mRNA	111	470.8	42.21	7.0	3.7	38.5	0.982	0.0914	-34.8
YFL016C_mRNA	575	681.3	45.66	18.0	2.06	43.6	0.993	0.0968	-41.54
YFL017C_mRNA	228	416.5	45.79	18.5	2.7	43.09	1.0	0.1104	-40.39
YFL017W-A_mRNA	41	364.6	69.68	62.0	1.51	68.17	1.0	0.1809	-66.66
YFL018C_mRNA	371	684.4	45.86	14.0	2.71	43.15	0.9838	0.0926	-40.44
YFL019C_mRNA	8	642.9	362.5	346.0	48.5	314.0	1.0	0.5631	-265.5
YFL020C_mRNA	7	557.7	84.29	85.0	11.86	72.43	1.0	0.1545	-60.57
YFL021C-A_mRNA	26	695.2	83.08	86.0	5.15	77.92	1.0	0.1372	-72.77
YFL021W_mRNA	128	625.0	60.84	69.5	15.54	45.3	0.9766	0.1385	-29.77
YFL022C_mRNA	820	706.2	48.15	17.5	3.63	44.52	0.9915	0.0894	-40.88
YFL023W_mRNA	40	401.7	41.48	11.0	2.65	38.83	0.975	0.1286	-36.17
YFL024C_mRNA	97	668.4	77.06	79.0	1.98	75.08	1.0	0.1671	-73.1
YFL025C_mRNA	96	677.2	42.86	18.0	2.65	40.22	0.9896	0.0827	-37.57
YFL026W_mRNA	28	676.3	218.54	181.5	176.36	42.18	1.0	0.2817	134.18
YFL027C_mRNA	79	766.3	63.2	65.0	17.95	45.25	0.9873	0.1099	-27.3
YFL028C_mRNA	260	707.0	45.17	13.0	3.02	42.15	0.9885	0.0714	-39.13
YFL029C_mRNA	77	561.0	66.96	39.0	1.43	65.53	1.0	0.1404	-64.1
YFL030W_mRNA	36	686.4	59.11	79.0	4.83	54.28	0.9722	0.1049	-49.44
YFL031W_mRNA	1983	514.6	68.45	72.0	23.17	45.28	0.998	0.1441	-22.11
YFL032W_mRNA	171	1167.7	352.05	378.0	3.92	348.12	0.9766	0.2924	-344.2
YFL033C_mRNA	120	717.8	54.92	57.5	2.62	52.3	1.0	0.1117	-49.68
YFL034C-A_mRNA	820	457.1	65.29	28.0	23.19	42.1	1.0	0.1296	-18.91
YFL034C-B_mRNA	98	601.1	50.68	54.5	3.22	47.46	0.9898	0.1099	-44.23
YFL034W_mRNA	59	498.8	46.47	26.0	1.39	45.08	1.0	0.1103	-43.69
YFL036W_mRNA	196	845.9	56.58	68.0	3.26	53.32	1.0	0.0912	-50.06
YFL037W_mRNA	574	755.4	55.48	72.0	2.68	52.8	0.9948	0.1032	-50.12
YFL038C_mRNA	773	564.7	48.77	18.0	7.27	41.5	0.9806	0.0972	-34.24
YFL039C_mRNA	3108	874.7	51.89	67.0	3.71	48.18	0.9875	0.0828	-44.47
YFL040W_mRNA	7	442.9	125.57	118.0	2.0	123.57	1.0	0.319	-121.57
YFL041W-A_mRNA	21	553.4	44.71	20.0	2.86	41.86	1.0	0.1148	-39.0
YFL041W_mRNA	95	805.7	56.37	65.0	2.58	53.79	1.0	0.0987	-51.21
YFL042C_mRNA	72	653.9	44.92	14.0	1.49	43.43	0.9583	0.1023	-41.94
YFL044C_mRNA	58	873.6	38.59	15.0	2.19	36.4	0.9828	0.0535	-34.21
YFL045C_mRNA	2587	749.1	50.27	65.0	2.88	47.38	0.9923	0.082	-44.5
YFL046W_mRNA	201	644.2	39.49	10.0	1.35	38.14	0.9801	0.0625	-36.79
YFL047W_mRNA	87	776.4	40.52	14.0	2.76	37.76	1.0	0.0709	-35.0
YFL048C_mRNA	334	791.1	48.48	34.5	2.38	46.1	0.991	0.0829	-43.73
YFL049W_mRNA	103	771.8	57.89	72.0	1.78	56.12	1.0	0.1054	-54.34
YFL050C_mRNA	94	687.8	57.52	73.5	4.53	52.99	1.0	0.1079	-48.46
YFL051C_mRNA	8	655.6	294.0	219.0	89.12	204.88	1.0	0.4267	-115.75
YFL052W_mRNA	18	608.8	122.56	56.0	3.06	119.5	1.0	0.1581	-116.44
YFL053W_mRNA	22	592.4	295.73	207.0	210.41	85.32	1.0	0.4976	125.09
YFL054C_mRNA	21	558.9	48.29	13.0	18.9	29.38	1.0	0.1143	-10.48
YFL055W_mRNA	51	565.1	112.94	82.0	55.73	57.22	1.0	0.2188	-1.49
YFL059W_mRNA	20	594.6	40.3	16.0	0.95	39.35	1.0	0.0707	-38.4
YFL060C_mRNA	7	484.9	45.57	47.0	1.29	44.29	1.0	0.0977	-43.0
YFL061W_mRNA	12	1083.4	514.75	344.0	59.83	454.92	1.0	0.4249	-395.08
YFL062W_mRNA	12	734.0	132.92	84.0	1.0	131.92	0.9167	0.1929	-130.92
YFL066C_mRNA	5	368.4	31.2	7.0	10.8	20.4	0.8	0.0593	-9.6
YFR001W_mRNA	307	513.6	38.85	12.0	2.79	36.07	0.9967	0.0893	-33.28
YFR002W_mRNA	290	784.7	52.65	67.5	2.25	50.4	0.9931	0.0888	-48.16
YFR003C_mRNA	192	504.7	44.43	30.0	1.82	42.61	1.0	0.1	-40.79
YFR004W_mRNA	353	670.4	46.03	16.0	2.46	43.57	0.983	0.0798	-41.1
YFR005C_mRNA	103	599.9	44.04	15.0	2.82	41.22	0.9515	0.1087	-38.41
YFR006W_mRNA	256	847.7	48.81	28.0	2.8	46.02	0.9961	0.0866	-43.22
YFR007W_mRNA	39	657.7	71.51	13.0	1.26	70.26	0.9744	0.1032	-69.0
YFR008W_mRNA	66	561.9	113.92	107.0	1.98	111.94	1.0	0.2418	-109.95
YFR009W-A_mRNA	213	680.1	44.66	18.0	1.48	43.18	0.9953	0.0837	-41.7
YFR009W_mRNA	147	739.7	49.74	21.0	4.52	45.22	1.0	0.0929	-40.71
YFR010W_mRNA	204	774.8	57.5	53.0	2.36	55.14	0.9951	0.0965	-52.77
YFR011C_mRNA	261	581.6	40.3	12.0	1.53	38.77	0.9464	0.0752	-37.25
YFR012W-A_mRNA	9	873.3	61.56	15.0	0.0	61.56	1.0	0.0779	-61.56
YFR013W_mRNA	98	589.4	43.71	17.5	1.57	42.14	0.949	0.1046	-40.57
YFR014C_mRNA	101	641.9	45.17	14.0	1.55	43.61	1.0	0.096	-42.06
YFR015C_mRNA	141	608.6	49.23	28.0	1.87	47.36	0.9929	0.1067	-45.5
YFR016C_mRNA	44	422.6	69.41	14.5	8.07	61.34	1.0	0.1516	-53.27
YFR017C_mRNA	69	557.5	48.1	15.0	2.0	46.1	0.9855	0.0846	-44.1
YFR018C_mRNA	50	836.5	41.28	17.0	4.78	36.5	1.0	0.067	-31.72
YFR019W_mRNA	77	717.2	55.26	60.0	6.18	49.08	0.987	0.1104	-42.9
YFR020W_mRNA	81	669.9	76.11	77.0	23.25	52.86	1.0	0.1427	-29.62
YFR021W_mRNA	45	766.9	59.96	72.0	3.13	56.82	1.0	0.1077	-53.69
YFR022W_mRNA	44	610.3	47.64	64.5	2.8	44.84	1.0	0.1042	-42.05
YFR023W_mRNA	12	687.7	113.67	114.0	1.83	111.83	1.0	0.2133	-110.0
YFR024C-A_mRNA	170	667.4	45.65	17.5	2.86	42.79	0.9706	0.0922	-39.93
YFR025C_mRNA	154	671.9	51.3	18.0	5.27	46.03	1.0	0.0911	-40.77
YFR026C_mRNA	27	403.2	85.07	18.0	24.19	60.89	1.0	0.195	-36.7
YFR027W_mRNA	24	481.3	60.0	75.0	1.71	58.29	1.0	0.1346	-56.58
YFR028C_mRNA	38	933.6	45.66	18.0	2.26	43.39	1.0	0.0722	-41.13
YFR029W_mRNA	41	766.2	52.17	64.0	9.1	43.07	1.0	0.1124	-33.98
YFR030W_mRNA	150	758.0	66.45	45.5	1.97	64.48	1.0	0.1284	-62.51
YFR031C-A_mRNA	5652	612.1	43.17	14.0	2.65	40.52	0.9697	0.0794	-37.87
YFR031C_mRNA	104	689.6	98.03	70.0	5.34	92.69	0.9904	0.1737	-87.36
YFR032C-A_mRNA	11327	313.2	45.53	21.0	3.5	42.04	0.9974	0.135	-38.54
YFR032C_mRNA	7	454.1	115.71	83.0	21.57	94.14	1.0	0.3188	-72.57
YFR033C_mRNA	161	420.3	40.8	19.0	1.49	39.31	0.9938	0.1044	-37.82
YFR034C_mRNA	170	421.2	46.86	20.5	3.39	43.46	0.9941	0.1163	-40.07
YFR034W-A_mRNA	47	382.9	47.43	23.0	3.06	44.36	1.0	0.1264	-41.3
YFR036W-A_mRNA	52	382.7	53.08	31.0	2.48	50.6	1.0	0.1284	-48.12
YFR036W_mRNA	8	501.5	80.0	81.0	14.38	65.62	1.0	0.1671	-51.25
YFR037C_mRNA	36	474.3	38.97	10.0	1.5	37.47	0.9722	0.0957	-35.97
YFR038W_mRNA	45	692.8	41.24	16.0	1.69	39.56	1.0	0.0837	-37.87
YFR039C_mRNA	141	629.9	49.78	45.0	3.73	46.05	0.9929	0.0999	-42.32
YFR040W_mRNA	124	799.4	52.74	67.5	2.48	50.26	0.9919	0.0819	-47.77
YFR041C_mRNA	114	598.8	46.31	20.5	1.41	44.89	1.0	0.0922	-43.48
YFR042W_mRNA	195	629.8	58.47	72.0	3.79	54.68	0.9846	0.0999	-50.89
YFR043C_mRNA	68	667.7	52.6	65.5	5.03	47.57	1.0	0.0942	-42.54
YFR044C_mRNA	790	792.3	52.39	53.5	2.8	49.59	0.9937	0.0867	-46.79
YFR045W_mRNA	55	666.8	54.4	63.0	11.71	42.69	1.0	0.1003	-30.98
YFR046C_mRNA	30	428.2	45.5	25.0	5.27	40.23	1.0	0.1133	-34.97
YFR047C_mRNA	149	604.9	45.34	23.0	2.6	42.74	0.9933	0.0886	-40.14
YFR048W_mRNA	83	620.3	43.06	12.0	6.3	36.76	0.988	0.0908	-30.46
YFR049W_mRNA	258	552.2	46.5	38.5	2.04	44.46	0.9729	0.0874	-42.41
YFR050C_mRNA	426	682.3	48.85	20.0	3.08	45.77	0.993	0.0781	-42.7
YFR051C_mRNA	241	733.3	49.93	64.0	3.02	46.9	1.0	0.1038	-43.88
YFR052C-A_mRNA	206	532.6	49.17	25.0	4.68	44.49	1.0	0.105	-39.81
YFR052W_mRNA	520	608.1	46.99	24.5	3.28	43.72	0.9769	0.0908	-40.44
YFR053C_mRNA	613	853.3	50.25	37.0	2.24	48.01	0.9918	0.0879	-45.78
YFR055W_mRNA	809	760.2	48.92	22.0	3.11	45.81	0.9926	0.0895	-42.71
YGL001C_mRNA	542	832.8	59.05	67.0	2.39	56.66	0.9926	0.0888	-54.27
YGL002W_mRNA	128	516.4	43.92	32.0	4.91	39.02	1.0	0.109	-34.11
YGL003C_mRNA	81	662.5	75.96	78.0	11.11	64.85	1.0	0.1634	-53.74
YGL004C_mRNA	39	750.9	73.62	77.0	3.56	70.05	1.0	0.1318	-66.49
YGL005C_mRNA	124	670.1	53.44	69.5	1.39	52.06	1.0	0.0943	-50.67
YGL006W_mRNA	458	836.7	51.79	38.0	2.88	48.91	0.9891	0.0868	-46.03
YGL007C-A_mRNA	13	462.7	49.77	73.0	1.08	48.69	0.9231	0.1535	-47.62
YGL007W_mRNA	26	464.4	146.38	88.0	44.38	102.0	1.0	0.2954	-57.62
YGL008C_mRNA	4822	714.6	60.35	75.0	3.45	56.9	0.9967	0.1154	-53.45
YGL009C_mRNA	2369	745.1	53.88	70.0	2.46	51.42	0.9911	0.0994	-48.96
YGL010W_mRNA	81	485.4	53.88	57.0	4.4	49.48	0.9877	0.1316	-45.09
YGL011C_mRNA	407	715.5	46.58	20.0	2.58	44.0	0.9828	0.073	-41.42
YGL012W_mRNA	365	789.3	50.3	23.0	2.89	47.41	0.9863	0.0814	-44.52
YGL013C_mRNA	68	816.9	76.74	76.5	6.16	70.57	1.0	0.1587	-64.41
YGL014W_mRNA	245	854.4	55.45	69.0	3.38	52.07	0.9959	0.0979	-48.69
YGL015C_mRNA	15	371.9	50.93	33.0	16.2	34.73	1.0	0.1144	-18.53
YGL016W_mRNA	152	883.9	49.06	37.5	6.2	42.86	0.9868	0.0732	-36.66
YGL017W_mRNA	84	778.9	59.08	74.0	5.54	53.55	0.9881	0.0989	-48.01
YGL018C_mRNA	37	543.4	52.03	69.0	4.68	47.35	1.0	0.1144	-42.68
YGL019W_mRNA	74	574.0	40.27	12.0	5.78	34.49	1.0	0.0734	-28.7
YGL020C_mRNA	248	610.9	47.97	45.0	3.32	44.65	0.9879	0.0863	-41.32
YGL021W_mRNA	112	788.8	42.98	12.5	1.79	41.19	0.9732	0.0693	-39.39
YGL022W_mRNA	501	707.8	42.47	15.0	2.54	39.93	0.992	0.078	-37.38
YGL023C_mRNA	45	402.0	35.58	11.0	1.84	33.73	1.0	0.1082	-31.89
YGL025C_mRNA	45	744.9	50.89	31.0	5.38	45.51	1.0	0.0747	-40.13
YGL026C_mRNA	634	804.8	43.56	16.0	1.91	41.65	0.9921	0.0795	-39.75
YGL027C_mRNA	116	651.7	45.46	25.0	1.47	43.98	1.0	0.0975	-42.51
YGL028C_mRNA	234	713.3	56.14	68.5	8.44	47.7	0.9786	0.0986	-39.26
YGL029W_mRNA	203	384.9	40.86	15.0	3.72	37.13	0.9901	0.1019	-33.41
YGL030W_mRNA	21030	459.7	45.46	16.0	3.79	41.68	0.9955	0.0958	-37.89
YGL031C_mRNA	8429	523.5	49.08	24.0	7.11	41.97	0.9979	0.0961	-34.85
YGL032C_mRNA	7	415.9	199.86	231.0	154.86	45.0	1.0	0.4712	109.86
YGL033W_mRNA	19	420.8	211.79	166.0	37.84	173.95	1.0	0.525	-136.11
YGL035C_mRNA	56	829.5	63.75	75.0	5.32	58.43	0.9821	0.1017	-53.11
YGL036W_mRNA	118	826.7	76.49	74.0	1.78	74.71	0.9915	0.1502	-72.93
YGL037C_mRNA	1072	619.6	49.29	20.0	3.73	45.56	0.9981	0.0982	-41.83
YGL038C_mRNA	128	550.3	45.8	20.5	4.49	41.31	0.9922	0.1034	-36.82
YGL039W_mRNA	144	758.4	76.55	81.0	4.28	72.26	1.0	0.1276	-67.98
YGL040C_mRNA	174	829.4	53.24	65.0	4.16	49.08	1.0	0.087	-44.93
YGL041C-B_mRNA	12	452.9	73.0	71.5	12.0	61.0	1.0	0.1976	-49.0
YGL041W-A_mRNA	306	545.4	44.78	15.5	2.29	42.49	0.9967	0.0873	-40.2
YGL043W_mRNA	161	683.0	44.84	13.0	1.98	42.86	0.9938	0.0854	-40.88
YGL044C_mRNA	114	672.7	61.53	72.0	8.99	52.54	1.0	0.108	-43.54
YGL045W_mRNA	44	736.2	60.89	73.0	2.89	58.0	0.9773	0.1016	-55.11
YGL047W_mRNA	101	566.2	47.58	52.0	1.64	45.94	0.9901	0.0905	-44.3
YGL048C_mRNA	420	702.2	45.77	16.0	1.96	43.81	0.9976	0.0899	-41.85
YGL049C_mRNA	202	572.8	43.47	17.5	2.27	41.2	0.995	0.0989	-38.93
YGL050W_mRNA	118	570.3	40.54	10.0	2.74	37.81	0.9831	0.0867	-35.07
YGL051W_mRNA	7	515.9	85.57	103.0	17.43	68.14	1.0	0.1274	-50.71
YGL052W_mRNA	48	579.1	95.96	74.0	37.27	58.69	0.9792	0.1677	-21.42
YGL053W_mRNA	1512	444.7	163.3	163.0	107.0	56.3	0.996	0.3426	50.71
YGL054C_mRNA	1209	636.5	46.6	64.0	2.31	44.29	0.9677	0.0765	-41.98
YGL055W_mRNA	1725	848.1	52.99	68.0	3.07	49.92	0.9936	0.083	-46.85
YGL056C_mRNA	64	776.6	41.03	15.0	1.5	39.53	0.9844	0.0716	-38.03
YGL057C_mRNA	40	538.4	49.62	73.5	2.05	47.58	0.975	0.1091	-45.52
YGL058W_mRNA	319	536.5	46.33	20.0	3.15	43.18	0.9781	0.0993	-40.03
YGL059W_mRNA	198	835.9	47.93	44.0	1.93	46.01	0.9899	0.0764	-44.08
YGL060W_mRNA	73	699.0	47.6	17.0	7.64	39.96	1.0	0.1064	-32.32
YGL061C_mRNA	92	536.6	58.32	68.0	8.57	49.75	0.9891	0.145	-41.18
YGL062W_mRNA	191	736.9	76.74	83.0	2.82	73.93	0.9948	0.15	-71.11
YGL063W_mRNA	35	544.7	62.89	74.0	7.09	55.8	1.0	0.1236	-48.71
YGL064C_mRNA	32	663.8	64.91	76.0	1.69	63.22	1.0	0.1465	-61.53
YGL065C_mRNA	68	702.4	63.74	77.5	4.62	59.12	1.0	0.1422	-54.5
YGL066W_mRNA	81	651.0	47.47	22.0	1.78	45.69	0.9877	0.0907	-43.91
YGL067W_mRNA	127	704.9	60.3	74.0	7.24	53.06	0.9843	0.1177	-45.83
YGL068W_mRNA	421	593.2	47.98	19.0	2.07	45.91	1.0	0.0923	-43.84
YGL070C_mRNA	540	580.4	46.98	19.5	5.31	41.67	0.9722	0.0824	-36.36
YGL071W_mRNA	54	942.3	53.93	52.0	9.13	44.8	0.9815	0.084	-35.67
YGL072C_mRNA	25	415.7	47.16	26.0	4.36	42.8	1.0	0.1128	-38.44
YGL073W_mRNA	64	718.8	52.11	69.0	1.91	50.2	1.0	0.0949	-48.3
YGL075C_mRNA	26	453.0	86.54	75.5	53.42	33.12	1.0	0.2346	20.31
YGL076C_mRNA	8276	588.5	47.78	24.0	3.27	44.52	0.9937	0.0929	-41.25
YGL077C_mRNA	302	700.3	54.47	68.0	3.56	50.92	0.9934	0.1044	-47.36
YGL078C_mRNA	311	928.1	59.69	71.0	1.75	57.94	0.9968	0.0928	-56.2
YGL079W_mRNA	249	481.1	79.96	73.0	2.82	77.15	0.988	0.1536	-74.33
YGL080W_mRNA	270	525.2	41.63	15.0	7.4	34.23	1.0	0.0858	-26.83
YGL082W_mRNA	126	830.3	45.42	17.0	1.89	43.53	1.0	0.0777	-41.64
YGL083W_mRNA	84	859.8	46.92	24.0	4.74	42.18	0.9881	0.0812	-37.44
YGL084C_mRNA	149	796.5	47.13	35.0	3.32	43.81	0.9732	0.0848	-40.48
YGL085W_mRNA	47	553.5	53.15	67.0	2.83	50.32	0.9787	0.1007	-47.49
YGL086W_mRNA	180	781.2	54.92	40.0	2.19	52.72	0.9944	0.0908	-50.53
YGL087C_mRNA	239	457.2	84.83	74.0	45.26	39.57	0.9958	0.1989	5.69
YGL088W_mRNA	165	328.8	137.99	141.0	2.21	135.78	0.9939	0.392	-133.57
YGL090W_mRNA	3447	505.9	49.7	61.0	4.07	45.63	0.9948	0.1026	-41.56
YGL091C_mRNA	161	649.9	48.92	28.0	2.44	46.48	1.0	0.1004	-44.04
YGL092W_mRNA	164	899.4	61.97	65.5	4.51	57.46	0.9939	0.1042	-52.96
YGL093W_mRNA	102	745.5	44.63	21.5	2.96	41.67	0.9804	0.0762	-38.71
YGL094C_mRNA	64	1098.3	63.02	71.5	2.97	60.05	1.0	0.0852	-57.08
YGL095C_mRNA	204	601.4	91.24	80.0	47.74	43.5	0.9951	0.2476	4.24
YGL096W_mRNA	65	599.6	133.4	83.0	26.88	106.52	1.0	0.2197	-79.65
YGL097W_mRNA	217	858.1	66.78	33.0	21.73	45.05	0.977	0.0985	-23.32
YGL098W_mRNA	154	605.1	81.42	70.0	37.19	44.22	1.0	0.1668	-7.03
YGL099W_mRNA	182	704.8	53.7	30.5	1.7	51.99	0.9835	0.1016	-50.29
YGL100W_mRNA	146	599.5	61.35	65.5	11.08	50.27	0.9932	0.1339	-39.2
YGL101W_mRNA	275	650.8	54.25	70.0	3.38	50.88	1.0	0.096	-47.5
YGL102C_mRNA	36	387.1	129.61	44.5	79.25	50.36	0.8056	0.2188	28.89
YGL103W_mRNA	22833	521.6	49.52	15.0	8.33	41.19	0.9984	0.0889	-32.87
YGL104C_mRNA	27	504.9	39.11	12.0	3.0	36.11	1.0	0.1055	-33.11
YGL105W_mRNA	927	633.1	48.8	29.0	2.19	46.61	0.9914	0.0952	-44.43
YGL106W_mRNA	310	495.6	46.22	19.0	1.95	44.27	0.9968	0.107	-42.32
YGL107C_mRNA	120	743.8	58.23	68.5	5.39	52.84	1.0	0.108	-47.45
YGL108C_mRNA	26	450.9	45.92	21.0	4.62	41.31	1.0	0.1068	-36.69
YGL110C_mRNA	122	565.8	46.25	17.0	1.56	44.7	0.9918	0.097	-43.14
YGL111W_mRNA	179	634.7	42.23	13.0	1.87	40.36	0.9777	0.0874	-38.5
YGL112C_mRNA	144	690.7	56.17	61.5	2.79	53.38	0.9931	0.1067	-50.59
YGL113W_mRNA	59	734.7	51.05	25.0	3.54	47.51	1.0	0.1058	-43.97
YGL114W_mRNA	77	794.6	48.9	25.0	4.19	44.7	0.974	0.0902	-40.51
YGL115W_mRNA	305	706.9	55.46	67.0	8.36	47.1	0.9934	0.1012	-38.74
YGL116W_mRNA	37	549.4	53.76	72.0	5.11	48.65	0.973	0.1463	-43.54
YGL117W_mRNA	728	731.2	50.09	65.0	2.59	47.5	0.9931	0.0829	-44.91
YGL119W_mRNA	52	846.5	55.02	22.5	3.83	51.19	1.0	0.1069	-47.37
YGL120C_mRNA	260	781.4	36.59	9.0	1.99	34.6	0.9654	0.0665	-32.61
YGL121C_mRNA	90	505.2	50.78	21.5	9.2	41.58	0.9778	0.1092	-32.38
YGL122C_mRNA	232	758.2	50.56	65.5	5.2	45.37	0.9828	0.0969	-40.17
YGL123W_mRNA	15765	630.1	51.36	64.0	2.46	48.9	0.9879	0.093	-46.44
YGL124C_mRNA	110	609.8	93.47	77.5	8.32	85.15	1.0	0.1846	-76.84
YGL125W_mRNA	129	721.7	55.11	64.0	3.21	51.9	1.0	0.115	-48.69
YGL126W_mRNA	106	642.8	64.29	76.0	2.73	61.57	1.0	0.1303	-58.84
YGL127C_mRNA	42	484.0	66.95	71.0	21.1	45.86	1.0	0.1368	-24.76
YGL128C_mRNA	21	699.8	76.1	79.0	2.52	73.57	1.0	0.1248	-71.05
YGL129C_mRNA	117	723.7	55.1	70.0	3.16	51.94	0.9915	0.0944	-48.78
YGL130W_mRNA	54	613.2	39.48	16.0	1.43	38.06	0.9815	0.0891	-36.63
YGL131C_mRNA	38	867.5	81.13	78.0	6.84	74.29	1.0	0.1451	-67.45
YGL133W_mRNA	152	538.1	60.88	60.0	15.49	45.39	0.9671	0.1144	-29.9
YGL134W_mRNA	52	722.6	75.33	75.5	6.29	69.04	0.9808	0.1451	-62.75
YGL135W_mRNA	6588	590.3	51.71	64.0	3.54	48.17	0.9964	0.098	-44.64
YGL136C_mRNA	141	527.8	64.27	75.0	4.11	60.16	1.0	0.1402	-56.06
YGL137W_mRNA	244	890.6	51.62	48.5	2.86	48.76	0.9549	0.0878	-45.89
YGL139W_mRNA	102	706.0	61.88	75.5	3.44	58.44	0.9804	0.1274	-55.0
YGL140C_mRNA	139	659.6	39.81	13.0	2.0	37.81	0.9856	0.0861	-35.81
YGL141W_mRNA	109	816.4	46.19	16.0	2.79	43.4	1.0	0.0778	-40.61
YGL142C_mRNA	227	592.2	49.15	48.0	3.51	45.63	0.9912	0.1008	-42.12
YGL143C_mRNA	64	533.8	55.25	67.5	1.98	53.27	0.9688	0.1256	-51.28
YGL144C_mRNA	28	432.8	60.57	74.0	2.07	58.5	1.0	0.1493	-56.43
YGL145W_mRNA	112	923.2	56.19	72.5	4.39	51.79	0.9911	0.0909	-47.4
YGL146C_mRNA	5	921.6	164.6	207.0	0.6	164.0	1.0	0.1677	-163.4
YGL147C_mRNA	16887	606.2	44.39	22.0	1.88	42.51	0.9774	0.079	-40.63
YGL148W_mRNA	397	745.0	40.64	12.0	2.01	38.63	0.9798	0.0758	-36.63
YGL150C_mRNA	89	690.2	67.25	78.0	1.67	65.57	0.9775	0.1399	-63.9
YGL151W_mRNA	122	700.5	48.53	36.0	2.78	45.75	0.9918	0.0983	-42.98
YGL152C_mRNA	5	550.2	86.8	90.0	0.6	86.2	1.0	0.1758	-85.6
YGL153W_mRNA	26	498.1	41.0	12.5	0.88	40.12	1.0	0.0971	-39.23
YGL154C_mRNA	85	653.5	52.93	68.0	2.93	50.0	0.9765	0.0874	-47.07
YGL155W_mRNA	89	619.6	58.07	68.0	2.65	55.42	0.9888	0.1109	-52.76
YGL156W_mRNA	81	584.9	62.01	69.0	14.43	47.58	1.0	0.1471	-33.15
YGL157W_mRNA	224	720.7	47.22	21.5	2.55	44.67	1.0	0.0836	-42.12
YGL158W_mRNA	11	750.4	43.73	10.0	3.27	40.45	1.0	0.0487	-37.18
YGL159W_mRNA	143	861.3	104.71	74.0	6.24	98.47	1.0	0.1257	-92.22
YGL160W_mRNA	102	621.2	51.99	47.0	9.12	42.87	0.9902	0.1252	-33.75
YGL161C_mRNA	225	698.5	51.65	69.0	2.57	49.08	1.0	0.0916	-46.5
YGL162W_mRNA	128	503.2	57.73	69.0	2.7	55.03	0.9922	0.1251	-52.34
YGL163C_mRNA	83	661.9	73.82	75.0	19.82	54.0	0.988	0.1826	-34.18
YGL164C_mRNA	21	470.6	52.43	15.0	0.95	51.48	0.9524	0.1329	-50.52
YGL165C_mRNA	47	416.4	36.68	11.0	1.55	35.13	1.0	0.0994	-33.57
YGL166W_mRNA	48	601.9	46.12	19.5	2.81	43.31	1.0	0.0857	-40.5
YGL167C_mRNA	341	777.9	51.18	67.0	3.24	47.94	0.9912	0.0843	-44.7
YGL168W_mRNA	102	345.6	43.85	16.5	2.31	41.54	1.0	0.1338	-39.23
YGL169W_mRNA	55	829.7	59.02	75.0	4.4	54.62	1.0	0.1046	-50.22
YGL170C_mRNA	13	668.1	148.31	92.0	66.46	81.85	1.0	0.206	-15.38
YGL171W_mRNA	114	618.4	45.56	16.5	2.08	43.48	1.0	0.0971	-41.4
YGL172W_mRNA	187	715.2	47.53	23.0	3.29	44.24	0.9893	0.0835	-40.94
YGL173C_mRNA	274	942.6	66.02	75.0	3.02	63.0	0.9891	0.1101	-59.98
YGL174W_mRNA	60	417.7	61.1	53.0	20.52	40.58	1.0	0.1639	-20.07
YGL175C_mRNA	7	612.1	99.57	79.0	21.14	78.43	1.0	0.1751	-57.29
YGL176C_mRNA	73	618.1	63.53	63.0	1.92	61.62	1.0	0.1316	-59.7
YGL177W_mRNA	5	396.2	171.0	202.0	62.0	109.0	1.0	0.4139	-47.0
YGL178W_mRNA	136	739.9	83.75	77.0	16.34	67.41	0.9706	0.155	-51.07
YGL179C_mRNA	87	639.4	77.13	71.0	21.94	55.18	1.0	0.1525	-33.24
YGL180W_mRNA	65	658.0	79.68	75.0	2.42	77.26	0.9846	0.1542	-74.85
YGL181W_mRNA	80	618.8	46.92	24.0	6.41	40.51	1.0	0.1103	-34.1
YGL184C_mRNA	59	567.4	50.92	15.0	12.69	38.22	1.0	0.1236	-25.53
YGL185C_mRNA	60	701.8	59.18	47.0	2.8	56.38	1.0	0.1151	-53.58
YGL186C_mRNA	208	691.1	49.88	35.0	3.2	46.68	1.0	0.0994	-43.48
YGL187C_mRNA	565	669.8	55.55	66.0	6.06	49.49	0.9965	0.0898	-43.43
YGL188C-A_mRNA	8	373.0	70.75	81.5	4.88	65.88	1.0	0.1673	-61.0
YGL188C_mRNA	503	646.3	75.51	81.0	35.19	40.33	0.996	0.116	-5.14
YGL189C_mRNA	5986	436.9	49.29	25.0	9.58	39.71	0.9985	0.1091	-30.13
YGL190C_mRNA	91	683.8	57.62	38.0	5.25	52.36	0.978	0.114	-47.11
YGL191W_mRNA	1071	536.8	48.69	60.0	2.51	46.18	0.9897	0.096	-43.67
YGL192W_mRNA	46	666.7	94.87	67.0	1.87	93.0	1.0	0.1183	-91.13
YGL193C_mRNA	33	451.5	59.91	80.0	4.33	55.58	1.0	0.1576	-51.24
YGL194C-A_mRNA	138	454.9	56.73	68.0	1.78	54.96	0.9928	0.1232	-53.18
YGL194C_mRNA	12	375.7	53.33	68.5	0.92	52.42	1.0	0.1502	-51.5
YGL195W_mRNA	456	819.7	42.13	13.5	2.02	40.12	0.9934	0.0756	-38.1
YGL196W_mRNA	227	732.8	65.62	71.0	4.4	61.22	1.0	0.1177	-56.81
YGL197W_mRNA	116	699.4	56.45	67.5	5.94	50.51	0.9914	0.1059	-44.57
YGL198W_mRNA	177	578.2	43.79	19.0	1.57	42.21	1.0	0.0828	-40.64
YGL200C_mRNA	1122	583.5	47.58	30.0	2.74	44.84	0.9938	0.0911	-42.11
YGL201C_mRNA	48	524.9	36.44	11.0	1.48	34.96	1.0	0.0712	-33.48
YGL202W_mRNA	765	746.7	46.04	19.0	3.79	42.24	0.9974	0.0866	-38.45
YGL203C_mRNA	65	437.8	41.82	19.0	1.71	40.11	0.9846	0.1099	-38.4
YGL204C_mRNA	62	327.0	56.92	43.5	3.37	53.55	1.0	0.1776	-50.18
YGL205W_mRNA	28	375.8	81.96	84.5	31.43	50.54	1.0	0.2859	-19.11
YGL206C_mRNA	448	943.4	54.36	39.5	4.22	50.15	0.9933	0.1004	-45.93
YGL207W_mRNA	91	369.5	101.52	84.0	1.7	99.81	0.989	0.2598	-98.11
YGL208W_mRNA	37	589.2	38.65	17.0	2.41	36.24	1.0	0.0811	-33.84
YGL209W_mRNA	120	546.4	67.44	71.5	14.49	52.95	0.9833	0.1455	-38.46
YGL210W_mRNA	124	546.2	57.25	26.0	14.68	42.57	0.9919	0.1174	-27.9
YGL211W_mRNA	116	779.9	51.53	35.5	3.55	47.97	0.9914	0.0804	-44.42
YGL213C_mRNA	132	573.9	35.93	9.5	1.42	34.52	0.9621	0.0754	-33.1
YGL215W_mRNA	464	739.3	46.76	23.0	2.37	44.38	0.9935	0.0854	-42.01
YGL216W_mRNA	42	731.0	50.64	22.5	8.31	42.33	1.0	0.0929	-34.02
YGL219C_mRNA	76	498.4	38.89	12.0	4.39	34.5	0.9868	0.1084	-30.11
YGL220W_mRNA	590	437.8	42.86	19.0	1.53	41.33	0.9966	0.0945	-39.8
YGL221C_mRNA	193	600.7	43.23	16.0	2.18	41.05	0.9741	0.0856	-38.88
YGL222C_mRNA	37	251.0	44.57	14.0	6.81	37.76	1.0	0.1872	-30.95
YGL223C_mRNA	126	598.4	78.97	75.5	5.95	73.02	0.9921	0.1537	-67.06
YGL224C_mRNA	319	572.8	51.04	60.0	4.09	46.95	0.9655	0.1107	-42.85
YGL225W_mRNA	878	638.7	55.82	70.0	3.75	52.07	0.9966	0.1079	-48.33
YGL226C-A_mRNA	622	428.6	49.32	65.0	3.5	45.83	0.9968	0.1115	-42.33
YGL226W_mRNA	92	391.5	51.3	19.0	17.04	34.26	1.0	0.151	-17.22
YGL227W_mRNA	101	702.5	54.7	68.0	1.24	53.47	0.9901	0.1067	-52.23
YGL228W_mRNA	86	820.8	55.62	16.0	13.73	41.88	0.9884	0.0879	-28.15
YGL229C_mRNA	35	618.5	53.8	52.0	1.06	52.74	0.9714	0.1197	-51.69
YGL230C_mRNA	16	458.8	97.44	82.5	10.75	86.69	1.0	0.217	-75.94
YGL231C_mRNA	793	579.7	53.94	71.0	1.94	52.0	0.995	0.0956	-50.06
YGL232W_mRNA	183	687.0	52.66	48.0	2.95	49.72	0.9891	0.0877	-46.77
YGL233W_mRNA	158	796.7	64.46	69.5	5.49	58.96	1.0	0.121	-53.47
YGL234W_mRNA	383	771.8	44.7	17.0	2.18	42.51	0.9948	0.0909	-40.33
YGL236C_mRNA	48	835.5	49.96	46.5	6.19	43.77	1.0	0.0839	-37.58
YGL237C_mRNA	59	556.0	70.64	76.0	3.41	67.24	1.0	0.1604	-63.83
YGL238W_mRNA	425	787.3	48.14	64.0	2.92	45.21	0.9929	0.0824	-42.29
YGL240W_mRNA	20	644.0	56.7	65.5	1.0	55.7	1.0	0.0951	-54.7
YGL241W_mRNA	72	777.1	51.71	41.0	6.78	44.93	0.9583	0.079	-38.15
YGL242C_mRNA	113	551.1	45.53	18.0	2.65	42.88	0.9558	0.0914	-40.24
YGL243W_mRNA	94	814.4	60.28	78.0	2.59	57.69	1.0	0.0951	-55.11
YGL244W_mRNA	156	590.3	35.6	8.0	2.35	33.24	0.9744	0.073	-30.89
YGL245W_mRNA	1622	710.7	41.02	13.0	2.42	38.61	0.9753	0.078	-36.19
YGL246C_mRNA	163	746.8	48.43	40.0	2.31	46.12	0.9877	0.0794	-43.8
YGL247W_mRNA	84	575.0	51.64	62.0	1.76	49.88	1.0	0.0932	-48.12
YGL248W_mRNA	164	653.6	46.8	13.5	6.76	40.05	0.9878	0.0903	-33.29
YGL249W_mRNA	45	662.2	64.09	71.0	4.18	59.91	1.0	0.1043	-55.73
YGL250W_mRNA	48	670.6	45.48	16.5	2.48	43.0	1.0	0.0709	-40.52
YGL251C_mRNA	42	713.8	51.98	20.0	4.36	47.62	1.0	0.1091	-43.26
YGL252C_mRNA	186	621.6	38.2	10.5	2.67	35.53	0.9785	0.088	-32.87
YGL253W_mRNA	1948	982.0	58.3	72.0	3.45	54.85	0.9918	0.0877	-51.4
YGL254W_mRNA	47	760.5	55.85	72.0	1.55	54.3	1.0	0.1023	-52.74
YGL255W_mRNA	296	750.1	70.08	73.5	18.77	51.32	0.9932	0.1085	-32.55
YGL256W_mRNA	160	766.7	67.06	74.5	8.53	58.53	0.975	0.1248	-50.0
YGL257C_mRNA	176	693.6	60.85	69.0	9.04	51.81	0.9943	0.1138	-42.77
YGL258W-A_mRNA	21	627.5	125.52	88.0	32.86	92.67	1.0	0.2265	-59.81
YGL258W_mRNA	44	492.9	75.2	77.5	13.0	62.2	1.0	0.171	-49.2
YGR001C_mRNA	364	555.6	53.78	66.5	2.61	51.17	0.9945	0.1114	-48.55
YGR002C_mRNA	153	533.4	76.73	70.0	23.56	53.18	0.9935	0.1707	-29.62
YGR003W_mRNA	64	698.9	97.42	83.5	34.28	63.14	1.0	0.209	-28.86
YGR004W_mRNA	54	643.6	44.04	54.5	3.7	40.33	1.0	0.0825	-36.63
YGR005C_mRNA	98	697.2	48.49	13.5	2.55	45.94	1.0	0.0879	-43.39
YGR006W_mRNA	16	492.6	39.56	10.0	1.12	38.44	0.9375	0.0914	-37.31
YGR007W_mRNA	75	776.1	55.04	63.0	5.69	49.35	0.9733	0.1141	-43.65
YGR008C_mRNA	1405	448.5	44.02	15.0	2.4	41.62	0.9972	0.0949	-39.22
YGR009C_mRNA	75	425.0	41.13	12.0	8.2	32.93	1.0	0.1081	-24.73
YGR010W_mRNA	53	790.6	86.79	79.0	5.4	81.4	1.0	0.1181	-76.0
YGR011W_mRNA	57	745.3	86.14	76.0	5.11	81.04	1.0	0.132	-75.93
YGR012W_mRNA	100	737.7	52.99	72.5	1.96	51.03	0.98	0.09	-49.07
YGR013W_mRNA	23	834.2	45.17	17.0	1.65	43.52	1.0	0.0898	-41.87
YGR014W_mRNA	223	548.7	53.86	71.0	1.96	51.9	0.9955	0.1219	-49.95
YGR015C_mRNA	39	588.5	50.79	65.0	2.1	48.69	0.9744	0.1169	-46.59
YGR016W_mRNA	70	629.6	75.71	76.5	18.8	56.91	1.0	0.1267	-38.11
YGR017W_mRNA	145	635.5	71.71	16.0	19.98	51.73	0.9931	0.1108	-31.75
YGR018C_mRNA	21	651.6	63.43	47.0	3.62	59.81	1.0	0.1034	-56.19
YGR019W_mRNA	217	679.7	52.54	26.0	2.88	49.66	0.9908	0.1005	-46.77
YGR020C_mRNA	1524	507.0	41.66	16.0	4.43	37.23	0.9895	0.0816	-32.8
YGR021W_mRNA	28	539.0	63.21	66.5	17.11	46.11	1.0	0.1375	-29.0
YGR023W_mRNA	53	677.6	73.21	80.0	8.42	64.79	1.0	0.1227	-56.38
YGR024C_mRNA	279	618.7	65.66	75.0	8.0	57.66	0.9928	0.13	-49.67
YGR025W_mRNA	30	931.9	106.63	102.0	2.5	104.13	0.9667	0.1359	-101.63
YGR026W_mRNA	122	614.7	46.32	25.5	3.37	42.95	0.9836	0.0948	-39.58
YGR027C_mRNA	12557	418.9	58.8	36.0	17.36	41.45	0.9986	0.1357	-24.09
YGR027W-B_mRNA	3013	1318.6	327.14	342.0	3.95	323.19	0.9937	0.2858	-319.24
YGR028W_mRNA	227	865.7	58.5	64.0	9.18	49.32	0.9956	0.0901	-40.14
YGR029W_mRNA	217	534.4	53.58	15.0	9.48	44.1	0.977	0.1201	-34.62
YGR030C_mRNA	171	509.9	109.11	82.0	54.04	55.08	0.9883	0.2093	-1.04
YGR031W_mRNA	42	559.7	46.86	15.0	2.05	44.81	1.0	0.1028	-42.76
YGR032W_mRNA	146	907.3	66.25	78.0	9.19	57.06	0.9932	0.1103	-47.87
YGR033C_mRNA	262	726.4	39.78	10.0	3.43	36.35	0.9847	0.0651	-32.92
YGR034W_mRNA	15901	499.4	41.3	12.0	3.02	38.28	0.9816	0.0811	-35.26
YGR035C_mRNA	25	441.5	41.96	15.0	2.64	39.32	1.0	0.093	-36.68
YGR035W-A_mRNA	129	527.7	44.62	17.0	4.25	40.37	1.0	0.104	-36.12
YGR036C_mRNA	104	506.0	106.71	94.0	10.88	95.83	1.0	0.3227	-84.94
YGR037C_mRNA	1519	452.2	77.41	78.0	3.12	74.29	0.9987	0.1685	-71.16
YGR038C-B_mRNA	445	1716.9	288.88	324.0	3.31	285.57	0.9865	0.177	-282.26
YGR038W_mRNA	124	618.8	55.52	71.5	3.81	51.71	0.9758	0.1094	-47.9
YGR039W_mRNA	54	419.1	58.94	68.0	3.57	55.37	0.9815	0.1367	-51.8
YGR040W_mRNA	105	688.1	51.86	58.0	5.33	46.52	0.9714	0.0976	-41.19
YGR041W_mRNA	66	629.6	51.41	62.5	3.89	47.52	0.9848	0.1192	-43.62
YGR042W_mRNA	86	537.6	48.74	55.5	1.88	46.86	0.9884	0.0988	-44.98
YGR043C_mRNA	37	627.6	86.62	71.0	13.49	73.14	1.0	0.1928	-59.65
YGR044C_mRNA	230	662.9	66.13	74.5	10.13	56.0	0.9957	0.1209	-45.87
YGR046W_mRNA	163	851.9	59.44	69.0	5.6	53.83	0.9877	0.0878	-48.23
YGR047C_mRNA	43	798.0	36.93	11.0	3.37	33.56	1.0	0.0695	-30.19
YGR048W_mRNA	83	752.5	48.81	28.0	2.89	45.92	0.988	0.0813	-43.02
YGR049W_mRNA	296	566.6	45.74	24.0	3.68	42.06	0.9932	0.0907	-38.38
YGR050C_mRNA	45	370.3	45.89	22.0	6.29	39.6	1.0	0.115	-33.31
YGR051C_mRNA	27	349.7	226.19	206.0	1.52	224.67	1.0	0.6589	-223.15
YGR052W_mRNA	39	540.9	56.51	29.0	7.95	48.56	1.0	0.1286	-40.62
YGR053C_mRNA	23	595.7	54.83	72.0	2.26	52.57	1.0	0.0967	-50.3
YGR054W_mRNA	203	711.6	51.59	23.0	2.26	49.33	0.9901	0.0997	-47.08
YGR055W_mRNA	430	771.1	54.84	69.0	2.44	52.41	1.0	0.1007	-49.97
YGR056W_mRNA	36	823.7	52.42	69.0	1.64	50.78	1.0	0.0906	-49.14
YGR057C_mRNA	190	729.2	60.23	74.5	4.01	56.22	0.9789	0.0964	-52.21
YGR058W_mRNA	54	601.2	49.17	30.5	6.13	43.04	1.0	0.0902	-36.91
YGR059W_mRNA	8	482.1	102.25	90.5	0.12	102.12	1.0	0.2761	-102.0
YGR060W_mRNA	1073	751.3	53.56	69.0	3.19	50.37	0.9897	0.0961	-47.18
YGR061C_mRNA	289	837.6	50.96	16.0	2.85	48.1	0.9619	0.0881	-45.25
YGR062C_mRNA	23	711.8	56.43	76.0	8.65	47.78	1.0	0.1107	-39.13
YGR063C_mRNA	188	400.8	44.03	16.0	1.52	42.51	0.9947	0.1059	-40.99
YGR064W_mRNA	231	429.9	43.54	14.0	1.55	41.99	0.9913	0.1042	-40.44
YGR065C_mRNA	86	710.2	48.1	62.0	1.76	46.35	0.9884	0.1019	-44.59
YGR066C_mRNA	9	644.3	148.67	129.0	7.11	141.56	1.0	0.2414	-134.44
YGR067C_mRNA	37	341.8	133.62	141.0	92.03	41.59	1.0	0.4707	50.43
YGR068C_mRNA	25	709.0	47.72	28.0	2.88	44.84	1.0	0.1159	-41.96
YGR069W_mRNA	25	315.3	158.32	170.0	93.04	65.28	1.0	0.4731	27.76
YGR070W_mRNA	100	741.2	44.87	26.5	1.64	43.23	0.97	0.0804	-41.59
YGR071C_mRNA	103	915.4	61.35	74.0	3.09	58.26	0.9903	0.1061	-55.17
YGR072W_mRNA	56	541.1	53.93	51.0	1.54	52.39	1.0	0.1149	-50.86
YGR073C_mRNA	111	637.0	61.74	73.0	2.93	58.81	1.0	0.1029	-55.88
YGR074W_mRNA	93	589.7	53.43	72.0	1.55	51.88	0.9785	0.1018	-50.33
YGR075C_mRNA	84	668.2	61.8	76.0	4.3	57.5	1.0	0.1032	-53.2
YGR076C_mRNA	87	491.4	36.66	10.0	1.97	34.69	0.977	0.0798	-32.72
YGR077C_mRNA	96	717.1	56.77	72.0	2.5	54.27	0.9792	0.1145	-51.77
YGR078C_mRNA	60	546.7	43.58	17.0	3.78	39.8	1.0	0.08	-36.02
YGR079W_mRNA	38	522.8	43.95	16.0	4.08	39.87	1.0	0.115	-35.79
YGR080W_mRNA	97	791.8	42.02	11.0	3.31	38.71	0.9897	0.0593	-35.4
YGR081C_mRNA	160	535.2	51.12	38.5	2.54	48.58	1.0	0.1096	-46.04
YGR082W_mRNA	329	569.5	56.83	71.0	3.5	53.33	1.0	0.1091	-49.84
YGR083C_mRNA	204	729.8	60.18	65.5	4.65	55.53	0.9804	0.1	-50.88
YGR084C_mRNA	112	613.5	81.88	83.0	5.08	76.8	1.0	0.1771	-71.72
YGR085C_mRNA	7434	547.8	50.99	27.0	2.05	48.94	0.9938	0.0976	-46.89
YGR086C_mRNA	288	700.4	45.68	18.5	2.49	43.19	0.9826	0.0771	-40.7
YGR087C_mRNA	16	415.3	100.75	81.5	55.12	45.62	1.0	0.3007	9.5
YGR088W_mRNA	128	445.9	59.19	58.5	15.7	43.48	1.0	0.2035	-27.78
YGR089W_mRNA	87	692.7	58.85	48.0	4.97	53.89	1.0	0.1185	-48.92
YGR090W_mRNA	254	702.5	48.81	19.5	3.16	45.65	0.9961	0.0955	-42.49
YGR091W_mRNA	60	720.1	54.4	20.0	3.38	51.02	1.0	0.1055	-47.63
YGR092W_mRNA	157	643.9	54.69	62.0	5.85	48.85	0.9809	0.1198	-43.0
YGR093W_mRNA	93	840.1	62.43	23.0	4.15	58.28	0.9892	0.1004	-54.13
YGR094W_mRNA	2537	698.4	46.26	21.0	2.24	44.02	0.9858	0.086	-41.78
YGR095C_mRNA	155	580.5	79.15	77.0	3.43	75.72	1.0	0.1474	-72.29
YGR096W_mRNA	53	540.6	65.36	51.0	22.23	43.13	1.0	0.1255	-20.91
YGR097W_mRNA	200	774.3	86.42	77.0	3.58	82.83	0.995	0.1508	-79.24
YGR098C_mRNA	76	756.1	79.68	77.5	2.63	77.05	1.0	0.149	-74.42
YGR099W_mRNA	73	801.5	47.52	21.0	2.82	44.7	1.0	0.0722	-41.88
YGR100W_mRNA	101	787.1	45.55	19.0	1.69	43.86	0.9901	0.0782	-42.17
YGR101W_mRNA	114	722.8	53.89	52.0	4.54	49.35	0.9825	0.0884	-44.82
YGR102C_mRNA	77	497.3	49.42	28.0	1.94	47.48	1.0	0.1116	-45.55
YGR103W_mRNA	978	560.3	44.13	13.0	2.85	41.28	0.9877	0.0939	-38.43
YGR104C_mRNA	58	636.1	61.14	72.0	2.97	58.17	0.9828	0.1192	-55.21
YGR105W_mRNA	839	437.3	44.1	15.0	3.11	40.99	0.9976	0.0955	-37.89
YGR106C_mRNA	1270	725.4	54.01	71.0	3.47	50.54	0.9976	0.0864	-47.07
YGR107W_mRNA	27	399.3	96.07	62.0	17.41	78.67	1.0	0.1868	-61.26
YGR108W_mRNA	114	844.2	56.97	66.5	1.81	55.17	0.9649	0.0851	-53.36
YGR109C_mRNA	25	741.0	67.92	76.0	2.52	65.4	1.0	0.1174	-62.88
YGR109W-B_mRNA	39	955.5	257.46	270.0	3.18	254.28	1.0	0.3736	-251.1
YGR110W_mRNA	30	498.8	227.0	199.0	154.67	72.33	1.0	0.4498	82.33
YGR111W_mRNA	128	746.2	48.7	17.0	4.16	44.55	0.9844	0.0944	-40.39
YGR112W_mRNA	39	851.9	93.77	73.0	4.79	88.97	1.0	0.11	-84.18
YGR113W_mRNA	44	512.3	74.2	72.0	2.34	71.86	1.0	0.1556	-69.52
YGR116W_mRNA	577	695.8	53.04	68.0	2.03	51.01	0.9861	0.0984	-48.98
YGR117C_mRNA	147	837.4	52.24	62.0	1.7	50.54	0.9796	0.0887	-48.84
YGR118W_mRNA	13985	559.6	43.04	13.0	1.95	41.09	0.9954	0.0784	-39.15
YGR119C_mRNA	255	709.3	51.6	68.0	2.29	49.31	0.9882	0.0976	-47.02
YGR120C_mRNA	149	520.3	47.2	60.0	3.53	43.67	0.9732	0.1054	-40.14
YGR121C_mRNA	185	617.6	56.51	68.0	6.22	50.3	0.9946	0.1271	-44.08
YGR121W-A_mRNA	23	383.7	85.7	76.0	5.87	79.83	1.0	0.2125	-73.96
YGR122C-A_mRNA	122	482.8	105.92	77.0	54.34	51.57	0.9918	0.192	2.77
YGR122W_mRNA	99	652.5	64.94	60.0	20.44	44.49	0.9899	0.1324	-24.05
YGR123C_mRNA	208	891.9	57.17	60.5	2.13	55.04	1.0	0.0884	-52.9
YGR124W_mRNA	1113	794.0	52.17	26.0	8.37	43.8	0.9946	0.0955	-35.43
YGR125W_mRNA	281	788.7	57.11	75.0	4.83	52.28	1.0	0.1077	-47.46
YGR126W_mRNA	5	518.4	208.0	199.0	65.6	142.4	1.0	0.3929	-76.8
YGR127W_mRNA	40	654.4	62.72	41.5	24.02	38.7	1.0	0.0972	-14.68
YGR128C_mRNA	274	808.4	45.13	15.0	2.19	42.94	0.9891	0.0792	-40.74
YGR129W_mRNA	93	515.7	49.9	15.0	2.9	47.0	0.9785	0.1018	-44.1
YGR130C_mRNA	78	747.8	90.82	74.5	5.44	85.38	1.0	0.1274	-79.95
YGR131W_mRNA	123	588.6	65.96	73.0	12.02	53.93	0.9756	0.1151	-41.91
YGR132C_mRNA	647	771.7	66.06	70.0	2.47	63.58	0.9985	0.1067	-61.11
YGR133W_mRNA	36	546.9	79.22	93.5	2.58	76.64	1.0	0.1538	-74.06
YGR134W_mRNA	43	704.2	63.77	77.0	7.79	55.98	1.0	0.1292	-48.19
YGR135W_mRNA	665	703.8	37.2	8.0	2.52	34.68	0.9669	0.0577	-32.16
YGR136W_mRNA	391	601.1	56.1	22.0	3.77	52.34	1.0	0.109	-48.57
YGR137W_mRNA	136	638.0	44.21	14.0	4.37	39.84	1.0	0.0834	-35.47
YGR138C_mRNA	511	703.3	75.97	77.0	4.36	71.61	0.9883	0.1568	-67.25
YGR139W_mRNA	20	535.7	313.2	151.0	261.8	51.4	1.0	0.4331	210.4
YGR140W_mRNA	51	612.5	69.53	74.0	19.43	50.1	0.9804	0.15	-30.67
YGR141W_mRNA	102	667.1	69.02	59.5	3.67	65.35	0.9902	0.1174	-61.69
YGR142W_mRNA	3247	486.7	41.59	14.0	1.98	39.61	0.9963	0.0921	-37.63
YGR143W_mRNA	144	750.7	48.83	30.0	3.23	45.6	0.9861	0.0826	-42.37
YGR144W_mRNA	12	481.2	114.75	103.5	19.67	95.08	1.0	0.3482	-75.42
YGR145W_mRNA	66	507.0	45.74	20.0	2.55	43.2	1.0	0.1162	-40.65
YGR146C-A_mRNA	27	395.9	65.11	68.0	3.04	62.07	1.0	0.1536	-59.04
YGR146C_mRNA	306	633.5	55.32	68.0	3.12	52.2	0.9869	0.1088	-49.08
YGR147C_mRNA	182	525.2	43.03	17.0	5.3	37.73	0.989	0.0951	-32.42
YGR148C_mRNA	4076	502.6	44.94	20.0	5.78	39.17	0.9865	0.0915	-33.39
YGR149W_mRNA	222	578.1	51.6	62.0	7.17	44.43	0.9865	0.1074	-37.26
YGR150C_mRNA	67	1185.7	68.28	79.0	5.9	62.39	1.0	0.0858	-56.49
YGR151C_mRNA	91	484.4	64.58	63.0	3.89	60.69	1.0	0.1577	-56.8
YGR152C_mRNA	53	594.0	49.53	20.0	8.32	41.21	1.0	0.09	-32.89
YGR153W_mRNA	55	480.2	54.51	13.0	1.78	52.73	1.0	0.0994	-50.95
YGR154C_mRNA	81	605.2	45.89	13.0	5.64	40.25	1.0	0.0888	-34.6
YGR155W_mRNA	1682	796.0	57.53	73.0	3.95	53.58	0.9863	0.1	-49.63
YGR156W_mRNA	108	567.0	54.44	66.5	6.29	48.15	0.9907	0.1267	-41.86
YGR157W_mRNA	647	910.9	47.63	31.0	2.69	44.94	0.9907	0.0792	-42.25
YGR158C_mRNA	134	519.7	53.3	34.5	2.8	50.5	0.9925	0.1269	-47.7
YGR159C_mRNA	1460	655.9	51.56	59.0	3.13	48.43	0.9952	0.1002	-45.3
YGR161C-C_mRNA	10	610.4	196.6	151.0	8.5	188.1	1.0	0.3303	-179.6
YGR161C-D_mRNA	691	1001.1	314.68	331.0	4.55	310.13	0.987	0.3421	-305.58
YGR161C_mRNA	585	634.8	89.17	81.0	4.1	85.07	1.0	0.1784	-80.97
YGR161W-A_mRNA	28	453.1	69.04	48.0	18.71	50.32	1.0	0.1679	-31.61
YGR161W-B_mRNA	304	1575.0	247.58	313.0	4.48	243.1	0.977	0.1549	-238.62
YGR161W-C_mRNA	256	495.9	55.77	70.0	10.8	44.97	0.9844	0.126	-34.17
YGR162W_mRNA	1196	753.7	54.23	70.0	2.57	51.66	0.9983	0.1	-49.09
YGR163W_mRNA	43	882.2	69.12	80.0	2.67	66.44	0.9767	0.0985	-63.77
YGR164W_mRNA	121	308.2	63.64	74.0	13.46	50.17	0.9917	0.2251	-36.71
YGR165W_mRNA	98	629.8	66.54	80.5	3.82	62.72	1.0	0.1449	-58.91
YGR166W_mRNA	137	737.7	49.88	61.0	1.54	48.34	1.0	0.0923	-46.8
YGR167W_mRNA	402	544.6	43.23	16.0	2.52	40.71	0.995	0.0917	-38.19
YGR168C_mRNA	142	735.1	48.27	62.5	2.39	45.87	0.9859	0.0725	-43.48
YGR169C-A_mRNA	325	500.6	44.17	14.0	3.06	41.11	0.9815	0.0946	-38.05
YGR169C_mRNA	33	550.8	47.82	14.0	0.64	47.18	0.9697	0.1313	-46.55
YGR170W_mRNA	113	576.8	49.26	27.0	2.04	47.22	0.9912	0.1049	-45.19
YGR171C_mRNA	41	565.1	60.93	18.0	19.85	41.07	1.0	0.1149	-21.22
YGR172C_mRNA	232	596.2	54.78	70.5	2.39	52.38	0.9914	0.1087	-49.99
YGR173W_mRNA	158	679.0	39.46	9.0	4.6	34.86	0.9494	0.0753	-30.26
YGR174C_mRNA	66	395.8	59.35	39.5	15.85	43.5	0.9697	0.1905	-27.65
YGR174W-A_mRNA	70	377.3	53.59	66.0	2.91	50.67	0.9571	0.1465	-47.76
YGR175C_mRNA	1082	895.5	57.02	71.0	2.67	54.35	0.9963	0.0833	-51.68
YGR177C_mRNA	89	649.9	57.73	74.0	2.58	55.15	0.9888	0.1186	-52.56
YGR178C_mRNA	280	754.6	51.96	25.0	6.89	45.07	0.9821	0.1076	-38.18
YGR179C_mRNA	33	522.5	39.85	8.0	8.27	31.58	1.0	0.0932	-23.3
YGR180C_mRNA	1553	751.8	47.58	29.0	3.67	43.9	0.9891	0.0861	-40.23
YGR181W_mRNA	225	474.9	52.64	67.0	3.34	49.3	1.0	0.1113	-45.96
YGR182C_mRNA	581	481.4	58.41	46.0	18.55	39.86	0.9966	0.1223	-21.31
YGR183C_mRNA	1063	539.9	55.09	72.0	2.98	52.1	0.9925	0.1026	-49.12
YGR184C_mRNA	126	860.1	55.56	17.5	8.25	47.32	0.9921	0.1102	-39.07
YGR185C_mRNA	829	779.0	40.46	12.0	2.42	38.05	0.9735	0.0688	-35.63
YGR186W_mRNA	253	589.4	42.16	13.0	1.94	40.21	0.996	0.0818	-38.27
YGR187C_mRNA	90	561.0	24.71	4.0	1.57	23.14	0.8667	0.0541	-21.58
YGR188C_mRNA	48	476.1	53.12	28.0	8.12	45.0	1.0	0.1328	-36.88
YGR189C_mRNA	955	677.4	45.89	35.0	3.07	42.82	0.9759	0.0954	-39.76
YGR190C_mRNA	215	538.8	51.4	29.0	2.77	48.63	0.9907	0.1445	-45.86
YGR191W_mRNA	140	638.5	41.23	14.0	5.35	35.88	0.9786	0.1051	-30.53
YGR192C_mRNA	36392	687.1	49.03	66.0	2.27	46.76	0.9957	0.0942	-44.49
YGR193C_mRNA	269	595.9	41.51	13.0	1.88	39.62	0.9108	0.0912	-37.74
YGR194C_mRNA	40	640.4	57.72	77.0	1.62	56.1	1.0	0.1209	-54.48
YGR195W_mRNA	146	605.1	49.78	34.5	4.97	44.82	1.0	0.0955	-39.85
YGR196C_mRNA	51	568.1	45.24	18.0	1.84	43.39	1.0	0.1046	-41.55
YGR197C_mRNA	99	600.1	56.15	72.0	4.62	51.54	0.9798	0.127	-46.92
YGR198W_mRNA	203	736.7	60.56	71.0	2.95	57.61	1.0	0.1206	-54.66
YGR199W_mRNA	124	766.3	51.93	65.0	3.33	48.6	0.9919	0.0995	-45.27
YGR200C_mRNA	196	727.6	49.62	60.0	5.32	44.3	0.9847	0.0996	-38.97
YGR201C_mRNA	60	561.6	44.13	21.0	2.12	42.02	1.0	0.0857	-39.9
YGR202C_mRNA	123	861.6	56.56	13.0	3.55	53.01	0.9919	0.0718	-49.46
YGR203W_mRNA	102	496.0	46.52	31.0	1.64	44.88	0.9902	0.1034	-43.25
YGR204C-A_mRNA	27	652.0	87.41	14.0	1.11	86.3	1.0	0.2089	-85.19
YGR204W_mRNA	615	816.5	47.95	63.0	2.9	45.06	0.9886	0.0901	-42.16
YGR205W_mRNA	26	622.7	59.19	72.0	2.96	56.23	1.0	0.1337	-53.27
YGR206W_mRNA	95	403.7	44.36	19.0	2.46	41.89	1.0	0.1074	-39.43
YGR207C_mRNA	320	569.1	44.13	14.0	2.11	42.02	0.9969	0.0867	-39.91
YGR208W_mRNA	146	518.7	44.81	20.5	3.53	41.27	0.9795	0.1133	-37.74
YGR209C_mRNA	2261	459.0	47.98	54.0	2.52	45.45	0.996	0.1014	-42.93
YGR210C_mRNA	256	625.4	47.83	18.0	2.06	45.77	0.9922	0.0937	-43.71
YGR211W_mRNA	1425	855.6	44.98	16.0	3.24	41.74	0.9916	0.077	-38.49
YGR212W_mRNA	39	541.0	94.03	89.0	30.74	63.28	1.0	0.1911	-32.54
YGR213C_mRNA	67	691.4	122.78	99.0	18.42	104.36	1.0	0.1982	-85.94
YGR214W_mRNA	2143	592.1	39.55	12.0	3.19	36.36	0.9865	0.0761	-33.17
YGR215W_mRNA	205	457.0	36.31	9.0	2.28	34.03	0.9805	0.0788	-31.75
YGR216C_mRNA	111	844.3	56.02	73.0	4.58	51.44	1.0	0.0907	-46.86
YGR217W_mRNA	51	700.2	52.67	19.0	9.35	43.31	1.0	0.125	-33.96
YGR218W_mRNA	340	883.9	45.06	17.0	2.17	42.89	0.9882	0.0684	-40.72
YGR220C_mRNA	286	516.9	44.31	17.5	2.62	41.69	0.986	0.1013	-39.07
YGR221C_mRNA	52	641.4	53.63	69.0	2.58	51.06	1.0	0.0995	-48.48
YGR222W_mRNA	233	506.1	50.64	32.0	2.21	48.43	1.0	0.1331	-46.23
YGR223C_mRNA	63	616.8	40.7	13.0	9.17	31.52	1.0	0.0817	-22.35
YGR224W_mRNA	13	1037.8	228.08	207.0	32.08	196.0	1.0	0.2773	-163.92
YGR225W_mRNA	6	670.3	92.83	78.5	45.67	47.17	0.8333	0.2025	-1.5
YGR227W_mRNA	61	701.4	62.59	70.0	2.21	60.38	1.0	0.1241	-58.16
YGR229C_mRNA	282	629.0	54.98	69.0	3.09	51.89	0.9929	0.1191	-48.8
YGR230W_mRNA	117	511.2	48.57	62.0	1.5	47.07	1.0	0.1015	-45.56
YGR231C_mRNA	299	612.6	43.57	14.0	2.24	41.33	1.0	0.0831	-39.09
YGR232W_mRNA	225	612.8	47.15	17.0	5.0	42.15	0.9956	0.0868	-37.14
YGR233C_mRNA	254	778.7	53.96	65.5	4.24	49.72	0.9843	0.1002	-45.48
YGR234W_mRNA	6503	841.4	52.44	68.0	3.0	49.45	0.9962	0.0806	-46.45
YGR235C_mRNA	282	535.1	54.86	51.0	3.55	51.31	1.0	0.1293	-47.76
YGR236C_mRNA	21	442.9	60.24	13.0	17.19	43.05	1.0	0.1175	-25.86
YGR237C_mRNA	103	712.6	56.72	68.0	3.15	53.57	1.0	0.1051	-50.43
YGR238C_mRNA	44	690.1	50.57	63.5	2.98	47.59	1.0	0.0989	-44.61
YGR239C_mRNA	176	392.4	56.54	15.5	2.43	54.11	0.9943	0.1269	-51.68
YGR240C-A_mRNA	103	458.2	253.66	260.0	199.78	53.88	1.0	0.5213	145.89
YGR240C_mRNA	1037	960.7	54.81	70.0	4.43	50.38	0.9894	0.0886	-45.95
YGR241C_mRNA	91	756.5	67.4	75.0	16.9	50.49	0.989	0.1262	-33.59
YGR243W_mRNA	123	589.4	58.43	73.0	3.78	54.65	1.0	0.1039	-50.87
YGR244C_mRNA	214	738.2	53.17	38.0	3.32	49.86	0.9766	0.1001	-46.54
YGR245C_mRNA	234	466.2	38.46	11.0	1.59	36.88	0.9744	0.0933	-35.29
YGR246C_mRNA	75	580.7	48.39	16.0	2.67	45.72	0.9733	0.1002	-43.05
YGR247W_mRNA	32	480.3	54.94	29.5	13.66	41.28	0.9688	0.1448	-27.62
YGR248W_mRNA	48	716.6	127.58	84.0	47.73	79.85	1.0	0.1833	-32.12
YGR249W_mRNA	67	601.7	99.0	74.0	11.78	87.22	1.0	0.1791	-75.45
YGR250C_mRNA	577	1008.4	60.66	73.0	5.15	55.51	0.9948	0.0869	-50.36
YGR251W_mRNA	148	507.6	53.17	70.0	3.3	49.86	0.973	0.114	-46.56
YGR252W_mRNA	76	950.1	64.57	73.5	2.2	62.37	1.0	0.09	-60.17
YGR253C_mRNA	488	657.7	47.61	20.0	3.42	44.19	0.9754	0.0796	-40.77
YGR254W_mRNA	5675	755.5	45.14	18.0	2.3	42.84	0.9803	0.0823	-40.55
YGR255C_mRNA	112	665.4	40.29	12.0	2.94	37.36	0.9821	0.0964	-34.42
YGR256W_mRNA	24	649.1	76.83	80.5	11.08	65.75	1.0	0.1478	-54.67
YGR257C_mRNA	145	681.6	48.97	14.0	3.72	45.25	1.0	0.0801	-41.53
YGR258C_mRNA	93	750.8	41.37	17.0	3.01	38.35	1.0	0.0755	-35.34
YGR259C_mRNA	9	459.6	69.11	17.0	44.44	24.67	0.7778	0.1884	19.78
YGR260W_mRNA	323	919.0	56.64	73.0	3.29	53.35	1.0	0.0822	-50.06
YGR261C_mRNA	164	727.3	43.91	14.5	1.73	42.18	0.9695	0.0829	-40.45
YGR262C_mRNA	64	623.9	43.09	10.5	12.88	30.22	0.9844	0.0731	-17.34
YGR263C_mRNA	48	575.4	58.0	72.5	1.44	56.56	1.0	0.123	-55.12
YGR264C_mRNA	932	865.6	54.52	58.0	2.95	51.57	0.9914	0.0924	-48.63
YGR266W_mRNA	100	831.4	56.21	60.5	6.01	50.2	1.0	0.1033	-44.19
YGR267C_mRNA	720	623.9	43.4	16.0	2.78	40.63	0.9917	0.078	-37.85
YGR268C_mRNA	32	626.7	45.62	26.5	3.31	42.31	1.0	0.0887	-39.0
YGR270W_mRNA	124	631.9	46.66	19.5	4.56	42.1	1.0	0.0983	-37.53
YGR271C-A_mRNA	337	672.5	38.27	12.0	2.57	35.7	0.9733	0.0587	-33.13
YGR271W_mRNA	127	706.3	55.92	68.0	2.18	53.74	0.9764	0.1056	-51.56
YGR274C_mRNA	77	634.3	66.94	28.0	2.4	64.53	0.974	0.1203	-62.13
YGR275W_mRNA	116	509.7	42.99	22.5	3.14	39.85	1.0	0.0881	-36.72
YGR276C_mRNA	133	903.9	46.9	24.0	1.35	45.56	0.985	0.0686	-44.21
YGR277C_mRNA	55	761.3	52.13	13.0	15.87	36.25	0.9455	0.0632	-20.38
YGR278W_mRNA	31	744.0	35.23	9.0	3.1	32.13	0.871	0.0842	-29.03
YGR279C_mRNA	876	705.5	58.02	76.0	2.77	55.25	0.9989	0.11	-52.48
YGR280C_mRNA	77	363.4	50.68	12.0	3.53	47.14	1.0	0.1339	-43.61
YGR281W_mRNA	265	736.2	54.15	62.0	2.13	52.02	0.9887	0.0945	-49.89
YGR282C_mRNA	2584	734.7	56.88	73.0	3.19	53.69	0.9911	0.0963	-50.51
YGR283C_mRNA	232	545.1	50.15	63.0	3.97	46.18	1.0	0.1044	-42.2
YGR284C_mRNA	696	822.1	56.16	71.0	4.22	51.94	0.9957	0.0841	-47.73
YGR285C_mRNA	599	597.3	44.63	17.0	1.65	42.97	0.995	0.1036	-41.32
YGR286C_mRNA	235	756.2	43.63	14.0	2.63	41.0	0.9915	0.0724	-38.36
YGR287C_mRNA	31	689.4	100.55	72.0	34.45	66.1	1.0	0.2085	-31.65
YGR288W_mRNA	51	615.1	60.82	74.0	2.14	58.69	1.0	0.1304	-56.55
YGR289C_mRNA	35	678.1	56.94	22.0	17.74	39.2	0.9714	0.1183	-21.46
YGR292W_mRNA	21	472.2	66.9	75.0	1.1	65.81	1.0	0.1583	-64.71
YGR295C_mRNA	248	594.9	51.53	61.5	1.64	49.89	0.996	0.1067	-48.25
YGR296W_mRNA	69	629.9	53.91	22.0	4.67	49.25	1.0	0.1083	-44.58
YHL001W_mRNA	2027	484.7	48.16	20.0	3.52	44.64	0.997	0.1006	-41.11
YHL002C-A_mRNA	302	319.3	116.12	112.0	77.29	38.83	1.0	0.3472	38.45
YHL002W_mRNA	85	767.0	54.71	70.0	2.06	52.65	1.0	0.0935	-50.59
YHL003C_mRNA	427	856.0	53.87	70.0	3.31	50.56	0.993	0.0845	-47.25
YHL004W_mRNA	74	676.6	49.07	32.5	3.08	45.99	0.9865	0.1122	-42.91
YHL005C_mRNA	13	502.4	73.46	73.0	14.0	59.46	1.0	0.156	-45.46
YHL006C_mRNA	28	477.8	49.18	14.5	2.82	46.36	1.0	0.106	-43.54
YHL007C_mRNA	84	733.8	75.77	75.0	1.68	74.1	1.0	0.135	-72.42
YHL008C_mRNA	25	394.6	96.0	73.0	31.08	64.92	1.0	0.2485	-33.84
YHL009C_mRNA	47	671.5	72.06	75.0	4.17	67.89	1.0	0.1235	-63.72
YHL009W-B_mRNA	16	1311.9	302.44	420.5	2.25	300.19	1.0	0.2223	-297.94
YHL010C_mRNA	19	623.9	114.47	99.0	3.37	111.11	1.0	0.2285	-107.74
YHL011C_mRNA	722	700.2	50.39	62.5	3.6	46.8	0.9986	0.0867	-43.2
YHL012W_mRNA	20	738.4	195.85	119.5	70.6	125.25	1.0	0.2341	-54.65
YHL013C_mRNA	130	609.1	45.41	36.0	2.22	43.18	0.9846	0.0934	-40.96
YHL014C_mRNA	64	680.6	64.94	74.5	6.53	58.41	1.0	0.1115	-51.88
YHL015W_mRNA	22113	584.2	49.97	31.0	2.34	47.63	0.9975	0.0926	-45.29
YHL016C_mRNA	59	591.9	234.02	179.0	191.27	42.75	0.9831	0.3423	148.53
YHL017W_mRNA	67	839.5	75.54	80.0	3.79	71.75	0.9851	0.1246	-67.96
YHL019C_mRNA	34	724.5	51.74	72.0	1.29	50.44	1.0	0.0854	-49.15
YHL020C_mRNA	55	646.4	51.87	67.0	2.16	49.71	0.9818	0.101	-47.55
YHL021C_mRNA	331	841.4	54.89	70.0	4.42	50.47	0.994	0.091	-46.05
YHL022C_mRNA	31	566.7	145.48	130.0	10.9	134.58	0.9677	0.277	-123.68
YHL023C_mRNA	82	513.1	49.87	53.0	3.72	46.15	0.9756	0.1188	-42.43
YHL024W_mRNA	49	535.3	72.59	70.0	5.8	66.8	1.0	0.1605	-61.0
YHL025W_mRNA	111	580.8	44.89	19.0	2.95	41.95	0.991	0.1	-39.0
YHL026C_mRNA	12	540.5	33.83	13.5	1.42	32.42	1.0	0.0887	-31.0
YHL027W_mRNA	161	547.9	48.63	66.0	2.3	46.32	1.0	0.1144	-44.02
YHL028W_mRNA	13	549.5	67.08	60.0	27.62	39.46	1.0	0.1337	-11.85
YHL029C_mRNA	121	868.5	59.15	70.0	2.09	57.06	1.0	0.0855	-54.97
YHL030W_mRNA	183	859.8	48.47	19.0	7.49	40.98	1.0	0.0778	-33.5
YHL031C_mRNA	133	497.0	48.02	35.0	4.22	43.8	1.0	0.1087	-39.59
YHL032C_mRNA	52	681.9	60.31	67.0	3.96	56.35	1.0	0.1236	-52.38
YHL033C_mRNA	2097	624.8	44.49	15.0	2.76	41.73	0.9895	0.0857	-38.97
YHL034C_mRNA	523	515.6	37.23	11.0	2.18	35.05	0.9771	0.0775	-32.87
YHL035C_mRNA	49	649.2	135.73	151.0	12.08	123.65	1.0	0.2682	-111.57
YHL036W_mRNA	48	561.0	62.42	50.0	11.42	51.0	1.0	0.1642	-39.58
YHL038C_mRNA	87	626.0	44.05	12.0	1.78	42.26	0.9885	0.0852	-40.48
YHL039W_mRNA	235	665.9	38.28	15.0	1.86	36.42	0.9915	0.0709	-34.55
YHL040C_mRNA	35	559.4	60.51	68.0	14.46	46.06	1.0	0.1331	-31.6
YHL042W_mRNA	28	566.1	161.36	95.5	1.14	160.21	1.0	0.2484	-159.07
YHL043W_mRNA	26	616.8	180.5	178.5	6.69	173.81	1.0	0.3261	-167.12
YHL044W_mRNA	22	692.1	45.73	41.0	1.41	44.32	1.0	0.0718	-42.91
YHL047C_mRNA	29	885.7	139.76	87.0	27.07	112.69	1.0	0.2036	-85.62
YHL048W_mRNA	161	737.0	95.62	88.0	8.81	86.81	1.0	0.1423	-78.01
YHL050C_mRNA	48	557.0	38.73	16.0	2.67	36.06	1.0	0.0741	-33.4
YHR001W-A_mRNA	572	481.3	56.23	70.0	8.13	48.1	0.9965	0.1128	-39.96
YHR001W_mRNA	139	631.3	52.59	26.0	2.91	49.68	0.9856	0.1041	-46.78
YHR002W_mRNA	28	637.1	41.82	16.5	2.61	39.21	1.0	0.0964	-36.61
YHR003C_mRNA	245	646.2	42.46	10.0	2.88	39.58	0.9878	0.0823	-36.69
YHR004C_mRNA	121	769.3	53.98	50.0	8.5	45.48	1.0	0.1149	-36.98
YHR005C-A_mRNA	2446	454.6	50.09	41.0	3.2	46.89	0.9988	0.107	-43.69
YHR005C_mRNA	178	700.1	51.33	35.0	1.39	49.94	0.9719	0.0932	-48.56
YHR006W_mRNA	205	582.8	57.08	68.0	3.82	53.25	0.9805	0.118	-49.43
YHR007C-A_mRNA	169	657.2	43.5	17.0	3.52	39.98	1.0	0.0763	-36.46
YHR007C_mRNA	1748	813.3	43.77	18.0	3.15	40.62	0.9926	0.0842	-37.47
YHR008C_mRNA	131	699.4	49.37	19.0	3.76	45.6	1.0	0.0778	-41.84
YHR009C_mRNA	159	701.8	52.73	34.0	5.33	47.4	0.9937	0.1058	-42.08
YHR010W_mRNA	18239	521.1	42.82	15.0	2.86	39.96	0.9672	0.0817	-37.1
YHR011W_mRNA	29	566.0	43.62	23.0	7.52	36.1	1.0	0.1039	-28.59
YHR012W_mRNA	192	715.2	46.32	17.0	7.07	39.25	0.9844	0.0733	-32.18
YHR013C_mRNA	263	524.6	42.83	16.0	2.33	40.5	0.9848	0.0929	-38.17
YHR015W_mRNA	55	523.2	63.36	71.0	9.45	53.91	1.0	0.179	-44.45
YHR016C_mRNA	84	571.7	54.26	36.0	8.75	45.51	1.0	0.1198	-36.76
YHR017W_mRNA	88	591.5	61.88	72.0	11.78	50.09	0.9886	0.136	-38.31
YHR018C_mRNA	1354	675.7	46.22	22.0	2.16	44.05	0.997	0.0909	-41.89
YHR019C_mRNA	948	791.3	48.7	56.0	2.89	45.81	0.9789	0.0845	-42.92
YHR020W_mRNA	1017	849.3	48.17	24.0	2.48	45.69	0.9567	0.0835	-43.2
YHR021C_mRNA	14772	382.4	52.63	67.0	3.25	49.38	0.9884	0.1307	-46.13
YHR022C-A_mRNA	26	553.4	86.08	83.0	0.96	85.12	1.0	0.1743	-84.15
YHR022C_mRNA	19	591.4	37.79	14.0	2.68	35.11	1.0	0.0854	-32.42
YHR023W_mRNA	112	667.3	46.29	14.0	1.98	44.31	0.9821	0.0819	-42.33
YHR024C_mRNA	122	537.8	41.56	16.0	2.73	38.83	0.9754	0.0987	-36.1
YHR025W_mRNA	608	714.4	50.4	64.0	3.3	47.1	0.9951	0.095	-43.81
YHR026W_mRNA	463	647.7	48.17	32.0	2.52	45.64	0.9935	0.0885	-43.12
YHR027C_mRNA	481	711.3	47.43	22.0	3.3	44.13	0.9917	0.0775	-40.83
YHR028C_mRNA	311	805.9	45.22	18.0	3.06	42.16	0.9968	0.0844	-39.1
YHR028W-A_mRNA	5	300.0	22.6	11.0	1.0	21.6	1.0	0.1363	-20.6
YHR029C_mRNA	372	688.0	47.57	26.0	2.05	45.53	0.9919	0.0838	-43.48
YHR030C_mRNA	358	846.6	41.86	14.0	1.84	40.01	0.9888	0.0672	-38.17
YHR031C_mRNA	57	538.2	43.84	16.0	1.82	42.02	1.0	0.1133	-40.19
YHR032W-A_mRNA	69	666.9	60.36	77.0	3.26	57.1	1.0	0.1001	-53.84
YHR032W_mRNA	47	942.6	53.17	62.0	1.72	51.45	1.0	0.0846	-49.72
YHR033W_mRNA	24	478.7	73.75	75.0	11.5	62.25	1.0	0.1743	-50.75
YHR034C_mRNA	27	505.1	49.44	37.0	2.74	46.7	1.0	0.1133	-43.96
YHR035W_mRNA	24	990.5	80.71	85.0	13.96	66.75	1.0	0.0916	-52.79
YHR036W_mRNA	44	609.8	42.32	15.5	1.2	41.11	0.9773	0.0934	-39.91
YHR037W_mRNA	207	678.5	44.65	23.0	1.6	43.05	0.9952	0.0947	-41.45
YHR038W_mRNA	71	504.7	47.99	19.0	2.85	45.14	1.0	0.1161	-42.3
YHR039C-A_mRNA	1348	397.6	44.42	17.0	3.09	41.33	0.9963	0.1107	-38.24
YHR039C_mRNA	533	734.8	55.32	73.0	4.67	50.65	0.9962	0.1006	-45.98
YHR040W_mRNA	14	633.6	46.5	19.5	1.29	45.21	1.0	0.1084	-43.93
YHR041C_mRNA	61	553.9	80.61	70.0	9.15	71.46	1.0	0.1451	-62.31
YHR042W_mRNA	561	672.4	47.34	21.0	3.09	44.25	0.9929	0.0937	-41.17
YHR043C_mRNA	116	662.6	47.83	18.0	3.09	44.74	1.0	0.0842	-41.66
YHR044C_mRNA	49	619.2	56.39	73.0	1.49	54.9	1.0	0.1044	-53.41
YHR045W_mRNA	113	1029.9	55.74	57.0	3.07	52.67	0.9912	0.0681	-49.6
YHR046C_mRNA	97	698.7	66.38	75.0	2.53	63.86	0.9897	0.1187	-61.33
YHR047C_mRNA	345	792.2	45.38	13.0	2.84	42.54	1.0	0.0841	-39.7
YHR048W_mRNA	34	560.4	137.21	76.5	94.15	43.06	1.0	0.2397	51.09
YHR049W_mRNA	711	632.5	44.05	16.0	2.18	41.86	0.9972	0.086	-39.68
YHR050W-A_mRNA	506	642.7	45.92	18.0	3.11	42.81	0.996	0.0798	-39.7
YHR050W_mRNA	94	908.4	46.95	59.5	2.72	44.22	0.9681	0.0743	-41.5
YHR051W_mRNA	569	670.7	45.55	21.0	2.65	42.91	0.9947	0.0783	-40.26
YHR052W-A_mRNA	572	381.8	64.78	77.0	3.54	61.24	0.9458	0.1611	-57.7
YHR052W_mRNA	646	754.7	42.45	13.0	2.06	40.39	0.9969	0.0728	-38.33
YHR054C_mRNA	349	655.8	59.7	19.0	15.35	44.34	1.0	0.0996	-28.99
YHR054W-A_mRNA	58098	428.3	49.76	68.0	2.35	47.41	0.9893	0.1125	-45.06
YHR056C_mRNA	367	688.6	49.23	64.0	2.63	46.6	0.9918	0.0988	-43.98
YHR056W-A_mRNA	21	229.9	44.05	33.0	4.29	39.76	1.0	0.1808	-35.48
YHR057C_mRNA	114	554.8	62.9	70.5	3.35	59.55	0.9912	0.1216	-56.2
YHR058C_mRNA	21	706.8	54.48	71.0	1.71	52.76	1.0	0.1097	-51.05
YHR059W_mRNA	87	469.7	52.17	70.0	3.57	48.6	1.0	0.1201	-45.02
YHR060W_mRNA	222	506.6	43.82	12.0	3.44	40.38	0.9955	0.0864	-36.94
YHR061C_mRNA	33	692.8	78.55	69.0	12.21	66.33	1.0	0.1622	-54.12
YHR062C_mRNA	90	625.7	45.86	20.5	1.51	44.34	0.9778	0.0957	-42.83
YHR063C_mRNA	574	845.2	50.56	49.5	4.31	46.25	0.9983	0.0715	-41.94
YHR063W-A_mRNA	21	281.1	40.52	17.0	1.14	39.38	0.9524	0.1309	-38.24
YHR064C_mRNA	1502	812.9	47.7	18.0	2.41	45.29	0.9734	0.0765	-42.88
YHR065C_mRNA	72	761.5	37.11	12.0	2.99	34.12	0.9722	0.0693	-31.14
YHR066W_mRNA	29	761.2	48.48	26.0	6.45	42.03	0.9655	0.0786	-35.59
YHR067W_mRNA	75	616.8	49.0	69.0	1.72	47.28	1.0	0.0957	-45.56
YHR068W_mRNA	548	838.8	43.91	16.0	2.17	41.74	0.9599	0.0696	-39.57
YHR069C_mRNA	203	683.6	52.28	71.0	2.13	50.14	0.9951	0.1042	-48.01
YHR070W_mRNA	62	781.5	47.03	15.0	5.52	41.52	1.0	0.0659	-36.0
YHR071C-A_mRNA	19	449.2	102.53	79.0	35.37	67.16	1.0	0.1961	-31.79
YHR071W_mRNA	444	634.9	48.08	21.0	2.25	45.83	0.9887	0.0889	-43.57
YHR072W-A_mRNA	3493	376.2	44.19	20.0	7.37	36.82	0.9969	0.1111	-29.46
YHR072W_mRNA	303	659.2	48.62	65.0	3.96	44.66	0.9802	0.1048	-40.71
YHR073C-B_mRNA	17	291.5	53.88	75.0	3.71	50.18	1.0	0.1787	-46.47
YHR073W_mRNA	107	797.1	54.4	42.0	3.22	51.18	1.0	0.0911	-47.95
YHR074W_mRNA	278	814.1	48.76	30.5	2.92	45.84	0.9964	0.0841	-42.92
YHR075C_mRNA	38	489.0	44.45	41.5	0.89	43.55	0.9737	0.1044	-42.66
YHR076W_mRNA	185	640.1	62.43	31.0	9.67	52.76	0.9892	0.1106	-43.09
YHR077C_mRNA	128	474.8	51.25	16.0	2.59	48.66	0.9922	0.1132	-46.08
YHR078W_mRNA	100	684.8	55.73	33.5	2.29	53.44	0.97	0.1112	-51.15
YHR079C_mRNA	76	823.9	60.08	75.5	3.3	56.78	1.0	0.11	-53.47
YHR080C_mRNA	66	710.1	74.8	85.5	3.52	71.29	1.0	0.1651	-67.77
YHR081W_mRNA	163	588.9	69.92	72.0	6.4	63.52	0.9877	0.1271	-57.12
YHR082C_mRNA	389	745.0	59.01	74.0	2.43	56.58	0.9871	0.1311	-54.15
YHR083W_mRNA	116	632.0	49.56	13.5	9.52	40.04	1.0	0.0904	-30.53
YHR084W_mRNA	123	597.3	47.98	26.0	3.11	44.87	0.9919	0.1281	-41.76
YHR085W_mRNA	81	636.0	50.14	18.0	1.52	48.62	0.963	0.0911	-47.1
YHR086W_mRNA	69	870.0	57.71	74.0	2.65	55.06	1.0	0.0939	-52.41
YHR087W_mRNA	414	481.2	44.78	18.0	2.62	42.15	0.9976	0.1005	-39.53
YHR088W_mRNA	190	596.3	36.6	10.0	1.63	34.97	0.9895	0.0737	-33.35
YHR089C_mRNA	524	467.8	43.22	13.0	2.97	40.25	0.9752	0.1121	-37.28
YHR090C_mRNA	56	587.1	51.79	68.5	3.55	48.23	1.0	0.1097	-44.68
YHR091C_mRNA	55	744.5	95.95	76.0	2.07	93.87	1.0	0.1738	-91.8
YHR092C_mRNA	1137	833.1	56.31	71.0	7.78	48.53	0.9877	0.1033	-40.75
YHR094C_mRNA	192	656.6	64.26	77.0	9.4	54.86	0.9948	0.1364	-45.46
YHR096C_mRNA	26	532.0	106.92	89.5	23.77	83.15	1.0	0.2397	-59.38
YHR097C_mRNA	147	777.0	48.96	18.0	4.32	44.64	0.9864	0.0811	-40.32
YHR098C_mRNA	312	696.9	53.82	70.0	2.13	51.69	0.9936	0.1083	-49.56
YHR099W_mRNA	143	806.4	40.63	12.0	1.76	38.87	1.0	0.0723	-37.1
YHR100C_mRNA	106	474.5	43.81	19.5	2.48	41.33	0.9906	0.0984	-38.85
YHR101C_mRNA	52	530.8	53.0	64.5	5.06	47.94	0.9808	0.1218	-42.88
YHR102W_mRNA	70	592.4	52.61	46.0	5.9	46.71	1.0	0.1228	-40.81
YHR103W_mRNA	215	807.1	55.71	34.0	2.71	53.0	0.9907	0.0928	-50.3
YHR104W_mRNA	259	743.4	49.45	42.0	3.1	46.35	0.9884	0.0904	-43.25
YHR106W_mRNA	94	664.0	68.35	75.5	1.99	66.36	1.0	0.1374	-64.37
YHR107C_mRNA	291	619.8	43.71	22.0	1.87	41.84	0.9897	0.0862	-39.97
YHR108W_mRNA	285	848.6	54.35	71.0	4.06	50.29	0.9895	0.0917	-46.23
YHR109W_mRNA	24	560.4	74.29	74.5	4.29	70.0	0.9583	0.1758	-65.71
YHR110W_mRNA	167	557.1	50.95	16.0	8.07	42.88	0.994	0.1012	-34.81
YHR111W_mRNA	145	676.9	52.91	41.0	5.74	47.17	0.9931	0.0925	-41.43
YHR112C_mRNA	61	691.4	53.85	66.0	4.97	48.89	0.9836	0.1066	-43.92
YHR113W_mRNA	190	810.2	47.89	19.0	1.27	46.63	0.9895	0.0832	-45.36
YHR114W_mRNA	52	779.4	64.71	70.5	12.52	52.19	1.0	0.129	-39.67
YHR115C_mRNA	125	652.7	52.58	64.0	2.5	50.08	0.992	0.1049	-47.58
YHR116W_mRNA	8	526.5	36.5	14.0	3.5	33.0	1.0	0.0862	-29.5
YHR117W_mRNA	165	694.0	49.74	55.0	2.04	47.7	0.9818	0.0982	-45.67
YHR118C_mRNA	51	747.6	52.57	56.0	2.57	50.0	0.9804	0.0811	-47.43
YHR119W_mRNA	84	699.8	48.26	16.0	3.85	44.42	0.9881	0.1078	-40.57
YHR120W_mRNA	79	734.8	56.47	71.0	2.56	53.91	0.962	0.1015	-51.35
YHR121W_mRNA	492	630.3	43.75	15.0	2.07	41.68	0.9919	0.0724	-39.61
YHR122W_mRNA	200	589.6	48.3	25.0	3.1	45.2	0.995	0.0947	-42.1
YHR123W_mRNA	112	690.8	50.35	30.0	6.42	43.93	1.0	0.0961	-37.51
YHR124W_mRNA	97	431.5	58.33	32.0	2.68	55.65	0.9897	0.1379	-52.97
YHR127W_mRNA	108	647.8	52.96	65.0	4.03	48.94	0.9907	0.0952	-44.91
YHR128W_mRNA	1039	662.7	48.12	57.0	2.18	45.94	0.9731	0.0922	-43.76
YHR129C_mRNA	37	638.4	73.92	11.0	1.62	72.3	0.973	0.1094	-70.68
YHR130C_mRNA	39	454.2	182.44	89.0	124.56	57.87	1.0	0.3648	66.69
YHR131C_mRNA	14	572.7	74.14	79.5	9.5	64.64	1.0	0.1938	-55.14
YHR131W-A_mRNA	22	311.2	35.14	11.5	1.05	34.09	1.0	0.1118	-33.05
YHR132C_mRNA	170	750.4	47.6	18.5	1.79	45.81	0.9941	0.0827	-44.02
YHR132W-A_mRNA	414	544.3	56.57	68.0	1.77	54.8	0.9952	0.1024	-53.04
YHR133C_mRNA	285	677.8	64.63	74.0	8.55	56.08	0.9965	0.1163	-47.53
YHR134W_mRNA	139	499.3	49.96	13.0	8.52	41.45	0.9496	0.0918	-32.93
YHR135C_mRNA	154	771.6	58.31	73.5	4.52	53.79	0.9805	0.0993	-49.27
YHR136C_mRNA	775	433.9	44.32	16.0	2.15	42.17	0.9948	0.1003	-40.01
YHR137W_mRNA	628	664.9	42.38	13.5	2.55	39.83	0.9857	0.0836	-37.28
YHR138C_mRNA	738	457.8	58.07	44.5	2.32	55.75	0.9986	0.1249	-53.43
YHR139C-A_mRNA	7	485.4	194.0	175.0	69.0	125.0	1.0	0.3814	-56.0
YHR139C_mRNA	12	529.9	81.17	87.0	2.83	78.33	1.0	0.1913	-75.5
YHR140W_mRNA	36	481.7	86.56	85.0	34.14	52.42	0.9722	0.2199	-18.28
YHR141C_mRNA	10870	438.2	42.54	13.0	3.75	38.79	0.9951	0.0918	-35.04
YHR142W_mRNA	140	589.8	48.21	65.0	3.86	44.35	0.9714	0.0945	-40.49
YHR143W-A_mRNA	986	444.2	39.71	12.0	2.26	37.46	0.9888	0.0892	-35.2
YHR143W_mRNA	398	723.8	89.17	80.0	26.11	63.06	0.995	0.1718	-36.94
YHR144C_mRNA	99	781.9	46.03	25.0	2.81	43.22	0.9596	0.0782	-40.41
YHR145C_mRNA	12	274.2	147.92	128.0	108.0	39.92	1.0	0.3899	68.08
YHR146W_mRNA	204	709.1	102.12	92.5	7.82	94.3	0.9608	0.189	-86.48
YHR147C_mRNA	216	640.8	62.85	70.5	12.04	50.81	0.9954	0.1128	-38.77
YHR148W_mRNA	304	621.8	57.25	75.0	2.98	54.27	0.9934	0.105	-51.29
YHR149C_mRNA	97	678.9	52.89	75.0	1.98	50.91	0.9897	0.1095	-48.93
YHR150W_mRNA	40	709.9	47.3	11.0	11.25	36.05	0.925	0.0812	-24.8
YHR151C_mRNA	39	719.3	58.95	75.0	2.62	56.33	0.9744	0.1171	-53.72
YHR152W_mRNA	120	512.3	44.77	19.0	1.61	43.16	0.9917	0.1001	-41.55
YHR153C_mRNA	57	397.3	47.88	20.0	5.02	42.86	1.0	0.1316	-37.84
YHR154W_mRNA	163	705.0	66.01	74.0	16.82	49.2	1.0	0.1212	-32.38
YHR155W_mRNA	53	889.8	49.62	19.0	2.32	47.3	0.9811	0.0943	-44.98
YHR156C_mRNA	243	457.8	49.36	60.0	2.44	46.91	0.9959	0.1328	-44.47
YHR157W_mRNA	67	503.1	62.87	67.0	17.45	45.42	1.0	0.1282	-27.97
YHR158C_mRNA	98	588.5	44.8	26.0	1.14	43.65	0.9898	0.0884	-42.51
YHR159W_mRNA	48	624.0	72.21	81.0	2.0	70.21	1.0	0.1471	-68.21
YHR161C_mRNA	151	691.6	56.19	71.0	6.58	49.62	1.0	0.1308	-43.04
YHR162W_mRNA	3239	594.1	49.97	64.0	2.08	47.89	0.9991	0.0891	-45.81
YHR163W_mRNA	342	650.9	57.84	73.5	3.62	54.22	0.9942	0.106	-50.6
YHR164C_mRNA	61	623.7	44.85	24.0	1.56	43.3	0.9836	0.1142	-41.74
YHR165C_mRNA	234	713.6	58.04	53.0	13.45	44.59	0.9872	0.1296	-31.14
YHR166C_mRNA	24	677.0	26.21	6.5	2.54	23.67	0.9583	0.0561	-21.12
YHR167W_mRNA	78	627.4	39.55	12.0	2.13	37.42	1.0	0.0722	-35.29
YHR168W_mRNA	43	595.6	32.47	12.0	2.88	29.58	0.9767	0.0745	-26.7
YHR169W_mRNA	68	551.4	38.59	11.0	6.53	32.06	0.9853	0.0931	-25.53
YHR170W_mRNA	349	797.0	41.64	12.0	2.01	39.62	0.9828	0.0692	-37.61
YHR171W_mRNA	55	701.1	59.22	73.0	1.47	57.75	0.9818	0.1074	-56.27
YHR172W_mRNA	56	534.5	51.12	60.0	1.41	49.71	1.0	0.1171	-48.3
YHR174W_mRNA	29739	705.7	44.49	17.0	2.37	42.12	0.9939	0.0875	-39.75
YHR175W-A_mRNA	40	625.8	52.0	68.5	9.8	42.2	0.975	0.0909	-32.4
YHR175W_mRNA	32	656.7	66.56	67.0	15.06	51.5	0.9688	0.1117	-36.44
YHR176W_mRNA	16	499.4	78.19	78.0	29.06	49.12	1.0	0.1759	-20.06
YHR177W_mRNA	33	904.9	276.55	323.0	4.73	271.82	1.0	0.34	-267.09
YHR178W_mRNA	37	535.8	57.54	71.0	2.76	54.78	1.0	0.1431	-52.03
YHR179W_mRNA	1332	685.5	51.07	32.5	4.75	46.32	0.9947	0.0955	-41.57
YHR180W_mRNA	91	445.4	91.22	72.0	1.86	89.36	1.0	0.1963	-87.51
YHR181W_mRNA	213	515.5	44.46	23.0	2.97	41.49	0.9953	0.1021	-38.53
YHR182C-A_mRNA	6	309.2	49.67	49.5	1.17	48.5	1.0	0.159	-47.33
YHR182W_mRNA	26	698.1	86.19	65.0	1.58	84.62	1.0	0.1462	-83.04
YHR183W_mRNA	1347	829.4	43.54	15.0	2.42	41.12	0.9814	0.0779	-38.7
YHR184W_mRNA	43	619.5	181.4	178.0	1.84	179.56	1.0	0.3077	-177.72
YHR185C_mRNA	8	341.9	137.25	136.5	0.75	136.5	1.0	0.4486	-135.75
YHR186C_mRNA	59	659.5	41.02	16.0	5.05	35.97	1.0	0.0807	-30.92
YHR187W_mRNA	90	627.0	45.6	18.5	4.69	40.91	1.0	0.0834	-36.22
YHR188C_mRNA	173	645.6	51.03	36.0	2.71	48.32	0.9827	0.1031	-45.62
YHR190W_mRNA	647	861.6	48.5	31.0	3.85	44.65	0.9938	0.0689	-40.81
YHR191C_mRNA	203	356.9	40.9	15.0	1.65	39.25	1.0	0.1205	-37.61
YHR192W_mRNA	46	709.4	33.65	10.5	2.65	31.0	1.0	0.0582	-28.35
YHR193C_mRNA	2564	496.1	46.07	20.5	2.38	43.69	0.998	0.1017	-41.31
YHR194W_mRNA	33	627.4	54.61	36.0	9.61	45.0	1.0	0.118	-35.39
YHR195W_mRNA	95	690.9	49.99	33.0	3.24	46.75	1.0	0.0901	-43.51
YHR196W_mRNA	323	889.5	47.09	17.0	2.26	44.83	0.9783	0.0728	-42.57
YHR197W_mRNA	54	769.3	38.13	9.5	2.61	35.52	1.0	0.0819	-32.91
YHR198C_mRNA	94	635.9	55.12	72.0	2.34	52.78	1.0	0.1132	-50.44
YHR199C_mRNA	89	652.3	48.43	28.0	3.08	45.35	1.0	0.0861	-42.27
YHR200W_mRNA	347	574.0	51.2	23.0	3.93	47.28	0.9971	0.0952	-43.35
YHR201C_mRNA	201	896.7	52.82	27.0	2.43	50.39	0.99	0.0634	-47.96
YHR202W_mRNA	22	547.0	136.09	86.0	2.23	133.86	1.0	0.223	-131.64
YHR203C_mRNA	5036	630.5	47.23	19.0	3.01	44.22	0.9934	0.0894	-41.21
YHR204W_mRNA	50	746.3	59.94	75.5	3.54	56.4	1.0	0.1182	-52.86
YHR205W_mRNA	51	975.5	88.73	82.0	26.73	62.0	1.0	0.1532	-35.27
YHR206W_mRNA	94	842.3	56.17	72.0	1.91	54.26	1.0	0.0896	-52.34
YHR207C_mRNA	74	782.6	40.16	12.0	2.43	37.73	0.973	0.0648	-35.3
YHR208W_mRNA	2085	861.4	50.23	53.0	3.85	46.39	0.9909	0.0754	-42.54
YHR209W_mRNA	310	570.9	53.11	57.0	3.57	49.55	0.9935	0.1063	-45.98
YHR210C_mRNA	43	760.6	106.33	75.0	6.84	99.49	1.0	0.1727	-92.65
YHR211W_mRNA	85	623.8	144.95	87.0	57.98	86.98	1.0	0.2115	-29.0
YHR212C_mRNA	13	833.8	256.15	250.0	190.54	65.62	1.0	0.3042	124.92
YHR213W-A_mRNA	6	451.7	278.33	199.5	169.17	109.17	1.0	0.5217	60.0
YHR213W-B_mRNA	7	802.1	532.0	533.0	296.86	235.14	1.0	0.5986	61.71
YHR214C-B_mRNA	1624	1247.4	293.87	325.0	3.33	290.54	0.9938	0.2742	-287.22
YHR214C-C_mRNA	9	751.6	130.0	132.0	20.44	109.56	1.0	0.2172	-89.11
YHR214C-E_mRNA	16	479.0	230.94	83.0	149.56	81.38	1.0	0.3847	68.19
YHR214W-A_mRNA	62	754.9	345.35	96.5	284.97	60.39	1.0	0.3331	224.58
YHR215W_mRNA	1870	636.3	51.71	67.0	2.78	48.93	0.9984	0.1081	-46.15
YHR216W_mRNA	643	801.9	64.84	72.0	14.37	50.48	0.9922	0.1357	-36.11
YHR219W_mRNA	16	536.2	50.0	16.0	6.88	43.12	0.9375	0.1289	-36.25
YIL001W_mRNA	36	869.7	56.47	73.5	1.17	55.31	1.0	0.085	-54.14
YIL002C_mRNA	35	678.9	51.86	34.0	2.91	48.94	1.0	0.1288	-46.03
YIL002W-A_mRNA	356	331.3	39.02	15.0	2.63	36.39	0.9916	0.1095	-33.76
YIL003W_mRNA	71	693.4	39.51	13.0	3.39	36.11	0.9859	0.0645	-32.72
YIL004C_mRNA	152	529.6	50.66	15.5	6.41	44.25	1.0	0.0976	-37.84
YIL005W_mRNA	135	733.1	50.77	36.0	3.15	47.62	0.9704	0.0936	-44.47
YIL006W_mRNA	15	649.8	84.67	100.0	14.87	69.8	1.0	0.1915	-54.93
YIL007C_mRNA	68	665.7	54.51	62.5	4.72	49.79	1.0	0.0951	-45.07
YIL008W_mRNA	635	465.1	42.31	13.0	2.49	39.82	1.0	0.0879	-37.32
YIL009C-A_mRNA	143	520.3	59.41	70.0	9.16	50.24	0.993	0.1146	-41.08
YIL009W_mRNA	156	815.6	74.49	76.5	7.81	66.67	1.0	0.1147	-58.86
YIL010W_mRNA	119	639.9	45.3	14.0	2.33	42.97	1.0	0.0708	-40.65
YIL011W_mRNA	77	573.4	66.96	72.0	17.19	49.77	1.0	0.1542	-32.57
YIL013C_mRNA	56	621.1	60.84	78.0	3.86	56.98	0.9643	0.1259	-53.12
YIL014C-A_mRNA	30	493.9	46.83	20.5	2.53	44.3	1.0	0.1046	-41.77
YIL014W_mRNA	203	870.4	54.11	64.0	2.66	51.45	0.9901	0.0892	-48.8
YIL015W_mRNA	28	497.6	111.75	73.0	12.46	99.29	1.0	0.2033	-86.82
YIL016W_mRNA	113	425.4	47.6	20.0	3.69	43.91	0.9823	0.1217	-40.22
YIL017C_mRNA	68	584.2	74.79	77.0	7.13	67.66	0.9853	0.1582	-60.53
YIL018W_mRNA	9795	674.3	48.44	61.0	2.12	46.32	0.9932	0.0825	-44.19
YIL019W_mRNA	35	487.0	39.57	9.0	1.4	38.17	0.9714	0.0982	-36.77
YIL020C-A_mRNA	43	561.8	45.12	21.0	5.16	39.95	0.9767	0.0926	-34.79
YIL020C_mRNA	34	693.9	69.5	85.0	2.38	67.12	1.0	0.1051	-64.74
YIL021W_mRNA	109	691.0	51.14	15.0	2.94	48.19	0.9908	0.0803	-45.25
YIL022W_mRNA	161	541.1	46.38	59.0	1.76	44.61	0.9814	0.1	-42.85
YIL023C_mRNA	73	711.3	85.97	84.0	3.85	82.12	1.0	0.1628	-78.27
YIL024C_mRNA	88	595.6	53.17	69.5	4.85	48.32	1.0	0.1092	-43.47
YIL025C_mRNA	10	397.5	32.1	19.5	11.6	20.5	1.0	0.0829	-8.9
YIL026C_mRNA	81	861.6	59.88	73.0	1.67	58.21	1.0	0.0977	-56.54
YIL027C_mRNA	574	516.6	38.1	12.0	2.73	35.37	0.9808	0.0722	-32.64
YIL028W_mRNA	42	598.2	46.76	41.5	1.83	44.93	1.0	0.1085	-43.1
YIL029C_mRNA	89	706.2	60.21	77.0	3.27	56.94	1.0	0.0979	-53.67
YIL030C_mRNA	298	765.2	49.41	58.5	2.21	47.2	0.9899	0.0834	-44.99
YIL030W-A_mRNA	22	458.5	20.05	8.0	6.55	13.5	1.0	0.0555	-6.95
YIL031W_mRNA	32	974.9	40.81	14.0	1.72	39.09	1.0	0.0611	-37.38
YIL033C_mRNA	191	845.6	48.55	23.0	3.02	45.53	0.9948	0.0698	-42.52
YIL034C_mRNA	307	563.8	46.5	13.0	3.28	43.23	0.9772	0.0954	-39.95
YIL035C_mRNA	286	727.4	50.06	55.0	4.14	45.92	0.986	0.0906	-41.78
YIL036W_mRNA	159	882.7	57.29	44.0	3.79	53.5	1.0	0.0758	-49.72
YIL037C_mRNA	20	603.6	84.55	84.5	4.2	80.35	1.0	0.1619	-76.15
YIL038C_mRNA	192	684.3	53.32	63.5	2.72	50.59	0.9948	0.1047	-47.87
YIL039W_mRNA	320	725.9	46.73	59.0	1.98	44.75	0.9969	0.0872	-42.77
YIL040W_mRNA	521	493.7	54.07	68.0	3.99	50.08	0.9962	0.1068	-46.09
YIL041W_mRNA	302	790.6	46.89	16.0	2.73	44.16	0.9768	0.0686	-41.43
YIL042C_mRNA	43	541.4	41.19	14.0	4.12	37.07	1.0	0.1024	-32.95
YIL043C_mRNA	890	698.3	44.3	17.0	2.55	41.75	0.9978	0.0778	-39.2
YIL044C_mRNA	106	618.1	46.36	21.0	3.4	42.96	0.9906	0.0944	-39.57
YIL045W_mRNA	107	572.9	65.36	44.0	7.81	57.54	1.0	0.1343	-49.73
YIL046W_mRNA	63	686.6	60.21	67.0	12.63	47.57	0.9365	0.1217	-34.94
YIL047C-A_mRNA	114	613.2	45.36	21.0	4.96	40.4	1.0	0.088	-35.45
YIL047C_mRNA	36	788.8	67.97	78.0	10.0	57.97	0.9722	0.1193	-47.97
YIL048W_mRNA	124	740.7	65.09	71.0	5.53	59.56	0.9919	0.1141	-54.02
YIL049W_mRNA	72	550.7	71.78	76.0	8.88	62.9	1.0	0.154	-54.03
YIL050W_mRNA	115	658.5	80.15	84.0	19.42	60.73	0.9913	0.1631	-41.31
YIL051C_mRNA	736	521.5	50.09	61.0	5.63	44.46	0.9878	0.0979	-38.82
YIL052C_mRNA	4947	444.5	37.26	10.0	2.11	35.15	0.9828	0.0818	-33.04
YIL053W_mRNA	3816	607.6	49.52	67.0	2.69	46.83	0.9845	0.1034	-44.14
YIL055C_mRNA	63	604.4	80.24	68.0	7.05	73.19	1.0	0.1916	-66.14
YIL056W_mRNA	154	737.3	75.56	76.5	5.33	70.23	0.987	0.1578	-64.9
YIL057C_mRNA	11	525.1	213.55	148.0	161.55	52.0	1.0	0.4196	109.55
YIL059C_mRNA	1349	314.9	84.67	72.0	26.46	58.21	0.9703	0.2219	-31.75
YIL060W_mRNA	16	229.0	89.06	75.5	39.56	49.5	1.0	0.3427	-9.94
YIL061C_mRNA	22	502.7	46.27	18.0	2.68	43.59	0.9545	0.131	-40.91
YIL062C_mRNA	437	484.4	50.79	38.0	7.84	42.95	0.9977	0.1096	-35.11
YIL063C_mRNA	330	655.8	44.51	15.5	2.84	41.67	0.9485	0.0775	-38.83
YIL064W_mRNA	263	648.0	80.68	72.0	2.94	77.75	0.9962	0.1235	-74.81
YIL065C_mRNA	166	506.3	43.17	15.0	2.8	40.38	1.0	0.0899	-37.58
YIL066C_mRNA	11	520.5	38.18	14.0	1.82	36.36	1.0	0.0993	-34.55
YIL067C_mRNA	62	916.3	47.61	45.0	4.35	43.26	1.0	0.0823	-38.9
YIL068C_mRNA	60	966.3	70.37	81.5	2.65	67.72	0.95	0.1125	-65.07
YIL069C_mRNA	2598	533.8	49.73	32.0	4.25	45.48	0.9896	0.0973	-41.23
YIL070C_mRNA	161	562.5	52.5	14.0	13.91	38.59	0.9876	0.1181	-24.68
YIL071C_mRNA	74	737.3	68.28	70.0	4.95	63.34	0.9459	0.102	-58.39
YIL072W_mRNA	22	625.8	89.73	81.5	2.5	87.23	1.0	0.1935	-84.73
YIL073C_mRNA	62	728.0	92.37	79.0	3.82	88.55	1.0	0.1496	-84.73
YIL074C_mRNA	270	684.8	45.61	18.0	3.25	42.36	0.9889	0.091	-39.11
YIL075C_mRNA	264	618.6	49.11	16.0	2.11	47.0	0.9697	0.0997	-44.89
YIL076W_mRNA	882	746.7	61.98	75.0	2.7	59.28	0.983	0.1011	-56.58
YIL077C_mRNA	127	479.6	50.99	44.0	2.03	48.96	1.0	0.115	-46.93
YIL078W_mRNA	1806	891.0	43.58	14.0	2.37	41.2	0.9895	0.0724	-38.83
YIL079C_mRNA	52	504.5	53.48	18.5	4.42	49.06	1.0	0.1224	-44.63
YIL082W-A_mRNA	30	1160.1	154.53	83.5	2.6	151.93	1.0	0.1405	-149.33
YIL082W_mRNA	41	700.0	228.71	218.0	7.73	220.98	1.0	0.32	-213.24
YIL083C_mRNA	124	709.9	48.97	64.5	4.45	44.52	0.9758	0.0974	-40.06
YIL084C_mRNA	21	557.4	52.33	19.0	1.9	50.43	0.9524	0.1039	-48.52
YIL085C_mRNA	72	1026.6	54.29	12.0	12.68	41.61	0.9861	0.0567	-28.93
YIL086C_mRNA	87	424.2	51.57	28.0	2.8	48.77	1.0	0.1342	-45.97
YIL087C_mRNA	39	506.6	52.97	69.0	2.23	50.74	1.0	0.1197	-48.51
YIL088C_mRNA	237	665.2	40.45	12.0	1.58	38.87	1.0	0.0741	-37.29
YIL089W_mRNA	74	532.2	129.81	102.0	3.68	126.14	1.0	0.2467	-122.46
YIL090W_mRNA	133	729.7	55.95	70.0	8.23	47.71	1.0	0.1184	-39.48
YIL091C_mRNA	170	706.6	56.42	67.5	1.89	54.53	0.9882	0.0983	-52.64
YIL092W_mRNA	16	862.2	106.75	25.0	22.06	84.69	1.0	0.0991	-62.62
YIL093C_mRNA	35	629.4	46.46	25.0	2.11	44.34	1.0	0.0853	-42.23
YIL094C_mRNA	831	699.7	41.89	13.0	2.05	39.83	0.9783	0.0707	-37.78
YIL095W_mRNA	62	753.9	53.11	22.5	10.74	42.37	0.9677	0.094	-31.63
YIL096C_mRNA	140	705.1	45.8	18.0	3.35	42.45	0.9714	0.0831	-39.1
YIL097W_mRNA	96	745.6	63.57	46.5	4.01	59.56	1.0	0.1106	-55.55
YIL098C_mRNA	111	486.3	44.32	19.0	1.61	42.71	1.0	0.0994	-41.1
YIL099W_mRNA	19	482.3	60.05	30.0	3.42	56.63	1.0	0.1309	-53.21
YIL101C_mRNA	20	507.3	131.1	143.0	46.15	84.95	1.0	0.3361	-38.8
YIL102C-A_mRNA	137	517.1	52.07	65.0	4.2	47.88	0.9927	0.1132	-43.68
YIL103W_mRNA	171	922.7	48.21	25.0	2.87	45.34	0.9883	0.0717	-42.47
YIL104C_mRNA	56	775.8	44.66	18.5	3.27	41.39	1.0	0.0857	-38.12
YIL105C_mRNA	165	823.0	61.9	76.0	4.7	57.2	1.0	0.0973	-52.5
YIL106W_mRNA	99	493.2	47.18	16.0	3.58	43.61	0.9899	0.1122	-40.03
YIL107C_mRNA	94	653.5	57.61	66.5	2.9	54.7	0.9894	0.1291	-51.8
YIL108W_mRNA	100	669.6	46.95	19.5	3.15	43.8	0.98	0.1084	-40.65
YIL109C_mRNA	557	850.3	49.21	38.0	3.34	45.87	0.9946	0.0823	-42.53
YIL110W_mRNA	400	805.3	51.83	66.0	3.43	48.4	0.985	0.0784	-44.97
YIL111W_mRNA	368	509.1	83.07	79.5	7.78	75.29	1.0	0.1627	-67.5
YIL112W_mRNA	124	571.9	66.29	73.0	9.17	57.12	1.0	0.1222	-47.95
YIL113W_mRNA	41	619.7	51.95	18.0	9.68	42.27	1.0	0.0801	-32.59
YIL114C_mRNA	72	660.8	56.0	70.5	2.71	53.29	1.0	0.1075	-50.58
YIL115C_mRNA	217	745.9	61.01	45.0	3.19	57.82	0.9908	0.0987	-54.63
YIL115W-A_mRNA	27	296.3	59.96	75.0	3.56	56.41	1.0	0.1889	-52.85
YIL116W_mRNA	280	724.1	57.44	54.0	2.34	55.1	0.9929	0.1032	-52.76
YIL117C_mRNA	855	681.0	55.66	35.0	2.57	53.08	0.9953	0.0956	-50.51
YIL118W_mRNA	374	704.0	52.25	65.5	3.07	49.17	0.984	0.0801	-46.1
YIL119C_mRNA	110	623.8	83.35	79.0	5.88	77.46	1.0	0.1731	-71.58
YIL120W_mRNA	76	557.3	64.33	64.5	21.11	43.22	0.9605	0.1445	-22.12
YIL121W_mRNA	50	603.4	45.62	17.0	2.44	43.18	1.0	0.0903	-40.74
YIL122W_mRNA	38	645.1	47.21	39.0	3.63	43.58	0.9737	0.0944	-39.95
YIL123W_mRNA	634	654.4	48.4	22.5	7.55	40.85	0.9905	0.1104	-33.3
YIL124W_mRNA	377	708.2	49.55	37.0	4.24	45.31	0.9867	0.0874	-41.07
YIL125W_mRNA	190	790.5	56.69	72.0	3.09	53.6	1.0	0.1071	-50.51
YIL126W_mRNA	85	674.2	40.79	14.0	1.27	39.52	0.9765	0.0775	-38.25
YIL127C_mRNA	293	560.8	48.7	25.0	2.74	45.96	0.9932	0.0932	-43.22
YIL128W_mRNA	142	1008.5	60.68	78.0	2.99	57.68	1.0	0.0978	-54.69
YIL129C_mRNA	124	672.0	52.06	52.0	1.48	50.57	1.0	0.097	-49.09
YIL130W_mRNA	121	727.4	54.25	73.0	1.67	52.58	0.9587	0.1068	-50.91
YIL131C_mRNA	44	502.7	57.39	46.5	10.2	47.18	1.0	0.1427	-36.98
YIL132C_mRNA	20	482.2	61.65	84.5	3.0	58.65	1.0	0.144	-55.65
YIL133C_mRNA	2963	557.7	43.25	14.0	3.33	39.92	0.9875	0.0857	-36.6
YIL134C-A_mRNA	29	258.6	83.79	88.0	1.17	82.62	1.0	0.2902	-81.45
YIL134W_mRNA	130	537.2	60.91	73.0	6.32	54.59	0.9846	0.1428	-48.28
YIL135C_mRNA	87	677.3	63.22	77.0	10.76	52.46	0.9885	0.1522	-41.7
YIL136W_mRNA	38	462.9	114.68	90.0	6.89	107.79	1.0	0.2395	-100.89
YIL137C_mRNA	131	755.5	51.31	20.0	3.54	47.76	0.9924	0.1029	-44.22
YIL138C_mRNA	668	614.6	49.09	22.0	1.99	47.1	0.9985	0.0852	-45.11
YIL139C_mRNA	160	600.9	56.84	69.5	8.22	48.62	0.9438	0.0942	-40.39
YIL140W_mRNA	78	607.4	46.97	17.5	2.78	44.19	1.0	0.0989	-41.41
YIL142W_mRNA	466	913.3	48.18	22.0	2.25	45.92	0.9828	0.0724	-43.67
YIL143C_mRNA	110	767.4	55.15	74.0	1.08	54.06	1.0	0.1017	-52.98
YIL144W_mRNA	69	780.5	54.07	73.0	2.1	51.97	0.9855	0.0858	-49.87
YIL145C_mRNA	245	636.9	49.78	67.0	4.12	45.66	0.9959	0.0873	-41.53
YIL146C_mRNA	38	506.6	69.79	75.5	27.71	42.08	1.0	0.2243	-14.37
YIL147C_mRNA	115	691.7	61.0	36.0	10.23	50.77	1.0	0.13	-40.55
YIL148W_mRNA	20306	470.3	47.94	29.0	2.33	45.61	0.9967	0.0978	-43.29
YIL149C_mRNA	79	553.0	50.86	47.0	3.92	46.94	0.9873	0.1025	-43.01
YIL150C_mRNA	7	543.7	188.43	140.0	1.71	186.71	1.0	0.3124	-185.0
YIL151C_mRNA	98	844.2	71.81	73.5	17.53	54.28	0.9796	0.1337	-36.74
YIL152W_mRNA	82	524.5	66.84	74.0	2.46	64.38	0.9756	0.1387	-61.91
YIL153W_mRNA	71	745.0	50.44	35.0	6.69	43.75	1.0	0.0926	-37.06
YIL154C_mRNA	117	686.8	55.38	69.0	2.75	52.62	0.9915	0.0927	-49.87
YIL155C_mRNA	87	578.4	71.52	70.0	3.29	68.23	1.0	0.1219	-64.94
YIL156W-B_mRNA	652	344.1	53.33	61.5	6.77	46.57	0.9985	0.1467	-39.8
YIL156W_mRNA	74	745.3	48.53	32.0	1.7	46.82	1.0	0.0894	-45.12
YIL157C_mRNA	272	615.8	53.36	71.0	2.18	51.18	0.9963	0.0985	-49.0
YIL158W_mRNA	176	598.2	47.8	55.5	5.11	42.69	0.9602	0.081	-37.58
YIL159W_mRNA	42	620.2	41.24	15.0	2.31	38.93	0.9762	0.1064	-36.62
YIL161W_mRNA	120	548.8	55.58	18.0	1.96	53.62	0.9833	0.1086	-51.66
YIL162W_mRNA	110	865.8	78.11	77.5	30.68	47.43	0.9909	0.1654	-16.75
YIL163C_mRNA	31	789.5	479.61	179.0	363.58	116.03	1.0	0.4493	247.55
YIL164C_mRNA	24	683.0	170.0	90.0	58.75	111.25	1.0	0.2345	-52.5
YIL165C_mRNA	138	651.8	45.61	26.0	2.39	43.22	1.0	0.0874	-40.83
YIL166C_mRNA	47	650.9	104.43	67.0	2.19	102.23	1.0	0.1757	-100.04
YIL167W_mRNA	42	786.9	232.64	271.0	13.71	218.93	1.0	0.2895	-205.21
YIL169C_mRNA	326	460.9	227.06	197.5	116.76	110.3	0.9969	0.5184	6.46
YIL172C_mRNA	9	685.8	62.67	83.0	1.22	61.44	1.0	0.0941	-60.22
YIL173W_mRNA	71	770.5	59.03	71.0	3.3	55.73	0.9859	0.1208	-52.44
YIL177C_mRNA	46	423.3	36.24	12.0	1.02	35.22	0.9783	0.1065	-34.2
YIR001C_mRNA	102	647.6	67.25	75.0	3.01	64.24	1.0	0.1294	-61.23
YIR002C_mRNA	170	557.5	76.74	74.0	31.51	45.23	0.9941	0.1979	-13.72
YIR003W_mRNA	50	759.4	55.34	65.5	2.02	53.32	1.0	0.1128	-51.3
YIR004W_mRNA	114	697.4	42.66	11.0	3.36	39.3	1.0	0.0786	-35.94
YIR005W_mRNA	120	455.7	51.02	32.0	4.66	46.37	0.9917	0.1117	-41.71
YIR006C_mRNA	163	689.4	42.96	13.0	3.4	39.56	0.9877	0.0793	-36.15
YIR007W_mRNA	21	630.0	29.1	7.0	0.52	28.57	1.0	0.0621	-28.05
YIR008C_mRNA	112	651.4	47.88	62.0	2.5	45.38	0.9911	0.1006	-42.88
YIR009W_mRNA	51	525.4	42.27	23.0	2.65	39.63	0.9804	0.1006	-36.98
YIR010W_mRNA	48	563.9	58.65	75.5	1.98	56.67	1.0	0.1427	-54.69
YIR011C_mRNA	235	705.2	54.9	73.0	2.12	52.78	1.0	0.099	-50.66
YIR012W_mRNA	314	798.9	44.85	20.5	1.95	42.9	0.965	0.0726	-40.95
YIR016W_mRNA	57	663.1	44.16	16.0	2.65	41.51	1.0	0.0886	-38.86
YIR017C_mRNA	89	512.7	47.72	32.0	1.54	46.18	0.9888	0.1006	-44.64
YIR018C-A_mRNA	136	530.4	67.35	64.0	24.03	43.32	0.9926	0.1255	-19.29
YIR018W_mRNA	32	522.8	38.53	13.5	3.19	35.34	1.0	0.1062	-32.16
YIR019C_mRNA	9	464.0	57.33	61.0	9.56	47.78	1.0	0.1323	-38.22
YIR020C_mRNA	32	649.4	52.53	51.0	8.41	44.12	0.9688	0.0934	-35.72
YIR021W-A_mRNA	104	521.3	45.27	27.0	1.55	43.72	0.9808	0.0934	-42.17
YIR021W_mRNA	38	546.7	37.55	15.5	3.37	34.18	1.0	0.0859	-30.82
YIR022W_mRNA	134	533.8	41.2	13.5	1.08	40.12	0.9478	0.0819	-39.04
YIR023W_mRNA	50	716.0	88.36	79.0	3.3	85.06	1.0	0.1814	-81.76
YIR024C_mRNA	63	410.7	46.14	21.0	5.56	40.59	1.0	0.1252	-35.03
YIR025W_mRNA	12	496.2	52.25	14.0	4.08	48.17	1.0	0.1053	-44.08
YIR026C_mRNA	200	660.6	44.96	11.0	6.36	38.6	1.0	0.0774	-32.24
YIR027C_mRNA	12	548.9	179.17	192.0	4.0	175.17	1.0	0.3908	-171.17
YIR028W_mRNA	32	619.1	140.53	129.0	2.38	138.16	1.0	0.2686	-135.78
YIR029W_mRNA	19	656.8	69.68	16.0	19.68	50.0	1.0	0.1327	-30.32
YIR030C_mRNA	90	644.9	54.73	26.5	3.58	51.16	1.0	0.0868	-47.58
YIR030W-A_mRNA	16	287.9	66.69	39.5	27.38	39.31	0.9375	0.2064	-11.94
YIR031C_mRNA	126	976.9	53.4	67.5	2.32	51.09	0.9921	0.0817	-48.77
YIR032C_mRNA	126	577.3	42.96	14.0	1.86	41.1	1.0	0.0773	-39.25
YIR033W_mRNA	335	787.0	43.87	17.0	2.38	41.49	0.9881	0.0775	-39.11
YIR034C_mRNA	250	735.6	45.95	21.0	3.93	42.02	0.992	0.0785	-38.08
YIR035C_mRNA	368	619.1	50.32	30.0	2.49	47.82	0.9973	0.0963	-45.33
YIR036C_mRNA	45	642.5	58.36	76.0	4.09	54.27	0.9778	0.0983	-50.18
YIR037W_mRNA	392	517.5	45.51	22.0	2.73	42.78	0.9949	0.0919	-40.05
YIR038C_mRNA	94	562.6	56.16	61.0	2.97	53.19	1.0	0.1172	-50.22
YIR039C_mRNA	67	868.8	60.19	70.0	3.34	56.85	1.0	0.1048	-53.51
YIR041W_mRNA	14	479.3	71.36	53.5	17.71	53.64	1.0	0.1561	-35.93
YIR042C_mRNA	89	651.3	91.7	76.0	3.17	88.53	0.9551	0.1578	-85.36
YIR043C_mRNA	15	528.7	285.13	297.0	4.4	280.73	1.0	0.5364	-276.33
YJL001W_mRNA	454	611.5	65.02	76.5	3.91	61.12	0.9956	0.1186	-57.21
YJL002C_mRNA	706	728.8	49.74	64.5	2.68	47.06	0.9901	0.0883	-44.38
YJL003W_mRNA	150	458.9	49.33	36.5	3.47	45.87	0.9933	0.1131	-42.4
YJL004C_mRNA	207	583.7	50.28	61.0	4.55	45.73	0.9952	0.0947	-41.19
YJL005W_mRNA	120	715.0	54.77	62.0	2.47	52.3	1.0	0.105	-49.83
YJL006C_mRNA	101	691.7	74.76	84.0	21.98	52.78	0.9901	0.1772	-30.8
YJL008C_mRNA	663	762.6	46.93	20.0	2.22	44.71	0.9985	0.0838	-42.48
YJL009W_mRNA	8	226.0	34.5	8.5	1.25	33.25	1.0	0.1498	-32.0
YJL010C_mRNA	229	762.3	50.66	20.0	1.88	48.77	0.9956	0.0855	-46.89
YJL011C_mRNA	232	534.4	45.87	16.5	4.25	41.61	1.0	0.0904	-37.36
YJL012C_mRNA	672	844.7	47.96	20.0	2.6	45.36	0.9896	0.083	-42.76
YJL013C_mRNA	51	726.2	94.59	92.0	5.25	89.33	1.0	0.1583	-84.08
YJL014W_mRNA	650	853.6	50.45	46.0	2.35	48.1	0.9923	0.0844	-45.75
YJL015C_mRNA	15	250.9	58.87	78.0	3.6	55.27	1.0	0.2249	-51.67
YJL016W_mRNA	224	718.3	48.56	31.0	4.63	43.93	0.9821	0.0833	-39.29
YJL019W_mRNA	25	779.1	28.16	12.0	2.04	26.12	1.0	0.0655	-24.08
YJL020C_mRNA	211	649.9	45.59	18.0	3.62	41.98	0.9953	0.0944	-38.36
YJL022W_mRNA	37	431.9	97.65	93.0	3.38	94.27	1.0	0.2259	-90.89
YJL023C_mRNA	89	612.3	44.11	13.0	4.0	40.11	0.9775	0.0823	-36.11
YJL024C_mRNA	125	582.6	52.72	70.0	2.58	50.14	1.0	0.1013	-47.57
YJL025W_mRNA	30	624.0	47.63	35.0	0.9	46.73	1.0	0.1078	-45.83
YJL026W_mRNA	752	778.7	50.45	62.5	2.64	47.81	0.996	0.0897	-45.17
YJL027C_mRNA	10	417.9	51.7	49.5	1.6	50.1	1.0	0.1211	-48.5
YJL029C_mRNA	95	582.4	49.15	16.0	8.03	41.12	1.0	0.1121	-33.08
YJL030W_mRNA	191	589.2	54.59	60.0	2.85	51.74	0.9948	0.1064	-48.89
YJL031C_mRNA	151	679.1	61.03	65.0	6.19	54.84	0.9934	0.1053	-48.65
YJL033W_mRNA	103	537.4	59.33	67.0	10.69	48.64	0.9903	0.1423	-37.95
YJL034W_mRNA	3976	751.2	46.46	19.0	2.55	43.91	0.9914	0.0861	-41.36
YJL035C_mRNA	82	496.7	54.29	23.0	2.62	51.67	1.0	0.1142	-49.05
YJL036W_mRNA	139	660.7	46.67	13.0	1.68	44.99	1.0	0.0869	-43.32
YJL037W_mRNA	18	317.2	136.06	118.0	0.67	135.39	1.0	0.4501	-134.72
YJL038C_mRNA	15	611.4	134.6	105.0	16.07	118.53	1.0	0.235	-102.47
YJL039C_mRNA	320	770.8	51.55	57.0	2.68	48.87	0.9938	0.0928	-46.18
YJL041W_mRNA	262	795.4	57.56	72.0	6.71	50.85	1.0	0.1016	-44.14
YJL042W_mRNA	117	729.6	46.18	18.0	2.03	44.15	1.0	0.0939	-42.13
YJL044C_mRNA	90	773.1	61.9	76.0	5.27	56.63	1.0	0.1274	-51.37
YJL045W_mRNA	14	442.0	159.57	139.0	104.86	54.71	0.9286	0.3724	50.14
YJL046W_mRNA	81	807.8	47.43	12.0	2.47	44.96	0.9877	0.0625	-42.49
YJL047C-A_mRNA	43	321.4	74.88	70.0	5.12	69.77	1.0	0.1985	-64.65
YJL047C_mRNA	49	1089.9	60.37	61.0	16.04	44.33	0.9796	0.112	-28.29
YJL048C_mRNA	331	683.0	50.6	26.0	2.76	47.84	0.994	0.0921	-45.08
YJL049W_mRNA	34	686.4	33.26	10.0	1.76	31.5	1.0	0.0658	-29.74
YJL050W_mRNA	362	703.2	46.72	14.5	1.79	44.93	0.9945	0.0868	-43.14
YJL051W_mRNA	42	725.6	74.45	78.5	4.02	70.43	1.0	0.1207	-66.4
YJL052W_mRNA	1445	724.9	44.28	20.0	3.49	40.79	0.9952	0.0847	-37.3
YJL053W_mRNA	118	707.9	51.21	46.5	4.5	46.71	1.0	0.1018	-42.21
YJL054W_mRNA	105	619.0	48.47	14.0	4.13	44.33	1.0	0.0864	-40.2
YJL055W_mRNA	184	595.9	50.46	65.0	1.67	48.79	0.9946	0.0985	-47.12
YJL056C_mRNA	51	642.7	54.61	48.0	2.06	52.55	1.0	0.0968	-50.49
YJL057C_mRNA	108	739.4	67.13	75.0	10.92	56.21	0.9907	0.1305	-45.3
YJL058C_mRNA	41	736.8	69.44	74.0	5.59	63.85	1.0	0.1064	-58.27
YJL059W_mRNA	63	552.0	79.79	67.0	3.16	76.63	1.0	0.1594	-73.48
YJL060W_mRNA	129	776.3	45.26	26.0	2.02	43.23	1.0	0.0795	-41.21
YJL061W_mRNA	175	839.9	101.61	63.0	11.46	90.14	1.0	0.1332	-78.68
YJL062W-A_mRNA	132	394.3	45.33	18.0	9.71	35.62	1.0	0.115	-25.91
YJL062W_mRNA	98	802.4	66.03	77.5	2.67	63.36	1.0	0.1216	-60.68
YJL063C_mRNA	53	585.6	47.85	29.0	3.25	44.6	1.0	0.0872	-41.36
YJL065C_mRNA	85	464.6	37.13	14.0	1.12	36.01	0.9647	0.0872	-34.89
YJL066C_mRNA	44	553.1	38.95	11.5	1.93	37.02	1.0	0.078	-35.09
YJL068C_mRNA	164	581.5	48.01	62.5	3.49	44.52	0.9939	0.1014	-41.03
YJL069C_mRNA	136	733.3	49.45	43.5	3.23	46.22	0.9853	0.0918	-42.99
YJL070C_mRNA	79	701.2	65.9	15.0	2.66	63.24	0.9494	0.1237	-60.58
YJL071W_mRNA	78	794.2	55.37	69.5	2.44	52.94	1.0	0.0937	-50.5
YJL072C_mRNA	241	618.8	49.0	57.0	2.02	46.98	0.9834	0.0915	-44.96
YJL073W_mRNA	54	787.3	48.87	60.5	2.98	45.89	0.9444	0.1029	-42.91
YJL074C_mRNA	154	855.5	54.47	65.0	7.1	47.38	0.987	0.0962	-40.28
YJL076W_mRNA	169	754.3	61.06	62.0	2.56	58.5	0.9704	0.1158	-55.95
YJL077C_mRNA	6	300.2	19.0	20.5	2.83	16.17	1.0	0.0642	-13.33
YJL077W-A_mRNA	22	483.8	52.5	43.0	3.77	48.73	1.0	0.1257	-44.95
YJL077W-B_mRNA	15	556.5	46.8	22.0	5.6	41.2	1.0	0.1014	-35.6
YJL078C_mRNA	93	816.3	54.91	65.0	3.28	51.63	1.0	0.0867	-48.35
YJL079C_mRNA	120	613.1	57.27	73.0	4.16	53.11	0.9917	0.1253	-48.95
YJL080C_mRNA	392	912.1	49.97	50.0	2.03	47.94	0.9898	0.0888	-45.91
YJL081C_mRNA	127	702.3	39.19	13.0	3.38	35.81	0.9921	0.0644	-32.43
YJL082W_mRNA	186	852.7	44.44	20.0	2.62	41.82	0.9731	0.0807	-39.2
YJL083W_mRNA	29	693.4	53.38	72.0	1.86	51.52	1.0	0.0976	-49.66
YJL084C_mRNA	64	710.7	46.52	17.0	2.11	44.41	1.0	0.1049	-42.3
YJL085W_mRNA	97	580.0	41.91	15.0	5.34	36.57	0.9794	0.0844	-31.23
YJL087C_mRNA	65	871.8	57.15	27.0	2.15	55.0	1.0	0.087	-52.85
YJL088W_mRNA	135	575.5	47.89	62.0	2.52	45.37	0.9852	0.1059	-42.85
YJL089W_mRNA	178	576.3	51.26	68.5	2.76	48.51	0.9831	0.1021	-45.75
YJL090C_mRNA	61	633.2	54.03	65.0	2.21	51.82	1.0	0.1064	-49.61
YJL091C_mRNA	160	863.3	58.35	70.5	1.44	56.91	0.9875	0.0994	-55.48
YJL092W_mRNA	64	508.3	41.58	15.0	2.06	39.52	0.9844	0.1043	-37.45
YJL093C_mRNA	89	960.0	64.08	74.0	3.67	60.4	0.9888	0.1116	-56.73
YJL094C_mRNA	152	759.2	50.61	69.0	2.04	48.57	0.9803	0.0922	-46.53
YJL095W_mRNA	59	789.1	55.75	74.0	3.1	52.64	1.0	0.1226	-49.54
YJL096W_mRNA	262	534.3	47.71	18.0	3.97	43.74	1.0	0.0897	-39.77
YJL097W_mRNA	229	602.9	43.69	22.0	3.26	40.43	0.9738	0.0774	-37.17
YJL098W_mRNA	61	481.9	40.93	14.0	4.07	36.87	0.9508	0.1087	-32.8
YJL099W_mRNA	99	728.2	51.57	42.0	4.06	47.51	0.9798	0.0785	-43.44
YJL100W_mRNA	89	521.5	78.75	77.0	24.79	53.97	1.0	0.2164	-29.18
YJL101C_mRNA	370	745.6	48.35	36.0	3.2	45.15	0.9784	0.0918	-41.95
YJL102W_mRNA	53	699.7	44.81	20.0	3.13	41.68	1.0	0.0864	-38.55
YJL103C_mRNA	36	625.6	57.58	70.0	2.83	54.75	1.0	0.1186	-51.92
YJL104W_mRNA	311	515.6	69.17	65.0	11.04	58.13	0.9936	0.1467	-47.1
YJL105W_mRNA	34	615.6	243.76	292.0	132.79	110.97	1.0	0.3909	21.82
YJL106W_mRNA	31	549.4	50.19	17.0	3.52	46.68	0.9677	0.1206	-43.16
YJL108C_mRNA	43	834.9	65.53	76.0	5.74	59.79	1.0	0.1131	-54.05
YJL109C_mRNA	228	964.8	44.56	17.0	1.41	43.15	0.9737	0.0718	-41.75
YJL110C_mRNA	62	679.2	39.61	12.0	4.32	35.29	0.9839	0.0868	-30.97
YJL111W_mRNA	570	715.5	50.43	58.0	1.98	48.45	0.9895	0.0915	-46.48
YJL112W_mRNA	76	621.3	50.61	69.5	3.2	47.41	1.0	0.1084	-44.21
YJL113W_mRNA	29	1319.3	301.83	413.0	3.28	298.55	1.0	0.2347	-295.28
YJL114W_mRNA	5	464.8	134.6	144.0	0.6	134.0	1.0	0.2666	-133.4
YJL115W_mRNA	18	299.7	57.67	35.5	17.33	40.33	0.8889	0.1943	-23.0
YJL116C_mRNA	70	429.0	95.89	76.5	45.61	50.27	0.9714	0.2114	-4.66
YJL117W_mRNA	584	652.8	55.47	74.0	2.48	52.99	0.9795	0.1033	-50.51
YJL118W_mRNA	17	491.9	76.65	86.0	5.24	71.41	1.0	0.1925	-66.18
YJL119C_mRNA	9	516.7	54.89	60.0	1.11	53.78	1.0	0.1032	-52.67
YJL120W_mRNA	46	651.0	48.2	31.5	1.7	46.5	0.9783	0.0756	-44.8
YJL121C_mRNA	246	515.1	53.26	57.0	2.52	50.75	0.9959	0.1122	-48.23
YJL122W_mRNA	229	450.5	37.73	12.0	2.2	35.53	0.9956	0.0921	-33.33
YJL123C_mRNA	160	655.5	42.76	11.5	4.23	38.53	0.9625	0.0783	-34.3
YJL124C_mRNA	372	503.4	54.79	56.5	2.56	52.23	0.9946	0.125	-49.67
YJL125C_mRNA	104	561.7	41.3	12.0	1.44	39.86	0.9808	0.0919	-38.41
YJL126W_mRNA	95	666.7	65.83	76.0	3.4	62.43	0.9895	0.1091	-59.03
YJL127C-B_mRNA	307	472.6	50.39	39.0	2.78	47.61	0.9837	0.1062	-44.83
YJL127C_mRNA	63	801.3	59.54	72.0	1.3	58.24	0.9841	0.0898	-56.94
YJL128C_mRNA	199	723.5	70.83	76.0	16.54	54.3	0.995	0.1412	-37.76
YJL129C_mRNA	215	607.5	49.35	18.0	10.69	38.66	0.9814	0.0901	-27.97
YJL130C_mRNA	606	731.6	53.36	57.5	7.83	45.53	0.9901	0.1062	-37.7
YJL131C_mRNA	71	637.3	68.73	61.0	5.28	63.45	1.0	0.1202	-58.17
YJL132W_mRNA	42	697.9	56.05	76.5	8.71	47.33	1.0	0.1049	-38.62
YJL133C-A_mRNA	197	396.3	46.2	57.0	1.93	44.27	1.0	0.1155	-42.34
YJL133W_mRNA	155	561.7	46.72	17.0	3.19	43.53	0.9935	0.1008	-40.34
YJL134W_mRNA	77	821.3	48.58	22.0	1.06	47.52	0.987	0.074	-46.45
YJL136C_mRNA	10413	431.0	47.02	50.0	3.58	43.45	0.9758	0.103	-39.87
YJL137C_mRNA	29	639.5	40.52	15.0	0.41	40.1	0.9655	0.0878	-39.69
YJL138C_mRNA	3037	776.6	54.1	70.0	3.02	51.08	0.9881	0.0916	-48.06
YJL139C_mRNA	204	609.2	45.07	17.0	3.77	41.3	0.9902	0.0885	-37.52
YJL140W_mRNA	174	531.0	44.26	14.5	2.33	41.93	0.9828	0.0946	-39.6
YJL141C_mRNA	89	713.0	72.28	76.0	4.52	67.76	1.0	0.1226	-63.25
YJL142C_mRNA	72	719.2	53.08	74.5	3.5	49.58	1.0	0.1087	-46.08
YJL143W_mRNA	320	584.9	52.4	68.5	3.77	48.63	0.9906	0.1066	-44.87
YJL144W_mRNA	755	472.1	48.85	27.0	3.02	45.83	0.9987	0.1091	-42.82
YJL145W_mRNA	214	664.3	53.5	70.0	2.36	51.14	0.9953	0.0948	-48.77
YJL146W_mRNA	77	576.2	60.42	63.0	14.64	45.78	1.0	0.1035	-31.14
YJL147C_mRNA	45	758.3	68.11	75.0	4.84	63.27	0.9778	0.1222	-58.42
YJL148W_mRNA	341	457.7	31.23	9.0	1.72	29.51	0.9062	0.0817	-27.79
YJL149W_mRNA	48	635.6	105.17	77.5	53.19	51.98	1.0	0.2333	1.21
YJL151C_mRNA	446	483.4	61.16	71.5	5.24	55.93	0.9978	0.1244	-50.69
YJL152W_mRNA	16	213.1	42.19	13.0	1.5	40.69	1.0	0.1661	-39.19
YJL153C_mRNA	31	630.3	148.61	143.0	19.68	128.94	1.0	0.3157	-109.26
YJL154C_mRNA	309	821.8	60.7	72.0	3.43	57.27	0.9773	0.0994	-53.83
YJL155C_mRNA	170	816.2	57.68	36.0	12.06	45.62	0.9941	0.0914	-33.56
YJL156C_mRNA	139	796.0	65.56	70.0	2.5	63.06	0.9928	0.111	-60.57
YJL157C_mRNA	101	547.8	48.9	63.0	1.48	47.43	1.0	0.1068	-45.95
YJL158C_mRNA	2298	584.8	49.07	64.0	4.03	45.04	0.9909	0.0989	-41.01
YJL159W_mRNA	2535	730.9	59.66	75.0	3.23	56.43	0.9984	0.1101	-53.19
YJL160C_mRNA	22	565.2	72.5	80.0	26.09	46.41	1.0	0.1662	-20.32
YJL161W_mRNA	131	522.7	47.89	35.0	3.42	44.47	1.0	0.0993	-41.05
YJL162C_mRNA	61	719.9	75.23	81.0	5.18	70.05	1.0	0.1465	-64.87
YJL163C_mRNA	42	642.1	104.0	77.0	1.83	102.17	1.0	0.1889	-100.33
YJL164C_mRNA	79	730.0	54.19	54.0	3.63	50.56	1.0	0.0971	-46.92
YJL165C_mRNA	345	752.8	57.67	70.0	7.22	50.45	0.9884	0.1093	-43.22
YJL166W_mRNA	1151	465.8	48.83	23.0	2.2	46.63	0.9983	0.103	-44.43
YJL167W_mRNA	993	656.4	45.3	16.0	2.29	43.02	0.995	0.09	-40.73
YJL168C_mRNA	87	592.3	52.41	65.0	1.66	50.76	1.0	0.1132	-49.1
YJL169W_mRNA	9	271.4	42.44	14.0	2.33	40.11	1.0	0.1435	-37.78
YJL171C_mRNA	419	702.9	50.86	67.0	2.73	48.14	0.9761	0.0961	-45.41
YJL172W_mRNA	175	556.7	52.23	52.0	2.62	49.61	0.9943	0.1186	-46.99
YJL173C_mRNA	420	451.3	39.88	13.0	2.12	37.76	0.9286	0.0855	-35.64
YJL174W_mRNA	417	625.4	46.03	19.0	2.42	43.6	0.9904	0.0904	-41.18
YJL175W_mRNA	75	734.3	61.08	76.0	1.52	59.56	1.0	0.098	-58.04
YJL176C_mRNA	46	630.3	50.98	19.5	0.98	50.0	1.0	0.0959	-49.02
YJL177W_mRNA	2526	543.7	41.47	11.0	2.35	39.12	0.9818	0.0844	-36.78
YJL178C_mRNA	260	644.3	48.89	32.0	4.47	44.42	1.0	0.0861	-39.95
YJL179W_mRNA	639	482.2	42.5	17.0	2.97	39.54	0.9624	0.0878	-36.57
YJL180C_mRNA	99	672.6	53.46	63.0	3.05	50.41	1.0	0.1011	-47.36
YJL181W_mRNA	60	697.5	43.98	24.0	1.58	42.4	1.0	0.0737	-40.82
YJL183W_mRNA	313	758.9	43.57	22.0	2.65	40.92	0.9712	0.0694	-38.27
YJL184W_mRNA	19	398.9	44.68	13.0	1.68	43.0	0.9474	0.1077	-41.32
YJL185C_mRNA	16	602.5	65.62	78.5	4.19	61.44	1.0	0.1154	-57.25
YJL186W_mRNA	297	833.0	46.07	21.0	1.89	44.18	0.9731	0.0844	-42.28
YJL187C_mRNA	67	761.8	68.48	77.0	3.97	64.51	1.0	0.1297	-60.54
YJL188C_mRNA	38	627.8	322.21	352.5	224.92	97.29	1.0	0.4925	127.63
YJL189W_mRNA	23373	329.0	44.7	21.0	1.36	43.34	0.999	0.1262	-41.97
YJL190C_mRNA	15078	525.9	44.71	19.0	2.06	42.65	0.994	0.0844	-40.59
YJL191W_mRNA	961	472.5	52.67	11.0	19.56	33.11	0.9802	0.0994	-13.55
YJL192C_mRNA	267	561.5	41.55	14.0	4.42	37.14	0.9888	0.0851	-32.72
YJL193W_mRNA	69	576.6	59.96	70.0	3.57	56.39	1.0	0.116	-52.83
YJL194W_mRNA	19	584.3	53.53	72.0	9.11	44.42	1.0	0.1112	-35.32
YJL196C_mRNA	404	769.3	56.51	74.5	1.88	54.63	0.9926	0.0869	-52.75
YJL197W_mRNA	39	691.6	45.72	27.0	1.67	44.05	0.9744	0.0952	-42.38
YJL198W_mRNA	217	775.2	59.08	75.0	3.56	55.52	0.9908	0.1029	-51.95
YJL199C_mRNA	27	504.4	88.7	69.0	34.78	53.93	1.0	0.1689	-19.15
YJL200C_mRNA	836	705.8	54.07	64.0	2.22	51.86	0.994	0.1027	-49.64
YJL201W_mRNA	60	591.2	58.1	38.0	6.93	51.17	1.0	0.1253	-44.23
YJL202C_mRNA	6	283.3	35.17	18.5	1.17	34.0	1.0	0.1461	-32.83
YJL203W_mRNA	42	609.0	35.64	9.5	5.95	29.69	0.9286	0.0664	-23.74
YJL204C_mRNA	50	750.9	61.3	76.0	5.52	55.78	0.98	0.1062	-50.26
YJL205C_mRNA	132	356.0	85.82	80.0	24.68	61.14	1.0	0.2285	-36.45
YJL206C_mRNA	21	696.0	55.76	67.0	6.95	48.81	1.0	0.1126	-41.86
YJL207C_mRNA	170	743.1	56.74	74.0	3.04	53.7	0.9941	0.1024	-50.66
YJL208C_mRNA	211	579.4	47.23	16.0	2.76	44.47	0.9953	0.0958	-41.71
YJL209W_mRNA	57	728.4	47.98	64.0	1.54	46.44	1.0	0.0954	-44.89
YJL210W_mRNA	92	728.3	52.84	67.5	3.33	49.51	0.9674	0.08	-46.18
YJL212C_mRNA	230	724.0	59.36	73.0	2.7	56.65	0.9957	0.1143	-53.95
YJL213W_mRNA	116	548.7	45.95	22.0	4.27	41.68	0.9828	0.1104	-37.41
YJL214W_mRNA	73	615.2	164.0	103.0	8.22	155.78	0.9863	0.2497	-147.56
YJL216C_mRNA	21	849.0	142.1	110.0	45.57	96.52	1.0	0.1583	-50.95
YJL217W_mRNA	209	594.9	44.88	22.0	2.22	42.66	0.9856	0.0839	-40.44
YJL218W_mRNA	36	511.2	55.47	69.5	7.47	48.0	0.9722	0.1253	-40.53
YJL219W_mRNA	7	647.6	202.29	207.0	3.43	198.86	1.0	0.4204	-195.43
YJL221C_mRNA	27	546.6	79.37	71.0	25.33	54.04	1.0	0.1551	-28.7
YJL222W_mRNA	74	668.7	76.03	72.0	3.01	73.01	1.0	0.1353	-70.0
YJL223C_mRNA	5	431.0	189.0	187.0	40.0	149.0	1.0	0.4377	-109.0
YJL225C_mRNA	56	548.1	49.41	11.0	1.66	47.75	1.0	0.0903	-46.09
YJR001W_mRNA	259	652.0	55.8	71.0	3.08	52.72	0.9961	0.1146	-49.64
YJR002W_mRNA	212	576.3	46.84	23.5	3.03	43.81	0.9953	0.0973	-40.78
YJR003C_mRNA	126	723.4	51.19	15.5	5.37	45.83	0.9841	0.0978	-40.46
YJR004C_mRNA	644	708.4	91.11	93.0	3.31	87.8	0.9984	0.185	-84.49
YJR005W_mRNA	129	765.9	56.29	72.0	3.88	52.41	0.9922	0.1119	-48.53
YJR006W_mRNA	104	633.6	39.62	13.0	2.44	37.17	0.9904	0.085	-34.73
YJR007W_mRNA	606	686.5	52.43	66.0	4.64	47.79	0.9818	0.093	-43.16
YJR008W_mRNA	203	535.2	48.76	23.0	4.17	44.59	1.0	0.1438	-40.42
YJR009C_mRNA	10378	676.7	49.7	63.5	2.44	47.25	0.9943	0.0949	-44.81
YJR010C-A_mRNA	216	499.6	45.55	24.5	3.0	42.56	0.9861	0.0998	-39.56
YJR010W_mRNA	50	431.7	43.66	23.0	2.54	41.12	0.96	0.1209	-38.58
YJR011C_mRNA	154	628.0	79.3	77.0	3.15	76.15	1.0	0.1675	-73.0
YJR012C_mRNA	121	459.5	102.51	101.0	21.93	80.59	0.9917	0.2426	-58.66
YJR013W_mRNA	70	712.8	56.8	77.5	2.43	54.37	0.9857	0.1059	-51.94
YJR014W_mRNA	298	568.6	44.93	19.0	1.67	43.25	1.0	0.0934	-41.58
YJR015W_mRNA	301	683.1	45.84	58.0	1.93	43.91	0.9767	0.0875	-41.98
YJR016C_mRNA	1559	823.3	48.95	37.0	2.64	46.3	0.9859	0.0848	-43.66
YJR017C_mRNA	169	536.5	41.11	14.0	1.8	39.31	0.9941	0.0833	-37.5
YJR018W_mRNA	12	338.8	58.92	45.5	2.67	56.25	1.0	0.1651	-53.58
YJR019C_mRNA	25	520.3	51.36	70.0	1.72	49.64	1.0	0.1153	-47.92
YJR020W_mRNA	7	435.7	67.29	80.0	1.57	65.71	1.0	0.2145	-64.14
YJR021C_mRNA	29	510.1	50.62	58.0	2.52	48.1	1.0	0.1266	-45.59
YJR022W_mRNA	34	437.6	57.53	53.5	2.85	54.68	0.9706	0.1213	-51.82
YJR023C_mRNA	151	583.9	54.94	44.0	10.52	44.42	1.0	0.1038	-33.91
YJR024C_mRNA	83	722.4	59.8	22.0	14.18	45.61	1.0	0.0805	-31.43
YJR025C_mRNA	540	526.6	43.24	16.5	2.74	40.5	0.9963	0.0868	-37.76
YJR027W_mRNA	658	1399.2	219.56	301.5	2.78	216.78	0.9757	0.1543	-214.01
YJR028W_mRNA	10	647.1	97.8	103.0	25.5	72.3	1.0	0.168	-46.8
YJR029W_mRNA	2258	1217.0	305.94	331.0	3.1	302.84	0.9925	0.2967	-299.75
YJR030C_mRNA	392	267.6	52.98	19.5	9.38	43.59	0.9872	0.2004	-34.21
YJR031C_mRNA	52	722.5	61.94	75.5	3.02	58.92	0.9808	0.1296	-55.9
YJR032W_mRNA	159	723.8	33.55	8.0	2.37	31.18	0.9623	0.0575	-28.81
YJR033C_mRNA	45	652.2	53.42	31.0	8.24	45.18	1.0	0.1016	-36.93
YJR034W_mRNA	100	442.2	59.11	73.5	3.89	55.22	0.98	0.1411	-51.33
YJR035W_mRNA	69	713.7	52.12	71.0	1.78	50.33	1.0	0.1056	-48.55
YJR036C_mRNA	43	801.6	56.86	38.0	3.05	53.81	1.0	0.0914	-50.77
YJR039W_mRNA	57	869.5	55.12	59.0	10.86	44.26	1.0	0.1025	-33.4
YJR040W_mRNA	113	718.6	52.96	26.0	5.47	47.49	0.9912	0.0998	-42.02
YJR041C_mRNA	139	822.3	54.62	69.0	3.51	51.11	1.0	0.1008	-47.6
YJR042W_mRNA	212	870.7	49.51	51.5	1.81	47.7	0.9906	0.0732	-45.89
YJR043C_mRNA	58	615.8	49.9	36.0	2.86	47.03	1.0	0.0943	-44.17
YJR044C_mRNA	140	552.3	72.96	77.0	4.69	68.26	1.0	0.1414	-63.57
YJR045C_mRNA	2913	765.8	54.42	70.0	2.54	51.88	0.9931	0.1026	-49.33
YJR046W_mRNA	259	673.3	35.95	9.0	1.95	33.99	0.9614	0.0655	-32.04
YJR047C_mRNA	60	486.0	50.2	44.5	6.27	43.93	1.0	0.1188	-37.67
YJR048W_mRNA	648	489.3	40.06	18.0	2.48	37.58	0.9815	0.0822	-35.1
YJR049C_mRNA	125	688.8	52.41	69.0	4.14	48.26	0.968	0.1328	-44.12
YJR050W_mRNA	131	641.2	45.69	25.0	2.34	43.34	1.0	0.0852	-41.0
YJR051W_mRNA	132	745.9	52.31	23.0	2.19	50.12	0.9924	0.089	-47.93
YJR052W_mRNA	67	774.5	68.21	73.0	24.73	43.48	1.0	0.1491	-18.75
YJR053W_mRNA	14	518.1	114.79	76.5	0.71	114.07	1.0	0.175	-113.36
YJR054W_mRNA	90	750.9	76.57	74.0	12.31	64.26	1.0	0.1312	-51.94
YJR055W_mRNA	55	646.3	134.31	75.0	87.24	47.07	0.9818	0.1925	40.16
YJR056C_mRNA	88	600.5	42.9	18.5	2.65	40.25	1.0	0.0845	-37.6
YJR057W_mRNA	173	575.8	44.68	16.0	3.09	41.58	0.9769	0.0866	-38.49
YJR058C_mRNA	169	504.8	37.77	12.0	3.19	34.58	0.9941	0.0717	-31.39
YJR059W_mRNA	123	619.8	57.72	24.0	16.51	41.21	0.9837	0.1032	-24.7
YJR060W_mRNA	107	571.9	42.56	10.0	2.13	40.43	1.0	0.0879	-38.3
YJR061W_mRNA	42	743.2	90.69	73.0	47.67	43.02	1.0	0.1168	4.64
YJR062C_mRNA	60	693.1	56.77	62.5	3.75	53.02	0.9833	0.0958	-49.27
YJR063W_mRNA	234	458.0	51.56	68.0	3.1	48.46	0.9957	0.119	-45.36
YJR064W_mRNA	879	737.1	47.38	45.0	2.3	45.08	0.9932	0.0861	-42.79
YJR065C_mRNA	315	862.9	44.85	14.0	3.64	41.21	0.9778	0.0747	-37.57
YJR066W_mRNA	104	923.4	55.1	59.0	6.8	48.3	0.9904	0.0801	-41.5
YJR067C_mRNA	132	509.6	52.41	70.0	3.07	49.34	0.9848	0.1124	-46.27
YJR068W_mRNA	194	738.4	50.38	30.5	3.43	46.94	0.9742	0.0901	-43.51
YJR069C_mRNA	279	591.8	50.89	19.0	5.74	45.15	0.9892	0.0923	-39.42
YJR070C_mRNA	580	745.0	49.47	62.0	3.04	46.43	0.9948	0.087	-43.4
YJR072C_mRNA	58	507.3	41.95	10.0	2.98	38.97	1.0	0.1219	-35.98
YJR073C_mRNA	611	587.6	77.89	76.0	2.71	75.18	0.9984	0.1503	-72.47
YJR074W_mRNA	77	510.5	54.13	37.0	1.4	52.73	1.0	0.1133	-51.32
YJR075W_mRNA	302	623.0	39.46	13.0	2.68	36.78	0.9934	0.0833	-34.11
YJR076C_mRNA	73	625.3	44.53	21.0	1.67	42.86	0.9863	0.0851	-41.19
YJR077C_mRNA	568	753.2	72.14	76.0	8.67	63.46	0.993	0.1336	-54.79
YJR078W_mRNA	21	628.8	41.71	18.0	2.43	39.29	1.0	0.108	-36.86
YJR079W_mRNA	7	441.6	38.14	12.0	2.29	35.86	1.0	0.0778	-33.57
YJR080C_mRNA	158	664.4	54.58	61.5	5.94	48.65	0.9937	0.1028	-42.71
YJR082C_mRNA	255	555.0	52.65	63.0	3.27	49.38	0.9922	0.0996	-46.11
YJR083C_mRNA	36	734.8	60.94	75.0	1.36	59.58	1.0	0.0978	-58.22
YJR084W_mRNA	58	932.4	48.74	20.0	5.53	43.21	0.9828	0.0682	-37.67
YJR085C_mRNA	844	426.6	49.58	63.0	3.27	46.31	0.9988	0.1136	-43.05
YJR086W_mRNA	150	378.1	61.57	75.5	3.84	57.73	0.98	0.1599	-53.89
YJR087W_mRNA	426	402.5	51.42	55.5	3.38	48.04	0.9977	0.1265	-44.66
YJR088C_mRNA	214	866.8	55.88	61.5	2.08	53.79	0.9953	0.0748	-51.71
YJR089W_mRNA	51	591.6	50.57	21.0	1.2	49.37	1.0	0.1041	-48.18
YJR090C_mRNA	95	792.1	54.74	68.0	2.2	52.54	0.9895	0.0978	-50.34
YJR091C_mRNA	92	1047.9	59.49	77.5	3.01	56.48	1.0	0.1081	-53.47
YJR092W_mRNA	87	597.4	50.05	16.0	3.25	46.79	1.0	0.0946	-43.54
YJR093C_mRNA	65	634.3	52.92	36.0	2.57	50.35	1.0	0.1006	-47.78
YJR094C_mRNA	21	694.0	67.95	87.0	1.71	66.24	1.0	0.1204	-64.52
YJR094W-A_mRNA	7237	423.0	45.12	19.0	3.14	41.98	0.9934	0.1023	-38.84
YJR096W_mRNA	201	753.0	55.19	70.0	1.91	53.28	0.995	0.0857	-51.37
YJR097W_mRNA	44	655.5	53.73	71.5	1.61	52.11	1.0	0.0803	-50.5
YJR098C_mRNA	28	553.7	65.21	64.5	8.43	56.79	1.0	0.1391	-48.36
YJR099W_mRNA	185	700.3	46.82	17.0	3.65	43.17	0.9892	0.0794	-39.52
YJR100C_mRNA	58	669.1	46.86	30.5	1.84	45.02	0.9828	0.0892	-43.17
YJR101W_mRNA	319	736.2	50.83	24.0	3.71	47.12	0.9937	0.0789	-43.42
YJR102C_mRNA	115	633.2	68.3	55.0	3.17	65.13	1.0	0.1173	-61.97
YJR103W_mRNA	120	784.8	58.72	68.0	4.97	53.75	0.9833	0.1123	-48.78
YJR104C_mRNA	2264	504.9	46.54	18.0	2.4	44.14	0.9978	0.0957	-41.74
YJR105W_mRNA	1597	779.0	50.38	26.0	3.19	47.19	0.995	0.0776	-44.0
YJR106W_mRNA	21	718.1	105.57	76.0	4.38	101.19	1.0	0.1838	-96.81
YJR107C-A_mRNA	166	424.2	67.16	66.5	2.15	65.01	1.0	0.1428	-62.86
YJR107W_mRNA	96	601.8	138.23	91.5	87.92	50.31	1.0	0.2006	37.6
YJR108W_mRNA	21	426.0	55.38	15.0	1.33	54.05	1.0	0.1302	-52.71
YJR109C_mRNA	950	827.0	47.17	18.0	4.06	43.12	0.9958	0.0857	-39.06
YJR110W_mRNA	55	659.4	52.35	66.0	2.78	49.56	1.0	0.1245	-46.78
YJR111C_mRNA	152	597.2	52.51	53.0	2.55	49.97	1.0	0.105	-47.42
YJR112W-A_mRNA	78	431.8	85.65	81.5	38.42	47.23	0.9744	0.185	-8.81
YJR112W_mRNA	24	394.8	50.04	17.0	15.75	34.29	1.0	0.1378	-18.54
YJR113C_mRNA	77	662.9	47.03	18.0	2.22	44.81	1.0	0.0818	-42.58
YJR115W_mRNA	41	522.6	68.95	81.0	11.54	57.41	1.0	0.1621	-45.88
YJR116W_mRNA	85	657.4	57.92	69.0	5.35	52.56	0.9882	0.1086	-47.21
YJR117W_mRNA	310	685.0	51.73	65.5	2.1	49.63	0.9774	0.1015	-47.54
YJR118C_mRNA	277	582.3	51.42	23.0	3.71	47.71	0.9928	0.0913	-44.0
YJR119C_mRNA	34	560.1	96.32	76.5	25.71	70.62	1.0	0.1684	-44.91
YJR120W_mRNA	5	266.4	28.8	3.0	0.6	28.2	0.8	0.1269	-27.6
YJR121W_mRNA	1467	736.6	44.49	17.0	3.07	41.42	0.9932	0.0841	-38.35
YJR122W_mRNA	84	658.1	57.35	71.0	1.25	56.1	0.9643	0.1182	-54.85
YJR123W_mRNA	8955	632.1	42.53	13.0	2.36	40.18	0.9531	0.0756	-37.82
YJR124C_mRNA	98	654.3	48.88	39.5	4.02	44.86	1.0	0.0955	-40.84
YJR125C_mRNA	101	754.6	56.85	74.0	6.3	50.55	0.9901	0.1036	-44.26
YJR126C_mRNA	169	774.5	48.15	34.0	2.16	45.99	1.0	0.0944	-43.83
YJR127C_mRNA	94	621.0	55.9	69.5	5.17	50.73	0.9894	0.1179	-45.56
YJR129C_mRNA	113	445.4	46.56	20.0	1.86	44.7	0.9912	0.1183	-42.84
YJR130C_mRNA	190	869.6	48.89	64.0	3.14	45.76	0.9789	0.0851	-42.62
YJR131W_mRNA	89	750.7	44.6	16.0	5.7	38.9	1.0	0.0865	-33.2
YJR132W_mRNA	206	767.6	49.88	23.5	5.01	44.86	0.9854	0.0827	-39.85
YJR133W_mRNA	189	563.5	51.73	58.0	3.58	48.15	1.0	0.1025	-44.57
YJR134C_mRNA	107	808.1	41.01	14.0	1.73	39.28	0.9813	0.074	-37.55
YJR135C_mRNA	57	613.5	41.49	14.0	1.39	40.11	1.0	0.0798	-38.72
YJR135W-A_mRNA	1046	401.5	49.0	65.0	2.98	46.02	0.9943	0.1161	-43.03
YJR136C_mRNA	56	782.3	70.39	74.0	4.34	66.05	0.9821	0.1314	-61.71
YJR137C_mRNA	151	816.9	55.73	71.0	5.39	50.34	0.9934	0.1061	-44.95
YJR138W_mRNA	68	879.0	42.85	12.5	1.25	41.6	0.9853	0.079	-40.35
YJR139C_mRNA	923	831.5	49.54	51.0	2.37	47.17	0.9913	0.0777	-44.81
YJR140C_mRNA	38	872.0	48.87	24.5	4.08	44.79	1.0	0.0683	-40.71
YJR141W_mRNA	123	792.0	47.93	21.0	4.06	43.87	0.9919	0.0738	-39.81
YJR142W_mRNA	190	658.3	42.78	16.0	2.02	40.76	1.0	0.0774	-38.74
YJR143C_mRNA	358	932.1	47.63	23.5	3.01	44.62	0.9916	0.0748	-41.61
YJR144W_mRNA	219	683.6	51.38	56.0	3.31	48.08	1.0	0.0823	-44.77
YJR145C_mRNA	6625	598.1	44.59	16.0	2.48	42.11	0.9733	0.0872	-39.63
YJR146W_mRNA	9	719.1	500.22	484.0	18.44	481.78	1.0	0.7028	-463.33
YJR147W_mRNA	49	999.0	138.69	81.0	8.94	129.76	0.9592	0.1233	-120.82
YJR148W_mRNA	640	689.6	44.35	16.0	2.23	42.12	0.9922	0.0862	-39.89
YJR149W_mRNA	48	615.6	78.5	13.0	45.58	32.92	1.0	0.1003	12.67
YJR151C_mRNA	17	531.8	115.06	74.0	44.88	70.18	1.0	0.2816	-25.29
YJR152W_mRNA	37	815.7	71.22	71.0	24.51	46.7	1.0	0.1204	-22.19
YJR153W_mRNA	46	703.2	339.89	317.0	173.43	166.46	1.0	0.5102	6.98
YJR155W_mRNA	61	629.5	85.33	38.0	22.41	62.92	1.0	0.1395	-40.51
YJR156C_mRNA	58	444.8	48.5	17.5	2.81	45.69	1.0	0.1005	-42.88
YJR157W_mRNA	11	643.8	266.09	95.0	217.0	49.09	1.0	0.3545	167.91
YJR159W_mRNA	42	476.5	74.02	71.5	2.26	71.76	1.0	0.1408	-69.5
YJR160C_mRNA	84	560.8	124.69	78.0	34.33	90.36	1.0	0.2174	-56.02
YJR161C_mRNA	167	655.9	79.59	76.0	14.08	65.5	1.0	0.1393	-51.42
YKL001C_mRNA	345	567.0	45.94	16.0	6.29	39.65	0.9884	0.0986	-33.35
YKL002W_mRNA	139	535.7	126.77	137.0	1.81	124.96	1.0	0.2489	-123.16
YKL003C_mRNA	237	487.0	49.12	22.0	3.18	45.94	0.9916	0.1045	-42.76
YKL004W_mRNA	276	650.0	55.86	70.0	5.96	49.91	0.9891	0.1143	-43.95
YKL005C_mRNA	74	581.4	52.18	27.0	7.89	44.28	1.0	0.1331	-36.39
YKL006C-A_mRNA	538	547.3	72.74	75.0	9.51	63.23	0.9963	0.1415	-53.72
YKL006W_mRNA	7875	485.3	47.65	32.0	2.26	45.39	0.9806	0.0989	-43.13
YKL007W_mRNA	348	677.4	47.32	19.0	3.45	43.87	1.0	0.0782	-40.42
YKL008C_mRNA	267	816.4	66.74	74.0	2.18	64.56	0.9925	0.1109	-62.38
YKL009W_mRNA	1519	642.7	49.1	53.0	2.69	46.41	0.9961	0.0885	-43.73
YKL010C_mRNA	176	711.4	48.38	33.0	2.57	45.81	0.9659	0.092	-43.23
YKL011C_mRNA	87	727.3	56.2	36.0	4.75	51.45	0.9885	0.0858	-46.7
YKL012W_mRNA	94	614.9	52.65	65.0	1.81	50.84	0.9894	0.1056	-49.03
YKL013C_mRNA	684	568.3	48.1	40.0	3.74	44.36	0.9912	0.0916	-40.62
YKL014C_mRNA	323	819.7	49.54	53.0	1.83	47.71	0.9876	0.0861	-45.88
YKL015W_mRNA	97	969.1	69.2	77.0	4.88	64.32	1.0	0.1045	-59.44
YKL016C_mRNA	373	556.5	45.68	17.0	2.81	42.87	0.9893	0.0846	-40.05
YKL017C_mRNA	34	884.6	55.97	36.0	1.32	54.65	1.0	0.0931	-53.32
YKL018C-A_mRNA	117	343.3	41.59	12.0	2.03	39.56	1.0	0.1218	-37.54
YKL018W_mRNA	106	695.1	51.42	67.0	2.82	48.59	0.9906	0.0951	-45.77
YKL019W_mRNA	133	776.5	52.34	73.0	2.43	49.91	0.9925	0.0925	-47.48
YKL020C_mRNA	56	1075.9	62.0	73.5	3.34	58.66	0.9821	0.0806	-55.32
YKL021C_mRNA	116	598.0	47.97	21.5	2.41	45.56	1.0	0.1026	-43.15
YKL022C_mRNA	90	653.7	60.14	13.0	14.38	45.77	0.9778	0.096	-31.39
YKL023C-A_mRNA	185	667.5	48.55	16.0	2.19	46.36	0.9892	0.0839	-44.17
YKL023W_mRNA	33	415.8	48.27	13.0	6.55	41.73	1.0	0.1244	-35.18
YKL024C_mRNA	191	649.3	40.38	14.0	2.69	37.7	0.9843	0.0713	-35.01
YKL025C_mRNA	90	774.7	63.16	52.0	9.09	54.07	0.9889	0.1119	-44.98
YKL026C_mRNA	80	548.2	60.99	47.5	1.88	59.11	0.975	0.1143	-57.24
YKL027W_mRNA	227	674.8	58.19	65.0	4.01	54.18	0.9956	0.1121	-50.17
YKL028W_mRNA	91	469.0	49.49	56.0	2.1	47.4	1.0	0.1223	-45.3
YKL029C_mRNA	266	985.1	69.63	75.0	6.67	62.96	0.9962	0.0914	-56.29
YKL030W_mRNA	126	329.9	43.51	14.5	4.75	38.75	0.9524	0.1227	-34.0
YKL032C_mRNA	114	715.7	76.38	79.0	24.56	51.82	0.9912	0.1684	-27.25
YKL033W-A_mRNA	1087	646.4	48.19	23.0	2.98	45.21	0.9963	0.0815	-42.23
YKL033W_mRNA	82	823.5	75.87	81.0	4.15	71.72	1.0	0.1247	-67.57
YKL034W_mRNA	66	593.8	50.79	37.5	8.94	41.85	1.0	0.1212	-32.91
YKL035W_mRNA	714	826.6	55.97	69.5	4.89	51.08	0.9804	0.0948	-46.19
YKL036C_mRNA	18	285.6	52.06	50.0	1.0	51.06	1.0	0.1809	-50.06
YKL038W_mRNA	49	771.3	51.27	41.0	3.88	47.39	0.9796	0.0874	-43.51
YKL039W_mRNA	200	980.8	67.5	71.0	18.23	49.27	0.985	0.0945	-31.04
YKL040C_mRNA	403	779.3	48.0	15.0	6.4	41.6	0.9777	0.0674	-35.19
YKL041W_mRNA	43	429.1	37.3	10.0	1.72	35.58	0.9767	0.0996	-33.86
YKL042W_mRNA	41	611.7	53.68	20.0	13.54	40.15	1.0	0.1286	-26.61
YKL043W_mRNA	129	637.9	52.85	40.0	7.32	45.53	0.9767	0.1106	-38.22
YKL045W_mRNA	135	763.0	52.41	29.0	10.13	42.27	0.9778	0.1008	-32.14
YKL046C_mRNA	354	836.8	53.13	65.0	4.32	48.81	0.9944	0.088	-44.49
YKL047W_mRNA	109	787.8	54.33	32.0	5.22	49.11	0.9908	0.1015	-43.89
YKL048C_mRNA	41	533.3	51.34	35.0	7.71	43.63	1.0	0.1393	-35.93
YKL049C_mRNA	86	562.1	46.87	24.0	1.22	45.65	0.9884	0.0994	-44.43
YKL050C_mRNA	15	628.5	38.0	18.0	4.93	33.07	1.0	0.076	-28.13
YKL051W_mRNA	225	573.2	53.18	69.0	3.61	49.57	0.9911	0.1166	-45.96
YKL052C_mRNA	20	746.0	62.4	27.5	5.3	57.1	1.0	0.0733	-51.8
YKL053C-A_mRNA	572	445.5	55.83	74.0	3.39	52.44	0.9965	0.1239	-49.05
YKL053W_mRNA	12	241.3	42.92	24.0	3.25	39.67	1.0	0.1955	-36.42
YKL054C_mRNA	630	692.4	62.87	75.0	5.84	57.02	0.9952	0.1297	-51.18
YKL055C_mRNA	9	582.4	67.44	9.0	2.11	65.33	1.0	0.135	-63.22
YKL056C_mRNA	24052	634.4	61.54	52.0	1.88	59.67	0.9968	0.0991	-57.79
YKL057C_mRNA	287	837.4	48.93	48.0	4.1	44.83	0.9895	0.0828	-40.73
YKL058W_mRNA	448	562.3	98.7	86.0	1.62	97.08	1.0	0.1793	-95.46
YKL059C_mRNA	33	695.5	105.73	78.0	37.21	68.52	0.9697	0.186	-31.3
YKL060C_mRNA	27251	675.4	40.77	13.0	2.56	38.2	0.9789	0.0745	-35.64
YKL061W_mRNA	106	481.3	55.33	72.5	1.48	53.85	0.9811	0.1198	-52.37
YKL062W_mRNA	195	847.9	59.42	75.0	3.27	56.15	0.9897	0.1012	-52.88
YKL063C_mRNA	172	589.3	62.34	57.5	7.36	54.98	0.9942	0.1131	-47.62
YKL064W_mRNA	219	643.7	66.14	71.0	5.99	60.15	1.0	0.1333	-54.16
YKL065C_mRNA	979	643.4	59.21	72.0	3.55	55.66	0.998	0.0982	-52.12
YKL065W-A_mRNA	18	419.4	235.0	231.0	68.83	166.17	1.0	0.5243	-97.33
YKL066W_mRNA	625	621.8	50.55	17.0	6.3	44.25	0.9856	0.0856	-37.95
YKL067W_mRNA	481	566.5	46.76	24.0	3.93	42.83	0.9896	0.0869	-38.9
YKL068W-A_mRNA	218	501.6	51.31	33.0	4.37	46.94	0.9908	0.1039	-42.56
YKL068W_mRNA	222	700.4	50.07	49.0	1.84	48.23	1.0	0.094	-46.39
YKL069W_mRNA	85	511.4	44.72	19.0	3.58	41.14	0.9765	0.0935	-37.56
YKL070W_mRNA	40	672.1	162.2	91.5	17.0	145.2	1.0	0.179	-128.2
YKL071W_mRNA	62	758.1	264.0	86.0	125.45	138.55	1.0	0.3171	-13.1
YKL072W_mRNA	62	737.0	37.9	11.0	3.0	34.9	1.0	0.0697	-31.9
YKL073W_mRNA	304	777.0	53.88	64.0	2.13	51.74	0.9934	0.1053	-49.61
YKL074C_mRNA	142	763.7	48.11	66.5	2.52	45.58	0.9859	0.0867	-43.06
YKL075C_mRNA	46	614.1	49.74	16.0	1.26	48.48	1.0	0.0965	-47.22
YKL076C_mRNA	17	469.9	45.41	14.0	1.35	44.06	1.0	0.1255	-42.71
YKL077W_mRNA	439	738.3	46.19	23.0	3.08	43.1	0.9818	0.0825	-40.02
YKL078W_mRNA	88	600.7	47.62	18.5	6.62	41.0	0.9886	0.1124	-34.38
YKL079W_mRNA	220	959.5	48.22	25.0	4.01	44.2	0.9818	0.0778	-40.19
YKL080W_mRNA	785	691.0	48.11	27.0	3.67	44.44	0.9898	0.0938	-40.77
YKL081W_mRNA	2826	746.8	53.33	70.0	3.48	49.84	0.989	0.0976	-46.36
YKL082C_mRNA	20	643.8	54.9	55.5	5.25	49.65	1.0	0.1374	-44.4
YKL083W_mRNA	90	428.8	54.29	18.0	14.51	39.78	1.0	0.1218	-25.27
YKL084W_mRNA	93	514.4	47.34	35.0	3.29	44.05	1.0	0.1009	-40.76
YKL085W_mRNA	191	969.7	54.92	64.0	2.23	52.69	0.9948	0.0687	-50.46
YKL086W_mRNA	19	479.6	74.47	80.0	3.47	71.0	1.0	0.1604	-67.53
YKL087C_mRNA	158	538.0	41.82	10.5	1.74	40.08	0.9937	0.096	-38.34
YKL088W_mRNA	34	542.6	28.71	5.5	1.44	27.26	0.7647	0.0885	-25.82
YKL089W_mRNA	68	674.5	43.51	14.5	0.93	42.59	0.9412	0.069	-41.66
YKL090W_mRNA	86	627.5	98.43	81.0	1.2	97.23	0.9651	0.1801	-96.03
YKL091C_mRNA	118	694.8	47.31	24.0	2.38	44.92	0.9831	0.0806	-42.54
YKL092C_mRNA	98	714.3	41.14	13.5	3.13	38.01	0.9796	0.0757	-34.88
YKL093W_mRNA	30	903.3	272.73	223.0	30.5	242.23	1.0	0.311	-211.73
YKL094W_mRNA	359	711.0	62.03	70.0	10.06	51.97	1.0	0.1178	-41.91
YKL096W-A_mRNA	7395	476.9	60.79	77.0	4.01	56.78	0.9981	0.1256	-52.77
YKL096W_mRNA	1701	444.6	58.23	74.0	4.56	53.67	0.9953	0.1485	-49.1
YKL098W_mRNA	74	776.7	62.07	53.5	18.18	43.89	1.0	0.1081	-25.72
YKL099C_mRNA	275	630.3	37.84	13.0	2.63	35.21	1.0	0.0678	-32.58
YKL100C_mRNA	146	986.0	60.86	76.5	2.71	58.14	0.9932	0.0837	-55.43
YKL101W_mRNA	258	761.6	50.1	22.0	7.64	42.46	0.9922	0.0893	-34.82
YKL103C_mRNA	201	816.3	64.51	74.0	4.8	59.71	0.9851	0.1068	-54.91
YKL104C_mRNA	564	1013.1	52.05	68.0	2.66	49.38	0.9858	0.0843	-46.72
YKL105C_mRNA	85	605.2	50.53	66.0	2.78	47.75	0.9882	0.112	-44.98
YKL106C-A_mRNA	7	516.0	33.43	18.0	0.57	32.86	1.0	0.0594	-32.29
YKL106W_mRNA	101	789.9	48.23	20.0	3.54	44.68	0.9802	0.0735	-41.14
YKL107W_mRNA	6	516.2	87.33	77.5	1.0	86.33	1.0	0.1936	-85.33
YKL108W_mRNA	28	434.5	60.68	73.0	2.29	58.39	0.9643	0.1704	-56.11
YKL109W_mRNA	416	713.7	56.19	74.0	2.84	53.35	1.0	0.1014	-50.51
YKL110C_mRNA	245	604.0	65.49	24.0	2.4	63.09	0.9837	0.138	-60.69
YKL112W_mRNA	24	986.2	53.71	71.5	3.0	50.71	1.0	0.0815	-47.71
YKL113C_mRNA	51	651.1	80.43	69.0	12.18	68.25	0.9804	0.1696	-56.08
YKL114C_mRNA	46	773.8	66.8	48.5	1.5	65.3	1.0	0.1196	-63.8
YKL115C_mRNA	40	448.8	27.5	9.0	1.65	25.85	1.0	0.0782	-24.2
YKL116C_mRNA	87	746.8	50.78	63.0	3.05	47.74	1.0	0.092	-44.69
YKL117W_mRNA	581	567.3	40.94	13.0	1.74	39.2	0.9742	0.0816	-37.46
YKL119C_mRNA	244	649.9	43.07	16.5	2.27	40.79	0.9918	0.0697	-38.52
YKL120W_mRNA	1225	784.2	54.86	69.0	3.9	50.97	0.9976	0.0916	-47.07
YKL121W_mRNA	64	717.1	60.06	67.5	12.84	47.22	1.0	0.1141	-34.38
YKL122C_mRNA	656	531.3	42.76	13.5	1.47	41.29	0.9756	0.0827	-39.82
YKL123W_mRNA	29	515.2	40.0	20.0	1.76	38.24	1.0	0.0814	-36.48
YKL124W_mRNA	18	649.2	46.0	21.5	1.28	44.72	1.0	0.0904	-43.44
YKL125W_mRNA	123	675.9	49.59	27.0	2.88	46.71	0.9919	0.0859	-43.83
YKL126W_mRNA	174	845.6	45.2	15.0	2.64	42.56	1.0	0.0779	-39.93
YKL127W_mRNA	249	764.8	52.21	29.0	3.44	48.78	0.996	0.0981	-45.34
YKL128C_mRNA	410	703.2	57.64	66.0	7.2	50.45	0.9902	0.0976	-43.25
YKL129C_mRNA	58	612.7	57.19	74.0	2.98	54.21	1.0	0.1322	-51.22
YKL130C_mRNA	148	587.5	48.07	29.0	3.69	44.39	0.9932	0.0907	-40.7
YKL132C_mRNA	30	856.0	80.83	89.0	9.63	71.2	1.0	0.1388	-61.57
YKL133C_mRNA	39	618.9	58.1	30.0	11.49	46.62	1.0	0.1109	-35.13
YKL134C_mRNA	92	707.2	48.41	45.5	2.09	46.33	0.9891	0.0872	-44.24
YKL135C_mRNA	156	769.8	78.12	75.0	3.63	74.49	0.9936	0.1364	-70.85
YKL137W_mRNA	290	497.3	77.81	74.5	2.34	75.47	0.9966	0.1609	-73.12
YKL138C-A_mRNA	219	434.7	53.9	61.0	2.24	51.66	1.0	0.1301	-49.42
YKL138C_mRNA	93	571.0	71.99	66.0	9.32	62.67	1.0	0.1183	-53.34
YKL139W_mRNA	70	698.2	53.29	43.5	4.2	49.09	0.9857	0.1013	-44.89
YKL140W_mRNA	124	773.3	52.3	68.5	4.38	47.92	1.0	0.0994	-43.54
YKL141W_mRNA	264	611.1	58.03	70.5	4.71	53.32	1.0	0.1042	-48.61
YKL142W_mRNA	310	545.7	62.85	65.0	24.02	38.83	0.9968	0.1657	-14.8
YKL143W_mRNA	103	559.0	32.46	9.0	1.17	31.28	0.9806	0.0722	-30.11
YKL144C_mRNA	188	581.4	47.42	17.5	5.45	41.97	0.9947	0.0857	-36.52
YKL145W-A_mRNA	183	745.6	48.2	22.0	3.83	44.37	0.9891	0.0782	-40.55
YKL145W_mRNA	218	735.0	51.0	19.0	2.6	48.4	0.9862	0.0851	-45.8
YKL146W_mRNA	112	765.8	53.55	68.5	2.52	51.04	1.0	0.0987	-48.52
YKL148C_mRNA	86	1087.6	58.83	73.5	6.12	52.71	1.0	0.0833	-46.59
YKL149C_mRNA	67	517.2	53.27	73.0	3.31	49.96	0.9552	0.1277	-46.64
YKL150W_mRNA	593	698.6	68.05	66.0	20.77	47.28	0.9916	0.1058	-26.51
YKL151C_mRNA	215	444.9	51.87	40.0	4.67	47.2	0.9395	0.1242	-42.53
YKL152C_mRNA	14878	698.4	44.71	16.0	2.64	42.07	0.9985	0.0749	-39.43
YKL153W_mRNA	21	377.7	65.57	77.0	5.33	60.24	0.8571	0.1513	-54.9
YKL154W_mRNA	217	660.0	59.7	74.0	8.65	51.05	0.9954	0.1122	-42.39
YKL155C_mRNA	75	641.3	52.43	69.0	1.4	51.03	0.9733	0.1117	-49.63
YKL156W_mRNA	4775	464.1	51.01	55.0	6.71	44.3	0.9992	0.1073	-37.6
YKL157W_mRNA	333	773.4	54.99	56.0	4.93	50.06	0.952	0.099	-45.13
YKL159C_mRNA	70	498.3	53.41	41.0	3.5	49.91	0.9714	0.1148	-46.41
YKL160W_mRNA	96	494.4	51.08	65.5	2.4	48.69	0.9896	0.1156	-46.29
YKL161C_mRNA	104	786.9	207.74	80.0	14.58	193.16	1.0	0.2289	-178.59
YKL162C-A_mRNA	11	563.8	435.36	383.0	62.27	373.09	1.0	0.7126	-310.82
YKL162C_mRNA	22	614.0	61.55	45.5	3.59	57.95	1.0	0.1558	-54.36
YKL163W_mRNA	200	585.7	101.34	83.0	54.54	46.81	0.99	0.216	7.72
YKL164C_mRNA	367	728.8	59.85	74.0	3.52	56.33	0.9891	0.1138	-52.81
YKL165C_mRNA	169	720.3	69.33	70.0	8.74	60.59	0.9882	0.1314	-51.85
YKL166C_mRNA	90	681.2	33.89	10.0	1.83	32.06	0.9889	0.0658	-30.22
YKL167C_mRNA	141	461.2	50.06	18.0	7.65	42.4	0.9858	0.0988	-34.75
YKL168C_mRNA	39	735.0	25.18	7.0	2.05	23.13	0.9231	0.0362	-21.08
YKL169C_mRNA	156	510.0	33.96	8.0	2.17	31.79	1.0	0.0725	-29.62
YKL170W_mRNA	108	539.0	41.18	14.5	2.75	38.43	1.0	0.0759	-35.68
YKL171W_mRNA	45	631.7	54.31	72.0	4.6	49.71	1.0	0.1276	-45.11
YKL172W_mRNA	214	523.1	36.01	10.0	1.64	34.38	0.9813	0.0797	-32.74
YKL173W_mRNA	108	602.5	54.08	59.0	2.54	51.55	0.9815	0.1138	-49.01
YKL174C_mRNA	88	874.9	45.62	45.5	2.38	43.25	0.9886	0.084	-40.88
YKL175W_mRNA	167	683.7	50.25	70.0	3.08	47.17	1.0	0.1051	-44.09
YKL176C_mRNA	201	679.4	177.21	151.0	117.96	59.26	1.0	0.3649	58.7
YKL178C_mRNA	803	696.0	57.72	73.0	3.44	54.27	0.9975	0.114	-50.83
YKL179C_mRNA	144	843.8	62.44	76.0	3.72	58.72	0.9931	0.0982	-54.99
YKL180W_mRNA	3824	601.2	44.27	13.0	1.85	42.42	0.995	0.0782	-40.57
YKL181W_mRNA	1120	806.6	53.02	69.0	2.71	50.31	0.9902	0.088	-47.6
YKL182W_mRNA	3820	933.6	54.44	68.0	3.1	51.34	0.994	0.0914	-48.25
YKL183W_mRNA	93	656.0	43.02	12.0	1.75	41.27	0.9892	0.0879	-39.52
YKL184W_mRNA	222	615.0	41.35	16.0	2.7	38.65	0.982	0.089	-35.95
YKL185W_mRNA	190	680.9	59.03	74.0	5.76	53.27	0.9947	0.1293	-47.52
YKL186C_mRNA	244	533.7	68.53	62.5	19.44	49.09	0.9918	0.1334	-29.65
YKL187C_mRNA	13	589.3	145.54	91.0	27.85	117.69	1.0	0.3181	-89.85
YKL188C_mRNA	101	783.3	89.55	90.0	2.96	86.59	0.9901	0.1489	-83.63
YKL189W_mRNA	57	708.6	74.23	78.0	13.91	60.32	1.0	0.1301	-46.4
YKL190W_mRNA	170	583.6	38.4	12.0	3.58	34.82	0.9941	0.0729	-31.24
YKL191W_mRNA	170	737.4	52.17	69.5	1.98	50.19	0.9941	0.1	-48.22
YKL192C_mRNA	475	511.6	56.45	70.0	5.5	50.95	0.9979	0.1098	-45.45
YKL193C_mRNA	101	724.7	40.09	16.0	2.31	37.78	0.9703	0.0685	-35.48
YKL194C_mRNA	60	670.7	40.8	15.0	2.08	38.72	0.9833	0.0832	-36.63
YKL195W_mRNA	254	669.4	47.29	16.0	1.96	45.33	1.0	0.0893	-43.38
YKL196C_mRNA	1254	664.5	58.06	71.0	3.87	54.19	0.9944	0.1001	-50.32
YKL197C_mRNA	23	732.3	76.0	84.0	3.74	72.26	1.0	0.1288	-68.52
YKL198C_mRNA	71	750.4	58.73	73.0	6.34	52.39	1.0	0.1178	-46.06
YKL201C_mRNA	45	512.8	157.56	117.0	10.91	146.64	1.0	0.3008	-135.73
YKL203C_mRNA	80	535.4	47.34	15.5	3.72	43.61	1.0	0.1166	-39.89
YKL204W_mRNA	104	659.0	56.11	72.0	2.1	54.01	1.0	0.1134	-51.91
YKL205W_mRNA	278	847.0	71.74	75.5	4.85	66.9	0.9928	0.1218	-62.05
YKL206C_mRNA	174	642.6	54.28	71.5	1.55	52.73	0.9885	0.0953	-51.18
YKL207W_mRNA	279	550.3	51.54	26.0	3.69	47.85	0.9892	0.1088	-44.16
YKL208W_mRNA	56	609.2	47.46	67.0	1.23	46.23	0.9821	0.1068	-45.0
YKL209C_mRNA	47	817.6	50.38	43.0	5.15	45.23	1.0	0.102	-40.09
YKL210W_mRNA	463	834.6	54.52	31.0	4.7	49.83	0.9957	0.0915	-45.13
YKL211C_mRNA	345	797.5	56.49	49.0	2.05	54.44	0.9855	0.1023	-52.39
YKL212W_mRNA	349	833.3	57.35	67.0	3.48	53.86	0.9943	0.0972	-50.38
YKL213C_mRNA	323	888.9	59.77	71.0	7.33	52.43	0.9938	0.0837	-45.1
YKL214C_mRNA	146	519.5	46.07	18.0	1.68	44.39	1.0	0.1029	-42.71
YKL215C_mRNA	75	759.9	68.33	78.0	4.75	63.59	0.9733	0.121	-58.84
YKL216W_mRNA	456	641.4	51.26	63.5	3.7	47.56	0.9978	0.103	-43.87
YKL217W_mRNA	60	561.4	80.08	74.0	32.0	48.08	1.0	0.1818	-16.08
YKL218C_mRNA	210	733.5	102.02	71.0	5.06	96.96	1.0	0.1441	-91.9
YKL219W_mRNA	70	674.9	104.46	85.5	1.43	103.03	1.0	0.1857	-101.6
YKL220C_mRNA	34	930.0	258.91	98.5	124.15	134.76	1.0	0.2775	-10.62
YKL221W_mRNA	8	430.1	188.88	213.5	85.0	103.88	1.0	0.4617	-18.88
YKL222C_mRNA	52	667.2	132.37	85.5	2.83	129.54	1.0	0.2428	-126.71
YKR001C_mRNA	330	781.2	53.99	59.0	3.67	50.32	0.9879	0.0961	-46.65
YKR002W_mRNA	94	677.7	42.13	16.0	2.22	39.9	0.9787	0.0831	-37.68
YKR003W_mRNA	58	708.2	48.17	18.0	2.07	46.1	0.9828	0.0859	-44.03
YKR004C_mRNA	111	514.9	57.34	67.0	2.43	54.91	1.0	0.1316	-52.48
YKR005C_mRNA	21	654.7	265.71	266.0	2.71	263.0	1.0	0.4371	-260.29
YKR006C_mRNA	110	583.7	46.98	20.0	1.61	45.37	1.0	0.094	-43.76
YKR007W_mRNA	87	504.5	46.8	21.0	3.53	43.28	1.0	0.1038	-39.75
YKR008W_mRNA	77	821.4	51.6	62.0	3.43	48.17	1.0	0.0962	-44.74
YKR009C_mRNA	98	488.6	64.07	67.5	2.78	61.3	1.0	0.1419	-58.52
YKR010C_mRNA	66	712.6	73.83	78.5	1.27	72.56	1.0	0.15	-71.29
YKR011C_mRNA	179	717.4	56.34	67.0	2.37	53.97	0.9832	0.1124	-51.59
YKR012C_mRNA	72	720.4	61.46	72.0	2.24	59.22	0.9722	0.0978	-56.99
YKR013W_mRNA	320	602.3	60.33	76.5	4.63	55.7	1.0	0.1242	-51.06
YKR014C_mRNA	312	584.6	76.05	61.0	2.15	73.91	0.9904	0.1548	-71.76
YKR015C_mRNA	39	664.3	170.74	152.0	8.49	162.26	1.0	0.2653	-153.77
YKR016W_mRNA	255	726.7	39.68	11.0	2.82	36.85	0.949	0.0762	-34.03
YKR017C_mRNA	51	780.4	59.51	39.0	2.53	56.98	1.0	0.1035	-54.45
YKR018C_mRNA	135	811.6	49.49	19.0	3.65	45.84	0.9926	0.0901	-42.19
YKR019C_mRNA	25	463.9	85.36	65.0	39.24	46.12	1.0	0.2036	-6.88
YKR020W_mRNA	85	519.3	42.66	18.0	2.67	39.99	0.9647	0.0867	-37.32
YKR021W_mRNA	115	663.3	48.89	60.0	1.29	47.6	1.0	0.0974	-46.31
YKR022C_mRNA	75	788.9	57.24	76.0	1.09	56.15	0.9867	0.103	-55.05
YKR023W_mRNA	43	500.5	49.09	35.0	1.14	47.95	1.0	0.1093	-46.81
YKR024C_mRNA	99	803.1	48.77	17.0	2.55	46.22	0.8687	0.083	-43.68
YKR025W_mRNA	58	607.3	38.12	15.0	0.71	37.41	1.0	0.0807	-36.71
YKR026C_mRNA	273	747.4	50.77	20.0	4.32	46.45	0.9963	0.085	-42.12
YKR027W_mRNA	75	761.2	52.03	61.0	9.69	42.33	1.0	0.1049	-32.64
YKR028W_mRNA	81	709.8	61.53	71.0	7.22	54.31	1.0	0.121	-47.09
YKR029C_mRNA	69	811.9	51.67	23.0	4.22	47.45	0.9855	0.0823	-43.23
YKR030W_mRNA	224	686.5	54.39	70.0	4.11	50.28	0.9955	0.0933	-46.17
YKR031C_mRNA	113	823.4	59.33	76.0	3.04	56.28	1.0	0.1028	-53.24
YKR034W_mRNA	36	669.0	141.11	124.5	25.42	115.69	1.0	0.2375	-90.28
YKR035W-A_mRNA	158	558.1	55.91	70.0	2.44	53.46	0.9937	0.1105	-51.02
YKR036C_mRNA	61	477.1	60.75	63.0	1.77	58.98	0.9836	0.1269	-57.21
YKR037C_mRNA	99	637.4	48.77	21.0	6.19	42.58	0.9899	0.0901	-36.38
YKR038C_mRNA	76	659.7	36.01	10.5	1.86	34.16	0.9474	0.0615	-32.3
YKR039W_mRNA	937	712.8	45.28	20.0	3.03	42.25	0.9947	0.0909	-39.22
YKR042W_mRNA	1138	712.2	58.36	74.0	3.9	54.46	0.9965	0.1058	-50.55
YKR043C_mRNA	573	529.7	43.11	17.0	2.44	40.67	0.986	0.1046	-38.22
YKR044W_mRNA	74	602.4	46.5	17.5	2.54	43.96	0.9865	0.0968	-41.42
YKR045C_mRNA	90	618.3	53.19	54.5	2.86	50.33	1.0	0.1079	-47.48
YKR046C_mRNA	255	730.5	53.59	66.0	4.4	49.19	0.9961	0.0894	-44.79
YKR047W_mRNA	64	487.5	47.22	13.5	10.0	37.22	0.9688	0.1168	-27.22
YKR048C_mRNA	130	564.9	43.76	13.0	1.79	41.97	0.9769	0.0996	-40.18
YKR049C_mRNA	91	456.6	60.25	43.0	1.76	58.49	1.0	0.1318	-56.74
YKR050W_mRNA	50	660.9	40.64	12.5	1.52	39.12	1.0	0.0835	-37.6
YKR051W_mRNA	75	700.1	56.25	66.0	2.73	53.52	1.0	0.1124	-50.79
YKR052C_mRNA	164	679.7	65.05	74.0	3.03	62.02	1.0	0.1209	-58.99
YKR053C_mRNA	74	382.8	71.88	71.0	26.53	45.35	1.0	0.2237	-18.82
YKR054C_mRNA	51	809.2	50.0	46.0	3.49	46.51	0.9804	0.0845	-43.02
YKR055W_mRNA	68	782.6	46.4	37.5	3.0	43.4	0.9853	0.0805	-40.4
YKR056W_mRNA	93	812.8	49.84	26.0	2.96	46.88	0.9892	0.0849	-43.92
YKR057W_mRNA	10707	463.9	44.86	21.0	3.01	41.85	0.9977	0.0939	-38.84
YKR058W_mRNA	107	445.5	48.07	22.0	3.9	44.17	0.9813	0.1306	-40.27
YKR059W_mRNA	2773	707.5	46.22	20.0	2.21	44.01	0.9935	0.085	-41.79
YKR060W_mRNA	101	518.4	50.83	42.0	5.61	45.22	0.9901	0.1074	-39.6
YKR061W_mRNA	252	574.8	141.85	86.0	97.14	44.71	0.996	0.31	52.43
YKR062W_mRNA	139	661.4	40.12	13.0	2.58	37.53	0.9928	0.079	-34.95
YKR063C_mRNA	62	735.8	57.73	68.0	2.34	55.39	0.9677	0.1113	-53.05
YKR064W_mRNA	50	900.9	59.7	71.0	6.34	53.36	1.0	0.0916	-47.02
YKR065C_mRNA	292	553.3	43.91	14.0	3.01	40.9	0.9966	0.0852	-37.9
YKR066C_mRNA	129	680.1	32.14	10.0	2.02	30.12	0.9922	0.0535	-28.09
YKR067W_mRNA	113	628.8	47.35	16.0	3.96	43.39	0.9823	0.0956	-39.43
YKR068C_mRNA	278	637.6	65.65	55.5	4.94	60.71	0.9964	0.1079	-55.77
YKR069W_mRNA	49	588.6	60.88	73.0	19.94	40.94	1.0	0.1639	-21.0
YKR070W_mRNA	174	667.6	54.37	60.5	3.68	50.69	0.9828	0.1127	-47.01
YKR071C_mRNA	797	640.1	47.84	30.0	2.03	45.81	0.9749	0.0853	-43.78
YKR072C_mRNA	65	345.4	49.02	17.0	5.52	43.49	0.9538	0.1433	-37.97
YKR073C_mRNA	6	421.3	225.5	223.0	0.0	225.5	1.0	0.5311	-225.5
YKR074W_mRNA	326	544.2	46.84	35.0	2.82	44.02	0.9816	0.0847	-41.21
YKR075C_mRNA	73	651.1	51.47	56.0	4.7	46.77	1.0	0.0954	-42.07
YKR075W-A_mRNA	486	550.9	48.2	61.5	3.14	45.06	0.9938	0.0977	-41.92
YKR076W_mRNA	30	668.2	69.53	77.5	1.6	67.93	1.0	0.1312	-66.33
YKR077W_mRNA	44	774.1	61.91	74.5	2.59	59.32	1.0	0.0926	-56.73
YKR078W_mRNA	52	735.8	57.17	56.0	3.19	53.98	1.0	0.0851	-50.79
YKR079C_mRNA	140	758.2	49.63	32.0	5.14	44.49	0.9857	0.0878	-39.36
YKR080W_mRNA	158	692.0	52.31	67.5	2.73	49.58	1.0	0.092	-46.85
YKR081C_mRNA	213	646.5	40.83	13.0	2.04	38.78	0.9906	0.0799	-36.74
YKR082W_mRNA	139	980.9	56.76	67.0	5.07	51.68	0.9784	0.0989	-46.61
YKR083C_mRNA	72	417.7	65.93	61.0	5.97	59.96	1.0	0.1672	-53.99
YKR084C_mRNA	179	861.7	47.35	23.0	1.35	45.99	0.9721	0.079	-44.64
YKR085C_mRNA	271	605.3	53.79	70.0	2.08	51.7	0.9963	0.0932	-49.62
YKR086W_mRNA	48	688.9	82.52	80.5	9.67	72.85	1.0	0.1431	-63.19
YKR087C_mRNA	68	600.3	48.76	43.5	3.71	45.06	1.0	0.1052	-41.35
YKR088C_mRNA	139	787.7	74.66	78.0	12.82	61.84	1.0	0.1068	-49.02
YKR089C_mRNA	60	674.2	45.82	27.0	2.83	42.98	1.0	0.1093	-40.15
YKR090W_mRNA	67	727.8	53.66	68.0	3.64	50.01	0.9851	0.0912	-46.37
YKR091W_mRNA	316	585.6	51.01	41.5	2.0	49.01	0.9937	0.1019	-47.01
YKR092C_mRNA	250	530.7	49.4	18.0	3.68	45.72	0.996	0.1073	-42.04
YKR093W_mRNA	704	657.7	55.38	72.0	3.08	52.3	0.9943	0.1231	-49.23
YKR094C_mRNA	15748	534.2	43.33	18.0	2.46	40.87	0.9813	0.0813	-38.41
YKR095W-A_mRNA	141	362.6	40.67	9.0	4.4	36.28	0.9433	0.1082	-31.88
YKR095W_mRNA	83	457.6	40.89	11.0	2.2	38.69	0.988	0.096	-36.48
YKR096W_mRNA	50	1062.1	52.92	63.5	2.96	49.96	1.0	0.0854	-47.0
YKR097W_mRNA	20	518.8	58.5	73.5	2.3	56.2	1.0	0.149	-53.9
YKR098C_mRNA	75	793.9	56.96	64.0	2.72	54.24	1.0	0.0936	-51.52
YKR099W_mRNA	44	721.5	47.57	11.0	1.8	45.77	0.9773	0.0948	-43.98
YKR100C_mRNA	221	653.9	45.88	16.0	3.0	42.88	0.9819	0.0808	-39.87
YKR101W_mRNA	36	739.6	67.75	76.0	6.94	60.81	1.0	0.1128	-53.86
YKR102W_mRNA	22	446.4	144.5	90.5	103.14	41.36	1.0	0.3348	61.77
YKR103W_mRNA	51	988.7	376.29	81.0	335.59	40.71	1.0	0.2796	294.88
YKR104W_mRNA	14	768.1	70.79	78.0	12.71	58.07	1.0	0.1435	-45.36
YKR105C_mRNA	12	798.2	157.5	143.5	0.5	157.0	1.0	0.3152	-156.5
YKR106W_mRNA	22	641.8	130.86	85.0	3.27	127.59	0.9545	0.1654	-124.32
YLL001W_mRNA	128	637.4	60.22	27.0	15.61	44.61	0.9922	0.127	-29.0
YLL002W_mRNA	65	684.2	55.18	46.0	3.75	51.43	0.9846	0.0974	-47.68
YLL003W_mRNA	54	672.9	74.19	30.0	31.07	43.11	1.0	0.1583	-12.04
YLL004W_mRNA	57	743.2	55.21	72.0	4.63	50.58	1.0	0.1195	-45.95
YLL005C_mRNA	44	526.8	55.8	67.0	8.39	47.41	0.9545	0.1136	-39.02
YLL006W_mRNA	58	778.0	42.33	14.0	2.17	40.16	1.0	0.0675	-37.98
YLL007C_mRNA	49	858.0	59.65	76.0	3.06	56.59	0.9796	0.1155	-53.53
YLL008W_mRNA	191	659.0	52.57	53.0	1.81	50.76	0.9843	0.1015	-48.95
YLL009C_mRNA	348	360.3	40.85	15.0	3.22	37.63	1.0	0.1062	-34.41
YLL010C_mRNA	38	567.9	63.32	45.5	2.37	60.95	1.0	0.1415	-58.58
YLL011W_mRNA	76	777.0	41.5	12.0	1.17	40.33	0.9868	0.0684	-39.16
YLL012W_mRNA	117	618.1	68.67	75.0	2.12	66.55	0.9915	0.1682	-64.43
YLL013C_mRNA	31	513.8	82.9	81.0	3.68	79.23	1.0	0.1697	-75.55
YLL014W_mRNA	533	434.5	46.07	19.0	3.51	42.56	0.9887	0.1031	-39.04
YLL015W_mRNA	258	827.1	54.02	24.5	1.73	52.29	0.9922	0.0899	-50.57
YLL018C-A_mRNA	32	668.2	41.31	14.0	2.31	39.0	0.9375	0.0847	-36.69
YLL018C_mRNA	714	823.9	47.38	19.0	2.94	44.45	0.9972	0.0759	-41.51
YLL019C_mRNA	37	623.9	44.14	37.0	2.73	41.41	0.973	0.0952	-38.68
YLL020C_mRNA	27	488.9	84.96	92.0	4.33	80.63	1.0	0.1914	-76.3
YLL021W_mRNA	60	625.3	42.77	14.0	1.8	40.97	0.9333	0.0886	-39.17
YLL022C_mRNA	40	684.3	50.62	40.0	5.32	45.3	1.0	0.0989	-39.98
YLL023C_mRNA	185	578.4	47.05	20.0	3.81	43.25	0.9892	0.0941	-39.44
YLL024C_mRNA	4715	857.3	42.72	12.0	2.36	40.36	0.9457	0.0748	-38.0
YLL025W_mRNA	11	412.3	66.0	37.0	4.18	61.82	1.0	0.1558	-57.64
YLL026W_mRNA	4137	858.6	50.73	62.0	2.42	48.3	0.993	0.0827	-45.88
YLL027W_mRNA	113	521.7	50.36	63.0	4.87	45.5	1.0	0.1278	-40.63
YLL028W_mRNA	175	772.3	45.03	17.0	3.37	41.66	0.9886	0.089	-38.29
YLL029W_mRNA	210	799.2	49.37	32.5	3.4	45.97	0.9857	0.0833	-42.57
YLL031C_mRNA	121	638.3	58.79	72.0	6.81	51.98	0.9669	0.1357	-45.17
YLL032C_mRNA	33	954.7	57.0	72.0	1.61	55.39	1.0	0.0929	-53.79
YLL033W_mRNA	48	543.5	47.35	18.0	7.92	39.44	0.9583	0.1033	-31.52
YLL034C_mRNA	115	762.1	48.4	27.0	4.38	44.02	0.9826	0.0849	-39.63
YLL035W_mRNA	59	690.8	45.54	31.0	4.59	40.95	1.0	0.096	-36.36
YLL036C_mRNA	105	737.5	51.37	68.0	2.04	49.33	0.981	0.0957	-47.3
YLL037W_mRNA	6	260.3	53.17	48.5	1.83	51.33	1.0	0.1745	-49.5
YLL039C_mRNA	1370	704.4	46.75	19.5	3.0	43.75	0.9971	0.0879	-40.76
YLL040C_mRNA	94	624.6	46.07	19.0	3.06	43.01	0.9787	0.1064	-39.95
YLL041C_mRNA	218	763.6	55.88	68.5	2.68	53.19	0.9954	0.0949	-50.51
YLL042C_mRNA	28	451.4	80.75	87.5	10.5	70.25	1.0	0.1763	-59.75
YLL043W_mRNA	118	598.5	55.09	66.0	4.43	50.66	0.9915	0.1187	-46.23
YLL045C_mRNA	4957	643.1	40.21	12.0	1.51	38.7	0.9859	0.0732	-37.19
YLL048C_mRNA	468	825.1	62.83	66.0	3.17	59.66	0.9893	0.0986	-56.49
YLL049W_mRNA	165	505.8	62.4	70.0	8.75	53.65	1.0	0.1278	-44.9
YLL050C_mRNA	2361	529.9	47.15	17.0	5.65	41.5	0.9966	0.0885	-35.84
YLL051C_mRNA	63	986.3	175.67	182.0	8.29	167.38	0.9841	0.2382	-159.1
YLL052C_mRNA	88	635.6	75.92	84.5	24.23	51.69	1.0	0.1832	-27.47
YLL053C_mRNA	96	664.3	48.81	44.0	2.43	46.39	0.9792	0.0789	-43.96
YLL054C_mRNA	71	846.7	50.9	32.0	3.62	47.28	1.0	0.0837	-43.66
YLL055W_mRNA	172	686.1	56.49	62.0	7.12	49.37	0.9826	0.1015	-42.24
YLL056C_mRNA	17	711.2	52.29	77.0	1.76	50.53	1.0	0.1131	-48.76
YLL057C_mRNA	17	564.0	198.94	200.0	7.94	191.0	1.0	0.4016	-183.06
YLL058W_mRNA	60	733.8	43.08	12.5	17.17	25.92	1.0	0.0539	-8.75
YLL060C_mRNA	119	629.0	57.7	65.0	4.67	53.03	1.0	0.1148	-48.35
YLL061W_mRNA	49	626.5	88.71	69.0	43.0	45.71	0.9796	0.154	-2.71
YLL062C_mRNA	22	771.9	47.68	14.5	3.32	44.36	1.0	0.0774	-41.05
YLL063C_mRNA	19	366.3	92.47	78.0	0.84	91.63	1.0	0.2265	-90.79
YLL066C_mRNA	43	636.0	41.14	13.0	3.58	37.56	0.9767	0.0779	-33.98
YLL067C_mRNA	12	669.3	36.0	11.5	2.33	33.67	1.0	0.059	-31.33
YLR001C_mRNA	75	737.8	55.03	30.0	13.96	41.07	0.9733	0.1147	-27.11
YLR002C_mRNA	246	765.3	48.05	34.0	2.15	45.89	0.9756	0.0949	-43.74
YLR003C_mRNA	346	612.9	56.11	68.0	5.34	50.77	0.9913	0.1094	-45.43
YLR004C_mRNA	27	613.3	72.56	66.0	13.19	59.37	1.0	0.1293	-46.19
YLR005W_mRNA	86	808.5	53.08	61.5	4.37	48.71	0.9884	0.0819	-44.34
YLR006C_mRNA	91	618.2	51.26	22.0	1.54	49.73	0.989	0.1089	-48.19
YLR007W_mRNA	180	702.3	46.6	25.0	3.49	43.11	0.9944	0.0855	-39.61
YLR008C_mRNA	385	607.4	52.38	71.0	1.92	50.46	0.9974	0.1003	-48.55
YLR009W_mRNA	122	434.4	36.11	12.0	1.32	34.79	0.9918	0.0921	-33.47
YLR010C_mRNA	82	431.2	58.77	75.5	3.06	55.71	1.0	0.1644	-52.65
YLR011W_mRNA	60	489.6	60.2	77.5	1.8	58.4	1.0	0.1381	-56.6
YLR012C_mRNA	7	215.3	37.0	7.0	0.86	36.14	1.0	0.1465	-35.29
YLR014C_mRNA	40	672.6	56.28	29.5	6.15	50.12	0.975	0.0987	-43.98
YLR015W_mRNA	78	687.2	41.82	13.5	1.76	40.06	0.9615	0.0748	-38.31
YLR016C_mRNA	70	593.0	47.4	20.5	2.86	44.54	1.0	0.0855	-41.69
YLR017W_mRNA	261	661.9	50.35	64.0	1.68	48.67	1.0	0.0954	-46.99
YLR018C_mRNA	136	637.9	44.74	21.5	3.42	41.32	0.9926	0.0932	-37.9
YLR019W_mRNA	102	647.1	56.05	72.5	2.43	53.62	1.0	0.1033	-51.19
YLR020C_mRNA	148	720.6	44.78	23.0	2.16	42.63	1.0	0.0862	-40.47
YLR021W_mRNA	191	526.4	43.92	19.0	3.88	40.04	0.9843	0.0848	-36.16
YLR022C_mRNA	287	666.2	41.97	12.0	3.14	38.82	0.9547	0.0665	-35.68
YLR023C_mRNA	230	723.1	56.09	70.0	4.93	51.16	0.9957	0.1194	-46.23
YLR024C_mRNA	43	701.9	84.91	79.0	2.47	82.44	1.0	0.1369	-79.98
YLR025W_mRNA	101	541.3	42.56	13.0	8.5	34.06	0.9901	0.0798	-25.55
YLR026C_mRNA	68	567.4	45.87	19.5	1.12	44.75	1.0	0.1073	-43.63
YLR027C_mRNA	491	728.0	39.84	11.0	1.85	37.99	0.9593	0.0693	-36.13
YLR028C_mRNA	403	661.6	130.66	68.0	89.83	40.83	0.9901	0.2208	49.0
YLR029C_mRNA	8947	624.9	42.16	19.0	1.92	40.24	0.9942	0.0736	-38.32
YLR030W_mRNA	40	654.6	69.62	68.5	1.32	68.3	0.95	0.1238	-66.97
YLR032W_mRNA	57	806.6	47.77	26.0	3.79	43.98	1.0	0.0817	-40.19
YLR033W_mRNA	160	668.4	41.58	11.5	3.44	38.14	0.975	0.0745	-34.69
YLR034C_mRNA	178	654.2	50.33	68.0	2.43	47.9	0.9944	0.1061	-45.47
YLR035C-A_mRNA	461	906.6	325.54	336.0	2.2	323.34	0.9935	0.3886	-321.13
YLR035C_mRNA	20	1033.8	87.05	82.5	9.3	77.75	1.0	0.1447	-68.45
YLR036C_mRNA	224	586.4	152.66	92.5	93.53	59.13	0.9955	0.2813	34.4
YLR037C_mRNA	52	519.2	107.98	112.0	19.98	88.0	1.0	0.2512	-68.02
YLR038C_mRNA	1265	509.6	120.02	151.0	1.93	118.09	0.9984	0.2225	-116.16
YLR039C_mRNA	61	919.5	53.1	17.0	3.67	49.43	0.9672	0.0727	-45.75
YLR040C_mRNA	631	611.5	54.41	72.0	3.45	50.96	0.9857	0.1079	-47.5
YLR041W_mRNA	85	485.5	50.22	17.0	1.6	48.62	0.9882	0.102	-47.02
YLR042C_mRNA	139	458.3	46.81	12.0	3.04	43.77	0.9856	0.0998	-40.73
YLR043C_mRNA	1638	439.2	56.36	73.0	5.12	51.24	0.9969	0.1241	-46.12
YLR044C_mRNA	29591	765.9	49.32	65.0	2.86	46.46	0.9952	0.0922	-43.6
YLR045C_mRNA	50	635.4	41.56	10.0	10.84	30.72	0.98	0.0864	-19.88
YLR046C_mRNA	58	583.8	49.29	72.0	1.14	48.16	1.0	0.1002	-47.02
YLR047C_mRNA	8	655.6	40.25	18.5	4.0	36.25	1.0	0.0769	-32.25
YLR048W_mRNA	1486	641.2	43.98	14.0	2.59	41.39	0.9637	0.082	-38.8
YLR049C_mRNA	102	644.7	47.91	24.5	3.22	44.7	0.9804	0.0835	-41.48
YLR050C_mRNA	134	485.4	60.99	71.0	9.65	51.34	0.9925	0.1298	-41.69
YLR051C_mRNA	209	607.3	40.79	12.0	3.0	37.79	0.9569	0.0726	-34.8
YLR052W_mRNA	143	569.7	52.52	66.0	4.8	47.72	0.993	0.104	-42.92
YLR054C_mRNA	157	626.6	54.77	31.0	4.63	50.14	1.0	0.0881	-45.51
YLR055C_mRNA	36	537.5	61.92	15.5	20.56	41.36	0.9722	0.124	-20.81
YLR056W_mRNA	719	714.1	56.94	68.0	2.74	54.2	0.9986	0.1039	-51.46
YLR057W_mRNA	110	521.8	44.28	16.0	1.45	42.83	0.9909	0.1106	-41.37
YLR058C_mRNA	313	749.5	50.6	38.0	2.47	48.13	0.9968	0.0903	-45.66
YLR059C_mRNA	119	671.9	58.64	66.0	3.97	54.67	0.9916	0.1043	-50.71
YLR060W_mRNA	746	766.1	52.32	62.0	4.47	47.85	0.996	0.0981	-43.39
YLR061W_mRNA	5044	427.9	39.91	11.0	3.52	36.39	0.976	0.09	-32.86
YLR063W_mRNA	5	290.0	56.4	65.0	1.0	55.4	1.0	0.2049	-54.4
YLR064W_mRNA	287	761.9	61.08	75.0	2.5	58.58	0.993	0.0915	-56.08
YLR065C_mRNA	752	556.1	47.04	61.0	2.79	44.25	0.9787	0.089	-41.46
YLR066W_mRNA	473	521.3	44.35	18.0	2.4	41.96	0.9958	0.0914	-39.56
YLR067C_mRNA	48	763.4	47.06	27.5	2.67	44.4	0.9583	0.0864	-41.73
YLR068W_mRNA	21	446.0	57.86	67.0	1.43	56.43	1.0	0.1313	-55.0
YLR069C_mRNA	141	685.6	46.3	18.0	3.1	43.21	0.9858	0.0983	-40.11
YLR070C_mRNA	56	446.0	47.75	40.5	1.66	46.09	1.0	0.1167	-44.43
YLR071C_mRNA	58	991.3	48.74	21.5	1.45	47.29	1.0	0.0688	-45.84
YLR072W_mRNA	16	669.9	51.0	31.0	2.19	48.81	1.0	0.1154	-46.62
YLR073C_mRNA	47	552.0	90.0	77.0	11.77	78.23	1.0	0.1666	-66.47
YLR074C_mRNA	156	551.9	73.83	68.5	2.02	71.81	0.9936	0.1347	-69.79
YLR075W_mRNA	18360	648.5	41.63	13.0	2.45	39.18	0.9959	0.0739	-36.74
YLR077W_mRNA	92	681.8	53.1	51.0	1.65	51.45	0.9891	0.103	-49.79
YLR078C_mRNA	298	621.1	57.66	54.0	3.8	53.86	0.9933	0.0997	-50.07
YLR079W_mRNA	40	504.4	36.98	12.0	2.1	34.88	0.925	0.0817	-32.78
YLR080W_mRNA	41	616.3	62.68	53.0	7.56	55.12	1.0	0.133	-47.56
YLR081W_mRNA	16	581.4	147.06	149.0	3.56	143.5	0.9375	0.2921	-139.94
YLR082C_mRNA	80	618.4	49.99	41.0	2.51	47.48	1.0	0.1015	-44.96
YLR083C_mRNA	332	674.1	53.84	67.0	6.09	47.76	0.997	0.1186	-41.67
YLR084C_mRNA	88	829.7	55.25	66.5	7.32	47.93	0.9773	0.1036	-40.61
YLR085C_mRNA	71	646.6	43.87	11.0	6.03	37.85	0.9718	0.0841	-31.82
YLR086W_mRNA	58	584.1	49.53	24.0	4.57	44.97	1.0	0.1031	-40.4
YLR087C_mRNA	74	771.1	52.66	64.0	3.34	49.32	0.973	0.0918	-45.99
YLR088W_mRNA	118	862.8	66.97	74.0	3.55	63.42	1.0	0.1057	-59.86
YLR089C_mRNA	339	794.7	44.4	16.0	3.53	40.87	0.9853	0.0807	-37.34
YLR090W_mRNA	46	784.5	43.37	28.5	4.96	38.41	1.0	0.0646	-33.46
YLR091W_mRNA	53	542.4	72.26	73.0	9.26	63.0	1.0	0.1466	-53.74
YLR092W_mRNA	38	554.6	51.0	47.5	9.76	41.24	0.9737	0.115	-31.47
YLR093C_mRNA	268	702.9	51.15	29.0	6.76	44.39	0.9925	0.0894	-37.63
YLR094C_mRNA	53	896.7	50.11	63.0	2.25	47.87	1.0	0.0877	-45.62
YLR095C_mRNA	49	887.0	47.51	68.0	2.08	45.43	1.0	0.0733	-43.35
YLR096W_mRNA	109	814.8	64.25	79.0	3.36	60.89	0.9817	0.1114	-57.53
YLR097C_mRNA	111	643.0	42.61	13.0	1.4	41.22	0.964	0.0794	-39.82
YLR098C_mRNA	95	642.9	48.84	41.0	2.38	46.46	0.9895	0.1065	-44.08
YLR099C_mRNA	95	585.7	52.4	27.0	5.4	47.0	0.9895	0.11	-41.6
YLR099W-A_mRNA	178	462.2	42.97	26.5	1.99	40.98	1.0	0.098	-38.98
YLR100W_mRNA	497	867.4	49.1	44.0	2.83	46.28	0.994	0.0631	-43.45
YLR101C_mRNA	92	356.8	49.76	64.5	2.36	47.4	1.0	0.1393	-45.04
YLR102C_mRNA	13	509.7	57.77	78.0	1.31	56.46	1.0	0.1701	-55.15
YLR103C_mRNA	56	700.9	52.66	24.0	1.36	51.3	1.0	0.0992	-49.95
YLR104W_mRNA	170	457.2	51.93	36.0	3.58	48.35	1.0	0.1129	-44.78
YLR105C_mRNA	107	642.8	38.57	11.0	6.16	32.41	1.0	0.0805	-26.25
YLR106C_mRNA	535	682.8	53.67	70.0	2.69	50.99	0.9963	0.1017	-48.3
YLR107W_mRNA	202	701.7	62.22	37.0	4.51	57.71	0.995	0.1162	-53.2
YLR108C_mRNA	159	651.9	67.68	75.0	12.92	54.76	0.9937	0.139	-41.84
YLR109W_mRNA	11350	497.9	58.12	74.0	3.24	54.88	0.993	0.1206	-51.64
YLR110C_mRNA	11568	498.9	58.19	74.0	3.21	54.98	0.9932	0.1193	-51.76
YLR112W_mRNA	65	419.3	48.06	13.0	1.83	46.23	0.9846	0.1055	-44.4
YLR113W_mRNA	309	736.8	49.76	32.0	4.11	45.65	0.9968	0.0956	-41.54
YLR114C_mRNA	143	502.0	54.68	60.0	5.78	48.9	0.993	0.1299	-43.11
YLR115W_mRNA	58	821.0	51.71	63.5	1.9	49.81	0.9828	0.0947	-47.91
YLR116W_mRNA	90	550.9	56.78	73.5	3.51	53.27	1.0	0.1315	-49.76
YLR117C_mRNA	52	816.7	49.56	50.5	4.69	44.87	1.0	0.0699	-40.17
YLR118C_mRNA	170	571.1	47.04	12.0	1.88	45.16	1.0	0.0857	-43.29
YLR119W_mRNA	91	506.9	45.9	10.0	1.74	44.16	0.989	0.0962	-42.43
YLR120C_mRNA	270	679.9	53.93	70.5	3.66	50.27	0.9889	0.1201	-46.6
YLR120W-A_mRNA	33	310.9	38.21	9.0	2.24	35.97	1.0	0.1288	-33.73
YLR121C_mRNA	219	747.6	54.12	71.0	5.36	48.76	0.9863	0.102	-43.41
YLR122C_mRNA	29	646.4	63.1	74.0	2.17	60.93	1.0	0.1075	-58.76
YLR125W_mRNA	29	777.2	105.62	73.0	23.17	82.45	1.0	0.1325	-59.28
YLR126C_mRNA	48	466.9	29.62	10.0	2.12	27.5	1.0	0.0746	-25.38
YLR127C_mRNA	65	935.6	55.92	73.0	2.12	53.8	1.0	0.0769	-51.68
YLR128W_mRNA	17	1012.7	47.35	29.0	3.0	44.35	1.0	0.0461	-41.35
YLR129W_mRNA	263	656.3	49.48	32.0	3.95	45.53	0.981	0.0893	-41.58
YLR130C_mRNA	249	654.1	55.67	69.0	2.85	52.82	0.9759	0.111	-49.96
YLR131C_mRNA	25	630.2	40.64	12.0	9.8	30.84	0.96	0.1207	-21.04
YLR132C_mRNA	56	711.2	57.27	69.0	2.61	54.66	0.9821	0.1152	-52.05
YLR133W_mRNA	102	717.2	56.94	66.0	6.03	50.91	0.9902	0.1018	-44.88
YLR134W_mRNA	44	744.3	93.57	73.0	44.61	48.95	1.0	0.1207	-4.34
YLR135W_mRNA	42	691.8	55.71	71.0	2.67	53.05	0.9762	0.1079	-50.38
YLR136C_mRNA	21	470.0	53.14	31.0	10.1	43.05	1.0	0.1184	-32.95
YLR137W_mRNA	32	615.1	56.22	71.0	3.0	53.22	0.9688	0.1187	-50.22
YLR138W_mRNA	88	545.2	43.24	16.0	3.08	40.16	1.0	0.0979	-37.08
YLR139C_mRNA	31	670.0	40.52	12.0	7.26	33.26	1.0	0.0777	-26.0
YLR141W_mRNA	19	642.4	73.26	71.0	21.42	51.84	1.0	0.117	-30.42
YLR142W_mRNA	148	677.1	45.45	42.0	1.91	43.54	1.0	0.0806	-41.64
YLR143W_mRNA	90	974.9	61.08	69.5	5.86	55.22	0.9889	0.108	-49.37
YLR144C_mRNA	106	793.2	65.43	76.5	2.63	62.8	1.0	0.118	-60.17
YLR145W_mRNA	37	552.3	48.49	19.0	0.49	48.0	0.973	0.0935	-47.51
YLR146C_mRNA	212	566.8	52.43	67.5	3.03	49.4	0.9953	0.1112	-46.36
YLR146W-A_mRNA	318	293.7	50.36	65.0	4.38	45.98	1.0	0.1611	-41.6
YLR147C_mRNA	163	404.9	39.23	11.0	2.78	36.45	0.9939	0.0974	-33.67
YLR148W_mRNA	123	872.3	47.16	64.0	2.03	45.13	0.9675	0.0764	-43.1
YLR149C_mRNA	42	656.3	43.71	15.5	2.88	40.83	1.0	0.0998	-37.95
YLR150W_mRNA	5205	611.5	51.18	66.0	2.2	48.98	0.9912	0.1004	-46.78
YLR151C_mRNA	196	231.4	48.44	65.0	3.05	45.39	1.0	0.2093	-42.34
YLR152C_mRNA	107	545.1	61.39	75.0	1.41	59.98	1.0	0.1509	-58.57
YLR153C_mRNA	1304	747.4	48.97	34.0	3.86	45.11	0.9939	0.0953	-41.25
YLR154C-G_mRNA	323	640.5	504.58	453.0	182.54	322.04	1.0	0.7284	-139.49
YLR154C-H_mRNA	350	243.6	91.15	14.5	9.92	81.23	0.9971	0.2513	-71.31
YLR154C_mRNA	51	438.3	48.31	22.0	3.12	45.2	1.0	0.1141	-42.08
YLR154W-A_mRNA	82	608.1	458.11	409.0	396.13	61.98	1.0	0.6751	334.16
YLR154W-C_mRNA	8463	445.3	120.41	64.0	22.88	97.52	0.989	0.176	-74.64
YLR154W-E_mRNA	6907	335.7	62.37	28.0	21.13	41.24	0.9904	0.1511	-20.11
YLR154W-F_mRNA	5374	843.1	570.19	333.0	520.4	49.8	0.9989	0.5097	470.6
YLR155C_mRNA	495	491.8	74.25	71.0	7.2	67.05	0.996	0.1639	-59.85
YLR156C-A_mRNA	63	147.0	44.35	13.0	3.56	40.79	1.0	0.2331	-37.24
YLR157C-B_mRNA	1931	1319.1	317.16	334.0	2.4	314.76	0.9907	0.2447	-312.35
YLR157C-C_mRNA	54	142.6	40.44	12.0	2.89	37.56	1.0	0.2307	-34.67
YLR157C_mRNA	103	534.3	58.57	68.0	3.97	54.6	1.0	0.1147	-50.63
YLR157W-D_mRNA	47	237.6	126.32	17.0	11.72	114.6	1.0	0.3266	-102.87
YLR158C_mRNA	513	495.7	75.82	76.0	5.92	69.9	0.9981	0.1625	-63.98
YLR159C-A_mRNA	60	136.5	32.83	11.5	3.47	29.37	1.0	0.1953	-25.9
YLR160C_mRNA	124	583.3	126.82	59.5	34.91	91.91	1.0	0.1543	-57.0
YLR161W_mRNA	471	147.7	43.04	12.0	4.26	38.78	0.966	0.2197	-34.52
YLR162W_mRNA	14216	812.8	248.56	90.0	198.83	49.74	0.9985	0.219	149.09
YLR163C_mRNA	127	706.9	200.69	85.0	158.06	42.63	0.9843	0.3102	115.43
YLR164W_mRNA	30	450.6	74.77	71.5	4.3	70.47	1.0	0.1718	-66.17
YLR165C_mRNA	83	568.2	64.83	79.0	3.6	61.23	1.0	0.1385	-57.63
YLR166C_mRNA	173	1097.4	60.73	75.0	2.73	57.99	0.9942	0.091	-55.26
YLR167W_mRNA	38160	493.1	39.29	13.0	2.08	37.21	0.9863	0.0843	-35.12
YLR168C_mRNA	270	610.0	49.21	52.5	4.78	44.44	0.9926	0.0954	-39.66
YLR170C_mRNA	52	614.3	52.88	67.5	2.77	50.12	0.9615	0.0978	-47.35
YLR172C_mRNA	258	679.2	37.28	10.5	1.92	35.35	0.9341	0.066	-33.43
YLR173W_mRNA	40	900.5	75.3	9.5	8.9	66.4	0.95	0.0747	-57.5
YLR174W_mRNA	30	591.2	110.23	79.0	43.17	67.07	1.0	0.1663	-23.9
YLR175W_mRNA	228	502.6	36.16	12.0	1.82	34.35	0.9693	0.0902	-32.53
YLR176C_mRNA	68	604.4	44.81	14.0	1.25	43.56	1.0	0.0887	-42.31
YLR177W_mRNA	122	736.2	54.58	44.5	6.42	48.16	0.9918	0.1015	-41.75
YLR178C_mRNA	202	470.9	56.55	65.0	3.14	53.41	1.0	0.1382	-50.26
YLR179C_mRNA	296	637.0	48.52	19.5	2.14	46.38	0.9899	0.0819	-44.24
YLR180W_mRNA	782	835.0	44.12	16.5	2.54	41.58	0.9808	0.0733	-39.03
YLR181C_mRNA	82	654.5	45.74	16.5	1.18	44.56	0.9756	0.0795	-43.38
YLR182W_mRNA	103	642.7	53.85	65.0	2.12	51.74	1.0	0.0918	-49.62
YLR183C_mRNA	124	771.0	40.44	15.5	2.05	38.4	0.9677	0.07	-36.35
YLR185W_mRNA	6298	369.1	42.35	14.0	3.37	38.97	0.9614	0.1076	-35.6
YLR186W_mRNA	392	539.3	45.79	34.0	1.76	44.04	0.9949	0.1028	-42.28
YLR187W_mRNA	25	670.8	53.76	12.0	1.8	51.96	0.92	0.0876	-50.16
YLR188W_mRNA	84	847.9	49.14	18.0	1.9	47.24	1.0	0.08	-45.33
YLR189C_mRNA	81	781.9	48.17	24.0	2.15	46.02	0.9877	0.0884	-43.88
YLR190W_mRNA	127	716.0	58.36	69.0	9.08	49.28	1.0	0.1112	-40.2
YLR191W_mRNA	104	570.9	36.2	8.0	1.24	34.96	0.9808	0.0787	-33.72
YLR192C_mRNA	370	613.6	46.73	22.5	2.61	44.12	0.9973	0.0991	-41.51
YLR193C_mRNA	116	488.7	51.47	33.0	5.48	45.99	1.0	0.1248	-40.51
YLR194C_mRNA	993	574.7	58.29	72.0	4.06	54.23	0.999	0.1193	-50.17
YLR195C_mRNA	285	945.8	50.54	21.0	1.75	48.78	0.993	0.0627	-47.03
YLR196W_mRNA	257	645.5	42.47	15.0	1.93	40.54	0.9728	0.0859	-38.61
YLR197W_mRNA	715	504.4	34.97	9.0	2.66	32.31	0.9566	0.0871	-29.65
YLR199C_mRNA	96	565.1	51.26	67.5	2.02	49.24	1.0	0.1096	-47.22
YLR200W_mRNA	205	475.8	41.67	11.0	4.43	37.24	1.0	0.0863	-32.8
YLR201C_mRNA	95	484.0	59.17	68.0	1.98	57.19	1.0	0.1282	-55.21
YLR202C_mRNA	59	670.0	47.53	49.0	1.15	46.37	1.0	0.0839	-45.22
YLR203C_mRNA	121	657.4	47.61	14.0	5.53	42.08	0.9835	0.1034	-36.55
YLR204W_mRNA	58	412.6	43.34	19.5	4.14	39.21	0.9828	0.1008	-35.07
YLR205C_mRNA	78	534.5	63.77	75.0	5.71	58.06	1.0	0.1401	-52.36
YLR206W_mRNA	143	639.6	64.88	68.0	10.08	54.8	1.0	0.1351	-44.73
YLR207W_mRNA	49	579.3	46.16	9.0	5.71	40.45	1.0	0.099	-34.73
YLR208W_mRNA	350	708.5	47.57	55.0	1.93	45.64	0.9886	0.0866	-43.71
YLR209C_mRNA	95	693.4	53.0	70.0	1.47	51.53	1.0	0.0947	-50.05
YLR210W_mRNA	46	644.9	48.3	62.5	2.3	46.0	1.0	0.0916	-43.7
YLR211C_mRNA	60	735.0	56.73	34.5	3.08	53.65	1.0	0.0831	-50.57
YLR212C_mRNA	38	808.0	47.97	24.5	1.92	46.05	1.0	0.0783	-44.13
YLR213C_mRNA	31	565.9	66.71	66.0	14.42	52.29	0.9677	0.1476	-37.87
YLR214W_mRNA	243	825.5	51.67	34.0	6.93	44.74	0.9835	0.0817	-37.81
YLR215C_mRNA	62	650.5	37.52	10.5	0.9	36.61	0.9839	0.0692	-35.71
YLR216C_mRNA	2506	697.0	49.13	60.5	1.85	47.28	0.9888	0.0864	-45.43
YLR217W_mRNA	8	311.6	36.62	6.5	1.5	35.12	0.75	0.139	-33.62
YLR218C_mRNA	20	341.2	48.85	18.5	0.8	48.05	0.95	0.1288	-47.25
YLR219W_mRNA	84	717.5	54.83	68.0	2.7	52.13	0.9643	0.1207	-49.43
YLR220W_mRNA	211	730.8	47.19	21.0	2.68	44.51	1.0	0.0855	-41.83
YLR221C_mRNA	516	650.5	47.82	17.5	2.45	45.36	0.9942	0.0798	-42.91
YLR222C-A_mRNA	36	419.9	46.61	36.5	6.14	40.47	1.0	0.1332	-34.33
YLR222C_mRNA	320	651.0	44.37	14.5	1.96	42.41	0.9781	0.0791	-40.46
YLR223C_mRNA	37	742.5	56.41	51.0	1.89	54.51	1.0	0.1007	-52.62
YLR224W_mRNA	120	740.2	57.98	69.5	2.88	55.1	1.0	0.113	-52.22
YLR225C_mRNA	408	829.3	49.21	27.5	2.24	46.97	0.9926	0.0803	-44.73
YLR226W_mRNA	101	692.8	36.91	11.0	1.91	35.0	1.0	0.0689	-33.09
YLR227C_mRNA	167	556.6	52.77	66.0	2.74	50.02	0.994	0.1046	-47.28
YLR227W-B_mRNA	371	1308.0	273.57	321.0	2.39	271.19	0.9811	0.1966	-268.8
YLR228C_mRNA	95	628.9	60.2	22.0	3.71	56.49	1.0	0.1058	-52.79
YLR229C_mRNA	549	617.6	48.54	33.0	2.52	46.02	0.9945	0.0903	-43.5
YLR231C_mRNA	53	695.7	62.62	72.0	4.47	58.15	0.9811	0.1276	-53.68
YLR233C_mRNA	21	839.4	70.81	68.0	20.81	50.0	1.0	0.0817	-29.19
YLR234W_mRNA	11	463.3	56.55	71.0	3.55	53.0	1.0	0.1377	-49.45
YLR237W_mRNA	87	632.2	96.01	77.0	57.38	38.63	0.9885	0.25	18.75
YLR238W_mRNA	34	574.3	36.5	10.0	1.26	35.24	1.0	0.0809	-33.97
YLR239C_mRNA	67	735.3	56.28	45.0	9.97	46.31	1.0	0.0833	-36.34
YLR240W_mRNA	79	608.0	58.43	74.0	2.28	56.15	0.9747	0.1205	-53.87
YLR241W_mRNA	130	837.2	57.55	68.0	4.12	53.43	0.9923	0.1032	-49.32
YLR242C_mRNA	81	611.3	49.77	64.0	1.74	48.02	0.963	0.0967	-46.28
YLR243W_mRNA	169	637.4	44.71	20.0	2.92	41.79	0.9941	0.0808	-38.86
YLR244C_mRNA	351	727.0	53.49	54.0	2.81	50.68	0.9943	0.0999	-47.87
YLR245C_mRNA	6	503.7	46.33	33.5	2.67	43.67	1.0	0.0918	-41.0
YLR246W_mRNA	65	574.6	56.62	71.0	3.89	52.72	1.0	0.127	-48.83
YLR247C_mRNA	75	451.1	86.25	74.0	48.25	38.0	0.9867	0.2543	10.25
YLR248W_mRNA	187	705.9	49.98	57.0	2.53	47.45	0.9947	0.1105	-44.91
YLR249W_mRNA	4095	577.5	33.63	8.0	2.32	31.32	0.9819	0.0784	-29.0
YLR250W_mRNA	522	670.4	44.53	14.0	4.85	39.68	0.9981	0.0692	-34.82
YLR251W_mRNA	150	727.1	73.35	74.5	18.1	55.25	1.0	0.1089	-37.15
YLR252W_mRNA	9	485.3	50.22	63.0	6.56	43.67	1.0	0.1206	-37.11
YLR253W_mRNA	73	612.5	52.53	72.0	2.89	49.64	1.0	0.1273	-46.75
YLR254C_mRNA	120	511.0	45.2	22.0	1.79	43.41	0.9917	0.0938	-41.62
YLR256W_mRNA	158	641.7	118.55	100.0	10.16	108.39	1.0	0.2562	-98.23
YLR257W_mRNA	869	647.9	48.27	14.0	7.41	40.86	0.9896	0.0976	-33.45
YLR258W_mRNA	122	684.3	47.04	16.0	2.45	44.59	0.9426	0.0908	-42.14
YLR259C_mRNA	1836	664.9	48.03	30.5	2.86	45.18	0.9907	0.0927	-42.32
YLR260W_mRNA	92	770.3	51.71	35.0	9.25	42.46	1.0	0.0955	-33.21
YLR261C_mRNA	229	720.1	54.71	69.0	2.73	51.97	0.9956	0.084	-49.24
YLR262C-A_mRNA	3738	347.4	52.07	23.0	2.25	49.83	0.9995	0.1363	-47.58
YLR262C_mRNA	189	704.3	47.34	23.0	2.36	44.98	0.9841	0.0733	-42.62
YLR263W_mRNA	44	387.6	46.05	29.5	2.34	43.7	0.9091	0.1289	-41.36
YLR264C-A_mRNA	32	149.8	44.72	13.5	1.41	43.31	1.0	0.246	-41.91
YLR264W_mRNA	3734	574.8	52.71	67.0	2.9	49.8	0.9933	0.1083	-46.9
YLR265C_mRNA	100	607.4	75.82	57.5	29.15	46.67	0.98	0.1233	-17.52
YLR266C_mRNA	94	751.0	57.67	59.0	5.62	52.05	1.0	0.1042	-46.44
YLR267W_mRNA	31	728.8	61.81	68.0	8.74	53.06	1.0	0.1347	-44.32
YLR268W_mRNA	175	660.7	41.3	12.0	2.31	38.99	1.0	0.0705	-36.68
YLR270W_mRNA	139	618.8	45.91	24.0	4.28	41.63	0.9856	0.0957	-37.35
YLR271W_mRNA	143	520.4	269.3	255.0	130.62	138.69	1.0	0.5651	-8.07
YLR272C_mRNA	53	832.2	65.87	55.0	18.38	47.49	1.0	0.1218	-29.11
YLR273C_mRNA	14	959.6	59.21	81.0	0.71	58.5	1.0	0.089	-57.79
YLR274W_mRNA	171	829.1	60.25	74.0	2.89	57.36	0.9883	0.1021	-54.47
YLR275W_mRNA	248	548.3	52.77	63.0	2.6	50.17	1.0	0.1	-47.56
YLR276C_mRNA	366	654.5	45.69	23.0	2.86	42.83	0.9809	0.0874	-39.97
YLR277C_mRNA	134	575.1	48.71	16.0	2.27	46.44	0.9925	0.1039	-44.17
YLR278C_mRNA	136	660.5	63.51	76.5	3.61	59.9	1.0	0.1348	-56.29
YLR279W_mRNA	14	405.9	169.07	158.0	3.29	165.79	1.0	0.4149	-162.5
YLR283W_mRNA	80	680.6	53.59	65.5	2.59	51.0	1.0	0.095	-48.41
YLR284C_mRNA	48	673.3	47.44	16.5	6.0	41.44	1.0	0.0736	-35.44
YLR285C-A_mRNA	168	558.0	57.92	74.0	4.64	53.28	1.0	0.1178	-48.64
YLR285W_mRNA	294	716.3	48.27	66.0	2.55	45.72	0.9898	0.0774	-43.17
YLR286C_mRNA	442	1125.8	60.07	73.5	4.93	55.14	0.9977	0.0811	-50.21
YLR286W-A_mRNA	44	1195.2	200.18	239.0	4.39	195.8	0.9773	0.165	-191.41
YLR287C-A_mRNA	16732	413.0	43.46	14.0	3.68	39.78	0.9919	0.0982	-36.1
YLR287C_mRNA	283	775.5	49.07	19.0	1.92	47.16	0.9965	0.0726	-45.24
YLR288C_mRNA	67	702.8	52.57	27.0	7.24	45.33	1.0	0.1051	-38.09
YLR289W_mRNA	29	778.0	69.0	83.0	3.86	65.14	0.9655	0.1126	-61.28
YLR290C_mRNA	188	665.7	53.53	69.0	2.34	51.2	0.9787	0.0972	-48.86
YLR291C_mRNA	215	609.3	49.13	59.0	2.7	46.43	0.9953	0.1109	-43.73
YLR292C_mRNA	654	609.6	45.82	20.0	3.62	42.2	0.9924	0.0822	-38.59
YLR293C_mRNA	2356	644.2	46.24	20.0	3.19	43.05	0.997	0.0816	-39.86
YLR294C_mRNA	289	529.5	43.96	14.0	3.88	40.08	0.9965	0.0875	-36.19
YLR295C_mRNA	216	541.2	39.93	15.0	2.66	37.26	1.0	0.0802	-34.6
YLR297W_mRNA	39	529.2	46.41	33.0	2.95	43.46	0.9744	0.0904	-40.51
YLR298C_mRNA	113	623.2	41.63	10.0	7.21	34.42	0.9469	0.0661	-27.2
YLR299W_mRNA	121	515.7	58.48	65.0	9.29	49.19	1.0	0.1438	-39.9
YLR300W_mRNA	1450	771.9	48.23	26.5	3.0	45.23	0.9959	0.0868	-42.23
YLR301W_mRNA	1062	727.5	44.95	15.0	2.6	42.35	0.984	0.0702	-39.74
YLR303W_mRNA	896	760.9	55.71	72.0	2.89	52.82	0.9978	0.1011	-49.93
YLR304C_mRNA	595	865.4	54.21	69.0	3.69	50.52	0.995	0.0986	-46.83
YLR305C_mRNA	155	788.2	52.1	55.0	6.83	45.27	0.9935	0.0956	-38.45
YLR306W_mRNA	97	609.2	56.22	72.0	8.96	47.26	1.0	0.099	-38.3
YLR307C-A_mRNA	26	577.2	100.46	88.0	27.23	73.23	1.0	0.1651	-46.0
YLR307W_mRNA	10	747.1	55.1	74.5	1.9	53.2	1.0	0.0946	-51.3
YLR309C_mRNA	233	836.5	58.9	67.0	1.86	57.04	0.9828	0.0892	-55.18
YLR310C_mRNA	163	689.7	50.01	66.0	2.28	47.73	0.9939	0.0914	-45.45
YLR312C_mRNA	12	730.8	31.25	7.5	2.75	28.5	1.0	0.0419	-25.75
YLR312W-A_mRNA	249	682.2	47.63	29.0	2.12	45.51	1.0	0.0817	-43.39
YLR313C_mRNA	24	643.1	63.04	71.5	2.25	60.79	1.0	0.1443	-58.54
YLR314C_mRNA	244	702.5	44.69	16.0	2.6	42.09	0.9836	0.0823	-39.49
YLR315W_mRNA	20	485.0	29.55	8.5	0.95	28.6	1.0	0.0676	-27.65
YLR316C_mRNA	40	697.4	56.0	75.0	1.27	54.72	1.0	0.1203	-53.45
YLR317W_mRNA	32	513.2	59.31	38.5	11.75	47.56	1.0	0.1463	-35.81
YLR318W_mRNA	19	635.3	50.32	70.0	2.68	47.63	1.0	0.0998	-44.95
YLR319C_mRNA	94	698.1	64.79	73.5	7.86	56.93	1.0	0.1081	-49.06
YLR320W_mRNA	38	746.3	41.92	15.0	2.89	39.03	1.0	0.0819	-36.13
YLR321C_mRNA	80	545.0	43.8	14.5	1.49	42.31	0.975	0.0959	-40.83
YLR323C_mRNA	44	663.8	37.84	12.5	1.89	35.95	0.9773	0.0783	-34.07
YLR324W_mRNA	78	443.8	76.36	84.5	35.29	41.06	1.0	0.249	-5.77
YLR325C_mRNA	19880	479.1	46.1	18.0	2.03	44.07	0.9976	0.093	-42.04
YLR326W_mRNA	51	508.9	54.76	18.0	6.88	47.88	1.0	0.1217	-41.0
YLR327C_mRNA	2976	484.5	50.32	66.0	2.63	47.69	0.9956	0.1038	-45.06
YLR328W_mRNA	126	756.6	58.51	71.5	5.51	53.0	1.0	0.0994	-47.49
YLR329W_mRNA	19	546.2	128.0	122.0	21.79	106.21	1.0	0.2458	-84.42
YLR330W_mRNA	182	464.2	44.95	18.5	3.16	41.79	1.0	0.1265	-38.63
YLR332W_mRNA	275	653.8	52.22	70.0	2.04	50.18	0.9818	0.1148	-48.14
YLR333C_mRNA	7658	459.8	56.04	37.0	14.37	41.67	0.9988	0.1176	-27.3
YLR334C_mRNA	17	490.6	273.71	133.0	213.24	60.47	1.0	0.4252	152.76
YLR335W_mRNA	230	744.4	41.17	11.5	2.98	38.19	0.9826	0.081	-35.2
YLR336C_mRNA	182	814.9	41.59	13.0	1.36	40.23	0.9725	0.0686	-38.87
YLR337C_mRNA	99	599.7	48.0	31.0	4.49	43.51	1.0	0.1019	-39.01
YLR339C_mRNA	13	372.1	44.62	49.0	1.69	42.92	0.7692	0.1377	-41.23
YLR340W_mRNA	5927	793.6	52.46	68.0	3.02	49.44	0.9966	0.0802	-46.41
YLR341W_mRNA	46	576.3	154.54	80.0	1.91	152.63	0.9783	0.2107	-150.72
YLR342W-A_mRNA	766	501.9	52.25	70.0	2.93	49.32	0.9987	0.1177	-46.39
YLR342W_mRNA	1264	938.1	56.3	72.0	3.49	52.81	0.9937	0.0963	-49.32
YLR343W_mRNA	24	523.0	106.46	82.5	17.25	89.21	1.0	0.2347	-71.96
YLR344W_mRNA	4918	469.9	45.63	16.0	2.12	43.51	0.9955	0.0962	-41.39
YLR345W_mRNA	175	773.2	60.52	73.0	1.95	58.57	0.9829	0.1056	-56.61
YLR346C_mRNA	54	467.6	38.74	11.5	4.11	34.63	1.0	0.0793	-30.52
YLR347C_mRNA	202	877.8	58.61	72.0	5.06	53.55	1.0	0.1003	-48.49
YLR348C_mRNA	183	600.6	41.87	18.0	2.57	39.3	1.0	0.0794	-36.73
YLR349W_mRNA	14	324.0	171.71	211.5	130.14	41.57	1.0	0.5175	88.57
YLR350W_mRNA	232	620.7	60.94	76.0	6.29	54.65	1.0	0.1144	-48.36
YLR351C_mRNA	233	687.1	42.21	13.0	2.27	39.94	1.0	0.0729	-37.67
YLR352W_mRNA	32	738.2	64.09	25.0	29.25	34.84	0.9688	0.1049	-5.59
YLR353W_mRNA	80	655.4	45.7	35.0	3.08	42.62	1.0	0.0973	-39.55
YLR354C_mRNA	784	773.2	49.79	29.0	3.32	46.47	0.9974	0.0873	-43.15
YLR355C_mRNA	2128	641.7	46.33	28.5	3.04	43.29	0.9868	0.0992	-40.25
YLR356W_mRNA	77	573.0	59.19	75.0	5.42	53.78	1.0	0.1202	-48.36
YLR357W_mRNA	34	1031.3	45.24	35.0	0.68	44.56	0.9706	0.0666	-43.88
YLR359W_mRNA	426	730.1	48.4	27.0	2.1	46.31	0.9953	0.0913	-44.21
YLR360W_mRNA	93	772.3	42.58	14.0	2.99	39.59	0.9892	0.0613	-36.6
YLR361C-A_mRNA	221	420.4	43.48	12.0	7.5	35.98	0.9729	0.1003	-28.48
YLR361C_mRNA	104	853.9	60.48	66.0	5.6	54.88	0.9808	0.0807	-49.29
YLR362W_mRNA	51	769.7	52.61	64.0	2.75	49.86	0.9804	0.0943	-47.12
YLR363C_mRNA	146	682.2	56.52	46.5	6.28	50.24	1.0	0.103	-43.96
YLR363W-A_mRNA	285	439.8	36.66	12.0	2.76	33.89	0.9719	0.0807	-31.13
YLR364W_mRNA	78	396.3	69.17	66.0	17.32	51.85	0.9872	0.1611	-34.53
YLR367W_mRNA	4440	499.9	113.74	75.5	70.56	43.18	0.9991	0.1998	27.39
YLR368W_mRNA	55	669.8	47.84	21.0	3.35	44.49	1.0	0.0833	-41.15
YLR369W_mRNA	113	668.9	45.91	23.0	1.76	44.15	1.0	0.0993	-42.39
YLR370C_mRNA	311	553.8	41.33	13.0	2.08	39.25	0.9936	0.0778	-37.17
YLR371W_mRNA	175	771.4	46.79	14.0	7.53	39.26	0.9943	0.0839	-31.73
YLR372W_mRNA	1033	674.9	49.91	56.0	2.87	47.04	0.9971	0.0957	-44.17
YLR373C_mRNA	120	706.0	56.41	63.0	2.49	53.92	0.9917	0.0998	-51.42
YLR375W_mRNA	166	664.3	52.31	69.5	2.39	49.92	1.0	0.0946	-47.52
YLR376C_mRNA	36	595.6	45.39	22.5	3.61	41.78	0.9722	0.085	-38.17
YLR377C_mRNA	21	536.7	78.33	30.0	4.43	73.9	1.0	0.1444	-69.48
YLR378C_mRNA	453	853.0	52.96	58.0	8.39	44.57	0.989	0.1066	-36.18
YLR380W_mRNA	123	739.7	48.05	31.0	5.11	42.93	1.0	0.0922	-37.82
YLR381W_mRNA	76	624.5	59.79	32.5	2.92	56.87	0.9868	0.1233	-53.95
YLR382C_mRNA	81	608.6	84.31	78.0	3.38	80.93	0.9877	0.191	-77.54
YLR383W_mRNA	84	615.7	51.38	20.0	7.83	43.55	0.9881	0.1065	-35.71
YLR384C_mRNA	265	754.1	42.08	22.0	2.0	40.08	0.9774	0.08	-38.08
YLR385C_mRNA	6	791.3	65.83	70.5	1.5	64.33	0.8333	0.1376	-62.83
YLR386W_mRNA	71	925.0	45.28	13.0	1.0	44.28	1.0	0.0702	-43.28
YLR387C_mRNA	307	751.5	50.75	54.0	2.98	47.77	0.9935	0.0885	-44.79
YLR388W_mRNA	6769	298.5	53.73	63.0	7.04	46.69	0.9988	0.1674	-39.66
YLR389C_mRNA	56	743.4	33.57	9.5	1.32	32.25	1.0	0.0552	-30.93
YLR390W-A_mRNA	946	661.4	58.17	74.0	4.1	54.07	0.9968	0.1041	-49.97
YLR390W_mRNA	226	446.0	35.14	10.0	1.93	33.21	0.9912	0.0883	-31.28
YLR392C_mRNA	37	877.4	48.92	67.0	1.3	47.62	1.0	0.0735	-46.32
YLR394W_mRNA	38	986.0	78.63	80.0	4.53	74.11	1.0	0.1231	-69.58
YLR395C_mRNA	1404	532.2	52.44	65.0	1.45	50.98	0.9936	0.0991	-49.53
YLR396C_mRNA	75	719.3	57.95	75.0	4.49	53.45	1.0	0.1071	-48.96
YLR397C_mRNA	115	701.3	49.3	23.0	1.74	47.56	0.9565	0.0911	-45.82
YLR398C_mRNA	143	789.9	48.37	16.0	3.08	45.29	1.0	0.0934	-42.2
YLR399C_mRNA	194	610.1	46.31	27.0	2.3	44.01	0.9845	0.0918	-41.71
YLR401C_mRNA	115	676.7	39.59	13.0	2.52	37.07	0.9826	0.0709	-34.55
YLR403W_mRNA	98	852.5	100.55	80.5	49.18	51.37	1.0	0.1591	-2.18
YLR404W_mRNA	138	352.8	85.93	79.0	1.39	84.54	1.0	0.278	-83.14
YLR405W_mRNA	126	461.9	44.63	24.0	2.8	41.83	1.0	0.1341	-39.02
YLR406C_mRNA	2459	461.1	41.6	14.0	2.8	38.8	0.9951	0.0917	-36.0
YLR407W_mRNA	75	665.3	46.53	21.0	2.05	44.48	1.0	0.0829	-42.43
YLR408C_mRNA	119	435.0	51.58	64.0	1.32	50.26	1.0	0.1141	-48.94
YLR409C_mRNA	249	672.9	43.66	15.0	3.35	40.31	0.992	0.0813	-36.97
YLR410W-A_mRNA	29	547.9	69.79	56.0	20.34	49.45	0.9655	0.1568	-29.1
YLR410W-B_mRNA	89	845.4	126.69	82.0	8.01	118.67	0.9888	0.1498	-110.66
YLR410W_mRNA	123	1000.7	47.39	21.0	2.85	44.54	0.9756	0.0693	-41.68
YLR411W_mRNA	36	525.9	93.0	89.5	8.39	84.61	0.9722	0.1838	-76.22
YLR412C-A_mRNA	10	445.7	46.2	26.0	5.6	40.6	1.0	0.1096	-35.0
YLR412W_mRNA	119	614.9	45.07	31.0	2.8	42.27	1.0	0.0959	-39.47
YLR413W_mRNA	306	862.1	53.94	67.0	5.45	48.49	0.9739	0.0919	-43.04
YLR414C_mRNA	496	638.6	54.08	70.0	4.5	49.59	0.9919	0.0946	-45.09
YLR415C_mRNA	7	628.0	76.71	10.0	4.29	72.43	1.0	0.0837	-68.14
YLR417W_mRNA	49	686.6	43.2	18.0	2.31	40.9	0.9796	0.0801	-38.59
YLR418C_mRNA	178	796.2	42.7	14.5	1.57	41.13	0.9944	0.0707	-39.56
YLR419W_mRNA	74	788.6	64.43	80.0	3.62	60.81	1.0	0.1265	-57.19
YLR420W_mRNA	318	748.3	40.94	15.5	2.18	38.75	0.9906	0.0727	-36.57
YLR421C_mRNA	737	522.2	43.33	16.0	2.26	41.07	0.9946	0.0925	-38.8
YLR422W_mRNA	62	917.5	59.55	74.5	2.02	57.53	0.9839	0.1049	-55.52
YLR423C_mRNA	67	661.3	49.4	33.0	3.03	46.37	1.0	0.0868	-43.34
YLR424W_mRNA	45	654.7	63.16	80.0	12.04	51.11	0.9778	0.1492	-39.07
YLR425W_mRNA	52	752.1	68.13	70.0	2.87	65.27	0.9808	0.1449	-62.4
YLR426W_mRNA	46	707.8	52.67	39.0	9.48	43.2	0.9783	0.0941	-33.72
YLR427W_mRNA	89	554.3	47.39	55.0	2.12	45.27	1.0	0.1106	-43.15
YLR429W_mRNA	302	778.4	47.58	26.0	2.35	45.23	0.9834	0.0924	-42.87
YLR430W_mRNA	94	595.8	55.84	68.0	5.02	50.82	0.9787	0.1242	-45.8
YLR431C_mRNA	41	715.2	79.98	73.0	18.07	61.9	1.0	0.1505	-43.83
YLR432W_mRNA	942	845.6	50.29	63.5	3.36	46.94	0.9862	0.0896	-43.58
YLR433C_mRNA	78	584.7	43.67	23.5	3.82	39.85	1.0	0.1009	-36.03
YLR435W_mRNA	623	562.6	43.71	13.0	4.52	39.2	1.0	0.0812	-34.68
YLR436C_mRNA	139	713.4	67.35	73.0	2.32	65.03	1.0	0.1279	-62.71
YLR437C_mRNA	92	488.8	42.62	12.0	4.22	38.4	1.0	0.086	-34.18
YLR438C-A_mRNA	319	417.2	36.29	9.0	3.32	32.97	0.9843	0.0835	-29.65
YLR438W_mRNA	10	577.7	48.3	43.5	0.2	48.1	1.0	0.0912	-47.9
YLR439W_mRNA	39	830.8	66.69	77.0	3.05	63.64	1.0	0.0949	-60.59
YLR440C_mRNA	58	1044.9	49.86	19.5	3.21	46.66	1.0	0.0738	-43.45
YLR441C_mRNA	11575	766.3	43.55	14.0	1.93	41.62	0.9903	0.0683	-39.7
YLR442C_mRNA	76	758.0	55.03	74.5	2.41	52.62	1.0	0.094	-50.21
YLR443W_mRNA	122	804.5	53.93	71.5	1.99	51.94	0.9918	0.0947	-49.95
YLR446W_mRNA	82	668.4	44.2	20.5	4.34	39.85	0.9878	0.078	-35.51
YLR447C_mRNA	1281	812.6	41.46	13.0	1.96	39.5	0.9633	0.0636	-37.54
YLR448W_mRNA	3214	623.6	49.86	21.0	3.15	46.71	0.9963	0.0869	-43.56
YLR449W_mRNA	443	490.5	48.46	19.0	3.57	44.89	1.0	0.1073	-41.32
YLR450W_mRNA	133	884.3	58.86	66.0	2.72	56.14	1.0	0.1043	-53.42
YLR451W_mRNA	71	643.4	83.31	73.0	22.87	60.44	1.0	0.1924	-37.56
YLR452C_mRNA	113	845.0	97.15	73.0	25.61	71.54	0.9823	0.1398	-45.93
YLR453C_mRNA	28	643.1	155.25	104.0	10.61	144.64	1.0	0.2218	-134.04
YLR454W_mRNA	98	873.3	53.59	24.0	3.9	49.69	0.9898	0.1058	-45.8
YLR455W_mRNA	215	712.9	53.22	31.0	8.69	44.53	0.986	0.0918	-35.84
YLR456W_mRNA	130	525.4	54.82	49.0	2.73	52.08	1.0	0.11	-49.35
YLR457C_mRNA	37	615.8	45.27	28.0	1.97	43.3	1.0	0.0983	-41.32
YLR459W_mRNA	125	615.4	96.48	74.0	23.56	72.92	1.0	0.1613	-49.36
YLR460C_mRNA	92	616.4	50.68	29.0	4.39	46.29	1.0	0.1054	-41.9
YLR466W_mRNA	81	557.5	46.72	19.0	1.77	44.95	1.0	0.1012	-43.19
YLR467W_mRNA	62	518.1	44.71	16.5	2.95	41.76	1.0	0.0927	-38.81
YML001W_mRNA	585	675.7	52.08	68.0	3.4	48.68	0.9897	0.0836	-45.28
YML002W_mRNA	113	892.5	68.54	70.0	18.13	50.41	1.0	0.0865	-32.27
YML003W_mRNA	11	570.4	68.27	78.0	2.18	66.09	1.0	0.1527	-63.91
YML004C_mRNA	474	806.5	59.5	65.5	2.72	56.78	0.9958	0.0877	-54.06
YML005W_mRNA	107	736.1	58.53	75.0	4.4	54.13	1.0	0.1043	-49.73
YML006C_mRNA	126	738.0	56.59	50.0	1.9	54.68	1.0	0.1009	-52.78
YML007C-A_mRNA	7	348.1	93.43	89.0	2.57	90.86	1.0	0.2366	-88.29
YML007W_mRNA	223	705.0	52.0	39.0	7.22	44.79	0.9865	0.0928	-37.57
YML008C_mRNA	701	753.4	49.82	34.0	2.38	47.45	0.9929	0.0832	-45.07
YML009C_mRNA	283	418.6	40.34	13.0	4.86	35.48	0.9929	0.0924	-30.62
YML009W-B_mRNA	209	592.3	47.35	39.0	3.26	44.1	1.0	0.1008	-40.84
YML010W_mRNA	78	881.6	48.27	23.5	2.82	45.45	0.9744	0.0791	-42.63
YML011C_mRNA	124	446.8	48.15	40.0	7.19	40.97	0.9839	0.1311	-33.78
YML012W_mRNA	564	553.2	58.49	65.0	1.67	56.82	0.9911	0.1119	-55.15
YML013W_mRNA	367	616.2	45.24	20.0	2.39	42.85	0.9837	0.0848	-40.46
YML014W_mRNA	21	640.1	42.29	15.0	3.05	39.24	1.0	0.0711	-36.19
YML015C_mRNA	56	591.5	50.02	47.5	2.21	47.8	0.9821	0.1055	-45.59
YML016C_mRNA	175	558.9	65.98	76.0	8.1	57.87	1.0	0.1771	-49.77
YML017W_mRNA	83	546.5	87.66	77.0	13.7	73.96	0.988	0.196	-60.27
YML018C_mRNA	141	636.5	58.27	70.0	7.4	50.87	0.9929	0.1136	-43.48
YML019W_mRNA	194	783.8	62.7	70.0	2.75	59.95	0.9845	0.1052	-57.2
YML020W_mRNA	47	672.5	76.74	85.0	6.15	70.6	1.0	0.1498	-64.45
YML021C_mRNA	83	737.1	47.14	31.0	3.89	43.25	0.988	0.0914	-39.36
YML022W_mRNA	1991	668.2	51.62	68.0	2.63	48.99	0.9945	0.0826	-46.36
YML023C_mRNA	65	771.2	81.55	60.0	12.18	69.37	0.9692	0.1017	-57.18
YML024W_mRNA	12518	499.3	42.33	14.0	3.11	39.22	0.9938	0.0846	-36.11
YML025C_mRNA	52	540.6	34.9	11.0	4.19	30.71	0.9808	0.0894	-26.52
YML026C_mRNA	12199	557.0	42.96	14.0	2.19	40.77	0.9945	0.0808	-38.57
YML027W_mRNA	28	621.9	86.64	78.5	1.29	85.36	0.9643	0.145	-84.07
YML028W_mRNA	1910	634.2	50.09	62.0	4.67	45.43	0.9927	0.083	-40.76
YML029W_mRNA	37	1056.1	55.46	65.0	3.73	51.73	1.0	0.0817	-48.0
YML030W_mRNA	101	417.2	46.46	19.0	3.01	43.45	0.9901	0.1202	-40.44
YML031W_mRNA	70	807.9	48.46	54.5	1.67	46.79	0.9571	0.0778	-45.11
YML032C_mRNA	57	838.5	43.88	17.0	1.84	42.04	0.9825	0.0563	-40.19
YML034W_mRNA	182	656.4	64.57	74.0	5.18	59.38	0.9835	0.126	-54.2
YML035C_mRNA	183	703.8	66.94	43.0	15.05	51.89	0.9727	0.1129	-36.83
YML036W_mRNA	181	582.0	60.31	70.0	3.36	56.94	0.9834	0.1011	-53.58
YML038C_mRNA	238	596.3	120.42	73.0	77.58	42.84	0.9916	0.2421	34.74
YML039W_mRNA	2269	1552.3	322.57	341.0	2.67	319.9	0.9934	0.2253	-317.22
YML041C_mRNA	102	654.8	51.85	55.0	3.9	47.95	0.9706	0.0997	-44.05
YML042W_mRNA	53	564.4	67.51	71.0	2.0	65.51	1.0	0.1494	-63.51
YML043C_mRNA	33	820.8	54.0	73.0	4.61	49.39	1.0	0.0939	-44.79
YML045W-A_mRNA	13	538.7	166.31	134.0	4.38	161.92	1.0	0.3171	-157.54
YML045W_mRNA	1378	1118.1	326.17	339.0	2.95	323.22	0.9927	0.3249	-320.27
YML046W_mRNA	120	840.4	62.78	75.5	2.5	60.28	0.9667	0.1121	-57.78
YML048W_mRNA	310	739.7	53.26	67.5	2.48	50.78	0.9968	0.0935	-48.3
YML049C_mRNA	101	582.3	47.64	51.0	1.29	46.36	1.0	0.1078	-45.07
YML050W_mRNA	37	634.2	53.97	42.0	1.89	52.08	1.0	0.0918	-50.19
YML051W_mRNA	73	745.0	49.71	20.0	1.74	47.97	1.0	0.082	-46.23
YML052W_mRNA	131	744.7	53.18	69.0	3.48	49.7	0.9924	0.0848	-46.22
YML053C_mRNA	104	621.9	73.41	77.5	17.96	55.45	1.0	0.1623	-37.49
YML054C_mRNA	30	665.2	46.53	21.5	3.2	43.33	1.0	0.0812	-40.13
YML055W_mRNA	242	527.9	49.56	18.0	4.21	45.35	0.9917	0.1057	-41.14
YML056C_mRNA	1375	773.4	45.4	18.0	5.38	40.02	0.9811	0.0839	-34.63
YML057W_mRNA	170	744.2	60.26	63.5	2.25	58.01	1.0	0.104	-55.75
YML058W-A_mRNA	34	381.8	52.29	20.0	10.21	42.09	1.0	0.1184	-31.88
YML058W_mRNA	1027	515.3	44.11	20.0	3.02	41.08	0.9981	0.0841	-38.06
YML059C_mRNA	85	860.9	46.38	19.0	1.87	44.51	1.0	0.08	-42.64
YML060W_mRNA	58	733.6	37.66	11.0	1.41	36.24	0.9828	0.0628	-34.83
YML061C_mRNA	147	517.9	46.83	23.0	5.16	41.67	0.9932	0.1382	-36.52
YML062C_mRNA	33	288.2	72.61	73.0	5.03	67.58	1.0	0.2124	-62.55
YML063W_mRNA	15999	690.9	46.32	23.0	2.89	43.43	0.9911	0.0752	-40.54
YML064C_mRNA	67	541.9	53.88	70.0	2.82	51.06	0.9851	0.1333	-48.24
YML065W_mRNA	70	584.7	64.81	64.0	1.87	62.94	1.0	0.1251	-61.07
YML066C_mRNA	11	681.6	123.82	107.0	7.82	116.0	1.0	0.2361	-108.18
YML067C_mRNA	343	779.8	45.32	12.0	4.27	41.06	0.9913	0.0668	-36.79
YML068W_mRNA	54	891.8	62.78	28.5	2.46	60.31	1.0	0.0785	-57.85
YML069W_mRNA	51	522.8	57.47	13.0	5.22	52.25	0.9804	0.122	-47.04
YML070W_mRNA	241	686.9	49.89	31.0	3.27	46.62	1.0	0.0963	-43.34
YML071C_mRNA	56	426.1	42.89	11.5	10.25	32.64	1.0	0.112	-22.39
YML072C_mRNA	262	836.2	51.74	23.0	4.19	47.55	1.0	0.0879	-43.36
YML073C_mRNA	7035	502.7	46.06	20.0	2.26	43.8	0.9984	0.0983	-41.54
YML074C_mRNA	352	461.7	55.36	68.5	4.6	50.76	0.9972	0.1298	-46.16
YML075C_mRNA	248	1096.6	85.15	81.5	2.45	82.7	1.0	0.1146	-80.25
YML076C_mRNA	192	506.1	54.6	73.0	4.2	50.4	1.0	0.1401	-46.2
YML077W_mRNA	251	573.9	53.23	65.0	4.82	48.41	0.996	0.0941	-43.6
YML078W_mRNA	337	543.3	52.29	67.0	3.42	48.87	0.997	0.1056	-45.45
YML079W_mRNA	333	581.4	50.97	69.0	2.33	48.64	0.997	0.0952	-46.3
YML080W_mRNA	74	734.3	57.96	67.5	7.27	50.69	0.9865	0.1093	-43.42
YML081C-A_mRNA	994	359.1	69.45	62.0	1.68	67.77	0.995	0.1838	-66.09
YML081W_mRNA	175	709.1	50.95	68.0	2.11	48.84	1.0	0.1046	-46.73
YML082W_mRNA	81	461.9	51.8	59.0	10.78	41.02	1.0	0.1636	-30.25
YML083C_mRNA	18	667.5	66.11	46.5	24.11	42.0	1.0	0.1324	-17.89
YML085C_mRNA	259	846.1	61.15	46.0	9.59	51.56	1.0	0.1199	-41.97
YML086C_mRNA	279	537.6	48.81	35.0	3.18	45.64	1.0	0.1213	-42.46
YML087C_mRNA	22	601.5	124.23	80.5	1.27	122.95	1.0	0.1751	-121.68
YML088W_mRNA	101	456.3	45.0	20.0	4.31	40.69	0.9802	0.1181	-36.39
YML090W_mRNA	6	258.0	36.67	6.0	1.17	35.5	1.0	0.1141	-34.33
YML091C_mRNA	169	912.2	49.79	60.0	2.83	46.95	0.9704	0.0788	-44.12
YML092C_mRNA	352	679.1	57.74	72.0	2.24	55.49	0.9972	0.0989	-53.25
YML093W_mRNA	231	572.6	45.53	16.0	4.13	41.4	0.9827	0.0924	-37.26
YML094W_mRNA	217	546.3	68.57	76.0	3.53	65.03	0.9954	0.1273	-61.5
YML095C_mRNA	70	611.3	50.24	66.0	1.87	48.37	0.9857	0.0941	-46.5
YML096W_mRNA	64	859.5	47.19	17.5	2.14	45.05	1.0	0.0803	-42.91
YML097C_mRNA	135	791.1	44.7	16.0	2.2	42.5	0.9926	0.0708	-40.3
YML098W_mRNA	59	419.9	40.15	14.0	1.03	39.12	0.9831	0.095	-38.08
YML099C_mRNA	26	688.3	84.92	75.5	9.88	75.04	1.0	0.1738	-65.15
YML100W-A_mRNA	46	387.2	34.24	12.5	2.54	31.7	1.0	0.0835	-29.15
YML100W_mRNA	199	865.4	51.07	56.0	3.33	47.74	0.9849	0.0909	-44.41
YML101C-A_mRNA	45	438.4	39.22	13.0	2.67	36.56	1.0	0.0996	-33.89
YML101C_mRNA	26	386.7	49.27	46.0	2.46	46.81	1.0	0.1266	-44.35
YML102W_mRNA	9	612.3	104.67	89.0	5.11	99.56	1.0	0.255	-94.44
YML103C_mRNA	224	850.7	45.75	19.0	2.06	43.69	0.9911	0.0748	-41.63
YML104C_mRNA	68	581.4	74.46	71.5	6.79	67.66	0.9853	0.15	-60.87
YML105C_mRNA	385	607.1	43.73	16.0	2.28	41.45	0.987	0.0843	-39.17
YML106W_mRNA	1010	664.4	105.83	92.0	2.5	103.33	0.999	0.2082	-100.84
YML107C_mRNA	66	752.9	56.48	72.5	2.27	54.21	0.9848	0.091	-51.94
YML108W_mRNA	363	528.6	50.38	26.0	4.75	45.63	0.9945	0.0953	-40.87
YML109W_mRNA	40	580.2	51.85	21.5	3.12	48.72	1.0	0.1137	-45.6
YML110C_mRNA	329	702.7	42.13	14.0	2.49	39.64	0.9757	0.0714	-37.16
YML111W_mRNA	87	850.8	63.87	76.0	5.87	58.0	1.0	0.1004	-52.13
YML112W_mRNA	88	521.6	133.22	76.5	88.88	44.34	1.0	0.2963	44.53
YML113W_mRNA	84	566.3	50.68	65.0	3.33	47.35	1.0	0.1137	-44.01
YML114C_mRNA	33	625.3	45.61	50.0	1.33	44.27	0.9697	0.1184	-42.94
YML115C_mRNA	134	622.1	37.25	13.0	2.34	34.9	0.9627	0.0756	-32.56
YML116W-A_mRNA	77	578.8	53.26	52.0	1.68	51.58	1.0	0.1195	-49.91
YML116W_mRNA	185	697.6	50.36	59.0	2.98	47.38	1.0	0.093	-44.4
YML117W_mRNA	78	846.5	68.33	73.0	3.92	64.41	1.0	0.1058	-60.49
YML118W_mRNA	15	615.3	125.2	68.0	7.53	117.67	1.0	0.2702	-110.13
YML119W_mRNA	71	658.4	89.14	79.0	14.66	74.48	1.0	0.1579	-59.82
YML120C_mRNA	226	871.8	58.82	70.0	9.19	49.63	0.9956	0.0926	-40.45
YML121W_mRNA	142	664.2	47.62	33.5	2.04	45.58	0.993	0.0907	-43.54
YML123C_mRNA	1615	806.2	58.69	74.0	2.76	55.93	0.995	0.107	-53.17
YML124C_mRNA	235	690.8	52.41	16.0	7.88	44.53	0.983	0.0985	-36.65
YML125C_mRNA	318	669.3	41.11	12.0	2.04	39.07	0.9874	0.0768	-37.03
YML126C_mRNA	644	902.5	56.28	71.0	3.01	53.27	0.9814	0.0908	-50.26
YML127W_mRNA	111	823.8	40.57	12.0	1.74	38.83	0.991	0.0652	-37.09
YML128C_mRNA	144	747.5	61.35	70.5	4.59	56.76	0.9931	0.1143	-52.17
YML129C_mRNA	145	431.1	64.67	68.0	19.23	45.44	1.0	0.1342	-26.21
YML130C_mRNA	1271	788.1	50.97	28.0	2.92	48.05	0.9906	0.0861	-45.13
YML131W_mRNA	212	657.4	48.09	17.0	2.37	45.73	0.9953	0.0964	-43.36
YML132W_mRNA	168	459.7	72.95	78.0	19.73	53.23	0.9881	0.1685	-33.5
YML133C_mRNA	32	548.1	47.59	20.0	6.81	40.78	0.9688	0.1014	-33.97
YMR001C_mRNA	64	683.6	51.0	26.0	5.34	45.66	0.9844	0.1009	-40.31
YMR002W_mRNA	475	566.8	48.42	60.0	2.38	46.04	0.9937	0.0947	-43.65
YMR003W_mRNA	93	565.7	44.44	18.0	2.22	42.23	1.0	0.0862	-40.01
YMR004W_mRNA	141	595.3	50.67	41.0	3.39	47.28	0.9929	0.116	-43.89
YMR005W_mRNA	138	526.4	49.06	8.0	2.95	46.11	0.9928	0.0943	-43.16
YMR006C_mRNA	205	769.7	58.79	75.0	4.67	54.12	0.9951	0.1173	-49.44
YMR007W_mRNA	40	448.1	102.38	84.0	13.15	89.22	1.0	0.203	-76.08
YMR008C-A_mRNA	29	436.3	48.72	30.0	2.34	46.38	0.9655	0.1111	-44.03
YMR008C_mRNA	352	978.2	51.54	41.0	2.5	49.04	0.9886	0.0756	-46.54
YMR009W_mRNA	285	572.4	47.59	22.0	7.23	40.36	0.9825	0.0912	-33.13
YMR010W_mRNA	226	563.7	86.59	68.0	47.0	39.59	0.9867	0.2044	7.41
YMR011W_mRNA	991	832.1	56.41	72.0	2.9	53.51	0.998	0.0968	-50.62
YMR012W_mRNA	671	801.4	51.27	46.0	3.93	47.34	0.9896	0.097	-43.41
YMR013C-A_mRNA	9	1116.2	109.44	83.0	18.0	91.44	1.0	0.0917	-73.44
YMR013C_mRNA	81	770.6	116.73	104.0	12.78	103.95	0.9877	0.2018	-91.17
YMR013W-A_mRNA	397	238.8	66.21	70.0	25.15	41.07	0.995	0.2488	-15.92
YMR014W_mRNA	90	292.6	44.81	15.0	2.14	42.67	0.9889	0.1751	-40.52
YMR015C_mRNA	344	752.2	45.66	19.0	3.24	42.42	0.9913	0.0898	-39.18
YMR016C_mRNA	93	552.5	72.53	25.0	23.1	49.43	1.0	0.1729	-26.33
YMR017W_mRNA	9	733.1	267.56	110.0	156.56	111.0	1.0	0.3321	45.56
YMR018W_mRNA	20	455.4	155.45	159.0	107.2	48.25	1.0	0.3877	58.95
YMR019W_mRNA	107	608.5	99.65	97.0	1.61	98.05	1.0	0.2502	-96.44
YMR020W_mRNA	143	829.7	60.9	71.0	3.29	57.61	0.979	0.1025	-54.32
YMR021C_mRNA	146	536.8	47.19	21.0	4.48	42.71	1.0	0.0986	-38.23
YMR022W_mRNA	445	512.9	49.98	41.0	2.24	47.74	0.9573	0.1038	-45.5
YMR023C_mRNA	67	619.8	57.88	41.0	1.82	56.06	1.0	0.1189	-54.24
YMR024W_mRNA	103	562.7	55.03	66.0	4.49	50.54	1.0	0.1199	-46.06
YMR025W_mRNA	39	660.8	82.36	85.0	2.85	79.51	1.0	0.1491	-76.67
YMR026C_mRNA	55	628.1	56.45	43.0	1.55	54.91	1.0	0.1269	-53.36
YMR027W_mRNA	262	759.0	55.11	58.0	5.31	49.8	0.9809	0.0978	-44.49
YMR028W_mRNA	35	762.2	47.69	17.0	1.31	46.37	0.9429	0.0681	-45.06
YMR029C_mRNA	176	698.2	56.35	36.5	2.48	53.86	0.9943	0.0938	-51.38
YMR030W-A_mRNA	22	522.3	52.95	62.5	2.05	50.91	1.0	0.1166	-48.86
YMR030W_mRNA	41	556.9	49.32	63.0	1.24	48.07	1.0	0.1007	-46.83
YMR031C_mRNA	89	623.0	54.58	36.0	2.7	51.89	1.0	0.114	-49.19
YMR032W_mRNA	10	854.9	52.4	41.0	1.9	50.5	1.0	0.0908	-48.6
YMR033W_mRNA	239	692.3	48.05	23.0	3.49	44.56	1.0	0.0905	-41.07
YMR034C_mRNA	35	691.0	42.91	16.0	3.43	39.49	1.0	0.083	-36.06
YMR035W_mRNA	135	554.0	50.18	63.0	2.67	47.51	1.0	0.0978	-44.84
YMR036C_mRNA	22	811.3	37.36	15.5	0.45	36.91	1.0	0.0738	-36.45
YMR037C_mRNA	102	683.1	107.92	80.0	59.91	48.01	1.0	0.2116	11.9
YMR038C_mRNA	507	661.4	44.86	15.0	2.66	42.2	0.9941	0.077	-39.53
YMR039C_mRNA	291	535.9	48.27	25.0	2.68	45.59	0.9897	0.1022	-42.91
YMR040W_mRNA	108	504.9	52.39	72.0	2.42	49.97	0.9907	0.1052	-47.56
YMR041C_mRNA	72	720.3	67.81	69.5	13.11	54.69	1.0	0.1205	-41.58
YMR042W_mRNA	68	557.0	80.93	83.0	14.46	66.47	1.0	0.1582	-52.01
YMR043W_mRNA	158	772.8	75.97	81.0	3.37	72.59	1.0	0.1294	-69.22
YMR044W_mRNA	154	524.1	55.26	61.0	7.97	47.29	0.9805	0.1268	-39.31
YMR045C_mRNA	2054	1298.3	324.06	336.0	3.34	320.72	0.9927	0.284	-317.39
YMR046C_mRNA	11	637.5	111.91	72.0	56.55	55.36	1.0	0.1351	1.18
YMR046W-A_mRNA	13724	429.1	146.9	133.0	98.84	48.07	0.9978	0.3069	50.77
YMR047C_mRNA	171	537.5	59.84	72.0	11.46	48.38	0.9708	0.1554	-36.92
YMR048W_mRNA	17	701.5	31.65	12.0	0.71	30.94	0.8235	0.0492	-30.24
YMR049C_mRNA	339	712.1	42.01	13.0	1.97	40.04	0.9853	0.0829	-38.06
YMR050C_mRNA	591	1018.0	283.25	328.0	3.07	280.17	0.9882	0.3151	-277.1
YMR051C_mRNA	10	650.4	161.8	158.5	4.8	157.0	1.0	0.2554	-152.2
YMR052C-A_mRNA	21	420.9	45.29	25.0	2.67	42.62	1.0	0.1157	-39.95
YMR052W_mRNA	55	599.9	26.73	7.0	1.56	25.16	0.9455	0.0487	-23.6
YMR053C_mRNA	27	692.4	44.11	12.0	1.56	42.56	1.0	0.1012	-41.0
YMR054W_mRNA	172	729.1	56.61	66.5	6.75	49.86	0.9884	0.0987	-43.11
YMR055C_mRNA	28	529.5	77.64	24.0	32.21	45.43	1.0	0.1288	-13.21
YMR056C_mRNA	26	597.2	57.19	42.0	15.88	41.31	1.0	0.1099	-25.42
YMR058W_mRNA	118	682.1	54.23	64.5	3.4	50.83	0.9915	0.1204	-47.43
YMR059W_mRNA	170	492.3	45.71	17.0	5.39	40.32	0.9882	0.0929	-34.93
YMR060C_mRNA	70	764.0	54.63	76.0	4.03	50.6	1.0	0.0824	-46.57
YMR061W_mRNA	238	876.6	51.32	54.5	4.16	47.16	0.9874	0.0794	-43.0
YMR062C_mRNA	518	818.3	52.94	69.5	2.6	50.33	0.9826	0.0861	-47.73
YMR064W_mRNA	127	693.2	81.02	83.0	7.83	73.19	0.9843	0.1419	-65.36
YMR065W_mRNA	47	725.6	83.51	82.0	1.3	82.21	1.0	0.1558	-80.91
YMR066W_mRNA	63	720.6	46.73	24.0	2.71	44.02	0.9683	0.0948	-41.3
YMR067C_mRNA	85	619.4	58.2	59.0	4.08	54.12	1.0	0.1113	-50.04
YMR068W_mRNA	19	523.2	57.0	78.0	2.63	54.37	1.0	0.1665	-51.74
YMR069W_mRNA	26	550.8	41.81	10.0	3.31	38.5	0.9615	0.0795	-35.19
YMR070W_mRNA	125	670.4	62.38	75.0	4.29	58.1	1.0	0.118	-53.81
YMR071C_mRNA	332	557.8	52.58	49.5	4.55	48.04	1.0	0.0976	-43.49
YMR072W_mRNA	443	625.9	48.11	20.0	1.8	46.31	0.9955	0.0812	-44.51
YMR073C_mRNA	189	463.2	55.27	70.0	4.54	50.72	0.9947	0.1339	-46.18
YMR074C_mRNA	762	492.7	62.01	66.5	1.84	60.17	0.9961	0.1268	-58.34
YMR075W_mRNA	127	657.9	45.13	18.0	4.06	41.07	1.0	0.0819	-37.01
YMR076C_mRNA	45	485.3	59.27	70.0	8.0	51.27	1.0	0.1455	-43.27
YMR077C_mRNA	142	633.5	63.05	34.5	16.84	46.21	0.993	0.1114	-29.37
YMR078C_mRNA	55	819.9	51.53	17.0	1.89	49.64	1.0	0.0743	-47.75
YMR079W_mRNA	362	662.0	45.18	22.5	2.42	42.76	0.9862	0.0898	-40.35
YMR080C_mRNA	451	723.0	53.54	71.0	2.16	51.38	0.9557	0.0949	-49.22
YMR081C_mRNA	111	612.9	60.91	73.0	4.34	56.57	1.0	0.1125	-52.23
YMR083W_mRNA	899	708.3	51.07	48.0	4.18	46.89	0.99	0.09	-42.71
YMR085W_mRNA	146	924.9	96.58	86.5	2.74	93.84	1.0	0.144	-91.1
YMR086C-A_mRNA	5	213.0	38.4	16.0	3.6	34.8	1.0	0.1488	-31.2
YMR086W_mRNA	40	991.2	77.08	9.0	23.62	53.45	1.0	0.0874	-29.82
YMR087W_mRNA	157	594.8	45.08	18.0	2.48	42.61	1.0	0.0843	-40.13
YMR088C_mRNA	198	723.6	55.64	69.0	3.27	52.37	0.9899	0.1124	-49.1
YMR089C_mRNA	190	587.6	58.28	69.0	3.71	54.57	1.0	0.1337	-50.86
YMR090W_mRNA	165	596.4	42.99	15.0	2.27	40.72	0.9818	0.0718	-38.45
YMR091C_mRNA	190	668.7	46.51	19.0	2.04	44.47	0.9947	0.081	-42.43
YMR092C_mRNA	347	820.4	50.56	26.0	4.6	45.96	0.9885	0.0819	-41.36
YMR093W_mRNA	142	697.8	48.18	23.5	2.98	45.2	0.9859	0.0868	-42.23
YMR094W_mRNA	17	732.4	45.18	13.0	3.18	42.0	1.0	0.0784	-38.82
YMR096W_mRNA	69	670.8	47.97	30.0	2.28	45.7	1.0	0.0811	-43.42
YMR097C_mRNA	71	610.0	47.58	15.0	3.23	44.35	0.9859	0.0993	-41.13
YMR098C_mRNA	108	800.6	64.6	73.0	4.06	60.54	0.9907	0.113	-56.47
YMR099C_mRNA	433	661.2	50.7	69.0	3.6	47.1	0.9931	0.0988	-43.5
YMR100W_mRNA	67	785.8	54.82	65.0	4.34	50.48	1.0	0.1093	-46.13
YMR101C_mRNA	9	657.7	65.11	82.0	1.22	63.89	1.0	0.1044	-62.67
YMR102C_mRNA	215	748.5	53.02	61.0	1.95	51.07	0.9907	0.1061	-49.12
YMR103C_mRNA	33	561.9	45.88	24.0	3.06	42.82	1.0	0.0934	-39.76
YMR104C_mRNA	163	784.3	58.29	75.0	2.83	55.46	0.9939	0.1236	-52.63
YMR105C_mRNA	236	680.1	52.75	70.0	1.96	50.8	0.9958	0.1149	-48.84
YMR106C_mRNA	18	885.0	45.11	15.5	12.22	32.89	1.0	0.0545	-20.67
YMR107W_mRNA	31	396.4	143.77	110.0	67.58	76.19	1.0	0.3946	-8.61
YMR108W_mRNA	2067	829.5	49.62	64.0	2.58	47.03	0.9816	0.0923	-44.45
YMR109W_mRNA	107	730.9	49.76	33.0	2.88	46.88	0.9907	0.1033	-44.0
YMR110C_mRNA	241	875.9	60.63	71.0	2.97	57.66	0.9959	0.0907	-54.69
YMR111C_mRNA	47	691.3	60.28	41.0	2.49	57.79	1.0	0.1211	-55.3
YMR112C_mRNA	185	440.1	54.6	65.0	6.11	48.49	1.0	0.1281	-42.38
YMR113W_mRNA	98	672.0	68.01	72.0	18.61	49.4	0.9694	0.1606	-30.79
YMR114C_mRNA	31	390.9	45.16	15.0	0.68	44.48	1.0	0.116	-43.81
YMR115W_mRNA	142	789.7	52.73	20.5	1.84	50.89	1.0	0.0858	-49.06
YMR116C_mRNA	13762	796.7	50.54	66.0	3.04	47.5	0.9903	0.0779	-44.46
YMR117C_mRNA	11	456.7	47.18	64.0	1.0	46.18	1.0	0.1235	-45.18
YMR118C_mRNA	37	760.9	202.73	121.0	1.51	201.22	1.0	0.2632	-199.7
YMR119W-A_mRNA	106	464.4	40.64	10.5	3.0	37.64	0.9717	0.1018	-34.64
YMR119W_mRNA	81	784.7	61.11	24.0	4.89	56.22	1.0	0.1015	-51.33
YMR120C_mRNA	24	792.8	75.21	74.0	3.04	72.17	1.0	0.1361	-69.12
YMR121C_mRNA	125	548.4	43.62	15.0	3.42	40.2	1.0	0.0869	-36.78
YMR122C_mRNA	81	478.1	59.94	58.0	2.38	57.56	0.9506	0.1245	-55.17
YMR122W-A_mRNA	2103	468.7	56.4	72.0	2.38	54.02	0.9971	0.1251	-51.64
YMR123W_mRNA	202	404.1	51.85	19.5	3.35	48.5	0.995	0.1227	-45.14
YMR124W_mRNA	195	593.3	46.11	19.0	2.08	44.03	1.0	0.0963	-41.95
YMR125W_mRNA	518	803.9	47.38	21.5	2.6	44.79	0.9498	0.0804	-42.19
YMR126C_mRNA	92	507.2	52.9	68.0	2.4	50.5	0.9891	0.1167	-48.1
YMR127C_mRNA	115	748.5	48.97	40.0	2.67	46.3	1.0	0.0804	-43.63
YMR128W_mRNA	97	916.3	49.46	22.0	2.03	47.43	0.9691	0.0725	-45.4
YMR129W_mRNA	190	663.6	53.87	65.5	5.14	48.73	0.9895	0.1128	-43.58
YMR130W_mRNA	205	693.1	71.71	75.0	6.64	65.07	0.9951	0.1284	-58.43
YMR131C_mRNA	668	730.0	45.32	20.5	2.13	43.19	0.9865	0.0864	-41.06
YMR132C_mRNA	107	729.7	58.8	71.0	1.83	56.97	1.0	0.0906	-55.14
YMR133W_mRNA	9	622.4	228.44	237.0	1.33	227.11	1.0	0.4062	-225.78
YMR134W_mRNA	100	638.8	55.19	69.0	3.71	51.48	0.99	0.1032	-47.77
YMR135C_mRNA	69	814.8	54.7	75.0	1.68	53.01	0.9855	0.0893	-51.33
YMR136W_mRNA	92	620.8	45.33	19.5	3.39	41.93	0.9891	0.0964	-38.54
YMR137C_mRNA	29	712.1	57.76	74.0	1.76	56.0	1.0	0.1002	-54.24
YMR138W_mRNA	32	541.2	33.62	12.5	6.53	27.09	1.0	0.0634	-20.56
YMR139W_mRNA	115	706.8	98.21	95.0	3.78	94.43	1.0	0.1917	-90.64
YMR140W_mRNA	59	970.2	55.41	73.0	1.54	53.86	0.9661	0.0766	-52.32
YMR141C_mRNA	44	651.2	52.32	19.0	9.2	43.11	0.9773	0.0931	-33.91
YMR142C_mRNA	4472	601.4	37.65	9.0	2.09	35.56	0.9539	0.0663	-33.47
YMR143W_mRNA	12541	510.7	40.27	12.0	1.71	38.56	0.956	0.0786	-36.84
YMR144W_mRNA	34	650.0	57.85	75.0	2.56	55.29	1.0	0.1193	-52.74
YMR145C_mRNA	810	710.7	47.3	22.5	2.94	44.36	0.9889	0.0948	-41.42
YMR146C_mRNA	1074	655.8	45.87	19.5	3.11	42.77	0.9953	0.0922	-39.66
YMR147W_mRNA	22	716.2	71.09	83.5	6.41	64.68	1.0	0.1071	-58.27
YMR148W_mRNA	21	488.2	53.62	75.0	4.19	49.43	1.0	0.1256	-45.24
YMR149W_mRNA	302	600.5	55.34	46.5	3.07	52.28	1.0	0.1146	-49.21
YMR150C_mRNA	211	586.1	79.14	86.0	2.29	76.85	1.0	0.1477	-74.56
YMR151W_mRNA	8	298.8	49.25	15.0	0.5	48.75	1.0	0.1331	-48.25
YMR152W_mRNA	130	708.1	49.95	21.0	7.45	42.49	1.0	0.0837	-35.04
YMR153C-A_mRNA	47	772.9	48.77	65.0	3.57	45.19	1.0	0.076	-41.62
YMR153W_mRNA	44	952.9	37.82	11.0	3.09	34.73	1.0	0.0451	-31.64
YMR154C_mRNA	19	848.9	61.26	66.0	7.68	53.58	1.0	0.1251	-45.89
YMR155W_mRNA	105	732.4	79.27	75.0	2.62	76.65	0.9905	0.1152	-74.03
YMR156C_mRNA	42	613.7	99.1	56.5	22.52	76.57	1.0	0.1381	-54.05
YMR157C_mRNA	84	609.6	43.55	17.0	3.76	39.79	1.0	0.0873	-36.02
YMR158C-A_mRNA	62	738.0	70.81	79.0	3.65	67.16	1.0	0.1229	-63.52
YMR158W_mRNA	306	514.5	52.67	61.5	4.56	48.11	0.9869	0.106	-43.56
YMR160W_mRNA	43	643.1	62.65	61.0	9.19	53.47	0.9767	0.1156	-44.28
YMR161W_mRNA	577	664.9	52.6	61.0	2.61	49.99	0.9965	0.0923	-47.38
YMR162C_mRNA	74	562.8	47.62	20.0	1.65	45.97	1.0	0.0993	-44.32
YMR163C_mRNA	26	557.0	80.65	75.0	39.65	41.0	1.0	0.2314	-1.35
YMR164C_mRNA	77	652.4	104.39	84.0	44.36	60.03	1.0	0.1746	-15.66
YMR165C_mRNA	79	741.0	49.53	23.0	8.59	40.94	1.0	0.1027	-32.34
YMR166C_mRNA	56	709.4	48.09	60.0	4.61	43.48	1.0	0.0871	-38.88
YMR167W_mRNA	62	689.7	39.24	14.0	3.82	35.42	0.9677	0.0694	-31.6
YMR168C_mRNA	43	800.5	68.3	73.0	5.28	63.02	0.9535	0.0985	-57.74
YMR169C_mRNA	50	583.6	57.64	65.0	9.74	47.9	1.0	0.1309	-38.16
YMR170C_mRNA	53	750.0	74.74	46.0	13.94	60.79	0.9811	0.1481	-46.85
YMR171C_mRNA	67	506.8	53.13	53.0	12.46	40.67	0.9851	0.1345	-28.21
YMR172W_mRNA	20	495.2	85.45	82.0	1.0	84.45	1.0	0.1773	-83.45
YMR173W-A_mRNA	316	838.0	60.64	71.0	1.64	59.0	0.9715	0.0982	-57.36
YMR173W_mRNA	329	855.7	56.14	69.0	4.74	51.4	0.9909	0.0904	-46.67
YMR174C_mRNA	40	346.5	50.9	32.0	2.58	48.32	1.0	0.1556	-45.75
YMR175W-A_mRNA	32	423.5	68.41	26.0	36.41	32.0	1.0	0.1369	4.41
YMR176W_mRNA	70	777.3	61.94	35.0	10.97	50.97	0.9857	0.1167	-40.0
YMR177W_mRNA	109	722.9	66.05	80.0	6.14	59.91	1.0	0.1381	-53.77
YMR178W_mRNA	311	653.0	49.87	17.0	3.1	46.77	0.9904	0.083	-43.67
YMR179W_mRNA	56	632.1	46.86	37.5	3.62	43.23	1.0	0.0954	-39.61
YMR180C_mRNA	237	426.7	66.4	73.0	2.71	63.69	1.0	0.163	-60.98
YMR181C_mRNA	153	602.3	58.72	75.0	7.44	51.28	1.0	0.1178	-43.84
YMR182C_mRNA	6	705.7	63.0	45.0	5.67	57.33	1.0	0.0856	-51.67
YMR182W-A_mRNA	141	428.4	154.5	173.0	2.25	152.25	1.0	0.3587	-150.0
YMR183C_mRNA	349	696.0	64.49	35.0	26.73	37.76	0.9628	0.1281	-11.03
YMR184W_mRNA	201	544.0	47.26	26.0	1.95	45.31	0.9851	0.093	-43.36
YMR185W_mRNA	84	975.5	45.07	16.5	1.77	43.3	0.9762	0.0605	-41.52
YMR186W_mRNA	2442	981.0	43.93	15.0	2.58	41.35	0.9771	0.0604	-38.77
YMR187C_mRNA	42	615.3	54.62	70.5	4.17	50.45	1.0	0.1518	-46.29
YMR188C_mRNA	276	701.4	46.0	18.0	3.17	42.83	0.9855	0.0714	-39.67
YMR189W_mRNA	57	716.8	43.09	17.0	1.35	41.74	0.9825	0.1011	-40.39
YMR190C_mRNA	50	646.9	86.16	68.5	17.8	68.36	0.98	0.164	-50.56
YMR191W_mRNA	159	691.9	68.7	80.0	2.76	65.94	1.0	0.1202	-63.18
YMR192W_mRNA	105	577.9	52.2	15.0	2.49	49.71	0.9905	0.0974	-47.23
YMR193C-A_mRNA	5	507.8	267.8	225.0	56.0	211.8	1.0	0.4737	-155.8
YMR193W_mRNA	73	733.2	56.77	74.0	2.71	54.05	1.0	0.0804	-51.34
YMR194C-A_mRNA	8	363.6	60.25	50.0	1.38	58.88	1.0	0.1709	-57.5
YMR194C-B_mRNA	181	345.3	65.41	43.0	29.21	36.2	1.0	0.1934	-6.99
YMR194W_mRNA	4348	394.1	42.63	15.0	3.17	39.46	0.9805	0.1005	-36.29
YMR195W_mRNA	371	509.7	54.9	69.0	4.51	50.4	0.9973	0.1147	-45.89
YMR196W_mRNA	70	726.8	48.66	41.5	3.26	45.4	1.0	0.0983	-42.14
YMR197C_mRNA	286	527.5	49.49	28.0	2.42	47.07	0.9965	0.1059	-44.65
YMR198W_mRNA	31	552.3	89.03	68.0	11.13	77.9	0.9677	0.1573	-66.77
YMR199W_mRNA	162	601.6	61.52	70.0	12.86	48.67	0.9938	0.1339	-35.81
YMR200W_mRNA	461	683.9	50.1	35.0	3.13	46.96	0.9935	0.0857	-43.83
YMR201C_mRNA	55	358.5	49.89	43.0	1.27	48.62	1.0	0.1434	-47.35
YMR202W_mRNA	1158	593.2	49.53	65.0	2.65	46.88	0.9974	0.095	-44.23
YMR203W_mRNA	320	784.5	50.09	64.5	2.3	47.79	0.9938	0.0913	-45.5
YMR204C_mRNA	27	514.7	43.96	25.0	2.96	41.0	1.0	0.1099	-38.04
YMR205C_mRNA	1141	778.8	52.38	65.0	2.76	49.63	0.993	0.0966	-46.87
YMR206W_mRNA	14	611.1	122.21	102.0	0.71	121.5	1.0	0.271	-120.79
YMR207C_mRNA	48	744.4	48.52	12.5	6.71	41.81	1.0	0.0973	-35.1
YMR208W_mRNA	290	761.6	54.37	71.5	3.13	51.24	0.9793	0.0924	-48.11
YMR209C_mRNA	94	530.2	43.63	20.0	3.13	40.5	1.0	0.1133	-37.37
YMR210W_mRNA	115	690.1	52.86	55.0	4.5	48.36	1.0	0.1015	-43.85
YMR211W_mRNA	97	716.6	51.98	33.0	4.29	47.69	1.0	0.0933	-43.4
YMR212C_mRNA	326	843.2	54.0	65.5	3.48	50.52	0.9969	0.0882	-47.04
YMR213W_mRNA	32	484.5	41.97	11.5	10.34	31.62	1.0	0.1175	-21.28
YMR214W_mRNA	66	535.4	33.95	8.0	1.29	32.67	0.9697	0.0842	-31.38
YMR215W_mRNA	135	755.2	57.95	75.0	3.12	54.83	0.9926	0.1118	-51.71
YMR216C_mRNA	71	703.1	33.65	14.0	1.86	31.79	0.9859	0.0579	-29.93
YMR217W_mRNA	1333	762.8	45.41	16.0	2.5	42.92	0.985	0.0853	-40.42
YMR218C_mRNA	147	878.4	50.59	67.0	2.35	48.24	1.0	0.0815	-45.89
YMR219W_mRNA	66	718.6	53.03	28.0	3.97	49.06	0.9848	0.1047	-45.09
YMR220W_mRNA	283	780.1	46.23	18.0	2.49	43.74	0.9859	0.0827	-41.25
YMR221C_mRNA	170	623.7	65.19	75.5	2.06	63.14	1.0	0.1303	-61.08
YMR222C_mRNA	79	569.5	58.08	76.0	2.91	55.16	1.0	0.118	-52.25
YMR223W_mRNA	165	880.2	53.27	66.0	2.92	50.35	0.9939	0.0851	-47.42
YMR224C_mRNA	64	484.5	53.59	46.5	1.97	51.62	1.0	0.1199	-49.66
YMR225C_mRNA	126	432.5	61.01	18.5	16.04	44.97	0.9921	0.131	-28.93
YMR226C_mRNA	679	678.2	47.7	18.0	2.03	45.68	0.9985	0.084	-43.65
YMR228W_mRNA	128	674.9	49.14	16.5	2.77	46.38	0.9922	0.0934	-43.61
YMR229C_mRNA	935	810.3	46.38	18.0	2.02	44.36	0.9936	0.0887	-42.33
YMR230W_mRNA	11509	439.3	40.85	13.0	2.9	37.95	0.9642	0.0883	-35.05
YMR231W_mRNA	64	862.7	54.11	64.5	1.98	52.12	1.0	0.0913	-50.14
YMR232W_mRNA	21	603.8	32.67	11.0	1.38	31.29	1.0	0.0825	-29.9
YMR233W_mRNA	225	654.7	50.2	63.0	2.15	48.05	0.9689	0.0876	-45.91
YMR234W_mRNA	81	578.9	44.4	17.0	4.1	40.3	1.0	0.0948	-36.2
YMR235C_mRNA	355	460.2	38.89	12.0	1.45	37.43	0.9775	0.1011	-35.98
YMR236W_mRNA	130	462.6	42.29	13.5	2.63	39.66	0.9923	0.0928	-37.03
YMR237W_mRNA	306	770.9	54.31	30.0	1.89	52.42	0.9935	0.0899	-50.53
YMR238W_mRNA	420	713.2	54.25	69.0	4.94	49.31	0.9833	0.1024	-44.37
YMR239C_mRNA	98	1000.1	265.53	295.0	7.38	258.15	0.9898	0.2902	-250.78
YMR240C_mRNA	26	524.9	28.31	11.0	2.35	25.96	1.0	0.0521	-23.62
YMR241W_mRNA	597	636.8	57.25	74.0	4.51	52.74	0.9966	0.1177	-48.22
YMR242C_mRNA	4635	545.8	44.39	16.0	3.83	40.56	0.9961	0.0859	-36.73
YMR243C_mRNA	349	694.1	45.3	22.0	3.25	42.06	0.9713	0.0874	-38.81
YMR244C-A_mRNA	221	433.9	42.98	18.0	4.24	38.74	0.9955	0.1007	-34.5
YMR245W_mRNA	18	272.9	41.61	14.5	2.06	39.56	0.9444	0.1377	-37.5
YMR246W_mRNA	704	865.2	110.59	65.0	65.11	45.48	0.9943	0.1701	19.63
YMR247C_mRNA	247	634.9	50.7	62.0	2.26	48.44	0.9798	0.1064	-46.17
YMR250W_mRNA	112	795.5	48.56	14.0	1.02	47.54	1.0	0.0882	-46.53
YMR251W-A_mRNA	12213	471.8	49.28	63.0	2.98	46.3	0.9979	0.1032	-43.32
YMR251W_mRNA	14	506.9	138.14	152.5	1.43	136.71	1.0	0.2888	-135.29
YMR252C_mRNA	61	596.0	56.23	27.0	17.28	38.95	1.0	0.12	-21.67
YMR253C_mRNA	36	569.9	53.97	72.0	2.58	51.39	1.0	0.1061	-48.81
YMR255W_mRNA	166	510.8	50.67	16.0	9.14	41.54	1.0	0.1107	-32.4
YMR256C_mRNA	1615	390.8	50.04	67.0	2.33	47.72	0.9938	0.1222	-45.39
YMR257C_mRNA	61	684.2	81.57	68.0	7.87	73.7	1.0	0.1297	-65.84
YMR258C_mRNA	166	848.2	54.64	69.5	4.49	50.16	0.994	0.0951	-45.67
YMR259C_mRNA	157	748.7	54.97	36.0	7.68	47.29	0.9936	0.1017	-39.61
YMR260C_mRNA	2992	532.4	43.52	14.0	1.79	41.73	0.9903	0.0857	-39.93
YMR261C_mRNA	179	1013.0	62.79	75.0	2.84	59.94	0.9944	0.1107	-57.1
YMR262W_mRNA	38	621.9	47.76	32.5	6.34	41.42	1.0	0.0989	-35.08
YMR263W_mRNA	183	596.1	43.78	12.0	6.12	37.66	1.0	0.0817	-31.54
YMR264W_mRNA	190	598.0	45.24	15.0	3.79	41.44	1.0	0.0798	-37.65
YMR265C_mRNA	53	547.0	40.34	11.0	2.47	37.87	1.0	0.1016	-35.4
YMR266W_mRNA	376	882.5	54.35	60.5	2.6	51.76	0.9867	0.0986	-49.16
YMR267W_mRNA	107	743.1	55.48	68.0	2.3	53.18	1.0	0.0986	-50.88
YMR268C_mRNA	46	626.0	36.76	13.5	2.67	34.09	1.0	0.0871	-31.41
YMR269W_mRNA	25	335.6	48.12	24.0	1.96	46.16	1.0	0.1308	-44.2
YMR270C_mRNA	143	706.0	44.53	18.0	3.8	40.73	0.986	0.0793	-36.94
YMR271C_mRNA	193	485.4	56.71	67.0	8.26	48.45	0.9948	0.1359	-40.18
YMR272C_mRNA	253	729.9	64.14	69.0	17.24	46.91	0.9842	0.1272	-29.67
YMR273C_mRNA	71	692.1	45.77	12.0	3.42	42.35	1.0	0.0797	-38.93
YMR274C_mRNA	46	563.2	67.65	20.5	19.26	48.39	0.9783	0.1164	-29.13
YMR275C_mRNA	131	804.8	44.24	16.0	2.18	42.06	0.9847	0.0773	-39.88
YMR276W_mRNA	255	841.5	56.75	76.0	3.51	53.25	0.9922	0.0857	-49.74
YMR277W_mRNA	44	667.2	50.3	45.5	1.93	48.36	0.9773	0.1095	-46.43
YMR278W_mRNA	71	1019.9	50.59	61.0	2.94	47.65	0.9859	0.068	-44.7
YMR279C_mRNA	13	1253.7	463.23	378.0	63.38	399.85	1.0	0.4352	-336.46
YMR280C_mRNA	42	905.9	122.29	67.5	60.26	62.02	1.0	0.1263	-1.76
YMR281W_mRNA	139	566.6	51.44	65.0	2.81	48.63	0.9856	0.105	-45.81
YMR282C_mRNA	88	723.1	71.31	37.5	27.95	43.35	0.9886	0.1041	-15.4
YMR283C_mRNA	80	709.2	53.54	28.5	1.66	51.88	0.9875	0.0971	-50.21
YMR284W_mRNA	157	946.3	51.89	67.0	3.77	48.11	0.9936	0.0818	-44.34
YMR285C_mRNA	63	719.3	48.57	47.0	3.11	45.46	1.0	0.0873	-42.35
YMR286W_mRNA	320	408.5	43.82	15.5	2.76	41.07	0.9719	0.1016	-38.31
YMR287C_mRNA	74	724.4	41.16	14.5	3.41	37.76	0.973	0.0781	-34.35
YMR288W_mRNA	47	951.0	51.45	62.0	1.96	49.49	1.0	0.0826	-47.53
YMR289W_mRNA	212	490.9	47.64	63.0	2.65	44.99	0.9858	0.1195	-42.34
YMR290C_mRNA	327	912.7	50.21	48.0	3.44	46.77	0.9939	0.0732	-43.34
YMR290W-A_mRNA	5	215.6	91.0	52.0	57.2	33.8	1.0	0.3217	23.4
YMR291W_mRNA	59	571.7	57.2	66.0	10.0	47.2	0.9492	0.1232	-37.2
YMR292W_mRNA	286	439.6	52.49	65.0	4.33	48.17	0.9965	0.1193	-43.84
YMR293C_mRNA	32	683.2	57.41	72.0	2.47	54.94	1.0	0.0921	-52.47
YMR294W-A_mRNA	250	665.7	44.93	24.5	1.81	43.12	0.976	0.0777	-41.32
YMR294W_mRNA	25	775.0	36.56	9.0	1.4	35.16	1.0	0.0508	-33.76
YMR295C_mRNA	248	653.8	39.78	10.0	2.25	37.52	0.9637	0.0667	-35.27
YMR296C_mRNA	330	876.5	53.65	74.0	2.64	51.02	1.0	0.0926	-48.38
YMR297W_mRNA	661	764.0	54.3	72.0	2.66	51.64	0.9924	0.0993	-48.98
YMR298W_mRNA	268	518.1	42.15	14.5	2.65	39.51	0.9776	0.0861	-36.86
YMR299C_mRNA	266	546.5	44.26	40.0	1.86	42.39	0.9887	0.0834	-40.53
YMR300C_mRNA	217	899.9	48.68	35.0	1.89	46.78	0.9908	0.0817	-44.89
YMR301C_mRNA	85	764.2	74.22	28.0	2.99	71.24	0.9882	0.1285	-68.25
YMR302C_mRNA	167	704.7	66.07	70.0	11.75	54.31	0.988	0.1284	-42.56
YMR303C_mRNA	33	433.5	100.85	86.0	56.94	43.91	1.0	0.2782	13.03
YMR304C-A_mRNA	623	593.2	60.01	74.0	7.51	52.5	0.992	0.1133	-44.99
YMR304W_mRNA	107	546.6	52.32	52.0	2.69	49.63	0.9907	0.1242	-46.93
YMR305C_mRNA	771	916.0	58.12	74.0	4.4	53.73	0.9909	0.0844	-49.33
YMR306W_mRNA	48	740.2	42.46	26.0	4.35	38.1	0.9792	0.0787	-33.75
YMR307W_mRNA	2431	827.1	51.8	67.0	3.39	48.41	0.9905	0.0963	-45.02
YMR308C_mRNA	525	846.5	58.7	67.0	4.24	54.46	0.9886	0.1002	-50.22
YMR309C_mRNA	852	888.4	56.85	73.5	4.23	52.62	0.9883	0.0931	-48.39
YMR310C_mRNA	77	652.4	51.78	70.0	2.95	48.83	1.0	0.1069	-45.88
YMR311C_mRNA	84	450.0	39.06	19.5	1.46	37.6	0.9762	0.1057	-36.13
YMR312W_mRNA	209	576.0	48.81	62.0	2.43	46.38	0.9904	0.0982	-43.96
YMR313C_mRNA	69	830.5	50.01	18.0	2.14	47.87	1.0	0.0916	-45.72
YMR314W_mRNA	604	623.0	41.32	13.0	2.46	38.86	0.9785	0.0819	-36.4
YMR315W_mRNA	374	718.6	61.4	70.0	10.88	50.52	0.984	0.1055	-39.64
YMR316C-A_mRNA	39	249.7	59.64	17.0	3.13	56.51	0.9744	0.1703	-53.38
YMR316C-B_mRNA	29	571.0	104.28	21.0	6.31	97.97	1.0	0.1507	-91.66
YMR316W_mRNA	693	766.5	60.82	62.0	6.85	53.97	0.9928	0.0882	-47.12
YMR317W_mRNA	26	521.7	193.35	185.5	12.0	181.35	1.0	0.3629	-169.35
YMR318C_mRNA	739	724.4	49.44	20.0	5.06	44.38	0.9905	0.0923	-39.32
YMR319C_mRNA	373	706.6	51.15	66.0	4.88	46.27	0.9946	0.0952	-41.39
YMR320W_mRNA	29	477.7	283.55	285.0	217.28	66.28	1.0	0.5588	151.0
YNCO0025W_mRNA	24	395.3	255.62	284.5	27.25	228.38	1.0	0.5783	-201.12
YNCP0005C_mRNA	7	395.9	271.0	287.0	10.43	260.57	1.0	0.6572	-250.14
YNCQ0006W_mRNA	179	606.9	165.49	76.0	114.63	50.85	0.9609	0.2026	63.78
YNL001W_mRNA	257	850.8	50.04	31.0	2.57	47.47	0.9844	0.0696	-44.91
YNL002C_mRNA	803	589.3	38.85	12.0	2.17	36.68	0.9963	0.0831	-34.51
YNL003C_mRNA	182	569.2	48.96	15.5	2.23	46.73	0.9945	0.0977	-44.49
YNL004W_mRNA	190	724.5	49.62	31.5	2.57	47.04	0.9947	0.0843	-44.47
YNL005C_mRNA	238	533.5	47.37	23.5	4.17	43.19	0.9916	0.1129	-39.02
YNL006W_mRNA	1298	731.7	47.89	60.0	2.77	45.12	0.9923	0.0812	-42.34
YNL007C_mRNA	3437	675.3	51.47	64.0	2.6	48.88	0.9892	0.0968	-46.28
YNL008C_mRNA	110	623.8	102.15	76.5	52.14	50.02	1.0	0.1655	2.12
YNL009W_mRNA	60	588.8	63.92	51.5	5.17	58.75	0.9833	0.1347	-53.58
YNL010W_mRNA	1129	664.7	45.05	16.0	2.45	42.6	0.992	0.0762	-40.15
YNL011C_mRNA	91	733.6	45.69	21.0	2.26	43.43	0.989	0.0781	-41.16
YNL012W_mRNA	140	602.7	69.29	76.0	5.94	63.34	1.0	0.1291	-57.4
YNL015W_mRNA	688	448.2	236.29	224.0	34.17	202.12	0.9985	0.5238	-167.96
YNL016W_mRNA	672	835.7	50.4	59.0	2.67	47.74	0.9836	0.0864	-45.07
YNL018C_mRNA	11	594.5	94.73	93.0	58.27	36.45	1.0	0.2449	21.82
YNL020C_mRNA	91	755.3	57.07	16.0	15.44	41.63	1.0	0.089	-26.19
YNL021W_mRNA	78	870.1	63.6	18.5	4.54	59.06	0.9872	0.0863	-54.53
YNL022C_mRNA	101	674.5	42.13	15.0	1.84	40.29	0.9901	0.0833	-38.45
YNL023C_mRNA	146	622.9	117.12	96.0	64.77	52.35	1.0	0.2647	12.42
YNL024C-A_mRNA	611	457.1	49.04	48.0	7.05	42.0	0.9951	0.1117	-34.95
YNL024C_mRNA	98	594.1	61.87	71.5	5.68	56.18	1.0	0.1126	-50.5
YNL025C_mRNA	119	627.7	50.96	67.0	3.16	47.8	1.0	0.1044	-44.64
YNL026W_mRNA	100	782.1	66.43	73.0	2.17	64.26	0.99	0.1145	-62.09
YNL027W_mRNA	143	640.1	47.47	14.0	6.85	40.62	0.986	0.0887	-33.76
YNL029C_mRNA	54	603.1	55.13	42.5	5.0	50.13	1.0	0.139	-45.13
YNL030W_mRNA	5162	465.7	46.33	25.0	2.02	44.31	0.995	0.0996	-42.3
YNL031C_mRNA	2631	528.1	44.11	18.0	2.44	41.68	0.9954	0.0954	-39.24
YNL032W_mRNA	2886	549.5	43.5	16.0	2.61	40.89	0.9958	0.0908	-38.27
YNL033W_mRNA	7	646.6	280.0	187.0	2.57	277.43	1.0	0.3717	-274.86
YNL034W_mRNA	10	668.2	191.3	121.0	152.1	39.2	1.0	0.3819	112.9
YNL035C_mRNA	150	635.5	51.43	19.0	10.39	41.03	0.9733	0.1173	-30.64
YNL036W_mRNA	351	488.1	47.69	42.0	3.02	44.67	0.9658	0.1	-41.65
YNL037C_mRNA	324	742.8	57.83	70.0	3.08	54.75	0.9938	0.1089	-51.67
YNL038W_mRNA	217	664.1	48.79	49.0	1.7	47.09	0.977	0.0802	-45.4
YNL039W_mRNA	48	677.1	37.27	11.0	1.23	36.04	1.0	0.0669	-34.81
YNL040W_mRNA	253	776.4	51.77	59.0	3.33	48.44	0.996	0.0878	-45.11
YNL041C_mRNA	123	825.1	53.55	24.0	6.22	47.33	0.9837	0.0913	-41.11
YNL042W-B_mRNA	6	304.7	134.0	73.0	44.5	89.5	1.0	0.3582	-45.0
YNL042W_mRNA	51	717.0	57.2	70.0	2.08	55.12	0.9608	0.1113	-53.04
YNL043C_mRNA	91	486.4	64.15	76.0	5.6	58.55	1.0	0.1407	-52.95
YNL044W_mRNA	379	649.5	57.0	74.0	2.16	54.84	1.0	0.0965	-52.68
YNL045W_mRNA	293	786.3	51.9	68.0	2.22	49.69	0.9898	0.0903	-47.47
YNL046W_mRNA	54	512.0	54.15	72.5	2.87	51.28	0.9815	0.1236	-48.41
YNL047C_mRNA	56	673.2	48.75	64.0	1.11	47.64	0.9821	0.1307	-46.54
YNL048W_mRNA	163	771.9	46.83	13.0	5.5	41.33	0.9939	0.0826	-35.83
YNL049C_mRNA	153	720.2	41.67	14.0	4.73	36.95	1.0	0.0817	-32.22
YNL050C_mRNA	51	482.5	41.65	13.0	3.57	38.08	1.0	0.0913	-34.51
YNL051W_mRNA	116	690.4	61.58	67.5	5.03	56.55	0.9828	0.1107	-51.53
YNL052W_mRNA	593	601.9	52.79	66.0	2.48	50.32	0.9966	0.0999	-47.84
YNL053W_mRNA	120	592.4	47.42	37.0	2.53	44.88	1.0	0.1024	-42.35
YNL054W-B_mRNA	757	1410.2	274.57	325.0	2.86	271.71	0.9828	0.1877	-268.85
YNL054W_mRNA	35	507.2	57.31	22.0	12.89	44.43	1.0	0.1275	-31.54
YNL055C_mRNA	1632	685.5	58.56	75.0	3.8	54.76	0.9957	0.1016	-50.95
YNL056W_mRNA	169	569.3	48.76	35.0	2.3	46.46	0.9645	0.0937	-44.15
YNL058C_mRNA	220	676.7	56.93	55.5	5.89	51.05	0.9955	0.1049	-45.16
YNL059C_mRNA	70	643.4	51.57	36.0	1.69	49.89	0.9714	0.0992	-48.2
YNL061W_mRNA	675	766.8	54.81	67.0	3.28	51.53	0.9911	0.0998	-48.25
YNL062C_mRNA	126	780.0	46.67	51.5	2.22	44.45	0.9603	0.0847	-42.23
YNL063W_mRNA	105	608.2	44.73	13.0	2.06	42.68	1.0	0.0874	-40.62
YNL064C_mRNA	1831	719.0	48.37	40.0	2.37	46.01	0.988	0.0865	-43.64
YNL065W_mRNA	52	547.2	52.77	69.5	4.38	48.38	1.0	0.1289	-44.0
YNL066W_mRNA	387	849.5	68.44	76.0	10.25	58.19	1.0	0.1101	-47.94
YNL067W_mRNA	3970	682.9	47.14	29.0	2.99	44.15	0.9851	0.0769	-41.16
YNL068C_mRNA	83	658.8	55.77	19.0	13.71	42.06	0.988	0.0982	-28.35
YNL069C_mRNA	4358	595.4	44.04	15.0	2.46	41.58	0.989	0.0871	-39.12
YNL070W_mRNA	1481	385.1	58.77	75.0	4.0	54.77	0.9986	0.1463	-50.77
YNL071W_mRNA	427	782.1	56.37	61.0	3.53	52.84	0.9906	0.1035	-49.31
YNL072W_mRNA	33	576.6	62.24	66.0	1.79	60.45	1.0	0.1383	-58.67
YNL073W_mRNA	36	646.0	52.03	16.5	2.36	49.67	1.0	0.1168	-47.31
YNL074C_mRNA	101	775.1	50.1	67.0	2.82	47.28	0.9802	0.0875	-44.46
YNL075W_mRNA	202	636.0	29.64	6.0	2.22	27.42	0.9505	0.0543	-25.19
YNL076W_mRNA	32	542.3	53.09	66.5	1.16	51.94	1.0	0.1433	-50.78
YNL077W_mRNA	390	646.3	59.21	51.0	3.94	55.27	0.9974	0.1224	-51.33
YNL078W_mRNA	97	593.3	42.73	18.0	1.67	41.06	1.0	0.0962	-39.39
YNL079C_mRNA	1096	515.7	43.85	16.0	2.2	41.65	0.9991	0.0948	-39.46
YNL080C_mRNA	75	565.6	38.77	14.0	4.09	34.68	1.0	0.0833	-30.59
YNL081C_mRNA	284	537.7	56.07	71.5	3.01	53.06	0.9965	0.112	-50.05
YNL082W_mRNA	49	665.4	61.41	80.0	2.43	58.98	1.0	0.1195	-56.55
YNL083W_mRNA	104	596.7	43.88	21.5	3.62	40.26	1.0	0.0962	-36.63
YNL084C_mRNA	466	761.7	49.44	20.5	3.64	45.8	0.9979	0.0819	-42.17
YNL085W_mRNA	465	835.4	47.23	18.0	2.76	44.47	0.9763	0.0761	-41.71
YNL086W_mRNA	45	472.9	71.98	76.0	2.29	69.69	1.0	0.1592	-67.4
YNL087W_mRNA	467	744.4	48.69	24.0	3.12	45.58	0.9829	0.0852	-42.46
YNL088W_mRNA	89	1106.5	52.52	12.0	1.78	50.74	0.9775	0.0577	-48.97
YNL090W_mRNA	211	622.8	48.77	43.0	3.1	45.66	0.9953	0.0863	-42.56
YNL091W_mRNA	107	824.4	55.99	71.0	3.01	52.98	0.9813	0.0974	-49.97
YNL092W_mRNA	25	538.3	89.36	77.0	9.96	79.4	0.96	0.1827	-69.44
YNL093W_mRNA	12	771.8	110.92	86.5	3.17	107.75	1.0	0.1312	-104.58
YNL094W_mRNA	90	814.9	41.64	16.0	1.28	40.37	0.9333	0.0761	-39.09
YNL095C_mRNA	43	622.5	67.26	76.0	12.02	55.23	1.0	0.1407	-43.21
YNL096C_mRNA	3187	535.6	43.11	13.0	3.55	39.55	0.9896	0.0932	-36.0
YNL097C_mRNA	53	488.3	84.17	91.0	14.15	70.02	1.0	0.2095	-55.87
YNL098C_mRNA	211	596.0	52.85	66.0	3.08	49.77	1.0	0.1106	-46.7
YNL099C_mRNA	142	587.0	51.11	27.0	2.5	48.61	0.9859	0.0991	-46.11
YNL100W_mRNA	253	674.2	51.43	38.0	4.15	47.27	0.9921	0.0857	-43.12
YNL101W_mRNA	193	698.6	56.01	72.0	2.4	53.61	1.0	0.1106	-51.21
YNL102W_mRNA	131	646.2	57.25	60.0	1.85	55.4	0.9924	0.1278	-53.54
YNL103W-A_mRNA	44	366.6	115.41	108.5	74.41	41.0	0.9318	0.3006	33.41
YNL103W_mRNA	95	702.5	56.98	71.0	4.65	52.33	1.0	0.1228	-47.67
YNL104C_mRNA	926	827.1	47.01	23.5	2.46	44.55	0.987	0.0817	-42.1
YNL106C_mRNA	37	653.9	54.62	75.0	4.68	49.95	1.0	0.1089	-45.27
YNL107W_mRNA	138	702.2	60.55	46.0	1.93	58.62	0.9928	0.0938	-56.7
YNL108C_mRNA	129	544.7	55.24	67.0	5.88	49.36	1.0	0.1244	-43.49
YNL109W_mRNA	49	680.1	48.1	24.0	0.94	47.16	0.9796	0.078	-46.22
YNL110C_mRNA	749	599.4	38.02	10.0	1.65	36.36	0.992	0.0716	-34.71
YNL111C_mRNA	578	527.6	50.88	67.0	3.05	47.83	0.9844	0.105	-44.78
YNL112W_mRNA	547	785.3	48.93	16.0	2.47	46.46	0.9689	0.0931	-43.99
YNL113W_mRNA	474	499.5	46.2	19.0	2.7	43.5	0.9852	0.0979	-40.81
YNL115C_mRNA	55	489.6	38.87	11.0	3.11	35.76	1.0	0.0997	-32.65
YNL116W_mRNA	37	978.6	49.92	50.0	6.22	43.7	1.0	0.0793	-37.49
YNL117W_mRNA	28	502.6	56.79	70.5	2.96	53.82	1.0	0.137	-50.86
YNL118C_mRNA	219	819.3	57.61	73.0	2.52	55.09	0.9863	0.0961	-52.58
YNL119W_mRNA	108	828.0	58.29	75.0	2.65	55.64	1.0	0.0829	-52.99
YNL121C_mRNA	514	717.2	54.14	66.5	2.43	51.71	0.9942	0.0951	-49.28
YNL122C_mRNA	337	458.4	56.59	69.0	2.18	54.4	0.997	0.1198	-52.22
YNL123W_mRNA	217	740.2	48.03	17.0	5.05	42.98	0.9954	0.0939	-37.93
YNL124W_mRNA	145	657.5	50.19	19.0	2.7	47.49	0.9724	0.1044	-44.79
YNL125C_mRNA	239	710.6	52.83	68.0	2.67	50.16	0.9916	0.1055	-47.49
YNL126W_mRNA	54	638.4	63.72	70.5	6.35	57.37	1.0	0.1065	-51.02
YNL127W_mRNA	119	725.8	48.7	34.0	1.7	47.0	1.0	0.0987	-45.3
YNL128W_mRNA	13	534.2	79.92	80.0	3.38	76.54	1.0	0.1574	-73.15
YNL129W_mRNA	201	714.7	52.45	35.0	7.16	45.29	0.9851	0.0766	-38.12
YNL130C_mRNA	308	718.9	63.87	72.0	3.68	60.19	0.9935	0.1131	-56.51
YNL131W_mRNA	560	594.5	54.08	73.5	2.01	52.08	0.9911	0.1058	-50.07
YNL132W_mRNA	442	727.3	45.09	19.0	2.6	42.49	0.9977	0.0829	-39.9
YNL133C_mRNA	80	470.0	74.92	77.0	9.57	65.35	1.0	0.1655	-55.78
YNL134C_mRNA	717	771.9	60.22	66.0	3.05	57.17	0.9972	0.0975	-54.13
YNL135C_mRNA	4354	501.7	49.21	29.0	6.03	43.18	0.9979	0.0965	-37.15
YNL136W_mRNA	45	329.8	40.82	21.0	2.4	38.42	1.0	0.1459	-36.02
YNL137C_mRNA	126	729.6	55.27	72.0	1.94	53.33	1.0	0.1018	-51.38
YNL138W-A_mRNA	109	438.8	59.63	19.0	20.44	39.19	1.0	0.1211	-18.75
YNL138W_mRNA	422	757.3	53.62	69.0	3.44	50.18	0.9976	0.0946	-46.75
YNL139C_mRNA	51	523.5	54.02	73.0	1.78	52.24	0.9608	0.1407	-50.45
YNL140C_mRNA	156	372.9	43.82	32.5	2.39	41.43	0.9936	0.1325	-39.04
YNL141W_mRNA	387	756.4	54.77	66.0	4.02	50.75	0.9897	0.0894	-46.73
YNL142W_mRNA	283	762.5	48.85	61.0	3.05	45.8	0.9859	0.0934	-42.74
YNL143C_mRNA	261	446.3	88.66	71.0	33.19	55.47	0.9885	0.1836	-22.28
YNL144C_mRNA	59	489.3	51.32	74.0	1.34	49.98	0.9831	0.1213	-48.64
YNL146W_mRNA	25	444.8	79.48	76.0	2.92	76.56	0.96	0.1707	-73.64
YNL147W_mRNA	680	459.3	45.42	23.0	1.49	43.93	0.9897	0.0929	-42.45
YNL148C_mRNA	306	449.2	49.96	28.5	2.0	47.96	0.9967	0.1135	-45.96
YNL149C_mRNA	166	502.9	42.13	27.0	2.45	39.69	1.0	0.0834	-37.24
YNL150W_mRNA	107	281.8	43.53	20.0	2.69	40.84	1.0	0.1499	-38.15
YNL151C_mRNA	52	299.1	38.71	7.5	1.21	37.5	0.9808	0.1134	-36.29
YNL152W_mRNA	33	839.2	54.33	53.0	1.55	52.79	1.0	0.0921	-51.24
YNL153C_mRNA	221	563.7	41.02	17.0	1.56	39.46	0.9864	0.0736	-37.9
YNL154C_mRNA	504	645.0	44.03	20.0	1.42	42.6	0.9861	0.079	-41.18
YNL155W_mRNA	413	708.8	43.35	14.0	2.04	41.3	0.9903	0.0691	-39.26
YNL156C_mRNA	295	694.1	46.18	32.0	3.44	42.74	0.9966	0.0898	-39.3
YNL157W_mRNA	625	559.2	50.18	21.0	1.94	48.24	0.9952	0.0955	-46.29
YNL159C_mRNA	154	684.5	53.18	65.0	2.4	50.78	1.0	0.1091	-48.38
YNL160W_mRNA	455	768.3	73.9	73.0	19.35	54.55	0.989	0.1157	-35.19
YNL161W_mRNA	229	714.8	76.24	59.0	36.17	40.07	0.9956	0.1585	-3.9
YNL162W-A_mRNA	66	524.4	66.06	23.0	20.95	45.11	1.0	0.1207	-24.15
YNL162W_mRNA	8492	422.6	44.18	15.0	5.09	39.09	0.9974	0.0974	-34.0
YNL163C_mRNA	143	713.5	44.76	14.0	1.69	43.08	1.0	0.0848	-41.39
YNL164C_mRNA	112	597.0	43.56	19.5	1.82	41.74	0.9732	0.0808	-39.92
YNL165W_mRNA	52	787.0	60.73	76.0	1.96	58.77	1.0	0.1035	-56.81
YNL166C_mRNA	98	589.9	52.04	36.0	2.12	49.92	1.0	0.1106	-47.8
YNL167C_mRNA	154	740.3	59.3	69.0	7.81	51.49	0.9935	0.0997	-43.68
YNL168C_mRNA	219	631.9	60.64	69.0	1.58	59.06	0.9909	0.1162	-57.48
YNL169C_mRNA	62	979.6	78.29	14.0	39.4	38.89	0.9516	0.0752	0.52
YNL170W_mRNA	72	560.1	43.11	17.5	3.19	39.92	1.0	0.095	-36.72
YNL172W_mRNA	54	879.9	43.87	15.0	3.52	40.35	0.9815	0.0869	-36.83
YNL173C_mRNA	111	580.0	53.41	18.0	3.56	49.86	1.0	0.1058	-46.3
YNL175C_mRNA	335	762.7	53.93	33.0	4.06	49.87	0.994	0.0874	-45.81
YNL176C_mRNA	172	625.6	52.1	71.0	3.6	48.5	1.0	0.104	-44.9
YNL177C_mRNA	106	636.2	47.44	18.5	2.18	45.26	1.0	0.0994	-43.08
YNL178W_mRNA	18504	650.8	43.84	16.0	2.5	41.34	0.9958	0.0733	-38.84
YNL180C_mRNA	232	619.8	48.81	21.0	2.74	46.07	1.0	0.0911	-43.33
YNL181W_mRNA	104	842.7	56.89	42.0	6.05	50.85	1.0	0.0778	-44.8
YNL182C_mRNA	233	810.7	51.8	36.0	1.73	50.07	0.9957	0.0852	-48.33
YNL183C_mRNA	109	798.0	63.23	73.0	5.59	57.64	1.0	0.1116	-52.06
YNL184C_mRNA	46	462.1	49.02	17.5	3.15	45.87	1.0	0.1006	-42.72
YNL185C_mRNA	64	490.5	47.84	40.0	1.78	46.06	0.9688	0.1021	-44.28
YNL186W_mRNA	164	757.1	57.32	72.5	4.0	53.32	0.9939	0.1045	-49.32
YNL187W_mRNA	8	971.9	58.75	81.0	0.38	58.38	1.0	0.0711	-58.0
YNL188W_mRNA	42	646.0	61.12	71.0	4.05	57.07	1.0	0.1238	-53.02
YNL189W_mRNA	558	672.8	47.76	27.0	2.37	45.39	0.9946	0.0939	-43.02
YNL190W_mRNA	646	720.8	50.25	29.0	3.8	46.45	0.9938	0.0855	-42.65
YNL191W_mRNA	57	670.8	44.23	19.0	5.05	39.18	1.0	0.0746	-34.12
YNL192W_mRNA	830	908.1	51.78	66.0	4.96	46.82	0.9976	0.0882	-41.85
YNL193W_mRNA	61	585.1	44.43	12.0	6.97	37.46	1.0	0.1053	-30.49
YNL194C_mRNA	16	522.5	91.75	90.5	14.62	77.12	1.0	0.2064	-62.5
YNL195C_mRNA	37	437.0	42.14	15.0	3.73	38.41	1.0	0.1012	-34.68
YNL196C_mRNA	17	570.8	49.41	31.0	4.24	45.18	1.0	0.0985	-40.94
YNL197C_mRNA	125	683.5	48.89	62.0	2.7	46.19	1.0	0.095	-43.5
YNL199C_mRNA	94	605.5	47.82	18.0	2.06	45.76	1.0	0.0997	-43.69
YNL200C_mRNA	85	664.5	45.79	28.0	2.24	43.55	0.9529	0.0759	-41.32
YNL201C_mRNA	120	894.5	57.53	74.0	2.97	54.57	1.0	0.0871	-51.6
YNL202W_mRNA	25	466.1	52.44	65.0	1.16	51.28	1.0	0.1398	-50.12
YNL204C_mRNA	7	702.1	84.29	18.0	42.0	42.29	0.8571	0.091	-0.29
YNL206C_mRNA	45	848.7	62.78	73.0	4.96	57.82	1.0	0.1044	-52.87
YNL207W_mRNA	81	577.6	47.42	29.0	2.51	44.91	0.963	0.1072	-42.41
YNL208W_mRNA	652	548.3	46.33	26.0	2.59	43.74	0.9586	0.0902	-41.15
YNL209W_mRNA	2780	953.6	43.29	15.0	2.69	40.61	0.9576	0.068	-37.92
YNL210W_mRNA	6	492.0	43.0	42.5	2.67	40.33	1.0	0.0843	-37.67
YNL211C_mRNA	166	490.1	66.39	65.0	1.83	64.55	1.0	0.1384	-62.72
YNL212W_mRNA	150	914.7	53.31	66.5	2.23	51.07	0.98	0.0887	-48.84
YNL213C_mRNA	107	514.3	43.91	14.0	4.97	38.93	0.9813	0.1005	-33.96
YNL214W_mRNA	105	669.3	54.26	71.0	2.7	51.55	1.0	0.0932	-48.85
YNL215W_mRNA	35	336.3	30.94	12.0	3.74	27.2	1.0	0.0942	-23.46
YNL216W_mRNA	52	849.5	44.85	16.0	2.33	42.52	1.0	0.0769	-40.19
YNL217W_mRNA	677	702.0	45.18	16.0	2.16	43.02	0.9911	0.0765	-40.86
YNL218W_mRNA	26	833.8	53.04	71.0	1.58	51.46	1.0	0.1134	-49.88
YNL219C_mRNA	128	815.5	58.11	72.5	7.18	50.93	0.9922	0.1043	-43.75
YNL220W_mRNA	521	738.9	46.59	16.0	3.01	43.58	0.9866	0.0858	-40.57
YNL221C_mRNA	104	683.1	61.87	65.0	3.26	58.61	0.9904	0.1322	-55.35
YNL222W_mRNA	155	625.1	65.15	73.0	9.98	55.17	0.9935	0.1123	-45.19
YNL223W_mRNA	53	587.8	35.11	9.0	2.06	33.06	0.9811	0.0687	-31.0
YNL224C_mRNA	113	649.2	47.27	17.0	5.83	41.43	0.9912	0.0827	-35.6
YNL225C_mRNA	97	752.9	68.51	74.0	2.05	66.45	0.9794	0.1256	-64.4
YNL227C_mRNA	26	485.9	59.73	24.0	20.04	39.69	1.0	0.129	-19.65
YNL229C_mRNA	173	666.6	95.47	87.0	2.25	93.23	0.9884	0.1843	-90.98
YNL230C_mRNA	23	573.1	56.26	66.0	4.48	51.78	1.0	0.1482	-47.3
YNL231C_mRNA	505	706.2	47.81	21.0	2.05	45.76	0.996	0.0822	-43.71
YNL232W_mRNA	147	657.9	47.44	21.0	1.88	45.56	1.0	0.0875	-43.67
YNL233W_mRNA	59	642.1	43.02	23.0	1.88	41.14	1.0	0.0888	-39.25
YNL234W_mRNA	56	784.1	59.21	78.5	2.32	56.89	1.0	0.1197	-54.57
YNL235C_mRNA	22	256.6	24.32	6.0	1.59	22.73	0.9545	0.0901	-21.14
YNL236W_mRNA	91	657.0	41.33	13.0	2.36	38.97	1.0	0.0801	-36.6
YNL237W_mRNA	25	562.4	158.8	220.0	26.96	131.84	1.0	0.3081	-104.88
YNL238W_mRNA	143	740.3	65.62	76.0	9.44	56.17	1.0	0.1319	-46.73
YNL239W_mRNA	237	863.8	61.4	74.0	2.44	58.96	0.9916	0.1084	-56.51
YNL240C_mRNA	82	603.9	49.84	27.5	2.6	47.24	0.9878	0.1035	-44.65
YNL241C_mRNA	341	889.7	46.86	19.0	2.39	44.48	0.9795	0.0732	-42.09
YNL242W_mRNA	45	625.0	51.93	53.0	3.73	48.2	1.0	0.115	-44.47
YNL243W_mRNA	175	781.3	46.86	20.0	2.59	44.26	0.9943	0.09	-41.67
YNL244C_mRNA	3246	460.8	40.15	13.0	1.64	38.51	0.9975	0.0869	-36.87
YNL245C_mRNA	67	513.7	52.28	67.0	5.96	46.33	1.0	0.1227	-40.37
YNL246W_mRNA	73	561.7	45.73	21.0	3.08	42.64	0.9863	0.1169	-39.56
YNL247W_mRNA	294	650.3	35.71	10.0	1.25	34.46	0.983	0.0762	-33.21
YNL248C_mRNA	599	825.4	46.28	18.0	2.27	44.01	0.9566	0.0703	-41.74
YNL249C_mRNA	109	716.6	61.18	70.0	9.93	51.26	1.0	0.1078	-41.33
YNL250W_mRNA	57	841.2	93.49	67.0	2.28	91.21	0.9825	0.1074	-88.93
YNL251C_mRNA	167	587.4	52.73	68.0	3.51	49.22	0.988	0.1281	-45.7
YNL252C_mRNA	129	579.8	47.05	23.0	1.78	45.28	0.969	0.0934	-43.5
YNL253W_mRNA	107	916.6	56.74	67.0	6.4	50.34	1.0	0.0802	-43.93
YNL254C_mRNA	7	746.1	192.14	85.0	2.29	189.86	1.0	0.3195	-187.57
YNL255C_mRNA	3787	649.8	62.45	69.0	2.01	60.44	0.9968	0.1006	-58.43
YNL256W_mRNA	196	709.1	56.71	72.0	5.07	51.64	0.9847	0.1276	-46.58
YNL257C_mRNA	65	756.1	53.94	68.0	2.31	51.63	1.0	0.1212	-49.32
YNL258C_mRNA	98	926.3	44.58	19.0	2.01	42.57	0.9694	0.0573	-40.56
YNL259C_mRNA	501	396.5	58.71	38.0	1.76	56.96	0.998	0.1508	-55.2
YNL260C_mRNA	72	667.5	46.42	20.5	1.38	45.04	1.0	0.0871	-43.67
YNL261W_mRNA	218	664.3	50.23	67.5	3.57	46.66	0.9908	0.101	-43.08
YNL262W_mRNA	47	867.0	45.11	26.0	3.81	41.3	0.9787	0.1002	-37.49
YNL263C_mRNA	183	715.6	49.55	66.0	2.56	46.99	1.0	0.09	-44.43
YNL264C_mRNA	143	601.1	45.24	23.0	1.56	43.69	1.0	0.1021	-42.13
YNL265C_mRNA	93	626.0	45.52	14.0	6.23	39.29	0.9892	0.0798	-33.06
YNL267W_mRNA	115	740.3	77.4	84.0	2.42	74.98	0.9913	0.1273	-72.57
YNL268W_mRNA	552	656.3	46.67	19.0	3.34	43.33	0.9946	0.0964	-39.99
YNL271C_mRNA	143	642.3	46.67	20.0	1.88	44.79	0.993	0.097	-42.91
YNL272C_mRNA	106	531.2	49.55	18.0	1.68	47.87	0.9906	0.1087	-46.19
YNL273W_mRNA	39	675.4	83.9	82.0	12.33	71.56	0.9744	0.1543	-59.23
YNL274C_mRNA	119	710.8	53.58	67.0	6.15	47.43	1.0	0.092	-41.28
YNL275W_mRNA	73	561.2	59.84	69.0	2.88	56.96	1.0	0.143	-54.08
YNL276C_mRNA	25	990.9	52.28	29.0	11.24	41.04	0.96	0.0576	-29.8
YNL277W-A_mRNA	7	360.1	64.29	34.0	6.29	58.0	1.0	0.189	-51.71
YNL277W_mRNA	76	477.3	50.84	23.5	10.91	39.93	1.0	0.1333	-29.03
YNL278W_mRNA	38	666.3	57.66	72.5	4.55	53.11	1.0	0.1139	-48.55
YNL279W_mRNA	14	534.1	81.57	72.5	1.93	79.64	1.0	0.1751	-77.71
YNL280C_mRNA	186	820.4	53.05	54.0	8.11	44.94	1.0	0.086	-36.83
YNL281W_mRNA	1345	570.8	56.88	40.0	2.45	54.44	0.9926	0.1015	-51.99
YNL282W_mRNA	5	388.6	40.4	8.0	0.6	39.8	1.0	0.0859	-39.2
YNL283C_mRNA	98	840.1	95.51	90.5	6.05	89.46	0.9898	0.153	-83.41
YNL284C-B_mRNA	1334	868.7	329.12	340.0	2.34	326.78	0.997	0.3897	-324.43
YNL284C_mRNA	234	705.4	52.25	14.5	5.11	47.14	0.9915	0.0913	-42.03
YNL286W_mRNA	66	435.5	51.89	17.0	1.74	50.15	1.0	0.1405	-48.41
YNL287W_mRNA	598	975.7	46.16	23.0	2.06	44.1	0.9833	0.0715	-42.04
YNL288W_mRNA	99	775.3	53.31	19.0	2.37	50.94	0.9899	0.0846	-48.57
YNL289W_mRNA	141	479.9	46.44	11.0	11.24	35.2	0.9504	0.1069	-23.96
YNL290W_mRNA	98	680.4	49.63	14.0	3.33	46.31	0.9898	0.0834	-42.98
YNL291C_mRNA	106	680.6	55.67	71.5	2.58	53.09	0.9906	0.1182	-50.52
YNL292W_mRNA	102	524.3	46.43	14.0	2.72	43.72	1.0	0.1125	-41.0
YNL293W_mRNA	96	667.5	51.29	25.5	4.43	46.86	0.9896	0.0989	-42.44
YNL294C_mRNA	186	556.4	51.05	70.0	3.22	47.83	0.9892	0.1178	-44.61
YNL295W_mRNA	52	797.0	52.27	59.0	4.13	48.13	0.9808	0.0928	-44.0
YNL297C_mRNA	185	742.7	88.11	79.0	3.43	84.68	1.0	0.1519	-81.25
YNL298W_mRNA	88	735.5	76.83	77.0	7.62	69.2	1.0	0.138	-61.58
YNL299W_mRNA	18	556.4	61.06	47.0	17.22	43.83	1.0	0.164	-26.61
YNL300W_mRNA	264	544.5	58.08	71.0	8.86	49.22	1.0	0.1076	-40.36
YNL301C_mRNA	685	554.3	62.52	17.0	24.19	38.33	0.9956	0.1038	-14.15
YNL302C_mRNA	4293	500.0	44.39	15.0	2.52	41.87	0.9858	0.0925	-39.35
YNL303W_mRNA	24	465.7	58.0	71.5	7.96	50.04	1.0	0.1483	-42.08
YNL304W_mRNA	19	593.1	72.42	79.0	0.95	71.47	1.0	0.1326	-70.53
YNL305C_mRNA	134	697.4	63.44	79.5	1.78	61.66	1.0	0.1136	-59.87
YNL306W_mRNA	143	577.3	41.56	16.0	1.93	39.63	0.993	0.0794	-37.7
YNL307C_mRNA	212	766.9	54.94	73.0	2.17	52.76	0.9811	0.1073	-50.59
YNL308C_mRNA	90	395.3	44.23	19.5	1.9	42.33	0.9889	0.1392	-40.43
YNL309W_mRNA	40	488.4	51.95	63.5	6.38	45.58	1.0	0.1298	-39.2
YNL310C_mRNA	51	552.8	32.53	10.0	1.41	31.12	0.9804	0.0626	-29.71
YNL311C_mRNA	120	712.4	66.17	76.5	2.89	63.28	1.0	0.1184	-60.38
YNL312W_mRNA	179	682.3	47.49	23.0	4.59	42.9	0.9721	0.0868	-38.31
YNL313C_mRNA	86	816.8	46.73	22.5	5.4	41.34	0.9884	0.0826	-35.94
YNL314W_mRNA	23	457.8	43.91	29.0	2.78	41.13	1.0	0.1263	-38.35
YNL315C_mRNA	166	560.0	42.08	15.0	2.88	39.2	0.9759	0.0898	-36.32
YNL316C_mRNA	80	607.9	48.24	13.5	1.34	46.9	1.0	0.092	-45.56
YNL317W_mRNA	45	735.3	44.73	17.0	2.04	42.69	1.0	0.0929	-40.64
YNL319W_mRNA	56	550.8	46.38	12.0	4.7	41.68	1.0	0.0904	-36.98
YNL320W_mRNA	41	626.0	73.34	76.0	3.88	69.46	0.9756	0.1372	-65.59
YNL321W_mRNA	58	670.6	53.64	67.5	1.26	52.38	1.0	0.1017	-51.12
YNL322C_mRNA	275	628.0	45.73	44.0	3.78	41.95	0.9673	0.0882	-38.17
YNL323W_mRNA	128	933.2	38.72	9.0	1.15	37.57	0.9766	0.0494	-36.42
YNL325C_mRNA	76	730.5	66.78	78.5	11.2	55.58	1.0	0.1487	-44.38
YNL326C_mRNA	64	633.7	47.0	25.5	3.31	43.69	1.0	0.0956	-40.38
YNL327W_mRNA	309	803.3	50.32	63.0	3.92	46.4	0.9871	0.099	-42.48
YNL329C_mRNA	38	642.1	50.21	27.0	5.84	44.37	1.0	0.0847	-38.53
YNL330C_mRNA	106	643.5	45.35	18.0	4.68	40.67	1.0	0.0828	-35.99
YNL331C_mRNA	61	603.8	51.02	37.0	6.51	44.51	1.0	0.105	-38.0
YNL333W_mRNA	31	629.6	61.87	77.0	4.52	57.35	1.0	0.1067	-52.84
YNL334C_mRNA	31	546.5	80.16	63.0	2.65	77.52	1.0	0.1678	-74.87
YNL335W_mRNA	10	688.0	219.5	120.0	3.1	216.4	1.0	0.2804	-213.3
YNL336W_mRNA	264	711.3	69.07	71.0	13.28	55.78	0.9924	0.123	-42.5
YNL339C_mRNA	48	486.2	40.94	14.0	2.08	38.85	1.0	0.09	-36.77
YNR001C_mRNA	498	773.4	64.54	72.5	16.11	48.43	0.992	0.1369	-32.32
YNR001W-A_mRNA	5	300.6	9.0	8.0	2.8	6.2	1.0	0.0335	-3.4
YNR002C_mRNA	45	448.6	53.56	57.0	4.49	49.07	1.0	0.1468	-44.58
YNR003C_mRNA	208	666.6	44.4	11.5	5.61	38.79	0.9904	0.0776	-33.18
YNR004W_mRNA	106	495.3	58.61	70.0	3.72	54.9	0.9811	0.1408	-51.18
YNR006W_mRNA	110	701.6	44.92	18.5	2.55	42.36	0.9818	0.0966	-39.81
YNR007C_mRNA	82	669.4	53.34	40.5	4.93	48.41	1.0	0.0985	-43.49
YNR008W_mRNA	36	1017.8	48.53	45.0	4.81	43.72	0.9722	0.0768	-38.92
YNR009W_mRNA	52	528.3	51.23	66.5	1.88	49.35	1.0	0.1141	-47.46
YNR010W_mRNA	160	424.0	52.29	45.5	3.41	48.88	1.0	0.1289	-45.47
YNR011C_mRNA	36	485.8	57.25	73.5	7.5	49.75	1.0	0.1574	-42.25
YNR012W_mRNA	159	670.9	52.36	48.0	2.64	49.73	0.9937	0.1024	-47.09
YNR013C_mRNA	173	712.1	53.06	60.0	6.14	46.92	0.9942	0.0992	-40.79
YNR014W_mRNA	39	535.7	58.69	64.0	3.08	55.62	1.0	0.1284	-52.54
YNR015W_mRNA	60	750.6	45.85	17.0	2.1	43.75	1.0	0.0716	-41.65
YNR016C_mRNA	1263	693.4	49.38	25.0	2.53	46.85	0.9945	0.1048	-44.32
YNR017W_mRNA	185	722.4	52.77	34.0	2.25	50.52	0.9892	0.0794	-48.28
YNR018W_mRNA	223	614.5	44.08	19.0	2.99	41.09	0.9776	0.0784	-38.1
YNR019W_mRNA	215	670.5	134.2	133.0	4.79	129.41	1.0	0.273	-124.62
YNR020C_mRNA	31	493.5	41.81	23.0	9.52	32.29	1.0	0.1022	-22.77
YNR021W_mRNA	457	576.3	44.74	15.0	4.61	40.14	0.9869	0.096	-35.53
YNR022C_mRNA	179	549.2	55.89	33.0	6.25	49.64	0.9888	0.0949	-43.39
YNR023W_mRNA	60	725.6	35.37	11.0	2.87	32.5	1.0	0.0647	-29.63
YNR024W_mRNA	39	411.7	38.82	14.0	1.46	37.36	0.9487	0.0958	-35.9
YNR025C_mRNA	36	460.1	44.89	11.5	2.94	41.94	1.0	0.1037	-39.0
YNR026C_mRNA	49	966.6	50.04	64.0	1.57	48.47	0.9796	0.0678	-46.9
YNR027W_mRNA	49	878.3	59.14	74.0	3.18	55.96	1.0	0.0831	-52.78
YNR028W_mRNA	201	562.7	43.8	17.0	2.16	41.64	1.0	0.0914	-39.48
YNR029C_mRNA	93	797.2	51.52	66.0	3.0	48.52	1.0	0.0887	-45.52
YNR030W_mRNA	166	788.7	60.69	76.0	3.64	57.05	0.988	0.1196	-53.41
YNR031C_mRNA	82	771.0	49.44	70.0	1.11	48.33	1.0	0.0893	-47.22
YNR032C-A_mRNA	353	364.5	44.14	21.0	2.67	41.47	0.9943	0.1173	-38.8
YNR032W_mRNA	79	741.6	32.75	10.0	1.38	31.37	1.0	0.0606	-29.99
YNR033W_mRNA	64	820.0	42.75	18.0	5.7	37.05	0.9844	0.0802	-31.34
YNR034W-A_mRNA	488	471.1	50.92	44.0	4.93	45.99	0.998	0.106	-41.06
YNR034W_mRNA	60	837.2	61.32	72.5	10.82	50.5	1.0	0.1003	-39.68
YNR035C_mRNA	213	696.8	36.02	11.0	3.05	32.97	0.9671	0.0637	-29.92
YNR036C_mRNA	130	473.0	45.56	11.0	1.94	43.62	1.0	0.1031	-41.68
YNR037C_mRNA	160	391.7	42.36	17.0	3.57	38.79	0.9875	0.1043	-35.22
YNR038W_mRNA	86	664.2	45.81	14.0	2.76	43.06	0.9767	0.0994	-40.3
YNR039C_mRNA	77	679.0	54.57	65.0	1.55	53.03	1.0	0.1032	-51.48
YNR040W_mRNA	29	638.3	36.1	12.0	5.07	31.03	1.0	0.0518	-25.97
YNR041C_mRNA	102	726.0	45.61	22.0	3.93	41.68	1.0	0.0809	-37.75
YNR043W_mRNA	477	702.1	43.71	20.0	2.79	40.92	0.9979	0.083	-38.13
YNR044W_mRNA	73	652.5	55.01	66.0	5.84	49.18	1.0	0.1452	-43.34
YNR045W_mRNA	19	893.5	54.53	76.0	2.74	51.79	1.0	0.1068	-49.05
YNR046W_mRNA	288	475.8	49.45	67.0	4.44	45.01	1.0	0.11	-40.58
YNR047W_mRNA	86	694.7	46.84	30.0	2.85	43.99	1.0	0.0952	-41.14
YNR048W_mRNA	61	726.7	59.61	73.0	2.39	57.21	1.0	0.1172	-54.82
YNR049C_mRNA	243	464.8	48.88	58.0	4.14	44.74	0.9794	0.1063	-40.6
YNR050C_mRNA	518	840.0	51.82	30.0	3.65	48.17	0.9846	0.0753	-44.52
YNR051C_mRNA	336	478.1	151.63	193.0	111.26	40.37	0.9821	0.4439	70.89
YNR052C_mRNA	217	702.0	53.85	66.0	3.6	50.25	0.9908	0.1028	-46.65
YNR053C_mRNA	239	753.8	61.74	21.0	10.9	50.85	0.9874	0.0942	-39.95
YNR054C_mRNA	41	533.3	46.22	16.0	9.54	36.68	1.0	0.1053	-27.15
YNR055C_mRNA	205	707.4	87.04	73.0	34.65	52.4	0.9854	0.1691	-17.75
YNR056C_mRNA	38	529.0	46.0	12.5	4.82	41.18	1.0	0.0917	-36.37
YNR057C_mRNA	6	728.0	96.5	48.0	49.17	47.33	0.8333	0.098	1.83
YNR058W_mRNA	24	663.5	51.88	23.0	6.33	45.54	1.0	0.1068	-39.21
YNR059W_mRNA	56	769.1	111.18	94.5	2.98	108.2	1.0	0.1717	-105.21
YNR060W_mRNA	27	770.1	60.33	56.0	15.56	44.78	0.963	0.1378	-29.22
YNR061C_mRNA	269	663.7	61.75	67.0	10.11	51.65	0.9888	0.1125	-41.54
YNR062C_mRNA	20	1030.0	547.85	294.0	64.05	483.8	1.0	0.5197	-419.75
YNR063W_mRNA	11	1332.1	106.91	77.0	15.36	91.55	1.0	0.0779	-76.18
YNR064C_mRNA	10	860.3	46.9	26.0	4.3	42.6	1.0	0.0721	-38.3
YNR065C_mRNA	102	805.0	56.91	23.0	15.91	41.0	1.0	0.1047	-25.09
YNR066C_mRNA	19	671.3	286.84	115.0	17.95	268.89	1.0	0.3484	-250.95
YNR067C_mRNA	288	579.1	90.1	71.0	42.5	47.6	0.9965	0.1673	-5.1
YNR068C_mRNA	137	697.3	72.43	75.0	20.05	52.38	0.9781	0.1334	-32.33
YNR069C_mRNA	63	958.7	203.57	157.0	81.51	122.06	1.0	0.3025	-40.56
YNR075W_mRNA	50	522.0	81.48	69.5	14.44	67.04	0.96	0.1453	-52.6
YNR076W_mRNA	77	643.2	66.96	74.0	15.45	51.51	1.0	0.1183	-36.05
YOL001W_mRNA	184	410.0	133.37	139.0	75.42	57.95	1.0	0.3966	17.48
YOL002C_mRNA	570	782.5	46.23	18.0	4.1	42.13	0.986	0.0718	-38.03
YOL003C_mRNA	72	611.7	87.57	64.0	8.78	78.79	1.0	0.1637	-70.01
YOL004W_mRNA	211	857.6	50.57	14.0	1.8	48.77	0.981	0.0907	-46.97
YOL005C_mRNA	169	422.6	50.41	27.0	7.83	42.59	1.0	0.1257	-34.76
YOL006C_mRNA	121	537.3	71.45	13.0	1.76	69.69	1.0	0.1515	-67.93
YOL007C_mRNA	137	711.4	46.47	35.0	2.27	44.2	0.9854	0.0938	-41.93
YOL008W_mRNA	116	515.2	55.47	58.0	3.53	51.95	0.9828	0.1169	-48.42
YOL009C_mRNA	65	582.1	41.98	11.0	3.66	38.32	0.9692	0.096	-34.66
YOL010W_mRNA	218	577.9	37.95	10.5	1.61	36.35	0.9954	0.0822	-34.74
YOL011W_mRNA	171	628.3	51.41	65.0	5.44	45.97	0.9883	0.0998	-40.53
YOL012C_mRNA	221	600.7	69.94	67.0	2.16	67.78	0.9955	0.1197	-65.62
YOL013C_mRNA	164	512.8	96.72	88.0	57.58	39.14	0.9939	0.3357	18.44
YOL013W-A_mRNA	17	262.2	138.94	134.0	5.18	133.76	1.0	0.5131	-128.59
YOL014W_mRNA	394	496.7	52.18	69.5	2.7	49.48	0.9949	0.1112	-46.79
YOL015W_mRNA	29	605.9	92.07	71.0	5.24	86.83	1.0	0.2001	-81.59
YOL016C_mRNA	1186	662.9	45.68	16.0	2.63	43.05	0.9941	0.0844	-40.42
YOL017W_mRNA	30	620.7	65.77	71.0	1.3	64.47	1.0	0.1487	-63.17
YOL018C_mRNA	84	661.9	53.37	68.5	3.87	49.5	0.9881	0.0884	-45.63
YOL019W_mRNA	69	751.4	48.06	38.0	2.97	45.09	0.971	0.1101	-42.12
YOL020W_mRNA	205	748.3	53.06	67.0	3.64	49.41	0.9707	0.105	-45.77
YOL021C_mRNA	218	693.7	42.57	14.0	5.7	36.87	0.9908	0.0769	-31.17
YOL022C_mRNA	272	732.9	47.25	16.0	2.07	45.17	0.989	0.0772	-43.1
YOL023W_mRNA	40	600.6	49.48	35.0	3.3	46.18	0.95	0.0902	-42.88
YOL025W_mRNA	67	713.3	65.7	70.0	3.55	62.15	1.0	0.1097	-58.6
YOL026C_mRNA	98	384.5	41.11	16.0	2.13	38.98	1.0	0.1067	-36.85
YOL027C_mRNA	72	494.6	49.22	34.0	2.14	47.08	0.9861	0.1088	-44.94
YOL028C_mRNA	38	761.8	54.26	74.0	1.84	52.42	1.0	0.0851	-50.58
YOL029C_mRNA	49	676.8	49.65	61.0	1.59	48.06	1.0	0.0876	-46.47
YOL030W_mRNA	320	874.7	67.56	78.0	3.45	64.11	0.9969	0.1119	-60.66
YOL031C_mRNA	128	686.8	50.21	15.5	7.68	42.53	0.9766	0.1026	-34.85
YOL032W_mRNA	266	577.4	46.48	20.0	1.82	44.67	0.985	0.0918	-42.85
YOL033W_mRNA	64	756.2	50.28	15.0	1.33	48.95	0.9844	0.0822	-47.62
YOL034W_mRNA	62	695.5	64.0	72.5	1.84	62.16	0.9677	0.131	-60.32
YOL036W_mRNA	181	696.6	51.41	31.0	6.38	45.03	0.9669	0.1071	-38.65
YOL038C-A_mRNA	105	255.7	65.86	76.0	17.66	48.2	0.9905	0.2855	-30.54
YOL038W_mRNA	389	624.7	41.52	13.0	2.5	39.02	0.9871	0.077	-36.51
YOL039W_mRNA	4301	489.9	53.57	63.0	2.21	51.36	0.9988	0.1152	-49.15
YOL040C_mRNA	4766	480.9	40.39	12.0	1.88	38.51	0.9969	0.0906	-36.63
YOL041C_mRNA	248	583.7	40.62	12.0	2.35	38.27	0.9798	0.0941	-35.92
YOL042W_mRNA	129	820.0	68.53	73.0	6.53	61.99	1.0	0.1097	-55.46
YOL043C_mRNA	31	829.1	54.97	54.0	1.29	53.68	1.0	0.0902	-52.39
YOL044W_mRNA	80	757.4	51.81	64.5	2.01	49.8	1.0	0.09	-47.79
YOL045W_mRNA	158	895.3	53.99	23.0	1.96	52.04	0.9937	0.084	-50.08
YOL047C_mRNA	13	389.8	153.23	150.0	22.31	130.92	1.0	0.4293	-108.62
YOL048C_mRNA	194	654.5	52.26	67.5	2.48	49.78	0.9948	0.102	-47.3
YOL049W_mRNA	305	778.7	54.71	62.0	3.06	51.66	0.9869	0.0964	-48.6
YOL050C_mRNA	8	487.5	53.88	71.0	1.62	52.25	1.0	0.0958	-50.62
YOL051W_mRNA	166	636.6	56.46	69.0	5.66	50.81	1.0	0.1209	-45.15
YOL052C-A_mRNA	94	462.2	57.0	70.0	4.3	52.7	0.9894	0.1233	-48.4
YOL052C_mRNA	90	818.7	54.62	67.0	2.8	51.82	1.0	0.097	-49.02
YOL053W_mRNA	134	817.8	54.9	69.5	2.95	51.96	0.9701	0.0836	-49.01
YOL054W_mRNA	29	433.9	52.62	29.0	3.0	49.62	1.0	0.1272	-46.62
YOL055C_mRNA	63	722.4	75.73	69.0	16.7	59.03	1.0	0.1351	-42.33
YOL056W_mRNA	103	629.7	43.48	13.0	1.75	41.73	1.0	0.0818	-39.98
YOL057W_mRNA	205	759.8	51.45	67.0	3.16	48.29	1.0	0.0974	-45.13
YOL058W_mRNA	506	781.2	45.66	19.0	2.41	43.24	0.9783	0.0834	-40.83
YOL059W_mRNA	299	877.0	44.29	17.0	3.86	40.43	0.9933	0.0707	-36.57
YOL060C_mRNA	129	625.3	55.78	69.0	9.23	46.54	0.9767	0.124	-37.31
YOL061W_mRNA	447	774.0	52.96	56.0	3.31	49.64	0.9933	0.0915	-46.33
YOL062C_mRNA	193	798.3	49.35	56.0	2.01	47.34	1.0	0.0774	-45.33
YOL063C_mRNA	55	851.4	44.2	20.0	2.96	41.24	0.9818	0.0733	-38.27
YOL064C_mRNA	457	820.5	49.45	28.0	2.64	46.81	0.9978	0.078	-44.17
YOL065C_mRNA	49	712.9	40.06	13.0	3.04	37.02	1.0	0.075	-33.98
YOL066C_mRNA	30	675.3	49.87	45.5	4.17	45.7	0.9333	0.0929	-41.53
YOL067C_mRNA	6	764.7	52.5	6.5	1.0	51.5	1.0	0.1199	-50.5
YOL068C_mRNA	123	910.6	93.41	80.0	2.5	90.9	1.0	0.1219	-88.4
YOL069W_mRNA	54	457.2	54.41	26.5	10.63	43.78	1.0	0.1344	-33.15
YOL070C_mRNA	132	694.8	45.58	21.0	2.58	43.0	0.9924	0.0962	-40.42
YOL071W_mRNA	143	545.6	42.76	12.0	1.66	41.1	1.0	0.0857	-39.44
YOL072W_mRNA	30	759.7	42.23	36.5	1.1	41.13	1.0	0.0678	-40.03
YOL073C_mRNA	75	647.7	51.76	66.0	1.93	49.83	0.9867	0.0964	-47.89
YOL075C_mRNA	51	1040.1	75.22	76.0	2.49	72.73	1.0	0.1011	-70.24
YOL076W_mRNA	173	882.0	48.63	39.0	2.7	45.93	0.9942	0.081	-43.23
YOL077C_mRNA	1179	744.2	43.46	14.0	2.66	40.8	0.9932	0.0669	-38.14
YOL077W-A_mRNA	1782	361.6	44.2	29.5	2.41	41.8	0.9916	0.1138	-39.39
YOL078W_mRNA	49	764.2	71.12	75.0	7.76	63.37	1.0	0.1126	-55.61
YOL080C_mRNA	216	555.9	49.84	65.0	3.8	46.04	0.9769	0.1167	-42.25
YOL081W_mRNA	1025	867.3	57.33	70.0	2.74	54.59	0.9873	0.0934	-51.84
YOL082W_mRNA	118	728.0	70.82	64.5	20.09	50.73	0.9915	0.1303	-30.64
YOL083W_mRNA	20	853.9	61.35	76.0	7.55	53.8	1.0	0.1137	-46.25
YOL084W_mRNA	10	539.1	68.3	77.0	13.1	55.2	1.0	0.1657	-42.1
YOL085W-A_mRNA	14	490.6	85.5	91.5	2.0	83.5	1.0	0.2026	-81.5
YOL086C_mRNA	21934	740.7	46.13	55.0	2.74	43.39	0.9662	0.0763	-40.66
YOL086W-A_mRNA	409	195.4	43.24	18.0	2.36	40.88	0.9707	0.206	-38.51
YOL087C_mRNA	119	658.1	53.86	61.0	2.55	51.31	0.9832	0.1111	-48.76
YOL088C_mRNA	93	641.3	30.27	9.0	1.69	28.58	1.0	0.0567	-26.89
YOL089C_mRNA	56	750.9	55.7	65.5	4.32	51.38	1.0	0.101	-47.05
YOL090W_mRNA	168	887.1	48.5	18.0	2.67	45.83	0.9821	0.0805	-43.15
YOL091W_mRNA	44	603.8	69.77	74.5	10.05	59.73	1.0	0.1223	-49.68
YOL092W_mRNA	279	658.5	55.95	73.0	2.97	52.97	1.0	0.1058	-50.0
YOL093W_mRNA	116	593.4	54.48	23.0	3.34	51.15	0.9914	0.1078	-47.81
YOL094C_mRNA	92	580.7	40.16	14.0	1.83	38.34	1.0	0.087	-36.51
YOL095C_mRNA	33	743.8	54.09	79.0	4.0	50.09	1.0	0.0866	-46.09
YOL096C_mRNA	92	572.8	53.08	72.0	2.48	50.6	0.9674	0.1163	-48.12
YOL097C_mRNA	525	734.7	41.83	13.0	2.84	38.99	0.9886	0.0737	-36.14
YOL097W-A_mRNA	37	360.4	62.86	42.0	10.7	52.16	1.0	0.1632	-41.46
YOL098C_mRNA	240	1082.8	49.74	59.5	2.27	47.47	0.9833	0.0774	-45.2
YOL099C_mRNA	209	454.9	46.53	41.0	3.16	43.36	0.9856	0.1122	-40.2
YOL100W_mRNA	58	752.4	57.83	34.5	10.33	47.5	0.9828	0.1011	-37.17
YOL101C_mRNA	167	631.5	53.36	69.0	5.43	47.93	0.994	0.1007	-42.5
YOL102C_mRNA	132	666.3	47.08	26.5	1.65	45.43	0.9924	0.079	-43.78
YOL103W-A_mRNA	9	472.2	110.89	123.0	28.11	82.78	1.0	0.2504	-54.67
YOL103W-B_mRNA	864	1174.5	229.89	314.5	3.91	225.97	0.9722	0.2035	-222.06
YOL103W_mRNA	266	904.0	46.09	21.0	3.26	42.83	0.985	0.0647	-39.58
YOL104C_mRNA	248	443.2	202.57	178.0	58.31	144.26	0.9919	0.4656	-85.95
YOL105C_mRNA	76	639.0	79.01	81.5	11.58	67.43	0.9868	0.1548	-55.86
YOL107W_mRNA	65	573.8	48.97	54.0	1.71	47.26	1.0	0.1025	-45.55
YOL108C_mRNA	115	527.2	44.81	16.0	1.79	43.02	0.9826	0.0922	-41.23
YOL109W_mRNA	8348	513.9	61.35	46.0	1.61	59.74	0.9968	0.1203	-58.13
YOL110W_mRNA	40	668.7	46.12	21.0	2.2	43.92	1.0	0.0798	-41.72
YOL111C_mRNA	76	623.8	49.57	71.0	1.47	48.09	1.0	0.0856	-46.62
YOL112W_mRNA	28	597.8	96.11	23.0	1.93	94.18	1.0	0.1963	-92.25
YOL113W_mRNA	160	637.1	50.14	54.0	5.51	44.63	1.0	0.1081	-39.12
YOL114C_mRNA	15	532.3	68.2	14.0	1.33	66.87	1.0	0.1169	-65.53
YOL115W_mRNA	93	546.8	42.38	16.0	2.91	39.46	1.0	0.1042	-36.55
YOL116W_mRNA	148	610.0	81.09	76.0	30.16	50.93	1.0	0.1513	-20.76
YOL117W_mRNA	51	935.7	73.16	15.0	2.0	71.16	1.0	0.0747	-69.16
YOL118C_mRNA	221	488.2	267.8	268.0	4.56	263.24	1.0	0.5214	-258.68
YOL119C_mRNA	227	652.3	52.21	69.0	3.37	48.83	0.978	0.1134	-45.46
YOL120C_mRNA	5251	585.5	43.13	14.0	3.36	39.77	0.9914	0.0789	-36.41
YOL121C_mRNA	4040	458.3	39.1	9.0	3.26	35.83	0.9785	0.0847	-32.57
YOL122C_mRNA	242	592.3	48.85	58.5	3.83	45.02	0.9959	0.1069	-41.19
YOL123W_mRNA	951	512.6	45.72	23.0	2.52	43.21	0.9916	0.1088	-40.69
YOL124C_mRNA	185	754.2	50.15	27.0	2.17	47.97	0.9838	0.0799	-45.8
YOL125W_mRNA	76	653.8	53.12	15.0	1.2	51.92	1.0	0.114	-50.72
YOL126C_mRNA	40	819.9	60.42	74.5	4.38	56.05	1.0	0.101	-51.68
YOL127W_mRNA	16445	492.5	46.95	29.0	2.27	44.68	0.9825	0.0961	-42.4
YOL128C_mRNA	59	712.0	90.58	80.0	2.29	88.29	1.0	0.1674	-86.0
YOL129W_mRNA	393	559.7	49.91	67.0	4.09	45.82	0.9949	0.1026	-41.73
YOL130W_mRNA	183	732.5	52.5	59.0	2.67	49.83	0.9945	0.1116	-47.16
YOL131W_mRNA	23	446.7	249.0	258.0	209.0	40.0	1.0	0.5549	169.0
YOL132W_mRNA	12	456.5	103.17	94.5	5.33	97.83	1.0	0.2603	-92.5
YOL133W_mRNA	144	527.2	50.76	65.5	2.82	47.94	1.0	0.1042	-45.12
YOL135C_mRNA	41	602.4	47.63	19.0	3.9	43.73	1.0	0.0924	-39.83
YOL136C_mRNA	224	892.6	52.37	69.0	2.54	49.83	0.9866	0.091	-47.3
YOL137W_mRNA	98	655.0	57.78	73.0	6.72	51.05	1.0	0.1121	-44.33
YOL138C_mRNA	34	793.0	84.29	77.5	2.18	82.12	1.0	0.1492	-79.94
YOL139C_mRNA	3426	643.1	49.96	65.5	2.64	47.32	0.9895	0.0866	-44.68
YOL140W_mRNA	165	688.9	67.08	79.0	2.33	64.75	0.9939	0.1241	-62.42
YOL142W_mRNA	170	542.7	45.33	16.5	4.23	41.1	0.9941	0.0938	-36.87
YOL143C_mRNA	377	560.8	46.02	19.0	1.18	44.84	1.0	0.0868	-43.66
YOL144W_mRNA	45	495.9	47.91	22.0	7.0	40.91	1.0	0.0965	-33.91
YOL145C_mRNA	58	456.1	54.72	73.5	3.07	51.66	1.0	0.1474	-48.59
YOL146W_mRNA	89	563.7	49.89	65.0	2.55	47.34	0.9888	0.0916	-44.79
YOL147C_mRNA	139	566.9	49.63	17.0	5.88	43.74	0.9928	0.0968	-37.86
YOL148C_mRNA	71	796.5	65.17	75.0	1.77	63.39	1.0	0.1121	-61.62
YOL149W_mRNA	302	649.4	68.16	74.5	3.93	64.23	0.9967	0.1183	-60.29
YOL151W_mRNA	152	705.6	49.55	19.0	2.31	47.24	0.9934	0.0876	-44.93
YOL152W_mRNA	111	596.8	101.96	71.0	25.14	76.83	1.0	0.19	-51.69
YOL153C_mRNA	40	764.2	178.95	153.0	21.48	157.48	1.0	0.2953	-136.0
YOL154W_mRNA	30	712.6	61.47	74.0	19.6	41.87	0.9667	0.0939	-22.27
YOL155C_mRNA	113	868.1	364.28	168.0	47.42	316.87	1.0	0.3859	-269.45
YOL155W-A_mRNA	110	436.9	312.34	304.5	203.78	108.55	1.0	0.698	95.23
YOL156W_mRNA	16	638.4	198.38	131.0	1.5	196.88	1.0	0.3763	-195.38
YOL157C_mRNA	60	592.6	116.57	70.0	43.73	72.83	1.0	0.212	-29.1
YOL158C_mRNA	73	917.6	74.58	17.0	17.45	57.12	1.0	0.1133	-39.67
YOL159C-A_mRNA	119	488.5	55.58	62.0	11.52	44.06	0.9916	0.1308	-32.54
YOL159C_mRNA	128	586.2	68.33	17.0	26.44	41.89	0.9844	0.1142	-15.45
YOL160W_mRNA	5	659.0	372.2	363.0	205.2	167.0	1.0	0.5503	38.2
YOL162W_mRNA	17	535.0	158.76	143.0	80.82	77.94	1.0	0.2829	2.88
YOL163W_mRNA	13	853.3	506.23	510.0	110.31	395.92	1.0	0.5546	-285.62
YOL164W-A_mRNA	17	746.9	570.47	487.0	393.47	177.0	1.0	0.6924	216.47
YOL164W_mRNA	50	744.1	119.2	87.0	7.56	111.64	1.0	0.1945	-104.08
YOR001W_mRNA	109	1017.6	55.0	61.0	6.5	48.5	0.9817	0.0895	-42.01
YOR002W_mRNA	261	815.7	50.42	65.0	3.07	47.35	0.9923	0.0843	-44.28
YOR003W_mRNA	127	461.4	53.81	24.0	7.71	46.1	1.0	0.1284	-38.39
YOR004W_mRNA	220	548.2	47.21	22.5	2.9	44.32	0.9955	0.1041	-41.42
YOR005C_mRNA	87	553.8	51.83	70.0	1.59	50.24	0.977	0.1086	-48.66
YOR006C_mRNA	131	679.0	58.22	74.0	2.49	55.73	0.9847	0.1035	-53.24
YOR007C_mRNA	922	535.4	42.07	15.0	1.9	40.17	0.9881	0.0964	-38.27
YOR008C-A_mRNA	15	342.5	184.93	164.0	15.13	169.8	1.0	0.4737	-154.67
YOR008C_mRNA	260	711.0	43.19	15.0	3.47	39.72	0.9808	0.0823	-36.25
YOR009W_mRNA	19	600.6	79.68	78.0	17.53	62.16	1.0	0.1616	-44.63
YOR010C_mRNA	11	869.9	107.27	18.0	71.64	35.64	1.0	0.0998	36.0
YOR011W-A_mRNA	5	639.2	498.0	427.0	108.0	390.0	1.0	0.7801	-282.0
YOR011W_mRNA	72	612.2	86.64	91.0	28.24	58.4	1.0	0.2201	-30.17
YOR012W_mRNA	27	560.5	86.93	19.0	2.63	84.3	0.963	0.1437	-81.67
YOR013W_mRNA	25	545.4	109.8	78.0	1.68	108.12	1.0	0.1896	-106.44
YOR014W_mRNA	73	921.0	74.64	81.0	1.7	72.95	1.0	0.1037	-71.25
YOR015W_mRNA	117	890.8	57.5	67.0	6.24	51.26	0.9915	0.0828	-45.03
YOR016C_mRNA	284	602.0	42.24	14.5	3.79	38.45	0.9965	0.076	-34.66
YOR017W_mRNA	63	634.3	60.24	72.0	7.98	52.25	0.9683	0.1462	-44.27
YOR018W_mRNA	166	480.0	62.11	66.0	12.06	50.05	0.994	0.1471	-37.99
YOR019W_mRNA	55	531.9	54.35	70.0	2.56	51.78	1.0	0.1277	-49.22
YOR020C_mRNA	4502	438.4	41.65	15.0	2.84	38.81	0.9798	0.0913	-35.97
YOR020W-A_mRNA	358	485.7	70.94	70.0	17.25	53.69	1.0	0.1421	-36.44
YOR021C_mRNA	1340	691.7	58.66	21.0	3.51	55.15	0.9664	0.0899	-51.63
YOR022C_mRNA	31	733.7	62.35	21.0	1.9	60.45	1.0	0.1046	-58.55
YOR023C_mRNA	77	629.5	44.73	17.0	2.49	42.23	1.0	0.1	-39.74
YOR025W_mRNA	40	743.0	63.82	42.0	2.0	61.82	0.975	0.0999	-59.82
YOR026W_mRNA	60	636.6	56.7	70.0	1.73	54.97	1.0	0.1179	-53.23
YOR027W_mRNA	1073	816.9	49.46	19.0	2.81	46.65	0.9944	0.0799	-43.84
YOR028C_mRNA	60	469.2	57.8	73.0	5.0	52.8	1.0	0.1529	-47.8
YOR029W_mRNA	16	794.7	366.44	486.0	29.19	337.25	1.0	0.419	-308.06
YOR030W_mRNA	92	831.4	64.15	76.0	4.6	59.55	0.9783	0.1061	-54.96
YOR032C_mRNA	91	744.7	82.0	85.0	7.38	74.62	1.0	0.1608	-67.23
YOR032W-A_mRNA	15	394.7	61.2	84.0	4.4	56.8	1.0	0.2225	-52.4
YOR033C_mRNA	81	700.6	53.85	16.0	8.89	44.96	1.0	0.1058	-36.07
YOR034C-A_mRNA	29	554.4	36.93	9.0	5.17	31.76	1.0	0.074	-26.59
YOR034C_mRNA	113	772.5	69.55	69.0	15.05	54.5	0.9912	0.1084	-39.44
YOR035C_mRNA	36	906.4	61.75	72.5	2.56	59.19	1.0	0.1105	-56.64
YOR036W_mRNA	263	671.2	61.56	68.0	9.41	52.15	0.9962	0.1006	-42.73
YOR037W_mRNA	91	627.2	44.29	21.0	2.14	42.14	1.0	0.0944	-40.0
YOR038C_mRNA	68	656.7	51.38	68.5	3.68	47.71	1.0	0.0961	-44.03
YOR039W_mRNA	392	781.4	46.1	18.0	2.17	43.94	0.9923	0.0763	-41.77
YOR040W_mRNA	277	326.0	47.88	31.0	4.07	43.81	1.0	0.1473	-39.74
YOR041C_mRNA	203	344.7	46.89	27.0	7.63	39.27	1.0	0.1637	-31.64
YOR042W_mRNA	56	522.3	34.55	10.5	1.66	32.89	0.9821	0.082	-31.23
YOR043W_mRNA	218	735.9	47.04	25.5	2.93	44.11	0.9954	0.0889	-41.18
YOR044W_mRNA	148	632.9	50.61	21.5	5.33	45.28	0.9797	0.0925	-39.95
YOR045W_mRNA	1333	371.3	46.38	20.0	2.11	44.27	0.9977	0.12	-42.16
YOR046C_mRNA	439	811.8	44.71	16.0	2.82	41.89	0.9977	0.0664	-39.08
YOR047C_mRNA	134	661.8	47.93	13.0	4.51	43.41	0.9851	0.0926	-38.9
YOR048C_mRNA	246	697.2	59.51	52.5	12.37	47.14	0.9837	0.1211	-34.78
YOR049C_mRNA	28	853.9	112.25	80.0	2.89	109.36	1.0	0.125	-106.46
YOR050C_mRNA	207	581.9	55.32	15.0	12.62	42.7	0.9952	0.1023	-30.08
YOR051C_mRNA	323	925.9	49.4	22.0	2.9	46.5	0.9845	0.0722	-43.59
YOR052C_mRNA	888	647.5	50.66	63.0	2.39	48.28	0.9989	0.0854	-45.89
YOR054C_mRNA	60	266.0	133.12	147.5	88.67	44.45	1.0	0.5567	44.22
YOR056C_mRNA	244	609.4	45.09	16.5	1.34	43.75	0.9918	0.0869	-42.41
YOR057W_mRNA	77	535.0	40.48	21.0	3.1	37.38	1.0	0.1033	-34.27
YOR058C_mRNA	100	717.5	120.75	120.0	2.71	118.04	1.0	0.2116	-115.33
YOR059C_mRNA	127	734.4	61.71	64.0	9.28	52.43	0.9921	0.1198	-43.14
YOR060C_mRNA	17	724.9	51.12	67.0	2.24	48.88	0.9412	0.0925	-46.65
YOR061W_mRNA	393	639.7	44.4	16.0	1.77	42.63	1.0	0.0894	-40.85
YOR062C_mRNA	38	565.2	35.18	14.5	2.05	33.13	1.0	0.0708	-31.08
YOR063W_mRNA	11375	674.6	42.49	13.0	2.1	40.39	0.9936	0.0793	-38.29
YOR064C_mRNA	40	529.5	57.38	39.5	11.2	46.18	1.0	0.1453	-34.98
YOR065W_mRNA	377	748.5	57.22	69.0	7.28	49.93	0.9894	0.1065	-42.65
YOR066W_mRNA	66	588.4	51.21	24.0	9.23	41.98	0.9697	0.1052	-32.76
YOR067C_mRNA	200	634.4	50.4	64.5	3.26	47.13	0.99	0.1121	-43.86
YOR069W_mRNA	156	706.7	60.58	56.0	9.56	51.02	0.9744	0.1	-41.46
YOR070C_mRNA	55	565.5	36.47	13.0	2.18	34.29	0.9636	0.083	-32.11
YOR071C_mRNA	126	695.7	50.71	26.0	3.59	47.13	1.0	0.0944	-43.54
YOR072W-A_mRNA	6	396.7	233.33	225.0	1.33	232.0	1.0	0.5777	-230.67
YOR073W_mRNA	53	611.2	66.51	76.0	10.6	55.91	1.0	0.1325	-45.3
YOR074C_mRNA	76	624.9	68.24	75.5	2.07	66.17	1.0	0.1408	-64.11
YOR075W_mRNA	180	751.5	48.86	19.5	4.43	44.43	1.0	0.0776	-39.99
YOR076C_mRNA	84	765.1	57.58	71.0	2.17	55.42	1.0	0.0936	-53.25
YOR077W_mRNA	26	504.0	45.27	29.0	2.81	42.46	0.9615	0.0893	-39.65
YOR078W_mRNA	122	417.8	45.17	17.0	3.75	41.42	0.9754	0.1238	-37.66
YOR079C_mRNA	221	798.0	91.29	87.0	2.03	89.27	1.0	0.1349	-87.24
YOR080W_mRNA	171	651.1	47.32	17.0	4.17	43.15	0.9883	0.0982	-38.98
YOR081C_mRNA	45	995.3	60.58	36.0	5.02	55.56	0.9778	0.0866	-50.53
YOR084W_mRNA	40	865.9	47.1	20.0	6.78	40.33	1.0	0.0829	-33.55
YOR085W_mRNA	177	726.5	52.07	72.0	3.02	49.05	0.9944	0.0919	-46.03
YOR086C_mRNA	178	894.0	50.72	27.5	1.72	49.0	0.9888	0.0773	-47.28
YOR087W_mRNA	53	898.0	45.92	13.0	1.75	44.17	0.9811	0.0779	-42.42
YOR089C_mRNA	210	546.1	64.73	74.5	2.76	61.97	1.0	0.1276	-59.21
YOR090C_mRNA	66	853.3	53.23	21.5	2.59	50.64	1.0	0.0752	-48.05
YOR091W_mRNA	70	673.1	45.16	29.5	2.46	42.7	1.0	0.0873	-40.24
YOR092W_mRNA	112	625.5	51.74	67.0	4.75	46.99	1.0	0.1301	-42.24
YOR093C_mRNA	85	744.8	46.96	15.0	2.53	44.44	0.9647	0.0907	-41.91
YOR094W_mRNA	202	574.5	39.95	10.0	1.5	38.45	0.9752	0.083	-36.94
YOR095C_mRNA	643	748.8	51.64	54.0	3.5	48.14	0.9907	0.0754	-44.64
YOR096W_mRNA	11806	579.0	39.72	8.0	2.1	37.61	0.9389	0.0736	-35.51
YOR097C_mRNA	207	376.0	58.36	51.0	1.76	56.6	0.9758	0.1627	-54.85
YOR098C_mRNA	73	739.1	83.03	78.0	25.51	57.52	0.9589	0.1731	-32.01
YOR099W_mRNA	287	844.1	49.37	62.0	1.93	47.44	0.993	0.0807	-45.51
YOR100C_mRNA	7	638.9	42.0	32.0	12.57	29.43	1.0	0.0974	-16.86
YOR101W_mRNA	243	650.6	58.72	77.0	3.11	55.6	0.9959	0.1105	-52.49
YOR103C_mRNA	531	531.8	48.14	65.0	2.19	45.95	0.9981	0.0971	-43.75
YOR104W_mRNA	77	728.7	55.68	38.0	9.51	46.17	1.0	0.0789	-36.66
YOR105W_mRNA	101	671.0	64.4	42.0	8.95	55.45	0.9901	0.1211	-46.5
YOR106W_mRNA	82	537.6	69.38	77.0	11.37	58.01	1.0	0.1497	-46.65
YOR107W_mRNA	101	501.6	50.13	63.0	3.14	46.99	0.9901	0.1262	-43.85
YOR108W_mRNA	590	684.4	47.61	56.5	2.75	44.86	0.9881	0.0917	-42.11
YOR109W_mRNA	173	687.0	52.13	64.0	2.75	49.38	0.9711	0.1103	-46.62
YOR110W_mRNA	56	644.8	41.25	11.0	1.88	39.38	1.0	0.0739	-37.5
YOR111W_mRNA	67	802.9	51.0	29.0	2.24	48.76	0.9851	0.0717	-46.52
YOR112W_mRNA	92	785.1	46.53	16.5	1.74	44.79	1.0	0.1016	-43.05
YOR113W_mRNA	24	841.3	45.75	32.0	13.33	32.42	1.0	0.1492	-19.08
YOR114W_mRNA	60	546.0	45.3	12.0	1.0	44.3	1.0	0.0975	-43.3
YOR115C_mRNA	389	699.8	44.07	14.0	2.69	41.39	0.9075	0.0724	-38.7
YOR116C_mRNA	317	703.9	51.79	57.0	4.19	47.6	0.959	0.0874	-43.41
YOR117W_mRNA	387	785.7	49.84	24.0	1.96	47.88	0.9948	0.0901	-45.93
YOR118W_mRNA	107	893.6	61.3	71.0	3.13	58.17	0.9907	0.0986	-55.04
YOR119C_mRNA	93	538.6	43.98	31.0	2.81	41.17	1.0	0.0941	-38.37
YOR120W_mRNA	180	746.9	55.19	58.0	4.76	50.44	1.0	0.1008	-45.68
YOR121C_mRNA	754	447.5	55.07	52.0	15.16	39.91	0.996	0.1235	-24.75
YOR122C_mRNA	2533	581.7	53.31	71.0	2.28	51.03	0.9937	0.0931	-48.74
YOR123C_mRNA	10	420.7	54.1	11.5	2.2	51.9	0.8	0.1983	-49.7
YOR124C_mRNA	167	644.0	47.1	26.0	2.16	44.95	0.994	0.0918	-42.79
YOR125C_mRNA	166	661.5	47.4	38.5	4.02	43.38	0.994	0.0834	-39.36
YOR126C_mRNA	60	609.6	45.08	30.5	2.22	42.87	0.9833	0.0869	-40.65
YOR127W_mRNA	125	609.9	45.54	36.0	1.95	43.58	0.984	0.1114	-41.63
YOR128C_mRNA	47	879.7	42.3	13.0	2.57	39.72	1.0	0.0674	-37.15
YOR129C_mRNA	27	525.7	63.78	77.0	2.41	61.37	1.0	0.1612	-58.96
YOR130C_mRNA	339	717.5	49.5	32.0	2.21	47.29	0.9794	0.0842	-45.07
YOR131C_mRNA	225	553.6	63.34	71.0	17.36	45.99	0.9956	0.1635	-28.63
YOR132W_mRNA	100	728.1	33.91	10.0	1.84	32.07	0.99	0.0664	-30.23
YOR133W_mRNA	3407	877.1	52.41	20.0	3.12	49.29	0.9384	0.0765	-46.17
YOR134W_mRNA	51	538.6	88.02	70.0	36.18	51.84	1.0	0.2013	-15.67
YOR136W_mRNA	347	807.2	47.09	40.0	3.06	44.03	0.9971	0.0779	-40.97
YOR137C_mRNA	91	862.7	71.53	79.0	13.33	58.2	1.0	0.1077	-44.87
YOR138C_mRNA	125	752.8	52.9	62.0	3.96	48.94	1.0	0.1013	-44.98
YOR140W_mRNA	27	924.6	49.41	66.0	1.7	47.7	1.0	0.0912	-46.0
YOR141C_mRNA	103	667.4	48.88	64.0	1.74	47.15	1.0	0.1096	-45.41
YOR142W-B_mRNA	1022	1296.2	294.85	326.0	4.07	290.79	0.9951	0.2812	-286.72
YOR142W_mRNA	375	730.2	54.52	41.0	7.36	47.16	0.9973	0.1061	-39.8
YOR143C_mRNA	221	812.6	52.27	56.0	3.94	48.33	0.9955	0.0722	-44.38
YOR144C_mRNA	30	565.3	57.3	68.5	2.43	54.87	1.0	0.1145	-52.43
YOR145C_mRNA	356	565.0	47.75	22.0	3.25	44.5	0.9972	0.0965	-41.25
YOR147W_mRNA	146	854.0	58.64	76.0	1.99	56.65	1.0	0.0922	-54.66
YOR148C_mRNA	125	431.9	47.0	21.0	2.11	44.89	0.992	0.12	-42.78
YOR149C_mRNA	70	549.9	67.23	71.0	16.01	51.21	1.0	0.1495	-35.2
YOR150W_mRNA	276	521.2	46.27	17.5	2.09	44.18	0.9855	0.0922	-42.09
YOR151C_mRNA	809	746.7	60.2	68.0	2.14	58.06	0.9802	0.1074	-55.92
YOR152C_mRNA	84	575.7	73.12	76.0	20.24	52.88	1.0	0.1631	-32.64
YOR153W_mRNA	937	826.5	51.08	36.0	4.49	46.59	0.9968	0.0932	-42.09
YOR154W_mRNA	78	702.6	52.13	63.0	3.06	49.06	0.9872	0.1007	-46.0
YOR155C_mRNA	98	874.2	57.69	42.0	2.94	54.76	1.0	0.0823	-51.82
YOR156C_mRNA	22	730.8	83.45	83.0	4.14	79.32	1.0	0.1758	-75.18
YOR157C_mRNA	382	605.5	46.09	20.0	3.18	42.91	0.9791	0.0884	-39.73
YOR158W_mRNA	107	756.3	47.98	19.0	1.84	46.14	0.9907	0.078	-44.3
YOR159C_mRNA	299	456.1	40.42	12.0	2.51	37.91	0.9933	0.0891	-35.4
YOR160W_mRNA	124	638.5	45.6	18.0	2.27	43.33	0.9919	0.0932	-41.06
YOR161C_mRNA	67	653.9	56.19	71.0	6.48	49.72	1.0	0.1101	-43.24
YOR162C_mRNA	62	765.3	69.81	66.0	22.97	46.84	0.9839	0.1367	-23.87
YOR163W_mRNA	122	534.9	44.57	18.5	1.3	43.27	0.9918	0.0886	-41.97
YOR164C_mRNA	388	820.6	45.34	19.0	2.27	43.07	0.9845	0.0712	-40.8
YOR165W_mRNA	229	936.9	52.51	70.0	2.47	50.03	1.0	0.0927	-47.56
YOR166C_mRNA	65	762.8	68.85	70.0	4.6	64.25	0.9846	0.111	-59.65
YOR167C_mRNA	7283	353.5	40.5	12.0	1.34	39.16	0.9978	0.1073	-37.82
YOR168W_mRNA	756	967.1	47.27	18.0	3.41	43.86	0.9881	0.0669	-40.45
YOR169C_mRNA	300	347.5	43.31	22.0	3.33	39.98	0.9867	0.1228	-36.65
YOR171C_mRNA	116	900.3	54.17	71.0	2.1	52.07	1.0	0.0898	-49.97
YOR172W_mRNA	82	827.9	55.02	74.5	3.72	51.3	1.0	0.0964	-47.59
YOR173W_mRNA	47	602.7	38.15	11.0	1.26	36.89	1.0	0.0897	-35.64
YOR174W_mRNA	47	555.5	50.26	26.0	1.66	48.6	0.9787	0.1097	-46.94
YOR175C_mRNA	206	817.8	54.91	70.0	4.63	50.28	0.9854	0.1053	-45.66
YOR176W_mRNA	292	643.0	62.83	74.0	12.3	50.53	0.9932	0.1351	-38.22
YOR177C_mRNA	22	615.8	144.36	108.0	19.05	125.32	1.0	0.2289	-106.27
YOR178C_mRNA	97	533.5	66.88	74.0	4.73	62.14	0.9897	0.1698	-57.41
YOR179C_mRNA	134	594.3	48.27	17.0	5.16	43.11	0.9776	0.0971	-37.96
YOR180C_mRNA	21	652.0	51.05	67.0	4.57	46.48	1.0	0.1065	-41.9
YOR181W_mRNA	105	513.4	69.62	77.0	24.59	45.03	1.0	0.1591	-20.44
YOR182C_mRNA	15244	300.6	43.69	24.0	2.78	40.91	0.9887	0.1324	-38.13
YOR184W_mRNA	495	748.3	60.62	66.0	13.54	47.08	0.9939	0.116	-33.54
YOR185C_mRNA	93	522.2	118.65	86.0	55.91	62.73	1.0	0.2732	-6.82
YOR186C-A_mRNA	8	348.9	60.88	69.0	0.62	60.25	1.0	0.2136	-59.62
YOR186W_mRNA	14	437.1	84.93	82.0	10.21	74.71	1.0	0.1849	-64.5
YOR187W_mRNA	688	743.1	44.46	15.0	2.07	42.39	0.9927	0.078	-40.31
YOR188W_mRNA	85	599.0	49.4	30.0	9.84	39.56	1.0	0.1201	-29.73
YOR189W_mRNA	170	461.7	38.41	10.5	4.18	34.22	0.9882	0.0896	-30.04
YOR190W_mRNA	29	647.9	86.28	77.0	30.34	55.93	1.0	0.1433	-25.59
YOR191W_mRNA	85	689.3	98.06	72.0	3.18	94.88	0.9647	0.1322	-91.71
YOR192C-A_mRNA	16	418.5	83.94	80.5	6.19	77.75	1.0	0.2111	-71.56
YOR192C-B_mRNA	197	1444.5	208.41	296.0	3.96	204.44	0.9695	0.1351	-200.48
YOR192C-C_mRNA	39065	631.3	65.59	68.0	14.72	50.86	0.9802	0.1037	-36.14
YOR192C_mRNA	72	690.2	150.19	107.5	44.64	105.56	1.0	0.2774	-60.92
YOR193W_mRNA	105	781.7	77.94	79.0	29.15	48.79	0.981	0.104	-19.64
YOR194C_mRNA	111	448.6	42.24	11.0	2.35	39.89	0.9279	0.1026	-37.54
YOR195W_mRNA	126	923.9	63.79	73.0	1.71	62.08	0.9603	0.0824	-60.37
YOR196C_mRNA	227	656.5	43.06	11.0	1.86	41.19	0.9868	0.0831	-39.33
YOR197W_mRNA	407	681.9	46.2	25.0	2.26	43.94	0.9779	0.0865	-41.69
YOR198C_mRNA	774	748.0	42.9	14.0	2.63	40.27	0.9806	0.0745	-37.63
YOR200W_mRNA	7	245.9	70.71	73.0	4.14	66.57	1.0	0.3028	-62.43
YOR201C_mRNA	85	757.1	54.81	68.0	1.2	53.61	1.0	0.111	-52.41
YOR202W_mRNA	122	516.0	46.64	23.5	1.81	44.83	1.0	0.0949	-43.02
YOR203W_mRNA	10	232.7	52.3	68.5	3.5	48.8	1.0	0.2092	-45.3
YOR204W_mRNA	1027	481.4	54.34	71.0	3.13	51.21	0.9961	0.14	-48.08
YOR205C_mRNA	49	626.7	56.31	50.0	2.22	54.08	1.0	0.1187	-51.86
YOR206W_mRNA	333	820.1	51.95	56.0	2.16	49.79	0.982	0.0879	-47.63
YOR207C_mRNA	310	598.0	56.3	45.5	5.44	50.86	0.9774	0.1288	-45.43
YOR208W_mRNA	223	750.6	56.77	73.0	2.05	54.72	0.9865	0.1049	-52.66
YOR209C_mRNA	498	776.1	52.86	69.0	1.85	51.02	0.992	0.0958	-49.17
YOR210W_mRNA	1268	474.4	38.02	11.0	1.55	36.47	0.9984	0.0798	-34.92
YOR211C_mRNA	116	733.3	34.44	9.0	1.49	32.95	1.0	0.0598	-31.46
YOR212W_mRNA	241	725.1	55.43	57.0	4.47	50.96	0.9959	0.1021	-46.49
YOR213C_mRNA	135	536.9	54.07	64.0	4.72	49.36	0.9926	0.1299	-44.64
YOR215C_mRNA	502	612.1	50.51	20.0	3.99	46.53	1.0	0.087	-42.54
YOR216C_mRNA	112	596.4	61.08	20.5	4.17	56.91	0.9911	0.0981	-52.74
YOR217W_mRNA	205	556.0	49.37	51.0	5.17	44.2	0.9707	0.1152	-39.02
YOR219C_mRNA	76	900.1	104.17	107.5	3.58	100.59	0.9868	0.1352	-97.01
YOR220W_mRNA	213	656.6	54.05	70.0	3.16	50.89	0.9906	0.1018	-47.72
YOR221C_mRNA	77	865.6	48.94	17.0	7.13	41.81	0.974	0.0673	-34.68
YOR222W_mRNA	629	584.4	64.81	71.0	15.98	48.83	1.0	0.1366	-32.86
YOR223W_mRNA	34	309.2	38.44	11.0	2.06	36.38	0.9706	0.1349	-34.32
YOR224C_mRNA	596	461.2	41.79	13.5	2.69	39.1	0.9732	0.0934	-36.42
YOR225W_mRNA	20	265.4	59.8	75.0	4.65	55.15	1.0	0.2181	-50.5
YOR226C_mRNA	153	513.4	54.07	32.0	7.1	46.97	0.9935	0.105	-39.86
YOR227W_mRNA	106	857.7	70.64	72.0	6.53	64.11	0.9906	0.137	-57.58
YOR228C_mRNA	56	604.2	46.48	48.0	3.89	42.59	0.9643	0.1	-38.7
YOR229W_mRNA	96	472.8	61.11	47.5	17.75	43.36	1.0	0.1483	-25.61
YOR230W_mRNA	536	907.0	54.54	71.0	3.93	50.61	0.9888	0.0903	-46.68
YOR231W_mRNA	150	673.9	46.59	22.5	1.71	44.89	0.9933	0.0834	-43.18
YOR232W_mRNA	1232	667.9	40.75	12.0	2.4	38.34	0.9903	0.0687	-35.94
YOR233W_mRNA	38	956.3	51.37	17.5	2.11	49.26	1.0	0.0874	-47.16
YOR234C_mRNA	7065	427.4	44.04	14.0	3.1	40.94	0.9963	0.0975	-37.83
YOR236W_mRNA	74	527.0	48.01	17.5	4.66	43.35	1.0	0.1061	-38.69
YOR237W_mRNA	6	742.8	111.67	107.0	18.33	93.33	1.0	0.1703	-75.0
YOR238W_mRNA	92	530.4	49.72	35.5	2.34	47.38	0.9783	0.1061	-45.04
YOR239W_mRNA	187	687.3	50.43	41.0	2.33	48.1	0.984	0.0918	-45.78
YOR241W_mRNA	350	810.0	81.43	77.0	6.15	75.27	0.9943	0.1277	-69.12
YOR242C_mRNA	22	415.0	122.09	104.0	50.23	71.86	1.0	0.2997	-21.64
YOR243C_mRNA	584	848.7	49.25	29.0	4.12	45.12	0.9914	0.0846	-41.0
YOR244W_mRNA	97	682.6	46.61	27.0	1.92	44.69	1.0	0.0867	-42.77
YOR245C_mRNA	144	808.7	48.47	24.0	2.67	45.79	1.0	0.0728	-43.12
YOR246C_mRNA	191	679.0	43.24	16.0	3.47	39.76	0.9895	0.0796	-36.29
YOR247W_mRNA	393	906.4	114.62	101.0	4.57	110.05	0.9924	0.1303	-105.48
YOR248W_mRNA	694	509.3	77.8	82.0	10.71	67.09	0.9957	0.1633	-56.37
YOR249C_mRNA	67	858.5	74.24	71.0	19.06	55.18	1.0	0.1462	-36.12
YOR250C_mRNA	50	719.2	41.18	12.0	1.62	39.56	1.0	0.0821	-37.94
YOR251C_mRNA	110	687.4	46.85	14.0	4.18	42.66	1.0	0.0887	-38.48
YOR252W_mRNA	232	551.8	41.22	12.5	2.8	38.42	0.9914	0.0781	-35.62
YOR253W_mRNA	354	556.2	53.03	68.5	2.83	50.2	0.9972	0.1073	-47.36
YOR254C_mRNA	354	870.8	41.25	18.0	3.09	38.16	0.9718	0.0663	-35.06
YOR256C_mRNA	157	1045.0	48.66	22.0	3.32	45.34	1.0	0.0678	-42.01
YOR257W_mRNA	199	505.0	49.0	15.0	4.28	44.72	1.0	0.0999	-40.44
YOR258W_mRNA	226	522.3	49.4	19.0	2.4	47.0	0.9867	0.101	-44.61
YOR259C_mRNA	229	860.2	44.13	12.0	1.7	42.43	0.9825	0.0624	-40.73
YOR260W_mRNA	161	671.0	47.71	20.0	3.81	43.89	0.9876	0.0881	-40.08
YOR261C_mRNA	1063	900.9	54.2	60.0	4.37	49.83	0.9925	0.0705	-45.46
YOR262W_mRNA	34	527.2	45.09	11.5	2.15	42.94	0.9706	0.1055	-40.79
YOR264W_mRNA	104	685.7	60.92	71.5	3.66	57.26	0.9904	0.1133	-53.6
YOR265W_mRNA	341	427.2	37.36	14.0	2.96	34.4	0.9912	0.0854	-31.44
YOR266W_mRNA	62	588.9	56.53	70.5	1.76	54.77	0.9839	0.1139	-53.02
YOR267C_mRNA	278	679.6	52.36	67.5	4.65	47.71	0.9892	0.1076	-43.05
YOR268C_mRNA	13	518.7	196.85	186.0	90.23	106.62	1.0	0.33	-16.38
YOR269W_mRNA	62	501.1	56.21	26.0	14.26	41.95	1.0	0.1162	-27.69
YOR270C_mRNA	998	791.8	51.09	69.0	3.47	47.62	0.988	0.0949	-44.15
YOR271C_mRNA	448	685.5	46.71	24.5	2.21	44.5	0.9978	0.0852	-42.29
YOR272W_mRNA	272	664.2	40.72	14.5	3.11	37.61	0.9632	0.0856	-34.5
YOR273C_mRNA	177	596.8	61.74	71.0	1.93	59.81	0.9887	0.1265	-57.88
YOR274W_mRNA	195	611.3	52.16	63.0	2.9	49.27	1.0	0.1066	-46.37
YOR275C_mRNA	79	678.3	40.62	15.0	2.22	38.41	1.0	0.075	-36.19
YOR276W_mRNA	1134	505.8	71.53	63.0	28.44	43.09	0.9956	0.1724	-14.65
YOR278W_mRNA	115	441.6	136.8	135.0	100.72	36.08	1.0	0.3912	64.64
YOR279C_mRNA	62	591.7	45.0	13.0	3.4	41.6	0.9839	0.0846	-38.19
YOR280C_mRNA	141	554.2	64.14	75.0	16.72	47.42	1.0	0.1566	-30.7
YOR281C_mRNA	123	642.6	59.02	62.0	9.83	49.19	1.0	0.1127	-39.36
YOR283W_mRNA	400	639.9	49.19	58.0	2.52	46.66	0.9825	0.087	-44.14
YOR284W_mRNA	39	618.8	61.62	71.0	8.92	52.69	1.0	0.1035	-43.77
YOR285W_mRNA	996	476.5	45.3	19.5	1.55	43.75	0.996	0.0977	-42.19
YOR286W_mRNA	323	500.7	45.74	15.0	4.8	40.94	0.9938	0.0911	-36.15
YOR287C_mRNA	25	518.1	38.12	9.0	4.16	33.96	1.0	0.0811	-29.8
YOR288C_mRNA	197	593.7	45.84	18.0	3.42	42.43	1.0	0.0968	-39.01
YOR289W_mRNA	99	693.7	50.41	30.0	1.57	48.85	0.9899	0.0761	-47.28
YOR290C_mRNA	64	689.0	77.59	78.5	27.94	49.66	1.0	0.1566	-21.72
YOR291W_mRNA	101	693.0	43.42	13.0	2.25	41.17	0.9901	0.083	-38.92
YOR292C_mRNA	51	560.7	47.35	24.0	4.69	42.67	1.0	0.1115	-37.98
YOR293C-A_mRNA	52	145.7	40.81	14.0	7.15	33.65	1.0	0.2245	-26.5
YOR293W_mRNA	16060	473.7	39.9	10.0	2.88	37.02	0.9917	0.081	-34.14
YOR294W_mRNA	63	423.3	35.87	12.0	1.84	34.03	0.9365	0.1032	-32.19
YOR295W_mRNA	72	619.5	46.57	16.0	3.17	43.4	1.0	0.0924	-40.24
YOR296W_mRNA	104	500.9	48.45	15.5	6.88	41.57	1.0	0.1113	-34.68
YOR297C_mRNA	76	526.8	50.47	64.0	3.28	47.2	0.9737	0.1055	-43.92
YOR298C-A_mRNA	4246	570.0	46.7	19.0	1.86	44.84	0.9969	0.0894	-42.99
YOR298W_mRNA	60	338.9	66.88	75.0	12.92	53.97	1.0	0.2251	-41.05
YOR299W_mRNA	112	976.1	55.15	62.0	3.15	52.0	1.0	0.0784	-48.85
YOR300W_mRNA	73	517.2	49.42	70.0	1.75	47.67	0.9863	0.1131	-45.92
YOR301W_mRNA	28	743.8	71.75	75.5	4.5	67.25	1.0	0.1358	-62.75
YOR302W_mRNA	22	486.3	57.64	77.0	1.59	56.05	1.0	0.1379	-54.45
YOR303W_mRNA	597	647.0	50.59	24.0	4.27	46.31	0.9899	0.1045	-42.04
YOR304C-A_mRNA	105	440.6	43.94	15.0	3.78	40.16	1.0	0.1018	-36.38
YOR304W_mRNA	114	790.4	55.18	39.0	3.99	51.19	0.9825	0.0965	-47.2
YOR305W_mRNA	480	731.8	53.55	69.0	5.25	48.3	0.9979	0.09	-43.06
YOR306C_mRNA	318	896.7	52.9	66.5	3.71	49.19	0.9937	0.0862	-45.47
YOR307C_mRNA	131	794.6	73.74	73.0	14.69	59.05	0.9695	0.0953	-44.35
YOR308C_mRNA	15	833.4	114.2	88.0	0.33	113.87	1.0	0.1631	-113.53
YOR309C_mRNA	187	402.9	40.95	12.0	4.32	36.63	0.9519	0.1165	-32.3
YOR310C_mRNA	109	467.6	38.1	10.0	2.04	36.06	0.9817	0.1032	-34.03
YOR311C_mRNA	265	582.6	51.46	69.0	2.83	48.64	0.9811	0.1109	-45.81
YOR312C_mRNA	15817	562.9	40.0	12.0	3.37	36.63	0.9936	0.0716	-33.26
YOR313C_mRNA	17	588.4	57.65	14.0	23.06	34.59	1.0	0.1411	-11.53
YOR315W_mRNA	92	540.2	55.38	73.5	2.15	53.23	1.0	0.1149	-51.08
YOR316C-A_mRNA	11	346.5	71.91	61.0	2.18	69.73	1.0	0.2522	-67.55
YOR316C_mRNA	102	774.8	52.36	60.0	6.93	45.43	0.9804	0.101	-38.5
YOR317W_mRNA	583	863.7	54.69	68.0	1.95	52.74	0.9828	0.086	-50.8
YOR318C_mRNA	59	344.2	62.14	44.0	8.95	53.19	1.0	0.1679	-44.24
YOR319W_mRNA	68	722.7	75.82	66.0	10.09	65.74	1.0	0.1048	-55.65
YOR320C_mRNA	242	863.4	67.54	74.0	10.48	57.06	0.9959	0.0953	-46.58
YOR321W_mRNA	77	732.0	65.44	76.0	3.01	62.43	0.9351	0.1236	-59.42
YOR322C_mRNA	83	680.0	51.25	61.0	2.37	48.88	0.9759	0.1058	-46.51
YOR323C_mRNA	422	721.7	47.94	24.5	2.42	45.52	0.9929	0.0924	-43.1
YOR324C_mRNA	61	545.7	68.52	83.0	2.28	66.25	1.0	0.154	-63.97
YOR326W_mRNA	326	837.0	56.1	68.0	3.08	53.02	0.9908	0.0884	-49.94
YOR327C_mRNA	372	448.0	50.31	65.5	3.37	46.94	0.9812	0.1229	-43.58
YOR328W_mRNA	55	692.2	112.09	93.0	2.6	109.49	1.0	0.196	-106.89
YOR329C_mRNA	114	591.7	81.18	78.5	5.36	75.82	0.9912	0.1666	-70.46
YOR329W-A_mRNA	6	567.0	77.67	83.0	16.83	60.83	1.0	0.1291	-44.0
YOR330C_mRNA	50	598.3	45.84	15.0	2.9	42.94	1.0	0.1038	-40.04
YOR332W_mRNA	1005	565.8	46.41	19.0	2.69	43.72	0.999	0.0908	-41.02
YOR334W_mRNA	34	805.8	96.32	73.5	2.56	93.76	0.9706	0.146	-91.21
YOR335C_mRNA	1429	839.3	49.46	40.0	2.07	47.39	0.9811	0.0785	-45.32
YOR336W_mRNA	81	961.9	49.48	22.0	2.01	47.47	0.9877	0.0823	-45.46
YOR337W_mRNA	63	925.3	52.71	64.0	2.37	50.35	1.0	0.0966	-47.98
YOR338W_mRNA	72	420.0	38.35	14.0	2.42	35.93	1.0	0.1005	-33.51
YOR339C_mRNA	46	383.8	43.76	29.5	3.85	39.91	1.0	0.1241	-36.07
YOR340C_mRNA	69	679.2	45.13	14.0	1.39	43.74	1.0	0.0895	-42.35
YOR341W_mRNA	1019	796.6	51.03	57.0	2.23	48.8	0.9882	0.0834	-46.58
YOR342C_mRNA	217	641.8	54.02	71.0	3.71	50.31	0.9954	0.1158	-46.59
YOR343C_mRNA	24	385.2	147.46	155.5	4.25	143.21	1.0	0.3872	-138.96
YOR343W-A_mRNA	25	469.3	112.88	96.0	1.52	111.36	1.0	0.2315	-109.84
YOR343W-B_mRNA	109	1192.2	222.9	185.0	4.15	218.75	0.9908	0.1885	-214.61
YOR344C_mRNA	528	709.5	121.78	122.0	4.84	116.94	0.9943	0.2069	-112.1
YOR346W_mRNA	86	743.4	54.99	25.5	9.84	45.15	1.0	0.0933	-35.31
YOR347C_mRNA	101	580.9	45.94	20.0	2.66	43.28	1.0	0.0932	-40.61
YOR348C_mRNA	41	928.0	90.41	56.0	6.22	84.2	0.9756	0.1183	-77.98
YOR349W_mRNA	52	528.4	55.4	63.5	6.87	48.54	0.9808	0.1202	-41.67
YOR350C_mRNA	58	695.9	51.09	27.5	2.47	48.62	1.0	0.0841	-46.16
YOR352W_mRNA	55	697.4	75.78	82.0	1.45	74.33	1.0	0.1425	-72.87
YOR353C_mRNA	93	769.0	57.02	65.0	8.62	48.4	1.0	0.0813	-39.77
YOR354C_mRNA	154	681.3	46.91	17.0	1.55	45.36	1.0	0.0891	-43.81
YOR355W_mRNA	299	763.4	56.43	48.0	4.91	51.52	0.9933	0.1053	-46.62
YOR356W_mRNA	101	798.9	61.3	72.0	1.81	59.49	1.0	0.0998	-57.67
YOR357C_mRNA	260	547.4	42.97	11.0	5.46	37.51	0.9769	0.0798	-32.05
YOR358W_mRNA	39	508.8	41.05	11.0	1.05	40.0	1.0	0.0922	-38.95
YOR359W_mRNA	77	651.0	44.3	18.0	1.97	42.32	1.0	0.0824	-40.35
YOR360C_mRNA	233	807.4	59.17	74.0	2.34	56.83	0.9914	0.1102	-54.48
YOR361C_mRNA	1054	824.1	52.15	62.0	2.62	49.54	0.9848	0.0906	-46.92
YOR362C_mRNA	402	710.5	63.64	66.0	2.25	61.39	0.99	0.103	-59.14
YOR363C_mRNA	57	584.5	77.81	69.0	28.32	49.49	0.9825	0.1937	-21.18
YOR364W_mRNA	7	303.6	71.43	71.0	3.57	67.86	1.0	0.2275	-64.29
YOR366W_mRNA	7	606.6	94.14	72.0	4.57	89.57	1.0	0.1394	-85.0
YOR367W_mRNA	123	504.9	42.87	15.0	6.87	36.0	1.0	0.0909	-29.13
YOR368W_mRNA	51	673.5	78.76	71.0	21.06	57.71	1.0	0.1682	-36.65
YOR369C_mRNA	24519	516.7	43.34	15.0	2.55	40.8	0.9821	0.0854	-38.25
YOR370C_mRNA	181	649.6	44.33	19.0	5.19	39.14	0.9834	0.0977	-33.96
YOR371C_mRNA	6	434.5	69.83	86.5	14.17	55.67	0.8333	0.1755	-41.5
YOR372C_mRNA	75	661.8	53.32	71.0	6.81	46.51	1.0	0.1185	-39.69
YOR373W_mRNA	28	1002.5	61.64	76.0	2.68	58.96	1.0	0.09	-56.29
YOR374W_mRNA	121	842.8	50.35	59.0	1.68	48.67	0.9504	0.0861	-46.99
YOR375C_mRNA	1882	732.3	40.26	12.0	2.3	37.96	0.9793	0.0705	-35.66
YOR376W-A_mRNA	40	646.4	68.58	73.0	17.5	51.08	1.0	0.12	-33.58
YOR376W_mRNA	6	636.8	306.83	214.0	225.5	81.33	1.0	0.4127	144.17
YOR377W_mRNA	161	703.1	85.8	63.0	39.04	46.75	1.0	0.1342	-7.71
YOR378W_mRNA	14	801.2	337.57	53.0	7.29	330.29	1.0	0.2399	-323.0
YOR380W_mRNA	49	496.0	60.24	73.0	2.9	57.35	1.0	0.147	-54.45
YOR381W-A_mRNA	7	656.9	109.86	79.0	5.14	104.71	1.0	0.1744	-99.57
YOR381W_mRNA	48	787.1	58.56	23.5	19.31	39.25	0.9792	0.1124	-19.94
YOR382W_mRNA	75	353.6	49.0	64.0	6.16	42.84	1.0	0.1464	-36.68
YOR383C_mRNA	73	688.3	84.01	76.0	23.66	60.36	1.0	0.1319	-36.7
YOR385W_mRNA	532	660.3	48.55	13.0	5.25	43.3	0.9906	0.0805	-38.05
YOR386W_mRNA	79	1081.8	186.94	135.0	1.59	185.34	1.0	0.1993	-183.75
YOR388C_mRNA	11	866.5	193.09	105.0	26.91	166.18	0.9091	0.2047	-139.27
YOR389W_mRNA	46	608.8	69.48	76.5	17.57	51.91	1.0	0.151	-34.35
YOR390W_mRNA	25	657.6	56.04	43.0	1.76	54.28	1.0	0.1013	-52.52
YOR394C-A_mRNA	28	502.7	113.11	106.5	47.29	65.82	1.0	0.2191	-18.54
YOR396W_mRNA	63	572.9	53.02	31.0	2.02	51.0	1.0	0.1049	-48.98
YPL001W_mRNA	127	773.5	56.24	53.0	6.31	49.92	0.9685	0.088	-43.61
YPL002C_mRNA	98	697.8	51.99	36.5	3.79	48.2	1.0	0.084	-44.42
YPL003W_mRNA	64	683.6	52.81	29.5	7.64	45.17	1.0	0.0921	-37.53
YPL004C_mRNA	607	687.2	48.97	24.0	4.01	44.96	0.9835	0.0949	-40.95
YPL005W_mRNA	102	693.8	47.15	16.5	2.38	44.76	0.9804	0.0914	-42.38
YPL006W_mRNA	155	751.5	52.53	62.0	6.13	46.4	0.9935	0.099	-40.27
YPL007C_mRNA	58	849.1	61.47	23.0	1.78	59.69	1.0	0.0899	-57.91
YPL008W_mRNA	81	829.5	54.42	64.0	1.07	53.35	1.0	0.098	-52.27
YPL009C_mRNA	118	538.0	50.65	30.0	2.48	48.17	1.0	0.1136	-45.69
YPL010W_mRNA	919	631.8	44.03	14.0	2.23	41.79	0.9837	0.0732	-39.56
YPL011C_mRNA	64	590.3	51.7	15.0	1.8	49.91	0.9844	0.1182	-48.11
YPL012W_mRNA	205	488.9	41.69	15.0	2.11	39.59	0.9463	0.1038	-37.48
YPL013C_mRNA	263	485.2	43.01	13.0	3.52	39.49	0.9772	0.0894	-35.98
YPL014W_mRNA	76	693.1	47.21	32.0	2.46	44.75	1.0	0.091	-42.29
YPL015C_mRNA	93	768.7	39.48	11.0	1.44	38.04	0.9892	0.0696	-36.6
YPL016W_mRNA	71	583.5	70.75	79.0	14.89	55.86	1.0	0.1597	-40.97
YPL017C_mRNA	17	908.5	53.59	72.0	2.65	50.94	1.0	0.0755	-48.29
YPL018W_mRNA	28	789.5	57.79	41.0	19.25	38.54	1.0	0.1583	-19.29
YPL019C_mRNA	1411	658.8	46.38	18.0	2.88	43.5	0.9936	0.0927	-40.63
YPL020C_mRNA	192	738.4	71.63	75.0	22.47	49.16	0.974	0.1371	-26.68
YPL022W_mRNA	107	829.7	58.35	63.0	3.29	55.06	0.9907	0.1035	-51.77
YPL023C_mRNA	192	779.2	47.77	26.0	2.12	45.64	0.9948	0.0758	-43.52
YPL024W_mRNA	63	495.6	45.6	14.0	2.83	42.78	1.0	0.0973	-39.95
YPL026C_mRNA	130	751.9	54.14	68.5	4.85	49.28	0.9846	0.0937	-44.43
YPL028W_mRNA	831	759.3	50.98	68.0	2.21	48.76	0.9964	0.0895	-46.55
YPL029W_mRNA	62	619.0	45.69	27.5	1.82	43.87	1.0	0.1035	-42.05
YPL030W_mRNA	69	684.0	47.36	29.0	7.65	39.71	0.9565	0.1077	-32.06
YPL031C_mRNA	112	681.4	52.72	30.0	5.39	47.33	1.0	0.0954	-41.94
YPL032C_mRNA	219	851.1	59.59	76.0	3.56	56.03	0.9954	0.1068	-52.47
YPL034W_mRNA	84	579.2	57.32	73.5	7.87	49.45	1.0	0.1166	-41.58
YPL036W_mRNA	25	677.2	55.24	73.0	7.2	48.04	1.0	0.1481	-40.84
YPL037C_mRNA	2340	527.5	48.44	26.0	2.55	45.89	0.9966	0.0952	-43.35
YPL038W-A_mRNA	91	559.5	58.37	73.0	6.65	51.73	1.0	0.1255	-45.08
YPL038W_mRNA	55	512.0	39.55	12.0	8.29	31.25	1.0	0.0877	-22.96
YPL039W_mRNA	22	624.6	41.23	10.5	0.64	40.59	1.0	0.0692	-39.95
YPL040C_mRNA	28	904.7	43.93	29.0	4.79	39.14	1.0	0.0615	-34.36
YPL041C_mRNA	54	598.3	56.94	72.5	1.91	55.04	0.9815	0.1048	-53.13
YPL042C_mRNA	83	756.2	119.2	78.0	66.46	52.75	1.0	0.192	13.71
YPL043W_mRNA	163	573.4	47.35	12.0	2.1	45.25	0.9877	0.1023	-43.14
YPL045W_mRNA	135	902.4	52.41	40.0	2.38	50.03	0.9778	0.0731	-47.65
YPL046C_mRNA	114	498.3	52.36	49.5	4.66	47.7	0.9912	0.1084	-43.04
YPL047W_mRNA	44	495.2	53.36	67.5	2.86	50.5	1.0	0.1174	-47.64
YPL048W_mRNA	780	740.8	47.38	31.5	3.98	43.4	0.9756	0.0823	-39.43
YPL049C_mRNA	131	684.0	55.7	70.0	6.09	49.61	0.9924	0.1194	-43.52
YPL050C_mRNA	386	756.6	48.16	13.0	3.57	44.6	0.9948	0.0809	-41.03
YPL051W_mRNA	51	531.9	41.63	22.0	5.39	36.24	0.9804	0.0958	-30.84
YPL052W_mRNA	329	767.9	48.96	64.0	2.1	46.86	0.9878	0.074	-44.75
YPL053C_mRNA	415	798.9	46.52	23.0	2.2	44.33	0.9928	0.0751	-42.13
YPL054W_mRNA	47	484.5	100.55	85.0	17.02	83.53	1.0	0.2054	-66.51
YPL055C_mRNA	40	564.6	94.72	79.0	2.17	92.55	0.975	0.148	-90.38
YPL056C_mRNA	39	442.3	45.69	19.0	2.85	42.85	1.0	0.1061	-40.0
YPL057C_mRNA	225	870.1	55.88	70.0	7.0	48.87	0.9911	0.1036	-41.87
YPL058C_mRNA	110	710.8	65.79	79.0	9.72	56.07	0.9818	0.1345	-46.35
YPL059W_mRNA	452	541.8	57.4	33.5	12.28	45.13	0.9889	0.1129	-32.85
YPL060C-A_mRNA	25	1078.0	318.36	407.0	1.36	317.0	1.0	0.2852	-315.64
YPL060W_mRNA	105	793.1	72.2	74.0	5.63	66.57	1.0	0.1303	-60.94
YPL061W_mRNA	672	804.6	48.15	51.5	4.42	43.73	0.9792	0.0821	-39.31
YPL063W_mRNA	144	752.7	44.77	13.0	8.38	36.4	0.9931	0.0813	-28.02
YPL064C_mRNA	49	669.8	50.59	21.0	2.31	48.29	0.9796	0.0716	-45.98
YPL065W_mRNA	141	648.9	46.55	26.0	1.89	44.67	1.0	0.0765	-42.78
YPL066W_mRNA	111	691.7	55.47	63.0	3.12	52.35	1.0	0.116	-49.23
YPL067C_mRNA	84	555.4	56.05	72.5	3.75	52.3	0.9762	0.1217	-48.55
YPL068C_mRNA	14	484.0	43.14	45.5	3.07	40.07	1.0	0.1333	-37.0
YPL069C_mRNA	69	558.4	48.09	70.0	2.04	46.04	0.971	0.1034	-44.0
YPL070W_mRNA	210	898.8	54.98	64.5	2.69	52.3	1.0	0.081	-49.61
YPL071C_mRNA	137	458.5	54.11	40.0	7.64	46.47	1.0	0.1251	-38.84
YPL072W_mRNA	30	723.9	61.3	71.0	3.0	58.3	1.0	0.1047	-55.3
YPL074W_mRNA	86	672.6	44.55	16.0	2.44	42.1	1.0	0.0762	-39.66
YPL075W_mRNA	268	715.9	102.89	63.5	60.2	42.69	0.9925	0.1398	17.51
YPL076W_mRNA	82	543.1	55.24	67.5	7.79	47.45	1.0	0.1352	-39.66
YPL077C_mRNA	33	504.0	33.24	13.0	2.18	31.06	1.0	0.0729	-28.88
YPL078C_mRNA	1094	759.9	47.26	20.0	1.92	45.34	0.9945	0.0731	-43.43
YPL079W_mRNA	7772	553.4	44.09	17.0	2.91	41.18	0.9955	0.0833	-38.27
YPL080C_mRNA	18	196.0	45.39	44.0	1.5	43.89	1.0	0.203	-42.39
YPL081W_mRNA	614	554.6	45.3	12.0	7.74	37.56	0.9919	0.0885	-29.83
YPL082C_mRNA	125	853.6	50.65	22.0	5.91	44.74	0.992	0.1047	-38.82
YPL083C_mRNA	112	520.3	38.05	12.0	1.93	36.12	0.9732	0.0823	-34.2
YPL084W_mRNA	70	1012.7	57.63	22.0	15.09	42.54	0.9857	0.0681	-27.46
YPL085W_mRNA	94	603.7	57.15	52.5	3.01	54.14	1.0	0.1084	-51.13
YPL086C_mRNA	248	738.7	45.65	15.5	2.39	43.26	0.996	0.089	-40.88
YPL087W_mRNA	397	787.6	54.75	72.0	2.85	51.89	0.995	0.0896	-49.04
YPL088W_mRNA	279	631.7	48.95	16.0	2.64	46.31	0.9964	0.0881	-43.67
YPL089C_mRNA	298	636.5	56.22	74.0	3.96	52.26	1.0	0.114	-48.29
YPL090C_mRNA	7636	685.9	37.9	9.0	1.88	36.02	0.9937	0.0607	-34.14
YPL091W_mRNA	351	799.1	50.2	32.0	3.32	46.88	1.0	0.0855	-43.56
YPL092W_mRNA	129	601.4	53.02	57.0	3.09	49.92	1.0	0.1245	-46.83
YPL093W_mRNA	303	592.8	52.73	67.0	7.15	45.57	0.9934	0.1162	-38.42
YPL094C_mRNA	299	611.0	41.77	14.0	2.36	39.41	0.9933	0.0776	-37.06
YPL095C_mRNA	72	622.3	52.61	68.5	3.25	49.36	1.0	0.1025	-46.11
YPL096C-A_mRNA	45	393.0	51.13	61.0	0.67	50.47	1.0	0.1271	-49.8
YPL096W_mRNA	127	645.9	45.2	20.0	2.71	42.49	0.9843	0.085	-39.78
YPL097W_mRNA	45	764.6	40.13	21.0	1.82	38.31	1.0	0.0676	-36.49
YPL098C_mRNA	156	490.7	96.82	89.0	7.44	89.38	1.0	0.2132	-81.94
YPL099C_mRNA	193	522.5	54.42	20.0	2.45	51.97	0.9896	0.1156	-49.53
YPL100W_mRNA	56	794.6	61.16	76.0	5.71	55.45	1.0	0.095	-49.73
YPL101W_mRNA	90	656.8	43.1	20.5	1.2	41.9	0.9778	0.0928	-40.7
YPL103C_mRNA	88	564.0	42.15	17.5	2.89	39.26	1.0	0.0874	-36.38
YPL104W_mRNA	32	986.4	73.94	78.5	13.31	60.62	1.0	0.0859	-47.31
YPL105C_mRNA	319	518.8	64.34	55.0	26.84	37.5	0.9937	0.1998	-10.67
YPL106C_mRNA	2536	711.1	42.17	12.0	2.04	40.13	0.9886	0.0772	-38.09
YPL107W_mRNA	81	549.5	38.67	14.0	2.37	36.3	1.0	0.0768	-33.93
YPL108W_mRNA	26	578.8	130.58	72.0	8.85	121.73	1.0	0.2163	-112.88
YPL109C_mRNA	58	685.6	72.34	79.0	5.36	66.98	0.9828	0.1347	-61.62
YPL110C_mRNA	118	625.9	45.19	19.0	2.06	43.14	1.0	0.0871	-41.08
YPL111W_mRNA	145	723.4	49.34	46.0	2.53	46.81	0.9448	0.0843	-44.28
YPL112C_mRNA	166	489.3	56.4	71.5	1.85	54.55	1.0	0.1225	-52.7
YPL113C_mRNA	23	621.3	79.13	73.0	5.61	73.52	1.0	0.1685	-67.91
YPL114W_mRNA	13	959.7	84.46	89.0	11.77	72.69	1.0	0.1172	-60.92
YPL115C_mRNA	75	799.4	59.51	21.0	1.75	57.76	1.0	0.1126	-56.01
YPL116W_mRNA	40	786.3	52.38	34.5	8.32	44.05	1.0	0.1064	-35.72
YPL117C_mRNA	604	737.1	54.37	69.5	2.52	51.85	0.9785	0.0875	-49.33
YPL118W_mRNA	242	688.9	48.05	28.0	3.17	44.88	1.0	0.0852	-41.71
YPL119C-A_mRNA	10	516.2	36.2	16.0	1.9	34.3	1.0	0.0778	-32.4
YPL119C_mRNA	9	499.6	69.44	83.0	6.67	62.78	1.0	0.1386	-56.11
YPL120W_mRNA	59	681.6	54.17	68.0	1.17	53.0	1.0	0.117	-51.83
YPL122C_mRNA	84	668.2	45.32	13.0	2.07	43.25	0.9881	0.0853	-41.18
YPL123C_mRNA	163	827.2	52.55	37.0	5.21	47.34	1.0	0.0868	-42.12
YPL124W_mRNA	30	524.8	75.87	74.0	17.1	58.77	1.0	0.1642	-41.67
YPL125W_mRNA	221	855.5	47.92	23.0	3.24	44.68	0.991	0.083	-41.45
YPL126W_mRNA	319	751.2	57.26	50.0	4.45	52.81	0.9812	0.1116	-48.36
YPL127C_mRNA	150	717.2	49.41	27.5	3.78	45.63	1.0	0.0855	-41.85
YPL128C_mRNA	43	662.1	71.65	76.0	2.95	68.7	0.9767	0.1212	-65.74
YPL129W_mRNA	183	568.1	47.93	34.0	5.68	42.25	0.9945	0.1053	-36.57
YPL131W_mRNA	4796	755.8	45.24	17.0	2.18	43.06	0.9942	0.0729	-40.88
YPL132W_mRNA	69	662.1	70.62	42.0	7.55	63.07	1.0	0.1256	-55.52
YPL133C_mRNA	19	701.8	42.63	10.0	18.53	24.11	1.0	0.0695	-5.58
YPL134C_mRNA	62	658.0	47.05	25.0	1.71	45.34	1.0	0.0946	-43.63
YPL135W_mRNA	358	677.2	51.63	63.0	2.42	49.21	0.9916	0.0887	-46.79
YPL136W_mRNA	8	384.5	39.25	15.5	4.62	34.62	1.0	0.093	-30.0
YPL137C_mRNA	110	736.6	40.74	15.5	3.12	37.62	0.9909	0.0755	-34.5
YPL138C_mRNA	49	644.3	41.63	14.0	1.33	40.31	1.0	0.0866	-38.98
YPL139C_mRNA	93	683.2	47.14	14.0	2.91	44.23	0.957	0.0883	-41.31
YPL140C_mRNA	78	623.1	49.1	27.5	6.67	42.44	0.9872	0.1171	-35.77
YPL141C_mRNA	53	777.0	73.09	53.0	3.62	69.47	1.0	0.1091	-65.85
YPL142C_mRNA	13	292.3	78.0	92.0	2.31	75.69	0.8462	0.2297	-73.38
YPL143W_mRNA	8842	434.9	40.8	14.0	3.06	37.73	0.9762	0.091	-34.67
YPL144W_mRNA	130	533.2	89.05	77.0	3.57	85.48	1.0	0.1714	-81.92
YPL145C_mRNA	514	762.7	51.16	69.0	2.85	48.31	0.9961	0.0998	-45.46
YPL146C_mRNA	403	677.2	49.82	18.0	1.45	48.37	1.0	0.0923	-46.92
YPL147W_mRNA	52	617.5	40.42	24.0	2.62	37.81	1.0	0.0689	-35.19
YPL148C_mRNA	109	483.0	62.06	69.0	11.42	50.64	0.9817	0.1251	-39.22
YPL149W_mRNA	328	667.2	47.5	15.5	2.95	44.55	0.9726	0.0838	-41.59
YPL150W_mRNA	149	619.6	68.82	65.0	20.07	48.74	0.9933	0.1716	-28.67
YPL151C_mRNA	205	667.8	59.57	64.0	2.66	56.9	0.9902	0.1078	-54.24
YPL152W-A_mRNA	12	532.8	22.17	6.5	0.83	21.33	1.0	0.0427	-20.5
YPL152W_mRNA	73	642.9	60.29	17.0	16.25	44.04	0.9863	0.1163	-27.79
YPL153C_mRNA	49	758.2	59.27	65.0	18.98	40.29	1.0	0.1489	-21.31
YPL154C_mRNA	547	869.4	45.09	56.0	2.29	42.8	0.9909	0.0714	-40.51
YPL155C_mRNA	25	1044.3	57.48	33.0	2.0	55.48	1.0	0.0896	-53.48
YPL156C_mRNA	140	508.9	42.96	17.0	2.08	40.88	0.9929	0.0986	-38.8
YPL157W_mRNA	73	609.2	51.96	60.0	1.86	50.1	0.9726	0.1031	-48.23
YPL158C_mRNA	39	458.6	50.0	62.0	2.0	48.0	0.9744	0.1481	-46.0
YPL159C_mRNA	66	547.4	64.88	73.5	16.8	48.08	1.0	0.1576	-31.27
YPL160W_mRNA	1744	858.4	53.34	32.0	3.3	50.04	0.9914	0.0865	-46.73
YPL161C_mRNA	66	552.7	49.56	20.5	9.35	40.21	1.0	0.1104	-30.86
YPL162C_mRNA	55	827.4	92.58	78.0	9.87	82.71	0.9636	0.1416	-72.84
YPL163C_mRNA	660	555.1	54.07	69.0	3.56	50.51	0.9848	0.1156	-46.94
YPL164C_mRNA	19	802.8	41.47	15.0	3.0	38.47	1.0	0.0931	-35.47
YPL165C_mRNA	51	586.9	59.24	74.0	1.94	57.29	1.0	0.1375	-55.35
YPL166W_mRNA	28	821.3	61.14	77.5	3.21	57.93	1.0	0.0965	-54.71
YPL167C_mRNA	65	735.0	41.83	17.0	1.42	40.42	1.0	0.0698	-39.0
YPL168W_mRNA	115	683.6	50.23	19.0	3.57	46.66	0.9826	0.0868	-43.09
YPL169C_mRNA	153	695.2	47.58	24.0	3.56	44.02	0.9869	0.0984	-40.46
YPL170W_mRNA	1028	536.2	49.61	33.0	2.61	47.0	0.9981	0.095	-44.38
YPL171C_mRNA	73	450.8	49.56	69.0	4.93	44.63	0.9863	0.1266	-39.7
YPL172C_mRNA	96	611.3	54.98	66.5	2.23	52.75	0.9896	0.1167	-50.52
YPL173W_mRNA	82	647.0	41.22	12.5	1.74	39.48	0.9878	0.085	-37.73
YPL174C_mRNA	52	787.8	54.85	36.0	6.33	48.52	1.0	0.0802	-42.19
YPL175W_mRNA	115	634.9	48.9	11.0	8.5	40.4	1.0	0.0877	-31.9
YPL176C_mRNA	241	807.9	54.21	69.0	5.16	49.05	0.9917	0.0953	-43.89
YPL177C_mRNA	128	789.4	50.71	60.5	3.27	47.45	1.0	0.0818	-44.18
YPL178W_mRNA	392	623.2	42.32	19.0	3.05	39.27	0.9821	0.074	-36.21
YPL179W_mRNA	158	791.3	47.89	22.0	2.27	45.62	1.0	0.0803	-43.35
YPL180W_mRNA	66	674.3	56.74	70.5	2.86	53.88	0.9697	0.1313	-51.02
YPL181W_mRNA	118	601.8	43.82	14.0	1.66	42.16	0.9915	0.0936	-40.5
YPL183C_mRNA	116	791.7	45.76	34.0	2.21	43.55	0.9914	0.0849	-41.34
YPL183W-A_mRNA	162	431.6	56.93	26.5	9.53	47.4	0.9877	0.1222	-37.87
YPL184C_mRNA	214	746.7	51.3	66.0	3.12	48.18	0.9953	0.1012	-45.07
YPL185W_mRNA	16	272.6	57.75	45.0	7.31	50.44	1.0	0.2251	-43.12
YPL186C_mRNA	34	467.4	63.68	70.5	1.97	61.71	1.0	0.15	-59.74
YPL187W_mRNA	2667	626.2	58.01	72.0	2.68	55.33	0.9963	0.0979	-52.65
YPL188W_mRNA	178	581.1	42.83	18.0	1.65	41.18	1.0	0.0981	-39.53
YPL189C-A_mRNA	338	488.2	48.04	24.0	2.54	45.49	0.9941	0.0973	-42.95
YPL189W_mRNA	59	427.4	41.69	13.0	4.32	37.37	0.9831	0.1145	-33.05
YPL190C_mRNA	121	888.2	54.38	69.0	2.24	52.14	1.0	0.0918	-49.9
YPL191C_mRNA	52	914.2	51.58	66.0	3.35	48.23	0.9615	0.089	-44.88
YPL192C_mRNA	44	433.4	52.05	74.0	3.8	48.25	1.0	0.1308	-44.45
YPL193W_mRNA	102	694.1	53.01	66.0	1.21	51.8	0.9902	0.0912	-50.6
YPL194W_mRNA	9	597.2	46.0	10.0	12.22	33.78	1.0	0.0769	-21.56
YPL195W_mRNA	160	691.0	60.51	71.5	1.49	59.02	0.9812	0.1251	-57.52
YPL196W_mRNA	157	509.1	43.96	18.0	5.06	38.9	0.9873	0.1014	-33.85
YPL197C_mRNA	6	273.2	43.17	3.0	0.5	42.67	0.6667	0.1173	-42.17
YPL198W_mRNA	982	550.9	51.82	15.0	11.93	39.89	0.9837	0.1027	-27.96
YPL199C_mRNA	133	629.3	53.91	23.0	9.83	44.08	0.9774	0.0857	-34.24
YPL201C_mRNA	15	535.2	126.87	49.0	94.67	32.2	1.0	0.2153	62.47
YPL202C_mRNA	70	781.2	72.24	74.5	1.83	70.41	0.9857	0.1247	-68.59
YPL203W_mRNA	112	801.1	47.74	44.5	3.71	44.03	0.9911	0.0876	-40.31
YPL204W_mRNA	226	792.1	52.92	67.0	3.42	49.5	0.9823	0.099	-46.08
YPL205C_mRNA	6	379.8	206.17	221.5	7.17	199.0	1.0	0.5171	-191.83
YPL206C_mRNA	162	719.4	56.3	71.0	3.38	52.91	0.9691	0.0942	-49.53
YPL207W_mRNA	294	748.4	48.03	23.0	1.82	46.21	0.9898	0.0863	-44.39
YPL208W_mRNA	98	785.1	52.13	68.0	4.7	47.43	0.9694	0.0958	-42.72
YPL209C_mRNA	17	562.1	44.82	17.0	0.94	43.88	1.0	0.0789	-42.94
YPL210C_mRNA	494	918.4	45.08	14.0	2.53	42.55	0.9919	0.0698	-40.02
YPL211W_mRNA	1339	611.7	46.04	24.0	3.08	42.96	0.9866	0.0793	-39.88
YPL212C_mRNA	157	707.7	40.66	15.0	1.82	38.85	0.9936	0.0795	-37.03
YPL213W_mRNA	59	416.2	38.51	13.0	1.15	37.36	1.0	0.1055	-36.2
YPL214C_mRNA	86	898.0	56.24	74.5	1.6	54.64	0.9884	0.1036	-53.03
YPL215W_mRNA	115	687.4	50.22	28.0	5.51	44.7	0.9826	0.0926	-39.19
YPL216W_mRNA	74	696.1	75.15	77.0	8.34	66.81	1.0	0.1359	-58.47
YPL217C_mRNA	96	563.8	68.77	43.0	11.33	57.44	1.0	0.1493	-46.1
YPL218W_mRNA	1156	561.0	46.15	22.5	3.94	42.21	0.9654	0.0868	-38.26
YPL219W_mRNA	27	550.5	80.56	77.0	27.93	52.63	1.0	0.1924	-24.7
YPL220W_mRNA	8187	620.7	48.25	62.0	2.28	45.97	0.9949	0.0871	-43.69
YPL221W_mRNA	208	773.5	46.36	24.5	1.93	44.43	1.0	0.0931	-42.5
YPL222C-A_mRNA	5	320.8	57.0	70.0	4.4	52.6	1.0	0.1618	-48.2
YPL222W_mRNA	31	750.2	112.39	84.0	29.16	83.23	1.0	0.2083	-54.06
YPL223C_mRNA	28	452.3	96.54	77.0	41.68	54.86	1.0	0.2519	-13.18
YPL224C_mRNA	183	742.7	49.47	26.0	3.12	46.35	1.0	0.0847	-43.23
YPL225W_mRNA	1730	526.1	41.61	13.5	2.57	39.04	0.9867	0.0801	-36.47
YPL226W_mRNA	602	701.8	47.69	38.0	4.74	42.94	0.9668	0.0945	-38.2
YPL227C_mRNA	201	696.8	48.49	30.0	2.58	45.91	1.0	0.0823	-43.33
YPL228W_mRNA	101	648.7	55.52	73.0	2.1	53.43	0.9802	0.1259	-51.33
YPL229W_mRNA	66	543.4	50.64	64.0	4.38	46.26	1.0	0.1021	-41.88
YPL230W_mRNA	67	594.2	65.15	76.0	2.25	62.9	1.0	0.1242	-60.64
YPL231W_mRNA	1343	978.7	52.2	65.0	2.92	49.29	0.9955	0.086	-46.37
YPL232W_mRNA	122	612.1	55.67	53.0	2.26	53.41	1.0	0.1155	-51.15
YPL233W_mRNA	23	605.8	112.96	86.0	51.61	61.35	1.0	0.2145	-9.74
YPL234C_mRNA	641	534.3	57.17	72.0	2.51	54.67	0.9922	0.1134	-52.16
YPL235W_mRNA	442	818.5	53.76	69.0	3.74	50.02	0.9932	0.0801	-46.28
YPL236C_mRNA	713	465.9	41.24	11.0	4.26	36.98	0.9677	0.0932	-32.73
YPL237W_mRNA	1655	744.3	40.14	11.0	2.01	38.13	0.977	0.058	-36.13
YPL239W_mRNA	608	595.7	50.96	27.0	2.72	48.24	0.9918	0.1015	-45.52
YPL240C_mRNA	2083	881.7	46.47	21.0	2.85	43.62	0.9822	0.0732	-40.77
YPL241C_mRNA	48	670.2	70.21	69.0	15.58	54.62	0.9792	0.1307	-39.04
YPL242C_mRNA	76	703.8	58.13	75.0	3.46	54.67	1.0	0.101	-51.21
YPL243W_mRNA	530	710.9	47.39	21.0	3.05	44.34	0.9868	0.0887	-41.29
YPL244C_mRNA	171	722.2	73.21	81.0	2.8	70.41	0.9883	0.1147	-67.61
YPL245W_mRNA	134	716.3	46.94	21.0	3.77	43.17	1.0	0.0959	-39.4
YPL246C_mRNA	224	613.4	54.31	70.0	5.67	48.64	0.9866	0.1044	-42.96
YPL247C_mRNA	80	930.0	57.34	67.5	3.38	53.96	1.0	0.0861	-50.59
YPL248C_mRNA	43	741.3	59.98	68.0	6.16	53.81	1.0	0.1165	-47.65
YPL249C-A_mRNA	6090	416.9	39.57	11.0	2.44	37.13	0.9929	0.0965	-34.69
YPL249C_mRNA	41	736.3	52.88	71.0	2.27	50.61	0.9756	0.115	-48.34
YPL250C_mRNA	981	504.5	59.17	73.0	2.72	56.45	0.9969	0.1291	-53.72
YPL252C_mRNA	64	527.6	40.91	18.0	4.66	36.25	0.9844	0.0845	-31.59
YPL253C_mRNA	46	616.3	55.48	56.5	4.33	51.15	1.0	0.1279	-46.83
YPL254W_mRNA	83	650.1	48.08	15.0	4.63	43.46	1.0	0.0957	-38.83
YPL255W_mRNA	57	568.3	44.23	21.0	1.39	42.84	1.0	0.0964	-41.46
YPL256C_mRNA	203	577.8	55.83	68.0	5.59	50.25	0.9852	0.1244	-44.66
YPL257W-B_mRNA	2036	1341.8	305.79	332.0	3.46	302.32	0.9936	0.2359	-298.86
YPL257W_mRNA	79	662.8	99.78	86.0	34.67	65.11	1.0	0.1907	-30.44
YPL258C_mRNA	57	634.7	153.02	90.0	95.23	57.79	1.0	0.3048	37.44
YPL259C_mRNA	101	839.9	50.27	30.0	3.27	47.0	0.9901	0.0821	-43.73
YPL260W_mRNA	359	809.0	54.98	71.0	3.42	51.56	0.9889	0.088	-48.14
YPL262W_mRNA	307	787.9	53.32	70.0	4.45	48.87	0.9967	0.0939	-44.43
YPL263C_mRNA	85	455.5	40.01	13.0	2.81	37.2	0.9882	0.0971	-34.39
YPL264C_mRNA	61	669.2	57.07	73.0	3.57	53.49	0.9508	0.1071	-49.92
YPL265W_mRNA	277	753.0	47.99	22.0	3.85	44.14	0.9675	0.0841	-40.29
YPL266W_mRNA	318	654.6	46.86	13.0	9.95	36.91	0.9748	0.0839	-26.95
YPL267W_mRNA	46	616.0	39.5	14.0	3.41	36.09	1.0	0.0601	-32.67
YPL268W_mRNA	96	787.7	44.85	22.5	2.2	42.66	1.0	0.0846	-40.46
YPL269W_mRNA	33	556.3	49.58	68.0	3.09	46.48	1.0	0.1129	-43.39
YPL270W_mRNA	109	660.4	44.77	13.0	4.25	40.52	0.9817	0.098	-36.28
YPL271W_mRNA	1182	347.7	63.03	71.0	2.7	60.33	0.9992	0.1726	-57.64
YPL272C_mRNA	18	462.7	87.17	46.5	1.22	85.94	1.0	0.1444	-84.72
YPL273W_mRNA	1935	842.5	51.98	58.0	3.16	48.82	0.9804	0.0706	-45.66
YPL274W_mRNA	373	793.4	46.97	21.0	2.94	44.03	0.9946	0.0852	-41.09
YPL277C_mRNA	20	910.8	33.65	16.0	1.4	32.25	1.0	0.0484	-30.85
YPL279C_mRNA	18	642.3	59.39	78.0	3.5	55.89	1.0	0.1252	-52.39
YPL280W_mRNA	20	568.3	126.95	98.0	2.7	124.25	1.0	0.2383	-121.55
YPL283C_mRNA	60	588.6	45.72	17.0	2.8	42.92	1.0	0.0993	-40.12
YPR001W_mRNA	40	576.4	66.47	66.0	2.25	64.22	1.0	0.1232	-61.98
YPR002C-A_mRNA	1747	425.9	156.05	147.0	94.39	61.66	0.9983	0.3329	32.72
YPR002W_mRNA	74	393.2	103.15	105.5	70.27	32.88	0.9459	0.3942	37.39
YPR003C_mRNA	108	685.2	60.12	72.0	2.74	57.38	0.9907	0.1099	-54.64
YPR004C_mRNA	319	774.7	54.71	65.0	2.87	51.84	0.9937	0.0849	-48.97
YPR005C_mRNA	56	612.1	100.88	83.5	53.86	47.02	0.9821	0.1999	6.84
YPR006C_mRNA	159	648.9	60.58	44.0	1.99	58.59	0.9874	0.0948	-56.6
YPR007C_mRNA	17	681.6	40.94	23.0	4.41	36.53	0.9412	0.0627	-32.12
YPR008W_mRNA	101	981.3	63.63	72.0	15.52	48.11	1.0	0.1137	-32.58
YPR009W_mRNA	130	532.2	59.25	67.0	1.6	57.65	1.0	0.1204	-56.05
YPR010C-A_mRNA	1038	417.3	59.12	66.0	7.59	51.54	0.9961	0.1375	-43.95
YPR010C_mRNA	842	796.1	43.88	18.0	2.09	41.78	0.9834	0.0792	-39.69
YPR011C_mRNA	58	666.8	80.47	76.0	2.43	78.03	1.0	0.1322	-75.6
YPR012W_mRNA	9	312.4	109.11	108.0	16.89	92.22	1.0	0.3395	-75.33
YPR013C_mRNA	53	643.9	90.34	74.0	3.3	87.04	1.0	0.1506	-83.74
YPR014C_mRNA	8	1394.5	1076.5	997.0	580.0	496.5	1.0	0.7626	83.5
YPR015C_mRNA	48	413.2	64.19	78.0	2.38	61.81	1.0	0.1793	-59.44
YPR016C_mRNA	295	687.6	51.08	32.0	3.58	47.5	0.9932	0.0894	-43.93
YPR017C_mRNA	101	542.8	48.85	23.0	2.41	46.45	0.9901	0.0929	-44.04
YPR018W_mRNA	55	492.6	33.09	8.0	2.64	30.45	0.9818	0.0839	-27.82
YPR019W_mRNA	78	706.5	72.15	78.5	5.49	66.67	0.9872	0.1366	-61.18
YPR020W_mRNA	1124	486.1	48.06	22.0	2.17	45.89	0.9982	0.097	-43.71
YPR021C_mRNA	73	763.7	58.74	26.0	3.99	54.75	0.9863	0.1022	-50.77
YPR022C_mRNA	134	831.3	71.08	73.5	2.72	68.36	0.9925	0.1203	-65.63
YPR023C_mRNA	220	645.3	48.78	33.5	3.38	45.4	0.9818	0.094	-42.02
YPR024W_mRNA	214	768.5	58.33	67.5	6.22	52.11	1.0	0.1066	-45.89
YPR025C_mRNA	112	619.0	41.37	10.0	4.67	36.7	0.9732	0.0821	-32.03
YPR026W_mRNA	33	856.5	90.85	64.0	25.79	65.06	1.0	0.1121	-39.27
YPR027C_mRNA	41	654.3	227.63	196.0	68.61	159.02	1.0	0.3658	-90.41
YPR028W_mRNA	2483	616.1	50.98	64.0	3.68	47.31	0.9948	0.0876	-43.63
YPR029C_mRNA	186	677.8	54.65	65.5	8.78	45.87	1.0	0.1163	-37.09
YPR030W_mRNA	46	567.0	57.2	72.0	2.02	55.17	1.0	0.1357	-53.15
YPR031W_mRNA	21	787.6	54.05	28.0	4.67	49.38	0.9524	0.0879	-44.71
YPR032W_mRNA	31	817.0	44.16	16.0	2.94	41.23	0.9677	0.0867	-38.29
YPR033C_mRNA	824	725.0	53.3	70.0	2.44	50.86	0.9879	0.0972	-48.42
YPR034W_mRNA	69	663.3	47.77	20.0	7.14	40.62	1.0	0.1033	-33.48
YPR035W_mRNA	2063	819.7	50.41	62.0	3.74	46.67	0.9767	0.0877	-42.92
YPR036W-A_mRNA	2067	460.5	55.51	71.0	5.39	50.12	0.9826	0.1251	-44.73
YPR036W_mRNA	688	805.8	39.17	10.0	1.99	37.18	0.9913	0.069	-35.19
YPR037C_mRNA	99	558.2	72.61	63.0	5.86	66.75	1.0	0.1521	-60.89
YPR040W_mRNA	48	531.9	44.71	13.5	1.81	42.9	1.0	0.0903	-41.08
YPR041W_mRNA	814	708.9	44.85	14.0	2.61	42.24	0.9779	0.0801	-39.64
YPR042C_mRNA	23	698.9	71.65	59.0	1.3	70.35	1.0	0.191	-69.04
YPR043W_mRNA	6820	379.0	42.34	14.0	2.03	40.31	0.9848	0.1056	-38.28
YPR044C_mRNA	13	456.4	181.46	136.0	100.92	80.54	1.0	0.3195	20.38
YPR045C_mRNA	105	702.1	63.41	29.0	12.72	50.69	0.981	0.1004	-37.96
YPR046W_mRNA	95	561.5	39.28	12.0	3.06	36.22	0.9789	0.0713	-33.16
YPR047W_mRNA	89	654.1	52.28	16.0	3.39	48.89	1.0	0.0996	-45.49
YPR048W_mRNA	140	678.3	39.7	13.0	1.82	37.88	0.9857	0.0674	-36.06
YPR049C_mRNA	34	712.6	50.62	64.0	1.94	48.68	1.0	0.0854	-46.74
YPR051W_mRNA	226	534.7	41.57	14.0	2.79	38.78	0.9912	0.0819	-35.99
YPR052C_mRNA	169	436.7	36.45	11.0	2.57	33.88	0.9941	0.083	-31.3
YPR053C_mRNA	153	448.5	35.12	10.0	1.59	33.53	1.0	0.0765	-31.93
YPR054W_mRNA	10	963.1	77.9	97.0	2.2	75.7	1.0	0.0988	-73.5
YPR055W_mRNA	124	860.1	51.67	32.5	4.96	46.71	0.9919	0.0806	-41.75
YPR056W_mRNA	166	878.1	54.69	68.5	5.5	49.19	1.0	0.0778	-43.69
YPR057W_mRNA	82	512.4	39.66	14.5	2.12	37.54	1.0	0.0927	-35.41
YPR058W_mRNA	247	649.2	48.89	64.0	2.75	46.14	0.996	0.09	-43.38
YPR060C_mRNA	336	595.0	42.28	11.0	4.5	37.78	0.994	0.0819	-33.28
YPR061C_mRNA	26	530.7	52.27	42.5	5.73	46.54	1.0	0.116	-40.81
YPR062W_mRNA	858	528.8	41.18	13.0	1.79	39.39	0.9942	0.0788	-37.6
YPR063C_mRNA	303	581.3	51.3	63.0	3.61	47.69	0.9802	0.0919	-44.07
YPR065W_mRNA	113	680.5	65.67	75.0	18.75	46.92	0.9823	0.1534	-28.17
YPR066W_mRNA	35	532.3	155.57	164.0	1.86	153.71	0.9714	0.2829	-151.86
YPR067W_mRNA	76	476.2	50.89	51.0	2.08	48.82	1.0	0.1266	-46.74
YPR068C_mRNA	47	659.2	65.17	66.0	10.09	55.09	1.0	0.1447	-45.0
YPR069C_mRNA	1185	664.5	56.61	58.0	3.17	53.44	0.9958	0.1025	-50.28
YPR070W_mRNA	93	849.6	55.4	67.0	3.82	51.58	0.9892	0.0829	-47.76
YPR071W_mRNA	49	658.8	44.59	24.0	3.1	41.49	1.0	0.0831	-38.39
YPR072W_mRNA	179	740.2	51.01	23.0	6.25	44.77	0.9832	0.0916	-38.52
YPR073C_mRNA	603	643.2	52.24	41.0	6.23	46.01	0.9983	0.0832	-39.78
YPR074C_mRNA	2248	760.9	44.26	16.0	2.88	41.37	0.9778	0.0823	-38.49
YPR075C_mRNA	37	675.2	76.89	25.0	33.0	43.89	0.973	0.1575	-10.89
YPR077C_mRNA	26	331.7	158.88	142.0	9.12	149.77	1.0	0.481	-140.65
YPR078C_mRNA	22	599.0	190.82	175.5	1.95	188.86	1.0	0.3312	-186.91
YPR079W_mRNA	54	581.2	40.98	14.5	2.54	38.44	1.0	0.0829	-35.91
YPR080W_mRNA	14226	789.0	50.27	21.0	2.72	47.55	0.9538	0.0778	-44.83
YPR081C_mRNA	80	458.3	59.94	24.5	1.7	58.24	0.975	0.1643	-56.54
YPR082C_mRNA	130	490.6	47.65	54.5	3.95	43.71	1.0	0.1018	-39.76
YPR083W_mRNA	67	753.1	80.22	79.0	19.78	60.45	1.0	0.1695	-40.67
YPR084W_mRNA	68	682.6	57.91	14.5	16.22	41.69	1.0	0.0849	-25.47
YPR085C_mRNA	93	624.5	51.6	21.0	4.78	46.82	1.0	0.1034	-42.03
YPR086W_mRNA	299	768.2	44.61	16.0	2.26	42.35	0.99	0.0715	-40.09
YPR087W_mRNA	20	276.4	52.6	75.0	2.35	50.25	1.0	0.1934	-47.9
YPR088C_mRNA	214	815.1	46.41	16.5	2.89	43.52	0.9673	0.0789	-40.63
YPR089W_mRNA	73	664.9	50.08	36.0	3.6	46.48	0.9726	0.0891	-42.88
YPR091C_mRNA	98	516.7	45.85	29.5	5.2	40.64	1.0	0.1212	-35.44
YPR092W_mRNA	87	204.6	47.06	63.0	3.91	43.15	0.9885	0.2189	-39.24
YPR093C_mRNA	202	295.9	39.25	12.0	3.04	36.2	0.9653	0.1528	-33.16
YPR094W_mRNA	312	410.8	50.03	35.5	1.93	48.1	0.9936	0.1172	-46.18
YPR095C_mRNA	21	649.0	46.95	23.0	1.62	45.33	0.9524	0.1072	-43.71
YPR097W_mRNA	152	775.7	50.84	45.0	1.74	49.09	0.9934	0.0876	-47.35
YPR098C_mRNA	242	481.7	53.79	68.0	7.2	46.59	0.9959	0.1133	-39.39
YPR099C_mRNA	7	529.3	96.29	8.0	8.71	87.57	1.0	0.1641	-78.86
YPR100W_mRNA	241	442.0	38.9	10.0	3.9	34.99	1.0	0.0922	-31.09
YPR101W_mRNA	197	555.2	42.52	17.0	2.27	40.25	0.9797	0.0902	-37.97
YPR102C_mRNA	11165	557.9	43.16	14.0	2.1	41.07	0.9958	0.0807	-38.97
YPR103W_mRNA	906	770.9	46.36	21.0	3.14	43.22	0.9901	0.0701	-40.07
YPR104C_mRNA	47	553.7	46.36	26.0	1.09	45.28	1.0	0.0939	-44.19
YPR105C_mRNA	146	834.6	46.96	18.0	3.02	43.94	0.9932	0.0759	-40.92
YPR106W_mRNA	43	639.8	52.93	73.0	2.51	50.42	0.9767	0.12	-47.91
YPR107C_mRNA	139	556.1	39.75	15.0	1.96	37.78	0.9928	0.0776	-35.82
YPR108W-A_mRNA	10	150.3	65.0	67.0	0.6	64.4	1.0	0.3656	-63.8
YPR108W_mRNA	831	921.1	48.37	24.0	2.74	45.63	0.9856	0.0637	-42.89
YPR109W_mRNA	203	673.2	54.69	64.0	3.5	51.2	0.9951	0.0971	-47.7
YPR110C_mRNA	769	557.1	38.12	11.0	1.95	36.17	0.9857	0.0798	-34.22
YPR111W_mRNA	76	720.8	54.71	48.0	5.21	49.5	0.9737	0.093	-44.29
YPR112C_mRNA	71	754.3	42.06	14.0	3.25	38.8	0.9859	0.0855	-35.55
YPR113W_mRNA	733	669.3	43.04	15.0	3.1	39.94	0.985	0.0692	-36.84
YPR114W_mRNA	357	592.7	64.8	71.0	9.33	55.46	0.9888	0.1277	-46.13
YPR115W_mRNA	134	824.8	40.82	15.5	2.66	38.16	0.9851	0.0796	-35.51
YPR116W_mRNA	25	828.4	47.36	31.0	3.44	43.92	1.0	0.0643	-40.48
YPR117W_mRNA	121	643.9	49.31	54.0	2.65	46.65	0.9917	0.1031	-44.0
YPR118W_mRNA	668	793.3	56.96	71.0	7.28	49.67	0.9865	0.1033	-42.39
YPR119W_mRNA	102	679.0	58.61	73.0	2.8	55.8	1.0	0.1059	-53.0
YPR120C_mRNA	99	492.2	58.3	73.0	6.36	51.94	1.0	0.1277	-45.58
YPR121W_mRNA	23	563.9	172.61	47.0	142.65	29.96	1.0	0.2895	112.7
YPR122W_mRNA	84	592.1	42.02	15.0	3.81	38.21	1.0	0.1046	-34.4
YPR124W_mRNA	345	688.1	45.33	14.0	3.46	41.87	0.9942	0.0857	-38.41
YPR125W_mRNA	118	630.3	57.64	33.0	12.49	45.15	0.9831	0.1252	-32.66
YPR127W_mRNA	107	662.4	55.23	73.0	2.47	52.77	0.9907	0.0939	-50.3
YPR128C_mRNA	107	649.7	53.3	68.0	4.26	49.04	1.0	0.106	-44.78
YPR129W_mRNA	135	758.3	47.85	24.0	1.64	46.21	0.9926	0.0792	-44.56
YPR130C_mRNA	143	428.3	36.09	10.0	1.99	34.1	1.0	0.096	-32.1
YPR131C_mRNA	56	601.7	45.64	17.5	1.16	44.48	0.9821	0.0882	-43.32
YPR132W_mRNA	14441	515.7	40.83	14.0	2.0	38.83	0.981	0.0782	-36.84
YPR133C_mRNA	300	683.6	42.95	14.0	2.24	40.71	1.0	0.075	-38.47
YPR133W-A_mRNA	441	351.4	48.87	26.0	1.12	47.74	1.0	0.1315	-46.62
YPR134W_mRNA	96	674.4	70.61	72.0	7.97	62.65	0.9896	0.1157	-54.68
YPR135W_mRNA	42	575.2	50.67	68.5	1.48	49.19	1.0	0.1171	-47.71
YPR137C-A_mRNA	15	677.9	158.2	160.0	13.6	144.6	1.0	0.2624	-131.0
YPR137C-B_mRNA	1084	1905.7	274.23	321.0	6.29	267.94	0.9889	0.1494	-261.65
YPR137W_mRNA	165	625.9	47.15	16.0	4.33	42.82	0.9758	0.0982	-38.48
YPR138C_mRNA	161	634.7	123.73	88.0	63.53	60.19	0.9876	0.2573	3.34
YPR139C_mRNA	199	619.4	58.41	23.0	24.03	34.38	0.995	0.1322	-10.35
YPR140W_mRNA	81	649.5	43.12	15.0	3.53	39.59	0.9753	0.0822	-36.06
YPR141C_mRNA	43	624.4	48.77	39.0	3.74	45.02	0.9535	0.0968	-41.28
YPR143W_mRNA	290	550.1	44.59	18.5	1.76	42.83	0.969	0.0891	-41.07
YPR144C_mRNA	132	758.2	50.58	22.0	2.33	48.25	0.9848	0.096	-45.92
YPR145C-A_mRNA	155	504.2	69.84	65.0	2.69	67.15	1.0	0.1397	-64.46
YPR145W_mRNA	3124	594.8	40.76	14.0	2.41	38.35	0.9763	0.0942	-35.94
YPR146C_mRNA	103	729.4	44.77	18.0	3.14	41.63	1.0	0.0728	-38.5
YPR147C_mRNA	89	667.2	43.89	18.0	2.4	41.48	0.9888	0.0839	-39.08
YPR148C_mRNA	239	544.2	47.17	22.0	2.79	44.38	0.9874	0.1119	-41.6
YPR149W_mRNA	876	705.7	57.3	72.0	3.06	54.25	0.9943	0.0956	-51.19
YPR151C_mRNA	45	423.9	39.56	12.0	2.71	36.84	1.0	0.0974	-34.13
YPR152C_mRNA	27	489.6	65.56	27.0	18.37	47.19	1.0	0.1281	-28.81
YPR153W_mRNA	29	626.2	137.69	122.0	4.97	132.72	1.0	0.2497	-127.76
YPR154W_mRNA	580	565.5	50.25	62.5	3.83	46.42	0.9948	0.1082	-42.6
YPR155C_mRNA	62	693.8	40.21	17.0	2.48	37.73	0.9839	0.0834	-35.24
YPR156C_mRNA	213	754.3	65.4	75.0	6.73	58.67	0.9953	0.1222	-51.94
YPR157W_mRNA	89	490.1	124.96	93.0	80.28	44.67	1.0	0.3369	35.61
YPR158C-D_mRNA	405	672.6	279.73	326.0	4.08	275.66	0.9926	0.4013	-271.58
YPR158W-A_mRNA	8	593.8	152.88	158.0	6.0	146.88	1.0	0.2815	-140.88
YPR158W-B_mRNA	1453	1186.9	324.91	338.0	2.7	322.21	0.9952	0.3114	-319.5
YPR158W_mRNA	648	585.9	59.44	59.0	15.39	44.05	0.9522	0.1187	-28.66
YPR159W_mRNA	361	764.8	57.85	70.0	5.57	52.28	0.9972	0.1071	-46.71
YPR160C-A_mRNA	7	436.4	44.43	17.0	1.14	43.29	0.8571	0.1484	-42.14
YPR160W_mRNA	217	774.8	68.41	75.0	12.52	55.89	1.0	0.121	-43.37
YPR161C_mRNA	105	632.8	60.82	38.0	5.62	55.2	0.9905	0.1215	-49.58
YPR162C_mRNA	64	672.5	55.8	51.0	6.53	49.27	1.0	0.107	-42.73
YPR163C_mRNA	439	606.7	43.14	15.0	3.08	40.06	0.9658	0.0871	-36.97
YPR164W_mRNA	43	899.4	61.16	67.0	2.33	58.84	0.9535	0.0834	-56.51
YPR165W_mRNA	1128	658.8	55.35	61.0	2.52	52.82	0.9938	0.1009	-50.3
YPR166C_mRNA	509	443.3	49.54	25.0	2.06	47.49	0.9961	0.1086	-45.43
YPR167C_mRNA	126	593.4	38.11	11.0	2.28	35.83	0.9921	0.0685	-33.56
YPR168W_mRNA	39	976.4	91.51	83.0	1.79	89.72	1.0	0.1196	-87.92
YPR169W_mRNA	157	676.5	36.64	12.0	1.59	35.06	1.0	0.071	-33.47
YPR170C_mRNA	25	566.2	175.72	106.0	65.16	110.56	1.0	0.2776	-45.4
YPR170W-A_mRNA	95	304.2	52.98	69.0	3.74	49.24	1.0	0.1699	-45.51
YPR170W-B_mRNA	1567	481.8	59.38	75.0	3.82	55.57	0.9974	0.12	-51.75
YPR171W_mRNA	83	666.7	60.24	76.0	2.04	58.2	1.0	0.1235	-56.17
YPR172W_mRNA	45	471.3	58.24	70.0	1.24	57.0	1.0	0.1394	-55.76
YPR173C_mRNA	225	630.3	50.36	20.0	8.42	41.94	0.9778	0.095	-33.52
YPR174C_mRNA	23	643.5	50.91	65.0	1.7	49.22	0.9565	0.0834	-47.52
YPR175W_mRNA	177	796.9	63.94	71.0	3.41	60.53	0.9887	0.1074	-57.11
YPR176C_mRNA	182	740.0	53.91	67.5	5.98	47.93	0.989	0.0986	-41.96
YPR178W_mRNA	33	840.6	50.18	16.0	2.15	48.03	0.9697	0.0693	-45.88
YPR179C_mRNA	72	464.1	46.4	16.5	2.99	43.42	0.9861	0.1165	-40.43
YPR180W_mRNA	155	713.2	68.06	76.0	2.24	65.82	1.0	0.1241	-63.58
YPR181C_mRNA	405	817.8	69.89	76.0	3.06	66.83	0.9975	0.119	-63.78
YPR182W_mRNA	123	394.4	51.4	66.0	2.57	48.83	1.0	0.1267	-46.26
YPR183W_mRNA	616	650.5	51.28	56.5	3.94	47.35	0.9951	0.0965	-43.41
YPR184W_mRNA	34	715.0	76.88	82.5	21.38	55.5	1.0	0.1803	-34.12
YPR185W_mRNA	95	780.6	56.72	73.0	2.95	53.77	0.9895	0.0966	-50.82
YPR186C_mRNA	52	629.2	40.65	11.0	1.29	39.37	1.0	0.103	-38.08
YPR187W_mRNA	1922	537.8	37.21	10.0	2.45	34.76	0.9703	0.0704	-32.31
YPR188C_mRNA	178	516.6	44.46	14.5	1.22	43.24	0.9831	0.0907	-42.02
YPR189W_mRNA	223	752.7	53.82	59.0	1.9	51.92	0.991	0.0992	-50.02
YPR190C_mRNA	183	729.0	43.37	12.0	2.05	41.32	0.9945	0.0839	-39.27
YPR191W_mRNA	382	721.0	54.9	69.5	2.37	52.53	0.9974	0.1042	-50.16
YPR192W_mRNA	13	1015.1	495.62	619.0	53.38	442.23	1.0	0.4864	-388.85
YPR193C_mRNA	15	467.5	117.87	97.0	23.2	94.67	1.0	0.2517	-71.47
YPR194C_mRNA	72	847.3	106.17	71.0	31.51	74.65	1.0	0.1796	-43.14
YPR195C_mRNA	43	798.0	543.16	560.0	20.0	523.16	1.0	0.6465	-503.16
YPR196W_mRNA	36	612.6	152.42	79.0	92.61	59.81	1.0	0.1989	32.81
YPR197C_mRNA	8	413.0	198.88	206.5	0.88	198.0	1.0	0.5161	-197.12
YPR198W_mRNA	181	866.4	57.02	74.0	3.75	53.27	1.0	0.0912	-49.51
YPR199C_mRNA	96	654.4	109.0	74.5	60.52	48.48	1.0	0.1841	12.04
YPR200C_mRNA	48	393.9	44.4	23.0	1.75	42.65	1.0	0.1227	-40.9
YPR201W_mRNA	9	829.3	391.0	333.0	0.67	390.33	1.0	0.3279	-389.67
YPR204W_mRNA	42	562.0	39.9	14.0	2.9	37.0	1.0	0.0857	-34.1
