gene	unagi_five	unagi_three
YAL001C	38.0	97.0
YAL002W	159.0	103.0
YAL003W	223.0	230.0
YAL005C	71.0	139.0
YAL007C	105.0	176.0
YAL008W	48.0	135.0
YAL009W	42.0	117.0
YAL010C	50.0	115.0
YAL011W	58.0	100.0
YAL012W	64.0	99.0
YAL013W	61.0	107.0
YAL014C	53.0	148.0
YAL015C	974.0	130.0
YAL016W	97.0	70.0
YAL017W	367.0	189.0
YAL018C		135.0
YAL019W	133.0	72.0
YAL020C	4.0	80.0
YAL021C	52.0	233.0
YAL022C	16.0	129.0
YAL023C	117.0	119.0
YAL024C	84.0	193.0
YAL025C	23.0	225.0
YAL026C	86.0	149.0
YAL027W	1948.0	1190.0
YAL028W	161.0	2176.0
YAL029C	223.0	84.0
YAL030W	49.0	144.0
YAL031C	47.0	47.0
YAL032C	48.0	138.0
YAL033W	48.0	102.0
YAL034C	56.0	149.0
YAL034W-A	21.0	92.0
YAL035W	43.0	134.0
YAL036C	47.0	43.0
YAL037C-A	107.0	1667.0
YAL037W	143.0	140.0
YAL038W	140.0	166.0
YAL039C	56.0	68.0
YAL040C	365.0	418.0
YAL041W	69.0	95.0
YAL042W	58.0	84.0
YAL043C	206.0	78.0
YAL044C	14.0	87.0
YAL044W-A	12.0	109.0
YAL046C	39.0	120.0
YAL047C	29.0	50.0
YAL048C	10.0	1090.0
YAL049C	66.0	144.0
YAL051W	57.0	168.0
YAL053W	202.0	61.0
YAL054C	79.0	196.0
YAL055W	29.0	74.0
YAL056W	59.0	101.0
YAL058W	72.0	43.0
YAL059W		207.0
YAL060W	1206.0	118.0
YAL061W	103.0	217.0
YAL062W	459.0	93.0
YAL063C	297.0	82.0
YAL063C-A	954.0	421.0
YAL064W-B	715.0	1332.0
YAL065C		149.0
YAL067C	260.0	230.0
YAR002C-A	43.0	93.0
YAR002W	49.0	215.0
YAR003W	85.0	574.0
YAR007C	79.0	60.0
YAR008W	119.0	98.0
YAR009C	1732.0	342.0
YAR010C	53.0	3188.0
YAR014C	159.0	177.0
YAR015W	103.0	98.0
YAR018C	35.0	209.0
YAR019C	54.0	128.0
YAR020C	1739.0	374.0
YAR023C	236.0	394.0
YAR027W	82.0	178.0
YAR028W	61.0	1208.0
YAR029W	1080.0	266.0
YAR031W		143.0
YAR033W	63.0	86.0
YAR035C-A		2188.0
YAR035W	58.0	110.0
YAR042W	65.0	912.0
YAR050W	2756.0	75.0
YAR066W	81.0	1374.0
YAR068W	1438.0	143.0
YAR071W	240.0	61.0
YBL001C	70.0	91.0
YBL002W	34.0	195.0
YBL003C	35.0	180.0
YBL004W	125.0	61.0
YBL005W	119.0	450.0
YBL005W-A		2385.0
YBL005W-B		314.0
YBL006C	31.0	175.0
YBL007C	57.0	167.0
YBL008W	135.0	83.0
YBL008W-A		2284.0
YBL009W	53.0	136.0
YBL010C	30.0	201.0
YBL011W	609.0	203.0
YBL013W	66.0	331.0
YBL014C	486.0	142.0
YBL015W	103.0	280.0
YBL016W	462.0	132.0
YBL017C	600.0	75.0
YBL018C	55.0	61.0
YBL019W	46.0	266.0
YBL020W	174.0	90.0
YBL021C	47.0	173.0
YBL022C	127.0	85.0
YBL023C	53.0	223.0
YBL024W	54.0	255.0
YBL025W	63.0	459.0
YBL026W	297.0	131.0
YBL027W	62.0	99.0
YBL028C	52.0	274.0
YBL029C-A	97.0	129.0
YBL029W	376.0	105.0
YBL030C	149.0	322.0
YBL031W	13.0	29.0
YBL032W	94.0	186.0
YBL033C	32.0	74.0
YBL034C	74.0	190.0
YBL035C	93.0	211.0
YBL036C	16.0	141.0
YBL037W	109.0	141.0
YBL038W	74.0	114.0
YBL039C	90.0	194.0
YBL039W-B	311.0	141.0
YBL040C	198.0	163.0
YBL041W	274.0	142.0
YBL042C	56.0	166.0
YBL043W	133.0	232.0
YBL044W		135.0
YBL045C	217.0	315.0
YBL046W	18.0	203.0
YBL047C	166.0	217.0
YBL048W	693.0	198.0
YBL049W	298.0	263.0
YBL050W	100.0	70.0
YBL051C	85.0	165.0
YBL052C	271.0	85.0
YBL054W		214.0
YBL055C	308.0	302.0
YBL056W	136.0	405.0
YBL057C	20.0	73.0
YBL058W	41.0	118.0
YBL059C-A	22.0	171.0
YBL059W		40.0
YBL060W	287.0	425.0
YBL061C	900.0	76.0
YBL063W	22.0	124.0
YBL064C	32.0	74.0
YBL066C	67.0	345.0
YBL067C	230.0	119.0
YBL068W	78.0	93.0
YBL069W	94.0	
YBL071C	3.0	
YBL071C-B	62.0	1045.0
YBL071W-A	35.0	249.0
YBL072C	7.0	119.0
YBL074C	334.0	2309.0
YBL075C	33.0	86.0
YBL076C	56.0	98.0
YBL078C	47.0	485.0
YBL079W	130.0	86.0
YBL080C	65.0	1262.0
YBL081W	314.0	125.0
YBL082C	32.0	101.0
YBL084C	124.0	133.0
YBL085W	437.0	123.0
YBL086C	38.0	49.0
YBL087C	34.0	98.0
YBL088C	209.0	89.0
YBL089W	29.0	59.0
YBL090W	72.0	101.0
YBL091C	31.0	91.0
YBL091C-A	2650.0	604.0
YBL092W	352.0	151.0
YBL093C	99.0	172.0
YBL095W	16.0	133.0
YBL097W	42.0	1076.0
YBL098W	2388.0	114.0
YBL099W	320.0	237.0
YBL100W-A		4316.0
YBL100W-B		319.0
YBL100W-C	37.0	529.0
YBL101C	4.0	142.0
YBL102W	118.0	199.0
YBL103C	271.0	343.0
YBL104C	20.0	80.0
YBL105C	269.0	115.0
YBL106C	4086.0	99.0
YBL107C	11.0	124.0
YBL111C	135.0	2708.0
YBL112C	2220.0	2383.0
YBL113C	2461.0	81.0
YBR001C	148.0	52.0
YBR002C	25.0	327.0
YBR003W	1157.0	128.0
YBR004C	42.0	94.0
YBR005W	47.0	195.0
YBR006W	180.0	143.0
YBR007C	104.0	291.0
YBR008C	696.0	195.0
YBR009C	62.0	182.0
YBR010W	28.0	162.0
YBR011C	39.0	118.0
YBR012W-A		2413.0
YBR012W-B		323.0
YBR013C	131.0	159.0
YBR014C	83.0	120.0
YBR015C	93.0	143.0
YBR016W	49.0	208.0
YBR017C	74.0	196.0
YBR018C	1307.0	206.0
YBR019C		2032.0
YBR020W		146.0
YBR021W	111.0	745.0
YBR022W	555.0	159.0
YBR023C	208.0	195.0
YBR024W	126.0	215.0
YBR025C	78.0	213.0
YBR026C	83.0	138.0
YBR027C	1765.0	1270.0
YBR028C	153.0	178.0
YBR029C	132.0	135.0
YBR030W	300.0	109.0
YBR031W	24.0	97.0
YBR032W		123.0
YBR033W	153.0	269.0
YBR034C	29.0	464.0
YBR035C	35.0	144.0
YBR036C	74.0	197.0
YBR037C	49.0	72.0
YBR038W	121.0	193.0
YBR039W	91.0	192.0
YBR041W	89.0	160.0
YBR042C	64.0	75.0
YBR043C	149.0	152.0
YBR044C	83.0	95.0
YBR045C	1492.0	167.0
YBR046C	73.0	390.0
YBR047W	99.0	102.0
YBR048W	82.0	213.0
YBR049C	149.0	247.0
YBR050C	80.0	44.0
YBR052C	71.0	67.0
YBR053C	31.0	83.0
YBR054W	130.0	363.0
YBR055C	142.0	1796.0
YBR056W	71.0	44.0
YBR056W-A	20.0	450.0
YBR057C	119.0	113.0
YBR058C	57.0	20.0
YBR058C-A	59.0	188.0
YBR059C	136.0	84.0
YBR060C	118.0	45.0
YBR061C	133.0	168.0
YBR062C	2398.0	112.0
YBR063C	1566.0	439.0
YBR065C	72.0	2050.0
YBR066C	56.0	106.0
YBR067C	88.0	158.0
YBR068C	70.0	222.0
YBR069C	107.0	171.0
YBR070C	76.0	41.0
YBR071W	72.0	276.0
YBR072C-A		791.0
YBR072W	243.0	170.0
YBR073W	194.0	82.0
YBR074W	37.0	96.0
YBR076W	118.0	420.0
YBR077C	69.0	215.0
YBR078W	253.0	492.0
YBR079C	25.0	89.0
YBR080C	26.0	175.0
YBR081C	146.0	114.0
YBR082C	65.0	169.0
YBR083W	262.0	91.0
YBR084C-A	233.0	121.0
YBR084W	49.0	207.0
YBR085C-A	64.0	389.0
YBR086C	23.0	125.0
YBR087W	11.0	112.0
YBR088C	243.0	101.0
YBR089C-A	410.0	187.0
YBR090C	464.0	330.0
YBR091C	38.0	101.0
YBR092C	29.0	49.0
YBR093C	47.0	70.0
YBR094W	162.0	107.0
YBR095C	40.0	92.0
YBR096W	117.0	74.0
YBR097W	68.0	192.0
YBR098W	26.0	161.0
YBR101C	72.0	42.0
YBR102C	78.0	1281.0
YBR103W	170.0	50.0
YBR104W	92.0	89.0
YBR105C	23.0	112.0
YBR106W	137.0	343.0
YBR107C	59.0	462.0
YBR108W	40.0	204.0
YBR109C	64.0	200.0
YBR110W	258.0	99.0
YBR111C	77.0	76.0
YBR111W-A	50.0	164.0
YBR112C	502.0	232.0
YBR114W	1090.0	171.0
YBR115C	117.0	159.0
YBR117C	66.0	157.0
YBR118W	112.0	99.0
YBR119W	77.0	161.0
YBR120C	128.0	67.0
YBR121C	154.0	51.0
YBR122C	40.0	173.0
YBR123C	30.0	1829.0
YBR125C	188.0	363.0
YBR126C	107.0	140.0
YBR126W-A	33.0	146.0
YBR127C	68.0	185.0
YBR128C	77.0	1996.0
YBR129C	49.0	91.0
YBR130C	38.0	114.0
YBR131W	30.0	69.0
YBR132C	164.0	305.0
YBR133C	129.0	225.0
YBR135W	109.0	214.0
YBR136W	27.0	200.0
YBR137W	62.0	98.0
YBR138C	89.0	151.0
YBR139W	14.0	108.0
YBR140C	300.0	251.0
YBR141C	20.0	100.0
YBR142W	58.0	191.0
YBR143C	30.0	139.0
YBR144C		49.0
YBR145W	93.0	108.0
YBR146W	72.0	219.0
YBR147W	134.0	12.0
YBR148W	1460.0	88.0
YBR149W	65.0	100.0
YBR150C	13.0	98.0
YBR151W	146.0	134.0
YBR152W	68.0	1091.0
YBR153W	1152.0	214.0
YBR154C	123.0	100.0
YBR155W	97.0	94.0
YBR156C	60.0	102.0
YBR157C	147.0	130.0
YBR158W	376.0	161.0
YBR159W	64.0	88.0
YBR160W	122.0	124.0
YBR161W	227.0	147.0
YBR162C	238.0	342.0
YBR162W-A	39.0	86.0
YBR163W	119.0	214.0
YBR164C	135.0	105.0
YBR165W	92.0	154.0
YBR166C	43.0	128.0
YBR167C	250.0	114.0
YBR168W	351.0	231.0
YBR169C	116.0	181.0
YBR170C	55.0	135.0
YBR171W	39.0	148.0
YBR172C	111.0	102.0
YBR173C	43.0	167.0
YBR175W	23.0	102.0
YBR176W	118.0	146.0
YBR177C	43.0	118.0
YBR179C	70.0	146.0
YBR180W		36.0
YBR181C	29.0	104.0
YBR182C	162.0	358.0
YBR183W	223.0	117.0
YBR184W	128.0	101.0
YBR185C	52.0	120.0
YBR186W	30.0	1106.0
YBR187W	417.0	124.0
YBR188C	99.0	265.0
YBR189W	48.0	71.0
YBR191W	67.0	119.0
YBR192W	200.0	279.0
YBR193C	43.0	459.0
YBR194W	141.0	154.0
YBR195C	43.0	151.0
YBR196C	64.0	166.0
YBR196C-A	1.0	1913.0
YBR197C	35.0	469.0
YBR198C	78.0	112.0
YBR199W	93.0	278.0
YBR200W	68.0	234.0
YBR201C-A	82.0	249.0
YBR201W	150.0	126.0
YBR202W	122.0	183.0
YBR203W	226.0	231.0
YBR204C	44.0	276.0
YBR205W	959.0	195.0
YBR207W	89.0	113.0
YBR208C	223.0	135.0
YBR209W	372.0	
YBR210W	233.0	220.0
YBR211C	113.0	814.0
YBR212W	406.0	214.0
YBR214W	79.0	194.0
YBR215W	89.0	442.0
YBR216C	33.0	269.0
YBR217W	47.0	329.0
YBR218C	155.0	133.0
YBR219C	1477.0	
YBR220C	103.0	240.0
YBR221C	218.0	246.0
YBR221W-A		1751.0
YBR222C	42.0	128.0
YBR223C	35.0	240.0
YBR225W	187.0	343.0
YBR227C	58.0	132.0
YBR228W	332.0	137.0
YBR229C	24.0	130.0
YBR230C	57.0	165.0
YBR230W-A	48.0	151.0
YBR231C	80.0	42.0
YBR233W	173.0	176.0
YBR233W-A	65.0	239.0
YBR234C	46.0	67.0
YBR235W	85.0	105.0
YBR236C	38.0	120.0
YBR237W	56.0	130.0
YBR238C	73.0	619.0
YBR239C	166.0	164.0
YBR240C	292.0	313.0
YBR241C	34.0	82.0
YBR242W	365.0	93.0
YBR243C	32.0	240.0
YBR244W	219.0	127.0
YBR245C		62.0
YBR246W	35.0	136.0
YBR247C	92.0	246.0
YBR248C	84.0	85.0
YBR249C	90.0	114.0
YBR250W	139.0	3074.0
YBR251W	2496.0	75.0
YBR252W	3717.0	624.0
YBR253W	4376.0	93.0
YBR254C	17.0	164.0
YBR255C-A	47.0	97.0
YBR255W	43.0	85.0
YBR256C	41.0	69.0
YBR257W	54.0	270.0
YBR258C	23.0	64.0
YBR259W	105.0	336.0
YBR260C	37.0	459.0
YBR261C	43.0	167.0
YBR262C	44.0	116.0
YBR263W	40.0	156.0
YBR264C	49.0	1542.0
YBR265W	41.0	142.0
YBR267W	28.0	123.0
YBR268W	14.0	105.0
YBR269C	21.0	160.0
YBR270C	274.0	59.0
YBR271W	35.0	167.0
YBR272C	30.0	184.0
YBR273C	31.0	108.0
YBR274W	162.0	194.0
YBR275C	119.0	140.0
YBR276C	116.0	64.0
YBR278W	45.0	184.0
YBR279W	80.0	120.0
YBR280C	23.0	185.0
YBR281C	72.0	130.0
YBR282W	45.0	102.0
YBR283C	153.0	162.0
YBR284W	1390.0	1053.0
YBR285W	76.0	144.0
YBR286W	20.0	68.0
YBR287W	68.0	201.0
YBR288C	45.0	105.0
YBR289W	37.0	75.0
YBR290W	46.0	131.0
YBR291C	86.0	129.0
YBR292C	761.0	
YBR293W	593.0	232.0
YBR294W		77.0
YBR295W	62.0	134.0
YBR296C	78.0	281.0
YBR296C-A	799.0	52.0
YBR297W	39.0	243.0
YBR298C	500.0	94.0
YBR299W	203.0	128.0
YBR301W	238.0	45.0
YBR302C	10.0	82.0
YCL001W	116.0	130.0
YCL001W-A	1234.0	730.0
YCL001W-B	1924.0	247.0
YCL002C	59.0	157.0
YCL004W	96.0	995.0
YCL005W	529.0	186.0
YCL005W-A	81.0	105.0
YCL008C	19.0	152.0
YCL009C	48.0	148.0
YCL010C	30.0	115.0
YCL011C	44.0	173.0
YCL012C	10.0	134.0
YCL014W	234.0	135.0
YCL016C	152.0	139.0
YCL017C	91.0	286.0
YCL018W	408.0	157.0
YCL019W		325.0
YCL021W-A	278.0	311.0
YCL024W	100.0	117.0
YCL025C	31.0	95.0
YCL026C-B	45.0	63.0
YCL027W		105.0
YCL028W	70.0	119.0
YCL029C	90.0	260.0
YCL030C	79.0	123.0
YCL031C	51.0	104.0
YCL032W	77.0	188.0
YCL033C	11.0	78.0
YCL034W	227.0	75.0
YCL035C	64.0	128.0
YCL036W	52.0	518.0
YCL037C	83.0	606.0
YCL038C	99.0	79.0
YCL039W	28.0	55.0
YCL040W	60.0	181.0
YCL042W	184.0	1578.0
YCL043C	65.0	99.0
YCL044C	44.0	181.0
YCL045C	40.0	61.0
YCL047C	29.0	113.0
YCL048W		108.0
YCL048W-A	56.0	240.0
YCL049C	55.0	137.0
YCL050C	67.0	899.0
YCL051W	309.0	231.0
YCL052C	43.0	169.0
YCL054W	59.0	108.0
YCL054W-A	191.0	230.0
YCL055W	57.0	84.0
YCL056C	24.0	17.0
YCL057C-A	41.0	144.0
YCL057W	204.0	147.0
YCL058C	385.0	
YCL058W-A	32.0	66.0
YCL059C	65.0	111.0
YCL061C	66.0	174.0
YCL063W	33.0	154.0
YCL064C	64.0	108.0
YCL066W	45.0	213.0
YCL067C	34.0	82.0
YCR002C	55.0	69.0
YCR003W	22.0	295.0
YCR004C	195.0	188.0
YCR005C	73.0	157.0
YCR006C	645.0	1738.0
YCR007C	595.0	456.0
YCR008W	468.0	265.0
YCR009C	67.0	280.0
YCR010C	156.0	207.0
YCR011C	144.0	59.0
YCR012W	82.0	167.0
YCR014C	1257.0	133.0
YCR015C	14.0	2147.0
YCR016W	680.0	160.0
YCR017C	44.0	188.0
YCR018C		168.0
YCR019W	156.0	126.0
YCR020C	458.0	94.0
YCR020C-A	8.0	165.0
YCR020W-B	58.0	509.0
YCR021C	115.0	191.0
YCR023C	100.0	248.0
YCR024C	189.0	166.0
YCR024C-A	208.0	542.0
YCR024C-B	410.0	196.0
YCR025C	2530.0	104.0
YCR026C	74.0	218.0
YCR027C	209.0	669.0
YCR028C	99.0	749.0
YCR028C-A	87.0	196.0
YCR030C	99.0	171.0
YCR031C	28.0	120.0
YCR032W	126.0	138.0
YCR033W	264.0	178.0
YCR034W	44.0	260.0
YCR035C	18.0	151.0
YCR036W	67.0	112.0
YCR037C	42.0	103.0
YCR038C	641.0	196.0
YCR039C	12.0	82.0
YCR040W		252.0
YCR042C	192.0	116.0
YCR043C	356.0	560.0
YCR044C	13.0	1176.0
YCR045C		51.0
YCR046C	13.0	104.0
YCR047C	120.0	203.0
YCR048W	41.0	183.0
YCR050C	167.0	177.0
YCR051W	27.0	168.0
YCR052W	932.0	228.0
YCR053W	105.0	117.0
YCR054C	104.0	182.0
YCR057C	77.0	133.0
YCR059C	53.0	183.0
YCR060W	25.0	121.0
YCR061W	25.0	356.0
YCR063W		385.0
YCR065W	292.0	341.0
YCR066W	75.0	188.0
YCR067C	119.0	137.0
YCR068W	168.0	1353.0
YCR069W	2009.0	109.0
YCR071C	49.0	72.0
YCR072C	34.0	136.0
YCR073C	77.0	74.0
YCR073W-A	13.0	114.0
YCR075C	45.0	147.0
YCR075W-A	65.0	83.0
YCR076C	22.0	86.0
YCR077C	482.0	144.0
YCR079W	72.0	132.0
YCR081W	22.0	733.0
YCR082W	39.0	94.0
YCR083W	35.0	141.0
YCR084C	232.0	324.0
YCR085W	140.0	744.0
YCR086W	146.0	58.0
YCR087C-A	36.0	75.0
YCR088W	46.0	130.0
YCR089W	314.0	65.0
YCR090C	37.0	93.0
YCR091W	59.0	458.0
YCR092C	36.0	2419.0
YCR093W	30.0	98.0
YCR094W	63.0	276.0
YCR095C	57.0	56.0
YCR095W-A	275.0	1991.0
YCR096C	200.0	92.0
YCR097W	40.0	21.0
YCR098C	238.0	262.0
YCR099C	2314.0	906.0
YCR100C	1392.0	1345.0
YCR101C	602.0	2556.0
YCR102C	220.0	258.0
YCR104W	1761.0	138.0
YCR105W		50.0
YCR106W	575.0	1066.0
YCR107W	3507.0	
YDL001W	117.0	120.0
YDL002C	85.0	284.0
YDL003W	127.0	132.0
YDL004W	54.0	223.0
YDL005C	56.0	231.0
YDL006W	388.0	219.0
YDL007W	77.0	72.0
YDL008W	43.0	301.0
YDL009C	89.0	
YDL010W	51.0	289.0
YDL012C	455.0	169.0
YDL013W	182.0	116.0
YDL014W	149.0	216.0
YDL015C	53.0	245.0
YDL017W	102.0	130.0
YDL018C	73.0	190.0
YDL019C	213.0	91.0
YDL020C	249.0	162.0
YDL021W	235.0	61.0
YDL022C-A	144.0	1709.0
YDL022W	74.0	216.0
YDL024C	343.0	579.0
YDL025C	203.0	187.0
YDL027C	51.0	183.0
YDL028C	184.0	156.0
YDL029W	50.0	135.0
YDL030W	119.0	88.0
YDL031W	61.0	87.0
YDL033C	38.0	178.0
YDL035C	284.0	150.0
YDL036C	740.0	197.0
YDL037C	321.0	2165.0
YDL039C	1073.0	137.0
YDL040C	27.0	118.0
YDL042C	80.0	119.0
YDL043C	54.0	311.0
YDL044C	46.0	82.0
YDL045C	136.0	129.0
YDL045W-A	44.0	146.0
YDL046W	85.0	286.0
YDL047W	433.0	343.0
YDL048C	50.0	132.0
YDL049C	241.0	265.0
YDL051W	82.0	125.0
YDL052C	36.0	95.0
YDL053C	202.0	190.0
YDL054C	89.0	84.0
YDL055C	149.0	248.0
YDL056W	93.0	125.0
YDL057W	44.0	314.0
YDL058W	80.0	151.0
YDL059C	394.0	302.0
YDL060W	85.0	94.0
YDL061C	12.0	169.0
YDL063C	96.0	141.0
YDL064W	52.0	105.0
YDL065C	22.0	100.0
YDL066W	214.0	96.0
YDL067C	210.0	267.0
YDL069C	194.0	88.0
YDL070W	32.0	263.0
YDL072C	71.0	94.0
YDL073W	186.0	60.0
YDL074C	79.0	122.0
YDL075W	81.0	70.0
YDL076C	151.0	258.0
YDL077C	187.0	72.0
YDL078C	72.0	129.0
YDL079C	96.0	134.0
YDL080C	183.0	172.0
YDL081C	78.0	110.0
YDL082W	123.0	140.0
YDL083C	24.0	134.0
YDL084W	172.0	94.0
YDL085C-A	59.0	90.0
YDL085W	86.0	89.0
YDL086W	10.0	52.0
YDL087C	13.0	1946.0
YDL088C	1009.0	155.0
YDL089W	323.0	97.0
YDL090C	182.0	141.0
YDL091C	94.0	95.0
YDL092W	16.0	139.0
YDL093W	109.0	286.0
YDL095W	80.0	103.0
YDL097C	58.0	98.0
YDL098C	21.0	142.0
YDL099W	89.0	87.0
YDL100C	56.0	88.0
YDL101C	32.0	111.0
YDL102W	95.0	157.0
YDL103C	68.0	127.0
YDL104C	31.0	378.0
YDL105W	44.0	122.0
YDL106C	64.0	129.0
YDL107W	21.0	226.0
YDL108W	197.0	81.0
YDL109C	298.0	899.0
YDL110C	62.0	199.0
YDL111C	83.0	71.0
YDL112W	80.0	107.0
YDL113C	86.0	116.0
YDL114W	176.0	87.0
YDL115C	42.0	92.0
YDL116W	78.0	99.0
YDL117W	411.0	148.0
YDL119C	202.0	182.0
YDL120W	90.0	206.0
YDL121C	45.0	195.0
YDL122W	1168.0	84.0
YDL123W	32.0	492.0
YDL124W	98.0	74.0
YDL125C	210.0	142.0
YDL126C	80.0	85.0
YDL127W	342.0	168.0
YDL128W	61.0	199.0
YDL129W	187.0	439.0
YDL130W	754.0	98.0
YDL130W-A	65.0	165.0
YDL131W	36.0	128.0
YDL132W	316.0	43.0
YDL133C-A	123.0	233.0
YDL133W	421.0	108.0
YDL134C	501.0	110.0
YDL135C	45.0	259.0
YDL136W	45.0	89.0
YDL137W	39.0	154.0
YDL138W	176.0	141.0
YDL139C	65.0	155.0
YDL140C	543.0	103.0
YDL141W	239.0	253.0
YDL142C	60.0	146.0
YDL143W	52.0	87.0
YDL144C	20.0	93.0
YDL145C	261.0	149.0
YDL146W	156.0	154.0
YDL147W	87.0	147.0
YDL148C	78.0	182.0
YDL149W	45.0	171.0
YDL150W	135.0	105.0
YDL153C	41.0	148.0
YDL154W		81.0
YDL155W	358.0	173.0
YDL156W	48.0	197.0
YDL157C	47.0	181.0
YDL159W	63.0	151.0
YDL160C	288.0	619.0
YDL160C-A	30.0	200.0
YDL161W	31.0	125.0
YDL164C	51.0	190.0
YDL165W	49.0	36.0
YDL166C	45.0	96.0
YDL167C	94.0	254.0
YDL168W	33.0	56.0
YDL169C	26.0	85.0
YDL170W	31.0	141.0
YDL171C	256.0	117.0
YDL173W	40.0	108.0
YDL174C	43.0	96.0
YDL175C	33.0	257.0
YDL176W	155.0	114.0
YDL177C	55.0	92.0
YDL178W	64.0	119.0
YDL179W	208.0	191.0
YDL180W	803.0	171.0
YDL181W	86.0	120.0
YDL182W	38.0	93.0
YDL183C	78.0	60.0
YDL184C	68.0	236.0
YDL185W	120.0	108.0
YDL188C	182.0	157.0
YDL189W	39.0	118.0
YDL190C	193.0	597.0
YDL191W	67.0	112.0
YDL192W	58.0	161.0
YDL193W	116.0	191.0
YDL194W	223.0	168.0
YDL195W	655.0	129.0
YDL197C	392.0	358.0
YDL198C	117.0	124.0
YDL199C	69.0	90.0
YDL200C	43.0	73.0
YDL201W	92.0	109.0
YDL202W	64.0	214.0
YDL203C	199.0	203.0
YDL204W	41.0	187.0
YDL205C	590.0	297.0
YDL206W	149.0	89.0
YDL207W	45.0	73.0
YDL208W	59.0	138.0
YDL209C	23.0	239.0
YDL210W		96.0
YDL211C	39.0	235.0
YDL212W	213.0	173.0
YDL213C	286.0	50.0
YDL214C	269.0	137.0
YDL215C	62.0	155.0
YDL216C	204.0	133.0
YDL217C	164.0	497.0
YDL218W	411.0	236.0
YDL219W	54.0	304.0
YDL220C	20.0	380.0
YDL222C	127.0	421.0
YDL223C	73.0	326.0
YDL224C	364.0	256.0
YDL225W	70.0	244.0
YDL226C	27.0	254.0
YDL229W	30.0	104.0
YDL230W	67.0	61.0
YDL231C	149.0	66.0
YDL232W	29.0	267.0
YDL233W	36.0	169.0
YDL234C	143.0	64.0
YDL235C	123.0	148.0
YDL236W	67.0	183.0
YDL237W	78.0	81.0
YDL238C	49.0	2673.0
YDL239C	1728.0	109.0
YDL240W	186.0	275.0
YDL241W		252.0
YDL242W		569.0
YDL243C	707.0	95.0
YDL244W	345.0	121.0
YDL245C		198.0
YDL246C		128.0
YDL247W		567.0
YDL248W	7.0	2019.0
YDR001C	237.0	113.0
YDR002W	208.0	178.0
YDR003W	102.0	361.0
YDR003W-A	762.0	242.0
YDR004W		165.0
YDR005C	114.0	1836.0
YDR006C	93.0	89.0
YDR007W	24.0	63.0
YDR009W	180.0	631.0
YDR011W	337.0	176.0
YDR012W	40.0	80.0
YDR013W	62.0	92.0
YDR014W	58.0	655.0
YDR014W-A	24.0	230.0
YDR016C	36.0	143.0
YDR017C	14.0	173.0
YDR018C	25.0	115.0
YDR019C	17.0	178.0
YDR020C	149.0	418.0
YDR021W	103.0	59.0
YDR022C	57.0	90.0
YDR023W	22.0	145.0
YDR025W	53.0	99.0
YDR026C	182.0	253.0
YDR027C	131.0	88.0
YDR028C	468.0	279.0
YDR029W		241.0
YDR030C	54.0	176.0
YDR031W	37.0	163.0
YDR032C	132.0	221.0
YDR033W	371.0	494.0
YDR034C	643.0	77.0
YDR034C-C		810.0
YDR034C-D		351.0
YDR034W-B	17.0	231.0
YDR035W	497.0	152.0
YDR036C	10.0	138.0
YDR037W	455.0	83.0
YDR038C	101.0	208.0
YDR039C	150.0	347.0
YDR040C	147.0	129.0
YDR041W	201.0	145.0
YDR042C	185.0	91.0
YDR043C	202.0	126.0
YDR044W	246.0	154.0
YDR045C	155.0	282.0
YDR046C	94.0	67.0
YDR047W	423.0	80.0
YDR049W	86.0	110.0
YDR050C	77.0	98.0
YDR051C	46.0	62.0
YDR052C	334.0	243.0
YDR054C	189.0	486.0
YDR055W	79.0	164.0
YDR056C	70.0	105.0
YDR057W	109.0	137.0
YDR058C	66.0	183.0
YDR059C	71.0	140.0
YDR060W	96.0	91.0
YDR061W	55.0	135.0
YDR062W	405.0	146.0
YDR063W	128.0	71.0
YDR064W	98.0	81.0
YDR065W	45.0	1434.0
YDR066C	141.0	359.0
YDR067C	45.0	34.0
YDR068W	63.0	170.0
YDR069C	47.0	309.0
YDR070C	84.0	169.0
YDR071C	142.0	89.0
YDR072C	126.0	152.0
YDR073W	261.0	268.0
YDR074W	245.0	258.0
YDR075W	195.0	161.0
YDR076W	64.0	2433.0
YDR077W	65.0	329.0
YDR078C	51.0	161.0
YDR079C-A	75.0	215.0
YDR079W	38.0	3633.0
YDR080W	1187.0	192.0
YDR081C	97.0	240.0
YDR082W	106.0	156.0
YDR083W	22.0	88.0
YDR084C	70.0	138.0
YDR085C	59.0	87.0
YDR086C	109.0	195.0
YDR087C	37.0	88.0
YDR088C	163.0	171.0
YDR089W	177.0	93.0
YDR090C	114.0	355.0
YDR091C	72.0	342.0
YDR092W	116.0	99.0
YDR093W	266.0	61.0
YDR096W	664.0	258.0
YDR097C	102.0	66.0
YDR098C	44.0	51.0
YDR098C-A		4189.0
YDR098C-B		321.0
YDR099W	83.0	240.0
YDR100W	20.0	129.0
YDR101C	27.0	133.0
YDR103W	586.0	36.0
YDR104C	52.0	147.0
YDR105C	59.0	131.0
YDR106W	22.0	148.0
YDR107C	30.0	350.0
YDR108W	80.0	85.0
YDR109C	110.0	153.0
YDR110W	52.0	204.0
YDR111C	8.0	233.0
YDR113C	89.0	88.0
YDR114C	497.0	
YDR115W	56.0	96.0
YDR116C	35.0	128.0
YDR117C	49.0	88.0
YDR118W	38.0	124.0
YDR119W	105.0	76.0
YDR119W-A	60.0	254.0
YDR120C	1367.0	209.0
YDR121W	147.0	109.0
YDR122W	317.0	228.0
YDR123C	108.0	704.0
YDR124W	25.0	254.0
YDR125C	146.0	1237.0
YDR126W	9.0	249.0
YDR127W	988.0	136.0
YDR128W	44.0	129.0
YDR129C	73.0	147.0
YDR130C	47.0	388.0
YDR131C	102.0	99.0
YDR132C	121.0	220.0
YDR135C	43.0	92.0
YDR137W	105.0	139.0
YDR138W	23.0	670.0
YDR139C	71.0	210.0
YDR140W	751.0	124.0
YDR141C	518.0	274.0
YDR142C	278.0	535.0
YDR143C	173.0	190.0
YDR144C	123.0	
YDR145W	89.0	181.0
YDR146C	156.0	55.0
YDR147W	432.0	56.0
YDR148C	157.0	285.0
YDR150W	60.0	56.0
YDR151C	116.0	338.0
YDR152W	931.0	101.0
YDR153C	138.0	125.0
YDR155C	68.0	122.0
YDR156W	327.0	95.0
YDR157W	733.0	1285.0
YDR158W	39.0	118.0
YDR159W	102.0	39.0
YDR160W	215.0	98.0
YDR161W	73.0	71.0
YDR162C	132.0	213.0
YDR163W	324.0	132.0
YDR164C	52.0	126.0
YDR165W	477.0	135.0
YDR166C	73.0	1210.0
YDR167W	29.0	117.0
YDR168W	73.0	117.0
YDR169C	366.0	63.0
YDR169C-A	157.0	776.0
YDR170C	187.0	199.0
YDR170W-A	256.0	713.0
YDR171W	99.0	89.0
YDR172W	99.0	178.0
YDR173C	67.0	147.0
YDR174W	35.0	173.0
YDR175C	439.0	120.0
YDR176W	45.0	103.0
YDR177W	960.0	66.0
YDR178W	121.0	206.0
YDR179C	29.0	127.0
YDR179W-A	103.0	91.0
YDR180W	150.0	84.0
YDR181C	59.0	184.0
YDR182W	53.0	140.0
YDR182W-A	1622.0	206.0
YDR183W	70.0	86.0
YDR184C	65.0	227.0
YDR185C	103.0	212.0
YDR186C	61.0	123.0
YDR188W	253.0	180.0
YDR189W	53.0	119.0
YDR190C	61.0	81.0
YDR191W	21.0	109.0
YDR192C	79.0	91.0
YDR194C	23.0	157.0
YDR194W-A	2427.0	693.0
YDR195W	2955.0	86.0
YDR196C	32.0	92.0
YDR197W	55.0	212.0
YDR198C	54.0	100.0
YDR200C	65.0	133.0
YDR201W	56.0	183.0
YDR202C	31.0	76.0
YDR204W	451.0	133.0
YDR205W	1227.0	100.0
YDR206W	350.0	231.0
YDR207C	69.0	21.0
YDR208W	124.0	134.0
YDR210C-C		4262.0
YDR210C-D		327.0
YDR210W	110.0	423.0
YDR210W-A		4301.0
YDR210W-B		316.0
YDR211W	84.0	191.0
YDR212W	84.0	84.0
YDR213W	258.0	187.0
YDR214W	150.0	39.0
YDR215C	499.0	149.0
YDR216W	509.0	561.0
YDR217C	57.0	74.0
YDR218C	69.0	123.0
YDR219C	247.0	248.0
YDR221W	52.0	531.0
YDR222W	332.0	161.0
YDR223W	293.0	372.0
YDR224C	120.0	131.0
YDR225W	100.0	180.0
YDR226W	69.0	136.0
YDR227W	1106.0	204.0
YDR228C	92.0	73.0
YDR229W	141.0	70.0
YDR231C	32.0	230.0
YDR232W	260.0	177.0
YDR233C	67.0	148.0
YDR234W	174.0	118.0
YDR235W	31.0	82.0
YDR236C	25.0	115.0
YDR237W	155.0	288.0
YDR238C	49.0	197.0
YDR239C	63.0	78.0
YDR240C		60.0
YDR242W	103.0	136.0
YDR243C	45.0	1833.0
YDR244W	31.0	198.0
YDR245W	127.0	162.0
YDR246W	13.0	204.0
YDR246W-A	877.0	
YDR247W	372.0	397.0
YDR248C	58.0	902.0
YDR249C	282.0	
YDR251W	315.0	185.0
YDR252W	188.0	147.0
YDR253C	246.0	81.0
YDR254W	730.0	1337.0
YDR255C	45.0	260.0
YDR256C	50.0	166.0
YDR257C	23.0	309.0
YDR258C	77.0	113.0
YDR259C	187.0	145.0
YDR260C	30.0	399.0
YDR261C	53.0	133.0
YDR261C-C		3188.0
YDR261C-D		349.0
YDR261W-A		3444.0
YDR261W-B		257.0
YDR262W	54.0	194.0
YDR263C	2895.0	239.0
YDR264C	123.0	2025.0
YDR265W	230.0	215.0
YDR266C	231.0	127.0
YDR267C	246.0	218.0
YDR268W	268.0	97.0
YDR270W	111.0	85.0
YDR272W	216.0	92.0
YDR273W	1223.0	100.0
YDR275W	679.0	307.0
YDR276C	78.0	226.0
YDR277C	158.0	189.0
YDR279W	226.0	45.0
YDR280W	155.0	251.0
YDR281C	168.0	325.0
YDR282C	198.0	280.0
YDR283C	248.0	168.0
YDR284C	289.0	83.0
YDR285W	516.0	179.0
YDR286C	255.0	88.0
YDR287W	32.0	83.0
YDR288W	46.0	181.0
YDR289C	35.0	83.0
YDR291W	38.0	200.0
YDR292C	136.0	196.0
YDR293C	841.0	324.0
YDR294C	46.0	52.0
YDR295C	263.0	88.0
YDR296W	53.0	90.0
YDR297W	28.0	173.0
YDR298C	180.0	180.0
YDR299W	68.0	116.0
YDR300C	84.0	117.0
YDR301W	264.0	140.0
YDR302W	69.0	73.0
YDR303C	317.0	105.0
YDR304C	29.0	78.0
YDR305C	1327.0	136.0
YDR306C	58.0	83.0
YDR307W	439.0	136.0
YDR308C	66.0	173.0
YDR309C	206.0	387.0
YDR310C	278.0	211.0
YDR311W	36.0	103.0
YDR312W	74.0	239.0
YDR313C	63.0	184.0
YDR314C	1076.0	1398.0
YDR315C	1.0	3706.0
YDR316W	37.0	90.0
YDR316W-A		4288.0
YDR316W-B		386.0
YDR317W	34.0	85.0
YDR318W	85.0	918.0
YDR319C	117.0	77.0
YDR320C	411.0	100.0
YDR320C-A	39.0	107.0
YDR321W	429.0	119.0
YDR322C-A	49.0	231.0
YDR322W	26.0	62.0
YDR323C	47.0	220.0
YDR324C		206.0
YDR325W	279.0	98.0
YDR326C	201.0	145.0
YDR328C	78.0	226.0
YDR329C	29.0	82.0
YDR330W	69.0	214.0
YDR331W	1797.0	129.0
YDR332W	22.0	71.0
YDR333C	46.0	213.0
YDR334W	228.0	122.0
YDR335W	371.0	100.0
YDR336W	23.0	96.0
YDR337W	53.0	129.0
YDR338C	366.0	147.0
YDR339C	40.0	80.0
YDR341C	36.0	95.0
YDR342C	91.0	152.0
YDR343C	88.0	314.0
YDR345C	89.0	158.0
YDR346C	157.0	282.0
YDR347W	122.0	115.0
YDR348C	193.0	163.0
YDR349C	105.0	215.0
YDR350C	65.0	122.0
YDR351W	255.0	163.0
YDR352W	194.0	234.0
YDR353W	46.0	87.0
YDR354W	126.0	54.0
YDR356W	64.0	313.0
YDR357C	171.0	76.0
YDR358W	79.0	175.0
YDR359C	306.0	620.0
YDR361C	41.0	257.0
YDR362C	110.0	185.0
YDR363W	444.0	992.0
YDR363W-A	26.0	255.0
YDR364C	35.0	464.0
YDR365C	448.0	114.0
YDR365W-A		4238.0
YDR365W-B		317.0
YDR366C	58.0	632.0
YDR367W	102.0	35.0
YDR368W	110.0	166.0
YDR369C	36.0	1975.0
YDR370C	42.0	94.0
YDR371W	75.0	116.0
YDR372C	281.0	146.0
YDR373W	101.0	119.0
YDR374C		108.0
YDR374W-A	27.0	163.0
YDR375C	1377.0	389.0
YDR376W	1375.0	124.0
YDR377W	248.0	277.0
YDR378C	23.0	213.0
YDR379C-A	151.0	155.0
YDR379W	139.0	68.0
YDR380W	151.0	131.0
YDR381C-A	1.0	122.0
YDR381W	125.0	201.0
YDR382W	81.0	147.0
YDR383C	137.0	573.0
YDR384C	115.0	172.0
YDR385W	505.0	153.0
YDR386W	12.0	104.0
YDR387C	128.0	142.0
YDR388W	51.0	127.0
YDR389W	541.0	472.0
YDR390C	48.0	416.0
YDR391C	7.0	124.0
YDR392W	413.0	131.0
YDR393W	796.0	133.0
YDR394W	135.0	86.0
YDR395W	149.0	92.0
YDR397C	1141.0	174.0
YDR398W	380.0	90.0
YDR399W	72.0	114.0
YDR400W	53.0	172.0
YDR402C	1592.0	96.0
YDR403W	26.0	311.0
YDR404C	196.0	152.0
YDR405W	77.0	137.0
YDR406W	141.0	118.0
YDR407C	124.0	72.0
YDR408C	292.0	73.0
YDR409W	39.0	261.0
YDR410C	70.0	106.0
YDR411C	50.0	62.0
YDR412W	67.0	166.0
YDR414C	211.0	138.0
YDR415C	55.0	307.0
YDR416W	101.0	39.0
YDR418W	34.0	79.0
YDR419W	32.0	267.0
YDR420W	290.0	213.0
YDR421W	100.0	269.0
YDR422C	126.0	299.0
YDR423C		192.0
YDR424C	55.0	52.0
YDR425W	50.0	86.0
YDR427W	37.0	87.0
YDR428C	57.0	1285.0
YDR429C	25.0	130.0
YDR430C	79.0	22.0
YDR432W	28.0	27.0
YDR434W	96.0	141.0
YDR435C	12.0	125.0
YDR436W	253.0	161.0
YDR437W	89.0	1019.0
YDR438W	989.0	120.0
YDR439W	76.0	176.0
YDR440W	117.0	104.0
YDR441C	149.0	281.0
YDR443C	91.0	530.0
YDR444W	92.0	78.0
YDR446W	315.0	
YDR447C	136.0	161.0
YDR448W	80.0	120.0
YDR449C	3155.0	199.0
YDR450W	54.0	119.0
YDR451C	62.0	3618.0
YDR452W	150.0	186.0
YDR453C	68.0	90.0
YDR454C	37.0	103.0
YDR456W	43.0	104.0
YDR457W	130.0	90.0
YDR458C	49.0	176.0
YDR459C	118.0	181.0
YDR460W	112.0	108.0
YDR461C-A	54.0	171.0
YDR461W	1477.0	147.0
YDR462W	62.0	122.0
YDR463W	63.0	205.0
YDR464W	141.0	184.0
YDR465C	80.0	167.0
YDR466W	349.0	269.0
YDR468C	94.0	120.0
YDR469W	69.0	66.0
YDR470C	91.0	191.0
YDR471W	81.0	120.0
YDR472W	72.0	125.0
YDR473C	68.0	114.0
YDR475C	111.0	129.0
YDR476C	65.0	204.0
YDR477W	301.0	149.0
YDR478W	40.0	1088.0
YDR479C	52.0	87.0
YDR480W	331.0	160.0
YDR481C	33.0	110.0
YDR482C	93.0	202.0
YDR483W	41.0	131.0
YDR484W	42.0	129.0
YDR485C	43.0	187.0
YDR486C	48.0	150.0
YDR487C	79.0	102.0
YDR488C	19.0	935.0
YDR489W	18.0	78.0
YDR490C	90.0	166.0
YDR492W	231.0	95.0
YDR493W	304.0	118.0
YDR494W	33.0	82.0
YDR495C	54.0	179.0
YDR496C	28.0	77.0
YDR497C	101.0	105.0
YDR498C	43.0	77.0
YDR499W	42.0	131.0
YDR500C	20.0	93.0
YDR501W		233.0
YDR502C	10.0	295.0
YDR503C	41.0	207.0
YDR504C	2681.0	228.0
YDR505C	155.0	612.0
YDR506C	18.0	1867.0
YDR507C	122.0	230.0
YDR508C	44.0	217.0
YDR510W	85.0	143.0
YDR511W	25.0	84.0
YDR512C		112.0
YDR513W	1024.0	102.0
YDR514C	92.0	99.0
YDR515W	239.0	101.0
YDR516C	75.0	125.0
YDR517W	88.0	179.0
YDR518W	52.0	68.0
YDR519W	65.0	212.0
YDR520C	98.0	135.0
YDR523C		137.0
YDR524C	67.0	272.0
YDR524C-B	53.0	338.0
YDR524W-C	129.0	348.0
YDR525W-A	86.0	248.0
YDR527W	534.0	755.0
YDR528W	318.0	127.0
YDR529C	60.0	223.0
YDR530C	4.0	157.0
YDR531W	260.0	74.0
YDR532C	35.0	63.0
YDR533C	42.0	95.0
YDR534C	2141.0	228.0
YDR536W	391.0	149.0
YDR538W	920.0	288.0
YDR539W	113.0	356.0
YDR540C	17.0	374.0
YDR541C	979.0	700.0
YDR542W	94.0	67.0
YDR545W	110.0	79.0
YEL001C	39.0	94.0
YEL002C	59.0	78.0
YEL003W	1221.0	59.0
YEL004W	66.0	215.0
YEL005C	40.0	101.0
YEL006W	23.0	389.0
YEL007W	469.0	169.0
YEL008W		390.0
YEL009C	604.0	106.0
YEL009C-A	211.0	221.0
YEL011W	31.0	118.0
YEL012W	1029.0	111.0
YEL013W	289.0	448.0
YEL014C		223.0
YEL015W	582.0	217.0
YEL016C	207.0	200.0
YEL017C-A	48.0	469.0
YEL017W	481.0	94.0
YEL018W	64.0	138.0
YEL019C	36.0	1944.0
YEL020C	39.0	49.0
YEL020W-A	64.0	117.0
YEL022W	107.0	85.0
YEL023C	560.0	124.0
YEL024W	114.0	569.0
YEL025C	772.0	289.0
YEL026W	190.0	113.0
YEL027W	391.0	273.0
YEL028W	582.0	52.0
YEL029C	65.0	356.0
YEL030W	433.0	368.0
YEL031W	20.0	148.0
YEL032W	279.0	223.0
YEL033W	592.0	
YEL034W	89.0	219.0
YEL035C	771.0	318.0
YEL036C	272.0	84.0
YEL037C	124.0	176.0
YEL038W	56.0	113.0
YEL039C	190.0	107.0
YEL040W	2404.0	135.0
YEL041W	295.0	632.0
YEL042W	213.0	155.0
YEL043W	49.0	106.0
YEL044W	6.0	49.0
YEL046C	108.0	586.0
YEL047C	14.0	75.0
YEL048C		547.0
YEL049W	370.0	133.0
YEL050C	54.0	144.0
YEL051W	50.0	109.0
YEL052W	249.0	68.0
YEL053C	264.0	107.0
YEL054C	43.0	241.0
YEL055C	95.0	1924.0
YEL056W	313.0	121.0
YEL057C	168.0	107.0
YEL058W	45.0	64.0
YEL059C-A	77.0	67.0
YEL060C	63.0	244.0
YEL061C	123.0	245.0
YEL062W	184.0	147.0
YEL063C	251.0	286.0
YEL064C	126.0	329.0
YEL065W	1532.0	79.0
YEL066W		73.0
YEL067C	163.0	788.0
YEL068C	961.0	246.0
YEL069C	472.0	
YEL070W	1579.0	230.0
YEL071W	36.0	112.0
YEL072W	134.0	254.0
YEL073C	515.0	730.0
YEL075C	321.0	740.0
YEL077C		77.0
YER001W	66.0	247.0
YER002W	64.0	97.0
YER003C	44.0	81.0
YER004W	10.0	261.0
YER005W	71.0	139.0
YER006W	55.0	116.0
YER007C-A	9.0	69.0
YER007W	9.0	84.0
YER008C	93.0	104.0
YER009W	34.0	162.0
YER010C	311.0	92.0
YER011W		85.0
YER012W	86.0	132.0
YER013W	70.0	77.0
YER014W	64.0	113.0
YER015W	81.0	255.0
YER016W	584.0	150.0
YER017C	81.0	167.0
YER018C	60.0	136.0
YER019C-A	89.0	63.0
YER019W		390.0
YER020W	333.0	167.0
YER021W	66.0	123.0
YER022W	45.0	103.0
YER023W	36.0	67.0
YER024W	63.0	107.0
YER025W	65.0	246.0
YER026C	91.0	227.0
YER027C	69.0	198.0
YER028C		57.0
YER029C	71.0	99.0
YER030W	37.0	127.0
YER031C	34.0	146.0
YER032W	97.0	275.0
YER033C	260.0	247.0
YER034W	53.0	253.0
YER035W	78.0	138.0
YER036C	30.0	108.0
YER037W	85.0	227.0
YER038C	14.0	762.0
YER039C	302.0	143.0
YER039C-A	26.0	950.0
YER040W	87.0	261.0
YER041W	93.0	206.0
YER042W	2569.0	175.0
YER043C	34.0	236.0
YER044C	80.0	126.0
YER044C-A		982.0
YER045C	300.0	123.0
YER046W	696.0	170.0
YER047C	199.0	249.0
YER048C	102.0	74.0
YER048W-A	81.0	348.0
YER049W	149.0	81.0
YER050C	67.0	115.0
YER051W	38.0	234.0
YER052C	102.0	131.0
YER053C	167.0	140.0
YER053C-A	110.0	385.0
YER054C	430.0	188.0
YER055C	144.0	134.0
YER056C	91.0	123.0
YER056C-A	8.0	98.0
YER057C	31.0	85.0
YER058W	125.0	166.0
YER059W	224.0	127.0
YER060W	143.0	69.0
YER060W-A		157.0
YER061C	31.0	2118.0
YER062C	84.0	241.0
YER063W	56.0	205.0
YER064C	90.0	287.0
YER065C	62.0	139.0
YER066W	817.0	186.0
YER067W	84.0	97.0
YER068W	120.0	120.0
YER069W	73.0	163.0
YER070W	258.0	220.0
YER071C	164.0	31.0
YER072W	66.0	144.0
YER073W	213.0	276.0
YER074W	185.0	104.0
YER074W-A	82.0	74.0
YER075C	156.0	141.0
YER076C	486.0	153.0
YER077C		102.0
YER078C	210.0	97.0
YER078W-A	79.0	68.0
YER079W	117.0	261.0
YER080W	163.0	84.0
YER081W	477.0	185.0
YER082C	1122.0	91.0
YER083C	86.0	37.0
YER084W		193.0
YER086W	111.0	147.0
YER087C-B	47.0	210.0
YER087W	75.0	195.0
YER088C	122.0	136.0
YER089C	352.0	2810.0
YER090W	101.0	153.0
YER091C	70.0	229.0
YER092W	40.0	118.0
YER093C	82.0	470.0
YER093C-A	174.0	134.0
YER094C	101.0	156.0
YER095W	67.0	232.0
YER096W	154.0	194.0
YER098W	253.0	404.0
YER099C	45.0	59.0
YER100W	151.0	94.0
YER101C	42.0	121.0
YER102W	7.0	143.0
YER103W	199.0	113.0
YER104W	46.0	1053.0
YER105C	63.0	105.0
YER106W		209.0
YER107C	201.0	104.0
YER110C	112.0	154.0
YER111C	358.0	162.0
YER112W	99.0	100.0
YER113C	158.0	147.0
YER114C	321.0	325.0
YER115C	1405.0	118.0
YER116C	100.0	382.0
YER117W	102.0	80.0
YER118C	177.0	292.0
YER119C	34.0	110.0
YER120W	572.0	280.0
YER121W	34.0	128.0
YER122C	81.0	32.0
YER123W	192.0	422.0
YER124C	40.0	358.0
YER125W	489.0	413.0
YER126C	97.0	760.0
YER127W	21.0	99.0
YER128W	44.0	149.0
YER129W	556.0	270.0
YER130C	96.0	220.0
YER131W	382.0	122.0
YER132C	648.0	140.0
YER133W	90.0	440.0
YER134C	756.0	288.0
YER135C	215.0	973.0
YER136W	88.0	326.0
YER137C	91.0	165.0
YER137C-A		2425.0
YER138C		316.0
YER138W-A	144.0	481.0
YER139C	251.0	727.0
YER140W	242.0	221.0
YER141W	63.0	225.0
YER142C	74.0	57.0
YER143W	108.0	182.0
YER144C	13.0	136.0
YER145C	21.0	103.0
YER145C-A	71.0	
YER146W	41.0	3347.0
YER147C	80.0	102.0
YER148W	193.0	190.0
YER149C	134.0	1092.0
YER150W	41.0	171.0
YER151C	58.0	89.0
YER152C	1249.0	88.0
YER153C	432.0	1472.0
YER154W	20.0	41.0
YER155C	257.0	151.0
YER156C	40.0	116.0
YER157W	23.0	89.0
YER158C	183.0	148.0
YER159C	183.0	128.0
YER159C-A		2795.0
YER160C		324.0
YER161C	47.0	273.0
YER162C	35.0	113.0
YER163C	37.0	126.0
YER164W	360.0	132.0
YER165W	198.0	149.0
YER166W	312.0	88.0
YER167W	290.0	28.0
YER168C	55.0	87.0
YER169W	281.0	214.0
YER170W	61.0	353.0
YER171W	125.0	79.0
YER172C	62.0	123.0
YER173W	23.0	176.0
YER174C	1222.0	82.0
YER175C	85.0	376.0
YER175W-A	171.0	766.0
YER176W	1098.0	118.0
YER177W	49.0	177.0
YER178W	60.0	145.0
YER179W	42.0	46.0
YER180C	643.0	68.0
YER180C-A	48.0	1206.0
YER181C	562.0	50.0
YER182W	35.0	106.0
YER183C	1.0	89.0
YER184C	388.0	536.0
YER186C	59.0	135.0
YER187W	733.0	172.0
YER188C-A	1581.0	
YER188W	58.0	216.0
YER189W	418.0	853.0
YER190W	743.0	79.0
YFL001W	18.0	31.0
YFL002C	78.0	132.0
YFL002W-A		314.0
YFL002W-B		3187.0
YFL003C		140.0
YFL004W	160.0	73.0
YFL005W	174.0	224.0
YFL007W	171.0	78.0
YFL008W	78.0	104.0
YFL009W	224.0	87.0
YFL010C	23.0	180.0
YFL010W-A	226.0	
YFL011W	279.0	56.0
YFL013C	33.0	88.0
YFL014W	74.0	196.0
YFL015C	814.0	
YFL016C	85.0	101.0
YFL017C	42.0	75.0
YFL017W-A	254.0	58.0
YFL018C	93.0	101.0
YFL019C	617.0	1196.0
YFL020C	1623.0	175.0
YFL021W	669.0	164.0
YFL022C	73.0	103.0
YFL023W	24.0	104.0
YFL024C	327.0	409.0
YFL025C	116.0	174.0
YFL026W	513.0	252.0
YFL027C	27.0	78.0
YFL028C	22.0	76.0
YFL029C	48.0	1228.0
YFL030W	9.0	90.0
YFL031W	66.0	416.0
YFL033C	209.0	224.0
YFL034C-A	42.0	85.0
YFL034C-B	45.0	204.0
YFL034W	189.0	119.0
YFL036W	225.0	101.0
YFL037W	76.0	225.0
YFL038C	80.0	122.0
YFL039C	125.0	179.0
YFL041W	49.0	171.0
YFL041W-A	860.0	63.0
YFL042C	33.0	64.0
YFL044C	32.0	195.0
YFL045C	1187.0	160.0
YFL046W	18.0	165.0
YFL047W	8.0	67.0
YFL048C	30.0	138.0
YFL049W	31.0	155.0
YFL050C	676.0	271.0
YFL052W	25.0	2393.0
YFL053W		163.0
YFL054C	83.0	51.0
YFL055W	95.0	464.0
YFL058W	3169.0	346.0
YFL059W	1603.0	2038.0
YFL060C	96.0	136.0
YFL061W	4.0	117.0
YFL062W	10.0	80.0
YFL064C	83.0	
YFL066C	14.0	
YFR001W	51.0	74.0
YFR002W	30.0	95.0
YFR003C	47.0	141.0
YFR004W	60.0	78.0
YFR005C	57.0	218.0
YFR006W	74.0	122.0
YFR007W	80.0	68.0
YFR008W	77.0	346.0
YFR009W	76.0	85.0
YFR010W	82.0	92.0
YFR011C	44.0	174.0
YFR012W-A	717.0	212.0
YFR013W	107.0	137.0
YFR014C	59.0	224.0
YFR015C	91.0	140.0
YFR016C	104.0	62.0
YFR017C	81.0	117.0
YFR018C	64.0	164.0
YFR019W	22.0	96.0
YFR020W	982.0	338.0
YFR021W	94.0	198.0
YFR022W	282.0	168.0
YFR023W	577.0	79.0
YFR024C-A	8.0	215.0
YFR025C	101.0	94.0
YFR026C	968.0	532.0
YFR027W	66.0	118.0
YFR028C	3500.0	68.0
YFR029W	97.0	74.0
YFR030W	140.0	144.0
YFR031C	45.0	50.0
YFR031C-A	24.0	68.0
YFR032C-A	5.0	107.0
YFR032C-B	100.0	494.0
YFR033C	1224.0	165.0
YFR034C	35.0	873.0
YFR035C	52.0	1345.0
YFR036W	39.0	143.0
YFR037C	30.0	121.0
YFR038W	26.0	92.0
YFR039C	129.0	65.0
YFR040W	299.0	89.0
YFR041C	41.0	145.0
YFR042W	59.0	96.0
YFR043C	1647.0	56.0
YFR044C	32.0	71.0
YFR045W	47.0	103.0
YFR046C	1025.0	245.0
YFR047C	40.0	82.0
YFR048W	126.0	52.0
YFR049W	165.0	139.0
YFR050C	65.0	147.0
YFR051C	46.0	72.0
YFR052W	40.0	59.0
YFR053C	154.0	173.0
YFR055W	774.0	469.0
YGL001C	130.0	127.0
YGL002W	111.0	173.0
YGL003C	103.0	50.0
YGL004C	1.0	18.0
YGL005C	29.0	224.0
YGL006W	467.0	119.0
YGL006W-A	46.0	364.0
YGL007C-A	939.0	163.0
YGL008C	236.0	520.0
YGL009C	79.0	162.0
YGL010W	50.0	178.0
YGL011C	40.0	147.0
YGL012W	51.0	157.0
YGL013C	135.0	98.0
YGL014W	418.0	88.0
YGL015C	315.0	60.0
YGL016W	70.0	193.0
YGL017W	38.0	144.0
YGL018C	35.0	122.0
YGL019W	76.0	99.0
YGL020C	64.0	81.0
YGL021W		106.0
YGL022W	70.0	82.0
YGL023C	28.0	130.0
YGL025C	28.0	84.0
YGL026C	44.0	82.0
YGL027C	39.0	96.0
YGL028C	182.0	305.0
YGL029W	72.0	179.0
YGL030W	191.0	101.0
YGL031C	9.0	106.0
YGL032C	171.0	109.0
YGL033W	18.0	176.0
YGL035C	131.0	158.0
YGL036W	76.0	114.0
YGL037C	98.0	148.0
YGL038C	89.0	346.0
YGL039W	554.0	117.0
YGL040C	80.0	7.0
YGL041W-A	60.0	120.0
YGL043W	22.0	287.0
YGL044C	225.0	266.0
YGL045W	363.0	243.0
YGL047W	87.0	25.0
YGL048C	48.0	97.0
YGL049C	192.0	170.0
YGL050W	81.0	207.0
YGL053W	749.0	152.0
YGL054C	73.0	327.0
YGL055W	72.0	283.0
YGL056C	98.0	102.0
YGL057C	41.0	213.0
YGL058W	60.0	407.0
YGL059W	35.0	156.0
YGL060W	120.0	270.0
YGL061C	73.0	251.0
YGL062W	56.0	143.0
YGL063W	256.0	395.0
YGL064C	26.0	80.0
YGL065C	56.0	41.0
YGL066W	206.0	269.0
YGL067W	107.0	39.0
YGL068W	47.0	200.0
YGL070C	25.0	329.0
YGL071W	525.0	145.0
YGL073W	463.0	59.0
YGL075C	186.0	345.0
YGL076C	30.0	110.0
YGL077C	147.0	78.0
YGL078C	98.0	190.0
YGL079W	45.0	215.0
YGL080W	32.0	263.0
YGL081W	117.0	952.0
YGL082W	92.0	190.0
YGL083W	90.0	158.0
YGL084C	56.0	95.0
YGL085W	67.0	172.0
YGL086W	477.0	87.0
YGL087C	60.0	117.0
YGL088W		242.0
YGL089C	108.0	143.0
YGL090W	54.0	110.0
YGL091C	68.0	224.0
YGL092W	137.0	58.0
YGL093W	98.0	49.0
YGL094C	212.0	178.0
YGL095C	50.0	100.0
YGL096W	38.0	286.0
YGL097W	66.0	119.0
YGL098W	206.0	971.0
YGL099W	51.0	60.0
YGL100W	37.0	91.0
YGL101W	28.0	256.0
YGL103W	613.0	88.0
YGL104C	20.0	146.0
YGL105W	31.0	102.0
YGL106W	29.0	233.0
YGL107C	59.0	98.0
YGL108C	46.0	157.0
YGL110C	706.0	161.0
YGL111W	1092.0	190.0
YGL112C	72.0	146.0
YGL113W	88.0	254.0
YGL114W	257.0	89.0
YGL115W	127.0	90.0
YGL116W	215.0	106.0
YGL117W	169.0	110.0
YGL119W	52.0	66.0
YGL120C	60.0	95.0
YGL121C	73.0	180.0
YGL122C	21.0	168.0
YGL123W	113.0	91.0
YGL124C	35.0	124.0
YGL125W	184.0	452.0
YGL126W	647.0	235.0
YGL127C	646.0	150.0
YGL128C	61.0	169.0
YGL129C	57.0	63.0
YGL130W	52.0	144.0
YGL131C	433.0	1447.0
YGL133W	198.0	101.0
YGL134W	160.0	93.0
YGL135W	84.0	95.0
YGL136C	55.0	127.0
YGL137W	63.0	469.0
YGL139W	314.0	334.0
YGL140C	187.0	240.0
YGL141W	61.0	118.0
YGL142C	62.0	149.0
YGL143C	31.0	355.0
YGL144C	1479.0	80.0
YGL145W	72.0	134.0
YGL146C	114.0	369.0
YGL147C	17.0	112.0
YGL148W	68.0	112.0
YGL150C	111.0	170.0
YGL151W	55.0	111.0
YGL153W	25.0	49.0
YGL154C	4.0	923.0
YGL155W	139.0	394.0
YGL156W	119.0	152.0
YGL157W		59.0
YGL159W	33.0	1009.0
YGL160W	137.0	135.0
YGL161C	100.0	152.0
YGL162W	212.0	143.0
YGL163C	158.0	38.0
YGL164C	78.0	88.0
YGL166W	43.0	152.0
YGL167C	376.0	140.0
YGL168W	1475.0	2989.0
YGL169W	70.0	203.0
YGL170C	29.0	102.0
YGL171W	36.0	91.0
YGL172W	49.0	112.0
YGL173C	390.0	106.0
YGL174W	41.0	218.0
YGL175C	59.0	1968.0
YGL176C	1279.0	106.0
YGL178W	482.0	661.0
YGL179C	79.0	104.0
YGL180W	573.0	354.0
YGL181W	53.0	131.0
YGL184C	134.0	115.0
YGL185C	9.0	70.0
YGL186C	32.0	45.0
YGL187C	463.0	309.0
YGL188C-A	15.0	674.0
YGL189C	19.0	71.0
YGL190C	591.0	208.0
YGL191W	111.0	246.0
YGL192W	312.0	45.0
YGL193C		1585.0
YGL194C	52.0	123.0
YGL194C-A	260.0	180.0
YGL195W	43.0	109.0
YGL196W	262.0	178.0
YGL197W	203.0	657.0
YGL198W	11.0	50.0
YGL200C	61.0	107.0
YGL201C	76.0	167.0
YGL202W	178.0	97.0
YGL203C	112.0	36.0
YGL204C	142.0	619.0
YGL205W	187.0	230.0
YGL206C	72.0	275.0
YGL207W	1640.0	315.0
YGL208W	216.0	2646.0
YGL209W		180.0
YGL210W	40.0	108.0
YGL211W	1105.0	105.0
YGL212W	25.0	1315.0
YGL213C	42.0	154.0
YGL215W	472.0	347.0
YGL216W	276.0	67.0
YGL219C	45.0	89.0
YGL220W		181.0
YGL221C	19.0	81.0
YGL222C	69.0	151.0
YGL223C	67.0	35.0
YGL224C	113.0	88.0
YGL225W	41.0	127.0
YGL226C-A	319.0	143.0
YGL226W	24.0	114.0
YGL227W	107.0	191.0
YGL228W	54.0	148.0
YGL229C	275.0	154.0
YGL230C	70.0	95.0
YGL231C	20.0	73.0
YGL232W	33.0	73.0
YGL233W	88.0	96.0
YGL234W	1060.0	99.0
YGL235W		3174.0
YGL236C	248.0	72.0
YGL237C	88.0	137.0
YGL238W	3.0	101.0
YGL240W	472.0	3161.0
YGL241W	46.0	177.0
YGL242C	55.0	206.0
YGL243W		158.0
YGL244W	75.0	107.0
YGL245W	43.0	62.0
YGL246C	45.0	165.0
YGL247W	20.0	100.0
YGL248W	156.0	40.0
YGL249W		222.0
YGL250W	4.0	299.0
YGL251C	43.0	256.0
YGL252C	38.0	98.0
YGL253W	47.0	208.0
YGL254W	13.0	755.0
YGL255W	2082.0	101.0
YGL256W	1811.0	204.0
YGL257C	109.0	141.0
YGL258W		233.0
YGL258W-A	932.0	845.0
YGL259W	240.0	1250.0
YGL262W		144.0
YGL263W	19.0	13.0
YGR001C	24.0	79.0
YGR002C	9.0	286.0
YGR003W	33.0	310.0
YGR004W	63.0	262.0
YGR005C	30.0	106.0
YGR006W	35.0	1258.0
YGR007W	934.0	145.0
YGR008C	109.0	178.0
YGR009C	43.0	106.0
YGR010W	229.0	208.0
YGR012W	1740.0	87.0
YGR013W	80.0	231.0
YGR014W	275.0	140.0
YGR015C	36.0	229.0
YGR016W	18.0	612.0
YGR017W	159.0	119.0
YGR018C	363.0	845.0
YGR019W	38.0	93.0
YGR020C	80.0	151.0
YGR021W	27.0	100.0
YGR023W	279.0	239.0
YGR024C	3.0	94.0
YGR025W		1170.0
YGR026W	179.0	158.0
YGR027C	15.0	91.0
YGR027W-A		2425.0
YGR027W-B		317.0
YGR028W	25.0	188.0
YGR029W	24.0	94.0
YGR030C	137.0	73.0
YGR031C-A		85.0
YGR031W	106.0	430.0
YGR032W	427.0	85.0
YGR033C	110.0	296.0
YGR034W	82.0	131.0
YGR035C	90.0	174.0
YGR036C	485.0	620.0
YGR037C	70.0	205.0
YGR038C-A		4275.0
YGR038C-B		329.0
YGR038W	138.0	256.0
YGR039W		644.0
YGR040W	253.0	509.0
YGR041W	353.0	202.0
YGR042W	19.0	1115.0
YGR043C	47.0	148.0
YGR044C	81.0	210.0
YGR045C	262.0	1211.0
YGR046W	92.0	344.0
YGR047C	35.0	62.0
YGR048W	85.0	91.0
YGR049W	155.0	1544.0
YGR050C	864.0	213.0
YGR052W	139.0	183.0
YGR053C	59.0	60.0
YGR054W	200.0	213.0
YGR055W	124.0	153.0
YGR056W	63.0	132.0
YGR057C	78.0	340.0
YGR058W	48.0	398.0
YGR059W		98.0
YGR060W	83.0	194.0
YGR061C	131.0	105.0
YGR062C	65.0	79.0
YGR063C	17.0	121.0
YGR065C	110.0	124.0
YGR066C	4.0	166.0
YGR067C	109.0	118.0
YGR068C	192.0	402.0
YGR070W	38.0	165.0
YGR071C	84.0	214.0
YGR072W	40.0	119.0
YGR074W	39.0	319.0
YGR075C	40.0	555.0
YGR076C	51.0	140.0
YGR077C	1166.0	64.0
YGR078C	43.0	2092.0
YGR079W		93.0
YGR080W	34.0	155.0
YGR081C	51.0	142.0
YGR082W	55.0	149.0
YGR083C	75.0	109.0
YGR084C		112.0
YGR085C	54.0	122.0
YGR086C	122.0	356.0
YGR087C	32.0	100.0
YGR088W	305.0	88.0
YGR089W	296.0	131.0
YGR090W	296.0	115.0
YGR091W	84.0	146.0
YGR092W	121.0	161.0
YGR093W	749.0	143.0
YGR094W	45.0	68.0
YGR095C	53.0	177.0
YGR096W	80.0	60.0
YGR097W	120.0	289.0
YGR098C	249.0	264.0
YGR099W	80.0	77.0
YGR100W	258.0	133.0
YGR101W	75.0	197.0
YGR102C	24.0	176.0
YGR103W	650.0	167.0
YGR104C	68.0	72.0
YGR105W	58.0	171.0
YGR106C	60.0	105.0
YGR108W	218.0	189.0
YGR109C		97.0
YGR109W-B		228.0
YGR110W	90.0	195.0
YGR111W	32.0	112.0
YGR112W	79.0	1720.0
YGR113W	1023.0	323.0
YGR116W	51.0	195.0
YGR117C	9.0	321.0
YGR118W	58.0	177.0
YGR119C	89.0	83.0
YGR120C	43.0	196.0
YGR121C	39.0	141.0
YGR122W	293.0	384.0
YGR123C	34.0	208.0
YGR124W	122.0	113.0
YGR125W	206.0	159.0
YGR126W	154.0	1427.0
YGR127W	9.0	218.0
YGR128C	81.0	110.0
YGR129W	35.0	975.0
YGR130C	133.0	187.0
YGR131W	527.0	104.0
YGR132C	93.0	260.0
YGR133W		223.0
YGR134W	157.0	194.0
YGR135W	78.0	86.0
YGR136W	81.0	244.0
YGR138C	280.0	91.0
YGR140W		82.0
YGR141W	85.0	93.0
YGR142W	54.0	98.0
YGR143W	465.0	389.0
YGR144W	224.0	81.0
YGR145W	67.0	285.0
YGR146C	299.0	200.0
YGR146C-A		1121.0
YGR147C	66.0	55.0
YGR148C	7.0	160.0
YGR149W	136.0	213.0
YGR150C	49.0	1050.0
YGR152C	168.0	168.0
YGR153W	61.0	66.0
YGR154C	310.0	759.0
YGR155W	754.0	137.0
YGR156W	193.0	53.0
YGR157W	339.0	160.0
YGR158C	101.0	218.0
YGR159C	105.0	143.0
YGR161C	94.0	268.0
YGR161C-C		4257.0
YGR161C-D		311.0
YGR161W-A		2471.0
YGR161W-B		314.0
YGR161W-C	26.0	265.0
YGR162W	67.0	440.0
YGR163W	57.0	79.0
YGR164W	1130.0	
YGR165W	54.0	157.0
YGR166W	99.0	93.0
YGR167W	99.0	190.0
YGR168C	60.0	100.0
YGR169C	26.0	97.0
YGR169C-A	99.0	381.0
YGR170W	65.0	289.0
YGR171C	41.0	117.0
YGR172C	37.0	129.0
YGR173W	70.0	218.0
YGR174C		132.0
YGR174W-A	145.0	139.0
YGR175C	27.0	181.0
YGR178C	213.0	113.0
YGR179C	42.0	165.0
YGR180C	224.0	130.0
YGR181W	20.0	184.0
YGR183C	101.0	373.0
YGR184C	1772.0	104.0
YGR185C	32.0	1193.0
YGR186W	28.0	50.0
YGR187C	85.0	146.0
YGR188C	39.0	161.0
YGR189C	90.0	122.0
YGR191W	726.0	170.0
YGR192C	69.0	110.0
YGR193C	108.0	122.0
YGR194C		103.0
YGR195W	127.0	76.0
YGR196C	74.0	111.0
YGR197C	197.0	70.0
YGR198W	661.0	151.0
YGR199W	46.0	337.0
YGR200C	59.0	30.0
YGR201C	25.0	70.0
YGR202C	96.0	125.0
YGR203W	304.0	191.0
YGR204C-A	1038.0	261.0
YGR204W	122.0	88.0
YGR205W	126.0	126.0
YGR206W	24.0	83.0
YGR207C	55.0	112.0
YGR208W	65.0	107.0
YGR209C	91.0	94.0
YGR210C	171.0	97.0
YGR211W	124.0	198.0
YGR212W	170.0	1053.0
YGR213C	37.0	379.0
YGR214W	58.0	134.0
YGR215W	48.0	123.0
YGR216C	73.0	128.0
YGR217W	51.0	73.0
YGR218W	311.0	208.0
YGR220C	10.0	86.0
YGR221C	235.0	64.0
YGR222W	17.0	94.0
YGR223C	50.0	84.0
YGR225W	109.0	100.0
YGR227W	79.0	338.0
YGR229C	358.0	207.0
YGR230W	153.0	117.0
YGR231C	86.0	228.0
YGR232W	22.0	53.0
YGR233C	248.0	64.0
YGR234W	25.0	266.0
YGR235C	71.0	156.0
YGR236C	124.0	237.0
YGR237C	70.0	178.0
YGR238C	130.0	122.0
YGR239C	90.0	90.0
YGR240C	233.0	230.0
YGR240C-A	2322.0	
YGR241C	518.0	57.0
YGR243W	15.0	120.0
YGR244C	115.0	136.0
YGR245C	92.0	300.0
YGR246C	14.0	161.0
YGR247W	331.0	94.0
YGR248W	18.0	96.0
YGR249W	691.0	490.0
YGR250C	194.0	115.0
YGR251W	70.0	401.0
YGR252W	61.0	208.0
YGR253C	77.0	82.0
YGR254W	78.0	152.0
YGR255C	105.0	53.0
YGR256W	209.0	126.0
YGR257C	105.0	38.0
YGR258C	40.0	64.0
YGR260W	215.0	114.0
YGR261C	56.0	98.0
YGR262C	41.0	108.0
YGR263C	45.0	79.0
YGR264C	520.0	200.0
YGR266W	80.0	256.0
YGR267C	154.0	15.0
YGR268C	382.0	179.0
YGR270W	502.0	106.0
YGR271C-A	9.0	95.0
YGR271W	21.0	143.0
YGR274C	21.0	89.0
YGR275W	57.0	104.0
YGR276C	37.0	74.0
YGR277C	18.0	106.0
YGR278W	24.0	81.0
YGR279C	117.0	329.0
YGR280C	248.0	239.0
YGR281W	266.0	453.0
YGR282C	83.0	347.0
YGR283C	49.0	108.0
YGR284C	51.0	187.0
YGR285C	16.0	65.0
YGR286C	121.0	162.0
YGR287C		112.0
YGR288W	83.0	522.0
YGR289C	353.0	201.0
YGR292W	32.0	136.0
YGR294W	372.0	131.0
YGR295C	15.0	82.0
YGR296W	64.0	72.0
YHL001W	70.0	124.0
YHL002W	19.0	65.0
YHL003C	178.0	142.0
YHL004W	246.0	1569.0
YHL005C		818.0
YHL006C	102.0	386.0
YHL007C	139.0	154.0
YHL008C	168.0	50.0
YHL009C	139.0	241.0
YHL009W-A		1287.0
YHL009W-B		420.0
YHL010C	81.0	258.0
YHL011C	100.0	218.0
YHL012W		202.0
YHL013C	40.0	126.0
YHL014C	1030.0	173.0
YHL015W	38.0	295.0
YHL015W-A		361.0
YHL016C	815.0	142.0
YHL017W	592.0	130.0
YHL018W	24.0	1840.0
YHL019C	55.0	1583.0
YHL020C	84.0	108.0
YHL021C	70.0	92.0
YHL022C		134.0
YHL023C	59.0	40.0
YHL024W	172.0	302.0
YHL025W	281.0	112.0
YHL026C	229.0	120.0
YHL027W	143.0	212.0
YHL028W	478.0	78.0
YHL029C	49.0	107.0
YHL030W	75.0	115.0
YHL031C	11.0	2482.0
YHL032C	76.0	63.0
YHL033C	17.0	69.0
YHL034C	133.0	155.0
YHL035C	56.0	148.0
YHL036W	100.0	89.0
YHL038C	41.0	138.0
YHL039W	198.0	150.0
YHL040C	376.0	250.0
YHL041W		166.0
YHL042W		524.0
YHL043W		199.0
YHL044W	44.0	284.0
YHL046C	277.0	49.0
YHL047C	633.0	239.0
YHL048W	7.0	179.0
YHL050C	31.0	68.0
YHR001W	237.0	189.0
YHR001W-A	144.0	329.0
YHR002W	163.0	139.0
YHR003C	19.0	130.0
YHR004C	81.0	249.0
YHR005C	111.0	102.0
YHR005C-A	45.0	142.0
YHR006W	72.0	129.0
YHR007C	43.0	284.0
YHR007C-A	930.0	636.0
YHR008C	105.0	182.0
YHR009C	235.0	99.0
YHR010W	96.0	145.0
YHR011W	92.0	152.0
YHR012W	33.0	328.0
YHR013C	31.0	108.0
YHR014W	321.0	47.0
YHR015W		448.0
YHR016C	61.0	139.0
YHR017W	22.0	81.0
YHR018C	55.0	154.0
YHR019C	68.0	105.0
YHR020W	145.0	87.0
YHR021C	87.0	95.0
YHR021W-A		867.0
YHR023W	63.0	209.0
YHR024C	30.0	286.0
YHR025W	45.0	83.0
YHR026W	155.0	160.0
YHR027C	57.0	145.0
YHR028C	63.0	101.0
YHR029C	39.0	85.0
YHR030C	204.0	162.0
YHR031C	119.0	157.0
YHR032W	119.0	1732.0
YHR033W	25.0	43.0
YHR034C	58.0	17.0
YHR035W	10.0	252.0
YHR036W	358.0	222.0
YHR037W	491.0	174.0
YHR038W	55.0	105.0
YHR039C	148.0	96.0
YHR039C-A	21.0	97.0
YHR040W	33.0	767.0
YHR041C		231.0
YHR042W	85.0	90.0
YHR043C	102.0	136.0
YHR044C	226.0	119.0
YHR045W	149.0	126.0
YHR046C	53.0	180.0
YHR047C	43.0	245.0
YHR048W	554.0	
YHR049W	51.0	136.0
YHR050W	194.0	72.0
YHR050W-A	259.0	967.0
YHR051W	165.0	484.0
YHR052W	1290.0	136.0
YHR053C	116.0	213.0
YHR054C	140.0	139.0
YHR055C	73.0	215.0
YHR056C	52.0	143.0
YHR057C	30.0	76.0
YHR058C	56.0	59.0
YHR059W	66.0	106.0
YHR060W	17.0	69.0
YHR061C	197.0	289.0
YHR062C	36.0	85.0
YHR063C	57.0	79.0
YHR064C	42.0	102.0
YHR065C	64.0	118.0
YHR066W	34.0	129.0
YHR067W	66.0	341.0
YHR068W	895.0	166.0
YHR069C	14.0	192.0
YHR070W	87.0	349.0
YHR071W	357.0	51.0
YHR072W	70.0	117.0
YHR072W-A	62.0	160.0
YHR073W	120.0	187.0
YHR074W	293.0	154.0
YHR075C	43.0	74.0
YHR076W	45.0	143.0
YHR077C	387.0	119.0
YHR078W	294.0	130.0
YHR079C	275.0	228.0
YHR079C-A	2.0	178.0
YHR080C	207.0	50.0
YHR081W	28.0	118.0
YHR082C	846.0	217.0
YHR083W	124.0	86.0
YHR084W	314.0	291.0
YHR085W	23.0	125.0
YHR086W	234.0	443.0
YHR087W	77.0	189.0
YHR088W	51.0	108.0
YHR089C	57.0	197.0
YHR090C	36.0	250.0
YHR091C	73.0	95.0
YHR092C	75.0	113.0
YHR094C	271.0	117.0
YHR096C	166.0	237.0
YHR097C	35.0	126.0
YHR098C	108.0	140.0
YHR099W	510.0	137.0
YHR100C	1098.0	38.0
YHR101C	294.0	275.0
YHR102W	184.0	115.0
YHR103W	259.0	210.0
YHR104W	99.0	186.0
YHR105W	328.0	1412.0
YHR106W	1160.0	196.0
YHR107C	68.0	172.0
YHR108W	57.0	138.0
YHR109W	3.0	78.0
YHR110W	26.0	87.0
YHR111W	34.0	42.0
YHR112C	252.0	158.0
YHR113W	464.0	137.0
YHR114W	124.0	128.0
YHR115C	183.0	120.0
YHR116W	113.0	239.0
YHR117W	797.0	276.0
YHR118C	28.0	57.0
YHR119W	293.0	155.0
YHR120W	38.0	63.0
YHR121W	67.0	77.0
YHR122W	79.0	209.0
YHR123W	20.0	139.0
YHR124W		66.0
YHR126C		116.0
YHR127W	45.0	226.0
YHR128W	99.0	238.0
YHR129C	268.0	106.0
YHR130C	2770.0	67.0
YHR131C	178.0	442.0
YHR132C	89.0	167.0
YHR132W-A	45.0	166.0
YHR133C	38.0	214.0
YHR134W	5.0	145.0
YHR135C	120.0	106.0
YHR136C		96.0
YHR137W	36.0	117.0
YHR138C	68.0	142.0
YHR139C	46.0	324.0
YHR140W	56.0	89.0
YHR141C	33.0	123.0
YHR142W	179.0	80.0
YHR143W	278.0	241.0
YHR143W-A	32.0	282.0
YHR144C		83.0
YHR146W	39.0	313.0
YHR147C	35.0	131.0
YHR148W	46.0	342.0
YHR149C	146.0	157.0
YHR150W	42.0	225.0
YHR151C	203.0	161.0
YHR152W	94.0	112.0
YHR153C	1195.0	157.0
YHR154W	62.0	98.0
YHR155W	103.0	162.0
YHR156C	54.0	539.0
YHR157W		168.0
YHR158C	130.0	148.0
YHR159W	75.0	1217.0
YHR160C	5.0	490.0
YHR161C	171.0	87.0
YHR162W	189.0	118.0
YHR163W	32.0	134.0
YHR164C	107.0	244.0
YHR165C	119.0	86.0
YHR166C	108.0	165.0
YHR167W	82.0	226.0
YHR168W	56.0	204.0
YHR169W	69.0	93.0
YHR170W	79.0	125.0
YHR171W	18.0	115.0
YHR172W	525.0	445.0
YHR174W	38.0	122.0
YHR175W	3.0	248.0
YHR175W-A	689.0	
YHR176W	124.0	113.0
YHR177W	91.0	1146.0
YHR178W	50.0	181.0
YHR179W	57.0	79.0
YHR180W	267.0	
YHR181W	65.0	93.0
YHR182W	52.0	52.0
YHR183W	100.0	139.0
YHR184W	1518.0	1105.0
YHR185C		73.0
YHR186C	109.0	98.0
YHR187W	35.0	118.0
YHR188C	43.0	71.0
YHR189W	59.0	1708.0
YHR190W	876.0	98.0
YHR191C	64.0	1434.0
YHR192W	67.0	594.0
YHR193C	47.0	64.0
YHR194W	71.0	94.0
YHR195W	414.0	190.0
YHR196W	1598.0	167.0
YHR197W	21.0	125.0
YHR198C	30.0	130.0
YHR199C	297.0	91.0
YHR199C-A	24.0	1173.0
YHR200W	1608.0	62.0
YHR201C	282.0	895.0
YHR202W	32.0	244.0
YHR203C	39.0	133.0
YHR204W	56.0	103.0
YHR205W	454.0	214.0
YHR206W	319.0	292.0
YHR207C	31.0	110.0
YHR208W	65.0	157.0
YHR209W	445.0	267.0
YHR211W	280.0	72.0
YHR213W-A		865.0
YHR213W-B	164.0	548.0
YHR214C-B		319.0
YHR214C-C		2425.0
YHR214C-E	158.0	
YHR214W	81.0	1381.0
YHR215W	301.0	57.0
YHR216W	91.0	178.0
YHR218W		2192.0
YHR219W	1178.0	76.0
YIL001W	74.0	28.0
YIL002C	276.0	151.0
YIL002W-A	28.0	99.0
YIL003W	441.0	108.0
YIL004C	19.0	166.0
YIL005W	156.0	198.0
YIL006W	272.0	266.0
YIL007C	26.0	160.0
YIL008W	61.0	143.0
YIL009C-A	35.0	427.0
YIL009W	1046.0	236.0
YIL010W	37.0	196.0
YIL011W	193.0	109.0
YIL013C	120.0	198.0
YIL014C-A	88.0	211.0
YIL014W	185.0	121.0
YIL015W		99.0
YIL016W	221.0	66.0
YIL017C	70.0	104.0
YIL018W	248.0	90.0
YIL019W	56.0	158.0
YIL020C	97.0	120.0
YIL021W	95.0	160.0
YIL022W	118.0	241.0
YIL023C	37.0	61.0
YIL024C	52.0	114.0
YIL026C	63.0	147.0
YIL027C	58.0	94.0
YIL029C	105.0	397.0
YIL030C	109.0	129.0
YIL031W	170.0	181.0
YIL033C	108.0	189.0
YIL034C	13.0	77.0
YIL035C	135.0	115.0
YIL036W	197.0	179.0
YIL037C		6.0
YIL038C	243.0	175.0
YIL039W	198.0	102.0
YIL040W	9.0	98.0
YIL041W	27.0	83.0
YIL042C	27.0	118.0
YIL043C	32.0	105.0
YIL044C	26.0	176.0
YIL045W	109.0	143.0
YIL046W	237.0	155.0
YIL046W-A	183.0	2193.0
YIL047C	38.0	185.0
YIL048W	305.0	140.0
YIL049W	38.0	66.0
YIL050W	72.0	123.0
YIL051C	67.0	135.0
YIL052C	83.0	108.0
YIL053W	1236.0	145.0
YIL054W	739.0	10.0
YIL055C	60.0	133.0
YIL056W	292.0	123.0
YIL057C	106.0	187.0
YIL060W	352.0	271.0
YIL062C	38.0	80.0
YIL063C	69.0	44.0
YIL064W		81.0
YIL065C	44.0	108.0
YIL066C	185.0	148.0
YIL067C	59.0	97.0
YIL068C	67.0	123.0
YIL069C	45.0	192.0
YIL070C	76.0	146.0
YIL071C	37.0	2143.0
YIL072W		161.0
YIL073C	303.0	217.0
YIL074C	139.0	54.0
YIL075C	62.0	101.0
YIL076W	27.0	69.0
YIL077C	27.0	136.0
YIL078W	48.0	71.0
YIL079C	30.0	123.0
YIL082W-A		434.0
YIL083C	105.0	99.0
YIL084C	42.0	1848.0
YIL085C	545.0	254.0
YIL086C	2127.0	586.0
YIL087C	74.0	101.0
YIL088C	73.0	92.0
YIL089W	34.0	476.0
YIL090W	138.0	328.0
YIL091C	49.0	57.0
YIL092W	54.0	79.0
YIL093C	83.0	144.0
YIL094C	73.0	89.0
YIL095W	169.0	92.0
YIL096C	66.0	390.0
YIL097W	74.0	114.0
YIL098C	57.0	91.0
YIL099W	449.0	125.0
YIL101C	156.0	105.0
YIL102C-A	38.0	1177.0
YIL103W	59.0	92.0
YIL104C	65.0	94.0
YIL105C	138.0	169.0
YIL105W-A	380.0	1963.0
YIL106W	275.0	75.0
YIL107C	168.0	254.0
YIL108W	214.0	83.0
YIL109C	108.0	115.0
YIL110W	54.0	169.0
YIL111W	1190.0	34.0
YIL112W	1068.0	143.0
YIL113W	46.0	106.0
YIL114C	273.0	71.0
YIL115C	216.0	58.0
YIL116W	119.0	127.0
YIL117C	173.0	120.0
YIL118W	148.0	161.0
YIL119C	213.0	1090.0
YIL120W	126.0	298.0
YIL121W	25.0	168.0
YIL122W	302.0	146.0
YIL123W	2.0	338.0
YIL124W	58.0	120.0
YIL125W	288.0	264.0
YIL126W	82.0	157.0
YIL127C	40.0	183.0
YIL128W	90.0	116.0
YIL129C	108.0	156.0
YIL130W	151.0	159.0
YIL131C	417.0	159.0
YIL132C	20.0	409.0
YIL133C	71.0	97.0
YIL134C-A	1210.0	
YIL134W	48.0	38.0
YIL135C	73.0	145.0
YIL136W	463.0	210.0
YIL137C	511.0	67.0
YIL138C	30.0	352.0
YIL139C		116.0
YIL140W	115.0	129.0
YIL142W	48.0	54.0
YIL143C	34.0	154.0
YIL144W	114.0	216.0
YIL145C	73.0	476.0
YIL146C	373.0	240.0
YIL147C	228.0	288.0
YIL148W	81.0	81.0
YIL149C	146.0	101.0
YIL150C	31.0	55.0
YIL151C	168.0	762.0
YIL152W	579.0	160.0
YIL153W	1430.0	46.0
YIL154C	52.0	71.0
YIL155C	71.0	346.0
YIL156W	330.0	239.0
YIL156W-B	35.0	99.0
YIL157C	34.0	171.0
YIL158W	20.0	99.0
YIL159W		107.0
YIL160C	34.0	127.0
YIL161W	26.0	1338.0
YIL162W	39.0	222.0
YIL163C	234.0	
YIL164C	320.0	547.0
YIL165C	929.0	178.0
YIL166C	407.0	625.0
YIL169C	47.0	429.0
YIL172C	252.0	122.0
YIL173W	594.0	410.0
YIL177C		78.0
YIR001C	61.0	322.0
YIR002C	91.0	119.0
YIR003W	148.0	73.0
YIR004W	40.0	128.0
YIR005W	220.0	77.0
YIR006C	34.0	86.0
YIR007W	95.0	106.0
YIR008C	46.0	384.0
YIR009W	74.0	434.0
YIR010W	91.0	126.0
YIR011C	25.0	108.0
YIR012W	40.0	121.0
YIR014W	37.0	54.0
YIR015W	279.0	1118.0
YIR016W	34.0	81.0
YIR017C	123.0	253.0
YIR018C-A	826.0	125.0
YIR018W	392.0	514.0
YIR019C		196.0
YIR020C	2550.0	574.0
YIR021W	77.0	54.0
YIR021W-A		619.0
YIR022W	58.0	109.0
YIR023W	33.0	73.0
YIR024C	8.0	198.0
YIR025W	105.0	135.0
YIR026C	40.0	97.0
YIR027C	130.0	131.0
YIR028W	1776.0	128.0
YIR029W	107.0	113.0
YIR031C	157.0	51.0
YIR032C	84.0	154.0
YIR033W	91.0	98.0
YIR034C	35.0	173.0
YIR035C	85.0	92.0
YIR036C	50.0	72.0
YIR037W	76.0	92.0
YIR038C	32.0	153.0
YIR039C	173.0	102.0
YIR041W	1449.0	134.0
YIR042C	112.0	433.0
YJL001W	284.0	114.0
YJL002C	67.0	109.0
YJL003W	167.0	282.0
YJL004C	33.0	283.0
YJL005W	603.0	179.0
YJL006C	59.0	59.0
YJL008C	46.0	142.0
YJL010C	119.0	149.0
YJL011C	81.0	172.0
YJL012C	20.0	72.0
YJL013C		293.0
YJL014W	59.0	154.0
YJL016W	1997.0	92.0
YJL019W	124.0	2432.0
YJL020C	92.0	157.0
YJL023C	142.0	129.0
YJL024C	21.0	151.0
YJL025W	42.0	104.0
YJL026W	179.0	144.0
YJL028W	26.0	196.0
YJL029C	61.0	105.0
YJL030W	73.0	141.0
YJL031C	734.0	103.0
YJL033W	33.0	81.0
YJL034W	94.0	125.0
YJL035C		94.0
YJL036W	226.0	94.0
YJL037W	771.0	107.0
YJL038C	40.0	133.0
YJL039C	183.0	380.0
YJL041W	74.0	151.0
YJL042W	99.0	121.0
YJL043W		333.0
YJL044C	37.0	263.0
YJL045W	149.0	216.0
YJL046W	33.0	251.0
YJL047C	120.0	85.0
YJL047C-A	203.0	
YJL048C	205.0	147.0
YJL049W	33.0	1399.0
YJL050W	61.0	61.0
YJL051W	99.0	212.0
YJL052W	87.0	142.0
YJL053W	70.0	201.0
YJL054W	43.0	180.0
YJL055W	38.0	64.0
YJL056C	148.0	127.0
YJL057C	58.0	54.0
YJL058C	64.0	64.0
YJL059W	35.0	92.0
YJL060W	62.0	101.0
YJL061W	51.0	1046.0
YJL062W	355.0	68.0
YJL062W-A	29.0	357.0
YJL063C	39.0	81.0
YJL065C	34.0	112.0
YJL066C	42.0	216.0
YJL068C	995.0	106.0
YJL069C	6.0	74.0
YJL070C	46.0	72.0
YJL071W	77.0	110.0
YJL072C	95.0	586.0
YJL073W	160.0	104.0
YJL074C	118.0	105.0
YJL076W	335.0	51.0
YJL077W-A	3271.0	201.0
YJL077W-B	2519.0	900.0
YJL078C	81.0	358.0
YJL079C	229.0	193.0
YJL080C	227.0	108.0
YJL081C	66.0	149.0
YJL082W	120.0	216.0
YJL083W	936.0	382.0
YJL084C	150.0	149.0
YJL085W	112.0	127.0
YJL087C	103.0	227.0
YJL088W	2976.0	102.0
YJL089W	124.0	1502.0
YJL090C	321.0	82.0
YJL091C	26.0	546.0
YJL092W	212.0	133.0
YJL093C		128.0
YJL094C	51.0	145.0
YJL095W	90.0	71.0
YJL096W	37.0	208.0
YJL097W	71.0	57.0
YJL098W	190.0	93.0
YJL099W	112.0	337.0
YJL100W	67.0	109.0
YJL101C	531.0	146.0
YJL102W	42.0	126.0
YJL103C	178.0	207.0
YJL104W	22.0	367.0
YJL105W	261.0	79.0
YJL106W	763.0	138.0
YJL107C		1323.0
YJL108C	196.0	175.0
YJL109C	28.0	76.0
YJL110C	105.0	124.0
YJL111W	88.0	188.0
YJL112W	734.0	149.0
YJL113W	624.0	410.0
YJL114W		4551.0
YJL115W	356.0	139.0
YJL116C	226.0	316.0
YJL117W	50.0	156.0
YJL118W		169.0
YJL121C	21.0	72.0
YJL122W	41.0	88.0
YJL123C	8.0	48.0
YJL124C	170.0	221.0
YJL125C	56.0	97.0
YJL126W	64.0	140.0
YJL127C	86.0	1144.0
YJL127C-B	107.0	282.0
YJL128C	225.0	54.0
YJL129C	287.0	68.0
YJL130C	65.0	127.0
YJL131C	40.0	84.0
YJL132W	18.0	159.0
YJL133C-A	48.0	180.0
YJL133W	152.0	142.0
YJL134W	63.0	112.0
YJL136C	10.0	147.0
YJL136W-A	1320.0	
YJL137C	18.0	123.0
YJL138C	63.0	236.0
YJL139C	83.0	816.0
YJL140W	108.0	52.0
YJL141C	99.0	154.0
YJL143W	55.0	315.0
YJL144W	33.0	229.0
YJL145W	90.0	82.0
YJL146W	146.0	228.0
YJL147C	98.0	233.0
YJL148W	75.0	312.0
YJL149W	58.0	71.0
YJL151C	266.0	73.0
YJL153C	4.0	140.0
YJL154C	90.0	157.0
YJL155C	187.0	209.0
YJL156C	319.0	437.0
YJL158C	49.0	210.0
YJL159W	938.0	308.0
YJL160C	291.0	153.0
YJL161W	68.0	359.0
YJL162C	68.0	115.0
YJL163C	19.0	52.0
YJL164C	151.0	117.0
YJL165C	187.0	19.0
YJL166W	153.0	155.0
YJL167W	56.0	113.0
YJL168C	109.0	204.0
YJL170C	78.0	26.0
YJL171C	38.0	198.0
YJL172W	101.0	149.0
YJL173C	16.0	84.0
YJL174W	151.0	166.0
YJL176C	58.0	237.0
YJL177W	109.0	92.0
YJL178C	16.0	117.0
YJL179W	68.0	138.0
YJL180C	44.0	120.0
YJL181W	81.0	85.0
YJL183W	80.0	78.0
YJL184W	264.0	80.0
YJL185C	63.0	171.0
YJL186W	29.0	127.0
YJL187C	207.0	275.0
YJL189W	48.0	161.0
YJL190C	22.0	135.0
YJL191W	61.0	238.0
YJL192C	28.0	108.0
YJL193W	29.0	121.0
YJL194W	76.0	134.0
YJL196C	23.0	135.0
YJL197W	76.0	138.0
YJL198W	50.0	128.0
YJL199C	373.0	231.0
YJL200C	69.0	150.0
YJL201W	1077.0	158.0
YJL203W	44.0	265.0
YJL204C	15.0	75.0
YJL205C	13.0	124.0
YJL206C	192.0	160.0
YJL207C	11.0	193.0
YJL208C	52.0	182.0
YJL209W	102.0	124.0
YJL210W	3224.0	67.0
YJL212C	28.0	229.0
YJL213W	489.0	252.0
YJL214W	135.0	462.0
YJL216C	255.0	
YJL217W	101.0	132.0
YJL218W	86.0	154.0
YJL219W		105.0
YJL221C	251.0	121.0
YJL222W	32.0	432.0
YJL225C		75.0
YJR001W	72.0	131.0
YJR002W	30.0	384.0
YJR003C	45.0	472.0
YJR004C	778.0	238.0
YJR005C-A	193.0	270.0
YJR005W	57.0	70.0
YJR006W	24.0	72.0
YJR007W	122.0	155.0
YJR008W	111.0	95.0
YJR009C	48.0	134.0
YJR010C-A	30.0	223.0
YJR010W		147.0
YJR011C	47.0	92.0
YJR012C		123.0
YJR013W	89.0	143.0
YJR014W	52.0	209.0
YJR015W	54.0	140.0
YJR016C	19.0	172.0
YJR017C	22.0	242.0
YJR019C	29.0	76.0
YJR021C	44.0	99.0
YJR022W	42.0	120.0
YJR024C	23.0	102.0
YJR025C	154.0	83.0
YJR026W		2425.0
YJR027W		305.0
YJR028W		2425.0
YJR029W		317.0
YJR030C	59.0	148.0
YJR031C	88.0	289.0
YJR032W	58.0	124.0
YJR033C	19.0	58.0
YJR034W	41.0	167.0
YJR035W	147.0	154.0
YJR036C	339.0	124.0
YJR039W	236.0	44.0
YJR040W	46.0	94.0
YJR041C	97.0	169.0
YJR042W	32.0	124.0
YJR043C	63.0	129.0
YJR044C	94.0	178.0
YJR045C	139.0	220.0
YJR046W	70.0	62.0
YJR047C	38.0	109.0
YJR048W	70.0	177.0
YJR049C	18.0	112.0
YJR050W	59.0	289.0
YJR051W	13.0	90.0
YJR052W	96.0	72.0
YJR053W	63.0	1880.0
YJR054W	1642.0	99.0
YJR055W	59.0	407.0
YJR056C	200.0	151.0
YJR057W	885.0	79.0
YJR058C	81.0	48.0
YJR059W	75.0	211.0
YJR060W	125.0	613.0
YJR061W	273.0	166.0
YJR062C	23.0	1586.0
YJR063W	58.0	159.0
YJR064W	67.0	48.0
YJR065C	34.0	177.0
YJR066W	54.0	116.0
YJR067C	6.0	942.0
YJR068W	260.0	64.0
YJR069C	51.0	150.0
YJR070C	93.0	133.0
YJR072C	35.0	73.0
YJR073C	41.0	100.0
YJR074W		248.0
YJR075W	793.0	93.0
YJR076C	59.0	154.0
YJR077C	56.0	258.0
YJR078W		223.0
YJR079W	1328.0	
YJR080C	38.0	128.0
YJR082C	140.0	208.0
YJR083C	19.0	110.0
YJR084W	43.0	143.0
YJR085C	51.0	97.0
YJR086W	40.0	1001.0
YJR088C	47.0	269.0
YJR089W	136.0	79.0
YJR090C	305.0	171.0
YJR091C	27.0	280.0
YJR092W	53.0	125.0
YJR093C	95.0	107.0
YJR094C	235.0	172.0
YJR094W-A	374.0	150.0
YJR095W	153.0	199.0
YJR096W	30.0	88.0
YJR097W	84.0	154.0
YJR098C	105.0	235.0
YJR099W	117.0	1077.0
YJR100C	60.0	74.0
YJR101W	108.0	158.0
YJR102C	271.0	125.0
YJR103W	188.0	76.0
YJR104C	57.0	85.0
YJR105W	32.0	45.0
YJR106W	143.0	1438.0
YJR107W	2552.0	154.0
YJR108W	383.0	1018.0
YJR109C	87.0	98.0
YJR110W	126.0	201.0
YJR111C	127.0	161.0
YJR112W	56.0	78.0
YJR112W-A	20.0	107.0
YJR113C	52.0	73.0
YJR115W	667.0	352.0
YJR116W	184.0	169.0
YJR117W	45.0	117.0
YJR118C	58.0	98.0
YJR119C	71.0	66.0
YJR120W		1982.0
YJR121W	236.0	316.0
YJR122W	78.0	101.0
YJR123W	36.0	129.0
YJR124C	39.0	226.0
YJR125C	60.0	92.0
YJR126C		73.0
YJR127C	1136.0	82.0
YJR128W	943.0	371.0
YJR129C	61.0	5154.0
YJR130C	62.0	150.0
YJR131W	320.0	196.0
YJR132W	1930.0	171.0
YJR133W	107.0	111.0
YJR134C	987.0	115.0
YJR135C	61.0	227.0
YJR135W-A	20.0	102.0
YJR136C	22.0	94.0
YJR137C	208.0	152.0
YJR138W	40.0	149.0
YJR139C	112.0	79.0
YJR140C	87.0	226.0
YJR141W	32.0	1304.0
YJR142W	21.0	111.0
YJR143C	87.0	130.0
YJR144W	47.0	241.0
YJR145C	33.0	90.0
YJR146W	170.0	1399.0
YJR147W	481.0	435.0
YJR148W	113.0	67.0
YJR149W	1484.0	399.0
YJR151C	1850.0	93.0
YJR152W	1401.0	98.0
YJR153W	888.0	
YJR154W	212.0	1526.0
YJR155W	1833.0	252.0
YJR156C		148.0
YJR159W		137.0
YJR160C		547.0
YJR161C	15.0	629.0
YKL001C	151.0	116.0
YKL002W	438.0	75.0
YKL003C	41.0	102.0
YKL004W	677.0	142.0
YKL005C	109.0	201.0
YKL006C-A	42.0	119.0
YKL006W	90.0	101.0
YKL007W	529.0	141.0
YKL008C	183.0	311.0
YKL009W	68.0	111.0
YKL010C	115.0	65.0
YKL011C	137.0	229.0
YKL012W	113.0	96.0
YKL013C	48.0	184.0
YKL014C	17.0	109.0
YKL015W	116.0	117.0
YKL016C	96.0	139.0
YKL017C	8.0	105.0
YKL018C-A	53.0	89.0
YKL018W	63.0	129.0
YKL019W	296.0	79.0
YKL020C	76.0	88.0
YKL021C	2696.0	130.0
YKL022C	1370.0	87.0
YKL023C-A	41.0	721.0
YKL023W	27.0	153.0
YKL024C	225.0	102.0
YKL025C	58.0	56.0
YKL026C	127.0	199.0
YKL027W	135.0	197.0
YKL028W	27.0	310.0
YKL029C	184.0	38.0
YKL032C	101.0	159.0
YKL033W	6.0	57.0
YKL033W-A	76.0	71.0
YKL034W	110.0	136.0
YKL035W	104.0	167.0
YKL038W	830.0	175.0
YKL039W	180.0	252.0
YKL040C	58.0	260.0
YKL041W	122.0	1064.0
YKL042W	135.0	208.0
YKL043W	302.0	170.0
YKL044W		1398.0
YKL045W	283.0	119.0
YKL046C	233.0	217.0
YKL047W	7.0	206.0
YKL048C	135.0	186.0
YKL049C	37.0	122.0
YKL050C	74.0	197.0
YKL051W	475.0	403.0
YKL052C	328.0	74.0
YKL053C-A	86.0	116.0
YKL054C	149.0	212.0
YKL055C	40.0	1120.0
YKL056C	66.0	211.0
YKL057C	55.0	53.0
YKL058W	37.0	242.0
YKL059C	70.0	91.0
YKL060C	54.0	91.0
YKL061W	17.0	271.0
YKL062W	187.0	1263.0
YKL063C	620.0	331.0
YKL064W	213.0	337.0
YKL065C	72.0	140.0
YKL065W-A	63.0	177.0
YKL067W	141.0	202.0
YKL068W	120.0	120.0
YKL068W-A	164.0	257.0
YKL069W	8.0	97.0
YKL071W	226.0	83.0
YKL072W	205.0	
YKL073W	70.0	89.0
YKL074C	24.0	109.0
YKL075C	118.0	240.0
YKL077W	52.0	201.0
YKL078W		102.0
YKL079W	109.0	75.0
YKL080W	95.0	47.0
YKL081W	76.0	84.0
YKL082C	65.0	143.0
YKL084W	1477.0	162.0
YKL085W	355.0	361.0
YKL086W	116.0	74.0
YKL087C	88.0	107.0
YKL088W	66.0	235.0
YKL089W	22.0	119.0
YKL090W	15.0	63.0
YKL091C	43.0	99.0
YKL092C	96.0	135.0
YKL093W	90.0	294.0
YKL094W	23.0	93.0
YKL095W	184.0	1270.0
YKL096C-B	763.0	1020.0
YKL096W	47.0	108.0
YKL096W-A	54.0	173.0
YKL097C	1072.0	450.0
YKL098W	55.0	359.0
YKL099C	94.0	135.0
YKL100C	31.0	246.0
YKL101W	340.0	83.0
YKL102C	290.0	307.0
YKL103C	97.0	180.0
YKL104C	202.0	251.0
YKL105C	199.0	203.0
YKL106C-A	84.0	1053.0
YKL106W	250.0	124.0
YKL107W	1822.0	342.0
YKL108W	107.0	1625.0
YKL109W	367.0	362.0
YKL110C	628.0	138.0
YKL112W	173.0	137.0
YKL113C	39.0	148.0
YKL114C	46.0	98.0
YKL116C	188.0	246.0
YKL117W	56.0	151.0
YKL119C	54.0	156.0
YKL120W	152.0	139.0
YKL121W	246.0	138.0
YKL122C	34.0	98.0
YKL124W	154.0	184.0
YKL125W	146.0	158.0
YKL126W	208.0	77.0
YKL127W	40.0	145.0
YKL128C	39.0	88.0
YKL129C	24.0	115.0
YKL130C	50.0	172.0
YKL132C	123.0	251.0
YKL133C	13.0	50.0
YKL134C	65.0	264.0
YKL135C	130.0	78.0
YKL137W	66.0	199.0
YKL138C	102.0	75.0
YKL138C-A	52.0	322.0
YKL139W	207.0	74.0
YKL140W	310.0	218.0
YKL141W	47.0	142.0
YKL142W	105.0	143.0
YKL143W	73.0	85.0
YKL144C	64.0	158.0
YKL145W	78.0	65.0
YKL146W	124.0	87.0
YKL148C	177.0	231.0
YKL149C	24.0	137.0
YKL150W	27.0	126.0
YKL151C	289.0	124.0
YKL152C	31.0	144.0
YKL154W	99.0	85.0
YKL155C	58.0	59.0
YKL156W	26.0	209.0
YKL157W	410.0	148.0
YKL159C	2.0	387.0
YKL160W	33.0	78.0
YKL161C	275.0	298.0
YKL162C	33.0	462.0
YKL163W	464.0	354.0
YKL164C	84.0	263.0
YKL165C	42.0	684.0
YKL166C	187.0	218.0
YKL167C	20.0	152.0
YKL168C	18.0	194.0
YKL170W	113.0	140.0
YKL171W	138.0	150.0
YKL172W	34.0	180.0
YKL173W	42.0	168.0
YKL174C	90.0	1632.0
YKL175W	119.0	94.0
YKL176C	346.0	178.0
YKL178C	250.0	285.0
YKL179C	59.0	319.0
YKL180W	56.0	113.0
YKL181W	176.0	178.0
YKL182W	569.0	89.0
YKL183C-A		1847.0
YKL183W	624.0	702.0
YKL184W	254.0	286.0
YKL185W	366.0	120.0
YKL186C	259.0	102.0
YKL187C	51.0	172.0
YKL188C	110.0	85.0
YKL189W	346.0	284.0
YKL190W	76.0	170.0
YKL191W	55.0	95.0
YKL192C	43.0	141.0
YKL193C	42.0	107.0
YKL194C	83.0	219.0
YKL195W	34.0	130.0
YKL196C	76.0	193.0
YKL197C	129.0	419.0
YKL198C	174.0	131.0
YKL201C	39.0	228.0
YKL203C	196.0	81.0
YKL204W	41.0	182.0
YKL205W	43.0	165.0
YKL206C	62.0	21.0
YKL207W	39.0	54.0
YKL208W	9.0	126.0
YKL209C	313.0	172.0
YKL210W	66.0	97.0
YKL211C	74.0	209.0
YKL212W	268.0	267.0
YKL213C	56.0	79.0
YKL214C	74.0	127.0
YKL215C	104.0	272.0
YKL216W	67.0	309.0
YKL217W	1006.0	140.0
YKL218C	152.0	421.0
YKL219W		151.0
YKL221W	387.0	409.0
YKL222C	203.0	286.0
YKR001C	68.0	140.0
YKR002W	257.0	58.0
YKR003W	108.0	408.0
YKR004C	40.0	622.0
YKR005C	1061.0	224.0
YKR006C	11.0	95.0
YKR007W	84.0	72.0
YKR008W	47.0	240.0
YKR009C	86.0	159.0
YKR010C	127.0	189.0
YKR011C	111.0	118.0
YKR013W	50.0	312.0
YKR014C	152.0	225.0
YKR015C		325.0
YKR016W	65.0	238.0
YKR017C	79.0	153.0
YKR018C	37.0	160.0
YKR019C	111.0	167.0
YKR020W	17.0	258.0
YKR021W	89.0	192.0
YKR022C	66.0	129.0
YKR023W	55.0	111.0
YKR024C	72.0	138.0
YKR025W	60.0	108.0
YKR026C	113.0	215.0
YKR027W	258.0	83.0
YKR028W	383.0	173.0
YKR029C	21.0	133.0
YKR030W	222.0	139.0
YKR031C	95.0	236.0
YKR032W		53.0
YKR034W	74.0	82.0
YKR035W-A	64.0	126.0
YKR036C	24.0	117.0
YKR037C	39.0	173.0
YKR038C	18.0	160.0
YKR039W	227.0	110.0
YKR041W	6.0	1906.0
YKR042W	222.0	236.0
YKR043C	36.0	143.0
YKR044W	136.0	53.0
YKR045C	28.0	1540.0
YKR046C	35.0	187.0
YKR048C	34.0	134.0
YKR049C	27.0	100.0
YKR050W	979.0	132.0
YKR051W	351.0	78.0
YKR052C	71.0	387.0
YKR053C	1073.0	190.0
YKR054C	78.0	574.0
YKR055W	67.0	377.0
YKR056W	1285.0	80.0
YKR057W	63.0	196.0
YKR058W	273.0	113.0
YKR059W	100.0	109.0
YKR060W	71.0	167.0
YKR061W	98.0	332.0
YKR062W	61.0	1133.0
YKR063C	20.0	117.0
YKR064W	44.0	160.0
YKR065C	29.0	114.0
YKR066C	47.0	112.0
YKR067W	126.0	165.0
YKR068C	56.0	156.0
YKR069W	180.0	36.0
YKR070W	4.0	201.0
YKR071C	63.0	265.0
YKR072C	190.0	104.0
YKR073C		1970.0
YKR074W	70.0	117.0
YKR075C	154.0	162.0
YKR076W	295.0	53.0
YKR077W	1413.0	95.0
YKR078W	40.0	48.0
YKR079C	254.0	173.0
YKR080W	173.0	151.0
YKR081C	23.0	96.0
YKR082W	57.0	82.0
YKR083C	81.0	133.0
YKR084C	56.0	131.0
YKR085C	19.0	93.0
YKR086W	33.0	220.0
YKR087C	22.0	101.0
YKR088C	13.0	67.0
YKR089C	77.0	175.0
YKR090W	178.0	197.0
YKR091W	89.0	185.0
YKR092C	29.0	248.0
YKR093W	198.0	203.0
YKR094C	67.0	191.0
YKR095W	180.0	190.0
YKR095W-A	66.0	124.0
YKR096W	285.0	112.0
YKR097W	288.0	228.0
YKR098C	141.0	2010.0
YKR099W	390.0	115.0
YKR100C	360.0	51.0
YKR101W	21.0	2692.0
YKR102W		141.0
YKR103W	2272.0	
YKR105C	49.0	157.0
YKR106W		328.0
YLL001W	71.0	185.0
YLL002W	38.0	69.0
YLL003W	60.0	58.0
YLL004W	10.0	73.0
YLL006W	38.0	1872.0
YLL007C	884.0	165.0
YLL008W	32.0	98.0
YLL009C	58.0	121.0
YLL010C	242.0	236.0
YLL011W	29.0	71.0
YLL012W	148.0	86.0
YLL013C	271.0	419.0
YLL014W	18.0	174.0
YLL015W	138.0	170.0
YLL018C	52.0	157.0
YLL018C-A	58.0	485.0
YLL019C	283.0	201.0
YLL021W	157.0	153.0
YLL022C	41.0	59.0
YLL023C	53.0	128.0
YLL024C	44.0	141.0
YLL025W	899.0	195.0
YLL026W	171.0	92.0
YLL027W	244.0	107.0
YLL028W	183.0	394.0
YLL029W	103.0	108.0
YLL031C	64.0	98.0
YLL032C	80.0	366.0
YLL033W	10.0	287.0
YLL034C	54.0	104.0
YLL035W	170.0	170.0
YLL036C	58.0	132.0
YLL038C	51.0	1843.0
YLL039C	111.0	137.0
YLL040C	111.0	66.0
YLL041C	77.0	379.0
YLL042C	37.0	103.0
YLL043W	334.0	169.0
YLL045C	76.0	115.0
YLL046C		289.0
YLL048C	193.0	85.0
YLL049W	39.0	
YLL050C	29.0	126.0
YLL051C	76.0	741.0
YLL052C	406.0	510.0
YLL053C	806.0	101.0
YLL054C	86.0	384.0
YLL055W	745.0	53.0
YLL056C	1331.0	127.0
YLL057C	118.0	192.0
YLL058W	592.0	155.0
YLL060C	860.0	225.0
YLL061W	762.0	509.0
YLL062C	155.0	411.0
YLL063C		86.0
YLL066C	910.0	79.0
YLL066W-B	833.0	16.0
YLL067C	951.0	171.0
YLR001C	31.0	75.0
YLR003C	46.0	106.0
YLR004C	311.0	75.0
YLR005W	155.0	199.0
YLR006C	175.0	263.0
YLR007W	19.0	612.0
YLR008C	111.0	282.0
YLR009W	183.0	135.0
YLR010C	13.0	123.0
YLR011W	114.0	394.0
YLR013W		358.0
YLR014C		280.0
YLR015W	181.0	676.0
YLR016C	69.0	50.0
YLR017W	8.0	88.0
YLR018C	90.0	121.0
YLR019W	317.0	257.0
YLR020C	50.0	180.0
YLR021W	217.0	72.0
YLR022C	24.0	66.0
YLR023C	671.0	419.0
YLR024C	197.0	2584.0
YLR025W	92.0	125.0
YLR026C	481.0	162.0
YLR027C	40.0	88.0
YLR028C	209.0	99.0
YLR029C	32.0	136.0
YLR030W		726.0
YLR031W	849.0	22.0
YLR032W	49.0	55.0
YLR033W	112.0	197.0
YLR034C	165.0	180.0
YLR035C	73.0	416.0
YLR035C-A	1095.0	320.0
YLR036C	221.0	302.0
YLR037C	1531.0	156.0
YLR038C	87.0	319.0
YLR039C		566.0
YLR040C	85.0	136.0
YLR042C	65.0	109.0
YLR043C	61.0	107.0
YLR044C	42.0	81.0
YLR045C	93.0	274.0
YLR046C	1508.0	94.0
YLR047C	302.0	1399.0
YLR048W	109.0	246.0
YLR049C	191.0	141.0
YLR050C	206.0	104.0
YLR051C	21.0	113.0
YLR052W	21.0	124.0
YLR053C	54.0	107.0
YLR054C		230.0
YLR055C	51.0	59.0
YLR056W	189.0	128.0
YLR057W	91.0	1585.0
YLR058C	116.0	147.0
YLR059C	3.0	186.0
YLR060W	67.0	112.0
YLR061W	56.0	102.0
YLR063W		367.0
YLR064W	1229.0	69.0
YLR065C	34.0	116.0
YLR066W	60.0	111.0
YLR067C	101.0	658.0
YLR068W	29.0	111.0
YLR069C	83.0	147.0
YLR070C	23.0	105.0
YLR071C	37.0	140.0
YLR072W	29.0	87.0
YLR073C	130.0	81.0
YLR074C	54.0	72.0
YLR075W	62.0	140.0
YLR077W	42.0	159.0
YLR078C	53.0	79.0
YLR079W	52.0	152.0
YLR080W	21.0	74.0
YLR081W	179.0	232.0
YLR082C	61.0	352.0
YLR083C	174.0	225.0
YLR084C	157.0	95.0
YLR085C	43.0	124.0
YLR086W	46.0	309.0
YLR087C	213.0	167.0
YLR088W	32.0	269.0
YLR089C	304.0	79.0
YLR090W	81.0	103.0
YLR091W	27.0	377.0
YLR092W	1274.0	195.0
YLR093C	53.0	217.0
YLR094C	113.0	121.0
YLR095C	82.0	64.0
YLR096W	217.0	149.0
YLR097C	77.0	134.0
YLR098C	202.0	129.0
YLR099C	28.0	131.0
YLR099W-A	34.0	57.0
YLR100W	622.0	922.0
YLR102C	43.0	139.0
YLR103C	78.0	71.0
YLR104W	291.0	81.0
YLR105C	39.0	101.0
YLR106C	164.0	185.0
YLR107W	27.0	124.0
YLR108C	1363.0	146.0
YLR109W	307.0	68.0
YLR110C	118.0	142.0
YLR112W		426.0
YLR113W	464.0	148.0
YLR114C	65.0	479.0
YLR115W	36.0	157.0
YLR116W	4.0	190.0
YLR117C	38.0	143.0
YLR118C	226.0	167.0
YLR119W	228.0	159.0
YLR120C	113.0	348.0
YLR121C	783.0	495.0
YLR122C	392.0	704.0
YLR125W	1637.0	663.0
YLR126C	79.0	246.0
YLR127C	413.0	1217.0
YLR128W	59.0	253.0
YLR129W	1030.0	145.0
YLR130C	354.0	56.0
YLR131C	273.0	123.0
YLR132C	69.0	381.0
YLR133W	78.0	536.0
YLR134W	2312.0	124.0
YLR135W	64.0	178.0
YLR136C	56.0	239.0
YLR137W	27.0	54.0
YLR138W	173.0	65.0
YLR139C	38.0	188.0
YLR141W	33.0	459.0
YLR142W	519.0	133.0
YLR143W		309.0
YLR144C	19.0	293.0
YLR145W	598.0	60.0
YLR146C	45.0	86.0
YLR146W-A	9.0	82.0
YLR147C	19.0	107.0
YLR148W	61.0	139.0
YLR149C	69.0	198.0
YLR150W	212.0	230.0
YLR151C	1.0	196.0
YLR152C	135.0	99.0
YLR153C	31.0	263.0
YLR154C	52.0	61.0
YLR154C-G	1296.0	1599.0
YLR154W-C	1720.0	111.0
YLR155C	1019.0	90.0
YLR156C-A	198.0	
YLR157C	112.0	82.0
YLR157C-A		2425.0
YLR157C-B		328.0
YLR157W-D	1292.0	395.0
YLR157W-E	969.0	
YLR158C	112.0	93.0
YLR159W	2141.0	555.0
YLR160C	1851.0	85.0
YLR161W	312.0	
YLR163C	25.0	99.0
YLR164W	24.0	102.0
YLR165C	23.0	121.0
YLR166C	127.0	70.0
YLR167W	71.0	62.0
YLR168C	55.0	129.0
YLR170C	41.0	282.0
YLR172C	37.0	71.0
YLR173W	90.0	1689.0
YLR174W	2260.0	107.0
YLR175W	98.0	139.0
YLR176C	501.0	102.0
YLR177W	32.0	75.0
YLR178C	35.0	67.0
YLR179C	83.0	102.0
YLR180W	111.0	245.0
YLR181C	85.0	136.0
YLR182W	54.0	162.0
YLR183C	64.0	161.0
YLR185W	100.0	100.0
YLR186W	60.0	83.0
YLR187W	265.0	118.0
YLR188W	83.0	393.0
YLR189C	81.0	75.0
YLR190W	484.0	379.0
YLR191W	49.0	122.0
YLR192C	49.0	257.0
YLR193C	21.0	169.0
YLR194C	20.0	63.0
YLR195C	31.0	310.0
YLR196W	80.0	116.0
YLR197W	51.0	182.0
YLR199C	40.0	154.0
YLR200W	28.0	296.0
YLR201C	52.0	107.0
YLR203C	64.0	107.0
YLR204W	30.0	148.0
YLR205C	543.0	63.0
YLR206W	575.0	136.0
YLR207W	82.0	94.0
YLR208W	92.0	303.0
YLR209C	34.0	208.0
YLR210W	78.0	179.0
YLR211C	58.0	337.0
YLR212C	47.0	170.0
YLR213C	92.0	123.0
YLR214W	200.0	134.0
YLR215C	59.0	117.0
YLR216C	35.0	116.0
YLR218C	200.0	100.0
YLR219W	195.0	155.0
YLR220W	143.0	178.0
YLR221C	45.0	233.0
YLR222C	52.0	166.0
YLR223C	397.0	203.0
YLR224W	266.0	96.0
YLR225C	90.0	121.0
YLR226W	49.0	611.0
YLR227C	382.0	140.0
YLR227W-A		2397.0
YLR227W-B		327.0
YLR228C	863.0	227.0
YLR229C	218.0	91.0
YLR231C	27.0	147.0
YLR233C	220.0	1751.0
YLR234W	40.0	413.0
YLR236C		1355.0
YLR237W	135.0	208.0
YLR238W	101.0	122.0
YLR239C	57.0	110.0
YLR240W	65.0	154.0
YLR241W	73.0	1219.0
YLR242C	80.0	38.0
YLR243W	105.0	164.0
YLR244C	638.0	55.0
YLR245C	18.0	1389.0
YLR246W	46.0	469.0
YLR247C	27.0	132.0
YLR248W	705.0	134.0
YLR249W	98.0	81.0
YLR250W	53.0	107.0
YLR251W	126.0	293.0
YLR253W	80.0	95.0
YLR254C	81.0	79.0
YLR255C	26.0	1275.0
YLR256W	300.0	185.0
YLR256W-A	53.0	2421.0
YLR257W	219.0	98.0
YLR258W	85.0	370.0
YLR259C	55.0	170.0
YLR260W	160.0	177.0
YLR261C	409.0	254.0
YLR262C	81.0	261.0
YLR262C-A	52.0	111.0
YLR263W	147.0	64.0
YLR264C-A	24.0	437.0
YLR264W	22.0	648.0
YLR265C		164.0
YLR266C	62.0	150.0
YLR267W	70.0	136.0
YLR268W	75.0	166.0
YLR270W	109.0	215.0
YLR271W	158.0	887.0
YLR272C	97.0	73.0
YLR273C	266.0	162.0
YLR274W	677.0	133.0
YLR275W	232.0	263.0
YLR276C	96.0	573.0
YLR277C	193.0	138.0
YLR278C	171.0	153.0
YLR281C	26.0	333.0
YLR283W	94.0	74.0
YLR284C	62.0	129.0
YLR285C-A	2033.0	145.0
YLR285W	47.0	194.0
YLR286C	240.0	187.0
YLR287C	80.0	678.0
YLR287C-A	19.0	214.0
YLR288C	31.0	137.0
YLR289W	54.0	136.0
YLR290C	10.0	106.0
YLR291C	69.0	184.0
YLR292C	14.0	225.0
YLR293C	78.0	105.0
YLR295C	51.0	295.0
YLR296W	310.0	550.0
YLR297W	214.0	297.0
YLR298C	5.0	71.0
YLR299W	209.0	127.0
YLR300W	117.0	245.0
YLR301W	30.0	297.0
YLR304C	52.0	249.0
YLR305C	52.0	127.0
YLR306W	82.0	119.0
YLR307C-A	146.0	256.0
YLR307W	85.0	81.0
YLR309C	21.0	147.0
YLR310C	168.0	244.0
YLR312C	163.0	302.0
YLR312W-A	12.0	159.0
YLR313C	52.0	443.0
YLR314C	70.0	111.0
YLR315W	54.0	959.0
YLR316C	68.0	82.0
YLR318W	166.0	265.0
YLR319C	71.0	186.0
YLR320W	46.0	63.0
YLR321C	44.0	329.0
YLR323C	77.0	229.0
YLR324W	72.0	114.0
YLR325C	55.0	247.0
YLR326W	168.0	128.0
YLR327C	108.0	189.0
YLR328W	218.0	188.0
YLR330W	55.0	139.0
YLR331C	962.0	413.0
YLR332W	456.0	174.0
YLR333C	468.0	109.0
YLR335W	353.0	102.0
YLR336C	56.0	166.0
YLR337C	61.0	120.0
YLR340W	69.0	89.0
YLR342W	257.0	515.0
YLR342W-A	6070.0	159.0
YLR343W	573.0	73.0
YLR344W	66.0	106.0
YLR345W	90.0	91.0
YLR346C	148.0	166.0
YLR347C	120.0	333.0
YLR348C	30.0	70.0
YLR350W	423.0	100.0
YLR351C	19.0	134.0
YLR352W	762.0	95.0
YLR353W	481.0	158.0
YLR354C	60.0	158.0
YLR355C	87.0	222.0
YLR356W	31.0	152.0
YLR357W	64.0	189.0
YLR359W	152.0	151.0
YLR360W	111.0	138.0
YLR361C	21.0	558.0
YLR361C-A	38.0	174.0
YLR362W	57.0	202.0
YLR363C	79.0	454.0
YLR363W-A	28.0	166.0
YLR364W	94.0	51.0
YLR367W	7.0	54.0
YLR368W	77.0	45.0
YLR369W	254.0	123.0
YLR370C	51.0	163.0
YLR371W	242.0	175.0
YLR372W	212.0	259.0
YLR373C	579.0	227.0
YLR375W	37.0	92.0
YLR376C	1279.0	1154.0
YLR377C	56.0	152.0
YLR378C	210.0	171.0
YLR380W	103.0	140.0
YLR381W	48.0	104.0
YLR382C	254.0	167.0
YLR383W	477.0	68.0
YLR384C	513.0	53.0
YLR385C	23.0	3469.0
YLR386W	58.0	150.0
YLR387C	97.0	116.0
YLR388W	5.0	75.0
YLR389C	734.0	215.0
YLR390W	11.0	100.0
YLR390W-A	58.0	222.0
YLR392C	179.0	98.0
YLR393W	44.0	1615.0
YLR394W	540.0	135.0
YLR395C	68.0	296.0
YLR396C	57.0	250.0
YLR397C	16.0	139.0
YLR398C	40.0	223.0
YLR399C	46.0	321.0
YLR401C	42.0	47.0
YLR403W	650.0	434.0
YLR404W	37.0	52.0
YLR405W	23.0	164.0
YLR406C	30.0	189.0
YLR406C-A	156.0	
YLR407W	244.0	233.0
YLR408C		121.0
YLR409C	64.0	55.0
YLR410W	65.0	95.0
YLR410W-A		2568.0
YLR410W-B		314.0
YLR411W		167.0
YLR412C-A	4893.0	
YLR412W	270.0	857.0
YLR413W	45.0	121.0
YLR414C	149.0	131.0
YLR415C	769.0	1037.0
YLR417W	611.0	100.0
YLR418C	65.0	263.0
YLR419W	61.0	233.0
YLR420W	39.0	78.0
YLR421C	67.0	238.0
YLR422W	115.0	104.0
YLR423C	36.0	222.0
YLR424W	44.0	123.0
YLR425W	257.0	69.0
YLR426W	23.0	76.0
YLR427W	146.0	172.0
YLR429W	59.0	165.0
YLR430W	324.0	99.0
YLR431C	171.0	215.0
YLR432W	142.0	121.0
YLR433C	114.0	293.0
YLR435W	65.0	165.0
YLR436C	264.0	37.0
YLR437C	18.0	158.0
YLR438C-A	71.0	121.0
YLR438W	934.0	110.0
YLR439W	129.0	175.0
YLR440C	104.0	163.0
YLR441C	65.0	246.0
YLR442C	73.0	103.0
YLR443W	171.0	103.0
YLR445W		766.0
YLR446W	559.0	289.0
YLR447C	71.0	170.0
YLR448W	100.0	249.0
YLR449W	35.0	87.0
YLR450W	166.0	104.0
YLR451W	115.0	161.0
YLR452C	1668.0	444.0
YLR453C	93.0	2483.0
YLR454W	149.0	74.0
YLR455W	258.0	391.0
YLR456W	12.0	80.0
YLR457C	355.0	181.0
YLR459W	39.0	612.0
YLR460C	184.0	103.0
YLR462W	341.0	
YLR464W		3750.0
YLR466W		79.0
YLR467W	110.0	79.0
YML001W	96.0	82.0
YML002W	1245.0	91.0
YML003W	203.0	2490.0
YML004C	27.0	171.0
YML005W	14.0	1055.0
YML006C	223.0	91.0
YML007C-A	53.0	1394.0
YML007W	162.0	194.0
YML008C	49.0	90.0
YML009C	42.0	147.0
YML010W	54.0	243.0
YML011C	55.0	172.0
YML012W	1971.0	133.0
YML013W	4.0	971.0
YML014W	41.0	106.0
YML015C	39.0	152.0
YML016C	264.0	317.0
YML017W	82.0	326.0
YML018C	170.0	129.0
YML019W	40.0	285.0
YML020W	276.0	175.0
YML021C	459.0	142.0
YML022W	22.0	221.0
YML023C	65.0	241.0
YML024W	58.0	123.0
YML025C	49.0	108.0
YML026C	153.0	211.0
YML027W	78.0	308.0
YML028W	43.0	113.0
YML029W	83.0	948.0
YML030W	26.0	231.0
YML031W	38.0	79.0
YML032C	52.0	166.0
YML034W	99.0	184.0
YML035C	206.0	168.0
YML036W	47.0	52.0
YML037C	68.0	1836.0
YML038C	1373.0	225.0
YML039W		321.0
YML040W		2425.0
YML041C	215.0	1823.0
YML042W	96.0	168.0
YML043C	164.0	147.0
YML045W		378.0
YML045W-A		4261.0
YML046W	93.0	185.0
YML048W	88.0	344.0
YML049C		152.0
YML050W	30.0	142.0
YML051W	84.0	102.0
YML052W	55.0	102.0
YML053C	81.0	171.0
YML054C	43.0	115.0
YML055W	66.0	212.0
YML056C		24.0
YML057W	268.0	130.0
YML058W	44.0	241.0
YML058W-A	31.0	124.0
YML059C	80.0	134.0
YML060W	86.0	183.0
YML061C	150.0	58.0
YML062C	32.0	148.0
YML063W	211.0	95.0
YML064C	101.0	199.0
YML065W	94.0	146.0
YML066C	420.0	
YML067C	19.0	34.0
YML068W	101.0	1479.0
YML069W	69.0	80.0
YML070W	50.0	71.0
YML071C	139.0	53.0
YML072C	287.0	143.0
YML073C	40.0	78.0
YML074C	44.0	97.0
YML075C	219.0	177.0
YML076C	43.0	154.0
YML077W	67.0	123.0
YML078W	25.0	149.0
YML079W	9.0	849.0
YML080W	124.0	108.0
YML081C-A	70.0	162.0
YML081W	2177.0	116.0
YML082W	1082.0	1466.0
YML083C		135.0
YML085C	55.0	175.0
YML086C	129.0	119.0
YML087C	10.0	122.0
YML088W	29.0	88.0
YML091C	287.0	113.0
YML092C	29.0	101.0
YML093W	24.0	107.0
YML094W	27.0	102.0
YML095C	41.0	960.0
YML096W	24.0	126.0
YML097C	49.0	85.0
YML098W	24.0	97.0
YML099C	53.0	155.0
YML100W	60.0	127.0
YML100W-A		240.0
YML101C	66.0	74.0
YML102W	488.0	430.0
YML103C	41.0	51.0
YML104C	68.0	147.0
YML105C	66.0	111.0
YML106W	291.0	167.0
YML107C	19.0	680.0
YML108W	112.0	460.0
YML109W	464.0	86.0
YML110C	50.0	285.0
YML111W	847.0	142.0
YML112W	73.0	88.0
YML113W	67.0	147.0
YML114C	19.0	157.0
YML115C	84.0	57.0
YML116W	148.0	155.0
YML117W	599.0	273.0
YML118W	448.0	184.0
YML119W	474.0	62.0
YML120C	69.0	367.0
YML121W	316.0	184.0
YML122C		174.0
YML123C	49.0	152.0
YML124C	27.0	126.0
YML125C	18.0	78.0
YML126C		197.0
YML127W	75.0	169.0
YML128C	69.0	205.0
YML129C	26.0	197.0
YML130C	101.0	98.0
YML131W	53.0	195.0
YML132W	15.0	79.0
YML133C	387.0	79.0
YMR001C	392.0	208.0
YMR001C-A		162.0
YMR002W	111.0	245.0
YMR003W	41.0	307.0
YMR004W	937.0	146.0
YMR005W	71.0	90.0
YMR006C	58.0	105.0
YMR007W	10.0	130.0
YMR008C	184.0	248.0
YMR009W	505.0	117.0
YMR010W	237.0	449.0
YMR011W	38.0	159.0
YMR012W	152.0	137.0
YMR013C	84.0	191.0
YMR014W	314.0	123.0
YMR015C	54.0	186.0
YMR016C	309.0	671.0
YMR017W	363.0	448.0
YMR018W	29.0	63.0
YMR019W		105.0
YMR020W	152.0	96.0
YMR021C	57.0	277.0
YMR022W	20.0	106.0
YMR023C		45.0
YMR024W	254.0	133.0
YMR025W	52.0	1308.0
YMR026C	113.0	124.0
YMR027W	68.0	76.0
YMR028W	48.0	1678.0
YMR029C	38.0	85.0
YMR030W	2603.0	121.0
YMR030W-A	2115.0	
YMR031C	79.0	209.0
YMR032W	100.0	179.0
YMR033W	71.0	226.0
YMR034C	187.0	102.0
YMR035W	484.0	182.0
YMR036C	187.0	140.0
YMR037C	557.0	282.0
YMR038C	32.0	128.0
YMR039C	100.0	87.0
YMR040W	69.0	81.0
YMR041C	107.0	123.0
YMR042W	113.0	534.0
YMR043W	495.0	396.0
YMR044W	64.0	184.0
YMR045C		325.0
YMR046C		2425.0
YMR047C	87.0	89.0
YMR048W	25.0	110.0
YMR049C	47.0	180.0
YMR050C		335.0
YMR051C		2425.0
YMR052W	28.0	1609.0
YMR053C	18.0	123.0
YMR054W	232.0	121.0
YMR055C	189.0	124.0
YMR056C	85.0	131.0
YMR058W	70.0	142.0
YMR059W	22.0	382.0
YMR060C	4.0	426.0
YMR061W	40.0	109.0
YMR062C	95.0	114.0
YMR063W	824.0	1899.0
YMR064W	1650.0	236.0
YMR065W	2644.0	92.0
YMR066W	28.0	2019.0
YMR067C	147.0	97.0
YMR068W	35.0	97.0
YMR069W		28.0
YMR070W	317.0	181.0
YMR071C	59.0	76.0
YMR072W	43.0	144.0
YMR073C	53.0	95.0
YMR074C	21.0	66.0
YMR075W	198.0	109.0
YMR076C	79.0	222.0
YMR077C	86.0	199.0
YMR078C	22.0	125.0
YMR079W	52.0	335.0
YMR080C	79.0	495.0
YMR081C	147.0	186.0
YMR082C	136.0	455.0
YMR083W	75.0	96.0
YMR084W	311.0	1490.0
YMR085W	1174.0	132.0
YMR086W	81.0	617.0
YMR087W	3337.0	36.0
YMR088C	149.0	125.0
YMR089C	218.0	210.0
YMR090W	807.0	75.0
YMR091C	41.0	73.0
YMR092C	82.0	69.0
YMR093W	29.0	91.0
YMR094W	40.0	2189.0
YMR095C	69.0	340.0
YMR096W	50.0	144.0
YMR097C	141.0	90.0
YMR098C	91.0	90.0
YMR099C	23.0	255.0
YMR100W	370.0	192.0
YMR101C	39.0	222.0
YMR102C	330.0	121.0
YMR103C	2215.0	172.0
YMR104C	34.0	690.0
YMR105C	71.0	151.0
YMR105W-A	98.0	531.0
YMR106C	39.0	2659.0
YMR107W	46.0	194.0
YMR108W	507.0	165.0
YMR109W	65.0	1760.0
YMR110C	25.0	169.0
YMR111C	108.0	183.0
YMR112C		124.0
YMR113W	66.0	68.0
YMR114C	54.0	96.0
YMR115W	48.0	171.0
YMR116C	29.0	85.0
YMR117C	42.0	1098.0
YMR118C	63.0	67.0
YMR119W	227.0	244.0
YMR120C	48.0	175.0
YMR121C	64.0	60.0
YMR122W-A	53.0	247.0
YMR123W	106.0	92.0
YMR124W	279.0	140.0
YMR125W	83.0	142.0
YMR126C	287.0	91.0
YMR127C	101.0	217.0
YMR128W	48.0	92.0
YMR129W	58.0	129.0
YMR130W	101.0	78.0
YMR131C	959.0	164.0
YMR132C	87.0	259.0
YMR133W	210.0	1200.0
YMR134W	273.0	268.0
YMR135C	53.0	126.0
YMR136W	206.0	78.0
YMR137C	127.0	123.0
YMR138W	51.0	99.0
YMR139W	854.0	97.0
YMR140W	69.0	840.0
YMR142C	28.0	120.0
YMR143W	183.0	110.0
YMR144W	169.0	170.0
YMR145C	203.0	202.0
YMR146C	71.0	104.0
YMR147W	108.0	
YMR148W	208.0	
YMR149W	101.0	99.0
YMR150C	424.0	142.0
YMR152W	581.0	71.0
YMR153W	67.0	806.0
YMR154C	27.0	172.0
YMR155W	221.0	154.0
YMR156C	12.0	54.0
YMR157C	44.0	127.0
YMR158C-A	1562.0	91.0
YMR158W	119.0	104.0
YMR159C		1470.0
YMR160W	47.0	269.0
YMR161W	52.0	406.0
YMR162C	178.0	334.0
YMR163C	157.0	67.0
YMR164C	155.0	394.0
YMR165C	114.0	124.0
YMR166C	209.0	239.0
YMR167W	236.0	725.0
YMR168C	41.0	381.0
YMR169C	57.0	58.0
YMR170C	35.0	83.0
YMR171C	196.0	251.0
YMR172W	226.0	462.0
YMR173W	54.0	114.0
YMR174C	138.0	176.0
YMR175W	537.0	118.0
YMR175W-A	277.0	1847.0
YMR176W	345.0	86.0
YMR177W		188.0
YMR178W	52.0	270.0
YMR179W	152.0	253.0
YMR180C	536.0	119.0
YMR181C	178.0	292.0
YMR182C	144.0	1208.0
YMR182W-A	488.0	838.0
YMR183C	66.0	250.0
YMR184W	66.0	69.0
YMR185W	22.0	59.0
YMR186W	98.0	99.0
YMR187C	102.0	228.0
YMR188C	84.0	135.0
YMR189W	179.0	93.0
YMR190C	152.0	306.0
YMR191W	18.0	160.0
YMR192W	82.0	69.0
YMR193W	94.0	144.0
YMR194C-B	15.0	273.0
YMR194W	63.0	84.0
YMR195W	168.0	128.0
YMR196W	134.0	122.0
YMR197C	57.0	192.0
YMR198W	309.0	867.0
YMR199W	202.0	133.0
YMR200W	125.0	274.0
YMR201C		1202.0
YMR202W	495.0	84.0
YMR203W	65.0	218.0
YMR204C	52.0	316.0
YMR205C	68.0	319.0
YMR206W	154.0	240.0
YMR207C	439.0	262.0
YMR208W	1684.0	111.0
YMR209C	1120.0	169.0
YMR210W	23.0	70.0
YMR211W	19.0	145.0
YMR212C	146.0	123.0
YMR213W	2463.0	3533.0
YMR214W	458.0	2203.0
YMR215W	1904.0	316.0
YMR216C	176.0	182.0
YMR217W	105.0	161.0
YMR218C	57.0	225.0
YMR219W	73.0	52.0
YMR220W	14.0	243.0
YMR221C	29.0	162.0
YMR222C	28.0	80.0
YMR223W	223.0	444.0
YMR224C	50.0	223.0
YMR225C	31.0	159.0
YMR226C	54.0	63.0
YMR227C	74.0	113.0
YMR228W	39.0	95.0
YMR229C	105.0	108.0
YMR230W	62.0	127.0
YMR230W-A	392.0	
YMR231W	67.0	186.0
YMR232W	169.0	52.0
YMR233W	54.0	170.0
YMR234W	116.0	168.0
YMR235C	44.0	208.0
YMR236W	31.0	143.0
YMR237W	93.0	173.0
YMR238W	173.0	111.0
YMR239C	72.0	106.0
YMR240C	410.0	59.0
YMR241W	213.0	50.0
YMR242C	30.0	109.0
YMR243C	147.0	164.0
YMR244C-A	116.0	116.0
YMR246W	227.0	182.0
YMR247C	73.0	61.0
YMR250W	71.0	120.0
YMR251W	102.0	1201.0
YMR251W-A	35.0	285.0
YMR252C	1512.0	180.0
YMR253C	53.0	810.0
YMR254C		204.0
YMR255W	53.0	290.0
YMR256C	57.0	213.0
YMR257C	388.0	267.0
YMR258C	53.0	95.0
YMR259C	69.0	193.0
YMR260C	40.0	156.0
YMR261C	86.0	151.0
YMR262W	43.0	217.0
YMR263W	26.0	65.0
YMR264W	49.0	115.0
YMR265C	3.0	117.0
YMR266W	42.0	203.0
YMR267W	125.0	356.0
YMR268C	42.0	185.0
YMR269W	53.0	57.0
YMR270C	150.0	169.0
YMR271C	57.0	172.0
YMR272C	44.0	177.0
YMR273C	205.0	78.0
YMR274C	57.0	64.0
YMR275C	60.0	124.0
YMR276W	56.0	107.0
YMR277W	122.0	132.0
YMR278W	85.0	110.0
YMR280C	52.0	75.0
YMR281W	63.0	90.0
YMR282C	47.0	144.0
YMR283C	132.0	104.0
YMR284W	92.0	179.0
YMR285C	2.0	171.0
YMR286W	36.0	131.0
YMR287C	36.0	134.0
YMR288W	21.0	59.0
YMR289W	189.0	146.0
YMR290C	70.0	252.0
YMR291W	151.0	161.0
YMR292W	30.0	85.0
YMR293C	41.0	91.0
YMR294W	48.0	143.0
YMR295C	67.0	199.0
YMR296C	183.0	87.0
YMR297W	86.0	125.0
YMR298W	62.0	145.0
YMR299C	51.0	113.0
YMR300C	258.0	141.0
YMR301C	54.0	65.0
YMR302C	60.0	102.0
YMR303C	70.0	134.0
YMR304W	227.0	284.0
YMR305C	143.0	188.0
YMR306W	270.0	434.0
YMR307W	161.0	178.0
YMR308C	180.0	84.0
YMR309C	81.0	315.0
YMR310C	77.0	69.0
YMR311C	54.0	135.0
YMR312W	64.0	142.0
YMR313C	55.0	106.0
YMR314W	72.0	161.0
YMR315W	42.0	128.0
YMR315W-A	257.0	863.0
YMR316C-A		895.0
YMR316W	64.0	134.0
YMR317W	173.0	179.0
YMR318C	117.0	167.0
YMR319C	176.0	219.0
YMR320W	1301.0	522.0
YMR322C	109.0	265.0
YMR323W	161.0	
YNL001W	80.0	112.0
YNL002C	41.0	63.0
YNL003C	32.0	1247.0
YNL004W	51.0	140.0
YNL005C	71.0	65.0
YNL006W	56.0	366.0
YNL007C	163.0	76.0
YNL008C	1465.0	64.0
YNL009W	34.0	167.0
YNL010W	39.0	135.0
YNL011C	274.0	69.0
YNL012W	3106.0	206.0
YNL014W	171.0	69.0
YNL015W	62.0	194.0
YNL016W	165.0	495.0
YNL020C	135.0	160.0
YNL021W	137.0	1573.0
YNL022C	14.0	142.0
YNL023C		209.0
YNL024C		109.0
YNL024C-A	79.0	271.0
YNL025C	56.0	900.0
YNL026W	33.0	152.0
YNL027W	168.0	123.0
YNL029C	241.0	504.0
YNL030W	30.0	177.0
YNL031C	77.0	259.0
YNL032W	160.0	132.0
YNL033W		106.0
YNL034W		196.0
YNL035C	59.0	213.0
YNL036W	60.0	139.0
YNL037C	141.0	136.0
YNL038W	249.0	121.0
YNL039W	62.0	54.0
YNL040W	58.0	191.0
YNL041C	58.0	181.0
YNL042W	280.0	104.0
YNL044W	90.0	196.0
YNL045W	846.0	66.0
YNL046W	187.0	153.0
YNL047C	244.0	89.0
YNL048W	37.0	98.0
YNL049C	17.0	105.0
YNL050C	26.0	61.0
YNL051W	92.0	86.0
YNL052W	38.0	286.0
YNL053W	123.0	139.0
YNL054W	68.0	274.0
YNL054W-A		4172.0
YNL054W-B		359.0
YNL055C	81.0	151.0
YNL056W	181.0	170.0
YNL058C	71.0	428.0
YNL059C	16.0	236.0
YNL061W	56.0	166.0
YNL062C	48.0	154.0
YNL063W	124.0	89.0
YNL064C	195.0	129.0
YNL066W	12.0	197.0
YNL067W	44.0	309.0
YNL068C	253.0	198.0
YNL069C	31.0	165.0
YNL070W	63.0	135.0
YNL071W	183.0	163.0
YNL072W	26.0	84.0
YNL073W	4.0	79.0
YNL074C	66.0	156.0
YNL075W	98.0	157.0
YNL076W	272.0	75.0
YNL077W	167.0	42.0
YNL078W	9.0	288.0
YNL079C	53.0	180.0
YNL080C	204.0	127.0
YNL081C	39.0	188.0
YNL082W	41.0	79.0
YNL083W	30.0	323.0
YNL084C	73.0	79.0
YNL085W	263.0	288.0
YNL086W	112.0	100.0
YNL087W	145.0	206.0
YNL088W	104.0	158.0
YNL090W	177.0	386.0
YNL091W	1590.0	92.0
YNL092W	1093.0	2299.0
YNL093W	90.0	1611.0
YNL094W	273.0	147.0
YNL095C	235.0	260.0
YNL096C	62.0	208.0
YNL097C	77.0	171.0
YNL098C	97.0	121.0
YNL099C	33.0	323.0
YNL100W	50.0	118.0
YNL101W	213.0	199.0
YNL102W	107.0	70.0
YNL103W	297.0	83.0
YNL104C	156.0	145.0
YNL106C	109.0	192.0
YNL107W	54.0	200.0
YNL108C	165.0	157.0
YNL110C	84.0	122.0
YNL111C	246.0	263.0
YNL112W	41.0	132.0
YNL113W	82.0	171.0
YNL115C	46.0	152.0
YNL116W	61.0	165.0
YNL117W	69.0	92.0
YNL118C	66.0	179.0
YNL119W	39.0	128.0
YNL121C	48.0	238.0
YNL122C		205.0
YNL123W	73.0	289.0
YNL124W	582.0	307.0
YNL125C	176.0	122.0
YNL126W	3347.0	106.0
YNL127W	118.0	1279.0
YNL128W	262.0	174.0
YNL129W	368.0	36.0
YNL130C	33.0	121.0
YNL131W	92.0	309.0
YNL132W	91.0	90.0
YNL133C	37.0	115.0
YNL134C	74.0	86.0
YNL135C	35.0	224.0
YNL136W	24.0	179.0
YNL137C	106.0	293.0
YNL138W	31.0	206.0
YNL138W-A	90.0	214.0
YNL139C	124.0	330.0
YNL140C	4355.0	323.0
YNL141W	69.0	123.0
YNL142W	68.0	93.0
YNL143C		421.0
YNL144C	115.0	55.0
YNL145W	769.0	176.0
YNL146C-A	508.0	680.0
YNL146W	113.0	689.0
YNL147W	113.0	52.0
YNL148C	35.0	646.0
YNL149C	65.0	152.0
YNL151C	1294.0	151.0
YNL152W	38.0	170.0
YNL153C	37.0	224.0
YNL154C	214.0	176.0
YNL155W	152.0	132.0
YNL156C	179.0	121.0
YNL157W	47.0	60.0
YNL158W	65.0	725.0
YNL159C	21.0	715.0
YNL160W	69.0	207.0
YNL161W	218.0	96.0
YNL162W	49.0	90.0
YNL162W-A	21.0	378.0
YNL163C	106.0	131.0
YNL164C	176.0	191.0
YNL165W	81.0	219.0
YNL166C	22.0	100.0
YNL167C	356.0	220.0
YNL168C	56.0	159.0
YNL169C	122.0	145.0
YNL172W	158.0	319.0
YNL173C	77.0	145.0
YNL175C	29.0	167.0
YNL176C	179.0	252.0
YNL177C	49.0	294.0
YNL178W	29.0	62.0
YNL180C	195.0	90.0
YNL181W	103.0	124.0
YNL182C	524.0	88.0
YNL183C	223.0	184.0
YNL184C		628.0
YNL185C	97.0	125.0
YNL186W	193.0	148.0
YNL187W	206.0	173.0
YNL188W	101.0	17.0
YNL189W	205.0	123.0
YNL190W	303.0	621.0
YNL191W	73.0	106.0
YNL192W	115.0	112.0
YNL193W	15.0	38.0
YNL194C	98.0	1283.0
YNL195C	1405.0	96.0
YNL196C	77.0	81.0
YNL197C	338.0	698.0
YNL199C	169.0	166.0
YNL200C	104.0	109.0
YNL201C	269.0	230.0
YNL202W	30.0	118.0
YNL204C	657.0	59.0
YNL206C	45.0	103.0
YNL207W	141.0	164.0
YNL208W	48.0	120.0
YNL209W	31.0	122.0
YNL211C	51.0	239.0
YNL212W	92.0	112.0
YNL213C	102.0	88.0
YNL214W	21.0	262.0
YNL215W	93.0	65.0
YNL216W	155.0	145.0
YNL217W	1001.0	110.0
YNL218W	255.0	444.0
YNL219C	398.0	157.0
YNL220W	95.0	113.0
YNL221C	366.0	167.0
YNL222W	1728.0	210.0
YNL223W	30.0	509.0
YNL224C	95.0	206.0
YNL225C	51.0	111.0
YNL227C	56.0	109.0
YNL229C	208.0	150.0
YNL230C	88.0	384.0
YNL231C	148.0	77.0
YNL232W	28.0	73.0
YNL233W	189.0	168.0
YNL234W	285.0	100.0
YNL236W	30.0	93.0
YNL237W	47.0	198.0
YNL238W	267.0	135.0
YNL239W	58.0	105.0
YNL240C	49.0	114.0
YNL241C	124.0	207.0
YNL242W	141.0	54.0
YNL243W	69.0	59.0
YNL244C	33.0	145.0
YNL245C	53.0	724.0
YNL246W	32.0	276.0
YNL247W	33.0	141.0
YNL248C	44.0	202.0
YNL249C	122.0	577.0
YNL250W	42.0	520.0
YNL251C	272.0	77.0
YNL252C	20.0	115.0
YNL253W	601.0	184.0
YNL254C	53.0	954.0
YNL255C	65.0	251.0
YNL256W	85.0	84.0
YNL257C	101.0	76.0
YNL258C	8.0	121.0
YNL259C	45.0	115.0
YNL260C		356.0
YNL261W	71.0	125.0
YNL262W	27.0	194.0
YNL263C	143.0	103.0
YNL264C	32.0	140.0
YNL265C	51.0	144.0
YNL267W	84.0	240.0
YNL268W	370.0	270.0
YNL270C	43.0	94.0
YNL271C	258.0	176.0
YNL272C	145.0	142.0
YNL273W	60.0	91.0
YNL274C	58.0	135.0
YNL275W	212.0	100.0
YNL277W	359.0	120.0
YNL277W-A	7.0	311.0
YNL278W	189.0	198.0
YNL279W		247.0
YNL280C	73.0	110.0
YNL281W	804.0	194.0
YNL282W	187.0	819.0
YNL283C	792.0	52.0
YNL284C		91.0
YNL284C-A		2395.0
YNL284C-B		311.0
YNL286W	117.0	98.0
YNL287W	189.0	236.0
YNL288W	154.0	153.0
YNL289W	83.0	133.0
YNL290W	40.0	111.0
YNL291C	225.0	131.0
YNL292W	30.0	139.0
YNL293W	26.0	105.0
YNL294C	179.0	213.0
YNL295W	164.0	187.0
YNL297C	47.0	233.0
YNL298W	221.0	105.0
YNL299W		48.0
YNL300W	97.0	257.0
YNL301C	56.0	162.0
YNL302C	30.0	165.0
YNL304W	53.0	135.0
YNL305C	40.0	100.0
YNL306W	29.0	860.0
YNL307C	166.0	341.0
YNL308C	41.0	137.0
YNL309W	65.0	191.0
YNL310C	1331.0	94.0
YNL311C	30.0	211.0
YNL312W	42.0	93.0
YNL313C	36.0	102.0
YNL314W	56.0	119.0
YNL315C	25.0	103.0
YNL316C	56.0	51.0
YNL317W	35.0	105.0
YNL318C		29.0
YNL320W	89.0	133.0
YNL321W	26.0	146.0
YNL322C	39.0	91.0
YNL323W	65.0	119.0
YNL325C	9.0	97.0
YNL326C	57.0	175.0
YNL327W	31.0	119.0
YNL328C	360.0	3343.0
YNL329C	673.0	83.0
YNL330C	44.0	55.0
YNL331C	576.0	219.0
YNL332W		148.0
YNL333W	578.0	143.0
YNL334C	33.0	956.0
YNL335W	340.0	117.0
YNL336W	7.0	79.0
YNL339C		79.0
YNR001C	144.0	199.0
YNR002C	59.0	196.0
YNR003C	37.0	102.0
YNR004W	28.0	416.0
YNR006W	21.0	142.0
YNR007C	42.0	306.0
YNR008W	108.0	244.0
YNR009W	90.0	157.0
YNR010W	98.0	137.0
YNR011C	27.0	169.0
YNR012W	94.0	79.0
YNR013C	117.0	123.0
YNR014W	54.0	163.0
YNR015W	25.0	118.0
YNR016C	447.0	118.0
YNR017W	615.0	175.0
YNR018W	79.0	119.0
YNR019W	53.0	135.0
YNR020C		88.0
YNR021W	58.0	193.0
YNR022C	33.0	133.0
YNR023W	54.0	105.0
YNR024W	16.0	197.0
YNR026C	51.0	338.0
YNR027W	40.0	236.0
YNR028W	168.0	92.0
YNR029C	52.0	115.0
YNR030W	96.0	215.0
YNR031C	294.0	113.0
YNR032C-A	50.0	104.0
YNR032W	167.0	133.0
YNR033W	229.0	69.0
YNR034W	106.0	255.0
YNR034W-A	209.0	117.0
YNR035C	45.0	73.0
YNR036C	15.0	164.0
YNR037C	16.0	115.0
YNR038W	23.0	158.0
YNR039C	47.0	83.0
YNR040W	12.0	208.0
YNR041C	55.0	81.0
YNR043W	46.0	533.0
YNR044W	177.0	67.0
YNR045W	69.0	52.0
YNR046W	1670.0	144.0
YNR047W	65.0	215.0
YNR048W	59.0	194.0
YNR049C	210.0	1771.0
YNR050C	39.0	116.0
YNR051C	754.0	491.0
YNR052C	135.0	41.0
YNR053C	54.0	191.0
YNR054C	44.0	46.0
YNR055C	457.0	88.0
YNR056C	781.0	147.0
YNR057C	15.0	96.0
YNR058W	214.0	115.0
YNR059W	169.0	99.0
YNR060W		65.0
YNR061C	86.0	323.0
YNR062C		237.0
YNR063W	45.0	
YNR064C	11.0	246.0
YNR065C	1322.0	85.0
YNR066C	50.0	3439.0
YNR067C	50.0	102.0
YNR068C	3131.0	246.0
YNR069C	1424.0	1332.0
YNR070W	168.0	847.0
YNR071C	438.0	115.0
YNR072W	881.0	130.0
YNR073C		228.0
YNR074C	493.0	91.0
YNR075W	30.0	1378.0
YNR076W	2032.0	138.0
YOL001W	673.0	140.0
YOL002C	234.0	59.0
YOL003C	40.0	186.0
YOL004W	201.0	127.0
YOL005C	39.0	37.0
YOL006C	163.0	117.0
YOL007C	82.0	361.0
YOL008W	39.0	160.0
YOL009C	195.0	63.0
YOL010W	70.0	104.0
YOL011W	756.0	286.0
YOL012C	121.0	162.0
YOL013C	158.0	59.0
YOL013W-A		133.0
YOL014W	196.0	244.0
YOL015W	709.0	140.0
YOL016C	106.0	122.0
YOL017W	318.0	98.0
YOL018C	65.0	186.0
YOL019W	162.0	264.0
YOL020W	188.0	141.0
YOL021C	53.0	123.0
YOL022C	41.0	103.0
YOL023W	37.0	159.0
YOL024W	2209.0	41.0
YOL025W	91.0	94.0
YOL026C	34.0	102.0
YOL027C	23.0	51.0
YOL028C	238.0	923.0
YOL029C	1188.0	105.0
YOL030W	62.0	182.0
YOL031C	84.0	102.0
YOL032W	96.0	39.0
YOL033W	58.0	145.0
YOL034W	31.0	98.0
YOL036W	100.0	152.0
YOL038C-A	73.0	191.0
YOL038W	34.0	65.0
YOL039W	53.0	216.0
YOL040C	52.0	125.0
YOL041C	74.0	148.0
YOL042W	642.0	256.0
YOL043C	83.0	90.0
YOL044W	77.0	62.0
YOL045W	187.0	134.0
YOL047C		119.0
YOL048C	179.0	74.0
YOL049W	59.0	130.0
YOL051W	190.0	230.0
YOL052C	58.0	137.0
YOL052C-A	50.0	289.0
YOL053W	9.0	140.0
YOL054W	104.0	193.0
YOL055C	153.0	97.0
YOL056W	48.0	174.0
YOL057W	48.0	146.0
YOL058W	72.0	155.0
YOL059W	50.0	283.0
YOL060C	66.0	204.0
YOL061W	72.0	149.0
YOL062C	20.0	69.0
YOL063C	73.0	53.0
YOL064C	38.0	107.0
YOL065C	32.0	166.0
YOL066C	65.0	75.0
YOL067C	52.0	1971.0
YOL068C	691.0	443.0
YOL069W	35.0	846.0
YOL070C	12.0	259.0
YOL071W	149.0	157.0
YOL072W	34.0	141.0
YOL073C	36.0	53.0
YOL075C	108.0	200.0
YOL076W	31.0	814.0
YOL077C	81.0	63.0
YOL077W-A	40.0	133.0
YOL078W	65.0	96.0
YOL080C	44.0	159.0
YOL081W	296.0	176.0
YOL082W	298.0	100.0
YOL083W	98.0	98.0
YOL084W	117.0	142.0
YOL085C		2218.0
YOL086C	1063.0	99.0
YOL086W-A	57.0	97.0
YOL087C	267.0	264.0
YOL088C	115.0	168.0
YOL089C	235.0	180.0
YOL090W	63.0	100.0
YOL091W		83.0
YOL092W	44.0	45.0
YOL093W	50.0	108.0
YOL094C	72.0	49.0
YOL095C	55.0	85.0
YOL096C	29.0	119.0
YOL097C	21.0	198.0
YOL097W-A	151.0	122.0
YOL098C	111.0	279.0
YOL100W	266.0	61.0
YOL101C	397.0	99.0
YOL102C	19.0	109.0
YOL103W	221.0	187.0
YOL103W-A		2425.0
YOL103W-B		342.0
YOL104C	354.0	118.0
YOL105C	271.0	116.0
YOL107W	896.0	454.0
YOL108C	45.0	220.0
YOL109W	95.0	185.0
YOL110W	12.0	166.0
YOL111C	154.0	72.0
YOL112W	181.0	92.0
YOL113W	142.0	97.0
YOL114C	17.0	92.0
YOL115W	66.0	104.0
YOL116W	2295.0	264.0
YOL117W	37.0	1692.0
YOL118C	490.0	226.0
YOL119C	68.0	149.0
YOL120C	36.0	99.0
YOL121C	91.0	78.0
YOL122C	38.0	181.0
YOL123W	366.0	141.0
YOL124C	23.0	158.0
YOL125W	375.0	38.0
YOL126C	87.0	241.0
YOL127W	335.0	104.0
YOL128C	102.0	233.0
YOL129W	48.0	151.0
YOL130W	728.0	381.0
YOL131W	21.0	350.0
YOL132W		81.0
YOL133W	72.0	420.0
YOL135C	53.0	129.0
YOL136C	263.0	332.0
YOL137W	473.0	256.0
YOL138C	39.0	134.0
YOL139C	90.0	113.0
YOL140W	254.0	88.0
YOL141W		249.0
YOL142W	229.0	65.0
YOL143C	53.0	113.0
YOL144W	61.0	63.0
YOL145C	86.0	118.0
YOL146W	17.0	92.0
YOL147C	31.0	153.0
YOL148C	60.0	
YOL151W	17.0	68.0
YOL152W	13.0	122.0
YOL154W	1143.0	115.0
YOL155C	86.0	133.0
YOL155W-A	423.0	
YOL156W		131.0
YOL157C	238.0	106.0
YOL158C	192.0	147.0
YOL159C	44.0	180.0
YOL159C-A	27.0	541.0
YOL160W		139.0
YOL162W	1272.0	48.0
YOL163W	750.0	357.0
YOL164W		168.0
YOL164W-A		598.0
YOR001W	45.0	129.0
YOR002W	51.0	413.0
YOR003W	528.0	309.0
YOR004W	233.0	136.0
YOR005C	311.0	120.0
YOR006C	67.0	89.0
YOR007C	79.0	157.0
YOR008C	258.0	316.0
YOR009W	1484.0	137.0
YOR010C	360.0	112.0
YOR011W	359.0	86.0
YOR012W	51.0	331.0
YOR014W	251.0	301.0
YOR015W	2570.0	104.0
YOR016C	138.0	161.0
YOR017W	62.0	154.0
YOR018W	69.0	171.0
YOR019W	103.0	217.0
YOR020C	66.0	104.0
YOR020W-A	220.0	195.0
YOR021C	30.0	155.0
YOR022C	20.0	8.0
YOR023C	101.0	54.0
YOR025W	19.0	141.0
YOR026W	1581.0	192.0
YOR027W	78.0	129.0
YOR028C	89.0	327.0
YOR030W	135.0	866.0
YOR032C	117.0	252.0
YOR032W-A	2476.0	90.0
YOR033C	128.0	85.0
YOR034C	288.0	280.0
YOR034C-A	2469.0	240.0
YOR035C	33.0	179.0
YOR036W	17.0	71.0
YOR037W	160.0	99.0
YOR038C	51.0	113.0
YOR039W	166.0	298.0
YOR040W	264.0	241.0
YOR042W	99.0	51.0
YOR043W	665.0	159.0
YOR044W	299.0	220.0
YOR045W	39.0	157.0
YOR046C	42.0	58.0
YOR047C		3671.0
YOR048C	60.0	175.0
YOR049C	212.0	275.0
YOR051C	220.0	178.0
YOR052C	134.0	278.0
YOR054C	141.0	80.0
YOR056C	77.0	57.0
YOR057W	94.0	79.0
YOR058C	154.0	321.0
YOR059C	938.0	59.0
YOR060C	42.0	1543.0
YOR061W	128.0	247.0
YOR062C	198.0	96.0
YOR063W	88.0	120.0
YOR064C	49.0	95.0
YOR065W	372.0	65.0
YOR066W	214.0	408.0
YOR067C	61.0	89.0
YOR069W	297.0	120.0
YOR070C	184.0	69.0
YOR071C	108.0	224.0
YOR072W	2628.0	
YOR073W	70.0	146.0
YOR074C	335.0	89.0
YOR075W	32.0	55.0
YOR076C	37.0	90.0
YOR077W	38.0	842.0
YOR078W	864.0	70.0
YOR079C	73.0	115.0
YOR080W	6.0	177.0
YOR081C	54.0	130.0
YOR083W	802.0	1382.0
YOR084W	1160.0	52.0
YOR085W	60.0	88.0
YOR086C	197.0	128.0
YOR087W	92.0	122.0
YOR089C	80.0	205.0
YOR090C	125.0	1215.0
YOR091W	385.0	85.0
YOR092W	238.0	203.0
YOR093C	59.0	195.0
YOR094W	108.0	278.0
YOR095C	70.0	117.0
YOR096W	117.0	103.0
YOR097C	316.0	108.0
YOR098C	750.0	239.0
YOR099W	117.0	99.0
YOR100C	90.0	277.0
YOR101W	74.0	339.0
YOR103C	21.0	92.0
YOR104W	221.0	531.0
YOR105W	774.0	500.0
YOR106W	389.0	340.0
YOR107W	275.0	342.0
YOR108W	104.0	92.0
YOR109W	177.0	194.0
YOR110W	134.0	62.0
YOR111W	61.0	324.0
YOR112W	76.0	85.0
YOR113W	117.0	319.0
YOR114W	221.0	221.0
YOR115C	51.0	92.0
YOR116C	255.0	106.0
YOR117W	97.0	138.0
YOR118W	211.0	141.0
YOR119C	571.0	1032.0
YOR120W	59.0	136.0
YOR122C	17.0	256.0
YOR123C	73.0	58.0
YOR124C	114.0	81.0
YOR125C	44.0	140.0
YOR126C	31.0	111.0
YOR127W	1228.0	174.0
YOR128C	39.0	60.0
YOR129C	80.0	158.0
YOR130C	87.0	107.0
YOR131C	78.0	57.0
YOR132W	119.0	105.0
YOR133W	92.0	190.0
YOR134W	307.0	382.0
YOR136W	112.0	157.0
YOR137C	361.0	132.0
YOR138C	65.0	66.0
YOR140W	345.0	462.0
YOR141C	21.0	1276.0
YOR142W	228.0	226.0
YOR142W-A		2425.0
YOR142W-B		311.0
YOR143C	120.0	362.0
YOR144C	57.0	169.0
YOR145C	21.0	82.0
YOR147W	43.0	80.0
YOR148C	22.0	87.0
YOR149C	44.0	464.0
YOR150W	27.0	103.0
YOR151C	278.0	345.0
YOR152C	164.0	167.0
YOR153W	768.0	130.0
YOR154W	94.0	157.0
YOR155C	2227.0	307.0
YOR156C	171.0	254.0
YOR157C	91.0	77.0
YOR158W	81.0	43.0
YOR159C	58.0	186.0
YOR160W	68.0	101.0
YOR161C	165.0	122.0
YOR161C-C	2946.0	400.0
YOR162C	442.0	154.0
YOR163W	46.0	76.0
YOR164C	41.0	269.0
YOR165W	58.0	171.0
YOR166C	59.0	219.0
YOR167C	26.0	133.0
YOR168W	57.0	126.0
YOR171C	68.0	184.0
YOR172W	44.0	202.0
YOR173W	64.0	119.0
YOR174W	160.0	118.0
YOR175C	82.0	164.0
YOR176W	121.0	125.0
YOR177C	73.0	445.0
YOR178C	351.0	341.0
YOR179C	39.0	481.0
YOR180C	31.0	265.0
YOR181W	70.0	133.0
YOR182C	20.0	104.0
YOR183W		1402.0
YOR184W	110.0	98.0
YOR185C	78.0	127.0
YOR186W	615.0	177.0
YOR187W	150.0	121.0
YOR188W	99.0	131.0
YOR189W	34.0	414.0
YOR190W		158.0
YOR191W	301.0	830.0
YOR192C	1082.0	506.0
YOR192C-A		4312.0
YOR192C-B		340.0
YOR192C-C	115.0	
YOR193W	71.0	112.0
YOR194C	75.0	76.0
YOR195W	80.0	224.0
YOR196C	24.0	267.0
YOR197W	16.0	169.0
YOR198C	189.0	210.0
YOR201C	18.0	131.0
YOR202W	46.0	82.0
YOR204W	30.0	719.0
YOR205C	20.0	338.0
YOR206W	38.0	90.0
YOR207C	210.0	183.0
YOR208W	230.0	111.0
YOR209C	151.0	112.0
YOR210W	57.0	389.0
YOR211C	213.0	107.0
YOR212W	237.0	184.0
YOR213C	132.0	346.0
YOR214C	1009.0	
YOR215C	57.0	339.0
YOR216C	69.0	97.0
YOR217W	135.0	247.0
YOR219C	105.0	337.0
YOR220W	26.0	166.0
YOR221C	102.0	177.0
YOR222W	509.0	67.0
YOR223W	42.0	54.0
YOR224C	21.0	119.0
YOR226C	278.0	160.0
YOR227W	381.0	164.0
YOR228C	212.0	139.0
YOR229W	88.0	277.0
YOR230W	148.0	191.0
YOR231W	156.0	209.0
YOR232W	117.0	160.0
YOR233W	215.0	69.0
YOR234C	19.0	79.0
YOR235W		352.0
YOR236W	83.0	71.0
YOR237W		71.0
YOR238W	58.0	95.0
YOR239W	278.0	221.0
YOR241W		145.0
YOR242C		100.0
YOR243C	42.0	344.0
YOR244W	81.0	177.0
YOR245C	31.0	117.0
YOR246C	72.0	85.0
YOR247W	235.0	137.0
YOR249C	16.0	83.0
YOR250C	71.0	57.0
YOR251C	190.0	96.0
YOR252W	32.0	102.0
YOR253W	19.0	121.0
YOR254C	34.0	109.0
YOR255W		158.0
YOR256C	164.0	71.0
YOR257W	34.0	55.0
YOR258W	8.0	895.0
YOR259C	49.0	78.0
YOR260W	60.0	206.0
YOR261C	117.0	85.0
YOR262W	63.0	104.0
YOR264W	58.0	205.0
YOR265W	34.0	259.0
YOR266W	603.0	71.0
YOR267C	426.0	185.0
YOR269W	88.0	166.0
YOR270C	171.0	129.0
YOR271C	69.0	60.0
YOR272W	76.0	82.0
YOR273C	614.0	270.0
YOR274W	655.0	276.0
YOR275C	1113.0	133.0
YOR276W	60.0	93.0
YOR278W	399.0	107.0
YOR279C	123.0	121.0
YOR280C	21.0	70.0
YOR281C	78.0	95.0
YOR283W	104.0	176.0
YOR284W	59.0	279.0
YOR285W	20.0	81.0
YOR286W	23.0	76.0
YOR287C	22.0	203.0
YOR288C	45.0	85.0
YOR289W	93.0	89.0
YOR290C	132.0	66.0
YOR291W	150.0	76.0
YOR292C	58.0	69.0
YOR293C-A		116.0
YOR293W	69.0	144.0
YOR294W	49.0	157.0
YOR295W	57.0	233.0
YOR296W	168.0	184.0
YOR297C	40.0	132.0
YOR298C-A	76.0	232.0
YOR298W	739.0	361.0
YOR299W	161.0	1867.0
YOR301W	2608.0	2062.0
YOR302W	109.0	1492.0
YOR303W	243.0	74.0
YOR304C-A	93.0	355.0
YOR304W	183.0	403.0
YOR305W	87.0	85.0
YOR306C	922.0	102.0
YOR307C	172.0	82.0
YOR308C	24.0	1975.0
YOR310C	43.0	263.0
YOR311C	47.0	249.0
YOR312C	47.0	98.0
YOR313C	602.0	225.0
YOR314W		100.0
YOR315W	161.0	116.0
YOR316C	156.0	138.0
YOR316C-A	349.0	1195.0
YOR317W	51.0	255.0
YOR319W	37.0	136.0
YOR320C	117.0	95.0
YOR321W	82.0	42.0
YOR322C	252.0	364.0
YOR323C	35.0	129.0
YOR324C	157.0	137.0
YOR326W	223.0	146.0
YOR327C	92.0	140.0
YOR328W	142.0	245.0
YOR329C	135.0	108.0
YOR330C	47.0	77.0
YOR332W	31.0	70.0
YOR334W	59.0	83.0
YOR335C	443.0	138.0
YOR336W	33.0	151.0
YOR337W	73.0	270.0
YOR338W	63.0	254.0
YOR339C		230.0
YOR340C	86.0	147.0
YOR341W	125.0	282.0
YOR342C	122.0	99.0
YOR343C	170.0	1675.0
YOR343W-A		786.0
YOR343W-B		339.0
YOR344C	135.0	203.0
YOR346W	210.0	156.0
YOR347C	270.0	57.0
YOR348C	33.0	186.0
YOR349W	43.0	96.0
YOR350C	36.0	70.0
YOR351C	412.0	77.0
YOR352W	80.0	190.0
YOR353C	31.0	163.0
YOR354C	22.0	170.0
YOR355W	611.0	193.0
YOR356W	101.0	119.0
YOR357C	17.0	80.0
YOR358W	88.0	317.0
YOR359W	1112.0	118.0
YOR360C	261.0	99.0
YOR361C	1147.0	88.0
YOR362C	53.0	164.0
YOR363C	428.0	339.0
YOR365C		3578.0
YOR367W	25.0	100.0
YOR368W	38.0	130.0
YOR369C	111.0	123.0
YOR370C	689.0	195.0
YOR371C	128.0	2471.0
YOR372C	92.0	335.0
YOR373W	2299.0	104.0
YOR374W	76.0	146.0
YOR375C	68.0	95.0
YOR376W-A	490.0	2683.0
YOR377W	1674.0	248.0
YOR378W		114.0
YOR380W	213.0	85.0
YOR381W	1262.0	78.0
YOR381W-A		454.0
YOR382W	91.0	110.0
YOR383C	100.0	235.0
YOR384W	115.0	
YOR385W	8.0	9.0
YOR386W	25.0	1064.0
YOR388C	121.0	162.0
YOR389W	738.0	248.0
YOR390W	55.0	303.0
YOR391C	191.0	300.0
YOR393W	121.0	524.0
YOR394W	1096.0	133.0
YOR396W	110.0	79.0
YPL001W	58.0	57.0
YPL002C	31.0	367.0
YPL003W	12.0	17.0
YPL004C	68.0	300.0
YPL005W	37.0	111.0
YPL006W	106.0	245.0
YPL007C	47.0	101.0
YPL008W	246.0	77.0
YPL009C	23.0	220.0
YPL010W	65.0	128.0
YPL011C	66.0	221.0
YPL012W	135.0	128.0
YPL013C	53.0	158.0
YPL014W	34.0	257.0
YPL015C	56.0	325.0
YPL016W	393.0	118.0
YPL017C	17.0	669.0
YPL018W	397.0	1153.0
YPL019C	135.0	73.0
YPL020C	109.0	93.0
YPL022W	85.0	608.0
YPL023C	131.0	137.0
YPL024W	346.0	124.0
YPL026C	109.0	243.0
YPL028W	114.0	101.0
YPL029W	79.0	57.0
YPL030W	60.0	112.0
YPL031C	26.0	81.0
YPL032C	229.0	263.0
YPL034W	334.0	187.0
YPL036W	393.0	536.0
YPL037C	73.0	135.0
YPL038W	37.0	113.0
YPL038W-A	1014.0	
YPL039W	57.0	174.0
YPL040C	56.0	1004.0
YPL041C	3240.0	182.0
YPL042C	258.0	132.0
YPL043W	86.0	519.0
YPL045W	103.0	245.0
YPL046C	22.0	228.0
YPL047W	86.0	537.0
YPL048W	1993.0	128.0
YPL049C	300.0	174.0
YPL050C	184.0	149.0
YPL051W	52.0	160.0
YPL052W	88.0	188.0
YPL053C	76.0	114.0
YPL054W	266.0	462.0
YPL055C	16.0	59.0
YPL056C	1271.0	224.0
YPL057C	229.0	454.0
YPL058C	176.0	231.0
YPL059W	60.0	134.0
YPL060C-A		417.0
YPL060W	269.0	129.0
YPL061W	208.0	127.0
YPL063W	124.0	118.0
YPL064C	9.0	128.0
YPL065W	27.0	60.0
YPL066W	210.0	107.0
YPL067C	72.0	183.0
YPL068C	744.0	68.0
YPL069C	43.0	213.0
YPL070W	249.0	263.0
YPL071C	276.0	90.0
YPL072W	202.0	51.0
YPL074W	29.0	234.0
YPL075W	88.0	221.0
YPL076W	154.0	784.0
YPL077C	85.0	354.0
YPL078C	83.0	268.0
YPL079W	70.0	111.0
YPL081W	43.0	176.0
YPL082C	146.0	152.0
YPL083C	94.0	139.0
YPL084W	41.0	151.0
YPL085W	192.0	130.0
YPL086C	68.0	118.0
YPL087W	307.0	146.0
YPL088W	312.0	83.0
YPL089C	473.0	133.0
YPL090C	25.0	158.0
YPL091W	10.0	112.0
YPL092W	199.0	94.0
YPL093W	82.0	239.0
YPL094C	22.0	74.0
YPL095C	106.0	827.0
YPL096C-A	70.0	120.0
YPL096W	25.0	106.0
YPL097W	28.0	111.0
YPL098C	67.0	173.0
YPL099C	28.0	188.0
YPL100W	77.0	137.0
YPL101W	51.0	210.0
YPL103C	44.0	307.0
YPL104W	54.0	241.0
YPL105C	23.0	135.0
YPL106C	45.0	137.0
YPL107W	119.0	2643.0
YPL108W		138.0
YPL109C	97.0	252.0
YPL110C	341.0	106.0
YPL111W	46.0	108.0
YPL112C	90.0	70.0
YPL113C	32.0	95.0
YPL115C	295.0	362.0
YPL116W	234.0	137.0
YPL117C	117.0	185.0
YPL118W	86.0	100.0
YPL119C	60.0	648.0
YPL119C-A	2037.0	261.0
YPL120W	37.0	107.0
YPL122C	29.0	103.0
YPL123C	43.0	154.0
YPL124W	52.0	95.0
YPL125W	172.0	122.0
YPL126W	47.0	215.0
YPL127C	38.0	337.0
YPL128C	87.0	366.0
YPL129W	76.0	109.0
YPL130W		41.0
YPL131W	87.0	98.0
YPL132W	176.0	128.0
YPL133C	130.0	1416.0
YPL134C	29.0	116.0
YPL135W	91.0	369.0
YPL137C	36.0	187.0
YPL138C	69.0	204.0
YPL139C	67.0	96.0
YPL140C	219.0	195.0
YPL141C	283.0	235.0
YPL143W	133.0	144.0
YPL144W	227.0	139.0
YPL145C	322.0	470.0
YPL146C	2492.0	143.0
YPL147W	27.0	97.0
YPL148C	137.0	200.0
YPL149W	60.0	48.0
YPL150W	412.0	115.0
YPL151C	30.0	100.0
YPL152W	538.0	96.0
YPL152W-A	112.0	858.0
YPL153C	181.0	189.0
YPL154C	276.0	136.0
YPL155C	80.0	447.0
YPL156C	77.0	171.0
YPL157W	141.0	464.0
YPL158C	70.0	60.0
YPL159C	108.0	310.0
YPL160W	87.0	172.0
YPL161C	76.0	301.0
YPL162C	2250.0	1487.0
YPL163C	32.0	157.0
YPL164C	60.0	273.0
YPL165C	2364.0	573.0
YPL166W	82.0	1249.0
YPL167C	46.0	99.0
YPL168W	159.0	107.0
YPL169C	50.0	209.0
YPL170W	123.0	169.0
YPL171C	23.0	138.0
YPL172C	132.0	141.0
YPL173W	66.0	166.0
YPL174C	121.0	97.0
YPL175W	63.0	110.0
YPL176C	31.0	302.0
YPL177C	151.0	61.0
YPL178W	48.0	135.0
YPL179W	1999.0	241.0
YPL180W	46.0	2400.0
YPL181W	751.0	125.0
YPL183C	34.0	82.0
YPL183W-A	76.0	132.0
YPL184C	672.0	201.0
YPL186C	63.0	240.0
YPL187W	184.0	220.0
YPL188W	30.0	338.0
YPL189C-A	91.0	254.0
YPL189W		149.0
YPL190C	116.0	448.0
YPL191C	77.0	557.0
YPL192C	1660.0	
YPL193W	72.0	599.0
YPL194W	76.0	228.0
YPL195W	30.0	150.0
YPL196W	88.0	58.0
YPL198W	349.0	95.0
YPL199C	12.0	566.0
YPL200W	67.0	1194.0
YPL201C	43.0	72.0
YPL202C	1863.0	385.0
YPL203W	210.0	242.0
YPL204W	248.0	172.0
YPL206C	23.0	97.0
YPL207W	73.0	116.0
YPL208W	31.0	72.0
YPL209C	67.0	2282.0
YPL210C	19.0	93.0
YPL211W	42.0	249.0
YPL212C	58.0	153.0
YPL213W	47.0	146.0
YPL214C	119.0	58.0
YPL215W	38.0	196.0
YPL216W	76.0	147.0
YPL217C	58.0	1315.0
YPL218W	88.0	70.0
YPL219W	129.0	127.0
YPL220W	20.0	92.0
YPL221W	299.0	178.0
YPL222W	980.0	527.0
YPL223C	65.0	236.0
YPL224C	191.0	194.0
YPL225W	40.0	137.0
YPL226W	29.0	241.0
YPL227C	172.0	101.0
YPL228W	160.0	187.0
YPL229W	203.0	289.0
YPL230W	13.0	105.0
YPL231W	84.0	85.0
YPL232W	175.0	80.0
YPL233W	119.0	1402.0
YPL234C	59.0	151.0
YPL235W	96.0	269.0
YPL236C	48.0	212.0
YPL237W	43.0	117.0
YPL239W	99.0	222.0
YPL240C	56.0	132.0
YPL241C	18.0	107.0
YPL242C	260.0	150.0
YPL243W	90.0	70.0
YPL244C	251.0	158.0
YPL245W	1105.0	58.0
YPL246C	73.0	99.0
YPL247C	106.0	100.0
YPL248C	14.0	191.0
YPL249C	178.0	98.0
YPL249C-A	46.0	149.0
YPL250C	67.0	192.0
YPL252C	93.0	147.0
YPL253C	49.0	92.0
YPL254W	244.0	76.0
YPL255W	187.0	344.0
YPL256C	175.0	235.0
YPL257W	107.0	757.0
YPL257W-A		2424.0
YPL257W-B		484.0
YPL258C		103.0
YPL259C	13.0	215.0
YPL260W	96.0	179.0
YPL261C	1786.0	
YPL262W	201.0	57.0
YPL263C	207.0	154.0
YPL264C	35.0	265.0
YPL265W	133.0	316.0
YPL266W	91.0	71.0
YPL267W	39.0	66.0
YPL268W	48.0	140.0
YPL269W	41.0	146.0
YPL270W	422.0	98.0
YPL271W	30.0	188.0
YPL272C	1594.0	120.0
YPL273W	184.0	116.0
YPL274W	131.0	65.0
YPL277C	23.0	580.0
YPL278C	1536.0	228.0
YPL279C	469.0	275.0
YPL280W	292.0	299.0
YPL282C	1109.0	135.0
YPL283C	56.0	81.0
YPR001W	45.0	203.0
YPR002W	63.0	203.0
YPR003C	76.0	349.0
YPR004C	69.0	55.0
YPR005C	2389.0	232.0
YPR006C	84.0	126.0
YPR007C		222.0
YPR008W	185.0	128.0
YPR009W	89.0	104.0
YPR010C	57.0	196.0
YPR010C-A	44.0	187.0
YPR011C	103.0	104.0
YPR013C	670.0	390.0
YPR014C	642.0	123.0
YPR015C	95.0	150.0
YPR016C	115.0	206.0
YPR017C	167.0	338.0
YPR018W	136.0	56.0
YPR019W	86.0	179.0
YPR020W	52.0	128.0
YPR021C	229.0	90.0
YPR022C	41.0	188.0
YPR023C	40.0	76.0
YPR024W	177.0	518.0
YPR025C	22.0	132.0
YPR026W	247.0	104.0
YPR028W	545.0	150.0
YPR029C	44.0	238.0
YPR030W	28.0	91.0
YPR031W	29.0	115.0
YPR032W	58.0	103.0
YPR033C	47.0	83.0
YPR034W	74.0	247.0
YPR035W	284.0	400.0
YPR036W	60.0	112.0
YPR036W-A	577.0	260.0
YPR037C	59.0	77.0
YPR040W	36.0	69.0
YPR041W	17.0	194.0
YPR042C	136.0	464.0
YPR043W	77.0	76.0
YPR045C	58.0	109.0
YPR046W	63.0	78.0
YPR047W	68.0	119.0
YPR048W	50.0	70.0
YPR049C	63.0	95.0
YPR051W	54.0	110.0
YPR052C	87.0	190.0
YPR053C	1211.0	285.0
YPR055W	56.0	84.0
YPR056W	71.0	122.0
YPR057W	1363.0	57.0
YPR058W	97.0	170.0
YPR060C	1304.0	146.0
YPR061C	33.0	120.0
YPR062W	7.0	116.0
YPR063C	57.0	195.0
YPR065W	98.0	297.0
YPR066W	140.0	753.0
YPR067W	46.0	209.0
YPR068C	52.0	174.0
YPR069C	37.0	67.0
YPR070W	41.0	1820.0
YPR071W	813.0	611.0
YPR072W	107.0	518.0
YPR073C	77.0	243.0
YPR074C	110.0	141.0
YPR075C	63.0	114.0
YPR078C		115.0
YPR079W	89.0	119.0
YPR080W	42.0	128.0
YPR081C	20.0	138.0
YPR082C	51.0	83.0
YPR083W	80.0	127.0
YPR084W	158.0	173.0
YPR085C	87.0	126.0
YPR086W	48.0	161.0
YPR088C	46.0	115.0
YPR089W	68.0	214.0
YPR091C	52.0	322.0
YPR093C	473.0	979.0
YPR094W	47.0	70.0
YPR095C	289.0	101.0
YPR096C		3321.0
YPR097W	295.0	117.0
YPR098C	674.0	48.0
YPR100W	38.0	101.0
YPR101W	29.0	218.0
YPR102C	102.0	93.0
YPR103W	85.0	60.0
YPR104C	292.0	386.0
YPR105C	221.0	76.0
YPR106W	72.0	94.0
YPR107C	121.0	201.0
YPR108W	80.0	242.0
YPR108W-A		56.0
YPR109W	231.0	124.0
YPR110C	14.0	239.0
YPR111W	58.0	255.0
YPR112C	52.0	105.0
YPR113W	25.0	106.0
YPR114W	129.0	102.0
YPR115W	214.0	275.0
YPR116W	33.0	1023.0
YPR117W	1410.0	92.0
YPR118W	32.0	73.0
YPR119W	958.0	550.0
YPR120C	143.0	204.0
YPR121W	943.0	67.0
YPR124W	194.0	231.0
YPR125W	113.0	186.0
YPR127W	58.0	85.0
YPR128C	60.0	97.0
YPR129W	37.0	92.0
YPR131C	45.0	207.0
YPR132W	92.0	122.0
YPR133C	87.0	75.0
YPR133W-A	66.0	175.0
YPR134W	59.0	134.0
YPR135W	68.0	304.0
YPR137C-A		2425.0
YPR137C-B		316.0
YPR137W	256.0	169.0
YPR138C	230.0	142.0
YPR139C	853.0	94.0
YPR140W	113.0	84.0
YPR141C	158.0	201.0
YPR143W	26.0	186.0
YPR144C	35.0	126.0
YPR145C-A	29.0	342.0
YPR145W	201.0	136.0
YPR147C	70.0	211.0
YPR148C	74.0	118.0
YPR149W	196.0	385.0
YPR151C	104.0	100.0
YPR152C	180.0	327.0
YPR153W	59.0	1130.0
YPR154W	58.0	320.0
YPR155C	94.0	148.0
YPR156C	325.0	265.0
YPR157W	92.0	138.0
YPR158C-C		2425.0
YPR158C-D		328.0
YPR158W	76.0	164.0
YPR158W-A		2958.0
YPR158W-B		331.0
YPR159C-A	1330.0	3124.0
YPR159W	354.0	313.0
YPR160W	233.0	177.0
YPR161C	1910.0	99.0
YPR162C	28.0	2351.0
YPR163C	91.0	117.0
YPR164W	57.0	665.0
YPR165W	1346.0	215.0
YPR166C	50.0	86.0
YPR167C	58.0	43.0
YPR168W	197.0	1703.0
YPR169W	811.0	89.0
YPR170W-B		201.0
YPR171W	341.0	77.0
YPR172W	30.0	138.0
YPR173C	892.0	69.0
YPR174C	21.0	1587.0
YPR175W	55.0	66.0
YPR176C	4.0	112.0
YPR178W	48.0	87.0
YPR179C	43.0	43.0
YPR180W	26.0	122.0
YPR181C	69.0	213.0
YPR182W	62.0	78.0
YPR183W	43.0	29.0
YPR184W	35.0	152.0
YPR185W	318.0	308.0
YPR186C	33.0	156.0
YPR187W	49.0	283.0
YPR188C	22.0	56.0
YPR189W	37.0	131.0
YPR190C	52.0	80.0
YPR191W	111.0	229.0
YPR192W	56.0	181.0
YPR193C	21.0	1867.0
YPR194C	330.0	183.0
YPR195C		761.0
YPR196W	315.0	434.0
YPR198W	57.0	215.0
YPR199C	10.0	180.0
YPR200C	1538.0	155.0
YPR201W		97.0
YPR202W	265.0	3883.0
YPR203W	1073.0	3591.0
YPR204W	1796.0	78.0
