transcript	n_reads	mean_read_length	mean_clip_total	median_clip_total	mean_clip_5p	mean_clip_3p	frac_clipped	mean_clip_frac	asymmetry
Q0032	5	593.8	115.0	90.0	3.2	111.8	1.0	0.2037	-108.6
Q0045	138	618.4	75.51	70.0	19.16	56.36	0.9565	0.126	-37.2
Q0050	43	544.3	45.56	15.0	1.02	44.53	0.907	0.0974	-43.51
Q0055	80	548.4	59.2	29.0	20.68	38.52	0.9375	0.1049	-17.85
Q0060	80	475.4	48.79	58.0	5.98	42.81	0.925	0.1144	-36.84
Q0065	92	485.0	55.11	58.5	16.35	38.76	0.9348	0.1278	-22.41
Q0070	77	606.2	82.29	60.0	15.42	66.87	0.961	0.1273	-51.45
Q0075	20	343.2	47.45	71.0	2.9	44.55	0.95	0.1423	-41.65
Q0080	16	667.5	85.69	72.5	2.06	83.62	1.0	0.1103	-81.56
Q0085	65	602.4	107.11	104.0	2.98	104.12	0.9846	0.1884	-101.14
Q0092	8	509.8	189.75	130.5	85.62	104.12	1.0	0.365	-18.5
Q0105	65	585.7	119.23	71.0	52.51	66.72	0.9231	0.1772	-14.22
Q0110	9	358.7	61.56	84.0	2.89	58.67	0.8889	0.1625	-55.78
Q0115	13	463.5	97.38	83.0	33.46	63.92	1.0	0.1903	-30.46
Q0120	30	596.6	140.87	71.5	3.83	137.03	0.9333	0.1493	-133.2
Q0130	298	443.5	52.47	67.0	2.56	49.91	0.9228	0.1278	-47.34
Q0140	47	446.6	93.15	76.0	36.19	56.96	0.9362	0.1993	-20.77
Q0142	5	392.0	108.0	95.0	4.0	104.0	1.0	0.2637	-100.0
Q0144	7	704.4	229.14	94.0	72.57	156.57	1.0	0.2878	-84.0
Q0160	977	537.3	191.46	103.0	112.84	78.62	0.9693	0.2915	34.22
Q0182	13	504.5	132.92	77.0	54.15	78.77	1.0	0.1999	-24.62
Q0250	45	467.1	60.2	22.0	15.62	44.58	0.9778	0.1511	-28.96
Q0255	47	463.0	72.6	68.0	15.77	56.83	1.0	0.1587	-41.06
Q0275	35	672.3	290.4	126.0	31.46	258.94	0.9714	0.3286	-227.49
Q0297	30	425.9	139.63	100.0	14.0	125.63	1.0	0.3135	-111.63
YAL001C	66	816.4	51.29	62.0	3.15	48.14	1.0	0.0781	-44.98
YAL002W	2231	417.7	51.09	67.0	5.72	45.37	0.9915	0.1318	-39.65
YAL003W	4958	626.0	92.21	89.0	43.3	48.92	0.9948	0.1458	-5.62
YAL004W	95	466.6	37.05	12.0	1.97	35.08	0.9368	0.0992	-33.12
YAL005C	3690	897.0	41.94	11.0	2.31	39.62	0.9659	0.0711	-37.31
YAL007C	270	530.8	53.24	71.5	1.92	51.32	0.9963	0.1144	-49.4
YAL008W	346	566.2	44.99	15.5	2.46	42.53	0.9855	0.0949	-40.07
YAL009W	70	638.2	50.11	25.5	2.21	47.9	0.9571	0.0883	-45.69
YAL010C	69	701.0	50.13	28.0	3.58	46.55	1.0	0.0976	-42.97
YAL011W	281	520.0	48.04	23.0	4.6	43.44	0.9929	0.1012	-38.84
YAL012W	567	908.3	54.27	71.0	3.42	50.85	0.9929	0.0768	-47.43
YAL013W	51	687.3	60.45	69.0	1.12	59.33	0.9804	0.0918	-58.22
YAL014C	48	580.2	50.71	67.5	1.9	48.81	0.9792	0.0973	-46.92
YAL015C	250	582.5	53.16	66.0	3.38	49.78	0.996	0.1081	-46.4
YAL016C-A	24	476.6	40.92	11.5	9.79	31.12	1.0	0.0935	-21.33
YAL016C-B	30	571.4	42.73	11.0	3.57	39.17	1.0	0.0833	-35.6
YAL016W	395	918.1	48.45	51.0	2.06	46.38	0.9949	0.0779	-44.32
YAL017W	61	910.3	43.85	23.0	1.46	42.39	0.9508	0.0657	-40.93
YAL018C	72	459.1	45.75	18.5	3.76	41.99	0.9861	0.1093	-38.22
YAL019W	136	810.2	44.95	18.0	2.29	42.66	0.9559	0.0728	-40.38
YAL019W-A	20	645.8	39.55	14.0	1.5	38.05	1.0	0.0727	-36.55
YAL020C	24	658.2	60.96	75.0	1.21	59.75	1.0	0.1243	-58.54
YAL021C	73	878.9	49.0	67.0	4.4	44.6	0.9726	0.0856	-40.21
YAL022C	76	821.7	53.04	71.0	4.18	48.86	1.0	0.0774	-44.67
YAL023C	411	958.4	51.55	68.0	3.47	48.07	0.9927	0.0794	-44.6
YAL024C	177	470.6	44.43	17.0	2.43	42.0	0.9944	0.1113	-39.57
YAL025C	54	429.8	43.02	15.5	0.69	42.33	1.0	0.1044	-41.65
YAL026C	116	668.3	49.79	27.5	1.76	48.03	0.9914	0.0907	-46.28
YAL026C-A	62	653.1	52.61	71.0	2.45	50.16	1.0	0.0867	-47.71
YAL027W	100	537.4	44.68	17.5	2.38	42.3	0.99	0.0882	-39.92
YAL028W	40	526.3	56.2	67.0	1.42	54.78	1.0	0.122	-53.35
YAL029C	158	992.7	52.88	71.5	2.61	50.27	0.9937	0.0777	-47.65
YAL030W	90	560.2	55.88	68.5	7.09	48.79	1.0	0.1045	-41.7
YAL031C	46	699.8	46.63	32.5	6.3	40.33	0.9783	0.1048	-34.02
YAL031W-A	12	671.7	48.25	38.0	5.42	42.83	1.0	0.073	-37.42
YAL032C	187	559.4	37.43	12.0	2.07	35.35	0.9679	0.0723	-33.28
YAL033W	139	544.1	43.38	19.0	1.77	41.61	0.9928	0.0836	-39.84
YAL034C	44	712.7	44.09	20.5	2.75	41.34	0.9773	0.094	-38.59
YAL034C-B	165	599.6	57.68	72.0	6.47	51.21	1.0	0.1158	-44.75
YAL034W-A	162	461.5	48.01	53.5	3.06	44.95	1.0	0.1227	-41.89
YAL035W	291	1028.0	58.5	72.0	5.22	53.28	0.9931	0.0853	-48.07
YAL036C	163	829.0	46.04	29.0	2.35	43.69	0.9571	0.0758	-41.34
YAL037C-A	3270	553.1	51.23	63.0	6.72	44.51	0.9936	0.1029	-37.79
YAL037C-B	5144	902.3	48.69	63.0	2.53	46.16	0.9922	0.0765	-43.62
YAL037W	1672	327.9	45.62	25.0	3.61	42.0	0.991	0.1369	-38.39
YAL038W	5306	897.7	49.0	60.0	3.53	45.46	0.9928	0.0763	-41.93
YAL039C	154	651.5	56.79	22.0	2.83	53.95	0.987	0.1016	-51.12
YAL040C	124	807.5	53.1	72.5	2.45	50.65	0.9839	0.094	-48.2
YAL041W	191	559.4	41.67	19.0	3.05	38.62	0.9843	0.0901	-35.58
YAL042C-A	35	1048.9	82.31	106.0	1.86	80.46	0.9429	0.0822	-78.6
YAL042W	206	770.7	37.74	12.0	2.31	35.43	0.9806	0.063	-33.12
YAL043C	89	677.5	44.13	18.0	1.93	42.2	0.9888	0.0834	-40.27
YAL044C	71	467.8	45.44	19.0	3.24	42.2	1.0	0.0984	-38.96
YAL044W-A	114	455.9	40.31	13.5	2.39	37.92	1.0	0.094	-35.54
YAL045C	91	435.5	39.9	15.0	2.32	37.58	1.0	0.0883	-35.26
YAL046C	55	404.0	46.75	19.0	11.62	35.13	0.9818	0.1083	-23.51
YAL047C	40	780.1	42.6	16.0	2.3	40.3	0.975	0.0712	-38.0
YAL047W-A	22	610.5	39.09	15.5	2.09	37.0	1.0	0.0705	-34.91
YAL048C	62	950.8	95.95	93.5	1.11	94.84	1.0	0.1126	-93.73
YAL049C	116	639.4	50.53	69.0	3.16	47.36	0.9914	0.0939	-44.2
YAL051W	196	551.7	49.79	67.0	3.44	46.34	0.9949	0.107	-42.9
YAL053W	209	1206.8	59.76	74.0	3.52	56.24	0.9952	0.079	-52.72
YAL054C	54	505.7	45.3	18.0	2.56	42.74	1.0	0.0888	-40.19
YAL055W	99	456.5	43.74	17.0	1.87	41.87	0.9899	0.0972	-40.0
YAL056C-A	24	556.2	54.83	66.0	1.83	53.0	1.0	0.1197	-51.17
YAL056W	114	709.2	43.87	13.5	1.59	42.28	0.9737	0.0872	-40.69
YAL058W	78	715.8	45.56	16.5	2.63	42.94	0.9872	0.0741	-40.31
YAL059C-A	91	519.7	54.18	61.0	7.35	46.82	1.0	0.1094	-39.47
YAL059W	99	454.8	42.02	12.0	1.43	40.59	0.9697	0.0923	-39.15
YAL060W	144	886.9	46.25	24.5	1.54	44.71	0.9861	0.0703	-43.17
YAL061W	58	746.2	43.53	18.5	3.45	40.09	0.9828	0.0725	-36.64
YAL062W	159	393.7	40.7	17.0	4.53	36.16	1.0	0.1017	-31.63
YAL063C	160	473.6	65.21	71.0	11.35	53.86	1.0	0.1336	-42.51
YAL063C-A	55	741.9	55.15	76.0	3.22	51.93	1.0	0.0828	-48.71
YAL064C-A	7	1061.7	95.14	25.0	0.86	94.29	1.0	0.0756	-93.43
YAL064W	33	494.2	94.85	69.0	40.27	54.58	0.9697	0.1676	-14.3
YAL064W-B	5	398.8	34.8	10.0	2.0	32.8	1.0	0.1224	-30.8
YAL066W	15	470.7	46.27	22.0	1.27	45.0	1.0	0.102	-43.73
YAL067C	35	571.1	151.09	71.0	1.91	149.17	1.0	0.1904	-147.26
YAR002C-A	210	536.1	48.11	62.0	2.55	45.57	0.9857	0.0987	-43.02
YAR002W	222	565.8	48.15	67.0	2.18	45.97	0.9775	0.1066	-43.79
YAR003W	161	705.4	53.23	54.0	1.58	51.65	0.9938	0.0849	-50.06
YAR007C	151	958.1	54.05	70.0	3.11	50.94	1.0	0.084	-47.83
YAR008W	1287	492.8	45.77	24.0	3.06	42.71	0.9907	0.0898	-39.66
YAR009C	2868	781.0	49.75	31.5	3.35	46.4	0.9885	0.0721	-43.04
YAR010C	244	831.2	50.38	62.0	3.91	46.47	0.9836	0.0927	-42.56
YAR014C	138	620.4	52.55	41.0	3.01	49.54	0.9928	0.0944	-46.54
YAR015W	104	751.0	50.16	68.5	1.41	48.75	0.9808	0.096	-47.34
YAR018C	108	468.5	52.67	67.0	4.48	48.19	1.0	0.1217	-43.7
YAR019C	57	646.9	49.46	21.0	5.75	43.7	1.0	0.1062	-37.95
YAR019W-A	33	629.1	58.79	77.0	2.7	56.09	0.9697	0.1053	-53.39
YAR020C	14	532.4	53.5	46.0	1.07	52.43	1.0	0.1232	-51.36
YAR023C	46	554.5	33.24	11.0	2.52	30.72	1.0	0.0714	-28.2
YAR027W	453	639.6	52.04	61.0	6.78	45.25	0.9912	0.1019	-38.47
YAR028W	286	576.7	44.67	19.0	3.72	40.95	0.993	0.091	-37.22
YAR029W	38	593.4	52.42	42.5	10.66	41.76	1.0	0.1078	-31.11
YAR030C	29	522.5	47.21	17.0	7.52	39.69	0.9655	0.1121	-32.17
YAR031W	21	606.5	69.19	72.0	3.62	65.57	1.0	0.1432	-61.95
YAR033W	64	568.5	47.06	52.0	3.08	43.98	0.9844	0.0856	-40.91
YAR035C-A	7	500.1	54.71	77.0	4.86	49.86	1.0	0.1393	-45.0
YAR035W	18	549.8	45.89	60.0	3.72	42.17	1.0	0.1135	-38.44
YAR042W	91	737.4	90.69	73.0	3.05	87.64	0.989	0.145	-84.58
YAR050W	32	833.0	189.44	88.5	111.97	77.47	1.0	0.1518	34.5
YAR053W	28	604.4	67.04	77.5	1.11	65.93	1.0	0.1188	-64.82
YAR060C	10	507.6	110.0	77.0	63.5	46.5	1.0	0.1745	17.0
YAR064W	8	813.1	35.75	19.5	4.25	31.5	1.0	0.0936	-27.25
YAR068W	37	371.8	52.05	69.0	7.11	44.95	1.0	0.1449	-37.84
YAR069C	30	357.4	30.77	11.0	3.47	27.3	0.9667	0.0802	-23.83
YAR070C	5	321.2	59.8	85.0	4.6	55.2	1.0	0.2089	-50.6
YAR071W	39	983.7	63.0	32.0	1.97	61.03	0.9487	0.0817	-59.05
YBL001C	999	473.6	42.14	14.0	2.47	39.68	0.99	0.0924	-37.21
YBL002W	1004	465.0	43.86	16.5	3.2	40.66	0.988	0.0969	-37.46
YBL003C	1896	552.5	44.6	15.0	1.84	42.75	0.9953	0.0821	-40.91
YBL004W	1875	610.7	43.96	14.0	2.14	41.81	0.9941	0.0786	-39.67
YBL005W	196	708.4	49.15	36.0	3.22	45.93	0.9796	0.0796	-42.7
YBL005W-A	86	826.9	55.42	72.5	5.35	50.07	0.9884	0.1013	-44.72
YBL005W-B	2036	1182.1	50.72	63.0	2.36	48.36	0.9843	0.054	-45.99
YBL006C	68	568.4	41.46	13.5	1.75	39.71	1.0	0.0831	-37.96
YBL006W-A	61	583.9	51.61	68.0	1.62	49.98	1.0	0.0969	-48.36
YBL007C	245	847.0	52.03	67.0	6.31	45.72	0.9837	0.0857	-39.41
YBL008W	150	462.8	45.35	23.0	2.94	42.41	0.98	0.1086	-39.47
YBL008W-A	26	409.7	46.65	39.5	1.92	44.73	1.0	0.1149	-42.81
YBL009W	39	1046.8	50.0	57.0	1.44	48.56	1.0	0.088	-47.13
YBL010C	87	426.0	38.41	13.0	3.76	34.66	0.9655	0.11	-30.9
YBL011W	94	601.0	43.65	14.5	2.07	41.57	0.9681	0.1088	-39.5
YBL014C	65	718.2	48.35	12.0	3.49	44.86	0.9692	0.1003	-41.37
YBL015W	143	643.9	55.46	65.0	6.97	48.5	1.0	0.1097	-41.53
YBL016W	88	732.6	48.6	65.5	3.15	45.45	0.9886	0.0915	-42.31
YBL017C	203	810.5	49.03	43.0	8.83	40.21	0.9901	0.0924	-31.38
YBL018C	131	437.8	46.14	14.0	9.29	36.85	1.0	0.106	-27.56
YBL019W	159	526.2	51.72	63.0	10.18	41.53	0.9937	0.1102	-31.35
YBL020W	110	790.5	51.14	64.0	2.94	48.2	1.0	0.0913	-45.26
YBL021C	18	545.9	39.5	6.5	1.0	38.5	0.9444	0.0644	-37.5
YBL022C	146	815.5	39.22	10.5	1.74	37.48	0.9658	0.0676	-35.74
YBL023C	206	516.5	48.47	50.0	2.26	46.21	0.9854	0.1086	-43.95
YBL024W	239	859.8	49.52	51.0	2.58	46.94	0.9958	0.0776	-44.36
YBL025W	496	456.2	97.31	93.0	58.05	39.26	1.0	0.2078	18.79
YBL026W	505	464.8	101.92	97.0	62.55	39.37	0.998	0.2149	23.17
YBL027W	5467	500.4	42.44	19.0	7.04	35.4	0.9857	0.0861	-28.37
YBL028C	475	504.8	45.34	18.0	3.35	41.99	0.9853	0.0916	-38.64
YBL029C-A	159	435.7	46.95	23.0	3.46	43.49	0.9874	0.1064	-40.03
YBL029W	410	522.4	46.22	24.0	2.0	44.23	0.9951	0.0926	-42.23
YBL030C	881	730.0	51.21	69.0	2.66	48.55	0.9716	0.0894	-45.89
YBL031W	520	492.3	47.94	65.0	3.12	44.82	0.9635	0.1074	-41.7
YBL032W	110	781.7	50.78	32.5	3.5	47.28	0.9818	0.0858	-43.78
YBL033C	126	783.1	50.64	69.0	1.34	49.3	0.9921	0.0811	-47.96
YBL034C	114	683.9	47.74	31.0	4.67	43.07	0.9912	0.097	-38.4
YBL035C	82	746.8	77.65	72.5	1.51	76.13	0.9878	0.1109	-74.62
YBL036C	236	663.4	46.52	18.5	2.63	43.89	0.9958	0.0759	-41.27
YBL037W	274	710.5	48.72	22.5	4.29	44.42	1.0	0.0827	-40.13
YBL038W	51	614.9	50.84	49.0	4.35	46.49	1.0	0.0914	-42.14
YBL039C	413	824.6	49.71	19.0	4.81	44.91	0.9903	0.0813	-40.1
YBL039C-A	82	1405.3	120.17	130.5	1.09	119.09	0.9268	0.0949	-118.0
YBL039W-B	239	441.4	47.57	55.0	2.48	45.09	1.0	0.1162	-42.62
YBL040C	649	561.9	55.55	53.0	12.73	42.82	0.9923	0.1025	-30.09
YBL041W	644	576.3	60.09	60.0	13.91	46.18	0.9969	0.1083	-32.27
YBL042C	182	753.5	46.21	17.5	3.22	42.99	0.9725	0.0893	-39.77
YBL043W	48	460.2	46.56	60.5	3.04	43.52	0.9792	0.1294	-40.48
YBL044W	11	357.1	59.91	83.0	2.45	57.45	0.8182	0.1845	-55.0
YBL045C	299	891.2	45.57	17.0	2.66	42.91	0.9766	0.0683	-40.24
YBL046W	156	456.0	43.63	16.5	3.87	39.76	0.9936	0.1009	-35.9
YBL047C	161	816.5	41.06	12.0	1.9	39.16	0.9752	0.0688	-37.25
YBL048W	146	545.0	39.59	14.5	1.79	37.79	0.9932	0.081	-36.0
YBL049W	110	387.8	48.75	63.0	2.4	46.35	0.9818	0.1258	-43.95
YBL050W	302	734.7	69.8	77.0	22.05	47.75	1.0	0.1005	-25.7
YBL051C	98	717.4	40.62	15.5	2.45	38.17	0.9898	0.0728	-35.72
YBL052C	53	410.0	41.0	15.0	1.3	39.7	1.0	0.1166	-38.4
YBL053W	23	411.9	53.61	70.0	2.13	51.48	1.0	0.1329	-49.35
YBL054W	58	822.2	38.52	13.0	2.93	35.59	0.9828	0.0648	-32.66
YBL055C	359	628.7	45.68	17.0	2.5	43.18	0.9916	0.0893	-40.68
YBL056W	421	863.8	50.64	47.0	2.53	48.11	0.9881	0.0877	-45.58
YBL057C	169	520.2	48.69	64.0	1.62	47.08	1.0	0.112	-45.46
YBL058W	202	681.3	51.0	48.0	3.43	47.57	0.9901	0.0962	-44.14
YBL059C-A	75	404.1	36.61	13.0	9.44	27.17	0.9733	0.0849	-17.73
YBL059W	84	422.2	48.11	42.5	13.64	34.46	1.0	0.1177	-20.82
YBL060W	83	569.0	45.14	25.0	7.59	37.55	0.9759	0.0939	-29.96
YBL061C	126	837.0	42.01	12.0	2.32	39.69	0.9921	0.0703	-37.37
YBL062W	91	583.9	42.19	15.0	1.85	40.34	0.978	0.0845	-38.49
YBL063W	106	607.6	46.72	17.5	2.67	44.05	0.9906	0.097	-41.38
YBL064C	64	634.6	47.2	16.5	2.22	44.98	1.0	0.0816	-42.77
YBL065W	89	670.1	48.16	24.0	2.09	46.07	1.0	0.0877	-43.98
YBL066C	84	712.6	51.01	69.5	4.02	46.99	1.0	0.0908	-42.96
YBL067C	192	612.6	46.28	17.0	1.83	44.44	0.9844	0.098	-42.61
YBL068W	286	674.3	46.69	24.5	2.84	43.85	0.9895	0.0843	-41.02
YBL068W-A	15	680.1	63.53	82.0	1.13	62.4	1.0	0.1163	-61.27
YBL069W	44	855.2	45.93	37.0	1.09	44.84	0.9773	0.0658	-43.75
YBL070C	13	467.2	62.31	79.0	0.46	61.85	1.0	0.1566	-61.38
YBL071C	13	415.2	37.0	9.0	1.0	36.0	0.9231	0.0938	-35.0
YBL071C-B	1553	684.9	69.01	62.0	10.31	58.7	0.9955	0.1003	-48.39
YBL071W-A	13	390.8	44.69	11.0	14.23	30.46	1.0	0.1206	-16.23
YBL072C	7395	672.6	53.94	27.0	9.17	44.77	0.9992	0.0803	-35.59
YBL073W	1803	427.8	56.53	35.0	17.25	39.28	0.9989	0.126	-22.03
YBL074C	579	298.6	45.25	19.0	2.05	43.2	0.9948	0.146	-41.15
YBL075C	32	697.5	40.12	9.0	1.81	38.31	0.9375	0.0806	-36.5
YBL076C	878	1083.1	49.39	24.0	2.77	46.62	0.9886	0.0717	-43.85
YBL077W	659	598.1	43.94	15.0	3.96	39.98	0.9939	0.0873	-36.02
YBL078C	611	464.2	41.84	13.0	4.03	37.81	0.9935	0.098	-33.78
YBL079W	363	841.1	44.42	21.0	3.09	41.33	0.9807	0.0683	-38.23
YBL080C	45	694.2	44.73	28.0	3.93	40.8	1.0	0.0802	-36.87
YBL081W	56	666.5	55.95	70.0	8.64	47.3	0.9643	0.1051	-38.66
YBL082C	37	955.5	56.51	74.0	1.05	55.46	1.0	0.078	-54.41
YBL083C	23	898.2	60.17	73.0	2.35	57.83	1.0	0.0817	-55.48
YBL084C	88	650.8	57.25	19.0	3.14	54.11	0.9659	0.0941	-50.98
YBL085W	92	744.1	54.54	75.5	2.1	52.45	1.0	0.1002	-50.35
YBL086C	30	624.5	43.33	15.0	1.7	41.63	0.9667	0.0931	-39.93
YBL087C	2015	477.3	78.82	71.0	38.24	40.58	0.9926	0.1554	-2.35
YBL088C	2146	482.4	75.36	68.0	35.13	40.23	0.9916	0.1517	-5.1
YBL089W	146	614.6	53.42	78.0	1.8	51.62	0.9932	0.1059	-49.82
YBL090W	75	540.0	43.19	16.0	1.77	41.41	0.9867	0.0866	-39.64
YBL091C	170	716.0	44.24	15.5	2.32	41.92	0.9824	0.0841	-39.61
YBL091C-A	4437	470.5	52.0	30.0	12.92	39.08	0.995	0.1093	-26.16
YBL092W	4499	470.5	51.77	30.0	13.24	38.53	0.9958	0.1082	-25.29
YBL093C	92	620.4	50.16	69.0	2.0	48.16	1.0	0.0963	-46.16
YBL094C	100	598.2	47.56	19.5	2.8	44.76	1.0	0.0872	-41.96
YBL095W	104	559.5	41.97	13.0	1.82	40.15	1.0	0.0874	-38.34
YBL096C	41	394.2	34.02	11.0	2.12	31.9	1.0	0.0941	-29.78
YBL097W	35	540.8	65.69	70.0	4.57	61.11	1.0	0.1252	-56.54
YBL098W	388	514.7	50.65	68.0	3.09	47.56	0.9871	0.118	-44.47
YBL099W	588	913.4	49.12	52.0	3.08	46.04	0.9796	0.0779	-42.96
YBL100C	18	359.7	35.22	8.5	1.67	33.56	0.8333	0.1096	-31.89
YBL100W-A	30	403.8	46.8	64.0	1.8	45.0	1.0	0.1302	-43.2
YBL100W-B	303	554.6	53.61	65.0	4.36	49.25	0.9901	0.1145	-44.89
YBL101C	192	707.4	45.55	31.0	2.26	43.3	0.9948	0.0834	-41.04
YBL102W	176	531.3	43.82	15.0	3.8	40.02	0.9659	0.092	-36.23
YBL103C	122	775.0	48.23	33.0	3.09	45.14	1.0	0.078	-42.05
YBL104C	103	568.2	47.5	15.0	2.3	45.19	0.9903	0.0949	-42.89
YBL105C	95	770.3	39.07	12.0	2.17	36.91	0.9789	0.0776	-34.74
YBL106C	86	542.5	40.58	17.0	3.02	37.56	0.9651	0.0944	-34.53
YBL107C	98	507.9	47.2	24.5	2.99	44.21	0.9898	0.1022	-41.22
YBL107W-A	50	387.2	36.12	9.5	2.5	33.62	1.0	0.1049	-31.12
YBL111C	5	964.0	67.4	78.0	5.2	62.2	1.0	0.0762	-57.0
YBL113C	16	535.5	32.62	11.5	2.06	30.56	1.0	0.0752	-28.5
YBL113W-A	12	499.2	39.5	15.0	0.92	38.58	0.9167	0.1128	-37.67
YBR001C	139	543.9	43.44	16.0	2.85	40.59	0.9928	0.0986	-37.74
YBR002C	71	669.2	32.23	9.0	1.73	30.49	0.9859	0.0564	-28.76
YBR003W	137	627.2	43.56	13.0	2.18	41.38	0.9927	0.0948	-39.2
YBR004C	195	692.0	54.5	67.0	2.02	52.48	0.9949	0.1017	-50.46
YBR005W	147	677.0	48.43	48.0	1.94	46.49	1.0	0.0835	-44.55
YBR006W	181	684.9	49.69	46.0	4.7	44.99	1.0	0.0887	-40.29
YBR007C	132	644.1	48.65	48.0	3.99	44.66	1.0	0.0846	-40.67
YBR008C	114	652.5	53.68	68.5	5.14	48.54	1.0	0.1124	-43.4
YBR009C	4571	475.6	42.02	13.0	1.86	40.15	0.9974	0.0886	-38.29
YBR010W	2256	496.5	41.9	14.0	2.2	39.69	0.9911	0.089	-37.49
YBR011C	3011	630.3	42.65	15.0	1.98	40.67	0.993	0.0762	-38.69
YBR012C	7	545.0	66.71	90.0	0.71	66.0	1.0	0.1191	-65.29
YBR012W-A	21	452.8	58.19	80.0	3.52	54.67	1.0	0.1431	-51.14
YBR012W-B	296	714.6	63.92	72.0	5.52	58.4	0.9831	0.1	-52.87
YBR013C	268	657.9	57.76	63.5	14.19	43.57	0.9739	0.0862	-29.39
YBR014C	364	593.7	42.7	14.0	3.09	39.61	0.9918	0.0773	-36.52
YBR015C	283	881.1	51.14	67.0	2.33	48.81	0.9823	0.0794	-46.48
YBR016W	208	506.7	50.32	66.0	3.25	47.08	0.9952	0.1061	-43.83
YBR017C	272	724.1	45.45	22.0	2.72	42.74	0.9926	0.0829	-40.02
YBR018C	8	334.2	33.38	14.0	1.38	32.0	1.0	0.1085	-30.62
YBR019C	17	502.8	44.06	13.0	1.12	42.94	1.0	0.0983	-41.82
YBR020W	19	515.6	54.26	57.0	4.11	50.16	1.0	0.1352	-46.05
YBR021W	72	723.1	61.62	73.0	1.24	60.39	0.9861	0.1093	-59.15
YBR022W	180	534.0	44.76	13.0	1.66	43.11	0.9833	0.0889	-41.45
YBR023C	236	838.5	49.51	20.0	3.52	45.99	0.9873	0.0814	-42.47
YBR024W	427	502.7	44.4	17.0	3.64	40.76	0.993	0.1055	-37.12
YBR025C	996	920.9	46.37	19.5	1.9	44.47	0.991	0.069	-42.57
YBR026C	203	700.8	42.8	14.0	3.06	39.74	0.9951	0.079	-36.68
YBR027C	25	461.3	43.96	10.0	0.64	43.32	1.0	0.0984	-42.68
YBR028C	130	568.4	46.27	38.0	2.05	44.22	0.9538	0.1059	-42.18
YBR029C	196	835.6	50.41	68.0	2.03	48.39	0.9796	0.0827	-46.36
YBR030W	61	718.1	129.03	8.0	1.9	127.13	0.9016	0.1367	-125.23
YBR031W	2884	906.9	47.86	18.0	2.15	45.71	0.9775	0.0644	-43.56
YBR032W	1084	509.7	45.95	21.5	3.4	42.55	0.9723	0.1009	-39.15
YBR033W	629	340.7	46.66	43.0	2.76	43.9	0.9762	0.143	-41.14
YBR034C	482	751.3	45.69	17.5	2.46	43.22	0.9959	0.0779	-40.76
YBR035C	270	616.3	53.52	13.5	9.88	43.64	0.9926	0.0899	-33.76
YBR036C	635	679.7	92.2	71.0	45.88	46.31	0.9717	0.1344	-0.43
YBR037C	32	768.5	26.16	10.0	0.81	25.34	1.0	0.035	-24.53
YBR038W	93	558.2	47.02	50.0	1.02	46.0	0.9892	0.0951	-44.98
YBR039W	374	817.6	51.14	68.0	2.2	48.94	0.984	0.0788	-46.74
YBR040W	143	392.9	47.95	64.0	3.81	44.14	0.993	0.1262	-40.33
YBR041W	210	786.8	48.4	19.5	3.23	45.17	0.9714	0.0805	-41.94
YBR042C	267	664.0	48.39	50.0	2.37	46.02	0.9888	0.0939	-43.64
YBR043C	112	615.1	42.2	13.0	2.4	39.79	1.0	0.0871	-37.39
YBR044C	59	637.2	51.92	68.0	3.56	48.36	0.9831	0.1151	-44.8
YBR045C	97	558.1	53.49	69.0	5.4	48.09	0.9897	0.1251	-42.69
YBR046C	116	696.7	45.91	19.0	2.45	43.46	1.0	0.0752	-41.01
YBR047W	41	578.2	43.24	16.0	2.71	40.54	1.0	0.0703	-37.83
YBR048W	2927	609.5	80.58	71.0	38.07	42.5	0.9986	0.1313	-4.43
YBR049C	1190	492.4	62.09	68.0	19.18	42.91	0.9924	0.13	-23.73
YBR050C	42	462.7	51.83	67.0	1.26	50.57	1.0	0.1246	-49.31
YBR051W	75	512.4	41.6	19.0	10.63	30.97	1.0	0.0845	-20.35
YBR052C	141	608.8	45.41	20.0	2.04	43.37	0.9929	0.0826	-41.33
YBR053C	129	773.4	68.4	75.0	4.73	63.67	0.9922	0.098	-58.94
YBR054W	427	804.5	54.36	69.0	3.02	51.34	0.9859	0.102	-48.32
YBR055C	222	631.6	51.67	64.5	4.0	47.67	0.9775	0.11	-43.67
YBR056C-B	392	546.3	51.9	69.5	3.4	48.51	0.977	0.099	-45.11
YBR056W	198	901.8	51.77	17.0	3.92	47.84	1.0	0.0734	-43.92
YBR056W-A	446	570.0	56.71	74.0	4.57	52.14	0.991	0.104	-47.57
YBR057C	520	588.0	55.91	73.0	2.64	53.27	0.9865	0.1007	-50.64
YBR058C	266	552.5	45.89	17.5	3.1	42.79	0.9699	0.0938	-39.69
YBR058C-A	252	428.0	35.87	9.0	1.41	34.46	0.9802	0.0829	-33.06
YBR059C	354	509.9	40.12	12.0	1.62	38.5	0.9605	0.0881	-36.88
YBR060C	100	755.9	74.45	57.0	2.53	71.92	1.0	0.1096	-69.39
YBR061C	362	648.4	71.71	25.0	29.7	42.01	0.9945	0.101	-12.31
YBR062C	146	541.3	52.65	62.0	8.52	44.13	0.9863	0.1013	-35.61
YBR063C	66	606.0	56.59	70.5	4.41	52.18	0.9848	0.1098	-47.77
YBR064W	34	694.0	67.53	62.5	23.53	44.0	1.0	0.0969	-20.47
YBR065C	51	510.4	44.88	27.0	3.0	41.88	1.0	0.0978	-38.88
YBR066C	131	482.2	46.12	23.0	2.66	43.46	0.9847	0.1018	-40.79
YBR067C	1353	637.3	59.43	74.0	3.47	55.96	0.9963	0.1072	-52.49
YBR068C	748	783.3	47.85	28.5	4.08	43.78	0.9813	0.0873	-39.7
YBR069C	309	744.8	44.59	26.0	2.81	41.78	0.9709	0.0916	-38.97
YBR070C	74	556.3	47.34	50.5	3.18	44.16	1.0	0.0892	-40.99
YBR071W	143	719.1	50.11	24.0	3.39	46.72	0.993	0.0808	-43.33
YBR072C-A	72	683.2	40.32	13.0	1.31	39.01	1.0	0.0711	-37.71
YBR072W	83	660.9	46.73	19.0	4.47	42.27	1.0	0.1017	-37.8
YBR073W	193	835.3	48.9	19.0	7.62	41.28	0.9896	0.083	-33.67
YBR074W	258	561.0	44.42	19.5	2.7	41.72	0.9806	0.0999	-39.02
YBR076C-A	90	495.6	56.84	72.5	2.37	54.48	1.0	0.1244	-52.11
YBR076W	71	430.3	49.63	58.0	4.7	44.93	0.9859	0.124	-40.23
YBR077C	104	526.8	58.87	76.5	1.44	57.42	1.0	0.1275	-55.98
YBR078W	1794	892.4	91.33	78.0	42.14	49.19	0.99	0.1069	-7.04
YBR079C	1126	503.9	46.65	29.5	2.87	43.78	0.9885	0.1095	-40.9
YBR080C	193	819.9	47.14	20.0	1.9	45.24	1.0	0.094	-43.34
YBR081C	63	998.3	51.44	40.0	4.43	47.02	0.9841	0.0886	-42.59
YBR082C	1665	505.5	58.1	64.0	18.75	39.35	0.9988	0.1126	-20.6
YBR083W	85	751.8	53.98	57.0	8.58	45.4	0.9647	0.1047	-36.82
YBR084C-A	2442	520.5	42.25	18.0	6.23	36.02	0.9939	0.0851	-29.79
YBR084W	2532	596.6	43.18	19.0	5.45	37.73	0.9925	0.0841	-32.29
YBR085C-A	2489	563.2	45.3	19.0	3.27	42.02	0.9948	0.0834	-38.75
YBR085W	76	683.2	69.67	73.0	13.53	56.14	1.0	0.1134	-42.62
YBR086C	422	756.5	52.94	71.5	2.36	50.57	0.9976	0.1086	-48.21
YBR087W	249	784.9	46.64	25.0	1.82	44.82	0.9719	0.0782	-43.01
YBR088C	273	552.0	48.46	28.0	5.79	42.67	0.9853	0.0945	-36.89
YBR089C-A	125	484.8	45.27	24.0	8.06	37.21	1.0	0.0929	-29.14
YBR089W	275	531.0	46.44	23.0	7.41	39.03	0.9964	0.0902	-31.62
YBR090C	198	442.0	44.07	21.0	5.87	38.2	1.0	0.0995	-32.32
YBR091C	126	462.9	56.98	58.0	7.95	49.03	1.0	0.1215	-41.08
YBR092C	488	569.1	48.63	57.0	2.88	45.75	0.9918	0.1115	-42.87
YBR093C	533	827.8	48.87	62.0	1.74	47.13	0.9887	0.0861	-45.39
YBR094W	96	613.5	53.97	70.5	1.92	52.05	0.9896	0.1144	-50.14
YBR095C	101	683.6	60.1	68.0	3.0	57.1	1.0	0.0983	-54.1
YBR096W	127	628.3	52.38	67.0	2.53	49.85	0.9921	0.0934	-47.32
YBR097W	174	743.0	50.43	21.0	3.94	46.49	1.0	0.0817	-42.55
YBR098W	711	506.7	57.57	69.0	13.1	44.47	1.0	0.1189	-31.37
YBR099C	428	377.9	47.82	41.5	4.31	43.51	0.9977	0.1348	-39.2
YBR101C	1530	787.8	54.22	65.5	3.54	50.68	0.9954	0.0797	-47.13
YBR102C	87	756.2	47.34	12.0	9.07	38.28	0.954	0.0803	-29.21
YBR103C-A	18	502.6	59.83	72.0	0.94	58.89	1.0	0.135	-57.94
YBR103W	52	1041.3	62.35	75.0	1.75	60.6	1.0	0.0932	-58.85
YBR104W	381	761.6	48.36	22.0	4.33	44.03	0.9921	0.0749	-39.7
YBR105C	202	567.4	37.59	10.0	3.17	34.42	0.9901	0.0726	-31.24
YBR106W	1594	624.7	44.36	17.0	2.56	41.8	0.9987	0.0734	-39.24
YBR107C	557	407.3	41.93	15.0	5.64	36.29	1.0	0.103	-30.66
YBR108W	390	565.3	46.62	58.5	1.92	44.7	0.9974	0.0952	-42.77
YBR109C	382	556.0	46.8	60.0	2.02	44.78	0.9921	0.0923	-42.77
YBR109W-A	347	547.8	47.22	63.0	1.6	45.62	0.9971	0.0945	-44.02
YBR110W	215	695.8	80.28	80.0	1.79	78.5	0.9907	0.1323	-76.71
YBR111C	758	543.4	47.5	28.5	4.8	42.69	0.9881	0.0953	-37.89
YBR111W-A	333	510.8	56.95	49.0	10.63	46.32	0.997	0.1194	-35.69
YBR112C	261	634.1	57.47	68.0	11.13	46.34	0.9962	0.1171	-35.2
YBR114W	250	510.6	40.82	13.5	2.26	38.56	0.996	0.104	-36.3
YBR115C	293	919.9	43.81	17.0	2.85	40.96	0.9898	0.0779	-38.11
YBR116C	8	523.8	64.25	86.5	2.0	62.25	1.0	0.1313	-60.25
YBR117C	34	559.5	55.79	72.5	3.71	52.09	1.0	0.1232	-48.38
YBR118W	11936	973.6	59.24	63.0	3.04	56.2	0.9943	0.077	-53.16
YBR119W	5017	448.9	50.59	25.0	4.48	46.11	0.9982	0.1157	-41.64
YBR120C	592	422.0	43.03	15.0	3.83	39.19	0.9882	0.1048	-35.36
YBR121C	1151	890.5	45.23	15.0	3.61	41.62	0.9957	0.0698	-38.01
YBR121C-A	187	1312.6	98.36	91.0	2.29	96.07	0.9893	0.0853	-93.78
YBR122C	132	580.8	41.64	13.0	1.28	40.36	0.9848	0.08	-39.08
YBR123C	153	637.8	38.15	13.0	2.23	35.92	0.9935	0.0691	-33.69
YBR124W	29	508.3	46.83	20.0	1.66	45.17	0.9655	0.1072	-43.52
YBR125C	105	556.5	54.34	70.0	3.18	51.16	0.9905	0.1272	-47.98
YBR126C	456	731.1	48.3	37.0	1.48	46.82	0.9978	0.0869	-45.34
YBR126W-A	212	369.7	40.4	16.5	2.58	37.82	0.9953	0.1112	-35.23
YBR126W-B	214	391.4	40.21	13.5	2.18	38.03	0.9953	0.1047	-35.85
YBR127C	410	722.3	38.73	11.0	2.04	36.69	0.9805	0.0784	-34.65
YBR128C	63	506.0	51.59	65.0	1.92	49.67	1.0	0.11	-47.75
YBR129C	103	607.8	47.34	17.0	1.85	45.49	0.9806	0.0943	-43.63
YBR130C	64	829.4	44.55	19.5	1.38	43.17	1.0	0.0697	-41.8
YBR131W	50	815.9	49.36	67.5	1.64	47.72	1.0	0.094	-46.08
YBR132C	58	582.7	48.09	61.5	3.07	45.02	1.0	0.1138	-41.95
YBR133C	51	801.9	49.02	62.0	0.9	48.12	0.9804	0.0872	-47.22
YBR134W	52	519.3	42.04	16.0	2.6	39.44	0.9808	0.0891	-36.85
YBR135W	46	487.2	49.3	31.0	5.54	43.76	0.9565	0.1187	-38.22
YBR136W	179	631.3	50.87	67.0	2.77	48.1	0.9777	0.0902	-45.33
YBR137W	141	575.4	49.01	26.0	2.08	46.94	0.9929	0.0927	-44.86
YBR138C	128	606.6	49.2	20.0	4.16	45.03	1.0	0.0895	-40.87
YBR139W	142	703.2	43.62	12.5	4.97	38.65	0.9859	0.0751	-33.68
YBR140C	214	729.5	46.09	15.0	2.11	43.98	0.9907	0.0871	-41.87
YBR141C	18	607.7	28.06	10.5	3.83	24.22	1.0	0.054	-20.39
YBR141W-A	20	687.9	49.15	37.5	1.15	48.0	0.95	0.0714	-46.85
YBR142W	760	584.3	44.53	16.5	3.07	41.46	0.9934	0.0912	-38.39
YBR143C	1382	962.2	50.62	61.5	2.35	48.27	0.9928	0.0682	-45.92
YBR144C	44	392.2	51.09	71.0	2.89	48.2	0.9773	0.1489	-45.32
YBR145W	288	799.8	46.17	30.5	2.2	43.97	0.9896	0.074	-41.77
YBR146W	244	617.1	48.49	25.5	2.86	45.63	0.9795	0.0924	-42.77
YBR147W	155	675.4	44.29	16.0	2.05	42.24	1.0	0.0781	-40.19
YBR148W	45	495.0	41.93	38.0	5.33	36.6	1.0	0.0972	-31.27
YBR149W	201	775.5	48.56	54.0	2.48	46.07	0.995	0.083	-43.59
YBR150C	115	583.8	48.74	61.0	3.3	45.43	0.9826	0.1006	-42.13
YBR151W	248	787.3	45.96	19.0	2.42	43.53	0.9919	0.0773	-41.11
YBR152W	143	441.9	46.97	24.0	2.35	44.62	1.0	0.1055	-42.27
YBR153W	537	606.7	40.66	12.0	2.32	38.34	0.9553	0.0766	-36.01
YBR154C	527	601.0	41.36	13.0	1.31	40.05	0.962	0.0769	-38.73
YBR155W	45	877.3	37.76	11.0	1.71	36.04	1.0	0.0605	-34.33
YBR156C	62	494.7	47.23	31.0	4.98	42.24	1.0	0.1158	-37.26
YBR157C	81	610.2	39.49	11.0	2.05	37.44	0.9753	0.079	-35.4
YBR158W	272	839.6	65.74	67.0	21.86	43.88	0.9963	0.095	-22.02
YBR159W	459	807.1	48.62	41.0	2.26	46.36	0.9956	0.0757	-44.1
YBR160W	250	609.9	45.76	21.0	2.5	43.26	1.0	0.0955	-40.77
YBR161W	584	505.1	54.33	69.0	4.83	49.5	0.9966	0.1195	-44.66
YBR162C	1242	796.0	50.66	66.0	2.46	48.2	0.9887	0.0906	-45.74
YBR162W-A	315	330.3	40.61	14.0	1.31	39.3	0.9873	0.1169	-37.99
YBR163W	536	455.6	47.73	28.0	5.24	42.49	0.9832	0.1115	-37.25
YBR164C	501	656.8	49.1	24.0	1.73	47.37	0.996	0.0817	-45.64
YBR165W	274	640.5	77.37	75.0	2.68	74.69	0.9854	0.1277	-72.0
YBR166C	377	869.3	52.59	71.0	3.15	49.44	0.9814	0.0797	-46.3
YBR167C	41	531.0	51.71	70.0	2.07	49.63	0.9512	0.0958	-47.56
YBR168W	231	616.0	50.75	66.0	2.72	48.03	0.9913	0.0947	-45.3
YBR169C	328	879.6	48.2	20.0	3.52	44.67	0.9848	0.0813	-41.15
YBR170C	137	703.6	47.36	31.0	1.94	45.42	0.9781	0.0818	-43.47
YBR171W	200	537.8	44.66	14.5	2.37	42.29	0.975	0.0897	-39.92
YBR172C	327	624.7	46.31	22.0	2.03	44.28	0.9633	0.0891	-42.25
YBR173C	100	559.4	54.24	61.0	2.12	52.12	1.0	0.1008	-50.0
YBR174C	162	599.7	47.27	25.5	2.28	44.99	0.9938	0.0894	-42.71
YBR175W	182	593.5	47.87	24.5	2.69	45.19	0.978	0.0901	-42.5
YBR176W	135	606.3	56.45	73.0	3.77	52.68	1.0	0.1175	-48.91
YBR177C	165	815.7	52.79	68.0	2.84	49.96	1.0	0.0875	-47.12
YBR178W	21	461.0	65.76	80.0	2.67	63.1	1.0	0.1528	-60.43
YBR179C	53	1088.7	72.87	86.0	2.3	70.57	1.0	0.0892	-68.26
YBR180W	2772	657.7	51.16	28.0	11.15	40.01	0.9986	0.0811	-28.85
YBR181C	2866	656.5	52.94	30.0	11.43	41.52	0.9979	0.0851	-30.09
YBR182C	35	763.7	44.2	16.0	1.26	42.94	0.9714	0.0684	-41.69
YBR182C-A	21	229.4	41.29	10.0	0.67	40.62	0.9524	0.1633	-39.95
YBR183W	141	724.6	44.31	22.0	2.23	42.09	1.0	0.072	-39.86
YBR184W	94	545.2	53.11	63.0	7.37	45.73	1.0	0.1067	-38.36
YBR185C	59	650.2	48.76	22.0	3.41	45.36	0.9831	0.0806	-41.95
YBR186W	34	535.0	39.76	7.0	1.82	37.94	0.8235	0.0801	-36.12
YBR187W	302	589.5	46.61	25.5	1.98	44.64	0.9768	0.0957	-42.66
YBR188C	271	529.3	53.56	38.0	9.05	44.51	1.0	0.1046	-35.46
YBR189W	3128	571.1	52.85	31.0	13.09	39.75	0.9987	0.0927	-26.66
YBR190W	2913	501.7	52.2	39.0	16.21	35.99	0.9983	0.1038	-19.78
YBR191W	1863	495.6	55.04	33.0	14.7	40.34	0.9979	0.1142	-25.64
YBR191W-A	1510	540.0	58.61	35.0	17.55	41.06	0.9974	0.1083	-23.51
YBR192W	1576	577.0	58.54	40.0	15.72	42.82	0.9956	0.1049	-27.1
YBR193C	152	550.8	47.64	26.0	2.66	44.97	0.9934	0.0946	-42.31
YBR194W	58	516.5	39.72	11.5	3.59	36.14	1.0	0.079	-32.55
YBR195C	1017	472.6	50.02	65.0	4.06	45.96	0.9912	0.1143	-41.9
YBR196C	2504	1092.4	53.32	70.0	3.39	49.92	0.9908	0.0709	-46.53
YBR196C-A	38	385.2	48.68	62.0	1.89	46.79	0.9211	0.1406	-44.89
YBR196C-B	34	421.6	39.62	20.0	3.29	36.32	0.8824	0.0872	-33.03
YBR197C	71	521.7	42.1	14.0	1.68	40.42	0.9859	0.1029	-38.75
YBR198C	108	684.7	40.96	12.5	2.75	38.21	1.0	0.0997	-35.46
YBR199W	241	856.8	42.85	15.0	2.09	40.76	0.9876	0.0617	-38.67
YBR200W	172	616.9	43.56	17.0	3.76	39.8	0.9651	0.0941	-36.05
YBR200W-A	42	466.7	53.74	63.5	4.02	49.71	1.0	0.1177	-45.69
YBR201C-A	132	490.9	54.48	71.0	5.92	48.56	1.0	0.1151	-42.64
YBR201W	184	667.8	53.43	72.5	3.15	50.28	0.9891	0.086	-47.14
YBR202W	36	1009.6	50.36	45.5	1.75	48.61	0.9722	0.0719	-46.86
YBR203W	105	918.9	46.47	12.0	2.03	44.44	0.9714	0.0731	-42.41
YBR204C	98	715.3	46.24	35.0	1.99	44.26	0.9694	0.0745	-42.27
YBR205W	109	819.2	39.51	13.0	1.64	37.87	0.9908	0.0678	-36.23
YBR206W	82	821.6	36.02	12.0	2.01	34.01	0.9878	0.0578	-32.0
YBR207W	240	644.0	49.63	70.5	2.18	47.45	0.9917	0.1053	-45.27
YBR208C	253	648.9	45.77	17.0	2.94	42.83	0.9842	0.0886	-39.9
YBR209W	171	453.3	183.15	81.0	29.18	153.96	0.9708	0.3015	-124.78
YBR210W	173	548.5	62.48	59.0	15.03	47.45	0.9942	0.1131	-32.41
YBR211C	172	652.6	48.9	40.5	1.91	46.99	0.9884	0.0886	-45.08
YBR212W	82	1205.4	49.91	67.0	1.7	48.22	0.9756	0.0703	-46.52
YBR213W	47	523.8	52.38	68.0	2.17	50.21	1.0	0.1214	-48.04
YBR214W	148	777.3	48.59	27.5	5.66	42.93	1.0	0.0842	-37.26
YBR215W	130	568.4	49.42	60.5	2.87	46.55	0.9769	0.1119	-43.68
YBR216C	95	751.2	56.06	72.0	2.96	53.11	0.9789	0.0901	-50.15
YBR217W	224	479.7	48.59	24.5	2.81	45.78	0.9821	0.1085	-42.96
YBR218C	357	892.8	39.75	12.0	2.58	37.17	0.986	0.0628	-34.59
YBR219C	27	587.9	51.22	11.0	9.44	41.78	1.0	0.104	-32.33
YBR220C	202	517.4	39.53	11.0	4.75	34.78	0.9752	0.0944	-30.02
YBR221C	520	965.6	45.0	20.0	2.11	42.89	0.9808	0.0647	-40.78
YBR221W-A	36	529.7	44.69	18.5	5.42	39.28	0.9722	0.0845	-33.86
YBR222C	77	935.1	39.47	11.0	3.65	35.82	0.9481	0.0557	-32.17
YBR223C	25	825.6	43.04	15.0	1.88	41.16	1.0	0.0863	-39.28
YBR223W-A	16	550.9	41.31	38.0	1.12	40.19	1.0	0.0791	-39.06
YBR225W	49	564.5	37.71	16.0	5.37	32.35	0.9184	0.0723	-26.98
YBR226C	25	594.6	41.2	11.0	1.08	40.12	0.92	0.0911	-39.04
YBR227C	48	857.8	44.04	15.0	1.31	42.73	0.9375	0.0616	-41.42
YBR228W	71	520.8	55.56	75.0	4.76	50.8	0.9859	0.117	-46.04
YBR229C	167	705.0	56.6	71.0	7.07	49.54	0.994	0.1157	-42.47
YBR230C	99	421.4	49.2	31.0	8.35	40.85	0.9798	0.1103	-32.49
YBR230W-A	233	482.7	65.24	39.0	26.92	38.32	0.9914	0.1162	-11.4
YBR231C	164	386.9	58.58	60.0	7.86	50.72	0.9939	0.1515	-42.86
YBR233W	90	519.5	42.31	20.5	1.77	40.54	0.9667	0.0985	-38.78
YBR233W-A	140	499.2	49.83	20.0	3.48	46.35	1.0	0.108	-42.87
YBR234C	255	752.5	47.59	17.0	3.4	44.19	0.9961	0.0723	-40.79
YBR235W	124	792.7	49.55	65.5	3.61	45.94	0.9839	0.0923	-42.32
YBR236C	210	974.0	45.87	19.5	2.33	43.54	0.9905	0.064	-41.21
YBR237W	57	594.1	53.23	66.0	4.65	48.58	0.9825	0.0983	-43.93
YBR238C	62	766.2	49.6	61.0	4.55	45.05	1.0	0.1017	-40.5
YBR239C	103	452.1	36.91	12.0	3.13	33.79	0.9709	0.0912	-30.66
YBR240C	28	500.8	56.43	76.0	5.86	50.57	1.0	0.1618	-44.71
YBR241C	28	876.5	50.68	75.0	1.86	48.82	1.0	0.0837	-46.96
YBR242W	198	628.1	54.94	72.0	3.67	51.28	1.0	0.1007	-47.61
YBR243C	218	664.4	48.38	59.5	2.42	45.96	0.9908	0.0939	-43.54
YBR244W	132	530.4	45.47	16.0	2.08	43.39	0.9545	0.0846	-41.32
YBR245C	135	586.0	44.01	9.0	2.63	41.39	0.9852	0.0758	-38.76
YBR246W	115	716.7	44.04	28.0	2.15	41.9	0.9826	0.0843	-39.75
YBR247C	175	676.0	38.66	12.0	1.85	36.81	0.9829	0.0828	-34.97
YBR248C	468	508.3	47.32	29.0	4.45	42.87	0.9893	0.1107	-38.43
YBR249C	1179	886.8	47.95	57.0	2.4	45.56	0.9915	0.0704	-43.16
YBR250W	44	507.9	52.16	70.0	2.73	49.43	1.0	0.1346	-46.7
YBR251W	213	513.1	46.67	15.0	5.74	40.93	0.9953	0.0923	-35.19
YBR252W	249	474.2	46.14	23.0	2.7	43.45	1.0	0.0957	-40.75
YBR253W	261	523.0	46.5	18.0	3.03	43.48	0.9962	0.0858	-40.45
YBR254C	134	480.3	52.75	58.5	7.13	45.63	0.9925	0.1124	-38.5
YBR255C-A	448	534.3	45.79	24.5	11.34	34.44	0.9866	0.0904	-23.1
YBR255W	175	530.0	50.48	39.0	9.55	40.93	0.9829	0.1054	-31.37
YBR256C	977	679.5	46.39	19.0	2.97	43.43	0.9867	0.071	-40.46
YBR257W	86	679.6	40.86	16.0	1.74	39.12	1.0	0.0657	-37.37
YBR258C	91	574.9	38.75	11.0	1.11	37.64	0.978	0.0755	-36.53
YBR259W	124	689.1	52.92	69.0	1.97	50.95	0.9839	0.103	-48.98
YBR260C	126	727.1	53.33	73.0	3.54	49.79	0.9683	0.1037	-46.25
YBR261C	130	490.9	42.56	12.0	7.04	35.52	0.9769	0.0879	-28.48
YBR262C	82	483.0	33.37	11.0	1.4	31.96	1.0	0.07	-30.56
YBR263W	339	818.6	41.35	14.0	2.65	38.7	0.9912	0.0749	-36.05
YBR264C	123	506.8	45.33	22.0	6.11	39.21	1.0	0.1111	-33.1
YBR265W	105	694.3	43.38	15.0	1.35	42.03	1.0	0.0929	-40.68
YBR266C	64	674.1	51.8	67.5	3.84	47.95	0.9844	0.0873	-44.11
YBR267W	137	476.8	47.05	60.0	1.74	45.31	1.0	0.1043	-43.56
YBR268W	168	444.4	43.85	12.0	1.88	41.98	1.0	0.096	-40.1
YBR269C	206	427.9	40.78	13.5	1.31	39.48	0.9854	0.0949	-38.17
YBR270C	74	491.2	41.47	14.5	2.42	39.05	0.973	0.0933	-36.64
YBR271W	85	653.9	52.81	71.0	6.65	46.16	0.9882	0.1009	-39.52
YBR272C	119	644.8	39.9	15.0	3.32	36.58	1.0	0.0837	-33.26
YBR273C	58	820.8	41.19	14.0	1.62	39.57	0.9828	0.0684	-37.95
YBR274W	61	681.5	51.41	66.0	1.36	50.05	1.0	0.098	-48.69
YBR275C	112	598.7	46.32	36.5	3.6	42.72	0.9911	0.1053	-39.12
YBR276C	117	797.5	41.53	13.0	1.6	39.93	0.9744	0.0725	-38.33
YBR277C	27	486.2	46.7	12.0	1.89	44.81	1.0	0.0915	-42.93
YBR278W	8	441.6	40.62	39.5	1.5	39.12	1.0	0.1165	-37.62
YBR279W	67	443.6	53.61	61.0	6.34	47.27	0.9851	0.1257	-40.93
YBR280C	123	629.7	49.76	20.0	5.24	44.52	1.0	0.1114	-39.28
YBR281C	103	867.3	57.45	76.0	1.61	55.83	1.0	0.0936	-54.22
YBR282W	429	458.0	44.79	24.0	2.51	42.29	0.9814	0.104	-39.78
YBR283C	602	762.3	46.63	40.0	4.11	42.52	0.985	0.0862	-38.42
YBR284W	26	604.0	59.42	81.5	1.81	57.62	1.0	0.1114	-55.81
YBR285W	29	414.9	45.52	26.0	1.28	44.24	0.9655	0.118	-42.97
YBR286W	619	851.9	46.66	23.0	2.34	44.32	0.9903	0.0857	-41.97
YBR287W	624	616.9	50.18	63.0	3.5	46.67	0.9952	0.1114	-43.17
YBR288C	245	707.5	52.6	72.0	2.49	50.11	0.9918	0.1134	-47.62
YBR289W	25	947.7	69.32	66.0	3.04	66.28	1.0	0.0951	-63.24
YBR290W	264	696.8	47.53	32.0	3.06	44.48	0.9924	0.0812	-41.42
YBR291C	241	603.9	53.96	64.0	4.85	49.11	0.9959	0.1046	-44.25
YBR292C	36	734.7	107.89	90.0	10.39	97.5	0.9722	0.1544	-87.11
YBR293W	160	543.8	52.24	62.0	6.24	46.01	0.9875	0.1166	-39.77
YBR294W	65	454.2	43.03	18.0	2.06	40.97	0.9846	0.1056	-38.91
YBR295W	111	618.5	49.0	64.0	2.91	46.09	1.0	0.111	-43.18
YBR296C	86	755.7	43.99	15.0	3.51	40.48	0.9884	0.0825	-36.97
YBR296C-A	32	346.2	43.31	38.0	1.69	41.62	1.0	0.1296	-39.94
YBR297W	104	633.0	44.68	20.0	2.08	42.61	0.9904	0.0946	-40.53
YBR298C	78	641.3	46.92	23.0	2.18	44.74	1.0	0.086	-42.56
YBR298C-A	17	398.2	57.53	74.0	2.53	55.0	1.0	0.1409	-52.47
YBR299W	39	560.2	45.51	15.0	1.18	44.33	0.9744	0.0902	-43.15
YBR300C	26	307.4	50.96	17.5	10.0	40.96	0.9615	0.1466	-30.96
YBR301W	29	300.3	38.76	23.0	1.0	37.76	1.0	0.1331	-36.76
YBR302C	245	655.7	47.91	42.0	2.98	44.94	0.9918	0.0933	-41.96
YCL001W	281	607.9	45.49	20.0	2.53	42.96	0.9929	0.0821	-40.42
YCL001W-A	97	413.9	48.24	58.0	5.98	42.26	1.0	0.1227	-36.28
YCL001W-B	14	511.4	53.14	42.5	7.86	45.29	1.0	0.1151	-37.43
YCL002C	412	618.6	53.87	70.0	5.7	48.17	0.983	0.092	-42.47
YCL004W	174	714.6	72.32	77.0	22.18	50.14	0.9943	0.1127	-27.95
YCL005W	241	403.2	76.34	80.0	32.91	43.43	0.9917	0.1979	-10.52
YCL005W-A	206	357.0	74.46	77.5	35.73	38.73	0.9951	0.196	-3.0
YCL007C	195	351.9	73.32	83.0	34.15	39.17	0.9949	0.2	-5.02
YCL008C	262	442.3	80.37	83.0	27.5	52.87	0.9962	0.1882	-25.37
YCL009C	545	811.0	48.25	60.0	2.41	45.84	0.9945	0.0749	-43.43
YCL010C	261	510.2	52.03	67.0	5.78	46.25	1.0	0.1164	-40.47
YCL011C	429	772.8	47.64	29.0	2.28	45.36	0.9814	0.0761	-43.07
YCL012C	280	466.7	43.95	16.0	3.85	40.1	0.9857	0.0998	-36.24
YCL014W	102	596.2	43.07	16.0	3.34	39.73	0.9902	0.0996	-36.38
YCL016C	39	846.1	53.1	22.0	1.41	51.69	1.0	0.0716	-50.28
YCL017C	290	561.8	43.02	16.0	2.36	40.66	0.9862	0.0984	-38.31
YCL018W	568	715.9	43.39	14.0	1.89	41.5	0.9718	0.0757	-39.61
YCL019W	1101	1132.8	51.54	68.0	2.88	48.66	0.9573	0.0634	-45.78
YCL020W	96	577.3	46.32	16.5	4.28	42.04	0.9792	0.0883	-37.76
YCL021W-A	255	561.5	55.8	65.0	9.08	46.72	0.9843	0.1119	-37.64
YCL022C	49	378.6	43.71	14.0	11.35	32.37	1.0	0.1262	-21.02
YCL024W	93	420.9	53.17	33.0	13.03	40.14	0.9785	0.1406	-27.11
YCL025C	408	802.3	43.48	15.5	2.43	41.05	0.9902	0.0768	-38.62
YCL026C-A	102	349.6	38.1	11.5	2.1	36.0	1.0	0.1102	-33.9
YCL026C-B	24	527.2	36.92	17.5	2.33	34.58	1.0	0.0768	-32.25
YCL027W	68	521.5	45.82	16.0	2.57	43.25	1.0	0.0971	-40.68
YCL028W	117	916.7	52.49	66.0	1.43	51.06	1.0	0.0744	-49.63
YCL029C	101	540.9	40.0	14.0	2.4	37.6	0.9604	0.0973	-35.21
YCL030C	696	955.8	51.6	53.5	2.69	48.92	0.9943	0.0753	-46.23
YCL031C	676	622.8	41.8	14.0	2.81	38.99	0.9793	0.0757	-36.18
YCL032W	244	547.6	43.75	14.0	3.57	40.18	0.9795	0.0839	-36.61
YCL033C	82	528.4	48.32	62.5	3.59	44.73	0.9878	0.1054	-41.15
YCL034W	350	466.4	36.82	11.0	1.8	35.02	0.9771	0.0792	-33.23
YCL035C	313	469.3	40.37	13.0	1.95	38.42	0.9712	0.0836	-36.48
YCL036W	334	499.8	38.96	12.5	1.78	37.18	0.979	0.0801	-35.4
YCL037C	76	555.4	49.37	70.0	2.7	46.67	1.0	0.1151	-43.97
YCL038C	133	633.2	54.68	70.0	2.61	52.07	0.9925	0.1192	-49.46
YCL039W	239	594.2	44.84	17.0	3.67	41.16	0.9958	0.0898	-37.49
YCL040W	302	960.8	44.3	16.5	1.81	42.49	1.0	0.0686	-40.69
YCL041C	10	391.8	62.3	76.5	1.7	60.6	0.9	0.1838	-58.9
YCL042W	9	460.6	25.44	8.0	1.56	23.89	1.0	0.0776	-22.33
YCL043C	692	877.7	42.4	15.0	2.57	39.83	0.9798	0.0673	-37.25
YCL044C	358	469.4	46.61	35.5	4.27	42.33	0.9804	0.1104	-38.06
YCL045C	146	878.3	48.92	59.5	2.41	46.51	0.9863	0.0887	-44.1
YCL046W	22	496.0	55.09	72.5	5.77	49.32	1.0	0.1265	-43.55
YCL047C	117	467.2	55.41	71.0	3.82	51.59	1.0	0.1311	-47.77
YCL048W	53	578.8	47.62	52.0	1.43	46.19	0.9623	0.1022	-44.75
YCL048W-A	37	346.1	37.22	13.0	1.54	35.68	1.0	0.1026	-34.14
YCL049C	162	513.9	44.0	18.5	2.66	41.34	1.0	0.1048	-38.68
YCL050C	659	783.8	50.95	68.0	2.33	48.61	0.9909	0.0811	-46.28
YCL051W	361	493.0	50.08	67.0	3.24	46.84	0.9889	0.1177	-43.6
YCL052C	188	672.1	42.84	17.5	2.03	40.8	1.0	0.0762	-38.77
YCL054W	137	566.0	39.37	11.0	2.01	37.36	0.9854	0.0815	-35.36
YCL055W	136	771.4	49.41	33.0	2.12	47.29	0.9926	0.0784	-45.16
YCL056C	187	480.8	45.87	24.0	4.4	41.48	1.0	0.1036	-37.08
YCL057C-A	61	418.0	41.39	11.0	1.02	40.38	0.9836	0.0992	-39.36
YCL057W	258	742.9	43.6	17.5	2.28	41.33	0.9884	0.0831	-39.05
YCL058C	69	400.7	41.03	18.0	2.12	38.91	1.0	0.0966	-36.8
YCL058W-A	75	399.1	41.96	11.0	2.41	39.55	0.9867	0.1052	-37.13
YCL059C	359	697.9	38.34	14.0	1.89	36.44	0.9833	0.0713	-34.55
YCL061C	164	528.0	39.31	15.0	2.9	36.41	0.9939	0.0888	-33.51
YCL063W	53	646.4	52.47	19.0	2.66	49.81	0.9434	0.0967	-47.15
YCL064C	55	710.9	57.6	75.0	3.18	54.42	1.0	0.1101	-51.24
YCL065W	41	635.1	57.95	75.0	1.95	56.0	0.9756	0.0901	-54.05
YCL066W	66	626.1	49.5	43.5	3.48	46.02	0.9697	0.0794	-42.53
YCL067C	61	592.9	48.3	36.0	1.75	46.54	1.0	0.0853	-44.79
YCL068C	23	629.0	45.43	13.0	1.3	44.13	1.0	0.0789	-42.83
YCL074W	7	579.9	331.71	268.0	228.86	102.86	1.0	0.5119	126.0
YCR001W	40	643.1	46.02	48.5	5.0	41.02	1.0	0.0797	-36.02
YCR002C	480	614.3	42.84	13.0	1.86	40.98	0.9958	0.0823	-39.12
YCR003W	163	521.3	44.33	16.0	3.1	41.23	0.9816	0.0855	-38.13
YCR004C	451	613.0	46.69	20.0	3.25	43.44	0.9933	0.092	-40.19
YCR005C	579	900.1	50.26	45.0	2.51	47.75	0.9914	0.0732	-45.24
YCR006C	23	326.0	51.74	15.0	4.91	46.83	0.9565	0.1696	-41.91
YCR007C	126	480.4	60.51	70.0	6.97	53.54	0.9841	0.1237	-46.57
YCR008W	279	637.8	50.99	61.0	4.13	46.86	0.9892	0.0971	-42.73
YCR009C	437	728.6	45.43	19.0	2.46	42.96	0.9977	0.0759	-40.5
YCR010C	41	322.8	24.46	9.0	2.71	21.76	1.0	0.0776	-19.05
YCR011C	174	919.6	48.99	32.0	4.23	44.76	0.9885	0.0684	-40.53
YCR012W	4650	960.6	44.58	20.0	3.19	41.39	0.9561	0.0607	-38.21
YCR013C	4311	995.3	45.48	22.0	3.58	41.91	0.9585	0.0594	-38.33
YCR014C	1849	536.9	45.97	23.0	6.45	39.52	0.9589	0.0911	-33.06
YCR015C	442	373.6	46.5	55.0	2.68	43.82	0.991	0.1273	-41.14
YCR016W	205	470.4	44.99	17.0	2.08	42.91	0.9805	0.1118	-40.83
YCR017C	417	530.3	68.93	69.0	18.94	49.99	0.9976	0.1367	-31.04
YCR018C	255	531.3	77.66	75.0	27.87	49.79	0.9961	0.1405	-21.92
YCR018C-A	17	472.7	61.59	71.0	2.0	59.59	0.9412	0.1256	-57.59
YCR019W	44	440.0	50.43	70.0	5.95	44.48	0.9773	0.1209	-38.52
YCR020C	146	454.5	47.1	55.5	1.64	45.46	0.9863	0.1001	-43.82
YCR020C-A	210	482.8	43.13	15.0	1.99	41.15	0.9905	0.0937	-39.16
YCR020W-B	517	453.5	44.52	18.0	3.19	41.33	0.9729	0.1031	-38.15
YCR021C	1382	928.2	52.62	70.0	3.51	49.1	0.9848	0.0667	-45.59
YCR022C	63	358.7	42.86	55.0	1.6	41.25	0.9365	0.1296	-39.65
YCR023C	188	658.4	49.14	67.0	3.39	45.76	0.9947	0.0891	-42.37
YCR024C	850	464.6	49.16	61.0	3.08	46.08	0.9976	0.1163	-43.0
YCR024C-A	884	484.8	52.21	67.5	3.03	49.18	0.9955	0.1197	-46.14
YCR024C-B	841	477.9	50.12	67.0	2.55	47.57	0.9952	0.1164	-45.02
YCR025C	199	590.4	61.19	65.0	3.36	57.83	0.9799	0.1099	-54.48
YCR026C	65	750.9	35.09	9.0	2.52	32.57	1.0	0.0671	-30.05
YCR027C	187	495.1	67.92	57.0	21.72	46.2	1.0	0.1639	-24.48
YCR028C	537	534.5	58.86	54.0	23.75	35.11	0.9888	0.1213	-11.36
YCR028C-A	1420	592.7	53.68	71.0	4.41	49.27	0.9754	0.0929	-44.86
YCR030C	300	561.9	55.74	71.0	3.7	52.04	0.9933	0.1158	-48.34
YCR031C	5674	455.2	44.41	24.0	11.63	32.78	0.993	0.0963	-21.15
YCR032W	105	775.0	45.28	19.0	2.31	42.96	1.0	0.077	-40.65
YCR033W	62	667.2	51.35	29.0	3.77	47.58	0.9839	0.0937	-43.81
YCR034W	486	709.9	53.94	71.0	2.86	51.07	0.9959	0.0953	-48.21
YCR035C	391	568.3	53.36	70.0	3.13	50.23	0.9898	0.1144	-47.1
YCR036W	187	771.4	48.73	41.0	2.53	46.2	0.9893	0.0707	-43.66
YCR037C	154	653.2	52.07	26.5	10.54	41.53	0.9935	0.0911	-30.99
YCR038C	116	682.9	41.85	13.5	6.7	35.16	1.0	0.0644	-28.46
YCR038W-A	72	609.2	42.65	16.5	1.76	40.89	1.0	0.0756	-39.12
YCR039C	132	614.5	43.45	16.0	2.83	40.62	0.9848	0.0783	-37.8
YCR040W	154	607.4	49.8	25.0	3.16	46.64	0.9675	0.0867	-43.49
YCR041W	103	628.6	48.82	70.0	2.36	46.46	0.9903	0.0811	-44.1
YCR042C	179	710.4	47.07	18.0	2.4	44.67	0.9944	0.0857	-42.27
YCR043C	241	530.5	49.35	64.0	3.17	46.17	1.0	0.094	-43.0
YCR044C	309	615.9	45.03	20.0	2.03	43.0	0.9968	0.0801	-40.97
YCR045C	45	614.8	37.89	10.0	4.47	33.42	1.0	0.089	-28.96
YCR045W-A	13	404.5	34.0	11.0	1.15	32.85	1.0	0.1024	-31.69
YCR046C	44	497.5	30.5	10.5	1.68	28.82	1.0	0.0665	-27.14
YCR047C	43	492.5	46.28	17.0	1.81	44.47	1.0	0.0995	-42.65
YCR047W-A	12	414.2	64.58	72.0	3.67	60.92	1.0	0.1934	-57.25
YCR048W	57	855.0	67.93	81.0	1.33	66.6	1.0	0.1132	-65.26
YCR050C	36	569.7	81.06	85.0	7.64	73.42	1.0	0.1582	-65.78
YCR051W	65	482.0	44.4	19.0	2.26	42.14	0.9538	0.0992	-39.88
YCR052W	136	616.0	43.43	13.0	3.37	40.06	0.9853	0.0889	-36.69
YCR053W	699	923.7	47.0	27.0	3.3	43.7	0.9957	0.0741	-40.4
YCR054C	411	461.7	43.01	15.0	5.58	37.43	0.9951	0.1052	-31.86
YCR057C	72	736.7	39.33	15.0	2.89	36.44	0.9722	0.0739	-33.56
YCR059C	197	508.6	47.14	36.0	1.51	45.63	0.9949	0.1005	-44.13
YCR060W	170	457.7	41.79	11.5	1.52	40.26	1.0	0.0845	-38.74
YCR061W	63	633.4	44.05	18.0	3.7	40.35	1.0	0.0927	-36.65
YCR063W	16	453.0	58.31	10.5	1.62	56.69	1.0	0.1105	-55.06
YCR064C	20	422.0	28.8	10.5	7.65	21.15	0.95	0.0671	-13.5
YCR065W	49	581.2	50.39	64.0	2.41	47.98	1.0	0.1111	-45.57
YCR066W	95	478.1	50.25	68.0	2.07	48.18	1.0	0.1228	-46.11
YCR067C	83	875.7	56.43	70.0	5.16	51.28	0.988	0.1066	-46.12
YCR068W	12	740.8	98.33	43.0	1.42	96.92	1.0	0.12	-95.5
YCR069W	156	673.4	50.1	64.0	3.5	46.6	0.9744	0.0974	-43.1
YCR071C	104	506.7	47.62	64.5	3.17	44.45	0.9904	0.1039	-41.28
YCR072C	146	550.4	38.8	13.5	1.77	37.03	0.9932	0.0876	-35.25
YCR073C	68	793.0	46.06	17.0	1.31	44.75	0.9853	0.0795	-43.44
YCR073W-A	68	759.2	52.68	73.5	1.4	51.28	1.0	0.0855	-49.88
YCR075C	104	481.6	40.8	11.0	3.27	37.53	1.0	0.0895	-34.26
YCR075W-A	68	471.6	43.54	19.0	1.22	42.32	1.0	0.1004	-41.1
YCR076C	157	474.1	41.61	17.0	1.52	40.08	0.9936	0.0946	-38.56
YCR077C	127	924.9	44.74	15.0	5.02	39.72	0.9764	0.0642	-34.71
YCR079W	47	1002.0	59.36	72.0	2.64	56.72	0.9787	0.069	-54.09
YCR081C-A	176	528.1	37.06	12.0	2.97	34.09	0.9943	0.0752	-31.11
YCR081W	165	592.3	42.51	18.0	2.15	40.36	0.9697	0.0881	-38.22
YCR082W	202	474.4	44.57	17.5	2.38	42.2	0.9901	0.1	-39.82
YCR083W	227	494.1	38.67	14.0	2.32	36.35	0.9736	0.0793	-34.04
YCR084C	160	742.5	52.14	66.0	3.46	48.68	0.9875	0.0893	-45.21
YCR085W	19	371.6	59.53	78.0	3.63	55.89	1.0	0.1678	-52.26
YCR086W	59	486.0	47.64	19.0	1.97	45.68	1.0	0.0927	-43.71
YCR087C-A	68	504.4	42.71	16.0	1.47	41.24	1.0	0.0862	-39.76
YCR087W	68	463.7	41.85	13.5	2.09	39.76	1.0	0.0931	-37.68
YCR088W	89	675.2	46.08	15.0	3.18	42.9	0.9663	0.0918	-39.72
YCR089W	329	542.8	50.31	64.0	3.38	46.93	1.0	0.1003	-43.55
YCR090C	298	545.9	51.18	66.5	1.41	49.77	0.9966	0.0995	-48.37
YCR091W	26	735.8	46.77	28.0	2.92	43.85	1.0	0.0833	-40.92
YCR092C	50	701.2	49.42	69.5	1.4	48.02	0.98	0.0917	-46.62
YCR093W	124	1038.7	50.42	67.0	2.56	47.86	1.0	0.0782	-45.31
YCR094W	134	628.9	46.59	19.5	1.76	44.83	0.9925	0.0877	-43.07
YCR095C	153	805.4	53.2	34.0	5.03	48.17	0.9935	0.0746	-43.14
YCR095W-A	21	755.1	254.67	199.0	23.52	231.14	1.0	0.4027	-207.62
YCR096C	10	490.4	64.4	77.5	40.2	24.2	1.0	0.1291	16.0
YCR097W	22	609.7	75.95	90.5	42.55	33.41	1.0	0.1171	9.14
YCR098C	181	752.0	58.77	69.0	10.07	48.7	0.9945	0.1264	-38.62
YCR099C	89	479.4	51.06	59.0	4.81	46.25	1.0	0.1181	-41.44
YCR100C	81	821.1	43.4	14.0	1.75	41.64	0.9877	0.0909	-39.89
YCR102C	56	646.2	45.93	22.0	4.75	41.18	0.9643	0.0788	-36.43
YCR102W-A	5	663.4	70.4	82.0	6.4	64.0	1.0	0.1312	-57.6
YCR104W	8	527.2	65.62	81.5	1.12	64.5	1.0	0.1473	-63.38
YCR105W	43	499.2	42.65	18.0	2.14	40.51	0.9767	0.0887	-38.37
YCR106W	29	741.0	53.52	68.0	1.31	52.21	0.9655	0.1049	-50.9
YCR107W	78	697.8	45.85	26.5	2.19	43.65	1.0	0.0826	-41.46
YCR108C	7	262.9	63.86	69.0	1.29	62.57	1.0	0.2319	-61.29
YDL001W	133	756.9	50.8	71.0	2.28	48.53	0.985	0.093	-46.25
YDL002C	205	610.9	38.47	12.0	1.44	37.03	0.9951	0.07	-35.6
YDL003W	162	550.7	43.51	14.0	3.96	39.55	0.963	0.0888	-35.59
YDL004W	1136	552.1	45.97	54.5	2.13	43.84	0.9894	0.091	-41.71
YDL005C	106	726.3	53.34	71.5	2.78	50.56	0.9906	0.0893	-47.77
YDL006W	255	591.0	49.01	21.0	4.49	44.52	1.0	0.0992	-40.02
YDL007C-A	8	529.2	315.25	314.0	0.75	314.5	1.0	0.5994	-313.75
YDL007W	325	893.5	46.42	13.0	1.76	44.66	0.9938	0.0631	-42.91
YDL008W	153	527.2	50.48	66.0	3.8	46.68	0.9869	0.0942	-42.88
YDL009C	169	554.1	56.43	75.0	2.0	54.43	1.0	0.1085	-52.43
YDL010W	77	611.7	59.55	75.0	1.1	58.44	1.0	0.1052	-57.34
YDL011C	50	634.4	44.16	18.0	1.78	42.38	0.98	0.0848	-40.6
YDL012C	184	485.6	73.02	75.5	21.2	51.82	0.9674	0.1561	-30.62
YDL013W	539	379.3	48.3	51.0	7.22	41.07	0.9944	0.1288	-33.85
YDL014W	1172	724.1	45.34	15.0	2.25	43.09	0.994	0.0711	-40.84
YDL015C	554	919.7	50.07	66.0	2.6	47.48	0.9856	0.0659	-44.88
YDL016C	283	693.0	65.12	76.0	16.6	48.52	0.9965	0.1029	-31.91
YDL017W	252	563.6	56.06	72.0	5.21	50.84	1.0	0.1169	-45.63
YDL018C	158	619.1	48.72	57.0	3.2	45.53	0.981	0.0892	-42.33
YDL019C	145	501.2	53.34	61.0	5.74	47.59	1.0	0.1438	-41.85
YDL020C	372	639.0	48.13	20.0	4.21	43.91	0.9919	0.1054	-39.7
YDL021W	221	443.5	45.28	14.0	2.44	42.84	0.991	0.1098	-40.4
YDL022W	189	771.6	46.22	21.0	4.07	42.15	0.9947	0.0876	-38.08
YDL023C	33	1243.1	144.33	133.0	5.52	138.82	1.0	0.1177	-133.3
YDL024C	34	367.1	32.44	10.0	1.0	31.44	1.0	0.0991	-30.44
YDL025C	81	868.4	37.31	9.0	1.94	35.37	0.9753	0.0686	-33.43
YDL025W-A	44	746.0	55.43	70.5	3.59	51.84	1.0	0.0765	-48.25
YDL026W	39	526.1	55.69	67.0	8.28	47.41	0.9744	0.1127	-39.13
YDL027C	128	689.5	49.05	29.5	5.22	43.83	0.9844	0.0886	-38.61
YDL028C	226	518.3	42.12	16.0	2.99	39.13	0.9735	0.0972	-36.14
YDL029W	280	782.2	53.31	41.0	11.46	41.85	0.95	0.0855	-30.39
YDL030W	122	501.9	35.97	9.0	2.5	33.47	0.9672	0.085	-30.97
YDL031W	130	844.1	48.05	16.5	1.19	46.85	0.9692	0.0746	-45.66
YDL032W	6	570.3	29.5	10.5	1.67	27.83	1.0	0.0382	-26.17
YDL033C	18	808.9	71.28	84.0	1.11	70.17	1.0	0.1204	-69.06
YDL034W	13	418.5	66.77	77.0	8.38	58.38	1.0	0.1554	-50.0
YDL035C	108	956.4	53.19	69.0	1.46	51.72	1.0	0.0812	-50.26
YDL036C	185	506.3	48.76	26.0	2.72	46.04	0.9892	0.1087	-43.32
YDL037C	26	450.0	110.0	51.0	2.54	107.46	1.0	0.1903	-104.92
YDL039C	108	1109.1	139.06	82.0	87.6	51.46	0.9722	0.1054	36.14
YDL040C	196	935.7	48.79	23.0	2.56	46.23	1.0	0.0886	-43.67
YDL041W	43	362.2	45.28	20.0	2.84	42.44	1.0	0.1334	-39.6
YDL042C	83	591.2	47.61	25.0	2.36	45.25	0.988	0.1144	-42.89
YDL043C	94	745.1	53.32	67.5	4.09	49.23	1.0	0.0885	-45.15
YDL044C	65	562.3	46.32	16.0	2.45	43.88	0.9846	0.0985	-41.43
YDL045C	183	611.8	53.46	65.0	1.78	51.69	0.9891	0.1072	-49.91
YDL045W-A	217	524.4	55.85	70.0	8.62	47.24	0.9954	0.1112	-38.62
YDL046W	290	600.9	52.59	69.0	2.93	49.66	0.9966	0.1045	-46.72
YDL047W	133	887.0	55.35	68.0	2.44	52.91	0.9774	0.0864	-50.47
YDL048C	296	650.3	49.83	63.5	3.7	46.13	1.0	0.0932	-42.43
YDL049C	206	478.3	47.33	20.0	5.4	41.93	0.9951	0.1079	-36.52
YDL050C	297	682.0	41.68	13.0	1.56	40.12	0.9865	0.0775	-38.56
YDL051W	305	653.2	41.79	12.0	2.72	39.07	0.9902	0.0765	-36.34
YDL052C	135	766.1	77.98	72.0	1.1	76.88	0.963	0.1088	-75.79
YDL053C	213	612.6	44.96	19.0	1.92	43.04	0.9953	0.0859	-41.13
YDL054C	386	455.5	68.81	74.0	19.18	49.63	0.9948	0.206	-30.45
YDL055C	2969	1003.1	52.54	70.0	2.6	49.94	0.9946	0.0711	-47.33
YDL056W	1201	504.1	49.68	63.0	4.32	45.35	0.9925	0.1079	-41.03
YDL057W	43	590.0	34.05	10.0	2.35	31.7	0.9767	0.0691	-29.35
YDL058W	29	860.7	58.24	73.0	1.14	57.1	1.0	0.1135	-55.97
YDL059C	135	462.2	53.26	68.0	2.69	50.57	1.0	0.1238	-47.88
YDL060W	213	628.6	49.77	39.0	2.3	47.47	0.9859	0.1024	-45.18
YDL061C	1998	372.6	53.35	66.5	6.74	46.62	0.9955	0.1379	-39.88
YDL062W	2092	367.6	51.55	61.0	6.76	44.79	0.9957	0.1351	-38.03
YDL063C	2207	399.5	52.18	61.0	7.5	44.68	0.9955	0.132	-37.18
YDL064W	167	518.5	61.72	68.0	17.56	44.17	1.0	0.123	-26.61
YDL065C	277	549.1	58.29	62.0	13.23	45.06	0.9892	0.1154	-31.82
YDL066W	536	601.3	40.26	14.0	2.9	37.36	0.9776	0.0763	-34.46
YDL067C	233	412.3	35.64	8.0	3.03	32.61	0.9442	0.0845	-29.58
YDL068W	352	471.8	40.53	12.5	3.77	36.75	0.983	0.087	-32.98
YDL069C	400	474.2	41.15	12.0	3.76	37.38	0.9825	0.0882	-33.62
YDL070W	226	631.5	40.87	12.0	2.94	37.92	0.9956	0.0728	-34.98
YDL071C	195	603.0	45.34	17.0	2.33	43.01	0.9949	0.0822	-40.67
YDL072C	244	537.4	46.03	21.5	2.59	43.44	0.9836	0.0959	-40.85
YDL073W	289	626.2	48.26	28.0	2.42	45.85	0.9827	0.0898	-43.43
YDL074C	295	796.9	46.09	19.0	2.29	43.8	0.9932	0.0818	-41.51
YDL075W	8449	408.3	86.96	79.0	51.62	35.34	0.9866	0.2015	16.27
YDL076C	123	627.5	47.17	31.0	2.16	45.01	0.9919	0.099	-42.85
YDL077C	129	633.2	47.3	23.0	1.47	45.84	0.969	0.1033	-44.37
YDL078C	358	889.5	50.55	31.5	2.48	48.07	0.9916	0.0657	-45.59
YDL079C	98	527.8	49.03	63.5	3.34	45.69	1.0	0.1108	-42.36
YDL080C	2993	488.3	53.56	71.0	3.05	50.51	0.9967	0.1095	-47.46
YDL081C	3984	492.8	49.96	45.5	4.7	45.26	0.9962	0.102	-40.56
YDL082W	4831	525.8	55.14	68.0	6.42	48.72	0.9969	0.1054	-42.3
YDL083C	3920	486.3	55.75	42.0	19.65	36.1	0.9944	0.1107	-16.45
YDL084W	4705	605.7	53.61	42.0	17.14	36.47	0.9889	0.0988	-19.33
YDL085C-A	99	526.5	48.9	46.0	10.46	38.43	0.9899	0.1089	-27.97
YDL085W	29	436.3	40.24	15.0	1.17	39.07	0.8966	0.1045	-37.9
YDL086C-A	109	575.4	41.01	15.0	2.45	38.56	0.9908	0.0765	-36.11
YDL086W	121	568.9	37.88	10.0	2.16	35.72	0.9752	0.0791	-33.56
YDL087C	13	595.7	37.54	30.0	5.46	32.08	1.0	0.0858	-26.62
YDL088C	135	779.9	51.16	70.0	1.6	49.56	0.9778	0.0927	-47.96
YDL089W	115	595.7	47.53	65.0	1.53	46.0	0.9826	0.1017	-44.47
YDL090C	30	741.4	52.1	79.0	1.2	50.9	1.0	0.0831	-49.7
YDL091C	265	544.3	40.22	15.0	2.21	38.01	0.9925	0.0796	-35.8
YDL092W	288	493.0	42.27	12.0	2.08	40.2	0.9965	0.0906	-38.12
YDL093W	165	605.5	41.46	16.0	2.42	39.04	0.9697	0.0895	-36.61
YDL094C	121	482.8	42.62	15.0	2.81	39.81	0.9504	0.0922	-37.0
YDL095W	173	983.3	48.77	60.0	3.95	44.82	0.9711	0.0638	-40.87
YDL097C	432	833.8	50.9	73.0	1.54	49.36	0.9884	0.0818	-47.83
YDL098C	267	492.4	47.12	49.0	3.73	43.39	0.9813	0.1063	-39.66
YDL099W	104	610.5	45.08	15.5	1.48	43.6	0.9615	0.0892	-42.12
YDL100C	346	733.2	39.51	11.0	1.89	37.62	0.974	0.0664	-35.73
YDL101C	282	520.8	46.26	28.0	2.79	43.47	0.9681	0.0988	-40.68
YDL102W	87	686.8	47.45	62.0	4.26	43.18	0.9655	0.0987	-38.92
YDL103C	100	817.8	46.5	21.5	1.24	45.26	0.96	0.0767	-44.02
YDL104C	96	527.5	46.82	22.0	3.81	43.01	0.9896	0.0991	-39.2
YDL105W	39	583.7	46.54	29.0	2.54	44.0	1.0	0.0937	-41.46
YDL106C	77	696.7	45.13	21.0	2.73	42.4	0.961	0.0811	-39.68
YDL107W	138	585.5	47.93	40.5	5.33	42.61	0.971	0.099	-37.28
YDL108W	75	726.4	49.63	44.0	18.33	31.29	1.0	0.0808	-12.96
YDL109C	32	604.8	45.47	15.0	1.53	43.94	1.0	0.0987	-42.41
YDL110C	38	565.6	56.89	14.5	3.84	53.05	0.9737	0.0849	-49.21
YDL111C	258	582.7	52.29	69.0	2.39	49.9	0.9845	0.1068	-47.51
YDL112W	252	856.0	44.98	19.5	2.57	42.41	0.9881	0.0793	-39.84
YDL113C	97	831.9	40.85	13.0	1.92	38.93	0.9691	0.0667	-37.01
YDL114W	76	514.3	51.49	59.5	3.68	47.8	1.0	0.1175	-44.12
YDL114W-A	17	792.8	56.59	53.0	1.82	54.76	0.9412	0.0725	-52.94
YDL115C	136	520.5	42.23	13.5	2.82	39.41	0.9853	0.089	-36.6
YDL116W	193	812.0	37.8	12.0	1.7	36.1	0.9845	0.0684	-34.4
YDL117W	64	739.7	44.66	11.5	1.03	43.62	0.9844	0.0978	-42.59
YDL118W	69	561.7	61.0	78.0	7.3	53.7	1.0	0.1266	-46.39
YDL119C	120	561.9	46.15	25.0	1.74	44.41	0.9917	0.1004	-42.67
YDL120W	206	536.7	49.19	36.0	4.46	44.74	1.0	0.0989	-40.28
YDL121C	180	537.0	51.42	64.5	2.17	49.25	0.9944	0.0996	-47.08
YDL122W	188	507.2	44.84	22.0	3.28	41.56	0.984	0.0972	-38.28
YDL123W	309	550.8	47.56	61.0	2.35	45.21	0.9968	0.0991	-42.86
YDL124W	481	715.2	50.53	44.0	2.75	47.77	0.9979	0.0841	-45.02
YDL125C	461	558.2	63.92	71.0	23.26	40.66	0.9892	0.119	-17.39
YDL126C	1071	789.4	55.34	66.0	10.86	44.48	0.9767	0.0972	-33.62
YDL127W	494	438.8	46.63	44.0	2.78	43.86	0.9737	0.1155	-41.08
YDL128W	225	652.1	47.56	63.0	3.28	44.27	0.9778	0.0922	-40.99
YDL129W	2200	424.6	142.91	131.0	95.75	47.16	0.9973	0.3207	48.58
YDL130W	4086	444.6	157.6	168.0	108.69	48.91	0.9976	0.3429	59.78
YDL130W-A	230	370.7	62.0	61.5	1.68	60.32	1.0	0.1692	-58.64
YDL131W	445	756.3	44.8	17.0	1.85	42.94	0.9978	0.0824	-41.09
YDL132W	133	884.8	48.68	28.0	2.44	46.24	0.985	0.0895	-43.8
YDL133C-A	12344	310.9	29.0	6.0	1.71	27.29	0.9255	0.0826	-25.58
YDL133W	13122	312.7	29.35	6.0	1.77	27.57	0.9226	0.0833	-25.8
YDL134C	1107	365.8	39.13	10.0	2.2	36.93	0.9548	0.1248	-34.74
YDL135C	3534	483.8	56.72	39.0	16.14	40.57	0.996	0.1161	-24.43
YDL136W	3717	484.1	57.08	43.0	16.18	40.9	0.9965	0.1167	-24.72
YDL137W	1235	715.0	90.04	89.0	48.06	41.98	0.9968	0.1208	6.08
YDL138W	51	687.8	51.92	68.0	5.65	46.27	1.0	0.1174	-40.63
YDL139C	24	367.1	52.08	64.0	0.96	51.12	0.9583	0.1374	-50.17
YDL140C	128	599.3	48.25	35.0	5.09	43.16	0.9844	0.1105	-38.08
YDL141W	119	700.3	52.63	72.0	3.07	49.56	0.9916	0.1088	-46.5
YDL142C	248	530.2	45.02	54.5	2.25	42.77	0.996	0.098	-40.52
YDL143W	344	841.1	53.62	68.5	3.27	50.35	0.9971	0.0917	-47.08
YDL144C	63	861.4	59.17	20.0	3.86	55.32	1.0	0.0741	-51.46
YDL145C	424	811.0	51.37	61.0	2.04	49.33	0.9858	0.0927	-47.29
YDL146W	477	447.1	48.65	57.0	4.05	44.61	0.9937	0.1187	-40.56
YDL147W	937	992.5	51.62	25.0	2.42	49.19	0.9979	0.0637	-46.77
YDL148C	176	861.5	54.02	68.5	5.34	48.69	0.9943	0.0866	-43.35
YDL149W	190	527.9	44.0	14.0	2.65	41.35	0.9947	0.0925	-38.69
YDL150W	65	508.5	52.34	67.0	2.66	49.68	1.0	0.1219	-47.02
YDL151C	95	549.0	46.17	19.0	1.99	44.18	0.9895	0.1	-42.19
YDL153C	216	718.3	47.73	17.5	2.38	45.36	1.0	0.0844	-42.98
YDL154W	202	563.3	49.06	34.0	2.56	46.5	0.9901	0.1028	-43.93
YDL155W	55	731.8	44.71	13.0	7.69	37.02	1.0	0.0875	-29.33
YDL156W	236	502.6	41.72	13.0	2.1	39.63	0.9788	0.0841	-37.53
YDL157C	226	513.6	47.07	18.0	1.83	45.24	0.9867	0.095	-43.42
YDL158C	221	521.8	40.69	13.0	1.84	38.85	0.9864	0.0785	-37.0
YDL159C-B	16	500.6	52.12	61.0	3.44	48.69	1.0	0.1289	-45.25
YDL159W	273	518.3	40.27	14.0	2.18	38.09	0.9853	0.0821	-35.9
YDL159W-A	5	787.0	50.4	64.0	3.0	47.4	1.0	0.0649	-44.4
YDL160C	84	689.3	63.93	76.5	2.46	61.46	0.9881	0.1418	-59.0
YDL160C-A	276	445.3	47.21	42.5	3.07	44.14	0.9928	0.1088	-41.08
YDL161W	283	590.8	50.98	70.0	2.45	48.53	0.9929	0.1022	-46.08
YDL164C	80	659.6	37.21	14.0	1.29	35.92	1.0	0.0922	-34.64
YDL165W	131	527.4	45.24	20.0	2.04	43.2	1.0	0.0973	-41.16
YDL166C	102	577.0	41.63	13.0	2.08	39.55	0.9902	0.0782	-37.47
YDL167C	241	599.9	41.44	13.0	2.36	39.07	0.9834	0.0796	-36.71
YDL168W	271	876.5	48.37	26.0	3.55	44.82	0.9742	0.0663	-41.28
YDL169C	26	410.7	35.15	8.0	2.23	32.92	1.0	0.1153	-30.69
YDL170W	46	751.1	42.02	17.0	1.2	40.83	1.0	0.1039	-39.63
YDL171C	212	1022.2	46.97	19.0	2.29	44.68	0.9953	0.0719	-42.4
YDL172C	126	612.6	51.86	66.0	2.12	49.74	0.9841	0.0997	-47.62
YDL173W	108	597.1	49.71	40.0	2.26	47.45	0.9815	0.0958	-45.19
YDL174C	72	1031.2	44.35	12.0	1.53	42.82	0.9583	0.0545	-41.29
YDL175C	110	561.3	45.63	18.5	3.06	42.56	0.9818	0.0979	-39.5
YDL176W	96	664.9	52.58	71.5	3.79	48.79	1.0	0.1019	-45.0
YDL177C	100	541.5	42.8	13.5	1.66	41.14	1.0	0.0861	-39.48
YDL178W	167	756.9	48.34	20.0	2.43	45.9	0.988	0.0797	-43.47
YDL179W	86	495.5	45.23	24.0	4.44	40.79	0.9767	0.1029	-36.35
YDL180W	300	605.4	39.39	13.0	1.59	37.79	0.9867	0.0834	-36.2
YDL181W	198	453.7	43.85	16.5	2.41	41.44	1.0	0.1004	-39.03
YDL182W	441	774.5	48.15	32.0	2.01	46.14	0.9977	0.0801	-44.13
YDL183C	11797	314.4	31.85	7.0	2.14	29.72	0.9913	0.0934	-27.58
YDL184C	12025	320.1	32.78	8.0	2.27	30.51	0.9905	0.0949	-28.24
YDL185C-A	17	526.9	50.94	70.0	2.47	48.47	0.9412	0.1162	-46.0
YDL185W	13999	366.3	34.31	8.0	2.44	31.88	0.9909	0.0951	-29.44
YDL186W	13	538.9	42.46	20.0	3.85	38.62	1.0	0.0933	-34.77
YDL187C	5	475.0	35.4	7.0	2.0	33.4	1.0	0.0568	-31.4
YDL188C	138	780.8	54.75	26.0	2.43	52.32	0.9783	0.0821	-49.89
YDL189W	107	689.8	44.83	12.0	3.95	40.88	0.9813	0.0811	-36.93
YDL190C	5542	471.9	47.1	22.0	8.71	38.39	0.9778	0.0973	-29.68
YDL191W	5622	455.1	46.68	21.0	8.48	38.2	0.9792	0.0997	-29.72
YDL192W	4932	642.8	40.91	11.0	1.62	39.29	0.9655	0.0639	-37.67
YDL193W	158	604.0	43.39	12.5	4.03	39.36	0.9494	0.0853	-35.34
YDL194W	103	531.3	55.02	72.0	4.35	50.67	0.9903	0.1316	-46.32
YDL195W	255	857.0	49.57	29.0	5.39	44.18	0.9804	0.0798	-38.8
YDL196W	5	324.4	51.8	53.0	3.4	48.4	1.0	0.1678	-45.0
YDL197C	43	829.9	56.6	75.0	2.16	54.44	0.9767	0.1011	-52.28
YDL198C	503	666.2	50.24	69.0	2.04	48.19	0.998	0.1041	-46.15
YDL199C	333	451.0	52.57	71.0	2.45	50.12	0.985	0.1396	-47.68
YDL200C	123	626.6	44.33	17.0	3.07	41.27	0.9593	0.0778	-38.2
YDL201W	169	523.1	44.75	13.0	2.88	41.88	0.9763	0.1004	-39.0
YDL202W	65	664.5	39.49	16.0	2.57	36.92	0.9692	0.0704	-34.35
YDL203C	54	775.5	41.04	14.0	2.61	38.43	0.9815	0.0842	-35.81
YDL204W	81	610.1	41.81	15.0	2.07	39.74	0.9753	0.0942	-37.67
YDL205C	83	589.0	49.02	59.0	3.93	45.1	0.9639	0.1019	-41.17
YDL206W	98	627.6	47.53	56.5	2.37	45.16	0.9592	0.1054	-42.8
YDL207W	308	523.4	38.49	11.0	1.95	36.54	1.0	0.0837	-34.59
YDL208W	292	483.8	34.68	10.0	1.66	33.02	0.9966	0.0791	-31.37
YDL209C	374	495.1	41.91	13.0	1.73	40.18	0.9947	0.0924	-38.44
YDL210W	35	488.6	81.2	66.0	36.43	44.77	1.0	0.2025	-8.34
YDL211C	675	655.3	49.24	21.0	3.27	45.96	0.963	0.0783	-42.69
YDL212W	660	647.8	48.29	59.5	2.5	45.79	0.9758	0.0827	-43.29
YDL213C	288	513.9	37.78	10.0	2.2	35.58	0.9653	0.0831	-33.38
YDL214C	86	299.5	38.45	11.5	2.3	36.15	0.9186	0.1299	-33.85
YDL215C	111	969.4	49.02	22.0	2.05	46.96	1.0	0.0703	-44.91
YDL216C	85	582.9	51.84	67.0	2.85	48.99	1.0	0.1058	-46.14
YDL217C	89	651.6	50.81	58.0	4.43	46.38	1.0	0.0892	-41.96
YDL218W	74	424.2	48.3	31.0	5.53	42.77	1.0	0.1191	-37.24
YDL219W	251	640.8	67.56	75.0	17.97	49.59	0.9801	0.1013	-31.63
YDL220C	156	642.4	66.22	63.5	12.52	53.71	0.9936	0.1058	-41.19
YDL221W	11	356.6	14.45	5.0	2.27	12.18	1.0	0.0398	-9.91
YDL222C	19	502.4	47.32	16.0	5.89	41.42	1.0	0.0877	-35.53
YDL223C	32	621.4	58.03	15.5	2.53	55.5	1.0	0.1048	-52.97
YDL224C	147	632.9	43.54	18.0	2.86	40.68	0.9388	0.0932	-37.82
YDL225W	158	800.2	47.84	35.0	2.7	45.15	0.9873	0.0845	-42.45
YDL226C	397	634.9	50.21	18.0	5.4	44.8	0.9899	0.0973	-39.4
YDL227C	753	458.0	49.5	55.0	6.78	42.72	0.9562	0.1142	-35.94
YDL228C	1328	823.3	50.3	40.5	5.25	45.05	0.9511	0.0779	-39.8
YDL229W	1945	1226.9	48.47	21.0	2.39	46.08	0.9378	0.0574	-43.68
YDL230W	31	729.5	52.03	74.0	1.65	50.39	1.0	0.0885	-48.74
YDL231C	258	521.0	44.38	34.0	2.74	41.64	0.9496	0.1002	-38.9
YDL232W	197	424.9	47.59	65.0	2.27	45.31	0.9695	0.1109	-43.04
YDL233W	218	464.3	48.6	68.5	1.85	46.75	0.9908	0.1118	-44.89
YDL234C	492	726.9	46.67	18.0	3.54	43.13	0.998	0.0839	-39.6
YDL235C	420	534.7	49.72	25.5	2.77	46.95	0.9929	0.0985	-44.19
YDL236W	494	679.1	50.29	35.5	3.59	46.7	0.9919	0.0865	-43.11
YDL237W	91	843.9	40.51	13.0	2.15	38.35	1.0	0.0605	-36.2
YDL238C	23	650.5	47.09	10.0	2.39	44.7	1.0	0.066	-42.3
YDL239C	78	700.6	61.72	72.5	8.96	52.76	0.9744	0.0997	-43.79
YDL240C-A	19	415.1	45.26	37.0	4.26	41.0	1.0	0.123	-36.74
YDL240W	47	623.9	51.06	70.0	3.45	47.62	1.0	0.1107	-44.17
YDL241W	326	500.4	45.93	29.0	2.77	43.16	0.9969	0.1006	-40.39
YDL242W	13	656.5	51.92	12.0	1.46	50.46	0.9231	0.0761	-49.0
YDL243C	48	490.3	38.06	12.5	3.06	35.0	0.9792	0.0863	-31.94
YDL244W	51	430.4	47.63	64.0	2.18	45.45	1.0	0.1054	-43.27
YDL245C	38	617.8	85.76	74.0	2.63	83.13	1.0	0.1414	-80.5
YDL246C	61	488.2	46.97	15.0	2.72	44.25	1.0	0.0972	-41.52
YDL247W	50	502.2	85.46	89.5	11.4	74.06	1.0	0.1977	-62.66
YDL247W-A	74	697.2	112.2	89.0	23.42	88.78	1.0	0.1759	-65.36
YDL248W	84	1069.1	85.33	77.0	7.15	78.18	0.9881	0.0923	-71.02
YDR001C	326	727.5	47.58	24.0	1.96	45.62	0.9816	0.0863	-43.66
YDR002W	1892	613.2	45.22	16.0	1.73	43.49	0.9937	0.0793	-41.76
YDR003W	1362	528.5	45.79	17.5	6.06	39.73	0.9963	0.0902	-33.67
YDR003W-A	64	537.0	45.25	17.5	1.06	44.19	1.0	0.0991	-43.12
YDR004W	178	636.1	50.85	44.0	5.97	44.88	0.9888	0.1019	-38.9
YDR005C	260	808.1	59.85	73.5	9.17	50.68	0.9846	0.0943	-41.52
YDR006C	103	874.9	45.19	25.0	2.16	43.04	0.9806	0.0762	-40.88
YDR007W	32	515.3	41.19	12.0	1.72	39.47	1.0	0.0815	-37.75
YDR008C	32	575.7	40.75	11.5	3.44	37.31	1.0	0.0847	-33.88
YDR009W	17	552.2	41.41	13.0	1.29	40.12	1.0	0.0864	-38.82
YDR010C	11	608.8	69.09	82.0	2.36	66.73	1.0	0.1226	-64.36
YDR011W	405	709.9	49.17	53.0	3.2	45.98	0.9975	0.1008	-42.78
YDR012W	1513	901.4	62.31	66.0	3.06	59.25	0.9941	0.0769	-56.19
YDR013W	554	515.3	48.38	17.0	3.42	44.96	0.9856	0.097	-41.54
YDR014W	118	843.3	54.25	66.5	4.08	50.17	1.0	0.0924	-46.09
YDR014W-A	45	371.9	41.53	14.0	6.36	35.18	1.0	0.1162	-28.82
YDR015C	20	412.6	40.75	13.0	1.65	39.1	1.0	0.1056	-37.45
YDR016C	55	461.9	49.53	65.0	1.98	47.55	1.0	0.1108	-45.56
YDR017C	107	651.7	40.32	13.0	3.69	36.63	1.0	0.0722	-32.93
YDR018C	29	446.7	54.55	66.0	1.21	53.34	1.0	0.1258	-52.14
YDR019C	75	691.6	50.48	66.0	4.23	46.25	0.9867	0.099	-42.03
YDR020C	73	734.1	39.77	12.0	1.95	37.82	0.9863	0.0683	-35.88
YDR021W	61	644.1	55.54	73.0	3.87	51.67	0.9836	0.1145	-47.8
YDR022C	53	434.9	54.15	73.0	2.58	51.57	0.9811	0.1346	-48.98
YDR023W	1827	1163.8	49.03	19.0	2.1	46.93	0.9803	0.0548	-44.83
YDR024W	2027	518.9	66.43	64.0	24.64	41.79	0.9936	0.1326	-17.15
YDR025W	1736	480.3	72.35	68.5	29.46	42.88	0.9977	0.1487	-13.42
YDR026C	1593	503.3	75.36	69.0	33.46	41.9	0.9994	0.1528	-8.44
YDR027C	155	689.3	45.21	17.0	2.5	42.7	0.9871	0.1003	-40.2
YDR028C	96	618.1	38.1	9.5	2.79	35.31	0.9792	0.0846	-32.52
YDR029W	26	350.2	39.27	11.5	1.08	38.19	0.9615	0.1065	-37.12
YDR030C	131	444.5	45.51	18.0	3.61	41.9	1.0	0.1199	-38.29
YDR031W	286	619.7	42.55	17.0	4.31	38.24	0.9755	0.0757	-33.92
YDR032C	298	611.3	43.02	16.0	3.53	39.48	0.9832	0.0771	-35.95
YDR033W	2372	989.5	53.84	71.0	3.06	50.78	0.9878	0.0749	-47.73
YDR034C	1331	515.3	52.05	67.0	4.2	47.85	0.994	0.114	-43.66
YDR034C-A	70	339.8	51.53	62.0	4.09	47.44	1.0	0.1431	-43.36
YDR034C-C	37	620.8	59.68	77.0	5.19	54.49	1.0	0.1347	-49.3
YDR034C-D	457	654.4	50.91	33.0	6.68	44.23	0.9759	0.0885	-37.54
YDR034W-B	102	390.3	51.89	68.0	1.92	49.97	1.0	0.1279	-48.05
YDR035W	505	697.8	49.83	25.0	1.97	47.86	0.9941	0.0962	-45.89
YDR036C	243	537.7	44.85	21.0	2.13	42.72	0.9918	0.1133	-40.59
YDR037W	1282	980.5	47.28	20.0	3.06	44.22	0.9844	0.0676	-41.16
YDR038C	773	440.1	40.54	13.0	4.05	36.49	0.9871	0.1012	-32.43
YDR039C	197	471.8	46.26	17.0	2.7	43.57	0.9949	0.1158	-40.87
YDR040C	226	722.3	52.2	58.5	4.09	48.11	1.0	0.097	-44.02
YDR041W	141	611.0	48.06	35.0	2.88	45.18	1.0	0.0824	-42.3
YDR042C	235	479.0	50.2	68.0	2.3	47.9	0.9957	0.1314	-45.6
YDR043C	121	516.7	79.27	70.0	3.02	76.25	0.9917	0.1564	-73.22
YDR044W	360	695.3	54.95	65.5	4.51	50.45	0.9917	0.0886	-45.94
YDR045C	387	475.0	46.18	22.0	3.01	43.18	0.9974	0.106	-40.17
YDR046C	481	855.1	50.01	66.0	2.37	47.65	0.9917	0.0789	-45.28
YDR047W	127	790.5	40.82	14.0	3.17	37.65	0.9921	0.0769	-34.47
YDR048C	57	491.9	41.16	15.0	2.23	38.93	1.0	0.0913	-36.7
YDR049W	1783	354.9	46.4	52.0	3.92	42.49	0.991	0.134	-38.57
YDR050C	6615	681.2	48.4	61.0	2.3	46.1	0.9909	0.08	-43.79
YDR051C	255	652.5	40.2	13.0	1.78	38.42	0.9608	0.0734	-36.64
YDR052C	110	734.1	55.12	62.5	2.1	53.02	0.9909	0.0969	-50.92
YDR053W	71	472.6	50.23	63.0	3.51	46.72	1.0	0.1083	-43.21
YDR054C	88	592.0	44.58	15.5	1.73	42.85	0.9773	0.0885	-41.12
YDR055W	323	774.5	53.29	71.0	3.27	50.03	0.9876	0.09	-46.76
YDR056C	241	529.9	50.84	57.0	2.47	48.37	0.9793	0.1089	-45.89
YDR057W	108	656.3	45.16	25.5	1.85	43.31	0.9815	0.0775	-41.45
YDR058C	101	524.9	53.95	47.0	14.1	39.85	1.0	0.1143	-25.75
YDR059C	50	505.8	68.04	74.0	21.52	46.52	1.0	0.1401	-25.0
YDR060W	152	702.8	43.84	14.5	2.49	41.36	0.9605	0.0895	-38.87
YDR061W	173	616.4	41.31	11.0	1.18	40.13	0.9942	0.0818	-38.94
YDR062W	361	990.9	47.96	31.0	2.05	45.91	0.9806	0.0728	-43.86
YDR063W	235	471.1	46.81	17.0	2.14	44.67	0.9787	0.1081	-42.53
YDR064W	3951	540.3	62.99	47.0	25.36	37.63	0.9985	0.1163	-12.28
YDR065W	3909	524.6	62.33	46.0	25.8	36.53	0.9992	0.1169	-10.74
YDR066C	86	606.5	54.57	69.5	6.47	48.1	1.0	0.1006	-41.64
YDR067C	85	600.1	53.39	72.0	3.73	49.66	1.0	0.0989	-45.93
YDR068W	82	724.8	44.34	20.5	1.83	42.51	0.9878	0.0707	-40.68
YDR069C	57	646.8	43.77	11.0	1.4	42.37	0.9825	0.0822	-40.96
YDR070C	483	509.1	48.35	43.0	20.78	27.57	0.9752	0.0925	-6.79
YDR071C	1064	601.3	42.74	12.0	2.36	40.38	0.968	0.0746	-38.02
YDR072C	328	716.1	53.62	40.5	2.87	50.75	0.9909	0.0897	-47.88
YDR073W	221	438.0	38.95	15.0	2.59	36.35	0.9864	0.0933	-33.76
YDR074W	282	933.8	49.18	56.0	3.57	45.61	0.9787	0.0872	-42.04
YDR075W	168	604.9	52.78	65.5	2.55	50.23	0.994	0.108	-47.68
YDR076W	52	606.6	49.38	43.5	1.08	48.31	1.0	0.1008	-47.23
YDR077W	2036	793.9	58.11	75.0	3.59	54.52	0.9956	0.0944	-50.92
YDR078C	1259	483.8	54.45	71.0	4.61	49.84	0.9968	0.1217	-45.23
YDR079C-A	109	439.2	41.6	15.0	2.04	39.56	0.9908	0.0975	-37.52
YDR079W	114	438.7	40.11	15.0	1.42	38.69	0.9825	0.0915	-37.27
YDR080W	205	732.0	39.84	13.0	1.56	38.29	0.9805	0.0722	-36.73
YDR081C	78	887.7	65.35	45.0	1.13	64.22	0.9744	0.0886	-63.09
YDR082W	34	906.4	55.85	73.0	1.0	54.85	1.0	0.0796	-53.85
YDR083W	164	659.0	43.05	14.5	2.03	41.02	0.9695	0.0742	-38.99
YDR084C	146	537.2	51.64	49.0	7.54	44.1	0.9795	0.1052	-36.56
YDR085C	279	456.2	47.53	19.0	5.24	42.28	0.9964	0.1114	-37.04
YDR086C	1133	469.6	39.62	13.0	2.09	37.53	0.9921	0.084	-35.44
YDR087C	1236	491.8	38.83	12.0	1.98	36.85	0.9943	0.0798	-34.87
YDR088C	77	580.8	71.4	77.0	6.42	64.99	0.987	0.1484	-58.57
YDR089W	115	622.8	59.51	68.0	8.7	50.82	0.9826	0.1273	-42.12
YDR090C	211	597.6	48.84	65.0	3.61	45.23	0.9621	0.1045	-41.62
YDR091C	342	1012.2	50.03	26.5	3.15	46.88	0.9971	0.0702	-43.73
YDR092W	108	539.4	74.53	72.5	35.38	39.15	1.0	0.1363	-3.77
YDR093W	69	709.6	46.19	24.0	2.58	43.61	1.0	0.0976	-41.03
YDR094W	26	415.8	42.58	22.5	1.88	40.69	1.0	0.1354	-38.81
YDR095C	24	459.4	44.58	13.5	8.92	35.67	1.0	0.1056	-26.75
YDR096W	113	862.3	50.47	65.0	2.05	48.42	0.9558	0.0762	-46.36
YDR097C	264	584.4	45.77	18.5	3.36	42.41	0.9924	0.0972	-39.04
YDR098C	397	595.5	47.59	20.0	1.55	46.04	0.9849	0.0871	-44.48
YDR098C-A	64	552.5	85.34	65.5	39.02	46.33	0.9844	0.1681	-7.31
YDR098C-B	1813	671.3	46.92	19.0	2.83	44.09	0.979	0.0808	-41.25
YDR099W	871	866.6	73.4	78.0	20.29	53.11	0.9943	0.0935	-32.81
YDR100W	522	455.3	49.45	34.5	3.36	46.09	0.9885	0.1137	-42.73
YDR101C	393	804.1	49.42	60.0	3.07	46.35	0.9822	0.0787	-43.27
YDR102C	6	306.5	5.33	3.5	0.5	4.83	1.0	0.0192	-4.33
YDR103W	100	755.7	38.43	11.5	1.83	36.6	0.99	0.0622	-34.77
YDR104C	94	547.8	41.99	10.5	2.11	39.88	1.0	0.0815	-37.78
YDR105C	44	877.1	56.8	77.0	2.98	53.82	1.0	0.0902	-50.84
YDR106W	2547	414.5	42.88	15.0	4.83	38.05	0.9819	0.0999	-33.22
YDR107C	3600	434.5	41.68	14.0	3.94	37.74	0.9833	0.0936	-33.8
YDR108W	46	857.6	52.22	11.5	15.52	36.7	1.0	0.089	-21.17
YDR109C	42	606.1	40.57	11.0	3.1	37.48	0.9762	0.0841	-34.38
YDR110W	55	779.4	48.04	12.0	1.91	46.13	1.0	0.0863	-44.22
YDR111C	75	703.4	42.75	10.0	4.08	38.67	0.9867	0.0922	-34.59
YDR113C	58	575.4	36.38	11.0	1.88	34.5	1.0	0.0786	-32.62
YDR114C	122	465.6	41.39	13.5	3.57	37.82	0.9672	0.0894	-34.25
YDR115W	149	464.4	41.17	15.0	1.83	39.35	0.9866	0.0906	-37.52
YDR116C	222	551.9	46.74	27.5	1.8	44.94	1.0	0.0895	-43.14
YDR117C	76	760.4	49.57	28.5	2.12	47.45	0.9868	0.0838	-45.33
YDR118W	38	844.9	50.92	55.0	2.71	48.21	0.9737	0.0828	-45.5
YDR118W-A	10	643.5	51.0	44.5	16.2	34.8	1.0	0.0763	-18.6
YDR119W	234	814.0	50.52	64.0	2.72	47.8	1.0	0.0877	-45.09
YDR119W-A	146	428.3	45.32	23.0	3.64	41.67	0.9932	0.107	-38.03
YDR120C	203	702.9	46.13	21.0	2.53	43.6	0.9951	0.0853	-41.07
YDR121W	7	423.7	58.0	90.0	0.29	57.71	0.8571	0.1473	-57.43
YDR122W	179	628.2	39.95	13.0	2.11	37.84	0.9944	0.0748	-35.74
YDR123C	100	628.0	49.3	68.5	2.12	47.18	0.97	0.1041	-45.06
YDR124W	49	601.5	43.2	15.0	6.35	36.86	0.9796	0.0845	-30.51
YDR125C	47	639.5	60.83	76.0	2.83	58.0	1.0	0.1178	-55.17
YDR126W	76	472.5	45.95	52.5	2.91	43.04	1.0	0.1245	-40.13
YDR127W	436	995.3	50.14	66.0	2.14	48.0	0.9839	0.0807	-45.87
YDR128W	461	530.0	45.24	22.0	2.16	43.08	1.0	0.1041	-40.92
YDR129C	563	969.2	56.53	67.0	6.32	50.21	0.9929	0.079	-43.89
YDR130C	51	687.1	51.04	62.0	1.41	49.63	0.9804	0.0896	-48.22
YDR131C	55	643.0	47.13	66.0	1.75	45.38	0.9636	0.107	-43.64
YDR132C	335	477.6	64.15	73.0	12.76	51.39	0.991	0.1518	-38.63
YDR133C	724	586.6	60.15	74.0	3.92	56.23	0.9834	0.11	-52.31
YDR134C	685	584.5	57.52	73.0	3.94	53.58	0.9854	0.1073	-49.64
YDR135C	429	711.3	49.81	28.0	3.41	46.41	0.9907	0.1001	-43.0
YDR136C	6	421.5	34.67	10.5	2.0	32.67	1.0	0.068	-30.67
YDR137W	110	861.5	46.21	25.5	3.05	43.15	1.0	0.0764	-40.1
YDR138W	174	615.6	40.7	12.0	7.07	33.62	0.9943	0.0936	-26.55
YDR139C	321	434.2	39.24	12.0	6.0	33.24	0.9813	0.0882	-27.24
YDR140W	382	448.5	39.94	13.0	4.37	35.56	0.9634	0.0881	-31.19
YDR141C	152	850.2	43.39	18.5	1.76	41.63	1.0	0.0733	-39.87
YDR142C	65	706.7	43.03	14.0	2.89	40.14	1.0	0.0789	-37.25
YDR143C	90	582.7	50.4	68.0	2.56	47.84	0.9667	0.1107	-45.29
YDR144C	127	882.2	46.59	60.0	1.65	44.94	0.9606	0.074	-43.28
YDR145W	131	796.4	50.05	27.0	2.37	47.68	0.9847	0.0927	-45.31
YDR146C	103	536.6	49.11	60.0	2.58	46.52	0.9903	0.1098	-43.94
YDR147W	121	609.9	43.09	15.0	2.2	40.89	0.9752	0.0861	-38.69
YDR148C	191	806.6	44.92	13.0	2.27	42.65	0.9895	0.0775	-40.39
YDR149C	14	398.0	58.29	74.0	2.5	55.79	1.0	0.1805	-53.29
YDR150W	139	640.7	48.77	58.0	3.1	45.67	1.0	0.1049	-42.57
YDR151C	229	759.7	49.48	38.0	2.35	47.13	0.9956	0.083	-44.78
YDR152W	102	550.4	42.79	16.0	1.49	41.3	1.0	0.0917	-39.81
YDR153C	931	468.6	54.2	65.0	13.82	40.38	0.9979	0.1287	-26.56
YDR154C	2178	569.6	52.0	69.0	2.74	49.25	0.9986	0.0974	-46.51
YDR155C	2125	570.6	49.36	66.0	2.44	46.93	0.9948	0.0918	-44.49
YDR156W	230	554.3	106.3	123.0	1.96	104.35	0.987	0.1857	-102.39
YDR157W	107	516.2	47.16	12.0	3.1	44.06	0.9626	0.0877	-40.95
YDR158W	1879	801.4	49.29	34.0	2.53	46.76	0.9973	0.0836	-44.23
YDR159W	843	408.7	48.75	59.0	2.67	46.08	0.9976	0.1319	-43.42
YDR160W	48	682.5	59.04	21.0	19.29	39.75	0.9583	0.086	-20.46
YDR161W	191	742.5	41.51	14.0	1.76	39.75	1.0	0.0709	-37.99
YDR162C	148	523.5	42.06	15.0	2.39	39.68	1.0	0.0937	-37.29
YDR163W	60	486.7	55.48	34.0	2.98	52.5	1.0	0.1112	-49.52
YDR164C	74	775.6	45.19	22.0	1.53	43.66	0.973	0.0841	-42.14
YDR165W	267	724.8	50.42	43.0	3.71	46.71	0.9963	0.091	-43.0
YDR166C	343	634.4	48.97	57.0	2.48	46.49	0.9913	0.0959	-44.01
YDR167W	91	627.1	46.78	19.0	3.36	43.42	0.978	0.081	-40.05
YDR168W	596	1000.8	45.44	15.0	1.63	43.82	0.9581	0.0586	-42.19
YDR169C	174	553.4	44.76	22.0	3.51	41.25	0.9713	0.091	-37.74
YDR169C-A	10	594.0	55.7	73.0	1.7	54.0	1.0	0.0986	-52.3
YDR170C	572	827.8	49.53	21.0	4.3	45.23	0.9948	0.0827	-40.92
YDR170W-A	64	595.0	75.25	34.5	16.31	58.94	1.0	0.1309	-42.62
YDR171W	1980	796.1	42.74	12.0	3.99	38.76	0.9702	0.0663	-34.77
YDR172W	1103	585.7	46.39	18.0	2.44	43.95	0.9737	0.1019	-41.51
YDR173C	372	480.2	51.99	67.5	3.26	48.72	0.9866	0.118	-45.46
YDR174W	372	762.6	43.28	16.0	2.52	40.76	0.9973	0.0675	-38.24
YDR175C	193	602.9	54.1	66.0	7.11	46.98	1.0	0.1076	-39.87
YDR176W	96	804.3	64.04	58.0	2.24	61.8	0.9792	0.0863	-59.56
YDR177W	411	693.9	47.21	17.0	1.84	45.38	0.9805	0.0727	-43.54
YDR178W	183	567.6	55.4	71.0	10.87	44.53	0.9836	0.0979	-33.66
YDR179C	103	612.7	49.89	53.0	3.77	46.13	0.9903	0.0878	-42.36
YDR179W-A	88	750.1	43.23	21.0	2.57	40.66	1.0	0.0822	-38.09
YDR180W	132	654.6	49.08	64.5	2.44	46.64	0.9924	0.0949	-44.2
YDR181C	81	718.4	54.98	73.0	2.62	52.36	1.0	0.1006	-49.74
YDR182W	96	904.6	55.98	70.0	2.46	53.52	1.0	0.0823	-51.06
YDR182W-A	83	513.9	49.78	67.0	2.0	47.78	1.0	0.1122	-45.78
YDR183C-A	70	689.6	49.46	66.5	1.89	47.57	0.9857	0.0846	-45.69
YDR183W	99	479.7	45.51	32.0	4.07	41.43	1.0	0.1023	-37.36
YDR184C	72	652.4	44.99	26.0	7.22	37.76	1.0	0.0835	-30.54
YDR185C	128	576.7	46.59	33.0	3.28	43.31	0.9922	0.0879	-40.03
YDR186C	122	710.0	54.26	69.5	2.6	51.66	1.0	0.0958	-49.07
YDR188W	275	895.5	45.23	13.0	3.11	42.12	0.9891	0.0692	-39.01
YDR189W	546	631.8	47.81	57.0	2.63	45.17	0.967	0.0922	-42.54
YDR190C	448	868.8	51.76	68.5	2.46	49.3	0.9732	0.0778	-46.83
YDR191W	29	516.5	47.66	60.0	1.07	46.59	0.9655	0.115	-45.52
YDR192C	34	646.7	38.62	12.0	1.65	36.97	1.0	0.0704	-35.32
YDR193W	9	631.7	68.89	25.0	9.22	59.67	1.0	0.1271	-50.44
YDR194C	489	894.0	49.43	17.0	3.46	45.96	0.9918	0.0776	-42.5
YDR194W-A	10	464.2	24.3	8.5	2.7	21.6	0.8	0.086	-18.9
YDR195W	120	737.0	44.79	15.5	1.54	43.25	1.0	0.088	-41.71
YDR196C	119	603.3	57.23	76.0	2.92	54.31	1.0	0.1246	-51.39
YDR197W	111	569.3	49.24	36.0	1.85	47.4	0.982	0.1021	-45.55
YDR198C	93	680.8	48.85	44.0	1.99	46.86	1.0	0.0916	-44.87
YDR199W	38	834.7	47.79	22.5	2.76	45.03	1.0	0.0679	-42.26
YDR200C	66	956.8	39.82	12.0	3.02	36.8	0.9848	0.0575	-33.79
YDR201W	40	546.5	56.08	70.5	6.22	49.85	0.975	0.1116	-43.62
YDR202C	71	702.7	54.3	70.0	2.04	52.25	0.9718	0.0911	-50.21
YDR203W	40	662.4	43.82	16.5	1.12	42.7	0.95	0.0819	-41.58
YDR204W	57	787.4	54.61	72.0	1.07	53.54	0.9825	0.0736	-52.47
YDR205W	62	715.4	41.66	22.0	1.98	39.68	1.0	0.0854	-37.69
YDR206W	108	756.8	49.0	35.5	3.66	45.34	0.9907	0.0943	-41.69
YDR207C	70	676.3	54.73	72.0	3.56	51.17	1.0	0.1129	-47.61
YDR208W	147	708.1	73.11	82.0	1.39	71.72	0.9932	0.124	-70.33
YDR209C	424	515.0	51.64	67.0	2.88	48.77	0.9741	0.1031	-45.89
YDR210C-C	61	622.8	50.51	71.0	2.56	47.95	1.0	0.1042	-45.39
YDR210C-D	3022	673.8	45.67	21.0	2.24	43.43	0.9904	0.0726	-41.19
YDR210W	356	524.7	51.4	68.0	4.38	47.01	0.9691	0.1021	-42.63
YDR210W-A	167	413.5	47.85	64.0	3.63	44.22	0.9641	0.1185	-40.58
YDR210W-B	772	572.2	50.92	60.0	4.97	45.95	0.9793	0.095	-40.98
YDR211W	254	985.8	46.96	25.0	1.46	45.5	0.9882	0.067	-44.04
YDR212W	631	751.0	49.02	23.0	2.14	46.88	0.9952	0.0827	-44.73
YDR213W	96	399.7	41.59	14.0	2.21	39.39	0.9792	0.1357	-37.18
YDR214W	448	856.4	52.34	62.0	1.79	50.55	0.9933	0.078	-48.75
YDR215C	165	436.2	49.1	52.0	2.87	46.23	0.9939	0.1274	-43.36
YDR216W	79	1015.2	48.35	35.0	2.84	45.52	1.0	0.083	-42.68
YDR217C	111	804.6	51.05	70.0	2.9	48.15	0.991	0.0933	-45.25
YDR218C	27	457.7	39.0	12.0	1.44	37.56	1.0	0.0913	-36.11
YDR219C	49	810.5	35.98	10.0	1.41	34.57	0.9184	0.0705	-33.16
YDR221W	62	877.7	50.89	69.0	2.37	48.52	0.9839	0.086	-46.15
YDR222W	149	888.0	58.94	69.0	2.77	56.17	0.9933	0.0835	-53.41
YDR223W	386	310.3	44.27	17.0	2.18	42.09	0.9922	0.1482	-39.9
YDR224C	3105	483.5	43.99	17.0	2.94	41.04	0.9823	0.09	-38.1
YDR225W	4075	597.4	53.52	71.0	3.11	50.41	0.9769	0.0899	-47.3
YDR226W	2658	579.1	40.34	24.0	8.39	31.95	0.9831	0.077	-23.57
YDR227W	376	505.3	51.62	69.5	7.47	44.15	0.992	0.1229	-36.68
YDR228C	135	562.6	41.88	14.0	1.9	39.99	0.9852	0.0906	-38.09
YDR229W	91	514.1	33.62	10.0	1.99	31.63	1.0	0.0809	-29.64
YDR230W	26	578.5	39.12	11.5	1.5	37.62	1.0	0.0771	-36.12
YDR231C	34	477.1	29.59	9.0	2.65	26.94	1.0	0.068	-24.29
YDR232W	338	607.1	50.11	55.5	3.78	46.33	0.9882	0.1002	-42.55
YDR233C	753	803.7	55.8	72.0	4.21	51.59	0.996	0.0843	-47.38
YDR234W	229	885.9	49.34	42.0	2.28	47.07	0.9825	0.0849	-44.79
YDR235W	360	687.5	44.42	16.0	2.8	41.62	0.9972	0.0829	-38.82
YDR236C	161	574.8	45.28	32.0	2.45	42.83	0.9938	0.0846	-40.37
YDR237W	276	587.6	42.38	15.5	2.08	40.3	0.9964	0.0833	-38.22
YDR238C	351	837.5	43.3	17.0	4.08	39.22	0.9858	0.079	-35.14
YDR239C	69	552.5	48.28	59.0	2.54	45.74	1.0	0.1125	-43.2
YDR240C	137	568.2	50.89	54.0	6.31	44.58	0.9927	0.0988	-38.28
YDR241W	91	470.6	60.43	63.0	15.98	44.45	0.989	0.1371	-28.47
YDR242W	126	638.7	57.88	62.0	10.24	47.64	1.0	0.1398	-37.4
YDR243C	63	935.0	61.0	77.0	3.75	57.25	1.0	0.0927	-53.51
YDR244W	48	721.0	50.48	20.0	1.56	48.92	1.0	0.0959	-47.35
YDR245W	199	692.7	50.55	25.0	3.17	47.38	0.9899	0.0862	-44.21
YDR246W	126	444.1	43.21	19.5	2.13	41.09	0.9921	0.1074	-38.96
YDR246W-A	36	578.0	47.47	29.0	6.14	41.33	1.0	0.1068	-35.19
YDR247W	81	599.5	51.9	69.0	2.98	48.93	1.0	0.1051	-45.95
YDR248C	81	540.1	37.9	9.0	1.11	36.79	0.9753	0.0814	-35.68
YDR249C	55	700.5	46.36	28.0	5.51	40.85	1.0	0.0912	-35.35
YDR251W	139	1133.4	63.02	79.0	3.1	59.92	0.9928	0.0914	-56.82
YDR252W	93	547.7	51.46	64.0	3.11	48.35	0.9892	0.1047	-45.25
YDR253C	53	544.0	52.47	70.0	1.42	51.06	1.0	0.1191	-49.64
YDR254W	52	648.7	48.81	65.0	1.52	47.29	1.0	0.1098	-45.77
YDR255C	59	789.1	47.92	26.0	2.68	45.24	0.9831	0.0742	-42.56
YDR256C	75	516.7	47.29	59.0	5.03	42.27	0.9867	0.1093	-37.24
YDR257C	595	531.4	44.51	15.0	3.44	41.07	0.9832	0.0899	-37.62
YDR258C	1082	950.5	45.61	15.0	1.8	43.81	0.9575	0.0675	-42.0
YDR259C	67	383.8	56.18	69.0	3.69	52.49	1.0	0.1756	-48.81
YDR260C	111	516.5	47.62	63.0	3.61	44.01	1.0	0.1001	-40.4
YDR261C	160	705.6	61.88	71.0	15.09	46.79	0.9938	0.1248	-31.69
YDR261C-C	92	657.9	52.93	68.0	4.68	48.25	1.0	0.1173	-43.57
YDR261C-D	2255	983.3	48.18	61.0	2.65	45.53	0.9854	0.0632	-42.87
YDR261W-A	46	451.5	79.72	67.5	3.67	76.04	0.9783	0.1689	-72.37
YDR261W-B	736	747.1	52.68	67.0	4.33	48.34	0.9796	0.0843	-44.01
YDR262W	130	645.4	48.7	37.5	5.49	43.21	0.9923	0.0947	-37.72
YDR263C	117	530.4	56.79	72.0	5.84	50.95	0.9829	0.1206	-45.11
YDR264C	119	914.3	45.7	21.0	2.16	43.54	1.0	0.0778	-41.38
YDR265W	126	602.2	47.87	15.5	2.76	45.11	0.9921	0.1029	-42.35
YDR266C	167	633.3	42.41	14.0	2.99	39.41	0.994	0.0995	-36.42
YDR267C	61	739.1	45.85	13.0	0.8	45.05	0.9836	0.0745	-44.25
YDR268W	23	727.2	44.35	11.0	5.65	38.7	0.9565	0.0992	-33.04
YDR269C	21	381.4	50.48	73.0	1.86	48.62	1.0	0.156	-46.76
YDR270W	21	736.8	43.29	26.0	3.33	39.95	1.0	0.0851	-36.62
YDR271C	12	655.0	80.42	101.0	1.42	79.0	0.9167	0.1119	-77.58
YDR272W	203	776.9	40.37	12.0	1.75	38.63	1.0	0.0582	-36.88
YDR273W	85	481.8	36.48	13.0	7.15	29.33	1.0	0.0764	-22.18
YDR274C	9	352.7	30.22	8.0	0.78	29.44	1.0	0.0868	-28.67
YDR275W	944	496.1	53.48	69.0	3.04	50.44	0.9947	0.1187	-47.39
YDR276C	870	405.4	51.99	68.0	3.96	48.04	0.9793	0.1254	-44.08
YDR277C	138	632.8	38.9	11.0	2.33	36.57	1.0	0.0801	-34.25
YDR278C	16	352.1	71.12	70.5	26.19	44.94	1.0	0.1908	-18.75
YDR279W	84	746.5	80.3	71.0	2.29	78.01	0.9881	0.1188	-75.73
YDR280W	265	702.0	42.02	15.0	2.85	39.17	1.0	0.069	-36.32
YDR281C	103	438.5	38.27	14.0	2.35	35.92	1.0	0.0928	-33.57
YDR282C	85	536.2	41.65	11.0	1.56	40.08	1.0	0.0951	-38.52
YDR283C	95	790.7	46.97	24.0	3.75	43.22	1.0	0.0962	-39.47
YDR284C	175	862.3	56.32	66.0	5.63	50.69	0.9886	0.0759	-45.05
YDR285W	77	593.5	45.58	17.0	2.83	42.75	1.0	0.0912	-39.92
YDR286C	45	485.6	42.73	15.0	3.67	39.07	1.0	0.0865	-35.4
YDR287W	63	608.0	47.78	24.0	3.59	44.19	0.9841	0.0959	-40.6
YDR288W	114	659.7	45.38	17.0	2.16	43.22	1.0	0.0808	-41.06
YDR289C	97	684.1	49.47	18.0	7.1	42.37	1.0	0.0858	-35.27
YDR291W	152	548.2	50.36	66.0	2.04	48.32	0.9868	0.1109	-46.28
YDR292C	295	790.7	53.61	70.0	3.34	50.27	0.9932	0.0981	-46.93
YDR293C	191	1116.1	52.8	65.0	3.38	49.42	1.0	0.0713	-46.05
YDR294C	224	718.5	35.82	11.0	3.03	32.79	0.9911	0.0665	-29.76
YDR295C	63	990.6	51.83	72.0	2.08	49.75	1.0	0.0733	-47.67
YDR296W	101	640.6	47.44	24.0	2.28	45.16	0.9901	0.078	-42.88
YDR297W	433	675.7	48.04	46.0	2.91	45.13	0.9908	0.0973	-42.22
YDR298C	459	676.9	48.34	31.0	3.43	44.91	0.9956	0.0848	-41.48
YDR299W	157	618.3	39.99	14.0	2.45	37.54	0.9745	0.0878	-35.08
YDR300C	167	776.9	43.91	18.0	2.05	41.86	0.976	0.0731	-39.81
YDR301W	81	923.3	49.63	44.0	2.41	47.22	0.9877	0.0663	-44.81
YDR302W	200	531.8	44.6	18.0	2.55	42.04	0.965	0.0907	-39.49
YDR303C	205	719.1	58.16	65.0	13.34	44.82	0.9902	0.0981	-31.48
YDR304C	166	585.6	57.36	66.0	11.42	45.95	0.994	0.1066	-34.53
YDR305C	199	553.9	50.27	54.0	9.63	40.64	0.995	0.0971	-31.02
YDR306C	86	832.2	56.0	68.0	8.74	47.26	0.9884	0.0901	-38.51
YDR307W	224	644.6	39.73	13.0	1.79	37.94	0.9955	0.0762	-36.16
YDR308C	212	499.0	43.14	18.5	2.18	40.95	0.9953	0.0937	-38.77
YDR309C	81	615.0	65.8	74.0	3.62	62.19	1.0	0.1425	-58.57
YDR310C	83	802.9	45.95	15.0	1.39	44.57	0.9759	0.086	-43.18
YDR311W	116	808.1	58.36	76.5	1.53	56.84	0.9914	0.0881	-55.31
YDR312W	76	528.5	44.92	12.5	1.28	43.64	0.9605	0.0948	-42.37
YDR313C	69	520.9	35.59	10.0	2.74	32.86	0.971	0.0923	-30.12
YDR314C	45	677.2	42.73	19.0	5.33	37.4	0.9778	0.0874	-32.07
YDR315C	48	709.2	54.4	68.5	1.73	52.67	1.0	0.0819	-50.94
YDR316W	114	609.1	65.96	70.5	6.68	59.27	1.0	0.1195	-52.59
YDR316W-A	111	646.9	55.81	66.0	5.64	50.17	0.991	0.1036	-44.53
YDR316W-B	1967	1095.6	60.19	67.0	3.15	57.03	0.9863	0.0669	-53.88
YDR317W	273	475.2	56.06	67.0	4.41	51.65	0.9853	0.1134	-47.23
YDR318W	146	696.8	51.09	61.0	6.9	44.18	0.9795	0.089	-37.28
YDR319C	127	587.1	51.06	63.0	8.45	42.61	0.9764	0.1039	-34.17
YDR320C	148	547.4	66.49	75.5	1.63	64.86	1.0	0.1395	-63.23
YDR320C-A	86	324.4	49.37	65.0	1.35	48.02	1.0	0.1451	-46.67
YDR320W-B	108	322.4	51.45	70.5	1.36	50.09	0.9907	0.1483	-48.73
YDR321W	486	693.6	45.47	22.0	2.28	43.19	0.9938	0.0882	-40.92
YDR322C-A	428	473.5	42.17	13.0	3.05	39.12	0.9673	0.091	-36.07
YDR322W	604	479.8	38.59	10.0	2.14	36.44	0.9702	0.0851	-34.3
YDR323C	607	487.8	40.68	11.0	3.65	37.03	0.9654	0.0859	-33.38
YDR324C	287	761.0	46.15	24.0	1.95	44.2	0.9721	0.0821	-42.25
YDR325W	118	752.0	46.27	24.0	3.53	42.74	1.0	0.0792	-39.2
YDR326C	232	709.6	51.66	18.5	13.25	38.41	0.9914	0.0904	-25.16
YDR327W	182	560.4	52.44	64.0	5.12	47.32	0.9945	0.1035	-42.21
YDR328C	181	603.3	50.82	67.0	1.48	49.34	0.9945	0.0873	-47.86
YDR329C	183	883.0	59.14	54.0	2.45	56.69	0.9945	0.0735	-54.24
YDR330W	58	870.1	49.34	44.0	2.86	46.48	1.0	0.0786	-43.62
YDR331W	108	689.7	51.71	18.5	8.07	43.64	0.9722	0.0881	-35.56
YDR332W	126	537.3	51.33	72.5	2.98	48.35	1.0	0.1165	-45.37
YDR333C	126	751.4	44.71	17.0	2.0	42.71	1.0	0.0929	-40.71
YDR334W	86	672.3	48.2	22.5	6.26	41.94	0.9884	0.0985	-35.69
YDR335W	92	651.3	39.29	9.5	2.1	37.2	0.9891	0.0941	-35.1
YDR336W	131	665.3	35.12	8.0	1.99	33.13	0.9847	0.0613	-31.14
YDR337W	137	545.8	45.96	31.0	3.28	42.68	1.0	0.0997	-39.39
YDR338C	182	522.3	47.87	52.0	5.96	41.91	0.9835	0.1027	-35.96
YDR339C	193	572.8	51.06	70.0	2.37	48.68	0.9948	0.1	-46.31
YDR340W	240	366.5	48.55	51.0	2.77	45.78	1.0	0.1351	-43.01
YDR341C	1185	778.0	53.89	71.0	3.52	50.37	0.9966	0.1074	-46.85
YDR342C	2120	1084.0	56.96	73.0	3.66	53.29	0.9943	0.0756	-49.63
YDR343C	477	924.8	58.15	68.0	3.92	54.23	0.9853	0.0843	-50.31
YDR344C	906	382.1	46.83	59.0	3.8	43.04	0.9967	0.1239	-39.24
YDR345C	2449	892.8	51.38	68.0	3.61	47.78	0.9939	0.0804	-44.17
YDR346C	937	603.9	47.08	37.0	2.62	44.46	0.9872	0.0977	-41.84
YDR347W	134	711.2	48.07	22.0	4.03	44.04	0.9925	0.0824	-40.01
YDR348C	140	433.6	45.99	18.0	1.64	44.34	1.0	0.1313	-42.7
YDR349C	264	674.8	54.07	66.0	3.11	50.96	0.9924	0.1224	-47.85
YDR350C	154	781.0	54.49	53.5	10.89	43.6	0.987	0.0982	-32.71
YDR351W	184	886.3	52.12	71.5	2.38	49.74	0.9783	0.083	-47.36
YDR352W	187	664.2	51.39	70.0	2.07	49.32	1.0	0.1041	-47.25
YDR353W	875	772.9	51.78	66.0	2.06	49.72	0.9874	0.0788	-47.66
YDR354C-A	124	641.5	44.03	17.5	2.81	41.22	0.9919	0.1009	-38.4
YDR354W	385	495.7	47.06	25.0	3.59	43.47	0.9948	0.1034	-39.88
YDR355C	66	472.8	47.26	61.5	3.3	43.95	1.0	0.1102	-40.65
YDR356W	210	568.1	45.65	24.5	1.93	43.71	0.9714	0.0978	-41.78
YDR357C	114	502.8	40.91	13.0	3.33	37.58	0.9649	0.0875	-34.25
YDR358W	138	632.6	44.91	37.0	1.44	43.47	0.9928	0.0866	-42.03
YDR359C	138	440.8	45.68	65.5	2.91	42.78	0.9855	0.1164	-39.87
YDR360W	119	428.9	44.96	25.0	4.85	40.11	0.9916	0.1058	-35.26
YDR361C	278	752.3	49.92	63.0	2.41	47.51	0.9892	0.0807	-45.1
YDR362C	63	832.0	44.24	62.0	1.52	42.71	0.9683	0.0658	-41.19
YDR363W	66	810.0	46.3	20.0	1.32	44.98	0.9848	0.0709	-43.67
YDR363W-A	442	437.0	46.14	34.0	1.59	44.55	0.991	0.1085	-42.96
YDR364C	533	479.8	44.5	20.0	1.38	43.12	0.9962	0.1016	-41.74
YDR365C	113	616.3	50.04	35.0	2.99	47.05	1.0	0.1142	-44.06
YDR365W-A	45	744.3	61.96	77.0	2.78	59.18	0.9333	0.1191	-56.4
YDR365W-B	2374	1531.5	52.74	64.0	3.23	49.5	0.9798	0.045	-46.27
YDR366C	806	739.7	56.84	66.0	10.33	46.51	0.9851	0.0809	-36.18
YDR367W	321	515.2	54.37	65.0	9.17	45.2	0.9844	0.1009	-36.02
YDR368W	298	724.8	52.57	64.5	7.69	44.88	0.9899	0.0861	-37.18
YDR369C	191	632.8	53.78	70.0	5.9	47.88	0.9843	0.099	-41.98
YDR370C	76	878.0	45.97	31.0	2.32	43.66	0.9868	0.0639	-41.34
YDR371C-A	12	421.8	51.08	69.5	0.83	50.25	1.0	0.1164	-49.42
YDR371W	299	625.8	45.81	17.0	2.09	43.72	0.99	0.092	-41.63
YDR372C	563	919.5	47.98	19.0	1.78	46.2	0.9929	0.0703	-44.42
YDR373W	181	590.4	42.71	24.0	1.67	41.03	0.9337	0.0835	-39.36
YDR374C	267	540.6	35.34	9.0	2.83	32.52	0.9401	0.0718	-29.69
YDR374W-A	76	417.9	31.64	12.5	3.22	28.42	1.0	0.0848	-25.2
YDR375C	90	590.6	40.43	14.5	2.36	38.08	0.9889	0.0848	-35.72
YDR376W	545	624.4	43.09	17.0	1.96	41.13	0.9927	0.0711	-39.17
YDR377W	824	534.8	45.09	19.0	2.22	42.87	0.9951	0.0873	-40.64
YDR378C	936	546.9	44.82	19.0	2.09	42.73	0.9968	0.0864	-40.63
YDR379C-A	164	451.4	47.4	57.5	2.53	44.87	1.0	0.108	-42.34
YDR379W	281	502.8	42.51	12.0	2.18	40.33	0.9858	0.097	-38.15
YDR380W	572	936.3	58.41	73.0	2.24	56.17	0.9965	0.0914	-53.92
YDR381C-A	1281	538.2	112.6	118.0	39.7	72.9	0.9914	0.188	-33.2
YDR381W	1665	673.1	184.66	94.0	141.8	42.85	0.9976	0.2332	98.95
YDR382W	4181	489.4	50.55	63.0	2.43	48.12	0.9967	0.1065	-45.68
YDR383C	4267	488.0	51.76	67.0	2.31	49.44	0.9984	0.11	-47.13
YDR384C	82	658.6	53.63	69.0	4.33	49.3	1.0	0.0882	-44.98
YDR385W	3166	1104.8	55.76	57.0	3.06	52.7	0.9918	0.0711	-49.64
YDR386W	1347	505.3	50.6	64.0	3.58	47.02	0.9941	0.1121	-43.44
YDR387C	60	725.2	43.78	14.5	3.52	40.27	0.9833	0.0855	-36.75
YDR388W	194	892.7	58.25	74.0	3.27	54.98	0.9948	0.0874	-51.72
YDR389W	94	547.4	43.51	12.5	2.09	41.43	0.9894	0.1043	-39.34
YDR390C	144	548.7	47.22	57.0	2.92	44.3	0.9931	0.1116	-41.38
YDR391C	188	675.0	52.78	71.5	1.78	50.99	0.9947	0.0835	-49.21
YDR392W	88	584.8	44.99	24.5	2.86	42.12	0.9773	0.0971	-39.26
YDR393W	101	587.1	50.76	64.0	2.75	48.01	1.0	0.0971	-45.26
YDR394W	222	850.4	50.31	62.5	2.3	48.01	0.9955	0.0781	-45.71
YDR395W	361	788.8	54.5	68.0	7.02	47.48	0.9861	0.0992	-40.47
YDR396W	208	482.9	46.07	15.0	11.0	35.08	0.9952	0.1064	-24.08
YDR397C	226	501.4	48.12	16.0	14.36	33.76	1.0	0.0933	-19.39
YDR398W	47	495.3	30.04	7.0	2.09	27.96	0.8085	0.0825	-25.87
YDR399W	1171	703.6	51.16	62.0	3.31	47.85	0.9983	0.0799	-44.54
YDR400W	714	627.4	56.74	66.0	10.94	45.8	0.9986	0.1026	-34.86
YDR401W	60	544.1	52.67	69.0	4.2	48.47	0.9667	0.1041	-44.27
YDR402C	63	590.9	46.79	27.0	4.13	42.67	1.0	0.0881	-38.54
YDR403W	121	567.0	53.69	66.0	14.41	39.27	0.9917	0.1054	-24.86
YDR404C	145	627.3	43.22	19.0	2.83	40.39	0.9793	0.0767	-37.57
YDR405W	36	594.7	46.89	48.0	1.69	45.19	0.9722	0.0898	-43.5
YDR406W	109	644.4	52.6	66.0	2.77	49.83	0.9908	0.0999	-47.06
YDR406W-A	42	518.7	53.93	71.0	3.79	50.14	1.0	0.1182	-46.36
YDR407C	229	665.5	51.03	45.0	5.82	45.21	0.9869	0.0937	-39.39
YDR408C	137	555.8	45.5	19.0	2.31	43.19	1.0	0.0923	-40.88
YDR409W	159	645.9	44.33	19.0	4.79	39.54	0.9623	0.0817	-34.75
YDR410C	135	573.5	46.57	17.0	6.29	40.28	1.0	0.0845	-33.99
YDR411C	71	807.8	59.54	55.0	4.0	55.54	1.0	0.0893	-51.54
YDR412W	85	400.1	46.58	43.0	1.05	45.53	0.9765	0.1286	-44.48
YDR413C	71	479.9	43.87	17.0	2.2	41.68	0.9859	0.1016	-39.48
YDR414C	148	572.9	50.47	66.0	2.23	48.24	0.9932	0.1106	-46.01
YDR415C	95	849.8	52.2	67.0	4.06	48.14	1.0	0.0825	-44.07
YDR416W	110	699.3	113.05	104.0	2.0	111.05	0.9909	0.1888	-109.05
YDR417C	3034	519.7	48.43	35.0	1.9	46.53	0.9858	0.1002	-44.62
YDR418W	2901	522.0	47.42	25.0	1.73	45.68	0.9869	0.0966	-43.95
YDR419W	94	688.5	44.45	16.0	3.97	40.48	0.9787	0.0844	-36.51
YDR420W	104	698.1	48.79	64.0	2.53	46.26	0.9712	0.1058	-43.73
YDR421W	123	674.0	50.87	61.0	3.56	47.31	0.9919	0.0967	-43.75
YDR422C	64	689.2	48.28	54.0	4.72	43.56	1.0	0.1	-38.84
YDR423C	203	433.2	86.34	79.0	47.94	38.4	1.0	0.2235	9.54
YDR424C	207	357.9	91.39	82.0	49.47	41.92	1.0	0.2479	7.55
YDR425W	307	451.8	82.56	78.0	41.68	40.87	1.0	0.2115	0.81
YDR426C	51	605.1	60.98	74.0	3.84	57.14	0.9804	0.108	-53.29
YDR427W	587	827.6	45.33	16.0	2.17	43.16	0.971	0.0663	-40.99
YDR428C	878	565.1	43.81	16.5	4.08	39.73	0.9806	0.0853	-35.64
YDR429C	824	661.5	44.6	14.0	2.39	42.21	0.9903	0.0771	-39.83
YDR430C	136	829.9	117.77	139.0	1.75	116.02	0.9926	0.1525	-114.27
YDR431W	5	376.6	21.2	6.0	1.8	19.4	1.0	0.0541	-17.6
YDR432W	245	488.3	36.29	10.0	1.67	34.61	1.0	0.0939	-32.94
YDR433W	228	502.2	35.0	10.0	1.62	33.38	0.9956	0.0854	-31.75
YDR434W	247	804.5	45.61	14.0	4.86	40.75	0.9879	0.0751	-35.89
YDR435C	139	615.9	47.68	18.0	3.09	44.59	1.0	0.0865	-41.5
YDR436W	51	809.2	51.73	65.0	0.84	50.88	1.0	0.1058	-50.04
YDR437W	36	428.5	41.72	14.5	3.67	38.06	1.0	0.0993	-34.39
YDR438W	39	848.5	41.59	38.0	1.9	39.69	1.0	0.0713	-37.79
YDR439W	48	769.1	63.92	72.0	14.77	49.15	1.0	0.0817	-34.38
YDR440W	82	679.7	52.22	68.5	2.57	49.65	0.9878	0.0994	-47.07
YDR441C	87	595.5	54.34	69.0	4.06	50.29	1.0	0.1178	-46.23
YDR442W	19	567.1	54.63	15.0	1.84	52.79	0.9474	0.0932	-50.95
YDR443C	24	812.4	48.5	53.5	4.75	43.75	1.0	0.1324	-39.0
YDR444W	26	606.8	45.46	36.5	3.54	41.92	1.0	0.0994	-38.38
YDR445C	29	439.6	38.24	9.0	1.55	36.69	0.9655	0.0959	-35.14
YDR446W	6560	528.2	50.77	28.0	11.8	38.97	0.9994	0.0957	-27.17
YDR447C	6464	527.0	50.85	28.0	11.89	38.95	0.9997	0.0963	-27.06
YDR448W	97	484.8	48.31	56.0	2.23	46.08	0.9691	0.1201	-43.86
YDR449C	115	832.5	48.88	67.0	2.53	46.35	0.9826	0.0761	-43.82
YDR450W	3858	503.3	72.8	63.0	35.38	37.42	0.9948	0.1375	-2.04
YDR451C	4046	504.6	73.02	64.0	35.29	37.73	0.9941	0.1379	-2.44
YDR452W	249	654.9	45.92	52.0	1.82	44.11	0.9799	0.0893	-42.29
YDR453C	321	416.7	41.39	15.0	2.21	39.18	0.9938	0.102	-36.98
YDR454C	533	582.4	41.35	12.0	1.89	39.45	0.9981	0.0762	-37.56
YDR455C	7	568.4	63.43	81.0	4.14	59.29	0.8571	0.1464	-55.14
YDR456W	73	974.7	55.21	73.0	1.97	53.23	0.9863	0.0729	-51.26
YDR457W	292	778.9	48.43	62.0	2.04	46.39	0.9932	0.0856	-44.35
YDR458C	209	584.0	47.33	22.0	2.54	44.79	1.0	0.0989	-42.25
YDR459C	29	569.9	42.34	28.0	1.72	40.62	1.0	0.1125	-38.9
YDR460W	35	601.3	44.71	15.0	1.4	43.31	1.0	0.0823	-41.91
YDR461C-A	41	450.1	39.44	13.0	2.22	37.22	1.0	0.1016	-35.0
YDR461W	22	484.8	36.59	15.0	1.36	35.23	0.9545	0.0853	-33.86
YDR462W	35	503.3	57.94	74.0	1.2	56.74	1.0	0.1234	-55.54
YDR463W	107	658.2	47.77	57.0	2.4	45.36	1.0	0.0955	-42.96
YDR464C-A	90	378.2	36.42	10.5	3.43	32.99	0.9333	0.107	-29.56
YDR464W	207	471.5	43.35	18.0	1.63	41.72	0.9758	0.1025	-40.09
YDR465C	208	795.2	44.8	18.5	1.87	42.94	0.9663	0.0708	-41.07
YDR466W	101	621.2	49.01	66.0	2.26	46.75	0.9901	0.1041	-44.5
YDR467C	91	605.1	51.59	72.0	3.19	48.41	0.989	0.0941	-45.22
YDR468C	140	516.7	52.37	63.5	1.92	50.45	0.9929	0.1102	-48.53
YDR469W	155	620.2	60.91	71.0	1.49	59.42	0.9935	0.0957	-57.93
YDR470C	130	652.3	48.98	63.5	1.51	47.48	0.9923	0.0899	-45.97
YDR471W	7801	533.8	78.7	66.0	37.78	40.93	0.9972	0.1432	-3.15
YDR472W	640	348.6	46.35	61.0	2.42	43.94	0.9828	0.1415	-41.52
YDR473C	75	535.8	45.2	13.0	3.65	41.55	0.9867	0.1011	-37.89
YDR475C	181	719.7	57.75	61.0	13.55	44.2	0.9945	0.0985	-30.66
YDR476C	79	728.5	50.77	70.0	1.52	49.25	1.0	0.0837	-47.73
YDR477W	169	727.2	46.61	19.0	1.53	45.08	0.9941	0.0903	-43.56
YDR478W	158	497.0	46.04	20.0	2.28	43.77	1.0	0.0999	-41.49
YDR479C	89	621.0	45.71	57.0	1.74	43.97	1.0	0.1007	-42.22
YDR480W	227	489.2	55.58	71.0	3.62	51.96	0.978	0.1312	-48.34
YDR481C	357	850.1	58.15	71.0	2.94	55.2	0.9944	0.0957	-52.26
YDR482C	17	398.5	52.71	68.0	1.12	51.59	0.9412	0.1567	-50.47
YDR483W	378	830.5	50.18	61.0	4.39	45.79	0.9815	0.0798	-41.39
YDR484W	293	523.4	44.47	25.0	2.11	42.37	0.9966	0.102	-40.26
YDR485C	90	668.8	42.01	14.5	2.28	39.73	0.9556	0.0821	-37.46
YDR486C	197	557.8	53.71	70.0	3.84	49.87	0.9949	0.1076	-46.04
YDR487C	122	637.2	64.41	80.0	1.57	62.84	1.0	0.1155	-61.28
YDR488C	126	654.6	51.64	40.0	4.71	46.93	1.0	0.088	-42.21
YDR489W	28	595.1	39.61	19.5	1.18	38.43	1.0	0.073	-37.25
YDR490C	43	874.2	44.21	21.0	2.16	42.05	0.9767	0.0884	-39.88
YDR491C	124	668.6	48.4	60.0	2.25	46.15	0.9919	0.0957	-43.9
YDR492W	169	600.7	49.57	69.0	2.69	46.88	1.0	0.1036	-44.19
YDR493W	144	409.8	47.92	35.0	3.97	43.95	1.0	0.1234	-39.99
YDR494W	214	664.9	43.54	14.5	2.37	41.17	0.9626	0.0863	-38.79
YDR495C	314	562.2	50.94	68.0	2.96	47.98	1.0	0.1105	-45.03
YDR496C	625	774.4	46.69	30.0	2.15	44.54	0.9904	0.0847	-42.38
YDR497C	407	974.3	49.41	59.0	4.22	45.19	0.9951	0.0694	-40.97
YDR498C	28	869.1	57.57	77.5	1.43	56.14	1.0	0.076	-54.71
YDR499W	2941	374.1	51.04	27.0	13.94	37.09	0.9963	0.1297	-23.15
YDR500C	3101	371.1	50.98	26.0	14.04	36.94	0.9974	0.13	-22.9
YDR501W	388	459.2	46.76	40.5	3.05	43.71	0.9974	0.1158	-40.65
YDR502C	733	809.5	48.78	53.0	2.35	46.44	0.9973	0.0916	-44.09
YDR503C	103	615.4	50.83	14.0	2.25	48.58	0.9903	0.0869	-46.33
YDR504C	82	681.1	58.28	76.5	3.44	54.84	0.9878	0.0971	-51.4
YDR505C	117	964.2	56.21	71.0	1.91	54.29	1.0	0.083	-52.38
YDR506C	29	486.7	48.45	68.0	2.48	45.97	0.9655	0.1434	-43.48
YDR507C	179	613.1	47.15	24.0	2.64	44.51	0.9832	0.0876	-41.87
YDR508C	169	971.2	49.53	19.0	3.1	46.43	0.9586	0.0686	-43.33
YDR509W	11	380.8	41.64	18.0	0.18	41.45	1.0	0.1012	-41.27
YDR510C-A	219	446.7	39.91	12.0	2.17	37.74	1.0	0.0847	-35.58
YDR510W	141	431.3	39.35	11.0	2.54	36.82	0.9787	0.0967	-34.28
YDR511W	216	435.4	43.16	12.0	1.93	41.23	0.9815	0.0941	-39.3
YDR512C	291	442.5	42.15	12.0	2.78	39.37	0.9931	0.0944	-36.59
YDR513W	274	461.9	44.56	19.0	2.64	41.92	0.9964	0.0987	-39.27
YDR514C	225	477.9	42.17	17.0	2.02	40.15	0.9911	0.0903	-38.13
YDR515W	192	660.9	48.58	38.0	3.44	45.15	0.9792	0.0948	-41.71
YDR516C	302	899.3	53.07	67.5	4.0	49.07	0.9834	0.0812	-45.08
YDR517W	95	777.9	39.76	14.0	3.11	36.65	0.9789	0.0772	-33.55
YDR518W	329	639.4	45.39	20.0	2.55	42.84	0.9787	0.0837	-40.29
YDR519W	212	519.4	46.34	20.0	3.28	43.06	0.9811	0.0982	-39.78
YDR520C	252	568.3	47.38	23.0	2.11	45.27	0.9921	0.0926	-43.16
YDR522C	8	587.1	43.75	47.5	2.25	41.5	1.0	0.083	-39.25
YDR523C	36	466.4	57.72	77.5	2.94	54.78	1.0	0.1424	-51.83
YDR524C	3529	514.1	50.97	67.0	2.94	48.03	0.9912	0.1005	-45.1
YDR524C-A	3551	508.7	52.07	70.0	2.69	49.39	0.9938	0.1038	-46.7
YDR524C-B	3521	510.9	51.17	69.0	2.83	48.34	0.9926	0.1003	-45.52
YDR524W-C	3732	512.1	50.97	69.0	2.79	48.18	0.9914	0.1002	-45.39
YDR525W	3801	507.3	51.08	68.0	3.09	47.99	0.9924	0.1017	-44.9
YDR525W-A	23	348.6	78.26	22.0	3.09	75.17	0.9565	0.1802	-72.09
YDR526C	71	689.1	46.85	19.0	3.21	43.63	0.9718	0.0849	-40.42
YDR527W	191	506.9	43.2	16.0	1.99	41.2	0.9948	0.0928	-39.21
YDR528W	473	570.8	44.87	19.0	2.34	42.53	0.9767	0.0827	-40.2
YDR529C	405	547.2	44.39	18.0	2.1	42.29	0.9654	0.0856	-40.18
YDR530C	414	581.0	42.24	12.5	1.38	40.86	0.9807	0.08	-39.49
YDR531W	216	804.8	49.97	65.0	2.87	47.1	0.9907	0.0816	-44.24
YDR532C	171	586.3	48.67	60.0	3.0	45.67	0.9883	0.1051	-42.67
YDR533C	340	652.6	46.2	25.5	2.56	43.64	0.9824	0.0788	-41.09
YDR534C	16	469.5	45.94	67.0	0.81	45.12	1.0	0.1237	-44.31
YDR536W	19	577.1	68.47	84.0	0.63	67.84	0.9474	0.1368	-67.21
YDR537C	26	684.7	49.23	47.5	1.85	47.38	1.0	0.0834	-45.54
YDR538W	33	654.2	37.21	13.0	2.3	34.91	1.0	0.0687	-32.61
YDR539W	248	682.9	85.48	73.5	17.84	67.63	0.9839	0.1431	-49.79
YDR540C	109	608.4	111.44	81.0	2.16	109.28	1.0	0.1762	-107.13
YDR541C	88	585.0	86.44	70.0	10.38	76.07	1.0	0.1408	-65.69
YDR545C-A	21	597.1	35.86	11.0	1.38	34.48	1.0	0.0724	-33.1
YDR545W	53	528.9	37.28	13.0	0.98	36.3	1.0	0.0802	-35.32
YEL001C	315	576.9	50.09	27.0	5.79	44.29	0.981	0.0949	-38.5
YEL002C	807	694.8	51.48	36.0	6.52	44.96	0.9975	0.09	-38.43
YEL003W	363	482.5	57.75	66.0	10.09	47.67	0.9972	0.1198	-37.58
YEL004W	279	458.0	54.68	41.0	11.39	43.3	0.9964	0.1307	-31.91
YEL005C	80	472.7	36.45	10.0	2.28	34.17	0.975	0.09	-31.9
YEL006W	164	673.8	48.89	66.0	2.02	46.87	0.9878	0.1034	-44.85
YEL007W	103	814.2	64.4	77.0	6.85	57.54	0.9903	0.1118	-50.69
YEL008C-A	34	442.4	53.41	63.5	1.85	51.56	1.0	0.1197	-49.71
YEL008W	47	451.7	41.85	13.0	2.66	39.19	0.9787	0.089	-36.53
YEL009C	2183	801.6	48.14	40.0	3.44	44.7	0.9899	0.0799	-41.26
YEL009C-A	20	486.1	113.05	76.5	9.9	103.15	1.0	0.2044	-93.25
YEL010W	23	309.2	36.3	9.0	9.78	26.52	1.0	0.1277	-16.74
YEL011W	179	605.6	41.95	14.0	4.15	37.8	0.9497	0.0903	-33.66
YEL012W	57	531.9	73.26	71.0	23.39	49.88	1.0	0.1403	-26.49
YEL013W	359	654.7	48.84	63.0	2.55	46.28	0.9916	0.0927	-43.73
YEL014C	45	481.6	52.84	73.0	3.4	49.44	0.9778	0.1282	-46.04
YEL015W	69	975.0	43.99	15.0	3.17	40.81	0.9855	0.0663	-37.64
YEL016C	36	778.2	38.5	17.0	2.33	36.17	1.0	0.0639	-33.83
YEL017C-A	974	479.0	50.14	67.0	2.74	47.4	0.9979	0.1137	-44.66
YEL017W	58	602.4	42.98	18.5	2.9	40.09	0.9828	0.0894	-37.19
YEL018C-A	957	465.7	51.4	69.0	3.26	48.14	0.9979	0.1206	-44.88
YEL018W	1032	476.9	51.57	68.0	3.11	48.46	0.999	0.1164	-45.36
YEL020C	409	486.0	45.57	18.0	1.97	43.6	0.9878	0.0945	-41.63
YEL020C-B	707	426.2	43.34	16.0	2.14	41.21	0.9873	0.1027	-39.07
YEL020W-A	762	430.8	42.27	16.0	1.91	40.36	0.9869	0.0963	-38.45
YEL021W	469	436.2	40.14	12.0	1.47	38.67	0.9829	0.095	-37.2
YEL022W	139	830.4	54.88	71.0	2.26	52.62	1.0	0.0865	-50.36
YEL023C	192	580.1	45.94	19.0	6.76	39.19	0.9896	0.0846	-32.43
YEL024W	445	932.9	48.21	34.0	2.3	45.91	0.9933	0.0571	-43.61
YEL025C	1007	489.4	49.37	64.0	1.91	47.46	0.997	0.1092	-45.55
YEL026W	1556	417.3	45.32	22.0	2.38	42.94	0.9936	0.1128	-40.56
YEL027W	2519	671.9	48.49	64.0	2.73	45.75	0.9917	0.079	-43.02
YEL028W	67	569.2	46.43	22.0	4.1	42.33	1.0	0.0833	-38.22
YEL029C	192	787.8	49.35	33.0	3.61	45.74	0.9896	0.0738	-42.14
YEL030C-A	102	339.1	47.04	58.0	2.76	44.27	1.0	0.1407	-41.51
YEL030W	197	468.4	47.66	37.0	3.45	44.22	0.9949	0.1134	-40.77
YEL031W	451	855.7	49.1	66.0	2.89	46.22	0.9845	0.0813	-43.33
YEL032C-A	58	278.6	44.6	35.5	2.5	42.1	1.0	0.1523	-39.6
YEL032W	191	502.6	48.98	64.0	3.47	45.51	0.9895	0.1209	-42.05
YEL033W	913	652.8	48.62	21.0	2.33	46.29	0.9945	0.0754	-43.96
YEL034C-A	953	649.1	50.02	33.0	3.26	46.76	0.9969	0.0787	-43.5
YEL034W	932	642.5	50.05	28.5	3.2	46.85	0.9893	0.0801	-43.65
YEL035C	902	648.0	50.62	38.5	2.93	47.68	0.9978	0.0796	-44.75
YEL036C	109	777.6	42.07	15.0	1.5	40.58	1.0	0.0755	-39.08
YEL037C	239	539.3	38.69	13.0	2.12	36.58	0.9707	0.0892	-34.46
YEL038W	184	481.7	42.9	15.0	1.75	41.15	0.9674	0.0974	-39.4
YEL039C	422	454.3	46.19	25.0	4.28	41.91	0.9834	0.1109	-37.62
YEL040W	869	883.3	48.64	65.0	3.23	45.41	0.9724	0.078	-42.18
YEL041W	172	400.8	44.83	41.0	5.1	39.73	0.9709	0.1218	-34.62
YEL042W	359	762.8	47.34	59.0	2.8	44.55	0.9805	0.0869	-41.75
YEL043W	211	519.5	41.2	15.0	2.37	38.82	0.9716	0.0878	-36.45
YEL044W	174	478.1	43.18	17.0	1.94	41.24	0.9713	0.0975	-39.3
YEL045C	35	545.8	76.91	77.0	3.6	73.31	1.0	0.1567	-69.71
YEL046C	805	761.9	44.72	18.0	2.55	42.16	0.9925	0.0874	-39.61
YEL047C	542	489.4	45.94	22.5	3.06	42.88	0.9963	0.1163	-39.81
YEL048C	121	592.5	47.54	21.0	2.98	44.56	1.0	0.0957	-41.59
YEL049W	29	658.0	92.59	82.0	36.28	56.31	1.0	0.1674	-20.03
YEL050C	501	375.9	45.67	14.0	3.0	42.68	0.976	0.131	-39.68
YEL050W-A	195	411.0	38.92	9.0	1.42	37.5	0.9744	0.0987	-36.08
YEL051W	411	688.4	35.74	10.0	2.11	33.63	0.9659	0.0591	-31.52
YEL052W	48	892.9	75.62	78.5	2.71	72.92	0.9375	0.1093	-70.21
YEL053C	78	1015.6	48.13	45.5	2.03	46.1	0.9103	0.0685	-44.08
YEL053W-A	2523	567.4	50.24	65.0	2.2	48.04	0.9937	0.1005	-45.84
YEL054C	2293	565.9	48.65	63.0	2.16	46.48	0.9935	0.0981	-44.32
YEL055C	314	683.6	50.62	66.5	1.83	48.79	0.9904	0.0941	-46.96
YEL056W	204	630.7	50.88	68.5	2.36	48.52	0.9951	0.1021	-46.16
YEL057C	185	506.5	38.56	11.0	6.22	32.34	1.0	0.0759	-26.12
YEL058W	322	898.1	44.37	17.0	2.15	42.22	0.9907	0.0728	-40.08
YEL059C-A	24	367.7	44.88	21.0	2.92	41.96	1.0	0.1158	-39.04
YEL059W	29	369.6	46.83	67.0	2.28	44.55	0.9655	0.1365	-42.28
YEL060C	191	811.7	47.59	38.0	2.69	44.91	0.9895	0.092	-42.22
YEL061C	154	563.9	50.56	64.5	2.56	47.99	1.0	0.1109	-45.43
YEL062W	110	740.9	52.01	69.5	1.94	50.07	0.9727	0.0877	-48.14
YEL063C	116	846.7	54.78	68.5	1.9	52.88	0.9914	0.1005	-50.98
YEL064C	88	543.7	47.08	57.5	3.31	43.77	1.0	0.116	-40.47
YEL065W	48	794.5	39.94	14.5	1.35	38.58	1.0	0.0794	-37.23
YEL066W	28	504.2	43.96	16.0	3.07	40.89	1.0	0.0864	-37.82
YEL067C	83	520.0	40.53	15.0	1.77	38.76	1.0	0.0811	-36.99
YEL068C	53	545.5	53.47	25.0	8.83	44.64	1.0	0.0924	-35.81
YEL069C	12	771.3	198.67	92.0	1.42	197.25	1.0	0.2213	-195.83
YEL070W	8	769.1	94.88	44.5	46.5	48.38	1.0	0.1541	-1.88
YEL071W	1090	763.8	45.66	18.0	2.0	43.66	0.9853	0.08	-41.67
YEL072W	85	612.3	54.56	43.0	3.79	50.78	0.9882	0.1013	-46.99
YEL073C	127	496.7	116.36	76.0	59.55	56.81	0.9921	0.2269	2.74
YEL074W	43	549.1	41.02	15.0	3.35	37.67	1.0	0.085	-34.33
YEL075W-A	6	658.8	151.5	98.5	43.83	107.67	1.0	0.2553	-63.83
YEL077C	25	499.5	57.16	26.0	12.24	44.92	1.0	0.1169	-32.68
YEL077W-A	23	434.4	31.17	10.0	5.65	25.52	1.0	0.0845	-19.87
YER001W	611	776.8	49.23	47.0	2.83	46.4	0.9951	0.0857	-43.57
YER002W	290	405.8	44.91	15.5	2.57	42.33	0.9897	0.113	-39.76
YER003C	348	719.8	56.23	60.0	9.64	46.59	0.9856	0.0968	-36.96
YER004W	71	607.2	49.46	66.0	1.21	48.25	1.0	0.098	-47.04
YER005W	138	684.2	45.27	16.0	1.98	43.29	0.9783	0.0945	-41.31
YER006C-A	154	509.6	37.55	11.0	1.73	35.81	0.987	0.0845	-34.08
YER006W	355	972.7	45.68	17.0	1.48	44.2	0.9915	0.0647	-42.72
YER007C-A	351	512.0	57.64	49.0	14.75	42.89	0.9943	0.1221	-28.14
YER007W	425	552.7	51.32	41.0	12.08	39.24	0.9953	0.1014	-27.16
YER008C	1411	537.9	51.29	69.0	2.58	48.72	0.9943	0.101	-46.14
YER009W	1466	543.6	52.67	69.0	3.31	49.36	0.9973	0.097	-46.05
YER010C	1261	528.5	52.87	70.0	2.52	50.35	0.9944	0.1036	-47.83
YER011W	82	601.5	62.37	75.0	9.37	53.0	0.9878	0.1254	-43.63
YER012W	630	665.4	46.06	21.0	2.84	43.21	0.9921	0.0731	-40.37
YER013W	272	510.8	44.96	18.5	6.07	38.89	0.9816	0.0927	-32.82
YER014C-A	29	652.4	46.72	19.0	8.83	37.9	1.0	0.0812	-29.07
YER014W	76	676.0	37.64	10.5	2.82	34.83	1.0	0.0767	-32.01
YER015W	155	555.1	58.06	70.0	8.88	49.18	0.9806	0.1134	-40.3
YER016W	123	609.7	46.82	26.0	2.13	44.69	0.9675	0.0836	-42.56
YER017C	121	612.7	54.93	70.0	3.83	51.1	0.9835	0.1228	-47.26
YER018C	55	426.5	48.64	71.0	1.64	47.0	1.0	0.1104	-45.36
YER019C-A	403	390.1	44.66	19.0	1.77	42.89	0.995	0.1114	-41.12
YER019W	485	429.2	41.86	15.0	1.9	39.97	0.9918	0.1021	-38.07
YER020W	467	440.0	40.67	13.0	1.59	39.08	0.9936	0.0981	-37.49
YER021W	370	944.4	54.19	57.5	2.38	51.81	1.0	0.077	-49.44
YER022W	213	673.9	51.88	22.0	4.38	47.5	0.9859	0.0916	-43.11
YER023C-A	128	701.1	46.56	28.0	2.34	44.23	1.0	0.0757	-41.89
YER023W	130	705.1	46.42	18.0	3.47	42.95	1.0	0.0706	-39.48
YER024W	100	667.0	69.46	76.0	20.61	48.85	1.0	0.1168	-28.24
YER025W	759	859.2	49.23	57.0	1.79	47.44	0.9908	0.0776	-45.65
YER026C	751	649.0	50.68	50.0	3.62	47.06	0.9814	0.0936	-43.44
YER027C	123	803.4	45.93	59.0	1.5	44.42	0.9837	0.0825	-42.92
YER028C	36	595.8	45.03	25.0	3.44	41.58	1.0	0.1053	-38.14
YER029C	102	436.3	35.97	11.0	1.85	34.12	0.9804	0.0904	-32.26
YER030W	234	609.9	41.77	14.5	1.51	40.26	0.9872	0.0771	-38.74
YER031C	172	588.7	47.69	17.5	2.13	45.56	0.9942	0.0921	-43.43
YER032W	71	808.2	107.83	103.0	1.8	106.03	1.0	0.1444	-104.23
YER033C	48	685.3	44.48	17.5	2.0	42.48	0.9583	0.0974	-40.48
YER034W	102	480.3	45.36	19.5	1.53	43.83	0.9706	0.1099	-42.3
YER035W	314	445.9	50.05	66.5	2.68	47.38	0.9904	0.1215	-44.7
YER036C	650	937.0	47.85	57.5	2.3	45.56	0.96	0.0755	-43.26
YER037W	683	803.3	49.3	41.0	2.74	46.57	0.9927	0.0762	-43.83
YER038C	667	836.5	52.84	66.0	2.39	50.45	0.9955	0.0782	-48.06
YER038W-A	9	631.8	87.56	85.0	2.33	85.22	1.0	0.1981	-82.89
YER039C	16	379.6	49.88	69.5	1.06	48.81	1.0	0.148	-47.75
YER039C-A	5	423.4	66.2	81.0	0.8	65.4	1.0	0.1751	-64.6
YER040W	96	808.1	55.46	77.0	2.24	53.22	0.9792	0.097	-50.98
YER041W	322	452.7	44.61	16.5	3.89	40.72	0.9938	0.1274	-36.83
YER042W	1512	471.5	48.36	34.0	3.41	44.95	0.9947	0.1137	-41.54
YER043C	3073	851.0	48.76	52.0	2.42	46.34	0.9876	0.0781	-43.93
YER044C	551	535.7	48.19	65.0	3.49	44.7	0.9873	0.096	-41.21
YER044C-A	258	553.1	49.73	42.0	2.02	47.71	0.9806	0.0951	-45.69
YER045C	116	707.2	50.75	72.0	1.96	48.79	0.9914	0.104	-46.84
YER046W	43	448.1	33.88	7.0	1.3	32.58	1.0	0.071	-31.28
YER046W-A	40	457.5	41.08	10.0	2.3	38.78	1.0	0.0879	-36.48
YER047C	94	434.7	47.84	14.0	1.8	46.04	1.0	0.1107	-44.24
YER048C	247	726.6	98.55	69.0	53.75	44.8	0.9919	0.1347	8.96
YER048W-A	531	565.1	76.68	73.0	13.37	63.31	0.9981	0.1548	-49.94
YER049W	405	769.3	47.53	30.0	4.78	42.75	0.9975	0.0828	-37.98
YER050C	199	492.6	44.93	20.0	3.47	41.47	0.995	0.0929	-38.0
YER051W	637	467.4	49.71	65.0	2.7	47.02	0.9984	0.1187	-44.32
YER052C	923	800.2	50.69	66.0	2.82	47.87	0.9935	0.0943	-45.05
YER053C	363	718.0	47.79	25.0	1.98	45.82	0.989	0.0834	-43.84
YER053C-A	154	492.7	50.44	69.0	3.26	47.18	1.0	0.1086	-43.92
YER054C	37	569.4	52.78	70.0	1.14	51.65	0.973	0.1145	-50.51
YER055C	2385	715.5	48.78	25.0	2.39	46.38	0.9971	0.0808	-43.99
YER056C	756	876.4	53.43	70.0	3.86	49.57	0.996	0.0865	-45.71
YER056C-A	4204	421.7	62.62	54.0	24.82	37.8	0.9952	0.1412	-12.97
YER057C	383	442.8	40.55	12.0	1.68	38.87	0.9948	0.0929	-37.19
YER058W	23	443.7	44.78	12.0	1.17	43.61	1.0	0.101	-42.43
YER059W	107	659.9	44.88	14.0	7.15	37.73	1.0	0.0813	-30.58
YER060W	141	722.7	59.18	76.0	1.48	57.71	0.9716	0.1244	-56.23
YER060W-A	67	498.1	53.46	72.0	4.18	49.28	0.9851	0.1252	-45.1
YER061C	77	584.3	46.39	31.0	5.04	41.35	0.974	0.1024	-36.31
YER062C	129	617.4	55.18	73.0	2.64	52.53	0.9922	0.1175	-49.89
YER063W	162	516.0	49.72	67.0	2.39	47.33	0.9753	0.1075	-44.94
YER064C	258	719.2	45.91	27.0	2.24	43.66	0.9729	0.0876	-41.42
YER065C	63	571.9	48.63	10.0	8.33	40.3	0.9841	0.0976	-31.97
YER066C-A	217	548.5	46.77	58.0	2.1	44.67	0.9908	0.0955	-42.57
YER066W	63	578.8	49.03	67.0	3.9	45.13	0.9841	0.0919	-41.22
YER067C-A	207	553.8	47.78	66.0	1.29	46.49	1.0	0.0951	-45.2
YER067W	217	550.9	46.08	18.0	2.44	43.64	0.9954	0.0931	-41.2
YER068C-A	34	392.7	46.0	48.5	1.44	44.56	0.9706	0.1256	-43.12
YER068W	215	633.0	48.13	54.0	13.3	34.83	0.9953	0.1021	-21.53
YER069W	460	711.9	46.04	20.5	2.37	43.67	0.9891	0.0909	-41.31
YER070W	338	724.2	48.62	43.0	2.25	46.37	0.9911	0.1002	-44.13
YER071C	781	485.4	43.36	23.0	2.45	40.91	0.9731	0.0949	-38.46
YER072W	1418	474.0	47.82	64.0	2.12	45.7	0.9803	0.1062	-43.58
YER073W	1120	569.1	50.72	65.0	2.7	48.02	0.9893	0.1208	-45.32
YER074W	4497	478.4	52.28	29.0	11.0	41.28	0.9964	0.1091	-30.27
YER074W-A	4260	483.2	51.08	26.0	12.03	39.05	0.9974	0.1044	-27.03
YER075C	328	415.0	58.72	46.5	13.11	45.61	1.0	0.1501	-32.5
YER076C	74	524.9	45.78	17.5	2.22	43.57	0.9865	0.1083	-41.35
YER076W-A	49	401.8	34.59	12.0	2.71	31.88	1.0	0.088	-29.16
YER077C	131	550.7	50.4	65.0	3.56	46.85	1.0	0.1064	-43.29
YER078C	83	863.0	45.4	19.0	2.2	43.19	1.0	0.0785	-40.99
YER078W-A	32	678.9	42.84	33.5	1.0	41.84	0.9688	0.0697	-40.84
YER079C-A	24	514.1	53.17	72.0	6.33	46.83	0.9583	0.1244	-40.5
YER079W	47	624.8	40.87	16.0	4.02	36.85	0.9787	0.0734	-32.83
YER080W	317	682.2	52.07	69.0	2.01	50.06	0.9905	0.0963	-48.06
YER081W	482	731.4	53.49	67.0	3.27	50.22	0.9979	0.0963	-46.95
YER082C	337	634.0	48.6	36.0	3.22	45.38	0.9881	0.099	-42.17
YER083C	63	637.5	53.24	73.0	2.06	51.17	1.0	0.0997	-49.11
YER084W	65	616.5	45.54	21.0	2.12	43.42	1.0	0.0947	-41.29
YER084W-A	6	361.3	55.17	48.5	1.33	53.83	1.0	0.1702	-52.5
YER085C	6	305.8	42.5	40.5	1.83	40.67	1.0	0.1559	-38.83
YER086W	474	904.2	53.43	70.0	2.43	51.0	0.9937	0.0897	-48.58
YER087C-A	191	458.3	44.79	19.0	2.37	42.42	0.9948	0.1029	-40.06
YER087C-B	200	453.2	47.02	32.5	2.84	44.18	0.995	0.1042	-41.34
YER087W	487	456.6	46.69	33.0	3.14	43.55	0.9959	0.1128	-40.41
YER088C	270	595.7	46.98	27.0	2.91	44.07	0.9963	0.1025	-41.15
YER088C-A	50	516.1	51.84	70.0	3.88	47.96	1.0	0.1168	-44.08
YER088W-B	67	526.7	42.73	9.0	5.37	37.36	1.0	0.0942	-31.99
YER089C	107	807.9	54.34	66.0	3.27	51.07	0.9907	0.0999	-47.79
YER090C-A	33	931.9	134.27	93.0	3.52	130.76	1.0	0.1465	-127.24
YER090W	568	619.4	43.22	15.0	2.4	40.83	0.9824	0.0886	-38.43
YER091C	888	994.3	46.2	15.0	2.36	43.84	0.9786	0.0687	-41.47
YER091C-A	68	469.2	40.69	13.5	1.41	39.28	1.0	0.0953	-37.87
YER092W	61	495.9	43.97	14.0	1.43	42.54	0.9836	0.0959	-41.11
YER093C	104	752.5	48.6	41.5	1.97	46.62	1.0	0.0942	-44.65
YER093C-A	183	545.7	47.49	26.0	7.86	39.63	0.9945	0.0958	-31.77
YER094C	327	678.7	42.95	15.0	1.64	41.31	0.9817	0.0691	-39.67
YER095W	42	900.8	46.81	21.0	1.29	45.52	1.0	0.0683	-44.24
YER096W	51	629.5	67.37	27.0	3.33	64.04	0.9804	0.1278	-60.71
YER097W	43	391.8	64.86	79.0	9.19	55.67	1.0	0.1573	-46.49
YER098W	116	574.7	42.61	19.5	2.74	39.87	0.9914	0.0913	-37.13
YER099C	201	734.0	48.56	63.0	2.04	46.52	0.9652	0.0822	-44.47
YER100W	171	616.9	44.25	16.0	2.71	41.54	0.9825	0.0832	-38.84
YER101C	127	544.7	43.27	12.0	2.76	40.5	0.9921	0.0902	-37.74
YER102W	14778	673.4	47.33	18.0	6.02	41.31	0.9978	0.0709	-35.28
YER103W	1130	811.9	46.06	19.0	1.95	44.11	0.9832	0.0954	-42.17
YER104W	480	395.8	40.85	14.0	2.06	38.79	0.9938	0.1109	-36.72
YER105C	182	857.4	46.7	28.5	2.35	44.35	0.9945	0.079	-42.0
YER106W	61	508.5	49.05	50.0	2.7	46.34	1.0	0.1082	-43.64
YER107C	110	687.6	57.84	71.5	2.94	54.9	0.9909	0.1033	-51.96
YER107W-A	52	875.5	87.29	86.0	3.98	83.31	1.0	0.1034	-79.33
YER109C	38	913.1	35.71	10.5	3.26	32.45	0.9737	0.0585	-29.18
YER110C	611	800.0	47.99	22.0	2.21	45.77	0.9918	0.0849	-43.56
YER111C	63	810.9	43.6	20.0	2.95	40.65	0.9841	0.0622	-37.7
YER112W	283	607.0	58.45	73.0	2.43	56.02	0.9717	0.1056	-53.6
YER113C	372	645.5	51.07	68.5	2.67	48.4	0.9839	0.0951	-45.73
YER114C	106	770.6	44.72	15.0	2.68	42.04	1.0	0.0688	-39.36
YER115C	82	557.7	41.77	16.5	2.21	39.56	1.0	0.0936	-37.35
YER116C	23	580.4	54.35	13.0	2.13	52.22	0.9565	0.1101	-50.09
YER117W	9126	493.4	84.45	69.0	41.14	43.31	0.9988	0.1639	-2.17
YER118C	9169	492.9	82.87	68.0	40.95	41.93	0.998	0.1616	-0.98
YER119C	71	781.6	116.46	124.0	2.18	114.28	0.9718	0.1516	-112.1
YER119C-A	154	618.1	40.33	13.0	2.22	38.11	0.987	0.0714	-35.89
YER120W	163	637.6	46.47	18.0	2.55	43.91	0.9877	0.0807	-41.36
YER121W	224	480.8	44.72	19.0	3.66	41.06	1.0	0.0975	-37.41
YER122C	222	864.7	53.46	71.0	2.22	51.25	0.9955	0.0754	-49.03
YER123W	119	575.8	48.86	69.0	1.57	47.29	1.0	0.1143	-45.71
YER124C	352	856.3	55.74	70.0	5.41	50.34	0.9886	0.0831	-44.93
YER125W	233	669.7	47.9	34.0	2.33	45.57	1.0	0.0957	-43.24
YER126C	455	717.8	49.7	66.0	2.24	47.45	0.9934	0.0782	-45.21
YER127W	85	687.0	56.08	66.0	1.71	54.38	1.0	0.0967	-52.67
YER128W	89	473.2	48.93	20.0	2.44	46.49	0.9775	0.1104	-44.06
YER129W	142	647.3	53.58	72.5	5.18	48.41	0.9859	0.1043	-43.23
YER130C	183	807.0	43.39	17.0	2.52	40.87	0.9945	0.0736	-38.35
YER131W	3780	465.2	48.06	23.0	12.83	35.23	0.9958	0.1011	-22.4
YER132C	545	347.6	41.61	15.0	1.98	39.63	0.989	0.14	-37.65
YER133W	913	874.5	118.35	85.0	72.85	45.5	0.9912	0.1267	27.35
YER133W-A	55	641.7	63.76	73.0	2.4	61.36	1.0	0.1084	-58.96
YER134C	53	642.4	34.55	11.0	2.26	32.28	1.0	0.0612	-30.02
YER135C	42	601.9	47.29	26.5	2.79	44.5	1.0	0.0944	-41.71
YER136W	198	1020.6	47.88	26.0	3.43	44.45	0.9899	0.066	-41.03
YER137C	306	462.1	44.22	13.0	4.62	39.6	0.9935	0.0976	-34.98
YER137C-A	435	597.1	48.84	35.0	5.35	43.49	0.9862	0.1015	-38.14
YER137W-A	310	428.4	42.04	13.0	3.67	38.37	1.0	0.1	-34.7
YER138C	4883	1150.3	49.79	28.0	2.87	46.92	0.9877	0.0605	-44.04
YER138W-A	433	437.7	49.31	53.0	4.38	44.93	0.9954	0.1115	-40.55
YER139C	114	575.5	43.18	13.0	3.91	39.26	0.9912	0.0939	-35.35
YER140W	51	877.5	38.49	13.0	2.2	36.29	0.9804	0.0559	-34.1
YER141W	175	737.2	53.21	14.0	12.99	40.22	0.9943	0.0902	-27.22
YER142C	169	552.6	51.37	63.0	3.71	47.66	0.9941	0.1158	-43.95
YER143W	104	744.2	46.97	36.0	4.15	42.82	0.9904	0.0892	-38.66
YER144C	149	579.3	45.79	65.0	2.99	42.81	0.9866	0.108	-39.82
YER145C	77	696.8	54.88	71.0	2.81	52.08	0.974	0.1019	-49.27
YER145C-A	197	404.1	42.06	15.0	2.65	39.41	0.9898	0.0998	-36.75
YER146W	212	396.2	38.58	12.0	1.6	36.97	0.9953	0.0947	-35.37
YER147C	197	418.9	42.31	15.0	2.08	40.24	1.0	0.1008	-38.16
YER147C-A	173	720.3	46.48	17.0	1.71	44.77	0.9942	0.0703	-43.06
YER148W	172	729.6	43.4	15.0	3.53	39.87	0.9826	0.0655	-36.33
YER148W-A	150	687.3	53.47	23.0	14.81	38.66	0.9933	0.0795	-23.85
YER149C	147	596.7	54.02	58.0	9.03	44.99	0.9864	0.0962	-35.95
YER150W	372	548.8	56.53	72.0	3.65	52.89	0.9946	0.1075	-49.24
YER151C	260	652.2	45.3	16.0	2.05	43.25	0.9885	0.0928	-41.2
YER152C	68	750.8	48.84	67.0	2.09	46.75	1.0	0.0875	-44.66
YER152W-A	61	776.7	48.75	64.0	2.36	46.39	1.0	0.0866	-44.03
YER154W	213	596.6	43.33	13.0	4.37	38.97	0.9577	0.0818	-34.6
YER155C	332	675.2	39.05	12.0	2.39	36.66	0.9789	0.0831	-34.26
YER156C	254	843.2	48.85	23.5	2.02	46.83	0.9961	0.0679	-44.81
YER157W	181	630.7	43.69	13.0	3.04	40.64	0.9724	0.0848	-37.6
YER158C	82	525.3	45.99	19.0	1.83	44.16	1.0	0.1116	-42.33
YER158W-A	226	572.4	52.31	16.0	4.03	48.28	0.9956	0.1036	-44.25
YER159C	209	522.8	49.29	19.0	4.26	45.03	0.9952	0.113	-40.78
YER159C-A	70	534.0	70.03	20.5	30.27	39.76	1.0	0.1055	-9.49
YER160C	443	993.7	83.21	78.0	3.6	79.61	0.9819	0.1038	-76.01
YER161C	66	471.1	46.62	18.5	5.06	41.56	1.0	0.1099	-36.5
YER162C	47	575.9	53.26	41.0	8.66	44.6	1.0	0.1114	-35.94
YER163C	77	532.3	60.0	76.0	3.13	56.87	1.0	0.1231	-53.74
YER164W	69	784.0	43.54	15.0	2.43	41.1	1.0	0.0816	-38.67
YER165C-A	132	432.2	48.97	62.0	2.8	46.17	1.0	0.1172	-43.36
YER165W	640	1105.0	55.24	72.0	2.97	52.27	0.9875	0.0657	-49.3
YER166W	191	565.3	47.99	62.0	4.15	43.84	0.9843	0.1033	-39.69
YER167W	154	657.1	45.86	17.0	2.22	43.64	0.9805	0.0959	-41.42
YER168C	141	663.5	50.28	60.0	1.97	48.31	0.9929	0.0929	-46.34
YER169W	47	770.0	53.49	66.0	4.55	48.94	1.0	0.1165	-44.38
YER170W	90	586.5	48.46	62.5	1.8	46.66	0.9778	0.0962	-44.86
YER171W	136	581.4	49.94	21.0	5.29	44.65	0.9926	0.1008	-39.37
YER172C	139	818.3	43.5	15.0	2.32	41.19	0.9856	0.0785	-38.87
YER173W	178	582.7	45.25	17.0	3.69	41.57	0.9944	0.0842	-37.88
YER174C	226	559.8	44.29	17.0	1.64	42.65	0.9956	0.0968	-41.01
YER175C	94	708.2	60.09	62.5	3.35	56.73	0.9787	0.1	-53.38
YER175W-A	43	693.7	54.0	73.0	2.47	51.53	1.0	0.0891	-49.07
YER176W	81	593.4	41.85	13.0	4.31	37.54	0.9383	0.0846	-33.23
YER177W	1456	785.2	50.13	63.0	2.48	47.65	0.9945	0.0776	-45.17
YER178W	1147	695.9	50.89	62.0	4.1	46.8	0.9965	0.1008	-42.7
YER179W	294	419.1	46.0	18.0	3.45	42.54	0.9966	0.1175	-39.09
YER180C	43	549.4	40.7	11.0	1.12	39.58	1.0	0.0776	-38.47
YER180C-A	6	383.7	30.83	7.0	0.5	30.33	1.0	0.0622	-29.83
YER182W	129	553.0	51.2	71.0	1.94	49.26	1.0	0.1083	-47.33
YER183C	137	562.2	55.77	67.0	7.58	48.19	0.9927	0.1206	-40.61
YER184C	86	707.5	88.57	53.5	27.3	61.27	0.9884	0.1189	-33.97
YER185W	27	464.2	59.52	76.0	4.74	54.78	1.0	0.1596	-50.04
YER186C	210	661.2	43.46	17.0	3.21	40.25	0.9762	0.0865	-37.03
YER187W	57	545.7	60.67	24.0	2.11	58.56	0.9649	0.1209	-56.46
YER188C-A	15	437.1	44.8	27.0	3.07	41.73	1.0	0.0933	-38.67
YER188W	60	537.9	43.72	35.5	2.98	40.73	1.0	0.1017	-37.75
YER190C-B	19	572.8	49.68	22.0	1.32	48.37	1.0	0.1087	-47.05
YER190W	35	548.6	54.11	71.0	2.43	51.69	1.0	0.1253	-49.26
YFL001W	54	754.8	60.83	78.0	1.91	58.93	1.0	0.1069	-57.02
YFL002C	62	431.4	44.95	16.5	1.73	43.23	1.0	0.1227	-41.5
YFL002W-A	1691	929.3	44.51	15.0	2.61	41.9	0.9592	0.0595	-39.28
YFL002W-B	37	496.6	51.08	65.0	3.11	47.97	1.0	0.124	-44.86
YFL003C	289	498.8	38.84	13.0	1.66	37.18	0.9862	0.0872	-35.51
YFL004W	504	789.8	44.46	20.5	2.2	42.27	0.9802	0.0835	-40.07
YFL005W	912	732.9	50.01	26.5	1.54	48.47	0.9956	0.073	-46.93
YFL007W	130	836.2	46.78	18.5	2.1	44.68	0.9769	0.0827	-42.58
YFL008W	70	762.2	48.6	49.5	1.57	47.03	1.0	0.0847	-45.46
YFL009W	140	791.5	49.54	13.0	1.74	47.8	0.9857	0.0847	-46.06
YFL010C	153	514.1	38.67	13.0	2.71	35.95	1.0	0.0895	-33.24
YFL010W-A	173	543.4	44.18	18.0	1.67	42.51	1.0	0.1015	-40.84
YFL011W	36	454.5	58.58	78.5	1.83	56.75	0.9722	0.1463	-54.92
YFL012W	44	519.8	52.23	70.5	2.7	49.52	1.0	0.1051	-46.82
YFL012W-A	15	417.9	49.6	65.0	1.0	48.6	1.0	0.1163	-47.6
YFL013C	85	445.3	46.04	21.0	2.32	43.72	0.9529	0.1091	-41.4
YFL013W-A	59	486.0	52.85	12.0	1.66	51.19	1.0	0.1133	-49.53
YFL014W	45	460.8	38.84	12.0	1.33	37.51	1.0	0.0871	-36.18
YFL015C	38	471.9	43.95	39.5	1.26	42.68	0.9737	0.1049	-41.42
YFL015W-A	8	356.4	37.25	27.0	2.5	34.75	1.0	0.0968	-32.25
YFL016C	378	835.5	47.15	21.0	2.24	44.91	0.9894	0.0789	-42.68
YFL017C	248	447.0	45.02	15.5	3.34	41.68	1.0	0.1101	-38.34
YFL017W-A	180	348.7	47.01	25.5	1.79	45.22	1.0	0.1373	-43.42
YFL018C	406	652.5	41.62	12.0	2.26	39.36	0.9852	0.0837	-37.1
YFL019C	10	612.9	39.2	15.5	3.1	36.1	0.9	0.0591	-33.0
YFL020C	13	443.9	86.77	83.0	10.69	76.08	1.0	0.2039	-65.38
YFL021C-A	54	789.1	45.63	31.0	4.41	41.22	1.0	0.0813	-36.81
YFL021W	110	538.8	51.6	70.0	3.3	48.3	0.9818	0.1214	-45.0
YFL022C	523	840.1	50.21	18.0	4.47	45.74	0.9885	0.0803	-41.27
YFL023W	351	456.2	44.8	15.0	4.07	40.74	0.9943	0.1079	-36.67
YFL024C	76	724.1	50.64	67.0	1.57	49.08	1.0	0.0892	-47.51
YFL025C	87	677.6	47.46	45.0	2.44	45.02	0.9885	0.0964	-42.59
YFL026W	47	591.4	41.68	15.0	5.19	36.49	1.0	0.0849	-31.3
YFL027C	64	924.3	75.7	70.0	19.19	56.52	1.0	0.0953	-37.33
YFL028C	200	696.0	48.83	18.0	3.5	45.33	0.99	0.0818	-41.83
YFL029C	161	604.0	44.24	15.0	8.35	35.89	0.9814	0.0811	-27.54
YFL030W	531	399.4	53.21	68.0	6.49	46.73	0.9962	0.1349	-40.24
YFL031C-A	861	609.5	52.59	63.0	7.17	45.42	0.9965	0.11	-38.25
YFL031W	786	630.8	52.66	66.5	6.27	46.39	0.9975	0.1052	-40.12
YFL032W	16	764.1	145.12	38.0	3.38	141.75	0.9375	0.1316	-138.38
YFL033C	93	775.7	44.71	22.0	1.86	42.85	0.9892	0.081	-40.99
YFL034C-A	423	456.4	66.31	52.0	27.82	38.49	1.0	0.1451	-10.68
YFL034C-B	517	489.3	67.33	55.0	24.53	42.8	0.9981	0.139	-18.27
YFL034W	88	497.4	45.42	30.5	1.62	43.8	1.0	0.1043	-42.17
YFL036W	195	813.8	55.88	72.0	3.95	51.93	0.9949	0.1068	-47.98
YFL037W	645	762.4	60.11	73.0	2.8	57.31	0.9814	0.1019	-54.51
YFL038C	573	592.2	44.01	15.0	1.8	42.21	0.9808	0.0784	-40.41
YFL039C	2465	971.1	97.23	94.0	50.25	46.98	0.9927	0.1069	3.27
YFL040W	805	475.4	52.8	70.0	3.93	48.87	0.9938	0.1242	-44.94
YFL041W	74	885.4	44.08	16.0	2.64	41.45	1.0	0.0708	-38.81
YFL041W-A	13	554.9	34.62	14.0	5.54	29.08	1.0	0.0916	-23.54
YFL042C	47	796.7	40.72	9.0	3.06	37.66	0.9362	0.0821	-34.6
YFL044C	188	845.7	126.6	135.0	3.96	122.64	0.9947	0.1505	-118.68
YFL045C	1374	761.9	49.74	62.0	2.57	47.17	0.9949	0.0787	-44.61
YFL046W	1290	698.0	55.94	61.0	11.15	44.78	0.9922	0.0917	-33.63
YFL047W	110	821.1	43.65	26.5	2.31	41.34	0.9909	0.0621	-39.03
YFL048C	267	854.6	50.83	64.0	2.2	48.63	0.9963	0.0814	-46.43
YFL049W	175	676.1	48.55	24.0	3.45	45.1	0.9829	0.0938	-41.66
YFL050C	106	684.1	89.13	73.5	40.85	48.28	1.0	0.1395	-7.43
YFL051C	18	593.8	101.28	61.0	1.56	99.72	1.0	0.1352	-98.17
YFL052W	20	604.3	65.65	75.5	2.5	63.15	1.0	0.1367	-60.65
YFL053W	24	677.6	110.92	72.0	64.96	45.96	1.0	0.1373	19.0
YFL054C	30	517.5	31.63	12.5	2.83	28.8	1.0	0.0892	-25.97
YFL055W	78	537.1	59.31	68.0	10.22	49.09	1.0	0.1195	-38.87
YFL056C	164	669.8	49.36	20.5	5.01	44.35	0.9939	0.0913	-39.34
YFL058W	79	446.7	45.33	23.0	3.87	41.46	1.0	0.1141	-37.58
YFL059W	17	678.1	32.29	10.0	0.88	31.41	1.0	0.0497	-30.53
YFL060C	15	598.5	44.33	16.0	1.33	43.0	1.0	0.0843	-41.67
YFL061W	32	621.5	62.44	77.0	5.12	57.31	1.0	0.1373	-52.19
YFL062W	54	562.0	70.72	76.0	1.94	68.78	0.9815	0.1409	-66.83
YFL064C	11	586.1	34.0	7.0	0.82	33.18	1.0	0.0653	-32.36
YFL065C	6	443.3	49.5	49.5	2.17	47.33	0.8333	0.1408	-45.17
YFR001W	179	486.8	39.35	12.0	1.66	37.69	1.0	0.0957	-36.03
YFR002W	385	710.2	45.52	18.0	2.19	43.32	0.9974	0.0818	-41.13
YFR003C	168	541.4	43.35	21.5	1.71	41.63	0.9821	0.0892	-39.92
YFR004W	363	658.1	47.36	22.0	2.47	44.89	0.9917	0.0879	-42.42
YFR005C	167	572.8	44.53	17.0	4.49	40.04	0.9521	0.0984	-35.55
YFR006W	265	829.7	45.69	18.0	2.62	43.07	0.9962	0.0825	-40.45
YFR007W	46	679.8	67.8	75.5	1.35	66.46	0.9783	0.0985	-65.11
YFR008W	82	541.7	44.8	22.0	2.0	42.8	0.9878	0.0985	-40.8
YFR009W	148	851.4	44.97	15.0	4.79	40.18	1.0	0.0786	-35.39
YFR009W-A	131	724.3	49.95	59.0	1.89	48.06	0.9924	0.0878	-46.18
YFR010W	253	710.8	49.72	27.0	2.0	47.72	0.9842	0.0885	-45.73
YFR010W-A	135	558.5	43.16	15.0	1.41	41.75	0.9556	0.0815	-40.34
YFR011C	163	544.2	42.04	17.0	1.67	40.36	0.9693	0.0865	-38.69
YFR012W	5	789.6	59.2	70.0	1.8	57.4	1.0	0.1301	-55.6
YFR012W-A	5	1001.0	52.4	81.0	0.8	51.6	1.0	0.0629	-50.8
YFR013W	95	607.9	41.68	14.0	1.61	40.07	0.9579	0.0924	-38.46
YFR014C	149	559.8	43.95	17.0	1.64	42.31	0.9933	0.1074	-40.67
YFR015C	105	669.7	44.91	16.0	1.94	42.97	0.9905	0.0914	-41.03
YFR016C	59	357.4	42.86	14.0	6.53	36.34	1.0	0.1338	-29.81
YFR017C	53	517.9	40.3	15.0	2.74	37.57	0.9811	0.0826	-34.83
YFR018C	66	800.7	42.7	15.0	2.26	40.44	1.0	0.0661	-38.18
YFR019W	91	647.9	48.69	60.0	4.31	44.38	0.989	0.1112	-40.08
YFR020W	84	658.4	48.08	29.5	2.98	45.11	1.0	0.0874	-42.13
YFR021W	36	846.5	52.72	42.0	2.22	50.5	1.0	0.0803	-48.28
YFR022W	52	589.2	49.04	68.5	3.35	45.69	1.0	0.109	-42.35
YFR023W	72	514.5	38.82	9.0	2.28	36.54	0.9583	0.0932	-34.26
YFR024C-A	154	665.2	43.79	16.0	8.29	35.5	0.9805	0.0826	-27.21
YFR025C	118	747.9	41.58	13.0	3.45	38.13	1.0	0.0704	-34.68
YFR026C	22	400.5	28.23	7.5	0.95	27.27	1.0	0.0653	-26.32
YFR027W	26	435.5	58.27	70.0	2.04	56.23	1.0	0.1452	-54.19
YFR028C	41	911.3	48.46	21.0	2.98	45.49	1.0	0.0752	-42.51
YFR029W	41	782.7	54.22	72.0	3.46	50.76	1.0	0.1015	-47.29
YFR030W	151	797.2	42.43	15.0	1.68	40.75	0.9868	0.0719	-39.08
YFR031C	1830	423.8	41.19	13.0	2.68	38.5	0.9743	0.1002	-35.82
YFR031C-A	3935	698.9	52.78	36.0	11.9	40.88	0.9868	0.0795	-28.98
YFR032C	3776	313.5	46.36	20.0	9.04	37.32	0.9997	0.1377	-28.27
YFR032C-A	3818	312.6	46.06	20.0	8.99	37.07	0.999	0.1371	-28.08
YFR032C-B	3875	315.7	46.91	21.0	9.11	37.8	0.9997	0.138	-28.69
YFR033C	118	447.5	38.19	13.0	1.44	36.75	0.9831	0.0887	-35.31
YFR034C	111	427.4	40.95	13.0	2.83	38.13	1.0	0.1026	-35.3
YFR034W-A	17	385.8	32.06	11.0	3.24	28.82	1.0	0.0787	-25.59
YFR035C	12	389.2	44.75	43.0	3.33	41.42	1.0	0.106	-38.08
YFR036W	40	353.0	48.35	24.0	4.1	44.25	1.0	0.1277	-40.15
YFR036W-A	27	452.1	41.56	23.0	1.7	39.85	1.0	0.1026	-38.15
YFR037C	39	450.7	54.08	19.0	1.74	52.33	1.0	0.1268	-50.59
YFR038W	89	620.6	45.7	38.0	1.84	43.85	0.9888	0.098	-42.01
YFR039C	99	663.5	46.31	21.0	2.42	43.89	0.9899	0.0896	-41.46
YFR040W	125	818.8	47.18	17.0	2.53	44.65	1.0	0.069	-42.12
YFR041C	167	604.6	48.78	29.0	2.12	46.66	0.994	0.0898	-44.54
YFR042W	92	620.2	61.55	77.5	4.63	56.92	0.9891	0.1084	-52.29
YFR043C	379	520.0	46.83	28.0	2.8	44.03	0.9921	0.0986	-41.22
YFR044C	530	952.0	51.28	63.0	2.65	48.64	0.9943	0.0706	-45.99
YFR045W	41	584.5	41.9	24.0	2.83	39.07	0.9756	0.08	-36.24
YFR046C	114	531.0	45.41	29.0	4.39	41.02	1.0	0.0994	-36.62
YFR047C	80	692.3	47.48	30.0	2.36	45.11	0.9875	0.0809	-42.75
YFR048W	148	612.8	45.19	14.5	2.09	43.1	0.973	0.0918	-41.01
YFR049W	268	597.4	46.47	26.5	4.81	41.65	0.9888	0.0827	-36.84
YFR050C	415	618.5	46.95	24.0	2.8	44.14	0.9904	0.0875	-41.34
YFR051C	177	870.1	52.66	63.0	2.79	49.87	1.0	0.0889	-47.08
YFR052C-A	409	603.7	47.54	54.0	2.9	44.64	0.9927	0.0962	-41.73
YFR052W	381	561.9	47.19	22.0	2.44	44.76	0.9869	0.0981	-42.32
YFR053C	553	887.1	51.24	21.0	4.24	47.0	0.9837	0.0832	-42.75
YFR055W	812	761.3	54.26	18.0	11.72	42.54	0.9926	0.0964	-30.82
YFR056C	56	410.6	117.41	75.5	3.0	114.41	0.9821	0.2462	-111.41
YFR057W	6	801.7	355.0	140.5	267.5	87.5	1.0	0.3339	180.0
YGL001C	545	809.7	46.29	28.0	4.93	41.36	0.9927	0.0783	-36.44
YGL002W	190	509.9	41.88	17.5	2.51	39.38	0.9947	0.0916	-36.87
YGL003C	64	757.6	50.5	64.0	4.39	46.11	0.9688	0.0882	-41.72
YGL004C	59	578.1	63.42	70.0	4.39	59.03	0.9661	0.1333	-54.64
YGL005C	214	571.0	50.55	64.5	1.86	48.7	0.9953	0.0985	-46.84
YGL006W	372	928.2	46.52	19.0	3.12	43.4	0.9839	0.0736	-40.27
YGL006W-A	16	431.3	50.88	15.5	2.81	48.06	1.0	0.1084	-45.25
YGL007C-A	25	476.7	43.6	38.0	5.52	38.08	0.92	0.1114	-32.56
YGL007W	37	408.9	51.89	45.0	9.32	42.57	0.973	0.1312	-33.24
YGL008C	4522	743.6	59.88	75.0	3.26	56.62	0.9962	0.1073	-53.35
YGL009C	1733	792.9	56.5	72.0	2.96	53.54	0.9902	0.1156	-50.59
YGL010W	988	512.0	52.8	67.5	2.43	50.37	0.9929	0.1114	-47.94
YGL011C	339	599.8	45.06	18.0	2.96	42.1	0.9912	0.0878	-39.14
YGL012W	446	845.5	50.95	39.5	2.56	48.39	0.9798	0.0734	-45.83
YGL013C	134	629.8	54.48	71.0	2.69	51.78	1.0	0.1227	-49.09
YGL014C-A	6	495.2	53.0	66.5	4.67	48.33	1.0	0.1316	-43.67
YGL014W	173	1025.8	54.33	70.0	2.91	51.42	0.9942	0.08	-48.51
YGL015C	54	532.4	42.19	13.5	6.26	35.93	0.9815	0.083	-29.67
YGL016W	133	910.4	50.86	58.0	6.79	44.07	0.9925	0.0762	-37.28
YGL017W	68	853.5	54.31	71.0	2.76	51.54	0.9853	0.0804	-48.78
YGL018C	55	501.3	50.6	42.0	6.02	44.58	1.0	0.1069	-38.56
YGL019W	60	674.5	52.87	15.5	2.75	50.12	1.0	0.0806	-47.37
YGL020C	158	583.0	43.84	13.0	3.54	40.3	0.981	0.0792	-36.77
YGL021W	380	590.7	40.84	16.0	2.72	38.12	0.9921	0.0804	-35.4
YGL022W	318	849.6	42.74	13.0	2.71	40.03	0.9874	0.0707	-37.31
YGL023C	23	442.6	37.17	10.0	1.7	35.48	1.0	0.0997	-33.78
YGL024W	20	494.0	66.75	82.0	2.2	64.55	1.0	0.1436	-62.35
YGL025C	37	719.0	47.54	19.0	6.43	41.11	1.0	0.0823	-34.68
YGL026C	454	948.9	41.2	11.5	1.81	39.39	0.9912	0.0646	-37.57
YGL027C	304	533.0	47.69	42.0	2.65	45.04	0.9967	0.1046	-42.39
YGL028C	241	674.1	43.66	14.0	4.37	39.29	0.9751	0.0791	-34.91
YGL029W	10625	457.9	79.49	64.0	37.85	41.64	0.9992	0.1665	-3.79
YGL030W	10578	460.5	79.09	64.0	37.45	41.64	0.9987	0.1649	-4.19
YGL031C	7036	556.9	49.75	24.0	8.12	41.63	0.9994	0.0897	-33.52
YGL032C	1405	355.2	46.26	18.0	2.51	43.75	0.9979	0.1286	-41.24
YGL033W	26	420.8	47.65	31.0	4.38	43.27	1.0	0.116	-38.88
YGL034C	10	637.6	195.9	92.0	5.0	190.9	0.9	0.2524	-185.9
YGL035C	66	746.4	55.92	70.0	3.42	52.5	0.9697	0.1009	-49.08
YGL036W	117	815.5	47.32	15.0	1.89	45.44	0.9658	0.0834	-43.55
YGL037C	849	693.7	49.17	20.0	3.25	45.92	1.0	0.0843	-42.67
YGL038C	346	417.5	43.24	17.5	2.57	40.67	1.0	0.1226	-38.1
YGL039W	155	734.2	62.85	76.0	6.71	56.14	0.9935	0.1019	-49.43
YGL040C	181	824.3	54.03	61.0	7.15	46.87	1.0	0.0876	-39.72
YGL041C	92	511.1	43.75	14.0	2.8	40.95	1.0	0.1004	-38.14
YGL041C-B	99	522.7	40.4	14.0	1.97	38.43	1.0	0.0834	-36.46
YGL041W-A	105	510.9	49.54	24.0	2.39	47.15	0.9905	0.1027	-44.76
YGL042C	105	677.3	46.94	16.0	2.53	44.41	1.0	0.0838	-41.88
YGL043W	86	696.2	56.01	67.0	1.91	54.1	1.0	0.1045	-52.2
YGL044C	82	786.5	61.16	76.0	3.44	57.72	1.0	0.1009	-54.28
YGL045W	76	596.8	58.82	68.5	2.46	56.36	0.9868	0.1146	-53.89
YGL047W	61	543.3	43.84	21.0	2.13	41.7	1.0	0.0906	-39.57
YGL048C	346	792.7	45.09	14.0	1.71	43.38	0.9942	0.0761	-41.68
YGL049C	278	518.2	41.94	14.0	2.85	39.09	0.9964	0.0998	-36.24
YGL050W	186	496.5	44.63	19.5	3.42	41.21	0.9892	0.1169	-37.79
YGL051W	43	448.9	47.3	21.0	14.72	32.58	1.0	0.0976	-17.86
YGL052W	44	568.0	39.73	13.5	3.39	36.34	0.9773	0.0885	-32.95
YGL053W	51	562.4	65.71	77.0	14.57	51.14	1.0	0.1475	-36.57
YGL054C	1295	619.8	47.56	65.0	2.61	44.95	0.9776	0.0839	-42.34
YGL055W	1640	872.1	51.1	66.0	2.51	48.59	0.9872	0.0745	-46.08
YGL056C	56	860.6	45.3	25.0	1.36	43.95	1.0	0.0723	-42.59
YGL057C	184	496.5	44.42	18.0	4.6	39.82	0.9728	0.095	-35.21
YGL058W	233	522.3	44.68	24.0	3.55	41.13	0.9657	0.1	-37.59
YGL059W	185	871.2	45.98	31.0	1.68	44.3	0.9892	0.0687	-42.63
YGL060W	49	851.2	55.12	54.0	10.65	44.47	1.0	0.1137	-33.82
YGL061C	120	502.3	52.19	71.5	2.42	49.77	0.9917	0.1169	-47.34
YGL062W	158	805.1	52.37	62.5	3.64	48.73	0.9873	0.0983	-45.09
YGL063C-A	17	595.2	72.29	80.0	8.53	63.76	1.0	0.1371	-55.24
YGL063W	19	503.5	54.74	74.0	6.16	48.58	1.0	0.1076	-42.42
YGL064C	28	669.9	57.39	75.0	2.21	55.18	1.0	0.1369	-52.96
YGL065C	91	657.2	51.47	72.0	2.04	49.43	0.989	0.1152	-47.38
YGL066W	109	573.8	50.66	68.0	3.22	47.44	1.0	0.1136	-44.22
YGL067W	166	690.5	53.84	63.5	7.6	46.24	0.994	0.1032	-38.64
YGL068W	270	586.1	44.82	19.0	2.12	42.7	0.9778	0.0848	-40.57
YGL069C	276	582.2	49.53	42.0	2.52	47.01	0.9928	0.0923	-44.49
YGL070C	204	598.0	46.93	31.5	2.24	44.69	0.9853	0.0818	-42.45
YGL071W	187	694.8	42.6	15.0	1.91	40.69	0.9626	0.0699	-38.78
YGL072C	43	496.7	47.49	65.0	3.0	44.49	1.0	0.104	-41.49
YGL073W	46	781.0	52.57	66.0	2.33	50.24	1.0	0.088	-47.91
YGL075C	44	385.1	48.55	44.0	2.07	46.48	1.0	0.1401	-44.41
YGL076C	5682	656.2	101.33	105.0	57.51	43.81	0.9972	0.1449	13.7
YGL077C	2865	462.5	48.83	63.0	3.33	45.5	0.9944	0.1141	-42.17
YGL078C	409	789.7	54.94	68.0	2.71	52.23	0.9951	0.0952	-49.52
YGL079W	311	506.6	45.16	24.0	2.57	42.59	0.9936	0.0945	-40.03
YGL080W	124	536.8	40.02	13.5	2.65	37.38	1.0	0.0748	-34.73
YGL081W	109	504.5	41.94	18.0	2.26	39.68	1.0	0.0905	-37.42
YGL082W	114	890.6	42.24	15.0	1.71	40.53	1.0	0.0605	-38.82
YGL083W	72	903.1	46.74	20.0	4.64	42.1	0.9861	0.0767	-37.46
YGL084C	126	884.0	45.9	27.5	3.09	42.81	0.9762	0.0728	-39.72
YGL085W	124	472.4	43.91	15.0	2.39	41.52	0.9839	0.1001	-39.14
YGL086W	188	765.7	53.82	58.5	6.67	47.15	0.9894	0.0921	-40.48
YGL087C	170	390.2	45.74	29.0	7.8	37.94	0.9941	0.1153	-30.14
YGL088W	210	410.5	65.64	62.0	7.25	58.4	0.981	0.1484	-51.15
YGL089C	1690	504.5	49.62	61.0	4.16	45.46	0.9953	0.1027	-41.29
YGL090W	1741	505.6	49.23	63.0	3.73	45.5	0.9954	0.1013	-41.77
YGL091C	167	658.7	43.3	17.0	2.15	41.15	1.0	0.0833	-39.0
YGL092W	194	807.6	44.29	14.5	4.12	40.17	0.9948	0.0785	-36.05
YGL093W	69	904.0	44.07	21.0	3.52	40.55	0.9855	0.0592	-37.03
YGL094C	51	1290.1	54.53	78.0	3.51	51.02	1.0	0.0574	-47.51
YGL095C	263	582.3	91.63	66.0	47.23	44.4	0.9962	0.1535	2.83
YGL096W	80	564.7	80.66	45.5	11.44	69.22	1.0	0.1471	-57.79
YGL097W	229	850.0	48.26	14.0	7.79	40.47	0.9694	0.0641	-32.67
YGL098W	194	540.6	59.03	23.0	17.76	41.26	0.9948	0.1294	-23.5
YGL099W	250	625.0	47.76	23.5	3.65	44.11	0.984	0.0959	-40.46
YGL100W	183	629.4	52.8	68.0	4.39	48.41	0.9891	0.1104	-44.02
YGL101W	7462	520.9	78.85	64.0	37.95	40.9	0.9997	0.1458	-2.95
YGL102C	8328	525.9	80.43	65.0	38.7	41.73	0.9993	0.1481	-3.04
YGL103W	7184	522.3	78.2	64.0	37.88	40.32	0.9993	0.1448	-2.43
YGL104C	480	547.6	47.76	38.5	2.21	45.55	0.9917	0.1059	-43.34
YGL105W	649	645.7	45.15	20.0	2.29	42.87	0.9954	0.0922	-40.58
YGL106W	98	483.1	48.5	14.5	1.51	46.99	0.9796	0.1104	-45.48
YGL107C	203	651.3	45.27	16.0	2.84	42.43	0.9901	0.0912	-39.6
YGL108C	54	486.1	48.93	19.0	4.96	43.96	1.0	0.1074	-39.0
YGL109W	36	385.4	59.92	72.0	3.17	56.75	1.0	0.159	-53.58
YGL110C	128	530.3	36.1	12.0	1.54	34.56	0.9766	0.0827	-33.02
YGL111W	148	701.0	47.4	26.5	1.53	45.86	0.9797	0.0903	-44.33
YGL112C	111	783.3	50.87	71.0	2.05	48.82	0.982	0.0901	-46.77
YGL113W	115	570.4	42.73	13.0	3.61	39.12	1.0	0.0981	-35.51
YGL114W	140	617.7	49.71	67.0	3.19	46.53	0.9857	0.1047	-43.34
YGL115W	230	799.1	53.18	65.0	4.91	48.27	0.987	0.084	-43.35
YGL116W	100	473.0	48.89	67.5	5.41	43.48	1.0	0.1263	-38.07
YGL117W	311	760.7	47.21	32.0	1.77	45.44	0.9968	0.0764	-43.67
YGL118C	369	735.1	52.05	67.0	2.46	49.59	0.9864	0.0858	-47.14
YGL119W	82	712.0	62.29	65.5	13.07	49.22	0.9878	0.129	-36.15
YGL120C	214	875.5	37.49	10.0	2.21	35.28	0.9673	0.0618	-33.07
YGL121C	112	426.7	41.37	12.0	3.74	37.62	0.9732	0.1001	-33.88
YGL122C	2312	430.7	51.49	66.0	4.62	46.87	0.9913	0.1286	-42.25
YGL123C-A	6892	667.7	51.24	63.0	2.23	49.01	0.9871	0.0864	-46.78
YGL123W	6821	663.8	51.74	64.0	2.65	49.09	0.988	0.0883	-46.44
YGL124C	120	589.5	52.62	26.5	8.22	44.39	0.9833	0.1041	-36.17
YGL125W	151	692.6	51.68	64.0	3.28	48.4	1.0	0.1076	-45.13
YGL126W	95	666.6	66.97	78.0	9.65	57.32	1.0	0.1256	-47.66
YGL127C	13	469.8	40.85	12.0	0.46	40.38	1.0	0.0845	-39.92
YGL128C	32	568.5	44.25	18.5	2.91	41.34	1.0	0.0809	-38.44
YGL129C	104	748.6	52.97	58.0	3.66	49.31	0.9904	0.0889	-45.64
YGL130W	65	608.7	43.62	17.0	1.65	41.97	0.9846	0.0943	-40.32
YGL131C	71	662.0	54.61	72.0	1.25	53.35	0.9859	0.1148	-52.1
YGL132W	37	491.9	40.43	12.0	1.78	38.65	0.9189	0.1071	-36.86
YGL133W	89	590.9	44.25	21.0	2.43	41.82	0.9775	0.0928	-39.39
YGL134W	2570	529.5	65.77	75.0	19.41	46.35	0.9969	0.1267	-26.94
YGL135W	3888	626.5	56.42	73.0	4.19	52.22	0.9959	0.0982	-48.03
YGL136C	177	507.8	44.47	18.0	4.11	40.36	0.9548	0.0985	-36.24
YGL137W	214	942.6	52.29	58.0	5.97	46.32	0.9766	0.092	-40.35
YGL138C	44	482.8	52.32	40.5	2.43	49.89	0.9545	0.1138	-47.45
YGL139W	61	843.6	54.49	73.0	3.11	51.38	0.9836	0.109	-48.26
YGL140C	129	684.0	39.35	13.0	1.6	37.74	0.9922	0.0804	-36.14
YGL141W	129	751.6	41.98	12.0	1.82	40.16	0.9922	0.076	-38.33
YGL142C	128	677.4	54.08	72.0	2.24	51.84	0.9844	0.1035	-49.59
YGL143C	134	503.8	39.41	13.5	2.19	37.22	0.9925	0.0889	-35.04
YGL144C	74	486.1	55.34	71.5	5.68	49.66	0.9865	0.1263	-43.99
YGL145W	84	1061.2	51.75	72.5	3.76	47.99	0.9881	0.0694	-44.23
YGL146C	3138	687.7	126.73	119.0	1.0	125.73	0.9946	0.182	-124.73
YGL147C	6773	579.3	49.32	68.0	2.3	47.02	0.9808	0.0909	-44.71
YGL148W	7351	605.0	48.83	66.0	1.88	46.95	0.9816	0.0877	-45.07
YGL149W	17	350.7	45.59	69.0	1.18	44.41	0.9412	0.1541	-43.24
YGL150C	107	618.5	47.57	55.0	2.0	45.57	0.972	0.1104	-43.57
YGL151W	122	719.7	51.05	68.5	3.68	47.37	1.0	0.1	-43.69
YGL152C	11	459.7	70.27	84.0	0.55	69.73	1.0	0.1968	-69.18
YGL153W	31	610.5	68.45	81.0	4.68	63.77	0.9677	0.1093	-59.1
YGL154C	75	586.2	56.35	77.0	1.53	54.81	0.9867	0.1011	-53.28
YGL155W	104	617.2	48.59	64.0	2.61	45.98	0.9904	0.0935	-43.38
YGL156W	116	521.5	40.17	13.0	1.86	38.31	1.0	0.0912	-36.45
YGL157W	167	838.4	48.37	52.0	2.22	46.16	1.0	0.073	-43.94
YGL158W	15	604.8	74.4	22.0	22.13	52.27	1.0	0.1136	-30.13
YGL159W	191	744.2	72.94	70.0	2.18	70.76	1.0	0.1137	-68.58
YGL160W	66	761.8	49.55	54.5	2.8	46.74	0.9697	0.0894	-43.94
YGL161C	203	696.2	53.3	70.0	2.33	50.98	0.9951	0.0947	-48.65
YGL162W	148	532.1	48.76	63.5	3.91	44.84	0.9932	0.1105	-40.93
YGL163C	58	809.5	54.09	70.5	5.83	48.26	0.9655	0.0963	-42.43
YGL164C	74	469.1	43.89	19.0	1.88	42.01	1.0	0.1216	-40.14
YGL165C	29	487.6	43.45	20.0	1.69	41.76	1.0	0.1101	-40.07
YGL166W	44	475.2	44.2	15.0	1.7	42.5	1.0	0.1042	-40.8
YGL167C	194	884.9	52.81	66.5	3.67	49.14	0.9948	0.0853	-45.47
YGL168W	163	566.7	47.3	32.0	2.61	44.69	0.9877	0.0992	-42.07
YGL169W	140	583.8	49.66	59.5	4.89	44.78	1.0	0.104	-39.89
YGL170C	54	479.7	42.67	14.0	0.96	41.7	1.0	0.1041	-40.74
YGL171W	133	599.8	43.11	16.0	2.71	40.4	0.9925	0.095	-37.69
YGL172W	131	833.4	50.96	67.0	3.5	47.47	0.9924	0.0761	-43.97
YGL173C	218	1052.8	43.61	15.5	2.4	41.21	0.9771	0.0724	-38.81
YGL174W	113	454.9	39.08	14.0	4.93	34.15	0.9469	0.0942	-29.22
YGL175C	6	706.7	116.33	104.0	4.33	112.0	1.0	0.1633	-107.67
YGL176C	104	594.2	54.49	70.0	1.94	52.55	1.0	0.1074	-50.61
YGL177W	16	449.6	39.44	8.0	0.88	38.56	0.9375	0.0934	-37.69
YGL178W	127	712.7	62.62	76.0	9.98	52.65	0.9764	0.1309	-42.67
YGL179C	93	640.7	42.42	11.0	5.37	37.05	1.0	0.0834	-31.69
YGL180W	56	638.6	44.93	17.5	1.46	43.46	0.9821	0.1004	-42.0
YGL181W	84	629.1	39.88	13.0	1.5	38.38	1.0	0.0856	-36.88
YGL183C	12	350.8	57.33	81.5	2.33	55.0	1.0	0.1888	-52.67
YGL184C	41	725.0	53.34	17.0	9.02	44.32	0.9756	0.0956	-35.29
YGL185C	62	678.0	47.69	15.0	2.87	44.82	1.0	0.0894	-41.95
YGL186C	218	681.7	47.18	27.0	3.37	43.82	1.0	0.0967	-40.45
YGL187C	492	679.5	82.54	87.0	39.65	42.89	0.9959	0.1209	-3.24
YGL188C	486	690.8	89.56	91.0	42.87	46.69	0.9959	0.1266	-3.82
YGL188C-A	3009	437.4	40.1	15.0	3.82	36.28	0.996	0.0888	-32.46
YGL189C	3008	440.2	37.94	14.0	3.66	34.27	0.9937	0.0825	-30.61
YGL190C	440	445.1	43.11	24.0	5.53	37.58	0.9886	0.1188	-32.05
YGL191W	830	560.4	50.88	70.0	1.46	49.42	0.9904	0.094	-47.96
YGL192W	47	662.8	42.45	21.0	1.85	40.6	0.9787	0.0893	-38.74
YGL193C	12	476.9	57.0	76.0	2.92	54.08	1.0	0.1675	-51.17
YGL194C	84	407.1	47.05	66.5	1.42	45.63	1.0	0.1164	-44.21
YGL194C-A	173	485.6	40.2	11.0	1.55	38.64	1.0	0.0875	-37.09
YGL195W	416	845.8	46.58	21.0	2.12	44.47	0.9856	0.0852	-42.35
YGL196W	192	796.1	46.58	63.5	1.36	45.22	1.0	0.0757	-43.85
YGL197W	120	665.5	55.93	65.0	6.19	49.74	0.9917	0.1092	-43.55
YGL198W	344	642.2	49.52	30.5	2.15	47.37	0.9913	0.0841	-45.22
YGL199C	466	575.8	46.79	28.0	2.24	44.55	0.9957	0.0899	-42.32
YGL200C	463	556.9	48.86	54.0	2.43	46.43	0.9957	0.0964	-43.99
YGL201C	288	425.0	45.68	18.5	4.08	41.61	0.9965	0.1141	-37.53
YGL202W	532	895.4	44.79	18.0	2.96	41.83	0.9981	0.0693	-38.87
YGL203C	49	463.8	39.41	13.0	6.73	32.67	0.9796	0.0987	-25.94
YGL204C	68	377.6	48.03	44.5	2.75	45.28	1.0	0.1334	-42.53
YGL205W	38	345.4	51.39	28.0	4.82	46.58	1.0	0.1559	-41.76
YGL206C	353	1072.4	50.18	28.0	3.24	46.93	0.9915	0.0846	-43.69
YGL207W	208	415.5	42.33	16.5	3.05	39.28	0.9952	0.1126	-36.23
YGL208W	58	525.3	46.09	26.0	3.95	42.14	1.0	0.112	-38.19
YGL209W	94	569.6	50.01	65.5	2.76	47.26	0.9787	0.1096	-44.5
YGL210W	112	495.7	40.94	13.5	2.41	38.53	0.9732	0.0958	-36.12
YGL211W	137	768.2	48.72	26.0	1.93	46.79	1.0	0.0739	-44.86
YGL212W	8	564.5	17.5	7.0	1.75	15.75	1.0	0.0282	-14.0
YGL213C	165	517.3	43.14	16.0	1.84	41.3	0.9879	0.0926	-39.47
YGL214W	154	510.4	42.11	15.0	2.73	39.38	0.974	0.0883	-36.64
YGL215W	282	904.7	45.8	19.0	2.92	42.89	0.9894	0.075	-39.97
YGL216W	36	807.8	46.0	40.5	1.28	44.72	1.0	0.0755	-43.44
YGL218W	46	440.5	33.22	9.5	1.7	31.52	1.0	0.1039	-29.83
YGL219C	208	453.6	38.44	12.0	1.35	37.09	0.9904	0.0849	-35.75
YGL220W	235	493.0	39.93	13.0	2.07	37.86	0.9872	0.0775	-35.79
YGL221C	319	494.0	37.29	10.0	1.5	35.79	0.9843	0.0798	-34.29
YGL222C	80	396.5	45.25	13.0	5.76	39.49	0.9875	0.1183	-33.72
YGL223C	132	551.6	62.35	64.5	5.66	56.69	1.0	0.1244	-51.03
YGL224C	542	519.9	51.77	69.0	3.63	48.15	0.9871	0.1143	-44.52
YGL225W	659	708.2	61.76	70.0	11.62	50.14	0.9894	0.1026	-38.52
YGL226C-A	307	441.8	68.89	71.0	23.48	45.41	1.0	0.1552	-21.93
YGL226W	292	397.8	66.42	59.0	25.0	41.41	0.9966	0.1572	-16.41
YGL227W	273	531.8	71.33	70.0	26.06	45.27	0.9963	0.152	-19.22
YGL228W	53	1047.5	53.11	66.0	1.53	51.58	0.9811	0.0724	-50.06
YGL229C	29	664.1	45.38	52.0	1.24	44.14	0.9655	0.0862	-42.9
YGL230C	265	578.6	55.29	73.0	1.53	53.76	1.0	0.0991	-52.23
YGL231C	352	598.3	53.4	70.0	2.09	51.32	0.9943	0.0932	-49.23
YGL232W	430	588.6	51.12	67.5	2.26	48.86	0.9907	0.0953	-46.6
YGL233W	257	647.8	46.99	20.0	2.33	44.65	0.9961	0.1023	-42.32
YGL234W	232	1002.3	44.03	15.0	2.68	41.35	0.9957	0.0706	-38.67
YGL235W	10	320.1	38.3	17.0	1.5	36.8	1.0	0.1103	-35.3
YGL236C	40	901.8	49.12	22.5	3.1	46.02	1.0	0.0682	-42.92
YGL237C	174	497.3	47.27	60.0	2.69	44.58	0.9943	0.1058	-41.89
YGL238W	311	898.9	51.55	68.0	3.43	48.12	0.9936	0.082	-44.69
YGL239C	16	672.3	52.38	68.5	1.06	51.31	1.0	0.0857	-50.25
YGL240W	25	535.5	27.04	6.0	0.64	26.4	1.0	0.0541	-25.76
YGL241W	89	750.8	42.92	22.0	1.03	41.89	0.9663	0.07	-40.85
YGL242C	58	512.0	40.38	10.0	3.9	36.48	0.9138	0.0871	-32.59
YGL243W	176	670.1	51.01	72.5	3.01	48.0	0.983	0.0904	-44.99
YGL244W	628	460.5	39.25	11.0	2.23	37.02	0.9713	0.0936	-34.79
YGL245W	1086	853.4	41.67	13.0	2.62	39.05	0.977	0.068	-36.44
YGL246C	144	787.4	48.31	58.5	2.09	46.22	1.0	0.0788	-44.13
YGL247W	136	517.3	45.9	39.5	3.8	42.1	0.9853	0.0974	-38.3
YGL248W	143	690.6	40.52	11.0	2.09	38.43	0.986	0.0737	-36.34
YGL249W	50	653.6	54.24	70.5	3.94	50.3	1.0	0.0919	-46.36
YGL250W	37	718.3	44.03	18.0	2.54	41.49	1.0	0.0661	-38.95
YGL251C	31	796.5	32.13	11.0	1.68	30.45	1.0	0.0786	-28.77
YGL252C	598	542.2	48.73	48.0	3.75	44.98	0.9833	0.107	-41.24
YGL253W	1541	1108.7	52.78	70.0	3.67	49.11	0.9877	0.0689	-45.44
YGL254W	154	544.6	50.18	62.0	2.28	47.9	1.0	0.121	-45.62
YGL255W	200	887.3	72.18	77.0	16.08	56.11	0.99	0.1001	-40.03
YGL256W	169	749.1	58.96	73.0	3.46	55.5	0.9763	0.1105	-52.04
YGL257C	154	758.6	48.95	62.0	3.99	44.96	0.9935	0.089	-40.97
YGL258W	62	404.9	51.45	69.5	1.87	49.58	1.0	0.1365	-47.71
YGL258W-A	22	608.3	67.14	47.5	7.14	60.0	1.0	0.1305	-52.86
YGR001C	363	575.0	61.74	67.0	14.97	46.77	0.9972	0.1128	-31.8
YGR002C	88	592.1	44.86	23.5	2.58	42.28	1.0	0.0928	-39.7
YGR003W	44	869.7	42.14	19.0	2.32	39.82	1.0	0.0762	-37.5
YGR004W	90	528.1	50.38	60.0	2.54	47.83	1.0	0.1132	-45.29
YGR005C	85	746.3	46.24	12.0	4.09	42.14	1.0	0.0791	-38.05
YGR006W	11	490.7	40.73	10.0	0.91	39.82	1.0	0.0785	-38.91
YGR007W	785	475.5	43.93	16.0	1.81	42.12	0.9936	0.0957	-40.31
YGR008C	717	450.5	43.25	15.0	2.04	41.22	0.9986	0.0951	-39.18
YGR009C	62	464.7	39.24	10.0	1.13	38.11	0.9839	0.0913	-36.98
YGR010W	54	785.4	56.09	73.5	2.22	53.87	1.0	0.0908	-51.65
YGR011W	41	810.1	52.93	61.0	7.95	44.98	1.0	0.0758	-37.02
YGR012W	88	789.5	50.26	67.0	6.74	43.52	0.9773	0.0734	-36.78
YGR013W	51	637.0	50.04	61.0	2.69	47.35	1.0	0.0986	-44.67
YGR014W	149	617.6	53.46	68.0	2.42	51.05	0.9866	0.1145	-48.63
YGR015C	126	488.9	51.17	70.5	2.13	49.03	0.9921	0.1227	-46.9
YGR016W	46	720.4	60.63	67.0	1.59	59.04	1.0	0.084	-57.46
YGR017W	102	615.4	43.25	13.5	6.48	36.76	1.0	0.0793	-30.28
YGR018C	68	619.1	41.13	10.0	2.74	38.4	0.9853	0.0777	-35.66
YGR019W	672	554.4	40.7	14.0	3.26	37.44	0.9896	0.0793	-34.18
YGR020C	614	507.9	43.82	17.0	4.36	39.46	0.9886	0.0856	-35.09
YGR021W	496	515.4	38.96	15.0	2.79	36.17	0.9919	0.0762	-33.38
YGR023W	57	642.2	64.54	76.0	7.28	57.26	1.0	0.1142	-49.98
YGR024C	129	590.3	49.65	63.0	1.93	47.72	0.9922	0.0983	-45.79
YGR025W	187	686.9	58.26	68.0	2.74	55.52	0.9947	0.089	-52.79
YGR026W	6512	422.7	51.91	29.0	10.06	41.85	0.9986	0.1197	-31.79
YGR027C	6235	417.4	51.44	28.0	10.3	41.13	0.9986	0.1201	-30.83
YGR027W-A	134	673.1	47.9	58.5	2.31	45.59	0.9851	0.0975	-43.28
YGR027W-B	3457	1208.6	51.08	61.0	3.27	47.81	0.9795	0.0525	-44.54
YGR028W	350	702.1	41.51	16.5	2.34	39.17	0.9743	0.0704	-36.83
YGR029W	261	518.7	54.91	61.0	15.16	39.75	0.9847	0.1127	-24.59
YGR030C	131	465.5	48.21	64.0	1.63	46.59	0.9847	0.114	-44.96
YGR031C-A	22	499.7	55.86	15.0	2.05	53.82	1.0	0.1132	-51.77
YGR031W	86	513.0	42.3	14.5	2.24	40.06	0.9884	0.0921	-37.81
YGR032W	208	806.9	49.44	61.0	3.38	46.06	0.9904	0.0832	-42.69
YGR033C	212	748.4	42.49	15.0	2.87	39.62	0.9858	0.0716	-36.75
YGR034W	7868	505.7	63.61	43.0	25.66	37.95	0.9967	0.1215	-12.29
YGR035C	7812	502.2	63.41	43.0	25.44	37.97	0.9967	0.1215	-12.54
YGR035W-A	353	271.7	47.46	21.0	4.64	42.82	0.9943	0.173	-38.18
YGR036C	327	392.1	46.9	21.0	3.38	43.52	0.9939	0.1391	-40.14
YGR037C	1374	468.2	48.72	61.0	1.63	47.1	0.9942	0.106	-45.47
YGR038C-A	176	375.0	81.09	68.0	19.06	62.03	0.9943	0.1892	-42.97
YGR038C-B	1902	1035.1	50.22	30.5	2.84	47.38	0.9774	0.0642	-44.54
YGR038W	396	499.4	49.96	65.0	4.12	45.83	0.9848	0.1021	-41.71
YGR039W	35	418.1	47.6	73.0	1.31	46.29	1.0	0.12	-44.97
YGR040W	122	643.4	44.57	22.5	2.11	42.47	0.959	0.0895	-40.36
YGR041W	80	585.9	46.69	28.5	1.99	44.7	0.975	0.1075	-42.71
YGR042W	70	503.1	40.77	13.0	2.7	38.07	1.0	0.09	-35.37
YGR043C	53	662.1	34.85	11.0	2.6	32.25	1.0	0.0564	-29.64
YGR044C	232	657.2	54.43	71.5	2.18	52.25	0.9957	0.1032	-50.08
YGR046W	120	941.0	55.29	66.0	4.22	51.07	0.9917	0.0749	-46.84
YGR047C	86	702.9	48.37	64.5	4.85	43.52	0.9884	0.0824	-38.67
YGR048W	71	833.1	59.15	67.0	3.18	55.97	0.9859	0.0811	-52.79
YGR049W	174	536.6	49.99	42.5	4.68	45.3	1.0	0.0981	-40.62
YGR050C	207	482.0	40.01	17.0	2.88	37.13	0.9855	0.1011	-34.25
YGR051C	60	311.2	40.43	15.5	2.68	37.75	0.9833	0.1204	-35.07
YGR052W	59	383.4	42.88	16.0	2.37	40.51	0.9831	0.1178	-38.14
YGR053C	38	540.4	43.66	13.5	2.13	41.53	1.0	0.084	-39.39
YGR054W	176	776.2	44.11	17.0	2.55	41.56	0.9886	0.0773	-39.01
YGR055W	333	861.3	47.22	23.0	1.78	45.44	1.0	0.0809	-43.67
YGR056W	220	545.4	56.25	74.0	5.33	50.93	0.9955	0.1167	-45.6
YGR057C	133	765.8	57.68	75.0	2.53	55.15	0.985	0.092	-52.62
YGR058W	40	627.8	49.9	68.5	2.2	47.7	1.0	0.1022	-45.5
YGR059W	62	393.9	34.34	10.0	2.77	31.56	1.0	0.0894	-28.79
YGR060W	834	830.7	52.04	67.0	2.98	49.06	0.9868	0.0828	-46.07
YGR061C	547	661.2	49.34	63.0	4.21	45.13	0.958	0.1027	-40.91
YGR062C	146	493.9	48.75	69.0	2.62	46.13	1.0	0.1121	-43.51
YGR063C	99	395.3	40.79	13.0	1.21	39.58	0.9899	0.1023	-38.36
YGR064W	138	430.5	44.8	15.5	1.7	43.1	1.0	0.1041	-41.41
YGR065C	140	565.2	44.73	19.0	1.77	42.96	0.9786	0.1016	-41.19
YGR066C	23	397.7	37.96	13.0	1.35	36.61	1.0	0.1155	-35.26
YGR067C	33	390.4	47.21	68.0	1.06	46.15	1.0	0.1483	-45.09
YGR068C	29	638.3	41.14	15.0	3.55	37.59	1.0	0.1006	-34.03
YGR069W	7	340.3	43.86	15.0	3.57	40.29	1.0	0.1271	-36.71
YGR070W	108	712.5	38.17	12.0	1.62	36.55	0.9722	0.0801	-34.93
YGR071C	105	904.3	56.3	72.0	1.86	54.45	0.981	0.0961	-52.59
YGR072W	74	641.3	52.41	71.0	2.64	49.77	0.9865	0.0911	-47.14
YGR073C	105	625.6	61.77	76.0	2.55	59.22	0.9905	0.1041	-56.67
YGR074W	86	607.0	48.5	37.0	1.41	47.09	1.0	0.0915	-45.69
YGR075C	99	597.4	52.25	71.0	1.44	50.81	0.9899	0.0947	-49.36
YGR076C	70	408.7	48.46	46.5	2.97	45.49	0.9714	0.1297	-42.51
YGR077C	125	695.1	45.75	19.0	2.24	43.51	0.992	0.0839	-41.27
YGR078C	25	524.4	52.44	69.0	3.44	49.0	1.0	0.1084	-45.56
YGR079W	28	577.2	46.43	23.5	3.54	42.89	1.0	0.1117	-39.36
YGR080W	152	689.2	45.73	14.0	1.97	43.76	0.9934	0.0771	-41.8
YGR081C	211	540.1	51.55	52.0	5.02	46.53	1.0	0.105	-41.51
YGR082W	208	555.5	50.71	52.0	2.25	48.47	0.9808	0.0975	-46.22
YGR083C	273	689.6	57.1	65.0	4.56	52.53	0.9927	0.1023	-47.97
YGR084C	3781	553.6	46.13	17.0	2.08	44.05	0.9923	0.088	-41.98
YGR085C	3718	546.6	45.84	18.0	1.9	43.94	0.9952	0.0875	-42.04
YGR086C	305	663.8	43.01	13.0	2.66	40.36	0.9869	0.0845	-37.7
YGR087C	14	442.9	56.29	70.0	1.5	54.79	1.0	0.1456	-53.29
YGR088W	97	488.5	40.51	13.0	1.68	38.82	0.9897	0.1134	-37.14
YGR089W	141	558.2	64.56	48.0	4.16	60.4	1.0	0.1381	-56.23
YGR090W	178	813.4	54.15	19.0	10.44	43.71	0.9944	0.0979	-33.27
YGR091W	134	559.6	44.1	16.0	1.74	42.36	1.0	0.0966	-40.62
YGR092W	135	690.1	44.84	29.0	2.09	42.76	0.9778	0.0895	-40.67
YGR093W	133	668.9	45.46	16.0	2.1	43.36	0.9774	0.0888	-41.26
YGR094W	1597	824.4	46.44	22.0	2.29	44.14	0.9875	0.0768	-41.85
YGR095C	1061	499.1	45.76	21.0	2.72	43.03	0.9859	0.0983	-40.31
YGR096W	90	556.9	43.26	12.0	2.63	40.62	1.0	0.0826	-37.99
YGR097W	160	851.1	58.09	71.5	2.17	55.92	0.9938	0.1027	-53.76
YGR098C	122	622.7	56.66	68.5	4.35	52.3	1.0	0.1132	-47.95
YGR099W	45	999.7	42.24	14.0	3.67	38.58	1.0	0.0424	-34.91
YGR100W	95	831.0	47.31	27.0	1.95	45.36	0.9895	0.0807	-43.41
YGR101W	144	651.3	44.83	20.0	2.06	42.76	0.9861	0.0831	-40.7
YGR102C	69	504.4	40.57	13.0	2.28	38.29	1.0	0.0915	-36.01
YGR103W	590	627.9	41.01	11.0	2.56	38.45	0.9814	0.0832	-35.88
YGR104C	846	453.1	46.11	20.5	2.85	43.27	0.9941	0.1058	-40.42
YGR105W	845	628.8	51.07	63.0	4.03	47.04	1.0	0.0904	-43.01
YGR106C	892	673.0	49.54	65.0	2.15	47.39	0.9944	0.0816	-45.24
YGR107W	48	419.7	87.25	74.5	7.94	79.31	0.9792	0.1943	-71.38
YGR108W	86	923.7	54.36	67.5	1.24	53.12	0.9535	0.0765	-51.87
YGR109C	75	568.0	75.19	77.0	17.48	57.71	1.0	0.1779	-40.23
YGR109W-A	23	389.2	165.91	128.0	80.61	85.3	1.0	0.4113	-4.7
YGR109W-B	60	504.2	124.9	87.5	61.08	63.82	1.0	0.3024	-2.73
YGR110W	50	402.4	40.16	15.0	1.38	38.78	1.0	0.1102	-37.4
YGR111W	117	769.2	45.61	18.0	4.34	41.26	0.9829	0.0839	-36.92
YGR112W	61	667.0	54.49	72.0	2.36	52.13	1.0	0.1116	-49.77
YGR113W	32	677.9	57.66	14.5	20.47	37.19	1.0	0.0872	-16.72
YGR114C	6	478.3	95.67	80.5	5.5	90.17	1.0	0.2318	-84.67
YGR115C	16	506.4	50.12	55.5	4.12	46.0	1.0	0.1187	-41.88
YGR116W	406	804.3	51.79	67.5	2.24	49.55	0.9803	0.0844	-47.31
YGR117C	316	614.2	52.49	62.5	2.03	50.47	0.9842	0.111	-48.44
YGR118W	6777	558.0	90.32	84.0	50.2	40.12	0.9996	0.1527	10.08
YGR119C	7500	565.0	91.37	84.0	49.12	42.25	0.9984	0.1544	6.88
YGR120C	136	508.1	51.63	62.0	3.99	47.65	0.9632	0.1188	-43.66
YGR121C	151	674.6	49.32	49.0	2.83	46.49	0.9934	0.0981	-43.66
YGR121W-A	21	314.3	42.52	18.0	6.38	36.14	1.0	0.1374	-29.76
YGR122C-A	127	453.6	114.42	74.0	68.45	45.97	1.0	0.2192	22.48
YGR122W	132	613.5	64.77	49.0	26.93	37.84	0.9848	0.1211	-10.91
YGR123C	248	842.7	79.11	66.5	30.9	48.22	0.996	0.1221	-17.32
YGR124W	862	921.1	47.62	19.5	2.62	45.0	0.993	0.0668	-42.38
YGR125W	452	609.0	46.37	21.5	2.95	43.41	1.0	0.1042	-40.46
YGR126W	108	456.0	52.84	68.0	4.39	48.45	1.0	0.1261	-44.06
YGR127W	114	502.3	43.42	12.5	2.86	40.56	0.9912	0.095	-37.7
YGR128C	188	974.1	46.49	57.5	1.87	44.62	0.9894	0.0726	-42.74
YGR129W	75	495.2	44.91	14.0	2.19	42.72	0.9867	0.0997	-40.53
YGR130C	100	707.6	51.23	27.5	5.56	45.67	0.98	0.095	-40.11
YGR131W	274	542.1	48.07	57.0	2.91	45.16	0.9891	0.1009	-42.26
YGR132C	500	847.5	49.1	21.0	2.56	46.54	0.994	0.0704	-43.98
YGR133W	31	489.6	55.39	75.0	2.16	53.23	0.9677	0.13	-51.06
YGR134W	81	668.0	63.84	75.0	1.94	61.9	0.9506	0.1044	-59.96
YGR135W	409	774.4	39.33	9.0	2.17	37.16	0.9682	0.0524	-35.0
YGR136W	507	586.6	51.89	56.0	13.21	38.68	0.9921	0.0978	-25.46
YGR137W	346	549.3	41.34	14.0	3.82	37.51	1.0	0.0885	-33.69
YGR138C	428	780.7	53.68	71.0	3.03	50.65	0.9907	0.0989	-47.62
YGR139W	21	482.4	52.52	75.0	1.43	51.1	1.0	0.1266	-49.67
YGR140W	39	710.3	60.64	79.0	11.92	48.72	1.0	0.118	-36.79
YGR141W	120	621.6	47.55	44.5	3.18	44.37	0.975	0.0964	-41.18
YGR142W	3255	485.8	38.92	10.0	1.98	36.94	0.9874	0.0866	-34.96
YGR143W	168	756.4	112.55	72.5	3.18	109.36	0.9881	0.1547	-106.18
YGR144W	30	384.8	66.6	75.0	7.23	59.37	1.0	0.2138	-52.13
YGR145W	135	474.8	47.75	64.0	3.56	44.19	0.9926	0.1196	-40.64
YGR146C	239	683.5	47.27	58.0	2.57	44.7	0.9833	0.0841	-42.13
YGR146C-A	57	342.2	49.46	56.0	4.84	44.61	1.0	0.1547	-39.77
YGR147C	2184	506.8	46.23	20.0	6.99	39.24	0.9922	0.0949	-32.26
YGR148C	2050	502.9	44.37	19.0	7.33	37.04	0.9951	0.0892	-29.71
YGR149W	175	598.5	48.51	62.0	2.13	46.38	0.9829	0.0972	-44.26
YGR150C	119	888.2	52.73	58.0	5.26	47.47	0.9916	0.0847	-42.21
YGR151C	65	532.5	43.2	20.0	3.89	39.31	0.9846	0.0893	-35.42
YGR152C	85	514.5	42.0	12.0	1.84	40.16	0.9882	0.0962	-38.33
YGR153W	54	494.0	38.37	10.0	2.44	35.93	1.0	0.0764	-33.48
YGR154C	83	591.2	38.99	11.0	1.46	37.53	1.0	0.0719	-36.07
YGR155W	1227	936.6	57.3	73.0	3.11	54.19	0.9886	0.0835	-51.08
YGR156W	554	449.0	52.82	70.0	3.33	49.49	0.9819	0.1274	-46.16
YGR157W	523	1014.5	50.11	64.0	3.62	46.5	0.9885	0.0801	-42.88
YGR158C	575	462.3	47.55	26.0	2.55	45.0	0.9948	0.1131	-42.45
YGR159C	559	692.5	51.55	65.0	2.91	48.64	0.9928	0.1026	-45.73
YGR160W	679	676.5	51.38	58.0	3.42	47.97	0.9971	0.0968	-44.55
YGR161C	509	689.4	51.53	46.0	4.39	47.13	1.0	0.0908	-42.74
YGR161C-C	52	482.4	46.96	42.5	3.06	43.9	0.9615	0.119	-40.85
YGR161C-D	997	821.0	51.31	62.0	4.46	46.85	0.9639	0.0724	-42.38
YGR161W-A	41	525.4	62.56	76.0	2.78	59.78	1.0	0.1389	-57.0
YGR161W-B	1130	865.9	50.23	37.5	6.64	43.59	0.9664	0.0661	-36.96
YGR161W-C	267	482.7	46.88	34.0	2.66	44.22	0.985	0.1056	-41.55
YGR162W	781	894.2	52.0	65.0	2.32	49.69	0.9962	0.0836	-47.37
YGR163W	491	507.9	56.4	73.0	3.94	52.45	0.9959	0.1292	-48.51
YGR164W	53	368.2	66.06	73.0	17.32	48.74	1.0	0.2113	-31.42
YGR165W	109	548.4	58.94	77.0	6.2	52.74	1.0	0.1524	-46.54
YGR166W	127	825.4	61.19	71.0	1.43	59.76	1.0	0.0966	-58.34
YGR167W	259	523.2	41.64	15.0	3.03	38.61	0.9923	0.0898	-35.58
YGR168C	318	612.7	45.17	21.0	2.23	42.94	0.9969	0.0885	-40.72
YGR169C	202	497.7	39.47	11.0	2.74	36.73	0.9802	0.0865	-34.0
YGR169C-A	157	511.3	47.23	33.0	2.13	45.1	0.9745	0.1014	-42.96
YGR170W	83	609.6	47.8	29.0	2.13	45.66	0.988	0.1009	-43.53
YGR171C	163	490.9	48.62	56.0	5.23	43.39	1.0	0.113	-38.17
YGR172C	135	673.1	56.37	71.0	2.09	54.28	0.9852	0.0984	-52.19
YGR173W	165	689.3	45.02	11.0	3.0	42.02	0.9515	0.0785	-39.02
YGR174C	228	406.9	48.78	22.0	5.64	43.14	0.9868	0.1245	-37.5
YGR174W-A	334	563.2	53.01	63.5	4.2	48.81	0.979	0.1027	-44.6
YGR175C	674	1108.9	60.5	75.0	2.33	58.18	0.9985	0.0724	-55.85
YGR176W	23	528.8	67.0	79.0	2.57	64.43	1.0	0.1613	-61.87
YGR177C	121	505.9	42.48	16.0	2.53	39.95	0.9669	0.1073	-37.42
YGR178C	234	838.3	49.53	20.5	3.24	46.29	0.9829	0.0834	-43.04
YGR179C	450	415.8	47.31	64.0	2.74	44.56	0.9956	0.1238	-41.82
YGR180C	1129	881.7	47.36	24.0	4.16	43.2	0.9867	0.0706	-39.04
YGR181W	683	521.5	64.06	76.0	15.34	48.71	1.0	0.1239	-33.37
YGR182C	581	515.6	60.48	74.0	13.25	47.23	0.9966	0.1178	-33.97
YGR183C	641	497.7	57.41	71.0	11.46	45.95	0.9953	0.1162	-34.49
YGR184C	269	547.9	37.5	11.0	3.98	33.52	0.974	0.0944	-29.54
YGR185C	651	909.8	43.49	16.0	2.71	40.78	0.977	0.0617	-38.07
YGR186W	203	582.6	38.15	12.0	1.44	36.71	0.9704	0.0737	-35.27
YGR187C	164	548.8	36.26	11.0	2.57	33.7	0.9451	0.0786	-31.13
YGR188C	56	470.0	40.3	12.5	1.96	38.34	1.0	0.0924	-36.38
YGR189C	989	667.3	47.32	36.0	3.75	43.56	0.9717	0.1007	-39.81
YGR190C	22	481.0	35.14	11.0	0.91	34.23	0.9545	0.0766	-33.32
YGR191W	9011	365.9	49.13	67.0	2.54	46.59	0.9957	0.1405	-44.05
YGR192C	27701	790.9	48.76	65.0	2.31	46.45	0.9917	0.0789	-44.14
YGR193C	219	629.1	41.03	13.0	2.19	38.84	0.9543	0.0902	-36.65
YGR194C	30	715.8	54.5	73.5	2.53	51.97	1.0	0.1027	-49.43
YGR195W	99	587.2	49.8	62.0	3.33	46.46	1.0	0.1006	-43.13
YGR196C	134	549.4	47.3	24.0	2.78	44.52	1.0	0.1021	-41.75
YGR197C	61	730.5	51.0	71.0	1.8	49.2	0.9672	0.0954	-47.39
YGR198W	150	855.6	51.65	65.0	5.29	46.36	1.0	0.0963	-41.07
YGR199W	210	616.1	50.02	64.5	3.22	46.8	0.9857	0.1085	-43.59
YGR200C	186	752.7	47.66	32.0	3.26	44.4	0.9892	0.0931	-41.15
YGR201C	65	525.7	43.32	16.0	1.77	41.55	0.9846	0.0868	-39.78
YGR202C	126	849.5	48.02	26.5	1.84	46.18	1.0	0.0754	-44.34
YGR203W	57	524.0	44.18	16.0	1.26	42.91	0.9825	0.0923	-41.65
YGR204C-A	148	469.4	48.68	64.0	3.7	44.97	0.9932	0.1133	-41.27
YGR204W	385	1062.4	48.8	65.0	2.42	46.38	0.9844	0.0679	-43.97
YGR205W	223	422.3	41.97	14.0	2.93	39.04	1.0	0.1111	-36.12
YGR206W	167	578.3	47.59	19.0	2.46	45.13	1.0	0.0977	-42.68
YGR207C	175	529.2	43.79	13.0	1.68	42.11	0.9886	0.0866	-40.43
YGR208W	946	481.2	47.53	33.0	2.1	45.43	0.9958	0.098	-43.33
YGR209C	819	460.2	48.38	34.0	3.41	44.98	0.9951	0.1044	-41.57
YGR210C	899	495.7	48.83	54.0	3.04	45.79	0.9956	0.1031	-42.75
YGR211W	985	1039.6	46.44	18.0	2.77	43.68	0.9888	0.0633	-40.91
YGR212W	492	463.9	41.08	13.0	3.91	37.17	0.9959	0.1019	-33.26
YGR213C	84	534.9	45.35	41.0	2.46	42.88	0.9881	0.1006	-40.42
YGR214W	1555	667.8	87.67	94.0	51.63	36.04	0.9968	0.1231	15.59
YGR215W	690	434.7	40.48	12.0	4.61	35.88	0.9957	0.0927	-31.27
YGR216C	219	548.9	41.21	14.0	2.46	38.74	0.9726	0.0952	-36.28
YGR217W	130	586.0	79.55	74.0	29.95	49.59	1.0	0.1525	-19.64
YGR218W	264	948.0	48.31	27.0	3.92	44.39	0.9773	0.0811	-40.47
YGR219W	187	553.3	42.35	15.0	3.94	38.41	1.0	0.0827	-34.47
YGR220C	196	507.9	40.42	13.0	1.56	38.86	0.9898	0.0901	-37.3
YGR221C	91	490.3	59.27	69.0	2.29	56.99	1.0	0.1434	-54.7
YGR222W	143	525.3	46.27	18.0	1.7	44.57	1.0	0.1134	-42.87
YGR223C	103	670.0	38.06	12.0	2.04	36.02	1.0	0.0667	-33.98
YGR224W	18	864.8	42.28	14.0	1.83	40.44	1.0	0.0695	-38.61
YGR225W	6	635.3	21.0	10.5	0.5	20.5	1.0	0.0415	-20.0
YGR226C	5	403.6	42.2	14.0	2.4	39.8	0.8	0.0774	-37.4
YGR227C-A	70	515.1	64.19	73.0	10.31	53.87	0.9857	0.1361	-43.56
YGR227W	94	571.5	44.21	23.0	2.72	41.49	1.0	0.1037	-38.77
YGR228W	84	519.6	52.71	68.5	3.3	49.42	0.9881	0.127	-46.12
YGR229C	97	899.0	45.73	17.0	1.66	44.07	0.9897	0.0814	-42.41
YGR230W	183	497.6	42.84	15.0	2.71	40.13	0.9945	0.0934	-37.42
YGR231C	239	643.6	45.6	15.0	1.89	43.71	0.9958	0.0815	-41.82
YGR232W	201	582.5	48.87	51.0	3.79	45.08	0.995	0.0936	-41.29
YGR233C	335	711.0	50.13	64.0	3.09	47.05	0.991	0.0978	-43.96
YGR234W	4602	974.6	51.92	70.0	3.12	48.8	0.9957	0.0696	-45.68
YGR235C	2196	521.4	44.89	21.0	3.16	41.73	0.9927	0.0932	-38.57
YGR236C	39	395.6	47.59	56.0	3.28	44.31	1.0	0.1234	-41.03
YGR237C	97	745.2	50.8	36.0	3.11	47.69	1.0	0.0935	-44.58
YGR238C	110	476.9	47.47	40.5	3.38	44.09	0.9909	0.1174	-40.71
YGR239C	320	390.0	46.06	26.0	2.74	43.32	0.9969	0.1226	-40.58
YGR240C	815	1120.4	54.22	70.0	2.48	51.74	0.9877	0.0702	-49.26
YGR240C-A	94	448.3	46.82	44.0	2.59	44.23	1.0	0.1188	-41.65
YGR241C	115	686.8	49.78	60.0	3.34	46.44	0.9739	0.0929	-43.1
YGR243W	115	537.0	52.8	69.0	4.17	48.63	0.9826	0.1066	-44.45
YGR244C	307	661.4	48.39	28.0	2.6	45.79	0.9805	0.0929	-43.19
YGR245C	169	493.5	40.07	12.0	3.02	37.04	0.9822	0.093	-34.02
YGR246C	65	574.8	39.82	9.0	2.09	37.72	0.9231	0.0838	-35.63
YGR247W	35	461.7	51.17	66.0	1.57	49.6	1.0	0.1489	-48.03
YGR248W	59	655.7	55.81	73.0	5.39	50.42	0.9831	0.0886	-45.03
YGR249W	69	594.3	58.75	71.0	1.46	57.29	1.0	0.1229	-55.83
YGR250C	594	992.9	58.69	72.0	4.36	54.34	0.9949	0.0854	-49.98
YGR251W	85	519.0	55.72	70.0	10.86	44.86	0.9882	0.1109	-34.0
YGR252W	350	684.6	49.4	40.0	2.0	47.4	0.9743	0.0866	-45.4
YGR253C	345	606.9	48.82	22.0	3.5	45.32	0.9797	0.0917	-41.83
YGR254W	3843	900.9	46.29	20.0	2.32	43.97	0.9826	0.0719	-41.65
YGR255C	1945	463.1	43.34	16.0	3.37	39.96	0.9763	0.1043	-36.59
YGR256W	74	529.8	49.54	24.0	5.41	44.14	1.0	0.1168	-38.73
YGR257C	124	693.2	49.3	13.5	3.71	45.59	1.0	0.0767	-41.88
YGR258C	71	849.3	41.0	16.0	3.3	37.7	1.0	0.0675	-34.41
YGR259C	14	431.7	59.64	23.0	3.07	56.57	0.9286	0.1308	-53.5
YGR260W	285	959.4	53.08	70.0	3.42	49.66	0.986	0.0693	-46.24
YGR261C	235	681.7	44.68	23.0	4.22	40.46	0.9872	0.0862	-36.24
YGR262C	49	597.5	52.14	14.0	16.12	36.02	1.0	0.0883	-19.9
YGR263C	333	485.5	44.07	19.0	3.15	40.92	0.973	0.0998	-37.77
YGR264C	628	1057.0	50.82	67.0	3.28	47.54	0.9825	0.0735	-44.26
YGR265W	6	520.3	35.17	21.5	4.33	30.83	0.8333	0.055	-26.5
YGR266W	319	594.3	39.68	12.0	4.65	35.03	0.9969	0.0785	-30.39
YGR267C	445	670.0	47.84	26.0	2.89	44.95	0.9888	0.0839	-42.06
YGR268C	69	760.2	115.58	122.0	2.43	113.14	1.0	0.1514	-110.71
YGR269W	21	620.6	54.76	71.0	3.71	51.05	1.0	0.1018	-47.33
YGR270W	72	766.4	43.14	14.0	2.1	41.04	1.0	0.08	-38.94
YGR271C-A	199	626.2	41.68	13.0	1.52	40.16	0.9799	0.072	-38.64
YGR271W	256	666.7	46.06	15.0	3.43	42.63	0.9883	0.0838	-39.2
YGR273C	85	624.6	36.94	15.0	2.05	34.89	0.9412	0.0652	-32.85
YGR274C	96	639.2	42.91	16.0	3.44	39.47	0.9896	0.0897	-36.03
YGR275W	90	536.0	38.22	12.5	3.34	34.88	0.9778	0.0752	-31.53
YGR276C	135	890.9	41.76	18.0	2.13	39.63	0.9926	0.056	-37.5
YGR277C	41	806.3	39.29	14.0	1.9	37.39	0.9512	0.0539	-35.49
YGR278W	351	503.5	54.79	72.0	3.07	51.71	0.9886	0.1277	-48.64
YGR279C	574	817.7	58.49	77.0	3.26	55.22	0.9965	0.098	-51.96
YGR280C	62	394.7	38.71	10.5	2.26	36.45	1.0	0.105	-34.19
YGR281W	925	522.5	51.86	69.0	2.97	48.89	0.9892	0.1178	-45.92
YGR282C	2009	821.6	58.12	74.0	3.33	54.8	0.993	0.087	-51.47
YGR283C	267	499.0	47.88	59.0	2.18	45.7	0.985	0.1077	-43.53
YGR284C	811	772.1	49.87	64.0	2.17	47.7	0.9951	0.0805	-45.54
YGR285C	406	669.8	43.22	16.0	1.92	41.3	0.9926	0.0947	-39.37
YGR286C	205	808.5	41.62	12.0	2.69	38.93	0.9902	0.0643	-36.23
YGR287C	52	623.4	91.31	76.0	1.65	89.65	1.0	0.161	-88.0
YGR288W	55	593.2	58.42	73.0	2.33	56.09	1.0	0.1338	-53.76
YGR289C	33	711.3	40.97	10.0	6.7	34.27	0.9697	0.0799	-27.58
YGR292W	34	501.7	71.09	76.0	6.79	64.29	0.9706	0.1498	-57.5
YGR293C	22	363.5	57.32	67.0	2.64	54.68	1.0	0.1678	-52.05
YGR294W	29	285.6	45.76	32.0	1.72	44.03	1.0	0.1592	-42.31
YGR295C	303	561.1	48.53	54.0	2.56	45.97	0.9934	0.1038	-43.41
YGR296C-B	15	567.1	35.6	14.0	4.8	30.8	1.0	0.0839	-26.0
YGR296W	36	645.1	48.47	34.5	3.89	44.58	1.0	0.104	-40.69
YHL001W	2012	488.8	133.81	141.0	89.13	44.68	1.0	0.2492	44.45
YHL002C-A	135	448.8	46.76	62.0	2.39	44.37	0.9926	0.1125	-41.99
YHL002W	171	420.8	42.56	12.0	2.15	40.42	0.9883	0.1099	-38.27
YHL003C	391	836.4	51.86	68.0	3.42	48.44	0.9949	0.0895	-45.02
YHL004W	197	588.9	53.19	70.0	4.43	48.76	0.9898	0.1083	-44.32
YHL005C	11	470.9	51.18	74.0	2.18	49.0	1.0	0.1207	-46.82
YHL006C	8	519.9	68.5	78.5	2.12	66.38	1.0	0.1369	-64.25
YHL006W-A	13	449.2	55.38	64.0	3.08	52.31	1.0	0.1221	-49.23
YHL007C	69	836.5	58.75	72.0	1.7	57.06	0.9855	0.0898	-55.36
YHL008C	55	390.5	75.49	70.0	5.87	69.62	0.9818	0.1729	-63.75
YHL009C	40	655.4	87.45	78.0	7.52	79.92	1.0	0.1736	-72.4
YHL009W-A	14	361.4	219.64	181.5	51.64	168.0	1.0	0.5763	-116.36
YHL009W-B	46	723.1	119.89	82.0	18.5	101.39	1.0	0.2505	-82.89
YHL010C	32	582.8	55.84	72.0	6.38	49.47	1.0	0.1351	-43.09
YHL011C	472	805.8	51.4	62.5	3.98	47.42	0.9979	0.074	-43.44
YHL012W	273	513.9	50.88	65.0	5.0	45.88	0.9927	0.1083	-40.88
YHL013C	82	656.4	46.51	15.0	1.87	44.65	0.9756	0.085	-42.78
YHL014C	11846	586.1	48.76	23.0	2.23	46.54	0.9979	0.0902	-44.31
YHL015W	10339	582.7	49.35	25.0	2.32	47.03	0.9972	0.092	-44.72
YHL015W-A	66	506.2	129.76	89.0	2.89	126.86	0.9242	0.2199	-123.97
YHL016C	56	553.9	48.77	44.0	3.68	45.09	1.0	0.0906	-41.41
YHL017W	54	905.5	61.17	76.5	2.54	58.63	0.963	0.0928	-56.09
YHL019C	15	793.3	51.67	71.0	2.07	49.6	0.9333	0.0675	-47.53
YHL019W-A	12	837.9	41.17	34.0	0.75	40.42	1.0	0.0515	-39.67
YHL020C	51	681.5	55.39	73.0	2.78	52.61	0.9804	0.099	-49.82
YHL021C	258	942.0	55.78	71.0	4.63	51.15	0.9922	0.0859	-46.52
YHL022C	111	489.2	50.41	53.0	4.1	46.31	1.0	0.1133	-42.21
YHL023C	82	523.5	48.43	45.0	4.09	44.34	0.9512	0.1061	-40.26
YHL024W	80	436.8	45.05	34.0	2.08	42.98	1.0	0.1194	-40.9
YHL025W	100	620.4	42.85	16.0	1.88	40.97	0.99	0.0888	-39.09
YHL026C	89	408.0	50.48	73.0	2.72	47.76	1.0	0.1357	-45.04
YHL027W	84	699.3	43.67	17.5	1.75	41.92	1.0	0.0828	-40.17
YHL028W	13	546.3	42.46	14.0	1.46	41.0	1.0	0.0878	-39.54
YHL029C	138	836.1	45.75	36.5	2.02	43.72	1.0	0.0669	-41.7
YHL030W	169	878.3	49.4	21.0	7.88	41.52	1.0	0.0796	-33.64
YHL030W-A	41	486.5	41.05	28.0	3.93	37.12	1.0	0.0956	-33.2
YHL031C	54	496.6	48.35	40.0	5.33	43.02	1.0	0.1052	-37.69
YHL032C	74	639.3	43.55	13.5	3.38	40.18	0.973	0.0896	-36.8
YHL033C	2031	638.2	43.78	15.0	2.37	41.41	0.9902	0.0807	-39.05
YHL034C	272	429.3	42.28	14.0	2.46	39.82	0.9706	0.1199	-37.36
YHL034W-A	206	535.4	36.28	11.0	2.17	34.11	0.9757	0.0744	-31.94
YHL035C	197	518.6	39.16	13.0	2.75	36.41	1.0	0.0851	-33.65
YHL036W	39	604.8	43.56	13.0	2.05	41.51	1.0	0.1001	-39.46
YHL037C	5	430.2	37.2	15.0	0.0	37.2	1.0	0.1148	-37.2
YHL038C	137	582.4	36.74	13.0	1.86	34.88	0.9927	0.0775	-33.02
YHL039W	185	709.0	38.61	14.0	2.11	36.49	0.9892	0.0673	-34.38
YHL040C	35	555.7	40.23	15.0	2.91	37.31	1.0	0.0904	-34.4
YHL041W	12	369.2	44.75	49.0	1.75	43.0	1.0	0.1269	-41.25
YHL042W	29	558.6	53.17	64.0	0.83	52.34	1.0	0.0932	-51.52
YHL043W	36	564.6	58.28	76.0	2.31	55.97	1.0	0.1119	-53.67
YHL044W	22	620.5	39.77	13.0	1.45	38.32	1.0	0.0813	-36.86
YHL046C	105	342.4	47.7	19.0	4.01	43.7	1.0	0.1264	-39.69
YHL047C	42	686.9	52.67	66.5	2.31	50.36	1.0	0.1282	-48.05
YHL048C-A	5	433.2	40.0	10.0	2.4	37.6	1.0	0.0981	-35.2
YHL048W	156	756.2	82.28	83.0	8.88	73.4	1.0	0.111	-64.52
YHL050C	28	577.1	41.07	18.5	3.11	37.96	1.0	0.0791	-34.86
YHL050W-A	29	511.7	40.59	17.0	1.79	38.79	1.0	0.1076	-37.0
YHR001W	310	531.2	59.0	65.0	14.75	44.25	0.9935	0.1268	-29.51
YHR001W-A	284	471.4	66.23	69.5	20.63	45.6	0.9965	0.1364	-24.96
YHR002W	258	481.7	62.91	66.0	19.34	43.57	0.9961	0.1324	-24.23
YHR003C	195	698.7	40.82	14.0	2.59	38.22	0.9897	0.0803	-35.63
YHR004C	147	713.0	45.07	15.0	2.58	42.5	0.9864	0.0906	-39.92
YHR005C	802	487.5	52.49	50.0	4.97	47.52	0.9963	0.1143	-42.54
YHR005C-A	1781	464.3	49.36	42.0	2.5	46.85	0.9983	0.1029	-44.35
YHR006W	641	446.3	47.0	34.0	3.65	43.35	0.9891	0.1153	-39.7
YHR007C	1317	956.8	43.39	18.0	2.84	40.55	0.9909	0.0719	-37.71
YHR007C-A	156	644.3	41.87	13.0	3.19	38.69	1.0	0.0755	-35.5
YHR008C	195	614.7	46.21	19.0	4.59	41.62	1.0	0.0863	-37.02
YHR009C	113	832.6	45.19	15.0	2.1	43.09	0.9912	0.0827	-40.99
YHR010W	9108	522.9	74.37	61.0	34.43	39.94	0.9929	0.1373	-5.51
YHR011W	9140	519.5	73.93	60.0	34.04	39.88	0.9939	0.1375	-5.84
YHR012W	238	647.6	55.78	65.0	15.19	40.59	1.0	0.0938	-25.39
YHR013C	223	555.7	43.13	16.0	3.04	40.09	0.9865	0.087	-37.04
YHR014W	27	406.7	107.7	84.0	6.85	100.85	1.0	0.266	-94.0
YHR015W	86	530.6	50.6	61.0	7.2	43.41	1.0	0.1299	-36.21
YHR016C	60	568.5	42.35	21.0	4.55	37.8	1.0	0.0997	-33.25
YHR017W	564	508.7	44.5	19.0	2.4	42.1	0.9982	0.1047	-39.69
YHR018C	1147	682.6	46.49	22.0	2.55	43.94	0.9904	0.0924	-41.39
YHR019C	674	958.0	51.25	65.5	3.17	48.08	0.9837	0.0731	-44.91
YHR020W	1066	830.0	51.38	31.5	5.03	46.35	0.9559	0.0905	-41.33
YHR021C	14766	382.6	75.36	82.0	26.31	49.05	0.9987	0.1888	-22.73
YHR021W-A	8	712.9	45.5	43.0	0.75	44.75	1.0	0.0759	-44.0
YHR022C	16	596.1	49.5	70.0	2.81	46.69	1.0	0.1059	-43.88
YHR022C-A	16	510.0	49.38	65.5	2.06	47.31	0.9375	0.1041	-45.25
YHR023W	137	606.7	37.2	10.0	1.31	35.89	0.9781	0.0783	-34.58
YHR024C	106	572.4	44.72	17.0	1.96	42.75	0.9717	0.0946	-40.79
YHR025W	458	821.6	51.79	65.0	3.07	48.72	0.9913	0.0818	-45.65
YHR026W	560	526.3	49.09	54.0	4.14	44.94	0.9964	0.1059	-40.8
YHR027C	634	709.3	47.04	26.0	2.66	44.38	0.9937	0.0807	-41.71
YHR028C	278	855.3	46.99	25.0	4.46	42.53	0.9928	0.0827	-38.07
YHR028W-A	157	780.9	48.19	28.0	2.32	45.87	1.0	0.0697	-43.55
YHR029C	232	599.1	42.7	16.0	2.27	40.43	0.9914	0.0858	-38.16
YHR030C	299	920.6	43.11	14.0	1.95	41.16	0.9866	0.0635	-39.21
YHR031C	35	644.2	45.63	16.0	1.71	43.91	1.0	0.1089	-42.2
YHR032C-A	31	572.4	65.58	82.0	4.39	61.19	1.0	0.1378	-56.81
YHR032W	47	1047.9	50.96	67.0	2.77	48.19	1.0	0.0633	-45.43
YHR032W-A	30	479.1	55.17	77.0	1.7	53.47	1.0	0.1338	-51.77
YHR033W	43	561.3	47.53	15.0	7.16	40.37	1.0	0.0964	-33.21
YHR034C	19	588.7	53.26	69.0	1.63	51.63	1.0	0.1066	-50.0
YHR035W	29	885.0	56.62	81.0	1.28	55.34	1.0	0.0911	-54.07
YHR036W	37	650.5	38.51	15.0	1.41	37.11	0.973	0.0749	-35.7
YHR037W	126	855.1	46.48	42.5	1.73	44.75	0.9921	0.082	-43.02
YHR038W	354	500.1	51.28	64.0	6.04	45.24	0.9972	0.114	-39.2
YHR039C	771	595.0	49.03	26.0	5.61	43.41	0.9974	0.1008	-37.8
YHR039C-A	440	397.8	48.51	23.0	6.62	41.9	0.9977	0.1191	-35.28
YHR040W	509	408.6	45.73	24.0	6.98	38.75	0.998	0.1134	-31.77
YHR041C	33	583.0	48.52	24.0	3.24	45.27	1.0	0.0899	-42.03
YHR042W	374	803.2	49.1	24.0	3.84	45.26	0.992	0.0845	-41.42
YHR043C	322	501.2	44.52	17.0	3.19	41.33	0.9969	0.0988	-38.15
YHR044C	35	693.6	54.43	76.0	1.89	52.54	1.0	0.0965	-50.66
YHR045W	116	1025.4	63.07	75.0	6.81	56.26	0.9914	0.0873	-49.45
YHR046C	202	529.9	39.83	13.0	1.77	38.06	0.995	0.0825	-36.29
YHR047C	295	858.1	56.84	18.0	6.82	50.02	1.0	0.091	-43.2
YHR048W	67	607.3	90.48	82.0	13.58	76.9	1.0	0.1507	-63.31
YHR049C-A	305	685.9	45.9	18.0	2.36	43.54	0.9967	0.0789	-41.19
YHR049W	287	662.1	41.98	16.0	1.81	40.17	0.9965	0.0796	-38.36
YHR050W	356	648.5	53.18	21.0	4.89	48.29	0.9916	0.0923	-43.4
YHR050W-A	374	672.2	47.19	19.0	2.79	44.4	0.992	0.0819	-41.6
YHR051W	427	692.9	45.68	18.0	3.27	42.41	0.9883	0.0757	-39.14
YHR052C-B	5794	426.1	49.37	67.0	2.45	46.91	0.9883	0.1127	-44.46
YHR052W	6680	462.0	49.29	68.0	2.42	46.87	0.9877	0.1081	-44.44
YHR052W-A	6454	428.0	49.48	69.0	2.29	47.19	0.989	0.1122	-44.9
YHR053C	5875	425.3	49.72	68.0	2.37	47.35	0.9901	0.1135	-44.98
YHR054C	11709	434.6	49.88	69.0	2.28	47.6	0.9898	0.1126	-45.33
YHR054C-B	5856	428.0	49.8	68.0	2.35	47.45	0.9894	0.1123	-45.1
YHR054W-A	6182	428.0	50.08	68.0	2.58	47.5	0.9918	0.1138	-44.92
YHR055C	5806	428.1	50.36	69.0	2.45	47.91	0.9874	0.1144	-45.46
YHR056C	5813	445.3	49.42	68.0	2.33	47.1	0.9871	0.1104	-44.77
YHR056W-A	38	460.5	41.24	16.0	3.58	37.66	0.9737	0.093	-34.08
YHR057C	50	518.8	60.56	76.5	1.46	59.1	1.0	0.1435	-57.64
YHR058C	88	552.9	43.52	16.5	1.08	42.44	1.0	0.0921	-41.36
YHR059W	90	515.8	54.04	73.5	2.93	51.11	0.9778	0.103	-48.18
YHR060W	110	478.1	43.13	13.0	2.08	41.05	0.9909	0.095	-38.96
YHR061C	131	539.9	37.68	10.0	1.6	36.08	0.9924	0.0778	-34.49
YHR062C	201	576.8	48.13	41.0	4.73	43.4	0.99	0.0942	-38.68
YHR063C	751	745.6	47.29	22.0	3.88	43.42	0.988	0.0755	-39.54
YHR063W-A	452	583.7	45.52	13.0	2.34	43.18	0.9757	0.0885	-40.84
YHR064C	787	1055.4	48.21	27.0	2.97	45.25	0.972	0.0599	-42.28
YHR065C	53	869.1	31.42	9.0	1.34	30.08	0.9623	0.0446	-28.74
YHR066W	28	751.4	46.71	31.5	6.39	40.32	0.9643	0.0725	-33.93
YHR067W	55	706.9	53.04	74.0	3.15	49.89	1.0	0.0895	-46.75
YHR068W	489	885.2	45.62	18.0	2.36	43.26	0.9571	0.0707	-40.9
YHR069C	282	615.6	47.98	45.0	3.2	44.78	0.9858	0.098	-41.58
YHR070C-A	48	549.3	44.02	16.0	2.46	41.56	0.9792	0.0861	-39.1
YHR070W	63	638.2	40.05	11.0	3.98	36.06	0.9841	0.0706	-32.08
YHR071C-A	19	420.9	44.26	64.0	1.26	43.0	1.0	0.1163	-41.74
YHR071W	404	659.7	47.09	19.5	3.21	43.88	0.9926	0.0852	-40.66
YHR072W	1321	442.7	39.75	13.0	2.48	37.26	0.9917	0.0951	-34.78
YHR072W-A	1245	376.7	41.78	15.0	2.2	39.58	0.9976	0.1067	-37.37
YHR073C-B	46	604.0	47.2	15.5	2.43	44.76	1.0	0.096	-42.33
YHR073W	1270	401.2	37.35	12.0	1.74	35.61	0.9921	0.0918	-33.88
YHR073W-A	20	252.2	46.05	45.0	2.1	43.95	1.0	0.1844	-41.85
YHR074W	221	896.6	52.19	69.0	4.21	47.99	0.9955	0.0886	-43.78
YHR075C	121	481.8	43.45	17.0	3.79	39.67	0.9917	0.0942	-35.88
YHR076W	189	624.5	47.8	21.0	9.41	38.39	0.9947	0.0857	-28.98
YHR077C	132	478.0	48.87	38.5	6.17	42.7	0.9924	0.1099	-36.54
YHR078W	103	664.2	43.64	20.0	1.33	42.31	0.9709	0.0928	-40.98
YHR079C	80	801.9	51.31	46.5	3.79	47.52	1.0	0.0967	-43.74
YHR079C-A	26	422.7	68.0	84.0	2.54	65.46	1.0	0.1748	-62.92
YHR080C	49	819.2	54.0	60.0	3.61	50.39	0.9796	0.1053	-46.78
YHR081W	213	475.7	45.31	19.0	2.85	42.46	0.9859	0.1058	-39.62
YHR082C	329	845.6	42.64	18.0	1.5	41.13	0.9878	0.0788	-39.63
YHR083W	103	688.7	46.12	21.0	2.69	43.43	1.0	0.085	-40.74
YHR084W	110	621.9	41.7	13.0	3.51	38.19	0.9909	0.1039	-34.68
YHR085W	103	564.8	46.14	18.0	1.34	44.8	0.9709	0.1129	-43.46
YHR086W	71	832.3	52.28	69.0	1.58	50.7	1.0	0.089	-49.13
YHR086W-A	165	483.4	43.62	16.0	2.44	41.18	1.0	0.0986	-38.75
YHR087W	142	469.6	44.27	17.0	2.32	41.96	0.993	0.0992	-39.64
YHR088W	488	532.9	42.56	13.5	2.91	39.65	0.9836	0.0971	-36.75
YHR089C	371	448.5	41.0	12.0	2.33	38.67	0.9838	0.1086	-36.35
YHR090C	47	678.0	60.47	71.0	5.57	54.89	0.9787	0.1009	-49.32
YHR091C	368	466.0	46.23	27.0	3.69	42.54	0.9864	0.111	-38.86
YHR092C	790	1010.2	54.19	72.0	3.82	50.37	0.9873	0.0804	-46.55
YHR093W	39	469.0	47.13	38.0	3.67	43.46	0.9744	0.1144	-39.79
YHR094C	192	655.5	50.92	71.0	2.08	48.84	0.9896	0.1059	-46.76
YHR095W	9	390.9	60.44	77.0	5.22	55.22	1.0	0.1571	-50.0
YHR096C	39	481.5	43.92	20.0	2.64	41.28	0.9744	0.1042	-38.64
YHR097C	245	618.9	47.6	25.0	5.1	42.5	0.9918	0.0963	-37.4
YHR098C	216	835.8	50.81	71.0	1.82	49.0	0.9907	0.0888	-47.18
YHR099W	143	804.2	42.23	15.0	2.29	39.94	0.993	0.0731	-37.66
YHR100C	95	494.8	41.53	13.0	2.61	38.92	0.9895	0.0917	-36.31
YHR101C	61	511.2	43.89	16.0	1.66	42.23	1.0	0.1028	-40.57
YHR102W	49	715.5	45.14	16.0	5.57	39.57	0.9796	0.0842	-34.0
YHR103W	175	845.1	51.14	34.0	2.8	48.34	0.9943	0.0848	-45.54
YHR104W	261	761.1	49.69	42.0	3.16	46.53	0.9962	0.0842	-43.37
YHR105W	65	438.2	40.71	21.0	4.78	35.92	0.9692	0.1093	-31.14
YHR106W	160	577.4	42.64	14.5	1.52	41.11	0.975	0.0872	-39.59
YHR107C	226	664.6	43.74	16.5	2.13	41.62	0.9779	0.0856	-39.49
YHR108W	196	1015.8	52.87	70.5	2.07	50.8	0.9898	0.0728	-48.72
YHR109W	161	525.1	51.84	68.0	3.2	48.64	0.9876	0.1146	-45.43
YHR110W	66	545.3	44.45	15.0	2.17	42.29	0.9848	0.1006	-40.12
YHR111W	148	636.9	47.91	38.5	3.67	44.24	0.9932	0.089	-40.57
YHR112C	104	695.5	49.61	34.5	3.03	46.58	1.0	0.092	-43.55
YHR113W	149	907.3	45.98	17.0	1.31	44.67	0.9866	0.0755	-43.36
YHR114W	132	588.2	47.89	63.0	2.25	45.64	0.9848	0.1059	-43.39
YHR115C	94	697.8	49.51	50.0	1.91	47.6	0.9894	0.0977	-45.68
YHR116W	8	460.0	43.75	34.0	1.5	42.25	1.0	0.1286	-40.75
YHR117W	135	763.4	47.84	20.0	3.08	44.76	0.9778	0.0878	-41.68
YHR118C	79	627.9	49.91	58.0	2.11	47.8	0.9873	0.095	-45.68
YHR119W	56	844.6	46.61	19.0	2.27	44.34	1.0	0.0935	-42.07
YHR120W	241	638.2	46.75	20.0	2.81	43.94	0.9834	0.0872	-41.12
YHR121W	208	623.2	43.9	12.0	2.08	41.83	0.9808	0.0688	-39.75
YHR122W	283	645.7	44.39	17.0	1.98	42.41	1.0	0.075	-40.43
YHR123W	147	664.5	57.36	71.0	12.11	45.25	0.9932	0.1018	-33.14
YHR124W	110	427.6	41.95	16.0	1.95	40.01	0.9909	0.1053	-38.06
YHR125W	23	308.8	11.61	6.0	2.09	9.52	1.0	0.0406	-7.43
YHR127W	83	708.9	58.41	66.0	2.99	55.42	0.9759	0.09	-52.43
YHR128W	601	645.2	47.16	45.0	2.25	44.91	0.9667	0.0925	-42.66
YHR129C	512	665.1	47.27	51.0	1.77	45.5	0.9824	0.089	-43.73
YHR130C	26	418.0	68.58	77.5	1.77	66.81	1.0	0.167	-65.04
YHR131C	54	424.9	42.83	12.5	2.37	40.46	1.0	0.1208	-38.09
YHR131W-A	33	377.0	45.73	28.0	3.97	41.76	1.0	0.1198	-37.79
YHR132C	290	662.5	46.42	17.0	1.94	44.47	0.9931	0.0853	-42.53
YHR132W-A	238	529.1	51.21	63.5	4.07	47.13	0.9958	0.1014	-43.06
YHR133C	303	701.6	55.8	73.0	2.02	53.78	0.9901	0.0923	-51.76
YHR134W	119	541.3	51.23	18.0	8.45	42.78	0.9748	0.0975	-34.34
YHR135C	529	526.9	44.83	17.0	3.11	41.72	0.9868	0.0939	-38.6
YHR136C	413	436.4	43.62	15.0	1.68	41.94	0.9927	0.0968	-40.27
YHR137C-A	209	779.8	47.24	14.0	2.81	44.43	0.9952	0.078	-41.62
YHR137W	522	579.8	42.73	15.0	1.96	40.77	0.9885	0.0868	-38.81
YHR138C	421	453.1	43.32	15.0	2.77	40.55	0.9762	0.0977	-37.79
YHR139C	234	460.5	43.4	15.5	1.7	41.71	0.9915	0.0948	-40.01
YHR139C-A	16	508.9	49.5	76.0	2.25	47.25	1.0	0.1066	-45.0
YHR140W	1038	322.1	41.31	14.0	3.28	38.03	0.9942	0.1221	-34.75
YHR141C	9848	446.6	55.54	32.0	16.73	38.8	0.9991	0.1189	-22.07
YHR142W	276	592.4	46.82	65.0	3.33	43.49	0.9783	0.093	-40.17
YHR143W	316	807.6	61.16	75.0	3.65	57.51	0.9937	0.0963	-53.86
YHR143W-A	637	433.1	40.75	13.0	2.12	38.64	0.9843	0.0951	-36.52
YHR144C	557	504.8	42.88	15.0	2.73	40.16	0.9856	0.0928	-37.43
YHR145C	6	597.8	56.33	73.5	0.5	55.83	1.0	0.092	-55.33
YHR146W	216	690.9	53.53	74.0	2.47	51.06	0.9676	0.0967	-48.59
YHR147C	206	655.7	64.48	73.5	2.02	62.45	0.9951	0.0989	-60.43
YHR148W	189	601.6	54.81	74.0	3.35	51.46	0.9894	0.1012	-48.11
YHR149C	218	658.4	53.69	69.0	2.59	51.11	0.9908	0.1042	-48.52
YHR150W	40	717.1	54.72	41.0	14.78	39.95	0.95	0.1046	-25.18
YHR151C	41	681.9	49.61	65.0	1.95	47.66	0.9512	0.0927	-45.71
YHR152W	84	486.9	45.67	20.0	2.46	43.2	1.0	0.1108	-40.74
YHR153C	88	473.7	46.25	15.5	1.62	44.62	0.9886	0.1105	-43.0
YHR154W	166	703.6	48.51	67.0	2.85	45.66	1.0	0.0847	-42.81
YHR155W	135	549.1	50.02	63.0	2.43	47.59	0.9926	0.1384	-45.16
YHR156C	191	524.1	45.15	25.0	2.85	42.3	0.9948	0.1065	-39.45
YHR157W	88	490.3	39.76	11.5	0.89	38.88	0.9886	0.0892	-37.99
YHR158C	54	662.9	37.48	11.5	1.24	36.24	0.963	0.0625	-35.0
YHR159W	26	643.3	53.81	73.0	2.42	51.38	1.0	0.1293	-48.96
YHR160C	69	431.7	58.04	76.0	3.54	54.51	1.0	0.148	-50.97
YHR161C	111	814.2	52.54	30.0	3.79	48.75	0.991	0.1036	-44.95
YHR162W	1662	598.2	50.08	63.0	1.91	48.17	0.9856	0.0871	-46.26
YHR163W	1788	596.1	50.37	67.0	2.26	48.1	0.986	0.0912	-45.84
YHR164C	260	584.2	52.57	71.0	1.78	50.78	0.9962	0.1103	-49.0
YHR165C	181	801.9	44.91	14.0	1.95	42.96	0.9834	0.0851	-41.01
YHR166C	24	631.5	25.12	5.5	1.96	23.17	0.9583	0.0573	-21.21
YHR167W	49	690.3	37.24	9.0	2.29	34.96	1.0	0.0571	-32.67
YHR168W	58	585.3	46.16	22.5	9.66	36.5	0.9828	0.098	-26.84
YHR169W	59	632.4	36.03	11.0	6.95	29.08	0.9831	0.0715	-22.14
YHR170W	264	912.1	43.55	17.0	1.39	42.16	0.9811	0.0683	-40.76
YHR171W	148	524.3	38.59	10.0	3.1	35.49	0.9865	0.0799	-32.39
YHR172W	67	491.2	47.43	64.0	2.3	45.13	0.9851	0.1161	-42.84
YHR173C	121	442.9	33.21	7.0	2.07	31.15	0.8182	0.0705	-29.08
YHR174W	18823	875.8	45.6	18.0	2.56	43.04	0.994	0.0714	-40.48
YHR175W	9629	439.0	42.89	16.0	2.9	39.99	0.9954	0.1058	-37.09
YHR175W-A	1232	214.4	45.93	61.0	1.98	43.96	0.9992	0.1971	-41.98
YHR176W	29	444.7	55.34	70.0	10.72	44.62	0.9655	0.1388	-33.9
YHR177W	23	991.2	100.09	78.0	1.57	98.52	1.0	0.0954	-96.96
YHR178W	65	490.8	46.71	63.0	1.69	45.02	0.9846	0.1204	-43.32
YHR179W	1354	682.6	48.95	35.0	3.0	45.95	0.9948	0.092	-42.95
YHR180C-B	56	507.2	36.05	11.0	1.91	34.14	0.9821	0.0775	-32.23
YHR180W	82	421.7	41.77	10.5	1.71	40.06	0.9878	0.1006	-38.35
YHR180W-A	61	583.0	50.18	65.0	3.21	46.97	1.0	0.1055	-43.75
YHR181W	54	479.8	44.94	41.0	2.09	42.85	1.0	0.1189	-40.76
YHR182C-A	141	1261.1	160.98	152.0	2.27	158.71	0.9787	0.1348	-156.44
YHR182W	69	562.0	47.38	27.0	3.72	43.65	1.0	0.1037	-39.93
YHR183W	821	944.7	43.82	15.0	2.0	41.82	0.9817	0.0693	-39.82
YHR184W	420	430.3	43.06	15.5	4.06	39.0	0.981	0.1117	-34.94
YHR185C	47	466.3	46.17	15.0	2.64	43.53	1.0	0.1018	-40.89
YHR186C	48	741.3	42.1	17.0	2.75	39.35	1.0	0.0747	-36.6
YHR187W	133	554.0	47.48	31.0	3.16	44.32	0.985	0.0998	-41.17
YHR188C	130	724.5	45.86	20.0	4.15	41.71	0.9923	0.0874	-37.55
YHR190W	449	954.9	46.77	23.0	2.69	44.08	0.9933	0.0623	-41.39
YHR191C	300	558.1	48.1	36.5	4.29	43.81	0.9967	0.0952	-39.52
YHR192W	1019	463.9	51.23	67.0	3.13	48.1	0.998	0.1169	-44.96
YHR193C	1004	474.3	52.52	70.0	2.18	50.34	0.999	0.1176	-48.17
YHR193C-A	363	555.7	34.27	18.0	2.33	31.94	0.9972	0.0706	-29.6
YHR194W	345	591.0	35.23	19.0	1.98	33.25	0.9971	0.0672	-31.27
YHR195W	80	664.7	45.51	25.0	2.81	42.7	1.0	0.0907	-39.89
YHR196W	264	992.7	44.72	15.0	2.23	42.49	0.9773	0.0607	-40.25
YHR197W	158	609.2	45.97	26.0	3.06	42.91	0.9937	0.1017	-39.85
YHR198C	97	577.1	42.44	12.0	2.63	39.81	1.0	0.0858	-37.19
YHR199C	70	724.3	49.24	45.0	2.33	46.91	1.0	0.0835	-44.59
YHR199C-A	19	838.6	121.95	101.0	0.95	121.0	1.0	0.1457	-120.05
YHR200W	227	587.5	51.07	28.0	2.89	48.17	1.0	0.0931	-45.28
YHR201C	303	765.3	48.37	17.0	3.44	44.93	0.9901	0.073	-41.49
YHR202W	1784	498.5	52.96	68.0	11.65	41.3	0.9972	0.1141	-29.65
YHR203C	3280	701.3	67.97	60.0	21.97	46.0	0.9942	0.1015	-24.03
YHR204W	39	872.1	54.38	75.0	3.23	51.15	1.0	0.0805	-47.92
YHR205W	58	883.7	66.4	78.5	3.4	63.0	1.0	0.1178	-59.6
YHR206W	97	784.5	44.92	19.0	2.49	42.42	0.9897	0.0778	-39.93
YHR207C	91	758.9	46.57	23.0	1.32	45.25	0.989	0.0816	-43.93
YHR208W	1828	937.1	50.01	59.0	3.55	46.47	0.9907	0.0652	-42.92
YHR209W	495	470.3	46.87	24.0	2.49	44.38	0.9919	0.114	-41.89
YHR210C	139	503.5	58.35	64.0	10.67	47.68	1.0	0.1301	-37.01
YHR211W	122	581.4	99.02	79.5	30.39	68.62	1.0	0.1562	-38.23
YHR212C	9	656.3	104.89	81.0	19.22	85.67	1.0	0.1888	-66.44
YHR213W-A	6	686.2	30.67	10.0	2.17	28.5	1.0	0.0671	-26.33
YHR213W-B	7	717.9	36.29	6.0	2.0	34.29	1.0	0.0626	-32.29
YHR214C-B	1539	1171.0	47.89	20.0	2.95	44.93	0.9812	0.0537	-41.98
YHR214C-C	119	671.1	47.26	44.0	3.91	43.35	1.0	0.0825	-39.45
YHR214C-D	42	379.8	46.17	14.0	4.12	42.05	0.9762	0.1182	-37.93
YHR214C-E	12	475.6	47.42	18.0	2.67	44.75	1.0	0.0884	-42.08
YHR214W-A	598	653.8	57.17	64.0	11.13	46.05	0.9849	0.0847	-34.92
YHR215W	1842	649.5	51.66	67.0	2.79	48.87	0.9984	0.1036	-46.07
YHR216W	555	851.2	54.33	70.0	3.27	51.06	0.991	0.1107	-47.79
YHR217C	147	346.0	53.24	69.0	5.37	47.87	1.0	0.1658	-42.5
YHR218W	5	502.8	73.6	106.0	2.2	71.4	1.0	0.1554	-69.2
YHR219C-A	10	440.6	41.4	15.5	1.2	40.2	1.0	0.1044	-39.0
YHR219W	13	533.6	23.69	10.0	0.0	23.69	0.9231	0.0806	-23.69
YIL001W	65	648.0	56.46	73.0	1.43	55.03	1.0	0.1131	-53.6
YIL002C	183	389.1	40.36	15.0	2.43	37.92	0.9945	0.1116	-35.49
YIL002W-A	116	368.2	38.56	14.5	2.59	35.97	0.9914	0.1026	-33.39
YIL003W	164	473.4	39.51	13.0	2.6	36.9	0.9878	0.0941	-34.3
YIL004C	136	524.5	52.43	66.5	7.26	45.17	0.9779	0.1097	-37.9
YIL005W	159	697.8	50.87	31.0	7.55	43.32	0.9937	0.0924	-35.77
YIL006W	12	825.4	103.67	81.0	3.92	99.75	1.0	0.1325	-95.83
YIL007C	331	487.0	43.57	13.0	1.87	41.7	1.0	0.0872	-39.83
YIL008W	375	476.5	41.15	13.0	2.35	38.8	1.0	0.0887	-36.45
YIL009C-A	141	585.8	70.65	69.0	24.71	45.94	1.0	0.1125	-21.23
YIL009W	162	799.1	62.43	74.0	8.94	53.48	1.0	0.1065	-44.54
YIL010W	167	522.5	50.42	64.0	4.31	46.11	0.988	0.1042	-41.81
YIL011W	58	673.4	59.76	68.5	2.03	57.72	1.0	0.091	-55.69
YIL013C	116	585.3	61.07	75.5	5.3	55.77	0.9828	0.1174	-50.47
YIL014C-A	71	480.1	74.39	71.0	38.56	35.83	1.0	0.1603	2.73
YIL014W	140	1020.5	46.95	25.0	2.76	44.19	0.9857	0.0693	-41.42
YIL015W	76	431.0	48.49	29.0	4.5	43.99	0.9868	0.126	-39.49
YIL016W	64	426.2	38.8	11.0	1.95	36.84	0.9844	0.1019	-34.89
YIL017C	3505	580.7	54.24	56.0	14.9	39.34	0.9957	0.1021	-24.43
YIL018W	6352	725.1	61.67	74.0	11.8	49.87	0.9989	0.0906	-38.07
YIL019W	54	530.8	45.39	18.5	1.83	43.56	1.0	0.0994	-41.72
YIL020C	33	513.9	43.27	13.0	5.12	38.15	0.9697	0.0869	-33.03
YIL020C-A	43	657.4	46.35	20.0	4.42	41.93	0.9535	0.0725	-37.51
YIL021C-A	75	508.4	55.99	66.0	3.59	52.4	0.9867	0.1175	-48.81
YIL021W	129	609.3	54.43	70.0	3.38	51.05	1.0	0.1025	-47.67
YIL022W	76	665.4	47.18	19.5	2.25	44.93	0.9737	0.0903	-42.68
YIL023C	109	712.7	56.92	74.0	4.03	52.89	1.0	0.1031	-48.86
YIL024C	49	493.6	45.41	65.0	2.39	43.02	1.0	0.1072	-40.63
YIL025C	17	358.2	25.65	7.0	2.06	23.59	1.0	0.0902	-21.53
YIL026C	355	598.1	40.87	14.0	2.06	38.8	0.9859	0.0734	-36.74
YIL027C	323	503.4	37.89	12.0	2.12	35.77	0.9814	0.0763	-33.65
YIL028W	21	824.8	50.33	76.0	1.1	49.24	1.0	0.0968	-48.14
YIL029C	60	839.4	58.85	76.0	2.2	56.65	1.0	0.0713	-54.45
YIL029W-A	24	526.4	59.12	75.0	10.12	49.0	1.0	0.1246	-38.88
YIL030C	175	905.6	49.9	62.0	2.92	46.98	0.9829	0.0801	-44.06
YIL030W-A	96	570.9	44.93	15.5	5.49	39.44	1.0	0.083	-33.95
YIL031W	83	650.9	37.57	15.0	6.59	30.98	0.9759	0.0698	-24.39
YIL033C	147	947.1	48.88	25.0	3.26	45.63	0.9932	0.0631	-42.37
YIL034C	245	631.9	40.41	13.0	3.54	36.87	0.9837	0.0757	-33.32
YIL035C	343	667.8	44.03	21.0	2.83	41.2	0.9825	0.0848	-38.37
YIL036W	207	771.6	48.88	33.0	3.53	45.35	0.9952	0.0819	-41.82
YIL037C	19	579.2	46.63	67.0	1.47	45.16	1.0	0.1134	-43.68
YIL038C	244	618.6	49.54	64.5	2.82	46.71	0.9918	0.1013	-43.89
YIL039W	461	668.8	49.48	65.0	2.72	46.76	1.0	0.0909	-44.04
YIL040W	228	498.5	48.2	23.5	2.18	46.01	0.9781	0.096	-43.83
YIL041W	407	710.1	48.85	25.0	2.59	46.25	0.9902	0.0792	-43.66
YIL042C	86	831.1	130.87	141.5	1.52	129.35	0.9767	0.1478	-127.83
YIL043C	573	755.9	43.18	16.0	1.85	41.33	0.9983	0.0714	-39.48
YIL044C	386	545.3	47.78	18.5	7.88	39.9	0.9974	0.0963	-32.03
YIL045W	117	524.2	49.86	39.0	5.52	44.34	0.9829	0.1123	-38.82
YIL046W	53	762.1	48.79	21.0	2.6	46.19	0.9811	0.0779	-43.58
YIL047C	105	699.9	51.35	67.0	4.77	46.58	0.9905	0.0891	-41.81
YIL047C-A	71	575.9	45.79	21.0	3.8	41.99	1.0	0.0914	-38.18
YIL048W	112	720.4	48.75	69.5	2.93	45.82	0.9821	0.0994	-42.89
YIL049W	72	566.7	58.22	70.5	3.25	54.97	1.0	0.1192	-51.72
YIL050W	104	672.3	48.29	57.0	2.55	45.74	0.9904	0.0907	-43.19
YIL051C	671	549.6	47.22	61.0	3.94	43.28	0.9851	0.0856	-39.34
YIL052C	3731	443.9	72.67	69.0	33.19	39.47	0.9954	0.1605	-6.28
YIL053W	4996	560.7	64.24	66.0	23.69	40.55	0.9906	0.1298	-16.85
YIL054W	99	753.3	151.95	162.0	1.53	150.42	0.9596	0.1916	-148.9
YIL055C	91	607.2	49.86	61.0	2.7	47.15	0.989	0.1096	-44.45
YIL056W	127	759.9	53.92	71.0	5.65	48.28	0.9843	0.1136	-42.63
YIL057C	23	411.7	51.17	63.0	1.22	49.96	1.0	0.1383	-48.74
YIL058W	26	461.6	49.27	58.0	7.38	41.88	1.0	0.1101	-34.5
YIL059C	25	490.8	47.84	27.0	8.08	39.76	1.0	0.1123	-31.68
YIL060W	10	348.8	38.8	8.5	2.2	36.6	1.0	0.1119	-34.4
YIL061C	169	469.0	47.62	61.0	3.07	44.56	0.9941	0.1125	-41.49
YIL062C	143	485.0	42.76	15.0	2.1	40.66	0.993	0.0864	-38.57
YIL063C	437	602.9	45.62	20.0	2.08	43.54	0.984	0.0858	-41.46
YIL064W	336	612.9	46.77	17.0	3.68	43.1	0.9702	0.0789	-39.42
YIL065C	116	568.8	49.72	16.0	0.97	48.76	0.9914	0.0891	-47.79
YIL066C	32	493.0	63.06	75.5	43.41	19.66	1.0	0.134	23.75
YIL066W-A	5	453.0	76.6	86.0	8.2	68.4	1.0	0.1785	-60.2
YIL067C	47	1058.7	41.83	14.0	2.13	39.7	1.0	0.0625	-37.57
YIL068C	59	926.4	52.68	70.0	3.81	48.86	0.9492	0.0974	-45.05
YIL068W-A	17	597.9	34.12	9.0	1.12	33.0	0.9412	0.0643	-31.88
YIL069C	1353	539.6	60.1	65.0	17.07	43.03	0.9933	0.1121	-25.95
YIL070C	1356	532.1	56.24	51.0	15.77	40.46	0.9963	0.1076	-24.69
YIL071C	98	597.3	49.54	64.0	4.92	44.62	0.9592	0.0967	-39.7
YIL071W-A	31	760.3	46.71	64.0	0.9	45.81	0.9677	0.0848	-44.9
YIL072W	23	599.8	49.17	27.0	6.91	42.26	1.0	0.0994	-35.35
YIL073C	58	730.0	59.38	73.0	3.66	55.72	0.9828	0.0962	-52.07
YIL074C	207	789.9	46.95	19.0	2.26	44.7	0.9952	0.0804	-42.44
YIL075C	464	538.0	48.18	23.0	3.32	44.86	0.9763	0.1109	-41.54
YIL076W	798	770.5	50.43	65.0	2.57	47.87	0.9812	0.0752	-45.3
YIL077C	639	461.7	42.84	16.0	2.99	39.86	0.9937	0.0992	-36.87
YIL078W	1250	1086.5	44.64	15.0	2.38	42.26	0.988	0.0615	-39.89
YIL079C	75	481.6	74.56	68.0	29.49	45.07	1.0	0.1757	-15.57
YIL082W	78	619.7	79.27	77.0	23.56	55.71	1.0	0.1934	-32.14
YIL082W-A	94	619.9	78.21	65.0	26.01	52.2	1.0	0.1998	-26.19
YIL083C	117	701.0	68.21	69.0	23.99	44.22	0.9915	0.1477	-20.23
YIL084C	48	436.3	51.12	59.0	1.9	49.23	0.9583	0.1433	-47.33
YIL085C	90	905.9	53.68	19.0	11.12	42.56	0.9778	0.088	-31.43
YIL086C	61	491.8	48.56	21.0	2.23	46.33	1.0	0.1029	-44.1
YIL087C	39	423.5	50.0	63.0	2.82	47.18	1.0	0.1292	-44.36
YIL088C	260	647.2	40.75	12.5	1.67	39.08	1.0	0.0782	-37.42
YIL089W	111	519.5	54.21	57.0	3.58	50.63	1.0	0.1156	-47.05
YIL090W	103	791.5	44.55	15.0	2.5	42.05	1.0	0.0778	-39.54
YIL091C	103	805.5	54.65	71.0	1.98	52.67	0.9903	0.0897	-50.69
YIL092W	83	613.8	45.02	41.0	1.73	43.29	0.988	0.0829	-41.55
YIL093C	29	643.8	37.66	9.0	2.17	35.48	0.931	0.0548	-33.31
YIL094C	521	796.3	44.58	13.0	3.35	41.24	0.9846	0.0675	-37.89
YIL095W	379	572.0	40.18	13.0	1.82	38.36	0.9736	0.0799	-36.55
YIL096C	132	727.3	43.58	17.5	1.26	42.33	0.9848	0.0772	-41.07
YIL097W	139	655.1	41.45	19.0	4.37	37.08	0.9856	0.0842	-32.71
YIL098C	44	476.2	52.05	46.0	5.09	46.95	1.0	0.1177	-41.86
YIL099W	49	512.6	35.37	10.0	1.45	33.92	1.0	0.0737	-32.47
YIL101C	12	511.8	54.08	59.0	6.83	47.25	1.0	0.1401	-40.42
YIL102C	20	435.6	64.85	77.0	10.15	54.7	1.0	0.1672	-44.55
YIL102C-A	98	462.6	54.67	70.5	5.23	49.44	0.9898	0.1237	-44.2
YIL103W	209	879.6	45.18	17.0	2.58	42.6	0.9904	0.0677	-40.02
YIL104C	50	813.1	41.7	15.5	1.5	40.2	1.0	0.0861	-38.7
YIL105C	124	818.4	55.63	68.5	6.94	48.69	1.0	0.0931	-41.76
YIL105W-A	71	591.6	48.1	61.0	1.06	47.04	0.9859	0.0954	-45.99
YIL106W	84	558.8	53.13	70.0	3.29	49.85	1.0	0.1167	-46.56
YIL107C	93	642.3	46.54	58.0	2.6	43.94	0.9677	0.1081	-41.33
YIL108W	94	708.4	44.72	17.0	2.37	42.35	0.9894	0.0919	-39.98
YIL109C	522	901.4	48.66	42.5	3.06	45.6	0.9885	0.0788	-42.54
YIL110W	574	686.4	50.18	39.0	4.53	45.65	0.9948	0.0844	-41.13
YIL111W	197	503.5	46.16	28.0	7.89	38.27	1.0	0.0927	-30.39
YIL112W	185	547.9	53.45	49.0	9.29	44.17	1.0	0.1058	-34.88
YIL113W	24	703.5	54.71	64.0	2.62	52.08	1.0	0.0786	-49.46
YIL114C	57	748.1	55.39	70.0	2.54	52.84	1.0	0.0952	-50.3
YIL115C	182	699.3	43.63	14.5	3.9	39.73	0.9945	0.0791	-35.84
YIL115W-A	140	560.3	53.25	44.5	8.5	44.75	0.9857	0.0993	-36.25
YIL116W	227	776.4	49.35	42.0	1.73	47.62	0.9824	0.0838	-45.89
YIL117C	741	753.2	48.88	28.0	2.46	46.42	0.9919	0.0729	-43.96
YIL118W	493	585.9	50.04	19.0	4.75	45.29	0.9919	0.0917	-40.54
YIL119C	96	645.0	44.47	21.5	2.83	41.64	0.9792	0.0851	-38.8
YIL120W	103	512.3	42.17	19.0	2.6	39.57	0.9709	0.0967	-36.97
YIL121W	50	623.9	43.34	15.0	1.64	41.7	1.0	0.0911	-40.06
YIL122W	157	319.6	44.34	20.0	5.71	38.64	0.9873	0.1521	-32.93
YIL123W	504	762.2	58.55	27.5	18.88	39.67	0.9881	0.0934	-20.79
YIL124W	434	678.8	48.58	43.5	2.55	46.03	0.9931	0.0877	-43.48
YIL125W	154	843.2	53.06	70.0	2.73	50.33	0.987	0.0957	-47.6
YIL126W	82	751.9	53.16	67.0	1.34	51.82	0.9756	0.083	-50.48
YIL127C	176	584.1	53.89	74.5	3.22	50.66	0.9943	0.1001	-47.44
YIL128W	242	801.8	49.24	26.5	1.89	47.35	0.9959	0.0838	-45.46
YIL129C	125	648.3	49.54	68.0	1.42	48.12	0.992	0.1035	-46.7
YIL130W	126	730.1	46.33	60.5	2.37	43.96	0.9444	0.0841	-41.59
YIL131C	22	595.3	47.27	34.5	3.09	44.18	1.0	0.1131	-41.09
YIL132C	35	426.2	50.83	45.0	7.86	42.97	1.0	0.1434	-35.11
YIL133C	1489	563.1	64.09	54.0	22.29	41.8	0.9933	0.116	-19.51
YIL134C-A	27	272.4	45.07	14.0	0.7	44.37	1.0	0.1506	-43.67
YIL134W	1580	556.3	60.45	46.5	22.06	38.39	0.993	0.1093	-16.33
YIL135C	88	624.0	49.62	69.5	3.34	46.28	0.9886	0.1259	-42.94
YIL136W	84	418.1	59.52	72.0	6.17	53.36	0.9643	0.1603	-47.19
YIL137C	136	822.9	61.19	71.0	3.9	57.29	0.9779	0.1007	-53.38
YIL138C	390	605.1	50.22	48.5	2.27	47.95	0.9974	0.0897	-45.68
YIL139C	397	579.8	46.14	20.0	2.49	43.65	0.9798	0.0866	-41.17
YIL140W	177	549.3	46.45	47.0	3.36	43.09	1.0	0.1001	-39.73
YIL141W	105	562.3	45.18	32.0	1.88	43.3	0.981	0.0894	-41.43
YIL142W	305	1129.6	50.44	24.0	2.18	48.27	0.9836	0.0573	-46.09
YIL143C	97	820.6	53.45	70.0	3.37	50.08	0.9794	0.0935	-46.71
YIL144W	85	696.7	53.08	73.0	1.58	51.51	0.9882	0.0935	-49.93
YIL145C	178	721.3	51.91	70.0	4.76	47.15	0.9944	0.082	-42.38
YIL146C	96	464.7	43.95	26.0	2.56	41.39	0.9896	0.1031	-38.82
YIL147C	10318	472.2	51.42	29.0	12.01	39.41	0.999	0.1054	-27.41
YIL148W	10113	470.6	51.22	29.0	12.02	39.2	0.9987	0.105	-27.18
YIL149C	49	585.4	42.45	13.0	1.55	40.9	0.9796	0.083	-39.35
YIL150C	37	468.8	42.57	13.0	1.51	41.05	1.0	0.099	-39.54
YIL151C	102	847.8	50.22	61.0	1.83	48.38	0.9804	0.0971	-46.55
YIL152W	87	499.1	55.76	71.0	2.55	53.21	0.9885	0.1263	-50.66
YIL153W	63	801.3	49.76	61.0	2.43	47.33	0.9841	0.0828	-44.9
YIL154C	91	733.4	56.88	70.0	1.87	55.01	1.0	0.086	-53.14
YIL155C	110	579.2	66.84	75.5	3.36	63.47	0.9909	0.118	-60.11
YIL156W	235	474.8	54.83	44.0	8.39	46.44	1.0	0.1363	-38.05
YIL156W-A	235	415.9	52.02	36.0	8.5	43.52	0.9915	0.1286	-35.02
YIL156W-B	233	425.6	55.52	60.0	7.79	47.73	1.0	0.1413	-39.94
YIL157C	316	472.2	55.57	65.5	7.2	48.37	0.9905	0.1328	-41.17
YIL158W	120	565.1	45.47	44.0	2.24	43.22	0.9667	0.0899	-40.98
YIL159W	85	654.8	48.42	67.0	2.31	46.12	0.9882	0.0942	-43.81
YIL160C	62	563.1	46.47	15.5	1.69	44.77	0.9839	0.0903	-43.08
YIL161W	90	499.1	44.8	21.0	2.69	42.11	0.9889	0.0949	-39.42
YIL162W	95	930.4	50.39	72.0	2.13	48.26	0.9895	0.0804	-46.14
YIL163C	29	891.7	233.69	101.0	172.66	61.03	1.0	0.2092	111.62
YIL164C	99	619.2	59.38	18.0	17.45	41.93	1.0	0.0951	-24.47
YIL165C	85	657.0	48.32	62.0	2.46	45.86	1.0	0.0999	-43.4
YIL166C	57	584.0	49.81	65.0	2.4	47.4	1.0	0.1126	-45.0
YIL167W	163	585.4	236.38	92.0	189.1	47.28	0.9877	0.3714	141.82
YIL169C	454	469.0	98.08	69.0	3.89	94.2	0.989	0.1613	-90.31
YIL170W	66	430.9	50.76	69.5	2.41	48.35	0.9848	0.1205	-45.94
YIL172C	34	496.2	61.62	73.5	1.12	60.5	1.0	0.1324	-59.38
YIL173W	73	806.5	58.44	65.0	3.82	54.62	0.9863	0.1016	-50.79
YIL174W	10	613.3	72.2	88.5	2.4	69.8	1.0	0.1465	-67.4
YIL175W	15	477.2	53.6	72.0	3.33	50.27	1.0	0.1397	-46.93
YIL176C	10	651.9	48.6	39.5	1.8	46.8	1.0	0.084	-45.0
YIL177C	35	507.2	49.89	26.0	2.37	47.51	1.0	0.1209	-45.14
YIL177W-A	20	439.9	31.1	10.5	0.55	30.55	1.0	0.0919	-30.0
YIR001C	136	559.6	49.49	60.0	2.62	46.87	1.0	0.116	-44.24
YIR002C	124	636.8	47.7	46.0	2.21	45.49	0.9919	0.0921	-43.28
YIR003W	39	847.0	47.28	61.0	2.28	45.0	0.9744	0.0895	-42.72
YIR004W	132	681.6	43.54	16.0	1.91	41.63	0.9924	0.0787	-39.72
YIR005W	118	449.1	34.49	11.0	2.01	32.48	1.0	0.0826	-30.47
YIR006C	160	680.8	41.44	12.0	1.99	39.44	0.9875	0.0792	-37.45
YIR007W	59	538.0	44.68	24.0	1.8	42.88	1.0	0.1145	-41.08
YIR008C	87	709.1	47.38	61.0	2.25	45.13	0.9885	0.085	-42.87
YIR009W	24	528.1	31.25	6.5	2.83	28.42	0.875	0.0779	-25.58
YIR010W	135	574.5	55.49	72.0	4.77	50.72	1.0	0.1148	-45.95
YIR011C	162	753.9	54.28	73.0	1.6	52.68	1.0	0.0964	-51.08
YIR012W	238	928.2	47.9	61.0	1.94	45.97	0.9622	0.0662	-44.03
YIR013C	80	393.0	35.59	10.5	1.89	33.7	0.975	0.0958	-31.81
YIR015W	6	914.8	178.67	189.5	1.5	177.17	1.0	0.194	-175.67
YIR016W	50	588.7	45.64	18.0	1.7	43.94	1.0	0.0965	-42.24
YIR017C	51	517.7	37.78	10.0	1.96	35.82	0.9804	0.0895	-33.86
YIR017W-A	41	548.5	47.02	71.0	2.37	44.66	1.0	0.0907	-42.29
YIR018C-A	107	567.9	58.47	38.0	16.29	42.18	0.9907	0.1102	-25.89
YIR018W	62	460.1	46.19	28.5	5.82	40.37	1.0	0.1188	-34.55
YIR019C	21	553.8	69.14	71.0	2.81	66.33	1.0	0.1428	-63.52
YIR020C	19	668.4	50.68	17.0	5.89	44.79	1.0	0.0812	-38.89
YIR020C-B	16	614.6	52.81	41.5	2.06	50.75	1.0	0.1222	-48.69
YIR021W	80	555.4	38.46	13.0	2.02	36.44	0.9875	0.0776	-34.41
YIR021W-A	82	534.1	42.65	12.5	1.17	41.48	0.9634	0.0866	-40.3
YIR022W	72	554.1	38.92	20.0	1.46	37.46	0.9583	0.0703	-36.0
YIR023C-A	27	485.1	51.59	73.0	2.04	49.56	1.0	0.1132	-47.52
YIR023W	78	561.7	45.41	29.5	3.85	41.56	0.9487	0.107	-37.72
YIR024C	27	423.9	45.37	19.0	2.48	42.89	1.0	0.1165	-40.41
YIR025W	100	486.8	38.2	11.5	5.12	33.08	1.0	0.0818	-27.96
YIR026C	132	730.8	45.18	11.0	6.96	38.22	1.0	0.0746	-31.26
YIR027C	11	569.8	48.73	22.0	2.91	45.82	1.0	0.1145	-42.91
YIR028W	32	583.3	43.91	17.5	2.22	41.69	1.0	0.0911	-39.47
YIR029W	49	626.0	46.88	16.0	4.55	42.33	1.0	0.0826	-37.78
YIR030C	53	521.2	50.3	24.0	4.3	46.0	0.9623	0.1047	-41.7
YIR030W-A	72	616.1	51.14	58.5	3.92	47.22	0.9722	0.0973	-43.31
YIR031C	138	942.8	46.2	38.0	2.22	43.97	0.9928	0.0627	-41.75
YIR032C	75	563.5	45.23	20.0	2.19	43.04	1.0	0.0885	-40.85
YIR033W	299	828.2	45.42	19.0	3.12	42.3	0.99	0.0792	-39.19
YIR034C	394	632.9	45.96	20.0	4.13	41.82	0.9924	0.0862	-37.69
YIR035C	236	664.4	48.05	19.0	1.84	46.21	0.9958	0.0844	-44.37
YIR036C	154	579.3	69.66	75.5	2.45	67.21	0.987	0.1161	-64.77
YIR036W-A	123	544.4	45.69	28.0	2.85	42.85	0.9919	0.0955	-40.0
YIR037W	133	548.1	44.56	18.0	2.65	41.91	0.9925	0.0882	-39.26
YIR038C	152	528.2	53.63	73.5	4.67	48.96	1.0	0.1043	-44.29
YIR039C	74	821.8	56.84	70.0	3.32	53.51	1.0	0.1077	-50.19
YIR040C	6	596.3	79.17	81.5	16.83	62.33	1.0	0.1442	-45.5
YIR041W	12	329.1	50.5	74.5	1.58	48.92	0.9167	0.1427	-47.33
YIR042C	93	647.5	44.52	18.0	1.73	42.78	0.9677	0.0768	-41.05
YIR043C	53	436.2	45.09	54.0	1.87	43.23	0.9811	0.1065	-41.36
YJL001W	430	629.3	74.1	77.5	27.73	46.37	0.9977	0.1201	-18.64
YJL002C	519	807.0	49.17	64.0	2.99	46.18	0.9904	0.081	-43.19
YJL003W	313	486.6	47.69	62.0	2.99	44.69	0.9904	0.1057	-41.7
YJL004C	181	549.5	46.51	37.0	3.39	43.12	1.0	0.0963	-39.73
YJL005W	177	689.9	48.98	59.0	1.81	47.16	0.9944	0.0878	-45.35
YJL006C	100	665.1	56.69	72.5	7.33	49.36	0.99	0.1246	-42.03
YJL007C	69	329.0	57.28	61.0	16.55	40.72	1.0	0.2049	-24.17
YJL008C	326	959.5	50.72	66.0	1.25	49.47	0.9969	0.073	-48.22
YJL009W	239	633.8	47.66	34.0	3.23	44.43	1.0	0.0958	-41.21
YJL010C	372	631.0	43.42	12.5	2.38	41.03	0.9946	0.0861	-38.65
YJL011C	232	532.9	41.61	14.0	2.06	39.54	1.0	0.0798	-37.48
YJL012C	486	991.0	46.77	21.0	2.38	44.39	0.9877	0.0706	-42.01
YJL013C	432	507.1	46.92	18.5	4.08	42.84	0.9931	0.1025	-38.76
YJL014W	512	941.2	50.16	31.0	2.61	47.54	0.9941	0.077	-44.93
YJL015C	76	626.9	42.37	14.0	4.61	37.76	0.9868	0.0807	-33.16
YJL016W	120	808.8	46.06	21.0	3.2	42.86	0.975	0.0872	-39.66
YJL019W	33	684.3	25.03	7.0	1.39	23.64	1.0	0.0522	-22.24
YJL020C	126	833.6	45.9	18.5	2.29	43.61	0.9921	0.0745	-41.32
YJL022W	102	480.0	43.28	13.5	2.58	40.71	1.0	0.0992	-38.13
YJL023C	101	510.0	35.18	14.0	4.23	30.95	0.9802	0.0812	-26.72
YJL024C	91	496.7	50.79	39.0	8.21	42.58	1.0	0.1092	-34.37
YJL025W	185	515.2	56.02	69.0	7.14	48.89	0.9946	0.1217	-41.75
YJL026C-A	330	828.1	54.26	72.0	3.61	50.65	0.997	0.0935	-47.05
YJL026W	315	847.2	43.69	17.0	1.83	41.86	0.9968	0.0687	-40.03
YJL029C	126	650.9	43.14	12.5	4.92	38.22	1.0	0.08	-33.3
YJL030W	109	488.3	40.06	14.0	1.98	38.07	0.9908	0.091	-36.09
YJL031C	146	595.7	46.97	23.0	4.0	42.97	1.0	0.0883	-38.97
YJL032W	81	644.1	49.25	21.0	6.02	43.22	1.0	0.0869	-37.2
YJL033W	1446	458.9	46.09	20.5	3.6	42.49	0.9889	0.108	-38.89
YJL034W	2609	910.5	47.56	21.0	2.57	44.99	0.9935	0.0754	-42.43
YJL035C	106	499.1	51.24	43.0	4.23	47.01	0.9906	0.1018	-42.78
YJL036W	119	675.5	46.89	15.0	2.37	44.52	1.0	0.0909	-42.15
YJL037W	26	318.1	38.54	15.0	2.15	36.38	1.0	0.1163	-34.23
YJL038C	16	585.8	66.31	71.5	14.19	52.12	1.0	0.1209	-37.94
YJL039C	286	785.5	50.39	62.0	2.78	47.61	0.993	0.0904	-44.83
YJL041W	338	728.0	56.06	67.0	8.41	47.65	1.0	0.103	-39.25
YJL042W	79	890.7	44.09	16.0	2.9	41.19	1.0	0.0745	-38.29
YJL043W	7	468.7	43.0	13.0	4.0	39.0	1.0	0.1188	-35.0
YJL044C	64	882.8	55.59	73.0	4.2	51.39	0.9688	0.1084	-47.19
YJL045W	41	455.3	44.56	16.0	3.46	41.1	0.9756	0.1138	-37.63
YJL046W	86	789.2	53.9	11.0	2.37	51.52	0.9884	0.0796	-49.15
YJL047C	63	895.4	45.11	22.0	2.49	42.62	0.9841	0.1024	-40.13
YJL047C-A	33	338.5	43.06	15.0	2.3	40.76	0.9394	0.1193	-38.45
YJL048C	197	718.5	47.18	15.0	2.58	44.6	1.0	0.085	-42.02
YJL049W	295	565.1	49.15	24.0	2.72	46.44	0.9966	0.0999	-43.72
YJL050W	233	845.3	49.33	29.0	1.97	47.36	0.9957	0.0794	-45.39
YJL051W	351	393.7	43.73	18.0	4.13	39.6	1.0	0.1198	-35.47
YJL052C-A	68	355.4	43.19	23.0	3.87	39.32	0.9853	0.1269	-35.46
YJL052W	1089	845.2	42.9	19.0	3.19	39.71	0.9945	0.0694	-36.52
YJL053W	146	696.0	43.38	16.0	3.85	39.53	1.0	0.077	-35.68
YJL054W	141	618.7	48.45	66.0	1.93	46.52	1.0	0.0942	-44.6
YJL055W	101	593.2	45.81	15.0	1.57	44.24	0.9802	0.087	-42.66
YJL056C	50	712.2	58.58	72.5	1.5	57.08	1.0	0.0902	-55.58
YJL057C	95	754.5	53.63	69.0	2.34	51.29	0.9895	0.0993	-48.96
YJL058C	74	643.6	50.34	48.5	4.15	46.19	1.0	0.0944	-42.04
YJL059W	79	521.4	40.1	14.0	1.81	38.29	1.0	0.0915	-36.48
YJL060W	135	749.0	48.94	61.0	2.4	46.54	1.0	0.0903	-44.14
YJL061W	205	785.1	49.27	59.0	2.18	47.1	1.0	0.0908	-44.92
YJL062W	102	758.8	51.01	64.0	2.11	48.9	1.0	0.0938	-46.79
YJL062W-A	58	400.5	43.0	18.0	1.72	41.28	1.0	0.1063	-39.55
YJL063C	90	468.9	39.89	12.0	2.78	37.11	1.0	0.0911	-34.33
YJL064W	38	515.2	45.87	13.0	2.68	43.18	0.9737	0.0825	-40.5
YJL065C	38	602.1	53.58	17.0	2.63	50.95	0.9737	0.09	-48.32
YJL066C	38	541.9	47.55	70.5	1.11	46.45	1.0	0.1006	-45.34
YJL067W	41	493.1	44.41	36.0	1.66	42.76	0.9756	0.0957	-41.1
YJL068C	95	649.7	42.45	16.0	2.02	40.43	0.9895	0.0796	-38.41
YJL069C	149	699.3	49.48	62.0	2.49	46.99	1.0	0.0956	-44.5
YJL070C	127	621.2	42.26	13.0	2.94	39.31	0.9764	0.0865	-36.37
YJL071W	93	796.4	55.45	64.0	2.14	53.31	0.9677	0.0793	-51.17
YJL072C	143	589.5	49.17	64.0	2.29	46.88	0.958	0.0962	-44.59
YJL073W	127	694.1	50.59	61.0	1.94	48.65	0.9921	0.0998	-46.7
YJL074C	127	929.0	46.12	20.0	2.19	43.93	0.9921	0.0627	-41.74
YJL075C	97	593.6	42.63	11.0	4.03	38.6	0.9691	0.0966	-34.57
YJL076W	105	817.9	48.45	54.0	3.1	45.35	0.9714	0.0872	-42.26
YJL077C	12	419.8	27.08	11.0	9.42	17.67	1.0	0.08	-8.25
YJL077W-A	7	432.6	41.29	19.0	0.43	40.86	1.0	0.102	-40.43
YJL077W-B	26	615.6	38.08	14.5	3.0	35.08	1.0	0.0796	-32.08
YJL078C	78	798.8	52.22	68.0	2.38	49.83	0.9872	0.0915	-47.45
YJL079C	109	685.8	58.65	71.0	5.95	52.7	1.0	0.1128	-46.74
YJL080C	297	1055.8	48.89	53.0	2.08	46.8	0.9832	0.0748	-44.72
YJL081C	249	564.5	46.0	23.0	3.18	42.82	1.0	0.1051	-39.63
YJL082W	191	866.5	40.57	18.0	3.39	37.18	0.9634	0.0667	-33.8
YJL083W	18	751.5	40.5	26.5	2.06	38.44	1.0	0.0589	-36.39
YJL084C	73	707.5	36.42	12.0	2.66	33.77	0.9863	0.073	-31.11
YJL085W	86	572.0	35.72	12.0	3.63	32.09	0.9767	0.0842	-28.47
YJL087C	90	698.4	49.08	47.5	2.53	46.54	0.9889	0.0971	-44.01
YJL088W	134	617.1	53.7	66.5	2.98	50.72	0.9925	0.1073	-47.75
YJL089W	160	584.8	48.66	62.0	2.42	46.24	0.9812	0.0966	-43.82
YJL090C	47	655.7	51.68	67.0	1.91	49.77	1.0	0.1056	-47.85
YJL091C	161	862.0	54.46	68.0	1.52	52.94	0.9876	0.0914	-51.43
YJL092W	75	520.9	47.15	51.0	3.31	43.84	0.9867	0.1128	-40.53
YJL093C	79	1048.9	60.18	74.0	4.23	55.95	0.9873	0.0932	-51.72
YJL094C	130	746.9	51.04	68.5	2.52	48.52	0.9769	0.1	-46.01
YJL095W	187	632.5	44.66	16.0	2.74	41.93	0.9947	0.0881	-39.19
YJL096W	180	562.7	51.32	59.5	4.15	47.17	0.9889	0.0988	-43.02
YJL097W	189	538.4	42.92	18.0	2.85	40.07	0.9788	0.082	-37.22
YJL098W	83	639.9	62.11	63.0	2.11	60.0	0.9639	0.1015	-57.89
YJL099W	108	674.1	43.5	26.0	2.47	41.03	0.9815	0.0737	-38.56
YJL100W	77	573.9	58.43	64.0	2.53	55.9	1.0	0.1286	-53.36
YJL101C	293	828.2	48.28	29.0	2.69	45.6	0.9761	0.0855	-42.91
YJL102W	146	507.6	45.85	41.5	2.4	43.45	0.9932	0.1117	-41.04
YJL103C	102	464.9	48.2	69.0	1.78	46.41	1.0	0.1077	-44.63
YJL104W	521	497.7	45.08	18.0	1.54	43.54	0.9942	0.0953	-42.0
YJL105W	41	584.8	53.49	74.0	1.22	52.27	0.9756	0.0985	-51.05
YJL106W	31	549.4	46.9	17.0	3.39	43.52	0.9677	0.1089	-40.13
YJL107C	10	722.3	83.3	54.0	2.9	80.4	1.0	0.1446	-77.5
YJL108C	34	916.4	60.53	72.5	5.03	55.5	0.9706	0.0933	-50.47
YJL109C	176	1139.4	49.79	65.0	1.61	48.18	0.983	0.0729	-46.56
YJL110C	315	490.8	43.65	19.0	3.07	40.57	0.9841	0.0985	-37.5
YJL111W	396	824.5	50.16	61.0	1.9	48.26	0.9899	0.0838	-46.35
YJL112W	59	696.0	45.36	20.0	2.36	43.0	1.0	0.0849	-40.64
YJL113W	67	845.8	49.99	43.0	1.81	48.18	1.0	0.0976	-46.37
YJL114W	6	208.3	25.17	11.5	2.5	22.67	1.0	0.093	-20.17
YJL115W	18	338.1	62.33	77.5	10.56	51.78	0.8889	0.2	-41.22
YJL116C	251	428.9	51.91	70.0	2.67	49.24	0.996	0.1301	-46.56
YJL117W	395	758.0	56.98	75.0	2.38	54.6	0.9696	0.0907	-52.23
YJL118W	9	597.4	56.33	78.0	1.11	55.22	1.0	0.0987	-54.11
YJL119C	21	468.0	61.76	79.0	5.57	56.19	1.0	0.1627	-50.62
YJL120W	132	493.6	41.68	14.0	1.89	39.8	0.9924	0.094	-37.91
YJL121C	165	510.5	40.23	13.0	2.67	37.56	0.9818	0.0857	-34.88
YJL122W	169	505.3	41.91	16.0	2.08	39.83	0.9882	0.0918	-37.76
YJL123C	192	623.9	39.43	11.0	3.22	36.21	0.9896	0.0758	-32.99
YJL124C	266	522.2	44.1	16.0	2.49	41.61	0.985	0.0981	-39.11
YJL125C	230	513.6	52.93	69.0	6.85	46.08	0.9957	0.117	-39.23
YJL126W	102	627.2	54.14	67.0	2.24	51.9	0.9902	0.0958	-49.67
YJL127C	114	639.8	44.55	20.0	2.08	42.47	0.9825	0.0871	-40.39
YJL127C-B	266	473.6	43.64	22.0	2.21	41.44	0.9774	0.094	-39.23
YJL127W-A	28	352.7	39.11	10.0	1.11	38.0	1.0	0.1034	-36.89
YJL128C	186	756.5	50.23	63.5	2.08	48.15	0.9946	0.0938	-46.08
YJL129C	277	543.8	42.44	19.0	2.35	40.09	0.9856	0.0975	-37.74
YJL130C	434	842.5	48.38	30.0	4.35	44.03	0.9862	0.0867	-39.68
YJL131C	237	485.5	46.65	59.0	2.83	43.83	0.9958	0.1148	-41.0
YJL132W	121	547.2	46.88	18.0	2.91	43.98	1.0	0.0976	-41.07
YJL133C-A	135	410.6	42.93	14.0	1.96	40.96	0.9778	0.1037	-39.0
YJL133W	98	633.3	38.21	14.0	3.96	34.26	0.9898	0.0821	-30.3
YJL134W	145	611.2	46.0	57.0	1.1	44.9	0.9931	0.097	-43.81
YJL136C	3302	430.7	77.02	75.0	33.59	43.44	0.9964	0.171	-9.85
YJL136W-A	3872	431.2	78.1	78.0	34.33	43.77	0.9979	0.1736	-9.44
YJL137C	3270	433.0	76.69	72.0	33.75	42.94	0.9969	0.17	-9.19
YJL138C	2171	909.1	55.13	70.0	3.02	52.11	0.9889	0.0788	-49.1
YJL139C	1077	479.1	52.28	70.0	2.64	49.64	0.9879	0.1191	-47.0
YJL140W	184	535.7	41.91	13.5	2.49	39.42	0.9837	0.0894	-36.93
YJL141C	174	713.4	51.12	66.5	3.22	47.9	0.9828	0.0941	-44.68
YJL142C	132	609.2	56.3	73.0	4.07	52.23	1.0	0.115	-48.17
YJL143W	408	492.0	46.07	33.0	2.72	43.35	0.9975	0.1025	-40.64
YJL144W	318	486.4	51.74	46.5	3.66	48.08	0.9969	0.1116	-44.42
YJL145W	453	570.6	50.33	67.0	1.83	48.5	0.9978	0.0994	-46.66
YJL146W	51	589.1	49.75	55.0	2.0	47.75	1.0	0.0964	-45.75
YJL147C	185	479.1	39.22	19.0	5.11	34.11	0.9514	0.0972	-28.99
YJL148W	306	398.6	36.07	11.0	1.44	34.63	0.9248	0.1216	-33.2
YJL149W	195	348.1	47.83	67.0	2.28	45.54	0.9795	0.1562	-43.26
YJL150W	123	475.7	50.61	63.0	3.16	47.45	1.0	0.1069	-44.28
YJL151C	107	470.7	56.28	79.0	1.74	54.54	1.0	0.1224	-52.8
YJL152W	124	477.3	53.75	71.0	4.27	49.48	1.0	0.1139	-45.2
YJL153C	129	509.0	52.62	66.0	3.86	48.76	1.0	0.111	-44.9
YJL154C	245	934.3	52.97	70.0	2.57	50.4	0.9796	0.0788	-47.82
YJL155C	188	718.1	47.29	23.5	6.78	40.51	0.984	0.0892	-33.73
YJL156C	128	775.7	47.43	24.0	2.62	44.8	0.9922	0.0829	-42.18
YJL156W-A	45	659.4	52.04	61.0	3.62	48.42	0.9778	0.0864	-44.8
YJL157C	118	580.9	52.97	71.5	2.26	50.7	1.0	0.1089	-48.44
YJL158C	2537	587.3	52.51	69.0	3.72	48.8	0.9921	0.1051	-45.08
YJL159W	2310	740.2	54.41	71.0	3.56	50.85	0.9957	0.0998	-47.29
YJL160C	58	556.8	45.34	34.5	4.12	41.22	1.0	0.0901	-37.1
YJL161W	100	505.1	47.83	45.0	3.06	44.77	1.0	0.1007	-41.71
YJL162C	70	655.8	52.14	68.0	3.14	49.0	0.9857	0.1104	-45.86
YJL163C	43	629.8	40.09	16.0	1.51	38.58	1.0	0.0827	-37.07
YJL164C	79	721.3	46.86	15.0	2.8	44.06	1.0	0.0896	-41.27
YJL165C	744	568.2	48.15	26.5	2.42	45.72	0.9973	0.101	-43.3
YJL166W	740	447.8	45.59	17.5	2.38	43.21	0.9946	0.1054	-40.83
YJL167W	1014	687.9	47.04	17.0	2.11	44.92	0.9951	0.0829	-42.81
YJL168C	43	678.3	45.79	18.0	1.19	44.6	1.0	0.0866	-43.42
YJL169W	37	465.2	49.49	72.0	2.49	47.0	1.0	0.1292	-44.51
YJL170C	28	445.9	57.71	73.5	1.46	56.25	1.0	0.1506	-54.79
YJL171C	344	721.9	48.7	66.0	3.22	45.48	0.9797	0.0932	-42.26
YJL172W	253	580.4	47.51	62.0	2.9	44.61	0.9842	0.1049	-41.72
YJL173C	375	458.7	46.49	36.0	2.9	43.59	0.9467	0.1032	-40.7
YJL174W	469	597.2	40.02	12.0	1.87	38.15	0.9701	0.0763	-36.27
YJL176C	550	388.2	66.43	67.0	22.85	43.58	0.9836	0.1644	-20.73
YJL177W	2071	594.4	59.78	38.0	18.13	41.65	0.9874	0.1076	-23.52
YJL178C	337	541.9	53.01	21.0	1.99	51.02	0.9614	0.1032	-49.02
YJL179W	343	552.8	42.9	17.0	2.57	40.32	0.9738	0.0797	-37.75
YJL180C	316	517.8	43.69	20.5	2.83	40.86	0.9842	0.0874	-38.03
YJL181W	126	616.1	45.56	17.5	7.6	37.97	0.9683	0.0873	-30.37
YJL182C	93	566.6	37.48	10.0	3.61	33.87	0.9785	0.0664	-30.26
YJL183W	178	928.5	46.07	28.5	2.56	43.51	0.9831	0.0621	-40.94
YJL184W	6	340.0	20.83	6.0	4.0	16.83	1.0	0.0623	-12.83
YJL185C	132	510.9	50.45	67.5	6.58	43.86	0.9773	0.1053	-37.28
YJL186W	190	1017.1	43.25	15.5	1.84	41.41	0.9684	0.0711	-39.56
YJL187C	7213	333.1	60.12	36.0	20.35	39.76	0.9993	0.1725	-19.41
YJL188C	7218	329.3	59.36	36.0	20.46	38.89	0.9989	0.1709	-18.43
YJL189W	9502	339.8	65.99	42.0	19.53	46.46	0.9983	0.1814	-26.92
YJL190C	7690	522.6	45.86	24.0	2.46	43.4	0.9936	0.087	-40.94
YJL191W	7890	522.3	44.96	23.0	2.2	42.76	0.9947	0.0857	-40.55
YJL192C	199	540.4	41.55	14.0	4.41	37.14	0.9899	0.088	-32.72
YJL193W	167	558.3	44.81	16.0	3.75	41.05	0.988	0.0922	-37.3
YJL194W	11	732.5	43.18	46.0	2.27	40.91	1.0	0.0608	-38.64
YJL195C	8	384.6	48.88	49.0	2.25	46.62	0.75	0.116	-44.38
YJL196C	302	855.2	56.14	75.0	1.72	54.43	0.9967	0.0775	-52.71
YJL197W	217	532.6	53.58	69.0	3.18	50.39	0.9908	0.1139	-47.21
YJL198W	138	947.6	60.93	76.0	3.72	57.22	0.9928	0.0904	-53.5
YJL199C	25	525.7	52.16	66.0	2.64	49.52	1.0	0.1015	-46.88
YJL200C	534	837.2	54.99	70.5	2.24	52.75	0.9906	0.0912	-50.51
YJL201W	366	493.6	47.27	38.0	3.19	44.08	0.9973	0.1095	-40.89
YJL202C	21	448.5	35.14	16.0	2.24	32.9	1.0	0.0924	-30.67
YJL203W	29	627.7	41.59	11.0	1.9	39.69	0.9655	0.0759	-37.79
YJL204C	87	563.5	53.92	49.0	12.66	41.26	0.9655	0.1226	-28.61
YJL205C	43	389.9	69.77	78.0	17.79	51.98	1.0	0.1956	-34.19
YJL206C	65	446.4	53.28	45.0	13.45	39.83	1.0	0.14	-26.38
YJL207C	120	862.7	57.49	73.5	3.55	53.94	0.9917	0.0908	-50.39
YJL208C	196	568.0	44.58	14.5	2.53	42.05	1.0	0.0935	-39.53
YJL209W	141	605.5	52.56	65.0	5.5	47.06	0.9929	0.1093	-41.57
YJL210W	35	740.2	52.0	72.0	1.34	50.66	1.0	0.0724	-49.31
YJL211C	44	765.5	47.91	60.5	2.23	45.68	0.9318	0.0661	-43.45
YJL212C	220	733.9	51.86	68.5	2.67	49.19	0.9909	0.0954	-46.52
YJL213W	138	547.9	66.79	67.5	2.93	63.86	0.9928	0.1424	-60.92
YJL214W	84	599.8	62.24	73.5	3.15	59.08	0.9881	0.1107	-55.93
YJL216C	49	586.1	65.53	70.0	17.94	47.59	0.9796	0.1136	-29.65
YJL217W	195	605.1	43.55	20.0	1.97	41.58	0.9897	0.0795	-39.61
YJL218W	27	582.3	48.11	66.0	0.96	47.15	0.963	0.0882	-46.19
YJL219W	6	701.0	78.0	89.5	3.17	74.83	1.0	0.1635	-71.67
YJL221C	30	543.4	57.03	73.5	1.93	55.1	1.0	0.1262	-53.17
YJL222W	36	813.3	44.14	43.0	3.53	40.61	1.0	0.0824	-37.08
YJL222W-A	15	486.9	48.47	62.0	1.93	46.53	0.9333	0.1176	-44.6
YJL222W-B	10	550.8	65.0	77.5	2.8	62.2	1.0	0.1323	-59.4
YJL223C	17	617.7	44.0	20.0	3.12	40.88	1.0	0.076	-37.76
YJL225C	45	676.6	46.27	20.0	1.84	44.42	0.9778	0.0965	-42.58
YJL225W-A	26	466.9	28.77	9.0	1.04	27.73	1.0	0.0652	-26.69
YJR001W	168	720.5	51.54	66.0	3.14	48.4	1.0	0.1046	-45.26
YJR002W	286	543.8	48.55	54.5	2.83	45.72	0.9965	0.1086	-42.9
YJR003C	368	529.0	46.63	24.0	3.54	43.09	0.9891	0.1079	-39.55
YJR004C	441	842.1	54.04	72.0	2.86	51.18	1.0	0.0985	-48.32
YJR005C-A	29	380.9	45.28	21.0	1.97	43.31	1.0	0.1348	-41.34
YJR005W	121	785.0	53.36	69.0	3.85	49.5	0.9917	0.1037	-45.65
YJR006W	71	766.7	35.93	10.0	2.66	33.27	0.9859	0.071	-30.61
YJR007W	472	768.2	52.36	67.5	4.03	48.33	0.9852	0.0804	-44.31
YJR008W	3843	462.1	48.65	60.0	3.89	44.77	0.9969	0.1172	-40.88
YJR009C	6927	783.7	48.87	64.0	2.39	46.48	0.9922	0.0811	-44.09
YJR010C-A	117	489.0	41.62	14.0	3.92	37.7	1.0	0.0877	-33.78
YJR010W	131	500.5	46.39	47.0	2.59	43.8	0.9695	0.1158	-41.21
YJR011C	193	582.6	47.27	47.0	1.43	45.84	0.9845	0.0914	-44.41
YJR012C	54	435.5	54.09	65.0	4.94	49.15	1.0	0.1262	-44.2
YJR013W	196	589.4	51.45	51.0	1.63	49.82	0.9898	0.1051	-48.18
YJR014W	123	562.4	46.24	19.0	1.59	44.65	1.0	0.0947	-43.07
YJR015W	794	585.0	46.49	43.0	2.84	43.65	0.9912	0.096	-40.81
YJR016C	1180	928.5	46.67	34.5	2.45	44.22	0.9822	0.0725	-41.77
YJR017C	57	446.4	30.91	8.0	1.54	29.37	0.9649	0.0759	-27.82
YJR018W	70	510.7	39.74	13.0	1.59	38.16	1.0	0.0866	-36.57
YJR019C	58	532.2	46.48	19.0	2.9	43.59	0.9828	0.0974	-40.69
YJR020W	23	433.8	45.65	22.0	2.7	42.96	1.0	0.1333	-40.26
YJR021C	47	475.6	57.28	74.0	9.96	47.32	0.9787	0.1348	-37.36
YJR022W	65	625.2	51.72	67.0	4.88	46.85	1.0	0.0913	-41.97
YJR023C	71	534.9	45.51	17.0	1.58	43.93	1.0	0.0975	-42.35
YJR024C	313	542.9	40.62	14.0	2.03	38.58	0.9968	0.0787	-36.55
YJR025C	413	535.9	40.58	15.0	1.94	38.64	0.9831	0.0794	-36.69
YJR026W	145	469.8	38.59	11.0	3.44	35.15	0.9655	0.088	-31.71
YJR027W	1243	1057.0	49.57	54.0	2.84	46.73	0.9718	0.0614	-43.88
YJR028W	478	627.8	48.18	61.0	3.27	44.91	0.9707	0.0831	-41.64
YJR029W	3215	1064.4	49.55	59.0	2.57	46.99	0.9807	0.0576	-44.42
YJR030C	1733	680.0	48.09	23.0	4.68	43.4	0.9885	0.0702	-38.72
YJR031C	41	804.2	59.76	76.0	1.73	58.02	0.9756	0.1153	-56.29
YJR032W	108	807.9	36.06	8.0	2.21	33.85	0.9722	0.0568	-31.64
YJR033C	133	543.7	38.98	10.0	1.4	37.59	0.9774	0.0873	-36.19
YJR034W	29	463.2	58.45	73.0	0.97	57.48	1.0	0.132	-56.52
YJR035W	91	626.9	54.24	72.0	2.67	51.57	0.978	0.1148	-48.9
YJR036C	53	757.2	46.6	22.0	1.34	45.26	1.0	0.0792	-43.92
YJR039W	51	932.6	43.2	17.0	2.57	40.63	1.0	0.0632	-38.06
YJR040W	116	690.3	49.32	63.5	2.55	46.77	1.0	0.1041	-44.22
YJR041C	146	810.7	49.02	19.0	5.0	44.02	0.9863	0.0838	-39.02
YJR042W	166	959.4	51.99	70.0	1.58	50.42	0.994	0.0705	-48.84
YJR043C	105	585.3	45.04	15.0	3.25	41.79	1.0	0.0898	-38.54
YJR044C	1138	456.6	53.04	68.5	2.11	50.93	0.9974	0.1262	-48.82
YJR045C	1900	938.9	56.12	72.0	2.74	53.38	0.9916	0.0899	-50.65
YJR046W	279	647.7	34.79	7.0	1.85	32.94	0.9498	0.065	-31.08
YJR047C	66	470.0	42.73	12.0	1.91	40.82	1.0	0.095	-38.91
YJR048W	369	475.8	39.14	12.0	3.2	35.94	0.9783	0.0889	-32.75
YJR049C	401	564.9	41.9	18.0	2.24	39.65	0.98	0.0861	-37.41
YJR050W	78	725.9	41.42	11.0	2.37	39.05	0.9872	0.0672	-36.68
YJR051W	182	684.6	45.73	22.0	3.35	42.38	0.9945	0.0877	-39.03
YJR052W	66	734.0	45.94	23.0	6.56	39.38	1.0	0.0906	-32.82
YJR053W	27	526.5	46.48	66.0	0.78	45.7	1.0	0.1086	-44.93
YJR054W	101	709.9	49.18	66.0	2.12	47.06	1.0	0.0998	-44.94
YJR055W	71	610.2	89.52	74.0	32.04	57.48	0.9859	0.1524	-25.44
YJR056C	97	582.6	44.03	17.0	4.94	39.09	1.0	0.0878	-34.15
YJR057W	169	539.0	40.37	12.0	1.73	38.64	0.9822	0.0762	-36.92
YJR058C	183	533.5	37.51	12.0	2.78	34.74	0.9891	0.0763	-31.96
YJR059W	91	689.1	48.26	17.0	8.53	39.74	0.978	0.0792	-31.21
YJR060W	92	567.0	44.05	18.0	1.54	42.51	1.0	0.0903	-40.97
YJR061W	109	612.6	40.79	14.0	3.61	37.17	0.9908	0.085	-33.56
YJR062C	125	545.0	51.35	69.0	2.3	49.05	1.0	0.1123	-46.74
YJR063W	89	438.9	49.96	55.0	2.6	47.36	1.0	0.1231	-44.76
YJR064W	740	791.5	47.95	32.0	2.81	45.15	0.9919	0.0806	-42.34
YJR065C	515	704.8	47.69	27.0	4.3	43.39	0.9845	0.0929	-39.08
YJR066W	136	817.1	50.74	59.0	2.64	48.1	0.9926	0.0888	-45.46
YJR067C	65	547.4	49.88	69.0	3.03	46.85	0.9692	0.0961	-43.82
YJR068W	287	681.0	47.8	26.0	3.25	44.56	0.9895	0.091	-41.31
YJR069C	277	585.2	62.9	69.0	17.7	45.2	0.9856	0.1063	-27.49
YJR070C	300	730.8	44.61	21.0	3.31	41.3	0.9867	0.0822	-37.99
YJR071W	255	747.3	50.68	67.0	2.38	48.3	1.0	0.0834	-45.92
YJR072C	210	597.6	47.9	57.5	2.88	45.02	0.9952	0.0959	-42.14
YJR073C	216	548.3	47.51	60.0	2.27	45.25	0.9954	0.0971	-42.98
YJR074W	276	597.6	44.96	16.0	3.06	41.9	0.9891	0.0823	-38.84
YJR075W	218	688.2	39.59	13.0	1.64	37.95	0.9954	0.0753	-36.31
YJR076C	301	452.7	42.77	17.0	2.89	39.88	0.9934	0.1099	-36.99
YJR077C	449	862.9	55.61	73.0	3.76	51.85	0.9889	0.0793	-48.1
YJR078W	63	498.8	46.11	33.0	3.65	42.46	1.0	0.1231	-38.81
YJR079W	74	705.6	47.68	38.5	3.49	44.19	1.0	0.0907	-40.7
YJR080C	148	618.1	45.53	52.5	2.45	43.09	0.9932	0.0799	-40.64
YJR082C	88	533.0	49.42	68.0	2.31	47.11	0.9886	0.1028	-44.81
YJR083C	106	646.3	53.42	66.0	1.97	51.45	0.9906	0.0882	-49.48
YJR084W	473	484.3	49.47	61.0	2.89	46.58	0.9958	0.1089	-43.69
YJR085C	517	419.4	51.34	66.0	2.44	48.9	1.0	0.1227	-46.46
YJR086W	215	532.4	52.99	64.0	3.1	49.89	0.986	0.1175	-46.79
YJR087W	257	536.8	48.9	32.0	1.74	47.16	0.9922	0.1056	-45.43
YJR088C	237	551.1	51.97	27.0	3.07	48.9	1.0	0.1054	-45.83
YJR089W	60	572.3	43.22	20.5	0.68	42.53	1.0	0.0927	-41.85
YJR090C	100	758.4	52.12	69.0	2.73	49.39	0.99	0.0993	-46.66
YJR091C	76	1202.4	59.0	76.0	3.05	55.95	1.0	0.0938	-52.89
YJR092W	81	624.5	46.69	17.0	1.73	44.96	1.0	0.0938	-43.23
YJR093C	72	594.3	45.06	17.0	3.11	41.94	1.0	0.0809	-38.83
YJR094C	50	723.1	168.16	89.5	115.14	53.02	1.0	0.2013	62.12
YJR094W-A	7091	427.5	52.08	31.0	10.04	42.04	0.9968	0.1161	-32.0
YJR095W	157	221.6	47.59	56.0	4.31	43.29	0.9936	0.2007	-38.98
YJR096W	167	817.6	53.28	72.0	1.86	51.42	0.994	0.0759	-49.56
YJR097W	69	494.4	42.83	16.0	3.03	39.8	1.0	0.1011	-36.77
YJR098C	38	666.3	49.68	66.0	0.97	48.71	1.0	0.0736	-47.74
YJR099W	117	704.4	50.23	25.0	4.06	46.17	0.9915	0.0826	-42.11
YJR100C	124	688.8	42.65	16.0	2.73	39.92	0.9839	0.0772	-37.19
YJR101W	223	713.0	49.92	22.0	4.63	45.29	0.991	0.0789	-40.66
YJR102C	234	666.4	46.43	17.0	2.23	44.21	1.0	0.0774	-41.98
YJR103W	1206	524.6	45.13	17.0	2.48	42.65	1.0	0.092	-40.18
YJR104C	1171	507.8	48.19	22.0	2.36	45.83	0.9957	0.1008	-43.47
YJR105W	1252	860.2	51.51	33.0	2.64	48.87	0.9928	0.0696	-46.24
YJR106W	404	503.6	49.78	25.0	7.27	42.51	0.9975	0.1056	-35.24
YJR107C-A	116	420.9	37.84	10.0	1.71	36.13	1.0	0.0965	-34.42
YJR107W	92	539.6	45.35	13.0	4.32	41.03	1.0	0.089	-36.72
YJR108W	312	401.4	37.08	11.0	1.96	35.12	0.9968	0.0943	-33.16
YJR109C	699	990.5	48.11	22.0	3.05	45.06	0.9943	0.0713	-42.01
YJR110W	112	558.8	52.42	61.5	5.46	46.96	1.0	0.1227	-41.49
YJR111C	116	606.4	45.9	17.0	2.1	43.79	0.9914	0.0908	-41.69
YJR112W	34	422.3	46.82	28.0	5.65	41.18	0.9706	0.1158	-35.53
YJR112W-A	47	509.5	41.23	11.0	1.64	39.6	0.9787	0.089	-37.96
YJR113C	52	541.5	51.88	68.5	1.81	50.08	1.0	0.1033	-48.27
YJR114W	39	646.1	40.05	17.0	2.26	37.79	1.0	0.0777	-35.54
YJR115W	31	495.0	48.65	57.0	2.39	46.26	1.0	0.1172	-43.87
YJR116W	77	683.6	53.66	64.0	5.82	47.84	0.987	0.0935	-42.03
YJR117W	327	721.7	48.37	63.0	2.48	45.89	0.9786	0.0875	-43.42
YJR118C	201	528.3	51.57	66.0	3.81	47.76	0.995	0.1082	-43.95
YJR119C	113	533.1	43.36	16.0	2.57	40.8	0.9912	0.1015	-38.23
YJR120W	16	485.4	54.69	11.5	27.44	27.25	0.875	0.125	0.19
YJR121W	1013	893.9	44.91	16.0	2.73	42.18	0.9911	0.0694	-39.45
YJR122W	509	432.0	41.74	17.0	2.7	39.03	0.9961	0.1059	-36.33
YJR123W	5152	662.1	43.95	14.0	2.2	41.74	0.9507	0.0731	-39.54
YJR124C	3927	591.2	44.65	22.0	6.57	38.08	0.9717	0.0845	-31.51
YJR125C	148	652.8	51.29	66.5	2.21	49.08	0.9932	0.096	-46.87
YJR126C	133	869.4	44.98	24.0	1.86	43.13	1.0	0.0829	-41.27
YJR127C	70	645.2	52.2	69.0	1.96	50.24	0.9857	0.1122	-48.29
YJR128W	50	387.1	47.24	18.5	1.56	45.68	1.0	0.139	-44.12
YJR129C	127	556.2	50.27	70.0	2.1	48.17	0.9843	0.108	-46.06
YJR130C	125	1027.0	45.74	25.0	1.91	43.83	0.984	0.0678	-41.92
YJR131W	59	912.5	43.95	16.0	8.56	35.39	0.9831	0.0621	-26.83
YJR132W	210	799.8	48.87	58.0	1.9	46.97	0.9857	0.079	-45.07
YJR133W	169	511.1	42.78	14.0	2.38	40.4	0.9941	0.0899	-38.02
YJR134C	176	697.6	46.06	17.5	1.86	44.19	0.9886	0.0871	-42.33
YJR135C	328	410.4	48.3	66.0	1.88	46.42	0.9939	0.1162	-44.55
YJR135W-A	437	415.6	49.12	65.0	2.08	47.05	0.9954	0.1144	-44.97
YJR136C	418	463.7	47.23	63.5	2.44	44.79	0.9856	0.106	-42.35
YJR137C	107	936.0	52.29	68.0	1.28	51.01	0.9907	0.0846	-49.73
YJR138W	267	601.0	49.18	37.0	5.45	43.73	0.9925	0.1039	-38.28
YJR139C	715	928.4	50.49	62.0	2.29	48.2	0.9916	0.0688	-45.92
YJR140C	33	952.7	46.67	24.0	3.79	42.88	1.0	0.0586	-39.09
YJR140W-A	18	425.4	40.94	27.0	0.89	40.06	0.9444	0.1093	-39.17
YJR141W	94	850.9	44.54	20.5	1.63	42.91	0.9894	0.0646	-41.29
YJR142W	234	643.5	46.47	16.5	4.66	41.81	0.9915	0.0802	-37.15
YJR143C	342	949.7	46.15	16.5	3.41	42.75	0.9942	0.0727	-39.34
YJR144W	2388	479.8	49.58	28.0	10.25	39.33	0.9824	0.1085	-29.08
YJR145C	4473	663.6	54.89	40.0	13.58	41.31	0.985	0.0885	-27.73
YJR146W	21	695.4	63.05	76.0	4.48	58.57	1.0	0.1444	-54.1
YJR147W	50	881.1	61.3	77.5	4.9	56.4	0.96	0.0828	-51.5
YJR148W	445	792.9	43.61	15.0	2.42	41.19	0.9933	0.0752	-38.77
YJR149W	235	492.4	46.37	14.0	5.25	41.13	0.9915	0.1056	-35.88
YJR150C	16	384.4	50.38	23.0	7.0	43.38	1.0	0.1389	-36.38
YJR151C	29	586.2	124.79	70.0	76.66	48.14	1.0	0.1694	28.52
YJR151W-A	29	391.9	75.59	17.0	2.59	73.0	1.0	0.1513	-70.41
YJR152W	47	753.0	68.49	72.0	2.66	65.83	1.0	0.126	-63.17
YJR153W	47	634.7	75.36	74.0	23.51	51.85	1.0	0.1447	-28.34
YJR154W	34	576.4	157.62	171.0	4.85	152.76	1.0	0.242	-147.91
YJR155W	65	625.4	45.57	20.0	4.58	40.98	1.0	0.0781	-36.4
YJR156C	45	439.7	42.49	15.0	5.96	36.53	1.0	0.1012	-30.58
YJR157W	14	529.4	42.21	22.0	3.43	38.79	1.0	0.106	-35.36
YJR158W	33	333.5	40.15	20.0	3.24	36.91	1.0	0.114	-33.67
YJR159W	72	490.2	57.74	69.0	3.31	54.43	1.0	0.1135	-51.12
YJR160C	60	588.5	73.67	85.0	1.98	71.68	1.0	0.1581	-69.7
YJR161C	162	668.9	57.1	70.5	6.75	50.35	1.0	0.1068	-43.6
YKL001C	251	556.8	38.94	11.0	2.33	36.62	0.9801	0.0761	-34.29
YKL002W	317	532.6	39.59	14.0	2.72	36.87	0.9874	0.086	-34.15
YKL003C	186	444.2	45.25	20.0	2.43	42.82	0.9892	0.1053	-40.39
YKL004W	260	683.9	53.52	69.0	3.18	50.34	0.9923	0.1017	-47.17
YKL005C	3300	471.6	132.71	140.0	88.63	44.08	0.9952	0.2588	44.55
YKL006C-A	452	578.4	62.8	72.0	15.76	47.05	0.9978	0.1225	-31.29
YKL006W	4646	495.3	151.62	149.0	105.7	45.92	0.9963	0.2859	59.78
YKL007W	429	622.4	57.34	67.0	17.04	40.3	1.0	0.1098	-23.25
YKL008C	718	636.6	54.44	68.0	10.21	44.23	0.9889	0.1023	-34.02
YKL009W	1047	686.2	49.14	44.0	2.71	46.43	0.9971	0.0808	-43.72
YKL010C	137	854.3	74.53	77.0	2.44	72.09	0.9635	0.1073	-69.65
YKL011C	167	585.8	45.66	23.0	2.26	43.4	0.982	0.0909	-41.13
YKL012W	343	611.4	52.42	63.0	4.09	48.32	0.9913	0.0879	-44.23
YKL013C	307	594.2	46.7	60.0	2.01	44.7	0.987	0.0884	-42.69
YKL014C	352	767.8	50.14	46.5	6.51	43.64	0.9915	0.0895	-37.13
YKL015W	192	731.2	52.42	68.5	2.67	49.76	0.9844	0.0941	-47.09
YKL016C	187	565.3	46.86	16.0	1.99	44.87	0.9947	0.0813	-42.88
YKL017C	251	599.1	46.88	23.0	2.39	44.49	0.992	0.0897	-42.1
YKL018C-A	72	501.4	53.12	55.0	6.03	47.1	1.0	0.1241	-41.07
YKL018W	124	578.1	45.08	20.0	1.78	43.3	1.0	0.1055	-41.52
YKL019W	121	732.5	46.27	17.0	2.2	44.07	0.9917	0.0767	-41.88
YKL020C	80	862.1	56.46	73.0	2.62	53.84	0.9875	0.1025	-51.21
YKL021C	106	627.1	44.36	17.5	2.08	42.27	1.0	0.092	-40.19
YKL022C	68	687.7	48.87	12.0	0.97	47.9	0.9853	0.0872	-46.93
YKL023C-A	146	689.0	44.41	15.0	1.7	42.71	0.9932	0.0746	-41.01
YKL023W	43	479.9	36.12	11.0	4.84	31.28	0.9535	0.0886	-26.44
YKL024C	143	641.3	44.45	14.0	3.1	41.35	0.972	0.0754	-38.25
YKL025C	163	731.3	54.16	53.0	15.16	39.0	0.9877	0.0853	-23.84
YKL026C	133	486.9	40.55	16.0	2.49	38.06	0.985	0.093	-35.57
YKL027W	230	677.8	51.68	64.0	4.0	47.69	0.9957	0.1008	-43.69
YKL028W	52	509.6	54.38	72.0	3.1	51.29	1.0	0.1247	-48.19
YKL029C	176	1056.5	59.05	71.0	6.15	52.9	0.9659	0.0729	-46.76
YKL030W	111	671.2	48.44	59.0	4.05	44.4	0.955	0.0888	-40.35
YKL031W	87	453.7	51.23	53.0	3.07	48.16	0.954	0.1126	-45.09
YKL032C	141	632.0	56.18	64.0	4.4	51.79	0.9858	0.1255	-47.39
YKL033W	582	664.7	51.52	43.0	7.3	44.23	1.0	0.0858	-36.93
YKL033W-A	597	646.3	50.39	59.0	2.92	47.47	0.9966	0.0848	-44.55
YKL034W	260	457.9	53.8	69.5	3.57	50.24	0.9808	0.1332	-46.67
YKL035W	507	998.4	54.69	68.0	5.12	49.57	0.9803	0.0759	-44.45
YKL036C	16	392.8	35.0	8.0	7.12	27.88	0.9375	0.0757	-20.75
YKL037W	24	386.5	34.71	13.0	4.0	30.71	1.0	0.1026	-26.71
YKL038W	52	696.0	55.63	73.5	3.19	52.44	0.9808	0.1201	-49.25
YKL039W	234	893.0	50.22	57.0	2.94	47.28	0.9786	0.079	-44.34
YKL040C	298	797.5	43.94	15.0	1.18	42.75	0.9664	0.0626	-41.57
YKL041W	168	604.6	43.53	17.0	7.92	35.61	0.994	0.0745	-27.68
YKL042W	63	527.1	46.71	55.0	2.29	44.43	0.9841	0.1189	-42.14
YKL043W	103	710.4	44.74	16.0	2.12	42.62	0.9806	0.0782	-40.5
YKL045W	139	750.9	41.32	14.0	1.38	39.94	0.964	0.0727	-38.55
YKL046C	264	942.9	50.26	50.0	2.66	47.6	0.9924	0.0716	-44.94
YKL047W	194	676.9	50.12	66.5	2.64	47.48	0.9948	0.0975	-44.85
YKL048C	32	563.2	48.53	61.0	1.31	47.22	0.9688	0.1205	-45.91
YKL049C	67	596.3	36.54	12.0	1.36	35.18	1.0	0.0744	-33.82
YKL050C	88	456.3	49.61	67.0	1.88	47.74	1.0	0.1165	-45.86
YKL051W	155	656.7	50.56	68.0	2.86	47.7	0.9742	0.1035	-44.83
YKL052C	182	431.4	49.45	68.0	2.64	46.81	1.0	0.1161	-44.17
YKL053C-A	164	417.8	53.98	75.5	2.38	51.59	0.9817	0.133	-49.21
YKL053W	191	448.5	54.34	73.0	3.44	50.9	0.9948	0.1238	-47.46
YKL054C	519	761.8	59.44	75.0	4.48	54.96	0.9961	0.1078	-50.47
YKL055C	7360	668.3	90.15	96.0	1.38	88.77	0.9973	0.1311	-87.39
YKL056C	8489	615.1	54.26	74.0	2.06	52.21	0.9949	0.0896	-50.15
YKL057C	8904	623.9	54.69	73.0	2.4	52.29	0.9949	0.0897	-49.88
YKL058W	318	532.8	45.86	19.0	3.95	41.91	0.9906	0.0888	-37.97
YKL059C	93	398.9	40.19	15.0	3.11	37.09	0.9462	0.1148	-33.98
YKL060C	18247	788.6	41.98	14.0	2.67	39.32	0.9788	0.0659	-36.65
YKL061W	9108	447.9	39.13	13.0	2.94	36.19	0.9802	0.0928	-33.25
YKL062W	140	998.4	55.91	74.0	2.6	53.31	0.9857	0.0778	-50.71
YKL063C	177	549.1	51.82	65.0	3.68	48.15	1.0	0.1061	-44.47
YKL064W	199	714.3	48.98	44.0	2.72	46.26	0.995	0.0908	-43.53
YKL065C	496	646.8	52.74	67.0	2.8	49.94	1.0	0.0845	-47.14
YKL065W-A	592	605.2	55.18	71.0	4.3	50.88	0.9966	0.0973	-46.59
YKL066W	529	575.2	49.19	26.0	4.59	44.6	0.9849	0.0945	-40.02
YKL067W	549	615.2	49.36	13.0	7.36	42.0	0.9872	0.0841	-34.65
YKL068W	277	641.4	47.88	45.0	2.72	45.16	0.9964	0.095	-42.44
YKL068W-A	177	518.6	40.71	18.0	1.98	38.73	0.9944	0.0792	-36.75
YKL069W	89	508.0	44.7	19.0	3.74	40.96	0.9663	0.0931	-37.21
YKL070W	35	581.7	42.66	16.0	2.17	40.49	1.0	0.0808	-38.31
YKL071W	97	771.4	150.68	65.0	27.03	123.65	1.0	0.1644	-96.62
YKL072W	144	519.5	40.99	16.0	2.28	38.71	1.0	0.102	-36.42
YKL073W	227	922.4	52.63	68.0	2.29	50.35	0.9912	0.0844	-48.06
YKL074C	94	927.9	48.76	71.5	2.17	46.59	0.9894	0.0737	-44.41
YKL075C	170	502.6	44.34	50.5	2.42	41.92	0.9882	0.0999	-39.5
YKL076C	136	535.6	45.56	35.5	3.27	42.29	1.0	0.0962	-39.01
YKL077W	279	845.6	44.24	15.0	2.06	42.18	0.9785	0.0743	-40.11
YKL078W	95	633.3	40.27	13.0	2.74	37.54	0.9684	0.0833	-34.8
YKL079W	397	703.8	45.42	22.0	4.07	41.35	0.9899	0.1	-37.28
YKL080W	1325	569.9	49.65	64.0	3.04	46.6	0.9902	0.1122	-43.56
YKL081W	2169	844.7	94.86	79.0	45.86	49.0	0.9912	0.1138	-3.14
YKL082C	73	462.1	59.63	25.0	15.86	43.77	1.0	0.1316	-27.9
YKL083W	51	408.1	49.84	34.0	6.04	43.8	1.0	0.1307	-37.76
YKL084W	74	474.1	36.55	13.0	2.07	34.49	1.0	0.0879	-32.42
YKL085W	209	956.4	58.19	75.0	2.12	56.06	0.9952	0.0768	-53.94
YKL086W	16	399.8	63.38	73.5	0.75	62.62	1.0	0.1324	-61.88
YKL087C	106	508.5	40.2	10.0	1.52	38.68	0.9717	0.0982	-37.16
YKL088W	114	596.7	38.79	11.0	1.89	36.89	0.9386	0.08	-35.0
YKL089W	60	675.5	46.7	27.0	0.72	45.98	0.95	0.0789	-45.27
YKL090W	83	586.2	49.64	72.0	1.28	48.36	0.9639	0.0988	-47.08
YKL091C	101	758.4	47.23	26.0	3.53	43.69	0.9802	0.0704	-40.16
YKL092C	102	718.7	41.7	15.0	2.04	39.66	0.9804	0.0794	-37.62
YKL093W	130	517.0	50.87	30.5	6.83	44.04	0.9846	0.1082	-37.21
YKL094W	287	789.7	50.27	68.0	2.87	47.4	0.9965	0.0799	-44.52
YKL095W	120	427.8	52.42	62.0	8.43	44.0	0.9917	0.1351	-35.58
YKL096C-B	2792	454.6	60.68	76.0	3.99	56.69	0.9986	0.1336	-52.7
YKL096W	455	754.6	56.72	74.0	3.62	53.11	0.9912	0.0786	-49.49
YKL096W-A	3019	459.1	60.22	76.0	4.14	56.08	0.9983	0.1301	-51.93
YKL097C	2726	454.4	60.62	77.0	3.95	56.67	0.9971	0.1335	-52.71
YKL098W	76	817.0	62.84	71.5	2.72	60.12	1.0	0.0903	-57.39
YKL099C	183	668.2	40.08	13.0	2.37	37.72	1.0	0.0664	-35.35
YKL100C	235	766.2	48.18	52.0	5.06	43.12	0.9957	0.0811	-38.06
YKL100W-A	63	547.0	47.43	37.0	2.25	45.17	1.0	0.1063	-42.92
YKL101W	178	926.7	48.56	32.0	3.19	45.37	0.9888	0.0707	-42.17
YKL102C	15	449.3	48.87	22.0	9.2	39.67	1.0	0.1153	-30.47
YKL103C	162	928.5	55.79	74.0	2.19	53.6	0.9753	0.0848	-51.42
YKL104C	462	1137.4	51.22	69.5	2.05	49.17	0.9913	0.073	-47.12
YKL104W-A	30	477.7	57.43	76.5	2.17	55.27	0.9	0.1605	-53.1
YKL105C	203	482.0	51.8	67.0	3.3	48.51	0.9901	0.1342	-45.21
YKL106C-A	8	475.9	29.25	15.0	1.25	28.0	1.0	0.0524	-26.75
YKL106W	100	781.1	45.45	16.0	1.58	43.87	0.98	0.0676	-42.29
YKL107W	17	433.5	42.18	13.0	0.41	41.76	1.0	0.1053	-41.35
YKL108W	167	507.0	57.35	74.0	2.13	55.22	0.994	0.1228	-53.1
YKL109W	295	797.6	56.35	73.0	3.8	52.55	0.9966	0.0949	-48.74
YKL110C	168	639.2	37.77	9.0	3.22	34.55	0.9821	0.0704	-31.33
YKL111C	52	493.4	47.67	25.5	7.29	40.38	0.9423	0.1017	-33.1
YKL112W	64	689.2	48.12	39.5	6.61	41.52	0.9844	0.0882	-34.91
YKL113C	36	754.8	40.94	15.0	2.31	38.64	0.9722	0.0627	-36.33
YKL114C	56	681.6	36.54	12.5	2.46	34.07	1.0	0.0701	-31.61
YKL115C	25	537.0	27.04	9.0	1.52	25.52	1.0	0.052	-24.0
YKL116C	303	541.0	45.2	18.0	8.67	36.52	0.9901	0.0963	-27.85
YKL117W	381	621.1	43.97	15.0	1.76	42.21	0.9685	0.0781	-40.45
YKL118W	176	429.2	44.91	20.5	2.41	42.5	0.9943	0.1239	-40.09
YKL119C	396	564.9	52.0	66.0	3.74	48.26	0.9949	0.1033	-44.52
YKL120W	908	908.4	52.59	68.0	4.05	48.54	0.9978	0.0703	-44.5
YKL121W	57	746.7	56.26	44.0	13.11	43.16	1.0	0.1002	-30.05
YKL122C	237	531.8	38.08	9.0	1.22	36.87	0.962	0.0707	-35.65
YKL123W	241	522.6	40.6	13.0	1.72	38.88	0.9917	0.0817	-37.16
YKL124W	252	537.4	45.08	28.5	1.47	43.61	0.9802	0.0926	-42.14
YKL125W	145	613.4	43.51	16.0	2.43	41.08	0.9931	0.0824	-38.66
YKL126W	188	812.7	46.08	15.5	2.51	43.57	1.0	0.0849	-41.07
YKL127W	233	772.6	63.58	72.0	12.7	50.88	0.9957	0.1339	-38.17
YKL128C	405	760.4	58.29	65.0	4.53	53.76	0.9901	0.0875	-49.22
YKL129C	123	502.5	60.82	72.0	4.71	56.11	1.0	0.1355	-51.41
YKL130C	80	599.6	55.29	73.5	1.61	53.68	1.0	0.1088	-52.06
YKL131W	49	611.9	62.2	60.0	12.37	49.84	0.9796	0.1037	-37.47
YKL132C	56	606.3	50.64	14.0	8.89	41.75	1.0	0.0892	-32.86
YKL133C	39	633.1	48.49	21.0	13.54	34.95	1.0	0.0862	-21.41
YKL134C	77	741.3	45.49	23.0	2.56	42.94	0.987	0.0794	-40.38
YKL135C	162	705.0	47.34	19.0	2.09	45.25	0.9938	0.0842	-43.17
YKL136W	127	570.1	56.63	74.0	4.2	52.43	0.9843	0.1061	-48.22
YKL137W	153	485.8	49.29	23.0	6.3	42.99	0.9869	0.1036	-36.69
YKL138C	173	476.5	51.0	67.0	2.66	48.34	1.0	0.1139	-45.68
YKL138C-A	124	492.8	45.31	17.5	2.81	42.49	1.0	0.0954	-39.68
YKL139W	151	544.4	48.7	50.0	1.77	46.93	0.9934	0.108	-45.17
YKL140W	142	736.8	51.45	67.5	4.08	47.37	1.0	0.0986	-43.3
YKL141W	303	561.3	48.28	25.0	3.24	45.05	1.0	0.0917	-41.81
YKL142W	242	588.2	42.91	15.0	2.16	40.76	0.9917	0.0877	-38.6
YKL143W	116	636.2	66.17	68.0	1.45	64.72	0.9914	0.1108	-63.28
YKL144C	175	509.7	41.57	14.0	1.79	39.78	0.9943	0.0884	-37.99
YKL145W	264	724.9	49.27	26.0	2.46	46.81	0.9811	0.0842	-44.36
YKL145W-A	163	759.2	50.16	22.0	2.83	47.33	1.0	0.0865	-44.49
YKL146W	78	920.1	50.24	66.0	3.18	47.06	1.0	0.0789	-43.88
YKL148C	66	1255.6	57.74	76.0	2.58	55.17	1.0	0.0698	-52.59
YKL149C	241	561.5	62.03	74.0	17.43	44.6	0.9793	0.1178	-27.17
YKL150W	435	741.6	49.56	28.0	2.72	46.83	0.9885	0.0794	-44.11
YKL151C	135	477.0	47.92	30.0	1.89	46.03	0.9704	0.1126	-44.14
YKL152C	7535	694.9	43.71	15.0	2.43	41.28	0.9972	0.0739	-38.85
YKL153W	7458	696.9	45.48	17.0	2.72	42.76	0.9983	0.076	-40.05
YKL154W	204	633.2	53.1	65.5	2.26	50.83	1.0	0.0946	-48.57
YKL155C	1585	480.2	56.0	65.0	9.99	46.01	0.9981	0.1167	-36.02
YKL156C-A	1733	459.7	53.63	46.0	10.02	43.61	0.9971	0.1143	-33.59
YKL156W	1688	458.1	53.17	44.0	10.03	43.13	0.997	0.1156	-33.1
YKL157W	201	1031.3	51.24	44.0	3.91	47.33	0.9403	0.0708	-43.42
YKL159C	76	492.9	53.45	65.5	2.99	50.46	0.9868	0.1288	-47.47
YKL160W	128	573.6	132.98	76.5	80.72	52.26	0.9844	0.171	28.46
YKL161C	88	813.1	147.44	73.5	12.55	134.9	1.0	0.1758	-122.35
YKL162C	39	529.1	56.56	73.0	2.41	54.15	1.0	0.1487	-51.74
YKL162C-A	42	583.3	56.95	70.0	13.83	43.12	1.0	0.1036	-29.29
YKL163W	125	666.5	57.03	70.0	3.73	53.3	0.984	0.1079	-49.58
YKL164C	428	678.5	57.11	73.0	3.49	53.62	0.9813	0.1139	-50.13
YKL165C	220	643.7	48.4	60.5	3.07	45.33	0.9909	0.1042	-42.26
YKL165C-A	29	547.8	102.14	68.0	45.1	57.03	1.0	0.1512	-11.93
YKL166C	116	634.6	41.47	12.5	2.22	39.24	0.9914	0.0787	-37.02
YKL167C	74	449.3	36.27	12.0	2.74	33.53	0.973	0.0846	-30.78
YKL168C	150	567.6	37.91	15.0	1.66	36.25	0.98	0.0763	-34.59
YKL169C	88	508.4	38.22	10.0	3.81	34.41	1.0	0.0763	-30.6
YKL170W	76	496.9	37.58	12.0	3.14	34.43	1.0	0.0835	-31.29
YKL171W	168	485.6	35.38	11.0	2.28	33.1	0.9881	0.0784	-30.82
YKL172W	177	585.7	37.75	11.0	1.4	36.35	0.9887	0.0744	-34.95
YKL173W	66	664.4	41.21	23.5	3.71	37.5	0.9545	0.0855	-33.79
YKL174C	124	722.6	51.02	69.0	2.92	48.1	1.0	0.112	-45.19
YKL175W	133	771.8	46.25	65.0	2.7	43.55	1.0	0.0857	-40.85
YKL176C	161	725.2	48.32	30.0	2.22	46.09	1.0	0.0915	-43.87
YKL177W	102	458.8	49.26	47.0	3.25	46.01	0.9804	0.1122	-42.75
YKL178C	585	806.6	54.77	72.0	2.66	52.11	0.9726	0.093	-49.45
YKL179C	901	448.4	80.91	76.0	36.66	44.26	0.9945	0.1822	-7.6
YKL180W	3479	618.6	58.59	28.0	13.39	45.2	0.996	0.1006	-31.82
YKL181W	1832	661.5	53.83	66.0	3.14	50.69	0.9929	0.1029	-47.55
YKL182W	2923	1095.5	49.86	46.0	3.09	46.77	0.9928	0.0688	-43.69
YKL183C-A	76	481.0	42.05	16.0	4.64	37.41	0.9868	0.1028	-32.76
YKL183W	147	555.0	38.63	13.0	2.0	36.63	0.9796	0.0865	-34.63
YKL184W	138	700.4	46.6	28.0	2.16	44.44	0.9855	0.0978	-42.28
YKL185W	157	749.6	53.39	65.0	4.95	48.44	1.0	0.1059	-43.49
YKL186C	250	527.4	49.17	52.0	5.62	43.55	0.992	0.1066	-37.92
YKL187C	25	528.4	41.64	22.0	3.24	38.4	1.0	0.0814	-35.16
YKL188C	99	785.7	56.29	72.0	3.04	53.25	1.0	0.0924	-50.21
YKL189W	55	715.3	52.16	74.0	1.58	50.58	0.9818	0.0976	-49.0
YKL190W	225	544.5	52.48	61.0	14.82	37.66	1.0	0.1036	-22.84
YKL191W	168	772.0	49.92	29.0	2.98	46.94	0.994	0.0803	-43.96
YKL192C	211	518.0	61.53	76.0	7.76	53.77	1.0	0.1173	-46.01
YKL193C	284	592.3	52.68	66.0	3.33	49.35	0.9859	0.0992	-46.02
YKL194C	158	557.6	41.13	12.0	2.34	38.8	0.9937	0.0933	-36.46
YKL195W	361	729.2	60.12	63.0	1.96	58.16	0.9945	0.0919	-56.19
YKL196C	1094	647.2	53.37	71.0	2.19	51.18	0.9954	0.0924	-48.99
YKL197C	44	479.9	50.95	36.0	13.02	37.93	0.9773	0.156	-24.91
YKL198C	77	730.4	54.08	71.0	2.34	51.74	1.0	0.1044	-49.4
YKL201C	39	512.2	90.74	71.0	19.59	71.15	1.0	0.1739	-51.56
YKL202W	10	408.2	146.1	81.0	11.0	135.1	1.0	0.2922	-124.1
YKL203C	90	569.7	57.43	12.0	2.94	54.49	1.0	0.1104	-51.54
YKL204W	151	569.8	53.83	69.0	3.73	50.1	1.0	0.1172	-46.37
YKL205W	214	943.9	54.15	71.0	2.79	51.36	0.9813	0.0875	-48.57
YKL206C	208	572.6	53.51	64.5	2.8	50.71	0.9952	0.1037	-47.91
YKL207W	241	554.4	52.81	67.0	2.01	50.8	0.9959	0.1126	-48.79
YKL208W	74	770.0	68.26	68.0	3.18	65.08	0.973	0.1014	-61.91
YKL209C	207	566.6	42.04	13.0	3.23	38.82	1.0	0.0857	-35.59
YKL210W	326	961.4	46.9	16.0	4.43	42.47	0.9908	0.0751	-38.04
YKL211C	354	783.3	46.33	23.0	2.13	44.2	0.9887	0.0886	-42.07
YKL212W	357	817.5	47.84	27.0	3.15	44.69	0.9916	0.0815	-41.55
YKL213C	285	959.5	59.9	69.0	7.82	52.08	0.986	0.0754	-44.26
YKL214C	160	496.2	44.44	20.5	2.62	41.82	0.9938	0.1007	-39.2
YKL215C	218	525.0	47.37	48.0	4.11	43.27	0.9908	0.1138	-39.16
YKL216W	344	720.0	51.55	69.0	2.33	49.22	0.9971	0.0925	-46.89
YKL217W	67	536.9	49.4	60.0	2.0	47.4	1.0	0.119	-45.4
YKL218C	217	728.7	68.62	63.0	3.76	64.86	0.9954	0.1057	-61.09
YKL219W	121	640.9	142.8	67.0	57.79	85.02	0.9835	0.1993	-27.23
YKL220C	40	856.8	109.65	78.5	20.18	89.48	1.0	0.1499	-69.3
YKL221W	24	413.6	48.67	67.5	3.0	45.67	1.0	0.1188	-42.67
YKL222C	45	707.7	68.71	73.0	2.96	65.76	1.0	0.1236	-62.8
YKL223W	7	267.0	36.29	8.0	1.14	35.14	1.0	0.1364	-34.0
YKR001C	331	779.6	45.85	17.0	3.37	42.48	0.9879	0.0837	-39.11
YKR002W	64	823.9	41.34	15.0	1.42	39.92	0.9844	0.0651	-38.5
YKR003W	125	543.8	50.58	33.0	3.78	46.81	0.992	0.1112	-43.03
YKR004C	88	531.8	44.84	25.0	2.62	42.22	0.9886	0.1	-39.59
YKR005C	73	518.6	55.68	66.0	9.1	46.59	1.0	0.118	-37.49
YKR006C	92	576.0	48.07	25.5	3.25	44.82	1.0	0.0966	-41.57
YKR007W	38	543.6	54.39	40.5	2.21	52.18	1.0	0.0986	-49.97
YKR008W	113	683.0	43.09	15.0	3.03	40.06	1.0	0.09	-37.04
YKR009C	91	511.4	47.11	19.0	2.55	44.56	1.0	0.1009	-42.01
YKR010C	111	592.2	50.32	69.0	2.77	47.55	1.0	0.1179	-44.77
YKR011C	152	756.9	48.39	61.0	2.32	46.07	0.9803	0.0889	-43.75
YKR012C	94	705.2	68.57	74.5	4.95	63.63	0.9894	0.1031	-58.68
YKR013W	333	586.7	50.65	62.0	2.71	47.95	0.994	0.1022	-45.24
YKR014C	303	577.8	53.06	65.0	4.19	48.86	0.9901	0.1092	-44.67
YKR015C	58	584.8	45.07	33.0	2.81	42.26	1.0	0.0806	-39.45
YKR016W	199	788.2	41.51	13.0	3.23	38.28	0.9497	0.0789	-35.05
YKR017C	159	560.8	38.61	11.0	2.03	36.58	0.9748	0.0773	-34.56
YKR018C	103	927.9	53.81	61.0	4.37	49.44	0.9903	0.0986	-45.07
YKR019C	40	527.4	42.7	17.0	3.58	39.12	0.975	0.0895	-35.55
YKR020W	28	512.5	37.36	10.5	1.82	35.54	0.9643	0.0733	-33.71
YKR021W	121	643.9	47.87	58.0	1.52	46.35	0.9917	0.1042	-44.83
YKR022C	101	733.3	51.75	66.0	2.06	49.69	1.0	0.0891	-47.63
YKR023W	65	456.1	38.88	13.0	0.92	37.95	0.8769	0.0947	-37.03
YKR024C	78	923.7	46.64	13.5	3.09	43.55	0.9231	0.0708	-40.46
YKR025W	132	563.5	43.09	17.0	3.34	39.75	0.9924	0.0882	-36.41
YKR026C	215	791.8	48.93	20.0	1.95	46.98	1.0	0.0811	-45.03
YKR027W	76	760.9	45.38	24.0	3.34	42.04	1.0	0.0906	-38.7
YKR028W	84	668.4	50.13	13.5	7.51	42.62	0.9881	0.1023	-35.11
YKR029C	79	771.4	43.84	14.0	2.32	41.52	0.9873	0.0685	-39.2
YKR030W	190	744.8	52.96	71.0	3.25	49.71	0.9895	0.0836	-46.46
YKR031C	146	722.5	54.77	69.0	4.67	50.1	1.0	0.1031	-45.42
YKR032W	5	762.4	53.2	82.0	1.0	52.2	1.0	0.0675	-51.2
YKR033C	16	690.9	43.5	15.5	0.88	42.62	1.0	0.0817	-41.75
YKR034W	45	532.9	48.42	17.0	3.56	44.87	1.0	0.0969	-41.31
YKR035C	74	491.1	46.78	46.0	2.8	43.99	1.0	0.1062	-41.19
YKR035W-A	66	518.3	51.67	42.5	2.86	48.8	1.0	0.1025	-45.94
YKR036C	96	560.0	45.31	23.0	2.83	42.48	0.9792	0.0956	-39.65
YKR037C	88	637.8	40.51	13.5	2.68	37.83	0.9773	0.0687	-35.15
YKR038C	165	566.4	61.51	72.0	8.55	52.96	0.9576	0.1172	-44.42
YKR039W	959	703.9	41.96	15.0	2.84	39.12	0.9917	0.0834	-36.29
YKR040C	5	614.6	39.8	7.0	3.8	36.0	1.0	0.0548	-32.2
YKR042W	940	750.2	55.45	71.0	4.17	51.28	0.9926	0.1008	-47.11
YKR043C	773	527.9	50.62	67.0	3.05	47.57	0.9935	0.1115	-44.53
YKR044W	112	635.8	50.83	16.5	1.96	48.87	0.9911	0.1069	-46.9
YKR045C	133	534.8	58.72	71.0	6.23	52.49	1.0	0.1182	-46.26
YKR046C	241	745.1	49.48	23.0	5.57	43.9	0.9959	0.0805	-38.33
YKR047W	55	497.6	45.65	13.0	4.13	41.53	1.0	0.0996	-37.4
YKR048C	116	543.8	40.35	12.0	2.97	37.39	0.9483	0.1007	-34.42
YKR049C	44	471.5	50.68	53.5	2.32	48.36	1.0	0.1043	-46.05
YKR050W	36	799.7	49.94	41.5	1.28	48.67	1.0	0.0875	-47.39
YKR051W	119	646.6	45.13	18.0	1.85	43.28	0.9916	0.0865	-41.43
YKR052C	162	611.9	51.45	68.0	1.77	49.68	1.0	0.107	-47.91
YKR053C	51	439.5	52.73	68.0	2.24	50.49	1.0	0.1308	-48.25
YKR054C	52	796.2	44.19	12.5	3.65	40.54	0.9808	0.0802	-36.88
YKR055W	50	843.3	44.76	14.5	3.24	41.52	0.98	0.0735	-38.28
YKR056W	110	742.9	57.68	35.5	11.46	46.22	0.9909	0.1194	-34.75
YKR057W	5337	465.2	72.02	66.0	30.26	41.76	0.9998	0.1487	-11.5
YKR058W	5439	463.2	71.74	66.0	29.99	41.74	0.9993	0.1494	-11.75
YKR059W	1886	827.6	46.46	20.0	2.18	44.28	0.9931	0.0733	-42.1
YKR060W	967	455.9	46.01	20.0	2.7	43.32	0.9959	0.109	-40.62
YKR061W	273	556.4	41.35	15.0	2.47	38.88	0.9927	0.0886	-36.41
YKR062W	223	557.1	42.58	17.0	2.96	39.62	0.9865	0.0973	-36.66
YKR063C	84	633.2	49.1	54.5	2.45	46.64	1.0	0.0979	-44.19
YKR064W	163	650.9	44.28	21.0	2.85	41.44	0.9877	0.0848	-38.59
YKR065C	139	551.7	36.83	12.0	2.3	34.53	1.0	0.07	-32.23
YKR066C	170	659.2	36.21	11.5	2.78	33.43	0.9941	0.0622	-30.65
YKR067W	213	655.2	44.79	18.0	5.0	39.79	0.9906	0.0773	-34.8
YKR068C	181	607.2	46.5	24.0	3.99	42.51	0.9945	0.0868	-38.52
YKR069W	32	671.6	41.03	12.0	1.44	39.59	1.0	0.0973	-38.16
YKR070W	469	579.5	43.6	16.0	1.84	41.76	0.9808	0.088	-39.92
YKR071C	540	680.2	50.49	63.5	2.35	48.13	0.9759	0.0893	-45.78
YKR072C	59	382.2	68.27	71.0	4.27	64.0	0.9322	0.1764	-59.73
YKR073C	8	318.8	149.12	59.5	13.0	136.12	1.0	0.361	-123.12
YKR074W	287	524.0	53.11	63.0	3.12	49.99	0.9895	0.1077	-46.86
YKR075C	316	562.5	45.31	32.0	2.56	42.74	0.9905	0.0865	-40.18
YKR075W-A	293	578.3	49.42	63.0	3.41	46.01	0.9898	0.0936	-42.6
YKR076W	26	705.8	60.31	70.5	1.73	58.58	1.0	0.0982	-56.85
YKR077W	43	786.7	57.72	74.0	2.81	54.91	1.0	0.0801	-52.09
YKR078W	101	610.4	43.72	15.0	3.19	40.53	1.0	0.0932	-37.35
YKR079C	102	856.0	44.66	18.0	2.37	42.28	0.9804	0.0686	-39.91
YKR080W	206	627.8	48.95	23.5	3.2	45.75	0.9951	0.0952	-42.54
YKR081C	165	713.4	41.24	14.0	3.02	38.21	1.0	0.0707	-35.19
YKR082W	128	998.3	55.66	66.5	4.56	51.1	0.9844	0.0916	-46.54
YKR083C	105	528.9	41.32	13.0	2.88	38.45	0.9619	0.085	-35.57
YKR084C	246	776.7	48.74	39.0	1.71	47.04	0.9837	0.0897	-45.33
YKR085C	88	592.7	50.66	69.5	1.38	49.28	1.0	0.0963	-47.91
YKR086W	147	635.1	51.12	67.0	1.67	49.46	0.9932	0.0899	-47.79
YKR087C	92	564.7	52.07	71.0	2.41	49.65	1.0	0.115	-47.24
YKR088C	124	821.4	55.32	74.5	1.97	53.35	0.9919	0.0847	-51.39
YKR089C	49	735.0	38.96	17.0	2.9	36.06	1.0	0.0826	-33.16
YKR090W	45	873.9	59.93	72.0	3.04	56.89	0.9778	0.0883	-53.84
YKR091W	329	580.9	44.05	19.0	2.52	41.53	0.9939	0.0867	-39.01
YKR092C	262	520.9	50.4	59.5	2.95	47.45	0.9924	0.1141	-44.5
YKR093W	8633	550.7	53.33	34.0	11.58	41.75	0.9951	0.0983	-30.17
YKR094C	7835	527.0	52.51	31.0	11.58	40.93	0.9962	0.0998	-29.35
YKR095W	92	451.8	43.1	31.0	13.15	29.95	1.0	0.1068	-16.79
YKR095W-A	80	373.0	51.6	40.0	14.94	36.66	0.9375	0.1279	-21.72
YKR096W	101	701.8	54.93	54.0	11.74	43.19	1.0	0.1176	-31.45
YKR097W	33	509.4	50.88	67.0	1.61	49.27	0.9697	0.1247	-47.67
YKR098C	62	851.0	48.08	55.0	2.56	45.52	1.0	0.084	-42.95
YKR099W	89	567.7	42.81	12.0	1.84	40.97	0.9551	0.0899	-39.12
YKR100C	175	715.4	42.53	14.0	3.38	39.15	0.9886	0.0694	-35.77
YKR101W	59	705.0	168.05	85.0	31.46	136.59	1.0	0.2285	-105.14
YKR102W	125	427.3	103.94	30.0	5.93	98.01	0.992	0.1497	-92.08
YKR103W	75	879.2	271.65	81.0	223.69	47.96	1.0	0.239	175.73
YKR104W	15	738.2	41.6	17.0	4.0	37.6	1.0	0.0914	-33.6
YKR105C	18	652.3	43.61	19.5	0.44	43.17	1.0	0.0741	-42.72
YKR106W	26	622.0	91.0	72.5	3.04	87.96	1.0	0.1151	-84.92
YLL001W	156	599.1	61.32	34.0	8.78	52.54	0.9936	0.1361	-43.77
YLL002W	60	686.0	45.13	16.0	3.2	41.93	0.9833	0.0784	-38.73
YLL003W	53	672.5	51.75	33.0	3.92	47.83	1.0	0.1206	-43.91
YLL004W	44	856.2	52.95	73.5	0.55	52.41	1.0	0.0929	-51.86
YLL005C	73	627.4	43.08	19.0	1.97	41.11	0.9726	0.0872	-39.14
YLL006W	29	779.4	44.17	21.0	2.24	41.93	1.0	0.0801	-39.69
YLL007C	102	649.6	52.26	69.5	1.78	50.48	1.0	0.111	-48.7
YLL008W	254	560.2	38.76	12.5	2.05	36.72	0.9843	0.0819	-34.67
YLL009C	116	363.3	42.44	18.0	1.75	40.69	1.0	0.109	-38.94
YLL010C	168	421.7	43.43	21.0	1.86	41.57	1.0	0.1104	-39.7
YLL011W	83	740.3	40.98	12.0	1.57	39.41	0.988	0.0768	-37.84
YLL012W	92	669.0	49.11	56.0	1.89	47.22	0.9891	0.1084	-45.33
YLL013C	213	436.1	47.59	63.0	2.34	45.25	0.9953	0.1133	-42.92
YLL014W	282	448.1	41.61	13.5	2.52	39.09	0.9894	0.095	-36.56
YLL015W	341	722.5	50.65	23.0	3.83	46.82	0.9853	0.0877	-42.99
YLL016W	38	928.4	65.66	82.0	1.26	64.39	0.9474	0.1095	-63.13
YLL018C	687	845.9	46.01	17.0	2.18	43.84	0.9971	0.0698	-41.66
YLL018C-A	57	432.6	41.18	13.0	6.46	34.72	0.9649	0.1256	-28.26
YLL019C	49	597.6	46.41	16.0	3.88	42.53	0.9796	0.0997	-38.65
YLL020C	34	471.7	58.88	76.0	1.38	57.5	0.9706	0.1431	-56.12
YLL021W	50	673.1	53.16	57.0	4.62	48.54	0.94	0.1137	-43.92
YLL022C	43	673.3	72.0	77.0	2.12	69.88	1.0	0.1367	-67.77
YLL023C	148	614.6	45.22	22.5	2.71	42.51	0.9797	0.0922	-39.8
YLL024C	3439	1019.2	43.85	13.0	2.32	41.53	0.9471	0.065	-39.21
YLL025W	1365	423.2	41.46	12.0	4.11	37.35	0.9465	0.1028	-33.24
YLL026W	4165	854.7	50.26	62.0	2.33	47.93	0.993	0.0825	-45.59
YLL027W	129	510.9	45.24	33.0	2.67	42.57	0.9922	0.105	-39.89
YLL028W	140	879.5	42.96	18.0	1.8	41.16	0.9857	0.0777	-39.36
YLL029W	210	800.0	46.8	43.5	3.16	43.63	0.9857	0.0785	-40.47
YLL031C	70	809.1	50.7	71.0	3.07	47.63	0.9714	0.1066	-44.56
YLL032C	92	603.0	50.4	70.5	2.45	47.96	0.9674	0.1111	-45.51
YLL033W	34	561.8	45.47	16.0	9.79	35.68	0.9412	0.0956	-25.88
YLL034C	91	827.9	43.56	19.0	2.01	41.55	0.967	0.068	-39.54
YLL035W	87	641.2	47.86	31.0	4.28	43.59	1.0	0.1015	-39.31
YLL036C	54	974.5	51.15	74.0	2.13	49.02	0.9815	0.071	-46.89
YLL037W	34	483.0	51.18	67.5	3.24	47.94	0.9706	0.1191	-44.71
YLL038C	34	379.6	45.44	11.5	1.15	44.29	1.0	0.1335	-43.15
YLL039C	991	815.8	44.61	14.0	3.55	41.07	0.996	0.0708	-37.52
YLL040C	448	462.6	41.02	14.0	2.64	38.38	0.9955	0.1056	-35.75
YLL041C	187	807.3	56.21	70.0	2.91	53.3	0.9947	0.0862	-50.4
YLL042C	121	465.3	51.57	65.0	2.78	48.79	0.9917	0.1255	-46.02
YLL043W	78	658.6	47.51	20.0	3.51	44.0	1.0	0.0986	-40.49
YLL044W	2053	697.2	42.38	13.0	1.49	40.89	0.9883	0.0694	-39.4
YLL045C	1901	698.7	39.2	12.0	1.36	37.84	0.9853	0.0643	-36.47
YLL046C	859	462.7	44.35	12.0	9.96	34.4	0.986	0.0931	-24.44
YLL047W	190	286.9	47.97	36.0	2.13	45.85	0.9842	0.163	-43.72
YLL048C	332	952.2	51.2	46.5	1.95	49.24	0.9789	0.0795	-47.29
YLL049W	1043	528.4	56.71	38.0	13.93	42.79	0.999	0.1069	-28.86
YLL050C	838	521.0	56.51	36.0	15.27	41.24	0.9976	0.1081	-25.98
YLL051C	828	560.9	58.68	39.0	15.33	43.35	0.9928	0.1097	-28.02
YLL052C	79	700.4	48.0	24.0	2.03	45.97	0.9873	0.0864	-43.95
YLL053C	63	751.3	57.41	75.0	2.6	54.81	1.0	0.084	-52.21
YLL054C	88	792.7	45.92	17.0	6.27	39.65	0.9886	0.0729	-33.38
YLL055W	177	674.3	46.68	44.0	2.19	44.49	0.9831	0.0883	-42.31
YLL056C	13	769.0	50.77	69.0	2.38	48.38	1.0	0.0971	-46.0
YLL057C	49	444.0	41.2	16.0	6.04	35.16	0.9796	0.1052	-29.12
YLL058W	49	802.8	28.12	11.0	3.06	25.06	1.0	0.0445	-22.0
YLL059C	7	385.6	32.0	8.0	0.71	31.29	1.0	0.0876	-30.57
YLL060C	118	629.4	51.42	65.5	3.42	48.0	1.0	0.1049	-44.58
YLL061W	51	620.1	45.16	22.0	2.18	42.98	0.9608	0.0979	-40.8
YLL062C	23	774.8	52.83	41.0	4.48	48.35	1.0	0.0891	-43.87
YLL063C	20	352.1	54.95	71.5	1.15	53.8	1.0	0.1519	-52.65
YLL066C	18	505.2	34.72	15.5	8.44	26.28	1.0	0.0911	-17.83
YLL066W-A	17	580.1	49.71	71.0	6.53	43.18	1.0	0.1073	-36.65
YLL066W-B	13	458.2	60.15	81.0	3.54	56.62	1.0	0.1357	-53.08
YLL067C	12	746.4	39.5	14.5	3.75	35.75	1.0	0.0688	-32.0
YLR001C	152	552.2	42.28	15.0	3.01	39.27	0.9737	0.0958	-36.26
YLR002C	268	744.9	44.46	16.5	2.69	41.78	0.9813	0.0859	-39.09
YLR003C	256	681.7	53.25	69.0	1.75	51.5	0.9922	0.0916	-49.75
YLR004C	26	628.4	55.0	66.5	4.27	50.73	1.0	0.1027	-46.46
YLR005W	84	816.5	54.48	68.5	2.68	51.8	0.9881	0.0919	-49.12
YLR006C	90	627.7	39.58	14.0	1.56	38.02	0.9889	0.0768	-36.47
YLR007W	310	686.1	50.93	68.5	1.69	49.24	1.0	0.094	-47.55
YLR008C	264	571.8	52.01	68.0	3.16	48.85	0.9924	0.1013	-45.69
YLR009W	100	418.8	48.13	13.5	1.69	46.44	0.99	0.1311	-44.75
YLR010C	114	441.6	69.78	15.5	1.57	68.21	1.0	0.1709	-66.64
YLR011W	53	434.4	155.49	92.0	16.21	139.28	1.0	0.3773	-123.08
YLR012C	38	455.3	55.47	73.5	2.11	53.37	1.0	0.1388	-51.26
YLR013W	14	370.9	19.21	8.5	1.36	17.86	0.9286	0.048	-16.5
YLR014C	29	776.1	56.34	66.0	2.97	53.38	0.9655	0.0941	-50.41
YLR015W	72	724.1	42.12	13.5	1.86	40.26	0.9861	0.073	-38.4
YLR016C	51	609.2	46.31	23.0	2.24	44.08	0.9608	0.0852	-41.84
YLR017W	258	705.4	51.88	67.5	2.71	49.17	1.0	0.0889	-46.47
YLR018C	164	547.4	44.68	16.0	4.37	40.31	0.9878	0.1022	-35.95
YLR019W	123	594.4	44.36	19.0	1.68	42.67	1.0	0.0863	-40.99
YLR020C	179	698.8	45.55	26.0	2.96	42.59	1.0	0.0858	-39.63
YLR021W	218	629.5	44.44	14.0	1.87	42.57	0.945	0.0744	-40.7
YLR022C	282	563.1	41.66	14.5	3.17	38.49	0.9787	0.0834	-35.32
YLR023C	159	866.3	50.53	67.0	1.92	48.62	1.0	0.0907	-46.7
YLR024C	44	680.1	53.98	75.0	2.07	51.91	1.0	0.1048	-49.84
YLR025W	92	540.2	43.08	13.0	7.39	35.68	0.9891	0.0857	-28.29
YLR026C	229	450.8	37.93	12.0	2.84	35.09	0.9694	0.0924	-32.25
YLR027C	348	862.9	41.53	12.5	1.72	39.8	0.9626	0.0599	-38.08
YLR028C	1871	432.4	41.75	18.0	2.55	39.2	0.9936	0.1066	-36.65
YLR029C	7641	672.0	42.23	19.0	1.66	40.58	0.9942	0.0664	-38.92
YLR030W	33	523.0	36.76	12.0	1.7	35.06	0.9697	0.0808	-33.36
YLR031W	9	854.6	55.11	77.0	2.56	52.56	1.0	0.0855	-50.0
YLR032W	48	865.9	52.65	39.0	3.71	48.94	0.9583	0.0866	-45.23
YLR033W	171	576.1	38.31	10.0	3.16	35.15	0.9942	0.0813	-31.99
YLR034C	170	745.7	53.25	71.5	3.78	49.48	0.9824	0.0971	-45.7
YLR035C	53	637.8	56.92	62.0	4.64	52.28	1.0	0.1173	-47.64
YLR035C-A	910	791.9	50.8	56.5	2.56	48.23	0.9835	0.0769	-45.67
YLR036C	262	556.7	53.65	69.5	3.21	50.44	0.9924	0.1101	-47.23
YLR037C	22	587.8	44.82	41.0	1.91	42.91	1.0	0.0829	-41.0
YLR038C	684	501.9	43.76	17.0	1.91	41.86	0.9956	0.0869	-39.95
YLR039C	879	541.1	43.73	19.0	3.44	40.29	0.992	0.088	-36.85
YLR040C	244	620.0	52.28	72.0	2.49	49.79	0.9877	0.0944	-47.3
YLR041W	302	589.9	50.25	69.0	2.66	47.6	0.9801	0.102	-44.94
YLR042C	117	500.2	71.31	70.0	3.08	68.23	0.9915	0.1297	-65.15
YLR043C	10073	399.6	47.09	55.0	3.29	43.8	0.9979	0.1234	-40.5
YLR044C	21182	914.3	50.57	68.0	2.82	47.75	0.9939	0.0792	-44.94
YLR045C	73	581.4	38.3	12.0	2.27	36.03	0.9863	0.0915	-33.75
YLR046C	34	598.6	44.94	46.0	1.15	43.79	1.0	0.0865	-42.65
YLR047C	12	685.4	36.0	21.5	3.83	32.17	1.0	0.102	-28.33
YLR048W	1068	720.6	87.73	90.5	48.74	38.99	0.9841	0.1148	9.75
YLR049C	568	475.9	41.15	12.0	2.69	38.47	0.9754	0.0948	-35.78
YLR050C	122	564.8	43.8	14.0	4.89	38.9	0.9836	0.0886	-34.01
YLR051C	124	568.6	52.13	70.0	2.27	49.86	0.9839	0.1001	-47.6
YLR052W	132	576.3	48.27	33.5	4.04	44.23	0.9697	0.0918	-40.19
YLR053C	130	619.4	49.05	36.5	5.32	43.72	0.9923	0.0819	-38.4
YLR054C	102	597.6	45.78	19.0	2.41	43.37	1.0	0.0871	-40.96
YLR055C	35	473.5	31.91	12.0	2.6	29.31	0.9714	0.0757	-26.71
YLR056W	512	838.2	50.95	68.5	2.68	48.27	0.998	0.0817	-45.59
YLR057W	379	454.0	43.03	18.0	2.99	40.04	0.9974	0.1056	-37.05
YLR058C	298	770.1	51.07	59.5	3.04	48.03	0.9966	0.0895	-44.99
YLR059C	72	758.2	50.68	64.5	4.58	46.1	0.9861	0.0794	-41.51
YLR060W	472	980.5	49.6	41.0	3.52	46.08	0.9958	0.07	-42.56
YLR061W	1864	426.8	52.39	33.0	15.26	37.13	0.9898	0.1177	-21.87
YLR062C	1860	422.2	51.97	33.0	15.69	36.28	0.9887	0.1181	-20.59
YLR063W	1640	436.0	53.53	34.0	16.53	37.0	0.9902	0.1167	-20.47
YLR064W	411	606.3	47.68	62.0	2.18	45.5	0.9854	0.0869	-43.32
YLR065C	536	599.8	49.38	65.0	2.67	46.71	0.9869	0.089	-44.04
YLR066W	397	545.8	45.76	32.0	1.86	43.91	0.9849	0.0911	-42.05
YLR067C	191	571.8	42.04	15.0	2.47	39.57	0.9895	0.0866	-37.1
YLR068W	59	490.9	51.93	61.0	4.76	47.17	1.0	0.117	-42.41
YLR069C	99	771.9	43.92	17.0	1.99	41.93	0.9798	0.0915	-39.94
YLR070C	37	466.5	45.57	21.0	1.86	43.7	1.0	0.1047	-41.84
YLR071C	72	880.5	48.42	19.5	1.32	47.1	1.0	0.0748	-45.78
YLR072W	36	571.1	67.22	78.5	10.94	56.28	1.0	0.1455	-45.33
YLR073C	96	535.3	53.95	25.0	4.53	49.42	0.9896	0.1044	-44.89
YLR074C	170	647.4	141.14	95.5	2.05	139.09	0.9588	0.1892	-137.05
YLR075W	5818	649.4	40.01	12.0	2.35	37.66	0.9967	0.0709	-35.3
YLR076C	6648	652.2	40.97	12.0	2.63	38.33	0.9961	0.0715	-35.7
YLR077W	6054	641.4	40.48	12.0	2.7	37.78	0.9954	0.0723	-35.08
YLR078C	166	610.1	60.19	59.0	15.11	45.08	0.994	0.1046	-29.96
YLR079W	29	552.8	50.03	13.0	4.03	46.0	0.9655	0.0938	-41.97
YLR080W	58	561.6	43.41	14.0	5.52	37.9	0.9655	0.088	-32.38
YLR081W	39	529.7	57.23	70.0	3.31	53.92	1.0	0.1161	-50.62
YLR082C	179	469.9	47.23	58.0	5.38	41.85	0.9944	0.1194	-36.47
YLR083C	234	799.2	49.44	67.0	3.82	45.63	0.9957	0.0943	-41.81
YLR084C	91	809.7	44.48	33.0	2.74	41.75	0.967	0.0765	-39.01
YLR085C	46	797.0	45.41	17.5	5.37	40.04	0.9783	0.0781	-34.67
YLR086W	66	598.6	48.52	30.5	3.94	44.58	1.0	0.0964	-40.64
YLR087C	67	770.0	47.67	59.0	2.09	45.58	0.9701	0.0824	-43.49
YLR088W	182	705.7	42.48	16.0	3.21	39.27	0.9945	0.0776	-36.06
YLR089C	275	883.2	46.41	20.0	3.12	43.29	0.9818	0.0759	-40.16
YLR090W	43	795.3	42.51	11.0	3.84	38.67	1.0	0.0589	-34.84
YLR091W	47	551.8	34.47	7.0	5.28	29.19	0.9787	0.0579	-23.91
YLR092W	120	535.0	47.74	50.5	6.43	41.31	1.0	0.1028	-34.88
YLR093C	208	754.0	71.75	73.5	25.43	46.32	0.9952	0.1032	-20.89
YLR094C	50	893.1	47.66	47.0	3.5	44.16	1.0	0.0903	-40.66
YLR095C	40	982.5	43.25	19.5	2.3	40.95	1.0	0.0549	-38.65
YLR096W	111	771.8	55.19	72.0	3.15	52.04	0.964	0.0999	-48.88
YLR097C	134	646.2	46.96	50.5	2.64	44.32	0.9851	0.0859	-41.68
YLR098C	101	646.0	50.83	45.0	5.39	45.45	0.9802	0.0975	-40.06
YLR099C	155	590.4	42.48	18.0	2.26	40.22	1.0	0.093	-37.95
YLR099W-A	41	342.4	34.15	12.0	1.49	32.66	1.0	0.0989	-31.17
YLR100W	271	770.9	47.04	25.0	2.03	45.01	0.9926	0.0727	-42.99
YLR101C	238	852.6	49.08	49.5	1.89	47.18	0.9958	0.0668	-45.29
YLR102C	152	531.1	54.79	67.0	8.88	45.91	1.0	0.114	-37.04
YLR103C	44	757.9	46.18	14.5	1.84	44.34	1.0	0.0752	-42.5
YLR104W	123	479.7	39.0	14.0	2.65	36.35	1.0	0.0865	-33.7
YLR105C	221	481.2	46.48	32.0	1.75	44.72	1.0	0.1149	-42.97
YLR106C	501	706.8	52.93	70.0	2.04	50.89	0.996	0.0982	-48.85
YLR107W	214	683.9	42.66	16.0	2.21	40.45	0.9953	0.082	-38.23
YLR108C	327	392.6	47.0	23.0	2.39	44.61	0.9939	0.1666	-42.22
YLR109W	7900	502.2	56.64	73.0	2.71	53.93	0.9933	0.1168	-51.22
YLR110C	8919	498.7	58.27	74.0	3.42	54.85	0.9934	0.1196	-51.43
YLR111W	6109	493.4	59.68	75.0	3.24	56.44	0.9925	0.1244	-53.19
YLR112W	70	409.8	57.3	20.5	1.94	55.36	0.9571	0.1307	-53.41
YLR113W	312	738.2	48.97	29.0	3.96	45.02	0.9936	0.0924	-41.06
YLR114C	161	482.6	56.32	65.0	6.84	49.47	0.9938	0.1345	-42.63
YLR115W	62	775.0	50.47	63.5	2.58	47.89	0.9839	0.0931	-45.31
YLR116W	83	620.9	48.0	61.0	1.92	46.08	1.0	0.1003	-44.17
YLR117C	102	653.3	45.87	11.0	2.15	43.73	0.9804	0.0879	-41.58
YLR118C	101	505.9	45.36	28.0	2.29	43.07	1.0	0.1119	-40.78
YLR119W	171	509.1	44.67	17.0	2.89	41.78	0.9942	0.0959	-38.89
YLR120C	217	755.7	53.18	70.0	3.17	50.01	0.9908	0.1128	-46.84
YLR120W-A	94	540.7	52.98	69.0	7.63	45.35	0.9894	0.11	-37.72
YLR121C	139	838.0	44.12	31.0	3.04	41.09	0.9856	0.0759	-38.05
YLR122C	21	526.0	37.19	7.0	2.14	35.05	1.0	0.0802	-32.9
YLR123C	16	589.1	68.88	79.5	1.62	67.25	0.9375	0.1526	-65.62
YLR124W	8	563.9	57.0	76.5	3.38	53.62	1.0	0.1095	-50.25
YLR125W	21	793.7	82.29	9.0	1.29	81.0	1.0	0.1	-79.71
YLR126C	63	518.0	34.89	11.0	1.73	33.16	1.0	0.0716	-31.43
YLR127C	57	975.4	54.82	73.0	2.05	52.77	1.0	0.0801	-50.72
YLR128W	19	921.6	47.05	31.0	16.0	31.05	1.0	0.0496	-15.05
YLR129W	241	641.0	43.98	15.0	3.98	40.0	0.9751	0.0845	-36.02
YLR130C	278	660.6	44.9	24.0	3.31	41.6	0.9748	0.0891	-38.29
YLR131C	35	578.8	44.09	12.0	2.83	41.26	0.9714	0.1071	-38.43
YLR132C	42	803.6	46.33	64.5	1.67	44.67	0.9762	0.084	-43.0
YLR133W	71	809.4	58.0	64.0	6.41	51.59	0.9859	0.0975	-45.18
YLR134W	80	625.6	49.81	71.5	1.98	47.84	1.0	0.1054	-45.86
YLR135W	42	677.3	43.1	15.5	1.69	41.4	0.9524	0.0782	-39.71
YLR136C	28	449.2	56.82	68.5	4.25	52.57	1.0	0.1417	-48.32
YLR137W	24	672.5	61.54	76.5	3.12	58.42	0.9583	0.1274	-55.29
YLR138W	71	635.8	46.87	16.0	4.75	42.13	1.0	0.084	-37.38
YLR139C	48	502.4	33.52	12.0	3.08	30.44	1.0	0.0922	-27.35
YLR140W	5	395.8	40.2	14.0	0.6	39.6	1.0	0.1154	-39.0
YLR141W	31	615.4	68.29	71.0	14.06	54.23	1.0	0.1226	-40.16
YLR142W	114	763.3	45.14	61.0	1.85	43.29	1.0	0.0705	-41.44
YLR143W	123	806.6	44.41	17.0	2.14	42.28	0.9837	0.0824	-40.14
YLR144C	123	722.1	42.56	24.0	2.35	40.21	0.9919	0.0878	-37.86
YLR145W	109	586.7	50.36	68.0	2.12	48.24	1.0	0.1001	-46.12
YLR146C	236	440.6	47.53	55.5	2.18	45.35	0.9958	0.121	-43.17
YLR146W-A	113	358.1	52.24	35.0	1.9	50.34	1.0	0.1412	-48.43
YLR147C	123	340.9	49.46	65.0	2.15	47.31	1.0	0.1441	-45.16
YLR148W	226	603.6	42.12	18.0	1.71	40.41	0.9779	0.0983	-38.7
YLR149C	64	616.8	43.52	60.0	2.53	40.98	0.9688	0.0942	-38.45
YLR149C-A	1191	739.0	64.59	67.0	1.81	62.78	0.9882	0.0954	-60.97
YLR150W	2436	612.5	51.17	66.0	2.37	48.81	0.993	0.1023	-46.44
YLR151C	1808	482.6	55.76	71.0	4.04	51.72	0.9956	0.1283	-47.69
YLR152C	305	370.3	46.36	55.0	1.88	44.48	0.9902	0.1368	-42.6
YLR153C	1088	837.2	43.85	15.0	2.69	41.16	0.9844	0.0717	-38.47
YLR154C	49	411.5	81.0	72.0	33.12	47.88	1.0	0.1851	-14.76
YLR154C-G	1276	1083.5	190.06	69.0	30.51	159.55	0.9671	0.1197	-129.05
YLR154C-H	235	369.4	45.09	17.0	2.6	42.49	0.9915	0.1385	-39.89
YLR154W-A	14457	788.5	62.19	70.0	13.03	49.16	0.9968	0.0962	-36.14
YLR154W-B	1670	468.5	55.5	25.0	7.27	48.23	0.9647	0.1287	-40.96
YLR154W-C	5303	342.8	43.07	18.0	2.72	40.36	0.987	0.132	-37.64
YLR154W-E	6558	394.8	43.11	17.0	4.26	38.85	0.9796	0.1197	-34.59
YLR154W-F	8858	711.9	188.0	71.0	144.66	43.34	0.9815	0.1833	101.32
YLR155C	167	449.5	69.69	19.0	4.86	64.83	0.988	0.146	-59.98
YLR156C-A	143	391.9	44.37	26.0	1.79	42.58	0.993	0.1322	-40.79
YLR156W	154	411.8	40.64	14.0	3.64	37.0	1.0	0.1104	-33.36
YLR157C	157	469.1	49.94	18.0	3.06	46.87	1.0	0.1205	-43.81
YLR157C-A	91	401.6	40.08	16.0	2.16	37.91	0.978	0.1512	-35.75
YLR157C-B	3880	958.5	48.86	26.0	2.11	46.75	0.9863	0.0614	-44.64
YLR157C-C	153	380.8	38.86	11.0	3.31	35.56	0.9935	0.1137	-32.25
YLR157W-D	3284	654.5	51.21	46.0	4.96	46.25	0.9869	0.0769	-41.28
YLR157W-E	176	412.0	41.7	16.0	2.97	38.73	0.9943	0.1113	-35.76
YLR158C	170	452.1	50.64	18.0	2.4	48.24	0.9882	0.1267	-45.84
YLR159C-A	128	413.1	43.91	15.0	4.45	39.46	0.9922	0.1147	-35.02
YLR159W	156	421.7	43.3	15.0	3.44	39.87	0.9872	0.1156	-36.43
YLR160C	160	463.0	51.31	30.0	7.47	43.84	1.0	0.1232	-36.37
YLR161W	269	198.8	53.38	18.0	12.61	40.77	0.9703	0.2287	-28.16
YLR162W	301	184.8	43.86	12.0	2.5	41.36	0.9601	0.2087	-38.87
YLR162W-A	77	409.9	53.42	43.0	5.69	47.73	1.0	0.1528	-42.04
YLR163C	147	651.1	50.82	14.0	2.72	48.1	0.9864	0.0851	-45.38
YLR163W-A	14	972.4	87.64	86.5	1.14	86.5	0.9286	0.1151	-85.36
YLR164W	51	546.0	52.61	65.0	5.12	47.49	1.0	0.0981	-42.37
YLR165C	85	500.2	49.72	62.0	1.84	47.88	1.0	0.1175	-46.05
YLR166C	158	1157.5	52.77	66.5	2.73	50.04	0.9873	0.0661	-47.3
YLR167W	19198	495.4	36.6	9.0	2.14	34.46	0.9841	0.0775	-32.32
YLR168C	18897	495.6	37.79	9.0	2.01	35.78	0.9835	0.0798	-33.76
YLR169W	348	290.9	45.65	35.5	4.07	41.57	0.9856	0.1882	-37.5
YLR170C	81	611.1	68.02	68.0	8.77	59.26	0.9383	0.1054	-50.49
YLR171W	73	647.6	51.59	52.0	11.37	40.22	0.9589	0.0882	-28.85
YLR172C	142	804.4	37.31	9.0	1.45	35.86	0.9366	0.0557	-34.41
YLR173W	41	932.1	80.29	21.0	2.0	78.29	1.0	0.0821	-76.29
YLR174W	26	567.7	48.31	46.0	1.85	46.46	1.0	0.1004	-44.62
YLR175W	169	580.0	35.46	12.0	2.17	33.29	0.9586	0.0816	-31.12
YLR176C	132	445.3	34.58	11.0	0.98	33.59	0.9924	0.0894	-32.61
YLR177W	126	760.1	50.04	53.0	4.13	45.9	0.9921	0.0936	-41.77
YLR178C	278	540.3	46.52	18.5	2.41	44.11	0.9928	0.0997	-41.7
YLR179C	213	588.6	50.36	35.0	2.31	48.06	0.9953	0.0978	-45.75
YLR180W	557	939.0	44.57	16.0	2.36	42.22	0.982	0.065	-39.86
YLR181C	311	598.3	45.06	30.0	3.22	41.84	0.9743	0.0908	-38.62
YLR182W	101	630.4	53.1	62.0	5.09	48.01	0.9901	0.0917	-42.92
YLR183C	125	782.7	40.33	17.0	2.39	37.94	0.984	0.0657	-35.54
YLR184W	2055	370.1	51.25	28.0	13.98	37.28	0.9932	0.1309	-23.3
YLR185W	2148	369.0	51.84	29.0	13.76	38.08	0.9907	0.1323	-24.32
YLR186W	2352	397.3	50.55	29.0	12.35	38.2	0.9928	0.1271	-25.85
YLR187W	146	405.1	47.52	62.5	2.23	45.29	0.9863	0.1305	-43.05
YLR188W	87	810.5	48.66	16.0	2.91	45.75	1.0	0.0845	-42.84
YLR189C	88	773.6	42.32	17.5	2.45	39.86	0.9773	0.0727	-37.41
YLR190W	76	885.0	51.84	68.0	2.62	49.22	1.0	0.0779	-46.61
YLR191W	268	492.5	44.36	21.5	2.06	42.3	0.9963	0.1086	-40.24
YLR192C	285	678.4	42.29	17.0	2.52	39.78	0.9965	0.0763	-37.26
YLR193C	358	513.9	60.74	73.0	8.19	52.55	0.9972	0.1345	-44.37
YLR194C	687	599.6	56.05	71.0	4.45	51.6	1.0	0.1094	-47.14
YLR195C	320	893.1	60.42	22.0	1.71	58.72	0.9906	0.08	-57.01
YLR196W	184	737.3	44.99	14.0	1.5	43.49	0.9674	0.0827	-41.99
YLR197W	369	597.0	35.67	9.0	4.53	31.14	0.935	0.0783	-26.6
YLR198C	249	435.6	34.83	10.0	1.84	32.99	0.9839	0.0912	-31.16
YLR199C	353	435.3	40.1	12.0	3.92	36.18	0.9915	0.0983	-32.26
YLR200W	130	469.0	44.81	14.0	2.21	42.6	1.0	0.0979	-40.39
YLR201C	123	520.7	43.7	14.0	2.45	41.25	1.0	0.0969	-38.8
YLR202C	74	563.2	47.19	40.5	1.66	45.53	0.9865	0.0959	-43.86
YLR203C	96	719.5	44.0	14.0	1.75	42.25	0.9896	0.083	-40.5
YLR204W	50	444.8	45.98	41.5	4.16	41.82	1.0	0.11	-37.66
YLR205C	61	562.0	53.18	70.0	2.87	50.31	0.9836	0.1045	-47.44
YLR206W	97	741.3	53.21	65.0	4.8	48.4	1.0	0.094	-43.6
YLR207W	74	512.7	54.55	67.5	3.26	51.3	1.0	0.133	-48.04
YLR208W	280	760.4	45.5	19.5	1.64	43.86	0.9893	0.0773	-42.22
YLR209C	189	589.7	50.08	69.0	2.13	47.95	1.0	0.1025	-45.81
YLR210W	55	686.5	49.56	21.0	3.22	46.35	1.0	0.0819	-43.13
YLR211C	56	690.3	52.62	41.5	2.93	49.7	1.0	0.0823	-46.77
YLR212C	41	765.0	48.49	31.0	1.98	46.51	0.9756	0.0942	-44.54
YLR213C	22	661.1	42.86	23.0	1.55	41.32	0.9545	0.0715	-39.77
YLR214W	189	900.3	45.71	18.0	3.92	41.8	0.9683	0.0726	-37.88
YLR215C	789	543.4	49.28	53.0	5.9	43.38	0.9861	0.0991	-37.48
YLR216C	882	766.4	49.78	67.0	1.84	47.93	0.9796	0.0795	-46.09
YLR217W	962	743.9	48.37	47.5	1.54	46.83	0.9761	0.0806	-45.29
YLR218C	12	391.4	47.42	45.0	2.58	44.83	0.9167	0.1177	-42.25
YLR219W	69	785.8	53.25	68.0	2.48	50.77	0.9855	0.1104	-48.29
YLR220W	316	653.5	42.16	17.5	3.09	39.07	0.9937	0.0789	-35.98
YLR221C	554	641.4	46.75	16.0	2.72	44.03	0.991	0.0814	-41.31
YLR222C	216	705.1	40.35	13.0	2.66	37.69	0.9398	0.0699	-35.03
YLR222C-A	21	596.7	41.81	16.0	1.43	40.38	1.0	0.0994	-38.95
YLR223C	35	634.2	48.66	51.0	5.6	43.06	1.0	0.1145	-37.46
YLR224W	219	657.3	49.76	66.0	3.1	46.67	0.9954	0.0965	-43.57
YLR225C	310	914.3	48.05	23.0	2.1	45.96	0.9903	0.0731	-43.86
YLR226W	79	687.4	43.41	17.0	2.13	41.28	0.9873	0.0862	-39.15
YLR227C	189	574.8	46.98	24.0	2.2	44.78	1.0	0.0918	-42.58
YLR227W-A	33	707.0	42.24	18.0	3.36	38.88	1.0	0.0768	-35.52
YLR227W-B	1265	891.8	47.62	25.0	2.26	45.36	0.9818	0.0619	-43.1
YLR228C	100	617.7	43.75	20.0	5.51	38.24	1.0	0.0873	-32.73
YLR229C	289	602.9	46.64	20.0	1.75	44.89	0.9896	0.0895	-43.13
YLR230W	266	620.8	49.68	60.5	2.18	47.51	1.0	0.097	-45.33
YLR231C	52	695.1	56.08	71.5	3.0	53.08	0.9808	0.1158	-50.08
YLR232W	9	479.2	42.67	11.0	1.56	41.11	1.0	0.0605	-39.56
YLR233C	16	922.4	56.81	74.0	1.5	55.31	1.0	0.0819	-53.81
YLR234W	6	690.5	58.33	59.5	11.17	47.17	1.0	0.0922	-36.0
YLR237W	63	708.5	34.51	8.0	1.0	33.51	0.9841	0.0635	-32.51
YLR238W	75	501.7	33.77	9.0	3.87	29.91	1.0	0.0833	-26.04
YLR239C	61	712.4	51.1	67.0	1.7	49.39	1.0	0.0845	-47.69
YLR240W	42	748.7	59.55	73.5	1.12	58.43	1.0	0.1004	-57.31
YLR241W	145	771.6	48.97	68.0	3.19	45.78	0.9793	0.0984	-42.59
YLR242C	105	626.7	60.04	70.0	4.37	55.67	0.981	0.105	-51.3
YLR243W	207	572.2	45.38	20.0	3.57	41.82	0.9855	0.0947	-38.25
YLR244C	303	784.9	47.51	21.0	2.67	44.84	0.9967	0.0779	-42.17
YLR245C	12	478.8	66.08	68.5	1.83	64.25	0.9167	0.1417	-62.42
YLR246W	79	537.2	49.72	66.0	4.25	45.47	1.0	0.1138	-41.22
YLR247C	85	425.6	48.53	44.0	5.99	42.54	0.9882	0.1403	-36.55
YLR248W	144	803.6	43.08	17.5	2.16	40.92	0.9931	0.0845	-38.76
YLR249W	2548	707.1	35.56	9.0	2.48	33.07	0.9772	0.0736	-30.59
YLR250W	1998	439.1	33.7	9.0	2.27	31.43	0.9915	0.0826	-29.16
YLR251W	176	598.8	44.49	16.0	2.89	41.6	1.0	0.0787	-38.7
YLR252W	72	694.9	50.5	71.5	2.82	47.68	0.9861	0.0879	-44.86
YLR253W	128	572.1	44.79	16.0	1.8	42.99	0.9922	0.0995	-41.2
YLR254C	88	475.1	46.3	54.0	2.23	44.07	0.9886	0.1075	-41.84
YLR255C	6	353.5	64.0	10.0	0.0	64.0	1.0	0.1159	-64.0
YLR256W	81	916.5	112.15	101.0	2.49	109.65	1.0	0.1792	-107.16
YLR256W-A	114	777.0	77.29	81.5	3.91	73.38	0.9912	0.1592	-69.46
YLR257W	833	670.7	43.63	13.0	3.53	40.1	0.9904	0.0833	-36.58
YLR258W	814	438.9	44.34	19.0	2.07	42.28	0.9877	0.1153	-40.21
YLR259C	1220	791.4	48.78	47.5	2.65	46.13	0.9869	0.0822	-43.48
YLR260W	163	741.9	47.95	29.0	5.72	42.23	0.9939	0.0841	-36.5
YLR261C	213	573.8	47.15	60.0	2.11	45.04	0.9906	0.1019	-42.93
YLR262C	1443	399.5	42.7	15.0	1.78	40.92	0.9979	0.1056	-39.14
YLR262C-A	1212	354.0	44.17	16.0	2.12	42.05	0.9975	0.1166	-39.93
YLR263W	1371	358.1	45.28	15.0	2.09	43.19	0.9949	0.115	-41.11
YLR264C-A	1441	606.4	52.5	68.0	2.86	49.64	0.9938	0.1023	-46.77
YLR264W	1564	606.5	54.05	68.0	2.97	51.08	0.9949	0.1053	-48.11
YLR265C	810	438.0	69.93	74.0	24.47	45.47	0.9951	0.1583	-21.0
YLR266C	81	776.1	47.19	26.0	2.54	44.64	0.9877	0.0789	-42.1
YLR267W	36	835.6	58.22	69.0	2.42	55.81	1.0	0.0822	-53.39
YLR268W	59	623.8	44.1	11.0	1.27	42.83	1.0	0.0831	-41.56
YLR269C	48	598.3	43.54	26.0	3.35	40.19	0.9792	0.0884	-36.83
YLR270W	185	670.9	107.51	59.0	46.68	60.84	1.0	0.2141	-14.16
YLR271W	156	457.7	152.33	77.0	71.83	80.49	0.9936	0.3344	-8.66
YLR272C	70	763.8	53.09	52.5	5.74	47.34	1.0	0.1143	-41.6
YLR273C	18	823.1	60.22	80.0	0.83	59.39	1.0	0.1128	-58.56
YLR274W	117	1027.0	61.52	75.0	3.69	57.83	0.9915	0.0845	-54.14
YLR275W	323	499.6	53.41	53.0	11.77	41.64	0.9907	0.1085	-29.87
YLR276C	390	653.2	52.2	48.0	8.51	43.69	0.9846	0.0936	-35.18
YLR277C	130	559.9	46.49	16.5	2.88	43.62	1.0	0.1006	-40.74
YLR278C	98	779.5	57.11	73.0	2.97	54.14	0.9898	0.106	-51.17
YLR280C	6	319.8	36.0	18.5	1.67	34.33	1.0	0.0902	-32.67
YLR281C	7	506.3	83.0	74.0	0.43	82.57	1.0	0.1303	-82.14
YLR282C	24	716.0	46.0	29.0	4.79	41.21	1.0	0.0698	-36.42
YLR283W	53	733.7	49.6	42.0	1.62	47.98	1.0	0.0769	-46.36
YLR284C	44	619.1	47.5	19.0	3.43	44.07	0.9773	0.092	-40.64
YLR285C-A	206	641.7	50.41	65.0	5.0	45.41	1.0	0.0903	-40.4
YLR285W	168	705.6	56.1	72.0	5.29	50.8	0.9881	0.0901	-45.51
YLR286C	430	1137.1	58.65	72.0	6.23	52.42	0.993	0.0751	-46.19
YLR286W-A	167	737.2	61.06	72.0	8.27	52.79	0.994	0.096	-44.52
YLR287C	8569	424.0	51.74	29.0	11.93	39.81	0.9985	0.1178	-27.88
YLR287C-A	8437	414.4	52.04	30.0	12.24	39.79	0.9988	0.1197	-27.55
YLR288C	67	664.0	49.28	16.0	4.04	45.24	1.0	0.1114	-41.19
YLR289W	122	724.9	55.3	74.0	3.17	52.12	0.9754	0.0944	-48.95
YLR290C	171	511.5	49.34	63.0	2.13	47.21	0.9883	0.1139	-45.08
YLR291C	426	638.4	44.02	18.0	2.42	41.61	0.9906	0.0823	-39.19
YLR292C	926	524.9	51.66	66.0	10.55	41.1	0.9968	0.104	-30.55
YLR293C	1614	669.8	50.1	53.0	3.17	46.92	0.9963	0.0835	-43.75
YLR294C	517	693.8	69.67	64.0	1.73	67.94	1.0	0.0981	-66.21
YLR295C	167	530.9	40.14	13.0	2.51	37.63	1.0	0.078	-35.11
YLR296W	16	386.1	86.5	45.5	2.31	84.19	0.9375	0.169	-81.88
YLR297W	72	619.1	36.25	10.0	2.53	33.72	0.9306	0.0627	-31.19
YLR298C	88	561.8	43.88	18.5	1.38	42.5	1.0	0.0869	-41.12
YLR299C-A	40	635.3	54.82	75.5	1.52	53.3	1.0	0.1052	-51.78
YLR299W	63	516.2	40.78	13.0	3.46	37.32	0.9841	0.0966	-33.86
YLR300W	1007	926.9	49.97	55.0	2.71	47.25	0.995	0.0754	-44.54
YLR301W	1370	665.6	43.68	14.0	2.83	40.85	0.9869	0.0756	-38.02
YLR302C	144	367.4	41.51	13.0	4.0	37.51	0.9792	0.1152	-33.51
YLR303W	897	756.5	54.37	71.0	2.69	51.68	1.0	0.1004	-48.99
YLR304C	632	834.3	52.66	67.5	3.6	49.06	0.9953	0.0981	-45.47
YLR305C	122	910.1	49.52	59.0	3.35	46.16	0.9918	0.0777	-42.81
YLR306W	89	634.2	57.55	72.0	11.18	46.37	1.0	0.0923	-35.19
YLR307C-A	21	456.4	57.38	76.0	2.43	54.95	0.9524	0.1282	-52.52
YLR307W	37	531.8	52.62	73.0	1.59	51.03	1.0	0.1199	-49.43
YLR308W	77	569.5	55.09	72.0	2.22	52.87	0.987	0.1046	-50.65
YLR309C	227	812.9	49.67	21.0	2.03	47.64	0.9824	0.0773	-45.61
YLR310C	104	805.3	50.42	64.5	1.99	48.43	0.9808	0.0847	-46.44
YLR312C	8	755.2	4.25	3.5	0.5	3.75	1.0	0.0121	-3.25
YLR312W-A	204	755.2	48.79	44.0	2.11	46.68	1.0	0.0745	-44.57
YLR313C	136	444.6	39.07	12.0	1.93	37.14	0.9926	0.0991	-35.21
YLR314C	179	798.6	48.25	31.0	2.96	45.29	0.9832	0.0803	-42.34
YLR315W	24	588.0	46.75	18.0	6.17	40.58	1.0	0.085	-34.42
YLR316C	32	637.8	43.97	16.5	1.22	42.75	1.0	0.0971	-41.53
YLR317W	29	603.3	34.59	11.0	0.86	33.72	1.0	0.0649	-32.86
YLR318W	61	532.3	53.72	71.0	2.48	51.25	0.9836	0.1236	-48.77
YLR319C	58	806.5	69.26	74.0	11.9	57.36	0.9828	0.0964	-45.47
YLR320W	60	625.1	36.55	9.0	2.38	34.17	0.9833	0.0757	-31.78
YLR321C	65	576.6	46.82	15.0	1.43	45.38	0.9846	0.1016	-43.95
YLR322W	11	587.7	28.91	7.0	6.27	22.64	1.0	0.0683	-16.36
YLR323C	12	654.4	29.25	8.0	0.17	29.08	1.0	0.0529	-28.92
YLR324W	10027	481.1	42.72	15.0	2.05	40.67	0.9982	0.086	-38.63
YLR325C	9934	477.7	41.81	14.0	1.98	39.83	0.9966	0.0849	-37.86
YLR326W	1523	486.0	51.01	68.0	2.71	48.3	0.9954	0.106	-45.59
YLR327C	1512	482.3	48.08	57.0	2.5	45.58	0.9947	0.0991	-43.07
YLR328W	92	866.8	56.93	70.0	5.11	51.83	1.0	0.0885	-46.72
YLR329W	53	469.6	63.58	76.0	8.3	55.28	0.9811	0.1393	-46.98
YLR330W	163	508.4	42.06	14.0	1.49	40.56	1.0	0.0986	-39.07
YLR331C	145	626.6	51.35	69.0	1.86	49.49	0.9862	0.1245	-47.63
YLR332W	158	591.6	51.2	69.0	2.04	49.16	0.9747	0.1253	-47.11
YLR333C	7818	456.5	54.42	31.0	12.59	41.83	0.9994	0.116	-29.23
YLR334C	13	337.8	44.92	16.0	3.54	41.38	1.0	0.1256	-37.85
YLR335W	220	790.4	40.22	11.0	2.79	37.43	0.9818	0.0768	-34.64
YLR336C	242	689.8	45.95	15.5	2.79	43.16	0.9793	0.0902	-40.37
YLR337C	54	726.0	40.17	14.5	5.33	34.83	0.9815	0.0598	-29.5
YLR338W	10	321.3	30.2	10.5	1.5	28.7	0.9	0.1187	-27.2
YLR339C	2685	828.1	53.12	69.0	2.64	50.48	0.9955	0.0749	-47.85
YLR340W	2679	844.8	52.16	68.0	3.31	48.85	0.9966	0.073	-45.54
YLR341W	619	402.8	53.75	68.0	6.38	47.37	0.9984	0.142	-41.0
YLR342W	1054	1056.2	54.8	73.0	2.72	52.07	0.9915	0.0822	-49.35
YLR342W-A	523	510.2	54.19	69.0	3.9	50.29	1.0	0.1197	-46.39
YLR343W	531	421.5	54.56	70.0	5.95	48.61	1.0	0.1361	-42.66
YLR344W	2473	468.2	56.04	34.0	15.98	40.05	0.9988	0.1155	-24.07
YLR345W	2605	490.5	53.27	33.0	15.27	38.0	0.9981	0.1088	-22.73
YLR346C	87	467.9	43.21	15.0	1.68	41.53	0.9885	0.0987	-39.85
YLR347C	219	802.4	53.39	70.0	3.0	50.39	1.0	0.0964	-47.39
YLR347W-A	6	1626.3	232.0	266.0	1.17	230.83	1.0	0.1285	-229.67
YLR348C	99	595.0	40.15	13.0	1.31	38.84	1.0	0.0825	-37.53
YLR349W	89	586.8	46.25	24.0	3.38	42.87	1.0	0.0898	-39.48
YLR350W	260	629.7	48.86	64.5	2.68	46.18	1.0	0.0904	-43.5
YLR351C	218	663.1	50.9	69.0	2.42	48.48	1.0	0.089	-46.06
YLR352W	34	728.7	42.29	16.0	2.32	39.97	0.9706	0.0846	-37.65
YLR353W	283	538.1	48.79	62.0	4.4	44.39	1.0	0.1102	-39.99
YLR354C	1200	598.6	46.81	27.0	2.66	44.14	0.9958	0.1066	-41.48
YLR355C	1524	760.0	46.77	27.5	3.07	43.7	0.9843	0.0843	-40.62
YLR356W	52	643.1	58.88	75.0	2.21	56.67	1.0	0.1052	-54.46
YLR357W	54	709.4	44.06	21.5	4.67	39.39	0.9815	0.1041	-34.72
YLR358C	14	572.4	35.21	16.0	2.86	32.36	1.0	0.0769	-29.5
YLR359W	284	882.7	51.37	53.0	2.25	49.12	0.993	0.0824	-46.88
YLR360W	239	609.0	45.0	17.0	3.18	41.82	0.9958	0.0896	-38.64
YLR361C	170	636.7	46.42	16.0	2.16	44.26	0.9706	0.0797	-42.11
YLR361C-A	70	423.3	33.9	9.5	2.24	31.66	0.9714	0.088	-29.41
YLR362W	163	528.2	44.82	23.0	2.0	42.82	0.9877	0.1076	-40.82
YLR363C	209	596.2	40.87	15.0	2.93	37.94	0.9856	0.0802	-35.01
YLR363W-A	120	440.0	39.77	12.0	1.88	37.88	0.9833	0.0895	-36.0
YLR364C-A	28	335.9	109.0	65.0	9.18	99.82	0.9643	0.2615	-90.64
YLR364W	129	428.1	34.49	10.0	1.6	32.88	0.969	0.0787	-31.28
YLR365W	26	302.2	31.31	9.0	2.38	28.92	0.8846	0.102	-26.54
YLR366W	21	302.8	84.29	71.0	9.33	74.95	0.9048	0.2487	-65.62
YLR367W	2402	498.1	141.23	161.0	98.12	43.11	0.9996	0.2825	55.01
YLR368W	2152	500.1	129.05	146.5	86.46	42.59	0.9981	0.2602	43.87
YLR369W	258	621.6	40.26	12.0	1.73	38.53	0.9922	0.0754	-36.8
YLR370C	176	530.9	45.62	19.5	2.23	43.39	1.0	0.0949	-41.15
YLR371W	136	887.0	39.79	10.5	1.6	38.19	0.9926	0.0587	-36.59
YLR372W	748	749.7	47.11	43.5	2.69	44.42	0.9947	0.0818	-41.73
YLR373C	447	529.0	45.5	20.0	3.2	42.3	0.9978	0.1019	-39.1
YLR374C	66	685.7	47.47	42.0	1.32	46.15	1.0	0.0838	-44.83
YLR375W	84	636.5	53.12	65.5	3.52	49.6	0.9881	0.1005	-46.07
YLR376C	53	572.2	51.98	22.0	9.36	42.62	1.0	0.0929	-33.26
YLR377C	66	375.2	65.47	74.5	18.14	47.33	1.0	0.2233	-29.2
YLR378C	426	889.1	45.54	25.0	3.89	41.64	0.9789	0.075	-37.75
YLR380W	80	888.4	38.85	16.5	2.19	36.66	0.975	0.0556	-34.48
YLR381W	112	563.4	42.61	15.0	2.19	40.42	0.9732	0.098	-38.23
YLR382C	91	591.5	47.38	43.0	3.23	44.15	0.978	0.1071	-40.92
YLR383W	149	530.4	36.36	10.0	2.6	33.75	0.9866	0.0801	-31.15
YLR384C	204	865.4	34.31	8.0	1.42	32.9	0.9706	0.0596	-31.48
YLR386W	150	683.0	43.5	17.0	1.39	42.11	1.0	0.0887	-40.71
YLR387C	229	849.0	51.43	67.0	3.26	48.17	0.9913	0.0807	-44.92
YLR388W	3442	301.2	63.7	73.0	17.28	46.42	0.9994	0.2001	-29.15
YLR389C	3564	311.1	62.39	71.0	16.46	45.93	0.9994	0.1965	-29.48
YLR390W	73	667.5	130.62	138.0	1.93	128.68	0.9863	0.172	-126.75
YLR390W-A	567	684.1	57.11	74.0	4.31	52.8	0.9965	0.0984	-48.49
YLR392C	391	614.8	68.09	78.0	14.24	53.84	0.9974	0.1227	-39.6
YLR394W	558	570.1	49.17	66.5	1.38	47.79	0.991	0.0893	-46.41
YLR395C	481	525.8	47.84	64.0	1.58	46.26	0.9917	0.0897	-44.69
YLR396C	522	546.9	46.37	54.5	1.71	44.66	0.9885	0.0915	-42.95
YLR397C	132	661.0	45.15	20.5	1.97	43.18	0.9848	0.0906	-41.21
YLR398C	155	766.1	45.45	16.0	2.1	43.35	0.9871	0.0858	-41.25
YLR399C	126	704.4	43.24	16.5	2.05	41.19	0.9444	0.0774	-39.14
YLR399W-A	7	560.9	38.43	8.0	0.57	37.86	0.8571	0.0817	-37.29
YLR400W	42	516.0	40.17	15.5	3.62	36.55	1.0	0.0874	-32.93
YLR401C	70	772.9	42.69	13.0	2.76	39.93	0.9857	0.0682	-37.17
YLR403W	145	660.3	45.86	57.0	2.71	43.15	0.9931	0.1017	-40.44
YLR404W	88	385.3	49.32	66.0	1.8	47.52	1.0	0.1426	-45.73
YLR405W	1326	460.6	76.12	78.0	38.11	38.01	0.997	0.1566	0.1
YLR406C	1256	461.2	77.04	78.0	38.48	38.56	0.9984	0.1581	-0.09
YLR406C-A	7	324.3	39.43	23.0	3.14	36.29	1.0	0.1736	-33.14
YLR407W	90	542.6	43.59	17.5	1.92	41.67	1.0	0.0906	-39.74
YLR408C	172	511.3	48.38	43.0	4.36	44.02	1.0	0.098	-39.66
YLR409C	181	732.8	41.79	14.0	1.28	40.51	0.9834	0.0734	-39.24
YLR410W	97	1166.7	43.05	14.0	1.85	41.21	0.9691	0.0456	-39.36
YLR410W-A	41	552.8	50.05	18.0	4.22	45.83	0.9756	0.1004	-41.61
YLR410W-B	265	772.6	55.24	64.0	2.34	52.9	0.9736	0.0852	-50.56
YLR411W	159	607.9	64.38	69.0	13.25	51.13	0.9748	0.1027	-37.89
YLR412C-A	20	413.6	49.05	47.0	2.3	46.75	0.95	0.127	-44.45
YLR412W	124	616.2	46.18	45.5	2.6	43.58	0.9919	0.0942	-40.98
YLR413W	378	788.3	50.5	60.0	6.65	43.85	0.9735	0.0866	-37.21
YLR414C	373	651.7	50.0	69.0	2.45	47.55	0.9812	0.0905	-45.1
YLR415C	52	775.1	59.67	73.5	2.37	57.31	0.9808	0.0777	-54.94
YLR416C	5	811.6	194.8	311.0	0.8	194.0	1.0	0.1927	-193.2
YLR417W	99	594.8	41.92	13.0	2.54	39.38	1.0	0.0838	-36.85
YLR418C	129	908.4	43.54	16.0	2.12	41.42	0.9845	0.0637	-39.29
YLR419W	79	754.6	55.05	73.0	2.57	52.48	0.9873	0.108	-49.91
YLR420W	589	643.3	41.69	14.0	2.2	39.5	0.9915	0.0809	-37.3
YLR421C	425	508.7	45.48	18.0	2.62	42.86	0.9976	0.0992	-40.24
YLR422W	125	745.4	50.02	46.0	1.97	48.06	0.984	0.0899	-46.09
YLR423C	51	737.6	52.27	72.0	2.51	49.76	1.0	0.0822	-47.25
YLR424W	51	605.2	46.59	44.0	2.57	44.02	0.9804	0.1142	-41.45
YLR425W	105	770.5	184.95	83.0	15.12	169.83	0.9905	0.2304	-154.7
YLR426W	44	709.7	52.45	29.0	8.11	44.34	0.9773	0.0809	-36.23
YLR427W	62	624.1	37.98	11.0	2.42	35.56	1.0	0.083	-33.15
YLR428C	35	455.8	50.11	64.0	1.83	48.29	1.0	0.1263	-46.46
YLR429W	249	873.3	46.49	26.0	2.15	44.34	0.9839	0.0808	-42.19
YLR430W	154	487.2	43.51	19.5	2.9	40.6	0.9805	0.1135	-37.7
YLR431C	82	481.7	47.89	14.5	3.65	44.24	1.0	0.1163	-40.6
YLR432W	677	1012.6	50.48	62.0	2.53	47.95	0.9852	0.0741	-45.42
YLR433C	358	468.3	51.84	64.0	4.87	46.97	0.9916	0.1231	-42.1
YLR434C	231	593.2	43.86	15.0	1.95	41.91	1.0	0.0805	-39.96
YLR435W	286	586.5	45.53	15.0	2.24	43.29	1.0	0.0824	-41.05
YLR436C	253	583.7	41.64	12.0	3.64	38.0	1.0	0.0825	-34.36
YLR437C	35	436.9	38.4	17.0	4.0	34.4	1.0	0.0868	-30.4
YLR437C-A	30	488.1	33.37	9.5	1.6	31.77	1.0	0.0715	-30.17
YLR438C-A	112	407.4	36.16	9.0	3.98	32.18	0.9821	0.0852	-28.2
YLR438W	102	435.7	36.74	9.5	2.93	33.8	0.9706	0.0813	-30.87
YLR439W	156	500.2	37.13	7.5	2.91	34.22	0.9551	0.0774	-31.31
YLR440C	2581	480.0	46.32	20.0	3.95	42.37	0.9942	0.1055	-38.41
YLR441C	9042	850.6	43.51	14.0	1.85	41.66	0.9917	0.0587	-39.82
YLR442C	96	694.4	36.51	8.0	1.83	34.68	0.7812	0.0505	-32.84
YLR443W	67	1013.0	49.73	66.0	1.49	48.24	0.9851	0.0575	-46.75
YLR444C	37	594.7	54.0	62.0	6.49	47.51	1.0	0.1196	-41.03
YLR445W	23	419.1	52.78	72.0	3.0	49.78	1.0	0.1313	-46.78
YLR446W	389	494.3	40.43	13.0	2.6	37.83	0.9692	0.0915	-35.22
YLR447C	974	928.3	42.38	13.5	2.09	40.28	0.963	0.0539	-38.19
YLR448W	3186	626.8	59.6	47.5	13.76	45.84	0.9978	0.0974	-32.09
YLR449W	346	516.4	49.55	23.5	4.0	45.55	1.0	0.1097	-41.55
YLR450W	254	632.9	44.92	16.0	2.34	42.57	0.9921	0.0975	-40.23
YLR451W	111	577.8	45.49	18.0	3.17	42.32	0.991	0.1049	-39.14
YLR452C	92	911.6	56.93	67.0	8.73	48.21	0.9891	0.0878	-39.48
YLR453C	34	627.9	47.74	49.5	2.91	44.82	1.0	0.0875	-41.91
YLR454W	142	765.9	75.3	70.5	29.7	45.59	0.993	0.1316	-15.89
YLR455W	202	789.0	92.76	78.5	2.16	90.6	0.995	0.1319	-88.44
YLR456W	131	519.0	47.66	16.0	3.89	43.78	0.9847	0.0958	-39.89
YLR457C	72	566.3	43.38	19.5	2.99	40.39	1.0	0.0825	-37.4
YLR458W	30	471.1	36.5	10.5	4.37	32.13	1.0	0.0984	-27.77
YLR459W	125	615.6	47.07	30.0	3.27	43.8	1.0	0.0894	-40.53
YLR460C	97	603.9	43.47	17.0	1.31	42.16	1.0	0.0883	-40.86
YLR466C-A	17	520.7	46.47	13.0	2.0	44.47	1.0	0.0896	-42.47
YLR466C-B	27	435.7	33.26	11.0	0.93	32.33	1.0	0.0787	-31.41
YLR466W	38	550.7	51.55	61.0	2.71	48.84	1.0	0.1114	-46.13
YLR467C-A	21	494.3	39.1	13.0	1.0	38.1	0.9524	0.0686	-37.1
YLR467W	41	751.1	46.61	24.0	2.39	44.22	1.0	0.0821	-41.83
YML001W	590	668.3	48.12	62.5	3.33	44.79	0.9898	0.0761	-41.46
YML002W	117	900.1	49.41	33.0	3.38	46.03	0.9915	0.0715	-42.66
YML003W	7	541.6	44.14	18.0	1.29	42.86	1.0	0.0709	-41.57
YML004C	316	815.1	50.67	65.5	2.28	48.4	0.981	0.0759	-46.12
YML005W	283	755.4	62.89	75.0	16.33	46.56	0.9894	0.0914	-30.23
YML006C	248	566.7	49.51	60.0	2.36	47.15	0.9919	0.1159	-44.78
YML007C-A	15	440.3	45.33	57.0	3.33	42.0	0.8667	0.0996	-38.67
YML007W	172	749.3	49.01	59.5	3.38	45.62	0.9884	0.0916	-42.24
YML008C	531	833.5	50.25	34.0	2.47	47.78	0.9925	0.0762	-45.31
YML009C	308	479.7	41.74	13.0	2.13	39.61	0.9903	0.0903	-37.47
YML009C-A	143	512.4	43.14	17.0	4.07	39.07	1.0	0.0976	-35.0
YML009W-B	127	503.5	38.5	12.0	3.95	34.55	0.9843	0.0896	-30.6
YML010W	209	623.4	42.18	13.0	3.36	38.82	0.9904	0.0918	-35.46
YML011C	300	545.8	43.68	16.0	1.83	41.84	0.9767	0.0853	-40.01
YML012C-A	191	533.1	46.44	47.0	2.4	44.04	1.0	0.0971	-41.63
YML012W	255	545.5	45.85	19.0	2.01	43.85	0.9961	0.094	-41.84
YML013W	254	651.2	42.46	13.5	1.84	40.63	0.9843	0.0762	-38.79
YML014W	23	646.0	21.83	8.0	1.78	20.04	0.9565	0.0394	-18.26
YML015C	61	480.6	47.05	66.0	2.05	45.0	0.9672	0.1536	-42.95
YML016C	178	594.9	55.17	71.5	4.75	50.42	1.0	0.1318	-45.67
YML017W	95	491.7	48.26	65.0	4.45	43.81	1.0	0.1251	-39.36
YML018C	141	671.8	55.87	71.0	5.38	50.49	0.9929	0.1074	-45.11
YML019W	204	732.5	49.35	65.0	2.7	46.65	0.9902	0.0848	-43.95
YML020W	40	750.1	60.85	79.0	1.85	59.0	0.975	0.0975	-57.15
YML021C	839	679.3	50.91	68.0	3.03	47.88	0.9952	0.0812	-44.86
YML022W	828	649.3	52.78	69.0	2.27	50.51	0.9928	0.0877	-48.25
YML023C	6721	514.8	49.34	25.0	9.01	40.33	0.9984	0.0951	-31.32
YML024W	6271	498.3	48.71	24.0	9.12	39.59	0.9982	0.0976	-30.48
YML025C	43	592.4	44.44	14.0	13.81	30.63	1.0	0.0882	-16.81
YML026C	5989	554.3	77.71	71.0	37.34	40.37	0.9983	0.1345	-3.03
YML027W	6366	555.4	79.04	72.0	37.95	41.09	0.9994	0.137	-3.14
YML028W	913	651.3	51.16	66.0	5.01	46.15	0.9912	0.0801	-41.15
YML029W	937	664.6	48.5	41.0	4.41	44.08	0.9915	0.0774	-39.67
YML030W	65	404.0	46.06	25.0	2.57	43.49	0.9846	0.1174	-40.92
YML031W	81	767.0	47.64	20.0	0.94	46.7	0.963	0.0812	-45.77
YML032C	106	697.2	58.38	71.5	7.08	51.29	0.9717	0.0995	-44.21
YML034C-A	5	313.0	52.4	60.0	1.8	50.6	1.0	0.1675	-48.8
YML034W	134	694.3	51.3	67.0	3.82	47.48	0.9851	0.0995	-43.66
YML035C	174	759.0	43.02	14.5	2.72	40.3	0.9885	0.0704	-37.58
YML036W	132	540.8	48.36	40.0	4.75	43.61	0.9621	0.0938	-38.86
YML037C	54	555.3	40.56	12.5	5.78	34.78	1.0	0.0806	-29.0
YML038C	801	477.6	52.18	62.0	9.51	42.67	0.9875	0.1176	-33.16
YML039W	4734	1116.7	53.88	66.0	3.26	50.62	0.9844	0.0618	-47.36
YML040W	45	647.1	59.33	67.0	9.64	49.69	1.0	0.1458	-40.04
YML041C	88	542.8	52.22	70.5	2.9	49.32	0.9773	0.1194	-46.42
YML042W	87	636.9	42.48	18.0	2.08	40.4	0.977	0.0823	-38.32
YML043C	471	612.6	48.98	35.0	4.79	44.19	0.9873	0.0806	-39.4
YML045W	1167	1015.2	49.0	38.0	2.57	46.43	0.988	0.058	-43.85
YML045W-A	61	554.8	45.95	16.0	1.93	44.02	1.0	0.0912	-42.08
YML046W	122	830.8	50.63	73.0	2.42	48.21	0.959	0.0895	-45.8
YML047C	78	487.3	48.1	24.5	3.96	44.14	1.0	0.1061	-40.18
YML047W-A	61	510.4	56.84	71.0	2.93	53.9	1.0	0.1275	-50.97
YML048W	171	934.1	53.41	67.0	1.71	51.7	0.9942	0.0748	-49.99
YML049C	89	648.7	43.84	16.0	3.44	40.4	1.0	0.0834	-36.97
YML050W	70	513.9	51.57	65.5	3.44	48.13	1.0	0.1175	-44.69
YML051W	83	693.8	47.01	19.0	2.23	44.78	1.0	0.0889	-42.55
YML052W	104	818.3	54.69	69.0	2.88	51.82	0.9904	0.0762	-48.94
YML053C	106	611.8	53.83	71.5	4.22	49.61	1.0	0.1047	-45.4
YML054C	139	560.1	46.33	14.0	3.35	42.99	0.9928	0.0867	-39.64
YML055W	128	527.5	46.75	14.5	3.38	43.37	0.9922	0.1013	-39.98
YML056C	1152	829.7	55.71	29.0	15.34	40.37	0.9844	0.0882	-25.03
YML057C-A	373	523.3	47.43	64.0	2.92	44.52	0.9973	0.0895	-41.6
YML057W	768	520.6	41.48	15.0	2.21	39.26	0.9922	0.0929	-37.05
YML058W	228	497.1	44.51	24.0	2.51	42.0	0.9956	0.0875	-39.49
YML058W-A	228	499.7	39.71	17.0	2.4	37.31	1.0	0.0796	-34.91
YML059C	92	814.0	44.28	16.0	1.65	42.63	1.0	0.0778	-40.98
YML060W	63	724.2	37.7	11.0	1.84	35.86	0.9841	0.0647	-34.02
YML061C	86	593.3	34.05	10.0	0.99	33.06	0.9884	0.0964	-32.07
YML062C	5142	576.2	48.98	44.0	10.68	38.3	0.9893	0.0914	-27.62
YML063W	10947	742.1	45.24	17.0	2.97	42.27	0.9904	0.0664	-39.29
YML064C	73	469.6	37.75	15.0	2.85	34.9	0.9863	0.0903	-32.05
YML065W	72	622.6	52.03	69.5	1.72	50.31	0.9861	0.1107	-48.58
YML066C	17	617.7	49.76	60.0	8.35	41.41	1.0	0.0899	-33.06
YML067C	263	869.1	51.1	38.0	15.37	35.73	0.9924	0.0605	-20.37
YML068W	153	613.3	45.84	16.0	3.82	42.03	0.9935	0.091	-38.21
YML069W	107	500.3	55.15	31.0	5.9	49.25	1.0	0.1182	-43.36
YML070W	162	801.8	47.49	22.0	2.31	45.19	1.0	0.081	-42.88
YML071C	47	379.1	33.23	14.0	6.72	26.51	0.9787	0.1038	-19.79
YML072C	220	923.2	48.43	16.5	1.55	46.89	0.9955	0.0704	-45.34
YML073C	7079	501.4	57.04	46.0	13.08	43.96	0.9993	0.1154	-30.88
YML074C	384	475.4	57.27	67.0	6.18	51.09	0.9974	0.1237	-44.91
YML075C	268	1004.9	57.59	74.5	2.99	54.6	1.0	0.0875	-51.61
YML076C	244	587.4	51.98	71.0	4.46	47.52	0.9918	0.1105	-43.06
YML077W	224	575.4	51.18	69.5	3.1	48.08	1.0	0.0932	-44.98
YML078W	299	556.5	51.83	67.0	2.97	48.86	1.0	0.1016	-45.89
YML079W	247	577.2	50.99	70.0	1.89	49.1	0.9879	0.0947	-47.2
YML080W	197	571.5	48.83	54.0	2.84	45.99	1.0	0.1046	-43.15
YML081C-A	422	361.5	42.38	15.5	1.24	41.14	0.9787	0.1107	-39.9
YML081W	415	486.4	43.76	19.0	1.92	41.84	0.9831	0.1046	-39.92
YML082W	356	394.8	42.88	18.5	1.24	41.65	0.9888	0.1116	-40.41
YML083C	7	646.4	25.71	10.0	1.57	24.14	1.0	0.043	-22.57
YML084W	6	504.5	63.33	79.5	16.67	46.67	1.0	0.142	-30.0
YML085C	207	963.8	71.12	71.0	20.25	50.87	1.0	0.0825	-30.62
YML086C	232	559.7	47.06	24.5	2.48	44.58	1.0	0.1151	-42.09
YML087C	181	405.4	47.19	27.0	3.29	43.9	1.0	0.1292	-40.61
YML088W	56	508.0	36.96	12.0	2.88	34.09	0.9464	0.0947	-31.21
YML089C	7	251.6	52.71	60.0	2.86	49.86	1.0	0.1775	-47.0
YML090W	6	392.0	28.0	8.5	5.67	22.33	1.0	0.0836	-16.67
YML091C	142	975.1	48.0	61.5	2.65	45.35	0.9648	0.0742	-42.7
YML092C	303	569.7	49.34	34.0	4.31	45.03	0.9901	0.0928	-40.73
YML093W	359	677.4	50.24	60.0	3.94	46.3	0.9889	0.0846	-42.36
YML094C-A	67	522.1	59.04	74.0	6.87	52.18	0.9851	0.1148	-45.31
YML094W	72	539.3	60.79	74.5	10.24	50.56	1.0	0.1115	-40.32
YML095C	91	520.9	46.67	25.0	7.18	39.49	0.989	0.0986	-32.32
YML096W	72	916.5	52.22	67.5	2.12	50.1	1.0	0.0763	-47.97
YML097C	121	846.8	46.15	15.0	1.61	44.54	0.9917	0.0675	-42.93
YML098W	53	381.5	38.83	13.0	2.66	36.17	1.0	0.1043	-33.51
YML099C	70	509.5	40.01	13.5	3.03	36.99	0.9857	0.0905	-33.96
YML099W-A	53	508.9	49.58	59.0	2.98	46.6	1.0	0.1141	-43.62
YML100W	142	999.7	44.27	19.0	2.49	41.77	0.9789	0.064	-39.28
YML100W-A	27	375.8	48.48	65.0	2.44	46.04	1.0	0.1366	-43.59
YML101C	24	422.7	38.33	13.5	4.46	33.88	1.0	0.0967	-29.42
YML101C-A	30	419.8	36.93	10.5	1.07	35.87	1.0	0.0837	-34.8
YML102W	39	459.2	53.54	65.0	3.49	50.05	1.0	0.1349	-46.56
YML103C	177	925.6	46.58	19.0	2.27	44.31	0.9887	0.0776	-42.04
YML104C	109	574.5	46.38	21.0	2.57	43.81	1.0	0.0943	-41.24
YML105C	593	528.2	42.98	16.0	2.19	40.8	0.9899	0.0975	-38.61
YML106W	857	707.6	49.91	62.0	2.55	47.36	0.9977	0.0884	-44.81
YML107C	198	592.0	44.75	18.0	1.83	42.92	0.9798	0.0803	-41.1
YML108W	147	515.7	41.5	15.0	3.1	38.39	1.0	0.0835	-35.29
YML109W	130	568.7	47.43	25.5	2.38	45.05	1.0	0.0889	-42.68
YML110C	238	793.2	43.84	15.0	2.24	41.59	0.979	0.0647	-39.35
YML111W	182	646.1	46.69	38.0	2.2	44.49	0.9835	0.0912	-42.29
YML112W	134	506.5	48.07	56.5	3.46	44.6	0.9925	0.1105	-41.14
YML113W	46	614.0	49.02	70.0	2.72	46.3	1.0	0.1089	-43.59
YML114C	23	747.0	38.65	13.0	1.0	37.65	0.9565	0.076	-36.65
YML115C	135	646.4	47.04	59.0	2.49	44.55	0.9778	0.0974	-42.06
YML116W	226	617.7	41.84	14.0	2.71	39.13	0.9912	0.0839	-36.42
YML116W-A	58	627.6	45.33	24.0	2.17	43.16	1.0	0.0821	-40.98
YML117W	72	912.2	53.94	64.5	3.82	50.12	1.0	0.0861	-46.31
YML118W	30	473.7	41.6	18.5	2.07	39.53	0.9667	0.1047	-37.47
YML119W	73	619.2	46.33	31.0	1.96	44.37	0.9863	0.1015	-42.41
YML120C	206	895.7	57.07	63.5	6.78	50.29	0.9951	0.0873	-43.51
YML121W	167	657.3	47.0	23.0	3.01	43.99	0.994	0.0888	-40.98
YML122C	38	445.9	44.0	17.0	1.55	42.45	1.0	0.0978	-40.89
YML123C	1077	997.7	59.73	75.0	2.77	56.96	0.9944	0.0899	-54.19
YML124C	668	513.5	54.43	71.0	4.0	50.43	0.994	0.1256	-46.43
YML125C	288	692.1	42.3	13.0	3.25	39.05	0.9931	0.0772	-35.8
YML126C	610	905.6	50.76	66.5	3.15	47.6	0.9852	0.0789	-44.45
YML127W	245	672.4	54.91	71.0	3.56	51.36	0.9796	0.1082	-47.8
YML128C	162	699.3	53.96	67.0	1.33	52.63	0.9938	0.0949	-51.3
YML129C	202	436.3	52.14	70.5	3.33	48.81	1.0	0.1285	-45.48
YML130C	1044	843.4	47.94	26.5	2.85	45.09	0.9789	0.078	-42.24
YML131W	545	563.9	46.97	18.0	3.37	43.6	0.9817	0.097	-40.23
YML132W	118	505.2	80.28	78.5	30.21	50.07	0.9661	0.1746	-19.86
YML133C	21	643.0	37.9	14.0	3.76	34.14	0.9524	0.0672	-30.38
YML133W-B	5	342.4	60.4	76.0	0.8	59.6	1.0	0.1718	-58.8
YMR001C	59	705.5	45.39	17.0	2.15	43.24	0.9831	0.0896	-41.08
YMR001C-A	10	363.1	43.2	44.0	1.9	41.3	1.0	0.1145	-39.4
YMR002W	258	555.7	47.78	42.5	2.36	45.42	0.9884	0.0974	-43.07
YMR003W	268	575.4	49.56	65.5	2.35	47.21	0.9963	0.0935	-44.86
YMR004W	150	612.8	45.43	18.0	1.46	43.97	1.0	0.1018	-42.51
YMR005W	187	507.8	48.39	64.0	2.78	45.6	0.9947	0.1081	-42.82
YMR006C	221	737.8	48.53	51.0	3.81	44.73	0.991	0.0949	-40.92
YMR007W	115	512.4	48.92	64.0	2.14	46.78	0.9913	0.1035	-44.64
YMR008C	260	1143.6	47.07	37.0	2.59	44.48	0.9885	0.0646	-41.89
YMR008C-A	20	385.9	40.2	14.0	1.95	38.25	1.0	0.113	-36.3
YMR009W	213	599.1	43.32	15.0	2.54	40.77	0.9812	0.0826	-38.23
YMR010W	317	536.7	42.05	18.0	2.75	39.3	0.9842	0.0949	-36.55
YMR011W	1004	827.5	55.04	72.0	2.88	52.16	0.998	0.0951	-49.29
YMR012W	482	940.2	50.02	61.0	2.64	47.38	0.9917	0.0813	-44.74
YMR013C	402	462.7	45.66	25.5	2.26	43.4	0.99	0.1228	-41.14
YMR013C-A	57	263.2	39.4	14.0	1.46	37.95	0.9825	0.1459	-36.49
YMR013W-A	258	248.1	50.36	69.5	2.86	47.5	0.9922	0.2004	-44.64
YMR014W	219	315.8	42.45	13.0	2.57	39.88	0.9954	0.1446	-37.31
YMR015C	274	837.6	42.65	17.0	2.94	39.71	0.9891	0.0765	-36.77
YMR016C	82	578.4	43.5	14.5	6.04	37.46	0.9878	0.1068	-31.43
YMR017W	9	733.1	175.22	17.0	127.56	47.67	1.0	0.1487	79.89
YMR018W	39	370.2	42.26	14.0	1.59	40.67	1.0	0.117	-39.08
YMR019W	69	732.9	50.65	70.0	1.12	49.54	1.0	0.1133	-48.42
YMR020W	196	724.9	48.47	67.0	2.09	46.39	0.9898	0.0889	-44.3
YMR021C	258	539.3	47.0	58.5	2.14	44.86	0.9535	0.0949	-42.71
YMR022W	185	510.0	43.48	22.0	2.89	40.59	0.9784	0.0916	-37.71
YMR023C	190	542.8	36.95	11.0	1.95	34.99	0.9737	0.0751	-33.04
YMR024W	72	597.8	52.14	59.5	2.44	49.69	0.9861	0.1077	-47.25
YMR025W	90	497.9	50.74	69.5	1.92	48.82	1.0	0.1185	-46.9
YMR026C	42	782.7	38.74	12.0	1.57	37.17	1.0	0.0641	-35.6
YMR027W	187	886.6	52.61	16.0	5.24	47.37	0.9626	0.0786	-42.13
YMR028W	174	537.2	54.34	67.5	4.97	49.37	0.9943	0.1142	-44.4
YMR029C	111	797.1	48.38	23.0	2.76	45.62	0.991	0.0786	-42.86
YMR030W	60	565.3	50.35	49.5	2.95	47.4	0.9833	0.1074	-44.45
YMR030W-A	15	575.7	66.87	74.0	8.6	58.27	0.9333	0.122	-49.67
YMR031C	68	644.4	43.9	13.0	1.41	42.49	0.9853	0.0812	-41.07
YMR032W	20	640.5	53.7	63.5	8.7	45.0	1.0	0.1385	-36.3
YMR033W	145	800.1	60.1	70.0	13.13	46.97	1.0	0.0894	-33.83
YMR034C	129	572.7	47.33	14.0	4.4	42.92	1.0	0.0983	-38.52
YMR035W	72	546.8	44.76	18.0	1.07	43.69	1.0	0.087	-42.62
YMR036C	112	552.7	44.22	18.0	1.95	42.28	0.9911	0.0972	-40.33
YMR037C	88	735.5	57.26	71.0	8.45	48.81	0.9886	0.0974	-40.35
YMR038C	616	628.8	43.7	15.0	2.42	41.28	0.9968	0.0772	-38.86
YMR039C	180	575.5	45.88	17.0	2.41	43.47	0.9722	0.0945	-41.07
YMR040W	77	498.8	56.92	76.0	4.79	52.13	1.0	0.112	-47.34
YMR041C	103	652.8	51.24	69.0	2.97	48.27	0.9903	0.0906	-45.3
YMR042W	62	547.7	62.5	75.5	4.48	58.02	1.0	0.139	-53.53
YMR043W	134	844.2	55.54	71.5	3.3	52.24	0.9925	0.083	-48.94
YMR044W	968	578.0	45.3	20.5	2.9	42.4	0.9876	0.0784	-39.49
YMR045C	2521	1146.7	51.87	66.0	3.13	48.74	0.9837	0.0566	-45.62
YMR046C	86	632.6	45.69	64.0	2.01	43.67	0.9884	0.1053	-41.66
YMR046W-A	52	376.5	55.69	67.5	4.77	50.92	1.0	0.1648	-46.15
YMR047C	100	688.0	52.22	72.5	2.38	49.84	0.95	0.1102	-47.46
YMR048W	152	451.8	40.55	13.0	2.07	38.49	0.9671	0.1	-36.42
YMR049C	217	884.5	56.38	13.0	5.11	51.28	0.9862	0.0906	-46.17
YMR050C	1051	844.0	55.57	64.0	4.59	50.98	0.9886	0.0816	-46.39
YMR051C	90	624.5	53.82	72.5	1.57	52.26	1.0	0.105	-50.69
YMR052C-A	41	504.8	32.34	10.0	1.32	31.02	0.9268	0.0893	-29.71
YMR052W	35	474.3	45.34	15.0	4.66	40.69	1.0	0.1182	-36.03
YMR053C	53	576.7	34.0	9.0	1.89	32.11	0.9623	0.0785	-30.23
YMR054W	116	810.2	54.33	69.5	2.67	51.66	0.9914	0.0935	-48.98
YMR055C	90	556.1	43.33	16.0	2.96	40.38	1.0	0.0892	-37.42
YMR056C	15	698.5	47.0	14.0	0.53	46.47	1.0	0.0592	-45.93
YMR058W	112	751.8	43.56	22.5	2.39	41.17	1.0	0.0797	-38.78
YMR059W	99	495.2	42.03	18.0	5.38	36.65	0.9798	0.0932	-31.26
YMR060C	138	569.0	50.17	70.5	1.51	48.67	0.9928	0.1035	-47.16
YMR061W	334	753.4	51.78	61.5	3.65	48.13	0.979	0.0924	-44.48
YMR062C	423	908.1	51.56	70.0	1.82	49.74	0.9882	0.0741	-47.93
YMR063W	8	305.8	41.25	40.5	1.38	39.88	1.0	0.1335	-38.5
YMR064W	74	835.5	49.61	18.5	6.86	42.74	0.9865	0.0724	-35.88
YMR065W	86	614.5	56.48	73.5	3.59	52.88	0.9884	0.1113	-49.29
YMR066W	90	647.2	50.76	21.5	3.68	47.08	0.9889	0.0996	-43.4
YMR067C	76	630.0	45.28	22.5	2.61	42.67	0.9868	0.094	-40.07
YMR068W	11	604.0	52.82	72.0	1.64	51.18	1.0	0.1608	-49.55
YMR069W	35	521.4	42.83	12.0	4.09	38.74	0.9714	0.102	-34.66
YMR070W	179	639.2	57.15	75.0	3.27	53.88	1.0	0.1034	-50.61
YMR071C	315	574.9	47.06	21.0	2.35	44.71	1.0	0.0894	-42.36
YMR072W	345	575.2	48.59	25.0	2.03	46.57	0.9971	0.0919	-44.54
YMR073C	560	526.0	49.96	60.5	2.12	47.84	0.9929	0.0978	-45.73
YMR074C	369	485.0	43.52	18.0	1.96	41.56	0.9946	0.0936	-39.59
YMR075C-A	37	579.1	36.54	10.0	1.27	35.27	1.0	0.0694	-34.0
YMR075W	167	575.0	46.76	27.0	2.1	44.66	0.994	0.0929	-42.56
YMR076C	56	542.6	60.96	64.5	12.27	48.7	1.0	0.1253	-36.43
YMR077C	156	618.9	45.44	13.0	2.25	43.19	0.9936	0.0782	-40.94
YMR078C	43	911.5	49.63	22.0	2.91	46.72	0.9767	0.0669	-43.81
YMR079W	385	692.3	54.2	60.0	10.09	44.11	0.9766	0.09	-34.02
YMR080C	446	690.0	49.76	69.0	2.44	47.31	0.9709	0.0948	-44.87
YMR081C	84	675.2	54.38	71.5	3.1	51.29	1.0	0.0977	-48.19
YMR082C	37	525.1	71.65	44.0	1.92	69.73	1.0	0.124	-67.81
YMR083W	767	783.7	49.05	56.0	2.59	46.46	0.9857	0.0744	-43.86
YMR084W	144	287.2	35.93	10.5	1.31	34.62	0.9861	0.1213	-33.31
YMR085W	121	1016.9	51.32	66.0	2.36	48.96	0.9917	0.0659	-46.6
YMR086C-A	44	531.7	38.27	12.0	3.02	35.25	1.0	0.0835	-32.23
YMR086W	94	705.4	42.84	16.0	2.93	39.91	1.0	0.0905	-36.99
YMR087W	160	501.6	47.06	42.5	2.69	44.36	0.9875	0.1106	-41.67
YMR088C	225	697.3	50.83	68.0	2.28	48.55	1.0	0.1007	-46.28
YMR089C	114	703.8	51.25	67.5	1.89	49.35	1.0	0.1079	-47.46
YMR090W	171	556.1	41.25	14.0	2.5	38.75	0.9942	0.0754	-36.25
YMR091C	298	625.3	45.84	17.0	3.19	42.65	0.9832	0.0844	-39.46
YMR092C	229	992.9	51.07	47.0	4.79	46.28	0.9825	0.0699	-41.48
YMR093W	81	854.4	49.05	37.0	3.6	45.44	0.9877	0.0747	-41.84
YMR094W	81	557.1	42.74	17.0	2.35	40.4	0.9877	0.085	-38.05
YMR095C	11	608.5	44.27	13.0	5.64	38.64	1.0	0.0848	-33.0
YMR096W	69	644.0	49.7	67.0	1.62	48.07	1.0	0.0968	-46.45
YMR097C	91	563.7	41.69	15.0	2.69	39.0	0.989	0.0887	-36.31
YMR098C	97	848.1	55.56	72.0	1.82	53.73	0.9897	0.0878	-51.91
YMR099C	486	631.0	49.17	68.0	2.24	46.94	0.9938	0.0972	-44.7
YMR100W	53	904.9	49.55	59.0	3.36	46.19	1.0	0.0849	-42.83
YMR101C	93	439.4	53.66	66.0	2.72	50.94	1.0	0.1335	-48.22
YMR102C	180	802.4	44.17	20.0	2.78	41.38	0.9722	0.0825	-38.6
YMR103C	59	590.5	54.97	75.0	3.56	51.41	1.0	0.1171	-47.85
YMR104C	189	699.0	49.62	63.0	3.23	46.4	0.9947	0.1126	-43.17
YMR105C	153	835.0	50.33	67.0	1.95	48.38	0.9804	0.087	-46.43
YMR105W-A	6	622.5	19.5	8.0	0.67	18.83	1.0	0.0349	-18.17
YMR106C	93	399.7	99.25	78.0	6.51	92.74	0.9892	0.2681	-86.24
YMR107W	76	337.9	48.95	60.5	4.37	44.58	1.0	0.153	-40.21
YMR108W	1489	995.5	50.56	66.0	2.55	48.01	0.9812	0.0796	-45.46
YMR109W	729	469.5	45.5	24.0	2.82	42.67	0.9835	0.1134	-39.85
YMR110C	193	939.4	52.63	68.0	2.01	50.62	0.9948	0.0782	-48.61
YMR111C	113	551.0	46.46	64.0	1.86	44.6	1.0	0.1004	-42.74
YMR112C	127	402.5	47.46	57.0	4.95	42.5	1.0	0.1253	-37.55
YMR113W	83	676.8	45.87	23.0	2.29	43.58	0.988	0.0969	-41.29
YMR114C	46	489.8	39.76	9.5	3.0	36.76	0.9348	0.0813	-33.76
YMR115W	3187	456.3	67.66	69.0	24.32	43.34	0.9937	0.1375	-19.03
YMR116C	10727	895.7	58.07	70.0	8.64	49.43	0.9912	0.077	-40.79
YMR117C	34	420.2	46.91	9.0	2.03	44.88	0.8529	0.0896	-42.85
YMR118C	39	692.0	49.28	70.0	1.08	48.21	1.0	0.1054	-47.13
YMR119W	124	623.5	57.77	61.0	10.76	47.01	0.9839	0.1351	-36.25
YMR119W-A	61	536.2	37.77	10.0	3.33	34.44	1.0	0.0832	-31.11
YMR120C	92	497.2	44.13	16.0	2.92	41.21	0.9891	0.1032	-38.28
YMR121C	90	573.0	45.17	17.5	1.98	43.19	1.0	0.0862	-41.21
YMR122C	1155	470.1	53.7	71.0	2.41	51.29	0.9939	0.12	-48.88
YMR122W-A	1060	467.1	51.56	70.0	2.41	49.15	0.9943	0.1148	-46.74
YMR123W	130	399.7	42.02	13.0	1.96	40.06	0.9923	0.1019	-38.1
YMR124W	218	569.7	43.17	17.0	2.16	41.0	0.9954	0.0914	-38.84
YMR125W	448	830.2	46.17	17.0	5.83	40.34	0.9576	0.0752	-34.51
YMR126C	242	521.9	48.18	49.0	2.62	45.56	0.9669	0.0973	-42.95
YMR127C	107	776.6	49.59	59.0	2.55	47.04	0.9907	0.0755	-44.49
YMR128W	79	993.2	38.29	8.0	1.66	36.63	0.962	0.0473	-34.97
YMR129W	171	713.9	46.74	63.0	2.26	44.49	0.9825	0.0938	-42.23
YMR130W	408	566.9	49.35	65.5	3.96	45.39	0.9926	0.1039	-41.43
YMR131C	540	822.7	47.43	39.5	3.8	43.64	0.9889	0.0775	-39.84
YMR132C	78	623.3	45.73	21.5	1.51	44.22	1.0	0.0791	-42.71
YMR133W	19	699.4	75.58	71.0	0.68	74.89	1.0	0.1019	-74.21
YMR134W	64	561.1	58.0	73.0	2.52	55.48	0.9844	0.1234	-52.97
YMR135C	96	796.6	53.73	72.5	1.59	52.14	0.9896	0.0852	-50.54
YMR136W	63	687.0	43.67	17.0	3.02	40.65	1.0	0.0929	-37.63
YMR137C	73	576.5	45.63	20.0	2.59	43.04	0.9863	0.0928	-40.45
YMR138W	20	528.5	38.15	11.0	1.6	36.55	1.0	0.0739	-34.95
YMR139W	88	801.2	51.27	66.0	2.94	48.33	1.0	0.0859	-45.39
YMR140W	89	807.7	54.11	75.0	3.01	51.1	0.9775	0.0942	-48.09
YMR141C	1445	600.7	39.24	16.0	6.77	32.47	0.9765	0.0683	-25.7
YMR141W-A	1552	597.1	42.78	17.0	6.78	36.0	0.9813	0.0749	-29.22
YMR142C	1492	600.6	41.43	16.0	6.92	34.51	0.9799	0.0703	-27.59
YMR143W	6274	513.3	71.37	53.0	32.22	39.15	0.9939	0.1342	-6.93
YMR144W	6588	507.2	68.31	52.0	30.53	37.78	0.9923	0.1303	-7.26
YMR145C	548	843.6	46.26	23.0	2.32	43.93	0.9872	0.0852	-41.61
YMR146C	1077	655.4	44.02	17.0	2.09	41.93	0.9954	0.0881	-39.85
YMR147W	31	683.5	62.16	71.0	6.68	55.48	1.0	0.115	-48.81
YMR148W	28	572.6	100.18	85.0	11.07	89.11	1.0	0.1515	-78.04
YMR149W	217	640.8	50.62	27.0	3.86	46.76	0.9908	0.0929	-42.91
YMR150C	174	603.6	59.18	76.0	3.33	55.85	0.9943	0.1126	-52.52
YMR151W	111	461.1	49.33	53.0	3.66	45.68	1.0	0.1171	-42.02
YMR152W	93	780.3	46.4	32.0	3.65	42.75	1.0	0.0807	-39.11
YMR153C-A	34	661.2	56.97	14.5	22.32	34.65	1.0	0.0852	-12.32
YMR153W	95	751.2	44.66	19.0	1.97	42.69	1.0	0.0727	-40.73
YMR154C	63	721.8	47.71	30.0	2.52	45.19	1.0	0.0879	-42.67
YMR155W	51	880.3	67.35	76.0	2.65	64.71	1.0	0.1026	-62.06
YMR156C	78	547.9	50.05	56.0	6.58	43.47	0.9744	0.1038	-36.9
YMR157C	139	544.5	51.12	66.0	3.34	47.78	1.0	0.1095	-44.44
YMR158C-A	123	596.7	55.56	66.0	11.6	43.96	0.9919	0.0917	-32.36
YMR158W	156	527.5	56.85	70.5	5.08	51.76	0.9808	0.1143	-46.68
YMR158W-B	12	871.5	140.58	79.0	0.83	139.75	1.0	0.1217	-138.92
YMR159C	9	504.9	55.0	76.0	2.33	52.67	1.0	0.113	-50.33
YMR160W	50	665.1	63.82	70.0	2.24	61.58	0.98	0.1182	-59.34
YMR161W	401	725.6	47.06	44.0	1.77	45.29	0.995	0.0764	-43.52
YMR162C	256	521.4	45.47	20.5	3.92	41.55	0.9883	0.0994	-37.63
YMR163C	36	523.9	44.14	15.5	5.56	38.58	1.0	0.1049	-33.03
YMR164C	66	654.2	50.7	26.5	10.44	40.26	1.0	0.0918	-29.82
YMR165C	86	729.6	42.77	18.0	2.08	40.69	1.0	0.0846	-38.6
YMR166C	45	797.2	43.0	17.0	1.64	41.36	1.0	0.0617	-39.71
YMR167W	51	735.5	35.02	8.0	2.75	32.27	0.9412	0.0531	-29.53
YMR168C	65	682.5	48.83	68.0	3.14	45.69	0.9846	0.0966	-42.55
YMR169C	40	605.9	48.72	50.0	1.55	47.18	0.975	0.1166	-45.62
YMR170C	69	672.5	41.12	16.0	4.97	36.14	0.9855	0.0889	-31.17
YMR171C	53	554.3	43.42	17.0	1.6	41.81	0.9811	0.0975	-40.21
YMR172C-A	8	413.4	36.62	9.5	2.75	33.88	1.0	0.0865	-31.12
YMR172W	19	444.9	49.63	68.0	1.79	47.84	0.9474	0.1239	-46.05
YMR173W	263	882.8	50.75	67.0	2.54	48.21	0.9886	0.0818	-45.67
YMR173W-A	297	913.5	52.72	70.0	2.38	50.34	0.9731	0.083	-47.96
YMR174C	133	458.4	44.88	25.0	2.44	42.44	0.9774	0.1089	-39.99
YMR175W	12	361.4	24.5	9.0	1.67	22.83	1.0	0.0727	-21.17
YMR175W-A	7	367.0	21.71	7.0	3.57	18.14	1.0	0.0577	-14.57
YMR176W	72	765.6	42.86	13.0	4.28	38.58	0.9861	0.0793	-34.31
YMR177W	81	825.2	55.37	73.0	3.79	51.58	1.0	0.0923	-47.79
YMR178W	264	702.6	46.9	24.0	1.44	45.46	0.9924	0.0754	-44.02
YMR179W	208	443.1	41.03	13.5	2.05	38.99	0.9904	0.1019	-36.94
YMR180C	206	451.9	55.33	73.0	3.14	52.19	1.0	0.1323	-49.06
YMR181C	104	630.8	49.64	66.0	4.56	45.09	1.0	0.0985	-40.53
YMR182C	31	617.6	41.55	9.0	1.58	39.97	1.0	0.0645	-38.39
YMR182W-A	102	400.3	45.28	21.5	3.2	42.09	1.0	0.1159	-38.89
YMR183C	398	684.1	42.32	19.0	2.22	40.11	0.9673	0.0739	-37.89
YMR184W	76	546.0	47.17	64.0	1.68	45.49	0.9737	0.0876	-43.8
YMR185W	221	682.5	44.75	20.0	1.65	43.1	0.9548	0.0829	-41.45
YMR186W	1810	1146.6	45.75	14.0	2.59	43.16	0.9807	0.0532	-40.57
YMR187C	720	523.6	38.97	12.0	4.33	34.64	0.975	0.0821	-30.31
YMR188C	196	748.8	44.57	12.0	1.54	43.03	0.9949	0.0651	-41.49
YMR189W	61	701.9	46.36	66.0	0.87	45.49	0.9836	0.1078	-44.62
YMR190C	45	668.7	63.09	16.0	20.27	42.82	0.9778	0.0961	-22.56
YMR191W	100	829.0	62.41	74.0	2.62	59.79	1.0	0.0892	-57.17
YMR192W	157	546.8	48.16	26.0	2.64	45.52	0.9936	0.1014	-42.87
YMR193C-A	1475	396.7	58.09	37.0	19.04	39.05	0.998	0.1396	-20.01
YMR193W	61	702.5	48.15	14.0	1.79	46.36	1.0	0.0711	-44.57
YMR194C-A	78	353.4	40.41	14.5	3.72	36.69	0.9872	0.1158	-32.97
YMR194C-B	1551	391.6	58.25	37.0	18.97	39.28	0.9968	0.1414	-20.31
YMR194W	1473	393.5	58.52	37.0	18.75	39.77	0.9966	0.141	-21.01
YMR195W	311	543.0	53.8	68.0	2.0	51.8	1.0	0.1012	-49.8
YMR196W	263	537.9	49.74	62.0	3.01	46.73	0.9962	0.1137	-43.72
YMR197C	155	531.1	40.88	14.0	2.17	38.72	0.9935	0.0914	-36.55
YMR198W	38	520.8	42.63	25.0	2.08	40.55	0.9737	0.1029	-38.47
YMR199W	122	667.2	51.02	67.0	3.15	47.88	0.9918	0.1018	-44.73
YMR200W	357	723.6	52.3	66.0	2.72	49.58	0.9916	0.0914	-46.86
YMR201C	218	460.3	52.12	18.0	2.16	49.97	1.0	0.1108	-47.81
YMR202W	596	584.9	46.69	56.5	2.12	44.58	0.9933	0.0928	-42.46
YMR203W	801	684.9	51.07	67.0	2.8	48.27	0.9975	0.0926	-45.47
YMR204C	461	434.8	46.36	57.0	3.78	42.58	0.9935	0.1142	-38.8
YMR205C	794	931.7	48.02	62.5	2.44	45.58	0.9899	0.0765	-43.13
YMR206W	26	487.7	50.69	50.0	5.0	45.69	1.0	0.1344	-40.69
YMR207C	48	728.0	49.98	71.5	3.62	46.35	1.0	0.1131	-42.73
YMR208W	212	812.8	49.71	66.0	2.61	47.1	0.9764	0.0794	-44.49
YMR209C	174	571.1	54.11	70.0	4.21	49.91	0.9943	0.118	-45.7
YMR210W	85	793.0	45.99	22.0	2.8	43.19	1.0	0.0734	-40.39
YMR211W	202	580.5	45.16	21.0	2.55	42.6	0.995	0.0929	-40.05
YMR212C	247	956.9	50.16	65.0	3.94	46.22	1.0	0.0777	-42.29
YMR213W	22	589.3	51.05	40.0	12.5	38.55	1.0	0.1208	-26.05
YMR214W	54	552.7	31.57	8.0	1.26	30.31	0.963	0.085	-29.06
YMR215W	142	724.2	48.08	69.0	2.16	45.92	0.9859	0.0887	-43.76
YMR216C	90	657.6	44.89	28.0	2.14	42.74	1.0	0.0933	-40.6
YMR217W	883	938.4	44.77	13.0	2.57	42.21	0.9807	0.0686	-39.64
YMR218C	598	531.6	47.52	38.5	2.4	45.12	0.995	0.108	-42.73
YMR219W	46	825.1	44.0	17.5	4.72	39.28	0.9783	0.0843	-34.57
YMR220W	269	774.6	49.3	63.0	1.75	47.55	0.9888	0.0885	-45.8
YMR221C	229	618.1	55.97	70.0	2.56	53.41	0.9956	0.1113	-50.86
YMR222C	48	551.9	54.17	73.0	2.23	51.94	1.0	0.1134	-49.71
YMR223W	147	911.9	56.44	69.0	2.52	53.92	0.9932	0.0873	-51.4
YMR224C	135	495.4	57.19	68.0	14.53	42.66	1.0	0.1293	-28.13
YMR225C	242	559.2	51.05	40.0	9.99	41.06	0.9917	0.1057	-31.07
YMR226C	389	645.8	47.8	18.0	4.81	42.99	1.0	0.0875	-38.18
YMR227C	130	838.5	114.18	95.0	1.38	112.8	1.0	0.1384	-111.42
YMR228W	395	508.8	45.09	17.0	3.4	41.69	0.9899	0.1025	-38.29
YMR229C	689	948.8	45.56	17.0	2.14	43.42	0.9956	0.0773	-41.28
YMR230W	3826	439.9	98.66	86.0	60.68	37.97	0.9971	0.2159	22.71
YMR230W-A	3867	440.5	100.91	88.0	61.74	39.17	0.9979	0.2208	22.57
YMR231W	3841	444.9	97.14	86.0	60.56	36.57	0.9951	0.2133	23.99
YMR232W	61	595.6	53.66	27.0	2.13	51.52	0.9836	0.0939	-49.39
YMR233W	145	701.0	50.38	66.0	2.38	48.0	0.9724	0.0778	-45.62
YMR234W	276	454.6	44.12	15.5	3.2	40.92	0.9855	0.1104	-37.72
YMR235C	274	518.4	40.02	14.5	2.36	37.66	0.9818	0.0928	-35.29
YMR236W	45	457.8	36.8	8.0	1.02	35.78	0.9778	0.0835	-34.76
YMR237W	254	824.0	43.07	14.5	1.74	41.33	0.9843	0.072	-39.58
YMR238W	444	728.0	81.24	73.0	18.21	63.03	0.9865	0.148	-44.82
YMR239C	255	606.1	158.93	94.0	41.27	117.66	0.9922	0.2734	-76.4
YMR240C	22	495.9	31.59	10.5	1.73	29.86	1.0	0.0856	-28.14
YMR241W	2554	572.3	51.49	29.0	8.57	42.92	0.9965	0.0955	-34.34
YMR242C	2470	527.7	50.96	30.0	8.69	42.28	0.9976	0.1019	-33.59
YMR242W-A	338	560.6	150.73	181.0	9.7	141.03	0.9911	0.2513	-131.33
YMR243C	206	920.0	49.09	61.5	3.77	45.32	0.9709	0.0727	-41.55
YMR244C-A	103	404.0	35.56	10.0	1.84	33.72	0.9903	0.0941	-31.87
YMR244W	60	462.5	41.8	25.5	3.25	38.55	0.9833	0.1045	-35.3
YMR245W	73	436.8	45.15	20.0	2.21	42.95	1.0	0.1071	-40.74
YMR246W	806	835.1	57.12	43.5	12.4	44.72	0.9926	0.0927	-32.32
YMR247C	333	573.0	48.9	60.0	2.38	46.52	0.979	0.111	-44.14
YMR247W-A	20	623.4	66.65	78.5	15.95	50.7	1.0	0.1419	-34.75
YMR250W	91	879.8	39.87	14.0	1.43	38.44	0.989	0.0657	-37.01
YMR251W	63	404.1	42.0	15.0	2.65	39.35	0.9841	0.1197	-36.7
YMR251W-A	6075	476.9	48.32	61.0	2.9	45.42	0.9929	0.0995	-42.51
YMR252C	5855	478.9	48.79	62.0	2.91	45.87	0.9939	0.0991	-42.96
YMR253C	350	300.1	51.66	66.0	4.07	47.59	0.9943	0.186	-43.53
YMR254C	78	442.6	38.6	13.5	2.78	35.82	0.9744	0.1038	-33.04
YMR255W	621	405.0	47.87	61.0	2.35	45.52	0.9919	0.1134	-43.17
YMR256C	552	401.3	50.29	68.0	1.76	48.52	0.9982	0.1235	-46.76
YMR257C	624	418.6	49.66	66.5	2.13	47.53	0.992	0.1188	-45.39
YMR258C	200	797.4	48.22	62.5	3.3	44.93	0.985	0.0818	-41.64
YMR259C	1087	559.9	42.8	14.0	1.53	41.28	0.9945	0.0836	-39.75
YMR260C	1099	530.2	44.62	15.0	1.7	42.92	0.9909	0.0894	-41.23
YMR261C	1093	619.0	44.75	17.0	1.78	42.97	0.9881	0.0836	-41.19
YMR262W	76	655.2	43.09	25.5	1.46	41.63	1.0	0.0746	-40.17
YMR263W	99	592.8	41.19	20.0	3.99	37.2	1.0	0.0725	-33.21
YMR264W	167	555.0	41.96	12.0	2.53	39.43	0.994	0.0815	-36.89
YMR265C	120	611.4	43.03	13.0	3.32	39.71	1.0	0.088	-36.38
YMR266W	263	1074.7	51.87	67.0	2.34	49.53	0.981	0.0822	-47.19
YMR267W	211	567.7	46.95	24.0	2.49	44.46	0.9953	0.1028	-41.98
YMR268C	64	631.8	39.42	14.5	2.58	36.84	1.0	0.0769	-34.27
YMR269W	57	456.4	39.77	14.0	2.12	37.65	1.0	0.0954	-35.53
YMR270C	126	724.2	44.83	18.0	4.06	40.76	0.9921	0.0755	-36.7
YMR271C	172	491.9	51.17	61.5	5.4	45.77	0.9884	0.1131	-40.37
YMR272C	251	676.9	49.0	67.0	2.21	46.79	0.988	0.0979	-44.58
YMR272W-A	30	844.1	65.3	81.0	1.3	64.0	0.9667	0.0994	-62.7
YMR272W-B	15	657.1	46.47	19.0	2.93	43.53	1.0	0.0701	-40.6
YMR273C	50	772.5	43.82	13.0	4.2	39.62	1.0	0.0697	-35.42
YMR274C	72	513.8	44.44	15.5	3.65	40.79	1.0	0.0963	-37.14
YMR275C	95	939.0	42.0	13.0	2.17	39.83	0.9579	0.0574	-37.66
YMR276W	193	954.4	56.2	76.0	2.4	53.8	0.9948	0.068	-51.4
YMR277W	91	604.8	48.46	66.0	1.55	46.91	1.0	0.1091	-45.36
YMR278W	65	986.8	49.89	71.0	1.94	47.95	0.9846	0.0827	-46.02
YMR279C	38	805.3	61.13	79.0	5.05	56.08	0.9737	0.0921	-51.03
YMR280C	50	809.9	72.46	66.5	18.04	54.42	1.0	0.1047	-36.38
YMR281W	102	599.2	48.07	39.5	1.44	46.63	0.9902	0.0923	-45.19
YMR282C	149	616.4	50.06	18.0	9.38	40.68	0.9866	0.0946	-31.31
YMR283C	66	781.8	43.62	13.0	4.08	39.55	0.9697	0.0856	-35.47
YMR284W	136	1008.1	49.6	68.5	2.32	47.28	0.9926	0.0743	-44.96
YMR285C	200	518.3	46.32	20.0	3.0	43.32	0.98	0.0997	-40.33
YMR286W	121	427.7	39.24	12.0	2.24	37.0	0.9421	0.0856	-34.76
YMR287C	158	546.1	43.42	15.0	2.34	41.08	0.981	0.0957	-38.74
YMR288W	37	1091.1	49.03	61.0	2.08	46.95	0.973	0.0605	-44.86
YMR289W	235	576.8	51.47	67.0	4.5	46.97	0.9872	0.1095	-42.48
YMR290C	312	863.6	47.95	51.5	3.4	44.55	0.9904	0.0816	-41.15
YMR290W-A	8	391.6	22.62	8.5	0.88	21.75	1.0	0.0721	-20.88
YMR291W	124	507.8	57.56	63.0	12.66	44.9	0.9839	0.1209	-32.24
YMR292W	137	445.1	55.39	52.0	12.45	42.94	0.9781	0.1233	-30.5
YMR293C	115	497.7	59.99	74.0	11.3	48.69	0.9913	0.126	-37.38
YMR294W	146	641.3	42.16	15.0	2.16	40.01	0.9795	0.0749	-37.85
YMR294W-A	186	584.4	43.98	18.5	2.91	41.08	0.9677	0.0893	-38.17
YMR295C	253	597.3	46.52	26.0	2.07	44.45	0.9802	0.0895	-42.38
YMR296C	273	1043.6	64.99	80.0	2.1	62.88	0.9963	0.084	-60.78
YMR297W	580	814.7	50.48	66.0	2.01	48.47	0.9897	0.0827	-46.46
YMR298W	373	501.9	51.59	64.0	5.12	46.47	0.992	0.1064	-41.36
YMR299C	300	516.6	45.96	36.0	1.9	44.06	0.9833	0.1008	-42.16
YMR300C	179	995.2	49.94	38.0	2.38	47.56	0.9888	0.0793	-45.18
YMR301C	123	648.2	46.2	28.0	2.44	43.76	0.9919	0.0894	-41.32
YMR302C	119	821.4	51.03	67.0	2.37	48.66	0.9832	0.0886	-46.29
YMR303C	22	481.5	32.86	11.5	0.77	32.09	1.0	0.0736	-31.32
YMR304C-A	460	661.1	58.98	72.0	8.99	49.99	0.9891	0.0992	-41.0
YMR304W	350	521.8	56.81	72.0	5.35	51.45	0.9971	0.125	-46.1
YMR305C	696	932.6	55.71	73.0	3.46	52.25	0.9899	0.0799	-48.78
YMR306C-A	16	596.4	34.19	8.5	1.62	32.56	0.9375	0.0589	-30.94
YMR306W	36	726.7	38.56	19.5	5.33	33.22	0.9444	0.0747	-27.89
YMR307C-A	903	937.0	52.22	67.0	3.24	48.98	0.99	0.0863	-45.74
YMR307W	1197	863.6	50.8	67.0	3.41	47.39	0.9908	0.087	-43.98
YMR308C	1027	629.2	52.05	67.0	4.9	47.15	0.9922	0.1165	-42.25
YMR309C	700	995.8	55.95	74.0	3.67	52.28	0.9843	0.0806	-48.62
YMR310C	97	606.0	44.89	24.0	2.22	42.67	0.9897	0.0989	-40.45
YMR311C	52	412.7	36.98	16.0	1.4	35.58	0.9808	0.1029	-34.17
YMR312W	135	525.1	44.95	49.0	1.59	43.36	0.9926	0.1002	-41.76
YMR313C	153	722.6	51.46	62.0	2.71	48.75	0.9804	0.092	-46.04
YMR314W	444	702.9	42.17	13.0	2.45	39.72	0.9842	0.0708	-37.26
YMR315W	440	668.5	46.28	62.0	3.83	42.45	0.9818	0.0876	-38.62
YMR315W-A	115	431.4	41.53	23.0	2.29	39.24	0.9739	0.1073	-36.96
YMR316C-A	350	748.6	47.75	22.0	2.8	44.95	0.9886	0.0791	-42.15
YMR316C-B	21	543.8	34.14	10.0	3.81	30.33	1.0	0.0723	-26.52
YMR316W	375	729.0	47.24	32.0	2.35	44.89	0.9947	0.08	-42.53
YMR317W	255	456.5	45.65	18.0	4.67	40.97	0.9961	0.113	-36.3
YMR318C	603	774.5	46.72	20.0	2.62	44.1	0.99	0.0802	-41.48
YMR319C	307	791.1	55.24	66.0	3.79	51.46	0.9935	0.0876	-47.67
YMR320W	22	451.5	275.77	288.5	222.95	52.82	1.0	0.5878	170.14
YNL001W	285	791.5	48.98	36.0	1.51	47.47	0.9825	0.082	-45.96
YNL002C	513	681.7	39.79	13.0	2.12	37.66	0.9942	0.0741	-35.54
YNL003C	457	493.3	40.8	13.0	2.99	37.81	0.9978	0.0986	-34.81
YNL004W	205	683.7	47.23	16.0	3.56	43.67	0.9951	0.0807	-40.12
YNL005C	514	550.7	51.1	66.0	5.65	45.45	0.9883	0.1098	-39.8
YNL006W	1032	769.2	47.0	26.5	2.55	44.45	0.9913	0.0771	-41.9
YNL007C	2213	781.5	51.01	56.0	2.35	48.66	0.9896	0.0837	-46.3
YNL008C	1300	495.5	52.19	66.5	3.66	48.53	0.9923	0.1181	-44.88
YNL009W	331	458.3	41.84	13.0	2.47	39.37	0.9909	0.1013	-36.9
YNL010W	881	736.1	45.6	17.0	1.75	43.85	0.9932	0.0675	-42.1
YNL011C	135	713.5	46.35	29.0	2.49	43.86	0.9852	0.0775	-41.37
YNL012W	93	573.4	52.01	65.0	4.48	47.53	1.0	0.0993	-43.04
YNL014W	364	430.3	44.69	24.0	1.25	43.44	0.9835	0.1031	-42.19
YNL015W	477	417.2	47.73	31.0	1.39	46.33	0.9853	0.1144	-44.94
YNL016W	572	930.1	49.37	48.0	2.42	46.95	0.9825	0.0713	-44.53
YNL018C	14	533.3	41.07	14.5	4.07	37.0	1.0	0.0935	-32.93
YNL019C	11	727.9	29.64	8.0	2.0	27.64	1.0	0.0636	-25.64
YNL020C	104	715.2	40.76	14.0	2.22	38.54	0.9904	0.0731	-36.32
YNL021W	66	947.4	65.95	73.0	3.73	62.23	1.0	0.1014	-58.5
YNL022C	62	875.9	41.53	14.0	1.52	40.02	0.9839	0.0625	-38.5
YNL023C	133	635.0	48.2	17.0	2.7	45.5	1.0	0.1	-42.8
YNL024C	406	479.3	44.15	19.0	2.12	42.03	0.9975	0.0928	-39.91
YNL024C-A	466	427.8	45.65	29.0	3.09	42.56	0.9871	0.1078	-39.47
YNL025C	285	440.1	45.98	30.0	3.18	42.8	0.9825	0.1171	-39.62
YNL026W	206	614.8	47.5	27.0	3.24	44.26	0.9903	0.094	-41.02
YNL027W	93	710.4	46.11	12.0	6.52	39.59	0.9892	0.0811	-33.08
YNL028W	10	319.8	47.3	40.0	3.3	44.0	1.0	0.1345	-40.7
YNL029C	2675	466.6	40.77	12.0	1.9	38.86	0.9948	0.0878	-36.96
YNL030W	2514	467.0	40.96	12.0	2.12	38.84	0.9952	0.0869	-36.72
YNL031C	2690	528.4	44.97	17.0	2.54	42.44	0.9933	0.0961	-39.9
YNL032W	2863	548.3	44.0	18.0	2.51	41.49	0.9972	0.0927	-38.98
YNL033W	6	583.8	53.0	49.5	2.83	50.17	1.0	0.0841	-47.33
YNL034W	9	677.7	35.11	18.0	5.78	29.33	1.0	0.0684	-23.56
YNL035C	172	602.5	48.83	19.0	4.08	44.75	0.9709	0.1077	-40.67
YNL036W	356	486.8	46.6	37.0	2.08	44.51	0.9663	0.0979	-42.43
YNL037C	308	800.4	49.87	68.0	2.57	47.3	0.9903	0.082	-44.73
YNL038W	207	552.4	44.5	29.0	3.15	41.35	0.9807	0.0939	-38.19
YNL039W	158	608.1	56.51	65.0	2.04	54.46	1.0	0.1038	-52.42
YNL040W	187	891.8	51.7	62.0	4.14	47.56	0.9947	0.0727	-43.41
YNL041C	108	890.0	61.82	72.0	6.69	55.13	0.963	0.0965	-48.44
YNL042W	78	627.6	40.56	11.0	2.14	38.42	0.9872	0.0888	-36.28
YNL042W-B	103	398.0	71.01	62.0	19.62	51.39	0.9903	0.1661	-31.77
YNL043C	251	576.4	67.89	76.0	14.93	52.96	1.0	0.1232	-38.04
YNL044W	267	597.2	69.69	77.0	14.49	55.21	1.0	0.1204	-40.72
YNL045W	251	869.7	58.91	75.0	4.53	54.38	0.988	0.095	-49.86
YNL046W	51	514.4	46.47	52.0	1.82	44.65	1.0	0.1	-42.82
YNL047C	106	604.5	46.29	16.5	3.71	42.58	0.9811	0.1013	-38.88
YNL048W	118	863.7	45.57	16.5	1.12	44.45	1.0	0.0869	-43.33
YNL049C	103	843.0	42.24	14.0	5.61	36.63	0.9903	0.0721	-31.02
YNL050C	128	491.1	42.62	14.0	5.55	37.07	1.0	0.0909	-31.52
YNL051W	331	631.1	53.56	69.0	2.58	50.98	0.994	0.0999	-48.4
YNL052W	288	572.5	55.67	71.5	2.32	53.34	0.9931	0.1119	-51.02
YNL053W	176	664.6	50.91	37.0	1.99	48.92	0.9943	0.0875	-46.93
YNL054W	59	440.5	47.76	53.0	2.0	45.76	1.0	0.1162	-43.76
YNL054W-A	93	536.1	51.59	71.0	3.82	47.77	0.9785	0.1191	-43.96
YNL054W-B	1851	1013.7	50.71	46.0	2.27	48.44	0.9833	0.0643	-46.17
YNL055C	1063	712.2	56.22	73.0	2.41	53.81	0.9934	0.0933	-51.39
YNL056W	764	609.1	62.39	75.0	10.15	52.24	0.9961	0.1153	-42.1
YNL057W	85	742.4	47.28	16.0	2.46	44.82	0.9882	0.074	-42.36
YNL058C	115	701.2	53.11	55.0	5.53	47.58	0.9826	0.091	-42.05
YNL059C	342	492.3	48.67	59.0	2.82	45.85	0.9912	0.1164	-43.04
YNL061W	430	935.7	53.21	65.0	3.33	49.88	0.9837	0.0784	-46.55
YNL062C	118	785.1	51.13	70.5	2.87	48.25	0.9831	0.0919	-45.38
YNL063W	129	572.7	39.96	12.0	2.25	37.71	0.9767	0.0913	-35.47
YNL064C	1264	841.6	48.6	30.0	2.16	46.45	0.9873	0.0743	-44.29
YNL065W	622	452.9	46.45	48.5	3.44	43.01	0.9904	0.1105	-39.57
YNL066W	366	883.9	91.25	81.0	37.05	54.2	0.9973	0.1081	-17.15
YNL067W	2188	676.8	46.59	27.0	2.87	43.72	0.9877	0.0771	-40.85
YNL067W-B	1798	686.6	48.44	32.0	2.83	45.61	0.9861	0.0779	-42.78
YNL068C	63	757.5	42.46	17.0	1.29	41.17	1.0	0.0639	-39.89
YNL069C	2595	558.9	56.23	45.0	12.72	43.51	0.9958	0.109	-30.78
YNL070W	2851	552.1	56.95	54.0	12.43	44.52	0.9968	0.1114	-32.08
YNL071W	848	572.6	54.28	72.0	2.32	51.95	0.9965	0.1259	-49.63
YNL072W	36	556.9	45.69	13.0	1.78	43.92	1.0	0.1003	-42.14
YNL073W	23	744.3	41.87	18.0	1.13	40.74	1.0	0.0972	-39.61
YNL074C	124	697.2	36.37	12.5	3.24	33.13	0.9839	0.0661	-29.89
YNL075W	195	650.7	37.77	10.0	2.51	35.27	0.9487	0.0704	-32.76
YNL076W	124	389.9	39.22	12.0	1.87	37.35	1.0	0.1069	-35.48
YNL077W	329	708.9	45.65	16.0	1.72	43.92	0.9909	0.0854	-42.2
YNL078W	63	670.1	36.56	15.0	2.25	34.3	1.0	0.0786	-32.05
YNL079C	698	573.1	44.37	16.0	2.4	41.97	1.0	0.0884	-39.57
YNL080C	549	452.9	44.3	18.0	2.15	42.15	0.9982	0.1049	-40.01
YNL081C	127	515.5	51.41	69.0	2.86	48.55	0.9921	0.1079	-45.69
YNL082W	181	552.6	50.84	63.0	4.61	46.23	0.989	0.1034	-41.62
YNL083W	58	740.1	41.28	16.0	1.55	39.72	0.9828	0.0765	-38.17
YNL084C	516	755.2	45.9	15.5	3.75	42.16	0.9922	0.0705	-38.41
YNL085W	429	840.8	44.95	20.0	2.52	42.43	0.979	0.0801	-39.9
YNL086W	140	462.3	48.21	47.5	3.56	44.64	1.0	0.1101	-41.08
YNL087W	332	845.8	47.63	20.5	3.05	44.58	0.9759	0.0727	-41.52
YNL088W	158	841.5	47.06	14.5	2.46	44.61	0.9873	0.0717	-42.15
YNL089C	96	605.3	54.47	69.5	4.14	50.33	1.0	0.102	-46.2
YNL090W	102	620.0	40.55	13.0	1.25	39.29	0.9902	0.074	-38.04
YNL091W	87	971.0	62.53	73.0	3.26	59.26	0.9885	0.09	-56.0
YNL092W	22	537.7	35.32	8.0	2.05	33.27	0.9545	0.0659	-31.23
YNL093W	32	493.3	41.81	17.0	1.81	40.0	0.9688	0.0935	-38.19
YNL094W	68	958.8	37.16	10.0	1.22	35.94	0.8824	0.0581	-34.72
YNL095C	34	674.6	54.35	70.0	3.21	51.15	1.0	0.1117	-47.94
YNL096C	3062	550.5	103.31	86.0	64.43	38.88	0.9944	0.1616	25.55
YNL097C	166	239.0	47.39	63.5	1.78	45.61	1.0	0.2112	-43.83
YNL097C-B	13	382.3	53.31	58.0	1.23	52.08	1.0	0.1367	-50.85
YNL097W-A	18	437.2	56.17	22.5	5.33	50.83	1.0	0.1322	-45.5
YNL098C	137	673.8	51.86	27.0	3.96	47.91	0.9927	0.1006	-43.95
YNL099C	278	598.3	51.7	62.0	2.73	48.97	0.9964	0.0991	-46.24
YNL100W	261	578.7	45.42	17.0	3.85	41.57	0.9885	0.091	-37.72
YNL101W	160	729.4	57.85	75.0	2.29	55.56	1.0	0.1154	-53.26
YNL102W	123	690.7	42.63	14.0	1.93	40.7	0.9919	0.0815	-38.76
YNL103W	75	758.2	50.33	51.0	2.23	48.11	1.0	0.102	-45.88
YNL103W-A	27	368.3	48.56	46.0	0.59	47.96	0.8889	0.1391	-47.37
YNL104C	550	1072.0	47.47	21.0	2.86	44.61	0.9855	0.0632	-41.75
YNL105W	218	479.0	46.73	35.5	2.9	43.83	0.9862	0.1123	-40.92
YNL106C	256	532.9	48.17	36.5	2.3	45.86	0.9961	0.0985	-43.56
YNL107W	77	639.0	41.22	13.0	1.53	39.69	0.987	0.0703	-38.16
YNL108C	89	674.1	66.09	72.0	0.87	65.22	1.0	0.1071	-64.36
YNL109W	64	602.5	46.98	15.5	1.22	45.77	0.9844	0.0847	-44.55
YNL110C	655	636.8	42.88	12.0	1.79	41.09	0.9954	0.0749	-39.3
YNL111C	657	482.6	48.54	61.0	2.81	45.73	0.9878	0.106	-42.91
YNL112W	748	712.5	168.13	81.0	28.02	140.11	0.984	0.1884	-112.09
YNL113W	145	495.9	44.46	15.0	4.94	39.52	0.9724	0.0913	-34.57
YNL114C	151	493.5	38.91	11.0	1.78	37.13	0.9934	0.0805	-35.35
YNL115C	72	586.0	40.81	12.0	2.6	38.21	1.0	0.0938	-35.61
YNL116W	83	643.1	46.14	31.0	2.65	43.49	1.0	0.1062	-40.84
YNL117W	17	527.6	51.53	70.0	2.88	48.65	1.0	0.1111	-45.76
YNL118C	187	865.3	54.95	73.0	4.86	50.09	0.984	0.0864	-45.24
YNL119W	132	734.1	54.1	73.0	1.83	52.27	1.0	0.0924	-50.43
YNL120C	9	1195.6	173.0	201.0	1.89	171.11	1.0	0.1587	-169.22
YNL121C	444	738.0	52.22	64.0	1.9	50.31	0.9887	0.0866	-48.41
YNL122C	349	478.4	50.62	69.0	2.46	48.16	1.0	0.1136	-45.7
YNL123W	311	659.2	46.62	30.0	3.15	43.48	0.9936	0.0928	-40.33
YNL124W	109	730.1	43.57	15.0	2.67	40.9	0.9725	0.0864	-38.23
YNL125C	176	816.5	51.11	70.0	1.91	49.2	0.9886	0.0939	-47.29
YNL126W	156	504.5	42.29	13.0	4.46	37.84	1.0	0.0871	-33.38
YNL127W	83	837.7	45.52	49.0	1.4	44.12	1.0	0.0884	-42.72
YNL128W	67	668.0	50.54	62.0	2.46	48.07	1.0	0.0801	-45.61
YNL129W	73	653.4	43.18	11.0	0.89	42.29	0.9863	0.0683	-41.4
YNL130C	475	692.3	60.66	73.0	8.53	52.14	0.9979	0.1041	-43.61
YNL130C-A	76	764.5	42.04	12.0	2.67	39.37	0.9737	0.06	-36.7
YNL131W	495	533.5	48.91	63.0	2.38	46.53	0.9939	0.1034	-44.15
YNL132W	342	827.7	49.76	60.0	2.05	47.71	0.9971	0.08	-45.66
YNL133C	66	489.5	53.23	75.5	1.45	51.77	1.0	0.1112	-50.32
YNL134C	1896	607.9	46.56	26.0	2.11	44.45	0.9958	0.0836	-42.34
YNL135C	1634	497.5	44.76	20.0	2.08	42.68	0.9945	0.0902	-40.59
YNL136W	1609	494.7	45.02	21.0	1.99	43.02	0.9956	0.0903	-41.03
YNL137C	229	617.6	50.36	64.0	4.36	46.0	0.9956	0.0946	-41.64
YNL138W	353	811.8	53.62	70.0	3.34	50.28	1.0	0.092	-46.94
YNL138W-A	38	406.2	40.74	13.5	4.11	36.63	1.0	0.0989	-32.53
YNL139C	206	494.6	50.07	43.0	5.99	44.08	0.9854	0.1149	-38.1
YNL140C	127	404.2	47.51	62.0	2.86	44.65	1.0	0.131	-41.8
YNL141W	316	774.8	49.73	60.0	2.24	47.49	0.9905	0.0843	-45.25
YNL142W	223	886.2	47.99	61.0	1.68	46.3	0.9865	0.0737	-44.62
YNL143C	326	428.7	45.75	26.0	2.93	42.82	0.9816	0.1075	-39.88
YNL144C	40	483.7	59.4	73.0	3.48	55.92	1.0	0.14	-52.45
YNL144W-A	13	503.7	39.31	20.0	0.62	38.69	0.9231	0.0979	-38.08
YNL145W	18	450.8	59.61	83.0	1.44	58.17	1.0	0.1517	-56.72
YNL146C-A	208	445.8	74.49	75.0	33.06	41.42	1.0	0.1593	-8.36
YNL146W	206	441.5	77.04	78.0	37.16	39.88	0.9951	0.1695	-2.73
YNL147W	197	439.5	75.28	76.0	32.27	43.01	0.9898	0.1643	-10.74
YNL148C	350	454.0	61.63	63.0	24.0	37.63	0.9943	0.1335	-13.63
YNL149C	138	464.4	35.13	11.0	1.64	33.49	1.0	0.0774	-31.86
YNL150W	160	457.6	36.46	10.0	2.68	33.79	1.0	0.0797	-31.11
YNL151C	54	293.6	42.8	15.5	2.43	40.37	1.0	0.1399	-37.94
YNL152W	245	556.1	37.27	11.0	1.24	36.03	0.9918	0.0708	-34.79
YNL153C	156	548.4	38.44	10.5	1.45	36.99	0.9744	0.0697	-35.54
YNL154C	444	673.5	41.46	14.0	2.03	39.43	0.982	0.073	-37.39
YNL155W	346	734.6	47.77	48.0	2.1	45.66	0.9913	0.076	-43.56
YNL156C	430	672.4	45.24	27.0	2.4	42.84	0.9977	0.0819	-40.43
YNL157W	285	555.0	42.93	15.0	2.21	40.72	0.9825	0.0875	-38.5
YNL158W	206	522.4	35.02	10.0	2.32	32.71	0.9903	0.0722	-30.39
YNL159C	174	620.3	50.61	62.5	1.72	48.89	0.9943	0.1108	-47.16
YNL160W	429	800.2	58.57	73.0	7.7	50.87	0.9883	0.0955	-43.17
YNL161W	4467	433.6	49.37	26.0	10.34	39.03	0.9991	0.1123	-28.69
YNL162W	4329	425.8	49.85	26.0	10.65	39.21	0.9998	0.1126	-28.56
YNL162W-A	25	538.8	51.04	74.0	2.76	48.28	1.0	0.1107	-45.52
YNL163C	129	770.6	40.62	12.0	1.66	38.96	0.9845	0.0719	-37.3
YNL164C	123	552.3	44.34	20.0	1.79	42.55	0.9837	0.0842	-40.76
YNL165W	82	691.2	47.84	42.5	1.85	45.99	0.9878	0.0875	-44.13
YNL166C	91	631.3	47.57	35.0	2.26	45.31	1.0	0.0885	-43.04
YNL167C	132	779.7	51.01	66.0	1.59	49.42	0.9848	0.0852	-47.83
YNL168C	192	648.8	49.1	65.5	1.83	47.28	0.9896	0.0919	-45.45
YNL169C	129	734.9	44.17	24.0	4.98	39.19	0.9767	0.0805	-34.2
YNL170W	30	508.1	29.37	9.5	1.73	27.63	0.9667	0.0675	-25.9
YNL171C	45	560.5	46.13	13.0	2.49	43.64	1.0	0.1013	-41.16
YNL172W	43	944.6	47.91	44.0	5.58	42.33	1.0	0.0893	-36.74
YNL173C	58	635.6	46.45	16.5	1.67	44.78	1.0	0.0925	-43.1
YNL174W	163	732.4	50.96	20.0	5.06	45.91	0.9877	0.0816	-40.85
YNL175C	168	815.4	50.92	25.0	3.13	47.79	0.994	0.0804	-44.65
YNL176C	168	622.3	53.02	70.5	2.52	50.5	1.0	0.107	-47.98
YNL177C	7868	615.9	41.71	24.0	9.08	32.63	0.9973	0.0758	-23.56
YNL178W	10805	675.1	50.24	23.0	2.43	47.81	0.9957	0.0778	-45.38
YNL179C	26	729.9	113.35	110.0	1.73	111.62	1.0	0.1587	-109.88
YNL180C	168	666.8	46.51	17.0	4.92	41.58	1.0	0.0811	-36.66
YNL181W	149	691.0	50.84	17.0	2.54	48.3	1.0	0.0839	-45.77
YNL182C	184	908.1	47.79	36.0	1.99	45.8	0.9946	0.0704	-43.8
YNL183C	120	776.2	50.71	65.0	3.11	47.6	1.0	0.0821	-44.49
YNL184C	73	437.7	50.58	71.0	3.85	46.73	0.9726	0.1164	-42.88
YNL185C	101	451.9	48.94	18.0	2.49	46.46	1.0	0.1096	-43.97
YNL186W	140	834.4	56.7	75.0	3.41	53.29	0.9929	0.0961	-49.89
YNL187W	21	553.7	43.33	12.0	1.05	42.29	1.0	0.0812	-41.24
YNL188W	224	477.6	43.39	20.5	2.07	41.33	0.9955	0.104	-39.26
YNL189W	394	758.9	49.25	59.0	2.16	47.09	0.9924	0.091	-44.93
YNL190W	615	742.9	50.24	29.0	3.64	46.6	0.9935	0.0812	-42.95
YNL191W	252	443.5	46.75	58.5	2.53	44.23	1.0	0.1159	-41.7
YNL192W	656	1048.8	49.34	63.5	3.04	46.31	0.9954	0.0691	-43.27
YNL193W	51	620.9	37.69	10.0	0.98	36.71	1.0	0.0761	-35.73
YNL194C	17	528.6	22.47	5.0	1.65	20.82	0.9412	0.0547	-19.18
YNL195C	20	413.4	52.35	72.5	6.45	45.9	0.95	0.1295	-39.45
YNL196C	32	508.9	47.78	66.5	2.56	45.22	1.0	0.1049	-42.66
YNL197C	68	872.4	49.07	69.5	2.65	46.43	0.9853	0.0829	-43.78
YNL198C	36	478.8	45.14	60.5	2.25	42.89	0.9722	0.0954	-40.64
YNL199C	79	639.5	42.92	19.0	1.68	41.24	0.962	0.0807	-39.56
YNL200C	105	623.4	44.95	23.0	2.74	42.21	0.9905	0.0844	-39.47
YNL201C	90	967.6	53.43	68.0	2.0	51.43	1.0	0.0758	-49.43
YNL202W	48	565.5	64.96	76.5	6.75	58.21	1.0	0.1281	-51.46
YNL203C	25	504.0	64.88	82.0	4.8	60.08	1.0	0.1305	-55.28
YNL204C	6	565.2	19.33	9.5	1.17	18.17	0.8333	0.0338	-17.0
YNL205C	5	772.6	88.4	75.0	37.6	50.8	1.0	0.1024	-13.2
YNL206C	61	704.8	47.64	27.0	2.31	45.33	0.9508	0.0935	-43.02
YNL207W	373	564.3	42.07	16.0	2.34	39.73	0.9705	0.0871	-37.4
YNL208W	938	428.0	39.58	13.0	2.49	37.08	0.9616	0.0993	-34.59
YNL209W	2181	1117.2	45.03	20.0	2.43	42.61	0.9569	0.0571	-40.18
YNL210W	26	537.5	46.08	39.5	1.73	44.35	0.9615	0.102	-42.62
YNL211C	124	471.7	47.31	46.5	2.95	44.35	0.9919	0.1076	-41.4
YNL212W	172	862.2	46.84	13.5	1.89	44.95	0.9884	0.0701	-43.06
YNL213C	94	572.1	39.91	13.0	2.2	37.71	0.9574	0.0814	-35.51
YNL214W	117	522.8	47.18	29.0	3.03	44.15	1.0	0.1036	-41.13
YNL215W	50	573.8	57.06	51.0	4.34	52.72	1.0	0.0985	-48.38
YNL216W	225	528.9	45.83	23.0	3.25	42.58	1.0	0.1037	-39.33
YNL217W	484	808.5	45.43	15.0	2.04	43.38	0.9938	0.0646	-41.34
YNL218W	32	737.5	46.06	22.5	1.34	44.72	0.9062	0.093	-43.38
YNL219C	247	616.2	50.21	70.0	3.36	46.84	1.0	0.1044	-43.48
YNL220W	417	817.4	47.26	17.0	3.88	43.38	0.9808	0.0825	-39.51
YNL221C	225	570.1	44.11	34.0	2.4	41.71	0.9778	0.0964	-39.3
YNL222W	302	563.0	50.09	68.5	1.68	48.4	0.9834	0.093	-46.72
YNL223W	59	703.0	52.0	45.0	1.75	50.25	0.9661	0.0838	-48.51
YNL224C	71	765.9	41.56	17.0	2.49	39.07	0.9859	0.0579	-36.58
YNL225C	93	686.8	49.71	43.0	2.15	47.56	1.0	0.0916	-45.41
YNL226W	33	605.0	45.58	65.0	3.12	42.45	1.0	0.0817	-39.33
YNL227C	30	565.8	57.4	72.5	2.93	54.47	0.9333	0.1235	-51.53
YNL228W	7	511.0	19.86	8.0	2.14	17.71	1.0	0.0353	-15.57
YNL229C	137	717.5	57.99	76.0	2.39	55.6	0.9854	0.1034	-53.2
YNL230C	78	447.5	46.85	24.5	3.41	43.44	1.0	0.1287	-40.03
YNL231C	387	746.4	47.5	23.0	2.13	45.37	0.9948	0.0795	-43.24
YNL232W	289	612.8	46.18	16.0	2.74	43.44	0.9965	0.086	-40.7
YNL233W	38	743.4	50.18	73.0	1.53	48.66	1.0	0.0996	-47.13
YNL234W	75	679.7	46.73	23.0	2.88	43.85	0.9867	0.0953	-40.97
YNL235C	33	620.4	32.42	9.0	2.48	29.94	1.0	0.0681	-27.45
YNL236W	51	655.8	43.04	15.0	2.82	40.22	1.0	0.086	-37.39
YNL237W	66	496.3	47.62	18.5	4.83	42.79	1.0	0.0997	-37.95
YNL238W	146	697.1	53.29	71.0	2.02	51.27	0.9932	0.1157	-49.25
YNL239W	196	977.4	57.53	74.5	2.65	54.88	0.9949	0.0845	-52.23
YNL240C	61	680.8	45.95	20.0	3.18	42.77	0.9672	0.0855	-39.59
YNL241C	259	1003.2	45.04	16.0	2.57	42.47	0.973	0.0607	-39.91
YNL242W	191	494.6	45.33	16.0	2.45	42.88	1.0	0.1073	-40.44
YNL243W	296	666.1	52.73	38.0	3.21	49.52	0.9899	0.1032	-46.31
YNL244C	1490	470.7	38.99	12.0	1.58	37.41	1.0	0.0812	-35.83
YNL245C	1500	474.9	39.36	13.0	1.75	37.6	0.996	0.0826	-35.85
YNL246W	326	375.1	44.67	17.0	2.65	42.02	1.0	0.1295	-39.38
YNL247W	205	745.8	36.59	10.0	2.29	34.3	0.961	0.0733	-32.01
YNL248C	429	953.6	46.82	17.0	2.22	44.6	0.958	0.0606	-42.38
YNL249C	264	606.7	47.25	52.5	2.44	44.8	0.9697	0.0917	-42.36
YNL250W	72	703.7	43.12	15.5	1.67	41.46	0.9861	0.0825	-39.79
YNL251C	142	615.8	51.27	66.5	2.16	49.11	0.993	0.122	-46.95
YNL252C	107	536.4	48.4	37.0	2.5	45.9	0.9813	0.1025	-43.39
YNL253W	167	781.5	50.18	49.0	4.41	45.77	0.982	0.0809	-41.35
YNL254C	1125	638.9	49.61	51.0	1.69	47.92	0.9787	0.0825	-46.23
YNL255C	1297	632.8	50.97	66.0	1.99	48.98	0.9792	0.0868	-46.99
YNL256W	1577	677.0	52.38	67.0	2.43	49.95	0.9841	0.0826	-47.52
YNL257C	58	811.6	43.84	14.0	2.17	41.67	1.0	0.0838	-39.5
YNL258C	274	595.9	36.94	12.0	1.39	35.55	0.9891	0.0744	-34.15
YNL259C	193	410.3	44.06	16.0	1.51	42.55	0.9845	0.1054	-41.05
YNL260C	262	437.0	42.87	18.5	2.12	40.75	1.0	0.107	-38.63
YNL261W	161	763.9	51.39	68.0	1.81	49.58	0.9876	0.1009	-47.76
YNL262W	56	816.1	41.54	18.5	2.66	38.88	0.9821	0.0793	-36.21
YNL263C	138	806.3	50.96	68.0	2.55	48.41	1.0	0.0832	-45.86
YNL264C	134	628.6	43.43	17.5	1.96	41.48	1.0	0.091	-39.52
YNL265C	115	544.5	53.61	64.0	5.71	47.9	1.0	0.106	-42.18
YNL266W	74	572.2	47.24	34.0	10.88	36.36	0.973	0.0912	-25.49
YNL267W	261	502.2	44.65	19.0	1.97	42.68	0.9962	0.1061	-40.7
YNL268W	363	801.1	46.0	19.0	2.33	43.67	0.9945	0.0819	-41.34
YNL270C	5	292.8	22.2	12.0	1.2	21.0	1.0	0.0693	-19.8
YNL271C	95	764.8	42.93	12.0	2.06	40.86	0.9789	0.081	-38.8
YNL272C	138	505.3	41.61	12.0	1.43	40.18	0.9855	0.0907	-38.75
YNL273W	56	578.6	52.09	74.5	1.34	50.75	0.9643	0.1152	-49.41
YNL274C	108	743.4	54.37	72.0	3.26	51.11	1.0	0.0926	-47.85
YNL275W	110	502.6	36.8	15.0	3.43	33.37	1.0	0.0888	-29.95
YNL276C	34	570.9	53.09	74.0	2.68	50.41	0.9706	0.1165	-47.74
YNL277W	48	695.7	32.46	9.0	1.75	30.71	1.0	0.0722	-28.96
YNL277W-A	14	521.1	45.29	39.5	2.5	42.79	1.0	0.0785	-40.29
YNL278W	26	738.4	54.08	68.5	2.96	51.12	1.0	0.108	-48.15
YNL279W	24	509.8	53.67	77.5	1.75	51.92	1.0	0.1227	-50.17
YNL280C	670	647.3	46.02	20.5	3.3	42.72	0.991	0.0764	-39.43
YNL281W	439	568.7	42.68	13.0	2.64	40.04	0.9932	0.0775	-37.4
YNL282W	429	557.4	39.78	10.0	2.47	37.31	0.9837	0.0733	-34.83
YNL283C	101	807.6	55.34	71.0	6.48	48.86	0.9802	0.1112	-42.39
YNL284C	228	715.1	39.34	11.0	2.24	37.1	0.9825	0.0635	-34.86
YNL284C-A	32	400.8	47.66	51.5	3.28	44.38	1.0	0.1188	-41.09
YNL284C-B	203	501.7	54.57	26.0	4.76	49.81	0.9606	0.1035	-45.05
YNL285W	151	475.4	47.34	37.0	7.45	39.89	0.9868	0.0977	-32.44
YNL286W	279	450.9	39.28	13.0	2.32	36.96	0.9821	0.0913	-34.65
YNL287W	445	1141.8	47.51	23.0	2.15	45.36	0.9798	0.064	-43.21
YNL288W	87	831.3	45.33	19.0	2.34	42.99	0.9885	0.0721	-40.64
YNL289W	217	392.5	34.96	10.0	1.46	33.5	0.9493	0.1058	-32.05
YNL290W	80	773.8	43.1	13.5	1.85	41.25	1.0	0.067	-39.4
YNL291C	113	651.9	50.29	62.0	2.28	48.01	0.9912	0.1073	-45.73
YNL292W	127	539.7	43.72	17.0	2.87	40.84	0.9921	0.1006	-37.97
YNL293W	69	712.2	51.59	65.0	2.1	49.49	1.0	0.0986	-47.39
YNL294C	123	615.0	47.51	62.0	2.58	44.93	0.9919	0.1063	-42.36
YNL295W	112	606.6	50.38	67.5	3.19	47.2	0.9821	0.1103	-44.01
YNL297C	139	803.8	50.43	66.0	2.55	47.88	1.0	0.0897	-45.32
YNL298W	136	667.0	52.96	66.0	5.18	47.79	1.0	0.0932	-42.61
YNL299W	125	551.7	48.65	61.0	4.12	44.53	1.0	0.0917	-40.41
YNL300W	154	546.9	57.11	72.0	5.18	51.94	1.0	0.1118	-46.76
YNL301C	522	623.5	116.02	133.0	78.43	37.59	1.0	0.1709	40.84
YNL302C	1655	478.5	53.51	36.0	14.46	39.05	0.997	0.1112	-24.6
YNL303W	1373	499.4	57.24	40.0	15.13	42.11	0.9956	0.1157	-26.98
YNL304W	1475	505.7	58.27	40.0	15.64	42.63	0.9953	0.1148	-26.99
YNL305C	150	632.3	49.84	47.5	1.63	48.21	1.0	0.0943	-46.59
YNL306W	127	642.4	48.22	21.0	2.28	45.94	0.9921	0.0863	-43.65
YNL307C	153	888.7	56.42	74.0	1.89	54.54	0.9935	0.1004	-52.65
YNL308C	128	446.2	46.94	57.0	3.82	43.12	0.9688	0.1242	-39.3
YNL309W	82	439.5	45.82	63.0	2.77	43.05	0.9878	0.1281	-40.28
YNL310C	19	541.9	34.63	10.0	1.89	32.74	1.0	0.0728	-30.84
YNL311C	175	742.5	51.1	43.0	9.23	41.87	1.0	0.0837	-32.65
YNL312W	135	615.7	52.06	42.0	9.59	42.47	0.9852	0.0975	-32.89
YNL313C	65	904.0	39.69	11.0	4.35	35.34	0.9846	0.0631	-30.98
YNL314W	46	498.1	55.65	69.5	8.7	46.96	0.9783	0.1303	-38.26
YNL315C	109	651.9	39.43	10.0	1.02	38.41	0.9633	0.0717	-37.39
YNL316C	122	491.6	37.32	10.0	1.46	35.86	1.0	0.0846	-34.4
YNL317W	60	739.1	49.42	39.5	5.83	43.58	1.0	0.0852	-37.75
YNL318C	30	634.2	57.87	62.5	21.6	36.27	1.0	0.0939	-14.67
YNL319W	27	520.7	36.22	10.0	1.59	34.63	1.0	0.0766	-33.04
YNL320W	56	555.2	54.77	62.0	5.38	49.39	0.9821	0.1028	-44.02
YNL321W	42	752.2	56.93	75.0	1.0	55.93	0.9762	0.1067	-54.93
YNL322C	202	633.5	40.73	12.0	2.53	38.2	0.9554	0.0803	-35.67
YNL323W	206	805.5	49.77	38.0	6.47	43.3	0.9806	0.0779	-36.83
YNL324W	7	484.6	32.43	16.0	0.0	32.43	1.0	0.0761	-32.43
YNL325C	53	825.2	49.55	59.0	1.7	47.85	1.0	0.0868	-46.15
YNL326C	172	509.0	50.57	66.0	4.05	46.52	1.0	0.1199	-42.47
YNL327W	226	935.5	49.73	58.5	3.38	46.35	0.9823	0.088	-42.97
YNL328C	7	364.0	43.43	31.0	0.43	43.0	1.0	0.1486	-42.57
YNL329C	25	649.8	49.56	70.0	1.24	48.32	1.0	0.0929	-47.08
YNL330C	96	725.3	45.67	21.5	2.26	43.41	1.0	0.0708	-41.15
YNL331C	66	526.8	40.59	14.5	3.26	37.33	1.0	0.0882	-34.08
YNL332W	36	450.8	44.5	8.0	3.5	41.0	1.0	0.1059	-37.5
YNL333W	26	652.5	52.85	18.0	2.96	49.88	1.0	0.0805	-46.92
YNL334C	14	567.8	30.64	6.5	1.71	28.93	0.9286	0.0531	-27.21
YNL335W	45	577.7	77.69	82.0	3.89	73.8	1.0	0.166	-69.91
YNL336W	241	753.3	51.85	70.0	1.67	50.18	0.9959	0.0899	-48.51
YNL339C	20	557.3	35.75	13.0	3.85	31.9	1.0	0.0685	-28.05
YNL339W-B	22	458.9	29.59	14.5	1.09	28.5	0.9091	0.0882	-27.41
YNR001C	467	806.7	49.68	42.0	2.58	47.1	0.9893	0.0917	-44.51
YNR001W-A	20	284.2	32.1	8.5	7.85	24.25	1.0	0.1144	-16.4
YNR002C	77	409.5	41.0	14.0	1.44	39.56	1.0	0.107	-38.12
YNR003C	120	657.7	46.07	26.0	2.35	43.72	0.9917	0.0892	-41.37
YNR003W-A	87	674.2	39.74	10.0	2.71	37.02	0.9655	0.0712	-34.31
YNR004W	49	526.6	54.02	74.0	2.86	51.16	0.9796	0.1219	-48.31
YNR005C	21	684.5	65.67	71.0	2.1	63.57	0.9048	0.1047	-61.48
YNR006W	113	746.5	50.37	46.0	3.83	46.54	1.0	0.0924	-42.71
YNR007C	90	572.9	39.1	10.0	5.31	33.79	0.9556	0.0891	-28.48
YNR008W	43	897.1	48.7	61.0	3.51	45.19	0.9767	0.0912	-41.67
YNR009W	91	476.5	40.66	11.0	2.74	37.92	0.978	0.091	-35.19
YNR010W	73	441.1	49.1	65.0	1.74	47.36	1.0	0.1198	-45.62
YNR011C	83	451.1	50.81	69.0	2.61	48.19	1.0	0.1283	-45.58
YNR012W	162	670.5	48.22	36.0	3.39	44.83	0.9753	0.0936	-41.44
YNR013C	170	709.7	49.71	46.5	5.87	43.84	0.9824	0.0908	-37.96
YNR014W	27	496.6	49.52	49.0	3.56	45.96	1.0	0.1082	-42.41
YNR015W	561	469.8	46.05	22.0	2.28	43.77	0.9929	0.1111	-41.49
YNR016C	807	841.2	48.32	23.0	2.28	46.03	0.9888	0.0913	-43.75
YNR017W	166	762.8	43.51	16.0	2.4	41.11	0.988	0.0621	-38.71
YNR018W	196	632.1	40.71	13.0	2.95	37.77	0.9745	0.0654	-34.82
YNR019W	191	652.4	54.65	65.0	2.47	52.18	1.0	0.1141	-49.71
YNR020C	125	481.7	49.07	32.0	3.74	45.33	1.0	0.1126	-41.58
YNR021W	283	703.1	43.51	13.0	5.28	38.23	0.9859	0.0743	-32.95
YNR022C	225	486.3	44.52	14.0	4.91	39.61	0.9911	0.0939	-34.71
YNR023W	162	528.7	41.22	13.5	1.31	39.9	0.9815	0.0977	-38.59
YNR024W	51	505.9	39.63	12.0	3.69	35.94	0.9608	0.082	-32.25
YNR025C	43	388.2	50.88	35.0	6.47	44.42	1.0	0.1296	-37.95
YNR026C	51	938.5	47.1	16.0	1.47	45.63	1.0	0.0654	-44.16
YNR027W	52	781.5	47.69	20.0	1.62	46.08	0.9808	0.0785	-44.46
YNR028W	162	577.4	45.79	17.0	2.79	43.0	1.0	0.0954	-40.21
YNR029C	131	738.6	47.69	25.0	3.26	44.44	1.0	0.084	-41.18
YNR030W	121	949.9	57.39	75.0	2.71	54.68	0.9835	0.0923	-51.97
YNR031C	128	620.4	54.74	76.0	2.1	52.64	1.0	0.1247	-50.54
YNR032C-A	135	406.2	43.81	20.0	2.5	41.31	1.0	0.1125	-38.81
YNR032W	174	510.2	38.79	12.0	1.42	37.37	0.9943	0.0931	-35.95
YNR033W	168	536.3	42.0	14.5	1.93	40.07	0.9881	0.0996	-38.13
YNR034W	81	704.3	47.68	41.0	3.0	44.68	1.0	0.0848	-41.68
YNR034W-A	321	479.4	44.11	17.0	3.32	40.78	0.9938	0.092	-37.46
YNR035C	433	574.3	43.64	17.0	2.75	40.9	0.9861	0.0881	-38.15
YNR036C	107	419.2	50.5	28.0	2.83	47.67	0.9813	0.1122	-44.84
YNR037C	83	427.1	42.16	12.0	2.24	39.92	1.0	0.1078	-37.67
YNR038W	138	573.3	41.16	12.5	1.96	39.2	0.9928	0.083	-37.23
YNR039C	81	674.4	53.88	70.0	2.65	51.22	0.9753	0.111	-48.57
YNR040W	27	585.9	40.59	15.0	2.26	38.33	1.0	0.0854	-36.07
YNR041C	55	643.5	41.93	15.0	3.25	38.67	1.0	0.0813	-35.42
YNR042W	49	805.4	41.35	18.0	3.45	37.9	1.0	0.0537	-34.45
YNR043W	341	838.7	43.74	20.0	2.96	40.78	0.9971	0.0661	-37.82
YNR044W	189	475.5	46.33	33.0	2.69	43.65	1.0	0.1269	-40.96
YNR045W	134	521.2	47.28	63.0	3.19	44.1	1.0	0.1116	-40.91
YNR046W	94	475.5	51.39	68.0	1.7	49.69	1.0	0.1197	-47.99
YNR047W	152	597.7	43.76	16.5	3.66	40.1	1.0	0.089	-36.44
YNR048W	82	666.7	54.46	72.0	1.88	52.59	1.0	0.1062	-50.71
YNR049C	290	472.1	45.49	47.0	2.91	42.57	0.969	0.101	-39.66
YNR050C	536	801.8	47.53	23.0	2.71	44.82	0.9813	0.0791	-42.1
YNR051C	623	399.5	46.84	61.0	1.63	45.21	0.9856	0.1303	-43.58
YNR052C	292	624.8	47.82	59.0	3.12	44.7	0.9897	0.1009	-41.57
YNR053C	225	783.7	95.61	58.0	35.27	60.35	0.9956	0.1197	-25.08
YNR054C	46	762.4	222.3	76.0	2.33	219.98	1.0	0.2129	-217.65
YNR055C	242	670.3	56.4	69.0	2.81	53.59	0.9876	0.1097	-50.77
YNR056C	29	521.6	44.07	15.0	1.17	42.9	0.9655	0.0933	-41.72
YNR057C	15	479.1	46.0	13.0	1.4	44.6	1.0	0.0978	-43.2
YNR058W	37	597.4	45.65	24.0	5.81	39.84	1.0	0.0942	-34.03
YNR059W	66	695.2	45.18	15.0	2.74	42.44	1.0	0.0867	-39.7
YNR060W	92	553.1	50.04	61.0	5.08	44.97	0.9783	0.1078	-39.89
YNR061C	211	712.5	56.55	62.0	5.15	51.4	0.9905	0.0905	-46.25
YNR062C	34	835.7	60.62	63.0	2.35	58.26	0.9706	0.0868	-55.91
YNR063W	34	628.8	44.21	19.5	5.18	39.03	1.0	0.0952	-33.85
YNR064C	34	681.2	47.71	20.0	11.24	36.47	1.0	0.0936	-25.24
YNR065C	81	874.8	48.7	12.0	7.79	40.91	0.9753	0.0828	-33.12
YNR066C	94	463.6	41.52	14.5	2.3	39.22	0.9894	0.0994	-36.93
YNR067C	249	612.2	45.2	35.0	2.0	43.19	0.992	0.0894	-41.19
YNR068C	128	727.3	58.76	72.0	8.41	50.34	0.9688	0.0968	-41.93
YNR069C	153	614.5	102.33	78.0	2.83	99.5	0.9869	0.1851	-96.67
YNR070W	15	433.1	101.73	89.0	8.73	93.0	1.0	0.24	-84.27
YNR074C	7	319.0	36.29	16.0	2.43	33.86	1.0	0.1214	-31.43
YNR075W	43	517.5	61.72	65.0	6.0	55.72	0.9767	0.1186	-49.72
YOL001W	104	472.2	46.47	48.0	2.61	43.87	0.9904	0.1147	-41.26
YOL002C	488	851.1	43.28	13.0	2.42	40.86	0.9877	0.0569	-38.44
YOL003C	219	482.9	38.73	13.0	5.13	33.6	0.9909	0.0911	-28.47
YOL004W	170	941.4	39.68	11.0	2.32	37.35	0.9765	0.0673	-35.03
YOL005C	116	408.0	42.47	15.0	2.25	40.22	1.0	0.1074	-37.97
YOL006C	152	541.3	41.39	12.0	2.41	38.97	1.0	0.0846	-36.56
YOL007C	155	663.6	49.78	68.0	3.08	46.7	0.9871	0.1047	-43.61
YOL008W	80	498.8	47.89	45.5	3.35	44.54	0.9875	0.1031	-41.19
YOL009C	171	510.3	35.27	10.0	4.32	30.95	0.9883	0.084	-26.63
YOL010W	166	627.0	45.2	14.5	4.93	40.27	1.0	0.0884	-35.34
YOL011W	160	645.2	50.38	67.0	4.11	46.27	0.9875	0.0956	-42.16
YOL012C	167	638.2	58.35	75.0	1.86	56.49	0.988	0.0926	-54.63
YOL013C	163	564.7	47.39	38.0	9.64	37.74	0.9939	0.1256	-28.1
YOL013W-A	93	263.6	54.31	49.0	12.03	42.28	1.0	0.2109	-30.25
YOL013W-B	217	381.3	51.6	54.0	10.17	41.43	0.9954	0.1484	-31.27
YOL014W	237	548.6	55.24	73.0	2.54	52.71	0.9958	0.1095	-50.17
YOL015W	28	625.3	48.43	41.0	2.61	45.82	1.0	0.1142	-43.21
YOL016C	722	773.6	48.06	19.0	3.2	44.87	0.9903	0.0815	-41.67
YOL017W	493	497.8	43.11	15.0	2.57	40.55	1.0	0.092	-37.98
YOL018C	66	713.3	53.35	69.5	4.05	49.3	0.9848	0.0869	-45.26
YOL019W	89	685.1	44.01	19.0	3.13	40.88	0.9551	0.0967	-37.74
YOL019W-A	65	389.4	61.77	74.0	5.45	56.32	1.0	0.1655	-50.88
YOL020W	142	907.1	46.89	45.5	2.85	44.05	0.9648	0.0741	-41.2
YOL021C	225	692.6	40.88	12.0	5.64	35.24	0.9911	0.0699	-29.61
YOL022C	214	788.2	45.84	14.0	2.68	43.16	0.9766	0.0727	-40.49
YOL023W	113	516.7	44.81	16.0	3.26	41.55	1.0	0.0956	-38.29
YOL024W	25	608.9	50.68	44.0	1.32	49.36	1.0	0.1003	-48.04
YOL025W	52	672.7	52.81	62.0	6.1	46.71	1.0	0.1167	-40.62
YOL026C	59	388.7	43.05	23.0	2.64	40.41	1.0	0.1137	-37.76
YOL027C	90	463.6	46.44	24.0	1.48	44.97	0.9778	0.1064	-43.49
YOL028C	63	627.8	48.1	58.0	1.81	46.29	1.0	0.1045	-44.48
YOL029C	135	567.2	56.35	75.0	4.31	52.04	1.0	0.1174	-47.73
YOL030W	231	1014.3	57.9	74.0	3.2	54.7	0.9957	0.0766	-51.5
YOL031C	224	658.2	43.84	17.0	1.39	42.45	0.9777	0.0902	-41.06
YOL032W	188	537.3	41.16	11.5	2.41	38.75	0.984	0.0888	-36.34
YOL033W	71	726.3	49.03	64.0	1.72	47.31	0.9859	0.0894	-45.59
YOL034W	60	653.9	38.95	11.5	1.75	37.2	0.9833	0.0876	-35.45
YOL035C	88	445.9	43.98	14.0	5.27	38.7	0.9659	0.1217	-33.43
YOL036W	157	671.9	45.63	19.0	2.5	43.13	0.9745	0.0976	-40.62
YOL037C	72	350.8	43.26	18.5	4.26	39.0	0.9861	0.125	-34.74
YOL038C-A	1694	498.4	47.69	68.0	2.42	45.27	0.9534	0.1	-42.85
YOL038W	955	485.5	47.54	54.0	11.99	35.55	0.9738	0.1152	-23.55
YOL039W	1573	496.7	48.14	66.0	2.12	46.02	0.9415	0.0998	-43.9
YOL040C	2664	483.1	40.04	12.0	1.86	38.18	0.9962	0.09	-36.32
YOL041C	2763	500.9	40.31	12.0	2.04	38.27	0.9957	0.0887	-36.22
YOL042W	195	652.5	45.99	17.0	2.82	43.17	0.9897	0.0913	-40.35
YOL043C	64	654.2	59.92	78.5	2.62	57.3	1.0	0.1285	-54.67
YOL044W	99	699.5	49.44	22.0	1.74	47.71	1.0	0.0908	-45.97
YOL045W	110	1060.6	48.99	13.0	2.23	46.76	0.9909	0.0564	-44.54
YOL046C	5	599.8	66.4	71.0	1.8	64.6	1.0	0.1277	-62.8
YOL047C	19	359.0	49.95	25.0	2.68	47.26	1.0	0.1489	-44.58
YOL048C	244	603.9	49.92	67.0	3.74	46.18	0.9959	0.0991	-42.43
YOL049W	295	788.1	55.29	64.0	5.95	49.34	0.9932	0.0956	-43.39
YOL050C	53	593.3	43.28	14.0	3.89	39.4	1.0	0.0859	-35.51
YOL051W	128	579.3	47.82	51.5	1.74	46.08	0.9766	0.1103	-44.34
YOL052C	108	713.4	43.7	17.0	2.4	41.31	1.0	0.0771	-38.91
YOL052C-A	99	467.8	52.7	67.0	3.09	49.61	0.9697	0.1213	-46.52
YOL053W	158	747.2	50.52	70.5	3.23	47.28	0.9747	0.0891	-44.05
YOL054W	31	391.9	53.06	17.0	2.23	50.84	1.0	0.132	-48.61
YOL055C	106	623.9	53.72	21.5	8.42	45.29	0.9906	0.1088	-36.87
YOL056W	130	579.0	43.14	16.0	2.22	40.92	1.0	0.0928	-38.69
YOL057W	287	643.6	46.83	21.0	2.78	44.05	0.9895	0.1021	-41.27
YOL058W	381	902.0	44.19	17.0	2.29	41.91	0.979	0.0689	-39.62
YOL059W	286	903.9	43.71	18.5	2.25	41.46	0.993	0.0659	-39.21
YOL060C	213	577.1	48.32	24.0	3.01	45.31	0.9859	0.1033	-42.3
YOL061W	365	834.3	53.48	69.0	3.12	50.35	0.9918	0.0885	-47.23
YOL062C	130	945.2	47.35	23.0	1.68	45.67	1.0	0.0609	-43.98
YOL063C	100	692.1	46.26	36.0	3.63	42.63	0.99	0.0846	-39.0
YOL064C	346	915.0	46.24	18.0	1.93	44.31	0.9971	0.0612	-42.37
YOL065C	163	592.5	50.5	28.0	4.44	46.06	0.9877	0.1061	-41.61
YOL066C	34	636.8	48.12	67.0	4.44	43.68	1.0	0.0894	-39.24
YOL067C	13	504.0	35.77	8.0	2.31	33.46	0.9231	0.0738	-31.15
YOL068C	108	893.6	43.56	15.0	2.58	40.98	1.0	0.071	-38.4
YOL069W	72	592.9	53.71	64.0	3.72	49.99	1.0	0.0965	-46.26
YOL070C	132	750.2	48.17	22.0	2.11	46.06	0.9924	0.0891	-43.95
YOL071W	99	514.4	39.19	12.0	2.66	36.54	1.0	0.0808	-33.88
YOL072W	74	575.2	40.43	12.0	1.27	39.16	1.0	0.0933	-37.89
YOL073C	54	733.4	50.13	66.5	1.96	48.17	0.9815	0.0828	-46.2
YOL075C	115	717.3	44.14	17.0	1.89	42.25	1.0	0.0882	-40.37
YOL076W	134	1007.7	55.43	70.5	2.66	52.78	0.9851	0.0837	-50.12
YOL077C	1378	631.7	44.37	17.0	2.53	41.84	0.9942	0.0828	-39.31
YOL077W-A	909	447.8	47.81	33.0	7.03	40.78	0.9901	0.1061	-33.75
YOL078W	720	389.1	44.98	23.0	3.38	41.6	0.9931	0.1113	-38.22
YOL079W	138	462.5	46.26	48.5	2.52	43.74	0.9855	0.1214	-41.22
YOL080C	332	550.5	50.97	64.0	4.58	46.39	0.9819	0.1059	-41.81
YOL081W	772	986.4	50.77	68.0	2.91	47.86	0.9858	0.0752	-44.94
YOL082W	139	685.1	49.39	28.0	3.32	46.07	0.9928	0.0901	-42.76
YOL083C-A	13	762.7	45.77	14.0	1.92	43.85	1.0	0.0809	-41.92
YOL083W	52	449.1	57.9	73.0	1.44	56.46	1.0	0.1554	-55.02
YOL084W	5	662.2	48.6	66.0	2.0	46.6	1.0	0.0888	-44.6
YOL085C	6	462.2	49.17	49.5	0.5	48.67	1.0	0.1176	-48.17
YOL085W-A	9	332.3	42.33	24.0	2.89	39.44	1.0	0.17	-36.56
YOL086C	14569	847.8	47.59	63.0	2.66	44.93	0.9682	0.0679	-42.27
YOL086W-A	7318	531.7	46.76	27.0	6.67	40.09	0.9642	0.0957	-33.42
YOL087C	548	275.0	42.32	17.0	2.29	40.03	0.9708	0.1787	-37.74
YOL088C	97	626.0	29.21	10.0	1.27	27.94	1.0	0.0583	-26.67
YOL089C	113	618.6	43.32	15.0	3.5	39.81	1.0	0.0862	-36.31
YOL090W	145	933.9	49.82	38.0	2.8	47.02	0.9793	0.0839	-44.22
YOL091W	126	511.9	52.14	68.5	4.49	47.65	1.0	0.1151	-43.16
YOL092W	226	695.6	56.21	72.5	2.51	53.7	1.0	0.0995	-51.19
YOL093W	83	673.2	38.98	13.0	1.82	37.16	0.988	0.0735	-35.34
YOL094C	61	680.3	38.9	11.0	1.64	37.26	1.0	0.0742	-35.62
YOL095C	50	624.8	46.1	23.0	3.52	42.58	1.0	0.0883	-39.06
YOL096C	74	579.3	48.93	22.0	2.04	46.89	0.973	0.0979	-44.85
YOL097C	350	881.7	45.76	17.5	3.01	42.75	0.9943	0.0698	-39.75
YOL097W-A	163	482.5	41.03	11.0	5.11	35.92	0.9816	0.0924	-30.81
YOL098C	292	920.8	45.92	19.5	3.03	42.88	0.9829	0.0831	-39.85
YOL099C	126	536.3	51.33	70.0	2.6	48.74	0.9921	0.1127	-46.14
YOL100W	173	522.3	43.97	19.0	3.58	40.38	0.9769	0.1043	-36.8
YOL101C	133	731.0	63.68	79.0	2.08	61.59	0.9925	0.1007	-59.51
YOL102C	185	521.8	41.45	13.0	2.85	38.6	0.9892	0.0839	-35.75
YOL103W	413	768.7	48.77	59.0	2.94	45.83	0.9927	0.0792	-42.88
YOL103W-A	93	712.5	53.94	67.0	1.96	51.98	0.9892	0.1004	-50.02
YOL103W-B	917	924.3	47.94	23.0	2.85	45.08	0.9706	0.0692	-42.23
YOL104C	64	592.1	52.48	31.5	3.61	48.88	0.9688	0.1096	-45.27
YOL105C	66	660.0	61.89	73.5	10.45	51.44	0.9848	0.1136	-40.98
YOL106W	53	454.9	61.34	71.0	11.3	50.04	1.0	0.1442	-38.74
YOL107W	91	607.2	48.03	17.0	4.7	43.33	0.989	0.0929	-38.63
YOL108C	517	341.8	52.74	68.0	4.53	48.21	0.9555	0.1539	-43.68
YOL109W	3971	521.9	45.37	18.0	1.66	43.71	0.9315	0.0861	-42.05
YOL110W	4050	525.6	45.77	18.0	1.5	44.26	0.9412	0.0856	-42.76
YOL111C	31	607.6	35.68	10.0	1.81	33.87	1.0	0.0591	-32.06
YOL112W	101	473.8	41.71	21.0	1.89	39.82	0.9703	0.1012	-37.93
YOL113W	106	774.7	51.74	68.5	1.66	50.08	0.9906	0.0885	-48.42
YOL114C	24	491.2	39.42	13.5	0.96	38.46	1.0	0.094	-37.5
YOL115W	114	527.8	44.32	19.5	2.14	42.18	1.0	0.1062	-40.04
YOL116W	130	622.4	52.02	68.0	3.74	48.28	1.0	0.1091	-44.54
YOL117W	148	648.8	55.2	55.0	2.71	52.49	0.9932	0.0954	-49.78
YOL118C	90	452.2	45.58	24.0	3.17	42.41	1.0	0.0991	-39.24
YOL119C	276	614.1	49.74	65.5	3.43	46.3	0.9819	0.1118	-42.87
YOL120C	2825	582.8	120.6	123.0	81.33	39.28	0.9954	0.1928	42.05
YOL121C	5693	529.6	86.09	91.0	48.2	37.9	0.9967	0.1502	10.3
YOL122C	1063	398.4	43.37	38.0	10.0	33.37	0.9897	0.1159	-23.37
YOL123W	924	523.6	45.61	24.0	2.45	43.16	0.9924	0.1063	-40.7
YOL124C	162	753.3	43.81	16.5	1.76	42.05	0.963	0.0768	-40.29
YOL125W	116	613.5	41.39	12.5	2.01	39.38	0.9914	0.0823	-37.37
YOL126C	3474	415.2	50.9	47.0	15.52	35.38	0.9882	0.1267	-19.87
YOL127W	13009	514.2	65.31	70.0	18.17	47.15	0.9974	0.1239	-28.98
YOL128C	232	596.5	47.97	65.0	2.31	45.66	0.9914	0.0962	-43.35
YOL129W	294	521.9	49.46	64.5	2.68	46.78	0.9898	0.108	-44.1
YOL130W	125	882.0	46.88	21.0	2.58	44.3	0.976	0.0771	-41.71
YOL131W	20	422.5	52.05	68.0	1.45	50.6	1.0	0.1248	-49.15
YOL132W	50	481.4	47.48	51.0	2.74	44.74	1.0	0.1031	-42.0
YOL133W	39	509.2	48.36	15.0	1.46	46.9	1.0	0.1016	-45.44
YOL134C	59	569.6	49.24	64.0	4.93	44.31	1.0	0.0934	-39.37
YOL135C	45	579.7	45.51	52.0	1.56	43.96	1.0	0.0851	-42.4
YOL136C	189	959.8	50.73	69.0	2.84	47.89	0.9841	0.0843	-45.05
YOL137W	127	621.9	52.34	70.0	4.43	47.91	1.0	0.1078	-43.49
YOL138C	698	777.2	83.05	71.0	1.64	81.41	0.9943	0.1079	-79.76
YOL139C	1844	650.7	55.58	73.0	2.53	53.05	0.9902	0.0928	-50.52
YOL140W	1096	553.4	53.43	64.0	10.18	43.26	0.9954	0.1059	-33.08
YOL141W	82	547.4	44.9	14.0	3.41	41.49	0.9878	0.0907	-38.07
YOL142W	150	573.3	44.58	41.0	3.41	41.17	1.0	0.0827	-37.75
YOL143C	193	537.2	45.56	20.0	1.03	44.53	1.0	0.0914	-43.5
YOL144W	172	549.3	48.61	25.0	1.58	47.03	1.0	0.0917	-45.45
YOL145C	54	572.9	48.5	66.0	2.04	46.46	1.0	0.1112	-44.43
YOL146W	65	503.3	56.85	67.0	2.72	54.12	0.9846	0.1117	-51.4
YOL147C	125	587.4	49.6	61.0	2.23	47.37	0.992	0.0962	-45.14
YOL148C	180	654.0	51.82	34.0	2.58	49.23	1.0	0.0958	-46.65
YOL149W	144	625.2	58.33	71.5	3.38	54.95	0.9861	0.1038	-51.57
YOL150C	132	708.0	57.48	65.0	1.73	55.75	1.0	0.0992	-54.02
YOL151W	116	675.6	55.78	70.0	2.67	53.1	0.9914	0.0982	-50.43
YOL152W	113	584.7	66.18	66.0	6.05	60.12	1.0	0.1446	-54.07
YOL153C	85	631.9	85.89	78.0	32.47	53.42	1.0	0.1582	-20.95
YOL154W	62	533.3	104.29	20.0	69.87	34.42	0.9839	0.1967	35.45
YOL155C	147	776.9	216.36	83.0	3.0	213.36	1.0	0.2231	-210.36
YOL155W-A	76	429.5	54.84	71.5	1.87	52.97	1.0	0.1305	-51.11
YOL156W	70	422.9	47.53	62.0	1.5	46.03	1.0	0.1154	-44.53
YOL157C	76	552.8	43.83	20.5	1.54	42.29	1.0	0.0851	-40.75
YOL158C	87	838.6	50.13	24.0	7.26	42.86	1.0	0.0914	-35.6
YOL159C	168	528.8	43.19	14.5	5.73	37.46	0.9881	0.0849	-31.74
YOL159C-A	77	545.8	66.31	74.0	10.05	56.26	0.987	0.124	-46.21
YOL160W	61	502.0	39.87	15.0	1.98	37.89	0.9836	0.0898	-35.9
YOL162W	12	576.3	52.92	68.5	0.83	52.08	1.0	0.0991	-51.25
YOL163W	54	467.6	47.54	58.5	2.02	45.52	1.0	0.1292	-43.5
YOL164W	135	469.9	46.93	26.0	3.45	43.48	0.9926	0.1212	-40.03
YOL164W-A	56	569.0	66.21	76.5	4.95	61.27	1.0	0.1273	-56.32
YOL165C	17	672.6	102.24	84.0	39.94	62.29	1.0	0.1755	-22.35
YOR001W	158	776.0	47.66	57.0	2.96	44.7	0.981	0.0983	-41.74
YOR002W	204	927.6	50.37	66.5	3.05	47.31	0.9951	0.0783	-44.26
YOR003W	172	467.0	42.88	16.0	2.24	40.65	0.9942	0.1019	-38.41
YOR004W	174	503.7	44.99	19.0	1.25	43.74	1.0	0.1046	-42.48
YOR005C	206	530.1	52.52	64.5	3.0	49.51	0.9854	0.1167	-46.51
YOR006C	451	502.6	45.35	16.0	3.88	41.47	0.9933	0.0979	-37.59
YOR007C	571	595.7	41.24	14.0	1.91	39.34	0.979	0.0903	-37.43
YOR008C	268	699.4	41.08	13.0	3.23	37.85	0.9813	0.077	-34.63
YOR008C-A	8	302.8	7.88	8.0	1.88	6.0	1.0	0.029	-4.12
YOR009W	12	655.1	71.17	82.5	0.17	71.0	1.0	0.1684	-70.83
YOR010C	20	646.9	47.75	15.5	10.4	37.35	1.0	0.0904	-26.95
YOR011W	92	552.6	58.25	59.0	13.96	44.29	1.0	0.1377	-30.34
YOR011W-A	24	479.9	53.79	43.0	13.25	40.54	1.0	0.1219	-27.29
YOR012W	28	568.2	51.96	71.5	3.14	48.82	0.9286	0.1163	-45.68
YOR013W	22	516.1	35.68	13.5	1.45	34.23	1.0	0.0721	-32.77
YOR014W	176	831.0	51.19	64.5	4.6	46.59	0.9943	0.0835	-41.99
YOR015W	153	651.7	41.54	13.0	1.86	39.69	0.9935	0.0766	-37.83
YOR016C	144	629.2	44.65	20.0	2.45	42.2	1.0	0.0776	-39.75
YOR017W	50	816.8	73.68	79.5	3.86	69.82	0.98	0.1116	-65.96
YOR018W	194	466.8	48.69	66.0	2.99	45.7	0.9845	0.1197	-42.71
YOR019W	2294	442.0	42.96	16.0	2.59	40.37	0.9804	0.094	-37.78
YOR020C	2307	435.5	40.23	14.0	2.61	37.61	0.9796	0.0893	-35.0
YOR020W-A	419	449.9	45.61	37.0	2.13	43.48	0.9833	0.1056	-41.35
YOR021C	1112	691.8	45.69	15.0	3.82	41.87	0.9622	0.0713	-38.05
YOR022C	250	726.7	72.64	71.0	1.37	71.27	1.0	0.101	-69.9
YOR023C	49	751.1	44.53	17.0	2.33	42.2	1.0	0.0928	-39.88
YOR025W	33	807.1	50.18	18.0	1.55	48.64	0.9697	0.0859	-47.09
YOR026W	65	588.9	43.18	15.0	1.78	41.4	0.9692	0.0939	-39.62
YOR027W	971	873.5	48.53	17.0	3.0	45.53	0.9969	0.07	-42.54
YOR028C	162	365.2	50.62	68.0	1.96	48.66	0.9938	0.1498	-46.7
YOR029W	14	650.4	184.57	87.5	1.36	183.21	1.0	0.2329	-181.86
YOR030W	71	929.3	79.38	80.0	21.63	57.75	0.9718	0.11	-36.11
YOR031W	55	494.6	60.36	72.0	7.65	52.71	0.9818	0.1277	-45.05
YOR032C	80	780.0	56.85	72.5	3.46	53.39	1.0	0.1097	-49.92
YOR032W-A	35	452.4	53.29	75.0	4.23	49.06	1.0	0.1576	-44.83
YOR033C	92	669.8	47.76	62.5	2.16	45.6	0.9891	0.1057	-43.43
YOR034C	88	862.1	64.47	71.0	13.5	50.97	1.0	0.0963	-37.47
YOR034C-A	16	554.2	36.88	7.0	7.44	29.44	1.0	0.0727	-22.0
YOR035C	44	888.6	60.39	66.5	3.27	57.11	1.0	0.0875	-53.84
YOR036W	189	736.6	51.13	26.0	2.12	49.01	0.9947	0.0743	-46.88
YOR037W	138	572.4	49.21	48.5	4.53	44.68	1.0	0.105	-40.15
YOR038C	80	653.3	48.94	18.0	8.46	40.48	1.0	0.0885	-32.01
YOR039W	320	858.6	46.76	21.5	1.86	44.9	0.9938	0.0695	-43.03
YOR040W	197	396.9	42.84	21.0	2.73	40.12	0.9949	0.1226	-37.39
YOR041C	163	358.8	47.55	62.0	2.99	44.55	1.0	0.1458	-41.56
YOR042W	254	345.8	40.13	13.0	2.76	37.37	0.9961	0.1332	-34.61
YOR043W	178	819.0	46.22	19.0	2.63	43.59	0.9888	0.0818	-40.96
YOR044W	539	421.2	47.94	58.0	2.38	45.56	0.9926	0.1176	-43.18
YOR045W	610	398.6	44.4	17.0	3.79	40.61	0.9967	0.1108	-36.82
YOR046C	861	591.2	45.89	18.0	2.37	43.51	0.9954	0.0947	-41.14
YOR047C	103	714.0	39.71	11.0	2.09	37.62	0.9515	0.0784	-35.53
YOR048C	244	704.8	46.71	22.5	3.17	43.54	0.9754	0.0878	-40.36
YOR049C	36	752.5	53.78	68.5	2.28	51.5	1.0	0.0943	-49.22
YOR050C	167	500.9	44.25	14.0	3.42	40.83	1.0	0.1016	-37.41
YOR051C	524	770.3	46.14	19.0	2.87	43.27	0.9885	0.0775	-40.41
YOR052C	756	678.6	50.71	66.0	2.5	48.21	0.9987	0.0853	-45.71
YOR053W	32	255.4	46.75	51.0	3.91	42.84	1.0	0.186	-38.94
YOR054C	82	339.8	49.28	14.0	1.33	47.95	0.9878	0.1412	-46.62
YOR055W	51	433.1	34.84	10.0	2.57	32.27	1.0	0.0898	-29.71
YOR056C	147	737.0	47.04	27.0	1.39	45.65	1.0	0.0756	-44.25
YOR057W	68	597.0	41.82	23.0	1.93	39.9	0.9853	0.0886	-37.97
YOR058C	147	609.8	77.86	76.0	29.71	48.14	1.0	0.1447	-18.43
YOR059C	156	670.8	55.65	60.5	5.48	50.17	0.9872	0.1137	-44.69
YOR060C	13	740.4	37.38	13.0	2.23	35.15	0.9231	0.0561	-32.92
YOR061W	260	735.5	43.82	17.0	1.7	42.12	1.0	0.0804	-40.42
YOR062C	173	475.2	42.95	15.0	2.05	40.9	1.0	0.1011	-38.84
YOR063W	7255	799.6	42.28	12.0	2.16	40.11	0.9886	0.0682	-37.95
YOR064C	4167	454.8	39.84	12.0	2.63	37.22	0.9933	0.0924	-34.59
YOR065W	313	833.7	50.81	63.0	2.94	47.87	0.9872	0.0788	-44.93
YOR066W	163	440.0	49.98	65.0	5.0	44.98	0.9877	0.1347	-39.98
YOR067C	161	704.6	50.43	66.0	2.58	47.85	0.9876	0.0998	-45.27
YOR069W	108	724.5	51.82	19.0	7.89	43.94	0.9722	0.09	-36.05
YOR070C	105	607.2	46.0	21.0	3.06	42.94	0.9714	0.0911	-39.89
YOR071C	126	685.0	44.99	21.5	3.48	41.52	0.9921	0.0868	-38.04
YOR072W	15	376.0	35.8	13.0	1.53	34.27	0.9333	0.112	-32.73
YOR072W-A	14	336.7	48.64	42.5	2.21	46.43	0.9286	0.1436	-44.21
YOR072W-B	19	337.6	53.63	10.0	20.05	33.58	1.0	0.1295	-13.53
YOR073W	45	684.0	58.8	77.0	2.96	55.84	1.0	0.1092	-52.89
YOR073W-A	32	631.5	50.69	70.5	1.56	49.12	1.0	0.0932	-47.56
YOR074C	53	548.5	41.83	19.0	2.19	39.64	1.0	0.0974	-37.45
YOR075W	162	767.8	46.09	17.0	2.71	43.38	1.0	0.0724	-40.67
YOR076C	103	728.9	48.81	70.0	2.66	46.15	1.0	0.0861	-43.49
YOR077W	57	403.6	36.86	9.0	1.14	35.72	0.9825	0.1084	-34.58
YOR078W	119	561.8	53.0	61.0	8.09	44.91	0.9916	0.0989	-36.82
YOR079C	201	758.9	59.31	74.0	3.07	56.23	0.9851	0.0946	-53.16
YOR080W	134	710.0	50.1	20.5	2.5	47.6	0.9776	0.0916	-45.1
YOR081C	75	793.2	46.71	33.0	3.91	42.8	1.0	0.0881	-38.89
YOR084W	34	965.2	47.97	46.5	4.71	43.26	1.0	0.0855	-38.56
YOR085W	203	732.0	47.15	27.0	2.22	44.94	0.9852	0.0762	-42.72
YOR086C	159	893.1	48.97	24.0	3.69	45.28	0.9874	0.08	-41.6
YOR087W	96	712.2	48.19	13.5	6.03	42.16	0.9792	0.0919	-36.12
YOR089C	146	556.8	46.71	23.0	2.86	43.86	0.9863	0.0929	-41.0
YOR090C	93	752.8	51.3	17.0	2.41	48.89	1.0	0.082	-46.48
YOR091W	71	668.3	47.04	34.0	2.61	44.44	1.0	0.0994	-41.83
YOR092W	99	649.2	47.74	61.0	3.03	44.71	0.9899	0.1145	-41.68
YOR093C	116	706.3	55.23	64.5	3.3	51.93	0.9828	0.1064	-48.63
YOR094W	325	667.8	57.48	66.0	14.15	43.33	0.9846	0.089	-29.18
YOR095C	508	728.1	50.16	29.0	3.22	46.94	0.9882	0.0755	-43.71
YOR096W	6205	584.1	139.54	155.0	101.42	38.12	0.9828	0.2163	63.29
YOR097C	5806	565.4	129.84	149.0	92.57	37.27	0.9793	0.2061	55.29
YOR098C	70	782.4	44.87	18.5	2.16	42.71	0.9571	0.0746	-40.56
YOR099W	219	971.9	48.56	41.0	1.89	46.66	0.9909	0.0645	-44.77
YOR100C	72	459.2	45.29	38.5	2.0	43.29	1.0	0.114	-41.29
YOR101W	262	646.4	55.15	73.0	2.38	52.76	0.9962	0.1015	-50.38
YOR102W	246	529.8	46.8	61.5	1.77	45.03	1.0	0.0954	-43.26
YOR103C	266	528.8	51.36	68.5	3.52	47.84	0.9887	0.1052	-44.33
YOR104W	72	723.5	40.15	9.5	3.72	36.43	1.0	0.0748	-32.71
YOR105W	69	810.6	45.91	12.0	4.71	41.2	1.0	0.0671	-36.49
YOR106W	122	497.0	46.84	18.5	4.05	42.79	0.9918	0.1105	-38.74
YOR107W	77	548.8	44.53	16.0	2.36	42.17	0.974	0.1025	-39.81
YOR108C-A	200	584.0	50.39	70.5	3.49	46.9	0.99	0.1007	-43.41
YOR108W	295	825.1	44.1	19.0	2.25	41.85	0.9898	0.0799	-39.6
YOR109W	240	618.4	49.27	65.0	3.28	45.99	0.9792	0.101	-42.71
YOR110W	101	571.5	58.97	69.0	2.22	56.75	0.9802	0.114	-54.53
YOR111W	81	589.9	46.01	14.0	2.31	43.7	0.9877	0.09	-41.4
YOR112W	76	996.6	61.28	70.5	18.5	42.78	1.0	0.0944	-24.28
YOR113W	34	701.9	33.47	11.5	1.82	31.65	1.0	0.0949	-29.82
YOR114W	181	600.8	46.32	33.0	7.39	38.93	0.9503	0.0896	-31.54
YOR115C	392	656.1	45.62	16.0	3.55	42.08	0.9286	0.0779	-38.53
YOR116C	201	815.0	54.69	25.0	2.25	52.44	0.9502	0.0756	-50.18
YOR117W	295	906.2	49.63	23.0	2.07	47.56	0.9932	0.0789	-45.49
YOR118W	226	629.5	50.71	61.5	2.0	48.71	0.9956	0.1063	-46.71
YOR119C	72	594.2	45.39	40.5	2.4	42.99	1.0	0.0894	-40.58
YOR120W	1230	569.3	66.1	78.0	15.46	50.64	0.9984	0.1189	-35.18
YOR121C	1052	565.8	64.34	77.0	14.33	50.01	0.999	0.1182	-35.68
YOR122C	981	542.9	66.66	77.0	14.9	51.76	0.9969	0.1234	-36.87
YOR123C	282	537.9	81.09	90.0	14.95	66.15	0.9929	0.1475	-51.2
YOR124C	151	685.1	53.45	69.0	7.88	45.57	0.9868	0.0995	-37.69
YOR125C	136	706.2	47.46	38.5	3.13	44.32	1.0	0.0743	-41.19
YOR126C	37	616.2	43.16	15.0	1.68	41.49	0.9189	0.0753	-39.81
YOR127W	83	703.4	41.89	18.0	3.18	38.71	0.988	0.0852	-35.53
YOR128C	95	650.9	42.77	15.0	2.06	40.71	1.0	0.0949	-38.64
YOR129C	90	450.1	45.77	24.0	3.76	42.01	1.0	0.1147	-38.26
YOR130C	308	759.8	46.1	22.5	1.79	44.31	0.974	0.0716	-42.53
YOR131C	253	486.5	51.28	66.0	4.65	46.62	0.996	0.126	-41.97
YOR132W	95	815.1	45.71	24.0	2.43	43.27	1.0	0.0701	-40.84
YOR133W	3378	896.9	53.82	21.0	2.78	51.05	0.939	0.0731	-48.27
YOR134W	192	299.8	44.71	44.0	2.07	42.64	0.9583	0.1646	-40.57
YOR135C	79	1043.5	71.44	84.0	3.23	68.22	1.0	0.079	-64.99
YOR136W	221	826.0	47.96	51.0	2.24	45.72	1.0	0.0791	-43.48
YOR137C	176	615.0	49.93	68.0	3.06	46.87	1.0	0.1017	-43.81
YOR138C	97	867.3	50.95	24.0	2.27	48.68	1.0	0.0866	-46.41
YOR140W	51	668.4	48.55	69.0	1.78	46.76	1.0	0.1108	-44.98
YOR141C	83	729.1	45.65	24.0	1.71	43.94	1.0	0.0962	-42.23
YOR142W	361	752.0	51.37	25.0	2.75	48.61	0.9972	0.0884	-45.86
YOR142W-A	88	531.4	49.89	43.0	4.77	45.11	1.0	0.119	-40.34
YOR142W-B	1039	1245.7	50.57	63.0	2.94	47.63	0.9885	0.0591	-44.69
YOR143C	239	781.9	49.58	64.0	1.95	47.62	0.9958	0.0744	-45.67
YOR144C	100	483.6	43.26	16.5	4.05	39.21	1.0	0.0955	-35.16
YOR145C	134	627.4	51.11	66.0	3.33	47.78	1.0	0.0988	-44.46
YOR146W	143	575.0	49.23	40.0	3.66	45.57	0.993	0.0945	-41.9
YOR147W	144	771.6	52.05	70.0	2.35	49.69	0.9931	0.0965	-47.34
YOR148C	148	513.2	55.8	71.0	4.86	50.94	1.0	0.1172	-46.07
YOR149C	44	627.9	45.16	66.0	2.18	42.98	1.0	0.1031	-40.8
YOR150W	444	509.3	47.99	63.5	2.45	45.54	0.982	0.0978	-43.09
YOR151C	660	800.4	41.81	16.0	2.89	38.92	0.9742	0.0731	-36.04
YOR152C	82	570.0	50.49	63.5	2.84	47.65	0.9878	0.1106	-44.8
YOR153W	665	990.0	50.13	57.0	3.18	46.95	0.9955	0.0813	-43.77
YOR154W	357	488.7	46.22	20.0	3.66	42.57	0.9972	0.1042	-38.91
YOR155C	108	832.3	49.62	60.5	3.48	46.14	0.9907	0.0743	-42.66
YOR156C	123	434.3	44.48	27.0	2.67	41.8	0.9837	0.1152	-39.13
YOR157C	268	702.2	47.36	21.0	2.99	44.37	0.9813	0.0762	-41.39
YOR158W	170	605.7	39.84	10.5	1.96	37.88	0.9882	0.0739	-35.92
YOR159C	141	509.2	47.06	35.0	4.26	42.8	0.9858	0.0972	-38.54
YOR160W	184	594.5	40.15	10.0	1.92	38.22	0.9891	0.0818	-36.3
YOR161C	71	534.7	47.54	50.0	2.82	44.72	0.9718	0.0957	-41.9
YOR161C-C	26	406.5	38.23	12.0	3.54	34.69	1.0	0.0945	-31.15
YOR161W-A	22	565.2	55.27	70.5	5.05	50.23	1.0	0.1188	-45.18
YOR161W-B	11	600.4	63.82	73.0	3.0	60.82	1.0	0.1365	-57.82
YOR162C	45	885.0	51.29	62.0	2.84	48.44	0.9778	0.0818	-45.6
YOR163W	201	613.4	46.66	39.0	6.11	40.54	0.9801	0.0854	-34.43
YOR164C	307	846.2	44.21	16.0	2.26	41.94	0.9837	0.0658	-39.68
YOR165W	179	1074.9	50.02	63.0	2.47	47.55	0.9944	0.0765	-45.08
YOR166C	2464	363.3	39.59	12.0	1.08	38.51	0.9963	0.1046	-37.42
YOR167C	2382	353.8	40.67	13.0	1.34	39.32	0.9979	0.1079	-37.98
YOR168W	2972	464.5	41.83	13.0	1.5	40.33	0.9966	0.1024	-38.83
YOR169C	293	667.1	44.22	15.0	3.94	40.28	0.9863	0.084	-36.34
YOR170W	232	542.6	48.57	39.5	4.19	44.38	0.9914	0.1015	-40.2
YOR171C	228	643.5	47.54	32.0	3.41	44.13	0.9956	0.0934	-40.72
YOR172W	61	999.9	51.75	73.0	2.75	49.0	1.0	0.0669	-46.25
YOR173W	56	563.7	45.05	22.5	1.66	43.39	1.0	0.1094	-41.73
YOR174W	92	499.9	46.26	25.5	2.37	43.89	1.0	0.1107	-41.52
YOR175C	171	886.7	48.74	62.0	2.01	46.74	0.9766	0.0828	-44.73
YOR176W	314	617.0	54.03	67.0	6.24	47.79	0.9936	0.1106	-41.55
YOR177C	68	440.1	53.88	70.0	9.69	44.19	1.0	0.1393	-34.5
YOR178C	75	600.7	55.8	71.0	3.08	52.72	0.9867	0.1373	-49.64
YOR179C	142	588.8	44.57	17.0	2.29	42.28	0.9718	0.0883	-39.99
YOR180C	35	539.3	41.8	28.0	1.77	40.03	1.0	0.0914	-38.26
YOR181W	5066	304.7	43.95	21.0	7.64	36.31	0.9966	0.1339	-28.67
YOR182C	5116	301.0	44.3	21.0	7.59	36.71	0.9967	0.1354	-29.13
YOR183W	5159	300.2	43.45	20.0	7.71	35.74	0.9957	0.1327	-28.02
YOR184W	490	755.4	48.27	29.0	2.47	45.8	0.9939	0.0808	-43.33
YOR185C	124	458.8	51.97	67.5	2.26	49.71	1.0	0.1243	-47.45
YOR186C-A	8	426.4	52.38	73.0	1.38	51.0	1.0	0.1126	-49.62
YOR186W	12	397.2	68.5	12.0	21.58	46.92	1.0	0.1283	-25.33
YOR187W	496	867.1	44.95	14.0	1.88	43.07	0.9919	0.0672	-41.19
YOR188W	276	490.8	43.36	15.0	3.4	39.96	0.9928	0.0993	-36.56
YOR189W	132	454.8	35.23	10.0	2.72	32.51	0.9924	0.0898	-29.79
YOR190W	61	513.3	46.62	38.0	9.46	37.16	0.9836	0.1028	-27.7
YOR191W	111	624.1	52.0	70.0	3.73	48.27	0.973	0.1041	-44.54
YOR192C	63	742.0	70.54	63.0	22.44	48.1	1.0	0.1024	-25.65
YOR192C-A	43	528.3	51.88	52.0	3.33	48.56	0.9767	0.1278	-45.23
YOR192C-B	611	943.1	45.68	22.0	2.5	43.18	0.9722	0.0693	-40.68
YOR192C-C	351	553.0	43.32	17.0	3.91	39.41	0.9658	0.0846	-35.5
YOR193W	144	677.3	46.87	25.5	2.93	43.94	0.9792	0.0888	-41.01
YOR194C	79	448.5	44.67	8.0	1.76	42.91	0.9367	0.1027	-41.15
YOR195W	177	731.3	46.06	12.0	1.79	44.27	0.9492	0.0814	-42.48
YOR196C	184	755.9	43.29	12.0	1.84	41.45	0.9837	0.0717	-39.6
YOR197W	545	632.7	42.98	13.0	2.62	40.36	0.9798	0.0832	-37.74
YOR198C	644	798.7	44.84	16.5	2.57	42.27	0.9829	0.0756	-39.7
YOR199W	23	558.5	50.61	67.0	11.65	38.96	1.0	0.1265	-27.3
YOR200W	27	818.1	56.44	77.0	1.56	54.89	1.0	0.1154	-53.33
YOR201C	58	716.7	49.29	50.0	1.16	48.14	1.0	0.0893	-46.98
YOR202W	40	484.0	45.12	24.5	2.12	43.0	1.0	0.0922	-40.88
YOR203W	36	511.2	46.39	30.5	2.0	44.39	1.0	0.0995	-42.39
YOR204W	617	564.5	54.37	72.0	3.12	51.25	0.9951	0.13	-48.13
YOR205C	490	388.6	51.16	66.0	3.1	48.06	0.998	0.1425	-44.96
YOR206W	358	786.8	46.0	18.5	2.31	43.68	0.9832	0.082	-41.37
YOR207C	287	617.5	40.28	12.0	2.75	37.53	0.9756	0.0872	-34.79
YOR208W	298	660.8	51.69	68.0	3.13	48.55	0.9866	0.1077	-45.42
YOR209C	453	821.6	55.04	73.0	2.23	52.81	0.9868	0.0893	-50.58
YOR210W	650	458.6	34.24	9.0	1.64	32.59	0.9631	0.0762	-30.95
YOR211C	714	528.0	35.04	10.0	1.5	33.54	0.986	0.0677	-32.05
YOR212W	207	786.9	45.87	24.0	2.85	43.02	0.9952	0.0862	-40.17
YOR213C	169	501.0	48.22	64.0	2.99	45.23	0.9822	0.1169	-42.24
YOR214C	140	559.0	42.56	16.0	2.63	39.93	1.0	0.0825	-37.3
YOR215C	242	611.7	46.21	20.0	1.61	44.61	0.9959	0.0814	-43.0
YOR216C	237	630.6	53.19	25.0	3.03	50.16	1.0	0.0934	-47.14
YOR217W	101	693.1	43.35	16.0	1.7	41.64	0.9703	0.0894	-39.94
YOR218C	82	527.0	46.06	39.5	2.77	43.29	0.9634	0.1078	-40.52
YOR219C	96	709.5	48.86	67.0	2.27	46.59	0.9896	0.096	-44.32
YOR220W	171	722.9	48.65	58.0	3.36	45.29	0.9942	0.0783	-41.93
YOR221C	269	566.0	51.68	68.0	3.43	48.25	0.9888	0.1069	-44.82
YOR222W	446	638.3	49.32	62.5	2.95	46.37	1.0	0.0894	-43.42
YOR223W	246	418.5	41.87	17.0	2.64	39.23	0.9837	0.1095	-36.59
YOR224C	213	444.2	41.01	13.0	2.52	38.5	0.9624	0.098	-35.98
YOR225W	220	464.6	46.49	31.5	2.5	43.98	0.9773	0.1035	-41.48
YOR226C	214	461.7	42.93	13.0	2.64	40.29	0.9907	0.0937	-37.66
YOR227W	94	904.9	52.22	69.0	3.34	48.88	0.9894	0.0887	-45.54
YOR228C	66	591.7	49.2	71.0	1.45	47.74	0.9697	0.1147	-46.29
YOR229W	100	466.4	42.47	17.0	2.03	40.44	1.0	0.1074	-38.41
YOR230W	435	1036.7	54.67	70.0	4.24	50.43	0.9885	0.0728	-46.19
YOR231C-A	70	606.0	49.24	63.0	2.11	47.13	0.9857	0.1054	-45.01
YOR231W	158	519.4	48.2	64.5	4.13	44.06	0.981	0.1177	-39.93
YOR232W	1035	719.5	39.81	11.0	2.03	37.78	0.9932	0.0601	-35.75
YOR233W	3844	430.4	68.31	52.0	26.69	41.62	0.999	0.1531	-14.93
YOR234C	3483	428.3	68.92	51.0	28.77	40.15	1.0	0.1547	-11.37
YOR235W	179	332.3	46.08	60.0	2.63	43.45	0.9944	0.1322	-40.82
YOR236W	213	404.1	47.24	62.0	3.04	44.2	1.0	0.1267	-41.16
YOR237W	42	445.2	43.36	22.0	2.0	41.36	1.0	0.1189	-39.36
YOR238W	53	604.1	37.87	16.0	2.13	35.74	0.9623	0.067	-33.6
YOR239W	151	721.9	55.52	75.0	2.3	53.23	0.9868	0.1014	-50.93
YOR241W	294	833.6	49.16	31.0	3.38	45.78	0.9898	0.0845	-42.4
YOR242C	309	494.7	47.17	29.0	3.53	43.64	1.0	0.1089	-40.11
YOR243C	417	1008.7	50.83	41.0	4.1	46.74	0.988	0.0719	-42.64
YOR244W	107	676.0	44.55	21.0	3.64	40.92	1.0	0.0842	-37.28
YOR245C	188	698.2	46.54	24.0	2.77	43.78	1.0	0.0799	-41.01
YOR246C	141	781.1	41.9	20.0	2.41	39.49	0.9858	0.0657	-37.08
YOR247W	399	686.6	64.31	78.0	3.58	60.72	0.99	0.1137	-57.14
YOR248W	372	662.1	60.33	75.0	2.98	57.35	0.9866	0.1136	-54.37
YOR249C	414	627.8	74.38	76.5	22.05	52.33	0.9952	0.1306	-30.28
YOR250C	67	629.0	43.63	14.0	2.76	40.87	1.0	0.0926	-38.1
YOR251C	144	671.3	42.05	12.5	3.34	38.71	0.9931	0.0705	-35.37
YOR252W	192	544.0	48.79	58.0	2.54	46.26	0.9948	0.0968	-43.72
YOR253W	296	544.6	41.07	14.0	2.66	38.42	0.9696	0.0824	-35.76
YOR254C	382	865.2	44.78	19.0	2.77	42.01	0.9712	0.0716	-39.24
YOR255W	49	543.6	43.1	16.0	4.76	38.35	1.0	0.0828	-33.59
YOR256C	195	938.4	47.69	18.0	4.18	43.51	1.0	0.0714	-39.32
YOR257W	86	493.9	47.3	16.0	1.92	45.38	1.0	0.1068	-43.47
YOR258W	227	492.6	42.8	13.0	2.67	40.13	0.9868	0.0906	-37.47
YOR259C	263	837.8	45.65	15.0	2.11	43.54	0.9848	0.0652	-41.42
YOR260W	360	628.9	50.48	44.0	4.77	45.71	0.9944	0.0946	-40.94
YOR261C	857	975.7	54.71	66.0	4.33	50.38	0.993	0.0636	-46.05
YOR262W	20	670.4	42.55	11.0	3.9	38.65	0.9	0.0727	-34.75
YOR263C	23	558.9	58.13	76.0	5.09	53.04	0.9565	0.1056	-47.96
YOR264W	163	571.7	45.33	19.0	3.07	42.25	0.9939	0.0887	-39.18
YOR265W	144	422.7	38.03	12.0	4.56	33.47	0.9931	0.0927	-28.91
YOR266W	281	463.1	48.22	28.0	4.31	43.91	0.9858	0.1117	-39.6
YOR267C	184	810.6	49.21	64.0	2.79	46.42	0.9837	0.0856	-43.62
YOR268C	23	395.7	44.22	21.0	2.35	41.87	1.0	0.1089	-39.52
YOR269W	408	485.2	48.4	65.0	3.9	44.5	0.9951	0.1097	-40.6
YOR270C	758	878.1	51.77	69.0	3.87	47.9	0.9881	0.0917	-44.03
YOR271C	466	639.7	44.52	21.0	2.12	42.4	0.9936	0.089	-40.28
YOR272W	362	565.0	43.36	19.5	1.99	41.37	0.9807	0.1044	-39.38
YOR273C	200	563.1	40.44	17.5	2.12	38.32	0.965	0.0914	-36.19
YOR274W	191	603.0	45.15	18.0	2.71	42.45	1.0	0.0956	-39.74
YOR275C	403	574.0	47.93	20.0	4.11	43.82	0.9975	0.0911	-39.71
YOR276W	525	465.1	44.13	19.0	2.92	41.21	0.9886	0.0976	-38.3
YOR277C	502	453.1	47.48	38.5	2.6	44.88	0.9781	0.1122	-42.28
YOR278W	218	362.6	38.69	13.0	1.91	36.78	0.9771	0.1104	-34.88
YOR279C	112	524.2	38.49	11.0	1.6	36.89	0.9911	0.0927	-35.29
YOR280C	126	576.1	44.27	17.0	2.63	41.64	0.9841	0.09	-39.02
YOR281C	85	775.0	107.33	91.0	1.4	105.93	1.0	0.1354	-104.53
YOR282W	190	672.1	50.72	65.0	2.6	48.12	0.9789	0.0829	-45.52
YOR283W	141	650.0	49.84	63.0	2.78	47.06	1.0	0.0879	-44.28
YOR284W	417	490.1	45.7	20.0	1.88	43.82	0.9904	0.0978	-41.94
YOR285W	468	497.1	45.75	22.5	1.45	44.29	0.9979	0.0939	-42.84
YOR286W	443	477.6	43.39	16.0	1.77	41.62	0.9955	0.094	-39.85
YOR287C	188	447.1	42.69	14.0	2.18	40.52	0.9947	0.1066	-38.34
YOR288C	145	671.4	45.28	18.0	2.54	42.73	1.0	0.0801	-40.19
YOR289W	118	634.8	64.97	68.0	15.13	49.85	0.9915	0.129	-34.72
YOR290C	81	598.1	64.63	74.0	17.2	47.43	1.0	0.1617	-30.23
YOR291W	87	751.6	40.02	13.0	3.89	36.14	0.9885	0.0705	-32.25
YOR292C	66	516.9	61.79	61.0	3.12	58.67	1.0	0.1376	-55.55
YOR293C-A	5879	473.5	95.35	84.0	57.37	37.99	0.9983	0.1921	19.38
YOR293W	5097	473.9	94.72	84.0	57.89	36.83	0.999	0.1914	21.06
YOR294W	5133	470.0	93.25	83.0	57.22	36.03	0.9988	0.1882	21.19
YOR295W	90	521.9	37.49	12.0	1.72	35.77	1.0	0.0859	-34.04
YOR296W	106	524.0	46.08	16.0	3.95	42.13	0.9906	0.1089	-38.18
YOR297C	48	557.3	54.79	70.5	6.19	48.6	0.9583	0.1099	-42.42
YOR298C-A	2115	568.6	45.64	18.0	1.91	43.73	0.9976	0.09	-41.82
YOR298W	2210	565.1	46.95	23.0	1.89	45.05	0.9964	0.0914	-43.16
YOR299W	96	1070.3	51.26	67.0	1.72	49.54	0.9896	0.0655	-47.82
YOR300W	57	524.1	44.44	22.0	2.28	42.16	1.0	0.1177	-39.88
YOR301W	71	549.9	54.06	64.0	2.13	51.93	1.0	0.1111	-49.8
YOR302W	33	445.5	62.73	76.0	2.94	59.79	0.9697	0.151	-56.85
YOR303W	388	795.4	48.57	19.5	4.38	44.19	0.9897	0.0805	-39.81
YOR304C-A	75	445.2	47.31	43.0	2.31	45.0	1.0	0.1151	-42.69
YOR304W	321	528.7	45.34	18.0	3.18	42.16	0.9907	0.1061	-38.97
YOR305W	289	534.7	53.53	69.0	4.27	49.26	0.9965	0.1078	-44.98
YOR306C	498	954.6	50.86	62.0	3.7	47.16	0.998	0.0725	-43.46
YOR307C	156	709.0	55.95	71.0	1.87	54.08	0.9744	0.1021	-52.22
YOR308C	111	461.4	50.66	14.0	1.79	48.86	0.9279	0.1158	-47.07
YOR309C	97	392.2	33.45	9.0	1.35	32.1	0.9691	0.0981	-30.75
YOR310C	194	448.6	43.31	23.5	2.45	40.86	0.9639	0.1193	-38.4
YOR311C	8122	565.7	49.58	28.0	12.48	37.11	0.9979	0.0872	-24.63
YOR312C	7877	562.5	48.95	27.0	12.58	36.37	0.9987	0.0865	-23.79
YOR313C	10	737.6	23.0	7.5	0.5	22.5	1.0	0.0317	-22.0
YOR314W-A	5	541.4	70.8	81.0	5.4	65.4	1.0	0.2018	-60.0
YOR315W	82	491.3	56.89	71.0	2.66	54.23	1.0	0.1327	-51.57
YOR316C	115	768.3	45.83	55.0	2.31	43.52	0.9913	0.0859	-41.21
YOR316C-A	11	368.1	31.0	11.0	1.36	29.64	0.9091	0.1082	-28.27
YOR317W	393	985.9	51.21	67.0	2.01	49.2	0.9796	0.0767	-47.2
YOR318C	257	546.3	49.72	63.0	2.14	47.58	0.9922	0.1027	-45.44
YOR319W	109	571.0	44.77	20.0	2.5	42.28	1.0	0.0872	-39.78
YOR320C	197	979.3	49.55	64.0	3.31	46.24	0.9949	0.0641	-42.93
YOR321W	82	721.4	51.15	68.5	1.44	49.71	0.939	0.1025	-48.27
YOR322C	189	498.0	45.67	21.0	3.67	42.0	0.9894	0.1115	-38.33
YOR323C	340	807.3	50.36	66.0	1.89	48.47	0.9912	0.0901	-46.57
YOR324C	32	730.9	67.75	70.0	1.59	66.16	1.0	0.1137	-64.56
YOR326W	409	752.9	48.46	45.0	2.54	45.92	0.978	0.0911	-43.38
YOR327C	287	455.0	49.46	62.0	2.85	46.61	0.993	0.1152	-43.76
YOR328W	81	591.3	54.95	72.0	1.73	53.22	1.0	0.1086	-51.49
YOR329C	86	639.6	59.0	73.0	5.24	53.76	1.0	0.119	-48.51
YOR329W-A	22	430.1	35.5	10.0	1.45	34.05	0.9545	0.1041	-32.59
YOR330C	287	727.1	57.45	46.0	2.16	55.29	1.0	0.0832	-53.14
YOR331C	210	519.7	54.16	71.0	3.08	51.08	1.0	0.113	-48.0
YOR332W	194	511.9	55.58	72.5	1.8	53.77	1.0	0.1165	-51.97
YOR333C	171	519.4	48.47	22.0	2.45	46.02	0.9942	0.0977	-43.57
YOR334W	553	523.4	47.85	34.0	2.27	45.57	0.9892	0.0952	-43.3
YOR335C	660	1086.6	47.18	20.0	2.13	45.05	0.9742	0.06	-42.91
YOR335W-A	433	718.5	48.24	56.0	2.18	46.06	0.9885	0.0809	-43.87
YOR336W	70	1064.1	44.4	20.0	1.86	42.54	1.0	0.071	-40.69
YOR337W	80	773.9	42.86	14.5	1.91	40.95	0.9875	0.0905	-39.04
YOR338W	58	461.5	39.74	17.0	2.72	37.02	1.0	0.0961	-34.29
YOR339C	55	380.9	38.76	12.0	1.51	37.25	1.0	0.107	-35.75
YOR340C	72	662.4	45.29	16.5	2.1	43.19	1.0	0.0944	-41.1
YOR341W	852	865.5	46.38	16.5	2.14	44.24	0.9859	0.0685	-42.11
YOR342C	385	555.6	51.74	70.0	3.1	48.64	0.9922	0.1129	-45.55
YOR343C	54	371.2	78.72	67.5	31.74	46.98	0.963	0.1972	-15.24
YOR343W-A	115	546.7	70.5	77.0	4.83	65.67	1.0	0.1286	-60.84
YOR343W-B	2873	650.9	48.69	48.0	3.03	45.66	0.9892	0.0795	-42.63
YOR344C	548	698.5	58.8	71.0	3.57	55.23	0.9891	0.1036	-51.66
YOR345C	82	445.2	57.83	71.0	7.98	49.85	1.0	0.1367	-41.88
YOR346W	178	585.5	45.92	20.5	2.16	43.76	1.0	0.1023	-41.61
YOR347C	76	578.3	46.47	32.0	2.49	43.99	1.0	0.0874	-41.5
YOR348C	37	966.6	48.89	15.0	7.03	41.86	0.973	0.0669	-34.84
YOR349W	64	541.4	44.66	20.5	1.45	43.2	0.9844	0.095	-41.75
YOR350C	43	735.3	47.02	21.0	2.44	44.58	1.0	0.0799	-42.14
YOR351C	5	424.4	67.8	78.0	1.4	66.4	1.0	0.157	-65.0
YOR352W	77	676.6	50.13	60.0	5.75	44.38	1.0	0.0889	-38.62
YOR353C	132	645.1	46.86	21.5	3.56	43.3	0.9924	0.0816	-39.73
YOR354C	129	703.4	60.87	64.0	9.36	51.5	1.0	0.1164	-42.14
YOR355W	264	819.4	71.59	72.0	22.64	48.95	0.9886	0.1267	-26.31
YOR356W	272	595.2	44.6	17.5	2.42	42.19	0.989	0.0891	-39.77
YOR357C	167	553.4	43.19	15.0	2.6	40.59	0.982	0.0857	-37.99
YOR358W	29	488.2	47.72	23.0	1.34	46.38	1.0	0.1044	-45.03
YOR359W	144	547.1	47.56	41.0	3.12	44.44	0.9861	0.1071	-41.32
YOR360C	443	608.1	49.23	60.0	3.16	46.07	0.9865	0.1067	-42.9
YOR361C	922	906.0	50.16	55.5	2.99	47.17	0.9848	0.0762	-44.18
YOR362C	269	801.1	52.09	65.0	2.35	49.74	0.9851	0.074	-47.39
YOR363C	62	576.5	50.11	40.0	5.27	44.84	0.9839	0.1189	-39.56
YOR364W	7	376.7	29.0	9.0	3.86	25.14	1.0	0.0808	-21.29
YOR365C	9	447.8	55.0	69.0	2.22	52.78	1.0	0.1175	-50.56
YOR366W	15	683.8	92.47	94.0	2.27	90.2	1.0	0.1356	-87.93
YOR367W	60	481.1	32.37	12.5	1.5	30.87	1.0	0.0678	-29.37
YOR368W	10460	508.8	50.28	63.0	2.5	47.79	0.9865	0.0993	-45.29
YOR369C	10085	504.7	49.48	59.0	2.27	47.2	0.9844	0.0988	-44.93
YOR370C	4252	571.6	91.17	92.0	2.31	88.86	0.996	0.1603	-86.56
YOR371C	37	481.3	50.41	64.0	3.68	46.73	0.973	0.1314	-43.05
YOR372C	49	756.4	52.12	71.0	6.53	45.59	0.9796	0.1006	-39.06
YOR373W	20	1236.5	65.35	79.5	2.95	62.4	1.0	0.0725	-59.45
YOR374W	687	468.5	36.17	9.0	2.95	33.22	0.9607	0.0859	-30.26
YOR375C	1319	878.6	40.56	11.0	2.5	38.06	0.9803	0.0576	-35.56
YOR376W	15	487.0	27.13	8.0	2.47	24.67	0.8667	0.05	-22.2
YOR376W-A	37	641.5	56.57	72.0	3.86	52.7	1.0	0.1058	-48.84
YOR377W	166	697.0	51.54	17.0	8.96	42.57	1.0	0.0901	-33.61
YOR378W	13	902.5	206.85	92.0	1.62	205.23	1.0	0.1866	-203.62
YOR379C	7	354.4	48.29	66.0	2.86	45.43	1.0	0.1303	-42.57
YOR380W	47	507.6	45.47	17.0	2.7	42.77	1.0	0.1099	-40.06
YOR381W	51	772.6	66.69	16.0	19.1	47.59	0.9804	0.1381	-28.49
YOR381W-A	32	384.4	49.91	70.0	2.94	46.97	1.0	0.1525	-44.03
YOR382W	70	385.2	48.44	60.0	8.4	40.04	0.9857	0.1254	-31.64
YOR383C	58	669.0	53.47	72.5	3.97	49.5	1.0	0.0911	-45.53
YOR384W	10	888.1	129.8	80.5	2.6	127.2	1.0	0.1629	-124.6
YOR385W	503	681.8	41.77	12.0	1.97	39.8	0.9901	0.0679	-37.83
YOR386W	139	769.3	52.67	65.0	3.72	48.95	1.0	0.0974	-45.23
YOR387C	21	574.7	62.86	76.0	14.52	48.33	1.0	0.128	-33.81
YOR389W	33	745.4	57.3	78.0	1.52	55.79	1.0	0.0714	-54.27
YOR390W	33	602.3	48.21	61.0	2.27	45.94	1.0	0.0929	-43.67
YOR391C	10	306.8	35.9	16.5	0.4	35.5	1.0	0.1028	-35.1
YOR396C-A	18	510.9	41.72	15.5	3.5	38.22	1.0	0.084	-34.72
YOR396W	38	657.2	57.03	70.5	4.26	52.76	1.0	0.1102	-48.5
YPL001W	121	802.6	50.4	23.0	4.18	46.22	0.9421	0.0697	-42.04
YPL002C	68	602.7	47.82	21.5	2.97	44.85	1.0	0.0925	-41.88
YPL003W	93	754.9	43.92	16.0	2.82	41.11	1.0	0.0687	-38.29
YPL004C	431	795.4	50.15	25.0	4.13	46.02	0.9814	0.0869	-41.89
YPL005W	313	512.2	44.05	16.0	3.27	40.78	0.984	0.1015	-37.5
YPL006W	134	795.1	53.63	69.0	4.34	49.29	0.9925	0.1	-44.96
YPL007C	91	726.9	49.35	64.0	2.64	46.71	1.0	0.0858	-44.08
YPL008W	63	878.6	45.0	19.0	0.75	44.25	1.0	0.0759	-43.51
YPL009C	485	617.4	43.41	14.0	2.53	40.87	0.9876	0.0781	-38.34
YPL010W	445	599.1	47.4	20.0	2.13	45.27	0.9843	0.0839	-43.13
YPL011C	243	589.8	49.21	37.0	1.5	47.7	0.9712	0.0917	-46.2
YPL012W	228	526.7	45.49	18.5	2.51	42.98	0.9693	0.1037	-40.47
YPL013C	107	453.6	38.8	12.0	3.34	35.47	0.9907	0.091	-32.13
YPL014W	141	611.8	42.52	12.0	2.21	40.32	0.9716	0.0791	-38.11
YPL015C	84	803.7	34.32	11.0	1.17	33.15	0.9762	0.0618	-31.99
YPL016W	59	611.5	50.81	61.0	2.59	48.22	1.0	0.1017	-45.63
YPL017C	47	736.7	58.15	79.0	5.72	52.43	1.0	0.1184	-46.7
YPL018W	20	616.8	53.1	17.5	1.55	51.55	0.9	0.0935	-50.0
YPL019C	889	796.2	46.84	18.0	3.04	43.8	0.9933	0.082	-40.76
YPL020C	691	513.7	46.67	21.0	2.77	43.9	0.9913	0.1039	-41.13
YPL021W	41	344.9	35.07	8.0	2.93	32.15	0.9756	0.0995	-29.22
YPL022W	106	834.2	56.29	67.0	3.28	53.01	0.9906	0.1007	-49.73
YPL023C	155	813.2	46.53	22.0	2.08	44.45	0.9935	0.0735	-42.36
YPL024W	99	553.7	46.64	24.0	2.7	43.94	1.0	0.0911	-41.24
YPL025C	6	305.3	18.17	5.0	0.0	18.17	1.0	0.048	-18.17
YPL026C	81	913.2	55.91	74.0	3.6	52.31	0.9753	0.081	-48.7
YPL027W	286	439.2	46.78	60.0	3.49	43.29	0.9965	0.1173	-39.8
YPL028W	609	875.1	52.8	71.0	2.34	50.47	0.9967	0.0798	-48.13
YPL029W	69	628.0	41.04	22.0	2.71	38.33	0.9855	0.0861	-35.62
YPL030W	51	782.6	42.51	29.0	1.98	40.53	0.9608	0.0766	-38.55
YPL031C	96	738.8	56.82	49.0	14.41	42.42	0.9896	0.0851	-28.01
YPL032C	183	932.2	59.11	76.0	3.98	55.13	0.9945	0.0987	-51.14
YPL033C	77	445.0	52.16	70.0	2.19	49.96	1.0	0.1305	-47.77
YPL034W	34	522.4	42.18	14.0	2.41	39.76	1.0	0.0959	-37.35
YPL035C	39	576.9	51.21	46.0	3.74	47.46	1.0	0.103	-43.72
YPL036W	23	746.0	59.65	73.0	5.39	54.26	1.0	0.1451	-48.87
YPL037C	1201	521.6	45.27	17.0	2.4	42.87	0.9942	0.0905	-40.47
YPL038W	1220	530.1	47.74	28.0	2.57	45.17	0.9926	0.0932	-42.6
YPL038W-A	41	566.0	35.71	8.0	1.85	33.85	1.0	0.0675	-32.0
YPL039W	38	673.0	52.37	44.5	1.89	50.47	1.0	0.0946	-48.58
YPL040C	38	855.0	62.34	73.5	3.29	59.05	1.0	0.0908	-55.76
YPL041C	37	541.9	63.78	79.0	3.95	59.84	0.973	0.1309	-55.89
YPL042C	96	735.0	52.15	69.0	4.51	47.64	1.0	0.0986	-43.12
YPL043W	199	567.4	36.15	10.0	2.47	33.68	0.9899	0.0791	-31.21
YPL044C	23	538.8	53.48	69.0	2.91	50.57	0.9565	0.1077	-47.65
YPL045W	126	896.6	53.8	65.0	2.43	51.37	0.9841	0.0789	-48.94
YPL046C	59	477.6	55.29	70.0	1.64	53.64	0.9831	0.1333	-52.0
YPL047W	291	479.4	48.46	39.0	5.76	42.7	0.9897	0.1033	-36.94
YPL048W	550	859.1	46.53	34.5	2.72	43.81	0.9709	0.0716	-41.09
YPL049C	96	797.2	53.48	73.0	1.48	52.0	0.9896	0.0909	-50.52
YPL050C	316	805.4	44.98	14.0	4.53	40.46	0.9937	0.0793	-35.93
YPL051W	217	490.9	40.86	13.0	3.05	37.81	0.9908	0.09	-34.76
YPL052W	262	841.4	49.14	61.5	1.98	47.16	0.9885	0.0635	-45.17
YPL053C	341	880.4	46.94	20.0	2.58	44.36	0.9941	0.0652	-41.78
YPL054W	124	454.1	52.69	63.5	6.54	46.15	1.0	0.1221	-39.61
YPL055C	46	532.0	42.96	17.0	2.52	40.43	1.0	0.0953	-37.91
YPL056C	35	427.8	46.06	54.0	1.94	44.11	0.9429	0.1119	-42.17
YPL057C	232	858.4	50.89	68.0	2.28	48.6	0.9914	0.0885	-46.32
YPL058C	147	609.6	53.79	71.0	2.15	51.64	0.9864	0.1139	-49.49
YPL059W	440	554.1	46.31	21.5	3.25	43.05	0.9886	0.0876	-39.8
YPL060C-A	63	739.5	84.48	76.0	7.65	76.83	1.0	0.1569	-69.17
YPL060W	283	566.3	45.4	26.0	3.44	41.96	0.9859	0.1028	-38.52
YPL061W	500	930.4	47.78	34.0	3.54	44.24	0.982	0.0648	-40.7
YPL062W	54	368.2	43.02	16.0	1.41	41.61	0.9444	0.1208	-40.2
YPL063W	101	915.9	37.17	12.0	1.89	35.28	1.0	0.0557	-33.39
YPL064C	88	646.7	44.88	18.5	1.47	43.41	0.9773	0.0636	-41.94
YPL065W	122	563.0	51.25	69.0	1.93	49.32	1.0	0.107	-47.39
YPL066W	96	800.9	54.62	57.0	2.55	52.07	1.0	0.0938	-49.52
YPL067C	53	525.7	51.4	66.0	4.47	46.92	0.9811	0.0982	-42.45
YPL068C	57	485.1	54.49	73.0	2.21	52.28	0.9825	0.1395	-50.07
YPL069C	122	571.5	47.55	65.0	1.89	45.66	0.9918	0.0956	-43.76
YPL070W	206	868.8	48.64	35.5	1.95	46.69	0.9951	0.0834	-44.74
YPL071C	48	448.7	47.33	25.0	1.5	45.83	1.0	0.1125	-44.33
YPL072W	80	558.3	48.24	41.5	1.86	46.38	1.0	0.1049	-44.51
YPL073C	22	394.3	39.23	15.0	3.95	35.27	1.0	0.1007	-31.32
YPL074W	133	590.6	42.73	15.0	3.1	39.63	1.0	0.0879	-36.53
YPL075W	233	752.4	45.73	15.0	3.46	42.27	0.9828	0.085	-38.8
YPL076W	68	578.4	49.65	62.0	2.9	46.75	1.0	0.1164	-43.85
YPL077C	31	536.1	34.65	13.0	1.61	33.03	1.0	0.0807	-31.42
YPL078C	4733	604.7	60.81	50.0	17.13	43.68	0.9989	0.1064	-26.56
YPL079W	3977	541.8	60.17	44.0	18.94	41.23	0.9982	0.1116	-22.29
YPL080C	546	578.0	111.27	144.0	18.59	92.68	0.9963	0.1918	-74.08
YPL081W	318	558.3	46.83	34.0	9.17	37.65	0.9937	0.0919	-28.48
YPL082C	78	1133.6	44.22	10.5	1.12	43.1	0.9872	0.0653	-41.99
YPL083C	127	492.8	41.14	15.0	2.54	38.61	1.0	0.0969	-36.07
YPL084W	141	718.9	41.07	14.0	2.82	38.25	0.9716	0.0784	-35.43
YPL085W	55	732.7	51.04	64.0	2.53	48.51	1.0	0.0817	-45.98
YPL086C	280	721.8	52.43	63.5	3.92	48.5	0.9964	0.1029	-44.58
YPL087W	410	753.9	47.39	23.0	2.9	44.49	0.9951	0.0784	-41.59
YPL088W	204	741.2	47.85	22.0	1.55	46.3	0.9951	0.0781	-44.75
YPL089C	262	680.0	52.16	72.0	2.41	49.75	0.9962	0.099	-47.34
YPL090C	5055	721.4	55.18	29.0	13.7	41.48	0.9988	0.0782	-27.77
YPL091W	3015	626.3	51.39	61.0	21.03	30.36	0.9983	0.0848	-9.33
YPL092W	154	538.6	51.21	66.0	4.12	47.1	1.0	0.1308	-42.98
YPL093W	257	647.9	46.27	37.0	1.91	44.36	0.9805	0.0859	-42.44
YPL094C	209	690.2	42.89	14.0	2.34	40.55	0.9904	0.0711	-38.21
YPL095C	179	524.3	42.45	19.0	2.72	39.73	1.0	0.0914	-37.01
YPL096C-A	28	452.9	37.04	18.5	0.71	36.32	1.0	0.0888	-35.61
YPL096W	133	593.1	47.66	56.0	2.41	45.26	0.9774	0.0956	-42.85
YPL097W	96	598.2	45.1	35.0	1.45	43.66	1.0	0.0917	-42.21
YPL098C	73	511.9	57.44	77.0	3.23	54.21	1.0	0.1269	-50.97
YPL099C	164	513.1	40.88	11.0	2.16	38.72	0.9939	0.0849	-36.55
YPL100W	146	603.8	50.53	65.0	1.92	48.61	0.9795	0.1006	-46.69
YPL101W	60	764.3	45.03	28.5	1.05	43.98	0.9833	0.0929	-42.93
YPL103C	55	634.1	41.38	17.0	3.71	37.67	1.0	0.0737	-33.96
YPL104W	65	722.4	49.82	25.0	2.72	47.09	1.0	0.0917	-44.37
YPL105C	212	627.4	37.46	12.0	1.75	35.71	0.9858	0.0872	-33.95
YPL106C	1670	828.1	43.75	14.0	2.18	41.57	0.9874	0.0743	-39.4
YPL107W	1065	466.6	40.9	12.0	4.48	36.42	0.9934	0.0897	-31.94
YPL108W	32	574.2	46.41	11.0	2.44	43.97	1.0	0.0862	-41.53
YPL109C	52	704.7	56.9	70.0	9.58	47.33	0.9808	0.1079	-37.75
YPL110C	138	607.6	51.97	68.0	7.19	44.78	0.9855	0.1069	-37.59
YPL111W	134	739.3	44.51	24.5	2.16	42.35	0.9552	0.0703	-40.19
YPL112C	104	541.7	52.43	69.0	2.24	50.19	1.0	0.1092	-47.95
YPL113C	86	505.6	52.31	66.5	2.5	49.81	1.0	0.1119	-47.31
YPL114W	14	623.3	46.64	45.5	1.86	44.79	1.0	0.1081	-42.93
YPL115C	67	841.8	34.43	11.0	2.49	31.94	1.0	0.0674	-29.45
YPL116W	53	697.9	47.21	15.0	2.87	44.34	1.0	0.0842	-41.47
YPL117C	491	774.4	52.44	71.0	2.45	49.99	0.9817	0.0802	-47.54
YPL118W	353	652.7	51.41	62.0	4.76	46.65	0.9887	0.0931	-41.88
YPL119C	13	466.7	39.62	30.0	2.62	37.0	1.0	0.097	-34.38
YPL119C-A	26	452.9	45.88	65.0	1.5	44.38	1.0	0.1082	-42.88
YPL120W	41	804.4	47.1	66.0	1.15	45.95	1.0	0.0872	-44.8
YPL122C	54	832.3	47.89	11.5	0.89	47.0	0.9815	0.0666	-46.11
YPL123C	147	819.0	46.54	20.0	4.91	41.63	1.0	0.0838	-36.72
YPL124W	130	499.3	45.0	21.0	2.81	42.19	0.9923	0.1044	-39.38
YPL125W	259	763.3	45.58	26.0	2.29	43.29	0.9961	0.0905	-40.99
YPL126W	227	912.3	45.72	20.0	2.58	43.14	0.9692	0.0695	-40.56
YPL127C	130	758.5	47.51	17.0	2.53	44.98	1.0	0.0756	-42.45
YPL128C	105	487.3	53.21	71.0	3.91	49.3	0.9905	0.1301	-45.38
YPL129W	142	635.4	62.87	62.5	24.34	38.53	0.993	0.1022	-14.19
YPL130W	1048	449.5	47.84	29.5	4.42	43.43	0.9952	0.1157	-39.01
YPL131W	3759	840.6	45.11	16.0	2.04	43.07	0.9952	0.062	-41.03
YPL132W	65	659.5	37.4	12.0	2.75	34.65	0.9231	0.067	-31.89
YPL133C	18	672.3	51.39	10.0	19.11	32.28	1.0	0.1052	-13.17
YPL134C	110	610.1	43.25	15.0	6.21	37.04	1.0	0.0867	-30.83
YPL135C-A	142	725.2	46.19	16.5	2.61	43.58	0.9859	0.0758	-40.96
YPL135W	165	682.7	49.24	64.0	2.18	47.06	0.9939	0.0831	-44.88
YPL136W	8	509.8	36.75	13.0	2.62	34.12	1.0	0.0701	-31.5
YPL137C	75	867.3	41.47	12.0	2.8	38.67	0.9733	0.0666	-35.87
YPL138C	71	582.1	36.04	13.0	2.45	33.59	0.9859	0.0766	-31.14
YPL139C	90	707.1	42.18	15.0	1.96	40.22	0.9667	0.0794	-38.27
YPL140C	109	555.1	48.13	53.0	3.37	44.76	0.9817	0.1127	-41.39
YPL141C	2914	439.4	63.47	47.0	26.76	36.7	0.9966	0.1399	-9.94
YPL142C	2927	433.9	64.32	48.0	26.02	38.3	0.9952	0.1434	-12.28
YPL143W	3059	436.6	64.97	48.0	26.8	38.17	0.9948	0.1438	-11.37
YPL144W	218	460.5	49.11	66.0	2.5	46.6	0.9954	0.1108	-44.1
YPL145C	371	913.1	51.1	68.0	3.06	48.04	0.9946	0.0814	-44.98
YPL146C	394	638.5	50.2	24.5	2.5	47.7	1.0	0.1042	-45.2
YPL147W	205	531.0	46.36	16.0	2.46	43.89	1.0	0.0961	-41.43
YPL148C	200	630.2	43.84	16.0	3.65	40.18	0.96	0.0787	-36.53
YPL149W	280	570.5	45.0	16.0	2.9	42.1	0.9857	0.0937	-39.2
YPL150W	145	603.3	39.89	11.0	1.79	38.1	1.0	0.0925	-36.3
YPL151C	143	756.7	54.8	74.0	3.33	51.47	0.986	0.0914	-48.14
YPL152W	102	633.9	38.67	12.0	1.75	36.92	0.9902	0.0781	-35.18
YPL152W-A	19	452.0	35.42	5.0	0.42	35.0	1.0	0.0951	-34.58
YPL153C	44	804.2	37.64	11.5	1.73	35.91	1.0	0.0861	-34.18
YPL154C	420	1007.5	47.32	66.0	2.46	44.86	0.9929	0.0619	-42.4
YPL155C	189	481.1	37.95	10.0	2.08	35.87	0.9894	0.0993	-33.78
YPL156C	112	547.5	43.88	16.5	2.64	41.23	0.9821	0.0955	-38.59
YPL157W	77	602.3	49.29	68.0	1.79	47.49	0.974	0.1018	-45.7
YPL158C	27	558.2	51.89	74.0	1.96	49.93	0.963	0.1376	-47.96
YPL159C	458	396.0	43.26	16.0	3.24	40.02	0.9978	0.1131	-36.78
YPL160W	1366	992.0	52.25	38.0	3.56	48.69	0.989	0.0736	-45.13
YPL161C	52	602.5	40.35	13.0	0.94	39.4	1.0	0.0776	-38.46
YPL162C	68	731.8	54.15	69.5	7.68	46.47	1.0	0.0975	-38.79
YPL163C	403	617.0	53.02	67.0	4.68	48.33	0.9826	0.101	-43.65
YPL164C	298	470.6	53.49	70.0	5.17	48.32	0.9832	0.1305	-43.14
YPL165C	51	786.8	63.24	76.0	1.8	61.43	1.0	0.1108	-59.63
YPL166W	15	677.4	50.4	19.0	1.93	48.47	1.0	0.0879	-46.53
YPL167C	82	652.6	47.95	18.0	5.39	42.56	0.9756	0.0927	-37.17
YPL168W	96	737.0	45.6	18.5	2.04	43.56	0.9896	0.0748	-41.52
YPL169C	618	587.3	43.73	17.0	2.48	41.25	0.9968	0.0825	-38.77
YPL170W	567	521.0	45.58	18.0	3.05	42.53	0.9788	0.09	-39.47
YPL171C	40	514.4	46.25	70.0	0.98	45.28	0.975	0.1043	-44.3
YPL172C	124	564.9	48.24	42.5	2.31	45.93	0.9919	0.1056	-43.61
YPL173W	88	621.4	40.0	10.0	2.85	37.15	0.9886	0.0882	-34.3
YPL174C	89	676.9	46.83	12.0	5.46	41.37	1.0	0.0816	-35.91
YPL175W	81	674.9	45.68	25.0	4.22	41.46	1.0	0.0826	-37.23
YPL176C	242	805.9	51.4	67.5	4.83	46.57	0.9835	0.0891	-41.73
YPL177C	288	709.3	42.28	16.0	2.21	40.07	0.9896	0.0678	-37.86
YPL178W	268	580.3	55.86	41.5	13.84	42.02	0.9813	0.1149	-28.18
YPL179W	183	739.3	54.38	31.0	11.64	42.74	1.0	0.0969	-31.09
YPL180W	87	631.7	44.36	16.0	2.25	42.1	0.9655	0.103	-39.85
YPL181W	80	676.8	42.7	12.0	1.41	41.29	0.9875	0.0819	-39.88
YPL183C	158	670.3	46.35	21.0	1.89	44.46	0.9873	0.0925	-42.57
YPL183W-A	120	465.3	45.92	20.5	1.58	44.33	0.9917	0.1012	-42.75
YPL184C	129	951.0	50.69	62.0	4.19	46.5	0.9922	0.0881	-42.3
YPL185W	69	452.3	48.55	62.0	2.14	46.41	1.0	0.1239	-44.26
YPL186C	1419	613.4	59.04	73.0	2.38	56.66	0.9958	0.1022	-54.28
YPL187W	1330	623.5	55.05	67.0	2.5	52.55	0.997	0.0937	-50.05
YPL188W	182	596.0	43.68	18.0	2.05	41.63	1.0	0.0936	-39.58
YPL189C-A	164	493.0	47.96	61.0	2.14	45.82	0.9939	0.0987	-43.68
YPL189W	46	434.3	41.57	11.5	4.07	37.5	0.9565	0.1084	-33.43
YPL190C	269	668.9	46.84	57.0	2.58	44.26	0.9926	0.0845	-41.67
YPL191C	87	733.8	54.6	71.0	5.02	49.57	0.9885	0.1146	-44.55
YPL192C	59	536.1	39.17	9.0	1.44	37.73	1.0	0.0762	-36.29
YPL193W	67	718.5	58.79	72.0	1.75	57.04	0.9851	0.1068	-55.3
YPL194W	64	499.0	57.05	75.0	1.73	55.31	1.0	0.1319	-53.58
YPL195W	162	645.4	47.25	20.5	2.14	45.1	0.9691	0.1006	-42.96
YPL196W	412	560.1	71.01	75.0	28.77	42.25	0.9879	0.1249	-13.48
YPL197C	389	536.1	75.28	76.0	34.97	40.31	0.9871	0.1331	-5.34
YPL198W	337	545.6	70.04	72.0	30.57	39.46	0.9822	0.1204	-8.89
YPL199C	93	584.4	44.11	13.0	1.39	42.72	0.9785	0.0812	-41.33
YPL200W	53	703.8	47.02	23.0	2.45	44.57	0.9811	0.0632	-42.11
YPL201C	22	425.1	39.59	12.5	0.77	38.82	1.0	0.1271	-38.05
YPL202C	83	698.9	44.01	17.0	2.47	41.54	1.0	0.0869	-39.07
YPL203W	155	692.8	51.07	68.0	2.51	48.56	0.9742	0.1059	-46.05
YPL204W	174	900.3	50.34	41.5	3.57	46.77	0.9885	0.0839	-43.2
YPL205C	12	455.2	54.58	66.5	3.42	51.17	1.0	0.1432	-47.75
YPL206C	216	631.0	48.94	26.0	2.54	46.4	0.9907	0.0918	-43.86
YPL207W	282	767.6	44.61	13.5	1.52	43.09	0.9752	0.0775	-41.57
YPL208W	66	962.2	46.41	65.5	1.06	45.35	0.9697	0.0667	-44.29
YPL209C	20	532.0	37.6	13.5	1.2	36.4	1.0	0.0622	-35.2
YPL210C	940	792.4	46.74	22.0	2.45	44.29	0.9926	0.0736	-41.83
YPL211W	737	572.4	44.76	18.0	2.22	42.54	0.9824	0.0841	-40.32
YPL212C	293	709.9	60.04	68.0	1.73	58.32	0.9966	0.0948	-56.59
YPL213W	79	430.0	39.24	15.0	1.85	37.39	0.9873	0.1008	-35.54
YPL214C	106	867.2	57.05	69.0	8.42	48.63	0.9811	0.0974	-40.22
YPL215W	101	661.7	45.38	25.0	1.28	44.1	0.9901	0.0925	-42.82
YPL216W	78	657.0	52.51	67.0	4.36	48.15	1.0	0.1027	-43.79
YPL217C	635	573.3	74.17	78.0	33.48	40.68	0.9874	0.1251	-7.2
YPL218W	621	550.6	75.26	78.0	33.26	42.01	0.9775	0.1298	-8.75
YPL219W	3500	607.3	51.56	68.0	2.78	48.78	0.996	0.0943	-46.0
YPL220W	3781	596.0	52.36	70.0	2.83	49.53	0.9955	0.0974	-46.7
YPL221W	1316	765.6	133.88	129.0	4.37	129.51	0.9985	0.1795	-125.15
YPL222C-A	13	530.9	63.62	74.0	1.77	61.85	1.0	0.1617	-60.08
YPL222W	19	901.5	53.53	71.0	1.11	52.42	1.0	0.0792	-51.32
YPL223C	20	498.8	55.6	67.5	2.3	53.3	1.0	0.1176	-51.0
YPL224C	1015	563.5	41.18	13.0	2.08	39.1	0.9882	0.078	-37.02
YPL225W	1086	502.0	41.95	13.0	2.33	39.62	0.989	0.0873	-37.29
YPL226W	435	822.0	49.76	64.0	3.62	46.14	0.954	0.0824	-42.53
YPL227C	179	711.8	46.29	21.0	2.25	44.04	1.0	0.0844	-41.79
YPL228W	146	597.7	44.69	14.0	3.75	40.94	0.9863	0.0944	-37.18
YPL229W	70	524.8	50.61	70.0	2.63	47.99	1.0	0.1044	-45.36
YPL230W	49	660.9	56.82	70.0	5.0	51.82	1.0	0.0939	-46.82
YPL231W	1370	967.4	51.85	65.0	2.96	48.89	0.9956	0.0867	-45.94
YPL232W	89	701.7	44.88	14.0	1.31	43.56	0.9888	0.0758	-42.25
YPL233W	48	423.8	57.69	65.0	2.44	55.25	0.9792	0.1561	-52.81
YPL234C	489	521.0	52.65	69.0	2.83	49.82	0.9959	0.1091	-47.0
YPL235W	612	743.2	53.4	70.0	2.7	50.7	0.9869	0.0881	-48.0
YPL236C	647	618.0	43.17	15.0	5.35	37.81	0.9629	0.0764	-32.46
YPL237W	1028	648.7	39.4	10.0	2.67	36.73	0.9611	0.0702	-34.06
YPL238C	977	650.2	42.93	13.0	4.46	38.47	0.9724	0.0752	-34.0
YPL239W	325	690.1	49.29	24.0	2.39	46.9	0.9846	0.0811	-44.51
YPL240C	1613	988.6	42.92	13.0	2.56	40.37	0.9702	0.0591	-37.81
YPL241C	521	518.8	41.98	13.0	3.83	38.16	0.9866	0.0912	-34.33
YPL242C	227	519.4	47.94	60.0	3.79	44.15	0.9868	0.1049	-40.37
YPL243W	388	822.0	47.05	19.0	2.79	44.26	0.9897	0.0776	-41.47
YPL244C	155	706.7	51.21	69.0	2.92	48.28	0.9935	0.0918	-45.36
YPL245W	152	729.0	45.5	17.0	4.78	40.72	0.9934	0.0764	-35.95
YPL246C	171	686.6	52.63	72.0	2.01	50.62	0.9883	0.093	-48.61
YPL247C	109	762.4	51.37	51.0	2.83	48.54	0.9908	0.0981	-45.72
YPL248C	64	652.5	46.53	43.0	2.14	44.39	1.0	0.1004	-42.25
YPL249C	41	748.5	49.88	57.0	4.05	45.83	0.9756	0.1007	-41.78
YPL249C-A	2929	425.0	53.76	37.0	16.53	37.23	0.9983	0.1218	-20.7
YPL250C	433	406.4	53.25	70.0	2.73	50.52	0.9931	0.1525	-47.79
YPL250W-A	3034	418.9	53.1	34.0	16.19	36.91	0.997	0.1227	-20.73
YPL251W	396	513.9	58.85	73.0	2.87	55.98	0.9975	0.1285	-53.11
YPL252C	331	494.1	58.18	73.0	3.29	54.89	0.997	0.1259	-51.6
YPL253C	86	564.3	43.56	22.0	1.62	41.94	0.9884	0.0989	-40.33
YPL254W	74	649.4	39.72	12.5	3.38	36.34	1.0	0.0797	-32.96
YPL255W	47	610.1	43.94	21.0	0.98	42.96	1.0	0.0931	-41.98
YPL256C	218	562.6	49.94	67.0	2.63	47.31	0.9862	0.1155	-44.68
YPL257W	133	558.7	49.82	71.0	2.08	47.74	1.0	0.1062	-45.65
YPL257W-A	117	790.8	49.79	67.0	3.68	46.12	0.9915	0.0918	-42.44
YPL257W-B	3989	975.8	49.15	33.0	2.21	46.94	0.9857	0.0608	-44.73
YPL258C	54	637.3	50.8	66.5	3.7	47.09	1.0	0.1034	-43.39
YPL259C	199	679.2	51.95	67.0	4.87	47.08	0.995	0.0944	-42.21
YPL260W	333	805.8	53.82	70.0	3.31	50.51	0.991	0.0892	-47.2
YPL261C	67	464.7	58.82	76.0	4.52	54.3	0.9851	0.1459	-49.78
YPL262W	195	998.0	51.44	66.0	2.64	48.79	0.9897	0.0667	-46.15
YPL263C	51	477.5	29.86	10.0	1.45	28.41	0.9804	0.08	-26.96
YPL264C	185	514.9	43.3	15.0	3.31	39.98	0.9676	0.0937	-36.67
YPL265W	200	864.8	45.76	24.0	3.5	42.26	0.97	0.0714	-38.76
YPL266W	333	657.9	40.3	13.0	2.23	38.06	0.979	0.0702	-35.83
YPL267W	51	482.5	36.67	9.0	1.61	35.06	0.9804	0.0748	-33.45
YPL268W	80	883.5	49.74	54.0	2.1	47.64	1.0	0.0884	-45.54
YPL269W	66	481.7	39.05	13.0	2.71	36.33	1.0	0.0935	-33.62
YPL270W	653	394.0	44.42	35.0	2.63	41.79	0.9893	0.1181	-39.16
YPL271W	603	351.8	47.73	62.0	3.73	44.01	0.9917	0.128	-40.28
YPL272C	299	393.1	44.05	14.0	5.89	38.16	0.9833	0.1072	-32.28
YPL273W	1749	890.9	50.68	60.0	2.72	47.97	0.9811	0.0637	-45.25
YPL274W	278	927.8	48.87	63.5	2.4	46.47	0.9856	0.0795	-44.08
YPL275W	20	777.2	192.45	80.5	126.45	66.0	1.0	0.1823	60.45
YPL276W	5	831.2	23.6	16.0	0.0	23.6	1.0	0.0259	-23.6
YPL277C	13	915.9	38.92	12.0	2.0	36.92	1.0	0.0641	-34.92
YPL278C	11	630.2	18.73	6.0	0.27	18.45	1.0	0.0452	-18.18
YPL279C	17	610.0	39.35	19.0	6.94	32.41	1.0	0.1095	-25.47
YPL280W	14	683.9	44.0	37.5	1.14	42.86	1.0	0.0747	-41.71
YPL283C	30	561.0	42.87	22.0	1.73	41.13	1.0	0.0849	-39.4
YPL283W-B	30	447.7	24.9	10.5	2.43	22.47	1.0	0.0646	-20.03
YPR001W	36	555.9	54.53	71.5	1.42	53.11	0.9722	0.1225	-51.69
YPR002C-A	77	303.3	53.25	46.0	13.1	40.14	0.974	0.178	-27.04
YPR002W	67	447.3	45.06	20.0	9.64	35.42	0.9552	0.1403	-25.78
YPR003C	175	597.5	52.19	64.0	3.02	49.17	0.9886	0.1079	-46.15
YPR004C	266	832.7	53.84	66.5	2.67	51.18	0.9887	0.0749	-48.51
YPR005C	73	557.0	45.89	18.0	1.86	44.03	0.9726	0.0951	-42.16
YPR006C	140	686.8	45.72	19.0	1.99	43.74	0.9857	0.0673	-41.75
YPR007C	16	701.6	46.62	41.0	5.75	40.88	0.9375	0.0729	-35.12
YPR008W	117	893.5	46.87	25.0	3.18	43.69	1.0	0.0772	-40.51
YPR009W	422	487.2	43.56	17.5	2.82	40.74	0.9858	0.0982	-37.92
YPR010C	556	964.8	45.68	18.5	2.64	43.04	0.9856	0.0714	-40.4
YPR010C-A	523	413.7	93.62	84.0	46.9	46.72	0.9981	0.2216	0.18
YPR011C	590	442.2	88.89	84.0	43.91	44.98	1.0	0.2074	-1.06
YPR012W	26	580.4	45.08	39.5	2.04	43.04	1.0	0.1032	-41.0
YPR013C	25	744.9	77.52	79.0	2.88	74.64	1.0	0.1168	-71.76
YPR014C	31	677.5	71.32	72.0	11.19	60.13	1.0	0.1382	-48.94
YPR015C	64	500.1	119.14	75.0	6.78	112.36	1.0	0.201	-105.58
YPR016C	196	640.2	51.08	30.0	3.98	47.1	0.9898	0.0972	-43.11
YPR016W-A	169	675.9	50.08	55.0	2.54	47.53	0.9941	0.0834	-44.99
YPR017C	36	533.8	40.42	7.0	1.22	39.19	0.9722	0.0674	-37.97
YPR018W	35	607.7	33.29	8.0	1.66	31.63	1.0	0.0616	-29.97
YPR019W	438	512.5	48.07	21.5	2.71	45.35	0.9977	0.0991	-42.64
YPR020W	393	477.4	45.47	20.0	2.21	43.26	0.9975	0.0947	-41.06
YPR021C	497	527.1	47.7	22.0	2.33	45.37	0.996	0.0945	-43.05
YPR022C	115	919.9	44.45	16.0	2.21	42.24	0.9826	0.0649	-40.03
YPR023C	220	645.2	47.6	24.5	2.0	45.6	0.9773	0.0908	-43.6
YPR024W	163	832.8	56.75	69.0	7.06	49.7	1.0	0.0994	-42.64
YPR025C	165	600.4	37.43	10.0	4.21	33.22	0.9818	0.0772	-29.02
YPR026W	42	737.2	41.14	11.5	2.29	38.86	0.9524	0.0628	-36.57
YPR027C	60	586.2	63.55	70.0	9.57	53.98	1.0	0.1237	-44.42
YPR028W	1341	614.4	83.71	80.0	37.08	46.63	0.9985	0.1341	-9.56
YPR029C	1327	626.6	85.15	80.0	39.5	45.65	0.9977	0.1358	-6.15
YPR030W	35	646.6	41.71	23.0	2.8	38.91	1.0	0.085	-36.11
YPR031W	26	656.3	47.58	73.5	1.35	46.23	0.9615	0.1064	-44.88
YPR032W	320	500.1	50.14	66.5	2.8	47.34	0.9844	0.1151	-44.53
YPR033C	541	860.7	53.46	69.0	2.42	51.04	0.9908	0.0834	-48.62
YPR034W	73	646.0	38.22	13.0	2.3	35.92	0.9863	0.0807	-33.62
YPR035W	1589	944.7	49.02	56.0	2.96	46.06	0.9648	0.0705	-43.1
YPR036W	1054	678.3	44.39	23.5	2.91	41.49	0.9867	0.0944	-38.58
YPR036W-A	766	448.4	51.95	70.0	4.63	47.33	0.9804	0.1182	-42.7
YPR037C	660	473.8	55.5	70.0	6.14	49.36	0.9803	0.1213	-43.22
YPR038W	643	470.4	54.51	73.0	5.42	49.09	0.9798	0.1194	-43.67
YPR039W	179	348.7	59.91	72.0	20.84	39.07	0.9888	0.1629	-18.23
YPR040W	59	602.5	40.92	13.0	2.42	38.49	1.0	0.0809	-36.07
YPR041W	602	804.0	48.69	31.5	3.03	45.66	0.9834	0.0808	-42.63
YPR042C	307	470.0	39.4	12.0	3.12	36.28	0.9739	0.0999	-33.16
YPR043W	2293	375.9	50.39	27.0	11.01	39.38	0.9974	0.1264	-28.37
YPR044C	2290	380.3	51.09	28.0	11.3	39.78	0.9956	0.1276	-28.48
YPR045C	2323	393.9	52.38	30.0	10.98	41.4	0.9974	0.1291	-30.41
YPR046W	48	560.9	33.15	9.0	1.65	31.5	0.9375	0.0542	-29.85
YPR047W	84	704.1	41.75	17.0	2.73	39.02	1.0	0.0724	-36.3
YPR048W	126	675.1	42.18	12.5	1.37	40.82	0.9921	0.0757	-39.45
YPR049C	116	592.1	37.28	12.5	2.75	34.53	0.9828	0.0662	-31.78
YPR050C	105	485.1	38.43	9.0	1.28	37.15	0.9905	0.0818	-35.88
YPR051W	111	485.8	38.56	11.0	2.68	35.88	0.991	0.0828	-33.21
YPR052C	108	466.6	36.84	11.0	1.82	35.02	1.0	0.0785	-33.19
YPR053C	106	508.6	36.14	11.0	2.81	33.33	1.0	0.0712	-30.52
YPR054W	92	462.8	37.0	11.0	2.07	34.93	1.0	0.0835	-32.87
YPR055W	95	983.4	49.42	36.0	1.57	47.85	0.9895	0.0688	-46.28
YPR056W	172	842.9	47.82	47.0	1.9	45.92	1.0	0.0749	-44.02
YPR057W	78	578.3	47.24	18.0	2.15	45.09	1.0	0.093	-42.94
YPR058W	235	615.0	39.3	13.0	2.82	36.48	0.9957	0.0759	-33.66
YPR059C	203	630.1	38.92	13.0	1.76	37.16	0.9901	0.0739	-35.4
YPR060C	180	567.1	53.62	25.5	9.49	44.13	1.0	0.1023	-34.63
YPR061C	321	519.8	43.37	14.0	1.6	41.77	0.9969	0.0862	-40.18
YPR062W	435	551.5	54.29	60.0	11.96	42.33	0.9931	0.0957	-30.37
YPR063C	422	554.0	53.0	37.5	12.63	40.37	0.9905	0.095	-27.74
YPR065W	86	792.6	47.8	58.0	3.23	44.57	0.9767	0.0769	-41.34
YPR066W	90	436.7	49.48	69.5	2.04	47.43	0.9889	0.1238	-45.39
YPR067W	35	485.4	43.31	15.0	1.63	41.69	1.0	0.1087	-40.06
YPR068C	479	535.0	47.85	18.0	7.58	40.27	0.9875	0.0958	-32.69
YPR069C	773	739.2	44.88	16.0	3.18	41.7	0.9806	0.0702	-38.51
YPR070W	82	898.3	46.52	62.0	2.09	44.44	0.9878	0.0678	-42.35
YPR071W	67	587.3	41.37	15.0	2.81	38.57	0.9851	0.0909	-35.76
YPR072W	383	700.0	45.96	18.0	2.25	43.7	0.9922	0.0763	-41.45
YPR073C	1111	474.8	44.51	18.0	2.99	41.52	0.9865	0.0996	-38.53
YPR074C	1539	932.4	48.78	26.0	2.66	46.12	0.9779	0.0741	-43.45
YPR074W-A	10	365.3	22.4	6.5	1.2	21.2	0.8	0.072	-20.0
YPR075C	24	607.3	48.67	49.5	1.17	47.5	0.9583	0.1118	-46.33
YPR076W	22	612.1	45.5	10.0	2.0	43.5	1.0	0.0866	-41.5
YPR077C	14	549.3	60.29	80.5	3.21	57.07	1.0	0.1164	-53.86
YPR078C	17	497.4	61.76	75.0	1.65	60.12	1.0	0.137	-58.47
YPR079W	60	552.1	40.4	11.5	1.92	38.48	0.95	0.0832	-36.57
YPR080W	9398	940.0	54.45	60.0	3.05	51.4	0.9582	0.0717	-48.35
YPR081C	4795	477.2	43.91	13.0	3.64	40.27	0.9512	0.0938	-36.63
YPR082C	47	510.7	42.34	20.0	1.17	41.17	1.0	0.0849	-40.0
YPR083W	85	744.6	53.68	71.0	1.99	51.69	1.0	0.0946	-49.71
YPR084W	92	606.0	52.78	70.5	1.7	51.09	1.0	0.1137	-49.39
YPR085C	84	649.3	41.45	11.0	2.92	38.54	1.0	0.0824	-35.62
YPR086W	213	796.0	44.87	18.0	2.81	42.06	0.9906	0.0744	-39.25
YPR087W	131	583.2	47.42	23.0	4.86	42.56	0.9924	0.0952	-37.69
YPR088C	193	856.6	47.59	18.0	4.23	43.36	0.9741	0.0752	-39.12
YPR089W	80	605.5	43.95	28.5	3.91	40.04	0.9625	0.1038	-36.12
YPR091C	193	364.5	33.0	10.0	1.97	31.03	0.9793	0.1232	-29.05
YPR092W	84	255.5	45.4	38.5	2.96	42.44	0.9881	0.1844	-39.48
YPR093C	202	378.7	45.53	19.5	2.51	43.02	0.9802	0.1399	-40.51
YPR094W	116	414.5	51.2	64.5	1.72	49.47	1.0	0.1209	-47.75
YPR095C	121	452.1	52.28	73.0	2.26	50.02	0.9835	0.1195	-47.75
YPR097W	173	733.3	60.91	75.0	10.6	50.31	0.9942	0.1074	-39.72
YPR098C	206	462.2	53.31	56.5	12.86	40.44	0.9951	0.1158	-27.58
YPR099C	126	487.8	58.38	50.0	12.59	45.79	0.9921	0.1168	-33.21
YPR100W	125	505.1	52.61	41.0	13.35	39.26	1.0	0.1052	-25.9
YPR101W	5539	556.3	42.55	12.0	2.22	40.33	0.9966	0.0794	-38.12
YPR102C	5804	558.6	42.7	13.0	2.02	40.67	0.995	0.0804	-38.65
YPR103W	780	819.9	49.91	23.0	3.1	46.82	0.9859	0.0701	-43.72
YPR104C	235	465.7	42.67	20.0	3.38	39.29	0.9915	0.0975	-35.91
YPR105C	121	933.0	46.87	15.0	2.64	44.23	0.9835	0.0659	-41.6
YPR106W	92	631.8	42.17	16.0	2.46	39.72	1.0	0.079	-37.26
YPR107C	91	512.4	43.46	17.0	1.67	41.79	0.989	0.0974	-40.12
YPR108W	642	1057.4	51.3	64.0	2.42	48.88	0.986	0.0571	-46.46
YPR108W-A	184	476.6	36.4	13.0	3.32	33.09	0.9946	0.0804	-29.77
YPR109W	502	539.1	40.45	12.0	2.38	38.07	0.9861	0.0837	-35.68
YPR110C	488	605.4	40.56	14.0	2.58	37.98	0.9898	0.084	-35.4
YPR111W	77	698.9	42.83	12.0	4.43	38.4	0.961	0.0718	-33.97
YPR112C	103	781.3	73.28	79.0	2.15	71.14	0.9709	0.1113	-68.99
YPR113W	506	705.4	43.47	13.0	3.11	40.36	0.9822	0.0655	-37.25
YPR114W	460	633.2	55.44	67.0	10.12	45.32	0.9913	0.1001	-35.2
YPR115W	180	666.2	38.87	12.5	2.22	36.66	0.9889	0.0933	-34.44
YPR116W	58	508.3	42.24	23.0	1.45	40.79	0.9828	0.0944	-39.34
YPR117W	107	707.3	53.07	58.0	6.2	46.88	0.9907	0.1001	-40.68
YPR118W	917	649.8	61.26	69.0	14.1	47.15	0.9902	0.1483	-33.05
YPR119W	80	698.8	52.09	64.5	2.6	49.49	1.0	0.0939	-46.89
YPR120C	131	518.8	76.3	74.0	21.54	54.76	0.9924	0.1427	-33.21
YPR121W	92	491.9	60.11	73.0	8.8	51.3	0.9891	0.1306	-42.5
YPR122W	215	480.1	56.73	72.0	3.68	53.05	0.9953	0.1321	-49.36
YPR123C	59	927.6	83.71	80.0	2.98	80.73	1.0	0.0932	-77.75
YPR124W	204	740.4	45.3	14.0	2.97	42.34	0.9902	0.0838	-39.37
YPR125W	162	513.2	38.54	13.0	2.32	36.22	0.9815	0.0976	-33.9
YPR126C	45	561.1	48.2	70.0	1.91	46.29	1.0	0.1063	-44.38
YPR127W	123	623.3	51.21	65.0	3.08	48.13	1.0	0.0973	-45.05
YPR128C	105	648.2	52.57	69.0	4.18	48.39	0.9905	0.0995	-44.21
YPR129W	125	625.8	43.03	14.0	1.19	41.84	0.992	0.0866	-40.65
YPR130C	118	662.7	46.93	14.0	1.79	45.14	1.0	0.0832	-43.36
YPR131C	95	439.8	35.75	10.0	3.35	32.4	0.9895	0.1074	-29.05
YPR132W	7132	516.4	88.13	79.0	49.34	38.79	0.9964	0.1608	10.55
YPR133C	7731	518.6	86.72	79.0	47.79	38.93	0.9956	0.1586	8.85
YPR133W-A	146	355.9	43.14	13.0	1.19	41.95	1.0	0.1119	-40.76
YPR134W	219	480.4	41.23	13.0	1.35	39.89	0.9909	0.0921	-38.54
YPR135W	65	519.7	49.38	68.0	2.49	46.89	1.0	0.1243	-44.4
YPR136C	18	395.7	42.22	16.5	1.17	41.06	0.8889	0.1233	-39.89
YPR137C-A	122	728.7	46.33	25.0	2.93	43.4	0.9918	0.0925	-40.48
YPR137C-B	2087	1271.7	49.59	58.0	2.35	47.23	0.9828	0.0574	-44.88
YPR137W	272	521.6	45.29	18.0	2.43	42.86	0.9926	0.1044	-40.42
YPR138C	170	594.2	48.79	16.0	6.69	42.09	0.9882	0.0906	-35.4
YPR139C	165	692.2	42.44	14.0	2.73	39.72	0.9939	0.0742	-36.99
YPR140W	69	700.2	45.81	18.0	3.9	41.91	0.971	0.0796	-38.01
YPR141C	55	576.4	44.18	12.0	2.65	41.53	0.9455	0.0852	-38.87
YPR142C	132	569.4	47.52	22.0	1.89	45.63	0.9924	0.0917	-43.73
YPR143W	142	540.3	45.58	18.5	2.51	43.06	0.9718	0.1014	-40.55
YPR144C	211	584.3	41.1	14.0	2.08	39.02	0.9668	0.0876	-36.95
YPR145C-A	1332	364.2	37.07	12.0	2.31	34.76	0.9722	0.1037	-32.45
YPR145W	1961	737.8	42.19	15.0	2.58	39.61	0.9771	0.0846	-37.03
YPR146C	138	622.2	44.51	21.0	2.45	42.07	0.9928	0.0907	-39.62
YPR147C	196	564.1	46.94	19.0	2.91	44.03	0.9898	0.1028	-41.12
YPR148C	182	624.2	67.02	46.5	23.03	43.99	0.9945	0.1189	-20.96
YPR149W	586	822.6	58.0	72.0	2.98	55.03	0.9966	0.0797	-52.05
YPR150W	170	481.4	52.04	67.0	5.09	46.95	0.9824	0.1166	-41.86
YPR151C	183	435.0	53.75	69.0	3.45	50.3	1.0	0.1309	-46.85
YPR152C	28	495.4	47.75	41.0	4.18	43.57	1.0	0.107	-39.39
YPR153W	25	677.2	84.64	87.0	2.0	82.64	1.0	0.1131	-80.64
YPR154W	377	588.1	48.21	43.0	3.29	44.93	0.9973	0.0978	-41.64
YPR155C	335	520.3	48.4	36.0	4.99	43.41	0.997	0.115	-38.42
YPR156C	146	932.3	67.16	78.5	7.15	60.01	0.9932	0.106	-52.86
YPR157W	62	539.8	49.66	58.5	4.15	45.52	0.9839	0.1009	-41.37
YPR158C-C	76	481.6	87.36	75.0	15.76	71.59	0.9868	0.2352	-55.83
YPR158C-D	686	587.8	52.7	33.0	4.48	48.22	0.9854	0.0957	-43.74
YPR158W	530	641.8	47.56	50.0	5.1	42.46	0.9698	0.0848	-37.36
YPR158W-A	183	500.1	48.48	20.0	5.05	43.43	0.9617	0.1059	-38.38
YPR158W-B	1924	1051.8	51.23	54.0	2.87	48.35	0.9771	0.0606	-45.48
YPR159C-A	133	438.6	45.4	29.0	1.99	43.41	0.9925	0.1129	-41.41
YPR159W	273	862.3	70.4	71.0	5.34	65.05	1.0	0.1274	-59.71
YPR160C-A	11	690.8	70.73	72.0	1.09	69.64	1.0	0.1028	-68.55
YPR160W	192	787.0	50.99	65.0	2.94	48.05	0.9896	0.0898	-45.1
YPR160W-A	7	464.7	51.43	75.0	3.43	48.0	1.0	0.1213	-44.57
YPR161C	148	586.1	47.1	33.0	2.11	44.99	0.9932	0.0999	-42.89
YPR162C	225	512.6	42.73	15.0	3.33	39.4	0.9911	0.0941	-36.07
YPR163C	257	724.6	42.97	13.0	2.68	40.3	0.9494	0.0774	-37.62
YPR164W	49	867.8	73.16	80.0	2.27	70.9	0.9184	0.1065	-68.63
YPR165W	850	672.4	46.34	16.0	2.08	44.25	0.9929	0.0793	-42.17
YPR166C	585	542.8	50.69	32.0	11.21	39.48	0.9949	0.0949	-28.27
YPR167C	330	461.7	46.48	21.5	2.09	44.39	0.997	0.1064	-42.3
YPR168W	9	422.4	46.44	64.0	0.56	45.89	0.8889	0.129	-45.33
YPR169W	191	750.5	42.79	12.0	6.82	35.97	0.9843	0.0738	-29.15
YPR169W-A	344	476.7	65.38	76.0	7.58	57.8	1.0	0.1355	-50.22
YPR170C	372	470.0	66.22	77.0	10.87	55.35	0.9973	0.1388	-44.49
YPR170W-A	344	475.6	64.44	77.0	8.31	56.14	1.0	0.135	-47.83
YPR170W-B	332	463.6	58.48	72.0	7.62	50.86	0.994	0.1258	-43.23
YPR171W	381	528.2	63.31	77.0	6.69	56.62	0.9974	0.1306	-49.93
YPR172W	116	436.4	43.76	16.0	1.28	42.47	0.9914	0.1091	-41.19
YPR173C	156	719.8	43.71	19.5	2.27	41.44	0.9744	0.0815	-39.17
YPR174C	10	432.3	57.2	77.0	1.6	55.6	0.9	0.1264	-54.0
YPR175W	186	852.1	55.81	69.0	5.97	49.83	0.9892	0.0929	-43.86
YPR176C	176	685.3	48.06	63.5	3.84	44.22	0.9943	0.0878	-40.39
YPR177C	5	862.2	88.6	97.0	2.4	86.2	1.0	0.0899	-83.8
YPR178W	44	634.1	47.86	17.0	1.7	46.16	0.9318	0.1026	-44.45
YPR179C	61	511.3	42.48	12.0	3.41	39.07	1.0	0.0921	-35.66
YPR180W	265	624.5	53.02	68.0	2.23	50.79	1.0	0.1067	-48.56
YPR181C	347	855.5	53.71	70.0	3.23	50.48	0.9914	0.0921	-47.25
YPR182W	47	452.5	72.94	68.0	4.26	68.68	0.9787	0.1464	-64.43
YPR183W	509	697.0	48.35	32.0	3.3	45.04	0.9961	0.0843	-41.74
YPR184W	165	462.2	53.35	70.0	4.84	48.52	1.0	0.1366	-43.68
YPR185W	78	811.0	57.63	77.0	2.69	54.94	0.9872	0.1039	-52.24
YPR186C	612	545.4	51.59	35.5	16.6	34.99	0.9886	0.0942	-18.39
YPR187W	668	545.6	53.09	37.0	16.93	36.16	0.994	0.0935	-19.23
YPR188C	743	543.3	51.94	38.0	15.67	36.28	0.9892	0.0943	-20.61
YPR189W	372	625.1	42.66	13.0	2.46	40.2	0.9892	0.0889	-37.74
YPR190C	185	750.5	44.29	12.0	2.9	41.38	0.9892	0.0835	-38.48
YPR191W	384	716.4	54.36	69.5	2.33	52.03	1.0	0.1039	-49.7
YPR192W	33	669.4	57.67	73.0	2.27	55.39	1.0	0.1178	-53.12
YPR193C	6	484.3	49.0	43.5	4.5	44.5	1.0	0.1184	-40.0
YPR194C	79	797.2	43.32	17.0	1.89	41.43	1.0	0.0744	-39.54
YPR195C	140	762.0	280.49	90.0	3.7	276.79	1.0	0.2859	-273.09
YPR196W	65	605.6	155.91	79.0	92.0	63.91	1.0	0.2139	28.09
YPR197C	15	539.5	59.6	81.0	2.53	57.07	1.0	0.1331	-54.53
YPR198W	229	827.6	86.24	72.0	37.66	48.59	0.9869	0.1115	-10.93
YPR199C	143	598.0	54.48	43.0	11.91	42.57	0.993	0.1	-30.66
YPR200C	20	358.0	38.2	14.0	4.8	33.4	1.0	0.1075	-28.6
YPR201W	47	636.0	124.85	75.0	1.26	123.6	1.0	0.1574	-122.34
YPR202W	11	504.5	136.18	101.0	72.55	63.64	1.0	0.2486	8.91
YPR204C-A	27	534.9	38.3	14.0	1.19	37.11	1.0	0.0814	-35.93
YPR204W	26	652.6	37.81	14.0	3.0	34.81	1.0	0.0651	-31.81
