transcript	n_reads	mean_read_length	mean_clip_total	median_clip_total	mean_clip_5p	mean_clip_3p	frac_clipped	mean_clip_frac	asymmetry
Q0010	10	623.1	409.4	354.5	89.3	320.1	1.0	0.5576	-230.8
Q0045	144	588.7	108.03	75.5	32.14	75.9	0.9514	0.1687	-43.76
Q0050	30	635.6	123.37	76.0	66.3	57.07	0.9333	0.1842	9.23
Q0055	90	526.3	61.72	45.0	22.76	38.97	0.9444	0.1205	-16.21
Q0060	62	502.3	79.66	20.5	46.77	32.89	0.9194	0.158	13.89
Q0065	85	473.5	71.71	69.0	25.39	46.32	0.9647	0.1575	-20.93
Q0070	85	628.6	87.4	67.0	37.95	49.45	0.9529	0.1457	-11.49
Q0080	8	683.2	538.62	569.0	232.75	305.88	1.0	0.7778	-73.12
Q0085	59	661.6	214.27	150.0	73.53	140.75	1.0	0.2951	-67.22
Q0105	61	596.9	191.08	123.0	90.33	100.75	0.9672	0.3124	-10.43
Q0120	14	647.4	269.86	79.5	141.79	128.07	0.8571	0.2692	13.71
Q0130	185	500.6	290.24	204.0	174.56	115.68	1.0	0.5032	58.89
Q0140	30	476.9	147.67	101.0	71.7	75.97	0.9667	0.2764	-4.27
Q0160	148	596.9	259.83	194.0	170.34	89.49	0.9932	0.3405	80.84
Q0250	46	484.2	91.33	78.5	30.07	61.26	1.0	0.2013	-31.2
Q0255	24	511.5	107.54	74.5	40.58	66.96	0.9583	0.2108	-26.38
Q0275	27	757.2	366.41	370.0	40.85	325.56	1.0	0.4027	-284.7
YAL001C	76	782.1	106.86	104.0	7.43	99.42	1.0	0.1857	-91.99
YAL002W	51	920.8	111.98	106.0	11.14	100.84	1.0	0.1763	-89.71
YAL003W	5740	633.2	254.29	275.0	38.0	216.29	0.9995	0.4157	-178.29
YAL005C	3381	966.6	180.38	163.0	10.53	169.85	0.997	0.2692	-159.31
YAL007C	397	623.6	209.21	210.0	21.83	187.38	0.9975	0.3622	-165.55
YAL008W	123	634.6	199.66	199.0	20.15	179.5	1.0	0.3364	-159.35
YAL009W	58	578.7	144.21	128.5	7.67	136.53	1.0	0.2966	-128.86
YAL010C	78	673.8	145.46	122.0	10.49	134.97	1.0	0.2648	-124.49
YAL011W	27	645.3	134.7	109.0	1.78	132.93	1.0	0.2384	-131.15
YAL012W	734	835.1	157.52	167.0	13.3	144.21	0.9973	0.2356	-130.91
YAL013W	60	648.8	145.33	144.5	5.35	139.98	1.0	0.2606	-134.63
YAL014C	81	613.9	160.37	155.0	6.23	154.14	1.0	0.3117	-147.9
YAL015C	74	674.6	161.3	144.5	2.3	159.0	1.0	0.306	-156.7
YAL016C-B	37	288.9	123.03	116.0	88.59	34.43	1.0	0.3728	54.16
YAL016W	496	863.9	122.7	130.0	8.9	113.79	1.0	0.2001	-104.89
YAL017W	93	846.7	233.11	215.0	9.1	224.01	1.0	0.3407	-214.91
YAL018C	9	510.8	160.11	174.0	14.44	145.67	1.0	0.368	-131.22
YAL019W	191	716.4	103.15	88.0	2.44	100.71	0.9843	0.1947	-98.27
YAL020C	60	655.6	119.95	103.5	2.03	117.92	1.0	0.2174	-115.88
YAL021C	68	922.6	233.81	249.0	13.31	220.5	0.9853	0.3364	-207.19
YAL022C	76	781.1	102.41	108.0	2.36	100.05	1.0	0.1894	-97.7
YAL023C	484	895.9	161.86	159.5	8.2	153.66	0.9938	0.2691	-145.46
YAL024C	31	801.7	174.45	170.0	5.84	168.61	1.0	0.2928	-162.77
YAL025C	68	475.3	235.01	237.5	1.96	233.06	1.0	0.5244	-231.1
YAL026C	56	947.4	163.79	158.5	3.77	160.02	0.9821	0.2118	-156.25
YAL026C-A	61	340.8	75.08	76.0	42.8	32.28	1.0	0.2027	10.52
YAL027W	89	765.6	174.11	185.0	24.89	149.22	1.0	0.2412	-124.34
YAL028W	61	501.0	103.69	90.0	1.64	102.05	1.0	0.241	-100.41
YAL029C	216	894.4	133.0	126.0	4.21	128.78	1.0	0.2184	-124.57
YAL030W	40	454.5	184.55	184.0	27.28	157.28	1.0	0.4191	-130.0
YAL031C	34	976.1	163.47	173.5	4.47	159.0	1.0	0.2085	-154.53
YAL031W-A	15	367.6	116.13	106.0	16.47	99.67	1.0	0.3105	-83.2
YAL032C	23	558.1	129.48	128.0	3.65	125.83	0.913	0.2868	-122.17
YAL033W	278	571.4	117.87	106.0	3.69	114.18	0.9964	0.2126	-110.49
YAL034C	48	717.0	176.19	147.0	38.08	138.1	0.9792	0.2832	-100.02
YAL034C-B	22	268.1	156.73	162.0	104.45	52.27	1.0	0.6153	52.18
YAL034W-A	25	491.8	128.68	117.0	7.96	120.72	1.0	0.3074	-112.76
YAL035W	507	862.7	165.26	171.0	3.82	161.44	0.9941	0.2837	-157.61
YAL036C	223	785.6	219.11	201.0	6.54	212.57	1.0	0.3368	-206.02
YAL037C-A	12	477.9	397.83	375.5	111.17	286.67	1.0	0.815	-175.5
YAL037C-B	9073	586.2	182.65	171.0	2.93	179.71	0.999	0.3702	-176.78
YAL037W	16	578.5	227.75	174.0	63.5	164.25	1.0	0.3907	-100.75
YAL038W	4155	1420.4	198.2	197.0	9.93	188.27	0.9961	0.1528	-178.34
YAL039C	125	705.3	129.85	128.0	20.5	109.35	1.0	0.2099	-88.86
YAL040C	97	982.0	249.06	238.0	50.52	198.55	1.0	0.3115	-148.03
YAL041W	109	633.3	97.79	73.0	2.55	95.24	0.9908	0.1999	-92.69
YAL042W	296	755.1	119.42	100.0	3.72	115.7	0.9966	0.2045	-111.98
YAL043C	61	745.6	111.34	92.0	2.1	109.25	0.9836	0.2016	-107.15
YAL044C	201	491.9	120.13	97.0	2.98	117.16	0.995	0.2646	-114.18
YAL044W-A	68	413.6	149.54	138.5	5.78	143.76	1.0	0.3751	-137.99
YAL046C	82	459.3	153.62	131.5	4.77	148.85	1.0	0.3355	-144.09
YAL047C	49	786.8	92.31	65.0	4.2	88.1	1.0	0.1564	-83.9
YAL048C	14	1513.1	571.07	452.5	2.57	568.5	1.0	0.3086	-565.93
YAL049C	228	709.6	191.26	182.0	34.1	157.16	1.0	0.2941	-123.07
YAL051W	47	614.2	162.7	163.0	2.32	160.38	1.0	0.341	-158.06
YAL053W	245	1099.7	130.71	138.0	13.18	117.53	0.9959	0.1938	-104.36
YAL054C	70	522.8	193.34	193.5	2.71	190.63	1.0	0.4055	-187.91
YAL055W	28	421.9	117.57	100.5	3.11	114.46	1.0	0.3085	-111.36
YAL056C-A	21	310.5	75.57	72.0	3.67	71.9	1.0	0.2317	-68.24
YAL056W	147	667.6	117.63	105.0	3.23	114.39	1.0	0.2493	-111.16
YAL058W	34	966.3	134.85	133.0	10.65	124.21	1.0	0.1724	-113.56
YAL059W	186	589.3	211.01	206.0	1.8	209.21	1.0	0.3951	-207.41
YAL060W	168	797.8	153.55	144.0	19.42	134.12	0.994	0.2549	-114.7
YAL061W	45	879.1	303.89	245.0	15.6	288.29	1.0	0.3807	-272.69
YAL062W	33	587.3	170.3	154.0	10.09	160.21	1.0	0.3299	-150.12
YAL063C	82	560.5	170.41	150.0	23.06	147.35	1.0	0.3147	-124.29
YAL063C-A	47	838.6	565.57	567.0	326.57	239.0	1.0	0.6514	87.57
YAL067C	10	830.1	255.3	256.5	1.2	254.1	1.0	0.3771	-252.9
YAL068C	5	277.8	163.4	167.0	3.2	160.2	1.0	0.5755	-157.0
YAR002C-A	351	623.8	134.91	133.0	6.93	127.98	0.9943	0.2406	-121.05
YAR002W	115	544.1	145.58	149.0	3.17	142.41	0.9739	0.347	-139.23
YAR003W	82	844.1	382.41	472.5	10.22	372.2	0.9878	0.4597	-361.98
YAR007C	120	1015.6	133.43	130.5	25.25	108.18	1.0	0.2121	-82.92
YAR008W	100	758.8	182.55	182.5	45.4	137.15	1.0	0.2625	-91.75
YAR009C	2272	870.4	330.48	334.0	2.64	327.84	0.9952	0.4181	-325.21
YAR010C	19	603.4	168.21	175.0	11.42	156.79	1.0	0.2857	-145.37
YAR014C	142	608.1	214.19	202.5	2.75	211.44	0.993	0.4204	-208.68
YAR015W	107	829.5	201.9	200.0	39.07	162.83	1.0	0.2834	-123.77
YAR018C	39	524.3	171.87	183.0	2.85	169.03	1.0	0.3827	-166.18
YAR019C	56	682.3	123.55	122.5	9.54	114.02	1.0	0.2582	-104.48
YAR023C	35	605.4	198.66	131.0	86.6	112.06	1.0	0.2838	-25.46
YAR027W	396	696.7	216.82	217.5	22.05	194.77	1.0	0.3408	-172.72
YAR028W	161	716.8	273.3	241.0	9.24	264.06	1.0	0.3967	-254.82
YAR030C	34	609.1	385.24	238.5	343.03	42.21	1.0	0.5015	300.82
YAR031W	22	678.5	259.86	224.5	67.64	192.23	1.0	0.4207	-124.59
YAR033W	44	662.9	167.91	171.0	21.0	146.91	0.9773	0.2666	-125.91
YAR035W	25	566.8	151.28	161.0	6.24	145.04	1.0	0.3083	-138.8
YAR042W	60	887.6	234.63	203.5	3.02	231.62	0.9833	0.3592	-228.6
YAR050W	32	801.9	228.56	103.0	104.06	124.5	1.0	0.2096	-20.44
YAR053W	76	456.7	221.79	203.0	55.63	166.16	1.0	0.4635	-110.53
YAR061W	5	1262.2	513.2	401.0	115.2	398.0	1.0	0.4037	-282.8
YAR064W	5	1222.2	934.6	977.0	616.6	318.0	1.0	0.75	298.6
YAR068W	10	531.3	277.4	203.0	96.2	181.2	1.0	0.5113	-85.0
YAR069C	5	527.6	342.0	248.0	283.2	58.8	1.0	0.572	224.4
YAR071W	611	633.4	110.4	111.0	8.12	102.28	1.0	0.2406	-94.17
YBL001C	764	417.3	139.82	135.0	14.65	125.17	1.0	0.3287	-110.52
YBL002W	871	601.7	264.96	263.0	20.06	244.9	1.0	0.4458	-224.84
YBL003C	3197	581.5	230.21	223.0	16.35	213.86	0.9997	0.4023	-197.52
YBL004W	290	901.3	101.9	81.5	7.71	94.19	0.9897	0.1688	-86.48
YBL005W	173	722.1	281.44	104.0	212.68	68.76	0.9884	0.3327	143.92
YBL005W-A	23	489.3	76.22	80.0	26.09	50.13	1.0	0.1645	-24.04
YBL005W-B	1800	1283.0	309.74	329.0	3.23	306.5	0.9917	0.2926	-303.27
YBL006C	156	638.4	217.01	209.5	9.12	207.89	1.0	0.3576	-198.78
YBL007C	254	812.4	131.8	140.0	4.99	126.81	1.0	0.2384	-121.83
YBL008W	54	599.0	141.39	149.5	1.52	139.87	1.0	0.2782	-138.35
YBL009W	74	772.9	168.11	162.0	10.89	157.22	1.0	0.3195	-146.32
YBL010C	27	619.6	219.04	207.0	4.93	214.11	1.0	0.4368	-209.19
YBL011W	105	636.8	177.92	198.0	8.58	169.34	0.9714	0.3819	-160.76
YBL014C	48	875.4	141.79	144.5	5.44	136.35	1.0	0.219	-130.92
YBL015W	75	938.3	301.16	305.0	17.56	283.6	1.0	0.4068	-266.04
YBL016W	85	767.7	171.91	156.0	11.91	160.0	1.0	0.2802	-148.09
YBL017C	194	801.6	106.99	82.5	7.37	99.63	1.0	0.2344	-92.26
YBL018C	164	488.2	158.3	152.0	55.72	102.58	1.0	0.3178	-46.86
YBL019W	91	603.8	164.84	157.0	10.91	153.92	0.989	0.3735	-143.01
YBL020W	95	860.3	143.09	151.0	12.76	130.34	1.0	0.242	-117.58
YBL021C	44	590.6	228.93	202.0	25.25	203.68	1.0	0.3972	-178.43
YBL022C	210	697.7	112.87	93.0	2.3	110.57	0.9905	0.2369	-108.28
YBL023C	85	705.7	200.69	193.0	2.69	198.0	0.9882	0.3281	-195.31
YBL024W	196	963.6	177.88	176.5	4.34	173.54	1.0	0.2503	-169.2
YBL025W	22	766.9	507.55	501.0	29.45	478.09	1.0	0.6847	-448.64
YBL026W	901	467.5	247.56	238.0	81.66	165.9	1.0	0.5221	-84.24
YBL027W	5118	515.2	128.38	110.0	7.35	121.03	0.999	0.2736	-113.68
YBL028C	785	532.3	262.02	277.0	16.35	245.67	1.0	0.4814	-229.32
YBL029C-A	283	452.5	190.96	188.0	43.59	147.37	1.0	0.4155	-103.79
YBL029W	70	519.0	111.63	98.5	8.87	102.76	1.0	0.2521	-93.89
YBL030C	807	846.5	335.9	345.0	26.57	309.33	0.9988	0.4503	-282.75
YBL031W	23	621.8	183.26	167.0	4.22	179.04	1.0	0.3746	-174.83
YBL032W	168	694.6	229.39	237.0	12.8	216.59	0.994	0.4108	-203.79
YBL033C	189	686.5	118.08	129.0	3.89	114.19	0.9894	0.2207	-110.3
YBL034C	55	919.4	188.78	177.0	3.87	184.91	1.0	0.2996	-181.04
YBL035C	62	701.4	94.53	78.0	3.89	90.65	1.0	0.1901	-86.76
YBL036C	380	739.0	177.34	166.0	4.73	172.61	1.0	0.273	-167.88
YBL037W	54	990.9	130.59	129.5	7.41	123.19	1.0	0.1712	-115.78
YBL038W	86	573.4	137.12	131.5	22.0	115.12	1.0	0.2649	-93.12
YBL039C	580	863.3	186.67	184.0	12.79	173.88	0.9897	0.2976	-161.09
YBL039W-B	121	508.8	338.6	329.0	162.86	175.74	1.0	0.6513	-12.88
YBL040C	575	676.0	163.18	165.0	28.32	134.87	1.0	0.2554	-106.55
YBL041W	588	519.7	126.58	128.0	10.35	116.23	0.9966	0.2758	-105.89
YBL042C	163	807.3	190.86	189.0	8.16	182.7	0.9877	0.3237	-174.54
YBL043W	23	681.7	237.65	247.0	55.13	182.52	1.0	0.3743	-127.39
YBL045C	318	921.4	302.4	295.0	32.79	269.6	0.9969	0.4058	-236.81
YBL046W	42	478.9	192.93	182.5	0.81	192.12	1.0	0.43	-191.31
YBL047C	265	749.7	226.5	221.0	4.57	221.93	0.9962	0.3776	-217.35
YBL048W	14	374.4	179.79	155.0	121.71	58.07	1.0	0.4127	63.64
YBL049W	20	750.4	413.6	393.5	104.35	309.25	1.0	0.5384	-204.9
YBL050W	325	699.7	134.72	138.0	35.19	99.54	0.9969	0.2102	-64.35
YBL051C	72	840.6	278.6	220.0	3.58	275.01	1.0	0.4059	-271.43
YBL052C	8	437.4	16.75	10.0	0.75	16.0	1.0	0.046	-15.25
YBL053W	6	323.3	81.83	46.5	2.0	79.83	1.0	0.2303	-77.83
YBL054W	81	756.8	199.65	197.0	13.79	185.86	1.0	0.3497	-172.07
YBL055C	224	722.5	151.84	131.0	6.61	145.23	0.9955	0.276	-138.62
YBL056W	368	992.9	354.54	368.5	19.35	335.2	0.9973	0.4487	-315.85
YBL057C	141	532.9	110.6	88.0	2.51	108.09	1.0	0.2387	-105.57
YBL058W	207	707.6	153.59	137.0	4.74	148.85	1.0	0.2791	-144.1
YBL059C-A	119	476.4	227.32	220.0	23.89	203.43	0.9916	0.4718	-179.54
YBL059W	44	456.7	98.68	81.0	3.93	94.75	1.0	0.2319	-90.82
YBL060W	63	584.1	109.22	99.0	48.27	60.95	1.0	0.259	-12.68
YBL061C	157	941.9	114.31	104.0	4.18	110.13	0.9936	0.1452	-105.95
YBL062W	112	350.1	108.57	95.0	2.01	106.56	1.0	0.3189	-104.55
YBL063W	43	799.3	125.19	121.0	11.19	114.0	0.9767	0.2274	-102.81
YBL064C	184	635.1	118.35	115.0	11.82	106.53	1.0	0.2126	-94.72
YBL065W	5	283.2	79.2	98.0	21.6	57.6	1.0	0.2907	-36.0
YBL066C	42	979.4	264.83	304.5	1.83	263.0	1.0	0.3438	-261.17
YBL067C	145	703.1	155.61	140.0	5.14	150.47	1.0	0.2809	-145.33
YBL068W	252	708.8	163.94	161.5	11.59	152.36	1.0	0.277	-140.77
YBL069W	77	785.8	158.97	156.0	22.18	136.79	1.0	0.241	-114.61
YBL071C	39	406.1	188.38	208.0	119.41	68.97	0.9487	0.387	50.44
YBL071W-A	9	511.9	285.22	296.0	25.22	260.0	1.0	0.5316	-234.78
YBL072C	11002	633.0	148.97	135.0	12.85	136.12	0.9994	0.2525	-123.27
YBL074C	5	935.6	321.4	357.0	145.6	175.8	1.0	0.2902	-30.2
YBL075C	35	660.5	98.8	86.0	1.8	97.0	1.0	0.2109	-95.2
YBL076C	1106	1125.4	131.0	110.0	3.89	127.12	0.9937	0.1474	-123.23
YBL077W	777	311.2	46.7	45.0	9.04	37.66	0.9949	0.1417	-28.62
YBL078C	204	676.8	367.35	467.0	11.48	355.88	1.0	0.5163	-344.4
YBL079W	317	852.1	126.31	131.0	3.32	122.99	1.0	0.2243	-119.67
YBL080C	36	694.8	130.69	116.0	3.08	127.61	1.0	0.249	-124.53
YBL081W	54	749.2	184.31	148.0	43.37	140.94	1.0	0.2856	-97.57
YBL082C	51	1066.1	131.73	141.0	6.88	124.84	1.0	0.1322	-117.96
YBL083C	20	385.4	91.65	92.5	13.0	78.65	1.0	0.2333	-65.65
YBL084C	48	839.5	195.96	194.0	13.08	182.88	1.0	0.3329	-169.79
YBL085W	104	723.0	160.49	166.5	3.47	157.02	1.0	0.3198	-153.55
YBL086C	38	571.4	92.92	63.0	8.55	84.37	1.0	0.2033	-75.82
YBL087C	3890	485.3	169.99	164.0	39.13	130.86	0.9992	0.3564	-91.73
YBL088C	77	839.9	91.94	81.0	3.64	88.3	0.987	0.1574	-84.66
YBL089W	101	636.9	113.29	107.0	3.44	109.85	0.9901	0.2287	-106.42
YBL090W	169	580.8	162.93	151.0	12.62	150.31	1.0	0.2992	-137.69
YBL091C	116	872.6	150.07	160.5	7.28	142.78	0.9914	0.22	-135.5
YBL091C-A	65	503.5	162.83	155.0	6.97	155.86	1.0	0.3526	-148.89
YBL092W	8173	487.1	153.86	157.0	14.29	139.57	0.9987	0.3193	-125.28
YBL093C	213	611.0	203.23	200.0	22.06	181.18	1.0	0.3722	-159.12
YBL094C	24	327.9	137.17	135.0	1.67	135.5	1.0	0.431	-133.83
YBL095W	57	780.1	158.35	150.0	13.14	145.21	1.0	0.2071	-132.07
YBL098W	95	869.1	157.88	150.0	8.82	149.06	1.0	0.2342	-140.24
YBL099W	732	852.7	249.14	235.0	29.97	219.17	0.9973	0.3759	-189.2
YBL100C	5	346.2	234.6	225.0	215.8	18.8	1.0	0.6818	197.0
YBL100W-A	8	585.5	205.38	215.0	0.75	204.62	1.0	0.3568	-203.88
YBL100W-B	423	702.2	330.64	331.0	2.57	328.07	1.0	0.5227	-325.5
YBL101C	85	846.1	165.07	153.0	1.66	163.41	1.0	0.3168	-161.75
YBL102W	217	645.0	225.99	222.0	27.02	198.96	1.0	0.3867	-171.94
YBL103C	109	858.4	399.83	371.0	18.94	380.9	1.0	0.5341	-361.96
YBL104C	75	632.9	101.55	93.0	2.88	98.67	0.9867	0.2233	-95.79
YBL105C	68	972.5	162.94	139.5	8.62	154.32	0.9706	0.2355	-145.71
YBL106C	30	721.2	150.63	130.0	1.9	148.73	1.0	0.2568	-146.83
YBL107C	153	514.2	154.59	143.0	2.95	151.64	0.9935	0.3307	-148.69
YBL107W-A	20	266.4	166.25	126.0	124.35	41.9	1.0	0.534	82.45
YBL111C	6	634.5	94.33	7.5	59.33	35.0	1.0	0.0855	24.33
YBL113C	24	607.9	95.33	87.0	1.71	93.62	0.9583	0.1999	-91.92
YBR001C	79	664.3	127.09	126.0	13.72	113.37	0.9873	0.2595	-99.65
YBR002C	81	653.5	158.86	151.0	4.16	154.7	0.9753	0.2892	-150.54
YBR003W	143	655.4	168.62	146.0	7.86	160.76	1.0	0.3331	-152.9
YBR004C	104	808.4	126.06	121.5	4.39	121.66	1.0	0.2167	-117.27
YBR005W	224	667.3	208.22	210.0	13.97	194.25	0.9955	0.3484	-180.29
YBR006W	127	867.8	198.21	199.0	17.07	181.14	1.0	0.2732	-164.07
YBR007C	92	665.7	180.01	161.5	3.26	176.75	1.0	0.3481	-173.49
YBR008C	49	1011.7	200.2	198.0	35.08	165.12	1.0	0.2449	-130.04
YBR009C	4148	496.5	222.9	207.5	15.68	207.22	1.0	0.4554	-191.55
YBR010W	3329	536.7	188.7	172.0	9.24	179.46	0.9991	0.3626	-170.23
YBR011C	1468	766.9	163.89	159.0	11.34	152.55	1.0	0.2497	-141.21
YBR012W-A	8	556.9	190.38	168.5	0.38	190.0	1.0	0.3468	-189.62
YBR012W-B	720	757.8	306.37	328.0	2.78	303.59	0.9931	0.4214	-300.81
YBR014C	244	660.3	172.7	163.0	17.04	155.66	1.0	0.2743	-138.62
YBR015C	365	808.6	189.15	198.0	8.63	180.52	0.9973	0.311	-171.89
YBR016W	246	581.6	246.84	237.0	16.83	230.02	1.0	0.4354	-213.19
YBR017C	164	859.6	160.73	170.5	2.7	158.03	0.9878	0.2562	-155.33
YBR019C	23	478.5	166.13	144.0	1.3	164.83	1.0	0.3627	-163.52
YBR020W	12	598.1	190.5	175.0	64.67	125.83	1.0	0.3969	-61.17
YBR021W	43	800.9	181.42	188.0	7.6	173.81	0.9767	0.2981	-166.21
YBR022W	166	617.1	203.67	198.5	25.3	178.38	1.0	0.3438	-153.08
YBR023C	232	853.6	174.66	168.5	6.81	167.84	0.9957	0.2958	-161.03
YBR024W	58	801.1	232.41	213.5	31.6	200.81	1.0	0.3495	-169.21
YBR025C	1132	907.4	222.83	226.0	9.71	213.12	0.9956	0.2986	-203.42
YBR026C	161	814.4	170.22	170.0	9.44	160.78	1.0	0.2775	-151.34
YBR027C	14	220.8	117.07	110.0	83.36	33.71	1.0	0.4942	49.64
YBR028C	55	865.0	214.11	194.0	10.56	203.55	1.0	0.3386	-192.98
YBR029C	267	734.0	159.93	157.0	9.82	150.11	1.0	0.297	-140.3
YBR030W	42	679.3	114.4	115.0	11.12	103.29	0.9762	0.1963	-92.17
YBR031W	4340	784.2	130.55	118.0	3.51	127.05	0.9982	0.2176	-123.54
YBR032W	5	704.2	444.0	444.0	241.8	202.2	1.0	0.6272	39.6
YBR033W	29	681.0	176.59	166.0	18.28	158.31	1.0	0.2899	-140.03
YBR034C	350	815.2	224.0	208.5	7.81	216.19	1.0	0.3463	-208.38
YBR035C	371	651.3	145.25	129.0	10.84	134.41	0.9973	0.245	-123.56
YBR036C	301	850.3	232.01	238.0	10.6	221.42	0.9967	0.3511	-210.82
YBR037C	35	776.3	104.46	88.0	15.06	89.4	1.0	0.157	-74.34
YBR038W	91	570.3	209.3	205.0	1.12	208.18	0.989	0.3949	-207.05
YBR039W	404	821.0	236.82	247.5	18.88	217.95	1.0	0.3484	-199.07
YBR041W	202	799.5	180.1	174.0	8.44	171.66	0.995	0.303	-163.22
YBR042C	213	762.5	124.07	119.0	12.77	111.3	1.0	0.2034	-98.53
YBR043C	113	629.3	151.42	153.0	8.05	143.37	1.0	0.3069	-135.32
YBR044C	73	587.8	94.92	85.0	10.05	84.86	1.0	0.2134	-74.81
YBR045C	39	783.1	222.1	169.0	8.28	213.82	1.0	0.3055	-205.54
YBR046C	70	832.0	242.76	266.0	7.96	234.8	1.0	0.3355	-226.84
YBR047W	111	573.2	147.23	123.0	12.41	134.83	1.0	0.2643	-122.42
YBR048W	3378	632.2	278.24	272.0	38.76	239.48	0.9994	0.4553	-200.71
YBR049C	56	755.0	288.07	262.5	3.84	284.23	1.0	0.4678	-280.39
YBR050C	19	626.2	110.89	97.0	26.16	84.74	1.0	0.1892	-58.58
YBR052C	248	601.6	122.08	112.0	26.06	96.03	1.0	0.2149	-69.97
YBR053C	87	771.0	135.44	140.0	6.1	129.33	1.0	0.2213	-123.23
YBR054W	325	1019.2	453.52	429.0	78.24	375.28	0.9938	0.4977	-297.04
YBR055C	65	976.4	124.02	113.0	6.69	117.32	0.9692	0.1952	-110.63
YBR056C-B	6	663.5	541.0	537.0	22.17	518.83	1.0	0.8165	-496.67
YBR056W	183	936.7	106.69	99.0	16.64	90.05	1.0	0.1423	-73.4
YBR056W-A	740	672.3	489.79	508.0	11.93	477.86	1.0	0.7256	-465.94
YBR057C	99	682.9	182.16	180.0	11.26	170.9	1.0	0.3153	-159.64
YBR058C	70	873.7	168.4	167.5	4.13	164.27	1.0	0.2891	-160.14
YBR058C-A	580	457.7	236.7	227.5	35.35	201.35	1.0	0.5123	-166.0
YBR059C	78	833.7	127.51	115.5	5.29	122.22	0.9872	0.2313	-116.92
YBR060C	133	639.5	97.91	96.0	3.79	94.12	1.0	0.2161	-90.33
YBR061C	158	735.6	176.37	167.0	5.47	170.89	1.0	0.2906	-165.42
YBR062C	257	572.5	142.97	129.0	16.31	126.67	0.9922	0.2647	-110.36
YBR063C	70	693.8	192.44	121.5	71.57	120.87	1.0	0.2726	-49.3
YBR065C	13	754.8	289.69	343.0	3.85	285.85	1.0	0.3997	-282.0
YBR066C	151	497.8	168.16	172.0	12.2	155.96	1.0	0.3844	-143.76
YBR067C	1277	659.6	180.02	184.0	23.67	156.35	1.0	0.3013	-132.69
YBR068C	617	887.6	191.43	218.0	12.36	179.07	0.9984	0.261	-166.71
YBR069C	264	827.4	186.48	188.0	16.98	169.5	0.9962	0.3264	-152.52
YBR070C	66	569.9	98.39	100.0	10.47	87.92	1.0	0.1921	-77.45
YBR071W	122	788.2	290.47	314.0	24.39	266.08	0.9918	0.3705	-241.7
YBR072C-A	7	241.1	152.14	173.0	4.0	148.14	1.0	0.6212	-144.14
YBR072W	147	744.5	236.67	231.0	37.05	199.62	1.0	0.3391	-162.57
YBR073W	199	838.4	116.06	123.0	4.99	111.07	0.9899	0.2111	-106.07
YBR074W	191	613.2	106.61	114.0	1.21	105.4	1.0	0.2487	-104.18
YBR076C-A	75	406.2	226.04	220.0	23.75	202.29	0.9867	0.54	-178.55
YBR076W	46	440.8	178.22	155.5	82.37	95.85	1.0	0.4061	-13.48
YBR077C	109	640.0	266.68	276.0	43.36	223.32	1.0	0.406	-179.96
YBR078W	1468	1050.2	368.76	365.0	52.68	316.08	0.9946	0.3895	-263.4
YBR079C	342	746.0	130.0	104.0	1.98	128.02	1.0	0.2467	-126.04
YBR080C	251	751.0	180.18	180.0	2.61	177.57	1.0	0.3718	-174.95
YBR081C	67	975.6	126.09	127.0	2.16	123.93	1.0	0.2041	-121.76
YBR082C	1375	550.7	239.32	240.0	43.63	195.7	1.0	0.4481	-152.07
YBR083W	71	809.8	139.51	121.0	25.76	113.75	1.0	0.2231	-87.99
YBR084C-A	4211	537.3	134.53	128.0	6.43	128.11	0.9986	0.2731	-121.68
YBR084W	501	925.1	176.32	172.0	4.16	172.16	0.994	0.2854	-168.0
YBR085C-A	1873	635.7	404.09	401.0	17.34	386.75	1.0	0.6348	-369.42
YBR085W	51	750.8	230.59	235.0	21.88	208.71	1.0	0.3628	-186.82
YBR086C	323	912.5	174.28	182.0	13.12	161.16	1.0	0.2812	-148.04
YBR087W	285	750.1	109.91	118.0	3.51	106.4	1.0	0.1832	-102.89
YBR088C	239	643.7	123.61	126.0	15.46	108.15	1.0	0.2267	-92.69
YBR089C-A	413	492.8	227.72	220.0	27.23	200.5	1.0	0.4635	-173.27
YBR090C	46	532.0	141.93	88.0	2.67	139.26	1.0	0.2124	-136.59
YBR091C	160	442.3	158.27	150.5	19.08	139.19	1.0	0.3615	-120.12
YBR092C	249	818.3	113.92	120.0	6.74	107.18	1.0	0.2022	-100.43
YBR093C	733	703.1	113.25	118.0	7.85	105.4	1.0	0.2336	-97.56
YBR094W	97	666.9	139.81	156.0	5.21	134.61	1.0	0.2663	-129.4
YBR095C	55	730.1	131.36	114.0	3.71	127.65	0.9818	0.2489	-123.95
YBR096W	255	641.0	138.73	137.0	29.2	109.53	1.0	0.2335	-80.33
YBR097W	80	882.9	105.3	88.0	4.58	100.72	1.0	0.1587	-96.15
YBR098W	58	649.4	138.28	85.0	57.41	80.86	1.0	0.204	-23.45
YBR099C	5	271.8	45.2	62.0	1.6	43.6	1.0	0.17	-42.0
YBR101C	2533	658.2	109.53	104.0	13.38	96.15	0.998	0.1945	-82.77
YBR102C	100	696.2	128.53	114.5	5.88	122.65	1.0	0.2171	-116.77
YBR103W	73	876.5	118.48	121.0	15.4	103.08	1.0	0.191	-87.68
YBR104W	456	735.1	144.94	147.0	21.0	123.94	0.9978	0.2293	-102.94
YBR105C	86	703.2	190.59	192.5	12.74	177.85	0.9884	0.3321	-165.1
YBR106W	1966	590.8	184.18	169.0	15.14	169.04	0.999	0.336	-153.9
YBR107C	29	821.3	343.9	345.0	19.14	324.76	1.0	0.4388	-305.62
YBR108W	47	818.7	211.96	219.0	2.19	209.77	1.0	0.3935	-207.57
YBR109C	962	605.3	252.44	248.0	20.61	231.83	0.999	0.4348	-211.23
YBR110W	140	754.7	159.84	159.0	13.81	146.03	1.0	0.2809	-132.21
YBR111C	640	605.3	115.18	94.0	3.07	112.12	0.9984	0.2114	-109.05
YBR111W-A	416	471.5	232.0	229.0	31.34	200.65	1.0	0.4918	-169.31
YBR112C	165	786.6	239.86	240.0	7.58	232.28	1.0	0.4018	-224.71
YBR114W	75	768.1	111.93	93.0	6.83	105.11	1.0	0.2186	-98.28
YBR115C	396	819.3	155.39	149.0	3.8	151.59	0.9975	0.2946	-147.79
YBR116C	10	450.9	81.2	89.5	7.3	73.9	1.0	0.1851	-66.6
YBR117C	14	896.6	191.36	145.0	4.57	186.79	1.0	0.2191	-182.21
YBR118W	16381	853.1	141.79	131.0	5.57	136.22	0.9981	0.2405	-130.65
YBR119W	78	586.4	193.13	167.0	15.05	178.08	1.0	0.3548	-163.03
YBR120C	135	527.2	140.15	140.0	33.12	107.03	1.0	0.2734	-73.91
YBR121C	1659	850.5	151.14	144.0	6.94	144.2	0.9988	0.2541	-137.25
YBR122C	243	624.1	222.68	214.0	12.72	209.96	1.0	0.381	-197.23
YBR123C	30	824.6	87.13	74.5	6.4	80.73	1.0	0.1621	-74.33
YBR125C	71	692.6	218.96	208.0	20.9	198.06	1.0	0.3744	-177.15
YBR126C	324	909.8	177.25	186.0	10.85	166.4	1.0	0.248	-155.55
YBR126W-A	454	373.4	180.37	161.5	10.87	169.5	1.0	0.476	-158.63
YBR126W-B	35	281.1	161.6	143.0	8.37	153.23	1.0	0.573	-144.86
YBR127C	360	820.4	190.35	180.0	6.87	183.48	1.0	0.3394	-176.61
YBR128C	30	417.2	85.6	77.0	2.8	82.8	1.0	0.2158	-80.0
YBR129C	107	683.6	158.21	150.0	4.77	153.45	1.0	0.2604	-148.68
YBR130C	85	740.0	144.53	127.0	6.52	138.01	1.0	0.2876	-131.49
YBR131W	49	799.9	120.06	96.0	2.18	117.88	1.0	0.2172	-115.69
YBR132C	28	844.8	288.64	295.5	22.21	266.43	1.0	0.4171	-244.21
YBR133C	53	830.6	145.62	139.0	9.47	136.15	1.0	0.2132	-126.68
YBR135W	123	595.5	247.48	260.0	43.94	203.54	1.0	0.4323	-159.59
YBR136W	58	759.2	185.84	201.0	2.69	183.16	1.0	0.3479	-180.47
YBR137W	248	622.9	190.07	183.5	33.94	156.13	1.0	0.3135	-122.19
YBR138C	52	599.3	199.31	193.0	10.08	189.23	1.0	0.4156	-179.15
YBR139W	150	723.8	182.68	182.5	2.99	179.69	1.0	0.3272	-176.71
YBR140C	175	804.2	115.63	111.0	10.65	104.98	0.9943	0.2069	-94.33
YBR141C	35	684.8	127.8	157.0	4.83	122.97	1.0	0.2123	-118.14
YBR142W	232	762.6	189.69	188.0	3.44	186.25	1.0	0.3447	-182.81
YBR143C	1685	915.1	206.31	212.0	8.72	197.59	0.997	0.2909	-188.87
YBR144C	12	371.9	251.5	172.5	109.58	141.92	1.0	0.6226	-32.33
YBR145W	353	741.5	143.54	140.0	12.05	131.49	0.9943	0.2421	-119.45
YBR146W	168	740.4	252.35	263.0	17.74	234.61	0.9881	0.3896	-216.86
YBR147W	124	757.3	146.62	110.0	33.41	113.21	1.0	0.1805	-79.8
YBR148W	14	546.5	123.5	97.5	19.21	104.29	1.0	0.303	-85.07
YBR149W	212	809.1	195.83	193.5	8.41	187.42	1.0	0.296	-179.01
YBR150C	66	669.4	104.94	87.5	7.0	97.94	1.0	0.2043	-90.94
YBR151W	325	727.5	200.79	203.0	26.86	173.93	1.0	0.328	-147.08
YBR153W	70	649.6	266.61	228.0	49.93	216.69	1.0	0.4455	-166.76
YBR154C	912	640.4	171.16	173.0	40.61	130.55	1.0	0.2904	-89.94
YBR155W	51	804.0	129.61	110.0	10.67	118.94	1.0	0.2179	-108.27
YBR156C	13	1030.2	187.23	193.0	5.54	181.69	1.0	0.2308	-176.15
YBR157C	89	619.5	170.13	170.0	20.93	149.2	1.0	0.3178	-128.27
YBR158W	264	836.0	218.64	194.5	46.6	172.04	0.9962	0.3209	-125.44
YBR159W	461	814.6	141.91	146.0	13.02	128.89	1.0	0.2206	-115.87
YBR160W	135	801.8	160.31	158.0	26.56	133.75	1.0	0.2193	-107.19
YBR161W	44	774.3	209.45	199.0	12.5	196.95	1.0	0.3143	-184.45
YBR162C	1120	928.9	335.85	330.0	24.61	311.24	0.9973	0.4412	-286.63
YBR162W-A	792	339.9	158.68	145.0	27.32	131.36	1.0	0.4491	-104.04
YBR163W	72	658.3	134.85	112.5	11.9	122.94	1.0	0.2658	-111.04
YBR164C	690	684.6	249.03	239.0	61.81	187.22	0.9986	0.3755	-125.4
YBR165W	109	704.4	198.5	208.0	24.8	173.71	1.0	0.3224	-148.91
YBR166C	386	874.1	140.3	142.0	8.87	131.44	1.0	0.2113	-122.57
YBR167C	125	533.3	176.02	153.0	52.06	123.95	0.992	0.3128	-71.89
YBR168W	59	971.1	247.1	221.0	41.08	206.02	1.0	0.2989	-164.93
YBR169C	361	879.4	206.8	201.0	4.88	201.92	0.9972	0.3349	-197.04
YBR170C	111	714.9	190.75	167.0	3.41	187.34	1.0	0.3278	-183.94
YBR171W	357	583.9	163.31	158.0	8.1	155.2	1.0	0.3087	-147.1
YBR172C	91	801.4	161.27	160.0	4.73	156.55	1.0	0.2773	-151.82
YBR173C	406	575.5	201.6	201.5	10.9	190.71	1.0	0.3624	-179.81
YBR175W	100	751.8	167.54	134.0	18.02	149.52	0.99	0.2474	-131.5
YBR176W	57	693.4	181.14	190.0	27.35	153.79	1.0	0.3046	-126.44
YBR177C	198	813.8	178.15	186.5	5.1	173.05	1.0	0.292	-167.95
YBR178W	5	520.6	224.2	194.0	47.8	176.4	1.0	0.4507	-128.6
YBR179C	80	874.9	130.28	137.0	5.24	125.04	1.0	0.2204	-119.8
YBR180W	15	479.9	80.8	87.0	2.33	78.47	1.0	0.2217	-76.13
YBR181C	5480	671.3	135.49	118.0	11.62	123.86	0.9993	0.2252	-112.24
YBR182C	28	897.7	355.68	366.5	20.04	335.64	0.9643	0.461	-315.61
YBR182C-A	6	448.7	263.17	187.0	99.5	163.67	1.0	0.5451	-64.17
YBR183W	148	755.9	132.2	131.0	16.97	115.24	1.0	0.2064	-98.27
YBR184W	30	482.6	121.63	101.5	1.33	120.3	1.0	0.2957	-118.97
YBR185C	85	678.3	182.71	188.0	8.01	174.69	0.9882	0.308	-166.68
YBR186W	24	607.6	55.42	41.5	1.21	54.21	0.9583	0.1077	-53.0
YBR187W	462	609.0	185.37	184.5	18.06	167.3	0.9957	0.335	-149.24
YBR188C	60	564.3	229.42	222.5	25.3	204.12	1.0	0.4228	-178.82
YBR189W	4871	520.3	109.33	92.0	10.34	99.0	0.9986	0.2319	-88.66
YBR191W	5556	564.3	165.72	158.0	18.44	147.28	0.9996	0.3043	-128.84
YBR191W-A	49	190.7	118.98	106.0	53.49	65.49	1.0	0.5827	-12.0
YBR192W	176	811.2	290.91	278.5	57.66	233.25	0.9943	0.4098	-175.59
YBR193C	64	744.1	322.33	308.0	6.72	315.61	1.0	0.4503	-308.89
YBR194W	91	566.0	251.37	261.0	51.19	200.19	1.0	0.4497	-149.0
YBR195C	45	680.8	179.38	164.0	19.51	159.87	1.0	0.3518	-140.36
YBR196C	3142	986.5	197.4	197.0	7.51	189.89	0.9949	0.2836	-182.38
YBR196C-A	10	712.8	573.7	435.5	422.1	151.6	1.0	0.7816	270.5
YBR196C-B	10	403.1	316.3	284.5	68.1	248.2	1.0	0.769	-180.1
YBR197C	26	771.4	380.73	427.0	3.35	377.38	1.0	0.4619	-374.04
YBR198C	122	692.9	127.39	100.0	13.16	114.24	1.0	0.265	-101.08
YBR199W	292	793.6	192.98	198.0	10.99	181.98	1.0	0.3123	-170.99
YBR200W	83	938.9	267.11	264.0	8.84	258.27	1.0	0.3889	-249.42
YBR201C-A	111	496.6	317.2	311.0	43.8	273.4	1.0	0.6349	-229.59
YBR201W	158	741.0	234.7	218.0	76.2	158.49	1.0	0.3229	-82.29
YBR202W	28	1237.9	229.68	233.5	2.82	226.86	1.0	0.223	-224.04
YBR203W	101	966.7	217.42	228.0	19.9	197.51	0.9802	0.2927	-177.61
YBR204C	71	848.5	250.27	232.0	22.83	227.44	1.0	0.3739	-204.61
YBR205W	150	987.9	166.95	174.0	6.68	160.27	1.0	0.1773	-153.59
YBR206W	86	329.2	109.26	104.5	16.31	92.94	1.0	0.3232	-76.63
YBR207W	162	798.1	162.01	170.0	12.6	149.41	1.0	0.2613	-136.81
YBR208C	152	836.9	177.86	172.0	6.91	170.95	1.0	0.3306	-164.04
YBR209W	16	428.8	358.62	360.0	1.75	356.88	1.0	0.8335	-355.12
YBR210W	191	578.3	235.79	227.0	25.27	210.52	1.0	0.4154	-185.26
YBR211C	117	703.2	163.16	164.0	31.5	131.67	1.0	0.275	-100.17
YBR212W	80	1255.7	292.62	272.5	59.19	233.44	0.975	0.294	-174.25
YBR213W	28	728.5	217.75	226.5	13.75	204.0	1.0	0.3464	-190.25
YBR214W	114	906.9	212.69	197.5	15.61	197.08	1.0	0.314	-181.46
YBR215W	71	711.9	230.46	216.0	2.93	227.54	1.0	0.4182	-224.61
YBR216C	88	764.5	210.11	254.5	20.86	189.25	0.9773	0.3312	-168.39
YBR217W	77	782.8	357.16	351.0	22.82	334.34	1.0	0.4764	-311.52
YBR218C	435	813.6	157.46	141.0	4.67	152.79	0.9931	0.2981	-148.13
YBR219C	33	344.9	58.21	35.0	17.52	40.7	1.0	0.1524	-23.18
YBR220C	29	1419.1	240.69	229.0	20.76	219.93	1.0	0.1775	-199.17
YBR221C	520	1009.4	312.56	290.0	61.69	250.88	0.9981	0.3583	-189.19
YBR222C	110	825.5	161.73	128.0	14.61	147.12	1.0	0.2613	-132.51
YBR223C	40	791.8	265.77	265.0	1.68	264.1	1.0	0.4376	-262.42
YBR225W	14	921.7	179.5	212.5	30.29	149.21	1.0	0.1945	-118.93
YBR226C	12	391.8	103.25	94.0	57.75	45.5	1.0	0.2588	12.25
YBR227C	90	701.2	122.31	115.0	2.88	119.43	1.0	0.2253	-116.56
YBR228W	39	574.2	155.49	152.0	12.62	142.87	1.0	0.3172	-130.26
YBR229C	115	852.8	170.97	153.0	12.72	158.25	0.9913	0.2792	-145.53
YBR230C	195	490.5	164.55	170.0	16.71	147.84	1.0	0.3427	-131.13
YBR230W-A	54	366.0	174.72	168.5	21.81	152.91	1.0	0.4709	-131.09
YBR231C	42	437.6	100.57	64.0	9.45	91.12	1.0	0.2549	-81.67
YBR233W	35	771.5	190.97	188.0	15.71	175.26	1.0	0.3258	-159.54
YBR233W-A	151	527.8	267.36	258.0	20.12	247.24	1.0	0.5029	-227.12
YBR234C	260	753.3	118.85	110.5	15.3	103.55	1.0	0.2027	-88.25
YBR235W	86	914.0	129.52	122.0	6.9	122.63	1.0	0.2265	-115.73
YBR236C	229	960.6	172.9	163.0	12.41	160.49	1.0	0.2351	-148.09
YBR237W	52	567.2	131.15	116.5	5.25	125.9	1.0	0.2931	-120.65
YBR238C	45	981.1	314.13	314.0	10.8	303.33	1.0	0.3943	-292.53
YBR239C	52	533.9	148.19	125.5	56.12	92.08	0.9423	0.306	-35.96
YBR240C	18	679.7	229.0	235.5	10.83	218.17	1.0	0.4059	-207.33
YBR241C	28	882.4	162.86	133.5	14.57	148.29	1.0	0.2462	-133.71
YBR242W	301	651.1	166.87	158.0	51.2	115.67	0.9967	0.2773	-64.48
YBR243C	90	749.2	149.34	138.5	10.17	139.18	1.0	0.266	-129.01
YBR244W	194	568.2	180.43	170.5	31.31	149.11	0.9948	0.3257	-117.8
YBR245C	62	568.3	142.42	124.0	5.44	136.98	0.9677	0.3099	-131.55
YBR246W	105	797.6	166.77	169.0	6.32	160.45	1.0	0.2712	-154.12
YBR247C	91	970.0	163.4	138.0	4.16	159.23	0.989	0.2043	-155.07
YBR248C	139	723.2	120.77	91.0	10.19	110.58	1.0	0.2249	-100.4
YBR249C	1434	820.1	175.31	183.0	27.59	147.72	0.9979	0.2672	-120.13
YBR250W	32	583.7	171.12	150.5	53.53	117.59	1.0	0.3322	-64.06
YBR251W	84	576.9	141.02	125.5	20.17	120.86	1.0	0.2805	-100.69
YBR252W	480	490.5	122.39	119.5	8.44	113.94	1.0	0.2568	-105.5
YBR253W	142	466.0	145.96	138.0	25.68	120.29	1.0	0.3123	-94.61
YBR254C	163	619.6	166.84	165.0	7.36	159.48	1.0	0.2766	-152.13
YBR255C-A	111	431.7	168.81	177.0	49.24	119.57	1.0	0.3828	-70.32
YBR255W	79	652.3	159.53	156.0	4.51	155.03	1.0	0.2994	-150.52
YBR256C	1314	650.9	101.2	92.5	7.86	93.34	0.997	0.1689	-85.47
YBR257W	145	656.2	115.34	107.0	23.77	91.58	1.0	0.1988	-67.81
YBR258C	54	507.6	152.48	138.0	20.87	131.61	1.0	0.2913	-110.74
YBR259W	63	938.2	162.75	155.0	9.02	153.73	0.9841	0.2262	-144.71
YBR260C	106	747.7	175.84	187.0	3.81	172.03	1.0	0.3335	-168.22
YBR261C	100	660.9	167.99	154.5	7.62	160.37	1.0	0.2826	-152.75
YBR262C	216	426.7	149.51	142.0	14.81	134.7	1.0	0.3516	-119.89
YBR263W	319	884.8	111.2	102.0	10.04	101.16	0.9937	0.1938	-91.12
YBR264C	56	455.1	79.96	50.5	5.89	74.07	1.0	0.1839	-68.18
YBR265W	99	803.9	175.65	170.0	8.31	167.33	1.0	0.2596	-159.02
YBR267W	68	737.1	155.97	161.5	3.0	152.97	1.0	0.2719	-149.97
YBR268W	319	431.0	150.68	147.0	4.56	146.13	1.0	0.3472	-141.57
YBR269C	135	511.7	196.27	175.0	5.39	190.87	1.0	0.3982	-185.48
YBR270C	23	589.0	94.43	75.0	13.78	80.65	1.0	0.1957	-66.87
YBR271W	60	722.3	137.18	126.5	5.67	131.52	0.9833	0.2529	-125.85
YBR272C	82	823.1	220.62	204.5	2.67	217.95	1.0	0.3439	-215.28
YBR273C	80	726.4	141.51	120.0	2.68	138.84	1.0	0.2673	-136.16
YBR274W	68	767.8	204.32	204.5	6.62	197.71	1.0	0.3339	-191.09
YBR275C	49	781.7	147.59	140.0	3.37	144.22	0.9796	0.2819	-140.86
YBR276C	129	752.4	110.12	90.0	7.23	102.88	1.0	0.2238	-95.65
YBR278W	59	502.5	168.78	172.0	3.68	165.1	1.0	0.3451	-161.42
YBR279W	20	468.4	169.35	168.5	1.3	168.05	1.0	0.419	-166.75
YBR280C	74	828.5	189.26	183.5	6.39	182.86	1.0	0.3074	-176.47
YBR281C	133	796.6	152.33	165.0	1.94	150.39	1.0	0.2739	-148.45
YBR282W	245	501.1	146.41	126.0	24.01	122.4	0.9959	0.298	-98.38
YBR283C	661	759.8	208.85	216.0	16.67	192.19	0.9985	0.3551	-175.52
YBR284W	16	579.2	171.56	202.0	18.56	153.0	1.0	0.3559	-134.44
YBR285W	42	588.7	243.5	236.0	53.52	189.98	1.0	0.4244	-136.45
YBR286W	827	761.9	110.4	113.0	4.06	106.34	0.9964	0.221	-102.29
YBR287W	343	785.3	147.91	151.0	8.35	139.56	0.9971	0.2541	-131.21
YBR288C	195	787.4	125.18	116.0	8.49	116.69	1.0	0.2162	-108.19
YBR289W	36	847.4	106.92	119.0	4.86	102.06	1.0	0.1722	-97.19
YBR290W	329	716.9	150.58	144.0	2.43	148.15	1.0	0.2562	-145.71
YBR291C	136	629.2	127.21	125.0	13.39	113.82	1.0	0.2456	-100.43
YBR292C	16	586.4	432.5	309.0	363.31	69.19	1.0	0.7087	294.12
YBR293W	61	785.9	206.07	226.0	10.69	195.38	1.0	0.2945	-184.69
YBR294W	32	530.4	129.75	130.0	7.94	121.81	0.9688	0.2977	-113.88
YBR295W	71	726.4	140.59	133.0	6.08	134.51	1.0	0.276	-128.42
YBR296C	74	894.3	282.78	291.5	10.39	272.39	1.0	0.4252	-262.0
YBR297W	106	652.5	197.54	235.5	20.69	176.85	1.0	0.3347	-156.16
YBR298C	56	742.6	139.0	129.5	10.12	128.88	1.0	0.2563	-118.75
YBR299W	19	779.5	188.95	173.0	27.95	161.0	1.0	0.3218	-133.05
YBR302C	155	632.0	112.3	95.0	5.14	107.17	0.9871	0.2394	-102.03
YCL001W	590	595.8	135.71	132.0	14.66	121.05	0.9983	0.2395	-106.39
YCL001W-A	11	873.0	544.73	661.0	501.09	43.64	1.0	0.594	457.45
YCL001W-B	18	465.6	262.5	233.0	144.72	117.78	1.0	0.5288	26.94
YCL002C	189	801.0	250.88	248.0	28.63	222.25	1.0	0.3294	-193.62
YCL004W	59	602.3	141.63	115.0	44.29	97.34	1.0	0.3152	-53.05
YCL005W	73	622.2	192.71	196.0	19.47	173.25	1.0	0.3696	-153.78
YCL005W-A	571	373.1	188.21	195.0	40.82	147.4	1.0	0.5013	-106.58
YCL007C	16	376.8	231.75	231.0	22.12	209.62	1.0	0.6138	-187.5
YCL008C	72	628.1	168.0	184.0	7.14	160.86	1.0	0.3217	-153.72
YCL009C	728	769.6	172.71	169.5	5.72	166.99	0.9986	0.2666	-161.27
YCL010C	6	389.2	122.67	97.0	7.83	114.83	1.0	0.2797	-107.0
YCL011C	560	705.6	123.38	114.0	10.33	113.05	0.9964	0.2106	-102.72
YCL012C	158	499.4	167.89	173.5	19.15	148.74	1.0	0.3398	-129.59
YCL014W	54	757.1	132.07	128.5	2.19	129.89	1.0	0.2544	-127.7
YCL016C	45	806.8	185.91	163.0	5.53	180.38	1.0	0.2949	-174.84
YCL017C	133	785.4	186.65	154.0	11.23	175.41	1.0	0.2993	-164.18
YCL018W	607	700.4	118.0	101.0	4.93	113.07	1.0	0.2188	-108.15
YCL019W	1424	1087.8	319.71	331.0	3.72	315.98	0.9965	0.3804	-312.26
YCL020W	39	533.2	80.38	49.0	15.08	65.31	1.0	0.1593	-50.23
YCL021W-A	101	790.4	493.78	390.0	177.19	316.59	1.0	0.5945	-139.41
YCL024W	52	572.5	128.58	115.0	2.48	126.1	1.0	0.262	-123.62
YCL025C	461	750.8	120.99	101.0	4.15	116.84	0.9935	0.2383	-112.69
YCL026C-A	14	618.1	230.21	217.5	12.5	217.71	1.0	0.4202	-205.21
YCL026C-B	28	599.0	122.54	93.0	14.43	108.11	1.0	0.202	-93.68
YCL027W	19	745.4	190.68	165.0	28.84	161.84	1.0	0.3191	-133.0
YCL028W	149	813.0	142.54	142.0	7.84	134.7	0.9933	0.2238	-126.87
YCL029C	47	880.5	254.83	277.0	6.96	247.87	0.9787	0.3225	-240.91
YCL030C	954	830.7	145.75	142.0	7.75	138.0	0.9979	0.2464	-130.25
YCL031C	443	764.4	151.66	138.0	11.53	140.13	0.9955	0.2301	-128.6
YCL032W	57	566.5	168.91	172.0	2.54	166.37	1.0	0.3592	-163.82
YCL033C	191	525.7	110.0	120.0	1.4	108.6	1.0	0.2167	-107.19
YCL034W	38	628.7	115.0	114.0	5.53	109.47	1.0	0.2442	-103.95
YCL035C	854	460.5	165.46	157.0	24.6	140.86	0.9988	0.3633	-116.26
YCL036W	38	858.6	138.21	160.5	8.68	129.53	1.0	0.2174	-120.84
YCL037C	34	818.3	367.97	351.0	18.88	349.09	1.0	0.4961	-330.21
YCL038C	52	950.7	129.31	129.0	11.44	117.87	1.0	0.1862	-106.42
YCL039W	149	698.6	105.28	85.0	4.59	100.69	1.0	0.1895	-96.1
YCL040W	393	870.3	196.26	188.0	6.26	189.99	0.9949	0.3034	-183.73
YCL043C	975	757.3	124.3	116.0	5.32	118.98	0.9979	0.2389	-113.67
YCL044C	48	839.1	217.29	215.0	11.27	206.02	1.0	0.3389	-194.75
YCL045C	190	762.7	102.18	104.0	4.94	97.24	0.9895	0.218	-92.3
YCL047C	69	647.5	151.45	161.0	4.29	147.16	1.0	0.2738	-142.87
YCL048W	34	500.1	168.56	166.5	17.79	150.76	1.0	0.3768	-132.97
YCL048W-A	11	463.4	259.82	259.0	39.09	220.73	1.0	0.5583	-181.64
YCL049C	105	628.3	180.28	183.0	20.72	159.55	1.0	0.3414	-138.83
YCL050C	855	729.3	168.56	174.0	13.82	154.74	0.9988	0.2862	-140.92
YCL051W	66	727.0	176.09	151.0	22.14	153.95	1.0	0.2883	-131.82
YCL052C	168	773.9	199.36	190.5	5.55	193.8	1.0	0.3097	-188.25
YCL054W	114	549.6	131.25	116.5	1.86	129.39	0.9912	0.2918	-127.53
YCL055W	124	802.0	152.9	157.5	3.61	149.28	1.0	0.2358	-145.67
YCL056C	172	402.4	99.84	95.0	38.82	61.02	0.9942	0.2614	-22.2
YCL057C-A	280	428.7	164.01	154.0	11.5	152.51	0.9929	0.3805	-141.02
YCL057W	203	923.1	157.19	151.0	2.63	154.56	1.0	0.2443	-151.93
YCL058C	32	300.5	100.22	100.5	45.94	54.28	1.0	0.3444	-8.34
YCL059C	360	721.1	134.45	117.0	7.94	126.51	0.9889	0.2337	-118.57
YCL061C	59	772.8	198.64	178.0	2.51	196.14	1.0	0.3064	-193.63
YCL063W	38	775.3	235.63	192.5	17.11	218.53	1.0	0.3333	-201.42
YCL064C	51	744.3	184.84	162.0	28.61	156.24	1.0	0.2994	-127.63
YCL065W	27	400.0	154.81	160.0	101.7	53.11	1.0	0.3559	48.59
YCL066W	149	696.6	250.64	253.0	14.65	235.99	1.0	0.3579	-221.34
YCL067C	185	634.9	115.04	93.0	5.07	109.97	1.0	0.1918	-104.9
YCR001W	22	796.9	531.91	499.0	239.18	292.73	1.0	0.6456	-53.55
YCR002C	340	670.7	142.96	132.0	11.07	131.89	1.0	0.2479	-120.82
YCR003W	250	588.7	150.12	128.0	7.42	142.7	1.0	0.2694	-135.29
YCR004C	247	782.7	258.59	251.0	53.76	204.83	1.0	0.3604	-151.07
YCR005C	668	843.9	171.13	165.0	10.27	160.86	0.9955	0.2617	-150.59
YCR007C	53	493.0	190.08	159.0	26.79	163.28	1.0	0.3879	-136.49
YCR008W	159	836.7	306.64	298.0	21.8	284.84	1.0	0.4463	-263.04
YCR009C	427	765.7	218.9	193.0	15.48	203.42	0.9953	0.3158	-187.94
YCR011C	197	852.6	101.32	75.0	11.93	89.39	0.9898	0.1693	-77.46
YCR012W	5966	1261.2	201.33	193.0	18.69	182.64	0.9966	0.1614	-163.95
YCR013C	4404	478.8	148.03	127.0	4.28	143.75	0.9968	0.3431	-139.47
YCR014C	28	727.8	164.86	181.5	10.96	153.89	1.0	0.3229	-142.93
YCR015C	75	697.7	143.47	148.0	5.41	138.05	0.9733	0.2379	-132.64
YCR016W	117	589.4	198.78	181.0	5.26	193.52	1.0	0.3997	-188.26
YCR017C	137	650.2	208.61	208.0	2.37	206.23	1.0	0.4194	-203.86
YCR018C	437	563.4	255.96	240.0	38.34	217.62	0.9977	0.4478	-179.29
YCR018C-A	14827	384.9	186.02	183.0	135.9	50.13	0.9988	0.4442	85.77
YCR019W	21	567.4	180.62	188.0	14.48	166.14	1.0	0.3587	-151.67
YCR020C	29	478.3	212.97	171.0	123.86	89.1	1.0	0.4243	34.76
YCR020C-A	368	457.7	212.23	204.5	7.2	205.03	1.0	0.4581	-197.82
YCR020W-B	133	730.9	518.55	522.0	13.67	504.88	1.0	0.7099	-491.21
YCR021C	1495	888.5	238.9	247.0	37.57	201.33	0.9987	0.3149	-163.75
YCR023C	130	791.5	202.89	239.0	8.85	194.04	0.9923	0.2844	-185.18
YCR024C	34	584.2	124.26	122.5	7.62	116.65	1.0	0.2551	-109.03
YCR024C-A	17	581.8	466.65	550.0	98.65	368.0	1.0	0.7741	-269.35
YCR024C-B	1802	577.0	374.9	318.5	150.76	224.14	1.0	0.6396	-73.38
YCR025C	12	646.2	331.83	242.0	175.83	156.0	1.0	0.453	19.83
YCR026C	74	774.8	230.57	222.0	5.09	225.47	1.0	0.3834	-220.38
YCR027C	60	834.2	405.12	335.0	66.85	338.27	1.0	0.4625	-271.42
YCR028C	53	1045.6	402.72	276.0	12.26	390.45	1.0	0.4347	-378.19
YCR028C-A	1756	599.7	246.16	249.5	30.57	215.59	1.0	0.4172	-185.01
YCR030C	113	717.5	196.95	188.0	4.75	192.19	1.0	0.3648	-187.44
YCR031C	5184	476.7	151.88	137.0	12.52	139.37	0.9986	0.3331	-126.85
YCR032W	94	850.1	103.87	93.5	9.83	94.04	1.0	0.1684	-84.21
YCR033W	46	791.3	183.5	188.5	7.5	176.0	0.9783	0.3049	-168.5
YCR034W	569	715.4	199.57	213.0	6.25	193.32	1.0	0.351	-187.07
YCR035C	178	711.3	188.3	182.5	4.76	183.53	1.0	0.3492	-178.77
YCR036W	261	730.3	118.59	104.0	4.54	114.05	0.9923	0.1953	-109.51
YCR037C	56	845.4	125.45	114.5	3.7	121.75	1.0	0.2064	-118.05
YCR038C	65	658.8	134.85	114.0	31.0	103.85	1.0	0.3001	-72.85
YCR039C	164	641.0	113.1	93.0	4.35	108.75	1.0	0.1876	-104.4
YCR040W	166	706.8	251.83	266.5	15.02	236.81	0.994	0.352	-221.79
YCR041W	68	381.4	135.25	137.0	85.72	49.53	1.0	0.3199	36.19
YCR042C	100	887.7	116.47	108.0	1.91	114.56	1.0	0.1615	-112.65
YCR043C	411	549.2	221.9	213.0	16.36	205.54	1.0	0.4149	-189.17
YCR044C	115	757.7	116.83	115.0	5.57	111.27	1.0	0.1906	-105.7
YCR045C	20	763.2	247.85	230.0	26.45	221.4	1.0	0.4036	-194.95
YCR046C	92	548.4	143.21	117.0	5.66	137.54	1.0	0.2748	-131.88
YCR047C	19	453.3	214.89	206.0	6.16	208.74	1.0	0.4918	-202.58
YCR048W	36	1164.4	235.47	239.5	4.28	231.19	1.0	0.2373	-226.92
YCR050C	40	435.4	222.92	234.0	4.82	218.1	1.0	0.5193	-213.28
YCR051W	90	558.8	179.63	152.5	4.29	175.34	1.0	0.3667	-171.06
YCR052W	116	701.8	224.07	223.5	5.35	218.72	1.0	0.3885	-213.36
YCR053W	922	815.9	138.25	140.0	9.49	128.75	0.9978	0.2535	-119.26
YCR054C	48	786.9	188.71	184.5	13.69	175.02	1.0	0.3218	-161.33
YCR057C	50	816.0	140.76	122.0	2.68	138.08	0.98	0.2716	-135.4
YCR059C	94	694.1	212.05	209.0	4.93	207.13	1.0	0.362	-202.2
YCR060W	285	445.9	168.03	153.0	4.79	163.24	0.9965	0.3821	-158.46
YCR061W	31	1007.6	372.42	352.0	11.06	361.35	1.0	0.4251	-350.29
YCR063W	14	627.4	317.14	380.0	3.21	313.93	1.0	0.4487	-310.71
YCR065W	33	771.7	364.82	325.0	51.3	313.52	1.0	0.5514	-262.21
YCR066W	45	608.5	213.04	226.0	2.6	210.44	1.0	0.4364	-207.84
YCR067C	82	910.6	126.74	120.0	4.98	121.77	1.0	0.2208	-116.79
YCR069W	126	783.9	219.89	179.0	72.65	147.24	1.0	0.3137	-74.59
YCR071C	161	477.9	126.4	113.0	12.19	114.2	1.0	0.2695	-102.01
YCR072C	55	760.6	115.4	103.0	4.69	110.71	1.0	0.2165	-106.02
YCR073C	92	717.3	96.27	84.0	1.42	94.85	0.9891	0.1781	-93.42
YCR073W-A	99	705.4	142.47	122.0	2.08	140.39	1.0	0.2436	-138.31
YCR075C	19	718.8	176.68	157.0	4.11	172.58	1.0	0.28	-168.47
YCR075W-A	128	346.6	134.38	134.5	11.38	122.99	1.0	0.3811	-111.61
YCR076C	50	688.9	140.02	114.5	2.5	137.52	1.0	0.2328	-135.02
YCR077C	197	792.4	165.71	145.0	1.77	163.94	1.0	0.2875	-162.17
YCR079W	60	930.2	169.38	179.5	6.2	163.18	1.0	0.2201	-156.98
YCR081W	21	1535.5	368.29	233.0	4.1	364.19	0.9524	0.2475	-360.1
YCR082W	521	503.4	176.84	166.0	29.51	147.33	1.0	0.3523	-117.82
YCR083W	166	484.6	144.46	137.0	6.19	138.27	1.0	0.2987	-132.08
YCR084C	125	885.4	294.2	314.0	5.61	288.59	1.0	0.4103	-282.98
YCR085W	10	302.0	55.0	49.0	12.9	42.1	1.0	0.1654	-29.2
YCR086W	33	552.3	114.52	114.0	28.48	86.03	1.0	0.2141	-57.55
YCR087W	168	471.8	78.1	48.5	2.54	75.55	1.0	0.1736	-73.01
YCR088W	112	617.3	144.85	137.0	3.81	141.04	0.9821	0.3021	-137.22
YCR089W	18	702.3	116.67	132.0	0.33	116.33	1.0	0.2298	-116.0
YCR090C	543	566.2	125.99	132.0	9.64	116.35	1.0	0.2403	-106.71
YCR091W	14	935.6	233.71	186.0	20.07	213.64	1.0	0.3271	-193.57
YCR092C	54	722.2	161.85	165.0	32.24	129.61	1.0	0.2837	-97.37
YCR093W	142	968.7	107.23	104.5	6.01	101.23	1.0	0.1684	-95.22
YCR094W	77	824.7	229.97	217.0	8.65	221.32	1.0	0.3289	-212.68
YCR095C	170	763.5	119.03	110.5	16.59	102.44	0.9941	0.1887	-85.85
YCR096C	18	355.2	112.11	94.5	2.67	109.44	1.0	0.3184	-106.78
YCR098C	124	951.3	281.4	262.0	14.69	266.71	1.0	0.4001	-252.02
YCR099C	54	646.1	364.43	336.0	65.04	299.39	1.0	0.5801	-234.35
YCR100C	23	1829.2	1040.78	1127.0	434.17	606.61	1.0	0.5278	-172.43
YCR102C	44	696.0	131.18	140.5	10.64	120.55	1.0	0.2343	-109.91
YCR105W	34	505.1	147.0	118.5	1.94	145.06	1.0	0.2693	-143.12
YCR106W	29	877.0	317.14	332.0	14.48	302.66	1.0	0.391	-288.17
YCR107W	63	794.5	282.25	281.0	82.65	199.6	1.0	0.3242	-116.95
YDL001W	117	817.0	164.32	171.0	8.32	156.01	0.9915	0.2545	-147.69
YDL002C	209	676.9	314.09	318.0	15.83	298.26	1.0	0.4835	-282.43
YDL003W	77	658.9	184.79	159.0	20.91	163.88	0.987	0.3596	-142.97
YDL004W	843	637.7	280.81	283.0	16.8	264.01	0.9988	0.4674	-247.21
YDL005C	105	788.7	267.32	286.0	4.43	262.9	1.0	0.4108	-258.47
YDL006W	127	798.5	264.5	199.0	108.83	155.66	1.0	0.3452	-46.83
YDL007W	402	795.7	120.94	106.0	8.62	112.32	0.9975	0.2023	-103.7
YDL008W	264	564.9	160.69	167.0	9.35	151.34	1.0	0.294	-142.0
YDL009C	78	397.4	136.9	111.5	49.63	87.27	1.0	0.3182	-37.64
YDL010W	79	817.7	266.56	287.0	14.81	251.75	1.0	0.3224	-236.94
YDL012C	240	489.2	255.55	240.0	55.21	200.34	0.9958	0.5211	-145.13
YDL013W	54	653.2	159.65	167.0	10.98	148.67	1.0	0.3193	-137.69
YDL014W	1284	708.1	227.43	224.5	8.64	218.78	1.0	0.3854	-210.14
YDL015C	845	897.8	289.16	295.0	14.66	274.5	1.0	0.3672	-259.84
YDL016C	144	307.6	180.58	189.0	133.65	46.92	1.0	0.5495	86.73
YDL017W	20	1063.2	161.15	156.5	19.3	141.85	1.0	0.1964	-122.55
YDL018C	134	678.0	203.39	202.0	19.49	183.9	1.0	0.319	-164.42
YDL019C	78	713.7	181.72	165.5	11.06	170.65	1.0	0.3757	-159.59
YDL020C	429	657.9	179.53	160.0	23.17	156.36	1.0	0.3517	-133.19
YDL021W	35	588.0	122.43	110.0	7.89	114.54	1.0	0.2445	-106.66
YDL022W	185	957.6	233.41	229.0	19.73	213.68	1.0	0.3017	-193.95
YDL024C	6	533.0	314.0	291.0	1.67	312.33	1.0	0.6577	-310.67
YDL025C	142	846.9	188.97	190.0	9.32	179.65	1.0	0.2814	-170.32
YDL027C	132	706.9	177.89	177.0	8.48	169.42	1.0	0.3142	-160.94
YDL028C	58	836.7	182.22	165.5	4.02	178.21	0.9828	0.2878	-174.19
YDL029W	296	797.4	205.65	201.5	10.87	194.78	0.9966	0.3268	-183.91
YDL030W	70	601.5	114.31	99.5	2.93	111.39	0.9714	0.2262	-108.46
YDL031W	194	723.8	124.66	102.5	1.38	123.28	0.9948	0.2315	-121.91
YDL033C	22	821.9	194.18	225.5	5.32	188.86	1.0	0.2795	-183.55
YDL034W	5	423.0	251.4	176.0	63.4	188.0	1.0	0.5582	-124.6
YDL035C	127	906.2	182.76	169.0	13.97	168.8	1.0	0.2944	-154.83
YDL036C	81	649.1	267.63	224.0	31.59	236.04	1.0	0.4541	-204.44
YDL037C	5	1051.8	486.8	303.0	163.2	323.6	1.0	0.4371	-160.4
YDL039C	119	1058.7	270.9	189.0	108.74	162.16	0.9916	0.2939	-53.42
YDL040C	203	948.8	149.33	130.0	5.04	144.3	1.0	0.2359	-139.26
YDL042C	53	741.3	157.43	134.0	6.32	151.11	1.0	0.3137	-144.79
YDL043C	73	905.1	351.32	363.0	27.55	323.77	1.0	0.4092	-296.22
YDL044C	44	568.8	117.27	92.0	1.43	115.84	1.0	0.246	-114.41
YDL045C	115	800.2	214.57	206.0	40.11	174.45	0.9913	0.3041	-134.34
YDL045W-A	179	430.9	187.61	193.0	16.35	171.27	1.0	0.4401	-154.92
YDL046W	262	726.8	331.86	332.0	27.57	304.29	1.0	0.4733	-276.73
YDL047W	114	1013.6	385.45	369.0	63.02	322.43	1.0	0.4122	-259.41
YDL048C	270	675.0	139.03	138.0	6.17	132.86	1.0	0.2583	-126.69
YDL049C	48	660.7	262.6	272.0	14.83	247.77	1.0	0.4299	-232.94
YDL050C	246	380.8	124.85	98.0	2.71	122.14	1.0	0.3276	-119.43
YDL051W	437	837.3	163.51	150.0	12.93	150.59	1.0	0.1978	-137.66
YDL052C	135	719.9	132.52	142.0	11.88	120.64	0.9926	0.2279	-108.76
YDL053C	234	648.9	276.94	264.5	54.22	222.72	0.9957	0.45	-168.5
YDL054C	124	732.9	145.06	148.0	16.9	128.15	1.0	0.247	-111.25
YDL055C	3455	971.3	290.31	300.0	51.61	238.7	0.9988	0.3519	-187.09
YDL056W	82	672.3	126.06	140.0	10.46	115.6	1.0	0.2473	-105.13
YDL057W	54	551.3	103.96	90.5	5.61	98.35	1.0	0.2348	-92.74
YDL058W	31	858.4	149.0	140.0	6.94	142.06	1.0	0.2889	-135.13
YDL059C	44	686.4	297.75	303.0	10.07	287.68	1.0	0.4732	-277.61
YDL060W	262	590.6	131.07	128.0	3.13	127.94	1.0	0.2884	-124.82
YDL061C	5298	383.4	224.61	224.0	19.16	205.45	1.0	0.5797	-186.29
YDL063C	212	732.0	152.67	151.0	5.67	147.0	1.0	0.2764	-141.33
YDL064W	232	562.8	199.23	194.0	35.65	163.58	1.0	0.3674	-127.93
YDL065C	88	653.7	120.19	124.0	4.69	115.5	0.9886	0.2312	-110.81
YDL066W	370	712.6	140.58	147.0	7.41	133.18	0.9946	0.2539	-125.77
YDL067C	710	442.1	281.63	269.0	23.41	258.22	1.0	0.6339	-234.81
YDL069C	144	618.1	186.9	189.0	64.2	122.69	0.9931	0.3378	-58.49
YDL070W	366	608.2	199.6	201.0	3.58	196.01	1.0	0.3601	-192.43
YDL072C	611	598.4	146.86	145.0	19.25	127.61	0.9935	0.2632	-108.36
YDL073W	79	653.0	90.29	70.0	12.75	77.54	0.9494	0.2118	-64.8
YDL074C	261	858.6	132.57	120.0	11.2	121.37	0.9962	0.204	-110.16
YDL075W	7978	414.6	153.55	146.0	54.43	99.11	1.0	0.3662	-44.68
YDL076C	142	630.6	228.97	239.5	36.27	192.7	1.0	0.4118	-156.44
YDL077C	84	766.9	106.27	89.0	7.25	99.02	0.9762	0.1999	-91.77
YDL078C	361	891.3	156.23	156.0	21.42	134.81	1.0	0.2026	-113.39
YDL079C	60	625.7	123.13	90.5	62.47	60.67	1.0	0.1975	1.8
YDL080C	44	796.2	191.45	191.0	19.77	171.68	0.9773	0.3198	-151.91
YDL081C	9317	491.4	195.84	191.0	44.64	151.2	0.9997	0.3982	-106.56
YDL082W	2037	617.5	176.55	162.0	12.39	164.16	0.9985	0.313	-151.77
YDL083C	6418	515.0	176.87	166.0	23.49	153.38	0.9998	0.3517	-129.89
YDL084W	1618	816.9	143.02	141.0	28.6	114.42	0.9963	0.2142	-85.82
YDL085C-A	71	373.4	187.77	179.0	23.38	164.39	1.0	0.495	-141.01
YDL085W	11	651.3	99.82	84.0	38.09	61.73	1.0	0.1746	-23.64
YDL086W	247	634.1	114.89	100.0	3.36	111.53	0.9919	0.227	-108.17
YDL087C	23	629.6	195.48	211.0	4.26	191.22	1.0	0.3533	-186.96
YDL088C	124	857.5	200.1	199.5	13.86	186.24	1.0	0.3036	-172.38
YDL089W	87	632.0	136.11	102.0	31.03	105.08	1.0	0.2598	-74.05
YDL090C	38	689.3	126.97	131.0	6.66	120.32	1.0	0.2319	-113.66
YDL091C	58	624.9	146.76	158.5	10.78	135.98	1.0	0.2937	-125.21
YDL092W	423	538.0	191.35	171.0	7.91	183.44	1.0	0.3726	-175.53
YDL093W	69	928.0	305.39	301.0	2.8	302.59	1.0	0.4182	-299.8
YDL094C	9	387.8	174.0	184.0	122.33	51.67	1.0	0.4592	70.67
YDL095W	338	747.5	135.89	128.0	3.4	132.49	0.997	0.257	-129.09
YDL097C	567	754.9	134.99	140.0	4.2	130.8	0.9965	0.2381	-126.6
YDL098C	74	635.0	180.11	161.5	3.78	176.32	1.0	0.3053	-172.54
YDL099W	112	608.4	119.9	102.5	3.24	116.66	1.0	0.2413	-113.42
YDL100C	511	658.7	123.28	110.0	5.97	117.31	0.9961	0.2361	-111.33
YDL101C	69	735.6	157.88	174.0	8.91	148.97	1.0	0.2928	-140.06
YDL102W	92	706.5	161.17	133.5	6.43	154.74	1.0	0.3118	-148.3
YDL103C	143	725.2	154.82	160.0	5.23	149.59	1.0	0.2968	-144.36
YDL104C	34	704.5	134.15	120.5	3.41	130.74	1.0	0.2331	-127.32
YDL105W	41	593.1	129.46	118.0	17.2	112.27	1.0	0.2703	-95.07
YDL106C	69	717.1	183.61	185.0	5.46	178.14	1.0	0.339	-172.68
YDL107W	86	691.6	180.83	162.5	13.79	167.03	0.9884	0.2981	-153.24
YDL108W	100	709.0	112.43	98.0	19.26	93.17	1.0	0.1886	-73.91
YDL109C	7	1050.3	307.57	285.0	8.71	298.86	1.0	0.3459	-290.14
YDL110C	78	575.7	239.06	233.5	22.18	216.88	1.0	0.4319	-194.71
YDL111C	196	620.7	128.95	126.0	23.56	105.39	1.0	0.2426	-81.83
YDL112W	269	840.4	140.01	142.0	2.86	137.15	0.9963	0.2455	-134.29
YDL113C	148	759.5	135.16	122.5	3.34	131.82	0.9932	0.2408	-128.47
YDL115C	82	605.0	132.96	106.5	15.73	117.23	0.9878	0.2563	-101.5
YDL116W	225	804.7	121.79	108.0	3.74	118.05	0.9867	0.2049	-114.32
YDL117W	68	744.0	145.21	139.0	20.29	124.91	0.9853	0.2796	-104.62
YDL119C	89	676.5	190.21	172.0	21.49	168.72	1.0	0.3382	-147.22
YDL120W	156	579.9	204.93	206.0	25.73	179.2	1.0	0.378	-153.47
YDL121C	375	556.4	210.37	203.0	7.37	203.0	1.0	0.3933	-195.62
YDL122W	29	459.8	100.62	73.0	38.76	61.86	1.0	0.2525	-23.1
YDL123W	76	838.9	499.36	505.0	24.55	474.8	1.0	0.5914	-450.25
YDL124W	651	660.1	127.83	127.0	10.63	117.2	1.0	0.2291	-106.57
YDL125C	733	548.6	206.77	197.0	63.21	143.56	1.0	0.3818	-80.35
YDL126C	1163	754.9	110.08	107.0	3.79	106.3	0.994	0.2138	-102.51
YDL127W	33	661.6	210.58	216.0	14.24	196.33	1.0	0.3951	-182.09
YDL128W	160	799.8	224.42	224.0	11.89	212.52	1.0	0.3528	-200.63
YDL129W	12	734.7	347.5	378.0	14.58	332.92	1.0	0.4839	-318.33
YDL130W	6058	442.7	245.45	252.0	106.15	139.3	0.9998	0.5478	-33.16
YDL130W-A	162	444.8	213.93	211.5	17.47	196.46	1.0	0.4815	-178.99
YDL131W	450	755.6	133.02	126.5	7.38	125.64	1.0	0.2439	-118.27
YDL132W	119	969.8	217.35	207.0	42.81	174.55	1.0	0.3207	-131.74
YDL133C-A	17347	316.9	240.62	222.0	12.36	228.27	1.0	0.7555	-215.91
YDL133W	100	684.3	147.78	133.0	12.14	135.64	1.0	0.2626	-123.5
YDL134C	308	751.3	198.25	125.5	79.22	119.03	1.0	0.2771	-39.81
YDL135C	615	703.0	233.19	216.0	22.04	211.15	1.0	0.3413	-189.1
YDL136W	6035	474.6	152.62	152.0	18.6	134.01	0.9997	0.3231	-115.41
YDL137W	1467	686.0	248.22	241.0	61.75	186.46	1.0	0.3733	-124.71
YDL138W	44	744.0	174.14	150.0	34.36	139.77	1.0	0.2993	-105.41
YDL139C	6	431.2	146.17	165.0	3.17	143.0	1.0	0.3429	-139.83
YDL140C	134	611.0	150.86	149.5	27.07	123.78	0.9925	0.2939	-96.71
YDL141W	69	970.0	285.33	278.0	22.12	263.22	1.0	0.396	-241.1
YDL142C	73	616.0	159.44	149.0	27.78	131.66	0.9863	0.2972	-103.88
YDL143W	471	778.4	149.88	155.0	5.87	144.01	1.0	0.2679	-138.15
YDL144C	71	813.3	151.2	139.0	6.01	145.18	1.0	0.2184	-139.17
YDL145C	448	828.4	199.55	197.0	5.82	193.73	0.9844	0.3444	-187.9
YDL146W	58	779.3	213.71	195.5	31.38	182.33	1.0	0.3069	-150.95
YDL147W	1070	938.6	190.86	186.0	5.86	185.0	0.9981	0.2542	-179.14
YDL148C	189	874.2	257.86	263.0	4.37	253.5	0.9947	0.3886	-249.13
YDL149W	56	790.5	142.82	140.5	19.48	123.34	1.0	0.2368	-103.86
YDL150W	191	547.6	146.55	146.0	4.3	142.26	1.0	0.3162	-137.96
YDL153C	316	680.8	159.22	148.5	2.19	157.03	1.0	0.2942	-154.85
YDL154W	49	748.6	153.16	158.0	2.06	151.1	1.0	0.2347	-149.04
YDL155W	70	701.1	187.11	154.0	34.41	152.7	1.0	0.3214	-118.29
YDL157C	781	542.3	219.77	209.0	13.95	205.82	1.0	0.3994	-191.87
YDL158C	141	318.6	146.26	150.0	105.47	40.79	1.0	0.4177	64.67
YDL159W	20	1054.2	150.7	135.5	11.15	139.55	1.0	0.1596	-128.4
YDL160C	42	1102.9	422.17	347.5	64.33	357.83	1.0	0.428	-293.5
YDL160C-A	235	481.8	254.06	261.0	10.73	243.33	1.0	0.522	-232.6
YDL161W	206	683.8	173.11	179.5	2.81	170.3	1.0	0.3009	-167.49
YDL164C	51	742.0	163.98	164.0	2.9	161.08	1.0	0.3154	-158.18
YDL165W	113	568.6	98.96	88.0	17.57	81.39	1.0	0.1873	-63.82
YDL166C	171	625.2	135.71	130.0	22.25	113.46	1.0	0.2277	-91.21
YDL167C	104	763.0	175.84	185.0	5.03	170.81	0.9904	0.2978	-165.78
YDL168W	297	851.9	173.03	177.0	14.6	158.43	0.9933	0.2524	-143.83
YDL169C	18	490.8	101.17	75.0	27.28	73.89	1.0	0.2347	-46.61
YDL170W	44	787.3	159.11	159.0	8.16	150.95	1.0	0.3115	-142.8
YDL171C	351	844.4	158.27	145.0	4.04	154.23	1.0	0.2737	-150.19
YDL172C	29	396.4	130.34	127.0	2.66	127.69	1.0	0.336	-125.03
YDL173W	50	931.4	172.76	143.0	13.72	159.04	1.0	0.1816	-145.32
YDL174C	94	879.7	125.85	101.5	8.29	117.56	1.0	0.2107	-109.28
YDL175C	65	688.9	207.34	228.0	4.77	202.57	0.9846	0.3608	-197.8
YDL176W	73	744.4	162.36	174.0	6.63	155.73	1.0	0.268	-149.1
YDL177C	57	523.8	139.42	118.0	9.84	129.58	1.0	0.2784	-119.74
YDL178W	199	746.7	115.12	92.0	4.64	110.48	1.0	0.1975	-105.84
YDL179W	66	630.5	206.68	213.5	20.89	185.79	0.9848	0.3688	-164.89
YDL180W	187	732.2	128.45	128.0	13.62	114.83	1.0	0.2317	-101.21
YDL181W	361	444.4	212.36	180.0	48.18	164.17	1.0	0.459	-115.99
YDL182W	342	882.8	127.71	120.5	6.91	120.8	1.0	0.1754	-113.89
YDL183C	13	550.2	141.46	126.0	5.85	135.62	1.0	0.2697	-129.77
YDL184C	24897	323.8	246.99	228.0	12.12	234.88	1.0	0.76	-222.76
YDL185C-A	6	154.0	32.17	19.0	3.67	28.5	1.0	0.1722	-24.83
YDL185W	1447	854.1	152.95	149.0	4.28	148.66	0.9952	0.2711	-144.38
YDL186W	28	625.0	71.79	82.5	4.93	66.86	1.0	0.1236	-61.93
YDL188C	127	839.3	171.43	153.0	38.57	132.87	0.9921	0.2372	-94.3
YDL189W	107	670.2	137.34	118.0	7.56	129.78	1.0	0.2632	-122.21
YDL190C	133	888.9	243.05	226.0	7.86	235.19	1.0	0.3404	-227.32
YDL191W	10215	473.2	141.18	123.0	9.28	131.9	0.9997	0.2983	-122.62
YDL192W	4957	640.9	197.57	187.0	20.56	177.01	1.0	0.3137	-156.45
YDL193W	145	681.0	229.39	218.0	14.05	215.34	1.0	0.4021	-201.3
YDL194W	38	805.0	166.63	162.0	14.68	151.95	1.0	0.3044	-137.26
YDL195W	308	788.4	176.24	177.0	4.52	171.72	0.9968	0.3171	-167.21
YDL197C	39	899.0	209.36	153.0	31.0	178.36	1.0	0.2764	-147.36
YDL198C	606	653.2	170.25	176.5	10.54	159.7	1.0	0.3341	-149.16
YDL199C	39	697.4	178.67	170.0	25.31	153.36	0.9744	0.3337	-128.05
YDL200C	193	563.8	126.41	124.0	8.05	118.36	1.0	0.2366	-110.32
YDL201W	92	725.1	126.28	98.5	14.84	111.45	0.9891	0.1914	-96.61
YDL202W	91	588.1	159.41	158.0	12.24	147.16	0.989	0.3095	-134.92
YDL203C	58	821.4	231.47	230.0	13.93	217.53	1.0	0.366	-203.6
YDL204W	40	861.2	175.72	176.5	16.8	158.93	0.975	0.2518	-142.12
YDL205C	65	725.8	297.71	290.0	35.63	262.08	1.0	0.4473	-226.45
YDL206W	50	769.6	78.48	75.0	3.84	74.64	0.98	0.148	-70.8
YDL207W	41	719.9	127.27	97.0	10.46	116.8	1.0	0.235	-106.34
YDL208W	799	530.2	164.2	148.0	11.23	152.97	0.9987	0.3299	-141.74
YDL209C	17	712.3	249.88	270.0	6.35	243.53	1.0	0.4138	-237.18
YDL210W	22	602.0	156.77	160.0	9.0	147.77	1.0	0.3376	-138.77
YDL211C	44	585.4	189.05	193.0	2.77	186.27	1.0	0.3655	-183.5
YDL212W	1193	684.6	203.01	200.0	16.49	186.52	1.0	0.3193	-170.03
YDL213C	321	484.0	112.1	93.0	3.05	109.06	1.0	0.2729	-106.01
YDL214C	11	542.2	125.09	77.0	6.82	118.27	1.0	0.2025	-111.45
YDL215C	143	881.4	182.17	170.0	5.91	176.26	1.0	0.3017	-170.35
YDL216C	41	810.2	195.02	188.0	3.1	191.93	1.0	0.2729	-188.83
YDL217C	74	722.3	283.66	257.5	54.46	229.2	1.0	0.3814	-174.74
YDL219W	408	643.1	279.44	309.0	45.42	234.02	1.0	0.4234	-188.61
YDL220C	5	831.8	96.2	5.0	2.6	93.6	0.8	0.069	-91.0
YDL221W	14	453.6	185.93	168.5	8.21	177.71	1.0	0.4289	-169.5
YDL222C	9	641.6	299.89	331.0	11.89	288.0	1.0	0.4657	-276.11
YDL223C	25	673.4	260.16	280.0	12.88	247.28	1.0	0.4585	-234.4
YDL224C	92	788.4	215.59	199.0	28.15	187.43	0.9891	0.3534	-159.28
YDL225W	178	778.0	141.36	133.0	7.54	133.82	1.0	0.2566	-126.28
YDL226C	265	778.1	231.22	227.0	4.41	226.81	0.9962	0.3672	-222.4
YDL227C	67	715.4	107.54	89.0	5.7	101.84	1.0	0.2085	-96.13
YDL228C	1748	422.2	125.95	103.0	1.9	124.05	0.9983	0.3367	-122.15
YDL229W	2042	1469.6	149.53	152.0	7.79	141.75	0.9951	0.1097	-133.96
YDL230W	49	632.4	102.59	109.0	9.18	93.41	1.0	0.1947	-84.22
YDL231C	102	769.3	119.72	120.5	10.09	109.63	1.0	0.2249	-99.54
YDL232W	354	408.6	303.6	301.5	9.89	293.71	1.0	0.7398	-283.82
YDL233W	45	835.9	220.47	237.0	2.89	217.58	1.0	0.3479	-214.69
YDL234C	439	739.4	139.19	143.0	4.74	134.45	1.0	0.2522	-129.71
YDL235C	498	593.0	216.21	216.0	57.06	159.15	1.0	0.379	-102.08
YDL236W	337	775.4	196.2	195.0	7.35	188.85	1.0	0.298	-181.5
YDL237W	106	822.7	200.62	188.0	11.89	188.74	1.0	0.3052	-176.85
YDL238C	28	666.8	127.75	108.0	4.57	123.18	1.0	0.2016	-118.61
YDL239C	76	680.4	124.49	115.0	34.42	90.07	0.9737	0.1839	-55.64
YDL240W	27	874.7	271.67	293.0	4.07	267.59	1.0	0.3962	-263.52
YDL241W	194	615.7	325.87	320.0	27.79	298.08	1.0	0.5266	-270.28
YDL242W	7	829.0	556.57	389.0	221.71	334.86	1.0	0.5923	-113.14
YDL243C	72	492.3	156.6	125.0	7.53	149.07	1.0	0.3396	-141.54
YDL244W	7	415.3	174.86	193.0	1.57	173.29	1.0	0.3922	-171.71
YDL245C	14	1014.9	373.79	256.5	2.79	371.0	1.0	0.406	-368.21
YDL246C	40	540.9	182.68	180.0	8.95	173.72	1.0	0.3525	-164.78
YDL247W	21	807.9	285.0	225.0	19.0	266.0	1.0	0.383	-247.0
YDL248W	94	1043.9	448.56	353.0	21.6	426.97	0.9894	0.4231	-405.37
YDR001C	276	818.1	145.64	138.5	11.72	133.92	1.0	0.2481	-122.2
YDR002W	2905	612.4	220.24	206.0	5.61	214.64	0.9986	0.3828	-209.03
YDR003W	82	764.2	342.79	356.5	17.51	325.28	1.0	0.4713	-307.77
YDR003W-A	43	372.0	256.95	246.0	69.63	187.33	1.0	0.6816	-117.7
YDR004W	87	799.1	212.93	231.0	16.01	196.92	1.0	0.3493	-180.91
YDR005C	250	854.9	207.38	213.0	31.13	176.26	0.992	0.2845	-145.13
YDR006C	124	803.6	123.49	112.5	3.26	120.23	0.9919	0.2297	-116.98
YDR007W	34	683.8	157.71	137.0	31.12	126.59	1.0	0.2127	-95.47
YDR008C	21	382.2	97.14	98.0	24.1	73.05	1.0	0.2489	-48.95
YDR009W	11	798.8	251.09	131.0	0.36	250.73	1.0	0.3037	-250.36
YDR011W	316	829.6	190.34	187.0	4.04	186.29	1.0	0.329	-182.25
YDR012W	1806	800.5	121.77	108.0	8.22	113.55	0.9983	0.1919	-105.33
YDR013W	96	605.8	130.76	102.5	9.09	121.67	0.9792	0.2327	-112.57
YDR014W	57	1199.7	314.02	308.0	15.91	298.11	1.0	0.325	-282.19
YDR016C	88	439.0	170.86	147.5	10.36	160.5	1.0	0.3835	-150.14
YDR017C	110	662.9	167.61	175.0	7.87	159.74	1.0	0.3267	-151.86
YDR018C	14	512.9	178.64	176.5	2.79	175.86	1.0	0.3656	-173.07
YDR019C	49	797.0	219.82	225.0	12.49	207.33	0.9796	0.3636	-194.84
YDR020C	72	844.7	407.96	429.5	31.49	376.47	1.0	0.5023	-344.99
YDR021W	66	656.5	128.8	137.0	8.68	120.12	0.9848	0.2451	-111.44
YDR022C	19	575.7	160.68	172.0	18.89	141.79	1.0	0.2888	-122.89
YDR023W	2528	1002.4	182.49	169.0	6.56	175.93	0.9964	0.2439	-169.37
YDR025W	4055	521.4	167.79	160.0	36.41	131.38	1.0	0.3347	-94.97
YDR026C	63	678.4	188.24	191.0	13.83	174.41	1.0	0.3177	-160.59
YDR027C	104	871.1	92.61	87.0	4.83	87.78	0.9904	0.143	-82.95
YDR028C	84	746.1	300.08	295.0	14.82	285.26	0.9881	0.5155	-270.44
YDR029W	5	415.6	143.4	106.0	38.4	105.0	1.0	0.3113	-66.6
YDR030C	45	539.9	86.31	86.0	5.29	81.02	1.0	0.2125	-75.73
YDR031W	174	504.8	195.7	182.0	7.0	188.7	1.0	0.3952	-181.7
YDR032C	421	686.8	224.11	220.0	32.5	191.61	1.0	0.3467	-159.11
YDR033W	1988	1164.2	551.25	524.0	81.71	469.54	0.9995	0.5108	-387.82
YDR034C	166	783.7	158.96	142.0	20.93	138.03	0.994	0.2523	-117.1
YDR034C-A	10699	395.1	243.77	238.0	106.18	137.59	1.0	0.6013	-31.41
YDR034C-C	20	601.4	129.85	117.0	19.1	110.75	1.0	0.23	-91.65
YDR034C-D	575	671.3	313.24	328.0	2.63	310.61	1.0	0.5208	-307.99
YDR034W-B	236	381.1	240.96	231.0	12.73	228.23	1.0	0.6196	-215.5
YDR035W	431	801.7	237.27	231.0	8.37	228.9	1.0	0.3794	-220.53
YDR036C	60	1020.1	193.32	178.0	8.33	184.98	1.0	0.2712	-176.65
YDR037W	1825	821.8	125.39	105.0	8.33	117.07	0.9973	0.2258	-108.74
YDR038C	58	1006.9	187.72	198.5	5.45	182.28	1.0	0.2962	-176.83
YDR039C	54	788.4	186.02	160.5	24.44	161.57	1.0	0.3809	-137.13
YDR040C	145	955.3	163.63	159.0	12.51	151.12	1.0	0.2343	-138.61
YDR041W	220	651.8	208.18	203.5	6.56	201.61	1.0	0.3457	-195.05
YDR042C	30	649.1	252.43	206.0	110.17	142.27	1.0	0.3836	-32.1
YDR043C	88	550.4	177.61	178.0	34.08	143.53	0.9886	0.3407	-109.45
YDR044W	193	784.4	196.05	192.0	16.57	179.48	1.0	0.3031	-162.91
YDR045C	394	625.7	340.95	350.0	91.57	249.38	1.0	0.5484	-157.81
YDR046C	501	815.6	129.18	134.0	15.07	114.11	1.0	0.2247	-99.04
YDR047W	187	723.4	154.01	137.0	39.96	114.04	1.0	0.249	-74.08
YDR048C	8	355.9	148.38	163.5	23.0	125.38	1.0	0.3991	-102.38
YDR049W	30	814.7	164.1	171.5	5.8	158.3	1.0	0.2737	-152.5
YDR050C	7937	631.5	127.42	118.0	7.94	119.48	0.999	0.2384	-111.55
YDR051C	209	726.2	119.02	105.0	24.8	94.22	1.0	0.2047	-69.41
YDR052C	70	951.6	271.53	275.5	7.61	263.91	1.0	0.3845	-256.3
YDR053W	5	359.6	219.2	180.0	91.2	128.0	1.0	0.5852	-36.8
YDR054C	97	669.7	439.92	460.0	10.04	429.88	1.0	0.6737	-419.84
YDR055W	253	827.5	189.94	192.0	11.9	178.04	1.0	0.2976	-166.15
YDR056C	325	630.2	156.75	151.0	25.26	131.5	0.9969	0.2639	-106.24
YDR057W	41	561.8	140.15	132.0	15.07	125.07	0.9756	0.318	-110.0
YDR058C	36	712.5	156.69	153.0	7.11	149.58	1.0	0.2551	-142.47
YDR059C	81	521.7	191.81	195.0	33.99	157.83	1.0	0.3807	-123.84
YDR060W	175	685.5	169.54	102.0	3.73	165.82	0.9829	0.3347	-162.09
YDR061W	101	787.6	152.41	149.0	6.84	145.56	1.0	0.2595	-138.72
YDR062W	371	1027.7	353.14	327.0	55.13	298.02	0.9946	0.4257	-242.89
YDR063W	134	544.3	158.81	149.5	53.9	104.9	1.0	0.2885	-51.0
YDR064W	7541	538.0	142.03	131.0	26.7	115.33	0.9997	0.2691	-88.63
YDR065W	33	1075.5	362.67	399.0	6.39	356.27	1.0	0.358	-349.88
YDR066C	119	612.6	197.47	191.0	94.27	103.2	1.0	0.3131	-8.93
YDR067C	114	607.0	134.37	121.0	20.5	113.87	1.0	0.2461	-93.37
YDR068W	45	833.6	152.51	151.0	13.11	139.4	1.0	0.1946	-126.29
YDR069C	55	713.6	202.09	203.0	7.87	194.22	1.0	0.314	-186.35
YDR070C	25	423.6	220.28	208.0	48.2	172.08	1.0	0.5298	-123.88
YDR071C	1548	606.5	144.38	134.0	25.14	119.24	1.0	0.2509	-94.09
YDR072C	228	677.6	154.46	165.0	29.83	124.63	0.9956	0.2924	-94.8
YDR073W	196	449.0	152.43	108.0	68.87	83.56	1.0	0.2776	-14.69
YDR074W	285	968.1	262.66	271.0	6.82	255.84	0.993	0.3789	-249.01
YDR075W	73	875.8	238.59	221.0	58.21	180.38	1.0	0.2963	-122.18
YDR076W	43	610.3	211.65	77.0	68.91	142.74	1.0	0.2488	-73.84
YDR077W	2006	893.3	357.91	378.0	9.43	348.48	0.999	0.4516	-339.04
YDR078C	61	502.7	159.48	125.0	69.08	90.39	1.0	0.3073	-21.31
YDR079C-A	172	425.6	229.1	232.0	23.11	205.99	1.0	0.5285	-182.88
YDR079W	154	484.7	209.1	206.5	10.82	198.28	1.0	0.425	-187.45
YDR080W	110	1034.6	226.35	199.5	1.64	224.71	1.0	0.2862	-223.07
YDR081C	74	868.8	133.39	100.5	41.78	91.61	0.973	0.2161	-49.82
YDR082W	41	858.0	185.2	214.0	9.9	175.29	1.0	0.2847	-165.39
YDR083W	96	729.9	134.33	123.0	7.75	126.58	1.0	0.2449	-118.83
YDR084C	169	668.2	213.88	209.0	17.59	196.3	1.0	0.3387	-178.71
YDR085C	93	646.2	136.2	122.0	8.02	128.18	0.9892	0.2771	-120.16
YDR086C	2064	486.8	259.45	257.5	43.46	215.99	0.9995	0.5308	-172.53
YDR087C	172	655.0	141.0	127.5	7.33	133.67	1.0	0.2594	-126.35
YDR088C	53	692.4	237.51	242.0	13.64	223.87	1.0	0.3948	-210.23
YDR089W	57	782.2	146.61	156.0	8.68	137.93	1.0	0.2616	-129.25
YDR090C	103	886.0	378.16	368.0	20.19	357.96	1.0	0.4721	-337.77
YDR091C	301	1120.1	364.25	377.0	9.86	354.39	1.0	0.4257	-344.53
YDR092W	122	507.4	147.11	141.0	34.15	112.96	1.0	0.3057	-78.81
YDR093W	56	956.6	97.54	79.0	5.66	91.88	1.0	0.131	-86.21
YDR094W	40	247.8	47.78	28.0	7.32	40.45	1.0	0.1859	-33.12
YDR096W	126	843.4	218.14	219.5	14.14	204.0	1.0	0.3456	-189.86
YDR097C	96	861.8	103.3	108.5	2.15	101.16	1.0	0.1721	-99.01
YDR098C	389	616.9	120.68	114.0	13.32	107.35	1.0	0.2247	-94.03
YDR098C-B	681	976.7	311.54	334.0	3.27	308.27	0.9927	0.4661	-305.0
YDR099W	831	913.3	332.77	318.0	63.61	269.16	0.9976	0.4004	-205.55
YDR100W	142	573.9	233.09	229.0	17.04	216.06	1.0	0.4118	-199.02
YDR101C	484	755.4	145.69	138.0	4.57	141.12	0.9979	0.2581	-136.55
YDR102C	11	370.9	195.27	205.0	38.36	156.91	1.0	0.4932	-118.55
YDR103W	128	719.4	92.86	66.5	2.41	90.45	0.9922	0.1682	-88.03
YDR104C	36	633.4	131.11	130.5	6.56	124.56	1.0	0.2422	-118.0
YDR105C	56	789.0	140.41	144.5	23.61	116.8	1.0	0.2241	-93.2
YDR106W	10	438.4	112.5	120.0	15.5	97.0	1.0	0.2702	-81.5
YDR107C	49	841.4	197.22	143.0	106.82	90.41	1.0	0.2615	16.41
YDR108W	54	838.7	125.0	100.5	5.19	119.81	1.0	0.2171	-114.63
YDR109C	19	698.6	162.05	153.0	1.84	160.21	0.9474	0.2984	-158.37
YDR110W	35	1001.2	233.51	227.0	10.17	223.34	1.0	0.3159	-213.17
YDR111C	61	845.7	281.11	251.0	26.64	254.48	1.0	0.4094	-227.84
YDR113C	23	796.8	130.65	131.0	42.39	88.26	1.0	0.1917	-45.87
YDR115W	328	476.9	197.44	194.0	18.36	179.08	1.0	0.4072	-160.72
YDR116C	145	633.7	158.26	160.0	5.21	153.06	1.0	0.2919	-147.85
YDR117C	84	714.0	108.85	90.0	4.39	104.45	1.0	0.2055	-100.06
YDR118W	48	835.6	101.38	89.0	6.67	94.71	1.0	0.1468	-88.04
YDR119W	204	862.0	101.39	104.5	10.41	90.98	1.0	0.1689	-80.56
YDR119W-A	153	476.7	289.75	280.0	25.52	264.22	1.0	0.6051	-238.7
YDR120C	137	886.5	245.72	231.0	2.57	243.15	0.9927	0.3694	-240.58
YDR121W	9	446.8	155.0	125.0	15.44	139.56	1.0	0.3735	-124.11
YDR122W	126	697.6	185.98	175.0	16.75	169.24	1.0	0.3177	-152.49
YDR123C	35	1121.9	633.51	667.0	10.37	623.14	1.0	0.5957	-612.77
YDR124W	25	760.0	298.92	298.0	48.24	250.68	1.0	0.4198	-202.44
YDR125C	52	668.0	194.58	103.0	58.13	136.44	1.0	0.2682	-78.31
YDR126W	69	454.2	132.49	81.0	6.13	126.36	1.0	0.2683	-120.23
YDR127W	572	880.3	117.3	123.0	6.04	111.26	0.9913	0.2059	-105.22
YDR128W	92	857.1	183.3	191.0	1.85	181.46	1.0	0.3204	-179.61
YDR129C	650	933.1	189.26	190.0	5.86	183.4	0.9938	0.2778	-177.54
YDR130C	48	737.4	215.83	186.0	3.88	211.96	1.0	0.3179	-208.08
YDR131C	41	781.8	115.95	120.0	8.68	107.27	1.0	0.2204	-98.59
YDR132C	65	868.1	217.92	193.0	41.35	176.57	1.0	0.3507	-135.22
YDR133C	715	457.8	225.29	235.0	23.78	201.51	1.0	0.4941	-177.73
YDR134C	725	738.4	347.19	350.0	35.74	311.45	1.0	0.4664	-275.7
YDR135C	380	772.3	135.38	115.5	4.57	130.81	0.9947	0.2672	-126.25
YDR137W	116	890.1	176.72	165.5	8.23	168.49	1.0	0.2718	-160.26
YDR138W	81	848.0	363.57	579.0	12.52	351.05	1.0	0.3723	-338.53
YDR139C	503	434.7	224.95	207.0	18.91	206.04	1.0	0.5165	-187.13
YDR140W	82	556.4	170.55	173.0	25.13	145.41	1.0	0.3528	-120.28
YDR141C	153	880.5	148.57	140.0	4.13	144.44	1.0	0.2437	-140.31
YDR142C	60	707.7	148.38	136.5	31.85	116.53	1.0	0.2564	-84.68
YDR143C	57	758.3	184.61	197.0	14.12	170.49	1.0	0.284	-156.37
YDR144C	145	836.2	166.6	161.0	14.72	151.88	0.9931	0.2801	-137.17
YDR145W	158	792.0	193.94	194.5	6.42	187.53	1.0	0.3269	-181.11
YDR146C	36	688.1	186.39	173.0	4.75	181.64	1.0	0.3666	-176.89
YDR147W	59	824.9	111.68	97.0	23.85	87.83	0.9831	0.1598	-63.98
YDR148C	214	787.5	214.0	207.5	13.74	200.26	1.0	0.3421	-186.52
YDR150W	110	672.1	85.39	68.0	1.56	83.83	1.0	0.1899	-82.26
YDR151C	220	828.1	245.47	257.5	33.02	212.45	1.0	0.3412	-179.43
YDR152W	82	581.4	121.13	120.0	8.6	112.54	1.0	0.252	-103.94
YDR153C	99	803.0	174.69	172.0	24.67	150.02	1.0	0.2647	-125.35
YDR154C	1488	329.3	70.51	76.0	18.54	51.97	0.9987	0.2048	-33.44
YDR155C	3761	637.3	175.72	178.0	22.91	152.81	0.9997	0.2724	-129.89
YDR156W	216	509.3	152.4	136.0	24.09	128.31	1.0	0.3023	-104.21
YDR157W	19	262.1	133.05	107.0	76.53	56.53	1.0	0.4875	20.0
YDR158W	2248	757.9	173.82	175.0	8.02	165.8	0.9987	0.3023	-157.78
YDR159W	60	661.9	99.02	81.5	8.37	90.65	1.0	0.2112	-82.28
YDR160W	42	758.7	167.02	135.5	97.05	69.98	0.9524	0.2312	27.07
YDR161W	214	734.9	134.46	132.0	5.86	128.6	1.0	0.23	-122.73
YDR162C	67	615.4	237.76	215.0	25.07	212.69	1.0	0.4439	-187.61
YDR163W	84	498.7	142.61	119.0	34.38	108.23	1.0	0.2981	-73.85
YDR164C	63	866.5	150.65	144.0	8.37	142.29	0.9841	0.2404	-133.92
YDR165W	366	668.4	136.67	139.0	10.46	126.2	1.0	0.2663	-115.74
YDR166C	113	826.4	146.33	131.0	8.63	137.7	1.0	0.2347	-129.07
YDR167W	291	655.6	144.51	135.0	10.01	134.51	1.0	0.2339	-124.5
YDR168W	556	1013.6	154.0	145.0	7.73	146.27	0.9946	0.2022	-138.53
YDR169C	54	825.2	323.46	318.0	14.81	308.65	1.0	0.4422	-293.83
YDR169C-A	7	666.1	529.57	498.0	62.14	467.43	1.0	0.7468	-405.29
YDR170C	453	977.5	245.12	242.0	4.85	240.28	0.9956	0.3442	-235.43
YDR170W-A	40	532.9	156.88	137.5	3.78	153.1	1.0	0.3083	-149.32
YDR171W	2385	721.8	126.78	129.0	14.2	112.57	0.9979	0.2262	-98.37
YDR172W	776	772.3	200.9	193.0	3.75	197.15	0.9961	0.3467	-193.4
YDR173C	34	517.8	147.62	134.0	9.12	138.5	1.0	0.3394	-129.38
YDR174W	436	766.0	209.81	210.5	9.72	200.09	1.0	0.2992	-190.37
YDR175C	61	799.3	185.9	192.0	19.85	166.05	1.0	0.2803	-146.2
YDR176W	116	660.0	112.86	109.5	4.6	108.26	0.9828	0.2203	-103.66
YDR177W	446	711.4	187.23	193.5	46.82	140.4	1.0	0.2731	-93.58
YDR178W	151	669.4	258.39	265.0	41.82	216.57	1.0	0.4015	-174.75
YDR179C	48	569.9	165.38	147.0	3.73	161.65	1.0	0.301	-157.92
YDR179W-A	88	738.7	128.74	125.0	22.34	106.4	1.0	0.2356	-84.06
YDR180W	71	803.3	102.54	86.0	25.8	76.73	1.0	0.1832	-50.93
YDR181C	99	743.2	215.57	218.0	4.19	211.37	1.0	0.3467	-207.18
YDR182W	164	732.7	159.15	156.5	5.82	153.33	1.0	0.2869	-147.51
YDR182W-A	11	397.7	221.64	213.0	91.73	129.91	1.0	0.5576	-38.18
YDR183C-A	38	341.7	130.47	124.5	84.08	46.39	1.0	0.3557	37.68
YDR183W	89	667.4	116.46	108.0	12.27	104.19	1.0	0.1796	-91.92
YDR184C	71	817.5	240.94	235.0	14.83	226.11	1.0	0.3264	-211.28
YDR185C	133	609.8	209.57	199.0	38.41	171.16	1.0	0.3457	-132.74
YDR186C	119	724.5	149.13	135.0	2.03	147.1	0.9916	0.2804	-145.08
YDR188W	386	801.1	198.83	179.5	5.72	193.11	0.9974	0.3308	-187.39
YDR189W	198	828.2	148.9	153.0	5.12	143.78	0.9899	0.2506	-138.66
YDR190C	591	822.1	146.06	146.0	5.79	140.28	0.9949	0.2178	-134.49
YDR191W	28	492.9	135.39	113.5	1.71	133.68	1.0	0.3302	-131.96
YDR192C	27	883.5	139.44	124.0	10.11	129.33	1.0	0.196	-119.22
YDR194C	455	945.4	183.67	166.0	4.77	178.91	0.9934	0.2813	-174.14
YDR195W	60	942.9	157.92	152.0	48.17	109.75	1.0	0.2446	-61.58
YDR196C	183	637.3	141.13	138.0	4.07	137.05	1.0	0.2534	-132.98
YDR197W	61	609.5	95.41	86.0	5.02	90.39	0.9836	0.1954	-85.38
YDR198C	86	699.0	115.16	107.5	5.08	110.08	1.0	0.2128	-105.0
YDR199W	38	394.4	91.92	106.0	17.47	74.45	1.0	0.23	-56.97
YDR200C	72	1167.0	185.22	164.0	10.4	174.82	0.9722	0.1717	-164.42
YDR201W	46	547.4	193.78	198.5	9.98	183.8	1.0	0.3665	-173.83
YDR202C	107	710.4	118.92	126.0	12.04	106.88	1.0	0.21	-94.84
YDR204W	77	695.4	143.86	147.0	5.56	138.3	1.0	0.2438	-132.74
YDR205W	30	1009.2	119.6	109.0	6.5	113.1	1.0	0.2052	-106.6
YDR206W	100	824.7	255.69	254.5	59.81	195.88	1.0	0.3964	-136.07
YDR207C	55	775.9	197.85	186.0	3.22	194.64	1.0	0.3251	-191.42
YDR208W	97	787.0	163.74	148.0	5.96	157.78	0.9897	0.2728	-151.82
YDR209C	889	536.2	221.61	251.0	3.14	218.46	1.0	0.4065	-215.32
YDR210C-C	12	648.7	190.58	153.0	33.42	157.17	1.0	0.319	-123.75
YDR210C-D	1191	811.0	324.03	330.0	3.36	320.67	0.9975	0.4737	-317.31
YDR210W-A	15	436.3	92.53	86.0	2.13	90.4	1.0	0.2107	-88.27
YDR210W-B	513	627.6	328.59	338.0	2.82	325.77	0.9942	0.5497	-322.95
YDR211W	319	912.7	190.2	186.0	4.97	185.23	0.9906	0.2807	-180.25
YDR212W	540	789.1	138.71	148.0	9.05	129.66	0.9981	0.241	-120.6
YDR213W	46	638.6	156.24	196.5	5.2	151.04	1.0	0.2708	-145.85
YDR214W	561	784.7	151.89	139.0	35.53	116.37	1.0	0.2385	-80.84
YDR215C	7	500.1	230.57	157.0	45.14	185.43	1.0	0.4257	-140.29
YDR216W	53	1383.9	299.7	321.0	49.43	250.26	1.0	0.279	-200.83
YDR217C	100	840.4	109.43	114.5	2.37	107.06	0.99	0.1811	-104.69
YDR218C	8	375.2	127.88	124.5	2.88	125.0	1.0	0.3482	-122.12
YDR219C	53	856.7	272.08	213.0	28.92	243.15	1.0	0.3816	-214.23
YDR221W	54	972.3	249.96	164.5	8.11	241.85	1.0	0.2858	-233.74
YDR222W	123	999.4	197.02	203.0	16.26	180.76	1.0	0.239	-164.5
YDR223W	35	807.1	186.03	105.0	58.46	127.57	1.0	0.2277	-69.11
YDR224C	3136	482.2	166.19	156.0	15.28	150.91	0.9994	0.3558	-135.64
YDR225W	5537	588.9	236.97	229.0	45.11	191.87	0.9996	0.4083	-146.76
YDR226W	1066	689.3	172.75	168.0	17.79	154.97	1.0	0.2772	-137.18
YDR227W	71	833.5	221.75	220.0	2.39	219.35	1.0	0.3657	-216.96
YDR228C	88	706.5	120.39	83.0	27.74	92.65	1.0	0.2013	-64.91
YDR229W	40	704.6	110.75	128.5	24.0	86.75	1.0	0.2234	-62.75
YDR230W	24	366.2	140.92	104.0	8.04	132.88	1.0	0.3709	-124.83
YDR231C	33	698.5	165.0	170.0	18.7	146.3	1.0	0.2225	-127.61
YDR232W	193	727.2	196.5	193.0	7.9	188.61	0.9845	0.3405	-180.71
YDR233C	812	796.2	184.08	181.0	14.58	169.51	0.9975	0.265	-154.93
YDR234W	312	790.2	151.12	132.5	6.55	144.57	0.9936	0.2684	-138.03
YDR235W	174	855.4	115.91	98.0	3.72	112.19	1.0	0.1895	-108.47
YDR236C	208	636.5	168.63	158.5	26.69	141.95	1.0	0.2864	-115.26
YDR237W	124	770.7	209.56	199.5	43.69	165.87	0.9839	0.3008	-122.18
YDR238C	362	885.6	226.97	213.0	4.0	222.97	1.0	0.3626	-218.97
YDR239C	49	621.5	100.27	84.0	3.06	97.2	1.0	0.2189	-94.14
YDR240C	58	632.1	95.26	71.0	3.86	91.4	1.0	0.1927	-87.53
YDR241W	71	571.9	471.18	451.0	0.56	470.62	1.0	0.8118	-470.06
YDR242W	83	845.4	152.2	168.0	13.55	138.65	1.0	0.2332	-125.1
YDR243C	66	881.6	118.32	95.0	15.09	103.23	1.0	0.1764	-88.14
YDR244W	67	651.9	179.42	186.0	2.76	176.66	1.0	0.3442	-173.9
YDR245W	214	683.6	193.6	186.0	10.86	182.74	1.0	0.3555	-171.89
YDR246W	65	637.4	191.82	194.0	6.94	184.88	0.9692	0.3194	-177.94
YDR246W-A	7	562.6	382.0	356.0	83.71	298.29	1.0	0.656	-214.57
YDR247W	15	870.4	307.2	341.0	90.53	216.67	1.0	0.3551	-126.13
YDR248C	119	621.1	161.16	159.0	31.37	129.79	1.0	0.2754	-98.42
YDR249C	57	642.6	166.12	179.0	15.33	150.79	1.0	0.3184	-135.46
YDR251W	164	1068.7	228.4	234.5	20.94	207.46	1.0	0.3035	-186.52
YDR252W	15	765.7	362.67	260.0	14.87	347.8	1.0	0.4274	-332.93
YDR253C	56	655.0	229.32	225.5	115.38	113.95	1.0	0.3246	1.43
YDR254W	45	756.8	189.38	81.0	33.09	156.29	1.0	0.2057	-123.2
YDR255C	60	738.9	199.47	94.0	52.17	147.3	0.9833	0.2103	-95.13
YDR256C	20	755.1	163.85	164.5	13.0	150.85	1.0	0.2785	-137.85
YDR257C	100	913.2	305.48	317.0	2.12	303.36	1.0	0.4049	-301.24
YDR258C	1491	832.8	141.99	119.0	2.95	139.05	0.9966	0.2506	-136.1
YDR259C	63	421.7	115.25	86.0	7.68	107.57	1.0	0.2603	-99.89
YDR260C	42	716.1	377.74	391.0	11.07	366.67	1.0	0.5419	-355.6
YDR261C	158	722.0	166.37	169.0	8.59	157.78	0.9937	0.3217	-149.18
YDR261C-C	6	431.2	85.33	72.0	15.83	69.5	0.8333	0.2063	-53.67
YDR261C-D	2102	1048.6	325.82	355.0	2.61	323.21	0.9967	0.3698	-320.6
YDR261W-A	11	498.1	117.64	126.0	7.45	110.18	1.0	0.2776	-102.73
YDR261W-B	383	991.2	308.03	328.0	7.86	300.17	0.9948	0.377	-292.31
YDR262W	117	761.9	233.83	246.0	9.29	224.54	0.9915	0.342	-215.25
YDR263C	17	930.5	334.12	239.0	124.94	209.18	1.0	0.3488	-84.24
YDR264C	131	928.5	266.26	277.0	5.47	260.79	0.9924	0.3746	-255.33
YDR265W	92	770.3	247.45	241.0	27.08	220.37	0.9891	0.3685	-193.29
YDR266C	124	687.6	174.82	148.5	22.06	152.76	0.9919	0.3662	-130.69
YDR267C	78	702.6	221.06	214.0	16.74	204.32	1.0	0.3728	-187.58
YDR268W	41	624.3	154.44	147.0	19.51	134.93	1.0	0.29	-115.41
YDR270W	11	1101.7	90.0	84.0	4.27	85.73	1.0	0.0988	-81.45
YDR271C	12	339.0	52.33	17.5	12.17	40.17	1.0	0.1341	-28.0
YDR272W	270	708.2	120.16	111.5	17.46	102.7	1.0	0.1919	-85.24
YDR273W	12	788.6	341.33	96.0	260.42	80.92	1.0	0.305	179.5
YDR274C	6	467.8	214.33	217.5	4.5	209.83	1.0	0.3959	-205.33
YDR275W	193	844.9	356.35	342.0	50.98	305.37	1.0	0.4415	-254.39
YDR276C	1229	426.3	271.64	272.0	24.95	246.69	1.0	0.6317	-221.74
YDR277C	127	692.4	257.37	215.0	25.21	232.16	1.0	0.4711	-206.94
YDR279W	86	665.6	92.03	88.5	18.26	73.78	1.0	0.1572	-55.52
YDR280W	233	733.3	176.9	171.0	35.25	141.65	1.0	0.2787	-106.4
YDR281C	78	527.3	260.08	236.0	23.31	236.77	1.0	0.4899	-213.46
YDR282C	37	749.3	208.65	201.0	1.27	207.38	1.0	0.3641	-206.11
YDR283C	68	1037.9	161.69	165.5	7.54	154.15	1.0	0.2548	-146.6
YDR284C	183	836.2	250.43	253.0	130.93	119.5	1.0	0.3109	11.43
YDR285W	48	754.0	166.0	160.5	0.98	165.02	1.0	0.2805	-164.04
YDR286C	83	453.3	141.64	114.0	16.99	124.65	1.0	0.3056	-107.66
YDR287W	45	698.9	158.42	153.0	26.13	132.29	1.0	0.2661	-106.16
YDR288W	100	759.0	179.33	173.0	19.49	159.84	1.0	0.2683	-140.35
YDR289C	90	666.4	139.01	137.0	7.49	131.52	1.0	0.2585	-124.03
YDR291W	59	799.4	186.97	202.0	2.68	184.29	1.0	0.3041	-181.61
YDR292C	302	789.7	138.9	133.5	13.5	125.4	1.0	0.244	-111.9
YDR293C	190	1141.1	308.02	325.0	18.39	289.63	1.0	0.3594	-271.24
YDR294C	177	815.8	97.93	72.0	15.89	82.05	0.9887	0.1652	-66.16
YDR295C	74	915.1	149.95	140.0	25.34	124.61	1.0	0.2208	-99.27
YDR296W	118	603.1	141.01	131.0	18.69	122.31	1.0	0.2657	-103.62
YDR297W	295	827.2	214.98	202.0	14.36	200.62	0.9966	0.3323	-186.26
YDR298C	457	702.0	272.75	262.0	63.93	208.82	1.0	0.4224	-144.89
YDR299W	114	676.3	138.87	118.0	1.59	137.28	1.0	0.2781	-135.69
YDR300C	182	786.6	167.44	160.0	9.71	157.73	1.0	0.2791	-148.01
YDR301W	88	836.8	139.06	139.0	5.0	134.06	0.9886	0.2372	-129.06
YDR302W	175	638.6	140.11	141.0	18.42	121.69	1.0	0.2363	-103.27
YDR303C	147	794.9	163.94	179.0	11.32	152.62	1.0	0.2794	-141.3
YDR304C	204	615.4	137.13	141.0	13.35	123.78	0.9951	0.2492	-110.43
YDR305C	174	519.7	126.47	118.5	28.96	97.51	1.0	0.2559	-68.55
YDR306C	88	845.9	162.18	144.5	8.81	153.38	0.9886	0.2191	-144.57
YDR307W	104	791.1	161.51	149.5	24.81	136.7	0.9904	0.277	-111.89
YDR308C	270	560.4	191.77	184.0	22.59	169.19	1.0	0.3482	-146.6
YDR309C	35	1020.0	379.43	374.0	15.03	364.4	1.0	0.4215	-349.37
YDR310C	59	1030.1	209.24	205.0	9.31	199.93	0.9661	0.276	-190.63
YDR311W	127	777.1	144.8	161.0	2.17	142.62	1.0	0.2405	-140.45
YDR312W	46	601.5	205.46	207.5	2.07	203.39	0.9783	0.4098	-201.33
YDR313C	51	643.3	202.37	192.0	11.24	191.14	1.0	0.3516	-179.9
YDR314C	24	824.4	97.96	80.5	8.21	89.75	0.9583	0.1856	-81.54
YDR315C	78	689.0	126.36	125.0	8.69	117.67	1.0	0.2104	-108.97
YDR316W	66	686.6	125.88	113.0	2.0	123.88	1.0	0.2404	-121.88
YDR316W-A	9	489.2	140.11	148.0	15.67	124.44	1.0	0.3259	-108.78
YDR316W-B	1597	1159.4	318.24	336.0	3.36	314.88	0.9944	0.3281	-311.52
YDR317W	38	579.4	134.21	121.5	62.05	72.16	1.0	0.2868	-10.11
YDR318W	89	735.2	190.34	172.0	35.47	154.87	1.0	0.3259	-119.39
YDR319C	163	685.4	131.66	127.0	22.3	109.36	1.0	0.2124	-87.06
YDR320C	64	729.1	140.02	151.5	4.7	135.31	1.0	0.2824	-130.61
YDR320C-A	381	326.4	131.51	142.0	5.05	126.46	0.9974	0.3973	-121.41
YDR321W	402	775.9	157.14	153.0	9.61	147.53	1.0	0.2661	-137.92
YDR322C-A	1076	506.7	244.29	233.0	12.45	231.84	1.0	0.4818	-219.39
YDR322W	65	712.3	126.86	119.0	2.52	124.34	0.9846	0.2458	-121.82
YDR323C	63	681.0	158.51	172.0	4.43	154.08	1.0	0.2874	-149.65
YDR324C	369	748.6	228.59	220.0	2.72	225.87	0.9973	0.3953	-223.15
YDR325W	82	893.8	127.3	100.0	11.18	116.12	1.0	0.1945	-104.94
YDR326C	147	826.1	177.39	163.0	8.22	169.16	1.0	0.3113	-160.94
YDR327W	166	380.9	125.56	127.0	24.83	100.73	1.0	0.3259	-75.9
YDR328C	315	769.5	254.83	256.0	23.35	231.48	0.9968	0.3308	-208.13
YDR329C	149	792.1	120.42	134.0	3.64	116.78	1.0	0.198	-113.13
YDR330W	73	828.2	207.4	207.0	7.75	199.64	1.0	0.3247	-191.89
YDR331W	89	769.4	149.96	145.0	12.2	137.75	0.9888	0.2404	-125.55
YDR332W	72	559.5	149.42	148.5	12.62	136.79	1.0	0.3684	-124.17
YDR333C	131	796.3	225.43	227.0	3.28	222.15	1.0	0.376	-218.86
YDR334W	94	659.4	129.26	121.0	16.81	112.45	0.9894	0.2848	-95.64
YDR335W	91	730.6	119.77	106.0	1.62	118.15	0.989	0.2358	-116.54
YDR336W	130	688.9	118.68	97.5	11.38	107.29	1.0	0.2055	-95.91
YDR337W	93	606.4	123.58	116.0	11.63	111.95	1.0	0.2382	-100.31
YDR338C	72	680.7	173.75	171.0	2.35	171.4	1.0	0.332	-169.06
YDR339C	311	543.1	142.61	143.0	9.14	133.47	0.9968	0.2926	-124.34
YDR340W	91	408.9	267.73	259.0	80.02	187.7	1.0	0.6296	-107.68
YDR341C	810	966.2	167.74	167.0	7.27	160.46	0.9988	0.2717	-153.19
YDR342C	2383	1024.9	201.86	214.0	17.37	184.49	0.9971	0.2695	-167.12
YDR343C	430	945.8	179.53	176.5	22.42	157.11	0.9953	0.2424	-134.7
YDR344C	7	618.0	445.14	481.0	0.29	444.86	1.0	0.726	-444.57
YDR345C	2862	841.2	179.01	189.0	5.98	173.03	0.9976	0.2993	-167.05
YDR346C	633	750.7	295.33	299.0	8.64	286.69	0.9937	0.4397	-278.05
YDR347W	143	718.5	187.85	175.0	26.87	160.99	1.0	0.3089	-134.12
YDR348C	52	609.8	194.08	190.0	11.69	182.38	0.9808	0.3761	-170.69
YDR349C	147	979.0	177.25	182.0	13.79	163.46	1.0	0.2608	-149.67
YDR350C	130	842.7	112.06	96.0	4.8	107.26	0.9923	0.2067	-102.46
YDR351W	194	879.7	193.1	207.5	12.19	180.92	0.9897	0.2897	-168.73
YDR352W	137	782.4	285.33	285.0	57.99	227.34	1.0	0.4032	-169.34
YDR353W	1085	711.5	155.07	144.0	11.72	143.35	0.9991	0.2541	-131.63
YDR354W	308	658.6	118.24	120.0	18.22	100.03	0.9935	0.2151	-81.81
YDR356W	65	994.4	320.58	324.0	1.45	319.14	0.9846	0.3746	-317.69
YDR357C	234	449.2	141.63	139.5	45.44	96.19	1.0	0.3065	-50.75
YDR358W	81	838.9	212.94	225.0	12.58	200.36	1.0	0.3324	-187.78
YDR359C	17	756.5	154.53	182.0	13.0	141.53	1.0	0.2957	-128.53
YDR360W	5	354.0	199.4	215.0	143.2	56.2	1.0	0.556	87.0
YDR361C	371	703.8	236.13	253.0	7.82	228.32	1.0	0.3972	-220.5
YDR362C	74	781.3	141.01	124.5	23.7	117.31	1.0	0.2477	-93.61
YDR363W	36	1149.6	499.69	384.5	22.11	477.58	1.0	0.4335	-455.47
YDR363W-A	684	466.3	232.1	239.0	7.9	224.2	1.0	0.4808	-216.29
YDR364C	49	967.4	358.41	404.0	4.59	353.82	1.0	0.4308	-349.22
YDR365C	170	581.7	134.87	119.0	3.71	131.16	1.0	0.3068	-127.46
YDR365W-B	2983	1421.7	326.61	334.0	3.32	323.29	0.9923	0.2792	-319.97
YDR366C	9103	369.3	229.11	238.0	176.86	52.26	0.9996	0.5822	124.6
YDR367W	187	578.0	119.0	118.0	36.66	82.34	0.9947	0.2074	-45.68
YDR368W	261	840.6	214.52	212.0	16.03	198.5	0.9962	0.2937	-182.47
YDR369C	94	658.1	147.07	163.5	6.13	140.95	1.0	0.2852	-134.82
YDR370C	103	788.9	118.94	118.0	10.99	107.95	0.9903	0.1873	-96.96
YDR371W	131	762.8	149.32	140.0	17.11	132.21	1.0	0.2576	-115.09
YDR372C	681	876.4	256.38	220.0	72.14	184.23	0.9956	0.333	-112.09
YDR373W	336	628.0	171.91	163.5	26.65	145.26	1.0	0.2921	-118.62
YDR374C	15	394.9	158.87	173.0	0.73	158.13	1.0	0.4056	-157.4
YDR374W-A	157	416.6	181.27	176.0	5.36	175.91	1.0	0.4302	-170.55
YDR375C	60	699.7	95.98	82.5	7.32	88.67	1.0	0.1877	-81.35
YDR376W	80	778.0	81.39	72.5	6.55	74.84	1.0	0.1347	-68.29
YDR377W	1393	638.4	366.39	363.0	42.11	324.27	1.0	0.5693	-282.16
YDR378C	600	461.0	223.47	220.0	12.19	211.28	1.0	0.474	-199.08
YDR379C-A	186	446.9	228.47	226.0	59.23	169.24	1.0	0.5032	-110.01
YDR379W	107	699.6	110.18	94.0	7.12	103.06	0.9907	0.2272	-95.93
YDR380W	724	843.2	174.09	183.5	12.59	161.5	0.9959	0.2939	-148.91
YDR381C-A	156	532.2	176.4	180.0	18.35	158.06	1.0	0.3351	-139.71
YDR381W	1863	704.9	352.22	299.0	144.4	207.82	0.9995	0.4953	-63.42
YDR382W	7931	523.4	237.52	230.0	48.14	189.38	0.9996	0.4603	-141.24
YDR383C	38	518.6	135.66	132.0	19.53	116.13	1.0	0.2813	-96.61
YDR384C	87	660.6	210.49	215.0	20.41	190.08	1.0	0.3704	-169.67
YDR385W	4286	982.5	196.26	197.0	3.91	192.35	0.9953	0.2913	-188.43
YDR386W	39	776.7	119.05	115.0	2.05	117.0	0.9487	0.211	-114.95
YDR387C	57	754.6	157.54	147.0	16.33	141.21	1.0	0.294	-124.88
YDR388W	184	921.8	164.18	176.5	9.93	154.26	0.9946	0.2329	-144.33
YDR389W	60	756.2	262.48	245.0	10.23	252.25	1.0	0.3966	-242.02
YDR390C	82	667.4	126.57	115.5	11.6	114.98	0.9878	0.2678	-103.38
YDR391C	221	640.0	134.6	135.0	6.71	127.9	1.0	0.2357	-121.19
YDR392W	103	693.0	191.14	197.0	3.55	187.58	1.0	0.3135	-184.03
YDR393W	88	515.2	173.05	184.0	6.23	166.82	0.9886	0.373	-160.59
YDR394W	251	801.2	148.88	156.0	19.88	129.0	1.0	0.2451	-109.12
YDR395W	351	822.4	139.34	116.0	6.09	133.25	0.9943	0.2533	-127.17
YDR396W	292	537.8	154.81	161.5	50.09	104.72	1.0	0.2853	-54.62
YDR397C	9	777.7	247.78	210.0	81.0	166.78	1.0	0.3036	-85.78
YDR398W	27	665.8	126.78	112.0	5.04	121.74	0.8889	0.2592	-116.7
YDR399W	1686	685.4	177.24	177.0	23.9	153.35	0.9988	0.2808	-129.45
YDR400W	209	730.5	205.86	205.0	17.44	188.42	0.9904	0.3326	-170.97
YDR401W	5	356.4	94.0	68.0	1.4	92.6	1.0	0.2606	-91.2
YDR403W	46	654.7	211.59	201.5	1.74	209.85	1.0	0.3717	-208.11
YDR404C	186	643.8	262.44	241.0	68.31	194.13	1.0	0.4179	-125.83
YDR405W	30	635.4	184.43	181.5	15.7	168.73	1.0	0.3337	-153.03
YDR406W	76	745.3	135.43	130.0	3.0	132.43	1.0	0.2424	-129.43
YDR407C	169	696.8	117.09	91.0	9.63	107.46	0.9941	0.2233	-97.83
YDR408C	222	602.9	190.41	189.5	18.02	172.39	0.9955	0.3385	-154.37
YDR409W	77	798.8	145.87	99.0	13.13	132.74	0.9351	0.212	-119.61
YDR410C	200	583.0	104.06	100.0	14.52	89.54	1.0	0.1988	-75.02
YDR411C	72	759.7	105.74	100.0	13.79	91.94	1.0	0.1644	-78.15
YDR412W	20	783.0	178.65	167.0	17.45	161.2	1.0	0.2176	-143.75
YDR413C	104	463.2	180.91	190.0	2.07	178.85	1.0	0.4203	-176.78
YDR414C	106	642.4	186.49	174.5	19.09	167.4	1.0	0.3593	-148.3
YDR415C	101	834.2	183.69	147.0	11.94	171.75	1.0	0.2538	-159.81
YDR416W	65	740.0	78.58	48.0	8.95	69.63	1.0	0.1484	-60.68
YDR417C	7	239.1	33.14	10.0	19.0	14.14	1.0	0.1161	4.86
YDR418W	5760	532.3	139.81	133.0	13.0	126.82	0.999	0.2811	-113.82
YDR419W	56	923.9	292.54	334.5	8.04	284.5	0.9643	0.3721	-276.46
YDR420W	121	718.1	191.63	192.0	9.14	182.49	0.9752	0.356	-173.35
YDR421W	69	846.2	133.87	109.0	1.84	132.03	1.0	0.2059	-130.19
YDR422C	36	895.9	201.31	154.5	12.5	188.81	1.0	0.3199	-176.31
YDR423C	46	747.2	124.2	100.0	1.57	122.63	1.0	0.216	-121.07
YDR424C	599	357.9	135.64	124.0	55.0	80.64	1.0	0.3712	-25.64
YDR425W	121	751.8	112.02	109.0	7.83	104.19	1.0	0.1603	-96.36
YDR426C	37	351.5	96.27	84.0	18.73	77.54	1.0	0.275	-58.81
YDR427W	695	779.3	131.05	118.0	6.99	124.06	0.9928	0.2111	-117.07
YDR428C	148	709.3	144.4	133.5	9.23	135.17	1.0	0.2264	-125.94
YDR429C	1312	677.1	159.69	144.0	3.68	156.01	1.0	0.2712	-152.33
YDR430C	82	660.2	71.85	67.5	7.54	64.32	1.0	0.1666	-56.78
YDR432W	47	1013.1	229.06	233.0	7.3	221.77	1.0	0.2368	-214.47
YDR433W	276	525.4	303.85	285.0	1.14	302.71	1.0	0.5834	-301.57
YDR434W	262	808.3	163.47	141.0	14.63	148.84	1.0	0.2671	-134.21
YDR435C	84	764.4	195.48	194.0	4.23	191.25	1.0	0.3009	-187.02
YDR436W	69	728.1	187.65	172.0	5.29	182.36	1.0	0.3465	-177.07
YDR437W	7	800.6	424.57	489.0	103.57	321.0	1.0	0.4927	-217.43
YDR438W	40	802.4	189.92	131.5	106.68	83.25	1.0	0.2293	23.42
YDR439W	25	1002.1	234.84	226.0	46.6	188.24	1.0	0.2574	-141.64
YDR440W	28	683.0	131.93	119.0	12.14	119.79	1.0	0.2739	-107.64
YDR441C	104	730.0	302.12	294.5	77.85	224.28	1.0	0.4274	-146.43
YDR442W	10	663.2	442.4	489.0	4.0	438.4	1.0	0.6532	-434.4
YDR443C	14	1315.2	268.86	337.5	2.0	266.86	1.0	0.2633	-264.86
YDR444W	24	776.4	89.88	81.5	6.79	83.08	1.0	0.1461	-76.29
YDR445C	7	264.4	66.86	28.0	10.14	56.71	1.0	0.2316	-46.57
YDR447C	12513	539.3	176.77	162.0	12.21	164.57	0.9998	0.3344	-152.36
YDR448W	23	636.3	152.52	165.0	11.09	141.43	1.0	0.3225	-130.35
YDR449C	160	765.3	121.92	134.5	5.39	116.53	1.0	0.2034	-111.14
YDR450W	7223	526.7	184.24	177.0	38.38	145.86	0.9999	0.3567	-107.49
YDR451C	48	842.1	221.58	224.0	20.23	201.35	1.0	0.3231	-181.12
YDR452W	286	676.1	164.32	165.5	5.01	159.3	0.993	0.2884	-154.29
YDR453C	75	476.9	146.93	151.0	13.85	133.08	1.0	0.3176	-119.23
YDR454C	652	550.4	150.95	135.0	7.09	143.86	1.0	0.3043	-136.77
YDR456W	86	928.1	142.67	138.5	14.43	128.24	1.0	0.1989	-113.81
YDR457W	313	755.1	121.6	112.0	5.9	115.7	0.9968	0.2196	-109.8
YDR458C	114	755.8	196.67	186.0	2.11	194.55	1.0	0.314	-192.44
YDR459C	44	563.1	143.25	144.5	12.11	131.14	1.0	0.3062	-119.02
YDR460W	45	597.1	180.71	135.0	23.42	157.29	1.0	0.3264	-133.87
YDR461C-A	15	422.4	198.8	178.0	9.07	189.73	1.0	0.466	-180.67
YDR462W	71	556.3	186.75	193.0	15.41	171.34	1.0	0.3479	-155.93
YDR463W	82	771.0	240.88	242.0	4.26	236.62	1.0	0.4064	-232.37
YDR464W	49	465.9	162.33	176.0	1.37	160.96	1.0	0.3853	-159.59
YDR465C	340	709.2	200.86	198.5	5.71	195.14	0.9971	0.3521	-189.43
YDR466W	34	957.2	211.53	233.0	19.82	191.71	0.9706	0.2473	-171.88
YDR467C	34	367.3	173.26	163.5	17.88	155.38	1.0	0.4717	-137.5
YDR468C	202	628.0	181.31	174.5	28.52	152.79	1.0	0.3091	-124.27
YDR469W	241	607.4	161.4	140.0	9.08	152.32	0.9959	0.262	-143.24
YDR470C	59	678.4	198.85	193.0	26.86	171.98	1.0	0.3886	-145.12
YDR471W	7987	529.3	181.54	174.0	36.73	144.81	0.9997	0.3453	-108.08
YDR472W	98	631.8	197.17	198.0	23.95	173.22	0.9898	0.3684	-149.28
YDR473C	58	627.3	168.95	163.5	9.07	159.88	1.0	0.336	-150.81
YDR475C	113	819.8	154.45	134.0	20.18	134.27	0.9912	0.2617	-114.1
YDR476C	97	748.3	243.04	242.0	5.29	237.75	1.0	0.3513	-232.46
YDR477W	191	708.8	176.77	160.0	7.78	168.99	1.0	0.3342	-161.21
YDR478W	72	608.2	164.86	154.5	27.67	137.19	1.0	0.2673	-109.53
YDR479C	85	683.2	119.39	94.0	23.09	96.29	1.0	0.2104	-73.2
YDR480W	31	596.9	181.16	177.0	7.32	173.84	1.0	0.3508	-166.52
YDR481C	509	759.3	145.15	146.0	6.34	138.81	0.9902	0.2668	-132.47
YDR482C	21	403.5	174.33	164.0	11.48	162.86	1.0	0.4486	-151.38
YDR483W	494	769.6	171.03	164.0	8.81	162.22	0.9919	0.2929	-153.41
YDR484W	71	911.4	133.1	143.0	5.86	127.24	0.9859	0.1985	-121.38
YDR485C	58	768.6	176.59	174.5	1.62	174.97	1.0	0.3129	-173.34
YDR486C	76	488.8	159.82	149.0	5.01	154.8	0.9868	0.3593	-149.79
YDR487C	364	632.0	168.81	166.5	26.33	142.48	1.0	0.2849	-116.15
YDR488C	6	1474.5	436.33	229.5	40.17	396.17	1.0	0.2663	-356.0
YDR489W	37	698.9	175.95	122.0	8.05	167.89	1.0	0.2559	-159.84
YDR490C	34	864.1	143.44	155.0	31.91	111.53	1.0	0.2253	-79.62
YDR492W	292	639.0	167.99	162.5	34.23	133.75	1.0	0.3095	-99.52
YDR493W	117	511.7	195.79	196.0	49.52	146.27	1.0	0.3851	-96.75
YDR494W	190	700.3	124.48	103.0	5.14	119.35	1.0	0.2335	-114.21
YDR495C	113	783.3	154.52	165.0	4.51	150.01	1.0	0.2705	-145.5
YDR496C	546	848.9	137.6	142.0	2.77	134.83	1.0	0.235	-132.07
YDR497C	587	810.1	147.0	151.0	13.56	133.45	1.0	0.2632	-119.89
YDR498C	29	842.6	118.97	135.0	7.28	111.69	1.0	0.1712	-104.41
YDR499W	36	538.1	124.28	125.5	2.31	121.97	0.9722	0.2626	-119.67
YDR500C	5694	379.8	141.55	121.0	14.38	127.17	0.9998	0.3717	-112.79
YDR501W	52	486.9	194.65	207.5	1.87	192.79	1.0	0.4299	-190.92
YDR502C	653	949.9	329.31	329.0	11.54	317.77	0.9969	0.4106	-306.24
YDR503C	59	759.3	230.25	221.0	15.93	214.32	1.0	0.3499	-198.39
YDR504C	96	558.2	264.79	256.0	94.32	170.47	1.0	0.4673	-76.15
YDR505C	108	1133.7	290.22	237.5	11.91	278.31	1.0	0.292	-266.41
YDR506C	8	978.2	239.62	211.0	10.0	229.62	1.0	0.2583	-219.62
YDR507C	138	676.2	215.07	229.0	2.56	212.51	0.9855	0.3662	-209.96
YDR508C	188	942.4	228.13	221.0	7.98	220.15	0.9894	0.305	-212.16
YDR509W	11	200.1	30.91	15.0	0.27	30.64	1.0	0.1424	-30.36
YDR510C-A	13	206.7	97.54	94.0	28.38	69.15	1.0	0.4466	-40.77
YDR510W	362	467.5	198.0	191.0	32.35	165.65	1.0	0.4203	-133.3
YDR511W	119	447.1	131.57	106.0	7.97	123.6	0.9916	0.2993	-115.62
YDR512C	200	385.8	119.69	106.0	1.34	118.34	1.0	0.308	-117.0
YDR513W	568	488.0	125.49	110.0	5.24	120.25	1.0	0.2682	-115.01
YDR514C	55	433.5	111.0	101.0	2.89	108.11	1.0	0.2859	-105.22
YDR515W	91	849.2	153.03	131.0	44.13	108.9	0.978	0.2141	-64.77
YDR516C	356	869.8	165.68	169.5	9.59	156.08	0.9888	0.2568	-146.49
YDR517W	111	766.3	162.05	161.0	21.53	140.52	0.982	0.2616	-118.99
YDR518W	120	785.7	103.2	109.5	10.1	93.1	0.9917	0.1788	-83.0
YDR519W	507	591.5	272.36	276.0	15.27	257.09	0.998	0.4719	-241.82
YDR520C	40	776.5	168.08	154.5	44.48	123.6	1.0	0.3021	-79.12
YDR522C	7	591.9	73.0	69.0	37.14	35.86	1.0	0.1348	1.29
YDR523C	7	782.1	236.14	179.0	89.43	146.71	1.0	0.3192	-57.29
YDR524C	77	852.0	248.35	276.0	25.84	222.51	1.0	0.3419	-196.66
YDR524C-B	13852	556.6	369.87	379.0	25.52	344.36	0.9999	0.6591	-318.84
YDR524W-C	1077	340.0	257.55	246.0	97.0	160.55	1.0	0.7383	-63.56
YDR525W-A	57	472.5	273.88	262.0	32.72	241.16	1.0	0.5758	-208.44
YDR527W	95	758.5	154.66	122.0	35.28	119.38	1.0	0.2501	-84.09
YDR528W	25	966.2	233.72	188.0	91.28	142.44	1.0	0.2659	-51.16
YDR529C	1082	580.8	243.89	240.0	14.68	229.21	0.9991	0.4264	-214.53
YDR530C	54	825.2	197.57	175.0	4.39	193.19	1.0	0.304	-188.8
YDR531W	257	751.3	132.79	139.0	16.09	116.69	0.9961	0.2283	-100.6
YDR532C	95	734.0	109.45	112.0	7.87	101.58	0.9895	0.19	-93.71
YDR533C	302	686.6	158.77	153.0	17.29	141.48	0.9967	0.2481	-124.19
YDR534C	5	600.6	231.8	210.0	1.0	230.8	1.0	0.4081	-229.8
YDR536W	18	584.8	147.11	150.0	22.0	125.11	0.9444	0.3059	-103.11
YDR538W	50	808.2	285.22	293.0	23.48	261.74	1.0	0.384	-238.26
YDR539W	181	745.1	145.52	127.0	8.28	137.25	0.9945	0.2475	-128.97
YDR540C	56	752.9	394.88	368.5	58.68	336.2	1.0	0.5202	-277.52
YDR541C	56	631.3	243.46	235.0	13.86	229.61	1.0	0.4299	-215.75
YDR545W	48	653.5	101.98	83.5	1.06	100.92	0.9792	0.1835	-99.85
YEL001C	490	639.2	151.65	139.5	14.24	137.41	1.0	0.2759	-123.18
YEL002C	445	824.2	151.23	151.0	12.22	139.01	0.9978	0.2402	-126.79
YEL003W	615	467.5	178.97	161.0	21.91	157.07	1.0	0.383	-135.16
YEL004W	38	801.4	261.79	247.5	5.79	256.0	0.9737	0.3128	-250.21
YEL005C	59	512.1	124.58	106.0	4.25	120.32	1.0	0.2939	-116.07
YEL006W	97	931.5	313.25	361.0	16.84	296.41	1.0	0.3747	-279.58
YEL007W	120	748.3	141.72	121.0	16.75	124.97	1.0	0.2554	-108.22
YEL008W	6	637.2	349.5	338.0	28.0	321.5	1.0	0.5479	-293.5
YEL009C	2050	835.9	302.0	172.0	172.6	129.4	0.9995	0.3478	43.2
YEL011W	144	691.7	131.3	119.0	8.05	123.25	1.0	0.251	-115.2
YEL012W	51	595.1	178.25	173.0	51.1	127.16	1.0	0.3202	-76.06
YEL013W	235	807.2	334.71	414.0	16.69	318.01	0.9915	0.4664	-301.32
YEL014C	6	339.3	145.17	152.5	69.67	75.5	1.0	0.3867	-5.83
YEL015W	111	810.4	133.05	141.0	5.62	127.42	0.991	0.2371	-121.8
YEL016C	44	634.4	160.5	164.0	13.32	147.18	1.0	0.2969	-133.86
YEL017C-A	1281	624.2	498.15	508.0	22.91	475.23	1.0	0.7917	-452.32
YEL017W	36	873.1	136.42	120.5	17.67	118.75	1.0	0.1903	-101.08
YEL018W	22	597.6	143.86	136.5	2.27	141.59	1.0	0.289	-139.32
YEL020C	50	762.7	182.62	133.5	62.9	119.72	1.0	0.2718	-56.82
YEL020W-A	867	408.9	160.8	157.0	24.34	136.46	1.0	0.3888	-112.12
YEL021W	159	586.9	115.97	115.0	10.91	105.07	0.9937	0.2273	-94.16
YEL022W	166	773.2	126.73	138.5	3.46	123.27	1.0	0.23	-119.8
YEL023C	27	635.7	183.11	165.0	56.67	126.44	1.0	0.2956	-69.78
YEL024W	440	1008.8	508.44	499.0	38.23	470.21	1.0	0.5179	-431.98
YEL025C	77	967.4	251.74	269.0	21.45	230.29	1.0	0.346	-208.83
YEL026W	1803	467.9	158.23	152.0	45.78	112.45	0.9994	0.3392	-66.67
YEL027W	2379	709.2	316.36	316.0	30.49	285.86	0.9987	0.4655	-255.37
YEL028W	34	736.4	379.06	323.0	239.5	139.56	1.0	0.4735	99.94
YEL029C	223	789.2	195.86	173.0	22.27	173.59	0.991	0.2717	-151.32
YEL030W	62	540.1	179.45	162.5	4.9	174.55	0.9839	0.323	-169.65
YEL031W	514	792.6	142.39	152.0	2.82	139.57	0.9942	0.2684	-136.75
YEL032W	88	731.1	199.74	210.0	7.94	191.8	0.9886	0.3562	-183.85
YEL033W	208	278.6	112.3	112.5	67.44	44.86	1.0	0.3755	22.58
YEL034C-A	3633	656.5	184.48	173.0	3.02	181.46	0.9948	0.2904	-178.43
YEL034W	12	491.8	178.5	133.5	35.75	142.75	0.9167	0.2802	-107.0
YEL036C	146	699.9	136.23	133.0	17.86	118.37	1.0	0.2595	-100.51
YEL037C	160	632.6	216.7	213.0	14.98	201.72	0.9812	0.4004	-186.75
YEL038W	90	604.6	129.7	131.5	8.38	121.32	1.0	0.249	-112.94
YEL039C	140	488.7	191.6	188.0	51.41	140.19	1.0	0.3912	-88.77
YEL040W	1059	834.5	174.87	170.0	5.24	169.63	0.9991	0.2992	-164.39
YEL041W	30	614.0	118.93	92.5	47.13	71.8	1.0	0.1685	-24.67
YEL042W	399	738.6	194.86	195.0	15.42	179.44	1.0	0.3574	-164.02
YEL043W	57	685.0	138.02	146.0	2.98	135.04	1.0	0.2662	-132.05
YEL044W	345	491.2	137.83	131.0	11.36	126.47	1.0	0.2901	-115.11
YEL046C	404	1187.3	507.16	585.5	25.09	482.07	0.9901	0.4546	-456.99
YEL047C	173	783.6	116.83	92.0	2.95	113.87	0.9942	0.2031	-110.92
YEL048C	43	957.3	546.81	576.0	10.91	535.91	1.0	0.5516	-525.0
YEL049W	8	757.0	557.12	190.5	212.25	344.88	1.0	0.6643	-132.62
YEL050C	115	722.2	200.05	202.0	8.24	191.81	1.0	0.3145	-183.57
YEL050W-A	45	288.1	117.33	119.0	45.33	72.0	1.0	0.3868	-26.67
YEL051W	593	606.1	154.92	146.0	13.3	141.62	0.9966	0.2989	-128.33
YEL052W	50	805.8	102.78	89.0	6.38	96.4	0.98	0.1794	-90.02
YEL053C	83	974.1	133.24	142.0	9.96	123.28	0.9759	0.2077	-113.31
YEL053W-A	10	197.7	16.8	3.5	1.9	14.9	0.7	0.0536	-13.0
YEL054C	3917	633.7	242.31	252.0	11.08	231.24	0.9995	0.399	-220.16
YEL055C	360	732.3	152.89	158.0	3.32	149.57	0.9944	0.2539	-146.25
YEL056W	94	632.6	156.88	163.0	23.34	133.54	1.0	0.3346	-110.2
YEL057C	48	477.7	149.17	138.5	40.44	108.73	1.0	0.3532	-68.29
YEL058W	411	843.2	130.58	104.0	4.14	126.44	0.9951	0.2176	-122.3
YEL059C-A	86	344.9	150.36	146.0	42.13	108.23	1.0	0.4284	-66.1
YEL060C	225	762.8	168.48	204.0	3.8	164.68	0.9956	0.2964	-160.88
YEL061C	61	866.7	195.8	184.0	4.69	191.11	1.0	0.2848	-186.43
YEL062W	108	748.4	180.85	182.5	15.46	165.39	0.9815	0.3097	-149.93
YEL063C	96	1023.1	301.44	315.5	10.46	290.98	0.9896	0.3808	-280.52
YEL064C	24	915.2	257.29	291.0	17.46	239.83	1.0	0.376	-222.38
YEL065W	25	1146.7	117.08	126.0	5.84	111.24	1.0	0.1719	-105.4
YEL066W	75	527.2	128.0	116.0	11.0	117.0	1.0	0.2538	-106.0
YEL068C	76	566.0	291.11	271.5	15.2	275.91	1.0	0.5175	-260.71
YEL070W	8	762.8	173.38	168.0	1.5	171.88	1.0	0.2738	-170.38
YEL071W	983	819.5	151.46	138.0	4.49	146.97	0.999	0.2562	-142.48
YEL072W	54	747.8	307.69	316.5	31.22	276.46	1.0	0.4413	-245.24
YEL073C	51	925.4	640.35	588.0	122.76	517.59	1.0	0.67	-394.82
YEL074W	11	408.6	252.27	224.0	82.27	170.0	1.0	0.6033	-87.73
YEL077C	48	536.9	98.42	82.0	9.88	88.54	0.9792	0.2098	-78.67
YER001W	491	884.8	232.08	241.0	3.16	228.92	1.0	0.3528	-225.75
YER002W	180	446.0	136.83	110.0	5.61	131.22	1.0	0.3369	-125.62
YER003C	342	754.0	140.85	137.0	10.22	130.63	0.9971	0.2409	-120.41
YER004W	118	759.0	287.23	278.0	1.25	285.98	0.9915	0.4175	-284.74
YER005W	58	760.9	129.43	129.0	6.55	122.88	0.9655	0.2279	-116.33
YER006C-A	9	318.3	166.11	175.0	131.44	34.67	1.0	0.506	96.78
YER006W	593	789.5	123.28	116.0	4.28	119.0	0.9983	0.2121	-114.72
YER007C-A	468	609.7	178.76	178.0	20.18	158.58	1.0	0.3126	-138.4
YER007W	53	710.4	136.19	141.0	14.25	121.94	1.0	0.2832	-107.7
YER008C	133	765.2	134.27	139.0	8.94	125.33	0.985	0.2321	-116.39
YER009W	3501	557.3	228.47	237.0	19.15	209.32	1.0	0.4165	-190.18
YER010C	95	612.2	155.73	138.0	9.39	146.34	1.0	0.2742	-136.95
YER011W	57	689.6	188.95	193.0	23.05	165.89	1.0	0.3263	-142.84
YER012W	804	636.5	188.93	187.0	25.8	163.13	0.9988	0.321	-137.33
YER013W	56	663.5	112.62	93.5	1.61	111.02	1.0	0.2267	-109.41
YER014C-A	63	351.7	44.27	11.0	10.29	33.98	1.0	0.114	-23.7
YER014W	34	1310.8	163.88	152.5	15.35	148.53	1.0	0.1448	-133.18
YER015W	76	667.0	284.49	294.0	2.33	282.16	1.0	0.478	-279.83
YER016W	34	588.4	148.71	125.0	3.56	145.15	1.0	0.3116	-141.59
YER017C	73	826.8	172.15	164.0	5.9	166.25	1.0	0.2632	-160.34
YER018C	143	438.9	136.1	140.0	8.87	127.23	1.0	0.3287	-118.36
YER019C-A	1110	378.1	128.67	118.0	38.37	90.3	1.0	0.3327	-51.93
YER019W	84	737.8	122.44	103.0	4.8	117.64	0.9881	0.2186	-112.85
YER020W	63	947.1	215.11	218.0	7.38	207.73	1.0	0.2819	-200.35
YER021W	459	875.8	161.24	156.0	9.43	151.81	1.0	0.2459	-142.39
YER022W	97	856.9	139.94	134.0	3.45	136.48	0.9897	0.2286	-133.03
YER023W	255	756.9	132.13	126.0	12.57	119.56	1.0	0.1993	-107.0
YER024W	80	612.6	143.78	134.0	3.89	139.89	1.0	0.3311	-136.0
YER025W	646	969.2	294.77	288.5	3.85	290.92	0.9985	0.401	-287.08
YER026C	567	747.4	165.56	160.0	8.52	157.04	0.9982	0.2599	-148.51
YER027C	115	876.5	213.43	231.0	15.33	198.1	1.0	0.2969	-182.77
YER028C	24	734.3	189.88	147.0	45.88	144.0	1.0	0.3336	-98.12
YER029C	108	548.4	142.94	131.0	22.94	120.01	0.9907	0.2788	-97.07
YER030W	111	462.5	168.59	146.0	6.07	162.52	1.0	0.3871	-156.45
YER031C	275	715.1	213.21	212.0	11.16	202.05	1.0	0.3281	-190.89
YER032W	31	857.9	241.35	264.0	2.77	238.58	0.9677	0.3791	-235.81
YER033C	31	892.4	209.87	213.0	10.77	199.1	1.0	0.335	-188.32
YER034W	35	697.8	269.89	285.0	7.8	262.09	1.0	0.4064	-254.29
YER035W	213	531.6	211.83	203.0	25.1	186.73	1.0	0.4098	-161.63
YER036C	701	904.6	147.25	157.0	4.12	143.13	0.9957	0.258	-139.01
YER037W	1031	956.7	261.69	267.0	8.4	253.29	0.9961	0.2972	-244.9
YER038C	307	374.6	124.98	101.0	72.5	52.48	0.9967	0.3251	20.03
YER038W-A	5	508.8	214.8	214.0	1.0	213.8	1.0	0.4209	-212.8
YER039C	11	810.2	288.45	235.0	100.27	188.18	1.0	0.3418	-87.91
YER040W	94	874.7	287.24	309.0	2.54	284.7	0.9787	0.4093	-282.16
YER041W	22	596.1	172.82	184.0	4.0	168.82	1.0	0.3456	-164.82
YER042W	483	643.5	171.01	170.0	14.97	156.05	1.0	0.2721	-141.08
YER043C	2701	943.3	260.18	256.0	6.29	253.89	0.9978	0.3616	-247.61
YER044C	1148	562.3	187.4	186.0	27.47	159.92	1.0	0.3412	-132.45
YER044C-A	24	717.0	332.88	210.0	1.25	331.62	1.0	0.3888	-330.38
YER045C	141	708.9	187.02	181.0	30.87	156.16	0.9929	0.3283	-125.29
YER046W	58	434.9	119.31	110.5	32.24	87.07	1.0	0.2727	-54.83
YER046W-A	15	362.1	88.0	87.0	36.8	51.2	1.0	0.2137	-14.4
YER047C	21	653.3	116.24	128.0	1.81	114.43	1.0	0.1858	-112.62
YER048C	214	692.9	161.16	155.0	13.44	147.71	1.0	0.2809	-134.27
YER048W-A	467	617.7	362.58	366.0	43.65	318.93	1.0	0.587	-275.28
YER049W	246	946.4	137.01	116.5	6.49	130.52	1.0	0.2239	-124.04
YER050C	329	547.0	188.66	184.0	29.19	159.47	1.0	0.3509	-130.27
YER051W	41	904.9	137.34	110.0	4.2	133.15	1.0	0.1928	-128.95
YER052C	1277	709.7	158.72	163.0	10.41	148.31	0.9977	0.312	-137.9
YER053C	385	698.2	207.96	208.0	26.65	181.31	1.0	0.3519	-154.66
YER053C-A	69	543.9	433.25	429.0	34.2	399.04	1.0	0.7942	-364.84
YER054C	21	687.3	212.9	227.0	3.33	209.57	1.0	0.3702	-206.24
YER055C	2123	770.7	143.46	147.0	17.82	125.64	0.9986	0.2143	-107.82
YER056C	774	874.7	182.56	189.0	18.76	163.8	0.9961	0.2957	-145.03
YER056C-A	3486	429.1	145.25	136.0	29.37	115.88	0.9994	0.3419	-86.51
YER057C	730	458.0	153.32	145.0	18.81	134.51	1.0	0.3446	-115.7
YER058W	20	430.4	184.7	167.0	20.9	163.8	1.0	0.4397	-142.9
YER059W	95	688.5	171.87	146.0	39.36	132.52	1.0	0.2833	-93.16
YER060W	121	810.8	213.07	172.0	21.25	191.82	0.9835	0.3136	-170.57
YER060W-A	12	771.4	217.67	201.5	25.92	191.75	1.0	0.3115	-165.83
YER061C	46	748.4	109.48	118.0	5.91	103.57	1.0	0.1867	-97.65
YER062C	129	674.5	240.56	235.0	30.19	210.37	1.0	0.4129	-180.19
YER063W	187	552.1	207.89	212.0	9.95	197.94	0.9947	0.4143	-187.98
YER064C	139	991.5	276.36	295.0	13.8	262.56	1.0	0.3412	-248.76
YER065C	30	691.5	152.83	124.0	5.23	147.6	0.9667	0.2597	-142.37
YER066C-A	12	266.3	81.33	59.5	0.75	80.58	0.9167	0.2432	-79.83
YER066W	26	542.0	203.77	200.0	20.5	183.27	1.0	0.3832	-162.77
YER067C-A	198	321.0	125.98	111.0	2.59	123.39	1.0	0.4015	-120.8
YER067W	507	655.4	193.76	174.0	60.42	133.35	0.998	0.2902	-72.93
YER068W	107	801.7	131.94	118.0	10.36	121.58	1.0	0.234	-111.21
YER069W	410	767.3	168.51	165.0	4.79	163.72	0.9951	0.3346	-158.94
YER070W	238	894.3	218.79	219.0	4.17	214.61	0.9916	0.3502	-210.44
YER071C	236	536.3	244.55	246.5	24.46	220.09	1.0	0.464	-195.63
YER072W	1796	500.3	189.49	185.5	11.61	177.87	1.0	0.3973	-166.26
YER073W	841	703.5	268.46	271.0	7.56	260.9	1.0	0.4794	-253.34
YER074W	7698	500.9	150.52	135.0	11.94	138.57	0.9994	0.3085	-126.63
YER074W-A	653	383.7	209.32	196.0	29.83	179.49	1.0	0.5376	-149.66
YER075C	44	701.3	168.98	147.0	13.84	155.14	1.0	0.308	-141.3
YER076C	39	786.7	256.36	227.0	45.9	210.46	1.0	0.3595	-164.56
YER076W-A	39	385.5	232.67	212.0	56.46	176.21	1.0	0.5925	-119.74
YER077C	66	696.1	124.56	93.0	3.23	121.33	1.0	0.2318	-118.11
YER078C	123	733.5	151.38	151.0	24.28	127.1	1.0	0.2614	-102.81
YER079W	84	689.9	240.63	252.5	22.86	217.77	0.9881	0.3617	-194.92
YER080W	224	789.9	142.76	115.0	4.49	138.28	1.0	0.2567	-133.79
YER081W	426	840.4	219.62	225.0	10.71	208.91	1.0	0.3395	-198.2
YER082C	190	740.2	132.05	134.0	15.55	116.51	1.0	0.2502	-100.96
YER083C	149	605.3	94.31	103.0	6.77	87.54	1.0	0.1978	-80.77
YER086W	638	809.6	182.19	176.0	7.38	174.82	0.9969	0.3134	-167.44
YER087C-A	58	384.1	128.84	112.0	28.02	100.83	1.0	0.3612	-72.81
YER087C-B	453	476.5	261.27	250.0	18.94	242.33	1.0	0.5512	-223.39
YER087W	33	1209.3	149.48	155.0	5.79	143.7	1.0	0.1284	-137.91
YER088C	140	823.0	181.91	198.5	8.24	173.67	1.0	0.2967	-165.44
YER088C-A	30	365.3	208.87	111.5	58.83	150.03	1.0	0.4331	-91.2
YER089C	171	759.3	162.12	135.0	38.25	123.88	1.0	0.2374	-85.63
YER090W	279	839.2	164.36	163.0	11.72	152.64	1.0	0.2865	-140.92
YER091C	1029	956.4	250.65	239.0	7.01	243.64	0.9971	0.3671	-236.63
YER092W	103	563.8	254.62	261.0	4.93	249.69	1.0	0.45	-244.76
YER093C	97	727.1	120.36	107.0	30.53	89.84	0.9897	0.2641	-59.31
YER093C-A	37	471.1	178.08	141.0	26.11	151.97	1.0	0.3916	-125.86
YER094C	431	687.8	227.12	229.0	39.11	188.01	0.9977	0.358	-148.91
YER095W	47	877.0	230.11	231.0	3.47	226.64	1.0	0.3285	-223.17
YER096W	24	786.8	202.88	192.0	14.46	188.42	1.0	0.3391	-173.96
YER097W	10	314.2	141.2	156.0	113.2	28.0	1.0	0.434	85.2
YER098W	55	826.3	242.84	217.0	15.49	227.35	1.0	0.3439	-211.85
YER099C	228	695.7	125.77	117.5	13.81	111.96	1.0	0.2177	-98.15
YER100W	220	587.3	161.84	158.0	31.82	130.01	0.9909	0.3011	-98.19
YER101C	66	667.8	163.55	170.0	3.18	160.36	1.0	0.2981	-157.18
YER102W	14597	673.5	167.05	159.0	11.76	155.29	0.9992	0.2588	-143.53
YER103W	1145	850.4	148.4	135.0	6.73	141.67	0.9939	0.2733	-134.93
YER104W	25	658.2	364.92	382.0	75.72	289.2	1.0	0.5258	-213.48
YER105C	201	842.2	163.99	148.0	4.53	159.46	1.0	0.2659	-154.93
YER106W	8	962.8	246.0	249.5	21.5	224.5	1.0	0.2839	-203.0
YER107C	144	825.1	206.4	193.5	36.19	170.21	1.0	0.2922	-134.02
YER109C	48	899.1	298.9	291.5	6.5	292.4	1.0	0.4072	-285.9
YER110C	546	855.3	168.14	158.0	7.49	160.64	0.9982	0.296	-153.15
YER111C	76	765.4	166.67	154.0	22.71	143.96	0.9868	0.2814	-121.25
YER112W	486	637.5	173.63	172.5	32.73	140.9	1.0	0.2841	-108.17
YER113C	84	826.3	170.58	188.0	3.85	166.74	1.0	0.2636	-162.89
YER114C	95	898.9	305.82	311.0	2.74	303.08	1.0	0.4112	-300.35
YER115C	80	603.7	191.18	157.5	66.34	124.84	1.0	0.3175	-58.5
YER116C	11	805.3	368.18	390.0	5.64	362.55	1.0	0.4434	-356.91
YER117W	17682	498.8	159.58	150.0	42.25	117.33	0.9998	0.3179	-75.09
YER118C	126	726.7	226.14	209.0	31.07	195.07	1.0	0.3752	-164.0
YER119C	26	682.7	125.42	120.5	2.54	122.88	1.0	0.2274	-120.35
YER120W	380	666.9	149.07	142.5	10.56	138.52	0.9974	0.2451	-127.96
YER121W	24	446.9	207.46	160.0	18.83	188.62	1.0	0.4336	-169.79
YER122C	341	756.6	148.99	146.0	7.94	141.05	1.0	0.2505	-133.11
YER123W	48	956.3	381.35	415.5	22.54	358.81	1.0	0.4503	-336.27
YER124C	276	1000.0	353.07	371.0	9.45	343.63	0.9964	0.407	-334.18
YER125W	138	907.4	365.37	384.0	9.13	356.24	1.0	0.473	-347.11
YER126C	403	759.0	207.82	203.0	10.37	197.45	1.0	0.3035	-187.07
YER127W	101	654.4	149.82	133.0	3.12	146.7	1.0	0.2857	-143.58
YER128W	33	612.3	173.94	159.0	16.33	157.61	1.0	0.3121	-141.27
YER129W	87	796.0	270.4	270.0	54.01	216.39	1.0	0.4244	-162.38
YER130C	154	937.0	251.92	246.5	15.45	236.47	0.9935	0.3289	-221.02
YER131W	3454	481.9	172.94	158.0	14.64	158.3	0.9994	0.3657	-143.65
YER132C	100	684.4	171.33	139.0	25.57	145.76	0.99	0.2908	-120.19
YER133W	688	1030.9	505.6	493.0	93.54	412.06	0.9971	0.5015	-318.52
YER133W-A	39	465.2	213.56	172.0	12.9	200.67	1.0	0.4279	-187.77
YER134C	85	797.8	290.42	265.0	29.64	260.79	1.0	0.3549	-231.15
YER135C	7	335.1	80.29	86.0	7.29	73.0	1.0	0.2174	-65.71
YER136W	268	954.3	340.93	343.0	16.22	324.72	1.0	0.4371	-308.5
YER137C	17	477.6	167.76	166.0	5.94	161.82	1.0	0.3823	-155.88
YER138C	4087	1313.6	322.9	335.0	2.66	320.24	0.9949	0.3167	-317.58
YER138W-A	116	288.2	190.34	179.5	123.17	67.16	1.0	0.5908	56.01
YER139C	51	910.1	375.49	297.0	111.35	264.14	1.0	0.3961	-152.78
YER140W	47	944.8	138.74	113.0	6.26	132.49	0.9787	0.1766	-126.23
YER141W	158	842.3	279.73	247.5	30.28	249.45	1.0	0.4144	-219.17
YER142C	92	705.9	133.67	133.0	13.76	119.91	1.0	0.2206	-106.15
YER143W	82	846.9	175.09	164.0	9.35	165.73	0.9878	0.2754	-156.38
YER144C	109	667.1	146.05	145.0	2.5	143.54	1.0	0.287	-141.04
YER145C	95	669.3	154.86	155.0	2.89	151.97	0.9895	0.2706	-149.07
YER145C-A	76	451.8	165.07	139.5	1.13	163.93	0.9868	0.3579	-162.8
YER146W	456	403.6	141.28	126.0	18.61	122.67	1.0	0.3475	-104.05
YER147C	31	614.0	153.03	148.0	2.81	150.23	1.0	0.2976	-147.42
YER148W	513	753.5	279.08	265.0	59.42	219.66	0.9961	0.3948	-160.24
YER148W-A	40	368.3	93.92	68.0	8.52	85.4	1.0	0.2733	-76.88
YER149C	18	1066.5	119.17	131.5	17.67	101.5	1.0	0.113	-83.83
YER150W	362	558.2	211.86	208.5	19.35	192.52	1.0	0.4052	-173.17
YER151C	199	747.4	111.4	89.0	2.93	108.46	1.0	0.2024	-105.53
YER152C	146	729.2	107.16	118.5	6.59	100.58	1.0	0.1906	-93.99
YER154W	95	729.2	129.08	123.0	16.99	112.09	1.0	0.2204	-95.11
YER155C	321	760.8	163.98	157.0	2.44	161.54	0.9907	0.2883	-159.1
YER156C	295	787.4	155.48	135.0	4.13	151.35	0.9966	0.2526	-147.22
YER157W	160	679.2	91.66	86.5	3.15	88.51	0.9938	0.1769	-85.36
YER158C	56	624.6	200.68	163.0	5.36	195.32	1.0	0.3652	-189.96
YER158W-A	47	311.8	147.28	159.0	14.43	132.85	1.0	0.4734	-118.43
YER159C	315	632.7	254.57	266.0	94.21	160.36	1.0	0.395	-66.15
YER159C-A	11	534.8	179.91	165.0	8.09	171.82	1.0	0.3328	-163.73
YER160C	772	1023.9	305.22	333.0	4.78	300.44	0.9909	0.3613	-295.65
YER161C	25	557.5	302.72	285.0	2.4	300.32	1.0	0.5876	-297.92
YER162C	17	621.1	146.18	126.0	2.06	144.12	1.0	0.3049	-142.06
YER163C	80	569.4	137.18	129.5	10.8	126.38	1.0	0.2825	-115.58
YER164W	57	879.6	149.89	133.0	2.4	147.49	1.0	0.2444	-145.09
YER165W	762	1008.9	203.41	200.0	20.19	183.22	1.0	0.2607	-163.04
YER166W	103	727.4	150.24	135.0	2.84	147.4	1.0	0.2723	-144.55
YER167W	126	774.5	201.25	207.0	2.46	198.79	1.0	0.3599	-196.33
YER168C	122	712.3	120.19	100.5	6.75	113.43	1.0	0.2258	-106.68
YER169W	58	765.7	230.6	211.0	12.86	217.74	1.0	0.4111	-204.88
YER170W	50	810.8	382.66	405.5	9.92	372.74	1.0	0.5046	-362.82
YER171W	67	713.8	137.82	134.0	16.85	120.97	0.9851	0.2736	-104.12
YER172C	165	778.0	137.46	134.0	5.83	131.63	0.9879	0.2631	-125.8
YER173W	26	719.5	192.04	172.0	33.69	158.35	1.0	0.2979	-124.65
YER174C	343	596.1	154.98	152.0	26.75	128.23	1.0	0.2825	-101.48
YER175C	83	781.2	267.12	248.0	19.94	247.18	1.0	0.3771	-227.24
YER175W-A	18	810.5	674.94	735.5	257.83	417.11	1.0	0.818	-159.28
YER176W	61	623.2	107.49	113.0	1.9	105.59	1.0	0.2118	-103.69
YER177W	1665	774.5	219.64	220.0	16.14	203.5	0.9964	0.328	-187.35
YER178W	719	890.4	178.98	168.0	6.21	172.77	0.9958	0.2677	-166.56
YER179W	46	539.5	89.96	77.5	5.33	84.63	1.0	0.1676	-79.3
YER180C	39	558.1	145.92	109.0	48.97	96.95	1.0	0.2633	-47.97
YER180C-A	10	450.0	216.5	202.0	27.7	188.8	1.0	0.4485	-161.1
YER182W	132	595.8	140.05	129.0	7.61	132.45	1.0	0.2838	-124.84
YER183C	106	555.1	130.14	140.0	2.89	127.25	0.9906	0.2672	-124.37
YER184C	30	1030.4	375.93	353.0	32.17	343.77	1.0	0.4032	-311.6
YER185W	17	483.0	124.0	135.0	10.47	113.53	1.0	0.3039	-103.06
YER186C	160	777.3	233.69	224.5	36.62	197.06	1.0	0.3421	-160.44
YER187W	19	894.8	535.37	718.0	307.11	228.26	1.0	0.5502	78.84
YER188W	44	606.6	255.98	240.5	6.66	249.32	1.0	0.4775	-242.66
YER190W	48	586.7	98.38	83.0	1.73	96.65	1.0	0.2221	-94.92
YFL001W	68	672.6	86.46	105.5	2.74	83.72	1.0	0.173	-80.99
YFL002C	46	479.5	162.57	152.5	2.15	160.41	1.0	0.4315	-158.26
YFL002W-A	1306	955.0	328.15	330.0	3.05	325.1	0.9962	0.4157	-322.05
YFL002W-B	28	395.9	94.18	73.5	13.64	80.54	0.9643	0.2115	-66.89
YFL003C	19	700.5	138.47	135.0	2.21	136.26	1.0	0.2418	-134.05
YFL004W	611	789.3	147.59	146.0	5.6	141.99	0.9967	0.2616	-136.39
YFL005W	855	759.4	284.6	281.0	48.53	236.07	1.0	0.3961	-187.53
YFL007W	113	889.3	98.71	86.0	6.28	92.42	0.9823	0.158	-86.14
YFL008W	83	734.1	141.63	122.0	1.59	140.04	1.0	0.236	-138.45
YFL009W	135	827.3	148.84	122.0	17.14	131.7	0.9926	0.2526	-114.56
YFL010C	182	725.7	195.34	184.0	10.16	185.17	1.0	0.2695	-175.01
YFL010W-A	128	318.3	102.27	110.5	21.9	80.38	1.0	0.3236	-58.48
YFL012W	14	642.5	375.43	263.5	203.79	171.64	1.0	0.5513	32.14
YFL013C	6	860.8	79.83	73.5	4.67	75.17	1.0	0.1041	-70.5
YFL013W-A	86	468.9	110.06	109.0	1.92	108.14	1.0	0.261	-106.22
YFL014W	91	504.9	232.86	226.0	26.02	206.84	1.0	0.4645	-180.81
YFL015C	7	408.3	286.0	300.0	1.43	284.57	1.0	0.7177	-283.14
YFL016C	495	760.5	144.74	122.0	2.84	141.9	0.996	0.2671	-139.06
YFL017C	114	513.6	131.62	128.5	9.81	121.82	1.0	0.2687	-112.01
YFL017W-A	137	338.8	120.87	110.0	24.52	96.35	1.0	0.3432	-71.83
YFL018C	353	708.6	117.98	115.0	8.01	109.97	0.9972	0.2246	-101.97
YFL019C	8	642.9	362.5	346.0	48.5	314.0	1.0	0.5631	-265.5
YFL020C	10	702.5	374.6	255.0	181.2	193.4	1.0	0.4972	-12.2
YFL021C-A	10	396.2	99.1	71.5	15.9	83.2	1.0	0.2595	-67.3
YFL021W	124	715.5	140.54	125.5	4.26	136.28	1.0	0.2675	-132.02
YFL022C	767	740.3	150.26	131.0	7.43	142.84	0.9948	0.2847	-135.41
YFL023W	27	510.1	129.93	109.0	2.59	127.33	0.963	0.3302	-124.74
YFL024C	56	913.4	341.91	400.5	1.95	339.96	1.0	0.4031	-338.02
YFL025C	84	738.5	162.01	176.0	3.44	158.57	0.9881	0.2758	-155.13
YFL026W	28	676.3	288.57	260.5	200.39	88.18	1.0	0.4167	112.21
YFL027C	73	814.2	126.81	92.0	19.42	107.38	1.0	0.2183	-87.96
YFL028C	251	722.8	119.88	102.0	6.89	112.98	0.996	0.194	-106.09
YFL029C	76	566.6	124.75	112.0	4.28	120.47	1.0	0.275	-116.2
YFL030W	34	718.0	131.71	142.5	9.35	122.35	1.0	0.2127	-113.0
YFL031W	792	950.3	441.98	454.0	17.7	424.29	0.9987	0.5098	-406.59
YFL033C	95	835.9	227.33	228.0	1.34	225.99	1.0	0.3568	-224.65
YFL034C-A	816	458.8	130.23	123.0	29.05	101.18	0.9988	0.2901	-72.13
YFL034C-B	79	687.2	208.73	217.0	18.59	190.14	1.0	0.3662	-171.54
YFL034W	53	528.4	137.23	134.0	4.68	132.55	1.0	0.3085	-127.87
YFL036W	192	857.4	146.26	133.5	6.6	139.65	1.0	0.2289	-133.05
YFL037W	498	829.8	253.12	257.0	9.63	243.49	0.998	0.3986	-233.86
YFL038C	693	599.3	151.45	146.0	14.0	137.45	1.0	0.2764	-123.45
YFL039C	2874	925.9	202.34	193.0	43.92	158.43	0.9972	0.2595	-114.51
YFL040W	8	435.4	138.12	128.0	1.75	136.38	1.0	0.3529	-134.62
YFL041W	84	876.2	210.67	204.0	3.44	207.23	1.0	0.3202	-203.79
YFL041W-A	18	602.8	426.89	316.5	331.89	95.0	1.0	0.6565	236.89
YFL042C	69	674.2	106.41	98.0	1.71	104.7	0.971	0.2283	-102.99
YFL044C	70	896.2	252.99	219.0	9.1	243.89	0.9857	0.3044	-234.79
YFL045C	2407	783.0	213.39	210.0	36.34	177.05	0.9992	0.3038	-140.71
YFL046W	190	672.2	191.23	176.0	9.53	181.71	1.0	0.3064	-172.18
YFL047W	84	796.7	99.86	76.0	2.82	97.04	1.0	0.1771	-94.21
YFL048C	311	832.7	155.53	152.0	5.7	149.82	0.9968	0.2495	-144.12
YFL049W	90	846.6	192.93	207.0	2.93	190.0	1.0	0.3239	-187.07
YFL050C	60	886.3	305.65	300.5	18.1	287.55	1.0	0.4257	-269.45
YFL051C	10	690.0	346.1	281.5	173.7	172.4	1.0	0.4747	1.3
YFL052W	13	645.7	214.38	71.0	3.77	210.62	1.0	0.2546	-206.85
YFL053W	8	683.1	212.5	196.0	0.75	211.75	1.0	0.3656	-211.0
YFL054C	18	621.6	99.06	69.5	24.72	74.33	1.0	0.2093	-49.61
YFL055W	19	909.5	326.74	335.0	10.0	316.74	1.0	0.385	-306.74
YFL056C	200	644.1	154.98	144.5	19.38	135.6	1.0	0.284	-116.22
YFL058W	8	526.9	138.62	131.5	1.75	136.88	1.0	0.2847	-135.12
YFL059W	17	666.9	174.06	165.0	2.53	171.53	1.0	0.2934	-169.0
YFL060C	16	504.9	121.5	116.0	5.88	115.62	1.0	0.2595	-109.75
YFL061W	12	1017.6	447.33	276.0	59.67	387.67	1.0	0.3767	-328.0
YFL062W	29	474.4	134.62	102.0	13.72	120.9	0.9655	0.3595	-107.17
YFL066C	5	290.4	30.0	12.0	10.8	19.2	1.0	0.0988	-8.4
YFR001W	275	553.4	122.43	107.0	10.05	112.39	1.0	0.2435	-102.34
YFR002W	288	789.7	131.1	140.5	2.9	128.19	0.9965	0.2314	-125.29
YFR003C	171	536.8	193.02	189.0	13.84	179.18	1.0	0.3844	-165.33
YFR004W	341	688.5	126.93	116.0	9.3	117.62	0.9941	0.2218	-108.32
YFR005C	69	777.7	221.67	224.0	4.33	217.33	0.9855	0.3692	-213.0
YFR006W	247	871.8	121.77	107.0	3.17	118.59	1.0	0.2111	-115.42
YFR007W	39	644.4	106.69	78.0	6.74	99.95	0.9744	0.1811	-93.21
YFR008W	29	808.1	436.1	447.0	2.86	433.24	1.0	0.5647	-430.38
YFR009W	334	742.1	127.99	124.0	3.48	124.51	0.997	0.2345	-121.03
YFR010W	203	776.9	128.93	128.0	8.19	120.73	1.0	0.2211	-112.54
YFR010W-A	33	313.6	170.7	153.0	3.61	167.09	1.0	0.538	-163.48
YFR011C	214	646.9	206.63	190.5	12.43	194.2	1.0	0.3236	-181.76
YFR012W	6	1058.8	641.67	643.5	19.67	622.0	1.0	0.5291	-602.33
YFR013W	88	629.3	153.36	143.5	4.27	149.09	0.9886	0.352	-144.82
YFR014C	83	724.9	223.82	226.0	3.98	219.84	1.0	0.3726	-215.87
YFR015C	123	667.4	169.77	153.0	7.08	162.69	0.9919	0.3496	-155.61
YFR016C	41	449.0	121.49	68.0	4.05	117.44	1.0	0.2918	-113.39
YFR017C	40	606.0	159.4	147.0	30.9	128.5	1.0	0.2525	-97.6
YFR018C	60	864.0	198.05	193.5	13.13	184.92	1.0	0.2643	-171.78
YFR019W	74	737.0	89.91	86.0	2.39	87.51	0.9865	0.1746	-85.12
YFR020W	53	827.3	355.08	291.0	96.53	258.55	1.0	0.4307	-162.02
YFR021W	41	810.4	149.9	165.0	16.63	133.27	1.0	0.2397	-116.63
YFR022W	38	671.4	162.21	171.5	12.71	149.5	1.0	0.2966	-136.79
YFR023W	12	687.7	113.67	114.0	1.83	111.83	1.0	0.2133	-110.0
YFR024C-A	135	777.1	228.89	216.0	7.84	221.04	1.0	0.3686	-213.2
YFR025C	139	718.9	143.29	134.0	13.04	130.26	1.0	0.2441	-117.22
YFR026C	16	382.8	118.06	104.0	26.88	91.19	1.0	0.3337	-64.31
YFR027W	20	530.1	182.75	190.5	6.35	176.4	1.0	0.4179	-170.05
YFR028C	36	979.6	98.14	92.0	10.17	87.97	1.0	0.1426	-77.81
YFR029W	37	825.6	104.16	88.0	9.14	95.03	1.0	0.1934	-85.89
YFR030W	145	774.4	124.77	83.0	3.11	121.66	1.0	0.2455	-118.54
YFR031C	104	689.6	98.03	70.0	5.34	92.69	0.9904	0.1737	-87.36
YFR031C-A	5169	647.4	159.85	159.0	9.6	150.25	0.9985	0.2798	-140.64
YFR032C	6	492.3	201.0	177.5	1.67	199.33	1.0	0.4747	-197.67
YFR032C-A	10733	316.8	145.24	124.0	13.02	132.23	0.9999	0.4516	-119.21
YFR033C	267	463.1	180.93	164.0	2.8	178.13	1.0	0.4121	-175.33
YFR035C	34	421.7	217.21	190.5	28.32	188.88	1.0	0.5094	-160.56
YFR036W	23	521.2	196.39	185.0	23.0	173.39	1.0	0.3736	-150.39
YFR036W-A	53	348.5	101.25	76.0	1.57	99.68	1.0	0.3068	-98.11
YFR037C	7	1145.9	133.86	124.0	4.71	129.14	0.8571	0.1165	-124.43
YFR038W	41	741.6	115.17	95.0	1.66	113.51	1.0	0.2404	-111.85
YFR039C	135	648.4	110.04	117.0	7.99	102.05	1.0	0.2216	-94.07
YFR040W	123	804.1	133.92	137.0	7.79	126.13	0.9919	0.2268	-118.34
YFR041C	102	642.5	164.83	151.0	4.27	160.56	1.0	0.2984	-156.28
YFR042W	178	663.8	162.24	159.5	17.66	144.58	1.0	0.2525	-126.93
YFR043C	75	642.5	116.92	100.0	11.36	105.56	1.0	0.2074	-94.2
YFR044C	771	805.9	110.84	105.0	5.23	105.61	0.9961	0.1883	-100.38
YFR045W	59	650.1	126.36	114.0	5.37	120.98	1.0	0.2344	-115.61
YFR046C	21	493.3	146.24	115.0	11.24	135.0	1.0	0.3132	-123.76
YFR047C	147	610.7	120.29	109.0	4.63	115.66	0.9932	0.2384	-111.03
YFR048W	79	637.0	89.57	66.0	4.65	84.92	1.0	0.1805	-80.28
YFR049W	239	574.3	249.97	261.0	89.92	160.05	1.0	0.435	-70.12
YFR050C	402	708.6	182.17	179.0	15.45	166.72	0.9975	0.2916	-151.27
YFR051C	221	783.3	116.3	122.0	4.7	111.6	1.0	0.2242	-106.9
YFR052C-A	324	310.9	87.19	89.5	32.44	54.74	1.0	0.2671	-22.3
YFR052W	472	649.0	118.66	113.0	8.33	110.33	1.0	0.2099	-102.01
YFR053C	521	1032.9	197.17	197.0	28.32	168.85	0.9981	0.211	-140.53
YFR055W	430	1099.0	489.44	486.5	12.71	476.73	0.9977	0.4876	-464.02
YFR056C	7	330.0	136.29	122.0	70.57	65.71	1.0	0.4402	4.86
YGL001C	520	858.3	189.52	194.0	12.25	177.27	0.9962	0.2742	-165.02
YGL002W	93	618.2	224.57	229.0	12.26	212.31	1.0	0.403	-200.05
YGL003C	64	772.2	159.27	142.0	13.61	145.66	1.0	0.2503	-132.05
YGL004C	45	691.2	110.38	95.0	4.78	105.6	1.0	0.2222	-100.82
YGL005C	94	788.2	258.57	266.5	7.18	251.39	1.0	0.3623	-244.21
YGL006W	423	885.7	147.15	138.0	7.28	139.87	0.9929	0.2405	-132.59
YGL006W-A	7	424.3	325.57	320.0	72.71	252.86	1.0	0.7584	-180.14
YGL007W	9	685.7	381.56	366.0	133.78	247.78	1.0	0.5552	-114.0
YGL008C	2101	1110.4	499.89	536.0	7.69	492.2	0.9967	0.5272	-484.51
YGL009C	2097	808.1	195.66	200.0	5.15	190.51	0.9971	0.3277	-185.36
YGL010W	53	611.3	230.11	217.0	17.96	212.15	1.0	0.3967	-194.19
YGL011C	390	744.5	198.13	205.0	9.44	188.68	1.0	0.3047	-179.24
YGL012W	296	914.7	151.21	144.0	8.19	143.02	0.9966	0.225	-134.83
YGL013C	64	859.0	119.66	112.5	9.28	110.38	1.0	0.2408	-101.09
YGL014W	231	887.4	137.62	137.0	15.34	122.28	0.9957	0.2273	-106.94
YGL015C	8	474.8	218.38	200.0	150.62	67.75	1.0	0.4954	82.88
YGL016W	141	936.6	186.99	194.0	9.67	177.31	1.0	0.2792	-167.64
YGL017W	81	797.2	142.31	137.0	8.48	133.83	0.9877	0.245	-125.35
YGL018C	34	569.9	207.97	202.5	11.35	196.62	1.0	0.4104	-185.26
YGL019W	72	580.4	137.03	120.5	12.36	124.67	1.0	0.2623	-112.31
YGL020C	244	617.7	135.52	141.5	17.34	118.18	1.0	0.2469	-100.83
YGL021W	106	821.9	124.74	113.5	1.64	123.09	0.9811	0.1992	-121.45
YGL022W	462	750.1	130.85	105.0	4.58	126.27	0.9978	0.2429	-121.69
YGL023C	33	474.2	140.97	132.0	2.0	138.97	1.0	0.3548	-136.97
YGL025C	42	777.7	124.81	108.5	7.67	117.14	1.0	0.2019	-109.48
YGL026C	600	839.0	128.12	128.0	2.8	125.32	0.9983	0.2352	-122.52
YGL027C	105	701.1	125.2	109.0	2.06	123.14	1.0	0.2535	-121.09
YGL028C	154	890.4	322.5	326.5	17.06	305.44	1.0	0.4454	-288.37
YGL029W	167	425.4	209.03	190.0	9.43	199.6	1.0	0.5073	-190.18
YGL030W	20287	467.0	177.1	164.0	39.27	137.83	0.9997	0.3794	-98.56
YGL031C	8085	536.1	150.93	145.0	13.06	137.87	0.9996	0.2924	-124.81
YGL033W	21	428.7	232.57	191.0	33.14	199.43	1.0	0.5707	-166.29
YGL035C	49	908.1	186.69	191.0	16.1	170.59	1.0	0.2576	-154.49
YGL036W	114	847.8	144.78	145.0	2.54	142.25	0.9912	0.2765	-139.71
YGL037C	893	701.6	207.56	205.0	30.01	177.56	0.9989	0.3261	-147.55
YGL038C	80	712.4	242.56	188.0	8.75	233.81	1.0	0.4035	-225.06
YGL039W	136	767.6	181.42	177.5	29.37	152.05	1.0	0.2899	-122.68
YGL040C	147	927.9	263.91	279.0	27.81	236.1	1.0	0.3371	-208.29
YGL041W-A	286	573.7	188.18	182.0	12.27	175.91	1.0	0.3394	-163.65
YGL042C	76	377.8	130.43	115.0	34.18	96.25	1.0	0.3262	-62.07
YGL043W	77	1028.7	285.82	276.0	4.21	281.61	1.0	0.2886	-277.4
YGL044C	95	757.1	301.23	266.0	61.16	240.07	1.0	0.4413	-178.92
YGL045W	36	811.5	255.44	272.0	5.56	249.89	1.0	0.3577	-244.33
YGL047W	100	570.9	110.37	107.0	28.77	81.6	1.0	0.1976	-52.83
YGL048C	380	754.7	143.49	134.5	5.02	138.47	0.9974	0.2605	-133.44
YGL049C	171	627.6	188.0	173.0	2.89	185.11	1.0	0.3971	-182.21
YGL050W	101	626.7	179.99	167.0	14.07	165.92	1.0	0.3329	-151.85
YGL051W	24	740.2	276.62	213.5	27.33	249.29	1.0	0.3313	-221.96
YGL052W	7	380.7	166.0	146.0	63.14	102.86	1.0	0.4254	-39.71
YGL053W	51	685.7	230.22	222.0	27.55	202.67	1.0	0.3514	-175.12
YGL054C	967	711.8	363.67	368.0	29.69	333.97	0.9979	0.5219	-304.28
YGL055W	1570	902.6	246.92	261.0	10.56	236.36	0.9968	0.3449	-225.8
YGL056C	59	827.3	144.24	113.0	13.64	130.59	0.9831	0.2539	-116.95
YGL057C	31	638.1	185.55	203.0	3.94	181.61	0.9677	0.3092	-177.68
YGL058W	222	634.4	340.77	325.5	13.51	327.25	1.0	0.5642	-313.74
YGL059W	195	843.2	104.35	98.0	6.55	97.8	1.0	0.1658	-91.25
YGL060W	64	758.9	147.47	118.0	24.11	123.36	1.0	0.2662	-99.25
YGL061C	74	605.7	146.01	140.0	21.92	124.09	1.0	0.2616	-102.18
YGL062W	176	769.1	132.63	136.0	3.2	129.43	0.9943	0.2669	-126.23
YGL063W	12	900.2	392.75	422.5	22.08	370.67	1.0	0.401	-348.58
YGL064C	31	674.6	111.58	108.0	1.97	109.61	1.0	0.2437	-107.65
YGL065C	64	741.5	125.44	123.0	33.62	91.81	1.0	0.2521	-58.19
YGL066W	48	895.4	264.33	270.5	8.83	255.5	1.0	0.3712	-246.67
YGL067W	123	721.6	107.09	108.0	25.02	82.07	0.9919	0.1843	-57.04
YGL068W	382	625.2	194.7	191.0	16.37	178.32	1.0	0.3398	-161.95
YGL070C	444	637.7	327.14	325.0	17.6	309.53	1.0	0.5176	-291.93
YGL071W	48	1019.8	185.25	168.0	18.81	166.44	0.9792	0.2584	-147.62
YGL072C	9	236.9	38.44	9.0	5.22	33.22	1.0	0.136	-28.0
YGL073W	79	682.8	68.47	74.0	3.82	64.65	1.0	0.1111	-60.82
YGL075C	11	679.5	258.55	290.0	51.45	207.09	1.0	0.3809	-155.64
YGL076C	7671	615.3	187.16	188.0	43.29	143.87	0.9988	0.3216	-100.58
YGL077C	279	740.8	138.03	146.0	12.78	125.25	1.0	0.2496	-112.47
YGL078C	389	858.8	220.41	215.0	3.21	217.21	0.9949	0.3467	-214.0
YGL079W	83	627.7	224.01	232.0	4.14	219.87	1.0	0.3781	-215.72
YGL080W	216	578.2	297.98	288.5	16.07	281.9	1.0	0.5309	-265.83
YGL082W	106	936.7	210.73	199.0	24.23	186.5	1.0	0.2721	-162.27
YGL083W	79	897.2	115.59	132.0	17.24	98.35	1.0	0.1556	-81.11
YGL084C	138	839.6	152.87	152.5	7.57	145.3	0.9928	0.2581	-137.74
YGL085W	40	612.2	214.0	215.5	5.38	208.62	1.0	0.4002	-203.25
YGL086W	177	792.0	112.33	98.0	3.01	109.32	0.9944	0.1926	-106.32
YGL087C	164	496.7	170.32	160.5	21.61	148.71	1.0	0.358	-127.1
YGL088W	210	353.2	162.5	159.5	2.18	160.32	0.9952	0.4292	-158.14
YGL089C	3035	531.8	227.82	224.0	19.07	208.75	0.9997	0.4365	-189.67
YGL090W	50	590.5	229.22	192.5	110.6	118.62	1.0	0.3967	-8.02
YGL091C	144	702.4	162.31	158.5	7.56	154.74	1.0	0.2733	-147.18
YGL092W	160	916.0	100.61	97.5	5.25	95.36	1.0	0.1684	-90.11
YGL093W	100	759.9	81.22	62.0	3.57	77.65	0.98	0.1463	-74.08
YGL094C	55	1252.6	197.53	210.0	8.91	188.62	1.0	0.2386	-179.71
YGL095C	136	760.5	119.53	111.5	9.28	110.25	1.0	0.2135	-100.97
YGL096W	39	670.0	266.03	270.0	36.51	229.51	1.0	0.4189	-193.0
YGL097W	204	885.2	151.16	143.5	12.36	138.8	1.0	0.2188	-126.45
YGL098W	67	818.1	391.84	330.0	5.61	386.22	1.0	0.4432	-380.61
YGL099W	181	709.9	89.98	73.0	2.81	87.17	0.989	0.1804	-84.36
YGL100W	126	654.0	152.61	145.5	15.99	136.62	1.0	0.308	-120.63
YGL101W	232	713.4	276.94	266.5	9.19	267.75	1.0	0.4201	-258.56
YGL102C	21878	518.6	148.92	137.0	39.31	109.61	0.9997	0.2878	-70.3
YGL103W	690	719.1	139.44	141.0	23.94	115.5	0.9957	0.2166	-91.56
YGL104C	48	740.5	146.54	144.5	3.04	143.5	1.0	0.2525	-140.46
YGL105W	890	650.5	143.67	138.5	4.12	139.55	0.9978	0.2849	-135.43
YGL106W	234	574.2	256.79	249.0	6.72	250.07	1.0	0.4747	-243.35
YGL107C	114	770.5	154.78	156.5	7.54	147.24	1.0	0.2903	-139.69
YGL108C	23	592.0	221.57	201.0	19.65	201.91	1.0	0.3623	-182.26
YGL109W	36	398.6	153.64	141.5	14.78	138.86	1.0	0.3762	-124.08
YGL110C	81	637.0	162.36	165.0	3.89	158.47	0.9877	0.3119	-154.58
YGL111W	136	752.8	205.02	189.5	4.19	200.83	1.0	0.3561	-196.64
YGL112C	123	767.8	168.89	156.0	6.11	162.77	1.0	0.3014	-156.66
YGL113W	45	870.9	242.24	250.0	7.98	234.27	1.0	0.3677	-226.29
YGL114W	72	835.1	106.46	94.5	10.32	96.14	0.9861	0.1793	-85.82
YGL115W	282	746.9	162.71	158.5	44.51	118.2	1.0	0.2538	-73.68
YGL116W	30	636.5	146.0	166.0	4.63	141.37	1.0	0.3244	-136.73
YGL117W	700	751.6	160.36	160.0	32.09	128.27	0.9986	0.2385	-96.19
YGL119W	48	897.5	115.5	99.0	5.1	110.4	1.0	0.1827	-105.29
YGL120C	248	810.3	131.48	125.5	4.04	127.45	0.9839	0.2425	-123.41
YGL121C	80	535.0	220.94	217.5	37.92	183.01	1.0	0.4131	-145.09
YGL122C	195	861.8	197.31	206.0	6.84	190.47	0.9949	0.2836	-183.63
YGL123W	15152	645.6	147.97	157.0	18.33	129.64	0.9985	0.2561	-111.32
YGL124C	99	651.4	178.67	176.0	9.0	169.67	1.0	0.3384	-160.67
YGL125W	71	1069.4	339.82	406.0	21.8	318.01	1.0	0.3683	-296.21
YGL126W	84	737.5	274.69	295.5	5.99	268.7	1.0	0.4205	-262.71
YGL127C	37	509.4	189.49	176.0	19.41	170.08	1.0	0.3711	-150.68
YGL128C	26	665.4	217.04	231.5	4.42	212.62	1.0	0.3807	-208.19
YGL129C	103	776.2	175.49	184.0	9.72	165.77	0.9903	0.2828	-156.05
YGL130W	44	700.8	151.52	137.0	4.75	146.77	1.0	0.2712	-142.02
YGL131C	33	950.0	120.45	79.0	8.82	111.64	1.0	0.165	-102.82
YGL133W	140	567.0	123.28	89.5	22.1	101.18	0.9929	0.246	-79.08
YGL134W	47	773.2	184.6	163.0	39.62	144.98	1.0	0.3069	-105.36
YGL135W	6039	610.8	156.53	155.0	23.54	132.99	0.9993	0.2898	-109.45
YGL136C	147	526.1	175.86	174.0	31.71	144.15	1.0	0.3716	-112.44
YGL137W	190	1060.5	221.65	217.5	5.54	216.11	0.9789	0.3158	-210.56
YGL139W	67	905.1	334.78	332.0	26.0	308.78	1.0	0.4479	-282.78
YGL140C	85	906.7	237.0	253.0	9.81	227.19	1.0	0.3366	-217.38
YGL141W	105	839.5	137.48	127.0	3.9	133.57	1.0	0.2528	-129.67
YGL142C	198	645.5	156.12	154.5	5.06	151.06	0.9949	0.2969	-146.0
YGL143C	55	576.6	158.47	142.0	3.38	155.09	1.0	0.3385	-151.71
YGL144C	25	457.3	119.6	134.0	3.88	115.72	1.0	0.2814	-111.84
YGL145W	106	961.4	145.42	133.0	9.31	136.11	1.0	0.2205	-126.8
YGL146C	5	921.6	278.6	367.0	24.6	254.0	1.0	0.2637	-229.4
YGL147C	15690	620.4	154.97	145.0	5.93	149.04	0.9994	0.2675	-143.11
YGL148W	778	799.7	148.72	145.5	9.33	139.39	0.9949	0.2433	-130.06
YGL150C	73	786.2	197.79	208.0	1.44	196.36	0.9726	0.3458	-194.92
YGL151W	119	713.0	120.46	102.0	6.28	114.18	1.0	0.2439	-107.91
YGL152C	25	419.2	41.44	20.0	0.64	40.8	1.0	0.115	-40.16
YGL153W	6	870.3	130.33	131.0	4.83	125.5	1.0	0.1606	-120.67
YGL154C	112	621.2	124.27	93.0	53.22	71.04	0.9911	0.1978	-17.82
YGL155W	59	685.3	214.08	164.0	10.71	203.37	0.9831	0.3362	-192.66
YGL156W	65	661.5	169.26	163.0	8.43	160.83	1.0	0.3116	-152.4
YGL157W	212	749.0	144.04	141.5	18.7	125.33	1.0	0.2445	-106.63
YGL158W	10	807.7	161.2	131.0	3.2	158.0	1.0	0.2603	-154.8
YGL159W	128	910.1	212.61	182.0	5.26	207.35	1.0	0.2583	-202.09
YGL160W	83	707.5	159.67	148.0	13.08	146.59	1.0	0.2993	-133.51
YGL161C	204	745.7	178.97	183.0	18.58	160.38	1.0	0.2755	-141.8
YGL162W	107	549.9	190.77	204.0	15.48	175.29	1.0	0.3968	-159.81
YGL163C	59	821.0	147.54	135.0	21.71	125.83	0.9831	0.2657	-104.12
YGL164C	34	481.4	132.18	105.5	1.21	130.97	0.9706	0.3184	-129.76
YGL165C	59	405.6	70.53	65.0	24.61	45.92	1.0	0.1771	-21.31
YGL166W	23	784.3	185.91	173.0	5.83	180.09	1.0	0.2324	-174.26
YGL167C	203	1051.1	211.05	217.0	10.25	200.8	0.9901	0.2328	-190.55
YGL168W	204	347.2	89.21	87.0	24.84	64.37	1.0	0.244	-39.53
YGL169W	80	737.4	183.66	203.0	9.12	174.54	1.0	0.3128	-165.41
YGL170C	19	584.9	157.63	121.0	90.58	67.05	1.0	0.2811	23.53
YGL171W	95	689.6	135.39	113.0	1.96	133.43	1.0	0.2619	-131.47
YGL172W	181	731.8	138.73	135.0	5.57	133.15	0.9945	0.2532	-127.58
YGL173C	260	980.4	169.94	170.0	16.58	153.37	0.9962	0.2928	-136.79
YGL174W	27	625.9	212.44	223.0	21.15	191.3	1.0	0.3853	-170.15
YGL175C	9	709.2	239.78	157.0	170.22	69.56	1.0	0.3156	100.67
YGL176C	67	623.4	156.4	151.0	2.63	153.78	1.0	0.313	-151.15
YGL178W	72	1008.6	357.65	415.5	24.61	333.04	1.0	0.3711	-308.43
YGL179C	56	810.4	133.04	93.5	32.57	100.46	1.0	0.212	-67.89
YGL180W	32	897.4	325.41	345.5	37.16	288.25	1.0	0.4492	-251.09
YGL181W	66	702.0	140.62	129.5	9.92	130.7	1.0	0.2645	-120.77
YGL184C	47	657.6	136.89	118.0	14.02	122.87	1.0	0.2999	-108.85
YGL185C	56	734.8	135.71	120.5	4.18	131.54	1.0	0.2348	-127.36
YGL186C	201	707.6	92.18	83.0	4.5	87.68	1.0	0.1845	-83.18
YGL187C	871	743.3	341.61	352.0	56.87	284.73	1.0	0.4615	-227.86
YGL188C	103	267.0	173.69	168.0	144.12	29.57	1.0	0.6116	114.54
YGL188C-A	6	343.7	220.0	224.0	5.83	214.17	1.0	0.625	-208.33
YGL189C	5847	442.8	112.31	91.0	11.38	100.93	0.999	0.2526	-89.55
YGL190C	74	758.6	241.72	212.0	51.8	189.92	0.9865	0.3531	-138.12
YGL191W	925	579.1	237.05	242.0	19.75	217.3	1.0	0.4102	-197.54
YGL192W	21	1083.6	273.86	373.0	7.38	266.48	1.0	0.2717	-259.1
YGL193C	23	381.2	162.52	131.0	60.0	102.52	1.0	0.4036	-42.52
YGL194C	11	443.9	138.18	100.0	48.64	89.55	1.0	0.2865	-40.91
YGL194C-A	115	481.0	255.89	241.0	57.78	198.1	1.0	0.524	-140.32
YGL195W	438	844.8	128.85	117.0	2.02	126.83	0.9932	0.238	-124.8
YGL196W	202	789.6	179.2	177.0	20.8	158.41	1.0	0.2923	-137.61
YGL197W	63	950.0	336.71	324.0	15.38	321.33	0.9841	0.3651	-305.95
YGL198W	173	586.8	89.9	72.0	1.99	87.9	1.0	0.1777	-85.91
YGL200C	1039	612.5	158.12	158.0	11.59	146.53	0.999	0.2847	-134.94
YGL201C	66	532.7	195.85	184.5	1.33	194.52	1.0	0.391	-193.18
YGL202W	694	791.3	143.43	143.0	17.28	126.14	0.9971	0.2523	-108.86
YGL203C	59	462.9	124.8	121.0	3.86	120.93	1.0	0.3286	-117.07
YGL204C	7	610.6	388.71	463.0	56.0	332.71	1.0	0.6167	-276.71
YGL205W	14	548.6	192.21	201.0	10.21	182.0	1.0	0.377	-171.79
YGL206C	314	1218.9	296.61	297.0	4.24	292.37	0.9936	0.3668	-288.13
YGL207W	55	454.7	226.07	246.0	1.75	224.33	0.9818	0.5207	-222.58
YGL208W	32	647.4	158.31	148.0	2.56	155.75	1.0	0.2929	-153.19
YGL209W	104	583.3	159.6	176.5	13.05	146.55	0.9808	0.328	-133.5
YGL210W	93	636.1	153.98	139.0	21.15	132.83	1.0	0.2513	-111.68
YGL211W	123	756.7	159.98	121.0	20.76	139.21	1.0	0.2413	-118.45
YGL213C	40	1045.3	148.57	150.5	7.78	140.8	1.0	0.1451	-133.02
YGL214W	91	385.6	119.48	99.0	8.43	111.05	1.0	0.3068	-102.63
YGL215W	164	1327.3	609.49	580.0	89.72	519.77	1.0	0.4974	-430.05
YGL216W	38	779.4	79.29	71.5	1.29	78.0	1.0	0.1474	-76.71
YGL219C	62	566.1	114.31	99.5	3.03	111.27	0.9839	0.2763	-108.24
YGL220W	535	452.7	209.41	190.0	1.28	208.13	0.9981	0.4649	-206.85
YGL221C	185	623.2	128.81	116.0	3.6	125.21	1.0	0.2578	-121.61
YGL222C	14	387.1	139.0	135.5	20.14	118.86	1.0	0.3891	-98.71
YGL223C	160	562.4	122.06	95.0	5.26	116.81	0.9938	0.241	-111.55
YGL224C	247	650.8	150.08	153.0	27.99	122.09	1.0	0.2709	-94.11
YGL225W	756	689.0	171.56	179.0	12.47	159.09	0.9974	0.3062	-146.62
YGL226C-A	489	452.8	234.64	232.0	38.51	196.14	1.0	0.5148	-157.63
YGL226W	77	421.6	104.87	102.0	4.23	100.64	1.0	0.2503	-96.4
YGL227W	127	686.8	208.56	191.0	68.21	140.35	0.9921	0.3644	-72.13
YGL228W	76	900.6	179.21	160.5	21.04	158.17	0.9868	0.2605	-137.13
YGL229C	29	704.1	203.9	231.0	1.07	202.83	1.0	0.3696	-201.76
YGL230C	16	458.8	147.25	152.5	19.12	128.12	1.0	0.3261	-109.0
YGL231C	751	597.3	119.96	132.0	5.46	114.51	0.996	0.2104	-109.05
YGL232W	208	641.4	122.01	121.5	6.93	115.08	1.0	0.2247	-108.14
YGL233W	150	827.4	127.28	127.0	9.03	118.25	1.0	0.2301	-109.23
YGL234W	339	844.7	142.4	122.0	4.55	137.85	1.0	0.2697	-133.29
YGL236C	43	897.1	103.0	91.0	7.56	95.44	1.0	0.1529	-87.88
YGL237C	48	620.5	229.21	212.5	9.67	219.54	1.0	0.406	-209.88
YGL238W	418	815.2	129.23	119.0	5.37	123.86	1.0	0.215	-118.48
YGL241W	69	798.0	102.64	86.0	7.77	94.87	0.971	0.1661	-87.1
YGL242C	103	583.0	199.03	200.0	20.92	178.11	0.9806	0.3626	-157.18
YGL243W	88	857.2	150.93	158.0	4.42	146.51	1.0	0.2333	-142.09
YGL244W	143	627.8	127.84	104.0	2.43	125.41	1.0	0.2664	-122.97
YGL245W	1584	722.5	99.74	78.0	2.94	96.81	0.9975	0.1951	-93.87
YGL246C	155	772.5	173.28	173.0	5.85	167.43	0.9935	0.2812	-161.57
YGL247W	80	600.6	142.85	141.0	6.9	135.95	1.0	0.2514	-129.05
YGL248W	157	671.7	103.06	78.0	11.3	91.76	1.0	0.1909	-80.46
YGL249W	41	700.1	98.02	78.0	9.68	88.34	1.0	0.1501	-78.66
YGL250W	43	719.6	258.0	267.0	14.07	243.93	1.0	0.4017	-229.86
YGL251C	35	809.9	187.31	206.0	1.8	185.51	1.0	0.2998	-183.71
YGL252C	150	734.2	136.23	122.0	3.12	133.11	0.9933	0.2616	-129.99
YGL253W	1683	1097.1	233.37	244.0	13.55	219.82	0.9988	0.2766	-206.28
YGL254W	36	880.0	294.06	223.5	1.94	292.11	1.0	0.3331	-290.17
YGL255W	276	781.8	165.07	161.5	25.81	139.26	1.0	0.2671	-113.45
YGL256W	132	867.6	285.33	237.0	84.17	201.17	1.0	0.3591	-117.0
YGL257C	153	751.8	171.16	159.0	22.98	148.18	0.9935	0.2986	-125.2
YGL258W	14	635.6	275.57	265.0	24.5	251.07	1.0	0.4734	-226.57
YGL258W-A	6	1114.5	917.17	796.5	186.0	731.17	1.0	0.8159	-545.17
YGR001C	356	566.6	144.69	149.0	18.99	125.7	1.0	0.2922	-106.71
YGR002C	90	687.8	285.36	297.5	5.64	279.71	1.0	0.4789	-274.07
YGR003W	35	1041.5	289.49	295.0	41.46	248.03	1.0	0.399	-206.57
YGR004W	37	815.4	280.08	307.0	5.76	274.32	1.0	0.4192	-268.57
YGR005C	90	741.8	147.04	127.5	5.2	141.84	1.0	0.256	-136.64
YGR006W	9	613.3	177.67	85.0	1.56	176.11	1.0	0.2079	-174.56
YGR007W	100	755.0	210.45	182.5	45.95	164.5	0.99	0.3009	-118.55
YGR008C	1264	462.1	229.65	227.0	43.5	186.15	1.0	0.4926	-142.65
YGR009C	63	455.9	121.27	123.0	2.19	119.08	1.0	0.3198	-116.89
YGR010W	67	1026.7	292.91	284.0	18.04	274.87	1.0	0.2946	-256.82
YGR011W	37	377.7	169.65	159.0	15.59	154.05	1.0	0.4458	-138.46
YGR012W	100	737.7	111.41	113.0	3.85	107.56	1.0	0.2017	-103.71
YGR013W	26	801.3	239.12	278.5	2.38	236.73	1.0	0.3911	-234.35
YGR014W	184	602.4	165.83	147.0	1.87	163.96	0.9946	0.3529	-162.09
YGR015C	26	753.8	218.42	225.5	2.54	215.88	1.0	0.3329	-213.35
YGR016W	38	815.6	362.68	267.5	35.26	327.42	1.0	0.3997	-292.16
YGR017W	91	848.0	215.96	195.0	70.62	145.34	0.989	0.2419	-74.73
YGR018C	65	347.7	145.18	111.0	0.86	144.32	1.0	0.4081	-143.46
YGR019W	207	703.5	135.09	111.0	5.12	129.97	0.9952	0.2461	-124.86
YGR020C	1405	529.5	214.11	205.0	37.81	176.3	0.9986	0.4067	-138.49
YGR021W	24	576.0	115.62	101.0	2.33	113.29	1.0	0.2241	-110.96
YGR023W	45	740.8	301.69	310.0	13.71	287.98	1.0	0.4654	-274.27
YGR024C	262	644.0	119.64	115.0	6.55	113.08	0.9962	0.221	-106.53
YGR026W	127	765.1	246.03	235.0	38.81	207.22	1.0	0.3643	-168.41
YGR027C	11992	428.0	139.33	136.0	22.02	117.31	0.9997	0.3256	-95.29
YGR027W-A	10	670.6	111.4	108.0	20.5	90.9	1.0	0.1828	-70.4
YGR027W-B	3247	1268.7	330.48	342.0	3.49	326.99	0.9935	0.3132	-323.5
YGR028W	204	930.6	216.69	209.5	22.35	194.34	1.0	0.2729	-172.0
YGR029W	189	578.7	197.83	195.0	19.19	178.63	0.9788	0.3565	-159.44
YGR030C	163	516.6	182.21	154.0	75.94	106.27	1.0	0.3476	-30.33
YGR031W	16	867.2	242.94	310.0	16.0	226.94	1.0	0.2534	-210.94
YGR032W	135	958.9	131.76	140.0	14.35	117.41	0.9926	0.2049	-103.07
YGR033C	215	819.2	332.99	342.0	37.29	295.7	1.0	0.4227	-258.41
YGR034W	15295	509.6	170.95	163.0	26.05	144.9	0.9999	0.3368	-118.85
YGR035C	52	504.2	235.6	243.0	38.44	197.15	1.0	0.4799	-158.71
YGR035W-A	60	424.6	225.03	168.0	147.02	78.02	1.0	0.472	69.0
YGR036C	74	826.1	334.49	248.5	56.85	277.64	1.0	0.3496	-220.78
YGR037C	1190	497.6	272.73	262.0	28.64	244.1	1.0	0.5501	-215.46
YGR038C-B	1297	1125.1	318.32	329.0	2.21	316.12	0.9931	0.3509	-313.91
YGR038W	97	731.9	258.72	252.0	72.51	186.22	1.0	0.3802	-113.71
YGR039W	50	422.5	166.58	154.0	55.5	111.08	1.0	0.3808	-55.58
YGR040W	59	915.3	372.22	404.0	63.2	309.02	0.9831	0.4218	-245.81
YGR041W	66	680.0	160.58	130.5	24.7	135.88	0.9848	0.3184	-111.18
YGR042W	52	646.0	142.98	145.5	4.75	138.23	1.0	0.2559	-133.48
YGR043C	32	692.8	167.16	158.0	9.38	157.78	1.0	0.2952	-148.41
YGR044C	165	795.3	301.1	293.0	24.25	276.85	1.0	0.4318	-252.61
YGR046W	134	961.2	361.6	391.5	23.37	338.24	1.0	0.4321	-314.87
YGR047C	41	809.7	98.37	87.0	3.41	94.95	1.0	0.1867	-91.54
YGR048W	80	776.2	135.32	131.5	16.65	118.68	1.0	0.2181	-102.02
YGR049W	226	658.1	245.07	243.5	27.5	217.57	1.0	0.3974	-190.06
YGR050C	45	379.6	164.98	164.0	21.73	143.24	1.0	0.4379	-121.51
YGR051C	27	349.7	226.19	206.0	1.52	224.67	1.0	0.6589	-223.15
YGR052W	34	582.9	206.88	189.0	9.53	197.35	1.0	0.3926	-187.82
YGR053C	22	619.2	125.36	129.5	10.18	115.18	1.0	0.2362	-105.0
YGR054W	171	791.5	209.36	209.0	15.25	194.11	0.9883	0.3462	-178.86
YGR055W	408	800.5	165.97	164.5	4.99	160.98	1.0	0.2896	-155.99
YGR056W	74	673.9	138.46	150.5	2.93	135.53	0.9865	0.28	-132.59
YGR057C	112	931.2	401.89	409.5	29.63	372.26	1.0	0.4601	-342.62
YGR058W	36	768.6	321.78	341.5	11.25	310.53	1.0	0.4693	-299.28
YGR059W	8	482.1	102.25	90.5	0.12	102.12	1.0	0.2761	-102.0
YGR060W	818	889.6	302.62	316.0	18.82	283.8	0.9976	0.3904	-264.98
YGR061C	275	876.4	130.21	113.0	8.35	121.86	0.9891	0.2269	-113.51
YGR062C	41	748.4	154.9	143.0	8.56	146.34	1.0	0.2332	-137.78
YGR063C	371	410.3	134.91	129.0	6.08	128.84	0.9973	0.3243	-122.76
YGR064W	5	380.0	163.6	194.0	64.0	99.6	0.8	0.3734	-35.6
YGR065C	82	735.2	121.98	114.5	9.46	112.51	0.9878	0.2221	-103.05
YGR066C	8	703.1	224.62	220.5	18.0	206.62	1.0	0.3287	-188.62
YGR067C	6	733.3	85.0	106.5	1.83	83.17	1.0	0.1582	-81.33
YGR068C	10	1255.8	430.2	425.0	8.8	421.4	1.0	0.4307	-412.6
YGR069W	25	315.3	158.32	170.0	93.04	65.28	1.0	0.4731	27.76
YGR070W	97	757.6	109.15	118.0	2.03	107.12	0.9897	0.1873	-105.09
YGR071C	92	1001.1	164.71	184.5	13.02	151.68	1.0	0.225	-138.66
YGR072W	54	554.1	129.54	131.0	2.89	126.65	1.0	0.2687	-123.76
YGR073C	16	340.0	81.44	85.0	8.31	73.12	0.9375	0.2251	-64.81
YGR074W	159	743.3	335.83	352.0	12.42	323.41	0.9937	0.4478	-310.99
YGR075C	112	510.2	190.32	125.5	74.27	116.05	1.0	0.3137	-41.79
YGR076C	82	506.3	154.95	140.5	16.39	138.56	1.0	0.3158	-122.17
YGR077C	91	745.5	96.67	104.0	3.4	93.27	1.0	0.2002	-89.88
YGR078C	56	573.4	123.04	106.5	13.14	109.89	1.0	0.2317	-96.75
YGR079W	34	559.4	118.91	104.0	4.18	114.74	1.0	0.2773	-110.56
YGR080W	110	735.1	138.73	132.5	8.25	130.47	1.0	0.2451	-122.22
YGR081C	128	608.7	169.95	165.5	8.24	161.7	1.0	0.3091	-153.46
YGR082W	315	584.5	196.6	198.0	18.16	178.45	1.0	0.3728	-160.29
YGR083C	191	764.8	150.93	143.0	5.91	145.02	0.9948	0.2625	-139.12
YGR084C	98	671.8	122.3	119.5	2.05	120.24	1.0	0.2226	-118.19
YGR085C	7069	560.1	136.48	124.0	11.31	125.16	0.9993	0.2585	-113.85
YGR086C	364	680.4	303.18	299.5	13.45	289.73	0.9945	0.504	-276.29
YGR087C	7	563.0	130.0	120.0	1.43	128.57	1.0	0.2699	-127.14
YGR088W	85	555.4	126.49	99.0	20.81	105.68	1.0	0.2826	-84.87
YGR089W	77	752.4	158.32	143.0	11.22	147.1	1.0	0.2714	-135.88
YGR090W	241	730.4	131.26	116.0	7.02	124.24	1.0	0.2575	-117.22
YGR091W	53	777.2	153.02	156.0	14.17	138.85	1.0	0.2476	-124.68
YGR092W	126	740.3	178.49	173.0	11.23	167.26	1.0	0.3042	-156.03
YGR093W	106	782.1	133.9	110.0	5.89	128.01	1.0	0.2303	-122.12
YGR094W	2397	726.6	124.94	104.0	2.12	122.83	0.9954	0.2374	-120.71
YGR095C	141	604.7	141.37	126.0	22.46	118.91	1.0	0.248	-96.45
YGR096W	53	551.5	104.62	106.0	9.15	95.47	1.0	0.211	-86.32
YGR097W	165	871.6	222.01	218.0	11.07	210.94	0.9939	0.365	-199.87
YGR098C	60	897.7	217.5	237.5	6.87	210.63	1.0	0.3126	-203.77
YGR099W	72	810.1	103.42	86.5	5.17	98.25	1.0	0.1644	-93.08
YGR100W	95	824.0	143.97	136.0	6.46	137.51	1.0	0.2644	-131.04
YGR101W	99	806.0	158.58	158.0	16.65	141.93	1.0	0.2301	-125.28
YGR102C	62	553.3	193.11	181.0	2.34	190.77	1.0	0.3757	-188.44
YGR103W	864	602.2	184.78	172.0	3.51	181.27	0.9942	0.3757	-177.75
YGR104C	55	698.6	160.31	141.0	18.36	141.95	1.0	0.2513	-123.58
YGR105W	788	445.6	227.27	219.0	31.31	195.96	0.9987	0.5082	-164.64
YGR106C	1211	749.2	167.39	167.0	24.84	142.55	1.0	0.2486	-117.72
YGR107W	8	572.1	328.25	318.0	26.12	302.12	1.0	0.5868	-276.0
YGR108W	106	887.4	235.58	216.5	31.27	204.3	1.0	0.3149	-173.03
YGR109C	24	762.9	175.04	177.5	15.71	159.33	1.0	0.2954	-143.62
YGR109W-B	49	860.7	291.86	283.0	37.94	253.92	1.0	0.4718	-215.98
YGR110W	14	571.6	174.14	103.5	2.07	172.07	1.0	0.3149	-170.0
YGR111W	115	807.8	163.24	150.0	11.65	151.59	1.0	0.259	-139.94
YGR112W	34	926.6	263.09	233.0	16.85	246.24	1.0	0.3251	-229.38
YGR113W	23	718.7	295.52	327.0	10.65	284.87	1.0	0.4573	-274.22
YGR116W	532	735.1	158.34	169.5	2.35	156.0	0.9887	0.2905	-153.65
YGR117C	121	957.2	237.84	248.0	2.98	234.86	1.0	0.2912	-231.88
YGR118W	13141	577.8	256.25	251.0	53.44	202.81	0.9997	0.4487	-149.36
YGR119C	241	737.9	135.65	140.0	9.73	125.92	0.9959	0.2481	-116.19
YGR120C	122	581.0	202.16	210.5	13.43	188.74	1.0	0.3957	-175.31
YGR121C	154	694.4	180.1	174.5	6.94	173.16	0.9935	0.3437	-166.23
YGR121W-A	20	374.1	185.85	167.5	95.5	90.35	1.0	0.4666	5.15
YGR122W	53	962.2	333.19	328.0	70.25	262.94	1.0	0.3728	-192.7
YGR123C	190	957.7	196.44	204.5	8.51	187.93	1.0	0.2857	-179.42
YGR124W	928	895.1	180.6	188.0	5.3	175.3	0.9968	0.2818	-170.0
YGR125W	245	868.4	185.98	196.0	7.15	178.84	1.0	0.3135	-171.69
YGR126W	7	686.0	342.57	213.0	47.0	295.57	1.0	0.4563	-248.57
YGR127W	33	681.4	250.03	204.0	130.24	119.79	1.0	0.3184	10.45
YGR128C	239	896.4	140.19	131.0	4.64	135.55	0.9958	0.2407	-130.92
YGR129W	38	623.8	206.61	231.0	5.42	201.18	1.0	0.3354	-195.76
YGR130C	106	699.3	222.39	203.5	15.56	206.83	1.0	0.3755	-191.27
YGR131W	118	593.7	182.73	179.0	43.85	138.88	1.0	0.3165	-95.03
YGR132C	561	842.4	268.42	265.0	17.4	251.02	1.0	0.3525	-233.62
YGR133W	33	597.9	253.18	265.0	6.67	246.52	1.0	0.4419	-239.85
YGR134W	43	713.5	146.12	138.0	15.35	130.77	1.0	0.2554	-115.42
YGR135W	644	719.7	143.87	147.5	28.0	115.86	0.9969	0.2193	-87.86
YGR136W	231	920.5	293.12	274.0	4.92	288.2	1.0	0.3192	-283.29
YGR137W	192	435.1	201.24	203.0	15.38	185.86	1.0	0.4675	-170.49
YGR138C	432	784.8	182.93	176.0	13.53	169.4	0.9954	0.3245	-155.87
YGR139W	29	439.6	243.79	105.0	187.79	56.0	1.0	0.3972	131.79
YGR140W	45	659.0	131.36	118.0	31.8	99.56	1.0	0.2805	-67.76
YGR141W	98	683.5	130.88	97.5	4.56	126.32	0.9898	0.236	-121.76
YGR142W	3058	504.4	130.92	107.0	3.94	126.98	0.998	0.2939	-123.05
YGR143W	71	1120.6	420.45	435.0	15.73	404.72	0.9859	0.4368	-388.99
YGR144W	8	601.8	168.5	152.5	5.12	163.38	1.0	0.3653	-158.25
YGR145W	61	536.9	131.77	114.0	3.51	128.26	1.0	0.3171	-124.75
YGR146C	252	712.1	317.99	271.0	98.04	219.95	1.0	0.4659	-121.92
YGR147C	162	558.5	131.35	121.0	11.24	120.1	1.0	0.2675	-108.86
YGR148C	3761	526.8	159.9	157.0	13.25	146.65	1.0	0.3153	-133.41
YGR149W	107	790.8	196.47	202.0	16.97	179.5	1.0	0.3041	-162.52
YGR150C	94	1008.5	137.6	133.5	7.26	130.34	1.0	0.1953	-123.09
YGR151C	48	319.7	116.56	122.5	2.58	113.98	1.0	0.3687	-111.4
YGR152C	82	695.1	155.38	153.0	24.1	131.28	1.0	0.227	-107.18
YGR153W	66	463.6	143.89	125.0	15.11	128.79	1.0	0.3149	-113.68
YGR154C	62	689.0	165.6	149.0	43.58	122.02	1.0	0.2395	-78.44
YGR155W	1573	834.1	184.09	194.0	8.45	175.65	0.9987	0.3065	-167.2
YGR156W	97	606.8	126.67	114.0	16.18	110.49	0.9897	0.2521	-94.32
YGR157W	595	971.4	140.9	133.0	16.4	124.5	0.9983	0.205	-108.1
YGR158C	90	660.2	267.26	264.0	14.26	253.0	1.0	0.4683	-238.74
YGR159C	1304	704.0	189.92	193.0	6.85	183.08	0.9962	0.3366	-176.23
YGR160W	7	305.0	42.14	14.0	18.14	24.0	0.8571	0.1672	-5.86
YGR161C	426	761.9	266.13	282.5	26.49	239.64	1.0	0.3854	-213.16
YGR161C-C	7	631.3	178.0	165.0	8.86	169.14	1.0	0.2888	-160.29
YGR161C-D	896	911.1	320.89	330.0	4.44	316.45	0.9955	0.3969	-312.01
YGR161W-A	29	464.7	89.31	89.0	12.07	77.24	1.0	0.2054	-65.17
YGR161W-B	1282	969.1	331.01	333.0	3.75	327.25	0.9953	0.4137	-323.5
YGR161W-C	197	554.3	314.73	309.0	30.67	284.06	1.0	0.5681	-253.39
YGR162W	671	1039.0	439.3	445.0	2.22	437.08	0.9985	0.4994	-434.85
YGR163W	64	797.4	138.84	138.5	15.75	123.09	1.0	0.2063	-107.34
YGR164W	81	248.6	114.58	120.0	17.88	96.7	1.0	0.4401	-78.83
YGR165W	83	698.3	197.78	201.0	8.88	188.9	1.0	0.3494	-180.02
YGR166W	135	747.0	109.89	96.0	11.67	98.22	1.0	0.1956	-86.56
YGR167W	335	598.4	212.29	206.0	12.17	200.13	1.0	0.4055	-187.96
YGR168C	155	708.6	122.03	126.0	8.89	113.14	1.0	0.2031	-104.25
YGR169C	30	579.8	120.47	99.0	1.2	119.27	0.9667	0.3018	-118.07
YGR169C-A	186	610.0	426.53	418.0	14.8	411.73	1.0	0.705	-396.94
YGR170W	74	721.8	270.04	281.0	2.62	267.42	0.9865	0.4486	-264.8
YGR171C	36	621.9	167.39	132.5	28.92	138.47	1.0	0.3539	-109.56
YGR172C	200	652.7	183.74	195.5	9.55	174.18	1.0	0.3222	-164.64
YGR173W	136	745.7	178.8	204.5	7.82	170.99	1.0	0.2855	-163.17
YGR174C	58	471.7	172.67	152.5	5.29	167.38	0.9138	0.3692	-162.09
YGR174W-A	37	359.4	275.14	282.0	120.92	154.22	1.0	0.7599	-33.3
YGR175C	987	955.4	222.76	229.0	14.33	208.43	1.0	0.2967	-194.1
YGR176W	26	419.3	163.04	166.0	17.38	145.65	1.0	0.3962	-128.27
YGR177C	57	801.9	159.72	126.0	24.47	135.25	0.9825	0.207	-110.77
YGR178C	234	861.6	163.04	145.0	14.38	148.66	0.9915	0.2554	-134.28
YGR179C	25	619.8	114.32	99.0	4.72	109.6	1.0	0.2155	-104.88
YGR180C	1411	804.7	193.5	189.0	34.55	158.95	0.9993	0.2932	-124.4
YGR181W	156	543.8	251.0	250.0	29.28	221.72	1.0	0.4573	-192.44
YGR182C	1169	486.0	283.32	333.0	236.16	47.16	0.9983	0.5337	189.0
YGR183C	532	563.2	363.54	377.5	22.78	340.77	1.0	0.6305	-317.99
YGR184C	107	956.9	119.02	90.0	16.69	102.33	1.0	0.1886	-85.64
YGR185C	769	825.3	124.05	114.0	9.18	114.87	0.9961	0.2033	-105.69
YGR186W	243	605.0	118.36	126.0	1.96	116.4	1.0	0.2277	-114.44
YGR187C	80	607.3	117.19	126.0	10.01	107.18	0.95	0.2673	-97.16
YGR188C	42	504.9	128.38	139.0	11.02	117.36	1.0	0.2861	-106.33
YGR189C	832	744.0	152.36	154.0	10.4	141.96	0.9976	0.2951	-131.56
YGR191W	191	836.2	242.26	235.0	20.49	221.77	1.0	0.3797	-201.28
YGR192C	33684	725.5	154.55	162.0	10.11	144.44	0.9982	0.2712	-134.33
YGR193C	189	705.5	160.15	161.0	17.11	143.04	0.9947	0.2971	-125.93
YGR194C	36	688.4	135.47	120.0	1.64	133.83	1.0	0.2484	-132.19
YGR195W	122	660.7	160.75	155.5	38.18	122.57	1.0	0.2571	-84.39
YGR196C	64	533.7	142.27	126.5	5.88	136.39	1.0	0.3096	-130.52
YGR197C	86	649.1	119.15	135.5	5.12	114.03	1.0	0.2518	-108.92
YGR198W	183	790.4	137.91	122.0	5.66	132.25	1.0	0.2562	-126.6
YGR199W	107	851.4	126.29	101.0	6.59	119.7	0.9907	0.2002	-113.11
YGR200C	201	716.9	116.65	106.0	11.64	105.01	0.995	0.2387	-93.38
YGR201C	59	568.5	102.92	86.0	2.22	100.69	1.0	0.2004	-98.47
YGR202C	118	889.6	172.47	136.5	7.28	165.19	0.9915	0.2427	-157.91
YGR203W	68	586.0	268.94	265.0	16.71	252.24	1.0	0.4893	-235.53
YGR204W	579	854.0	127.85	120.0	3.62	124.23	0.9931	0.2346	-120.61
YGR205W	40	745.0	190.88	200.0	52.3	138.57	1.0	0.284	-86.28
YGR206W	202	410.0	132.13	112.5	14.63	117.5	0.995	0.3177	-102.87
YGR207C	197	681.9	162.36	147.0	9.21	153.15	1.0	0.2765	-143.93
YGR208W	159	736.6	124.05	120.0	15.19	108.86	1.0	0.1933	-93.66
YGR209C	2191	447.8	158.76	157.0	36.0	122.77	1.0	0.3525	-86.77
YGR210C	235	663.5	142.69	122.0	6.03	136.66	1.0	0.2682	-130.63
YGR211W	1194	977.2	229.43	211.0	9.97	219.46	0.995	0.3104	-209.48
YGR212W	42	538.2	141.81	132.0	61.02	80.79	1.0	0.2922	-19.76
YGR213C	62	713.0	219.94	189.0	26.73	193.21	1.0	0.3337	-166.48
YGR214W	2061	608.6	166.11	159.0	39.7	126.42	0.9985	0.2985	-86.72
YGR215W	193	468.4	177.28	169.0	30.49	146.79	1.0	0.3797	-116.3
YGR216C	103	886.9	140.35	140.0	7.51	132.83	1.0	0.2147	-125.32
YGR217W	46	750.9	87.04	74.0	2.46	84.59	1.0	0.1783	-82.13
YGR218W	321	923.5	238.47	216.0	9.12	229.35	0.9969	0.3728	-220.22
YGR219W	90	313.7	89.32	79.5	7.12	82.2	1.0	0.2873	-75.08
YGR220C	142	748.9	129.41	137.5	3.74	125.67	1.0	0.1769	-121.93
YGR221C	51	647.7	82.47	85.0	12.96	69.51	1.0	0.1535	-56.55
YGR222W	131	722.3	132.59	101.0	15.65	116.94	1.0	0.2022	-101.29
YGR223C	52	679.4	103.96	86.5	8.06	95.9	1.0	0.1878	-87.85
YGR224W	15	972.8	244.0	207.0	27.93	216.07	1.0	0.3174	-188.13
YGR225W	5	730.2	154.2	179.0	19.6	134.6	0.8	0.2761	-115.0
YGR227C-A	7	292.0	165.14	191.0	45.71	119.43	1.0	0.537	-73.71
YGR227W	55	743.3	156.02	147.0	11.31	144.71	1.0	0.265	-133.4
YGR228W	121	408.0	211.02	190.0	1.19	209.83	1.0	0.5278	-208.64
YGR229C	100	1138.4	275.22	253.5	56.8	218.42	0.98	0.2528	-161.62
YGR230W	107	537.3	213.66	211.0	50.17	163.5	1.0	0.3973	-113.33
YGR231C	249	678.0	243.61	243.0	9.55	234.06	1.0	0.4154	-224.51
YGR232W	218	623.8	100.76	83.5	14.33	86.42	1.0	0.1751	-72.09
YGR233C	245	798.8	109.71	112.0	6.57	103.13	0.9878	0.208	-96.56
YGR234W	5036	1002.9	315.17	327.0	6.11	309.06	0.9982	0.3833	-302.94
YGR235C	199	688.6	167.53	158.0	17.81	149.72	1.0	0.2747	-131.91
YGR236C	7	589.4	334.57	318.0	89.14	245.43	1.0	0.5608	-156.29
YGR237C	82	837.9	209.01	190.5	4.82	204.2	1.0	0.3422	-199.38
YGR238C	40	737.6	135.28	132.5	6.95	128.32	1.0	0.2588	-121.38
YGR239C	110	429.5	152.99	117.5	2.79	150.2	1.0	0.3645	-147.41
YGR240C	899	1062.6	255.6	245.0	10.83	244.78	0.9933	0.3584	-233.95
YGR240C-A	107	454.1	267.43	277.0	196.53	70.9	1.0	0.5597	125.64
YGR241C	78	827.8	139.9	139.0	16.65	123.24	1.0	0.2255	-106.59
YGR243W	120	596.2	208.36	205.5	47.19	161.17	1.0	0.3546	-113.98
YGR244C	196	786.3	155.33	152.0	19.92	135.41	0.9949	0.2527	-115.48
YGR245C	199	501.9	145.84	141.0	1.49	144.35	1.0	0.3319	-142.86
YGR246C	59	676.5	201.69	177.0	3.0	198.69	0.9831	0.3677	-195.69
YGR247W	24	552.7	127.54	135.0	31.08	96.46	0.9583	0.2612	-65.38
YGR248W	41	758.3	176.66	175.0	9.49	167.17	1.0	0.256	-157.68
YGR249W	23	1004.8	505.61	531.0	13.74	491.87	1.0	0.5159	-478.13
YGR250C	561	1029.6	160.4	168.0	15.99	144.41	0.9964	0.2193	-128.41
YGR251W	52	700.7	452.85	505.5	8.96	443.88	1.0	0.6331	-434.92
YGR252W	110	871.4	243.25	260.0	7.93	235.32	1.0	0.3335	-227.39
YGR253C	430	676.8	128.03	120.5	13.38	114.65	0.9977	0.2147	-101.27
YGR254W	5037	822.7	186.94	174.0	7.29	179.65	0.9976	0.3084	-172.36
YGR255C	97	741.3	130.05	133.0	18.14	111.91	1.0	0.2395	-93.76
YGR256W	22	688.0	176.32	184.0	12.27	164.05	1.0	0.3241	-151.77
YGR257C	140	697.4	129.04	125.5	20.42	108.61	1.0	0.2156	-88.19
YGR258C	90	768.3	91.91	70.5	3.41	88.5	1.0	0.1787	-85.09
YGR260W	308	958.1	181.07	185.0	19.37	161.7	0.9968	0.2551	-142.33
YGR261C	143	800.7	141.88	132.0	3.17	138.71	0.986	0.2542	-135.55
YGR262C	59	662.6	138.81	121.0	19.69	119.12	0.9831	0.2299	-99.42
YGR263C	46	591.1	124.43	116.5	1.67	122.76	1.0	0.2525	-121.09
YGR264C	813	956.3	213.57	203.0	6.8	206.77	0.9963	0.318	-199.97
YGR266W	84	935.8	248.44	243.0	16.51	231.93	1.0	0.3754	-215.42
YGR267C	638	655.2	171.33	157.0	46.7	124.63	0.9984	0.2691	-77.93
YGR268C	60	657.2	244.42	250.5	18.78	225.63	1.0	0.3978	-206.85
YGR270W	119	645.4	123.18	112.0	2.92	120.26	1.0	0.2649	-117.34
YGR271C-A	335	675.5	131.21	117.0	12.57	118.64	0.994	0.2109	-106.07
YGR271W	115	753.7	143.21	141.0	2.69	140.52	0.9913	0.2559	-137.83
YGR274C	68	665.9	132.29	107.0	2.25	130.04	1.0	0.2542	-127.79
YGR275W	119	510.7	122.3	106.0	9.58	112.72	1.0	0.2512	-103.14
YGR276C	132	909.3	104.45	86.0	3.61	100.84	0.9848	0.1555	-97.23
YGR277C	55	761.3	107.27	100.0	18.2	89.07	0.9636	0.154	-70.87
YGR278W	29	797.0	109.55	101.0	10.86	98.69	0.931	0.2147	-87.83
YGR279C	646	853.5	282.61	299.0	18.32	264.28	0.9985	0.3913	-245.96
YGR280C	32	503.3	244.41	222.5	1.5	242.91	1.0	0.5115	-241.41
YGR281W	234	800.4	189.44	190.5	4.55	184.89	1.0	0.318	-180.34
YGR282C	2139	825.7	268.81	269.0	9.15	259.66	0.9986	0.3835	-250.5
YGR283C	216	566.8	92.47	86.0	5.77	86.7	1.0	0.1755	-80.93
YGR284C	631	877.7	235.89	241.0	11.44	224.45	0.9984	0.314	-213.02
YGR285C	536	648.1	111.52	88.0	2.45	109.08	0.9981	0.2263	-106.63
YGR286C	223	783.2	175.72	165.0	13.15	162.57	0.991	0.2691	-149.42
YGR287C	21	851.0	195.81	182.0	14.38	181.43	1.0	0.3409	-167.05
YGR288W	25	886.8	377.8	488.0	6.08	371.72	1.0	0.4447	-365.64
YGR289C	28	777.2	183.07	159.5	16.11	166.96	1.0	0.3137	-150.86
YGR292W	21	473.1	152.43	142.0	23.9	128.52	1.0	0.3574	-104.62
YGR295C	261	578.2	108.2	91.0	1.79	106.41	0.9962	0.2332	-104.62
YGR296W	82	609.5	120.35	93.0	10.79	109.56	0.9878	0.2451	-98.77
YHL001W	3138	459.4	218.51	229.0	77.5	141.01	1.0	0.4677	-63.52
YHL002W	82	784.5	104.89	115.5	3.57	101.32	1.0	0.1701	-97.74
YHL003C	354	974.0	295.87	301.0	35.42	260.45	0.9944	0.3611	-225.04
YHL004W	59	798.8	157.8	165.0	16.08	141.71	0.9831	0.2495	-125.63
YHL006C	21	556.5	268.9	287.0	10.71	258.19	1.0	0.4898	-247.48
YHL006W-A	5	333.0	198.6	182.0	134.4	64.2	1.0	0.565	70.2
YHL007C	70	834.8	195.06	201.0	2.96	192.1	1.0	0.3301	-189.14
YHL008C	9	606.7	237.11	245.0	2.44	234.67	1.0	0.4153	-232.22
YHL009C	35	786.9	286.14	252.0	20.57	265.57	1.0	0.3982	-245.0
YHL009W-B	21	1249.2	334.86	422.0	1.81	333.05	1.0	0.2769	-331.24
YHL010C	15	728.3	171.33	108.0	4.07	167.27	1.0	0.259	-163.2
YHL011C	623	772.1	221.16	217.0	21.73	199.43	1.0	0.3339	-177.7
YHL012W	22	712.0	205.32	127.5	79.14	126.18	1.0	0.2736	-47.05
YHL013C	115	664.2	145.57	138.0	2.4	143.17	0.9913	0.2688	-140.77
YHL014C	59	722.8	117.86	128.0	7.41	110.46	1.0	0.202	-103.05
YHL015W	17625	650.6	326.93	315.0	14.1	312.83	1.0	0.5057	-298.73
YHL016C	18	577.2	125.22	118.0	3.28	121.94	1.0	0.2797	-118.67
YHL017W	65	857.9	148.28	122.0	26.85	121.43	0.9846	0.2178	-94.58
YHL019C	14	1149.3	138.43	139.5	3.79	134.64	1.0	0.1286	-130.86
YHL019W-A	19	443.2	119.53	141.0	0.79	118.74	1.0	0.2826	-117.95
YHL020C	46	733.5	158.33	178.5	12.87	145.46	1.0	0.2623	-132.59
YHL021C	318	865.7	141.77	147.0	14.97	126.81	0.9969	0.2189	-111.84
YHL022C	31	566.7	145.48	130.0	10.9	134.58	0.9677	0.277	-123.68
YHL023C	77	533.3	80.14	87.0	2.0	78.14	0.987	0.1854	-76.14
YHL024W	45	552.9	117.33	109.0	20.07	97.27	1.0	0.2503	-77.2
YHL025W	102	613.7	139.46	123.0	6.16	133.3	1.0	0.2884	-127.15
YHL026C	10	593.2	147.4	134.0	9.3	138.1	1.0	0.2712	-128.8
YHL027W	107	693.7	240.24	225.0	5.09	235.15	1.0	0.4278	-230.06
YHL028W	12	560.6	101.92	85.5	14.92	87.0	1.0	0.2187	-72.08
YHL029C	118	885.0	147.42	138.5	2.85	144.57	1.0	0.2203	-141.72
YHL030W	174	894.4	133.8	120.5	7.72	126.08	1.0	0.2092	-118.36
YHL031C	123	520.3	108.46	100.0	6.98	101.48	1.0	0.2433	-94.5
YHL032C	51	693.4	111.61	120.0	4.04	107.57	1.0	0.2375	-103.53
YHL033C	1550	715.7	187.65	132.5	4.47	183.18	0.9987	0.2701	-178.71
YHL034C	241	663.5	173.03	159.0	10.83	162.21	1.0	0.258	-151.38
YHL034W-A	252	412.5	171.31	146.0	1.85	169.47	1.0	0.4407	-167.62
YHL035C	51	635.2	138.06	151.0	11.63	126.43	1.0	0.2837	-114.8
YHL036W	44	591.2	108.07	100.0	13.91	94.16	1.0	0.2678	-80.25
YHL038C	77	681.0	153.96	143.0	2.87	151.09	0.987	0.3011	-148.22
YHL039W	231	674.2	98.19	76.0	4.94	93.24	0.9957	0.1911	-88.3
YHL040C	19	820.5	292.84	308.0	51.42	241.42	1.0	0.4371	-190.0
YHL042W	20	658.8	350.45	326.0	56.1	294.35	1.0	0.5214	-238.25
YHL043W	22	601.5	278.32	255.0	89.86	188.45	1.0	0.4621	-98.59
YHL044W	17	787.5	275.29	290.0	4.53	270.76	1.0	0.3696	-266.24
YHL047C	23	1035.1	322.13	229.0	89.52	232.61	1.0	0.3767	-143.09
YHL048C-A	19	581.1	456.58	435.0	334.84	121.74	1.0	0.7692	213.11
YHL048W	148	784.4	154.22	151.0	10.11	144.11	1.0	0.2478	-133.99
YHL050C	62	527.0	95.55	84.5	1.81	93.74	1.0	0.199	-91.94
YHR001W	121	682.3	150.01	148.0	6.89	143.12	0.9917	0.275	-136.22
YHR001W-A	501	500.4	283.77	285.0	42.77	241.0	0.998	0.563	-198.23
YHR002W	37	715.4	196.3	183.0	33.59	162.7	1.0	0.3113	-129.11
YHR003C	209	689.3	140.46	127.0	3.21	137.25	0.9952	0.27	-134.05
YHR004C	82	1011.9	290.82	297.0	19.78	271.04	1.0	0.3585	-251.26
YHR005C	170	723.7	138.05	116.0	4.26	133.78	1.0	0.2373	-129.52
YHR005C-A	2326	463.9	205.06	204.0	17.84	187.22	1.0	0.44	-169.37
YHR006W	180	626.3	171.14	167.5	3.06	168.09	0.9944	0.335	-165.03
YHR007C	1142	1082.0	309.76	308.0	27.81	281.95	0.9991	0.3727	-254.14
YHR007C-A	6	662.3	485.83	564.0	241.17	244.67	1.0	0.7087	-3.5
YHR008C	273	704.6	196.16	191.0	20.96	175.2	1.0	0.2996	-154.25
YHR009C	137	777.3	199.26	184.0	25.55	173.72	0.9927	0.3403	-148.17
YHR010W	17472	533.2	192.88	186.0	35.38	157.5	0.9999	0.3668	-122.12
YHR011W	27	592.2	125.63	99.0	23.81	101.81	1.0	0.2696	-78.0
YHR012W	174	765.6	289.33	310.5	24.33	264.99	0.9943	0.4107	-240.66
YHR013C	215	579.1	129.78	124.0	9.07	120.72	0.9953	0.2466	-111.65
YHR015W	26	841.8	131.96	130.5	2.69	129.27	1.0	0.2086	-126.58
YHR016C	71	633.1	194.07	191.0	12.69	181.38	1.0	0.3687	-168.69
YHR017W	106	612.7	136.7	105.5	35.41	101.29	1.0	0.2395	-65.89
YHR018C	1098	770.0	201.6	193.5	7.04	194.56	0.9982	0.3369	-187.52
YHR019C	908	816.2	140.25	142.0	5.31	134.94	0.9945	0.2511	-129.63
YHR020W	995	863.4	132.53	131.0	8.91	123.62	1.0	0.2187	-114.71
YHR021C	14253	385.7	152.84	158.0	26.73	126.1	0.9999	0.3912	-99.37
YHR021W-A	6	451.3	135.33	102.5	66.67	68.67	1.0	0.3132	-2.0
YHR022C	5	822.0	350.8	405.0	64.8	286.0	1.0	0.4189	-221.2
YHR022C-A	5	432.2	349.2	323.0	203.2	146.0	1.0	0.8054	57.2
YHR023W	106	694.9	121.97	112.0	2.94	119.03	0.9811	0.2212	-116.08
YHR024C	77	671.7	254.1	265.0	3.88	250.22	1.0	0.4642	-246.34
YHR025W	568	749.8	135.19	141.0	8.46	126.74	0.9982	0.2393	-118.28
YHR026W	349	771.9	285.06	292.0	60.19	224.87	1.0	0.3921	-164.67
YHR027C	440	756.1	164.38	154.5	3.37	161.01	0.9955	0.2713	-157.65
YHR028C	291	846.9	131.0	111.0	3.23	127.77	1.0	0.2328	-124.54
YHR028W-A	16	248.9	136.94	150.0	88.38	48.56	1.0	0.5625	39.81
YHR029C	355	709.1	116.22	94.0	4.98	111.23	1.0	0.2008	-106.25
YHR030C	326	908.9	158.65	158.0	10.63	148.02	0.9939	0.2349	-137.38
YHR031C	48	590.6	129.65	123.0	12.54	117.1	1.0	0.2867	-104.56
YHR032C-A	5	296.4	188.0	182.0	41.4	146.6	1.0	0.629	-105.2
YHR032W	53	1153.7	439.15	457.0	6.7	432.45	1.0	0.4419	-425.75
YHR032W-A	55	483.3	315.29	332.0	145.56	169.73	1.0	0.6417	-24.16
YHR033W	9	895.7	229.11	196.0	61.56	167.56	1.0	0.3113	-106.0
YHR034C	26	518.2	82.12	95.5	5.31	76.81	1.0	0.1859	-71.5
YHR035W	33	857.8	194.33	238.0	16.73	177.61	1.0	0.2726	-160.88
YHR036W	31	742.6	176.16	202.0	9.13	167.03	1.0	0.2618	-157.9
YHR037W	159	802.3	204.01	197.0	4.96	199.04	1.0	0.3627	-194.08
YHR038W	64	535.2	135.41	120.5	8.48	126.92	1.0	0.2959	-118.44
YHR039C	480	788.7	157.76	166.0	5.38	152.38	0.9979	0.2621	-147.0
YHR039C-A	1265	409.9	130.22	119.0	7.16	123.06	1.0	0.3242	-115.9
YHR040W	14	624.1	126.43	105.0	2.14	124.29	1.0	0.2817	-122.14
YHR041C	54	606.5	157.61	155.5	9.76	147.85	1.0	0.2771	-138.09
YHR042W	500	727.5	185.08	189.5	4.27	180.81	0.998	0.3464	-176.54
YHR043C	108	698.1	163.42	162.0	32.82	130.59	1.0	0.2485	-97.77
YHR044C	40	692.3	223.9	177.0	43.18	180.72	1.0	0.3508	-137.55
YHR045W	112	1037.6	139.06	122.5	32.21	106.86	0.9911	0.1624	-74.65
YHR046C	80	788.2	220.96	229.5	17.88	203.09	1.0	0.3211	-185.21
YHR047C	300	875.4	175.4	158.0	3.63	171.76	1.0	0.3006	-168.13
YHR048W	21	649.2	178.1	203.0	5.43	172.67	1.0	0.32	-167.24
YHR049C-A	88	215.0	128.12	119.0	90.78	37.34	1.0	0.5686	53.44
YHR049W	595	711.7	178.94	166.0	15.03	163.91	0.9983	0.2866	-148.88
YHR050W	102	875.6	122.65	114.5	23.97	98.68	1.0	0.1892	-74.71
YHR051W	913	713.1	340.53	306.0	68.24	272.29	1.0	0.4673	-204.06
YHR052C-B	58	393.2	256.09	251.5	32.83	223.26	1.0	0.6489	-190.43
YHR052W	574	820.9	169.97	155.0	7.53	162.44	1.0	0.2641	-154.91
YHR052W-A	23405	442.0	258.06	262.0	55.92	202.14	1.0	0.5808	-146.23
YHR053C	3100	450.0	268.05	278.0	46.05	222.0	1.0	0.5889	-175.95
YHR054C	295	672.6	165.02	151.0	18.05	146.97	1.0	0.2972	-128.93
YHR054C-B	40	372.0	230.75	243.0	24.12	206.62	0.975	0.6087	-182.5
YHR054W-A	23689	442.2	258.04	261.0	56.17	201.87	1.0	0.5804	-145.7
YHR055C	3084	450.9	268.83	277.0	45.62	223.21	1.0	0.5901	-177.59
YHR056C	376	751.1	179.65	153.0	31.99	147.65	0.9947	0.2854	-115.66
YHR057C	101	551.6	135.44	140.0	10.26	125.18	1.0	0.2669	-114.92
YHR058C	29	734.4	163.93	124.0	4.24	159.69	1.0	0.2238	-155.45
YHR059W	82	478.7	164.23	171.0	23.04	141.2	1.0	0.357	-118.16
YHR060W	219	510.4	113.68	90.0	4.68	109.0	0.9954	0.2346	-104.32
YHR061C	25	805.8	307.6	307.0	22.08	285.52	1.0	0.4519	-263.44
YHR062C	84	654.6	136.14	135.0	4.56	131.58	1.0	0.2624	-127.02
YHR063C	562	859.1	135.67	135.5	10.25	125.42	1.0	0.1974	-115.17
YHR063W-A	484	321.5	74.35	59.5	12.63	61.72	0.9979	0.2194	-49.09
YHR064C	1004	1060.4	154.36	153.5	8.63	145.73	0.998	0.1732	-137.1
YHR065C	66	811.8	141.77	127.0	6.3	135.47	0.9848	0.2455	-129.17
YHR066W	45	638.8	159.13	159.0	7.02	152.11	1.0	0.3319	-145.09
YHR067W	37	869.6	306.41	342.0	11.08	295.32	1.0	0.36	-284.24
YHR068W	498	898.0	192.57	191.0	16.61	175.96	0.994	0.2758	-159.35
YHR069C	172	763.2	209.43	213.0	3.26	206.17	1.0	0.3468	-202.92
YHR070C-A	33	496.4	250.42	251.0	4.27	246.15	1.0	0.5173	-241.88
YHR070W	24	1325.6	363.88	353.5	11.12	352.75	1.0	0.2789	-341.62
YHR071C-A	14	389.7	90.86	81.5	35.21	55.64	1.0	0.2162	-20.43
YHR071W	372	692.3	215.86	141.0	125.92	89.94	0.9973	0.2963	35.98
YHR072W	260	733.4	155.83	166.5	6.49	149.34	0.9885	0.3173	-142.85
YHR072W-A	2929	390.6	223.95	213.0	32.67	191.29	1.0	0.57	-158.62
YHR073W	106	806.9	182.57	176.5	7.58	174.98	1.0	0.2985	-167.4
YHR074W	252	876.2	172.24	172.5	5.94	166.3	0.996	0.291	-160.35
YHR075C	37	498.5	99.35	79.0	4.32	95.03	0.973	0.2361	-90.7
YHR076W	164	681.1	189.38	187.0	16.17	173.21	1.0	0.3485	-157.04
YHR077C	117	501.9	131.8	114.0	2.31	129.5	1.0	0.2944	-127.19
YHR078W	85	758.7	147.49	136.0	14.86	132.64	0.9765	0.2524	-117.78
YHR079C	60	966.2	232.45	234.0	5.7	226.75	1.0	0.3363	-221.05
YHR080C	64	739.3	125.95	129.5	3.56	122.39	1.0	0.2503	-118.83
YHR081W	153	606.5	190.74	191.0	10.43	180.31	1.0	0.3381	-169.88
YHR082C	256	972.7	258.69	266.5	9.12	249.57	0.9844	0.4014	-240.46
YHR083W	109	654.3	130.09	111.0	9.77	120.32	1.0	0.2471	-110.55
YHR084W	62	949.3	333.35	335.0	38.35	295.0	1.0	0.442	-256.65
YHR085W	75	671.4	111.8	107.0	6.63	105.17	0.9867	0.2019	-98.55
YHR086W	56	995.9	293.38	268.0	38.2	255.18	1.0	0.3694	-216.98
YHR087W	345	524.3	251.16	253.0	38.9	212.26	1.0	0.4818	-173.36
YHR088W	177	627.7	135.68	115.0	1.88	133.8	1.0	0.2576	-131.92
YHR089C	345	582.9	218.12	208.0	12.31	205.81	0.9971	0.4097	-193.5
YHR090C	37	743.5	297.49	315.0	4.97	292.51	1.0	0.4561	-287.54
YHR091C	52	773.3	164.15	163.5	3.63	160.52	1.0	0.2993	-156.88
YHR092C	1057	878.3	155.61	143.0	16.91	138.7	0.9962	0.2526	-121.8
YHR094C	165	720.0	152.1	166.0	5.6	146.5	0.9939	0.308	-140.9
YHR096C	21	564.4	193.81	223.0	9.38	184.43	1.0	0.3949	-175.05
YHR097C	144	787.6	160.82	149.5	15.11	145.71	1.0	0.2623	-130.6
YHR098C	259	794.1	188.31	208.0	2.6	185.71	0.9923	0.3422	-183.11
YHR099W	143	809.5	117.15	113.0	4.29	112.86	1.0	0.2313	-108.57
YHR100C	99	518.6	133.85	120.0	15.75	118.1	1.0	0.264	-102.35
YHR101C	33	618.8	173.21	177.0	11.58	161.64	1.0	0.2838	-150.06
YHR102W	61	654.3	122.54	125.0	12.69	109.85	1.0	0.2735	-97.16
YHR103W	200	846.9	203.19	190.0	7.19	196.0	1.0	0.3254	-188.81
YHR104W	223	813.7	192.64	193.0	16.26	176.38	1.0	0.2784	-160.11
YHR105W	5	733.0	290.0	222.0	34.8	255.2	1.0	0.4283	-220.4
YHR106W	77	731.7	201.25	166.0	26.52	174.73	1.0	0.3298	-148.21
YHR107C	250	679.9	192.69	183.0	6.72	185.97	0.992	0.3502	-179.24
YHR108W	249	931.9	164.96	172.0	5.1	159.87	0.996	0.2525	-154.77
YHR109W	26	605.1	166.12	111.0	3.73	162.38	0.9615	0.3138	-158.65
YHR110W	144	599.6	155.36	150.5	9.24	146.12	0.9931	0.2825	-136.89
YHR111W	89	655.9	108.03	106.0	16.83	91.2	1.0	0.2165	-74.37
YHR112C	95	794.0	242.93	232.0	21.03	221.89	0.9895	0.345	-200.86
YHR113W	169	882.9	158.6	150.0	1.65	156.95	1.0	0.2416	-155.3
YHR114W	46	849.1	166.15	141.5	22.15	144.0	1.0	0.2885	-121.85
YHR115C	119	677.0	156.6	162.0	18.86	137.74	1.0	0.2848	-118.88
YHR116W	12	504.1	285.92	253.0	46.92	239.0	1.0	0.5559	-192.08
YHR117W	137	770.8	154.8	158.0	2.66	152.14	1.0	0.2759	-149.48
YHR118C	59	702.8	124.58	130.0	29.27	95.31	1.0	0.2293	-66.03
YHR119W	70	791.7	166.86	149.0	5.73	161.13	1.0	0.3016	-155.4
YHR120W	74	768.2	117.27	96.5	2.97	114.3	0.973	0.2105	-111.32
YHR121W	476	641.7	165.47	159.0	36.9	128.57	1.0	0.2663	-91.67
YHR122W	174	636.3	217.9	220.0	11.73	206.17	1.0	0.3794	-194.44
YHR123W	96	765.2	192.21	185.5	14.16	178.05	1.0	0.347	-163.9
YHR124W	94	439.0	77.67	58.0	2.94	74.73	1.0	0.1953	-71.8
YHR127W	93	710.0	246.91	241.0	7.18	239.73	1.0	0.3853	-232.55
YHR128W	853	748.5	258.86	254.0	18.52	240.34	1.0	0.3745	-221.82
YHR129C	34	665.9	164.0	104.5	18.5	145.5	1.0	0.2799	-127.0
YHR130C	30	376.5	184.47	146.0	96.47	88.0	1.0	0.4557	8.47
YHR131C	13	674.6	202.0	232.0	20.77	181.23	1.0	0.3844	-160.46
YHR132C	148	829.6	159.47	162.0	4.83	154.64	1.0	0.238	-149.81
YHR132W-A	395	557.6	212.65	205.0	19.65	193.0	1.0	0.3853	-173.35
YHR133C	203	841.3	252.33	254.0	23.61	228.73	1.0	0.34	-205.12
YHR134W	55	587.6	137.24	131.0	2.73	134.51	1.0	0.2638	-131.78
YHR135C	204	729.0	157.91	155.0	17.71	140.2	1.0	0.2654	-122.5
YHR136C	751	440.1	129.39	107.0	2.12	127.27	0.9973	0.2953	-125.14
YHR137W	555	722.0	142.03	129.0	5.52	136.51	1.0	0.2665	-131.0
YHR138C	726	460.6	154.57	153.0	8.79	145.78	1.0	0.3357	-136.99
YHR139C	7	715.7	295.43	358.0	33.86	261.57	1.0	0.4551	-227.71
YHR139C-A	7	485.4	194.0	175.0	69.0	125.0	1.0	0.3814	-56.0
YHR140W	22	580.1	118.59	142.0	3.68	114.91	1.0	0.2331	-111.23
YHR141C	10482	441.1	146.86	143.0	16.07	130.79	0.9992	0.3304	-114.72
YHR142W	254	619.4	143.55	143.5	24.27	119.28	0.9921	0.263	-95.01
YHR143W	280	884.0	355.81	313.5	78.98	276.84	1.0	0.4418	-197.86
YHR143W-A	748	492.8	307.02	296.0	19.22	287.8	1.0	0.6238	-268.57
YHR144C	90	839.8	137.27	141.0	8.47	128.8	1.0	0.1962	-120.33
YHR145C	260	344.4	216.4	204.0	167.22	49.17	1.0	0.5805	118.05
YHR146W	162	809.0	270.65	275.0	5.44	265.2	1.0	0.4109	-259.76
YHR147C	192	682.6	183.04	166.0	16.18	166.85	1.0	0.2847	-150.67
YHR148W	212	751.6	375.78	383.0	8.08	367.7	1.0	0.5248	-359.61
YHR149C	82	759.1	170.15	168.5	4.83	165.32	0.9878	0.3123	-160.49
YHR150W	37	755.1	174.89	151.0	12.78	162.11	1.0	0.3175	-149.32
YHR151C	32	817.1	149.84	156.0	8.12	141.72	0.9688	0.2136	-133.59
YHR152W	146	488.6	164.68	160.0	20.38	144.3	1.0	0.3734	-123.92
YHR153C	16	591.8	169.25	158.5	8.56	160.69	1.0	0.2953	-152.12
YHR154W	146	747.8	125.25	135.0	2.96	122.29	1.0	0.2199	-119.33
YHR155W	50	933.5	126.88	100.0	18.04	108.84	1.0	0.1868	-90.8
YHR156C	166	536.1	120.81	99.0	30.67	90.14	1.0	0.2604	-59.46
YHR157W	26	599.3	360.65	344.5	272.04	88.62	1.0	0.5757	183.42
YHR158C	89	625.2	161.52	149.0	2.48	159.03	1.0	0.3183	-156.55
YHR159W	31	684.6	230.0	207.0	5.52	224.48	1.0	0.3941	-218.97
YHR160C	10	706.9	247.4	227.0	77.3	170.1	1.0	0.3736	-92.8
YHR161C	123	788.2	155.24	163.0	14.54	140.71	1.0	0.298	-126.17
YHR162W	3074	611.3	269.85	280.0	112.88	156.97	0.9997	0.4397	-44.09
YHR163W	298	711.4	172.71	174.0	4.61	168.1	0.9966	0.2842	-163.48
YHR164C	57	674.6	135.68	150.0	5.18	130.51	1.0	0.286	-125.33
YHR165C	205	772.6	108.18	101.0	2.24	105.93	0.9854	0.1979	-103.69
YHR166C	26	654.0	64.0	60.0	11.88	52.12	1.0	0.1243	-40.23
YHR167W	69	677.7	154.52	136.0	19.61	134.91	1.0	0.2508	-115.3
YHR168W	43	611.7	200.16	205.0	4.53	195.63	1.0	0.3928	-191.09
YHR169W	51	656.2	135.0	103.0	8.63	126.37	0.9804	0.2762	-117.75
YHR170W	322	847.8	162.08	162.5	7.84	154.24	0.9876	0.2734	-146.41
YHR171W	52	730.3	149.0	141.0	2.17	146.83	0.9808	0.2855	-144.65
YHR172W	41	597.2	140.07	72.0	7.71	132.37	1.0	0.1928	-124.66
YHR173C	15	372.3	151.93	123.0	40.73	111.2	1.0	0.3944	-70.47
YHR174W	26369	768.2	164.17	147.0	5.13	159.05	0.9977	0.3012	-153.92
YHR175W	60	723.4	292.45	272.5	20.65	271.8	1.0	0.4076	-251.15
YHR175W-A	10	324.5	209.6	242.0	154.5	55.1	1.0	0.6215	99.4
YHR176W	13	532.7	103.0	80.0	5.46	97.54	1.0	0.1882	-92.08
YHR177W	9	1402.1	740.11	828.0	73.67	666.44	1.0	0.5178	-592.78
YHR178W	31	589.4	176.52	180.0	1.29	175.23	1.0	0.3826	-173.94
YHR179W	1193	738.7	150.41	147.0	9.61	140.8	0.9992	0.2674	-131.19
YHR180W	42	468.5	187.9	176.0	14.07	173.83	1.0	0.3782	-159.76
YHR181W	190	553.1	142.75	142.0	11.41	131.34	1.0	0.3054	-119.93
YHR182C-A	11	343.7	80.27	51.0	37.91	42.36	1.0	0.2364	-4.45
YHR182W	26	698.1	121.35	83.0	2.04	119.31	1.0	0.2318	-117.27
YHR183W	1200	903.7	182.34	185.5	15.98	166.36	0.9975	0.2794	-150.38
YHR184W	43	619.5	181.4	178.0	1.84	179.56	1.0	0.3077	-177.72
YHR185C	8	341.9	137.25	136.5	0.75	136.5	1.0	0.4486	-135.75
YHR186C	56	683.8	115.34	105.5	2.2	113.14	1.0	0.2336	-110.95
YHR187W	86	648.4	143.31	122.5	9.44	133.87	1.0	0.2685	-124.43
YHR188C	158	689.6	126.08	126.5	3.52	122.56	1.0	0.2569	-119.04
YHR190W	715	812.9	150.5	144.0	11.18	139.32	0.9944	0.2418	-128.14
YHR191C	86	444.2	134.53	127.5	14.12	120.42	1.0	0.3115	-106.3
YHR192W	56	666.1	130.93	111.0	17.62	113.3	1.0	0.2385	-95.68
YHR193C	2492	503.9	109.89	96.0	8.6	101.29	1.0	0.2394	-92.69
YHR194W	29	695.8	133.24	126.0	19.07	114.17	1.0	0.2456	-95.1
YHR195W	98	704.3	234.92	222.5	25.2	209.71	1.0	0.3777	-184.51
YHR196W	298	934.9	97.98	88.0	9.02	88.96	0.9899	0.143	-79.94
YHR197W	49	815.5	131.98	122.0	2.78	129.2	1.0	0.2681	-126.43
YHR198C	87	669.9	163.01	144.0	4.71	158.3	1.0	0.293	-153.59
YHR199C	88	687.2	130.67	109.0	16.28	114.39	1.0	0.2261	-98.1
YHR200W	268	638.8	111.8	108.0	6.24	105.56	0.9963	0.2022	-99.32
YHR201C	262	778.5	115.25	94.5	6.63	108.62	1.0	0.1856	-101.98
YHR202W	23	542.3	194.83	141.0	2.22	192.61	1.0	0.3571	-190.39
YHR203C	4807	651.3	175.27	172.0	17.26	158.01	0.9981	0.314	-140.75
YHR204W	49	756.5	123.61	140.0	3.61	120.0	1.0	0.2415	-116.39
YHR205W	39	1184.9	223.74	201.0	35.31	188.44	1.0	0.2434	-153.13
YHR206W	70	1030.0	313.47	310.0	21.49	291.99	1.0	0.3629	-270.5
YHR207C	73	791.1	135.01	113.0	5.26	129.75	1.0	0.2391	-124.49
YHR208W	1968	899.6	182.69	179.0	7.81	174.88	0.998	0.2625	-167.06
YHR209W	278	597.1	122.18	106.5	7.32	114.86	1.0	0.2389	-107.55
YHR210C	34	837.6	255.06	201.5	66.68	188.38	1.0	0.3292	-121.71
YHR211W	67	656.2	182.12	141.0	48.04	134.07	0.9851	0.2691	-86.03
YHR213W-A	6	451.7	278.33	199.5	169.17	109.17	1.0	0.5217	60.0
YHR213W-B	6	769.8	504.5	517.0	231.33	273.17	1.0	0.5818	-41.83
YHR214C-B	1673	1197.7	314.93	333.0	3.35	311.58	0.9922	0.3181	-308.23
YHR214C-C	10	785.7	132.0	123.5	26.1	105.9	1.0	0.2151	-79.8
YHR214C-E	18	498.4	249.78	83.0	159.94	89.83	1.0	0.3948	70.11
YHR214W	8	1679.4	1205.88	1390.0	19.75	1186.12	1.0	0.6927	-1166.38
YHR214W-A	26	823.0	438.73	301.0	242.04	196.69	1.0	0.504	45.35
YHR215W	1222	683.2	115.55	127.0	7.98	107.57	0.9984	0.2283	-99.59
YHR216W	464	1004.0	232.2	250.0	16.83	215.37	0.9957	0.3189	-198.54
YHR219W	19	491.9	120.0	86.0	18.05	101.95	1.0	0.3075	-83.89
YIL001W	35	891.7	98.91	84.0	12.11	86.8	1.0	0.151	-74.69
YIL002C	38	647.4	116.74	116.0	12.89	103.84	1.0	0.2602	-90.95
YIL002W-A	336	334.4	138.79	123.0	8.73	130.06	1.0	0.4061	-121.34
YIL003W	69	707.6	127.51	112.0	16.96	110.55	1.0	0.2083	-93.59
YIL004C	146	542.8	175.66	179.0	16.57	159.1	1.0	0.3205	-142.53
YIL005W	116	812.8	197.1	197.0	9.74	187.36	1.0	0.3083	-177.62
YIL006W	8	943.5	273.5	284.0	44.0	229.5	1.0	0.2982	-185.5
YIL007C	78	674.1	197.4	189.5	16.58	180.82	1.0	0.3228	-164.24
YIL008W	579	474.3	203.16	197.0	38.06	165.1	1.0	0.426	-127.05
YIL009C-A	133	539.9	146.12	139.0	16.8	129.32	1.0	0.2924	-112.51
YIL009W	125	941.5	282.34	265.0	18.83	263.5	1.0	0.3849	-244.67
YIL010W	112	661.4	203.04	192.0	9.11	193.94	1.0	0.3313	-184.83
YIL011W	57	690.3	168.32	172.0	10.82	157.49	1.0	0.2794	-146.67
YIL013C	49	672.9	156.67	196.0	6.67	150.0	0.9592	0.2896	-143.33
YIL014C-A	24	539.6	262.46	258.0	39.21	223.25	1.0	0.4847	-184.04
YIL014W	192	909.9	166.35	166.5	22.48	143.87	1.0	0.2492	-121.39
YIL015W	24	539.7	181.46	148.5	2.17	179.29	1.0	0.3578	-177.12
YIL016W	104	445.3	107.53	79.5	9.76	97.77	1.0	0.254	-88.01
YIL017C	58	647.6	148.29	131.5	7.55	140.74	0.9828	0.264	-133.19
YIL018W	9372	693.5	139.72	142.0	10.37	129.35	0.9995	0.2271	-118.99
YIL019W	55	528.7	169.18	178.0	2.53	166.65	1.0	0.3832	-164.13
YIL020C	68	671.3	152.78	162.5	12.54	140.24	1.0	0.2546	-127.69
YIL020C-A	37	320.5	75.95	74.0	31.92	44.03	0.9459	0.2054	-12.11
YIL021W	80	813.2	191.11	190.0	18.71	172.4	1.0	0.2417	-153.69
YIL022W	119	632.2	257.53	250.0	3.92	253.61	1.0	0.4622	-249.68
YIL023C	128	730.8	172.81	152.5	18.16	154.65	1.0	0.2851	-136.48
YIL024C	12	586.8	163.25	130.0	34.83	128.42	1.0	0.2852	-93.58
YIL026C	75	911.4	170.08	177.0	5.51	164.57	1.0	0.2815	-159.07
YIL027C	551	528.4	152.66	143.0	24.08	128.58	1.0	0.2949	-104.49
YIL028W	15	1024.4	685.4	590.0	206.93	478.47	1.0	0.6137	-271.53
YIL029C	59	864.7	486.27	483.0	58.34	427.93	1.0	0.5673	-369.59
YIL030C	288	784.0	122.88	122.5	3.41	119.46	0.9931	0.2071	-116.05
YIL030W-A	11	309.5	47.45	27.0	34.18	13.27	1.0	0.1286	20.91
YIL031W	42	896.9	140.05	135.5	11.64	128.4	1.0	0.2118	-116.76
YIL033C	183	874.3	215.31	201.0	22.66	192.65	0.9945	0.3049	-169.99
YIL034C	289	586.8	110.45	88.0	4.78	105.67	1.0	0.2239	-100.9
YIL035C	199	903.0	238.07	208.0	31.17	206.89	1.0	0.2912	-175.72
YIL036W	181	827.0	191.01	181.0	15.7	175.31	1.0	0.2918	-159.61
YIL037C	20	603.6	84.55	84.5	4.2	80.35	1.0	0.1619	-76.15
YIL038C	164	759.5	197.35	207.5	8.13	189.22	0.9939	0.3289	-181.09
YIL039W	298	761.7	154.04	160.5	7.3	146.73	0.9966	0.2724	-139.43
YIL040W	506	502.0	142.62	157.0	5.56	137.06	0.998	0.2907	-131.51
YIL041W	296	801.8	136.78	122.5	5.28	131.51	0.9932	0.2008	-126.23
YIL042C	36	606.5	149.33	144.5	5.69	143.64	1.0	0.3068	-137.94
YIL043C	842	724.5	140.6	125.5	6.07	134.53	0.9988	0.2359	-128.45
YIL044C	90	680.9	179.03	179.5	6.01	173.02	1.0	0.3297	-167.01
YIL045W	95	616.7	174.71	149.0	5.24	169.46	1.0	0.3224	-164.22
YIL046W	56	738.2	154.0	162.5	5.71	148.29	0.9821	0.2891	-142.57
YIL047C	73	976.7	162.48	186.0	4.36	158.12	1.0	0.1862	-153.77
YIL047C-A	60	366.5	187.27	174.0	2.22	185.05	1.0	0.5237	-182.83
YIL048W	113	785.5	172.27	183.0	21.38	150.88	0.9912	0.2988	-129.5
YIL049W	67	571.9	112.15	102.0	5.0	107.15	1.0	0.2166	-102.15
YIL050W	85	771.2	196.19	195.0	34.52	161.67	1.0	0.2834	-127.15
YIL051C	667	550.8	187.84	190.0	22.9	164.94	1.0	0.3539	-142.05
YIL052C	4762	453.2	157.07	158.0	45.95	111.12	1.0	0.345	-65.16
YIL053W	3321	663.6	192.61	193.0	9.51	183.11	0.9991	0.3492	-173.6
YIL055C	55	645.0	152.53	141.0	6.4	146.13	1.0	0.3245	-139.73
YIL056W	134	813.9	133.29	129.5	12.81	120.49	0.9925	0.2264	-107.68
YIL057C	6	551.7	172.0	167.0	31.33	140.67	1.0	0.3217	-109.33
YIL060W	283	349.5	200.42	190.0	147.9	52.51	1.0	0.5337	95.39
YIL061C	19	536.8	69.58	48.0	3.47	66.11	0.9474	0.1523	-62.63
YIL062C	403	503.5	145.29	145.0	17.85	127.44	1.0	0.3066	-109.59
YIL063C	326	660.8	91.72	78.5	4.75	86.98	1.0	0.1642	-82.23
YIL064W	270	638.0	102.97	92.5	3.2	99.76	0.9963	0.1701	-96.56
YIL065C	163	510.6	130.9	123.0	13.82	117.09	1.0	0.2692	-103.27
YIL066C	9	577.1	131.11	147.0	1.78	129.33	1.0	0.293	-127.56
YIL067C	59	944.3	116.2	111.0	11.12	105.08	1.0	0.1859	-93.97
YIL068C	42	1247.5	130.62	117.0	12.95	117.67	0.9286	0.1293	-104.71
YIL068W-A	18	329.4	115.83	113.5	3.22	112.61	1.0	0.3504	-109.39
YIL069C	2318	566.1	230.4	229.0	18.81	211.59	0.9987	0.4213	-192.78
YIL070C	140	606.9	155.52	142.5	11.71	143.81	0.9929	0.3016	-132.09
YIL071C	43	976.6	237.77	239.0	1.84	235.93	1.0	0.251	-234.09
YIL071W-A	29	431.9	159.1	132.0	18.66	140.45	1.0	0.3599	-121.79
YIL072W	14	842.7	227.36	229.5	2.5	224.86	1.0	0.3018	-222.36
YIL073C	61	730.9	135.16	105.0	5.59	129.57	1.0	0.2127	-123.98
YIL074C	240	747.4	109.19	106.5	10.94	98.25	0.9958	0.1944	-87.3
YIL075C	241	658.6	138.3	114.0	4.76	133.54	0.9751	0.2728	-128.78
YIL076W	812	791.0	172.22	167.5	6.57	165.65	0.9975	0.2555	-159.08
YIL077C	35	746.7	188.6	177.0	10.23	178.37	1.0	0.299	-168.14
YIL078W	1694	938.4	124.27	106.0	5.09	119.18	0.9959	0.2053	-114.08
YIL079C	39	605.6	144.1	126.0	7.08	137.03	1.0	0.3003	-129.95
YIL082W	23	536.7	181.48	238.0	10.96	170.52	1.0	0.3097	-159.57
YIL082W-A	49	1050.8	230.02	241.0	2.18	227.84	1.0	0.2593	-225.65
YIL083C	110	771.0	171.48	165.5	29.82	141.66	1.0	0.2704	-111.85
YIL084C	16	629.8	159.31	78.5	10.19	149.12	1.0	0.1862	-138.94
YIL085C	114	832.2	158.92	89.5	63.29	95.63	0.9825	0.1982	-32.34
YIL086C	21	238.0	97.0	103.0	3.33	93.67	1.0	0.3962	-90.33
YIL087C	55	526.6	163.38	162.0	27.87	135.51	1.0	0.3125	-107.64
YIL088C	227	686.3	132.15	117.0	5.91	126.24	1.0	0.2643	-120.33
YIL089W	34	697.9	320.44	353.0	9.41	311.03	1.0	0.4562	-301.62
YIL090W	84	955.9	345.79	358.5	20.95	324.83	1.0	0.4229	-303.88
YIL091C	167	716.2	113.85	123.0	1.86	111.99	1.0	0.2072	-110.13
YIL092W	16	862.2	187.62	120.0	32.0	155.62	1.0	0.2421	-123.62
YIL093C	33	653.9	173.45	188.0	21.73	151.73	1.0	0.2778	-130.0
YIL094C	771	733.1	171.42	167.0	7.43	163.98	0.9961	0.2786	-156.55
YIL095W	68	743.2	135.75	110.0	29.6	106.15	1.0	0.2564	-76.54
YIL096C	128	748.4	162.52	154.0	11.12	151.39	0.9922	0.2657	-140.27
YIL097W	89	786.0	173.3	171.0	4.85	168.45	1.0	0.2994	-163.6
YIL098C	109	490.6	135.53	115.0	6.63	128.9	1.0	0.3051	-122.27
YIL099W	17	504.7	162.0	133.0	2.76	159.24	1.0	0.3746	-156.47
YIL101C	12	613.3	163.83	162.0	2.83	161.0	1.0	0.3056	-158.17
YIL102C-A	22	608.9	403.86	421.0	26.32	377.55	1.0	0.6577	-351.23
YIL103W	249	815.9	132.26	122.0	27.36	104.9	0.996	0.2033	-77.54
YIL104C	54	797.2	130.31	115.0	4.98	125.33	1.0	0.2348	-120.35
YIL105C	158	850.7	135.48	123.5	8.2	127.28	1.0	0.2074	-119.08
YIL106W	84	539.0	137.7	144.0	15.04	122.67	1.0	0.3122	-107.63
YIL107C	71	779.5	228.75	247.0	2.62	226.13	0.9859	0.356	-223.51
YIL108W	93	700.4	99.3	87.0	4.71	94.59	0.9785	0.215	-89.88
YIL109C	533	877.4	161.74	169.0	4.23	157.5	0.9962	0.2797	-153.27
YIL110W	356	875.7	205.33	204.0	9.98	195.35	0.9972	0.2839	-185.37
YIL111W	352	518.8	129.62	120.5	16.97	112.65	1.0	0.2485	-95.68
YIL112W	120	588.4	139.61	133.0	16.32	123.28	1.0	0.2516	-106.96
YIL113W	40	631.4	166.25	148.0	29.8	136.45	1.0	0.2897	-106.65
YIL114C	69	679.8	124.45	137.0	8.49	115.96	1.0	0.219	-107.46
YIL115C	150	935.9	117.23	118.0	7.12	110.11	0.9933	0.143	-102.99
YIL115W-A	91	316.1	65.42	30.0	4.99	60.43	1.0	0.183	-55.44
YIL116W	271	741.6	130.45	122.0	10.31	120.14	1.0	0.2251	-109.82
YIL117C	811	706.6	159.16	158.0	18.14	141.02	0.9975	0.2641	-122.88
YIL118W	354	729.5	224.08	225.0	42.49	181.58	1.0	0.3292	-139.09
YIL119C	82	727.4	264.16	269.0	45.21	218.95	1.0	0.3868	-173.74
YIL120W	61	630.5	159.97	131.0	3.69	156.28	1.0	0.2717	-152.59
YIL121W	43	669.8	142.6	142.0	14.88	127.72	1.0	0.2579	-112.84
YIL122W	30	746.5	214.9	216.5	28.5	186.4	1.0	0.3228	-157.9
YIL123W	305	1085.3	361.23	357.0	27.76	333.47	0.9934	0.4061	-305.71
YIL124W	346	750.9	164.68	163.0	14.75	149.92	0.9971	0.263	-135.17
YIL125W	153	909.2	254.08	261.0	7.08	247.0	1.0	0.3727	-239.92
YIL126W	81	692.9	145.77	136.0	2.26	143.51	0.9753	0.2763	-141.25
YIL127C	230	604.7	158.99	157.0	10.05	148.94	1.0	0.2842	-138.89
YIL128W	182	896.9	167.3	177.5	9.23	158.07	1.0	0.2726	-148.84
YIL129C	112	719.4	136.87	142.5	3.14	133.72	1.0	0.2426	-130.58
YIL130W	116	748.1	172.59	185.5	5.55	167.03	1.0	0.3269	-161.48
YIL131C	29	641.9	179.69	154.0	5.52	174.17	1.0	0.3499	-168.66
YIL132C	11	633.9	338.36	412.0	3.27	335.09	1.0	0.4988	-331.82
YIL133C	2839	572.9	146.88	141.0	23.92	122.96	1.0	0.2781	-99.03
YIL134W	79	745.6	161.97	148.0	24.65	137.33	1.0	0.256	-112.68
YIL135C	66	813.5	200.61	207.0	11.05	189.56	1.0	0.3344	-178.52
YIL136W	34	486.3	189.29	168.5	3.09	186.21	1.0	0.4206	-183.12
YIL137C	126	778.6	120.13	94.0	4.37	115.76	1.0	0.2484	-111.4
YIL138C	527	683.7	374.11	361.0	4.5	369.61	1.0	0.5613	-365.1
YIL139C	156	622.2	176.91	181.5	23.19	153.72	0.9936	0.2999	-130.54
YIL140W	72	634.5	157.56	141.5	3.79	153.76	1.0	0.3299	-149.97
YIL142W	456	928.9	96.47	84.5	5.85	90.62	0.9978	0.1521	-84.77
YIL143C	102	806.7	198.22	224.0	1.48	196.74	1.0	0.3264	-195.25
YIL144W	65	813.4	172.62	190.0	4.32	168.29	0.9846	0.2548	-163.97
YIL145C	196	715.5	220.45	176.0	11.39	209.06	1.0	0.3211	-197.67
YIL146C	15	928.3	273.47	250.0	62.87	210.6	1.0	0.3698	-147.73
YIL147C	80	869.4	228.35	266.5	2.78	225.58	1.0	0.3369	-222.8
YIL148W	20202	471.6	119.41	105.0	12.13	107.28	0.9996	0.2517	-95.16
YIL149C	74	579.0	132.04	129.0	4.19	127.85	0.9865	0.2564	-123.66
YIL150C	7	543.7	188.43	140.0	1.71	186.71	1.0	0.3124	-185.0
YIL151C	94	864.8	106.3	106.5	27.19	79.11	0.9787	0.1995	-51.91
YIL152W	73	557.6	186.42	183.0	2.79	183.63	1.0	0.372	-180.84
YIL153W	66	782.8	89.76	86.0	5.15	84.61	1.0	0.1528	-79.45
YIL154C	113	705.3	133.64	138.0	2.84	130.8	0.9912	0.2115	-127.96
YIL155C	46	787.7	355.37	367.5	2.46	352.91	1.0	0.4759	-350.46
YIL156W	62	846.9	214.58	216.5	1.79	212.79	1.0	0.328	-211.0
YIL156W-B	612	349.6	141.65	138.0	11.55	130.09	1.0	0.3996	-118.54
YIL157C	234	674.1	227.21	227.0	4.28	222.93	1.0	0.3576	-218.65
YIL158W	172	611.0	143.96	147.5	11.67	132.28	1.0	0.2576	-120.61
YIL159W	36	679.1	91.75	80.0	2.31	89.44	0.9722	0.189	-87.14
YIL161W	121	550.8	94.21	69.0	2.22	91.99	1.0	0.1917	-89.77
YIL162W	81	1065.9	249.19	272.0	4.4	244.79	0.9877	0.3118	-240.4
YIL163C	31	789.5	479.61	179.0	363.58	116.03	1.0	0.4493	247.55
YIL164C	38	1116.2	601.05	572.0	87.79	513.26	1.0	0.5144	-425.47
YIL165C	103	554.5	262.87	231.0	76.84	186.03	1.0	0.4713	-109.18
YIL166C	32	750.8	373.19	170.0	8.75	364.44	1.0	0.4487	-355.69
YIL167W	42	786.9	232.64	271.0	13.71	218.93	1.0	0.2895	-205.21
YIL169C	95	845.2	333.77	151.0	45.79	287.98	0.9895	0.3197	-242.19
YIL172C	12	649.2	151.83	164.0	1.67	150.17	1.0	0.2875	-148.5
YIL173W	53	887.2	260.51	253.0	1.83	258.68	0.9811	0.3808	-256.85
YIL176C	30	714.2	405.87	437.5	221.97	183.9	1.0	0.5297	38.07
YIL177C	46	489.8	82.96	77.5	1.57	81.39	1.0	0.2073	-79.83
YIR001C	62	861.6	380.45	383.5	24.45	356.0	1.0	0.4928	-331.55
YIR002C	127	651.9	157.87	148.0	11.72	146.16	0.9921	0.299	-134.44
YIR003W	46	807.5	123.48	132.0	4.07	119.41	1.0	0.2157	-115.35
YIR004W	105	740.4	126.05	120.0	4.67	121.38	1.0	0.2272	-116.71
YIR005W	118	460.3	124.67	112.0	12.43	112.24	0.9915	0.2748	-99.81
YIR006C	157	707.7	118.56	99.0	4.1	114.46	0.9936	0.2276	-110.37
YIR007W	36	501.4	114.28	109.0	5.56	108.72	1.0	0.3282	-103.17
YIR008C	88	755.7	130.69	134.0	5.58	125.11	0.9886	0.2174	-119.53
YIR009W	22	734.0	465.14	475.5	17.5	447.64	1.0	0.6337	-430.14
YIR010W	41	617.7	151.44	161.0	3.93	147.51	1.0	0.3099	-143.59
YIR011C	208	768.0	156.44	172.0	4.24	152.21	1.0	0.2534	-147.97
YIR012W	303	820.8	110.84	110.0	4.67	106.17	0.9967	0.1843	-101.51
YIR016W	54	693.7	183.85	149.5	77.8	106.06	1.0	0.2959	-28.26
YIR017C	73	561.5	213.19	209.0	1.85	211.34	1.0	0.4223	-209.49
YIR017W-A	5	346.6	84.0	65.0	0.0	84.0	1.0	0.2071	-84.0
YIR018C-A	11	430.9	304.55	287.0	103.36	201.18	1.0	0.6883	-97.82
YIR018W	20	676.2	282.5	146.0	1.8	280.7	1.0	0.3918	-278.9
YIR020C	14	914.1	659.43	570.5	141.36	518.07	1.0	0.7169	-376.71
YIR021W	35	568.3	99.14	77.0	11.63	87.51	1.0	0.2083	-75.89
YIR022W	221	546.9	158.47	154.0	12.56	145.9	1.0	0.3158	-133.34
YIR023C-A	30	326.9	135.13	133.5	8.6	126.53	1.0	0.4237	-117.93
YIR023W	23	1168.2	131.0	125.0	5.74	125.26	1.0	0.1437	-119.52
YIR024C	47	479.9	152.72	143.0	4.28	148.45	1.0	0.3467	-144.17
YIR025W	12	522.7	189.5	143.0	17.17	172.33	1.0	0.4064	-155.17
YIR026C	186	694.3	136.58	111.0	9.25	127.33	1.0	0.2412	-118.08
YIR027C	12	548.9	179.17	192.0	4.0	175.17	1.0	0.3908	-171.17
YIR028W	32	619.1	140.53	129.0	2.38	138.16	1.0	0.2686	-135.78
YIR029W	16	717.0	96.94	55.5	27.81	69.12	1.0	0.1231	-41.31
YIR030C	89	646.5	114.83	104.0	11.1	103.73	1.0	0.1952	-92.63
YIR030W-A	33	306.8	72.15	74.0	21.36	50.79	0.9697	0.2268	-29.42
YIR031C	109	1078.6	111.63	118.0	17.61	94.03	0.9908	0.1241	-76.42
YIR032C	125	580.0	139.58	140.0	11.58	127.99	1.0	0.2567	-116.41
YIR033W	327	801.4	104.99	96.0	3.58	101.41	1.0	0.1975	-97.83
YIR034C	237	763.8	114.36	99.0	7.69	106.67	1.0	0.1875	-98.98
YIR035C	345	645.5	118.76	115.0	9.6	109.16	0.9971	0.2183	-99.56
YIR036C	50	616.8	142.46	143.0	15.74	126.72	0.98	0.2475	-110.98
YIR037W	365	537.7	172.64	168.0	23.58	149.06	1.0	0.3369	-125.49
YIR038C	86	586.0	170.81	173.0	6.05	164.77	1.0	0.3339	-158.72
YIR039C	58	960.2	190.88	178.5	17.88	173.0	1.0	0.2617	-155.12
YIR041W	7	471.9	254.86	199.0	81.14	173.71	1.0	0.5373	-92.57
YIR042C	69	727.2	356.64	418.0	20.55	336.09	0.9855	0.4972	-315.54
YIR043C	15	528.7	285.13	297.0	4.4	280.73	1.0	0.5364	-276.33
YJL001W	433	625.6	202.17	196.0	45.15	157.02	1.0	0.3441	-111.87
YJL002C	669	754.8	154.48	160.0	6.91	147.57	0.997	0.27	-140.66
YJL003W	107	555.7	264.78	265.0	26.67	238.1	1.0	0.4798	-211.43
YJL004C	167	638.7	290.1	293.0	10.2	279.89	1.0	0.5008	-269.69
YJL005W	109	763.8	159.37	175.0	3.63	155.73	1.0	0.2838	-152.1
YJL006C	88	757.9	116.23	126.0	18.5	97.73	1.0	0.1868	-79.23
YJL008C	400	1058.5	195.85	196.0	6.3	189.54	1.0	0.2117	-183.24
YJL009W	228	330.8	103.2	89.5	12.51	90.69	1.0	0.3066	-78.18
YJL010C	212	804.1	123.76	100.0	3.4	120.36	1.0	0.2084	-116.97
YJL011C	199	570.3	221.78	204.0	12.28	209.5	1.0	0.4027	-197.23
YJL012C	652	865.2	107.96	87.0	3.29	104.67	0.9969	0.1902	-101.38
YJL013C	44	811.5	214.34	202.0	5.68	208.66	1.0	0.3409	-202.98
YJL014W	610	891.0	188.7	189.0	5.46	183.24	0.9984	0.2906	-177.78
YJL015C	45	287.3	78.07	82.0	34.16	43.91	1.0	0.2467	-9.76
YJL016W	178	820.9	155.72	137.5	19.39	136.34	0.9944	0.2207	-116.95
YJL019W	14	1067.3	406.86	513.0	22.93	383.93	1.0	0.3901	-361.0
YJL020C	181	714.4	176.13	159.0	2.97	173.16	1.0	0.3395	-170.19
YJL023C	87	629.0	145.38	130.0	7.51	137.87	0.977	0.2724	-130.37
YJL024C	100	654.4	255.68	245.5	16.31	239.37	1.0	0.4012	-223.06
YJL025W	23	738.2	167.57	154.0	7.57	160.0	1.0	0.3001	-152.43
YJL026W	710	811.6	176.57	177.5	14.49	162.08	1.0	0.2895	-147.58
YJL027C	10	417.9	128.4	102.0	18.9	109.5	1.0	0.2946	-90.6
YJL029C	76	675.9	130.43	105.5	12.32	118.12	1.0	0.2877	-105.8
YJL030W	164	644.1	184.51	188.0	9.88	174.63	1.0	0.3034	-164.76
YJL031C	102	852.5	150.33	150.0	14.68	135.66	1.0	0.1851	-120.98
YJL032W	43	338.9	124.35	111.0	2.88	121.47	1.0	0.366	-118.58
YJL033W	94	567.1	128.94	120.0	8.21	120.72	1.0	0.3092	-112.51
YJL034W	3337	850.4	234.52	221.0	4.5	230.03	0.9985	0.3752	-225.53
YJL035C	80	505.6	124.78	107.0	7.5	117.28	1.0	0.2643	-109.78
YJL036W	124	709.0	203.1	201.0	9.41	193.69	1.0	0.3565	-184.28
YJL037W	18	317.2	136.06	118.0	0.67	135.39	1.0	0.4501	-134.72
YJL038C	14	632.3	254.36	251.5	28.36	226.0	1.0	0.4242	-197.64
YJL039C	231	949.5	306.1	362.0	5.53	300.57	0.9913	0.4101	-295.04
YJL041W	228	878.4	178.05	187.0	10.34	167.71	1.0	0.2846	-157.37
YJL042W	104	789.8	155.61	149.5	4.15	151.45	1.0	0.2989	-147.3
YJL044C	61	1023.1	297.2	313.0	10.02	287.18	1.0	0.3561	-277.16
YJL045W	11	486.9	219.09	197.0	85.27	133.82	0.9091	0.491	-48.55
YJL046W	76	843.5	183.71	172.0	2.86	180.86	1.0	0.2495	-178.0
YJL047C	45	1173.1	126.87	94.0	25.58	101.29	0.9778	0.1748	-75.71
YJL047C-A	21	429.6	304.67	209.0	69.81	234.86	1.0	0.617	-165.05
YJL048C	290	736.9	171.48	169.0	6.76	164.72	0.9966	0.2746	-157.96
YJL049W	34	691.1	81.24	81.5	11.53	69.71	1.0	0.1453	-58.18
YJL050W	340	730.9	99.57	76.0	1.84	97.73	0.9941	0.195	-95.89
YJL051W	46	705.0	135.46	111.5	5.2	130.26	1.0	0.2393	-125.07
YJL052W	1259	802.0	178.14	183.0	26.81	151.34	0.9984	0.2746	-124.53
YJL053W	99	790.6	202.73	200.0	10.95	191.78	1.0	0.3314	-180.83
YJL054W	94	670.5	156.15	166.0	4.39	151.76	1.0	0.2799	-147.36
YJL055W	174	618.9	116.66	111.5	4.74	111.92	1.0	0.217	-107.18
YJL056C	46	685.7	170.63	175.0	3.5	167.13	1.0	0.3105	-163.63
YJL057C	102	765.5	126.01	133.5	9.5	116.51	1.0	0.2198	-107.01
YJL058C	41	736.8	106.49	100.0	10.32	96.17	1.0	0.172	-85.85
YJL059W	60	567.7	141.88	105.0	5.53	136.35	1.0	0.2875	-130.82
YJL060W	116	839.9	134.65	136.5	4.73	129.91	1.0	0.2279	-125.18
YJL061W	140	950.1	252.42	207.5	4.66	247.76	1.0	0.3324	-243.11
YJL062W	96	818.5	131.15	135.5	4.18	126.97	1.0	0.2444	-122.79
YJL062W-A	93	436.5	214.61	208.0	13.63	200.98	1.0	0.494	-187.34
YJL063C	63	568.7	131.22	104.0	12.62	118.6	1.0	0.2606	-105.98
YJL065C	59	530.7	144.83	116.0	13.39	131.44	1.0	0.2845	-118.05
YJL066C	36	901.7	248.08	239.5	9.33	238.75	1.0	0.2814	-229.42
YJL067W	36	387.9	199.67	184.0	2.47	197.19	1.0	0.5336	-194.72
YJL068C	104	629.9	142.97	134.0	7.08	135.89	1.0	0.2692	-128.82
YJL069C	124	783.7	127.0	112.0	3.37	123.63	1.0	0.225	-120.26
YJL070C	73	739.5	120.86	88.0	4.1	116.77	0.9726	0.2247	-112.67
YJL071W	74	825.8	153.97	168.5	11.53	142.45	1.0	0.2574	-130.92
YJL072C	186	696.7	232.97	208.5	13.83	219.15	1.0	0.3477	-205.32
YJL073W	76	718.2	143.04	116.5	44.01	99.03	0.9868	0.25	-55.01
YJL074C	143	904.2	135.29	124.0	3.67	131.62	1.0	0.2108	-127.94
YJL075C	72	375.0	114.74	104.5	3.01	111.72	1.0	0.2963	-108.71
YJL076W	89	1102.3	152.64	129.0	3.27	149.37	0.9663	0.1641	-146.1
YJL077C	22	473.4	167.14	33.0	109.73	57.41	1.0	0.2443	52.32
YJL077W-B	8	298.6	205.62	197.5	87.25	118.38	1.0	0.6728	-31.12
YJL078C	89	891.3	353.94	362.0	3.42	350.53	1.0	0.4533	-347.11
YJL079C	79	752.6	247.61	250.0	37.23	210.38	0.9873	0.3731	-173.15
YJL080C	361	972.0	157.03	156.0	5.96	151.07	0.9945	0.2521	-145.12
YJL081C	113	758.3	196.76	166.0	4.6	192.16	1.0	0.3212	-187.56
YJL082W	161	950.2	211.7	214.0	8.91	202.79	0.9752	0.2986	-193.88
YJL083W	27	714.2	226.78	194.0	38.74	188.04	1.0	0.3053	-149.3
YJL084C	57	771.4	166.6	157.0	1.84	164.75	1.0	0.343	-162.91
YJL085W	84	639.4	136.88	120.5	10.35	126.54	1.0	0.2738	-116.19
YJL087C	62	896.7	212.47	215.5	8.5	203.97	1.0	0.3097	-195.47
YJL088W	115	627.1	139.07	141.0	6.57	132.5	1.0	0.2893	-125.92
YJL089W	173	589.4	88.24	75.0	3.16	85.08	0.9827	0.1438	-81.92
YJL090C	59	649.6	116.85	129.0	5.47	111.37	1.0	0.2291	-105.9
YJL091C	134	969.4	151.03	151.5	2.61	148.42	1.0	0.1926	-145.81
YJL092W	71	521.9	145.66	121.0	13.35	132.31	0.9859	0.337	-118.96
YJL093C	84	1004.8	154.18	143.5	3.89	150.29	1.0	0.2537	-146.39
YJL094C	140	803.1	177.35	179.5	3.49	173.86	0.9857	0.2933	-170.38
YJL095W	52	862.8	123.06	102.5	5.87	117.19	1.0	0.2124	-111.33
YJL096W	259	538.7	127.25	109.0	19.53	107.71	1.0	0.2416	-88.18
YJL097W	220	617.1	120.51	112.0	23.1	97.41	1.0	0.2074	-74.31
YJL098W	38	549.8	102.16	83.5	19.68	82.47	0.9474	0.2305	-62.79
YJL099W	103	728.7	171.14	98.0	15.83	155.31	0.9806	0.2391	-139.49
YJL100W	55	680.0	105.85	110.0	10.56	95.29	1.0	0.1805	-84.73
YJL101C	313	836.1	206.67	210.0	14.8	191.88	0.9904	0.3332	-177.08
YJL102W	49	746.5	143.84	123.0	12.0	131.84	1.0	0.2713	-119.84
YJL103C	28	745.0	214.11	202.5	23.86	190.25	1.0	0.3506	-166.39
YJL104W	244	570.0	222.73	208.0	14.07	208.66	1.0	0.4043	-194.6
YJL105W	43	575.7	263.16	312.0	169.3	93.86	1.0	0.4748	75.44
YJL106W	20	669.0	195.6	151.5	41.15	154.45	1.0	0.2983	-113.3
YJL108C	33	1066.2	382.82	250.0	155.97	226.85	1.0	0.3586	-70.88
YJL109C	220	993.1	97.62	85.0	2.02	95.6	0.9955	0.1681	-93.59
YJL110C	56	732.6	132.57	111.0	19.3	113.27	0.9821	0.2487	-93.96
YJL111W	524	757.7	190.69	189.0	5.01	185.68	0.9981	0.3342	-180.67
YJL112W	62	704.9	135.94	144.0	6.9	129.03	1.0	0.2432	-122.13
YJL113W	34	1207.7	309.38	421.5	2.82	306.56	1.0	0.2786	-303.74
YJL115W	10	341.2	116.7	91.0	44.9	71.8	1.0	0.3993	-26.9
YJL116C	12	741.8	287.0	311.5	0.75	286.25	1.0	0.4504	-285.5
YJL117W	491	722.1	209.19	216.0	10.51	198.68	1.0	0.3488	-188.18
YJL118W	24	635.8	180.08	199.0	2.25	177.83	1.0	0.3	-175.58
YJL119C	6	348.0	146.83	104.0	1.5	145.33	1.0	0.3512	-143.83
YJL121C	278	552.9	107.57	107.0	3.78	103.79	0.9964	0.2225	-100.02
YJL122W	199	513.1	163.19	159.0	4.44	158.75	0.995	0.3481	-154.31
YJL123C	178	610.0	112.49	117.0	4.85	107.65	0.9944	0.2326	-102.8
YJL124C	213	652.2	311.08	308.0	52.85	258.23	1.0	0.4941	-205.38
YJL125C	96	588.7	128.31	110.5	3.8	124.51	1.0	0.2658	-120.71
YJL126W	91	684.2	178.56	184.0	5.66	172.9	0.989	0.3064	-167.24
YJL127C	30	1180.8	664.87	625.5	50.67	614.2	1.0	0.5857	-563.53
YJL127C-B	250	517.0	370.39	350.0	80.68	289.7	1.0	0.7054	-209.02
YJL127W-A	8	463.9	349.12	393.5	235.12	114.0	1.0	0.733	121.12
YJL128C	153	860.6	213.37	214.0	15.99	197.39	0.9935	0.3269	-181.4
YJL129C	206	616.4	104.39	92.5	2.28	102.11	0.9903	0.2084	-99.83
YJL130C	565	765.4	136.2	128.0	5.36	130.84	0.9965	0.2593	-125.48
YJL131C	58	701.8	166.16	145.0	7.9	158.26	1.0	0.2684	-150.36
YJL132W	49	650.2	111.71	112.0	13.71	98.0	1.0	0.219	-84.29
YJL133C-A	155	415.7	209.92	197.0	10.22	199.7	1.0	0.5017	-189.48
YJL133W	142	588.8	183.51	158.5	12.7	170.8	0.993	0.381	-158.1
YJL134W	76	828.8	140.3	130.5	13.63	126.67	1.0	0.2107	-113.04
YJL136C	10120	435.8	211.09	207.0	34.66	176.43	0.9998	0.482	-141.77
YJL137C	26	691.6	144.31	136.0	13.12	131.19	1.0	0.2662	-118.08
YJL138C	2538	841.8	248.43	252.0	12.51	235.92	0.998	0.3675	-223.41
YJL139C	53	851.6	217.68	184.0	21.47	196.21	1.0	0.2811	-174.74
YJL140W	303	554.9	124.18	125.0	23.86	100.32	1.0	0.2392	-76.46
YJL141C	81	1064.2	192.36	185.0	8.67	183.69	1.0	0.2006	-175.02
YJL142C	103	344.5	104.19	86.0	45.8	58.4	1.0	0.3056	-12.6
YJL143W	239	685.1	305.77	309.0	15.0	290.77	1.0	0.454	-275.77
YJL144W	522	561.4	285.58	279.0	16.91	268.67	1.0	0.5109	-251.77
YJL145W	209	675.3	132.56	135.0	14.58	117.97	1.0	0.2301	-103.39
YJL146W	74	584.4	212.41	218.0	124.93	87.47	1.0	0.3821	37.46
YJL147C	47	770.9	233.87	226.0	35.02	198.85	0.9787	0.3539	-163.83
YJL148W	256	519.3	192.16	217.0	16.04	176.12	0.9531	0.3949	-160.09
YJL149W	43	665.7	141.19	125.0	43.6	97.58	1.0	0.2986	-53.98
YJL151C	400	505.6	141.51	144.0	22.63	118.88	1.0	0.2745	-96.26
YJL152W	58	256.9	68.48	80.0	17.14	51.34	1.0	0.2302	-34.21
YJL153C	32	627.0	155.97	149.0	19.06	136.91	1.0	0.3287	-117.84
YJL154C	302	835.7	121.03	121.5	7.51	113.53	0.9934	0.2083	-106.02
YJL155C	154	875.2	226.01	226.0	36.13	189.88	1.0	0.3061	-153.75
YJL156C	86	1021.8	344.02	392.0	14.98	329.05	1.0	0.3845	-314.07
YJL156W-A	43	452.2	269.3	246.0	72.6	196.7	1.0	0.5863	-124.09
YJL157C	83	622.4	153.48	155.0	8.75	144.73	1.0	0.3178	-135.99
YJL158C	1838	667.9	200.14	195.0	11.48	188.66	1.0	0.3305	-177.18
YJL159W	1798	901.1	339.97	351.0	9.3	330.67	0.9989	0.4575	-321.37
YJL160C	15	700.5	195.33	211.0	2.73	192.6	1.0	0.3168	-189.87
YJL161W	66	646.9	203.11	190.5	20.67	182.44	1.0	0.3154	-161.77
YJL162C	53	791.1	195.34	197.0	10.55	184.79	1.0	0.3127	-174.25
YJL163C	37	680.0	138.11	90.0	9.32	128.78	1.0	0.2335	-119.46
YJL164C	75	758.1	160.49	147.0	46.44	114.05	1.0	0.2482	-67.61
YJL165C	321	783.9	87.25	95.0	6.31	80.94	0.9969	0.1591	-74.63
YJL166W	1069	483.3	225.0	220.0	35.61	189.4	1.0	0.4646	-153.79
YJL167W	885	711.4	157.59	154.0	15.59	142.0	0.9989	0.2877	-126.42
YJL168C	45	825.2	203.89	210.0	6.56	197.33	1.0	0.2658	-190.78
YJL169W	47	337.1	94.43	96.0	7.79	86.64	1.0	0.2725	-78.85
YJL171C	342	801.7	215.23	224.0	7.03	208.2	0.9942	0.3389	-201.16
YJL172W	161	584.8	115.25	119.0	4.14	111.11	0.9938	0.2602	-106.96
YJL173C	408	457.9	122.18	103.0	3.57	118.61	1.0	0.2659	-115.04
YJL174W	330	715.1	254.91	251.5	31.84	223.07	1.0	0.412	-191.22
YJL176C	111	725.4	249.86	240.0	3.02	246.85	1.0	0.4047	-243.83
YJL177W	2313	573.0	197.65	178.0	29.93	167.73	0.9996	0.3674	-137.8
YJL178C	246	667.8	163.85	149.0	7.76	156.09	1.0	0.2776	-148.33
YJL179W	585	504.9	210.68	201.0	39.41	171.27	1.0	0.4216	-131.86
YJL180C	90	719.4	142.12	141.5	6.72	135.4	1.0	0.2406	-128.68
YJL181W	59	707.3	121.86	107.0	2.42	119.44	1.0	0.2256	-117.02
YJL183W	296	789.9	139.08	143.5	12.0	127.08	1.0	0.2176	-115.08
YJL184W	17	417.7	129.65	118.0	20.71	108.94	1.0	0.3192	-88.24
YJL185C	13	683.7	250.31	244.0	23.0	227.31	1.0	0.4307	-204.31
YJL186W	260	920.7	165.15	161.0	4.63	160.52	0.9962	0.2672	-155.89
YJL187C	59	831.1	163.81	118.0	12.98	150.83	1.0	0.2495	-137.85
YJL188C	22607	331.3	153.5	135.0	20.76	132.74	1.0	0.4573	-111.98
YJL189W	50	510.6	140.92	161.5	19.16	121.76	0.98	0.2561	-102.6
YJL190C	14653	533.7	176.93	167.0	5.46	171.47	0.9994	0.3323	-166.01
YJL191W	963	480.8	131.95	117.0	14.75	117.19	0.999	0.2857	-102.44
YJL192C	247	585.7	148.6	132.0	9.35	139.26	1.0	0.2983	-129.91
YJL193W	63	615.5	148.65	145.0	7.05	141.6	1.0	0.2763	-134.56
YJL194W	18	602.8	154.72	145.5	2.89	151.83	1.0	0.2972	-148.94
YJL196C	377	804.9	182.54	191.0	7.71	174.83	0.9973	0.2698	-167.13
YJL197W	38	703.8	106.63	98.0	1.58	105.05	0.9737	0.2321	-103.47
YJL198W	198	827.8	147.45	155.5	3.76	143.69	1.0	0.2517	-139.92
YJL199C	19	547.4	275.32	278.0	8.53	266.79	1.0	0.5026	-258.26
YJL200C	716	783.8	188.69	183.5	2.99	185.7	0.9986	0.328	-182.71
YJL201W	58	614.9	129.97	116.5	10.47	119.5	1.0	0.2925	-109.03
YJL202C	19	348.2	102.05	97.0	8.32	93.74	1.0	0.2679	-85.42
YJL203W	27	732.3	143.44	110.0	7.0	136.44	0.8889	0.1716	-129.44
YJL204C	61	717.8	104.62	103.0	6.39	98.23	0.9836	0.1849	-91.84
YJL205C	98	350.2	207.61	201.0	30.05	177.56	1.0	0.5827	-147.51
YJL206C	20	720.2	109.5	104.5	2.3	107.2	1.0	0.2058	-104.9
YJL207C	144	830.7	192.42	200.0	3.28	189.15	1.0	0.3089	-185.87
YJL208C	173	644.8	218.34	198.0	6.92	211.42	1.0	0.4028	-204.5
YJL209W	59	716.7	133.39	104.0	19.42	113.97	1.0	0.2665	-94.54
YJL210W	89	748.2	143.01	139.0	27.83	115.18	1.0	0.2058	-87.35
YJL212C	205	779.0	190.96	201.0	3.04	187.92	1.0	0.3319	-184.87
YJL213W	77	703.5	275.18	270.0	33.6	241.58	1.0	0.4336	-207.99
YJL214W	23	740.9	604.61	546.0	15.3	589.3	1.0	0.802	-574.0
YJL216C	19	898.5	272.84	206.0	97.84	175.0	1.0	0.3173	-77.16
YJL217W	199	614.3	154.29	160.0	14.17	140.12	1.0	0.2704	-125.94
YJL218W	27	600.9	189.81	172.0	11.15	178.67	1.0	0.3447	-167.52
YJL219W	7	647.6	202.29	207.0	3.43	198.86	1.0	0.4204	-195.43
YJL221C	11	744.5	179.0	167.0	1.73	177.27	1.0	0.2918	-175.55
YJL222W	32	1015.8	287.34	320.5	4.78	282.56	1.0	0.3792	-277.78
YJL223C	30	695.6	395.8	304.0	219.27	176.53	1.0	0.529	42.73
YJL225C	56	528.2	94.09	82.0	1.43	92.66	1.0	0.2447	-91.23
YJR001W	248	670.7	147.48	148.0	5.01	142.47	1.0	0.2971	-137.46
YJR002W	119	780.5	326.47	365.0	2.98	323.49	1.0	0.4601	-320.5
YJR003C	111	795.5	116.78	96.0	8.08	108.7	0.991	0.1941	-100.62
YJR004C	457	878.3	227.84	229.0	6.16	221.68	1.0	0.361	-215.52
YJR005W	104	883.5	183.85	157.0	9.01	174.84	1.0	0.2743	-165.83
YJR006W	98	660.4	102.89	84.5	2.66	100.22	1.0	0.2229	-97.56
YJR007W	559	724.1	204.82	200.0	26.35	178.47	1.0	0.3406	-152.11
YJR008W	119	816.3	203.45	208.0	24.83	178.61	1.0	0.2887	-153.78
YJR009C	9485	720.8	176.32	176.0	12.52	163.8	0.9983	0.3067	-151.29
YJR010C-A	133	513.7	269.33	256.0	28.16	241.17	1.0	0.5311	-213.02
YJR010W	75	604.2	162.65	151.0	21.56	141.09	1.0	0.3311	-119.53
YJR011C	134	671.5	157.63	157.5	15.8	141.83	1.0	0.2717	-126.03
YJR012C	104	488.4	166.31	167.5	17.48	148.83	0.9808	0.3444	-131.35
YJR013W	75	686.9	134.37	150.0	7.44	126.93	1.0	0.2558	-119.49
YJR014W	259	615.6	188.05	182.0	13.71	174.34	1.0	0.3269	-160.63
YJR015W	274	730.9	151.68	142.0	2.04	149.64	1.0	0.2766	-147.6
YJR016C	1343	916.1	174.61	169.0	3.32	171.3	0.9978	0.2596	-167.98
YJR017C	143	589.1	240.22	236.0	4.73	235.49	1.0	0.4215	-230.76
YJR018W	7	360.6	130.57	157.0	13.29	117.29	1.0	0.3335	-104.0
YJR019C	24	552.0	111.71	106.5	2.75	108.96	1.0	0.2462	-106.21
YJR021C	28	520.0	114.93	104.5	4.46	110.46	1.0	0.2736	-106.0
YJR023C	90	448.9	95.16	88.5	28.76	66.4	1.0	0.2045	-37.64
YJR024C	175	697.0	129.96	112.0	9.89	120.07	1.0	0.2003	-110.18
YJR025C	496	553.7	148.62	149.0	13.19	135.44	0.998	0.2823	-122.25
YJR027W	1861	965.7	314.46	329.0	2.39	312.07	0.9941	0.3914	-309.68
YJR028W	7	507.4	90.0	73.0	12.57	77.43	1.0	0.1898	-64.86
YJR029W	2523	1159.4	312.72	335.0	3.24	309.49	0.9941	0.3286	-306.25
YJR030C	40	990.8	172.92	145.0	63.9	109.02	1.0	0.2038	-45.12
YJR031C	48	760.6	150.62	141.0	4.4	146.23	0.9792	0.2859	-141.83
YJR032W	143	784.4	142.64	131.0	4.2	138.44	1.0	0.223	-134.24
YJR033C	45	649.9	103.07	87.0	9.22	93.84	1.0	0.2172	-84.62
YJR034W	73	509.2	208.68	207.0	35.42	173.26	1.0	0.4098	-137.84
YJR035W	60	785.9	166.02	166.0	1.72	164.3	1.0	0.3075	-162.58
YJR036C	43	804.9	120.6	110.0	16.86	103.74	1.0	0.1978	-86.88
YJR039W	54	902.5	71.74	68.0	6.19	65.56	1.0	0.1086	-59.37
YJR040W	109	740.7	118.36	98.0	12.95	105.4	1.0	0.2295	-92.45
YJR041C	108	983.3	210.43	211.5	6.19	204.24	1.0	0.3103	-198.06
YJR042W	202	902.3	139.18	147.5	3.0	136.17	0.995	0.2138	-133.17
YJR043C	49	683.8	176.96	176.0	10.43	166.53	1.0	0.2824	-156.1
YJR044C	120	599.0	260.18	246.5	39.56	220.62	1.0	0.4421	-181.07
YJR045C	2369	881.2	251.59	253.0	12.14	239.44	0.9966	0.3843	-227.3
YJR046W	255	681.1	80.29	62.0	2.26	78.02	0.9843	0.1698	-75.76
YJR047C	57	500.0	154.07	149.0	11.88	142.19	1.0	0.3295	-130.32
YJR048W	592	510.7	227.19	219.5	26.22	200.97	1.0	0.449	-174.75
YJR049C	81	939.2	164.58	165.0	4.77	159.81	0.9877	0.2326	-155.05
YJR050W	104	733.0	302.1	282.0	5.92	296.17	1.0	0.4489	-290.25
YJR051W	128	761.8	112.28	98.5	3.4	108.88	1.0	0.1921	-105.48
YJR052W	57	861.8	107.6	84.0	8.96	98.63	1.0	0.1696	-89.67
YJR053W	16	486.2	104.81	65.5	1.06	103.75	1.0	0.1702	-102.69
YJR054W	82	802.3	176.32	144.5	35.18	141.13	1.0	0.2697	-105.95
YJR055W	30	788.4	421.27	441.5	6.4	414.87	1.0	0.5482	-408.47
YJR056C	74	677.5	218.65	212.5	66.65	152.0	1.0	0.3593	-85.35
YJR057W	166	590.1	118.38	101.0	5.86	112.52	1.0	0.2244	-106.67
YJR058C	169	505.5	115.72	90.0	29.0	86.72	1.0	0.221	-57.72
YJR059W	100	700.0	211.8	210.0	23.26	188.54	0.99	0.3401	-165.28
YJR060W	47	832.6	555.06	593.0	1.4	553.66	1.0	0.6812	-552.26
YJR061W	57	706.9	193.84	159.0	88.47	105.37	1.0	0.2892	-16.89
YJR062C	40	794.7	214.55	150.0	4.22	210.32	1.0	0.3149	-206.1
YJR063W	202	490.7	196.93	198.0	16.7	180.22	1.0	0.4162	-163.52
YJR064W	875	739.6	92.27	94.0	6.58	85.69	0.9989	0.1771	-79.11
YJR065C	257	1010.1	197.95	200.0	7.74	190.21	1.0	0.2564	-182.47
YJR066W	116	895.7	108.18	102.0	12.54	95.64	0.9914	0.1577	-83.09
YJR067C	108	524.2	170.16	181.0	4.43	165.73	1.0	0.3367	-161.31
YJR068W	201	727.1	124.62	122.0	15.78	108.84	1.0	0.2228	-93.06
YJR069C	245	637.3	191.23	179.0	14.9	176.33	1.0	0.3223	-161.44
YJR070C	523	803.7	175.98	178.0	13.07	162.9	0.9981	0.2686	-149.83
YJR072C	46	586.3	125.17	87.5	5.8	119.37	1.0	0.2738	-113.57
YJR073C	591	598.1	132.99	130.0	9.68	123.31	1.0	0.2456	-113.63
YJR074W	76	510.6	134.04	127.5	1.3	132.74	0.9868	0.2876	-131.43
YJR075W	257	691.3	189.58	194.0	8.54	181.03	1.0	0.3309	-172.49
YJR076C	75	614.1	132.55	115.0	7.32	125.23	0.9867	0.2825	-117.91
YJR077C	447	884.5	239.46	240.0	11.86	227.6	0.9955	0.3086	-215.73
YJR078W	12	905.3	182.83	202.5	2.25	180.58	1.0	0.2099	-178.33
YJR079W	131	460.9	54.9	61.0	11.56	43.34	1.0	0.1321	-31.79
YJR080C	40	1243.4	215.7	222.0	24.48	191.22	0.975	0.1763	-166.75
YJR082C	215	588.2	296.5	296.0	69.16	227.34	0.9953	0.5046	-158.18
YJR083C	45	684.1	162.73	158.0	6.87	155.87	1.0	0.2774	-149.0
YJR084W	52	1019.9	155.25	148.0	10.87	144.38	1.0	0.1925	-133.52
YJR085C	826	429.7	140.14	137.0	21.36	118.78	1.0	0.3261	-97.42
YJR086W	538	382.6	97.3	103.5	17.13	80.17	0.9981	0.2517	-63.05
YJR087W	40	389.8	136.43	122.0	6.68	129.75	1.0	0.3267	-123.08
YJR088C	199	937.3	216.63	196.0	20.57	196.06	1.0	0.2332	-175.49
YJR089W	48	609.6	113.15	90.0	1.21	111.94	1.0	0.2343	-110.73
YJR090C	92	810.2	148.15	128.5	13.67	134.48	0.9891	0.2466	-120.8
YJR091C	61	1432.2	293.57	333.0	7.61	285.97	1.0	0.3061	-278.36
YJR092W	81	621.3	154.12	135.0	2.23	151.89	1.0	0.3231	-149.65
YJR093C	57	693.7	162.44	166.0	13.53	148.91	1.0	0.2811	-135.39
YJR094C	20	723.8	202.7	197.5	15.2	187.5	1.0	0.3402	-172.3
YJR094W-A	6853	433.4	173.47	159.0	10.25	163.22	0.9999	0.3994	-152.97
YJR096W	196	766.3	153.49	156.5	26.78	126.71	1.0	0.2206	-99.93
YJR097W	42	676.7	237.5	226.0	48.81	188.69	1.0	0.3539	-139.88
YJR098C	23	619.7	200.57	177.0	24.87	175.7	1.0	0.3656	-150.83
YJR099W	113	712.7	168.04	158.0	46.86	121.19	1.0	0.2496	-74.33
YJR100C	115	730.3	124.09	127.0	11.79	112.3	0.9913	0.2068	-100.5
YJR101W	305	760.3	193.66	194.0	24.49	169.17	0.9967	0.2805	-144.69
YJR102C	107	658.6	207.78	184.0	27.38	180.39	1.0	0.3187	-153.01
YJR103W	109	843.1	117.02	121.0	11.72	105.29	1.0	0.2021	-93.57
YJR104C	2178	515.9	133.16	115.5	22.0	111.16	0.9986	0.2675	-89.17
YJR105W	1579	785.0	96.72	79.0	10.55	86.17	0.9968	0.1465	-75.63
YJR106W	30	709.7	179.07	107.5	3.67	175.4	1.0	0.29	-171.73
YJR107C-A	149	422.6	210.85	208.0	8.64	202.21	1.0	0.4926	-193.56
YJR107W	85	623.6	265.93	232.0	172.12	93.81	1.0	0.4158	78.31
YJR109C	882	876.6	129.53	111.0	6.76	122.77	0.9955	0.227	-116.0
YJR110W	47	734.3	171.98	159.0	7.49	164.49	1.0	0.321	-157.0
YJR111C	144	617.2	167.26	170.0	15.99	151.28	1.0	0.3315	-135.29
YJR112W	21	412.9	94.1	82.0	3.67	90.43	1.0	0.2422	-86.76
YJR112W-A	70	459.8	152.99	163.5	7.09	145.9	1.0	0.3443	-138.81
YJR113C	77	656.2	135.04	118.0	34.18	100.86	1.0	0.2244	-66.68
YJR115W	29	650.1	342.45	347.0	93.69	248.76	1.0	0.4741	-155.07
YJR116W	78	698.1	192.06	187.0	32.04	160.03	1.0	0.3098	-127.99
YJR117W	269	755.1	168.3	169.0	5.16	163.14	1.0	0.3095	-157.99
YJR118C	252	623.7	176.71	164.5	22.17	154.54	0.996	0.3023	-132.37
YJR119C	33	548.6	112.85	94.0	39.91	72.94	1.0	0.2279	-33.03
YJR121W	1126	874.6	282.13	269.0	27.31	254.82	0.9991	0.4191	-227.51
YJR122W	70	731.6	155.46	130.0	3.84	151.61	1.0	0.2659	-147.77
YJR123W	8650	646.2	166.56	155.0	11.62	154.94	0.9995	0.2921	-143.32
YJR124C	84	726.7	213.77	202.5	12.25	201.52	1.0	0.3709	-189.27
YJR125C	93	795.2	148.41	149.0	11.16	137.25	1.0	0.233	-126.09
YJR126C	163	795.4	117.07	110.0	2.63	114.45	1.0	0.2346	-111.82
YJR127C	72	716.9	133.67	133.5	1.67	132.0	0.9861	0.2443	-130.33
YJR129C	56	616.1	304.54	336.0	42.27	262.27	1.0	0.5175	-220.0
YJR130C	174	929.3	157.21	169.5	5.1	152.11	0.9943	0.2386	-147.01
YJR131W	80	808.5	147.79	129.5	19.35	128.44	1.0	0.2191	-109.09
YJR132W	191	806.7	135.73	126.0	7.65	128.07	0.9895	0.2186	-120.42
YJR133W	170	602.4	167.06	173.5	22.24	144.83	1.0	0.3096	-122.59
YJR134C	103	832.9	118.72	107.0	4.44	114.28	0.9903	0.2121	-109.84
YJR135C	54	628.7	149.35	153.0	21.59	127.76	1.0	0.249	-106.17
YJR135W-A	967	410.4	168.74	173.0	9.02	159.72	1.0	0.4022	-150.7
YJR136C	62	738.6	131.69	146.5	5.89	125.81	0.9839	0.2419	-119.92
YJR137C	137	874.1	165.21	158.0	3.19	162.02	0.9927	0.2674	-158.83
YJR138W	64	921.7	143.69	140.5	1.36	142.33	0.9844	0.2506	-140.97
YJR139C	899	848.1	135.88	137.0	25.62	110.26	0.9967	0.198	-84.64
YJR140C	35	920.8	135.29	108.0	6.0	129.29	1.0	0.1861	-123.29
YJR141W	122	796.6	111.27	100.0	7.95	103.32	1.0	0.167	-95.37
YJR142W	167	723.1	141.73	118.0	4.84	136.89	1.0	0.2439	-132.04
YJR143C	331	990.7	170.6	170.0	7.37	163.23	0.994	0.2784	-155.86
YJR144W	215	690.2	113.75	108.0	10.3	103.46	1.0	0.1853	-93.16
YJR145C	6356	613.3	125.73	116.0	10.85	114.88	0.9984	0.2397	-104.03
YJR146W	11	680.0	462.64	484.0	38.27	424.36	1.0	0.6358	-386.09
YJR147W	46	1063.9	346.78	346.0	31.52	315.26	1.0	0.3275	-283.74
YJR148W	589	724.7	139.51	123.0	9.14	130.37	0.9983	0.2436	-121.23
YJR149W	24	987.6	358.25	315.5	108.33	249.92	1.0	0.37	-141.58
YJR151C	11	623.8	149.36	147.0	16.45	132.91	1.0	0.323	-116.45
YJR152W	32	907.5	178.78	153.5	50.66	128.12	1.0	0.2333	-77.47
YJR153W	17	883.4	405.53	369.0	42.82	362.71	1.0	0.481	-319.88
YJR155W	55	665.9	176.24	128.0	59.64	116.6	1.0	0.2689	-56.96
YJR156C	39	493.3	190.33	163.0	2.64	187.69	1.0	0.4004	-185.05
YJR158W	5	580.0	247.6	257.0	0.6	247.0	1.0	0.4411	-246.4
YJR159W	51	496.0	197.04	181.0	1.86	195.18	1.0	0.4043	-193.31
YJR160C	7	861.4	371.71	186.0	6.0	365.71	1.0	0.4293	-359.71
YJR161C	68	1050.7	544.28	624.0	11.03	533.25	1.0	0.5228	-522.22
YKL001C	318	593.7	138.53	133.5	21.71	116.81	0.9969	0.2523	-95.1
YKL002W	135	572.4	228.84	228.0	22.75	206.1	1.0	0.4166	-183.35
YKL003C	212	494.8	162.19	140.5	13.57	148.63	1.0	0.3324	-135.06
YKL004W	232	728.7	220.62	196.5	50.91	169.71	1.0	0.3533	-118.8
YKL005C	47	782.6	181.53	181.0	2.96	178.57	1.0	0.3192	-175.62
YKL006C-A	456	565.3	307.3	212.0	182.61	124.69	1.0	0.4949	57.92
YKL006W	6370	511.8	242.17	243.0	112.6	129.57	0.9998	0.4685	-16.97
YKL007W	313	724.2	186.22	171.0	9.81	176.41	1.0	0.297	-166.6
YKL008C	242	869.5	191.16	178.5	18.26	172.9	0.9917	0.2672	-154.64
YKL009W	1421	670.9	156.54	156.0	12.71	143.83	0.9986	0.2622	-131.13
YKL010C	175	714.2	99.02	86.0	3.06	95.96	1.0	0.2053	-92.9
YKL011C	88	719.2	141.08	127.0	7.1	133.98	0.9886	0.2317	-126.88
YKL012W	82	670.9	162.04	165.0	4.23	157.8	1.0	0.299	-153.57
YKL013C	617	604.8	232.05	232.0	12.5	219.55	1.0	0.4105	-207.05
YKL014C	300	864.1	133.93	126.0	1.86	132.07	0.9967	0.2326	-130.2
YKL015W	93	1001.8	165.92	177.0	11.49	154.43	1.0	0.2524	-142.94
YKL016C	361	568.3	167.76	165.0	34.44	133.32	0.9945	0.3068	-98.88
YKL017C	34	884.6	114.62	115.0	1.32	113.29	1.0	0.2067	-111.97
YKL018C-A	67	382.3	139.07	127.0	17.43	121.64	1.0	0.3658	-104.21
YKL018W	95	746.1	159.73	167.0	9.39	150.34	0.9895	0.2509	-140.95
YKL019W	159	709.5	127.1	121.0	12.92	114.18	1.0	0.2342	-101.25
YKL020C	116	740.8	122.26	118.0	4.05	118.21	0.9914	0.2435	-114.16
YKL021C	87	685.8	142.3	129.0	1.43	140.87	1.0	0.2801	-139.45
YKL022C	46	878.1	142.65	112.0	34.17	108.48	1.0	0.1848	-74.3
YKL023W	23	487.1	186.22	156.0	15.26	170.96	1.0	0.4056	-155.7
YKL024C	354	685.3	228.73	197.0	94.63	134.11	0.9972	0.3374	-39.48
YKL025C	89	781.7	113.24	105.0	14.18	99.06	0.9888	0.2145	-84.88
YKL026C	70	590.6	252.8	254.0	35.86	216.94	1.0	0.4375	-181.09
YKL027W	207	720.5	165.1	167.0	16.02	149.07	1.0	0.2893	-133.05
YKL028W	49	612.9	300.65	318.0	5.02	295.63	1.0	0.5135	-290.61
YKL029C	191	1215.4	164.6	167.0	11.76	152.84	0.9948	0.1526	-141.08
YKL030W	200	354.1	54.17	59.5	10.42	43.74	0.97	0.1409	-33.32
YKL032C	89	836.0	197.91	205.0	9.33	188.58	0.9888	0.2985	-179.26
YKL033W	57	1000.8	329.32	357.0	5.0	324.32	1.0	0.3795	-319.32
YKL033W-A	1047	663.0	143.14	142.0	27.59	115.55	0.999	0.2375	-87.96
YKL034W	55	667.3	144.65	144.0	9.64	135.02	1.0	0.2925	-125.38
YKL035W	597	936.6	208.99	213.0	16.96	192.03	0.9933	0.2938	-175.06
YKL037W	10	350.6	206.6	189.0	1.5	205.1	1.0	0.5907	-203.6
YKL038W	45	819.8	164.51	171.0	4.0	160.51	0.9778	0.2844	-156.51
YKL039W	165	1115.8	270.87	265.0	40.92	229.95	1.0	0.305	-189.04
YKL040C	355	828.7	298.11	291.0	15.77	282.34	1.0	0.3895	-266.56
YKL041W	37	574.6	212.57	166.0	104.11	108.46	1.0	0.3869	-4.35
YKL042W	25	831.4	245.52	258.0	15.0	230.52	1.0	0.3512	-215.52
YKL043W	103	734.5	220.54	221.0	21.71	198.83	1.0	0.3534	-177.13
YKL045W	118	839.8	152.08	139.5	7.09	144.98	0.9915	0.228	-137.89
YKL046C	275	998.6	300.8	287.0	41.44	259.36	0.9964	0.3645	-217.92
YKL047W	96	861.0	174.0	179.5	6.04	167.96	0.9896	0.3067	-161.92
YKL048C	27	679.7	198.37	189.0	0.81	197.56	1.0	0.3506	-196.74
YKL049C	81	577.8	152.94	157.0	7.86	145.07	0.9877	0.3035	-137.21
YKL050C	13	699.5	163.23	172.0	10.46	152.77	1.0	0.287	-142.31
YKL051W	114	798.0	285.49	253.5	20.26	265.23	1.0	0.3889	-244.96
YKL052C	16	865.1	155.88	79.5	38.31	117.56	1.0	0.1504	-79.25
YKL053C-A	547	453.8	206.78	198.0	46.6	160.18	1.0	0.451	-113.59
YKL053W	16	248.4	41.25	20.5	5.06	36.19	1.0	0.1704	-31.12
YKL054C	471	833.6	250.18	269.0	8.45	241.74	0.9979	0.3845	-233.29
YKL055C	12	680.2	282.08	216.0	3.75	278.33	1.0	0.3696	-274.58
YKL056C	23393	643.6	211.51	210.0	19.02	192.49	0.9995	0.3365	-173.47
YKL057C	281	850.0	89.88	79.0	4.78	85.1	1.0	0.1507	-80.31
YKL058W	409	586.5	267.41	259.0	12.69	254.71	1.0	0.4604	-242.02
YKL059C	29	731.8	172.38	154.0	11.45	160.93	1.0	0.2754	-149.48
YKL060C	25842	701.8	116.2	100.0	5.37	110.83	0.998	0.21	-105.47
YKL061W	94	513.6	269.52	271.5	18.67	250.85	1.0	0.5261	-232.18
YKL062W	126	1092.8	365.14	403.5	9.11	356.03	1.0	0.396	-346.92
YKL063C	146	630.4	269.91	264.5	63.43	206.48	1.0	0.4328	-143.05
YKL064W	179	731.8	194.99	215.0	8.64	186.36	1.0	0.3271	-177.72
YKL065C	937	661.0	169.22	159.0	16.28	152.94	1.0	0.2719	-136.66
YKL065W-A	19	420.2	236.58	240.0	65.26	171.32	1.0	0.5288	-106.05
YKL066W	182	321.4	137.16	130.0	92.83	44.33	1.0	0.3886	48.5
YKL067W	919	653.9	259.81	263.0	38.91	220.89	1.0	0.4016	-181.98
YKL068W	197	762.7	150.77	140.0	5.3	145.47	1.0	0.2907	-140.17
YKL068W-A	176	543.9	326.36	330.0	36.95	289.4	1.0	0.5925	-252.45
YKL069W	80	524.3	93.68	102.0	4.15	89.52	1.0	0.191	-85.38
YKL070W	24	720.4	370.38	368.5	111.83	258.54	1.0	0.4878	-146.71
YKL071W	42	932.9	380.43	177.5	126.1	254.33	1.0	0.3331	-128.24
YKL072W	53	801.5	173.02	149.0	13.09	159.92	1.0	0.2805	-146.83
YKL073W	289	805.7	126.78	120.0	3.53	123.26	1.0	0.2463	-119.73
YKL074C	135	793.5	127.36	129.0	3.1	124.25	0.9926	0.2199	-121.15
YKL075C	22	971.4	222.27	231.5	18.23	204.05	1.0	0.2451	-185.82
YKL076C	48	371.1	145.83	137.5	55.88	89.96	1.0	0.4076	-34.08
YKL077W	359	840.5	256.36	258.0	15.3	241.07	1.0	0.3757	-225.77
YKL078W	71	691.4	127.79	105.0	4.18	123.61	1.0	0.2488	-119.42
YKL079W	205	1013.5	124.86	112.0	13.07	111.79	1.0	0.1724	-98.71
YKL080W	758	707.2	113.36	119.0	20.95	92.41	0.9908	0.2017	-71.45
YKL081W	2405	831.6	281.3	269.0	47.17	234.13	0.9971	0.3836	-186.96
YKL082C	7	1251.7	187.57	192.0	33.0	154.57	1.0	0.1542	-121.57
YKL083W	33	284.7	84.3	87.0	32.0	52.3	1.0	0.3078	-20.3
YKL084W	55	511.0	210.31	216.0	15.09	195.22	1.0	0.4171	-180.13
YKL085W	214	976.4	326.46	373.0	35.78	290.68	0.9953	0.3659	-254.9
YKL086W	18	486.4	155.22	157.5	14.06	141.17	1.0	0.3247	-127.11
YKL087C	124	627.0	178.05	184.0	33.02	145.03	1.0	0.3041	-112.02
YKL088W	26	644.6	108.96	19.5	2.81	106.15	0.7692	0.2557	-103.35
YKL089W	66	688.3	149.64	134.0	1.58	148.06	0.9848	0.233	-146.48
YKL090W	79	661.4	195.75	180.0	2.24	193.51	0.9873	0.3415	-191.27
YKL091C	115	706.6	129.43	124.0	8.3	121.14	0.9913	0.2132	-112.84
YKL092C	95	730.3	153.47	137.0	3.15	150.33	0.9895	0.2816	-147.18
YKL093W	25	992.6	429.64	402.0	73.44	356.2	1.0	0.4632	-282.76
YKL094W	325	757.3	162.61	152.0	27.1	135.5	1.0	0.2457	-108.4
YKL096W	537	717.5	162.71	169.0	18.26	144.45	1.0	0.251	-126.18
YKL096W-A	7618	475.3	234.72	244.0	19.16	215.56	0.9999	0.4998	-196.41
YKL098W	62	871.9	155.66	149.0	6.44	149.23	1.0	0.2053	-142.79
YKL099C	259	657.5	142.23	137.0	17.44	124.79	1.0	0.2419	-107.35
YKL100C	131	1064.4	255.81	270.0	3.66	252.15	1.0	0.3111	-248.5
YKL101W	243	785.9	98.94	72.0	6.64	92.3	0.9918	0.1782	-85.65
YKL103C	180	877.1	201.39	186.0	12.56	188.83	0.9944	0.2856	-176.27
YKL104C	475	1158.1	272.37	277.0	20.7	251.67	0.9958	0.3109	-230.97
YKL105C	55	807.1	218.53	255.0	8.58	209.95	1.0	0.3556	-201.36
YKL106W	96	820.9	170.48	165.5	28.27	142.21	0.9896	0.2544	-113.94
YKL107W	11	573.1	83.91	69.0	1.18	82.73	1.0	0.1289	-81.55
YKL108W	18	532.7	165.94	163.5	2.28	163.67	1.0	0.4088	-161.39
YKL109W	286	882.6	381.23	385.0	21.93	359.3	1.0	0.4896	-337.37
YKL110C	187	693.2	162.73	151.0	21.05	141.68	0.9947	0.2778	-120.63
YKL111C	6	329.5	132.67	133.5	1.0	131.67	1.0	0.4046	-130.67
YKL112W	17	1267.0	184.65	200.0	27.65	157.0	1.0	0.1775	-129.35
YKL113C	43	717.7	152.28	122.0	6.02	146.26	1.0	0.2692	-140.23
YKL114C	75	679.8	129.63	104.0	5.31	124.32	1.0	0.2388	-119.01
YKL115C	7	261.7	119.71	138.0	50.86	68.86	1.0	0.3975	-18.0
YKL116C	72	840.1	246.47	241.0	11.31	235.17	1.0	0.355	-223.86
YKL117W	500	624.5	210.88	216.5	11.61	199.27	0.998	0.3797	-187.66
YKL119C	231	674.9	187.66	176.0	12.01	175.65	1.0	0.2988	-163.64
YKL120W	1066	862.6	226.99	225.5	30.37	196.62	1.0	0.3102	-166.24
YKL121W	60	749.0	164.72	173.5	23.07	141.65	1.0	0.3005	-118.58
YKL122C	622	548.2	140.7	130.0	14.09	126.62	0.9984	0.2679	-112.53
YKL123W	23	388.5	128.96	119.0	22.3	106.65	1.0	0.3386	-84.35
YKL124W	20	863.8	189.5	188.0	8.65	180.85	1.0	0.2269	-172.2
YKL125W	115	706.8	166.29	165.0	16.91	149.37	0.9913	0.2675	-132.46
YKL126W	169	864.3	118.41	89.0	12.69	105.72	1.0	0.2017	-93.03
YKL127W	207	872.2	179.03	170.0	5.43	173.6	1.0	0.2913	-168.16
YKL128C	354	768.5	213.34	212.0	13.09	200.25	1.0	0.3216	-187.16
YKL129C	51	664.3	136.29	138.0	5.24	131.06	1.0	0.2896	-125.82
YKL130C	136	621.1	167.8	156.5	18.05	149.75	1.0	0.3029	-131.7
YKL132C	20	1099.5	272.35	257.0	30.6	241.75	1.0	0.2784	-211.15
YKL133C	38	629.4	93.89	69.5	12.82	81.08	1.0	0.1913	-68.26
YKL134C	75	792.9	240.15	255.0	6.27	233.88	1.0	0.374	-227.61
YKL135C	96	1024.9	149.69	147.0	12.4	137.29	0.9896	0.1687	-124.9
YKL136W	60	369.8	110.57	107.0	5.08	105.48	1.0	0.3	-100.4
YKL137W	265	518.8	239.38	241.0	25.68	213.71	1.0	0.4661	-188.03
YKL138C	129	492.7	184.71	168.0	56.14	128.57	1.0	0.3733	-72.43
YKL138C-A	132	525.0	339.44	331.0	10.46	328.98	1.0	0.6473	-318.52
YKL139W	64	737.5	138.66	133.5	18.67	119.98	1.0	0.2347	-101.31
YKL140W	102	884.4	212.73	208.5	25.87	186.85	1.0	0.324	-160.98
YKL141W	253	626.2	158.56	156.0	14.06	144.51	1.0	0.2671	-130.45
YKL142W	224	659.6	191.05	184.5	31.56	159.49	1.0	0.3147	-127.92
YKL143W	88	609.6	151.94	110.5	5.44	146.5	1.0	0.3099	-141.06
YKL144C	164	627.3	186.3	180.0	18.6	167.71	0.9939	0.3191	-149.11
YKL145W	373	783.3	169.59	165.0	6.87	162.72	0.992	0.2845	-155.85
YKL146W	101	831.2	131.34	145.0	2.85	128.49	1.0	0.2394	-125.63
YKL148C	79	1157.9	241.22	238.0	20.92	220.29	1.0	0.2701	-199.37
YKL149C	52	613.0	180.13	198.0	3.75	176.38	1.0	0.3531	-172.63
YKL150W	542	742.8	169.54	166.0	22.37	147.16	0.9982	0.27	-124.79
YKL151C	113	535.9	124.68	117.0	3.09	121.59	0.9912	0.2638	-118.5
YKL152C	9405	866.3	180.61	159.0	8.4	172.22	0.9993	0.2068	-163.82
YKL153W	5023	432.3	140.42	135.0	3.92	136.5	0.9988	0.3529	-132.58
YKL154W	201	690.8	146.47	146.0	35.73	110.74	1.0	0.2281	-75.01
YKL155C	70	671.0	100.74	94.0	1.99	98.76	0.9714	0.2076	-96.77
YKL156W	4063	494.3	265.33	260.0	11.18	254.15	1.0	0.5369	-242.97
YKL157W	291	852.7	177.88	167.0	4.16	173.72	0.9863	0.3214	-169.56
YKL159C	100	567.7	198.61	187.5	39.98	158.63	0.99	0.3734	-118.65
YKL160W	53	434.4	118.15	92.0	6.85	111.3	0.9811	0.2597	-104.45
YKL161C	46	998.8	307.2	329.0	38.54	268.65	1.0	0.3329	-230.11
YKL162C	20	644.4	191.8	175.5	10.65	181.15	1.0	0.3959	-170.5
YKL162C-A	21	555.5	418.57	383.0	44.52	374.05	1.0	0.7198	-329.52
YKL163W	65	949.2	354.28	364.0	17.8	336.48	1.0	0.4191	-318.68
YKL164C	245	939.6	303.5	318.0	26.98	276.52	0.9959	0.3649	-249.54
YKL165C	142	806.9	181.59	176.5	4.39	177.2	1.0	0.3248	-172.82
YKL166C	71	797.7	244.69	223.0	32.07	212.62	0.9859	0.3617	-180.55
YKL167C	113	515.4	192.51	175.0	10.87	181.65	1.0	0.3772	-170.78
YKL168C	57	701.1	124.26	127.0	1.54	122.72	0.9474	0.2124	-121.18
YKL169C	63	394.8	157.62	145.0	2.65	154.97	1.0	0.417	-152.32
YKL170W	153	624.6	223.66	221.0	49.97	173.69	1.0	0.3551	-123.71
YKL171W	38	706.1	142.5	150.5	6.29	136.21	1.0	0.269	-129.92
YKL172W	187	570.5	138.52	119.0	2.14	136.37	0.9947	0.307	-134.23
YKL173W	99	634.4	150.18	150.0	2.32	147.86	1.0	0.3119	-145.54
YKL174C	85	896.6	128.21	130.0	13.24	114.98	0.9882	0.2261	-101.74
YKL175W	155	720.6	148.54	158.0	6.24	142.3	1.0	0.2889	-136.06
YKL176C	145	784.7	236.28	193.0	128.05	108.23	1.0	0.4064	19.82
YKL177W	8	328.4	132.75	93.0	66.25	66.5	1.0	0.3808	-0.25
YKL178C	485	941.5	292.02	305.0	10.91	281.11	0.9959	0.3912	-270.2
YKL179C	124	934.5	236.14	228.5	4.1	232.03	1.0	0.3216	-227.93
YKL180W	3690	613.6	182.67	158.0	29.1	153.57	0.9995	0.3128	-124.46
YKL181W	1005	871.1	197.0	185.0	39.96	157.04	0.998	0.271	-117.07
YKL182W	3604	974.8	134.25	141.0	4.19	130.07	0.9942	0.2163	-125.88
YKL183W	81	711.0	205.84	210.0	39.16	166.68	1.0	0.339	-127.52
YKL184W	147	785.8	283.8	282.0	25.91	257.88	1.0	0.4337	-231.97
YKL185W	152	778.3	173.66	171.5	37.82	135.85	1.0	0.2938	-98.03
YKL186C	226	558.3	168.11	156.5	38.56	129.55	1.0	0.3194	-91.0
YKL187C	7	867.1	318.71	241.0	3.0	315.71	1.0	0.4598	-312.71
YKL188C	83	858.9	160.45	166.0	3.01	157.43	0.988	0.2406	-154.42
YKL189W	44	837.4	238.0	212.0	40.14	197.86	1.0	0.3437	-157.73
YKL190W	148	636.0	249.17	240.5	41.24	207.93	1.0	0.4035	-166.68
YKL191W	161	765.6	133.71	144.0	2.65	131.06	1.0	0.2435	-128.41
YKL192C	463	517.9	191.78	196.0	18.47	173.31	0.9978	0.3747	-154.84
YKL193C	97	746.6	130.28	121.0	10.64	119.64	0.9794	0.2217	-109.0
YKL194C	54	725.0	188.22	192.0	6.85	181.37	1.0	0.3296	-174.52
YKL195W	223	730.0	174.94	162.0	4.79	170.15	1.0	0.2981	-165.36
YKL196C	1155	698.9	216.77	220.0	20.59	196.18	1.0	0.33	-175.59
YKL197C	18	837.6	261.78	348.0	4.11	257.67	1.0	0.3487	-253.56
YKL198C	62	819.6	154.45	180.0	8.76	145.69	1.0	0.2386	-136.94
YKL201C	39	548.2	181.69	167.0	12.21	169.49	1.0	0.3127	-157.28
YKL202W	5	575.8	440.4	452.0	97.4	343.0	1.0	0.7122	-245.6
YKL203C	74	561.9	108.18	96.0	8.8	99.38	1.0	0.2561	-90.58
YKL204W	84	742.8	209.95	218.5	2.12	207.83	1.0	0.3502	-205.71
YKL205W	257	896.5	134.63	120.0	7.1	127.53	0.9922	0.211	-120.43
YKL206C	178	634.2	112.88	110.5	5.58	107.3	0.9944	0.2048	-101.72
YKL207W	261	575.1	117.05	109.0	10.66	106.39	1.0	0.2466	-95.73
YKL208W	47	681.7	133.51	135.0	2.51	131.0	1.0	0.2294	-128.49
YKL209C	41	902.0	170.34	173.0	1.83	168.51	1.0	0.2996	-166.68
YKL210W	443	861.6	134.75	121.0	5.78	128.97	0.9977	0.2337	-123.19
YKL211C	295	894.5	187.52	184.0	5.36	182.16	0.9966	0.2861	-176.8
YKL212W	261	1008.8	281.15	287.0	19.62	261.53	1.0	0.366	-241.91
YKL213C	312	913.6	130.19	140.0	8.19	122.0	0.9936	0.1986	-113.82
YKL214C	135	543.8	136.75	123.0	22.23	114.52	1.0	0.277	-92.29
YKL215C	59	877.5	251.19	263.0	5.29	245.9	0.9661	0.3588	-240.61
YKL216W	305	808.4	321.32	325.0	10.27	311.05	1.0	0.457	-300.77
YKL217W	40	694.3	161.45	166.5	2.15	159.3	1.0	0.2921	-157.15
YKL218C	175	798.2	230.58	207.0	18.47	212.11	1.0	0.3272	-193.63
YKL219W	64	713.7	183.3	168.5	1.44	181.86	1.0	0.312	-180.42
YKL220C	19	1194.9	461.32	262.0	130.84	330.47	1.0	0.3929	-199.63
YKL221W	8	430.1	188.88	213.5	85.0	103.88	1.0	0.4617	-18.88
YKL222C	28	965.9	313.5	335.0	8.32	305.18	1.0	0.4276	-296.86
YKR001C	291	854.9	176.58	176.0	6.88	169.7	0.9966	0.3071	-162.83
YKR002W	94	680.0	121.6	88.5	16.68	104.91	1.0	0.2448	-88.23
YKR003W	83	634.9	121.93	103.0	7.84	114.08	1.0	0.234	-106.24
YKR004C	72	584.2	108.21	98.0	8.89	99.32	1.0	0.2005	-90.43
YKR005C	21	654.7	265.71	266.0	2.71	263.0	1.0	0.4371	-260.29
YKR006C	106	597.2	130.39	114.5	2.84	127.55	1.0	0.2641	-124.71
YKR007W	80	533.9	124.22	99.0	5.31	118.91	1.0	0.2556	-113.6
YKR008W	72	863.7	153.29	166.0	5.68	147.61	1.0	0.2638	-141.93
YKR009C	94	495.2	171.18	173.0	2.79	168.39	1.0	0.3867	-165.61
YKR010C	60	759.5	189.87	184.5	7.18	182.68	1.0	0.3489	-175.5
YKR011C	152	805.9	184.03	183.5	26.8	157.23	0.9934	0.2727	-130.43
YKR012C	10	334.2	87.7	89.0	24.3	63.4	1.0	0.2607	-39.1
YKR013W	298	728.8	235.55	212.0	10.18	225.37	1.0	0.3767	-215.19
YKR014C	260	646.0	268.5	254.0	32.48	236.02	1.0	0.4475	-203.53
YKR015C	39	664.3	170.74	152.0	8.49	162.26	1.0	0.2653	-153.77
YKR016W	183	903.2	251.39	259.0	8.2	243.19	1.0	0.3542	-234.99
YKR017C	45	846.6	161.87	171.0	17.56	144.31	1.0	0.2305	-126.76
YKR018C	113	922.6	218.02	213.0	4.19	213.82	0.9912	0.3449	-209.63
YKR019C	15	561.4	146.13	157.0	11.6	134.53	1.0	0.3047	-122.93
YKR020W	73	555.2	259.22	244.0	6.67	252.55	1.0	0.4797	-245.88
YKR021W	98	728.7	195.95	196.0	3.59	192.36	1.0	0.3479	-188.77
YKR022C	65	873.9	183.15	194.0	15.28	167.88	0.9846	0.2525	-152.6
YKR023W	42	510.0	130.81	133.0	1.5	129.31	1.0	0.2908	-127.81
YKR024C	92	852.8	132.07	125.0	3.16	128.9	1.0	0.2397	-125.74
YKR025W	52	654.0	116.21	105.5	2.9	113.31	1.0	0.2103	-110.4
YKR026C	239	815.4	235.44	237.0	29.37	206.06	1.0	0.3346	-176.69
YKR027W	61	881.6	132.36	145.0	9.89	122.48	1.0	0.2251	-112.59
YKR028W	64	828.6	194.58	184.0	22.34	172.23	1.0	0.3139	-149.89
YKR029C	65	846.8	140.06	136.0	2.91	137.15	0.9846	0.2204	-134.25
YKR030W	209	718.7	168.19	176.0	14.7	153.49	1.0	0.2761	-138.78
YKR031C	98	902.9	218.48	243.0	3.39	215.09	1.0	0.314	-211.7
YKR034W	36	669.0	141.11	124.5	25.42	115.69	1.0	0.2375	-90.28
YKR035C	139	598.0	167.09	178.0	2.22	164.86	1.0	0.3095	-162.64
YKR036C	54	512.6	164.33	147.5	1.59	162.74	1.0	0.4047	-161.15
YKR037C	91	670.9	184.32	173.0	7.87	176.45	1.0	0.3105	-168.58
YKR038C	71	694.0	123.92	135.0	2.23	121.69	0.9718	0.2278	-119.46
YKR039W	827	779.0	169.66	160.0	9.03	160.63	0.9988	0.3136	-151.59
YKR042W	936	802.1	290.31	285.0	33.73	256.57	1.0	0.432	-222.84
YKR043C	436	625.0	164.02	153.5	5.48	158.55	1.0	0.3039	-153.07
YKR044W	128	667.7	113.27	100.5	7.36	105.91	1.0	0.2074	-98.55
YKR045C	16	603.8	201.69	187.5	13.69	188.0	1.0	0.3485	-174.31
YKR046C	253	794.6	210.15	217.0	6.87	203.28	0.996	0.2982	-196.41
YKR047W	114	318.7	73.5	70.0	31.32	42.18	1.0	0.2285	-10.85
YKR048C	46	982.5	179.85	183.5	6.33	173.52	1.0	0.2064	-167.2
YKR049C	89	462.4	109.96	95.0	6.24	103.72	1.0	0.2395	-97.48
YKR050W	45	713.8	125.31	106.0	5.51	119.8	1.0	0.2346	-114.29
YKR051W	71	729.6	147.17	146.0	23.9	123.27	1.0	0.2571	-99.37
YKR052C	102	896.8	383.33	395.5	17.62	365.72	1.0	0.4801	-348.1
YKR053C	39	462.2	122.08	112.0	30.97	91.1	1.0	0.308	-60.13
YKR054C	53	809.1	160.11	118.0	3.66	156.45	1.0	0.2304	-152.79
YKR055W	52	925.3	358.33	349.5	12.54	345.79	1.0	0.4293	-333.25
YKR056W	87	852.3	107.97	91.0	3.06	104.91	0.9885	0.1752	-101.85
YKR057W	9998	478.8	255.12	253.0	32.22	222.9	1.0	0.5311	-190.68
YKR058W	96	466.4	134.32	121.5	7.59	126.73	0.9792	0.3381	-119.14
YKR059W	2626	765.0	160.38	160.0	6.79	153.59	0.9981	0.2684	-146.79
YKR060W	84	577.6	136.29	110.5	10.48	125.81	1.0	0.2468	-115.33
YKR061W	175	656.3	153.32	142.0	51.99	101.33	0.9943	0.2862	-49.33
YKR062W	95	769.1	238.14	224.0	14.84	223.29	0.9895	0.37	-208.45
YKR063C	90	674.6	181.6	182.5	39.32	142.28	0.9778	0.3136	-102.96
YKR064W	48	924.4	148.15	147.0	13.46	134.69	1.0	0.2241	-121.23
YKR065C	265	585.1	172.38	164.0	7.97	164.42	1.0	0.3205	-156.45
YKR066C	126	691.7	118.91	103.0	4.59	114.33	1.0	0.2074	-109.74
YKR067W	91	711.2	179.55	168.0	3.71	175.84	0.989	0.3378	-172.12
YKR068C	270	650.6	185.51	191.0	20.97	164.54	0.9963	0.2979	-143.57
YKR069W	42	641.2	86.31	82.0	8.64	77.67	1.0	0.204	-69.02
YKR070W	134	802.6	215.76	207.5	5.63	210.13	1.0	0.3382	-204.49
YKR071C	651	711.0	284.09	276.0	2.62	281.47	0.9954	0.4499	-278.84
YKR072C	36	419.9	149.94	142.0	12.42	137.53	0.9722	0.3791	-125.11
YKR073C	6	421.3	225.5	223.0	0.0	225.5	1.0	0.5311	-225.5
YKR074W	594	558.8	172.73	177.0	5.89	166.84	0.9983	0.3198	-160.95
YKR075C	215	661.1	179.65	182.0	13.34	166.31	1.0	0.3309	-152.97
YKR076W	26	724.6	154.96	139.0	25.85	129.12	1.0	0.2449	-103.27
YKR077W	44	774.1	144.59	144.0	8.82	135.77	1.0	0.2404	-126.95
YKR078W	52	733.8	113.67	110.0	7.69	105.98	1.0	0.1957	-98.29
YKR079C	130	798.6	169.42	168.0	14.28	155.15	0.9923	0.2807	-140.87
YKR080W	143	739.1	195.02	203.0	24.22	170.8	1.0	0.3229	-146.59
YKR081C	203	670.5	127.74	104.0	4.04	123.7	0.9901	0.2511	-119.66
YKR082W	138	987.0	119.07	112.5	7.36	111.71	0.9928	0.2226	-104.36
YKR083C	57	471.4	208.35	199.0	25.82	182.53	1.0	0.4612	-156.7
YKR084C	174	881.1	137.21	130.5	4.36	132.86	0.9885	0.2289	-128.5
YKR085C	263	615.8	123.63	129.0	2.94	120.69	0.9962	0.2134	-117.75
YKR086W	48	688.9	150.75	145.5	12.15	138.6	1.0	0.2796	-126.46
YKR087C	60	656.6	136.98	120.5	8.3	128.68	1.0	0.2567	-120.38
YKR088C	128	837.6	142.49	139.0	14.98	127.52	1.0	0.1914	-112.54
YKR089C	52	745.8	106.31	96.0	9.85	96.46	1.0	0.1932	-86.62
YKR090W	61	776.9	181.54	189.0	18.34	163.2	1.0	0.2881	-144.85
YKR091W	288	618.5	174.36	163.0	8.79	165.58	0.9965	0.3241	-156.79
YKR092C	166	657.3	272.6	256.0	5.09	267.51	1.0	0.4899	-262.42
YKR093W	518	806.4	229.5	244.0	9.54	219.96	1.0	0.3969	-210.42
YKR094C	14678	553.8	214.69	202.0	12.55	202.13	0.9999	0.3925	-189.58
YKR095W	61	540.5	174.82	180.0	2.61	172.21	1.0	0.4124	-169.61
YKR095W-A	122	391.2	181.58	168.5	35.23	146.35	1.0	0.4658	-111.12
YKR096W	48	1098.2	133.6	113.5	12.15	121.46	1.0	0.1817	-109.31
YKR097W	12	717.2	254.83	268.0	2.33	252.5	1.0	0.384	-250.17
YKR098C	72	820.9	144.1	152.0	21.42	122.68	1.0	0.2383	-101.26
YKR099W	38	810.9	167.92	141.5	23.66	144.26	1.0	0.2828	-120.61
YKR100C	186	711.8	201.56	140.0	41.69	159.87	0.9946	0.2873	-118.17
YKR101W	31	805.3	193.42	227.0	8.32	185.1	1.0	0.2943	-176.77
YKR102W	12	463.4	167.83	187.5	28.92	138.92	1.0	0.4034	-110.0
YKR103W	39	1117.6	673.59	274.0	624.95	48.64	1.0	0.4544	576.31
YKR104W	7	1164.6	621.29	322.0	373.57	247.71	1.0	0.4437	125.86
YKR105C	12	798.2	157.5	143.5	0.5	157.0	1.0	0.3152	-156.5
YKR106W	15	683.5	149.0	87.0	4.2	144.8	1.0	0.1691	-140.6
YLL001W	112	687.7	125.92	110.5	7.19	118.73	1.0	0.2246	-111.54
YLL002W	62	714.2	130.81	135.0	6.48	124.32	1.0	0.2401	-117.84
YLL003W	51	690.1	119.82	92.0	29.63	90.2	1.0	0.2543	-60.57
YLL004W	49	827.2	115.71	102.0	1.04	114.67	1.0	0.2086	-113.63
YLL005C	66	618.7	87.97	73.0	39.2	48.77	0.9697	0.132	-9.58
YLL006W	36	763.1	115.06	60.5	5.81	109.25	1.0	0.1568	-103.44
YLL007C	40	995.9	162.0	162.0	15.12	146.88	1.0	0.2246	-131.75
YLL008W	173	702.6	162.01	155.0	1.95	160.06	0.9884	0.2966	-158.12
YLL009C	323	368.2	170.21	162.0	25.14	145.08	1.0	0.4595	-119.94
YLL010C	26	682.2	210.31	225.5	40.65	169.65	1.0	0.3423	-129.0
YLL011W	74	793.4	120.19	106.5	2.03	118.16	1.0	0.1993	-116.14
YLL012W	103	670.9	147.36	146.0	6.5	140.86	0.9903	0.3092	-134.37
YLL013C	23	600.3	205.04	196.0	13.78	191.26	1.0	0.3472	-177.48
YLL014W	483	449.6	151.71	153.0	6.81	144.9	1.0	0.3373	-138.09
YLL015W	240	870.8	102.5	84.0	2.6	99.9	0.9917	0.1622	-97.3
YLL016W	38	970.6	212.26	210.5	13.89	198.37	0.9474	0.2357	-184.47
YLL018C	650	879.7	179.61	163.0	2.89	176.72	0.9985	0.2797	-173.82
YLL018C-A	16	850.5	587.56	593.5	25.5	562.06	1.0	0.6915	-536.56
YLL019C	33	799.2	213.45	188.0	51.55	161.91	1.0	0.2851	-110.36
YLL020C	16	365.9	110.81	104.0	25.25	85.56	1.0	0.2916	-60.31
YLL021W	53	683.4	155.02	147.0	1.91	153.11	0.9811	0.3027	-151.21
YLL022C	36	734.1	104.31	86.0	2.56	101.75	1.0	0.176	-99.19
YLL023C	172	604.6	142.73	140.0	14.23	128.5	0.9884	0.2623	-114.27
YLL024C	4072	956.2	180.93	165.0	5.08	175.85	0.9961	0.2729	-170.77
YLL025W	8	468.4	236.0	226.0	5.38	230.62	1.0	0.5409	-225.25
YLL026W	3981	883.9	130.41	124.0	3.98	126.43	0.9945	0.2136	-122.45
YLL027W	101	556.5	155.85	134.0	35.45	120.41	1.0	0.299	-84.96
YLL028W	104	1083.1	378.23	409.0	21.91	356.32	1.0	0.4474	-334.4
YLL029W	193	852.8	147.07	151.0	11.25	135.82	0.9896	0.2394	-124.56
YLL031C	105	700.0	139.02	155.0	3.79	135.23	1.0	0.2898	-131.44
YLL032C	39	952.2	268.08	297.0	35.05	233.03	1.0	0.3376	-197.97
YLL033W	38	507.5	183.16	152.0	74.74	108.42	0.9737	0.3824	-33.68
YLL034C	106	810.3	160.25	158.0	7.13	153.12	1.0	0.2683	-145.99
YLL035W	49	781.5	187.53	189.0	15.82	171.71	1.0	0.3457	-155.9
YLL036C	79	894.9	121.62	137.0	4.35	117.27	1.0	0.1724	-112.91
YLL037W	32	259.5	52.09	36.0	9.56	42.53	1.0	0.1837	-32.97
YLL039C	1250	751.1	154.12	135.0	20.84	133.28	0.9968	0.2434	-112.44
YLL040C	91	639.5	92.6	81.0	6.64	85.97	0.978	0.2088	-79.33
YLL041C	153	950.3	382.07	412.0	22.69	359.37	1.0	0.415	-336.68
YLL042C	28	451.4	110.54	121.5	22.46	88.07	1.0	0.2393	-65.61
YLL043W	100	665.2	184.46	182.5	7.26	177.2	1.0	0.3642	-169.94
YLL045C	4776	659.1	129.23	121.0	5.47	123.75	0.9985	0.2295	-118.28
YLL047W	8	496.5	277.5	268.5	4.0	273.5	1.0	0.5695	-269.5
YLL048C	438	859.2	138.35	116.0	12.91	125.44	0.9932	0.229	-112.53
YLL049W	164	507.2	112.28	97.5	18.04	94.24	1.0	0.2253	-76.21
YLL050C	2234	546.4	175.16	159.0	17.38	157.78	0.9991	0.3248	-140.4
YLL051C	74	891.4	185.86	184.0	17.43	168.43	0.9865	0.3046	-151.0
YLL052C	31	892.2	484.68	529.0	12.9	471.77	1.0	0.5048	-458.87
YLL053C	119	691.0	319.13	292.0	178.03	141.1	1.0	0.4387	36.93
YLL054C	60	941.0	300.97	354.5	6.82	294.15	1.0	0.3751	-287.33
YLL055W	168	686.8	114.99	118.0	10.08	104.92	0.994	0.2164	-94.84
YLL056C	14	810.9	209.86	192.5	71.14	138.71	1.0	0.2683	-67.57
YLL057C	17	564.0	198.94	200.0	7.94	191.0	1.0	0.4016	-183.06
YLL058W	59	741.8	135.63	95.0	26.59	109.03	1.0	0.2312	-82.44
YLL059C	8	437.4	285.0	299.0	20.5	264.5	1.0	0.6075	-244.0
YLL060C	83	782.6	315.71	286.0	48.72	266.99	1.0	0.4202	-218.27
YLL061W	34	739.9	149.24	135.0	1.65	147.59	0.9706	0.2957	-145.94
YLL062C	21	798.9	140.38	137.0	8.14	132.24	1.0	0.2098	-124.1
YLL063C	11	355.8	129.55	155.0	0.27	129.27	1.0	0.3833	-129.0
YLL066C	34	598.8	91.21	78.5	2.15	89.06	1.0	0.1878	-86.91
YLL067C	8	501.4	51.12	64.5	1.0	50.12	0.875	0.1001	-49.12
YLR001C	67	793.0	108.0	101.0	8.37	99.63	0.9851	0.188	-91.25
YLR002C	218	835.2	121.63	121.0	3.15	118.48	1.0	0.2134	-115.33
YLR003C	324	636.6	130.47	121.0	3.25	127.22	0.9969	0.2333	-123.97
YLR004C	27	613.3	122.15	90.0	17.41	104.74	1.0	0.221	-87.33
YLR005W	79	863.6	195.0	201.0	6.81	188.19	1.0	0.3099	-181.38
YLR006C	78	688.5	144.6	116.0	10.26	134.35	1.0	0.2702	-124.09
YLR007W	179	718.8	122.68	118.0	25.77	96.91	1.0	0.242	-71.15
YLR008C	300	694.9	305.22	305.5	37.18	268.04	1.0	0.4548	-230.85
YLR009W	96	503.0	177.92	143.0	27.73	150.19	1.0	0.3867	-122.46
YLR010C	60	517.0	187.82	193.0	3.23	184.58	1.0	0.3859	-181.35
YLR011W	37	601.7	304.86	305.0	11.35	293.51	1.0	0.535	-282.16
YLR014C	29	823.1	261.55	281.0	3.34	258.21	0.9655	0.3727	-254.86
YLR015W	77	716.6	188.9	193.0	17.56	171.34	0.987	0.312	-153.78
YLR016C	67	582.4	140.06	122.0	15.34	124.72	1.0	0.2411	-109.37
YLR017W	247	688.2	127.5	133.0	1.76	125.74	1.0	0.2481	-123.98
YLR018C	118	695.3	146.28	142.5	14.2	132.08	1.0	0.2446	-117.87
YLR019W	86	705.1	255.49	255.5	10.62	244.87	1.0	0.4228	-234.26
YLR020C	122	824.0	196.43	188.0	5.17	191.25	1.0	0.3208	-186.08
YLR021W	147	560.3	112.61	108.0	15.27	97.34	1.0	0.2075	-82.07
YLR022C	318	651.3	106.61	80.5	9.54	97.07	0.9969	0.1808	-87.53
YLR023C	103	1187.3	414.23	457.0	33.43	380.81	0.9903	0.402	-347.38
YLR024C	42	703.1	104.0	82.0	15.83	88.17	1.0	0.1679	-72.33
YLR025W	90	584.2	180.64	163.0	21.58	159.07	1.0	0.3461	-137.49
YLR026C	55	644.8	149.93	131.0	19.93	130.0	1.0	0.2691	-110.07
YLR027C	479	741.8	102.53	87.0	4.86	97.67	1.0	0.1882	-92.8
YLR028C	303	710.4	143.38	115.0	20.1	123.28	0.9901	0.2721	-103.18
YLR029C	8597	640.6	164.61	146.0	8.34	156.27	0.9984	0.2824	-147.93
YLR030W	18	622.6	211.94	172.0	8.61	203.33	1.0	0.3358	-194.72
YLR031W	21	703.7	282.38	129.0	200.76	81.62	1.0	0.3156	119.14
YLR032W	57	806.6	90.68	78.0	3.79	86.89	1.0	0.1586	-83.11
YLR033W	157	686.2	210.99	207.0	5.65	205.34	1.0	0.3618	-199.69
YLR034C	109	881.7	236.04	232.0	36.21	199.83	1.0	0.3412	-163.61
YLR035C	22	1017.2	272.73	274.0	9.27	263.45	1.0	0.3341	-254.18
YLR035C-A	580	814.4	332.34	335.0	2.55	329.78	0.9966	0.4475	-327.23
YLR036C	154	667.5	274.63	258.5	102.73	171.9	1.0	0.4143	-69.18
YLR037C	16	681.8	387.81	408.5	193.19	194.62	1.0	0.5512	-1.44
YLR038C	1142	529.4	299.18	312.0	37.3	261.88	1.0	0.5517	-224.57
YLR039C	74	810.9	105.36	78.0	4.58	100.78	0.973	0.1916	-96.2
YLR040C	528	686.8	207.56	209.0	24.88	182.68	0.9981	0.3341	-157.8
YLR041W	5	316.0	89.6	75.0	5.0	84.6	0.8	0.2251	-79.6
YLR042C	157	507.6	190.22	186.0	4.91	185.31	1.0	0.3891	-180.39
YLR043C	1591	444.9	158.59	166.0	20.15	138.44	0.9994	0.3559	-118.3
YLR044C	28349	790.8	125.11	136.0	5.38	119.73	0.9973	0.2333	-114.35
YLR045C	39	745.3	175.92	149.0	37.15	138.77	1.0	0.3296	-101.62
YLR046C	52	577.8	122.46	83.5	32.44	90.02	1.0	0.1971	-57.58
YLR047C	11	772.4	363.91	343.0	68.09	295.82	1.0	0.5037	-227.73
YLR048W	1268	705.3	287.77	293.0	41.44	246.33	0.9961	0.4419	-204.88
YLR049C	100	653.3	145.63	131.5	9.61	136.02	0.99	0.2847	-126.41
YLR050C	124	498.5	179.93	179.5	13.73	166.2	1.0	0.3847	-152.48
YLR051C	200	633.3	152.22	133.0	8.3	143.93	1.0	0.2661	-135.63
YLR052W	109	622.2	197.58	172.0	4.57	193.01	1.0	0.3458	-188.44
YLR053C	23	484.6	250.57	228.0	40.3	210.26	1.0	0.522	-169.96
YLR054C	145	658.7	263.01	246.0	4.63	258.39	1.0	0.4144	-253.76
YLR055C	34	539.1	82.68	53.5	2.53	80.15	0.9706	0.1743	-77.62
YLR056W	666	752.1	179.38	184.0	17.69	161.69	1.0	0.304	-144.0
YLR057W	96	570.7	128.77	108.5	4.67	124.1	0.9896	0.2824	-119.44
YLR058C	285	799.5	185.65	181.0	7.71	177.94	0.9965	0.313	-170.24
YLR059C	103	736.0	227.02	236.0	9.29	217.73	1.0	0.3385	-208.44
YLR060W	684	813.5	153.07	150.5	5.45	147.61	0.9985	0.2722	-142.16
YLR061W	165	466.2	139.7	138.0	16.65	123.05	1.0	0.313	-106.4
YLR062C	4636	438.9	134.46	120.0	17.3	117.16	0.9994	0.3111	-99.86
YLR063W	33	633.1	223.88	100.0	3.15	220.73	1.0	0.2873	-217.58
YLR064W	397	663.2	150.35	152.0	16.55	133.8	0.9975	0.269	-117.25
YLR065C	564	608.9	161.35	156.0	18.53	142.82	1.0	0.2782	-124.29
YLR066W	431	549.6	153.62	148.0	13.12	140.5	1.0	0.3007	-127.38
YLR067C	54	703.8	110.5	97.0	7.61	102.89	1.0	0.2296	-95.28
YLR068W	19	476.8	167.89	185.0	6.79	161.11	1.0	0.3753	-154.32
YLR069C	118	775.8	170.97	169.0	3.69	167.27	0.9915	0.3118	-163.58
YLR070C	23	513.0	155.74	174.0	0.91	154.83	1.0	0.3341	-153.91
YLR071C	80	855.0	128.12	143.5	2.22	125.9	1.0	0.2221	-123.68
YLR072W	18	622.3	97.44	84.5	2.28	95.17	1.0	0.2322	-92.89
YLR073C	43	585.6	181.67	168.0	39.81	141.86	1.0	0.3127	-102.05
YLR074C	146	571.5	155.77	135.5	19.51	136.26	1.0	0.2756	-116.75
YLR075W	12054	800.9	168.82	153.0	10.21	158.62	0.9998	0.2099	-148.41
YLR076C	5046	390.1	146.93	131.0	2.28	144.65	0.9998	0.3904	-142.37
YLR077W	76	774.7	188.45	182.5	2.71	185.74	0.9868	0.3196	-183.03
YLR078C	286	636.5	145.02	139.5	20.24	124.78	1.0	0.2527	-104.53
YLR079W	35	544.1	152.6	163.0	11.63	140.97	0.9429	0.314	-129.34
YLR080W	37	655.6	126.81	114.0	0.86	125.95	1.0	0.2442	-125.08
YLR081W	14	619.8	195.79	200.0	3.64	192.14	0.9286	0.3542	-188.5
YLR082C	49	799.1	362.49	361.0	10.06	352.43	1.0	0.5094	-342.37
YLR083C	246	819.4	209.25	219.0	9.18	200.07	1.0	0.3641	-190.88
YLR084C	83	863.0	106.51	97.0	8.34	98.17	1.0	0.1978	-89.83
YLR085C	64	688.9	119.8	112.0	6.36	113.44	0.9844	0.2269	-107.08
YLR086W	37	753.9	168.97	112.0	3.54	165.43	1.0	0.2279	-161.89
YLR087C	67	829.5	148.78	159.0	5.37	143.4	0.9701	0.2475	-138.03
YLR088W	102	954.3	236.12	238.5	6.75	229.37	1.0	0.3462	-222.63
YLR089C	307	852.7	155.06	139.0	24.9	130.17	0.9902	0.2341	-105.27
YLR090W	44	812.9	125.36	104.5	6.59	118.77	1.0	0.187	-112.18
YLR091W	29	749.2	302.28	307.0	36.28	266.0	1.0	0.4323	-229.72
YLR092W	34	604.2	172.62	175.0	40.85	131.76	1.0	0.3695	-90.91
YLR093C	227	774.0	238.03	244.0	25.33	212.7	0.9956	0.3309	-187.37
YLR094C	51	922.4	142.06	138.0	5.69	136.37	1.0	0.2041	-130.69
YLR095C	48	901.4	97.4	95.5	3.19	94.21	1.0	0.1473	-91.02
YLR096W	101	857.8	153.95	170.0	5.01	148.94	0.9901	0.2509	-143.93
YLR097C	95	714.7	164.48	160.0	10.13	154.36	1.0	0.2764	-144.23
YLR098C	74	748.6	180.43	155.5	5.18	175.26	1.0	0.3212	-170.08
YLR099C	124	712.8	138.06	121.5	7.65	130.41	1.0	0.2369	-122.77
YLR099W-A	133	348.5	110.32	90.0	16.39	93.93	1.0	0.3094	-77.54
YLR100W	405	985.3	135.9	142.0	7.58	128.33	0.9951	0.1431	-120.75
YLR101C	168	333.0	56.45	62.5	12.45	44.0	1.0	0.1633	-31.55
YLR102C	29	536.5	173.79	171.0	2.31	171.48	1.0	0.3559	-169.17
YLR103C	51	752.6	117.78	90.0	2.37	115.41	1.0	0.2141	-113.04
YLR104W	166	463.4	119.43	117.0	21.14	98.28	1.0	0.2584	-77.14
YLR105C	100	672.4	114.09	97.0	6.14	107.95	1.0	0.203	-101.81
YLR106C	466	746.4	184.02	183.0	2.78	181.24	0.9957	0.3154	-178.46
YLR107W	172	775.5	137.85	122.5	5.0	132.85	0.9942	0.2304	-127.85
YLR108C	135	718.3	189.21	193.0	7.84	181.37	1.0	0.3231	-173.53
YLR109W	3659	524.1	127.7	132.0	15.17	112.53	0.9997	0.2647	-97.37
YLR110C	18008	510.4	165.19	168.0	24.04	141.15	0.9998	0.329	-117.12
YLR112W	13	681.9	389.85	422.0	37.62	352.23	1.0	0.5742	-314.62
YLR113W	244	851.5	204.49	191.5	47.98	156.51	1.0	0.2989	-108.53
YLR114C	76	670.2	373.54	403.0	3.3	370.24	1.0	0.5719	-366.93
YLR115W	83	721.1	160.29	155.0	2.4	157.89	0.988	0.2875	-155.49
YLR116W	30	895.5	207.4	204.5	1.9	205.5	1.0	0.3044	-203.6
YLR117C	59	784.9	187.34	192.0	13.37	173.97	1.0	0.3127	-160.59
YLR118C	155	604.7	159.46	136.0	12.89	146.57	1.0	0.2935	-133.68
YLR119W	93	514.8	145.59	128.0	20.41	125.18	0.9892	0.324	-104.77
YLR120C	138	1051.7	291.99	328.0	20.75	271.25	1.0	0.3235	-250.5
YLR120W-A	6	243.0	152.83	167.5	45.83	107.0	1.0	0.5938	-61.17
YLR121C	188	823.9	164.57	166.0	6.63	157.94	1.0	0.2529	-151.3
YLR122C	20	657.6	382.65	359.5	188.5	194.15	1.0	0.5047	-5.65
YLR125W	10	1003.3	806.0	821.5	2.7	803.3	1.0	0.8035	-800.6
YLR126C	31	633.3	219.16	149.0	65.19	153.97	1.0	0.3493	-88.77
YLR127C	73	876.1	151.41	175.0	7.21	144.21	1.0	0.2047	-137.0
YLR128W	22	950.4	297.05	300.0	13.86	283.18	1.0	0.3302	-269.32
YLR129W	237	695.4	137.96	134.0	4.22	133.73	0.9873	0.2517	-129.51
YLR130C	230	688.8	144.63	129.5	17.09	127.54	0.987	0.2498	-110.46
YLR131C	20	742.0	97.35	85.5	1.3	96.05	0.95	0.1676	-94.75
YLR132C	36	914.1	334.81	377.5	12.67	322.14	0.9722	0.3952	-309.47
YLR133W	70	860.2	280.49	174.0	8.13	272.36	0.9857	0.3704	-264.23
YLR134W	42	785.4	241.55	199.5	73.55	168.0	1.0	0.3767	-94.45
YLR135W	40	725.9	150.95	156.5	6.88	144.07	0.975	0.2639	-137.2
YLR136C	15	553.6	262.33	243.0	15.4	246.93	1.0	0.518	-231.53
YLR137W	32	615.1	98.53	97.5	7.72	90.81	0.9688	0.2205	-83.09
YLR138W	80	582.4	95.81	74.5	8.39	87.42	1.0	0.223	-79.04
YLR139C	20	845.8	184.75	163.0	6.05	178.7	1.0	0.2736	-172.65
YLR140W	9	378.7	110.89	129.0	63.11	47.78	1.0	0.3	15.33
YLR141W	34	685.8	442.59	435.5	12.09	430.5	1.0	0.6855	-418.41
YLR142W	111	745.4	172.59	186.0	4.07	168.52	1.0	0.322	-164.45
YLR143W	73	1131.2	164.6	171.0	5.11	159.49	0.9863	0.2086	-154.38
YLR144C	102	821.4	162.73	164.5	2.83	159.89	1.0	0.2745	-157.06
YLR145W	35	566.5	97.23	70.0	1.69	95.54	1.0	0.1881	-93.86
YLR146C	197	592.8	134.75	144.0	7.26	127.49	0.9949	0.2702	-120.23
YLR146W-A	302	297.1	125.92	123.0	12.22	113.71	1.0	0.4125	-101.49
YLR147C	154	419.1	151.16	135.5	10.33	140.83	1.0	0.3637	-130.5
YLR148W	115	919.7	167.45	167.0	6.78	160.67	0.9913	0.2765	-153.89
YLR149C	31	807.5	218.97	211.0	4.94	214.03	1.0	0.3912	-209.1
YLR150W	4357	675.4	235.96	235.0	7.47	228.49	0.9998	0.3911	-221.02
YLR151C	15	631.0	211.8	141.0	8.6	203.2	1.0	0.333	-194.6
YLR152C	86	612.0	147.4	157.5	5.9	141.5	1.0	0.3019	-135.6
YLR153C	924	934.1	283.96	279.0	5.24	278.72	0.9978	0.3991	-273.48
YLR154C	48	441.2	141.98	133.0	33.9	108.08	1.0	0.3226	-74.19
YLR154C-G	577	1032.0	894.74	737.0	364.06	530.68	1.0	0.8008	-166.61
YLR154C-H	211	154.2	51.53	14.0	6.2	45.33	1.0	0.2428	-39.13
YLR154W-A	1948	1304.9	1133.13	1059.0	490.0	643.14	1.0	0.8475	-153.14
YLR154W-B	309	805.5	658.62	510.0	114.08	544.54	1.0	0.7413	-430.47
YLR154W-C	1960	705.4	453.81	244.5	272.45	181.35	0.9923	0.4934	91.1
YLR154W-E	9291	323.7	200.3	165.0	35.53	164.77	0.9998	0.5521	-129.23
YLR154W-F	3920	955.9	826.33	608.0	626.05	200.28	1.0	0.7991	425.77
YLR155C	274	529.8	156.25	148.5	9.73	146.53	0.9964	0.3043	-136.8
YLR156C-A	217	150.6	47.45	13.0	4.56	42.88	1.0	0.2294	-38.32
YLR157C	279	529.2	160.16	148.0	12.99	147.17	1.0	0.3133	-134.18
YLR157C-B	3380	1071.8	338.84	341.0	2.84	335.99	0.9962	0.3606	-333.15
YLR157C-C	235	160.1	57.44	12.0	7.9	49.54	1.0	0.2407	-41.63
YLR158C	276	540.9	170.74	155.5	6.29	164.44	1.0	0.3162	-158.15
YLR159C-A	239	161.7	57.92	18.0	7.63	50.29	1.0	0.2645	-42.66
YLR160C	287	521.7	162.19	153.0	4.73	157.46	1.0	0.3196	-152.72
YLR162W	10949	748.2	575.76	475.0	527.65	48.1	0.9999	0.6608	479.55
YLR162W-A	41	573.7	429.95	451.0	189.54	240.41	1.0	0.6774	-50.88
YLR163C	77	816.0	188.31	153.0	51.69	136.62	1.0	0.2898	-84.94
YLR164W	20	510.5	198.0	179.0	42.4	155.6	1.0	0.4027	-113.2
YLR165C	78	583.8	146.13	136.0	6.21	139.92	1.0	0.2957	-133.72
YLR166C	168	1124.6	109.08	116.5	5.86	103.22	0.994	0.1551	-97.36
YLR167W	37330	499.8	115.46	105.0	27.88	87.58	0.9995	0.2403	-59.69
YLR168C	201	647.7	179.77	177.0	16.54	163.23	1.0	0.3065	-146.7
YLR169W	26	385.1	115.31	105.0	48.42	66.88	1.0	0.2847	-18.46
YLR170C	70	724.6	302.49	309.5	18.07	284.41	1.0	0.4033	-266.34
YLR172C	246	709.5	125.73	121.5	5.74	119.99	0.9797	0.2185	-114.25
YLR173W	28	1217.4	395.54	356.0	16.39	379.14	1.0	0.3422	-362.75
YLR174W	21	570.6	161.86	138.0	36.86	125.0	1.0	0.3029	-88.14
YLR175W	197	547.3	136.95	128.0	3.5	133.46	0.9746	0.3202	-129.96
YLR176C	65	625.3	137.31	109.0	5.11	132.2	1.0	0.2737	-127.09
YLR177W	116	760.1	124.76	84.0	28.28	96.47	0.9914	0.2037	-68.19
YLR178C	110	612.5	149.78	133.5	40.79	108.99	1.0	0.2534	-68.2
YLR179C	346	597.5	168.46	167.0	26.47	141.99	0.9942	0.307	-115.51
YLR180W	628	966.4	294.23	293.0	14.53	279.7	0.9936	0.3573	-265.16
YLR181C	82	661.3	170.66	160.0	18.84	151.82	1.0	0.3159	-132.98
YLR182W	98	666.6	174.52	188.5	2.36	172.16	1.0	0.3062	-169.81
YLR183C	112	827.2	188.03	167.0	7.5	180.53	0.9911	0.3063	-173.03
YLR185W	5899	378.7	143.9	126.0	14.5	129.4	0.9998	0.3787	-114.91
YLR186W	369	561.0	129.95	130.0	12.64	117.31	1.0	0.2799	-104.67
YLR187W	21	750.5	150.24	116.0	20.95	129.29	0.9524	0.2405	-108.33
YLR188W	69	975.0	213.55	212.0	4.23	209.32	1.0	0.2952	-205.09
YLR189C	75	830.0	131.33	139.0	1.99	129.35	0.9867	0.2289	-127.36
YLR190W	71	994.5	441.86	437.0	32.24	409.62	1.0	0.509	-377.38
YLR191W	92	624.7	131.83	107.0	3.33	128.5	0.9783	0.2564	-125.17
YLR192C	257	763.8	271.97	267.0	11.22	260.75	1.0	0.4066	-249.53
YLR193C	92	548.8	216.2	217.0	10.36	205.84	1.0	0.4215	-195.48
YLR194C	843	619.5	118.01	128.0	7.53	110.48	0.9988	0.2224	-102.95
YLR195C	321	900.1	175.31	145.0	3.63	171.68	1.0	0.2316	-168.05
YLR196W	235	687.9	160.39	142.0	3.66	156.73	0.9787	0.3132	-153.07
YLR197W	176	970.8	140.05	172.0	13.34	126.72	0.9034	0.1469	-113.38
YLR198C	434	384.0	165.44	151.0	1.63	163.81	1.0	0.4457	-162.18
YLR199C	77	659.7	200.56	201.0	11.92	188.64	1.0	0.3573	-176.71
YLR200W	204	487.5	191.97	184.0	17.17	174.79	1.0	0.3948	-157.62
YLR201C	114	601.8	173.54	169.5	25.99	147.55	1.0	0.314	-121.56
YLR202C	24	387.6	134.42	102.0	79.0	55.42	1.0	0.3354	23.58
YLR203C	107	733.1	159.71	160.0	11.75	147.96	1.0	0.284	-136.21
YLR204W	48	447.7	186.23	167.0	8.62	177.6	1.0	0.4252	-168.98
YLR205C	70	568.9	122.51	129.5	6.51	116.0	1.0	0.266	-109.49
YLR206W	112	739.2	168.9	173.0	10.53	158.38	1.0	0.3029	-147.85
YLR207W	51	573.9	105.29	77.0	7.1	98.2	1.0	0.2257	-91.1
YLR208W	266	832.0	305.7	301.5	23.03	282.67	1.0	0.429	-259.64
YLR209C	83	762.4	172.92	182.0	3.58	169.34	1.0	0.2592	-165.76
YLR210W	39	708.6	175.77	176.0	8.67	167.1	1.0	0.3094	-158.44
YLR211C	50	794.5	389.82	395.0	11.18	378.64	1.0	0.5288	-367.46
YLR212C	38	808.0	145.5	159.0	6.26	139.24	1.0	0.2506	-132.97
YLR213C	25	613.1	164.04	161.0	1.64	162.4	0.96	0.3692	-160.76
YLR214W	225	876.2	175.52	171.0	11.82	163.71	0.9956	0.2744	-151.89
YLR215C	56	698.9	140.39	135.0	6.11	134.29	0.9821	0.2578	-128.18
YLR216C	2340	732.8	141.57	135.5	4.6	136.97	0.9983	0.2362	-132.37
YLR217W	7	227.6	46.71	2.0	0.0	46.71	0.8571	0.1106	-46.71
YLR218C	19	349.9	101.21	99.0	0.84	100.37	0.9474	0.2721	-99.53
YLR219W	59	914.4	196.88	197.0	11.02	185.86	1.0	0.2868	-174.85
YLR220W	174	831.2	233.71	236.0	31.91	201.79	1.0	0.3258	-169.88
YLR221C	450	704.7	269.54	260.0	11.24	258.3	1.0	0.4107	-247.07
YLR222C	298	681.7	143.72	120.5	2.09	141.64	0.9933	0.2792	-139.55
YLR222C-A	23	279.5	104.7	91.0	59.17	45.52	1.0	0.3267	13.65
YLR223C	46	753.4	222.28	201.5	18.41	203.87	1.0	0.3562	-185.46
YLR224W	108	798.0	173.79	170.5	44.81	128.98	1.0	0.2609	-84.18
YLR225C	380	874.8	167.75	170.0	9.73	158.02	0.9974	0.2477	-148.29
YLR226W	17	1179.8	426.71	509.0	7.47	419.24	1.0	0.3621	-411.76
YLR227C	244	571.7	136.04	93.5	75.21	60.83	0.9959	0.2271	14.38
YLR227W-B	1244	981.1	326.65	331.0	2.24	324.41	0.9976	0.3849	-322.17
YLR228C	80	701.4	212.18	211.5	7.31	204.86	1.0	0.363	-197.55
YLR229C	445	681.5	226.42	251.0	108.64	117.78	1.0	0.328	-9.14
YLR231C	43	797.6	146.81	152.0	12.51	134.3	1.0	0.2596	-121.79
YLR233C	25	722.8	194.92	162.0	39.84	155.08	1.0	0.4392	-115.24
YLR236C	6	363.3	195.5	192.0	3.33	192.17	1.0	0.5498	-188.83
YLR237W	52	856.0	215.17	200.5	7.27	207.9	0.9808	0.329	-200.63
YLR238W	30	627.2	158.73	135.5	9.23	149.5	1.0	0.3176	-140.27
YLR239C	62	777.5	160.47	153.5	12.9	147.56	1.0	0.2395	-134.66
YLR240W	72	642.3	168.1	172.0	1.69	166.4	1.0	0.3318	-164.71
YLR241W	117	901.9	153.69	153.0	7.56	146.13	1.0	0.275	-138.56
YLR242C	76	641.5	99.82	91.5	15.18	84.63	1.0	0.1905	-69.45
YLR243W	155	678.7	173.62	168.0	20.5	153.12	1.0	0.3084	-132.63
YLR244C	336	747.3	117.44	111.5	15.94	101.5	0.997	0.203	-85.56
YLR245C	10	491.1	129.2	146.5	10.9	118.3	1.0	0.2438	-107.4
YLR246W	62	592.0	118.15	128.5	4.27	113.87	1.0	0.261	-109.6
YLR247C	49	536.8	70.84	74.0	2.53	68.31	0.9796	0.166	-65.78
YLR248W	146	830.6	197.55	177.0	32.31	165.24	1.0	0.3101	-132.93
YLR249W	3629	625.7	150.76	141.0	2.92	147.84	0.9895	0.3423	-144.92
YLR250W	489	701.6	183.12	180.0	20.05	163.08	1.0	0.2823	-143.03
YLR251W	103	913.0	384.1	365.0	85.15	298.95	1.0	0.4159	-213.81
YLR252W	51	352.9	117.59	102.0	39.24	78.35	1.0	0.3251	-39.12
YLR253W	67	648.2	130.42	144.0	4.61	125.81	1.0	0.2795	-121.19
YLR254C	112	529.3	134.29	138.5	17.59	116.7	1.0	0.2723	-99.11
YLR256W	1159	417.2	270.29	273.0	62.46	207.83	0.9991	0.683	-145.36
YLR257W	738	725.7	172.14	154.0	36.63	135.51	0.9932	0.2721	-98.87
YLR258W	82	873.1	328.48	352.5	5.79	322.68	1.0	0.4842	-316.89
YLR259C	1636	717.7	173.52	172.0	4.94	168.58	0.9976	0.3174	-163.65
YLR260W	78	857.3	185.36	173.0	25.19	160.17	1.0	0.2805	-134.97
YLR261C	57	449.0	240.54	247.0	2.47	238.07	1.0	0.535	-235.6
YLR262C	320	813.5	261.14	256.5	25.61	235.53	1.0	0.3218	-209.92
YLR262C-A	3568	351.6	163.97	150.0	19.2	144.77	1.0	0.4566	-125.56
YLR263W	32	412.7	82.81	78.0	2.06	80.75	0.9062	0.2231	-78.69
YLR264C-A	1960	425.2	318.12	250.0	236.44	81.68	1.0	0.7008	154.75
YLR264W	1304	833.9	644.68	657.0	10.34	634.35	1.0	0.7675	-624.01
YLR265C	91	613.6	169.66	173.0	26.66	143.0	0.989	0.3052	-116.34
YLR266C	92	788.8	82.83	65.5	4.79	78.03	1.0	0.1191	-73.24
YLR267W	28	781.3	114.29	114.0	16.54	97.75	1.0	0.1952	-81.21
YLR268W	159	699.2	176.31	167.0	25.89	150.42	1.0	0.2675	-124.53
YLR269C	14	252.6	126.0	125.0	100.86	25.14	1.0	0.4815	75.71
YLR270W	100	755.3	242.5	242.5	22.11	220.39	0.99	0.4001	-198.28
YLR271W	45	696.6	212.02	193.0	35.27	176.76	1.0	0.3388	-141.49
YLR272C	47	914.7	128.72	100.0	24.72	104.0	1.0	0.2306	-79.28
YLR273C	12	1077.2	177.92	187.0	17.0	160.92	1.0	0.1832	-143.92
YLR274W	155	890.6	178.85	192.0	4.01	174.84	0.9935	0.2871	-170.83
YLR275W	206	602.0	315.48	313.0	26.95	288.53	1.0	0.5285	-261.59
YLR276C	347	680.8	116.28	98.0	6.08	110.2	0.9971	0.2154	-104.12
YLR277C	128	593.7	114.36	90.0	5.48	108.88	1.0	0.2518	-103.39
YLR278C	135	663.5	95.96	106.0	5.47	90.48	1.0	0.2117	-85.01
YLR279W	14	405.9	169.07	158.0	3.29	165.79	1.0	0.4149	-162.5
YLR283W	73	716.8	109.7	123.0	9.01	100.68	1.0	0.1897	-91.67
YLR284C	43	699.4	146.67	123.0	26.67	120.0	1.0	0.2481	-93.33
YLR285C-A	47	270.3	140.26	133.0	98.36	41.89	1.0	0.4856	56.47
YLR285W	263	772.1	206.78	202.0	7.24	199.54	1.0	0.2903	-192.3
YLR286C	590	1060.9	240.95	234.5	37.66	203.29	0.9983	0.2873	-165.63
YLR287C	241	862.4	250.78	241.0	20.44	230.34	1.0	0.3352	-209.9
YLR287C-A	15191	425.8	245.84	233.0	12.65	233.18	1.0	0.5757	-220.53
YLR288C	65	716.9	149.6	143.0	11.25	138.35	1.0	0.2851	-127.11
YLR289W	29	783.3	175.38	195.0	10.03	165.34	1.0	0.3295	-155.31
YLR290C	170	709.7	166.22	174.0	4.38	161.84	1.0	0.2727	-157.46
YLR291C	186	672.0	182.01	174.0	7.39	174.61	1.0	0.3784	-167.22
YLR292C	609	635.2	185.82	174.0	8.59	177.23	1.0	0.315	-168.64
YLR293C	2153	683.8	184.27	181.0	15.77	168.5	1.0	0.2966	-152.74
YLR294C	198	377.2	126.27	116.0	81.21	45.06	1.0	0.2999	36.16
YLR295C	306	640.3	290.51	284.0	26.7	263.82	1.0	0.4493	-237.12
YLR297W	45	620.1	304.98	347.0	90.98	214.0	1.0	0.4804	-123.02
YLR298C	91	642.1	130.07	80.0	9.36	120.7	0.989	0.2043	-111.34
YLR299W	81	638.0	164.58	146.0	16.58	148.0	1.0	0.3304	-131.42
YLR300W	1138	907.4	282.92	282.5	24.29	258.64	0.9991	0.3956	-234.35
YLR301W	1007	756.0	175.87	158.0	12.63	163.23	0.999	0.2578	-150.6
YLR303W	832	798.2	154.57	158.0	8.96	145.61	1.0	0.2621	-136.65
YLR304C	476	1011.1	248.73	247.5	6.81	241.92	0.9979	0.365	-235.11
YLR305C	147	816.7	127.07	132.0	4.04	123.03	0.9932	0.2484	-118.99
YLR306W	95	618.3	151.11	156.0	10.61	140.49	1.0	0.2638	-129.88
YLR307C-A	25	592.2	350.36	344.0	77.6	272.76	1.0	0.5904	-195.16
YLR307W	10	747.1	170.3	171.0	26.2	144.1	1.0	0.2735	-117.9
YLR309C	226	852.5	151.71	141.5	2.0	149.71	0.9956	0.2389	-147.71
YLR310C	126	797.6	263.05	264.0	5.25	257.79	0.9921	0.4175	-252.54
YLR312C	14	745.5	185.93	164.5	87.5	98.43	1.0	0.2845	-10.93
YLR312W-A	238	703.3	158.66	164.0	3.31	155.35	1.0	0.2678	-152.04
YLR313C	11	998.5	341.18	466.0	5.73	335.45	1.0	0.3879	-329.73
YLR314C	226	740.8	117.62	110.0	4.22	113.4	1.0	0.2116	-109.18
YLR316C	90	595.0	112.18	83.5	26.78	85.4	1.0	0.2129	-58.62
YLR318W	24	555.0	88.25	90.0	35.38	52.88	1.0	0.2506	-17.5
YLR319C	75	812.1	227.07	224.0	10.56	216.51	1.0	0.3432	-205.95
YLR320W	38	745.2	69.29	50.5	7.16	62.13	1.0	0.1405	-54.97
YLR321C	44	728.0	315.05	330.0	2.16	312.89	0.9773	0.5199	-310.73
YLR323C	23	655.2	207.0	188.0	5.39	201.61	1.0	0.3593	-196.22
YLR324W	46	793.8	144.93	144.0	28.28	116.65	0.9783	0.2593	-88.37
YLR325C	18308	493.2	273.01	256.0	8.44	264.57	0.9999	0.5521	-256.13
YLR326W	44	557.7	192.45	175.0	29.2	163.25	1.0	0.4097	-134.05
YLR327C	2750	500.5	260.99	258.0	56.3	204.69	1.0	0.5183	-148.4
YLR328W	115	803.1	223.49	229.0	27.25	196.23	1.0	0.3568	-168.98
YLR329W	19	546.2	120.53	114.0	21.05	99.47	1.0	0.2342	-78.42
YLR330W	118	610.7	179.99	156.0	2.22	177.77	1.0	0.3773	-175.55
YLR332W	209	773.6	279.74	255.0	46.98	232.77	1.0	0.4191	-185.79
YLR333C	7390	467.0	169.53	154.0	25.61	143.91	0.9999	0.363	-118.3
YLR334C	22	510.7	289.86	154.0	228.73	61.14	1.0	0.4511	167.59
YLR335W	212	785.4	130.77	116.0	2.85	127.92	0.9953	0.2507	-125.07
YLR336C	170	859.7	129.77	125.0	1.54	128.23	1.0	0.2049	-126.69
YLR337C	83	677.0	155.6	147.0	4.45	151.16	1.0	0.2919	-146.71
YLR339C	24	357.0	57.42	44.5	2.08	55.33	0.8333	0.1364	-53.25
YLR340W	5782	808.2	149.4	149.5	20.58	128.82	0.9979	0.2142	-108.24
YLR341W	46	576.3	154.54	80.0	1.91	152.63	0.9783	0.2107	-150.72
YLR342W	1457	962.7	261.82	279.0	5.23	256.59	0.9959	0.3783	-251.37
YLR342W-A	118	299.1	218.08	217.5	166.97	51.12	1.0	0.7081	115.85
YLR343W	25	534.3	115.96	87.0	27.84	88.12	1.0	0.2423	-60.28
YLR344W	4676	482.2	156.95	139.0	16.66	140.29	0.9998	0.3289	-123.63
YLR345W	164	811.5	139.19	146.5	11.99	127.2	1.0	0.2232	-115.2
YLR346C	48	497.8	223.08	207.0	34.54	188.54	1.0	0.4377	-154.0
YLR347C	155	1045.6	318.94	320.0	15.94	302.99	1.0	0.4062	-287.05
YLR348C	169	627.1	116.78	113.0	8.25	108.53	1.0	0.2214	-100.28
YLR349W	14	324.0	171.71	211.5	130.14	41.57	1.0	0.5175	88.57
YLR350W	219	644.3	162.91	168.0	20.41	142.5	1.0	0.2894	-122.09
YLR351C	220	715.8	152.23	139.0	4.1	148.12	1.0	0.2572	-144.02
YLR352W	30	747.3	91.63	94.0	18.4	73.23	0.9667	0.1671	-54.83
YLR353W	62	775.2	203.27	171.0	35.87	167.4	1.0	0.3218	-131.53
YLR354C	691	845.4	192.71	188.0	12.13	180.58	1.0	0.2836	-168.45
YLR355C	1604	767.2	242.58	247.0	16.32	226.26	0.9969	0.3985	-209.94
YLR356W	69	609.2	183.7	186.0	20.97	162.72	1.0	0.326	-141.75
YLR357W	21	1406.0	196.0	212.0	6.19	189.81	0.9524	0.1566	-183.62
YLR358C	19	430.1	156.16	145.0	1.47	154.68	1.0	0.3818	-153.21
YLR359W	370	803.0	180.62	169.0	16.33	164.29	1.0	0.293	-147.96
YLR360W	141	685.3	133.86	120.0	52.83	81.03	0.9858	0.1928	-28.2
YLR361C	54	1166.8	356.37	387.0	35.41	320.96	1.0	0.3237	-285.56
YLR361C-A	196	439.4	185.59	172.5	12.71	172.88	1.0	0.4218	-160.17
YLR362W	51	777.7	155.37	132.0	2.75	152.63	1.0	0.2818	-149.88
YLR363C	78	996.1	501.37	490.5	35.33	466.04	1.0	0.523	-430.71
YLR363W-A	224	470.8	252.66	215.0	6.76	245.9	1.0	0.526	-239.14
YLR364W	60	418.8	143.62	130.5	14.08	129.53	0.9833	0.3251	-115.45
YLR367W	4434	500.5	187.57	207.0	94.3	93.28	0.9995	0.3807	1.02
YLR368W	69	600.4	86.48	65.0	4.86	81.62	1.0	0.1837	-76.77
YLR369W	90	768.3	132.38	136.5	7.03	125.34	1.0	0.2409	-118.31
YLR370C	266	602.6	220.65	219.5	12.75	207.9	1.0	0.3923	-195.15
YLR371W	152	850.4	176.76	171.0	5.73	171.03	1.0	0.289	-165.3
YLR372W	771	805.7	233.13	222.0	33.35	199.78	1.0	0.3231	-166.44
YLR373C	116	729.9	140.18	139.5	6.74	133.44	1.0	0.2582	-126.7
YLR375W	159	681.4	145.28	158.0	6.84	138.45	1.0	0.2606	-131.61
YLR376C	35	606.6	126.97	110.0	14.97	112.0	1.0	0.2457	-97.03
YLR377C	19	569.3	172.89	170.0	6.58	166.32	1.0	0.3512	-159.74
YLR378C	367	993.4	237.71	223.0	45.86	191.85	1.0	0.2985	-145.99
YLR380W	111	793.3	144.86	138.0	11.7	133.16	1.0	0.2323	-121.46
YLR381W	67	682.8	116.72	100.0	2.94	113.78	1.0	0.2238	-110.84
YLR382C	69	676.9	165.3	165.0	3.0	162.3	0.9855	0.3403	-159.3
YLR383W	77	648.1	106.4	80.0	3.96	102.44	1.0	0.2285	-98.48
YLR384C	260	780.2	112.13	94.0	3.92	108.21	0.9962	0.219	-104.29
YLR386W	84	850.8	155.67	154.5	3.15	152.51	1.0	0.2637	-149.36
YLR387C	261	831.4	159.54	160.0	13.02	146.52	0.9962	0.2409	-133.51
YLR388W	6438	301.1	138.86	144.0	24.26	114.61	1.0	0.4515	-90.35
YLR389C	102	779.7	143.76	147.5	10.3	133.46	0.9902	0.2477	-123.16
YLR390W	65	387.8	136.62	100.0	27.92	108.69	1.0	0.3237	-80.77
YLR390W-A	789	738.1	225.09	224.0	17.99	207.1	1.0	0.3285	-189.11
YLR392C	42	812.8	134.6	118.5	16.33	118.26	1.0	0.2214	-101.93
YLR394W	35	1052.9	307.14	185.0	151.2	155.94	1.0	0.3175	-4.74
YLR395C	1200	563.6	339.58	340.0	28.32	311.27	1.0	0.6002	-282.95
YLR396C	91	656.8	108.21	106.0	7.44	100.77	1.0	0.2056	-93.33
YLR397C	100	774.4	154.73	145.0	2.14	152.59	0.98	0.2716	-150.45
YLR398C	120	900.6	134.58	123.0	4.77	129.82	1.0	0.2323	-125.05
YLR399C	117	794.4	314.16	326.0	6.59	307.57	0.9915	0.4438	-300.98
YLR400W	18	471.3	204.0	84.5	36.83	167.17	1.0	0.322	-130.33
YLR401C	94	713.7	98.95	59.5	2.85	96.1	0.9894	0.1715	-93.24
YLR402W	6	467.8	331.17	335.5	33.67	297.5	1.0	0.6885	-263.83
YLR403W	68	1071.0	413.07	454.5	95.43	317.65	1.0	0.4474	-222.22
YLR404W	46	538.1	115.15	107.0	2.87	112.28	1.0	0.2382	-109.41
YLR405W	66	649.8	183.55	163.5	9.08	174.47	1.0	0.3475	-165.39
YLR406C	2063	497.3	253.87	254.0	47.08	206.79	1.0	0.5141	-159.7
YLR407W	64	729.1	316.11	292.0	64.77	251.34	1.0	0.4725	-186.58
YLR408C	114	441.7	137.62	130.5	1.36	136.26	1.0	0.3105	-134.9
YLR409C	238	694.9	98.48	96.0	2.99	95.49	0.9958	0.1889	-92.5
YLR410W	122	1006.5	104.23	89.5	4.86	99.37	0.9836	0.1536	-94.51
YLR410W-A	25	564.6	101.12	97.0	26.24	74.88	1.0	0.1884	-48.64
YLR410W-B	1486	700.8	334.03	331.0	1.93	332.1	0.998	0.5016	-330.17
YLR411W	32	553.5	217.22	227.5	11.91	205.31	1.0	0.4206	-193.41
YLR412W	81	737.6	180.32	139.0	32.22	148.1	1.0	0.272	-115.88
YLR413W	268	953.8	173.01	171.0	9.73	163.28	0.9888	0.2467	-153.56
YLR414C	446	691.4	193.8	188.0	42.16	151.64	1.0	0.3133	-109.48
YLR417W	46	730.5	137.37	136.5	23.2	114.17	1.0	0.2637	-90.98
YLR418C	145	913.7	278.59	279.0	13.03	265.55	1.0	0.3817	-252.52
YLR419W	66	857.9	132.97	134.5	5.74	127.23	1.0	0.2372	-121.48
YLR420W	312	757.9	127.77	121.0	10.26	117.51	1.0	0.2203	-107.25
YLR421C	619	574.6	253.97	249.0	8.84	245.13	0.9952	0.4661	-236.29
YLR422W	60	944.7	109.25	95.0	6.93	102.32	0.9833	0.1854	-95.38
YLR423C	59	717.5	244.27	232.0	6.83	237.44	1.0	0.3952	-230.61
YLR424W	38	723.5	155.71	160.0	6.66	149.05	1.0	0.2873	-142.39
YLR425W	44	827.5	112.25	92.5	8.82	103.43	0.9773	0.227	-94.61
YLR426W	43	740.3	122.42	101.0	13.65	108.77	1.0	0.1931	-95.12
YLR427W	77	600.2	196.45	196.0	6.27	190.18	1.0	0.4409	-183.91
YLR429W	255	880.3	174.15	178.0	5.38	168.77	0.9922	0.2833	-163.39
YLR430W	77	663.8	126.75	100.0	14.18	112.57	0.974	0.2353	-98.39
YLR431C	30	866.5	251.6	219.5	12.93	238.67	1.0	0.3202	-225.73
YLR432W	893	879.0	144.69	137.0	22.47	122.22	0.9989	0.2352	-99.76
YLR433C	49	795.2	251.96	268.0	17.57	234.39	1.0	0.389	-216.82
YLR435W	552	604.3	219.17	209.5	20.12	199.05	1.0	0.3907	-178.93
YLR436C	132	739.2	161.57	159.5	2.98	158.58	1.0	0.3	-155.6
YLR437C	86	506.1	184.47	189.0	24.24	160.22	1.0	0.3767	-135.98
YLR438C-A	291	416.5	169.79	158.0	30.98	138.81	1.0	0.407	-107.83
YLR438W	10	577.7	98.7	85.5	0.2	98.5	1.0	0.1859	-98.3
YLR439W	62	808.8	188.05	197.5	18.77	169.27	1.0	0.2946	-150.5
YLR440C	43	1164.9	172.88	169.0	13.74	159.14	1.0	0.2018	-145.4
YLR441C	10662	809.5	248.45	238.0	9.41	239.04	0.998	0.3468	-229.63
YLR442C	72	787.7	142.26	151.0	3.06	139.21	1.0	0.2507	-136.15
YLR443W	92	966.3	151.43	158.5	37.27	114.16	1.0	0.1646	-76.89
YLR444C	26	349.8	137.38	149.5	2.62	134.77	1.0	0.3968	-132.15
YLR446W	81	676.3	135.52	149.0	67.53	67.99	1.0	0.2308	-0.46
YLR447C	1169	868.3	197.4	190.0	16.12	181.28	0.9966	0.2805	-165.15
YLR448W	2697	685.1	289.05	282.0	15.82	273.23	1.0	0.4398	-257.41
YLR449W	426	502.3	129.95	104.0	3.58	126.37	1.0	0.2899	-122.79
YLR450W	126	923.1	117.96	97.5	10.92	107.04	1.0	0.1706	-96.12
YLR451W	52	773.6	163.65	167.5	7.12	156.54	1.0	0.2718	-149.42
YLR452C	93	964.1	262.55	224.0	55.53	207.02	1.0	0.3345	-151.49
YLR453C	28	643.1	155.25	104.0	10.61	144.64	1.0	0.2218	-134.04
YLR454W	92	915.6	104.24	84.5	4.13	100.11	0.9891	0.1832	-95.98
YLR455W	128	940.5	443.45	438.5	37.56	405.89	1.0	0.5053	-368.33
YLR456W	127	545.9	146.13	145.0	3.94	142.2	1.0	0.2792	-138.26
YLR457C	30	686.5	192.13	199.5	2.47	189.67	1.0	0.3352	-187.2
YLR459W	104	638.6	140.12	120.5	3.76	136.36	1.0	0.2553	-132.6
YLR460C	81	665.3	130.36	129.0	8.72	121.64	1.0	0.2456	-112.93
YLR466W	55	523.2	101.45	83.0	3.69	97.76	1.0	0.2316	-94.07
YLR467W	78	501.8	88.55	82.0	3.77	84.78	1.0	0.2012	-81.01
YML001W	567	689.2	177.95	167.0	49.54	128.41	1.0	0.2634	-78.86
YML002W	112	909.0	170.46	100.0	66.02	104.44	1.0	0.1913	-38.42
YML003W	6	701.3	198.33	118.0	7.33	191.0	1.0	0.2427	-183.67
YML004C	459	823.1	182.81	181.0	4.45	178.36	1.0	0.2673	-173.92
YML005W	102	760.9	115.81	123.0	12.51	103.3	1.0	0.2031	-90.79
YML006C	122	751.5	118.45	116.0	7.12	111.33	1.0	0.2113	-104.2
YML007C-A	6	343.2	258.5	195.5	4.0	254.5	1.0	0.7239	-250.5
YML007W	188	786.4	224.69	225.0	16.28	208.4	1.0	0.363	-192.12
YML008C	667	780.2	138.99	127.0	8.28	130.71	0.997	0.2197	-122.44
YML009C	246	436.9	240.9	232.5	21.7	219.2	1.0	0.5466	-197.49
YML009C-A	129	390.5	178.04	170.0	12.96	165.08	1.0	0.4562	-152.12
YML009W-B	32	644.5	247.47	254.0	6.09	241.38	1.0	0.3799	-235.28
YML010W	95	1197.3	263.36	269.0	2.23	261.13	0.9895	0.2462	-258.89
YML011C	86	545.7	182.16	184.0	18.73	163.43	1.0	0.3693	-144.7
YML012C-A	32	405.3	246.59	235.5	1.06	245.53	1.0	0.6241	-244.47
YML012W	791	582.0	184.0	184.0	10.66	173.34	1.0	0.3487	-162.67
YML013W	32	1285.7	249.34	225.0	3.09	246.25	1.0	0.1977	-243.16
YML014W	36	651.0	129.17	110.0	3.92	125.25	0.9722	0.2394	-121.33
YML015C	51	628.0	135.37	131.0	3.02	132.35	0.9804	0.2492	-129.33
YML016C	100	819.1	194.24	184.0	12.54	181.7	1.0	0.313	-169.16
YML017W	48	711.5	268.21	309.0	23.33	244.88	1.0	0.4087	-221.54
YML018C	126	681.5	173.37	183.0	16.29	157.07	1.0	0.3211	-140.78
YML019W	159	882.0	298.77	302.0	5.02	293.75	1.0	0.394	-288.73
YML020W	39	752.7	221.38	246.0	1.69	219.69	1.0	0.3761	-218.0
YML021C	85	750.7	185.19	174.0	19.98	165.21	1.0	0.3331	-145.24
YML022W	1834	701.0	234.42	229.0	14.98	219.45	1.0	0.3471	-204.47
YML023C	62	801.6	137.18	102.5	16.11	121.06	1.0	0.1905	-104.95
YML024W	12218	505.3	139.73	135.0	9.4	130.33	0.9993	0.279	-120.93
YML025C	49	560.4	133.02	115.0	13.96	119.06	1.0	0.2775	-105.1
YML026C	10644	599.7	258.65	255.0	42.9	215.75	0.9996	0.438	-172.85
YML027W	24	680.7	211.62	208.0	3.04	208.58	1.0	0.3557	-205.54
YML028W	1826	647.8	154.4	159.0	11.73	142.67	1.0	0.2528	-130.94
YML029W	60	913.6	241.93	274.0	7.25	234.68	1.0	0.3108	-227.43
YML030W	76	469.6	232.32	252.0	4.33	227.99	1.0	0.4807	-223.66
YML031W	68	827.2	116.21	110.5	3.1	113.1	1.0	0.2037	-110.0
YML032C	48	954.6	244.67	244.5	4.54	240.12	1.0	0.3213	-235.58
YML034C-A	5	465.2	299.8	300.0	0.8	299.0	1.0	0.5871	-298.2
YML034W	144	756.2	224.16	243.5	5.67	218.49	0.9931	0.3557	-212.81
YML035C	148	783.5	210.5	211.5	19.8	190.7	0.9932	0.3547	-170.91
YML036W	197	575.4	166.26	147.0	28.1	138.17	1.0	0.2961	-110.07
YML038C	148	720.6	264.44	237.0	23.27	241.17	1.0	0.4317	-217.9
YML039W	3773	1228.1	334.73	339.0	2.51	332.21	0.9944	0.3352	-329.7
YML041C	95	682.7	133.77	122.0	11.93	121.84	0.9895	0.2211	-109.92
YML042W	49	593.3	162.65	171.0	2.12	160.53	1.0	0.3362	-158.41
YML043C	31	856.0	194.84	185.0	13.97	180.87	1.0	0.308	-166.9
YML045W	1455	1093.0	329.54	337.0	2.15	327.39	0.9966	0.3479	-325.23
YML045W-A	17	541.2	170.0	133.0	1.35	168.65	1.0	0.335	-167.29
YML046W	105	924.1	204.78	197.0	5.94	198.84	1.0	0.3066	-192.9
YML047W-A	11	335.2	238.82	212.0	193.91	44.91	1.0	0.7054	149.0
YML048W	267	810.7	245.74	237.0	6.43	239.3	1.0	0.3691	-232.87
YML049C	94	612.8	137.15	131.5	1.37	135.78	1.0	0.2978	-134.4
YML050W	35	656.6	158.57	146.0	3.37	155.2	1.0	0.2864	-151.83
YML051W	66	798.8	166.76	166.0	14.95	151.8	1.0	0.2668	-136.85
YML052W	125	767.8	149.13	157.0	10.21	138.92	1.0	0.2319	-128.71
YML053C	84	706.9	225.98	220.0	37.52	188.45	1.0	0.337	-150.93
YML054C	28	690.0	124.79	108.0	3.36	121.43	1.0	0.2232	-118.07
YML055W	233	539.9	128.95	122.0	36.85	92.1	1.0	0.242	-55.24
YML056C	1387	781.2	135.79	117.0	25.64	110.15	0.9971	0.2285	-84.51
YML057C-A	5	373.2	160.2	185.0	1.6	158.6	1.0	0.4187	-157.0
YML057W	156	794.7	166.01	152.5	7.74	158.27	1.0	0.2876	-150.53
YML058W	905	542.6	280.1	274.0	15.65	264.45	1.0	0.5234	-248.81
YML058W-A	31	387.5	193.42	168.0	34.87	158.55	1.0	0.4875	-123.68
YML059C	81	890.3	141.94	143.0	3.48	138.46	1.0	0.2282	-134.98
YML060W	54	770.1	206.93	200.0	10.67	196.26	1.0	0.3326	-185.59
YML061C	107	630.9	122.27	108.0	11.33	110.94	1.0	0.2818	-99.62
YML062C	22	338.5	162.14	150.0	3.09	159.05	1.0	0.4619	-155.95
YML063W	15698	699.9	117.82	108.0	9.66	108.15	0.9991	0.1898	-98.49
YML064C	41	717.0	237.93	247.0	14.78	223.15	1.0	0.3802	-208.37
YML065W	72	575.0	153.6	148.0	13.72	139.88	1.0	0.3153	-126.15
YML066C	11	681.6	123.82	107.0	7.82	116.0	1.0	0.2361	-108.18
YML067C	335	791.1	112.85	99.0	15.16	97.7	1.0	0.1603	-82.54
YML068W	55	892.9	171.85	156.0	8.6	163.25	1.0	0.2277	-154.65
YML069W	45	567.6	112.82	85.0	6.31	106.51	0.9778	0.2481	-100.2
YML070W	231	706.8	115.14	100.0	5.51	109.63	1.0	0.2254	-104.12
YML071C	50	453.2	78.9	63.0	8.94	69.96	1.0	0.1794	-61.02
YML072C	233	908.0	168.59	153.0	2.96	165.63	1.0	0.2635	-162.67
YML073C	6664	518.1	129.76	120.0	13.61	116.16	0.9995	0.2676	-102.55
YML074C	327	479.3	140.26	150.0	1.92	138.35	0.9969	0.321	-136.43
YML075C	301	968.6	171.88	173.0	10.35	161.53	1.0	0.2773	-151.18
YML076C	60	872.4	134.25	135.0	5.27	128.98	1.0	0.2341	-123.72
YML077W	238	593.5	183.56	184.0	12.83	170.73	1.0	0.3165	-157.89
YML078W	389	587.2	197.89	204.0	11.04	186.84	1.0	0.3576	-175.8
YML079W	251	561.4	129.49	130.0	2.8	126.68	1.0	0.2531	-123.88
YML080W	67	786.1	162.0	164.0	14.66	147.34	1.0	0.2589	-132.69
YML081C-A	935	361.9	197.85	194.0	29.44	168.41	1.0	0.5414	-138.96
YML081W	167	733.9	121.04	114.0	3.45	117.59	1.0	0.235	-114.14
YML082W	47	751.5	211.83	179.0	1.43	210.4	1.0	0.3671	-208.98
YML083C	6	504.5	84.67	75.0	3.5	81.17	1.0	0.1819	-77.67
YML085C	218	963.6	202.58	208.0	18.94	183.63	1.0	0.2654	-164.69
YML086C	239	593.7	156.89	138.0	11.32	145.56	1.0	0.3509	-134.24
YML087C	21	617.6	207.33	158.0	1.14	206.19	1.0	0.3671	-205.05
YML088W	96	467.2	108.24	89.0	5.6	102.64	1.0	0.2847	-97.03
YML090W	13	288.6	81.15	81.0	4.85	76.31	1.0	0.2379	-71.46
YML091C	157	961.2	132.83	114.0	10.47	122.36	1.0	0.1914	-111.89
YML092C	336	698.1	157.18	167.5	7.11	150.07	0.997	0.2594	-142.96
YML093W	208	607.2	159.04	157.0	3.25	155.79	1.0	0.3266	-152.54
YML094W	210	554.4	172.26	177.5	15.27	156.99	1.0	0.3236	-141.72
YML095C	34	563.0	169.41	107.5	19.76	149.65	1.0	0.2628	-129.88
YML096W	100	786.6	150.09	131.0	28.31	121.78	1.0	0.2291	-93.47
YML097C	132	805.8	124.91	103.0	4.85	120.06	0.9924	0.2127	-115.21
YML098W	41	492.0	228.1	217.0	4.8	223.29	1.0	0.448	-218.49
YML099C	15	945.5	191.67	171.0	2.07	189.6	1.0	0.243	-187.53
YML099W-A	14	312.4	98.79	90.5	35.07	63.71	1.0	0.3002	-28.64
YML100W	176	941.7	152.38	147.5	7.19	145.19	0.983	0.2335	-138.0
YML101C	84	395.2	114.67	109.5	11.94	102.73	1.0	0.2906	-90.79
YML101C-A	14	270.8	76.57	65.5	11.21	65.36	1.0	0.3003	-54.14
YML102W	17	748.9	97.59	89.0	3.71	93.88	1.0	0.1413	-90.18
YML103C	211	889.8	116.85	114.0	2.02	114.83	0.9905	0.1871	-112.81
YML104C	64	600.0	107.91	81.0	6.69	101.22	1.0	0.2331	-94.53
YML105C	356	639.5	130.1	115.0	5.9	124.2	0.9972	0.2388	-118.3
YML106W	944	693.2	248.35	218.0	85.47	162.87	1.0	0.3841	-77.4
YML107C	92	721.7	129.4	107.0	32.21	97.2	1.0	0.1865	-64.99
YML108W	309	541.6	265.0	264.0	27.71	237.29	0.9935	0.4935	-209.59
YML109W	33	665.0	130.91	102.0	10.52	120.39	1.0	0.2804	-109.88
YML110C	251	814.9	250.09	273.0	8.2	241.89	1.0	0.3515	-233.69
YML111W	108	773.1	169.75	186.5	8.7	161.05	1.0	0.2888	-152.34
YML112W	56	616.3	159.55	152.0	35.79	123.77	1.0	0.318	-87.98
YML113W	60	706.6	187.1	177.0	5.45	181.65	1.0	0.3003	-176.2
YML114C	29	682.2	107.38	97.0	7.66	99.72	0.9655	0.2047	-92.07
YML115C	116	681.9	144.02	132.5	8.07	135.95	0.9741	0.2771	-127.88
YML116W	164	757.6	149.65	143.5	18.52	131.13	1.0	0.2449	-112.6
YML116W-A	67	339.6	105.72	107.0	12.88	92.84	1.0	0.3028	-79.96
YML117W	84	1037.3	203.15	212.0	7.06	196.1	1.0	0.2239	-189.04
YML118W	11	676.3	103.0	101.0	11.0	92.0	1.0	0.1817	-81.0
YML119W	60	707.1	178.82	128.5	17.25	161.57	1.0	0.2728	-144.32
YML120C	171	1036.0	356.92	357.0	14.69	342.23	1.0	0.4157	-327.54
YML121W	120	741.9	219.18	212.5	15.08	204.1	1.0	0.3406	-189.02
YML123C	1439	874.6	176.79	188.0	7.98	168.81	0.9979	0.2879	-160.84
YML124C	206	754.7	175.14	160.5	6.39	168.75	1.0	0.3045	-162.36
YML125C	298	700.7	124.06	100.0	5.07	118.99	0.9966	0.2235	-113.93
YML126C	559	998.7	225.95	227.0	2.93	223.02	0.9946	0.2967	-220.09
YML127W	102	878.5	163.98	150.5	5.93	158.05	0.9902	0.2642	-152.12
YML128C	123	828.9	225.43	221.0	4.92	220.51	0.9919	0.3532	-215.59
YML129C	118	451.5	259.66	267.0	4.74	254.92	1.0	0.571	-250.19
YML130C	1241	799.2	133.82	115.0	4.24	129.58	0.9968	0.2389	-125.33
YML131W	153	832.9	209.78	202.0	12.25	197.52	1.0	0.3163	-185.27
YML132W	153	656.7	122.22	137.0	3.99	118.22	0.9869	0.2451	-114.23
YML133C	27	576.9	105.37	83.0	28.59	76.78	0.963	0.2406	-48.19
YMR001C	50	796.0	185.58	170.5	14.6	170.98	0.98	0.3084	-156.38
YMR001C-A	7	298.3	139.57	141.0	0.57	139.0	1.0	0.4379	-138.43
YMR002W	368	647.6	295.83	296.0	19.88	275.95	1.0	0.4779	-256.07
YMR003W	91	574.2	124.64	117.0	16.47	108.16	1.0	0.2333	-91.69
YMR004W	112	691.8	193.24	191.0	4.94	188.3	1.0	0.3433	-183.37
YMR005W	125	558.8	135.81	128.0	7.54	128.26	0.992	0.2803	-120.72
YMR006C	182	841.3	158.18	172.5	9.81	148.36	0.9945	0.2937	-138.55
YMR007W	35	507.0	252.2	259.0	102.91	149.29	1.0	0.4915	-46.37
YMR008C	261	1208.5	271.25	274.0	21.15	250.1	0.9923	0.2859	-228.95
YMR008C-A	27	490.1	214.3	179.0	4.81	209.48	1.0	0.4217	-204.67
YMR009W	257	596.5	182.59	137.0	37.0	145.6	1.0	0.2979	-108.6
YMR010W	137	708.9	203.8	168.0	22.91	180.89	0.9927	0.3215	-157.98
YMR011W	909	886.5	169.73	182.0	8.17	161.56	0.9989	0.2767	-153.38
YMR012W	609	859.1	156.61	146.0	5.76	150.85	0.9967	0.2792	-145.09
YMR013C	82	845.9	186.85	191.5	7.84	179.01	1.0	0.2857	-171.17
YMR013W-A	10	221.5	150.2	127.5	39.2	111.0	1.0	0.6293	-71.8
YMR014W	43	397.2	138.65	123.0	8.72	129.93	1.0	0.3984	-121.21
YMR015C	301	821.1	201.58	194.0	8.09	193.49	0.9934	0.3466	-185.39
YMR016C	66	659.7	163.12	145.0	18.91	144.21	1.0	0.3348	-125.3
YMR017W	5	596.4	165.0	95.0	30.0	135.0	1.0	0.3246	-105.0
YMR018W	22	476.9	235.32	275.0	177.09	58.23	1.0	0.5347	118.86
YMR019W	60	810.9	127.17	106.5	1.72	125.45	1.0	0.2454	-123.73
YMR020W	134	872.5	142.38	141.5	8.29	134.09	0.9925	0.2154	-125.8
YMR021C	95	647.8	279.0	283.0	5.15	273.85	1.0	0.4903	-268.71
YMR022W	426	526.6	156.26	156.0	6.19	150.06	0.9953	0.3172	-143.87
YMR023C	64	642.2	105.09	95.0	2.39	102.7	1.0	0.2198	-100.31
YMR024W	82	645.9	190.57	191.0	1.5	189.07	1.0	0.3536	-187.57
YMR025W	40	654.7	120.35	118.5	3.62	116.72	1.0	0.2255	-113.1
YMR026C	51	663.6	151.47	160.0	19.61	131.86	1.0	0.3009	-112.25
YMR027W	251	783.1	126.51	122.0	16.24	110.27	1.0	0.2109	-94.03
YMR028W	41	737.1	132.73	121.0	31.88	100.85	0.9512	0.204	-68.98
YMR029C	166	714.1	129.94	115.0	3.99	125.95	1.0	0.231	-121.96
YMR030W	40	563.0	151.82	138.5	8.48	143.35	1.0	0.3287	-134.88
YMR030W-A	6	276.8	126.33	129.5	28.67	97.67	1.0	0.4036	-69.0
YMR031C	70	718.2	212.37	208.5	2.2	210.17	1.0	0.3701	-207.97
YMR032W	25	726.3	187.16	180.0	1.6	185.56	1.0	0.3034	-183.96
YMR033W	199	781.6	205.41	211.0	12.56	192.85	1.0	0.3288	-180.3
YMR034C	37	680.9	160.59	168.0	49.3	111.3	1.0	0.3057	-62.0
YMR035W	126	575.8	186.38	183.5	7.61	178.77	1.0	0.341	-171.16
YMR036C	22	811.3	160.36	151.0	1.82	158.55	1.0	0.2864	-156.73
YMR037C	64	880.5	311.47	311.0	40.59	270.88	1.0	0.4097	-230.28
YMR038C	482	681.4	142.5	138.0	7.15	135.34	1.0	0.2353	-128.19
YMR039C	252	581.1	219.94	216.0	14.97	204.97	1.0	0.4207	-190.0
YMR040W	97	517.7	180.01	170.0	96.71	83.3	1.0	0.3313	13.41
YMR041C	68	739.7	165.59	148.5	17.49	148.1	1.0	0.285	-130.62
YMR042W	27	804.4	419.81	499.0	74.89	344.93	1.0	0.5133	-270.04
YMR043W	115	940.2	388.9	388.0	42.61	346.29	1.0	0.4374	-303.68
YMR044W	124	589.4	212.36	200.0	2.62	209.74	0.9919	0.4199	-207.12
YMR045C	2162	1257.9	323.22	335.5	3.49	319.72	0.9949	0.3005	-316.23
YMR046C	17	570.5	91.0	77.0	21.59	69.41	1.0	0.1641	-47.82
YMR046W-A	36	350.0	244.44	231.0	139.14	105.31	1.0	0.649	33.83
YMR047C	141	602.3	127.23	131.0	7.2	120.03	0.9858	0.2801	-112.83
YMR048W	15	775.4	142.8	123.0	6.8	136.0	1.0	0.2323	-129.2
YMR049C	315	750.3	117.01	119.0	2.02	114.98	0.9873	0.2389	-112.96
YMR050C	764	925.1	293.48	330.5	2.68	290.8	0.9921	0.3719	-288.12
YMR051C	13	563.8	172.38	174.0	5.38	167.0	1.0	0.3262	-161.62
YMR052C-A	21	253.7	53.81	46.0	20.48	33.33	1.0	0.1889	-12.86
YMR052W	30	655.2	172.2	144.5	8.4	163.8	1.0	0.2662	-155.4
YMR053C	52	683.6	132.37	112.5	46.87	85.5	1.0	0.2072	-38.63
YMR054W	160	764.9	157.31	137.5	15.53	141.78	1.0	0.2602	-126.24
YMR055C	28	529.5	137.14	95.5	39.14	98.0	1.0	0.2864	-58.86
YMR056C	23	640.3	154.39	131.0	5.17	149.22	1.0	0.262	-144.04
YMR058W	90	826.3	189.07	194.5	6.9	182.17	1.0	0.3242	-175.27
YMR059W	126	500.2	154.25	142.0	15.65	138.6	1.0	0.309	-122.95
YMR060C	109	670.0	87.86	103.0	8.82	79.05	1.0	0.1588	-70.23
YMR061W	233	890.6	113.68	110.0	5.61	108.07	0.9957	0.1822	-102.46
YMR062C	483	860.4	141.18	135.0	6.38	134.81	0.9959	0.2156	-128.43
YMR064W	111	746.5	210.93	201.0	35.72	175.21	0.991	0.3325	-139.49
YMR065W	42	787.3	154.48	151.5	1.26	153.21	1.0	0.2461	-151.95
YMR066W	61	736.6	103.52	90.0	2.8	100.72	0.9672	0.2036	-97.92
YMR067C	80	645.3	112.32	102.0	5.8	106.52	1.0	0.2269	-100.72
YMR068W	15	589.8	138.87	96.0	38.93	99.93	1.0	0.2751	-61.0
YMR069W	15	670.9	287.4	155.0	3.87	283.53	0.9333	0.3171	-279.67
YMR070W	128	670.1	165.04	152.5	37.24	127.8	1.0	0.2935	-90.55
YMR071C	329	561.1	144.89	142.0	31.55	113.34	1.0	0.2667	-81.79
YMR072W	492	614.8	190.92	175.0	11.49	179.44	1.0	0.3299	-167.95
YMR073C	83	572.6	174.48	157.0	10.77	163.71	1.0	0.3217	-152.94
YMR074C	758	496.4	122.2	122.0	2.22	119.98	0.9974	0.2521	-117.76
YMR075C-A	42	335.6	133.4	111.5	20.48	112.93	1.0	0.4182	-92.45
YMR075W	72	895.2	154.9	136.5	9.04	145.86	1.0	0.1943	-136.82
YMR076C	33	571.1	164.27	203.0	3.88	160.39	1.0	0.3556	-156.52
YMR077C	116	706.6	228.01	229.5	20.86	207.15	1.0	0.3434	-186.28
YMR078C	51	868.9	147.67	124.0	2.0	145.67	1.0	0.2325	-143.67
YMR079W	282	765.2	268.35	269.5	12.43	255.93	0.9929	0.4082	-243.5
YMR080C	295	923.5	438.37	457.0	2.49	435.87	1.0	0.5249	-433.38
YMR081C	93	682.5	245.48	253.0	34.09	211.4	1.0	0.4115	-177.31
YMR083W	775	760.9	145.51	142.0	13.15	132.37	0.9961	0.2475	-119.22
YMR085W	144	932.0	254.22	132.5	117.78	136.44	1.0	0.2659	-18.66
YMR086C-A	48	315.3	116.71	94.0	55.69	61.02	1.0	0.3119	-5.33
YMR086W	64	973.6	207.31	150.5	19.81	187.5	1.0	0.271	-167.69
YMR087W	93	618.4	133.71	109.0	56.32	77.39	1.0	0.2325	-21.06
YMR088C	179	772.7	154.27	154.0	10.78	143.49	1.0	0.2894	-132.72
YMR089C	140	701.2	240.84	240.5	4.77	236.07	1.0	0.4498	-231.3
YMR090W	154	610.6	148.06	136.5	23.77	124.29	1.0	0.2502	-100.51
YMR091C	184	684.6	107.48	86.5	2.7	104.78	0.9946	0.1917	-102.09
YMR092C	335	840.6	120.29	117.0	9.63	110.66	0.997	0.1936	-101.03
YMR093W	136	720.2	137.3	119.0	5.3	132.0	0.9926	0.2476	-126.7
YMR094W	11	658.8	188.09	133.0	71.45	116.64	1.0	0.2748	-45.18
YMR095C	17	793.5	297.71	325.0	9.0	288.71	1.0	0.3745	-279.71
YMR096W	54	707.4	223.94	235.5	16.31	207.63	1.0	0.3558	-191.31
YMR097C	70	619.2	108.44	103.5	10.74	97.7	1.0	0.2253	-86.96
YMR098C	103	829.4	117.31	118.0	8.55	108.76	0.9903	0.1985	-100.2
YMR099C	389	707.1	143.69	143.0	3.68	140.01	0.9923	0.2428	-136.33
YMR100W	51	939.4	273.24	249.0	103.9	169.33	1.0	0.3676	-65.43
YMR101C	9	657.7	200.44	207.0	11.22	189.22	1.0	0.3089	-178.0
YMR102C	191	815.2	171.43	168.0	13.09	158.34	0.9895	0.2954	-145.25
YMR103C	94	585.3	308.88	257.5	104.26	204.63	1.0	0.5187	-100.37
YMR104C	46	1612.6	592.41	684.0	5.85	586.57	1.0	0.3875	-580.72
YMR105C	189	791.8	188.19	199.0	8.61	179.58	0.9947	0.3243	-170.96
YMR106C	18	885.0	179.06	143.5	20.11	158.94	1.0	0.2568	-138.83
YMR107W	17	498.1	200.0	190.0	10.65	189.35	1.0	0.4106	-178.71
YMR108W	1704	954.8	217.66	219.0	18.53	199.14	0.9965	0.3218	-180.61
YMR109W	105	740.7	104.24	94.0	5.07	99.17	0.9905	0.2151	-94.1
YMR110C	226	919.4	159.15	163.0	3.92	155.23	0.9956	0.2198	-151.31
YMR111C	40	764.0	209.2	183.0	8.28	200.92	1.0	0.3492	-192.65
YMR112C	164	465.4	172.38	170.0	7.64	164.74	1.0	0.377	-157.1
YMR113W	79	760.3	113.87	112.0	10.51	103.37	0.9873	0.1995	-92.86
YMR114C	30	397.1	128.53	114.5	0.67	127.87	1.0	0.3427	-127.2
YMR115W	129	853.6	160.66	134.0	3.02	157.64	1.0	0.2334	-154.61
YMR116C	12533	849.4	203.42	194.0	19.29	184.13	0.9994	0.2804	-164.85
YMR117C	10	471.9	159.2	150.0	72.8	86.4	1.0	0.3789	-13.6
YMR118C	31	812.2	343.06	187.0	17.32	325.74	1.0	0.375	-308.42
YMR119W	85	889.6	174.08	140.0	22.62	151.46	1.0	0.2153	-128.84
YMR119W-A	72	356.2	85.57	86.5	18.85	66.72	0.9861	0.2255	-47.88
YMR120C	38	685.8	185.42	182.5	9.21	176.21	1.0	0.3342	-167.0
YMR121C	121	555.7	106.53	95.0	13.21	93.31	1.0	0.2069	-80.1
YMR122W-A	1628	531.6	303.28	311.0	26.7	276.58	1.0	0.5701	-249.88
YMR123W	184	421.0	144.96	135.0	14.09	130.87	1.0	0.3551	-116.78
YMR124W	186	610.1	119.09	95.5	3.46	115.63	1.0	0.2581	-112.18
YMR125W	475	854.9	191.41	175.0	5.36	186.04	0.9979	0.3078	-180.68
YMR126C	84	528.3	154.02	154.0	42.95	111.07	1.0	0.3015	-68.12
YMR127C	106	786.7	195.6	216.0	34.36	161.25	1.0	0.2385	-126.89
YMR128W	90	972.3	132.64	121.5	2.26	130.39	1.0	0.1978	-128.13
YMR129W	169	718.0	143.83	139.0	3.1	140.73	0.9941	0.3008	-137.63
YMR130W	187	735.6	181.37	167.0	25.93	155.45	1.0	0.2849	-129.52
YMR131C	588	787.2	126.79	129.0	4.72	122.07	1.0	0.2208	-117.36
YMR132C	126	708.2	284.31	287.0	20.94	263.37	1.0	0.4275	-242.42
YMR133W	10	626.7	255.4	265.5	1.6	253.8	1.0	0.4434	-252.2
YMR134W	79	725.4	238.05	236.0	13.9	224.15	0.9873	0.352	-210.25
YMR135C	77	765.0	146.88	144.0	19.18	127.7	1.0	0.2713	-108.52
YMR136W	89	634.3	108.73	90.0	6.94	101.79	0.9888	0.2251	-94.84
YMR137C	29	712.1	152.31	170.0	4.21	148.1	1.0	0.2955	-143.9
YMR138W	45	513.4	117.6	94.0	7.56	110.04	1.0	0.2505	-102.49
YMR139W	88	808.1	232.35	226.0	36.92	195.43	1.0	0.3501	-158.51
YMR140W	36	1402.1	652.28	818.0	9.31	642.97	1.0	0.4499	-633.67
YMR141C	64	536.0	292.19	216.0	244.16	48.03	0.9844	0.4464	196.12
YMR142C	4306	613.3	144.3	128.0	6.98	137.32	0.9984	0.2582	-130.34
YMR143W	12281	518.0	159.22	148.0	32.61	126.61	0.9998	0.3102	-94.0
YMR144W	25	804.6	225.28	233.0	17.96	207.32	1.0	0.3196	-189.36
YMR145C	664	806.4	185.12	163.5	18.67	166.45	0.9985	0.2907	-147.78
YMR146C	983	697.7	142.69	137.0	10.24	132.45	0.9969	0.2635	-122.21
YMR147W	37	696.5	179.0	194.0	19.76	159.24	1.0	0.292	-139.49
YMR148W	17	442.1	205.59	208.0	6.06	199.53	1.0	0.4957	-193.47
YMR149W	258	647.2	148.12	147.0	17.75	130.37	1.0	0.2779	-112.62
YMR150C	195	612.8	164.97	167.0	22.34	142.63	1.0	0.2896	-120.29
YMR151W	12	307.2	52.08	15.0	0.75	51.33	1.0	0.1429	-50.58
YMR152W	122	743.1	124.46	109.5	12.3	112.16	1.0	0.2156	-99.85
YMR153C-A	25	360.2	171.2	174.0	2.2	169.0	1.0	0.4759	-166.8
YMR153W	53	1119.8	200.4	175.0	20.34	180.06	1.0	0.1908	-159.72
YMR154C	71	712.2	147.24	96.0	30.63	116.61	1.0	0.2219	-85.97
YMR155W	56	888.9	217.79	190.5	6.59	211.2	0.9821	0.2786	-204.61
YMR156C	40	589.4	181.55	155.5	3.35	178.2	1.0	0.3088	-174.85
YMR157C	83	634.9	139.95	123.0	11.66	128.29	1.0	0.2366	-116.63
YMR158C-A	32	738.2	602.16	489.5	458.38	143.78	1.0	0.7735	314.59
YMR158W	295	523.7	139.64	136.0	15.47	124.17	1.0	0.2773	-108.7
YMR158W-B	6	889.0	675.67	532.0	71.17	604.5	1.0	0.7375	-533.33
YMR159C	5	1439.2	1061.2	1353.0	0.2	1061.0	1.0	0.7087	-1060.8
YMR160W	42	653.9	83.24	68.5	10.95	72.29	0.9762	0.1429	-61.33
YMR161W	395	815.7	387.67	397.0	4.97	382.69	1.0	0.4778	-377.72
YMR162C	66	598.4	135.2	99.0	1.8	133.39	1.0	0.2547	-131.59
YMR163C	21	618.9	93.48	70.0	16.52	76.95	1.0	0.2049	-60.43
YMR164C	55	761.3	356.87	382.0	104.13	252.75	1.0	0.5422	-148.62
YMR165C	72	790.3	120.24	105.5	15.24	105.0	1.0	0.2165	-89.76
YMR166C	43	842.5	283.72	280.0	23.21	260.51	1.0	0.3843	-237.3
YMR167W	68	655.0	201.56	120.5	108.13	93.43	1.0	0.288	14.71
YMR168C	37	882.4	311.14	235.0	82.68	228.46	0.973	0.2916	-145.78
YMR169C	32	747.0	111.84	125.5	3.28	108.56	1.0	0.2135	-105.28
YMR170C	39	937.5	178.33	153.0	9.54	168.79	1.0	0.24	-159.26
YMR171C	48	593.8	217.9	244.0	7.17	210.73	0.9792	0.4219	-203.56
YMR172C-A	8	356.0	111.12	47.0	1.5	109.62	1.0	0.262	-108.12
YMR172W	12	587.9	113.08	91.0	0.67	112.42	1.0	0.2178	-111.75
YMR173W	243	1326.9	172.32	176.0	28.03	144.29	0.9753	0.1299	-116.26
YMR173W-A	411	546.1	66.45	76.0	8.29	58.15	0.9927	0.1487	-49.86
YMR174C	25	415.8	232.32	221.0	29.92	202.4	1.0	0.555	-172.48
YMR175W	10	425.8	233.5	183.0	98.8	134.7	1.0	0.4833	-35.9
YMR175W-A	5	471.4	278.8	311.0	187.0	91.8	1.0	0.5471	95.2
YMR176W	65	821.3	105.58	82.0	13.62	91.97	0.9846	0.1713	-78.35
YMR177W	78	891.4	266.99	270.5	14.27	252.72	1.0	0.4026	-238.45
YMR178W	289	684.4	164.75	158.0	18.44	146.31	1.0	0.2721	-127.87
YMR179W	53	663.8	150.02	140.0	18.06	131.96	1.0	0.3016	-113.91
YMR180C	216	438.5	160.77	170.0	6.5	154.27	1.0	0.4077	-147.78
YMR181C	100	673.4	364.79	327.0	122.42	242.37	1.0	0.5392	-119.95
YMR182C	19	973.6	548.68	443.0	54.21	494.47	1.0	0.491	-440.26
YMR182W-A	11	541.0	457.82	364.0	156.55	301.27	1.0	0.8225	-144.73
YMR183C	257	817.0	249.46	247.0	22.14	227.32	1.0	0.3475	-205.17
YMR184W	185	553.5	107.49	98.0	13.25	94.24	1.0	0.2029	-80.99
YMR185W	92	949.6	91.07	74.0	3.26	87.8	0.9783	0.1354	-84.54
YMR186W	2378	1001.9	122.86	103.0	4.62	118.24	0.9933	0.1702	-113.62
YMR187C	30	780.4	189.77	219.5	12.03	177.73	1.0	0.2896	-165.7
YMR188C	267	718.1	177.27	181.0	22.83	154.45	0.9963	0.2654	-131.62
YMR189W	49	795.8	118.8	110.0	4.2	114.59	1.0	0.2463	-110.39
YMR190C	40	740.6	179.7	154.5	30.02	149.68	1.0	0.2846	-119.65
YMR191W	149	720.2	190.61	198.0	4.77	185.84	1.0	0.33	-181.07
YMR192W	98	604.1	116.5	90.0	5.2	111.3	1.0	0.2352	-106.09
YMR193W	74	727.3	177.35	183.0	8.01	169.34	1.0	0.2754	-161.32
YMR194C-A	9	434.2	237.67	187.0	40.67	197.0	1.0	0.5197	-156.33
YMR194C-B	39	486.8	310.54	299.0	175.41	135.13	1.0	0.6193	40.28
YMR194W	4285	397.0	129.21	115.0	19.66	109.56	1.0	0.3222	-89.9
YMR195W	324	544.1	210.87	207.0	48.17	162.7	1.0	0.3888	-114.53
YMR196W	63	781.3	142.81	139.0	1.76	141.05	1.0	0.2507	-139.29
YMR197C	228	599.5	223.6	217.5	5.29	218.31	1.0	0.4024	-213.02
YMR198W	28	572.2	168.89	136.0	22.18	146.71	1.0	0.3025	-124.54
YMR199W	133	667.3	158.25	147.0	25.07	133.18	1.0	0.3087	-108.11
YMR200W	328	820.9	353.92	365.0	32.78	321.14	1.0	0.4666	-288.36
YMR201C	38	459.4	223.37	220.5	10.13	213.24	1.0	0.4932	-203.11
YMR202W	1112	609.0	122.61	130.0	10.18	112.43	0.9991	0.2284	-102.25
YMR203W	255	913.6	227.94	230.0	11.76	216.18	0.9961	0.3061	-204.42
YMR204C	11	948.3	297.45	363.0	11.91	285.55	1.0	0.3001	-273.64
YMR205C	912	897.5	231.14	215.5	3.76	227.38	0.9978	0.3421	-223.62
YMR206W	11	684.8	153.0	169.0	5.0	148.0	1.0	0.2465	-143.0
YMR207C	44	796.0	124.2	133.0	16.61	107.59	1.0	0.2345	-90.98
YMR208W	279	781.5	151.14	165.0	4.47	146.68	1.0	0.2594	-142.21
YMR209C	73	616.4	133.32	119.0	3.03	130.29	1.0	0.2769	-127.26
YMR210W	107	730.2	95.71	79.0	9.74	85.97	1.0	0.1714	-76.23
YMR211W	93	740.3	173.89	156.0	8.42	165.47	1.0	0.3057	-157.05
YMR212C	300	896.2	182.29	186.0	9.35	172.94	1.0	0.2877	-163.59
YMR213W	30	501.1	80.53	51.5	9.47	71.07	1.0	0.2156	-61.6
YMR214W	54	613.4	143.04	130.5	1.96	141.07	1.0	0.3066	-139.11
YMR215W	123	802.2	178.27	196.0	18.31	159.96	1.0	0.3017	-141.65
YMR216C	66	738.8	148.67	139.0	3.65	145.02	0.9848	0.2586	-141.36
YMR217W	1270	789.7	129.49	128.0	10.62	118.87	0.9953	0.2313	-108.25
YMR218C	123	986.6	228.7	231.0	2.72	225.98	1.0	0.324	-223.27
YMR219W	63	745.8	100.02	76.0	4.02	96.0	0.9841	0.1994	-91.98
YMR220W	257	832.6	143.13	135.0	4.73	138.4	1.0	0.2247	-133.67
YMR221C	152	669.5	152.97	158.0	2.29	150.68	1.0	0.2965	-148.39
YMR222C	75	589.3	118.56	123.0	8.95	109.61	1.0	0.2301	-100.67
YMR223W	121	1070.9	404.83	408.0	46.55	358.28	1.0	0.4261	-311.73
YMR224C	40	631.8	206.0	203.5	3.82	202.18	1.0	0.4036	-198.35
YMR225C	104	466.4	233.78	228.0	43.51	190.27	1.0	0.5039	-146.76
YMR226C	649	700.4	118.93	106.0	13.9	105.02	0.9985	0.1931	-91.12
YMR228W	121	701.9	135.4	120.0	3.84	131.55	1.0	0.2451	-127.71
YMR229C	863	860.0	143.99	121.0	2.46	141.53	0.9954	0.2688	-139.07
YMR230W	11265	442.4	186.05	179.0	62.08	123.96	0.9996	0.4154	-61.88
YMR230W-A	7	376.7	201.86	180.0	141.14	60.71	1.0	0.5217	80.43
YMR231W	54	970.6	236.17	240.5	5.39	230.78	1.0	0.3793	-225.39
YMR232W	19	649.4	67.89	58.0	6.79	61.11	1.0	0.143	-54.32
YMR233W	206	692.3	215.29	221.5	8.26	207.03	0.9951	0.3336	-198.77
YMR234W	63	690.8	174.92	177.0	21.59	153.33	1.0	0.3083	-131.75
YMR235C	265	545.4	198.01	207.0	2.91	195.1	0.9887	0.4343	-192.2
YMR236W	113	502.8	140.08	130.0	3.96	136.12	1.0	0.2896	-132.15
YMR237W	269	843.3	213.02	196.0	3.74	209.28	1.0	0.3276	-205.54
YMR238W	392	748.7	143.94	147.5	14.13	129.81	0.9949	0.2424	-115.68
YMR239C	99	1014.0	318.08	342.0	10.55	307.54	0.9899	0.3396	-296.99
YMR240C	26	524.9	76.46	60.0	2.35	74.12	1.0	0.17	-71.77
YMR241W	553	669.0	141.85	132.0	35.91	105.94	1.0	0.2404	-70.03
YMR242C	4306	570.4	154.54	136.0	10.41	144.12	0.9991	0.288	-133.71
YMR243C	264	820.9	217.3	215.0	17.7	199.6	1.0	0.3607	-181.89
YMR244C-A	98	440.4	186.15	181.0	9.87	176.29	1.0	0.4241	-166.42
YMR244W	5	1097.8	156.8	145.0	45.0	111.8	1.0	0.1391	-66.8
YMR245W	126	433.5	135.33	140.0	79.95	55.37	0.9921	0.2812	24.58
YMR246W	527	1007.8	199.35	190.0	16.09	183.26	0.9943	0.27	-167.16
YMR247C	237	652.7	82.52	73.0	3.31	79.21	0.9831	0.1668	-75.9
YMR247W-A	5	1287.2	1145.8	1467.0	600.2	545.6	1.0	0.844	54.6
YMR250W	104	842.9	155.61	128.5	4.94	150.66	1.0	0.2778	-145.72
YMR251W	15	580.4	205.47	155.0	1.33	204.13	1.0	0.3171	-202.8
YMR251W-A	10395	499.5	328.75	326.0	23.21	305.54	0.9999	0.6561	-282.33
YMR252C	40	639.2	299.85	248.0	104.15	195.7	1.0	0.4514	-91.55
YMR253C	43	661.1	151.3	78.0	9.49	141.81	1.0	0.1702	-132.33
YMR254C	7	432.1	235.71	259.0	202.43	33.29	1.0	0.5218	169.14
YMR255W	139	554.6	191.16	178.0	11.91	179.24	1.0	0.3711	-167.33
YMR256C	1449	401.2	226.14	234.0	17.03	209.11	1.0	0.5572	-192.08
YMR257C	56	718.2	236.43	232.0	18.25	218.18	1.0	0.3995	-199.93
YMR258C	161	869.2	95.06	96.0	12.64	82.42	0.9938	0.151	-69.78
YMR259C	151	770.2	103.1	93.0	19.8	83.3	0.9934	0.187	-63.5
YMR260C	2775	556.2	190.77	177.0	7.89	182.88	0.9989	0.3633	-174.98
YMR261C	154	1136.0	183.23	190.0	7.21	176.03	0.9935	0.2373	-168.82
YMR262W	24	828.2	222.96	227.5	17.62	205.33	1.0	0.3054	-187.71
YMR263W	168	621.7	135.38	118.5	9.54	125.85	1.0	0.2346	-116.31
YMR264W	182	594.7	172.26	161.0	13.7	158.56	1.0	0.3103	-144.86
YMR265C	42	727.0	150.9	146.0	8.1	142.81	1.0	0.2907	-134.71
YMR266W	310	1015.1	223.67	223.5	1.94	221.73	0.9935	0.337	-219.8
YMR267W	92	824.7	215.49	219.0	27.78	187.71	1.0	0.2963	-159.92
YMR268C	38	715.0	191.0	183.5	5.08	185.92	1.0	0.324	-180.84
YMR269W	23	358.6	112.04	91.0	3.83	108.22	1.0	0.3234	-104.39
YMR270C	132	746.3	186.16	174.5	31.49	154.67	1.0	0.2972	-123.17
YMR271C	82	739.0	230.28	227.5	43.07	187.21	1.0	0.3259	-144.13
YMR272C	194	863.9	221.66	237.0	8.86	212.81	0.9948	0.3267	-203.95
YMR273C	66	727.9	120.91	111.0	14.06	106.85	1.0	0.2361	-92.79
YMR274C	45	567.7	117.49	76.0	25.82	91.67	1.0	0.2157	-65.84
YMR275C	123	842.5	131.28	132.0	2.52	128.76	0.9837	0.2251	-126.24
YMR276W	241	875.9	156.76	172.0	7.44	149.31	1.0	0.2146	-141.87
YMR277W	41	700.5	168.93	143.0	10.02	158.9	1.0	0.3616	-148.88
YMR278W	68	1057.3	149.76	134.5	5.93	143.84	0.9853	0.1965	-137.91
YMR279C	13	1253.7	463.23	378.0	63.38	399.85	1.0	0.4352	-336.46
YMR280C	41	922.6	170.49	95.0	65.85	104.63	1.0	0.2014	-38.78
YMR281W	136	575.0	123.7	109.5	11.59	112.11	1.0	0.2457	-100.52
YMR282C	84	749.0	157.68	122.0	40.93	116.75	0.9881	0.2528	-75.82
YMR283C	77	725.3	120.0	92.0	3.71	116.29	0.987	0.2375	-112.57
YMR284W	144	1012.1	137.36	142.5	9.06	128.31	1.0	0.1849	-119.25
YMR285C	55	796.3	166.67	166.0	3.56	163.11	1.0	0.2633	-159.55
YMR286W	300	416.9	182.64	179.5	8.99	173.65	1.0	0.4369	-164.66
YMR287C	71	744.7	109.28	112.0	5.85	103.44	1.0	0.1855	-97.59
YMR288W	46	967.5	80.57	73.0	2.7	77.87	1.0	0.147	-75.17
YMR289W	98	686.6	180.58	155.0	2.85	177.73	0.9796	0.3088	-174.89
YMR290C	330	924.8	249.63	252.5	8.21	241.42	1.0	0.3282	-233.2
YMR290W-A	6	208.5	76.17	32.5	47.67	28.5	1.0	0.27	19.17
YMR291W	48	649.9	195.48	195.0	3.81	191.67	1.0	0.3733	-187.85
YMR292W	257	463.5	150.31	148.0	18.02	132.29	1.0	0.3321	-114.27
YMR293C	32	683.2	126.38	148.5	4.84	121.53	1.0	0.2238	-116.69
YMR294W	34	690.8	145.91	135.0	2.47	143.44	1.0	0.2621	-140.97
YMR294W-A	116	385.7	142.47	132.0	8.49	133.97	1.0	0.3745	-125.48
YMR295C	352	781.4	235.72	232.0	30.64	205.07	1.0	0.299	-174.43
YMR296C	313	913.6	133.94	140.0	16.87	117.08	1.0	0.2088	-100.21
YMR297W	623	796.4	163.38	176.0	8.28	155.1	0.9952	0.2771	-146.82
YMR298W	408	510.6	153.89	140.5	9.71	144.18	0.9951	0.3156	-134.48
YMR299C	98	706.4	167.21	178.5	11.02	156.19	1.0	0.2714	-145.17
YMR300C	205	940.2	150.83	148.0	19.66	131.17	1.0	0.223	-111.51
YMR301C	79	796.2	130.25	101.0	5.61	124.65	1.0	0.2273	-119.04
YMR302C	155	734.3	146.63	137.0	2.98	143.65	0.9871	0.2731	-140.67
YMR303C	20	519.4	111.9	118.5	10.05	101.85	1.0	0.2341	-91.8
YMR304C-A	449	327.9	112.47	101.0	63.06	49.41	1.0	0.315	13.66
YMR304W	64	710.3	182.81	190.5	7.22	175.59	0.9844	0.3869	-168.38
YMR305C	978	958.2	254.22	255.0	31.24	222.98	0.9939	0.2914	-191.74
YMR306C-A	9	587.4	360.78	423.0	9.56	351.22	1.0	0.6126	-341.67
YMR306W	33	864.4	134.58	27.0	6.88	127.7	1.0	0.1432	-120.82
YMR307W	1798	1031.3	215.92	223.0	11.54	204.38	0.995	0.2867	-192.84
YMR308C	501	875.5	130.65	133.0	8.1	122.55	0.992	0.2237	-114.46
YMR309C	669	1041.4	324.52	325.0	6.42	318.1	0.997	0.4183	-311.68
YMR310C	70	699.2	124.27	127.0	11.17	113.1	1.0	0.2129	-101.93
YMR311C	72	492.3	146.39	129.0	6.65	139.74	1.0	0.3476	-133.08
YMR312W	144	639.5	158.77	173.5	7.17	151.6	1.0	0.2874	-144.44
YMR313C	109	737.8	174.7	176.0	3.46	171.24	1.0	0.3362	-167.78
YMR314W	494	707.8	203.94	202.5	19.55	184.39	1.0	0.3222	-164.84
YMR315W	334	772.8	183.53	180.5	16.74	166.79	0.991	0.2774	-150.05
YMR315W-A	8	503.0	405.12	441.0	131.75	273.38	1.0	0.7976	-141.62
YMR316C-A	107	278.6	73.68	59.0	21.48	52.21	0.9907	0.2046	-30.73
YMR316C-B	14	452.6	212.64	171.5	7.14	205.5	1.0	0.4554	-198.36
YMR316W	616	824.2	136.2	127.0	29.81	106.38	0.9968	0.1722	-76.57
YMR317W	48	557.7	233.81	224.5	8.5	225.31	1.0	0.4311	-216.81
YMR318C	629	806.1	206.73	189.0	24.79	181.94	0.9968	0.3189	-157.16
YMR319C	268	873.5	258.58	258.0	9.42	249.16	1.0	0.3578	-239.75
YMR321C	101	285.2	136.05	117.0	1.86	134.19	0.9901	0.4801	-132.33
YNL001W	252	864.2	129.52	130.0	13.23	116.29	0.996	0.1841	-103.06
YNL002C	742	622.3	122.57	107.0	4.77	117.8	1.0	0.2412	-113.04
YNL003C	91	753.0	220.69	197.0	12.36	208.33	1.0	0.2935	-195.97
YNL004W	236	683.2	183.87	154.0	14.94	168.93	0.9958	0.327	-153.98
YNL005C	184	622.1	129.54	132.0	10.88	118.67	1.0	0.2542	-107.79
YNL006W	1109	805.0	228.71	207.0	3.57	225.14	0.9991	0.3054	-221.58
YNL007C	3302	694.5	126.04	129.0	18.69	107.35	0.9982	0.2173	-88.65
YNL008C	112	628.0	134.93	80.5	68.39	66.54	1.0	0.2294	1.86
YNL009W	54	619.9	177.26	167.5	10.5	166.76	0.9815	0.344	-156.26
YNL010W	1061	692.0	169.84	167.0	12.5	157.34	0.9991	0.2776	-144.84
YNL011C	89	750.5	104.11	91.0	17.03	87.08	0.9888	0.1857	-70.04
YNL012W	123	646.8	208.31	195.0	4.72	203.59	1.0	0.3552	-198.86
YNL015W	688	448.2	236.29	224.0	34.17	202.12	0.9985	0.5238	-167.96
YNL016W	373	1214.5	469.97	490.0	15.82	454.15	0.9973	0.4491	-438.33
YNL018C	7	741.6	130.86	196.0	17.71	113.14	1.0	0.1705	-95.43
YNL019C	8	908.6	454.62	393.0	83.0	371.62	1.0	0.4253	-288.62
YNL020C	79	801.8	123.05	105.0	17.96	105.09	1.0	0.1821	-87.13
YNL021W	69	984.3	255.29	230.0	12.94	242.35	1.0	0.3336	-229.41
YNL022C	88	742.5	133.42	124.0	2.56	130.86	0.9886	0.2524	-128.31
YNL023C	75	859.0	147.23	135.0	7.93	139.29	1.0	0.24	-131.36
YNL024C	94	617.2	163.3	147.0	15.67	147.63	1.0	0.2915	-131.96
YNL024C-A	422	519.5	323.42	327.0	34.12	289.3	1.0	0.6217	-255.18
YNL025C	50	906.7	349.22	158.0	15.66	333.56	1.0	0.3456	-317.9
YNL026W	125	720.1	157.54	152.0	2.52	155.02	0.992	0.2713	-152.5
YNL027W	136	660.8	140.2	120.0	6.65	133.54	0.9853	0.2729	-126.89
YNL029C	42	730.0	113.14	115.5	3.52	109.62	1.0	0.2026	-106.1
YNL030W	4662	488.4	213.37	199.0	13.03	200.34	1.0	0.4419	-187.31
YNL031C	4051	610.5	277.6	264.0	5.34	272.26	0.9993	0.4684	-266.92
YNL032W	203	779.2	158.0	148.0	29.27	128.73	1.0	0.2234	-99.46
YNL034W	5	859.0	189.8	207.0	7.0	182.8	1.0	0.277	-175.8
YNL035C	118	733.3	214.17	210.0	8.45	205.72	0.9831	0.3673	-197.27
YNL036W	336	498.2	140.02	136.0	10.95	129.07	1.0	0.3025	-118.11
YNL037C	275	829.3	188.29	192.0	25.23	163.07	1.0	0.273	-137.84
YNL038W	214	671.4	148.29	141.0	4.09	144.19	1.0	0.2495	-140.1
YNL039W	48	677.1	92.06	66.0	1.23	90.83	1.0	0.1881	-89.6
YNL040W	226	841.6	200.9	209.0	7.23	193.68	1.0	0.3112	-186.45
YNL041C	108	906.6	184.24	188.0	9.19	175.06	0.9907	0.2717	-165.87
YNL042W	39	856.8	148.95	134.0	21.05	127.9	1.0	0.2023	-106.85
YNL042W-B	8	355.0	184.62	83.0	73.25	111.38	1.0	0.4332	-38.12
YNL043C	99	386.8	175.9	194.0	6.13	169.77	1.0	0.4705	-163.64
YNL044W	342	716.6	248.7	250.5	52.22	196.49	1.0	0.3423	-144.27
YNL045W	237	862.2	132.63	132.0	2.15	130.48	0.9916	0.2186	-128.32
YNL046W	75	596.2	224.73	227.0	24.8	199.93	1.0	0.392	-175.13
YNL047C	45	780.5	119.6	97.0	1.69	117.91	0.9778	0.2453	-116.22
YNL048W	152	812.7	138.37	119.0	7.12	131.25	1.0	0.2385	-124.13
YNL049C	142	762.0	147.46	146.5	6.98	140.49	1.0	0.2985	-133.51
YNL050C	47	506.1	107.49	99.0	8.72	98.77	1.0	0.2609	-90.04
YNL051W	106	728.9	128.18	119.0	5.39	122.79	0.9811	0.2159	-117.41
YNL052W	485	669.3	298.85	294.0	10.99	287.86	1.0	0.4607	-276.87
YNL053W	73	729.3	179.4	186.0	8.01	171.38	1.0	0.3192	-163.37
YNL054W	49	541.5	253.2	269.0	2.76	250.45	1.0	0.4942	-247.69
YNL054W-A	8	718.4	155.88	170.0	6.38	149.5	1.0	0.237	-143.12
YNL054W-B	2027	1040.1	325.75	334.0	2.48	323.26	0.9951	0.3648	-320.78
YNL055C	1562	705.3	162.2	160.0	17.28	144.92	1.0	0.2653	-127.64
YNL056W	151	608.5	187.52	178.0	25.3	162.21	1.0	0.325	-136.91
YNL058C	174	768.6	189.48	158.0	19.08	170.4	1.0	0.2758	-151.32
YNL059C	67	663.4	154.43	165.0	0.96	153.48	0.9701	0.2913	-152.52
YNL061W	600	835.2	166.06	165.0	3.43	162.63	0.9983	0.2702	-159.2
YNL062C	109	867.9	172.72	181.0	7.42	165.3	1.0	0.2565	-157.88
YNL063W	105	612.0	112.15	112.0	23.85	88.3	1.0	0.2288	-64.46
YNL064C	1682	762.6	190.42	188.0	22.59	167.83	1.0	0.311	-145.24
YNL065W	31	754.9	163.1	180.0	7.03	156.06	1.0	0.288	-149.03
YNL066W	324	961.6	279.72	265.0	48.72	230.99	1.0	0.3493	-182.27
YNL067W	3454	741.5	278.68	287.0	18.26	260.42	0.9994	0.3921	-242.16
YNL068C	75	692.2	213.36	188.0	4.08	209.28	1.0	0.3966	-205.2
YNL069C	3769	648.1	208.93	198.0	16.99	191.93	1.0	0.3483	-174.94
YNL070W	1242	402.1	227.16	235.0	37.66	189.5	1.0	0.5604	-151.85
YNL071W	361	881.9	187.94	180.0	9.2	178.74	1.0	0.2975	-169.54
YNL072W	30	606.7	130.33	125.0	4.37	125.97	1.0	0.2582	-121.6
YNL073W	34	674.9	99.24	88.5	2.74	96.5	1.0	0.1841	-93.76
YNL074C	86	863.4	201.21	204.5	7.58	193.63	1.0	0.3	-186.05
YNL075W	194	653.3	120.02	98.5	12.79	107.23	1.0	0.2196	-94.43
YNL076W	27	596.4	116.67	111.0	11.33	105.33	1.0	0.2754	-94.0
YNL077W	368	672.8	107.33	100.5	11.31	96.02	1.0	0.2052	-84.71
YNL078W	93	603.9	100.85	86.0	6.18	94.67	1.0	0.1806	-88.48
YNL079C	979	549.3	211.09	192.0	6.35	204.74	0.999	0.4199	-198.39
YNL080C	67	606.4	143.54	134.0	13.87	129.67	1.0	0.2631	-115.81
YNL081C	243	580.2	236.5	244.0	14.43	222.07	1.0	0.4191	-207.64
YNL082W	43	734.2	132.56	144.0	2.4	130.16	1.0	0.2464	-127.77
YNL083W	70	758.5	298.77	323.5	4.26	294.51	1.0	0.4554	-290.26
YNL084C	445	784.0	145.56	141.0	15.8	129.75	0.9978	0.23	-113.95
YNL085W	326	1059.7	332.04	321.5	14.56	317.48	0.9939	0.4074	-302.93
YNL086W	38	490.9	204.74	189.0	54.66	150.08	1.0	0.4058	-95.42
YNL087W	325	904.3	209.71	222.0	3.63	206.08	0.9877	0.3099	-202.45
YNL088W	137	922.9	182.45	167.0	1.84	180.61	0.9854	0.2852	-178.77
YNL089C	101	540.2	310.2	344.0	1.86	308.34	1.0	0.562	-306.48
YNL090W	68	926.6	371.18	355.0	129.51	241.66	1.0	0.3899	-112.15
YNL091W	95	905.5	128.67	141.0	8.93	119.75	1.0	0.1945	-110.82
YNL092W	23	556.3	146.13	137.0	14.17	131.96	0.9565	0.2662	-117.78
YNL093W	11	825.0	400.27	352.0	19.18	381.09	1.0	0.4974	-361.91
YNL094W	80	886.2	166.4	143.5	36.69	129.71	1.0	0.2498	-93.02
YNL095C	37	667.0	166.0	184.0	13.22	152.78	1.0	0.3148	-139.57
YNL096C	2439	628.7	307.24	295.0	81.25	225.99	0.9996	0.4992	-144.74
YNL097C	48	513.6	157.25	167.5	9.69	147.56	1.0	0.3538	-137.88
YNL098C	193	633.1	169.3	170.0	19.37	149.93	1.0	0.3173	-130.55
YNL099C	98	733.0	287.39	280.0	7.65	279.73	0.9898	0.4202	-272.08
YNL100W	255	671.2	170.89	163.0	17.93	152.95	1.0	0.292	-135.02
YNL101W	132	896.2	246.09	258.5	10.58	235.52	1.0	0.3529	-224.94
YNL102W	116	694.2	117.28	97.5	2.93	114.35	0.9914	0.2439	-111.42
YNL103W	85	755.7	128.74	139.0	10.33	118.41	1.0	0.2376	-108.08
YNL104C	878	862.6	162.86	153.5	13.49	149.37	0.9977	0.2667	-135.89
YNL106C	31	745.6	122.58	134.0	4.42	118.16	1.0	0.2144	-113.74
YNL107W	132	722.6	230.67	219.5	10.95	219.73	1.0	0.3512	-208.78
YNL108C	61	910.5	192.7	193.0	12.1	180.61	0.9836	0.2122	-168.51
YNL109W	100	438.7	137.02	124.0	3.62	133.4	1.0	0.3309	-129.78
YNL110C	698	628.3	157.09	141.0	9.71	147.38	1.0	0.2776	-137.67
YNL111C	425	613.9	312.44	315.0	28.12	284.32	1.0	0.5198	-256.2
YNL112W	549	820.3	326.03	226.0	44.73	281.3	0.9945	0.4315	-236.56
YNL113W	360	539.0	223.09	217.0	11.94	211.15	1.0	0.4354	-199.21
YNL115C	76	609.0	156.86	157.0	9.82	147.04	1.0	0.3165	-137.22
YNL116W	48	843.2	204.27	182.5	9.35	194.92	1.0	0.3411	-185.56
YNL117W	26	525.8	100.08	98.5	11.88	88.19	1.0	0.2212	-76.31
YNL118C	201	872.1	180.89	196.0	2.92	177.97	0.9851	0.2674	-175.04
YNL119W	104	852.0	157.97	157.5	4.54	153.43	1.0	0.2387	-148.89
YNL121C	450	778.4	234.73	236.5	3.38	231.35	0.9956	0.383	-227.97
YNL122C	302	479.5	213.12	212.0	2.25	210.87	1.0	0.442	-208.63
YNL123W	198	791.3	115.76	115.0	3.5	112.26	0.9949	0.2146	-108.76
YNL124W	126	708.1	144.55	141.5	2.02	142.53	0.9841	0.2705	-140.52
YNL125C	218	758.0	154.18	150.0	7.8	146.39	1.0	0.2827	-138.59
YNL126W	54	638.4	144.19	135.0	8.17	136.02	1.0	0.2715	-127.85
YNL127W	98	822.1	223.62	229.5	3.49	220.13	1.0	0.3815	-216.64
YNL128W	13	534.2	178.23	176.0	28.46	149.77	1.0	0.3751	-121.31
YNL129W	186	752.9	209.39	204.0	47.02	162.37	0.9946	0.2911	-115.35
YNL130C	274	781.1	165.34	158.5	28.38	136.96	1.0	0.2457	-108.58
YNL130C-A	5	314.4	183.4	179.0	140.6	42.8	1.0	0.5731	97.8
YNL131W	394	707.0	362.26	362.0	19.46	342.8	1.0	0.5332	-323.35
YNL132W	418	757.8	132.21	110.0	3.74	128.46	0.9976	0.2408	-124.72
YNL133C	67	511.2	177.66	173.0	20.13	157.52	1.0	0.3583	-137.39
YNL134C	698	785.3	118.55	116.0	15.18	103.36	1.0	0.1856	-88.18
YNL135C	4027	517.7	207.57	207.0	9.06	198.52	0.9998	0.4006	-189.46
YNL136W	55	461.5	159.55	136.0	30.2	129.35	1.0	0.3604	-99.15
YNL137C	100	856.4	197.53	186.0	11.93	185.6	1.0	0.2882	-173.67
YNL138W	384	806.2	173.27	175.5	4.88	168.38	1.0	0.2881	-163.5
YNL138W-A	91	471.7	228.52	224.0	7.87	220.65	1.0	0.4849	-212.78
YNL139C	40	871.7	127.85	90.0	4.08	123.78	0.95	0.1576	-119.7
YNL140C	24	459.3	215.33	232.5	2.5	212.83	1.0	0.4922	-210.33
YNL141W	434	707.2	145.53	136.0	9.53	136.0	0.9954	0.2624	-126.46
YNL142W	192	991.7	141.93	146.0	21.85	120.07	1.0	0.1875	-98.22
YNL143C	39	555.5	442.33	428.0	4.36	437.97	1.0	0.7906	-433.62
YNL144C	49	536.3	141.39	133.0	1.08	140.31	0.9796	0.2882	-139.22
YNL146W	17	505.1	282.59	241.0	46.47	236.12	1.0	0.5277	-189.65
YNL147W	788	448.2	143.36	134.0	57.59	85.77	1.0	0.3115	-28.19
YNL148C	23	750.6	196.87	176.0	6.3	190.57	1.0	0.3026	-184.26
YNL149C	163	533.4	157.97	143.0	16.97	141.0	1.0	0.2911	-124.03
YNL150W	265	384.1	77.35	76.0	38.16	39.19	1.0	0.182	-1.03
YNL151C	32	379.8	209.84	186.0	1.59	208.25	1.0	0.5433	-206.66
YNL152W	31	886.7	128.52	110.0	5.35	123.16	1.0	0.203	-117.81
YNL153C	466	588.1	261.35	253.5	10.58	250.77	1.0	0.4513	-240.2
YNL154C	150	974.8	248.82	234.0	27.52	221.3	0.9933	0.3433	-193.78
YNL155W	390	736.5	182.32	173.0	36.3	146.02	0.9949	0.2674	-109.71
YNL156C	256	767.1	189.28	183.5	60.34	128.94	1.0	0.2797	-68.61
YNL157W	587	547.7	134.21	105.0	22.9	111.31	0.9983	0.2459	-88.41
YNL158W	25	1022.4	532.12	768.0	23.24	508.88	1.0	0.4286	-485.64
YNL159C	98	887.3	353.57	312.5	17.93	335.64	1.0	0.4107	-317.71
YNL160W	310	936.0	278.68	282.0	21.54	257.14	0.9935	0.338	-235.6
YNL161W	145	930.1	286.54	326.0	15.77	270.77	1.0	0.353	-254.99
YNL162W	8368	426.8	131.44	112.0	10.91	120.54	0.9999	0.308	-109.63
YNL162W-A	43	606.2	404.4	417.0	37.91	366.49	1.0	0.6524	-328.58
YNL163C	130	771.8	160.98	138.5	2.56	158.42	1.0	0.2972	-155.86
YNL164C	100	637.5	180.24	169.0	15.97	164.27	0.99	0.3159	-148.3
YNL165W	51	806.4	215.2	222.0	9.39	205.8	1.0	0.3539	-196.41
YNL166C	87	639.2	136.17	128.0	2.45	133.72	1.0	0.2676	-131.28
YNL167C	131	824.9	265.76	254.0	28.91	236.85	1.0	0.3883	-207.95
YNL168C	187	686.8	224.71	212.0	10.55	214.17	1.0	0.37	-203.62
YNL169C	69	1073.2	182.67	132.0	66.55	116.12	0.9855	0.1679	-49.57
YNL170W	49	291.7	69.2	76.0	26.18	43.02	1.0	0.215	-16.84
YNL171C	36	479.2	200.5	202.5	17.03	183.47	1.0	0.4111	-166.44
YNL172W	32	1334.4	255.09	307.0	3.59	251.5	1.0	0.2106	-247.91
YNL173C	97	622.8	157.19	153.0	9.76	147.42	1.0	0.2904	-137.66
YNL175C	316	793.5	163.13	160.0	7.18	155.96	0.9968	0.257	-148.78
YNL176C	123	746.5	290.2	306.0	5.74	284.46	1.0	0.4684	-278.72
YNL177C	164	724.6	228.92	224.5	9.46	219.46	1.0	0.3805	-210.01
YNL178W	18192	656.4	99.8	76.0	5.32	94.48	0.9992	0.1727	-89.16
YNL179C	7	298.3	98.57	107.0	11.14	87.43	1.0	0.326	-76.29
YNL180C	220	640.5	154.55	140.5	31.08	123.47	1.0	0.2768	-92.39
YNL181W	103	849.0	154.36	161.0	15.54	138.82	1.0	0.2187	-123.27
YNL182C	228	826.5	143.28	142.0	9.65	133.63	0.9956	0.2371	-123.98
YNL183C	98	853.7	163.41	166.0	9.08	154.33	1.0	0.2674	-145.24
YNL185C	100	496.8	196.74	204.5	25.85	170.89	1.0	0.4187	-145.04
YNL186W	141	835.7	168.86	176.0	4.36	164.5	1.0	0.2764	-160.13
YNL187W	7	1043.9	373.0	353.0	50.57	322.43	1.0	0.3645	-271.86
YNL188W	42	646.0	89.74	91.5	12.38	77.36	1.0	0.1727	-64.98
YNL189W	474	748.9	194.79	192.0	16.06	178.73	0.9979	0.3378	-162.66
YNL190W	277	1105.2	654.66	663.0	98.71	555.95	1.0	0.6062	-457.24
YNL191W	52	718.3	146.13	132.0	22.38	123.75	1.0	0.2496	-101.37
YNL192W	779	952.4	135.46	130.0	3.95	131.5	0.9987	0.2228	-127.55
YNL193W	58	602.7	80.95	64.5	2.83	78.12	1.0	0.1785	-75.29
YNL194C	11	640.4	215.18	221.0	21.82	193.36	1.0	0.3625	-171.55
YNL195C	32	465.5	167.72	164.5	6.28	161.44	1.0	0.368	-155.16
YNL196C	18	569.1	89.39	88.5	25.83	63.56	1.0	0.1736	-37.72
YNL197C	46	1128.7	498.74	657.5	13.65	485.09	1.0	0.4788	-471.43
YNL199C	79	674.5	201.0	179.0	6.71	194.29	1.0	0.3861	-187.58
YNL200C	79	696.9	159.86	159.0	38.73	121.13	0.9873	0.2478	-82.39
YNL201C	114	928.4	224.46	238.5	10.6	213.86	1.0	0.3212	-203.26
YNL202W	14	619.6	137.5	155.5	11.0	126.5	1.0	0.238	-115.5
YNL204C	8	729.2	193.12	75.5	118.62	74.5	0.875	0.1779	44.12
YNL206C	52	820.9	154.58	144.5	20.54	134.04	1.0	0.2456	-113.5
YNL207W	59	669.0	150.69	147.0	16.46	134.24	0.9661	0.2819	-117.78
YNL208W	601	574.9	146.26	136.0	6.46	139.79	0.995	0.281	-133.33
YNL209W	2569	1015.8	154.35	142.0	4.19	150.16	0.9953	0.2321	-145.97
YNL210W	19	660.8	175.95	88.0	4.68	171.26	1.0	0.2342	-166.58
YNL211C	139	481.4	249.76	246.0	20.07	229.69	1.0	0.5203	-209.62
YNL212W	133	1002.8	178.38	169.0	5.89	172.49	1.0	0.2657	-166.59
YNL213C	98	543.2	162.43	164.0	21.63	140.8	1.0	0.3233	-119.16
YNL214W	88	736.8	298.24	309.0	8.34	289.9	1.0	0.431	-281.56
YNL215W	29	365.3	81.9	71.0	2.03	79.86	1.0	0.2492	-77.83
YNL216W	51	863.0	141.8	142.0	8.45	133.35	1.0	0.2348	-124.9
YNL217W	627	736.1	142.56	132.0	10.74	131.82	0.9968	0.2327	-121.07
YNL218W	27	913.7	249.59	247.0	14.67	234.93	1.0	0.3541	-220.26
YNL219C	111	900.5	215.24	218.0	24.4	190.85	1.0	0.3286	-166.45
YNL220W	478	785.9	158.58	161.0	13.95	144.63	1.0	0.2674	-130.68
YNL221C	91	742.2	180.73	172.0	2.85	177.88	1.0	0.3427	-175.03
YNL222W	139	661.0	225.58	230.0	21.4	204.19	1.0	0.3564	-182.79
YNL223W	53	600.6	97.58	82.0	2.11	95.47	0.9811	0.1851	-93.36
YNL224C	105	677.7	174.38	168.0	3.88	170.5	1.0	0.3261	-166.63
YNL225C	93	773.2	154.19	151.0	2.95	151.25	0.9892	0.2778	-148.3
YNL227C	6	686.7	104.67	70.0	7.17	97.5	1.0	0.1392	-90.33
YNL228W	17	489.3	123.94	106.0	30.59	93.35	1.0	0.2548	-62.76
YNL229C	149	728.3	262.32	243.0	38.49	223.83	0.9933	0.4188	-185.34
YNL230C	16	727.3	276.25	375.5	16.5	259.75	1.0	0.3723	-243.25
YNL231C	459	754.1	137.21	135.0	19.37	117.83	1.0	0.2074	-98.46
YNL232W	141	676.3	154.57	146.0	12.18	142.38	1.0	0.2749	-130.2
YNL233W	54	678.9	130.7	111.0	1.41	129.3	1.0	0.2567	-127.89
YNL234W	50	855.9	125.9	129.5	6.28	119.62	1.0	0.2013	-113.34
YNL235C	59	287.2	36.02	11.0	8.22	27.8	0.9831	0.1146	-19.58
YNL236W	53	908.5	103.68	96.0	5.68	98.0	1.0	0.1219	-92.32
YNL237W	20	632.4	273.9	280.0	55.0	218.9	1.0	0.4947	-163.9
YNL238W	124	809.3	180.83	182.5	14.29	166.54	1.0	0.3177	-152.25
YNL239W	214	935.0	165.04	165.5	21.72	143.32	0.9953	0.2223	-121.6
YNL240C	70	669.7	146.66	127.5	5.61	141.04	1.0	0.2683	-135.43
YNL241C	296	980.5	242.57	242.5	17.99	224.58	0.9899	0.311	-206.58
YNL242W	45	625.0	73.67	69.0	6.91	66.76	1.0	0.1628	-59.84
YNL243W	166	814.2	108.49	93.5	3.76	104.73	0.994	0.2007	-100.97
YNL244C	3078	471.1	184.15	169.0	14.56	169.59	1.0	0.3958	-155.04
YNL245C	49	419.1	149.1	120.0	75.78	73.33	1.0	0.3084	2.45
YNL246W	80	658.0	211.36	169.0	64.89	146.48	1.0	0.2798	-81.59
YNL247W	264	702.0	148.52	133.0	1.77	146.75	0.9886	0.3038	-144.99
YNL248C	539	887.9	238.96	230.0	7.53	231.43	0.9963	0.3375	-223.9
YNL249C	75	772.0	152.48	101.0	23.17	129.31	1.0	0.2339	-106.13
YNL250W	87	764.0	215.97	180.0	18.68	197.29	0.9885	0.2982	-178.61
YNL251C	102	784.8	197.47	178.0	70.93	126.54	0.9902	0.3151	-55.61
YNL252C	121	604.1	160.58	157.0	2.87	157.71	0.9917	0.317	-154.84
YNL253W	95	991.2	203.42	208.0	12.58	190.84	1.0	0.2612	-178.26
YNL254C	14	972.9	369.07	287.0	31.29	337.79	1.0	0.3584	-306.5
YNL255C	3475	678.9	285.95	287.0	11.08	274.87	1.0	0.4318	-263.79
YNL256W	175	773.9	113.95	129.0	9.78	104.17	1.0	0.2277	-94.39
YNL257C	63	775.7	86.22	82.0	2.24	83.98	1.0	0.1874	-81.75
YNL258C	177	782.4	138.29	121.0	2.75	135.54	0.9774	0.219	-132.79
YNL259C	390	368.8	157.8	140.5	17.19	140.61	1.0	0.4214	-123.41
YNL260C	75	732.1	366.91	376.0	6.17	360.73	1.0	0.5054	-354.56
YNL261W	146	787.8	171.79	174.0	19.71	152.09	1.0	0.2749	-132.38
YNL262W	55	832.7	129.93	143.0	2.2	127.73	0.9818	0.2516	-125.53
YNL263C	162	773.0	199.01	188.0	37.88	161.12	1.0	0.2972	-123.24
YNL264C	122	667.0	195.72	183.5	3.93	191.79	1.0	0.3726	-187.85
YNL265C	40	952.7	212.92	200.0	26.7	186.22	1.0	0.2321	-159.52
YNL266W	38	409.5	169.79	145.5	7.74	162.05	1.0	0.4226	-154.32
YNL267W	109	768.4	196.47	212.0	5.52	190.94	1.0	0.3305	-185.42
YNL268W	451	743.8	193.28	207.0	5.43	187.84	0.9978	0.3607	-182.41
YNL271C	124	707.0	171.29	164.0	1.85	169.44	0.9919	0.33	-167.6
YNL272C	95	566.0	131.63	120.0	11.67	119.96	0.9895	0.2809	-108.28
YNL273W	37	694.8	134.41	132.0	15.97	118.43	0.973	0.2526	-102.46
YNL274C	112	741.8	169.95	170.5	14.53	155.42	1.0	0.2927	-140.89
YNL275W	64	598.6	133.31	117.5	13.25	120.06	1.0	0.2962	-106.81
YNL276C	37	317.8	130.14	120.0	2.76	127.38	1.0	0.4178	-124.62
YNL277W	48	946.4	180.6	176.0	23.23	157.38	0.9792	0.2164	-134.15
YNL278W	25	858.5	210.8	243.0	15.48	195.32	1.0	0.3051	-179.84
YNL279W	14	531.4	181.93	215.5	1.14	180.79	1.0	0.3506	-179.64
YNL280C	161	920.1	156.35	142.0	27.16	129.19	1.0	0.205	-102.04
YNL281W	1272	588.6	210.09	211.0	17.44	192.65	0.9984	0.3573	-175.2
YNL282W	19	458.4	122.16	33.0	1.32	120.84	1.0	0.1633	-119.53
YNL283C	77	966.2	228.99	223.0	53.1	175.88	0.987	0.2762	-122.78
YNL284C	216	737.9	120.83	97.0	2.9	117.93	0.9907	0.198	-115.02
YNL284C-A	6	513.5	157.17	166.5	7.83	149.33	1.0	0.2918	-141.5
YNL284C-B	1600	813.3	331.76	336.5	2.67	329.09	0.9988	0.4289	-326.42
YNL285W	76	482.5	384.13	355.0	117.57	266.57	1.0	0.7703	-149.0
YNL286W	62	443.0	124.6	100.0	11.21	113.39	1.0	0.3192	-102.18
YNL287W	498	1118.4	277.7	256.5	14.56	263.14	0.994	0.3612	-248.58
YNL288W	91	810.5	195.15	172.0	31.51	163.65	0.989	0.2777	-132.14
YNL289W	120	521.3	167.29	149.5	11.77	155.52	0.9917	0.3822	-143.76
YNL290W	88	728.0	137.3	116.5	4.98	132.32	1.0	0.2379	-127.34
YNL291C	99	708.9	153.01	152.0	11.96	141.05	1.0	0.2768	-129.09
YNL292W	84	586.2	151.24	134.0	3.63	147.61	1.0	0.3203	-143.98
YNL293W	92	687.6	114.01	107.0	3.86	110.15	0.9891	0.2098	-106.29
YNL294C	136	635.3	187.06	176.0	23.06	164.0	1.0	0.3781	-140.94
YNL295W	72	711.6	184.97	202.0	10.17	174.81	0.9861	0.3606	-164.64
YNL297C	177	764.4	152.1	147.0	3.66	148.44	1.0	0.262	-144.78
YNL298W	80	775.3	160.38	159.0	6.11	154.26	1.0	0.2668	-148.15
YNL299W	12	724.1	112.92	102.5	18.25	94.67	1.0	0.2551	-76.42
YNL300W	198	611.6	352.41	347.0	57.92	294.48	1.0	0.5814	-236.56
YNL301C	603	596.7	245.15	240.0	68.69	176.46	1.0	0.4323	-107.77
YNL302C	3841	529.2	192.67	193.0	16.97	175.7	1.0	0.3776	-158.74
YNL303W	153	246.4	157.54	155.0	113.64	43.9	1.0	0.6177	69.74
YNL304W	32	630.2	198.38	204.0	2.06	196.31	1.0	0.3447	-194.25
YNL305C	120	755.4	144.57	155.5	9.38	135.19	1.0	0.2323	-125.81
YNL306W	132	608.4	130.48	112.0	8.64	121.84	1.0	0.2368	-113.2
YNL307C	133	1040.8	396.06	396.0	34.32	361.74	1.0	0.4366	-327.41
YNL308C	63	466.9	134.86	140.0	2.43	132.43	1.0	0.3508	-130.0
YNL309W	28	588.9	223.61	213.0	10.0	213.61	1.0	0.4785	-203.61
YNL310C	49	569.4	132.2	128.0	11.63	120.57	1.0	0.2372	-108.94
YNL311C	119	720.5	128.73	132.0	4.21	124.52	1.0	0.2464	-120.31
YNL312W	164	720.7	141.51	142.5	14.31	127.2	1.0	0.2283	-112.88
YNL313C	80	867.4	131.09	113.5	6.0	125.09	0.9875	0.2275	-119.09
YNL314W	20	498.4	127.85	115.0	3.5	124.35	1.0	0.3157	-120.85
YNL315C	148	606.4	126.07	110.5	1.32	124.75	0.9932	0.2539	-123.43
YNL316C	83	594.4	104.61	94.0	8.64	95.98	1.0	0.2133	-87.34
YNL317W	39	820.1	127.67	113.0	1.95	125.72	1.0	0.2388	-123.77
YNL319W	7	248.4	139.71	159.0	132.57	7.14	1.0	0.5436	125.43
YNL320W	73	695.1	208.18	212.0	17.41	190.77	1.0	0.3561	-173.36
YNL321W	51	723.3	145.92	137.0	1.96	143.96	1.0	0.2646	-142.0
YNL322C	236	672.9	117.8	124.5	5.17	112.63	1.0	0.2299	-107.46
YNL323W	151	861.7	160.4	151.0	10.63	149.77	0.9934	0.2485	-139.15
YNL325C	66	790.1	98.21	115.0	1.89	96.32	1.0	0.1794	-94.42
YNL326C	57	686.2	177.23	179.0	6.33	170.89	1.0	0.3093	-164.56
YNL327W	257	921.7	149.5	141.0	4.11	145.39	0.9922	0.2552	-141.29
YNL329C	39	622.5	96.28	88.0	6.62	89.67	1.0	0.189	-83.05
YNL330C	87	723.7	196.75	177.0	7.31	189.44	1.0	0.3228	-182.13
YNL331C	45	692.0	265.69	226.0	18.78	246.91	1.0	0.4543	-228.13
YNL332W	13	494.4	163.15	148.0	1.38	161.77	1.0	0.3837	-160.38
YNL333W	30	634.7	180.1	166.0	9.0	171.1	1.0	0.3093	-162.1
YNL334C	20	595.0	146.2	149.5	9.6	136.6	1.0	0.27	-127.0
YNL335W	10	767.0	300.4	122.0	3.3	297.1	1.0	0.3383	-293.8
YNL336W	216	801.7	122.19	115.5	2.26	119.92	0.9954	0.1953	-117.66
YNL339C	74	637.7	143.12	94.5	4.54	138.58	1.0	0.2635	-134.04
YNR001C	358	968.1	203.01	199.0	28.77	174.24	1.0	0.2711	-145.47
YNR002C	32	545.7	192.19	195.0	12.09	180.09	1.0	0.4111	-168.0
YNR003C	190	702.8	148.67	115.5	8.76	139.91	1.0	0.2546	-131.14
YNR004W	50	691.1	317.76	298.0	64.32	253.44	1.0	0.4514	-189.12
YNR006W	103	735.3	150.37	144.0	4.21	146.16	0.9903	0.3134	-141.94
YNR007C	63	773.6	318.03	313.0	9.0	309.03	1.0	0.4433	-300.03
YNR008W	39	1012.0	211.51	251.0	6.69	204.82	0.9744	0.2511	-198.13
YNR009W	36	596.4	158.64	156.0	25.94	132.69	1.0	0.2757	-106.75
YNR010W	157	427.8	142.34	137.0	7.53	134.82	1.0	0.3491	-127.29
YNR011C	24	608.6	177.17	192.0	10.88	166.29	1.0	0.3665	-155.42
YNR012W	149	702.4	128.18	139.0	7.91	120.28	1.0	0.2359	-112.37
YNR013C	163	737.3	136.26	123.0	6.61	129.65	1.0	0.2572	-123.04
YNR014W	37	551.9	193.86	204.0	8.49	185.38	1.0	0.3896	-176.89
YNR015W	56	794.5	134.3	121.0	2.55	131.75	1.0	0.2072	-129.2
YNR016C	1206	717.1	131.94	112.0	2.33	129.61	0.9959	0.2869	-127.28
YNR017W	159	784.9	273.61	259.0	81.19	192.42	0.9937	0.3552	-111.22
YNR018W	203	648.8	163.49	155.0	10.15	153.34	0.9901	0.2812	-143.19
YNR019W	216	668.6	134.51	133.5	4.78	129.74	1.0	0.2753	-124.96
YNR020C	26	535.8	102.31	84.5	5.46	96.85	1.0	0.2159	-91.38
YNR021W	319	698.2	194.84	194.0	8.67	186.17	1.0	0.3583	-177.5
YNR022C	235	500.8	157.7	143.0	15.58	142.12	1.0	0.3212	-126.54
YNR023W	56	764.4	133.09	111.5	6.02	127.07	1.0	0.2483	-121.05
YNR024W	14	530.8	103.71	92.0	12.71	91.0	1.0	0.1647	-78.29
YNR025C	49	336.9	131.49	104.0	85.45	46.04	1.0	0.377	39.41
YNR026C	48	1075.4	341.98	345.0	8.19	333.79	1.0	0.4153	-325.6
YNR027W	50	936.1	301.96	303.5	11.84	290.12	1.0	0.3673	-278.28
YNR028W	158	625.8	142.96	143.0	14.03	128.94	1.0	0.2698	-114.91
YNR029C	81	886.2	154.35	160.0	9.79	144.56	1.0	0.2504	-134.77
YNR030W	137	901.0	188.08	197.0	11.28	176.8	1.0	0.3031	-165.53
YNR031C	77	810.2	143.68	128.0	0.99	142.69	1.0	0.242	-141.7
YNR032C-A	309	367.7	163.76	158.0	18.39	145.36	1.0	0.4393	-126.97
YNR032W	95	698.9	155.99	139.0	26.32	129.67	1.0	0.2875	-103.36
YNR033W	61	844.5	96.28	82.0	3.26	93.02	1.0	0.2008	-89.75
YNR034W	48	968.3	299.44	312.0	27.75	271.69	1.0	0.3437	-243.94
YNR034W-A	469	478.9	200.41	186.0	56.39	144.02	1.0	0.4129	-87.63
YNR035C	207	712.1	104.62	87.0	7.25	97.37	0.9855	0.1833	-90.13
YNR036C	107	532.3	187.79	166.0	3.09	184.69	1.0	0.3714	-181.6
YNR037C	150	402.8	157.99	150.0	6.56	151.43	1.0	0.3932	-144.87
YNR038W	76	718.1	155.78	151.0	2.47	153.3	0.9868	0.2962	-150.83
YNR039C	77	679.0	102.01	94.0	2.69	99.32	1.0	0.2095	-96.64
YNR040W	28	657.2	99.43	76.0	5.82	93.61	1.0	0.1715	-87.79
YNR041C	99	742.8	94.9	80.0	8.92	85.98	1.0	0.1661	-77.06
YNR043W	426	756.4	176.8	162.5	3.46	173.34	0.9977	0.3004	-169.88
YNR044W	58	757.7	106.64	100.5	6.4	100.24	1.0	0.2341	-93.84
YNR045W	25	876.1	146.24	91.0	3.8	142.44	1.0	0.2022	-138.64
YNR046W	239	515.8	182.68	184.0	11.57	171.1	1.0	0.3738	-159.53
YNR047W	71	784.1	213.87	230.0	4.9	208.97	1.0	0.3443	-204.07
YNR048W	51	813.5	233.73	247.0	5.1	228.63	1.0	0.3624	-223.53
YNR049C	41	643.0	175.98	167.0	25.07	150.9	1.0	0.2846	-125.83
YNR050C	658	761.1	134.56	129.0	7.86	126.71	0.997	0.2286	-118.85
YNR051C	39	1537.9	583.08	476.0	163.0	420.08	1.0	0.4003	-257.08
YNR052C	207	727.7	120.15	122.0	17.21	102.95	1.0	0.207	-85.74
YNR053C	240	773.6	166.35	125.5	36.77	129.57	1.0	0.2332	-92.8
YNR054C	37	575.1	108.0	117.0	12.78	95.22	1.0	0.214	-82.43
YNR055C	155	829.0	183.46	154.0	31.64	151.82	1.0	0.273	-120.18
YNR056C	20	534.4	91.8	68.0	6.15	85.65	1.0	0.2187	-79.5
YNR057C	23	579.0	152.52	121.0	19.0	133.52	1.0	0.2691	-114.52
YNR058W	22	704.2	162.64	141.5	11.82	150.82	1.0	0.3084	-139.0
YNR059W	55	764.1	161.6	151.0	10.44	151.16	1.0	0.2618	-140.73
YNR060W	21	900.1	89.81	75.0	9.1	80.71	0.9524	0.1799	-71.62
YNR061C	204	764.9	374.15	382.5	29.54	344.61	1.0	0.5267	-315.06
YNR062C	20	1030.0	547.85	294.0	64.05	483.8	1.0	0.5197	-419.75
YNR063W	5	1651.2	438.6	449.0	15.8	422.8	1.0	0.2116	-407.0
YNR064C	15	952.6	331.6	286.0	118.2	213.4	1.0	0.2982	-95.2
YNR065C	95	820.4	108.87	89.0	21.72	87.16	1.0	0.1956	-65.44
YNR066C	24	740.9	355.38	127.0	15.62	339.75	1.0	0.4082	-324.12
YNR067C	251	604.1	138.61	120.0	21.12	117.49	0.996	0.2808	-96.37
YNR068C	101	814.6	384.32	313.0	121.7	262.61	1.0	0.486	-140.91
YNR069C	62	997.0	420.39	217.0	79.44	340.95	1.0	0.3819	-261.52
YNR075W	31	588.8	215.32	75.0	23.32	192.0	0.9677	0.2431	-168.68
YOL001W	43	681.9	243.35	193.0	74.3	169.05	1.0	0.3796	-94.74
YOL002C	555	797.0	109.75	89.0	8.0	101.74	0.9892	0.169	-93.74
YOL003C	61	674.6	193.64	156.0	3.33	190.31	1.0	0.3595	-186.98
YOL004W	187	938.1	151.0	129.0	5.47	145.53	0.9947	0.2453	-140.06
YOL005C	153	441.6	125.63	124.0	21.01	104.63	1.0	0.2861	-83.62
YOL006C	96	599.0	191.28	164.0	4.08	187.2	1.0	0.3971	-183.11
YOL007C	72	1083.3	393.5	419.5	31.46	362.04	1.0	0.3963	-330.58
YOL008W	102	557.7	209.25	206.5	8.63	200.63	1.0	0.4186	-192.0
YOL009C	55	641.2	149.82	139.0	19.13	130.69	1.0	0.2578	-111.56
YOL010W	196	619.1	139.78	120.0	4.79	134.99	0.9949	0.2836	-130.2
YOL011W	53	908.0	288.09	283.0	79.85	208.25	1.0	0.371	-128.4
YOL012C	198	633.4	275.51	265.0	58.85	216.66	1.0	0.4287	-157.81
YOL013C	92	720.5	111.36	109.5	18.51	92.85	0.9891	0.2171	-74.34
YOL013W-A	24	287.8	169.83	175.0	22.79	147.04	1.0	0.5653	-124.25
YOL014W	337	536.3	265.97	249.0	37.53	228.43	1.0	0.4904	-190.9
YOL015W	24	685.9	182.83	156.5	42.92	139.92	1.0	0.2846	-97.0
YOL016C	1128	686.4	145.05	136.0	3.92	141.12	0.9973	0.2748	-137.2
YOL017W	27	694.1	123.37	109.0	20.85	102.52	1.0	0.2354	-81.67
YOL018C	67	767.0	253.24	261.0	8.12	245.12	1.0	0.3823	-237.0
YOL019W	52	906.0	223.81	225.0	26.52	197.29	0.9808	0.3406	-170.77
YOL020W	181	819.2	164.57	168.0	16.36	148.21	0.9945	0.2725	-131.85
YOL021C	202	734.6	141.8	125.5	6.28	135.52	1.0	0.2751	-129.24
YOL022C	264	748.6	143.67	121.0	4.82	138.85	1.0	0.253	-134.03
YOL023W	36	636.3	219.47	212.5	3.08	216.39	1.0	0.4238	-213.31
YOL025W	64	733.4	110.34	106.0	7.06	103.28	1.0	0.1764	-96.22
YOL026C	90	404.5	136.11	130.0	4.8	131.31	1.0	0.3464	-126.51
YOL027C	59	553.0	197.17	197.0	3.66	193.51	0.9831	0.422	-189.85
YOL029C	78	705.2	284.77	171.0	144.87	139.9	1.0	0.3669	4.97
YOL030W	286	945.8	207.66	213.0	9.96	197.7	1.0	0.2905	-187.74
YOL031C	117	725.3	124.4	124.0	11.78	112.62	0.9915	0.228	-100.85
YOL032W	262	586.8	113.97	109.0	17.61	96.35	1.0	0.2232	-78.74
YOL033W	57	825.1	148.53	149.0	8.37	140.16	1.0	0.2376	-131.79
YOL034W	59	710.7	140.76	149.0	2.44	138.32	1.0	0.2831	-135.88
YOL035C	78	357.3	126.17	126.5	11.29	114.87	1.0	0.3574	-103.58
YOL036W	74	1201.9	210.46	169.5	36.08	174.38	1.0	0.2095	-138.3
YOL038C-A	29	348.3	262.9	254.0	63.72	199.17	1.0	0.7512	-135.45
YOL038W	347	661.4	114.01	92.0	9.1	104.92	0.9971	0.1942	-95.82
YOL039W	3254	524.9	244.6	251.0	10.28	234.32	0.9997	0.472	-224.04
YOL040C	4884	504.7	159.78	152.0	15.41	144.37	0.9998	0.33	-128.96
YOL041C	219	632.0	161.4	156.0	3.71	157.69	0.9909	0.3388	-153.99
YOL042W	120	858.5	248.92	257.0	22.48	226.43	1.0	0.3371	-203.95
YOL043C	29	864.7	167.0	182.0	21.66	145.34	1.0	0.2479	-123.69
YOL044W	75	795.6	131.12	138.0	13.83	117.29	1.0	0.202	-103.47
YOL045W	149	927.5	167.18	148.0	8.6	158.58	0.9933	0.2347	-149.97
YOL047C	13	389.8	138.54	150.0	7.62	130.92	1.0	0.3957	-123.31
YOL048C	186	674.0	135.31	140.5	12.76	122.55	0.9946	0.2436	-109.78
YOL049W	291	804.3	163.8	168.0	9.63	154.18	1.0	0.2756	-144.55
YOL050C	69	414.3	227.72	211.0	2.99	224.74	1.0	0.5577	-221.75
YOL051W	73	987.3	236.52	233.0	7.05	229.47	1.0	0.2787	-222.41
YOL052C	86	846.5	156.27	153.5	9.07	147.2	1.0	0.239	-138.13
YOL052C-A	69	510.2	335.61	342.0	21.99	313.62	1.0	0.6547	-291.64
YOL053W	126	855.3	147.3	137.0	2.29	145.02	1.0	0.2045	-142.73
YOL054W	24	477.6	187.83	180.5	3.46	184.38	1.0	0.4346	-180.92
YOL055C	54	782.2	160.15	145.5	25.11	135.04	1.0	0.2622	-109.93
YOL056W	89	687.4	205.11	179.0	11.55	193.56	1.0	0.3445	-182.01
YOL057W	174	855.3	192.66	207.0	4.0	188.66	1.0	0.3047	-184.66
YOL058W	437	871.5	187.46	198.0	15.47	171.99	1.0	0.2863	-156.52
YOL059W	273	936.7	198.04	201.0	2.17	195.87	0.9963	0.2595	-193.7
YOL060C	89	787.1	271.6	276.0	4.29	267.3	0.9888	0.4451	-263.01
YOL061W	418	811.1	174.51	166.0	8.39	166.12	0.9976	0.2859	-157.73
YOL062C	188	814.1	122.28	107.0	2.46	119.82	1.0	0.199	-117.36
YOL063C	52	891.2	81.23	57.0	4.65	76.58	1.0	0.1305	-71.92
YOL064C	429	861.3	147.26	129.0	7.12	140.14	0.9977	0.2113	-133.02
YOL065C	47	729.4	136.91	148.0	6.26	130.66	1.0	0.245	-124.4
YOL066C	29	695.5	95.21	83.0	5.14	90.07	0.9655	0.1695	-84.93
YOL068C	125	920.0	261.94	215.0	62.78	199.17	1.0	0.3144	-136.39
YOL069W	49	462.7	130.04	140.0	57.39	72.65	1.0	0.3422	-15.27
YOL070C	106	807.9	197.71	203.0	3.4	194.31	1.0	0.3477	-190.92
YOL071W	132	570.6	170.9	166.5	4.04	166.86	1.0	0.3097	-162.83
YOL072W	30	759.7	137.37	126.0	3.13	134.23	1.0	0.2479	-131.1
YOL073C	72	669.7	115.96	122.0	6.29	109.67	1.0	0.2164	-103.38
YOL075C	61	1033.9	239.26	215.0	4.16	235.1	1.0	0.2832	-230.93
YOL076W	142	967.0	161.52	159.0	11.86	149.66	1.0	0.2596	-137.8
YOL077C	1116	773.1	151.6	142.0	10.41	141.19	0.9982	0.2277	-130.78
YOL077W-A	1696	365.5	174.27	177.0	17.94	156.33	1.0	0.468	-138.39
YOL078W	49	764.2	113.49	95.0	7.76	105.73	1.0	0.1936	-97.98
YOL080C	119	792.1	224.78	229.0	14.98	209.8	1.0	0.3215	-194.82
YOL081W	982	894.4	141.61	137.5	5.85	135.76	0.9898	0.2224	-129.91
YOL082W	107	766.3	159.33	152.0	24.44	134.89	1.0	0.2563	-110.45
YOL083W	19	894.3	154.63	171.0	32.84	121.79	1.0	0.2068	-88.95
YOL084W	6	731.3	197.67	210.5	2.17	195.5	1.0	0.2998	-193.33
YOL086C	21033	763.8	133.08	129.0	8.29	124.78	0.9986	0.2247	-116.49
YOL086W-A	58	399.3	152.91	157.0	24.45	128.47	1.0	0.3704	-104.02
YOL087C	93	758.2	167.08	135.0	8.1	158.98	0.9892	0.2867	-150.88
YOL088C	79	713.7	192.09	183.0	11.57	180.52	1.0	0.3126	-168.95
YOL089C	49	826.1	161.08	169.0	5.57	155.51	1.0	0.2801	-149.94
YOL090W	167	883.9	125.17	109.0	4.01	121.17	0.988	0.2192	-117.16
YOL091W	43	612.5	128.37	110.0	13.65	114.72	1.0	0.22	-101.07
YOL092W	272	669.5	103.82	112.5	7.89	95.93	1.0	0.1915	-88.03
YOL093W	104	633.6	151.01	129.5	6.27	144.74	1.0	0.2822	-138.47
YOL094C	90	587.1	85.53	60.0	7.13	78.4	1.0	0.1823	-71.27
YOL095C	32	761.8	107.38	102.0	6.59	100.78	1.0	0.194	-94.19
YOL096C	80	619.8	152.05	152.0	5.21	146.84	1.0	0.2885	-141.62
YOL097C	498	763.7	141.19	141.0	4.66	136.54	1.0	0.2501	-131.88
YOL097W-A	22	413.9	251.18	257.0	130.77	120.41	1.0	0.6028	10.36
YOL098C	295	1055.6	286.84	288.0	4.74	282.1	0.9932	0.3915	-277.37
YOL099C	53	329.3	117.38	99.0	19.83	97.55	1.0	0.3827	-77.72
YOL100W	39	979.0	140.54	153.0	11.97	128.56	1.0	0.1727	-116.59
YOL101C	153	667.3	142.87	148.0	8.31	134.56	1.0	0.2565	-126.25
YOL102C	128	680.6	147.18	135.0	4.13	143.05	1.0	0.2382	-138.91
YOL103W	242	970.8	204.89	203.0	19.48	185.41	1.0	0.2805	-165.94
YOL103W-A	14	514.5	134.29	118.0	28.5	105.79	1.0	0.2809	-77.29
YOL103W-B	1196	1013.6	250.08	320.0	3.35	246.73	0.9799	0.2913	-243.38
YOL104C	32	838.0	409.59	421.5	122.25	287.34	1.0	0.4989	-165.09
YOL105C	71	666.9	205.82	203.0	42.23	163.59	1.0	0.3862	-121.37
YOL106W	945	422.1	181.61	170.0	120.7	60.91	1.0	0.3948	59.79
YOL107W	59	593.3	126.85	75.0	14.63	112.22	1.0	0.2167	-97.59
YOL108C	97	575.5	246.53	227.0	4.25	242.28	0.9897	0.4491	-238.03
YOL109W	7930	527.7	226.17	223.0	23.12	203.04	0.9997	0.4313	-179.92
YOL110W	36	720.4	189.81	174.5	8.0	181.81	1.0	0.2821	-173.81
YOL111C	74	635.9	141.95	135.5	29.66	112.28	1.0	0.2369	-82.62
YOL112W	20	663.4	114.3	98.5	6.8	107.5	1.0	0.2201	-100.7
YOL113W	149	666.9	133.01	107.0	6.01	127.0	1.0	0.2708	-120.99
YOL114C	15	532.3	102.6	60.0	1.4	101.2	1.0	0.1871	-99.8
YOL115W	91	553.4	109.86	115.0	21.08	88.78	1.0	0.2459	-67.7
YOL116W	94	759.3	297.5	267.5	59.06	238.44	1.0	0.4454	-179.37
YOL117W	53	967.5	159.11	101.0	2.0	157.11	1.0	0.1939	-155.11
YOL118C	222	488.0	268.04	268.5	5.92	262.12	1.0	0.5223	-256.19
YOL119C	187	745.8	135.74	147.0	4.93	130.81	0.9786	0.2415	-125.89
YOL120C	5040	600.7	208.12	210.0	85.44	122.68	0.999	0.345	-37.24
YOL121C	3934	466.2	119.46	107.0	19.93	99.53	0.9995	0.2644	-79.59
YOL122C	198	665.4	200.98	203.0	3.48	197.49	0.9949	0.3872	-194.01
YOL123W	350	814.0	246.06	207.0	117.11	128.95	1.0	0.3888	-11.85
YOL124C	171	799.1	153.3	150.0	4.67	148.63	0.9942	0.2395	-143.95
YOL125W	70	689.0	82.67	77.0	4.13	78.54	1.0	0.1728	-74.41
YOL126C	34	920.0	256.82	274.0	24.74	232.09	1.0	0.3044	-207.35
YOL127W	16179	496.9	134.38	124.0	16.67	117.7	0.9996	0.2765	-101.03
YOL128C	45	847.1	244.16	241.0	13.47	230.69	1.0	0.3502	-217.22
YOL129W	342	609.7	184.42	176.0	7.4	177.02	1.0	0.3267	-169.62
YOL130W	85	1203.4	387.55	388.0	5.15	382.4	0.9882	0.392	-377.25
YOL132W	12	456.5	103.17	94.5	5.33	97.83	1.0	0.2603	-92.5
YOL133W	90	659.0	355.27	360.0	11.86	343.41	1.0	0.5507	-331.56
YOL135C	39	619.7	155.26	160.0	6.28	148.97	1.0	0.2634	-142.69
YOL136C	164	1113.1	416.43	394.0	61.87	354.56	0.9939	0.4235	-292.69
YOL137W	80	746.6	216.95	238.0	20.64	196.31	1.0	0.3429	-175.68
YOL138C	34	793.0	84.29	77.5	2.18	82.12	1.0	0.1492	-79.94
YOL139C	3236	667.4	178.63	180.0	24.62	154.01	0.9997	0.2916	-129.38
YOL140W	157	711.9	160.99	160.0	17.69	143.3	0.9936	0.2898	-125.61
YOL142W	164	555.9	102.68	78.5	3.85	98.84	1.0	0.2083	-94.99
YOL143C	372	566.6	136.77	123.0	22.92	113.85	1.0	0.2543	-90.94
YOL144W	44	505.0	98.27	76.0	9.18	89.09	1.0	0.2186	-79.91
YOL145C	51	477.8	140.16	128.0	3.78	136.37	1.0	0.3887	-132.59
YOL146W	86	577.7	112.86	116.0	2.66	110.2	1.0	0.2074	-107.53
YOL147C	122	614.4	183.08	163.5	10.74	172.34	1.0	0.3386	-161.61
YOL148C	68	824.4	123.34	136.0	3.84	119.5	1.0	0.2193	-115.66
YOL149W	284	676.1	148.35	149.5	7.77	140.58	0.9965	0.242	-132.81
YOL150C	39	290.6	56.92	70.0	7.72	49.21	1.0	0.1965	-41.49
YOL151W	117	829.7	111.62	88.0	4.58	107.04	0.9915	0.1498	-102.46
YOL152W	53	772.6	146.83	132.0	8.15	138.68	1.0	0.2674	-130.53
YOL153C	40	764.2	178.95	153.0	21.48	157.48	1.0	0.2953	-136.0
YOL154W	27	771.7	256.37	207.0	100.44	155.93	1.0	0.3427	-55.48
YOL155C	72	897.6	387.07	229.0	99.12	287.94	1.0	0.4198	-188.82
YOL155W-A	110	436.9	312.34	304.5	203.78	108.55	1.0	0.698	95.23
YOL156W	14	628.8	204.57	131.0	1.43	203.14	1.0	0.3766	-201.71
YOL157C	51	620.6	164.98	157.0	1.61	163.37	1.0	0.2934	-161.76
YOL158C	61	1034.9	226.49	196.0	12.03	214.46	1.0	0.2943	-202.43
YOL159C	114	598.8	175.73	155.5	56.57	119.16	1.0	0.2852	-62.59
YOL159C-A	76	543.1	340.01	276.5	105.3	234.71	1.0	0.5684	-129.41
YOL160W	6	641.7	373.5	371.5	231.83	141.67	1.0	0.5727	90.17
YOL162W	17	535.0	158.76	143.0	80.82	77.94	1.0	0.2829	2.88
YOL163W	13	853.3	506.23	510.0	110.31	395.92	1.0	0.5546	-285.62
YOL164W	43	799.1	223.93	180.0	21.28	202.65	1.0	0.3144	-181.37
YOL164W-A	17	746.9	570.47	487.0	393.47	177.0	1.0	0.6924	216.47
YOR001W	103	1061.5	128.94	128.0	4.97	123.97	0.9903	0.1892	-119.0
YOR002W	221	909.7	184.03	158.0	8.03	176.0	1.0	0.2775	-167.97
YOR003W	76	592.4	236.91	215.0	15.37	221.54	1.0	0.4522	-206.17
YOR004W	180	617.0	195.89	190.0	11.19	184.71	1.0	0.3786	-173.52
YOR005C	79	588.7	117.57	113.0	1.67	115.9	0.9747	0.2342	-114.23
YOR006C	124	704.4	143.37	146.5	13.14	130.23	0.9919	0.2437	-117.1
YOR007C	785	588.6	171.95	166.0	2.87	169.08	0.9924	0.3452	-166.21
YOR008C	188	870.9	348.16	325.5	38.63	309.53	0.9947	0.4605	-270.89
YOR008C-A	15	342.5	184.93	164.0	15.13	169.8	1.0	0.4737	-154.67
YOR009W	16	621.8	190.25	200.5	0.38	189.88	1.0	0.4168	-189.5
YOR010C	10	927.4	357.8	245.0	239.2	118.6	1.0	0.3658	120.6
YOR011W	46	766.0	120.09	103.0	2.28	117.8	1.0	0.19	-115.52
YOR011W-A	5	639.2	498.0	427.0	108.0	390.0	1.0	0.7801	-282.0
YOR012W	12	698.2	391.67	387.5	63.75	327.92	1.0	0.5513	-264.17
YOR013W	37	538.3	201.81	142.0	84.76	117.05	0.973	0.3428	-32.3
YOR014W	123	1148.3	368.67	366.0	19.94	348.73	0.9919	0.3503	-328.79
YOR015W	123	483.6	206.98	193.0	123.61	83.37	1.0	0.4078	40.24
YOR016C	190	695.3	219.63	216.0	35.3	184.33	1.0	0.3325	-149.03
YOR017W	48	754.3	176.12	193.0	8.65	167.48	1.0	0.3239	-158.83
YOR018W	135	518.4	162.1	164.0	5.0	157.1	1.0	0.4099	-152.1
YOR019W	71	587.5	152.77	104.0	28.58	124.2	1.0	0.2714	-95.62
YOR020C	4305	446.2	152.58	135.0	17.23	135.34	1.0	0.3425	-118.11
YOR020W-A	296	510.2	275.83	259.0	49.43	226.4	1.0	0.5349	-176.97
YOR021C	1225	724.7	208.9	192.0	15.3	193.6	1.0	0.3079	-178.29
YOR022C	54	661.4	102.06	84.0	2.0	100.06	1.0	0.1822	-98.06
YOR023C	69	680.5	91.99	68.0	2.78	89.2	1.0	0.1997	-86.42
YOR025W	34	831.1	196.76	166.5	3.59	193.18	1.0	0.3219	-189.59
YOR026W	69	606.9	159.28	176.0	2.1	157.17	1.0	0.2906	-155.07
YOR027W	996	860.0	137.63	120.0	4.89	132.74	0.998	0.2101	-127.85
YOR028C	29	668.7	332.07	375.0	10.66	321.41	1.0	0.5348	-310.76
YOR030W	37	1393.6	577.43	619.0	48.84	528.59	0.973	0.4276	-479.76
YOR031W	42	467.6	273.19	213.5	111.5	161.69	1.0	0.5462	-50.19
YOR032C	76	851.3	207.32	193.5	32.79	174.53	1.0	0.3094	-141.74
YOR033C	79	702.1	103.34	96.0	15.92	87.42	1.0	0.2039	-71.49
YOR034C	110	794.2	166.01	134.5	25.93	140.08	1.0	0.2615	-114.15
YOR034C-A	13	314.3	169.54	160.0	88.54	81.0	1.0	0.5091	7.54
YOR035C	45	946.2	211.87	206.0	24.6	187.27	1.0	0.2718	-162.67
YOR036W	255	685.8	125.87	115.0	11.94	113.93	0.9961	0.207	-101.99
YOR037W	84	661.0	136.44	126.5	6.5	129.94	1.0	0.2653	-123.44
YOR038C	67	659.1	102.27	100.0	10.33	91.94	1.0	0.1957	-81.61
YOR039W	322	887.7	346.63	342.5	56.04	290.59	1.0	0.4314	-234.54
YOR040W	61	552.8	251.93	248.0	121.79	130.15	1.0	0.5209	-8.36
YOR042W	86	654.3	144.57	141.0	20.71	123.86	0.9884	0.284	-103.15
YOR043W	189	810.8	237.98	209.0	59.78	178.21	1.0	0.3576	-118.43
YOR044W	121	713.2	343.4	326.0	125.16	218.25	1.0	0.4793	-93.09
YOR045W	1102	393.7	216.08	209.0	19.0	197.08	1.0	0.5435	-178.08
YOR046C	429	823.9	110.44	92.0	5.66	104.78	0.9977	0.1724	-99.12
YOR047C	112	739.9	226.34	181.5	32.48	193.86	0.9911	0.3858	-161.38
YOR048C	214	759.9	151.95	150.0	3.79	148.15	0.986	0.2873	-144.36
YOR049C	25	979.2	347.6	256.0	54.24	293.36	1.0	0.3496	-239.12
YOR050C	14	576.0	347.14	192.0	167.0	180.14	1.0	0.5618	-13.14
YOR051C	448	877.8	183.95	180.5	7.29	176.67	0.9933	0.2595	-169.38
YOR052C	752	710.7	339.57	340.5	60.16	279.41	1.0	0.4873	-219.26
YOR056C	239	619.0	93.52	65.0	2.74	90.78	0.9958	0.1848	-88.04
YOR057W	64	610.0	112.06	97.5	7.31	104.75	1.0	0.2328	-97.44
YOR058C	81	806.0	299.23	300.0	5.32	293.91	1.0	0.4457	-288.59
YOR059C	118	773.9	167.47	122.5	65.98	101.49	0.9915	0.2295	-35.51
YOR060C	21	620.5	146.33	122.0	11.24	135.1	1.0	0.2354	-123.86
YOR061W	290	775.9	271.17	260.5	29.0	242.17	1.0	0.4236	-213.18
YOR062C	40	556.9	114.4	98.0	31.2	83.2	1.0	0.2447	-52.0
YOR063W	10503	711.1	151.83	130.0	4.53	147.31	0.9984	0.2793	-142.78
YOR064C	32	612.9	172.28	128.0	5.88	166.41	1.0	0.2931	-160.53
YOR065W	175	1163.6	594.49	572.0	83.96	510.53	1.0	0.5479	-426.57
YOR066W	44	755.5	244.05	227.0	7.95	236.09	0.9773	0.4366	-228.14
YOR067C	186	668.2	120.15	119.0	8.58	111.56	0.9892	0.2641	-102.98
YOR069W	139	763.6	172.37	169.0	13.57	158.8	1.0	0.2818	-145.23
YOR070C	51	601.1	107.84	99.0	7.75	100.1	1.0	0.2404	-92.35
YOR071C	74	939.9	310.34	274.0	24.88	285.46	1.0	0.3985	-260.58
YOR072W-A	7	493.9	319.14	248.0	100.43	218.71	1.0	0.6058	-118.29
YOR073W	49	634.0	155.82	161.0	10.59	145.22	1.0	0.3043	-134.63
YOR074C	73	646.3	170.25	167.0	10.11	160.14	1.0	0.3229	-150.03
YOR075W	174	770.5	102.75	88.5	8.04	94.71	1.0	0.1631	-86.67
YOR076C	83	771.3	136.66	149.0	2.53	134.13	1.0	0.2521	-131.6
YOR078W	137	453.4	106.45	79.0	16.3	90.15	1.0	0.2485	-73.85
YOR079C	218	805.1	170.03	162.5	9.66	160.37	1.0	0.2501	-150.71
YOR080W	147	711.9	141.86	161.0	7.3	134.56	0.9932	0.2499	-127.26
YOR081C	51	915.9	132.31	124.0	4.51	127.8	0.9804	0.2036	-123.29
YOR084W	40	890.8	199.1	106.5	110.88	88.22	1.0	0.207	22.65
YOR085W	164	767.5	161.77	171.0	16.86	144.91	1.0	0.2609	-128.05
YOR086C	173	914.9	135.56	126.0	2.4	133.16	0.9884	0.2136	-130.75
YOR087W	49	956.9	148.43	132.0	7.69	140.73	0.9796	0.2182	-133.04
YOR089C	151	631.3	230.01	238.0	20.38	209.63	1.0	0.3883	-189.25
YOR090C	103	675.7	136.94	109.0	11.09	125.85	1.0	0.2603	-114.77
YOR091W	64	704.1	127.83	113.5	15.09	112.73	1.0	0.2169	-97.64
YOR092W	72	817.6	221.51	214.0	10.03	211.49	1.0	0.3626	-201.46
YOR093C	76	806.3	157.05	151.0	7.34	149.71	1.0	0.2635	-142.37
YOR094W	201	637.2	238.74	243.0	34.81	203.93	1.0	0.3905	-169.11
YOR095C	600	766.6	204.12	197.0	33.67	170.45	0.9983	0.2926	-136.78
YOR096W	11518	587.4	225.61	244.0	101.2	124.41	0.9991	0.3809	-23.21
YOR097C	109	570.2	199.0	183.0	18.5	180.5	1.0	0.3562	-162.01
YOR098C	61	821.6	159.72	166.0	1.87	157.85	0.9836	0.2851	-155.98
YOR099W	268	888.8	164.85	163.5	31.46	133.39	0.9963	0.2259	-101.94
YOR100C	5	798.2	273.8	280.0	3.0	270.8	1.0	0.3886	-267.8
YOR101W	197	743.8	284.32	286.0	16.62	267.7	1.0	0.4471	-251.08
YOR102W	115	332.4	114.16	123.0	8.44	105.71	1.0	0.3572	-97.27
YOR103C	399	602.8	225.16	175.0	94.84	130.32	1.0	0.3438	-35.48
YOR104W	77	1056.0	438.69	469.0	30.26	408.43	1.0	0.4081	-378.17
YOR105W	29	587.8	404.52	407.0	22.45	382.07	1.0	0.6838	-359.62
YOR106W	71	571.9	178.51	182.0	13.0	165.51	1.0	0.3551	-152.51
YOR107W	53	696.7	280.85	318.0	99.96	180.89	1.0	0.432	-80.92
YOR108W	537	728.0	161.77	167.0	6.27	155.51	0.9981	0.2961	-149.24
YOR109W	120	878.0	211.24	234.0	9.44	201.8	0.975	0.3199	-192.36
YOR110W	54	659.9	114.98	96.5	13.93	101.06	1.0	0.2243	-87.13
YOR111W	88	782.8	337.77	340.5	9.67	328.1	1.0	0.4602	-318.43
YOR112W	42	1143.6	111.19	78.5	15.9	95.29	1.0	0.1768	-79.38
YOR113W	13	1359.2	269.54	289.0	7.62	261.92	1.0	0.2201	-254.31
YOR114W	50	601.4	259.66	223.0	18.88	240.78	1.0	0.4895	-221.9
YOR115C	369	724.1	146.2	135.0	14.68	131.51	1.0	0.2247	-116.83
YOR116C	299	730.3	145.92	133.0	5.48	140.44	0.9967	0.2484	-134.96
YOR117W	346	852.3	187.69	180.5	14.71	172.98	1.0	0.2833	-158.27
YOR118W	149	784.5	176.5	163.0	28.17	148.33	1.0	0.286	-120.16
YOR119C	38	685.7	247.79	232.5	16.53	231.26	1.0	0.4122	-214.74
YOR120W	131	906.4	176.98	170.0	26.21	150.78	1.0	0.202	-124.57
YOR121C	65	342.5	142.18	131.0	38.28	103.91	1.0	0.4082	-65.63
YOR122C	2919	585.5	259.51	264.0	17.43	242.08	1.0	0.4509	-224.65
YOR123C	8	473.0	92.88	84.0	5.12	87.75	0.75	0.3612	-82.62
YOR124C	162	658.4	115.16	92.0	2.1	113.06	0.9938	0.2268	-110.95
YOR125C	149	708.6	204.27	209.0	19.97	184.3	1.0	0.3132	-164.32
YOR126C	58	625.6	153.29	140.0	15.69	137.6	1.0	0.2911	-121.91
YOR127W	99	704.2	191.09	181.0	4.08	187.01	0.9899	0.3679	-182.93
YOR128C	46	894.3	100.33	85.5	3.41	96.91	1.0	0.1642	-93.5
YOR129C	19	612.6	162.58	198.0	18.16	144.42	1.0	0.3136	-126.26
YOR130C	319	748.1	142.01	142.0	15.92	126.09	1.0	0.2199	-110.18
YOR131C	193	605.7	118.7	125.0	23.55	95.16	1.0	0.2099	-71.61
YOR132W	94	764.2	90.3	82.5	6.78	83.52	1.0	0.1596	-76.74
YOR133W	3028	930.4	213.84	201.0	4.42	209.43	0.997	0.3314	-205.01
YOR134W	28	700.6	181.54	157.0	33.93	147.61	1.0	0.2914	-113.68
YOR136W	274	955.1	240.55	237.0	34.36	206.19	1.0	0.3045	-171.83
YOR137C	84	904.6	201.27	191.5	40.81	160.46	1.0	0.2951	-119.65
YOR138C	121	770.4	121.04	134.0	8.03	113.01	1.0	0.2308	-104.98
YOR140W	17	1280.2	389.65	453.0	19.12	370.53	1.0	0.3637	-351.41
YOR141C	66	878.1	271.64	291.0	1.35	270.29	1.0	0.4218	-268.94
YOR142W	285	882.0	303.78	282.0	66.55	237.23	1.0	0.3968	-170.68
YOR142W-A	11	626.1	167.27	179.0	4.45	162.82	1.0	0.2867	-158.36
YOR142W-B	1203	1184.8	292.94	325.0	3.16	289.78	0.99	0.3158	-286.61
YOR143C	214	832.3	131.64	107.5	26.66	104.98	1.0	0.1688	-78.32
YOR144C	27	589.8	195.41	202.0	2.48	192.93	1.0	0.4138	-190.44
YOR145C	325	598.0	134.13	140.0	3.78	130.35	0.9969	0.2633	-126.57
YOR147W	130	925.3	198.02	204.5	4.31	193.71	1.0	0.2715	-189.4
YOR148C	117	450.1	126.07	101.0	3.57	122.5	1.0	0.3067	-118.92
YOR149C	34	791.4	316.59	340.5	17.09	299.5	1.0	0.4588	-282.41
YOR150W	261	539.6	151.9	133.0	9.86	142.03	1.0	0.2974	-132.17
YOR151C	664	840.8	228.6	143.5	3.29	225.31	0.994	0.3115	-222.02
YOR152C	59	657.7	301.37	250.0	181.24	120.14	1.0	0.4531	61.1
YOR153W	852	885.8	144.02	129.0	4.53	139.49	0.9965	0.2545	-134.97
YOR154W	69	761.9	182.23	176.0	3.59	178.64	1.0	0.3403	-175.04
YOR155C	95	894.3	131.44	125.0	5.74	125.71	1.0	0.2056	-119.97
YOR156C	14	960.9	311.29	322.5	26.0	285.29	1.0	0.4348	-259.29
YOR157C	360	629.7	143.67	142.5	17.31	126.36	0.9972	0.2693	-109.04
YOR158W	151	671.8	130.95	119.0	28.48	102.46	1.0	0.2445	-73.98
YOR159C	212	494.4	253.72	248.0	25.67	228.05	1.0	0.5146	-202.38
YOR160W	117	659.5	124.83	110.0	2.98	121.85	1.0	0.2692	-118.86
YOR161C	56	728.8	159.36	159.0	13.98	145.38	1.0	0.2781	-131.39
YOR162C	53	838.2	141.89	153.0	10.21	131.68	0.9811	0.251	-121.47
YOR163W	158	481.0	123.25	103.5	32.47	90.78	1.0	0.279	-58.31
YOR164C	337	901.7	237.34	238.0	8.71	228.63	1.0	0.3035	-219.92
YOR165W	194	1060.8	184.23	181.5	4.88	179.35	1.0	0.2584	-174.47
YOR166C	58	824.8	230.24	230.5	8.69	221.55	1.0	0.3381	-212.86
YOR167C	6776	359.3	168.18	148.0	3.28	164.91	0.9991	0.4637	-161.63
YOR168W	507	1238.6	140.13	127.0	3.91	136.22	0.9921	0.1317	-132.31
YOR169C	498	379.6	56.23	52.5	11.64	44.59	0.996	0.1431	-32.96
YOR170W	84	382.6	132.73	122.0	31.2	101.52	0.9881	0.3347	-70.32
YOR171C	74	1194.3	230.46	232.0	14.5	215.96	1.0	0.2313	-201.46
YOR172W	70	927.6	207.6	215.0	2.96	204.64	1.0	0.3294	-201.69
YOR173W	37	704.8	146.32	129.0	13.35	132.97	1.0	0.2513	-119.62
YOR174W	41	611.2	186.51	185.0	22.85	163.66	1.0	0.3625	-140.8
YOR175C	163	963.9	210.05	219.0	17.24	192.81	0.9939	0.2961	-175.57
YOR176W	243	722.5	174.7	181.0	11.52	163.18	1.0	0.2958	-151.66
YOR177C	19	631.7	235.32	216.0	10.63	224.68	1.0	0.378	-214.05
YOR178C	47	773.7	176.81	93.0	24.3	152.51	0.9787	0.274	-128.21
YOR179C	89	730.6	342.98	327.0	6.58	336.39	1.0	0.478	-329.81
YOR180C	14	816.4	344.86	318.0	86.43	258.43	1.0	0.4571	-172.0
YOR181W	65	590.6	126.17	100.0	6.86	119.31	1.0	0.2865	-112.45
YOR182C	14753	302.6	120.67	107.0	7.64	113.02	0.9997	0.39	-105.38
YOR184W	437	810.9	169.32	172.0	23.2	146.12	0.9977	0.2624	-122.92
YOR185C	64	599.0	147.3	137.0	23.5	123.8	1.0	0.2661	-100.3
YOR186W	9	419.7	175.67	182.0	28.89	146.78	1.0	0.4426	-117.89
YOR187W	641	781.0	167.31	147.0	10.92	156.39	0.9984	0.2757	-145.46
YOR188W	64	716.7	174.7	178.0	3.33	171.38	1.0	0.3332	-168.05
YOR189W	126	522.2	241.01	231.0	7.92	233.09	1.0	0.4662	-225.17
YOR190W	25	707.0	180.72	137.0	65.16	115.56	1.0	0.2667	-50.4
YOR191W	69	775.0	247.26	215.0	2.16	245.1	0.9855	0.3441	-242.94
YOR192C	24	1120.5	718.25	717.0	60.83	657.42	1.0	0.6654	-596.58
YOR192C-A	16	386.3	70.44	85.0	1.94	68.5	0.9375	0.1583	-66.56
YOR192C-B	593	1037.0	310.26	324.0	2.92	307.34	0.9933	0.3662	-304.42
YOR192C-C	240	371.4	240.62	220.5	168.79	71.83	1.0	0.6084	96.96
YOR193W	131	709.8	157.77	140.0	64.56	93.21	0.9847	0.2522	-28.66
YOR194C	74	498.5	167.58	136.5	6.97	160.61	0.9459	0.3425	-153.64
YOR195W	128	914.6	249.05	251.5	2.41	246.64	0.9844	0.3489	-244.23
YOR196C	176	771.0	201.48	188.0	4.62	196.85	1.0	0.3378	-192.23
YOR197W	378	717.5	132.36	139.0	2.68	129.69	1.0	0.2393	-127.01
YOR198C	655	836.7	249.68	226.0	15.99	233.69	1.0	0.3823	-217.71
YOR199W	7	279.9	101.43	107.0	38.0	63.43	1.0	0.3565	-25.43
YOR200W	31	309.5	73.0	77.0	6.35	66.65	1.0	0.238	-60.29
YOR201C	54	1013.3	102.26	105.5	1.98	100.28	1.0	0.1093	-98.3
YOR202W	109	544.2	143.67	152.0	2.27	141.4	1.0	0.2793	-139.14
YOR203W	22	260.6	99.91	94.5	59.18	40.73	1.0	0.3404	18.45
YOR204W	143	1240.9	536.23	690.0	3.7	532.53	0.993	0.4603	-528.83
YOR205C	46	664.7	153.22	152.0	10.67	142.54	1.0	0.3085	-131.87
YOR206W	318	850.4	131.79	138.5	2.54	129.24	0.9906	0.2266	-126.7
YOR207C	261	662.3	172.95	175.0	3.8	169.15	0.9847	0.3543	-165.35
YOR208W	213	774.9	163.39	174.0	9.63	153.76	1.0	0.2866	-144.13
YOR209C	446	841.1	206.93	202.0	28.64	178.29	0.9978	0.3213	-149.65
YOR210W	977	523.7	323.93	318.0	20.25	303.68	1.0	0.6157	-283.43
YOR211C	107	778.8	126.83	123.0	6.22	120.61	1.0	0.2323	-114.38
YOR212W	209	801.9	205.87	195.0	38.26	167.61	1.0	0.329	-129.34
YOR213C	67	770.6	380.85	397.0	15.82	365.03	1.0	0.5315	-349.21
YOR215C	465	642.5	206.72	188.0	15.37	191.35	1.0	0.3383	-175.98
YOR216C	104	628.0	161.11	142.0	5.73	155.38	1.0	0.3014	-149.64
YOR217W	42	1251.5	212.19	247.0	10.33	201.86	0.9286	0.1968	-191.52
YOR218C	62	454.1	243.02	246.0	1.29	241.73	1.0	0.5467	-240.44
YOR219C	86	857.7	285.45	319.5	9.63	275.83	0.9884	0.4097	-266.2
YOR220W	175	745.7	214.92	229.0	10.49	204.43	0.9943	0.3279	-193.94
YOR221C	69	939.2	223.96	220.0	24.17	199.78	1.0	0.2819	-175.61
YOR222W	323	720.0	122.4	106.0	39.37	83.02	1.0	0.2078	-43.65
YOR223W	32	473.0	138.19	138.5	1.78	136.41	0.9688	0.3185	-134.62
YOR224C	503	494.1	163.4	151.0	8.35	155.05	0.998	0.351	-146.7
YOR225W	71	305.5	79.68	79.0	37.18	42.49	1.0	0.2323	-5.31
YOR226C	100	610.5	206.82	208.0	9.26	197.56	0.99	0.3389	-188.3
YOR227W	88	963.0	170.18	173.0	5.18	165.0	0.9886	0.2431	-159.82
YOR228C	38	769.0	232.61	206.5	57.89	174.71	1.0	0.3254	-116.82
YOR229W	70	530.2	237.26	252.0	4.2	233.06	1.0	0.5297	-228.86
YOR230W	457	1023.5	220.25	223.0	24.65	195.6	0.9934	0.2703	-170.95
YOR231W	125	756.9	244.8	250.0	7.85	236.95	0.992	0.3995	-229.1
YOR232W	1152	695.7	204.82	207.0	26.61	178.22	0.9983	0.3174	-151.61
YOR233W	37	977.3	129.3	89.0	11.43	117.86	1.0	0.2039	-106.43
YOR234C	6856	432.6	148.86	140.0	29.32	119.54	0.9999	0.3407	-90.22
YOR235W	11	438.9	353.36	417.0	114.09	239.27	1.0	0.7452	-125.18
YOR236W	69	552.7	97.57	85.0	5.68	91.88	1.0	0.1888	-86.2
YOR237W	6	742.8	111.67	107.0	18.33	93.33	1.0	0.1703	-75.0
YOR238W	90	538.7	99.54	85.0	6.18	93.37	0.9778	0.199	-87.19
YOR239W	162	751.7	239.5	232.5	2.09	237.41	1.0	0.4065	-235.33
YOR241W	319	860.3	178.5	164.0	5.95	172.54	0.9969	0.261	-166.59
YOR242C	35	397.7	163.57	157.0	96.69	66.89	1.0	0.4196	29.8
YOR243C	484	963.8	224.9	232.0	4.93	219.97	0.9979	0.3171	-215.04
YOR244W	87	732.9	157.02	166.0	5.72	151.3	1.0	0.2698	-145.57
YOR245C	136	842.5	179.09	179.0	16.43	162.65	1.0	0.2532	-146.22
YOR246C	176	714.5	140.4	141.5	14.38	126.02	0.9943	0.2384	-111.65
YOR247W	635	871.6	340.23	319.0	97.93	242.3	0.9984	0.3842	-144.37
YOR248W	211	416.9	239.12	250.0	3.36	235.76	1.0	0.5837	-232.4
YOR249C	58	948.0	101.48	105.5	2.03	99.45	1.0	0.1351	-97.41
YOR250C	47	755.1	106.21	99.0	3.85	102.36	1.0	0.1884	-98.51
YOR251C	103	718.8	128.11	112.0	10.15	117.96	1.0	0.2105	-107.82
YOR252W	223	564.8	142.0	126.0	9.43	132.56	1.0	0.2724	-123.13
YOR253W	335	574.6	161.14	168.0	10.03	151.12	1.0	0.3041	-141.09
YOR254C	345	887.8	131.28	119.0	5.07	126.22	0.9855	0.2236	-121.15
YOR256C	156	1050.4	117.85	99.0	12.48	105.37	1.0	0.1713	-92.89
YOR257W	195	505.3	105.39	90.0	15.11	90.28	1.0	0.2172	-75.17
YOR258W	95	586.4	141.35	137.0	24.2	117.15	0.9895	0.262	-92.95
YOR259C	344	749.8	122.86	132.0	3.65	119.21	0.9942	0.2146	-115.56
YOR260W	146	713.3	180.16	186.5	6.05	174.11	0.9863	0.3106	-168.06
YOR261C	1041	915.6	175.38	170.0	47.27	128.1	0.999	0.2123	-80.83
YOR262W	31	560.6	134.77	120.0	11.06	123.71	1.0	0.29	-112.65
YOR264W	94	736.2	155.38	150.0	9.04	146.34	0.9894	0.2714	-137.3
YOR265W	327	435.9	143.67	127.0	14.35	129.32	1.0	0.3144	-114.97
YOR266W	62	588.9	120.87	131.5	4.02	116.85	1.0	0.2469	-112.84
YOR267C	202	835.8	206.97	198.5	16.13	190.83	1.0	0.3188	-174.7
YOR268C	13	518.7	196.85	186.0	90.23	106.62	1.0	0.33	-16.38
YOR269W	51	569.3	185.39	169.0	17.55	167.84	1.0	0.3678	-150.29
YOR270C	878	869.5	175.36	184.0	12.4	162.96	0.9989	0.2906	-150.56
YOR271C	424	713.1	135.31	140.5	9.26	126.05	1.0	0.2372	-116.79
YOR272W	249	706.2	121.71	97.0	7.1	114.61	1.0	0.2375	-107.5
YOR273C	140	659.5	183.02	181.0	7.14	175.89	0.9929	0.3481	-168.75
YOR274W	117	795.9	214.41	238.0	11.2	203.21	1.0	0.3139	-192.02
YOR275C	83	665.1	160.19	143.0	26.7	133.49	1.0	0.3257	-106.8
YOR276W	783	592.3	146.28	140.0	21.27	125.01	0.9987	0.2431	-103.74
YOR277C	177	326.9	140.46	138.0	14.13	126.33	0.9944	0.4258	-112.2
YOR278W	49	596.5	114.16	98.0	10.22	103.94	1.0	0.2396	-93.71
YOR279C	60	604.0	148.53	137.0	20.6	127.93	1.0	0.2701	-107.33
YOR280C	116	614.3	131.97	129.5	9.19	122.78	1.0	0.2616	-113.59
YOR281C	114	670.2	145.54	149.0	6.98	138.55	1.0	0.2612	-131.57
YOR283W	365	680.6	216.97	221.0	29.35	187.61	1.0	0.3449	-158.26
YOR284W	32	681.2	280.22	297.0	66.31	213.91	1.0	0.4282	-147.59
YOR285W	935	495.2	119.41	122.0	2.7	116.71	0.9989	0.2424	-114.01
YOR286W	303	513.6	142.83	106.0	9.19	133.65	1.0	0.2823	-124.46
YOR287C	24	539.9	104.75	80.0	5.17	99.58	1.0	0.2321	-94.42
YOR288C	174	627.9	129.99	121.0	7.99	122.01	1.0	0.2581	-114.02
YOR289W	104	700.1	119.09	107.0	1.56	117.53	1.0	0.1886	-115.97
YOR290C	55	735.1	137.36	146.0	1.91	135.45	1.0	0.2556	-133.55
YOR291W	96	719.9	105.31	85.5	6.16	99.16	1.0	0.2098	-93.0
YOR292C	49	573.5	108.55	96.0	8.8	99.76	1.0	0.2482	-90.96
YOR293C-A	7	284.6	152.86	182.0	60.71	92.14	1.0	0.4875	-31.43
YOR293W	15314	483.3	232.87	223.0	60.1	172.78	0.9999	0.4812	-112.68
YOR294W	47	497.5	151.53	157.0	13.36	138.17	1.0	0.3281	-124.81
YOR295W	74	662.8	271.68	252.5	9.12	262.55	1.0	0.4565	-253.43
YOR296W	46	684.2	161.04	182.5	22.61	138.43	1.0	0.3293	-115.83
YOR297C	55	620.5	225.55	199.0	18.58	206.96	1.0	0.3887	-188.38
YOR298C-A	3598	619.1	266.08	265.0	16.7	249.38	0.9997	0.4414	-232.68
YOR298W	64	571.5	202.27	98.5	137.52	64.75	1.0	0.3399	72.77
YOR299W	166	854.4	106.91	107.5	6.39	100.52	1.0	0.1734	-94.13
YOR300W	18	233.1	81.83	80.5	26.83	55.0	1.0	0.3349	-28.17
YOR301W	32	775.1	300.25	304.0	12.34	287.91	1.0	0.4564	-275.56
YOR302W	5	248.0	172.2	138.0	70.6	101.6	1.0	0.6739	-31.0
YOR303W	546	687.9	140.4	132.0	30.74	109.66	0.9945	0.2574	-78.92
YOR304C-A	53	553.4	368.49	351.0	10.74	357.75	1.0	0.6544	-347.02
YOR304W	112	801.1	133.81	119.5	4.83	128.98	0.9911	0.2421	-124.15
YOR305W	79	638.1	124.85	132.0	18.38	106.47	1.0	0.2131	-88.09
YOR306C	630	888.6	161.01	164.5	20.01	141.0	1.0	0.2405	-121.0
YOR307C	138	761.3	189.85	166.5	34.46	155.38	0.9928	0.2788	-120.92
YOR308C	17	980.6	347.65	261.0	1.12	346.53	1.0	0.3503	-345.41
YOR309C	199	423.2	157.64	144.0	1.93	155.71	1.0	0.3872	-153.77
YOR310C	26	1037.7	149.35	155.0	8.65	140.69	0.9231	0.1457	-132.04
YOR311C	158	761.7	250.93	264.5	15.13	235.8	1.0	0.3834	-220.68
YOR312C	15303	574.4	130.35	113.0	12.91	117.45	0.999	0.2344	-104.54
YOR313C	10	796.6	264.2	228.5	64.7	199.5	1.0	0.3586	-134.8
YOR315W	58	655.1	390.5	402.5	8.86	381.64	1.0	0.6279	-372.78
YOR316C	92	846.4	182.99	178.5	34.99	148.0	1.0	0.2796	-113.01
YOR317W	470	1002.5	276.91	285.5	5.49	271.43	0.9957	0.3601	-265.94
YOR318C	44	369.7	179.11	177.0	5.43	173.68	1.0	0.5007	-168.25
YOR319W	61	767.4	225.1	201.0	36.48	188.62	1.0	0.2884	-152.15
YOR320C	229	897.3	174.21	170.0	29.26	144.96	0.9956	0.2399	-115.7
YOR321W	73	754.2	98.05	101.0	6.33	91.73	0.9863	0.1838	-85.4
YOR322C	69	766.1	147.55	143.0	8.23	139.32	0.971	0.2559	-131.09
YOR323C	382	777.0	136.27	135.0	3.68	132.59	1.0	0.2442	-128.91
YOR324C	47	632.0	177.23	188.0	8.06	169.17	1.0	0.3725	-161.11
YOR326W	299	893.8	178.71	183.0	4.82	173.9	0.9933	0.2877	-169.08
YOR327C	325	479.0	193.86	192.0	41.41	152.45	1.0	0.4153	-111.04
YOR328W	51	730.2	161.49	140.0	1.94	159.55	1.0	0.2679	-157.61
YOR329C	100	645.2	166.88	167.0	17.72	149.16	1.0	0.3089	-131.44
YOR330C	44	652.5	106.95	84.5	2.73	104.23	1.0	0.2415	-101.5
YOR332W	976	577.7	109.24	92.0	8.5	100.74	1.0	0.2157	-92.24
YOR334W	32	845.6	177.84	159.0	1.72	176.12	0.9688	0.2725	-174.41
YOR335C	1297	900.2	195.03	204.0	3.87	191.16	0.9946	0.2964	-187.3
YOR336W	75	1022.3	153.68	138.0	11.05	142.63	1.0	0.2539	-131.57
YOR337W	61	1027.2	252.03	259.0	3.82	248.21	1.0	0.3339	-244.39
YOR338W	25	534.4	224.92	233.0	8.08	216.84	1.0	0.47	-208.76
YOR339C	10	644.9	288.8	259.0	55.2	233.6	1.0	0.4351	-178.4
YOR340C	77	676.6	178.94	174.0	13.22	165.71	1.0	0.3394	-152.49
YOR341W	814	919.7	304.53	297.0	2.16	302.36	0.9914	0.4019	-300.2
YOR342C	165	765.4	258.73	255.0	42.41	216.32	0.9939	0.3892	-173.92
YOR343W-A	29	549.7	166.0	129.0	6.52	159.48	0.9655	0.2676	-152.97
YOR343W-B	1892	761.0	341.62	333.0	2.41	339.21	0.9995	0.4806	-336.8
YOR344C	263	980.1	505.23	573.0	46.54	458.69	1.0	0.5327	-412.15
YOR346W	139	709.7	183.14	167.0	17.3	165.83	1.0	0.3155	-148.53
YOR347C	30	640.2	162.83	150.0	3.83	159.0	1.0	0.281	-155.17
YOR348C	36	1001.7	201.64	184.0	5.97	195.67	0.9722	0.2483	-189.69
YOR349W	45	562.1	105.91	96.0	22.73	83.18	1.0	0.2162	-60.44
YOR350C	57	703.8	110.53	91.0	3.26	107.26	1.0	0.1849	-104.0
YOR352W	54	717.7	165.54	159.0	22.39	143.15	1.0	0.2952	-120.76
YOR353C	84	820.7	180.4	171.5	4.02	176.38	1.0	0.2999	-172.36
YOR354C	140	723.3	156.45	139.0	2.98	153.47	1.0	0.3006	-150.49
YOR355W	240	875.4	260.78	224.0	53.96	206.82	1.0	0.3684	-152.86
YOR356W	97	821.9	156.09	149.0	4.95	151.14	1.0	0.2538	-146.2
YOR357C	244	566.9	146.25	125.5	9.97	136.28	1.0	0.2652	-126.31
YOR358W	25	657.3	311.12	299.0	3.04	308.08	1.0	0.4909	-305.04
YOR359W	68	709.0	223.66	211.0	8.31	215.35	1.0	0.3908	-207.04
YOR360C	206	881.2	194.14	184.5	38.21	155.92	0.9951	0.2913	-117.71
YOR361C	997	858.9	139.0	139.0	2.71	136.29	0.993	0.2358	-133.57
YOR362C	375	738.2	197.66	195.0	12.55	185.1	1.0	0.3146	-172.55
YOR363C	22	1012.1	313.68	351.5	13.45	300.23	1.0	0.4031	-286.77
YOR364W	10	307.2	100.3	80.0	44.1	56.2	1.0	0.3011	-12.1
YOR365C	7	552.3	71.43	77.0	5.71	65.71	1.0	0.1507	-60.0
YOR367W	114	525.1	125.57	105.0	10.12	115.45	1.0	0.2699	-105.32
YOR368W	47	749.5	158.85	150.0	32.74	126.11	1.0	0.2663	-93.36
YOR369C	23754	526.4	161.45	157.0	27.95	133.5	0.9995	0.3147	-105.55
YOR370C	141	766.4	202.85	166.0	52.04	150.82	0.9858	0.333	-98.78
YOR371C	9	410.2	112.56	85.0	14.0	98.56	0.8889	0.2533	-84.56
YOR372C	48	871.0	349.44	348.5	6.96	342.48	1.0	0.4614	-335.52
YOR373W	28	1002.5	144.0	170.0	6.29	137.71	1.0	0.2242	-131.43
YOR374W	105	934.7	172.14	173.0	8.42	163.72	1.0	0.2592	-155.3
YOR375C	1722	781.5	145.65	142.5	9.28	136.37	0.9971	0.2615	-127.1
YOR376W	6	636.8	306.83	214.0	225.5	81.33	1.0	0.4127	144.17
YOR376W-A	22	833.5	685.18	646.0	351.59	333.59	1.0	0.7902	18.0
YOR377W	106	866.2	307.51	283.5	26.43	281.08	1.0	0.4348	-254.64
YOR378W	9	1071.2	558.67	136.0	1.56	557.11	1.0	0.3381	-555.56
YOR380W	35	572.8	126.86	105.0	3.06	123.8	1.0	0.2606	-120.74
YOR381W	37	904.4	170.41	128.0	63.78	106.62	0.973	0.2235	-42.84
YOR382W	18	510.2	187.22	167.0	39.83	147.39	1.0	0.3704	-107.56
YOR383C	55	749.9	313.84	252.0	84.02	229.82	1.0	0.4396	-145.8
YOR385W	412	747.5	300.44	310.0	6.48	293.96	0.9927	0.4144	-287.48
YOR386W	69	1180.3	363.62	339.0	1.71	361.91	1.0	0.3361	-360.2
YOR388C	6	1162.5	394.67	275.5	72.17	322.5	1.0	0.339	-250.33
YOR389W	36	952.9	265.83	292.5	10.81	255.03	1.0	0.322	-244.22
YOR390W	21	737.5	159.1	133.0	14.33	144.76	1.0	0.2391	-130.43
YOR396W	60	632.8	96.27	81.5	6.82	89.45	1.0	0.2066	-82.63
YPL001W	125	782.8	103.42	99.0	9.26	94.16	1.0	0.1637	-84.9
YPL002C	70	810.7	345.7	365.0	10.93	334.77	1.0	0.455	-323.84
YPL003W	85	615.5	123.02	99.0	68.26	54.76	1.0	0.2619	13.49
YPL004C	490	792.5	234.69	237.0	9.82	224.87	1.0	0.3609	-215.06
YPL005W	96	717.2	122.07	119.5	2.16	119.92	0.9792	0.2307	-117.76
YPL006W	145	785.4	110.14	88.0	9.12	101.02	0.9931	0.1946	-91.9
YPL007C	56	871.8	153.8	135.5	5.8	148.0	1.0	0.2442	-142.2
YPL008W	79	844.3	116.9	115.0	5.16	111.73	1.0	0.2012	-106.57
YPL009C	72	726.9	242.4	236.0	1.99	240.42	1.0	0.3948	-238.43
YPL010W	872	652.0	204.03	202.0	20.33	183.71	0.9989	0.3336	-163.38
YPL011C	47	719.6	177.09	161.0	8.34	168.74	0.9787	0.3017	-160.4
YPL012W	158	579.6	148.3	136.5	2.04	146.26	1.0	0.338	-144.22
YPL013C	230	516.1	201.82	197.5	11.95	189.87	1.0	0.3973	-177.93
YPL014W	57	818.6	266.0	267.0	11.42	254.58	1.0	0.42	-243.16
YPL015C	72	901.8	334.19	328.5	7.32	326.88	1.0	0.4301	-319.56
YPL016W	34	783.3	155.24	174.0	1.82	153.41	1.0	0.2961	-151.59
YPL017C	26	913.0	187.27	84.0	95.92	91.35	1.0	0.1689	4.58
YPL018W	19	727.0	255.84	89.0	31.95	223.89	1.0	0.2771	-191.95
YPL019C	1327	685.8	120.46	103.0	8.66	111.8	0.9977	0.2385	-103.14
YPL020C	167	801.0	132.68	135.0	7.28	125.4	0.994	0.218	-118.12
YPL022W	92	913.8	234.16	218.5	3.92	230.24	0.9891	0.3407	-226.32
YPL023C	184	802.1	174.89	178.0	5.75	169.14	0.9946	0.2732	-163.39
YPL024W	58	522.2	152.98	132.5	17.12	135.86	1.0	0.3157	-118.74
YPL026C	107	854.9	267.44	295.0	12.5	254.94	0.9813	0.3824	-242.45
YPL028W	791	786.0	149.65	157.0	12.34	137.31	0.9962	0.2453	-124.97
YPL029W	58	650.7	95.78	87.0	2.52	93.26	1.0	0.2221	-90.74
YPL030W	65	713.8	133.66	119.0	6.29	127.37	1.0	0.253	-121.08
YPL031C	100	736.0	127.75	123.5	14.4	113.35	1.0	0.196	-98.95
YPL032C	180	968.2	236.76	199.5	11.72	225.04	1.0	0.3441	-213.33
YPL034W	66	655.1	286.47	234.0	111.76	174.71	1.0	0.4301	-62.95
YPL035C	8	292.5	182.5	182.0	147.0	35.5	1.0	0.5948	111.5
YPL036W	8	1393.5	478.62	528.5	124.5	354.12	1.0	0.4292	-229.62
YPL037C	2277	534.1	126.16	127.0	22.67	103.48	0.9987	0.2423	-80.81
YPL038W	105	528.6	155.64	134.0	13.76	141.88	1.0	0.3142	-128.11
YPL038W-A	7	248.7	99.43	103.0	55.57	43.86	1.0	0.3484	11.71
YPL039W	43	738.0	165.65	144.0	4.28	161.37	1.0	0.2716	-157.09
YPL040C	43	782.3	100.7	85.0	5.12	95.58	0.9767	0.1718	-90.47
YPL041C	52	587.3	198.08	207.5	8.21	189.87	1.0	0.3656	-181.65
YPL042C	52	914.3	175.29	169.5	29.35	145.94	1.0	0.2419	-116.6
YPL043W	148	614.5	145.74	119.5	2.34	143.4	0.9865	0.3095	-141.05
YPL045W	122	970.1	227.02	237.0	6.16	220.85	0.9836	0.292	-214.69
YPL046C	64	495.9	245.81	241.0	32.09	213.72	1.0	0.4917	-181.62
YPL047W	43	704.4	441.79	441.0	47.74	394.05	1.0	0.6262	-346.3
YPL048W	725	781.0	175.55	176.0	11.48	164.07	0.9972	0.2938	-152.59
YPL049C	107	775.7	192.59	182.0	4.86	187.73	0.9907	0.3038	-182.87
YPL050C	342	825.4	230.36	209.0	46.28	184.08	1.0	0.3344	-137.8
YPL051W	45	570.5	183.8	182.0	8.53	175.27	0.9778	0.3646	-166.73
YPL052W	317	788.9	137.4	137.0	11.35	126.04	0.9968	0.1979	-114.69
YPL053C	399	822.6	155.48	158.0	11.01	144.48	1.0	0.2402	-133.47
YPL054W	38	516.4	193.29	146.5	16.87	176.42	1.0	0.3635	-159.55
YPL055C	44	543.4	211.14	153.0	73.8	137.34	1.0	0.3796	-63.55
YPL056C	22	544.4	356.64	346.5	39.59	317.05	1.0	0.6472	-277.45
YPL057C	148	1136.1	473.29	491.5	49.14	424.15	0.9932	0.4587	-375.01
YPL058C	90	799.2	241.4	271.0	4.5	236.9	0.9778	0.402	-232.4
YPL059W	413	562.1	214.97	212.0	27.6	187.37	0.9976	0.4013	-159.76
YPL060C-A	25	1016.2	329.0	411.0	1.08	327.92	1.0	0.3508	-326.84
YPL060W	98	828.5	156.93	143.5	40.64	116.29	1.0	0.2185	-75.64
YPL061W	621	852.9	162.04	157.0	8.14	153.9	0.9936	0.2518	-145.76
YPL063W	133	789.8	149.31	146.0	21.18	128.13	1.0	0.2491	-106.95
YPL064C	48	681.0	117.5	124.5	4.75	112.75	0.9792	0.1984	-108.0
YPL065W	137	661.7	125.77	133.0	7.09	118.68	1.0	0.2094	-111.59
YPL066W	96	761.8	149.05	161.0	9.27	139.78	1.0	0.2861	-130.51
YPL067C	73	593.3	152.23	154.0	14.66	137.58	1.0	0.2758	-122.92
YPL068C	14	522.5	121.93	120.5	11.64	110.29	1.0	0.2911	-98.64
YPL069C	65	579.8	180.48	194.0	31.06	149.42	1.0	0.3654	-118.35
YPL070W	204	917.4	215.99	202.5	19.93	196.06	1.0	0.2984	-176.14
YPL071C	129	472.2	153.34	147.0	21.11	132.23	1.0	0.3348	-111.12
YPL072W	34	666.5	135.32	122.5	36.0	99.32	1.0	0.2426	-63.32
YPL074W	76	728.3	167.2	146.0	3.09	164.11	1.0	0.2962	-161.01
YPL075W	250	766.3	190.19	224.5	3.0	187.19	0.988	0.328	-184.19
YPL076W	59	636.4	234.47	217.0	47.31	187.17	1.0	0.3714	-139.86
YPL077C	12	851.8	343.75	388.0	27.17	316.58	1.0	0.4252	-289.42
YPL078C	929	841.9	300.57	299.0	20.84	279.72	0.9989	0.3903	-258.88
YPL079W	7504	564.8	161.93	147.0	21.02	140.91	0.9993	0.2987	-119.89
YPL080C	12	230.9	159.92	176.0	133.58	26.33	1.0	0.6717	107.25
YPL081W	614	578.7	200.84	203.0	11.46	189.38	0.9984	0.3783	-177.93
YPL082C	106	961.4	150.04	143.5	5.22	144.82	1.0	0.2746	-139.6
YPL083C	86	571.4	156.38	137.5	3.56	152.83	1.0	0.3322	-149.27
YPL084W	85	915.3	143.18	140.0	20.71	122.47	1.0	0.2227	-101.76
YPL085W	93	608.1	142.34	119.0	5.22	137.13	1.0	0.2868	-131.91
YPL086C	225	791.0	156.04	137.0	5.74	150.3	1.0	0.2764	-144.56
YPL087W	366	829.1	210.69	213.5	31.86	178.84	0.9973	0.2961	-146.98
YPL088W	198	768.0	136.28	112.0	12.57	123.71	1.0	0.2144	-111.15
YPL089C	236	736.1	186.98	198.0	12.28	174.69	1.0	0.3275	-162.41
YPL090C	7315	702.5	178.83	166.0	12.32	166.51	0.9995	0.285	-154.19
YPL091W	326	842.4	159.38	144.5	6.63	152.75	1.0	0.2768	-146.12
YPL092W	86	757.0	149.33	152.5	26.8	122.52	1.0	0.2575	-95.72
YPL093W	240	673.1	238.79	240.0	5.24	233.55	0.9958	0.4193	-228.31
YPL094C	289	625.4	110.59	84.0	4.17	106.42	0.9965	0.206	-102.25
YPL095C	154	603.6	98.38	109.0	3.14	95.25	1.0	0.1915	-92.11
YPL096C-A	37	385.5	191.27	183.0	29.35	161.92	1.0	0.4857	-132.57
YPL096W	42	827.5	140.86	116.5	7.07	133.79	1.0	0.2115	-126.71
YPL097W	41	820.4	110.02	112.0	5.02	105.0	1.0	0.1792	-99.98
YPL098C	134	523.5	231.28	226.5	26.45	204.83	1.0	0.4505	-178.38
YPL099C	158	576.1	214.78	204.5	6.23	208.54	1.0	0.3916	-202.31
YPL100W	68	715.4	117.32	114.0	24.07	93.25	1.0	0.2224	-69.18
YPL101W	76	735.4	177.25	184.0	4.66	172.59	1.0	0.3207	-167.93
YPL103C	50	759.8	260.24	263.5	4.1	256.14	1.0	0.3971	-252.04
YPL104W	33	988.9	189.85	172.0	17.79	172.06	1.0	0.2359	-154.27
YPL105C	215	652.2	137.03	128.0	9.36	127.67	0.9907	0.2913	-118.3
YPL106C	2377	743.5	164.48	146.0	3.73	160.75	0.9966	0.3122	-157.02
YPL107W	64	618.2	192.08	205.0	8.58	183.5	1.0	0.3351	-174.92
YPL108W	26	526.7	147.12	137.5	1.62	145.5	1.0	0.2939	-143.88
YPL109C	55	708.9	156.45	133.0	29.96	126.49	1.0	0.271	-96.53
YPL110C	106	673.5	131.42	111.5	9.83	121.58	1.0	0.2396	-111.75
YPL111W	138	748.5	152.87	146.5	12.49	140.38	0.9855	0.2491	-127.88
YPL112C	158	504.8	120.49	134.5	5.82	114.68	1.0	0.2811	-108.86
YPL113C	19	1107.9	224.05	174.0	11.26	212.79	1.0	0.2021	-201.53
YPL114W	12	370.5	118.83	107.5	11.33	107.5	1.0	0.3357	-96.17
YPL115C	54	988.9	240.43	238.0	9.09	231.33	1.0	0.323	-222.24
YPL116W	32	935.0	185.84	174.5	22.69	163.16	1.0	0.2558	-140.47
YPL117C	573	761.3	186.07	181.0	32.9	153.16	0.9983	0.2731	-120.26
YPL118W	230	714.4	151.1	153.0	16.22	134.89	1.0	0.2613	-118.67
YPL119C	6	610.2	171.67	153.0	79.83	91.83	1.0	0.3254	-12.0
YPL119C-A	9	556.8	336.67	345.0	105.67	231.0	1.0	0.6107	-125.33
YPL120W	45	815.2	150.84	162.0	1.29	149.56	1.0	0.2816	-148.27
YPL122C	75	729.4	123.27	106.0	9.09	114.17	0.9867	0.2287	-105.08
YPL123C	145	898.3	186.5	188.0	10.71	175.79	1.0	0.2653	-165.08
YPL124W	29	536.7	156.17	145.0	29.62	126.55	1.0	0.353	-96.93
YPL125W	205	906.7	112.33	100.0	7.22	105.1	0.9951	0.1836	-97.88
YPL126W	283	819.0	146.96	139.0	3.51	143.45	0.9929	0.2661	-139.94
YPL127C	130	777.7	239.53	223.0	8.74	230.79	1.0	0.3305	-222.05
YPL128C	32	776.2	308.88	330.5	2.44	306.44	1.0	0.4585	-304.0
YPL129W	168	594.3	150.24	142.5	21.63	128.61	1.0	0.3022	-106.98
YPL131W	4648	773.0	136.97	118.0	6.53	130.43	0.9985	0.2114	-123.9
YPL132W	64	694.8	162.41	145.0	40.55	121.86	1.0	0.2577	-81.31
YPL133C	24	645.8	107.83	85.0	24.58	83.25	1.0	0.2119	-58.67
YPL134C	52	724.8	160.73	140.0	23.54	137.19	1.0	0.258	-113.65
YPL135W	249	820.3	421.74	425.0	39.59	382.15	1.0	0.5256	-342.55
YPL136W	8	384.5	144.12	128.0	26.12	118.0	1.0	0.3669	-91.88
YPL137C	95	816.7	187.0	172.0	6.44	180.56	0.9895	0.3286	-174.12
YPL138C	44	692.3	163.43	160.5	4.52	158.91	1.0	0.289	-154.39
YPL139C	87	712.7	143.61	137.0	8.06	135.55	1.0	0.2731	-127.49
YPL140C	60	725.9	218.38	190.5	16.13	202.25	0.9833	0.3612	-186.12
YPL141C	41	900.8	258.61	258.0	6.98	251.63	1.0	0.375	-244.66
YPL142C	8137	438.3	153.83	153.0	42.55	111.28	0.9999	0.3462	-68.73
YPL143W	471	468.7	165.32	167.0	31.18	134.14	0.9958	0.3474	-102.96
YPL144W	124	545.3	167.73	158.0	17.23	150.5	1.0	0.3149	-133.27
YPL145C	271	1123.1	524.06	500.0	46.1	477.96	0.9963	0.5293	-431.86
YPL146C	362	726.6	181.83	160.0	4.02	177.81	1.0	0.3107	-173.79
YPL147W	51	623.7	109.96	102.0	3.49	106.47	1.0	0.2064	-102.98
YPL148C	48	636.4	261.81	268.0	67.65	194.17	1.0	0.4157	-126.52
YPL149W	366	643.0	103.93	98.0	7.89	96.05	0.9945	0.1852	-88.16
YPL150W	114	734.9	156.41	137.5	10.04	146.38	1.0	0.2731	-136.34
YPL151C	159	760.8	134.89	118.0	8.12	126.77	0.9937	0.2182	-118.65
YPL152W	70	724.0	127.99	93.5	54.41	73.57	1.0	0.1695	-19.16
YPL153C	33	987.9	202.82	192.0	15.91	186.91	1.0	0.319	-171.0
YPL154C	498	934.3	203.7	167.5	68.83	134.87	0.998	0.2508	-66.03
YPL155C	33	970.9	392.33	425.0	3.12	389.21	1.0	0.4684	-386.09
YPL156C	111	544.8	184.47	189.0	47.64	136.83	1.0	0.3682	-89.19
YPL157W	41	796.0	265.0	204.0	19.98	245.02	1.0	0.3315	-225.05
YPL158C	38	472.5	103.76	83.5	20.32	83.45	1.0	0.2918	-63.13
YPL159C	49	632.2	309.14	310.0	15.06	294.08	1.0	0.5273	-279.02
YPL160W	1534	941.5	219.81	217.0	4.3	215.5	0.9954	0.3358	-211.2
YPL161C	61	572.7	105.74	99.0	3.61	102.13	1.0	0.2278	-98.52
YPL162C	50	968.2	431.56	439.0	19.52	412.04	1.0	0.42	-392.52
YPL163C	477	645.7	259.34	257.0	11.37	247.96	1.0	0.4479	-236.59
YPL164C	16	926.2	207.69	261.0	5.69	202.0	1.0	0.2795	-196.31
YPL165C	55	801.2	231.85	155.0	85.73	146.13	1.0	0.2996	-60.4
YPL166W	12	519.2	169.0	99.0	34.33	134.67	1.0	0.2775	-100.33
YPL167C	65	735.0	84.23	92.0	1.86	82.37	1.0	0.1514	-80.51
YPL168W	112	697.5	113.46	118.5	17.54	95.92	0.9911	0.2	-78.38
YPL169C	125	800.8	217.24	216.0	5.04	212.2	1.0	0.3878	-207.16
YPL170W	931	566.6	213.34	213.0	16.08	197.25	0.9989	0.3921	-181.17
YPL171C	62	485.9	167.1	171.5	6.65	160.45	0.9839	0.3973	-153.81
YPL172C	77	700.8	189.73	191.0	12.52	177.21	1.0	0.3425	-164.69
YPL173W	72	704.9	180.03	163.5	7.61	172.42	1.0	0.3149	-164.81
YPL174C	76	665.5	121.12	102.0	17.16	103.96	1.0	0.2355	-86.8
YPL175W	82	749.9	183.7	173.0	5.18	178.51	1.0	0.3123	-173.33
YPL176C	191	936.8	231.19	222.0	5.74	225.45	0.9948	0.3289	-219.7
YPL177C	123	813.1	191.44	185.0	48.21	143.23	1.0	0.2643	-95.02
YPL178W	379	636.4	166.13	158.0	19.82	146.31	1.0	0.2863	-126.49
YPL179W	138	855.9	247.62	244.0	13.75	233.87	1.0	0.3351	-220.12
YPL180W	48	814.8	209.35	209.5	5.65	203.71	1.0	0.3386	-198.06
YPL181W	104	653.9	148.36	129.5	2.21	146.14	1.0	0.2894	-143.93
YPL183C	108	835.4	116.86	97.0	2.03	114.83	0.9907	0.2061	-112.81
YPL183W-A	128	465.6	225.96	224.5	48.63	177.33	0.9922	0.4828	-128.7
YPL184C	185	821.1	195.62	171.0	25.92	169.7	1.0	0.3214	-143.78
YPL185W	12	289.2	134.08	86.5	56.08	78.0	1.0	0.4026	-21.92
YPL186C	29	507.1	210.52	220.0	2.66	207.86	1.0	0.457	-205.21
YPL187W	2458	652.9	259.78	260.0	22.97	236.8	1.0	0.4118	-213.83
YPL188W	140	683.1	263.26	263.0	17.92	245.34	1.0	0.4568	-227.41
YPL189C-A	274	519.6	327.59	321.5	59.69	267.9	1.0	0.6283	-208.22
YPL189W	24	551.4	151.42	150.0	16.21	135.21	0.9583	0.3508	-119.0
YPL190C	77	1185.8	364.92	423.0	2.22	362.7	1.0	0.3719	-360.48
YPL191C	46	1053.8	393.3	514.5	14.76	378.54	1.0	0.3518	-363.78
YPL192C	45	576.0	246.49	208.0	106.33	140.16	1.0	0.4088	-33.82
YPL193W	59	804.0	277.73	159.0	3.78	273.95	1.0	0.3319	-270.17
YPL194W	15	566.7	216.27	223.0	11.07	205.2	1.0	0.4424	-194.13
YPL195W	144	739.6	136.67	145.0	1.6	135.06	0.9792	0.2595	-133.46
YPL196W	143	539.1	117.37	103.0	14.52	102.85	1.0	0.2474	-88.34
YPL197C	508	343.3	88.94	80.5	6.51	82.44	0.998	0.2701	-75.93
YPL198W	560	716.7	180.73	193.5	62.14	118.58	0.9982	0.2443	-56.44
YPL199C	127	641.5	112.87	96.0	12.48	100.39	1.0	0.2039	-87.91
YPL201C	12	624.2	166.0	71.5	99.25	66.75	1.0	0.2151	32.5
YPL202C	41	1083.1	437.05	453.0	14.32	422.73	1.0	0.4686	-408.41
YPL203W	80	1012.0	331.69	317.5	52.52	279.16	1.0	0.3925	-226.64
YPL204W	193	886.8	187.61	175.0	39.93	147.68	1.0	0.2701	-107.75
YPL205C	9	310.2	151.22	183.0	5.33	145.89	1.0	0.417	-140.56
YPL206C	149	761.7	168.09	168.0	6.05	162.04	1.0	0.2596	-155.99
YPL207W	268	797.6	125.44	110.0	2.71	122.74	0.9888	0.2149	-120.03
YPL208W	94	806.8	107.53	110.0	2.66	104.87	0.9787	0.188	-102.21
YPL209C	8	808.4	158.5	168.0	16.12	142.38	1.0	0.2227	-126.25
YPL210C	473	953.2	131.73	121.0	5.32	126.41	0.9958	0.2041	-121.1
YPL211W	1221	646.9	211.18	210.0	15.48	195.7	1.0	0.3389	-180.22
YPL212C	127	817.7	182.74	168.0	3.87	178.87	1.0	0.3084	-175.01
YPL213W	42	494.3	160.62	148.0	4.67	155.95	1.0	0.3639	-151.29
YPL214C	80	950.9	145.41	152.5	21.06	124.35	1.0	0.2136	-103.29
YPL215W	94	771.4	210.4	196.5	7.22	203.18	1.0	0.3276	-195.96
YPL216W	79	683.2	108.53	89.0	10.76	97.77	1.0	0.1986	-87.01
YPL217C	78	627.2	116.01	85.0	5.72	110.29	1.0	0.2411	-104.58
YPL218W	1112	574.4	150.79	146.0	37.94	112.84	0.9991	0.2712	-74.9
YPL219W	20	633.6	140.95	169.5	5.45	135.5	1.0	0.2556	-130.05
YPL220W	7979	642.0	142.72	143.0	4.1	138.61	0.9986	0.2514	-134.51
YPL221W	187	834.0	193.65	185.0	11.67	181.98	1.0	0.3357	-170.3
YPL222W	30	769.9	139.0	95.5	9.03	129.97	1.0	0.2018	-120.93
YPL223C	15	576.2	242.53	260.0	38.4	204.13	1.0	0.4369	-165.73
YPL224C	166	791.8	216.05	205.5	8.52	207.54	1.0	0.3369	-199.02
YPL225W	1673	535.3	166.83	156.0	11.01	155.82	0.9994	0.3199	-144.81
YPL226W	447	851.8	270.73	258.0	3.71	267.03	0.9933	0.4284	-263.32
YPL227C	199	701.2	124.58	106.0	35.8	88.78	1.0	0.1905	-52.97
YPL228W	83	729.2	189.05	193.0	11.76	177.29	1.0	0.3326	-165.53
YPL229W	44	657.3	271.61	280.0	10.39	261.23	1.0	0.4275	-250.84
YPL230W	64	608.0	159.83	166.0	6.97	152.86	1.0	0.3081	-145.89
YPL231W	1266	1024.8	128.29	124.5	3.0	125.28	0.9968	0.2006	-122.28
YPL232W	100	679.7	172.48	156.5	45.5	126.98	1.0	0.2782	-81.48
YPL233W	27	594.6	182.07	151.0	34.78	147.3	1.0	0.3172	-112.52
YPL234C	534	590.4	195.37	196.0	24.84	170.53	0.9981	0.342	-145.69
YPL235W	451	809.1	158.3	148.0	15.19	143.11	0.9978	0.248	-127.92
YPL236C	44	737.5	251.16	257.0	17.7	233.45	1.0	0.4167	-215.75
YPL237W	2178	687.1	150.81	134.0	4.96	145.85	0.9986	0.2517	-140.89
YPL238C	10	158.3	27.1	11.5	11.1	16.0	0.9	0.1467	-4.9
YPL239W	486	684.5	276.75	241.5	63.2	213.55	1.0	0.4171	-150.34
YPL240C	1983	914.6	136.87	133.0	6.1	130.77	0.9904	0.1977	-124.67
YPL241C	51	650.4	130.29	110.0	13.12	117.18	0.9804	0.238	-104.06
YPL242C	97	659.1	163.89	160.0	3.77	160.11	1.0	0.2955	-156.34
YPL243W	470	759.9	120.08	109.5	9.12	110.96	0.9936	0.2192	-101.84
YPL244C	168	731.1	158.21	162.5	7.2	151.01	1.0	0.2642	-143.81
YPL245W	123	763.5	102.03	88.0	10.85	91.19	1.0	0.1869	-80.34
YPL246C	194	672.3	156.22	162.0	19.17	137.05	0.9948	0.2714	-117.88
YPL247C	74	993.9	166.47	174.0	18.09	148.38	1.0	0.2137	-130.28
YPL248C	40	776.3	106.18	82.0	24.48	81.7	1.0	0.1607	-57.22
YPL249C	36	812.7	112.67	103.5	2.78	109.89	0.9722	0.2037	-107.11
YPL249C-A	4363	445.2	196.96	182.0	17.99	178.97	1.0	0.4459	-160.97
YPL250C	805	556.8	240.21	243.0	32.87	207.34	1.0	0.4485	-174.48
YPL250W-A	965	446.0	203.62	191.0	18.09	185.53	1.0	0.4589	-167.45
YPL252C	60	552.9	159.08	146.0	20.87	138.22	1.0	0.3012	-117.35
YPL253C	45	626.9	125.67	124.0	15.78	109.89	1.0	0.2616	-94.11
YPL254W	79	668.3	117.04	81.0	21.08	95.96	1.0	0.2165	-74.89
YPL255W	38	717.1	261.71	242.5	1.26	260.45	1.0	0.4116	-259.18
YPL256C	136	724.5	262.15	254.0	15.34	246.82	1.0	0.4601	-231.48
YPL257W	50	775.5	442.68	367.0	119.58	323.1	1.0	0.5127	-203.52
YPL257W-B	3627	1111.3	326.78	337.0	2.43	324.34	0.9956	0.3423	-321.91
YPL258C	19	868.1	189.47	135.0	49.68	139.79	1.0	0.2156	-90.11
YPL259C	95	878.5	218.95	210.0	6.6	212.35	1.0	0.3222	-205.75
YPL260W	310	897.5	222.24	234.0	9.84	212.4	1.0	0.3179	-202.56
YPL262W	296	804.3	97.86	108.5	6.46	91.4	0.9966	0.176	-84.94
YPL263C	78	477.8	115.76	101.5	3.9	111.86	1.0	0.2831	-107.96
YPL264C	52	734.9	223.73	235.5	5.96	217.77	1.0	0.3427	-211.81
YPL265W	200	921.2	311.98	318.0	16.94	295.04	0.995	0.4395	-278.1
YPL266W	293	687.2	123.5	115.0	16.84	106.66	0.9966	0.2154	-89.81
YPL267W	46	616.0	102.52	79.5	6.98	95.54	1.0	0.1727	-88.57
YPL268W	92	812.8	93.36	96.0	5.54	87.82	1.0	0.1744	-82.27
YPL269W	29	593.8	101.97	87.0	3.14	98.83	1.0	0.2012	-95.69
YPL270W	103	690.5	125.81	108.0	4.52	121.28	0.9806	0.2551	-116.76
YPL271W	1072	355.9	181.37	189.0	9.52	171.85	1.0	0.5035	-162.33
YPL272C	10	523.9	246.0	168.0	166.4	79.6	1.0	0.4456	86.8
YPL273W	1783	891.4	175.05	175.0	30.66	144.39	0.9989	0.2191	-113.73
YPL274W	355	823.7	103.26	91.0	7.42	95.84	0.9972	0.1758	-88.42
YPL278C	7	438.0	271.29	280.0	3.0	268.29	1.0	0.6332	-265.29
YPL279C	13	769.1	199.92	169.0	15.85	184.08	1.0	0.2739	-168.23
YPL280W	9	850.7	384.67	341.0	23.22	361.44	1.0	0.4419	-338.22
YPL283C	81	579.3	127.23	90.0	8.3	118.94	0.9877	0.2355	-110.64
YPR001W	37	607.4	188.35	174.0	3.03	185.32	1.0	0.3556	-182.3
YPR002C-A	7128	381.5	198.94	200.0	143.18	55.75	1.0	0.4829	87.43
YPR002W	18	861.0	199.78	196.5	7.06	192.72	0.9444	0.2872	-185.67
YPR003C	104	700.6	179.03	209.0	10.07	168.96	1.0	0.3004	-158.89
YPR004C	318	776.5	108.32	112.0	10.59	97.73	1.0	0.1721	-87.14
YPR005C	33	780.5	287.45	286.0	67.45	220.0	1.0	0.3664	-152.55
YPR006C	159	661.4	146.77	128.0	2.01	144.75	0.9874	0.2307	-142.74
YPR007C	16	699.6	163.56	174.5	1.56	162.0	0.9375	0.2558	-160.44
YPR008W	84	1122.0	173.17	167.0	37.04	136.13	1.0	0.2075	-99.1
YPR009W	135	529.8	162.56	156.0	61.41	101.15	1.0	0.3501	-39.73
YPR010C	709	900.9	204.73	191.0	2.81	201.92	0.9986	0.34	-199.1
YPR010C-A	944	414.8	234.82	233.0	56.35	178.47	1.0	0.5604	-122.12
YPR011C	85	701.1	233.44	216.0	17.14	216.29	1.0	0.3844	-199.15
YPR012W	21	377.5	184.1	174.0	128.52	55.57	1.0	0.4522	72.95
YPR013C	35	786.7	293.74	280.0	26.49	267.26	1.0	0.3955	-240.77
YPR014C	8	1394.5	1076.5	997.0	580.0	496.5	1.0	0.7626	83.5
YPR015C	37	461.3	181.19	194.0	4.95	176.24	1.0	0.4339	-171.3
YPR016C	231	795.7	261.97	264.0	44.19	217.78	1.0	0.3631	-173.6
YPR016W-A	12	256.7	129.17	127.5	92.42	36.75	1.0	0.4581	55.67
YPR017C	86	590.0	257.24	256.0	7.55	249.7	1.0	0.4437	-242.15
YPR018W	42	575.6	126.38	115.5	8.33	118.05	1.0	0.2681	-109.71
YPR019W	70	749.4	177.26	156.0	2.93	174.33	0.9857	0.3172	-171.4
YPR020W	1067	498.2	186.28	174.0	29.81	156.48	1.0	0.376	-126.67
YPR021C	70	788.4	144.96	101.0	30.0	114.96	0.9857	0.241	-84.96
YPR022C	128	856.4	130.89	131.0	3.95	126.94	0.9922	0.2147	-122.98
YPR023C	196	691.1	141.02	133.0	3.9	137.12	0.9949	0.2529	-133.22
YPR024W	96	1215.5	556.17	539.0	12.67	543.5	1.0	0.5713	-530.83
YPR025C	100	662.6	144.61	139.5	3.49	141.12	0.99	0.2705	-137.63
YPR026W	32	853.4	135.19	106.0	5.25	129.94	1.0	0.2027	-124.69
YPR027C	41	654.3	227.63	196.0	68.61	159.02	1.0	0.3658	-90.41
YPR028W	2329	638.6	236.54	227.0	55.64	180.9	0.9996	0.382	-125.26
YPR029C	134	839.6	239.15	249.0	10.49	228.66	1.0	0.377	-218.16
YPR030W	44	581.3	113.43	99.5	2.39	111.05	1.0	0.2786	-108.66
YPR031W	20	812.0	130.5	112.0	6.85	123.65	1.0	0.2187	-116.8
YPR032W	30	839.6	137.47	125.0	5.1	132.37	0.9667	0.2863	-127.27
YPR033C	772	761.7	137.17	146.0	2.58	134.59	0.9935	0.2538	-132.0
YPR034W	45	882.4	291.2	312.0	8.38	282.82	1.0	0.4561	-274.44
YPR035W	1741	921.5	247.75	247.0	36.68	211.07	0.9983	0.3269	-174.4
YPR036W	633	859.3	133.57	120.0	9.27	124.29	0.9968	0.2214	-115.02
YPR036W-A	1341	531.4	340.86	343.0	50.06	290.8	1.0	0.6389	-240.74
YPR037C	82	543.3	150.1	145.0	11.93	138.17	1.0	0.2983	-126.24
YPR040W	58	596.2	108.0	102.0	2.19	105.81	1.0	0.2426	-103.62
YPR041W	737	757.9	209.29	213.0	15.26	194.03	0.9986	0.349	-178.77
YPR042C	37	912.0	104.84	35.0	18.27	86.57	1.0	0.1685	-68.3
YPR043W	38	434.0	71.76	76.5	7.82	63.95	0.9737	0.1642	-56.13
YPR044C	6687	378.9	92.49	72.0	11.23	81.26	0.9999	0.24	-70.02
YPR045C	98	737.6	132.61	111.5	13.72	118.89	0.9898	0.2031	-105.16
YPR046W	93	569.1	109.84	93.0	6.15	103.69	0.9892	0.1962	-97.54
YPR047W	86	669.1	145.72	119.0	5.3	140.42	1.0	0.273	-135.12
YPR048W	135	696.5	104.01	85.0	2.44	101.57	0.9926	0.1946	-99.13
YPR049C	32	747.7	124.34	127.5	10.78	113.56	1.0	0.2257	-102.78
YPR051W	203	568.7	156.96	148.0	10.84	146.11	1.0	0.2957	-135.27
YPR052C	302	450.5	218.92	202.0	12.22	206.71	1.0	0.4905	-194.49
YPR054W	5	1321.6	365.6	210.0	4.4	361.2	1.0	0.2309	-356.8
YPR055W	118	889.4	122.61	119.5	3.43	119.18	0.9915	0.2116	-115.75
YPR056W	159	905.3	197.01	195.0	17.81	179.19	1.0	0.2392	-161.38
YPR057W	75	549.9	93.25	71.0	6.36	86.89	1.0	0.2111	-80.53
YPR058W	133	927.0	158.8	158.0	20.4	138.4	1.0	0.1745	-118.0
YPR059C	84	357.3	102.96	88.0	3.54	99.43	1.0	0.2876	-95.89
YPR060C	318	617.4	187.07	170.0	17.65	169.42	1.0	0.359	-151.77
YPR061C	21	603.0	157.52	153.0	12.67	144.86	1.0	0.3135	-132.19
YPR062W	833	537.5	142.73	128.0	5.58	137.15	1.0	0.2779	-131.58
YPR063C	268	626.3	282.92	281.5	56.72	226.2	1.0	0.4565	-169.47
YPR065W	64	969.9	308.02	333.0	13.77	294.25	1.0	0.3629	-280.48
YPR066W	41	508.0	149.34	162.0	1.76	147.59	0.9756	0.2936	-145.83
YPR067W	58	536.8	176.91	164.5	26.78	150.14	1.0	0.3525	-123.36
YPR068C	41	707.9	150.07	142.0	9.34	140.73	1.0	0.2731	-131.39
YPR069C	1117	693.1	127.28	129.0	10.86	116.42	1.0	0.2152	-105.55
YPR070W	76	969.3	273.97	337.0	34.41	239.57	1.0	0.333	-205.16
YPR071W	37	767.3	373.16	430.0	3.86	369.3	1.0	0.4787	-365.43
YPR072W	195	717.2	135.93	109.0	18.14	117.79	0.9897	0.2523	-99.65
YPR073C	528	691.0	281.88	283.0	29.27	252.61	1.0	0.4155	-223.35
YPR074C	2026	817.1	167.57	155.0	7.07	160.5	0.9916	0.2942	-153.43
YPR075C	31	756.0	168.32	157.0	30.81	137.52	0.9677	0.2817	-106.71
YPR077C	26	331.7	158.88	142.0	9.12	149.77	1.0	0.481	-140.65
YPR078C	22	599.0	190.82	175.5	1.95	188.86	1.0	0.3312	-186.91
YPR079W	44	659.4	143.84	117.0	9.5	134.34	1.0	0.2665	-124.84
YPR080W	13332	799.0	155.03	145.0	6.05	148.98	0.9974	0.2699	-142.93
YPR081C	46	695.9	166.87	139.5	1.76	165.11	1.0	0.2735	-163.35
YPR082C	121	513.2	142.96	141.0	13.09	129.87	1.0	0.2781	-116.78
YPR083W	54	862.8	161.09	173.5	9.63	151.46	1.0	0.2725	-141.83
YPR084W	59	750.1	219.9	178.0	30.12	189.78	1.0	0.3329	-159.66
YPR085C	87	652.7	142.41	128.0	14.75	127.67	1.0	0.2619	-112.92
YPR086W	246	873.8	254.74	262.0	7.23	247.5	1.0	0.3431	-240.27
YPR087W	108	310.8	115.66	102.5	30.37	85.29	1.0	0.3895	-54.92
YPR088C	134	1113.4	133.54	134.5	8.14	125.4	0.9701	0.1352	-117.26
YPR089W	88	609.2	164.11	153.5	18.39	145.73	0.9773	0.3658	-127.34
YPR091C	61	648.1	173.77	159.0	4.72	169.05	1.0	0.3539	-164.33
YPR092W	17	285.4	143.41	163.0	100.35	43.06	1.0	0.4966	57.29
YPR093C	31	699.5	177.94	122.0	16.35	161.58	1.0	0.2429	-145.23
YPR094W	307	415.1	121.33	117.0	12.97	108.36	0.9935	0.2867	-95.38
YPR095C	20	673.2	77.9	90.0	1.7	76.2	0.95	0.1412	-74.5
YPR097W	153	774.8	170.86	168.0	8.85	162.01	1.0	0.308	-153.16
YPR098C	212	522.0	154.5	138.5	38.49	116.02	1.0	0.2938	-77.53
YPR100W	220	464.6	131.29	115.0	7.34	123.95	1.0	0.2952	-116.61
YPR101W	165	628.5	240.64	229.0	11.15	229.5	1.0	0.415	-218.35
YPR102C	10873	566.6	139.45	120.0	14.09	125.36	0.9994	0.2605	-111.26
YPR103W	868	793.5	148.31	138.0	26.52	121.79	0.9977	0.2025	-95.27
YPR104C	26	709.2	349.38	374.5	13.27	336.12	1.0	0.5438	-322.85
YPR105C	140	859.2	111.09	88.5	3.24	107.85	0.9929	0.1832	-104.61
YPR106W	42	655.9	117.4	116.5	23.9	93.5	1.0	0.2509	-69.6
YPR107C	131	573.0	198.74	198.0	26.98	171.76	1.0	0.3793	-144.77
YPR108W	778	965.8	213.27	206.0	16.17	197.1	0.9961	0.2639	-180.93
YPR108W-A	10	150.3	65.0	67.0	0.6	64.4	1.0	0.3656	-63.8
YPR109W	199	682.8	154.87	134.0	31.82	123.05	1.0	0.2608	-91.23
YPR110C	643	617.5	213.8	215.0	2.72	211.08	0.9984	0.4001	-208.36
YPR111W	61	827.3	201.52	228.0	5.18	196.34	0.9836	0.2915	-191.16
YPR112C	68	777.1	126.4	110.0	2.35	124.04	0.9853	0.2536	-121.69
YPR113W	729	670.1	157.14	163.0	9.3	147.84	0.9986	0.2571	-138.54
YPR114W	301	660.5	177.75	168.0	25.27	152.49	1.0	0.3216	-127.22
YPR115W	88	1107.0	279.44	277.5	10.34	269.1	0.9886	0.3725	-258.76
YPR116W	13	689.1	263.0	68.0	6.77	256.23	1.0	0.261	-249.46
YPR117W	124	703.7	139.23	104.5	41.01	98.22	1.0	0.2247	-57.21
YPR118W	631	824.9	122.2	128.0	5.8	116.4	1.0	0.1944	-110.59
YPR119W	45	933.8	426.18	367.0	10.0	416.18	1.0	0.4751	-406.18
YPR120C	90	516.8	142.76	124.0	8.98	133.78	1.0	0.2931	-124.8
YPR121W	15	571.8	98.33	88.0	3.33	95.0	1.0	0.2046	-91.67
YPR122W	73	639.7	97.44	92.0	3.89	93.55	1.0	0.212	-89.66
YPR124W	256	830.6	247.72	236.0	24.79	222.94	1.0	0.3638	-198.15
YPR125W	46	1086.2	237.67	234.5	42.5	195.17	0.9783	0.2389	-152.67
YPR126C	45	395.6	171.24	176.0	10.18	161.07	1.0	0.4446	-150.89
YPR127W	107	663.0	145.4	153.0	14.04	131.36	1.0	0.263	-117.33
YPR128C	94	700.4	152.76	156.0	10.93	141.83	1.0	0.2701	-130.9
YPR129W	97	915.0	116.47	95.0	5.45	111.02	0.9897	0.1343	-105.57
YPR130C	99	331.9	85.85	63.0	17.87	67.98	1.0	0.2703	-50.11
YPR131C	125	581.4	230.22	217.0	10.28	219.94	1.0	0.4347	-209.66
YPR132W	13995	524.2	189.21	183.0	51.23	137.98	0.9998	0.3623	-86.75
YPR133C	292	697.1	124.53	100.0	4.56	119.97	1.0	0.2321	-115.41
YPR133W-A	367	363.2	218.44	204.0	20.64	197.81	1.0	0.5968	-177.17
YPR134W	88	713.0	190.89	185.0	14.88	176.01	0.9886	0.2996	-161.14
YPR135W	66	535.4	93.23	79.0	1.32	91.91	1.0	0.2123	-90.59
YPR137C-A	19	557.4	143.84	156.0	8.05	135.79	1.0	0.2813	-127.74
YPR137C-B	1895	1433.7	303.45	327.0	4.83	298.62	0.9916	0.2833	-293.79
YPR137W	116	741.9	183.84	162.5	5.57	178.27	0.9828	0.3281	-172.7
YPR138C	103	791.1	236.02	194.0	59.42	176.6	0.9903	0.3356	-117.18
YPR139C	159	703.8	143.7	146.0	19.73	123.97	0.9937	0.2409	-104.25
YPR140W	79	659.2	126.71	118.0	15.44	111.27	0.9873	0.2295	-95.82
YPR141C	37	687.1	175.76	186.0	3.16	172.59	1.0	0.3537	-169.43
YPR143W	250	596.8	205.94	199.0	2.58	203.37	0.996	0.3825	-200.79
YPR144C	123	799.2	117.2	96.0	3.69	113.5	1.0	0.2136	-109.81
YPR145C-A	115	557.5	343.71	346.0	11.3	332.42	1.0	0.6119	-321.12
YPR145W	2512	683.5	162.6	152.0	5.56	157.03	0.9976	0.3426	-151.47
YPR146C	58	327.6	109.84	84.5	63.1	46.74	1.0	0.2972	16.36
YPR147C	130	873.1	242.02	235.0	14.81	227.21	0.9923	0.2912	-212.4
YPR148C	219	574.2	139.23	130.0	4.19	135.04	1.0	0.3015	-130.85
YPR149W	592	869.4	455.06	460.5	75.96	379.1	0.9983	0.5279	-303.14
YPR150W	36	303.8	190.72	203.5	145.17	45.56	1.0	0.6564	99.61
YPR151C	15	516.4	156.47	170.0	17.47	139.0	1.0	0.331	-121.53
YPR152C	17	666.4	334.41	367.0	27.65	306.76	1.0	0.553	-279.12
YPR153W	16	482.1	189.12	116.5	9.75	179.38	1.0	0.3265	-169.62
YPR154W	453	663.1	234.36	218.0	13.95	220.42	0.9978	0.3885	-206.47
YPR155C	57	742.0	139.12	124.0	7.58	131.54	1.0	0.2541	-123.96
YPR156C	163	896.6	231.02	230.0	26.18	204.84	0.9939	0.3457	-178.66
YPR157W	41	695.7	192.41	176.0	31.83	160.59	1.0	0.3205	-128.76
YPR158C-D	555	667.4	300.3	329.0	2.63	297.66	0.9946	0.4586	-295.03
YPR158W	537	645.6	203.4	207.0	14.43	188.97	1.0	0.3539	-174.54
YPR158W-A	7	494.9	161.29	145.0	1.14	160.14	1.0	0.3516	-159.0
YPR158W-B	1566	1147.7	323.63	334.0	3.03	320.61	0.9911	0.3291	-317.58
YPR159W	246	981.6	320.65	332.5	13.55	307.1	0.9959	0.4133	-293.55
YPR160W	205	810.1	169.1	168.0	13.17	155.93	0.9951	0.2784	-142.76
YPR161C	87	715.9	154.03	153.0	9.97	144.07	1.0	0.2885	-134.1
YPR162C	60	702.2	87.92	73.0	10.17	77.75	1.0	0.1602	-67.58
YPR163C	401	641.6	180.13	176.0	13.86	166.27	0.995	0.3475	-152.41
YPR164W	43	916.3	259.79	283.0	3.28	256.51	0.9767	0.3652	-253.23
YPR165W	964	721.5	307.36	291.0	72.32	235.04	0.999	0.4509	-162.73
YPR166C	498	447.9	146.57	136.5	18.16	128.41	1.0	0.3273	-110.24
YPR167C	125	599.4	110.37	93.0	13.24	97.13	1.0	0.2084	-83.89
YPR168W	6	386.0	150.5	79.0	20.33	130.17	1.0	0.2627	-109.83
YPR169W	180	774.9	112.19	79.0	29.99	82.19	1.0	0.1633	-52.2
YPR169W-A	20	511.4	365.4	389.0	26.4	339.0	1.0	0.6943	-312.6
YPR170C	15	638.6	350.2	375.0	2.73	347.47	1.0	0.5279	-344.73
YPR170W-B	1415	492.4	255.4	267.0	11.0	244.39	1.0	0.5179	-233.39
YPR171W	81	679.7	138.63	143.0	3.93	134.7	1.0	0.3021	-130.78
YPR172W	75	535.5	164.92	157.0	20.61	144.31	1.0	0.345	-123.69
YPR173C	171	681.3	160.58	126.0	40.63	119.95	0.9942	0.2663	-79.32
YPR174C	25	631.2	147.2	144.0	5.56	141.64	0.96	0.2483	-136.08
YPR175W	198	738.1	101.45	100.0	12.06	89.39	1.0	0.2118	-77.34
YPR176C	150	842.3	187.8	173.5	10.16	177.64	1.0	0.262	-167.48
YPR178W	31	880.7	103.65	97.0	2.87	100.77	0.9677	0.1466	-97.9
YPR179C	65	489.5	101.62	92.0	4.02	97.6	1.0	0.2571	-93.58
YPR180W	152	723.1	126.65	133.0	4.09	122.57	1.0	0.2268	-118.48
YPR181C	313	966.2	265.7	272.0	5.36	260.34	0.9968	0.3621	-254.98
YPR182W	114	402.6	158.18	150.0	40.89	117.3	1.0	0.3869	-76.41
YPR183W	573	680.4	137.67	135.0	10.33	127.34	1.0	0.2326	-117.01
YPR184W	24	885.8	144.75	143.5	7.58	137.17	1.0	0.2125	-129.58
YPR185W	66	1000.8	321.27	339.0	10.27	311.0	1.0	0.3948	-300.73
YPR186C	44	701.9	143.52	133.5	0.82	142.7	1.0	0.2635	-141.89
YPR187W	1662	552.8	176.72	165.0	19.79	156.93	1.0	0.3267	-137.14
YPR188C	365	528.9	117.55	106.0	11.73	105.81	0.9973	0.2326	-94.08
YPR189W	189	833.0	152.66	139.0	2.94	149.71	1.0	0.2722	-146.77
YPR190C	167	781.3	123.83	106.0	3.68	120.14	0.994	0.2309	-116.46
YPR191W	313	820.4	240.68	239.0	12.68	228.0	1.0	0.3604	-215.32
YPR192W	10	1113.6	596.8	554.0	106.7	490.1	1.0	0.5081	-383.4
YPR193C	7	481.0	132.14	146.0	17.14	115.0	1.0	0.2862	-97.86
YPR194C	53	989.1	181.42	158.0	34.57	146.85	1.0	0.2217	-112.28
YPR195C	43	798.0	543.16	560.0	20.0	523.16	1.0	0.6465	-503.16
YPR196W	17	706.2	173.29	106.0	28.24	145.06	1.0	0.2321	-116.82
YPR197C	8	413.0	198.88	206.5	0.88	198.0	1.0	0.5161	-197.12
YPR198W	169	911.3	153.12	162.0	8.18	144.94	1.0	0.2157	-136.76
YPR199C	70	731.9	190.03	184.0	2.04	187.99	1.0	0.3133	-185.94
YPR200C	42	410.5	159.93	135.5	39.36	120.57	1.0	0.3924	-81.21
YPR201W	7	972.1	567.29	424.0	43.43	523.86	1.0	0.5437	-480.43
YPR202W	14	694.4	274.93	248.5	23.5	251.43	1.0	0.3837	-227.93
YPR204W	41	664.6	104.78	84.0	2.73	102.05	1.0	0.2013	-99.32
