transcript	n_reads	mean_read_length	mean_clip_total	median_clip_total	mean_clip_5p	mean_clip_3p	frac_clipped	mean_clip_frac	asymmetry
Q0010_mRNA	10	623.1	409.4	354.5	89.3	320.1	1.0	0.5576	-230.8
Q0045_mRNA	34	715.5	364.09	207.0	182.68	181.41	1.0	0.4285	1.26
Q0050_mRNA	199	581.2	66.23	55.0	25.21	41.03	0.9347	0.1192	-15.82
Q0055_mRNA	157	526.6	66.35	52.0	14.07	52.28	0.9363	0.1193	-38.21
Q0060_mRNA	18	526.4	159.83	85.5	112.06	47.78	1.0	0.2678	64.28
Q0065_mRNA	38	699.8	212.26	80.0	67.34	144.92	0.9737	0.2338	-77.58
Q0070_mRNA	6	480.5	321.33	417.0	280.17	41.17	1.0	0.6247	239.0
Q0080_mRNA	8	683.2	538.62	569.0	232.75	305.88	1.0	0.7778	-73.12
Q0085_mRNA	59	661.6	214.27	150.0	73.53	140.75	1.0	0.2951	-67.22
Q0105_mRNA	36	724.8	285.42	206.5	155.33	130.08	0.9722	0.39	25.25
Q0120_mRNA	23	666.4	161.57	67.0	40.26	121.3	0.913	0.1645	-81.04
Q0130_mRNA	185	500.6	290.24	204.0	174.56	115.68	1.0	0.5032	58.89
Q0140_mRNA	30	476.9	147.67	101.0	71.7	75.97	0.9667	0.2764	-4.27
Q0160_mRNA	29	267.9	37.72	9.0	2.72	35.0	1.0	0.1207	-32.28
Q0250_mRNA	46	484.2	91.33	78.5	30.07	61.26	1.0	0.2013	-31.2
Q0255_mRNA	24	511.5	108.25	74.5	43.58	64.67	0.9583	0.2129	-21.08
Q0275_mRNA	27	757.2	366.41	370.0	40.85	325.56	1.0	0.4027	-284.7
YAL001C_mRNA	76	782.1	107.05	101.5	6.57	100.49	1.0	0.1911	-93.92
YAL002W_mRNA	50	928.6	106.08	104.0	11.36	94.72	1.0	0.1645	-83.36
YAL003W_mRNA	6953	566.3	53.17	70.0	4.65	48.52	0.9872	0.1091	-43.87
YAL004W_mRNA	2545	691.8	43.06	12.0	2.87	40.19	0.9682	0.0882	-37.32
YAL005C_mRNA	1260	1273.9	65.2	45.0	2.05	63.15	0.9929	0.0625	-61.1
YAL007C_mRNA	468	560.2	48.44	58.5	2.62	45.83	0.9893	0.0999	-43.21
YAL008W_mRNA	142	575.3	60.64	72.5	3.21	57.43	1.0	0.1221	-54.22
YAL009W_mRNA	64	542.4	35.0	8.5	2.7	32.3	0.9688	0.0825	-29.59
YAL010C_mRNA	85	633.6	52.84	17.0	7.12	45.72	1.0	0.0981	-38.6
YAL011W_mRNA	27	645.3	57.56	18.0	1.78	55.78	1.0	0.0983	-54.0
YAL012W_mRNA	779	800.6	53.19	68.0	4.11	49.08	0.991	0.084	-44.97
YAL013W_mRNA	65	614.7	58.77	57.0	5.2	53.57	1.0	0.1081	-48.37
YAL014C_mRNA	86	590.8	47.35	22.5	4.21	43.14	0.9767	0.0942	-38.93
YAL015C_mRNA	82	628.9	46.9	24.5	2.09	44.82	1.0	0.1037	-42.73
YAL016C-B_mRNA	37	288.9	123.03	116.0	88.59	34.43	1.0	0.3728	54.16
YAL016W_mRNA	511	844.7	51.56	65.0	2.26	49.3	1.0	0.0862	-47.04
YAL017W_mRNA	93	846.7	233.11	215.0	9.1	224.01	1.0	0.3407	-214.91
YAL018C_mRNA	9	510.8	160.11	174.0	14.44	145.67	1.0	0.368	-131.22
YAL019W_mRNA	191	716.4	103.15	88.0	2.44	100.71	0.9843	0.1947	-98.27
YAL020C_mRNA	67	610.0	46.58	26.0	1.75	44.84	0.9851	0.1001	-43.09
YAL021C_mRNA	73	879.6	50.01	70.0	3.23	46.78	0.9863	0.0781	-43.55
YAL022C_mRNA	80	748.7	54.19	71.0	2.11	52.08	1.0	0.1004	-49.96
YAL023C_mRNA	534	834.9	51.77	65.5	3.78	47.99	0.9944	0.0911	-44.2
YAL024C_mRNA	30	808.0	163.07	168.0	6.03	157.03	1.0	0.2746	-151.0
YAL025C_mRNA	93	417.5	49.37	27.0	1.27	48.1	0.9892	0.1134	-46.83
YAL026C-A_mRNA	47	364.1	72.34	72.0	41.17	31.17	1.0	0.1754	10.0
YAL026C_mRNA	56	947.4	163.79	158.5	3.77	160.02	0.9821	0.2118	-156.25
YAL027W_mRNA	104	694.3	58.27	75.5	2.0	56.27	1.0	0.0931	-54.27
YAL028W_mRNA	64	488.1	49.33	19.5	1.11	48.22	1.0	0.113	-47.11
YAL029C_mRNA	172	1039.6	132.03	138.5	4.06	127.97	1.0	0.1678	-123.91
YAL030W_mRNA	93	372.3	67.26	70.0	26.11	41.15	1.0	0.1767	-15.04
YAL031C_mRNA	52	758.1	51.56	51.5	6.71	44.85	1.0	0.1007	-38.13
YAL032C_mRNA	26	519.3	27.88	10.0	1.69	26.19	0.8846	0.0854	-24.5
YAL033W_mRNA	286	560.8	41.79	16.5	2.94	38.85	0.9895	0.0753	-35.91
YAL034C-B_mRNA	6	366.8	111.5	96.5	37.33	74.17	1.0	0.329	-36.83
YAL034C_mRNA	55	651.1	46.13	22.0	3.75	42.38	0.9818	0.1053	-38.64
YAL034W-A_mRNA	26	481.7	35.65	10.5	1.27	34.38	1.0	0.087	-33.12
YAL035W_mRNA	576	787.8	57.38	71.0	3.85	53.53	0.9948	0.1054	-49.69
YAL036C_mRNA	116	706.1	41.16	9.0	1.68	39.48	0.8966	0.0758	-37.8
YAL037C-B_mRNA	234	905.4	149.2	171.0	3.59	145.61	0.9402	0.1556	-142.02
YAL037W_mRNA	193	646.8	52.66	33.0	10.89	41.77	0.9741	0.0991	-30.88
YAL038W_mRNA	14948	766.7	51.87	61.5	2.92	48.95	0.9944	0.0952	-46.03
YAL039C_mRNA	137	661.4	45.2	15.0	5.04	40.16	0.9854	0.0839	-35.12
YAL040C_mRNA	125	827.1	86.64	86.0	3.0	83.64	0.992	0.158	-80.64
YAL041W_mRNA	113	619.2	50.86	21.0	5.53	45.33	0.9912	0.1078	-39.8
YAL042W_mRNA	312	728.1	38.9	12.0	2.43	36.47	0.9808	0.0668	-34.04
YAL043C_mRNA	63	727.3	44.78	20.0	1.63	43.14	0.9841	0.08	-41.51
YAL044C_mRNA	219	469.1	41.03	16.0	3.09	37.95	0.9954	0.0935	-34.86
YAL044W-A_mRNA	70	405.7	45.87	30.0	2.56	43.31	1.0	0.1121	-40.76
YAL046C_mRNA	85	447.1	44.01	16.0	2.47	41.54	1.0	0.0977	-39.07
YAL047C_mRNA	49	786.8	50.65	18.0	2.31	48.35	1.0	0.0836	-46.04
YAL047W-A_mRNA	6	481.8	49.0	48.5	4.83	44.17	1.0	0.1203	-39.33
YAL049C_mRNA	266	700.8	60.73	70.0	12.93	47.8	0.9887	0.1036	-34.87
YAL051W_mRNA	39	678.7	159.67	163.0	2.05	157.62	1.0	0.2877	-155.56
YAL053W_mRNA	256	1061.0	67.61	82.0	4.8	62.81	0.9961	0.1071	-58.01
YAL054C_mRNA	70	522.8	193.34	193.5	2.71	190.63	1.0	0.4055	-187.91
YAL055W_mRNA	29	416.4	37.03	13.0	2.31	34.72	0.9655	0.0838	-32.41
YAL056C-A_mRNA	6	263.8	53.33	73.0	1.0	52.33	1.0	0.2139	-51.33
YAL056W_mRNA	154	648.3	42.25	14.0	1.75	40.5	0.9805	0.0844	-38.75
YAL058W_mRNA	50	759.5	58.78	66.0	2.66	56.12	1.0	0.1038	-53.46
YAL059W_mRNA	199	567.3	47.76	29.0	1.8	45.96	0.995	0.0928	-44.17
YAL060W_mRNA	183	747.0	47.52	19.0	8.14	39.38	0.9891	0.0847	-31.23
YAL061W_mRNA	54	801.0	177.39	85.5	3.7	173.69	1.0	0.2197	-169.98
YAL062W_mRNA	39	539.8	118.69	86.0	27.13	91.56	0.9744	0.2505	-64.44
YAL063C-A_mRNA	62	727.1	79.02	81.0	3.77	75.24	1.0	0.1211	-71.47
YAL063C_mRNA	81	565.1	167.32	147.0	22.81	144.51	0.9877	0.3063	-121.69
YAL064C-A_mRNA	5	1304.6	944.6	934.0	185.8	758.8	1.0	0.7092	-573.0
YAL066W_mRNA	14	450.6	326.21	336.5	294.14	32.07	1.0	0.6973	262.07
YAL067C_mRNA	10	830.1	255.3	256.5	1.2	254.1	1.0	0.3771	-252.9
YAR002C-A_mRNA	372	600.1	44.22	19.5	2.91	41.31	0.9839	0.0834	-38.41
YAR002W_mRNA	125	516.9	47.12	25.0	1.85	45.27	0.976	0.1172	-43.42
YAR003W_mRNA	140	649.8	51.95	72.0	2.83	49.12	0.9857	0.0991	-46.29
YAR007C_mRNA	105	1117.7	58.3	71.0	2.79	55.51	1.0	0.0758	-52.72
YAR008W_mRNA	118	695.9	71.01	65.0	28.51	42.5	1.0	0.1442	-13.99
YAR009C_mRNA	2122	900.9	327.49	336.5	2.46	325.03	0.9967	0.3931	-322.57
YAR010C_mRNA	16	463.8	143.31	143.5	15.31	128.0	0.9375	0.2911	-112.69
YAR014C_mRNA	164	566.2	61.09	71.0	8.48	52.62	0.9939	0.1296	-44.14
YAR015W_mRNA	121	764.1	50.19	68.0	2.27	47.92	0.9835	0.0833	-45.64
YAR018C_mRNA	49	452.1	48.8	66.0	1.41	47.39	1.0	0.1244	-45.98
YAR019C_mRNA	56	682.3	123.55	122.5	9.54	114.02	1.0	0.2582	-104.48
YAR023C_mRNA	46	554.5	66.78	31.0	8.61	58.17	1.0	0.115	-49.57
YAR027W_mRNA	463	633.8	49.34	28.0	3.05	46.29	0.9892	0.091	-43.24
YAR028W_mRNA	129	669.1	44.08	17.0	2.53	41.55	1.0	0.078	-39.02
YAR029W_mRNA	94	638.7	52.63	55.5	4.96	47.67	0.9787	0.1032	-42.71
YAR030C_mRNA	9	240.1	60.67	69.0	30.67	30.0	1.0	0.2241	0.67
YAR031W_mRNA	10	965.2	300.6	238.0	102.8	197.8	1.0	0.2988	-95.0
YAR033W_mRNA	84	542.7	67.4	58.0	3.06	64.35	0.9881	0.1181	-61.29
YAR035W_mRNA	26	556.3	79.08	82.5	6.04	73.04	1.0	0.1758	-67.0
YAR042W_mRNA	77	766.4	115.73	81.0	2.3	113.43	0.987	0.1793	-111.13
YAR050W_mRNA	34	771.6	219.94	103.0	99.38	120.56	1.0	0.213	-21.18
YAR053W_mRNA	110	464.2	68.89	75.0	8.07	60.82	0.9818	0.1543	-52.75
YAR068W_mRNA	9	428.6	227.56	230.0	26.0	201.56	1.0	0.57	-175.56
YAR070C_mRNA	5	604.6	332.4	345.0	157.6	174.8	1.0	0.4773	-17.2
YAR071W_mRNA	632	624.9	109.5	112.5	6.47	103.02	1.0	0.2461	-96.55
YBL001C_mRNA	925	383.5	40.24	13.0	3.6	36.64	0.9816	0.1043	-33.04
YBL002W_mRNA	1082	543.1	68.76	72.0	2.99	65.76	0.9991	0.1302	-62.77
YBL003C_mRNA	3517	552.6	44.94	15.0	2.52	42.42	0.9949	0.0825	-39.9
YBL004W_mRNA	242	1018.2	98.4	79.5	6.54	91.86	0.9876	0.1279	-85.33
YBL005W-A_mRNA	16	486.6	97.19	118.0	23.19	74.0	1.0	0.2132	-50.81
YBL005W-B_mRNA	1633	1353.6	307.05	329.0	3.21	303.84	0.9884	0.2649	-300.62
YBL005W_mRNA	171	719.6	276.65	103.0	208.16	68.49	0.9883	0.3282	139.68
YBL006C_mRNA	171	590.1	47.35	19.0	5.88	41.47	1.0	0.0849	-35.6
YBL006W-A_mRNA	10	508.4	79.7	68.5	21.3	58.4	1.0	0.2116	-37.1
YBL007C_mRNA	274	767.5	51.22	67.0	4.41	46.81	0.9781	0.0965	-42.4
YBL008W_mRNA	56	584.0	61.21	70.5	1.54	59.68	1.0	0.1235	-58.14
YBL009W_mRNA	87	686.4	53.28	33.0	5.89	47.39	1.0	0.114	-41.51
YBL010C_mRNA	61	405.0	44.31	28.0	2.44	41.87	0.9508	0.1439	-39.43
YBL011W_mRNA	124	580.9	39.64	14.0	2.69	36.94	0.9758	0.0924	-34.25
YBL014C_mRNA	60	744.8	46.55	12.5	5.87	40.68	0.9833	0.0947	-34.82
YBL015W_mRNA	110	737.5	56.85	63.5	9.43	47.42	1.0	0.095	-37.99
YBL016W_mRNA	85	767.7	171.91	156.0	11.91	160.0	1.0	0.2802	-148.09
YBL017C_mRNA	194	801.6	106.99	82.5	7.37	99.63	1.0	0.2344	-92.26
YBL018C_mRNA	179	472.6	43.87	16.0	4.98	38.89	0.9888	0.092	-33.91
YBL019W_mRNA	86	619.1	91.86	90.5	5.97	85.9	0.9884	0.215	-79.93
YBL020W_mRNA	102	820.1	67.07	81.0	5.7	61.37	1.0	0.1234	-55.68
YBL021C_mRNA	53	524.0	40.55	14.0	2.25	38.3	1.0	0.0825	-36.06
YBL022C_mRNA	216	684.2	45.54	20.0	1.42	44.12	0.9907	0.0918	-42.71
YBL023C_mRNA	99	650.7	56.17	69.0	2.68	53.49	0.9899	0.1043	-50.82
YBL024W_mRNA	239	835.8	52.44	68.0	2.89	49.54	0.9958	0.0899	-46.65
YBL025W_mRNA	55	550.0	51.84	67.0	3.25	48.58	1.0	0.1063	-45.33
YBL026W_mRNA	972	456.8	58.39	34.5	19.48	38.91	0.9979	0.118	-19.43
YBL027W_mRNA	5381	501.5	38.14	10.0	2.99	35.16	0.9768	0.0794	-32.17
YBL028C_mRNA	898	505.5	47.93	23.5	4.08	43.85	0.99	0.0966	-39.77
YBL029C-A_mRNA	301	442.6	55.72	72.0	2.93	52.79	0.9867	0.1216	-49.85
YBL029W_mRNA	64	532.3	101.33	97.0	9.59	91.73	1.0	0.2223	-82.14
YBL030C_mRNA	1147	684.4	49.81	67.0	2.76	47.05	0.9651	0.091	-44.29
YBL031W_mRNA	41	426.9	46.93	27.0	2.46	44.46	0.9756	0.1568	-42.0
YBL032W_mRNA	186	650.7	51.1	22.5	3.09	48.02	0.9839	0.0975	-44.93
YBL033C_mRNA	194	674.4	50.13	68.5	1.28	48.85	0.9845	0.0938	-47.57
YBL034C_mRNA	55	919.4	188.78	177.0	3.87	184.91	1.0	0.2996	-181.04
YBL035C_mRNA	40	821.8	32.95	8.0	1.65	31.3	0.975	0.05	-29.65
YBL036C_mRNA	439	682.4	54.84	36.0	2.62	52.22	0.9977	0.0937	-49.6
YBL037W_mRNA	54	990.9	130.59	129.5	7.41	123.19	1.0	0.1712	-115.78
YBL038W_mRNA	93	544.0	53.6	66.0	5.46	48.14	1.0	0.113	-42.68
YBL039C-A_mRNA	214	688.6	50.53	26.0	4.98	45.55	0.9907	0.0918	-40.57
YBL039C_mRNA	429	861.4	52.02	25.0	5.51	46.51	0.9837	0.0862	-41.0
YBL039W-B_mRNA	143	485.0	49.49	65.0	1.83	47.66	1.0	0.1058	-45.84
YBL040C_mRNA	623	639.5	62.0	73.0	3.86	58.14	0.9823	0.1082	-54.29
YBL041W_mRNA	612	507.8	63.59	71.0	2.69	60.9	0.9951	0.1433	-58.21
YBL042C_mRNA	196	715.5	67.73	50.5	7.3	60.43	0.9898	0.1438	-53.14
YBL043W_mRNA	27	622.7	80.0	84.0	19.11	60.89	0.963	0.1794	-41.78
YBL045C_mRNA	375	823.7	92.43	94.0	2.31	90.12	0.9867	0.1506	-87.8
YBL046W_mRNA	76	365.4	75.08	79.0	32.55	42.53	1.0	0.2599	-9.97
YBL047C_mRNA	337	649.8	44.36	17.0	3.02	41.34	0.9822	0.0877	-38.32
YBL048W_mRNA	14	374.4	179.79	155.0	121.71	58.07	1.0	0.4127	63.64
YBL049W_mRNA	20	750.4	413.6	393.5	104.35	309.25	1.0	0.5384	-204.9
YBL050W_mRNA	346	680.2	61.88	25.5	14.97	46.91	1.0	0.1121	-31.95
YBL051C_mRNA	111	682.1	54.67	67.0	9.5	45.17	1.0	0.1065	-35.68
YBL052C_mRNA	8	437.4	16.75	10.0	0.75	16.0	1.0	0.046	-15.25
YBL053W_mRNA	6	323.3	81.83	46.5	2.0	79.83	1.0	0.2303	-77.83
YBL054W_mRNA	96	677.2	44.48	27.5	2.54	41.94	0.9896	0.088	-39.4
YBL055C_mRNA	244	687.4	64.7	38.0	3.91	60.79	0.9959	0.1227	-56.88
YBL056W_mRNA	518	795.2	54.43	61.5	4.44	50.0	0.9865	0.0935	-45.56
YBL057C_mRNA	195	485.6	50.23	66.0	3.56	46.67	0.9949	0.1164	-43.11
YBL058W_mRNA	172	764.8	48.74	20.0	2.35	46.38	0.9942	0.083	-44.03
YBL059C-A_mRNA	162	419.5	43.81	22.0	2.93	40.88	0.9815	0.1055	-37.94
YBL059W_mRNA	40	461.5	100.05	71.5	2.78	97.28	1.0	0.2353	-94.5
YBL060W_mRNA	51	653.1	51.1	24.0	4.76	46.33	1.0	0.1027	-41.57
YBL061C_mRNA	281	672.3	43.28	13.0	2.37	40.91	0.9858	0.0847	-38.54
YBL063W_mRNA	42	812.6	125.29	121.5	11.45	113.83	0.9762	0.2209	-102.38
YBL064C_mRNA	187	628.2	53.07	29.0	1.94	51.13	1.0	0.0978	-49.19
YBL065W_mRNA	5	283.2	79.2	98.0	21.6	57.6	1.0	0.2907	-36.0
YBL066C_mRNA	42	979.4	264.83	304.5	1.83	263.0	1.0	0.3438	-261.17
YBL067C_mRNA	95	873.3	154.82	131.0	6.89	147.93	1.0	0.2045	-141.03
YBL068W-A_mRNA	31	539.9	56.1	60.0	0.84	55.26	1.0	0.1233	-54.42
YBL068W_mRNA	337	613.2	47.81	47.0	4.62	43.19	0.9881	0.0977	-38.57
YBL069W_mRNA	50	881.4	52.62	69.0	1.1	51.52	1.0	0.0777	-50.42
YBL071C_mRNA	21	393.5	36.67	7.0	0.52	36.14	0.9524	0.1069	-35.62
YBL071W-A_mRNA	30	430.3	48.9	66.0	6.3	42.6	0.9667	0.1095	-36.3
YBL072C_mRNA	11327	617.9	48.1	23.0	7.84	40.26	0.998	0.0824	-32.43
YBL074C_mRNA	5	935.6	254.6	333.0	135.2	119.4	1.0	0.2408	15.8
YBL075C_mRNA	39	609.3	39.08	12.0	1.59	37.49	1.0	0.0883	-35.9
YBL076C_mRNA	1404	960.9	48.73	19.0	3.18	45.56	0.9922	0.0667	-42.38
YBL077W_mRNA	479	286.8	40.56	14.0	1.78	38.78	0.9937	0.1375	-37.0
YBL078C_mRNA	283	600.5	45.25	23.0	2.54	42.71	0.9823	0.0804	-40.17
YBL079W_mRNA	317	852.1	126.31	131.0	3.32	122.99	1.0	0.2243	-119.67
YBL080C_mRNA	36	694.8	39.89	14.0	2.64	37.25	0.9722	0.0617	-34.61
YBL081W_mRNA	65	670.1	57.09	72.0	7.8	49.29	1.0	0.1132	-41.49
YBL082C_mRNA	26	1200.6	84.23	72.0	1.35	82.88	1.0	0.0764	-81.54
YBL083C_mRNA	45	685.9	82.71	105.0	2.31	80.4	1.0	0.1377	-78.09
YBL084C_mRNA	48	839.5	195.96	194.0	13.08	182.88	1.0	0.3329	-169.79
YBL085W_mRNA	110	694.8	52.59	71.5	2.43	50.16	1.0	0.0948	-47.74
YBL086C_mRNA	40	554.1	42.1	15.0	1.32	40.78	0.975	0.1009	-39.45
YBL087C_mRNA	4055	473.7	43.04	14.0	2.5	40.54	0.9845	0.0919	-38.04
YBL088C_mRNA	70	894.5	90.01	80.0	3.43	86.59	0.9857	0.1353	-83.16
YBL089W_mRNA	115	593.2	57.02	73.0	3.6	53.42	0.9913	0.1212	-49.82
YBL090W_mRNA	182	555.0	47.61	18.5	4.75	42.86	1.0	0.0921	-38.1
YBL091C-A_mRNA	224	285.8	51.23	29.5	8.02	43.21	1.0	0.1846	-35.18
YBL091C_mRNA	124	837.4	58.58	63.0	9.54	49.04	0.9677	0.0904	-39.5
YBL092W_mRNA	8713	474.2	44.02	16.0	3.15	40.87	0.9881	0.0925	-37.71
YBL093C_mRNA	237	575.9	44.84	18.0	4.23	40.61	1.0	0.0825	-36.38
YBL095W_mRNA	93	568.9	53.39	65.0	4.52	48.87	1.0	0.1151	-44.35
YBL096C_mRNA	7	480.0	76.14	87.0	21.43	54.71	1.0	0.2005	-33.29
YBL098W_mRNA	95	869.1	157.88	150.0	8.82	149.06	1.0	0.2342	-140.24
YBL099W_mRNA	923	730.4	48.08	47.0	2.72	45.37	0.9772	0.0938	-42.65
YBL100W-A_mRNA	7	325.3	79.57	84.0	2.43	77.14	1.0	0.2412	-74.71
YBL100W-B_mRNA	282	808.2	318.91	327.0	3.34	315.58	1.0	0.422	-312.24
YBL101C_mRNA	97	767.2	46.02	33.0	2.0	44.02	1.0	0.0875	-42.02
YBL102W_mRNA	264	576.3	48.36	30.0	3.55	44.81	0.9962	0.0954	-41.25
YBL103C_mRNA	167	675.0	49.86	58.0	4.66	45.19	1.0	0.0926	-40.53
YBL104C_mRNA	82	594.5	53.04	16.0	7.28	45.76	0.9878	0.11	-38.48
YBL105C_mRNA	88	808.2	59.36	15.0	2.05	57.32	0.9773	0.101	-55.27
YBL106C_mRNA	30	721.2	150.63	130.0	1.9	148.73	1.0	0.2568	-146.83
YBL107C_mRNA	170	486.7	43.06	15.0	3.12	39.94	0.9824	0.0951	-36.81
YBL111C_mRNA	9	511.8	76.89	6.0	38.44	38.44	1.0	0.115	0.0
YBL113C_mRNA	25	591.1	94.64	85.0	1.96	92.68	0.96	0.2086	-90.72
YBR001C_mRNA	111	595.3	107.85	79.0	63.23	44.61	0.991	0.228	18.62
YBR002C_mRNA	99	576.5	32.73	9.0	2.18	30.55	0.9798	0.0745	-28.36
YBR003W_mRNA	165	600.7	49.3	14.0	5.44	43.87	1.0	0.1026	-38.43
YBR004C_mRNA	225	693.0	51.35	68.0	2.44	48.91	0.9956	0.1004	-46.48
YBR005W_mRNA	140	615.1	44.7	13.5	2.61	42.09	1.0	0.0775	-39.49
YBR006W_mRNA	141	806.0	61.62	73.0	9.75	51.87	1.0	0.0922	-42.12
YBR007C_mRNA	105	622.1	56.44	57.0	7.06	49.38	1.0	0.1135	-42.32
YBR008C_mRNA	106	669.3	128.9	84.0	6.04	122.86	1.0	0.2699	-116.82
YBR009C_mRNA	4536	476.4	52.7	29.0	1.95	50.75	0.9982	0.1114	-48.8
YBR010W_mRNA	3651	510.5	40.37	13.0	1.88	38.49	0.9912	0.081	-36.6
YBR011C_mRNA	1609	716.8	47.75	27.0	3.08	44.67	0.995	0.0834	-41.59
YBR012W-A_mRNA	7	597.1	169.0	171.0	0.0	169.0	1.0	0.2892	-169.0
YBR012W-B_mRNA	625	777.0	286.92	322.0	3.04	283.88	0.992	0.3721	-280.84
YBR014C_mRNA	265	626.4	50.42	21.0	2.33	48.09	0.9962	0.0862	-45.77
YBR015C_mRNA	392	769.6	54.94	65.0	2.75	52.19	0.9898	0.094	-49.44
YBR016W_mRNA	275	550.9	53.29	29.0	3.5	49.79	1.0	0.0993	-46.29
YBR017C_mRNA	203	739.8	51.27	67.0	1.76	49.5	0.9852	0.1049	-47.74
YBR019C_mRNA	23	478.5	166.13	144.0	1.3	164.83	1.0	0.3627	-163.52
YBR020W_mRNA	12	598.1	190.5	175.0	64.67	125.83	1.0	0.3969	-61.17
YBR021W_mRNA	49	731.9	57.78	75.0	1.65	56.12	0.9592	0.1108	-54.47
YBR022W_mRNA	173	599.9	62.6	42.0	1.72	60.87	1.0	0.1096	-59.15
YBR023C_mRNA	258	789.3	49.97	27.5	3.14	46.83	0.9884	0.0889	-43.69
YBR024W_mRNA	35	1062.3	108.54	116.0	1.83	106.71	1.0	0.0981	-104.89
YBR025C_mRNA	1368	795.2	47.23	22.0	3.69	43.54	0.992	0.081	-39.85
YBR026C_mRNA	190	723.4	52.36	13.5	8.14	44.23	0.9947	0.0922	-36.09
YBR028C_mRNA	74	703.0	51.92	21.5	3.46	48.46	0.9865	0.1038	-45.0
YBR029C_mRNA	290	694.7	51.12	68.0	2.39	48.73	0.969	0.101	-46.34
YBR030W_mRNA	47	641.9	57.06	56.0	3.94	53.13	0.9787	0.1128	-49.19
YBR031W_mRNA	4440	748.1	47.01	19.0	2.51	44.49	0.9741	0.0814	-41.98
YBR033W_mRNA	22	757.3	157.41	109.0	8.32	149.09	1.0	0.2095	-140.77
YBR034C_mRNA	465	679.7	50.23	54.0	3.55	46.68	1.0	0.1032	-43.13
YBR035C_mRNA	405	619.8	44.68	15.0	6.81	37.87	0.9951	0.0792	-31.05
YBR036C_mRNA	493	705.8	158.48	76.0	111.65	46.83	0.9655	0.2343	64.82
YBR037C_mRNA	37	740.5	35.38	13.0	5.14	30.24	1.0	0.0634	-25.11
YBR038W_mRNA	111	513.5	47.68	26.0	1.33	46.34	0.982	0.1044	-45.01
YBR039W_mRNA	492	720.0	50.19	68.5	2.56	47.63	0.9878	0.0887	-45.07
YBR041W_mRNA	215	767.2	62.13	63.0	2.38	59.74	0.9907	0.1064	-57.36
YBR042C_mRNA	226	730.1	52.4	34.5	5.05	47.35	0.9956	0.0896	-42.3
YBR043C_mRNA	131	577.2	48.4	35.0	4.12	44.28	1.0	0.112	-40.16
YBR044C_mRNA	75	577.5	51.6	67.0	5.63	45.97	0.9867	0.1197	-40.35
YBR045C_mRNA	39	783.1	222.1	169.0	8.28	213.82	1.0	0.3055	-205.54
YBR046C_mRNA	96	689.0	57.57	76.0	2.97	54.6	1.0	0.1155	-51.64
YBR047W_mRNA	119	547.2	39.88	14.0	3.39	36.49	1.0	0.0755	-33.09
YBR048W_mRNA	4010	575.4	47.09	26.0	4.42	42.67	0.9933	0.0905	-38.25
YBR049C_mRNA	77	647.3	70.81	41.0	2.17	68.64	1.0	0.1259	-66.47
YBR050C_mRNA	20	628.4	79.95	86.0	2.4	77.55	1.0	0.1363	-75.15
YBR052C_mRNA	260	587.0	46.81	15.0	5.66	41.15	0.9923	0.0852	-35.48
YBR053C_mRNA	91	750.2	60.48	74.0	2.54	57.95	1.0	0.0968	-55.41
YBR054W_mRNA	572	728.5	61.45	73.5	6.81	54.64	0.9878	0.1227	-47.82
YBR055C_mRNA	68	942.7	48.46	11.5	6.01	42.44	0.9412	0.0824	-36.43
YBR056W-A_mRNA	1170	579.2	79.0	90.0	3.86	75.14	0.9949	0.1438	-71.28
YBR056W_mRNA	190	913.8	61.55	43.5	9.85	51.71	1.0	0.0933	-41.86
YBR057C_mRNA	121	601.3	64.79	67.0	1.15	63.64	0.9669	0.1196	-62.49
YBR058C-A_mRNA	676	435.3	42.47	11.0	3.25	39.23	0.966	0.0928	-35.98
YBR058C_mRNA	71	865.6	155.79	152.0	3.15	152.63	1.0	0.2713	-149.48
YBR059C_mRNA	87	768.8	54.97	44.0	7.33	47.63	0.9885	0.116	-40.3
YBR060C_mRNA	137	629.1	52.72	58.0	2.31	50.41	1.0	0.1117	-48.1
YBR061C_mRNA	250	699.1	132.84	58.0	91.32	41.51	0.996	0.1465	49.81
YBR062C_mRNA	265	564.9	76.8	61.0	13.86	62.94	0.9887	0.1439	-49.08
YBR063C_mRNA	91	618.2	76.64	72.0	12.58	64.05	1.0	0.1504	-51.47
YBR065C_mRNA	9	731.7	58.78	78.0	1.89	56.89	1.0	0.1309	-55.0
YBR066C_mRNA	172	476.4	52.26	37.0	8.77	43.49	0.9942	0.1151	-34.72
YBR067C_mRNA	1348	639.0	60.29	74.0	3.66	56.63	0.9963	0.1086	-52.97
YBR068C_mRNA	698	819.6	50.98	38.0	5.19	45.8	0.9943	0.089	-40.61
YBR069C_mRNA	340	698.4	55.62	62.5	4.3	51.32	0.9941	0.1198	-47.02
YBR070C_mRNA	69	555.2	52.16	20.0	3.94	48.22	1.0	0.0946	-44.28
YBR071W_mRNA	154	689.3	51.59	53.5	3.36	48.23	0.9935	0.0925	-44.88
YBR072W_mRNA	180	654.4	45.99	16.0	6.64	39.35	1.0	0.0926	-32.71
YBR073W_mRNA	199	838.4	116.06	123.0	4.99	111.07	0.9899	0.2111	-106.07
YBR074W_mRNA	203	589.5	42.93	18.0	1.3	41.63	0.9803	0.0982	-40.33
YBR076C-A_mRNA	125	411.7	61.1	72.0	7.73	53.37	0.992	0.1484	-45.64
YBR077C_mRNA	133	577.4	72.23	78.0	3.39	68.84	1.0	0.1338	-65.45
YBR078W_mRNA	2441	763.2	53.8	69.0	4.8	48.99	0.9861	0.0965	-44.19
YBR079C_mRNA	368	706.9	45.01	13.0	1.36	43.65	0.9973	0.082	-42.3
YBR080C_mRNA	282	693.8	52.78	59.0	1.78	51.0	1.0	0.1132	-49.22
YBR081C_mRNA	67	975.6	126.09	127.0	2.16	123.93	1.0	0.2041	-121.76
YBR082C_mRNA	1577	512.0	48.64	31.0	9.25	39.39	0.9975	0.0967	-30.15
YBR083W_mRNA	89	722.1	101.51	73.0	46.97	54.54	1.0	0.1877	-7.57
YBR084C-A_mRNA	4334	526.5	39.87	13.0	3.32	36.56	0.994	0.0795	-33.24
YBR084W_mRNA	598	809.0	45.47	22.5	3.4	42.07	0.9732	0.0895	-38.68
YBR085C-A_mRNA	2481	564.3	46.82	23.0	3.42	43.4	0.9948	0.0861	-39.98
YBR085W_mRNA	59	692.4	80.41	85.0	17.88	62.53	1.0	0.1408	-44.64
YBR086C_mRNA	416	762.2	56.42	73.0	5.12	51.31	0.9976	0.1194	-46.19
YBR087W_mRNA	298	727.5	66.36	75.0	3.85	62.51	1.0	0.1165	-58.66
YBR088C_mRNA	251	617.1	43.92	20.0	4.09	39.83	0.9522	0.0851	-35.74
YBR089C-A_mRNA	446	496.4	73.17	48.0	36.65	36.52	1.0	0.136	0.14
YBR091C_mRNA	174	426.7	45.89	25.5	2.27	43.61	1.0	0.1066	-41.34
YBR092C_mRNA	762	540.0	54.17	66.0	4.92	49.25	0.9921	0.123	-44.33
YBR093C_mRNA	291	1104.2	60.04	69.0	1.42	58.62	0.9966	0.0739	-57.2
YBR094W_mRNA	107	625.9	50.47	64.0	3.35	47.12	1.0	0.1018	-43.78
YBR095C_mRNA	58	704.6	49.05	41.0	1.78	47.28	0.9828	0.0981	-45.5
YBR096W_mRNA	263	627.1	55.53	65.0	4.86	50.68	0.9962	0.0959	-45.82
YBR097W_mRNA	80	882.9	105.3	88.0	4.58	100.72	1.0	0.1587	-96.15
YBR098W_mRNA	34	667.4	62.65	72.0	2.71	59.94	1.0	0.131	-57.24
YBR101C_mRNA	2591	652.0	52.05	52.0	4.04	48.0	0.995	0.0954	-43.96
YBR102C_mRNA	107	664.2	58.48	18.0	3.69	54.79	1.0	0.1038	-51.09
YBR103W_mRNA	76	850.3	61.05	71.5	2.42	58.63	1.0	0.1055	-56.21
YBR104W_mRNA	504	689.9	42.65	13.0	2.77	39.87	0.994	0.0718	-37.1
YBR105C_mRNA	71	773.4	57.83	66.0	5.07	52.76	0.9859	0.0888	-47.69
YBR106W_mRNA	2098	568.4	51.91	33.0	11.96	39.95	0.999	0.0907	-27.99
YBR107C_mRNA	55	573.0	80.65	82.0	2.36	78.29	1.0	0.185	-75.93
YBR108W_mRNA	76	561.9	52.3	65.5	2.21	50.09	1.0	0.1355	-47.88
YBR109C_mRNA	1102	562.3	45.87	30.5	2.66	43.21	0.9946	0.0886	-40.55
YBR110W_mRNA	145	741.6	61.57	67.0	9.1	52.47	0.9862	0.1064	-43.37
YBR111C_mRNA	661	593.8	51.43	21.0	2.14	49.29	0.9864	0.0909	-47.15
YBR111W-A_mRNA	470	450.1	54.42	61.0	10.14	44.28	0.9979	0.1199	-34.14
YBR112C_mRNA	223	652.2	47.88	24.0	4.13	43.75	0.9955	0.1008	-39.62
YBR114W_mRNA	118	565.7	52.59	22.0	10.86	41.74	0.9915	0.1402	-30.88
YBR115C_mRNA	426	777.0	45.28	16.0	2.96	42.32	0.993	0.0849	-39.35
YBR116C_mRNA	10	450.9	81.2	89.5	7.3	73.9	1.0	0.1851	-66.6
YBR117C_mRNA	14	896.6	191.36	145.0	4.57	186.79	1.0	0.2191	-182.21
YBR118W_mRNA	16668	817.4	53.64	25.0	2.83	50.81	0.9956	0.0851	-47.98
YBR119W_mRNA	86	552.8	66.78	27.5	15.86	50.92	0.9535	0.1315	-35.06
YBR120C_mRNA	136	525.3	45.44	22.5	1.94	43.5	1.0	0.0898	-41.56
YBR121C-A_mRNA	830	774.7	58.66	57.0	4.76	53.9	0.994	0.1005	-49.15
YBR121C_mRNA	921	856.0	52.37	36.0	2.85	49.52	0.9891	0.0881	-46.67
YBR122C_mRNA	279	576.3	38.89	15.0	1.72	37.17	0.9964	0.0751	-35.44
YBR123C_mRNA	27	877.7	43.33	14.0	2.22	41.11	1.0	0.066	-38.89
YBR125C_mRNA	90	607.5	97.28	86.5	1.71	95.57	0.9889	0.2045	-93.86
YBR126C_mRNA	353	854.9	56.66	71.0	4.04	52.62	1.0	0.0909	-48.59
YBR126W-A_mRNA	23	347.8	161.7	180.0	12.96	148.74	1.0	0.4328	-135.78
YBR126W-B_mRNA	550	345.6	96.21	85.0	56.88	39.33	0.9982	0.2626	17.55
YBR127C_mRNA	407	755.3	44.62	22.0	2.71	41.91	0.9975	0.0871	-39.19
YBR128C_mRNA	30	417.2	71.27	72.5	2.37	68.9	1.0	0.1812	-66.53
YBR129C_mRNA	114	653.2	51.45	62.5	1.79	49.66	1.0	0.0904	-47.87
YBR130C_mRNA	97	675.0	46.12	19.0	1.52	44.61	0.9794	0.0954	-43.09
YBR131W_mRNA	50	789.1	43.7	14.0	2.38	41.32	1.0	0.0833	-38.94
YBR132C_mRNA	50	610.8	57.66	73.0	2.78	54.88	0.98	0.1415	-52.1
YBR133C_mRNA	61	760.0	44.62	23.0	1.41	43.21	1.0	0.0761	-41.8
YBR135W_mRNA	154	531.6	54.7	69.5	6.06	48.64	0.974	0.1121	-42.57
YBR136W_mRNA	58	759.2	185.84	201.0	2.69	183.16	1.0	0.3479	-180.47
YBR137W_mRNA	278	583.8	49.53	23.5	5.96	43.57	0.9928	0.0928	-37.62
YBR138C_mRNA	42	671.7	202.88	209.0	10.5	192.38	1.0	0.366	-181.88
YBR139W_mRNA	196	615.7	56.58	65.0	8.16	48.42	1.0	0.1254	-40.27
YBR140C_mRNA	159	855.2	112.94	110.0	7.21	105.74	0.9937	0.1807	-98.53
YBR141C_mRNA	41	618.4	37.85	16.0	2.59	35.27	0.9756	0.0679	-32.68
YBR142W_mRNA	323	608.0	40.99	14.0	3.1	37.89	0.9938	0.0965	-34.79
YBR143C_mRNA	1803	870.8	56.39	59.0	2.22	54.17	0.9933	0.0826	-51.96
YBR144C_mRNA	12	371.9	251.5	172.5	109.58	141.92	1.0	0.6226	-32.33
YBR145W_mRNA	377	707.3	44.71	23.0	2.82	41.89	0.9841	0.0815	-39.08
YBR146W_mRNA	211	644.7	48.73	23.0	2.19	46.54	0.9858	0.0898	-44.34
YBR147W_mRNA	128	742.8	57.77	65.5	8.87	48.91	1.0	0.0853	-40.04
YBR148W_mRNA	13	555.8	109.31	96.0	2.85	106.46	1.0	0.2707	-103.62
YBR149W_mRNA	254	715.8	59.01	64.5	4.5	54.51	0.9921	0.1088	-50.02
YBR150C_mRNA	61	702.5	102.39	87.0	4.48	97.92	1.0	0.1809	-93.44
YBR151W_mRNA	383	655.3	49.61	24.0	6.9	42.72	0.9948	0.0996	-35.82
YBR153W_mRNA	120	465.8	53.28	68.5	2.04	51.23	0.9917	0.1432	-49.19
YBR154C_mRNA	941	628.0	45.55	18.0	2.0	43.55	0.9926	0.0794	-41.55
YBR155W_mRNA	68	673.3	45.56	17.5	1.51	44.04	1.0	0.1016	-42.53
YBR156C_mRNA	15	924.7	63.73	73.0	5.13	58.6	1.0	0.1092	-53.47
YBR157C_mRNA	115	549.4	44.97	26.0	3.12	41.85	0.9826	0.102	-38.73
YBR158W_mRNA	294	784.5	66.84	65.5	20.83	46.01	0.9966	0.115	-25.18
YBR159W_mRNA	507	760.2	50.71	58.0	4.13	46.58	0.998	0.0892	-42.45
YBR160W_mRNA	143	771.2	46.82	26.0	1.64	45.18	1.0	0.0734	-43.55
YBR161W_mRNA	69	585.8	54.46	67.0	4.96	49.51	0.971	0.1319	-44.55
YBR162C_mRNA	1468	781.9	53.81	70.0	3.14	50.67	0.9898	0.0952	-47.53
YBR162W-A_mRNA	862	332.5	51.01	33.5	1.23	49.79	0.9896	0.1466	-48.56
YBR163W_mRNA	74	639.9	79.27	61.0	7.39	71.88	1.0	0.1409	-64.49
YBR164C_mRNA	762	644.3	44.97	16.0	2.08	42.89	0.9921	0.0751	-40.81
YBR165W_mRNA	115	680.6	53.7	69.0	4.04	49.66	1.0	0.096	-45.62
YBR166C_mRNA	418	825.0	55.12	71.0	2.24	52.87	0.9809	0.0923	-50.63
YBR167C_mRNA	126	530.9	107.61	110.5	1.85	105.76	0.9921	0.2093	-103.91
YBR168W_mRNA	59	971.1	247.1	221.0	41.08	206.02	1.0	0.2989	-164.93
YBR169C_mRNA	403	812.4	56.79	62.0	3.23	53.56	0.9926	0.1008	-50.33
YBR170C_mRNA	133	645.7	46.46	27.0	2.64	43.82	0.9699	0.0929	-41.18
YBR171W_mRNA	385	557.2	44.45	16.0	2.31	42.14	0.9506	0.0887	-39.83
YBR172C_mRNA	93	789.5	51.74	53.0	1.87	49.87	1.0	0.088	-48.0
YBR173C_mRNA	445	544.1	50.98	66.0	2.51	48.47	0.9933	0.0998	-45.96
YBR174C_mRNA	17	854.8	68.18	57.0	2.18	66.0	1.0	0.0877	-63.82
YBR175W_mRNA	95	694.9	49.25	27.0	2.38	46.87	0.9895	0.0814	-44.49
YBR176W_mRNA	60	663.9	52.58	65.0	2.07	50.52	0.9833	0.1038	-48.45
YBR177C_mRNA	219	761.8	54.61	71.0	3.24	51.37	1.0	0.0973	-48.12
YBR178W_mRNA	5	520.6	224.2	194.0	47.8	176.4	1.0	0.4507	-128.6
YBR179C_mRNA	82	857.5	74.9	85.5	2.71	72.2	1.0	0.1229	-69.49
YBR180W_mRNA	15	479.9	80.8	87.0	2.33	78.47	1.0	0.2217	-76.13
YBR181C_mRNA	5584	657.8	41.03	13.0	2.61	38.42	0.993	0.0693	-35.81
YBR182C-A_mRNA	8	443.1	67.75	7.5	0.38	67.38	0.875	0.1268	-67.0
YBR182C_mRNA	28	897.7	355.68	366.5	20.04	335.64	0.9643	0.461	-315.61
YBR183W_mRNA	174	673.2	55.54	67.5	11.11	44.43	1.0	0.1264	-33.32
YBR184W_mRNA	28	496.7	117.82	101.0	1.43	116.39	1.0	0.2731	-114.96
YBR185C_mRNA	93	643.3	58.34	73.0	5.29	53.05	0.9892	0.1109	-47.76
YBR186W_mRNA	20	650.5	72.55	79.0	24.35	48.2	0.95	0.1104	-23.85
YBR187W_mRNA	90	608.1	54.88	39.0	7.97	46.91	0.9333	0.0921	-38.94
YBR188C_mRNA	515	545.3	46.93	34.0	2.0	44.93	0.9883	0.0996	-42.94
YBR189W_mRNA	4974	513.1	39.51	12.0	2.59	36.92	0.9958	0.0834	-34.33
YBR191W-A_mRNA	4683	539.5	63.59	72.0	16.76	46.82	0.9979	0.1172	-30.06
YBR191W_mRNA	1133	587.2	72.59	63.0	2.01	70.58	0.9894	0.1208	-68.57
YBR192W_mRNA	167	820.3	58.68	76.0	3.26	55.43	0.982	0.0932	-52.17
YBR193C_mRNA	131	546.5	52.18	66.0	2.15	50.02	1.0	0.1054	-47.87
YBR194W_mRNA	102	532.2	43.77	25.5	2.66	41.12	1.0	0.0823	-38.46
YBR195C_mRNA	46	667.6	58.57	25.0	5.04	53.52	1.0	0.1176	-48.48
YBR196C-A_mRNA	21	601.2	193.86	116.0	100.33	93.52	1.0	0.3154	6.81
YBR196C-B_mRNA	6	342.3	254.67	250.0	48.33	206.33	1.0	0.7378	-158.0
YBR196C_mRNA	3484	913.7	52.26	69.0	3.37	48.89	0.9888	0.0839	-45.52
YBR197C_mRNA	121	492.7	66.45	20.0	21.67	44.79	0.9917	0.1713	-23.12
YBR198C_mRNA	74	785.2	46.69	30.5	2.01	44.68	1.0	0.0972	-42.66
YBR199W_mRNA	339	713.7	42.09	13.0	2.9	39.19	0.9794	0.0771	-36.29
YBR200W_mRNA	113	775.7	49.98	45.0	4.09	45.89	0.9823	0.0921	-41.81
YBR201C-A_mRNA	14	380.4	54.36	63.5	0.64	53.71	1.0	0.1556	-53.07
YBR201W_mRNA	305	605.8	53.35	71.0	3.44	49.9	1.0	0.0964	-46.46
YBR202W_mRNA	34	1062.1	73.24	79.0	5.41	67.82	1.0	0.0985	-62.41
YBR203W_mRNA	97	991.9	215.97	226.0	20.63	195.34	0.9794	0.2756	-174.71
YBR204C_mRNA	95	702.2	69.69	69.0	23.16	46.54	0.9789	0.1263	-23.38
YBR205W_mRNA	17	886.0	100.35	111.0	14.0	86.35	1.0	0.0956	-72.35
YBR206W_mRNA	226	726.7	48.11	32.0	5.9	42.21	1.0	0.0867	-36.31
YBR207W_mRNA	229	637.4	61.49	74.0	15.19	46.3	0.9956	0.143	-31.11
YBR208C_mRNA	131	923.0	178.04	175.0	7.63	170.41	1.0	0.2888	-162.79
YBR209W_mRNA	16	428.8	358.62	360.0	1.75	356.88	1.0	0.8335	-355.12
YBR210W_mRNA	197	572.0	201.77	198.0	2.97	198.8	1.0	0.3712	-195.83
YBR211C_mRNA	117	703.2	163.16	164.0	31.5	131.67	1.0	0.275	-100.17
YBR212W_mRNA	107	1014.4	52.42	65.0	1.82	50.6	0.9813	0.0873	-48.78
YBR213W_mRNA	35	636.0	50.37	68.0	3.03	47.34	1.0	0.1064	-44.31
YBR214W_mRNA	177	701.7	98.82	77.0	52.13	46.69	1.0	0.2184	5.44
YBR215W_mRNA	73	673.4	88.38	19.0	8.58	79.81	0.9863	0.1762	-71.23
YBR216C_mRNA	87	752.5	52.44	74.0	1.41	51.02	0.9655	0.0934	-49.61
YBR217W_mRNA	118	606.8	51.75	25.0	3.2	48.54	0.9746	0.1081	-45.34
YBR218C_mRNA	469	773.9	53.93	30.0	2.74	51.19	0.9915	0.0995	-48.45
YBR220C_mRNA	61	856.5	52.25	29.0	6.57	45.67	1.0	0.0931	-39.1
YBR221C_mRNA	675	836.3	42.7	14.0	2.12	40.58	0.9733	0.0713	-38.46
YBR222C_mRNA	117	788.4	51.41	17.0	10.96	40.45	1.0	0.0795	-29.5
YBR223C_mRNA	53	661.1	41.32	15.0	1.66	39.66	1.0	0.0819	-38.0
YBR225W_mRNA	14	921.7	179.5	212.5	30.29	149.21	1.0	0.1945	-118.93
YBR226C_mRNA	9	445.1	105.11	99.0	55.89	49.22	1.0	0.2055	6.67
YBR227C_mRNA	97	667.5	41.9	11.0	1.61	40.29	0.9175	0.0793	-38.68
YBR228W_mRNA	48	539.4	69.21	72.5	22.92	46.29	1.0	0.1231	-23.38
YBR229C_mRNA	125	796.3	65.71	72.0	9.7	56.01	0.984	0.1148	-46.3
YBR230C_mRNA	195	490.4	128.51	133.0	7.88	120.63	1.0	0.2675	-112.75
YBR230W-A_mRNA	63	355.7	47.37	20.0	1.4	45.97	0.9841	0.1294	-44.57
YBR231C_mRNA	42	437.6	57.12	26.0	9.45	47.67	1.0	0.1269	-38.21
YBR233W-A_mRNA	198	468.0	45.91	20.0	2.97	42.94	0.9899	0.1026	-39.97
YBR233W_mRNA	41	692.3	45.66	31.0	6.27	39.39	1.0	0.0929	-33.12
YBR234C_mRNA	252	767.0	50.17	35.5	2.73	47.45	0.996	0.0789	-44.72
YBR235W_mRNA	81	954.2	70.48	76.0	4.07	66.41	1.0	0.1154	-62.33
YBR236C_mRNA	251	896.5	46.66	18.0	3.53	43.13	0.988	0.0712	-39.61
YBR237W_mRNA	55	546.9	59.27	50.0	4.98	54.29	1.0	0.1245	-49.31
YBR238C_mRNA	64	800.3	59.38	68.5	6.48	52.89	1.0	0.1228	-46.41
YBR239C_mRNA	77	476.6	123.49	84.0	82.83	40.66	0.961	0.2817	42.17
YBR240C_mRNA	18	679.7	229.0	235.5	10.83	218.17	1.0	0.4059	-207.33
YBR241C_mRNA	31	825.4	83.06	77.0	6.58	76.48	1.0	0.1557	-69.9
YBR242W_mRNA	250	689.4	55.4	70.0	3.59	51.82	0.996	0.093	-48.23
YBR243C_mRNA	159	595.3	51.63	67.0	3.92	47.7	1.0	0.1152	-43.78
YBR244W_mRNA	205	554.1	75.37	69.0	2.99	72.38	0.9854	0.1433	-69.39
YBR245C_mRNA	61	572.6	141.08	124.0	3.02	138.07	0.9672	0.3028	-135.05
YBR246W_mRNA	127	698.7	50.66	67.0	1.78	48.88	0.9685	0.0988	-47.1
YBR247C_mRNA	113	817.4	36.19	9.0	2.79	33.4	0.9912	0.0639	-30.61
YBR248C_mRNA	149	686.4	40.47	11.0	1.68	38.79	0.9866	0.0799	-37.1
YBR249C_mRNA	1532	781.3	49.35	57.5	4.2	45.15	0.9915	0.0856	-40.95
YBR250W_mRNA	32	583.7	171.12	150.5	53.53	117.59	1.0	0.3322	-64.06
YBR251W_mRNA	93	551.5	60.02	12.0	19.02	41.0	1.0	0.1108	-21.98
YBR252W_mRNA	499	478.9	48.62	28.0	3.53	45.09	0.998	0.0994	-41.57
YBR253W_mRNA	145	461.6	55.7	40.0	5.83	49.87	0.9862	0.1132	-44.03
YBR254C_mRNA	175	591.6	46.18	19.0	3.94	42.23	1.0	0.0777	-38.29
YBR255C-A_mRNA	115	421.6	49.38	11.0	14.38	35.0	0.9826	0.112	-20.62
YBR255W_mRNA	89	604.0	56.54	71.0	3.2	53.34	1.0	0.1113	-50.13
YBR256C_mRNA	1338	642.7	46.47	20.0	5.56	40.92	0.988	0.0759	-35.36
YBR257W_mRNA	130	682.5	45.24	19.0	3.07	42.17	0.9846	0.0763	-39.1
YBR258C_mRNA	70	485.0	44.1	18.5	2.79	41.31	1.0	0.0869	-38.53
YBR259W_mRNA	68	886.6	74.19	74.5	3.04	71.15	0.9853	0.1202	-68.1
YBR260C_mRNA	114	710.9	63.95	75.0	3.59	60.36	0.9912	0.1174	-56.77
YBR261C_mRNA	112	611.1	44.29	14.0	1.91	42.38	0.9464	0.0847	-40.47
YBR262C_mRNA	239	408.2	34.46	10.0	5.17	29.29	1.0	0.0842	-24.12
YBR263W_mRNA	343	835.9	46.36	23.0	3.92	42.44	0.9913	0.0933	-38.53
YBR264C_mRNA	53	468.6	41.28	10.0	2.53	38.75	1.0	0.0793	-36.23
YBR265W_mRNA	120	702.4	48.54	28.0	2.02	46.52	1.0	0.0925	-44.51
YBR267W_mRNA	74	697.0	55.68	72.0	1.62	54.05	1.0	0.1046	-52.43
YBR268W_mRNA	333	422.4	42.93	15.0	1.61	41.32	0.991	0.0959	-39.72
YBR269C_mRNA	170	462.8	44.41	17.0	3.43	40.98	0.9882	0.1017	-37.55
YBR270C_mRNA	23	589.0	94.43	75.0	13.78	80.65	1.0	0.1957	-66.87
YBR271W_mRNA	65	681.4	55.97	35.0	2.52	53.45	0.9846	0.0974	-50.92
YBR272C_mRNA	106	697.4	50.25	16.0	3.2	47.05	1.0	0.103	-43.85
YBR273C_mRNA	89	684.6	45.15	16.0	4.8	40.35	0.9888	0.0959	-35.55
YBR274W_mRNA	96	622.7	54.52	68.5	9.2	45.32	1.0	0.1261	-36.12
YBR275C_mRNA	39	906.9	145.21	136.0	3.97	141.23	0.9744	0.2169	-137.26
YBR276C_mRNA	139	712.9	40.97	11.0	3.07	37.9	0.9784	0.0855	-34.83
YBR278W_mRNA	65	477.1	51.2	25.0	2.38	48.82	1.0	0.1089	-46.43
YBR279W_mRNA	33	370.2	47.76	12.0	6.03	41.73	1.0	0.1277	-35.7
YBR280C_mRNA	86	747.9	57.23	21.5	8.12	49.12	0.9884	0.1048	-41.0
YBR281C_mRNA	158	712.0	62.96	75.5	9.08	53.88	1.0	0.1262	-44.8
YBR282W_mRNA	256	488.9	46.64	21.5	2.07	44.57	0.9922	0.1012	-42.5
YBR283C_mRNA	774	684.9	48.75	64.5	3.72	45.03	0.9935	0.0982	-41.32
YBR284W_mRNA	15	595.6	166.8	173.0	19.8	147.0	1.0	0.331	-127.2
YBR285W_mRNA	50	534.1	64.7	75.5	6.58	58.12	1.0	0.1329	-51.54
YBR286W_mRNA	902	715.5	48.06	42.5	2.39	45.67	0.9922	0.104	-43.28
YBR287W_mRNA	385	725.9	56.3	72.0	2.89	53.42	0.9922	0.1163	-50.53
YBR288C_mRNA	189	805.6	63.54	53.0	3.4	60.15	1.0	0.1044	-56.75
YBR289W_mRNA	36	847.4	68.78	73.5	4.25	64.53	1.0	0.1099	-60.28
YBR290W_mRNA	324	723.3	45.26	25.0	2.73	42.52	0.9907	0.0706	-39.79
YBR291C_mRNA	176	544.6	62.05	69.0	5.19	56.85	0.9943	0.1411	-51.66
YBR292C_mRNA	14	614.3	455.79	348.5	377.36	78.43	1.0	0.7116	298.93
YBR293W_mRNA	61	785.9	206.07	226.0	10.69	195.38	1.0	0.2945	-184.69
YBR294W_mRNA	32	530.4	129.75	130.0	7.94	121.81	0.9688	0.2977	-113.88
YBR295W_mRNA	71	726.4	140.59	133.0	6.08	134.51	1.0	0.276	-128.42
YBR296C_mRNA	74	894.3	282.78	291.5	10.39	272.39	1.0	0.4252	-262.0
YBR297W_mRNA	121	602.4	55.14	27.0	11.08	44.06	0.9917	0.1098	-32.98
YBR298C_mRNA	91	603.0	99.87	91.0	50.73	49.14	1.0	0.2187	1.58
YBR299W_mRNA	43	561.2	75.74	75.0	14.23	61.51	1.0	0.1583	-47.28
YBR300C_mRNA	7	654.7	246.29	81.0	137.86	108.43	1.0	0.3249	29.43
YBR302C_mRNA	171	647.7	118.51	110.0	4.12	114.39	0.9825	0.2419	-110.27
YCL001W-A_mRNA	11	873.0	544.73	661.0	501.09	43.64	1.0	0.594	457.45
YCL001W-B_mRNA	18	465.6	262.5	233.0	144.72	117.78	1.0	0.5288	26.94
YCL001W_mRNA	631	575.1	51.92	43.0	5.27	46.65	0.9889	0.0942	-41.38
YCL002C_mRNA	231	707.7	65.37	73.0	13.58	51.79	0.9913	0.1025	-38.2
YCL004W_mRNA	35	776.7	74.46	67.0	19.91	54.54	0.9714	0.1225	-34.63
YCL005W-A_mRNA	713	360.5	61.63	59.0	20.7	40.93	0.9986	0.1714	-20.23
YCL005W_mRNA	84	585.4	75.04	78.0	9.29	65.75	1.0	0.1581	-56.46
YCL008C_mRNA	86	559.3	48.95	59.5	4.55	44.41	1.0	0.1025	-39.86
YCL009C_mRNA	790	726.3	48.96	62.0	2.69	46.27	0.9949	0.087	-43.59
YCL010C_mRNA	103	876.4	93.8	88.0	1.75	92.05	0.9903	0.1141	-90.3
YCL011C_mRNA	489	639.6	47.78	32.0	2.16	45.62	0.9918	0.0938	-43.47
YCL012C_mRNA	171	476.5	46.53	22.0	4.28	42.25	0.9649	0.0997	-37.97
YCL014W_mRNA	51	784.1	130.0	127.0	2.22	127.78	1.0	0.2366	-125.57
YCL016C_mRNA	50	744.8	47.68	14.5	1.44	46.24	1.0	0.0705	-44.8
YCL017C_mRNA	152	724.6	47.64	58.0	2.03	45.61	0.9934	0.094	-43.58
YCL018W_mRNA	639	676.5	43.68	15.0	2.74	40.94	0.975	0.083	-38.21
YCL019W_mRNA	1254	1177.7	311.83	328.0	3.41	308.42	0.9944	0.3312	-305.01
YCL020W_mRNA	33	565.9	89.33	70.0	17.67	71.67	1.0	0.1621	-54.0
YCL021W-A_mRNA	102	800.0	374.51	283.0	155.62	218.89	1.0	0.4228	-63.27
YCL024W_mRNA	52	572.5	128.58	115.0	2.48	126.1	1.0	0.262	-123.62
YCL025C_mRNA	487	723.1	54.39	31.0	2.66	51.73	0.9938	0.1096	-49.07
YCL026C-A_mRNA	19	539.1	60.11	38.0	15.42	44.68	1.0	0.1299	-29.26
YCL026C-B_mRNA	31	575.1	68.13	21.0	23.35	44.77	1.0	0.1312	-21.42
YCL027W_mRNA	16	778.1	153.69	140.5	3.31	150.38	1.0	0.2595	-147.06
YCL028W_mRNA	161	775.4	55.2	66.0	5.09	50.11	0.9938	0.0886	-45.02
YCL029C_mRNA	69	682.5	50.64	29.0	1.91	48.72	0.9855	0.1031	-46.81
YCL030C_mRNA	1047	776.3	48.67	19.0	2.62	46.05	0.9885	0.0837	-43.43
YCL031C_mRNA	462	740.6	42.31	14.0	2.26	40.06	0.9719	0.0634	-37.8
YCL032W_mRNA	63	533.0	69.51	79.0	1.87	67.63	1.0	0.1598	-65.76
YCL033C_mRNA	195	518.9	51.17	64.0	1.46	49.71	1.0	0.1023	-48.26
YCL034W_mRNA	40	606.8	49.42	63.5	1.0	48.42	1.0	0.1173	-47.42
YCL035C_mRNA	879	454.7	37.59	12.0	1.98	35.61	0.9727	0.08	-33.63
YCL036W_mRNA	40	824.1	52.42	75.5	5.52	46.9	1.0	0.0915	-41.38
YCL037C_mRNA	118	479.4	51.06	70.0	2.58	48.47	1.0	0.1335	-45.89
YCL038C_mRNA	53	937.1	60.45	69.0	2.94	57.51	0.9811	0.0875	-54.57
YCL039W_mRNA	150	695.6	56.99	71.5	4.18	52.81	1.0	0.0985	-48.63
YCL040W_mRNA	438	805.2	43.33	16.0	2.24	41.09	0.9954	0.0778	-38.86
YCL043C_mRNA	1015	733.6	43.23	18.0	2.72	40.51	0.9793	0.0827	-37.8
YCL044C_mRNA	66	674.8	67.02	65.0	3.98	63.03	1.0	0.1427	-59.05
YCL045C_mRNA	195	748.8	52.86	68.0	3.14	49.71	0.9897	0.1134	-46.57
YCL047C_mRNA	85	584.0	76.87	82.0	13.4	63.47	0.9882	0.1642	-50.07
YCL048W-A_mRNA	11	463.4	259.82	259.0	39.09	220.73	1.0	0.5583	-181.64
YCL048W_mRNA	22	577.6	173.41	166.5	26.45	146.95	1.0	0.3405	-120.5
YCL049C_mRNA	127	560.2	60.65	67.0	3.24	57.42	1.0	0.1402	-54.18
YCL050C_mRNA	964	676.7	59.49	74.0	2.13	57.36	0.9969	0.1139	-55.22
YCL051W_mRNA	79	642.4	56.19	53.0	2.05	54.14	0.9873	0.1196	-52.09
YCL052C_mRNA	200	688.5	48.26	26.5	2.04	46.22	1.0	0.0877	-44.18
YCL054W_mRNA	119	535.6	29.94	7.0	1.82	28.13	0.9832	0.0622	-26.31
YCL055W_mRNA	130	778.1	56.25	41.5	4.05	52.2	1.0	0.089	-48.15
YCL056C_mRNA	189	436.6	57.51	57.0	15.67	41.84	0.9947	0.1212	-26.17
YCL057C-A_mRNA	320	410.1	41.24	14.5	1.9	39.34	0.9938	0.0975	-37.44
YCL057W_mRNA	196	900.0	45.56	21.0	4.07	41.49	0.9898	0.079	-37.43
YCL058W-A_mRNA	20	300.0	54.2	67.5	2.7	51.5	1.0	0.1572	-48.8
YCL059C_mRNA	390	678.0	38.7	15.0	2.04	36.66	0.9846	0.0771	-34.62
YCL061C_mRNA	59	772.8	198.64	178.0	2.51	196.14	1.0	0.3064	-193.63
YCL063W_mRNA	44	700.7	106.2	73.5	19.14	87.07	0.9545	0.1681	-67.93
YCL064C_mRNA	54	711.7	79.22	77.0	25.07	54.15	1.0	0.1245	-29.07
YCL065W_mRNA	23	386.5	142.35	142.0	91.13	51.22	1.0	0.3248	39.91
YCL066W_mRNA	168	714.9	254.52	259.5	15.65	238.88	1.0	0.3563	-223.23
YCL067C_mRNA	182	639.5	111.52	92.0	4.31	107.2	1.0	0.1831	-102.89
YCR001W_mRNA	22	796.9	531.91	499.0	239.18	292.73	1.0	0.6456	-53.55
YCR002C_mRNA	376	635.3	50.92	19.0	6.25	44.67	0.9973	0.0981	-38.42
YCR003W_mRNA	261	570.5	41.67	12.0	2.25	39.43	0.9885	0.077	-37.18
YCR004C_mRNA	290	709.1	50.58	21.0	4.9	45.68	0.9897	0.084	-40.78
YCR005C_mRNA	735	790.2	50.9	48.0	4.05	46.86	0.9905	0.0865	-42.81
YCR007C_mRNA	115	482.8	181.4	87.0	120.69	60.71	0.9826	0.337	59.97
YCR008W_mRNA	131	886.4	56.5	66.0	3.36	53.15	0.9924	0.0743	-49.79
YCR009C_mRNA	580	653.0	47.71	21.0	2.3	45.41	0.9966	0.0882	-43.11
YCR010C_mRNA	9	466.8	122.56	86.0	81.67	40.89	1.0	0.2904	40.78
YCR011C_mRNA	204	832.1	53.01	20.0	6.0	47.01	0.9902	0.0812	-41.01
YCR012W_mRNA	10690	905.3	45.5	21.0	3.49	42.01	0.9782	0.0658	-38.52
YCR013C_mRNA	66	593.2	110.82	109.0	6.68	104.14	0.9091	0.1843	-97.45
YCR014C_mRNA	28	727.8	164.86	181.5	10.96	153.89	1.0	0.3229	-142.93
YCR015C_mRNA	463	385.3	87.59	87.0	37.42	50.17	0.9957	0.2443	-12.75
YCR016W_mRNA	197	437.5	44.76	13.0	2.43	42.33	0.9746	0.1212	-39.9
YCR017C_mRNA	170	575.7	43.48	20.0	1.53	41.95	1.0	0.0962	-40.42
YCR018C-A_mRNA	163	242.0	99.6	83.0	38.52	61.08	0.9816	0.3288	-22.56
YCR018C_mRNA	425	563.6	253.63	238.0	39.35	214.28	0.9976	0.4432	-174.93
YCR019W_mRNA	27	521.5	89.04	81.0	3.22	85.81	0.9259	0.1905	-82.59
YCR020C-A_mRNA	364	450.3	47.91	61.5	1.74	46.17	0.989	0.1038	-44.43
YCR020C_mRNA	63	384.7	46.49	30.0	3.97	42.52	1.0	0.1167	-38.56
YCR020W-B_mRNA	259	568.9	43.76	13.0	3.02	40.74	0.9846	0.0836	-37.73
YCR021C_mRNA	1583	855.2	52.95	69.0	3.47	49.48	0.9886	0.075	-46.01
YCR022C_mRNA	7	577.3	257.29	336.0	0.57	256.71	1.0	0.4609	-256.14
YCR023C_mRNA	220	605.7	81.66	74.0	32.8	48.86	0.9909	0.1768	-16.06
YCR024C-A_mRNA	50	599.5	122.0	96.5	3.2	118.8	0.94	0.188	-115.6
YCR024C-B_mRNA	2645	480.6	85.8	81.0	38.01	47.79	0.9974	0.1611	-9.79
YCR024C_mRNA	35	573.5	41.94	11.0	1.31	40.63	1.0	0.0836	-39.31
YCR025C_mRNA	50	435.7	74.78	41.5	31.38	43.4	0.98	0.1304	-12.02
YCR026C_mRNA	59	830.8	34.1	9.0	2.36	31.75	1.0	0.0601	-29.39
YCR027C_mRNA	91	701.7	64.34	40.0	18.23	46.11	1.0	0.1316	-27.88
YCR028C-A_mRNA	1945	570.4	49.31	62.0	4.54	44.77	0.9774	0.0878	-40.23
YCR028C_mRNA	97	766.4	64.8	21.0	14.7	50.1	0.9897	0.1133	-35.4
YCR030C_mRNA	247	510.9	46.72	58.0	2.72	44.0	1.0	0.1112	-41.28
YCR031C_mRNA	5607	456.6	34.9	9.0	2.12	32.79	0.9797	0.0787	-30.67
YCR032W_mRNA	94	850.1	103.87	93.5	9.83	94.04	1.0	0.1684	-84.21
YCR033W_mRNA	46	791.3	183.5	188.5	7.5	176.0	0.9783	0.3049	-168.5
YCR034W_mRNA	711	623.6	55.94	73.0	2.87	53.07	0.9986	0.1127	-50.2
YCR035C_mRNA	151	782.3	65.15	61.0	1.51	63.64	0.9934	0.0953	-62.13
YCR036W_mRNA	272	709.7	48.43	28.5	4.18	44.25	0.9853	0.0791	-40.08
YCR037C_mRNA	53	879.7	125.0	122.0	3.57	121.43	1.0	0.1872	-117.87
YCR038C_mRNA	65	658.8	134.85	114.0	31.0	103.85	1.0	0.3001	-72.85
YCR039C_mRNA	162	648.6	117.33	96.0	5.38	111.96	1.0	0.1901	-106.58
YCR040W_mRNA	146	682.1	242.99	253.5	13.82	229.18	0.9932	0.351	-215.36
YCR041W_mRNA	72	386.8	140.32	141.5	89.99	50.33	1.0	0.3318	39.65
YCR042C_mRNA	100	887.7	116.47	108.0	1.91	114.56	1.0	0.1615	-112.65
YCR043C_mRNA	469	511.2	50.2	23.0	7.24	42.97	0.9979	0.1016	-35.73
YCR044C_mRNA	117	750.8	53.85	68.0	4.88	48.97	1.0	0.0875	-44.09
YCR045W-A_mRNA	26	572.0	74.0	76.0	21.38	52.62	1.0	0.1669	-31.23
YCR046C_mRNA	98	528.0	42.47	15.0	2.14	40.33	1.0	0.0859	-38.18
YCR047C_mRNA	31	377.7	52.97	33.0	7.16	45.81	1.0	0.1531	-38.65
YCR048W_mRNA	96	665.9	55.29	72.0	2.47	52.82	1.0	0.1192	-50.35
YCR051W_mRNA	96	537.6	55.03	10.0	3.58	51.45	0.9479	0.1023	-47.86
YCR052W_mRNA	138	634.5	48.13	20.0	4.08	44.05	1.0	0.0995	-39.97
YCR053W_mRNA	934	808.2	46.35	21.0	3.99	42.36	0.9957	0.0796	-38.36
YCR054C_mRNA	114	451.1	43.72	18.5	4.78	38.94	1.0	0.1342	-34.16
YCR057C_mRNA	53	780.2	42.08	18.0	2.55	39.53	0.9811	0.0806	-36.98
YCR059C_mRNA	119	592.4	42.41	17.0	2.36	40.05	0.9916	0.0883	-37.69
YCR060W_mRNA	302	438.4	60.62	39.0	6.96	53.65	0.9967	0.1327	-46.69
YCR061W_mRNA	58	661.8	102.81	15.5	3.97	98.84	1.0	0.158	-94.88
YCR063W_mRNA	18	632.1	100.5	59.5	1.44	99.06	1.0	0.1341	-97.61
YCR065W_mRNA	73	496.5	57.6	38.0	6.56	51.04	1.0	0.1332	-44.48
YCR066W_mRNA	58	527.5	70.45	78.5	1.31	69.14	1.0	0.1617	-67.83
YCR067C_mRNA	85	885.3	57.06	61.0	4.0	53.06	1.0	0.1029	-49.06
YCR069W_mRNA	128	813.4	63.32	72.0	13.39	49.93	1.0	0.0932	-36.54
YCR071C_mRNA	192	438.1	47.64	27.5	5.54	42.1	0.9792	0.1122	-36.56
YCR072C_mRNA	56	748.8	42.54	17.0	2.38	40.16	1.0	0.0729	-37.79
YCR073C_mRNA	92	717.3	96.27	84.0	1.42	94.85	0.9891	0.1781	-93.42
YCR073W-A_mRNA	102	690.8	51.86	26.5	1.49	50.37	1.0	0.0851	-48.88
YCR075C_mRNA	22	651.7	56.14	79.0	2.82	53.32	1.0	0.1161	-50.5
YCR075W-A_mRNA	136	348.5	50.39	32.5	2.2	48.19	1.0	0.1361	-45.99
YCR076C_mRNA	55	640.0	33.35	9.0	0.44	32.91	0.9818	0.0502	-32.47
YCR077C_mRNA	210	757.3	42.5	15.0	3.57	38.93	0.9857	0.0747	-35.36
YCR079W_mRNA	63	893.1	62.81	79.0	2.75	60.06	1.0	0.087	-57.32
YCR081W_mRNA	14	1605.4	209.29	89.5	4.79	204.5	0.9286	0.1301	-199.71
YCR082W_mRNA	561	500.4	61.52	55.0	3.63	57.89	0.9964	0.1322	-54.26
YCR083W_mRNA	183	460.0	49.83	28.0	9.09	40.74	0.9781	0.114	-31.64
YCR084C_mRNA	144	817.1	165.19	168.5	3.4	161.8	1.0	0.2585	-158.4
YCR085W_mRNA	10	302.0	55.0	49.0	12.9	42.1	1.0	0.1654	-29.2
YCR086W_mRNA	33	552.3	50.79	22.0	2.45	48.33	1.0	0.0961	-45.88
YCR087C-A_mRNA	157	458.0	52.25	21.0	2.03	50.23	1.0	0.113	-48.2
YCR087W_mRNA	19	533.7	49.16	42.0	3.0	46.16	1.0	0.0905	-43.16
YCR088W_mRNA	132	562.6	46.25	15.5	2.8	43.45	0.9773	0.1093	-40.66
YCR089W_mRNA	18	702.3	116.67	132.0	0.33	116.33	1.0	0.2298	-116.0
YCR090C_mRNA	557	558.8	60.16	74.0	2.4	57.76	1.0	0.1164	-55.36
YCR091W_mRNA	18	769.5	80.61	45.0	3.89	76.72	1.0	0.1191	-72.83
YCR092C_mRNA	55	716.3	66.09	71.0	16.42	49.67	1.0	0.1021	-33.25
YCR093W_mRNA	142	968.7	107.23	104.5	6.01	101.23	1.0	0.1684	-95.22
YCR094W_mRNA	115	645.2	45.92	28.0	2.85	43.07	0.9913	0.0896	-40.22
YCR095C_mRNA	145	845.9	57.77	61.0	5.28	52.5	0.9931	0.0729	-47.22
YCR095W-A_mRNA	32	597.9	42.66	18.5	3.56	39.09	1.0	0.0905	-35.53
YCR096C_mRNA	23	327.6	110.7	90.0	1.91	108.78	1.0	0.342	-106.87
YCR098C_mRNA	160	801.6	66.76	71.0	4.24	62.52	1.0	0.1222	-58.28
YCR099C_mRNA	54	646.1	364.43	336.0	65.04	299.39	1.0	0.5801	-234.35
YCR100C_mRNA	23	1829.2	1040.78	1127.0	434.17	606.61	1.0	0.5278	-172.43
YCR102C_mRNA	53	659.0	95.6	70.0	52.75	42.85	0.9811	0.1571	9.91
YCR105W_mRNA	34	505.1	147.0	118.5	1.94	145.06	1.0	0.2693	-143.12
YCR106W_mRNA	29	877.0	317.14	332.0	14.48	302.66	1.0	0.391	-288.17
YCR107W_mRNA	65	797.3	280.54	281.0	83.18	197.35	1.0	0.3197	-114.17
YDL001W_mRNA	131	757.2	56.49	72.0	8.34	48.15	0.9847	0.1117	-39.8
YDL002C_mRNA	274	583.9	41.36	13.0	2.91	38.45	0.9964	0.0756	-35.54
YDL003W_mRNA	82	615.6	56.63	23.5	7.29	49.34	0.939	0.1143	-42.05
YDL004W_mRNA	1139	551.9	49.29	59.0	5.05	44.24	0.9895	0.0973	-39.19
YDL005C_mRNA	120	725.3	74.22	86.0	3.04	71.18	0.9917	0.1264	-68.14
YDL006W_mRNA	151	715.3	46.81	20.0	3.54	43.26	1.0	0.0827	-39.72
YDL007W_mRNA	411	781.4	43.62	12.0	2.97	40.65	0.9951	0.0688	-37.68
YDL008W_mRNA	271	555.7	55.0	70.0	1.8	53.2	0.9852	0.0985	-51.4
YDL010W_mRNA	167	583.6	47.69	20.0	5.04	42.65	0.994	0.0938	-37.62
YDL012C_mRNA	275	470.4	66.29	77.0	4.87	61.42	0.9964	0.1437	-56.55
YDL013W_mRNA	67	569.0	60.12	76.0	5.21	54.91	1.0	0.1507	-49.7
YDL014W_mRNA	1548	628.5	44.48	15.0	2.74	41.74	0.9935	0.0838	-39.0
YDL015C_mRNA	1041	787.2	53.71	70.0	3.4	50.31	0.9923	0.0859	-46.92
YDL016C_mRNA	15	213.5	47.73	12.0	6.07	41.67	1.0	0.1767	-35.6
YDL017W_mRNA	33	781.6	55.39	58.0	9.0	46.39	1.0	0.1088	-37.39
YDL018C_mRNA	154	627.1	50.42	40.5	3.43	46.99	0.9805	0.0909	-43.56
YDL019C_mRNA	96	630.0	91.4	83.0	28.76	62.64	1.0	0.2198	-33.88
YDL020C_mRNA	576	555.1	49.78	21.0	6.58	43.2	0.9931	0.1122	-36.62
YDL021W_mRNA	41	525.5	42.49	10.0	2.73	39.76	1.0	0.1027	-37.02
YDL022W_mRNA	232	814.8	51.4	39.5	4.1	47.3	0.9914	0.0939	-43.19
YDL024C_mRNA	11	412.3	79.18	85.0	4.0	75.18	1.0	0.1997	-71.18
YDL025C_mRNA	196	698.4	66.66	69.0	2.41	64.24	0.9949	0.1404	-61.83
YDL027C_mRNA	148	648.9	52.01	69.0	4.76	47.25	0.9865	0.1058	-42.49
YDL028C_mRNA	62	798.2	42.23	10.0	1.45	40.77	0.9839	0.0604	-39.32
YDL029W_mRNA	367	690.1	44.11	16.0	3.11	41.0	0.9428	0.0865	-37.89
YDL030W_mRNA	74	581.1	43.14	15.5	1.55	41.58	0.973	0.0918	-40.03
YDL031W_mRNA	211	682.3	43.65	14.0	1.43	42.22	0.9716	0.0828	-40.79
YDL033C_mRNA	32	676.7	76.66	78.0	13.12	63.53	0.9688	0.1477	-50.41
YDL035C_mRNA	149	816.6	79.64	81.0	12.4	67.25	1.0	0.1521	-54.85
YDL036C_mRNA	119	561.9	146.76	95.0	48.71	98.05	0.9916	0.2671	-49.34
YDL037C_mRNA	5	1051.8	486.8	303.0	163.2	323.6	1.0	0.4371	-160.4
YDL039C_mRNA	119	1058.7	270.9	189.0	108.74	162.16	0.9916	0.2939	-53.42
YDL040C_mRNA	223	882.5	51.14	29.0	2.92	48.22	1.0	0.095	-45.3
YDL041W_mRNA	21	269.0	33.24	9.0	1.38	31.86	0.9524	0.1294	-30.48
YDL042C_mRNA	56	716.8	54.14	29.0	4.82	49.32	1.0	0.1172	-44.5
YDL043C_mRNA	91	796.1	71.31	76.0	18.71	52.59	0.989	0.0889	-33.88
YDL044C_mRNA	58	502.6	44.45	15.0	1.16	43.29	1.0	0.0978	-42.14
YDL045C_mRNA	132	727.9	56.61	58.0	2.76	53.86	0.9924	0.095	-51.1
YDL045W-A_mRNA	206	405.0	59.56	73.0	1.72	57.84	1.0	0.1502	-56.12
YDL046W_mRNA	310	659.3	64.47	72.0	7.33	57.15	0.9903	0.1111	-49.82
YDL047W_mRNA	149	848.1	115.17	115.0	11.86	103.32	1.0	0.1798	-91.46
YDL048C_mRNA	284	659.1	51.9	65.0	4.16	47.74	1.0	0.0976	-43.58
YDL049C_mRNA	95	468.9	74.28	71.0	26.19	48.09	1.0	0.1893	-21.91
YDL051W_mRNA	739	641.8	41.32	12.0	1.99	39.33	0.9932	0.077	-37.34
YDL052C_mRNA	150	667.4	51.05	72.0	1.95	49.1	0.98	0.1009	-47.15
YDL053C_mRNA	267	602.1	46.14	19.0	1.87	44.27	0.9963	0.0885	-42.4
YDL054C_mRNA	212	530.1	107.66	96.0	51.59	56.06	1.0	0.3396	-4.47
YDL055C_mRNA	4067	865.6	51.33	68.0	2.77	48.55	0.9939	0.081	-45.78
YDL056W_mRNA	78	690.3	121.95	138.0	2.47	119.47	1.0	0.2276	-117.0
YDL057W_mRNA	57	540.3	47.25	12.0	1.88	45.37	1.0	0.1013	-43.49
YDL058W_mRNA	31	858.4	149.0	140.0	6.94	142.06	1.0	0.2889	-135.13
YDL059C_mRNA	77	493.1	82.87	88.0	21.88	60.99	1.0	0.242	-39.1
YDL060W_mRNA	255	600.0	130.29	125.0	2.64	127.65	1.0	0.2789	-125.01
YDL061C_mRNA	6057	368.1	58.85	66.0	13.4	45.44	0.9983	0.1502	-32.04
YDL063C_mRNA	249	659.2	50.51	64.0	4.82	45.69	0.996	0.1022	-40.88
YDL064W_mRNA	232	560.5	81.12	81.0	6.09	75.03	0.9957	0.1458	-68.94
YDL065C_mRNA	72	724.4	53.47	62.5	0.82	52.65	0.9722	0.0808	-51.83
YDL066W_mRNA	417	661.8	48.6	51.0	4.14	44.47	0.9904	0.0942	-40.33
YDL067C_mRNA	906	418.7	47.81	27.0	3.07	44.74	0.9967	0.1137	-41.67
YDL068W_mRNA	10	231.1	59.4	69.0	12.9	46.5	1.0	0.2667	-33.6
YDL069C_mRNA	166	564.7	60.78	68.5	13.13	47.64	0.994	0.1333	-34.51
YDL070W_mRNA	384	591.2	77.28	83.0	3.24	74.03	1.0	0.1402	-70.79
YDL072C_mRNA	634	587.2	55.03	62.0	2.68	52.34	0.9905	0.1043	-49.66
YDL073W_mRNA	79	653.0	90.29	70.0	12.75	77.54	0.9494	0.2118	-64.8
YDL074C_mRNA	267	845.2	47.57	20.0	3.28	44.28	0.9925	0.0791	-41.0
YDL075W_mRNA	8387	408.5	42.68	10.0	7.21	35.47	0.9348	0.1009	-28.25
YDL076C_mRNA	174	563.2	53.12	59.0	6.15	46.97	0.9885	0.1142	-40.82
YDL077C_mRNA	84	766.9	106.27	89.0	7.25	99.02	0.9762	0.1999	-91.77
YDL078C_mRNA	375	867.3	79.12	82.0	2.3	76.82	0.992	0.1163	-74.53
YDL079C_mRNA	57	646.6	191.53	144.0	71.42	120.11	1.0	0.3035	-48.68
YDL080C_mRNA	57	672.7	61.86	69.0	3.04	58.82	0.9649	0.1446	-55.79
YDL081C_mRNA	9574	484.2	53.79	71.0	3.36	50.43	0.9968	0.1096	-47.07
YDL082W_mRNA	1843	572.2	42.88	13.0	2.32	40.55	0.994	0.0806	-38.23
YDL083C_mRNA	7207	505.6	45.03	20.0	3.36	41.66	0.9957	0.0898	-38.3
YDL084W_mRNA	898	743.2	43.07	18.0	4.48	38.59	0.9655	0.085	-34.1
YDL085C-A_mRNA	974	743.8	39.53	11.0	2.48	37.05	0.9754	0.0723	-34.58
YDL086C-A_mRNA	25	835.5	78.64	62.0	2.72	75.92	1.0	0.0966	-73.2
YDL086W_mRNA	187	673.9	47.75	22.0	2.53	45.21	0.984	0.0746	-42.68
YDL087C_mRNA	24	611.6	45.17	42.0	3.58	41.58	1.0	0.0839	-38.0
YDL088C_mRNA	148	755.8	65.58	77.0	4.49	61.09	0.9932	0.1231	-56.59
YDL089W_mRNA	91	613.1	46.03	25.0	2.09	43.95	0.989	0.0986	-41.86
YDL090C_mRNA	39	681.1	86.64	87.0	1.62	85.03	1.0	0.1581	-83.41
YDL091C_mRNA	61	600.6	51.36	66.0	2.56	48.8	1.0	0.1114	-46.25
YDL092W_mRNA	451	518.9	46.2	14.0	2.08	44.12	0.9911	0.0901	-42.04
YDL093W_mRNA	116	668.6	61.89	59.5	7.38	54.51	1.0	0.1439	-47.13
YDL095W_mRNA	373	699.1	44.43	21.0	2.94	41.49	0.9598	0.0805	-38.54
YDL097C_mRNA	599	725.0	51.88	71.0	2.12	49.76	0.9833	0.0935	-47.64
YDL098C_mRNA	58	688.4	48.28	22.0	2.09	46.19	1.0	0.0727	-44.1
YDL099W_mRNA	146	549.3	41.51	13.5	1.69	39.82	0.9726	0.0895	-38.12
YDL100C_mRNA	539	633.5	41.12	12.0	2.3	38.83	0.9759	0.0772	-36.53
YDL101C_mRNA	117	561.6	63.1	75.0	11.44	51.67	0.9915	0.1458	-40.23
YDL102W_mRNA	61	890.7	158.08	135.0	2.51	155.57	1.0	0.2234	-153.07
YDL103C_mRNA	162	665.4	47.12	27.0	2.95	44.17	0.9691	0.0975	-41.22
YDL104C_mRNA	24	832.4	95.67	81.5	1.75	93.92	1.0	0.1394	-92.17
YDL105W_mRNA	51	549.5	39.33	12.0	2.94	36.39	1.0	0.0781	-33.45
YDL106C_mRNA	70	708.7	99.67	104.0	3.57	96.1	1.0	0.188	-92.53
YDL107W_mRNA	103	617.0	58.46	16.0	12.19	46.26	0.9417	0.1207	-34.07
YDL108W_mRNA	107	679.6	66.3	57.0	9.86	56.44	1.0	0.1307	-46.58
YDL110C_mRNA	96	545.0	63.69	37.5	3.97	59.72	1.0	0.1241	-55.75
YDL111C_mRNA	209	594.2	51.3	56.0	6.4	44.9	0.9856	0.1024	-38.5
YDL112W_mRNA	274	829.9	52.54	69.0	2.42	50.12	0.9854	0.093	-47.7
YDL113C_mRNA	167	696.9	45.84	18.0	1.62	44.22	0.982	0.0911	-42.6
YDL115C_mRNA	85	574.9	48.6	17.0	10.84	37.76	1.0	0.0935	-26.93
YDL116W_mRNA	236	775.9	66.0	48.0	1.41	64.59	0.9831	0.1157	-63.18
YDL117W_mRNA	89	637.1	52.01	14.0	11.62	40.39	0.9888	0.125	-28.78
YDL119C_mRNA	97	646.3	57.22	61.0	5.29	51.93	1.0	0.0951	-46.64
YDL120W_mRNA	182	534.2	50.8	67.5	2.97	47.83	0.9945	0.1146	-44.86
YDL121C_mRNA	405	535.2	52.48	42.0	3.67	48.81	0.9901	0.1016	-45.15
YDL122W_mRNA	31	445.7	29.06	13.0	3.55	25.52	1.0	0.0886	-21.97
YDL123W_mRNA	306	510.8	76.05	80.0	4.81	71.24	1.0	0.1561	-66.42
YDL124W_mRNA	481	746.1	50.62	37.0	3.33	47.29	0.9958	0.0762	-43.96
YDL125C_mRNA	779	531.9	61.44	45.0	4.5	56.94	0.9949	0.1272	-52.44
YDL126C_mRNA	1209	733.3	48.95	34.0	2.18	46.77	0.9677	0.0946	-44.59
YDL127W_mRNA	42	572.4	55.88	72.5	2.64	53.24	1.0	0.1292	-50.6
YDL128W_mRNA	226	643.7	73.27	72.0	18.04	55.23	0.9867	0.1591	-37.19
YDL129W_mRNA	31	484.4	75.74	80.0	18.45	57.29	1.0	0.1862	-38.84
YDL130W-A_mRNA	200	406.7	45.42	22.0	3.12	42.29	1.0	0.1141	-39.16
YDL130W_mRNA	6230	437.7	51.85	68.0	4.21	47.63	0.9681	0.114	-43.42
YDL131W_mRNA	487	713.8	46.2	20.0	2.59	43.62	0.9979	0.0932	-41.03
YDL132W_mRNA	119	969.8	217.35	207.0	42.81	174.55	1.0	0.3207	-131.74
YDL133C-A_mRNA	26193	307.6	29.36	6.0	1.77	27.6	0.9244	0.0849	-25.83
YDL133W_mRNA	113	635.2	58.57	70.0	2.1	56.47	1.0	0.1179	-54.37
YDL134C_mRNA	377	688.3	56.84	52.0	14.01	42.84	0.9814	0.1106	-28.83
YDL135C_mRNA	702	646.4	53.82	66.5	2.29	51.53	0.9815	0.0927	-49.24
YDL136W_mRNA	6135	468.7	44.36	17.0	4.49	39.87	0.9951	0.0923	-35.38
YDL137W_mRNA	1558	661.2	53.96	60.0	11.83	42.14	0.9891	0.0849	-30.31
YDL138W_mRNA	46	723.7	111.89	82.0	16.76	95.13	1.0	0.1949	-78.37
YDL139C_mRNA	10	335.8	65.5	68.5	0.3	65.2	0.9	0.2124	-64.9
YDL140C_mRNA	124	639.2	149.35	137.5	28.6	120.75	0.9919	0.2651	-92.15
YDL141W_mRNA	113	694.1	63.73	75.0	13.84	49.88	0.9912	0.1658	-36.04
YDL142C_mRNA	76	596.7	48.32	32.0	3.21	45.11	0.9868	0.0916	-41.89
YDL143W_mRNA	519	726.4	50.64	64.0	2.83	47.81	0.9981	0.0955	-44.97
YDL144C_mRNA	75	780.7	56.83	18.0	4.64	52.19	1.0	0.0796	-47.55
YDL145C_mRNA	561	712.6	59.78	70.0	2.56	57.22	0.984	0.1222	-54.65
YDL146W_mRNA	77	651.4	67.13	75.0	5.38	61.75	1.0	0.1299	-56.38
YDL147W_mRNA	1185	871.0	50.43	22.0	2.64	47.79	0.9983	0.074	-45.15
YDL148C_mRNA	259	707.8	52.46	27.0	3.87	48.59	0.9961	0.0986	-44.72
YDL149W_mRNA	51	837.1	135.2	136.0	7.8	127.39	1.0	0.1971	-119.59
YDL150W_mRNA	209	519.9	58.96	53.0	2.14	56.82	1.0	0.1279	-54.67
YDL153C_mRNA	341	648.8	49.32	22.0	2.62	46.7	0.9971	0.097	-44.07
YDL154W_mRNA	48	757.8	152.38	156.0	2.08	150.29	1.0	0.2268	-148.21
YDL155W_mRNA	86	614.1	59.24	50.0	3.73	55.51	0.9884	0.1418	-51.78
YDL157C_mRNA	912	514.3	42.93	15.5	2.58	40.35	0.9846	0.0833	-37.77
YDL158C_mRNA	9	197.0	43.89	20.0	2.0	41.89	1.0	0.2083	-39.89
YDL159W_mRNA	47	585.1	49.26	61.0	2.62	46.64	0.9787	0.1227	-44.02
YDL160C-A_mRNA	348	461.3	46.89	19.0	3.8	43.09	0.9943	0.0982	-39.29
YDL160C_mRNA	42	1102.9	422.17	347.5	64.33	357.83	1.0	0.428	-293.5
YDL161W_mRNA	151	725.2	56.15	73.0	3.0	53.15	0.9868	0.1012	-50.15
YDL164C_mRNA	55	705.2	35.73	13.0	0.93	34.8	1.0	0.0748	-33.87
YDL165W_mRNA	145	493.5	42.07	18.0	1.94	40.12	0.9931	0.1068	-38.18
YDL166C_mRNA	176	615.2	44.64	13.0	5.09	39.55	1.0	0.0791	-34.45
YDL167C_mRNA	121	688.3	50.66	68.0	2.0	48.66	0.9917	0.0918	-46.66
YDL168W_mRNA	325	798.4	46.09	15.0	3.61	42.48	0.9692	0.0699	-38.88
YDL169C_mRNA	20	455.8	42.6	7.5	24.85	17.75	1.0	0.1307	7.1
YDL170W_mRNA	48	736.4	47.65	25.5	2.38	45.27	1.0	0.1096	-42.9
YDL171C_mRNA	351	844.4	158.27	145.0	4.04	154.23	1.0	0.2737	-150.19
YDL172C_mRNA	28	399.9	130.46	126.5	2.75	127.71	1.0	0.3329	-124.96
YDL173W_mRNA	51	919.0	171.86	143.0	13.45	158.41	1.0	0.1864	-144.96
YDL174C_mRNA	94	879.7	125.85	101.5	8.29	117.56	1.0	0.2107	-109.28
YDL175C_mRNA	76	630.1	58.11	73.0	1.99	56.12	0.9737	0.1134	-54.13
YDL176W_mRNA	86	676.4	58.62	73.0	7.35	51.27	1.0	0.1218	-43.92
YDL177C_mRNA	58	518.7	44.19	16.5	1.07	43.12	1.0	0.0884	-42.05
YDL178W_mRNA	203	736.1	46.36	14.0	3.3	43.06	0.9951	0.0769	-39.77
YDL179W_mRNA	81	563.0	59.95	74.0	7.86	52.09	0.9753	0.122	-44.22
YDL180W_mRNA	197	708.0	72.01	76.0	4.16	67.85	0.9848	0.1406	-63.7
YDL181W_mRNA	380	436.5	89.69	68.0	11.65	78.04	1.0	0.1769	-66.4
YDL182W_mRNA	271	780.0	64.4	71.0	12.62	51.78	1.0	0.1234	-39.16
YDL183C_mRNA	139	822.9	91.02	87.0	1.89	89.13	1.0	0.1158	-87.24
YDL184C_mRNA	36257	314.9	33.07	8.0	2.9	30.18	0.9923	0.0968	-27.28
YDL185W_mRNA	1529	820.9	47.98	62.0	2.64	45.34	0.9784	0.0834	-42.7
YDL186W_mRNA	8	601.2	70.88	60.5	6.0	64.88	1.0	0.1213	-58.88
YDL187C_mRNA	23	608.1	73.04	65.0	20.61	52.43	1.0	0.133	-31.83
YDL188C_mRNA	128	835.5	60.02	60.0	2.77	57.26	0.9844	0.0851	-54.49
YDL189W_mRNA	116	637.6	41.79	11.5	5.13	36.66	0.9741	0.0821	-31.53
YDL190C_mRNA	129	904.1	241.98	226.0	8.11	233.87	1.0	0.3295	-225.76
YDL191W_mRNA	10626	465.0	47.24	18.0	2.53	44.71	0.9977	0.0989	-42.17
YDL192W_mRNA	5263	618.6	42.54	14.0	3.46	39.08	0.9664	0.0705	-35.62
YDL193W_mRNA	195	573.7	48.55	26.0	5.83	42.72	0.9897	0.1064	-36.9
YDL194W_mRNA	38	805.0	166.63	162.0	14.68	151.95	1.0	0.3044	-137.26
YDL195W_mRNA	335	743.9	49.89	37.0	4.61	45.27	0.9821	0.094	-40.66
YDL197C_mRNA	52	745.9	92.33	76.5	2.67	89.65	1.0	0.1753	-86.98
YDL198C_mRNA	740	578.5	55.99	72.0	2.7	53.29	0.9919	0.1311	-50.59
YDL199C_mRNA	38	704.8	131.74	114.5	24.42	107.32	0.9737	0.2328	-82.89
YDL200C_mRNA	200	550.7	55.8	56.5	2.31	53.48	1.0	0.1049	-51.18
YDL201W_mRNA	98	692.4	53.74	15.0	2.87	50.88	0.9592	0.0923	-48.01
YDL202W_mRNA	102	552.4	39.95	13.5	2.07	37.88	0.9608	0.0898	-35.81
YDL203C_mRNA	70	720.9	52.06	20.0	1.56	50.5	1.0	0.1019	-48.94
YDL204W_mRNA	76	611.3	44.95	18.5	4.66	40.29	0.9737	0.1058	-35.63
YDL205C_mRNA	105	565.8	56.21	63.0	9.56	46.65	0.9524	0.122	-37.09
YDL206W_mRNA	53	742.1	68.72	69.0	2.53	66.19	0.9623	0.1369	-63.66
YDL207W_mRNA	42	699.2	53.12	69.0	1.0	52.12	1.0	0.1025	-51.12
YDL208W_mRNA	914	490.9	38.34	12.0	2.48	35.86	0.9978	0.0853	-33.39
YDL209C_mRNA	41	446.1	53.54	65.0	5.22	48.32	0.9756	0.1479	-43.1
YDL210W_mRNA	20	637.4	157.3	160.0	9.6	147.7	1.0	0.3115	-138.1
YDL211C_mRNA	47	559.7	64.4	79.0	1.85	62.55	1.0	0.1205	-60.7
YDL212W_mRNA	1288	653.1	46.95	24.5	3.03	43.92	0.9682	0.079	-40.89
YDL213C_mRNA	353	459.8	37.81	10.0	3.75	34.06	0.9547	0.095	-30.31
YDL214C_mRNA	10	504.9	74.2	74.5	7.5	66.7	1.0	0.1535	-59.2
YDL215C_mRNA	165	793.3	50.93	56.0	2.5	48.42	1.0	0.0887	-45.92
YDL216C_mRNA	44	728.9	60.52	74.0	2.55	57.98	1.0	0.104	-55.43
YDL217C_mRNA	98	638.2	60.93	58.0	15.23	45.69	1.0	0.1038	-30.46
YDL219W_mRNA	447	615.5	50.91	60.0	3.37	47.54	0.9843	0.0838	-44.17
YDL220C_mRNA	5	831.8	96.2	5.0	2.6	93.6	0.8	0.069	-91.0
YDL221W_mRNA	14	453.6	185.93	168.5	8.21	177.71	1.0	0.4289	-169.5
YDL222C_mRNA	9	641.6	299.89	331.0	11.89	288.0	1.0	0.4657	-276.11
YDL223C_mRNA	25	673.4	260.16	280.0	12.88	247.28	1.0	0.4585	-234.4
YDL224C_mRNA	87	809.2	210.94	190.0	29.68	181.26	0.9885	0.3333	-151.59
YDL225W_mRNA	205	710.4	52.87	52.0	8.97	43.9	0.9561	0.1089	-34.94
YDL226C_mRNA	368	645.2	66.98	21.0	22.83	44.15	0.9891	0.1321	-21.32
YDL227C_mRNA	71	691.9	63.56	76.0	2.48	61.08	0.9859	0.1296	-58.61
YDL228C_mRNA	84	645.5	94.73	92.5	3.62	91.11	1.0	0.1475	-87.49
YDL229W_mRNA	3833	967.1	53.42	33.0	2.39	51.03	0.994	0.0829	-48.65
YDL230W_mRNA	51	619.0	54.88	73.0	3.53	51.35	1.0	0.1082	-47.82
YDL231C_mRNA	100	774.8	116.01	114.5	6.62	109.39	1.0	0.2173	-102.77
YDL232W_mRNA	507	392.6	56.55	67.0	1.72	54.83	1.0	0.1395	-53.12
YDL233W_mRNA	53	743.7	56.94	74.0	1.45	55.49	1.0	0.0982	-54.04
YDL234C_mRNA	484	692.5	45.01	16.5	3.36	41.65	0.9959	0.0853	-38.29
YDL235C_mRNA	512	582.8	54.2	67.5	3.96	50.24	0.998	0.0988	-46.28
YDL236W_mRNA	376	717.7	52.73	34.5	2.16	50.57	0.9867	0.0878	-48.41
YDL237W_mRNA	131	713.3	43.18	16.0	3.22	39.96	1.0	0.0759	-36.74
YDL238C_mRNA	30	632.7	73.73	42.5	2.83	70.9	1.0	0.1089	-68.07
YDL239C_mRNA	76	680.4	124.49	115.0	34.42	90.07	0.9737	0.1839	-55.64
YDL240W_mRNA	27	874.7	271.67	293.0	4.07	267.59	1.0	0.3962	-263.52
YDL241W_mRNA	288	523.8	64.65	65.5	4.81	59.83	0.9965	0.1307	-55.02
YDL243C_mRNA	271	599.9	72.3	72.0	16.14	56.16	1.0	0.1259	-40.02
YDL244W_mRNA	6	388.5	149.33	192.0	1.83	147.5	1.0	0.3627	-145.67
YDL245C_mRNA	13	1102.5	389.85	257.0	2.46	387.38	1.0	0.3562	-384.92
YDL246C_mRNA	41	474.8	182.68	182.0	1.95	180.73	1.0	0.3898	-178.78
YDL247W_mRNA	23	887.8	330.13	198.0	17.7	312.43	1.0	0.3879	-294.74
YDL248W_mRNA	75	1101.7	409.07	283.0	27.09	381.97	0.9867	0.3531	-354.88
YDR001C_mRNA	276	818.1	145.64	138.5	11.72	133.92	1.0	0.2481	-122.2
YDR002W_mRNA	3183	579.0	45.17	16.0	1.89	43.28	0.9947	0.0838	-41.39
YDR003W-A_mRNA	173	531.7	63.5	69.0	19.42	44.08	1.0	0.1237	-24.66
YDR004W_mRNA	63	956.7	205.83	197.0	7.17	198.65	1.0	0.253	-191.48
YDR005C_mRNA	294	770.5	60.97	70.0	12.27	48.7	0.9898	0.1136	-36.44
YDR006C_mRNA	130	775.1	53.05	44.5	1.96	51.09	0.9923	0.0975	-49.13
YDR007W_mRNA	67	549.7	87.24	74.0	41.33	45.91	1.0	0.173	-4.58
YDR009W_mRNA	9	937.4	239.44	101.0	3.67	235.78	1.0	0.2691	-232.11
YDR010C_mRNA	10	390.3	40.9	18.5	3.2	37.7	1.0	0.1072	-34.5
YDR011W_mRNA	399	715.0	55.1	66.0	5.28	49.81	0.9975	0.1144	-44.53
YDR012W_mRNA	1938	813.1	57.52	49.5	3.01	54.51	0.9933	0.0789	-51.5
YDR013W_mRNA	95	611.3	53.04	20.0	4.76	48.28	0.9579	0.0917	-43.53
YDR014W_mRNA	57	1199.7	314.02	308.0	15.91	298.11	1.0	0.325	-282.19
YDR016C_mRNA	98	414.8	40.99	12.0	2.49	38.5	1.0	0.0917	-36.01
YDR017C_mRNA	110	662.9	167.61	175.0	7.87	159.74	1.0	0.3267	-151.86
YDR018C_mRNA	12	530.7	167.58	147.0	2.75	164.83	1.0	0.3267	-162.08
YDR019C_mRNA	56	729.4	57.98	58.5	10.5	47.48	0.9821	0.104	-36.98
YDR020C_mRNA	111	662.3	43.81	18.0	2.29	41.52	0.991	0.0877	-39.23
YDR021W_mRNA	62	685.1	75.56	83.5	2.58	72.98	0.9839	0.1304	-70.4
YDR022C_mRNA	29	457.1	82.93	84.0	40.07	42.86	1.0	0.2402	-2.79
YDR023W_mRNA	2692	955.8	48.1	18.0	2.59	45.5	0.9799	0.0696	-42.91
YDR025W_mRNA	4373	498.4	45.94	23.0	3.74	42.2	0.9973	0.1006	-38.46
YDR026C_mRNA	82	568.1	54.96	34.5	4.09	50.88	1.0	0.1346	-46.79
YDR027C_mRNA	112	826.9	44.84	16.0	3.73	41.11	0.9821	0.0834	-37.38
YDR028C_mRNA	149	542.0	49.17	30.0	3.23	45.93	0.9933	0.1271	-42.7
YDR030C_mRNA	57	478.2	72.84	81.0	32.11	40.74	1.0	0.2168	-8.63
YDR031W_mRNA	184	490.7	49.79	28.0	1.85	47.95	1.0	0.1026	-46.1
YDR032C_mRNA	483	629.1	44.01	20.0	4.44	39.57	0.9793	0.0812	-35.13
YDR033W_mRNA	3321	850.1	55.33	72.0	3.52	51.8	0.9964	0.09	-48.28
YDR034C-A_mRNA	60	336.2	173.87	153.5	60.98	112.88	1.0	0.4799	-51.9
YDR034C-C_mRNA	21	454.6	102.29	111.0	2.0	100.29	1.0	0.2241	-98.29
YDR034C-D_mRNA	331	781.5	301.16	327.0	3.52	297.64	0.997	0.4397	-294.12
YDR034C_mRNA	218	654.6	61.53	15.0	10.46	51.06	0.9817	0.1152	-40.6
YDR034W-B_mRNA	261	376.6	55.75	68.0	2.2	53.56	1.0	0.1411	-51.36
YDR035W_mRNA	557	673.2	47.48	22.0	1.99	45.49	0.991	0.0971	-43.5
YDR036C_mRNA	75	852.2	60.88	66.0	2.13	58.75	1.0	0.1219	-56.61
YDR037W_mRNA	1919	788.1	45.33	16.0	4.27	41.06	0.9859	0.0799	-36.78
YDR038C_mRNA	52	1092.7	207.62	202.5	19.17	188.44	1.0	0.2643	-169.27
YDR039C_mRNA	44	768.2	179.16	169.0	27.32	151.84	1.0	0.3949	-124.52
YDR040C_mRNA	153	957.4	159.69	156.0	8.12	151.57	1.0	0.2315	-143.45
YDR041W_mRNA	248	605.3	48.52	49.5	3.35	45.17	1.0	0.0876	-41.81
YDR042C_mRNA	120	390.5	60.49	73.5	8.39	52.1	0.9917	0.1884	-43.71
YDR043C_mRNA	100	522.3	74.01	77.0	16.63	57.38	0.99	0.1544	-40.75
YDR044W_mRNA	217	726.1	52.26	32.0	4.06	48.21	0.9954	0.0969	-44.15
YDR045C_mRNA	460	577.2	51.52	69.0	2.05	49.47	0.9957	0.0945	-47.42
YDR046C_mRNA	534	775.5	46.54	18.5	2.57	43.97	0.9963	0.0835	-41.41
YDR047W_mRNA	230	646.5	56.03	17.0	15.79	40.24	0.9957	0.1155	-24.45
YDR048C_mRNA	7	330.4	135.57	126.0	10.86	124.71	1.0	0.3925	-113.86
YDR049W_mRNA	36	725.2	75.89	79.0	17.17	58.72	0.9722	0.1632	-41.56
YDR050C_mRNA	8295	612.8	47.83	57.0	2.35	45.48	0.9905	0.0912	-43.14
YDR051C_mRNA	239	679.2	70.87	58.0	32.46	38.42	0.9833	0.1475	-5.96
YDR052C_mRNA	94	790.0	71.35	74.5	3.28	68.07	1.0	0.1271	-64.8
YDR054C_mRNA	193	518.5	47.53	18.0	2.9	44.63	0.9896	0.1028	-41.73
YDR055W_mRNA	295	748.3	56.26	74.0	3.36	52.9	0.9797	0.1053	-49.55
YDR056C_mRNA	346	604.9	45.75	14.0	2.35	43.4	0.9884	0.0838	-41.05
YDR057W_mRNA	42	553.1	55.36	27.5	12.93	42.43	0.9762	0.1123	-29.5
YDR058C_mRNA	42	649.8	41.98	14.0	1.98	40.0	1.0	0.0789	-38.02
YDR059C_mRNA	104	476.8	74.49	73.0	15.46	59.03	1.0	0.1674	-43.57
YDR060W_mRNA	196	638.8	103.0	67.0	2.37	100.63	0.9847	0.1848	-98.26
YDR061W_mRNA	109	744.8	47.52	18.0	1.38	46.15	0.9817	0.0798	-44.77
YDR062W_mRNA	254	1193.1	57.21	69.5	1.9	55.31	0.9921	0.0747	-53.41
YDR063W_mRNA	365	505.3	44.29	25.0	2.13	42.16	0.9863	0.0953	-40.03
YDR064W_mRNA	7729	530.0	49.26	13.0	12.14	37.12	0.9964	0.0855	-24.99
YDR065W_mRNA	174	696.1	51.13	68.0	2.35	48.78	1.0	0.0891	-46.43
YDR066C_mRNA	41	535.4	53.68	67.0	1.73	51.95	1.0	0.1171	-50.22
YDR067C_mRNA	56	638.5	47.14	23.0	2.59	44.55	1.0	0.0783	-41.96
YDR068W_mRNA	59	711.7	67.76	31.0	27.69	40.07	0.9661	0.1237	-12.37
YDR069C_mRNA	51	730.5	191.02	194.0	8.24	182.78	1.0	0.2848	-174.55
YDR070C_mRNA	28	401.2	41.32	15.5	1.93	39.39	1.0	0.1216	-37.46
YDR071C_mRNA	1597	594.5	38.22	10.0	2.74	35.48	0.9606	0.0681	-32.74
YDR072C_mRNA	249	640.2	58.0	71.0	4.9	53.1	0.992	0.1164	-48.19
YDR073W_mRNA	227	432.6	54.54	22.0	15.0	39.54	0.9912	0.1281	-24.55
YDR074W_mRNA	365	821.1	62.31	68.0	3.63	58.68	0.9918	0.1201	-55.05
YDR075W_mRNA	78	835.8	61.31	75.5	2.24	59.06	1.0	0.0911	-56.82
YDR076W_mRNA	31	446.0	48.94	49.0	10.94	38.0	1.0	0.1153	-27.06
YDR077W_mRNA	3075	702.3	70.79	83.0	4.16	66.63	0.9971	0.1265	-62.47
YDR078C_mRNA	146	323.1	81.29	73.5	35.59	45.7	1.0	0.2674	-10.11
YDR079C-A_mRNA	183	420.1	43.74	21.0	1.48	42.26	1.0	0.1016	-40.79
YDR079W_mRNA	184	447.0	33.55	10.0	2.46	31.09	0.9891	0.0769	-28.62
YDR080W_mRNA	110	1034.6	226.35	199.5	1.64	224.71	1.0	0.2862	-223.07
YDR081C_mRNA	77	842.2	105.68	77.0	31.62	74.05	0.974	0.1695	-42.43
YDR082W_mRNA	44	818.4	63.7	83.0	1.61	62.09	1.0	0.1031	-60.48
YDR083W_mRNA	43	744.5	43.14	13.0	8.84	34.3	1.0	0.0622	-25.47
YDR084C_mRNA	255	621.3	51.79	61.0	6.29	45.5	0.9725	0.0897	-39.21
YDR085C_mRNA	93	646.2	136.2	122.0	8.02	128.18	0.9892	0.2771	-120.16
YDR086C_mRNA	2361	458.5	50.13	38.0	13.43	36.7	0.9958	0.1058	-23.27
YDR087C_mRNA	179	635.4	44.75	16.0	1.8	42.94	1.0	0.086	-41.14
YDR088C_mRNA	62	624.2	53.63	77.0	1.1	52.53	0.9677	0.1031	-51.44
YDR089W_mRNA	53	817.6	143.45	140.0	9.34	134.11	1.0	0.2367	-124.77
YDR090C_mRNA	163	663.3	63.56	70.0	8.41	55.15	0.9387	0.1302	-46.74
YDR091C_mRNA	436	886.9	50.91	31.0	3.4	47.51	0.9977	0.0821	-44.11
YDR092W_mRNA	126	505.9	61.4	24.0	10.1	51.31	0.9841	0.1207	-41.21
YDR093W_mRNA	14	961.9	76.36	68.5	4.5	71.86	1.0	0.1121	-67.36
YDR094W_mRNA	82	610.0	47.23	25.5	4.44	42.79	1.0	0.1118	-38.35
YDR096W_mRNA	126	843.4	218.14	219.5	14.14	204.0	1.0	0.3456	-189.86
YDR097C_mRNA	98	848.8	55.53	63.0	2.27	53.27	0.9898	0.0876	-51.0
YDR098C-B_mRNA	333	1436.0	269.41	324.0	4.52	264.89	0.997	0.2652	-260.37
YDR098C_mRNA	415	592.1	44.77	16.0	2.32	42.44	0.9928	0.0858	-40.12
YDR099W_mRNA	870	870.4	114.99	94.5	58.65	56.34	0.9954	0.1392	2.3
YDR100W_mRNA	391	435.4	49.04	56.0	5.26	43.77	0.9974	0.1161	-38.51
YDR101C_mRNA	502	737.0	50.39	34.0	2.8	47.6	0.988	0.0845	-44.8
YDR102C_mRNA	11	370.9	195.27	205.0	38.36	156.91	1.0	0.4932	-118.55
YDR103W_mRNA	127	723.0	92.4	66.0	2.43	89.97	0.9921	0.165	-87.54
YDR104C_mRNA	41	596.5	110.93	100.0	11.78	99.15	1.0	0.2217	-87.37
YDR105C_mRNA	59	762.0	73.93	82.0	13.47	60.46	1.0	0.1278	-46.98
YDR106W_mRNA	10	438.4	77.1	76.5	12.2	64.9	1.0	0.1661	-52.7
YDR107C_mRNA	442	518.4	338.88	392.0	301.14	37.74	1.0	0.6776	263.39
YDR108W_mRNA	58	795.4	41.72	11.0	1.93	39.79	1.0	0.084	-37.86
YDR109C_mRNA	22	634.1	47.23	20.5	1.73	45.5	0.9545	0.1066	-43.77
YDR110W_mRNA	35	1001.2	59.31	31.0	3.77	55.54	1.0	0.0808	-51.77
YDR111C_mRNA	93	645.0	53.59	10.0	3.75	49.84	0.9892	0.1054	-46.09
YDR113C_mRNA	23	796.8	49.83	21.0	6.22	43.61	0.9565	0.0806	-37.39
YDR115W_mRNA	369	451.4	40.39	12.0	2.6	37.79	0.9864	0.0891	-35.18
YDR116C_mRNA	144	636.9	61.03	73.5	2.26	58.77	1.0	0.1067	-56.51
YDR117C_mRNA	93	671.7	45.98	19.0	5.49	40.48	0.9785	0.0918	-34.99
YDR118W-A_mRNA	20	572.8	78.65	86.5	2.65	76.0	1.0	0.1543	-73.35
YDR118W_mRNA	30	978.1	69.83	45.0	8.73	61.1	1.0	0.0729	-52.37
YDR119W-A_mRNA	198	433.3	40.17	13.5	3.27	36.9	0.9949	0.0945	-33.63
YDR119W_mRNA	209	846.6	55.01	72.0	2.88	52.13	1.0	0.0956	-49.26
YDR120C_mRNA	172	763.0	51.67	28.0	2.9	48.77	0.9942	0.088	-45.87
YDR121W_mRNA	12	371.5	38.58	19.5	1.58	37.0	0.9167	0.1289	-35.42
YDR122W_mRNA	105	768.7	183.65	177.0	12.32	171.32	1.0	0.2667	-159.0
YDR123C_mRNA	158	564.9	53.94	68.0	11.4	42.54	0.981	0.123	-31.15
YDR124W_mRNA	61	632.7	103.79	73.0	40.11	63.67	1.0	0.146	-23.56
YDR125C_mRNA	38	595.0	104.71	83.5	18.05	86.66	1.0	0.1855	-68.61
YDR126W_mRNA	90	410.2	59.88	73.5	4.82	55.06	1.0	0.1759	-50.23
YDR127W_mRNA	567	885.5	116.61	123.0	4.95	111.66	0.9912	0.2019	-106.71
YDR128W_mRNA	92	857.1	183.3	191.0	1.85	181.46	1.0	0.3204	-179.61
YDR129C_mRNA	746	845.2	58.19	66.0	2.74	55.45	0.992	0.0991	-52.71
YDR130C_mRNA	46	739.5	53.98	62.5	1.39	52.59	1.0	0.0796	-51.2
YDR131C_mRNA	47	710.7	54.74	66.0	1.91	52.83	1.0	0.1141	-50.91
YDR132C_mRNA	77	760.6	77.39	72.0	15.81	61.58	1.0	0.1325	-45.78
YDR133C_mRNA	1617	566.6	106.55	111.0	6.25	100.3	0.9994	0.2074	-94.05
YDR135C_mRNA	430	710.8	57.9	40.0	8.24	49.66	0.9953	0.1139	-41.42
YDR137W_mRNA	116	890.1	176.72	165.5	8.23	168.49	1.0	0.2718	-160.26
YDR138W_mRNA	152	671.9	57.36	42.5	7.48	49.88	1.0	0.1094	-42.4
YDR139C_mRNA	587	414.1	44.59	20.0	2.87	41.73	1.0	0.1028	-38.86
YDR140W_mRNA	122	483.6	73.01	71.0	24.28	48.73	0.9918	0.1642	-24.45
YDR141C_mRNA	125	990.9	136.05	135.0	2.71	133.34	1.0	0.1843	-130.62
YDR142C_mRNA	63	686.5	53.19	59.0	4.56	48.63	1.0	0.104	-44.08
YDR143C_mRNA	64	703.3	53.09	24.5	9.06	44.03	1.0	0.1046	-34.97
YDR144C_mRNA	168	757.2	47.43	63.5	1.75	45.68	0.9524	0.0903	-43.93
YDR145W_mRNA	196	686.5	54.19	67.0	4.57	49.62	0.9949	0.1143	-45.05
YDR146C_mRNA	33	724.0	185.03	171.0	5.06	179.97	1.0	0.3376	-174.91
YDR147W_mRNA	62	792.0	66.68	71.5	2.45	64.23	0.9677	0.1	-61.77
YDR148C_mRNA	275	674.8	46.41	19.0	2.13	44.27	0.9964	0.0973	-42.14
YDR150W_mRNA	110	672.1	85.39	68.0	1.56	83.83	1.0	0.1899	-82.26
YDR151C_mRNA	249	760.3	55.61	72.0	2.91	52.7	0.996	0.0946	-49.79
YDR152W_mRNA	82	581.4	56.39	49.5	1.46	54.93	1.0	0.1178	-53.46
YDR153C_mRNA	117	716.1	47.37	35.0	3.43	43.94	0.9829	0.0852	-40.51
YDR154C_mRNA	2529	455.1	50.11	51.0	8.56	41.55	0.9996	0.1202	-33.0
YDR155C_mRNA	2722	639.0	59.73	76.0	2.27	57.46	0.9963	0.0932	-55.2
YDR156W_mRNA	243	481.8	48.35	30.0	2.63	45.72	0.9794	0.102	-43.09
YDR157W_mRNA	5	223.8	71.0	89.0	7.0	64.0	1.0	0.3447	-57.0
YDR158W_mRNA	2640	681.5	49.3	39.0	2.74	46.56	0.9962	0.0994	-43.81
YDR159W_mRNA	59	663.9	94.37	79.0	8.51	85.86	1.0	0.2032	-77.36
YDR160W_mRNA	42	758.7	167.02	135.5	97.05	69.98	0.9524	0.2312	27.07
YDR161W_mRNA	227	705.0	47.31	14.0	2.22	45.09	1.0	0.0814	-42.87
YDR162C_mRNA	79	556.4	39.3	15.0	2.32	36.99	1.0	0.0913	-34.67
YDR163W_mRNA	83	498.9	57.13	19.0	15.99	41.14	1.0	0.1026	-25.16
YDR164C_mRNA	78	743.4	51.54	65.5	4.18	47.36	0.9872	0.1065	-43.18
YDR165W_mRNA	445	624.3	52.76	65.0	5.93	46.83	0.991	0.1016	-40.9
YDR166C_mRNA	55	1173.5	144.58	131.0	11.42	133.16	1.0	0.1469	-121.75
YDR167W_mRNA	310	627.5	48.09	27.0	1.82	46.27	0.9968	0.0851	-44.46
YDR168W_mRNA	588	972.2	47.08	15.5	3.09	43.99	0.9473	0.0681	-40.91
YDR169C-A_mRNA	7	666.1	529.57	498.0	62.14	467.43	1.0	0.7468	-405.29
YDR169C_mRNA	67	749.5	128.24	113.0	3.15	125.09	1.0	0.1899	-121.94
YDR170C_mRNA	453	977.5	245.12	242.0	4.85	240.28	0.9956	0.3442	-235.43
YDR170W-A_mRNA	27	597.6	150.59	132.0	3.78	146.81	1.0	0.2508	-143.04
YDR171W_mRNA	2483	700.9	44.87	16.0	2.9	41.96	0.994	0.0821	-39.06
YDR172W_mRNA	893	704.8	53.62	67.0	2.7	50.92	0.9866	0.0998	-48.21
YDR173C_mRNA	42	459.8	51.98	69.5	2.69	49.29	0.9524	0.1313	-46.6
YDR174W_mRNA	504	697.6	44.71	18.5	3.42	41.29	0.996	0.0791	-37.87
YDR175C_mRNA	62	787.5	88.69	103.0	1.53	87.16	1.0	0.1422	-85.63
YDR176W_mRNA	120	644.2	48.45	22.5	2.68	45.77	0.975	0.0907	-43.08
YDR177W_mRNA	471	689.8	42.67	13.0	2.34	40.34	0.983	0.0654	-38.0
YDR178W_mRNA	169	631.8	59.48	75.0	3.51	55.97	0.9882	0.1084	-52.46
YDR179C_mRNA	49	564.3	51.14	71.0	0.98	50.16	1.0	0.0955	-49.18
YDR179W-A_mRNA	100	674.4	40.58	15.0	3.96	36.62	0.99	0.0808	-32.66
YDR180W_mRNA	71	801.9	59.99	46.0	14.38	45.61	1.0	0.0998	-31.23
YDR181C_mRNA	112	690.0	62.95	78.5	3.12	59.82	1.0	0.1128	-56.7
YDR182W-A_mRNA	70	517.5	61.8	74.5	6.1	55.7	1.0	0.135	-49.6
YDR182W_mRNA	118	763.5	54.25	64.0	3.46	50.8	1.0	0.0938	-47.34
YDR183C-A_mRNA	52	447.2	50.65	63.0	9.29	41.37	0.9808	0.1331	-32.08
YDR183W_mRNA	98	639.4	85.32	72.0	3.48	81.84	1.0	0.1363	-78.36
YDR184C_mRNA	59	824.5	55.68	32.0	6.98	48.69	1.0	0.0785	-41.71
YDR185C_mRNA	148	572.7	57.76	67.0	4.5	53.26	1.0	0.1108	-48.76
YDR186C_mRNA	119	724.5	149.13	135.0	2.03	147.1	0.9916	0.2804	-145.08
YDR188W_mRNA	435	738.6	49.05	19.0	2.96	46.09	0.9977	0.0906	-43.13
YDR189W_mRNA	196	833.2	53.04	67.0	1.63	51.41	0.9847	0.0809	-49.78
YDR190C_mRNA	640	775.4	50.44	65.0	2.56	47.88	0.9641	0.083	-45.33
YDR191W_mRNA	30	470.6	37.73	12.0	1.17	36.57	1.0	0.0915	-35.4
YDR192C_mRNA	31	794.4	55.13	66.0	2.9	52.23	1.0	0.0928	-49.32
YDR194C_mRNA	491	893.4	50.96	18.0	4.95	46.01	0.9878	0.0815	-41.05
YDR195W_mRNA	64	888.5	50.64	33.5	3.41	47.23	1.0	0.1025	-43.83
YDR196C_mRNA	205	594.1	53.2	68.0	3.18	50.01	1.0	0.1079	-46.83
YDR197W_mRNA	84	514.0	42.27	18.0	2.37	39.9	0.9881	0.1126	-37.54
YDR198C_mRNA	79	734.5	46.05	14.0	1.24	44.81	0.9873	0.0745	-43.57
YDR200C_mRNA	110	900.1	54.6	23.5	3.96	50.64	0.9818	0.0744	-46.67
YDR201W_mRNA	64	474.3	52.3	68.5	2.52	49.78	0.9844	0.1162	-47.27
YDR202C_mRNA	94	762.8	51.41	68.0	2.37	49.04	0.9787	0.0799	-46.67
YDR204W_mRNA	90	629.6	43.91	14.0	5.54	38.37	1.0	0.0772	-32.82
YDR205W_mRNA	29	1027.2	80.03	82.0	5.97	74.07	1.0	0.136	-68.1
YDR206W_mRNA	100	824.7	255.69	254.5	59.81	195.88	1.0	0.3964	-136.07
YDR207C_mRNA	55	775.9	197.85	186.0	3.22	194.64	1.0	0.3251	-191.42
YDR208W_mRNA	107	737.6	49.97	26.0	3.47	46.5	0.972	0.0925	-43.04
YDR209C_mRNA	6	332.2	40.67	41.0	1.33	39.33	1.0	0.1102	-38.0
YDR210C-C_mRNA	7	543.6	130.0	124.0	8.43	121.57	1.0	0.2725	-113.14
YDR210C-D_mRNA	783	945.7	305.62	328.0	4.64	300.98	0.9936	0.3696	-296.33
YDR210W-A_mRNA	11	520.2	77.0	46.0	7.73	69.27	0.9091	0.1643	-61.55
YDR210W-B_mRNA	325	672.0	302.27	326.0	2.99	299.28	1.0	0.473	-296.29
YDR210W_mRNA	1041	498.1	53.74	67.0	2.12	51.61	0.9741	0.1114	-49.49
YDR211W_mRNA	356	842.5	46.34	18.5	1.99	44.35	0.9888	0.0755	-42.37
YDR212W_mRNA	562	766.4	49.38	24.0	2.13	47.25	0.9947	0.0852	-45.12
YDR213W_mRNA	49	615.6	136.0	165.0	1.96	134.04	1.0	0.259	-132.08
YDR214W_mRNA	599	747.5	53.35	62.0	1.96	51.39	0.9933	0.0935	-49.43
YDR215C_mRNA	7	500.1	230.57	157.0	45.14	185.43	1.0	0.4257	-140.29
YDR216W_mRNA	53	1383.9	299.7	321.0	49.43	250.26	1.0	0.279	-200.83
YDR217C_mRNA	100	840.4	109.43	114.5	2.37	107.06	0.99	0.1811	-104.69
YDR218C_mRNA	8	375.2	127.88	124.5	2.88	125.0	1.0	0.3482	-122.12
YDR219C_mRNA	69	717.1	60.13	23.0	1.32	58.81	1.0	0.108	-57.49
YDR221W_mRNA	69	836.8	55.67	73.0	1.84	53.83	0.9855	0.1012	-51.99
YDR222W_mRNA	146	885.2	71.12	71.5	12.8	58.32	0.9932	0.1123	-45.52
YDR223W_mRNA	37	782.9	92.49	76.0	24.38	68.11	1.0	0.1441	-43.73
YDR224C_mRNA	3425	462.3	44.41	17.0	3.37	41.03	0.9836	0.0976	-37.66
YDR225W_mRNA	5835	571.9	53.87	37.0	3.11	50.77	0.9974	0.097	-47.66
YDR226W_mRNA	1177	645.7	57.33	49.0	2.8	54.53	0.9932	0.1075	-51.73
YDR227W_mRNA	87	722.3	80.3	85.0	2.71	77.59	1.0	0.1586	-74.87
YDR228C_mRNA	90	699.6	63.73	20.0	14.93	48.8	1.0	0.1026	-33.87
YDR229W_mRNA	38	720.6	38.0	11.5	2.97	35.03	1.0	0.0746	-32.05
YDR231C_mRNA	66	524.3	39.62	10.0	6.23	33.39	1.0	0.0773	-27.17
YDR232W_mRNA	240	631.4	46.38	19.5	3.56	42.82	0.9833	0.1017	-39.26
YDR233C_mRNA	831	784.9	60.08	75.0	4.04	56.04	0.9964	0.0896	-52.0
YDR234W_mRNA	359	722.0	54.45	32.0	9.84	44.61	0.9861	0.1152	-34.77
YDR235W_mRNA	180	831.5	46.46	16.0	2.49	43.97	1.0	0.0702	-41.48
YDR236C_mRNA	216	624.4	58.15	60.0	2.13	56.02	1.0	0.1055	-53.89
YDR237W_mRNA	140	708.4	40.09	14.0	2.16	37.93	0.9786	0.0663	-35.76
YDR238C_mRNA	473	741.7	45.2	18.0	3.61	41.59	0.9937	0.0877	-37.99
YDR239C_mRNA	49	621.5	100.27	84.0	3.06	97.2	1.0	0.2189	-94.14
YDR240C_mRNA	59	625.5	49.44	23.0	1.25	48.19	1.0	0.0957	-46.93
YDR241W_mRNA	60	524.2	421.07	423.0	0.6	420.47	1.0	0.7965	-419.87
YDR242W_mRNA	86	830.8	78.45	85.0	10.88	67.57	1.0	0.1283	-56.69
YDR243C_mRNA	67	864.3	87.91	76.0	8.57	79.34	1.0	0.1261	-70.78
YDR244W_mRNA	73	619.6	51.53	34.0	3.33	48.21	1.0	0.1076	-44.88
YDR245W_mRNA	256	608.9	48.22	24.5	3.48	44.73	0.9961	0.1002	-41.25
YDR246W-A_mRNA	6	515.7	337.5	347.0	59.67	277.83	1.0	0.6372	-218.17
YDR246W_mRNA	70	617.2	76.29	66.0	3.87	72.41	0.9714	0.1358	-68.54
YDR247W_mRNA	21	742.8	70.29	77.0	20.38	49.9	1.0	0.1153	-29.52
YDR248C_mRNA	129	589.6	42.32	10.0	4.59	37.73	0.9845	0.079	-33.14
YDR249C_mRNA	66	585.6	59.26	74.5	5.45	53.8	1.0	0.1307	-48.35
YDR251W_mRNA	201	923.0	92.82	100.0	2.06	90.76	1.0	0.1619	-88.69
YDR252W_mRNA	52	677.7	59.69	66.0	9.31	50.38	1.0	0.0968	-41.08
YDR253C_mRNA	28	542.6	75.64	79.5	2.82	72.82	1.0	0.1703	-70.0
YDR254W_mRNA	67	717.3	64.57	68.0	11.99	52.58	1.0	0.0958	-40.6
YDR255C_mRNA	38	798.2	79.37	13.0	2.58	76.79	0.9474	0.0756	-74.21
YDR256C_mRNA	20	755.1	163.85	164.5	13.0	150.85	1.0	0.2785	-137.85
YDR257C_mRNA	151	700.7	49.77	64.0	2.15	47.63	0.9934	0.0989	-45.48
YDR258C_mRNA	1553	807.1	49.72	20.0	1.98	47.75	0.9948	0.0851	-45.77
YDR259C_mRNA	71	404.3	65.15	64.0	4.37	60.79	0.9718	0.1584	-56.42
YDR260C_mRNA	69	568.5	79.58	81.0	5.23	74.35	1.0	0.162	-69.12
YDR261C-D_mRNA	1763	1130.1	321.76	355.0	2.56	319.2	0.9938	0.3241	-316.63
YDR261C_mRNA	185	654.7	55.74	63.0	9.62	46.12	0.9946	0.1207	-36.5
YDR261W-A_mRNA	16	486.6	124.38	128.0	3.5	120.88	1.0	0.2692	-117.38
YDR261W-B_mRNA	296	1118.5	293.34	323.5	6.97	286.38	0.9899	0.2969	-279.41
YDR262W_mRNA	140	683.7	55.44	70.5	8.54	46.9	0.9929	0.0928	-38.36
YDR263C_mRNA	13	1020.8	229.38	103.0	79.0	150.38	1.0	0.1883	-71.38
YDR264C_mRNA	176	763.5	48.94	23.5	2.24	46.7	0.9943	0.0938	-44.47
YDR265W_mRNA	103	717.9	48.95	14.0	2.54	46.41	0.9903	0.0829	-43.86
YDR266C_mRNA	156	594.8	49.99	24.0	3.51	46.48	0.9936	0.1267	-42.97
YDR267C_mRNA	93	641.3	65.39	68.0	1.02	64.37	1.0	0.1215	-63.34
YDR268W_mRNA	50	554.3	59.68	82.0	6.8	52.88	0.98	0.1489	-46.08
YDR270W_mRNA	9	1184.8	68.89	84.0	4.89	64.0	1.0	0.0643	-59.11
YDR271C_mRNA	14	394.6	49.79	42.0	2.07	47.71	1.0	0.113	-45.64
YDR272W_mRNA	266	732.0	42.71	12.5	2.92	39.79	0.9962	0.0591	-36.87
YDR273W_mRNA	25	321.6	49.16	18.0	9.04	40.12	1.0	0.153	-31.08
YDR275W_mRNA	232	759.0	40.91	11.0	1.81	39.09	0.9828	0.0588	-37.28
YDR276C_mRNA	1504	413.6	56.13	73.0	4.09	52.04	0.988	0.1324	-47.95
YDR277C_mRNA	217	510.9	54.83	12.0	9.41	45.42	0.9954	0.1171	-36.02
YDR279W_mRNA	49	882.8	51.88	65.0	3.31	48.57	1.0	0.0606	-45.27
YDR280W_mRNA	279	669.2	48.81	27.0	3.54	45.26	0.9964	0.0848	-41.72
YDR281C_mRNA	96	473.9	36.65	8.0	1.32	35.32	1.0	0.0787	-34.0
YDR282C_mRNA	997	420.8	254.77	225.0	128.23	126.55	1.0	0.562	1.68
YDR283C_mRNA	68	1037.9	161.69	165.5	7.54	154.15	1.0	0.2548	-146.6
YDR284C_mRNA	204	779.0	57.29	66.0	8.12	49.17	0.9902	0.0891	-41.05
YDR285W_mRNA	46	774.6	163.63	156.5	1.02	162.61	1.0	0.2586	-161.59
YDR286C_mRNA	96	417.2	54.0	28.0	14.54	39.46	1.0	0.1398	-24.92
YDR287W_mRNA	55	639.3	62.85	76.0	4.56	58.29	0.9818	0.1301	-53.73
YDR288W_mRNA	97	765.0	52.88	24.0	6.86	46.02	1.0	0.0822	-39.16
YDR289C_mRNA	102	626.8	40.32	15.0	1.66	38.67	1.0	0.0752	-37.01
YDR291W_mRNA	55	831.9	185.62	202.0	2.87	182.75	1.0	0.2838	-179.87
YDR292C_mRNA	336	733.9	55.38	70.0	4.86	50.52	0.9911	0.1089	-45.67
YDR293C_mRNA	236	983.7	65.94	73.0	13.59	52.34	0.9958	0.0981	-38.75
YDR294C_mRNA	183	797.7	47.24	14.0	12.87	34.37	0.9891	0.0751	-21.49
YDR295C_mRNA	86	819.3	54.44	57.0	4.41	50.03	1.0	0.1015	-45.63
YDR296W_mRNA	127	577.4	52.15	29.0	5.27	46.88	1.0	0.1009	-41.61
YDR297W_mRNA	341	754.2	52.34	38.0	2.6	49.74	0.9853	0.0929	-47.13
YDR298C_mRNA	522	645.3	53.62	58.0	3.0	50.62	1.0	0.102	-47.63
YDR299W_mRNA	92	741.5	36.66	10.0	1.65	35.01	0.9891	0.068	-33.36
YDR300C_mRNA	231	685.2	43.52	18.0	1.7	41.83	0.9697	0.0846	-40.13
YDR301W_mRNA	88	836.8	139.06	139.0	5.0	134.06	0.9886	0.2372	-129.06
YDR302W_mRNA	179	628.9	52.63	65.0	5.33	47.3	0.9721	0.0882	-41.97
YDR303C_mRNA	167	728.9	58.45	71.0	6.66	51.78	0.988	0.1058	-45.12
YDR304C_mRNA	214	595.8	54.75	69.0	3.02	51.73	0.9953	0.1061	-48.71
YDR305C_mRNA	196	501.3	48.53	18.5	6.44	42.09	0.9847	0.1015	-35.65
YDR306C_mRNA	77	905.9	67.78	66.0	2.44	65.34	0.987	0.0773	-62.9
YDR307W_mRNA	51	661.3	37.84	17.0	2.27	35.57	0.9804	0.0902	-33.29
YDR308C_mRNA	359	580.6	43.9	15.0	3.49	40.41	0.9972	0.0839	-36.92
YDR309C_mRNA	76	649.6	84.91	79.0	3.96	80.95	1.0	0.1889	-76.99
YDR310C_mRNA	59	1030.1	209.24	205.0	9.31	199.93	0.9661	0.276	-190.63
YDR311W_mRNA	128	773.4	60.93	77.0	1.59	59.34	0.9922	0.0994	-57.74
YDR312W_mRNA	64	486.6	37.02	8.5	1.09	35.92	0.9219	0.0831	-34.83
YDR313C_mRNA	64	571.6	48.0	32.0	2.53	45.47	1.0	0.1124	-42.94
YDR314C_mRNA	23	842.7	89.43	69.0	8.57	80.87	0.9565	0.162	-72.3
YDR315C_mRNA	81	674.8	52.6	67.0	4.54	48.06	1.0	0.0897	-43.52
YDR316W-B_mRNA	1455	1210.1	313.92	332.0	2.76	311.16	0.9945	0.2985	-308.39
YDR316W_mRNA	78	610.7	53.96	23.5	3.72	50.24	1.0	0.1208	-46.53
YDR317W_mRNA	49	550.4	122.55	82.0	75.29	47.27	1.0	0.27	28.02
YDR318W_mRNA	56	811.2	57.57	15.5	7.82	49.75	0.9821	0.1101	-41.93
YDR319C_mRNA	198	660.3	54.88	63.0	7.85	47.03	0.9798	0.0944	-39.18
YDR320C-A_mRNA	388	325.5	53.46	71.5	2.73	50.72	1.0	0.1551	-47.99
YDR320C_mRNA	69	690.2	65.57	72.0	5.04	60.52	1.0	0.1394	-55.48
YDR320W-B_mRNA	6	326.3	78.0	67.5	1.0	77.0	0.8333	0.2146	-76.0
YDR321W_mRNA	452	713.3	45.69	16.0	5.18	40.51	0.9912	0.082	-35.33
YDR322C-A_mRNA	1240	476.2	39.82	11.0	2.97	36.85	0.9629	0.0841	-33.88
YDR322W_mRNA	70	675.7	39.77	11.0	1.11	38.66	0.9857	0.0754	-37.54
YDR323C_mRNA	66	658.6	66.59	75.0	2.7	63.89	1.0	0.1244	-61.2
YDR324C_mRNA	369	748.6	228.59	220.0	2.72	225.87	0.9973	0.3953	-223.15
YDR325W_mRNA	82	893.8	127.3	100.0	11.18	116.12	1.0	0.1945	-104.94
YDR326C_mRNA	147	826.1	177.39	163.0	8.22	169.16	1.0	0.3113	-160.94
YDR328C_mRNA	501	617.7	45.09	16.0	1.8	43.29	0.996	0.0794	-41.48
YDR329C_mRNA	152	779.6	50.89	66.0	2.57	48.33	0.9868	0.0802	-45.76
YDR330W_mRNA	89	721.9	44.79	18.0	2.34	42.45	0.9888	0.0884	-40.11
YDR331W_mRNA	101	713.1	68.21	74.0	18.81	49.4	0.9802	0.1228	-30.58
YDR332W_mRNA	69	560.8	109.16	94.0	3.38	105.78	1.0	0.2705	-102.41
YDR333C_mRNA	157	710.3	50.88	28.0	2.06	48.82	1.0	0.1034	-46.76
YDR334W_mRNA	94	659.4	129.26	121.0	16.81	112.45	0.9894	0.2848	-95.64
YDR335W_mRNA	110	658.9	47.06	17.0	4.0	43.06	0.9818	0.0993	-39.06
YDR336W_mRNA	137	669.5	47.17	10.0	11.75	35.42	0.9927	0.0879	-23.66
YDR337W_mRNA	102	571.7	54.87	38.5	4.36	50.51	1.0	0.1179	-46.15
YDR338C_mRNA	78	653.0	59.26	72.0	1.71	57.55	1.0	0.1064	-55.85
YDR339C_mRNA	330	526.0	49.94	59.0	3.53	46.41	0.9939	0.1036	-42.88
YDR341C_mRNA	896	893.6	57.44	67.0	3.15	54.28	0.9955	0.1015	-51.13
YDR342C_mRNA	2767	920.3	65.04	77.0	3.93	61.11	0.9946	0.1063	-57.18
YDR343C_mRNA	268	1345.5	181.82	197.5	33.1	148.73	0.9925	0.1406	-115.63
YDR345C_mRNA	3284	763.9	57.9	72.0	5.81	52.09	0.9954	0.1086	-46.28
YDR346C_mRNA	911	612.7	65.03	69.0	21.18	43.85	0.9879	0.1459	-22.67
YDR347W_mRNA	156	675.7	56.9	16.5	6.65	50.26	1.0	0.0954	-43.61
YDR348C_mRNA	70	512.5	39.96	12.0	1.43	38.53	0.9857	0.093	-37.1
YDR349C_mRNA	196	789.5	61.91	70.5	4.1	57.81	1.0	0.1314	-53.7
YDR350C_mRNA	134	823.0	53.04	29.0	2.09	50.96	0.9851	0.0967	-48.87
YDR351W_mRNA	194	879.7	193.1	207.5	12.19	180.92	0.9897	0.2897	-168.73
YDR352W_mRNA	212	653.0	84.85	75.0	32.24	52.62	1.0	0.1519	-20.38
YDR353W_mRNA	1131	683.0	50.47	64.0	2.28	48.18	0.9894	0.088	-45.9
YDR354W_mRNA	324	635.7	49.27	36.5	5.76	43.51	0.9907	0.0914	-37.75
YDR356W_mRNA	62	1023.6	321.79	324.5	1.52	320.27	0.9839	0.3564	-318.76
YDR357C_mRNA	257	437.1	58.81	50.0	17.35	41.46	0.9689	0.1402	-24.11
YDR358W_mRNA	105	698.7	55.81	72.0	7.9	47.91	0.9905	0.1069	-40.02
YDR359C_mRNA	16	791.7	156.19	183.0	13.81	142.38	1.0	0.2727	-128.56
YDR361C_mRNA	458	616.7	48.76	31.0	2.02	46.75	0.9913	0.0965	-44.73
YDR362C_mRNA	78	755.9	58.73	67.0	11.73	47.0	0.9615	0.1	-35.27
YDR363W-A_mRNA	753	451.7	46.37	26.0	1.72	44.65	0.9947	0.1033	-42.93
YDR363W_mRNA	79	732.4	59.95	64.0	1.59	58.35	0.9747	0.1116	-56.76
YDR364C_mRNA	105	610.3	56.92	66.0	2.62	54.3	0.9905	0.1282	-51.69
YDR365C_mRNA	208	516.5	55.31	37.0	10.75	44.56	1.0	0.1422	-33.8
YDR365W-B_mRNA	2762	1492.3	326.79	334.0	3.34	323.45	0.9938	0.2535	-320.11
YDR366C_mRNA	456	226.3	97.11	77.0	35.54	61.57	0.9912	0.3274	-26.03
YDR367W_mRNA	199	555.3	45.88	15.0	4.07	41.82	0.9799	0.0909	-37.75
YDR368W_mRNA	305	754.7	58.55	70.0	3.15	55.41	0.9967	0.0987	-52.26
YDR369C_mRNA	94	658.1	147.07	163.5	6.13	140.95	1.0	0.2852	-134.82
YDR370C_mRNA	106	770.4	58.2	69.0	7.79	50.41	0.9906	0.0936	-42.61
YDR371C-A_mRNA	8	341.4	68.88	78.0	0.25	68.62	1.0	0.2258	-68.38
YDR371W_mRNA	132	754.2	63.7	80.0	4.47	59.23	1.0	0.1132	-54.77
YDR372C_mRNA	740	824.7	47.09	19.0	2.0	45.09	0.9905	0.0761	-43.1
YDR373W_mRNA	358	603.0	39.58	9.0	3.01	36.57	0.9274	0.0729	-33.56
YDR374C_mRNA	15	394.9	158.87	173.0	0.73	158.13	1.0	0.4056	-157.4
YDR374W-A_mRNA	177	395.0	35.18	12.0	2.46	32.72	0.9887	0.0911	-30.26
YDR375C_mRNA	55	737.8	42.64	22.0	2.22	40.42	1.0	0.0763	-38.2
YDR376W_mRNA	83	757.1	39.08	14.0	1.52	37.57	0.988	0.061	-36.05
YDR377W_mRNA	2075	560.9	45.24	19.0	3.18	42.05	0.9952	0.0835	-38.87
YDR378C_mRNA	275	425.7	46.28	22.0	2.44	43.83	0.9964	0.108	-41.39
YDR379C-A_mRNA	202	437.2	61.51	66.0	2.33	59.18	1.0	0.1397	-56.85
YDR379W_mRNA	110	681.0	42.45	21.0	2.16	40.28	0.9818	0.0847	-38.12
YDR380W_mRNA	789	793.9	53.37	69.0	2.48	50.89	0.9962	0.0952	-48.41
YDR381C-A_mRNA	159	526.4	120.8	89.0	62.24	58.56	1.0	0.2075	3.68
YDR381W_mRNA	2077	660.3	75.82	15.0	31.07	44.75	0.9942	0.1035	-13.69
YDR382W_mRNA	8860	492.3	49.14	32.0	2.47	46.66	0.9968	0.1035	-44.19
YDR383C_mRNA	44	448.0	61.57	55.5	8.8	52.77	1.0	0.1561	-43.98
YDR384C_mRNA	108	582.4	60.88	69.5	3.9	56.98	1.0	0.1165	-53.08
YDR385W_mRNA	4519	928.7	54.87	61.0	2.87	52.0	0.9929	0.0838	-49.13
YDR386W_mRNA	42	737.4	46.83	46.0	1.86	44.98	0.9524	0.0986	-43.12
YDR387C_mRNA	65	687.3	39.52	13.0	3.98	35.54	0.9846	0.0723	-31.55
YDR388W_mRNA	198	876.2	58.07	74.5	3.33	54.74	0.9949	0.092	-51.41
YDR389W_mRNA	82	648.2	82.84	77.0	3.22	79.62	1.0	0.1604	-76.4
YDR390C_mRNA	98	598.3	65.2	64.0	16.02	49.18	0.9694	0.1583	-33.16
YDR391C_mRNA	237	607.6	62.29	72.0	1.86	60.42	0.9958	0.1152	-58.56
YDR392W_mRNA	114	647.9	48.78	42.5	3.52	45.26	1.0	0.0939	-41.75
YDR393W_mRNA	100	489.4	62.03	71.5	1.41	60.62	0.98	0.1439	-59.21
YDR394W_mRNA	266	765.1	58.95	66.0	2.28	56.67	1.0	0.1029	-54.39
YDR395W_mRNA	382	771.5	53.37	21.0	1.79	51.58	0.9948	0.1034	-49.8
YDR396W_mRNA	5	420.0	23.6	14.0	9.2	14.4	1.0	0.0521	-5.2
YDR397C_mRNA	320	528.3	54.11	16.5	6.64	47.47	0.9844	0.1145	-40.83
YDR398W_mRNA	55	490.7	130.82	94.0	86.96	43.85	0.9091	0.3493	43.11
YDR399W_mRNA	1776	663.2	50.08	56.5	3.31	46.77	0.9966	0.0853	-43.47
YDR400W_mRNA	225	694.2	57.55	67.0	9.49	48.06	0.9911	0.0943	-38.57
YDR401W_mRNA	5	356.4	94.0	68.0	1.4	92.6	1.0	0.2606	-91.2
YDR403W_mRNA	46	654.7	211.59	201.5	1.74	209.85	1.0	0.3717	-208.11
YDR404C_mRNA	209	601.6	63.5	40.0	3.58	59.92	1.0	0.1183	-56.33
YDR405W_mRNA	40	548.7	52.3	56.5	8.95	43.35	1.0	0.1237	-34.4
YDR406W_mRNA	75	753.1	135.84	131.0	3.04	132.8	1.0	0.2368	-129.76
YDR407C_mRNA	174	683.4	58.73	66.0	7.26	51.47	0.9943	0.1109	-44.2
YDR408C_mRNA	242	574.7	94.77	94.0	1.81	92.96	0.9917	0.182	-91.15
YDR409W_mRNA	74	811.1	137.53	92.0	13.66	123.86	0.9324	0.1917	-110.2
YDR410C_mRNA	212	566.9	54.42	22.0	11.81	42.61	1.0	0.1071	-30.8
YDR411C_mRNA	74	743.7	44.68	17.5	4.14	40.54	1.0	0.0753	-36.41
YDR412W_mRNA	146	468.3	47.96	33.0	1.69	46.27	0.9863	0.1143	-44.58
YDR414C_mRNA	124	584.3	52.28	69.5	3.02	49.26	0.9839	0.1158	-46.23
YDR415C_mRNA	124	738.8	50.65	62.5	2.51	48.15	1.0	0.0897	-45.64
YDR416W_mRNA	51	862.1	46.82	16.0	1.69	45.14	1.0	0.0613	-43.45
YDR417C_mRNA	5	210.0	13.8	10.0	10.2	3.6	1.0	0.0666	6.6
YDR418W_mRNA	5957	522.3	50.57	31.0	2.08	48.48	0.9862	0.1034	-46.4
YDR419W_mRNA	79	756.3	74.33	64.0	10.33	64.0	0.9747	0.1359	-53.67
YDR420W_mRNA	121	718.1	191.63	192.0	9.14	182.49	0.9752	0.356	-173.35
YDR421W_mRNA	71	833.4	114.24	90.0	2.13	112.11	1.0	0.1777	-109.99
YDR422C_mRNA	55	690.8	67.6	71.0	13.96	53.64	1.0	0.1655	-39.67
YDR423C_mRNA	46	747.2	62.54	70.0	1.57	60.98	1.0	0.0947	-59.41
YDR424C_mRNA	609	357.9	52.58	25.0	7.23	45.35	0.9984	0.1379	-38.13
YDR425W_mRNA	121	751.8	112.02	109.0	7.83	104.19	1.0	0.1603	-96.36
YDR426C_mRNA	37	351.5	96.3	84.0	18.73	77.57	1.0	0.2751	-58.84
YDR427W_mRNA	522	865.2	45.69	17.0	2.51	43.18	0.9674	0.0642	-40.67
YDR428C_mRNA	354	570.0	46.29	14.5	5.22	41.06	0.9802	0.0852	-35.84
YDR429C_mRNA	1438	637.9	43.33	13.0	2.36	40.97	0.9861	0.0769	-38.6
YDR430C_mRNA	86	638.5	47.64	33.5	3.31	44.33	1.0	0.115	-41.01
YDR432W_mRNA	7	477.7	27.0	21.0	11.86	15.14	1.0	0.0745	-3.29
YDR433W_mRNA	485	484.3	41.69	11.0	7.19	34.5	0.9979	0.097	-27.31
YDR434W_mRNA	275	780.9	66.12	40.0	4.65	61.48	1.0	0.1095	-56.83
YDR435C_mRNA	88	739.3	85.05	86.5	3.93	81.11	1.0	0.1311	-77.18
YDR436W_mRNA	80	660.1	51.19	19.0	3.62	47.56	1.0	0.1124	-43.94
YDR437W_mRNA	19	793.3	45.32	61.0	2.47	42.84	1.0	0.075	-40.37
YDR438W_mRNA	33	733.1	51.3	42.0	4.67	46.64	1.0	0.0951	-41.97
YDR439W_mRNA	39	833.7	169.95	83.0	119.08	50.87	1.0	0.2148	68.21
YDR440W_mRNA	33	615.8	44.94	16.0	4.61	40.33	0.9697	0.0947	-35.73
YDR441C_mRNA	135	633.7	65.27	76.0	6.1	59.18	0.9926	0.1405	-53.08
YDR442W_mRNA	18	779.7	394.22	384.5	3.17	391.06	1.0	0.5361	-387.89
YDR443C_mRNA	7	1659.7	170.57	97.0	2.29	168.29	1.0	0.1319	-166.0
YDR444W_mRNA	27	720.9	42.44	9.0	1.11	41.33	1.0	0.0727	-40.22
YDR447C_mRNA	13019	527.5	41.64	13.0	2.56	39.08	0.9981	0.0799	-36.52
YDR448W_mRNA	23	618.4	86.57	87.0	5.48	81.09	1.0	0.1881	-75.61
YDR449C_mRNA	182	699.6	50.78	67.0	4.15	46.63	0.9725	0.0966	-42.48
YDR450W_mRNA	7825	503.5	39.86	12.0	2.18	37.67	0.9775	0.0807	-35.49
YDR451C_mRNA	82	560.1	46.56	13.5	5.91	40.65	1.0	0.12	-34.73
YDR452W_mRNA	320	634.7	59.55	66.0	2.21	57.34	0.9938	0.1111	-55.13
YDR453C_mRNA	81	457.4	48.56	21.0	3.68	44.88	0.9753	0.105	-41.2
YDR454C_mRNA	708	521.9	41.57	12.0	1.76	39.82	0.9958	0.0854	-38.06
YDR456W_mRNA	89	906.2	71.43	80.0	10.29	61.13	1.0	0.1028	-50.84
YDR457W_mRNA	313	755.1	121.6	112.0	5.9	115.7	0.9968	0.2196	-109.8
YDR458C_mRNA	130	696.6	57.52	39.5	2.37	55.15	1.0	0.1055	-52.78
YDR459C_mRNA	52	516.9	76.9	76.0	2.25	74.65	1.0	0.1923	-72.4
YDR460W_mRNA	51	551.4	63.25	12.0	14.25	49.0	0.9804	0.0978	-34.75
YDR461C-A_mRNA	19	386.3	46.42	61.0	0.68	45.74	1.0	0.1219	-45.05
YDR462W_mRNA	80	521.3	47.85	64.5	1.54	46.31	1.0	0.1016	-44.78
YDR463W_mRNA	123	601.7	51.51	57.0	4.37	47.14	1.0	0.1103	-42.76
YDR464W_mRNA	41	497.5	154.88	173.0	1.46	153.41	1.0	0.3317	-151.95
YDR465C_mRNA	421	618.9	52.13	41.0	4.14	47.98	0.9905	0.1129	-43.84
YDR466W_mRNA	34	678.9	50.85	45.5	2.56	48.29	0.9706	0.1216	-45.74
YDR467C_mRNA	69	456.9	50.7	69.0	1.64	49.06	1.0	0.1283	-47.42
YDR468C_mRNA	192	632.7	47.28	55.5	2.89	44.39	1.0	0.0847	-41.5
YDR469W_mRNA	288	599.0	49.78	41.5	2.84	46.94	0.9861	0.089	-44.1
YDR470C_mRNA	35	659.0	42.94	11.0	0.69	42.26	1.0	0.0886	-41.57
YDR471W_mRNA	8222	522.1	45.77	20.0	4.78	40.98	0.982	0.0859	-36.2
YDR472W_mRNA	110	591.3	58.75	67.5	10.57	48.18	0.9909	0.1275	-37.61
YDR473C_mRNA	64	596.1	46.55	28.5	2.77	43.78	0.9844	0.096	-41.02
YDR475C_mRNA	135	773.6	117.2	66.0	70.66	46.54	0.9926	0.1571	24.12
YDR476C_mRNA	125	657.3	52.14	67.0	1.69	50.45	1.0	0.0961	-48.76
YDR477W_mRNA	234	626.8	48.64	36.5	3.17	45.47	0.9957	0.1081	-42.3
YDR478W_mRNA	119	578.3	52.41	21.0	10.62	41.79	1.0	0.0925	-31.17
YDR479C_mRNA	45	766.4	50.89	73.0	1.44	49.44	1.0	0.0902	-48.0
YDR480W_mRNA	31	596.9	181.16	177.0	7.32	173.84	1.0	0.3508	-166.52
YDR481C_mRNA	526	741.7	94.95	102.5	2.95	92.0	0.9886	0.1824	-89.05
YDR482C_mRNA	25	381.4	56.68	73.0	6.32	50.36	1.0	0.1655	-44.04
YDR483W_mRNA	588	682.9	48.0	30.0	3.92	44.08	0.9881	0.0914	-40.16
YDR484W_mRNA	78	852.7	58.45	75.5	2.32	56.13	0.9872	0.0943	-53.81
YDR485C_mRNA	63	725.8	64.13	53.0	1.6	62.52	1.0	0.1212	-60.92
YDR486C_mRNA	82	469.5	47.02	25.5	2.34	44.68	0.9512	0.1167	-42.34
YDR487C_mRNA	385	619.5	56.8	74.0	2.68	54.12	1.0	0.1047	-51.44
YDR489W_mRNA	53	626.5	42.58	21.0	3.02	39.57	0.9811	0.0863	-36.55
YDR490C_mRNA	20	1129.2	39.35	18.0	1.15	38.2	1.0	0.0528	-37.05
YDR492W_mRNA	349	572.9	49.75	62.0	3.6	46.15	0.9971	0.1108	-42.54
YDR493W_mRNA	131	484.3	46.06	29.0	2.46	43.6	1.0	0.0991	-41.15
YDR494W_mRNA	204	668.6	57.92	44.5	5.43	52.49	0.9951	0.1221	-47.06
YDR495C_mRNA	111	791.7	153.64	165.0	4.27	149.37	1.0	0.2639	-145.1
YDR496C_mRNA	576	817.0	49.98	67.0	2.15	47.83	0.9965	0.0862	-45.68
YDR497C_mRNA	618	780.6	48.36	27.5	4.06	44.3	0.9903	0.086	-40.25
YDR498C_mRNA	35	792.7	58.49	75.0	2.63	55.86	0.9714	0.0924	-53.23
YDR499W_mRNA	31	542.0	59.74	44.0	2.23	57.52	1.0	0.1168	-55.29
YDR500C_mRNA	6003	371.6	40.23	11.0	3.2	37.03	0.9843	0.1006	-33.82
YDR501W_mRNA	22	574.7	144.5	137.0	2.73	141.77	1.0	0.2701	-139.05
YDR502C_mRNA	1083	695.5	50.51	60.0	5.05	45.46	0.9963	0.1048	-40.41
YDR503C_mRNA	81	622.0	60.2	58.0	6.93	53.27	0.9877	0.1115	-46.35
YDR504C_mRNA	204	678.3	87.24	83.0	12.12	75.12	1.0	0.1488	-63.0
YDR505C_mRNA	26	1819.5	213.92	177.0	37.5	176.42	1.0	0.1145	-138.92
YDR506C_mRNA	17	611.4	47.12	17.0	2.47	44.65	0.9412	0.1176	-42.18
YDR507C_mRNA	154	638.9	62.26	71.5	2.23	60.03	0.987	0.1133	-57.81
YDR508C_mRNA	208	876.9	72.9	62.0	5.09	67.81	0.9904	0.1129	-62.73
YDR509W_mRNA	7	185.9	22.14	14.0	0.43	21.71	1.0	0.1102	-21.29
YDR510W_mRNA	390	450.9	45.37	14.0	2.97	42.39	0.9872	0.0985	-39.42
YDR511W_mRNA	186	408.0	40.51	11.5	1.84	38.67	0.9892	0.0967	-36.83
YDR513W_mRNA	728	465.7	42.03	15.0	2.13	39.9	0.9931	0.0914	-37.77
YDR514C_mRNA	60	413.1	37.77	11.0	2.02	35.75	0.9833	0.0895	-33.73
YDR515W_mRNA	92	841.2	66.55	68.5	17.52	49.03	0.9674	0.0898	-31.51
YDR516C_mRNA	399	799.2	51.38	65.0	3.41	47.96	0.99	0.0912	-44.55
YDR517W_mRNA	131	695.6	57.86	66.0	2.89	54.97	0.9847	0.1222	-52.08
YDR518W_mRNA	109	837.0	55.42	32.0	4.2	51.22	0.9908	0.079	-47.02
YDR519W_mRNA	586	546.7	58.79	65.0	2.83	55.96	0.9863	0.1125	-53.13
YDR520C_mRNA	60	584.8	64.7	63.5	17.98	46.72	1.0	0.1556	-28.73
YDR522C_mRNA	7	591.9	73.0	69.0	37.14	35.86	1.0	0.1348	1.29
YDR523C_mRNA	8	710.0	151.25	117.0	38.0	113.25	1.0	0.2426	-75.25
YDR524C-B_mRNA	18045	509.4	51.54	69.0	3.15	48.39	0.9922	0.1016	-45.24
YDR524C_mRNA	106	694.3	51.93	69.0	2.58	49.35	1.0	0.102	-46.76
YDR525W-A_mRNA	75	430.8	58.49	74.0	2.95	55.55	1.0	0.1401	-52.6
YDR527W_mRNA	222	579.3	46.24	19.0	3.36	42.88	0.991	0.0914	-39.51
YDR528W_mRNA	29	863.7	43.79	15.0	2.72	41.07	0.931	0.0697	-38.34
YDR529C_mRNA	1196	551.0	44.28	19.0	2.14	42.13	0.9766	0.0829	-39.99
YDR530C_mRNA	61	758.0	60.52	55.0	1.57	58.95	1.0	0.1097	-57.38
YDR531W_mRNA	263	740.3	52.43	66.0	2.91	49.51	0.9924	0.0934	-46.6
YDR532C_mRNA	105	701.6	79.06	74.0	3.5	75.56	0.9905	0.1482	-72.07
YDR533C_mRNA	335	649.2	56.65	49.0	6.06	50.59	0.9821	0.099	-44.53
YDR534C_mRNA	5	600.6	231.8	210.0	1.0	230.8	1.0	0.4081	-229.8
YDR536W_mRNA	18	584.8	147.11	150.0	22.0	125.11	0.9444	0.3059	-103.11
YDR538W_mRNA	78	616.1	55.13	67.5	2.51	52.62	1.0	0.1123	-50.1
YDR539W_mRNA	202	705.7	61.31	65.5	12.29	49.02	0.9851	0.1078	-36.73
YDR540C_mRNA	85	635.4	104.27	70.0	22.29	81.98	1.0	0.1422	-59.68
YDR541C_mRNA	67	582.7	61.51	57.0	2.16	59.34	1.0	0.1108	-57.18
YDR545W_mRNA	68	531.3	84.21	77.5	4.41	79.79	1.0	0.2056	-75.38
YEL001C_mRNA	518	614.5	48.91	22.0	4.47	44.44	0.9865	0.0893	-39.97
YEL002C_mRNA	520	736.5	53.54	69.0	2.97	50.57	0.9981	0.0984	-47.59
YEL003W_mRNA	620	465.5	60.02	35.5	6.54	53.49	1.0	0.1238	-46.95
YEL004W_mRNA	56	660.9	86.46	74.0	3.52	82.95	0.9821	0.141	-79.43
YEL005C_mRNA	68	481.5	57.87	58.5	4.1	53.76	0.9853	0.1499	-49.66
YEL006W_mRNA	152	705.6	55.95	66.5	4.83	51.12	0.9934	0.1059	-46.29
YEL007W_mRNA	120	748.3	141.72	121.0	16.75	124.97	1.0	0.2554	-108.22
YEL009C_mRNA	2244	792.1	51.54	51.0	3.55	47.99	0.9938	0.0874	-44.44
YEL011W_mRNA	154	658.8	47.02	17.0	5.62	41.4	0.9935	0.0922	-35.77
YEL012W_mRNA	61	530.7	58.18	34.0	7.1	51.08	1.0	0.1394	-43.98
YEL013W_mRNA	356	651.1	49.61	63.5	2.49	47.12	0.9944	0.096	-44.63
YEL015W_mRNA	119	772.2	48.97	68.0	3.0	45.97	0.9748	0.0942	-42.97
YEL016C_mRNA	47	608.0	41.98	17.0	1.7	40.28	1.0	0.0844	-38.57
YEL017C-A_mRNA	2920	476.2	51.71	68.0	3.7	48.02	0.9983	0.1165	-44.32
YEL017W_mRNA	35	891.3	49.03	44.0	4.31	44.71	1.0	0.0646	-40.4
YEL018W_mRNA	56	320.6	45.29	20.5	2.07	43.21	1.0	0.1872	-41.14
YEL020C_mRNA	50	762.7	182.62	133.5	62.9	119.72	1.0	0.2718	-56.82
YEL020W-A_mRNA	982	393.4	52.24	36.0	2.37	49.88	0.999	0.1312	-47.51
YEL021W_mRNA	126	635.7	42.4	12.5	1.79	40.6	0.9524	0.0757	-38.81
YEL022W_mRNA	180	730.4	65.75	77.0	2.37	63.38	1.0	0.1282	-61.01
YEL023C_mRNA	56	500.2	60.29	67.5	2.93	57.36	1.0	0.1225	-54.43
YEL024W_mRNA	587	852.7	47.6	22.0	3.06	44.54	0.9915	0.0629	-41.48
YEL025C_mRNA	76	975.7	251.59	272.0	21.71	229.88	1.0	0.3405	-208.17
YEL026W_mRNA	2522	433.9	49.86	49.0	2.92	46.94	0.9944	0.1189	-44.02
YEL027W_mRNA	2433	678.8	49.03	65.0	3.33	45.7	0.9938	0.0791	-42.38
YEL028W_mRNA	71	579.8	79.69	68.0	25.75	53.94	0.9859	0.1401	-28.2
YEL029C_mRNA	231	767.0	48.19	22.0	5.19	43.0	0.9913	0.0691	-37.81
YEL030W_mRNA	76	502.5	48.42	40.0	2.45	45.97	0.9868	0.1021	-43.53
YEL031W_mRNA	575	734.4	56.26	71.0	2.68	53.58	0.9896	0.1146	-50.9
YEL032W_mRNA	111	633.5	66.95	78.0	2.83	64.12	0.991	0.1419	-61.29
YEL033W_mRNA	19	198.5	52.32	80.0	4.74	47.58	1.0	0.2352	-42.84
YEL034C-A_mRNA	298	660.7	110.88	104.0	2.89	107.99	0.9698	0.1564	-105.1
YEL034W_mRNA	3556	634.2	50.91	39.5	2.88	48.02	0.9966	0.0832	-45.14
YEL036C_mRNA	169	633.7	47.88	24.0	2.14	45.74	1.0	0.1083	-43.6
YEL037C_mRNA	206	552.5	42.39	18.5	1.41	40.99	0.9563	0.0881	-39.58
YEL038W_mRNA	98	568.2	52.65	43.0	4.4	48.26	1.0	0.1065	-43.86
YEL039C_mRNA	142	483.1	41.2	17.0	2.44	38.75	0.993	0.0812	-36.31
YEL040W_mRNA	1208	759.2	48.25	63.0	3.37	44.89	0.9743	0.091	-41.52
YEL041W_mRNA	30	614.0	118.93	92.5	47.13	71.8	1.0	0.1685	-24.67
YEL042W_mRNA	462	670.5	46.9	51.5	3.83	43.07	0.9805	0.0972	-39.24
YEL043W_mRNA	69	599.6	59.9	66.0	2.94	56.96	1.0	0.1363	-54.01
YEL044W_mRNA	367	477.3	41.66	16.0	2.02	39.64	0.97	0.0919	-37.62
YEL046C_mRNA	1240	624.9	44.84	20.0	2.74	42.09	0.9952	0.1022	-39.35
YEL047C_mRNA	173	783.6	116.83	92.0	2.95	113.87	0.9942	0.2031	-110.92
YEL048C_mRNA	79	738.4	67.78	26.0	2.22	65.57	1.0	0.0903	-63.35
YEL049W_mRNA	8	524.0	311.25	194.5	66.88	244.38	1.0	0.5726	-177.5
YEL050C_mRNA	130	677.8	62.29	58.0	2.08	60.22	1.0	0.1023	-58.14
YEL050W-A_mRNA	34	260.3	48.21	13.5	7.79	40.41	1.0	0.1742	-32.62
YEL051W_mRNA	633	581.4	34.66	9.0	1.42	33.24	0.9621	0.0686	-31.82
YEL052W_mRNA	53	772.8	47.32	24.0	1.77	45.55	0.9623	0.0982	-43.77
YEL053C_mRNA	98	866.3	58.19	51.0	16.02	42.17	0.9388	0.1115	-26.15
YEL053W-A_mRNA	9	199.7	17.44	2.0	2.11	15.33	0.6667	0.0528	-13.22
YEL054C_mRNA	4802	568.2	52.6	66.0	2.84	49.76	0.9944	0.1052	-46.92
YEL055C_mRNA	395	689.4	51.08	64.0	1.69	49.39	0.9924	0.0903	-47.71
YEL056W_mRNA	93	630.0	58.72	73.0	2.14	56.58	1.0	0.1207	-54.44
YEL057C_mRNA	18	659.6	152.39	157.5	39.11	113.28	1.0	0.2446	-74.17
YEL058W_mRNA	457	789.1	40.38	12.0	3.33	37.05	0.9912	0.0659	-33.71
YEL059C-A_mRNA	94	354.4	55.51	73.0	3.23	52.28	0.9894	0.1573	-49.04
YEL060C_mRNA	251	707.7	47.5	26.0	2.93	44.57	0.996	0.1022	-41.63
YEL061C_mRNA	67	817.4	55.75	70.0	1.78	53.97	0.9851	0.0884	-52.19
YEL062W_mRNA	113	727.9	79.64	81.0	12.7	66.94	0.9823	0.1319	-54.24
YEL063C_mRNA	168	711.1	61.69	66.5	14.12	47.57	0.994	0.1297	-33.45
YEL064C_mRNA	37	696.7	68.08	71.0	1.14	66.95	1.0	0.1474	-65.81
YEL065W_mRNA	28	1056.8	64.46	61.5	8.0	56.46	1.0	0.1155	-48.46
YEL066W_mRNA	80	528.9	45.98	28.5	2.12	43.85	1.0	0.0946	-41.72
YEL068C_mRNA	99	512.3	47.17	18.0	7.29	39.88	1.0	0.0956	-32.59
YEL070W_mRNA	8	762.8	173.38	168.0	1.5	171.88	1.0	0.2738	-170.38
YEL071W_mRNA	1056	778.0	45.53	18.0	2.3	43.23	0.9848	0.0773	-40.93
YEL072W_mRNA	78	622.5	93.55	85.5	44.97	48.58	0.9872	0.1952	-3.6
YEL073C_mRNA	285	616.0	185.92	92.0	102.21	83.71	0.9965	0.2548	18.51
YEL074W_mRNA	15	484.6	318.67	290.0	159.47	159.2	1.0	0.6387	0.27
YEL077C_mRNA	48	529.9	104.58	84.5	10.08	94.5	1.0	0.2454	-84.42
YER001W_mRNA	633	755.1	59.22	66.0	11.28	47.94	0.9968	0.1126	-36.65
YER002W_mRNA	221	412.0	57.34	14.0	2.16	55.18	0.9729	0.1316	-53.02
YER003C_mRNA	380	699.1	49.6	55.0	2.23	47.37	0.9947	0.0959	-45.14
YER004W_mRNA	164	625.1	51.85	64.5	1.77	50.08	0.9939	0.102	-48.31
YER005W_mRNA	69	679.9	37.9	12.0	2.81	35.09	0.971	0.0879	-32.28
YER006W_mRNA	620	766.6	44.53	16.0	2.68	41.85	0.9903	0.0773	-39.18
YER007C-A_mRNA	524	572.6	45.09	19.0	2.73	42.36	0.9943	0.0885	-39.63
YER007W_mRNA	45	739.1	45.16	21.0	0.98	44.18	1.0	0.1037	-43.2
YER008C_mRNA	148	720.3	77.45	78.5	18.24	59.2	0.9797	0.1454	-40.96
YER009W_mRNA	3788	535.4	52.62	70.0	2.97	49.65	0.9963	0.0991	-46.67
YER010C_mRNA	97	607.7	92.9	81.0	3.36	89.54	1.0	0.1672	-86.18
YER011W_mRNA	68	639.7	78.65	74.0	26.13	52.51	1.0	0.1446	-26.38
YER012W_mRNA	850	616.5	45.69	16.0	4.42	41.27	0.9894	0.0786	-36.85
YER013W_mRNA	56	663.5	112.62	93.5	1.61	111.02	1.0	0.2267	-109.41
YER014W_mRNA	94	693.9	42.07	11.5	2.6	39.48	1.0	0.0857	-36.88
YER015W_mRNA	78	665.7	286.78	299.0	2.81	283.97	1.0	0.4814	-281.17
YER016W_mRNA	46	488.3	49.63	26.5	5.2	44.43	1.0	0.1285	-39.24
YER017C_mRNA	78	790.5	50.21	43.5	1.91	48.29	0.9359	0.0831	-46.38
YER018C_mRNA	145	455.8	63.1	73.0	3.41	59.69	1.0	0.1477	-56.28
YER019C-A_mRNA	1210	388.1	44.73	21.0	3.9	40.82	0.995	0.1113	-36.92
YER019W_mRNA	32	647.4	28.53	8.0	1.47	27.06	0.9688	0.0716	-25.59
YER020W_mRNA	108	661.8	41.46	11.0	1.57	39.89	1.0	0.088	-38.31
YER021W_mRNA	473	856.4	56.27	45.0	5.14	51.13	0.9979	0.0829	-45.99
YER022W_mRNA	106	805.2	53.81	64.0	2.34	51.47	0.9906	0.0979	-49.13
YER023W_mRNA	268	733.3	48.91	26.5	2.57	46.34	1.0	0.0756	-43.76
YER024W_mRNA	80	612.6	143.78	134.0	3.89	139.89	1.0	0.3311	-136.0
YER025W_mRNA	797	841.1	47.82	20.0	1.87	45.95	0.9849	0.0736	-44.08
YER026C_mRNA	643	690.9	53.33	63.0	4.27	49.06	0.9876	0.0955	-44.79
YER027C_mRNA	158	705.1	47.17	59.5	3.0	44.17	0.9937	0.0991	-41.17
YER028C_mRNA	32	642.7	119.59	75.0	4.19	115.41	1.0	0.2085	-111.22
YER029C_mRNA	111	536.9	42.59	15.0	2.04	40.56	0.982	0.0905	-38.52
YER030W_mRNA	118	439.4	36.69	8.5	1.21	35.48	1.0	0.0868	-34.27
YER031C_mRNA	316	653.2	45.16	17.0	2.64	42.52	0.9873	0.0804	-39.88
YER032W_mRNA	54	624.9	69.44	74.0	18.19	51.26	0.9815	0.1747	-33.07
YER033C_mRNA	29	927.2	205.45	207.0	11.17	194.28	1.0	0.3095	-183.1
YER034W_mRNA	41	644.4	57.2	74.0	0.78	56.41	0.9512	0.0971	-55.63
YER035W_mRNA	242	498.1	66.95	69.5	1.59	65.36	1.0	0.1417	-63.78
YER036C_mRNA	773	838.9	49.28	63.0	3.16	46.11	0.9612	0.0911	-42.95
YER037W_mRNA	808	964.1	54.79	64.5	4.14	50.65	0.995	0.0678	-46.52
YER038C_mRNA	538	605.5	56.22	68.0	8.07	48.15	0.9926	0.1029	-40.09
YER038W-A_mRNA	5	848.6	100.2	91.0	2.2	98.0	1.0	0.1407	-95.8
YER039C_mRNA	25	429.1	125.72	131.0	3.28	122.44	1.0	0.3757	-119.16
YER040W_mRNA	134	701.7	54.93	73.0	2.32	52.6	0.9851	0.1087	-50.28
YER041W_mRNA	23	577.4	45.52	34.0	1.35	44.17	1.0	0.0861	-42.83
YER042W_mRNA	603	552.5	44.05	16.0	3.03	41.02	0.9917	0.1024	-37.99
YER043C_mRNA	3734	758.8	49.94	55.0	2.49	47.45	0.9898	0.0923	-44.97
YER044C-A_mRNA	16	562.2	176.81	94.5	12.19	164.62	1.0	0.2817	-152.44
YER044C_mRNA	1243	545.1	52.38	60.0	5.02	47.36	0.9928	0.0995	-42.34
YER045C_mRNA	168	643.9	63.32	75.0	3.81	59.51	0.9881	0.1314	-55.7
YER046W-A_mRNA	14	349.3	78.71	82.0	31.0	47.71	1.0	0.2001	-16.71
YER046W_mRNA	73	436.9	42.9	7.0	6.04	36.86	1.0	0.0917	-30.82
YER047C_mRNA	22	648.2	120.41	130.5	1.73	118.68	1.0	0.1948	-116.95
YER048C_mRNA	225	668.4	46.85	11.0	5.36	41.49	0.9956	0.0811	-36.14
YER048W-A_mRNA	566	565.3	47.23	23.0	1.94	45.29	0.9982	0.0869	-43.36
YER049W_mRNA	251	928.9	46.49	18.0	2.71	43.78	1.0	0.073	-41.07
YER050C_mRNA	348	528.3	48.14	22.0	3.11	45.04	1.0	0.0918	-41.93
YER051W_mRNA	40	918.3	124.7	106.0	2.68	122.02	0.975	0.167	-119.35
YER052C_mRNA	1338	688.5	52.0	67.0	3.43	48.57	0.9955	0.1072	-45.14
YER053C-A_mRNA	156	492.6	68.22	71.0	20.9	47.31	1.0	0.146	-26.41
YER053C_mRNA	430	653.3	61.49	45.0	5.49	56.0	1.0	0.1145	-50.51
YER054C_mRNA	21	687.3	212.9	227.0	3.33	209.57	1.0	0.3702	-206.24
YER055C_mRNA	2169	748.1	51.25	35.0	5.1	46.16	0.9991	0.0763	-41.06
YER056C-A_mRNA	3661	418.6	46.37	20.0	2.64	43.72	0.9959	0.111	-41.08
YER056C_mRNA	1140	719.3	65.64	77.0	3.3	62.34	0.9939	0.1332	-59.03
YER057C_mRNA	768	449.3	47.53	22.0	2.27	45.26	1.0	0.104	-42.98
YER058W_mRNA	25	383.6	40.4	12.0	7.04	33.36	1.0	0.0972	-26.32
YER059W_mRNA	116	640.6	66.72	65.5	20.42	46.29	0.9914	0.1137	-25.87
YER060W-A_mRNA	12	765.2	105.92	78.5	13.25	92.67	1.0	0.1392	-79.42
YER060W_mRNA	144	723.2	130.1	86.0	14.02	116.08	0.9792	0.2148	-102.06
YER061C_mRNA	52	687.1	56.63	69.0	2.54	54.1	0.9808	0.1116	-51.56
YER062C_mRNA	167	577.1	58.88	70.0	2.5	56.38	0.988	0.136	-53.89
YER063W_mRNA	100	514.4	45.79	18.0	1.7	44.09	0.97	0.0942	-42.39
YER064C_mRNA	304	693.3	49.09	63.5	2.27	46.82	0.9737	0.098	-44.55
YER065C_mRNA	61	570.7	194.08	100.0	147.98	46.1	0.9836	0.3591	101.89
YER066W_mRNA	55	561.8	127.85	74.0	73.44	54.42	1.0	0.2381	19.02
YER067W_mRNA	766	534.5	43.89	17.0	1.99	41.91	0.9961	0.0925	-39.92
YER068W_mRNA	114	765.3	55.82	72.0	4.64	51.18	0.9825	0.1131	-46.54
YER069W_mRNA	474	694.2	48.13	27.0	4.1	44.03	0.9895	0.1007	-39.92
YER070W_mRNA	293	777.6	54.47	65.0	2.95	51.52	0.9932	0.1038	-48.57
YER071C_mRNA	294	485.3	49.42	58.0	3.74	45.68	0.9966	0.1058	-41.94
YER072W_mRNA	2210	448.1	47.5	51.0	2.31	45.19	0.9778	0.1164	-42.88
YER073W_mRNA	1193	587.3	52.2	67.0	3.03	49.18	0.9908	0.1129	-46.15
YER074W-A_mRNA	714	378.1	51.81	33.0	12.3	39.5	1.0	0.132	-27.2
YER074W_mRNA	7975	491.0	42.0	14.0	2.68	39.32	0.9921	0.085	-36.64
YER075C_mRNA	32	838.7	168.09	146.5	9.41	158.69	1.0	0.2329	-149.28
YER076C_mRNA	97	524.5	81.48	81.0	10.12	71.36	1.0	0.1747	-61.24
YER077C_mRNA	73	657.8	76.14	74.0	11.4	64.74	1.0	0.1608	-53.34
YER078C_mRNA	109	636.0	48.38	49.0	2.97	45.4	1.0	0.1071	-42.43
YER078W-A_mRNA	26	938.3	71.27	74.5	1.0	70.27	1.0	0.0864	-69.27
YER079W_mRNA	110	595.9	49.33	58.5	3.39	45.94	0.9545	0.1002	-42.55
YER080W_mRNA	237	761.6	68.1	67.0	2.24	65.86	1.0	0.1107	-63.61
YER081W_mRNA	579	725.9	57.05	69.0	3.2	53.85	1.0	0.0959	-50.65
YER082C_mRNA	276	596.9	48.53	28.5	3.91	44.62	0.9819	0.1059	-40.71
YER083C_mRNA	156	587.2	50.97	67.5	2.83	48.15	1.0	0.1109	-45.32
YER086W_mRNA	740	732.2	59.16	72.5	3.01	56.14	0.9959	0.1189	-53.13
YER087C-B_mRNA	608	428.1	42.43	15.0	3.04	39.39	0.9934	0.0984	-36.36
YER087W_mRNA	79	737.9	52.73	71.0	1.9	50.84	1.0	0.0992	-48.94
YER088C-A_mRNA	109	572.9	54.07	36.0	7.95	46.12	1.0	0.1092	-38.17
YER088C_mRNA	187	680.0	60.45	75.0	9.33	51.12	1.0	0.1335	-41.8
YER089C_mRNA	162	603.6	48.98	18.0	5.76	43.22	1.0	0.1126	-37.46
YER090W_mRNA	320	756.7	47.69	26.0	4.22	43.47	0.9781	0.0897	-39.24
YER091C_mRNA	1143	890.4	50.93	26.0	2.35	48.59	0.9965	0.0816	-46.24
YER092W_mRNA	160	476.7	46.48	28.5	4.03	42.45	1.0	0.1044	-38.42
YER093C-A_mRNA	45	440.2	69.93	71.0	20.93	49.0	1.0	0.161	-28.07
YER093C_mRNA	47	1144.0	86.64	82.0	2.11	84.53	0.9787	0.0847	-82.43
YER094C_mRNA	476	645.9	50.27	24.0	1.75	48.53	0.9853	0.0849	-46.78
YER095W_mRNA	53	805.1	47.28	19.0	3.81	43.47	1.0	0.0797	-39.66
YER096W_mRNA	25	768.4	172.96	161.0	3.0	169.96	1.0	0.3123	-166.96
YER097W_mRNA	9	333.6	155.67	163.0	125.56	30.11	1.0	0.4735	95.44
YER098W_mRNA	32	957.3	69.78	79.5	2.0	67.78	1.0	0.0839	-65.78
YER099C_mRNA	273	656.7	51.91	30.0	8.22	43.69	0.9853	0.0907	-35.48
YER100W_mRNA	235	563.9	46.71	23.0	2.98	43.73	0.9702	0.0969	-40.75
YER101C_mRNA	69	646.2	40.19	10.0	0.72	39.46	0.9855	0.0695	-38.74
YER102W_mRNA	14912	668.2	49.54	21.0	8.44	41.1	0.9983	0.0752	-32.66
YER103W_mRNA	1318	769.9	49.72	23.0	1.8	47.92	0.9856	0.1005	-46.12
YER104W_mRNA	107	485.7	57.88	24.0	6.07	51.8	0.9907	0.1214	-45.73
YER105C_mRNA	155	920.2	50.68	33.0	2.42	48.26	0.9935	0.0808	-45.84
YER106W_mRNA	7	1042.9	250.0	276.0	24.57	225.43	1.0	0.247	-200.86
YER107C_mRNA	181	711.9	58.01	71.0	6.03	51.97	0.9945	0.1015	-45.94
YER109C_mRNA	48	899.1	298.9	291.5	6.5	292.4	1.0	0.4072	-285.9
YER110C_mRNA	587	814.2	53.59	28.0	5.95	47.64	0.9932	0.0944	-41.69
YER111C_mRNA	76	765.4	166.67	154.0	22.71	143.96	0.9868	0.2814	-121.25
YER112W_mRNA	514	616.8	54.28	71.0	2.01	52.27	0.9747	0.0982	-50.26
YER113C_mRNA	95	759.8	56.55	67.0	2.29	54.25	0.9895	0.1051	-51.96
YER114C_mRNA	95	898.9	305.82	311.0	2.74	303.08	1.0	0.4112	-300.35
YER115C_mRNA	106	552.6	46.56	18.0	4.72	41.84	1.0	0.104	-37.12
YER116C_mRNA	16	493.4	34.81	10.5	3.25	31.56	0.9375	0.0902	-28.31
YER117W_mRNA	18054	493.2	60.81	64.0	2.81	58.0	0.9975	0.1212	-55.19
YER118C_mRNA	153	651.2	59.22	68.0	6.73	52.49	0.9935	0.1212	-45.76
YER119C_mRNA	31	608.0	47.61	62.0	2.06	45.55	1.0	0.0984	-43.48
YER120W_mRNA	424	623.6	44.43	14.0	4.89	39.54	0.9882	0.0796	-34.64
YER121W_mRNA	30	404.9	89.2	44.5	2.77	86.43	0.9333	0.1742	-83.67
YER122C_mRNA	360	731.3	52.46	65.0	2.08	50.38	1.0	0.0861	-48.29
YER123W_mRNA	88	666.3	43.18	18.5	1.86	41.32	1.0	0.0827	-39.45
YER124C_mRNA	376	818.7	58.01	71.0	6.0	52.01	0.9894	0.0956	-46.01
YER125W_mRNA	264	653.1	50.05	34.5	2.37	47.68	1.0	0.0979	-45.31
YER126C_mRNA	428	729.1	50.16	67.5	2.27	47.89	0.993	0.0791	-45.62
YER127W_mRNA	122	587.4	54.8	28.5	6.54	48.25	0.9836	0.113	-41.71
YER128W_mRNA	71	538.1	124.7	89.0	8.18	116.52	1.0	0.2352	-108.34
YER129W_mRNA	82	816.4	266.09	269.5	51.28	214.8	1.0	0.4056	-163.52
YER130C_mRNA	209	760.7	61.52	31.0	19.92	41.6	0.9952	0.1354	-21.68
YER131W_mRNA	3891	453.1	38.87	12.0	2.85	36.02	0.9756	0.0881	-33.16
YER132C_mRNA	100	684.4	171.33	139.0	25.57	145.76	0.99	0.2908	-120.19
YER133W_mRNA	841	913.8	55.94	17.0	9.89	46.05	0.9798	0.0853	-36.17
YER134C_mRNA	140	653.3	48.94	20.0	2.53	46.41	1.0	0.0829	-43.88
YER135C_mRNA	7	335.1	80.29	86.0	7.29	73.0	1.0	0.2174	-65.71
YER136W_mRNA	369	777.0	51.33	62.0	3.06	48.28	0.9973	0.0919	-45.22
YER137C_mRNA	24	400.7	26.04	6.0	4.54	21.5	0.9583	0.0951	-16.96
YER138C_mRNA	3951	1371.3	315.18	333.0	2.85	312.32	0.9937	0.289	-309.47
YER138W-A_mRNA	28	206.5	118.93	40.5	38.11	80.82	1.0	0.427	-42.71
YER139C_mRNA	390	445.3	234.5	283.0	197.26	37.24	1.0	0.6128	160.02
YER140W_mRNA	69	766.4	61.29	15.0	2.67	58.62	0.971	0.0817	-55.96
YER141W_mRNA	235	640.2	57.03	30.0	10.11	46.93	1.0	0.1159	-36.82
YER142C_mRNA	94	694.9	62.82	71.0	3.41	59.4	1.0	0.105	-55.99
YER143W_mRNA	97	750.9	46.44	32.0	4.43	42.01	0.9897	0.0898	-37.58
YER144C_mRNA	120	628.1	53.62	70.5	2.47	51.15	1.0	0.1141	-48.68
YER145C_mRNA	109	615.6	62.38	72.0	3.68	58.7	0.9817	0.1263	-55.02
YER146W_mRNA	568	398.3	45.18	18.0	2.59	42.59	0.9965	0.1085	-40.0
YER147C_mRNA	35	546.8	50.14	65.0	1.51	48.63	1.0	0.1138	-47.11
YER148W_mRNA	590	690.9	45.72	15.0	3.71	42.01	0.9881	0.0723	-38.3
YER149C_mRNA	49	661.7	51.96	18.0	8.43	43.53	1.0	0.0932	-35.1
YER150W_mRNA	401	530.8	57.53	72.0	3.81	53.72	0.9925	0.1133	-49.91
YER151C_mRNA	208	726.1	49.73	23.0	2.09	47.64	1.0	0.0919	-45.55
YER152C_mRNA	152	716.0	68.47	83.0	3.71	64.76	1.0	0.1243	-61.05
YER154W_mRNA	129	593.0	71.42	76.0	24.67	46.75	1.0	0.192	-22.09
YER155C_mRNA	317	767.2	163.91	157.0	2.47	161.44	0.9905	0.2834	-158.97
YER156C_mRNA	330	728.9	57.09	31.5	3.23	53.87	0.9939	0.1111	-50.64
YER157W_mRNA	162	673.0	45.73	14.5	2.87	42.86	0.9815	0.0837	-39.99
YER158C_mRNA	69	574.0	95.39	71.0	2.17	93.22	1.0	0.1697	-91.04
YER159C-A_mRNA	7	519.4	169.57	129.0	2.43	167.14	1.0	0.3256	-164.71
YER159C_mRNA	373	583.8	45.83	15.0	3.08	42.75	0.9946	0.084	-39.68
YER160C_mRNA	654	1089.8	285.83	326.0	5.34	280.49	0.9939	0.309	-275.15
YER161C_mRNA	49	451.9	83.78	56.0	38.14	45.63	1.0	0.177	-7.49
YER162C_mRNA	17	621.1	146.18	126.0	2.06	144.12	1.0	0.3049	-142.06
YER163C_mRNA	88	536.7	61.33	69.0	8.78	52.55	1.0	0.1326	-43.76
YER164W_mRNA	57	879.6	149.89	133.0	2.4	147.49	1.0	0.2444	-145.09
YER165W_mRNA	832	944.8	54.09	70.0	2.82	51.26	0.9916	0.0797	-48.44
YER166W_mRNA	103	727.4	150.24	135.0	2.84	147.4	1.0	0.2723	-144.55
YER167W_mRNA	130	763.6	189.35	197.5	2.23	187.12	1.0	0.3447	-184.89
YER168C_mRNA	128	688.1	54.46	16.0	5.05	49.41	0.9766	0.0924	-44.35
YER169W_mRNA	72	671.8	51.71	52.0	4.25	47.46	0.9861	0.1154	-43.21
YER170W_mRNA	83	623.3	58.49	65.0	3.66	54.83	0.988	0.1111	-51.17
YER171W_mRNA	103	550.1	68.25	69.0	18.9	49.35	0.9903	0.1953	-30.45
YER172C_mRNA	154	814.0	135.69	133.5	5.24	130.45	0.987	0.2396	-125.21
YER173W_mRNA	25	681.3	164.96	171.0	2.84	162.12	1.0	0.2891	-159.28
YER174C_mRNA	356	587.4	51.02	23.0	3.14	47.87	0.9944	0.0955	-44.73
YER175C_mRNA	135	630.1	51.87	66.0	3.16	48.72	1.0	0.1068	-45.56
YER175W-A_mRNA	46	601.5	45.11	52.0	1.98	43.13	0.9565	0.0894	-41.15
YER176W_mRNA	64	601.5	38.69	10.5	1.17	37.52	0.9844	0.079	-36.34
YER177W_mRNA	1981	689.8	53.17	66.0	3.01	50.17	0.9944	0.0972	-47.16
YER178W_mRNA	858	781.0	49.4	24.0	3.97	45.43	0.9953	0.0863	-41.45
YER179W_mRNA	42	563.2	128.43	118.0	10.19	118.24	1.0	0.2396	-108.05
YER180C-A_mRNA	14	438.2	53.71	73.0	7.93	45.79	1.0	0.1426	-37.86
YER180C_mRNA	40	523.0	52.52	39.5	1.48	51.05	1.0	0.1262	-49.58
YER182W_mRNA	140	576.0	48.0	65.5	2.04	45.96	1.0	0.1001	-43.93
YER183C_mRNA	112	536.5	53.22	72.0	2.13	51.09	0.9911	0.1149	-48.96
YER184C_mRNA	41	869.5	250.24	210.0	49.46	200.78	1.0	0.351	-151.32
YER185W_mRNA	27	521.5	159.67	112.0	76.33	83.33	1.0	0.305	-7.0
YER186C_mRNA	188	701.3	45.55	22.5	5.49	40.05	0.9787	0.0824	-34.56
YER187W_mRNA	43	599.1	107.3	78.0	52.02	55.28	0.9767	0.2384	-3.26
YER188W_mRNA	61	528.5	56.62	35.0	14.38	42.25	1.0	0.1258	-27.87
YER190W_mRNA	42	699.9	100.83	86.0	1.74	99.1	0.9762	0.1858	-97.36
YFL001W_mRNA	68	672.6	58.26	77.5	1.76	56.5	0.9853	0.1115	-54.74
YFL002C_mRNA	56	438.0	54.54	32.5	7.38	47.16	1.0	0.1462	-39.79
YFL002W-A_mRNA	1075	1033.5	328.97	335.0	5.03	323.94	0.9944	0.3735	-318.91
YFL002W-B_mRNA	26	404.8	81.65	81.5	6.92	74.73	1.0	0.226	-67.81
YFL003C_mRNA	19	700.5	138.47	135.0	2.21	136.26	1.0	0.2418	-134.05
YFL004W_mRNA	673	737.8	43.93	18.0	1.95	41.97	0.9822	0.081	-40.02
YFL005W_mRNA	975	707.5	64.88	71.0	15.4	49.48	0.9949	0.1161	-34.08
YFL007W_mRNA	113	889.3	98.71	86.0	6.28	92.42	0.9823	0.158	-86.14
YFL008W_mRNA	83	734.1	141.63	122.0	1.59	140.04	1.0	0.236	-138.45
YFL009W_mRNA	129	802.7	41.06	12.0	2.01	39.05	0.9922	0.0802	-37.05
YFL010C_mRNA	336	532.8	42.5	15.5	3.6	38.9	0.997	0.0959	-35.29
YFL012W_mRNA	26	601.0	159.62	127.5	101.81	57.81	1.0	0.2447	44.0
YFL013C_mRNA	92	453.1	52.66	17.0	1.72	50.95	0.9783	0.1217	-49.23
YFL013W-A_mRNA	8	662.8	67.38	44.0	0.38	67.0	1.0	0.1278	-66.62
YFL014W_mRNA	111	470.8	42.21	7.0	3.7	38.5	0.982	0.0914	-34.8
YFL016C_mRNA	574	682.2	47.6	21.5	1.96	45.65	0.993	0.101	-43.69
YFL017C_mRNA	225	417.1	47.03	21.0	4.28	42.75	1.0	0.1116	-38.48
YFL017W-A_mRNA	44	364.9	70.27	42.5	1.5	68.77	1.0	0.1846	-67.27
YFL018C_mRNA	371	684.4	45.86	14.0	2.71	43.15	0.9838	0.0926	-40.44
YFL019C_mRNA	8	642.9	362.5	346.0	48.5	314.0	1.0	0.5631	-265.5
YFL020C_mRNA	13	666.6	163.62	174.0	37.77	125.85	1.0	0.2349	-88.08
YFL021C-A_mRNA	26	642.2	72.85	74.5	3.19	69.65	1.0	0.1334	-66.46
YFL021W_mRNA	127	638.0	64.56	74.0	14.79	49.77	1.0	0.1444	-34.98
YFL022C_mRNA	820	706.2	48.15	17.5	3.63	44.52	0.9915	0.0894	-40.88
YFL023W_mRNA	40	401.7	42.65	11.0	2.65	40.0	0.975	0.134	-37.35
YFL024C_mRNA	97	668.4	77.72	80.0	1.98	75.74	1.0	0.1681	-73.76
YFL025C_mRNA	84	738.5	162.01	176.0	3.44	158.57	0.9881	0.2758	-155.13
YFL026W_mRNA	28	676.3	288.57	260.5	200.39	88.18	1.0	0.4167	112.21
YFL027C_mRNA	79	766.3	67.16	69.0	17.95	49.22	1.0	0.1191	-31.27
YFL028C_mRNA	260	707.0	45.18	13.0	3.03	42.15	0.9885	0.0714	-39.12
YFL029C_mRNA	77	561.0	71.43	43.0	1.43	70.0	1.0	0.1538	-68.57
YFL030W_mRNA	34	718.0	131.71	142.5	9.35	122.35	1.0	0.2127	-113.0
YFL031W_mRNA	2149	566.0	70.8	72.0	23.62	47.18	0.9967	0.1407	-23.56
YFL033C_mRNA	95	835.9	227.33	228.0	1.34	225.99	1.0	0.3568	-224.65
YFL034C-A_mRNA	820	457.1	65.31	28.0	23.21	42.1	1.0	0.1297	-18.89
YFL034C-B_mRNA	103	584.6	54.46	70.0	6.08	48.38	0.9903	0.1279	-42.3
YFL034W_mRNA	59	498.8	50.95	27.0	1.59	49.36	1.0	0.122	-47.76
YFL036W_mRNA	188	869.7	145.33	131.0	6.68	138.65	1.0	0.2194	-131.98
YFL037W_mRNA	574	755.4	56.57	73.5	2.68	53.89	0.9948	0.1052	-51.2
YFL038C_mRNA	773	564.7	48.96	18.0	7.46	41.5	0.9806	0.0974	-34.05
YFL039C_mRNA	3108	874.7	51.89	67.0	3.71	48.18	0.9875	0.0828	-44.47
YFL040W_mRNA	7	442.9	125.57	118.0	2.0	123.57	1.0	0.319	-121.57
YFL041W-A_mRNA	21	553.4	44.71	20.0	2.86	41.86	1.0	0.1148	-39.0
YFL041W_mRNA	95	805.7	56.37	65.0	2.58	53.79	1.0	0.0987	-51.21
YFL042C_mRNA	72	653.9	44.92	14.0	1.49	43.43	0.9583	0.1023	-41.94
YFL044C_mRNA	58	873.6	38.59	15.0	2.19	36.4	0.9828	0.0535	-34.21
YFL045C_mRNA	2589	748.6	50.23	65.0	2.88	47.35	0.9923	0.0819	-44.47
YFL046W_mRNA	199	649.4	43.4	14.0	1.35	42.06	0.995	0.0684	-40.71
YFL047W_mRNA	87	776.4	40.52	14.0	2.76	37.76	1.0	0.0709	-35.0
YFL048C_mRNA	334	791.1	48.48	34.5	2.38	46.1	0.991	0.0829	-43.73
YFL049W_mRNA	103	771.8	60.91	74.0	1.78	59.14	1.0	0.1124	-57.36
YFL050C_mRNA	60	886.3	305.65	300.5	18.1	287.55	1.0	0.4257	-269.45
YFL051C_mRNA	10	690.0	346.1	281.5	173.7	172.4	1.0	0.4747	1.3
YFL052W_mRNA	13	645.7	214.38	71.0	3.77	210.62	1.0	0.2546	-206.85
YFL053W_mRNA	8	683.1	212.5	196.0	0.75	211.75	1.0	0.3656	-211.0
YFL054C_mRNA	18	621.6	99.06	69.5	24.72	74.33	1.0	0.2093	-49.61
YFL055W_mRNA	52	572.2	122.75	84.0	63.71	59.04	1.0	0.2285	4.67
YFL058W_mRNA	13	451.4	142.77	146.0	1.54	141.23	1.0	0.3504	-139.69
YFL059W_mRNA	18	660.4	168.94	165.0	2.39	166.56	1.0	0.2854	-164.17
YFL060C_mRNA	14	541.9	148.93	129.5	6.79	142.14	1.0	0.2954	-135.36
YFL061W_mRNA	12	1083.4	514.75	344.0	59.83	454.92	1.0	0.4249	-395.08
YFL062W_mRNA	30	454.1	117.7	91.0	1.37	116.33	0.9667	0.3361	-114.97
YFR001W_mRNA	307	513.6	38.85	12.0	2.79	36.07	0.9967	0.0893	-33.28
YFR002W_mRNA	290	784.7	52.65	67.5	2.25	50.4	0.9931	0.0888	-48.16
YFR003C_mRNA	192	504.7	44.43	30.0	1.82	42.61	1.0	0.1	-40.79
YFR004W_mRNA	353	670.4	46.03	16.0	2.46	43.57	0.983	0.0798	-41.1
YFR005C_mRNA	103	599.9	44.04	15.0	2.82	41.22	0.9515	0.1087	-38.41
YFR006W_mRNA	256	847.7	49.97	30.5	2.81	47.16	0.9961	0.0889	-44.36
YFR007W_mRNA	39	657.7	71.51	13.0	1.26	70.26	0.9744	0.1032	-69.0
YFR008W_mRNA	66	561.9	115.82	109.0	1.98	113.83	1.0	0.2461	-111.85
YFR009W-A_mRNA	269	593.5	42.93	16.0	1.53	41.41	0.9963	0.0904	-39.88
YFR009W_mRNA	91	1032.3	64.68	67.0	6.24	58.44	1.0	0.0852	-52.2
YFR010W_mRNA	204	774.8	57.5	53.0	2.36	55.14	0.9951	0.0965	-52.77
YFR011C_mRNA	261	581.6	40.3	12.0	1.53	38.77	0.9464	0.0752	-37.25
YFR012W-A_mRNA	9	873.3	61.56	15.0	0.0	61.56	1.0	0.0779	-61.56
YFR013W_mRNA	98	589.4	44.61	19.0	1.57	43.04	0.9592	0.1072	-41.47
YFR014C_mRNA	101	641.9	45.17	14.0	1.55	43.61	1.0	0.096	-42.06
YFR015C_mRNA	141	608.6	49.23	28.0	1.87	47.36	0.9929	0.1067	-45.5
YFR016C_mRNA	44	422.6	77.82	31.5	8.36	69.45	1.0	0.1812	-61.09
YFR017C_mRNA	69	557.5	48.1	15.0	2.0	46.1	0.9855	0.0846	-44.1
YFR018C_mRNA	50	836.5	41.28	17.0	4.78	36.5	1.0	0.067	-31.72
YFR019W_mRNA	74	737.0	89.91	86.0	2.39	87.51	0.9865	0.1746	-85.12
YFR020W_mRNA	81	669.9	77.37	79.0	23.81	53.56	1.0	0.1448	-29.74
YFR021W_mRNA	45	766.9	59.96	72.0	3.13	56.82	1.0	0.1077	-53.69
YFR022W_mRNA	44	610.3	47.64	64.5	2.8	44.84	1.0	0.1042	-42.05
YFR023W_mRNA	12	687.7	113.67	114.0	1.83	111.83	1.0	0.2133	-110.0
YFR024C-A_mRNA	170	667.4	45.65	17.5	2.86	42.79	0.9706	0.0922	-39.93
YFR025C_mRNA	154	671.9	51.3	18.0	5.27	46.03	1.0	0.0911	-40.77
YFR026C_mRNA	27	403.2	86.96	18.0	26.07	60.89	1.0	0.1994	-34.81
YFR027W_mRNA	24	481.3	60.0	75.0	1.71	58.29	1.0	0.1346	-56.58
YFR028C_mRNA	38	933.6	45.66	18.0	2.26	43.39	1.0	0.0722	-41.13
YFR029W_mRNA	41	766.2	52.17	64.0	9.1	43.07	1.0	0.1124	-33.98
YFR030W_mRNA	150	758.0	68.45	45.5	1.97	66.47	1.0	0.1326	-64.5
YFR031C-A_mRNA	5652	612.1	43.17	14.0	2.65	40.52	0.9697	0.0794	-37.87
YFR031C_mRNA	104	689.6	98.03	70.0	5.34	92.69	0.9904	0.1737	-87.36
YFR032C-A_mRNA	11328	313.2	45.56	21.0	3.52	42.03	0.9974	0.1351	-38.51
YFR032C_mRNA	7	454.1	115.71	83.0	21.57	94.14	1.0	0.3188	-72.57
YFR033C_mRNA	325	423.8	44.55	21.0	1.77	42.78	0.9969	0.1119	-41.01
YFR034C_mRNA	5	225.2	8.8	8.0	1.2	7.6	0.8	0.0372	-6.4
YFR034W-A_mRNA	47	382.9	62.02	51.0	3.06	58.96	1.0	0.1704	-55.89
YFR036W_mRNA	25	507.8	78.2	78.0	5.96	72.24	1.0	0.1488	-66.28
YFR037C_mRNA	71	398.5	40.01	13.0	2.1	37.92	0.9859	0.109	-35.82
YFR038W_mRNA	45	692.8	43.8	18.0	1.69	42.11	1.0	0.0909	-40.42
YFR039C_mRNA	141	629.9	49.78	45.0	3.73	46.05	0.9929	0.0999	-42.32
YFR040W_mRNA	123	804.1	133.92	137.0	7.79	126.13	0.9919	0.2268	-118.34
YFR041C_mRNA	114	598.8	46.32	20.5	1.42	44.89	1.0	0.0922	-43.47
YFR042W_mRNA	192	634.1	59.11	72.0	3.76	55.35	0.9844	0.102	-51.59
YFR043C_mRNA	70	661.0	50.81	34.5	3.51	47.3	1.0	0.0838	-43.79
YFR044C_mRNA	788	793.4	65.12	62.0	2.8	62.32	0.9937	0.111	-59.52
YFR045W_mRNA	56	661.5	53.27	49.0	11.68	41.59	1.0	0.0941	-29.91
YFR046C_mRNA	29	430.2	47.62	26.0	5.34	42.28	1.0	0.126	-36.93
YFR047C_mRNA	149	604.9	45.34	23.0	2.6	42.74	0.9933	0.0886	-40.14
YFR048W_mRNA	83	620.3	43.4	12.0	6.64	36.76	0.988	0.091	-30.12
YFR049W_mRNA	258	552.2	46.5	38.5	2.04	44.46	0.9729	0.0874	-42.41
YFR050C_mRNA	426	682.3	48.85	20.0	3.08	45.77	0.993	0.0781	-42.7
YFR051C_mRNA	241	733.3	49.93	64.0	3.02	46.9	1.0	0.1038	-43.88
YFR052C-A_mRNA	494	523.3	53.94	60.5	5.34	48.6	0.998	0.1149	-43.26
YFR052W_mRNA	543	589.8	47.02	25.0	3.19	43.83	0.9779	0.0968	-40.63
YFR053C_mRNA	302	1225.9	104.04	106.0	2.15	101.88	0.9901	0.0884	-99.73
YFR055W_mRNA	809	760.2	48.92	22.0	3.11	45.81	0.9926	0.0895	-42.71
YGL001C_mRNA	542	832.8	63.38	71.0	2.39	60.99	0.9963	0.0961	-58.6
YGL002W_mRNA	128	516.4	43.92	32.0	4.91	39.02	1.0	0.109	-34.11
YGL003C_mRNA	81	662.5	76.3	78.0	11.44	64.85	1.0	0.1636	-53.41
YGL004C_mRNA	41	730.2	73.61	78.0	4.0	69.61	1.0	0.1321	-65.61
YGL005C_mRNA	134	635.4	65.24	78.0	10.58	54.66	1.0	0.1459	-44.07
YGL006W-A_mRNA	7	424.3	325.57	320.0	72.71	252.86	1.0	0.7584	-180.14
YGL006W_mRNA	417	894.3	146.4	137.0	7.36	139.03	0.9928	0.234	-131.67
YGL007C-A_mRNA	13	462.7	49.77	73.0	1.08	48.69	0.9231	0.1535	-47.62
YGL007W_mRNA	26	464.4	146.38	88.0	44.38	102.0	1.0	0.2954	-57.62
YGL008C_mRNA	4822	714.6	60.35	75.0	3.45	56.9	0.9967	0.1154	-53.45
YGL009C_mRNA	2371	744.6	53.89	70.0	2.47	51.42	0.9911	0.0996	-48.95
YGL010W_mRNA	79	494.4	53.97	57.0	4.46	49.52	0.9873	0.1275	-45.06
YGL011C_mRNA	402	721.8	47.07	20.0	2.68	44.39	0.9851	0.0726	-41.71
YGL012W_mRNA	370	781.5	49.72	23.0	2.78	46.94	0.9838	0.0817	-44.15
YGL013C_mRNA	63	865.3	115.6	111.0	9.43	106.17	1.0	0.2318	-96.75
YGL014W_mRNA	245	854.4	55.45	69.0	3.38	52.07	0.9959	0.0979	-48.69
YGL015C_mRNA	18	359.0	46.39	25.0	14.33	32.06	1.0	0.108	-17.72
YGL016W_mRNA	149	895.8	51.73	51.0	6.22	45.51	0.9866	0.077	-39.29
YGL017W_mRNA	84	778.9	59.08	74.0	5.54	53.55	0.9881	0.0989	-48.01
YGL018C_mRNA	37	543.4	52.03	69.0	4.68	47.35	1.0	0.1144	-42.68
YGL019W_mRNA	74	574.0	40.27	12.0	5.78	34.49	1.0	0.0734	-28.7
YGL020C_mRNA	254	601.4	49.46	61.0	5.1	44.36	0.9882	0.0967	-39.26
YGL021W_mRNA	105	827.8	124.86	114.0	1.66	123.2	0.981	0.196	-121.54
YGL022W_mRNA	501	707.8	42.47	15.0	2.54	39.93	0.992	0.078	-37.38
YGL023C_mRNA	45	402.0	36.73	13.0	1.84	34.89	1.0	0.1118	-33.04
YGL025C_mRNA	42	777.7	124.81	108.5	7.67	117.14	1.0	0.2019	-109.48
YGL026C_mRNA	634	804.8	43.62	16.0	1.97	41.65	0.9921	0.0796	-39.68
YGL027C_mRNA	116	651.7	47.3	30.0	1.47	45.83	1.0	0.1031	-44.35
YGL028C_mRNA	234	713.3	59.56	69.0	8.44	51.12	0.9915	0.1059	-42.69
YGL029W_mRNA	203	384.9	40.86	15.0	3.72	37.13	0.9901	0.1019	-33.41
YGL030W_mRNA	21030	459.7	46.56	20.0	4.89	41.67	0.9961	0.0979	-36.78
YGL031C_mRNA	8429	523.5	49.08	24.0	7.11	41.97	0.9979	0.0961	-34.85
YGL032C_mRNA	7	415.9	199.86	231.0	154.86	45.0	1.0	0.4712	109.86
YGL033W_mRNA	19	420.8	211.79	166.0	37.84	173.95	1.0	0.525	-136.11
YGL035C_mRNA	49	908.1	186.69	191.0	16.1	170.59	1.0	0.2576	-154.49
YGL036W_mRNA	114	847.8	144.78	145.0	2.54	142.25	0.9912	0.2765	-139.71
YGL037C_mRNA	1066	622.0	52.15	23.0	3.74	48.41	0.9981	0.1036	-44.67
YGL038C_mRNA	131	543.9	46.56	23.0	4.94	41.63	0.9924	0.1078	-36.69
YGL039W_mRNA	141	768.8	81.06	85.0	4.38	76.68	1.0	0.1317	-72.3
YGL040C_mRNA	174	829.1	53.28	66.0	4.2	49.08	1.0	0.0878	-44.89
YGL041C-B_mRNA	13	430.7	74.46	81.0	11.23	63.23	1.0	0.2255	-52.0
YGL041W-A_mRNA	306	545.6	49.4	34.5	6.91	42.49	0.9967	0.0938	-35.58
YGL043W_mRNA	160	686.3	45.55	15.0	2.98	42.57	0.9938	0.0833	-39.59
YGL044C_mRNA	114	672.7	61.53	72.0	8.99	52.54	1.0	0.108	-43.54
YGL045W_mRNA	44	736.2	60.89	73.0	2.89	58.0	0.9773	0.1016	-55.11
YGL047W_mRNA	101	566.2	47.58	52.0	1.64	45.94	0.9901	0.0905	-44.3
YGL048C_mRNA	420	702.2	45.9	16.0	2.09	43.81	0.9976	0.09	-41.72
YGL049C_mRNA	198	580.1	45.87	18.5	2.21	43.66	0.9949	0.1016	-41.45
YGL050W_mRNA	122	558.5	41.39	10.5	2.84	38.55	0.9836	0.0938	-35.7
YGL051W_mRNA	14	714.9	247.0	259.0	10.14	236.86	1.0	0.3132	-226.71
YGL053W_mRNA	87	539.1	67.21	67.0	12.66	54.55	0.9885	0.1302	-41.9
YGL054C_mRNA	1209	636.5	46.6	64.0	2.31	44.29	0.9677	0.0765	-41.98
YGL055W_mRNA	1703	854.7	53.63	68.0	3.53	50.11	0.9935	0.0843	-46.58
YGL056C_mRNA	64	776.6	57.58	33.5	1.5	56.08	0.9844	0.1106	-54.58
YGL057C_mRNA	40	538.4	54.58	73.5	2.05	52.52	0.975	0.1156	-50.48
YGL058W_mRNA	319	536.5	46.33	20.0	3.15	43.18	0.9781	0.0993	-40.03
YGL059W_mRNA	198	835.9	47.93	44.0	1.93	46.01	0.9899	0.0764	-44.08
YGL060W_mRNA	73	699.0	47.6	17.0	7.64	39.96	1.0	0.1064	-32.32
YGL061C_mRNA	94	531.5	60.22	69.5	10.64	49.59	0.9894	0.1523	-38.95
YGL062W_mRNA	173	777.5	85.07	88.0	2.56	82.51	0.9942	0.1625	-79.95
YGL063W_mRNA	51	484.1	57.84	71.0	7.98	49.86	1.0	0.1254	-41.88
YGL064C_mRNA	31	674.6	111.58	108.0	1.97	109.61	1.0	0.2437	-107.65
YGL065C_mRNA	85	615.8	65.76	77.0	10.64	55.13	1.0	0.1623	-44.49
YGL066W_mRNA	64	752.4	91.25	91.5	1.97	89.28	0.9844	0.1526	-87.31
YGL067W_mRNA	127	704.9	64.86	74.0	11.8	53.06	0.9843	0.1222	-41.27
YGL068W_mRNA	421	593.2	47.98	19.0	2.07	45.91	1.0	0.0923	-43.84
YGL070C_mRNA	540	580.4	46.98	19.5	5.31	41.67	0.9722	0.0824	-36.36
YGL071W_mRNA	52	963.2	66.58	30.5	23.83	42.75	0.9808	0.0841	-18.92
YGL072C_mRNA	8	222.6	38.12	8.5	1.88	36.25	1.0	0.1384	-34.38
YGL073W_mRNA	81	674.3	52.78	65.0	2.67	50.11	1.0	0.097	-47.44
YGL075C_mRNA	14	612.1	187.0	223.5	32.43	154.57	1.0	0.3425	-122.14
YGL076C_mRNA	8262	589.1	50.61	31.0	3.27	47.34	0.9966	0.0984	-44.07
YGL077C_mRNA	302	700.3	54.47	68.0	3.56	50.92	0.9934	0.1044	-47.36
YGL078C_mRNA	303	943.1	60.78	72.0	1.77	59.01	0.9967	0.0933	-57.23
YGL079W_mRNA	257	477.3	78.35	72.0	2.75	75.6	0.9883	0.1514	-72.84
YGL080W_mRNA	270	525.2	41.63	15.0	7.4	34.23	1.0	0.0858	-26.83
YGL082W_mRNA	126	830.3	45.42	17.0	1.89	43.53	1.0	0.0777	-41.64
YGL083W_mRNA	84	859.8	47.13	24.0	4.77	42.36	0.9881	0.0819	-37.58
YGL084C_mRNA	149	796.5	47.13	35.0	3.32	43.81	0.9732	0.0848	-40.48
YGL085W_mRNA	47	553.5	53.15	67.0	2.83	50.32	0.9787	0.1007	-47.49
YGL086W_mRNA	177	792.0	112.33	98.0	3.01	109.32	0.9944	0.1926	-106.32
YGL087C_mRNA	239	457.2	84.83	74.0	45.26	39.57	0.9958	0.1989	5.69
YGL088W_mRNA	165	328.8	137.99	141.0	2.21	135.78	0.9939	0.392	-133.57
YGL090W_mRNA	3447	505.9	49.71	61.0	4.07	45.64	0.9948	0.1026	-41.57
YGL091C_mRNA	161	649.9	48.92	28.0	2.44	46.48	1.0	0.1004	-44.04
YGL092W_mRNA	164	899.4	62.68	66.0	4.51	58.17	0.9939	0.1054	-53.66
YGL093W_mRNA	102	745.5	44.63	21.5	2.96	41.67	0.9804	0.0762	-38.71
YGL094C_mRNA	55	1252.6	197.53	210.0	8.91	188.62	1.0	0.2386	-179.71
YGL095C_mRNA	202	603.8	93.66	81.5	49.0	44.66	0.995	0.2556	4.33
YGL096W_mRNA	60	592.1	177.85	171.0	24.03	153.82	1.0	0.33	-129.78
YGL097W_mRNA	218	860.6	72.33	33.5	27.46	44.87	0.9771	0.1022	-17.41
YGL098W_mRNA	138	623.0	54.09	57.0	8.62	45.47	1.0	0.1052	-36.86
YGL099W_mRNA	182	704.8	53.7	30.5	1.7	51.99	0.9835	0.1016	-50.29
YGL100W_mRNA	146	599.5	61.35	65.5	11.08	50.27	0.9932	0.1339	-39.2
YGL101W_mRNA	275	650.8	54.25	70.0	3.38	50.88	1.0	0.096	-47.5
YGL102C_mRNA	40	399.6	127.1	70.5	73.92	53.18	0.825	0.2172	20.75
YGL103W_mRNA	22862	521.3	59.07	28.0	8.31	50.75	0.9987	0.1085	-42.44
YGL104C_mRNA	14	592.9	56.5	44.0	5.79	50.71	1.0	0.1579	-44.93
YGL105W_mRNA	898	647.1	52.19	35.0	2.19	49.99	0.9911	0.098	-47.8
YGL106W_mRNA	288	518.0	106.85	92.0	2.13	104.73	1.0	0.2345	-102.6
YGL107C_mRNA	120	743.8	58.94	68.5	5.39	53.55	1.0	0.1094	-48.16
YGL108C_mRNA	63	459.7	52.13	29.0	4.44	47.68	1.0	0.1189	-43.24
YGL110C_mRNA	79	639.7	44.01	16.0	1.29	42.72	0.9873	0.083	-41.43
YGL111W_mRNA	185	620.9	41.92	13.0	1.84	40.08	0.9784	0.0889	-38.23
YGL112C_mRNA	145	686.9	58.57	58.0	2.77	55.8	0.9931	0.1127	-53.03
YGL113W_mRNA	57	750.8	53.63	37.0	4.84	48.79	1.0	0.1068	-43.95
YGL114W_mRNA	77	794.6	48.97	25.0	4.27	44.7	0.974	0.0903	-40.43
YGL115W_mRNA	305	706.9	55.46	67.0	8.36	47.1	0.9934	0.1012	-38.74
YGL116W_mRNA	37	549.4	58.76	79.0	5.35	53.41	1.0	0.1617	-48.05
YGL117W_mRNA	727	731.8	50.56	65.0	3.0	47.56	0.9931	0.0834	-44.56
YGL119W_mRNA	52	846.5	55.02	22.5	3.83	51.19	1.0	0.1069	-47.37
YGL120C_mRNA	260	781.4	36.59	9.0	1.99	34.6	0.9654	0.0665	-32.61
YGL121C_mRNA	90	505.2	50.78	21.5	9.2	41.58	0.9778	0.1092	-32.38
YGL122C_mRNA	232	758.2	50.56	65.5	5.2	45.37	0.9828	0.0969	-40.17
YGL123W_mRNA	15765	630.1	52.32	65.0	2.46	49.86	0.9962	0.0949	-47.4
YGL124C_mRNA	99	651.4	178.67	176.0	9.0	169.67	1.0	0.3384	-160.67
YGL125W_mRNA	101	854.0	144.16	150.0	7.25	136.91	1.0	0.2421	-129.66
YGL126W_mRNA	84	737.5	274.69	295.5	5.99	268.7	1.0	0.4205	-262.71
YGL127C_mRNA	42	484.0	66.95	71.0	21.1	45.86	1.0	0.1368	-24.76
YGL128C_mRNA	28	636.1	66.04	71.5	3.18	62.86	1.0	0.1108	-59.68
YGL129C_mRNA	111	737.0	57.51	75.0	3.24	54.27	0.991	0.0996	-51.03
YGL130W_mRNA	53	620.0	38.57	16.0	1.45	37.11	0.9811	0.0843	-35.66
YGL131C_mRNA	33	950.0	120.45	79.0	8.82	111.64	1.0	0.165	-102.82
YGL133W_mRNA	140	567.0	123.28	89.5	22.1	101.18	0.9929	0.246	-79.08
YGL134W_mRNA	52	722.6	75.33	75.5	6.29	69.04	0.9808	0.1451	-62.75
YGL135W_mRNA	6593	590.1	51.93	64.0	3.76	48.16	0.9961	0.0982	-44.4
YGL136C_mRNA	140	528.0	67.01	72.5	3.95	63.06	0.9929	0.1393	-59.11
YGL137W_mRNA	244	891.8	52.27	53.0	3.04	49.23	0.959	0.0901	-46.19
YGL139W_mRNA	102	706.0	61.88	75.5	3.44	58.44	0.9804	0.1274	-55.0
YGL140C_mRNA	139	659.6	39.81	13.0	2.0	37.81	0.9856	0.0861	-35.81
YGL141W_mRNA	109	816.4	46.19	16.0	2.79	43.4	1.0	0.0778	-40.61
YGL142C_mRNA	227	592.2	49.15	48.0	3.51	45.63	0.9912	0.1008	-42.12
YGL143C_mRNA	64	533.8	55.25	67.5	1.98	53.27	0.9688	0.1256	-51.28
YGL144C_mRNA	28	432.8	60.93	74.0	2.43	58.5	1.0	0.1506	-56.07
YGL145W_mRNA	112	923.2	56.19	72.5	4.39	51.79	0.9911	0.0909	-47.4
YGL146C_mRNA	5	921.6	164.6	207.0	0.6	164.0	1.0	0.1677	-163.4
YGL147C_mRNA	16881	605.8	44.88	24.0	2.37	42.51	0.9779	0.0797	-40.14
YGL148W_mRNA	403	762.9	41.13	12.0	2.44	38.69	0.9826	0.075	-36.24
YGL150C_mRNA	70	805.1	195.17	208.0	1.5	193.67	0.9714	0.3287	-192.17
YGL151W_mRNA	128	682.5	59.7	57.0	10.46	49.23	0.9922	0.1323	-38.77
YGL152C_mRNA	5	550.2	86.8	90.0	0.6	86.2	1.0	0.1758	-85.6
YGL153W_mRNA	26	498.1	41.0	12.5	0.88	40.12	1.0	0.0971	-39.23
YGL154C_mRNA	85	652.7	61.02	71.0	11.55	49.47	0.9765	0.0951	-37.92
YGL155W_mRNA	90	616.3	59.23	68.0	1.74	57.49	0.9889	0.1186	-55.74
YGL156W_mRNA	65	661.5	169.26	163.0	8.43	160.83	1.0	0.3116	-152.4
YGL157W_mRNA	224	720.7	47.74	23.5	2.56	45.18	1.0	0.0847	-42.62
YGL158W_mRNA	11	750.4	43.73	10.0	3.27	40.45	1.0	0.0487	-37.18
YGL159W_mRNA	143	861.3	104.84	74.0	6.35	98.49	1.0	0.1258	-92.14
YGL160W_mRNA	102	621.2	52.01	47.0	9.14	42.87	0.9902	0.1252	-33.74
YGL161C_mRNA	225	698.5	51.65	69.0	2.57	49.08	1.0	0.0916	-46.5
YGL162W_mRNA	128	503.2	57.73	69.0	2.7	55.03	0.9922	0.1251	-52.34
YGL163C_mRNA	83	661.9	80.63	78.0	25.33	55.3	0.988	0.1957	-29.98
YGL164C_mRNA	39	445.0	46.38	12.0	1.0	45.38	0.9744	0.1148	-44.38
YGL165C_mRNA	14	381.8	43.14	16.0	1.93	41.21	1.0	0.1092	-39.29
YGL166W_mRNA	63	565.7	44.13	15.0	2.35	41.78	1.0	0.094	-39.43
YGL167C_mRNA	389	719.5	51.06	67.0	2.98	48.07	0.9923	0.093	-45.09
YGL168W_mRNA	16	262.1	41.69	20.5	1.88	39.81	1.0	0.1492	-37.94
YGL169W_mRNA	93	667.2	52.39	60.0	3.81	48.58	1.0	0.1095	-44.77
YGL170C_mRNA	13	668.1	148.31	92.0	66.46	81.85	1.0	0.206	-15.38
YGL171W_mRNA	114	618.4	45.57	16.5	2.09	43.48	1.0	0.0971	-41.39
YGL172W_mRNA	187	715.2	47.53	23.0	3.29	44.24	0.9893	0.0835	-40.94
YGL173C_mRNA	228	1073.9	165.94	154.5	18.85	147.1	0.9956	0.2459	-128.25
YGL174W_mRNA	103	364.6	91.89	83.0	52.2	39.69	1.0	0.2835	12.51
YGL175C_mRNA	7	612.1	99.57	79.0	21.14	78.43	1.0	0.1751	-57.29
YGL176C_mRNA	73	622.1	69.58	63.0	7.25	62.33	1.0	0.1374	-55.08
YGL177W_mRNA	8	576.2	328.25	251.0	240.25	88.0	1.0	0.5107	152.25
YGL178W_mRNA	58	1133.6	418.76	569.5	29.14	389.62	1.0	0.4102	-360.48
YGL179C_mRNA	65	726.1	87.66	72.0	19.48	68.18	1.0	0.1524	-48.71
YGL180W_mRNA	65	658.0	80.86	75.0	2.42	78.45	1.0	0.1559	-76.03
YGL181W_mRNA	79	624.2	72.24	56.0	7.35	64.89	1.0	0.1703	-57.53
YGL184C_mRNA	55	587.7	44.96	16.0	5.53	39.44	1.0	0.1109	-33.91
YGL185C_mRNA	60	701.8	59.2	47.0	2.82	56.38	1.0	0.1151	-53.57
YGL186C_mRNA	208	691.1	49.9	35.0	3.22	46.68	1.0	0.0994	-43.46
YGL187C_mRNA	1065	660.2	53.07	41.0	7.61	45.46	0.9953	0.0878	-37.85
YGL188C-A_mRNA	8	373.0	70.75	81.5	4.88	65.88	1.0	0.1673	-61.0
YGL189C_mRNA	5986	436.9	49.29	25.0	9.58	39.71	0.9985	0.1091	-30.13
YGL190C_mRNA	91	683.8	57.62	38.0	5.25	52.36	0.978	0.114	-47.11
YGL191W_mRNA	1071	536.8	48.69	60.0	2.51	46.18	0.9897	0.096	-43.67
YGL192W_mRNA	53	666.6	107.25	69.0	1.66	105.58	1.0	0.1347	-103.92
YGL193C_mRNA	26	393.6	94.04	90.0	34.04	60.0	1.0	0.2237	-25.96
YGL194C-A_mRNA	160	418.0	58.68	68.5	5.95	52.73	0.9938	0.1537	-46.78
YGL194C_mRNA	13	358.4	49.38	65.0	0.85	48.54	1.0	0.1396	-47.69
YGL195W_mRNA	429	858.2	128.75	117.0	2.02	126.73	0.993	0.2296	-124.72
YGL196W_mRNA	255	713.9	92.22	80.0	28.23	63.99	1.0	0.1618	-35.76
YGL197W_mRNA	59	958.2	314.47	321.0	16.39	298.08	0.9831	0.3352	-281.69
YGL198W_mRNA	178	576.2	44.17	19.5	1.58	42.58	1.0	0.0851	-41.0
YGL200C_mRNA	1122	583.5	47.58	30.0	2.74	44.84	0.9938	0.0911	-42.11
YGL201C_mRNA	51	526.8	35.63	11.0	1.41	34.22	1.0	0.0684	-32.8
YGL202W_mRNA	760	748.8	50.31	41.0	7.91	42.4	0.9974	0.0889	-34.48
YGL203C_mRNA	65	437.8	41.82	19.0	1.71	40.11	0.9846	0.1099	-38.4
YGL204C_mRNA	572	389.6	158.79	136.0	80.39	78.4	0.9983	0.3666	1.99
YGL205W_mRNA	14	548.6	192.21	201.0	10.21	182.0	1.0	0.377	-171.79
YGL206C_mRNA	314	1218.9	296.61	297.0	4.24	292.37	0.9936	0.3668	-288.13
YGL207W_mRNA	93	368.2	108.91	86.0	6.27	102.65	0.9892	0.2817	-96.38
YGL208W_mRNA	37	589.2	38.65	17.0	2.41	36.24	1.0	0.0811	-33.84
YGL209W_mRNA	117	548.3	62.68	71.0	8.07	54.62	0.9829	0.1373	-46.55
YGL210W_mRNA	124	546.2	64.23	36.5	16.32	47.9	0.9919	0.1342	-31.58
YGL211W_mRNA	116	779.9	51.53	35.5	3.55	47.97	0.9914	0.0804	-44.42
YGL213C_mRNA	132	573.9	35.93	9.5	1.42	34.52	0.9621	0.0754	-33.1
YGL215W_mRNA	464	739.3	46.76	23.0	2.37	44.38	0.9935	0.0854	-42.01
YGL216W_mRNA	38	779.4	79.29	71.5	1.29	78.0	1.0	0.1474	-76.71
YGL219C_mRNA	75	503.9	43.49	17.0	4.81	38.68	0.9867	0.121	-33.87
YGL220W_mRNA	591	437.2	44.12	21.0	1.53	42.59	0.9966	0.0976	-41.06
YGL221C_mRNA	193	600.7	43.23	16.0	2.18	41.05	0.9741	0.0856	-38.88
YGL222C_mRNA	14	387.1	139.0	135.5	20.14	118.86	1.0	0.3891	-98.71
YGL223C_mRNA	166	546.2	95.4	84.0	4.98	90.42	0.994	0.2055	-85.43
YGL224C_mRNA	273	609.3	56.18	71.0	4.5	51.68	0.9634	0.1178	-47.19
YGL225W_mRNA	879	638.2	55.88	70.0	3.74	52.14	0.9966	0.1084	-48.39
YGL226C-A_mRNA	630	426.2	49.0	65.0	3.4	45.61	0.9968	0.1119	-42.21
YGL226W_mRNA	92	391.5	52.6	19.5	18.34	34.26	1.0	0.1536	-15.92
YGL227W_mRNA	93	742.9	57.94	74.0	1.96	55.98	0.9892	0.1046	-54.02
YGL228W_mRNA	86	820.8	55.62	16.0	13.73	41.88	0.9884	0.0879	-28.15
YGL229C_mRNA	35	618.5	53.8	52.0	1.06	52.74	0.9714	0.1197	-51.69
YGL230C_mRNA	16	458.8	97.44	82.5	10.75	86.69	1.0	0.217	-75.94
YGL231C_mRNA	821	571.1	53.74	70.0	1.89	51.85	0.9939	0.0976	-49.95
YGL232W_mRNA	155	752.2	56.87	29.0	3.41	53.46	1.0	0.0805	-50.05
YGL233W_mRNA	158	796.7	65.89	71.5	5.52	60.37	1.0	0.1237	-54.85
YGL234W_mRNA	381	774.9	55.33	33.0	2.19	53.14	0.9974	0.1145	-50.95
YGL236C_mRNA	48	835.5	50.85	46.5	6.25	44.6	1.0	0.0858	-38.35
YGL237C_mRNA	59	556.0	70.64	76.0	3.41	67.24	1.0	0.1604	-63.83
YGL238W_mRNA	426	786.1	50.51	64.5	4.86	45.65	0.993	0.0837	-40.79
YGL240W_mRNA	19	663.5	47.16	11.0	0.74	46.42	1.0	0.0777	-45.68
YGL241W_mRNA	72	777.1	51.9	41.0	6.97	44.93	0.9583	0.0792	-37.96
YGL242C_mRNA	113	551.1	45.53	18.0	2.65	42.88	0.9558	0.0914	-40.24
YGL243W_mRNA	94	814.4	60.28	78.0	2.59	57.69	1.0	0.0951	-55.11
YGL244W_mRNA	155	592.9	39.92	13.0	2.37	37.55	0.9935	0.0839	-35.19
YGL245W_mRNA	1622	710.7	41.11	13.0	2.5	38.61	0.9753	0.078	-36.1
YGL246C_mRNA	164	743.8	48.75	41.5	2.3	46.45	0.9878	0.0814	-44.15
YGL247W_mRNA	81	580.4	49.07	58.0	1.7	47.37	1.0	0.0857	-45.67
YGL248W_mRNA	166	651.9	48.32	14.0	7.85	40.47	0.988	0.093	-32.62
YGL249W_mRNA	41	700.1	98.02	78.0	9.68	88.34	1.0	0.1501	-78.66
YGL250W_mRNA	48	670.6	45.48	16.5	2.48	43.0	1.0	0.0709	-40.52
YGL251C_mRNA	35	809.9	187.31	206.0	1.8	185.51	1.0	0.2998	-183.71
YGL252C_mRNA	191	608.9	38.49	11.0	2.86	35.63	0.9791	0.0943	-32.76
YGL253W_mRNA	1940	985.3	62.69	75.0	3.46	59.23	0.9948	0.0941	-55.77
YGL254W_mRNA	50	731.8	57.04	73.5	1.46	55.58	1.0	0.113	-54.12
YGL255W_mRNA	296	750.1	70.08	73.5	18.77	51.32	0.9932	0.1085	-32.55
YGL256W_mRNA	160	766.7	67.06	74.5	8.53	58.53	0.975	0.1248	-50.0
YGL257C_mRNA	176	693.6	60.85	69.0	9.04	51.81	0.9943	0.1138	-42.77
YGL258W-A_mRNA	5	931.2	741.2	788.0	75.0	666.2	1.0	0.8021	-591.2
YGL258W_mRNA	44	492.9	75.2	77.5	13.0	62.2	1.0	0.171	-49.2
YGR001C_mRNA	364	555.6	58.26	72.0	2.61	55.64	0.9973	0.1218	-53.03
YGR002C_mRNA	153	533.4	76.78	70.0	23.56	53.22	0.9935	0.1708	-29.67
YGR003W_mRNA	64	698.9	97.42	83.5	34.28	63.14	1.0	0.209	-28.86
YGR004W_mRNA	54	643.6	44.04	54.5	3.7	40.33	1.0	0.0825	-36.63
YGR005C_mRNA	98	697.2	48.49	13.5	2.55	45.94	1.0	0.0879	-43.39
YGR006W_mRNA	12	566.4	43.83	39.5	1.25	42.58	1.0	0.0911	-41.33
YGR007W_mRNA	66	834.1	66.17	68.0	12.24	53.92	0.9848	0.1113	-41.68
YGR008C_mRNA	1415	447.3	55.67	39.0	14.34	41.33	0.9979	0.1185	-26.99
YGR009C_mRNA	75	425.0	41.13	12.0	8.2	32.93	1.0	0.1081	-24.73
YGR010W_mRNA	22	1208.5	283.41	287.5	42.77	240.64	1.0	0.2285	-197.86
YGR011W_mRNA	88	656.8	106.51	88.5	15.3	91.22	1.0	0.1669	-75.92
YGR012W_mRNA	100	737.7	53.82	74.0	2.45	51.37	0.98	0.0911	-48.92
YGR013W_mRNA	34	682.5	54.71	67.5	1.82	52.88	1.0	0.1284	-51.06
YGR014W_mRNA	212	558.4	54.36	71.5	1.94	52.42	0.9953	0.1218	-50.47
YGR015C_mRNA	39	588.0	50.72	65.0	2.1	48.62	0.9744	0.1163	-46.51
YGR016W_mRNA	70	629.6	75.71	76.5	18.8	56.91	1.0	0.1267	-38.11
YGR017W_mRNA	143	632.7	74.59	22.0	20.25	54.34	0.993	0.1171	-34.08
YGR018C_mRNA	23	667.2	65.13	48.0	3.61	61.52	1.0	0.103	-57.91
YGR019W_mRNA	220	671.5	51.9	24.5	2.87	49.03	0.9909	0.1	-46.15
YGR020C_mRNA	1521	507.8	44.67	21.0	7.38	37.3	0.9941	0.0866	-29.92
YGR021W_mRNA	28	539.0	63.21	66.5	17.11	46.11	1.0	0.1375	-29.0
YGR023W_mRNA	53	677.6	73.21	80.0	8.42	64.79	1.0	0.1227	-56.38
YGR024C_mRNA	262	644.0	119.64	115.0	6.55	113.08	0.9962	0.221	-106.53
YGR026W_mRNA	152	675.8	50.51	36.5	4.3	46.21	0.9868	0.0925	-41.91
YGR027C_mRNA	12557	418.9	58.82	36.0	17.36	41.46	0.9986	0.1357	-24.11
YGR027W-B_mRNA	3030	1315.3	327.4	342.0	3.94	323.46	0.9937	0.2872	-319.51
YGR028W_mRNA	227	865.7	58.89	64.0	9.57	49.32	0.9956	0.0907	-39.75
YGR029W_mRNA	217	534.4	53.58	15.0	9.48	44.1	0.977	0.1201	-34.62
YGR030C_mRNA	171	509.9	109.11	82.0	54.04	55.08	0.9883	0.2093	-1.04
YGR031W_mRNA	45	551.3	60.18	15.0	2.02	58.16	1.0	0.1337	-56.13
YGR032W_mRNA	135	958.9	131.76	140.0	14.35	117.41	0.9926	0.2049	-103.07
YGR033C_mRNA	266	718.2	40.57	10.0	4.29	36.28	0.985	0.0708	-32.0
YGR034W_mRNA	15861	500.1	57.19	39.0	3.01	54.19	0.9977	0.1137	-51.18
YGR035C_mRNA	29	458.7	50.66	64.0	2.24	48.41	1.0	0.1135	-46.17
YGR035W-A_mRNA	125	526.4	42.69	16.0	4.39	38.3	1.0	0.0996	-33.9
YGR036C_mRNA	104	506.0	106.71	94.0	10.88	95.83	1.0	0.3227	-84.94
YGR037C_mRNA	1519	452.2	77.41	78.0	3.12	74.29	0.9987	0.1685	-71.16
YGR038C-B_mRNA	1060	1245.2	324.26	329.0	2.59	321.67	0.9943	0.3167	-319.07
YGR038W_mRNA	124	618.8	55.52	71.5	3.81	51.71	0.9758	0.1094	-47.9
YGR039W_mRNA	54	419.1	58.94	68.0	3.57	55.37	0.9815	0.1367	-51.8
YGR040W_mRNA	118	644.3	53.82	63.0	5.08	48.75	0.9746	0.1144	-43.67
YGR041W_mRNA	76	627.0	49.61	58.5	3.61	46.0	0.9868	0.1023	-42.39
YGR042W_mRNA	66	561.2	56.73	60.5	7.15	49.58	0.9848	0.1242	-42.42
YGR043C_mRNA	31	708.4	167.68	160.0	9.68	158.0	1.0	0.2815	-148.32
YGR044C_mRNA	231	661.0	66.58	75.0	10.46	56.12	0.9957	0.1223	-45.66
YGR046W_mRNA	163	851.9	61.75	70.0	5.6	56.15	0.9939	0.0915	-50.55
YGR047C_mRNA	43	798.0	36.93	11.0	3.37	33.56	1.0	0.0695	-30.19
YGR048W_mRNA	83	752.5	48.81	28.0	2.89	45.92	0.988	0.0813	-43.02
YGR049W_mRNA	294	569.1	48.18	38.5	4.9	43.28	0.9932	0.0931	-38.38
YGR050C_mRNA	46	366.1	46.96	23.0	6.17	40.78	1.0	0.1224	-34.61
YGR051C_mRNA	27	349.7	226.19	206.0	1.52	224.67	1.0	0.6589	-223.15
YGR052W_mRNA	34	582.9	206.88	189.0	9.53	197.35	1.0	0.3926	-187.82
YGR053C_mRNA	23	595.7	54.83	72.0	2.26	52.57	1.0	0.0967	-50.3
YGR054W_mRNA	202	714.1	58.87	32.5	2.27	56.6	0.9901	0.1133	-54.34
YGR055W_mRNA	427	774.8	61.33	70.0	2.27	59.06	1.0	0.1114	-56.79
YGR056W_mRNA	13	1529.0	129.62	158.0	3.31	126.31	1.0	0.0934	-123.0
YGR057C_mRNA	211	700.6	59.11	74.0	4.05	55.07	0.981	0.0982	-51.02
YGR058W_mRNA	54	601.2	52.46	41.0	7.46	45.0	1.0	0.0938	-37.54
YGR059W_mRNA	8	482.1	102.25	90.5	0.12	102.12	1.0	0.2761	-102.0
YGR060W_mRNA	1073	751.3	53.56	69.0	3.19	50.37	0.9897	0.0961	-47.18
YGR061C_mRNA	285	853.2	65.33	40.0	7.4	57.93	0.9754	0.107	-50.53
YGR062C_mRNA	29	673.6	55.52	24.0	16.14	39.38	1.0	0.1184	-23.24
YGR063C_mRNA	174	390.7	41.34	15.0	1.31	40.03	0.9943	0.104	-38.72
YGR064W_mRNA	240	432.8	46.31	19.5	1.77	44.55	0.9917	0.1077	-42.78
YGR065C_mRNA	87	704.9	48.53	64.0	1.71	46.82	0.9885	0.1044	-45.1
YGR066C_mRNA	8	703.1	224.62	220.5	18.0	206.62	1.0	0.3287	-188.62
YGR067C_mRNA	6	733.3	85.0	106.5	1.83	83.17	1.0	0.1582	-81.33
YGR068C_mRNA	25	709.0	49.56	35.0	2.88	46.68	1.0	0.1196	-43.8
YGR069W_mRNA	25	315.3	158.32	170.0	93.04	65.28	1.0	0.4731	27.76
YGR070W_mRNA	97	757.6	109.15	118.0	2.03	107.12	0.9897	0.1873	-105.09
YGR071C_mRNA	91	1004.8	161.73	184.0	9.19	152.54	1.0	0.2202	-143.35
YGR072W_mRNA	56	541.1	53.98	51.0	1.59	52.39	1.0	0.1149	-50.8
YGR073C_mRNA	114	603.5	66.39	79.0	2.22	64.17	1.0	0.1209	-61.95
YGR074W_mRNA	55	563.2	51.75	70.0	1.33	50.42	0.9636	0.097	-49.09
YGR075C_mRNA	119	688.3	59.07	70.0	3.76	55.3	1.0	0.0938	-51.54
YGR076C_mRNA	87	491.4	36.66	10.0	1.97	34.69	0.977	0.0798	-32.72
YGR077C_mRNA	96	717.1	56.77	72.0	2.5	54.27	0.9792	0.1145	-51.77
YGR078C_mRNA	60	546.7	43.93	17.0	4.1	39.83	1.0	0.0805	-35.73
YGR079W_mRNA	34	559.4	118.91	104.0	4.18	114.74	1.0	0.2773	-110.56
YGR080W_mRNA	96	798.3	42.67	11.0	3.36	39.3	1.0	0.058	-35.94
YGR081C_mRNA	161	532.9	54.06	41.0	5.89	48.17	0.9938	0.1143	-42.28
YGR082W_mRNA	329	569.5	56.83	71.0	3.5	53.33	1.0	0.1091	-49.84
YGR083C_mRNA	191	764.8	150.93	143.0	5.91	145.02	0.9948	0.2625	-139.12
YGR084C_mRNA	112	613.5	81.88	83.0	5.08	76.8	1.0	0.1771	-71.72
YGR085C_mRNA	7531	546.5	50.85	26.0	2.1	48.75	0.9939	0.0975	-46.64
YGR086C_mRNA	191	832.5	61.26	46.0	2.85	58.41	0.9791	0.0859	-55.55
YGR087C_mRNA	7	563.0	130.0	120.0	1.43	128.57	1.0	0.2699	-127.14
YGR088W_mRNA	118	468.7	68.99	69.0	18.48	50.51	1.0	0.2216	-32.03
YGR089W_mRNA	84	712.2	99.45	82.5	5.79	93.67	1.0	0.1958	-87.88
YGR090W_mRNA	254	702.5	49.01	19.5	3.28	45.73	0.9961	0.0961	-42.45
YGR091W_mRNA	60	720.1	54.4	20.0	3.38	51.02	1.0	0.1055	-47.63
YGR092W_mRNA	143	683.5	95.16	80.0	4.96	90.2	1.0	0.1851	-85.24
YGR093W_mRNA	120	719.6	61.71	29.0	8.32	53.38	0.9917	0.1218	-45.06
YGR094W_mRNA	2508	703.0	48.2	24.0	2.2	45.99	0.9948	0.0894	-43.79
YGR095C_mRNA	164	574.5	78.3	76.0	4.52	73.77	1.0	0.1473	-69.25
YGR096W_mRNA	47	562.8	105.85	84.0	55.0	50.85	1.0	0.174	4.15
YGR097W_mRNA	193	785.9	91.47	85.0	3.89	87.59	0.9948	0.1618	-83.7
YGR098C_mRNA	60	897.7	217.5	237.5	6.87	210.63	1.0	0.3126	-203.77
YGR099W_mRNA	73	801.5	49.22	25.0	2.82	46.4	1.0	0.0751	-43.58
YGR100W_mRNA	101	787.1	51.22	32.0	1.69	49.52	1.0	0.0878	-47.83
YGR101W_mRNA	114	722.8	53.89	52.0	4.54	49.35	0.9825	0.0884	-44.82
YGR102C_mRNA	77	497.3	53.31	34.0	1.94	51.38	1.0	0.1207	-49.44
YGR103W_mRNA	978	560.3	44.08	13.0	2.87	41.21	0.9877	0.0935	-38.34
YGR104C_mRNA	58	636.1	62.21	72.5	2.88	59.33	0.9828	0.1255	-56.45
YGR105W_mRNA	839	437.3	44.1	15.0	3.11	40.99	0.9976	0.0955	-37.89
YGR106C_mRNA	1270	725.4	54.01	71.0	3.47	50.54	0.9976	0.0864	-47.07
YGR107W_mRNA	26	405.5	100.12	68.0	18.42	81.69	1.0	0.1941	-63.27
YGR108W_mRNA	115	838.9	56.51	66.0	1.79	54.72	0.9652	0.0845	-52.93
YGR109C_mRNA	25	741.0	69.8	76.0	2.52	67.28	1.0	0.1213	-64.76
YGR109W-B_mRNA	39	955.5	257.46	270.0	3.18	254.28	1.0	0.3736	-251.1
YGR110W_mRNA	30	498.8	227.0	199.0	154.67	72.33	1.0	0.4498	82.33
YGR111W_mRNA	128	746.2	48.7	17.0	4.16	44.55	0.9844	0.0944	-40.39
YGR112W_mRNA	39	851.9	93.77	73.0	4.79	88.97	1.0	0.11	-84.18
YGR113W_mRNA	44	512.3	74.2	72.0	2.34	71.86	1.0	0.1556	-69.52
YGR116W_mRNA	577	695.8	53.03	68.0	2.02	51.01	0.9861	0.0983	-48.99
YGR117C_mRNA	147	837.4	52.72	64.0	2.2	50.52	0.9796	0.0891	-48.33
YGR118W_mRNA	13987	559.6	43.08	13.0	1.98	41.1	0.9954	0.0785	-39.12
YGR119C_mRNA	253	713.4	51.42	63.0	2.31	49.1	0.9881	0.095	-46.79
YGR120C_mRNA	149	520.3	56.49	60.0	3.53	52.96	0.9933	0.1289	-49.43
YGR121C_mRNA	184	619.7	60.05	73.5	5.95	54.1	0.9946	0.1338	-48.15
YGR121W-A_mRNA	22	382.0	91.23	76.0	8.41	82.82	1.0	0.2205	-74.41
YGR122C-A_mRNA	124	482.1	107.47	78.0	55.59	51.88	0.9919	0.1962	3.71
YGR122W_mRNA	99	652.5	64.94	60.0	20.44	44.49	0.9899	0.1324	-24.05
YGR123C_mRNA	207	895.7	62.49	68.0	2.09	60.4	1.0	0.0979	-58.31
YGR124W_mRNA	1113	794.0	52.17	26.0	8.37	43.8	0.9946	0.0955	-35.43
YGR125W_mRNA	281	788.7	57.11	75.0	4.83	52.28	1.0	0.1077	-47.46
YGR126W_mRNA	5	518.4	208.0	199.0	65.6	142.4	1.0	0.3929	-76.8
YGR127W_mRNA	41	641.0	60.88	15.0	24.61	36.27	1.0	0.0871	-11.66
YGR128C_mRNA	273	811.0	45.53	16.0	2.21	43.32	0.989	0.0808	-41.11
YGR129W_mRNA	111	505.1	51.9	47.0	2.95	48.95	0.973	0.1104	-46.01
YGR130C_mRNA	60	837.0	100.67	54.0	6.18	94.48	1.0	0.1202	-88.3
YGR131W_mRNA	123	588.6	70.03	75.0	12.02	58.01	1.0	0.1226	-45.98
YGR132C_mRNA	648	771.8	66.25	70.0	2.76	63.49	0.9985	0.1069	-60.73
YGR133W_mRNA	29	587.8	251.45	269.0	2.62	248.83	1.0	0.4472	-246.21
YGR134W_mRNA	43	713.5	146.12	138.0	15.35	130.77	1.0	0.2554	-115.42
YGR135W_mRNA	657	708.9	37.24	8.0	2.54	34.7	0.968	0.0566	-32.16
YGR137W_mRNA	524	612.0	61.72	46.5	11.18	50.53	1.0	0.1132	-39.35
YGR138C_mRNA	497	715.6	95.44	95.0	3.62	91.82	0.996	0.194	-88.2
YGR139W_mRNA	20	535.7	313.2	151.0	261.8	51.4	1.0	0.4331	210.4
YGR140W_mRNA	45	659.0	131.36	118.0	31.8	99.56	1.0	0.2805	-67.76
YGR141W_mRNA	108	651.4	71.9	63.5	3.63	68.27	0.9907	0.1267	-64.64
YGR142W_mRNA	3241	486.9	45.31	18.0	1.97	43.33	0.9966	0.1016	-41.36
YGR143W_mRNA	71	1120.6	420.45	435.0	15.73	404.72	0.9859	0.4368	-388.99
YGR144W_mRNA	8	601.8	168.5	152.5	5.12	163.38	1.0	0.3653	-158.25
YGR145W_mRNA	66	507.0	49.08	24.0	2.65	46.42	1.0	0.1271	-43.77
YGR146C-A_mRNA	18	413.8	83.11	77.5	3.67	79.44	1.0	0.1854	-75.78
YGR146C_mRNA	310	631.4	72.24	74.0	3.11	69.13	0.9935	0.1417	-66.02
YGR147C_mRNA	182	525.2	43.03	17.0	5.3	37.73	0.989	0.0951	-32.42
YGR148C_mRNA	4079	502.6	45.17	20.0	5.77	39.4	0.9865	0.092	-33.63
YGR149W_mRNA	166	671.3	57.7	64.5	8.49	49.21	0.994	0.1033	-40.72
YGR150C_mRNA	54	1348.8	120.0	106.5	10.46	109.54	1.0	0.097	-99.07
YGR151C_mRNA	70	326.7	60.31	64.0	7.0	53.31	1.0	0.1793	-46.31
YGR152C_mRNA	72	720.4	155.54	153.0	27.24	128.31	1.0	0.216	-101.07
YGR153W_mRNA	55	480.2	54.51	13.0	1.78	52.73	1.0	0.0994	-50.95
YGR154C_mRNA	81	605.2	45.89	13.0	5.64	40.25	1.0	0.0888	-34.6
YGR155W_mRNA	1682	796.0	62.27	77.0	3.99	58.28	0.997	0.1093	-54.29
YGR156W_mRNA	108	567.0	54.49	66.5	6.29	48.2	0.9907	0.1268	-41.92
YGR157W_mRNA	647	910.9	47.63	31.0	2.69	44.94	0.9907	0.0792	-42.25
YGR158C_mRNA	134	519.7	53.3	34.5	2.8	50.5	0.9925	0.1269	-47.7
YGR159C_mRNA	1459	656.2	55.73	63.0	3.13	52.6	0.9952	0.109	-49.47
YGR161C-C_mRNA	12	578.7	191.92	151.0	7.83	184.08	1.0	0.341	-176.25
YGR161C-D_mRNA	694	997.5	314.95	331.0	4.54	310.41	0.987	0.3433	-305.87
YGR161C_mRNA	585	634.8	89.17	81.0	4.1	85.07	1.0	0.1784	-80.97
YGR161W-A_mRNA	28	453.1	69.04	48.0	18.71	50.32	1.0	0.1679	-31.61
YGR161W-B_mRNA	1058	1050.9	321.53	329.0	3.24	318.29	0.9934	0.3642	-315.06
YGR161W-C_mRNA	256	495.9	55.77	70.0	10.8	44.97	0.9844	0.126	-34.17
YGR162W_mRNA	671	1039.0	439.3	445.0	2.22	437.08	0.9985	0.4994	-434.85
YGR163W_mRNA	69	754.9	66.84	74.0	7.25	59.59	0.9855	0.1227	-52.35
YGR164W_mRNA	80	245.5	111.49	119.5	14.05	97.44	1.0	0.4365	-83.39
YGR165W_mRNA	97	634.2	69.7	83.0	3.88	65.82	1.0	0.1521	-61.95
YGR166W_mRNA	137	737.7	63.61	67.0	1.54	62.07	1.0	0.1203	-60.53
YGR167W_mRNA	407	541.6	43.41	18.0	3.46	39.95	0.9951	0.0908	-36.49
YGR168C_mRNA	137	750.9	53.42	65.0	2.45	50.98	0.9854	0.081	-48.53
YGR169C-A_mRNA	325	500.6	44.17	14.0	3.06	41.11	0.9815	0.0946	-38.05
YGR169C_mRNA	33	550.8	47.82	14.0	0.64	47.18	0.9697	0.1313	-46.55
YGR170W_mRNA	67	752.7	265.9	282.0	2.87	263.03	0.9851	0.4194	-260.16
YGR171C_mRNA	78	447.4	121.63	101.5	81.01	40.62	1.0	0.3329	40.4
YGR172C_mRNA	232	596.2	54.78	70.5	2.39	52.38	0.9914	0.1087	-49.99
YGR173W_mRNA	158	679.0	39.46	9.0	4.6	34.86	0.9494	0.0753	-30.26
YGR174W-A_mRNA	120	407.7	76.75	79.0	4.35	72.4	0.9833	0.1994	-68.05
YGR175C_mRNA	1082	895.5	57.02	71.0	2.67	54.35	0.9963	0.0833	-51.68
YGR177C_mRNA	89	649.9	60.83	75.0	2.58	58.25	0.9888	0.1241	-55.66
YGR178C_mRNA	280	754.6	51.96	25.0	6.89	45.07	0.9821	0.1076	-38.18
YGR179C_mRNA	33	522.5	39.85	8.0	8.27	31.58	1.0	0.0932	-23.3
YGR180C_mRNA	1553	751.8	47.65	29.0	3.74	43.9	0.9891	0.0862	-40.16
YGR181W_mRNA	246	462.0	52.36	67.5	3.2	49.16	1.0	0.115	-45.96
YGR182C_mRNA	46	221.2	46.65	45.5	1.3	45.35	0.9783	0.1901	-44.04
YGR183C_mRNA	1578	530.4	55.62	69.0	7.07	48.55	0.9943	0.1049	-41.48
YGR184C_mRNA	107	956.9	119.02	90.0	16.69	102.33	1.0	0.1886	-85.64
YGR185C_mRNA	832	777.4	41.28	13.0	3.34	37.94	0.9748	0.0711	-34.6
YGR186W_mRNA	253	589.4	42.16	13.0	1.94	40.21	0.996	0.0818	-38.27
YGR187C_mRNA	90	561.0	24.71	4.0	1.57	23.14	0.8667	0.0541	-21.58
YGR188C_mRNA	48	476.1	53.12	28.0	8.12	45.0	1.0	0.1328	-36.88
YGR189C_mRNA	954	677.8	49.04	37.5	3.06	45.98	0.9759	0.103	-42.92
YGR190C_mRNA	223	558.5	52.09	52.0	2.74	49.35	0.9865	0.1457	-46.61
YGR191W_mRNA	154	547.0	45.54	16.5	9.95	35.59	0.987	0.1442	-25.64
YGR192C_mRNA	36312	688.2	51.15	68.0	2.26	48.88	0.9961	0.0982	-46.62
YGR193C_mRNA	265	593.3	41.26	13.0	2.0	39.27	0.9094	0.093	-37.27
YGR194C_mRNA	36	688.4	135.47	120.0	1.64	133.83	1.0	0.2484	-132.19
YGR195W_mRNA	146	600.7	50.86	29.0	7.25	43.61	1.0	0.098	-36.36
YGR196C_mRNA	51	580.7	48.8	56.0	1.78	47.02	1.0	0.1052	-45.24
YGR197C_mRNA	99	600.1	56.15	72.0	4.62	51.54	0.9798	0.127	-46.92
YGR198W_mRNA	203	736.7	60.56	71.0	2.95	57.61	1.0	0.1206	-54.66
YGR199W_mRNA	135	727.1	53.97	67.0	3.81	50.16	0.9926	0.1131	-46.36
YGR200C_mRNA	185	753.9	49.57	34.0	6.54	43.04	0.9892	0.0926	-36.5
YGR201C_mRNA	60	561.6	56.6	33.0	2.12	54.48	1.0	0.1119	-52.37
YGR202C_mRNA	123	861.6	61.34	19.0	3.75	57.59	0.9919	0.0799	-53.85
YGR203W_mRNA	102	496.0	48.45	41.5	1.64	46.81	1.0	0.1073	-45.18
YGR204C-A_mRNA	27	652.0	87.41	14.0	1.11	86.3	1.0	0.2089	-85.19
YGR204W_mRNA	615	816.5	49.67	65.0	2.91	46.76	0.9919	0.0938	-43.84
YGR205W_mRNA	26	622.7	59.19	72.0	2.96	56.23	1.0	0.1337	-53.27
YGR206W_mRNA	90	395.0	45.1	21.0	2.36	42.74	0.9889	0.1113	-40.39
YGR207C_mRNA	325	569.0	43.94	14.0	2.15	41.78	1.0	0.0859	-39.63
YGR208W_mRNA	136	551.2	46.73	21.5	3.46	43.27	1.0	0.1121	-39.82
YGR209C_mRNA	2271	457.3	47.85	53.0	2.53	45.32	0.9947	0.1016	-42.78
YGR210C_mRNA	256	625.4	47.83	18.0	2.06	45.77	0.9922	0.0937	-43.71
YGR211W_mRNA	1425	855.6	45.46	17.0	3.24	42.21	0.9916	0.078	-38.97
YGR212W_mRNA	34	562.6	121.62	118.0	31.09	90.53	1.0	0.2409	-59.44
YGR213C_mRNA	72	670.8	125.93	100.5	17.85	108.08	1.0	0.2093	-90.24
YGR214W_mRNA	2143	592.1	39.55	12.0	3.19	36.36	0.9865	0.0761	-33.17
YGR215W_mRNA	204	457.9	36.42	9.0	2.32	34.1	0.9804	0.079	-31.78
YGR216C_mRNA	112	839.1	56.86	72.5	5.71	51.15	1.0	0.0908	-45.45
YGR217W_mRNA	46	750.9	87.04	74.0	2.46	84.59	1.0	0.1783	-82.13
YGR218W_mRNA	325	913.5	48.63	23.0	2.21	46.42	0.9877	0.0711	-44.21
YGR220C_mRNA	301	503.2	43.77	16.0	2.69	41.09	0.9867	0.1017	-38.4
YGR221C_mRNA	52	641.4	55.9	71.5	4.85	51.06	1.0	0.1015	-46.21
YGR222W_mRNA	136	705.4	59.79	34.0	12.04	47.75	1.0	0.0911	-35.71
YGR223C_mRNA	56	647.0	41.04	13.0	12.04	29.0	1.0	0.0791	-16.96
YGR224W_mRNA	15	972.8	244.0	207.0	27.93	216.07	1.0	0.3174	-188.13
YGR225W_mRNA	5	730.2	154.2	179.0	19.6	134.6	0.8	0.2761	-115.0
YGR227W_mRNA	63	690.1	66.38	75.0	2.76	63.62	1.0	0.1363	-60.86
YGR229C_mRNA	284	626.0	55.24	69.0	3.33	51.9	0.993	0.121	-48.57
YGR230W_mRNA	117	511.2	48.68	62.0	1.62	47.07	1.0	0.1017	-45.45
YGR231C_mRNA	299	612.6	43.57	14.0	2.24	41.33	1.0	0.0831	-39.09
YGR232W_mRNA	235	594.8	47.81	25.0	6.57	41.25	0.9957	0.0958	-34.68
YGR233C_mRNA	238	816.5	110.09	113.5	6.71	103.39	0.9874	0.2	-96.68
YGR234W_mRNA	6548	836.7	52.38	68.0	3.0	49.37	0.9962	0.0816	-46.37
YGR235C_mRNA	236	607.6	71.67	72.0	4.42	67.25	1.0	0.1435	-62.83
YGR236C_mRNA	21	442.9	60.24	13.0	17.19	43.05	1.0	0.1175	-25.86
YGR237C_mRNA	103	712.6	57.01	68.0	3.17	53.84	1.0	0.1057	-50.68
YGR238C_mRNA	40	737.6	135.28	132.5	6.95	128.32	1.0	0.2588	-121.38
YGR239C_mRNA	176	392.4	56.54	15.5	2.43	54.11	0.9943	0.1269	-51.68
YGR240C-A_mRNA	100	459.4	268.68	277.5	202.15	66.53	1.0	0.5565	135.62
YGR240C_mRNA	1037	960.7	54.81	70.0	4.43	50.38	0.9894	0.0886	-45.95
YGR241C_mRNA	93	745.0	68.38	76.0	17.19	51.18	0.9892	0.1346	-33.99
YGR243W_mRNA	120	596.2	208.36	205.5	47.19	161.17	1.0	0.3546	-113.98
YGR244C_mRNA	214	738.2	53.17	38.0	3.32	49.86	0.9766	0.1001	-46.54
YGR245C_mRNA	234	466.2	38.46	11.0	1.59	36.88	0.9744	0.0933	-35.29
YGR246C_mRNA	74	586.7	51.05	17.5	2.7	48.35	0.973	0.1023	-45.65
YGR247W_mRNA	32	480.3	54.94	29.5	13.66	41.28	0.9688	0.1448	-27.62
YGR248W_mRNA	49	730.5	151.76	87.0	70.06	81.69	1.0	0.1998	-11.63
YGR249W_mRNA	22	987.0	468.86	519.0	14.36	454.5	1.0	0.4966	-440.14
YGR250C_mRNA	577	1008.4	60.66	73.0	5.15	55.51	0.9948	0.0869	-50.36
YGR251W_mRNA	148	507.6	53.17	70.0	3.3	49.86	0.973	0.114	-46.56
YGR252W_mRNA	72	977.6	68.53	80.5	2.33	66.19	1.0	0.091	-63.86
YGR253C_mRNA	492	656.1	47.17	19.0	3.41	43.76	0.9756	0.0795	-40.34
YGR254W_mRNA	5671	756.0	45.2	18.0	2.34	42.86	0.9803	0.0822	-40.51
YGR255C_mRNA	115	650.8	39.3	12.0	2.16	37.15	0.9826	0.098	-34.99
YGR256W_mRNA	24	649.1	78.21	80.5	11.08	67.12	1.0	0.1497	-56.04
YGR257C_mRNA	145	681.6	48.97	14.0	3.72	45.25	1.0	0.0801	-41.53
YGR258C_mRNA	93	750.8	42.56	19.0	3.05	39.51	1.0	0.0781	-36.45
YGR259C_mRNA	9	459.6	69.11	17.0	44.44	24.67	0.7778	0.1884	19.78
YGR260W_mRNA	323	919.0	56.64	73.0	3.29	53.35	1.0	0.0822	-50.06
YGR261C_mRNA	164	727.3	43.91	14.5	1.73	42.18	0.9695	0.0829	-40.45
YGR262C_mRNA	64	623.9	43.09	10.5	12.88	30.22	0.9844	0.0731	-17.34
YGR263C_mRNA	48	575.4	58.0	72.5	1.44	56.56	1.0	0.123	-55.12
YGR264C_mRNA	879	905.7	131.54	121.0	3.89	127.65	0.9932	0.2135	-123.77
YGR266W_mRNA	92	881.8	113.43	105.5	8.25	105.18	1.0	0.1811	-96.93
YGR267C_mRNA	719	615.6	43.6	16.0	3.63	39.97	0.9917	0.0806	-36.35
YGR268C_mRNA	40	707.9	71.0	79.5	15.2	55.8	1.0	0.103	-40.6
YGR270W_mRNA	119	645.4	123.18	112.0	2.92	120.26	1.0	0.2649	-117.34
YGR271C-A_mRNA	355	652.2	43.22	13.0	5.82	37.4	0.9746	0.08	-31.57
YGR271W_mRNA	108	782.1	138.96	139.5	2.6	136.36	0.9907	0.2306	-133.76
YGR274C_mRNA	73	645.0	69.21	28.0	2.89	66.32	0.9863	0.126	-63.42
YGR275W_mRNA	119	510.7	122.3	106.0	9.58	112.72	1.0	0.2512	-103.14
YGR276C_mRNA	132	909.3	104.45	86.0	3.61	100.84	0.9848	0.1555	-97.23
YGR277C_mRNA	55	761.3	53.6	14.0	16.56	37.04	0.9455	0.0656	-20.47
YGR278W_mRNA	33	718.8	40.45	15.0	3.21	37.24	0.8788	0.1094	-34.03
YGR279C_mRNA	874	706.4	57.9	76.0	2.79	55.11	0.9989	0.1091	-52.32
YGR280C_mRNA	77	363.4	50.68	12.0	3.53	47.14	1.0	0.1339	-43.61
YGR281W_mRNA	198	879.3	182.64	189.5	5.18	177.46	1.0	0.2626	-172.28
YGR282C_mRNA	2648	724.6	58.91	74.0	5.56	53.35	0.9928	0.1032	-47.79
YGR283C_mRNA	232	545.1	50.15	63.0	3.97	46.18	1.0	0.1044	-42.2
YGR284C_mRNA	696	822.1	56.16	71.0	4.22	51.94	0.9957	0.0841	-47.73
YGR285C_mRNA	599	597.3	44.63	17.0	1.65	42.97	0.995	0.1036	-41.32
YGR286C_mRNA	236	754.1	43.8	14.0	2.64	41.16	0.9915	0.0733	-38.53
YGR287C_mRNA	31	689.4	106.94	72.0	40.84	66.1	1.0	0.2116	-25.26
YGR288W_mRNA	51	615.1	60.82	74.0	2.14	58.69	1.0	0.1304	-56.55
YGR289C_mRNA	28	777.2	183.07	159.5	16.11	166.96	1.0	0.3137	-150.86
YGR295C_mRNA	262	578.0	108.91	93.0	1.78	107.13	0.9962	0.2349	-105.35
YGR296W_mRNA	60	689.5	156.77	87.5	22.0	134.77	1.0	0.2535	-112.77
YHL001W_mRNA	2027	484.7	49.7	28.0	5.07	44.64	0.9975	0.1032	-39.57
YHL002C-A_mRNA	302	319.3	116.12	112.0	77.29	38.83	1.0	0.3472	38.45
YHL002W_mRNA	85	767.0	54.71	70.0	2.06	52.65	1.0	0.0935	-50.59
YHL003C_mRNA	428	854.4	53.93	70.0	3.31	50.61	0.993	0.0854	-47.3
YHL004W_mRNA	73	683.6	48.7	25.0	3.08	45.62	0.9863	0.1075	-42.53
YHL006C_mRNA	42	472.1	61.76	71.0	2.21	59.55	1.0	0.1396	-57.33
YHL007C_mRNA	80	756.3	79.26	79.5	1.66	77.6	1.0	0.1411	-75.94
YHL008C_mRNA	25	394.6	97.2	76.0	31.24	65.96	1.0	0.2521	-34.72
YHL009C_mRNA	47	671.5	72.06	75.0	4.17	67.89	1.0	0.1235	-63.72
YHL009W-B_mRNA	18	1242.1	321.44	426.0	2.0	319.44	1.0	0.2747	-317.44
YHL010C_mRNA	15	728.3	171.33	108.0	4.07	167.27	1.0	0.259	-163.2
YHL011C_mRNA	722	700.2	50.65	62.5	3.85	46.8	0.9986	0.0869	-42.94
YHL012W_mRNA	20	738.4	195.85	119.5	70.6	125.25	1.0	0.2341	-54.65
YHL013C_mRNA	130	609.1	45.41	36.0	2.22	43.18	0.9846	0.0934	-40.96
YHL014C_mRNA	64	680.3	65.81	74.5	7.19	58.62	1.0	0.1124	-51.44
YHL015W_mRNA	22013	585.7	65.61	52.0	3.32	62.28	0.9988	0.1214	-58.96
YHL016C_mRNA	58	599.9	244.81	209.0	194.57	50.24	0.9828	0.3653	144.33
YHL017W_mRNA	67	839.5	92.67	80.0	20.93	71.75	0.9851	0.1359	-50.82
YHL019C_mRNA	34	724.5	58.35	76.5	1.29	57.06	1.0	0.0989	-55.76
YHL020C_mRNA	55	646.4	51.87	67.0	2.16	49.71	0.9818	0.101	-47.55
YHL021C_mRNA	331	841.4	54.89	70.0	4.42	50.47	0.994	0.091	-46.05
YHL022C_mRNA	31	566.7	145.48	130.0	10.9	134.58	0.9677	0.277	-123.68
YHL023C_mRNA	82	513.1	49.87	53.0	3.72	46.15	0.9756	0.1188	-42.43
YHL024W_mRNA	45	552.9	117.33	109.0	20.07	97.27	1.0	0.2503	-77.2
YHL025W_mRNA	111	580.8	46.02	19.0	2.96	43.05	0.991	0.1024	-40.09
YHL026C_mRNA	12	518.8	52.0	52.5	1.75	50.25	1.0	0.134	-48.5
YHL027W_mRNA	159	552.9	52.4	69.0	2.3	50.09	1.0	0.1216	-47.79
YHL028W_mRNA	13	549.5	67.08	60.0	27.62	39.46	1.0	0.1337	-11.85
YHL029C_mRNA	121	868.5	59.15	70.0	2.09	57.06	1.0	0.0855	-54.97
YHL030W_mRNA	174	894.4	133.8	120.5	7.72	126.08	1.0	0.2092	-118.36
YHL031C_mRNA	133	497.0	49.4	37.0	4.22	45.18	1.0	0.1122	-40.96
YHL032C_mRNA	52	681.9	61.88	67.0	3.96	57.92	1.0	0.1276	-53.96
YHL033C_mRNA	2097	624.8	44.61	15.0	2.88	41.73	0.9895	0.0858	-38.86
YHL034C_mRNA	522	515.8	39.39	13.0	1.74	37.65	0.977	0.0822	-35.91
YHL035C_mRNA	49	649.2	135.73	151.0	12.08	123.65	1.0	0.2682	-111.57
YHL036W_mRNA	48	561.0	63.58	50.0	11.73	51.85	1.0	0.1674	-40.12
YHL038C_mRNA	88	619.9	43.58	11.5	1.76	41.82	0.9886	0.0846	-40.06
YHL039W_mRNA	234	668.4	39.48	16.0	1.88	37.6	0.9915	0.0733	-35.71
YHL040C_mRNA	19	820.5	292.84	308.0	51.42	241.42	1.0	0.4371	-190.0
YHL042W_mRNA	24	612.9	263.75	216.5	1.25	262.5	1.0	0.4018	-261.25
YHL043W_mRNA	26	616.8	180.5	178.5	6.69	173.81	1.0	0.3261	-167.12
YHL044W_mRNA	22	692.1	45.73	41.0	1.41	44.32	1.0	0.0718	-42.91
YHL047C_mRNA	29	885.7	153.66	88.0	38.1	115.55	1.0	0.2149	-77.45
YHL048W_mRNA	163	739.3	97.76	88.0	8.98	88.79	1.0	0.1451	-79.81
YHL050C_mRNA	44	596.5	106.89	98.0	4.91	101.98	1.0	0.1902	-97.07
YHR001W-A_mRNA	572	481.3	56.46	70.0	8.33	48.13	0.9965	0.1132	-39.8
YHR001W_mRNA	139	631.3	52.59	26.0	2.91	49.68	0.9856	0.1041	-46.78
YHR002W_mRNA	25	642.3	43.44	18.0	2.88	40.56	1.0	0.1025	-37.68
YHR003C_mRNA	248	645.5	42.29	10.0	2.85	39.44	0.9879	0.0819	-36.59
YHR004C_mRNA	82	1011.9	290.82	297.0	19.78	271.04	1.0	0.3585	-251.26
YHR005C-A_mRNA	2446	454.6	50.09	41.0	3.2	46.89	0.9988	0.107	-43.69
YHR005C_mRNA	178	700.1	52.47	43.0	1.39	51.08	0.9719	0.0952	-49.7
YHR006W_mRNA	205	582.8	57.08	68.0	3.82	53.25	0.9805	0.118	-49.43
YHR007C-A_mRNA	29	423.1	55.62	29.0	16.52	39.1	1.0	0.1327	-22.59
YHR007C_mRNA	1737	817.3	49.31	25.0	3.12	46.19	0.9931	0.0948	-43.08
YHR008C_mRNA	271	702.6	46.74	17.0	3.7	43.04	1.0	0.0723	-39.33
YHR009C_mRNA	159	701.8	52.97	34.0	5.53	47.44	0.9937	0.106	-41.91
YHR010W_mRNA	18237	521.1	49.29	26.0	9.34	39.95	0.9814	0.0929	-30.61
YHR011W_mRNA	29	566.0	43.62	23.0	7.52	36.1	1.0	0.1039	-28.59
YHR012W_mRNA	191	717.2	47.28	17.0	7.21	40.07	0.9843	0.0763	-32.85
YHR013C_mRNA	264	523.9	42.33	15.5	2.42	39.91	0.9848	0.0909	-37.48
YHR015W_mRNA	26	841.8	131.96	130.5	2.69	129.27	1.0	0.2086	-126.58
YHR016C_mRNA	85	570.1	57.68	37.0	11.8	45.88	1.0	0.127	-34.08
YHR017W_mRNA	88	591.5	61.88	72.0	11.78	50.09	0.9886	0.136	-38.31
YHR018C_mRNA	1354	675.7	46.22	22.0	2.16	44.05	0.997	0.0909	-41.89
YHR019C_mRNA	948	791.3	48.73	56.0	2.92	45.81	0.9789	0.0845	-42.89
YHR020W_mRNA	1017	849.3	48.17	24.0	2.48	45.69	0.9567	0.0835	-43.2
YHR021C_mRNA	14715	382.8	61.3	74.0	3.14	58.16	0.9982	0.1535	-55.03
YHR022C-A_mRNA	25	566.2	90.64	94.0	1.0	89.64	1.0	0.1816	-88.64
YHR022C_mRNA	20	573.5	41.7	14.5	8.2	33.5	1.0	0.0899	-25.3
YHR023W_mRNA	105	698.4	120.99	112.0	2.97	118.02	0.981	0.2167	-115.05
YHR024C_mRNA	126	525.6	42.06	18.0	4.37	37.7	0.9762	0.1069	-33.33
YHR025W_mRNA	608	714.4	50.4	64.0	3.3	47.1	0.9951	0.095	-43.81
YHR026W_mRNA	464	646.6	48.08	31.5	2.52	45.55	0.9935	0.0884	-43.03
YHR027C_mRNA	480	712.5	47.65	23.0	3.31	44.34	0.9917	0.0778	-41.03
YHR028C_mRNA	311	805.9	47.58	22.0	3.08	44.5	0.9968	0.0899	-41.43
YHR028W-A_mRNA	5	300.0	22.6	11.0	1.0	21.6	1.0	0.1363	-20.6
YHR029C_mRNA	372	688.0	49.27	26.0	2.05	47.23	0.9919	0.0874	-45.18
YHR030C_mRNA	358	846.6	41.92	14.0	1.91	40.01	0.9888	0.0672	-38.11
YHR031C_mRNA	57	538.2	43.84	16.0	1.82	42.02	1.0	0.1133	-40.19
YHR032W-A_mRNA	128	722.1	62.49	74.5	7.66	54.84	1.0	0.1107	-47.18
YHR033W_mRNA	8	971.8	233.25	189.0	45.25	188.0	1.0	0.2649	-142.75
YHR034C_mRNA	27	505.1	49.44	37.0	2.74	46.7	1.0	0.1133	-43.96
YHR035W_mRNA	30	904.7	183.5	176.0	18.17	165.33	1.0	0.2222	-147.17
YHR036W_mRNA	51	557.1	58.76	54.0	17.94	40.82	0.9804	0.1468	-22.88
YHR037W_mRNA	194	698.5	46.9	27.5	1.62	45.28	1.0	0.0993	-43.66
YHR038W_mRNA	70	508.3	47.46	19.5	2.87	44.59	1.0	0.1122	-41.71
YHR039C-A_mRNA	1348	397.6	44.42	17.0	3.09	41.33	0.9963	0.1107	-38.24
YHR039C_mRNA	534	733.9	55.46	73.0	4.68	50.78	0.9963	0.1014	-46.1
YHR040W_mRNA	14	633.6	46.5	19.5	1.29	45.21	1.0	0.1084	-43.93
YHR041C_mRNA	61	553.9	80.61	70.0	9.15	71.46	1.0	0.1451	-62.31
YHR042W_mRNA	561	672.4	47.34	21.0	3.09	44.25	0.9929	0.0937	-41.16
YHR043C_mRNA	116	662.6	48.47	18.0	3.72	44.74	1.0	0.0848	-41.02
YHR044C_mRNA	49	619.2	72.78	73.0	14.35	58.43	1.0	0.1401	-44.08
YHR045W_mRNA	113	1029.9	55.74	57.0	3.07	52.67	0.9912	0.0681	-49.6
YHR046C_mRNA	97	698.7	66.38	75.0	2.53	63.86	0.9897	0.1187	-61.33
YHR047C_mRNA	345	792.2	45.38	13.0	2.84	42.54	1.0	0.0841	-39.7
YHR048W_mRNA	34	560.4	137.21	76.5	94.15	43.06	1.0	0.2397	51.09
YHR049W_mRNA	709	633.9	44.33	17.0	2.38	41.95	0.9972	0.0858	-39.57
YHR050W-A_mRNA	16	327.0	51.5	62.0	6.88	44.62	1.0	0.1675	-37.75
YHR050W_mRNA	94	908.4	46.95	59.5	2.72	44.22	0.9681	0.0743	-41.5
YHR051W_mRNA	1058	663.0	47.63	23.0	2.8	44.83	0.9981	0.081	-42.02
YHR052C-B_mRNA	47	392.8	253.15	242.0	35.34	217.81	1.0	0.6412	-182.47
YHR052W-A_mRNA	23757	442.2	258.05	261.0	55.95	202.1	1.0	0.5805	-146.14
YHR052W_mRNA	647	754.6	43.08	13.0	2.75	40.33	0.9969	0.0737	-37.59
YHR053C_mRNA	3042	450.3	268.29	277.0	45.42	222.87	1.0	0.5893	-177.45
YHR054C-B_mRNA	39	369.2	234.56	234.0	26.87	207.69	0.9744	0.6228	-180.82
YHR054C_mRNA	311	667.6	164.17	151.0	17.16	147.01	0.9936	0.2917	-129.85
YHR054W-A_mRNA	23345	441.9	257.97	261.0	56.06	201.91	1.0	0.5807	-145.86
YHR055C_mRNA	3139	450.5	268.39	277.0	46.19	222.2	1.0	0.5894	-176.02
YHR056C_mRNA	360	758.8	181.03	156.0	33.38	147.65	1.0	0.2896	-114.27
YHR056W-A_mRNA	21	229.9	44.05	33.0	4.29	39.76	1.0	0.1808	-35.48
YHR057C_mRNA	114	554.8	63.66	71.0	3.37	60.29	0.9912	0.1233	-56.92
YHR058C_mRNA	21	706.8	54.48	71.0	1.71	52.76	1.0	0.1097	-51.05
YHR059W_mRNA	86	472.4	52.57	71.5	3.64	48.93	1.0	0.1193	-45.29
YHR060W_mRNA	222	506.6	44.97	12.0	4.23	40.73	0.9955	0.0879	-36.5
YHR061C_mRNA	33	692.8	87.48	71.0	17.09	70.39	1.0	0.183	-53.3
YHR062C_mRNA	88	636.9	63.7	54.5	1.55	62.16	0.9886	0.1316	-60.61
YHR063C_mRNA	574	845.2	50.56	49.5	4.31	46.25	0.9983	0.0715	-41.94
YHR063W-A_mRNA	21	281.1	40.52	17.0	1.14	39.38	0.9524	0.1309	-38.24
YHR064C_mRNA	1502	812.9	47.7	18.0	2.41	45.29	0.9734	0.0765	-42.88
YHR065C_mRNA	72	761.5	37.11	12.0	2.99	34.12	0.9722	0.0693	-31.14
YHR066W_mRNA	29	761.2	48.48	26.0	6.45	42.03	0.9655	0.0786	-35.59
YHR067W_mRNA	75	616.8	49.63	69.0	1.72	47.91	1.0	0.0968	-46.19
YHR068W_mRNA	552	834.2	44.12	16.0	2.21	41.91	0.9583	0.0714	-39.7
YHR069C_mRNA	199	693.1	52.03	70.0	2.2	49.83	1.0	0.1	-47.64
YHR070W_mRNA	141	540.9	72.69	70.0	3.68	69.01	1.0	0.1641	-65.33
YHR071C-A_mRNA	19	449.2	102.53	79.0	35.37	67.16	1.0	0.1961	-31.79
YHR071W_mRNA	360	700.4	211.55	136.0	119.45	92.1	0.9972	0.2805	27.36
YHR072W-A_mRNA	3493	376.2	44.19	20.0	7.37	36.82	0.9969	0.1111	-29.46
YHR072W_mRNA	303	659.2	49.86	66.0	4.0	45.86	0.9868	0.1078	-41.87
YHR073C-B_mRNA	46	347.8	83.5	83.5	32.61	50.89	1.0	0.2224	-18.28
YHR073W_mRNA	78	951.9	172.64	168.0	4.76	167.88	1.0	0.218	-163.13
YHR074W_mRNA	275	821.4	64.82	62.0	2.93	61.88	0.9964	0.114	-58.95
YHR075C_mRNA	40	471.2	45.9	28.0	1.92	43.98	0.975	0.1156	-42.05
YHR076W_mRNA	185	640.1	62.43	31.0	9.67	52.76	0.9892	0.1106	-43.09
YHR077C_mRNA	126	477.0	49.67	15.5	2.3	47.37	0.9921	0.108	-45.06
YHR078W_mRNA	99	690.8	56.27	38.0	2.31	53.96	0.9697	0.1121	-51.65
YHR079C_mRNA	77	814.5	59.32	75.0	3.26	56.06	1.0	0.1088	-52.81
YHR080C_mRNA	63	731.5	113.52	129.0	3.62	109.9	1.0	0.2425	-106.29
YHR081W_mRNA	165	584.4	72.64	77.0	6.32	66.32	0.9879	0.1368	-59.99
YHR082C_mRNA	378	759.9	74.96	79.5	2.05	72.9	0.9894	0.161	-70.85
YHR083W_mRNA	116	632.0	49.56	13.5	9.52	40.04	1.0	0.0904	-30.53
YHR084W_mRNA	123	597.3	47.98	26.0	3.11	44.87	0.9919	0.1281	-41.76
YHR085W_mRNA	81	636.0	50.14	18.0	1.52	48.62	0.963	0.0911	-47.1
YHR086W_mRNA	69	870.0	57.71	74.0	2.65	55.06	1.0	0.0939	-52.41
YHR087W_mRNA	414	481.2	45.11	19.0	2.63	42.49	0.9976	0.1013	-39.86
YHR088W_mRNA	191	595.0	37.25	11.0	1.68	35.58	0.9895	0.0773	-33.9
YHR089C_mRNA	523	468.0	43.2	14.0	3.15	40.04	0.9751	0.1111	-36.89
YHR090C_mRNA	56	587.1	53.45	71.0	3.55	49.89	1.0	0.1135	-46.34
YHR091C_mRNA	55	744.5	95.95	76.0	2.07	93.87	1.0	0.1738	-91.8
YHR092C_mRNA	1137	833.1	56.31	71.0	7.78	48.53	0.9877	0.1033	-40.75
YHR094C_mRNA	191	656.8	72.25	84.0	7.48	64.77	0.9948	0.159	-57.29
YHR096C_mRNA	21	564.4	193.81	223.0	9.38	184.43	1.0	0.3949	-175.05
YHR097C_mRNA	147	777.0	64.03	41.0	4.56	59.47	1.0	0.1079	-54.91
YHR098C_mRNA	312	696.9	53.82	70.0	2.13	51.69	0.9936	0.1083	-49.56
YHR099W_mRNA	109	964.8	110.5	111.0	4.83	105.67	1.0	0.1634	-100.84
YHR100C_mRNA	146	438.5	47.51	28.5	7.92	39.58	0.9932	0.1153	-31.66
YHR101C_mRNA	45	531.0	60.53	78.0	10.67	49.87	0.9778	0.1443	-39.2
YHR102W_mRNA	70	592.4	52.61	46.0	5.9	46.71	1.0	0.1228	-40.81
YHR103W_mRNA	215	807.1	55.71	34.0	2.71	53.0	0.9907	0.0928	-50.3
YHR104W_mRNA	259	743.4	49.45	42.0	3.1	46.35	0.9884	0.0904	-43.25
YHR105W_mRNA	5	733.0	65.2	29.0	2.0	63.2	1.0	0.0802	-61.2
YHR106W_mRNA	89	661.1	76.37	77.0	8.28	68.09	1.0	0.1424	-59.81
YHR107C_mRNA	289	621.6	47.1	27.0	1.88	45.22	0.9931	0.0941	-43.34
YHR108W_mRNA	285	848.6	54.35	71.0	4.06	50.29	0.9895	0.0917	-46.23
YHR109W_mRNA	24	560.4	74.29	74.5	4.29	70.0	0.9583	0.1758	-65.71
YHR110W_mRNA	167	557.1	51.77	16.0	8.89	42.88	0.994	0.1018	-33.99
YHR111W_mRNA	141	711.4	56.53	66.0	6.56	49.97	0.9929	0.0938	-43.41
YHR112C_mRNA	65	615.7	47.85	48.0	4.45	43.4	0.9846	0.1046	-38.95
YHR113W_mRNA	190	810.2	48.08	19.0	1.27	46.82	0.9895	0.0834	-45.55
YHR114W_mRNA	46	849.1	166.15	141.5	22.15	144.0	1.0	0.2885	-121.85
YHR115C_mRNA	118	680.2	157.89	162.5	19.02	138.87	1.0	0.2871	-119.86
YHR116W_mRNA	16	459.1	40.31	12.0	3.0	37.31	1.0	0.0943	-34.31
YHR117W_mRNA	158	706.5	50.7	57.0	1.96	48.74	0.9747	0.1004	-46.78
YHR118C_mRNA	50	757.3	59.74	62.0	2.76	56.98	1.0	0.0918	-54.22
YHR119W_mRNA	70	791.7	166.86	149.0	5.73	161.13	1.0	0.3016	-155.4
YHR120W_mRNA	74	768.2	117.27	96.5	2.97	114.3	0.973	0.2105	-111.32
YHR121W_mRNA	492	630.3	43.75	15.0	2.07	41.68	0.9919	0.0724	-39.61
YHR122W_mRNA	200	589.6	52.81	44.5	7.61	45.2	0.995	0.0996	-37.59
YHR123W_mRNA	112	690.8	53.21	39.5	6.42	46.79	1.0	0.1027	-40.37
YHR124W_mRNA	94	439.0	77.67	58.0	2.94	74.73	1.0	0.1953	-71.8
YHR127W_mRNA	109	643.5	54.38	67.0	4.48	49.9	0.9908	0.1017	-45.42
YHR128W_mRNA	1038	663.2	49.33	58.0	3.32	46.01	0.9759	0.0937	-42.7
YHR129C_mRNA	36	650.2	74.61	11.5	1.67	72.94	0.9722	0.1036	-71.28
YHR130C_mRNA	40	448.1	179.72	92.0	119.42	60.3	1.0	0.3652	59.12
YHR131C_mRNA	11	642.7	72.18	76.0	11.27	60.91	1.0	0.1711	-49.64
YHR131W-A_mRNA	22	311.2	35.14	11.5	1.05	34.09	1.0	0.1118	-33.05
YHR132C_mRNA	170	750.4	47.68	18.5	1.87	45.81	0.9941	0.0828	-43.94
YHR132W-A_mRNA	438	527.4	61.45	71.0	7.48	53.97	0.9954	0.1293	-46.49
YHR133C_mRNA	215	801.3	212.96	224.0	4.21	208.75	1.0	0.3203	-204.54
YHR134W_mRNA	134	488.1	49.3	14.5	2.79	46.51	0.9627	0.1011	-43.72
YHR135C_mRNA	159	787.2	69.28	71.0	4.69	64.58	0.9686	0.0984	-59.89
YHR136C_mRNA	774	434.2	46.19	18.5	2.16	44.04	0.9948	0.1045	-41.88
YHR137W_mRNA	628	664.9	42.38	13.5	2.55	39.83	0.9857	0.0836	-37.28
YHR138C_mRNA	741	457.1	58.7	45.0	2.86	55.83	0.9987	0.1273	-52.97
YHR139C-A_mRNA	7	485.4	194.0	175.0	69.0	125.0	1.0	0.3814	-56.0
YHR139C_mRNA	7	715.7	295.43	358.0	33.86	261.57	1.0	0.4551	-227.71
YHR140W_mRNA	36	481.7	86.56	85.0	34.14	52.42	0.9722	0.2199	-18.28
YHR141C_mRNA	10868	438.8	48.08	26.0	3.71	44.37	0.9953	0.1042	-40.65
YHR142W_mRNA	128	568.6	46.68	64.0	4.87	41.81	0.9688	0.0954	-36.95
YHR143W-A_mRNA	986	444.2	39.71	12.0	2.26	37.46	0.9888	0.0892	-35.2
YHR143W_mRNA	398	723.8	89.17	80.0	26.11	63.06	0.995	0.1718	-36.94
YHR144C_mRNA	99	781.9	49.05	28.0	5.83	43.22	0.9596	0.081	-37.39
YHR145C_mRNA	15	265.5	142.6	127.0	86.53	56.07	1.0	0.3912	30.47
YHR146W_mRNA	182	758.6	219.47	221.0	2.18	217.29	0.9945	0.3654	-215.1
YHR147C_mRNA	217	639.5	65.06	72.0	13.17	51.89	0.9954	0.1171	-38.72
YHR148W_mRNA	304	621.4	57.89	75.0	3.38	54.51	0.9934	0.1065	-51.13
YHR149C_mRNA	96	683.5	52.56	74.5	1.98	50.58	0.9896	0.107	-48.6
YHR150W_mRNA	40	709.9	47.3	11.0	11.25	36.05	0.925	0.0812	-24.8
YHR151C_mRNA	39	719.3	58.95	75.0	2.62	56.33	0.9744	0.1171	-53.72
YHR152W_mRNA	120	512.3	44.77	19.0	1.61	43.16	0.9917	0.1001	-41.55
YHR153C_mRNA	57	397.3	47.88	20.0	5.02	42.86	1.0	0.1316	-37.84
YHR154W_mRNA	163	705.0	70.02	78.0	16.87	53.15	1.0	0.1298	-36.28
YHR155W_mRNA	50	933.5	126.88	100.0	18.04	108.84	1.0	0.1868	-90.8
YHR156C_mRNA	258	464.5	72.91	64.5	2.53	70.38	0.9961	0.1682	-67.85
YHR157W_mRNA	22	577.1	315.36	267.5	214.14	101.23	1.0	0.5265	112.91
YHR158C_mRNA	89	625.2	161.52	149.0	2.48	159.03	1.0	0.3183	-156.55
YHR159W_mRNA	47	627.6	73.45	81.0	2.04	71.4	1.0	0.1496	-69.36
YHR161C_mRNA	151	691.6	56.19	71.0	6.58	49.62	1.0	0.1308	-43.04
YHR162W_mRNA	3239	594.1	51.24	66.0	2.08	49.16	0.9991	0.0916	-47.08
YHR163W_mRNA	368	625.3	58.51	74.0	4.86	53.65	0.9918	0.1139	-48.79
YHR164C_mRNA	35	873.4	116.11	123.0	6.89	109.23	1.0	0.1554	-102.34
YHR165C_mRNA	205	772.6	108.18	101.0	2.24	105.93	0.9854	0.1979	-103.69
YHR166C_mRNA	26	654.0	31.77	7.5	2.42	29.35	0.9615	0.072	-26.92
YHR167W_mRNA	78	627.4	39.56	12.0	2.14	37.42	1.0	0.0722	-35.28
YHR168W_mRNA	49	563.8	34.65	12.0	3.14	31.51	0.9796	0.0822	-28.37
YHR169W_mRNA	62	572.3	37.53	10.5	6.68	30.85	0.9839	0.0893	-24.18
YHR170W_mRNA	349	797.0	44.08	18.0	4.46	39.62	0.9857	0.0707	-35.16
YHR171W_mRNA	55	701.1	59.22	73.0	1.47	57.75	0.9818	0.1074	-56.27
YHR172W_mRNA	41	597.2	140.07	72.0	7.71	132.37	1.0	0.1928	-124.66
YHR173C_mRNA	15	372.3	151.93	123.0	40.73	111.2	1.0	0.3944	-70.47
YHR174W_mRNA	29740	705.6	44.51	17.0	2.39	42.12	0.9939	0.0875	-39.74
YHR175W-A_mRNA	34	605.0	60.94	71.0	12.47	48.47	1.0	0.1177	-36.0
YHR175W_mRNA	38	670.4	56.26	66.0	11.84	44.42	0.9474	0.0844	-32.58
YHR176W_mRNA	14	529.4	83.36	64.5	22.29	61.07	1.0	0.1552	-38.79
YHR177W_mRNA	9	1402.1	740.11	828.0	73.67	666.44	1.0	0.5178	-592.78
YHR178W_mRNA	31	589.4	176.52	180.0	1.29	175.23	1.0	0.3826	-173.94
YHR179W_mRNA	1327	688.6	56.5	38.0	5.93	50.57	0.9947	0.1048	-44.63
YHR180W_mRNA	42	468.5	187.9	176.0	14.07	173.83	1.0	0.3782	-159.76
YHR181W_mRNA	213	515.5	44.46	23.0	2.97	41.49	0.9953	0.1021	-38.53
YHR182C-A_mRNA	6	309.2	49.67	49.5	1.17	48.5	1.0	0.159	-47.33
YHR182W_mRNA	26	698.1	86.19	65.0	1.58	84.62	1.0	0.1462	-83.04
YHR183W_mRNA	1347	829.4	43.54	15.0	2.42	41.12	0.9814	0.0779	-38.7
YHR184W_mRNA	43	619.5	181.4	178.0	1.84	179.56	1.0	0.3077	-177.72
YHR185C_mRNA	8	341.9	137.25	136.5	0.75	136.5	1.0	0.4486	-135.75
YHR186C_mRNA	56	683.8	115.34	105.5	2.2	113.14	1.0	0.2336	-110.95
YHR187W_mRNA	86	648.1	54.62	32.5	3.83	50.79	1.0	0.0944	-46.97
YHR188C_mRNA	177	635.0	51.18	36.0	3.49	47.68	0.9831	0.106	-44.19
YHR190W_mRNA	663	848.0	49.88	26.0	5.44	44.44	0.994	0.0699	-38.99
YHR191C_mRNA	186	362.8	43.33	18.5	1.83	41.5	1.0	0.1279	-39.67
YHR192W_mRNA	46	712.3	36.09	9.5	2.39	33.7	1.0	0.065	-31.3
YHR193C_mRNA	2564	496.1	46.24	22.0	2.58	43.66	0.998	0.1019	-41.08
YHR194W_mRNA	33	627.4	54.61	36.0	9.61	45.0	1.0	0.118	-35.39
YHR195W_mRNA	118	623.5	47.5	25.0	2.96	44.54	1.0	0.0954	-41.58
YHR196W_mRNA	300	931.2	47.85	17.0	2.3	45.55	0.9767	0.0693	-43.26
YHR197W_mRNA	53	779.6	37.02	9.0	2.62	34.4	1.0	0.0752	-31.77
YHR198C_mRNA	95	631.5	55.91	72.0	2.39	53.52	1.0	0.1173	-51.13
YHR199C_mRNA	92	665.7	53.12	32.5	7.9	45.22	1.0	0.0889	-37.32
YHR200W_mRNA	366	562.5	50.46	23.0	3.91	46.55	0.9973	0.095	-42.65
YHR201C_mRNA	182	953.4	57.71	33.5	2.57	55.15	0.989	0.0639	-52.58
YHR202W_mRNA	22	547.0	139.36	91.5	2.23	137.14	1.0	0.2282	-134.91
YHR203C_mRNA	5036	630.5	47.48	19.0	3.26	44.22	0.9934	0.0897	-40.96
YHR204W_mRNA	50	746.3	59.94	75.5	3.54	56.4	1.0	0.1182	-52.86
YHR205W_mRNA	51	975.5	88.73	82.0	26.73	62.0	1.0	0.1532	-35.27
YHR206W_mRNA	70	1030.0	313.47	310.0	21.49	291.99	1.0	0.3629	-270.5
YHR207C_mRNA	73	791.1	135.01	113.0	5.26	129.75	1.0	0.2391	-124.49
YHR208W_mRNA	2085	861.4	50.23	53.0	3.85	46.39	0.9909	0.0754	-42.54
YHR209W_mRNA	311	569.8	53.3	54.0	3.72	49.58	0.9936	0.1066	-45.86
YHR210C_mRNA	36	814.2	106.39	79.5	56.56	49.83	1.0	0.127	6.72
YHR211W_mRNA	66	660.2	188.77	143.5	48.68	140.09	1.0	0.2802	-91.41
YHR213W-A_mRNA	6	451.7	278.33	199.5	169.17	109.17	1.0	0.5217	60.0
YHR213W-B_mRNA	7	802.1	532.0	533.0	296.86	235.14	1.0	0.5986	61.71
YHR214C-B_mRNA	1623	1246.5	293.82	325.0	3.33	290.48	0.9938	0.2745	-287.15
YHR214C-C_mRNA	9	751.6	130.0	132.0	20.44	109.56	1.0	0.2172	-89.11
YHR214C-E_mRNA	16	479.0	230.94	83.0	149.56	81.38	1.0	0.3847	68.19
YHR214W-A_mRNA	27	846.4	449.37	337.0	260.04	189.33	1.0	0.4847	70.7
YHR214W_mRNA	8	1679.4	1205.88	1390.0	19.75	1186.12	1.0	0.6927	-1166.38
YHR215W_mRNA	1201	688.5	116.12	127.0	8.84	107.28	0.9983	0.2252	-98.43
YHR216W_mRNA	643	801.9	64.84	72.0	14.37	50.48	0.9922	0.1357	-36.11
YHR219W_mRNA	19	587.4	116.95	83.0	22.37	94.58	1.0	0.2581	-72.21
YIL001W_mRNA	36	869.7	56.47	73.5	1.17	55.31	1.0	0.085	-54.14
YIL002C_mRNA	35	678.9	51.86	34.0	2.91	48.94	1.0	0.1288	-46.03
YIL002W-A_mRNA	356	331.3	39.02	15.0	2.63	36.39	0.9916	0.1095	-33.76
YIL003W_mRNA	71	693.4	39.51	13.0	3.39	36.11	0.9859	0.0645	-32.72
YIL004C_mRNA	154	524.9	50.08	15.0	6.4	43.68	1.0	0.0968	-37.29
YIL005W_mRNA	133	741.6	53.75	52.0	3.11	50.64	1.0	0.0986	-47.53
YIL006W_mRNA	14	669.5	87.14	109.0	4.86	82.29	1.0	0.1868	-77.43
YIL007C_mRNA	45	785.8	59.18	21.0	6.56	52.62	1.0	0.0828	-46.07
YIL008W_mRNA	658	463.9	47.88	26.0	7.51	40.37	1.0	0.0993	-32.86
YIL009C-A_mRNA	144	518.5	61.42	71.5	11.15	50.26	0.9931	0.1183	-39.11
YIL009W_mRNA	156	815.6	81.36	85.5	7.81	73.54	1.0	0.1272	-65.73
YIL010W_mRNA	118	643.1	45.23	14.0	2.34	42.89	1.0	0.0696	-40.55
YIL011W_mRNA	77	573.4	66.96	72.0	17.19	49.77	1.0	0.1542	-32.57
YIL013C_mRNA	45	701.7	147.11	123.0	7.2	139.91	0.9556	0.2478	-132.71
YIL014C-A_mRNA	30	493.9	48.43	22.0	2.53	45.9	1.0	0.108	-43.37
YIL014W_mRNA	213	842.7	59.78	66.0	7.61	52.17	0.9906	0.1118	-44.56
YIL015W_mRNA	24	539.7	181.46	148.5	2.17	179.29	1.0	0.3578	-177.12
YIL016W_mRNA	113	425.4	47.6	20.0	3.69	43.91	0.9823	0.1217	-40.22
YIL017C_mRNA	58	647.6	148.29	131.5	7.55	140.74	0.9828	0.264	-133.19
YIL018W_mRNA	9795	674.3	49.27	62.0	2.12	47.14	0.9932	0.084	-45.02
YIL019W_mRNA	35	487.0	39.57	9.0	1.4	38.17	0.9714	0.0982	-36.77
YIL020C-A_mRNA	11	266.3	36.73	10.0	0.45	36.27	0.9091	0.1428	-35.82
YIL020C_mRNA	70	655.0	58.87	71.0	5.86	53.01	1.0	0.0929	-47.16
YIL021W_mRNA	105	707.5	53.7	25.0	4.28	49.43	0.9905	0.0817	-45.15
YIL022W_mRNA	161	541.1	46.38	59.0	1.76	44.61	0.9814	0.1	-42.85
YIL023C_mRNA	51	749.4	104.2	98.0	4.61	99.59	1.0	0.1916	-94.98
YIL024C_mRNA	118	587.3	52.05	67.5	4.51	47.54	1.0	0.1082	-43.03
YIL026C_mRNA	81	861.6	60.17	73.0	1.67	58.51	1.0	0.0982	-56.84
YIL027C_mRNA	574	516.6	39.79	15.0	4.42	35.37	0.9808	0.0751	-30.95
YIL028W_mRNA	42	598.2	46.76	41.5	1.83	44.93	1.0	0.1085	-43.1
YIL029C_mRNA	92	697.6	67.83	77.0	10.04	57.78	1.0	0.1155	-47.74
YIL030C_mRNA	296	768.7	49.5	58.5	2.22	47.28	0.9899	0.0832	-45.06
YIL030W-A_mRNA	27	445.7	20.11	8.0	4.63	15.48	1.0	0.0524	-10.85
YIL031W_mRNA	27	1083.3	52.04	41.0	3.0	49.04	1.0	0.0739	-46.04
YIL033C_mRNA	191	845.6	48.55	23.0	3.02	45.53	0.9948	0.0698	-42.52
YIL034C_mRNA	307	563.8	46.5	13.0	3.28	43.23	0.9772	0.0954	-39.95
YIL035C_mRNA	285	730.6	50.94	56.0	4.69	46.25	0.986	0.0912	-41.56
YIL036W_mRNA	160	876.0	56.72	38.0	3.85	52.87	1.0	0.0756	-49.02
YIL037C_mRNA	20	603.6	84.55	84.5	4.2	80.35	1.0	0.1619	-76.15
YIL038C_mRNA	161	767.4	196.35	202.0	8.21	188.14	0.9938	0.3209	-179.93
YIL039W_mRNA	341	696.9	53.28	66.0	8.53	44.76	0.9971	0.1162	-36.23
YIL040W_mRNA	520	493.6	54.46	68.0	4.41	50.05	0.9962	0.1075	-45.64
YIL041W_mRNA	303	788.5	47.02	16.0	2.72	44.3	0.9769	0.0701	-41.58
YIL042C_mRNA	43	541.4	41.19	14.0	4.12	37.07	1.0	0.1024	-32.95
YIL043C_mRNA	890	698.3	44.3	17.0	2.55	41.75	0.9978	0.0778	-39.2
YIL044C_mRNA	106	618.1	46.36	21.0	3.4	42.96	0.9906	0.0944	-39.57
YIL045W_mRNA	105	577.7	64.26	35.0	6.9	57.36	1.0	0.1283	-50.47
YIL046W_mRNA	63	686.6	60.21	67.0	12.63	47.57	0.9365	0.1217	-34.94
YIL047C-A_mRNA	134	629.6	50.13	28.5	7.08	43.04	1.0	0.0961	-35.96
YIL047C_mRNA	16	870.8	71.56	82.5	6.88	64.69	1.0	0.1015	-57.81
YIL048W_mRNA	122	748.1	68.43	74.0	6.34	62.09	0.9918	0.1188	-55.75
YIL049W_mRNA	73	546.5	72.4	76.0	9.12	63.27	1.0	0.1569	-54.15
YIL050W_mRNA	115	658.5	80.15	84.0	19.42	60.73	0.9913	0.1631	-41.31
YIL051C_mRNA	736	521.5	50.09	61.0	5.63	44.46	0.9878	0.0979	-38.82
YIL052C_mRNA	4946	444.5	38.38	11.0	3.21	35.17	0.9832	0.0841	-31.97
YIL053W_mRNA	3815	607.6	50.16	67.0	3.38	46.79	0.9853	0.1039	-43.41
YIL055C_mRNA	63	604.4	82.41	69.0	7.05	75.37	1.0	0.1972	-68.32
YIL056W_mRNA	154	737.3	79.93	80.0	5.33	74.6	0.9935	0.166	-69.27
YIL057C_mRNA	6	551.7	172.0	167.0	31.33	140.67	1.0	0.3217	-109.33
YIL059C_mRNA	29682	412.1	143.68	128.0	90.74	52.94	0.9959	0.3159	37.8
YIL060W_mRNA	19	233.7	97.53	75.0	47.11	50.42	1.0	0.3451	-3.32
YIL061C_mRNA	22	502.7	46.27	18.0	2.68	43.59	0.9545	0.131	-40.91
YIL062C_mRNA	438	483.8	50.86	38.5	7.84	43.03	0.9977	0.1103	-35.19
YIL063C_mRNA	333	652.1	44.99	17.0	3.25	41.74	0.9489	0.0803	-38.49
YIL064W_mRNA	260	652.6	101.37	92.0	3.19	98.18	0.9962	0.1552	-94.99
YIL065C_mRNA	166	506.3	43.56	15.0	3.18	40.38	1.0	0.0905	-37.2
YIL066C_mRNA	9	577.1	131.11	147.0	1.78	129.33	1.0	0.293	-127.56
YIL067C_mRNA	62	916.3	47.61	45.0	4.35	43.26	1.0	0.0823	-38.9
YIL068C_mRNA	60	966.3	70.37	81.5	2.65	67.72	0.95	0.1125	-65.07
YIL069C_mRNA	2595	534.0	56.82	46.0	4.26	52.56	0.9931	0.1122	-48.3
YIL070C_mRNA	162	561.9	54.4	14.5	15.59	38.8	0.9877	0.1222	-23.21
YIL071C_mRNA	82	701.0	75.33	76.0	11.26	64.07	0.9512	0.1279	-52.82
YIL072W_mRNA	13	809.7	192.77	225.0	2.15	190.62	1.0	0.2841	-188.46
YIL073C_mRNA	61	730.9	139.48	116.0	5.59	133.89	1.0	0.2196	-128.3
YIL074C_mRNA	270	684.8	45.61	18.0	3.25	42.36	0.9889	0.091	-39.11
YIL075C_mRNA	264	618.6	52.85	23.5	2.11	50.74	0.9697	0.1098	-48.63
YIL076W_mRNA	882	746.7	61.98	75.0	2.7	59.28	0.983	0.1011	-56.58
YIL077C_mRNA	127	479.6	51.63	44.0	2.03	49.6	1.0	0.1159	-47.57
YIL078W_mRNA	1806	891.0	43.58	14.0	2.37	41.2	0.9895	0.0724	-38.83
YIL079C_mRNA	52	504.5	53.48	18.5	4.42	49.06	1.0	0.1224	-44.63
YIL082W-A_mRNA	46	1001.5	182.37	207.0	6.98	175.39	1.0	0.2073	-168.41
YIL082W_mRNA	23	697.6	251.0	266.0	1.65	249.35	1.0	0.354	-247.7
YIL083C_mRNA	124	709.9	52.57	64.5	8.06	44.52	0.9758	0.1018	-36.46
YIL084C_mRNA	21	628.9	53.76	19.0	2.62	51.14	1.0	0.0956	-48.52
YIL085C_mRNA	113	817.8	70.91	24.0	17.29	53.62	0.9823	0.1037	-36.33
YIL086C_mRNA	21	238.0	97.0	103.0	3.33	93.67	1.0	0.3962	-90.33
YIL087C_mRNA	63	498.8	60.4	70.0	6.38	54.02	1.0	0.1265	-47.63
YIL088C_mRNA	237	665.2	40.45	12.0	1.58	38.87	1.0	0.0741	-37.29
YIL089W_mRNA	73	534.3	141.78	107.0	4.32	137.47	1.0	0.2649	-133.15
YIL090W_mRNA	133	729.7	55.95	70.0	8.23	47.71	1.0	0.1184	-39.48
YIL091C_mRNA	170	706.6	56.42	67.5	1.89	54.53	0.9882	0.0983	-52.64
YIL092W_mRNA	16	862.2	108.12	26.5	22.25	85.88	1.0	0.1012	-63.62
YIL093C_mRNA	35	629.4	46.46	25.0	2.11	44.34	1.0	0.0853	-42.23
YIL094C_mRNA	827	702.2	41.9	13.0	2.2	39.71	0.9782	0.0696	-37.51
YIL095W_mRNA	66	719.6	54.42	34.0	10.21	44.21	0.9697	0.1103	-34.0
YIL096C_mRNA	140	705.1	46.26	18.0	3.81	42.45	0.9714	0.0834	-38.64
YIL097W_mRNA	96	745.6	63.57	46.5	4.01	59.56	1.0	0.1106	-55.55
YIL098C_mRNA	111	486.3	44.32	19.0	1.61	42.71	1.0	0.0994	-41.1
YIL099W_mRNA	17	504.7	162.0	133.0	2.76	159.24	1.0	0.3746	-156.47
YIL101C_mRNA	12	613.3	163.83	162.0	2.83	161.0	1.0	0.3056	-158.17
YIL102C-A_mRNA	138	511.0	53.75	67.5	4.31	49.43	0.9928	0.1183	-45.12
YIL103W_mRNA	170	930.1	46.84	20.5	2.78	44.06	0.9882	0.0674	-41.28
YIL104C_mRNA	56	775.8	44.66	18.5	3.27	41.39	1.0	0.0857	-38.12
YIL105C_mRNA	165	823.0	61.9	76.0	4.7	57.2	1.0	0.0973	-52.5
YIL106W_mRNA	99	493.2	47.18	16.0	3.58	43.61	0.9899	0.1122	-40.03
YIL107C_mRNA	94	653.5	59.72	66.5	2.9	56.82	0.9894	0.1329	-53.91
YIL108W_mRNA	100	669.6	46.95	19.5	3.15	43.8	0.98	0.1084	-40.65
YIL109C_mRNA	558	849.2	49.34	39.5	3.38	45.96	0.9946	0.0833	-42.58
YIL110W_mRNA	399	806.8	51.86	66.0	3.58	48.28	0.985	0.0772	-44.7
YIL111W_mRNA	368	509.1	83.35	80.0	7.8	75.55	1.0	0.1633	-67.75
YIL112W_mRNA	124	571.9	67.26	73.0	9.31	57.94	1.0	0.1239	-48.63
YIL113W_mRNA	41	619.7	53.9	18.0	10.9	43.0	1.0	0.0825	-32.1
YIL114C_mRNA	72	660.8	57.08	72.5	3.79	53.29	1.0	0.1086	-49.5
YIL115C_mRNA	222	732.8	62.71	48.5	3.8	58.91	0.9955	0.106	-55.11
YIL115W-A_mRNA	21	325.1	62.57	85.0	2.62	59.95	1.0	0.1751	-57.33
YIL116W_mRNA	277	729.9	101.73	90.0	2.92	98.81	0.9964	0.182	-95.89
YIL117C_mRNA	854	681.5	59.5	39.5	2.54	56.96	0.9953	0.1029	-54.42
YIL118W_mRNA	375	702.7	52.41	66.0	3.19	49.22	0.984	0.0813	-46.03
YIL119C_mRNA	115	612.3	91.15	80.0	5.81	85.34	1.0	0.1975	-79.53
YIL120W_mRNA	61	630.5	159.97	131.0	3.69	156.28	1.0	0.2717	-152.59
YIL121W_mRNA	50	603.4	45.62	17.0	2.44	43.18	1.0	0.0903	-40.74
YIL122W_mRNA	38	645.1	47.24	39.0	3.63	43.61	0.9737	0.0945	-39.97
YIL123W_mRNA	634	654.4	48.67	24.0	7.55	41.12	0.9905	0.1113	-33.57
YIL124W_mRNA	377	708.2	50.14	37.0	4.83	45.31	0.9867	0.0879	-40.48
YIL125W_mRNA	153	909.2	254.08	261.0	7.08	247.0	1.0	0.3727	-239.92
YIL126W_mRNA	85	674.2	42.44	15.0	1.27	41.16	0.9765	0.0802	-39.89
YIL127C_mRNA	339	551.8	50.9	37.0	4.13	46.77	0.9941	0.099	-42.64
YIL128W_mRNA	94	1277.6	159.53	165.0	6.15	153.38	1.0	0.1658	-147.23
YIL129C_mRNA	112	719.4	136.87	142.5	3.14	133.72	1.0	0.2426	-130.58
YIL130W_mRNA	116	748.1	172.59	185.5	5.55	167.03	1.0	0.3269	-161.48
YIL131C_mRNA	44	502.7	58.66	46.5	10.91	47.75	1.0	0.1453	-36.84
YIL132C_mRNA	20	482.2	75.3	89.0	3.0	72.3	1.0	0.1807	-69.3
YIL133C_mRNA	2962	557.7	43.17	14.0	3.27	39.9	0.9875	0.0855	-36.63
YIL134C-A_mRNA	29	258.6	83.79	88.0	1.17	82.62	1.0	0.2902	-81.45
YIL134W_mRNA	130	537.2	60.91	73.0	6.32	54.59	0.9846	0.1428	-48.28
YIL135C_mRNA	87	677.3	63.22	77.0	10.76	52.46	0.9885	0.1522	-41.7
YIL136W_mRNA	38	462.9	114.68	90.0	6.89	107.79	1.0	0.2395	-100.89
YIL137C_mRNA	131	755.5	51.33	20.0	3.54	47.79	0.9924	0.1029	-44.24
YIL138C_mRNA	668	614.6	49.09	22.0	1.99	47.1	0.9985	0.0852	-45.11
YIL139C_mRNA	160	600.9	56.84	69.5	8.22	48.62	0.9438	0.0942	-40.39
YIL140W_mRNA	77	607.1	50.31	22.0	2.82	47.49	1.0	0.1071	-44.68
YIL142W_mRNA	466	913.3	48.18	22.0	2.25	45.92	0.9828	0.0724	-43.67
YIL143C_mRNA	102	806.7	198.22	224.0	1.48	196.74	1.0	0.3264	-195.25
YIL144W_mRNA	65	813.4	172.62	190.0	4.32	168.29	0.9846	0.2548	-163.97
YIL145C_mRNA	252	625.5	49.14	67.0	4.25	44.9	0.996	0.0874	-40.65
YIL146C_mRNA	31	570.1	81.23	82.0	33.39	47.84	1.0	0.2572	-14.45
YIL147C_mRNA	79	875.8	227.7	265.0	2.81	224.89	1.0	0.3314	-222.08
YIL148W_mRNA	20338	470.0	49.01	31.0	2.5	46.5	0.9967	0.1005	-44.0
YIL149C_mRNA	74	579.0	132.04	129.0	4.19	127.85	0.9865	0.2564	-123.66
YIL150C_mRNA	7	543.7	188.43	140.0	1.71	186.71	1.0	0.3124	-185.0
YIL151C_mRNA	88	909.2	104.43	106.5	21.92	82.51	0.9773	0.1731	-60.59
YIL152W_mRNA	85	511.1	66.18	73.0	2.47	63.71	0.9765	0.1446	-61.24
YIL153W_mRNA	71	745.0	50.44	35.0	6.69	43.75	1.0	0.0926	-37.06
YIL154C_mRNA	118	682.7	55.55	69.5	2.76	52.79	0.9915	0.0952	-50.03
YIL155C_mRNA	92	563.7	86.45	80.5	12.48	73.97	1.0	0.1668	-61.49
YIL156W-B_mRNA	652	344.1	53.33	61.5	6.77	46.57	0.9985	0.1467	-39.8
YIL156W_mRNA	61	855.8	214.38	216.0	1.82	212.56	1.0	0.3212	-210.74
YIL157C_mRNA	272	615.8	53.36	71.0	2.18	51.18	0.9963	0.0985	-49.0
YIL158W_mRNA	176	598.2	47.8	55.5	5.11	42.69	0.9602	0.081	-37.58
YIL159W_mRNA	36	679.1	91.75	80.0	2.31	89.44	0.9722	0.189	-87.14
YIL161W_mRNA	121	546.2	56.4	19.0	2.61	53.79	0.9835	0.1119	-51.18
YIL162W_mRNA	108	876.4	77.84	78.0	29.28	48.56	0.9907	0.1603	-19.29
YIL163C_mRNA	31	789.5	479.61	179.0	363.58	116.03	1.0	0.4493	247.55
YIL165C_mRNA	152	674.2	160.16	77.5	115.39	44.78	1.0	0.1837	70.61
YIL166C_mRNA	32	750.8	373.19	170.0	8.75	364.44	1.0	0.4487	-355.69
YIL167W_mRNA	42	786.9	232.64	271.0	13.71	218.93	1.0	0.2895	-205.21
YIL169C_mRNA	147	661.6	258.78	170.0	66.8	191.97	0.9932	0.4026	-125.17
YIL172C_mRNA	10	829.4	182.9	168.5	1.8	181.1	1.0	0.2626	-179.3
YIL173W_mRNA	57	907.4	256.65	247.0	2.47	254.18	0.9825	0.3649	-251.7
YIL177C_mRNA	44	365.2	76.2	77.0	1.0	75.2	1.0	0.243	-74.2
YIR001C_mRNA	102	647.6	67.62	75.0	3.12	64.5	1.0	0.1299	-61.38
YIR002C_mRNA	127	651.9	157.87	148.0	11.72	146.16	0.9921	0.299	-134.44
YIR003W_mRNA	50	759.4	58.3	69.0	2.02	56.28	1.0	0.1193	-54.26
YIR004W_mRNA	114	697.4	42.66	11.0	3.36	39.3	1.0	0.0786	-35.94
YIR005W_mRNA	121	454.9	53.49	34.0	5.74	47.74	0.9917	0.1188	-42.0
YIR006C_mRNA	156	709.9	117.46	98.5	4.12	113.34	0.9936	0.2239	-109.22
YIR007W_mRNA	22	618.2	34.55	12.0	0.73	33.82	1.0	0.0893	-33.09
YIR008C_mRNA	111	653.9	47.86	61.0	3.37	44.5	0.991	0.0962	-41.13
YIR009W_mRNA	51	525.4	42.27	23.0	2.65	39.63	0.9804	0.1006	-36.98
YIR010W_mRNA	47	572.4	62.72	81.0	2.02	60.7	1.0	0.1461	-58.68
YIR011C_mRNA	236	702.9	55.0	73.0	2.11	52.89	1.0	0.1006	-50.78
YIR012W_mRNA	314	798.9	44.85	20.5	1.95	42.9	0.965	0.0726	-40.95
YIR016W_mRNA	56	673.5	58.62	72.0	12.88	45.75	1.0	0.1028	-32.88
YIR017C_mRNA	91	503.2	46.81	30.0	1.51	45.31	0.989	0.1	-43.8
YIR018C-A_mRNA	134	530.7	66.46	50.0	24.25	42.21	0.9925	0.1235	-17.96
YIR018W_mRNA	32	546.6	43.16	20.5	3.66	39.5	1.0	0.1022	-35.84
YIR020C_mRNA	40	615.8	57.62	70.5	8.75	48.88	0.975	0.1106	-40.12
YIR021W_mRNA	38	546.7	37.55	15.5	3.37	34.18	1.0	0.0859	-30.82
YIR022W_mRNA	235	530.2	47.35	28.0	8.32	39.03	0.9702	0.0911	-30.71
YIR023C-A_mRNA	25	345.1	133.88	137.0	3.36	130.52	1.0	0.3907	-127.16
YIR023W_mRNA	23	1168.2	131.0	125.0	5.74	125.26	1.0	0.1437	-119.52
YIR024C_mRNA	63	410.7	46.14	21.0	5.56	40.59	1.0	0.1252	-35.03
YIR025W_mRNA	14	450.6	49.0	14.0	3.57	45.43	1.0	0.1015	-41.86
YIR026C_mRNA	198	665.5	45.15	11.0	6.45	38.7	1.0	0.0774	-32.25
YIR027C_mRNA	12	548.9	179.17	192.0	4.0	175.17	1.0	0.3908	-171.17
YIR028W_mRNA	32	619.1	140.53	129.0	2.38	138.16	1.0	0.2686	-135.78
YIR029W_mRNA	19	656.8	69.68	16.0	19.68	50.0	1.0	0.1327	-30.32
YIR030C_mRNA	90	644.9	56.03	28.0	3.58	52.46	1.0	0.0895	-48.88
YIR030W-A_mRNA	16	287.9	66.69	39.5	27.38	39.31	0.9375	0.2064	-11.94
YIR031C_mRNA	126	976.9	53.4	67.5	2.32	51.09	0.9921	0.0817	-48.77
YIR032C_mRNA	126	577.3	43.32	14.5	2.21	41.1	1.0	0.0777	-38.89
YIR033W_mRNA	335	787.0	44.0	17.0	2.51	41.49	0.9881	0.0776	-38.98
YIR034C_mRNA	250	735.6	46.02	21.0	4.0	42.02	0.992	0.0786	-38.01
YIR035C_mRNA	368	619.1	50.32	30.0	2.49	47.82	0.9973	0.0963	-45.33
YIR036C_mRNA	45	642.5	58.36	76.0	4.09	54.27	0.9778	0.0983	-50.18
YIR037W_mRNA	394	515.9	45.66	24.0	2.72	42.94	0.9949	0.0932	-40.21
YIR038C_mRNA	92	570.3	57.17	62.0	3.01	54.16	1.0	0.115	-51.15
YIR039C_mRNA	68	885.9	73.4	70.0	4.63	68.76	1.0	0.1102	-64.13
YIR041W_mRNA	14	479.3	71.36	53.5	17.71	53.64	1.0	0.1561	-35.93
YIR042C_mRNA	89	651.3	91.7	76.0	3.17	88.53	0.9551	0.1578	-85.36
YIR043C_mRNA	15	528.7	285.13	297.0	4.4	280.73	1.0	0.5364	-276.33
YJL001W_mRNA	454	611.5	65.13	76.5	3.91	61.22	0.9956	0.1188	-57.32
YJL002C_mRNA	702	731.9	50.66	65.5	2.68	47.99	0.99	0.0898	-45.31
YJL003W_mRNA	153	452.5	48.5	24.0	3.45	45.05	0.9935	0.1119	-41.59
YJL004C_mRNA	219	565.0	58.27	67.0	11.93	46.34	0.9954	0.1222	-34.41
YJL005W_mRNA	104	787.3	158.11	169.5	3.79	154.32	1.0	0.2651	-150.53
YJL006C_mRNA	101	691.7	74.76	84.0	21.98	52.78	0.9901	0.1772	-30.8
YJL008C_mRNA	663	762.6	46.93	20.0	2.22	44.71	0.9985	0.0838	-42.48
YJL009W_mRNA	8	226.0	34.5	8.5	1.25	33.25	1.0	0.1498	-32.0
YJL010C_mRNA	229	762.3	50.66	20.0	1.88	48.77	0.9956	0.0855	-46.89
YJL011C_mRNA	232	534.4	45.87	16.5	4.25	41.61	1.0	0.0904	-37.36
YJL012C_mRNA	672	844.7	47.96	20.0	2.6	45.36	0.9896	0.083	-42.76
YJL013C_mRNA	41	846.5	212.24	201.0	5.83	206.41	1.0	0.3132	-200.59
YJL014W_mRNA	659	845.2	51.5	56.0	3.65	47.85	0.9954	0.0894	-44.2
YJL015C_mRNA	14	253.6	56.43	77.5	3.86	52.57	1.0	0.2127	-48.71
YJL016W_mRNA	212	737.4	52.61	33.5	7.45	45.16	0.9811	0.0862	-37.71
YJL019W_mRNA	38	638.7	29.71	12.0	2.0	27.71	1.0	0.0764	-25.71
YJL020C_mRNA	175	730.3	175.87	159.0	3.02	172.85	1.0	0.326	-169.83
YJL022W_mRNA	57	367.0	118.96	109.0	39.42	79.54	1.0	0.3681	-40.12
YJL023C_mRNA	89	612.3	46.88	13.0	6.76	40.11	0.9775	0.0844	-33.35
YJL024C_mRNA	127	577.8	52.8	70.0	2.61	50.18	1.0	0.1025	-47.57
YJL025W_mRNA	28	648.9	47.25	35.0	0.93	46.32	1.0	0.1033	-45.39
YJL026W_mRNA	752	778.7	53.24	65.5	2.64	50.61	0.996	0.0951	-47.97
YJL027C_mRNA	10	417.9	51.7	49.5	1.6	50.1	1.0	0.1211	-48.5
YJL029C_mRNA	113	529.5	61.32	57.0	21.98	39.34	1.0	0.1717	-17.35
YJL030W_mRNA	166	640.2	162.01	161.5	2.58	159.42	0.994	0.2679	-156.84
YJL031C_mRNA	150	682.8	62.79	67.5	6.23	56.56	0.9933	0.1086	-50.33
YJL033W_mRNA	103	537.4	62.63	70.0	10.87	51.76	1.0	0.1517	-40.88
YJL034W_mRNA	3976	751.2	46.5	20.0	2.6	43.91	0.9914	0.0861	-41.31
YJL035C_mRNA	82	496.7	54.29	23.0	2.62	51.67	1.0	0.1142	-49.05
YJL036W_mRNA	139	660.7	46.67	13.0	1.68	44.99	1.0	0.0869	-43.32
YJL037W_mRNA	18	317.2	136.06	118.0	0.67	135.39	1.0	0.4501	-134.72
YJL038C_mRNA	15	611.4	134.6	105.0	16.07	118.53	1.0	0.235	-102.47
YJL039C_mRNA	218	977.1	300.09	358.0	5.83	294.26	0.9908	0.3845	-288.44
YJL041W_mRNA	328	705.8	99.06	87.5	45.09	53.96	1.0	0.221	-8.87
YJL042W_mRNA	116	731.6	47.66	19.0	2.46	45.21	1.0	0.0979	-42.75
YJL044C_mRNA	91	768.1	63.04	77.0	5.35	57.69	1.0	0.1318	-52.34
YJL045W_mRNA	6	545.5	159.67	191.5	0.67	159.0	0.8333	0.301	-158.33
YJL046W_mRNA	81	807.8	47.68	13.0	2.72	44.96	0.9877	0.0627	-42.25
YJL047C-A_mRNA	76	314.7	65.51	46.5	3.83	61.68	1.0	0.1844	-57.86
YJL047C_mRNA	43	1202.8	112.51	92.0	9.95	102.56	0.9767	0.1451	-92.6
YJL048C_mRNA	301	721.0	52.36	65.0	2.82	49.53	0.9934	0.0901	-46.71
YJL049W_mRNA	33	699.0	32.09	10.0	1.82	30.27	1.0	0.0588	-28.45
YJL050W_mRNA	353	711.7	46.73	15.0	1.8	44.93	0.9943	0.0861	-43.13
YJL051W_mRNA	51	663.3	69.55	77.0	3.59	65.96	1.0	0.1196	-62.37
YJL052W_mRNA	1445	724.9	44.28	20.0	3.49	40.79	0.9952	0.0847	-37.3
YJL053W_mRNA	118	707.9	51.21	46.5	4.5	46.71	1.0	0.1018	-42.21
YJL054W_mRNA	105	619.0	48.73	14.0	4.13	44.6	1.0	0.0869	-40.47
YJL055W_mRNA	181	602.4	60.96	66.0	1.56	59.4	1.0	0.1174	-57.85
YJL056C_mRNA	46	685.7	170.63	175.0	3.5	167.13	1.0	0.3105	-163.63
YJL057C_mRNA	105	750.8	77.17	84.0	8.57	68.6	0.9905	0.1434	-60.03
YJL058C_mRNA	41	736.8	81.29	82.0	6.24	75.05	1.0	0.1279	-68.8
YJL059W_mRNA	63	552.0	81.62	70.0	3.16	78.46	1.0	0.164	-75.3
YJL060W_mRNA	129	776.3	45.26	26.0	2.02	43.23	1.0	0.0795	-41.21
YJL061W_mRNA	175	839.9	101.61	63.0	11.46	90.14	1.0	0.1332	-78.68
YJL062W-A_mRNA	132	394.3	45.33	18.0	9.71	35.62	1.0	0.115	-25.91
YJL062W_mRNA	98	802.4	68.17	79.0	2.67	65.5	1.0	0.1277	-62.83
YJL063C_mRNA	39	675.7	56.21	65.0	4.41	51.79	1.0	0.0888	-47.38
YJL065C_mRNA	99	446.2	37.65	14.0	0.96	36.69	0.9697	0.091	-35.73
YJL066C_mRNA	90	567.5	46.12	19.5	2.36	43.77	1.0	0.098	-41.41
YJL068C_mRNA	118	581.6	47.09	39.0	4.61	42.48	0.9915	0.0974	-37.87
YJL069C_mRNA	136	733.3	51.91	46.0	3.23	48.68	1.0	0.097	-45.46
YJL070C_mRNA	79	701.2	67.8	21.0	2.76	65.04	0.9494	0.128	-62.28
YJL071W_mRNA	78	794.2	55.37	69.5	2.44	52.94	1.0	0.0937	-50.5
YJL072C_mRNA	252	611.6	48.72	57.0	2.23	46.48	0.9841	0.0928	-44.25
YJL073W_mRNA	43	872.4	55.35	77.0	3.6	51.74	0.9302	0.1035	-48.14
YJL074C_mRNA	143	904.2	135.29	124.0	3.67	131.62	1.0	0.2108	-127.94
YJL076W_mRNA	170	751.6	62.12	63.0	2.54	59.58	0.9706	0.1197	-57.04
YJL077C_mRNA	7	280.3	17.0	19.0	2.43	14.57	1.0	0.0595	-12.14
YJL077W-A_mRNA	16	558.3	64.69	43.0	14.81	49.88	1.0	0.1075	-35.06
YJL077W-B_mRNA	43	587.3	61.05	14.0	3.05	58.0	1.0	0.119	-54.95
YJL078C_mRNA	94	750.2	57.26	72.0	4.29	52.97	1.0	0.1006	-48.68
YJL079C_mRNA	96	662.7	57.73	71.5	3.78	53.95	0.9896	0.1237	-50.17
YJL080C_mRNA	391	913.9	56.02	51.0	2.17	53.86	0.9898	0.1001	-51.69
YJL081C_mRNA	131	685.8	39.4	13.0	3.32	36.08	0.9924	0.0695	-32.76
YJL082W_mRNA	182	867.9	44.87	20.0	2.64	42.23	0.9725	0.0782	-39.59
YJL083W_mRNA	29	693.4	53.38	72.0	1.86	51.52	1.0	0.0976	-49.66
YJL084C_mRNA	74	648.4	60.49	62.0	14.7	45.78	1.0	0.1708	-31.08
YJL085W_mRNA	82	643.7	133.94	120.0	6.68	127.26	1.0	0.267	-120.57
YJL087C_mRNA	67	851.5	56.42	27.0	2.18	54.24	1.0	0.0892	-52.06
YJL088W_mRNA	126	591.6	50.64	66.0	4.03	46.61	0.9841	0.106	-42.58
YJL089W_mRNA	173	589.4	88.24	75.0	3.16	85.08	0.9827	0.1438	-81.92
YJL090C_mRNA	61	633.2	54.43	65.0	2.61	51.82	1.0	0.1069	-49.21
YJL091C_mRNA	158	868.4	57.13	69.5	1.53	55.59	0.9873	0.0933	-54.06
YJL092W_mRNA	66	506.7	45.02	19.0	1.82	43.2	0.9848	0.1188	-41.38
YJL093C_mRNA	84	1004.8	154.18	143.5	3.89	150.29	1.0	0.2537	-146.39
YJL094C_mRNA	156	745.6	54.76	71.0	3.28	51.48	0.9808	0.1103	-48.2
YJL095W_mRNA	52	862.8	123.06	102.5	5.87	117.19	1.0	0.2124	-111.33
YJL096W_mRNA	263	533.6	48.5	18.0	4.62	43.88	1.0	0.0921	-39.26
YJL097W_mRNA	229	602.9	46.17	24.0	4.45	41.72	0.9738	0.0811	-37.28
YJL098W_mRNA	83	516.6	68.94	30.0	24.51	44.43	0.9759	0.1388	-19.93
YJL099W_mRNA	77	761.2	108.74	73.0	20.79	87.95	0.974	0.1264	-67.16
YJL100W_mRNA	89	521.5	78.75	77.0	24.79	53.97	1.0	0.2164	-29.18
YJL101C_mRNA	370	745.6	48.37	36.0	3.22	45.15	0.9784	0.0919	-41.92
YJL102W_mRNA	53	699.7	44.81	20.0	3.13	41.68	1.0	0.0864	-38.55
YJL103C_mRNA	36	625.6	59.86	70.0	2.92	56.94	1.0	0.1247	-54.03
YJL104W_mRNA	308	516.8	73.6	70.0	8.19	65.41	0.9935	0.1559	-57.22
YJL105W_mRNA	34	615.6	243.76	292.0	132.79	110.97	1.0	0.3909	21.82
YJL106W_mRNA	30	558.6	69.1	78.0	27.13	41.97	1.0	0.1496	-14.83
YJL108C_mRNA	44	875.0	117.64	76.5	57.52	60.11	1.0	0.1336	-2.59
YJL109C_mRNA	220	993.1	97.62	85.0	2.02	95.6	0.9955	0.1681	-93.59
YJL110C_mRNA	62	679.2	39.77	12.0	4.32	35.45	0.9839	0.0869	-31.13
YJL111W_mRNA	570	715.5	50.43	58.0	1.98	48.45	0.9895	0.0915	-46.48
YJL112W_mRNA	76	621.3	54.26	70.0	5.97	48.29	1.0	0.1174	-42.32
YJL113W_mRNA	32	1253.2	316.84	421.5	2.97	313.88	1.0	0.2832	-310.91
YJL114W_mRNA	5	464.8	134.6	144.0	0.6	134.0	1.0	0.2666	-133.4
YJL115W_mRNA	19	334.7	91.11	50.0	16.42	74.68	0.8947	0.2219	-58.26
YJL116C_mRNA	43	451.5	160.79	144.0	102.58	58.21	0.9767	0.4187	44.37
YJL117W_mRNA	572	655.2	55.18	73.0	2.45	52.73	0.979	0.1023	-50.28
YJL118W_mRNA	27	547.5	71.85	82.0	5.22	66.63	1.0	0.1591	-61.41
YJL119C_mRNA	12	412.8	63.25	81.5	0.75	62.5	1.0	0.1779	-61.75
YJL120W_mRNA	46	651.0	48.2	31.5	1.7	46.5	0.9783	0.0756	-44.8
YJL121C_mRNA	246	515.1	53.26	57.0	2.52	50.75	0.9959	0.1122	-48.23
YJL122W_mRNA	229	450.5	37.73	12.0	2.2	35.53	0.9956	0.0921	-33.33
YJL123C_mRNA	160	655.5	42.76	11.5	4.23	38.53	0.9625	0.0783	-34.3
YJL124C_mRNA	367	507.6	61.28	62.0	2.68	58.6	0.9946	0.1375	-55.92
YJL125C_mRNA	105	558.4	41.55	12.0	1.45	40.1	0.981	0.0941	-38.66
YJL126W_mRNA	94	671.6	66.71	78.5	3.44	63.28	0.9894	0.1087	-59.84
YJL127C-B_mRNA	365	514.8	66.06	42.0	18.78	47.28	0.9808	0.1128	-28.51
YJL127C_mRNA	5	1534.2	460.0	485.0	22.6	437.4	1.0	0.2543	-414.8
YJL128C_mRNA	200	722.6	72.86	76.0	16.56	56.31	0.995	0.1449	-39.76
YJL129C_mRNA	206	616.4	104.39	92.5	2.28	102.11	0.9903	0.2084	-99.83
YJL130C_mRNA	565	765.4	136.2	128.0	5.36	130.84	0.9965	0.2593	-125.48
YJL131C_mRNA	70	642.3	70.34	66.5	5.07	65.27	1.0	0.1242	-60.2
YJL132W_mRNA	43	688.4	55.53	72.0	9.91	45.63	1.0	0.1008	-35.72
YJL133C-A_mRNA	197	396.3	46.34	57.0	2.07	44.27	1.0	0.1158	-42.2
YJL133W_mRNA	155	561.7	49.06	20.0	3.19	45.86	0.9935	0.1059	-42.67
YJL134W_mRNA	77	821.3	52.71	26.0	1.06	51.65	0.987	0.0806	-50.58
YJL136C_mRNA	10412	431.0	52.0	57.0	8.55	43.45	0.9857	0.1136	-34.9
YJL137C_mRNA	29	639.5	40.52	15.0	0.41	40.1	0.9655	0.0878	-39.69
YJL138C_mRNA	3037	776.6	54.1	70.0	3.02	51.08	0.9881	0.0916	-48.06
YJL139C_mRNA	204	609.2	45.07	17.0	3.77	41.3	0.9902	0.0885	-37.52
YJL140W_mRNA	174	531.0	44.26	14.5	2.33	41.93	0.9828	0.0946	-39.6
YJL141C_mRNA	12	1206.3	139.17	159.5	35.67	103.5	1.0	0.1228	-67.83
YJL142C_mRNA	145	689.5	66.23	78.0	3.79	62.43	1.0	0.1204	-58.64
YJL143W_mRNA	324	580.1	52.35	68.5	3.75	48.61	0.9907	0.1079	-44.86
YJL144W_mRNA	755	472.1	48.85	27.0	3.02	45.83	0.9987	0.1091	-42.82
YJL145W_mRNA	214	664.3	53.5	70.0	2.36	51.14	0.9953	0.0948	-48.77
YJL146W_mRNA	77	576.2	62.03	63.0	14.9	47.13	1.0	0.1068	-32.23
YJL147C_mRNA	52	689.3	65.85	74.5	4.4	61.44	0.9808	0.1332	-57.04
YJL148W_mRNA	334	462.1	31.03	9.0	1.93	29.1	0.9132	0.0796	-27.16
YJL149W_mRNA	48	635.6	106.1	78.5	53.77	52.33	1.0	0.2354	1.44
YJL151C_mRNA	440	486.6	62.41	72.0	6.21	56.2	0.9977	0.1255	-49.99
YJL152W_mRNA	22	221.2	45.05	14.5	2.68	42.36	1.0	0.1734	-39.68
YJL153C_mRNA	31	630.3	148.61	143.0	19.68	128.94	1.0	0.3157	-109.26
YJL154C_mRNA	302	835.7	121.03	121.5	7.51	113.53	0.9934	0.2083	-106.02
YJL155C_mRNA	170	816.2	64.08	48.0	12.06	52.02	1.0	0.1029	-39.96
YJL156C_mRNA	139	796.0	66.92	73.0	2.71	64.21	0.9928	0.1129	-61.5
YJL157C_mRNA	82	622.4	149.48	154.5	3.85	145.62	1.0	0.3122	-141.77
YJL158C_mRNA	2297	584.9	49.05	64.0	4.03	45.02	0.9909	0.0987	-40.98
YJL159W_mRNA	2536	730.7	59.67	75.0	3.23	56.44	0.9984	0.1102	-53.21
YJL160C_mRNA	18	620.8	53.67	72.0	2.28	51.39	1.0	0.0884	-49.11
YJL161W_mRNA	128	530.3	79.75	78.0	8.89	70.86	1.0	0.1691	-61.97
YJL162C_mRNA	60	725.7	91.05	91.5	5.93	85.12	1.0	0.179	-79.18
YJL163C_mRNA	41	646.5	99.37	77.0	1.88	97.49	1.0	0.1764	-95.61
YJL164C_mRNA	79	730.0	54.19	54.0	3.63	50.56	1.0	0.0971	-46.92
YJL165C_mRNA	316	791.9	85.86	94.0	5.15	80.71	0.9968	0.1516	-75.56
YJL166W_mRNA	1156	464.7	49.09	25.0	2.4	46.69	0.9983	0.1047	-44.29
YJL167W_mRNA	993	656.4	45.3	16.0	2.29	43.02	0.995	0.09	-40.73
YJL168C_mRNA	87	592.3	52.41	65.0	1.66	50.76	1.0	0.1132	-49.1
YJL169W_mRNA	9	271.4	42.44	14.0	2.33	40.11	1.0	0.1435	-37.78
YJL171C_mRNA	419	702.9	51.06	67.0	2.91	48.15	0.9761	0.0963	-45.24
YJL172W_mRNA	175	556.7	52.23	52.0	2.62	49.61	0.9943	0.1186	-46.99
YJL173C_mRNA	420	451.3	39.88	13.0	2.12	37.76	0.9286	0.0855	-35.64
YJL174W_mRNA	417	625.4	46.03	19.0	2.42	43.6	0.9904	0.0904	-41.18
YJL175W_mRNA	87	713.4	61.2	77.0	1.45	59.75	1.0	0.101	-58.3
YJL176C_mRNA	34	647.2	48.62	15.0	0.97	47.65	1.0	0.0898	-46.68
YJL177W_mRNA	2526	543.7	41.49	11.0	2.36	39.12	0.9818	0.0844	-36.76
YJL178C_mRNA	260	644.5	50.9	32.0	4.47	46.43	1.0	0.0896	-41.96
YJL179W_mRNA	639	482.1	43.54	21.0	4.0	39.54	0.9656	0.0897	-35.54
YJL180C_mRNA	98	677.9	56.22	67.5	3.05	53.17	1.0	0.1071	-50.12
YJL181W_mRNA	61	688.7	48.34	28.0	2.69	45.66	1.0	0.0857	-42.97
YJL183W_mRNA	313	758.9	47.56	28.0	2.65	44.91	0.9936	0.0772	-42.27
YJL184W_mRNA	19	398.9	44.68	13.0	1.68	43.0	0.9474	0.1077	-41.32
YJL185C_mRNA	23	468.4	72.04	78.0	4.09	67.96	1.0	0.1697	-63.87
YJL186W_mRNA	290	849.2	51.86	38.0	1.9	49.96	0.9931	0.0922	-48.05
YJL187C_mRNA	65	778.3	95.15	85.0	5.15	90.0	1.0	0.1737	-84.85
YJL188C_mRNA	33	657.1	368.52	386.0	238.79	129.73	1.0	0.5476	109.06
YJL189W_mRNA	23379	329.0	44.75	21.0	1.41	43.34	0.999	0.1263	-41.93
YJL190C_mRNA	15079	526.0	44.76	19.0	2.1	42.66	0.994	0.0844	-40.56
YJL191W_mRNA	962	472.1	52.61	11.0	19.54	33.07	0.9792	0.0993	-13.53
YJL192C_mRNA	268	560.0	41.71	14.0	4.42	37.29	0.9888	0.0866	-32.87
YJL193W_mRNA	68	582.6	68.5	70.0	4.54	63.96	1.0	0.1215	-59.41
YJL194W_mRNA	19	584.3	54.0	72.0	9.21	44.79	1.0	0.1124	-35.58
YJL196C_mRNA	404	769.3	56.51	74.5	1.88	54.63	0.9926	0.0869	-52.75
YJL197W_mRNA	39	691.6	58.1	42.0	1.67	56.44	0.9744	0.1241	-54.77
YJL198W_mRNA	217	775.2	59.08	75.0	3.56	55.52	0.9908	0.1029	-51.95
YJL199C_mRNA	27	504.4	88.7	69.0	34.78	53.93	1.0	0.1689	-19.15
YJL200C_mRNA	836	705.8	54.07	64.0	2.22	51.86	0.994	0.1027	-49.64
YJL201W_mRNA	60	591.2	58.1	38.0	6.93	51.17	1.0	0.1253	-44.23
YJL202C_mRNA	6	283.3	35.17	18.5	1.17	34.0	1.0	0.1461	-32.83
YJL203W_mRNA	42	609.0	35.64	9.5	5.95	29.69	0.9286	0.0664	-23.74
YJL204C_mRNA	33	920.2	96.27	96.0	9.52	86.76	0.9697	0.1177	-77.24
YJL205C_mRNA	147	365.1	106.32	100.0	23.1	83.22	1.0	0.2897	-60.12
YJL206C_mRNA	20	720.2	109.5	104.5	2.3	107.2	1.0	0.2058	-104.9
YJL207C_mRNA	144	830.7	192.42	200.0	3.28	189.15	1.0	0.3089	-185.87
YJL208C_mRNA	210	581.5	47.45	17.0	2.78	44.67	0.9952	0.0962	-41.9
YJL209W_mRNA	58	718.5	48.31	52.0	2.64	45.67	1.0	0.0947	-43.03
YJL210W_mRNA	92	728.3	52.84	67.5	3.33	49.51	0.9674	0.08	-46.18
YJL212C_mRNA	230	724.0	59.6	73.0	2.7	56.9	0.9957	0.1148	-54.2
YJL213W_mRNA	116	548.7	47.75	31.0	6.07	41.68	0.9828	0.1127	-35.61
YJL214W_mRNA	23	740.9	604.61	546.0	15.3	589.3	1.0	0.802	-574.0
YJL216C_mRNA	19	898.5	272.84	206.0	97.84	175.0	1.0	0.3173	-77.16
YJL217W_mRNA	209	594.9	44.88	22.0	2.22	42.66	0.9856	0.0839	-40.44
YJL218W_mRNA	36	511.2	58.75	69.5	8.08	50.67	0.9722	0.1343	-42.58
YJL219W_mRNA	7	647.6	202.29	207.0	3.43	198.86	1.0	0.4204	-195.43
YJL221C_mRNA	12	615.5	147.83	135.5	1.58	146.25	1.0	0.284	-144.67
YJL222W_mRNA	28	993.2	299.04	362.0	3.89	295.14	1.0	0.4113	-291.25
YJL223C_mRNA	5	431.0	189.0	187.0	40.0	149.0	1.0	0.4377	-109.0
YJL225C_mRNA	54	591.6	102.96	83.0	1.52	101.44	1.0	0.2295	-99.93
YJR001W_mRNA	259	652.0	55.8	71.0	3.08	52.72	0.9961	0.1146	-49.64
YJR002W_mRNA	217	567.5	47.53	26.0	2.96	44.58	0.9954	0.1037	-41.62
YJR003C_mRNA	121	745.3	50.61	13.0	6.07	44.54	0.9835	0.0872	-38.46
YJR004C_mRNA	457	878.3	227.84	229.0	6.16	221.68	1.0	0.361	-215.52
YJR005W_mRNA	129	765.9	56.29	72.0	3.88	52.41	0.9922	0.1119	-48.53
YJR006W_mRNA	104	633.6	39.77	13.0	2.46	37.31	0.9904	0.0852	-34.85
YJR007W_mRNA	606	686.5	52.43	66.0	4.64	47.79	0.9818	0.093	-43.16
YJR008W_mRNA	203	535.2	48.76	23.0	4.17	44.59	1.0	0.1438	-40.42
YJR009C_mRNA	10379	676.7	49.71	64.0	2.44	47.27	0.9943	0.0949	-44.82
YJR010C-A_mRNA	241	466.5	46.95	30.0	3.15	43.8	0.9917	0.1085	-40.66
YJR010W_mRNA	25	682.5	31.36	10.0	0.64	30.72	0.96	0.0608	-30.08
YJR011C_mRNA	162	611.8	95.88	91.0	3.24	92.64	1.0	0.2145	-89.4
YJR012C_mRNA	101	494.9	166.37	165.0	13.2	153.17	0.9901	0.3397	-139.97
YJR013W_mRNA	69	720.9	57.58	78.0	2.42	55.16	0.9855	0.1072	-52.74
YJR014W_mRNA	298	568.6	44.93	19.0	1.67	43.25	1.0	0.0934	-41.58
YJR015W_mRNA	298	688.3	48.86	58.5	1.86	47.0	0.9899	0.0918	-45.15
YJR016C_mRNA	1562	822.1	48.98	37.0	2.64	46.34	0.9859	0.0852	-43.7
YJR017C_mRNA	169	536.5	41.63	15.0	1.8	39.83	0.9941	0.0845	-38.02
YJR018W_mRNA	12	338.8	58.92	45.5	2.67	56.25	1.0	0.1651	-53.58
YJR019C_mRNA	25	520.3	51.36	70.0	1.72	49.64	1.0	0.1153	-47.92
YJR020W_mRNA	7	435.7	67.29	80.0	1.57	65.71	1.0	0.2145	-64.14
YJR021C_mRNA	29	510.1	51.14	60.0	2.52	48.62	1.0	0.1282	-46.1
YJR023C_mRNA	90	448.9	95.16	88.5	28.76	66.4	1.0	0.2045	-37.64
YJR024C_mRNA	177	691.3	57.86	35.0	7.94	49.92	1.0	0.0866	-41.97
YJR025C_mRNA	540	526.6	43.24	16.5	2.74	40.5	0.9963	0.0868	-37.76
YJR027W_mRNA	1740	1016.7	300.55	326.0	2.94	297.61	0.9908	0.3515	-294.67
YJR028W_mRNA	11	625.6	100.27	108.0	23.18	77.09	1.0	0.1804	-53.91
YJR029W_mRNA	2272	1213.4	306.34	332.0	3.25	303.09	0.9925	0.2986	-299.85
YJR030C_mRNA	38	1017.7	165.79	140.5	57.08	108.71	1.0	0.1803	-51.63
YJR031C_mRNA	52	722.5	73.15	85.0	3.02	70.13	0.9808	0.1525	-67.12
YJR032W_mRNA	167	702.1	36.15	9.0	4.41	31.74	0.9641	0.0701	-27.34
YJR033C_mRNA	37	734.8	98.97	81.0	11.05	87.92	1.0	0.1612	-76.86
YJR034W_mRNA	100	442.2	59.11	73.5	3.89	55.22	0.98	0.1411	-51.33
YJR035W_mRNA	60	785.9	166.02	166.0	1.72	164.3	1.0	0.3075	-162.58
YJR036C_mRNA	43	804.9	120.6	110.0	16.86	103.74	1.0	0.1978	-86.88
YJR039W_mRNA	54	902.5	71.74	68.0	6.19	65.56	1.0	0.1086	-59.37
YJR040W_mRNA	134	646.8	70.11	72.5	22.09	48.02	0.9925	0.1756	-25.93
YJR041C_mRNA	106	995.0	209.28	210.5	6.28	203.0	1.0	0.3021	-196.72
YJR042W_mRNA	212	870.7	49.51	51.5	1.81	47.7	0.9906	0.0732	-45.89
YJR043C_mRNA	58	615.8	51.83	48.5	4.79	47.03	1.0	0.0973	-42.24
YJR044C_mRNA	140	552.3	73.59	77.5	4.72	68.87	1.0	0.1426	-64.15
YJR045C_mRNA	2913	765.8	54.42	70.0	2.54	51.88	0.9931	0.1026	-49.33
YJR046W_mRNA	259	673.3	47.41	24.0	1.95	45.46	0.9807	0.0943	-43.51
YJR047C_mRNA	60	486.0	50.2	44.5	6.27	43.93	1.0	0.1188	-37.67
YJR048W_mRNA	626	499.0	42.99	21.0	2.5	40.49	0.9952	0.0849	-37.99
YJR049C_mRNA	147	617.6	51.41	68.0	3.81	47.6	0.9728	0.1415	-43.79
YJR050W_mRNA	131	641.2	45.69	25.0	2.34	43.34	1.0	0.0852	-41.0
YJR051W_mRNA	132	745.9	52.31	23.0	2.19	50.12	0.9924	0.089	-47.93
YJR052W_mRNA	67	774.5	68.37	73.0	24.76	43.61	1.0	0.1494	-18.85
YJR053W_mRNA	16	486.2	104.81	65.5	1.06	103.75	1.0	0.1702	-102.69
YJR054W_mRNA	82	802.3	143.46	105.5	27.35	116.11	1.0	0.2188	-88.76
YJR055W_mRNA	55	646.3	135.89	77.0	88.82	47.07	0.9818	0.1943	41.75
YJR056C_mRNA	88	600.5	42.9	18.5	2.65	40.25	1.0	0.0845	-37.6
YJR057W_mRNA	173	575.8	45.4	16.0	3.82	41.58	0.9769	0.0876	-37.76
YJR058C_mRNA	169	504.8	37.77	12.0	3.19	34.58	0.9941	0.0717	-31.39
YJR059W_mRNA	117	638.0	109.38	94.0	14.08	95.3	0.9915	0.1985	-81.22
YJR060W_mRNA	107	571.9	42.56	10.0	2.13	40.43	1.0	0.0879	-38.3
YJR061W_mRNA	28	876.0	167.39	80.5	91.68	75.71	1.0	0.1716	15.96
YJR062C_mRNA	74	652.3	56.86	68.5	7.58	49.28	0.9865	0.0994	-41.7
YJR063W_mRNA	234	458.0	51.56	68.0	3.1	48.46	0.9957	0.119	-45.36
YJR064W_mRNA	882	735.1	47.99	44.5	2.95	45.04	0.9932	0.0869	-42.09
YJR065C_mRNA	312	869.6	44.97	14.5	3.67	41.3	0.9776	0.0739	-37.63
YJR066W_mRNA	81	1026.3	82.3	80.0	9.59	72.7	0.9877	0.0925	-63.11
YJR067C_mRNA	155	517.2	52.35	70.0	3.06	49.29	0.9871	0.1105	-46.23
YJR068W_mRNA	194	738.4	50.38	30.5	3.43	46.94	0.9742	0.0901	-43.51
YJR069C_mRNA	279	591.8	50.89	19.0	5.74	45.15	0.9892	0.0923	-39.42
YJR070C_mRNA	580	745.0	52.03	63.5	3.04	48.99	0.9948	0.0924	-45.94
YJR072C_mRNA	58	507.3	41.95	10.0	2.98	38.97	1.0	0.1219	-35.98
YJR073C_mRNA	611	587.6	77.89	76.0	2.71	75.18	0.9984	0.1503	-72.47
YJR074W_mRNA	77	510.5	55.83	37.0	1.4	54.43	1.0	0.1171	-53.03
YJR075W_mRNA	303	621.7	39.74	13.0	2.81	36.92	0.9934	0.0842	-34.11
YJR076C_mRNA	73	625.3	44.53	21.0	1.67	42.86	0.9863	0.0851	-41.19
YJR077C_mRNA	568	753.2	72.14	76.0	8.67	63.46	0.993	0.1336	-54.79
YJR078W_mRNA	13	872.5	190.69	203.0	2.08	188.62	1.0	0.2395	-186.54
YJR080C_mRNA	171	641.8	60.93	69.0	10.02	50.91	0.9942	0.1224	-40.89
YJR082C_mRNA	257	551.4	52.33	62.0	3.28	49.05	0.9922	0.0997	-45.77
YJR083C_mRNA	36	734.8	60.94	75.0	1.36	59.58	1.0	0.0978	-58.22
YJR084W_mRNA	58	932.4	48.74	20.0	5.53	43.21	0.9828	0.0682	-37.67
YJR085C_mRNA	844	426.6	49.57	63.0	3.27	46.3	0.9988	0.1136	-43.03
YJR086W_mRNA	474	397.4	95.23	95.5	13.93	81.3	0.9979	0.2326	-67.37
YJR088C_mRNA	317	711.4	58.92	64.0	5.97	52.95	0.9968	0.111	-46.97
YJR089W_mRNA	47	613.8	108.57	89.0	1.17	107.4	1.0	0.2224	-106.23
YJR090C_mRNA	92	810.2	148.15	128.5	13.67	134.48	0.9891	0.2466	-120.8
YJR091C_mRNA	92	1047.9	59.49	77.5	3.01	56.48	1.0	0.1081	-53.47
YJR092W_mRNA	67	699.1	155.55	135.0	2.45	153.1	1.0	0.2671	-150.66
YJR093C_mRNA	84	547.0	67.99	75.5	19.57	48.42	1.0	0.1783	-28.85
YJR094C_mRNA	21	694.0	68.0	87.0	1.71	66.29	1.0	0.1209	-64.57
YJR094W-A_mRNA	7237	423.0	45.12	19.0	3.14	41.98	0.9934	0.1023	-38.84
YJR096W_mRNA	202	752.0	60.18	71.0	3.8	56.38	1.0	0.0942	-52.57
YJR097W_mRNA	49	624.3	72.41	76.0	14.71	57.69	1.0	0.1235	-42.98
YJR098C_mRNA	21	624.3	186.71	175.0	9.67	177.05	1.0	0.3435	-167.38
YJR099W_mRNA	202	689.0	48.9	25.5	7.46	41.44	0.9901	0.0821	-33.98
YJR100C_mRNA	41	711.9	55.73	75.0	1.49	54.24	0.9756	0.1004	-52.76
YJR101W_mRNA	322	731.4	50.94	24.0	3.91	47.03	0.9938	0.0807	-43.11
YJR102C_mRNA	112	644.4	79.52	69.0	3.21	76.31	1.0	0.1332	-73.11
YJR103W_mRNA	120	784.8	58.72	68.0	4.97	53.75	0.9833	0.1123	-48.78
YJR104C_mRNA	2264	504.9	46.54	18.0	2.4	44.14	0.9978	0.0957	-41.74
YJR105W_mRNA	1597	779.0	51.33	27.0	3.21	48.12	0.995	0.0792	-44.91
YJR106W_mRNA	21	718.1	105.57	76.0	4.38	101.19	1.0	0.1838	-96.81
YJR107C-A_mRNA	126	424.1	201.87	196.0	9.65	192.22	1.0	0.4673	-182.57
YJR107W_mRNA	135	552.2	155.7	133.0	111.47	44.24	1.0	0.2768	67.23
YJR109C_mRNA	963	821.2	50.89	20.0	7.4	43.49	0.9958	0.0954	-36.09
YJR110W_mRNA	55	659.4	52.87	66.0	2.78	50.09	1.0	0.1256	-47.31
YJR111C_mRNA	152	597.2	52.51	53.0	2.55	49.97	1.0	0.105	-47.42
YJR112W-A_mRNA	78	431.8	85.65	81.5	38.42	47.23	0.9744	0.185	-8.81
YJR112W_mRNA	24	394.8	50.04	17.0	15.75	34.29	1.0	0.1378	-18.54
YJR113C_mRNA	77	662.9	49.69	18.0	4.88	44.81	1.0	0.0864	-39.92
YJR115W_mRNA	41	522.6	68.95	81.0	11.54	57.41	1.0	0.1621	-45.88
YJR116W_mRNA	85	657.4	57.92	69.0	5.35	52.56	0.9882	0.1086	-47.21
YJR117W_mRNA	309	685.9	51.2	65.0	2.0	49.2	0.9773	0.0986	-47.2
YJR118C_mRNA	277	582.7	52.81	26.0	4.99	47.82	0.9964	0.094	-42.82
YJR119C_mRNA	33	548.6	79.24	76.0	28.67	50.58	1.0	0.1547	-21.91
YJR121W_mRNA	1472	735.0	44.44	17.0	3.06	41.38	0.9925	0.0842	-38.32
YJR122W_mRNA	84	658.1	57.35	71.0	1.25	56.1	0.9643	0.1182	-54.85
YJR123W_mRNA	8955	632.1	42.53	13.0	2.36	40.18	0.9531	0.0756	-37.82
YJR124C_mRNA	98	654.3	48.88	39.5	4.02	44.86	1.0	0.0955	-40.84
YJR125C_mRNA	101	754.6	56.85	74.0	6.3	50.55	0.9901	0.1036	-44.26
YJR126C_mRNA	163	795.4	117.07	110.0	2.63	114.45	1.0	0.2346	-111.82
YJR127C_mRNA	72	716.9	133.67	133.5	1.67	132.0	0.9861	0.2443	-130.33
YJR129C_mRNA	121	432.4	59.18	41.0	1.93	57.25	1.0	0.1548	-55.31
YJR130C_mRNA	190	869.6	48.89	64.0	3.14	45.76	0.9789	0.0851	-42.62
YJR131W_mRNA	87	763.3	49.4	18.0	12.01	37.39	1.0	0.0844	-25.38
YJR132W_mRNA	206	767.6	50.94	25.0	6.08	44.86	0.9903	0.0834	-38.79
YJR133W_mRNA	188	565.5	53.39	45.0	3.6	49.79	1.0	0.1049	-46.19
YJR134C_mRNA	108	802.4	41.41	14.5	1.71	39.69	0.9815	0.0775	-37.98
YJR135C_mRNA	57	613.5	41.49	14.0	1.39	40.11	1.0	0.0798	-38.72
YJR135W-A_mRNA	1049	401.0	49.06	65.0	3.02	46.04	0.9943	0.1168	-43.02
YJR136C_mRNA	54	806.9	79.65	81.0	4.39	75.26	0.9815	0.1367	-70.87
YJR137C_mRNA	137	874.1	165.21	158.0	3.19	162.02	0.9927	0.2674	-158.83
YJR138W_mRNA	59	973.0	139.58	134.0	1.42	138.15	0.9831	0.2207	-136.73
YJR139C_mRNA	936	823.8	51.24	59.0	4.2	47.04	0.9915	0.0847	-42.84
YJR140C_mRNA	34	938.4	132.18	102.5	6.15	126.03	1.0	0.1695	-119.88
YJR141W_mRNA	123	792.0	47.93	21.0	4.06	43.87	0.9919	0.0738	-39.81
YJR142W_mRNA	190	658.3	42.78	16.0	2.02	40.76	1.0	0.0774	-38.74
YJR143C_mRNA	358	932.1	47.63	23.5	3.01	44.62	0.9916	0.0748	-41.61
YJR144W_mRNA	219	683.6	51.38	56.0	3.31	48.08	1.0	0.0823	-44.77
YJR145C_mRNA	6625	598.1	44.59	16.0	2.48	42.11	0.9733	0.0872	-39.63
YJR146W_mRNA	9	719.1	500.22	484.0	18.44	481.78	1.0	0.7028	-463.33
YJR147W_mRNA	57	920.2	128.98	83.0	8.28	120.7	0.9649	0.1286	-112.42
YJR148W_mRNA	650	687.1	48.02	16.0	2.22	45.8	0.9923	0.0886	-43.58
YJR149W_mRNA	22	838.2	254.91	261.5	5.32	249.59	1.0	0.3527	-244.27
YJR151C_mRNA	11	623.8	149.36	147.0	16.45	132.91	1.0	0.323	-116.45
YJR152W_mRNA	37	815.7	78.78	71.0	32.08	46.7	1.0	0.1247	-14.62
YJR153W_mRNA	46	703.2	339.89	317.0	173.43	166.46	1.0	0.5102	6.98
YJR155W_mRNA	61	629.5	86.1	38.0	23.0	63.1	1.0	0.1406	-40.1
YJR156C_mRNA	39	499.8	194.87	203.0	2.64	192.23	1.0	0.4029	-189.59
YJR158W_mRNA	6	462.7	233.83	244.0	1.67	232.17	1.0	0.5432	-230.5
YJR159W_mRNA	50	549.3	197.32	174.5	7.46	189.86	1.0	0.3747	-182.4
YJR160C_mRNA	5	515.2	198.8	263.0	6.8	192.0	1.0	0.4253	-185.2
YJR161C_mRNA	52	995.3	416.67	331.0	14.33	402.35	1.0	0.4259	-388.02
YKL001C_mRNA	345	567.0	45.94	16.0	6.29	39.65	0.9884	0.0986	-33.35
YKL002W_mRNA	139	535.7	126.77	137.0	1.81	124.96	1.0	0.2489	-123.16
YKL003C_mRNA	237	487.0	49.12	22.0	3.18	45.94	0.9916	0.1045	-42.76
YKL004W_mRNA	276	650.0	55.86	70.0	5.96	49.91	0.9891	0.1143	-43.95
YKL005C_mRNA	74	581.4	54.15	29.5	7.89	46.26	1.0	0.1383	-38.36
YKL006C-A_mRNA	539	546.6	74.6	76.0	9.49	65.11	0.9963	0.146	-55.61
YKL006W_mRNA	7874	485.3	51.27	39.0	2.26	49.01	0.9807	0.107	-46.75
YKL007W_mRNA	347	678.9	49.61	23.0	3.51	46.1	1.0	0.0817	-42.59
YKL008C_mRNA	267	816.4	66.74	74.0	2.18	64.56	0.9925	0.1109	-62.38
YKL009W_mRNA	1519	642.7	49.1	53.0	2.69	46.41	0.9961	0.0885	-43.73
YKL010C_mRNA	175	714.2	99.02	86.0	3.06	95.96	1.0	0.2053	-92.9
YKL011C_mRNA	86	732.4	58.27	37.5	4.8	53.47	0.9884	0.0875	-48.66
YKL012W_mRNA	95	611.5	52.95	66.0	1.83	51.12	0.9895	0.1073	-49.28
YKL013C_mRNA	684	568.3	48.1	40.0	3.74	44.36	0.9912	0.0916	-40.62
YKL014C_mRNA	300	864.1	133.93	126.0	1.86	132.07	0.9967	0.2326	-130.2
YKL015W_mRNA	93	1001.8	165.92	177.0	11.49	154.43	1.0	0.2524	-142.94
YKL016C_mRNA	373	556.5	45.68	17.0	2.81	42.87	0.9893	0.0846	-40.05
YKL017C_mRNA	34	884.6	55.97	36.0	1.32	54.65	1.0	0.0931	-53.32
YKL018C-A_mRNA	138	339.1	41.44	12.5	2.05	39.39	0.9928	0.1209	-37.34
YKL018W_mRNA	106	695.1	51.42	67.0	2.82	48.59	0.9906	0.0951	-45.77
YKL019W_mRNA	112	862.9	57.69	80.0	2.5	55.19	1.0	0.0914	-52.69
YKL020C_mRNA	116	740.8	122.26	118.0	4.05	118.21	0.9914	0.2435	-114.16
YKL021C_mRNA	87	685.8	142.3	129.0	1.43	140.87	1.0	0.2801	-139.45
YKL022C_mRNA	45	889.1	141.2	110.0	34.93	106.27	1.0	0.1768	-71.33
YKL023W_mRNA	34	414.8	52.68	13.5	12.0	40.68	1.0	0.136	-28.68
YKL024C_mRNA	375	659.0	43.95	14.0	3.21	40.74	0.9867	0.0761	-37.54
YKL025C_mRNA	90	774.7	63.16	52.0	9.09	54.07	0.9889	0.1119	-44.98
YKL026C_mRNA	80	548.2	60.99	47.5	1.88	59.11	0.975	0.1143	-57.24
YKL027W_mRNA	227	674.8	60.05	67.0	4.01	56.04	0.9956	0.1168	-52.04
YKL028W_mRNA	91	469.0	49.49	56.0	2.1	47.4	1.0	0.1223	-45.3
YKL029C_mRNA	241	1051.6	74.2	77.0	7.2	67.0	0.9959	0.088	-59.81
YKL030W_mRNA	151	332.2	45.58	21.0	4.46	41.13	0.9603	0.1278	-36.67
YKL032C_mRNA	88	841.1	198.16	207.0	9.39	188.77	0.9886	0.2967	-179.39
YKL033W-A_mRNA	1087	646.4	48.19	23.0	2.98	45.21	0.9963	0.0815	-42.23
YKL033W_mRNA	56	1011.5	329.75	358.0	5.04	324.71	1.0	0.3727	-319.68
YKL034W_mRNA	66	593.8	50.79	37.5	8.94	41.85	1.0	0.1212	-32.91
YKL035W_mRNA	713	827.1	57.8	72.0	4.83	52.97	0.9902	0.0982	-48.14
YKL036C_mRNA	21	278.7	67.05	69.0	18.95	48.1	1.0	0.247	-29.14
YKL038W_mRNA	44	831.0	162.41	170.5	4.09	158.32	0.9773	0.273	-154.23
YKL039W_mRNA	200	980.8	67.5	71.0	18.23	49.27	0.985	0.0945	-31.04
YKL040C_mRNA	405	779.7	48.93	15.0	6.39	42.54	0.9802	0.0705	-36.14
YKL041W_mRNA	41	408.5	28.17	9.0	2.15	26.02	0.9512	0.0719	-23.88
YKL042W_mRNA	41	611.7	53.68	20.0	13.54	40.15	1.0	0.1286	-26.61
YKL043W_mRNA	129	637.9	55.91	58.0	7.43	48.48	0.9845	0.1164	-41.05
YKL045W_mRNA	135	763.0	52.41	29.0	10.13	42.27	0.9778	0.1008	-32.14
YKL046C_mRNA	349	845.1	52.94	65.0	3.34	49.6	0.9943	0.0851	-46.26
YKL047W_mRNA	110	781.4	53.92	31.5	5.25	48.67	0.9909	0.1015	-43.43
YKL048C_mRNA	41	533.3	51.54	36.0	7.8	43.73	1.0	0.1399	-35.93
YKL049C_mRNA	86	562.1	47.23	24.5	1.22	46.01	0.9884	0.1	-44.79
YKL050C_mRNA	13	699.5	163.23	172.0	10.46	152.77	1.0	0.287	-142.31
YKL051W_mRNA	208	588.7	76.6	74.0	21.37	55.24	0.9904	0.1751	-33.87
YKL052C_mRNA	25	719.6	138.8	100.0	4.36	134.44	1.0	0.2484	-130.08
YKL053C-A_mRNA	572	445.5	55.83	74.0	3.39	52.44	0.9965	0.1239	-49.05
YKL053W_mRNA	15	244.6	42.6	20.0	4.4	38.2	1.0	0.1772	-33.8
YKL054C_mRNA	630	692.4	62.87	75.0	5.84	57.02	0.9952	0.1297	-51.18
YKL055C_mRNA	9	582.4	67.44	9.0	2.11	65.33	1.0	0.135	-63.22
YKL056C_mRNA	23986	635.3	86.6	84.0	1.87	84.73	0.9968	0.1393	-82.87
YKL057C_mRNA	287	837.4	48.93	48.0	4.1	44.83	0.9895	0.0828	-40.73
YKL058W_mRNA	448	562.3	103.12	89.0	1.62	101.5	1.0	0.1876	-99.87
YKL059C_mRNA	33	695.5	105.73	78.0	37.21	68.52	0.9697	0.186	-31.3
YKL060C_mRNA	27265	675.2	40.91	13.0	2.7	38.22	0.9791	0.0747	-35.52
YKL061W_mRNA	93	501.5	61.25	70.0	4.0	57.25	0.9892	0.1265	-53.25
YKL062W_mRNA	198	840.6	62.43	75.0	6.25	56.19	0.9899	0.1102	-49.94
YKL063C_mRNA	170	590.0	75.13	64.5	7.51	67.62	0.9941	0.1375	-60.11
YKL064W_mRNA	179	731.8	194.99	215.0	8.64	186.36	1.0	0.3271	-177.72
YKL065C_mRNA	979	643.4	59.21	72.0	3.55	55.67	0.998	0.0982	-52.12
YKL065W-A_mRNA	18	419.4	235.0	231.0	68.83	166.17	1.0	0.5243	-97.33
YKL066W_mRNA	38	324.0	101.58	86.0	45.21	56.37	1.0	0.2681	-11.16
YKL067W_mRNA	1068	607.5	51.61	41.0	8.39	43.22	0.9888	0.0859	-34.83
YKL068W-A_mRNA	218	501.6	51.31	33.0	4.37	46.94	0.9908	0.1039	-42.56
YKL068W_mRNA	222	700.4	58.86	60.5	1.84	57.03	1.0	0.1175	-55.19
YKL069W_mRNA	85	511.4	44.72	19.0	3.58	41.14	0.9765	0.0935	-37.56
YKL070W_mRNA	40	672.1	162.2	91.5	17.0	145.2	1.0	0.179	-128.2
YKL071W_mRNA	62	758.1	264.0	86.0	125.45	138.55	1.0	0.3171	-13.1
YKL072W_mRNA	56	766.6	52.02	16.5	1.57	50.45	1.0	0.0763	-48.88
YKL073W_mRNA	304	777.0	53.88	64.0	2.13	51.74	0.9934	0.1053	-49.61
YKL074C_mRNA	142	763.7	48.25	66.5	2.66	45.58	0.9859	0.0868	-42.92
YKL076C_mRNA	54	575.4	50.72	16.0	9.85	40.87	1.0	0.083	-31.02
YKL077W_mRNA	443	733.7	46.6	24.0	3.07	43.54	0.9819	0.0854	-40.47
YKL078W_mRNA	88	600.7	47.62	18.5	6.62	41.0	0.9886	0.1124	-34.38
YKL079W_mRNA	220	959.5	51.01	28.5	4.01	47.0	0.9955	0.0827	-42.98
YKL080W_mRNA	785	691.0	48.11	27.0	3.67	44.44	0.9898	0.0938	-40.77
YKL081W_mRNA	2823	747.4	53.94	71.0	3.49	50.45	0.989	0.0986	-46.97
YKL082C_mRNA	25	564.6	51.36	39.0	6.36	45.0	1.0	0.1436	-38.64
YKL083W_mRNA	8	276.9	43.12	26.5	2.88	40.25	1.0	0.1511	-37.38
YKL084W_mRNA	65	486.0	64.83	69.0	15.4	49.43	1.0	0.123	-34.03
YKL085W_mRNA	296	799.3	50.88	30.5	2.06	48.82	0.9966	0.0797	-46.76
YKL086W_mRNA	19	479.6	77.26	80.0	6.26	71.0	1.0	0.1651	-64.74
YKL087C_mRNA	160	533.4	41.26	10.5	1.81	39.46	0.9938	0.0945	-37.65
YKL088W_mRNA	32	565.8	32.47	6.0	1.09	31.38	0.75	0.0995	-30.28
YKL089W_mRNA	68	674.5	43.59	14.5	0.93	42.66	0.9412	0.0691	-41.74
YKL090W_mRNA	86	627.5	98.43	81.0	1.2	97.23	0.9651	0.1801	-96.03
YKL091C_mRNA	118	694.8	48.64	24.5	2.39	46.25	0.9831	0.0829	-43.86
YKL092C_mRNA	98	714.3	41.14	13.5	3.13	38.01	0.9796	0.0757	-34.88
YKL093W_mRNA	30	903.3	294.43	223.0	32.2	262.23	1.0	0.3326	-230.03
YKL094W_mRNA	359	711.0	65.02	71.0	10.23	54.79	1.0	0.1238	-44.56
YKL096W-A_mRNA	7395	476.9	60.79	77.0	4.01	56.78	0.9981	0.1256	-52.77
YKL096W_mRNA	1700	444.8	60.07	75.0	4.56	55.51	0.9976	0.1515	-50.95
YKL098W_mRNA	74	776.7	62.08	53.5	18.19	43.89	1.0	0.1081	-25.7
YKL099C_mRNA	275	630.3	37.84	13.0	2.63	35.21	1.0	0.0678	-32.58
YKL100C_mRNA	148	975.5	61.98	77.5	3.41	58.57	0.9932	0.0913	-55.17
YKL101W_mRNA	242	787.8	98.31	71.5	6.04	92.28	0.9917	0.1757	-86.24
YKL103C_mRNA	201	816.3	64.51	74.0	4.8	59.71	0.9851	0.1068	-54.91
YKL104C_mRNA	564	1013.1	52.05	68.0	2.66	49.38	0.9858	0.0843	-46.72
YKL105C_mRNA	53	821.7	213.85	251.0	8.72	205.13	1.0	0.3381	-196.42
YKL106C-A_mRNA	7	393.4	26.86	7.0	0.43	26.43	1.0	0.0712	-26.0
YKL106W_mRNA	119	709.4	65.81	70.0	21.45	44.35	0.9832	0.1517	-22.9
YKL107W_mRNA	5	735.0	93.2	86.0	1.4	91.8	1.0	0.1078	-90.4
YKL108W_mRNA	27	437.3	107.74	106.0	2.22	105.52	0.963	0.3188	-103.3
YKL109W_mRNA	416	713.7	59.7	75.0	3.48	56.22	1.0	0.1076	-52.74
YKL110C_mRNA	221	625.0	50.23	14.0	3.39	46.83	0.9819	0.1027	-43.44
YKL112W_mRNA	24	986.2	53.83	71.5	3.0	50.83	1.0	0.0819	-47.83
YKL113C_mRNA	51	651.1	80.43	69.0	12.18	68.25	0.9804	0.1696	-56.08
YKL114C_mRNA	81	647.5	51.95	11.0	1.58	50.37	1.0	0.1026	-48.79
YKL115C_mRNA	5	220.2	84.4	107.0	5.4	79.0	1.0	0.3236	-73.6
YKL116C_mRNA	89	733.4	50.63	63.0	3.07	47.56	1.0	0.0953	-44.49
YKL117W_mRNA	579	568.8	41.95	15.0	2.75	39.2	0.981	0.0826	-36.45
YKL119C_mRNA	244	649.9	44.34	19.5	2.29	42.05	0.9918	0.072	-39.76
YKL120W_mRNA	1225	784.2	54.86	69.0	3.9	50.97	0.9976	0.0916	-47.07
YKL121W_mRNA	64	717.1	60.06	67.5	12.84	47.22	1.0	0.1141	-34.38
YKL122C_mRNA	657	530.9	42.72	14.0	1.49	41.23	0.9756	0.0826	-39.75
YKL123W_mRNA	38	521.7	41.45	23.0	1.53	39.92	1.0	0.0915	-38.39
YKL124W_mRNA	7	930.6	173.86	181.0	22.57	151.29	1.0	0.19	-128.71
YKL125W_mRNA	123	675.9	50.46	34.0	3.76	46.71	0.9919	0.0873	-42.95
YKL126W_mRNA	174	845.6	48.84	19.0	2.64	46.21	1.0	0.0858	-43.57
YKL127W_mRNA	249	764.8	53.47	44.0	3.46	50.0	0.996	0.1006	-46.54
YKL128C_mRNA	411	702.4	58.02	66.0	7.69	50.33	0.9903	0.0989	-42.64
YKL129C_mRNA	56	625.0	63.2	80.5	4.14	59.05	1.0	0.1432	-54.91
YKL130C_mRNA	148	587.5	48.07	29.0	3.69	44.39	0.9932	0.0907	-40.7
YKL132C_mRNA	30	856.0	87.57	89.0	9.63	77.93	1.0	0.1522	-68.3
YKL133C_mRNA	39	618.9	60.0	30.0	11.56	48.44	1.0	0.1157	-36.87
YKL134C_mRNA	92	707.2	48.41	45.5	2.09	46.33	0.9891	0.0872	-44.24
YKL135C_mRNA	156	769.8	79.07	75.0	3.63	75.44	0.9936	0.1382	-71.8
YKL137W_mRNA	290	497.3	77.81	74.5	2.34	75.47	0.9966	0.1609	-73.12
YKL138C-A_mRNA	215	435.7	82.86	79.0	2.03	80.83	1.0	0.1898	-78.8
YKL138C_mRNA	93	571.0	71.99	66.0	9.32	62.67	1.0	0.1183	-53.34
YKL139W_mRNA	71	691.0	53.97	46.0	4.96	49.01	0.9859	0.1061	-44.06
YKL140W_mRNA	124	773.3	52.3	68.5	4.38	47.92	1.0	0.0994	-43.54
YKL141W_mRNA	264	611.1	58.03	70.5	4.71	53.32	1.0	0.1042	-48.61
YKL142W_mRNA	310	545.7	62.85	65.0	24.02	38.83	0.9968	0.1657	-14.8
YKL143W_mRNA	103	559.0	32.46	9.0	1.17	31.28	0.9806	0.0722	-30.11
YKL144C_mRNA	190	577.7	47.87	18.0	5.39	42.48	0.9947	0.0888	-37.08
YKL145W-A_mRNA	156	534.4	50.43	24.5	7.21	43.22	0.9936	0.1041	-36.02
YKL145W_mRNA	243	875.9	51.11	18.0	2.76	48.35	0.9835	0.0671	-45.58
YKL146W_mRNA	112	765.8	57.04	71.5	2.52	54.53	1.0	0.1065	-52.01
YKL148C_mRNA	86	1087.6	58.62	73.5	6.12	52.5	1.0	0.0832	-46.38
YKL149C_mRNA	68	512.6	53.68	73.0	3.46	50.22	0.9559	0.1316	-46.76
YKL150W_mRNA	592	699.5	69.93	68.5	20.81	49.12	0.9932	0.1091	-28.32
YKL151C_mRNA	201	447.8	54.9	42.0	2.62	52.28	0.9602	0.1268	-49.66
YKL152C_mRNA	14884	698.3	44.73	16.0	2.68	42.05	0.9981	0.0749	-39.36
YKL153W_mRNA	27	360.8	55.33	63.0	4.22	51.11	0.8889	0.1325	-46.89
YKL154W_mRNA	217	660.0	59.7	74.0	8.65	51.05	0.9954	0.1122	-42.39
YKL155C_mRNA	75	641.3	52.43	69.0	1.4	51.03	0.9733	0.1117	-49.63
YKL156W_mRNA	4775	464.1	51.01	55.0	6.71	44.3	0.9992	0.1073	-37.6
YKL157W_mRNA	319	791.4	83.27	76.0	5.08	78.18	0.9875	0.162	-73.1
YKL159C_mRNA	71	472.6	57.37	70.0	5.25	52.11	0.9859	0.1262	-46.86
YKL160W_mRNA	102	512.7	53.65	65.5	5.99	47.66	0.9804	0.1154	-41.67
YKL161C_mRNA	83	738.4	111.58	79.0	3.31	108.27	1.0	0.1879	-104.95
YKL162C-A_mRNA	11	563.8	435.36	383.0	62.27	373.09	1.0	0.7126	-310.82
YKL162C_mRNA	22	614.0	61.55	45.5	3.59	57.95	1.0	0.1558	-54.36
YKL163W_mRNA	105	728.4	96.81	81.0	44.47	52.34	1.0	0.1872	-7.88
YKL164C_mRNA	370	728.5	66.44	76.5	3.5	62.94	0.9919	0.1247	-59.44
YKL165C_mRNA	169	720.3	69.33	70.0	8.74	60.59	0.9882	0.1314	-51.85
YKL166C_mRNA	90	681.2	35.03	11.5	1.83	33.2	0.9889	0.0682	-31.37
YKL167C_mRNA	141	461.2	50.06	18.0	7.65	42.4	0.9858	0.0988	-34.75
YKL168C_mRNA	41	677.2	24.39	6.0	1.9	22.49	0.9268	0.051	-20.59
YKL169C_mRNA	156	519.4	36.81	11.0	4.08	32.72	1.0	0.0793	-28.64
YKL170W_mRNA	109	535.6	40.83	14.0	2.75	38.08	1.0	0.0754	-35.33
YKL171W_mRNA	38	706.1	142.5	150.5	6.29	136.21	1.0	0.269	-129.92
YKL172W_mRNA	213	524.4	35.88	10.0	1.63	34.25	0.9812	0.0786	-32.62
YKL173W_mRNA	109	599.3	66.29	77.0	3.96	62.33	1.0	0.146	-58.37
YKL174C_mRNA	88	874.9	45.62	45.5	2.38	43.25	0.9886	0.084	-40.88
YKL175W_mRNA	167	683.7	50.25	70.0	3.08	47.17	1.0	0.1051	-44.09
YKL176C_mRNA	171	728.3	192.56	151.0	114.71	77.84	1.0	0.3749	36.87
YKL178C_mRNA	795	700.0	58.97	74.0	3.96	55.0	0.9975	0.1137	-51.04
YKL179C_mRNA	124	934.5	236.14	228.5	4.1	232.03	1.0	0.3216	-227.93
YKL180W_mRNA	3826	601.1	51.21	29.0	2.12	49.08	0.9966	0.0913	-46.96
YKL181W_mRNA	1119	806.9	57.12	69.0	6.82	50.3	0.992	0.0909	-43.47
YKL182W_mRNA	3601	974.9	133.92	141.0	4.07	129.84	0.9942	0.2159	-125.77
YKL183W_mRNA	111	614.0	68.7	40.0	1.7	67.0	0.991	0.1506	-65.3
YKL184W_mRNA	222	615.0	41.35	16.0	2.7	38.65	0.982	0.089	-35.95
YKL185W_mRNA	190	680.9	59.03	74.0	5.76	53.27	0.9947	0.1293	-47.52
YKL186C_mRNA	244	533.7	69.14	64.5	19.45	49.68	0.9918	0.1347	-30.23
YKL187C_mRNA	7	867.1	318.71	241.0	3.0	315.71	1.0	0.4598	-312.71
YKL188C_mRNA	83	858.9	160.45	166.0	3.01	157.43	0.988	0.2406	-154.42
YKL189W_mRNA	57	708.6	74.23	78.0	13.91	60.32	1.0	0.1301	-46.4
YKL190W_mRNA	170	583.6	38.4	12.0	3.58	34.82	0.9941	0.0729	-31.24
YKL191W_mRNA	170	737.4	52.17	69.5	1.98	50.19	0.9941	0.1	-48.22
YKL192C_mRNA	475	511.6	56.45	70.0	5.5	50.95	0.9979	0.1098	-45.45
YKL193C_mRNA	101	724.7	41.22	19.0	2.31	38.91	0.9703	0.0707	-36.6
YKL194C_mRNA	59	679.8	40.08	12.0	2.15	37.93	0.9831	0.0755	-35.78
YKL195W_mRNA	255	667.3	47.49	16.0	2.0	45.49	1.0	0.0911	-43.49
YKL196C_mRNA	1254	664.5	58.06	71.0	3.87	54.19	0.9944	0.1001	-50.32
YKL197C_mRNA	18	837.6	261.78	348.0	4.11	257.67	1.0	0.3487	-253.56
YKL198C_mRNA	72	744.2	61.11	73.0	8.33	52.78	1.0	0.1268	-44.44
YKL201C_mRNA	40	558.4	199.28	168.0	21.45	177.82	1.0	0.3279	-156.38
YKL203C_mRNA	74	561.9	108.18	96.0	8.8	99.38	1.0	0.2561	-90.58
YKL204W_mRNA	104	659.0	57.98	74.0	2.1	55.88	1.0	0.1172	-53.79
YKL205W_mRNA	278	847.0	71.74	75.5	4.85	66.9	0.9928	0.1218	-62.05
YKL206C_mRNA	168	656.8	57.02	72.5	1.55	55.48	0.9881	0.0949	-53.93
YKL207W_mRNA	285	543.9	52.14	28.0	3.91	48.24	0.9895	0.1124	-44.33
YKL208W_mRNA	56	609.2	48.48	67.0	2.25	46.23	0.9821	0.1079	-43.98
YKL209C_mRNA	41	902.0	170.34	173.0	1.83	168.51	1.0	0.2996	-166.68
YKL210W_mRNA	443	861.6	134.75	121.0	5.78	128.97	0.9977	0.2337	-123.19
YKL211C_mRNA	375	753.4	62.09	53.0	8.78	53.31	0.9867	0.1314	-44.53
YKL212W_mRNA	311	903.5	181.44	185.0	3.3	178.14	0.9936	0.2865	-174.85
YKL213C_mRNA	323	888.9	64.72	76.0	7.33	57.38	0.9938	0.0933	-50.05
YKL214C_mRNA	146	519.5	46.07	18.0	1.68	44.39	1.0	0.1029	-42.71
YKL215C_mRNA	59	877.5	251.19	263.0	5.29	245.9	0.9661	0.3588	-240.61
YKL216W_mRNA	456	641.4	51.69	65.0	4.12	47.56	0.9978	0.1033	-43.44
YKL217W_mRNA	40	694.3	161.45	166.5	2.15	159.3	1.0	0.2921	-157.15
YKL218C_mRNA	209	733.4	103.0	71.0	2.71	100.29	1.0	0.1435	-97.58
YKL219W_mRNA	64	713.7	183.3	168.5	1.44	181.86	1.0	0.312	-180.42
YKL220C_mRNA	19	1194.9	461.32	262.0	130.84	330.47	1.0	0.3929	-199.63
YKL221W_mRNA	8	430.1	188.88	213.5	85.0	103.88	1.0	0.4617	-18.88
YKL222C_mRNA	28	965.9	313.5	335.0	8.32	305.18	1.0	0.4276	-296.86
YKR001C_mRNA	330	781.2	53.99	59.0	3.67	50.32	0.9879	0.0961	-46.65
YKR002W_mRNA	94	677.7	42.13	16.0	2.22	39.9	0.9787	0.0831	-37.68
YKR003W_mRNA	58	717.5	50.84	18.5	1.83	49.02	0.9828	0.091	-47.19
YKR004C_mRNA	111	510.1	56.42	66.0	2.56	53.86	1.0	0.1295	-51.31
YKR005C_mRNA	21	654.7	265.71	266.0	2.71	263.0	1.0	0.4371	-260.29
YKR006C_mRNA	110	583.7	49.69	27.0	1.61	48.08	1.0	0.1006	-46.47
YKR007W_mRNA	87	504.5	46.8	21.0	3.53	43.28	1.0	0.1038	-39.75
YKR008W_mRNA	77	821.4	52.71	62.0	3.43	49.29	1.0	0.0986	-45.86
YKR009C_mRNA	94	495.2	171.18	173.0	2.79	168.39	1.0	0.3867	-165.61
YKR010C_mRNA	66	712.6	74.41	80.0	1.85	72.56	1.0	0.1505	-70.71
YKR011C_mRNA	173	736.9	63.9	72.0	2.36	61.54	0.9884	0.1168	-59.17
YKR012C_mRNA	59	844.0	94.07	89.0	1.71	92.36	0.9661	0.1163	-90.64
YKR013W_mRNA	317	604.7	93.31	88.0	4.3	89.01	0.9968	0.1861	-84.72
YKR014C_mRNA	312	584.6	111.68	97.0	2.15	109.53	0.9904	0.2294	-107.38
YKR015C_mRNA	39	664.3	170.74	152.0	8.49	162.26	1.0	0.2653	-153.77
YKR016W_mRNA	255	726.7	39.68	11.0	2.82	36.85	0.949	0.0762	-34.03
YKR017C_mRNA	51	780.4	64.33	57.0	4.78	59.55	1.0	0.1139	-54.76
YKR018C_mRNA	135	811.6	49.49	19.0	3.65	45.84	0.9926	0.0901	-42.19
YKR019C_mRNA	25	463.9	85.36	65.0	39.24	46.12	1.0	0.2036	-6.88
YKR020W_mRNA	85	519.3	42.66	18.0	2.67	39.99	0.9647	0.0867	-37.32
YKR021W_mRNA	115	663.3	49.0	60.0	1.4	47.6	1.0	0.0975	-46.2
YKR022C_mRNA	75	788.9	57.24	76.0	1.09	56.15	0.9867	0.103	-55.05
YKR023W_mRNA	43	500.5	49.09	35.0	1.14	47.95	1.0	0.1093	-46.81
YKR024C_mRNA	99	803.1	48.77	17.0	2.55	46.22	0.8687	0.083	-43.68
YKR025W_mRNA	58	607.3	38.12	15.0	0.71	37.41	1.0	0.0807	-36.71
YKR026C_mRNA	273	747.4	50.77	20.0	4.32	46.45	0.9963	0.085	-42.12
YKR027W_mRNA	73	775.9	54.07	68.0	4.42	49.64	1.0	0.1034	-45.22
YKR028W_mRNA	64	828.6	194.58	184.0	22.34	172.23	1.0	0.3139	-149.89
YKR029C_mRNA	70	803.2	65.11	55.0	6.16	58.96	0.9857	0.1109	-52.8
YKR030W_mRNA	235	668.5	63.2	72.0	11.11	52.09	0.9957	0.1244	-40.98
YKR031C_mRNA	97	909.3	218.35	244.0	3.41	214.94	1.0	0.3089	-211.53
YKR034W_mRNA	36	669.0	141.11	124.5	25.42	115.69	1.0	0.2375	-90.28
YKR035C_mRNA	5	375.0	77.2	85.0	5.6	71.6	1.0	0.2398	-66.0
YKR035W-A_mRNA	156	557.4	56.37	70.0	4.28	52.1	1.0	0.1083	-47.82
YKR036C_mRNA	61	477.9	60.8	63.0	1.77	59.03	0.9836	0.1271	-57.26
YKR037C_mRNA	99	637.4	48.77	21.0	6.19	42.58	0.9899	0.0901	-36.38
YKR038C_mRNA	76	659.7	36.01	10.5	1.86	34.16	0.9474	0.0615	-32.3
YKR039W_mRNA	937	712.8	45.49	20.0	3.24	42.25	0.9947	0.0916	-39.01
YKR042W_mRNA	1093	732.5	75.41	88.0	3.95	71.46	0.9982	0.1315	-67.51
YKR043C_mRNA	619	506.5	43.84	20.0	2.85	40.99	0.9871	0.1127	-38.13
YKR044W_mRNA	67	610.6	42.52	12.0	2.67	39.85	1.0	0.0885	-37.18
YKR045C_mRNA	96	616.0	56.27	62.0	2.89	53.39	0.9896	0.1144	-50.5
YKR046C_mRNA	287	728.1	74.46	75.0	4.15	70.31	0.9965	0.122	-66.15
YKR047W_mRNA	9	180.0	30.22	8.0	0.78	29.44	1.0	0.1702	-28.67
YKR048C_mRNA	151	528.1	46.09	15.0	4.85	41.24	0.9735	0.1134	-36.39
YKR049C_mRNA	91	456.6	60.25	43.0	1.76	58.49	1.0	0.1318	-56.74
YKR050W_mRNA	51	652.0	42.2	13.0	1.49	40.71	1.0	0.0931	-39.22
YKR051W_mRNA	74	706.7	60.53	67.0	1.65	58.88	1.0	0.1153	-57.23
YKR052C_mRNA	164	679.7	66.12	76.0	3.03	63.09	1.0	0.1231	-60.06
YKR053C_mRNA	87	405.8	74.7	75.0	28.37	46.33	1.0	0.2181	-17.97
YKR054C_mRNA	38	902.6	112.03	69.0	3.74	108.29	1.0	0.1152	-104.55
YKR055W_mRNA	68	782.6	46.43	37.5	3.03	43.4	0.9853	0.0805	-40.37
YKR056W_mRNA	87	852.3	107.97	91.0	3.06	104.91	0.9885	0.1752	-101.85
YKR057W_mRNA	10707	463.9	45.54	23.0	3.69	41.85	0.9981	0.0952	-38.15
YKR058W_mRNA	107	445.5	50.31	23.0	3.94	46.36	0.9813	0.1366	-42.42
YKR059W_mRNA	2773	707.5	46.22	20.0	2.21	44.01	0.9935	0.085	-41.79
YKR060W_mRNA	103	514.8	51.59	47.0	5.59	46.0	0.9903	0.1104	-40.41
YKR061W_mRNA	235	587.2	136.99	86.0	90.23	46.76	0.9957	0.2953	43.48
YKR062W_mRNA	131	683.4	44.37	32.0	7.17	37.2	0.9924	0.0797	-30.03
YKR063C_mRNA	70	686.1	55.99	68.0	2.01	53.97	0.9714	0.1133	-51.96
YKR064W_mRNA	50	900.9	59.7	71.0	6.34	53.36	1.0	0.0916	-47.02
YKR065C_mRNA	292	553.3	43.91	14.0	3.01	40.9	0.9966	0.0852	-37.9
YKR066C_mRNA	129	680.1	32.14	10.0	2.02	30.12	0.9922	0.0535	-28.09
YKR067W_mRNA	113	628.8	47.35	16.0	3.96	43.39	0.9823	0.0956	-39.43
YKR068C_mRNA	278	637.6	65.65	55.5	4.94	60.71	0.9964	0.1079	-55.77
YKR069W_mRNA	49	588.6	60.88	73.0	19.94	40.94	1.0	0.1639	-21.0
YKR070W_mRNA	174	667.6	54.37	60.5	3.68	50.69	0.9828	0.1127	-47.01
YKR071C_mRNA	797	640.1	47.84	30.0	2.03	45.81	0.9749	0.0853	-43.78
YKR072C_mRNA	65	345.4	49.02	17.0	5.52	43.49	0.9538	0.1433	-37.97
YKR073C_mRNA	6	421.3	225.5	223.0	0.0	225.5	1.0	0.5311	-225.5
YKR074W_mRNA	326	544.2	46.84	35.0	2.82	44.02	0.9816	0.0847	-41.21
YKR075C_mRNA	73	651.1	51.47	56.0	4.7	46.77	1.0	0.0954	-42.07
YKR075W-A_mRNA	486	550.9	48.2	61.5	3.14	45.06	0.9938	0.0977	-41.92
YKR076W_mRNA	30	668.2	69.53	77.5	1.6	67.93	1.0	0.1312	-66.33
YKR077W_mRNA	44	774.1	63.59	74.5	2.59	61.0	1.0	0.0951	-58.41
YKR078W_mRNA	50	756.6	74.34	75.0	3.0	71.34	1.0	0.1053	-68.34
YKR079C_mRNA	142	750.6	49.72	32.0	5.18	44.54	0.9859	0.0897	-39.37
YKR080W_mRNA	158	695.7	57.32	71.0	6.04	51.28	1.0	0.0996	-45.23
YKR081C_mRNA	214	644.0	40.67	13.0	2.03	38.64	0.9907	0.0799	-36.61
YKR082W_mRNA	143	959.3	56.91	67.0	5.14	51.77	0.979	0.1036	-46.63
YKR083C_mRNA	68	430.1	67.76	62.5	6.21	61.56	1.0	0.1656	-55.35
YKR084C_mRNA	179	861.7	47.35	23.0	1.35	45.99	0.9721	0.079	-44.64
YKR085C_mRNA	271	605.3	53.79	70.0	2.08	51.7	0.9963	0.0932	-49.62
YKR086W_mRNA	46	709.4	151.54	145.5	12.67	138.87	1.0	0.2655	-126.2
YKR087C_mRNA	70	589.3	50.09	51.5	5.21	44.87	1.0	0.1133	-39.66
YKR088C_mRNA	139	787.7	75.65	78.0	13.81	61.84	1.0	0.1074	-48.04
YKR089C_mRNA	60	674.2	54.93	41.0	2.83	52.1	1.0	0.1295	-49.27
YKR090W_mRNA	67	727.8	54.31	68.0	4.22	50.09	0.9851	0.094	-45.87
YKR091W_mRNA	316	585.6	51.35	42.0	2.34	49.01	0.9937	0.1022	-46.66
YKR092C_mRNA	222	569.4	151.13	132.5	3.84	147.28	1.0	0.3217	-143.44
YKR093W_mRNA	704	657.7	55.38	72.0	3.08	52.3	0.9943	0.1231	-49.23
YKR094C_mRNA	15748	534.2	43.33	18.0	2.46	40.87	0.9813	0.0813	-38.41
YKR095W-A_mRNA	134	377.8	87.96	63.0	7.45	80.51	1.0	0.2346	-73.07
YKR095W_mRNA	61	540.5	174.82	180.0	2.61	172.21	1.0	0.4124	-169.61
YKR096W_mRNA	50	1062.1	59.62	64.5	8.78	50.84	1.0	0.089	-42.06
YKR097W_mRNA	12	717.2	254.83	268.0	2.33	252.5	1.0	0.384	-250.17
YKR098C_mRNA	82	744.6	65.2	65.5	10.63	54.56	1.0	0.1273	-43.93
YKR099W_mRNA	44	721.5	47.57	11.0	1.8	45.77	0.9773	0.0948	-43.98
YKR100C_mRNA	221	653.9	45.88	16.0	3.0	42.88	0.9819	0.0808	-39.87
YKR101W_mRNA	36	739.6	69.97	77.5	6.94	63.03	1.0	0.118	-56.08
YKR102W_mRNA	12	463.4	167.83	187.5	28.92	138.92	1.0	0.4034	-110.0
YKR103W_mRNA	39	1117.6	673.59	274.0	624.95	48.64	1.0	0.4544	576.31
YKR104W_mRNA	11	853.0	291.27	78.0	237.27	54.0	1.0	0.2315	183.27
YKR105C_mRNA	12	798.2	157.5	143.5	0.5	157.0	1.0	0.3152	-156.5
YKR106W_mRNA	15	661.0	133.47	74.0	4.2	129.27	0.9333	0.1397	-125.07
YLL001W_mRNA	128	637.4	60.22	27.0	15.61	44.61	0.9922	0.127	-29.0
YLL002W_mRNA	68	673.3	67.07	66.5	3.6	63.47	0.9853	0.1255	-59.87
YLL003W_mRNA	51	686.7	75.06	51.0	22.76	52.29	1.0	0.156	-29.53
YLL004W_mRNA	57	743.2	55.21	72.0	4.63	50.58	1.0	0.1195	-45.95
YLL005C_mRNA	42	534.9	57.83	67.0	8.74	49.1	0.9524	0.1184	-40.36
YLL006W_mRNA	60	764.0	41.37	12.5	2.15	39.22	1.0	0.0656	-37.07
YLL007C_mRNA	49	858.0	59.65	76.0	3.06	56.59	0.9796	0.1155	-53.53
YLL008W_mRNA	190	661.5	63.97	63.5	1.81	62.17	0.9895	0.1227	-60.36
YLL009C_mRNA	350	361.9	43.25	15.0	5.62	37.63	1.0	0.1096	-32.0
YLL010C_mRNA	35	570.0	65.0	69.0	23.8	41.2	1.0	0.1418	-17.4
YLL011W_mRNA	76	777.0	41.5	12.0	1.17	40.33	0.9868	0.0684	-39.16
YLL012W_mRNA	117	618.1	68.67	75.0	2.12	66.55	0.9915	0.1682	-64.43
YLL013C_mRNA	22	600.7	194.45	176.0	14.41	180.05	1.0	0.3292	-165.64
YLL014W_mRNA	534	434.8	46.51	19.0	3.91	42.6	0.9888	0.1038	-38.7
YLL015W_mRNA	239	869.0	99.56	84.0	2.61	96.95	0.9916	0.1603	-94.33
YLL018C-A_mRNA	48	575.1	40.58	14.0	2.48	38.1	0.9375	0.0923	-35.62
YLL018C_mRNA	714	823.9	47.53	20.0	3.08	44.45	0.9986	0.0761	-41.36
YLL019C_mRNA	9	1069.7	136.78	82.0	31.56	105.22	1.0	0.1184	-73.67
YLL020C_mRNA	39	523.8	72.79	86.0	4.54	68.26	1.0	0.1602	-63.72
YLL021W_mRNA	53	683.4	155.02	147.0	1.91	153.11	0.9811	0.3027	-151.21
YLL022C_mRNA	40	684.3	50.62	40.0	5.32	45.3	1.0	0.0989	-39.98
YLL023C_mRNA	185	578.4	47.05	20.0	3.81	43.25	0.9892	0.0941	-39.44
YLL024C_mRNA	4715	857.3	42.72	12.0	2.36	40.36	0.9457	0.0748	-38.0
YLL025W_mRNA	11	412.3	66.0	37.0	4.18	61.82	1.0	0.1558	-57.64
YLL026W_mRNA	4133	859.1	51.77	63.0	2.41	49.37	0.9932	0.0845	-46.96
YLL027W_mRNA	113	521.7	59.43	64.0	5.56	53.88	1.0	0.148	-48.32
YLL028W_mRNA	174	775.6	54.82	35.5	3.39	51.43	1.0	0.1087	-48.04
YLL029W_mRNA	210	799.2	49.37	32.5	3.4	45.97	0.9857	0.0833	-42.57
YLL031C_mRNA	121	638.3	64.45	78.0	7.06	57.4	1.0	0.1494	-50.34
YLL032C_mRNA	19	1292.7	240.63	242.0	13.16	227.47	1.0	0.1929	-214.32
YLL033W_mRNA	62	532.8	61.16	64.0	18.55	42.61	0.9677	0.1214	-24.06
YLL034C_mRNA	115	762.1	48.4	27.0	4.38	44.02	0.9826	0.0849	-39.63
YLL035W_mRNA	59	690.8	45.95	31.0	5.0	40.95	1.0	0.0981	-35.95
YLL036C_mRNA	105	737.5	51.37	68.0	2.04	49.33	0.981	0.0957	-47.3
YLL037W_mRNA	6	260.3	53.17	48.5	1.83	51.33	1.0	0.1745	-49.5
YLL039C_mRNA	1369	704.9	52.99	27.0	3.31	49.68	0.9971	0.0998	-46.38
YLL040C_mRNA	91	639.5	92.6	81.0	6.64	85.97	0.978	0.2088	-79.33
YLL041C_mRNA	218	763.6	57.53	70.0	2.68	54.84	0.9954	0.0984	-52.16
YLL042C_mRNA	28	451.4	80.75	87.5	10.5	70.25	1.0	0.1763	-59.75
YLL043W_mRNA	120	590.7	54.66	63.5	4.72	49.93	0.9833	0.119	-45.21
YLL045C_mRNA	4959	642.9	40.33	12.0	1.63	38.7	0.9859	0.0734	-37.08
YLL047W_mRNA	8	496.5	277.5	268.5	4.0	273.5	1.0	0.5695	-269.5
YLL048C_mRNA	438	859.2	138.35	116.0	12.91	125.44	0.9932	0.229	-112.53
YLL049W_mRNA	164	507.2	112.28	97.5	18.04	94.24	1.0	0.2253	-76.21
YLL050C_mRNA	2361	529.9	47.15	17.0	5.65	41.5	0.9966	0.0885	-35.84
YLL051C_mRNA	74	891.4	185.86	184.0	17.43	168.43	0.9865	0.3046	-151.0
YLL053C_mRNA	152	726.1	64.67	63.0	16.73	47.94	0.9868	0.0904	-31.21
YLL054C_mRNA	60	941.0	300.97	354.5	6.82	294.15	1.0	0.3751	-287.33
YLL055W_mRNA	172	686.1	56.49	62.0	7.12	49.37	0.9826	0.1015	-42.24
YLL056C_mRNA	17	711.2	53.12	77.0	1.76	51.35	1.0	0.1149	-49.59
YLL057C_mRNA	17	564.0	198.94	200.0	7.94	191.0	1.0	0.4016	-183.06
YLL058W_mRNA	60	733.8	43.63	13.0	17.17	26.47	1.0	0.0549	-9.3
YLL060C_mRNA	119	629.0	65.36	65.0	4.67	60.69	1.0	0.1332	-56.02
YLL061W_mRNA	49	626.5	88.73	69.0	43.02	45.71	0.9796	0.1542	-2.69
YLL062C_mRNA	23	756.0	57.0	20.0	11.35	45.65	1.0	0.1021	-34.3
YLL063C_mRNA	18	364.1	116.0	79.5	6.5	109.5	1.0	0.2788	-103.0
YLL066C_mRNA	39	559.5	97.36	82.0	1.21	96.15	0.9744	0.2115	-94.95
YLL067C_mRNA	7	509.9	30.0	15.0	4.29	25.71	0.8571	0.0566	-21.43
YLR001C_mRNA	75	737.8	55.29	30.0	14.23	41.07	0.9867	0.1153	-26.84
YLR002C_mRNA	246	765.3	48.66	35.0	2.15	46.51	0.9756	0.0961	-44.35
YLR003C_mRNA	346	612.9	56.11	68.0	5.34	50.77	0.9913	0.1094	-45.43
YLR004C_mRNA	27	613.3	73.59	66.0	13.41	60.19	1.0	0.1306	-46.78
YLR005W_mRNA	89	787.8	54.63	65.0	6.6	48.03	0.9888	0.0931	-41.44
YLR006C_mRNA	78	688.5	144.6	116.0	10.26	134.35	1.0	0.2702	-124.09
YLR007W_mRNA	177	710.4	48.54	54.0	3.58	44.96	0.9944	0.0929	-41.38
YLR008C_mRNA	388	604.4	51.46	70.5	1.9	49.56	0.9974	0.0968	-47.66
YLR009W_mRNA	122	434.4	36.11	12.0	1.32	34.79	0.9918	0.0921	-33.47
YLR010C_mRNA	82	431.2	58.77	75.5	3.06	55.71	1.0	0.1644	-52.65
YLR011W_mRNA	60	489.6	60.2	77.5	1.8	58.4	1.0	0.1381	-56.6
YLR012C_mRNA	7	215.3	37.0	7.0	0.86	36.14	1.0	0.1465	-35.29
YLR014C_mRNA	29	823.1	261.55	281.0	3.34	258.21	0.9655	0.3727	-254.86
YLR015W_mRNA	78	687.2	41.82	13.5	1.76	40.06	0.9615	0.0748	-38.31
YLR016C_mRNA	70	593.0	47.4	20.5	2.86	44.54	1.0	0.0855	-41.69
YLR017W_mRNA	260	663.8	50.25	63.5	1.68	48.56	1.0	0.0939	-46.88
YLR018C_mRNA	137	634.4	44.97	23.0	3.39	41.58	0.9927	0.096	-38.18
YLR019W_mRNA	102	647.1	56.05	72.5	2.43	53.62	1.0	0.1033	-51.19
YLR020C_mRNA	148	720.6	44.78	23.0	2.16	42.63	1.0	0.0862	-40.47
YLR021W_mRNA	193	519.7	46.84	25.0	8.54	38.3	0.9896	0.0895	-29.76
YLR022C_mRNA	285	671.7	43.11	12.0	3.12	39.99	0.9509	0.068	-36.87
YLR023C_mRNA	229	723.9	55.98	70.0	5.02	50.97	0.9956	0.1191	-45.95
YLR024C_mRNA	42	703.1	104.0	82.0	15.83	88.17	1.0	0.1679	-72.33
YLR025W_mRNA	101	541.6	43.46	15.0	8.58	34.87	0.9901	0.085	-26.29
YLR026C_mRNA	68	566.9	46.01	20.0	2.47	43.54	1.0	0.1009	-41.07
YLR027C_mRNA	491	728.0	39.87	11.0	1.88	37.99	0.9593	0.0693	-36.11
YLR028C_mRNA	403	661.6	130.69	68.0	89.85	40.85	0.9901	0.2208	49.0
YLR029C_mRNA	8947	624.9	42.32	19.0	2.08	40.24	0.9942	0.0738	-38.17
YLR030W_mRNA	18	622.6	211.94	172.0	8.61	203.33	1.0	0.3358	-194.72
YLR031W_mRNA	21	703.7	282.38	129.0	200.76	81.62	1.0	0.3156	119.14
YLR032W_mRNA	57	806.6	90.68	78.0	3.79	86.89	1.0	0.1586	-83.11
YLR033W_mRNA	152	688.9	43.73	14.5	3.49	40.24	0.9934	0.0755	-36.76
YLR034C_mRNA	180	642.5	57.54	71.0	3.03	54.51	0.9833	0.122	-51.48
YLR035C-A_mRNA	466	906.0	326.09	336.5	2.19	323.9	0.9936	0.3895	-321.71
YLR035C_mRNA	26	911.7	79.77	82.0	9.35	70.42	1.0	0.1412	-61.08
YLR036C_mRNA	217	590.6	164.3	110.0	93.31	70.99	1.0	0.302	22.32
YLR037C_mRNA	51	542.4	119.63	111.0	28.82	90.8	1.0	0.2454	-61.98
YLR038C_mRNA	1203	519.4	209.57	208.0	2.23	207.34	1.0	0.386	-205.1
YLR039C_mRNA	50	1051.3	108.72	75.0	5.4	103.32	0.96	0.1303	-97.92
YLR040C_mRNA	632	611.0	54.69	72.0	3.81	50.88	0.9858	0.1089	-47.07
YLR041W_mRNA	162	501.8	58.57	18.5	11.22	47.35	0.9877	0.1128	-36.13
YLR042C_mRNA	21	358.7	40.29	8.0	0.9	39.38	1.0	0.1081	-38.48
YLR043C_mRNA	1638	439.2	56.36	73.0	5.12	51.24	0.9969	0.1241	-46.12
YLR044C_mRNA	29554	766.7	50.58	66.0	2.85	47.72	0.9954	0.0948	-44.87
YLR045C_mRNA	47	661.6	83.49	58.0	22.83	60.66	0.9787	0.1758	-37.83
YLR046C_mRNA	61	592.1	48.72	71.0	1.34	47.38	1.0	0.0984	-46.03
YLR047C_mRNA	5	597.8	260.4	262.0	141.2	119.2	1.0	0.4969	22.0
YLR048W_mRNA	1472	645.5	57.22	38.0	2.6	54.62	0.9789	0.1068	-52.02
YLR049C_mRNA	102	644.7	50.83	29.0	3.24	47.6	0.9804	0.0897	-44.36
YLR050C_mRNA	134	485.4	69.96	81.0	9.65	60.31	0.9925	0.1542	-50.66
YLR051C_mRNA	209	607.3	40.79	12.0	3.0	37.79	0.9569	0.0726	-34.8
YLR052W_mRNA	167	535.3	70.08	74.0	24.55	45.53	0.994	0.1625	-20.98
YLR054C_mRNA	132	682.8	263.61	246.0	4.89	258.72	1.0	0.393	-253.83
YLR055C_mRNA	35	546.5	96.57	54.0	18.54	78.03	0.9714	0.1897	-59.49
YLR056W_mRNA	719	714.1	57.51	69.0	2.74	54.77	0.9986	0.1051	-52.03
YLR057W_mRNA	110	521.8	44.28	16.0	1.45	42.83	0.9909	0.1106	-41.37
YLR058C_mRNA	313	749.5	50.6	38.0	2.47	48.13	0.9968	0.0903	-45.66
YLR059C_mRNA	119	671.9	61.13	68.0	3.97	57.17	0.9916	0.1092	-53.2
YLR060W_mRNA	746	766.1	52.32	62.0	4.47	47.85	0.996	0.0981	-43.39
YLR061W_mRNA	5044	427.9	39.91	11.0	3.52	36.39	0.976	0.09	-32.86
YLR063W_mRNA	5	290.0	56.4	65.0	1.0	55.4	1.0	0.2049	-54.4
YLR064W_mRNA	250	809.7	65.74	79.0	2.19	63.54	0.992	0.0899	-61.35
YLR065C_mRNA	789	550.5	47.37	61.0	3.27	44.1	0.9797	0.0908	-40.83
YLR066W_mRNA	482	517.3	44.4	18.0	2.67	41.73	0.9938	0.0923	-39.06
YLR067C_mRNA	39	868.8	112.33	97.0	8.41	103.92	1.0	0.1666	-95.51
YLR068W_mRNA	21	446.7	66.48	74.0	3.14	63.33	1.0	0.1622	-60.19
YLR069C_mRNA	141	685.5	47.92	24.0	3.19	44.73	0.9858	0.102	-41.54
YLR070C_mRNA	23	513.0	155.74	174.0	0.91	154.83	1.0	0.3341	-153.91
YLR071C_mRNA	80	855.0	128.12	143.5	2.22	125.9	1.0	0.2221	-123.68
YLR072W_mRNA	14	739.9	62.14	62.0	2.29	59.86	1.0	0.1312	-57.57
YLR073C_mRNA	49	536.9	86.86	76.0	11.35	75.51	1.0	0.1624	-64.16
YLR074C_mRNA	156	551.9	77.35	71.0	2.02	75.33	0.9936	0.1421	-73.31
YLR075W_mRNA	18360	648.5	41.63	13.0	2.45	39.18	0.9959	0.0739	-36.74
YLR077W_mRNA	92	681.8	53.1	51.0	1.65	51.45	0.9891	0.103	-49.79
YLR078C_mRNA	298	621.1	57.66	54.0	3.8	53.86	0.9933	0.0997	-50.07
YLR079W_mRNA	40	504.4	36.98	12.0	2.1	34.88	0.925	0.0817	-32.78
YLR080W_mRNA	41	616.3	62.68	53.0	7.56	55.12	1.0	0.133	-47.56
YLR081W_mRNA	16	581.4	147.06	149.0	3.56	143.5	0.9375	0.2921	-139.94
YLR082C_mRNA	80	618.4	51.68	41.0	2.56	49.11	1.0	0.1056	-46.55
YLR083C_mRNA	332	674.1	53.84	67.0	6.09	47.76	0.997	0.1186	-41.67
YLR084C_mRNA	83	863.0	106.51	97.0	8.34	98.17	1.0	0.1978	-89.83
YLR085C_mRNA	71	646.6	43.97	11.0	6.13	37.85	0.9718	0.0842	-31.72
YLR086W_mRNA	37	753.9	168.97	112.0	3.54	165.43	1.0	0.2279	-161.89
YLR087C_mRNA	67	829.5	148.78	159.0	5.37	143.4	0.9701	0.2475	-138.03
YLR088W_mRNA	118	862.8	66.97	74.0	3.55	63.42	1.0	0.1057	-59.86
YLR089C_mRNA	339	794.7	44.4	16.0	3.53	40.87	0.9853	0.0807	-37.34
YLR090W_mRNA	46	784.5	45.02	30.0	4.96	40.07	1.0	0.0675	-35.11
YLR091W_mRNA	55	533.4	87.18	78.0	10.35	76.84	1.0	0.1865	-66.49
YLR092W_mRNA	25	690.2	146.44	128.0	9.88	136.56	1.0	0.2688	-126.68
YLR093C_mRNA	276	691.3	53.43	36.0	9.33	44.11	0.9928	0.0984	-34.78
YLR094C_mRNA	53	896.7	50.81	66.0	2.25	48.57	1.0	0.0888	-46.32
YLR095C_mRNA	49	887.0	49.37	71.0	2.08	47.29	1.0	0.0761	-45.2
YLR096W_mRNA	101	857.8	153.95	170.0	5.01	148.94	0.9901	0.2509	-143.93
YLR097C_mRNA	112	639.4	44.45	17.0	2.87	41.58	0.9643	0.0853	-38.71
YLR098C_mRNA	95	642.9	52.2	41.0	2.38	49.82	1.0	0.1132	-47.44
YLR099C_mRNA	95	585.7	52.4	27.0	5.4	47.0	0.9895	0.11	-41.6
YLR099W-A_mRNA	178	462.2	42.97	26.5	1.99	40.98	1.0	0.098	-38.98
YLR100W_mRNA	514	850.3	49.31	45.5	2.63	46.68	0.9942	0.0658	-44.05
YLR101C_mRNA	56	311.6	50.21	68.0	2.98	47.23	1.0	0.1605	-44.25
YLR102C_mRNA	32	501.3	49.12	50.0	2.12	47.0	1.0	0.113	-44.88
YLR103C_mRNA	56	700.9	52.66	24.0	1.36	51.3	1.0	0.0992	-49.95
YLR104W_mRNA	171	455.2	51.74	33.0	3.64	48.11	1.0	0.1133	-44.47
YLR105C_mRNA	106	647.8	43.45	16.0	6.17	37.28	1.0	0.0891	-31.11
YLR106C_mRNA	466	746.4	184.02	183.0	2.78	181.24	0.9957	0.3154	-178.46
YLR107W_mRNA	202	701.7	62.33	38.5	4.51	57.82	0.995	0.1166	-53.3
YLR108C_mRNA	159	651.9	68.85	76.0	13.13	55.72	1.0	0.1413	-42.58
YLR109W_mRNA	11410	496.8	57.94	74.0	3.19	54.76	0.9939	0.12	-51.57
YLR110C_mRNA	11509	500.1	58.64	74.0	3.54	55.1	0.9923	0.1202	-51.55
YLR112W_mRNA	84	400.8	46.42	19.5	9.79	36.63	0.9762	0.1071	-26.85
YLR113W_mRNA	289	761.1	51.54	33.0	4.19	47.35	1.0	0.0978	-43.16
YLR114C_mRNA	143	502.0	54.68	60.0	5.78	48.9	0.993	0.1299	-43.11
YLR115W_mRNA	83	721.1	160.29	155.0	2.4	157.89	0.988	0.2875	-155.49
YLR116W_mRNA	57	622.6	56.07	67.0	3.81	52.26	1.0	0.1254	-48.46
YLR117C_mRNA	52	818.5	51.6	68.0	4.77	46.83	1.0	0.0777	-42.06
YLR118C_mRNA	170	571.1	49.79	16.0	1.88	47.91	1.0	0.0924	-46.04
YLR119W_mRNA	69	600.5	141.87	129.0	9.58	132.29	0.9855	0.2438	-122.71
YLR120C_mRNA	267	674.6	58.37	73.0	8.06	50.31	0.9963	0.1397	-42.25
YLR120W-A_mRNA	62	308.8	40.37	9.0	7.35	33.02	0.9839	0.1223	-25.66
YLR121C_mRNA	206	776.9	72.68	77.5	5.41	67.27	0.9854	0.1268	-61.86
YLR122C_mRNA	13	528.8	296.23	219.0	122.08	174.15	1.0	0.4657	-52.08
YLR123C_mRNA	11	830.5	327.64	180.0	1.27	326.36	1.0	0.3592	-325.09
YLR125W_mRNA	27	790.6	100.56	73.0	15.59	84.96	1.0	0.1217	-69.37
YLR126C_mRNA	32	542.0	35.62	12.0	2.56	33.06	1.0	0.0791	-30.5
YLR127C_mRNA	81	813.3	70.02	73.0	2.0	68.02	1.0	0.1206	-66.02
YLR128W_mRNA	27	819.3	76.63	59.0	2.22	74.41	1.0	0.1094	-72.19
YLR129W_mRNA	253	662.9	49.91	33.0	4.07	45.83	0.9802	0.0902	-41.76
YLR130C_mRNA	249	654.1	57.11	69.0	3.24	53.87	0.9799	0.1131	-50.62
YLR131C_mRNA	24	646.2	36.33	14.5	6.12	30.21	0.9583	0.0997	-24.08
YLR132C_mRNA	56	711.2	57.27	69.0	2.61	54.66	0.9821	0.1152	-52.05
YLR133W_mRNA	102	717.2	57.08	66.0	6.17	50.91	0.9902	0.1021	-44.75
YLR134W_mRNA	44	744.3	95.98	73.0	47.02	48.95	1.0	0.1217	-1.93
YLR135W_mRNA	42	691.8	55.71	71.0	2.67	53.05	0.9762	0.1079	-50.38
YLR136C_mRNA	21	470.0	53.14	31.0	10.1	43.05	1.0	0.1184	-32.95
YLR137W_mRNA	32	615.1	56.22	71.0	3.0	53.22	0.9688	0.1187	-50.22
YLR138W_mRNA	88	545.2	44.84	16.0	4.68	40.16	1.0	0.1019	-35.48
YLR139C_mRNA	22	789.2	34.86	9.0	5.09	29.77	1.0	0.0469	-24.68
YLR140W_mRNA	9	378.7	110.89	129.0	63.11	47.78	1.0	0.3	15.33
YLR141W_mRNA	49	581.3	54.16	65.0	8.98	45.18	1.0	0.1006	-36.2
YLR142W_mRNA	111	745.4	172.59	186.0	4.07	168.52	1.0	0.322	-164.45
YLR143W_mRNA	91	967.1	62.33	70.0	5.79	56.54	0.989	0.1142	-50.75
YLR144C_mRNA	98	840.1	159.96	162.0	2.9	157.06	1.0	0.2616	-154.16
YLR145W_mRNA	37	552.3	48.49	19.0	0.49	48.0	0.973	0.0935	-47.51
YLR146C_mRNA	213	567.7	54.98	69.0	2.55	52.43	0.9953	0.1155	-49.88
YLR146W-A_mRNA	319	291.2	52.42	65.0	6.39	46.03	1.0	0.1695	-39.64
YLR147C_mRNA	160	409.5	38.53	11.0	2.47	36.06	0.9938	0.0916	-33.59
YLR148W_mRNA	115	919.7	167.45	167.0	6.78	160.67	0.9913	0.2765	-153.89
YLR149C_mRNA	31	807.5	218.97	211.0	4.94	214.03	1.0	0.3912	-209.1
YLR150W_mRNA	5205	611.5	51.18	66.0	2.2	48.98	0.9912	0.1004	-46.78
YLR151C_mRNA	196	231.4	48.44	65.0	3.05	45.39	1.0	0.2093	-42.34
YLR152C_mRNA	102	555.2	63.86	76.0	8.85	55.01	1.0	0.1595	-46.16
YLR153C_mRNA	1305	747.1	50.5	36.0	4.1	46.4	0.9939	0.0988	-42.3
YLR154C-G_mRNA	577	1032.8	895.56	737.0	364.96	530.6	1.0	0.8008	-165.64
YLR154C-H_mRNA	222	155.9	53.23	12.0	5.19	48.04	1.0	0.2433	-42.85
YLR154C_mRNA	51	438.3	48.31	22.0	3.12	45.2	1.0	0.1141	-42.08
YLR154W-A_mRNA	1958	1304.0	1132.4	1059.0	489.43	642.97	1.0	0.8475	-153.55
YLR154W-B_mRNA	309	805.5	658.62	510.0	114.08	544.54	1.0	0.7413	-430.47
YLR154W-C_mRNA	1960	705.4	453.81	244.5	272.45	181.35	0.9923	0.4934	91.1
YLR154W-E_mRNA	9288	323.7	200.27	165.0	35.51	164.75	0.9998	0.5521	-129.24
YLR154W-F_mRNA	3920	955.9	826.33	608.0	626.05	200.28	1.0	0.7991	425.77
YLR155C_mRNA	278	526.0	162.32	148.0	8.05	154.27	1.0	0.3119	-146.22
YLR156C-A_mRNA	229	164.7	61.49	15.0	7.65	53.84	1.0	0.264	-46.2
YLR157C-B_mRNA	3243	1099.6	335.17	341.0	2.33	332.83	0.9944	0.3396	-330.5
YLR157C-C_mRNA	219	147.3	44.33	15.0	5.47	38.85	1.0	0.2278	-33.38
YLR157C_mRNA	271	522.1	159.01	154.0	8.88	150.13	0.9963	0.3176	-141.25
YLR158C_mRNA	306	537.3	166.0	152.0	12.39	153.61	1.0	0.3137	-141.23
YLR159C-A_mRNA	232	159.1	55.62	13.0	8.09	47.53	1.0	0.2434	-39.44
YLR160C_mRNA	261	535.1	161.52	153.0	3.64	157.88	1.0	0.3104	-154.24
YLR162W-A_mRNA	37	573.9	424.65	451.0	210.03	214.62	1.0	0.6662	-4.59
YLR162W_mRNA	10931	747.9	575.45	475.0	527.6	47.85	0.9999	0.6606	479.74
YLR163C_mRNA	127	706.9	200.69	85.0	158.06	42.63	0.9843	0.3102	115.43
YLR164W_mRNA	29	462.1	77.1	75.0	4.45	72.66	1.0	0.1757	-68.21
YLR165C_mRNA	84	562.8	74.37	78.5	3.71	70.65	1.0	0.1656	-66.94
YLR166C_mRNA	170	1113.6	70.83	78.5	3.32	67.51	0.9941	0.1017	-64.18
YLR167W_mRNA	38100	493.6	44.31	19.0	2.07	42.24	0.9973	0.0957	-40.16
YLR168C_mRNA	229	597.6	52.41	47.0	6.03	46.37	0.9956	0.1045	-40.34
YLR170C_mRNA	92	646.7	56.58	68.0	3.48	53.1	0.9783	0.0937	-49.62
YLR172C_mRNA	261	679.1	38.5	10.0	1.9	36.6	0.9272	0.0664	-34.7
YLR173W_mRNA	40	960.4	111.08	47.5	2.92	108.15	1.0	0.0971	-105.22
YLR174W_mRNA	27	493.1	67.44	78.0	6.7	60.74	1.0	0.1525	-54.04
YLR175W_mRNA	228	502.6	36.16	12.0	1.82	34.35	0.9693	0.0902	-32.53
YLR176C_mRNA	65	625.3	137.31	109.0	5.11	132.2	1.0	0.2737	-127.09
YLR177W_mRNA	116	760.1	124.76	84.0	28.28	96.47	0.9914	0.2037	-68.19
YLR178C_mRNA	202	470.9	57.43	65.0	3.14	54.28	1.0	0.1404	-51.14
YLR179C_mRNA	296	637.0	48.52	19.5	2.14	46.38	0.9899	0.0819	-44.24
YLR180W_mRNA	783	834.4	44.59	18.0	2.86	41.73	0.9821	0.0744	-38.87
YLR181C_mRNA	81	658.4	44.32	15.0	1.19	43.14	0.9753	0.0711	-41.95
YLR182W_mRNA	104	637.5	53.35	64.5	2.1	51.25	1.0	0.091	-49.15
YLR183C_mRNA	123	776.4	45.31	22.0	2.07	43.24	0.9675	0.0798	-41.18
YLR185W_mRNA	6262	370.0	44.93	16.5	3.36	41.57	0.9958	0.1141	-38.21
YLR186W_mRNA	392	539.3	45.79	34.0	1.76	44.04	0.9949	0.1028	-42.28
YLR187W_mRNA	20	741.2	125.1	115.5	21.85	103.25	0.95	0.2176	-81.4
YLR188W_mRNA	84	847.9	49.14	18.0	1.9	47.24	1.0	0.08	-45.33
YLR189C_mRNA	81	781.9	48.17	24.0	2.15	46.02	0.9877	0.0884	-43.88
YLR190W_mRNA	127	716.0	58.36	69.0	9.08	49.28	1.0	0.1112	-40.2
YLR191W_mRNA	106	562.2	35.75	8.0	1.28	34.47	0.9811	0.0795	-33.19
YLR192C_mRNA	367	617.0	46.67	24.0	2.84	43.83	0.9973	0.098	-40.99
YLR193C_mRNA	116	488.7	51.47	33.0	5.48	45.99	1.0	0.1248	-40.51
YLR194C_mRNA	928	584.3	59.42	73.0	4.13	55.28	0.9989	0.1208	-51.15
YLR195C_mRNA	350	851.5	49.13	20.0	2.01	47.13	0.9943	0.0696	-45.12
YLR196W_mRNA	257	645.5	42.47	15.0	1.93	40.54	0.9728	0.0859	-38.61
YLR197W_mRNA	710	507.1	35.84	10.0	2.66	33.17	0.9563	0.0885	-30.51
YLR199C_mRNA	101	543.5	50.49	67.0	2.02	48.47	1.0	0.1152	-46.45
YLR200W_mRNA	204	477.0	41.36	11.0	4.38	36.98	1.0	0.087	-32.59
YLR201C_mRNA	141	546.3	68.25	66.0	17.89	50.36	1.0	0.1169	-32.48
YLR203C_mRNA	135	655.6	56.76	28.0	12.01	44.75	0.9852	0.1154	-32.74
YLR204W_mRNA	58	412.6	43.34	19.5	4.14	39.21	0.9828	0.1008	-35.07
YLR205C_mRNA	78	534.5	69.01	75.5	9.68	59.33	1.0	0.1522	-49.65
YLR206W_mRNA	112	739.2	168.58	173.0	10.53	158.05	1.0	0.3025	-147.53
YLR207W_mRNA	48	585.6	51.25	8.5	6.33	44.92	1.0	0.1092	-38.58
YLR208W_mRNA	352	706.3	47.71	65.0	1.89	45.82	0.9886	0.0874	-43.93
YLR209C_mRNA	95	693.4	53.0	70.0	1.47	51.53	1.0	0.0947	-50.05
YLR210W_mRNA	46	644.9	48.3	62.5	2.3	46.0	1.0	0.0916	-43.7
YLR211C_mRNA	60	735.0	73.72	43.0	3.08	70.63	1.0	0.1115	-67.55
YLR212C_mRNA	38	808.0	47.97	24.5	1.92	46.05	1.0	0.0783	-44.13
YLR213C_mRNA	31	565.9	71.61	66.0	14.42	57.19	0.9677	0.1601	-42.77
YLR214W_mRNA	243	825.5	51.67	34.0	6.93	44.74	0.9835	0.0817	-37.81
YLR215C_mRNA	62	650.5	37.52	10.5	0.9	36.61	0.9839	0.0692	-35.71
YLR216C_mRNA	2506	697.0	50.3	62.0	1.85	48.45	0.9888	0.0887	-46.59
YLR217W_mRNA	8	311.6	36.62	6.5	1.5	35.12	0.75	0.139	-33.62
YLR218C_mRNA	20	341.2	48.85	18.5	0.8	48.05	0.95	0.1288	-47.25
YLR219W_mRNA	84	717.5	54.83	68.0	2.7	52.13	0.9643	0.1207	-49.43
YLR220W_mRNA	211	730.8	47.19	21.0	2.68	44.51	1.0	0.0855	-41.83
YLR221C_mRNA	516	650.5	47.82	17.5	2.45	45.36	0.9942	0.0798	-42.91
YLR222C-A_mRNA	23	279.5	104.7	91.0	59.17	45.52	1.0	0.3267	13.65
YLR222C_mRNA	320	651.0	50.94	23.5	1.96	48.98	0.9906	0.0936	-47.02
YLR223C_mRNA	46	753.4	222.28	201.5	18.41	203.87	1.0	0.3562	-185.46
YLR224W_mRNA	119	749.3	68.08	70.0	5.96	62.13	1.0	0.1286	-56.17
YLR225C_mRNA	410	826.1	49.33	27.5	2.34	46.98	0.9927	0.0815	-44.64
YLR226W_mRNA	116	683.0	39.45	12.0	4.33	35.12	1.0	0.0727	-30.79
YLR227C_mRNA	146	551.4	112.29	82.0	54.21	58.09	0.9932	0.2025	-3.88
YLR227W-B_mRNA	1027	1053.7	323.83	330.0	2.23	321.6	0.9932	0.3373	-319.37
YLR228C_mRNA	95	628.9	60.64	22.0	4.15	56.49	1.0	0.106	-52.35
YLR229C_mRNA	549	617.6	87.0	87.0	40.97	46.02	0.9982	0.1349	-5.05
YLR231C_mRNA	59	658.8	95.25	89.0	30.03	65.22	1.0	0.2241	-35.19
YLR233C_mRNA	14	1098.2	200.93	104.5	36.14	164.79	1.0	0.1945	-128.64
YLR234W_mRNA	11	463.3	56.55	71.0	3.55	53.0	1.0	0.1377	-49.45
YLR237W_mRNA	87	632.2	99.33	79.0	58.51	40.83	0.9885	0.2593	17.68
YLR238W_mRNA	35	561.9	35.57	9.0	1.34	34.23	1.0	0.0794	-32.89
YLR239C_mRNA	66	744.3	57.55	50.5	10.53	47.02	1.0	0.0844	-36.48
YLR240W_mRNA	79	608.0	58.43	74.0	2.28	56.15	0.9747	0.1205	-53.87
YLR241W_mRNA	129	841.5	57.77	68.0	4.33	53.43	0.9922	0.1022	-49.1
YLR242C_mRNA	82	607.3	51.0	63.5	1.88	49.12	0.9634	0.1007	-47.24
YLR243W_mRNA	169	637.4	44.71	20.0	2.92	41.79	0.9941	0.0808	-38.86
YLR244C_mRNA	349	728.3	54.02	53.0	3.02	51.0	0.9943	0.1007	-47.99
YLR245C_mRNA	8	501.0	58.12	61.5	2.75	55.38	1.0	0.1169	-52.62
YLR246W_mRNA	65	574.6	57.91	72.0	3.89	54.02	1.0	0.1301	-50.12
YLR247C_mRNA	49	536.8	70.84	74.0	2.53	68.31	0.9796	0.166	-65.78
YLR248W_mRNA	184	714.0	58.44	62.5	2.49	55.95	0.9946	0.1271	-53.45
YLR249W_mRNA	4095	577.5	33.83	9.0	2.32	31.51	0.9819	0.079	-29.2
YLR250W_mRNA	523	672.7	46.51	14.0	4.85	41.66	0.9981	0.0702	-36.81
YLR251W_mRNA	9	518.7	160.11	137.0	44.89	115.22	1.0	0.3351	-70.33
YLR252W_mRNA	149	717.3	137.52	127.0	75.48	62.05	1.0	0.1844	13.43
YLR253W_mRNA	75	601.0	53.17	73.0	2.83	50.35	1.0	0.1353	-47.52
YLR254C_mRNA	118	516.6	48.42	25.0	1.82	46.6	0.9915	0.0971	-44.78
YLR256W_mRNA	131	708.3	127.19	106.0	4.72	122.47	0.9924	0.2784	-117.76
YLR257W_mRNA	869	647.9	48.27	14.0	7.41	40.86	0.9896	0.0976	-33.45
YLR258W_mRNA	122	684.3	47.4	16.0	2.45	44.95	0.9426	0.0915	-42.5
YLR259C_mRNA	1836	664.9	48.03	30.5	2.86	45.18	0.9907	0.0927	-42.32
YLR260W_mRNA	94	757.8	51.52	35.0	9.05	42.47	1.0	0.0972	-33.41
YLR261C_mRNA	396	713.6	91.15	89.5	42.02	49.13	0.9924	0.1234	-7.12
YLR262C-A_mRNA	3746	347.5	52.35	23.0	2.25	50.11	0.9995	0.1371	-47.86
YLR262C_mRNA	19	740.3	158.79	140.0	22.68	136.11	1.0	0.2154	-113.42
YLR263W_mRNA	32	412.7	82.81	78.0	2.06	80.75	0.9062	0.2231	-78.69
YLR264W_mRNA	3775	570.7	53.09	67.0	3.18	49.91	0.9934	0.1107	-46.73
YLR265C_mRNA	85	618.8	157.16	172.0	15.99	141.18	0.9882	0.2769	-125.19
YLR266C_mRNA	96	769.6	75.97	62.5	5.5	70.47	1.0	0.1145	-64.97
YLR267W_mRNA	28	781.3	114.29	114.0	16.54	97.75	1.0	0.1952	-81.21
YLR268W_mRNA	175	660.7	41.3	12.0	2.31	38.99	1.0	0.0705	-36.68
YLR270W_mRNA	138	621.0	51.85	31.0	3.82	48.03	0.9855	0.1093	-44.21
YLR271W_mRNA	144	519.0	269.67	250.0	129.71	139.96	1.0	0.5669	-10.25
YLR272C_mRNA	53	832.2	66.68	59.0	18.66	48.02	1.0	0.1236	-29.36
YLR273C_mRNA	12	1077.2	177.92	187.0	17.0	160.92	1.0	0.1832	-143.92
YLR274W_mRNA	171	829.1	61.2	74.0	2.9	58.3	0.9883	0.1042	-55.4
YLR275W_mRNA	250	544.9	52.48	62.0	2.67	49.82	1.0	0.1004	-47.15
YLR276C_mRNA	363	658.6	54.5	33.0	2.88	51.62	0.9917	0.1056	-48.74
YLR277C_mRNA	134	575.1	48.71	16.0	2.27	46.44	0.9925	0.1039	-44.17
YLR278C_mRNA	135	663.5	95.96	106.0	5.47	90.48	1.0	0.2117	-85.01
YLR279W_mRNA	14	405.9	169.07	158.0	3.29	165.79	1.0	0.4149	-162.5
YLR283W_mRNA	80	680.6	53.59	65.5	2.59	51.0	1.0	0.095	-48.41
YLR284C_mRNA	44	686.2	50.95	18.5	7.41	43.55	1.0	0.0771	-36.14
YLR285C-A_mRNA	33	286.5	54.73	69.0	3.97	50.76	1.0	0.1832	-46.79
YLR285W_mRNA	301	709.0	52.1	66.0	5.54	46.55	0.99	0.0827	-41.01
YLR286C_mRNA	587	1011.2	59.96	74.0	4.4	55.56	0.9983	0.0854	-51.16
YLR286W-A_mRNA	32	1280.2	193.09	243.0	5.22	187.88	0.9688	0.1406	-182.66
YLR287C-A_mRNA	16732	413.0	43.46	14.0	3.68	39.78	0.9919	0.0982	-36.1
YLR287C_mRNA	283	775.5	49.07	19.0	1.92	47.16	0.9965	0.0726	-45.24
YLR288C_mRNA	67	702.8	54.19	27.0	8.87	45.33	1.0	0.1071	-36.46
YLR289W_mRNA	22	930.4	169.18	191.0	3.64	165.55	1.0	0.241	-161.91
YLR290C_mRNA	195	652.5	56.04	71.0	4.86	51.18	0.9795	0.1074	-46.32
YLR291C_mRNA	215	609.3	49.13	59.0	2.7	46.43	0.9953	0.1109	-43.73
YLR292C_mRNA	654	609.6	45.82	20.0	3.62	42.2	0.9924	0.0822	-38.59
YLR293C_mRNA	2356	644.2	46.32	20.0	3.27	43.05	0.997	0.0817	-39.78
YLR294C_mRNA	31	270.7	74.74	72.0	25.61	49.13	1.0	0.2416	-23.52
YLR295C_mRNA	474	551.8	41.62	15.5	2.14	39.49	1.0	0.0774	-37.35
YLR297W_mRNA	39	519.1	57.74	56.0	13.51	44.23	0.9744	0.1306	-30.72
YLR298C_mRNA	113	626.7	42.56	12.0	7.41	35.15	0.9469	0.0673	-27.74
YLR299W_mRNA	99	568.1	70.01	46.0	10.74	59.27	1.0	0.1593	-48.54
YLR300W_mRNA	1450	771.9	48.23	26.5	3.0	45.23	0.9959	0.0868	-42.23
YLR301W_mRNA	1062	727.5	45.28	16.0	2.91	42.37	0.9868	0.0706	-39.46
YLR303W_mRNA	896	760.9	55.71	72.0	2.89	52.82	0.9978	0.1011	-49.93
YLR304C_mRNA	590	871.2	86.76	79.0	3.5	83.26	0.9949	0.158	-79.76
YLR305C_mRNA	147	816.7	127.07	132.0	4.04	123.03	0.9932	0.2484	-118.99
YLR306W_mRNA	97	609.2	56.25	72.0	8.99	47.26	1.0	0.099	-38.27
YLR307C-A_mRNA	25	592.2	350.36	344.0	77.6	272.76	1.0	0.5904	-195.16
YLR307W_mRNA	10	747.1	55.1	74.5	1.9	53.2	1.0	0.0946	-51.3
YLR309C_mRNA	226	852.5	151.71	141.5	2.0	149.71	0.9956	0.2389	-147.71
YLR310C_mRNA	126	797.6	263.05	264.0	5.25	257.79	0.9921	0.4175	-252.54
YLR312C_mRNA	16	692.4	46.06	10.5	8.06	38.0	1.0	0.0735	-29.94
YLR312W-A_mRNA	250	680.6	48.08	29.5	2.49	45.6	1.0	0.0827	-43.11
YLR313C_mRNA	23	658.6	62.83	75.0	2.3	60.52	1.0	0.1403	-58.22
YLR314C_mRNA	244	702.5	44.69	16.0	2.6	42.09	0.9836	0.0823	-39.49
YLR315W_mRNA	15	619.5	78.67	54.0	4.13	74.53	1.0	0.1088	-70.4
YLR316C_mRNA	46	646.3	49.41	25.0	1.07	48.35	1.0	0.1054	-47.28
YLR317W_mRNA	31	483.7	67.71	78.0	12.74	54.97	1.0	0.1606	-42.23
YLR318W_mRNA	22	581.0	79.14	85.5	24.95	54.18	1.0	0.2082	-29.23
YLR319C_mRNA	75	812.1	227.07	224.0	10.56	216.51	1.0	0.3432	-205.95
YLR320W_mRNA	37	757.1	64.97	50.0	2.89	62.08	1.0	0.1239	-59.19
YLR321C_mRNA	81	542.5	46.14	15.0	4.27	41.86	0.9753	0.103	-37.59
YLR323C_mRNA	44	663.8	37.84	12.5	1.89	35.95	0.9773	0.0783	-34.07
YLR324W_mRNA	78	443.8	76.36	84.5	35.29	41.06	1.0	0.249	-5.77
YLR325C_mRNA	19880	479.1	46.1	18.0	2.03	44.07	0.9976	0.093	-42.04
YLR326W_mRNA	51	508.9	54.76	18.0	6.88	47.88	1.0	0.1217	-41.0
YLR327C_mRNA	2976	484.5	50.32	66.0	2.63	47.69	0.9956	0.1038	-45.06
YLR328W_mRNA	126	756.6	58.51	71.5	5.51	53.0	1.0	0.0994	-47.49
YLR329W_mRNA	19	546.2	128.0	122.0	21.79	106.21	1.0	0.2458	-84.42
YLR330W_mRNA	182	464.2	44.95	18.5	3.16	41.79	1.0	0.1265	-38.63
YLR332W_mRNA	275	653.8	52.22	70.0	2.04	50.18	0.9818	0.1148	-48.14
YLR333C_mRNA	7658	459.8	56.04	37.0	14.37	41.67	0.9988	0.1176	-27.3
YLR334C_mRNA	19	487.4	268.84	147.0	203.68	65.16	1.0	0.4328	138.53
YLR335W_mRNA	230	744.0	40.6	11.0	2.94	37.65	0.9826	0.0788	-34.71
YLR336C_mRNA	182	815.4	42.31	13.0	1.41	40.91	0.9725	0.0714	-39.5
YLR337C_mRNA	99	599.7	48.0	31.0	4.49	43.51	1.0	0.1019	-39.01
YLR339C_mRNA	8	364.6	45.62	60.5	0.88	44.75	0.75	0.1497	-43.88
YLR340W_mRNA	5932	793.2	52.47	68.0	3.04	49.43	0.9965	0.0802	-46.39
YLR341W_mRNA	46	576.3	154.54	80.0	1.91	152.63	0.9783	0.2107	-150.72
YLR342W-A_mRNA	1607	551.1	61.6	72.0	10.89	50.71	0.9988	0.1232	-39.82
YLR342W_mRNA	417	1637.4	214.32	256.0	11.54	202.78	0.988	0.1409	-191.24
YLR343W_mRNA	24	523.0	106.46	82.5	17.25	89.21	1.0	0.2347	-71.96
YLR344W_mRNA	4907	470.4	49.56	21.0	2.12	47.44	0.9959	0.1049	-45.33
YLR345W_mRNA	174	776.7	76.78	86.0	1.95	74.83	0.9943	0.1366	-72.87
YLR346C_mRNA	54	467.6	45.09	11.5	4.11	40.98	1.0	0.0859	-36.87
YLR347C_mRNA	202	877.8	58.61	72.0	5.06	53.55	1.0	0.1003	-48.49
YLR348C_mRNA	183	600.6	41.87	18.0	2.57	39.3	1.0	0.0794	-36.73
YLR349W_mRNA	14	324.0	171.71	211.5	130.14	41.57	1.0	0.5175	88.57
YLR350W_mRNA	232	620.7	60.94	76.0	6.29	54.65	1.0	0.1144	-48.36
YLR351C_mRNA	233	687.1	42.21	13.0	2.27	39.94	1.0	0.0729	-37.67
YLR352W_mRNA	32	738.2	66.19	25.0	31.12	35.06	0.9688	0.111	-3.94
YLR353W_mRNA	80	655.4	45.7	35.0	3.08	42.62	1.0	0.0973	-39.55
YLR354C_mRNA	784	773.2	49.79	29.0	3.32	46.47	0.9974	0.0873	-43.15
YLR355C_mRNA	2128	641.7	46.33	28.5	3.04	43.29	0.9868	0.0992	-40.25
YLR356W_mRNA	77	573.0	59.19	75.0	5.42	53.78	1.0	0.1202	-48.36
YLR357W_mRNA	49	806.1	39.2	14.0	1.57	37.63	0.9796	0.0752	-36.06
YLR359W_mRNA	411	746.0	49.67	31.0	2.12	47.55	0.9951	0.092	-45.43
YLR360W_mRNA	93	772.3	42.58	14.0	2.99	39.59	0.9892	0.0613	-36.6
YLR361C-A_mRNA	221	420.4	43.88	13.0	7.9	35.98	0.9729	0.1011	-28.08
YLR361C_mRNA	104	853.9	60.48	66.0	5.6	54.88	0.9808	0.0807	-49.29
YLR362W_mRNA	51	769.7	52.61	64.0	2.75	49.86	0.9804	0.0943	-47.12
YLR363C_mRNA	146	682.2	56.52	46.5	6.28	50.24	1.0	0.103	-43.96
YLR363W-A_mRNA	288	439.2	37.66	12.0	3.52	34.14	0.9722	0.0834	-30.62
YLR364W_mRNA	75	396.9	69.52	61.0	17.8	51.72	0.9867	0.1604	-33.92
YLR367W_mRNA	4440	499.9	113.74	75.5	70.56	43.18	0.9991	0.1998	27.39
YLR368W_mRNA	70	593.3	49.74	23.5	2.89	46.86	1.0	0.1012	-43.97
YLR369W_mRNA	99	717.7	50.61	53.0	4.8	45.81	1.0	0.0984	-41.01
YLR370C_mRNA	310	555.1	41.43	13.0	2.09	39.34	0.9935	0.0778	-37.25
YLR371W_mRNA	152	850.4	176.76	171.0	5.73	171.03	1.0	0.289	-165.3
YLR372W_mRNA	1037	673.3	50.44	56.0	2.89	47.55	0.9971	0.0974	-44.67
YLR373C_mRNA	118	716.3	65.85	68.0	2.72	63.13	0.9915	0.1188	-60.41
YLR375W_mRNA	166	664.3	52.31	69.5	2.39	49.92	1.0	0.0946	-47.52
YLR376C_mRNA	36	595.6	45.39	22.5	3.61	41.78	0.9722	0.085	-38.17
YLR377C_mRNA	19	569.3	172.89	170.0	6.58	166.32	1.0	0.3512	-159.74
YLR378C_mRNA	446	862.7	52.76	50.0	6.48	46.27	0.991	0.1004	-39.79
YLR380W_mRNA	123	739.7	48.05	31.0	5.11	42.93	1.0	0.0922	-37.82
YLR381W_mRNA	67	682.8	116.72	100.0	2.94	113.78	1.0	0.2238	-110.84
YLR382C_mRNA	79	619.3	90.89	85.0	3.23	87.66	0.9873	0.2018	-84.43
YLR383W_mRNA	77	648.1	106.4	80.0	3.96	102.44	1.0	0.2285	-98.48
YLR384C_mRNA	253	777.7	111.72	94.0	2.03	109.69	1.0	0.2214	-107.66
YLR385C_mRNA	7	870.6	61.57	71.0	1.29	60.29	0.8571	0.1011	-59.0
YLR386W_mRNA	71	925.0	45.28	13.0	1.0	44.28	1.0	0.0702	-43.28
YLR387C_mRNA	307	751.5	50.75	54.0	2.98	47.77	0.9935	0.0885	-44.79
YLR388W_mRNA	6771	298.7	53.88	63.0	7.12	46.75	0.9988	0.1676	-39.63
YLR389C_mRNA	52	668.3	29.58	9.0	1.35	28.23	0.9808	0.0545	-26.88
YLR390W-A_mRNA	950	659.7	58.65	75.0	4.65	54.0	0.9968	0.1048	-49.35
YLR390W_mRNA	230	468.1	36.01	10.0	1.91	34.1	0.9957	0.0879	-32.19
YLR392C_mRNA	33	951.3	50.79	71.0	1.27	49.52	1.0	0.0682	-48.24
YLR394W_mRNA	39	964.8	106.54	83.0	33.1	73.44	1.0	0.1418	-40.33
YLR395C_mRNA	1401	532.9	62.21	70.0	1.41	60.81	0.9936	0.1178	-59.4
YLR396C_mRNA	75	719.3	57.95	75.0	4.49	53.45	1.0	0.1071	-48.96
YLR397C_mRNA	115	701.3	50.37	26.0	1.74	48.63	0.9565	0.0935	-46.89
YLR398C_mRNA	143	789.9	48.37	16.0	3.08	45.29	1.0	0.0934	-42.2
YLR399C_mRNA	193	610.6	51.32	32.0	2.1	49.22	1.0	0.1036	-47.12
YLR401C_mRNA	115	676.7	39.59	13.0	2.52	37.07	0.9826	0.0709	-34.55
YLR402W_mRNA	6	467.8	331.17	335.5	33.67	297.5	1.0	0.6885	-263.83
YLR403W_mRNA	68	1071.0	413.07	454.5	95.43	317.65	1.0	0.4474	-222.22
YLR404W_mRNA	32	587.0	55.53	25.5	1.44	54.09	1.0	0.1049	-52.66
YLR405W_mRNA	151	414.8	45.46	24.0	3.38	42.09	1.0	0.1477	-38.71
YLR406C_mRNA	2436	463.6	45.27	18.0	2.79	42.48	0.9951	0.0992	-39.69
YLR407W_mRNA	75	665.3	46.53	21.0	2.05	44.48	1.0	0.0829	-42.43
YLR408C_mRNA	119	435.0	55.13	65.0	1.32	53.82	1.0	0.1224	-52.5
YLR409C_mRNA	249	672.9	43.66	15.0	3.35	40.31	0.992	0.0813	-36.96
YLR410W-A_mRNA	29	547.9	69.79	56.0	20.34	49.45	0.9655	0.1568	-29.1
YLR410W-B_mRNA	1036	768.1	331.35	333.0	2.18	329.17	0.999	0.4448	-326.99
YLR410W_mRNA	122	1006.5	104.23	89.5	4.86	99.37	0.9836	0.1536	-94.51
YLR411W_mRNA	36	525.9	93.0	89.5	8.39	84.61	0.9722	0.1838	-76.22
YLR412C-A_mRNA	12	411.1	53.33	63.5	4.83	48.5	1.0	0.1371	-43.67
YLR412W_mRNA	117	621.4	46.58	26.0	5.09	41.49	1.0	0.095	-36.39
YLR413W_mRNA	310	852.7	53.46	66.0	5.55	47.91	0.9742	0.0923	-42.36
YLR414C_mRNA	499	642.6	61.56	74.0	4.91	56.65	0.996	0.1103	-51.74
YLR417W_mRNA	49	686.6	43.2	18.0	2.31	40.9	0.9796	0.0801	-38.59
YLR418C_mRNA	178	796.2	42.7	14.5	1.57	41.13	0.9944	0.0707	-39.56
YLR419W_mRNA	66	857.9	132.97	134.5	5.74	127.23	1.0	0.2372	-121.48
YLR420W_mRNA	323	739.5	41.15	16.0	2.14	39.01	0.9907	0.0754	-36.87
YLR421C_mRNA	732	524.6	43.6	16.5	2.63	40.97	0.9945	0.0919	-38.34
YLR422W_mRNA	59	957.1	108.98	94.0	4.95	104.03	0.9831	0.1786	-99.08
YLR423C_mRNA	70	638.9	49.16	32.5	3.46	45.7	1.0	0.0951	-42.24
YLR424W_mRNA	38	723.5	155.71	160.0	6.66	149.05	1.0	0.2873	-142.39
YLR425W_mRNA	44	827.5	112.25	92.5	8.82	103.43	0.9773	0.227	-94.61
YLR426W_mRNA	46	707.8	52.67	39.0	9.48	43.2	0.9783	0.0941	-33.72
YLR427W_mRNA	89	554.3	47.97	55.0	2.12	45.84	1.0	0.1118	-43.72
YLR429W_mRNA	303	776.7	48.03	26.0	2.35	45.68	0.9835	0.0943	-43.33
YLR430W_mRNA	75	675.0	125.81	100.0	14.49	111.32	0.9733	0.2245	-96.83
YLR431C_mRNA	46	659.3	84.11	75.0	22.54	61.57	1.0	0.196	-39.02
YLR432W_mRNA	949	841.4	50.45	63.0	3.64	46.81	0.9874	0.0903	-43.17
YLR433C_mRNA	70	621.1	44.34	22.0	4.04	40.3	1.0	0.0921	-36.26
YLR435W_mRNA	623	562.6	43.71	13.0	4.52	39.2	1.0	0.0812	-34.68
YLR436C_mRNA	135	728.0	132.84	136.0	1.64	131.19	1.0	0.2458	-129.55
YLR437C_mRNA	92	488.8	42.62	12.0	4.22	38.4	1.0	0.086	-34.18
YLR438C-A_mRNA	322	427.6	46.13	22.0	3.29	42.84	0.9969	0.1074	-39.55
YLR438W_mRNA	12	505.1	48.67	43.5	2.08	46.58	1.0	0.1205	-44.5
YLR439W_mRNA	26	899.0	80.31	87.0	3.35	76.96	1.0	0.1069	-73.62
YLR440C_mRNA	65	994.3	50.0	22.0	3.29	46.71	1.0	0.0774	-43.42
YLR441C_mRNA	11575	766.3	43.57	14.0	1.95	41.62	0.9903	0.0683	-39.67
YLR442C_mRNA	76	758.0	55.03	74.5	2.41	52.62	1.0	0.094	-50.21
YLR443W_mRNA	122	804.5	53.93	71.5	1.99	51.94	0.9918	0.0947	-49.95
YLR446W_mRNA	83	664.8	43.73	18.0	4.33	39.41	1.0	0.0773	-35.08
YLR447C_mRNA	1280	812.9	41.52	13.0	1.99	39.53	0.9625	0.0637	-37.54
YLR448W_mRNA	3214	623.6	50.07	22.0	3.35	46.72	0.9966	0.0872	-43.37
YLR449W_mRNA	443	490.5	48.46	19.0	3.57	44.89	1.0	0.1073	-41.32
YLR450W_mRNA	126	923.1	117.96	97.5	10.92	107.04	1.0	0.1706	-96.12
YLR451W_mRNA	72	642.4	88.35	73.0	27.01	61.33	1.0	0.2007	-34.32
YLR452C_mRNA	112	847.4	110.72	78.5	25.79	84.94	0.9911	0.1644	-59.15
YLR453C_mRNA	28	643.1	155.25	104.0	10.61	144.64	1.0	0.2218	-134.04
YLR454W_mRNA	91	915.2	98.88	84.0	4.18	94.7	0.989	0.1784	-90.53
YLR455W_mRNA	215	712.9	53.22	31.0	8.69	44.53	0.986	0.0918	-35.84
YLR456W_mRNA	130	525.4	54.82	49.0	2.73	52.08	1.0	0.11	-49.35
YLR457C_mRNA	37	615.8	45.27	28.0	1.97	43.3	1.0	0.0983	-41.32
YLR459W_mRNA	125	615.4	96.65	74.0	23.59	73.06	1.0	0.1616	-49.46
YLR460C_mRNA	92	616.4	52.34	29.0	5.55	46.78	1.0	0.1071	-41.23
YLR466W_mRNA	51	595.3	103.49	88.0	4.51	98.98	1.0	0.2088	-94.47
YLR467W_mRNA	62	586.9	96.61	82.0	4.39	92.23	1.0	0.2002	-87.84
YML001W_mRNA	585	675.7	52.08	68.0	3.4	48.68	0.9897	0.0836	-45.28
YML002W_mRNA	112	909.0	170.46	100.0	66.02	104.44	1.0	0.1913	-38.42
YML003W_mRNA	6	701.3	198.33	118.0	7.33	191.0	1.0	0.2427	-183.67
YML004C_mRNA	474	806.5	61.42	66.5	2.72	58.7	0.9958	0.0908	-55.97
YML005W_mRNA	107	736.1	62.48	75.0	8.35	54.13	1.0	0.1085	-45.79
YML006C_mRNA	126	738.0	57.1	50.0	1.9	55.19	1.0	0.1021	-53.29
YML007C-A_mRNA	7	348.1	93.43	89.0	2.57	90.86	1.0	0.2366	-88.29
YML007W_mRNA	223	705.0	52.0	39.0	7.22	44.79	0.9865	0.0928	-37.57
YML008C_mRNA	698	755.8	54.55	46.0	2.08	52.47	0.9957	0.0911	-50.39
YML009C_mRNA	283	418.6	40.34	13.0	4.86	35.48	0.9929	0.0924	-30.62
YML009W-B_mRNA	272	625.0	47.9	23.5	5.16	42.74	0.9926	0.0948	-37.57
YML010W_mRNA	15	1504.1	139.47	115.0	4.47	135.0	1.0	0.1191	-130.53
YML011C_mRNA	145	410.6	48.05	37.0	9.18	38.87	0.9793	0.1398	-29.69
YML012W_mRNA	855	568.4	66.8	71.0	2.58	64.22	0.9965	0.1266	-61.64
YML013W_mRNA	39	971.4	48.18	66.0	1.49	46.69	1.0	0.0719	-45.21
YML014W_mRNA	37	637.6	33.22	12.0	2.81	30.41	0.973	0.0568	-27.59
YML015C_mRNA	56	591.5	50.02	47.5	2.21	47.8	0.9821	0.1055	-45.59
YML016C_mRNA	100	819.1	194.24	184.0	12.54	181.7	1.0	0.313	-169.16
YML017W_mRNA	40	776.8	296.15	313.5	20.55	275.6	1.0	0.4304	-255.05
YML018C_mRNA	140	639.8	59.64	70.5	7.62	52.01	0.9929	0.1159	-44.39
YML019W_mRNA	196	778.5	63.49	70.0	2.73	60.76	0.9847	0.1084	-58.03
YML020W_mRNA	46	679.3	73.91	87.5	2.26	71.65	1.0	0.14	-69.39
YML021C_mRNA	87	715.9	47.92	36.0	3.48	44.44	0.9885	0.0954	-40.95
YML022W_mRNA	1986	668.9	54.16	69.0	5.37	48.79	0.9955	0.0857	-43.42
YML023C_mRNA	65	771.2	81.55	60.0	12.18	69.37	0.9692	0.1017	-57.18
YML024W_mRNA	12518	499.3	42.33	14.0	3.11	39.22	0.9938	0.0846	-36.11
YML025C_mRNA	52	540.6	34.9	11.0	4.19	30.71	0.9808	0.0894	-26.52
YML026C_mRNA	12200	557.0	44.13	17.0	3.37	40.76	0.9952	0.0826	-37.4
YML027W_mRNA	28	621.9	86.64	78.5	1.29	85.36	0.9643	0.145	-84.07
YML028W_mRNA	1910	634.2	53.93	65.5	4.67	49.26	0.9958	0.09	-44.59
YML029W_mRNA	37	1056.1	55.46	65.0	3.73	51.73	1.0	0.0817	-48.0
YML030W_mRNA	101	417.2	46.46	19.0	3.01	43.45	0.9901	0.1202	-40.44
YML031W_mRNA	70	807.9	52.39	57.5	1.67	50.71	0.9857	0.0848	-49.04
YML032C_mRNA	58	826.4	43.26	16.0	1.81	41.45	0.9828	0.0563	-39.64
YML034W_mRNA	181	659.3	67.95	77.0	5.24	62.71	0.989	0.1325	-57.46
YML035C_mRNA	184	700.6	68.32	51.5	16.68	51.64	0.9728	0.1179	-34.95
YML036W_mRNA	180	584.7	60.97	70.5	3.39	57.57	0.9833	0.1019	-54.18
YML038C_mRNA	238	595.8	125.58	74.0	82.03	43.54	0.9916	0.2462	38.49
YML039W_mRNA	3561	1267.7	336.27	342.0	2.45	333.82	0.9958	0.3188	-331.37
YML041C_mRNA	103	650.1	58.94	64.0	4.78	54.17	0.9806	0.1156	-49.39
YML042W_mRNA	49	593.3	162.65	171.0	2.12	160.53	1.0	0.3362	-158.41
YML043C_mRNA	33	820.8	54.0	73.0	4.61	49.39	1.0	0.0939	-44.79
YML045W-A_mRNA	14	529.3	165.43	143.0	4.07	161.36	1.0	0.3214	-157.29
YML045W_mRNA	1384	1115.8	325.64	338.0	2.96	322.68	0.9928	0.3255	-319.72
YML046W_mRNA	105	924.1	204.78	197.0	5.94	198.84	1.0	0.3066	-192.9
YML048W_mRNA	310	739.7	53.26	67.5	2.48	50.78	0.9968	0.0935	-48.3
YML049C_mRNA	93	616.3	136.38	131.0	1.39	134.99	1.0	0.2931	-133.6
YML050W_mRNA	42	582.4	59.86	55.5	7.26	52.6	1.0	0.1361	-45.33
YML051W_mRNA	73	745.0	49.71	20.0	1.74	47.97	1.0	0.082	-46.23
YML052W_mRNA	131	744.7	53.18	69.0	3.48	49.7	0.9924	0.0848	-46.22
YML053C_mRNA	89	685.3	152.79	153.0	6.51	146.28	1.0	0.2538	-139.78
YML054C_mRNA	28	690.0	124.79	108.0	3.36	121.43	1.0	0.2232	-118.07
YML055W_mRNA	243	526.8	49.99	19.0	4.75	45.24	0.9918	0.1079	-40.49
YML056C_mRNA	1363	778.8	55.93	34.0	5.41	50.51	0.9853	0.106	-45.1
YML057W_mRNA	170	744.2	62.79	65.0	2.25	60.54	1.0	0.1096	-58.29
YML058W-A_mRNA	34	381.8	52.29	20.0	10.21	42.09	1.0	0.1184	-31.88
YML058W_mRNA	1032	514.3	46.98	25.0	5.91	41.07	0.9981	0.0893	-35.16
YML059C_mRNA	78	914.9	141.9	143.0	3.54	138.36	1.0	0.2137	-134.82
YML060W_mRNA	63	695.1	44.14	14.0	7.7	36.44	0.9841	0.0947	-28.75
YML061C_mRNA	141	532.2	76.72	62.0	12.11	64.61	0.9929	0.223	-52.5
YML062C_mRNA	33	288.2	72.61	73.0	5.03	67.58	1.0	0.2124	-62.55
YML063W_mRNA	15985	691.4	56.02	42.0	2.88	53.14	0.9965	0.0918	-50.26
YML064C_mRNA	66	547.2	53.23	70.0	2.82	50.41	0.9848	0.1276	-47.59
YML065W_mRNA	68	583.8	61.75	62.5	1.96	59.79	1.0	0.1226	-57.84
YML066C_mRNA	11	681.6	123.82	107.0	7.82	116.0	1.0	0.2361	-108.18
YML067C_mRNA	342	781.1	44.64	12.0	4.23	40.41	0.9912	0.0645	-36.18
YML068W_mRNA	54	891.8	62.78	28.5	2.46	60.31	1.0	0.0785	-57.85
YML069W_mRNA	50	529.4	60.12	15.0	5.32	54.8	0.98	0.1275	-49.48
YML070W_mRNA	241	686.9	51.32	31.0	3.27	48.05	1.0	0.0996	-44.78
YML071C_mRNA	59	427.0	58.75	16.0	15.78	42.97	1.0	0.1483	-27.19
YML072C_mRNA	233	908.0	168.59	153.0	2.96	165.63	1.0	0.2635	-162.67
YML073C_mRNA	7034	502.8	46.09	20.0	2.29	43.81	0.9984	0.0984	-41.52
YML074C_mRNA	367	464.8	69.68	72.0	19.23	50.45	0.9973	0.1537	-31.22
YML075C_mRNA	346	878.1	80.55	80.5	7.34	73.21	1.0	0.1471	-65.88
YML076C_mRNA	57	900.1	126.75	133.0	5.37	121.39	1.0	0.2045	-116.02
YML077W_mRNA	262	560.9	56.92	67.0	8.26	48.66	0.9962	0.1117	-40.4
YML078W_mRNA	407	572.7	60.43	73.0	7.06	53.37	0.9975	0.1103	-46.31
YML079W_mRNA	263	546.0	48.33	16.0	3.43	44.9	0.9962	0.0991	-41.46
YML080W_mRNA	74	734.3	58.09	67.5	7.41	50.69	0.9865	0.1093	-43.28
YML081C-A_mRNA	994	359.1	69.45	62.0	1.68	67.77	0.995	0.1838	-66.09
YML081W_mRNA	167	733.9	121.04	114.0	3.45	117.59	1.0	0.235	-114.14
YML082W_mRNA	81	461.9	51.8	59.0	10.78	41.02	1.0	0.1636	-30.25
YML083C_mRNA	18	667.5	66.11	46.5	24.11	42.0	1.0	0.1324	-17.89
YML085C_mRNA	259	846.1	61.66	46.0	9.68	51.99	1.0	0.1211	-42.31
YML086C_mRNA	279	537.6	53.68	47.0	3.2	50.47	1.0	0.1354	-47.27
YML087C_mRNA	22	601.5	124.23	80.5	1.27	122.95	1.0	0.1751	-121.68
YML088W_mRNA	101	456.3	45.0	20.0	4.31	40.69	0.9802	0.1181	-36.39
YML090W_mRNA	13	288.6	81.15	81.0	4.85	76.31	1.0	0.2379	-71.46
YML091C_mRNA	157	961.2	132.83	114.0	10.47	122.36	1.0	0.1914	-111.89
YML092C_mRNA	352	679.1	58.09	73.0	2.24	55.85	0.9972	0.0996	-53.6
YML093W_mRNA	231	572.6	46.51	18.0	4.15	42.36	0.9827	0.0945	-38.22
YML094W_mRNA	217	546.3	69.42	77.0	3.53	65.89	0.9954	0.1291	-62.35
YML095C_mRNA	66	617.7	47.09	19.0	1.76	45.33	0.9848	0.0868	-43.58
YML096W_mRNA	68	838.7	50.43	60.0	2.24	48.19	1.0	0.0882	-45.96
YML097C_mRNA	135	791.1	44.7	16.0	2.2	42.5	0.9926	0.0708	-40.3
YML098W_mRNA	59	419.9	40.15	14.0	1.03	39.12	0.9831	0.095	-38.08
YML099C_mRNA	26	688.3	84.92	75.5	9.88	75.04	1.0	0.1738	-65.15
YML100W-A_mRNA	71	373.9	36.68	13.0	3.51	33.17	1.0	0.0975	-29.66
YML100W_mRNA	199	865.4	55.52	61.0	3.4	52.12	0.9849	0.0986	-48.72
YML101C-A_mRNA	5	740.2	56.0	83.0	0.0	56.0	1.0	0.1049	-56.0
YML101C_mRNA	43	419.5	43.3	16.0	1.67	41.63	1.0	0.1044	-39.95
YML102W_mRNA	5	817.8	62.0	66.0	4.6	57.4	1.0	0.1083	-52.8
YML103C_mRNA	211	889.8	116.85	114.0	2.02	114.83	0.9905	0.1871	-112.81
YML104C_mRNA	68	581.4	77.81	74.5	7.28	70.53	1.0	0.1597	-63.25
YML105C_mRNA	385	607.1	43.73	16.0	2.28	41.45	0.987	0.0843	-39.17
YML106W_mRNA	1010	664.4	105.83	92.0	2.5	103.33	0.999	0.2082	-100.84
YML107C_mRNA	71	744.7	58.94	60.0	2.21	56.73	0.9859	0.0822	-54.52
YML108W_mRNA	356	528.4	52.03	54.0	4.72	47.31	0.9944	0.1007	-42.6
YML109W_mRNA	33	665.0	130.91	102.0	10.52	120.39	1.0	0.2804	-109.88
YML110C_mRNA	358	683.4	44.68	19.5	4.31	40.37	0.9777	0.0773	-36.06
YML111W_mRNA	58	1044.3	165.1	188.5	15.22	149.88	1.0	0.1798	-134.66
YML112W_mRNA	88	521.6	133.22	76.5	88.88	44.34	1.0	0.2963	44.53
YML113W_mRNA	84	566.3	52.35	65.0	3.33	49.01	1.0	0.118	-45.68
YML114C_mRNA	33	625.3	45.61	50.0	1.33	44.27	0.9697	0.1184	-42.94
YML115C_mRNA	134	622.1	37.25	13.0	2.34	34.9	0.9627	0.0756	-32.56
YML116W-A_mRNA	143	631.1	64.68	72.0	1.66	63.02	1.0	0.1256	-61.36
YML116W_mRNA	185	697.6	50.36	59.0	2.98	47.38	1.0	0.093	-44.4
YML117W_mRNA	12	1695.8	154.83	86.5	37.0	117.83	1.0	0.1129	-80.83
YML118W_mRNA	15	615.3	125.2	68.0	7.53	117.67	1.0	0.2702	-110.13
YML119W_mRNA	71	658.4	91.13	80.0	14.66	76.46	1.0	0.1631	-61.8
YML120C_mRNA	226	871.8	58.82	70.0	9.19	49.63	0.9956	0.0926	-40.45
YML121W_mRNA	142	664.2	47.62	33.5	2.04	45.58	0.993	0.0907	-43.54
YML123C_mRNA	1615	806.2	58.69	74.0	2.76	55.93	0.995	0.107	-53.17
YML124C_mRNA	235	690.8	52.41	16.0	7.88	44.53	0.983	0.0985	-36.65
YML125C_mRNA	318	669.3	41.11	12.0	2.04	39.07	0.9874	0.0768	-37.03
YML126C_mRNA	547	1012.7	225.37	226.0	2.96	222.41	0.9945	0.2877	-219.45
YML127W_mRNA	195	588.5	92.14	88.0	45.34	46.79	0.9949	0.2767	-1.45
YML128C_mRNA	144	747.5	67.17	78.0	4.66	62.51	0.9931	0.1262	-57.85
YML129C_mRNA	145	431.1	64.67	68.0	19.23	45.44	1.0	0.1342	-26.21
YML130C_mRNA	1271	788.1	50.97	28.0	2.92	48.05	0.9906	0.0861	-45.13
YML131W_mRNA	212	657.4	48.09	17.0	2.37	45.73	0.9953	0.0964	-43.36
YML132W_mRNA	137	638.6	114.43	111.0	4.52	109.91	0.9927	0.2404	-105.39
YML133C_mRNA	22	667.6	109.32	90.5	25.32	84.0	0.9091	0.211	-58.68
YMR001C_mRNA	63	691.4	52.76	36.0	6.43	46.33	0.9841	0.1045	-39.9
YMR002W_mRNA	475	566.8	49.76	60.0	2.38	47.38	0.9979	0.0975	-45.0
YMR003W_mRNA	93	565.7	44.44	18.0	2.22	42.23	1.0	0.0862	-40.01
YMR004W_mRNA	141	595.3	51.77	41.0	3.51	48.26	0.9929	0.1186	-44.75
YMR005W_mRNA	138	526.4	49.06	8.0	2.95	46.11	0.9928	0.0943	-43.16
YMR006C_mRNA	203	775.2	59.87	77.0	4.88	54.99	0.9951	0.1173	-50.11
YMR007W_mRNA	40	448.1	102.38	84.0	13.15	89.22	1.0	0.203	-76.08
YMR008C-A_mRNA	23	457.2	188.87	166.0	2.13	186.74	1.0	0.4109	-184.61
YMR008C_mRNA	353	978.0	51.95	43.0	2.79	49.16	0.9887	0.076	-46.37
YMR009W_mRNA	288	568.7	63.86	35.0	23.07	40.79	0.9826	0.1102	-17.72
YMR010W_mRNA	221	567.5	87.09	68.0	47.94	39.15	0.9864	0.2038	8.79
YMR011W_mRNA	991	832.1	56.41	72.0	2.9	53.51	0.998	0.0968	-50.62
YMR012W_mRNA	671	801.4	52.44	48.0	4.01	48.43	0.9896	0.0995	-44.41
YMR013C-A_mRNA	8	843.8	63.75	66.0	8.62	55.12	1.0	0.0795	-46.5
YMR013C_mRNA	79	808.8	117.27	116.0	2.47	114.8	1.0	0.1985	-112.33
YMR013W-A_mRNA	402	239.7	68.41	70.5	24.85	43.56	0.995	0.254	-18.71
YMR014W_mRNA	53	358.1	38.85	11.0	6.45	32.4	0.9811	0.1105	-25.94
YMR015C_mRNA	344	752.2	45.66	19.0	3.24	42.42	0.9913	0.0898	-39.18
YMR016C_mRNA	93	552.5	72.53	25.0	23.1	49.43	1.0	0.1729	-26.33
YMR017W_mRNA	5	596.4	165.0	95.0	30.0	135.0	1.0	0.3246	-105.0
YMR018W_mRNA	22	476.9	235.32	275.0	177.09	58.23	1.0	0.5347	118.86
YMR019W_mRNA	60	810.9	127.17	106.5	1.72	125.45	1.0	0.2454	-123.73
YMR020W_mRNA	137	855.0	62.2	71.0	3.42	58.77	0.9927	0.0957	-55.35
YMR021C_mRNA	148	531.8	47.25	21.0	4.43	42.82	1.0	0.1009	-38.4
YMR022W_mRNA	445	512.9	49.98	41.0	2.24	47.74	0.9573	0.1038	-45.5
YMR023C_mRNA	66	627.9	62.14	58.5	1.71	60.42	1.0	0.1258	-58.71
YMR024W_mRNA	103	562.7	55.03	66.0	4.49	50.54	1.0	0.1199	-46.06
YMR025W_mRNA	39	660.8	82.36	85.0	2.85	79.51	1.0	0.1491	-76.67
YMR026C_mRNA	55	628.1	63.56	52.0	1.55	62.02	1.0	0.1442	-60.47
YMR027W_mRNA	262	759.0	55.11	58.0	5.31	49.8	0.9809	0.0978	-44.49
YMR028W_mRNA	35	762.2	47.69	17.0	1.31	46.37	0.9429	0.0681	-45.06
YMR029C_mRNA	176	698.2	56.35	36.5	2.48	53.86	0.9943	0.0938	-51.38
YMR030W_mRNA	41	556.9	53.22	63.0	1.24	51.98	1.0	0.1096	-50.73
YMR031C_mRNA	70	718.2	212.37	208.5	2.2	210.17	1.0	0.3701	-207.97
YMR032W_mRNA	29	670.0	58.72	60.0	5.0	53.72	1.0	0.1076	-48.72
YMR033W_mRNA	241	688.0	48.06	23.0	3.51	44.54	1.0	0.092	-41.03
YMR034C_mRNA	33	722.2	42.55	16.0	3.24	39.3	1.0	0.0717	-36.06
YMR035W_mRNA	136	552.2	50.41	64.5	2.65	47.76	1.0	0.099	-45.12
YMR036C_mRNA	21	835.4	37.57	21.0	0.48	37.1	1.0	0.0701	-36.62
YMR037C_mRNA	64	880.5	311.47	311.0	40.59	270.88	1.0	0.4097	-230.28
YMR038C_mRNA	507	661.4	44.86	15.0	2.66	42.2	0.9941	0.077	-39.53
YMR039C_mRNA	291	535.9	48.27	25.0	2.68	45.59	0.9897	0.1022	-42.91
YMR040W_mRNA	108	504.9	53.59	74.0	2.42	51.18	0.9907	0.1074	-48.76
YMR041C_mRNA	70	727.3	61.76	69.5	6.67	55.09	1.0	0.1075	-48.41
YMR042W_mRNA	69	555.7	85.59	83.0	14.29	71.3	1.0	0.1685	-57.01
YMR043W_mRNA	158	772.8	76.73	81.0	3.37	73.35	1.0	0.1305	-69.98
YMR044W_mRNA	153	525.6	56.27	64.0	7.95	48.31	0.9804	0.1287	-40.36
YMR045C_mRNA	2063	1294.9	323.5	336.0	3.5	320.0	0.9927	0.2844	-316.5
YMR046C_mRNA	16	638.1	107.56	70.0	50.44	57.12	1.0	0.1403	-6.69
YMR046W-A_mRNA	24010	405.0	140.75	120.0	88.24	52.51	0.9977	0.3075	35.74
YMR047C_mRNA	169	540.4	61.35	73.0	9.73	51.62	0.9822	0.158	-41.89
YMR048W_mRNA	17	701.5	31.65	12.0	0.71	30.94	0.8235	0.0492	-30.24
YMR049C_mRNA	339	712.1	42.01	13.0	1.97	40.04	0.9853	0.0829	-38.06
YMR050C_mRNA	593	1016.9	282.75	328.0	3.09	279.66	0.9882	0.3159	-276.57
YMR051C_mRNA	11	637.5	168.73	159.0	4.45	164.27	1.0	0.2748	-159.82
YMR052C-A_mRNA	17	371.9	45.82	55.0	1.94	43.88	1.0	0.1293	-41.94
YMR052W_mRNA	63	574.7	32.33	9.0	1.65	30.68	0.9524	0.0673	-29.03
YMR053C_mRNA	23	782.7	59.22	72.0	1.48	57.74	1.0	0.0815	-56.26
YMR054W_mRNA	172	729.1	56.61	66.5	6.75	49.86	0.9884	0.0987	-43.11
YMR055C_mRNA	28	529.5	81.43	30.0	33.04	48.39	1.0	0.1386	-15.36
YMR056C_mRNA	26	597.2	57.19	42.0	15.88	41.31	1.0	0.1099	-25.42
YMR058W_mRNA	118	682.1	55.23	64.5	3.65	51.58	0.9915	0.1218	-47.92
YMR059W_mRNA	170	492.3	45.71	17.0	5.39	40.32	0.9882	0.0929	-34.93
YMR060C_mRNA	70	764.0	54.63	76.0	4.03	50.6	1.0	0.0824	-46.57
YMR061W_mRNA	239	873.4	51.17	53.0	4.18	46.99	0.9874	0.0796	-42.82
YMR062C_mRNA	516	820.1	54.48	69.5	3.87	50.61	0.9826	0.0865	-46.74
YMR064W_mRNA	111	746.5	210.93	201.0	35.72	175.21	0.991	0.3325	-139.49
YMR065W_mRNA	42	787.3	154.48	151.5	1.26	153.21	1.0	0.2461	-151.95
YMR066W_mRNA	62	727.8	53.48	28.0	2.76	50.73	0.9677	0.105	-47.97
YMR067C_mRNA	85	619.4	58.2	59.0	4.08	54.12	1.0	0.1113	-50.04
YMR068W_mRNA	17	543.2	84.0	78.0	32.24	51.76	1.0	0.1826	-19.53
YMR069W_mRNA	15	670.9	287.4	155.0	3.87	283.53	0.9333	0.3171	-279.67
YMR070W_mRNA	135	649.6	60.89	75.0	4.97	55.92	1.0	0.1164	-50.95
YMR071C_mRNA	332	557.8	52.58	49.5	4.55	48.04	1.0	0.0976	-43.49
YMR072W_mRNA	443	625.9	48.11	20.0	1.8	46.31	0.9955	0.0812	-44.51
YMR073C_mRNA	189	463.2	55.27	70.0	4.54	50.72	0.9947	0.1339	-46.18
YMR074C_mRNA	772	492.2	66.21	70.0	1.84	64.37	0.9961	0.1359	-62.53
YMR075W_mRNA	125	646.9	53.28	20.0	10.31	42.97	1.0	0.1054	-32.66
YMR076C_mRNA	32	580.4	163.06	200.5	4.0	159.06	1.0	0.3435	-155.06
YMR077C_mRNA	142	633.5	67.33	48.5	21.12	46.21	0.993	0.116	-25.09
YMR078C_mRNA	55	819.9	51.53	17.0	1.89	49.64	1.0	0.0743	-47.75
YMR079W_mRNA	362	662.0	45.18	22.5	2.42	42.76	0.9862	0.0898	-40.35
YMR080C_mRNA	451	723.0	53.54	71.0	2.16	51.38	0.9557	0.0949	-49.22
YMR081C_mRNA	111	612.9	66.8	74.0	5.77	61.04	1.0	0.1264	-55.27
YMR083W_mRNA	898	708.6	51.84	47.5	3.87	47.97	0.9911	0.0916	-44.1
YMR085W_mRNA	145	927.0	170.12	94.0	74.32	95.81	1.0	0.179	-21.49
YMR086C-A_mRNA	6	209.7	33.5	12.5	3.0	30.5	1.0	0.1318	-27.5
YMR086W_mRNA	16	1874.2	233.5	145.5	71.94	161.56	1.0	0.1224	-89.62
YMR087W_mRNA	179	572.3	43.79	15.0	2.4	41.39	1.0	0.0855	-38.99
YMR088C_mRNA	198	723.6	56.19	70.0	3.69	52.5	0.9899	0.1127	-48.81
YMR089C_mRNA	186	595.3	81.55	87.0	3.38	78.17	1.0	0.1845	-74.8
YMR090W_mRNA	166	593.6	42.79	15.0	2.26	40.53	0.9819	0.0717	-38.27
YMR091C_mRNA	189	671.5	46.71	19.0	2.05	44.66	0.9947	0.0811	-42.6
YMR092C_mRNA	347	820.4	50.56	26.0	4.6	45.96	0.9885	0.0819	-41.36
YMR093W_mRNA	142	697.8	48.18	23.5	2.98	45.2	0.9859	0.0868	-42.23
YMR096W_mRNA	84	680.2	46.12	21.5	2.37	43.75	1.0	0.0753	-41.38
YMR097C_mRNA	71	610.0	47.58	15.0	3.23	44.35	0.9859	0.0993	-41.13
YMR098C_mRNA	108	800.6	64.6	73.0	4.06	60.54	0.9907	0.113	-56.47
YMR099C_mRNA	433	661.2	50.74	69.0	3.64	47.1	0.9931	0.0989	-43.45
YMR100W_mRNA	51	939.4	273.24	249.0	103.9	169.33	1.0	0.3676	-65.43
YMR101C_mRNA	9	657.7	200.44	207.0	11.22	189.22	1.0	0.3089	-178.0
YMR102C_mRNA	214	751.6	56.24	64.0	1.96	54.28	0.9907	0.1115	-52.32
YMR103C_mRNA	125	724.0	163.62	146.0	11.63	151.98	1.0	0.2766	-140.35
YMR104C_mRNA	23	1817.0	493.96	670.0	9.35	484.61	1.0	0.2674	-475.26
YMR105C_mRNA	236	684.0	74.97	87.5	7.89	67.08	0.9958	0.1651	-59.19
YMR106C_mRNA	20	814.8	51.3	16.5	17.4	33.9	1.0	0.0741	-16.5
YMR107W_mRNA	17	498.1	200.0	190.0	10.65	189.35	1.0	0.4106	-178.71
YMR108W_mRNA	2067	829.5	49.62	64.0	2.58	47.03	0.9816	0.0923	-44.45
YMR109W_mRNA	107	730.9	50.49	35.0	2.88	47.61	0.9907	0.1047	-44.73
YMR110C_mRNA	241	875.9	60.63	71.0	2.97	57.66	0.9959	0.0907	-54.69
YMR111C_mRNA	46	704.7	77.7	65.0	2.46	75.24	1.0	0.15	-72.78
YMR112C_mRNA	185	440.1	58.15	67.0	6.15	52.0	1.0	0.1368	-45.85
YMR113W_mRNA	81	750.4	57.58	33.0	5.95	51.63	0.963	0.1063	-45.68
YMR114C_mRNA	32	382.7	44.34	15.5	1.06	43.28	1.0	0.117	-42.22
YMR115W_mRNA	147	767.8	53.3	21.0	1.78	51.52	1.0	0.0977	-49.73
YMR116C_mRNA	13756	797.0	50.65	66.0	3.17	47.49	0.9903	0.0779	-44.32
YMR117C_mRNA	12	446.0	53.25	68.0	4.83	48.42	1.0	0.1437	-43.58
YMR118C_mRNA	31	812.2	343.06	187.0	17.32	325.74	1.0	0.375	-308.42
YMR119W-A_mRNA	97	442.7	43.95	15.0	2.13	41.81	0.9794	0.1143	-39.68
YMR119W_mRNA	88	789.2	59.05	28.0	3.19	55.85	1.0	0.0894	-52.66
YMR120C_mRNA	25	762.4	68.72	63.0	2.36	66.36	1.0	0.1212	-64.0
YMR121C_mRNA	125	548.4	43.62	15.0	3.42	40.2	1.0	0.0869	-36.78
YMR122C_mRNA	81	478.1	59.94	58.0	2.38	57.56	0.9506	0.1245	-55.17
YMR122W-A_mRNA	2103	468.7	56.4	72.0	2.38	54.02	0.9971	0.1251	-51.64
YMR123W_mRNA	204	403.9	56.48	34.5	7.33	49.15	0.9951	0.1322	-41.82
YMR124W_mRNA	186	610.1	119.09	95.5	3.46	115.63	1.0	0.2581	-112.18
YMR125W_mRNA	518	803.9	48.51	23.5	2.75	45.75	0.9556	0.0829	-43.0
YMR126C_mRNA	92	507.2	54.11	69.0	3.02	51.09	0.9891	0.1191	-48.07
YMR127C_mRNA	115	748.5	48.97	40.0	2.67	46.3	1.0	0.0804	-43.63
YMR128W_mRNA	90	972.3	132.64	121.5	2.26	130.39	1.0	0.1978	-128.13
YMR129W_mRNA	190	663.6	53.87	65.5	5.14	48.73	0.9895	0.1128	-43.58
YMR130W_mRNA	206	690.2	71.4	74.5	6.61	64.79	0.9951	0.1281	-58.18
YMR131C_mRNA	628	749.6	45.21	19.5	2.18	43.04	0.9857	0.0847	-40.86
YMR132C_mRNA	146	650.0	56.13	68.0	1.74	54.39	1.0	0.0973	-52.65
YMR133W_mRNA	9	622.4	228.44	237.0	1.33	227.11	1.0	0.4062	-225.78
YMR134W_mRNA	114	594.5	57.39	69.0	6.07	51.32	0.9912	0.1173	-45.25
YMR135C_mRNA	55	951.5	102.67	104.0	1.51	101.16	1.0	0.1262	-99.65
YMR136W_mRNA	92	620.8	47.08	20.5	3.39	43.68	0.9891	0.1005	-40.29
YMR137C_mRNA	29	712.1	57.76	74.0	1.76	56.0	1.0	0.1002	-54.24
YMR138W_mRNA	32	539.3	40.41	17.5	10.16	30.25	1.0	0.076	-20.09
YMR139W_mRNA	115	707.3	98.05	95.0	3.82	94.23	1.0	0.1909	-90.42
YMR140W_mRNA	59	970.2	55.41	73.0	1.54	53.86	0.9661	0.0766	-52.32
YMR141C_mRNA	44	651.2	52.32	19.0	9.2	43.11	0.9773	0.0931	-33.91
YMR142C_mRNA	4465	602.2	49.69	29.0	2.07	47.62	0.9937	0.09	-45.55
YMR143W_mRNA	12539	510.7	40.39	12.0	1.84	38.55	0.9561	0.0787	-36.71
YMR144W_mRNA	34	650.0	57.85	75.0	2.56	55.29	1.0	0.1193	-52.74
YMR145C_mRNA	810	710.7	47.3	22.5	2.94	44.36	0.9889	0.0948	-41.42
YMR146C_mRNA	1074	655.8	47.5	22.0	3.12	44.37	0.9953	0.0958	-41.25
YMR147W_mRNA	8	1133.4	214.0	206.0	19.88	194.12	1.0	0.2036	-174.25
YMR148W_mRNA	55	478.3	59.25	74.0	6.84	52.42	1.0	0.129	-45.58
YMR149W_mRNA	258	647.2	148.12	147.0	17.75	130.37	1.0	0.2779	-112.62
YMR150C_mRNA	195	612.8	164.97	167.0	22.34	142.63	1.0	0.2896	-120.29
YMR151W_mRNA	12	307.2	52.08	15.0	0.75	51.33	1.0	0.1429	-50.58
YMR152W_mRNA	130	708.1	53.5	34.0	10.88	42.62	1.0	0.0865	-31.75
YMR153C-A_mRNA	46	861.9	45.48	43.0	3.37	42.11	1.0	0.0727	-38.74
YMR153W_mRNA	46	850.8	48.13	27.5	3.41	44.72	1.0	0.0737	-41.3
YMR154C_mRNA	27	763.7	56.56	66.0	5.67	50.89	1.0	0.1033	-45.22
YMR155W_mRNA	96	748.7	79.38	75.5	2.81	76.56	0.9896	0.1095	-73.75
YMR156C_mRNA	42	613.7	100.24	57.5	22.52	77.71	1.0	0.1408	-55.19
YMR157C_mRNA	84	609.6	43.55	17.0	3.76	39.79	1.0	0.0873	-36.02
YMR158C-A_mRNA	62	738.0	70.81	79.0	3.65	67.16	1.0	0.1229	-63.52
YMR158W_mRNA	306	514.5	55.08	62.5	4.59	50.49	0.9869	0.1112	-45.9
YMR160W_mRNA	42	653.9	83.24	68.5	10.95	72.29	0.9762	0.1429	-61.33
YMR161W_mRNA	583	662.0	58.95	65.0	4.58	54.36	0.9983	0.1053	-49.78
YMR162C_mRNA	64	599.2	125.48	97.5	1.83	123.66	1.0	0.2386	-121.83
YMR163C_mRNA	26	557.0	82.08	75.0	40.54	41.54	1.0	0.2357	-1.0
YMR164C_mRNA	55	761.3	356.87	382.0	104.13	252.75	1.0	0.5422	-148.62
YMR165C_mRNA	71	790.1	114.37	105.0	9.8	104.56	1.0	0.2102	-94.76
YMR166C_mRNA	56	709.4	48.09	60.0	4.61	43.48	1.0	0.0871	-38.88
YMR167W_mRNA	68	655.0	201.56	120.5	108.13	93.43	1.0	0.288	14.71
YMR168C_mRNA	37	882.4	311.14	235.0	82.68	228.46	0.973	0.2916	-145.78
YMR169C_mRNA	49	589.0	56.82	61.0	9.94	46.88	1.0	0.1266	-36.94
YMR170C_mRNA	53	750.0	74.74	46.0	13.94	60.79	0.9811	0.1481	-46.85
YMR171C_mRNA	67	506.8	53.13	53.0	12.46	40.67	0.9851	0.1345	-28.21
YMR172C-A_mRNA	8	356.0	111.12	47.0	1.5	109.62	1.0	0.262	-108.12
YMR172W_mRNA	12	587.9	113.08	91.0	0.67	112.42	1.0	0.2178	-111.75
YMR173W-A_mRNA	352	540.1	62.69	75.5	3.42	59.27	0.9886	0.135	-55.84
YMR173W_mRNA	290	1227.1	76.9	81.0	4.67	72.23	0.9793	0.0717	-67.57
YMR174C_mRNA	48	358.6	85.15	71.0	3.29	81.85	1.0	0.2125	-78.56
YMR175W-A_mRNA	5	471.4	278.8	311.0	187.0	91.8	1.0	0.5471	95.2
YMR175W_mRNA	10	425.8	233.5	183.0	98.8	134.7	1.0	0.4833	-35.9
YMR176W_mRNA	65	821.3	105.58	82.0	13.62	91.97	0.9846	0.1713	-78.35
YMR177W_mRNA	94	789.3	61.16	79.0	8.71	52.45	1.0	0.11	-43.73
YMR178W_mRNA	311	653.0	49.87	17.0	3.1	46.77	0.9904	0.083	-43.67
YMR179W_mRNA	50	683.1	145.9	136.0	10.26	135.64	1.0	0.2832	-125.38
YMR180C_mRNA	240	421.4	68.9	73.0	5.06	63.85	1.0	0.1711	-58.79
YMR181C_mRNA	153	602.3	58.72	75.0	7.44	51.28	1.0	0.1178	-43.84
YMR182C_mRNA	6	705.7	63.0	45.0	5.67	57.33	1.0	0.0856	-51.67
YMR182W-A_mRNA	141	428.4	154.5	173.0	2.25	152.25	1.0	0.3587	-150.0
YMR183C_mRNA	349	696.0	64.69	37.0	26.93	37.76	0.9628	0.1282	-10.83
YMR184W_mRNA	200	540.6	55.12	52.5	10.18	44.94	0.995	0.1047	-34.75
YMR185W_mRNA	84	989.4	93.04	74.0	2.02	91.01	0.9762	0.1347	-88.99
YMR186W_mRNA	2434	983.7	53.78	26.0	2.58	51.2	0.9893	0.075	-48.62
YMR187C_mRNA	47	567.7	57.17	76.0	7.04	50.13	1.0	0.1782	-43.09
YMR188C_mRNA	276	701.4	46.0	18.0	3.17	42.83	0.9855	0.0714	-39.67
YMR189W_mRNA	58	710.9	47.07	18.5	4.5	42.57	0.9828	0.1119	-38.07
YMR190C_mRNA	46	682.5	99.8	78.0	19.33	80.48	1.0	0.1737	-61.15
YMR191W_mRNA	149	720.2	190.61	198.0	4.77	185.84	1.0	0.33	-181.07
YMR192W_mRNA	105	577.9	52.2	15.0	2.49	49.71	0.9905	0.0974	-47.23
YMR193C-A_mRNA	5	507.8	267.8	225.0	56.0	211.8	1.0	0.4737	-155.8
YMR193W_mRNA	70	750.6	62.16	77.0	6.86	55.3	1.0	0.0837	-48.44
YMR194C-A_mRNA	8	363.6	60.25	50.0	1.38	58.88	1.0	0.1709	-57.5
YMR194C-B_mRNA	181	345.3	70.53	51.0	34.08	36.45	1.0	0.2068	-2.38
YMR194W_mRNA	4350	394.0	42.79	16.0	3.11	39.67	0.9805	0.101	-36.56
YMR195W_mRNA	372	509.2	55.19	69.0	4.5	50.69	0.9973	0.1157	-46.19
YMR196W_mRNA	68	741.1	52.82	46.0	1.59	51.24	1.0	0.1	-49.65
YMR197C_mRNA	287	526.2	49.33	28.0	2.42	46.91	0.9965	0.1056	-44.49
YMR198W_mRNA	31	552.3	91.94	68.0	11.32	80.61	0.9677	0.1625	-69.29
YMR199W_mRNA	152	615.7	58.71	70.0	8.76	49.95	0.9934	0.1294	-41.18
YMR200W_mRNA	458	686.5	50.79	58.5	3.12	47.67	0.9934	0.088	-44.54
YMR201C_mRNA	58	354.7	46.4	14.5	1.45	44.95	1.0	0.1261	-43.5
YMR202W_mRNA	1158	593.2	49.53	65.0	2.65	46.88	0.9974	0.095	-44.23
YMR203W_mRNA	320	784.5	50.09	64.5	2.3	47.79	0.9938	0.0913	-45.5
YMR204C_mRNA	27	514.7	43.96	25.0	2.96	41.0	1.0	0.1099	-38.04
YMR205C_mRNA	1141	778.8	52.38	65.0	2.76	49.63	0.993	0.0966	-46.87
YMR206W_mRNA	11	684.8	153.0	169.0	5.0	148.0	1.0	0.2465	-143.0
YMR207C_mRNA	44	796.0	124.2	133.0	16.61	107.59	1.0	0.2345	-90.98
YMR208W_mRNA	287	767.6	55.24	72.0	3.15	52.08	0.9861	0.0921	-48.93
YMR209C_mRNA	97	519.6	44.0	22.0	3.06	40.94	1.0	0.1179	-37.88
YMR210W_mRNA	115	690.1	52.86	55.0	4.5	48.36	1.0	0.1015	-43.85
YMR211W_mRNA	97	716.6	52.21	33.0	4.31	47.9	1.0	0.0936	-43.59
YMR212C_mRNA	326	843.2	54.0	65.5	3.48	50.52	0.9969	0.0882	-47.04
YMR213W_mRNA	32	484.5	41.97	11.5	10.34	31.62	1.0	0.1175	-21.28
YMR214W_mRNA	66	535.4	33.95	8.0	1.29	32.67	0.9697	0.0842	-31.38
YMR215W_mRNA	135	755.2	57.95	75.0	3.12	54.83	0.9926	0.1118	-51.71
YMR216C_mRNA	71	703.1	33.65	14.0	1.86	31.79	0.9859	0.0579	-29.93
YMR217W_mRNA	1378	749.7	51.74	35.0	8.85	42.89	0.9891	0.0959	-34.04
YMR218C_mRNA	99	1122.4	221.61	230.0	3.07	218.54	1.0	0.2535	-215.46
YMR219W_mRNA	63	745.8	100.02	76.0	4.02	96.0	0.9841	0.1994	-91.98
YMR220W_mRNA	283	780.1	46.23	18.0	2.49	43.74	0.9859	0.0827	-41.25
YMR221C_mRNA	170	623.7	65.19	75.5	2.06	63.14	1.0	0.1303	-61.08
YMR222C_mRNA	79	569.5	58.08	76.0	2.91	55.16	1.0	0.118	-52.25
YMR223W_mRNA	165	880.2	53.27	66.0	2.92	50.35	0.9939	0.0851	-47.42
YMR224C_mRNA	64	484.5	53.59	46.5	1.97	51.62	1.0	0.1199	-49.66
YMR225C_mRNA	126	432.5	61.01	18.5	16.04	44.97	0.9921	0.131	-28.93
YMR226C_mRNA	679	678.2	48.79	19.0	2.03	46.76	0.9985	0.0861	-44.73
YMR228W_mRNA	129	671.5	50.11	17.0	4.06	46.05	0.9922	0.0982	-41.98
YMR229C_mRNA	863	860.0	143.99	121.0	2.46	141.53	0.9954	0.2688	-139.07
YMR230W_mRNA	11509	439.3	40.85	13.0	2.9	37.95	0.9642	0.0883	-35.05
YMR231W_mRNA	64	862.7	59.86	67.0	2.05	57.81	1.0	0.1018	-55.77
YMR232W_mRNA	19	649.4	67.89	58.0	6.79	61.11	1.0	0.143	-54.32
YMR233W_mRNA	224	656.2	50.35	62.5	2.16	48.19	0.9688	0.0872	-46.03
YMR234W_mRNA	79	590.7	47.19	18.0	4.63	42.56	1.0	0.1026	-37.92
YMR235C_mRNA	357	458.2	38.41	12.0	1.43	36.98	0.9776	0.0995	-35.55
YMR236W_mRNA	130	462.6	42.29	13.5	2.63	39.66	0.9923	0.0928	-37.03
YMR237W_mRNA	306	770.9	54.31	30.0	1.89	52.42	0.9935	0.0899	-50.53
YMR238W_mRNA	420	713.2	54.25	69.0	4.94	49.31	0.9833	0.1024	-44.37
YMR239C_mRNA	104	974.8	269.58	296.0	8.51	261.07	0.9904	0.3077	-252.56
YMR240C_mRNA	26	524.9	30.42	15.0	2.35	28.08	1.0	0.0586	-25.73
YMR241W_mRNA	599	634.9	57.08	74.0	4.5	52.57	0.9967	0.1176	-48.07
YMR242C_mRNA	4634	546.2	48.15	19.0	4.0	44.15	0.9961	0.0937	-40.15
YMR243C_mRNA	349	694.1	45.3	22.0	3.25	42.06	0.9713	0.0874	-38.81
YMR244C-A_mRNA	221	433.9	42.98	18.0	4.24	38.74	0.9955	0.1007	-34.5
YMR245W_mRNA	18	272.9	41.61	14.5	2.06	39.56	0.9444	0.1377	-37.5
YMR246W_mRNA	704	865.2	111.4	65.5	65.47	45.93	0.9943	0.1717	19.54
YMR247C_mRNA	237	652.7	82.52	73.0	3.31	79.21	0.9831	0.1668	-75.9
YMR250W_mRNA	104	842.9	155.61	128.5	4.94	150.66	1.0	0.2778	-145.72
YMR251W-A_mRNA	12213	471.8	49.28	63.0	2.98	46.3	0.9979	0.1032	-43.32
YMR251W_mRNA	14	506.9	138.14	152.5	1.43	136.71	1.0	0.2888	-135.29
YMR252C_mRNA	76	585.8	56.5	30.0	14.99	41.51	1.0	0.1192	-26.53
YMR253C_mRNA	21	588.1	54.71	70.0	2.48	52.24	1.0	0.1019	-49.76
YMR255W_mRNA	166	510.8	50.67	16.0	9.14	41.54	1.0	0.1107	-32.4
YMR256C_mRNA	1615	390.8	50.04	67.0	2.33	47.72	0.9938	0.1222	-45.39
YMR257C_mRNA	61	684.2	81.57	68.0	7.87	73.7	1.0	0.1297	-65.84
YMR258C_mRNA	166	848.2	54.64	69.5	4.49	50.16	0.994	0.0951	-45.67
YMR259C_mRNA	157	748.7	54.97	36.0	7.68	47.29	0.9936	0.1017	-39.61
YMR260C_mRNA	2992	532.4	43.75	14.0	2.02	41.73	0.9906	0.0861	-39.71
YMR261C_mRNA	176	1026.7	65.84	77.0	2.88	62.96	0.9943	0.1155	-60.09
YMR262W_mRNA	38	621.9	48.29	32.5	6.87	41.42	1.0	0.0994	-34.55
YMR263W_mRNA	183	596.1	44.33	13.0	6.23	38.1	1.0	0.0825	-31.87
YMR264W_mRNA	191	591.3	42.84	14.0	3.26	39.58	1.0	0.0732	-36.32
YMR265C_mRNA	52	570.5	52.94	21.0	4.4	48.54	1.0	0.1335	-44.13
YMR266W_mRNA	310	1015.1	223.67	223.5	1.94	221.73	0.9935	0.337	-219.8
YMR267W_mRNA	106	747.9	60.75	67.5	7.27	53.48	1.0	0.0995	-46.21
YMR268C_mRNA	47	617.6	38.89	15.0	2.6	36.3	1.0	0.0991	-33.7
YMR269W_mRNA	25	335.6	49.92	27.0	1.96	47.96	1.0	0.1368	-46.0
YMR270C_mRNA	143	706.0	44.53	18.0	3.8	40.73	0.986	0.0793	-36.94
YMR271C_mRNA	193	485.4	57.19	67.0	8.27	48.92	1.0	0.1366	-40.64
YMR272C_mRNA	250	735.5	66.92	72.0	16.79	50.13	0.988	0.1319	-33.34
YMR273C_mRNA	71	692.1	45.8	12.0	3.45	42.35	1.0	0.0798	-38.9
YMR274C_mRNA	46	563.2	67.65	20.5	19.26	48.39	0.9783	0.1164	-29.13
YMR275C_mRNA	131	804.8	44.24	16.0	2.18	42.06	0.9847	0.0773	-39.88
YMR276W_mRNA	255	841.5	56.75	76.0	3.51	53.25	0.9922	0.0857	-49.74
YMR277W_mRNA	44	667.2	51.84	46.0	1.93	49.91	1.0	0.1145	-47.98
YMR278W_mRNA	71	1019.9	50.59	61.0	2.94	47.65	0.9859	0.068	-44.7
YMR279C_mRNA	13	1253.7	463.23	378.0	63.38	399.85	1.0	0.4352	-336.46
YMR280C_mRNA	41	922.6	170.49	95.0	65.85	104.63	1.0	0.2014	-38.78
YMR281W_mRNA	140	563.3	51.17	64.0	2.88	48.29	0.9857	0.1052	-45.41
YMR282C_mRNA	87	730.2	75.18	62.0	30.38	44.8	0.9885	0.1061	-14.43
YMR283C_mRNA	77	725.3	120.0	92.0	3.71	116.29	0.987	0.2375	-112.57
YMR284W_mRNA	159	936.2	52.43	67.0	4.37	48.06	0.9937	0.0843	-43.69
YMR285C_mRNA	61	738.2	49.3	47.0	3.16	46.13	1.0	0.0827	-42.97
YMR286W_mRNA	320	408.4	43.71	16.0	2.92	40.79	0.9719	0.1005	-37.87
YMR287C_mRNA	74	724.8	50.69	34.5	3.5	47.19	1.0	0.0987	-43.69
YMR288W_mRNA	47	951.0	51.45	62.0	1.96	49.49	1.0	0.0826	-47.53
YMR289W_mRNA	208	491.7	47.09	63.0	2.73	44.36	0.9904	0.1179	-41.62
YMR290C_mRNA	331	907.1	50.53	48.0	3.38	47.15	0.9909	0.0747	-43.77
YMR290W-A_mRNA	5	215.6	91.0	52.0	57.2	33.8	1.0	0.3217	23.4
YMR291W_mRNA	59	571.7	59.68	70.0	10.15	49.53	0.9661	0.1285	-39.37
YMR292W_mRNA	286	439.6	52.49	65.0	4.33	48.17	0.9965	0.1193	-43.84
YMR293C_mRNA	32	683.2	57.41	72.0	2.47	54.94	1.0	0.0921	-52.47
YMR294W_mRNA	25	771.2	37.28	9.0	1.4	35.88	1.0	0.0534	-34.48
YMR295C_mRNA	497	661.0	57.54	46.0	17.17	40.37	0.9879	0.09	-23.21
YMR296C_mRNA	331	874.3	54.54	74.0	2.63	51.91	1.0	0.0951	-49.28
YMR297W_mRNA	662	762.9	55.55	72.0	3.97	51.57	0.9955	0.1004	-47.6
YMR298W_mRNA	246	535.4	43.13	18.0	2.85	40.27	0.9878	0.0843	-37.42
YMR299C_mRNA	287	531.2	43.67	27.0	2.03	41.64	0.9791	0.0856	-39.61
YMR300C_mRNA	217	899.9	52.99	42.0	1.89	51.09	1.0	0.0904	-49.2
YMR301C_mRNA	85	764.2	74.34	28.0	2.99	71.35	0.9882	0.1286	-68.36
YMR302C_mRNA	167	704.7	66.43	70.0	11.99	54.44	0.988	0.1286	-42.44
YMR303C_mRNA	33	433.5	100.85	86.0	56.94	43.91	1.0	0.2782	13.03
YMR304C-A_mRNA	143	265.2	88.88	81.0	41.2	47.68	1.0	0.2989	-6.48
YMR304W_mRNA	64	710.3	182.81	190.5	7.22	175.59	0.9844	0.3869	-168.38
YMR305C_mRNA	1289	814.6	58.57	75.0	4.02	54.55	0.9907	0.0888	-50.53
YMR306C-A_mRNA	8	635.6	397.5	430.0	10.75	386.75	1.0	0.6477	-376.0
YMR306W_mRNA	34	844.9	132.59	47.0	6.68	125.91	1.0	0.1488	-119.24
YMR307W_mRNA	2432	826.9	51.86	67.0	3.46	48.4	0.9905	0.0966	-44.94
YMR308C_mRNA	523	849.3	64.34	69.0	4.35	59.99	0.9924	0.1108	-55.65
YMR309C_mRNA	851	889.2	58.91	75.0	4.24	54.67	0.9953	0.0966	-50.43
YMR310C_mRNA	78	646.9	52.96	70.5	3.68	49.28	1.0	0.1111	-45.6
YMR311C_mRNA	84	450.0	39.06	19.5	1.46	37.6	0.9762	0.1057	-36.13
YMR312W_mRNA	200	583.6	49.99	65.5	2.73	47.26	0.99	0.0975	-44.53
YMR313C_mRNA	78	781.7	47.62	18.0	2.06	45.55	1.0	0.0951	-43.49
YMR314W_mRNA	608	620.9	41.89	13.0	3.15	38.74	0.9786	0.0842	-35.59
YMR315W_mRNA	370	723.1	70.66	72.0	11.23	59.43	0.9865	0.1152	-48.2
YMR316C-A_mRNA	66	238.9	51.52	16.0	2.85	48.67	0.9848	0.1665	-45.82
YMR316C-B_mRNA	29	571.0	106.66	23.0	6.38	100.28	1.0	0.1562	-93.9
YMR316W_mRNA	666	788.5	66.82	68.0	7.06	59.76	0.9955	0.0932	-52.7
YMR317W_mRNA	26	521.7	193.35	185.5	12.0	181.35	1.0	0.3629	-169.35
YMR318C_mRNA	739	724.4	49.44	20.0	5.06	44.38	0.9905	0.0923	-39.32
YMR319C_mRNA	361	719.4	53.89	67.0	5.15	48.74	0.9945	0.0986	-43.59
YMR320W_mRNA	29	477.7	283.55	285.0	217.28	66.28	1.0	0.5588	151.0
YNCO0025W_mRNA	24	395.3	255.62	284.5	27.25	228.38	1.0	0.5783	-201.12
YNCP0005C_mRNA	7	395.9	271.0	287.0	10.43	260.57	1.0	0.6572	-250.14
YNCQ0006W_mRNA	179	606.9	165.49	76.0	114.63	50.85	0.9609	0.2026	63.78
YNL001W_mRNA	257	850.8	50.04	31.0	2.57	47.47	0.9844	0.0696	-44.91
YNL002C_mRNA	803	589.3	38.94	13.0	2.27	36.68	0.9963	0.0831	-34.41
YNL003C_mRNA	171	585.6	52.69	63.0	2.77	49.92	0.9942	0.103	-47.15
YNL004W_mRNA	201	702.0	46.79	14.0	2.38	44.4	0.995	0.0812	-42.02
YNL005C_mRNA	238	533.5	47.37	23.5	4.17	43.19	0.9916	0.1129	-39.02
YNL006W_mRNA	1298	731.7	47.89	60.0	2.77	45.12	0.9923	0.0812	-42.34
YNL007C_mRNA	3437	675.3	51.69	64.0	2.81	48.88	0.9904	0.0971	-46.07
YNL008C_mRNA	110	623.8	102.15	76.5	52.14	50.02	1.0	0.1655	2.12
YNL009W_mRNA	60	588.8	63.92	51.5	5.17	58.75	0.9833	0.1347	-53.58
YNL010W_mRNA	1129	664.7	45.05	16.0	2.45	42.6	0.992	0.0762	-40.15
YNL011C_mRNA	100	701.7	68.32	32.0	25.29	43.03	0.99	0.1331	-17.74
YNL012W_mRNA	119	653.0	207.0	195.0	7.28	199.72	1.0	0.3502	-192.45
YNL015W_mRNA	688	448.2	236.29	224.0	34.17	202.12	0.9985	0.5238	-167.96
YNL016W_mRNA	672	835.7	51.48	59.0	3.63	47.85	0.9836	0.0872	-44.21
YNL018C_mRNA	7	741.6	130.86	196.0	17.71	113.14	1.0	0.1705	-95.43
YNL020C_mRNA	92	749.9	56.42	15.5	15.25	41.17	1.0	0.0874	-25.92
YNL021W_mRNA	77	878.1	65.27	24.0	5.44	59.83	0.987	0.0887	-54.39
YNL022C_mRNA	101	674.5	42.13	15.0	1.84	40.29	0.9901	0.0833	-38.45
YNL023C_mRNA	146	622.9	117.14	96.0	64.79	52.35	1.0	0.2647	12.44
YNL024C-A_mRNA	611	457.1	49.04	48.0	7.05	42.0	0.9951	0.1117	-34.95
YNL024C_mRNA	98	594.1	61.87	71.5	5.68	56.18	1.0	0.1126	-50.5
YNL025C_mRNA	123	629.1	55.47	70.0	5.26	50.21	1.0	0.1131	-44.95
YNL026W_mRNA	97	783.0	68.79	72.0	1.93	66.87	0.9897	0.1153	-64.94
YNL027W_mRNA	141	645.0	50.33	23.0	5.19	45.13	0.9858	0.092	-39.94
YNL029C_mRNA	53	610.9	58.72	51.0	6.64	52.08	1.0	0.1488	-45.43
YNL030W_mRNA	5152	466.2	53.51	34.0	2.02	51.49	0.9971	0.1162	-49.47
YNL031C_mRNA	2461	526.6	43.77	18.0	2.56	41.21	0.9955	0.0943	-38.65
YNL032W_mRNA	3056	549.5	43.93	17.0	2.62	41.31	0.9957	0.0921	-38.69
YNL033W_mRNA	7	646.6	280.0	187.0	2.57	277.43	1.0	0.3717	-274.86
YNL034W_mRNA	5	859.0	189.8	207.0	7.0	182.8	1.0	0.277	-175.8
YNL035C_mRNA	150	635.5	51.43	19.0	10.39	41.03	0.9733	0.1173	-30.64
YNL036W_mRNA	351	488.1	47.69	42.0	3.02	44.67	0.9658	0.1	-41.65
YNL037C_mRNA	321	747.1	57.79	71.0	3.4	54.4	0.9938	0.1068	-51.0
YNL038W_mRNA	218	662.6	48.94	50.0	1.67	47.28	0.9771	0.0809	-45.61
YNL039W_mRNA	48	677.1	38.23	11.0	1.23	37.0	1.0	0.0684	-35.77
YNL040W_mRNA	253	776.4	54.06	59.0	4.53	49.53	0.996	0.0911	-45.0
YNL041C_mRNA	104	930.4	184.22	188.0	9.4	174.82	0.9904	0.2574	-165.41
YNL042W-B_mRNA	6	304.7	134.0	73.0	44.5	89.5	1.0	0.3582	-45.0
YNL042W_mRNA	65	615.7	72.98	78.0	23.06	49.92	0.9692	0.1965	-26.86
YNL043C_mRNA	102	476.8	63.65	76.0	5.96	57.69	1.0	0.138	-51.73
YNL044W_mRNA	368	657.0	57.73	74.0	2.76	54.97	1.0	0.097	-52.21
YNL045W_mRNA	248	834.9	51.89	64.5	1.98	49.92	0.9879	0.0868	-47.94
YNL046W_mRNA	99	514.7	55.74	72.0	3.17	52.57	0.9899	0.1229	-49.39
YNL047C_mRNA	56	673.2	49.23	64.0	1.11	48.12	0.9821	0.1322	-47.02
YNL048W_mRNA	163	771.9	46.83	13.0	5.5	41.33	0.9939	0.0826	-35.83
YNL049C_mRNA	153	720.2	41.73	14.0	4.78	36.95	1.0	0.0817	-32.17
YNL050C_mRNA	52	480.5	43.37	13.0	5.87	37.5	1.0	0.0962	-31.63
YNL051W_mRNA	115	693.2	61.02	67.0	5.17	55.84	0.9826	0.1085	-50.67
YNL052W_mRNA	593	601.9	52.79	66.0	2.48	50.32	0.9966	0.0999	-47.84
YNL053W_mRNA	85	663.1	62.69	71.0	7.58	55.12	1.0	0.1397	-47.54
YNL054W-B_mRNA	1831	1095.6	321.39	332.0	2.48	318.91	0.9929	0.3297	-316.43
YNL054W_mRNA	49	541.5	253.2	269.0	2.76	250.45	1.0	0.4942	-247.69
YNL055C_mRNA	1627	687.1	59.7	75.0	3.82	55.89	0.9957	0.103	-52.07
YNL056W_mRNA	174	557.5	49.57	45.0	2.42	47.16	0.9655	0.1006	-44.74
YNL058C_mRNA	220	676.7	60.1	55.5	8.78	51.31	0.9955	0.1081	-42.53
YNL059C_mRNA	70	643.4	51.57	36.0	1.69	49.89	0.9714	0.0992	-48.2
YNL061W_mRNA	675	766.8	54.81	67.0	3.28	51.53	0.9911	0.0998	-48.25
YNL062C_mRNA	129	768.8	44.63	24.0	3.0	41.63	0.9612	0.0736	-38.63
YNL063W_mRNA	102	617.3	48.95	22.5	2.47	46.48	1.0	0.1031	-44.01
YNL064C_mRNA	1831	719.0	48.37	40.0	2.37	46.01	0.988	0.0865	-43.64
YNL065W_mRNA	52	547.2	52.77	69.5	4.38	48.38	1.0	0.1289	-44.0
YNL066W_mRNA	387	849.5	68.44	76.0	10.25	58.19	1.0	0.1101	-47.94
YNL067W_mRNA	3970	682.9	47.14	29.0	2.99	44.15	0.9851	0.0769	-41.16
YNL068C_mRNA	83	658.8	60.04	26.0	13.88	46.16	0.988	0.107	-32.28
YNL069C_mRNA	4355	595.7	44.41	16.0	2.81	41.6	0.9897	0.0874	-38.78
YNL070W_mRNA	1484	384.4	58.74	75.0	4.04	54.7	0.9987	0.1466	-50.65
YNL071W_mRNA	426	783.1	59.23	62.5	3.0	56.23	0.9953	0.1095	-53.22
YNL072W_mRNA	33	576.6	62.24	66.0	1.79	60.45	1.0	0.1383	-58.67
YNL073W_mRNA	36	646.0	52.03	16.5	2.36	49.67	1.0	0.1168	-47.31
YNL074C_mRNA	100	781.2	49.84	65.5	2.98	46.86	0.98	0.0833	-43.88
YNL075W_mRNA	203	633.8	29.94	6.0	2.22	27.72	0.9507	0.0566	-25.5
YNL076W_mRNA	27	596.4	116.67	111.0	11.33	105.33	1.0	0.2754	-94.0
YNL077W_mRNA	368	672.8	107.33	100.5	11.31	96.02	1.0	0.2052	-84.71
YNL078W_mRNA	97	593.3	42.73	18.0	1.67	41.06	1.0	0.0962	-39.39
YNL079C_mRNA	1096	515.7	43.85	16.0	2.2	41.65	0.9991	0.0948	-39.46
YNL080C_mRNA	75	565.6	38.77	14.0	4.09	34.68	1.0	0.0833	-30.59
YNL081C_mRNA	284	537.7	65.82	76.5	3.01	62.8	1.0	0.1316	-59.79
YNL082W_mRNA	49	665.4	62.51	80.0	2.43	60.08	1.0	0.1225	-57.65
YNL083W_mRNA	104	596.7	43.88	21.5	3.62	40.26	1.0	0.0962	-36.63
YNL084C_mRNA	467	760.3	49.35	20.0	3.64	45.72	0.9979	0.0819	-42.08
YNL085W_mRNA	464	837.0	48.48	19.0	2.76	45.72	0.9763	0.0783	-42.95
YNL086W_mRNA	45	472.9	71.98	76.0	2.29	69.69	1.0	0.1592	-67.4
YNL087W_mRNA	513	732.7	47.67	19.0	3.61	44.05	0.9844	0.083	-40.44
YNL088W_mRNA	43	1633.2	178.95	169.0	2.02	176.93	0.9535	0.1277	-174.91
YNL090W_mRNA	211	622.8	48.77	43.0	3.1	45.66	0.9953	0.0863	-42.56
YNL091W_mRNA	103	849.5	60.96	73.0	2.97	57.99	1.0	0.0973	-55.02
YNL092W_mRNA	25	538.3	89.36	77.0	9.96	79.4	0.96	0.1827	-69.44
YNL093W_mRNA	11	825.0	400.27	352.0	19.18	381.09	1.0	0.4974	-361.91
YNL094W_mRNA	90	814.9	41.64	16.0	1.28	40.37	0.9333	0.0761	-39.09
YNL095C_mRNA	43	622.5	67.26	76.0	12.02	55.23	1.0	0.1407	-43.21
YNL096C_mRNA	3187	535.6	43.11	13.0	3.55	39.55	0.9896	0.0932	-36.0
YNL097C_mRNA	53	488.3	84.17	91.0	14.15	70.02	1.0	0.2095	-55.87
YNL098C_mRNA	211	596.0	55.25	66.0	3.08	52.17	1.0	0.1161	-49.09
YNL099C_mRNA	143	584.3	51.87	25.0	3.1	48.78	0.986	0.1	-45.68
YNL100W_mRNA	252	676.0	52.95	42.0	4.18	48.77	0.9921	0.0882	-44.6
YNL101W_mRNA	193	698.6	56.01	72.0	2.4	53.61	1.0	0.1106	-51.21
YNL102W_mRNA	116	694.2	117.28	97.5	2.93	114.35	0.9914	0.2439	-111.42
YNL103W-A_mRNA	44	366.6	115.41	108.5	74.41	41.0	0.9318	0.3006	33.41
YNL103W_mRNA	98	691.1	63.78	72.5	10.41	53.37	1.0	0.1441	-42.96
YNL104C_mRNA	926	827.1	47.01	23.5	2.46	44.55	0.987	0.0817	-42.1
YNL106C_mRNA	31	745.6	122.58	134.0	4.42	118.16	1.0	0.2144	-113.74
YNL107W_mRNA	142	687.2	60.05	46.0	1.98	58.07	0.993	0.0985	-56.09
YNL108C_mRNA	129	544.7	55.24	67.0	5.88	49.36	1.0	0.1244	-43.49
YNL109W_mRNA	49	680.1	48.1	24.0	0.94	47.16	0.9796	0.078	-46.22
YNL110C_mRNA	749	599.4	38.46	11.0	2.09	36.36	0.992	0.0721	-34.27
YNL111C_mRNA	578	527.6	50.93	67.0	3.05	47.88	0.9844	0.1051	-44.83
YNL112W_mRNA	547	785.2	49.0	16.0	2.6	46.4	0.9707	0.0931	-43.81
YNL113W_mRNA	475	499.3	46.34	19.0	2.69	43.65	0.9853	0.0983	-40.96
YNL115C_mRNA	56	490.2	39.54	11.0	3.05	36.48	1.0	0.1005	-33.43
YNL116W_mRNA	35	1008.3	48.06	31.0	6.57	41.49	1.0	0.0724	-34.91
YNL117W_mRNA	26	525.8	100.08	98.5	11.88	88.19	1.0	0.2212	-76.31
YNL118C_mRNA	219	819.3	57.61	73.0	2.52	55.09	0.9863	0.0961	-52.58
YNL119W_mRNA	108	828.0	58.29	75.0	2.65	55.64	1.0	0.0829	-52.99
YNL121C_mRNA	516	715.7	54.75	68.0	3.23	51.52	0.9942	0.0972	-48.29
YNL122C_mRNA	301	479.6	213.01	212.0	2.25	210.76	1.0	0.4416	-208.51
YNL123W_mRNA	216	744.2	50.27	24.0	6.39	43.88	0.9954	0.0981	-37.49
YNL124W_mRNA	147	651.0	50.05	18.0	2.99	47.05	0.9796	0.1045	-44.06
YNL125C_mRNA	239	710.6	55.63	71.0	2.69	52.94	0.9958	0.1113	-50.25
YNL126W_mRNA	54	638.4	144.19	135.0	8.17	136.02	1.0	0.2715	-127.85
YNL127W_mRNA	113	754.0	88.29	81.0	1.72	86.58	1.0	0.1695	-84.86
YNL128W_mRNA	13	534.2	178.23	176.0	28.46	149.77	1.0	0.3751	-121.31
YNL129W_mRNA	201	714.7	52.45	35.0	7.16	45.29	0.9851	0.0766	-38.12
YNL130C_mRNA	308	718.9	63.87	72.0	3.68	60.19	0.9935	0.1131	-56.51
YNL131W_mRNA	560	594.5	55.47	74.0	2.02	53.45	1.0	0.1091	-51.43
YNL132W_mRNA	442	727.3	45.09	19.0	2.6	42.49	0.9977	0.0829	-39.9
YNL133C_mRNA	80	470.0	74.92	77.0	9.57	65.35	1.0	0.1655	-55.78
YNL134C_mRNA	715	773.1	60.63	66.0	2.67	57.95	0.9972	0.0976	-55.28
YNL135C_mRNA	4355	501.7	49.26	29.0	6.03	43.23	0.9979	0.0966	-37.19
YNL136W_mRNA	45	329.8	40.82	21.0	2.4	38.42	1.0	0.1459	-36.02
YNL137C_mRNA	126	729.6	55.27	72.0	1.94	53.33	1.0	0.1018	-51.38
YNL138W-A_mRNA	109	438.8	59.63	19.0	20.44	39.19	1.0	0.1211	-18.75
YNL138W_mRNA	422	757.3	53.62	69.0	3.44	50.18	0.9976	0.0946	-46.75
YNL139C_mRNA	25	659.6	54.96	74.0	3.84	51.12	0.92	0.1081	-47.28
YNL140C_mRNA	182	375.8	45.52	52.0	2.39	43.13	0.9945	0.1383	-40.74
YNL141W_mRNA	387	756.4	54.77	66.0	4.02	50.75	0.9897	0.0894	-46.73
YNL142W_mRNA	283	762.5	48.85	61.0	3.05	45.8	0.9859	0.0934	-42.74
YNL143C_mRNA	37	564.4	451.49	458.0	4.0	447.49	1.0	0.7957	-443.49
YNL144C_mRNA	49	536.3	141.39	133.0	1.08	140.31	0.9796	0.2882	-139.22
YNL146W_mRNA	25	444.8	79.48	76.0	2.92	76.56	0.96	0.1707	-73.64
YNL147W_mRNA	500	463.9	64.13	53.5	1.55	62.58	0.998	0.1319	-61.03
YNL148C_mRNA	321	432.5	51.59	46.0	8.51	43.07	0.9907	0.1194	-34.56
YNL149C_mRNA	298	509.5	48.92	29.5	1.79	47.14	1.0	0.0936	-45.35
YNL150W_mRNA	140	291.3	41.58	20.0	2.17	39.41	1.0	0.138	-37.24
YNL151C_mRNA	52	299.1	38.71	7.5	1.21	37.5	0.9808	0.1134	-36.29
YNL152W_mRNA	34	817.2	60.53	56.5	1.5	59.03	0.9706	0.1068	-57.53
YNL153C_mRNA	541	545.4	46.87	25.0	1.37	45.49	0.9889	0.0877	-44.12
YNL154C_mRNA	182	847.2	56.4	73.0	2.16	54.23	0.9835	0.0967	-52.07
YNL155W_mRNA	413	708.8	46.57	16.0	5.26	41.3	0.9903	0.0721	-36.04
YNL156C_mRNA	295	694.1	46.18	32.0	3.44	42.74	0.9966	0.0898	-39.3
YNL157W_mRNA	619	561.5	51.18	24.0	2.64	48.54	0.9968	0.0963	-45.89
YNL158W_mRNA	7	346.7	47.43	33.0	17.57	29.86	1.0	0.1422	-12.29
YNL159C_mRNA	159	670.2	53.75	67.0	2.42	51.33	1.0	0.1159	-48.92
YNL160W_mRNA	413	774.6	68.77	72.0	15.2	53.57	0.9879	0.1113	-38.37
YNL161W_mRNA	232	716.1	83.93	61.5	44.31	39.62	0.9957	0.1671	4.69
YNL162W-A_mRNA	66	524.4	67.73	28.5	21.67	46.06	1.0	0.1234	-24.39
YNL162W_mRNA	8492	422.6	44.18	15.0	5.09	39.09	0.9974	0.0974	-34.0
YNL163C_mRNA	143	713.5	44.76	14.0	1.69	43.08	1.0	0.0848	-41.39
YNL164C_mRNA	112	597.0	43.56	19.5	1.82	41.74	0.9732	0.0808	-39.92
YNL165W_mRNA	52	787.0	60.73	76.0	1.96	58.77	1.0	0.1035	-56.81
YNL166C_mRNA	98	589.9	52.39	36.5	2.12	50.27	1.0	0.1115	-48.14
YNL167C_mRNA	154	740.3	59.3	69.0	7.81	51.49	0.9935	0.0997	-43.68
YNL168C_mRNA	219	631.9	62.36	70.0	1.58	60.78	0.9954	0.1196	-59.2
YNL169C_mRNA	94	864.8	65.03	14.0	26.81	38.22	0.9681	0.0739	-11.41
YNL170W_mRNA	26	283.4	81.65	80.5	28.54	53.12	1.0	0.2561	-24.58
YNL171C_mRNA	36	479.2	200.5	202.5	17.03	183.47	1.0	0.4111	-166.44
YNL172W_mRNA	32	1334.4	255.09	307.0	3.59	251.5	1.0	0.2106	-247.91
YNL173C_mRNA	111	580.0	56.08	27.0	5.59	50.5	1.0	0.1102	-44.91
YNL175C_mRNA	335	762.7	53.93	33.0	4.06	49.87	0.994	0.0874	-45.81
YNL176C_mRNA	172	625.6	52.26	71.0	3.61	48.65	1.0	0.1044	-45.03
YNL177C_mRNA	118	630.0	44.6	14.0	2.76	41.84	0.9915	0.0914	-39.08
YNL178W_mRNA	18492	650.8	44.17	17.0	2.81	41.36	0.9964	0.0737	-38.55
YNL180C_mRNA	232	619.8	49.49	23.5	2.74	46.75	1.0	0.0926	-44.01
YNL181W_mRNA	104	842.7	56.89	42.0	6.05	50.85	1.0	0.0778	-44.8
YNL182C_mRNA	234	809.4	57.39	42.0	1.73	55.67	0.9957	0.096	-53.94
YNL183C_mRNA	107	805.9	63.32	73.0	4.02	59.3	1.0	0.1116	-55.28
YNL185C_mRNA	111	475.9	47.87	21.0	2.33	45.54	0.982	0.1005	-43.21
YNL186W_mRNA	161	765.4	57.87	73.0	4.07	53.8	0.9938	0.1052	-49.73
YNL187W_mRNA	10	853.6	62.4	81.0	0.4	62.0	1.0	0.092	-61.6
YNL188W_mRNA	42	646.0	65.33	76.0	4.21	61.12	1.0	0.132	-56.9
YNL189W_mRNA	558	672.8	47.76	27.0	2.37	45.39	0.9946	0.0939	-43.02
YNL190W_mRNA	646	720.8	51.17	38.0	4.72	46.45	0.9954	0.0864	-41.73
YNL191W_mRNA	57	670.8	44.23	19.0	5.05	39.18	1.0	0.0746	-34.12
YNL192W_mRNA	779	952.4	135.46	130.0	3.95	131.5	0.9987	0.2228	-127.55
YNL193W_mRNA	61	585.1	44.43	12.0	6.97	37.46	1.0	0.1053	-30.49
YNL194C_mRNA	11	640.4	215.18	221.0	21.82	193.36	1.0	0.3625	-171.55
YNL195C_mRNA	32	465.5	167.72	164.5	6.28	161.44	1.0	0.368	-155.16
YNL196C_mRNA	18	569.1	89.39	88.5	25.83	63.56	1.0	0.1736	-37.72
YNL197C_mRNA	125	683.5	49.83	63.0	2.7	47.14	1.0	0.0968	-44.44
YNL199C_mRNA	94	605.5	48.2	18.0	2.06	46.14	1.0	0.1004	-44.07
YNL200C_mRNA	85	664.5	45.79	28.0	2.24	43.55	0.9529	0.0759	-41.32
YNL201C_mRNA	92	1053.6	220.01	224.5	12.24	207.77	1.0	0.2532	-195.53
YNL202W_mRNA	52	418.2	97.27	87.0	43.48	53.79	1.0	0.2441	-10.31
YNL204C_mRNA	8	729.2	193.12	75.5	118.62	74.5	0.875	0.1779	44.12
YNL206C_mRNA	46	837.5	65.39	74.0	4.85	60.54	1.0	0.114	-55.7
YNL207W_mRNA	81	577.6	47.42	29.0	2.51	44.91	0.963	0.1072	-42.41
YNL208W_mRNA	651	549.0	48.09	31.0	2.57	45.52	0.9585	0.0937	-42.94
YNL209W_mRNA	2780	953.6	43.29	15.0	2.69	40.61	0.9576	0.068	-37.92
YNL210W_mRNA	6	492.0	43.0	42.5	2.67	40.33	1.0	0.0843	-37.67
YNL211C_mRNA	165	490.0	79.98	81.0	1.84	78.15	1.0	0.1678	-76.31
YNL212W_mRNA	150	914.7	53.31	66.5	2.23	51.07	0.98	0.0887	-48.84
YNL213C_mRNA	107	514.3	44.09	14.0	5.16	38.93	0.9813	0.1008	-33.78
YNL214W_mRNA	105	669.3	54.26	71.0	2.7	51.55	1.0	0.0932	-48.85
YNL215W_mRNA	35	336.3	30.94	12.0	3.74	27.2	1.0	0.0942	-23.46
YNL216W_mRNA	52	849.5	47.04	18.5	2.33	44.71	1.0	0.0796	-42.38
YNL217W_mRNA	665	705.7	45.31	16.0	2.13	43.18	0.991	0.0761	-41.05
YNL218W_mRNA	38	726.8	57.79	56.5	11.68	46.11	1.0	0.1135	-34.42
YNL219C_mRNA	129	811.4	58.0	72.0	7.46	50.54	0.9922	0.1047	-43.09
YNL220W_mRNA	521	738.9	46.59	16.0	3.01	43.58	0.9866	0.0858	-40.57
YNL221C_mRNA	103	687.5	73.83	75.0	3.63	70.2	1.0	0.1568	-66.57
YNL222W_mRNA	153	622.2	62.9	72.0	7.35	55.54	0.9935	0.1109	-48.19
YNL223W_mRNA	55	597.3	51.04	12.0	1.98	49.05	0.9818	0.0865	-47.07
YNL224C_mRNA	113	649.2	47.27	17.0	5.83	41.43	0.9912	0.0827	-35.6
YNL225C_mRNA	97	752.9	70.21	74.0	2.05	68.15	0.9794	0.1293	-66.1
YNL227C_mRNA	26	485.9	66.38	40.0	21.27	45.12	1.0	0.1466	-23.85
YNL229C_mRNA	149	728.3	262.32	243.0	38.49	223.83	0.9933	0.4188	-185.34
YNL230C_mRNA	30	505.4	60.8	69.5	3.93	56.87	1.0	0.1694	-52.93
YNL231C_mRNA	498	712.2	48.59	23.0	2.3	46.29	0.996	0.0835	-43.99
YNL232W_mRNA	147	657.9	47.44	21.0	1.88	45.56	1.0	0.0875	-43.67
YNL233W_mRNA	59	642.1	50.03	29.0	3.34	46.69	1.0	0.1036	-43.36
YNL234W_mRNA	56	784.1	59.68	78.5	2.79	56.89	1.0	0.12	-54.11
YNL235C_mRNA	38	261.3	25.87	7.0	2.29	23.58	0.9737	0.0922	-21.29
YNL236W_mRNA	75	740.1	44.89	17.0	2.19	42.71	1.0	0.0781	-40.52
YNL237W_mRNA	25	562.4	159.08	220.0	27.24	131.84	1.0	0.3087	-104.6
YNL238W_mRNA	142	744.0	71.28	79.5	9.58	61.7	1.0	0.1439	-52.11
YNL239W_mRNA	237	863.8	62.14	74.0	2.44	59.69	0.9916	0.11	-57.25
YNL240C_mRNA	82	603.9	54.3	30.0	2.6	51.71	0.9878	0.1139	-49.11
YNL241C_mRNA	341	889.7	46.86	19.0	2.39	44.48	0.9795	0.0732	-42.09
YNL242W_mRNA	45	625.0	73.67	69.0	6.91	66.76	1.0	0.1628	-59.84
YNL243W_mRNA	175	781.3	46.86	20.0	2.59	44.26	0.9943	0.09	-41.67
YNL244C_mRNA	3246	460.8	40.15	13.0	1.64	38.51	0.9975	0.0869	-36.87
YNL245C_mRNA	67	513.7	52.28	67.0	5.96	46.33	1.0	0.1227	-40.37
YNL246W_mRNA	73	561.7	45.73	21.0	3.08	42.64	0.9863	0.1169	-39.56
YNL247W_mRNA	294	650.3	35.71	10.0	1.25	34.46	0.983	0.0762	-33.21
YNL248C_mRNA	600	824.5	46.47	18.0	2.27	44.2	0.9567	0.0711	-41.93
YNL249C_mRNA	132	711.4	77.73	75.0	21.11	56.62	1.0	0.1259	-35.51
YNL250W_mRNA	30	1015.3	175.83	153.5	1.27	174.57	0.9667	0.155	-173.3
YNL251C_mRNA	167	587.4	52.73	68.0	3.51	49.22	0.988	0.1281	-45.7
YNL252C_mRNA	131	573.3	47.08	23.0	1.76	45.31	0.9695	0.0954	-43.55
YNL253W_mRNA	105	931.1	57.1	67.0	6.5	50.6	1.0	0.0777	-44.1
YNL254C_mRNA	7	746.1	192.14	85.0	2.29	189.86	1.0	0.3195	-187.57
YNL255C_mRNA	3782	650.3	71.04	74.0	2.01	69.03	0.9971	0.1147	-67.01
YNL256W_mRNA	199	702.0	58.02	72.0	6.17	51.85	0.9849	0.134	-45.68
YNL257C_mRNA	63	775.7	86.22	82.0	2.24	83.98	1.0	0.1874	-81.75
YNL258C_mRNA	93	961.9	44.77	19.0	1.55	43.23	0.9677	0.0528	-41.68
YNL259C_mRNA	506	395.2	58.73	38.0	1.86	56.87	0.998	0.1509	-55.01
YNL261W_mRNA	273	679.7	72.47	75.0	27.3	45.17	0.9927	0.1224	-17.87
YNL262W_mRNA	55	832.7	129.93	143.0	2.2	127.73	0.9818	0.2516	-125.53
YNL263C_mRNA	183	715.6	49.55	66.0	2.56	46.99	1.0	0.09	-44.43
YNL264C_mRNA	144	601.4	47.12	25.5	3.19	43.94	1.0	0.1049	-40.75
YNL265C_mRNA	98	601.4	44.52	14.0	5.99	38.53	0.9898	0.0874	-32.54
YNL267W_mRNA	109	768.6	82.91	89.0	2.59	80.32	0.9908	0.1285	-77.73
YNL268W_mRNA	552	656.3	46.67	19.0	3.34	43.33	0.9946	0.0964	-39.99
YNL271C_mRNA	124	707.0	171.29	164.0	1.85	169.44	0.9919	0.33	-167.6
YNL272C_mRNA	108	534.5	56.65	22.5	3.22	53.43	0.9907	0.1175	-50.2
YNL273W_mRNA	36	683.2	120.94	131.0	2.53	118.42	0.9722	0.2442	-115.89
YNL274C_mRNA	120	706.6	54.32	67.0	6.31	48.02	1.0	0.0956	-41.71
YNL275W_mRNA	72	566.0	61.5	70.0	2.82	58.68	1.0	0.1455	-55.86
YNL276C_mRNA	24	960.7	53.21	24.5	11.71	41.5	1.0	0.0608	-29.79
YNL277W-A_mRNA	7	360.1	64.29	34.0	6.29	58.0	1.0	0.189	-51.71
YNL277W_mRNA	77	493.4	50.6	25.0	10.79	39.81	0.987	0.1314	-29.01
YNL278W_mRNA	31	745.8	59.13	78.0	6.71	52.42	1.0	0.0967	-45.71
YNL279W_mRNA	14	531.4	181.93	215.5	1.14	180.79	1.0	0.3506	-179.64
YNL280C_mRNA	186	819.9	55.56	44.5	8.21	47.35	1.0	0.0912	-39.14
YNL281W_mRNA	1344	570.9	60.76	44.5	2.46	58.3	0.9955	0.1087	-55.83
YNL282W_mRNA	7	388.0	31.0	8.0	0.43	30.57	1.0	0.0667	-30.14
YNL283C_mRNA	97	846.5	96.43	91.0	6.11	90.32	0.9897	0.1543	-84.21
YNL284C-B_mRNA	1338	866.3	328.53	340.0	2.2	326.33	0.997	0.3903	-324.12
YNL284C_mRNA	216	737.9	120.83	97.0	2.9	117.93	0.9907	0.198	-115.02
YNL285W_mRNA	68	458.6	359.43	346.5	96.51	262.91	1.0	0.7596	-166.4
YNL286W_mRNA	66	435.5	51.89	17.0	1.74	50.15	1.0	0.1405	-48.41
YNL287W_mRNA	597	977.2	47.79	23.0	2.07	45.72	0.9883	0.0745	-43.66
YNL288W_mRNA	99	775.3	53.31	19.0	2.37	50.94	0.9899	0.0846	-48.57
YNL289W_mRNA	141	479.9	46.44	11.0	11.24	35.2	0.9504	0.1069	-23.96
YNL290W_mRNA	98	680.4	50.51	15.0	4.2	46.31	0.9898	0.0842	-42.1
YNL291C_mRNA	106	680.6	55.67	71.5	2.58	53.09	0.9906	0.1182	-50.52
YNL292W_mRNA	102	524.3	46.43	14.0	2.72	43.72	1.0	0.1125	-41.0
YNL293W_mRNA	96	667.5	51.29	25.5	4.43	46.86	0.9896	0.0989	-42.44
YNL294C_mRNA	197	542.2	50.04	67.0	3.07	46.97	0.9898	0.1171	-43.91
YNL295W_mRNA	41	929.7	60.9	76.0	5.12	55.78	0.9756	0.0921	-50.66
YNL297C_mRNA	173	774.3	149.38	145.0	3.7	145.68	1.0	0.2497	-141.98
YNL298W_mRNA	94	710.5	93.71	85.0	19.27	74.45	1.0	0.1859	-55.18
YNL299W_mRNA	18	556.4	61.06	47.0	17.22	43.83	1.0	0.164	-26.61
YNL300W_mRNA	258	552.7	72.46	85.0	9.01	63.45	1.0	0.1361	-54.44
YNL301C_mRNA	685	554.3	62.52	17.0	24.19	38.33	0.9956	0.1038	-14.15
YNL302C_mRNA	4294	500.0	44.39	15.0	2.52	41.87	0.9858	0.0926	-39.35
YNL304W_mRNA	38	569.2	67.39	79.5	1.29	66.11	1.0	0.1235	-64.82
YNL305C_mRNA	130	714.8	72.87	88.0	1.8	71.07	1.0	0.1275	-69.27
YNL306W_mRNA	145	570.6	41.11	15.0	1.9	39.21	0.9931	0.0796	-37.3
YNL307C_mRNA	212	766.9	54.94	73.0	2.17	52.76	0.9811	0.1073	-50.59
YNL308C_mRNA	90	395.3	44.23	19.5	1.9	42.33	0.9889	0.1392	-40.43
YNL309W_mRNA	40	488.4	51.95	63.5	6.38	45.58	1.0	0.1298	-39.2
YNL310C_mRNA	51	552.8	32.53	10.0	1.41	31.12	0.9804	0.0626	-29.71
YNL311C_mRNA	120	712.4	71.12	80.0	3.62	67.5	1.0	0.1295	-63.88
YNL312W_mRNA	179	682.3	47.49	23.0	4.59	42.9	0.9721	0.0868	-38.31
YNL313C_mRNA	86	816.8	48.92	26.0	5.4	43.52	0.9884	0.0866	-38.13
YNL314W_mRNA	23	457.8	43.91	29.0	2.78	41.13	1.0	0.1263	-38.35
YNL315C_mRNA	166	560.0	42.08	15.0	2.88	39.2	0.9759	0.0898	-36.32
YNL316C_mRNA	80	607.6	48.69	13.5	1.39	47.3	1.0	0.0939	-45.91
YNL317W_mRNA	45	735.7	44.09	17.0	1.96	42.13	1.0	0.0898	-40.18
YNL320W_mRNA	96	586.4	73.9	70.0	3.51	70.39	0.9896	0.1498	-66.88
YNL321W_mRNA	51	723.3	145.92	137.0	1.96	143.96	1.0	0.2646	-142.0
YNL322C_mRNA	272	631.2	45.63	35.5	4.2	41.43	0.9596	0.0872	-37.22
YNL323W_mRNA	131	919.7	39.84	9.0	1.08	38.76	0.9924	0.0529	-37.67
YNL325C_mRNA	74	739.5	65.38	78.0	10.16	55.22	1.0	0.1433	-45.05
YNL326C_mRNA	68	607.5	47.78	31.0	4.04	43.74	1.0	0.107	-39.69
YNL327W_mRNA	304	811.6	51.45	61.5	3.33	48.12	0.9868	0.1009	-44.79
YNL328C_mRNA	8	412.4	74.5	51.5	26.62	47.88	1.0	0.1756	-21.25
YNL329C_mRNA	34	661.6	97.68	89.5	0.94	96.74	1.0	0.1738	-95.79
YNL330C_mRNA	106	643.5	45.74	19.0	5.07	40.67	1.0	0.0831	-35.6
YNL331C_mRNA	64	584.4	53.27	51.0	9.97	43.3	1.0	0.1204	-33.33
YNL332W_mRNA	9	566.0	169.44	148.0	1.33	168.11	1.0	0.3535	-166.78
YNL333W_mRNA	29	637.6	183.48	177.0	9.31	174.17	1.0	0.3148	-164.86
YNL334C_mRNA	22	563.3	126.5	121.5	8.68	117.82	1.0	0.2462	-109.14
YNL335W_mRNA	10	688.0	219.5	120.0	3.1	216.4	1.0	0.2804	-213.3
YNL336W_mRNA	213	809.8	123.86	120.0	3.96	119.91	0.9953	0.195	-115.95
YNL339C_mRNA	72	552.6	155.04	87.0	19.81	135.24	1.0	0.2887	-115.43
YNR001C_mRNA	498	773.4	64.54	72.5	16.11	48.43	0.992	0.1369	-32.32
YNR001W-A_mRNA	5	300.6	9.0	8.0	2.8	6.2	1.0	0.0335	-3.4
YNR002C_mRNA	45	448.6	56.16	60.0	4.93	51.22	1.0	0.1539	-46.29
YNR003C_mRNA	208	666.6	44.4	11.5	5.61	38.79	0.9904	0.0776	-33.18
YNR004W_mRNA	106	495.3	58.61	70.0	3.72	54.9	0.9811	0.1408	-51.18
YNR006W_mRNA	110	701.6	44.92	18.5	2.55	42.36	0.9818	0.0966	-39.81
YNR007C_mRNA	82	669.4	53.34	40.5	4.93	48.41	1.0	0.0985	-43.49
YNR008W_mRNA	41	965.7	49.68	61.0	4.46	45.22	0.9756	0.0748	-40.76
YNR009W_mRNA	45	539.7	84.71	79.0	3.16	81.56	1.0	0.1783	-78.4
YNR010W_mRNA	160	424.0	52.29	45.5	3.41	48.88	1.0	0.1289	-45.47
YNR011C_mRNA	36	485.8	57.25	73.5	7.5	49.75	1.0	0.1574	-42.25
YNR012W_mRNA	159	670.9	52.52	48.0	2.64	49.89	0.9937	0.1026	-47.25
YNR013C_mRNA	173	712.1	56.46	64.0	6.14	50.32	1.0	0.1071	-44.18
YNR014W_mRNA	39	535.7	59.08	64.0	3.08	56.0	1.0	0.129	-52.92
YNR015W_mRNA	89	572.0	68.47	67.0	27.26	41.21	1.0	0.223	-13.96
YNR016C_mRNA	1194	721.7	131.54	112.0	2.34	129.2	0.9958	0.2832	-126.86
YNR017W_mRNA	185	722.4	52.77	34.0	2.25	50.52	0.9892	0.0794	-48.28
YNR018W_mRNA	223	614.5	46.8	20.0	2.99	43.82	0.9776	0.0844	-40.83
YNR019W_mRNA	216	668.6	134.51	133.5	4.78	129.74	1.0	0.2753	-124.96
YNR020C_mRNA	26	535.8	102.31	84.5	5.46	96.85	1.0	0.2159	-91.38
YNR021W_mRNA	455	578.1	44.7	14.0	4.75	39.94	0.989	0.0948	-35.19
YNR022C_mRNA	181	545.0	56.23	34.0	6.2	50.02	0.9834	0.098	-43.82
YNR023W_mRNA	60	725.6	35.92	11.0	3.42	32.5	1.0	0.065	-29.08
YNR024W_mRNA	40	403.2	36.05	13.0	1.18	34.88	0.95	0.0898	-33.7
YNR025C_mRNA	6	283.2	52.17	39.5	1.67	50.5	1.0	0.1652	-48.83
YNR026C_mRNA	78	796.9	49.08	15.5	2.35	46.73	0.9872	0.0796	-44.38
YNR027W_mRNA	81	673.7	52.36	33.0	2.77	49.59	1.0	0.1004	-46.83
YNR028W_mRNA	168	603.9	47.98	23.0	2.2	45.78	1.0	0.096	-43.58
YNR029C_mRNA	94	789.8	50.28	42.5	2.98	47.3	1.0	0.0852	-44.32
YNR030W_mRNA	173	764.2	61.9	76.0	5.76	56.14	0.9884	0.1334	-50.39
YNR031C_mRNA	75	825.8	143.36	125.0	0.77	142.59	1.0	0.2301	-141.81
YNR032C-A_mRNA	361	365.3	45.05	22.0	4.51	40.54	0.9945	0.1177	-36.03
YNR032W_mRNA	71	779.6	36.49	13.0	1.54	34.96	1.0	0.0738	-33.42
YNR033W_mRNA	64	820.0	45.58	19.0	5.72	39.86	1.0	0.0859	-34.14
YNR034W-A_mRNA	488	471.1	50.92	44.0	4.93	45.99	0.998	0.106	-41.06
YNR034W_mRNA	60	837.2	61.32	72.5	10.82	50.5	1.0	0.1003	-39.68
YNR035C_mRNA	213	696.8	36.02	11.0	3.05	32.97	0.9671	0.0637	-29.92
YNR036C_mRNA	130	473.0	45.74	11.5	2.12	43.62	1.0	0.1034	-41.51
YNR037C_mRNA	160	391.7	42.36	17.0	3.57	38.79	0.9875	0.1043	-35.22
YNR038W_mRNA	86	664.2	46.21	15.0	2.76	43.45	0.9767	0.1001	-40.7
YNR039C_mRNA	77	679.0	102.01	94.0	2.69	99.32	1.0	0.2095	-96.64
YNR040W_mRNA	29	638.3	36.69	12.0	5.66	31.03	1.0	0.0524	-25.38
YNR041C_mRNA	102	726.0	45.61	22.0	3.93	41.68	1.0	0.0809	-37.75
YNR043W_mRNA	479	700.1	43.72	20.0	2.79	40.93	0.9979	0.0835	-38.14
YNR044W_mRNA	70	672.3	54.67	65.5	6.01	48.66	1.0	0.137	-42.64
YNR045W_mRNA	19	893.5	54.53	76.0	2.74	51.79	1.0	0.1068	-49.05
YNR046W_mRNA	286	478.1	50.6	67.0	4.44	46.16	1.0	0.111	-41.72
YNR047W_mRNA	86	694.7	46.84	30.0	2.85	43.99	1.0	0.0952	-41.14
YNR048W_mRNA	61	726.7	59.61	73.0	2.39	57.21	1.0	0.1172	-54.82
YNR049C_mRNA	243	464.8	48.88	58.0	4.14	44.74	0.9794	0.1063	-40.6
YNR050C_mRNA	518	840.0	51.82	30.0	3.65	48.17	0.9846	0.0753	-44.52
YNR051C_mRNA	336	478.1	151.63	193.0	111.26	40.37	0.9821	0.4439	70.89
YNR052C_mRNA	217	702.0	53.85	66.0	3.6	50.25	0.9908	0.1028	-46.65
YNR053C_mRNA	239	753.8	61.74	21.0	10.9	50.85	0.9874	0.0942	-39.95
YNR054C_mRNA	41	533.3	46.34	16.0	9.66	36.68	1.0	0.1055	-27.02
YNR055C_mRNA	205	707.4	87.04	73.0	34.65	52.4	0.9854	0.1691	-17.75
YNR056C_mRNA	19	553.7	90.89	65.0	1.16	89.74	1.0	0.1956	-88.58
YNR057C_mRNA	25	552.3	68.92	32.0	13.48	55.44	0.96	0.1226	-41.96
YNR058W_mRNA	22	704.2	162.64	141.5	11.82	150.82	1.0	0.3084	-139.0
YNR059W_mRNA	56	769.1	111.18	94.5	2.98	108.2	1.0	0.1717	-105.21
YNR060W_mRNA	21	900.1	89.81	75.0	9.1	80.71	0.9524	0.1799	-71.62
YNR061C_mRNA	269	663.7	61.75	67.0	10.11	51.65	0.9888	0.1125	-41.54
YNR062C_mRNA	20	1030.0	547.85	294.0	64.05	483.8	1.0	0.5197	-419.75
YNR063W_mRNA	5	1651.2	438.6	449.0	15.8	422.8	1.0	0.2116	-407.0
YNR064C_mRNA	16	937.5	172.19	87.0	69.81	102.38	1.0	0.1652	-32.56
YNR065C_mRNA	95	820.4	108.87	89.0	21.72	87.16	1.0	0.1956	-65.44
YNR066C_mRNA	22	724.3	313.68	120.0	16.14	297.55	1.0	0.365	-281.41
YNR067C_mRNA	288	579.1	90.1	71.0	42.5	47.6	0.9965	0.1673	-5.1
YNR068C_mRNA	137	714.9	142.86	80.0	90.99	51.88	0.9927	0.1666	39.11
YNR069C_mRNA	60	953.1	392.1	201.0	82.07	310.03	1.0	0.3763	-227.97
YNR075W_mRNA	25	419.9	84.6	64.0	28.72	55.88	0.96	0.1682	-27.16
YNR076W_mRNA	82	685.8	74.62	74.5	24.12	50.5	0.9878	0.1186	-26.38
YOL001W_mRNA	184	410.0	150.28	161.5	83.57	66.72	1.0	0.4365	16.85
YOL002C_mRNA	570	782.5	47.69	21.0	4.11	43.58	0.986	0.0743	-39.47
YOL003C_mRNA	78	599.8	104.96	70.0	26.96	78.0	1.0	0.2024	-51.04
YOL004W_mRNA	183	948.7	146.93	127.0	5.5	141.43	0.9945	0.2344	-135.93
YOL005C_mRNA	169	422.6	50.41	27.0	7.83	42.59	1.0	0.1257	-34.76
YOL006C_mRNA	121	537.3	72.04	15.0	1.76	70.28	1.0	0.1524	-68.52
YOL007C_mRNA	140	700.8	47.16	41.0	2.84	44.31	0.9857	0.0938	-41.47
YOL008W_mRNA	113	523.1	56.59	59.0	3.58	53.02	0.9823	0.1198	-49.44
YOL009C_mRNA	60	609.2	47.97	10.0	10.03	37.93	0.9667	0.0979	-27.9
YOL010W_mRNA	220	574.3	38.15	10.5	1.59	36.56	0.9955	0.0838	-34.97
YOL011W_mRNA	171	628.3	52.13	65.0	5.48	46.65	0.9883	0.1012	-41.17
YOL012C_mRNA	221	600.7	72.41	70.0	2.18	70.24	0.9955	0.1243	-68.06
YOL013C_mRNA	164	512.8	96.72	88.0	57.58	39.14	0.9939	0.3357	18.44
YOL013W-A_mRNA	17	262.2	138.94	134.0	5.18	133.76	1.0	0.5131	-128.59
YOL014W_mRNA	394	496.7	52.18	69.5	2.7	49.48	0.9949	0.1112	-46.79
YOL015W_mRNA	24	685.9	182.83	156.5	42.92	139.92	1.0	0.2846	-97.0
YOL016C_mRNA	1187	663.3	46.36	16.0	3.34	43.03	0.9941	0.085	-39.69
YOL017W_mRNA	30	620.7	65.77	71.0	1.3	64.47	1.0	0.1487	-63.17
YOL018C_mRNA	84	661.9	53.4	68.5	3.9	49.5	0.9881	0.0884	-45.6
YOL019W_mRNA	69	751.4	48.06	38.0	2.97	45.09	0.971	0.1101	-42.12
YOL020W_mRNA	205	748.3	53.06	67.0	3.64	49.41	0.9707	0.105	-45.77
YOL021C_mRNA	218	693.7	43.4	14.0	5.7	37.7	0.9908	0.0795	-32.0
YOL022C_mRNA	272	732.9	47.33	16.0	2.15	45.17	0.989	0.0773	-43.02
YOL023W_mRNA	40	600.6	49.48	35.0	3.3	46.18	0.95	0.0902	-42.88
YOL025W_mRNA	67	713.3	65.7	70.0	3.55	62.15	1.0	0.1097	-58.6
YOL026C_mRNA	98	384.5	41.34	16.0	2.32	39.02	1.0	0.1071	-36.7
YOL027C_mRNA	72	494.6	49.22	34.0	2.14	47.08	0.9861	0.1088	-44.94
YOL029C_mRNA	87	713.9	67.32	75.0	17.75	49.57	1.0	0.0972	-31.83
YOL030W_mRNA	320	874.7	67.56	78.0	3.45	64.11	0.9969	0.1119	-60.66
YOL031C_mRNA	129	683.0	51.11	18.0	8.21	42.9	0.9767	0.1062	-34.69
YOL032W_mRNA	265	578.8	46.27	20.0	1.77	44.5	0.9849	0.0901	-42.72
YOL033W_mRNA	64	756.2	50.28	15.0	1.33	48.95	0.9844	0.0822	-47.62
YOL034W_mRNA	62	695.5	67.56	76.0	1.84	65.73	0.9839	0.1393	-63.89
YOL035C_mRNA	78	357.3	126.17	126.5	11.29	114.87	1.0	0.3574	-103.58
YOL036W_mRNA	74	1201.9	210.46	169.5	36.08	174.38	1.0	0.2095	-138.3
YOL038C-A_mRNA	105	255.7	65.86	76.0	17.66	48.2	0.9905	0.2855	-30.54
YOL038W_mRNA	409	609.5	43.36	14.0	2.54	40.82	0.9878	0.0844	-38.27
YOL039W_mRNA	4302	490.0	53.7	63.0	2.33	51.37	0.9988	0.1153	-49.05
YOL040C_mRNA	4766	480.9	40.39	12.0	1.88	38.51	0.9969	0.0906	-36.63
YOL041C_mRNA	248	583.7	40.62	12.0	2.35	38.27	0.9798	0.0941	-35.92
YOL042W_mRNA	129	820.0	68.53	73.0	6.53	61.99	1.0	0.1097	-55.46
YOL043C_mRNA	32	811.1	56.44	62.5	1.34	55.09	1.0	0.0999	-53.75
YOL044W_mRNA	79	763.7	51.18	60.0	2.0	49.18	1.0	0.0861	-47.18
YOL045W_mRNA	148	932.0	168.3	148.0	8.66	159.64	0.9932	0.2362	-150.99
YOL047C_mRNA	13	389.8	153.23	150.0	22.31	130.92	1.0	0.4293	-108.62
YOL048C_mRNA	194	655.0	52.85	69.5	2.6	50.25	0.9948	0.1042	-47.65
YOL049W_mRNA	305	778.3	54.41	57.0	3.02	51.39	0.9869	0.0951	-48.36
YOL050C_mRNA	119	458.5	109.48	118.0	6.4	103.08	1.0	0.2492	-96.67
YOL051W_mRNA	40	1282.4	239.78	267.5	6.32	233.45	1.0	0.2109	-227.12
YOL052C-A_mRNA	94	462.2	62.24	75.5	4.3	57.95	0.9894	0.1356	-53.65
YOL052C_mRNA	90	818.7	54.62	67.0	2.8	51.82	1.0	0.097	-49.02
YOL053W_mRNA	134	817.8	56.43	71.5	2.95	53.49	0.9776	0.0861	-50.54
YOL054W_mRNA	29	433.9	52.62	29.0	3.0	49.62	1.0	0.1272	-46.62
YOL055C_mRNA	63	722.4	92.44	88.0	18.3	74.14	1.0	0.1657	-55.84
YOL056W_mRNA	103	629.7	46.31	18.0	1.75	44.56	1.0	0.0873	-42.82
YOL057W_mRNA	205	759.8	51.45	67.0	3.16	48.29	1.0	0.0974	-45.13
YOL058W_mRNA	506	781.2	45.66	19.0	2.41	43.24	0.9783	0.0834	-40.83
YOL059W_mRNA	298	879.1	43.83	17.0	3.49	40.34	0.9933	0.0685	-36.85
YOL060C_mRNA	129	624.3	54.68	63.0	9.23	45.45	0.9767	0.1184	-36.22
YOL061W_mRNA	447	774.3	53.89	60.0	3.93	49.96	0.9933	0.0935	-46.03
YOL062C_mRNA	193	798.3	49.35	56.0	2.01	47.34	1.0	0.0774	-45.33
YOL063C_mRNA	55	851.4	44.2	20.0	2.96	41.24	0.9818	0.0733	-38.27
YOL064C_mRNA	457	820.5	50.32	30.0	2.64	47.67	0.9978	0.0796	-45.03
YOL065C_mRNA	49	712.9	40.06	13.0	3.04	37.02	1.0	0.075	-33.98
YOL066C_mRNA	30	675.3	49.87	45.5	4.17	45.7	0.9333	0.0929	-41.53
YOL067C_mRNA	6	764.7	52.5	6.5	1.0	51.5	1.0	0.1199	-50.5
YOL068C_mRNA	98	1039.0	202.63	208.5	3.13	199.5	1.0	0.2333	-196.37
YOL069W_mRNA	78	439.1	81.91	66.5	41.68	40.23	1.0	0.1956	1.45
YOL070C_mRNA	131	699.0	45.88	21.0	2.62	43.26	0.9924	0.0965	-40.64
YOL071W_mRNA	144	542.8	42.52	12.0	1.65	40.88	1.0	0.0856	-39.23
YOL072W_mRNA	30	759.7	137.37	126.0	3.13	134.23	1.0	0.2479	-131.1
YOL073C_mRNA	75	647.7	51.76	66.0	1.93	49.83	0.9867	0.0964	-47.89
YOL075C_mRNA	33	1284.6	178.52	132.0	6.27	172.24	1.0	0.1478	-165.97
YOL076W_mRNA	191	854.6	52.9	62.0	6.77	46.13	0.9948	0.088	-39.35
YOL077C_mRNA	1174	746.0	44.1	16.0	3.5	40.61	0.9932	0.0665	-37.11
YOL077W-A_mRNA	1788	361.7	44.53	36.5	2.64	41.9	0.9916	0.1147	-39.26
YOL078W_mRNA	48	764.7	105.33	94.5	7.44	97.9	1.0	0.1834	-90.46
YOL080C_mRNA	314	487.6	76.34	76.0	32.05	44.29	0.9841	0.2003	-12.24
YOL081W_mRNA	918	930.0	134.45	122.5	6.05	128.4	0.9891	0.1937	-122.36
YOL082W_mRNA	118	728.0	70.82	64.5	20.09	50.73	0.9915	0.1303	-30.64
YOL083W_mRNA	20	853.9	66.5	85.5	8.25	58.25	1.0	0.1225	-50.0
YOL084W_mRNA	6	731.3	197.67	210.5	2.17	195.5	1.0	0.2998	-193.33
YOL085W-A_mRNA	17	443.3	81.82	79.0	1.65	80.18	1.0	0.2109	-78.53
YOL086C_mRNA	21632	748.7	50.35	59.5	2.76	47.6	0.9939	0.0823	-44.84
YOL086W-A_mRNA	709	181.9	41.75	14.0	2.41	39.35	0.969	0.2036	-36.94
YOL087C_mRNA	115	673.9	88.96	83.0	2.97	85.98	0.9913	0.1751	-83.01
YOL088C_mRNA	93	641.3	30.27	9.0	1.69	28.58	1.0	0.0567	-26.89
YOL089C_mRNA	56	750.9	56.09	65.5	4.46	51.62	1.0	0.1021	-47.16
YOL090W_mRNA	168	887.1	58.02	35.0	2.67	55.35	0.9881	0.0966	-52.68
YOL091W_mRNA	41	621.0	121.54	100.0	14.32	107.22	1.0	0.2009	-92.9
YOL092W_mRNA	281	657.0	57.63	73.0	4.72	52.91	1.0	0.1092	-48.2
YOL093W_mRNA	112	607.6	91.08	68.5	3.9	87.18	0.9911	0.1796	-83.28
YOL094C_mRNA	92	580.7	40.48	14.5	2.04	38.43	1.0	0.0873	-36.39
YOL095C_mRNA	33	743.8	54.27	79.0	4.18	50.09	1.0	0.0874	-45.91
YOL096C_mRNA	92	572.8	53.08	72.0	2.48	50.6	0.9674	0.1163	-48.12
YOL097C_mRNA	525	734.7	41.83	13.0	2.84	38.99	0.9886	0.0737	-36.14
YOL097W-A_mRNA	37	360.4	62.86	42.0	10.7	52.16	1.0	0.1632	-41.46
YOL098C_mRNA	421	817.2	50.83	57.0	2.62	48.22	0.9881	0.1	-45.6
YOL099C_mRNA	45	343.8	106.87	86.0	2.18	104.69	1.0	0.3259	-102.51
YOL100W_mRNA	39	979.0	140.54	153.0	11.97	128.56	1.0	0.1727	-116.59
YOL101C_mRNA	167	631.5	54.22	69.0	6.14	48.07	0.994	0.1026	-41.93
YOL102C_mRNA	131	669.9	46.63	26.0	1.66	44.97	0.9924	0.0754	-43.31
YOL103W-A_mRNA	11	459.6	103.64	117.0	27.09	76.55	1.0	0.2401	-49.45
YOL103W-B_mRNA	1040	1091.3	250.69	321.0	3.68	247.01	0.9769	0.2578	-243.33
YOL103W_mRNA	267	901.3	46.34	21.0	3.27	43.07	0.985	0.0665	-39.81
YOL104C_mRNA	31	848.0	410.19	423.0	126.16	284.03	1.0	0.4912	-157.87
YOL105C_mRNA	92	584.0	99.97	85.5	35.54	64.42	0.9891	0.2226	-28.88
YOL106W_mRNA	5	396.6	183.6	158.0	121.6	62.0	1.0	0.3613	59.6
YOL107W_mRNA	65	573.8	55.72	61.0	8.46	47.26	1.0	0.11	-38.8
YOL108C_mRNA	115	527.2	44.81	16.0	1.79	43.02	0.9826	0.0922	-41.23
YOL109W_mRNA	8348	513.9	61.35	46.0	1.61	59.74	0.9968	0.1203	-58.13
YOL110W_mRNA	40	668.7	46.12	21.0	2.2	43.92	1.0	0.0798	-41.72
YOL111C_mRNA	76	623.8	49.57	71.0	1.47	48.09	1.0	0.0856	-46.62
YOL112W_mRNA	28	597.8	97.32	29.0	1.93	95.39	1.0	0.1996	-93.46
YOL113W_mRNA	160	637.1	51.01	54.5	5.56	45.46	1.0	0.1099	-39.9
YOL114C_mRNA	15	532.3	69.73	16.0	1.33	68.4	1.0	0.12	-67.07
YOL115W_mRNA	93	546.8	42.38	16.0	2.91	39.46	1.0	0.1042	-36.55
YOL116W_mRNA	144	599.9	81.09	76.0	29.42	51.67	1.0	0.1531	-22.24
YOL117W_mRNA	53	967.5	159.11	101.0	2.0	157.11	1.0	0.1939	-155.11
YOL118C_mRNA	221	488.2	267.8	268.0	4.56	263.24	1.0	0.5214	-258.68
YOL119C_mRNA	227	652.3	54.07	70.0	3.37	50.7	0.978	0.1187	-47.32
YOL120C_mRNA	5251	585.5	43.19	14.0	3.42	39.77	0.9914	0.079	-36.34
YOL121C_mRNA	4040	458.3	39.1	9.0	3.26	35.83	0.9785	0.0847	-32.57
YOL122C_mRNA	242	592.3	48.85	58.5	3.83	45.02	0.9959	0.1069	-41.19
YOL123W_mRNA	951	512.6	45.72	23.0	2.52	43.21	0.9916	0.1088	-40.69
YOL124C_mRNA	185	754.2	50.15	27.0	2.17	47.97	0.9838	0.0799	-45.8
YOL125W_mRNA	76	653.8	53.22	15.5	1.3	51.92	1.0	0.1144	-50.62
YOL126C_mRNA	40	819.9	61.4	76.0	4.45	56.95	1.0	0.1031	-52.5
YOL127W_mRNA	16445	492.5	46.97	29.0	2.29	44.68	0.9825	0.0961	-42.39
YOL128C_mRNA	57	727.9	97.23	88.0	2.37	94.86	1.0	0.1744	-92.49
YOL129W_mRNA	395	558.2	50.13	68.0	4.5	45.64	0.9949	0.1039	-41.14
YOL130W_mRNA	183	732.5	52.59	59.0	2.76	49.83	0.9945	0.1122	-47.07
YOL132W_mRNA	12	456.5	103.17	94.5	5.33	97.83	1.0	0.2603	-92.5
YOL133W_mRNA	144	527.2	50.76	65.5	2.82	47.94	1.0	0.1042	-45.12
YOL135C_mRNA	41	602.4	47.63	19.0	3.9	43.73	1.0	0.0924	-39.83
YOL136C_mRNA	223	895.4	51.69	68.0	2.42	49.27	0.9865	0.087	-46.85
YOL137W_mRNA	99	651.2	60.18	75.0	7.87	52.31	1.0	0.1222	-44.44
YOL138C_mRNA	34	793.0	84.29	77.5	2.18	82.12	1.0	0.1492	-79.94
YOL139C_mRNA	3426	643.1	49.96	65.5	2.64	47.32	0.9895	0.0866	-44.68
YOL140W_mRNA	165	688.9	67.08	79.0	2.33	64.75	0.9939	0.1241	-62.42
YOL142W_mRNA	170	542.7	45.33	16.5	4.23	41.1	0.9941	0.0938	-36.87
YOL143C_mRNA	377	560.8	46.54	19.0	1.18	45.36	1.0	0.0879	-44.18
YOL144W_mRNA	45	495.9	47.91	22.0	7.0	40.91	1.0	0.0965	-33.91
YOL145C_mRNA	45	506.5	135.82	126.0	3.84	131.98	1.0	0.3534	-128.13
YOL146W_mRNA	100	529.3	57.98	70.0	11.32	46.66	0.99	0.1336	-35.34
YOL147C_mRNA	139	566.9	49.85	17.0	6.11	43.74	0.9928	0.097	-37.63
YOL148C_mRNA	68	824.4	123.34	136.0	3.84	119.5	1.0	0.2193	-115.66
YOL149W_mRNA	284	676.1	148.35	149.5	7.77	140.58	0.9965	0.242	-132.81
YOL151W_mRNA	152	705.6	49.55	19.0	2.31	47.24	0.9934	0.0876	-44.93
YOL152W_mRNA	53	772.6	146.83	132.0	8.15	138.68	1.0	0.2674	-130.53
YOL153C_mRNA	40	764.2	178.95	153.0	21.48	157.48	1.0	0.2953	-136.0
YOL154W_mRNA	29	727.4	88.86	79.0	33.21	55.66	1.0	0.1145	-22.45
YOL155C_mRNA	250	487.1	235.82	190.5	123.5	112.32	1.0	0.5201	11.18
YOL155W-A_mRNA	110	436.9	312.34	304.5	203.78	108.55	1.0	0.698	95.23
YOL156W_mRNA	17	650.8	220.65	132.0	1.71	218.94	1.0	0.3941	-217.24
YOL157C_mRNA	52	614.4	165.42	157.5	1.62	163.81	1.0	0.2998	-162.19
YOL158C_mRNA	73	917.6	74.58	17.0	17.45	57.12	1.0	0.1133	-39.67
YOL159C-A_mRNA	119	488.5	55.58	62.0	11.52	44.06	0.9916	0.1308	-32.54
YOL159C_mRNA	124	593.5	111.42	76.0	70.03	41.39	0.9839	0.1647	28.65
YOL160W_mRNA	5	659.0	372.2	363.0	205.2	167.0	1.0	0.5503	38.2
YOL162W_mRNA	17	535.0	158.76	143.0	80.82	77.94	1.0	0.2829	2.88
YOL163W_mRNA	13	853.3	506.23	510.0	110.31	395.92	1.0	0.5546	-285.62
YOL164W-A_mRNA	17	746.9	570.47	487.0	393.47	177.0	1.0	0.6924	216.47
YOL164W_mRNA	48	764.2	129.25	96.5	8.46	120.79	1.0	0.1958	-112.33
YOR001W_mRNA	109	1017.6	55.0	61.0	6.5	48.5	0.9817	0.0895	-42.01
YOR002W_mRNA	271	799.0	52.38	66.0	4.97	47.41	0.9926	0.0908	-42.44
YOR003W_mRNA	117	469.9	67.63	69.0	8.23	59.4	1.0	0.1434	-51.17
YOR004W_mRNA	232	532.3	49.78	31.5	5.09	44.69	0.9957	0.1156	-39.6
YOR005C_mRNA	73	613.9	114.12	111.0	1.63	112.49	0.9726	0.2069	-110.86
YOR006C_mRNA	131	679.0	59.08	74.0	2.62	56.46	0.9847	0.1059	-53.84
YOR007C_mRNA	922	535.4	42.07	15.0	1.9	40.17	0.9881	0.0964	-38.27
YOR008C-A_mRNA	15	342.5	184.93	164.0	15.13	169.8	1.0	0.4737	-154.67
YOR008C_mRNA	260	711.0	43.19	15.0	3.47	39.72	0.9808	0.0823	-36.25
YOR009W_mRNA	16	621.8	190.25	200.5	0.38	189.88	1.0	0.4168	-189.5
YOR010C_mRNA	11	869.9	107.27	18.0	71.64	35.64	1.0	0.0998	36.0
YOR011W-A_mRNA	5	639.2	498.0	427.0	108.0	390.0	1.0	0.7801	-282.0
YOR011W_mRNA	46	766.0	120.09	103.0	2.28	117.8	1.0	0.19	-115.52
YOR012W_mRNA	6	511.8	300.33	361.0	4.33	296.0	1.0	0.5703	-291.67
YOR013W_mRNA	46	558.7	91.87	71.0	10.33	81.54	0.9783	0.142	-71.22
YOR014W_mRNA	73	948.4	73.4	76.0	1.64	71.75	1.0	0.0979	-70.11
YOR015W_mRNA	109	902.7	53.61	61.0	2.03	51.58	0.9908	0.0717	-49.55
YOR016C_mRNA	292	598.7	45.36	22.5	5.09	40.27	0.9966	0.0837	-35.18
YOR017W_mRNA	48	754.3	176.12	193.0	8.65	167.48	1.0	0.3239	-158.83
YOR018W_mRNA	135	518.4	162.1	164.0	5.0	157.1	1.0	0.4099	-152.1
YOR019W_mRNA	39	566.9	61.18	74.0	7.36	53.82	1.0	0.1147	-46.46
YOR020C_mRNA	4518	438.4	41.67	15.0	2.83	38.84	0.9799	0.0916	-36.01
YOR020W-A_mRNA	358	485.7	70.94	70.0	17.25	53.69	1.0	0.1421	-36.44
YOR021C_mRNA	1352	691.5	73.35	43.0	3.49	69.86	0.9985	0.1144	-66.37
YOR022C_mRNA	11	1171.1	128.91	105.0	1.09	127.82	1.0	0.1948	-126.73
YOR023C_mRNA	77	629.5	47.53	20.0	2.49	45.04	1.0	0.1077	-42.55
YOR025W_mRNA	40	743.0	66.88	47.0	2.0	64.88	1.0	0.1064	-62.88
YOR026W_mRNA	80	561.4	59.5	64.5	1.78	57.72	1.0	0.1317	-55.95
YOR027W_mRNA	1053	826.1	49.68	19.0	3.19	46.49	0.9943	0.0787	-43.3
YOR028C_mRNA	60	469.2	59.5	74.5	5.1	54.4	1.0	0.1571	-49.3
YOR030W_mRNA	92	831.4	64.45	76.0	4.89	59.55	0.9783	0.1062	-54.66
YOR032C_mRNA	75	855.6	204.84	193.0	33.23	171.61	1.0	0.3037	-138.39
YOR032W-A_mRNA	17	368.4	62.76	78.0	3.88	58.88	1.0	0.2486	-55.0
YOR033C_mRNA	79	704.2	47.24	16.0	3.3	43.94	1.0	0.0949	-40.63
YOR034C-A_mRNA	31	429.4	54.71	13.0	21.03	33.68	1.0	0.1157	-12.65
YOR034C_mRNA	112	784.7	81.68	71.5	17.22	64.46	0.9911	0.1226	-47.23
YOR035C_mRNA	31	1106.8	185.77	185.0	31.45	154.32	1.0	0.1787	-122.87
YOR036W_mRNA	268	664.1	63.67	69.5	9.48	54.19	0.9963	0.1072	-44.71
YOR037W_mRNA	91	627.2	44.29	21.0	2.14	42.14	1.0	0.0944	-40.0
YOR038C_mRNA	68	656.7	51.38	68.5	3.68	47.71	1.0	0.0961	-44.03
YOR039W_mRNA	392	781.4	46.1	18.0	2.17	43.94	0.9923	0.0763	-41.77
YOR040W_mRNA	38	648.3	203.79	158.0	66.08	137.71	1.0	0.3358	-71.63
YOR041C_mRNA	448	303.8	73.17	73.0	6.83	66.35	1.0	0.2496	-59.52
YOR042W_mRNA	49	579.4	37.29	12.0	1.59	35.69	0.9796	0.0845	-34.1
YOR043W_mRNA	217	738.3	49.0	27.0	2.95	46.05	0.9954	0.093	-43.1
YOR044W_mRNA	148	632.9	50.61	21.5	5.33	45.28	0.9797	0.0925	-39.95
YOR045W_mRNA	1334	371.4	46.39	20.0	2.11	44.28	0.9978	0.1198	-42.18
YOR046C_mRNA	438	812.3	45.28	19.0	3.44	41.84	0.9977	0.0671	-38.4
YOR047C_mRNA	134	661.8	52.78	19.0	4.51	48.27	0.9851	0.1034	-43.75
YOR048C_mRNA	246	697.2	59.67	52.5	12.53	47.14	0.9837	0.1218	-34.61
YOR049C_mRNA	27	878.8	124.59	82.0	3.85	120.74	1.0	0.1303	-116.89
YOR050C_mRNA	207	581.9	55.32	15.0	12.62	42.7	0.9952	0.1023	-30.08
YOR051C_mRNA	323	925.9	49.4	22.0	2.9	46.5	0.9845	0.0722	-43.59
YOR052C_mRNA	888	647.5	50.66	63.0	2.39	48.28	0.9989	0.0854	-45.89
YOR054C_mRNA	60	266.0	133.12	147.5	88.67	44.45	1.0	0.5567	44.22
YOR056C_mRNA	243	611.4	46.86	20.0	1.35	45.52	0.9918	0.0908	-44.17
YOR057W_mRNA	77	535.0	40.48	21.0	3.1	37.38	1.0	0.1033	-34.27
YOR058C_mRNA	100	717.5	121.33	121.0	2.71	118.62	1.0	0.2127	-115.91
YOR059C_mRNA	112	667.5	78.18	75.5	20.16	58.02	0.9911	0.1457	-37.86
YOR060C_mRNA	32	963.5	125.94	68.0	1.56	124.38	0.9688	0.1032	-122.81
YOR061W_mRNA	393	639.7	44.4	16.0	1.77	42.63	1.0	0.0894	-40.85
YOR062C_mRNA	38	565.2	35.18	14.5	2.05	33.13	1.0	0.0708	-31.08
YOR063W_mRNA	11374	674.7	44.37	15.0	2.1	42.27	0.9936	0.0834	-40.17
YOR064C_mRNA	40	529.5	90.8	51.5	11.52	79.28	1.0	0.1805	-67.75
YOR065W_mRNA	374	751.8	56.97	69.0	6.41	50.56	0.9973	0.1053	-44.15
YOR066W_mRNA	66	588.4	52.65	24.0	10.67	41.98	0.9697	0.1058	-31.32
YOR067C_mRNA	200	634.4	50.4	64.5	3.26	47.13	0.99	0.1121	-43.86
YOR069W_mRNA	156	706.7	60.58	56.0	9.56	51.02	0.9744	0.1	-41.46
YOR070C_mRNA	55	565.5	36.47	13.0	2.18	34.29	0.9636	0.083	-32.11
YOR071C_mRNA	101	776.1	100.6	71.0	14.67	85.93	1.0	0.134	-71.26
YOR072W-A_mRNA	7	493.9	319.14	248.0	100.43	218.71	1.0	0.6058	-118.29
YOR073W_mRNA	53	611.2	66.51	76.0	10.6	55.91	1.0	0.1325	-45.3
YOR074C_mRNA	76	624.9	69.74	75.5	2.07	67.67	1.0	0.144	-65.61
YOR075W_mRNA	180	751.5	48.86	19.5	4.43	44.43	1.0	0.0776	-39.99
YOR076C_mRNA	84	765.1	61.33	73.5	2.25	59.08	1.0	0.1013	-56.83
YOR078W_mRNA	143	440.6	57.53	40.0	3.52	54.01	1.0	0.1484	-50.5
YOR079C_mRNA	221	798.0	91.29	87.0	2.03	89.27	1.0	0.1349	-87.24
YOR080W_mRNA	171	651.1	47.32	17.0	4.17	43.15	0.9883	0.0982	-38.98
YOR081C_mRNA	45	995.3	60.58	36.0	5.02	55.56	0.9778	0.0866	-50.53
YOR084W_mRNA	41	868.8	46.22	18.0	6.61	39.61	1.0	0.0811	-33.0
YOR085W_mRNA	177	726.5	52.07	72.0	3.02	49.05	0.9944	0.0919	-46.03
YOR086C_mRNA	178	894.0	50.88	27.5	1.88	49.0	0.9888	0.078	-47.12
YOR087W_mRNA	53	898.0	46.47	15.0	1.75	44.72	0.9811	0.0785	-42.96
YOR089C_mRNA	210	546.1	64.73	74.5	2.76	61.97	1.0	0.1276	-59.21
YOR090C_mRNA	66	853.3	53.23	21.5	2.59	50.64	1.0	0.0752	-48.05
YOR091W_mRNA	85	606.7	54.22	45.0	2.51	51.72	1.0	0.1309	-49.21
YOR092W_mRNA	95	685.7	53.87	67.0	9.42	44.45	1.0	0.1263	-35.03
YOR093C_mRNA	76	806.3	157.05	151.0	7.34	149.71	1.0	0.2635	-142.37
YOR094W_mRNA	181	602.4	41.02	10.0	1.29	39.73	0.9779	0.0805	-38.44
YOR095C_mRNA	663	735.9	54.73	64.0	7.89	46.84	0.991	0.0797	-38.96
YOR096W_mRNA	11716	582.2	44.3	14.0	2.11	42.19	0.9907	0.0818	-40.08
YOR097C_mRNA	297	311.1	52.13	41.0	2.21	49.92	0.9663	0.1696	-47.71
YOR098C_mRNA	73	739.1	83.33	78.0	25.51	57.82	0.9589	0.1736	-32.32
YOR099W_mRNA	287	844.1	49.37	62.0	1.93	47.44	0.993	0.0807	-45.51
YOR100C_mRNA	7	638.9	42.0	32.0	12.57	29.43	1.0	0.0974	-16.86
YOR101W_mRNA	248	640.4	58.23	76.5	3.06	55.17	0.996	0.1123	-52.11
YOR103C_mRNA	527	535.0	49.21	65.0	2.2	47.01	0.9981	0.0982	-44.8
YOR105W_mRNA	174	691.9	69.43	48.5	20.96	48.47	0.9943	0.1087	-27.51
YOR106W_mRNA	82	537.6	69.44	77.5	11.38	58.06	1.0	0.1498	-46.68
YOR107W_mRNA	101	501.6	50.13	63.0	3.14	46.99	0.9901	0.1262	-43.85
YOR108W_mRNA	591	684.1	48.1	57.0	3.3	44.8	0.9882	0.0928	-41.5
YOR109W_mRNA	120	878.0	211.24	234.0	9.44	201.8	0.975	0.3199	-192.36
YOR110W_mRNA	56	644.8	48.34	15.0	3.79	44.55	1.0	0.0891	-40.77
YOR111W_mRNA	113	682.9	52.57	67.0	2.32	50.25	0.9912	0.095	-47.93
YOR112W_mRNA	45	1081.5	42.58	13.0	1.69	40.89	1.0	0.0823	-39.2
YOR113W_mRNA	13	1359.2	269.54	289.0	7.62	261.92	1.0	0.2201	-254.31
YOR114W_mRNA	60	546.0	45.3	12.0	1.0	44.3	1.0	0.0975	-43.3
YOR115C_mRNA	389	699.8	44.07	14.0	2.69	41.39	0.9075	0.0724	-38.7
YOR116C_mRNA	315	707.0	64.15	72.0	4.21	59.94	0.9968	0.1114	-55.73
YOR117W_mRNA	387	785.7	50.05	24.0	2.17	47.88	0.9948	0.0903	-45.71
YOR118W_mRNA	105	903.4	62.03	71.0	3.3	58.72	0.9905	0.0996	-55.42
YOR119C_mRNA	95	535.3	46.79	51.0	2.62	44.17	1.0	0.1031	-41.55
YOR120W_mRNA	215	671.9	53.22	28.0	4.24	48.98	1.0	0.1061	-44.74
YOR122C_mRNA	3252	553.8	54.06	69.0	5.49	48.57	0.9948	0.1	-43.08
YOR123C_mRNA	10	420.7	61.1	22.5	2.2	58.9	0.8	0.2318	-56.7
YOR124C_mRNA	167	644.0	49.68	26.0	2.16	47.52	0.994	0.0979	-45.37
YOR125C_mRNA	166	661.5	48.43	38.5	5.05	43.38	0.994	0.0845	-38.33
YOR126C_mRNA	61	606.4	63.51	52.0	2.61	60.9	1.0	0.1273	-58.3
YOR127W_mRNA	121	622.0	54.06	40.0	2.01	52.05	0.9835	0.1253	-50.04
YOR128C_mRNA	47	879.7	42.68	13.0	2.57	40.11	1.0	0.068	-37.53
YOR129C_mRNA	27	525.7	63.89	77.0	2.41	61.48	1.0	0.1615	-59.07
YOR130C_mRNA	339	717.5	58.04	63.0	10.39	47.65	0.9853	0.0925	-37.27
YOR131C_mRNA	225	553.6	63.34	71.0	17.36	45.99	0.9956	0.1635	-28.63
YOR132W_mRNA	100	728.1	33.91	10.0	1.84	32.07	0.99	0.0664	-30.23
YOR133W_mRNA	3406	876.1	52.36	20.0	3.11	49.25	0.9383	0.0765	-46.14
YOR134W_mRNA	28	700.6	181.54	157.0	33.93	147.61	1.0	0.2914	-113.68
YOR136W_mRNA	346	809.2	47.69	48.5	3.55	44.14	0.9971	0.0798	-40.59
YOR137C_mRNA	84	904.6	201.27	191.5	40.81	160.46	1.0	0.2951	-119.65
YOR138C_mRNA	126	753.1	59.71	66.0	3.96	55.75	1.0	0.1113	-51.79
YOR140W_mRNA	27	924.6	49.41	66.0	1.7	47.7	1.0	0.0912	-46.0
YOR141C_mRNA	103	667.4	48.88	64.0	1.74	47.15	1.0	0.1096	-45.41
YOR142W-B_mRNA	1023	1295.6	294.96	326.0	4.06	290.9	0.9951	0.2814	-286.83
YOR142W_mRNA	375	730.2	54.52	41.0	7.36	47.16	0.9973	0.1061	-39.8
YOR143C_mRNA	221	812.6	52.7	56.0	4.38	48.33	0.9955	0.0726	-43.95
YOR144C_mRNA	27	589.8	195.41	202.0	2.48	192.93	1.0	0.4138	-190.44
YOR145C_mRNA	356	565.0	47.75	22.0	3.25	44.5	0.9972	0.0965	-41.25
YOR147W_mRNA	146	854.0	58.64	76.0	1.99	56.65	1.0	0.0922	-54.66
YOR148C_mRNA	125	431.9	47.0	21.0	2.11	44.89	0.992	0.12	-42.78
YOR149C_mRNA	67	562.3	84.67	72.0	15.0	69.67	1.0	0.1767	-54.67
YOR150W_mRNA	277	520.5	46.8	18.0	2.78	44.03	0.9856	0.0941	-41.25
YOR151C_mRNA	808	747.3	61.4	69.0	2.14	59.26	0.9802	0.1093	-57.12
YOR152C_mRNA	82	580.6	71.74	75.5	18.32	53.43	1.0	0.1596	-35.11
YOR153W_mRNA	852	885.8	144.02	129.0	4.53	139.49	0.9965	0.2545	-134.97
YOR154W_mRNA	78	702.6	52.13	63.0	3.06	49.06	0.9872	0.1007	-46.0
YOR155C_mRNA	98	874.2	57.96	42.0	3.05	54.91	1.0	0.0825	-51.86
YOR156C_mRNA	22	730.8	83.45	83.0	4.14	79.32	1.0	0.1758	-75.18
YOR157C_mRNA	382	605.5	46.66	23.0	3.75	42.91	0.9791	0.089	-39.16
YOR158W_mRNA	107	756.3	47.98	19.0	1.84	46.14	0.9907	0.078	-44.3
YOR159C_mRNA	299	456.1	40.42	12.0	2.51	37.91	0.9933	0.0891	-35.4
YOR160W_mRNA	124	638.5	46.46	18.0	2.27	44.19	1.0	0.0955	-41.91
YOR161C_mRNA	61	692.1	66.3	76.0	4.23	62.07	1.0	0.1244	-57.84
YOR162C_mRNA	53	838.2	141.89	153.0	10.21	131.68	0.9811	0.251	-121.47
YOR163W_mRNA	122	534.9	44.57	18.5	1.3	43.27	0.9918	0.0886	-41.97
YOR164C_mRNA	388	820.6	45.34	19.0	2.27	43.07	0.9845	0.0712	-40.8
YOR165W_mRNA	229	936.9	52.51	70.0	2.47	50.03	1.0	0.0927	-47.56
YOR166C_mRNA	65	762.8	68.85	70.0	4.6	64.25	0.9846	0.111	-59.65
YOR167C_mRNA	7283	353.6	41.04	13.0	1.81	39.22	0.9978	0.1086	-37.41
YOR168W_mRNA	869	888.8	46.63	18.0	2.79	43.84	0.9885	0.0725	-41.04
YOR169C_mRNA	136	331.3	48.35	44.5	6.6	41.75	0.9853	0.1433	-35.15
YOR171C_mRNA	166	736.1	54.08	69.5	2.27	51.81	1.0	0.1098	-49.55
YOR172W_mRNA	82	827.9	55.02	74.5	3.72	51.3	1.0	0.0964	-47.59
YOR173W_mRNA	47	602.7	40.11	12.0	1.26	38.85	1.0	0.0935	-37.6
YOR174W_mRNA	42	601.6	127.93	108.0	1.74	126.19	1.0	0.2676	-124.45
YOR175C_mRNA	209	808.7	58.44	72.0	5.21	53.23	0.9856	0.117	-48.03
YOR176W_mRNA	292	643.0	62.83	74.0	12.3	50.53	0.9932	0.1351	-38.22
YOR177C_mRNA	19	631.7	235.32	216.0	10.63	224.68	1.0	0.378	-214.05
YOR178C_mRNA	47	773.7	176.81	93.0	24.3	152.51	0.9787	0.274	-128.21
YOR179C_mRNA	135	595.4	52.53	17.0	9.64	42.9	0.9778	0.1026	-33.26
YOR180C_mRNA	44	553.2	163.45	170.5	2.41	161.05	1.0	0.3515	-158.64
YOR181W_mRNA	76	545.1	55.32	18.0	8.5	46.82	1.0	0.1319	-38.32
YOR182C_mRNA	15192	301.0	54.37	39.0	2.83	51.54	0.9984	0.1676	-48.71
YOR184W_mRNA	495	748.3	60.62	66.0	13.54	47.08	0.9939	0.116	-33.54
YOR185C_mRNA	92	521.3	115.12	86.0	55.43	59.68	1.0	0.2696	-4.25
YOR186C-A_mRNA	8	348.9	60.88	69.0	0.62	60.25	1.0	0.2136	-59.62
YOR186W_mRNA	14	437.1	84.93	82.0	10.21	74.71	1.0	0.1849	-64.5
YOR187W_mRNA	688	743.1	44.46	15.0	2.07	42.39	0.9927	0.078	-40.31
YOR188W_mRNA	84	603.3	66.73	68.5	13.5	53.23	1.0	0.1635	-39.73
YOR189W_mRNA	169	462.9	39.18	11.0	4.78	34.4	0.9882	0.091	-29.62
YOR190W_mRNA	30	634.7	83.6	75.5	29.4	54.2	1.0	0.1393	-24.8
YOR191W_mRNA	69	775.0	247.26	215.0	2.16	245.1	0.9855	0.3441	-242.94
YOR192C-A_mRNA	16	418.5	83.94	80.5	6.19	77.75	1.0	0.2111	-71.56
YOR192C-B_mRNA	480	1155.1	295.18	321.0	3.02	292.15	0.9875	0.2869	-289.13
YOR192C-C_mRNA	55	366.6	250.96	235.0	119.11	131.85	1.0	0.6067	-12.75
YOR192C_mRNA	24	1120.5	718.25	717.0	60.83	657.42	1.0	0.6654	-596.58
YOR193W_mRNA	105	781.7	77.94	79.0	29.15	48.79	0.981	0.104	-19.64
YOR194C_mRNA	111	448.6	42.24	11.0	2.35	39.89	0.9279	0.1026	-37.54
YOR195W_mRNA	125	924.3	64.54	74.0	1.75	62.78	0.976	0.082	-61.03
YOR196C_mRNA	228	657.4	43.93	11.0	2.0	41.93	0.9825	0.0847	-39.93
YOR197W_mRNA	405	684.5	46.14	24.0	2.2	43.95	0.9778	0.0852	-41.75
YOR198C_mRNA	776	746.5	43.14	14.0	2.67	40.47	0.9807	0.0757	-37.81
YOR200W_mRNA	7	245.9	70.71	73.0	4.14	66.57	1.0	0.3028	-62.43
YOR201C_mRNA	85	757.1	54.81	68.0	1.2	53.61	1.0	0.111	-52.41
YOR202W_mRNA	125	511.7	47.42	25.0	1.84	45.58	1.0	0.099	-43.74
YOR203W_mRNA	7	187.6	40.86	15.0	3.71	37.14	1.0	0.185	-33.43
YOR204W_mRNA	1028	481.1	54.38	71.0	3.21	51.17	0.9961	0.1404	-47.96
YOR205C_mRNA	47	647.4	72.06	71.0	2.32	69.74	1.0	0.1455	-67.43
YOR206W_mRNA	333	820.1	52.39	57.0	2.16	50.23	0.982	0.0888	-48.07
YOR207C_mRNA	293	618.8	75.25	66.0	4.83	70.42	0.9761	0.164	-65.58
YOR208W_mRNA	213	774.9	163.39	174.0	9.63	153.76	1.0	0.2866	-144.13
YOR209C_mRNA	502	771.6	53.44	70.0	2.64	50.8	0.992	0.0997	-48.16
YOR210W_mRNA	1268	474.4	38.02	11.0	1.55	36.47	0.9984	0.0798	-34.92
YOR211C_mRNA	116	733.3	34.44	9.0	1.49	32.95	1.0	0.0598	-31.46
YOR212W_mRNA	241	725.1	55.43	57.0	4.47	50.96	0.9959	0.1021	-46.49
YOR213C_mRNA	135	536.9	54.07	64.0	4.72	49.36	0.9926	0.1299	-44.64
YOR215C_mRNA	502	612.1	50.54	20.0	4.01	46.53	1.0	0.087	-42.51
YOR216C_mRNA	112	596.4	61.08	20.5	4.17	56.91	0.9911	0.0981	-52.74
YOR217W_mRNA	232	553.0	65.66	67.5	22.97	42.69	0.9741	0.1413	-19.72
YOR219C_mRNA	49	1103.9	250.24	299.0	7.59	242.65	0.9796	0.2417	-235.06
YOR220W_mRNA	212	658.8	57.06	71.5	3.18	53.88	0.9906	0.1073	-50.7
YOR221C_mRNA	77	865.6	48.94	17.0	7.13	41.81	0.974	0.0673	-34.68
YOR222W_mRNA	606	592.9	66.31	71.5	10.31	56.0	1.0	0.1322	-45.69
YOR223W_mRNA	34	309.2	38.44	11.0	2.06	36.38	0.9706	0.1349	-34.32
YOR224C_mRNA	596	461.2	41.79	13.5	2.69	39.1	0.9732	0.0934	-36.42
YOR225W_mRNA	27	253.3	47.19	33.0	5.07	42.11	1.0	0.1727	-37.04
YOR226C_mRNA	148	527.1	62.91	66.5	12.29	50.62	0.9932	0.1216	-38.33
YOR227W_mRNA	88	963.0	170.18	173.0	5.18	165.0	0.9886	0.2431	-159.82
YOR228C_mRNA	59	587.9	53.44	71.0	8.63	44.81	0.9661	0.1276	-36.19
YOR229W_mRNA	97	469.4	60.53	41.0	17.57	42.96	1.0	0.147	-25.39
YOR230W_mRNA	536	907.0	54.54	71.0	3.93	50.61	0.9888	0.0903	-46.68
YOR231W_mRNA	150	673.9	46.59	22.5	1.71	44.89	0.9933	0.0834	-43.18
YOR232W_mRNA	1231	667.7	47.5	36.0	9.2	38.3	0.9919	0.0762	-29.09
YOR233W_mRNA	38	956.3	56.26	23.0	2.55	53.71	1.0	0.0963	-51.16
YOR234C_mRNA	7064	427.4	46.99	19.0	6.07	40.92	0.9963	0.1033	-34.85
YOR236W_mRNA	74	527.0	48.73	22.0	5.09	43.64	1.0	0.1071	-38.54
YOR237W_mRNA	6	742.8	111.67	107.0	18.33	93.33	1.0	0.1703	-75.0
YOR238W_mRNA	92	530.4	51.98	44.5	4.17	47.8	0.9783	0.1096	-43.63
YOR239W_mRNA	187	687.3	50.43	41.0	2.33	48.1	0.984	0.0918	-45.78
YOR241W_mRNA	319	860.3	178.5	164.0	5.95	172.54	0.9969	0.261	-166.59
YOR242C_mRNA	34	394.8	155.76	149.5	87.0	68.76	1.0	0.4065	18.24
YOR243C_mRNA	584	848.7	49.35	29.0	4.23	45.12	0.9914	0.0847	-40.9
YOR244W_mRNA	97	682.6	46.61	27.0	1.92	44.69	1.0	0.0867	-42.77
YOR245C_mRNA	144	808.7	48.47	24.0	2.67	45.79	1.0	0.0728	-43.12
YOR246C_mRNA	191	679.0	43.6	19.0	3.84	39.76	0.9895	0.0799	-35.93
YOR247W_mRNA	8	606.1	245.88	219.0	187.62	58.25	1.0	0.4319	129.38
YOR248W_mRNA	1072	654.8	130.34	92.0	63.56	66.78	0.9963	0.1885	-3.23
YOR249C_mRNA	67	858.5	74.24	71.0	19.06	55.18	1.0	0.1462	-36.12
YOR250C_mRNA	50	719.2	41.18	12.0	1.62	39.56	1.0	0.0821	-37.94
YOR251C_mRNA	110	687.4	50.12	22.0	4.18	45.94	1.0	0.0942	-41.75
YOR252W_mRNA	232	551.8	41.22	12.5	2.8	38.42	0.9914	0.0781	-35.62
YOR253W_mRNA	354	556.2	53.03	68.5	2.83	50.2	0.9972	0.1073	-47.36
YOR254C_mRNA	354	870.8	41.2	18.0	3.09	38.11	0.9718	0.0662	-35.01
YOR256C_mRNA	157	1045.0	50.17	23.0	3.32	46.84	1.0	0.0702	-43.52
YOR257W_mRNA	199	505.0	49.0	15.0	4.28	44.72	1.0	0.0999	-40.44
YOR258W_mRNA	226	522.3	49.4	19.0	2.4	47.0	0.9867	0.101	-44.61
YOR259C_mRNA	229	860.2	44.13	12.0	1.7	42.43	0.9825	0.0624	-40.73
YOR260W_mRNA	163	663.2	46.8	19.0	3.77	43.02	0.9877	0.0863	-39.25
YOR261C_mRNA	1061	902.5	56.96	66.0	6.98	49.98	0.9962	0.073	-42.99
YOR262W_mRNA	34	527.2	45.09	11.5	2.15	42.94	0.9706	0.1055	-40.79
YOR264W_mRNA	104	685.7	60.92	71.5	3.66	57.26	0.9904	0.1133	-53.6
YOR265W_mRNA	341	427.2	37.36	14.0	2.96	34.4	0.9912	0.0854	-31.44
YOR266W_mRNA	62	588.9	56.63	70.5	1.76	54.87	0.9839	0.1141	-53.11
YOR267C_mRNA	274	685.0	69.61	79.0	8.96	60.65	1.0	0.1451	-51.68
YOR268C_mRNA	13	518.7	196.85	186.0	90.23	106.62	1.0	0.33	-16.38
YOR269W_mRNA	62	501.1	56.21	26.0	14.26	41.95	1.0	0.1162	-27.69
YOR270C_mRNA	998	791.8	51.09	69.0	3.47	47.62	0.988	0.0949	-44.15
YOR271C_mRNA	448	685.5	46.71	24.5	2.21	44.5	0.9978	0.0852	-42.29
YOR272W_mRNA	271	666.3	40.89	14.0	3.24	37.65	0.9631	0.085	-34.41
YOR273C_mRNA	173	603.0	88.58	74.0	28.16	60.42	0.9884	0.1695	-32.25
YOR274W_mRNA	131	739.0	63.98	73.0	10.74	53.24	1.0	0.1214	-42.5
YOR275C_mRNA	76	699.3	43.79	15.5	2.55	41.24	1.0	0.0801	-38.68
YOR276W_mRNA	1134	505.8	71.53	63.0	28.44	43.09	0.9956	0.1724	-14.65
YOR278W_mRNA	74	504.6	91.24	49.0	56.85	34.39	1.0	0.2457	22.46
YOR279C_mRNA	62	590.5	43.61	12.5	3.4	40.21	0.9839	0.0787	-36.81
YOR280C_mRNA	141	554.2	64.14	75.0	16.72	47.42	1.0	0.1566	-30.7
YOR281C_mRNA	123	642.6	59.02	62.0	9.83	49.19	1.0	0.1127	-39.36
YOR283W_mRNA	400	639.9	49.19	58.0	2.52	46.66	0.9825	0.087	-44.14
YOR284W_mRNA	39	618.8	61.62	71.0	8.92	52.69	1.0	0.1035	-43.77
YOR285W_mRNA	996	476.5	45.3	19.5	1.55	43.75	0.996	0.0977	-42.19
YOR286W_mRNA	323	500.7	45.74	15.0	4.8	40.94	0.9938	0.0911	-36.15
YOR287C_mRNA	25	518.1	38.52	9.0	4.16	34.36	1.0	0.0817	-30.2
YOR288C_mRNA	197	593.7	45.84	18.0	3.42	42.43	1.0	0.0968	-39.01
YOR289W_mRNA	99	693.7	50.41	30.0	1.57	48.85	0.9899	0.0761	-47.28
YOR290C_mRNA	55	735.1	137.36	146.0	1.91	135.45	1.0	0.2556	-133.55
YOR291W_mRNA	101	693.0	43.62	13.0	2.25	41.38	0.9901	0.0834	-39.13
YOR292C_mRNA	51	560.7	47.35	24.0	4.69	42.67	1.0	0.1115	-37.98
YOR293C-A_mRNA	53	149.9	45.09	16.0	7.51	37.58	1.0	0.2478	-30.08
YOR293W_mRNA	16058	473.7	41.75	13.0	4.74	37.01	0.9947	0.0845	-32.26
YOR294W_mRNA	63	423.3	35.87	12.0	1.84	34.03	0.9365	0.1032	-32.19
YOR295W_mRNA	122	518.8	53.5	28.0	5.0	48.5	1.0	0.1265	-43.5
YOR296W_mRNA	46	684.2	161.04	182.5	22.61	138.43	1.0	0.3293	-115.83
YOR297C_mRNA	76	526.8	53.14	68.0	5.95	47.2	0.9737	0.1083	-41.25
YOR298C-A_mRNA	4275	567.6	47.88	24.0	2.95	44.93	0.9977	0.0922	-41.98
YOR298W_mRNA	31	456.5	83.03	77.0	18.77	64.26	1.0	0.1851	-45.48
YOR299W_mRNA	177	821.2	58.54	69.0	2.61	55.93	0.9944	0.0945	-53.32
YOR300W_mRNA	8	216.2	68.5	79.5	5.25	63.25	1.0	0.3037	-58.0
YOR301W_mRNA	30	708.3	69.53	74.0	4.33	65.2	1.0	0.1363	-60.87
YOR302W_mRNA	33	400.8	55.45	76.0	1.67	53.79	1.0	0.1559	-52.12
YOR303W_mRNA	584	656.3	58.48	55.5	11.73	46.76	0.9897	0.1104	-35.03
YOR304C-A_mRNA	105	440.6	44.22	15.0	4.06	40.16	1.0	0.1022	-36.1
YOR304W_mRNA	114	790.4	59.87	53.5	4.39	55.47	0.9912	0.1056	-51.08
YOR305W_mRNA	470	736.8	53.29	67.0	5.02	48.27	0.9979	0.0883	-43.25
YOR306C_mRNA	329	883.3	53.25	67.0	4.27	48.98	0.9939	0.088	-44.71
YOR307C_mRNA	127	780.4	76.67	74.0	17.79	58.88	0.9685	0.1088	-41.09
YOR308C_mRNA	17	980.6	347.65	261.0	1.12	346.53	1.0	0.3503	-345.41
YOR309C_mRNA	288	408.6	40.36	11.0	3.84	36.52	0.9653	0.114	-32.68
YOR310C_mRNA	8	1078.2	58.88	12.0	6.62	52.25	0.875	0.0415	-45.62
YOR311C_mRNA	265	582.6	51.46	69.0	2.83	48.64	0.9811	0.1109	-45.81
YOR312C_mRNA	15817	562.9	40.0	12.0	3.37	36.63	0.9936	0.0716	-33.26
YOR313C_mRNA	17	588.4	65.41	30.0	29.29	36.12	1.0	0.1634	-6.82
YOR315W_mRNA	92	540.2	55.38	73.5	2.15	53.23	1.0	0.1149	-51.08
YOR316C-A_mRNA	11	346.5	71.91	61.0	2.18	69.73	1.0	0.2522	-67.55
YOR316C_mRNA	102	774.8	52.36	60.0	6.93	45.43	0.9804	0.101	-38.5
YOR317W_mRNA	582	865.0	56.22	70.5	1.97	54.24	0.9897	0.0882	-52.27
YOR318C_mRNA	60	340.8	62.22	55.5	8.8	53.42	1.0	0.173	-44.62
YOR319W_mRNA	68	722.7	75.82	66.0	10.09	65.74	1.0	0.1048	-55.65
YOR320C_mRNA	239	867.8	66.33	74.0	8.06	58.27	0.9958	0.0931	-50.21
YOR321W_mRNA	77	732.0	65.44	76.0	3.01	62.43	0.9351	0.1236	-59.42
YOR322C_mRNA	69	766.1	147.55	143.0	8.23	139.32	0.971	0.2559	-131.09
YOR323C_mRNA	423	720.7	47.84	23.0	2.41	45.43	0.9929	0.0923	-43.02
YOR324C_mRNA	61	546.5	71.52	84.0	2.18	69.34	1.0	0.1623	-67.16
YOR326W_mRNA	293	904.9	177.34	180.0	4.88	172.46	0.9932	0.2794	-167.57
YOR327C_mRNA	396	436.0	56.32	69.0	10.13	46.19	0.9823	0.1513	-36.06
YOR328W_mRNA	51	730.2	161.49	140.0	1.94	159.55	1.0	0.2679	-157.61
YOR329C_mRNA	94	644.0	162.03	162.5	12.8	149.23	1.0	0.3055	-136.44
YOR329W-A_mRNA	20	367.6	88.5	83.5	31.1	57.4	1.0	0.2747	-26.3
YOR330C_mRNA	37	729.8	103.19	84.0	2.84	100.35	1.0	0.1904	-97.51
YOR332W_mRNA	1005	565.8	46.41	19.0	2.69	43.72	0.999	0.0908	-41.02
YOR334W_mRNA	34	805.8	96.32	73.5	2.56	93.76	0.9706	0.146	-91.21
YOR335C_mRNA	1429	839.3	49.46	40.0	2.07	47.39	0.9811	0.0785	-45.32
YOR336W_mRNA	81	961.9	49.48	22.0	2.01	47.47	0.9877	0.0823	-45.46
YOR337W_mRNA	94	756.1	50.78	58.0	2.8	47.98	1.0	0.1046	-45.18
YOR338W_mRNA	41	426.0	39.76	16.0	1.46	38.29	1.0	0.1068	-36.83
YOR339C_mRNA	44	381.3	42.3	23.5	2.68	39.61	1.0	0.1224	-36.93
YOR340C_mRNA	70	677.2	51.6	27.0	9.61	41.99	1.0	0.0923	-32.37
YOR341W_mRNA	813	919.2	303.79	297.0	2.17	301.63	0.9914	0.4015	-299.46
YOR342C_mRNA	215	641.6	58.57	71.0	8.87	49.7	0.9953	0.1197	-40.84
YOR343C_mRNA	6	590.7	213.5	117.0	5.0	208.5	1.0	0.3419	-203.5
YOR343W-A_mRNA	25	469.3	112.88	96.0	1.52	111.36	1.0	0.2315	-109.84
YOR343W-B_mRNA	1488	828.0	339.75	332.0	2.37	337.38	0.9993	0.4296	-335.01
YOR344C_mRNA	527	710.3	129.58	132.0	4.85	124.73	0.9943	0.2193	-119.88
YOR346W_mRNA	86	743.4	54.99	25.5	9.84	45.15	1.0	0.0933	-35.31
YOR347C_mRNA	101	580.9	45.94	20.0	2.66	43.28	1.0	0.0932	-40.61
YOR348C_mRNA	36	1001.7	201.64	184.0	5.97	195.67	0.9722	0.2483	-189.69
YOR349W_mRNA	45	562.1	105.91	96.0	22.73	83.18	1.0	0.2162	-60.44
YOR350C_mRNA	57	703.8	110.53	91.0	3.26	107.26	1.0	0.1849	-104.0
YOR352W_mRNA	55	697.4	78.45	85.0	1.45	77.0	1.0	0.1487	-75.55
YOR353C_mRNA	84	820.7	180.4	171.5	4.02	176.38	1.0	0.2999	-172.36
YOR354C_mRNA	154	681.3	48.4	20.5	1.55	46.85	1.0	0.0924	-45.3
YOR355W_mRNA	299	763.4	56.43	48.0	4.91	51.52	0.9933	0.1053	-46.62
YOR356W_mRNA	96	826.8	63.86	75.5	1.84	62.02	1.0	0.0984	-60.18
YOR357C_mRNA	265	542.1	43.74	14.0	6.03	37.71	0.9774	0.0827	-31.68
YOR358W_mRNA	39	508.8	41.05	11.0	1.05	40.0	1.0	0.0922	-38.95
YOR359W_mRNA	77	651.0	44.3	18.0	1.97	42.32	1.0	0.0824	-40.35
YOR360C_mRNA	233	807.4	59.62	74.0	2.34	57.28	0.9914	0.1112	-54.94
YOR361C_mRNA	997	858.9	139.0	139.0	2.71	136.29	0.993	0.2358	-133.57
YOR362C_mRNA	401	712.1	66.17	68.0	2.26	63.91	0.9925	0.1078	-61.65
YOR363C_mRNA	22	1012.1	313.68	351.5	13.45	300.23	1.0	0.4031	-286.77
YOR364W_mRNA	9	314.9	110.44	89.0	49.0	61.44	1.0	0.3303	-12.44
YOR366W_mRNA	7	606.6	94.14	72.0	4.57	89.57	1.0	0.1394	-85.0
YOR367W_mRNA	123	504.9	43.57	15.0	7.42	36.15	1.0	0.0918	-28.72
YOR368W_mRNA	44	756.2	91.32	86.5	24.16	67.16	1.0	0.1803	-43.0
YOR369C_mRNA	24526	516.6	43.34	15.0	2.55	40.79	0.9821	0.0854	-38.24
YOR370C_mRNA	181	649.6	44.33	19.0	5.19	39.14	0.9834	0.0977	-33.96
YOR371C_mRNA	6	434.5	69.83	86.5	14.17	55.67	0.8333	0.1755	-41.5
YOR372C_mRNA	75	661.8	55.21	72.0	6.88	48.33	1.0	0.1231	-41.45
YOR373W_mRNA	28	1002.5	144.0	170.0	6.29	137.71	1.0	0.2242	-131.43
YOR374W_mRNA	121	842.8	50.35	59.0	1.68	48.67	0.9504	0.0861	-46.99
YOR375C_mRNA	1882	732.3	40.26	12.0	2.3	37.96	0.9793	0.0705	-35.66
YOR376W-A_mRNA	50	594.5	62.56	71.0	14.26	48.3	1.0	0.119	-34.04
YOR376W_mRNA	6	636.8	306.83	214.0	225.5	81.33	1.0	0.4127	144.17
YOR377W_mRNA	151	724.1	99.35	65.0	51.97	47.38	1.0	0.1392	4.58
YOR378W_mRNA	14	801.2	337.57	53.0	7.29	330.29	1.0	0.2399	-323.0
YOR380W_mRNA	49	496.0	60.24	73.0	2.9	57.35	1.0	0.147	-54.45
YOR381W-A_mRNA	7	656.9	109.86	79.0	5.14	104.71	1.0	0.1744	-99.57
YOR381W_mRNA	47	798.2	75.02	62.0	35.11	39.91	0.9787	0.1246	-4.81
YOR382W_mRNA	75	353.6	49.03	64.0	6.16	42.87	1.0	0.1464	-36.71
YOR383C_mRNA	73	688.3	84.01	76.0	23.66	60.36	1.0	0.1319	-36.7
YOR385W_mRNA	532	660.3	49.08	13.5	5.73	43.35	0.9906	0.0811	-37.62
YOR386W_mRNA	69	1180.3	363.62	339.0	1.71	361.91	1.0	0.3361	-360.2
YOR388C_mRNA	10	910.1	331.4	237.0	43.4	288.0	1.0	0.3999	-244.6
YOR389W_mRNA	38	924.4	268.05	303.5	10.39	257.66	1.0	0.3447	-247.26
YOR390W_mRNA	41	620.5	59.0	61.0	2.49	56.51	1.0	0.1165	-54.02
YOR396W_mRNA	79	506.7	87.13	81.0	2.8	84.33	1.0	0.2037	-81.53
YPL001W_mRNA	127	773.5	58.1	57.0	6.31	51.79	0.9764	0.091	-45.47
YPL002C_mRNA	98	697.8	51.99	36.5	3.79	48.2	1.0	0.084	-44.42
YPL003W_mRNA	64	683.6	52.81	29.5	7.64	45.17	1.0	0.0921	-37.53
YPL004C_mRNA	607	687.2	48.99	24.0	4.03	44.96	0.9835	0.0949	-40.93
YPL005W_mRNA	102	693.8	54.4	37.0	2.38	52.02	0.9804	0.1072	-49.64
YPL006W_mRNA	155	751.5	52.53	62.0	6.13	46.4	0.9935	0.099	-40.27
YPL007C_mRNA	58	849.1	61.47	23.0	1.78	59.69	1.0	0.0899	-57.91
YPL008W_mRNA	81	829.5	54.42	64.0	1.07	53.35	1.0	0.098	-52.27
YPL009C_mRNA	112	558.6	51.78	51.0	2.29	49.49	1.0	0.1103	-47.21
YPL010W_mRNA	925	628.7	43.93	14.0	2.26	41.67	0.9838	0.0739	-39.42
YPL011C_mRNA	67	569.7	49.88	15.0	1.91	47.97	0.9851	0.1163	-46.06
YPL012W_mRNA	202	494.2	44.51	23.0	2.14	42.38	0.9455	0.1111	-40.24
YPL013C_mRNA	263	485.2	43.01	13.0	3.52	39.49	0.9772	0.0894	-35.98
YPL014W_mRNA	76	693.1	47.22	32.0	2.46	44.76	1.0	0.091	-42.3
YPL015C_mRNA	93	768.7	52.53	30.0	1.44	51.09	1.0	0.0945	-49.65
YPL016W_mRNA	34	783.3	155.24	174.0	1.82	153.41	1.0	0.2961	-151.59
YPL017C_mRNA	10	605.5	72.4	79.5	28.1	44.3	1.0	0.1332	-16.2
YPL018W_mRNA	35	899.9	73.89	54.0	30.97	42.91	1.0	0.147	-11.94
YPL019C_mRNA	1411	658.8	46.38	18.0	2.88	43.5	0.9936	0.0927	-40.63
YPL020C_mRNA	192	738.4	71.63	75.0	22.47	49.16	0.974	0.1371	-26.68
YPL022W_mRNA	107	829.7	58.35	63.0	3.29	55.06	0.9907	0.1035	-51.77
YPL023C_mRNA	192	779.2	47.77	26.0	2.12	45.64	0.9948	0.0758	-43.52
YPL024W_mRNA	63	495.6	45.6	14.0	2.83	42.78	1.0	0.0973	-39.95
YPL026C_mRNA	130	751.9	55.19	70.5	4.88	50.31	0.9846	0.096	-45.42
YPL028W_mRNA	831	759.3	51.3	68.0	2.21	49.08	0.9964	0.0901	-46.87
YPL029W_mRNA	62	619.0	45.81	27.5	1.82	43.98	1.0	0.1037	-42.16
YPL030W_mRNA	69	684.0	54.23	39.0	8.23	46.0	1.0	0.1236	-37.77
YPL031C_mRNA	112	681.4	52.72	30.0	5.39	47.33	1.0	0.0954	-41.94
YPL032C_mRNA	219	851.1	59.59	76.0	3.56	56.03	0.9954	0.1068	-52.47
YPL034W_mRNA	84	579.2	57.32	73.5	7.87	49.45	1.0	0.1166	-41.58
YPL036W_mRNA	25	677.2	55.24	73.0	7.2	48.04	1.0	0.1481	-40.84
YPL037C_mRNA	2341	527.8	48.75	26.0	2.87	45.87	0.9966	0.0954	-43.0
YPL038W_mRNA	116	502.8	52.97	19.0	9.0	43.97	1.0	0.12	-34.97
YPL039W_mRNA	49	691.4	50.2	35.0	2.45	47.76	1.0	0.0861	-45.31
YPL040C_mRNA	21	1032.4	64.24	53.0	7.14	57.1	1.0	0.0642	-49.95
YPL041C_mRNA	81	544.6	59.69	73.0	2.46	57.23	0.9877	0.1266	-54.78
YPL042C_mRNA	63	866.9	141.87	81.0	87.0	54.87	1.0	0.2072	32.13
YPL043W_mRNA	163	573.4	51.85	20.0	2.1	49.75	0.9877	0.1127	-47.64
YPL045W_mRNA	135	902.4	52.68	40.0	2.65	50.03	0.9778	0.0733	-47.38
YPL046C_mRNA	107	511.3	62.31	65.0	12.21	50.09	1.0	0.1227	-37.88
YPL047W_mRNA	51	468.4	47.94	67.0	2.84	45.1	0.9804	0.113	-42.25
YPL048W_mRNA	780	740.8	47.38	31.5	3.98	43.4	0.9756	0.0823	-39.43
YPL049C_mRNA	131	684.0	55.7	70.0	6.09	49.61	0.9924	0.1194	-43.52
YPL050C_mRNA	385	758.3	52.34	20.0	3.58	48.76	0.9948	0.0892	-45.18
YPL051W_mRNA	52	523.6	40.96	21.5	5.29	35.67	0.9808	0.0953	-30.38
YPL052W_mRNA	329	767.9	49.04	64.0	2.19	46.86	0.9878	0.0741	-44.67
YPL053C_mRNA	417	796.4	47.07	23.0	2.79	44.29	0.9928	0.0774	-41.5
YPL054W_mRNA	37	508.6	184.78	146.0	5.46	179.32	1.0	0.3563	-173.86
YPL055C_mRNA	40	564.6	94.72	79.0	2.17	92.55	0.975	0.148	-90.38
YPL056C_mRNA	44	444.8	50.07	46.0	2.59	47.48	1.0	0.1164	-44.89
YPL057C_mRNA	220	879.3	55.84	69.5	7.15	48.69	0.9909	0.1031	-41.54
YPL058C_mRNA	90	799.2	241.4	271.0	4.5	236.9	0.9778	0.402	-232.4
YPL059W_mRNA	452	541.8	57.4	33.5	12.28	45.13	0.9889	0.1129	-32.85
YPL060C-A_mRNA	28	1039.2	343.29	418.0	1.25	342.04	1.0	0.3372	-340.79
YPL060W_mRNA	105	793.1	72.2	74.0	5.63	66.57	1.0	0.1303	-60.94
YPL061W_mRNA	672	804.6	48.15	51.5	4.42	43.73	0.9792	0.0821	-39.31
YPL063W_mRNA	144	752.7	44.77	13.0	8.38	36.4	0.9931	0.0813	-28.02
YPL064C_mRNA	50	658.7	49.88	21.0	2.32	47.56	0.98	0.0728	-45.24
YPL065W_mRNA	140	652.7	48.58	30.5	3.59	44.99	1.0	0.0783	-41.39
YPL066W_mRNA	111	691.7	55.47	63.0	3.12	52.35	1.0	0.116	-49.23
YPL067C_mRNA	84	555.4	56.05	72.5	3.75	52.3	0.9762	0.1217	-48.55
YPL068C_mRNA	14	484.0	43.14	45.5	3.07	40.07	1.0	0.1333	-37.0
YPL069C_mRNA	69	558.4	48.09	70.0	2.04	46.04	0.971	0.1034	-44.0
YPL070W_mRNA	210	898.8	54.98	64.5	2.69	52.3	1.0	0.081	-49.61
YPL071C_mRNA	137	458.5	54.11	40.0	7.64	46.47	1.0	0.1251	-38.84
YPL072W_mRNA	30	723.9	62.07	71.0	3.0	59.07	1.0	0.1058	-56.07
YPL074W_mRNA	86	672.6	49.35	16.0	2.44	46.91	1.0	0.0846	-44.47
YPL075W_mRNA	216	827.0	284.25	234.0	74.25	210.0	1.0	0.4218	-135.74
YPL076W_mRNA	82	543.1	55.24	67.5	7.79	47.45	1.0	0.1352	-39.66
YPL077C_mRNA	33	504.0	33.24	13.0	2.18	31.06	1.0	0.0729	-28.88
YPL078C_mRNA	1094	759.9	47.26	20.0	1.92	45.34	0.9945	0.0731	-43.43
YPL079W_mRNA	7772	553.4	44.3	17.0	3.12	41.18	0.9958	0.0836	-38.06
YPL080C_mRNA	18	196.0	45.39	44.0	1.5	43.89	1.0	0.203	-42.39
YPL081W_mRNA	614	554.6	45.3	12.0	7.74	37.56	0.9919	0.0885	-29.83
YPL082C_mRNA	106	961.4	150.04	143.5	5.22	144.82	1.0	0.2746	-139.6
YPL083C_mRNA	114	512.9	40.23	12.5	1.89	38.33	0.9737	0.0898	-36.44
YPL084W_mRNA	69	1029.5	58.19	20.0	15.55	42.64	0.9855	0.0666	-27.09
YPL085W_mRNA	93	608.1	142.34	119.0	5.22	137.13	1.0	0.2868	-131.91
YPL086C_mRNA	247	741.0	47.38	17.0	2.36	45.01	0.996	0.0915	-42.65
YPL087W_mRNA	397	787.6	59.29	75.0	2.85	56.44	0.995	0.0976	-53.58
YPL088W_mRNA	213	726.4	55.53	17.0	6.44	49.08	0.9953	0.0836	-42.64
YPL089C_mRNA	299	641.1	79.61	84.0	4.41	75.19	1.0	0.1613	-70.78
YPL090C_mRNA	7637	685.8	38.04	9.0	2.0	36.05	0.9937	0.0609	-34.05
YPL091W_mRNA	351	799.1	50.2	32.0	3.32	46.88	1.0	0.0855	-43.56
YPL092W_mRNA	129	601.4	53.16	57.0	3.24	49.92	1.0	0.1246	-46.68
YPL093W_mRNA	303	592.8	54.05	67.0	7.21	46.84	0.9934	0.1193	-39.63
YPL094C_mRNA	299	611.6	42.02	14.0	2.34	39.67	0.9933	0.0782	-37.33
YPL095C_mRNA	71	615.1	49.77	67.0	2.66	47.11	1.0	0.0897	-44.45
YPL096C-A_mRNA	43	403.4	107.0	104.0	0.63	106.37	1.0	0.2685	-105.74
YPL096W_mRNA	128	648.5	46.59	25.5	3.41	43.19	0.9844	0.0911	-39.78
YPL097W_mRNA	47	739.3	41.34	21.0	2.64	38.7	1.0	0.0774	-36.06
YPL098C_mRNA	156	490.7	96.82	89.0	7.44	89.38	1.0	0.2132	-81.94
YPL099C_mRNA	193	522.2	53.84	17.0	2.41	51.43	0.9896	0.1132	-49.02
YPL100W_mRNA	56	795.6	64.61	76.0	7.29	57.32	1.0	0.1048	-50.04
YPL101W_mRNA	90	656.8	43.1	20.5	1.2	41.9	0.9778	0.0928	-40.7
YPL103C_mRNA	95	548.4	43.84	19.0	5.44	38.4	1.0	0.0921	-32.96
YPL104W_mRNA	25	1164.1	188.24	172.0	23.12	165.12	1.0	0.1694	-142.0
YPL105C_mRNA	319	518.8	64.34	55.0	26.84	37.5	0.9937	0.1998	-10.67
YPL106C_mRNA	2536	711.1	42.17	12.0	2.04	40.13	0.9886	0.0772	-38.09
YPL107W_mRNA	72	571.8	41.08	14.5	2.32	38.76	1.0	0.0766	-36.44
YPL108W_mRNA	29	496.2	50.0	37.0	1.76	48.24	1.0	0.1249	-46.48
YPL109C_mRNA	56	702.5	132.84	119.5	16.11	116.73	1.0	0.2286	-100.62
YPL110C_mRNA	106	673.5	131.42	111.5	9.83	121.58	1.0	0.2396	-111.75
YPL111W_mRNA	149	707.1	51.6	50.0	4.35	47.26	0.9463	0.0969	-42.91
YPL112C_mRNA	164	493.1	57.87	71.5	1.73	56.14	1.0	0.1231	-54.41
YPL113C_mRNA	26	597.2	109.54	76.5	42.92	66.62	1.0	0.2447	-23.69
YPL114W_mRNA	15	855.1	85.07	89.0	11.8	73.27	1.0	0.1686	-61.47
YPL115C_mRNA	54	988.9	240.43	238.0	9.09	231.33	1.0	0.323	-222.24
YPL116W_mRNA	40	786.8	76.82	76.5	28.25	48.58	1.0	0.1466	-20.32
YPL117C_mRNA	604	737.1	54.37	69.5	2.52	51.85	0.9785	0.0875	-49.33
YPL118W_mRNA	242	688.9	48.05	28.0	3.17	44.88	1.0	0.0852	-41.71
YPL119C-A_mRNA	15	515.3	46.87	39.0	4.27	42.6	1.0	0.0933	-38.33
YPL120W_mRNA	60	674.6	53.37	67.5	1.15	52.22	1.0	0.1154	-51.07
YPL122C_mRNA	84	668.2	45.32	13.0	2.07	43.25	0.9881	0.0853	-41.18
YPL123C_mRNA	163	827.2	53.56	40.0	5.21	48.34	1.0	0.089	-43.13
YPL124W_mRNA	30	524.8	75.87	74.0	17.1	58.77	1.0	0.1642	-41.67
YPL125W_mRNA	205	906.7	112.33	100.0	7.22	105.1	0.9951	0.1836	-97.88
YPL126W_mRNA	283	819.0	146.96	139.0	3.51	143.45	0.9929	0.2661	-139.94
YPL127C_mRNA	150	717.2	49.43	27.5	3.79	45.63	1.0	0.0855	-41.84
YPL128C_mRNA	43	662.1	73.72	79.0	2.95	70.77	0.9767	0.1262	-67.81
YPL129W_mRNA	183	568.1	48.14	34.0	5.89	42.25	0.9945	0.1056	-36.37
YPL131W_mRNA	4796	755.8	45.85	18.0	2.79	43.06	0.9942	0.0735	-40.27
YPL132W_mRNA	67	673.1	87.01	67.0	8.19	78.82	1.0	0.1587	-70.63
YPL133C_mRNA	19	701.8	42.63	10.0	18.53	24.11	1.0	0.0695	-5.58
YPL134C_mRNA	62	658.0	47.73	25.5	1.71	46.02	1.0	0.096	-44.31
YPL135W_mRNA	358	677.2	51.63	63.0	2.42	49.21	0.9916	0.0887	-46.79
YPL136W_mRNA	10	424.4	49.6	39.5	9.1	40.5	1.0	0.105	-31.4
YPL137C_mRNA	93	821.8	187.4	172.0	5.17	182.23	0.9892	0.3296	-177.05
YPL138C_mRNA	49	644.3	41.63	14.0	1.33	40.31	1.0	0.0866	-38.98
YPL139C_mRNA	93	683.2	48.39	15.0	4.06	44.32	0.957	0.0891	-40.26
YPL140C_mRNA	78	623.1	49.1	27.5	6.67	42.44	0.9872	0.1171	-35.77
YPL141C_mRNA	40	913.8	258.6	257.0	7.15	251.45	1.0	0.3673	-244.3
YPL142C_mRNA	13	295.2	81.23	92.0	1.38	79.85	0.8462	0.2397	-78.46
YPL143W_mRNA	8847	434.8	41.23	14.0	3.51	37.73	0.9764	0.092	-34.22
YPL144W_mRNA	130	533.2	89.05	77.0	3.57	85.48	1.0	0.1714	-81.92
YPL145C_mRNA	514	762.7	51.5	69.0	3.18	48.31	0.9961	0.1001	-45.13
YPL146C_mRNA	403	677.2	51.1	20.0	1.45	49.65	1.0	0.095	-48.2
YPL147W_mRNA	51	623.7	109.96	102.0	3.49	106.47	1.0	0.2064	-102.98
YPL148C_mRNA	106	488.0	64.25	69.5	12.55	51.7	0.9623	0.132	-39.15
YPL149W_mRNA	326	669.7	46.0	13.5	2.65	43.35	0.9785	0.0752	-40.7
YPL150W_mRNA	114	734.9	156.41	137.5	10.04	146.38	1.0	0.2731	-136.34
YPL151C_mRNA	204	669.8	68.32	62.5	2.68	65.64	0.9902	0.1217	-62.97
YPL152W-A_mRNA	12	532.8	22.17	6.5	0.83	21.33	1.0	0.0427	-20.5
YPL152W_mRNA	74	637.6	60.72	22.5	16.03	44.69	0.9865	0.1196	-28.66
YPL153C_mRNA	49	758.2	61.43	67.0	19.69	41.73	1.0	0.1552	-22.04
YPL154C_mRNA	547	869.4	45.09	56.0	2.29	42.8	0.9909	0.0714	-40.51
YPL155C_mRNA	71	634.1	50.73	34.0	2.1	48.63	1.0	0.1222	-46.54
YPL156C_mRNA	99	555.4	57.48	68.0	4.98	52.51	0.9798	0.1343	-47.53
YPL157W_mRNA	66	629.6	52.95	45.5	2.05	50.91	1.0	0.0999	-48.86
YPL158C_mRNA	39	458.6	51.31	62.0	2.13	49.18	0.9744	0.1528	-47.05
YPL159C_mRNA	66	547.4	64.88	73.5	16.8	48.08	1.0	0.1576	-31.27
YPL160W_mRNA	1744	858.4	53.34	32.0	3.3	50.04	0.9914	0.0865	-46.73
YPL161C_mRNA	61	572.7	105.74	99.0	3.61	102.13	1.0	0.2278	-98.52
YPL162C_mRNA	59	811.4	89.53	79.0	3.81	85.71	0.9831	0.1398	-81.9
YPL163C_mRNA	656	555.1	54.53	69.0	4.11	50.42	0.9832	0.1159	-46.32
YPL164C_mRNA	18	852.6	138.44	150.0	3.44	135.0	1.0	0.2334	-131.56
YPL165C_mRNA	9	721.6	87.33	91.0	3.78	83.56	1.0	0.1314	-79.78
YPL166W_mRNA	70	659.2	68.89	77.0	4.73	64.16	1.0	0.16	-59.43
YPL167C_mRNA	65	735.0	84.23	92.0	1.86	82.37	1.0	0.1514	-80.51
YPL168W_mRNA	115	683.6	50.23	19.0	3.57	46.66	0.9826	0.0868	-43.09
YPL169C_mRNA	153	695.2	47.58	24.0	3.56	44.02	0.9869	0.0984	-40.46
YPL170W_mRNA	1028	536.2	49.61	33.0	2.61	47.0	0.9981	0.095	-44.38
YPL171C_mRNA	72	454.3	51.22	70.0	5.33	45.89	0.9861	0.1284	-40.56
YPL172C_mRNA	96	611.3	56.88	69.0	2.23	54.65	0.9896	0.1216	-52.42
YPL173W_mRNA	82	647.0	41.22	12.5	1.74	39.48	0.9878	0.085	-37.73
YPL174C_mRNA	38	950.1	118.26	97.0	19.47	98.79	1.0	0.1338	-79.32
YPL175W_mRNA	128	605.6	46.71	11.5	8.22	38.49	1.0	0.0847	-30.27
YPL176C_mRNA	241	807.9	54.21	69.0	5.16	49.05	0.9917	0.0953	-43.89
YPL177C_mRNA	128	789.4	50.71	60.5	3.27	47.45	1.0	0.0818	-44.18
YPL178W_mRNA	392	623.2	42.48	19.5	3.21	39.27	0.9847	0.0742	-36.06
YPL179W_mRNA	158	791.3	47.89	22.0	2.27	45.62	1.0	0.0803	-43.35
YPL180W_mRNA	66	674.3	59.62	71.0	2.86	56.76	1.0	0.1375	-53.89
YPL181W_mRNA	117	605.5	52.54	25.0	1.68	50.86	0.9915	0.1104	-49.19
YPL183C_mRNA	116	791.7	46.11	34.0	2.23	43.88	0.9914	0.0856	-41.65
YPL183W-A_mRNA	162	431.6	56.93	26.5	9.53	47.4	0.9877	0.1222	-37.87
YPL184C_mRNA	214	746.7	51.3	66.0	3.12	48.18	0.9953	0.1012	-45.07
YPL185W_mRNA	17	277.0	59.82	60.0	6.88	52.94	1.0	0.2277	-46.06
YPL186C_mRNA	28	512.8	213.5	220.5	1.07	212.43	1.0	0.4603	-211.36
YPL187W_mRNA	2669	625.9	58.36	73.0	3.07	55.29	0.9963	0.0986	-52.22
YPL188W_mRNA	178	581.1	42.83	18.0	1.65	41.18	1.0	0.0981	-39.53
YPL189C-A_mRNA	340	488.3	49.98	25.5	4.73	45.25	0.9941	0.1011	-40.52
YPL189W_mRNA	59	427.4	41.69	13.0	4.32	37.37	0.9831	0.1145	-33.05
YPL190C_mRNA	119	894.6	54.13	66.0	2.24	51.89	1.0	0.0902	-49.65
YPL191C_mRNA	77	761.1	58.88	66.0	3.42	55.47	0.987	0.1181	-52.05
YPL193W_mRNA	115	658.1	53.86	68.0	1.9	51.97	0.9913	0.1016	-50.07
YPL194W_mRNA	15	566.7	59.47	78.0	7.4	52.07	1.0	0.1077	-44.67
YPL195W_mRNA	160	691.0	60.96	72.5	1.49	59.47	0.9812	0.1261	-57.98
YPL196W_mRNA	157	509.1	43.96	18.0	5.06	38.9	0.9873	0.1014	-33.85
YPL198W_mRNA	984	550.2	51.94	15.0	12.01	39.92	0.9827	0.1029	-27.91
YPL199C_mRNA	133	629.3	53.91	23.0	9.83	44.08	0.9774	0.0857	-34.24
YPL201C_mRNA	12	624.2	166.0	71.5	99.25	66.75	1.0	0.2151	32.5
YPL202C_mRNA	70	781.2	78.59	79.5	1.83	76.76	0.9857	0.137	-74.93
YPL203W_mRNA	112	801.1	47.97	44.5	3.95	44.03	0.9911	0.0877	-40.08
YPL204W_mRNA	226	792.1	52.92	67.0	3.42	49.5	0.9823	0.099	-46.08
YPL205C_mRNA	6	379.8	206.17	221.5	7.17	199.0	1.0	0.5171	-191.83
YPL206C_mRNA	164	713.2	56.81	72.0	3.49	53.32	0.9695	0.0987	-49.82
YPL207W_mRNA	292	752.1	52.07	29.5	1.83	50.24	0.9897	0.0928	-48.41
YPL208W_mRNA	98	785.1	53.19	69.5	4.74	48.45	0.9694	0.0977	-43.7
YPL209C_mRNA	17	562.1	44.82	17.0	0.94	43.88	1.0	0.0789	-42.94
YPL210C_mRNA	496	915.4	45.05	14.5	2.54	42.52	0.9919	0.0706	-39.98
YPL211W_mRNA	1337	612.4	46.27	25.0	3.3	42.97	0.988	0.0793	-39.68
YPL212C_mRNA	158	704.4	40.89	15.0	1.82	39.07	0.9937	0.0816	-37.25
YPL213W_mRNA	58	420.1	37.86	12.5	1.14	36.72	1.0	0.1002	-35.59
YPL214C_mRNA	86	898.0	56.24	74.5	1.6	54.64	0.9884	0.1036	-53.03
YPL215W_mRNA	124	662.7	50.94	30.5	5.37	45.56	0.9839	0.0984	-40.19
YPL216W_mRNA	64	750.5	99.09	85.0	12.64	86.45	1.0	0.1592	-73.81
YPL217C_mRNA	81	608.0	56.37	19.0	3.53	52.84	1.0	0.0998	-49.31
YPL218W_mRNA	1156	561.0	46.15	22.5	3.94	42.21	0.9654	0.0868	-38.26
YPL219W_mRNA	27	550.5	80.56	77.0	27.93	52.63	1.0	0.1924	-24.7
YPL220W_mRNA	8182	620.9	48.44	62.0	2.45	45.99	0.9952	0.0874	-43.54
YPL221W_mRNA	208	773.5	46.36	24.5	1.93	44.43	1.0	0.0931	-42.5
YPL222C-A_mRNA	5	320.8	57.0	70.0	4.4	52.6	1.0	0.1618	-48.2
YPL222W_mRNA	30	761.8	105.9	80.0	19.63	86.27	1.0	0.1903	-66.63
YPL223C_mRNA	15	576.2	242.53	260.0	38.4	204.13	1.0	0.4369	-165.73
YPL224C_mRNA	191	723.7	54.54	28.0	3.04	51.5	1.0	0.1004	-48.47
YPL225W_mRNA	1727	526.7	45.61	22.0	6.49	39.12	0.9925	0.0869	-32.63
YPL226W_mRNA	602	701.8	47.69	38.0	4.74	42.94	0.9668	0.0945	-38.2
YPL227C_mRNA	201	696.8	48.49	30.0	2.58	45.91	1.0	0.0823	-43.33
YPL228W_mRNA	101	648.7	55.52	73.0	2.1	53.43	0.9802	0.1259	-51.33
YPL229W_mRNA	66	543.4	50.64	64.0	4.38	46.26	1.0	0.1021	-41.88
YPL230W_mRNA	65	602.7	81.95	91.0	2.08	79.88	1.0	0.1575	-77.8
YPL231W_mRNA	1266	1024.8	128.29	124.5	3.0	125.28	0.9968	0.2006	-122.28
YPL232W_mRNA	122	612.1	57.52	55.0	2.39	55.14	1.0	0.1198	-52.75
YPL233W_mRNA	23	605.8	112.96	86.0	51.61	61.35	1.0	0.2145	-9.74
YPL234C_mRNA	641	534.8	56.99	71.0	2.46	54.53	0.9922	0.1122	-52.07
YPL235W_mRNA	442	817.7	57.56	69.5	7.34	50.22	0.9955	0.0843	-42.88
YPL236C_mRNA	714	467.5	42.3	14.0	4.27	38.03	0.9692	0.0945	-33.76
YPL237W_mRNA	1653	744.0	39.77	10.0	2.08	37.69	0.9758	0.0573	-35.61
YPL239W_mRNA	607	596.2	67.34	62.0	2.53	64.81	0.9918	0.1377	-62.28
YPL240C_mRNA	2083	881.7	47.37	22.0	2.85	44.52	0.9822	0.0747	-41.67
YPL241C_mRNA	48	670.2	70.21	69.0	15.58	54.62	0.9792	0.1307	-39.04
YPL242C_mRNA	40	914.2	131.15	129.5	6.85	124.3	1.0	0.1566	-117.45
YPL243W_mRNA	566	695.6	49.39	29.0	5.1	44.29	0.9876	0.0935	-39.19
YPL244C_mRNA	171	722.2	80.43	87.0	2.8	77.63	1.0	0.1274	-74.83
YPL245W_mRNA	134	716.3	47.08	21.0	3.91	43.17	1.0	0.0962	-39.26
YPL246C_mRNA	224	613.4	56.6	71.5	7.96	48.64	0.9911	0.1069	-40.68
YPL247C_mRNA	80	930.0	61.19	72.5	3.38	57.81	1.0	0.093	-54.44
YPL248C_mRNA	40	776.3	106.18	82.0	24.48	81.7	1.0	0.1607	-57.22
YPL249C-A_mRNA	6090	416.9	39.71	11.0	2.58	37.13	0.9929	0.0967	-34.55
YPL249C_mRNA	36	812.7	112.67	103.5	2.78	109.89	0.9722	0.2037	-107.11
YPL250C_mRNA	981	504.5	59.17	73.0	2.72	56.45	0.9969	0.1291	-53.72
YPL252C_mRNA	64	527.6	40.91	18.0	4.66	36.25	0.9844	0.0845	-31.59
YPL253C_mRNA	46	616.3	55.48	56.5	4.33	51.15	1.0	0.1279	-46.83
YPL254W_mRNA	83	650.1	48.55	16.0	4.65	43.9	1.0	0.0967	-39.25
YPL255W_mRNA	57	568.3	44.23	21.0	1.39	42.84	1.0	0.0964	-41.46
YPL256C_mRNA	203	577.8	55.83	68.0	5.59	50.25	0.9852	0.1244	-44.66
YPL257W-B_mRNA	3348	1117.8	326.24	337.0	3.0	323.24	0.9961	0.3313	-320.25
YPL257W_mRNA	74	678.1	117.26	89.5	50.57	66.69	1.0	0.2137	-16.12
YPL258C_mRNA	49	667.9	190.51	108.0	138.47	52.04	1.0	0.3464	86.43
YPL259C_mRNA	101	839.9	50.38	30.0	3.27	47.11	0.9901	0.0823	-43.84
YPL260W_mRNA	359	809.0	54.98	71.0	3.42	51.56	0.9889	0.088	-48.14
YPL262W_mRNA	306	788.6	54.01	70.0	5.22	48.79	0.9967	0.0934	-43.57
YPL263C_mRNA	85	455.5	40.14	13.0	2.94	37.2	0.9882	0.0972	-34.26
YPL264C_mRNA	60	677.6	58.3	73.5	3.58	54.72	0.95	0.1091	-51.13
YPL265W_mRNA	278	750.9	47.86	20.0	3.85	44.01	0.9676	0.0841	-40.17
YPL266W_mRNA	318	654.6	48.58	15.0	11.67	36.91	0.978	0.0855	-25.24
YPL267W_mRNA	46	616.0	40.37	14.5	4.28	36.09	1.0	0.0613	-31.8
YPL268W_mRNA	96	787.7	44.85	22.5	2.2	42.66	1.0	0.0846	-40.46
YPL269W_mRNA	33	556.3	49.58	68.0	3.09	46.48	1.0	0.1129	-43.39
YPL270W_mRNA	109	660.4	44.77	13.0	4.25	40.52	0.9817	0.098	-36.28
YPL271W_mRNA	1183	348.6	63.74	71.0	3.44	60.3	0.9992	0.173	-56.86
YPL272C_mRNA	10	523.9	246.0	168.0	166.4	79.6	1.0	0.4456	86.8
YPL273W_mRNA	1935	842.5	51.98	58.0	3.16	48.82	0.9804	0.0706	-45.66
YPL274W_mRNA	373	793.4	46.97	21.0	2.94	44.03	0.9946	0.0852	-41.09
YPL278C_mRNA	5	448.8	256.6	247.0	3.0	253.6	1.0	0.5851	-250.6
YPL280W_mRNA	9	853.3	415.67	341.0	23.22	392.44	1.0	0.5266	-369.22
YPL283C_mRNA	84	680.3	194.39	140.5	20.95	173.44	0.9881	0.326	-152.49
YPR001W_mRNA	37	607.4	188.35	174.0	3.03	185.32	1.0	0.3556	-182.3
YPR002C-A_mRNA	167	243.8	96.45	89.0	35.86	60.59	1.0	0.3434	-24.72
YPR002W_mRNA	72	393.8	104.04	119.0	69.79	34.25	0.9444	0.3976	35.54
YPR003C_mRNA	104	700.6	179.03	209.0	10.07	168.96	1.0	0.3004	-158.89
YPR004C_mRNA	319	774.7	54.9	65.0	3.03	51.87	0.9937	0.0852	-48.84
YPR005C_mRNA	54	599.5	98.93	83.5	53.04	45.89	0.9815	0.203	7.15
YPR006C_mRNA	158	659.6	143.51	127.5	1.99	141.51	0.9873	0.2278	-139.52
YPR007C_mRNA	16	699.6	163.56	174.5	1.56	162.0	0.9375	0.2558	-160.44
YPR008W_mRNA	101	981.3	64.28	73.0	15.76	48.51	1.0	0.1151	-32.75
YPR009W_mRNA	130	532.2	59.25	67.0	1.6	57.65	1.0	0.1204	-56.05
YPR010C-A_mRNA	1030	421.2	125.57	116.0	7.14	118.42	0.999	0.2974	-111.28
YPR010C_mRNA	842	796.1	43.88	18.0	2.09	41.78	0.9834	0.0792	-39.69
YPR011C_mRNA	48	701.6	89.12	73.5	6.08	83.04	1.0	0.1414	-76.96
YPR012W_mRNA	9	312.4	109.11	108.0	16.89	92.22	1.0	0.3395	-75.33
YPR013C_mRNA	53	643.9	90.34	74.0	3.3	87.04	1.0	0.1506	-83.74
YPR014C_mRNA	8	1394.5	1076.5	997.0	580.0	496.5	1.0	0.7626	83.5
YPR015C_mRNA	37	461.3	181.19	194.0	4.95	176.24	1.0	0.4339	-171.3
YPR016C_mRNA	295	687.6	51.99	34.0	4.48	47.5	0.9932	0.0903	-43.02
YPR017C_mRNA	101	542.8	48.85	23.0	2.41	46.45	0.9901	0.0929	-44.04
YPR018W_mRNA	58	502.0	45.34	12.0	13.24	32.1	1.0	0.0962	-18.86
YPR019W_mRNA	67	753.2	162.55	152.0	3.03	159.52	0.9851	0.2971	-156.49
YPR020W_mRNA	1124	486.1	48.39	23.0	2.5	45.89	0.9982	0.0976	-43.39
YPR021C_mRNA	70	788.4	144.96	101.0	30.0	114.96	0.9857	0.241	-84.96
YPR022C_mRNA	128	856.4	130.89	131.0	3.95	126.94	0.9922	0.2147	-122.98
YPR023C_mRNA	220	645.3	49.48	35.5	4.08	45.4	0.9864	0.0952	-41.32
YPR024W_mRNA	214	768.5	58.33	67.5	6.22	52.11	1.0	0.1066	-45.89
YPR025C_mRNA	112	619.0	45.63	17.5	4.77	40.87	0.9821	0.0915	-36.1
YPR026W_mRNA	32	853.4	135.19	106.0	5.25	129.94	1.0	0.2027	-124.69
YPR027C_mRNA	41	654.3	227.63	196.0	68.61	159.02	1.0	0.3658	-90.41
YPR028W_mRNA	2483	616.1	50.98	64.0	3.68	47.31	0.9948	0.0876	-43.63
YPR029C_mRNA	186	677.8	54.65	65.5	8.78	45.87	1.0	0.1163	-37.09
YPR030W_mRNA	44	581.3	113.43	99.5	2.39	111.05	1.0	0.2786	-108.66
YPR031W_mRNA	20	812.0	130.5	112.0	6.85	123.65	1.0	0.2187	-116.8
YPR032W_mRNA	30	839.6	137.47	125.0	5.1	132.37	0.9667	0.2863	-127.27
YPR033C_mRNA	824	725.0	53.3	70.0	2.44	50.86	0.9879	0.0972	-48.42
YPR034W_mRNA	69	663.3	47.77	20.0	7.14	40.62	1.0	0.1033	-33.48
YPR035W_mRNA	2048	823.1	51.9	63.0	5.04	46.86	0.9766	0.0909	-41.82
YPR036W-A_mRNA	2067	460.5	55.51	71.0	5.39	50.12	0.9826	0.1251	-44.73
YPR036W_mRNA	688	805.8	39.17	10.0	1.99	37.18	0.9913	0.069	-35.19
YPR037C_mRNA	99	558.2	74.08	66.0	5.86	68.22	1.0	0.1553	-62.36
YPR040W_mRNA	48	531.9	44.71	13.5	1.81	42.9	1.0	0.0903	-41.08
YPR041W_mRNA	813	709.9	45.12	16.0	2.72	42.39	0.9779	0.0806	-39.67
YPR042C_mRNA	8	1043.9	41.88	12.0	26.62	15.25	1.0	0.0695	11.38
YPR043W_mRNA	6821	379.2	49.26	22.0	1.91	47.35	0.9975	0.1247	-45.43
YPR044C_mRNA	18	524.4	231.83	146.0	154.11	77.72	1.0	0.3691	76.39
YPR045C_mRNA	105	702.1	63.41	29.0	12.72	50.69	0.981	0.1004	-37.96
YPR046W_mRNA	95	561.5	39.28	12.0	3.06	36.22	0.9789	0.0713	-33.16
YPR047W_mRNA	89	654.1	52.89	18.0	3.39	49.49	1.0	0.1009	-46.1
YPR048W_mRNA	140	678.3	39.7	13.0	1.82	37.88	0.9857	0.0674	-36.06
YPR049C_mRNA	33	725.4	51.12	59.0	2.45	48.67	1.0	0.081	-46.21
YPR051W_mRNA	230	529.8	41.85	14.0	3.28	38.57	0.9913	0.084	-35.3
YPR052C_mRNA	317	441.3	35.21	11.0	1.98	33.23	1.0	0.0784	-31.25
YPR054W_mRNA	12	952.8	88.83	102.0	6.5	82.33	0.9167	0.1131	-75.83
YPR055W_mRNA	118	889.4	122.61	119.5	3.43	119.18	0.9915	0.2116	-115.75
YPR056W_mRNA	168	871.8	57.99	68.5	5.7	52.29	1.0	0.0855	-46.58
YPR057W_mRNA	81	520.0	39.17	15.0	2.02	37.15	1.0	0.0852	-35.12
YPR058W_mRNA	247	649.2	48.89	64.0	2.75	46.14	0.996	0.09	-43.38
YPR060C_mRNA	336	595.0	42.28	11.0	4.5	37.78	0.994	0.0819	-33.28
YPR061C_mRNA	25	538.7	56.08	40.0	3.2	52.88	1.0	0.1211	-49.68
YPR062W_mRNA	858	528.8	41.18	13.0	1.79	39.39	0.9942	0.0788	-37.6
YPR063C_mRNA	303	581.3	51.3	63.0	3.61	47.69	0.9802	0.0919	-44.07
YPR065W_mRNA	113	680.5	65.67	75.0	18.75	46.92	0.9823	0.1534	-28.17
YPR066W_mRNA	35	544.9	153.57	164.0	1.8	151.77	0.9714	0.2738	-149.97
YPR067W_mRNA	76	470.4	51.82	64.5	2.11	49.71	1.0	0.1307	-47.61
YPR068C_mRNA	47	659.2	65.17	66.0	10.09	55.09	1.0	0.1447	-45.0
YPR069C_mRNA	1183	665.4	60.2	61.0	3.16	57.05	0.9966	0.1097	-53.89
YPR070W_mRNA	93	849.6	60.12	68.0	3.82	56.3	0.9892	0.0915	-52.48
YPR071W_mRNA	49	658.8	44.59	24.0	3.1	41.49	1.0	0.0831	-38.39
YPR072W_mRNA	179	740.2	51.01	23.0	6.25	44.77	0.9832	0.0916	-38.52
YPR073C_mRNA	603	643.2	52.24	41.0	6.23	46.01	0.9983	0.0832	-39.78
YPR074C_mRNA	2248	760.9	44.26	16.0	2.88	41.37	0.9778	0.0823	-38.49
YPR075C_mRNA	31	756.0	168.32	157.0	30.81	137.52	0.9677	0.2817	-106.71
YPR077C_mRNA	26	331.7	158.88	142.0	9.12	149.77	1.0	0.481	-140.65
YPR078C_mRNA	22	599.0	190.82	175.5	1.95	188.86	1.0	0.3312	-186.91
YPR079W_mRNA	54	581.2	41.8	16.0	2.54	39.26	1.0	0.0841	-36.72
YPR080W_mRNA	14248	790.5	54.84	28.0	2.79	52.05	0.9944	0.0872	-49.25
YPR081C_mRNA	45	705.5	167.33	138.0	1.62	165.71	1.0	0.2673	-164.09
YPR082C_mRNA	130	490.6	47.65	54.5	3.95	43.71	1.0	0.1018	-39.76
YPR083W_mRNA	67	753.1	82.51	81.0	20.03	62.48	1.0	0.174	-42.45
YPR084W_mRNA	67	689.1	59.48	18.0	16.51	42.97	1.0	0.088	-26.46
YPR085C_mRNA	94	620.4	51.0	18.0	4.74	46.26	1.0	0.1018	-41.51
YPR086W_mRNA	303	759.9	44.33	16.0	2.27	42.06	0.9901	0.0722	-39.8
YPR088C_mRNA	230	780.0	47.34	19.5	2.86	44.49	0.9696	0.0879	-41.63
YPR089W_mRNA	73	663.8	49.97	21.0	3.6	46.37	0.9726	0.0872	-42.77
YPR091C_mRNA	98	517.5	46.67	36.5	5.31	41.37	1.0	0.124	-36.06
YPR092W_mRNA	87	204.6	47.06	63.0	3.91	43.15	0.9885	0.2189	-39.24
YPR093C_mRNA	202	295.9	39.25	12.0	3.04	36.2	0.9653	0.1528	-33.16
YPR094W_mRNA	313	410.0	51.4	64.0	3.17	48.22	0.9936	0.1202	-45.05
YPR095C_mRNA	20	673.2	77.9	90.0	1.7	76.2	0.95	0.1412	-74.5
YPR097W_mRNA	149	785.6	50.7	28.0	1.67	49.03	0.9933	0.0853	-47.36
YPR098C_mRNA	245	479.2	54.51	68.0	7.86	46.66	0.9959	0.1155	-38.8
YPR099C_mRNA	7	529.3	96.29	8.0	8.71	87.57	1.0	0.1641	-78.86
YPR100W_mRNA	241	442.0	38.93	10.0	3.94	34.99	1.0	0.0923	-31.05
YPR101W_mRNA	195	557.8	43.27	14.0	2.38	40.89	0.9846	0.0858	-38.51
YPR102C_mRNA	11167	557.9	44.13	15.0	2.1	42.04	0.9958	0.0828	-39.94
YPR103W_mRNA	914	766.7	48.19	27.0	5.17	43.02	0.9912	0.0726	-37.85
YPR104C_mRNA	39	606.9	74.05	72.0	0.77	73.28	1.0	0.138	-72.51
YPR105C_mRNA	146	834.6	49.34	24.5	3.02	46.32	0.9932	0.0811	-43.29
YPR106W_mRNA	38	697.2	54.97	71.0	4.26	50.71	0.9737	0.1099	-46.45
YPR107C_mRNA	144	543.8	40.28	15.0	2.14	38.15	0.9931	0.0822	-36.01
YPR108W-A_mRNA	10	150.3	65.0	67.0	0.6	64.4	1.0	0.3656	-63.8
YPR108W_mRNA	831	921.1	48.77	25.0	3.14	45.64	0.9856	0.064	-42.5
YPR109W_mRNA	203	673.2	54.69	64.0	3.5	51.2	0.9951	0.0971	-47.7
YPR110C_mRNA	769	557.1	38.12	11.0	1.95	36.17	0.9857	0.0798	-34.22
YPR111W_mRNA	76	720.8	54.71	48.0	5.21	49.5	0.9737	0.093	-44.29
YPR112C_mRNA	71	754.3	42.06	14.0	3.25	38.8	0.9859	0.0855	-35.55
YPR113W_mRNA	731	670.3	42.81	15.0	3.14	39.67	0.985	0.0678	-36.53
YPR114W_mRNA	355	595.1	80.88	79.0	8.97	71.92	1.0	0.165	-62.95
YPR115W_mRNA	134	824.8	41.0	15.5	2.66	38.34	0.9851	0.0801	-35.69
YPR116W_mRNA	33	811.3	49.91	31.0	3.52	46.39	1.0	0.0715	-42.88
YPR117W_mRNA	109	652.4	107.75	99.0	2.79	104.96	1.0	0.2118	-102.17
YPR118W_mRNA	668	793.3	56.96	71.0	7.28	49.67	0.9865	0.1033	-42.39
YPR119W_mRNA	102	679.0	58.61	73.0	2.8	55.8	1.0	0.1059	-53.0
YPR120C_mRNA	99	492.2	58.3	73.0	6.36	51.94	1.0	0.1277	-45.58
YPR121W_mRNA	21	589.3	188.05	41.0	155.43	32.62	1.0	0.3078	122.81
YPR122W_mRNA	73	639.7	97.44	92.0	3.89	93.55	1.0	0.212	-89.66
YPR124W_mRNA	345	688.1	45.33	14.0	3.46	41.87	0.9942	0.0857	-38.41
YPR125W_mRNA	118	630.3	57.64	33.0	12.49	45.15	0.9831	0.1252	-32.66
YPR127W_mRNA	107	662.4	57.19	74.0	2.47	54.72	0.9907	0.0973	-52.25
YPR128C_mRNA	107	649.7	53.3	68.0	4.26	49.04	1.0	0.106	-44.78
YPR129W_mRNA	189	629.1	45.69	16.0	1.79	43.89	0.9947	0.0947	-42.1
YPR131C_mRNA	145	540.9	44.97	17.0	2.03	42.94	0.9931	0.0938	-40.9
YPR132W_mRNA	14438	515.7	40.98	14.0	2.14	38.84	0.9812	0.0784	-36.7
YPR133C_mRNA	303	678.0	42.6	14.0	2.23	40.37	1.0	0.075	-38.14
YPR133W-A_mRNA	440	352.0	51.36	29.0	1.12	50.24	1.0	0.1387	-49.11
YPR134W_mRNA	96	674.4	70.61	72.0	7.97	62.65	0.9896	0.1157	-54.68
YPR135W_mRNA	36	608.1	53.72	74.0	1.72	52.0	1.0	0.1214	-50.28
YPR137C-A_mRNA	16	663.1	155.56	146.5	12.75	142.81	1.0	0.2625	-130.06
YPR137C-B_mRNA	1728	1542.4	303.49	327.0	4.94	298.55	0.9931	0.2446	-293.61
YPR137W_mRNA	171	617.2	46.63	15.0	4.18	42.45	0.9766	0.0979	-38.27
YPR138C_mRNA	161	634.7	125.74	89.0	64.63	61.11	0.9876	0.262	3.52
YPR139C_mRNA	199	619.4	58.41	23.0	24.03	34.38	0.995	0.1322	-10.35
YPR140W_mRNA	81	649.5	43.12	15.0	3.53	39.59	0.9753	0.0822	-36.06
YPR141C_mRNA	43	624.4	51.72	50.0	3.91	47.81	0.9535	0.1055	-43.91
YPR143W_mRNA	290	550.1	44.59	18.5	1.76	42.83	0.969	0.0891	-41.07
YPR144C_mRNA	132	758.2	50.58	22.0	2.33	48.25	0.9848	0.096	-45.92
YPR145C-A_mRNA	138	528.7	207.91	209.0	15.04	192.87	1.0	0.3929	-177.83
YPR145W_mRNA	3132	594.0	41.06	14.0	2.7	38.35	0.9764	0.0953	-35.65
YPR146C_mRNA	7	300.3	118.43	84.0	2.29	116.14	1.0	0.3506	-113.86
YPR147C_mRNA	181	720.4	44.52	16.0	2.99	41.53	0.9945	0.0692	-38.54
YPR148C_mRNA	239	544.2	47.51	23.0	3.13	44.38	0.9874	0.1122	-41.26
YPR149W_mRNA	876	705.7	57.3	72.0	3.06	54.25	0.9943	0.0956	-51.19
YPR150W_mRNA	6	392.8	47.83	37.5	0.0	47.83	1.0	0.1397	-47.83
YPR151C_mRNA	15	512.5	147.33	146.0	17.8	129.53	1.0	0.3078	-111.73
YPR152C_mRNA	50	437.3	55.8	18.5	13.66	42.14	1.0	0.1255	-28.48
YPR153W_mRNA	11	424.4	203.55	233.0	5.36	198.18	1.0	0.4605	-192.82
YPR154W_mRNA	598	571.0	50.33	62.0	4.27	46.06	0.995	0.1072	-41.79
YPR155C_mRNA	62	693.8	40.21	17.0	2.48	37.73	0.9839	0.0834	-35.24
YPR156C_mRNA	213	754.3	65.4	75.0	6.73	58.67	0.9953	0.1222	-51.94
YPR157W_mRNA	85	498.0	135.2	96.0	86.74	48.46	1.0	0.351	38.28
YPR158C-D_mRNA	409	675.7	282.62	327.0	4.11	278.51	0.9927	0.4035	-274.39
YPR158W-A_mRNA	8	593.8	152.88	158.0	6.0	146.88	1.0	0.2815	-140.88
YPR158W-B_mRNA	1456	1184.6	324.81	338.0	2.69	322.13	0.9952	0.3125	-319.44
YPR158W_mRNA	643	588.3	61.88	58.0	14.82	47.05	0.9922	0.1229	-32.23
YPR159W_mRNA	361	764.8	57.85	70.0	5.57	52.28	0.9972	0.1071	-46.71
YPR160C-A_mRNA	5	576.8	42.8	1.0	0.2	42.6	0.8	0.1063	-42.4
YPR160W_mRNA	218	771.0	69.66	75.5	12.59	57.07	1.0	0.1221	-44.48
YPR161C_mRNA	105	632.8	60.82	38.0	5.62	55.2	0.9905	0.1215	-49.58
YPR162C_mRNA	64	672.5	55.8	51.0	6.53	49.27	1.0	0.107	-42.73
YPR163C_mRNA	439	606.7	43.14	15.0	3.08	40.06	0.9658	0.0871	-36.97
YPR164W_mRNA	29	1115.6	221.38	234.0	3.97	217.41	0.9655	0.2118	-213.45
YPR165W_mRNA	1142	656.2	58.14	62.0	4.84	53.3	0.9939	0.1059	-48.46
YPR166C_mRNA	509	443.3	49.54	25.0	2.06	47.49	0.9961	0.1086	-45.43
YPR167C_mRNA	126	593.4	38.11	11.0	2.28	35.83	0.9921	0.0685	-33.56
YPR168W_mRNA	37	999.7	93.49	83.0	1.81	91.68	1.0	0.1186	-89.86
YPR169W_mRNA	159	674.9	36.87	12.0	1.58	35.29	1.0	0.0718	-33.7
YPR170C_mRNA	26	552.0	169.08	105.5	62.65	106.42	1.0	0.2675	-43.77
YPR170W-A_mRNA	96	307.1	60.07	74.0	6.48	53.59	1.0	0.1915	-47.11
YPR170W-B_mRNA	1565	481.9	59.05	75.0	3.71	55.34	0.9974	0.1188	-51.63
YPR171W_mRNA	83	666.7	60.45	76.0	2.06	58.39	1.0	0.124	-56.33
YPR172W_mRNA	37	403.3	51.95	60.0	0.89	51.05	1.0	0.1357	-50.16
YPR173C_mRNA	226	645.5	71.87	28.5	28.39	43.48	0.9779	0.1075	-15.09
YPR174C_mRNA	30	567.6	49.53	41.0	2.3	47.23	0.9667	0.0983	-44.93
YPR175W_mRNA	177	796.9	65.02	71.0	3.41	61.6	0.9887	0.1097	-58.19
YPR176C_mRNA	182	740.0	53.91	67.5	5.98	47.93	0.989	0.0986	-41.96
YPR178W_mRNA	33	840.6	50.18	16.0	2.15	48.03	0.9697	0.0693	-45.88
YPR179C_mRNA	72	464.1	46.4	16.5	2.99	43.42	0.9861	0.1165	-40.43
YPR180W_mRNA	155	713.2	68.06	76.0	2.24	65.82	1.0	0.1241	-63.58
YPR181C_mRNA	405	817.8	71.69	78.0	3.06	68.63	0.9975	0.1221	-65.57
YPR182W_mRNA	123	394.4	51.4	66.0	2.57	48.83	1.0	0.1267	-46.26
YPR183W_mRNA	616	650.5	51.28	56.5	3.94	47.35	0.9951	0.0965	-43.41
YPR184W_mRNA	24	885.8	144.75	143.5	7.58	137.17	1.0	0.2125	-129.58
YPR185W_mRNA	95	783.5	60.23	74.0	2.95	57.28	0.9895	0.105	-54.34
YPR186C_mRNA	53	619.5	42.3	16.0	1.26	41.04	1.0	0.1065	-39.77
YPR187W_mRNA	1932	537.0	39.02	13.0	3.97	35.05	0.9715	0.0736	-31.08
YPR188C_mRNA	181	519.8	39.43	12.0	1.02	38.41	0.9834	0.0807	-37.4
YPR189W_mRNA	181	857.5	151.42	138.0	2.03	149.39	1.0	0.2557	-147.35
YPR190C_mRNA	205	675.9	50.9	20.0	9.11	41.79	0.9951	0.1233	-32.68
YPR191W_mRNA	382	721.0	54.93	69.5	2.39	52.55	0.9974	0.1043	-50.16
YPR192W_mRNA	10	1113.6	520.0	537.5	70.8	449.2	1.0	0.4236	-378.4
YPR193C_mRNA	15	467.5	126.4	115.0	23.2	103.2	1.0	0.2705	-80.0
YPR194C_mRNA	53	989.1	181.42	158.0	34.57	146.85	1.0	0.2217	-112.28
YPR195C_mRNA	43	798.0	543.16	560.0	20.0	523.16	1.0	0.6465	-503.16
YPR196W_mRNA	28	573.3	75.86	74.5	34.79	41.07	1.0	0.1541	-6.29
YPR197C_mRNA	8	413.0	198.88	206.5	0.88	198.0	1.0	0.5161	-197.12
YPR198W_mRNA	181	866.4	57.02	74.0	3.75	53.27	1.0	0.0912	-49.51
YPR199C_mRNA	96	654.4	111.52	75.5	61.21	50.31	1.0	0.189	10.9
YPR200C_mRNA	48	393.9	44.4	23.0	1.75	42.65	1.0	0.1227	-40.9
YPR201W_mRNA	9	829.3	391.0	333.0	0.67	390.33	1.0	0.3279	-389.67
YPR202W_mRNA	14	682.0	322.93	339.5	91.57	231.36	1.0	0.4312	-139.79
YPR204W_mRNA	52	533.0	102.6	84.0	3.19	99.4	1.0	0.2591	-96.21
