transcript	n_reads	mean_read_length	mean_clip_total	median_clip_total	mean_clip_5p	mean_clip_3p	frac_clipped	mean_clip_frac	asymmetry
Q0010_mRNA	10	623.1	409.4	354.5	89.3	320.1	1.0	0.5576	-230.8
Q0045_mRNA	34	715.5	364.09	207.0	182.68	181.41	1.0	0.4285	1.26
Q0050_mRNA	199	581.2	66.23	55.0	25.21	41.03	0.9347	0.1192	-15.82
Q0055_mRNA	157	526.6	66.35	52.0	14.07	52.28	0.9363	0.1193	-38.21
Q0060_mRNA	18	526.4	159.83	85.5	112.06	47.78	1.0	0.2678	64.28
Q0065_mRNA	38	699.8	212.26	80.0	67.34	144.92	0.9737	0.2338	-77.58
Q0070_mRNA	6	480.5	321.33	417.0	280.17	41.17	1.0	0.6247	239.0
Q0080_mRNA	8	683.2	538.62	569.0	232.75	305.88	1.0	0.7778	-73.12
Q0085_mRNA	59	661.6	214.27	150.0	73.53	140.75	1.0	0.2951	-67.22
Q0105_mRNA	36	724.8	285.42	206.5	155.33	130.08	0.9722	0.39	25.25
Q0120_mRNA	23	666.4	161.57	67.0	40.26	121.3	0.913	0.1645	-81.04
Q0130_mRNA	185	500.6	290.24	204.0	174.56	115.68	1.0	0.5032	58.89
Q0140_mRNA	34	461.6	81.15	79.0	9.56	71.59	0.9412	0.1792	-62.03
Q0160_mRNA	29	267.9	37.72	9.0	2.72	35.0	1.0	0.1207	-32.28
Q0250_mRNA	46	484.2	91.33	78.5	30.07	61.26	1.0	0.2013	-31.2
Q0255_mRNA	24	511.5	108.25	74.5	43.58	64.67	0.9583	0.2129	-21.08
Q0275_mRNA	27	757.2	366.41	370.0	40.85	325.56	1.0	0.4027	-284.7
YAL001C_mRNA	76	781.1	61.96	67.5	3.83	58.13	1.0	0.1071	-54.3
YAL002W_mRNA	52	900.5	65.33	67.5	5.02	60.31	1.0	0.1053	-55.29
YAL003W_mRNA	6952	566.2	53.07	70.0	4.55	48.52	0.9872	0.109	-43.96
YAL004W_mRNA	2052	870.7	41.99	11.0	2.36	39.63	0.9571	0.0736	-37.28
YAL005C_mRNA	1752	901.3	42.94	13.0	2.58	40.35	0.9817	0.0712	-37.77
YAL007C_mRNA	468	557.8	47.88	58.5	2.12	45.76	0.9872	0.1002	-43.64
YAL008W_mRNA	141	580.7	60.76	71.0	3.28	57.48	1.0	0.1196	-54.21
YAL009W_mRNA	64	542.4	35.0	8.5	2.7	32.3	0.9688	0.0825	-29.59
YAL010C_mRNA	85	633.6	52.65	17.0	6.93	45.72	1.0	0.098	-38.79
YAL011W_mRNA	27	645.3	57.56	18.0	1.78	55.78	1.0	0.0983	-54.0
YAL012W_mRNA	779	800.6	53.19	68.0	4.11	49.08	0.991	0.084	-44.97
YAL013W_mRNA	65	614.7	56.08	57.0	5.2	50.88	1.0	0.1017	-45.68
YAL014C_mRNA	86	590.8	47.35	22.5	4.21	43.14	0.9767	0.0942	-38.93
YAL015C_mRNA	82	628.9	46.9	24.5	2.09	44.82	1.0	0.1037	-42.73
YAL016C-B_mRNA	30	357.7	43.57	38.0	1.0	42.57	1.0	0.1235	-41.57
YAL016W_mRNA	511	844.7	51.56	65.0	2.26	49.3	1.0	0.0862	-47.04
YAL017W_mRNA	103	776.2	50.16	18.0	2.05	48.11	0.9515	0.083	-46.06
YAL018C_mRNA	9	510.8	160.11	174.0	14.44	145.67	1.0	0.368	-131.22
YAL019W-A_mRNA	30	565.6	51.77	73.5	1.13	50.63	1.0	0.1157	-49.5
YAL019W_mRNA	197	701.7	46.81	20.0	3.18	43.63	0.9645	0.0877	-40.45
YAL020C_mRNA	37	646.0	43.62	22.0	2.24	41.38	0.973	0.0888	-39.14
YAL021C_mRNA	73	879.6	50.01	70.0	3.23	46.78	0.9863	0.0781	-43.55
YAL022C_mRNA	80	748.7	54.19	71.0	2.11	52.08	1.0	0.1004	-49.96
YAL023C_mRNA	533	835.4	51.16	65.0	3.1	48.06	0.9944	0.0901	-44.96
YAL024C_mRNA	34	752.7	42.06	13.5	1.06	41.0	1.0	0.0778	-39.94
YAL025C_mRNA	93	417.5	49.37	27.0	1.27	48.1	0.9892	0.1134	-46.83
YAL026C-A_mRNA	69	479.7	39.33	11.0	3.91	35.42	1.0	0.0858	-31.51
YAL026C_mRNA	50	868.0	50.48	11.5	1.42	49.06	0.98	0.078	-47.64
YAL027W_mRNA	88	748.6	62.52	78.5	2.12	60.4	1.0	0.095	-58.27
YAL028W_mRNA	64	488.1	49.33	19.5	1.11	48.22	1.0	0.113	-47.11
YAL029C_mRNA	202	933.1	66.2	77.0	2.93	63.28	0.995	0.0889	-60.35
YAL030W_mRNA	65	390.9	61.17	71.0	10.68	50.49	1.0	0.1567	-39.82
YAL031C_mRNA	37	892.5	53.49	63.0	4.68	48.81	1.0	0.1011	-44.14
YAL032C_mRNA	42	456.6	29.17	10.5	1.71	27.45	0.9286	0.0875	-25.74
YAL033W_mRNA	283	565.0	41.29	16.0	2.09	39.2	0.9823	0.074	-37.11
YAL034C-B_mRNA	141	314.6	45.49	20.0	1.61	43.88	1.0	0.1499	-42.27
YAL034C_mRNA	54	661.1	46.89	26.0	3.78	43.11	0.9815	0.1064	-39.33
YAL034W-A_mRNA	17	438.1	28.65	6.0	1.65	27.0	1.0	0.0703	-25.35
YAL035W_mRNA	451	924.1	58.66	73.0	4.44	54.22	0.9933	0.0882	-49.78
YAL036C_mRNA	116	706.1	41.16	9.0	1.68	39.48	0.8966	0.0758	-37.8
YAL037C-A_mRNA	2250	333.1	45.47	26.0	4.5	40.97	0.9969	0.1331	-36.47
YAL037C-B_mRNA	4925	615.8	49.01	62.0	3.48	45.53	0.9939	0.0949	-42.05
YAL037W_mRNA	188	654.2	50.03	24.5	8.74	41.29	0.9734	0.091	-32.55
YAL038W_mRNA	8061	980.0	49.5	64.0	3.01	46.49	0.9923	0.0718	-43.48
YAL039C_mRNA	137	661.4	45.2	15.0	5.04	40.16	0.9854	0.0839	-35.12
YAL040C_mRNA	125	827.1	84.61	85.0	3.0	81.61	0.992	0.1544	-78.61
YAL041W_mRNA	113	619.2	50.27	20.0	5.49	44.78	0.9912	0.1065	-39.29
YAL042W_mRNA	312	728.1	38.9	12.0	2.43	36.47	0.9808	0.0668	-34.04
YAL043C_mRNA	63	727.3	44.78	20.0	1.63	43.14	0.9841	0.08	-41.51
YAL044C_mRNA	212	477.0	40.36	15.0	2.67	37.69	0.9953	0.0879	-35.01
YAL044W-A_mRNA	40	387.4	40.92	11.0	3.2	37.72	1.0	0.1155	-34.52
YAL045C_mRNA	37	392.1	43.24	11.0	1.89	41.35	1.0	0.1112	-39.46
YAL046C_mRNA	85	447.1	44.01	16.0	2.47	41.54	1.0	0.0977	-39.07
YAL047C_mRNA	49	786.8	50.65	18.0	2.31	48.35	1.0	0.0836	-46.04
YAL048C_mRNA	31	1103.0	120.03	136.0	1.13	118.9	1.0	0.1174	-117.77
YAL049C_mRNA	224	677.2	50.25	69.0	3.01	47.24	0.9911	0.087	-44.22
YAL051W_mRNA	55	556.6	63.02	68.0	2.25	60.76	1.0	0.1542	-58.51
YAL053W_mRNA	257	1057.8	63.11	77.0	5.34	57.77	0.9961	0.0997	-52.43
YAL054C_mRNA	77	513.3	67.44	72.0	14.09	53.35	1.0	0.1318	-39.26
YAL055W_mRNA	29	416.4	37.03	13.0	2.31	34.72	0.9655	0.0838	-32.41
YAL056C-A_mRNA	6	279.7	52.33	71.0	1.67	50.67	1.0	0.1957	-49.0
YAL056W_mRNA	154	648.3	41.79	12.0	1.36	40.43	0.9805	0.0839	-39.07
YAL058W_mRNA	50	757.6	58.4	66.0	2.32	56.08	1.0	0.1052	-53.76
YAL059C-A_mRNA	125	545.4	48.57	61.0	1.7	46.87	0.984	0.0971	-45.18
YAL059W_mRNA	74	604.3	39.65	14.0	1.97	37.68	1.0	0.0703	-35.7
YAL060W_mRNA	183	747.0	47.52	19.0	8.14	39.38	0.9891	0.0847	-31.23
YAL061W_mRNA	63	745.3	62.78	70.0	14.21	48.57	1.0	0.1055	-34.37
YAL062W_mRNA	106	410.5	158.71	152.5	109.58	49.13	0.9906	0.4223	60.44
YAL063C-A_mRNA	62	727.1	79.02	81.0	3.77	75.24	1.0	0.1211	-71.47
YAL063C_mRNA	113	513.5	124.35	87.0	57.95	66.41	0.9912	0.2546	-8.46
YAL066W_mRNA	14	450.6	326.21	336.5	294.14	32.07	1.0	0.6973	262.07
YAL067C_mRNA	10	830.1	255.3	256.5	1.2	254.1	1.0	0.3771	-252.9
YAR002C-A_mRNA	370	602.7	44.08	19.0	2.77	41.31	0.9838	0.0817	-38.55
YAR002W_mRNA	127	510.5	47.06	25.0	1.85	45.21	0.9764	0.1211	-43.36
YAR003W_mRNA	142	642.6	50.78	71.0	2.24	48.54	0.9859	0.0985	-46.3
YAR007C_mRNA	103	1136.7	59.24	72.0	2.81	56.44	1.0	0.0758	-53.63
YAR008W_mRNA	118	695.9	71.01	65.0	28.51	42.5	1.0	0.1442	-13.99
YAR009C_mRNA	827	1111.0	274.81	324.0	3.21	271.6	0.9915	0.2507	-268.38
YAR010C_mRNA	9	465.4	128.44	107.0	21.44	107.0	0.8889	0.2554	-85.56
YAR014C_mRNA	164	566.2	61.09	71.0	8.48	52.62	0.9939	0.1296	-44.14
YAR015W_mRNA	128	732.5	47.99	62.0	2.12	45.87	0.9844	0.0832	-43.74
YAR018C_mRNA	42	496.6	54.79	73.5	1.24	53.55	1.0	0.1312	-52.31
YAR019C_mRNA	82	554.6	107.56	93.0	45.95	61.61	1.0	0.2967	-15.66
YAR020C_mRNA	8	729.2	156.38	124.0	1.5	154.88	1.0	0.2411	-153.38
YAR023C_mRNA	46	554.5	59.0	18.0	8.61	50.39	1.0	0.0998	-41.78
YAR027W_mRNA	460	635.7	48.45	27.0	3.06	45.39	0.9891	0.0878	-42.32
YAR028W_mRNA	130	663.5	43.98	17.0	2.13	41.85	1.0	0.0761	-39.72
YAR029W_mRNA	93	646.3	51.6	53.0	4.97	46.63	0.9785	0.1044	-41.67
YAR031W_mRNA	18	608.7	60.5	59.5	8.0	52.5	1.0	0.1236	-44.5
YAR033W_mRNA	80	535.2	55.9	58.0	2.61	53.29	0.9875	0.1097	-50.68
YAR035C-A_mRNA	11	442.0	46.73	57.0	2.82	43.91	1.0	0.1158	-41.09
YAR035W_mRNA	15	640.1	69.27	81.0	8.4	60.87	1.0	0.1433	-52.47
YAR042W_mRNA	77	766.4	115.73	81.0	2.3	113.43	0.987	0.1793	-111.13
YAR050W_mRNA	30	820.8	212.17	89.5	108.53	103.63	1.0	0.1616	4.9
YAR053W_mRNA	108	464.6	63.82	74.5	3.35	60.47	0.9815	0.1428	-57.12
YAR064W_mRNA	10	688.4	310.2	213.0	253.6	56.6	1.0	0.3464	197.0
YAR070C_mRNA	5	604.6	332.4	345.0	157.6	174.8	1.0	0.4773	-17.2
YAR071W_mRNA	36	1163.1	69.11	63.0	2.08	67.03	0.9444	0.0631	-64.94
YBL001C_mRNA	915	385.7	40.39	13.0	3.54	36.85	0.9814	0.1042	-33.31
YBL002W_mRNA	1092	539.8	65.18	68.0	2.99	62.19	0.9991	0.1236	-59.2
YBL003C_mRNA	3489	554.3	44.66	15.0	2.14	42.52	0.9948	0.0819	-40.39
YBL004W_mRNA	269	945.8	48.73	21.0	3.62	45.11	0.9888	0.0691	-41.49
YBL005W-A_mRNA	8	413.4	70.38	64.0	24.38	46.0	1.0	0.2051	-21.62
YBL005W-B_mRNA	1619	1361.0	308.01	329.0	3.11	304.9	0.9883	0.2637	-301.78
YBL005W_mRNA	189	712.0	163.13	86.0	108.47	54.66	0.9894	0.2051	53.81
YBL006C_mRNA	174	584.3	47.03	19.0	5.55	41.48	1.0	0.0884	-35.93
YBL006W-A_mRNA	7	617.4	61.0	59.0	0.14	60.86	1.0	0.098	-60.71
YBL007C_mRNA	274	767.5	51.22	67.0	4.41	46.81	0.9781	0.0965	-42.4
YBL008W_mRNA	56	584.0	61.21	70.5	1.54	59.68	1.0	0.1235	-58.14
YBL009W_mRNA	87	686.4	53.28	33.0	5.89	47.39	1.0	0.114	-41.51
YBL010C_mRNA	61	405.0	44.31	28.0	2.44	41.87	0.9508	0.1439	-39.43
YBL011W_mRNA	124	580.9	39.64	14.0	2.69	36.94	0.9758	0.0924	-34.25
YBL014C_mRNA	60	744.8	46.55	12.5	5.87	40.68	0.9833	0.0947	-34.82
YBL015W_mRNA	110	737.5	56.85	63.5	9.43	47.42	1.0	0.095	-37.99
YBL016W_mRNA	111	645.6	60.0	71.0	9.85	50.15	1.0	0.1371	-40.31
YBL017C_mRNA	209	755.2	42.97	13.0	4.65	38.32	0.9952	0.0903	-33.67
YBL018C_mRNA	180	471.2	42.74	14.0	4.3	38.44	0.9889	0.0897	-34.14
YBL019W_mRNA	85	623.7	93.64	92.0	6.24	87.4	0.9882	0.2191	-81.16
YBL020W_mRNA	103	814.2	59.97	75.0	5.55	54.42	1.0	0.1124	-48.86
YBL021C_mRNA	53	524.0	40.55	14.0	2.25	38.3	1.0	0.0825	-36.06
YBL022C_mRNA	216	684.2	41.19	14.0	1.42	39.77	0.9769	0.0816	-38.36
YBL023C_mRNA	99	650.7	55.98	69.0	2.68	53.3	0.9899	0.1039	-50.63
YBL024W_mRNA	239	835.8	52.39	68.0	2.85	49.54	0.9958	0.0899	-46.69
YBL025W_mRNA	55	550.0	49.64	67.0	1.49	48.15	1.0	0.104	-46.65
YBL026W_mRNA	972	456.8	51.47	21.0	12.56	38.91	0.9969	0.1045	-26.35
YBL027W_mRNA	5381	501.5	38.14	10.0	2.99	35.16	0.9768	0.0794	-32.17
YBL028C_mRNA	897	505.9	47.92	23.0	4.03	43.89	0.99	0.0964	-39.87
YBL029C-A_mRNA	301	442.6	55.72	72.0	2.93	52.79	0.9867	0.1216	-49.85
YBL029W_mRNA	66	521.2	87.08	87.5	4.44	82.64	1.0	0.1966	-78.2
YBL030C_mRNA	1147	684.4	49.81	67.0	2.76	47.05	0.9651	0.091	-44.29
YBL031W_mRNA	41	426.9	46.93	27.0	2.46	44.46	0.9756	0.1568	-42.0
YBL032W_mRNA	186	650.7	51.1	22.5	3.09	48.02	0.9839	0.0975	-44.93
YBL033C_mRNA	194	674.4	50.13	68.5	1.28	48.85	0.9845	0.0938	-47.57
YBL034C_mRNA	60	863.6	41.07	16.5	2.97	38.1	1.0	0.0715	-35.13
YBL035C_mRNA	40	821.8	32.95	8.0	1.65	31.3	0.975	0.05	-29.65
YBL036C_mRNA	435	687.3	47.51	25.0	2.31	45.19	0.9977	0.0781	-42.88
YBL037W_mRNA	59	920.5	57.1	68.0	5.32	51.78	1.0	0.0796	-46.46
YBL038W_mRNA	93	544.0	53.57	66.0	5.44	48.13	1.0	0.113	-42.69
YBL039C-A_mRNA	214	688.6	50.53	26.0	4.98	45.55	0.9907	0.0918	-40.57
YBL039C_mRNA	429	861.4	52.02	25.0	5.51	46.51	0.9837	0.0862	-41.0
YBL039W-B_mRNA	143	485.0	49.49	65.0	1.83	47.66	1.0	0.1058	-45.84
YBL040C_mRNA	623	639.5	62.0	73.0	3.86	58.14	0.9823	0.1082	-54.29
YBL041W_mRNA	611	508.0	63.17	71.0	2.28	60.88	0.9951	0.1423	-58.6
YBL042C_mRNA	197	713.7	64.04	44.0	8.47	55.57	0.9898	0.1365	-47.1
YBL043W_mRNA	27	622.7	74.7	82.0	19.11	55.59	0.963	0.1703	-36.48
YBL045C_mRNA	376	822.4	88.69	90.0	2.31	86.38	0.9867	0.1443	-84.07
YBL046W_mRNA	75	366.0	73.33	79.0	31.29	42.04	1.0	0.2549	-10.75
YBL047C_mRNA	336	650.8	43.71	17.0	2.43	41.28	0.9821	0.0857	-38.85
YBL048W_mRNA	34	597.3	136.06	85.5	57.35	78.71	1.0	0.1953	-21.35
YBL050W_mRNA	346	680.2	61.88	25.5	14.97	46.91	1.0	0.1121	-31.95
YBL051C_mRNA	110	682.9	50.96	66.0	6.19	44.77	1.0	0.1003	-38.58
YBL052C_mRNA	10	343.7	49.6	8.5	0.4	49.2	1.0	0.1036	-48.8
YBL053W_mRNA	54	425.9	38.46	15.5	2.44	36.02	0.9815	0.0981	-33.57
YBL054W_mRNA	52	874.5	42.67	13.0	2.69	39.98	1.0	0.0635	-37.29
YBL055C_mRNA	250	677.6	59.1	37.5	3.85	55.26	0.996	0.1142	-51.41
YBL056W_mRNA	518	795.2	54.43	61.5	4.44	50.0	0.9865	0.0935	-45.56
YBL057C_mRNA	195	485.6	50.23	66.0	3.56	46.67	0.9949	0.1164	-43.11
YBL058W_mRNA	172	764.8	48.74	20.0	2.35	46.38	0.9942	0.083	-44.03
YBL059C-A_mRNA	161	421.1	43.61	21.0	2.95	40.66	0.9814	0.1033	-37.71
YBL059W_mRNA	42	448.5	63.71	55.5	2.69	61.02	1.0	0.1544	-58.33
YBL060W_mRNA	52	643.7	49.65	24.0	4.6	45.06	0.9808	0.1048	-40.46
YBL061C_mRNA	175	792.8	41.84	13.0	2.14	39.7	0.9886	0.0687	-37.55
YBL062W_mRNA	104	479.7	44.67	15.5	1.81	42.87	0.9808	0.1029	-41.06
YBL063W_mRNA	46	759.4	61.59	53.0	7.85	53.74	0.9783	0.1128	-45.89
YBL064C_mRNA	188	625.5	47.4	23.0	1.93	45.47	1.0	0.0871	-43.54
YBL066C_mRNA	63	757.7	59.24	75.0	8.37	50.87	1.0	0.1113	-42.51
YBL067C_mRNA	133	732.3	49.34	23.0	1.85	47.49	0.9925	0.0836	-45.64
YBL068W-A_mRNA	31	539.9	56.1	60.0	0.84	55.26	1.0	0.1233	-54.42
YBL068W_mRNA	299	642.9	45.52	19.0	2.63	42.89	0.9833	0.0889	-40.26
YBL069W_mRNA	50	881.4	52.62	69.0	1.1	51.52	1.0	0.0777	-50.42
YBL071C_mRNA	31	420.9	35.39	7.0	1.58	33.81	0.9355	0.0869	-32.23
YBL071W-A_mRNA	20	406.2	57.0	71.5	7.55	49.45	1.0	0.1418	-41.9
YBL072C_mRNA	11323	618.1	48.11	23.0	7.84	40.27	0.9981	0.0824	-32.43
YBL074C_mRNA	5	935.6	254.6	333.0	135.2	119.4	1.0	0.2408	15.8
YBL075C_mRNA	39	609.3	39.08	12.0	1.59	37.49	1.0	0.0883	-35.9
YBL076C_mRNA	1076	988.2	47.51	18.0	3.1	44.41	0.9926	0.0721	-41.31
YBL077W_mRNA	807	524.4	43.39	14.0	2.98	40.4	0.9938	0.0984	-37.42
YBL078C_mRNA	283	600.5	45.25	23.0	2.54	42.71	0.9823	0.0804	-40.17
YBL079W_mRNA	332	825.4	51.61	56.5	3.16	48.45	0.994	0.0883	-45.29
YBL080C_mRNA	36	694.8	39.89	14.0	2.64	37.25	0.9722	0.0617	-34.61
YBL081W_mRNA	65	670.1	57.09	72.0	7.8	49.29	1.0	0.1132	-41.49
YBL082C_mRNA	27	1142.0	75.48	71.0	1.63	73.85	1.0	0.0743	-72.22
YBL083C_mRNA	44	710.2	85.48	106.0	2.57	82.91	1.0	0.1384	-80.34
YBL084C_mRNA	56	756.2	70.36	74.5	1.32	69.04	0.9821	0.1141	-67.71
YBL085W_mRNA	110	694.8	52.05	71.5	2.43	49.62	0.9909	0.0933	-47.19
YBL086C_mRNA	40	554.1	42.1	15.0	1.32	40.78	0.975	0.1009	-39.45
YBL087C_mRNA	4055	473.7	43.04	14.0	2.5	40.54	0.9845	0.0919	-38.04
YBL088C_mRNA	79	823.5	55.95	58.0	2.1	53.85	0.9873	0.0998	-51.75
YBL089W_mRNA	108	615.1	50.15	70.5	1.87	48.28	0.9907	0.1017	-46.41
YBL090W_mRNA	180	557.6	45.52	17.0	2.73	42.78	1.0	0.0869	-40.05
YBL091C-A_mRNA	230	285.2	47.54	20.5	7.3	40.25	1.0	0.1734	-32.95
YBL091C_mRNA	121	843.6	53.69	60.0	4.2	49.5	0.9669	0.0819	-45.3
YBL092W_mRNA	8710	474.4	44.09	16.0	3.17	40.92	0.9881	0.0927	-37.76
YBL093C_mRNA	230	584.6	45.15	20.5	2.82	42.33	1.0	0.0854	-39.51
YBL095W_mRNA	62	473.8	45.66	12.5	3.34	42.32	1.0	0.11	-38.98
YBL096C_mRNA	45	642.4	49.38	65.0	3.42	45.96	1.0	0.0948	-42.53
YBL098W_mRNA	100	844.0	99.61	102.5	3.93	95.68	1.0	0.1599	-91.75
YBL099W_mRNA	923	730.4	48.08	47.0	2.72	45.37	0.9772	0.0938	-42.65
YBL100W-A_mRNA	7	325.3	79.57	84.0	2.43	77.14	1.0	0.2412	-74.71
YBL100W-B_mRNA	48	1017.1	187.46	173.5	4.83	182.62	1.0	0.1904	-177.79
YBL101C_mRNA	97	767.2	46.02	33.0	2.0	44.02	1.0	0.0875	-42.02
YBL102W_mRNA	264	576.3	48.36	30.0	3.55	44.81	0.9962	0.0954	-41.25
YBL103C_mRNA	167	675.0	49.86	58.0	4.66	45.19	1.0	0.0926	-40.53
YBL104C_mRNA	82	594.5	53.04	16.0	7.28	45.76	0.9878	0.11	-38.48
YBL105C_mRNA	73	921.6	54.63	12.0	1.52	53.11	0.9726	0.0709	-51.59
YBL106C_mRNA	53	519.2	72.94	64.0	2.68	70.26	1.0	0.161	-67.58
YBL107C_mRNA	170	486.7	42.8	14.5	2.95	39.85	0.9824	0.0947	-36.91
YBL111C_mRNA	7	348.6	27.43	6.0	0.43	27.0	1.0	0.0924	-26.57
YBL113C_mRNA	25	543.4	36.76	11.0	1.6	35.16	0.96	0.1007	-33.56
YBR001C_mRNA	111	595.3	107.85	79.0	63.23	44.61	0.991	0.228	18.62
YBR002C_mRNA	99	576.5	32.51	9.0	1.96	30.55	0.9798	0.0741	-28.59
YBR003W_mRNA	164	603.4	49.03	14.0	5.46	43.57	1.0	0.0995	-38.1
YBR004C_mRNA	223	680.3	48.86	61.0	2.47	46.39	0.9955	0.098	-43.91
YBR005W_mRNA	143	632.8	48.41	48.0	2.43	45.98	1.0	0.0842	-43.55
YBR006W_mRNA	141	806.0	61.62	73.0	9.75	51.87	1.0	0.0922	-42.12
YBR007C_mRNA	105	622.1	56.44	57.0	7.06	49.38	1.0	0.1135	-42.32
YBR008C_mRNA	107	665.7	114.32	84.0	5.13	109.19	1.0	0.2356	-104.06
YBR009C_mRNA	4539	476.2	48.2	24.0	1.95	46.25	0.998	0.1012	-44.31
YBR010W_mRNA	3650	510.6	40.38	13.0	1.88	38.5	0.9912	0.081	-36.62
YBR011C_mRNA	1610	716.4	47.19	24.0	2.56	44.63	0.995	0.0829	-42.07
YBR012C_mRNA	3515	443.9	145.36	133.0	81.15	64.21	0.9974	0.2967	16.94
YBR012W-B_mRNA	617	780.5	288.06	322.0	3.0	285.06	0.9919	0.3716	-282.06
YBR013C_mRNA	69	254.7	133.19	91.0	35.2	97.99	1.0	0.4198	-62.78
YBR014C_mRNA	265	626.4	50.42	21.0	2.33	48.09	0.9962	0.0862	-45.77
YBR015C_mRNA	392	769.6	54.94	65.0	2.75	52.19	0.9898	0.094	-49.44
YBR016W_mRNA	275	550.9	53.29	29.0	3.5	49.79	1.0	0.0993	-46.29
YBR017C_mRNA	203	739.8	51.27	67.0	1.76	49.5	0.9852	0.1049	-47.74
YBR019C_mRNA	24	466.7	51.54	58.0	1.25	50.29	1.0	0.133	-49.04
YBR020W_mRNA	16	524.2	109.69	89.5	52.38	57.31	1.0	0.2336	-4.94
YBR021W_mRNA	49	731.9	55.57	75.0	1.65	53.92	0.9592	0.1078	-52.27
YBR022W_mRNA	171	605.3	62.85	42.0	1.71	61.13	1.0	0.1083	-59.42
YBR023C_mRNA	260	784.3	49.83	27.5	3.07	46.77	0.9885	0.0899	-43.7
YBR024W_mRNA	38	1002.0	90.82	96.5	1.84	88.97	1.0	0.0879	-87.13
YBR025C_mRNA	1365	796.3	45.56	18.0	2.0	43.57	0.9919	0.0796	-41.57
YBR026C_mRNA	190	723.4	52.36	13.5	8.14	44.23	0.9947	0.0922	-36.09
YBR027C_mRNA	26	455.5	48.08	44.5	3.12	44.96	1.0	0.1122	-41.85
YBR028C_mRNA	48	837.1	48.02	16.0	2.44	45.58	0.9792	0.0856	-43.15
YBR029C_mRNA	290	694.7	51.12	68.0	2.39	48.73	0.969	0.101	-46.34
YBR030W_mRNA	47	641.9	57.06	56.0	3.94	53.13	0.9787	0.1128	-49.19
YBR031W_mRNA	4424	749.9	46.6	18.0	2.32	44.28	0.974	0.0804	-41.97
YBR033W_mRNA	45	549.7	58.84	49.0	9.53	49.31	1.0	0.1393	-39.78
YBR034C_mRNA	465	679.7	50.23	54.0	3.55	46.68	1.0	0.1032	-43.13
YBR035C_mRNA	405	619.8	44.68	15.0	6.81	37.87	0.9951	0.0792	-31.05
YBR036C_mRNA	493	705.8	158.48	76.0	111.65	46.83	0.9655	0.2343	64.82
YBR037C_mRNA	37	740.5	35.38	13.0	5.14	30.24	1.0	0.0634	-25.11
YBR038W_mRNA	111	513.5	47.68	26.0	1.33	46.34	0.982	0.1044	-45.01
YBR039W_mRNA	492	720.0	50.19	68.5	2.56	47.63	0.9878	0.0887	-45.07
YBR041W_mRNA	216	764.2	58.21	59.5	2.37	55.84	0.9769	0.0995	-53.47
YBR042C_mRNA	226	731.0	52.7	30.0	4.58	48.13	0.9956	0.0915	-43.55
YBR043C_mRNA	130	579.1	47.0	29.5	2.92	44.08	1.0	0.1075	-41.17
YBR044C_mRNA	75	577.5	51.6	67.0	5.63	45.97	0.9867	0.1197	-40.35
YBR045C_mRNA	73	599.3	88.71	72.0	6.25	82.47	1.0	0.1615	-76.22
YBR046C_mRNA	68	798.5	57.4	76.5	2.28	55.12	1.0	0.0935	-52.84
YBR047W_mRNA	119	547.2	39.88	14.0	3.39	36.49	1.0	0.0755	-33.09
YBR048W_mRNA	4010	575.4	47.09	26.0	4.42	42.67	0.9933	0.0905	-38.25
YBR049C_mRNA	77	647.3	70.81	41.0	2.17	68.64	1.0	0.1259	-66.47
YBR050C_mRNA	7	819.7	117.43	93.0	1.57	115.86	1.0	0.1668	-114.29
YBR051W_mRNA	13	525.4	58.62	82.0	2.85	55.77	1.0	0.1173	-52.92
YBR052C_mRNA	260	587.0	46.81	15.0	5.66	41.15	0.9923	0.0852	-35.48
YBR053C_mRNA	91	750.2	60.25	74.0	2.34	57.91	1.0	0.0966	-55.57
YBR054W_mRNA	572	728.5	61.45	73.5	6.81	54.64	0.9878	0.1227	-47.82
YBR055C_mRNA	68	942.7	47.47	11.5	5.03	42.44	0.9412	0.0788	-37.41
YBR056W-A_mRNA	1176	576.1	68.02	80.0	3.31	64.71	0.994	0.1245	-61.4
YBR056W_mRNA	190	913.8	61.55	43.5	9.85	51.71	1.0	0.0933	-41.86
YBR057C_mRNA	121	601.3	64.79	67.0	1.15	63.64	0.9669	0.1196	-62.49
YBR058C-A_mRNA	680	435.0	39.9	11.0	1.73	38.17	0.9632	0.0891	-36.44
YBR058C_mRNA	71	865.6	148.13	147.0	3.15	144.97	1.0	0.2553	-141.82
YBR059C_mRNA	86	774.5	52.16	32.0	4.06	48.1	0.9884	0.1066	-44.05
YBR060C_mRNA	137	629.1	52.72	58.0	2.31	50.41	1.0	0.1117	-48.1
YBR061C_mRNA	250	699.1	132.08	58.0	90.57	41.51	0.996	0.1458	49.06
YBR062C_mRNA	280	549.1	50.22	38.5	6.92	43.3	0.9857	0.0977	-36.38
YBR063C_mRNA	34	707.7	46.44	11.0	5.76	40.68	0.9706	0.08	-34.91
YBR064W_mRNA	43	662.0	62.53	66.0	6.93	55.6	1.0	0.1013	-48.67
YBR065C_mRNA	12	629.5	52.0	74.5	1.83	50.17	1.0	0.119	-48.33
YBR066C_mRNA	172	476.4	52.26	37.0	8.77	43.49	0.9942	0.1151	-34.72
YBR067C_mRNA	1348	639.0	60.29	74.0	3.66	56.63	0.9963	0.1086	-52.97
YBR068C_mRNA	699	819.3	49.93	36.0	5.86	44.07	0.9943	0.087	-38.21
YBR069C_mRNA	340	698.4	55.62	62.5	4.3	51.32	0.9941	0.1198	-47.02
YBR070C_mRNA	69	555.2	51.2	20.0	3.29	47.91	1.0	0.0935	-44.62
YBR071W_mRNA	154	689.3	51.59	53.5	3.36	48.23	0.9935	0.0925	-44.88
YBR072W_mRNA	180	654.4	43.48	13.0	6.52	36.96	1.0	0.0876	-30.44
YBR073W_mRNA	209	807.7	57.84	68.0	5.07	52.77	0.9904	0.1072	-47.7
YBR074W_mRNA	203	589.5	42.87	18.0	1.3	41.57	0.9803	0.0982	-40.28
YBR076C-A_mRNA	156	485.1	54.04	71.5	2.24	51.8	0.9936	0.1207	-49.56
YBR076W_mRNA	32	416.9	57.31	72.5	2.84	54.47	1.0	0.1649	-51.62
YBR077C_mRNA	72	553.5	59.69	73.5	2.32	57.38	1.0	0.1176	-55.06
YBR078W_mRNA	2441	763.2	53.8	69.0	4.8	48.99	0.9861	0.0965	-44.19
YBR079C_mRNA	368	706.9	45.01	13.0	1.36	43.65	0.9973	0.082	-42.3
YBR080C_mRNA	282	693.8	52.78	59.0	1.78	51.0	1.0	0.1132	-49.22
YBR081C_mRNA	77	882.3	64.74	71.0	4.12	60.62	1.0	0.1259	-56.51
YBR082C_mRNA	1577	512.0	42.82	15.0	3.43	39.39	0.9962	0.0879	-35.97
YBR083W_mRNA	90	716.9	95.6	73.0	46.03	49.57	0.9667	0.1743	-3.53
YBR084C-A_mRNA	4334	526.5	39.87	13.0	3.32	36.56	0.994	0.0795	-33.24
YBR084W_mRNA	598	809.0	45.47	22.5	3.4	42.07	0.9732	0.0895	-38.68
YBR085C-A_mRNA	2481	564.3	46.82	23.0	3.42	43.4	0.9948	0.0861	-39.98
YBR085W_mRNA	59	692.4	80.41	85.0	17.88	62.53	1.0	0.1408	-44.64
YBR086C_mRNA	416	762.2	56.42	73.0	5.12	51.31	0.9976	0.1194	-46.19
YBR087W_mRNA	299	725.5	60.0	68.0	3.84	56.16	1.0	0.1057	-52.33
YBR088C_mRNA	123	640.8	47.09	36.0	4.18	42.91	0.9593	0.0939	-38.73
YBR089C-A_mRNA	108	427.3	47.26	40.0	9.53	37.73	1.0	0.1076	-28.2
YBR089W_mRNA	130	603.9	40.24	14.0	2.78	37.46	0.9462	0.0743	-34.68
YBR090C_mRNA	386	502.7	57.22	18.0	19.37	37.85	0.9948	0.1056	-18.48
YBR091C_mRNA	130	438.6	45.35	25.0	2.15	43.19	1.0	0.1033	-41.04
YBR092C_mRNA	633	613.9	57.27	70.0	5.47	51.8	0.9889	0.1193	-46.33
YBR093C_mRNA	432	804.1	46.08	32.0	1.69	44.39	0.9977	0.0866	-42.7
YBR094W_mRNA	107	625.9	50.47	64.0	3.35	47.12	1.0	0.1018	-43.78
YBR095C_mRNA	58	704.6	48.84	41.0	1.78	47.07	0.9828	0.0978	-45.29
YBR096W_mRNA	263	627.1	53.35	65.0	2.97	50.37	0.9962	0.0931	-47.4
YBR097W_mRNA	81	874.7	55.77	57.0	3.11	52.65	1.0	0.0832	-49.54
YBR098W_mRNA	29	682.4	64.69	74.0	5.38	59.31	1.0	0.1368	-53.93
YBR099C_mRNA	38	280.1	46.68	14.5	4.16	42.53	1.0	0.2044	-38.37
YBR101C_mRNA	2588	653.2	51.16	50.0	3.21	47.95	0.995	0.0937	-44.74
YBR102C_mRNA	82	773.0	58.85	16.5	3.28	55.57	1.0	0.0826	-52.29
YBR103C-A_mRNA	18	326.5	50.78	69.0	4.72	46.06	1.0	0.1577	-41.33
YBR103W_mRNA	59	1000.9	63.86	74.0	2.51	61.36	1.0	0.0901	-58.85
YBR104W_mRNA	504	689.9	42.65	13.0	2.77	39.87	0.994	0.0718	-37.1
YBR105C_mRNA	71	773.4	57.83	66.0	5.07	52.76	0.9859	0.0888	-47.69
YBR106W_mRNA	2093	569.6	43.14	15.0	3.09	40.06	0.9986	0.0787	-36.97
YBR107C_mRNA	62	521.3	54.97	71.0	2.34	52.63	1.0	0.1476	-50.29
YBR108W_mRNA	73	579.2	52.51	67.0	2.22	50.29	1.0	0.1337	-48.07
YBR109C_mRNA	1104	560.9	45.35	29.5	2.14	43.21	0.9946	0.0882	-41.07
YBR110W_mRNA	145	741.6	61.57	67.0	9.1	52.47	0.9862	0.1064	-43.37
YBR111C_mRNA	662	593.4	49.31	18.0	2.14	47.18	0.9864	0.0869	-45.04
YBR111W-A_mRNA	470	450.1	54.42	61.0	10.14	44.28	0.9979	0.1199	-34.14
YBR112C_mRNA	223	652.2	47.88	24.0	4.13	43.75	0.9955	0.1008	-39.62
YBR114W_mRNA	106	607.2	54.29	22.0	11.79	42.5	0.9906	0.135	-30.71
YBR115C_mRNA	438	761.2	42.9	14.0	2.61	40.3	0.9932	0.083	-37.69
YBR116C_mRNA	9	482.8	64.22	83.0	3.56	60.67	1.0	0.1492	-57.11
YBR117C_mRNA	27	656.3	134.52	91.0	74.96	59.56	1.0	0.2918	15.41
YBR118W_mRNA	16663	819.6	53.84	25.0	2.79	51.04	0.9956	0.0847	-48.25
YBR119W_mRNA	116	454.3	60.15	40.5	10.74	49.41	0.9655	0.1643	-38.66
YBR120C_mRNA	137	524.0	45.8	24.0	2.1	43.69	1.0	0.0913	-41.59
YBR121C-A_mRNA	830	774.7	58.66	57.0	4.76	53.9	0.994	0.1005	-49.15
YBR121C_mRNA	921	856.0	52.37	36.0	2.85	49.52	0.9891	0.0881	-46.67
YBR122C_mRNA	279	576.3	38.89	15.0	1.72	37.17	0.9964	0.0751	-35.44
YBR123C_mRNA	27	877.7	43.33	14.0	2.22	41.11	1.0	0.066	-38.89
YBR125C_mRNA	90	607.5	95.9	85.0	1.71	94.19	0.9889	0.2012	-92.48
YBR126C_mRNA	353	854.9	56.66	71.0	4.04	52.62	1.0	0.0909	-48.59
YBR126W-A_mRNA	23	347.8	161.7	180.0	12.96	148.74	1.0	0.4328	-135.78
YBR126W-B_mRNA	538	348.4	97.24	85.0	58.09	39.15	0.9981	0.264	18.94
YBR127C_mRNA	419	740.0	39.22	14.0	2.66	36.57	0.9857	0.0787	-33.91
YBR128C_mRNA	30	417.2	67.1	71.0	2.37	64.73	1.0	0.1702	-62.37
YBR129C_mRNA	114	653.2	51.45	62.5	1.79	49.66	1.0	0.0904	-47.87
YBR130C_mRNA	97	675.0	46.12	19.0	1.52	44.61	0.9794	0.0954	-43.09
YBR131W_mRNA	50	789.1	43.7	14.0	2.38	41.32	1.0	0.0833	-38.94
YBR132C_mRNA	50	610.8	57.66	73.0	2.78	54.88	0.98	0.1415	-52.1
YBR133C_mRNA	61	760.0	44.62	23.0	1.41	43.21	1.0	0.0761	-41.8
YBR135W_mRNA	154	531.6	54.7	69.5	6.06	48.64	0.974	0.1121	-42.57
YBR136W_mRNA	65	705.4	62.4	73.0	2.48	59.92	1.0	0.1237	-57.45
YBR137W_mRNA	261	605.6	47.72	20.0	3.74	43.98	0.9885	0.0808	-40.24
YBR138C_mRNA	60	547.8	59.58	58.0	4.9	54.68	1.0	0.1249	-49.78
YBR139W_mRNA	176	654.8	50.86	39.5	2.76	48.1	1.0	0.0985	-45.34
YBR140C_mRNA	181	784.3	48.46	22.0	5.35	43.11	0.989	0.0801	-37.76
YBR141C_mRNA	41	618.4	37.85	16.0	2.59	35.27	0.9756	0.0679	-32.68
YBR142W_mRNA	323	608.0	40.99	14.0	3.1	37.89	0.9938	0.0965	-34.79
YBR143C_mRNA	1803	870.8	56.39	59.0	2.22	54.17	0.9933	0.0826	-51.96
YBR144C_mRNA	12	371.9	251.5	172.5	109.58	141.92	1.0	0.6226	-32.33
YBR145W_mRNA	378	706.1	44.4	21.0	2.56	41.84	0.9841	0.0818	-39.28
YBR146W_mRNA	211	644.7	48.73	23.0	2.19	46.54	0.9858	0.0898	-44.34
YBR147W_mRNA	128	742.8	57.77	65.5	8.87	48.91	1.0	0.0853	-40.04
YBR148W_mRNA	21	447.2	81.71	67.0	50.24	31.48	1.0	0.2509	18.76
YBR149W_mRNA	247	729.0	55.02	64.0	2.25	52.78	0.9879	0.0989	-50.53
YBR150C_mRNA	67	659.3	50.43	61.0	3.75	46.69	1.0	0.0935	-42.94
YBR151W_mRNA	383	655.3	49.61	24.0	6.9	42.72	0.9948	0.0996	-35.82
YBR153W_mRNA	111	486.9	52.59	68.0	1.84	50.76	0.991	0.1334	-48.92
YBR154C_mRNA	950	624.0	41.36	13.0	1.97	39.39	0.9916	0.0725	-37.41
YBR155W_mRNA	68	673.3	45.56	17.5	1.51	44.04	1.0	0.1016	-42.53
YBR156C_mRNA	15	924.7	63.73	73.0	5.13	58.6	1.0	0.1092	-53.47
YBR157C_mRNA	115	549.4	44.97	26.0	3.12	41.85	0.9826	0.102	-38.73
YBR158W_mRNA	294	784.5	66.77	65.5	20.81	45.95	0.9966	0.1148	-25.14
YBR159W_mRNA	505	762.7	50.65	58.0	4.05	46.59	0.998	0.0878	-42.54
YBR160W_mRNA	143	771.2	46.82	26.0	1.64	45.18	1.0	0.0734	-43.55
YBR161W_mRNA	68	592.5	55.1	67.5	5.03	50.07	0.9706	0.1325	-45.04
YBR162C_mRNA	1469	781.5	53.78	70.0	3.14	50.64	0.9898	0.0952	-47.51
YBR162W-A_mRNA	843	335.3	50.52	30.0	1.15	49.37	0.9893	0.1424	-48.22
YBR163W_mRNA	95	544.1	72.24	60.0	6.87	65.37	1.0	0.1598	-58.49
YBR164C_mRNA	762	644.3	44.77	16.0	1.88	42.89	0.9908	0.0748	-41.02
YBR165W_mRNA	115	680.6	53.7	69.0	4.04	49.66	1.0	0.096	-45.62
YBR166C_mRNA	418	825.0	55.12	71.0	2.24	52.87	0.9809	0.0923	-50.63
YBR167C_mRNA	126	530.9	107.61	110.5	1.85	105.76	0.9921	0.2093	-103.91
YBR168W_mRNA	64	915.8	72.03	74.0	2.06	69.97	1.0	0.1032	-67.91
YBR169C_mRNA	403	812.4	52.19	55.0	3.21	48.97	0.9926	0.0915	-45.76
YBR170C_mRNA	133	645.7	46.46	27.0	2.64	43.82	0.9699	0.0929	-41.18
YBR171W_mRNA	385	557.2	44.45	16.0	2.31	42.14	0.9506	0.0887	-39.83
YBR172C_mRNA	93	789.5	51.74	53.0	1.87	49.87	1.0	0.088	-48.0
YBR173C_mRNA	445	544.1	50.98	66.0	2.51	48.47	0.9933	0.0998	-45.96
YBR174C_mRNA	73	684.7	39.63	12.0	2.27	37.36	0.9863	0.0686	-35.08
YBR175W_mRNA	40	770.2	52.12	31.5	2.42	49.7	0.975	0.08	-47.28
YBR176W_mRNA	59	670.3	51.05	58.0	2.25	48.8	0.9831	0.0946	-46.54
YBR177C_mRNA	220	759.6	54.89	71.5	3.07	51.82	1.0	0.0997	-48.75
YBR178W_mRNA	5	520.6	224.2	194.0	47.8	176.4	1.0	0.4507	-128.6
YBR179C_mRNA	82	857.5	74.9	85.5	2.71	72.2	1.0	0.1229	-69.49
YBR180W_mRNA	15	479.9	80.8	87.0	2.33	78.47	1.0	0.2217	-76.13
YBR181C_mRNA	5584	657.8	41.03	13.0	2.61	38.42	0.993	0.0693	-35.81
YBR182C-A_mRNA	8	443.1	67.75	7.5	0.38	67.38	0.875	0.1268	-67.0
YBR182C_mRNA	42	715.7	103.38	102.5	1.79	101.6	0.9762	0.1934	-99.81
YBR183W_mRNA	174	673.2	55.54	67.5	11.11	44.43	1.0	0.1264	-33.32
YBR184W_mRNA	29	489.1	42.24	13.0	1.24	41.0	1.0	0.0961	-39.76
YBR185C_mRNA	92	647.2	57.46	73.0	3.85	53.61	0.9891	0.1066	-49.76
YBR186W_mRNA	21	646.0	61.43	79.0	23.19	38.24	0.9524	0.099	-15.05
YBR187W_mRNA	101	618.2	53.94	37.0	7.32	46.62	0.9406	0.0908	-39.31
YBR188C_mRNA	503	541.9	46.63	27.0	1.96	44.67	0.9881	0.0996	-42.71
YBR189W_mRNA	4974	513.1	39.51	12.0	2.59	36.92	0.9958	0.0834	-34.33
YBR191W-A_mRNA	2252	482.1	48.19	31.0	12.25	35.93	0.9964	0.1049	-23.68
YBR191W_mRNA	3565	590.9	51.97	55.0	3.25	48.72	0.9961	0.0868	-45.47
YBR192W_mRNA	167	820.3	58.68	76.0	3.26	55.43	0.982	0.0932	-52.17
YBR193C_mRNA	131	546.5	52.18	66.0	2.15	50.02	1.0	0.1054	-47.87
YBR194W_mRNA	102	532.2	43.55	25.5	2.43	41.12	1.0	0.082	-38.69
YBR195C_mRNA	46	667.6	57.67	25.0	5.04	52.63	1.0	0.1158	-47.59
YBR196C-A_mRNA	21	601.2	193.86	116.0	100.33	93.52	1.0	0.3154	6.81
YBR196C-B_mRNA	6	342.3	254.67	250.0	48.33	206.33	1.0	0.7378	-158.0
YBR196C_mRNA	3484	913.7	52.26	69.0	3.37	48.89	0.9888	0.0839	-45.52
YBR197C_mRNA	121	492.7	66.45	20.0	21.67	44.79	0.9917	0.1713	-23.12
YBR198C_mRNA	74	785.2	46.69	30.5	2.01	44.68	1.0	0.0972	-42.66
YBR199W_mRNA	339	713.7	42.09	13.0	2.9	39.19	0.9794	0.0771	-36.29
YBR200W_mRNA	113	775.7	49.98	45.0	4.09	45.89	0.9823	0.0921	-41.81
YBR201C-A_mRNA	13	371.8	52.08	57.0	0.69	51.38	1.0	0.1545	-50.69
YBR201W_mRNA	306	605.4	53.43	71.5	3.42	50.02	1.0	0.0967	-46.6
YBR202W_mRNA	34	1062.1	73.24	79.0	5.41	67.82	1.0	0.0985	-62.41
YBR203W_mRNA	108	925.2	98.03	95.5	2.15	95.88	0.9815	0.1444	-93.73
YBR204C_mRNA	89	725.5	60.74	66.0	13.91	46.83	0.9775	0.0969	-32.92
YBR205W_mRNA	88	873.5	54.57	55.5	1.15	53.42	0.9773	0.0711	-52.27
YBR206W_mRNA	155	660.8	49.02	32.0	4.25	44.77	1.0	0.0954	-40.53
YBR207W_mRNA	193	703.9	50.94	69.0	5.58	45.36	0.9948	0.0956	-39.79
YBR208C_mRNA	170	775.4	56.84	73.0	6.36	50.48	0.9941	0.1079	-44.12
YBR209W_mRNA	16	428.8	358.62	360.0	1.75	356.88	1.0	0.8335	-355.12
YBR210W_mRNA	208	552.8	97.2	90.5	1.93	95.26	1.0	0.1883	-93.33
YBR211C_mRNA	121	686.5	57.25	53.0	2.48	54.77	0.9917	0.0994	-52.29
YBR212W_mRNA	108	1006.9	51.05	66.5	1.84	49.2	0.9815	0.0877	-47.36
YBR213W_mRNA	35	636.0	48.94	68.0	2.71	46.23	1.0	0.1027	-43.51
YBR214W_mRNA	169	712.1	85.99	74.0	39.96	46.02	1.0	0.1926	-6.06
YBR215W_mRNA	85	636.3	105.55	78.0	14.81	90.74	0.9882	0.2281	-75.93
YBR216C_mRNA	88	755.5	51.89	74.0	1.52	50.36	0.9659	0.0894	-48.84
YBR217W_mRNA	113	626.4	52.09	26.0	3.22	48.87	0.9823	0.1042	-45.65
YBR218C_mRNA	474	767.7	44.41	16.5	2.56	41.85	0.9895	0.0797	-39.29
YBR220C_mRNA	60	854.1	50.13	25.5	5.32	44.82	1.0	0.0924	-39.5
YBR221C_mRNA	675	836.3	42.59	13.0	2.02	40.56	0.9733	0.0712	-38.54
YBR221W-A_mRNA	18	286.3	17.17	5.0	2.5	14.67	1.0	0.0643	-12.17
YBR222C_mRNA	100	873.7	54.52	17.5	12.37	42.15	1.0	0.0768	-29.78
YBR223C_mRNA	28	841.9	46.04	18.0	2.0	44.04	1.0	0.0784	-42.04
YBR223W-A_mRNA	25	458.7	35.32	11.0	1.28	34.04	1.0	0.0842	-32.76
YBR225W_mRNA	20	755.1	53.8	45.5	13.6	40.2	1.0	0.0832	-26.6
YBR226C_mRNA	40	397.2	36.12	9.5	2.08	34.05	0.95	0.0864	-31.98
YBR227C_mRNA	60	853.7	42.28	14.5	1.28	41.0	0.8833	0.062	-39.72
YBR228W_mRNA	49	535.7	63.35	72.0	16.49	46.86	1.0	0.1185	-30.37
YBR229C_mRNA	125	796.3	65.71	72.0	9.7	56.01	0.984	0.1148	-46.3
YBR230C_mRNA	195	490.4	128.51	133.0	7.88	120.63	1.0	0.2675	-112.75
YBR230W-A_mRNA	63	355.7	47.37	20.0	1.4	45.97	0.9841	0.1294	-44.57
YBR231C_mRNA	42	437.6	57.12	26.0	9.45	47.67	1.0	0.1269	-38.21
YBR233W-A_mRNA	198	468.0	45.91	20.0	2.97	42.94	0.9899	0.1026	-39.97
YBR233W_mRNA	41	692.3	38.88	20.0	6.27	32.61	0.9756	0.0801	-26.34
YBR234C_mRNA	252	767.0	50.17	35.5	2.73	47.45	0.996	0.0789	-44.72
YBR235W_mRNA	86	911.6	52.83	66.5	3.83	49.0	0.9884	0.0918	-45.17
YBR236C_mRNA	246	910.3	46.58	18.0	3.28	43.3	0.9878	0.069	-40.01
YBR237W_mRNA	55	546.9	53.15	50.0	4.98	48.16	1.0	0.1084	-43.18
YBR238C_mRNA	64	800.3	59.38	68.5	6.48	52.89	1.0	0.1228	-46.41
YBR239C_mRNA	77	476.6	121.27	84.0	82.83	38.44	0.961	0.2756	44.39
YBR240C_mRNA	27	566.6	87.63	82.0	13.67	73.96	1.0	0.1976	-60.3
YBR241C_mRNA	31	825.4	83.06	77.0	6.58	76.48	1.0	0.1557	-69.9
YBR242W_mRNA	268	672.1	51.44	62.5	2.51	48.93	0.9963	0.0842	-46.42
YBR243C_mRNA	141	616.2	55.09	71.0	4.45	50.64	1.0	0.1274	-46.18
YBR244W_mRNA	204	555.3	49.78	45.0	2.59	47.2	0.9706	0.0914	-44.61
YBR245C_mRNA	66	545.7	45.55	9.5	3.38	42.17	0.9697	0.0896	-38.79
YBR246W_mRNA	127	698.7	50.66	67.0	1.78	48.88	0.9685	0.0988	-47.1
YBR247C_mRNA	113	817.4	36.19	9.0	2.79	33.4	0.9912	0.0639	-30.61
YBR248C_mRNA	149	686.4	40.47	11.0	1.68	38.79	0.9866	0.0799	-37.1
YBR249C_mRNA	1533	781.0	49.02	57.0	3.89	45.13	0.9909	0.0853	-41.24
YBR250W_mRNA	32	583.7	171.12	150.5	53.53	117.59	1.0	0.3322	-64.06
YBR251W_mRNA	93	551.5	60.02	12.0	19.02	41.0	1.0	0.1108	-21.98
YBR252W_mRNA	499	478.9	48.62	28.0	3.53	45.09	0.998	0.0994	-41.57
YBR253W_mRNA	145	461.6	55.7	40.0	5.83	49.87	0.9862	0.1132	-44.03
YBR254C_mRNA	175	591.6	46.18	19.0	3.94	42.23	1.0	0.0777	-38.29
YBR255C-A_mRNA	115	421.6	49.38	11.0	14.38	35.0	0.9826	0.112	-20.62
YBR255W_mRNA	89	604.0	56.54	71.0	3.2	53.34	1.0	0.1113	-50.13
YBR256C_mRNA	1338	642.7	43.69	15.0	2.77	40.92	0.9851	0.0724	-38.15
YBR257W_mRNA	119	702.6	45.09	19.0	3.26	41.83	0.9832	0.0747	-38.57
YBR258C_mRNA	81	482.3	41.68	12.0	2.54	39.14	1.0	0.084	-36.59
YBR259W_mRNA	68	886.6	74.19	74.5	3.04	71.15	0.9853	0.1202	-68.1
YBR260C_mRNA	114	710.9	63.64	74.0	3.59	60.05	0.9912	0.1166	-56.46
YBR261C_mRNA	112	611.1	44.29	14.0	1.91	42.38	0.9464	0.0847	-40.47
YBR262C_mRNA	239	408.2	34.46	10.0	5.17	29.29	1.0	0.0842	-24.12
YBR263W_mRNA	342	838.0	46.16	22.5	3.61	42.56	0.9912	0.0933	-38.95
YBR264C_mRNA	54	462.4	40.44	10.0	2.5	37.94	1.0	0.0782	-35.44
YBR265W_mRNA	120	702.4	47.07	24.5	2.02	45.05	1.0	0.0891	-43.03
YBR266C_mRNA	47	674.0	47.51	49.0	1.96	45.55	1.0	0.0889	-43.6
YBR267W_mRNA	27	737.0	61.15	80.0	1.04	60.11	1.0	0.1135	-59.07
YBR268W_mRNA	333	422.4	42.93	15.0	1.61	41.32	0.991	0.0959	-39.72
YBR269C_mRNA	170	462.8	44.41	17.0	3.43	40.98	0.9882	0.1017	-37.55
YBR270C_mRNA	24	578.5	57.12	47.5	9.83	47.29	1.0	0.1321	-37.46
YBR271W_mRNA	65	681.4	50.97	35.0	2.52	48.45	0.9846	0.0863	-45.92
YBR272C_mRNA	106	697.4	50.25	16.0	3.2	47.05	1.0	0.103	-43.85
YBR273C_mRNA	89	684.6	44.94	16.0	4.78	40.17	0.9888	0.0953	-35.39
YBR274W_mRNA	84	671.7	48.8	42.5	1.88	46.92	1.0	0.0987	-45.04
YBR275C_mRNA	51	759.2	48.86	24.0	1.53	47.33	0.9804	0.0893	-45.8
YBR276C_mRNA	139	712.9	40.97	11.0	3.07	37.9	0.9784	0.0855	-34.83
YBR277C_mRNA	36	476.4	58.94	74.5	2.78	56.17	1.0	0.1229	-53.39
YBR278W_mRNA	30	471.6	38.4	16.0	1.57	36.83	1.0	0.084	-35.27
YBR279W_mRNA	33	370.2	47.76	12.0	6.03	41.73	1.0	0.1277	-35.7
YBR280C_mRNA	87	744.3	59.46	24.0	7.79	51.67	0.9885	0.1111	-43.87
YBR281C_mRNA	157	713.8	60.98	75.0	7.28	53.7	1.0	0.122	-46.42
YBR282W_mRNA	256	488.9	39.23	12.0	2.07	37.16	0.9492	0.084	-35.09
YBR283C_mRNA	774	684.9	48.75	64.5	3.72	45.03	0.9935	0.0982	-41.32
YBR284W_mRNA	21	515.7	73.1	80.0	25.05	48.05	1.0	0.1695	-23.0
YBR285W_mRNA	48	545.0	60.75	75.0	2.25	58.5	1.0	0.115	-56.25
YBR286W_mRNA	902	715.5	48.06	42.5	2.39	45.67	0.9922	0.104	-43.28
YBR287W_mRNA	383	728.7	56.23	72.0	2.78	53.46	0.9922	0.1151	-50.68
YBR288C_mRNA	191	799.4	57.74	46.0	3.44	54.3	1.0	0.0967	-50.86
YBR289W_mRNA	36	847.4	65.0	72.0	4.11	60.89	1.0	0.1038	-56.78
YBR290W_mRNA	328	717.4	45.21	25.5	2.68	42.52	0.9909	0.0718	-39.84
YBR291C_mRNA	173	550.0	59.59	69.0	4.49	55.1	0.9942	0.1337	-50.62
YBR292C_mRNA	25	697.3	178.12	98.0	43.44	134.68	1.0	0.2654	-91.24
YBR293W_mRNA	70	728.1	77.36	73.5	7.53	69.83	0.9857	0.1339	-62.3
YBR294W_mRNA	55	459.6	92.38	74.0	44.85	47.53	0.9818	0.2106	-2.67
YBR295W_mRNA	75	702.2	115.45	109.0	6.13	109.32	1.0	0.2388	-103.19
YBR296C_mRNA	88	799.6	121.73	119.5	2.36	119.36	1.0	0.2181	-117.0
YBR297W_mRNA	121	602.4	55.14	27.0	11.08	44.06	0.9917	0.1098	-32.98
YBR298C_mRNA	97	584.3	51.37	47.0	3.36	48.01	0.9897	0.1071	-44.65
YBR299W_mRNA	25	658.0	63.92	66.0	1.8	62.12	1.0	0.1247	-60.32
YBR300C_mRNA	7	654.7	246.29	81.0	137.86	108.43	1.0	0.3249	29.43
YBR302C_mRNA	48	941.3	63.08	44.0	7.15	55.94	0.9375	0.0817	-48.79
YCL001W-A_mRNA	11	873.0	544.73	661.0	501.09	43.64	1.0	0.594	457.45
YCL001W-B_mRNA	18	465.6	262.5	233.0	144.72	117.78	1.0	0.5288	26.94
YCL001W_mRNA	369	570.6	53.16	66.0	3.08	50.08	0.9973	0.0992	-47.01
YCL002C_mRNA	490	641.2	53.77	66.0	6.65	47.12	0.9837	0.0918	-40.48
YCL004W_mRNA	38	759.6	69.18	67.0	18.74	50.45	0.9737	0.1166	-31.71
YCL005W-A_mRNA	598	369.4	43.19	13.0	3.95	39.24	0.9983	0.1101	-35.29
YCL005W_mRNA	84	585.4	75.04	78.0	9.29	65.75	1.0	0.1581	-56.46
YCL007C_mRNA	117	318.1	143.31	158.0	94.69	48.62	0.9829	0.4484	46.08
YCL008C_mRNA	86	559.3	48.95	59.5	4.55	44.41	1.0	0.1025	-39.86
YCL009C_mRNA	790	726.3	48.96	62.0	2.69	46.27	0.9949	0.087	-43.59
YCL010C_mRNA	103	876.4	93.8	88.0	1.75	92.05	0.9903	0.1141	-90.3
YCL011C_mRNA	489	639.6	47.78	32.0	2.16	45.62	0.9918	0.0938	-43.47
YCL012C_mRNA	166	483.9	45.37	21.0	2.48	42.89	0.9639	0.0939	-40.41
YCL014W_mRNA	56	734.8	44.77	28.0	2.11	42.66	1.0	0.0882	-40.55
YCL016C_mRNA	50	744.8	47.68	14.5	1.44	46.24	1.0	0.0705	-44.8
YCL017C_mRNA	152	724.6	47.64	58.0	2.03	45.61	0.9934	0.094	-43.58
YCL018W_mRNA	639	676.5	43.68	15.0	2.74	40.94	0.975	0.083	-38.21
YCL019W_mRNA	504	1698.2	253.72	313.0	4.03	249.69	0.9861	0.1511	-245.65
YCL020W_mRNA	33	565.9	89.33	70.0	17.67	71.67	1.0	0.1621	-54.0
YCL021W-A_mRNA	10600	329.9	71.76	70.0	21.44	50.32	0.994	0.1998	-28.88
YCL022C_mRNA	50	474.6	59.96	30.0	21.82	38.14	0.96	0.1754	-16.32
YCL024W_mRNA	17	568.8	36.94	16.0	2.71	34.24	1.0	0.0907	-31.53
YCL025C_mRNA	489	721.0	49.19	24.0	2.65	46.55	0.9939	0.0986	-43.9
YCL026C-A_mRNA	19	539.1	60.11	38.0	15.42	44.68	1.0	0.1299	-29.26
YCL026C-B_mRNA	29	595.6	60.69	20.0	13.66	47.03	1.0	0.0978	-33.38
YCL027W_mRNA	18	722.6	59.61	32.5	1.94	57.67	1.0	0.101	-55.72
YCL028W_mRNA	161	775.4	54.28	66.0	4.17	50.11	0.9938	0.088	-45.94
YCL029C_mRNA	69	682.5	44.42	26.0	1.91	42.51	0.9855	0.0891	-40.59
YCL030C_mRNA	1047	776.3	48.67	19.0	2.62	46.05	0.9885	0.0837	-43.43
YCL031C_mRNA	462	740.6	42.31	14.0	2.26	40.06	0.9719	0.0634	-37.8
YCL032W_mRNA	63	533.0	66.33	76.0	1.87	64.46	1.0	0.1518	-62.59
YCL033C_mRNA	196	517.0	49.59	62.5	1.45	48.14	1.0	0.1007	-46.69
YCL034W_mRNA	39	618.3	48.85	63.0	1.03	47.82	1.0	0.1088	-46.79
YCL035C_mRNA	879	454.7	37.59	12.0	1.98	35.61	0.9727	0.08	-33.63
YCL036W_mRNA	40	824.1	52.42	75.5	5.52	46.9	1.0	0.0915	-41.38
YCL037C_mRNA	118	479.4	51.06	70.0	2.58	48.47	1.0	0.1335	-45.89
YCL038C_mRNA	53	937.1	60.45	69.0	2.94	57.51	0.9811	0.0875	-54.57
YCL039W_mRNA	150	695.6	56.5	70.5	4.18	52.32	1.0	0.0975	-48.14
YCL040W_mRNA	432	811.1	43.29	16.0	2.25	41.04	0.9977	0.0773	-38.79
YCL042W_mRNA	8	456.4	89.62	84.5	2.75	86.88	0.875	0.1605	-84.12
YCL043C_mRNA	1015	733.6	43.23	18.0	2.72	40.51	0.9793	0.0827	-37.8
YCL044C_mRNA	66	674.8	65.58	65.0	3.98	61.59	1.0	0.1392	-57.61
YCL045C_mRNA	195	748.8	50.71	65.0	3.11	47.59	0.9897	0.1087	-44.48
YCL047C_mRNA	85	584.0	73.86	82.0	12.32	61.54	0.9882	0.1585	-49.22
YCL048W-A_mRNA	11	463.4	259.82	259.0	39.09	220.73	1.0	0.5583	-181.64
YCL048W_mRNA	22	577.6	173.41	166.5	26.45	146.95	1.0	0.3405	-120.5
YCL049C_mRNA	128	558.4	49.79	32.0	2.89	46.9	1.0	0.1165	-44.01
YCL050C_mRNA	964	676.7	57.67	73.0	2.13	55.53	0.9969	0.1103	-53.4
YCL051W_mRNA	79	642.4	56.19	53.0	2.05	54.14	0.9873	0.1196	-52.09
YCL052C_mRNA	200	688.5	48.26	26.5	2.04	46.22	1.0	0.0877	-44.18
YCL054W_mRNA	119	535.6	29.94	7.0	1.82	28.13	0.9832	0.0622	-26.31
YCL055W_mRNA	130	778.1	56.25	41.5	4.05	52.2	1.0	0.089	-48.15
YCL056C_mRNA	200	430.8	45.98	20.5	4.61	41.38	0.985	0.1067	-36.77
YCL057C-A_mRNA	320	410.1	41.24	14.5	1.9	39.34	0.9938	0.0975	-37.44
YCL057W_mRNA	186	929.9	45.84	21.5	3.89	41.95	0.9946	0.0764	-38.05
YCL058W-A_mRNA	20	300.0	54.2	67.5	2.7	51.5	1.0	0.1572	-48.8
YCL059C_mRNA	390	678.0	38.7	15.0	2.04	36.66	0.9846	0.0771	-34.62
YCL061C_mRNA	72	671.5	45.85	9.5	2.82	43.03	0.9861	0.0781	-40.21
YCL063W_mRNA	40	750.8	104.42	69.5	9.02	95.4	0.95	0.1235	-86.38
YCL064C_mRNA	54	711.7	78.26	77.0	24.11	54.15	1.0	0.1238	-30.04
YCL065W_mRNA	8	361.0	136.5	124.0	91.0	45.5	1.0	0.3172	45.5
YCL066W_mRNA	168	714.9	254.52	259.5	15.65	238.88	1.0	0.3563	-223.23
YCL067C_mRNA	28	573.8	77.11	87.0	6.68	70.43	1.0	0.138	-63.75
YCR001W_mRNA	22	796.9	531.91	499.0	239.18	292.73	1.0	0.6456	-53.55
YCR002C_mRNA	376	635.3	50.92	19.0	6.25	44.67	0.9973	0.0981	-38.42
YCR003W_mRNA	261	570.5	41.67	12.0	2.25	39.43	0.9885	0.077	-37.18
YCR004C_mRNA	290	709.1	50.58	21.0	4.9	45.68	0.9897	0.084	-40.78
YCR005C_mRNA	738	788.3	50.55	48.5	3.67	46.88	0.9905	0.0869	-43.21
YCR007C_mRNA	115	482.8	174.53	84.0	117.04	57.49	0.9826	0.3242	59.56
YCR008W_mRNA	177	749.1	50.83	33.0	3.14	47.69	0.9944	0.0824	-44.55
YCR009C_mRNA	534	678.5	47.81	21.0	2.01	45.79	0.9963	0.0855	-43.78
YCR010C_mRNA	9	466.8	119.56	86.0	81.67	37.89	1.0	0.2878	43.78
YCR011C_mRNA	204	832.1	50.6	16.0	5.83	44.77	0.9902	0.0759	-38.95
YCR012W_mRNA	7841	1055.0	46.23	25.0	3.52	42.71	0.9717	0.0558	-39.19
YCR013C_mRNA	2916	494.5	43.8	18.0	5.46	38.34	0.9503	0.0924	-32.88
YCR014C_mRNA	58	590.3	89.69	89.5	2.03	87.66	0.9828	0.1918	-85.62
YCR015C_mRNA	433	380.0	87.06	82.0	39.91	47.15	0.9954	0.2458	-7.24
YCR016W_mRNA	194	441.7	44.49	13.0	2.2	42.3	0.9742	0.119	-40.1
YCR017C_mRNA	173	568.6	43.59	20.0	1.65	41.94	1.0	0.0988	-40.28
YCR018C-A_mRNA	37	250.9	107.76	88.0	56.95	50.81	1.0	0.3494	6.14
YCR018C_mRNA	452	546.6	123.51	101.5	35.61	87.9	0.9978	0.2153	-52.29
YCR019W_mRNA	27	521.5	87.11	75.0	3.22	83.89	0.9259	0.185	-80.67
YCR020C-A_mRNA	368	451.1	48.37	62.5	1.78	46.59	0.9891	0.1047	-44.8
YCR020C_mRNA	59	375.4	43.31	21.0	3.61	39.69	1.0	0.1115	-36.08
YCR020W-B_mRNA	259	568.9	43.76	13.0	3.02	40.74	0.9846	0.0836	-37.73
YCR021C_mRNA	1583	855.2	52.95	69.0	3.47	49.48	0.9886	0.075	-46.01
YCR022C_mRNA	7	577.3	257.29	336.0	0.57	256.71	1.0	0.4609	-256.14
YCR023C_mRNA	220	605.7	81.62	74.0	32.8	48.82	0.9909	0.1767	-16.03
YCR024C-A_mRNA	50	599.5	122.0	96.5	3.2	118.8	0.94	0.188	-115.6
YCR024C-B_mRNA	2645	480.6	85.8	81.0	38.01	47.79	0.9974	0.1611	-9.79
YCR024C_mRNA	35	573.5	41.94	11.0	1.31	40.63	1.0	0.0836	-39.31
YCR025C_mRNA	46	456.5	82.78	76.0	34.15	48.63	1.0	0.1414	-14.48
YCR026C_mRNA	63	790.5	30.84	8.0	2.17	28.67	0.9841	0.0565	-26.49
YCR027C_mRNA	91	701.7	64.34	40.0	18.23	46.11	1.0	0.1316	-27.88
YCR028C-A_mRNA	1945	570.4	47.88	62.0	3.11	44.77	0.9722	0.0858	-41.66
YCR028C_mRNA	97	766.4	64.8	21.0	14.7	50.1	0.9897	0.1133	-35.4
YCR030C_mRNA	247	510.9	46.72	58.0	2.72	44.0	1.0	0.1112	-41.28
YCR031C_mRNA	5607	456.6	34.9	9.0	2.12	32.79	0.9797	0.0787	-30.67
YCR032W_mRNA	95	845.2	52.61	63.0	2.83	49.78	1.0	0.0802	-46.95
YCR033W_mRNA	61	666.9	56.02	54.0	7.72	48.3	0.9836	0.1056	-40.57
YCR034W_mRNA	692	633.0	55.79	73.0	2.73	53.06	0.9986	0.1102	-50.33
YCR035C_mRNA	170	726.4	51.79	43.5	1.46	50.33	0.9882	0.087	-48.86
YCR036W_mRNA	266	720.2	47.6	25.0	3.26	44.35	0.985	0.0734	-41.09
YCR037C_mRNA	59	814.8	47.41	67.0	3.07	44.34	1.0	0.0793	-41.27
YCR038C_mRNA	66	642.1	58.82	36.5	13.5	45.32	1.0	0.1266	-31.82
YCR039C_mRNA	348	620.5	78.43	54.5	4.72	73.71	1.0	0.1356	-68.99
YCR040W_mRNA	146	682.1	242.99	253.5	13.82	229.18	0.9932	0.351	-215.36
YCR041W_mRNA	92	391.3	129.15	135.0	81.49	47.66	0.9891	0.2968	33.83
YCR042C_mRNA	95	911.7	51.12	33.0	2.16	48.96	0.9895	0.0662	-46.8
YCR043C_mRNA	469	511.2	48.69	18.0	5.72	42.97	0.9979	0.0992	-37.25
YCR044C_mRNA	117	750.8	53.85	68.0	4.88	48.97	1.0	0.0875	-44.09
YCR045C_mRNA	17	582.5	68.35	21.0	23.65	44.71	1.0	0.1425	-21.06
YCR045W-A_mRNA	13	600.5	51.38	66.0	1.77	49.62	1.0	0.1465	-47.85
YCR046C_mRNA	96	535.6	40.02	10.5	2.16	37.86	1.0	0.0797	-35.71
YCR047C_mRNA	17	366.1	38.65	16.0	10.82	27.82	1.0	0.1272	-17.0
YCR047W-A_mRNA	14	391.9	70.36	87.0	2.71	67.64	1.0	0.1846	-64.93
YCR048W_mRNA	63	760.7	49.06	63.0	2.97	46.1	1.0	0.1012	-43.13
YCR050C_mRNA	33	484.8	67.18	81.0	1.52	65.67	1.0	0.1536	-64.15
YCR051W_mRNA	97	535.1	49.92	10.0	3.53	46.39	0.9485	0.0955	-42.87
YCR052W_mRNA	138	634.5	48.13	20.0	4.08	44.05	1.0	0.0995	-39.97
YCR053W_mRNA	929	811.8	46.61	22.0	4.01	42.6	0.9957	0.0801	-38.6
YCR054C_mRNA	119	438.1	39.92	15.0	2.76	37.16	0.9916	0.1269	-34.4
YCR057C_mRNA	53	780.2	39.83	16.0	2.55	37.28	0.9811	0.0755	-34.74
YCR059C_mRNA	119	592.4	42.07	17.0	2.18	39.89	0.9916	0.0878	-37.71
YCR060W_mRNA	298	438.6	56.04	34.5	2.48	53.55	0.9966	0.1219	-51.07
YCR061W_mRNA	71	611.2	65.58	24.0	4.18	61.39	1.0	0.1542	-57.21
YCR063W_mRNA	18	632.1	100.5	59.5	1.44	99.06	1.0	0.1341	-97.61
YCR065W_mRNA	73	496.5	57.6	38.0	6.56	51.04	1.0	0.1332	-44.48
YCR066W_mRNA	58	527.5	70.45	78.5	1.31	69.14	1.0	0.1617	-67.83
YCR067C_mRNA	85	885.3	57.06	61.0	4.0	53.06	1.0	0.1029	-49.06
YCR069W_mRNA	129	807.5	62.36	72.0	13.33	49.04	1.0	0.0927	-35.71
YCR071C_mRNA	191	440.1	44.43	18.0	1.77	42.66	0.9738	0.1061	-40.88
YCR072C_mRNA	56	748.8	42.54	17.0	2.38	40.16	1.0	0.0729	-37.79
YCR073C_mRNA	98	685.4	50.23	32.0	1.42	48.82	0.9898	0.1013	-47.4
YCR073W-A_mRNA	100	701.4	52.47	38.5	1.34	51.13	1.0	0.0842	-49.79
YCR075C_mRNA	24	611.0	50.17	50.0	2.92	47.25	1.0	0.1097	-44.33
YCR075W-A_mRNA	138	347.0	47.59	31.0	2.13	45.46	0.9928	0.1291	-43.33
YCR076C_mRNA	53	654.8	32.11	9.0	0.45	31.66	0.9811	0.042	-31.21
YCR077C_mRNA	210	757.3	42.5	15.0	3.57	38.93	0.9857	0.0747	-35.36
YCR079W_mRNA	63	893.1	62.81	79.0	2.75	60.06	1.0	0.087	-57.32
YCR081C-A_mRNA	376	498.1	42.93	19.0	3.66	39.27	0.984	0.0928	-35.6
YCR081W_mRNA	112	635.2	44.38	17.0	2.5	41.88	0.9911	0.0877	-39.38
YCR082W_mRNA	89	509.4	45.82	19.0	2.1	43.72	0.9775	0.0918	-41.62
YCR083W_mRNA	175	469.7	44.88	21.0	4.75	40.13	0.9771	0.0916	-35.38
YCR084C_mRNA	156	774.0	60.23	68.0	3.38	56.85	1.0	0.1094	-53.46
YCR085W_mRNA	10	302.0	55.0	49.0	12.9	42.1	1.0	0.1654	-29.2
YCR086W_mRNA	33	552.3	48.24	16.0	2.45	45.79	1.0	0.0905	-43.33
YCR087C-A_mRNA	84	464.2	51.15	25.0	1.99	49.17	1.0	0.1099	-47.18
YCR087W_mRNA	92	468.0	44.65	14.0	2.16	42.49	1.0	0.0958	-40.33
YCR088W_mRNA	132	562.6	46.25	15.5	2.8	43.45	0.9773	0.1093	-40.66
YCR089W_mRNA	22	618.0	65.77	83.5	3.41	62.36	1.0	0.1379	-58.95
YCR090C_mRNA	557	559.0	55.54	71.0	2.41	53.14	1.0	0.1065	-50.73
YCR091W_mRNA	18	769.5	80.61	45.0	3.89	76.72	1.0	0.1191	-72.83
YCR092C_mRNA	55	716.3	66.09	71.0	16.42	49.67	1.0	0.1021	-33.25
YCR093W_mRNA	154	911.9	50.18	64.5	3.92	46.26	1.0	0.0885	-42.34
YCR094W_mRNA	117	643.0	45.11	21.0	1.62	43.49	0.9915	0.0904	-41.86
YCR095C_mRNA	143	850.6	57.56	61.0	5.27	52.29	0.993	0.0713	-47.01
YCR095W-A_mRNA	32	597.9	42.66	18.5	3.56	39.09	1.0	0.0905	-35.53
YCR098C_mRNA	160	801.6	66.76	71.0	4.24	62.52	1.0	0.1222	-58.28
YCR099C_mRNA	101	494.4	124.09	93.0	68.28	55.81	1.0	0.295	12.47
YCR100C_mRNA	35	1338.8	62.74	72.0	13.29	49.46	0.9714	0.0708	-36.17
YCR102C_mRNA	53	659.0	95.6	70.0	52.75	42.85	0.9811	0.1571	9.91
YCR105W_mRNA	43	506.1	66.09	76.0	2.35	63.74	0.9767	0.1401	-61.4
YCR106W_mRNA	23	912.4	268.04	324.0	7.61	260.43	1.0	0.3147	-252.83
YCR107W_mRNA	92	688.5	165.87	150.0	52.09	113.78	0.9891	0.2405	-61.7
YDL001W_mRNA	131	757.2	56.49	72.0	8.34	48.15	0.9847	0.1117	-39.8
YDL002C_mRNA	274	583.9	40.71	12.0	2.37	38.34	0.9964	0.0746	-35.97
YDL003W_mRNA	82	615.6	54.15	23.5	7.29	46.85	0.9268	0.1093	-39.56
YDL004W_mRNA	1139	551.9	49.29	59.0	5.05	44.24	0.9895	0.0973	-39.19
YDL005C_mRNA	119	730.3	74.77	86.0	3.07	71.71	0.9916	0.1268	-68.64
YDL006W_mRNA	152	711.4	44.41	15.5	1.59	42.82	1.0	0.0798	-41.22
YDL007W_mRNA	411	781.4	43.62	12.0	2.97	40.65	0.9951	0.0688	-37.68
YDL008W_mRNA	271	555.7	55.0	70.0	1.8	53.2	0.9852	0.0985	-51.4
YDL009C_mRNA	39	401.6	37.97	13.0	1.62	36.36	0.9744	0.0999	-34.74
YDL010W_mRNA	127	642.2	49.87	22.0	5.64	44.24	1.0	0.0888	-38.6
YDL012C_mRNA	276	469.0	60.59	72.0	4.82	55.78	0.971	0.1307	-50.96
YDL013W_mRNA	66	576.2	60.97	76.0	5.29	55.68	1.0	0.1524	-50.39
YDL014W_mRNA	1548	628.5	44.48	15.0	2.74	41.74	0.9935	0.0838	-39.0
YDL015C_mRNA	618	917.5	54.37	71.0	3.37	51.0	0.9903	0.0743	-47.64
YDL016C_mRNA	450	583.0	56.66	70.5	9.68	46.98	0.9956	0.1046	-37.3
YDL017W_mRNA	21	911.5	35.1	12.0	0.71	34.38	1.0	0.0817	-33.67
YDL018C_mRNA	154	627.1	50.42	40.5	3.43	46.99	0.9805	0.0909	-43.56
YDL019C_mRNA	98	623.4	88.11	83.0	25.83	62.29	1.0	0.2131	-36.46
YDL020C_mRNA	576	555.1	49.78	21.0	6.58	43.2	0.9931	0.1122	-36.62
YDL021W_mRNA	41	525.5	42.49	10.0	2.73	39.76	1.0	0.1027	-37.02
YDL022W_mRNA	203	752.9	49.68	29.0	4.17	45.52	0.9951	0.0997	-41.35
YDL023C_mRNA	29	1248.1	169.34	168.0	3.66	165.69	1.0	0.1354	-162.03
YDL024C_mRNA	11	412.3	69.36	69.0	1.91	67.45	1.0	0.1709	-65.55
YDL025C_mRNA	175	726.6	70.49	78.0	2.19	68.3	0.9943	0.1458	-66.11
YDL025W-A_mRNA	21	463.4	47.0	58.0	9.71	37.29	1.0	0.1153	-27.57
YDL027C_mRNA	148	648.9	52.01	69.0	4.76	47.25	0.9865	0.1058	-42.49
YDL028C_mRNA	62	798.2	42.23	10.0	1.45	40.77	0.9839	0.0604	-39.32
YDL029W_mRNA	367	690.1	44.11	16.0	3.11	41.0	0.9428	0.0865	-37.89
YDL030W_mRNA	74	581.1	43.14	15.5	1.55	41.58	0.973	0.0918	-40.03
YDL031W_mRNA	211	682.3	43.65	14.0	1.43	42.22	0.9716	0.0828	-40.79
YDL033C_mRNA	32	676.7	76.66	78.0	13.12	63.53	0.9688	0.1477	-50.41
YDL035C_mRNA	142	839.1	60.77	71.5	3.29	57.49	1.0	0.1042	-54.2
YDL036C_mRNA	132	540.7	127.63	90.5	44.2	83.43	0.9924	0.2408	-39.23
YDL039C_mRNA	145	927.0	148.46	92.0	80.43	68.03	0.9862	0.1759	12.4
YDL040C_mRNA	223	882.5	50.15	24.0	2.9	47.25	1.0	0.0936	-44.35
YDL041W_mRNA	21	269.0	33.24	9.0	1.38	31.86	0.9524	0.1294	-30.48
YDL042C_mRNA	56	716.8	54.14	29.0	4.82	49.32	1.0	0.1172	-44.5
YDL043C_mRNA	89	806.7	65.46	73.0	13.4	52.06	1.0	0.0805	-38.65
YDL044C_mRNA	60	496.6	46.13	15.5	1.73	44.4	0.9833	0.1028	-42.67
YDL045C_mRNA	130	737.4	56.73	65.5	2.53	54.2	0.9923	0.0925	-51.67
YDL045W-A_mRNA	209	402.3	51.39	66.0	1.91	49.48	0.9952	0.1294	-47.56
YDL046W_mRNA	310	659.3	59.61	72.0	3.35	56.26	0.9903	0.1055	-52.91
YDL047W_mRNA	156	820.8	75.63	78.0	5.47	70.16	0.9936	0.1327	-64.69
YDL048C_mRNA	284	659.1	51.9	65.0	4.16	47.74	1.0	0.0976	-43.58
YDL049C_mRNA	95	468.9	74.28	71.0	26.19	48.09	1.0	0.1893	-21.91
YDL050C_mRNA	194	452.8	45.57	16.5	3.9	41.68	1.0	0.1032	-37.78
YDL051W_mRNA	545	709.0	40.12	12.0	1.59	38.52	0.9908	0.068	-36.93
YDL052C_mRNA	150	667.4	51.04	72.0	1.94	49.1	0.98	0.1009	-47.16
YDL053C_mRNA	267	602.1	46.14	19.0	1.87	44.27	0.9963	0.0885	-42.4
YDL054C_mRNA	212	530.1	107.66	96.0	51.59	56.06	1.0	0.3396	-4.47
YDL055C_mRNA	4062	866.4	51.27	68.0	2.71	48.56	0.9938	0.0805	-45.85
YDL056W_mRNA	83	659.6	55.9	73.0	2.63	53.28	1.0	0.1108	-50.65
YDL057W_mRNA	57	540.3	47.25	12.0	1.88	45.37	1.0	0.1013	-43.49
YDL058W_mRNA	37	763.4	65.57	73.0	7.76	57.81	1.0	0.1336	-50.05
YDL059C_mRNA	69	522.0	76.09	81.0	14.22	61.87	1.0	0.2039	-47.65
YDL060W_mRNA	265	587.0	113.49	110.0	2.92	110.57	0.9962	0.2504	-107.65
YDL061C_mRNA	6057	368.1	58.85	66.0	13.4	45.44	0.9983	0.1502	-32.04
YDL063C_mRNA	243	668.1	49.33	64.0	3.41	45.92	0.9959	0.0981	-42.51
YDL064W_mRNA	238	553.9	63.31	64.5	5.98	57.33	0.979	0.113	-51.35
YDL065C_mRNA	71	724.2	54.25	63.0	0.85	53.41	0.9718	0.0866	-52.56
YDL066W_mRNA	418	662.0	48.28	46.5	3.92	44.36	0.9904	0.093	-40.44
YDL067C_mRNA	906	418.7	47.81	27.0	3.07	44.74	0.9967	0.1137	-41.67
YDL068W_mRNA	85	580.1	55.62	70.0	5.79	49.84	1.0	0.1202	-44.05
YDL069C_mRNA	88	522.1	61.56	66.5	14.7	46.85	0.9773	0.1493	-32.15
YDL070W_mRNA	387	588.7	70.75	82.0	3.22	67.53	1.0	0.1283	-64.31
YDL072C_mRNA	633	586.7	54.18	60.0	2.28	51.9	0.9905	0.1027	-49.62
YDL073W_mRNA	83	635.5	53.87	35.0	7.95	45.92	0.9518	0.1332	-37.96
YDL074C_mRNA	267	845.2	47.57	20.0	3.28	44.28	0.9925	0.0791	-41.0
YDL075W_mRNA	8387	408.5	42.68	10.0	7.21	35.47	0.9348	0.1009	-28.25
YDL076C_mRNA	173	563.2	50.97	59.0	4.17	46.8	0.9884	0.1105	-42.64
YDL077C_mRNA	88	744.0	56.56	36.0	1.2	55.35	0.9773	0.1059	-54.15
YDL078C_mRNA	377	863.8	60.51	68.0	2.28	58.23	0.992	0.0895	-55.94
YDL079C_mRNA	60	628.7	121.73	81.0	21.05	100.68	1.0	0.2187	-79.63
YDL080C_mRNA	57	672.7	58.14	68.0	3.04	55.11	0.9649	0.136	-52.07
YDL081C_mRNA	9574	484.2	53.79	71.0	3.36	50.43	0.9968	0.1096	-47.07
YDL082W_mRNA	1843	572.2	42.88	13.0	2.32	40.55	0.994	0.0806	-38.23
YDL083C_mRNA	7249	503.8	40.98	14.0	3.36	37.62	0.9917	0.0813	-34.27
YDL084W_mRNA	890	772.7	41.72	14.0	3.19	38.53	0.9663	0.0728	-35.34
YDL085C-A_mRNA	937	739.9	39.91	11.0	2.74	37.17	0.9744	0.0734	-34.43
YDL086C-A_mRNA	128	609.6	38.72	10.5	2.16	36.56	0.9844	0.0702	-34.41
YDL086W_mRNA	106	706.4	46.31	24.5	2.86	43.45	0.9717	0.0721	-40.59
YDL087C_mRNA	21	658.9	45.52	30.0	1.81	43.71	1.0	0.0766	-41.9
YDL088C_mRNA	151	746.4	61.32	75.0	3.13	58.2	0.9934	0.1185	-55.07
YDL089W_mRNA	91	613.1	42.65	20.0	2.09	40.56	0.989	0.0895	-38.47
YDL090C_mRNA	39	681.1	84.26	83.0	1.59	82.67	1.0	0.1533	-81.08
YDL091C_mRNA	63	585.5	51.17	60.0	2.43	48.75	1.0	0.1171	-46.32
YDL092W_mRNA	449	520.6	46.18	14.0	2.07	44.1	0.9911	0.0891	-42.03
YDL093W_mRNA	116	668.6	59.23	57.5	7.31	51.92	1.0	0.1373	-44.61
YDL094C_mRNA	49	262.6	37.22	9.0	2.61	34.61	0.9592	0.1355	-32.0
YDL095W_mRNA	325	764.8	45.67	27.0	3.0	42.67	0.96	0.0725	-39.67
YDL097C_mRNA	599	725.0	51.88	71.0	2.12	49.76	0.9833	0.0935	-47.64
YDL098C_mRNA	55	699.8	45.89	21.0	2.04	43.85	1.0	0.0666	-41.82
YDL099W_mRNA	149	547.9	42.52	15.0	1.72	40.81	0.9732	0.0914	-39.09
YDL100C_mRNA	539	633.5	41.0	12.0	2.18	38.83	0.9759	0.0771	-36.65
YDL101C_mRNA	94	617.4	61.48	75.5	4.55	56.93	0.9894	0.1359	-52.37
YDL102W_mRNA	84	738.2	50.0	19.0	1.5	48.5	0.9524	0.0844	-47.0
YDL103C_mRNA	156	681.3	46.69	21.5	1.34	45.35	0.9679	0.093	-44.01
YDL104C_mRNA	29	727.5	57.69	73.0	1.28	56.41	1.0	0.0853	-55.14
YDL105W_mRNA	52	546.4	38.73	12.0	2.88	35.85	1.0	0.077	-32.96
YDL106C_mRNA	70	708.7	99.67	104.0	3.57	96.1	1.0	0.188	-92.53
YDL107W_mRNA	103	617.0	58.46	16.0	12.19	46.26	0.9417	0.1207	-34.07
YDL108W_mRNA	109	672.3	59.28	43.0	12.52	46.75	1.0	0.1222	-34.23
YDL109C_mRNA	57	596.6	60.07	36.0	2.4	57.67	0.9825	0.1144	-55.26
YDL110C_mRNA	42	534.9	63.14	32.5	3.88	59.26	1.0	0.1287	-55.38
YDL111C_mRNA	207	598.4	51.34	56.0	6.46	44.88	0.9855	0.1009	-38.43
YDL112W_mRNA	276	825.0	52.33	69.0	2.23	50.09	0.9855	0.0939	-47.86
YDL113C_mRNA	167	696.9	45.84	18.0	1.62	44.22	0.982	0.0911	-42.6
YDL115C_mRNA	86	570.8	49.17	17.0	12.09	37.08	1.0	0.0981	-24.99
YDL116W_mRNA	236	775.9	57.97	38.0	1.41	56.57	0.9831	0.1002	-55.16
YDL117W_mRNA	89	637.1	52.01	14.0	11.62	40.39	0.9888	0.125	-28.78
YDL118W_mRNA	23	880.3	82.3	97.0	6.7	75.61	1.0	0.0955	-68.91
YDL119C_mRNA	74	573.6	52.27	22.0	4.85	47.42	1.0	0.0975	-42.57
YDL120W_mRNA	182	534.2	50.8	67.5	2.97	47.83	0.9945	0.1146	-44.86
YDL121C_mRNA	405	535.2	52.48	42.0	3.67	48.81	0.9901	0.1016	-45.15
YDL122W_mRNA	31	445.7	29.06	13.0	3.55	25.52	1.0	0.0886	-21.97
YDL123W_mRNA	313	504.1	49.84	66.0	4.73	45.12	1.0	0.1156	-40.39
YDL124W_mRNA	481	746.1	50.62	37.0	3.33	47.29	0.9958	0.0762	-43.96
YDL125C_mRNA	779	531.9	61.44	45.0	4.5	56.94	0.9949	0.1272	-52.44
YDL126C_mRNA	1209	733.3	48.95	34.0	2.18	46.77	0.9677	0.0946	-44.59
YDL127W_mRNA	43	566.0	51.65	56.0	4.67	46.98	1.0	0.1303	-42.3
YDL128W_mRNA	229	639.5	66.36	72.0	17.83	48.54	0.9869	0.1493	-30.71
YDL129W_mRNA	29	494.8	63.83	79.0	2.86	60.97	1.0	0.1521	-58.1
YDL130W-A_mRNA	200	406.7	45.42	22.0	3.12	42.29	1.0	0.1141	-39.16
YDL130W_mRNA	6229	437.6	51.76	68.0	4.12	47.64	0.9681	0.1139	-43.53
YDL131W_mRNA	490	710.7	46.12	20.0	2.57	43.56	0.998	0.0949	-40.99
YDL132W_mRNA	139	868.5	60.71	69.0	7.42	53.29	0.9928	0.1138	-45.88
YDL133C-A_mRNA	26191	307.6	29.34	6.0	1.77	27.57	0.9244	0.0848	-25.8
YDL133W_mRNA	113	635.2	56.03	70.0	2.1	53.93	1.0	0.1123	-51.83
YDL134C_mRNA	377	688.3	56.84	52.0	14.01	42.84	0.9814	0.1106	-28.83
YDL135C_mRNA	690	654.3	54.1	67.0	2.25	51.85	0.9826	0.0911	-49.6
YDL136W_mRNA	6147	468.2	44.34	17.0	4.49	39.85	0.995	0.0925	-35.37
YDL137W_mRNA	1558	661.2	53.96	60.0	11.83	42.14	0.9891	0.0849	-30.31
YDL138W_mRNA	48	709.0	99.04	76.0	18.71	80.33	1.0	0.1826	-61.62
YDL139C_mRNA	10	335.8	65.5	68.5	0.3	65.2	0.9	0.2124	-64.9
YDL140C_mRNA	151	567.9	71.0	72.0	24.91	46.09	0.9868	0.1376	-21.19
YDL141W_mRNA	93	792.1	50.97	33.0	1.96	49.01	0.9892	0.0981	-47.05
YDL142C_mRNA	76	596.7	48.32	32.0	3.21	45.11	0.9868	0.0916	-41.89
YDL143W_mRNA	519	726.4	50.64	64.0	2.83	47.81	0.9981	0.0955	-44.97
YDL144C_mRNA	75	780.7	56.57	18.0	4.39	52.19	1.0	0.0794	-47.8
YDL145C_mRNA	564	709.8	53.68	66.0	2.55	51.13	0.984	0.1089	-48.59
YDL146W_mRNA	76	658.5	67.68	75.5	5.14	62.54	1.0	0.1286	-57.39
YDL147W_mRNA	1185	871.0	50.16	22.0	2.37	47.79	0.9983	0.0738	-45.42
YDL148C_mRNA	253	720.3	52.26	25.0	3.7	48.56	0.996	0.0945	-44.87
YDL149W_mRNA	63	714.5	61.76	78.0	5.6	56.16	1.0	0.1143	-50.56
YDL150W_mRNA	59	528.2	53.02	48.0	2.37	50.64	1.0	0.1098	-48.27
YDL151C_mRNA	148	520.9	47.36	34.0	2.27	45.09	0.9932	0.1009	-42.82
YDL153C_mRNA	339	650.8	48.71	21.0	2.01	46.7	0.9971	0.0947	-44.69
YDL154W_mRNA	64	625.5	80.75	86.5	4.16	76.59	0.9844	0.1511	-72.44
YDL155W_mRNA	74	677.0	46.91	27.5	3.97	42.93	0.9865	0.0937	-38.96
YDL157C_mRNA	473	511.2	42.11	13.0	2.68	39.42	0.9894	0.0811	-36.74
YDL158C_mRNA	453	508.3	43.61	18.0	2.7	40.91	0.9801	0.0881	-38.21
YDL159C-B_mRNA	18	573.9	50.83	62.5	2.78	48.06	1.0	0.1361	-45.28
YDL159W_mRNA	24	663.8	50.08	62.0	2.92	47.17	0.9583	0.1162	-44.25
YDL160C-A_mRNA	348	461.3	46.89	19.0	3.8	43.09	0.9943	0.0982	-39.29
YDL160C_mRNA	110	662.6	149.93	142.0	13.04	136.89	1.0	0.3287	-123.85
YDL161W_mRNA	151	725.2	56.15	73.0	3.0	53.15	0.9868	0.1012	-50.15
YDL164C_mRNA	65	637.5	42.68	17.0	0.98	41.69	1.0	0.1137	-40.71
YDL165W_mRNA	135	510.4	38.64	15.0	1.99	36.65	0.9926	0.0893	-34.66
YDL166C_mRNA	176	615.2	44.64	13.0	5.09	39.55	1.0	0.0791	-34.45
YDL167C_mRNA	122	685.0	50.23	68.0	1.93	48.3	0.9918	0.0905	-46.36
YDL168W_mRNA	324	800.0	46.24	15.0	3.64	42.6	0.9691	0.0703	-38.97
YDL169C_mRNA	20	455.8	38.4	6.5	20.65	17.75	1.0	0.1227	2.9
YDL170W_mRNA	48	736.4	47.65	25.5	2.38	45.27	1.0	0.1096	-42.9
YDL171C_mRNA	358	832.9	53.73	59.5	3.98	49.74	1.0	0.0924	-45.76
YDL172C_mRNA	45	600.8	52.96	38.0	6.16	46.8	0.9333	0.1159	-40.64
YDL173W_mRNA	42	771.1	47.6	12.0	1.57	46.02	0.9524	0.0605	-44.45
YDL174C_mRNA	96	871.5	46.54	11.5	6.75	39.79	1.0	0.0688	-33.04
YDL175C_mRNA	76	630.1	58.11	73.0	1.99	56.12	0.9737	0.1134	-54.13
YDL176W_mRNA	86	676.4	58.62	73.0	7.35	51.27	1.0	0.1218	-43.92
YDL177C_mRNA	58	518.7	44.19	16.5	1.07	43.12	1.0	0.0884	-42.05
YDL178W_mRNA	203	736.1	46.36	14.0	3.3	43.06	0.9951	0.0769	-39.77
YDL179W_mRNA	81	563.0	59.56	74.0	7.58	51.98	0.9753	0.1215	-44.4
YDL180W_mRNA	198	705.8	71.74	76.5	4.52	67.22	0.9848	0.1408	-62.7
YDL181W_mRNA	379	437.0	89.66	68.0	11.66	77.99	1.0	0.1764	-66.33
YDL182W_mRNA	271	780.0	64.4	71.0	12.62	51.78	1.0	0.1234	-39.16
YDL183C_mRNA	139	822.9	91.02	87.0	1.89	89.13	1.0	0.1158	-87.24
YDL184C_mRNA	36254	314.9	33.04	8.0	2.89	30.15	0.9923	0.0967	-27.27
YDL185W_mRNA	1529	820.9	47.98	62.0	2.64	45.34	0.9784	0.0834	-42.7
YDL186W_mRNA	8	601.2	70.88	60.5	6.0	64.88	1.0	0.1213	-58.88
YDL187C_mRNA	23	608.1	73.04	65.0	20.61	52.43	1.0	0.133	-31.83
YDL188C_mRNA	128	835.5	60.02	60.0	2.77	57.26	0.9844	0.0851	-54.49
YDL189W_mRNA	116	637.6	41.79	11.5	5.13	36.66	0.9741	0.0821	-31.53
YDL190C_mRNA	203	663.5	57.63	65.0	5.08	52.54	0.9951	0.1293	-47.46
YDL191W_mRNA	10572	466.1	43.54	14.0	2.27	41.27	0.9409	0.0897	-39.0
YDL192W_mRNA	5262	618.8	41.04	11.0	1.94	39.1	0.9654	0.0685	-37.16
YDL193W_mRNA	195	573.7	48.55	26.0	5.83	42.72	0.9897	0.1064	-36.9
YDL194W_mRNA	40	779.0	99.82	91.0	8.8	91.02	1.0	0.2048	-82.22
YDL195W_mRNA	335	743.9	49.88	37.0	4.61	45.27	0.9821	0.094	-40.67
YDL197C_mRNA	52	745.9	92.33	76.5	2.67	89.65	1.0	0.1753	-86.98
YDL198C_mRNA	733	580.8	54.75	72.0	2.41	52.34	0.9918	0.1273	-49.93
YDL199C_mRNA	49	612.4	86.63	82.0	23.41	63.22	0.9796	0.1835	-39.82
YDL200C_mRNA	201	555.5	57.23	66.0	4.98	52.26	1.0	0.102	-47.28
YDL201W_mRNA	98	679.1	42.09	10.0	2.69	39.4	0.949	0.0807	-36.7
YDL202W_mRNA	102	552.4	39.95	13.5	2.07	37.88	0.9608	0.0898	-35.81
YDL203C_mRNA	70	720.9	52.06	20.0	1.56	50.5	1.0	0.1019	-48.94
YDL204W_mRNA	76	611.3	44.95	18.5	4.66	40.29	0.9737	0.1058	-35.63
YDL205C_mRNA	105	565.8	56.21	63.0	9.56	46.65	0.9524	0.122	-37.09
YDL206W_mRNA	53	742.1	60.47	66.0	2.53	57.94	0.9623	0.1159	-55.42
YDL207W_mRNA	42	699.2	53.12	69.0	1.0	52.12	1.0	0.1025	-51.12
YDL208W_mRNA	914	490.9	37.95	11.0	2.09	35.86	0.9978	0.0847	-33.78
YDL209C_mRNA	39	456.3	50.56	65.0	2.23	48.33	0.9744	0.133	-46.1
YDL210W_mRNA	22	602.0	65.18	76.5	3.0	62.18	1.0	0.1375	-59.18
YDL211C_mRNA	48	550.9	55.96	68.5	1.83	54.12	1.0	0.1138	-52.29
YDL212W_mRNA	1287	653.5	46.93	24.0	3.03	43.9	0.9681	0.0786	-40.86
YDL213C_mRNA	352	459.1	37.09	10.0	2.93	34.16	0.9545	0.0958	-31.23
YDL214C_mRNA	12	507.7	33.67	7.0	1.33	32.33	0.9167	0.0722	-31.0
YDL215C_mRNA	165	793.3	47.96	22.0	2.29	45.67	1.0	0.0834	-43.38
YDL216C_mRNA	44	728.9	56.41	71.0	2.55	53.86	1.0	0.0969	-51.32
YDL217C_mRNA	96	645.2	58.6	45.0	12.78	45.82	1.0	0.0944	-33.04
YDL218W_mRNA	6	519.0	44.0	44.5	0.5	43.5	1.0	0.0977	-43.0
YDL219W_mRNA	447	615.5	50.91	60.0	3.37	47.54	0.9843	0.0838	-44.17
YDL220C_mRNA	9	648.8	22.67	3.0	0.78	21.89	0.8889	0.0277	-21.11
YDL221W_mRNA	10	428.9	35.6	15.0	3.0	32.6	1.0	0.0951	-29.6
YDL222C_mRNA	21	496.8	71.14	79.0	4.81	66.33	1.0	0.1405	-61.52
YDL223C_mRNA	31	593.1	51.45	13.0	2.55	48.9	1.0	0.0969	-46.35
YDL224C_mRNA	111	706.8	65.51	73.0	4.78	60.73	0.982	0.127	-55.95
YDL225W_mRNA	197	723.9	46.32	19.0	2.41	43.91	0.9543	0.0911	-41.51
YDL226C_mRNA	368	645.2	66.98	21.0	22.83	44.15	0.9891	0.1321	-21.32
YDL227C_mRNA	73	680.8	57.01	70.0	2.84	54.18	0.9726	0.1198	-51.34
YDL228C_mRNA	1452	416.4	41.95	14.0	3.27	38.68	0.9504	0.1068	-35.4
YDL229W_mRNA	2475	1276.1	54.26	65.0	2.65	51.62	0.9818	0.0555	-48.97
YDL230W_mRNA	51	619.0	54.88	73.0	3.53	51.35	1.0	0.1082	-47.82
YDL231C_mRNA	110	725.1	61.8	71.0	5.28	56.52	0.9455	0.1241	-51.24
YDL232W_mRNA	506	392.8	56.4	67.0	1.47	54.93	1.0	0.1389	-53.46
YDL233W_mRNA	53	743.7	53.92	74.0	1.32	52.6	1.0	0.0929	-51.28
YDL234C_mRNA	484	692.5	45.01	16.5	3.36	41.65	0.9959	0.0853	-38.29
YDL235C_mRNA	511	583.6	54.27	68.0	3.96	50.31	0.998	0.0988	-46.35
YDL236W_mRNA	375	719.1	52.85	35.0	2.17	50.68	0.9867	0.0879	-48.52
YDL237W_mRNA	131	713.3	43.18	16.0	3.22	39.96	1.0	0.0759	-36.74
YDL238C_mRNA	22	765.5	83.14	77.0	3.73	79.41	1.0	0.096	-75.68
YDL239C_mRNA	85	635.8	66.41	65.0	13.98	52.44	0.9765	0.107	-38.46
YDL240W_mRNA	34	756.4	70.85	79.0	10.35	60.5	1.0	0.1343	-50.15
YDL241W_mRNA	300	516.3	71.54	68.5	12.43	59.11	0.9967	0.1546	-46.68
YDL243C_mRNA	270	600.7	71.46	72.0	16.18	55.28	1.0	0.1235	-39.1
YDL244W_mRNA	16	327.4	96.88	84.5	32.94	63.94	0.9375	0.3028	-31.0
YDL245C_mRNA	18	887.6	189.0	81.5	2.06	186.94	1.0	0.1765	-184.89
YDL247W-A_mRNA	100	615.2	139.55	77.0	30.02	109.53	1.0	0.1717	-79.51
YDL247W_mRNA	48	667.4	328.77	332.5	150.79	177.98	1.0	0.5655	-27.19
YDL248W_mRNA	92	1048.3	96.98	81.5	6.85	90.13	0.9891	0.1043	-83.28
YDR001C_mRNA	316	743.3	74.85	73.0	5.0	69.85	0.9968	0.1529	-64.85
YDR002W_mRNA	3183	579.0	45.17	16.0	1.89	43.28	0.9947	0.0838	-41.39
YDR003W-A_mRNA	118	403.1	42.78	20.0	2.63	40.15	1.0	0.1131	-37.53
YDR003W_mRNA	56	795.8	66.12	68.5	5.98	60.14	1.0	0.1099	-54.16
YDR004W_mRNA	94	757.6	54.71	67.5	6.79	47.93	0.9468	0.0905	-41.14
YDR005C_mRNA	269	810.7	53.34	67.0	4.36	48.98	0.9888	0.0892	-44.61
YDR006C_mRNA	130	775.1	51.28	42.0	1.96	49.32	0.9923	0.0941	-47.35
YDR007W_mRNA	48	576.8	55.52	12.0	6.73	48.79	1.0	0.1184	-42.06
YDR008C_mRNA	13	420.3	46.85	17.0	3.0	43.85	1.0	0.1159	-40.85
YDR009W_mRNA	20	682.0	75.1	84.5	2.45	72.65	1.0	0.1028	-70.2
YDR010C_mRNA	9	396.7	44.89	20.0	3.56	41.33	1.0	0.1175	-37.78
YDR011W_mRNA	401	712.6	51.73	62.0	4.72	47.01	0.9975	0.1067	-42.3
YDR012W_mRNA	1681	889.0	63.74	65.0	6.55	57.18	0.9923	0.0788	-50.63
YDR013W_mRNA	366	397.5	41.46	13.0	2.42	39.04	0.9836	0.1076	-36.61
YDR014W_mRNA	79	978.7	102.57	83.0	13.15	89.42	1.0	0.1547	-76.27
YDR016C_mRNA	98	414.8	40.32	11.5	1.92	38.4	1.0	0.0903	-36.48
YDR017C_mRNA	128	603.8	52.07	37.0	3.47	48.6	1.0	0.1127	-45.13
YDR018C_mRNA	14	515.9	115.64	93.0	22.29	93.36	1.0	0.229	-71.07
YDR019C_mRNA	76	620.3	51.37	63.0	3.96	47.41	0.9868	0.1084	-43.45
YDR020C_mRNA	90	742.6	40.69	13.0	1.93	38.76	0.9889	0.0685	-36.82
YDR021W_mRNA	63	676.5	70.81	80.0	2.43	68.38	0.9841	0.1223	-65.95
YDR022C_mRNA	28	468.3	85.61	84.5	41.5	44.11	1.0	0.2468	-2.61
YDR023W_mRNA	2692	955.8	48.1	18.0	2.59	45.5	0.9799	0.0696	-42.91
YDR025W_mRNA	4374	498.3	45.95	23.0	3.75	42.2	0.9973	0.1006	-38.45
YDR026C_mRNA	81	572.9	54.04	38.0	3.28	50.75	1.0	0.1299	-47.47
YDR027C_mRNA	112	826.9	44.84	16.0	3.73	41.11	0.9821	0.0834	-37.38
YDR028C_mRNA	150	540.3	47.19	26.0	2.8	44.39	0.9867	0.1216	-41.59
YDR030C_mRNA	57	478.2	72.84	81.0	32.11	40.74	1.0	0.2168	-8.63
YDR031W_mRNA	184	490.7	48.36	26.0	1.85	46.52	1.0	0.0996	-44.67
YDR032C_mRNA	483	629.1	44.01	20.0	4.44	39.57	0.9793	0.0812	-35.13
YDR033W_mRNA	3320	850.3	55.34	72.0	3.52	51.82	0.9964	0.09	-48.29
YDR034C-C_mRNA	21	454.6	102.29	111.0	2.0	100.29	1.0	0.2241	-98.29
YDR034C-D_mRNA	94	1058.3	162.47	87.0	7.99	154.48	0.9894	0.152	-146.49
YDR034C_mRNA	219	650.6	50.48	14.0	5.85	44.63	0.9817	0.1021	-38.77
YDR034W-B_mRNA	261	376.6	55.75	68.0	2.2	53.56	1.0	0.1411	-51.36
YDR035W_mRNA	557	673.2	47.48	22.0	1.99	45.49	0.991	0.0971	-43.5
YDR036C_mRNA	75	852.2	60.88	66.0	2.13	58.75	1.0	0.1219	-56.61
YDR037W_mRNA	1908	791.0	44.84	15.0	3.75	41.09	0.9858	0.0782	-37.34
YDR038C_mRNA	350	455.2	87.97	82.5	3.45	84.51	0.9943	0.2381	-81.06
YDR039C_mRNA	53	815.3	88.94	87.0	5.62	83.32	0.9811	0.2075	-77.7
YDR040C_mRNA	151	913.4	79.03	77.0	5.22	73.81	1.0	0.1118	-68.59
YDR041W_mRNA	248	605.3	47.6	47.5	2.44	45.17	1.0	0.0866	-42.73
YDR042C_mRNA	120	390.5	60.49	73.5	8.39	52.1	0.9917	0.1884	-43.71
YDR043C_mRNA	100	522.3	74.01	77.0	16.63	57.38	0.99	0.1544	-40.75
YDR044W_mRNA	217	726.1	52.26	32.0	4.06	48.21	0.9954	0.0969	-44.15
YDR045C_mRNA	460	577.2	51.52	69.0	2.05	49.47	0.9957	0.0945	-47.42
YDR046C_mRNA	534	775.5	46.54	18.5	2.57	43.97	0.9963	0.0835	-41.41
YDR047W_mRNA	230	646.5	56.03	17.0	15.79	40.24	0.9957	0.1155	-24.45
YDR048C_mRNA	7	330.4	135.57	126.0	10.86	124.71	1.0	0.3925	-113.86
YDR049W_mRNA	36	725.2	75.89	79.0	17.17	58.72	0.9722	0.1632	-41.56
YDR050C_mRNA	8295	612.8	47.79	57.0	2.32	45.48	0.9905	0.0911	-43.16
YDR051C_mRNA	239	679.2	70.87	58.0	32.46	38.42	0.9833	0.1475	-5.96
YDR052C_mRNA	94	790.0	70.03	73.5	3.24	66.79	1.0	0.1245	-63.54
YDR054C_mRNA	193	518.5	47.53	18.0	2.9	44.63	0.9896	0.1028	-41.73
YDR055W_mRNA	295	748.3	56.26	74.0	3.36	52.9	0.9797	0.1053	-49.55
YDR056C_mRNA	346	604.9	45.75	14.0	2.35	43.4	0.9884	0.0838	-41.05
YDR057W_mRNA	41	548.4	44.73	26.0	1.44	43.29	0.9756	0.099	-41.85
YDR058C_mRNA	42	649.8	41.98	14.0	1.98	40.0	1.0	0.0789	-38.02
YDR059C_mRNA	104	476.8	74.49	73.0	15.46	59.03	1.0	0.1674	-43.57
YDR060W_mRNA	196	638.8	100.8	65.5	1.97	98.83	0.9745	0.1795	-96.85
YDR061W_mRNA	109	744.8	47.52	18.0	1.38	46.15	0.9817	0.0798	-44.77
YDR062W_mRNA	300	1079.1	52.54	61.0	1.78	50.76	0.9833	0.0761	-48.97
YDR063W_mRNA	319	513.4	45.83	29.0	2.76	43.07	0.9843	0.0962	-40.31
YDR064W_mRNA	7729	530.0	49.26	13.0	12.14	37.12	0.9964	0.0855	-24.99
YDR065W_mRNA	169	701.7	53.08	70.0	2.29	50.79	1.0	0.0906	-48.5
YDR066C_mRNA	46	532.6	46.04	64.5	2.02	44.02	1.0	0.108	-42.0
YDR067C_mRNA	56	638.5	47.14	23.0	2.59	44.55	1.0	0.0783	-41.96
YDR068W_mRNA	47	804.9	44.13	10.0	1.3	42.83	0.9574	0.056	-41.53
YDR069C_mRNA	64	657.0	47.69	64.0	2.91	44.78	1.0	0.0902	-41.88
YDR070C_mRNA	28	401.2	41.32	15.5	1.93	39.39	1.0	0.1216	-37.46
YDR071C_mRNA	1597	594.5	38.22	10.0	2.74	35.48	0.9606	0.0681	-32.74
YDR072C_mRNA	250	640.1	59.54	70.5	4.82	54.73	0.992	0.1189	-49.91
YDR073W_mRNA	228	432.0	52.55	19.5	14.93	37.61	0.9868	0.1241	-22.68
YDR074W_mRNA	369	814.6	58.34	65.0	3.74	54.6	0.9919	0.1155	-50.86
YDR075W_mRNA	78	835.8	61.31	75.5	2.24	59.06	1.0	0.0911	-56.82
YDR076W_mRNA	40	540.8	46.5	15.0	1.82	44.68	1.0	0.0925	-42.85
YDR077W_mRNA	3137	690.8	58.26	74.0	3.8	54.46	0.9965	0.1055	-50.66
YDR078C_mRNA	99	384.8	82.64	67.0	39.07	43.57	1.0	0.2286	-4.49
YDR079C-A_mRNA	183	420.1	43.74	21.0	1.48	42.26	1.0	0.1016	-40.79
YDR079W_mRNA	184	447.0	33.55	10.0	2.46	31.09	0.9891	0.0769	-28.62
YDR080W_mRNA	117	994.5	94.45	76.0	1.36	93.09	0.9915	0.1217	-91.74
YDR081C_mRNA	76	845.2	99.32	72.0	26.29	73.03	0.9737	0.1568	-46.74
YDR082W_mRNA	44	818.4	58.11	77.0	1.61	56.5	1.0	0.091	-54.89
YDR083W_mRNA	38	671.2	37.66	13.0	2.32	35.34	1.0	0.0694	-33.03
YDR084C_mRNA	260	634.4	50.01	60.5	4.87	45.13	0.9692	0.0853	-40.26
YDR085C_mRNA	100	615.1	57.03	71.5	1.91	55.12	0.99	0.1219	-53.21
YDR086C_mRNA	2361	458.5	38.87	13.0	2.18	36.69	0.9936	0.0845	-34.51
YDR087C_mRNA	181	631.3	40.66	13.0	1.88	38.78	1.0	0.0792	-36.9
YDR088C_mRNA	61	631.8	53.05	77.0	1.03	52.02	0.9672	0.0958	-50.98
YDR089W_mRNA	66	708.6	64.05	75.0	4.12	59.92	1.0	0.1409	-55.8
YDR090C_mRNA	151	694.7	58.09	66.0	3.68	54.4	0.9338	0.1019	-50.72
YDR091C_mRNA	436	886.9	50.44	31.0	3.4	47.05	0.9977	0.0814	-43.65
YDR092W_mRNA	126	505.9	59.37	22.0	10.05	49.33	0.9841	0.1161	-39.28
YDR093W_mRNA	41	579.1	34.17	12.0	2.68	31.49	1.0	0.0761	-28.8
YDR094W_mRNA	39	929.6	59.87	73.0	6.95	52.92	1.0	0.1046	-45.97
YDR095C_mRNA	16	217.9	33.69	17.0	2.88	30.81	1.0	0.1517	-27.94
YDR096W_mRNA	143	779.7	79.19	76.0	11.2	67.99	0.986	0.1259	-56.78
YDR097C_mRNA	100	835.5	51.17	39.0	2.26	48.91	0.97	0.08	-46.65
YDR098C-B_mRNA	197	1906.0	223.03	310.0	4.75	218.28	0.9949	0.1211	-213.53
YDR098C_mRNA	413	594.1	44.68	15.0	2.07	42.61	0.9927	0.0846	-40.54
YDR099W_mRNA	869	870.4	113.07	93.0	59.37	53.7	0.9942	0.134	5.67
YDR100W_mRNA	394	436.7	50.08	64.5	5.11	44.97	1.0	0.1199	-39.87
YDR101C_mRNA	502	737.0	50.39	34.0	2.8	47.6	0.988	0.0845	-44.8
YDR102C_mRNA	11	370.9	195.27	205.0	38.36	156.91	1.0	0.4932	-118.55
YDR103W_mRNA	133	712.5	52.22	22.0	3.05	49.17	0.9925	0.0946	-46.13
YDR104C_mRNA	36	633.4	96.19	97.5	2.58	93.61	1.0	0.1692	-91.03
YDR105C_mRNA	61	749.9	78.02	81.0	19.61	58.41	1.0	0.1388	-38.8
YDR106W_mRNA	10	438.4	77.1	76.5	12.2	64.9	1.0	0.1661	-52.7
YDR107C_mRNA	441	518.4	338.61	392.0	300.78	37.83	1.0	0.6772	262.95
YDR108W_mRNA	58	795.4	41.72	11.0	1.93	39.79	1.0	0.084	-37.86
YDR109C_mRNA	22	634.1	47.23	20.5	1.73	45.5	0.9545	0.1066	-43.77
YDR110W_mRNA	38	939.8	53.0	27.0	3.47	49.53	0.9737	0.0775	-46.05
YDR111C_mRNA	90	659.1	54.41	10.0	3.72	50.69	1.0	0.1053	-46.97
YDR113C_mRNA	23	796.8	44.48	16.0	6.0	38.48	0.9565	0.0731	-32.48
YDR114C_mRNA	124	445.0	37.2	10.0	1.53	35.67	0.9919	0.0827	-34.14
YDR115W_mRNA	246	455.3	42.28	17.0	2.58	39.7	0.9878	0.0931	-37.12
YDR116C_mRNA	144	636.9	61.03	73.5	2.26	58.77	1.0	0.1067	-56.51
YDR117C_mRNA	93	671.7	45.97	19.0	5.48	40.48	0.9785	0.0918	-35.0
YDR118W-A_mRNA	18	583.5	72.56	77.5	1.83	70.72	1.0	0.1428	-68.89
YDR118W_mRNA	32	946.8	59.81	67.5	4.91	54.91	1.0	0.0755	-50.0
YDR119W-A_mRNA	196	436.7	40.19	13.0	2.97	37.22	0.9949	0.094	-34.25
YDR119W_mRNA	209	846.6	55.01	72.0	2.88	52.13	1.0	0.0956	-49.26
YDR120C_mRNA	174	755.4	51.14	26.0	2.87	48.27	0.9943	0.0878	-45.4
YDR121W_mRNA	12	371.5	38.58	19.5	1.58	37.0	0.9167	0.1289	-35.42
YDR122W_mRNA	135	661.8	42.9	16.0	2.23	40.67	1.0	0.0761	-38.44
YDR123C_mRNA	129	627.5	45.98	20.0	1.74	44.24	0.9767	0.088	-42.5
YDR124W_mRNA	60	509.0	42.32	16.5	2.62	39.7	1.0	0.1128	-37.08
YDR125C_mRNA	39	786.2	86.23	81.0	7.44	78.79	0.9744	0.1256	-71.36
YDR126W_mRNA	81	428.6	53.2	69.0	3.01	50.19	1.0	0.1447	-47.17
YDR127W_mRNA	593	857.0	70.95	78.0	2.0	68.95	0.9899	0.1282	-66.95
YDR128W_mRNA	107	769.8	69.75	75.0	2.87	66.88	1.0	0.1344	-64.01
YDR129C_mRNA	745	845.8	54.28	60.0	2.45	51.83	0.9919	0.0916	-49.37
YDR130C_mRNA	46	739.5	53.98	62.5	1.39	52.59	1.0	0.0796	-51.2
YDR131C_mRNA	47	710.7	54.74	66.0	1.91	52.83	1.0	0.1141	-50.91
YDR132C_mRNA	77	760.6	77.39	72.0	15.81	61.58	1.0	0.1325	-45.78
YDR133C_mRNA	1617	566.6	106.55	111.0	6.25	100.3	0.9994	0.2074	-94.05
YDR135C_mRNA	430	710.8	57.82	36.5	8.16	49.66	0.993	0.1137	-41.5
YDR137W_mRNA	136	792.3	46.96	29.0	2.82	44.15	1.0	0.0833	-41.33
YDR138W_mRNA	152	671.9	56.87	42.0	6.99	49.88	1.0	0.1083	-42.89
YDR139C_mRNA	587	414.1	39.66	14.0	2.83	36.82	1.0	0.0903	-33.99
YDR140W_mRNA	99	516.6	62.15	71.0	8.85	53.3	0.9899	0.1329	-44.45
YDR141C_mRNA	149	885.9	77.11	72.0	2.0	75.11	0.9933	0.1145	-73.11
YDR142C_mRNA	63	686.5	53.19	59.0	4.56	48.63	1.0	0.104	-44.08
YDR143C_mRNA	64	703.3	53.09	24.5	9.06	44.03	1.0	0.1046	-34.97
YDR144C_mRNA	168	757.2	47.43	63.5	1.75	45.68	0.9524	0.0903	-43.93
YDR145W_mRNA	193	692.6	52.38	65.0	2.42	49.96	0.9948	0.107	-47.54
YDR146C_mRNA	37	674.2	35.97	14.0	1.59	34.38	1.0	0.0599	-32.78
YDR147W_mRNA	62	792.0	66.68	71.5	2.45	64.23	0.9677	0.1	-61.77
YDR148C_mRNA	275	674.8	46.41	19.0	2.13	44.27	0.9964	0.0973	-42.14
YDR150W_mRNA	115	650.0	37.96	12.0	1.71	36.24	1.0	0.0837	-34.53
YDR151C_mRNA	247	765.1	55.43	72.0	2.76	52.67	0.996	0.0916	-49.91
YDR152W_mRNA	83	576.5	52.58	45.0	1.47	51.11	1.0	0.1123	-49.64
YDR153C_mRNA	116	720.8	47.36	30.0	3.08	44.28	0.9828	0.0835	-41.21
YDR154C_mRNA	3414	545.6	51.64	68.5	2.78	48.87	0.9982	0.1025	-46.09
YDR155C_mRNA	1839	559.0	47.25	31.0	2.42	44.83	0.9973	0.0911	-42.41
YDR156W_mRNA	118	477.4	46.02	33.5	2.81	43.2	0.9661	0.1037	-40.39
YDR157W_mRNA	129	477.3	39.8	16.0	2.38	37.42	0.9922	0.0839	-35.04
YDR158W_mRNA	2639	681.6	49.18	39.0	2.61	46.58	0.9962	0.0992	-43.97
YDR159W_mRNA	61	654.1	66.28	63.0	5.16	61.11	1.0	0.1385	-55.95
YDR160W_mRNA	42	758.7	81.45	21.0	42.69	38.76	0.9524	0.0726	3.93
YDR161W_mRNA	227	705.0	47.31	14.0	2.22	45.09	1.0	0.0814	-42.87
YDR162C_mRNA	79	556.4	39.3	15.0	2.32	36.99	1.0	0.0913	-34.67
YDR163W_mRNA	84	494.1	56.01	18.5	15.32	40.69	0.9881	0.1007	-25.37
YDR164C_mRNA	77	751.9	52.17	73.0	4.23	47.94	0.987	0.1074	-43.7
YDR165W_mRNA	415	638.1	51.31	66.0	4.55	46.76	0.9928	0.0979	-42.2
YDR166C_mRNA	85	912.6	64.28	64.0	3.32	60.96	0.9882	0.1024	-57.65
YDR167W_mRNA	310	627.5	48.09	27.0	1.82	46.27	0.9968	0.0851	-44.46
YDR168W_mRNA	588	972.2	47.08	15.5	3.09	43.99	0.9473	0.0681	-40.91
YDR169C-A_mRNA	7	666.1	529.57	498.0	62.14	467.43	1.0	0.7468	-405.29
YDR169C_mRNA	67	749.5	128.24	113.0	3.15	125.09	1.0	0.1899	-121.94
YDR170C_mRNA	560	839.0	56.25	54.0	6.2	50.05	0.9946	0.0959	-43.85
YDR170W-A_mRNA	10	564.1	110.4	93.0	3.7	106.7	1.0	0.1956	-103.0
YDR171W_mRNA	2483	700.9	44.87	16.0	2.9	41.96	0.994	0.0821	-39.06
YDR172W_mRNA	893	704.8	53.62	67.0	2.7	50.92	0.9866	0.0998	-48.21
YDR173C_mRNA	42	459.8	51.98	69.5	2.69	49.29	0.9524	0.1313	-46.6
YDR174W_mRNA	502	698.9	44.15	18.0	3.14	41.01	0.996	0.0776	-37.87
YDR175C_mRNA	64	774.8	70.48	76.5	1.55	68.94	1.0	0.1174	-67.39
YDR176W_mRNA	120	644.2	48.4	22.5	2.63	45.77	0.975	0.0907	-43.13
YDR177W_mRNA	471	689.8	42.67	13.0	2.34	40.34	0.983	0.0654	-38.0
YDR178W_mRNA	169	631.8	59.18	75.0	3.51	55.67	0.9882	0.1078	-52.17
YDR179C_mRNA	49	564.3	51.14	71.0	0.98	50.16	1.0	0.0955	-49.18
YDR179W-A_mRNA	100	674.4	39.22	11.5	2.6	36.62	0.99	0.0798	-34.02
YDR180W_mRNA	71	801.9	59.99	46.0	14.38	45.61	1.0	0.0998	-31.23
YDR181C_mRNA	112	690.0	62.95	78.5	3.12	59.82	1.0	0.1128	-56.7
YDR182W-A_mRNA	85	517.2	57.98	73.0	4.78	53.2	1.0	0.1271	-48.42
YDR182W_mRNA	103	799.5	54.58	70.0	2.44	52.15	1.0	0.0932	-49.71
YDR183C-A_mRNA	63	558.5	49.06	35.0	8.22	40.84	0.9841	0.1165	-32.62
YDR183W_mRNA	98	639.4	68.95	60.5	3.48	65.47	1.0	0.1091	-61.99
YDR184C_mRNA	48	764.9	56.5	45.0	6.92	49.58	1.0	0.0858	-42.67
YDR185C_mRNA	148	572.7	48.63	63.0	3.36	45.27	1.0	0.0909	-41.91
YDR186C_mRNA	124	706.3	52.5	35.0	1.95	50.55	0.9919	0.0938	-48.6
YDR188W_mRNA	437	736.4	46.57	15.0	3.32	43.25	0.9977	0.0867	-39.92
YDR189W_mRNA	202	813.8	49.02	64.0	1.58	47.44	0.9554	0.0782	-45.85
YDR190C_mRNA	634	781.0	50.5	65.0	2.58	47.93	0.9637	0.0818	-45.35
YDR191W_mRNA	30	470.6	37.73	12.0	1.17	36.57	1.0	0.0915	-35.4
YDR192C_mRNA	31	794.4	55.13	66.0	2.9	52.23	1.0	0.0928	-49.32
YDR194C_mRNA	491	893.4	50.96	18.0	4.95	46.01	0.9878	0.0815	-41.05
YDR195W_mRNA	65	880.5	51.48	37.0	3.35	48.12	1.0	0.1061	-44.77
YDR196C_mRNA	204	595.2	52.61	67.0	2.86	49.75	1.0	0.1064	-46.88
YDR197W_mRNA	81	520.7	41.91	15.0	2.43	39.48	0.9877	0.1101	-37.05
YDR198C_mRNA	82	719.8	46.27	16.0	1.22	45.05	0.9878	0.0785	-43.83
YDR199W_mRNA	54	691.0	51.54	23.5	3.07	48.46	0.9815	0.0842	-45.39
YDR200C_mRNA	56	1101.7	53.61	15.5	3.66	49.95	0.9821	0.0597	-46.29
YDR201W_mRNA	59	487.7	50.61	68.0	2.36	48.25	1.0	0.1054	-45.9
YDR202C_mRNA	51	756.3	46.06	30.0	2.22	43.84	0.9608	0.0751	-41.63
YDR203W_mRNA	48	723.1	58.77	75.0	1.5	57.27	0.9792	0.1018	-55.77
YDR204W_mRNA	90	629.6	42.86	12.0	4.49	38.37	0.9889	0.076	-33.88
YDR205W_mRNA	29	1027.2	74.21	78.0	5.76	68.45	1.0	0.1269	-62.69
YDR206W_mRNA	123	726.3	60.71	73.0	5.84	54.87	0.9919	0.1233	-49.03
YDR207C_mRNA	60	727.0	47.87	17.0	3.22	44.65	1.0	0.0788	-41.43
YDR208W_mRNA	107	737.6	49.97	26.0	3.47	46.5	0.972	0.0925	-43.04
YDR209C_mRNA	579	498.9	54.36	66.0	2.88	51.49	0.9724	0.112	-48.61
YDR210C-D_mRNA	238	1297.4	202.73	117.0	7.86	194.87	0.979	0.1531	-187.01
YDR210W-A_mRNA	11	520.2	77.0	46.0	7.73	69.27	0.9091	0.1643	-61.55
YDR210W-B_mRNA	68	714.3	129.13	84.0	2.66	126.47	1.0	0.1774	-123.81
YDR210W_mRNA	470	494.0	49.23	66.0	1.84	47.38	0.9766	0.1042	-45.54
YDR211W_mRNA	356	842.5	46.34	18.5	1.99	44.35	0.9888	0.0755	-42.37
YDR212W_mRNA	562	766.4	49.24	23.5	1.99	47.25	0.9947	0.0852	-45.26
YDR213W_mRNA	58	557.6	52.88	63.0	1.88	51.0	1.0	0.1317	-49.12
YDR214W_mRNA	599	747.5	53.35	62.0	1.96	51.39	0.9933	0.0935	-49.43
YDR215C_mRNA	6	469.3	173.83	156.5	52.0	121.83	1.0	0.3578	-69.83
YDR216W_mRNA	80	1054.9	103.36	88.5	4.82	98.54	0.9875	0.1662	-93.71
YDR217C_mRNA	107	799.2	55.34	69.0	5.66	49.67	0.9907	0.1027	-44.01
YDR218C_mRNA	8	375.2	127.88	124.5	2.88	125.0	1.0	0.3482	-122.12
YDR219C_mRNA	69	717.1	51.3	12.0	1.32	49.99	1.0	0.088	-48.67
YDR221W_mRNA	69	836.8	55.09	73.0	1.84	53.25	0.9855	0.1003	-51.41
YDR222W_mRNA	141	903.5	60.3	67.0	3.54	56.77	0.9929	0.0837	-53.23
YDR223W_mRNA	57	653.2	58.09	66.0	5.19	52.89	1.0	0.1199	-47.7
YDR224C_mRNA	3425	462.3	44.41	17.0	3.37	41.03	0.9836	0.0976	-37.66
YDR225W_mRNA	5845	571.4	48.63	31.0	3.19	45.44	0.9704	0.0871	-42.25
YDR226W_mRNA	1183	642.7	48.93	34.0	2.79	46.14	0.9924	0.0911	-43.35
YDR227W_mRNA	88	717.3	73.6	80.0	2.68	70.92	1.0	0.1473	-68.24
YDR228C_mRNA	90	699.6	59.77	13.5	14.93	44.83	1.0	0.0955	-29.9
YDR229W_mRNA	38	720.6	38.0	11.5	2.97	35.03	1.0	0.0746	-32.05
YDR230W_mRNA	12	346.2	13.17	8.5	5.75	7.42	1.0	0.0346	-1.67
YDR231C_mRNA	54	563.9	46.37	12.0	7.2	39.17	1.0	0.0879	-31.96
YDR232W_mRNA	240	631.4	46.38	19.5	3.56	42.82	0.9833	0.1017	-39.26
YDR233C_mRNA	831	784.9	60.08	75.0	4.04	56.04	0.9964	0.0896	-52.0
YDR234W_mRNA	359	722.0	54.45	32.0	9.84	44.61	0.9861	0.1152	-34.77
YDR235W_mRNA	179	835.7	46.71	16.0	2.5	44.21	1.0	0.0704	-41.7
YDR236C_mRNA	217	621.9	50.22	52.0	2.12	48.1	1.0	0.0896	-45.98
YDR237W_mRNA	141	704.9	40.29	14.0	2.15	38.14	0.9787	0.068	-35.99
YDR238C_mRNA	472	742.8	45.14	18.0	3.61	41.54	0.9936	0.0872	-37.93
YDR239C_mRNA	55	575.2	44.15	20.0	2.02	42.13	1.0	0.1025	-40.11
YDR240C_mRNA	59	625.5	49.44	23.0	1.25	48.19	1.0	0.0957	-46.93
YDR241W_mRNA	156	532.6	112.78	76.5	11.34	101.44	0.9936	0.1754	-90.1
YDR242W_mRNA	90	806.1	76.57	79.5	16.23	60.33	1.0	0.132	-44.1
YDR243C_mRNA	66	874.6	88.68	76.5	8.24	80.44	1.0	0.125	-72.2
YDR244W_mRNA	73	619.6	51.53	34.0	3.33	48.21	1.0	0.1076	-44.88
YDR245W_mRNA	256	608.9	48.22	24.5	3.48	44.73	0.9961	0.1002	-41.25
YDR246W-A_mRNA	46	612.9	74.2	71.0	3.7	70.5	0.9565	0.1339	-66.8
YDR246W_mRNA	32	594.8	82.62	70.5	6.72	75.91	1.0	0.1682	-69.19
YDR247W_mRNA	23	702.0	63.78	79.0	10.22	53.57	1.0	0.1234	-43.35
YDR248C_mRNA	131	584.6	40.59	10.0	2.5	38.09	0.9847	0.0814	-35.6
YDR249C_mRNA	65	590.3	54.37	70.0	3.38	50.98	1.0	0.114	-47.6
YDR251W_mRNA	205	910.4	63.19	77.0	2.09	61.1	0.9951	0.1085	-59.0
YDR252W_mRNA	38	704.5	58.71	52.0	9.87	48.84	1.0	0.0959	-38.97
YDR253C_mRNA	42	563.4	68.95	77.5	3.6	65.36	1.0	0.1436	-61.76
YDR254W_mRNA	63	741.7	67.43	69.0	12.7	54.73	1.0	0.0957	-42.03
YDR255C_mRNA	42	753.8	73.67	12.0	2.4	71.26	0.9524	0.0777	-68.86
YDR256C_mRNA	24	661.2	64.21	78.0	4.54	59.67	1.0	0.1262	-55.12
YDR257C_mRNA	148	710.8	48.91	63.5	1.57	47.34	0.9932	0.093	-45.76
YDR258C_mRNA	1553	807.1	45.26	15.0	1.98	43.28	0.9652	0.0759	-41.3
YDR259C_mRNA	71	404.3	64.46	64.0	4.31	60.15	0.9718	0.1568	-55.85
YDR260C_mRNA	71	564.5	76.92	82.0	5.08	71.83	1.0	0.1586	-66.75
YDR261C-D_mRNA	1387	1232.3	306.06	352.0	2.82	303.24	0.9921	0.2737	-300.42
YDR261C_mRNA	183	657.1	53.21	63.0	7.05	46.16	0.9945	0.1147	-39.11
YDR261W-A_mRNA	16	486.6	124.38	128.0	3.5	120.88	1.0	0.2692	-117.38
YDR261W-B_mRNA	158	1357.8	245.35	311.5	6.87	238.47	0.981	0.1752	-231.6
YDR262W_mRNA	194	572.6	70.24	75.5	19.21	51.03	0.9948	0.1602	-31.81
YDR263C_mRNA	51	513.3	82.12	72.0	10.06	72.06	1.0	0.1436	-62.0
YDR264C_mRNA	138	880.2	47.18	22.0	2.53	44.65	0.9928	0.0795	-42.12
YDR265W_mRNA	103	717.9	48.95	14.0	2.54	46.41	0.9903	0.0829	-43.86
YDR266C_mRNA	156	594.8	49.99	24.0	3.51	46.48	0.9936	0.1267	-42.97
YDR267C_mRNA	95	630.0	56.96	55.0	0.92	56.04	1.0	0.1029	-55.13
YDR268W_mRNA	50	554.3	59.06	80.5	6.18	52.88	0.98	0.1484	-46.7
YDR270W_mRNA	19	741.8	32.89	13.0	3.58	29.32	1.0	0.0708	-25.74
YDR272W_mRNA	219	761.3	41.24	14.0	3.31	37.93	0.9954	0.0597	-34.62
YDR273W_mRNA	72	500.4	41.62	11.0	8.0	33.62	1.0	0.0864	-25.62
YDR275W_mRNA	232	759.0	40.91	11.0	1.81	39.09	0.9828	0.0588	-37.28
YDR276C_mRNA	1504	413.6	56.13	73.0	4.09	52.04	0.988	0.1324	-47.95
YDR277C_mRNA	217	510.9	53.42	12.0	9.38	44.04	0.9954	0.1159	-34.66
YDR279W_mRNA	63	760.9	44.05	25.0	2.7	41.35	1.0	0.0683	-38.65
YDR280W_mRNA	265	686.9	49.71	28.0	3.7	46.0	0.9962	0.0834	-42.3
YDR281C_mRNA	96	473.9	36.65	8.0	1.32	35.32	1.0	0.0787	-34.0
YDR282C_mRNA	77	541.4	117.21	77.0	36.48	80.73	1.0	0.272	-44.25
YDR283C_mRNA	78	943.8	64.06	69.0	9.92	54.14	1.0	0.1162	-44.22
YDR284C_mRNA	203	780.1	55.53	66.0	6.51	49.02	0.9901	0.0858	-42.52
YDR285W_mRNA	58	667.9	50.5	30.0	2.02	48.48	1.0	0.1027	-46.47
YDR286C_mRNA	85	438.4	42.87	15.0	4.19	38.68	1.0	0.0904	-34.49
YDR287W_mRNA	45	717.2	58.44	71.0	3.47	54.98	0.9778	0.0935	-51.51
YDR288W_mRNA	108	715.4	49.46	27.5	2.13	47.33	1.0	0.091	-45.2
YDR289C_mRNA	102	626.5	40.35	15.0	1.66	38.7	1.0	0.0751	-37.04
YDR291W_mRNA	61	781.2	81.05	83.0	2.89	78.16	1.0	0.125	-75.28
YDR292C_mRNA	330	741.5	53.96	69.5	3.11	50.86	0.9909	0.1035	-47.75
YDR293C_mRNA	245	966.8	71.49	74.0	19.28	52.22	0.9959	0.1124	-32.94
YDR294C_mRNA	183	797.7	46.51	13.0	12.86	33.65	0.9891	0.0736	-20.79
YDR295C_mRNA	86	819.3	51.47	54.0	4.21	47.26	1.0	0.0951	-43.05
YDR296W_mRNA	127	577.4	49.22	25.0	2.34	46.88	0.9921	0.0974	-44.54
YDR297W_mRNA	342	752.4	50.43	38.0	2.59	47.84	0.9854	0.0902	-45.25
YDR298C_mRNA	522	645.3	53.62	58.0	3.0	50.62	1.0	0.102	-47.63
YDR299W_mRNA	96	726.4	38.55	11.5	1.78	36.77	1.0	0.0773	-34.99
YDR300C_mRNA	227	690.6	42.85	18.0	1.64	41.2	0.9648	0.0809	-39.56
YDR301W_mRNA	103	753.4	43.3	17.0	6.1	37.2	0.9903	0.0857	-31.11
YDR302W_mRNA	179	628.9	52.63	65.0	5.33	47.3	0.9721	0.0882	-41.97
YDR303C_mRNA	167	728.9	54.28	65.0	6.64	47.64	0.982	0.0954	-41.0
YDR304C_mRNA	214	595.8	52.7	65.0	3.02	49.67	0.9953	0.1021	-46.65
YDR305C_mRNA	196	501.3	48.53	18.5	6.44	42.09	0.9847	0.1015	-35.65
YDR306C_mRNA	77	905.9	67.78	66.0	2.44	65.34	0.987	0.0773	-62.9
YDR307W_mRNA	64	708.6	43.22	28.0	2.45	40.77	0.9844	0.1012	-38.31
YDR308C_mRNA	346	568.8	42.7	12.0	3.08	39.62	0.9971	0.0809	-36.53
YDR309C_mRNA	76	649.6	82.97	77.0	3.96	79.01	1.0	0.1839	-75.05
YDR310C_mRNA	108	687.9	87.01	88.0	39.44	47.57	0.9815	0.2382	-8.14
YDR311W_mRNA	128	773.4	60.93	77.0	1.59	59.34	0.9922	0.0994	-57.74
YDR312W_mRNA	64	486.6	37.02	8.5	1.09	35.92	0.9219	0.0831	-34.83
YDR313C_mRNA	73	549.9	48.44	34.0	2.01	46.42	1.0	0.115	-44.41
YDR314C_mRNA	14	1130.4	62.43	47.0	3.14	59.29	0.9286	0.0582	-56.14
YDR315C_mRNA	81	674.8	52.1	67.0	4.04	48.06	1.0	0.0891	-44.02
YDR316W-B_mRNA	1436	1215.3	314.54	332.0	2.49	312.05	0.9944	0.2982	-309.56
YDR316W_mRNA	78	610.7	50.24	20.5	3.65	46.59	1.0	0.1112	-42.94
YDR317W_mRNA	50	550.8	122.12	80.0	78.02	44.1	1.0	0.26	33.92
YDR318W_mRNA	54	819.5	50.61	12.5	5.85	44.76	0.9815	0.0981	-38.91
YDR319C_mRNA	201	657.6	51.14	62.0	4.62	46.53	0.9751	0.0906	-41.91
YDR320C-A_mRNA	388	325.5	53.46	71.5	2.73	50.72	1.0	0.1551	-47.99
YDR320C_mRNA	68	696.4	60.94	67.0	4.0	56.94	1.0	0.1273	-52.94
YDR320W-B_mRNA	6	326.3	78.0	67.5	1.0	77.0	0.8333	0.2146	-76.0
YDR321W_mRNA	452	713.3	45.57	15.5	5.06	40.51	0.9912	0.0819	-35.45
YDR322C-A_mRNA	1240	476.2	39.82	11.0	2.97	36.85	0.9629	0.0841	-33.88
YDR322W_mRNA	70	675.7	39.77	11.0	1.11	38.66	0.9857	0.0754	-37.54
YDR323C_mRNA	119	465.8	54.47	63.0	3.65	50.82	0.9832	0.1387	-47.18
YDR324C_mRNA	412	701.3	56.95	45.0	2.48	54.47	0.9976	0.1004	-51.99
YDR325W_mRNA	82	893.8	65.76	34.0	1.62	64.13	1.0	0.0994	-62.51
YDR326C_mRNA	163	772.1	51.75	24.0	7.47	44.28	1.0	0.099	-36.82
YDR327W_mRNA	254	621.7	43.83	15.5	1.83	42.0	1.0	0.0763	-40.17
YDR328C_mRNA	247	613.6	47.07	18.0	1.98	45.09	0.9919	0.0833	-43.12
YDR329C_mRNA	152	779.6	50.89	66.0	2.57	48.33	0.9868	0.0802	-45.76
YDR330W_mRNA	89	721.9	44.79	18.0	2.34	42.45	0.9888	0.0884	-40.11
YDR331W_mRNA	101	713.1	68.21	74.0	18.81	49.4	0.9802	0.1228	-30.58
YDR332W_mRNA	69	560.8	109.16	94.0	3.38	105.78	1.0	0.2705	-102.41
YDR333C_mRNA	157	710.3	50.88	28.0	2.06	48.82	1.0	0.1034	-46.76
YDR334W_mRNA	108	598.4	49.39	34.5	6.8	42.59	0.9907	0.1155	-35.8
YDR335W_mRNA	110	658.9	47.03	17.0	3.96	43.06	0.9818	0.0992	-39.1
YDR336W_mRNA	137	669.5	47.17	10.0	11.75	35.42	0.9927	0.0879	-23.66
YDR337W_mRNA	102	571.7	54.87	38.5	4.36	50.51	1.0	0.1179	-46.15
YDR338C_mRNA	78	653.0	57.73	71.0	1.71	56.03	1.0	0.1032	-54.32
YDR339C_mRNA	330	526.0	48.65	59.0	2.31	46.35	0.9939	0.1016	-44.04
YDR341C_mRNA	896	893.6	57.44	67.0	3.15	54.28	0.9955	0.1015	-51.13
YDR342C_mRNA	2586	956.5	58.2	74.0	4.01	54.2	0.9965	0.0923	-50.19
YDR343C_mRNA	475	924.5	58.64	72.0	3.28	55.36	0.9811	0.0907	-52.08
YDR345C_mRNA	3303	760.9	53.84	67.0	6.21	47.63	0.9952	0.1003	-41.42
YDR346C_mRNA	911	612.7	65.03	69.0	21.18	43.85	0.9879	0.1459	-22.67
YDR347W_mRNA	156	675.7	56.9	16.5	6.65	50.26	1.0	0.0954	-43.61
YDR348C_mRNA	70	512.5	39.96	12.0	1.43	38.53	0.9857	0.093	-37.1
YDR349C_mRNA	196	789.5	61.91	70.5	4.1	57.81	1.0	0.1314	-53.7
YDR350C_mRNA	134	823.0	50.13	28.0	1.93	48.2	0.9851	0.0899	-46.27
YDR351W_mRNA	217	810.7	56.59	75.0	3.07	53.51	0.9862	0.0989	-50.44
YDR352W_mRNA	216	646.5	70.7	72.0	23.06	47.64	0.9954	0.1352	-24.58
YDR353W_mRNA	1131	683.0	50.43	64.0	2.26	48.17	0.9894	0.088	-45.91
YDR354W_mRNA	324	635.7	49.27	36.5	5.76	43.51	0.9907	0.0914	-37.75
YDR356W_mRNA	84	847.3	77.73	77.0	1.81	75.92	0.9881	0.114	-74.11
YDR357C_mRNA	239	441.7	46.67	22.0	5.68	41.0	0.9665	0.1068	-35.32
YDR358W_mRNA	102	713.1	54.52	71.0	6.01	48.51	0.9902	0.0965	-42.5
YDR359C_mRNA	23	628.3	76.65	79.0	8.96	67.7	1.0	0.1673	-58.74
YDR361C_mRNA	458	616.7	48.76	31.0	2.02	46.75	0.9913	0.0965	-44.73
YDR362C_mRNA	78	755.9	58.73	67.0	11.73	47.0	0.9615	0.1	-35.27
YDR363W-A_mRNA	753	451.7	46.37	26.0	1.72	44.65	0.9947	0.1033	-42.93
YDR363W_mRNA	79	732.4	59.95	64.0	1.59	58.35	0.9747	0.1116	-56.76
YDR364C_mRNA	105	610.3	56.92	66.0	2.62	54.3	0.9905	0.1282	-51.69
YDR365C_mRNA	208	516.5	55.31	37.0	10.75	44.56	1.0	0.1422	-33.8
YDR365W-B_mRNA	1589	1802.5	306.56	330.0	3.92	302.64	0.9899	0.1788	-298.71
YDR366C_mRNA	27114	491.8	65.69	68.0	20.28	45.41	0.9889	0.1243	-25.13
YDR367W_mRNA	197	557.6	44.64	15.0	3.13	41.52	0.9797	0.0865	-38.39
YDR368W_mRNA	307	752.3	50.92	64.0	3.02	47.9	0.987	0.0844	-44.88
YDR369C_mRNA	97	644.6	65.62	77.0	4.46	61.15	1.0	0.1217	-56.69
YDR370C_mRNA	106	770.4	58.2	69.0	7.79	50.41	0.9906	0.0936	-42.61
YDR371C-A_mRNA	8	341.4	68.88	78.0	0.25	68.62	1.0	0.2258	-68.38
YDR371W_mRNA	132	754.2	63.7	80.0	4.47	59.23	1.0	0.1132	-54.77
YDR372C_mRNA	740	824.7	47.09	19.0	2.0	45.09	0.9905	0.0761	-43.1
YDR373W_mRNA	359	602.0	39.82	9.0	3.34	36.48	0.9276	0.0746	-33.14
YDR374C_mRNA	15	394.9	158.87	173.0	0.73	158.13	1.0	0.4056	-157.4
YDR374W-A_mRNA	176	396.1	34.92	12.0	2.46	32.46	0.9886	0.0894	-30.0
YDR375C_mRNA	56	728.3	41.32	23.0	2.21	39.11	1.0	0.0785	-36.89
YDR376W_mRNA	83	757.1	35.89	11.0	1.24	34.65	0.988	0.0576	-33.41
YDR377W_mRNA	2088	560.3	45.22	18.5	2.86	42.36	0.9952	0.0836	-39.5
YDR378C_mRNA	261	425.0	43.33	18.0	2.02	41.32	0.9962	0.1028	-39.3
YDR379C-A_mRNA	202	437.2	61.51	66.0	2.33	59.18	1.0	0.1397	-56.85
YDR379W_mRNA	110	681.0	39.98	13.5	2.03	37.95	0.9818	0.0789	-35.93
YDR380W_mRNA	795	790.0	53.93	69.0	3.32	50.61	0.9962	0.0975	-47.29
YDR381C-A_mRNA	159	526.4	119.36	89.0	61.31	58.05	1.0	0.2048	3.26
YDR381W_mRNA	2077	660.3	75.82	15.0	31.07	44.75	0.9942	0.1035	-13.69
YDR382W_mRNA	8859	492.4	49.14	32.0	2.45	46.69	0.9968	0.1036	-44.25
YDR383C_mRNA	45	434.1	56.2	17.0	8.73	47.47	1.0	0.1316	-38.73
YDR384C_mRNA	108	582.4	57.94	67.0	3.9	54.04	1.0	0.1087	-50.14
YDR385W_mRNA	4519	928.7	54.87	61.0	2.87	52.0	0.9929	0.0838	-49.13
YDR386W_mRNA	42	737.4	46.83	46.0	1.86	44.98	0.9524	0.0986	-43.12
YDR387C_mRNA	65	687.3	39.52	13.0	3.98	35.54	0.9846	0.0723	-31.55
YDR388W_mRNA	198	876.2	58.07	74.5	3.33	54.74	0.9949	0.092	-51.41
YDR389W_mRNA	82	648.2	82.84	77.0	3.22	79.62	1.0	0.1604	-76.4
YDR390C_mRNA	98	598.3	65.2	64.0	16.02	49.18	0.9694	0.1583	-33.16
YDR391C_mRNA	237	607.6	62.29	72.0	1.86	60.42	0.9958	0.1152	-58.56
YDR392W_mRNA	112	654.8	48.52	42.5	3.12	45.4	1.0	0.0922	-42.29
YDR393W_mRNA	102	484.9	49.66	64.5	1.43	48.23	0.9804	0.1144	-46.79
YDR394W_mRNA	268	760.5	51.61	59.5	2.35	49.26	1.0	0.0892	-46.9
YDR395W_mRNA	380	773.8	52.52	21.0	1.79	50.73	0.9947	0.1006	-48.93
YDR396W_mRNA	99	408.7	52.47	26.0	16.8	35.68	0.9899	0.1285	-18.88
YDR397C_mRNA	228	576.0	55.68	18.0	3.78	51.9	0.9868	0.1103	-48.12
YDR398W_mRNA	55	490.7	130.82	94.0	86.96	43.85	0.9091	0.3493	43.11
YDR399W_mRNA	1776	663.2	50.08	56.5	3.31	46.77	0.9966	0.0853	-43.47
YDR400W_mRNA	225	694.2	57.11	67.0	9.05	48.06	0.9911	0.094	-39.01
YDR401W_mRNA	5	356.4	94.0	68.0	1.4	92.6	1.0	0.2606	-91.2
YDR403W_mRNA	47	647.0	160.23	143.0	1.79	158.45	1.0	0.2864	-156.66
YDR404C_mRNA	212	597.9	51.82	25.0	3.55	48.27	0.9811	0.0984	-44.72
YDR405W_mRNA	37	577.8	46.57	35.0	2.7	43.86	1.0	0.0918	-41.16
YDR406W-A_mRNA	92	489.6	48.32	54.0	2.22	46.1	1.0	0.1026	-43.88
YDR406W_mRNA	64	763.8	52.81	70.0	2.3	50.52	0.9844	0.0896	-48.22
YDR407C_mRNA	103	813.1	58.93	64.0	10.86	48.07	0.9903	0.103	-37.2
YDR408C_mRNA	244	572.4	94.82	93.5	1.8	93.02	0.9918	0.1844	-91.22
YDR409W_mRNA	86	745.5	62.73	66.5	5.19	57.55	0.9419	0.1053	-52.36
YDR410C_mRNA	205	573.3	47.78	19.0	4.9	42.88	1.0	0.0889	-37.99
YDR411C_mRNA	74	743.7	44.68	17.5	4.14	40.54	1.0	0.0753	-36.41
YDR412W_mRNA	90	476.5	45.4	19.0	1.69	43.71	0.9889	0.1094	-42.02
YDR413C_mRNA	57	453.9	51.46	68.0	1.95	49.51	0.9825	0.1204	-47.56
YDR414C_mRNA	124	584.3	52.28	69.5	3.02	49.26	0.9839	0.1158	-46.23
YDR415C_mRNA	124	738.8	50.65	62.5	2.51	48.15	1.0	0.0897	-45.64
YDR416W_mRNA	57	799.5	42.16	12.0	1.56	40.6	1.0	0.0621	-39.04
YDR417C_mRNA	3493	515.5	51.36	64.0	2.29	49.08	0.9868	0.1048	-46.79
YDR418W_mRNA	2464	531.9	46.14	20.0	1.79	44.34	0.985	0.0934	-42.55
YDR419W_mRNA	81	743.1	53.28	22.0	8.37	44.91	0.9753	0.0976	-36.54
YDR420W_mRNA	138	661.1	58.15	63.5	12.06	46.09	0.9783	0.127	-34.04
YDR421W_mRNA	70	839.9	109.7	88.5	1.81	107.89	1.0	0.1659	-106.07
YDR422C_mRNA	55	690.8	67.6	71.0	13.96	53.64	1.0	0.1655	-39.67
YDR423C_mRNA	46	747.2	62.54	70.0	1.57	60.98	1.0	0.0947	-59.41
YDR424C_mRNA	609	357.9	49.5	22.0	7.23	42.27	0.9984	0.129	-35.05
YDR425W_mRNA	62	836.2	60.24	66.0	4.03	56.21	1.0	0.0821	-52.18
YDR426C_mRNA	97	539.8	58.23	73.0	3.96	54.27	1.0	0.1153	-50.31
YDR427W_mRNA	529	861.6	45.25	16.0	2.43	42.82	0.966	0.0631	-40.39
YDR428C_mRNA	348	568.1	44.22	15.0	5.21	39.01	0.9828	0.0843	-33.8
YDR429C_mRNA	1437	638.3	43.24	13.0	2.24	40.99	0.9861	0.0768	-38.75
YDR430C_mRNA	87	633.3	44.47	27.0	3.14	41.33	0.9885	0.1076	-38.2
YDR432W_mRNA	112	471.1	28.71	7.0	1.46	27.24	0.9911	0.0728	-25.78
YDR433W_mRNA	380	488.1	38.18	11.0	1.71	36.48	1.0	0.0985	-34.77
YDR434W_mRNA	276	778.9	48.75	19.0	4.55	44.2	0.9891	0.0774	-39.66
YDR435C_mRNA	88	739.0	78.64	79.0	3.85	74.78	1.0	0.1212	-70.93
YDR436W_mRNA	80	660.1	48.16	19.0	2.28	45.89	1.0	0.107	-43.61
YDR437W_mRNA	19	801.9	43.26	61.0	2.68	40.58	1.0	0.0726	-37.89
YDR438W_mRNA	33	728.1	49.76	27.0	1.82	47.94	1.0	0.0949	-46.12
YDR439W_mRNA	39	833.7	164.9	83.0	114.03	50.87	1.0	0.2112	63.15
YDR440W_mRNA	33	615.8	44.94	16.0	4.61	40.33	0.9697	0.0947	-35.73
YDR441C_mRNA	133	640.3	58.62	72.0	3.83	54.79	0.9925	0.1171	-50.95
YDR442W_mRNA	32	497.5	39.97	14.0	3.12	36.84	1.0	0.1044	-33.72
YDR443C_mRNA	14	1173.0	68.71	74.0	1.5	67.21	1.0	0.124	-65.71
YDR444W_mRNA	23	778.5	41.39	8.0	1.22	40.17	1.0	0.065	-38.96
YDR445C_mRNA	8	322.2	62.12	49.5	2.12	60.0	1.0	0.1965	-57.88
YDR447C_mRNA	13019	527.5	41.64	13.0	2.56	39.08	0.9981	0.0799	-36.52
YDR448W_mRNA	23	618.4	66.65	64.0	2.13	64.52	1.0	0.1393	-62.39
YDR449C_mRNA	182	699.6	50.33	67.0	3.7	46.63	0.9725	0.0963	-42.93
YDR450W_mRNA	7821	503.7	39.85	12.0	2.19	37.66	0.9775	0.0806	-35.47
YDR451C_mRNA	87	538.6	39.9	14.0	5.37	34.53	1.0	0.1088	-29.16
YDR452W_mRNA	323	632.1	50.24	63.0	2.2	48.04	0.9938	0.0998	-45.83
YDR453C_mRNA	81	457.4	48.56	21.0	3.68	44.88	0.9753	0.105	-41.2
YDR454C_mRNA	707	521.6	40.86	12.0	1.75	39.11	0.9958	0.0845	-37.36
YDR456W_mRNA	91	896.7	71.56	80.0	11.62	59.95	1.0	0.1049	-48.33
YDR457W_mRNA	328	733.0	60.35	68.5	2.42	57.93	0.997	0.109	-55.51
YDR458C_mRNA	130	696.6	57.47	39.5	2.37	55.1	1.0	0.1054	-52.73
YDR459C_mRNA	52	516.9	76.9	76.0	2.25	74.65	1.0	0.1923	-72.4
YDR460W_mRNA	51	551.4	63.25	12.0	14.25	49.0	0.9804	0.0978	-34.75
YDR461C-A_mRNA	19	386.3	46.42	61.0	0.68	45.74	1.0	0.1219	-45.05
YDR462W_mRNA	80	521.3	47.85	64.5	1.54	46.31	1.0	0.1016	-44.78
YDR463W_mRNA	123	601.7	51.51	57.0	4.37	47.14	1.0	0.1103	-42.76
YDR464C-A_mRNA	70	331.7	34.44	10.0	1.54	32.9	0.9429	0.1125	-31.36
YDR464W_mRNA	22	389.1	29.41	9.5	2.5	26.91	1.0	0.091	-24.41
YDR465C_mRNA	373	669.8	50.71	36.0	1.99	48.72	0.992	0.0944	-46.73
YDR466W_mRNA	34	695.1	46.79	21.0	3.18	43.62	0.9706	0.1057	-40.44
YDR467C_mRNA	64	467.8	55.17	72.5	1.28	53.89	1.0	0.1368	-52.61
YDR468C_mRNA	199	624.0	46.17	28.0	2.83	43.34	0.995	0.0847	-40.51
YDR469W_mRNA	286	597.4	49.44	41.5	2.82	46.62	0.9895	0.089	-43.8
YDR470C_mRNA	35	659.0	42.94	11.0	0.69	42.26	1.0	0.0886	-41.57
YDR471W_mRNA	8222	522.1	45.77	20.0	4.78	40.98	0.982	0.0859	-36.2
YDR472W_mRNA	110	591.3	58.75	67.5	10.57	48.18	0.9909	0.1275	-37.61
YDR473C_mRNA	64	596.1	46.55	28.5	2.77	43.78	0.9844	0.096	-41.02
YDR475C_mRNA	135	773.6	117.2	66.0	70.66	46.54	0.9926	0.1571	24.12
YDR476C_mRNA	125	657.3	50.18	64.0	1.69	48.49	1.0	0.0928	-46.8
YDR477W_mRNA	234	626.8	48.64	36.5	3.17	45.47	0.9957	0.1081	-42.3
YDR478W_mRNA	122	575.6	52.31	22.5	10.4	41.91	1.0	0.0914	-31.51
YDR479C_mRNA	44	767.5	56.0	75.0	2.14	53.86	1.0	0.1091	-51.73
YDR480W_mRNA	50	469.6	93.74	80.5	19.66	74.08	1.0	0.254	-54.42
YDR481C_mRNA	527	740.8	73.22	82.0	2.94	70.28	0.9886	0.1378	-67.34
YDR482C_mRNA	25	381.4	56.68	73.0	6.32	50.36	1.0	0.1655	-44.04
YDR483W_mRNA	588	682.9	48.0	30.0	3.92	44.08	0.9881	0.0914	-40.16
YDR484W_mRNA	76	869.9	58.92	76.5	1.89	57.03	0.9868	0.0914	-55.13
YDR485C_mRNA	65	709.6	41.09	16.0	1.69	39.4	1.0	0.0759	-37.71
YDR486C_mRNA	82	469.5	47.02	25.5	2.34	44.68	0.9512	0.1167	-42.34
YDR487C_mRNA	231	588.0	61.16	77.0	2.97	58.19	1.0	0.1173	-55.23
YDR488C_mRNA	157	679.1	52.74	63.0	2.46	50.28	1.0	0.088	-47.82
YDR489W_mRNA	53	626.5	42.58	21.0	3.02	39.57	0.9811	0.0863	-36.55
YDR490C_mRNA	20	1129.2	39.35	18.0	1.15	38.2	1.0	0.0528	-37.05
YDR491C_mRNA	145	616.0	54.81	73.0	2.8	52.01	0.9931	0.119	-49.21
YDR492W_mRNA	206	541.0	45.56	22.0	3.13	42.43	1.0	0.1056	-39.31
YDR493W_mRNA	131	484.3	46.06	29.0	2.46	43.6	1.0	0.0991	-41.15
YDR494W_mRNA	198	681.0	53.01	31.5	2.38	50.63	0.9949	0.1038	-48.24
YDR495C_mRNA	120	751.1	71.54	73.0	3.72	67.82	1.0	0.1315	-64.09
YDR496C_mRNA	576	817.0	49.98	67.0	2.15	47.83	0.9965	0.0862	-45.68
YDR497C_mRNA	617	781.1	47.96	27.0	3.59	44.37	0.9903	0.0851	-40.78
YDR498C_mRNA	35	792.7	58.49	75.0	2.63	55.86	0.9714	0.0924	-53.23
YDR499W_mRNA	32	533.1	58.34	44.5	2.16	56.19	1.0	0.1191	-54.03
YDR500C_mRNA	6002	371.7	40.22	11.0	3.21	37.02	0.9843	0.1005	-33.81
YDR501W_mRNA	57	459.6	56.68	53.0	1.07	55.61	1.0	0.1423	-54.54
YDR502C_mRNA	1050	705.0	48.06	35.0	2.53	45.53	0.9962	0.0982	-43.0
YDR503C_mRNA	81	622.0	60.2	58.0	6.93	53.27	0.9877	0.1115	-46.35
YDR504C_mRNA	140	634.7	81.01	82.0	7.39	73.63	1.0	0.1544	-66.24
YDR505C_mRNA	93	1050.0	68.2	78.0	5.03	63.17	1.0	0.0907	-58.14
YDR506C_mRNA	16	623.2	28.38	12.0	2.5	25.88	0.9375	0.0695	-23.38
YDR507C_mRNA	154	638.9	61.51	70.5	2.23	59.28	0.987	0.112	-57.05
YDR508C_mRNA	208	876.9	72.9	62.0	5.09	67.81	0.9904	0.1129	-62.73
YDR509W_mRNA	7	185.9	22.14	14.0	0.43	21.71	1.0	0.1102	-21.29
YDR510W_mRNA	390	450.9	45.37	14.0	2.97	42.39	0.9872	0.0985	-39.42
YDR511W_mRNA	186	408.0	40.51	11.5	1.84	38.67	0.9892	0.0967	-36.83
YDR512C_mRNA	287	482.0	42.56	15.0	2.18	40.38	0.993	0.0909	-38.21
YDR513W_mRNA	441	455.1	41.71	15.0	2.1	39.61	0.9932	0.0919	-37.51
YDR514C_mRNA	60	413.1	37.77	11.0	2.02	35.75	0.9833	0.0895	-33.73
YDR515W_mRNA	92	841.2	53.71	53.5	4.67	49.03	0.9565	0.0818	-44.36
YDR516C_mRNA	399	799.2	51.38	65.0	3.41	47.96	0.99	0.0912	-44.55
YDR517W_mRNA	102	808.0	55.67	60.0	3.25	52.41	0.9706	0.0966	-49.16
YDR518W_mRNA	139	722.7	48.78	52.0	2.04	46.75	0.9928	0.0919	-44.71
YDR519W_mRNA	586	546.3	58.63	64.5	2.83	55.8	0.9863	0.1123	-52.96
YDR520C_mRNA	59	588.8	60.61	61.0	18.29	42.32	1.0	0.1436	-24.03
YDR522C_mRNA	9	541.4	82.33	65.0	33.78	48.56	1.0	0.2079	-14.78
YDR523C_mRNA	9	659.6	94.67	86.0	21.0	73.67	1.0	0.1977	-52.67
YDR524C-B_mRNA	18044	509.3	51.42	69.0	3.03	48.4	0.9922	0.1016	-45.37
YDR524C_mRNA	105	698.4	51.54	69.0	2.46	49.09	1.0	0.0997	-46.63
YDR525W-A_mRNA	75	430.8	58.49	74.0	2.95	55.55	1.0	0.1401	-52.6
YDR526C_mRNA	50	775.2	33.9	11.5	1.76	32.14	0.96	0.0466	-30.38
YDR527W_mRNA	174	518.0	48.05	25.5	2.49	45.55	0.9943	0.1032	-43.06
YDR528W_mRNA	28	889.1	44.93	17.5	2.82	42.11	0.9286	0.0694	-39.29
YDR529C_mRNA	1197	550.7	44.21	19.0	2.1	42.11	0.9766	0.0828	-40.01
YDR530C_mRNA	61	758.0	60.52	55.0	1.57	58.95	1.0	0.1097	-57.38
YDR531W_mRNA	263	740.3	52.43	66.0	2.91	49.51	0.9924	0.0934	-46.6
YDR532C_mRNA	105	701.6	74.81	68.0	3.46	71.35	0.9905	0.1392	-67.9
YDR533C_mRNA	335	649.2	56.65	49.0	6.06	50.59	0.9821	0.099	-44.53
YDR534C_mRNA	12	497.7	142.33	75.5	82.83	59.5	1.0	0.2694	23.33
YDR536W_mRNA	19	574.9	98.05	88.0	13.53	84.53	0.9474	0.2136	-71.0
YDR537C_mRNA	30	714.5	52.77	47.5	2.27	50.5	1.0	0.0858	-48.23
YDR538W_mRNA	31	699.9	56.13	69.0	3.9	52.23	1.0	0.099	-48.32
YDR539W_mRNA	219	673.4	58.38	62.0	9.31	49.07	0.9863	0.1109	-39.77
YDR540C_mRNA	85	635.4	104.27	70.0	22.29	81.98	1.0	0.1422	-59.68
YDR541C_mRNA	67	582.7	61.4	57.0	2.06	59.34	1.0	0.1107	-57.28
YDR545W_mRNA	73	575.3	40.1	17.0	1.25	38.85	1.0	0.0795	-37.6
YEL001C_mRNA	518	614.5	48.88	22.0	4.44	44.44	0.9865	0.0893	-39.99
YEL002C_mRNA	509	748.7	54.06	70.0	2.88	51.18	0.998	0.0977	-48.31
YEL003W_mRNA	633	462.3	52.16	23.0	7.62	44.54	1.0	0.1057	-36.91
YEL004W_mRNA	53	653.3	73.08	68.0	2.3	70.77	0.9811	0.1225	-68.47
YEL005C_mRNA	69	477.9	52.64	52.0	2.3	50.33	0.9855	0.1352	-48.03
YEL006W_mRNA	152	705.6	55.95	66.5	4.83	51.12	0.9934	0.1059	-46.29
YEL007W_mRNA	127	725.3	108.3	93.0	9.21	99.09	1.0	0.2073	-89.87
YEL009C_mRNA	2244	792.1	51.54	51.0	3.55	47.99	0.9938	0.0874	-44.44
YEL011W_mRNA	156	654.3	47.49	17.0	5.24	42.24	0.9936	0.0956	-37.0
YEL012W_mRNA	59	538.4	54.0	15.0	2.53	51.47	1.0	0.1239	-48.95
YEL013W_mRNA	352	656.5	49.91	64.0	2.5	47.41	0.9943	0.096	-44.91
YEL014C_mRNA	26	325.4	48.42	57.0	5.58	42.85	0.9615	0.1428	-37.27
YEL015W_mRNA	100	851.9	45.99	33.5	2.2	43.79	0.98	0.0784	-41.59
YEL016C_mRNA	47	608.0	38.09	14.0	1.7	36.38	1.0	0.078	-34.68
YEL017C-A_mRNA	2902	478.4	51.46	68.0	3.27	48.19	0.9983	0.1156	-44.91
YEL017W_mRNA	35	891.3	49.03	44.0	4.31	44.71	1.0	0.0646	-40.4
YEL018C-A_mRNA	35	272.8	37.66	11.0	1.51	36.14	1.0	0.1613	-34.63
YEL018W_mRNA	39	272.3	42.59	20.0	3.28	39.31	1.0	0.1971	-36.03
YEL020C-B_mRNA	719	395.6	43.76	18.0	3.09	40.67	0.9819	0.1078	-37.57
YEL020C_mRNA	52	758.7	116.17	107.0	9.54	106.63	1.0	0.217	-97.1
YEL020W-A_mRNA	266	384.5	42.11	13.0	1.03	41.08	0.9962	0.11	-40.04
YEL021W_mRNA	126	635.7	42.4	12.5	1.79	40.6	0.9524	0.0757	-38.81
YEL022W_mRNA	180	730.4	62.93	77.0	2.33	60.6	1.0	0.1218	-58.27
YEL023C_mRNA	56	500.2	60.29	67.5	2.93	57.36	1.0	0.1225	-54.43
YEL024W_mRNA	587	852.7	47.31	22.0	2.77	44.54	0.9915	0.0627	-41.77
YEL025C_mRNA	108	769.7	63.02	69.5	14.38	48.64	0.9722	0.1127	-34.26
YEL026W_mRNA	2520	434.7	49.18	49.0	2.26	46.92	0.9948	0.1166	-44.65
YEL027W_mRNA	2424	679.8	48.82	65.0	3.11	45.71	0.9934	0.0787	-42.59
YEL028W_mRNA	70	585.0	80.73	68.5	26.11	54.61	0.9857	0.1417	-28.5
YEL029C_mRNA	230	768.4	47.67	18.5	5.13	42.55	0.9913	0.0673	-37.42
YEL030W_mRNA	78	498.2	49.17	54.0	2.41	46.76	0.9872	0.1058	-44.35
YEL031W_mRNA	575	734.4	55.38	71.0	2.68	52.7	0.9896	0.1125	-50.02
YEL032W_mRNA	111	633.5	66.37	76.0	2.83	63.54	0.991	0.1402	-60.71
YEL033W_mRNA	1255	633.7	51.49	56.0	3.01	48.48	0.9944	0.0847	-45.47
YEL034C-A_mRNA	1454	633.7	49.94	40.5	2.96	46.99	0.9972	0.081	-44.03
YEL034W_mRNA	1164	634.9	47.9	22.5	2.72	45.18	0.9914	0.0783	-42.46
YEL036C_mRNA	172	626.6	45.29	19.0	2.1	43.19	1.0	0.1011	-41.08
YEL037C_mRNA	207	550.3	42.24	17.0	1.4	40.84	0.9565	0.0882	-39.43
YEL038W_mRNA	97	573.0	51.48	45.0	2.84	48.65	1.0	0.1046	-45.81
YEL039C_mRNA	142	483.1	41.2	17.0	2.44	38.75	0.993	0.0812	-36.31
YEL040W_mRNA	1208	759.2	48.25	63.0	3.37	44.89	0.9743	0.091	-41.52
YEL041W_mRNA	36	561.4	47.28	20.0	4.36	42.92	0.9722	0.0868	-38.56
YEL042W_mRNA	459	673.2	45.98	34.0	2.98	43.0	0.9782	0.0961	-40.03
YEL043W_mRNA	69	599.6	57.16	66.0	2.94	54.22	1.0	0.1278	-51.28
YEL044W_mRNA	367	477.3	41.66	16.0	2.02	39.64	0.97	0.0919	-37.62
YEL046C_mRNA	1237	626.0	44.81	20.0	2.74	42.07	0.9951	0.1017	-39.33
YEL047C_mRNA	187	740.2	47.68	19.0	2.2	45.49	0.9947	0.0895	-43.29
YEL048C_mRNA	79	738.4	67.78	26.0	2.22	65.57	1.0	0.0903	-63.35
YEL049W_mRNA	7	553.0	330.43	210.0	76.43	254.0	1.0	0.5757	-177.57
YEL050C_mRNA	81	822.8	63.35	64.0	2.37	60.98	1.0	0.0894	-58.6
YEL050W-A_mRNA	83	365.2	45.93	21.0	4.45	41.48	0.988	0.1225	-37.04
YEL051W_mRNA	633	581.4	34.66	9.0	1.42	33.24	0.9621	0.0686	-31.82
YEL052W_mRNA	53	772.8	46.66	18.0	1.77	44.89	0.9434	0.0964	-43.11
YEL053C_mRNA	97	871.3	56.58	34.0	14.74	41.84	0.9381	0.1068	-27.09
YEL053W-A_mRNA	2463	570.2	50.08	64.0	2.42	47.66	0.9935	0.0999	-45.24
YEL054C_mRNA	2348	564.6	54.82	68.0	2.87	51.94	0.994	0.1103	-49.07
YEL055C_mRNA	395	689.7	51.05	64.0	1.66	49.39	0.9924	0.0904	-47.74
YEL056W_mRNA	94	625.1	57.89	73.0	2.09	55.81	0.9894	0.1205	-53.72
YEL057C_mRNA	37	505.1	42.81	20.0	3.35	39.46	1.0	0.0955	-36.11
YEL058W_mRNA	438	807.8	39.62	11.0	2.47	37.15	0.9909	0.0629	-34.69
YEL059C-A_mRNA	94	354.4	55.51	73.0	3.23	52.28	0.9894	0.1573	-49.04
YEL060C_mRNA	251	707.7	47.5	26.0	2.93	44.57	0.996	0.1022	-41.63
YEL061C_mRNA	67	817.4	55.75	70.0	1.78	53.97	0.9851	0.0884	-52.19
YEL062W_mRNA	117	720.5	79.23	80.0	2.57	76.66	0.9829	0.1357	-74.09
YEL063C_mRNA	168	711.1	61.69	66.5	14.12	47.57	0.994	0.1297	-33.45
YEL064C_mRNA	36	709.6	67.28	70.5	1.17	66.11	1.0	0.1401	-64.94
YEL065W_mRNA	29	1028.5	55.79	61.0	7.72	48.07	1.0	0.1073	-40.34
YEL066W_mRNA	30	574.5	42.27	17.0	2.0	40.27	1.0	0.0733	-38.27
YEL067C_mRNA	100	510.2	41.75	18.0	3.86	37.89	1.0	0.0903	-34.03
YEL068C_mRNA	49	505.7	54.65	42.0	9.1	45.55	1.0	0.1069	-36.45
YEL070W_mRNA	8	762.8	52.5	45.0	1.5	51.0	1.0	0.0827	-49.5
YEL071W_mRNA	1056	778.0	45.26	17.5	2.03	43.23	0.9848	0.0771	-41.2
YEL072W_mRNA	78	622.5	93.55	85.5	44.97	48.58	0.9872	0.1952	-3.6
YEL073C_mRNA	116	602.5	97.61	76.0	28.22	69.4	0.9914	0.1747	-41.18
YEL077C_mRNA	52	474.4	44.12	15.0	7.0	37.12	1.0	0.1	-30.12
YER001W_mRNA	633	755.1	59.22	66.0	11.28	47.94	0.9968	0.1126	-36.65
YER002W_mRNA	221	412.0	57.34	14.0	2.16	55.18	0.9729	0.1316	-53.02
YER003C_mRNA	380	699.1	49.6	55.0	2.23	47.37	0.9947	0.0959	-45.14
YER004W_mRNA	164	625.1	51.85	64.5	1.77	50.08	0.9939	0.102	-48.31
YER005W_mRNA	69	679.9	37.29	12.0	2.41	34.88	0.971	0.0862	-32.48
YER006C-A_mRNA	121	325.3	40.57	15.0	1.99	38.58	1.0	0.1216	-36.59
YER006W_mRNA	499	873.7	45.3	16.0	2.84	42.46	0.988	0.066	-39.62
YER007C-A_mRNA	524	572.6	45.09	19.0	2.73	42.36	0.9943	0.0885	-39.63
YER007W_mRNA	45	739.1	45.16	21.0	0.98	44.18	1.0	0.1037	-43.2
YER008C_mRNA	148	720.3	72.36	75.5	18.0	54.36	0.9797	0.1346	-36.36
YER009W_mRNA	3784	535.7	52.61	70.0	2.97	49.64	0.9963	0.0989	-46.67
YER010C_mRNA	101	592.3	88.38	78.0	3.81	84.56	1.0	0.1639	-80.75
YER011W_mRNA	68	639.7	78.65	74.0	26.13	52.51	1.0	0.1446	-26.38
YER012W_mRNA	850	616.5	45.69	16.0	4.42	41.27	0.9894	0.0786	-36.85
YER013W_mRNA	57	656.9	49.89	29.0	1.88	48.02	1.0	0.0883	-46.14
YER014W_mRNA	94	693.9	42.07	11.5	2.6	39.48	1.0	0.0857	-36.88
YER015W_mRNA	120	584.8	136.99	87.5	69.78	67.22	0.9917	0.237	2.56
YER016W_mRNA	46	488.3	47.54	18.0	5.2	42.35	1.0	0.1237	-37.15
YER017C_mRNA	78	790.5	50.21	43.5	1.91	48.29	0.9359	0.0831	-46.38
YER018C_mRNA	135	465.1	60.83	72.0	3.52	57.31	1.0	0.139	-53.79
YER019C-A_mRNA	1205	389.9	42.83	16.0	2.29	40.54	0.9934	0.1066	-38.25
YER019W_mRNA	47	504.6	46.72	60.0	1.85	44.87	1.0	0.1305	-43.02
YER020W_mRNA	108	661.8	41.46	11.0	1.57	39.89	1.0	0.088	-38.31
YER021W_mRNA	473	856.4	56.27	45.0	5.14	51.13	0.9979	0.0829	-45.99
YER022W_mRNA	106	805.2	49.51	60.0	2.34	47.17	0.9811	0.0888	-44.83
YER023C-A_mRNA	66	525.4	53.53	55.0	10.64	42.89	1.0	0.1051	-32.26
YER023W_mRNA	202	801.3	49.92	24.5	2.45	47.47	1.0	0.0686	-45.01
YER024W_mRNA	89	577.8	64.06	77.0	3.33	60.73	1.0	0.1427	-57.4
YER025W_mRNA	797	841.1	47.82	20.0	1.87	45.95	0.9849	0.0736	-44.08
YER026C_mRNA	643	690.9	53.33	63.0	4.27	49.06	0.9876	0.0955	-44.79
YER027C_mRNA	158	705.1	47.17	59.5	3.0	44.17	0.9937	0.0991	-41.17
YER028C_mRNA	32	642.7	116.78	75.0	3.62	113.16	1.0	0.2039	-109.53
YER029C_mRNA	111	536.9	42.59	15.0	2.04	40.56	0.982	0.0905	-38.52
YER030W_mRNA	118	439.4	36.69	8.5	1.21	35.48	1.0	0.0868	-34.27
YER031C_mRNA	316	653.2	45.16	17.0	2.64	42.52	0.9873	0.0804	-39.88
YER032W_mRNA	48	664.1	51.15	62.5	2.23	48.92	0.9792	0.1142	-46.69
YER033C_mRNA	38	776.7	62.45	45.5	9.13	53.32	1.0	0.134	-44.18
YER034W_mRNA	28	630.4	54.36	71.5	0.54	53.82	0.9286	0.094	-53.29
YER035W_mRNA	255	507.1	66.76	70.0	1.57	65.19	1.0	0.1397	-63.62
YER036C_mRNA	773	838.9	49.28	63.0	3.16	46.11	0.9612	0.0911	-42.95
YER037W_mRNA	879	927.3	52.0	64.0	2.16	49.84	0.9932	0.0673	-47.68
YER038C_mRNA	475	613.5	57.99	68.0	10.32	47.67	0.9958	0.109	-37.34
YER038W-A_mRNA	5	848.6	100.2	91.0	2.2	98.0	1.0	0.1407	-95.8
YER039C_mRNA	21	467.2	123.81	131.0	3.67	120.14	1.0	0.3345	-116.48
YER040W_mRNA	134	701.7	54.93	73.0	2.32	52.6	0.9851	0.1087	-50.28
YER041W_mRNA	23	577.4	45.52	34.0	1.35	44.17	1.0	0.0861	-42.83
YER042W_mRNA	603	552.5	44.05	16.0	3.03	41.02	0.9917	0.1024	-37.99
YER043C_mRNA	3734	758.8	49.94	55.0	2.49	47.45	0.9898	0.0923	-44.97
YER044C-A_mRNA	16	562.2	176.81	94.5	12.19	164.62	1.0	0.2817	-152.44
YER044C_mRNA	1243	545.1	52.38	60.0	5.02	47.36	0.9928	0.0995	-42.34
YER045C_mRNA	169	641.2	60.53	75.0	3.78	56.75	0.9882	0.1267	-52.98
YER046W-A_mRNA	27	441.6	42.48	12.0	3.37	39.11	1.0	0.1057	-35.74
YER046W_mRNA	70	444.4	38.37	7.0	5.87	32.5	1.0	0.0725	-26.63
YER047C_mRNA	12	668.2	66.0	75.0	3.58	62.42	1.0	0.111	-58.83
YER048C_mRNA	225	668.4	46.69	11.0	5.2	41.49	0.9911	0.0809	-36.29
YER048W-A_mRNA	566	565.3	47.23	23.0	1.94	45.29	0.9982	0.0869	-43.36
YER049W_mRNA	251	928.9	46.49	18.0	2.71	43.78	1.0	0.073	-41.07
YER050C_mRNA	348	528.3	48.14	22.0	3.11	45.04	1.0	0.0918	-41.93
YER051W_mRNA	48	812.8	67.94	59.5	2.46	65.48	0.9792	0.1227	-63.02
YER052C_mRNA	1331	690.7	51.48	67.0	2.97	48.51	0.9955	0.1049	-45.55
YER053C-A_mRNA	156	492.6	68.22	71.0	20.9	47.31	1.0	0.146	-26.41
YER053C_mRNA	430	650.0	56.3	41.5	2.69	53.61	1.0	0.1084	-50.92
YER054C_mRNA	28	580.6	65.21	76.0	5.29	59.93	0.9643	0.1602	-54.64
YER055C_mRNA	2180	750.5	48.72	24.0	2.41	46.31	0.9986	0.074	-43.89
YER056C-A_mRNA	3664	418.4	41.95	15.0	2.67	39.28	0.9866	0.0992	-36.6
YER056C_mRNA	1127	715.1	63.27	76.0	3.29	59.98	0.9938	0.1311	-56.7
YER057C_mRNA	767	448.8	46.94	22.0	2.28	44.66	1.0	0.1033	-42.39
YER058W_mRNA	25	383.6	40.4	12.0	7.04	33.36	1.0	0.0972	-26.32
YER059W_mRNA	102	663.4	58.36	59.0	11.56	46.8	0.9902	0.0998	-35.25
YER060W-A_mRNA	12	765.2	105.92	78.5	13.25	92.67	1.0	0.1392	-79.42
YER060W_mRNA	160	696.3	105.79	81.0	8.17	97.62	0.9812	0.1957	-89.45
YER061C_mRNA	52	687.1	56.63	69.0	2.54	54.1	0.9808	0.1116	-51.56
YER062C_mRNA	167	577.1	58.88	70.0	2.5	56.38	0.988	0.136	-53.89
YER063W_mRNA	99	510.2	47.34	17.0	1.45	45.89	0.9697	0.0961	-44.43
YER064C_mRNA	305	694.1	48.58	63.0	2.35	46.23	0.9738	0.0974	-43.88
YER065C_mRNA	62	565.7	182.66	86.5	145.6	37.06	0.9839	0.3391	108.53
YER066C-A_mRNA	234	529.7	47.06	24.5	1.45	45.62	0.9915	0.1027	-44.17
YER066W_mRNA	54	555.9	115.24	73.5	59.96	55.28	1.0	0.2255	4.69
YER067C-A_mRNA	239	523.2	45.82	18.0	3.88	41.94	1.0	0.0936	-38.05
YER067W_mRNA	297	544.9	43.93	14.0	2.41	41.53	0.9966	0.0891	-39.12
YER068W_mRNA	114	765.3	55.82	72.0	4.64	51.18	0.9825	0.1131	-46.54
YER069W_mRNA	474	694.2	48.13	27.0	4.1	44.03	0.9895	0.1007	-39.92
YER070W_mRNA	293	777.6	54.47	65.0	2.95	51.52	0.9932	0.1038	-48.57
YER071C_mRNA	294	485.3	49.42	58.0	3.74	45.68	0.9966	0.1058	-41.94
YER072W_mRNA	2209	448.0	47.36	51.0	2.15	45.21	0.9778	0.1161	-43.06
YER073W_mRNA	1193	587.3	52.2	67.0	3.03	49.18	0.9908	0.1129	-46.15
YER074W-A_mRNA	702	379.6	43.38	15.0	3.55	39.83	0.9986	0.1104	-36.28
YER074W_mRNA	7975	491.0	42.0	14.0	2.68	39.32	0.9921	0.085	-36.64
YER075C_mRNA	47	673.4	62.64	25.0	6.85	55.79	1.0	0.1037	-48.94
YER076C_mRNA	97	524.5	79.44	80.0	10.12	69.32	1.0	0.1705	-59.2
YER077C_mRNA	76	640.2	75.36	74.5	11.46	63.89	1.0	0.1644	-52.43
YER078C_mRNA	106	648.1	47.25	47.5	2.69	44.57	1.0	0.1007	-41.88
YER078W-A_mRNA	26	938.3	71.27	74.5	1.0	70.27	1.0	0.0864	-69.27
YER079W_mRNA	110	595.9	49.33	58.5	3.39	45.94	0.9545	0.1002	-42.55
YER080W_mRNA	237	761.6	68.1	67.0	2.24	65.86	1.0	0.1107	-63.61
YER081W_mRNA	579	725.9	57.05	69.0	3.2	53.85	1.0	0.0959	-50.65
YER082C_mRNA	276	596.9	48.53	28.5	3.91	44.62	0.9819	0.1059	-40.71
YER083C_mRNA	156	587.2	50.97	67.5	2.83	48.15	1.0	0.1109	-45.32
YER086W_mRNA	740	732.2	57.49	71.5	3.01	54.48	0.9959	0.1153	-51.48
YER087C-A_mRNA	79	348.8	42.81	15.0	2.05	40.76	1.0	0.1251	-38.71
YER087C-B_mRNA	566	442.7	42.95	15.0	3.17	39.79	0.9929	0.0955	-36.62
YER087W_mRNA	42	963.5	53.36	70.0	1.45	51.9	1.0	0.0862	-50.45
YER088C-A_mRNA	109	572.9	54.07	36.0	7.95	46.12	1.0	0.1092	-38.17
YER088C_mRNA	187	680.0	60.45	75.0	9.33	51.12	1.0	0.1335	-41.8
YER089C_mRNA	162	603.6	48.98	18.0	5.76	43.22	1.0	0.1126	-37.46
YER090W_mRNA	317	759.2	45.85	17.0	2.24	43.62	0.9748	0.0888	-41.38
YER091C_mRNA	1143	890.4	47.3	21.0	2.35	44.96	0.9965	0.0754	-42.61
YER092W_mRNA	147	495.1	43.88	20.0	1.82	42.06	1.0	0.0948	-40.24
YER093C-A_mRNA	45	440.2	68.96	62.0	19.96	49.0	1.0	0.1596	-29.04
YER093C_mRNA	60	954.2	59.5	43.0	1.88	57.62	0.9833	0.0893	-55.73
YER094C_mRNA	476	645.9	48.08	22.0	1.75	46.33	0.9853	0.0802	-44.59
YER095W_mRNA	53	805.1	47.28	19.0	3.81	43.47	1.0	0.0797	-39.66
YER096W_mRNA	28	717.9	47.36	15.0	4.04	43.32	1.0	0.1042	-39.29
YER097W_mRNA	9	333.6	155.67	163.0	125.56	30.11	1.0	0.4735	95.44
YER098W_mRNA	31	960.9	67.16	77.0	2.29	64.87	1.0	0.0752	-62.58
YER099C_mRNA	274	657.4	51.14	33.0	7.03	44.11	0.9854	0.0905	-37.08
YER100W_mRNA	235	563.9	46.71	23.0	2.98	43.73	0.9702	0.0969	-40.75
YER101C_mRNA	69	646.2	40.19	10.0	0.72	39.46	0.9855	0.0695	-38.74
YER102W_mRNA	14916	668.1	49.48	21.0	8.38	41.1	0.9982	0.0751	-32.71
YER103W_mRNA	1306	774.7	48.95	23.0	1.77	47.17	0.9855	0.0978	-45.4
YER104W_mRNA	122	454.8	52.35	56.5	7.66	44.7	0.9918	0.1324	-37.04
YER105C_mRNA	155	920.0	46.99	16.0	2.01	44.98	0.9935	0.0705	-42.97
YER106W_mRNA	7	1042.9	250.0	276.0	24.57	225.43	1.0	0.247	-200.86
YER107C_mRNA	178	713.3	55.79	71.0	3.42	52.37	0.9944	0.099	-48.96
YER109C_mRNA	48	899.1	298.9	291.5	6.5	292.4	1.0	0.4072	-285.9
YER110C_mRNA	587	814.2	52.27	25.0	5.87	46.4	0.9932	0.0918	-40.53
YER111C_mRNA	82	730.7	106.43	102.5	7.8	98.62	0.9878	0.189	-90.82
YER112W_mRNA	513	617.8	54.33	71.0	2.0	52.33	0.9747	0.0979	-50.33
YER113C_mRNA	96	752.9	52.33	60.5	2.35	49.98	0.9896	0.0997	-47.62
YER114C_mRNA	134	723.0	87.78	91.5	3.51	84.28	1.0	0.1552	-80.77
YER115C_mRNA	106	557.1	46.49	17.5	4.43	42.06	1.0	0.1017	-37.62
YER116C_mRNA	16	463.6	35.25	14.5	5.12	30.12	0.9375	0.1053	-25.0
YER117W_mRNA	18087	492.7	58.22	62.0	2.82	55.41	0.9944	0.116	-52.59
YER118C_mRNA	153	651.2	59.22	68.0	6.73	52.49	0.9935	0.1212	-45.76
YER119C-A_mRNA	225	628.5	44.8	13.0	6.28	38.52	0.9911	0.0798	-32.24
YER119C_mRNA	31	608.0	47.61	62.0	2.06	45.55	1.0	0.0984	-43.48
YER120W_mRNA	199	618.1	42.82	14.0	2.33	40.49	0.9849	0.078	-38.16
YER121W_mRNA	30	404.9	89.2	44.5	2.77	86.43	0.9333	0.1742	-83.67
YER122C_mRNA	360	731.3	52.46	65.0	2.08	50.38	1.0	0.0861	-48.29
YER123W_mRNA	88	666.3	43.18	18.5	1.86	41.32	1.0	0.0827	-39.45
YER124C_mRNA	376	818.7	57.9	71.0	5.89	52.01	0.9894	0.0955	-46.12
YER125W_mRNA	264	653.1	50.05	34.5	2.37	47.68	1.0	0.0979	-45.31
YER126C_mRNA	428	729.1	50.16	67.5	2.27	47.89	0.993	0.0791	-45.62
YER127W_mRNA	122	587.4	54.8	28.5	6.54	48.25	0.9836	0.113	-41.71
YER128W_mRNA	42	541.4	37.93	9.5	4.48	33.45	1.0	0.0848	-28.98
YER129W_mRNA	147	634.2	65.37	80.0	8.98	56.39	0.9864	0.1264	-47.41
YER130C_mRNA	185	819.7	44.96	19.0	4.5	40.45	0.9946	0.0746	-35.95
YER131W_mRNA	3891	453.1	38.87	12.0	2.85	36.02	0.9756	0.0881	-33.16
YER132C_mRNA	210	551.0	196.24	109.5	137.77	58.47	0.9952	0.4218	79.3
YER133W-A_mRNA	61	645.4	53.95	34.0	4.34	49.61	1.0	0.0932	-45.26
YER133W_mRNA	841	913.8	55.94	17.0	9.89	46.05	0.9798	0.0853	-36.17
YER134C_mRNA	79	659.4	46.25	16.0	2.32	43.94	1.0	0.0766	-41.62
YER135C_mRNA	7	335.1	80.29	86.0	7.29	73.0	1.0	0.2174	-65.71
YER136W_mRNA	369	777.0	51.33	62.0	3.06	48.28	0.9973	0.0919	-45.22
YER137C_mRNA	24	400.7	26.04	6.0	4.54	21.5	0.9583	0.0951	-16.96
YER138C_mRNA	2714	1647.3	295.02	329.0	3.12	291.9	0.9908	0.2004	-288.78
YER138W-A_mRNA	27	209.9	122.59	44.0	39.52	83.07	1.0	0.4364	-43.56
YER139C_mRNA	389	445.0	233.87	283.0	196.55	37.32	1.0	0.6122	159.24
YER140W_mRNA	68	773.3	61.84	14.0	2.49	59.35	0.9706	0.0817	-56.87
YER141W_mRNA	236	638.8	55.77	29.0	9.95	45.81	1.0	0.1132	-35.86
YER142C_mRNA	94	694.9	62.82	71.0	3.41	59.4	1.0	0.105	-55.99
YER143W_mRNA	97	750.9	46.44	32.0	4.43	42.01	0.9897	0.0898	-37.58
YER144C_mRNA	120	628.1	50.63	70.0	2.47	48.17	0.9917	0.1078	-45.7
YER145C-A_mRNA	404	397.1	40.73	14.0	2.2	38.53	0.995	0.0988	-36.33
YER145C_mRNA	109	615.6	62.18	72.0	3.65	58.53	0.9817	0.1261	-54.88
YER146W_mRNA	166	397.9	45.29	14.5	3.51	41.78	0.994	0.1064	-38.28
YER147C-A_mRNA	291	686.9	44.15	14.0	3.48	40.66	0.9897	0.068	-37.18
YER147C_mRNA	34	560.8	49.94	58.5	2.03	47.91	1.0	0.1056	-45.88
YER148W-A_mRNA	13	388.4	33.0	13.0	3.85	29.15	1.0	0.0851	-25.31
YER148W_mRNA	296	700.4	48.32	18.0	4.23	44.09	0.9865	0.0782	-39.86
YER149C_mRNA	40	700.5	51.5	12.0	9.45	42.05	1.0	0.0891	-32.6
YER150W_mRNA	401	530.8	57.53	72.0	3.81	53.72	0.9925	0.1133	-49.91
YER151C_mRNA	209	723.5	47.35	20.0	2.69	44.66	1.0	0.0894	-41.97
YER152C_mRNA	74	673.4	51.99	70.0	4.35	47.64	1.0	0.1028	-43.28
YER152W-A_mRNA	79	747.7	58.22	71.0	2.66	55.56	1.0	0.0968	-52.9
YER154W_mRNA	101	698.1	56.55	67.0	5.55	51.0	0.9901	0.1046	-45.45
YER155C_mRNA	365	694.4	39.07	12.0	2.0	37.07	0.9863	0.0753	-35.07
YER156C_mRNA	330	728.9	57.09	31.5	3.23	53.87	0.9939	0.1111	-50.64
YER157W_mRNA	162	673.0	45.73	14.5	2.87	42.86	0.9815	0.0837	-39.99
YER158C_mRNA	71	561.8	84.79	68.0	2.11	82.68	1.0	0.1521	-80.56
YER159C_mRNA	373	583.8	45.64	15.0	2.91	42.73	0.9946	0.0837	-39.82
YER160C_mRNA	637	1105.8	286.54	326.0	5.24	281.3	0.9937	0.3049	-276.06
YER161C_mRNA	49	451.9	83.78	56.0	38.14	45.63	1.0	0.177	-7.49
YER162C_mRNA	18	597.4	69.0	71.5	1.33	67.67	1.0	0.1549	-66.33
YER163C_mRNA	88	536.7	61.33	69.0	8.78	52.55	1.0	0.1326	-43.76
YER164W_mRNA	89	689.7	107.69	79.0	68.78	38.91	1.0	0.2572	29.87
YER165W_mRNA	832	944.8	54.09	70.0	2.82	51.26	0.9916	0.0797	-48.44
YER166W_mRNA	116	670.8	66.53	68.0	2.78	63.74	0.9741	0.1221	-60.96
YER167W_mRNA	152	686.9	64.11	73.5	2.51	61.6	1.0	0.1261	-59.09
YER168C_mRNA	127	688.1	51.93	16.0	2.18	49.75	0.9764	0.0889	-47.57
YER169W_mRNA	71	677.2	49.99	43.0	3.21	46.77	0.9859	0.1084	-43.56
YER170W_mRNA	84	619.3	58.1	66.0	2.5	55.6	0.9881	0.114	-53.1
YER171W_mRNA	76	654.7	50.84	44.5	2.33	48.51	0.9868	0.1096	-46.18
YER172C_mRNA	183	726.0	46.81	17.0	3.05	43.76	0.9891	0.0904	-40.7
YER173W_mRNA	29	666.7	81.72	79.0	26.03	55.69	0.931	0.1295	-29.66
YER174C_mRNA	391	570.8	46.97	22.0	2.28	44.69	0.9949	0.0941	-42.41
YER175C_mRNA	97	711.1	52.84	67.0	3.02	49.81	1.0	0.1001	-46.79
YER175W-A_mRNA	46	601.5	45.11	52.0	1.98	43.13	0.9565	0.0894	-41.15
YER176W_mRNA	65	595.9	38.2	8.0	1.23	36.97	0.9846	0.081	-35.74
YER177W_mRNA	1981	689.8	52.24	65.0	3.0	49.23	0.9944	0.0953	-46.23
YER178W_mRNA	858	781.0	48.49	21.0	3.06	45.43	0.9953	0.0856	-42.36
YER179W_mRNA	42	563.2	111.21	102.0	10.19	101.02	1.0	0.2051	-90.83
YER180C-A_mRNA	14	438.2	53.71	73.0	7.93	45.79	1.0	0.1426	-37.86
YER180C_mRNA	40	523.0	52.52	39.5	1.48	51.05	1.0	0.1262	-49.58
YER182W_mRNA	139	579.6	48.18	66.0	2.01	46.17	1.0	0.0988	-44.15
YER183C_mRNA	112	536.5	53.22	72.0	2.13	51.09	0.9911	0.1149	-48.96
YER184C_mRNA	64	798.5	266.77	137.0	126.66	140.11	1.0	0.3462	-13.45
YER185W_mRNA	25	504.0	143.2	110.0	67.6	75.6	1.0	0.2896	-8.0
YER186C_mRNA	188	701.3	43.01	17.0	2.95	40.05	0.9787	0.0804	-37.1
YER187W_mRNA	43	599.1	102.49	78.0	50.79	51.7	0.9767	0.2285	-0.91
YER188C-A_mRNA	6	453.7	42.33	38.0	1.5	40.83	1.0	0.0915	-39.33
YER188W_mRNA	61	528.5	56.62	35.0	14.38	42.25	1.0	0.1258	-27.87
YER190W_mRNA	49	615.6	37.86	15.0	2.92	34.94	1.0	0.075	-32.02
YFL001W_mRNA	68	672.6	57.93	77.5	1.76	56.16	0.9853	0.1107	-54.4
YFL002C_mRNA	56	438.0	54.54	32.5	7.38	47.16	1.0	0.1462	-39.79
YFL002W-A_mRNA	302	1535.5	266.58	314.5	9.69	256.9	0.9801	0.1739	-247.21
YFL002W-B_mRNA	26	404.8	81.65	81.5	6.92	74.73	1.0	0.226	-67.81
YFL003C_mRNA	22	638.1	63.0	77.0	5.86	57.14	1.0	0.134	-51.27
YFL004W_mRNA	671	739.3	43.79	17.0	1.95	41.84	0.9821	0.0802	-39.89
YFL005W_mRNA	975	707.5	64.88	71.0	15.4	49.48	0.9949	0.1161	-34.08
YFL007W_mRNA	122	838.3	47.14	17.0	2.07	45.07	0.9836	0.0854	-42.99
YFL008W_mRNA	88	704.6	47.36	40.5	1.25	46.11	1.0	0.0849	-44.86
YFL009W_mRNA	129	802.7	41.02	12.0	1.97	39.05	0.9922	0.0802	-37.09
YFL010C_mRNA	277	583.1	43.25	16.0	3.75	39.5	0.9964	0.089	-35.75
YFL010W-A_mRNA	59	296.7	38.85	13.0	2.8	36.05	1.0	0.1284	-33.25
YFL012W_mRNA	26	601.0	159.62	127.5	101.81	57.81	1.0	0.2447	44.0
YFL013C_mRNA	52	434.1	40.04	12.0	1.42	38.62	0.9615	0.1014	-37.19
YFL013W-A_mRNA	48	508.6	65.46	54.5	1.81	63.65	1.0	0.1397	-61.83
YFL014W_mRNA	111	470.8	42.21	7.0	3.7	38.5	0.982	0.0914	-34.8
YFL016C_mRNA	574	682.2	46.12	20.0	1.96	44.17	0.993	0.0974	-42.21
YFL017C_mRNA	227	417.3	44.64	18.0	2.04	42.6	1.0	0.1066	-40.56
YFL017W-A_mRNA	42	361.5	72.9	67.0	3.45	69.45	1.0	0.1952	-66.0
YFL018C_mRNA	371	684.4	45.86	14.0	2.71	43.15	0.9838	0.0926	-40.44
YFL019C_mRNA	8	642.9	362.5	346.0	48.5	314.0	1.0	0.5631	-265.5
YFL020C_mRNA	7	557.7	85.14	87.0	11.86	73.29	1.0	0.1571	-61.43
YFL021C-A_mRNA	48	759.6	49.46	54.5	3.58	45.88	1.0	0.1001	-42.29
YFL021W_mRNA	106	581.3	66.58	73.0	18.4	48.19	0.9811	0.1517	-29.79
YFL022C_mRNA	820	706.2	48.15	17.5	3.63	44.52	0.9915	0.0894	-40.88
YFL023W_mRNA	40	401.7	42.65	11.0	2.65	40.0	0.975	0.134	-37.35
YFL024C_mRNA	97	668.4	77.06	79.0	1.98	75.08	1.0	0.1671	-73.1
YFL025C_mRNA	96	677.2	42.56	18.0	2.34	40.22	0.9896	0.0822	-37.88
YFL026W_mRNA	28	676.3	221.29	181.5	176.36	44.93	1.0	0.289	131.43
YFL027C_mRNA	79	766.3	67.16	69.0	17.95	49.22	1.0	0.1191	-31.27
YFL028C_mRNA	260	707.0	45.17	13.0	3.02	42.15	0.9885	0.0714	-39.13
YFL029C_mRNA	77	561.0	71.43	43.0	1.43	70.0	1.0	0.1538	-68.57
YFL030W_mRNA	39	662.8	111.59	122.0	6.56	105.03	1.0	0.2019	-98.46
YFL031C-A_mRNA	909	431.3	76.15	75.0	29.12	47.03	0.9989	0.1597	-17.91
YFL031W_mRNA	1216	666.0	48.24	57.5	3.95	44.29	0.9975	0.0985	-40.34
YFL032W_mRNA	26	672.9	196.46	105.0	14.42	182.04	0.8846	0.222	-167.62
YFL033C_mRNA	119	720.6	53.73	57.0	2.61	51.13	1.0	0.1083	-48.52
YFL034C-A_mRNA	820	457.1	65.31	28.0	23.21	42.1	1.0	0.1297	-18.89
YFL034C-B_mRNA	98	601.1	50.68	54.5	3.22	47.46	0.9898	0.1099	-44.23
YFL034W_mRNA	59	498.8	46.47	26.0	1.39	45.08	1.0	0.1103	-43.69
YFL036W_mRNA	194	851.3	56.63	66.0	3.25	53.38	1.0	0.0894	-50.13
YFL037W_mRNA	574	755.4	55.48	72.0	2.68	52.8	0.9948	0.1032	-50.12
YFL038C_mRNA	773	564.7	48.77	18.0	7.27	41.5	0.9806	0.0972	-34.24
YFL039C_mRNA	3108	874.7	51.89	67.0	3.71	48.18	0.9875	0.0828	-44.47
YFL040W_mRNA	7	442.9	97.14	83.0	2.0	95.14	1.0	0.2443	-93.14
YFL041W-A_mRNA	21	553.4	44.71	20.0	2.86	41.86	1.0	0.1148	-39.0
YFL041W_mRNA	95	805.7	56.37	65.0	2.58	53.79	1.0	0.0987	-51.21
YFL042C_mRNA	72	653.9	44.92	14.0	1.49	43.43	0.9583	0.1023	-41.94
YFL044C_mRNA	58	873.6	38.59	15.0	2.19	36.4	0.9828	0.0535	-34.21
YFL045C_mRNA	2587	749.1	50.27	65.0	2.88	47.38	0.9923	0.082	-44.5
YFL046W_mRNA	201	644.2	39.49	10.0	1.35	38.14	0.9801	0.0625	-36.79
YFL047W_mRNA	87	776.4	40.52	14.0	2.76	37.76	1.0	0.0709	-35.0
YFL048C_mRNA	334	791.1	48.48	34.5	2.38	46.1	0.991	0.0829	-43.73
YFL049W_mRNA	103	771.8	59.71	73.0	1.78	57.93	1.0	0.1097	-56.16
YFL050C_mRNA	87	714.1	73.97	78.0	17.06	56.91	1.0	0.1296	-39.85
YFL051C_mRNA	18	601.6	189.5	96.5	61.28	128.22	1.0	0.2487	-66.94
YFL052W_mRNA	14	630.8	141.79	80.5	3.21	138.57	1.0	0.1752	-135.36
YFL053W_mRNA	24	574.2	237.38	98.0	193.17	44.21	1.0	0.3777	148.96
YFL054C_mRNA	21	558.9	48.81	13.0	19.43	29.38	1.0	0.1149	-9.95
YFL055W_mRNA	51	565.1	114.25	82.0	55.73	58.53	1.0	0.2213	-2.8
YFL059W_mRNA	18	643.3	43.72	17.5	0.83	42.89	1.0	0.0719	-42.06
YFL061W_mRNA	40	646.8	87.28	79.5	6.22	81.05	1.0	0.1424	-74.82
YFL062W_mRNA	12	734.0	132.92	84.0	1.0	131.92	0.9167	0.1929	-130.92
YFL066C_mRNA	5	360.8	31.4	7.0	10.6	20.8	0.8	0.0604	-10.2
YFR001W_mRNA	307	513.6	38.85	12.0	2.79	36.07	0.9967	0.0893	-33.28
YFR002W_mRNA	290	784.7	52.65	67.5	2.25	50.4	0.9931	0.0888	-48.16
YFR003C_mRNA	192	504.7	44.43	30.0	1.82	42.61	1.0	0.1	-40.79
YFR004W_mRNA	353	670.4	46.03	16.0	2.46	43.57	0.983	0.0798	-41.1
YFR005C_mRNA	103	599.9	44.04	15.0	2.82	41.22	0.9515	0.1087	-38.41
YFR006W_mRNA	256	847.7	48.81	28.0	2.8	46.02	0.9961	0.0866	-43.22
YFR007W_mRNA	58	655.8	95.1	33.0	1.22	93.88	0.9828	0.1379	-92.66
YFR008W_mRNA	66	563.4	115.2	107.0	2.17	113.03	1.0	0.246	-110.86
YFR009W-A_mRNA	264	595.7	43.11	16.5	1.55	41.56	0.9962	0.0904	-40.01
YFR009W_mRNA	96	1003.4	62.6	66.5	5.94	56.67	1.0	0.0852	-50.73
YFR010W_mRNA	204	774.8	57.5	53.0	2.36	55.14	0.9951	0.0965	-52.77
YFR011C_mRNA	261	581.6	40.3	12.0	1.53	38.77	0.9464	0.0752	-37.25
YFR012W-A_mRNA	9	873.3	61.56	15.0	0.0	61.56	1.0	0.0779	-61.56
YFR013W_mRNA	98	589.4	44.61	19.0	1.57	43.04	0.9592	0.1072	-41.47
YFR014C_mRNA	101	641.9	45.17	14.0	1.55	43.61	1.0	0.096	-42.06
YFR015C_mRNA	141	608.6	47.67	23.0	1.87	45.81	0.9929	0.1025	-43.94
YFR016C_mRNA	44	422.6	69.07	14.5	8.05	61.02	1.0	0.1505	-52.98
YFR017C_mRNA	69	557.5	48.1	15.0	2.0	46.1	0.9855	0.0846	-44.1
YFR018C_mRNA	50	836.5	41.28	17.0	4.78	36.5	1.0	0.067	-31.72
YFR019W_mRNA	80	698.3	53.62	59.5	8.94	44.69	0.9875	0.1183	-35.75
YFR020W_mRNA	81	669.9	76.07	77.0	23.25	52.83	1.0	0.1426	-29.58
YFR021W_mRNA	45	766.9	59.96	72.0	3.13	56.82	1.0	0.1077	-53.69
YFR022W_mRNA	44	610.3	47.64	64.5	2.8	44.84	1.0	0.1042	-42.05
YFR023W_mRNA	12	687.7	113.67	114.0	1.83	111.83	1.0	0.2133	-110.0
YFR024C-A_mRNA	170	667.4	45.65	17.5	2.86	42.79	0.9706	0.0922	-39.93
YFR025C_mRNA	154	671.9	51.3	18.0	5.27	46.03	1.0	0.0911	-40.77
YFR026C_mRNA	27	403.2	85.15	18.0	24.26	60.89	1.0	0.1952	-36.63
YFR027W_mRNA	24	481.3	60.0	75.0	1.71	58.29	1.0	0.1346	-56.58
YFR028C_mRNA	38	933.6	45.66	18.0	2.26	43.39	1.0	0.0722	-41.13
YFR029W_mRNA	41	766.2	52.17	64.0	9.1	43.07	1.0	0.1124	-33.98
YFR030W_mRNA	150	758.0	66.47	45.5	1.97	64.5	1.0	0.1284	-62.53
YFR031C-A_mRNA	5652	612.1	43.17	14.0	2.65	40.52	0.9697	0.0794	-37.87
YFR031C_mRNA	108	672.7	51.33	18.5	4.58	46.75	0.9815	0.0928	-42.17
YFR032C-A_mRNA	11328	313.2	45.56	21.0	3.52	42.03	0.9974	0.1351	-38.51
YFR032C_mRNA	7	454.1	115.71	83.0	21.57	94.14	1.0	0.3188	-72.57
YFR033C_mRNA	161	420.3	40.8	19.0	1.49	39.31	0.9938	0.1044	-37.82
YFR034C_mRNA	170	421.2	46.86	20.5	3.39	43.46	0.9941	0.1163	-40.07
YFR034W-A_mRNA	14	451.1	58.79	73.0	5.93	52.86	1.0	0.1348	-46.93
YFR035C_mRNA	35	349.4	39.17	10.0	4.09	35.09	1.0	0.1145	-31.0
YFR036W-A_mRNA	41	376.7	40.12	13.0	1.68	38.44	1.0	0.1132	-36.76
YFR036W_mRNA	25	507.8	78.2	78.0	5.96	72.24	1.0	0.1488	-66.28
YFR037C_mRNA	30	428.3	39.87	11.5	2.67	37.2	0.9667	0.1032	-34.53
YFR038W_mRNA	45	692.8	41.24	16.0	1.69	39.56	1.0	0.0837	-37.87
YFR039C_mRNA	141	629.9	49.78	45.0	3.73	46.05	0.9929	0.0999	-42.32
YFR040W_mRNA	125	794.6	53.03	68.0	2.46	50.57	0.992	0.0849	-48.1
YFR041C_mRNA	113	602.3	45.94	19.0	1.43	44.5	1.0	0.089	-43.07
YFR042W_mRNA	193	632.4	59.24	72.0	3.83	55.4	0.9845	0.1031	-51.57
YFR043C_mRNA	77	624.8	52.13	37.0	8.23	43.9	1.0	0.0975	-35.66
YFR044C_mRNA	784	796.2	55.97	49.0	2.81	53.16	0.9936	0.0919	-50.35
YFR045W_mRNA	57	650.6	53.89	63.0	11.56	42.33	1.0	0.1054	-30.77
YFR046C_mRNA	28	444.1	45.89	25.0	5.11	40.79	1.0	0.104	-35.68
YFR047C_mRNA	149	604.9	45.34	23.0	2.6	42.74	0.9933	0.0886	-40.14
YFR048W_mRNA	83	620.3	43.14	12.0	6.39	36.76	0.988	0.0908	-30.37
YFR049W_mRNA	258	552.2	46.5	38.5	2.04	44.46	0.9729	0.0874	-42.41
YFR050C_mRNA	426	682.3	48.85	20.0	3.08	45.77	0.993	0.0781	-42.7
YFR051C_mRNA	241	733.3	49.93	64.0	3.02	46.9	1.0	0.1038	-43.88
YFR052C-A_mRNA	513	522.0	50.62	51.0	4.18	46.44	0.9981	0.1125	-42.26
YFR052W_mRNA	528	601.4	46.9	24.0	3.24	43.66	0.9773	0.0924	-40.41
YFR053C_mRNA	298	1220.2	99.51	100.0	2.17	97.34	0.9866	0.0862	-95.17
YFR055W_mRNA	809	760.2	48.92	22.0	3.11	45.81	0.9926	0.0895	-42.71
YGL001C_mRNA	542	832.8	59.05	67.0	2.39	56.66	0.9926	0.0888	-54.27
YGL002W_mRNA	128	516.4	43.92	32.0	4.91	39.02	1.0	0.109	-34.11
YGL003C_mRNA	81	662.5	75.96	78.0	11.11	64.85	1.0	0.1634	-53.74
YGL004C_mRNA	41	730.2	73.61	78.0	4.0	69.61	1.0	0.1321	-65.61
YGL005C_mRNA	123	670.8	55.38	70.0	1.36	54.02	1.0	0.0983	-52.67
YGL006W_mRNA	457	838.4	51.88	39.0	2.88	49.0	0.9891	0.0868	-46.12
YGL007C-A_mRNA	13	462.7	49.77	73.0	1.08	48.69	0.9231	0.1535	-47.62
YGL007W_mRNA	26	464.4	146.38	88.0	44.38	102.0	1.0	0.2954	-57.62
YGL008C_mRNA	4822	714.6	60.35	75.0	3.45	56.9	0.9967	0.1154	-53.45
YGL009C_mRNA	2369	745.2	53.78	70.0	2.33	51.46	0.9907	0.0995	-49.13
YGL010W_mRNA	81	484.2	52.9	54.0	4.4	48.51	0.9877	0.1268	-44.11
YGL011C_mRNA	407	715.5	46.58	20.0	2.58	44.0	0.9828	0.073	-41.42
YGL012W_mRNA	365	789.3	50.3	23.0	2.89	47.41	0.9863	0.0814	-44.52
YGL013C_mRNA	68	816.9	78.9	77.5	6.24	72.66	1.0	0.1639	-66.43
YGL014W_mRNA	245	854.4	55.45	69.0	3.38	52.07	0.9959	0.0979	-48.69
YGL015C_mRNA	34	370.4	42.79	25.0	5.97	36.82	1.0	0.1058	-30.85
YGL016W_mRNA	133	957.4	51.7	29.0	6.8	44.89	0.985	0.0711	-38.09
YGL017W_mRNA	84	778.9	59.08	74.0	5.54	53.55	0.9881	0.0989	-48.01
YGL018C_mRNA	37	543.4	52.03	69.0	4.68	47.35	1.0	0.1144	-42.68
YGL019W_mRNA	74	574.0	40.27	12.0	5.78	34.49	1.0	0.0734	-28.7
YGL020C_mRNA	253	602.9	49.14	60.0	4.65	44.49	0.9881	0.0947	-39.84
YGL021W_mRNA	106	822.0	101.19	87.5	1.65	99.54	0.9811	0.1605	-97.89
YGL022W_mRNA	501	707.8	42.47	15.0	2.54	39.93	0.992	0.078	-37.38
YGL023C_mRNA	23	513.2	39.35	16.0	2.74	36.61	1.0	0.1008	-33.87
YGL024W_mRNA	28	350.5	41.46	9.5	1.64	39.82	1.0	0.1248	-38.18
YGL025C_mRNA	43	730.0	52.02	31.0	5.56	46.47	1.0	0.0791	-40.91
YGL026C_mRNA	634	804.8	43.62	16.0	1.97	41.65	0.9921	0.0796	-39.68
YGL027C_mRNA	116	651.7	47.3	30.0	1.47	45.83	1.0	0.1031	-44.35
YGL028C_mRNA	234	713.3	56.14	68.5	8.44	47.7	0.9786	0.0986	-39.26
YGL029W_mRNA	203	384.9	40.86	15.0	3.72	37.13	0.9901	0.1019	-33.41
YGL030W_mRNA	21029	459.6	46.53	20.0	4.86	41.67	0.9961	0.0978	-36.82
YGL031C_mRNA	8429	523.5	49.08	24.0	7.11	41.97	0.9979	0.0961	-34.85
YGL032C_mRNA	9	403.9	200.89	222.0	157.44	43.44	1.0	0.4939	114.0
YGL033W_mRNA	17	427.8	208.65	165.0	42.29	166.35	1.0	0.5081	-124.06
YGL035C_mRNA	56	829.5	63.14	74.5	5.32	57.82	0.9643	0.1003	-52.5
YGL036W_mRNA	118	826.7	76.82	74.0	1.78	75.04	0.9915	0.1509	-73.26
YGL037C_mRNA	1066	622.0	52.15	23.0	3.74	48.41	0.9981	0.1036	-44.67
YGL038C_mRNA	126	555.7	45.94	20.5	4.56	41.37	0.9921	0.1025	-36.81
YGL039W_mRNA	146	750.9	72.98	81.0	3.99	68.99	1.0	0.122	-64.99
YGL040C_mRNA	172	837.9	53.75	66.0	4.23	49.52	1.0	0.0869	-45.28
YGL041C-B_mRNA	198	512.8	42.96	14.0	2.18	40.78	1.0	0.0898	-38.6
YGL041C_mRNA	40	418.4	60.2	74.0	33.6	26.6	1.0	0.1372	7.0
YGL041W-A_mRNA	123	564.5	50.25	37.0	2.51	47.74	1.0	0.0986	-45.23
YGL043W_mRNA	120	790.1	48.4	18.5	1.97	46.43	0.9917	0.079	-44.47
YGL044C_mRNA	114	672.7	61.53	72.0	8.99	52.54	1.0	0.108	-43.54
YGL045W_mRNA	44	736.2	60.89	73.0	2.89	58.0	0.9773	0.1016	-55.11
YGL047W_mRNA	101	566.2	47.58	52.0	1.64	45.94	0.9901	0.0905	-44.3
YGL048C_mRNA	420	702.2	45.9	16.0	2.09	43.81	0.9976	0.09	-41.72
YGL049C_mRNA	204	568.3	42.98	15.0	2.22	40.76	0.9951	0.0979	-38.54
YGL050W_mRNA	117	575.8	42.06	11.0	4.12	37.94	0.9829	0.091	-33.82
YGL051W_mRNA	40	547.4	49.1	50.5	5.8	43.3	1.0	0.0932	-37.5
YGL052W_mRNA	40	587.7	48.18	30.0	4.62	43.55	0.975	0.1029	-38.92
YGL053W_mRNA	1415	436.9	170.25	166.0	105.2	65.05	0.9958	0.3657	40.15
YGL054C_mRNA	1209	636.5	46.6	64.0	2.31	44.29	0.9677	0.0765	-41.98
YGL055W_mRNA	1715	851.3	54.73	69.0	4.71	50.02	0.9936	0.0875	-45.31
YGL056C_mRNA	64	776.6	40.83	15.0	1.42	39.41	0.9844	0.0713	-37.98
YGL057C_mRNA	40	538.4	54.58	73.5	2.05	52.52	0.975	0.1156	-50.48
YGL058W_mRNA	319	536.5	46.33	20.0	3.15	43.18	0.9781	0.0993	-40.03
YGL059W_mRNA	198	835.9	47.93	44.0	1.93	46.01	0.9899	0.0764	-44.08
YGL060W_mRNA	73	699.0	47.6	17.0	7.64	39.96	1.0	0.1064	-32.32
YGL061C_mRNA	92	536.6	58.32	68.0	8.57	49.75	0.9891	0.145	-41.18
YGL062W_mRNA	175	772.1	79.69	85.0	2.64	77.05	0.9943	0.1537	-74.41
YGL063C-A_mRNA	23	492.3	62.65	77.0	9.65	53.0	1.0	0.1356	-43.35
YGL063W_mRNA	28	477.5	48.89	35.5	4.79	44.11	1.0	0.0988	-39.32
YGL064C_mRNA	32	663.8	67.03	76.0	1.69	65.34	1.0	0.1512	-63.66
YGL065C_mRNA	69	695.2	62.87	77.0	4.58	58.29	1.0	0.1404	-53.71
YGL066W_mRNA	80	656.5	50.61	41.5	1.78	48.84	0.9875	0.0964	-47.06
YGL067W_mRNA	127	704.9	60.75	74.0	7.69	53.06	0.9843	0.1182	-45.38
YGL068W_mRNA	220	592.2	44.78	16.0	1.68	43.1	1.0	0.0867	-41.42
YGL069C_mRNA	203	590.9	51.01	31.0	2.51	48.5	0.9951	0.0979	-45.99
YGL070C_mRNA	538	582.1	47.14	20.0	5.33	41.81	0.9721	0.0826	-36.48
YGL071W_mRNA	54	932.4	57.78	23.5	16.46	41.31	0.9815	0.0769	-24.85
YGL072C_mRNA	13	330.7	35.77	16.0	6.46	29.31	1.0	0.1162	-22.85
YGL073W_mRNA	76	685.5	53.28	71.0	1.93	51.34	1.0	0.0972	-49.41
YGL075C_mRNA	22	506.5	110.82	87.0	66.41	44.41	1.0	0.2699	22.0
YGL076C_mRNA	8262	589.1	50.61	31.0	3.27	47.34	0.9966	0.0984	-44.07
YGL077C_mRNA	302	700.3	54.32	67.5	3.56	50.77	0.9934	0.1041	-47.21
YGL078C_mRNA	307	936.9	58.77	71.0	1.83	56.93	0.9935	0.0891	-55.1
YGL079W_mRNA	265	468.7	49.38	36.0	2.69	46.69	0.9925	0.1118	-43.99
YGL080W_mRNA	259	535.4	36.8	13.0	2.57	34.23	1.0	0.0679	-31.66
YGL082W_mRNA	126	830.3	45.42	17.0	1.89	43.53	1.0	0.0777	-41.64
YGL083W_mRNA	84	859.8	47.01	24.0	4.74	42.27	0.9881	0.0815	-37.54
YGL084C_mRNA	149	796.5	47.13	35.0	3.32	43.81	0.9732	0.0848	-40.48
YGL085W_mRNA	47	553.5	53.15	67.0	2.83	50.32	0.9787	0.1007	-47.49
YGL086W_mRNA	180	781.2	54.92	40.0	2.19	52.72	0.9944	0.0908	-50.53
YGL087C_mRNA	239	457.2	84.83	74.0	45.26	39.57	0.9958	0.1989	5.69
YGL088W_mRNA	165	328.8	137.99	141.0	2.21	135.78	0.9939	0.392	-133.57
YGL089C_mRNA	1022	503.4	47.28	29.0	4.49	42.79	0.9932	0.096	-38.3
YGL090W_mRNA	2434	506.2	51.73	68.0	3.97	47.75	0.9955	0.1071	-43.78
YGL091C_mRNA	161	649.9	48.92	28.0	2.44	46.48	1.0	0.1004	-44.04
YGL092W_mRNA	164	899.4	62.68	66.0	4.51	58.17	0.9939	0.1054	-53.66
YGL093W_mRNA	102	745.5	44.63	21.5	2.96	41.67	0.9804	0.0762	-38.71
YGL094C_mRNA	64	1098.3	63.02	71.5	2.97	60.05	1.0	0.0852	-57.08
YGL095C_mRNA	202	603.8	93.66	81.5	49.0	44.66	0.995	0.2556	4.33
YGL096W_mRNA	63	612.3	199.76	173.0	35.57	164.19	1.0	0.3418	-128.62
YGL097W_mRNA	217	858.1	66.78	33.0	21.73	45.05	0.977	0.0985	-23.32
YGL098W_mRNA	203	542.9	53.33	33.0	11.12	42.21	1.0	0.118	-31.09
YGL099W_mRNA	182	704.8	53.7	30.5	1.7	51.99	0.9835	0.1016	-50.29
YGL100W_mRNA	146	599.5	61.35	65.5	11.08	50.27	0.9932	0.1339	-39.2
YGL101W_mRNA	275	650.8	54.08	70.0	3.29	50.79	1.0	0.0958	-47.49
YGL102C_mRNA	6150	470.0	58.9	58.0	31.45	27.45	0.9987	0.118	4.0
YGL103W_mRNA	16734	540.2	48.16	19.0	1.76	46.39	0.9979	0.0868	-44.63
YGL104C_mRNA	19	553.5	49.58	21.0	3.74	45.84	1.0	0.1412	-42.11
YGL105W_mRNA	927	633.1	48.8	29.0	2.19	46.61	0.9914	0.0952	-44.43
YGL106W_mRNA	292	514.1	96.59	82.0	1.99	94.6	1.0	0.2147	-92.62
YGL107C_mRNA	120	743.8	58.94	68.5	5.39	53.55	1.0	0.1094	-48.16
YGL108C_mRNA	63	459.7	50.33	25.0	3.16	47.17	1.0	0.1158	-44.02
YGL110C_mRNA	79	639.7	44.01	16.0	1.29	42.72	0.9873	0.083	-41.43
YGL111W_mRNA	185	620.9	41.92	13.0	1.84	40.08	0.9784	0.0889	-38.23
YGL112C_mRNA	145	686.9	55.8	58.0	2.77	53.03	0.9931	0.1061	-50.26
YGL113W_mRNA	58	744.9	55.9	34.5	3.74	52.16	1.0	0.1143	-48.41
YGL114W_mRNA	77	794.6	48.9	25.0	4.19	44.7	0.974	0.0902	-40.51
YGL115W_mRNA	305	706.9	55.46	67.0	8.36	47.1	0.9934	0.1012	-38.74
YGL116W_mRNA	37	549.4	53.76	72.0	5.11	48.65	0.973	0.1463	-43.54
YGL117W_mRNA	728	731.2	49.95	65.0	2.45	47.5	0.9918	0.0828	-45.05
YGL119W_mRNA	52	846.5	55.02	22.5	3.83	51.19	1.0	0.1069	-47.37
YGL120C_mRNA	260	781.4	36.59	9.0	1.99	34.6	0.9654	0.0665	-32.61
YGL121C_mRNA	90	505.2	49.6	21.0	8.31	41.29	0.9778	0.1067	-32.98
YGL122C_mRNA	232	758.2	50.56	65.5	5.2	45.37	0.9828	0.0969	-40.17
YGL123C-A_mRNA	6553	576.2	55.62	70.0	7.36	48.27	0.9921	0.105	-40.91
YGL123W_mRNA	9213	668.5	51.71	64.0	2.38	49.34	0.9858	0.088	-46.96
YGL124C_mRNA	106	627.7	123.09	113.0	8.46	114.63	1.0	0.2388	-106.17
YGL125W_mRNA	135	697.4	56.03	64.0	4.36	51.67	1.0	0.1295	-47.3
YGL126W_mRNA	101	662.6	134.37	148.0	2.82	131.54	1.0	0.2526	-128.72
YGL127C_mRNA	42	484.0	60.17	71.0	14.31	45.86	1.0	0.1292	-31.55
YGL128C_mRNA	28	636.1	63.29	71.5	2.25	61.04	1.0	0.1069	-58.79
YGL129C_mRNA	111	737.0	57.51	75.0	3.24	54.27	0.991	0.0996	-51.03
YGL130W_mRNA	53	620.0	38.57	16.0	1.45	37.11	0.9811	0.0843	-35.66
YGL131C_mRNA	38	867.5	80.87	78.0	6.84	74.03	1.0	0.1445	-67.18
YGL133W_mRNA	151	539.8	62.17	63.0	15.66	46.51	0.9669	0.1178	-30.85
YGL134W_mRNA	52	722.6	74.38	75.5	5.85	68.54	0.9808	0.1431	-62.69
YGL135W_mRNA	6589	590.3	51.71	64.0	3.53	48.19	0.9961	0.0979	-44.66
YGL136C_mRNA	143	524.6	56.2	65.0	6.5	49.69	0.986	0.1235	-43.19
YGL137W_mRNA	246	887.2	52.28	53.0	3.03	49.25	0.9593	0.0907	-46.22
YGL139W_mRNA	102	706.0	61.88	75.5	3.44	58.44	0.9804	0.1274	-55.0
YGL140C_mRNA	139	659.6	39.81	13.0	2.0	37.81	0.9856	0.0861	-35.81
YGL141W_mRNA	109	816.4	46.19	16.0	2.79	43.4	1.0	0.0778	-40.61
YGL142C_mRNA	227	592.2	49.04	48.0	3.41	45.63	0.9912	0.1007	-42.23
YGL143C_mRNA	64	533.8	55.25	67.5	1.98	53.27	0.9688	0.1256	-51.28
YGL144C_mRNA	28	432.8	60.57	74.0	2.07	58.5	1.0	0.1493	-56.43
YGL145W_mRNA	112	923.2	56.19	72.5	4.39	51.79	0.9911	0.0909	-47.4
YGL146C_mRNA	5	921.6	164.6	207.0	0.6	164.0	1.0	0.1677	-163.4
YGL147C_mRNA	16887	606.1	44.57	22.0	2.04	42.52	0.9776	0.0793	-40.48
YGL148W_mRNA	397	751.4	40.03	12.0	2.0	38.03	0.9773	0.0728	-36.04
YGL150C_mRNA	89	690.2	67.25	78.0	1.67	65.57	0.9775	0.1399	-63.9
YGL151W_mRNA	122	700.5	48.53	36.0	2.78	45.75	0.9918	0.0983	-42.98
YGL152C_mRNA	17	444.5	44.18	14.0	0.41	43.76	1.0	0.1146	-43.35
YGL153W_mRNA	14	581.9	53.43	67.0	1.36	52.07	1.0	0.1039	-50.71
YGL154C_mRNA	83	654.8	51.72	60.0	3.01	48.71	0.9759	0.0853	-45.7
YGL155W_mRNA	91	619.2	59.05	68.0	2.58	56.47	0.989	0.1124	-53.89
YGL156W_mRNA	80	588.6	65.45	73.0	17.15	48.3	1.0	0.154	-31.15
YGL157W_mRNA	224	720.7	47.74	23.5	2.56	45.18	1.0	0.0847	-42.62
YGL158W_mRNA	11	750.4	43.73	10.0	3.27	40.45	1.0	0.0487	-37.18
YGL159W_mRNA	144	858.8	106.29	74.0	5.92	100.37	1.0	0.1298	-94.44
YGL160W_mRNA	101	622.4	48.69	47.0	5.43	43.27	0.9901	0.1188	-37.84
YGL161C_mRNA	225	698.5	51.65	69.0	2.57	49.08	1.0	0.0916	-46.5
YGL162W_mRNA	128	503.2	57.73	69.0	2.7	55.03	0.9922	0.1251	-52.34
YGL163C_mRNA	83	661.9	76.88	78.0	21.58	55.3	0.988	0.1898	-33.72
YGL164C_mRNA	23	427.3	41.91	11.0	1.22	40.7	0.9565	0.1151	-39.48
YGL165C_mRNA	56	530.2	43.82	16.5	2.09	41.73	1.0	0.0943	-39.64
YGL166W_mRNA	37	508.7	43.84	18.0	2.27	41.57	1.0	0.0986	-39.3
YGL167C_mRNA	220	818.4	54.34	70.5	3.78	50.56	0.9864	0.0986	-46.79
YGL168W_mRNA	219	539.4	45.33	18.0	2.93	42.4	1.0	0.0936	-39.47
YGL169W_mRNA	59	812.9	56.17	69.0	3.64	52.53	1.0	0.098	-48.88
YGL170C_mRNA	26	483.0	77.54	76.5	26.54	51.0	1.0	0.1685	-24.46
YGL171W_mRNA	101	659.7	42.86	14.0	1.54	41.32	1.0	0.0831	-39.77
YGL172W_mRNA	187	715.2	47.53	23.0	3.29	44.24	0.9893	0.0835	-40.94
YGL173C_mRNA	274	942.6	66.02	75.0	3.02	63.0	0.9891	0.1101	-59.98
YGL174W_mRNA	60	417.7	61.1	53.0	20.52	40.58	1.0	0.1639	-20.07
YGL175C_mRNA	7	612.1	99.57	79.0	21.14	78.43	1.0	0.1751	-57.29
YGL176C_mRNA	73	618.1	63.53	63.0	1.92	61.62	1.0	0.1316	-59.7
YGL177W_mRNA	5	396.2	171.0	202.0	62.0	109.0	1.0	0.4139	-47.0
YGL178W_mRNA	135	743.1	86.25	78.0	16.8	69.45	0.9704	0.1592	-52.65
YGL179C_mRNA	65	726.1	86.12	69.0	19.43	66.69	1.0	0.1491	-47.26
YGL180W_mRNA	65	658.0	80.86	75.0	2.42	78.45	1.0	0.1559	-76.03
YGL181W_mRNA	80	618.8	46.92	24.0	6.41	40.51	1.0	0.1103	-34.1
YGL184C_mRNA	61	561.2	57.64	17.0	17.33	40.31	1.0	0.1396	-22.98
YGL185C_mRNA	60	701.8	59.18	47.0	2.8	56.38	1.0	0.1151	-53.58
YGL186C_mRNA	208	691.1	49.87	35.0	3.19	46.68	1.0	0.0994	-43.49
YGL187C_mRNA	1021	678.9	53.4	41.0	7.87	45.53	0.9951	0.0839	-37.67
YGL188C-A_mRNA	8	373.0	70.75	81.5	4.88	65.88	1.0	0.1673	-61.0
YGL188C_mRNA	47	221.0	43.02	20.0	2.66	40.36	1.0	0.1741	-37.7
YGL189C_mRNA	5986	436.9	49.29	25.0	9.58	39.71	0.9985	0.1091	-30.13
YGL190C_mRNA	91	683.8	57.62	38.0	5.25	52.36	0.978	0.114	-47.11
YGL191W_mRNA	1071	536.8	48.69	60.0	2.51	46.18	0.9897	0.096	-43.67
YGL192W_mRNA	68	604.6	46.21	44.0	2.22	43.99	1.0	0.1026	-41.76
YGL193C_mRNA	11	404.5	56.82	76.0	1.18	55.64	1.0	0.1555	-54.45
YGL194C-A_mRNA	138	454.9	56.73	68.0	1.78	54.96	0.9928	0.1232	-53.18
YGL194C_mRNA	13	358.4	49.38	65.0	0.85	48.54	1.0	0.1396	-47.69
YGL195W_mRNA	456	819.7	42.15	13.5	2.02	40.13	0.9934	0.0756	-38.11
YGL196W_mRNA	247	712.1	74.83	73.0	14.76	60.07	1.0	0.1362	-45.32
YGL197W_mRNA	96	745.9	123.36	79.5	6.81	116.55	0.9896	0.1838	-109.74
YGL198W_mRNA	98	571.9	40.56	13.0	1.6	38.96	1.0	0.0737	-37.36
YGL199C_mRNA	79	586.1	47.78	63.0	1.53	46.25	1.0	0.0941	-44.72
YGL200C_mRNA	1122	583.5	47.58	30.0	2.74	44.84	0.9938	0.0911	-42.11
YGL201C_mRNA	48	524.9	36.44	11.0	1.48	34.96	1.0	0.0712	-33.48
YGL202W_mRNA	765	746.7	46.04	19.0	3.79	42.24	0.9974	0.0866	-38.45
YGL203C_mRNA	65	437.8	41.82	19.0	1.71	40.11	0.9846	0.1099	-38.4
YGL204C_mRNA	158	325.7	99.21	81.5	29.09	70.11	1.0	0.2697	-41.02
YGL205W_mRNA	28	375.8	80.96	83.5	34.04	46.93	1.0	0.2893	-12.89
YGL206C_mRNA	448	943.4	54.36	39.5	4.22	50.15	0.9933	0.1004	-45.93
YGL207W_mRNA	91	369.5	104.1	84.0	1.7	102.4	0.989	0.2667	-100.69
YGL208W_mRNA	37	589.2	38.65	17.0	2.41	36.24	1.0	0.0811	-33.84
YGL209W_mRNA	123	545.4	66.21	73.0	15.64	50.57	0.9837	0.1434	-34.93
YGL210W_mRNA	124	546.2	57.25	26.0	14.68	42.57	0.9919	0.1174	-27.9
YGL211W_mRNA	116	779.9	51.53	35.5	3.55	47.97	0.9914	0.0804	-44.42
YGL213C_mRNA	68	477.7	31.16	7.5	0.99	30.18	0.9853	0.0746	-29.19
YGL214W_mRNA	67	661.0	41.85	14.0	1.81	40.04	0.9403	0.0771	-38.24
YGL215W_mRNA	464	739.3	46.76	23.0	2.37	44.38	0.9935	0.0854	-42.01
YGL216W_mRNA	41	738.0	47.88	24.0	4.8	43.07	1.0	0.0873	-38.27
YGL218W_mRNA	50	515.9	36.92	12.0	2.08	34.84	0.98	0.1052	-32.76
YGL219C_mRNA	28	435.4	35.93	6.0	4.36	31.57	1.0	0.094	-27.21
YGL220W_mRNA	589	438.7	37.78	12.0	1.53	36.24	0.9932	0.0823	-34.71
YGL221C_mRNA	193	600.7	43.23	16.0	2.18	41.05	0.9741	0.0856	-38.88
YGL222C_mRNA	15	384.0	115.27	114.0	8.07	107.2	1.0	0.3239	-99.13
YGL223C_mRNA	166	546.2	90.81	82.0	4.94	85.87	0.994	0.1952	-80.93
YGL224C_mRNA	277	602.2	53.9	61.0	4.62	49.27	0.9639	0.1143	-44.65
YGL225W_mRNA	878	638.7	55.9	70.5	3.74	52.16	0.9966	0.1084	-48.42
YGL226C-A_mRNA	630	426.2	49.0	65.0	3.4	45.61	0.9968	0.1119	-42.21
YGL226W_mRNA	92	391.5	52.12	19.5	17.86	34.26	1.0	0.1526	-16.4
YGL227W_mRNA	93	742.9	57.94	74.0	1.96	55.98	0.9892	0.1046	-54.02
YGL228W_mRNA	86	820.8	55.62	16.0	13.73	41.88	0.9884	0.0879	-28.15
YGL229C_mRNA	35	618.5	53.8	52.0	1.06	52.74	0.9714	0.1197	-51.69
YGL230C_mRNA	16	458.8	97.44	82.5	10.75	86.69	1.0	0.217	-75.94
YGL231C_mRNA	800	577.2	53.87	70.5	1.92	51.95	0.995	0.0962	-50.02
YGL232W_mRNA	176	702.5	53.49	37.5	3.06	50.44	0.9943	0.0854	-47.38
YGL233W_mRNA	158	796.7	64.46	69.5	5.49	58.96	1.0	0.121	-53.47
YGL234W_mRNA	383	771.8	46.1	20.0	2.18	43.92	0.9948	0.0941	-41.74
YGL236C_mRNA	48	835.5	50.85	46.5	6.25	44.6	1.0	0.0858	-38.35
YGL237C_mRNA	59	556.0	70.64	76.0	3.41	67.24	1.0	0.1604	-63.83
YGL238W_mRNA	425	787.0	50.06	67.0	4.18	45.88	0.9929	0.0839	-41.7
YGL240W_mRNA	20	648.9	42.6	10.5	1.05	41.55	1.0	0.0703	-40.5
YGL241W_mRNA	72	777.1	51.9	41.0	6.97	44.93	0.9583	0.0792	-37.96
YGL242C_mRNA	113	551.1	45.53	18.0	2.65	42.88	0.9558	0.0914	-40.24
YGL243W_mRNA	94	814.4	60.28	78.0	2.59	57.69	1.0	0.0951	-55.11
YGL244W_mRNA	156	590.3	35.72	8.0	2.35	33.37	0.9744	0.0734	-31.02
YGL245W_mRNA	1622	710.7	41.03	13.0	2.43	38.61	0.9753	0.078	-36.18
YGL246C_mRNA	165	740.9	48.9	43.0	2.29	46.61	0.9879	0.0825	-44.32
YGL247W_mRNA	107	518.5	49.0	62.0	1.78	47.22	1.0	0.1039	-45.45
YGL248W_mRNA	139	715.8	46.25	12.0	7.27	38.99	0.9856	0.0765	-31.72
YGL249W_mRNA	42	691.4	92.43	77.5	7.12	85.31	1.0	0.1472	-78.19
YGL250W_mRNA	48	670.6	43.44	16.5	2.48	40.96	1.0	0.0687	-38.48
YGL251C_mRNA	38	765.2	112.92	106.0	1.76	111.16	1.0	0.2063	-109.39
YGL252C_mRNA	187	619.5	38.94	11.0	2.64	36.29	0.9786	0.0933	-33.65
YGL253W_mRNA	1944	983.5	58.23	72.0	3.46	54.77	0.9918	0.087	-51.31
YGL254W_mRNA	50	731.8	57.04	73.5	1.46	55.58	1.0	0.113	-54.12
YGL255W_mRNA	300	746.9	65.33	73.0	12.1	53.23	0.9933	0.1095	-41.13
YGL256W_mRNA	160	766.7	67.06	74.5	8.53	58.53	0.975	0.1248	-50.0
YGL257C_mRNA	176	693.6	60.85	69.0	9.04	51.81	0.9943	0.1138	-42.77
YGL258W-A_mRNA	11	906.5	305.64	267.0	10.82	294.82	1.0	0.3356	-284.0
YGL258W_mRNA	39	514.7	79.59	79.0	14.54	65.05	1.0	0.1748	-50.51
YGR001C_mRNA	364	555.6	56.42	71.0	2.61	53.81	0.9973	0.1178	-51.2
YGR002C_mRNA	153	533.4	76.78	70.0	23.56	53.22	0.9935	0.1708	-29.67
YGR003W_mRNA	64	698.9	95.72	83.5	32.61	63.11	1.0	0.2064	-30.5
YGR004W_mRNA	54	643.6	44.04	54.5	3.7	40.33	1.0	0.0825	-36.63
YGR005C_mRNA	98	697.2	48.49	13.5	2.55	45.94	1.0	0.0879	-43.39
YGR006W_mRNA	12	566.4	43.83	39.5	1.25	42.58	1.0	0.0911	-41.33
YGR007W_mRNA	76	795.1	63.16	69.5	10.7	52.46	0.9737	0.1115	-41.76
YGR008C_mRNA	1408	446.8	43.78	15.0	2.38	41.4	0.9964	0.0951	-39.03
YGR009C_mRNA	75	425.0	41.13	12.0	8.2	32.93	1.0	0.1081	-24.73
YGR010W_mRNA	90	795.0	92.99	80.0	4.97	88.02	1.0	0.128	-83.06
YGR011W_mRNA	20	641.6	56.2	74.0	4.5	51.7	1.0	0.1097	-47.2
YGR012W_mRNA	100	737.7	53.78	74.0	2.42	51.36	0.98	0.091	-48.94
YGR013W_mRNA	34	682.5	54.71	67.5	1.82	52.88	1.0	0.1284	-51.06
YGR014W_mRNA	212	558.4	53.4	71.0	1.94	51.45	0.9953	0.1194	-49.51
YGR015C_mRNA	39	588.0	50.72	65.0	2.1	48.62	0.9744	0.1163	-46.51
YGR016W_mRNA	70	629.6	75.71	76.5	18.8	56.91	1.0	0.1267	-38.11
YGR017W_mRNA	145	635.5	71.71	16.0	19.98	51.73	0.9931	0.1108	-31.75
YGR018C_mRNA	21	651.6	63.43	47.0	3.62	59.81	1.0	0.1034	-56.19
YGR019W_mRNA	221	669.4	52.17	25.0	2.86	49.3	0.991	0.1024	-46.44
YGR020C_mRNA	1520	508.0	41.64	16.0	4.39	37.25	0.9895	0.0811	-32.86
YGR021W_mRNA	28	539.0	63.21	66.5	17.11	46.11	1.0	0.1375	-29.0
YGR023W_mRNA	53	677.6	73.21	80.0	8.42	64.79	1.0	0.1227	-56.38
YGR024C_mRNA	267	635.9	116.16	113.0	4.98	111.18	0.9963	0.2232	-106.2
YGR026W_mRNA	152	677.3	50.49	42.5	3.39	47.1	0.9803	0.0955	-43.71
YGR027C_mRNA	12556	418.9	58.79	36.0	17.34	41.45	0.9986	0.1356	-24.12
YGR027W-B_mRNA	3008	1319.8	327.07	342.0	3.96	323.11	0.9937	0.2853	-319.15
YGR028W_mRNA	227	865.7	58.89	64.0	9.57	49.32	0.9956	0.0907	-39.75
YGR029W_mRNA	217	534.4	53.58	15.0	9.48	44.1	0.977	0.1201	-34.62
YGR030C_mRNA	172	508.7	102.81	79.5	51.44	51.37	0.9884	0.199	0.08
YGR031C-A_mRNA	25	464.5	55.56	15.0	1.24	54.32	1.0	0.1366	-53.08
YGR031W_mRNA	18	673.7	30.61	15.0	3.28	27.33	1.0	0.0485	-24.06
YGR032W_mRNA	143	921.4	67.5	78.0	8.67	58.83	0.993	0.1091	-50.16
YGR033C_mRNA	263	724.4	39.91	10.0	3.67	36.24	0.9848	0.0662	-32.58
YGR034W_mRNA	15900	499.4	41.34	13.0	3.02	38.32	0.9816	0.0811	-35.3
YGR035C_mRNA	29	458.7	50.66	64.0	2.24	48.41	1.0	0.1135	-46.17
YGR035W-A_mRNA	125	526.4	42.69	16.0	4.39	38.3	1.0	0.0996	-33.9
YGR036C_mRNA	104	506.0	106.71	94.0	10.88	95.83	1.0	0.3227	-84.94
YGR037C_mRNA	1519	452.2	77.41	78.0	3.12	74.29	0.9987	0.1685	-71.16
YGR038C-B_mRNA	450	1727.0	291.81	324.5	3.31	288.5	0.9867	0.1766	-285.18
YGR038W_mRNA	124	618.8	55.52	71.5	3.81	51.71	0.9758	0.1094	-47.9
YGR039W_mRNA	54	419.1	58.94	68.0	3.57	55.37	0.9815	0.1367	-51.8
YGR040W_mRNA	118	644.3	53.82	63.0	5.08	48.75	0.9746	0.1144	-43.67
YGR041W_mRNA	63	675.9	47.48	23.0	3.68	43.79	0.9841	0.0908	-40.11
YGR042W_mRNA	77	541.3	51.38	57.0	2.58	48.79	0.987	0.1084	-46.21
YGR043C_mRNA	33	678.5	119.27	108.0	6.06	113.21	1.0	0.218	-107.15
YGR044C_mRNA	231	661.0	66.28	75.0	10.16	56.12	0.9957	0.122	-45.96
YGR046W_mRNA	163	851.9	57.97	69.0	5.6	52.37	0.9877	0.0852	-46.77
YGR047C_mRNA	43	798.0	36.93	11.0	3.37	33.56	1.0	0.0695	-30.19
YGR048W_mRNA	83	752.5	48.81	28.0	2.89	45.92	0.988	0.0813	-43.02
YGR049W_mRNA	241	624.4	46.78	29.0	4.06	42.72	0.9959	0.0834	-38.66
YGR050C_mRNA	216	301.4	67.62	65.5	2.77	64.85	0.9954	0.2332	-62.07
YGR052W_mRNA	38	547.9	54.0	27.5	2.34	51.66	1.0	0.1143	-49.32
YGR053C_mRNA	23	595.7	54.83	72.0	2.26	52.57	1.0	0.0967	-50.3
YGR054W_mRNA	203	711.6	48.62	17.0	2.26	46.36	0.9901	0.0939	-44.11
YGR055W_mRNA	430	771.1	55.38	69.0	2.44	52.94	1.0	0.1017	-50.5
YGR056W_mRNA	31	912.3	62.35	78.0	1.97	60.39	0.9677	0.1	-58.42
YGR057C_mRNA	195	717.5	58.41	73.0	3.77	54.64	0.9846	0.0946	-50.87
YGR058W_mRNA	54	601.2	50.13	34.5	6.57	43.56	1.0	0.0912	-36.98
YGR059W_mRNA	8	482.1	102.25	90.5	0.12	102.12	1.0	0.2761	-102.0
YGR060W_mRNA	1073	751.3	53.56	69.0	3.19	50.37	0.9897	0.0961	-47.18
YGR061C_mRNA	284	849.2	60.49	40.0	2.64	57.85	0.9754	0.1049	-55.2
YGR062C_mRNA	22	682.8	60.0	79.0	8.95	51.05	1.0	0.1341	-42.09
YGR063C_mRNA	174	390.7	41.34	15.0	1.31	40.03	0.9943	0.104	-38.72
YGR064W_mRNA	247	438.3	45.4	16.0	1.69	43.71	0.9919	0.1049	-42.02
YGR065C_mRNA	86	710.2	48.1	62.0	1.76	46.35	0.9884	0.1019	-44.59
YGR066C_mRNA	20	449.5	123.25	124.5	0.7	122.55	1.0	0.3567	-121.85
YGR067C_mRNA	27	361.5	112.89	134.0	70.52	42.37	1.0	0.4041	28.15
YGR068C_mRNA	25	709.0	49.56	35.0	2.88	46.68	1.0	0.1196	-43.8
YGR069W_mRNA	25	315.3	158.32	170.0	93.04	65.28	1.0	0.4731	27.76
YGR070W_mRNA	100	741.2	44.73	24.0	1.64	43.09	0.97	0.0801	-41.45
YGR071C_mRNA	103	915.4	61.49	74.0	3.17	58.31	0.9903	0.1062	-55.14
YGR072W_mRNA	56	541.1	53.93	51.0	1.54	52.39	1.0	0.1149	-50.86
YGR073C_mRNA	102	583.4	58.11	72.5	2.41	55.7	1.0	0.1094	-53.28
YGR074W_mRNA	91	612.4	48.57	63.0	1.77	46.8	0.978	0.0861	-45.03
YGR075C_mRNA	95	699.4	73.37	78.0	3.86	69.51	1.0	0.1155	-65.64
YGR076C_mRNA	87	491.4	36.66	10.0	1.97	34.69	0.977	0.0798	-32.72
YGR077C_mRNA	96	717.1	56.77	72.0	2.5	54.27	0.9792	0.1145	-51.77
YGR078C_mRNA	60	546.7	41.52	16.0	2.23	39.28	1.0	0.0768	-37.05
YGR079W_mRNA	38	522.8	43.95	16.0	4.08	39.87	1.0	0.115	-35.79
YGR080W_mRNA	102	764.1	42.41	11.0	3.21	39.21	0.9902	0.0656	-36.0
YGR081C_mRNA	155	545.2	50.68	36.0	2.1	48.57	1.0	0.1066	-46.47
YGR082W_mRNA	329	569.5	56.83	71.0	3.5	53.33	1.0	0.1091	-49.84
YGR083C_mRNA	202	734.8	107.88	98.0	4.95	102.94	0.9901	0.1988	-97.99
YGR084C_mRNA	115	603.1	59.79	65.0	5.03	54.77	1.0	0.1377	-49.74
YGR085C_mRNA	7434	547.8	50.99	27.0	2.05	48.94	0.9938	0.0976	-46.89
YGR086C_mRNA	288	700.4	45.68	18.5	2.49	43.19	0.9826	0.0771	-40.7
YGR087C_mRNA	14	435.4	109.14	92.0	62.5	46.64	1.0	0.3237	15.86
YGR088W_mRNA	124	454.6	59.09	55.5	15.81	43.28	1.0	0.1969	-27.48
YGR089W_mRNA	84	712.2	94.06	78.5	5.71	88.35	1.0	0.185	-82.63
YGR090W_mRNA	254	702.5	48.81	19.5	3.16	45.65	0.9961	0.0955	-42.49
YGR091W_mRNA	60	720.1	54.4	20.0	3.38	51.02	1.0	0.1055	-47.63
YGR092W_mRNA	155	649.3	55.31	64.0	5.76	49.55	0.9806	0.1185	-43.79
YGR093W_mRNA	120	719.6	61.71	29.0	8.32	53.38	0.9917	0.1218	-45.06
YGR094W_mRNA	2510	702.6	47.65	22.0	2.24	45.41	0.9944	0.0883	-43.17
YGR095C_mRNA	154	582.0	79.78	77.0	3.45	76.32	1.0	0.1485	-72.87
YGR096W_mRNA	56	549.5	78.29	16.0	44.05	34.23	1.0	0.1354	9.82
YGR097W_mRNA	195	780.2	83.65	79.0	3.86	79.79	0.9949	0.1473	-75.94
YGR098C_mRNA	76	756.1	80.2	77.5	3.14	77.05	1.0	0.1492	-73.91
YGR099W_mRNA	73	801.5	47.52	21.0	2.82	44.7	1.0	0.0722	-41.88
YGR100W_mRNA	101	787.1	51.22	32.0	1.69	49.52	1.0	0.0878	-47.83
YGR101W_mRNA	114	722.8	53.89	52.0	4.54	49.35	0.9825	0.0884	-44.82
YGR102C_mRNA	77	497.3	49.42	28.0	1.94	47.48	1.0	0.1116	-45.55
YGR103W_mRNA	978	560.3	44.08	13.0	2.87	41.21	0.9877	0.0935	-38.34
YGR104C_mRNA	58	636.1	61.88	72.5	2.55	59.33	0.9828	0.1252	-56.78
YGR105W_mRNA	839	437.3	44.1	15.0	3.11	40.99	0.9976	0.0955	-37.89
YGR106C_mRNA	1270	725.4	54.01	71.0	3.47	50.54	0.9976	0.0864	-47.07
YGR107W_mRNA	26	405.5	100.12	68.0	18.42	81.69	1.0	0.1941	-63.27
YGR108W_mRNA	115	838.9	56.51	66.0	1.79	54.72	0.9652	0.0845	-52.93
YGR109C_mRNA	25	741.0	67.92	76.0	2.52	65.4	1.0	0.1174	-62.88
YGR109W-B_mRNA	34	957.5	249.56	225.5	1.53	248.03	1.0	0.3546	-246.5
YGR110W_mRNA	38	454.8	195.84	133.0	122.18	73.66	1.0	0.4255	48.53
YGR111W_mRNA	128	746.2	48.7	17.0	4.16	44.55	0.9844	0.0944	-40.39
YGR112W_mRNA	39	851.9	93.51	73.0	4.54	88.97	1.0	0.1098	-84.44
YGR113W_mRNA	44	512.3	74.2	72.0	2.34	71.86	1.0	0.1556	-69.52
YGR116W_mRNA	578	694.9	52.96	67.5	2.03	50.93	0.9862	0.0983	-48.9
YGR117C_mRNA	146	842.1	52.56	63.0	1.71	50.85	0.9795	0.0891	-49.14
YGR118W_mRNA	13987	559.6	43.08	13.0	1.98	41.1	0.9954	0.0785	-39.12
YGR119C_mRNA	253	713.4	51.42	63.0	2.31	49.1	0.9881	0.095	-46.79
YGR120C_mRNA	149	520.3	56.49	60.0	3.53	52.96	0.9933	0.1289	-49.43
YGR121C_mRNA	194	601.1	58.78	71.5	9.04	49.74	0.9948	0.1369	-40.7
YGR121W-A_mRNA	22	382.0	91.23	76.0	8.41	82.82	1.0	0.2205	-74.41
YGR122C-A_mRNA	121	476.4	98.1	77.0	47.17	50.93	0.9917	0.1867	-3.75
YGR122W_mRNA	99	652.5	64.94	60.0	20.44	44.49	0.9899	0.1324	-24.05
YGR123C_mRNA	207	895.7	62.49	68.0	2.09	60.4	1.0	0.0979	-58.31
YGR124W_mRNA	1113	794.0	52.17	26.0	8.37	43.8	0.9946	0.0955	-35.43
YGR125W_mRNA	281	788.7	57.11	75.0	4.83	52.28	1.0	0.1077	-47.46
YGR126W_mRNA	5	518.4	208.0	199.0	65.6	142.4	1.0	0.3929	-76.8
YGR127W_mRNA	41	641.0	60.1	15.0	24.61	35.49	1.0	0.0861	-10.88
YGR128C_mRNA	273	811.0	45.53	16.0	2.21	43.32	0.989	0.0808	-41.11
YGR129W_mRNA	90	524.4	49.28	15.5	2.23	47.04	0.9778	0.098	-44.81
YGR130C_mRNA	96	686.8	56.01	65.5	8.1	47.91	1.0	0.1045	-39.8
YGR131W_mRNA	120	586.6	60.92	64.5	5.45	55.48	1.0	0.109	-50.02
YGR132C_mRNA	646	771.8	66.06	70.0	2.48	63.59	0.9985	0.1067	-61.11
YGR133W_mRNA	36	561.7	66.11	83.5	2.53	63.58	1.0	0.1197	-61.06
YGR134W_mRNA	52	629.5	61.69	73.5	4.04	57.65	1.0	0.1398	-53.62
YGR135W_mRNA	657	708.9	37.24	8.0	2.54	34.7	0.968	0.0566	-32.16
YGR136W_mRNA	325	617.9	58.13	21.0	4.1	54.02	1.0	0.1106	-49.92
YGR137W_mRNA	202	598.9	44.37	16.0	3.33	41.04	1.0	0.0889	-37.71
YGR138C_mRNA	506	708.0	77.49	78.5	3.96	73.54	0.9881	0.1586	-69.58
YGR139W_mRNA	26	492.7	127.54	93.5	77.96	49.58	1.0	0.2201	28.38
YGR140W_mRNA	36	738.9	60.97	73.0	12.61	48.36	0.9722	0.0953	-35.75
YGR141W_mRNA	119	621.5	52.2	61.0	3.81	48.39	0.9916	0.1138	-44.59
YGR142W_mRNA	3241	486.9	41.58	14.0	1.97	39.6	0.9963	0.092	-37.63
YGR143W_mRNA	142	755.8	68.99	71.5	22.67	46.32	0.9859	0.1246	-23.65
YGR144W_mRNA	8	601.8	168.5	152.5	5.12	163.38	1.0	0.3653	-158.25
YGR145W_mRNA	66	507.0	49.08	24.0	2.65	46.42	1.0	0.1271	-43.77
YGR146C-A_mRNA	18	413.8	83.11	77.5	3.67	79.44	1.0	0.1854	-75.78
YGR146C_mRNA	310	631.4	72.24	74.0	3.11	69.13	0.9935	0.1417	-66.02
YGR147C_mRNA	182	525.2	42.98	17.0	5.26	37.73	0.989	0.095	-32.47
YGR148C_mRNA	4079	502.6	45.17	20.0	5.77	39.4	0.9865	0.092	-33.63
YGR149W_mRNA	212	592.9	91.93	78.0	44.67	47.27	0.9953	0.2212	-2.6
YGR150C_mRNA	64	1208.5	64.91	78.0	5.25	59.66	1.0	0.072	-54.41
YGR151C_mRNA	42	320.3	64.1	67.5	2.64	61.45	1.0	0.201	-58.81
YGR152C_mRNA	102	608.9	58.14	64.0	6.74	51.4	1.0	0.1065	-44.67
YGR153W_mRNA	56	479.5	54.57	13.0	1.75	52.82	1.0	0.1002	-51.07
YGR154C_mRNA	80	607.2	45.55	12.5	4.84	40.71	1.0	0.0879	-35.88
YGR155W_mRNA	1682	796.0	57.54	73.0	3.95	53.59	0.9863	0.1001	-49.64
YGR156W_mRNA	108	567.0	54.49	66.5	6.29	48.2	0.9907	0.1268	-41.92
YGR157W_mRNA	647	910.9	47.63	31.0	2.69	44.94	0.9907	0.0792	-42.25
YGR158C_mRNA	134	519.7	53.3	34.5	2.8	50.5	0.9925	0.1269	-47.7
YGR159C_mRNA	552	724.4	57.28	73.5	3.36	53.92	0.9909	0.1055	-50.56
YGR160W_mRNA	912	612.7	48.92	29.5	3.18	45.74	0.9967	0.0978	-42.56
YGR161C-D_mRNA	688	1002.0	315.43	331.0	4.58	310.86	0.9869	0.3431	-306.28
YGR161C_mRNA	585	634.8	89.17	81.0	4.1	85.07	1.0	0.1784	-80.97
YGR161W-A_mRNA	28	453.1	69.04	48.0	18.71	50.32	1.0	0.1679	-31.61
YGR161W-B_mRNA	307	1576.6	249.47	313.0	4.43	245.04	0.9772	0.1565	-240.61
YGR161W-C_mRNA	256	495.9	55.77	70.0	10.8	44.97	0.9844	0.126	-34.17
YGR162W_mRNA	1196	753.7	54.21	70.0	2.56	51.66	0.9975	0.0999	-49.1
YGR163W_mRNA	75	710.5	64.8	72.0	10.12	54.68	0.9733	0.1416	-44.56
YGR164W_mRNA	79	245.5	110.87	119.0	14.23	96.65	1.0	0.4339	-82.42
YGR165W_mRNA	97	634.2	69.7	83.0	3.88	65.82	1.0	0.1521	-61.95
YGR166W_mRNA	137	737.7	50.57	61.0	1.54	49.03	1.0	0.0935	-47.49
YGR167W_mRNA	410	540.6	43.05	16.0	2.67	40.38	0.9951	0.0915	-37.7
YGR168C_mRNA	134	758.7	52.25	64.5	2.46	49.79	0.9851	0.0759	-47.34
YGR169C-A_mRNA	325	500.6	44.17	14.0	3.06	41.11	0.9815	0.0946	-38.05
YGR169C_mRNA	33	550.8	47.82	14.0	0.64	47.18	0.9697	0.1313	-46.55
YGR170W_mRNA	73	720.3	227.51	235.0	1.55	225.96	0.9863	0.3825	-224.41
YGR171C_mRNA	74	450.7	113.8	92.0	71.42	42.38	1.0	0.3137	29.04
YGR172C_mRNA	232	596.2	54.78	70.5	2.39	52.38	0.9914	0.1087	-49.99
YGR173W_mRNA	158	679.0	39.46	9.0	4.6	34.86	0.9494	0.0753	-30.26
YGR174C_mRNA	62	399.0	58.02	37.5	12.44	45.58	0.9516	0.176	-33.15
YGR174W-A_mRNA	71	382.8	52.58	65.0	2.89	49.69	0.9718	0.1446	-46.8
YGR175C_mRNA	1082	895.5	57.02	71.0	2.67	54.35	0.9963	0.0833	-51.68
YGR177C_mRNA	89	649.9	57.73	74.0	2.58	55.15	0.9888	0.1186	-52.56
YGR178C_mRNA	280	754.6	51.96	25.0	6.89	45.07	0.9821	0.1076	-38.18
YGR179C_mRNA	33	522.5	39.85	8.0	8.27	31.58	1.0	0.0932	-23.3
YGR180C_mRNA	1553	751.8	47.65	29.0	3.74	43.9	0.9891	0.0862	-40.16
YGR181W_mRNA	147	461.8	56.45	73.0	3.19	53.26	1.0	0.1246	-50.07
YGR182C_mRNA	581	477.0	48.38	27.0	10.36	38.02	0.9948	0.1055	-27.67
YGR183C_mRNA	1145	539.3	60.32	72.0	7.56	52.76	0.9939	0.1115	-45.2
YGR184C_mRNA	127	852.4	49.71	18.0	5.75	43.96	0.9921	0.0952	-38.21
YGR185C_mRNA	827	780.5	40.42	12.0	2.4	38.03	0.9746	0.0684	-35.63
YGR186W_mRNA	253	589.4	42.16	13.0	1.94	40.21	0.996	0.0818	-38.27
YGR187C_mRNA	90	561.0	24.71	4.0	1.57	23.14	0.8667	0.0541	-21.58
YGR188C_mRNA	48	476.1	53.12	28.0	8.12	45.0	1.0	0.1328	-36.88
YGR189C_mRNA	954	677.8	49.04	37.5	3.06	45.98	0.9759	0.103	-42.92
YGR190C_mRNA	206	540.4	51.54	51.0	2.56	48.98	0.9903	0.1493	-46.42
YGR191W_mRNA	151	622.8	41.28	14.0	5.46	35.83	0.9801	0.1008	-30.37
YGR192C_mRNA	36394	687.1	49.04	66.0	2.27	46.77	0.9957	0.0942	-44.5
YGR193C_mRNA	265	593.3	41.26	13.0	2.0	39.27	0.9094	0.093	-37.27
YGR194C_mRNA	40	640.4	61.08	77.5	1.62	59.45	1.0	0.1292	-57.82
YGR195W_mRNA	146	600.5	48.69	26.5	5.03	43.66	1.0	0.0958	-38.62
YGR196C_mRNA	51	581.1	48.57	56.0	1.69	46.88	1.0	0.1041	-45.2
YGR197C_mRNA	99	600.1	56.15	72.0	4.62	51.54	0.9798	0.127	-46.92
YGR198W_mRNA	202	738.9	60.03	71.0	2.97	57.06	1.0	0.1183	-54.1
YGR199W_mRNA	132	733.8	52.07	66.0	4.19	47.88	0.9924	0.1063	-43.69
YGR200C_mRNA	190	743.7	50.04	60.0	5.51	44.53	0.9895	0.098	-39.02
YGR201C_mRNA	62	579.4	68.31	32.5	13.39	54.92	1.0	0.1179	-41.53
YGR202C_mRNA	121	857.4	47.73	12.0	1.72	46.01	0.9917	0.064	-44.29
YGR203W_mRNA	102	496.0	46.52	31.0	1.64	44.88	0.9902	0.1034	-43.25
YGR204C-A_mRNA	25	620.2	86.48	78.0	1.12	85.36	1.0	0.2116	-84.24
YGR204W_mRNA	614	817.4	49.4	65.0	2.57	46.82	0.9919	0.0928	-44.25
YGR205W_mRNA	29	640.7	57.0	72.0	2.72	54.28	1.0	0.1292	-51.55
YGR206W_mRNA	95	403.7	44.36	19.0	2.46	41.89	1.0	0.1074	-39.43
YGR207C_mRNA	320	569.1	44.13	14.0	2.11	42.02	0.9969	0.0867	-39.91
YGR208W_mRNA	123	539.2	43.43	17.0	2.13	41.3	0.9837	0.1006	-39.17
YGR209C_mRNA	2284	458.5	48.02	54.0	2.61	45.41	0.9956	0.1022	-42.8
YGR210C_mRNA	256	625.4	47.83	18.0	2.06	45.77	0.9922	0.0937	-43.71
YGR211W_mRNA	1425	855.6	45.46	17.0	3.24	42.21	0.9916	0.078	-38.97
YGR212W_mRNA	23	626.0	84.17	74.0	14.52	69.65	1.0	0.1542	-55.13
YGR213C_mRNA	104	581.8	82.19	71.5	37.72	44.47	0.9904	0.1849	-6.75
YGR214W_mRNA	2143	592.1	39.55	12.0	3.19	36.36	0.9865	0.0761	-33.17
YGR215W_mRNA	206	455.2	36.42	9.5	2.34	34.08	0.9806	0.0802	-31.74
YGR216C_mRNA	110	851.0	56.42	72.5	4.92	51.5	1.0	0.0884	-46.58
YGR217W_mRNA	51	700.2	52.67	19.0	9.35	43.31	1.0	0.125	-33.96
YGR218W_mRNA	336	892.0	45.96	19.0	2.19	43.76	0.9881	0.071	-41.57
YGR220C_mRNA	290	512.5	43.28	15.5	2.59	40.69	0.9862	0.0979	-38.1
YGR221C_mRNA	52	641.4	53.63	69.0	2.58	51.06	1.0	0.0995	-48.48
YGR222W_mRNA	232	507.8	54.13	37.5	2.34	51.79	1.0	0.1464	-49.45
YGR223C_mRNA	56	641.7	31.21	13.0	2.07	29.14	1.0	0.0534	-27.07
YGR224W_mRNA	22	764.6	60.41	80.0	3.27	57.14	1.0	0.1317	-53.86
YGR225W_mRNA	6	670.3	99.5	96.0	45.67	53.83	0.8333	0.2109	-8.17
YGR227C-A_mRNA	26	458.3	75.77	72.5	4.54	71.23	1.0	0.176	-66.69
YGR227W_mRNA	37	853.0	57.84	70.0	1.59	56.24	1.0	0.1038	-54.65
YGR229C_mRNA	284	626.0	55.24	69.0	3.33	51.9	0.993	0.121	-48.57
YGR230W_mRNA	116	514.8	48.91	63.0	1.49	47.42	1.0	0.1012	-45.93
YGR231C_mRNA	300	610.9	43.48	14.5	2.26	41.21	1.0	0.0833	-38.95
YGR232W_mRNA	225	612.8	47.15	17.0	5.0	42.15	0.9956	0.0868	-37.14
YGR233C_mRNA	254	778.7	54.45	65.5	4.24	50.21	0.9843	0.1012	-45.97
YGR234W_mRNA	6516	840.1	52.43	68.0	2.99	49.44	0.9962	0.0809	-46.44
YGR235C_mRNA	269	553.0	56.41	52.0	3.87	52.54	1.0	0.1268	-48.67
YGR236C_mRNA	21	442.9	60.24	13.0	17.19	43.05	1.0	0.1175	-25.86
YGR237C_mRNA	103	712.6	56.74	68.0	3.17	53.57	1.0	0.1051	-50.41
YGR238C_mRNA	57	610.6	53.82	40.0	3.11	50.72	1.0	0.1137	-47.61
YGR239C_mRNA	175	391.3	45.45	16.0	2.35	43.1	0.9943	0.1184	-40.75
YGR240C-A_mRNA	149	457.5	96.09	85.0	53.75	42.34	1.0	0.203	11.41
YGR240C_mRNA	1025	968.2	53.55	69.0	2.77	50.78	0.9893	0.0842	-48.0
YGR241C_mRNA	52	969.6	58.38	74.5	4.81	53.58	0.9808	0.089	-48.77
YGR243W_mRNA	123	589.4	59.41	73.0	5.07	54.33	1.0	0.1052	-49.26
YGR244C_mRNA	214	738.2	53.17	38.0	3.32	49.86	0.9766	0.1001	-46.54
YGR245C_mRNA	234	466.2	38.46	11.0	1.59	36.88	0.9744	0.0933	-35.29
YGR246C_mRNA	75	580.7	49.31	16.0	2.67	46.64	0.9733	0.1029	-43.97
YGR247W_mRNA	32	480.3	54.94	29.5	13.66	41.28	0.9688	0.1448	-27.62
YGR248W_mRNA	48	716.6	127.58	84.0	47.73	79.85	1.0	0.1833	-32.12
YGR249W_mRNA	67	601.7	99.0	74.0	11.78	87.22	1.0	0.1791	-75.45
YGR250C_mRNA	577	1008.4	60.66	73.0	5.15	55.51	0.9948	0.0869	-50.36
YGR251W_mRNA	148	507.6	53.17	70.0	3.3	49.86	0.973	0.114	-46.56
YGR252W_mRNA	71	975.9	69.14	81.0	2.62	66.52	1.0	0.0936	-63.9
YGR253C_mRNA	493	657.0	47.07	19.0	3.33	43.73	0.9757	0.0791	-40.4
YGR254W_mRNA	5672	755.9	45.16	18.0	2.31	42.85	0.9803	0.0822	-40.54
YGR255C_mRNA	115	650.8	39.4	12.0	2.18	37.22	0.9826	0.0977	-35.03
YGR256W_mRNA	24	649.1	75.08	79.5	11.08	64.0	1.0	0.1429	-52.92
YGR257C_mRNA	145	681.6	48.97	14.0	3.72	45.25	1.0	0.0801	-41.53
YGR258C_mRNA	94	746.6	44.48	20.0	2.98	41.5	1.0	0.0838	-38.52
YGR259C_mRNA	9	459.6	69.11	17.0	44.44	24.67	0.7778	0.1884	19.78
YGR260W_mRNA	323	919.0	56.64	73.0	3.29	53.35	1.0	0.0822	-50.06
YGR261C_mRNA	164	727.3	43.91	14.5	1.73	42.18	0.9695	0.0829	-40.45
YGR262C_mRNA	64	623.9	43.09	10.5	12.88	30.22	0.9844	0.0731	-17.34
YGR263C_mRNA	48	575.4	58.0	72.5	1.44	56.56	1.0	0.123	-55.12
YGR264C_mRNA	895	892.3	97.57	87.0	2.66	94.91	0.9922	0.1616	-92.26
YGR266W_mRNA	92	881.8	113.43	105.5	8.25	105.18	1.0	0.1811	-96.93
YGR267C_mRNA	706	619.9	43.07	16.0	3.05	40.03	0.9915	0.0793	-36.98
YGR268C_mRNA	27	554.4	57.48	78.0	2.11	55.37	1.0	0.1261	-53.26
YGR269W_mRNA	27	691.3	53.0	71.0	2.93	50.07	1.0	0.0831	-47.15
YGR270W_mRNA	124	631.9	49.59	25.0	2.98	46.6	1.0	0.1057	-43.62
YGR271C-A_mRNA	337	672.5	38.27	12.0	2.57	35.7	0.9733	0.0587	-33.13
YGR271W_mRNA	127	706.3	56.56	70.0	2.18	54.38	0.9764	0.1072	-52.2
YGR274C_mRNA	73	645.0	66.89	28.0	2.44	64.45	0.9863	0.1214	-62.01
YGR275W_mRNA	119	510.7	101.57	82.0	5.91	95.66	0.9916	0.2089	-89.76
YGR276C_mRNA	132	909.3	89.72	69.0	2.09	87.63	0.9848	0.1337	-85.54
YGR277C_mRNA	55	761.3	52.13	13.0	15.87	36.25	0.9455	0.0632	-20.38
YGR278W_mRNA	30	773.2	38.87	14.0	3.4	35.47	0.9	0.0969	-32.07
YGR279C_mRNA	877	704.6	57.88	76.0	2.77	55.11	0.9977	0.1095	-52.34
YGR280C_mRNA	77	363.4	50.68	12.0	3.53	47.14	1.0	0.1339	-43.61
YGR281W_mRNA	266	733.1	53.94	57.5	2.14	51.8	0.9887	0.0946	-49.66
YGR282C_mRNA	2582	735.3	56.98	73.0	3.22	53.76	0.9911	0.0964	-50.54
YGR283C_mRNA	232	545.1	50.15	63.0	3.97	46.18	1.0	0.1044	-42.2
YGR284C_mRNA	696	822.1	55.74	70.0	3.79	51.94	0.9957	0.0838	-48.15
YGR285C_mRNA	599	597.3	44.63	17.0	1.65	42.97	0.995	0.1036	-41.32
YGR286C_mRNA	235	756.2	43.63	14.0	2.63	41.0	0.9915	0.0724	-38.36
YGR287C_mRNA	31	689.4	100.55	72.0	34.45	66.1	1.0	0.2085	-31.65
YGR288W_mRNA	51	615.1	60.82	74.0	2.14	58.69	1.0	0.1304	-56.55
YGR289C_mRNA	35	678.1	58.0	23.0	17.83	40.17	0.9714	0.1202	-22.34
YGR292W_mRNA	20	477.4	65.3	74.5	1.15	64.15	1.0	0.1528	-63.0
YGR295C_mRNA	238	609.9	53.04	65.0	1.52	51.52	0.9958	0.1063	-50.0
YGR296W_mRNA	44	593.3	38.73	14.0	1.61	37.11	1.0	0.0817	-35.5
YHL001W_mRNA	2027	484.7	49.7	28.0	5.07	44.64	0.9975	0.1032	-39.57
YHL002C-A_mRNA	336	373.6	110.14	102.0	69.82	40.32	1.0	0.3202	29.5
YHL002W_mRNA	51	707.7	53.1	69.0	1.12	51.98	1.0	0.1024	-50.86
YHL003C_mRNA	427	856.0	53.87	70.0	3.31	50.56	0.993	0.0845	-47.25
YHL004W_mRNA	74	676.6	49.07	32.5	3.08	45.99	0.9865	0.1122	-42.91
YHL006C_mRNA	40	482.2	62.38	71.0	2.05	60.32	1.0	0.1384	-58.28
YHL006W-A_mRNA	5	352.0	78.2	86.0	4.6	73.6	1.0	0.1948	-69.0
YHL007C_mRNA	80	756.3	75.29	74.5	1.66	73.62	1.0	0.1292	-71.96
YHL008C_mRNA	25	394.6	97.2	76.0	31.24	65.96	1.0	0.2521	-34.72
YHL009C_mRNA	47	671.5	72.06	75.0	4.17	67.89	1.0	0.1235	-63.72
YHL009W-B_mRNA	16	1311.9	302.44	420.5	2.25	300.19	1.0	0.2223	-297.94
YHL010C_mRNA	19	623.9	120.21	99.0	3.37	116.84	1.0	0.2392	-113.47
YHL011C_mRNA	524	806.4	52.55	67.0	4.04	48.52	0.9981	0.0778	-44.48
YHL012W_mRNA	219	448.5	50.22	22.0	6.97	43.25	0.9909	0.11	-36.28
YHL013C_mRNA	130	609.1	45.41	36.0	2.22	43.18	0.9846	0.0934	-40.96
YHL014C_mRNA	66	664.5	61.68	71.5	6.41	55.27	0.9848	0.1179	-48.86
YHL015W_mRNA	22109	584.2	50.3	32.0	2.31	47.98	0.9975	0.0932	-45.67
YHL016C_mRNA	59	594.8	108.85	91.0	59.41	49.44	0.9831	0.1674	9.97
YHL017W_mRNA	67	839.5	75.54	80.0	3.79	71.75	0.9851	0.1246	-67.96
YHL019C_mRNA	19	752.7	52.63	73.0	1.53	51.11	1.0	0.0837	-49.58
YHL019W-A_mRNA	15	688.7	46.53	71.0	1.0	45.53	0.9333	0.077	-44.53
YHL020C_mRNA	55	646.4	51.87	67.0	2.16	49.71	0.9818	0.101	-47.55
YHL021C_mRNA	331	841.4	54.89	70.0	4.42	50.47	0.994	0.091	-46.05
YHL022C_mRNA	31	566.7	145.48	130.0	10.9	134.58	0.9677	0.277	-123.68
YHL023C_mRNA	81	515.4	47.43	53.0	1.49	45.94	0.9753	0.1108	-44.44
YHL024W_mRNA	52	523.3	54.04	68.5	2.52	51.52	1.0	0.1266	-49.0
YHL025W_mRNA	111	580.8	44.89	19.0	2.95	41.95	0.991	0.1	-39.0
YHL026C_mRNA	13	488.0	38.85	25.0	3.77	35.08	1.0	0.1368	-31.31
YHL027W_mRNA	159	552.9	48.57	66.0	2.3	46.26	1.0	0.1121	-43.96
YHL028W_mRNA	13	549.5	67.08	60.0	27.62	39.46	1.0	0.1337	-11.85
YHL029C_mRNA	121	868.5	59.08	70.0	2.02	57.06	1.0	0.0855	-55.03
YHL030W-A_mRNA	80	462.7	40.67	12.5	3.55	37.12	1.0	0.1012	-33.58
YHL030W_mRNA	183	859.8	50.79	26.0	7.63	43.16	1.0	0.0823	-35.53
YHL031C_mRNA	54	541.4	55.04	70.5	5.13	49.91	1.0	0.1147	-44.78
YHL032C_mRNA	52	681.9	61.88	67.0	3.96	57.92	1.0	0.1276	-53.96
YHL033C_mRNA	2097	624.8	44.55	15.0	2.81	41.73	0.9895	0.0857	-38.92
YHL034C_mRNA	249	523.9	36.65	11.0	1.72	34.93	0.9759	0.076	-33.2
YHL034W-A_mRNA	277	506.7	39.01	12.0	3.31	35.71	0.9747	0.083	-32.4
YHL035C_mRNA	58	588.5	76.0	77.0	9.71	66.29	1.0	0.1793	-56.59
YHL036W_mRNA	45	583.4	58.44	48.0	6.53	51.91	1.0	0.1462	-45.38
YHL038C_mRNA	89	615.1	43.97	12.0	1.75	42.21	0.9888	0.0885	-40.46
YHL039W_mRNA	233	670.4	39.32	16.0	1.89	37.43	0.9914	0.0717	-35.54
YHL040C_mRNA	34	564.0	59.24	68.5	14.65	44.59	1.0	0.1273	-29.94
YHL042W_mRNA	24	612.9	263.75	216.5	1.25	262.5	1.0	0.4018	-261.25
YHL043W_mRNA	36	525.1	59.33	65.5	5.64	53.69	1.0	0.115	-48.06
YHL044W_mRNA	22	692.1	45.73	41.0	1.41	44.32	1.0	0.0718	-42.91
YHL047C_mRNA	29	885.7	116.69	85.0	4.0	112.69	1.0	0.1909	-108.69
YHL048W_mRNA	161	737.0	95.62	88.0	8.81	86.81	1.0	0.1423	-78.01
YHL050C_mRNA	42	553.9	37.05	17.0	3.1	33.95	1.0	0.0691	-30.86
YHR001W-A_mRNA	572	481.3	56.0	70.0	7.92	48.08	0.9965	0.1124	-40.16
YHR001W_mRNA	139	631.3	52.59	26.0	2.91	49.68	0.9856	0.1041	-46.78
YHR002W_mRNA	22	658.9	45.23	26.5	3.64	41.59	1.0	0.1195	-37.95
YHR003C_mRNA	252	642.8	42.01	10.0	2.4	39.6	0.9881	0.0822	-37.2
YHR004C_mRNA	114	803.3	91.08	75.0	7.04	84.04	1.0	0.1758	-76.99
YHR005C-A_mRNA	2446	454.6	50.09	41.0	3.2	46.89	0.9988	0.107	-43.69
YHR005C_mRNA	178	700.1	52.47	43.0	1.39	51.08	0.9719	0.0952	-49.7
YHR006W_mRNA	205	582.8	57.08	68.0	3.82	53.25	0.9805	0.118	-49.43
YHR007C-A_mRNA	169	657.2	43.5	17.0	3.52	39.98	1.0	0.0763	-36.46
YHR007C_mRNA	1737	817.3	49.31	25.0	3.12	46.19	0.9931	0.0948	-43.08
YHR008C_mRNA	131	699.4	49.37	19.0	3.76	45.6	1.0	0.0778	-41.84
YHR009C_mRNA	159	701.8	52.97	34.0	5.53	47.44	0.9937	0.106	-41.91
YHR010W_mRNA	18237	521.1	49.29	26.0	9.34	39.95	0.9814	0.0929	-30.61
YHR011W_mRNA	29	566.0	36.86	9.0	1.69	35.17	1.0	0.0945	-33.48
YHR012W_mRNA	192	715.2	46.32	17.0	7.07	39.25	0.9844	0.0733	-32.18
YHR013C_mRNA	263	524.6	42.83	16.0	2.33	40.5	0.9848	0.0929	-38.17
YHR015W_mRNA	28	802.8	71.39	73.5	1.71	69.68	1.0	0.1294	-67.96
YHR016C_mRNA	84	571.7	54.63	36.0	9.12	45.51	1.0	0.12	-36.39
YHR017W_mRNA	88	591.5	61.88	72.0	11.78	50.09	0.9886	0.136	-38.31
YHR018C_mRNA	1354	675.7	46.22	22.0	2.16	44.05	0.997	0.0909	-41.89
YHR019C_mRNA	948	791.3	48.7	56.0	2.89	45.81	0.9789	0.0845	-42.92
YHR020W_mRNA	1017	849.3	48.17	24.0	2.48	45.69	0.9567	0.0835	-43.2
YHR021C_mRNA	14760	382.5	55.78	70.0	3.18	52.6	0.9932	0.139	-49.41
YHR022C-A_mRNA	25	566.2	90.64	94.0	1.0	89.64	1.0	0.1816	-88.64
YHR022C_mRNA	20	573.5	41.7	14.5	8.2	33.5	1.0	0.0899	-25.3
YHR023W_mRNA	112	667.3	46.29	14.0	1.98	44.31	0.9821	0.0819	-42.33
YHR024C_mRNA	122	537.8	41.56	16.0	2.73	38.83	0.9754	0.0987	-36.1
YHR025W_mRNA	608	714.4	50.4	64.0	3.3	47.1	0.9951	0.095	-43.81
YHR026W_mRNA	464	646.6	48.08	31.5	2.52	45.55	0.9935	0.0884	-43.03
YHR027C_mRNA	480	712.5	47.65	23.0	3.31	44.34	0.9917	0.0778	-41.03
YHR028C_mRNA	311	805.9	46.09	18.0	3.07	43.02	0.9968	0.0865	-39.95
YHR028W-A_mRNA	107	336.6	37.47	15.0	4.28	33.19	0.9907	0.1185	-28.91
YHR029C_mRNA	270	820.1	51.94	37.5	1.94	49.99	0.9926	0.0706	-48.05
YHR030C_mRNA	358	846.6	41.88	14.0	1.87	40.01	0.9888	0.0672	-38.15
YHR031C_mRNA	57	538.2	43.84	16.0	1.82	42.02	1.0	0.1133	-40.19
YHR032W-A_mRNA	63	629.4	63.57	77.0	2.73	60.84	1.0	0.1133	-58.11
YHR032W_mRNA	56	917.1	49.48	23.5	2.57	46.91	1.0	0.0748	-44.34
YHR033W_mRNA	21	514.1	78.05	81.0	13.05	65.0	1.0	0.1772	-51.95
YHR034C_mRNA	27	505.1	49.44	37.0	2.74	46.7	1.0	0.1133	-43.96
YHR035W_mRNA	35	826.5	82.57	89.0	10.26	72.31	1.0	0.1221	-62.06
YHR036W_mRNA	46	578.8	42.41	15.5	2.43	39.98	0.9783	0.1013	-37.54
YHR037W_mRNA	194	698.5	46.9	27.5	1.62	45.28	1.0	0.0993	-43.66
YHR038W_mRNA	70	508.3	47.46	19.5	2.87	44.59	1.0	0.1122	-41.71
YHR039C-A_mRNA	1348	397.6	44.42	17.0	3.09	41.33	0.9963	0.1107	-38.24
YHR039C_mRNA	534	733.9	55.46	73.0	4.68	50.78	0.9963	0.1014	-46.1
YHR040W_mRNA	14	633.6	46.5	19.5	1.29	45.21	1.0	0.1084	-43.93
YHR041C_mRNA	65	539.5	49.86	23.0	10.02	39.85	1.0	0.1027	-29.83
YHR042W_mRNA	561	672.4	47.34	21.0	3.09	44.25	0.9929	0.0937	-41.16
YHR043C_mRNA	116	662.6	48.47	18.0	3.72	44.74	1.0	0.0848	-41.02
YHR044C_mRNA	49	619.2	70.39	73.0	12.47	57.92	1.0	0.1351	-45.45
YHR045W_mRNA	113	1029.9	55.74	57.0	3.07	52.67	0.9912	0.0681	-49.6
YHR046C_mRNA	97	698.7	66.38	75.0	2.53	63.86	0.9897	0.1187	-61.33
YHR047C_mRNA	345	792.2	45.38	13.0	2.84	42.54	1.0	0.0841	-39.7
YHR048W_mRNA	44	533.1	141.27	80.0	80.16	61.11	1.0	0.233	19.05
YHR049C-A_mRNA	171	383.1	38.77	12.0	2.19	36.58	0.9883	0.1124	-34.39
YHR049W_mRNA	532	717.5	45.04	18.0	2.14	42.9	1.0	0.0744	-40.76
YHR050W-A_mRNA	219	578.2	40.82	19.0	3.0	37.82	0.9909	0.0769	-34.83
YHR050W_mRNA	93	919.0	47.04	60.0	2.7	44.34	0.9677	0.073	-41.65
YHR051W_mRNA	856	677.6	50.45	32.0	2.83	47.61	1.0	0.0853	-44.78
YHR052W_mRNA	646	754.7	42.45	13.0	2.06	40.39	0.9969	0.0728	-38.33
YHR053C_mRNA	58549	428.0	57.45	72.0	2.38	55.07	0.9971	0.1307	-52.69
YHR054C_mRNA	375	637.1	78.15	69.0	27.08	51.07	0.9973	0.1426	-23.99
YHR056C_mRNA	387	681.0	56.41	64.0	10.54	45.87	0.9948	0.1159	-35.33
YHR056W-A_mRNA	21	229.9	44.05	33.0	4.29	39.76	1.0	0.1808	-35.48
YHR057C_mRNA	114	554.8	63.66	71.0	3.37	60.29	0.9912	0.1233	-56.92
YHR058C_mRNA	21	706.8	54.48	71.0	1.71	52.76	1.0	0.1097	-51.05
YHR059W_mRNA	86	472.4	52.57	71.5	3.64	48.93	1.0	0.1193	-45.29
YHR060W_mRNA	222	506.6	44.97	12.0	4.23	40.73	0.9955	0.0879	-36.5
YHR061C_mRNA	37	634.1	50.38	64.0	2.7	47.68	1.0	0.1198	-44.97
YHR062C_mRNA	87	641.6	62.2	53.0	1.56	60.63	0.9885	0.1247	-59.07
YHR063C_mRNA	574	845.2	50.56	49.5	4.31	46.25	0.9983	0.0715	-41.94
YHR063W-A_mRNA	21	281.1	40.52	17.0	1.14	39.38	0.9524	0.1309	-38.24
YHR064C_mRNA	1502	812.9	47.7	18.0	2.41	45.29	0.9734	0.0765	-42.88
YHR065C_mRNA	72	761.5	37.11	12.0	2.99	34.12	0.9722	0.0693	-31.14
YHR066W_mRNA	29	761.2	48.48	26.0	6.45	42.03	0.9655	0.0786	-35.59
YHR067W_mRNA	75	616.8	49.63	69.0	1.72	47.91	1.0	0.0968	-46.19
YHR068W_mRNA	552	834.0	44.1	16.0	2.26	41.84	0.9601	0.0716	-39.58
YHR069C_mRNA	199	693.7	51.79	70.0	1.75	50.04	0.995	0.0992	-48.29
YHR070C-A_mRNA	29	412.0	37.9	17.0	8.45	29.45	1.0	0.09	-21.0
YHR070W_mRNA	112	574.2	83.46	79.5	4.21	79.25	1.0	0.1853	-75.04
YHR071C-A_mRNA	19	449.2	102.53	79.0	35.37	67.16	1.0	0.1961	-31.79
YHR071W_mRNA	364	697.2	157.39	93.0	108.51	48.88	0.9945	0.191	59.63
YHR072W-A_mRNA	3493	376.2	40.04	13.0	3.22	36.82	0.9954	0.101	-33.6
YHR072W_mRNA	303	659.2	49.79	66.0	3.94	45.85	0.9868	0.1077	-41.91
YHR073C-B_mRNA	20	296.8	54.55	77.0	3.6	50.95	1.0	0.1781	-47.35
YHR073W_mRNA	104	810.7	54.89	44.5	3.02	51.88	1.0	0.0898	-48.86
YHR074W_mRNA	275	821.4	64.35	62.0	2.93	61.41	0.9964	0.1131	-58.48
YHR075C_mRNA	40	471.2	43.35	25.5	1.72	41.62	0.975	0.1078	-39.9
YHR076W_mRNA	185	640.1	62.43	31.0	9.67	52.76	0.9892	0.1106	-43.09
YHR077C_mRNA	126	477.0	49.67	15.5	2.3	47.37	0.9921	0.108	-45.06
YHR078W_mRNA	99	690.8	56.27	38.0	2.31	53.96	0.9697	0.1121	-51.65
YHR079C_mRNA	77	814.5	59.32	75.0	3.26	56.06	1.0	0.1088	-52.81
YHR080C_mRNA	66	710.1	74.8	85.5	3.52	71.29	1.0	0.1651	-67.77
YHR081W_mRNA	163	588.9	69.92	72.0	6.4	63.52	0.9877	0.1271	-57.12
YHR082C_mRNA	391	741.9	57.83	72.0	2.46	55.37	0.9872	0.1294	-52.9
YHR083W_mRNA	116	632.0	49.56	13.5	9.52	40.04	1.0	0.0904	-30.53
YHR084W_mRNA	123	597.3	47.98	26.0	3.11	44.87	0.9919	0.1281	-41.76
YHR085W_mRNA	81	636.0	50.14	18.0	1.52	48.62	0.963	0.0911	-47.1
YHR086W_mRNA	69	870.0	57.71	74.0	2.65	55.06	1.0	0.0939	-52.41
YHR087W_mRNA	414	481.2	44.78	18.0	2.62	42.15	0.9976	0.1005	-39.53
YHR088W_mRNA	189	599.2	37.22	10.0	2.37	34.85	0.9894	0.075	-32.48
YHR089C_mRNA	525	467.0	43.0	13.0	2.71	40.29	0.9752	0.1116	-37.57
YHR090C_mRNA	56	587.1	52.02	68.5	3.55	48.46	1.0	0.1102	-44.91
YHR091C_mRNA	85	579.6	48.27	57.0	1.76	46.51	0.9882	0.1072	-44.74
YHR092C_mRNA	1113	845.0	53.67	70.0	4.83	48.84	0.9874	0.0923	-44.01
YHR094C_mRNA	192	656.6	64.26	77.0	9.4	54.86	0.9948	0.1364	-45.46
YHR096C_mRNA	26	532.0	114.85	90.5	27.38	87.46	1.0	0.2536	-60.08
YHR097C_mRNA	147	777.0	64.03	41.0	4.56	59.47	1.0	0.1079	-54.91
YHR098C_mRNA	312	696.9	53.82	70.0	2.13	51.69	0.9936	0.1083	-49.56
YHR099W_mRNA	141	813.6	41.41	12.0	1.85	39.56	1.0	0.0749	-37.71
YHR100C_mRNA	115	474.8	44.5	19.0	2.41	42.09	0.9913	0.0975	-39.68
YHR101C_mRNA	45	531.0	60.53	78.0	10.67	49.87	0.9778	0.1443	-39.2
YHR102W_mRNA	70	592.4	52.61	46.0	5.9	46.71	1.0	0.1228	-40.81
YHR103W_mRNA	215	807.1	55.71	34.0	2.71	53.0	0.9907	0.0928	-50.3
YHR104W_mRNA	259	743.4	49.45	42.0	3.1	46.35	0.9884	0.0904	-43.25
YHR106W_mRNA	94	664.9	68.37	72.5	1.86	66.51	1.0	0.1348	-64.65
YHR107C_mRNA	292	618.4	43.95	22.0	1.88	42.07	0.9897	0.0877	-40.18
YHR108W_mRNA	285	848.6	54.35	71.0	4.06	50.29	0.9895	0.0917	-46.23
YHR109W_mRNA	20	628.4	70.25	64.5	4.55	65.7	0.95	0.1401	-61.15
YHR110W_mRNA	171	549.2	48.9	16.0	5.63	43.27	0.9942	0.1034	-37.64
YHR111W_mRNA	138	711.0	55.57	62.5	6.62	48.95	0.9928	0.0933	-42.33
YHR112C_mRNA	67	624.9	48.79	48.0	2.64	46.15	0.9851	0.1011	-43.51
YHR113W_mRNA	191	807.7	47.25	19.0	1.27	45.98	0.9895	0.0827	-44.71
YHR114W_mRNA	50	801.3	101.64	90.5	15.48	86.16	1.0	0.1939	-70.68
YHR115C_mRNA	126	648.5	52.46	63.5	2.48	49.98	0.9921	0.1064	-47.49
YHR116W_mRNA	16	459.1	38.75	11.5	3.0	35.75	1.0	0.0903	-32.75
YHR117W_mRNA	155	715.5	51.07	58.0	2.02	49.05	0.9806	0.1005	-47.03
YHR118C_mRNA	53	728.4	50.68	43.0	2.53	48.15	0.9811	0.0776	-45.62
YHR119W_mRNA	86	692.5	53.47	16.5	8.2	45.27	0.9884	0.1217	-37.07
YHR120W_mRNA	76	751.9	65.33	71.5	2.51	62.82	0.9605	0.113	-60.3
YHR121W_mRNA	492	630.3	43.75	15.0	2.07	41.68	0.9919	0.0724	-39.61
YHR122W_mRNA	200	589.6	48.26	25.0	3.06	45.2	0.995	0.0947	-42.14
YHR123W_mRNA	112	690.8	53.21	39.5	6.42	46.79	1.0	0.1027	-40.37
YHR124W_mRNA	102	427.0	40.86	14.5	2.84	38.02	0.9902	0.1048	-35.18
YHR127W_mRNA	109	643.5	51.74	65.0	4.01	47.73	0.9817	0.0958	-43.72
YHR128W_mRNA	1038	663.2	48.18	57.0	2.2	45.98	0.973	0.092	-43.79
YHR129C_mRNA	35	651.9	61.29	11.0	1.71	59.57	0.9714	0.0803	-57.86
YHR130C_mRNA	45	442.7	167.58	83.0	114.4	53.18	1.0	0.3428	61.22
YHR131C_mRNA	11	642.7	72.18	76.0	11.27	60.91	1.0	0.1711	-49.64
YHR131W-A_mRNA	22	311.2	35.14	11.5	1.05	34.09	1.0	0.1118	-33.05
YHR132C_mRNA	170	750.4	47.6	18.5	1.79	45.81	0.9941	0.0827	-44.02
YHR132W-A_mRNA	417	541.8	56.75	68.0	1.96	54.79	0.9952	0.1043	-52.82
YHR133C_mRNA	277	691.6	99.71	104.0	7.41	92.3	1.0	0.1888	-84.9
YHR134W_mRNA	130	504.1	50.44	13.5	8.3	42.14	0.9692	0.0932	-33.84
YHR135C_mRNA	162	756.2	57.72	71.0	4.93	52.8	0.963	0.0981	-47.87
YHR136C_mRNA	775	433.9	44.45	16.0	2.15	42.3	0.9948	0.1008	-40.15
YHR137C-A_mRNA	270	679.2	42.13	14.5	2.2	39.94	0.9778	0.0801	-37.74
YHR137W_mRNA	360	652.4	43.57	15.0	2.92	40.64	0.9917	0.0888	-37.72
YHR138C_mRNA	740	457.4	54.91	43.0	2.87	52.05	0.9986	0.1182	-49.18
YHR139C-A_mRNA	7	485.4	194.0	175.0	69.0	125.0	1.0	0.3814	-56.0
YHR139C_mRNA	7	715.7	295.43	358.0	33.86	261.57	1.0	0.4551	-227.71
YHR140W_mRNA	36	481.7	86.56	85.0	34.14	52.42	0.9722	0.2199	-18.28
YHR141C_mRNA	10862	438.5	47.02	23.0	3.7	43.32	0.9953	0.1019	-39.63
YHR142W_mRNA	133	594.3	47.07	65.0	2.77	44.29	0.9699	0.0904	-41.52
YHR143W-A_mRNA	986	444.2	39.71	12.0	2.26	37.46	0.9888	0.0892	-35.2
YHR143W_mRNA	398	723.8	89.17	80.0	26.11	63.06	0.995	0.1718	-36.94
YHR144C_mRNA	99	781.9	46.03	25.0	2.81	43.22	0.9596	0.0782	-40.41
YHR145C_mRNA	17	263.8	142.18	127.0	87.29	54.88	1.0	0.4044	32.41
YHR146W_mRNA	204	709.1	102.12	92.5	7.82	94.3	0.9608	0.189	-86.48
YHR147C_mRNA	216	640.8	60.67	69.5	11.61	49.06	0.9954	0.1108	-37.45
YHR148W_mRNA	304	621.8	57.25	75.0	2.98	54.27	0.9934	0.105	-51.29
YHR149C_mRNA	97	678.9	52.89	75.0	1.98	50.91	0.9897	0.1095	-48.93
YHR150W_mRNA	40	709.9	47.3	11.0	11.25	36.05	0.925	0.0812	-24.8
YHR151C_mRNA	39	719.3	58.95	75.0	2.62	56.33	0.9744	0.1171	-53.72
YHR152W_mRNA	120	512.3	44.77	19.0	1.61	43.16	0.9917	0.1001	-41.55
YHR153C_mRNA	57	397.3	47.88	20.0	5.02	42.86	1.0	0.1316	-37.84
YHR154W_mRNA	163	705.0	66.01	74.0	16.82	49.2	1.0	0.1212	-32.38
YHR155W_mRNA	53	889.8	49.6	19.0	2.3	47.3	0.9811	0.0943	-45.0
YHR156C_mRNA	291	466.2	56.64	68.0	2.23	54.4	0.9966	0.1398	-52.17
YHR157W_mRNA	14	581.7	250.93	163.5	101.29	149.64	1.0	0.3973	-48.36
YHR158C_mRNA	100	581.8	40.63	11.5	3.71	36.92	0.98	0.0832	-33.21
YHR159W_mRNA	40	649.3	61.4	80.0	2.12	59.28	1.0	0.1301	-57.15
YHR160C_mRNA	9	462.6	21.78	7.0	1.22	20.56	1.0	0.0815	-19.33
YHR161C_mRNA	150	695.0	55.76	70.5	6.4	49.36	1.0	0.1273	-42.96
YHR162W_mRNA	3239	594.1	49.06	63.0	2.08	46.98	0.9855	0.0874	-44.91
YHR163W_mRNA	345	647.5	57.32	73.0	3.59	53.73	0.9913	0.1049	-50.14
YHR164C_mRNA	58	642.8	52.24	64.5	1.83	50.41	1.0	0.1267	-48.59
YHR165C_mRNA	232	716.5	58.25	44.5	13.61	44.63	0.9871	0.1297	-31.02
YHR166C_mRNA	26	654.0	31.77	7.5	2.42	29.35	0.9615	0.072	-26.92
YHR167W_mRNA	78	627.4	39.56	12.0	2.14	37.42	1.0	0.0722	-35.28
YHR168W_mRNA	49	563.8	34.65	12.0	3.14	31.51	0.9796	0.0822	-28.37
YHR169W_mRNA	62	572.3	37.53	10.5	6.68	30.85	0.9839	0.0893	-24.18
YHR170W_mRNA	349	797.0	41.72	12.0	2.1	39.62	0.9828	0.0693	-37.52
YHR171W_mRNA	55	701.1	59.22	73.0	1.47	57.75	0.9818	0.1074	-56.27
YHR172W_mRNA	42	598.2	64.52	64.5	1.4	63.12	1.0	0.1246	-61.71
YHR173C_mRNA	15	346.3	46.4	16.0	4.8	41.6	1.0	0.126	-36.8
YHR174W_mRNA	22919	826.1	45.06	17.0	2.49	42.57	0.9932	0.0729	-40.08
YHR175W-A_mRNA	29	624.2	55.21	65.0	13.07	42.14	0.9655	0.1046	-29.07
YHR175W_mRNA	6863	303.0	42.61	16.0	2.14	40.47	0.9962	0.1361	-38.33
YHR176W_mRNA	14	529.4	83.21	64.5	22.29	60.93	1.0	0.155	-38.64
YHR177W_mRNA	34	882.7	359.24	438.0	10.85	348.38	1.0	0.451	-337.53
YHR178W_mRNA	37	535.8	70.73	73.0	3.84	66.89	1.0	0.178	-63.05
YHR179W_mRNA	1327	688.6	53.99	35.0	5.92	48.07	0.9947	0.0992	-42.15
YHR180W_mRNA	61	417.1	90.16	78.0	13.84	76.33	1.0	0.2348	-62.49
YHR181W_mRNA	213	515.5	44.46	23.0	2.97	41.49	0.9953	0.1021	-38.53
YHR182C-A_mRNA	7	370.3	43.14	39.0	6.29	36.86	0.8571	0.1375	-30.57
YHR182W_mRNA	26	698.1	86.19	65.0	1.58	84.62	1.0	0.1462	-83.04
YHR183W_mRNA	1346	829.4	43.56	15.0	2.39	41.17	0.9822	0.0779	-38.78
YHR184W_mRNA	44	611.1	58.14	75.0	2.07	56.07	0.9773	0.0955	-54.0
YHR185C_mRNA	8	341.9	137.25	136.5	0.75	136.5	1.0	0.4486	-135.75
YHR186C_mRNA	59	659.5	41.02	16.0	5.05	35.97	1.0	0.0807	-30.92
YHR187W_mRNA	88	637.5	45.7	18.0	4.77	40.93	1.0	0.0811	-36.16
YHR188C_mRNA	175	640.1	50.83	36.0	2.68	48.15	0.9829	0.1039	-45.47
YHR190W_mRNA	570	902.7	50.65	31.5	5.59	45.06	0.993	0.0688	-39.47
YHR191C_mRNA	279	412.7	43.45	18.0	2.61	40.84	1.0	0.1112	-38.23
YHR192W_mRNA	50	669.7	34.98	11.0	2.82	32.16	1.0	0.0737	-29.34
YHR193C_mRNA	2560	496.6	46.17	21.0	2.48	43.69	0.998	0.1017	-41.2
YHR194W_mRNA	33	627.4	54.61	36.0	9.61	45.0	1.0	0.118	-35.39
YHR195W_mRNA	118	623.5	44.71	24.0	1.69	43.03	1.0	0.09	-41.34
YHR196W_mRNA	300	931.2	47.85	17.0	2.3	45.55	0.9767	0.0693	-43.26
YHR197W_mRNA	55	757.8	37.36	9.0	2.53	34.84	1.0	0.0804	-32.31
YHR198C_mRNA	93	641.2	56.03	72.0	2.41	53.62	1.0	0.115	-51.22
YHR199C_mRNA	92	665.7	49.32	32.5	4.1	45.22	1.0	0.0861	-41.12
YHR200W_mRNA	347	574.0	51.2	23.0	3.93	47.28	0.9971	0.0952	-43.35
YHR201C_mRNA	201	896.7	52.82	27.0	2.43	50.39	0.99	0.0634	-47.96
YHR202W_mRNA	22	547.0	136.09	86.0	2.23	133.86	1.0	0.223	-131.64
YHR203C_mRNA	5036	630.5	47.48	19.0	3.26	44.22	0.9934	0.0897	-40.96
YHR204W_mRNA	50	746.3	59.94	75.5	3.54	56.4	1.0	0.1182	-52.86
YHR205W_mRNA	51	975.5	88.73	82.0	26.73	62.0	1.0	0.1532	-35.27
YHR206W_mRNA	92	855.3	123.71	113.5	2.0	121.71	1.0	0.207	-119.71
YHR207C_mRNA	74	782.6	92.88	75.0	2.51	90.36	1.0	0.1676	-87.85
YHR208W_mRNA	2080	862.4	49.72	50.0	3.36	46.37	0.9909	0.0741	-43.01
YHR209W_mRNA	316	567.5	52.65	61.5	2.61	50.04	0.9937	0.1072	-47.43
YHR210C_mRNA	38	783.7	70.79	66.0	21.26	49.53	1.0	0.0959	-28.26
YHR211W_mRNA	83	630.9	122.46	86.0	43.36	79.1	1.0	0.1812	-35.73
YHR212C_mRNA	14	597.1	173.64	99.5	79.93	93.71	1.0	0.2757	-13.79
YHR213W-A_mRNA	12	775.7	418.25	285.5	366.42	51.83	1.0	0.407	314.58
YHR214C-B_mRNA	1614	1251.0	293.95	325.0	3.26	290.69	0.9938	0.273	-287.43
YHR214C-E_mRNA	16	479.0	230.94	83.0	149.56	81.38	1.0	0.3847	68.19
YHR214W-A_mRNA	63	802.6	232.08	94.0	165.67	66.41	1.0	0.2444	99.25
YHR215W_mRNA	1874	637.9	59.3	73.5	2.79	56.52	0.9984	0.126	-53.73
YHR216W_mRNA	643	801.9	64.84	72.0	14.37	50.48	0.9922	0.1357	-36.11
YHR218W_mRNA	6	405.0	29.0	6.0	0.33	28.67	1.0	0.0465	-28.33
YHR219C-A_mRNA	12	428.0	57.17	71.0	1.75	55.42	1.0	0.1364	-53.67
YHR219W_mRNA	15	591.7	18.6	9.0	0.67	17.93	0.8667	0.0451	-17.27
YIL001W_mRNA	36	869.7	56.47	73.5	1.17	55.31	1.0	0.085	-54.14
YIL002C_mRNA	35	678.9	51.86	34.0	2.91	48.94	1.0	0.1288	-46.03
YIL002W-A_mRNA	356	331.3	39.02	15.0	2.63	36.39	0.9916	0.1095	-33.76
YIL003W_mRNA	71	693.4	39.51	13.0	3.39	36.11	0.9859	0.0645	-32.72
YIL004C_mRNA	154	524.9	50.08	15.0	6.4	43.68	1.0	0.0968	-37.29
YIL005W_mRNA	133	741.6	53.75	52.0	3.11	50.64	1.0	0.0986	-47.53
YIL006W_mRNA	15	649.8	85.8	100.0	15.27	70.53	1.0	0.1936	-55.27
YIL007C_mRNA	62	705.0	55.74	64.0	5.13	50.61	1.0	0.0903	-45.48
YIL008W_mRNA	641	463.2	42.26	13.0	2.43	39.83	1.0	0.0883	-37.41
YIL009C-A_mRNA	143	520.3	59.41	70.0	9.16	50.24	0.993	0.1146	-41.08
YIL009W_mRNA	156	815.6	74.49	76.5	7.81	66.67	1.0	0.1147	-58.86
YIL010W_mRNA	119	639.9	45.3	14.0	2.33	42.97	1.0	0.0708	-40.65
YIL011W_mRNA	77	573.4	66.96	72.0	17.19	49.77	1.0	0.1542	-32.57
YIL013C_mRNA	56	621.1	60.7	78.0	3.84	56.86	0.9643	0.1256	-53.02
YIL014C-A_mRNA	30	493.9	48.43	22.0	2.53	45.9	1.0	0.108	-43.37
YIL014W_mRNA	203	870.4	54.11	64.0	2.66	51.45	0.9901	0.0892	-48.8
YIL015W_mRNA	28	497.6	114.11	73.5	13.04	101.07	1.0	0.207	-88.04
YIL016W_mRNA	114	425.8	50.43	20.0	6.46	43.97	0.9825	0.1274	-37.52
YIL017C_mRNA	68	584.2	84.72	80.0	7.84	76.88	0.9853	0.1796	-69.04
YIL018W_mRNA	9795	674.3	49.27	62.0	2.12	47.14	0.9932	0.084	-45.02
YIL019W_mRNA	35	487.0	39.57	9.0	1.4	38.17	0.9714	0.0982	-36.77
YIL020C-A_mRNA	71	659.7	63.01	71.0	7.69	55.32	0.9859	0.0921	-47.63
YIL020C_mRNA	33	701.3	57.85	68.0	6.73	51.12	1.0	0.0906	-44.39
YIL021C-A_mRNA	28	636.9	55.82	72.0	9.21	46.61	0.9643	0.0949	-37.39
YIL021W_mRNA	54	652.7	45.63	8.5	1.87	43.76	1.0	0.0862	-41.89
YIL022W_mRNA	161	541.1	46.38	59.0	1.76	44.61	0.9814	0.1	-42.85
YIL023C_mRNA	73	711.3	85.97	84.0	3.85	82.12	1.0	0.1628	-78.27
YIL024C_mRNA	96	579.1	52.03	66.0	5.06	46.97	1.0	0.1089	-41.91
YIL026C_mRNA	81	861.6	59.94	73.0	1.67	58.27	1.0	0.0978	-56.6
YIL027C_mRNA	574	516.6	38.22	12.0	2.86	35.37	0.9808	0.0724	-32.51
YIL028W_mRNA	42	598.2	46.76	41.5	1.83	44.93	1.0	0.1085	-43.1
YIL029C_mRNA	90	705.6	64.74	77.0	7.32	57.42	1.0	0.1048	-50.1
YIL030C_mRNA	296	768.7	49.5	58.5	2.22	47.28	0.9899	0.0832	-45.06
YIL030W-A_mRNA	30	513.7	20.87	8.0	3.9	16.97	1.0	0.0496	-13.07
YIL031W_mRNA	24	1078.0	53.71	60.5	3.46	50.25	1.0	0.0788	-46.79
YIL033C_mRNA	191	845.6	48.55	23.0	3.02	45.53	0.9948	0.0698	-42.52
YIL034C_mRNA	307	563.8	46.5	13.0	3.28	43.23	0.9772	0.0954	-39.95
YIL035C_mRNA	286	727.4	50.06	55.0	4.14	45.92	0.986	0.0906	-41.78
YIL036W_mRNA	159	882.7	57.29	44.0	3.79	53.5	1.0	0.0758	-49.72
YIL037C_mRNA	22	567.6	85.64	82.5	3.86	81.77	1.0	0.1978	-77.91
YIL038C_mRNA	192	684.3	53.31	63.5	2.71	50.59	0.9948	0.1047	-47.88
YIL039W_mRNA	320	725.9	46.73	59.0	1.98	44.75	0.9969	0.0872	-42.77
YIL040W_mRNA	521	493.7	53.85	68.0	3.77	50.08	0.9942	0.1064	-46.31
YIL041W_mRNA	302	790.6	46.89	16.0	2.73	44.16	0.9768	0.0686	-41.43
YIL042C_mRNA	43	541.4	41.19	14.0	4.12	37.07	1.0	0.1024	-32.95
YIL043C_mRNA	890	698.3	44.3	17.0	2.55	41.75	0.9978	0.0778	-39.2
YIL044C_mRNA	106	618.1	46.36	21.0	3.4	42.96	0.9906	0.0944	-39.57
YIL045W_mRNA	107	572.9	65.28	44.0	7.7	57.58	1.0	0.1338	-49.88
YIL046W_mRNA	63	686.6	60.21	67.0	12.63	47.57	0.9365	0.1217	-34.94
YIL047C-A_mRNA	114	613.2	45.36	21.0	4.96	40.4	1.0	0.088	-35.45
YIL047C_mRNA	36	788.8	67.97	78.0	10.0	57.97	0.9722	0.1193	-47.97
YIL048W_mRNA	126	734.5	64.89	71.0	4.74	60.15	0.9921	0.1174	-55.41
YIL049W_mRNA	70	556.4	67.9	76.0	4.27	63.63	1.0	0.1407	-59.36
YIL050W_mRNA	115	658.5	80.15	84.0	19.42	60.73	0.9913	0.1631	-41.31
YIL051C_mRNA	740	520.9	49.08	60.5	5.17	43.91	0.9851	0.0972	-38.74
YIL052C_mRNA	4944	444.6	38.35	11.0	3.21	35.14	0.9832	0.0838	-31.93
YIL053W_mRNA	3817	607.4	49.51	67.0	2.69	46.83	0.9845	0.1034	-44.14
YIL055C_mRNA	63	604.4	80.24	68.0	7.05	73.19	1.0	0.1916	-66.14
YIL056W_mRNA	154	737.3	75.56	76.5	5.33	70.23	0.987	0.1578	-64.9
YIL057C_mRNA	10	540.5	210.7	120.5	149.3	61.4	1.0	0.3946	87.9
YIL059C_mRNA	2394	348.5	110.25	78.5	37.88	72.37	0.985	0.2529	-34.49
YIL060W_mRNA	154	265.9	100.55	82.0	43.78	56.77	0.9805	0.3001	-12.99
YIL061C_mRNA	20	531.5	41.4	16.5	2.95	38.45	0.95	0.0987	-35.5
YIL062C_mRNA	439	483.2	48.61	33.0	5.51	43.1	0.9977	0.1082	-37.58
YIL063C_mRNA	328	658.1	44.18	14.5	2.49	41.69	0.9482	0.0759	-39.2
YIL064W_mRNA	284	636.3	68.91	59.0	2.84	66.07	0.9965	0.1084	-63.24
YIL065C_mRNA	147	505.3	43.86	17.0	2.14	41.72	1.0	0.0914	-39.59
YIL066C_mRNA	11	520.5	32.91	15.0	1.82	31.09	1.0	0.0897	-29.27
YIL067C_mRNA	62	916.3	47.61	45.0	4.35	43.26	1.0	0.0823	-38.9
YIL068C_mRNA	42	1131.2	67.79	80.0	2.57	65.21	0.9524	0.0921	-62.64
YIL068W-A_mRNA	21	540.8	69.67	76.0	3.95	65.71	0.9524	0.1683	-61.76
YIL069C_mRNA	2598	533.8	49.73	32.0	4.25	45.48	0.9896	0.0973	-41.23
YIL070C_mRNA	161	562.5	52.5	14.0	13.91	38.59	0.9876	0.1181	-24.68
YIL071C_mRNA	42	692.4	87.17	81.0	7.64	79.52	0.9524	0.1452	-71.88
YIL071W-A_mRNA	37	718.2	52.43	70.0	1.95	50.49	0.9459	0.0945	-48.54
YIL072W_mRNA	17	745.6	84.29	73.0	2.12	82.18	1.0	0.1129	-80.06
YIL073C_mRNA	64	716.6	105.69	83.5	3.86	101.83	1.0	0.1694	-97.97
YIL074C_mRNA	270	684.8	45.61	18.0	3.25	42.36	0.9889	0.091	-39.11
YIL075C_mRNA	264	618.6	49.77	20.0	2.11	47.66	0.9697	0.1025	-45.55
YIL076W_mRNA	882	746.7	61.98	75.0	2.7	59.28	0.983	0.1011	-56.58
YIL077C_mRNA	127	479.6	50.54	26.0	1.75	48.8	1.0	0.1139	-47.05
YIL078W_mRNA	1806	891.0	43.58	14.0	2.37	41.2	0.9895	0.0724	-38.83
YIL079C_mRNA	52	504.5	53.48	18.5	4.42	49.06	1.0	0.1224	-44.63
YIL082W-A_mRNA	15	937.9	105.4	14.0	0.67	104.73	1.0	0.1098	-104.07
YIL082W_mRNA	1290	418.1	246.64	221.5	106.66	139.98	1.0	0.5646	-33.32
YIL083C_mRNA	124	709.9	51.72	64.5	7.2	44.52	0.9758	0.1006	-37.31
YIL084C_mRNA	21	628.9	53.76	19.0	2.62	51.14	1.0	0.0956	-48.52
YIL085C_mRNA	113	817.8	65.5	21.0	17.29	48.21	0.9823	0.0928	-30.92
YIL086C_mRNA	21	238.0	97.0	103.0	3.33	93.67	1.0	0.3962	-90.33
YIL087C_mRNA	63	498.8	60.4	70.0	6.38	54.02	1.0	0.1265	-47.63
YIL088C_mRNA	237	665.2	40.45	12.0	1.58	38.87	1.0	0.0741	-37.29
YIL089W_mRNA	84	500.9	67.55	68.0	2.6	64.95	1.0	0.1543	-62.36
YIL090W_mRNA	125	759.0	49.22	39.0	2.52	46.7	1.0	0.0893	-44.18
YIL091C_mRNA	170	706.6	56.42	67.5	1.89	54.53	0.9882	0.0983	-52.64
YIL092W_mRNA	16	862.2	106.75	25.0	22.06	84.69	1.0	0.0991	-62.62
YIL093C_mRNA	35	629.4	46.46	25.0	2.11	44.34	1.0	0.0853	-42.23
YIL094C_mRNA	832	699.6	41.92	13.0	2.06	39.86	0.9784	0.0704	-37.79
YIL095W_mRNA	61	756.1	53.23	19.0	11.0	42.23	0.9672	0.1001	-31.23
YIL096C_mRNA	140	705.1	45.8	18.0	3.35	42.45	0.9714	0.0831	-39.1
YIL097W_mRNA	96	745.6	63.57	46.5	4.01	59.56	1.0	0.1106	-55.55
YIL098C_mRNA	111	486.3	44.32	19.0	1.61	42.71	1.0	0.0994	-41.1
YIL099W_mRNA	18	488.7	69.56	31.0	7.72	61.83	1.0	0.1474	-54.11
YIL101C_mRNA	19	518.6	131.95	144.0	43.79	88.16	1.0	0.3263	-44.37
YIL102C-A_mRNA	138	511.0	53.75	67.5	4.31	49.43	0.9928	0.1183	-45.12
YIL103W_mRNA	170	930.1	46.84	20.5	2.78	44.06	0.9882	0.0674	-41.28
YIL104C_mRNA	56	775.8	44.66	18.5	3.27	41.39	1.0	0.0857	-38.12
YIL105C_mRNA	165	823.0	61.9	76.0	4.7	57.2	1.0	0.0973	-52.5
YIL106W_mRNA	99	493.2	47.18	16.0	3.58	43.61	0.9899	0.1122	-40.03
YIL107C_mRNA	94	653.5	59.72	66.5	2.9	56.82	0.9894	0.1329	-53.91
YIL108W_mRNA	100	669.6	46.95	19.5	3.15	43.8	0.98	0.1084	-40.65
YIL109C_mRNA	558	849.4	49.32	39.5	3.39	45.92	0.9946	0.083	-42.53
YIL110W_mRNA	399	806.5	51.32	66.0	2.99	48.33	0.985	0.0771	-45.34
YIL111W_mRNA	383	505.4	82.98	80.0	7.25	75.73	1.0	0.163	-68.49
YIL112W_mRNA	109	593.5	58.32	69.0	5.12	53.2	1.0	0.1055	-48.08
YIL113W_mRNA	41	619.7	53.9	18.0	10.9	43.0	1.0	0.0825	-32.1
YIL114C_mRNA	72	660.8	56.0	70.5	2.71	53.29	1.0	0.1075	-50.58
YIL115C_mRNA	118	803.9	48.11	24.0	3.18	44.93	0.9915	0.0787	-41.75
YIL115W-A_mRNA	126	595.2	70.75	62.0	8.73	62.02	0.9841	0.126	-53.29
YIL116W_mRNA	279	725.9	92.57	84.0	2.42	90.15	0.9928	0.1686	-87.74
YIL117C_mRNA	855	681.0	55.66	35.0	2.57	53.08	0.9953	0.0956	-50.51
YIL118W_mRNA	374	704.0	52.25	65.5	3.07	49.17	0.984	0.0801	-46.1
YIL119C_mRNA	110	623.8	83.35	79.0	5.88	77.46	1.0	0.1731	-71.58
YIL120W_mRNA	76	557.3	63.97	57.0	21.74	42.24	0.9605	0.1463	-20.5
YIL121W_mRNA	51	593.9	39.61	13.0	1.71	37.9	1.0	0.0808	-36.2
YIL122W_mRNA	38	645.1	47.24	39.0	3.63	43.61	0.9737	0.0945	-39.97
YIL123W_mRNA	634	654.4	48.67	24.0	7.55	41.12	0.9905	0.1113	-33.57
YIL124W_mRNA	377	708.2	49.55	37.0	4.24	45.31	0.9867	0.0874	-41.07
YIL125W_mRNA	189	793.6	60.16	75.0	5.48	54.68	1.0	0.1145	-49.2
YIL126W_mRNA	85	674.2	40.79	14.0	1.27	39.52	0.9765	0.0775	-38.25
YIL127C_mRNA	296	559.2	47.81	20.0	2.32	45.49	0.9932	0.0927	-43.17
YIL128W_mRNA	139	1021.4	61.01	78.0	2.91	58.11	1.0	0.0939	-55.2
YIL129C_mRNA	124	672.0	57.43	52.0	1.48	55.94	1.0	0.1044	-54.46
YIL130W_mRNA	121	727.4	53.68	73.0	1.75	51.93	0.9587	0.1056	-50.17
YIL131C_mRNA	44	502.7	56.84	46.5	9.91	46.93	1.0	0.1415	-37.02
YIL132C_mRNA	21	479.2	84.14	92.0	16.67	67.48	1.0	0.2029	-50.81
YIL133C_mRNA	2962	557.7	43.17	14.0	3.27	39.9	0.9875	0.0855	-36.63
YIL134C-A_mRNA	29	258.6	83.79	88.0	1.17	82.62	1.0	0.2902	-81.45
YIL134W_mRNA	130	537.2	60.91	73.0	6.32	54.59	0.9846	0.1428	-48.28
YIL135C_mRNA	87	677.3	63.22	77.0	10.76	52.46	0.9885	0.1522	-41.7
YIL136W_mRNA	38	462.9	114.68	90.0	6.89	107.79	1.0	0.2395	-100.89
YIL137C_mRNA	131	755.5	51.31	20.0	3.54	47.76	0.9924	0.1029	-44.22
YIL138C_mRNA	522	660.1	49.71	24.0	1.91	47.8	0.9981	0.0802	-45.89
YIL139C_mRNA	307	528.5	49.61	52.0	4.91	44.7	0.9707	0.0989	-39.79
YIL140W_mRNA	76	614.1	46.97	18.0	2.82	44.16	1.0	0.0973	-41.34
YIL142W_mRNA	466	913.3	48.18	22.0	2.25	45.92	0.9828	0.0724	-43.67
YIL143C_mRNA	110	767.4	55.15	74.0	1.08	54.06	1.0	0.1017	-52.98
YIL144W_mRNA	69	780.5	58.71	73.0	2.26	56.45	0.9855	0.0946	-54.19
YIL145C_mRNA	250	629.2	48.88	67.0	3.87	45.01	0.996	0.0868	-41.14
YIL146C_mRNA	33	545.1	77.0	82.0	31.45	45.55	1.0	0.2457	-14.09
YIL147C_mRNA	89	817.7	161.34	184.0	2.65	158.69	1.0	0.2553	-156.03
YIL148W_mRNA	20328	470.1	48.89	30.5	2.39	46.51	0.9967	0.1001	-44.12
YIL149C_mRNA	79	553.0	50.86	47.0	3.92	46.94	0.9873	0.1025	-43.01
YIL150C_mRNA	7	543.7	188.43	140.0	1.71	186.71	1.0	0.3124	-185.0
YIL151C_mRNA	98	844.2	73.18	73.5	18.42	54.77	0.9796	0.1371	-36.35
YIL152W_mRNA	82	524.5	66.84	74.0	2.46	64.38	0.9756	0.1387	-61.91
YIL153W_mRNA	70	747.8	45.7	33.0	2.39	43.31	1.0	0.0839	-40.93
YIL154C_mRNA	119	681.5	57.71	70.0	2.53	55.18	0.9916	0.0995	-52.66
YIL155C_mRNA	88	574.6	76.48	75.0	4.76	71.72	1.0	0.1342	-66.95
YIL156W-B_mRNA	652	344.1	52.36	61.0	6.25	46.11	0.9985	0.1444	-39.85
YIL156W_mRNA	71	768.5	87.97	84.0	1.7	86.27	1.0	0.1467	-84.56
YIL157C_mRNA	271	616.9	53.55	71.0	2.19	51.36	0.9963	0.0988	-49.17
YIL158W_mRNA	176	598.2	47.8	55.5	5.11	42.69	0.9602	0.081	-37.58
YIL159W_mRNA	42	620.2	53.83	53.0	2.31	51.52	0.9762	0.1381	-49.21
YIL161W_mRNA	119	549.3	52.93	18.0	1.94	50.99	0.9832	0.1032	-49.05
YIL162W_mRNA	111	862.4	80.91	78.0	33.05	47.86	0.991	0.171	-14.8
YIL163C_mRNA	33	758.2	412.12	138.0	343.06	69.06	1.0	0.3615	274.0
YIL164C_mRNA	80	650.0	115.92	74.5	42.11	73.81	1.0	0.2187	-31.7
YIL165C_mRNA	95	630.7	47.29	62.0	2.21	45.08	1.0	0.0909	-42.87
YIL166C_mRNA	33	754.0	289.58	145.0	1.88	287.7	1.0	0.3512	-285.82
YIL167W_mRNA	42	786.9	232.64	271.0	13.71	218.93	1.0	0.2895	-205.21
YIL169C_mRNA	323	450.0	221.62	198.0	118.07	103.55	0.9969	0.5212	14.51
YIL172C_mRNA	20	548.0	87.8	86.5	10.1	77.7	1.0	0.1708	-67.6
YIL173W_mRNA	54	819.9	133.87	82.0	3.59	130.28	1.0	0.2045	-126.69
YIL177C_mRNA	56	600.6	54.41	63.0	4.71	49.7	0.9821	0.1191	-44.98
YIL177W-A_mRNA	26	400.8	33.88	11.5	0.62	33.27	1.0	0.1055	-32.65
YIR001C_mRNA	102	647.6	67.4	75.0	3.05	64.35	1.0	0.1296	-61.3
YIR002C_mRNA	170	557.5	76.74	74.0	31.51	45.23	0.9941	0.1979	-13.72
YIR003W_mRNA	50	759.4	55.34	65.5	2.02	53.32	1.0	0.1128	-51.3
YIR004W_mRNA	114	697.4	42.66	11.0	3.36	39.3	1.0	0.0786	-35.94
YIR005W_mRNA	120	455.7	51.02	32.0	4.66	46.37	0.9917	0.1117	-41.71
YIR006C_mRNA	163	689.4	42.96	13.0	3.4	39.56	0.9877	0.0793	-36.15
YIR007W_mRNA	18	710.3	33.56	12.0	0.61	32.94	1.0	0.0661	-32.33
YIR008C_mRNA	115	638.2	46.83	61.0	2.57	44.26	0.9913	0.0991	-41.69
YIR009W_mRNA	51	525.4	40.76	16.0	2.65	38.12	0.9608	0.0962	-35.47
YIR010W_mRNA	48	563.9	58.65	75.5	1.98	56.67	1.0	0.1427	-54.69
YIR011C_mRNA	235	705.2	54.9	73.0	2.12	52.78	1.0	0.099	-50.66
YIR012W_mRNA	314	798.9	44.85	20.5	1.95	42.9	0.965	0.0726	-40.95
YIR016W_mRNA	58	653.5	48.43	35.5	7.6	40.83	1.0	0.0913	-33.22
YIR017C_mRNA	35	515.9	42.2	17.0	1.49	40.71	1.0	0.0884	-39.23
YIR017W-A_mRNA	55	506.9	49.15	62.0	1.47	47.67	0.9818	0.1044	-46.2
YIR018C-A_mRNA	143	553.5	63.97	38.0	21.9	42.07	0.993	0.1151	-20.17
YIR018W_mRNA	24	401.4	44.25	30.0	2.96	41.29	1.0	0.1524	-38.33
YIR020C-B_mRNA	14	630.9	39.29	15.0	0.86	38.43	1.0	0.0687	-37.57
YIR020C_mRNA	38	629.5	55.53	65.5	9.18	46.34	0.9737	0.1023	-37.16
YIR021W_mRNA	26	505.5	39.23	19.5	4.46	34.77	1.0	0.0968	-30.31
YIR022W_mRNA	235	530.2	40.91	16.0	1.89	39.03	0.9532	0.0813	-37.14
YIR023C-A_mRNA	41	395.5	50.46	67.0	2.85	47.61	1.0	0.1378	-44.76
YIR023W_mRNA	17	1242.7	99.71	79.0	5.59	94.12	1.0	0.1237	-88.53
YIR024C_mRNA	55	442.4	44.04	21.0	1.8	42.24	1.0	0.1049	-40.44
YIR025W_mRNA	13	484.0	57.0	16.0	4.0	53.0	1.0	0.1255	-49.0
YIR026C_mRNA	199	662.3	44.1	11.0	6.16	37.93	1.0	0.0756	-31.77
YIR027C_mRNA	26	430.0	59.54	73.5	10.73	48.81	1.0	0.1679	-38.08
YIR028W_mRNA	32	619.1	140.53	129.0	2.38	138.16	1.0	0.2686	-135.78
YIR029W_mRNA	19	656.8	69.68	16.0	19.68	50.0	1.0	0.1327	-30.32
YIR030C_mRNA	89	642.2	52.96	28.0	3.62	49.34	1.0	0.0863	-45.72
YIR030W-A_mRNA	54	552.7	54.76	69.0	4.26	50.5	0.963	0.1048	-46.24
YIR031C_mRNA	89	1109.3	50.88	43.0	1.97	48.91	0.9888	0.076	-46.94
YIR032C_mRNA	126	577.3	43.32	14.5	2.21	41.1	1.0	0.0777	-38.89
YIR033W_mRNA	335	787.0	43.94	17.0	2.45	41.49	0.9881	0.0776	-39.04
YIR034C_mRNA	250	735.6	45.95	21.0	3.93	42.02	0.992	0.0785	-38.08
YIR035C_mRNA	366	621.0	50.52	31.5	2.48	48.04	0.9973	0.0965	-45.57
YIR036C_mRNA	23	689.6	59.78	79.0	6.83	52.96	0.9565	0.0996	-46.13
YIR036W-A_mRNA	24	567.3	53.21	71.5	1.58	51.62	1.0	0.0928	-50.04
YIR037W_mRNA	392	517.5	45.51	22.0	2.73	42.78	0.9949	0.0919	-40.05
YIR038C_mRNA	94	562.6	56.16	61.0	2.97	53.19	1.0	0.1172	-50.22
YIR039C_mRNA	67	868.8	60.19	70.0	3.34	56.85	1.0	0.1048	-53.51
YIR041W_mRNA	14	479.3	71.36	53.5	17.71	53.64	1.0	0.1561	-35.93
YIR042C_mRNA	89	651.3	91.7	76.0	3.17	88.53	0.9551	0.1578	-85.36
YIR043C_mRNA	15	528.7	285.13	297.0	4.4	280.73	1.0	0.5364	-276.33
YJL001W_mRNA	454	611.5	65.13	76.5	3.91	61.22	0.9956	0.1188	-57.32
YJL002C_mRNA	706	728.8	49.74	64.5	2.68	47.06	0.9901	0.0883	-44.38
YJL003W_mRNA	150	458.9	49.33	36.5	3.47	45.87	0.9933	0.1131	-42.4
YJL004C_mRNA	208	582.7	50.17	62.0	4.61	45.56	0.9952	0.096	-40.96
YJL005W_mRNA	119	718.0	60.24	72.0	2.45	57.78	1.0	0.1132	-55.33
YJL006C_mRNA	101	691.7	74.76	84.0	21.98	52.78	0.9901	0.1772	-30.8
YJL008C_mRNA	400	867.3	47.62	21.0	2.27	45.35	0.9975	0.0805	-43.08
YJL009W_mRNA	271	592.3	46.37	19.0	2.58	43.79	1.0	0.0914	-41.21
YJL010C_mRNA	229	762.3	50.66	20.0	1.88	48.77	0.9956	0.0855	-46.89
YJL011C_mRNA	232	534.4	45.87	16.5	4.25	41.61	1.0	0.0904	-37.36
YJL012C_mRNA	672	844.7	47.96	20.0	2.6	45.36	0.9896	0.083	-42.76
YJL013C_mRNA	51	726.2	92.18	92.0	5.25	86.92	1.0	0.1509	-81.67
YJL014W_mRNA	650	853.6	50.7	46.0	2.58	48.12	0.9954	0.0846	-45.53
YJL015C_mRNA	79	420.8	46.9	24.0	5.0	41.9	0.9747	0.116	-36.9
YJL016W_mRNA	154	835.4	50.25	30.0	7.02	43.23	0.987	0.0749	-36.21
YJL019W_mRNA	31	717.2	31.81	12.0	1.77	30.03	1.0	0.0754	-28.26
YJL020C_mRNA	208	656.5	52.91	27.5	3.81	49.11	0.9952	0.1091	-45.3
YJL022W_mRNA	74	527.8	64.55	75.5	2.22	62.34	0.9865	0.1453	-60.12
YJL023C_mRNA	53	595.5	54.25	18.0	6.42	47.83	0.9811	0.1034	-41.42
YJL024C_mRNA	127	577.8	52.8	70.0	2.61	50.18	1.0	0.1025	-47.57
YJL025W_mRNA	28	648.9	47.25	35.0	0.93	46.32	1.0	0.1033	-45.39
YJL026C-A_mRNA	541	732.4	49.64	62.0	3.21	46.43	0.9963	0.0933	-43.22
YJL026W_mRNA	212	894.0	54.15	67.5	2.21	51.94	0.9953	0.0814	-49.73
YJL027C_mRNA	10	417.9	51.7	49.5	1.6	50.1	1.0	0.1211	-48.5
YJL029C_mRNA	113	529.5	61.32	57.0	21.98	39.34	1.0	0.1717	-17.35
YJL030W_mRNA	166	640.2	161.07	159.0	2.58	158.49	0.994	0.2663	-155.9
YJL031C_mRNA	63	747.6	55.56	39.0	3.57	51.98	0.9841	0.0954	-48.41
YJL032W_mRNA	88	630.1	64.56	74.0	9.5	55.06	1.0	0.1092	-45.56
YJL033W_mRNA	103	537.4	59.33	67.0	10.69	48.64	0.9903	0.1423	-37.95
YJL034W_mRNA	3976	751.2	46.46	19.0	2.55	43.91	0.9914	0.0861	-41.35
YJL035C_mRNA	82	496.7	54.29	23.0	2.62	51.67	1.0	0.1142	-49.05
YJL036W_mRNA	139	660.7	46.67	13.0	1.68	44.99	1.0	0.0869	-43.32
YJL037W_mRNA	18	317.2	136.06	118.0	0.67	135.39	1.0	0.4501	-134.72
YJL038C_mRNA	18	553.5	96.61	81.0	28.33	68.28	1.0	0.2191	-39.94
YJL039C_mRNA	321	768.9	52.07	58.0	2.68	49.39	0.9938	0.0949	-46.71
YJL041W_mRNA	261	797.8	59.01	74.0	6.79	52.21	1.0	0.1038	-45.42
YJL042W_mRNA	116	731.6	47.66	19.0	2.46	45.21	1.0	0.0979	-42.75
YJL044C_mRNA	90	773.1	61.9	76.0	5.27	56.63	1.0	0.1274	-51.37
YJL045W_mRNA	14	442.0	150.14	144.0	95.5	54.64	0.9286	0.3508	40.86
YJL046W_mRNA	81	807.8	47.43	12.0	2.47	44.96	0.9877	0.0625	-42.49
YJL047C-A_mRNA	74	313.0	59.88	30.5	3.86	56.01	1.0	0.1698	-52.15
YJL047C_mRNA	49	1089.9	60.37	61.0	16.04	44.33	0.9796	0.112	-28.29
YJL048C_mRNA	301	721.0	52.36	65.0	2.82	49.53	0.9934	0.0901	-46.71
YJL049W_mRNA	33	699.0	32.09	10.0	1.82	30.27	1.0	0.0588	-28.45
YJL050W_mRNA	353	711.7	46.73	15.0	1.8	44.93	0.9943	0.0861	-43.13
YJL051W_mRNA	67	549.1	57.43	77.0	5.06	52.37	1.0	0.1559	-47.31
YJL052W_mRNA	1429	730.9	43.82	20.0	3.49	40.33	0.9951	0.0815	-36.83
YJL053W_mRNA	118	707.9	51.21	46.5	4.5	46.71	1.0	0.1018	-42.21
YJL054W_mRNA	105	619.0	47.63	14.0	4.13	43.5	1.0	0.0847	-39.36
YJL055W_mRNA	184	595.9	49.29	63.5	1.67	47.62	0.9946	0.0963	-45.95
YJL056C_mRNA	50	649.7	63.26	51.5	2.1	61.16	1.0	0.1105	-59.06
YJL057C_mRNA	106	747.5	71.16	78.0	8.07	63.09	0.9906	0.1324	-55.03
YJL058C_mRNA	41	736.8	78.02	79.0	5.61	72.41	1.0	0.1224	-66.8
YJL059W_mRNA	63	552.0	81.62	70.0	3.16	78.46	1.0	0.164	-75.3
YJL060W_mRNA	129	776.3	45.26	26.0	2.02	43.23	1.0	0.0795	-41.21
YJL061W_mRNA	175	839.9	101.61	63.0	11.46	90.14	1.0	0.1332	-78.68
YJL062W-A_mRNA	128	393.9	41.05	17.0	5.26	35.79	1.0	0.1045	-30.53
YJL062W_mRNA	102	786.8	64.59	78.5	2.58	62.01	1.0	0.1227	-59.43
YJL063C_mRNA	56	571.6	49.91	41.5	3.43	46.48	1.0	0.0967	-43.05
YJL064W_mRNA	27	506.4	36.85	11.0	0.3	36.56	0.9259	0.0723	-36.26
YJL065C_mRNA	49	481.2	34.49	9.0	1.24	33.24	0.9796	0.0765	-32.0
YJL066C_mRNA	96	545.3	44.58	18.0	2.27	42.31	1.0	0.0973	-40.04
YJL068C_mRNA	118	581.6	47.09	39.0	4.61	42.48	0.9915	0.0974	-37.87
YJL069C_mRNA	136	733.3	49.68	44.0	3.23	46.45	1.0	0.0922	-43.22
YJL070C_mRNA	79	701.2	66.44	21.0	2.53	63.91	0.9494	0.1257	-61.38
YJL071W_mRNA	78	794.2	55.37	69.5	2.44	52.94	1.0	0.0937	-50.5
YJL072C_mRNA	233	633.4	50.06	61.0	1.92	48.15	0.9871	0.092	-46.23
YJL073W_mRNA	62	710.6	44.58	28.0	3.24	41.34	0.9355	0.0992	-38.1
YJL074C_mRNA	151	866.6	53.36	62.0	4.62	48.75	0.9934	0.0889	-44.13
YJL075C_mRNA	91	602.3	62.11	71.0	2.03	60.08	1.0	0.1323	-58.04
YJL076W_mRNA	83	894.0	46.89	15.0	2.98	43.92	0.9398	0.0838	-40.94
YJL077C_mRNA	10	355.3	21.5	14.5	8.5	13.0	1.0	0.0576	-4.5
YJL077W-A_mRNA	12	571.8	67.25	43.0	17.17	50.08	1.0	0.1031	-32.92
YJL077W-B_mRNA	18	437.4	36.83	13.0	1.56	35.28	1.0	0.1205	-33.72
YJL078C_mRNA	120	736.5	58.18	72.0	4.22	53.96	1.0	0.1026	-49.74
YJL079C_mRNA	96	662.7	57.73	71.5	3.78	53.95	0.9896	0.1237	-50.17
YJL080C_mRNA	391	913.9	54.1	51.0	2.03	52.07	0.9898	0.0967	-50.04
YJL081C_mRNA	131	685.8	39.4	13.0	3.32	36.08	0.9924	0.0695	-32.76
YJL082W_mRNA	182	867.9	44.87	20.0	2.64	42.23	0.9725	0.0782	-39.59
YJL083W_mRNA	29	693.4	53.38	72.0	1.86	51.52	1.0	0.0976	-49.66
YJL084C_mRNA	64	710.7	46.52	17.0	2.11	44.41	1.0	0.1049	-42.3
YJL085W_mRNA	97	580.0	41.11	15.0	4.55	36.57	0.9794	0.0837	-32.02
YJL087C_mRNA	66	860.4	55.8	26.0	2.15	53.65	1.0	0.0861	-51.5
YJL088W_mRNA	127	589.0	50.24	66.0	3.5	46.73	0.9843	0.1067	-43.23
YJL089W_mRNA	185	569.5	51.15	68.0	2.75	48.39	0.9838	0.1034	-45.64
YJL090C_mRNA	61	633.2	54.38	65.0	2.56	51.82	1.0	0.1068	-49.26
YJL091C_mRNA	157	868.5	57.48	69.0	1.42	56.06	0.9873	0.0973	-54.64
YJL092W_mRNA	67	511.9	44.37	19.0	2.07	42.3	0.9851	0.1089	-40.22
YJL093C_mRNA	89	960.0	78.81	87.0	3.67	75.13	0.9888	0.1406	-71.46
YJL094C_mRNA	150	767.3	52.89	70.0	2.25	50.65	0.98	0.0961	-48.4
YJL095W_mRNA	60	775.2	60.47	73.0	3.42	57.05	1.0	0.1319	-53.63
YJL096W_mRNA	263	533.6	48.5	18.0	4.62	43.88	1.0	0.0921	-39.26
YJL097W_mRNA	237	592.6	42.31	24.0	1.93	40.38	0.9747	0.0796	-38.45
YJL098W_mRNA	52	505.6	35.88	10.0	3.73	32.15	0.9423	0.087	-28.42
YJL099W_mRNA	100	728.0	49.85	39.5	2.79	47.06	0.98	0.0764	-44.27
YJL100W_mRNA	89	521.5	78.75	77.0	24.79	53.97	1.0	0.2164	-29.18
YJL101C_mRNA	370	745.6	48.35	36.0	3.2	45.15	0.9784	0.0918	-41.95
YJL102W_mRNA	53	699.7	44.81	20.0	3.13	41.68	1.0	0.0864	-38.55
YJL103C_mRNA	36	625.6	59.86	70.0	2.92	56.94	1.0	0.1247	-54.03
YJL104W_mRNA	298	519.5	59.33	46.5	11.51	47.82	0.9933	0.123	-36.31
YJL105W_mRNA	54	545.4	86.2	80.0	37.83	48.37	1.0	0.1663	-10.54
YJL106W_mRNA	30	558.6	47.23	16.5	5.27	41.97	0.9667	0.1021	-36.7
YJL108C_mRNA	45	898.4	101.78	76.0	27.49	74.29	1.0	0.1258	-46.8
YJL109C_mRNA	228	964.8	46.09	27.0	1.44	44.64	0.9868	0.0753	-43.2
YJL110C_mRNA	62	679.2	39.77	12.0	4.32	35.45	0.9839	0.0869	-31.13
YJL111W_mRNA	570	715.5	50.43	58.0	1.98	48.45	0.9895	0.0915	-46.48
YJL112W_mRNA	76	621.3	51.2	68.0	2.91	48.29	1.0	0.1095	-45.38
YJL113W_mRNA	29	1319.3	301.83	413.0	3.28	298.55	1.0	0.2347	-295.28
YJL114W_mRNA	5	464.8	134.6	144.0	0.6	134.0	1.0	0.2666	-133.4
YJL115W_mRNA	19	334.7	91.11	50.0	16.42	74.68	0.8947	0.2219	-58.26
YJL116C_mRNA	53	429.3	142.36	135.0	92.32	50.04	0.9811	0.3803	42.28
YJL117W_mRNA	572	655.2	55.18	73.0	2.45	52.73	0.979	0.1023	-50.28
YJL118W_mRNA	30	518.7	69.2	80.0	4.47	64.73	1.0	0.1617	-60.27
YJL119C_mRNA	8	496.1	50.12	48.5	3.62	46.5	1.0	0.1129	-42.88
YJL120W_mRNA	168	505.7	48.18	30.0	1.75	46.43	0.9881	0.1089	-44.68
YJL121C_mRNA	127	569.6	49.09	35.0	3.16	45.93	0.9921	0.0898	-42.77
YJL122W_mRNA	227	452.6	37.25	12.0	2.19	35.07	0.9956	0.089	-32.88
YJL123C_mRNA	160	655.5	42.76	11.5	4.23	38.53	0.9625	0.0783	-34.3
YJL124C_mRNA	372	503.4	55.77	57.5	2.62	53.15	0.9946	0.1272	-50.53
YJL125C_mRNA	104	561.7	41.3	12.0	1.44	39.86	0.9808	0.0919	-38.41
YJL126W_mRNA	95	666.7	65.83	76.0	3.4	62.43	0.9895	0.1091	-59.03
YJL127C-B_mRNA	301	461.7	50.91	40.0	2.69	48.22	0.9834	0.1084	-45.53
YJL127C_mRNA	69	820.2	61.52	70.0	1.83	59.7	0.9855	0.0926	-57.87
YJL128C_mRNA	199	723.5	70.83	76.0	16.54	54.3	0.995	0.1412	-37.76
YJL129C_mRNA	214	605.6	45.54	19.0	6.79	38.75	0.9813	0.0871	-31.97
YJL130C_mRNA	617	726.3	61.97	62.0	8.59	53.38	0.9935	0.1255	-44.79
YJL131C_mRNA	68	651.8	70.5	66.5	5.04	65.46	1.0	0.1237	-60.41
YJL132W_mRNA	45	671.9	54.98	72.0	9.53	45.44	1.0	0.1014	-35.91
YJL133C-A_mRNA	199	397.6	50.34	57.0	5.72	44.61	1.0	0.123	-38.89
YJL133W_mRNA	155	561.7	49.06	20.0	3.19	45.86	0.9935	0.1059	-42.67
YJL134W_mRNA	77	821.3	52.71	26.0	1.06	51.65	0.987	0.0806	-50.58
YJL136C_mRNA	10412	431.0	52.0	57.0	8.55	43.45	0.9857	0.1136	-34.9
YJL137C_mRNA	29	639.5	40.52	15.0	0.41	40.1	0.9655	0.0878	-39.69
YJL138C_mRNA	3037	776.6	54.1	70.0	3.02	51.08	0.9881	0.0916	-48.06
YJL139C_mRNA	207	597.6	43.49	14.0	2.43	41.07	0.9903	0.0879	-38.64
YJL140W_mRNA	171	543.7	44.98	21.0	2.76	42.22	0.9825	0.0947	-39.46
YJL141C_mRNA	58	834.1	63.22	80.0	4.69	58.53	1.0	0.1176	-53.84
YJL142C_mRNA	150	548.2	56.63	69.0	4.22	52.41	0.9933	0.1307	-48.19
YJL143W_mRNA	273	629.3	51.81	69.0	3.28	48.53	0.9927	0.0943	-45.25
YJL144W_mRNA	755	472.1	48.85	27.0	3.02	45.83	0.9987	0.1091	-42.82
YJL145W_mRNA	214	664.3	53.21	70.0	2.1	51.11	0.9953	0.0945	-49.01
YJL146W_mRNA	77	576.2	62.03	63.0	14.9	47.13	1.0	0.1068	-32.23
YJL147C_mRNA	60	622.9	55.17	73.0	7.2	47.97	0.9833	0.1269	-40.77
YJL148W_mRNA	328	467.8	30.92	9.0	1.67	29.26	0.8994	0.078	-27.59
YJL149W_mRNA	48	635.6	106.1	78.5	53.77	52.33	1.0	0.2354	1.44
YJL151C_mRNA	268	485.1	69.12	76.0	6.7	62.42	1.0	0.1396	-55.72
YJL152W_mRNA	192	459.4	50.24	48.0	4.65	45.59	0.9948	0.109	-40.95
YJL153C_mRNA	40	557.0	56.5	73.5	1.6	54.9	1.0	0.1398	-53.3
YJL154C_mRNA	309	821.8	60.63	72.0	3.37	57.27	0.9773	0.0994	-53.9
YJL155C_mRNA	170	816.2	60.31	44.0	12.06	48.25	1.0	0.0964	-36.19
YJL156C_mRNA	99	932.1	57.58	70.0	2.12	55.45	0.9899	0.0821	-53.33
YJL156W-A_mRNA	41	455.8	59.17	68.0	2.93	56.24	1.0	0.1278	-53.32
YJL157C_mRNA	101	547.8	48.64	63.0	1.48	47.17	1.0	0.1063	-45.69
YJL158C_mRNA	2298	584.8	49.07	64.0	4.03	45.04	0.9909	0.0989	-41.01
YJL159W_mRNA	2535	730.9	59.66	75.0	3.23	56.43	0.9984	0.1101	-53.19
YJL160C_mRNA	18	620.8	53.67	72.0	2.28	51.39	1.0	0.0884	-49.11
YJL161W_mRNA	131	522.7	51.02	54.0	5.47	45.54	1.0	0.1048	-40.07
YJL162C_mRNA	61	719.9	81.67	83.0	5.49	76.18	1.0	0.1605	-70.69
YJL163C_mRNA	42	642.1	104.14	77.0	1.83	102.31	1.0	0.189	-100.48
YJL164C_mRNA	79	730.0	54.19	54.0	3.63	50.56	1.0	0.0971	-46.92
YJL165C_mRNA	341	757.4	63.63	71.0	12.92	50.71	0.9883	0.1255	-37.79
YJL166W_mRNA	1151	465.8	48.84	23.0	2.2	46.63	0.9983	0.103	-44.43
YJL167W_mRNA	993	656.4	45.3	16.0	2.29	43.02	0.995	0.09	-40.73
YJL168C_mRNA	72	649.6	53.42	70.0	1.58	51.83	1.0	0.1038	-50.25
YJL169W_mRNA	24	300.2	44.42	32.0	2.12	42.29	1.0	0.1484	-40.17
YJL171C_mRNA	419	702.9	50.77	67.0	2.65	48.12	0.9761	0.096	-45.47
YJL172W_mRNA	175	556.7	52.23	52.0	2.62	49.61	0.9943	0.1186	-46.99
YJL173C_mRNA	420	451.3	39.88	13.0	2.12	37.76	0.9286	0.0855	-35.64
YJL174W_mRNA	417	625.4	46.03	19.0	2.42	43.6	0.9904	0.0904	-41.18
YJL175W_mRNA	87	713.4	61.2	77.0	1.45	59.75	1.0	0.101	-58.3
YJL176C_mRNA	34	647.2	48.62	15.0	0.97	47.65	1.0	0.0898	-46.68
YJL177W_mRNA	2526	543.7	41.47	11.0	2.35	39.12	0.9818	0.0844	-36.78
YJL178C_mRNA	258	648.1	50.97	32.0	4.48	46.49	1.0	0.0888	-42.01
YJL179W_mRNA	641	481.2	41.87	12.0	2.33	39.54	0.9626	0.0871	-37.21
YJL180C_mRNA	99	672.6	53.46	63.0	3.05	50.41	1.0	0.1011	-47.36
YJL181W_mRNA	60	697.5	47.13	24.5	1.58	45.55	1.0	0.0785	-43.97
YJL183W_mRNA	313	758.9	44.2	24.0	2.65	41.55	0.9712	0.0707	-38.9
YJL184W_mRNA	19	398.9	44.68	13.0	1.68	43.0	0.9474	0.1077	-41.32
YJL185C_mRNA	20	513.4	77.25	78.5	3.45	73.8	1.0	0.1658	-70.35
YJL186W_mRNA	293	842.2	46.13	21.0	1.91	44.22	0.9727	0.0824	-42.3
YJL187C_mRNA	67	761.8	67.64	76.0	3.39	64.25	1.0	0.129	-60.87
YJL188C_mRNA	1826	294.6	56.83	49.0	13.0	43.83	0.9901	0.1757	-30.83
YJL189W_mRNA	21592	332.4	43.78	19.0	1.08	42.7	0.9989	0.1215	-41.62
YJL190C_mRNA	15079	525.9	44.32	17.0	1.67	42.65	0.9935	0.0837	-40.99
YJL191W_mRNA	961	472.4	52.59	11.0	19.56	33.02	0.9792	0.099	-13.46
YJL192C_mRNA	265	564.1	41.12	13.0	4.47	36.65	0.9887	0.0822	-32.18
YJL193W_mRNA	73	557.5	56.82	76.0	3.38	53.44	1.0	0.1285	-50.05
YJL194W_mRNA	18	602.8	48.67	70.5	1.44	47.22	1.0	0.0853	-45.78
YJL196C_mRNA	404	769.3	56.36	74.5	1.88	54.48	0.9926	0.0864	-52.6
YJL197W_mRNA	39	691.6	45.72	27.0	1.67	44.05	0.9744	0.0952	-42.38
YJL198W_mRNA	217	775.2	59.08	75.0	3.56	55.52	0.9908	0.1029	-51.95
YJL199C_mRNA	27	504.4	88.7	69.0	34.78	53.93	1.0	0.1689	-19.15
YJL200C_mRNA	836	705.8	54.07	64.0	2.22	51.86	0.994	0.1027	-49.64
YJL201W_mRNA	60	591.2	58.1	38.0	6.93	51.17	1.0	0.1253	-44.23
YJL202C_mRNA	16	627.9	36.06	12.5	4.5	31.56	1.0	0.0583	-27.06
YJL203W_mRNA	32	538.5	36.69	9.0	7.12	29.56	0.9062	0.0866	-22.44
YJL204C_mRNA	48	744.5	60.73	76.0	5.9	54.83	0.9792	0.1066	-48.94
YJL205C_mRNA	134	364.1	85.81	80.0	24.42	61.4	1.0	0.2268	-36.98
YJL206C_mRNA	21	696.0	60.14	67.0	8.1	52.05	1.0	0.1248	-43.95
YJL207C_mRNA	170	743.1	57.41	74.0	3.04	54.37	0.9941	0.1037	-51.34
YJL208C_mRNA	211	579.4	47.12	16.0	2.76	44.36	0.9953	0.0954	-41.6
YJL209W_mRNA	57	728.4	47.98	64.0	1.54	46.44	1.0	0.0954	-44.89
YJL210W_mRNA	45	737.2	53.4	72.0	1.56	51.84	0.9778	0.0827	-50.29
YJL211C_mRNA	51	699.2	46.45	31.0	2.43	44.02	0.9608	0.0711	-41.59
YJL212C_mRNA	228	727.8	59.14	73.0	2.73	56.41	0.9956	0.1134	-53.68
YJL213W_mRNA	123	545.7	58.94	40.0	4.15	54.79	0.9837	0.1331	-50.63
YJL214W_mRNA	23	740.9	604.61	546.0	15.3	589.3	1.0	0.802	-574.0
YJL216C_mRNA	21	849.0	144.95	116.0	45.76	99.19	1.0	0.1635	-53.43
YJL217W_mRNA	209	594.9	44.88	22.0	2.22	42.66	0.9856	0.0839	-40.44
YJL218W_mRNA	36	511.2	58.75	69.5	8.08	50.67	0.9722	0.1343	-42.58
YJL219W_mRNA	7	647.6	202.29	207.0	3.43	198.86	1.0	0.4204	-195.43
YJL221C_mRNA	47	579.2	131.77	90.0	55.94	75.83	1.0	0.2458	-19.89
YJL222W_mRNA	78	711.5	130.86	125.5	4.95	125.91	0.9872	0.2644	-120.96
YJL223C_mRNA	5	431.0	189.0	187.0	40.0	149.0	1.0	0.4377	-109.0
YJL225C_mRNA	47	587.8	67.62	61.0	2.4	65.21	1.0	0.1109	-62.81
YJL225W-A_mRNA	24	494.5	28.42	10.0	0.29	28.12	1.0	0.0565	-27.83
YJR001W_mRNA	259	652.0	55.8	71.0	3.08	52.72	0.9961	0.1146	-49.64
YJR002W_mRNA	215	571.0	47.4	26.0	2.99	44.41	0.9953	0.1021	-41.42
YJR003C_mRNA	123	736.2	50.68	13.0	5.85	44.83	0.9837	0.09	-38.98
YJR004C_mRNA	627	719.2	97.3	93.0	9.74	87.55	0.9984	0.2032	-77.81
YJR005W_mRNA	129	765.9	56.29	72.0	3.88	52.41	0.9922	0.1119	-48.53
YJR006W_mRNA	104	633.6	39.62	13.0	2.44	37.18	0.9904	0.085	-34.74
YJR007W_mRNA	602	689.2	51.59	65.5	3.92	47.68	0.9817	0.0904	-43.76
YJR008W_mRNA	210	524.5	47.47	22.0	2.82	44.65	1.0	0.1448	-41.82
YJR009C_mRNA	10375	676.8	49.71	64.0	2.44	47.26	0.9943	0.0949	-44.82
YJR010C-A_mRNA	237	478.6	44.78	21.0	2.95	41.84	0.9873	0.1028	-38.89
YJR010W_mRNA	29	553.6	48.93	64.0	2.62	46.31	0.931	0.1116	-43.69
YJR011C_mRNA	149	638.4	75.42	77.0	3.27	72.15	1.0	0.1521	-68.89
YJR012C_mRNA	131	444.4	79.18	83.0	20.76	58.41	0.9847	0.194	-37.65
YJR013W_mRNA	68	729.2	58.43	78.5	2.46	55.97	1.0	0.1087	-53.51
YJR014W_mRNA	298	568.6	44.93	19.0	1.67	43.25	1.0	0.0934	-41.58
YJR015W_mRNA	298	688.3	48.86	58.5	1.86	47.0	0.9899	0.0918	-45.15
YJR016C_mRNA	1562	822.1	48.98	37.0	2.64	46.34	0.9859	0.0852	-43.7
YJR017C_mRNA	69	518.9	40.1	13.0	1.7	38.41	1.0	0.0859	-36.71
YJR018W_mRNA	112	526.2	43.71	15.0	1.96	41.74	0.9911	0.0905	-39.78
YJR019C_mRNA	13	601.9	51.85	71.0	1.23	50.62	1.0	0.099	-49.38
YJR020W_mRNA	19	438.8	56.16	70.0	2.11	54.05	1.0	0.1482	-51.95
YJR021C_mRNA	29	506.5	50.17	58.0	2.45	47.72	1.0	0.1344	-45.28
YJR022W_mRNA	17	410.7	37.71	12.0	3.47	34.24	1.0	0.0833	-30.76
YJR023C_mRNA	175	566.6	48.31	22.0	3.34	44.97	1.0	0.093	-41.62
YJR024C_mRNA	76	748.1	59.34	22.5	15.71	43.63	1.0	0.073	-27.92
YJR025C_mRNA	540	526.6	43.24	16.5	2.74	40.5	0.9963	0.0868	-37.76
YJR027W_mRNA	657	1401.5	220.26	304.0	2.83	217.43	0.9756	0.1547	-214.61
YJR028W_mRNA	6	725.2	62.0	50.5	33.83	28.17	1.0	0.09	5.67
YJR029W_mRNA	2249	1219.4	305.76	331.0	3.11	302.66	0.9924	0.2957	-299.55
YJR030C_mRNA	181	352.8	63.98	21.0	18.35	45.64	0.989	0.208	-27.29
YJR031C_mRNA	52	722.5	62.33	75.5	3.02	59.31	0.9808	0.1305	-56.29
YJR032W_mRNA	162	715.5	34.41	8.0	2.86	31.55	0.963	0.0616	-28.69
YJR033C_mRNA	42	679.2	58.79	52.5	8.74	50.05	1.0	0.1096	-41.31
YJR034W_mRNA	100	442.2	59.11	73.5	3.89	55.22	0.98	0.1411	-51.33
YJR035W_mRNA	64	754.5	73.02	76.0	1.62	71.39	1.0	0.1392	-69.77
YJR036C_mRNA	48	737.9	61.96	68.0	8.77	53.19	1.0	0.1156	-44.42
YJR039W_mRNA	57	869.5	55.12	59.0	10.86	44.26	1.0	0.1025	-33.4
YJR040W_mRNA	114	713.2	54.78	31.5	5.51	49.27	0.9912	0.1056	-43.76
YJR041C_mRNA	138	827.6	68.76	72.5	3.67	65.09	1.0	0.129	-61.43
YJR042W_mRNA	212	870.7	49.51	51.5	1.81	47.7	0.9906	0.0732	-45.89
YJR043C_mRNA	58	615.8	49.9	36.0	2.86	47.03	1.0	0.0943	-44.17
YJR044C_mRNA	140	552.3	73.59	77.5	4.72	68.87	1.0	0.1426	-64.15
YJR045C_mRNA	2913	765.8	54.42	70.0	2.54	51.88	0.9931	0.1026	-49.33
YJR046W_mRNA	259	673.3	35.95	9.0	1.95	33.99	0.9614	0.0655	-32.04
YJR047C_mRNA	60	486.0	50.2	44.5	6.27	43.93	1.0	0.1188	-37.67
YJR048W_mRNA	626	499.0	42.99	21.0	2.5	40.49	0.9952	0.0849	-37.99
YJR049C_mRNA	147	617.6	51.41	68.0	3.81	47.6	0.9728	0.1415	-43.79
YJR050W_mRNA	131	641.2	44.04	22.0	2.27	41.76	0.9924	0.0822	-39.49
YJR051W_mRNA	132	745.9	52.31	23.0	2.19	50.12	0.9924	0.089	-47.93
YJR052W_mRNA	67	774.5	68.37	73.0	24.76	43.61	1.0	0.1494	-18.85
YJR053W_mRNA	14	518.1	114.79	76.5	0.71	114.07	1.0	0.175	-113.36
YJR054W_mRNA	90	750.9	76.57	74.0	12.31	64.26	1.0	0.1312	-51.94
YJR055W_mRNA	55	646.3	134.27	75.0	87.2	47.07	0.9818	0.1924	40.13
YJR056C_mRNA	88	600.5	42.9	18.5	2.65	40.25	1.0	0.0845	-37.6
YJR057W_mRNA	180	571.9	53.12	16.5	3.86	49.27	0.9778	0.1009	-45.41
YJR058C_mRNA	169	504.8	37.77	12.0	3.19	34.58	0.9941	0.0717	-31.39
YJR059W_mRNA	117	638.0	99.59	83.0	13.97	85.62	0.9829	0.1795	-71.66
YJR060W_mRNA	102	585.8	40.75	9.0	2.1	38.66	1.0	0.082	-36.56
YJR061W_mRNA	44	717.7	86.55	73.0	41.8	44.75	1.0	0.1185	-2.95
YJR062C_mRNA	63	677.1	55.37	58.0	3.43	51.94	0.9841	0.0951	-48.51
YJR063W_mRNA	234	458.0	51.56	68.0	3.1	48.46	0.9957	0.119	-45.36
YJR064W_mRNA	879	737.1	47.38	45.0	2.3	45.08	0.9932	0.0861	-42.79
YJR065C_mRNA	315	862.9	44.85	14.0	3.64	41.21	0.9778	0.0747	-37.57
YJR066W_mRNA	104	923.4	55.1	59.0	6.8	48.3	0.9904	0.0801	-41.5
YJR067C_mRNA	132	509.6	52.41	70.0	3.07	49.34	0.9848	0.1124	-46.27
YJR068W_mRNA	194	738.4	50.38	30.5	3.43	46.94	0.9742	0.0901	-43.51
YJR069C_mRNA	279	591.8	50.89	19.0	5.74	45.15	0.9892	0.0923	-39.42
YJR070C_mRNA	288	744.6	47.33	33.5	3.21	44.12	0.9931	0.0821	-40.91
YJR071W_mRNA	292	745.4	51.59	68.0	2.87	48.72	0.9966	0.0919	-45.85
YJR072C_mRNA	58	507.3	41.95	10.0	2.98	38.97	1.0	0.1219	-35.98
YJR073C_mRNA	513	578.0	78.79	79.0	2.7	76.09	0.9981	0.1562	-73.39
YJR074W_mRNA	175	582.1	68.09	56.0	2.17	65.92	1.0	0.1224	-63.75
YJR075W_mRNA	302	623.2	39.7	13.5	2.68	37.02	0.9934	0.0843	-34.34
YJR076C_mRNA	74	619.3	44.03	20.0	1.65	42.38	0.9865	0.0845	-40.73
YJR077C_mRNA	568	753.2	72.14	76.0	8.67	63.46	0.993	0.1336	-54.79
YJR078W_mRNA	11	934.9	152.27	178.0	2.18	150.09	1.0	0.1631	-147.91
YJR079W_mRNA	7	408.3	142.43	165.0	2.57	139.86	1.0	0.3491	-137.29
YJR080C_mRNA	166	650.3	56.96	62.5	5.72	51.24	0.994	0.1105	-45.52
YJR082C_mRNA	257	551.4	52.33	62.0	3.28	49.05	0.9922	0.0997	-45.77
YJR083C_mRNA	36	734.8	60.94	75.0	1.36	59.58	1.0	0.0978	-58.22
YJR084W_mRNA	58	932.4	48.74	20.0	5.53	43.21	0.9828	0.0682	-37.67
YJR085C_mRNA	844	426.6	49.57	63.0	3.27	46.3	0.9988	0.1136	-43.03
YJR086W_mRNA	29	327.4	65.55	76.0	4.48	61.07	0.9655	0.199	-56.59
YJR087W_mRNA	625	484.4	53.9	63.0	3.15	50.75	0.9952	0.1214	-47.6
YJR088C_mRNA	140	734.2	52.65	41.0	2.75	49.9	0.9929	0.091	-47.15
YJR089W_mRNA	47	613.8	50.74	21.0	1.17	49.57	1.0	0.1	-48.4
YJR090C_mRNA	95	792.1	61.98	72.0	2.67	59.31	0.9895	0.1101	-56.63
YJR091C_mRNA	92	1047.9	59.49	77.5	3.01	56.48	1.0	0.1081	-53.47
YJR092W_mRNA	87	594.0	47.95	15.0	1.9	46.06	1.0	0.0899	-44.16
YJR093C_mRNA	64	642.3	53.67	36.5	2.61	51.06	1.0	0.1015	-48.45
YJR094C_mRNA	21	694.0	67.95	87.0	1.71	66.24	1.0	0.1204	-64.52
YJR094W-A_mRNA	7237	423.0	45.12	19.0	3.14	41.98	0.9934	0.1023	-38.84
YJR096W_mRNA	201	753.0	57.97	70.0	1.91	56.06	1.0	0.0902	-54.15
YJR097W_mRNA	44	655.5	53.23	71.5	1.11	52.11	1.0	0.0796	-51.0
YJR098C_mRNA	28	553.7	64.54	63.5	8.25	56.29	1.0	0.1377	-48.04
YJR099W_mRNA	183	699.4	43.84	15.0	3.77	40.07	0.9836	0.0741	-36.3
YJR100C_mRNA	60	673.0	55.85	74.0	1.42	54.43	1.0	0.1051	-53.02
YJR101W_mRNA	319	736.2	50.83	24.0	3.71	47.12	0.9937	0.0789	-43.42
YJR102C_mRNA	115	633.2	69.04	55.0	3.17	65.88	1.0	0.1185	-62.71
YJR103W_mRNA	124	765.1	57.9	69.0	4.4	53.49	0.9839	0.1171	-49.09
YJR104C_mRNA	2262	505.2	46.54	18.0	2.4	44.14	0.9978	0.0955	-41.74
YJR105W_mRNA	1596	779.3	51.23	27.0	3.08	48.14	0.995	0.0788	-45.06
YJR106W_mRNA	17	772.8	94.29	72.0	2.76	91.53	1.0	0.17	-88.76
YJR107C-A_mRNA	167	425.7	67.49	65.0	2.78	64.71	1.0	0.1423	-61.93
YJR107W_mRNA	101	593.9	119.09	83.0	70.95	48.14	1.0	0.1838	22.81
YJR108W_mRNA	5	539.6	342.2	358.0	39.2	303.0	1.0	0.6458	-263.8
YJR109C_mRNA	963	821.2	50.61	19.0	7.35	43.27	0.9958	0.0948	-35.92
YJR110W_mRNA	55	659.4	52.35	66.0	2.78	49.56	1.0	0.1245	-46.78
YJR111C_mRNA	152	597.2	52.51	53.0	2.55	49.97	1.0	0.105	-47.42
YJR112W-A_mRNA	76	437.7	86.7	82.0	39.29	47.41	0.9737	0.1845	-8.12
YJR112W_mRNA	24	394.8	50.04	17.0	15.75	34.29	1.0	0.1378	-18.54
YJR113C_mRNA	33	674.6	50.45	18.0	8.76	41.7	1.0	0.0945	-32.94
YJR114W_mRNA	46	634.6	41.17	11.0	2.13	39.04	1.0	0.0711	-36.91
YJR115W_mRNA	41	522.6	68.95	81.0	11.54	57.41	1.0	0.1621	-45.88
YJR116W_mRNA	86	651.6	56.16	64.5	4.67	51.49	0.9884	0.1044	-46.81
YJR117W_mRNA	311	682.7	51.35	65.0	1.95	49.39	0.9775	0.1007	-47.44
YJR118C_mRNA	276	584.5	51.2	22.5	3.45	47.75	0.9928	0.0912	-44.3
YJR119C_mRNA	33	548.6	79.24	76.0	28.67	50.58	1.0	0.1547	-21.91
YJR121W_mRNA	1472	735.0	44.44	17.0	3.06	41.38	0.9925	0.0842	-38.32
YJR122W_mRNA	84	658.1	57.35	71.0	1.25	56.1	0.9643	0.1182	-54.85
YJR123W_mRNA	8955	632.1	42.53	13.0	2.36	40.18	0.9531	0.0756	-37.82
YJR124C_mRNA	98	654.3	48.88	39.5	4.02	44.86	1.0	0.0955	-40.84
YJR125C_mRNA	101	754.6	56.85	74.0	6.3	50.55	0.9901	0.1036	-44.26
YJR126C_mRNA	169	774.5	58.07	46.0	2.2	55.86	1.0	0.1168	-53.66
YJR127C_mRNA	86	655.7	56.03	70.5	1.86	54.17	0.9884	0.1114	-52.31
YJR129C_mRNA	121	432.4	59.18	41.0	1.93	57.25	1.0	0.1548	-55.31
YJR130C_mRNA	190	869.6	48.89	64.0	3.14	45.76	0.9789	0.0851	-42.62
YJR131W_mRNA	87	763.3	43.33	13.0	5.94	37.39	1.0	0.0782	-31.45
YJR132W_mRNA	174	850.3	49.76	24.0	5.94	43.82	0.9885	0.0698	-37.89
YJR133W_mRNA	220	529.4	48.22	22.0	1.95	46.26	1.0	0.101	-44.31
YJR134C_mRNA	108	802.4	41.03	14.0	1.71	39.31	0.9815	0.0763	-37.6
YJR135C_mRNA	57	613.5	41.49	14.0	1.39	40.11	1.0	0.0798	-38.72
YJR135W-A_mRNA	1048	401.2	48.99	65.0	2.98	46.01	0.9943	0.1162	-43.03
YJR136C_mRNA	54	801.9	76.8	81.0	4.43	72.37	0.9815	0.1375	-67.94
YJR137C_mRNA	151	816.9	55.73	71.0	5.39	50.34	0.9934	0.1061	-44.95
YJR138W_mRNA	68	877.8	41.96	11.0	1.1	40.85	0.9853	0.0758	-39.75
YJR139C_mRNA	920	833.4	49.56	52.0	2.37	47.18	0.9913	0.0775	-44.81
YJR140C_mRNA	31	987.4	58.45	70.0	4.52	53.94	1.0	0.0736	-49.42
YJR140W-A_mRNA	10	339.5	35.6	15.5	1.9	33.7	1.0	0.1124	-31.8
YJR141W_mRNA	123	792.0	47.93	21.0	4.06	43.87	0.9919	0.0738	-39.81
YJR142W_mRNA	190	658.3	42.78	16.0	2.02	40.76	1.0	0.0774	-38.74
YJR143C_mRNA	358	932.1	47.63	23.5	3.01	44.62	0.9916	0.0748	-41.61
YJR144W_mRNA	219	683.6	51.38	56.0	3.31	48.08	1.0	0.0823	-44.77
YJR145C_mRNA	6618	598.4	44.44	16.0	2.34	42.09	0.9733	0.0867	-39.75
YJR146W_mRNA	20	692.2	54.55	70.0	4.25	50.3	1.0	0.1153	-46.05
YJR147W_mRNA	55	858.1	63.51	80.0	5.71	57.8	0.9818	0.0968	-52.09
YJR148W_mRNA	457	804.4	45.16	16.0	2.38	42.78	0.9869	0.0759	-40.4
YJR149W_mRNA	227	450.5	65.85	17.0	6.85	59.0	1.0	0.1357	-52.15
YJR151C_mRNA	13	574.4	89.15	74.0	27.23	61.92	1.0	0.2065	-34.69
YJR152W_mRNA	37	815.7	76.14	71.0	29.43	46.7	1.0	0.1232	-17.27
YJR153W_mRNA	47	707.6	322.96	312.0	167.77	155.19	1.0	0.4845	12.57
YJR155W_mRNA	61	629.5	86.1	38.0	23.0	63.1	1.0	0.1406	-40.1
YJR156C_mRNA	57	442.5	43.79	17.0	2.86	40.93	1.0	0.0927	-38.07
YJR158W_mRNA	28	382.6	186.36	226.5	2.46	183.89	1.0	0.5485	-181.43
YJR159W_mRNA	101	489.7	120.28	113.0	7.15	113.13	1.0	0.2568	-105.98
YJR160C_mRNA	5	515.2	198.8	263.0	6.8	192.0	1.0	0.4253	-185.2
YJR161C_mRNA	109	737.3	58.99	72.0	8.61	50.39	1.0	0.1051	-41.78
YKL001C_mRNA	345	567.0	45.94	16.0	6.29	39.65	0.9884	0.0986	-33.35
YKL002W_mRNA	139	535.7	126.77	137.0	1.81	124.96	1.0	0.2489	-123.16
YKL003C_mRNA	237	487.0	49.12	22.0	3.18	45.94	0.9916	0.1045	-42.76
YKL004W_mRNA	276	650.0	55.86	70.0	5.96	49.91	0.9891	0.1143	-43.95
YKL005C_mRNA	74	581.4	52.18	27.0	7.89	44.28	1.0	0.1331	-36.39
YKL006C-A_mRNA	712	571.4	56.84	65.0	7.8	49.04	0.9972	0.1077	-41.23
YKL006W_mRNA	7875	485.3	50.19	38.0	2.26	47.93	0.9807	0.1045	-45.67
YKL007W_mRNA	174	708.9	46.8	14.5	3.75	43.06	1.0	0.0732	-39.31
YKL008C_mRNA	267	816.4	66.57	74.0	2.18	64.39	0.9925	0.1105	-62.21
YKL009W_mRNA	1519	642.7	49.1	53.0	2.69	46.41	0.9961	0.0885	-43.73
YKL010C_mRNA	176	711.4	48.55	33.0	2.57	45.98	0.9943	0.0924	-43.4
YKL011C_mRNA	88	722.1	56.4	36.5	4.69	51.7	0.9886	0.0879	-47.01
YKL012W_mRNA	93	618.6	52.42	64.0	1.83	50.59	0.9892	0.1038	-48.76
YKL013C_mRNA	684	568.3	48.1	40.0	3.74	44.36	0.9912	0.0916	-40.62
YKL014C_mRNA	323	819.7	49.54	53.0	1.83	47.71	0.9876	0.0861	-45.88
YKL015W_mRNA	97	969.1	69.2	77.0	4.88	64.32	1.0	0.1045	-59.44
YKL016C_mRNA	373	556.5	45.68	17.0	2.81	42.87	0.9893	0.0846	-40.05
YKL017C_mRNA	34	884.6	55.97	36.0	1.32	54.65	1.0	0.0931	-53.32
YKL018C-A_mRNA	133	343.6	44.29	14.0	1.98	42.3	1.0	0.1296	-40.32
YKL018W_mRNA	106	695.1	51.26	67.0	2.67	48.59	0.9906	0.095	-45.92
YKL019W_mRNA	117	835.4	51.31	70.0	2.16	49.15	0.9915	0.0801	-46.98
YKL020C_mRNA	120	722.3	61.3	69.5	2.68	58.62	0.9917	0.1215	-55.93
YKL021C_mRNA	95	643.3	51.26	26.0	1.6	49.66	1.0	0.1082	-48.06
YKL022C_mRNA	47	865.0	78.02	17.0	26.26	51.77	0.9574	0.0832	-25.51
YKL023C-A_mRNA	185	667.5	48.55	16.0	2.19	46.36	0.9892	0.0839	-44.17
YKL023W_mRNA	33	415.8	46.18	13.0	6.55	39.64	1.0	0.1215	-33.09
YKL024C_mRNA	191	649.3	40.38	14.0	2.69	37.7	0.9843	0.0713	-35.01
YKL025C_mRNA	90	774.7	63.16	52.0	9.09	54.07	0.9889	0.1119	-44.98
YKL026C_mRNA	80	548.2	60.99	47.5	1.88	59.11	0.975	0.1143	-57.24
YKL027W_mRNA	227	674.8	58.19	65.0	4.01	54.18	0.9956	0.1121	-50.17
YKL028W_mRNA	91	469.0	49.49	56.0	2.1	47.4	1.0	0.1223	-45.3
YKL029C_mRNA	170	1069.6	71.84	77.0	7.88	63.95	0.9941	0.0973	-56.07
YKL030W_mRNA	222	548.5	46.26	20.0	4.32	41.94	0.9414	0.096	-37.61
YKL032C_mRNA	114	715.7	76.38	79.0	24.56	51.82	0.9912	0.1684	-27.25
YKL033W-A_mRNA	1087	646.4	48.19	23.0	2.98	45.21	0.9963	0.0815	-42.23
YKL033W_mRNA	82	823.5	78.84	81.0	4.15	74.7	1.0	0.1308	-70.55
YKL034W_mRNA	66	593.8	50.79	37.5	8.94	41.85	1.0	0.1212	-32.91
YKL035W_mRNA	713	827.1	57.8	72.0	4.83	52.97	0.9902	0.0982	-48.14
YKL036C_mRNA	18	285.6	52.06	50.0	1.0	51.06	1.0	0.1809	-50.06
YKL038W_mRNA	49	771.3	51.27	41.0	3.88	47.39	0.9796	0.0874	-43.51
YKL039W_mRNA	200	980.8	67.5	71.0	18.23	49.27	0.985	0.0945	-31.04
YKL040C_mRNA	399	785.0	48.84	14.0	7.44	41.4	0.9774	0.0688	-33.96
YKL041W_mRNA	48	412.4	39.08	10.5	2.04	37.04	0.9792	0.1016	-35.0
YKL042W_mRNA	41	611.7	53.68	20.0	13.54	40.15	1.0	0.1286	-26.61
YKL043W_mRNA	129	637.9	52.85	40.0	7.32	45.53	0.9767	0.1106	-38.22
YKL045W_mRNA	141	745.1	50.25	20.0	8.4	41.84	0.9787	0.102	-33.44
YKL046C_mRNA	347	847.5	51.67	64.0	2.4	49.27	0.9942	0.0818	-46.87
YKL047W_mRNA	110	781.4	53.92	31.5	5.25	48.67	0.9909	0.1015	-43.43
YKL048C_mRNA	41	533.3	51.54	36.0	7.8	43.73	1.0	0.1399	-35.93
YKL049C_mRNA	86	562.1	46.87	24.0	1.22	45.65	0.9884	0.0994	-44.43
YKL050C_mRNA	14	665.6	99.21	109.0	14.36	84.86	1.0	0.2019	-70.5
YKL051W_mRNA	199	594.4	53.88	69.0	3.64	50.25	0.9899	0.1165	-46.61
YKL052C_mRNA	43	532.4	67.53	76.0	2.05	65.49	1.0	0.1584	-63.44
YKL053C-A_mRNA	570	445.7	55.49	74.0	3.4	52.09	0.9965	0.1229	-48.69
YKL053W_mRNA	17	376.1	51.29	20.0	17.0	34.29	1.0	0.1481	-17.29
YKL054C_mRNA	625	695.8	61.91	75.0	4.71	57.21	0.9952	0.1255	-52.5
YKL055C_mRNA	13	478.5	41.15	23.0	5.92	35.23	1.0	0.1444	-29.31
YKL056C_mRNA	24040	634.6	64.44	57.0	1.88	62.56	0.9968	0.1037	-60.69
YKL057C_mRNA	287	837.4	48.93	48.0	4.1	44.83	0.9895	0.0828	-40.73
YKL058W_mRNA	448	562.3	102.54	88.5	1.62	100.91	1.0	0.1865	-99.29
YKL059C_mRNA	33	695.5	105.73	78.0	37.21	68.52	0.9697	0.186	-31.3
YKL060C_mRNA	27259	675.3	40.78	13.0	2.56	38.22	0.9789	0.0746	-35.66
YKL061W_mRNA	101	488.3	49.84	62.0	1.66	48.18	0.9802	0.107	-46.51
YKL062W_mRNA	193	854.0	58.33	74.0	2.52	55.81	0.9896	0.0956	-53.3
YKL063C_mRNA	172	589.3	62.49	57.5	7.36	55.13	0.9942	0.1134	-47.77
YKL064W_mRNA	200	682.7	66.94	71.5	5.14	61.8	1.0	0.1214	-56.66
YKL065C_mRNA	979	643.4	59.21	72.0	3.55	55.66	0.998	0.0982	-52.12
YKL065W-A_mRNA	18	419.4	235.0	231.0	68.83	166.17	1.0	0.5243	-97.33
YKL066W_mRNA	546	591.7	50.56	24.0	5.62	44.95	0.9835	0.0935	-39.33
YKL067W_mRNA	560	603.7	45.27	12.0	2.92	42.34	0.9893	0.0763	-39.42
YKL068W-A_mRNA	218	501.6	51.31	33.0	4.37	46.94	0.9908	0.1039	-42.56
YKL068W_mRNA	222	700.4	50.07	49.0	1.84	48.23	1.0	0.094	-46.39
YKL069W_mRNA	85	511.4	44.72	19.0	3.58	41.14	0.9765	0.0935	-37.56
YKL070W_mRNA	43	523.8	45.28	25.0	2.98	42.3	1.0	0.0903	-39.33
YKL071W_mRNA	85	814.1	207.47	71.0	45.58	161.89	1.0	0.2046	-116.32
YKL072W_mRNA	56	766.6	52.02	16.5	1.57	50.45	1.0	0.0763	-48.88
YKL073W_mRNA	304	777.0	53.88	64.0	2.13	51.74	0.9934	0.1053	-49.61
YKL074C_mRNA	142	763.7	48.05	66.5	2.46	45.58	0.9859	0.0867	-43.12
YKL075C_mRNA	27	768.1	60.59	66.0	1.48	59.11	1.0	0.1062	-57.63
YKL076C_mRNA	33	447.2	42.39	11.0	1.12	41.27	1.0	0.0881	-40.15
YKL077W_mRNA	442	734.9	46.55	23.5	3.07	43.48	0.9819	0.0847	-40.41
YKL078W_mRNA	88	600.7	47.62	18.5	6.62	41.0	0.9886	0.1124	-34.38
YKL079W_mRNA	220	959.5	48.22	25.0	4.01	44.2	0.9818	0.0778	-40.19
YKL080W_mRNA	785	691.0	48.11	27.0	3.67	44.44	0.9898	0.0938	-40.77
YKL081W_mRNA	2823	747.4	53.94	71.0	3.49	50.45	0.989	0.0986	-46.97
YKL082C_mRNA	17	489.0	47.71	26.0	2.35	45.35	1.0	0.1475	-43.0
YKL083W_mRNA	53	496.0	59.87	25.0	19.04	40.83	1.0	0.1198	-21.79
YKL084W_mRNA	28	475.6	54.07	72.5	3.32	50.75	1.0	0.1191	-47.43
YKL085W_mRNA	296	799.3	50.88	30.5	2.06	48.82	0.9966	0.0797	-46.76
YKL086W_mRNA	19	479.6	75.84	80.0	4.84	71.0	1.0	0.1627	-66.16
YKL087C_mRNA	159	535.2	40.97	10.0	1.81	39.17	0.9937	0.093	-37.36
YKL088W_mRNA	33	556.3	34.09	6.0	1.12	32.97	0.7576	0.1067	-31.85
YKL089W_mRNA	68	674.5	43.18	14.5	0.93	42.25	0.9412	0.0686	-41.32
YKL090W_mRNA	96	616.4	83.29	75.5	1.38	81.92	0.9688	0.1308	-80.54
YKL091C_mRNA	118	694.8	48.64	24.5	2.38	46.25	0.9831	0.0829	-43.87
YKL092C_mRNA	98	714.3	41.14	13.5	3.13	38.01	0.9796	0.0757	-34.88
YKL093W_mRNA	55	622.1	78.33	76.0	11.82	66.51	1.0	0.1564	-54.69
YKL094W_mRNA	339	736.1	54.49	67.0	3.72	50.77	1.0	0.0901	-47.05
YKL096C-B_mRNA	3696	466.4	60.69	77.0	4.19	56.5	0.9976	0.1287	-52.32
YKL096W-A_mRNA	4063	472.3	60.81	77.0	3.86	56.94	0.9983	0.1274	-53.08
YKL096W_mRNA	1339	478.2	57.84	73.0	4.66	53.18	0.9955	0.1408	-48.52
YKL098W_mRNA	74	776.7	62.07	53.5	18.18	43.89	1.0	0.1081	-25.72
YKL099C_mRNA	275	630.3	37.84	13.0	2.63	35.21	1.0	0.0678	-32.58
YKL100C_mRNA	81	1212.5	60.51	80.0	2.68	57.83	0.9877	0.0713	-55.15
YKL100W-A_mRNA	65	703.8	61.23	76.0	2.75	58.48	1.0	0.099	-55.72
YKL101W_mRNA	257	761.8	50.09	22.0	7.87	42.23	0.9922	0.091	-34.36
YKL103C_mRNA	201	816.3	64.51	74.0	4.8	59.71	0.9851	0.1068	-54.91
YKL104C_mRNA	564	1013.1	52.05	68.0	2.66	49.38	0.9858	0.0843	-46.72
YKL105C_mRNA	85	605.2	51.2	67.0	3.45	47.75	0.9882	0.1124	-44.31
YKL106W_mRNA	101	789.9	48.33	20.0	3.63	44.69	0.9802	0.0736	-41.06
YKL107W_mRNA	10	524.1	50.7	70.0	1.0	49.7	1.0	0.1196	-48.7
YKL108W_mRNA	27	437.3	102.59	106.0	2.22	100.37	0.963	0.3013	-98.15
YKL109W_mRNA	416	713.7	57.1	74.0	3.48	53.62	1.0	0.1025	-50.15
YKL110C_mRNA	218	630.6	49.62	13.5	2.53	47.09	0.9817	0.0994	-44.56
YKL111C_mRNA	14	536.6	41.36	19.5	1.5	39.86	1.0	0.1061	-38.36
YKL112W_mRNA	12	1368.8	65.75	81.0	4.67	61.08	1.0	0.0799	-56.42
YKL113C_mRNA	46	691.8	75.7	21.0	2.61	73.09	0.9783	0.1419	-70.48
YKL114C_mRNA	86	625.9	37.56	11.5	1.74	35.81	1.0	0.0731	-34.07
YKL115C_mRNA	5	220.2	84.4	107.0	5.4	79.0	1.0	0.3236	-73.6
YKL116C_mRNA	87	746.8	50.78	63.0	3.05	47.74	1.0	0.092	-44.69
YKL117W_mRNA	581	567.3	40.94	13.0	1.74	39.2	0.9742	0.0816	-37.46
YKL119C_mRNA	244	649.9	43.07	16.5	2.27	40.79	0.9918	0.0697	-38.52
YKL120W_mRNA	1225	784.2	54.86	69.0	3.9	50.97	0.9976	0.0916	-47.07
YKL121W_mRNA	64	717.1	60.06	67.5	12.84	47.22	1.0	0.1141	-34.38
YKL122C_mRNA	656	531.3	42.76	13.5	1.47	41.29	0.9756	0.0827	-39.82
YKL123W_mRNA	36	501.5	41.47	23.0	1.61	39.86	1.0	0.0943	-38.25
YKL124W_mRNA	10	848.3	75.0	59.5	1.6	73.4	1.0	0.0812	-71.8
YKL125W_mRNA	123	675.9	48.76	21.0	2.05	46.71	0.9919	0.0846	-44.66
YKL126W_mRNA	174	845.6	45.2	15.0	2.64	42.56	1.0	0.0779	-39.93
YKL127W_mRNA	249	764.8	53.47	44.0	3.46	50.0	0.996	0.1006	-46.54
YKL128C_mRNA	412	703.2	57.58	66.0	6.51	51.07	0.9903	0.098	-44.56
YKL129C_mRNA	57	617.2	56.35	74.0	3.3	53.05	1.0	0.1292	-49.75
YKL130C_mRNA	148	587.5	48.07	29.0	3.69	44.39	0.9932	0.0907	-40.7
YKL132C_mRNA	30	856.0	85.87	89.0	9.63	76.23	1.0	0.1486	-66.6
YKL133C_mRNA	39	618.9	59.08	30.0	11.49	47.59	1.0	0.1135	-36.1
YKL134C_mRNA	92	707.2	48.41	45.5	2.09	46.33	0.9891	0.0872	-44.24
YKL135C_mRNA	65	996.1	67.34	75.0	6.18	61.15	0.9846	0.0934	-54.97
YKL136W_mRNA	112	545.0	55.11	69.5	3.84	51.27	1.0	0.1221	-47.43
YKL137W_mRNA	275	510.6	76.8	74.0	2.12	74.67	0.9964	0.1496	-72.55
YKL138C-A_mRNA	207	442.6	84.86	81.0	2.05	82.82	1.0	0.1929	-80.77
YKL138C_mRNA	101	546.1	64.73	57.0	8.63	56.1	1.0	0.1102	-47.47
YKL139W_mRNA	71	691.0	53.97	46.0	4.96	49.01	0.9859	0.1061	-44.06
YKL140W_mRNA	124	773.3	52.3	68.5	4.38	47.92	1.0	0.0994	-43.54
YKL141W_mRNA	264	611.1	58.03	70.5	4.71	53.32	1.0	0.1042	-48.61
YKL142W_mRNA	310	545.7	62.85	65.0	24.02	38.83	0.9968	0.1657	-14.8
YKL143W_mRNA	103	559.0	32.46	9.0	1.17	31.28	0.9806	0.0722	-30.11
YKL144C_mRNA	188	581.4	47.42	17.5	5.45	41.97	0.9947	0.0857	-36.52
YKL145W-A_mRNA	190	738.9	48.88	17.5	2.97	45.92	0.9842	0.0837	-42.95
YKL145W_mRNA	211	740.7	49.81	24.0	2.66	47.15	0.9905	0.08	-44.49
YKL146W_mRNA	112	765.8	53.55	68.5	2.52	51.04	1.0	0.0987	-48.52
YKL148C_mRNA	88	1069.4	57.81	73.5	5.5	52.31	1.0	0.0865	-46.81
YKL149C_mRNA	68	512.6	53.68	73.0	3.46	50.22	0.9559	0.1316	-46.76
YKL150W_mRNA	592	699.5	69.93	68.5	20.81	49.12	0.9932	0.1091	-28.32
YKL151C_mRNA	215	451.3	56.04	42.0	8.46	47.58	0.9721	0.1368	-39.13
YKL152C_mRNA	11507	764.6	44.57	15.0	2.76	41.81	0.9977	0.066	-39.05
YKL153W_mRNA	3399	471.0	46.56	34.0	3.73	42.83	0.9979	0.1068	-39.09
YKL154W_mRNA	217	660.0	59.7	74.0	8.65	51.05	0.9954	0.1122	-42.39
YKL155C_mRNA	75	641.3	52.43	69.0	1.4	51.03	0.9733	0.1117	-49.63
YKL156W_mRNA	4775	464.1	51.01	55.0	6.71	44.3	0.9992	0.1073	-37.6
YKL157W_mRNA	326	779.2	55.57	57.5	4.92	50.65	0.9509	0.0999	-45.72
YKL159C_mRNA	75	467.9	56.48	74.0	2.72	53.76	0.9733	0.1296	-51.04
YKL160W_mRNA	98	518.0	52.91	44.0	6.69	46.21	0.9898	0.1104	-39.52
YKL161C_mRNA	111	792.9	198.63	79.0	11.57	187.06	1.0	0.219	-175.5
YKL162C-A_mRNA	11	563.8	435.36	383.0	62.27	373.09	1.0	0.7126	-310.82
YKL162C_mRNA	22	614.0	61.55	45.5	3.59	57.95	1.0	0.1558	-54.36
YKL163W_mRNA	141	670.8	96.08	82.0	38.01	58.06	0.9858	0.1924	-20.05
YKL164C_mRNA	370	728.5	63.89	75.0	3.5	60.39	0.9892	0.1194	-56.89
YKL165C_mRNA	169	720.3	69.33	70.0	8.74	60.59	0.9882	0.1314	-51.85
YKL166C_mRNA	90	681.2	35.03	11.5	1.83	33.2	0.9889	0.0682	-31.37
YKL167C_mRNA	141	461.2	50.06	18.0	7.65	42.4	0.9858	0.0988	-34.75
YKL168C_mRNA	39	735.0	25.18	7.0	2.05	23.13	0.9231	0.0362	-21.08
YKL169C_mRNA	157	507.9	34.18	8.0	2.18	32.01	1.0	0.0744	-29.83
YKL170W_mRNA	108	539.0	41.18	14.5	2.75	38.43	1.0	0.0759	-35.68
YKL171W_mRNA	43	653.2	79.81	79.0	4.16	75.65	1.0	0.1792	-71.49
YKL172W_mRNA	213	524.4	35.88	10.0	1.63	34.25	0.9812	0.0786	-32.62
YKL173W_mRNA	109	599.3	62.36	74.0	3.92	58.44	0.9908	0.1359	-54.52
YKL174C_mRNA	88	874.9	45.62	45.5	2.38	43.25	0.9886	0.084	-40.88
YKL175W_mRNA	167	683.7	50.25	70.0	3.08	47.17	1.0	0.1051	-44.09
YKL176C_mRNA	179	712.8	182.05	139.0	112.18	69.87	1.0	0.3612	42.31
YKL178C_mRNA	795	700.0	58.97	74.0	3.96	55.0	0.9975	0.1137	-51.04
YKL179C_mRNA	141	856.0	102.48	94.0	3.75	98.73	0.9929	0.1613	-94.98
YKL180W_mRNA	3824	601.2	46.28	20.0	1.88	44.4	0.9956	0.082	-42.52
YKL181W_mRNA	1120	806.6	53.02	69.0	2.71	50.31	0.9902	0.088	-47.6
YKL182W_mRNA	3802	936.2	55.1	68.0	3.78	51.32	0.9942	0.0927	-47.54
YKL183C-A_mRNA	65	352.3	38.37	17.0	3.29	35.08	0.9846	0.1104	-31.78
YKL183W_mRNA	106	619.3	56.82	19.0	1.74	55.08	0.9906	0.1274	-53.35
YKL184W_mRNA	157	723.8	42.7	16.0	3.11	39.59	0.9809	0.0805	-36.48
YKL185W_mRNA	190	680.9	59.03	74.0	5.76	53.27	0.9947	0.1293	-47.52
YKL186C_mRNA	244	533.7	68.66	62.5	19.44	49.22	0.9918	0.1336	-29.78
YKL187C_mRNA	25	500.4	106.4	89.0	48.88	57.52	1.0	0.2806	-8.64
YKL188C_mRNA	96	802.8	115.44	89.5	2.78	112.66	0.9896	0.1953	-109.88
YKL189W_mRNA	57	708.6	74.23	78.0	13.91	60.32	1.0	0.1301	-46.4
YKL190W_mRNA	170	583.6	38.4	12.0	3.58	34.82	0.9941	0.0729	-31.24
YKL191W_mRNA	170	737.4	52.17	69.5	1.98	50.19	0.9941	0.1	-48.22
YKL192C_mRNA	475	511.6	56.45	70.0	5.5	50.95	0.9979	0.1098	-45.45
YKL193C_mRNA	101	724.7	40.58	16.0	2.31	38.28	0.9703	0.0693	-35.97
YKL194C_mRNA	59	679.8	40.08	12.0	2.15	37.93	0.9831	0.0755	-35.78
YKL195W_mRNA	255	667.3	47.49	16.0	2.0	45.49	1.0	0.0911	-43.49
YKL196C_mRNA	1254	664.5	58.06	71.0	3.87	54.19	0.9944	0.1001	-50.32
YKL197C_mRNA	23	732.3	75.61	84.0	3.74	71.87	1.0	0.1278	-68.13
YKL198C_mRNA	71	750.4	58.73	73.0	6.34	52.39	1.0	0.1178	-46.06
YKL201C_mRNA	40	558.4	199.28	168.0	21.45	177.82	1.0	0.3279	-156.38
YKL203C_mRNA	78	543.8	46.18	15.5	3.77	42.41	1.0	0.1073	-38.64
YKL204W_mRNA	104	659.0	57.98	74.0	2.1	55.88	1.0	0.1172	-53.79
YKL205W_mRNA	278	847.0	71.64	75.5	4.74	66.9	0.9928	0.1217	-62.15
YKL206C_mRNA	168	656.8	57.02	72.5	1.55	55.48	0.9881	0.0949	-53.93
YKL207W_mRNA	305	535.1	51.26	29.0	3.28	47.98	0.9902	0.1139	-44.71
YKL208W_mRNA	36	719.8	48.14	68.5	0.89	47.25	0.9722	0.0882	-46.36
YKL209C_mRNA	48	802.1	48.62	36.5	5.04	43.58	1.0	0.1012	-38.54
YKL210W_mRNA	462	836.3	54.63	31.0	4.71	49.92	0.9957	0.0915	-45.22
YKL211C_mRNA	365	766.0	59.03	51.0	5.29	53.73	0.9863	0.1189	-48.44
YKL212W_mRNA	328	872.3	137.12	132.5	3.18	133.94	0.9939	0.2281	-130.76
YKL213C_mRNA	323	888.9	59.77	71.0	7.33	52.43	0.9938	0.0837	-45.1
YKL214C_mRNA	146	519.5	46.07	18.0	1.68	44.39	1.0	0.1029	-42.71
YKL215C_mRNA	75	759.9	101.72	93.0	4.75	96.97	0.9733	0.1836	-92.23
YKL216W_mRNA	456	641.4	51.2	63.5	3.64	47.56	0.9978	0.103	-43.93
YKL217W_mRNA	60	561.4	80.08	74.0	32.0	48.08	1.0	0.1818	-16.08
YKL218C_mRNA	209	733.4	103.0	71.0	2.71	100.29	1.0	0.1435	-97.58
YKL219W_mRNA	79	662.5	130.39	91.0	28.65	101.75	1.0	0.2336	-73.1
YKL220C_mRNA	34	930.0	294.44	101.0	154.65	139.79	1.0	0.3157	14.85
YKL221W_mRNA	8	430.1	188.88	213.5	85.0	103.88	1.0	0.4617	-18.88
YKL222C_mRNA	50	688.2	153.46	105.0	2.86	150.6	1.0	0.2926	-147.74
YKR001C_mRNA	330	781.2	53.99	59.0	3.67	50.32	0.9879	0.0961	-46.65
YKR002W_mRNA	94	677.7	42.13	16.0	2.22	39.9	0.9787	0.0831	-37.68
YKR003W_mRNA	55	727.3	49.67	18.0	1.89	47.78	0.9818	0.0864	-45.89
YKR004C_mRNA	114	510.8	56.79	66.5	2.51	54.28	1.0	0.1306	-51.77
YKR005C_mRNA	114	480.1	65.61	77.5	13.61	52.01	1.0	0.1541	-38.4
YKR006C_mRNA	42	723.3	48.07	20.0	0.74	47.33	1.0	0.0746	-46.6
YKR007W_mRNA	87	504.5	46.8	21.0	3.53	43.28	1.0	0.1038	-39.75
YKR008W_mRNA	77	821.4	52.71	62.0	3.43	49.29	1.0	0.0986	-45.86
YKR009C_mRNA	98	488.6	67.09	68.0	2.78	64.32	1.0	0.1496	-61.54
YKR010C_mRNA	66	712.6	73.83	78.5	1.27	72.56	1.0	0.15	-71.29
YKR011C_mRNA	176	726.5	58.64	66.5	2.39	56.26	0.9886	0.1104	-53.87
YKR012C_mRNA	57	850.7	96.23	92.0	1.7	94.53	0.9825	0.1187	-92.82
YKR013W_mRNA	319	605.1	92.73	88.0	4.27	88.46	0.9937	0.1849	-84.18
YKR014C_mRNA	312	584.6	111.68	97.0	2.15	109.53	0.9904	0.2294	-107.38
YKR015C_mRNA	79	527.8	42.72	22.0	5.2	37.52	1.0	0.0837	-32.32
YKR016W_mRNA	255	726.7	39.68	11.0	2.82	36.85	0.949	0.0762	-34.03
YKR017C_mRNA	51	780.4	64.33	57.0	4.78	59.55	1.0	0.1139	-54.76
YKR018C_mRNA	135	811.6	49.49	19.0	3.65	45.84	0.9926	0.0901	-42.19
YKR019C_mRNA	25	463.9	85.36	65.0	39.24	46.12	1.0	0.2036	-6.88
YKR020W_mRNA	85	519.3	42.66	18.0	2.67	39.99	0.9647	0.0867	-37.32
YKR021W_mRNA	115	663.3	48.91	60.0	1.31	47.6	1.0	0.0974	-46.29
YKR022C_mRNA	75	788.9	57.24	76.0	1.09	56.15	0.9867	0.103	-55.05
YKR023W_mRNA	43	500.5	49.09	35.0	1.14	47.95	1.0	0.1093	-46.81
YKR024C_mRNA	99	803.1	48.77	17.0	2.55	46.22	0.8687	0.083	-43.68
YKR025W_mRNA	58	607.3	38.12	15.0	0.71	37.41	1.0	0.0807	-36.71
YKR026C_mRNA	273	747.4	50.77	20.0	4.32	46.45	0.9963	0.085	-42.12
YKR027W_mRNA	73	774.8	57.3	68.0	13.73	43.58	1.0	0.1184	-29.85
YKR028W_mRNA	81	709.8	61.53	71.0	7.22	54.31	1.0	0.121	-47.09
YKR029C_mRNA	69	811.9	51.87	23.0	4.22	47.65	0.9855	0.0828	-43.43
YKR030W_mRNA	224	686.5	54.39	70.0	4.11	50.28	0.9955	0.0933	-46.17
YKR031C_mRNA	113	823.4	59.95	76.0	3.66	56.28	1.0	0.1057	-52.62
YKR034W_mRNA	36	669.0	141.11	124.5	25.42	115.69	1.0	0.2375	-90.28
YKR035C_mRNA	71	565.2	64.41	78.0	2.28	62.13	0.9859	0.1227	-59.85
YKR035W-A_mRNA	93	530.9	48.41	58.0	2.57	45.84	1.0	0.1045	-43.27
YKR036C_mRNA	59	489.6	61.14	65.0	1.75	59.39	0.9831	0.126	-57.64
YKR037C_mRNA	99	637.4	48.77	21.0	6.19	42.58	0.9899	0.0901	-36.38
YKR038C_mRNA	76	659.7	36.01	10.5	1.86	34.16	0.9474	0.0615	-32.3
YKR039W_mRNA	937	712.8	45.49	20.0	3.24	42.25	0.9947	0.0916	-39.01
YKR042W_mRNA	1093	732.5	75.41	88.0	3.95	71.46	0.9982	0.1315	-67.51
YKR043C_mRNA	617	507.6	43.96	21.0	2.84	41.12	0.987	0.113	-38.27
YKR044W_mRNA	69	581.2	41.57	11.0	2.93	38.64	0.9855	0.078	-35.71
YKR045C_mRNA	96	628.0	55.81	69.5	2.54	53.27	1.0	0.1199	-50.73
YKR046C_mRNA	294	717.4	53.29	64.0	4.11	49.18	0.9966	0.0958	-45.07
YKR047W_mRNA	5	200.2	36.6	8.0	0.6	36.0	1.0	0.2084	-35.4
YKR048C_mRNA	150	526.7	42.12	12.5	1.86	40.26	0.9733	0.1001	-38.4
YKR049C_mRNA	91	456.6	60.25	43.0	1.76	58.49	1.0	0.1318	-56.74
YKR050W_mRNA	50	660.9	40.64	12.5	1.52	39.12	1.0	0.0835	-37.6
YKR051W_mRNA	75	700.1	56.13	66.0	2.71	53.43	1.0	0.1121	-50.72
YKR052C_mRNA	164	679.7	65.05	74.0	3.03	62.02	1.0	0.1209	-58.99
YKR053C_mRNA	72	382.2	72.65	71.0	27.26	45.39	1.0	0.2272	-18.12
YKR054C_mRNA	53	794.0	49.77	46.0	3.36	46.42	0.9811	0.0852	-43.06
YKR055W_mRNA	68	782.6	46.4	37.5	3.0	43.4	0.9853	0.0805	-40.4
YKR056W_mRNA	93	812.8	50.12	26.0	2.96	47.16	0.9892	0.0854	-44.2
YKR057W_mRNA	10706	463.8	45.48	23.0	3.63	41.85	0.9981	0.0952	-38.22
YKR058W_mRNA	107	445.5	50.31	23.0	3.94	46.36	0.9813	0.1366	-42.42
YKR059W_mRNA	2773	707.5	46.22	20.0	2.21	44.01	0.9935	0.085	-41.79
YKR060W_mRNA	101	520.4	51.24	42.0	4.85	46.39	0.9901	0.1096	-41.53
YKR061W_mRNA	168	638.6	52.99	65.5	7.17	45.82	0.994	0.1047	-38.65
YKR062W_mRNA	315	523.7	57.3	55.0	3.08	54.21	0.9937	0.1244	-51.13
YKR063C_mRNA	70	682.2	51.76	61.0	1.93	49.83	0.9714	0.1032	-47.9
YKR064W_mRNA	50	900.9	59.7	71.0	6.34	53.36	1.0	0.0916	-47.02
YKR065C_mRNA	292	553.3	43.91	14.0	3.01	40.9	0.9966	0.0852	-37.9
YKR066C_mRNA	129	680.1	32.14	10.0	2.02	30.12	0.9922	0.0535	-28.09
YKR067W_mRNA	114	624.2	44.05	15.5	3.92	40.13	0.9825	0.0927	-36.21
YKR068C_mRNA	277	639.5	65.87	56.0	4.96	60.91	0.9964	0.1081	-55.95
YKR069W_mRNA	49	588.6	60.88	73.0	19.94	40.94	1.0	0.1639	-21.0
YKR070W_mRNA	174	667.6	54.37	60.5	3.68	50.69	0.9828	0.1127	-47.01
YKR071C_mRNA	797	640.1	47.84	30.0	2.03	45.81	0.9749	0.0853	-43.78
YKR072C_mRNA	65	345.4	49.02	17.0	5.52	43.49	0.9538	0.1433	-37.97
YKR073C_mRNA	5	421.0	212.4	190.0	0.0	212.4	1.0	0.4997	-212.4
YKR074W_mRNA	326	544.2	46.84	35.0	2.82	44.02	0.9816	0.0847	-41.21
YKR075C_mRNA	73	651.1	51.47	56.0	4.7	46.77	1.0	0.0954	-42.07
YKR075W-A_mRNA	486	550.9	48.2	61.5	3.14	45.06	0.9938	0.0977	-41.92
YKR076W_mRNA	30	668.2	69.53	77.5	1.6	67.93	1.0	0.1312	-66.33
YKR077W_mRNA	44	774.1	63.59	74.5	2.59	61.0	1.0	0.0951	-58.41
YKR078W_mRNA	50	756.6	69.84	73.0	3.0	66.84	1.0	0.0967	-63.84
YKR079C_mRNA	142	750.6	49.72	32.0	5.18	44.54	0.9859	0.0897	-39.37
YKR080W_mRNA	158	692.0	52.31	67.5	2.73	49.58	1.0	0.092	-46.85
YKR081C_mRNA	213	646.5	40.83	13.0	2.04	38.78	0.9906	0.0799	-36.74
YKR082W_mRNA	143	959.3	56.91	67.0	5.14	51.77	0.979	0.1036	-46.63
YKR083C_mRNA	68	430.1	67.76	62.5	6.21	61.56	1.0	0.1656	-55.35
YKR084C_mRNA	179	861.7	47.35	23.0	1.35	45.99	0.9721	0.079	-44.64
YKR085C_mRNA	271	605.3	53.79	70.0	2.08	51.7	0.9963	0.0932	-49.62
YKR086W_mRNA	48	688.9	82.62	80.5	9.77	72.85	1.0	0.1432	-63.08
YKR087C_mRNA	70	591.8	48.8	44.0	3.03	45.77	1.0	0.1085	-42.74
YKR088C_mRNA	151	751.3	63.97	78.0	4.05	59.92	0.9934	0.1	-55.87
YKR089C_mRNA	47	767.7	46.32	31.0	3.51	42.81	1.0	0.091	-39.3
YKR090W_mRNA	67	727.8	54.31	68.0	4.22	50.09	0.9851	0.094	-45.87
YKR091W_mRNA	316	585.6	51.01	41.5	2.0	49.01	0.9937	0.1019	-47.01
YKR092C_mRNA	250	530.7	49.4	18.0	3.68	45.72	0.996	0.1073	-42.04
YKR093W_mRNA	709	655.7	56.7	72.0	4.22	52.48	0.9944	0.1261	-48.27
YKR094C_mRNA	15748	534.2	43.33	18.0	2.46	40.87	0.9813	0.0813	-38.41
YKR095W-A_mRNA	141	362.6	40.67	9.0	4.4	36.28	0.9433	0.1082	-31.88
YKR095W_mRNA	83	457.6	40.89	11.0	2.2	38.69	0.988	0.096	-36.48
YKR096W_mRNA	50	1062.1	55.62	63.5	5.5	50.12	1.0	0.0866	-44.62
YKR097W_mRNA	20	518.8	58.5	73.5	2.3	56.2	1.0	0.149	-53.9
YKR098C_mRNA	75	793.9	56.96	64.0	2.72	54.24	1.0	0.0936	-51.52
YKR099W_mRNA	44	721.5	47.57	11.0	1.8	45.77	0.9773	0.0948	-43.98
YKR100C_mRNA	221	653.9	45.83	16.0	2.95	42.88	0.9819	0.0808	-39.92
YKR101W_mRNA	36	739.6	68.83	76.5	6.94	61.89	1.0	0.1155	-54.94
YKR102W_mRNA	22	446.4	177.18	90.5	135.82	41.36	1.0	0.393	94.45
YKR103W_mRNA	37	1151.9	706.73	387.0	658.59	48.14	1.0	0.469	610.46
YKR104W_mRNA	13	796.2	72.62	78.0	19.23	53.38	1.0	0.1362	-34.15
YKR105C_mRNA	18	692.1	150.5	54.0	110.61	39.89	1.0	0.2674	70.72
YKR106W_mRNA	17	623.7	124.59	74.0	4.53	120.06	1.0	0.1467	-115.53
YLL001W_mRNA	128	637.4	60.22	27.0	15.61	44.61	0.9922	0.127	-29.0
YLL002W_mRNA	68	673.3	66.56	66.0	3.6	62.96	0.9853	0.1246	-59.35
YLL003W_mRNA	51	686.7	73.67	50.0	22.57	51.1	1.0	0.1515	-28.53
YLL004W_mRNA	57	743.2	55.21	72.0	4.63	50.58	1.0	0.1195	-45.95
YLL005C_mRNA	60	559.2	46.38	55.5	1.77	44.62	0.9667	0.1058	-42.85
YLL006W_mRNA	42	827.4	39.21	10.5	2.26	36.95	1.0	0.0557	-34.69
YLL007C_mRNA	49	858.0	59.65	76.0	3.06	56.59	0.9796	0.1155	-53.53
YLL008W_mRNA	191	659.0	52.57	53.0	1.81	50.76	0.9843	0.1015	-48.95
YLL009C_mRNA	348	360.3	40.85	15.0	3.22	37.63	1.0	0.1062	-34.41
YLL010C_mRNA	38	567.9	63.32	45.5	2.37	60.95	1.0	0.1415	-58.58
YLL011W_mRNA	76	777.0	41.5	12.0	1.17	40.33	0.9868	0.0684	-39.16
YLL012W_mRNA	117	618.1	68.67	75.0	2.12	66.55	0.9915	0.1682	-64.43
YLL013C_mRNA	31	513.8	90.42	86.0	9.29	81.13	1.0	0.1937	-71.84
YLL014W_mRNA	533	434.5	46.07	19.0	3.51	42.56	0.9887	0.1031	-39.04
YLL015W_mRNA	268	820.3	78.0	35.5	21.82	56.19	0.9925	0.1248	-34.37
YLL018C-A_mRNA	46	576.4	38.65	12.5	2.54	36.11	0.9348	0.0856	-33.57
YLL018C_mRNA	714	823.9	47.38	19.0	2.94	44.45	0.9972	0.0759	-41.51
YLL019C_mRNA	24	808.2	53.25	42.5	2.79	50.46	1.0	0.0889	-47.67
YLL020C_mRNA	26	452.1	84.35	90.0	4.15	80.19	1.0	0.205	-76.04
YLL021W_mRNA	60	625.3	47.17	22.0	1.8	45.37	0.9333	0.0976	-43.57
YLL022C_mRNA	40	684.3	50.62	40.0	5.32	45.3	1.0	0.0989	-39.98
YLL023C_mRNA	185	578.4	47.05	20.0	3.81	43.25	0.9892	0.0941	-39.44
YLL024C_mRNA	4715	857.3	42.72	12.0	2.36	40.36	0.9457	0.0748	-38.0
YLL025W_mRNA	11	412.3	66.0	37.0	4.18	61.82	1.0	0.1558	-57.64
YLL026W_mRNA	4136	858.7	50.95	62.0	2.43	48.52	0.9932	0.083	-46.1
YLL027W_mRNA	113	521.7	57.39	64.0	5.48	51.91	1.0	0.1438	-46.43
YLL028W_mRNA	174	775.6	54.73	35.5	3.37	51.36	1.0	0.1086	-47.99
YLL029W_mRNA	210	799.2	49.37	32.5	3.4	45.97	0.9857	0.0833	-42.57
YLL031C_mRNA	121	638.3	59.16	72.0	6.83	52.32	1.0	0.1367	-45.49
YLL032C_mRNA	34	879.2	62.71	72.5	1.38	61.32	1.0	0.1154	-59.94
YLL033W_mRNA	47	589.4	44.7	16.0	8.17	36.53	0.9362	0.088	-28.36
YLL034C_mRNA	113	772.5	48.48	27.0	4.43	44.04	0.9823	0.0827	-39.61
YLL035W_mRNA	61	673.9	45.49	31.0	4.49	41.0	1.0	0.0996	-36.51
YLL036C_mRNA	61	904.5	53.33	74.0	1.7	51.62	0.9836	0.0914	-49.92
YLL037W_mRNA	50	476.6	49.2	45.5	2.42	46.78	0.98	0.1105	-44.36
YLL039C_mRNA	1369	704.9	52.99	27.0	3.31	49.68	0.9971	0.0998	-46.38
YLL040C_mRNA	94	624.6	46.07	19.0	3.06	43.01	0.9787	0.1064	-39.95
YLL041C_mRNA	218	763.6	57.53	70.0	2.68	54.84	0.9954	0.0984	-52.16
YLL042C_mRNA	28	451.4	80.75	87.5	10.5	70.25	1.0	0.1763	-59.75
YLL043W_mRNA	118	598.5	55.15	66.0	4.49	50.66	0.9915	0.1188	-46.17
YLL044W_mRNA	2542	648.5	39.98	12.0	1.45	38.53	0.9882	0.0732	-37.07
YLL045C_mRNA	2419	636.6	40.45	12.0	1.56	38.89	0.9835	0.0733	-37.33
YLL047W_mRNA	8	496.5	277.5	268.5	4.0	273.5	1.0	0.5695	-269.5
YLL048C_mRNA	447	846.3	113.1	89.0	1.84	111.26	0.9933	0.1932	-109.42
YLL049W_mRNA	164	507.2	96.68	84.5	13.6	83.08	1.0	0.196	-69.48
YLL050C_mRNA	2360	529.9	47.05	17.0	5.54	41.51	0.9966	0.0882	-35.97
YLL051C_mRNA	95	752.2	69.06	72.0	14.64	54.42	0.9368	0.1298	-39.78
YLL052C_mRNA	82	812.9	58.95	63.5	4.72	54.23	0.9878	0.0815	-49.51
YLL053C_mRNA	73	610.4	53.11	48.0	9.0	44.11	0.9863	0.0869	-35.11
YLL054C_mRNA	71	846.7	50.66	32.0	3.59	47.07	1.0	0.0833	-43.48
YLL055W_mRNA	172	686.1	56.49	62.0	7.12	49.37	0.9826	0.1015	-42.24
YLL056C_mRNA	17	711.2	52.29	77.0	1.76	50.53	1.0	0.1131	-48.76
YLL057C_mRNA	29	463.2	65.17	45.0	3.83	61.34	1.0	0.1638	-57.52
YLL058W_mRNA	60	733.8	43.38	13.0	17.17	26.22	1.0	0.0544	-9.05
YLL060C_mRNA	119	629.0	60.34	65.0	4.67	55.66	1.0	0.1212	-50.99
YLL061W_mRNA	49	626.5	88.71	69.0	43.0	45.71	0.9796	0.154	-2.71
YLL062C_mRNA	23	756.0	57.0	20.0	11.35	45.65	1.0	0.1021	-34.3
YLL063C_mRNA	18	364.1	115.78	79.5	6.44	109.33	1.0	0.2783	-102.89
YLL066C_mRNA	25	641.2	46.6	47.0	1.24	45.36	1.0	0.1076	-44.12
YLL066W-A_mRNA	21	539.1	37.52	17.0	0.52	37.0	1.0	0.0835	-36.48
YLL067C_mRNA	8	452.0	51.25	40.5	16.5	34.75	1.0	0.1813	-18.25
YLR001C_mRNA	75	737.8	55.03	30.0	13.96	41.07	0.9733	0.1147	-27.11
YLR002C_mRNA	246	765.3	48.66	35.0	2.15	46.51	0.9756	0.0961	-44.35
YLR003C_mRNA	346	612.9	56.11	68.0	5.34	50.77	0.9913	0.1094	-45.43
YLR004C_mRNA	27	613.3	73.59	66.0	13.41	60.19	1.0	0.1306	-46.78
YLR005W_mRNA	86	808.5	53.08	61.5	4.37	48.71	0.9884	0.0819	-44.34
YLR006C_mRNA	91	618.2	50.97	22.0	1.54	49.43	0.989	0.1083	-47.89
YLR007W_mRNA	177	710.4	48.54	54.0	3.58	44.96	0.9944	0.0929	-41.38
YLR008C_mRNA	388	604.4	51.46	70.5	1.9	49.56	0.9974	0.0968	-47.66
YLR009W_mRNA	122	434.4	36.11	12.0	1.32	34.79	0.9918	0.0921	-33.47
YLR010C_mRNA	82	431.2	58.77	75.5	3.06	55.71	1.0	0.1644	-52.65
YLR011W_mRNA	60	489.6	60.2	77.5	1.8	58.4	1.0	0.1381	-56.6
YLR012C_mRNA	7	215.3	37.0	7.0	0.86	36.14	1.0	0.1465	-35.29
YLR014C_mRNA	39	681.9	95.18	78.0	2.51	92.67	0.9744	0.1785	-90.15
YLR015W_mRNA	78	687.2	41.82	13.5	1.76	40.06	0.9615	0.0748	-38.31
YLR016C_mRNA	70	593.0	47.4	20.5	2.86	44.54	1.0	0.0855	-41.69
YLR017W_mRNA	262	660.1	50.5	64.0	1.67	48.83	1.0	0.0967	-47.16
YLR018C_mRNA	135	641.1	44.39	20.0	3.44	40.95	0.9926	0.0906	-37.5
YLR019W_mRNA	102	647.1	56.05	72.5	2.43	53.62	1.0	0.1033	-51.19
YLR020C_mRNA	148	720.6	44.78	23.0	2.16	42.63	1.0	0.0862	-40.47
YLR021W_mRNA	194	522.5	44.71	23.0	4.47	40.24	0.9897	0.0876	-35.77
YLR022C_mRNA	284	670.3	41.84	11.5	3.17	38.67	0.9507	0.0651	-35.5
YLR023C_mRNA	230	723.1	56.69	70.0	5.53	51.16	0.9957	0.1201	-45.63
YLR024C_mRNA	43	701.9	88.35	79.0	3.26	85.09	1.0	0.1422	-81.84
YLR025W_mRNA	102	537.5	43.01	13.5	8.42	34.59	0.9902	0.0846	-26.17
YLR026C_mRNA	67	573.5	45.24	19.0	1.13	44.1	1.0	0.1005	-42.97
YLR027C_mRNA	491	728.0	39.84	11.0	1.85	37.99	0.9593	0.0693	-36.13
YLR028C_mRNA	403	661.6	130.69	68.0	89.85	40.85	0.9901	0.2208	49.0
YLR029C_mRNA	8947	624.9	42.07	19.0	1.82	40.24	0.9942	0.0735	-38.42
YLR030W_mRNA	23	757.9	84.61	78.0	4.3	80.3	0.9565	0.122	-76.0
YLR031W_mRNA	18	501.2	59.33	68.5	9.17	50.17	0.9444	0.1184	-41.0
YLR032W_mRNA	57	806.6	47.77	26.0	3.79	43.98	1.0	0.0817	-40.19
YLR033W_mRNA	158	673.4	42.35	11.5	3.39	38.96	0.9937	0.0757	-35.58
YLR034C_mRNA	174	655.0	58.34	71.5	3.11	55.24	0.9828	0.1221	-52.13
YLR035C-A_mRNA	459	908.3	325.23	336.0	2.23	323.0	0.9935	0.387	-320.77
YLR035C_mRNA	26	911.7	79.77	82.0	9.35	70.42	1.0	0.1412	-61.08
YLR036C_mRNA	220	588.9	151.68	94.0	89.99	61.7	0.9955	0.2781	28.29
YLR037C_mRNA	50	530.1	107.36	106.0	16.66	90.7	1.0	0.2377	-74.04
YLR038C_mRNA	1253	511.8	127.48	161.0	1.92	125.56	0.9984	0.2355	-123.64
YLR039C_mRNA	67	864.2	55.42	15.0	3.64	51.78	0.9403	0.0837	-48.13
YLR040C_mRNA	631	611.5	54.41	72.0	3.45	50.96	0.9857	0.1079	-47.5
YLR041W_mRNA	107	495.2	63.69	19.0	16.18	47.51	0.9907	0.1223	-31.34
YLR042C_mRNA	76	471.5	47.2	24.0	1.39	45.8	1.0	0.0998	-44.41
YLR043C_mRNA	1638	439.2	56.36	73.0	5.12	51.24	0.9969	0.1241	-46.12
YLR044C_mRNA	29591	765.9	49.32	65.0	2.86	46.46	0.9952	0.0922	-43.6
YLR045C_mRNA	48	651.8	74.58	53.5	20.21	54.38	0.9792	0.1604	-34.17
YLR046C_mRNA	61	592.1	48.72	71.0	1.34	47.38	1.0	0.0984	-46.03
YLR047C_mRNA	5	597.8	56.4	37.0	13.0	43.4	1.0	0.114	-30.4
YLR048W_mRNA	1478	643.7	54.89	35.0	2.59	52.3	0.9756	0.103	-49.7
YLR049C_mRNA	102	644.7	47.91	24.5	3.22	44.7	0.9804	0.0835	-41.48
YLR050C_mRNA	134	485.4	69.96	81.0	9.65	60.31	0.9925	0.1542	-50.66
YLR051C_mRNA	209	607.3	40.79	12.0	3.0	37.79	0.9569	0.0726	-34.8
YLR052W_mRNA	167	535.3	70.08	74.0	24.55	45.53	0.994	0.1625	-20.98
YLR054C_mRNA	132	682.8	263.61	246.0	4.89	258.72	1.0	0.393	-253.83
YLR055C_mRNA	36	537.5	56.11	15.0	20.22	35.89	0.9722	0.1123	-15.67
YLR056W_mRNA	719	714.1	56.94	68.0	2.74	54.2	0.9986	0.1039	-51.46
YLR057W_mRNA	110	521.8	43.82	16.0	1.36	42.45	0.9909	0.11	-41.09
YLR058C_mRNA	313	749.5	50.6	38.0	2.47	48.13	0.9968	0.0903	-45.66
YLR059C_mRNA	119	671.9	58.64	66.0	3.97	54.67	0.9916	0.1043	-50.71
YLR060W_mRNA	746	766.1	52.32	62.0	4.47	47.85	0.996	0.0981	-43.39
YLR061W_mRNA	3986	453.3	38.87	11.0	2.2	36.67	0.9787	0.0827	-34.47
YLR062C_mRNA	1061	332.7	38.71	11.0	4.78	33.92	0.9661	0.1089	-29.14
YLR063W_mRNA	10	494.7	62.0	74.5	4.0	58.0	1.0	0.1648	-54.0
YLR064W_mRNA	282	763.0	60.63	75.0	2.09	58.54	0.9929	0.0907	-56.45
YLR065C_mRNA	752	556.1	47.04	61.0	2.79	44.25	0.9787	0.089	-41.46
YLR066W_mRNA	474	520.9	44.27	18.0	2.41	41.87	0.9937	0.0913	-39.46
YLR067C_mRNA	47	772.8	49.13	34.0	2.3	46.83	0.9787	0.0899	-44.53
YLR068W_mRNA	21	446.7	66.48	74.0	3.14	63.33	1.0	0.1622	-60.19
YLR069C_mRNA	141	685.5	47.92	24.0	3.19	44.73	0.9858	0.102	-41.54
YLR070C_mRNA	26	479.1	83.73	81.5	1.12	82.62	1.0	0.2023	-81.5
YLR071C_mRNA	88	795.6	46.35	20.5	1.66	44.69	1.0	0.0814	-43.03
YLR072W_mRNA	14	739.9	61.57	61.5	2.29	59.29	1.0	0.1304	-57.0
YLR073C_mRNA	51	526.5	84.35	72.0	10.49	73.86	1.0	0.1635	-63.37
YLR074C_mRNA	156	551.9	73.83	68.5	2.02	71.81	0.9936	0.1347	-69.79
YLR075W_mRNA	18360	648.5	41.63	13.0	2.45	39.18	0.9959	0.0739	-36.74
YLR077W_mRNA	92	681.8	53.1	51.0	1.65	51.45	0.9891	0.103	-49.79
YLR078C_mRNA	298	621.1	57.66	54.0	3.8	53.86	0.9933	0.0997	-50.07
YLR079W_mRNA	40	504.4	36.98	12.0	2.1	34.88	0.925	0.0817	-32.78
YLR080W_mRNA	41	616.3	55.0	43.0	7.56	47.44	1.0	0.115	-39.88
YLR081W_mRNA	16	581.4	147.06	149.0	3.56	143.5	0.9375	0.2921	-139.94
YLR082C_mRNA	80	618.4	51.68	41.0	2.56	49.11	1.0	0.1056	-46.55
YLR083C_mRNA	332	674.1	53.84	67.0	6.09	47.76	0.997	0.1186	-41.67
YLR084C_mRNA	88	829.7	59.58	67.5	7.5	52.08	0.9773	0.1145	-44.58
YLR085C_mRNA	71	646.6	42.18	11.0	4.34	37.85	0.9718	0.083	-33.51
YLR086W_mRNA	53	614.9	82.94	89.0	6.47	76.47	1.0	0.1688	-70.0
YLR087C_mRNA	77	749.5	54.23	69.0	5.44	48.79	0.974	0.105	-43.35
YLR088W_mRNA	118	862.8	66.97	74.0	3.55	63.42	1.0	0.1057	-59.86
YLR089C_mRNA	339	794.7	44.4	16.0	3.53	40.87	0.9853	0.0807	-37.34
YLR090W_mRNA	45	798.0	42.4	28.0	3.24	39.16	1.0	0.0551	-35.91
YLR091W_mRNA	41	609.9	52.59	19.0	9.32	43.27	1.0	0.0813	-33.95
YLR092W_mRNA	47	510.8	61.3	62.0	4.3	57.0	0.9787	0.1293	-52.7
YLR093C_mRNA	272	696.2	51.51	33.0	7.43	44.08	0.9926	0.0923	-36.65
YLR094C_mRNA	53	896.7	50.11	63.0	2.25	47.87	1.0	0.0877	-45.62
YLR095C_mRNA	49	887.0	49.37	71.0	2.08	47.29	1.0	0.0761	-45.2
YLR096W_mRNA	109	814.8	64.63	79.0	3.36	61.28	0.9817	0.112	-57.92
YLR097C_mRNA	111	643.0	42.61	13.0	1.4	41.22	0.964	0.0794	-39.82
YLR098C_mRNA	95	642.9	48.84	41.0	2.38	46.46	0.9895	0.1065	-44.08
YLR099C_mRNA	95	585.7	52.4	27.0	5.4	47.0	0.9895	0.11	-41.6
YLR099W-A_mRNA	178	462.2	42.97	26.5	1.99	40.98	1.0	0.098	-38.98
YLR100W_mRNA	312	810.9	48.81	42.5	3.05	45.76	0.9936	0.0743	-42.71
YLR101C_mRNA	279	757.0	49.66	62.0	2.48	47.19	0.9964	0.0782	-44.71
YLR102C_mRNA	11	575.9	60.45	72.0	1.27	59.18	1.0	0.1264	-57.91
YLR103C_mRNA	56	700.9	52.66	24.0	1.36	51.3	1.0	0.0992	-49.95
YLR104W_mRNA	171	455.2	51.74	33.0	3.64	48.11	1.0	0.1133	-44.47
YLR105C_mRNA	119	603.1	42.62	15.0	7.93	34.69	1.0	0.1068	-26.76
YLR106C_mRNA	535	682.8	53.86	70.0	2.69	51.17	0.9963	0.102	-48.48
YLR107W_mRNA	202	701.7	62.33	38.5	4.51	57.82	0.995	0.1166	-53.3
YLR108C_mRNA	160	649.6	67.63	76.0	12.56	55.07	1.0	0.1424	-42.51
YLR109W_mRNA	11276	498.0	58.11	74.0	3.29	54.82	0.9927	0.1202	-51.53
YLR110C_mRNA	11642	498.8	58.25	74.0	3.22	55.03	0.9934	0.1198	-51.81
YLR112W_mRNA	84	400.8	46.42	19.5	9.79	36.63	0.9762	0.1071	-26.85
YLR113W_mRNA	289	761.1	50.37	32.0	4.14	46.23	1.0	0.0954	-42.09
YLR114C_mRNA	143	502.0	54.68	60.0	5.78	48.9	0.993	0.1299	-43.11
YLR115W_mRNA	91	677.1	52.87	72.0	2.25	50.62	0.989	0.1074	-48.36
YLR116W_mRNA	56	634.5	58.38	72.5	3.93	54.45	1.0	0.1289	-50.52
YLR117C_mRNA	53	802.2	49.25	49.0	4.62	44.62	1.0	0.0749	-40.0
YLR118C_mRNA	170	571.1	47.04	12.0	1.88	45.16	1.0	0.0857	-43.29
YLR119W_mRNA	88	520.2	46.15	10.0	1.56	44.59	0.9886	0.0913	-43.03
YLR120C_mRNA	254	696.6	55.26	72.0	4.04	51.22	0.9882	0.1252	-47.18
YLR120W-A_mRNA	75	323.9	46.43	26.0	7.25	39.17	1.0	0.1327	-31.92
YLR121C_mRNA	201	794.3	67.75	73.0	20.37	47.38	0.9851	0.1207	-27.01
YLR122C_mRNA	13	528.8	296.23	219.0	122.08	174.15	1.0	0.4657	-52.08
YLR123C_mRNA	11	830.5	327.64	180.0	1.27	326.36	1.0	0.3592	-325.09
YLR125W_mRNA	27	790.6	100.56	73.0	15.59	84.96	1.0	0.1217	-69.37
YLR126C_mRNA	32	542.0	35.62	12.0	2.56	33.06	1.0	0.0791	-30.5
YLR127C_mRNA	81	813.3	51.35	66.0	2.0	49.35	1.0	0.0847	-47.35
YLR128W_mRNA	27	819.3	59.85	45.0	2.22	57.63	1.0	0.0806	-55.41
YLR129W_mRNA	253	662.9	49.91	33.0	4.07	45.83	0.9802	0.0902	-41.76
YLR130C_mRNA	249	654.1	55.43	69.0	2.85	52.57	0.9759	0.1106	-49.72
YLR131C_mRNA	25	630.2	40.64	12.0	9.8	30.84	0.96	0.1207	-21.04
YLR132C_mRNA	56	711.2	57.27	69.0	2.61	54.66	0.9821	0.1152	-52.05
YLR133W_mRNA	80	792.3	55.19	59.5	5.86	49.32	0.9875	0.0908	-43.46
YLR134W_mRNA	66	644.3	57.36	70.5	6.8	50.56	1.0	0.1145	-43.76
YLR135W_mRNA	42	691.8	55.71	71.0	2.67	53.05	0.9762	0.1079	-50.38
YLR136C_mRNA	21	470.0	53.14	31.0	10.1	43.05	1.0	0.1184	-32.95
YLR137W_mRNA	32	615.1	56.22	71.0	3.0	53.22	0.9688	0.1187	-50.22
YLR138W_mRNA	88	545.2	43.25	16.0	3.09	40.16	1.0	0.098	-37.07
YLR139C_mRNA	22	789.2	34.86	9.0	5.09	29.77	1.0	0.0469	-24.68
YLR140W_mRNA	9	378.7	110.89	129.0	63.11	47.78	1.0	0.3	15.33
YLR141W_mRNA	49	581.3	54.16	65.0	8.98	45.18	1.0	0.1006	-36.2
YLR142W_mRNA	113	735.3	129.16	144.0	2.15	127.01	1.0	0.2443	-124.86
YLR143W_mRNA	90	974.9	61.08	69.5	5.86	55.22	0.9889	0.108	-49.37
YLR144C_mRNA	107	788.2	63.79	76.0	2.61	61.18	1.0	0.1148	-58.57
YLR145W_mRNA	37	550.8	42.76	8.0	0.54	42.22	0.973	0.0814	-41.68
YLR146C_mRNA	213	567.7	54.53	68.0	2.54	51.98	0.9953	0.1144	-49.44
YLR146W-A_mRNA	319	291.2	52.42	65.0	6.39	46.03	1.0	0.1695	-39.64
YLR147C_mRNA	160	409.5	38.53	11.0	2.47	36.06	0.9938	0.0916	-33.59
YLR148W_mRNA	123	872.3	52.1	67.0	5.5	46.6	0.9675	0.0804	-41.11
YLR149C-A_mRNA	8	313.1	2.38	0.0	2.25	0.12	0.375	0.0099	2.12
YLR149C_mRNA	42	656.3	50.93	26.0	3.24	47.69	1.0	0.1161	-44.45
YLR150W_mRNA	5197	612.0	51.25	66.0	2.2	49.06	0.9921	0.1006	-46.86
YLR151C_mRNA	196	231.4	48.44	65.0	3.05	45.39	1.0	0.2093	-42.34
YLR152C_mRNA	104	551.4	66.94	77.0	11.62	55.32	1.0	0.1682	-43.69
YLR153C_mRNA	1305	747.1	49.17	34.0	4.08	45.09	0.9939	0.0958	-41.01
YLR154C-G_mRNA	466	780.6	644.74	583.5	341.93	302.8	1.0	0.7702	39.13
YLR154C-H_mRNA	723	199.0	62.61	17.0	6.98	55.63	0.9959	0.2342	-48.65
YLR154C_mRNA	51	438.3	47.82	20.0	2.63	45.2	1.0	0.1132	-42.57
YLR154W-A_mRNA	14483	831.3	236.07	87.0	186.52	49.55	0.9986	0.2007	136.97
YLR154W-B_mRNA	205	693.2	549.48	492.0	59.08	490.4	1.0	0.7245	-431.33
YLR154W-C_mRNA	88	213.3	27.74	7.0	3.07	24.67	0.9205	0.1155	-21.6
YLR154W-E_mRNA	14204	606.8	196.55	72.0	141.95	54.6	0.9798	0.1983	87.35
YLR154W-F_mRNA	6927	286.8	43.03	20.0	2.84	40.19	0.9945	0.1454	-37.35
YLR155C_mRNA	342	499.4	72.98	74.5	5.87	67.1	1.0	0.1481	-61.23
YLR156C-A_mRNA	113	151.2	49.9	15.0	4.16	45.74	1.0	0.2516	-41.58
YLR157C-B_mRNA	1963	1311.8	317.42	334.0	2.37	315.05	0.9908	0.2469	-312.68
YLR157C-C_mRNA	116	135.6	34.93	12.5	3.2	31.73	1.0	0.2109	-28.53
YLR157C_mRNA	346	504.3	86.19	78.0	8.77	77.42	1.0	0.1603	-68.65
YLR158C_mRNA	147	551.8	57.65	52.0	7.16	50.49	0.9932	0.1073	-43.33
YLR159C-A_mRNA	107	141.6	39.32	12.0	3.35	35.97	1.0	0.2115	-32.63
YLR160C_mRNA	345	530.2	86.57	79.0	4.53	82.03	0.9942	0.1527	-77.5
YLR162W-A_mRNA	60	378.0	43.35	17.5	4.23	39.12	0.95	0.126	-34.88
YLR162W_mRNA	77	302.2	59.58	64.0	5.3	54.29	0.974	0.2326	-48.99
YLR163C_mRNA	127	706.9	200.69	85.0	158.06	42.63	0.9843	0.3102	115.43
YLR164W_mRNA	30	450.6	74.77	71.5	4.3	70.47	1.0	0.1718	-66.17
YLR165C_mRNA	84	563.5	51.51	70.0	3.6	47.92	1.0	0.1049	-44.32
YLR166C_mRNA	172	1102.7	62.29	75.0	3.4	58.89	0.9942	0.0918	-55.49
YLR167W_mRNA	38160	493.1	39.29	13.0	2.08	37.21	0.9863	0.0843	-35.12
YLR168C_mRNA	245	596.6	47.56	31.0	4.96	42.6	0.9878	0.0956	-37.64
YLR170C_mRNA	32	642.4	53.44	68.5	1.19	52.25	0.9688	0.1022	-51.06
YLR171W_mRNA	101	501.8	46.88	62.0	2.53	44.35	0.9406	0.094	-41.81
YLR172C_mRNA	205	763.6	39.25	10.0	1.97	37.28	0.9415	0.0592	-35.32
YLR173W_mRNA	39	981.8	108.87	10.0	1.41	107.46	0.9744	0.0842	-106.05
YLR174W_mRNA	29	477.9	67.62	71.0	6.41	61.21	1.0	0.1602	-54.79
YLR175W_mRNA	228	502.6	36.16	12.0	1.82	34.35	0.9693	0.0902	-32.53
YLR176C_mRNA	68	604.4	44.81	14.0	1.25	43.56	1.0	0.0887	-42.31
YLR177W_mRNA	121	740.3	61.07	52.0	6.25	54.83	0.9917	0.1123	-48.58
YLR178C_mRNA	192	483.9	56.15	38.0	3.22	52.93	0.9948	0.1317	-49.7
YLR179C_mRNA	307	622.1	47.28	20.0	1.99	45.29	0.9935	0.0841	-43.3
YLR180W_mRNA	771	843.9	44.59	18.0	2.76	41.83	0.9805	0.073	-39.07
YLR181C_mRNA	93	602.8	41.86	13.0	1.28	40.58	0.9785	0.0799	-39.3
YLR182W_mRNA	103	642.7	53.85	65.0	2.12	51.74	1.0	0.0918	-49.62
YLR183C_mRNA	124	771.0	40.44	15.5	2.05	38.4	0.9677	0.07	-36.35
YLR185W_mRNA	6298	369.1	42.46	14.0	3.37	39.09	0.9614	0.1079	-35.71
YLR186W_mRNA	392	539.3	45.79	34.0	1.76	44.04	0.9949	0.1028	-42.28
YLR187W_mRNA	25	670.8	54.6	12.0	2.64	51.96	0.92	0.0895	-49.32
YLR188W_mRNA	84	847.9	49.14	18.0	1.9	47.24	1.0	0.08	-45.33
YLR189C_mRNA	81	781.9	48.17	24.0	2.15	46.02	0.9877	0.0884	-43.88
YLR190W_mRNA	127	716.0	58.36	69.0	9.08	49.28	1.0	0.1112	-40.2
YLR191W_mRNA	102	579.3	36.22	8.0	1.31	34.9	0.9804	0.0775	-33.59
YLR192C_mRNA	372	611.1	46.64	22.0	2.58	44.06	0.9973	0.0992	-41.48
YLR193C_mRNA	116	488.7	51.47	33.0	5.48	45.99	1.0	0.1248	-40.51
YLR194C_mRNA	924	586.1	59.55	73.0	4.15	55.41	0.9989	0.1208	-51.26
YLR195C_mRNA	354	843.8	48.78	19.5	1.89	46.89	0.9944	0.0702	-45.0
YLR196W_mRNA	257	645.5	42.47	15.0	1.93	40.54	0.9728	0.0859	-38.61
YLR197W_mRNA	268	653.0	36.28	10.0	4.59	31.69	0.9291	0.0798	-27.09
YLR198C_mRNA	449	414.3	34.9	9.0	1.83	33.07	0.9755	0.0936	-31.24
YLR199C_mRNA	95	568.3	50.18	67.0	2.04	48.14	1.0	0.1018	-46.09
YLR200W_mRNA	199	478.8	40.6	12.0	2.96	37.64	1.0	0.086	-34.68
YLR201C_mRNA	84	481.3	42.8	18.5	1.68	41.12	1.0	0.0991	-39.44
YLR202C_mRNA	75	627.9	66.44	78.0	1.35	65.09	1.0	0.1175	-63.75
YLR203C_mRNA	122	653.9	47.34	14.0	5.52	41.82	0.9836	0.103	-36.3
YLR204W_mRNA	58	412.6	43.34	19.5	4.14	39.21	0.9828	0.1008	-35.07
YLR205C_mRNA	78	534.5	67.74	75.0	9.68	58.06	1.0	0.1489	-48.38
YLR206W_mRNA	143	639.6	64.88	68.0	10.08	54.8	1.0	0.1351	-44.73
YLR207W_mRNA	47	589.6	45.64	8.0	6.47	39.17	1.0	0.0946	-32.7
YLR208W_mRNA	352	706.3	47.71	65.0	1.89	45.82	0.9886	0.0874	-43.93
YLR209C_mRNA	95	693.4	53.0	70.0	1.47	51.53	1.0	0.0947	-50.05
YLR210W_mRNA	46	644.9	48.3	62.5	2.3	46.0	1.0	0.0916	-43.7
YLR211C_mRNA	60	735.0	73.72	43.0	3.08	70.63	1.0	0.1115	-67.55
YLR212C_mRNA	38	808.0	47.97	24.5	1.92	46.05	1.0	0.0783	-44.13
YLR213C_mRNA	31	565.9	66.71	66.0	14.42	52.29	0.9677	0.1476	-37.87
YLR214W_mRNA	243	825.5	51.67	34.0	6.93	44.74	0.9835	0.0817	-37.81
YLR215C_mRNA	62	650.5	37.52	10.5	0.9	36.61	0.9839	0.0692	-35.71
YLR216C_mRNA	1029	709.4	49.81	66.0	2.12	47.69	0.9854	0.0862	-45.56
YLR217W_mRNA	1485	686.3	48.92	55.0	1.66	47.26	0.9899	0.0872	-45.6
YLR218C_mRNA	20	341.2	48.85	18.5	0.8	48.05	0.95	0.1288	-47.25
YLR219W_mRNA	84	717.5	54.83	68.0	2.7	52.13	0.9643	0.1207	-49.43
YLR220W_mRNA	211	730.8	47.19	21.0	2.68	44.51	1.0	0.0855	-41.83
YLR221C_mRNA	516	650.5	47.82	17.5	2.45	45.36	0.9942	0.0798	-42.91
YLR222C-A_mRNA	36	461.6	48.0	65.5	3.58	44.42	1.0	0.1334	-40.83
YLR222C_mRNA	320	651.0	44.37	14.5	1.96	42.41	0.9781	0.0791	-40.46
YLR223C_mRNA	37	701.9	57.16	20.0	6.24	50.92	1.0	0.1051	-44.68
YLR224W_mRNA	120	740.2	57.98	69.5	2.88	55.1	1.0	0.113	-52.22
YLR225C_mRNA	408	829.3	49.21	27.5	2.24	46.97	0.9926	0.0803	-44.73
YLR226W_mRNA	98	699.5	35.71	11.0	1.85	33.87	1.0	0.0675	-32.02
YLR227C_mRNA	169	552.0	50.44	66.0	2.51	47.92	0.9941	0.1024	-45.41
YLR227W-B_mRNA	380	1308.2	275.09	321.5	2.36	272.73	0.9816	0.198	-270.37
YLR228C_mRNA	95	628.9	60.2	22.0	3.71	56.49	1.0	0.1058	-52.79
YLR229C_mRNA	346	616.1	46.44	22.0	2.56	43.88	0.9942	0.0847	-41.33
YLR230W_mRNA	203	620.2	52.93	69.0	3.18	49.75	0.9951	0.1008	-46.57
YLR231C_mRNA	46	765.1	65.8	76.5	5.43	60.37	0.9783	0.1195	-54.93
YLR233C_mRNA	28	689.6	68.43	73.0	15.82	52.61	1.0	0.1218	-36.79
YLR234W_mRNA	11	463.3	56.55	71.0	3.55	53.0	1.0	0.1377	-49.45
YLR237W_mRNA	87	632.2	99.33	79.0	58.51	40.83	0.9885	0.2593	17.68
YLR238W_mRNA	33	587.2	37.3	11.0	1.12	36.18	1.0	0.0817	-35.06
YLR239C_mRNA	68	726.6	55.79	31.5	10.1	45.69	1.0	0.083	-35.59
YLR240W_mRNA	78	614.1	58.38	74.5	1.68	56.71	0.9744	0.1162	-55.03
YLR241W_mRNA	130	836.1	52.91	67.5	3.69	49.22	0.9923	0.0961	-45.52
YLR242C_mRNA	82	607.3	50.4	63.5	1.71	48.7	0.9634	0.0997	-46.99
YLR243W_mRNA	169	637.4	44.71	20.0	2.92	41.79	0.9941	0.0808	-38.86
YLR244C_mRNA	349	728.3	53.46	50.0	3.01	50.45	0.9943	0.0994	-47.44
YLR245C_mRNA	8	501.0	58.12	61.5	2.75	55.38	1.0	0.1169	-52.62
YLR246W_mRNA	65	574.6	56.62	71.0	3.89	52.72	1.0	0.127	-48.83
YLR247C_mRNA	76	449.9	84.8	74.0	47.05	37.75	0.9868	0.2482	9.3
YLR248W_mRNA	187	705.9	49.98	57.0	2.53	47.45	0.9947	0.1105	-44.91
YLR249W_mRNA	4094	577.5	33.77	9.0	2.25	31.52	0.9819	0.0788	-29.27
YLR250W_mRNA	523	669.9	44.69	14.0	4.5	40.19	0.9981	0.07	-35.68
YLR251W_mRNA	122	679.3	81.76	73.0	27.07	54.69	1.0	0.1245	-27.61
YLR252W_mRNA	37	825.9	78.54	86.0	18.73	59.81	1.0	0.0973	-41.08
YLR253W_mRNA	73	612.5	52.53	72.0	2.89	49.64	1.0	0.1273	-46.75
YLR254C_mRNA	120	511.0	45.2	22.0	1.79	43.41	0.9917	0.0938	-41.62
YLR256W_mRNA	282	509.1	137.9	101.0	37.91	99.99	0.9858	0.3075	-62.08
YLR257W_mRNA	869	647.9	48.27	14.0	7.41	40.86	0.9896	0.0976	-33.45
YLR258W_mRNA	122	684.3	47.4	16.0	2.45	44.95	0.9426	0.0915	-42.5
YLR259C_mRNA	1836	664.9	48.03	30.5	2.86	45.18	0.9907	0.0927	-42.32
YLR260W_mRNA	93	763.3	51.3	28.0	9.23	42.08	1.0	0.0958	-32.85
YLR261C_mRNA	290	711.2	53.14	65.0	2.47	50.67	0.9966	0.0815	-48.21
YLR262C-A_mRNA	3742	347.4	52.22	23.0	2.25	49.97	0.9995	0.1367	-47.72
YLR262C_mRNA	127	721.7	51.42	65.0	2.19	49.23	0.9764	0.0774	-47.04
YLR263W_mRNA	40	388.3	58.3	55.5	14.82	43.48	0.925	0.1683	-28.65
YLR264W_mRNA	3766	571.1	52.64	67.0	2.89	49.75	0.9934	0.1095	-46.85
YLR265C_mRNA	104	600.4	69.06	61.0	21.41	47.64	0.9904	0.1171	-26.23
YLR266C_mRNA	90	765.5	47.46	35.5	2.83	44.62	1.0	0.0785	-41.79
YLR267W_mRNA	31	728.8	59.84	68.0	6.77	53.06	1.0	0.129	-46.29
YLR268W_mRNA	143	722.1	41.32	12.0	2.41	38.92	1.0	0.0607	-36.51
YLR269C_mRNA	34	375.8	40.74	15.5	2.09	38.65	1.0	0.1147	-36.56
YLR270W_mRNA	139	618.8	45.91	24.0	4.28	41.63	0.9856	0.0957	-37.35
YLR271W_mRNA	143	520.4	269.48	255.0	130.62	138.86	1.0	0.5654	-8.24
YLR272C_mRNA	53	832.2	66.68	59.0	18.66	48.02	1.0	0.1236	-29.36
YLR273C_mRNA	14	959.6	61.93	81.0	0.71	61.21	1.0	0.0932	-60.5
YLR274W_mRNA	171	829.1	60.25	74.0	2.89	57.36	0.9883	0.1021	-54.47
YLR275W_mRNA	248	548.3	52.77	63.0	2.6	50.17	1.0	0.1	-47.56
YLR276C_mRNA	366	654.5	45.69	23.0	2.86	42.83	0.9809	0.0874	-39.97
YLR277C_mRNA	134	575.1	48.71	16.0	2.27	46.44	0.9925	0.1039	-44.17
YLR278C_mRNA	136	660.5	63.84	76.5	3.93	59.9	1.0	0.1358	-55.97
YLR279W_mRNA	14	405.9	169.07	158.0	3.29	165.79	1.0	0.4149	-162.5
YLR282C_mRNA	43	644.3	52.63	67.0	3.44	49.19	1.0	0.0958	-45.74
YLR283W_mRNA	37	722.8	54.7	63.0	1.59	53.11	1.0	0.0941	-51.51
YLR284C_mRNA	44	686.2	48.64	16.5	7.41	41.23	1.0	0.0711	-33.82
YLR285C-A_mRNA	305	618.2	51.4	66.0	4.45	46.95	0.9967	0.0959	-42.5
YLR285W_mRNA	164	720.8	55.06	70.0	2.66	52.4	0.9878	0.0862	-49.73
YLR286C_mRNA	441	1133.0	60.17	74.0	4.93	55.24	0.9977	0.0816	-50.31
YLR286W-A_mRNA	42	1195.7	199.05	239.0	4.6	194.45	0.9762	0.1639	-189.86
YLR287C-A_mRNA	16732	413.0	43.46	14.0	3.68	39.78	0.9919	0.0982	-36.1
YLR287C_mRNA	283	775.5	48.86	19.0	1.74	47.12	0.9965	0.0724	-45.37
YLR288C_mRNA	67	702.8	53.16	27.0	7.84	45.33	1.0	0.106	-37.49
YLR289W_mRNA	29	778.0	69.0	83.0	3.86	65.14	0.9655	0.1126	-61.28
YLR290C_mRNA	188	665.7	53.53	69.0	2.34	51.2	0.9787	0.0972	-48.86
YLR291C_mRNA	215	609.3	49.13	59.0	2.7	46.43	0.9953	0.1109	-43.73
YLR292C_mRNA	654	609.6	45.82	20.0	3.62	42.2	0.9924	0.0822	-38.59
YLR293C_mRNA	2356	644.2	46.24	20.0	3.19	43.05	0.997	0.0816	-39.86
YLR294C_mRNA	284	535.8	44.45	17.0	3.53	40.93	0.9965	0.0889	-37.4
YLR295C_mRNA	221	532.9	39.38	12.0	3.14	36.25	1.0	0.0786	-33.11
YLR297W_mRNA	42	530.9	60.02	70.0	12.74	47.29	0.9762	0.1309	-34.55
YLR298C_mRNA	115	610.4	43.3	13.0	7.16	36.14	0.9478	0.0849	-28.98
YLR299W_mRNA	110	539.3	69.55	74.0	20.55	49.0	1.0	0.173	-28.45
YLR300W_mRNA	1450	771.9	48.23	26.5	3.0	45.23	0.9959	0.0868	-42.23
YLR301W_mRNA	1062	727.5	44.99	15.0	2.64	42.35	0.984	0.0703	-39.72
YLR303W_mRNA	896	760.9	55.71	72.0	2.89	52.82	0.9978	0.1011	-49.93
YLR304C_mRNA	595	865.4	54.21	69.0	3.69	50.52	0.995	0.0986	-46.83
YLR305C_mRNA	152	797.4	83.05	81.0	5.69	77.36	0.9934	0.1611	-71.67
YLR306W_mRNA	97	609.2	56.25	72.0	8.99	47.26	1.0	0.099	-38.27
YLR307C-A_mRNA	26	577.2	91.31	88.0	25.38	65.92	1.0	0.1499	-40.54
YLR307W_mRNA	10	747.1	55.1	74.5	1.9	53.2	1.0	0.0946	-51.3
YLR309C_mRNA	233	836.5	57.03	36.0	1.86	55.17	0.9828	0.0851	-53.31
YLR310C_mRNA	163	689.7	51.39	66.0	3.66	47.73	0.9939	0.0935	-44.07
YLR312C_mRNA	13	720.7	26.54	8.0	3.08	23.46	1.0	0.0324	-20.38
YLR312W-A_mRNA	251	678.4	47.87	29.0	2.11	45.76	1.0	0.0844	-43.65
YLR313C_mRNA	22	683.0	60.5	67.0	1.82	58.68	1.0	0.116	-56.86
YLR314C_mRNA	244	702.5	44.69	16.0	2.6	42.09	0.9836	0.0823	-39.49
YLR315W_mRNA	12	467.2	27.25	8.5	1.08	26.17	1.0	0.0563	-25.08
YLR316C_mRNA	36	707.1	54.92	73.5	1.36	53.56	1.0	0.1196	-52.19
YLR317W_mRNA	44	521.8	55.68	40.5	9.3	46.39	1.0	0.1337	-37.09
YLR318W_mRNA	19	635.3	50.32	70.0	2.68	47.63	1.0	0.0998	-44.95
YLR319C_mRNA	94	698.1	64.98	73.5	8.05	56.93	1.0	0.1082	-48.87
YLR320W_mRNA	38	746.3	41.92	15.0	2.89	39.03	1.0	0.0819	-36.13
YLR321C_mRNA	80	545.0	43.88	14.5	1.49	42.39	0.975	0.0961	-40.9
YLR323C_mRNA	44	663.8	37.84	12.5	1.89	35.95	0.9773	0.0783	-34.07
YLR324W_mRNA	78	443.8	76.36	84.5	35.29	41.06	1.0	0.249	-5.77
YLR325C_mRNA	19880	479.1	46.1	18.0	2.03	44.07	0.9976	0.093	-42.04
YLR326W_mRNA	51	508.9	54.76	18.0	6.88	47.88	1.0	0.1217	-41.0
YLR327C_mRNA	2976	484.5	50.32	66.0	2.63	47.69	0.9956	0.1038	-45.06
YLR328W_mRNA	126	756.6	58.51	71.5	5.51	53.0	1.0	0.0994	-47.49
YLR329W_mRNA	19	546.2	128.0	122.0	21.79	106.21	1.0	0.2458	-84.42
YLR330W_mRNA	182	464.2	44.95	18.5	3.16	41.79	1.0	0.1265	-38.63
YLR331C_mRNA	146	692.7	51.76	70.5	2.25	49.51	0.9863	0.1088	-47.27
YLR332W_mRNA	129	609.7	53.05	69.0	1.94	51.12	0.9767	0.1219	-49.18
YLR333C_mRNA	7658	459.8	56.04	37.0	14.37	41.67	0.9988	0.1176	-27.3
YLR334C_mRNA	17	490.6	273.71	133.0	213.24	60.47	1.0	0.4252	152.76
YLR335W_mRNA	230	744.0	40.6	11.0	2.94	37.65	0.9826	0.0788	-34.71
YLR336C_mRNA	182	815.4	42.31	13.0	1.41	40.91	0.9725	0.0714	-39.5
YLR337C_mRNA	102	597.7	51.12	31.0	6.57	44.55	1.0	0.1079	-37.98
YLR339C_mRNA	2984	791.7	53.98	70.0	3.09	50.89	0.9956	0.0818	-47.8
YLR340W_mRNA	2956	793.6	50.86	65.0	2.93	47.92	0.9966	0.0787	-44.99
YLR341W_mRNA	46	576.3	154.54	80.0	1.91	152.63	0.9783	0.2107	-150.72
YLR342W-A_mRNA	1097	500.4	53.74	70.0	3.6	50.15	0.9991	0.1195	-46.55
YLR342W_mRNA	906	1121.3	61.32	75.0	3.02	58.29	0.9912	0.0841	-55.27
YLR343W_mRNA	129	400.6	140.45	93.0	90.72	49.73	1.0	0.3287	40.99
YLR344W_mRNA	4918	469.9	46.17	17.0	2.12	44.05	0.9955	0.0975	-41.93
YLR345W_mRNA	175	773.2	62.91	76.0	1.95	60.95	0.9886	0.1102	-59.0
YLR346C_mRNA	54	467.6	45.09	11.5	4.11	40.98	1.0	0.0859	-36.87
YLR347C_mRNA	202	877.8	58.61	72.0	5.06	53.55	1.0	0.1003	-48.49
YLR348C_mRNA	77	608.0	42.18	18.0	2.12	40.06	1.0	0.0793	-37.95
YLR349W_mRNA	127	554.5	48.72	18.0	2.5	46.22	1.0	0.1038	-43.72
YLR350W_mRNA	232	620.7	60.94	76.0	6.29	54.65	1.0	0.1144	-48.36
YLR351C_mRNA	233	687.1	42.21	13.0	2.27	39.94	1.0	0.0729	-37.67
YLR352W_mRNA	32	738.2	65.72	25.0	30.66	35.06	0.9688	0.1106	-4.41
YLR353W_mRNA	80	655.4	45.7	35.0	3.08	42.62	1.0	0.0973	-39.55
YLR354C_mRNA	784	773.2	49.79	29.0	3.32	46.47	0.9974	0.0873	-43.15
YLR355C_mRNA	2128	641.7	46.33	28.5	3.04	43.29	0.9868	0.0992	-40.25
YLR356W_mRNA	77	573.0	59.19	75.0	5.42	53.78	1.0	0.1202	-48.36
YLR357W_mRNA	38	898.2	41.34	19.5	1.37	39.97	0.9737	0.0721	-38.61
YLR358C_mRNA	11	487.9	29.0	9.0	2.27	26.73	1.0	0.0817	-24.45
YLR359W_mRNA	411	746.0	49.67	31.0	2.12	47.55	0.9951	0.092	-45.43
YLR360W_mRNA	93	779.0	44.97	16.0	2.96	42.01	0.9892	0.0657	-39.05
YLR361C-A_mRNA	218	423.1	43.21	12.5	7.85	35.36	0.9725	0.0966	-27.5
YLR361C_mRNA	107	830.4	56.94	64.0	5.54	51.4	0.9813	0.0838	-45.86
YLR362W_mRNA	53	745.2	51.47	36.0	2.91	48.57	0.9811	0.0978	-45.66
YLR363C_mRNA	144	690.0	56.97	58.0	6.24	50.72	1.0	0.1018	-44.48
YLR363W-A_mRNA	288	439.2	37.66	12.0	3.52	34.14	0.9722	0.0834	-30.62
YLR364W_mRNA	75	396.9	69.52	61.0	17.8	51.72	0.9867	0.1604	-33.92
YLR367W_mRNA	4440	499.9	113.41	75.0	70.23	43.18	0.9989	0.1992	27.06
YLR368W_mRNA	70	593.3	49.53	23.5	2.67	46.86	1.0	0.1011	-44.19
YLR369W_mRNA	99	717.7	50.61	53.0	4.8	45.81	1.0	0.0984	-41.01
YLR370C_mRNA	310	555.1	41.43	13.0	2.09	39.34	0.9935	0.0778	-37.25
YLR371W_mRNA	175	771.4	47.15	15.0	7.89	39.26	0.9943	0.0843	-31.38
YLR372W_mRNA	1033	674.9	49.91	56.0	2.87	47.04	0.9971	0.0957	-44.17
YLR373C_mRNA	120	706.0	56.41	63.0	2.49	53.92	0.9917	0.0998	-51.42
YLR374C_mRNA	78	759.0	55.37	75.0	1.9	53.47	1.0	0.0878	-51.58
YLR375W_mRNA	88	580.3	49.7	44.5	2.83	46.88	1.0	0.1007	-44.05
YLR376C_mRNA	36	595.6	45.39	22.5	3.61	41.78	0.9722	0.085	-38.17
YLR377C_mRNA	21	536.7	79.9	39.0	4.43	75.48	1.0	0.1528	-71.05
YLR378C_mRNA	446	862.7	52.76	50.0	6.48	46.27	0.991	0.1004	-39.79
YLR380W_mRNA	123	739.7	48.05	31.0	5.11	42.93	1.0	0.0922	-37.82
YLR381W_mRNA	76	624.5	59.89	34.5	3.2	56.7	0.9868	0.1243	-53.5
YLR382C_mRNA	81	608.6	81.64	77.0	3.38	78.26	0.9877	0.1845	-74.88
YLR383W_mRNA	83	621.1	63.07	29.0	7.92	55.16	1.0	0.1348	-47.24
YLR384C_mRNA	265	754.1	42.08	22.0	2.0	40.08	0.9774	0.08	-38.08
YLR385C_mRNA	6	791.3	65.83	70.5	1.5	64.33	0.8333	0.1376	-62.83
YLR386W_mRNA	71	925.0	45.28	13.0	1.0	44.28	1.0	0.0702	-43.28
YLR387C_mRNA	307	751.5	50.75	54.0	2.98	47.77	0.9935	0.0885	-44.79
YLR388W_mRNA	6770	298.6	53.81	63.0	7.12	46.69	0.9988	0.1675	-39.56
YLR389C_mRNA	51	759.1	30.57	9.0	1.43	29.14	1.0	0.0492	-27.71
YLR390W-A_mRNA	950	659.7	58.1	74.0	4.1	54.0	0.9968	0.1042	-49.91
YLR390W_mRNA	231	448.9	35.77	10.0	1.89	33.87	0.9913	0.0889	-31.98
YLR392C_mRNA	33	951.3	50.79	71.0	1.27	49.52	1.0	0.0682	-48.24
YLR394W_mRNA	38	986.0	87.03	82.0	12.92	74.11	1.0	0.1264	-61.18
YLR395C_mRNA	1404	532.2	55.74	66.5	1.46	54.28	0.9936	0.1057	-52.82
YLR396C_mRNA	75	719.3	57.95	75.0	4.49	53.45	1.0	0.1071	-48.96
YLR397C_mRNA	134	633.0	46.4	21.5	1.69	44.71	0.9627	0.0993	-43.02
YLR398C_mRNA	124	877.2	49.15	16.0	2.71	46.44	1.0	0.0803	-43.73
YLR399C_mRNA	194	610.1	46.31	27.0	2.3	44.01	0.9845	0.0918	-41.71
YLR400W_mRNA	34	367.0	37.0	15.0	4.09	32.91	1.0	0.1003	-28.82
YLR401C_mRNA	83	790.9	41.29	12.0	2.3	38.99	0.9759	0.0638	-36.69
YLR402W_mRNA	6	467.8	331.17	335.5	33.67	297.5	1.0	0.6885	-263.83
YLR403W_mRNA	90	890.0	105.03	77.5	52.58	52.46	1.0	0.1367	0.12
YLR404W_mRNA	78	407.8	140.38	168.0	1.45	138.94	1.0	0.4472	-137.49
YLR405W_mRNA	129	458.5	44.03	22.0	2.59	41.44	1.0	0.1323	-38.85
YLR406C_mRNA	2459	461.1	41.6	14.0	2.8	38.8	0.9951	0.0917	-36.0
YLR407W_mRNA	75	665.3	46.53	21.0	2.05	44.48	1.0	0.0829	-42.43
YLR408C_mRNA	123	429.6	52.15	62.0	1.41	50.73	1.0	0.1184	-49.32
YLR409C_mRNA	245	679.5	42.01	14.0	1.78	40.23	0.9918	0.0764	-38.44
YLR410W-A_mRNA	29	547.9	69.79	56.0	20.34	49.45	0.9655	0.1568	-29.1
YLR410W-B_mRNA	90	851.4	128.94	82.5	7.92	121.02	0.9889	0.1508	-113.1
YLR410W_mRNA	123	1000.7	47.39	21.0	2.85	44.54	0.9756	0.0693	-41.68
YLR411W_mRNA	36	525.9	93.0	89.5	8.39	84.61	0.9722	0.1838	-76.22
YLR412C-A_mRNA	10	445.7	46.2	26.0	5.6	40.6	1.0	0.1096	-35.0
YLR412W_mRNA	119	614.9	45.07	31.0	2.8	42.27	1.0	0.0959	-39.47
YLR413W_mRNA	305	864.3	53.81	67.0	5.4	48.41	0.9738	0.0907	-43.01
YLR414C_mRNA	505	638.3	52.21	68.0	4.89	47.32	0.9921	0.0904	-42.44
YLR417W_mRNA	47	709.6	44.96	21.0	2.7	42.26	0.9787	0.0822	-39.55
YLR418C_mRNA	180	789.0	42.24	14.0	1.47	40.77	0.9944	0.0702	-39.3
YLR419W_mRNA	74	788.6	67.05	81.0	5.2	61.85	1.0	0.1297	-56.65
YLR420W_mRNA	321	743.2	41.34	16.0	2.16	39.19	0.9907	0.0757	-37.03
YLR421C_mRNA	734	523.5	43.19	16.0	2.3	40.89	0.9946	0.0913	-38.58
YLR422W_mRNA	62	917.5	62.34	74.5	2.27	60.06	0.9839	0.1107	-57.79
YLR423C_mRNA	67	661.3	49.4	33.0	3.03	46.37	1.0	0.0868	-43.34
YLR424W_mRNA	45	654.7	67.47	84.0	13.22	54.24	0.9778	0.1592	-41.02
YLR425W_mRNA	51	760.8	70.14	67.0	2.76	67.37	0.9804	0.1483	-64.61
YLR426W_mRNA	46	707.8	52.67	39.0	9.48	43.2	0.9783	0.0941	-33.72
YLR427W_mRNA	89	554.3	47.39	55.0	2.12	45.27	1.0	0.1106	-43.15
YLR429W_mRNA	303	776.7	48.03	26.0	2.35	45.68	0.9835	0.0943	-43.33
YLR430W_mRNA	92	603.0	54.8	68.0	3.65	51.15	0.9783	0.1185	-47.5
YLR431C_mRNA	41	715.2	80.27	73.0	18.17	62.1	1.0	0.1512	-43.93
YLR432W_mRNA	945	843.8	50.16	63.0	3.38	46.77	0.9862	0.0894	-43.39
YLR433C_mRNA	75	597.2	45.28	29.0	3.68	41.6	1.0	0.1041	-37.92
YLR434C_mRNA	283	567.6	40.2	13.0	1.94	38.26	1.0	0.0773	-36.32
YLR435W_mRNA	340	558.5	43.53	14.0	2.3	41.24	1.0	0.0814	-38.94
YLR436C_mRNA	139	713.4	67.82	73.0	2.32	65.5	1.0	0.129	-63.17
YLR437C_mRNA	92	488.8	42.62	12.0	4.22	38.4	1.0	0.086	-34.18
YLR438C-A_mRNA	316	420.0	46.18	22.0	3.32	42.86	1.0	0.1086	-39.55
YLR438W_mRNA	12	505.1	48.67	43.5	2.08	46.58	1.0	0.1205	-44.5
YLR439W_mRNA	39	829.8	68.38	78.0	3.23	65.15	1.0	0.0964	-61.92
YLR440C_mRNA	58	1044.9	49.86	19.5	3.21	46.66	1.0	0.0738	-43.45
YLR441C_mRNA	11575	766.3	43.53	14.0	1.91	41.62	0.9903	0.0683	-39.72
YLR442C_mRNA	76	758.0	55.03	74.5	2.41	52.62	1.0	0.094	-50.21
YLR443W_mRNA	122	804.5	53.57	70.0	1.99	51.58	0.9918	0.0938	-49.59
YLR446W_mRNA	83	664.8	43.73	18.0	4.33	39.41	1.0	0.0773	-35.08
YLR447C_mRNA	1280	812.9	41.52	13.0	1.99	39.53	0.9625	0.0637	-37.54
YLR448W_mRNA	3214	623.6	50.07	22.0	3.35	46.72	0.9966	0.0872	-43.37
YLR449W_mRNA	443	490.5	48.46	19.0	3.57	44.89	1.0	0.1073	-41.32
YLR450W_mRNA	133	884.3	58.86	66.0	2.72	56.14	1.0	0.1043	-53.42
YLR451W_mRNA	71	643.4	84.03	73.0	22.87	61.15	1.0	0.1939	-38.28
YLR452C_mRNA	113	845.0	97.15	73.0	25.61	71.54	0.9823	0.1398	-45.93
YLR453C_mRNA	28	643.1	155.25	104.0	10.61	144.64	1.0	0.2218	-134.04
YLR454W_mRNA	97	880.0	52.95	25.0	2.31	50.64	0.9897	0.1009	-48.33
YLR455W_mRNA	215	712.9	53.22	31.0	8.69	44.53	0.986	0.0918	-35.84
YLR456W_mRNA	130	525.4	54.82	49.0	2.73	52.08	1.0	0.11	-49.35
YLR457C_mRNA	37	615.8	45.27	28.0	1.97	43.3	1.0	0.0983	-41.32
YLR459W_mRNA	125	615.4	96.48	74.0	23.56	72.92	1.0	0.1613	-49.36
YLR460C_mRNA	92	616.4	52.34	29.0	5.55	46.78	1.0	0.1071	-41.23
YLR466C-A_mRNA	29	592.9	44.0	20.0	2.1	41.9	1.0	0.0909	-39.79
YLR466W_mRNA	42	627.2	50.64	19.5	3.26	47.38	1.0	0.0876	-44.12
YLR467W_mRNA	69	607.8	49.91	28.0	2.58	47.33	1.0	0.1021	-44.75
YML001W_mRNA	585	675.7	52.08	68.0	3.4	48.68	0.9897	0.0836	-45.28
YML002W_mRNA	121	869.6	54.07	68.0	4.05	50.02	1.0	0.0853	-45.98
YML004C_mRNA	474	806.5	59.5	65.5	2.72	56.78	0.9958	0.0877	-54.06
YML005W_mRNA	107	736.1	58.72	75.0	4.59	54.13	1.0	0.1045	-49.54
YML006C_mRNA	126	738.0	57.1	50.0	1.9	55.19	1.0	0.1021	-53.29
YML007C-A_mRNA	7	348.1	93.43	89.0	2.57	90.86	1.0	0.2366	-88.29
YML007W_mRNA	223	705.0	51.83	39.0	7.1	44.73	0.9821	0.0924	-37.63
YML008C_mRNA	698	755.8	52.28	44.0	2.08	50.19	0.9943	0.0871	-48.11
YML009C-A_mRNA	90	581.9	48.54	29.0	3.9	44.64	1.0	0.0975	-40.74
YML009C_mRNA	283	418.6	40.34	13.0	4.86	35.48	0.9929	0.0924	-30.62
YML009W-B_mRNA	120	599.6	49.35	48.5	3.12	46.22	0.9917	0.1061	-43.1
YML010W_mRNA	78	879.8	42.29	11.0	3.27	39.03	0.9872	0.0762	-35.76
YML011C_mRNA	128	440.1	47.85	38.0	7.4	40.45	0.9766	0.1293	-33.05
YML012C-A_mRNA	97	715.2	78.13	69.0	6.29	71.85	0.9897	0.1077	-65.56
YML012W_mRNA	784	544.8	57.14	65.0	2.0	55.14	0.9911	0.1114	-53.13
YML013W_mRNA	31	999.3	39.52	12.0	0.97	38.55	1.0	0.0563	-37.58
YML014W_mRNA	37	637.6	32.0	11.0	2.81	29.19	0.973	0.0539	-26.38
YML015C_mRNA	56	591.5	50.02	47.5	2.21	47.8	0.9821	0.1055	-45.59
YML016C_mRNA	173	563.2	75.64	80.0	9.13	66.51	1.0	0.1951	-57.39
YML017W_mRNA	88	545.0	89.36	77.5	15.99	73.38	0.9886	0.198	-57.39
YML018C_mRNA	141	632.6	53.11	70.0	2.6	50.51	0.9929	0.108	-47.91
YML019W_mRNA	193	786.7	62.62	70.0	2.76	59.85	0.9845	0.104	-57.09
YML020W_mRNA	47	672.5	76.04	85.0	6.06	69.98	1.0	0.1481	-63.91
YML021C_mRNA	94	675.4	43.81	13.5	3.71	40.1	0.9894	0.0891	-36.38
YML022W_mRNA	1979	671.0	51.83	68.0	2.63	49.2	0.9949	0.0827	-46.57
YML023C_mRNA	66	760.2	70.42	57.5	6.91	63.52	0.9545	0.0952	-56.61
YML024W_mRNA	12518	499.3	42.33	14.0	3.11	39.22	0.9938	0.0846	-36.11
YML025C_mRNA	52	540.6	34.9	11.0	4.19	30.71	0.9808	0.0894	-26.52
YML026C_mRNA	12200	557.0	44.13	17.0	3.37	40.76	0.9952	0.0826	-37.4
YML027W_mRNA	30	593.9	71.63	77.0	6.77	64.87	0.9333	0.1345	-58.1
YML028W_mRNA	1910	634.2	50.09	62.0	4.67	45.43	0.9927	0.083	-40.76
YML029W_mRNA	37	1056.1	55.46	65.0	3.73	51.73	1.0	0.0817	-48.0
YML030W_mRNA	101	417.2	46.46	19.0	3.01	43.45	0.9901	0.1202	-40.44
YML031W_mRNA	70	807.9	48.46	54.5	1.67	46.79	0.9571	0.0778	-45.11
YML032C_mRNA	57	838.5	43.88	17.0	1.84	42.04	0.9825	0.0563	-40.19
YML034W_mRNA	182	656.4	64.57	74.0	5.18	59.38	0.9835	0.126	-54.2
YML035C_mRNA	183	698.0	63.7	43.0	11.8	51.91	0.9727	0.109	-40.11
YML036W_mRNA	181	587.9	62.75	70.0	3.35	59.4	0.9834	0.1025	-56.06
YML038C_mRNA	237	597.1	122.75	74.0	79.06	43.69	0.9916	0.2435	35.37
YML039W_mRNA	2302	1543.6	323.37	340.0	2.59	320.78	0.9935	0.2277	-318.2
YML041C_mRNA	102	654.8	51.85	55.0	3.9	47.95	0.9706	0.0997	-44.05
YML042W_mRNA	53	564.4	66.72	69.0	2.0	64.72	1.0	0.1461	-62.72
YML043C_mRNA	33	820.8	54.0	73.0	4.61	49.39	1.0	0.0939	-44.79
YML045W_mRNA	1355	1127.0	326.75	339.0	2.92	323.83	0.9926	0.3225	-320.9
YML046W_mRNA	120	840.4	62.78	75.5	2.5	60.28	0.9667	0.1121	-57.78
YML048W_mRNA	310	739.7	53.26	67.5	2.48	50.78	0.9968	0.0935	-48.3
YML049C_mRNA	101	582.3	47.64	51.0	1.29	46.36	1.0	0.1078	-45.07
YML050W_mRNA	37	634.2	53.97	42.0	1.89	52.08	1.0	0.0918	-50.19
YML051W_mRNA	73	745.0	49.71	20.0	1.74	47.97	1.0	0.082	-46.23
YML052W_mRNA	131	744.7	53.18	69.0	3.48	49.7	0.9924	0.0848	-46.22
YML053C_mRNA	104	621.9	73.41	77.5	17.96	55.45	1.0	0.1623	-37.49
YML054C_mRNA	31	655.9	51.84	34.0	3.1	48.74	1.0	0.0968	-45.65
YML055W_mRNA	242	527.9	49.56	18.0	4.21	45.35	0.9917	0.1057	-41.14
YML056C_mRNA	1375	773.4	45.4	18.0	5.38	40.02	0.9811	0.0839	-34.63
YML057W_mRNA	170	744.2	62.79	65.0	2.25	60.54	1.0	0.1096	-58.29
YML058W-A_mRNA	34	381.8	48.97	17.0	10.0	38.97	1.0	0.1095	-28.97
YML058W_mRNA	1027	515.3	44.33	21.0	3.25	41.08	0.9981	0.0845	-37.83
YML059C_mRNA	85	860.9	62.56	48.0	2.66	59.91	1.0	0.1094	-57.25
YML060W_mRNA	58	733.6	37.66	11.0	1.41	36.24	0.9828	0.0628	-34.83
YML061C_mRNA	147	517.9	46.83	23.0	5.16	41.67	0.9932	0.1382	-36.52
YML062C_mRNA	33	288.2	72.61	73.0	5.03	67.58	1.0	0.2124	-62.55
YML063W_mRNA	15985	691.4	54.76	40.0	2.88	51.88	0.9964	0.0895	-49.0
YML064C_mRNA	66	547.2	53.23	70.0	2.82	50.41	0.9848	0.1276	-47.59
YML065W_mRNA	68	583.8	60.84	62.0	1.96	58.88	1.0	0.1208	-56.93
YML066C_mRNA	17	594.4	88.71	73.0	47.06	41.65	1.0	0.1752	5.41
YML067C_mRNA	341	781.7	40.81	11.0	3.08	37.73	0.9912	0.0599	-34.65
YML068W_mRNA	54	891.8	62.78	28.5	2.46	60.31	1.0	0.0785	-57.85
YML069W_mRNA	50	529.4	60.12	15.0	5.32	54.8	0.98	0.1275	-49.48
YML070W_mRNA	241	686.9	50.41	31.0	3.27	47.14	1.0	0.0975	-43.86
YML071C_mRNA	58	425.9	50.09	10.0	9.9	40.19	0.9655	0.1288	-30.29
YML072C_mRNA	257	846.6	52.95	25.0	3.53	49.42	1.0	0.0881	-45.88
YML073C_mRNA	7034	502.8	46.09	20.0	2.29	43.81	0.9984	0.0984	-41.52
YML074C_mRNA	367	464.8	69.68	72.0	19.23	50.45	0.9973	0.1537	-31.22
YML075C_mRNA	347	876.1	76.92	79.0	4.97	71.95	1.0	0.1406	-66.97
YML076C_mRNA	70	779.7	68.36	73.5	4.41	63.94	1.0	0.1357	-59.53
YML077W_mRNA	252	572.5	51.43	63.5	4.89	46.54	0.996	0.0914	-41.65
YML078W_mRNA	407	572.7	60.43	73.0	7.06	53.37	0.9975	0.1103	-46.31
YML079W_mRNA	263	546.0	48.33	16.0	3.43	44.9	0.9962	0.0991	-41.46
YML080W_mRNA	74	734.3	57.96	67.5	7.27	50.69	0.9865	0.1093	-43.42
YML081C-A_mRNA	994	359.1	68.81	62.0	1.68	67.14	0.995	0.182	-65.46
YML081W_mRNA	175	709.1	51.09	68.0	2.11	48.97	1.0	0.1049	-46.86
YML082W_mRNA	81	461.9	51.8	59.0	10.78	41.02	1.0	0.1636	-30.25
YML083C_mRNA	18	667.5	66.11	46.5	24.11	42.0	1.0	0.1324	-17.89
YML085C_mRNA	259	846.1	61.66	46.0	9.68	51.99	1.0	0.1211	-42.31
YML086C_mRNA	279	537.6	48.81	35.0	3.18	45.64	1.0	0.1213	-42.46
YML087C_mRNA	23	595.0	90.65	79.0	1.22	89.43	1.0	0.1454	-88.22
YML088W_mRNA	101	456.3	44.14	17.0	3.45	40.69	0.9802	0.1165	-37.25
YML090W_mRNA	6	258.0	36.67	6.0	1.17	35.5	1.0	0.1141	-34.33
YML091C_mRNA	169	912.2	50.25	60.0	2.83	47.41	0.9704	0.0794	-44.58
YML092C_mRNA	352	679.1	58.09	73.0	2.24	55.85	0.9972	0.0996	-53.6
YML093W_mRNA	231	572.6	46.51	18.0	4.15	42.36	0.9827	0.0945	-38.22
YML094C-A_mRNA	98	488.7	55.81	66.0	7.29	48.52	0.9898	0.1153	-41.23
YML094W_mRNA	122	584.2	59.32	74.5	2.36	56.96	0.9918	0.0995	-54.6
YML095C_mRNA	67	613.1	52.58	69.0	1.87	50.72	0.9851	0.1019	-48.85
YML096W_mRNA	67	846.6	44.85	14.0	2.1	42.75	1.0	0.0729	-40.64
YML097C_mRNA	135	791.1	44.7	16.0	2.2	42.5	0.9926	0.0708	-40.3
YML098W_mRNA	59	419.9	40.15	14.0	1.03	39.12	0.9831	0.095	-38.08
YML099C_mRNA	17	855.6	70.88	62.0	1.47	69.41	1.0	0.0882	-67.94
YML099W-A_mRNA	56	399.2	42.48	21.5	5.45	37.04	1.0	0.1152	-31.59
YML100W-A_mRNA	48	359.3	32.06	12.0	2.33	29.73	1.0	0.0849	-27.4
YML100W_mRNA	158	978.4	50.94	33.0	2.49	48.46	0.981	0.0778	-45.97
YML101C-A_mRNA	32	440.2	48.81	68.5	4.09	44.72	1.0	0.1218	-40.62
YML101C_mRNA	31	401.5	45.48	15.0	1.32	44.16	1.0	0.1144	-42.84
YML102W_mRNA	13	661.4	39.62	26.0	4.62	35.0	1.0	0.0715	-30.38
YML103C_mRNA	224	850.7	45.9	19.0	2.06	43.84	0.9911	0.0751	-41.78
YML104C_mRNA	68	581.4	77.81	74.5	7.28	70.53	1.0	0.1597	-63.25
YML105C_mRNA	385	607.1	43.73	16.0	2.28	41.45	0.987	0.0843	-39.17
YML106W_mRNA	1010	664.4	105.83	92.0	2.5	103.33	0.999	0.2082	-100.84
YML107C_mRNA	67	752.1	53.25	71.0	2.27	50.99	0.9851	0.0774	-48.72
YML108W_mRNA	362	528.1	46.95	21.0	4.72	42.24	0.9945	0.0882	-37.52
YML109W_mRNA	40	580.2	51.85	21.5	3.12	48.72	1.0	0.1137	-45.6
YML110C_mRNA	333	700.6	42.06	14.0	2.43	39.62	0.976	0.0699	-37.19
YML111W_mRNA	83	866.6	64.69	80.0	4.67	60.01	1.0	0.1072	-55.34
YML112W_mRNA	88	521.6	133.22	76.5	88.88	44.34	1.0	0.2963	44.53
YML113W_mRNA	84	566.3	50.68	65.0	3.33	47.35	1.0	0.1137	-44.01
YML114C_mRNA	33	625.3	45.61	50.0	1.33	44.27	0.9697	0.1184	-42.94
YML115C_mRNA	134	622.1	37.25	13.0	2.34	34.9	0.9627	0.0756	-32.56
YML116W-A_mRNA	77	578.8	53.26	52.0	1.68	51.58	1.0	0.1195	-49.91
YML116W_mRNA	185	697.6	49.41	59.0	2.78	46.63	1.0	0.091	-43.84
YML117W_mRNA	78	846.5	68.33	73.0	3.92	64.41	1.0	0.1058	-60.49
YML118W_mRNA	15	615.3	125.2	68.0	7.53	117.67	1.0	0.2702	-110.13
YML119W_mRNA	71	658.4	89.14	79.0	14.66	74.48	1.0	0.1579	-59.82
YML120C_mRNA	226	871.8	58.82	70.0	9.19	49.63	0.9956	0.0926	-40.45
YML121W_mRNA	142	664.2	47.62	33.5	2.04	45.58	0.993	0.0907	-43.54
YML123C_mRNA	1615	806.2	58.69	74.0	2.76	55.93	0.995	0.107	-53.17
YML124C_mRNA	235	690.8	52.41	16.0	7.88	44.53	0.983	0.0985	-36.65
YML125C_mRNA	318	669.3	41.06	12.0	2.02	39.04	0.9874	0.0767	-37.03
YML126C_mRNA	616	932.9	90.43	89.0	2.93	87.5	0.9919	0.1356	-84.58
YML127W_mRNA	137	711.4	54.11	26.0	11.39	42.72	0.9927	0.1391	-31.34
YML128C_mRNA	144	747.5	61.35	70.5	4.59	56.76	0.9931	0.1143	-52.17
YML129C_mRNA	145	431.1	64.67	68.0	19.23	45.44	1.0	0.1342	-26.21
YML130C_mRNA	1271	788.1	50.97	28.0	2.92	48.05	0.9906	0.0861	-45.13
YML131W_mRNA	212	657.4	48.09	17.0	2.37	45.73	0.9953	0.0964	-43.36
YML132W_mRNA	303	564.8	69.14	74.0	13.91	55.22	0.9934	0.1502	-41.31
YML133C_mRNA	23	618.0	55.61	56.0	10.87	44.74	1.0	0.1173	-33.87
YMR001C_mRNA	63	691.4	52.76	36.0	6.43	46.33	0.9841	0.1045	-39.9
YMR002W_mRNA	475	566.8	49.76	60.0	2.38	47.38	0.9979	0.0975	-45.0
YMR003W_mRNA	93	565.7	44.12	17.0	1.89	42.23	1.0	0.0858	-40.33
YMR004W_mRNA	141	595.3	51.77	41.0	3.51	48.26	0.9929	0.1186	-44.75
YMR005W_mRNA	138	526.4	49.06	8.0	2.95	46.11	0.9928	0.0943	-43.16
YMR006C_mRNA	204	772.2	58.08	75.5	3.66	54.42	0.9951	0.1135	-50.76
YMR007W_mRNA	98	376.8	45.01	18.5	5.38	39.63	0.9898	0.1151	-34.26
YMR008C-A_mRNA	26	432.3	45.19	19.0	1.88	43.31	0.9615	0.1007	-41.42
YMR008C_mRNA	298	1097.0	52.05	64.5	2.8	49.25	0.9866	0.0668	-46.45
YMR009W_mRNA	291	567.8	43.47	18.0	3.37	40.1	0.9828	0.0872	-36.73
YMR010W_mRNA	222	566.8	87.35	68.0	47.75	39.59	0.9865	0.2053	8.16
YMR011W_mRNA	991	832.1	56.41	72.0	2.9	53.51	0.998	0.0968	-50.62
YMR012W_mRNA	671	801.4	52.44	48.0	4.01	48.43	0.9896	0.0995	-44.41
YMR013C-A_mRNA	8	953.9	84.38	70.0	20.12	64.25	1.0	0.0772	-44.12
YMR013C_mRNA	81	796.9	124.75	111.0	15.28	109.47	0.9877	0.2072	-94.19
YMR013W-A_mRNA	398	238.5	66.18	70.0	25.08	41.1	0.995	0.2493	-16.02
YMR014W_mRNA	77	313.9	53.49	42.0	12.25	41.25	0.987	0.2079	-29.0
YMR015C_mRNA	344	752.2	45.66	19.0	3.24	42.42	0.9913	0.0898	-39.18
YMR016C_mRNA	93	552.5	72.53	25.0	23.1	49.43	1.0	0.1729	-26.33
YMR017W_mRNA	5	596.4	165.0	95.0	30.0	135.0	1.0	0.3246	-105.0
YMR018W_mRNA	22	476.9	235.32	275.0	177.09	58.23	1.0	0.5347	118.86
YMR019W_mRNA	64	782.8	66.64	72.0	12.78	53.86	1.0	0.1403	-41.08
YMR020W_mRNA	137	853.1	59.31	70.0	3.45	55.85	0.9781	0.0892	-52.4
YMR021C_mRNA	147	534.5	47.51	22.0	4.41	43.1	1.0	0.1011	-38.69
YMR022W_mRNA	445	512.9	49.98	41.0	2.24	47.74	0.9573	0.1038	-45.5
YMR023C_mRNA	68	613.2	47.06	17.0	1.49	45.57	0.9853	0.0896	-44.09
YMR024W_mRNA	103	562.7	55.03	66.0	4.49	50.54	1.0	0.1199	-46.06
YMR025W_mRNA	39	660.8	77.31	85.0	2.41	74.9	1.0	0.1413	-72.49
YMR026C_mRNA	55	628.1	56.45	43.0	1.55	54.91	1.0	0.1269	-53.36
YMR027W_mRNA	262	759.0	55.11	58.0	5.31	49.8	0.9809	0.0978	-44.49
YMR028W_mRNA	35	762.2	47.69	17.0	1.31	46.37	0.9429	0.0681	-45.06
YMR029C_mRNA	176	698.2	56.35	36.5	2.48	53.86	0.9943	0.0938	-51.38
YMR030W-A_mRNA	15	506.3	50.0	60.0	2.07	47.93	1.0	0.1287	-45.87
YMR030W_mRNA	41	556.9	49.05	63.0	1.24	47.8	1.0	0.1003	-46.56
YMR031C_mRNA	89	623.0	55.9	38.0	2.7	53.2	1.0	0.1169	-50.51
YMR032W_mRNA	17	732.1	55.24	62.0	1.94	53.29	1.0	0.0907	-51.35
YMR033W_mRNA	241	688.0	48.06	23.0	3.51	44.54	1.0	0.092	-41.03
YMR034C_mRNA	33	722.2	42.55	16.0	3.24	39.3	1.0	0.0717	-36.06
YMR035W_mRNA	136	552.2	49.33	64.5	1.57	47.76	1.0	0.0979	-46.2
YMR036C_mRNA	21	835.4	35.24	11.0	0.48	34.76	1.0	0.0645	-34.29
YMR037C_mRNA	102	683.1	114.69	81.5	66.4	48.28	1.0	0.2161	18.12
YMR038C_mRNA	507	661.4	44.86	15.0	2.66	42.2	0.9941	0.077	-39.53
YMR039C_mRNA	291	535.9	48.27	25.0	2.68	45.59	0.9897	0.1022	-42.91
YMR040W_mRNA	108	504.9	53.59	74.0	2.42	51.18	0.9907	0.1074	-48.76
YMR041C_mRNA	70	727.3	61.76	69.5	6.67	55.09	1.0	0.1075	-48.41
YMR042W_mRNA	68	561.5	85.32	83.0	14.31	71.01	1.0	0.1671	-56.71
YMR043W_mRNA	159	768.9	76.29	81.0	3.35	72.94	1.0	0.1299	-69.58
YMR044W_mRNA	153	525.6	56.27	64.0	7.95	48.31	0.9804	0.1287	-40.36
YMR045C_mRNA	2045	1301.0	324.04	336.0	3.34	320.71	0.9927	0.2831	-317.37
YMR046C_mRNA	11	637.5	111.91	72.0	56.55	55.36	1.0	0.1351	1.18
YMR046W-A_mRNA	12439	424.5	147.54	133.0	100.49	47.05	0.998	0.3116	53.45
YMR047C_mRNA	171	537.5	59.92	72.0	11.49	48.43	0.9708	0.1557	-36.94
YMR048W_mRNA	17	701.5	31.65	12.0	0.71	30.94	0.8235	0.0492	-30.24
YMR049C_mRNA	339	712.1	42.01	13.0	1.97	40.04	0.9853	0.0829	-38.06
YMR050C_mRNA	578	1026.8	282.13	327.5	3.12	279.01	0.9879	0.3106	-275.88
YMR052C-A_mRNA	41	509.5	35.07	10.0	2.71	32.37	0.9268	0.0864	-29.66
YMR052W_mRNA	39	569.5	33.18	9.0	1.95	31.23	1.0	0.0679	-29.28
YMR053C_mRNA	23	757.8	39.3	12.0	0.91	38.39	1.0	0.0732	-37.48
YMR054W_mRNA	172	729.1	56.61	66.5	6.75	49.86	0.9884	0.0987	-43.11
YMR055C_mRNA	28	529.5	81.43	30.0	33.04	48.39	1.0	0.1386	-15.36
YMR056C_mRNA	26	597.2	57.19	42.0	15.88	41.31	1.0	0.1099	-25.42
YMR058W_mRNA	118	682.1	54.23	64.5	3.4	50.83	0.9915	0.1204	-47.43
YMR059W_mRNA	170	492.3	45.71	17.0	5.39	40.32	0.9882	0.0929	-34.93
YMR060C_mRNA	70	764.0	54.63	76.0	4.03	50.6	1.0	0.0824	-46.57
YMR061W_mRNA	239	873.4	51.17	53.0	4.18	46.99	0.9874	0.0796	-42.82
YMR062C_mRNA	519	818.5	52.76	70.0	2.17	50.59	0.9827	0.0864	-48.42
YMR064W_mRNA	125	690.7	84.62	83.0	13.78	70.84	0.984	0.1433	-57.06
YMR065W_mRNA	50	697.4	78.66	84.5	5.24	73.42	1.0	0.162	-68.18
YMR066W_mRNA	62	727.8	47.84	22.5	2.76	45.08	0.9677	0.0931	-42.32
YMR067C_mRNA	85	619.4	58.2	59.0	4.08	54.12	1.0	0.1113	-50.04
YMR068W_mRNA	17	543.2	76.65	78.0	24.88	51.76	1.0	0.1768	-26.88
YMR069W_mRNA	15	670.9	287.4	155.0	3.87	283.53	0.9333	0.3171	-279.67
YMR070W_mRNA	135	649.6	60.89	75.0	4.97	55.92	1.0	0.1164	-50.95
YMR071C_mRNA	332	557.8	52.58	49.5	4.55	48.04	1.0	0.0976	-43.49
YMR072W_mRNA	443	625.9	48.11	20.0	1.8	46.31	0.9955	0.0812	-44.51
YMR073C_mRNA	189	463.2	55.27	70.0	4.54	50.72	0.9947	0.1339	-46.18
YMR074C_mRNA	774	491.4	60.51	65.0	1.84	58.68	0.9961	0.124	-56.84
YMR075C-A_mRNA	70	526.5	36.54	11.0	1.76	34.79	1.0	0.0795	-33.03
YMR075W_mRNA	72	715.2	52.65	40.5	6.04	46.61	1.0	0.0969	-40.57
YMR076C_mRNA	17	689.7	73.59	81.0	1.59	72.0	1.0	0.1344	-70.41
YMR077C_mRNA	145	629.6	64.68	38.0	18.79	45.89	0.9931	0.1142	-27.1
YMR078C_mRNA	52	841.5	46.06	14.5	2.0	44.06	1.0	0.064	-42.06
YMR079W_mRNA	362	662.0	45.18	22.5	2.42	42.76	0.9862	0.0898	-40.35
YMR080C_mRNA	451	723.0	53.54	71.0	2.16	51.38	0.9557	0.0949	-49.22
YMR081C_mRNA	111	612.9	66.8	74.0	5.77	61.04	1.0	0.1264	-55.27
YMR083W_mRNA	899	708.3	51.07	48.0	4.18	46.89	0.99	0.09	-42.71
YMR085W_mRNA	147	921.0	98.31	89.0	3.36	94.95	1.0	0.1485	-91.59
YMR086C-A_mRNA	37	481.5	36.32	10.0	3.03	33.3	1.0	0.0819	-30.27
YMR086W_mRNA	33	1114.1	86.7	9.0	28.12	58.58	1.0	0.0854	-30.45
YMR087W_mRNA	132	602.4	46.94	20.0	2.73	44.21	1.0	0.0884	-41.48
YMR088C_mRNA	209	695.8	53.55	68.0	3.11	50.44	0.9904	0.1171	-47.32
YMR089C_mRNA	181	606.1	56.96	70.0	2.16	54.8	1.0	0.1227	-52.64
YMR090W_mRNA	166	593.6	42.79	15.0	2.26	40.53	0.9819	0.0717	-38.27
YMR091C_mRNA	189	671.5	46.71	19.0	2.05	44.66	0.9947	0.0811	-42.6
YMR092C_mRNA	347	820.4	50.56	26.0	4.6	45.96	0.9885	0.0819	-41.36
YMR093W_mRNA	142	697.8	48.18	23.5	2.98	45.2	0.9859	0.0868	-42.23
YMR096W_mRNA	84	680.2	46.12	21.5	2.37	43.75	1.0	0.0753	-41.38
YMR097C_mRNA	71	610.0	47.58	15.0	3.23	44.35	0.9859	0.0993	-41.13
YMR098C_mRNA	108	800.6	64.6	73.0	4.06	60.54	0.9907	0.113	-56.47
YMR099C_mRNA	433	661.2	50.74	69.0	3.64	47.1	0.9931	0.0989	-43.45
YMR100W_mRNA	66	792.0	56.29	66.0	4.41	51.88	1.0	0.1123	-47.47
YMR101C_mRNA	9	657.7	200.44	207.0	11.22	189.22	1.0	0.3089	-178.0
YMR102C_mRNA	215	748.5	53.02	61.0	1.95	51.07	0.9907	0.1061	-49.12
YMR104C_mRNA	178	783.1	75.7	56.0	2.9	72.8	0.9944	0.1546	-69.89
YMR105C_mRNA	247	668.1	65.26	73.0	15.01	50.25	0.996	0.1495	-35.24
YMR105W-A_mRNA	5	242.6	22.2	6.0	0.0	22.2	1.0	0.0663	-22.2
YMR106C_mRNA	17	899.5	42.18	15.0	12.53	29.65	1.0	0.0494	-17.12
YMR107W_mRNA	23	445.8	146.17	124.0	45.13	101.04	1.0	0.3578	-55.91
YMR108W_mRNA	2067	829.5	49.62	64.0	2.58	47.03	0.9816	0.0923	-44.45
YMR109W_mRNA	107	730.9	49.71	33.0	2.83	46.88	0.9907	0.1031	-44.05
YMR110C_mRNA	241	875.9	60.63	71.0	2.97	57.66	0.9959	0.0907	-54.69
YMR111C_mRNA	47	691.3	73.17	62.0	2.49	70.68	1.0	0.1441	-68.19
YMR112C_mRNA	185	440.1	55.51	65.0	6.11	49.4	1.0	0.1301	-43.29
YMR113W_mRNA	83	736.1	52.28	24.0	6.33	45.95	0.9639	0.1027	-39.63
YMR114C_mRNA	31	390.9	45.16	15.0	0.68	44.48	1.0	0.116	-43.81
YMR115W_mRNA	146	771.2	52.36	20.5	1.78	50.58	1.0	0.0914	-48.79
YMR116C_mRNA	13758	796.9	50.55	66.0	3.04	47.51	0.9903	0.0779	-44.46
YMR117C_mRNA	11	456.7	47.18	64.0	1.0	46.18	1.0	0.1235	-45.18
YMR118C_mRNA	34	786.3	219.56	91.0	1.53	218.03	1.0	0.2371	-216.5
YMR119W-A_mRNA	101	439.2	39.09	10.0	2.13	36.96	0.9802	0.1018	-34.83
YMR119W_mRNA	85	804.6	64.84	68.0	4.71	60.13	1.0	0.1058	-55.42
YMR120C_mRNA	25	762.4	68.72	63.0	2.36	66.36	1.0	0.1212	-64.0
YMR121C_mRNA	125	548.4	43.62	15.0	3.42	40.2	1.0	0.0869	-36.78
YMR122C_mRNA	82	480.5	60.1	58.0	3.2	56.9	0.9512	0.1243	-53.71
YMR122W-A_mRNA	2102	468.6	56.39	72.0	2.35	54.04	0.9971	0.1251	-51.7
YMR123W_mRNA	204	403.9	50.79	17.5	2.81	47.98	0.9951	0.1211	-45.17
YMR124W_mRNA	193	595.5	45.6	19.0	1.79	43.81	1.0	0.0948	-42.03
YMR125W_mRNA	518	803.9	48.51	23.5	2.75	45.75	0.9556	0.0829	-43.0
YMR126C_mRNA	92	507.2	52.51	68.0	2.21	50.3	0.9891	0.1159	-48.1
YMR127C_mRNA	115	748.5	48.97	40.0	2.67	46.3	1.0	0.0804	-43.63
YMR128W_mRNA	97	916.3	49.46	22.0	2.03	47.43	0.9691	0.0725	-45.4
YMR129W_mRNA	189	664.8	52.56	65.0	3.95	48.61	0.9894	0.1098	-44.67
YMR130W_mRNA	208	687.2	64.88	74.0	4.18	60.7	0.9952	0.1187	-56.52
YMR131C_mRNA	628	749.7	45.2	19.5	2.17	43.03	0.9857	0.0846	-40.86
YMR132C_mRNA	146	650.0	54.42	66.5	1.62	52.79	1.0	0.0938	-51.17
YMR133W_mRNA	12	545.0	47.42	44.0	9.92	37.5	1.0	0.1202	-27.58
YMR134W_mRNA	102	630.1	55.85	66.5	5.28	50.57	0.9902	0.105	-45.28
YMR135C_mRNA	67	833.3	56.45	76.0	1.61	54.84	0.9851	0.0904	-53.22
YMR136W_mRNA	92	620.8	47.08	20.5	3.39	43.68	0.9891	0.1005	-40.29
YMR137C_mRNA	29	712.1	57.76	74.0	1.76	56.0	1.0	0.1002	-54.24
YMR138W_mRNA	32	541.2	33.62	12.5	6.53	27.09	1.0	0.0634	-20.56
YMR139W_mRNA	115	706.8	98.21	95.0	3.78	94.43	1.0	0.1917	-90.64
YMR140W_mRNA	61	950.0	53.64	66.0	2.31	51.33	0.9508	0.0708	-49.02
YMR141C_mRNA	2373	536.3	40.46	15.0	5.63	34.83	0.9667	0.0794	-29.2
YMR142C_mRNA	2147	673.4	42.2	23.0	1.57	40.63	0.9846	0.0618	-39.06
YMR143W_mRNA	12539	510.7	40.39	12.0	1.84	38.55	0.9561	0.0787	-36.71
YMR144W_mRNA	36	622.0	53.81	73.0	2.61	51.19	1.0	0.1166	-48.58
YMR145C_mRNA	808	712.1	47.36	23.0	2.94	44.42	0.9889	0.0947	-41.49
YMR146C_mRNA	1074	655.8	46.3	20.5	3.12	43.19	0.9953	0.0931	-40.07
YMR147W_mRNA	21	754.7	87.1	94.0	4.14	82.95	1.0	0.1512	-78.81
YMR148W_mRNA	42	464.9	50.24	68.0	4.83	45.4	1.0	0.1118	-40.57
YMR149W_mRNA	283	608.1	55.36	41.0	3.13	52.23	1.0	0.1146	-49.09
YMR150C_mRNA	16	566.6	77.38	87.5	1.25	76.12	1.0	0.1417	-74.88
YMR151W_mRNA	201	580.2	80.32	88.0	1.93	78.39	1.0	0.1505	-76.46
YMR152W_mRNA	130	708.1	49.87	21.0	7.38	42.49	1.0	0.0837	-35.12
YMR153C-A_mRNA	54	819.8	49.72	56.5	3.76	45.96	1.0	0.0796	-42.2
YMR153W_mRNA	43	896.3	45.84	19.0	1.81	44.02	1.0	0.0675	-42.21
YMR154C_mRNA	21	683.3	57.57	66.0	3.19	54.38	1.0	0.1211	-51.19
YMR155W_mRNA	97	764.1	76.75	73.0	2.63	74.12	0.9897	0.1053	-71.49
YMR156C_mRNA	42	613.7	99.1	56.5	22.52	76.57	1.0	0.1381	-54.05
YMR157C_mRNA	84	609.6	43.39	15.5	3.76	39.63	1.0	0.0863	-35.87
YMR158C-A_mRNA	62	738.0	70.81	79.0	3.65	67.16	1.0	0.1229	-63.52
YMR158W_mRNA	306	514.5	52.67	61.5	4.56	48.11	0.9869	0.106	-43.56
YMR160W_mRNA	43	643.1	63.37	62.0	9.19	54.19	0.9767	0.1172	-45.0
YMR161W_mRNA	582	662.3	56.59	62.5	4.01	52.58	0.9983	0.1006	-48.57
YMR162C_mRNA	67	587.8	76.49	64.0	1.78	74.72	1.0	0.1395	-72.94
YMR163C_mRNA	26	557.0	82.08	75.0	40.54	41.54	1.0	0.2357	-1.0
YMR164C_mRNA	76	659.4	124.38	97.0	45.62	78.76	1.0	0.2089	-33.14
YMR165C_mRNA	79	741.0	53.61	27.0	10.04	43.57	1.0	0.1118	-33.53
YMR166C_mRNA	56	709.4	48.09	60.0	4.61	43.48	1.0	0.0871	-38.88
YMR167W_mRNA	59	672.2	69.53	69.0	21.32	48.2	1.0	0.1004	-26.88
YMR168C_mRNA	47	805.1	106.21	74.0	23.36	82.85	0.9574	0.1129	-59.49
YMR169C_mRNA	49	589.0	55.51	61.0	9.94	45.57	1.0	0.1233	-35.63
YMR170C_mRNA	53	750.0	74.74	46.0	13.94	60.79	0.9811	0.1481	-46.85
YMR171C_mRNA	67	506.8	53.13	53.0	12.46	40.67	0.9851	0.1345	-28.21
YMR172C-A_mRNA	6	368.2	88.0	10.0	1.33	86.67	1.0	0.1714	-85.33
YMR172W_mRNA	16	526.2	79.06	71.0	25.38	53.69	1.0	0.1693	-28.31
YMR173W-A_mRNA	336	831.3	59.03	70.0	1.85	57.18	0.9762	0.0934	-55.33
YMR173W_mRNA	310	861.6	57.61	71.5	4.69	52.91	0.9871	0.0952	-48.22
YMR174C_mRNA	44	380.9	90.52	80.0	3.18	87.34	1.0	0.2142	-84.16
YMR175W-A_mRNA	5	471.4	278.8	311.0	187.0	91.8	1.0	0.5471	95.2
YMR175W_mRNA	10	425.8	233.5	183.0	98.8	134.7	1.0	0.4833	-35.9
YMR176W_mRNA	81	712.7	83.36	69.0	35.42	47.94	0.9877	0.1983	-12.52
YMR177W_mRNA	92	800.1	58.79	79.0	5.35	53.45	1.0	0.1002	-48.1
YMR178W_mRNA	313	650.7	48.69	19.0	3.12	45.57	0.9904	0.0827	-42.44
YMR179W_mRNA	55	640.5	46.76	35.0	3.67	43.09	1.0	0.0902	-39.42
YMR180C_mRNA	243	421.1	57.38	70.0	2.71	54.67	1.0	0.1458	-51.97
YMR181C_mRNA	152	604.9	58.24	74.5	6.67	51.57	1.0	0.1145	-44.9
YMR182C_mRNA	8	600.9	50.38	11.5	3.0	47.38	1.0	0.0675	-44.38
YMR182W-A_mRNA	139	430.4	156.54	173.0	2.35	154.19	1.0	0.3637	-151.83
YMR183C_mRNA	349	696.0	64.48	35.0	26.72	37.76	0.9628	0.1281	-11.04
YMR184W_mRNA	204	540.8	46.45	23.5	1.77	44.68	0.9853	0.0916	-42.9
YMR185W_mRNA	81	999.6	47.14	18.0	1.8	45.33	0.9753	0.0636	-43.53
YMR186W_mRNA	2442	981.0	43.93	15.0	2.58	41.35	0.9771	0.0604	-38.77
YMR187C_mRNA	42	615.3	54.62	70.5	4.17	50.45	1.0	0.1518	-46.29
YMR188C_mRNA	276	701.4	46.0	18.0	3.17	42.83	0.9855	0.0714	-39.67
YMR189W_mRNA	58	710.9	47.07	18.5	4.5	42.57	0.9828	0.1119	-38.07
YMR190C_mRNA	48	661.9	90.04	66.0	18.54	71.5	1.0	0.1623	-52.96
YMR191W_mRNA	157	696.9	117.61	122.0	2.63	114.97	1.0	0.2117	-112.34
YMR192W_mRNA	105	577.9	52.2	15.0	2.49	49.71	0.9905	0.0974	-47.23
YMR193C-A_mRNA	5	507.8	267.8	225.0	56.0	211.8	1.0	0.4737	-155.8
YMR193W_mRNA	71	745.5	56.35	74.0	2.46	53.89	1.0	0.0767	-51.42
YMR194C-A_mRNA	20	431.6	66.25	80.0	1.75	64.5	1.0	0.1617	-62.75
YMR194C-B_mRNA	181	345.3	64.7	43.0	28.5	36.2	1.0	0.1925	-7.7
YMR194W_mRNA	4349	394.0	42.79	16.0	3.11	39.68	0.9805	0.101	-36.56
YMR195W_mRNA	371	509.7	54.9	69.0	4.51	50.4	0.9973	0.1147	-45.89
YMR196W_mRNA	71	718.5	49.55	44.0	3.23	46.32	1.0	0.1054	-43.1
YMR197C_mRNA	285	528.9	49.25	28.0	2.42	46.84	0.9965	0.1041	-44.42
YMR198W_mRNA	31	552.3	89.03	68.0	11.13	77.9	0.9677	0.1573	-66.77
YMR199W_mRNA	152	615.7	58.71	70.0	8.76	49.95	0.9934	0.1294	-41.18
YMR200W_mRNA	458	685.5	50.26	36.0	3.09	47.18	0.9934	0.0864	-44.09
YMR201C_mRNA	58	362.4	48.9	40.5	1.76	47.14	1.0	0.1355	-45.38
YMR202W_mRNA	1158	593.2	49.53	65.0	2.65	46.88	0.9974	0.095	-44.23
YMR203W_mRNA	320	784.5	50.09	64.5	2.3	47.79	0.9938	0.0913	-45.5
YMR204C_mRNA	27	514.7	43.96	25.0	2.96	41.0	1.0	0.1099	-38.04
YMR205C_mRNA	1141	778.8	52.38	65.0	2.76	49.63	0.993	0.0966	-46.87
YMR206W_mRNA	14	611.1	113.71	98.0	0.71	113.0	1.0	0.2647	-112.29
YMR207C_mRNA	50	730.3	55.32	28.5	5.14	50.18	1.0	0.1211	-45.04
YMR208W_mRNA	286	769.7	55.06	72.5	2.53	52.52	0.986	0.0922	-49.99
YMR209C_mRNA	97	517.2	42.45	18.0	3.05	39.4	1.0	0.1121	-36.35
YMR210W_mRNA	115	690.1	52.86	55.0	4.5	48.36	1.0	0.1015	-43.85
YMR211W_mRNA	97	716.6	52.21	33.0	4.31	47.9	1.0	0.0936	-43.59
YMR212C_mRNA	326	843.2	54.0	65.5	3.48	50.52	0.9969	0.0882	-47.04
YMR213W_mRNA	32	484.5	41.97	11.5	10.34	31.62	1.0	0.1175	-21.28
YMR214W_mRNA	66	535.4	33.95	8.0	1.29	32.67	0.9697	0.0842	-31.38
YMR215W_mRNA	135	755.2	57.95	75.0	3.12	54.83	0.9926	0.1118	-51.71
YMR216C_mRNA	71	703.1	33.65	14.0	1.86	31.79	0.9859	0.0579	-29.93
YMR217W_mRNA	1337	761.1	45.42	16.0	2.49	42.92	0.985	0.0857	-40.43
YMR218C_mRNA	143	897.4	50.71	67.0	2.4	48.31	1.0	0.0775	-45.92
YMR219W_mRNA	66	718.6	53.03	28.0	3.97	49.06	0.9848	0.1047	-45.09
YMR220W_mRNA	283	780.1	46.23	18.0	2.49	43.74	0.9859	0.0827	-41.25
YMR221C_mRNA	170	623.7	65.19	75.5	2.06	63.14	1.0	0.1303	-61.08
YMR222C_mRNA	79	569.5	58.08	76.0	2.91	55.16	1.0	0.118	-52.25
YMR223W_mRNA	165	880.2	53.27	66.0	2.92	50.35	0.9939	0.0851	-47.42
YMR224C_mRNA	64	484.5	53.59	46.5	1.97	51.62	1.0	0.1199	-49.66
YMR225C_mRNA	126	432.5	61.01	18.5	16.04	44.97	0.9921	0.131	-28.93
YMR226C_mRNA	679	678.2	47.7	18.0	2.03	45.68	0.9985	0.084	-43.65
YMR228W_mRNA	128	674.9	49.14	16.5	2.77	46.38	0.9922	0.0934	-43.61
YMR229C_mRNA	935	810.3	46.38	18.0	2.02	44.36	0.9936	0.0887	-42.33
YMR230W-A_mRNA	675	321.7	56.81	30.0	15.2	41.6	0.9748	0.1494	-26.4
YMR230W_mRNA	10834	446.6	39.87	13.0	2.16	37.71	0.9635	0.0846	-35.55
YMR231W_mRNA	40	1139.1	56.6	64.5	1.9	54.7	1.0	0.0735	-52.8
YMR232W_mRNA	45	496.2	40.27	16.0	1.58	38.69	1.0	0.0984	-37.11
YMR233W_mRNA	224	656.2	50.35	62.5	2.16	48.19	0.9688	0.0872	-46.03
YMR234W_mRNA	81	578.9	44.4	17.0	4.1	40.3	1.0	0.0948	-36.2
YMR235C_mRNA	355	460.2	38.89	12.0	1.45	37.43	0.9775	0.1011	-35.98
YMR236W_mRNA	130	462.6	42.28	13.5	2.62	39.66	0.9923	0.0928	-37.04
YMR237W_mRNA	306	770.9	54.31	30.0	1.89	52.42	0.9935	0.0899	-50.53
YMR238W_mRNA	420	713.2	54.25	69.0	4.94	49.31	0.9833	0.1024	-44.37
YMR239C_mRNA	99	992.1	264.03	295.0	8.4	255.63	0.9899	0.2931	-247.22
YMR240C_mRNA	26	524.9	28.31	11.0	2.35	25.96	1.0	0.0521	-23.62
YMR241W_mRNA	597	636.8	57.19	74.0	4.45	52.74	0.9966	0.1175	-48.28
YMR242C_mRNA	4635	545.8	44.39	16.0	3.83	40.56	0.9961	0.0859	-36.73
YMR243C_mRNA	349	694.1	45.3	22.0	3.25	42.06	0.9713	0.0874	-38.81
YMR244C-A_mRNA	99	403.0	39.93	13.0	3.07	36.86	0.9899	0.1012	-33.79
YMR245W_mRNA	142	431.7	41.43	13.5	1.75	39.68	0.993	0.1013	-37.94
YMR246W_mRNA	702	867.1	111.47	64.5	65.65	45.82	0.9943	0.1709	19.84
YMR247C_mRNA	247	634.9	50.75	62.0	2.26	48.49	0.9798	0.1065	-46.22
YMR250W_mRNA	112	795.5	48.68	14.5	1.02	47.66	1.0	0.0885	-46.64
YMR251W-A_mRNA	12210	471.7	49.25	63.0	2.94	46.31	0.9979	0.1032	-43.37
YMR251W_mRNA	16	554.3	71.88	47.5	1.25	70.62	1.0	0.1267	-69.38
YMR252C_mRNA	63	596.1	56.35	29.0	17.14	39.21	1.0	0.1211	-22.06
YMR253C_mRNA	43	521.4	44.42	15.0	1.4	43.02	1.0	0.0916	-41.63
YMR255W_mRNA	160	512.5	44.47	15.0	2.31	42.16	1.0	0.0979	-39.86
YMR256C_mRNA	1615	390.8	50.04	67.0	2.33	47.72	0.9938	0.1222	-45.39
YMR257C_mRNA	61	684.2	64.48	49.0	6.9	57.57	1.0	0.0994	-50.67
YMR258C_mRNA	166	848.2	54.64	69.5	4.49	50.16	0.994	0.0951	-45.67
YMR259C_mRNA	157	748.7	54.97	36.0	7.68	47.29	0.9936	0.1017	-39.61
YMR260C_mRNA	2992	532.4	43.55	14.0	1.83	41.73	0.9903	0.0858	-39.9
YMR261C_mRNA	179	1013.0	62.79	75.0	2.84	59.94	0.9944	0.1107	-57.1
YMR262W_mRNA	38	621.9	47.76	32.5	6.34	41.42	1.0	0.0989	-35.08
YMR263W_mRNA	172	614.4	39.53	12.0	2.53	37.0	1.0	0.0666	-34.47
YMR264W_mRNA	205	575.6	43.52	15.0	3.59	39.93	0.9951	0.0811	-36.35
YMR265C_mRNA	49	572.3	47.9	13.0	1.51	46.39	1.0	0.1174	-44.88
YMR266W_mRNA	376	882.5	54.33	60.5	2.57	51.76	0.9867	0.0986	-49.19
YMR267W_mRNA	109	733.5	54.71	68.0	1.94	52.77	1.0	0.0999	-50.83
YMR268C_mRNA	44	644.5	36.02	13.5	2.7	33.32	1.0	0.0812	-30.61
YMR269W_mRNA	25	335.6	48.12	24.0	1.96	46.16	1.0	0.1308	-44.2
YMR270C_mRNA	143	706.0	44.53	18.0	3.8	40.73	0.986	0.0793	-36.94
YMR271C_mRNA	193	485.4	56.71	67.0	8.26	48.45	0.9948	0.1359	-40.18
YMR272C_mRNA	251	733.6	64.11	70.0	16.57	47.54	0.9841	0.1263	-30.98
YMR272W-B_mRNA	16	338.6	56.75	72.5	2.31	54.44	1.0	0.1597	-52.12
YMR273C_mRNA	55	794.9	42.42	8.0	3.75	38.67	1.0	0.056	-34.93
YMR274C_mRNA	46	563.2	67.65	20.5	19.26	48.39	0.9783	0.1164	-29.13
YMR275C_mRNA	131	804.8	44.24	16.0	2.18	42.06	0.9847	0.0773	-39.88
YMR276W_mRNA	255	841.5	56.75	76.0	3.51	53.25	0.9922	0.0857	-49.74
YMR277W_mRNA	44	667.2	51.84	46.0	1.93	49.91	1.0	0.1145	-47.98
YMR278W_mRNA	69	1043.2	51.93	71.0	3.01	48.91	0.9855	0.0694	-45.9
YMR279C_mRNA	28	857.9	129.18	74.5	21.46	107.71	1.0	0.1192	-86.25
YMR280C_mRNA	41	849.5	81.9	67.0	20.29	61.61	1.0	0.116	-41.32
YMR281W_mRNA	140	563.3	51.17	64.0	2.88	48.29	0.9857	0.1052	-45.41
YMR282C_mRNA	97	683.5	61.38	31.0	19.28	42.1	0.9897	0.101	-22.82
YMR283C_mRNA	69	775.0	51.62	29.0	2.72	48.9	0.9855	0.0844	-46.17
YMR284W_mRNA	159	936.2	51.61	67.0	3.55	48.06	0.9937	0.0839	-44.5
YMR285C_mRNA	61	738.2	49.3	47.0	3.16	46.13	1.0	0.0827	-42.97
YMR286W_mRNA	320	408.4	43.57	15.0	2.78	40.79	0.9719	0.1002	-38.0
YMR287C_mRNA	74	724.8	50.69	34.5	3.5	47.19	1.0	0.0987	-43.69
YMR288W_mRNA	47	951.0	51.32	62.0	1.96	49.36	1.0	0.0822	-47.4
YMR289W_mRNA	212	490.9	47.64	63.0	2.65	44.99	0.9858	0.1195	-42.34
YMR290C_mRNA	327	912.7	50.21	48.0	3.44	46.77	0.9939	0.0732	-43.34
YMR290W-A_mRNA	5	215.6	91.0	52.0	57.2	33.8	1.0	0.3217	23.4
YMR291W_mRNA	57	577.4	51.26	70.0	1.6	49.67	0.9649	0.1099	-48.07
YMR292W_mRNA	288	439.4	48.84	60.0	3.51	45.33	0.9965	0.1127	-41.82
YMR293C_mRNA	32	683.2	57.41	72.0	2.47	54.94	1.0	0.0921	-52.47
YMR294W-A_mRNA	198	658.4	40.25	13.5	1.93	38.32	0.9697	0.0686	-36.39
YMR294W_mRNA	26	758.6	39.12	9.5	1.54	37.58	1.0	0.0594	-36.04
YMR295C_mRNA	298	663.5	45.33	26.0	3.22	42.11	0.9698	0.0752	-38.89
YMR296C_mRNA	331	874.3	54.54	74.0	2.63	51.91	1.0	0.0951	-49.28
YMR297W_mRNA	662	762.9	54.24	72.0	2.67	51.57	0.9924	0.0993	-48.9
YMR298W_mRNA	247	513.2	43.48	25.0	2.5	40.98	0.9798	0.0869	-38.47
YMR299C_mRNA	286	550.3	43.07	17.0	2.04	41.03	0.986	0.0828	-39.0
YMR300C_mRNA	216	903.5	53.15	43.0	1.9	51.25	1.0	0.0902	-49.34
YMR301C_mRNA	85	764.2	74.34	28.0	2.99	71.35	0.9882	0.1286	-68.36
YMR302C_mRNA	167	704.7	66.07	70.0	11.75	54.31	0.988	0.1284	-42.56
YMR303C_mRNA	33	433.5	100.36	86.0	56.94	43.42	1.0	0.2771	13.52
YMR304C-A_mRNA	688	562.8	54.46	72.0	4.56	49.9	0.9927	0.1098	-45.34
YMR304W_mRNA	40	794.2	56.9	64.0	4.68	52.22	1.0	0.1084	-47.55
YMR305C_mRNA	772	926.0	57.43	74.0	3.93	53.5	0.9896	0.0818	-49.57
YMR306W_mRNA	49	734.4	43.67	26.0	4.29	39.39	0.9796	0.0817	-35.1
YMR307C-A_mRNA	1183	816.9	52.51	68.0	3.47	49.03	0.9907	0.097	-45.56
YMR307W_mRNA	1248	836.7	51.3	67.0	3.43	47.87	0.9904	0.0958	-44.44
YMR308C_mRNA	525	846.5	58.7	67.0	4.24	54.46	0.9886	0.1002	-50.22
YMR309C_mRNA	852	888.4	56.89	73.5	4.23	52.66	0.9883	0.0932	-48.43
YMR310C_mRNA	77	652.4	51.74	70.0	2.91	48.83	1.0	0.1069	-45.92
YMR311C_mRNA	84	450.0	39.06	19.5	1.46	37.6	0.9762	0.1057	-36.13
YMR312W_mRNA	208	573.8	49.52	64.0	2.59	46.94	0.9904	0.0993	-44.35
YMR313C_mRNA	70	833.5	48.21	18.0	1.96	46.26	1.0	0.089	-44.3
YMR314W_mRNA	608	620.9	41.89	13.0	3.15	38.74	0.9786	0.0842	-35.59
YMR315W_mRNA	367	724.5	67.66	71.0	8.02	59.64	0.9864	0.1097	-51.62
YMR316C-A_mRNA	343	604.6	69.34	72.0	11.33	58.01	0.9913	0.1104	-46.68
YMR316C-B_mRNA	8	533.5	24.0	5.0	0.5	23.5	1.0	0.0494	-23.0
YMR316W_mRNA	401	845.2	53.63	30.0	2.52	51.11	0.995	0.0768	-48.59
YMR317W_mRNA	81	481.8	78.17	67.0	37.28	40.89	1.0	0.164	-3.6
YMR318C_mRNA	724	732.4	47.37	18.5	3.04	44.33	0.9903	0.0859	-41.3
YMR319C_mRNA	369	711.5	53.59	66.0	7.22	46.37	0.9946	0.0995	-39.15
YMR320W_mRNA	29	477.7	283.55	285.0	217.28	66.28	1.0	0.5588	151.0
YNCO0025W_mRNA	24	395.3	255.62	284.5	27.25	228.38	1.0	0.5783	-201.12
YNCP0005C_mRNA	7	395.9	271.0	287.0	10.43	260.57	1.0	0.6572	-250.14
YNCQ0006W_mRNA	179	606.9	165.49	76.0	114.63	50.85	0.9609	0.2026	63.78
YNL001W_mRNA	257	850.8	50.04	31.0	2.57	47.47	0.9844	0.0696	-44.91
YNL002C_mRNA	803	589.3	38.85	12.0	2.17	36.68	0.9963	0.0831	-34.51
YNL003C_mRNA	174	581.7	52.05	63.5	2.68	49.36	0.9943	0.1035	-46.68
YNL004W_mRNA	198	707.2	46.77	16.0	2.11	44.66	0.9949	0.0797	-42.56
YNL005C_mRNA	225	550.0	45.41	21.0	3.36	42.05	0.9911	0.1044	-38.7
YNL006W_mRNA	1311	726.9	48.1	61.0	2.81	45.29	0.9924	0.0829	-42.48
YNL007C_mRNA	3365	685.6	51.58	63.0	2.79	48.8	0.9896	0.0937	-46.01
YNL008C_mRNA	182	453.1	76.82	73.5	29.85	46.98	0.9945	0.1872	-17.13
YNL009W_mRNA	60	588.8	58.87	42.0	4.92	53.95	0.9833	0.1235	-49.03
YNL010W_mRNA	1129	664.7	45.05	16.0	2.45	42.6	0.992	0.0762	-40.15
YNL011C_mRNA	91	733.6	48.89	23.0	5.46	43.43	0.989	0.0807	-37.97
YNL012W_mRNA	139	605.2	69.27	77.0	5.98	63.29	1.0	0.1267	-57.31
YNL014W_mRNA	6	549.5	81.83	57.0	0.33	81.5	1.0	0.1468	-81.17
YNL015W_mRNA	688	448.2	236.29	224.0	34.17	202.12	0.9985	0.5238	-167.96
YNL016W_mRNA	672	835.7	50.46	59.0	2.7	47.76	0.9836	0.0864	-45.06
YNL018C_mRNA	12	578.7	112.83	96.0	78.75	34.08	1.0	0.2877	44.67
YNL019C_mRNA	13	824.6	290.69	90.0	32.92	257.77	1.0	0.2617	-224.85
YNL020C_mRNA	92	749.9	56.42	15.5	15.25	41.17	1.0	0.0874	-25.92
YNL021W_mRNA	77	878.1	65.27	24.0	5.44	59.83	0.987	0.0887	-54.39
YNL022C_mRNA	101	674.5	42.13	15.0	1.84	40.29	0.9901	0.0833	-38.45
YNL023C_mRNA	76	847.2	62.37	43.5	3.95	58.42	1.0	0.093	-54.47
YNL024C-A_mRNA	611	457.1	49.04	48.0	7.05	42.0	0.9951	0.1117	-34.95
YNL024C_mRNA	170	503.7	53.16	65.5	4.33	48.84	1.0	0.115	-44.51
YNL025C_mRNA	125	623.9	53.07	67.0	3.54	49.54	1.0	0.1086	-46.0
YNL026W_mRNA	95	793.0	69.89	74.0	1.79	68.11	0.9895	0.1187	-66.32
YNL027W_mRNA	141	645.0	50.33	23.0	5.19	45.13	0.9858	0.092	-39.94
YNL029C_mRNA	49	648.8	58.31	53.0	4.06	54.24	1.0	0.1275	-50.18
YNL030W_mRNA	5166	465.4	46.34	25.0	2.02	44.32	0.995	0.0999	-42.3
YNL031C_mRNA	2643	524.9	44.24	19.0	2.53	41.71	0.9962	0.097	-39.17
YNL032W_mRNA	2875	552.4	43.39	15.0	2.52	40.87	0.9951	0.0893	-38.35
YNL034W_mRNA	8	691.4	120.75	59.0	83.75	37.0	1.0	0.2702	46.75
YNL035C_mRNA	150	635.5	51.43	19.0	10.39	41.03	0.9733	0.1173	-30.64
YNL036W_mRNA	351	488.1	47.69	42.0	3.02	44.67	0.9658	0.1	-41.65
YNL037C_mRNA	319	750.9	57.8	71.0	3.36	54.44	0.9937	0.1058	-51.07
YNL038W_mRNA	220	657.8	48.91	50.0	1.7	47.21	0.9773	0.0825	-45.52
YNL039W_mRNA	48	677.1	37.02	11.0	1.23	35.79	1.0	0.0665	-34.56
YNL040W_mRNA	253	776.4	51.9	59.0	3.33	48.57	0.996	0.0882	-45.24
YNL041C_mRNA	123	825.1	53.55	24.0	6.22	47.33	0.9837	0.0913	-41.11
YNL042W-B_mRNA	6	304.7	134.0	73.0	44.5	89.5	1.0	0.3582	-45.0
YNL042W_mRNA	51	717.0	57.2	70.0	2.08	55.12	0.9608	0.1113	-53.04
YNL043C_mRNA	126	469.7	62.45	76.0	4.51	57.94	1.0	0.1435	-53.44
YNL044W_mRNA	344	672.2	56.83	74.0	2.45	54.38	1.0	0.0909	-51.93
YNL045W_mRNA	258	813.0	51.81	65.0	2.04	49.76	0.9884	0.0905	-47.72
YNL046W_mRNA	89	542.4	55.49	75.0	3.11	52.38	0.9888	0.1133	-49.27
YNL047C_mRNA	56	673.2	47.09	61.5	1.11	45.98	0.9821	0.1255	-44.88
YNL048W_mRNA	163	771.9	46.83	13.0	5.5	41.33	0.9939	0.0826	-35.83
YNL049C_mRNA	153	720.2	41.67	14.0	4.73	36.95	1.0	0.0817	-32.22
YNL050C_mRNA	52	480.5	43.37	13.0	5.87	37.5	1.0	0.0962	-31.63
YNL051W_mRNA	115	693.2	59.9	67.0	4.37	55.53	0.9826	0.1071	-51.17
YNL052W_mRNA	593	601.9	52.79	66.0	2.48	50.32	0.9966	0.0999	-47.84
YNL053W_mRNA	86	655.2	49.62	34.5	3.95	45.66	1.0	0.1081	-41.71
YNL054W-B_mRNA	746	1418.8	274.91	325.5	2.84	272.07	0.9826	0.186	-269.23
YNL054W_mRNA	72	464.8	73.38	72.5	10.08	63.29	1.0	0.1766	-53.21
YNL055C_mRNA	1627	687.1	59.7	75.0	3.82	55.89	0.9957	0.103	-52.07
YNL056W_mRNA	174	557.5	49.57	45.0	2.42	47.16	0.9655	0.1006	-44.74
YNL057W_mRNA	15	930.8	113.27	137.0	9.2	104.07	1.0	0.1087	-94.87
YNL058C_mRNA	205	658.1	56.2	42.0	6.21	50.0	0.9951	0.1078	-43.79
YNL059C_mRNA	70	643.4	51.57	36.0	1.69	49.89	0.9714	0.0992	-48.2
YNL061W_mRNA	675	766.8	54.81	67.0	3.28	51.53	0.9911	0.0998	-48.25
YNL062C_mRNA	127	778.0	49.08	69.0	2.26	46.82	0.9606	0.0924	-44.56
YNL063W_mRNA	110	591.1	38.12	12.0	1.9	36.22	0.9909	0.0761	-34.32
YNL064C_mRNA	1829	719.4	48.17	40.0	2.11	46.05	0.988	0.0859	-43.94
YNL065W_mRNA	52	547.2	52.77	69.5	4.38	48.38	1.0	0.1289	-44.0
YNL066W_mRNA	387	849.5	68.44	76.0	10.25	58.19	1.0	0.1101	-47.94
YNL067W_mRNA	3970	682.9	47.14	29.0	2.99	44.15	0.9851	0.0769	-41.16
YNL068C_mRNA	83	658.8	55.77	19.0	13.71	42.06	0.988	0.0982	-28.35
YNL069C_mRNA	4355	595.7	44.41	16.0	2.81	41.6	0.9897	0.0874	-38.78
YNL070W_mRNA	1484	384.4	58.74	75.0	4.04	54.7	0.9987	0.1466	-50.65
YNL071W_mRNA	426	783.1	59.23	62.5	3.0	56.23	0.9953	0.1095	-53.22
YNL072W_mRNA	33	576.6	52.55	38.0	1.79	50.76	1.0	0.1076	-48.97
YNL073W_mRNA	36	646.0	52.03	16.5	2.36	49.67	1.0	0.1168	-47.31
YNL074C_mRNA	100	781.1	49.96	67.5	2.85	47.11	0.98	0.0848	-44.26
YNL075W_mRNA	203	633.8	29.81	6.0	2.21	27.6	0.9507	0.0558	-25.38
YNL076W_mRNA	32	542.3	55.31	66.5	1.16	54.16	1.0	0.149	-53.0
YNL077W_mRNA	390	646.3	59.21	51.0	3.94	55.27	0.9974	0.1224	-51.33
YNL078W_mRNA	97	593.3	42.73	18.0	1.67	41.06	1.0	0.0962	-39.39
YNL079C_mRNA	1096	515.7	43.85	16.0	2.2	41.65	0.9991	0.0948	-39.46
YNL080C_mRNA	75	565.6	38.77	14.0	4.09	34.68	1.0	0.0833	-30.59
YNL081C_mRNA	284	537.7	60.33	74.0	3.01	57.32	0.9965	0.1205	-54.31
YNL082W_mRNA	49	665.4	62.51	80.0	2.43	60.08	1.0	0.1225	-57.65
YNL083W_mRNA	104	596.7	43.88	21.5	3.62	40.26	1.0	0.0962	-36.63
YNL084C_mRNA	467	760.3	49.35	20.0	3.64	45.72	0.9979	0.0819	-42.08
YNL085W_mRNA	464	837.0	48.48	19.0	2.76	45.72	0.9763	0.0783	-42.95
YNL086W_mRNA	45	472.9	71.98	76.0	2.29	69.69	1.0	0.1592	-67.4
YNL087W_mRNA	465	746.3	48.58	24.0	3.19	45.38	0.9828	0.085	-42.19
YNL088W_mRNA	91	1088.7	54.49	13.0	1.47	53.02	0.978	0.0625	-51.55
YNL089C_mRNA	81	636.3	54.68	72.0	2.85	51.83	1.0	0.0942	-48.98
YNL090W_mRNA	130	614.4	45.17	15.0	3.35	41.82	0.9923	0.0815	-38.48
YNL091W_mRNA	107	824.4	55.99	71.0	3.01	52.98	0.9813	0.0974	-49.97
YNL092W_mRNA	25	538.3	89.36	77.0	9.96	79.4	0.96	0.1827	-69.44
YNL093W_mRNA	12	771.8	110.92	86.5	3.17	107.75	1.0	0.1312	-104.58
YNL094W_mRNA	90	814.9	41.64	16.0	1.28	40.37	0.9333	0.0761	-39.09
YNL095C_mRNA	43	622.5	67.26	76.0	12.02	55.23	1.0	0.1407	-43.21
YNL096C_mRNA	3187	535.6	43.11	13.0	3.55	39.55	0.9896	0.0932	-36.0
YNL097C_mRNA	53	488.3	84.17	91.0	14.15	70.02	1.0	0.2095	-55.87
YNL098C_mRNA	211	596.0	52.85	66.0	3.08	49.77	1.0	0.1106	-46.7
YNL099C_mRNA	142	586.8	50.65	24.0	2.53	48.13	0.9859	0.0968	-45.6
YNL100W_mRNA	253	674.2	51.7	38.0	4.16	47.55	0.9921	0.087	-43.39
YNL101W_mRNA	193	698.6	56.01	72.0	2.4	53.61	1.0	0.1106	-51.21
YNL102W_mRNA	123	667.3	53.98	33.0	1.75	52.23	0.9919	0.1097	-50.48
YNL103W-A_mRNA	44	366.6	115.41	108.5	74.41	41.0	0.9318	0.3006	33.41
YNL103W_mRNA	98	691.1	63.78	72.5	10.41	53.37	1.0	0.1441	-42.96
YNL104C_mRNA	926	827.1	47.01	23.5	2.46	44.55	0.987	0.0817	-42.1
YNL106C_mRNA	32	725.5	71.75	77.0	2.38	69.38	1.0	0.1267	-67.0
YNL107W_mRNA	142	687.2	60.05	46.0	1.98	58.07	0.993	0.0985	-56.09
YNL108C_mRNA	82	584.0	50.18	56.5	1.84	48.34	1.0	0.1059	-46.5
YNL109W_mRNA	96	580.3	52.9	43.5	6.1	46.79	0.9896	0.1103	-40.69
YNL110C_mRNA	749	599.4	38.1	10.0	1.74	36.36	0.992	0.0717	-34.62
YNL111C_mRNA	578	527.6	50.93	67.0	3.05	47.88	0.9844	0.1051	-44.83
YNL112W_mRNA	547	785.2	49.0	16.0	2.6	46.4	0.9707	0.0931	-43.81
YNL113W_mRNA	210	494.9	39.11	12.0	3.32	35.8	0.9762	0.0895	-32.48
YNL114C_mRNA	267	500.8	46.86	29.0	2.18	44.68	0.9888	0.0949	-42.51
YNL115C_mRNA	56	490.2	39.54	11.0	3.05	36.48	1.0	0.1005	-33.43
YNL116W_mRNA	35	1008.3	48.06	31.0	6.57	41.49	1.0	0.0724	-34.91
YNL117W_mRNA	28	502.6	56.79	70.5	2.96	53.82	1.0	0.137	-50.86
YNL118C_mRNA	219	819.3	57.61	73.0	2.52	55.09	0.9863	0.0961	-52.58
YNL119W_mRNA	108	828.0	58.29	75.0	2.65	55.64	1.0	0.0829	-52.99
YNL121C_mRNA	514	717.2	54.14	66.5	2.43	51.71	0.9942	0.0951	-49.28
YNL122C_mRNA	334	461.0	76.32	77.0	2.57	73.75	1.0	0.161	-71.19
YNL123W_mRNA	215	745.4	48.76	23.0	5.08	43.67	0.9953	0.095	-38.59
YNL124W_mRNA	148	650.3	49.68	18.5	3.86	45.82	0.973	0.1049	-41.95
YNL125C_mRNA	239	710.6	55.63	71.0	2.69	52.94	0.9958	0.1113	-50.25
YNL126W_mRNA	58	608.6	68.81	71.5	10.48	58.33	1.0	0.1295	-47.84
YNL127W_mRNA	113	754.0	88.29	81.0	1.72	86.58	1.0	0.1695	-84.86
YNL128W_mRNA	13	534.2	178.23	176.0	28.46	149.77	1.0	0.3751	-121.31
YNL129W_mRNA	201	714.7	44.92	16.0	2.36	42.56	0.9851	0.065	-40.2
YNL130C_mRNA	308	718.9	63.87	72.0	3.68	60.19	0.9935	0.1131	-56.51
YNL131W_mRNA	560	594.5	55.47	74.0	2.02	53.45	1.0	0.1091	-51.43
YNL132W_mRNA	442	727.3	45.09	19.0	2.6	42.49	0.9977	0.0829	-39.9
YNL133C_mRNA	77	466.7	66.05	73.0	5.03	61.03	1.0	0.151	-56.0
YNL134C_mRNA	719	771.5	58.89	65.0	3.01	55.87	0.9972	0.0944	-52.86
YNL135C_mRNA	4354	501.7	45.35	22.0	2.13	43.22	0.9952	0.0894	-41.09
YNL136W_mRNA	46	334.1	40.87	18.5	2.07	38.8	1.0	0.147	-36.74
YNL137C_mRNA	126	729.6	55.27	72.0	1.94	53.33	1.0	0.1018	-51.38
YNL138W-A_mRNA	109	438.8	59.63	19.0	20.44	39.19	1.0	0.1211	-18.75
YNL138W_mRNA	422	757.3	53.62	69.0	3.44	50.18	0.9976	0.0946	-46.75
YNL139C_mRNA	49	583.9	58.63	75.0	1.84	56.8	0.9796	0.1493	-54.96
YNL140C_mRNA	158	356.1	42.73	20.5	2.37	40.37	0.9873	0.1302	-38.0
YNL141W_mRNA	387	756.4	54.77	66.0	4.02	50.75	0.9897	0.0894	-46.73
YNL142W_mRNA	255	813.3	48.56	58.0	2.56	46.0	0.9882	0.086	-43.45
YNL143C_mRNA	282	430.5	83.37	71.0	23.39	59.98	0.9929	0.1811	-36.59
YNL144C_mRNA	58	494.3	52.17	74.0	1.34	50.83	0.9828	0.1228	-49.48
YNL146C-A_mRNA	84	344.1	54.37	65.5	11.99	42.38	0.9881	0.1443	-30.39
YNL146W_mRNA	24	445.5	73.83	75.5	2.54	71.29	0.9583	0.1568	-68.75
YNL147W_mRNA	579	460.5	51.52	37.0	1.58	49.95	0.9983	0.1061	-48.37
YNL148C_mRNA	159	474.4	47.59	28.0	3.99	43.6	0.9874	0.1047	-39.62
YNL149C_mRNA	155	471.4	42.52	15.0	1.72	40.8	1.0	0.0874	-39.08
YNL150W_mRNA	284	422.2	37.54	13.5	3.7	33.84	1.0	0.0902	-30.14
YNL151C_mRNA	52	299.1	38.71	7.5	1.21	37.5	0.9808	0.1134	-36.29
YNL152W_mRNA	34	817.2	52.74	46.0	1.5	51.24	0.9706	0.0894	-49.74
YNL153C_mRNA	541	545.4	46.87	25.0	1.37	45.49	0.9889	0.0877	-44.12
YNL154C_mRNA	182	847.2	56.4	73.0	2.16	54.23	0.9835	0.0967	-52.07
YNL155W_mRNA	413	708.8	43.42	15.0	2.12	41.3	0.9903	0.0692	-39.18
YNL156C_mRNA	295	694.1	46.18	32.0	3.44	42.74	0.9966	0.0898	-39.3
YNL157W_mRNA	469	530.6	60.78	75.0	2.0	58.78	1.0	0.1185	-56.78
YNL158W_mRNA	157	644.3	61.34	58.0	2.24	59.11	0.9809	0.0962	-56.87
YNL159C_mRNA	155	681.8	53.52	67.0	2.46	51.06	1.0	0.1122	-48.6
YNL160W_mRNA	417	769.3	68.71	72.0	15.06	53.65	0.988	0.1127	-38.59
YNL161W_mRNA	232	716.1	83.83	61.5	44.21	39.62	0.9957	0.167	4.59
YNL162W-A_mRNA	66	524.4	62.79	14.0	20.06	42.73	1.0	0.1154	-22.67
YNL162W_mRNA	8492	422.6	44.18	15.0	5.09	39.09	0.9974	0.0974	-34.0
YNL163C_mRNA	143	713.5	44.76	14.0	1.69	43.08	1.0	0.0848	-41.39
YNL164C_mRNA	112	597.0	43.56	19.5	1.82	41.74	0.9732	0.0808	-39.92
YNL165W_mRNA	52	787.0	60.73	76.0	1.96	58.77	1.0	0.1035	-56.81
YNL166C_mRNA	98	589.9	52.39	36.5	2.12	50.27	1.0	0.1115	-48.14
YNL167C_mRNA	154	740.3	59.3	69.0	7.81	51.49	0.9935	0.0997	-43.68
YNL168C_mRNA	219	631.9	60.64	69.0	1.58	59.06	0.9909	0.1162	-57.48
YNL169C_mRNA	65	981.3	77.86	14.0	37.86	40.0	0.9538	0.0747	-2.14
YNL170W_mRNA	65	504.4	41.08	14.0	3.89	37.18	1.0	0.1036	-33.29
YNL171C_mRNA	28	559.6	50.79	75.0	1.36	49.43	0.9643	0.1044	-48.07
YNL172W_mRNA	31	1179.0	52.32	50.0	4.52	47.81	1.0	0.0778	-43.29
YNL173C_mRNA	111	580.0	55.39	27.0	5.0	50.39	1.0	0.1091	-45.39
YNL174W_mRNA	171	774.3	52.97	63.0	1.69	51.28	0.9883	0.0826	-49.59
YNL175C_mRNA	165	746.8	55.72	26.0	6.39	49.33	0.9939	0.0929	-42.95
YNL176C_mRNA	172	625.6	52.26	71.0	3.61	48.65	1.0	0.1044	-45.03
YNL177C_mRNA	106	636.2	47.44	18.5	2.18	45.26	1.0	0.0994	-43.08
YNL178W_mRNA	18504	650.8	43.84	16.0	2.5	41.34	0.9958	0.0733	-38.84
YNL179C_mRNA	10	316.7	26.3	10.0	1.4	24.9	1.0	0.0848	-23.5
YNL180C_mRNA	226	628.8	49.8	23.5	2.72	47.08	1.0	0.0917	-44.37
YNL181W_mRNA	104	842.7	56.89	42.0	6.05	50.85	1.0	0.0778	-44.8
YNL182C_mRNA	235	807.0	53.4	37.0	2.43	50.96	0.9957	0.0901	-48.53
YNL183C_mRNA	107	805.9	63.04	73.0	3.88	59.16	1.0	0.1106	-55.28
YNL184C_mRNA	6	675.2	77.5	69.0	0.33	77.17	1.0	0.114	-76.83
YNL185C_mRNA	105	464.5	49.54	23.0	2.45	47.1	0.981	0.1048	-44.65
YNL186W_mRNA	161	765.4	57.87	73.0	4.07	53.8	0.9938	0.1052	-49.73
YNL187W_mRNA	12	764.1	65.58	81.0	0.42	65.17	1.0	0.1207	-64.75
YNL188W_mRNA	41	655.5	58.51	70.0	1.93	56.59	1.0	0.1109	-54.66
YNL189W_mRNA	558	672.8	47.76	27.0	2.37	45.39	0.9946	0.0939	-43.02
YNL190W_mRNA	646	720.8	50.26	29.0	3.81	46.45	0.9938	0.0855	-42.64
YNL191W_mRNA	57	670.8	44.23	19.0	5.05	39.18	1.0	0.0746	-34.12
YNL192W_mRNA	830	908.1	51.82	66.0	5.01	46.82	0.9976	0.0882	-41.81
YNL193W_mRNA	61	585.1	44.43	12.0	6.97	37.46	1.0	0.1053	-30.49
YNL194C_mRNA	17	490.5	27.65	7.0	1.94	25.71	1.0	0.0616	-23.76
YNL195C_mRNA	39	435.0	44.62	20.0	4.05	40.56	1.0	0.1083	-36.51
YNL196C_mRNA	17	570.8	54.29	42.0	6.41	47.88	1.0	0.1089	-41.47
YNL197C_mRNA	125	683.5	48.89	62.0	2.7	46.19	1.0	0.095	-43.5
YNL199C_mRNA	94	605.5	48.2	18.0	2.06	46.14	1.0	0.1004	-44.07
YNL200C_mRNA	85	664.5	45.78	27.0	2.22	43.55	0.9529	0.0759	-41.33
YNL201C_mRNA	120	895.9	57.66	74.0	3.09	54.57	1.0	0.0857	-51.48
YNL202W_mRNA	18	440.7	58.61	78.5	1.22	57.39	1.0	0.1461	-56.17
YNL203C_mRNA	9	625.1	106.0	19.0	1.33	104.67	1.0	0.1668	-103.33
YNL204C_mRNA	7	568.0	76.14	74.0	5.29	70.86	0.8571	0.1255	-65.57
YNL206C_mRNA	47	821.2	60.87	15.0	4.85	56.02	0.9787	0.1047	-51.17
YNL207W_mRNA	80	583.9	49.74	57.5	2.36	47.38	0.975	0.1125	-45.01
YNL208W_mRNA	651	549.0	48.09	31.0	2.57	45.52	0.9585	0.0937	-42.94
YNL209W_mRNA	2780	953.6	43.29	15.0	2.69	40.61	0.9576	0.068	-37.92
YNL210W_mRNA	15	558.1	31.87	13.0	5.07	26.8	1.0	0.0648	-21.73
YNL211C_mRNA	156	483.5	83.19	83.0	1.56	81.63	1.0	0.1745	-80.07
YNL212W_mRNA	150	914.7	53.31	66.5	2.23	51.07	0.98	0.0887	-48.84
YNL213C_mRNA	107	514.3	43.92	14.0	4.98	38.93	0.9813	0.1005	-33.95
YNL214W_mRNA	105	669.3	54.26	71.0	2.7	51.55	1.0	0.0932	-48.85
YNL215W_mRNA	35	336.3	30.94	12.0	3.74	27.2	1.0	0.0942	-23.46
YNL216W_mRNA	52	849.5	45.87	16.5	2.33	43.54	1.0	0.0782	-41.21
YNL217W_mRNA	665	705.7	45.31	16.0	2.13	43.18	0.991	0.0761	-41.05
YNL218W_mRNA	38	726.8	48.66	49.0	2.55	46.11	1.0	0.1094	-43.55
YNL219C_mRNA	128	815.5	58.11	72.5	7.18	50.93	0.9922	0.1043	-43.75
YNL220W_mRNA	521	738.9	46.59	16.0	3.01	43.58	0.9866	0.0858	-40.57
YNL221C_mRNA	104	683.1	61.87	65.0	3.26	58.61	0.9904	0.1322	-55.35
YNL222W_mRNA	153	622.2	62.59	72.0	7.06	55.54	0.9935	0.1105	-48.48
YNL223W_mRNA	55	597.3	51.04	12.0	1.98	49.05	0.9818	0.0865	-47.07
YNL224C_mRNA	113	649.2	47.27	17.0	5.83	41.43	0.9912	0.0827	-35.6
YNL225C_mRNA	97	752.9	70.21	74.0	2.05	68.15	0.9794	0.1293	-66.1
YNL227C_mRNA	8	615.2	55.0	59.0	3.38	51.62	1.0	0.092	-48.25
YNL228W_mRNA	18	428.4	62.44	21.5	27.0	35.44	1.0	0.1466	-8.44
YNL229C_mRNA	173	666.6	95.46	87.0	2.24	93.21	0.9884	0.1843	-90.97
YNL230C_mRNA	32	485.0	57.66	66.5	3.75	53.91	1.0	0.1689	-50.16
YNL231C_mRNA	496	714.3	47.99	22.0	2.21	45.78	0.996	0.0814	-43.57
YNL232W_mRNA	147	657.9	47.44	21.0	1.88	45.56	1.0	0.0875	-43.67
YNL233W_mRNA	59	642.1	45.83	29.0	2.56	43.27	1.0	0.094	-40.71
YNL234W_mRNA	56	784.1	59.21	78.5	2.32	56.89	1.0	0.1197	-54.57
YNL235C_mRNA	30	319.3	26.43	7.0	2.8	23.63	0.9667	0.0827	-20.83
YNL236W_mRNA	83	673.0	42.65	13.0	2.45	40.2	1.0	0.0826	-37.76
YNL237W_mRNA	35	472.1	64.74	66.0	19.77	44.97	1.0	0.1655	-25.2
YNL238W_mRNA	135	771.2	68.39	79.0	5.67	62.72	1.0	0.1243	-57.05
YNL239W_mRNA	237	863.8	61.64	74.0	2.44	59.19	0.9916	0.109	-56.75
YNL240C_mRNA	82	603.9	49.84	27.5	2.6	47.24	0.9878	0.1035	-44.65
YNL241C_mRNA	341	889.7	46.86	19.0	2.39	44.48	0.9795	0.0732	-42.09
YNL242W_mRNA	45	625.0	51.93	53.0	3.73	48.2	1.0	0.115	-44.47
YNL243W_mRNA	175	781.3	46.86	20.0	2.59	44.26	0.9943	0.09	-41.67
YNL244C_mRNA	3249	460.5	40.16	13.0	1.65	38.51	0.9975	0.0871	-36.85
YNL245C_mRNA	57	465.7	49.54	63.0	4.72	44.82	1.0	0.1222	-40.11
YNL246W_mRNA	80	605.7	47.44	30.5	2.96	44.48	0.9875	0.1115	-41.51
YNL247W_mRNA	294	650.3	35.71	10.0	1.25	34.46	0.983	0.0762	-33.21
YNL248C_mRNA	599	825.4	46.28	18.0	2.27	44.01	0.9566	0.0703	-41.74
YNL249C_mRNA	108	715.7	59.56	69.5	9.02	50.54	1.0	0.106	-41.52
YNL250W_mRNA	58	840.7	89.45	24.5	1.86	87.59	0.9828	0.0988	-85.72
YNL251C_mRNA	167	587.4	52.73	68.0	3.51	49.22	0.988	0.1281	-45.7
YNL252C_mRNA	131	573.3	47.08	23.0	1.76	45.31	0.9695	0.0954	-43.55
YNL253W_mRNA	105	931.1	57.1	67.0	6.5	50.6	1.0	0.0777	-44.1
YNL254C_mRNA	339	634.4	73.63	81.0	1.85	71.78	0.9941	0.1142	-69.93
YNL255C_mRNA	3455	651.5	63.77	72.0	2.01	61.76	0.9832	0.1025	-59.75
YNL256W_mRNA	196	709.1	55.67	72.0	4.89	50.78	0.9847	0.1245	-45.88
YNL257C_mRNA	65	756.1	53.94	68.0	2.31	51.63	1.0	0.1212	-49.32
YNL258C_mRNA	95	945.0	44.81	19.0	1.96	42.85	0.9684	0.0554	-40.89
YNL259C_mRNA	504	396.2	58.75	38.0	1.77	56.98	0.998	0.1507	-55.21
YNL260C_mRNA	59	680.7	54.69	43.0	1.2	53.49	1.0	0.0985	-52.29
YNL261W_mRNA	216	677.2	54.72	68.0	9.44	45.28	0.9907	0.1012	-35.84
YNL262W_mRNA	62	761.0	49.27	48.0	3.37	45.9	0.9839	0.1135	-42.53
YNL263C_mRNA	183	715.6	49.55	66.0	2.56	46.99	1.0	0.09	-44.43
YNL264C_mRNA	144	601.4	47.12	25.5	3.19	43.94	1.0	0.1049	-40.75
YNL265C_mRNA	55	725.1	46.55	13.0	7.22	39.33	0.9818	0.0797	-32.11
YNL266W_mRNA	78	483.6	54.92	70.0	7.56	47.36	0.9872	0.1092	-39.79
YNL267W_mRNA	74	879.9	63.32	75.0	2.36	60.96	0.9865	0.0803	-58.59
YNL268W_mRNA	552	656.3	46.67	19.0	3.34	43.33	0.9946	0.0964	-39.99
YNL271C_mRNA	143	642.3	46.67	20.0	1.88	44.79	0.993	0.097	-42.91
YNL272C_mRNA	107	529.1	50.64	21.0	3.21	47.42	0.9907	0.1127	-44.21
YNL273W_mRNA	38	685.0	90.13	85.0	13.11	77.03	0.9737	0.1611	-63.92
YNL274C_mRNA	119	710.8	53.9	67.0	6.29	47.61	1.0	0.0923	-41.31
YNL275W_mRNA	73	561.2	59.84	69.0	2.88	56.96	1.0	0.143	-54.08
YNL276C_mRNA	62	549.1	51.89	18.5	16.55	35.34	1.0	0.1217	-18.79
YNL277W-A_mRNA	7	360.1	64.29	34.0	6.29	58.0	1.0	0.189	-51.71
YNL277W_mRNA	39	692.4	42.31	14.0	1.08	41.23	0.9744	0.0929	-40.15
YNL278W_mRNA	31	745.8	55.48	74.0	4.48	51.0	1.0	0.0887	-46.52
YNL279W_mRNA	21	460.7	73.14	80.0	1.62	71.52	1.0	0.1997	-69.9
YNL280C_mRNA	186	820.4	53.05	54.0	8.11	44.94	1.0	0.086	-36.83
YNL281W_mRNA	701	575.4	56.44	40.0	2.18	54.26	0.9914	0.1001	-52.08
YNL282W_mRNA	651	564.6	57.35	40.0	2.72	54.64	0.9939	0.1031	-51.92
YNL283C_mRNA	96	844.2	95.12	90.5	5.75	89.38	0.9896	0.1525	-83.62
YNL284C-B_mRNA	1326	870.0	329.07	340.0	2.35	326.73	0.997	0.3889	-324.38
YNL284C_mRNA	226	716.0	53.71	21.5	3.88	49.83	0.9912	0.0916	-45.95
YNL286W_mRNA	126	352.7	38.87	13.0	1.75	37.13	0.9841	0.1178	-35.38
YNL287W_mRNA	538	1055.4	46.97	23.0	2.1	44.87	0.9833	0.0644	-42.78
YNL288W_mRNA	99	775.3	53.31	19.0	2.37	50.94	0.9899	0.0846	-48.57
YNL289W_mRNA	141	479.9	46.44	11.0	11.24	35.2	0.9504	0.1069	-23.96
YNL290W_mRNA	98	680.4	50.1	15.0	3.8	46.31	0.9898	0.0838	-42.51
YNL291C_mRNA	106	680.6	55.67	71.5	2.58	53.09	0.9906	0.1182	-50.52
YNL292W_mRNA	102	524.3	46.43	14.0	2.72	43.72	1.0	0.1125	-41.0
YNL293W_mRNA	96	667.5	51.29	25.5	4.43	46.86	0.9896	0.0989	-42.44
YNL294C_mRNA	186	556.4	51.05	70.0	3.22	47.83	0.9892	0.1178	-44.61
YNL295W_mRNA	52	797.0	52.27	59.0	4.13	48.13	0.9808	0.0928	-44.0
YNL297C_mRNA	186	740.2	88.49	79.0	3.43	85.06	1.0	0.1541	-81.63
YNL298W_mRNA	87	740.7	80.95	79.0	6.32	74.63	1.0	0.1426	-68.31
YNL299W_mRNA	139	511.4	51.63	63.0	7.98	43.65	1.0	0.1087	-35.68
YNL300W_mRNA	143	578.3	63.71	71.0	10.89	52.82	1.0	0.1116	-41.93
YNL301C_mRNA	685	554.3	62.52	17.0	24.19	38.33	0.9956	0.1038	-14.15
YNL302C_mRNA	3137	537.5	45.44	18.0	1.65	43.79	0.9847	0.0864	-42.14
YNL303W_mRNA	1178	400.1	45.46	27.0	9.37	36.09	0.9907	0.1162	-26.73
YNL304W_mRNA	21	553.1	67.0	79.0	1.38	65.62	1.0	0.1257	-64.24
YNL305C_mRNA	134	697.4	63.44	79.5	1.78	61.66	1.0	0.1136	-59.87
YNL306W_mRNA	143	577.3	41.56	16.0	1.93	39.63	0.993	0.0794	-37.7
YNL307C_mRNA	212	766.9	54.94	73.0	2.17	52.76	0.9811	0.1073	-50.59
YNL308C_mRNA	90	395.3	44.23	19.5	1.9	42.33	0.9889	0.1392	-40.43
YNL309W_mRNA	40	488.4	51.95	63.5	6.38	45.58	1.0	0.1298	-39.2
YNL310C_mRNA	51	552.8	32.53	10.0	1.41	31.12	0.9804	0.0626	-29.71
YNL311C_mRNA	120	712.4	67.97	77.0	3.6	64.37	1.0	0.1229	-60.77
YNL312W_mRNA	179	682.3	47.49	23.0	4.59	42.9	0.9721	0.0868	-38.31
YNL313C_mRNA	86	816.8	46.73	22.5	5.4	41.34	0.9884	0.0826	-35.94
YNL314W_mRNA	23	457.8	43.91	29.0	2.78	41.13	1.0	0.1263	-38.35
YNL315C_mRNA	166	560.0	42.08	15.0	2.88	39.2	0.9759	0.0898	-36.32
YNL316C_mRNA	80	607.9	48.24	13.5	1.34	46.9	1.0	0.092	-45.56
YNL317W_mRNA	45	735.3	44.73	17.0	2.04	42.69	1.0	0.0929	-40.64
YNL320W_mRNA	96	586.4	73.9	70.0	3.51	70.39	0.9896	0.1498	-66.88
YNL321W_mRNA	56	685.6	115.8	104.0	1.3	114.5	1.0	0.2281	-113.2
YNL322C_mRNA	282	623.1	44.47	21.0	3.68	40.79	0.9716	0.0848	-37.11
YNL323W_mRNA	127	929.1	43.71	10.0	1.08	42.63	0.9685	0.069	-41.55
YNL325C_mRNA	74	739.5	65.38	78.0	10.16	55.22	1.0	0.1433	-45.05
YNL326C_mRNA	65	626.3	46.8	31.0	3.71	43.09	1.0	0.0976	-39.38
YNL327W_mRNA	307	805.7	49.98	63.0	3.32	46.66	0.987	0.0982	-43.35
YNL328C_mRNA	6	460.5	80.83	51.5	33.67	47.17	1.0	0.156	-13.5
YNL329C_mRNA	36	639.8	47.42	27.0	1.19	46.22	1.0	0.0893	-45.03
YNL330C_mRNA	104	650.4	44.25	19.0	3.68	40.57	1.0	0.0766	-36.88
YNL331C_mRNA	63	593.8	48.67	25.0	6.3	42.37	1.0	0.1008	-36.06
YNL333W_mRNA	33	600.9	58.3	72.0	4.33	53.97	1.0	0.1031	-49.64
YNL334C_mRNA	8	754.5	94.88	100.0	4.12	90.75	1.0	0.1167	-86.62
YNL335W_mRNA	43	594.3	125.91	107.0	12.79	113.12	1.0	0.215	-100.33
YNL336W_mRNA	274	694.0	67.87	69.5	13.07	54.8	0.9927	0.124	-41.72
YNL339C_mRNA	53	458.0	43.83	17.0	1.91	41.92	0.9623	0.1123	-40.02
YNR001C_mRNA	498	773.4	64.54	72.5	16.11	48.43	0.992	0.1369	-32.32
YNR001W-A_mRNA	5	300.6	9.0	8.0	2.8	6.2	1.0	0.0335	-3.4
YNR002C_mRNA	45	448.6	55.18	57.0	4.89	50.29	1.0	0.151	-45.4
YNR003C_mRNA	163	760.6	47.19	12.0	6.26	40.93	0.9939	0.0706	-34.67
YNR003W-A_mRNA	45	326.1	34.6	9.0	3.27	31.33	0.9778	0.1037	-28.07
YNR004W_mRNA	106	495.3	58.61	70.0	3.72	54.9	0.9811	0.1408	-51.18
YNR006W_mRNA	110	701.6	44.92	18.5	2.55	42.36	0.9818	0.0966	-39.81
YNR007C_mRNA	82	669.4	53.34	40.5	4.93	48.41	1.0	0.0985	-43.49
YNR008W_mRNA	41	965.7	49.68	61.0	4.46	45.22	0.9756	0.0748	-40.76
YNR009W_mRNA	47	521.7	51.19	66.0	2.66	48.53	1.0	0.1209	-45.87
YNR010W_mRNA	160	424.0	52.29	45.5	3.41	48.88	1.0	0.1289	-45.47
YNR011C_mRNA	36	485.8	57.25	73.5	7.5	49.75	1.0	0.1574	-42.25
YNR012W_mRNA	159	670.9	52.36	48.0	2.64	49.73	0.9937	0.1024	-47.09
YNR013C_mRNA	173	712.1	53.06	60.0	6.14	46.92	0.9942	0.0992	-40.79
YNR014W_mRNA	39	535.7	59.08	64.0	3.08	56.0	1.0	0.129	-52.92
YNR015W_mRNA	58	771.8	46.66	17.0	2.0	44.66	1.0	0.0649	-42.66
YNR016C_mRNA	1295	686.6	49.24	26.0	2.21	47.03	0.9946	0.1054	-44.82
YNR017W_mRNA	183	721.5	45.84	29.0	2.27	43.57	0.9891	0.0709	-41.3
YNR018W_mRNA	223	614.5	44.08	19.0	2.99	41.09	0.9776	0.0784	-38.1
YNR019W_mRNA	232	641.1	86.18	83.0	3.21	82.97	1.0	0.1853	-79.76
YNR020C_mRNA	30	501.2	36.17	20.5	5.7	30.47	1.0	0.0793	-24.77
YNR021W_mRNA	433	590.1	44.55	14.0	4.56	39.99	0.9861	0.0924	-35.42
YNR022C_mRNA	203	522.9	47.83	20.0	5.77	42.06	0.9901	0.0902	-36.29
YNR023W_mRNA	60	725.6	34.83	11.0	2.33	32.5	1.0	0.0645	-30.17
YNR024W_mRNA	26	418.5	45.69	17.0	1.31	44.38	0.9615	0.1095	-43.08
YNR025C_mRNA	46	431.2	40.98	11.5	3.2	37.78	0.9565	0.0933	-34.59
YNR026C_mRNA	52	947.5	49.02	39.5	1.9	47.12	1.0	0.071	-45.21
YNR027W_mRNA	81	673.7	52.36	33.0	2.77	49.59	1.0	0.1004	-46.83
YNR028W_mRNA	168	603.8	47.76	23.0	2.18	45.58	1.0	0.0954	-43.39
YNR029C_mRNA	94	789.9	50.26	42.5	2.96	47.3	1.0	0.085	-44.34
YNR030W_mRNA	166	788.7	60.69	76.0	3.64	57.05	0.988	0.1196	-53.41
YNR031C_mRNA	82	771.0	49.44	70.0	1.11	48.33	1.0	0.0893	-47.22
YNR032C-A_mRNA	355	362.1	44.72	21.0	3.97	40.75	0.9944	0.1185	-36.79
YNR032W_mRNA	77	762.4	35.79	12.0	1.38	34.42	1.0	0.0667	-33.04
YNR033W_mRNA	64	820.0	44.48	19.0	5.72	38.77	1.0	0.0837	-33.05
YNR034W-A_mRNA	488	471.1	50.92	44.0	4.93	45.99	0.998	0.106	-41.06
YNR034W_mRNA	60	837.2	61.32	72.5	10.82	50.5	1.0	0.1003	-39.68
YNR035C_mRNA	213	696.8	36.02	11.0	3.05	32.97	0.9671	0.0637	-29.92
YNR036C_mRNA	130	473.0	45.56	11.0	1.94	43.62	1.0	0.1031	-41.68
YNR037C_mRNA	160	391.7	42.36	17.0	3.57	38.79	0.9875	0.1043	-35.22
YNR038W_mRNA	86	664.2	46.21	15.0	2.76	43.45	0.9767	0.1001	-40.7
YNR039C_mRNA	77	679.0	54.58	65.0	1.56	53.03	1.0	0.1032	-51.47
YNR040W_mRNA	28	657.2	37.43	12.5	5.5	31.93	1.0	0.0517	-26.43
YNR041C_mRNA	45	708.3	44.04	20.0	3.67	40.38	1.0	0.0813	-36.71
YNR042W_mRNA	58	729.1	46.59	32.0	4.72	41.86	1.0	0.0805	-37.14
YNR043W_mRNA	479	700.1	43.72	20.0	2.79	40.93	0.9979	0.0835	-38.14
YNR044W_mRNA	70	672.3	54.67	65.5	6.01	48.66	1.0	0.137	-42.64
YNR045W_mRNA	19	893.5	54.53	76.0	2.74	51.79	1.0	0.1068	-49.05
YNR046W_mRNA	288	475.8	49.45	67.0	4.44	45.01	1.0	0.11	-40.58
YNR047W_mRNA	86	694.7	46.84	30.0	2.85	43.99	1.0	0.0952	-41.14
YNR048W_mRNA	61	726.7	59.61	73.0	2.39	57.21	1.0	0.1172	-54.82
YNR049C_mRNA	243	464.8	48.88	58.0	4.14	44.74	0.9794	0.1063	-40.6
YNR050C_mRNA	518	840.0	51.82	30.0	3.65	48.17	0.9846	0.0753	-44.52
YNR051C_mRNA	336	478.1	151.63	193.0	111.26	40.37	0.9821	0.4439	70.89
YNR052C_mRNA	217	702.0	53.85	66.0	3.6	50.25	0.9908	0.1028	-46.65
YNR053C_mRNA	239	753.8	61.74	21.0	10.9	50.85	0.9874	0.0942	-39.95
YNR054C_mRNA	41	533.3	46.22	16.0	9.54	36.68	1.0	0.1053	-27.15
YNR055C_mRNA	204	705.6	83.35	72.5	34.82	48.53	0.9853	0.166	-13.72
YNR056C_mRNA	20	549.4	50.15	14.0	7.6	42.55	1.0	0.1074	-34.95
YNR057C_mRNA	24	561.8	63.58	30.5	13.75	49.83	0.9583	0.1023	-36.08
YNR058W_mRNA	24	663.5	51.88	23.0	6.33	45.54	1.0	0.1068	-39.21
YNR059W_mRNA	56	769.1	111.18	94.5	2.98	108.2	1.0	0.1717	-105.21
YNR060W_mRNA	22	873.7	57.5	44.0	12.36	45.14	0.9545	0.1265	-32.77
YNR061C_mRNA	269	663.7	61.75	67.0	10.11	51.65	0.9888	0.1125	-41.54
YNR062C_mRNA	42	752.6	110.24	92.0	16.71	93.52	0.9762	0.1739	-76.81
YNR063W_mRNA	5	1651.2	438.6	449.0	15.8	422.8	1.0	0.2116	-407.0
YNR064C_mRNA	18	872.2	134.61	87.0	59.61	75.0	1.0	0.1391	-15.39
YNR065C_mRNA	99	808.3	65.57	37.0	19.08	46.48	1.0	0.1112	-27.4
YNR066C_mRNA	20	707.4	299.05	116.0	17.5	281.55	1.0	0.3501	-264.05
YNR067C_mRNA	288	579.1	90.1	71.0	42.5	47.6	0.9965	0.1673	-5.1
YNR068C_mRNA	155	849.2	126.03	79.0	72.81	53.22	0.9806	0.1439	19.59
YNR069C_mRNA	42	559.6	183.07	153.5	89.14	93.93	1.0	0.3618	-4.79
YNR070W_mRNA	12	470.6	247.92	194.5	92.33	155.58	1.0	0.5236	-63.25
YNR075W_mRNA	25	419.9	84.6	64.0	28.72	55.88	0.96	0.1682	-27.16
YNR076W_mRNA	82	685.8	74.62	74.5	24.12	50.5	0.9878	0.1186	-26.38
YOL001W_mRNA	184	410.0	142.22	161.0	79.79	62.43	1.0	0.4187	17.36
YOL002C_mRNA	567	784.7	45.33	18.0	2.99	42.34	0.9859	0.069	-39.35
YOL003C_mRNA	77	592.3	53.12	61.0	8.36	44.75	1.0	0.1182	-36.39
YOL004W_mRNA	211	857.6	59.09	29.0	1.8	57.29	0.981	0.1104	-55.49
YOL005C_mRNA	169	422.6	50.41	27.0	7.83	42.59	1.0	0.1257	-34.76
YOL006C_mRNA	121	537.3	72.04	15.0	1.76	70.28	1.0	0.1524	-68.52
YOL007C_mRNA	137	711.8	46.87	35.0	2.34	44.53	0.9854	0.0944	-42.2
YOL008W_mRNA	116	514.7	55.01	58.0	3.45	51.56	0.9828	0.1162	-48.11
YOL009C_mRNA	62	602.4	41.24	9.5	3.06	38.18	0.9677	0.09	-35.11
YOL010W_mRNA	221	572.3	38.0	10.0	1.58	36.42	0.9955	0.0836	-34.83
YOL011W_mRNA	171	628.3	51.41	65.0	5.44	45.97	0.9883	0.0998	-40.53
YOL012C_mRNA	221	600.7	72.41	70.0	2.18	70.24	0.9955	0.1243	-68.06
YOL013C_mRNA	164	512.8	96.72	88.0	57.58	39.14	0.9939	0.3357	18.44
YOL013W-A_mRNA	17	262.2	138.94	134.0	5.18	133.76	1.0	0.5131	-128.59
YOL014W_mRNA	394	496.7	51.45	69.5	2.6	48.85	0.9949	0.1101	-46.25
YOL015W_mRNA	29	605.9	95.28	78.0	5.52	89.76	1.0	0.2086	-84.24
YOL016C_mRNA	1186	662.9	45.68	16.0	2.63	43.05	0.9941	0.0844	-40.42
YOL017W_mRNA	30	620.7	65.77	71.0	1.3	64.47	1.0	0.1487	-63.17
YOL018C_mRNA	84	661.9	53.37	68.5	3.87	49.5	0.9881	0.0884	-45.63
YOL019W_mRNA	69	751.4	48.06	38.0	2.97	45.09	0.971	0.1101	-42.12
YOL020W_mRNA	205	748.3	53.06	67.0	3.64	49.41	0.9707	0.105	-45.77
YOL021C_mRNA	218	693.7	43.4	14.0	5.7	37.7	0.9908	0.0795	-32.0
YOL022C_mRNA	272	732.9	47.26	16.0	2.09	45.17	0.989	0.0773	-43.08
YOL023W_mRNA	40	600.6	49.48	35.0	3.3	46.18	0.95	0.0902	-42.88
YOL025W_mRNA	67	713.3	65.7	70.0	3.55	62.15	1.0	0.1097	-58.6
YOL026C_mRNA	98	384.5	41.15	16.0	2.15	39.0	1.0	0.1068	-36.85
YOL027C_mRNA	72	494.6	48.68	31.5	1.6	47.08	0.9861	0.1083	-45.49
YOL028C_mRNA	29	821.0	54.72	69.0	2.14	52.59	1.0	0.0766	-50.45
YOL029C_mRNA	59	651.9	49.34	67.0	1.47	47.86	1.0	0.09	-46.39
YOL030W_mRNA	320	874.7	67.56	78.0	3.45	64.11	0.9969	0.1119	-60.66
YOL031C_mRNA	128	686.8	50.21	15.5	7.68	42.53	0.9766	0.1026	-34.85
YOL032W_mRNA	266	577.4	46.48	20.0	1.82	44.67	0.985	0.0918	-42.85
YOL033W_mRNA	64	756.2	50.28	15.0	1.33	48.95	0.9844	0.0822	-47.62
YOL034W_mRNA	62	695.5	64.97	72.5	1.84	63.13	0.9677	0.1333	-61.29
YOL036W_mRNA	178	704.6	86.57	77.0	4.71	81.85	1.0	0.1827	-77.14
YOL038C-A_mRNA	105	255.7	65.86	76.0	17.66	48.2	0.9905	0.2855	-30.54
YOL038W_mRNA	387	625.6	41.19	12.0	2.5	38.68	0.9871	0.0758	-36.18
YOL039W_mRNA	4301	489.9	53.57	63.0	2.21	51.36	0.9988	0.1152	-49.15
YOL040C_mRNA	4766	480.9	40.39	12.0	1.88	38.51	0.9969	0.0906	-36.63
YOL041C_mRNA	248	583.7	40.62	12.0	2.35	38.27	0.9798	0.0941	-35.92
YOL042W_mRNA	129	820.0	68.53	73.0	6.53	61.99	1.0	0.1097	-55.46
YOL043C_mRNA	32	811.1	56.44	62.5	1.34	55.09	1.0	0.0999	-53.75
YOL044W_mRNA	79	763.7	51.18	60.0	2.0	49.18	1.0	0.0861	-47.18
YOL045W_mRNA	158	895.3	55.13	24.5	2.81	52.32	0.9937	0.0849	-49.51
YOL047C_mRNA	15	361.5	71.07	74.0	18.07	53.0	1.0	0.2092	-34.93
YOL048C_mRNA	194	655.0	52.85	69.5	2.6	50.25	0.9948	0.1042	-47.65
YOL049W_mRNA	305	778.3	54.41	57.0	3.02	51.39	0.9869	0.0951	-48.36
YOL050C_mRNA	69	496.4	52.67	66.0	9.62	43.04	1.0	0.1336	-33.42
YOL051W_mRNA	105	717.3	55.34	66.0	2.74	52.6	1.0	0.1047	-49.86
YOL052C-A_mRNA	94	462.2	62.24	75.5	4.3	57.95	0.9894	0.1356	-53.65
YOL052C_mRNA	90	818.7	54.62	67.0	2.8	51.82	1.0	0.097	-49.02
YOL053W_mRNA	134	817.8	56.43	71.5	2.95	53.49	0.9776	0.0861	-50.54
YOL054W_mRNA	29	433.9	52.62	29.0	3.0	49.62	1.0	0.1272	-46.62
YOL055C_mRNA	63	722.4	78.98	69.0	18.3	60.68	1.0	0.1419	-42.38
YOL056W_mRNA	103	629.7	46.31	18.0	1.75	44.56	1.0	0.0873	-42.82
YOL057W_mRNA	205	759.8	51.45	67.0	3.16	48.29	1.0	0.0974	-45.13
YOL058W_mRNA	506	781.2	45.66	19.0	2.41	43.24	0.9783	0.0834	-40.83
YOL059W_mRNA	298	879.1	43.83	17.0	3.49	40.34	0.9933	0.0685	-36.85
YOL060C_mRNA	133	631.4	66.47	70.0	21.8	44.66	0.9774	0.1322	-22.86
YOL061W_mRNA	451	768.8	52.86	56.0	3.29	49.57	0.9933	0.0925	-46.28
YOL062C_mRNA	193	798.3	49.35	56.0	2.01	47.34	1.0	0.0774	-45.33
YOL063C_mRNA	55	851.4	44.2	20.0	2.96	41.24	0.9818	0.0733	-38.27
YOL064C_mRNA	457	820.5	50.32	30.0	2.64	47.67	0.9978	0.0796	-45.03
YOL065C_mRNA	49	712.9	40.06	13.0	3.04	37.02	1.0	0.075	-33.98
YOL066C_mRNA	30	675.3	49.87	45.5	4.17	45.7	0.9333	0.0929	-41.53
YOL067C_mRNA	6	764.7	52.5	6.5	1.0	51.5	1.0	0.1199	-50.5
YOL068C_mRNA	98	1039.0	201.53	207.5	2.61	198.92	1.0	0.2325	-196.31
YOL069W_mRNA	78	439.1	81.91	66.5	41.68	40.23	1.0	0.1956	1.45
YOL070C_mRNA	132	694.8	45.58	21.0	2.58	43.0	0.9924	0.0962	-40.42
YOL071W_mRNA	143	545.6	42.76	12.0	1.66	41.1	1.0	0.0857	-39.44
YOL072W_mRNA	30	759.7	86.57	76.5	0.97	85.6	1.0	0.1523	-84.63
YOL073C_mRNA	74	654.3	51.34	62.0	1.96	49.38	0.9865	0.0906	-47.42
YOL075C_mRNA	43	1128.7	81.81	81.0	2.28	79.53	1.0	0.0995	-77.26
YOL076W_mRNA	182	864.0	49.96	46.0	4.1	45.86	0.9945	0.0856	-41.76
YOL077C_mRNA	1179	744.2	43.46	14.0	2.66	40.8	0.9932	0.0669	-38.14
YOL077W-A_mRNA	1782	361.6	44.2	29.5	2.41	41.8	0.9916	0.1138	-39.39
YOL078W_mRNA	49	764.2	74.55	77.0	7.02	67.53	1.0	0.1185	-60.51
YOL080C_mRNA	253	522.5	56.79	70.0	12.19	44.6	0.9802	0.1403	-32.41
YOL081W_mRNA	988	887.5	74.4	77.0	2.72	71.68	0.9868	0.1149	-68.96
YOL082W_mRNA	118	728.0	70.24	64.0	19.99	50.25	0.9915	0.1293	-30.25
YOL083C-A_mRNA	10	775.1	66.6	83.0	13.8	52.8	1.0	0.1448	-39.0
YOL083W_mRNA	12	838.8	43.67	15.5	0.25	43.42	1.0	0.0662	-43.17
YOL084W_mRNA	9	568.4	73.78	75.0	21.11	52.67	1.0	0.1736	-31.56
YOL085W-A_mRNA	14	456.9	56.21	47.0	2.07	54.14	1.0	0.128	-52.07
YOL086C_mRNA	21867	742.5	46.92	56.0	2.75	44.17	0.9918	0.0775	-41.42
YOL086W-A_mRNA	475	189.2	40.71	13.0	2.26	38.45	0.9516	0.1955	-36.19
YOL087C_mRNA	115	673.9	88.96	83.0	2.97	85.98	0.9913	0.1751	-83.01
YOL088C_mRNA	93	641.3	30.27	9.0	1.69	28.58	1.0	0.0567	-26.89
YOL089C_mRNA	56	750.9	53.39	65.5	4.46	48.93	1.0	0.0973	-44.46
YOL090W_mRNA	168	887.1	48.42	18.0	2.6	45.82	0.9821	0.0804	-43.21
YOL091W_mRNA	41	621.0	121.54	100.0	14.32	107.22	1.0	0.2009	-92.9
YOL092W_mRNA	281	657.0	57.18	73.0	4.26	52.91	1.0	0.1087	-48.65
YOL093W_mRNA	116	593.4	50.09	17.0	3.29	46.8	0.9914	0.099	-43.51
YOL094C_mRNA	92	580.7	40.15	14.0	1.83	38.33	1.0	0.087	-36.5
YOL095C_mRNA	33	743.8	54.27	79.0	4.18	50.09	1.0	0.0874	-45.91
YOL096C_mRNA	92	572.8	53.08	72.0	2.48	50.6	0.9674	0.1163	-48.12
YOL097C_mRNA	417	839.2	43.79	14.0	2.9	40.89	0.9904	0.0666	-37.99
YOL097W-A_mRNA	145	338.9	38.86	11.0	4.6	34.26	0.9862	0.1111	-29.66
YOL098C_mRNA	284	1042.7	52.0	65.5	2.03	49.97	0.9859	0.0785	-47.94
YOL099C_mRNA	184	386.2	43.12	21.5	2.78	40.34	0.9837	0.1164	-37.55
YOL100W_mRNA	39	804.9	62.51	43.0	14.31	48.21	0.9744	0.1129	-33.9
YOL101C_mRNA	167	631.5	54.22	69.0	6.14	48.07	0.994	0.1026	-41.93
YOL102C_mRNA	132	665.6	46.38	24.0	1.65	44.73	0.9924	0.0758	-43.08
YOL103W-B_mRNA	860	1178.8	230.81	316.0	3.73	227.08	0.9721	0.2031	-223.35
YOL103W_mRNA	266	904.3	46.45	22.0	3.26	43.18	0.985	0.0663	-39.92
YOL104C_mRNA	31	848.0	410.19	423.0	126.16	284.03	1.0	0.4912	-157.87
YOL105C_mRNA	92	584.0	98.54	84.0	35.54	63.0	0.9891	0.2196	-27.46
YOL107W_mRNA	65	573.8	55.72	61.0	8.46	47.26	1.0	0.11	-38.8
YOL108C_mRNA	115	527.2	44.81	16.0	1.79	43.02	0.9826	0.0922	-41.23
YOL109W_mRNA	8404	512.0	50.16	32.0	1.64	48.53	0.9708	0.0985	-46.89
YOL110W_mRNA	40	668.7	46.08	21.0	2.15	43.92	1.0	0.0798	-41.78
YOL111C_mRNA	76	623.8	49.57	71.0	1.47	48.09	1.0	0.0856	-46.62
YOL112W_mRNA	28	597.8	96.11	23.0	1.93	94.18	1.0	0.1963	-92.25
YOL113W_mRNA	160	637.1	50.14	54.0	5.51	44.63	1.0	0.1081	-39.12
YOL114C_mRNA	15	532.3	68.2	14.0	1.33	66.87	1.0	0.1169	-65.53
YOL115W_mRNA	93	546.8	42.38	16.0	2.91	39.46	1.0	0.1042	-36.55
YOL116W_mRNA	147	612.4	82.95	76.0	31.73	51.21	1.0	0.1526	-19.48
YOL117W_mRNA	52	922.7	74.19	19.5	1.98	72.21	1.0	0.0786	-70.23
YOL118C_mRNA	221	488.2	267.8	268.0	4.56	263.24	1.0	0.5214	-258.68
YOL119C_mRNA	227	652.3	54.07	70.0	3.37	50.7	0.978	0.1187	-47.32
YOL120C_mRNA	5251	585.5	43.19	14.0	3.42	39.77	0.9914	0.079	-36.34
YOL121C_mRNA	4040	458.3	39.1	9.0	3.26	35.83	0.9785	0.0847	-32.57
YOL122C_mRNA	242	592.3	48.85	58.5	3.83	45.02	0.9959	0.1069	-41.19
YOL123W_mRNA	951	512.6	45.72	23.0	2.52	43.21	0.9916	0.1088	-40.69
YOL124C_mRNA	185	754.2	50.15	27.0	2.17	47.97	0.9838	0.0799	-45.8
YOL125W_mRNA	76	653.8	53.22	15.5	1.3	51.92	1.0	0.1144	-50.62
YOL126C_mRNA	40	819.9	60.42	74.5	4.38	56.05	1.0	0.101	-51.68
YOL127W_mRNA	16445	492.5	46.97	29.0	2.29	44.68	0.9825	0.0961	-42.39
YOL128C_mRNA	59	712.0	90.58	80.0	2.29	88.29	1.0	0.1674	-86.0
YOL129W_mRNA	393	559.7	49.91	67.0	4.09	45.82	0.9949	0.1026	-41.73
YOL130W_mRNA	183	732.5	52.59	59.0	2.76	49.83	0.9945	0.1122	-47.07
YOL132W_mRNA	14	416.4	60.29	67.0	8.86	51.43	1.0	0.1505	-42.57
YOL133W_mRNA	57	511.0	49.84	67.0	1.98	47.86	1.0	0.1065	-45.88
YOL134C_mRNA	86	541.5	50.51	58.5	3.41	47.1	1.0	0.0987	-43.7
YOL135C_mRNA	41	602.4	47.63	19.0	3.9	43.73	1.0	0.0924	-39.83
YOL136C_mRNA	224	891.8	51.66	68.0	2.45	49.21	0.9866	0.0875	-46.76
YOL137W_mRNA	98	657.0	59.44	73.0	6.96	52.48	1.0	0.1203	-45.52
YOL138C_mRNA	37	742.9	53.14	73.0	2.03	51.11	1.0	0.1157	-49.08
YOL139C_mRNA	3426	643.1	49.96	65.5	2.64	47.32	0.9895	0.0866	-44.68
YOL140W_mRNA	165	688.9	67.08	79.0	2.33	64.75	0.9939	0.1241	-62.42
YOL142W_mRNA	170	542.7	45.33	16.5	4.23	41.1	0.9941	0.0938	-36.87
YOL143C_mRNA	377	560.8	46.02	19.0	1.18	44.84	1.0	0.0868	-43.66
YOL144W_mRNA	45	495.9	47.91	22.0	7.0	40.91	1.0	0.0965	-33.91
YOL145C_mRNA	57	460.9	54.3	73.0	3.19	51.11	1.0	0.142	-47.91
YOL146W_mRNA	90	559.4	50.26	66.0	2.52	47.73	0.9889	0.0956	-45.21
YOL147C_mRNA	139	566.9	49.37	16.0	5.63	43.74	0.9928	0.0966	-38.11
YOL148C_mRNA	69	815.9	96.45	111.0	1.78	94.67	1.0	0.1729	-92.88
YOL149W_mRNA	295	659.9	86.97	89.0	3.52	83.45	0.9966	0.1495	-79.93
YOL150C_mRNA	76	738.0	40.38	14.0	1.99	38.39	0.9868	0.0694	-36.41
YOL151W_mRNA	80	654.1	52.79	70.0	3.05	49.74	1.0	0.1004	-46.69
YOL152W_mRNA	84	625.8	125.68	72.5	79.67	46.01	1.0	0.2792	33.65
YOL153C_mRNA	40	764.2	178.95	153.0	21.48	157.48	1.0	0.2953	-136.0
YOL154W_mRNA	29	727.4	63.66	74.0	18.79	44.86	1.0	0.0885	-26.07
YOL155C_mRNA	91	797.5	300.43	122.0	57.62	242.81	1.0	0.3401	-185.2
YOL155W-A_mRNA	110	436.9	312.34	304.5	203.78	108.55	1.0	0.698	95.23
YOL156W_mRNA	17	650.8	220.65	132.0	1.71	218.94	1.0	0.3941	-217.24
YOL157C_mRNA	20	731.8	135.65	141.0	1.95	133.7	1.0	0.1901	-131.75
YOL158C_mRNA	73	917.6	74.58	17.0	17.45	57.12	1.0	0.1133	-39.67
YOL159C-A_mRNA	126	511.2	81.06	66.0	27.15	53.91	0.9921	0.1442	-26.76
YOL159C_mRNA	128	586.2	68.33	17.0	26.44	41.89	0.9844	0.1142	-15.45
YOL160W_mRNA	5	659.0	372.2	363.0	205.2	167.0	1.0	0.5503	38.2
YOL162W_mRNA	17	535.0	158.76	143.0	80.82	77.94	1.0	0.2829	2.88
YOL163W_mRNA	13	853.3	506.23	510.0	110.31	395.92	1.0	0.5546	-285.62
YOL164W-A_mRNA	17	746.9	570.47	487.0	393.47	177.0	1.0	0.6924	216.47
YOL164W_mRNA	101	521.0	80.54	76.0	14.87	65.67	0.9901	0.1717	-50.8
YOR001W_mRNA	109	1017.6	55.0	61.0	6.5	48.5	0.9817	0.0895	-42.01
YOR002W_mRNA	271	799.0	51.95	66.0	4.65	47.31	0.9926	0.0904	-42.66
YOR003W_mRNA	117	469.9	64.51	69.0	8.23	56.28	1.0	0.1394	-48.05
YOR004W_mRNA	224	541.9	47.25	22.5	2.81	44.45	0.9955	0.1066	-41.64
YOR005C_mRNA	83	571.1	54.78	70.0	1.63	53.16	0.9759	0.1084	-51.53
YOR006C_mRNA	131	679.0	57.11	74.0	2.49	54.62	0.9847	0.0998	-52.13
YOR007C_mRNA	922	535.4	42.07	15.0	1.9	40.17	0.9881	0.0964	-38.27
YOR008C-A_mRNA	15	342.5	184.93	164.0	15.13	169.8	1.0	0.4737	-154.67
YOR008C_mRNA	260	711.0	43.19	15.0	3.47	39.72	0.9808	0.0823	-36.25
YOR009W_mRNA	19	600.6	97.16	79.0	34.74	62.42	1.0	0.1783	-27.68
YOR010C_mRNA	11	869.9	107.27	18.0	71.64	35.64	1.0	0.0998	36.0
YOR011W-A_mRNA	5	639.2	498.0	427.0	108.0	390.0	1.0	0.7801	-282.0
YOR011W_mRNA	74	611.4	81.51	76.0	34.03	47.49	1.0	0.2013	-13.46
YOR013W_mRNA	58	525.3	49.72	36.5	5.86	43.86	0.9655	0.1124	-38.0
YOR014W_mRNA	72	934.4	73.47	80.5	1.68	71.79	1.0	0.0955	-70.11
YOR015W_mRNA	127	858.3	52.89	50.0	5.97	46.92	0.9843	0.0784	-40.95
YOR016C_mRNA	275	604.2	42.99	16.0	3.94	39.05	1.0	0.0789	-35.11
YOR017W_mRNA	60	654.3	60.47	74.5	5.43	55.03	0.9667	0.1343	-49.6
YOR018W_mRNA	166	480.0	64.45	66.0	12.25	52.2	0.994	0.1537	-39.95
YOR019W_mRNA	55	531.9	54.35	70.0	2.56	51.78	1.0	0.1277	-49.22
YOR020C_mRNA	4502	438.4	41.65	15.0	2.84	38.81	0.9798	0.0913	-35.97
YOR020W-A_mRNA	358	485.7	70.94	70.0	17.25	53.69	1.0	0.1421	-36.44
YOR021C_mRNA	1347	689.6	58.52	21.0	3.52	54.99	0.9666	0.0899	-51.47
YOR022C_mRNA	24	863.1	70.75	41.5	0.88	69.88	1.0	0.1105	-69.0
YOR023C_mRNA	77	629.5	46.44	20.0	2.49	43.95	1.0	0.1044	-41.45
YOR025W_mRNA	29	901.0	70.45	74.0	2.45	68.0	0.9655	0.0917	-65.55
YOR026W_mRNA	91	533.0	47.76	20.0	1.66	46.1	1.0	0.1109	-44.44
YOR027W_mRNA	1053	826.1	49.4	19.0	2.91	46.49	0.9943	0.0785	-43.58
YOR028C_mRNA	60	469.2	57.8	73.0	5.0	52.8	1.0	0.1529	-47.8
YOR030W_mRNA	92	831.4	64.07	76.0	4.51	59.55	0.9783	0.106	-55.04
YOR032C_mRNA	91	748.4	79.93	85.0	7.21	72.73	1.0	0.1548	-65.52
YOR032W-A_mRNA	20	359.8	61.85	77.0	3.85	58.0	1.0	0.2344	-54.15
YOR033C_mRNA	76	725.4	50.39	15.0	7.84	42.55	1.0	0.0933	-34.71
YOR034C-A_mRNA	36	536.9	42.0	11.5	4.47	37.53	1.0	0.1009	-33.06
YOR034C_mRNA	112	778.0	72.74	70.0	16.65	56.09	0.9911	0.1096	-39.44
YOR035C_mRNA	25	1123.3	101.24	84.0	37.0	64.24	1.0	0.106	-27.24
YOR036W_mRNA	268	664.1	61.44	68.0	9.38	52.06	0.9963	0.1031	-42.67
YOR037W_mRNA	91	627.2	44.29	21.0	2.14	42.14	1.0	0.0944	-40.0
YOR038C_mRNA	68	656.7	51.38	68.5	3.68	47.71	1.0	0.0961	-44.03
YOR039W_mRNA	392	781.4	46.1	18.0	2.17	43.94	0.9923	0.0763	-41.77
YOR040W_mRNA	313	319.8	48.74	52.0	3.22	45.52	1.0	0.1528	-42.31
YOR041C_mRNA	174	350.9	44.28	16.0	8.86	35.42	1.0	0.1551	-26.56
YOR042W_mRNA	49	579.4	37.29	12.0	1.59	35.69	0.9796	0.0845	-34.1
YOR043W_mRNA	218	735.9	47.04	25.5	2.93	44.11	0.9954	0.0889	-41.18
YOR044W_mRNA	148	632.9	50.61	21.5	5.33	45.28	0.9797	0.0925	-39.95
YOR045W_mRNA	1335	371.3	46.43	20.0	2.11	44.32	0.9978	0.1201	-42.21
YOR046C_mRNA	437	813.7	44.6	15.0	2.86	41.74	0.9977	0.0658	-38.88
YOR047C_mRNA	134	661.8	47.93	13.0	4.51	43.41	0.9851	0.0926	-38.9
YOR048C_mRNA	246	697.2	59.5	52.5	12.35	47.14	0.9837	0.1211	-34.79
YOR049C_mRNA	28	853.9	112.25	80.0	2.89	109.36	1.0	0.125	-106.46
YOR050C_mRNA	207	581.9	55.16	15.0	12.46	42.7	0.9952	0.1022	-30.24
YOR051C_mRNA	323	925.9	49.4	22.0	2.9	46.5	0.9845	0.0722	-43.59
YOR052C_mRNA	888	647.5	50.66	63.0	2.39	48.28	0.9989	0.0854	-45.89
YOR053W_mRNA	95	231.9	55.15	71.0	7.15	48.0	1.0	0.2163	-40.85
YOR056C_mRNA	244	609.4	45.09	16.5	1.34	43.75	0.9918	0.0869	-42.41
YOR057W_mRNA	77	535.0	40.48	21.0	3.1	37.38	1.0	0.1033	-34.27
YOR058C_mRNA	102	709.4	89.57	89.0	2.95	86.62	1.0	0.1574	-83.67
YOR059C_mRNA	131	734.9	61.84	65.0	9.06	52.78	0.9847	0.1216	-43.72
YOR060C_mRNA	13	716.8	46.38	31.0	2.15	44.23	1.0	0.0658	-42.08
YOR061W_mRNA	393	639.7	44.4	16.0	1.77	42.63	1.0	0.0894	-40.85
YOR062C_mRNA	38	565.2	35.18	14.5	2.05	33.13	1.0	0.0708	-31.08
YOR063W_mRNA	11375	674.6	42.49	13.0	2.1	40.39	0.9936	0.0793	-38.29
YOR064C_mRNA	40	529.5	57.58	39.5	11.2	46.38	1.0	0.1455	-35.17
YOR065W_mRNA	374	751.8	56.97	69.0	6.41	50.56	0.9973	0.1053	-44.15
YOR066W_mRNA	66	588.4	51.21	24.0	9.23	41.98	0.9697	0.1052	-32.76
YOR067C_mRNA	200	634.4	50.4	64.5	3.26	47.13	0.99	0.1121	-43.86
YOR069W_mRNA	156	706.7	60.58	56.0	9.56	51.02	0.9744	0.1	-41.46
YOR070C_mRNA	55	565.5	36.47	13.0	2.18	34.29	0.9636	0.083	-32.11
YOR071C_mRNA	105	768.0	90.46	66.0	4.0	86.46	1.0	0.126	-82.46
YOR072W-A_mRNA	6	396.7	233.33	225.0	1.33	232.0	1.0	0.5777	-230.67
YOR073W-A_mRNA	49	607.5	57.8	67.0	2.35	55.45	1.0	0.1066	-53.1
YOR073W_mRNA	48	639.2	59.02	76.5	2.33	56.69	1.0	0.1095	-54.35
YOR074C_mRNA	32	607.3	48.91	68.5	1.94	46.97	1.0	0.118	-45.03
YOR075W_mRNA	180	751.5	48.86	19.5	4.43	44.43	1.0	0.0776	-39.99
YOR076C_mRNA	84	765.1	57.58	71.0	2.17	55.42	1.0	0.0936	-53.25
YOR077W_mRNA	108	436.2	49.0	28.0	2.19	46.81	0.9907	0.1327	-44.61
YOR078W_mRNA	38	435.1	51.0	33.0	8.13	42.87	0.9211	0.1259	-34.74
YOR079C_mRNA	221	798.0	91.29	87.0	2.03	89.27	1.0	0.1349	-87.24
YOR080W_mRNA	171	651.1	47.32	17.0	4.17	43.15	0.9883	0.0982	-38.98
YOR081C_mRNA	45	995.3	60.58	36.0	5.02	55.56	0.9778	0.0866	-50.53
YOR084W_mRNA	40	865.9	47.1	20.0	6.78	40.33	1.0	0.0829	-33.55
YOR085W_mRNA	177	726.5	52.07	72.0	3.02	49.05	0.9944	0.0919	-46.03
YOR086C_mRNA	178	894.0	50.88	27.5	1.88	49.0	0.9888	0.078	-47.12
YOR087W_mRNA	53	898.0	46.47	15.0	1.75	44.72	0.9811	0.0785	-42.96
YOR089C_mRNA	210	546.1	64.73	74.5	2.76	61.97	1.0	0.1276	-59.21
YOR090C_mRNA	66	853.3	53.23	21.5	2.59	50.64	1.0	0.0752	-48.05
YOR091W_mRNA	85	606.7	54.22	45.0	2.51	51.72	1.0	0.1309	-49.21
YOR092W_mRNA	95	685.7	53.87	67.0	9.42	44.45	1.0	0.1263	-35.03
YOR093C_mRNA	85	744.8	47.07	15.0	2.53	44.54	0.9882	0.0909	-42.01
YOR094W_mRNA	202	574.5	39.95	10.0	1.5	38.45	0.9752	0.083	-36.94
YOR095C_mRNA	643	748.8	51.64	54.0	3.5	48.14	0.9907	0.0754	-44.64
YOR096W_mRNA	11802	579.1	39.73	8.0	2.11	37.62	0.939	0.0736	-35.52
YOR097C_mRNA	222	372.4	48.22	45.5	2.09	46.12	0.973	0.1482	-44.03
YOR098C_mRNA	63	799.1	61.38	71.0	1.84	59.54	0.9524	0.1072	-57.7
YOR099W_mRNA	287	844.1	49.37	62.0	1.93	47.44	0.993	0.0807	-45.51
YOR100C_mRNA	7	638.9	42.0	32.0	12.57	29.43	1.0	0.0974	-16.86
YOR101W_mRNA	170	746.1	59.54	77.0	2.88	56.66	0.9941	0.1009	-53.78
YOR102W_mRNA	249	441.4	47.24	49.0	3.01	44.22	1.0	0.1111	-41.21
YOR103C_mRNA	356	573.1	50.24	69.0	2.28	47.96	0.9972	0.0941	-45.68
YOR104W_mRNA	29	719.2	49.31	38.0	2.93	46.38	1.0	0.082	-43.45
YOR105W_mRNA	149	691.5	56.52	37.0	7.26	49.26	0.9933	0.1012	-42.0
YOR106W_mRNA	82	537.6	69.38	77.0	11.37	58.01	1.0	0.1497	-46.65
YOR107W_mRNA	101	501.6	50.13	63.0	3.14	46.99	0.9901	0.1262	-43.85
YOR108W_mRNA	591	684.1	48.07	57.0	3.27	44.8	0.9882	0.0927	-41.53
YOR109W_mRNA	170	694.7	58.8	69.0	3.92	54.88	0.9706	0.1233	-50.96
YOR110W_mRNA	56	644.8	44.98	11.0	1.93	43.05	1.0	0.083	-41.12
YOR111W_mRNA	113	682.9	52.57	67.0	2.32	50.25	0.9912	0.095	-47.93
YOR112W_mRNA	45	1081.5	42.36	13.0	1.69	40.67	1.0	0.0821	-38.98
YOR113W_mRNA	23	871.9	52.61	34.0	14.04	38.57	1.0	0.1615	-24.52
YOR114W_mRNA	59	551.2	46.44	12.0	1.02	45.42	1.0	0.101	-44.41
YOR115C_mRNA	390	698.7	43.88	14.0	2.68	41.19	0.9077	0.0719	-38.51
YOR116C_mRNA	317	703.9	52.03	61.0	4.19	47.84	0.9779	0.088	-43.64
YOR117W_mRNA	387	785.7	49.84	24.0	1.96	47.88	0.9948	0.0901	-45.93
YOR118W_mRNA	112	873.1	61.02	71.0	3.53	57.49	0.9911	0.0992	-53.96
YOR119C_mRNA	89	545.5	47.33	25.0	5.87	41.46	1.0	0.0991	-35.6
YOR120W_mRNA	118	672.4	55.52	69.0	5.56	49.96	1.0	0.1138	-44.4
YOR121C_mRNA	832	481.9	53.41	46.0	13.77	39.64	0.9988	0.1172	-25.86
YOR122C_mRNA	2516	582.0	55.04	71.5	3.71	51.34	0.9936	0.0957	-47.63
YOR123C_mRNA	10	420.7	55.5	13.5	2.2	53.3	0.8	0.2045	-51.1
YOR124C_mRNA	167	644.0	47.25	26.0	2.16	45.1	0.994	0.0919	-42.94
YOR125C_mRNA	166	661.5	47.4	38.5	4.02	43.38	0.994	0.0834	-39.36
YOR126C_mRNA	61	606.4	44.44	30.0	2.18	42.26	0.9836	0.0857	-40.08
YOR127W_mRNA	124	611.5	45.85	38.5	1.97	43.89	0.9839	0.1122	-41.92
YOR128C_mRNA	47	879.7	42.68	13.0	2.57	40.11	1.0	0.068	-37.53
YOR129C_mRNA	27	525.7	63.78	77.0	2.41	61.37	1.0	0.1612	-58.96
YOR130C_mRNA	339	717.5	49.39	32.0	2.13	47.27	0.9794	0.0841	-45.14
YOR131C_mRNA	225	553.6	63.34	71.0	17.36	45.99	0.9956	0.1635	-28.63
YOR132W_mRNA	100	728.1	33.91	10.0	1.84	32.07	0.99	0.0664	-30.23
YOR133W_mRNA	3406	876.1	52.36	20.0	3.11	49.25	0.9383	0.0765	-46.14
YOR134W_mRNA	48	554.1	81.81	67.5	28.88	52.94	1.0	0.1727	-24.06
YOR135C_mRNA	58	1125.9	108.9	124.5	3.83	105.07	1.0	0.099	-101.24
YOR136W_mRNA	288	745.5	45.23	17.0	3.53	41.7	0.9965	0.0852	-38.17
YOR137C_mRNA	90	870.3	92.49	101.0	14.02	78.47	1.0	0.1436	-64.44
YOR138C_mRNA	125	752.8	54.83	65.0	3.98	50.85	1.0	0.1054	-46.86
YOR140W_mRNA	27	924.6	49.41	66.0	1.7	47.7	1.0	0.0912	-46.0
YOR141C_mRNA	103	667.4	48.88	64.0	1.74	47.15	1.0	0.1096	-45.41
YOR142W-B_mRNA	1013	1303.6	296.16	327.0	4.01	292.16	0.9951	0.2806	-288.15
YOR142W_mRNA	375	730.2	54.52	41.0	7.36	47.16	0.9973	0.1061	-39.8
YOR143C_mRNA	221	812.6	52.27	56.0	3.94	48.33	0.9955	0.0722	-44.38
YOR144C_mRNA	30	565.3	60.33	68.5	2.43	57.9	1.0	0.1218	-55.47
YOR145C_mRNA	214	566.1	45.35	17.0	2.58	42.76	1.0	0.0898	-40.18
YOR146W_mRNA	142	563.3	52.9	67.5	4.1	48.8	0.993	0.108	-44.7
YOR147W_mRNA	146	854.0	58.64	76.0	1.99	56.65	1.0	0.0922	-54.66
YOR148C_mRNA	125	431.9	47.0	21.0	2.11	44.89	0.992	0.12	-42.78
YOR149C_mRNA	67	562.3	84.45	72.0	14.94	69.51	1.0	0.1763	-54.57
YOR150W_mRNA	277	520.5	46.8	18.0	2.78	44.03	0.9856	0.0941	-41.25
YOR151C_mRNA	808	747.3	61.4	69.0	2.14	59.26	0.9802	0.1093	-57.12
YOR152C_mRNA	82	580.6	71.4	75.5	17.98	53.43	1.0	0.1589	-35.45
YOR153W_mRNA	937	826.5	51.08	36.0	4.49	46.59	0.9968	0.0932	-42.09
YOR154W_mRNA	78	702.6	52.13	63.0	3.06	49.06	0.9872	0.1007	-46.0
YOR155C_mRNA	98	874.2	57.96	42.0	3.05	54.91	1.0	0.0825	-51.86
YOR156C_mRNA	22	730.8	83.45	83.0	4.14	79.32	1.0	0.1758	-75.18
YOR157C_mRNA	382	605.5	46.14	20.0	3.23	42.91	0.9791	0.0885	-39.68
YOR158W_mRNA	107	756.3	47.98	19.0	1.84	46.14	0.9907	0.078	-44.3
YOR159C_mRNA	299	456.1	40.42	12.0	2.51	37.91	0.9933	0.0891	-35.4
YOR160W_mRNA	124	638.5	46.46	18.0	2.27	44.19	1.0	0.0955	-41.91
YOR161C_mRNA	61	692.1	63.46	76.0	3.85	59.61	1.0	0.1173	-55.75
YOR162C_mRNA	62	765.3	69.81	66.0	22.97	46.84	0.9839	0.1367	-23.87
YOR163W_mRNA	122	534.9	44.57	18.5	1.3	43.27	0.9918	0.0886	-41.97
YOR164C_mRNA	388	820.6	45.34	19.0	2.27	43.07	0.9845	0.0712	-40.8
YOR165W_mRNA	228	940.2	52.67	70.5	2.42	50.25	1.0	0.0928	-47.84
YOR166C_mRNA	66	754.0	64.92	67.5	4.65	60.27	0.9697	0.1058	-55.62
YOR167C_mRNA	7283	353.5	40.61	13.0	1.44	39.16	0.9978	0.1076	-37.72
YOR168W_mRNA	545	1019.1	47.1	17.0	3.72	43.38	0.9872	0.0692	-39.65
YOR169C_mRNA	481	557.4	42.51	15.0	2.43	40.08	0.9896	0.0922	-37.64
YOR170W_mRNA	55	462.5	54.45	73.0	1.58	52.87	0.9818	0.1282	-51.29
YOR171C_mRNA	92	989.6	52.43	66.5	2.04	50.39	1.0	0.0817	-48.35
YOR172W_mRNA	82	827.9	55.02	74.5	3.72	51.3	1.0	0.0964	-47.59
YOR173W_mRNA	47	602.7	38.17	11.0	1.26	36.91	1.0	0.0897	-35.66
YOR174W_mRNA	42	601.6	123.17	104.0	1.74	121.43	1.0	0.2561	-119.69
YOR175C_mRNA	209	808.7	55.71	70.0	5.18	50.54	0.9856	0.1112	-45.36
YOR176W_mRNA	292	643.0	62.8	74.0	12.29	50.51	0.9932	0.135	-38.22
YOR177C_mRNA	21	623.0	144.86	91.0	7.86	137.0	1.0	0.2234	-129.14
YOR178C_mRNA	67	637.1	109.81	81.0	7.51	102.3	0.9851	0.2276	-94.79
YOR179C_mRNA	135	595.4	52.53	17.0	9.64	42.9	0.9778	0.1026	-33.26
YOR180C_mRNA	43	558.3	161.58	113.0	2.47	159.12	1.0	0.3426	-156.65
YOR181W_mRNA	80	531.4	61.69	47.0	17.27	44.41	1.0	0.1586	-27.14
YOR182C_mRNA	15236	300.6	45.01	26.0	2.77	42.23	0.9888	0.1367	-39.46
YOR184W_mRNA	495	748.3	60.62	66.0	13.54	47.08	0.9939	0.116	-33.54
YOR185C_mRNA	93	522.2	118.77	86.0	55.95	62.83	1.0	0.2734	-6.88
YOR186C-A_mRNA	8	348.9	60.88	69.0	0.62	60.25	1.0	0.2136	-59.62
YOR186W_mRNA	14	437.1	84.93	82.0	10.21	74.71	1.0	0.1849	-64.5
YOR187W_mRNA	688	743.1	44.46	15.0	2.07	42.39	0.9927	0.078	-40.31
YOR188W_mRNA	84	603.3	65.48	66.0	13.3	52.18	1.0	0.1602	-38.88
YOR189W_mRNA	168	464.3	38.37	10.5	4.24	34.13	0.9881	0.0885	-29.89
YOR190W_mRNA	31	621.5	80.32	77.0	25.29	55.03	1.0	0.1451	-29.74
YOR191W_mRNA	85	689.3	98.06	72.0	3.18	94.88	0.9647	0.1322	-91.71
YOR192C-A_mRNA	16	418.5	83.94	80.5	6.19	77.75	1.0	0.2111	-71.56
YOR192C-B_mRNA	200	1441.8	208.99	298.0	3.91	205.08	0.97	0.1359	-201.17
YOR192C-C_mRNA	16962	761.8	81.65	77.0	26.4	55.25	0.9807	0.1101	-28.84
YOR192C_mRNA	52	844.6	288.37	274.5	49.67	238.69	1.0	0.3552	-189.02
YOR193W_mRNA	107	773.3	76.76	79.0	28.63	48.13	0.9813	0.1039	-19.5
YOR194C_mRNA	109	450.7	42.03	11.0	2.38	39.65	0.9266	0.1019	-37.28
YOR195W_mRNA	126	923.9	63.79	73.0	1.71	62.08	0.9603	0.0824	-60.37
YOR196C_mRNA	227	656.5	43.06	11.0	1.86	41.19	0.9868	0.0831	-39.33
YOR197W_mRNA	407	681.9	46.2	25.0	2.26	43.94	0.9779	0.0865	-41.69
YOR198C_mRNA	774	748.0	43.1	14.0	2.63	40.47	0.9806	0.0749	-37.83
YOR199W_mRNA	15	318.3	47.33	65.0	3.73	43.6	1.0	0.1601	-39.87
YOR200W_mRNA	23	657.2	51.61	56.0	3.87	47.74	1.0	0.1361	-43.87
YOR201C_mRNA	56	839.6	63.04	74.0	0.79	62.25	1.0	0.1142	-61.46
YOR202W_mRNA	119	521.4	46.89	24.0	1.93	44.96	1.0	0.0946	-43.03
YOR203W_mRNA	15	239.7	42.07	16.0	1.93	40.13	1.0	0.1673	-38.2
YOR204W_mRNA	1025	482.0	54.42	71.0	3.13	51.29	0.9961	0.1402	-48.15
YOR205C_mRNA	49	626.7	56.31	50.0	2.22	54.08	1.0	0.1187	-51.86
YOR206W_mRNA	333	820.1	52.39	57.0	2.16	50.23	0.982	0.0888	-48.07
YOR207C_mRNA	312	595.8	54.83	37.0	5.04	49.78	0.9776	0.1263	-44.74
YOR208W_mRNA	223	750.6	61.57	75.0	2.05	59.52	0.9955	0.1146	-57.46
YOR209C_mRNA	498	776.1	52.86	69.0	1.85	51.02	0.992	0.0958	-49.17
YOR210W_mRNA	1268	474.4	38.02	11.0	1.55	36.47	0.9984	0.0798	-34.92
YOR211C_mRNA	116	733.3	34.44	9.0	1.49	32.95	1.0	0.0598	-31.46
YOR212W_mRNA	241	725.1	55.43	57.0	4.47	50.96	0.9959	0.1021	-46.49
YOR213C_mRNA	135	536.9	54.07	64.0	4.72	49.36	0.9926	0.1299	-44.64
YOR215C_mRNA	502	612.1	50.51	20.0	3.99	46.53	1.0	0.087	-42.54
YOR216C_mRNA	112	596.4	61.08	20.5	4.17	56.91	0.9911	0.0981	-52.74
YOR217W_mRNA	129	634.8	52.72	51.0	7.15	45.57	0.9612	0.1163	-38.43
YOR218C_mRNA	75	424.0	43.11	20.0	1.81	41.29	0.9867	0.1109	-39.48
YOR219C_mRNA	77	892.2	103.95	104.0	3.57	100.38	0.987	0.1373	-96.81
YOR220W_mRNA	213	656.6	54.7	71.0	3.16	51.54	0.9906	0.1031	-48.38
YOR221C_mRNA	77	865.6	48.94	17.0	7.13	41.81	0.974	0.0673	-34.68
YOR222W_mRNA	606	592.9	64.95	71.0	10.23	54.72	1.0	0.1296	-44.49
YOR223W_mRNA	22	396.7	40.82	11.0	2.09	38.73	1.0	0.1048	-36.64
YOR224C_mRNA	608	455.1	41.48	13.0	2.59	38.89	0.972	0.095	-36.3
YOR225W_mRNA	51	314.9	46.59	27.0	5.55	41.04	1.0	0.1432	-35.49
YOR226C_mRNA	122	555.6	57.81	69.5	7.89	49.92	0.9918	0.1062	-42.02
YOR227W_mRNA	106	857.7	70.53	72.0	6.49	64.04	0.9906	0.1368	-57.55
YOR228C_mRNA	56	604.2	46.48	48.0	3.89	42.59	0.9643	0.1	-38.7
YOR229W_mRNA	97	469.4	60.53	41.0	17.57	42.96	1.0	0.147	-25.39
YOR230W_mRNA	536	907.0	54.54	71.0	3.93	50.61	0.9888	0.0903	-46.68
YOR231W_mRNA	148	677.1	47.2	25.0	1.73	45.47	1.0	0.0844	-43.74
YOR232W_mRNA	1232	667.9	40.75	12.0	2.4	38.34	0.9903	0.0687	-35.94
YOR233W_mRNA	38	956.3	55.18	22.0	2.11	53.08	1.0	0.0945	-50.97
YOR234C_mRNA	7064	427.4	46.99	19.0	6.07	40.92	0.9963	0.1033	-34.85
YOR236W_mRNA	74	527.0	47.59	16.5	4.41	43.19	1.0	0.1056	-38.78
YOR237W_mRNA	6	742.8	111.67	107.0	18.33	93.33	1.0	0.1703	-75.0
YOR238W_mRNA	92	530.4	50.88	37.0	3.24	47.64	0.9783	0.1079	-44.4
YOR239W_mRNA	186	690.1	50.55	50.5	2.29	48.26	0.9839	0.0914	-45.97
YOR241W_mRNA	328	844.7	100.75	89.0	5.32	95.43	0.997	0.1442	-90.11
YOR242C_mRNA	161	377.3	57.94	72.0	10.73	47.21	0.9938	0.163	-36.48
YOR243C_mRNA	469	961.2	48.64	20.0	4.06	44.58	0.9915	0.0717	-40.53
YOR244W_mRNA	97	682.6	46.61	27.0	1.92	44.69	1.0	0.0867	-42.77
YOR245C_mRNA	144	808.7	48.4	24.0	2.61	45.79	1.0	0.0728	-43.18
YOR246C_mRNA	191	679.0	43.23	16.0	3.47	39.76	0.9895	0.0796	-36.3
YOR247W_mRNA	358	946.9	121.7	116.0	4.35	117.35	0.9916	0.1289	-113.01
YOR248W_mRNA	729	508.5	77.62	82.0	11.16	66.46	0.9945	0.1639	-55.3
YOR249C_mRNA	67	858.5	74.24	71.0	19.06	55.18	1.0	0.1462	-36.12
YOR250C_mRNA	50	719.2	41.18	12.0	1.62	39.56	1.0	0.0821	-37.94
YOR251C_mRNA	110	687.4	50.12	22.0	4.18	45.94	1.0	0.0942	-41.75
YOR252W_mRNA	232	551.8	41.22	12.5	2.8	38.42	0.9914	0.0781	-35.62
YOR253W_mRNA	357	552.7	52.66	67.0	2.8	49.87	0.9972	0.1071	-47.07
YOR254C_mRNA	351	877.0	41.44	18.0	3.12	38.32	0.9715	0.066	-35.21
YOR256C_mRNA	157	1045.0	50.17	23.0	3.32	46.84	1.0	0.0702	-43.52
YOR257W_mRNA	199	505.0	49.0	15.0	4.28	44.72	1.0	0.0999	-40.44
YOR258W_mRNA	226	522.3	49.4	19.0	2.4	47.0	0.9867	0.101	-44.61
YOR259C_mRNA	229	860.2	44.13	12.0	1.7	42.43	0.9825	0.0624	-40.73
YOR260W_mRNA	161	671.0	47.71	20.0	3.81	43.89	0.9876	0.0881	-40.08
YOR261C_mRNA	1063	900.9	54.2	60.0	4.37	49.83	0.9925	0.0705	-45.46
YOR262W_mRNA	34	527.2	45.09	11.5	2.15	42.94	0.9706	0.1055	-40.79
YOR263C_mRNA	12	808.8	81.58	77.5	4.0	77.58	0.9167	0.109	-73.58
YOR264W_mRNA	93	666.5	62.76	76.0	3.58	59.18	1.0	0.1188	-55.6
YOR265W_mRNA	341	427.2	37.36	14.0	2.96	34.4	0.9912	0.0854	-31.44
YOR266W_mRNA	62	588.9	56.63	70.5	1.76	54.87	0.9839	0.1141	-53.11
YOR267C_mRNA	277	680.2	57.84	69.0	8.9	48.94	0.9892	0.1189	-40.04
YOR268C_mRNA	13	518.7	196.85	186.0	90.23	106.62	1.0	0.33	-16.38
YOR269W_mRNA	62	501.1	56.21	26.0	14.26	41.95	1.0	0.1162	-27.69
YOR270C_mRNA	998	791.8	51.09	69.0	3.47	47.62	0.988	0.0949	-44.15
YOR271C_mRNA	448	685.5	46.71	24.5	2.21	44.5	0.9978	0.0852	-42.29
YOR272W_mRNA	272	664.2	40.72	14.5	3.11	37.61	0.9632	0.0856	-34.5
YOR273C_mRNA	172	606.0	88.94	74.5	28.33	60.61	0.9884	0.1689	-32.28
YOR274W_mRNA	169	647.0	99.2	80.0	47.69	51.51	1.0	0.2337	-3.83
YOR275C_mRNA	78	688.9	42.44	16.0	2.13	40.31	1.0	0.077	-38.18
YOR276W_mRNA	821	515.5	82.9	77.0	37.94	44.96	0.9951	0.2017	-7.02
YOR277C_mRNA	313	480.4	46.4	25.0	8.18	38.23	0.9968	0.1034	-30.05
YOR278W_mRNA	74	504.6	91.24	49.0	56.85	34.39	1.0	0.2457	22.46
YOR279C_mRNA	62	590.5	43.61	12.5	3.4	40.21	0.9839	0.0787	-36.81
YOR280C_mRNA	141	554.2	64.14	75.0	16.72	47.42	1.0	0.1566	-30.7
YOR281C_mRNA	123	642.6	59.02	62.0	9.83	49.19	1.0	0.1127	-39.36
YOR283W_mRNA	400	639.9	49.19	58.0	2.52	46.66	0.9825	0.087	-44.14
YOR284W_mRNA	39	618.8	61.62	71.0	8.92	52.69	1.0	0.1035	-43.77
YOR285W_mRNA	996	476.5	45.3	19.5	1.55	43.75	0.996	0.0977	-42.19
YOR286W_mRNA	323	500.7	45.74	15.0	4.8	40.94	0.9938	0.0911	-36.15
YOR287C_mRNA	25	518.1	38.52	9.0	4.16	34.36	1.0	0.0817	-30.2
YOR288C_mRNA	197	593.7	45.84	18.0	3.42	42.43	1.0	0.0968	-39.01
YOR289W_mRNA	99	693.7	50.41	30.0	1.57	48.85	0.9899	0.0761	-47.28
YOR290C_mRNA	56	727.2	80.7	88.0	1.88	78.82	1.0	0.1485	-76.95
YOR291W_mRNA	101	693.0	43.42	13.0	2.25	41.17	0.9901	0.083	-38.92
YOR292C_mRNA	51	560.7	47.35	24.0	4.69	42.67	1.0	0.1115	-37.98
YOR293C-A_mRNA	1452	323.4	46.67	17.5	7.97	38.71	0.9938	0.1322	-30.74
YOR293W_mRNA	14659	487.5	41.29	13.0	4.45	36.84	0.9948	0.0805	-32.39
YOR294W_mRNA	62	427.5	35.39	11.0	0.84	34.55	0.9355	0.0984	-33.71
YOR295W_mRNA	121	519.9	47.37	18.0	3.91	43.46	1.0	0.109	-39.55
YOR296W_mRNA	56	604.8	58.64	71.0	8.73	49.91	1.0	0.1381	-41.18
YOR297C_mRNA	76	526.8	50.47	64.0	3.28	47.2	0.9737	0.1055	-43.92
YOR298C-A_mRNA	4274	567.7	46.81	19.0	1.87	44.94	0.997	0.0907	-43.07
YOR298W_mRNA	32	445.8	79.25	75.5	18.28	60.97	1.0	0.1849	-42.69
YOR299W_mRNA	113	980.7	57.08	69.0	3.24	53.84	1.0	0.0834	-50.6
YOR300W_mRNA	73	499.9	48.0	60.0	2.66	45.34	0.9863	0.1106	-42.68
YOR301W_mRNA	29	724.9	68.83	73.0	4.48	64.34	1.0	0.1273	-59.86
YOR302W_mRNA	29	421.1	50.55	69.0	1.24	49.31	1.0	0.1296	-48.07
YOR303W_mRNA	588	653.6	51.57	26.0	4.98	46.59	0.9898	0.1048	-41.62
YOR304C-A_mRNA	105	440.6	43.29	15.0	3.12	40.16	1.0	0.1008	-37.04
YOR304W_mRNA	114	790.4	55.38	39.5	4.06	51.32	0.9825	0.0968	-47.25
YOR305W_mRNA	480	731.8	53.55	69.0	5.25	48.3	0.9979	0.09	-43.06
YOR306C_mRNA	318	896.7	52.24	63.5	3.66	48.58	0.9906	0.0841	-44.93
YOR307C_mRNA	130	796.2	76.9	74.0	16.47	60.43	0.9769	0.1001	-43.96
YOR308C_mRNA	16	816.9	125.75	103.0	0.19	125.56	1.0	0.1802	-125.38
YOR309C_mRNA	187	402.9	40.95	12.0	4.32	36.63	0.9519	0.1165	-32.3
YOR310C_mRNA	109	467.6	38.1	10.0	2.04	36.06	0.9817	0.1032	-34.03
YOR311C_mRNA	265	582.6	51.46	69.0	2.83	48.64	0.9811	0.1109	-45.81
YOR312C_mRNA	15817	562.9	40.0	12.0	3.37	36.63	0.9936	0.0716	-33.26
YOR313C_mRNA	17	588.4	57.65	14.0	23.06	34.59	1.0	0.1411	-11.53
YOR315W_mRNA	92	540.2	55.38	73.5	2.15	53.23	1.0	0.1149	-51.08
YOR316C-A_mRNA	13	363.8	67.54	61.0	2.0	65.54	1.0	0.2295	-63.54
YOR316C_mRNA	100	781.1	49.98	60.0	4.49	45.49	0.98	0.0991	-41.0
YOR317W_mRNA	582	865.0	56.22	70.5	1.97	54.24	0.9897	0.0882	-52.27
YOR318C_mRNA	60	340.8	62.22	55.5	8.8	53.42	1.0	0.173	-44.62
YOR319W_mRNA	73	688.2	77.34	67.0	10.01	67.33	1.0	0.1267	-57.32
YOR320C_mRNA	237	873.5	66.35	74.0	7.97	58.39	0.9958	0.0911	-50.42
YOR321W_mRNA	77	732.0	65.44	76.0	3.01	62.43	0.9351	0.1236	-59.42
YOR322C_mRNA	83	680.1	52.42	62.0	2.57	49.86	0.9759	0.1093	-47.29
YOR323C_mRNA	422	721.6	47.75	22.5	2.42	45.33	0.9929	0.0918	-42.92
YOR324C_mRNA	61	545.7	68.52	83.0	2.28	66.25	1.0	0.154	-63.97
YOR326W_mRNA	326	837.0	56.1	68.0	3.08	53.02	0.9908	0.0884	-49.94
YOR327C_mRNA	372	448.0	50.31	65.5	3.37	46.94	0.9812	0.1229	-43.58
YOR328W_mRNA	55	692.2	112.09	93.0	2.6	109.49	1.0	0.196	-106.89
YOR329C_mRNA	114	591.7	83.48	80.0	6.18	77.31	0.9912	0.1709	-71.13
YOR329W-A_mRNA	7	516.6	78.43	83.0	14.43	64.0	1.0	0.166	-49.57
YOR330C_mRNA	49	606.2	45.33	14.0	2.96	42.37	1.0	0.0988	-39.41
YOR331C_mRNA	499	578.3	45.98	17.0	2.47	43.51	0.998	0.0872	-41.04
YOR332W_mRNA	506	553.4	46.59	20.5	2.58	44.01	1.0	0.0941	-41.43
YOR334W_mRNA	35	791.4	96.83	76.0	2.26	94.57	0.9714	0.1532	-92.31
YOR335C_mRNA	1428	839.7	49.37	40.0	2.04	47.33	0.9811	0.0782	-45.3
YOR336W_mRNA	81	961.9	49.48	22.0	2.01	47.47	0.9877	0.0823	-45.46
YOR337W_mRNA	79	855.1	53.06	64.0	2.77	50.29	1.0	0.0974	-47.52
YOR338W_mRNA	56	374.7	34.86	11.5	1.86	33.0	1.0	0.1029	-31.14
YOR339C_mRNA	50	380.8	44.72	32.0	3.22	41.5	1.0	0.1294	-38.28
YOR340C_mRNA	65	699.7	44.69	12.0	1.83	42.86	1.0	0.0836	-41.03
YOR341W_mRNA	1019	796.6	51.03	57.0	2.23	48.8	0.9882	0.0834	-46.58
YOR342C_mRNA	213	644.0	56.39	71.0	6.68	49.72	0.9953	0.1163	-43.04
YOR343C_mRNA	13	452.8	134.54	106.0	3.23	131.31	1.0	0.292	-128.08
YOR343W-A_mRNA	25	469.3	112.88	96.0	1.52	111.36	1.0	0.2315	-109.84
YOR343W-B_mRNA	111	1197.6	227.23	233.0	3.65	223.59	0.991	0.192	-219.94
YOR344C_mRNA	527	710.3	129.58	132.0	4.85	124.73	0.9943	0.2193	-119.88
YOR346W_mRNA	86	743.4	54.99	25.5	9.84	45.15	1.0	0.0933	-35.31
YOR347C_mRNA	101	580.9	45.94	20.0	2.66	43.28	1.0	0.0932	-40.61
YOR348C_mRNA	46	866.1	82.41	62.0	27.28	55.13	0.9783	0.1368	-27.85
YOR349W_mRNA	45	562.1	73.42	67.0	14.36	59.07	1.0	0.144	-44.71
YOR350C_mRNA	59	687.3	61.42	47.0	2.46	58.97	1.0	0.1094	-56.51
YOR352W_mRNA	55	697.4	75.78	82.0	1.45	74.33	1.0	0.1425	-72.87
YOR353C_mRNA	93	769.0	63.85	71.0	8.71	55.14	1.0	0.0947	-46.43
YOR354C_mRNA	154	681.3	48.4	20.5	1.55	46.85	1.0	0.0924	-45.3
YOR355W_mRNA	299	763.4	56.43	48.0	4.91	51.52	0.9933	0.1053	-46.62
YOR356W_mRNA	95	833.9	64.37	76.0	1.88	62.48	1.0	0.098	-60.6
YOR357C_mRNA	266	540.6	42.9	11.0	5.26	37.64	0.9774	0.0818	-32.37
YOR358W_mRNA	39	508.8	41.05	11.0	1.05	40.0	1.0	0.0922	-38.95
YOR359W_mRNA	77	651.0	44.3	18.0	1.97	42.32	1.0	0.0824	-40.35
YOR360C_mRNA	233	807.4	59.62	74.0	2.34	57.28	0.9914	0.1112	-54.94
YOR361C_mRNA	1065	819.8	58.94	68.0	3.12	55.82	0.9906	0.103	-52.71
YOR362C_mRNA	384	728.5	61.02	63.0	2.13	58.88	0.9896	0.092	-56.75
YOR363C_mRNA	52	614.1	93.65	61.0	26.62	67.04	0.9808	0.218	-40.42
YOR364W_mRNA	5	303.6	54.8	63.0	0.2	54.6	1.0	0.1748	-54.4
YOR365C_mRNA	8	411.0	54.5	48.5	6.38	48.12	1.0	0.1636	-41.75
YOR367W_mRNA	118	514.3	40.31	15.0	4.3	36.02	1.0	0.0805	-31.72
YOR368W_mRNA	55	641.6	55.16	44.0	9.56	45.6	1.0	0.132	-36.04
YOR369C_mRNA	24520	516.7	43.31	15.0	2.52	40.8	0.982	0.0854	-38.28
YOR370C_mRNA	181	649.6	44.33	19.0	5.19	39.14	0.9834	0.0977	-33.96
YOR371C_mRNA	6	434.5	69.83	86.5	14.17	55.67	0.8333	0.1755	-41.5
YOR372C_mRNA	75	661.8	55.21	72.0	6.88	48.33	1.0	0.1231	-41.45
YOR373W_mRNA	28	1002.5	63.61	78.5	2.68	60.93	1.0	0.0939	-58.25
YOR374W_mRNA	121	842.8	50.35	59.0	1.68	48.67	0.9504	0.0861	-46.99
YOR375C_mRNA	1882	732.3	40.26	12.0	2.3	37.96	0.9793	0.0705	-35.66
YOR376W-A_mRNA	37	675.9	64.78	67.0	18.95	45.84	1.0	0.0955	-26.89
YOR376W_mRNA	6	636.8	306.83	214.0	225.5	81.33	1.0	0.4127	144.17
YOR377W_mRNA	162	686.8	71.96	66.0	24.49	47.46	1.0	0.1302	-22.97
YOR378W_mRNA	16	875.7	322.62	91.5	6.38	316.25	1.0	0.251	-309.88
YOR380W_mRNA	49	496.0	60.24	73.0	2.9	57.35	1.0	0.147	-54.45
YOR381W-A_mRNA	7	656.9	109.86	79.0	5.14	104.71	1.0	0.1744	-99.57
YOR381W_mRNA	47	798.2	67.66	62.0	27.74	39.91	0.9787	0.1125	-12.17
YOR382W_mRNA	75	353.6	49.0	64.0	6.16	42.84	1.0	0.1464	-36.68
YOR383C_mRNA	72	654.6	66.88	74.5	6.57	60.31	1.0	0.1278	-53.74
YOR385W_mRNA	539	657.3	48.78	13.0	5.24	43.55	0.9907	0.0841	-38.31
YOR386W_mRNA	79	1081.8	189.28	141.0	1.59	187.68	1.0	0.2019	-186.09
YOR387C_mRNA	8	689.1	297.75	93.0	248.62	49.12	1.0	0.2641	199.5
YOR388C_mRNA	11	866.5	160.0	94.0	26.91	133.09	0.9091	0.1511	-106.18
YOR389W_mRNA	42	624.5	83.83	97.5	16.5	67.33	1.0	0.1848	-50.83
YOR390W_mRNA	35	624.0	55.4	45.0	1.97	53.43	1.0	0.1096	-51.46
YOR394C-A_mRNA	5	407.6	64.8	84.0	9.4	55.4	1.0	0.1794	-46.0
YOR396C-A_mRNA	32	475.6	46.75	14.0	2.56	44.19	1.0	0.1168	-41.62
YOR396W_mRNA	72	577.7	52.58	20.5	3.53	49.06	1.0	0.1061	-45.53
YPL001W_mRNA	127	773.5	56.24	53.0	6.31	49.92	0.9685	0.088	-43.61
YPL002C_mRNA	97	703.3	52.46	37.0	3.82	48.64	1.0	0.0845	-44.81
YPL003W_mRNA	65	675.6	51.17	24.0	6.6	44.57	1.0	0.0899	-37.97
YPL004C_mRNA	606	688.0	48.92	24.0	4.02	44.9	0.9835	0.0944	-40.88
YPL005W_mRNA	103	689.0	47.5	17.0	2.36	45.15	0.9806	0.0946	-42.79
YPL006W_mRNA	155	751.5	52.53	62.0	6.13	46.4	0.9935	0.099	-40.27
YPL007C_mRNA	58	849.1	61.47	23.0	1.78	59.69	1.0	0.0899	-57.91
YPL008W_mRNA	81	829.5	54.42	64.0	1.07	53.35	1.0	0.098	-52.27
YPL009C_mRNA	118	538.0	50.65	30.0	2.48	48.17	1.0	0.1136	-45.69
YPL010W_mRNA	919	631.8	44.03	14.0	2.23	41.79	0.9837	0.0732	-39.56
YPL011C_mRNA	66	576.2	50.41	14.5	1.8	48.61	0.9697	0.1168	-46.8
YPL012W_mRNA	203	492.5	42.01	15.0	2.11	39.91	0.9507	0.1041	-37.8
YPL013C_mRNA	263	485.2	43.01	13.0	3.52	39.49	0.9772	0.0894	-35.98
YPL014W_mRNA	76	693.1	47.22	32.0	2.46	44.76	1.0	0.091	-42.3
YPL015C_mRNA	93	768.7	52.53	30.0	1.44	51.09	1.0	0.0945	-49.65
YPL016W_mRNA	71	583.5	73.56	79.0	17.7	55.86	1.0	0.1661	-38.15
YPL017C_mRNA	17	889.5	64.06	74.0	17.41	46.65	1.0	0.1022	-29.24
YPL018W_mRNA	39	636.6	53.03	66.0	20.44	32.59	0.9744	0.1772	-12.15
YPL019C_mRNA	1411	658.8	46.38	18.0	2.88	43.5	0.9936	0.0927	-40.63
YPL020C_mRNA	192	738.4	71.63	75.0	22.47	49.16	0.974	0.1371	-26.68
YPL022W_mRNA	107	829.7	58.35	63.0	3.29	55.06	0.9907	0.1035	-51.77
YPL023C_mRNA	192	779.2	47.77	26.0	2.12	45.64	0.9948	0.0758	-43.52
YPL024W_mRNA	63	495.6	45.6	14.0	2.83	42.78	1.0	0.0973	-39.95
YPL026C_mRNA	130	751.9	54.14	68.5	4.85	49.28	0.9846	0.0937	-44.43
YPL028W_mRNA	831	759.3	51.3	68.0	2.21	49.08	0.9964	0.0901	-46.87
YPL029W_mRNA	62	619.0	45.81	27.5	1.82	43.98	1.0	0.1037	-42.16
YPL030W_mRNA	69	684.0	47.16	29.0	7.45	39.71	0.9565	0.1074	-32.26
YPL031C_mRNA	112	681.4	52.72	30.0	5.39	47.33	1.0	0.0954	-41.94
YPL032C_mRNA	219	851.1	59.59	76.0	3.56	56.03	0.9954	0.1068	-52.47
YPL034W_mRNA	78	596.5	58.88	77.5	8.38	50.5	1.0	0.1137	-42.12
YPL035C_mRNA	6	354.5	57.83	77.0	1.17	56.67	1.0	0.1857	-55.5
YPL036W_mRNA	24	694.7	53.75	72.5	7.5	46.25	1.0	0.1395	-38.75
YPL037C_mRNA	2341	527.4	48.46	26.0	2.55	45.91	0.9966	0.0953	-43.37
YPL038W-A_mRNA	91	559.5	58.37	73.0	6.65	51.73	1.0	0.1255	-45.08
YPL038W_mRNA	55	512.0	39.55	12.0	8.29	31.25	1.0	0.0877	-22.96
YPL039W_mRNA	22	624.6	41.23	10.5	0.64	40.59	1.0	0.0692	-39.95
YPL040C_mRNA	29	883.4	42.48	16.0	4.17	38.31	1.0	0.0576	-34.14
YPL041C_mRNA	73	550.4	62.07	73.0	2.38	59.68	0.9863	0.1323	-57.3
YPL042C_mRNA	63	866.9	140.16	81.0	86.6	53.56	1.0	0.2046	33.05
YPL043W_mRNA	163	573.4	47.35	12.0	2.1	45.25	0.9877	0.1023	-43.14
YPL045W_mRNA	135	902.4	52.41	40.0	2.38	50.03	0.9778	0.0731	-47.65
YPL046C_mRNA	110	515.8	53.98	60.5	5.19	48.79	1.0	0.1074	-43.6
YPL047W_mRNA	48	455.5	49.56	64.0	1.79	47.77	0.9792	0.1188	-45.98
YPL048W_mRNA	780	740.8	47.38	31.5	3.98	43.4	0.9756	0.0823	-39.43
YPL049C_mRNA	131	684.0	55.7	70.0	6.09	49.61	0.9924	0.1194	-43.52
YPL050C_mRNA	385	758.3	52.34	20.0	3.58	48.76	0.9948	0.0892	-45.18
YPL051W_mRNA	52	523.6	40.96	21.5	5.29	35.67	0.9808	0.0953	-30.38
YPL052W_mRNA	329	767.9	48.9	64.0	2.04	46.86	0.9878	0.074	-44.82
YPL053C_mRNA	417	796.4	47.07	23.0	2.79	44.29	0.9928	0.0774	-41.5
YPL054W_mRNA	40	521.3	123.0	82.5	19.8	103.2	1.0	0.2	-83.4
YPL055C_mRNA	40	564.6	94.72	79.0	2.17	92.55	0.975	0.148	-90.38
YPL056C_mRNA	44	444.8	48.7	44.0	2.59	46.11	1.0	0.1133	-43.52
YPL057C_mRNA	220	879.3	55.84	69.5	7.15	48.69	0.9909	0.1031	-41.54
YPL058C_mRNA	110	710.8	66.38	79.0	10.15	56.24	0.9818	0.1367	-46.09
YPL059W_mRNA	452	541.8	57.4	33.5	12.28	45.13	0.9889	0.1129	-32.85
YPL060C-A_mRNA	25	1078.0	318.36	407.0	1.36	317.0	1.0	0.2852	-315.64
YPL060W_mRNA	107	781.8	70.9	74.0	7.92	62.98	1.0	0.1369	-55.07
YPL061W_mRNA	672	804.6	48.15	51.5	4.42	43.73	0.9792	0.0821	-39.31
YPL063W_mRNA	144	752.7	44.77	13.0	8.38	36.4	0.9931	0.0813	-28.02
YPL064C_mRNA	50	658.7	49.88	21.0	2.32	47.56	0.98	0.0728	-45.24
YPL065W_mRNA	140	652.7	46.66	26.5	1.78	44.89	1.0	0.0759	-43.11
YPL066W_mRNA	111	691.7	55.47	63.0	3.12	52.35	1.0	0.116	-49.23
YPL067C_mRNA	74	585.8	55.15	71.5	3.7	51.45	0.973	0.1132	-47.74
YPL068C_mRNA	24	420.1	49.62	69.5	2.42	47.21	1.0	0.1508	-44.79
YPL069C_mRNA	69	558.4	48.09	70.0	2.04	46.04	0.971	0.1034	-44.0
YPL070W_mRNA	210	898.8	54.98	64.5	2.69	52.3	1.0	0.081	-49.61
YPL071C_mRNA	137	458.5	54.11	40.0	7.64	46.47	1.0	0.1251	-38.84
YPL072W_mRNA	30	723.9	62.07	71.0	3.0	59.07	1.0	0.1058	-56.07
YPL074W_mRNA	86	672.6	48.64	16.0	2.44	46.2	1.0	0.0828	-43.76
YPL075W_mRNA	266	719.7	114.16	64.5	60.93	53.23	0.9962	0.1625	7.7
YPL076W_mRNA	82	543.1	55.24	67.5	7.79	47.45	1.0	0.1352	-39.66
YPL077C_mRNA	33	504.0	33.24	13.0	2.18	31.06	1.0	0.0729	-28.88
YPL078C_mRNA	1094	759.9	47.26	20.0	1.92	45.34	0.9945	0.0731	-43.43
YPL079W_mRNA	7772	553.4	44.3	17.0	3.12	41.18	0.9958	0.0836	-38.06
YPL080C_mRNA	264	482.5	43.75	23.5	8.26	35.49	0.9962	0.0959	-27.23
YPL081W_mRNA	368	588.8	48.71	12.0	9.36	39.36	0.9891	0.0917	-30.0
YPL082C_mRNA	125	853.6	58.83	47.0	6.7	52.14	0.992	0.1242	-45.44
YPL083C_mRNA	117	510.1	37.91	12.0	1.9	36.01	0.9744	0.0841	-34.11
YPL084W_mRNA	65	1069.1	59.66	24.0	16.18	43.48	0.9846	0.064	-27.29
YPL085W_mRNA	94	603.7	58.41	52.5	3.01	55.4	1.0	0.1116	-52.39
YPL086C_mRNA	248	738.7	45.65	15.5	2.39	43.26	0.996	0.089	-40.88
YPL087W_mRNA	397	787.6	59.29	75.0	2.85	56.44	0.995	0.0976	-53.58
YPL088W_mRNA	221	709.3	57.94	20.0	9.75	48.19	0.9955	0.0991	-38.43
YPL089C_mRNA	302	636.5	63.05	74.0	4.41	58.64	1.0	0.1246	-54.23
YPL090C_mRNA	7637	685.8	38.04	9.0	2.0	36.05	0.9937	0.0609	-34.05
YPL091W_mRNA	351	799.1	50.2	32.0	3.32	46.88	1.0	0.0855	-43.56
YPL092W_mRNA	129	601.4	53.16	57.0	3.24	49.92	1.0	0.1246	-46.68
YPL093W_mRNA	303	592.8	52.73	67.0	7.15	45.57	0.9934	0.1162	-38.42
YPL094C_mRNA	299	611.6	42.02	14.0	2.34	39.67	0.9933	0.0782	-37.33
YPL095C_mRNA	78	637.9	52.51	69.0	2.82	49.69	1.0	0.0966	-46.87
YPL096C-A_mRNA	45	393.0	51.13	61.0	0.67	50.47	1.0	0.1271	-49.8
YPL096W_mRNA	121	635.7	44.64	20.0	3.35	41.3	0.9835	0.0868	-37.95
YPL097W_mRNA	45	764.6	40.49	21.0	1.82	38.67	1.0	0.0684	-36.84
YPL098C_mRNA	153	492.8	92.35	88.0	3.32	89.03	1.0	0.2012	-85.71
YPL099C_mRNA	195	520.7	48.12	18.0	2.33	45.79	0.9846	0.1064	-43.47
YPL100W_mRNA	59	766.3	62.92	76.0	6.51	56.41	1.0	0.1061	-49.9
YPL101W_mRNA	90	656.8	43.1	20.5	1.2	41.9	0.9778	0.0928	-40.7
YPL103C_mRNA	87	568.7	45.74	20.0	2.94	42.79	1.0	0.1004	-39.85
YPL104W_mRNA	34	941.6	67.65	62.5	12.53	55.12	1.0	0.0709	-42.59
YPL105C_mRNA	319	518.8	64.34	55.0	26.84	37.5	0.9937	0.1998	-10.67
YPL106C_mRNA	2536	711.1	42.17	12.0	2.04	40.13	0.9886	0.0772	-38.09
YPL107W_mRNA	72	571.8	41.08	14.5	2.32	38.76	1.0	0.0766	-36.44
YPL108W_mRNA	36	514.4	55.42	46.5	2.14	53.28	1.0	0.1369	-51.14
YPL109C_mRNA	56	702.5	132.84	119.5	16.11	116.73	1.0	0.2286	-100.62
YPL110C_mRNA	116	632.3	47.46	21.5	4.23	43.22	1.0	0.0896	-38.99
YPL111W_mRNA	145	723.4	49.34	46.0	2.53	46.81	0.9448	0.0843	-44.28
YPL112C_mRNA	165	491.3	56.31	71.0	1.85	54.46	1.0	0.1204	-52.61
YPL113C_mRNA	29	644.4	77.9	73.0	7.83	70.07	1.0	0.1733	-62.24
YPL114W_mRNA	8	1029.1	86.5	89.0	3.0	83.5	1.0	0.0948	-80.5
YPL115C_mRNA	75	799.4	61.53	24.0	1.75	59.79	1.0	0.1162	-58.04
YPL116W_mRNA	40	786.3	56.72	33.5	8.22	48.5	1.0	0.1211	-40.28
YPL117C_mRNA	604	737.1	54.37	69.5	2.52	51.85	0.9785	0.0875	-49.33
YPL118W_mRNA	242	688.9	48.05	28.0	3.17	44.88	1.0	0.0852	-41.71
YPL119C-A_mRNA	12	482.9	40.42	21.0	4.92	35.5	1.0	0.0852	-30.58
YPL119C_mRNA	6	599.5	43.83	48.0	3.67	40.17	1.0	0.0783	-36.5
YPL120W_mRNA	60	674.6	53.37	67.5	1.15	52.22	1.0	0.1154	-51.07
YPL122C_mRNA	84	668.2	45.32	13.0	2.07	43.25	0.9881	0.0853	-41.18
YPL123C_mRNA	163	827.2	53.56	40.0	5.21	48.34	1.0	0.089	-43.13
YPL124W_mRNA	30	524.8	75.87	74.0	17.1	58.77	1.0	0.1642	-41.67
YPL125W_mRNA	221	855.5	47.9	23.0	3.21	44.68	0.991	0.0829	-41.47
YPL126W_mRNA	319	751.2	57.26	50.0	4.45	52.81	0.9812	0.1116	-48.36
YPL127C_mRNA	150	717.2	49.42	27.5	3.79	45.63	1.0	0.0855	-41.85
YPL128C_mRNA	43	662.1	71.98	76.0	2.95	69.02	0.9767	0.1218	-66.07
YPL129W_mRNA	183	568.1	48.14	34.0	5.89	42.25	0.9945	0.1056	-36.37
YPL131W_mRNA	4796	755.8	45.24	17.0	2.18	43.06	0.9942	0.0729	-40.88
YPL132W_mRNA	69	662.1	71.49	42.0	7.58	63.91	1.0	0.1273	-56.33
YPL133C_mRNA	19	701.8	42.63	10.0	18.53	24.11	1.0	0.0695	-5.58
YPL134C_mRNA	62	658.0	47.05	25.0	1.71	45.34	1.0	0.0946	-43.63
YPL135C-A_mRNA	151	640.4	51.94	63.0	4.86	47.08	0.9934	0.0941	-42.22
YPL135W_mRNA	207	704.0	53.11	65.0	2.38	50.73	0.9903	0.0865	-48.35
YPL136W_mRNA	7	399.7	43.71	22.0	5.29	38.43	1.0	0.1022	-33.14
YPL137C_mRNA	111	732.4	41.26	15.0	3.73	37.53	0.991	0.0762	-33.8
YPL138C_mRNA	49	644.3	41.63	14.0	1.33	40.31	1.0	0.0866	-38.98
YPL139C_mRNA	93	683.2	47.01	14.0	2.78	44.23	0.957	0.0882	-41.44
YPL140C_mRNA	78	623.1	49.1	27.5	6.67	42.44	0.9872	0.1171	-35.77
YPL141C_mRNA	53	777.0	73.08	53.0	3.62	69.45	1.0	0.109	-65.83
YPL142C_mRNA	13	295.2	81.23	92.0	1.38	79.85	0.8462	0.2397	-78.46
YPL143W_mRNA	8842	434.9	41.14	14.0	3.41	37.73	0.9764	0.0917	-34.32
YPL144W_mRNA	130	533.2	89.05	77.0	3.57	85.48	1.0	0.1714	-81.92
YPL145C_mRNA	514	762.7	51.17	69.0	2.86	48.31	0.9961	0.0998	-45.46
YPL146C_mRNA	403	677.2	50.65	19.0	1.45	49.2	1.0	0.0941	-47.75
YPL147W_mRNA	51	623.7	39.12	21.0	3.02	36.1	1.0	0.0654	-33.08
YPL148C_mRNA	106	488.0	64.25	69.5	12.55	51.7	0.9623	0.132	-39.15
YPL149W_mRNA	326	669.7	46.0	13.5	2.65	43.35	0.9785	0.0752	-40.7
YPL150W_mRNA	150	616.8	71.31	66.0	22.25	49.06	0.9933	0.1781	-26.81
YPL151C_mRNA	207	663.0	59.44	64.0	2.66	56.78	0.9903	0.1091	-54.13
YPL152W-A_mRNA	10	558.9	20.3	6.5	1.0	19.3	1.0	0.0316	-18.3
YPL152W_mRNA	73	649.3	59.78	17.0	16.15	43.63	0.9863	0.1124	-27.48
YPL153C_mRNA	49	758.2	60.71	65.0	19.63	41.08	1.0	0.1535	-21.45
YPL154C_mRNA	547	869.4	45.09	56.0	2.29	42.8	0.9909	0.0714	-40.51
YPL155C_mRNA	71	634.1	48.13	31.0	1.85	46.28	1.0	0.116	-44.44
YPL156C_mRNA	99	555.4	57.48	68.0	4.98	52.51	0.9798	0.1343	-47.53
YPL157W_mRNA	66	629.6	52.95	45.5	2.05	50.91	1.0	0.0999	-48.86
YPL158C_mRNA	39	458.6	50.0	62.0	2.0	48.0	0.9744	0.1481	-46.0
YPL159C_mRNA	66	547.4	64.88	73.5	16.8	48.08	1.0	0.1576	-31.27
YPL160W_mRNA	1744	858.4	53.34	32.0	3.3	50.04	0.9914	0.0865	-46.73
YPL161C_mRNA	63	562.3	73.29	60.0	0.84	72.44	1.0	0.1627	-71.6
YPL162C_mRNA	57	810.5	49.37	71.0	2.88	46.49	0.9825	0.0778	-43.61
YPL163C_mRNA	662	554.4	54.8	69.0	4.08	50.72	0.9834	0.1167	-46.64
YPL164C_mRNA	24	689.0	47.29	21.0	2.67	44.62	1.0	0.1277	-41.96
YPL165C_mRNA	42	624.4	65.1	80.0	2.81	62.29	1.0	0.1353	-59.48
YPL166W_mRNA	32	794.4	63.34	78.5	2.84	60.5	1.0	0.1084	-57.66
YPL167C_mRNA	65	735.0	41.91	18.0	1.42	40.49	1.0	0.0702	-39.08
YPL168W_mRNA	115	683.6	50.23	19.0	3.57	46.66	0.9826	0.0868	-43.09
YPL169C_mRNA	153	695.2	47.58	24.0	3.56	44.02	0.9869	0.0984	-40.46
YPL170W_mRNA	1028	536.2	49.61	33.0	2.61	47.0	0.9981	0.095	-44.38
YPL171C_mRNA	72	454.3	51.22	70.0	5.33	45.89	0.9861	0.1284	-40.56
YPL172C_mRNA	96	611.3	56.88	69.0	2.23	54.65	0.9896	0.1216	-52.42
YPL173W_mRNA	82	647.0	41.22	12.5	1.74	39.48	0.9878	0.085	-37.73
YPL174C_mRNA	50	810.6	55.52	36.0	6.58	48.94	1.0	0.0802	-42.36
YPL175W_mRNA	117	627.7	48.07	11.0	7.71	40.36	1.0	0.0863	-32.65
YPL176C_mRNA	241	807.9	54.21	69.0	5.16	49.05	0.9917	0.0953	-43.89
YPL177C_mRNA	128	789.4	50.71	60.5	3.27	47.45	1.0	0.0818	-44.18
YPL178W_mRNA	392	623.2	41.38	13.0	2.13	39.25	0.9821	0.0729	-37.11
YPL179W_mRNA	158	791.3	47.89	22.0	2.27	45.62	1.0	0.0803	-43.35
YPL180W_mRNA	66	674.3	57.35	70.5	2.86	54.48	0.9697	0.1322	-51.62
YPL181W_mRNA	117	605.5	50.03	22.0	1.68	48.35	0.9915	0.1044	-46.68
YPL183C_mRNA	116	791.7	46.11	34.0	2.23	43.88	0.9914	0.0856	-41.65
YPL183W-A_mRNA	162	431.6	56.93	26.5	9.53	47.4	0.9877	0.1222	-37.87
YPL184C_mRNA	214	747.0	52.05	67.5	3.14	48.91	0.9953	0.105	-45.78
YPL185W_mRNA	39	375.6	59.23	60.0	3.77	55.46	1.0	0.1646	-51.69
YPL186C_mRNA	11	505.3	46.73	64.0	1.82	44.91	1.0	0.109	-43.09
YPL187W_mRNA	2667	626.2	58.27	72.0	2.94	55.33	0.9963	0.0982	-52.39
YPL188W_mRNA	178	581.1	42.83	18.0	1.65	41.18	1.0	0.0981	-39.53
YPL189C-A_mRNA	338	488.2	48.04	24.0	2.54	45.49	0.9941	0.0973	-42.95
YPL189W_mRNA	59	427.4	41.69	13.0	4.32	37.37	0.9831	0.1145	-33.05
YPL190C_mRNA	121	888.2	58.99	69.0	2.24	56.75	1.0	0.1001	-54.51
YPL191C_mRNA	77	761.1	58.31	66.0	2.84	55.47	0.987	0.1177	-52.62
YPL193W_mRNA	115	658.1	53.78	68.0	1.82	51.97	0.9913	0.1015	-50.15
YPL194W_mRNA	15	566.7	59.33	78.0	7.27	52.07	1.0	0.1074	-44.8
YPL195W_mRNA	160	691.0	60.96	72.5	1.49	59.47	0.9812	0.1261	-57.98
YPL196W_mRNA	157	509.1	43.96	18.0	5.06	38.9	0.9873	0.1014	-33.85
YPL198W_mRNA	984	550.2	51.94	15.0	12.01	39.92	0.9827	0.1029	-27.91
YPL199C_mRNA	133	629.3	52.77	13.0	8.69	44.08	0.9774	0.0844	-35.38
YPL201C_mRNA	15	535.2	126.87	49.0	94.67	32.2	1.0	0.2153	62.47
YPL202C_mRNA	70	781.2	74.96	75.5	1.83	73.13	0.9857	0.1304	-71.3
YPL203W_mRNA	112	801.1	47.79	44.5	3.77	44.03	0.9911	0.0876	-40.26
YPL204W_mRNA	226	792.1	52.92	67.0	3.42	49.5	0.9823	0.099	-46.08
YPL205C_mRNA	6	379.8	206.17	221.5	7.17	199.0	1.0	0.5171	-191.83
YPL206C_mRNA	162	719.4	56.3	71.0	3.38	52.91	0.9691	0.0942	-49.53
YPL207W_mRNA	294	748.4	48.03	23.0	1.82	46.21	0.9898	0.0863	-44.39
YPL208W_mRNA	98	785.1	52.13	68.0	4.7	47.43	0.9694	0.0958	-42.72
YPL209C_mRNA	16	591.1	47.81	15.0	1.31	46.5	1.0	0.0781	-45.19
YPL210C_mRNA	491	922.3	44.59	14.0	2.52	42.07	0.9919	0.0671	-39.54
YPL211W_mRNA	1343	610.6	46.13	24.0	3.02	43.1	0.9866	0.0802	-40.08
YPL212C_mRNA	157	707.7	40.66	15.0	1.82	38.85	0.9936	0.0795	-37.03
YPL213W_mRNA	59	416.2	38.51	13.0	1.15	37.36	1.0	0.1055	-36.2
YPL214C_mRNA	87	890.3	56.13	75.0	1.53	54.6	0.9885	0.1049	-53.07
YPL215W_mRNA	117	681.0	49.7	27.0	5.41	44.29	0.9829	0.092	-38.88
YPL216W_mRNA	83	661.4	57.86	72.0	4.23	53.63	1.0	0.1135	-49.4
YPL217C_mRNA	86	588.1	50.51	17.5	3.38	47.13	1.0	0.0929	-43.74
YPL218W_mRNA	1156	561.0	46.15	22.5	3.94	42.21	0.9654	0.0868	-38.26
YPL219W_mRNA	27	550.5	80.56	77.0	27.93	52.63	1.0	0.1924	-24.7
YPL220W_mRNA	8186	620.7	48.26	62.0	2.29	45.97	0.9952	0.0872	-43.68
YPL221W_mRNA	208	773.5	46.36	24.5	1.93	44.43	1.0	0.0931	-42.5
YPL222C-A_mRNA	18	469.0	97.78	72.5	50.0	47.78	1.0	0.2473	2.22
YPL222W_mRNA	18	912.2	111.89	86.0	1.44	110.44	1.0	0.1565	-109.0
YPL223C_mRNA	28	452.3	100.18	80.0	41.68	58.5	1.0	0.2645	-16.82
YPL224C_mRNA	182	746.4	49.14	25.0	3.14	46.0	1.0	0.0816	-42.86
YPL225W_mRNA	1731	525.8	41.51	13.0	2.43	39.08	0.9867	0.0802	-36.65
YPL226W_mRNA	602	701.8	47.69	38.0	4.74	42.94	0.9668	0.0945	-38.2
YPL227C_mRNA	201	696.8	48.49	30.0	2.58	45.91	1.0	0.0823	-43.33
YPL228W_mRNA	101	648.7	55.52	73.0	2.1	53.43	0.9802	0.1259	-51.33
YPL229W_mRNA	66	543.4	50.64	64.0	4.38	46.26	1.0	0.1021	-41.88
YPL230W_mRNA	67	594.2	65.15	76.0	2.25	62.9	1.0	0.1242	-60.64
YPL231W_mRNA	1343	978.7	53.0	66.0	2.92	50.08	0.9955	0.0874	-47.16
YPL232W_mRNA	122	612.1	55.67	53.0	2.26	53.41	1.0	0.1155	-51.15
YPL233W_mRNA	23	605.8	112.96	86.0	51.61	61.35	1.0	0.2145	-9.74
YPL234C_mRNA	643	533.4	56.73	71.0	2.54	54.19	0.9922	0.1123	-51.66
YPL235W_mRNA	440	821.1	54.36	70.0	3.76	50.61	0.9955	0.0814	-46.85
YPL236C_mRNA	467	487.9	44.26	15.0	6.88	37.39	0.9829	0.094	-30.51
YPL237W_mRNA	975	708.1	37.61	10.0	2.13	35.48	0.9733	0.0588	-33.36
YPL238C_mRNA	929	695.8	42.95	12.0	2.68	40.27	0.9666	0.0683	-37.59
YPL239W_mRNA	607	596.2	67.34	62.0	2.53	64.81	0.9918	0.1377	-62.28
YPL240C_mRNA	2054	891.1	46.5	22.0	2.28	44.22	0.982	0.07	-41.94
YPL241C_mRNA	88	463.5	58.36	67.5	12.34	46.02	0.9773	0.1736	-33.68
YPL242C_mRNA	71	739.1	63.03	80.0	3.39	59.63	1.0	0.1042	-56.24
YPL243W_mRNA	535	706.2	47.07	20.0	3.08	43.99	0.9869	0.0887	-40.91
YPL244C_mRNA	171	722.2	75.18	82.0	2.8	72.38	0.9942	0.1182	-69.58
YPL245W_mRNA	134	716.3	46.94	21.0	3.77	43.17	1.0	0.0959	-39.4
YPL246C_mRNA	224	613.4	54.31	70.0	5.67	48.64	0.9866	0.1044	-42.96
YPL247C_mRNA	80	930.0	57.34	67.5	3.38	53.96	1.0	0.0861	-50.59
YPL248C_mRNA	42	750.1	53.95	67.0	2.5	51.45	1.0	0.103	-48.95
YPL249C-A_mRNA	4841	440.7	39.16	11.0	2.41	36.75	0.9936	0.0885	-34.34
YPL249C_mRNA	42	727.6	64.79	73.0	2.55	62.24	0.9762	0.1431	-59.69
YPL250C_mRNA	981	504.5	59.17	73.0	2.72	56.45	0.9969	0.1291	-53.72
YPL250W-A_mRNA	1250	324.4	41.84	13.0	3.28	38.56	0.9904	0.1283	-35.27
YPL251W_mRNA	33	499.1	38.58	18.0	4.73	33.85	0.9697	0.0785	-29.12
YPL252C_mRNA	31	557.9	42.94	18.0	4.58	38.35	1.0	0.0893	-33.77
YPL253C_mRNA	46	616.3	52.78	53.5	4.33	48.46	1.0	0.1213	-44.13
YPL254W_mRNA	83	650.1	48.55	16.0	4.65	43.9	1.0	0.0967	-39.25
YPL255W_mRNA	57	568.3	44.23	21.0	1.39	42.84	1.0	0.0964	-41.46
YPL256C_mRNA	203	577.8	55.83	68.0	5.59	50.25	0.9852	0.1244	-44.66
YPL257W-B_mRNA	2064	1336.8	306.86	333.0	3.4	303.47	0.9937	0.2384	-300.07
YPL257W_mRNA	81	654.4	97.4	86.0	33.26	64.14	1.0	0.1924	-30.88
YPL258C_mRNA	54	638.8	139.07	88.5	79.41	59.67	1.0	0.2825	19.74
YPL259C_mRNA	101	839.9	50.38	30.0	3.27	47.11	0.9901	0.0823	-43.84
YPL260W_mRNA	359	809.0	54.98	71.0	3.42	51.56	0.9889	0.088	-48.14
YPL262W_mRNA	307	787.9	53.32	70.0	4.45	48.87	0.9967	0.0939	-44.43
YPL263C_mRNA	84	456.8	38.02	13.0	2.85	35.18	0.9881	0.0912	-32.33
YPL264C_mRNA	61	672.2	57.92	74.0	4.1	53.82	0.9508	0.109	-49.72
YPL265W_mRNA	289	740.1	50.6	22.0	3.33	47.27	0.9689	0.091	-43.93
YPL266W_mRNA	314	654.8	41.01	13.0	4.16	36.85	0.9777	0.0747	-32.69
YPL267W_mRNA	46	616.0	39.65	14.0	3.57	36.09	1.0	0.0603	-32.52
YPL268W_mRNA	96	787.7	44.85	22.5	2.2	42.66	1.0	0.0846	-40.46
YPL269W_mRNA	33	556.3	49.58	68.0	3.09	46.48	1.0	0.1129	-43.39
YPL270W_mRNA	109	660.4	44.77	13.0	4.25	40.52	0.9817	0.098	-36.28
YPL271W_mRNA	1183	348.6	63.74	71.0	3.44	60.3	0.9992	0.173	-56.86
YPL272C_mRNA	15	432.9	60.67	64.0	16.53	44.13	1.0	0.1437	-27.6
YPL273W_mRNA	1935	842.5	51.98	58.0	3.16	48.82	0.9804	0.0706	-45.66
YPL274W_mRNA	373	793.4	46.97	21.0	2.94	44.03	0.9946	0.0852	-41.09
YPL277C_mRNA	21	889.1	54.33	33.0	1.43	52.9	1.0	0.081	-51.48
YPL279C_mRNA	8	770.4	123.5	98.0	4.0	119.5	1.0	0.1622	-115.5
YPL280W_mRNA	20	568.3	114.7	99.5	2.85	111.85	1.0	0.2352	-109.0
YPL283C_mRNA	67	550.2	37.66	15.0	3.67	33.99	0.9851	0.0818	-30.31
YPR001W_mRNA	40	576.4	87.1	79.0	3.38	83.72	1.0	0.1686	-80.35
YPR002C-A_mRNA	35	247.1	89.77	90.0	21.51	68.26	1.0	0.3319	-46.74
YPR002W_mRNA	73	396.3	105.4	108.0	72.48	32.92	0.9452	0.3982	39.56
YPR003C_mRNA	131	630.6	84.19	78.0	2.36	81.83	0.9924	0.1753	-79.47
YPR004C_mRNA	319	774.7	54.66	65.0	2.83	51.83	0.9937	0.0849	-49.0
YPR005C_mRNA	53	592.9	87.72	82.0	41.08	46.64	0.9811	0.1926	-5.57
YPR006C_mRNA	162	654.5	84.25	68.5	1.99	82.25	0.9877	0.1283	-80.26
YPR007C_mRNA	16	699.6	163.56	174.5	1.56	162.0	0.9375	0.2558	-160.44
YPR008W_mRNA	101	981.3	64.28	73.0	15.76	48.51	1.0	0.1151	-32.75
YPR009W_mRNA	130	532.2	59.25	67.0	1.6	57.65	1.0	0.1204	-56.05
YPR010C-A_mRNA	1037	415.9	59.28	66.0	7.6	51.69	0.9961	0.1379	-44.09
YPR010C_mRNA	842	796.1	43.88	18.0	2.09	41.78	0.9834	0.0792	-39.69
YPR011C_mRNA	57	693.9	48.56	60.0	2.44	46.12	1.0	0.0832	-43.68
YPR012W_mRNA	41	470.1	58.83	62.0	5.66	53.17	1.0	0.1253	-47.51
YPR013C_mRNA	23	812.7	86.35	102.0	2.52	83.83	1.0	0.1308	-81.3
YPR014C_mRNA	28	720.2	133.68	88.0	83.43	50.25	1.0	0.1729	33.18
YPR015C_mRNA	48	413.2	60.0	72.5	1.79	58.21	1.0	0.1701	-56.42
YPR016C_mRNA	158	677.2	52.5	39.5	4.11	48.39	0.9873	0.0911	-44.28
YPR016W-A_mRNA	165	637.6	48.82	28.0	3.38	45.44	1.0	0.0942	-42.06
YPR017C_mRNA	76	606.6	48.95	25.0	1.63	47.32	0.9868	0.0779	-45.68
YPR018W_mRNA	59	495.7	44.95	12.0	13.32	31.63	0.9831	0.1002	-18.31
YPR019W_mRNA	74	715.6	67.77	77.0	5.76	62.01	0.9865	0.1311	-56.26
YPR020W_mRNA	1124	486.1	48.09	22.0	2.2	45.89	0.9982	0.0971	-43.69
YPR021C_mRNA	73	763.7	59.26	27.0	3.95	55.32	0.9863	0.1036	-51.37
YPR022C_mRNA	134	831.3	71.85	74.5	3.49	68.36	0.9925	0.1217	-64.87
YPR023C_mRNA	220	645.3	48.78	33.5	3.38	45.4	0.9818	0.094	-42.02
YPR024W_mRNA	214	768.5	58.33	67.5	6.22	52.11	1.0	0.1066	-45.89
YPR025C_mRNA	112	619.0	43.25	13.5	4.73	38.52	0.9821	0.0863	-33.79
YPR026W_mRNA	33	856.5	90.94	64.0	25.88	65.06	1.0	0.1122	-39.18
YPR027C_mRNA	44	643.4	99.86	79.0	34.39	65.48	1.0	0.1643	-31.09
YPR028W_mRNA	2484	615.9	50.99	64.0	3.67	47.32	0.9948	0.0877	-43.64
YPR029C_mRNA	185	680.3	53.99	66.0	8.28	45.71	1.0	0.1146	-37.43
YPR030W_mRNA	46	567.0	52.26	68.5	2.02	50.24	1.0	0.1234	-48.22
YPR031W_mRNA	21	787.6	54.05	28.0	4.67	49.38	0.9524	0.0879	-44.71
YPR032W_mRNA	31	817.0	53.77	16.0	2.94	50.84	0.9677	0.1029	-47.9
YPR033C_mRNA	824	725.0	53.3	70.0	2.44	50.86	0.9879	0.0972	-48.42
YPR034W_mRNA	69	663.3	47.77	20.0	7.14	40.62	1.0	0.1033	-33.48
YPR035W_mRNA	2047	823.1	51.59	63.0	4.76	46.83	0.9766	0.0906	-42.07
YPR036W-A_mRNA	2054	462.6	55.65	72.0	5.38	50.26	0.9825	0.1245	-44.88
YPR036W_mRNA	688	805.8	39.17	10.0	1.99	37.18	0.9913	0.069	-35.19
YPR037C_mRNA	30	683.8	71.8	73.5	14.53	57.27	1.0	0.1059	-42.73
YPR038W_mRNA	40	466.6	38.78	15.0	4.8	33.98	1.0	0.0958	-29.18
YPR039W_mRNA	42	413.6	48.14	48.5	2.52	45.62	1.0	0.1416	-43.1
YPR040W_mRNA	48	540.4	43.33	13.5	2.0	41.33	1.0	0.0876	-39.33
YPR041W_mRNA	813	709.9	45.12	16.0	2.72	42.39	0.9779	0.0806	-39.67
YPR042C_mRNA	11	775.6	34.55	12.0	3.91	30.64	1.0	0.1027	-26.73
YPR043W_mRNA	5999	386.7	41.66	13.0	1.34	40.32	0.9853	0.1016	-38.99
YPR044C_mRNA	839	328.9	48.9	21.0	8.38	40.51	0.9821	0.1379	-32.13
YPR045C_mRNA	105	702.1	63.41	29.0	12.72	50.69	0.981	0.1004	-37.96
YPR046W_mRNA	95	561.5	39.28	12.0	3.06	36.22	0.9789	0.0713	-33.16
YPR047W_mRNA	89	654.1	52.28	16.0	3.39	48.89	1.0	0.0996	-45.49
YPR048W_mRNA	140	678.1	39.19	13.0	1.8	37.39	0.9857	0.0648	-35.59
YPR049C_mRNA	33	726.4	51.0	69.0	2.06	48.94	1.0	0.0876	-46.88
YPR050C_mRNA	70	462.6	35.13	12.0	5.46	29.67	0.9857	0.0816	-24.21
YPR051W_mRNA	159	560.9	45.97	19.0	2.65	43.31	0.9937	0.0887	-40.66
YPR052C_mRNA	146	445.7	30.63	9.0	2.28	28.35	1.0	0.0651	-26.07
YPR053C_mRNA	81	440.2	48.0	19.0	1.12	46.88	0.9877	0.1083	-45.75
YPR054W_mRNA	103	494.3	33.1	10.0	2.61	30.49	1.0	0.0699	-27.87
YPR055W_mRNA	117	894.0	49.95	36.0	1.78	48.17	0.9915	0.0726	-46.39
YPR056W_mRNA	175	846.1	52.87	68.0	3.45	49.42	1.0	0.0819	-45.97
YPR057W_mRNA	80	522.2	40.41	15.5	2.02	38.39	1.0	0.0916	-36.36
YPR058W_mRNA	147	644.8	46.03	28.0	1.77	44.26	0.9864	0.0891	-42.49
YPR059C_mRNA	207	522.4	47.65	21.0	7.5	40.14	1.0	0.0951	-32.64
YPR060C_mRNA	229	687.2	44.05	11.0	3.64	40.41	0.9956	0.0756	-36.77
YPR061C_mRNA	26	530.7	57.88	49.5	6.65	51.23	1.0	0.1306	-44.58
YPR062W_mRNA	858	528.8	41.18	13.0	1.79	39.39	0.9942	0.0788	-37.6
YPR063C_mRNA	303	581.3	51.3	63.0	3.61	47.69	0.9802	0.0919	-44.07
YPR065W_mRNA	95	756.3	48.78	57.0	2.86	45.92	0.9789	0.0778	-43.05
YPR066W_mRNA	68	474.4	50.0	65.5	2.51	47.49	0.9853	0.1275	-44.97
YPR067W_mRNA	62	450.8	52.61	49.5	2.05	50.56	1.0	0.1291	-48.52
YPR068C_mRNA	47	659.2	65.17	66.0	10.09	55.09	1.0	0.1447	-45.0
YPR069C_mRNA	1185	664.5	56.61	58.0	3.17	53.44	0.9958	0.1025	-50.28
YPR070W_mRNA	93	849.6	55.4	67.0	3.82	51.58	0.9892	0.0829	-47.76
YPR071W_mRNA	49	658.8	44.59	24.0	3.1	41.49	1.0	0.0831	-38.39
YPR072W_mRNA	182	733.7	50.1	19.5	6.31	43.79	0.9835	0.089	-37.47
YPR073C_mRNA	600	644.7	50.17	43.5	3.86	46.32	0.9983	0.081	-42.46
YPR074C_mRNA	2248	760.9	44.26	16.0	2.88	41.37	0.9778	0.0823	-38.49
YPR075C_mRNA	15	878.7	74.27	21.0	32.53	41.73	1.0	0.1139	-9.2
YPR076W_mRNA	22	536.5	78.5	76.0	33.18	45.32	0.9545	0.1861	-12.14
YPR077C_mRNA	26	331.7	158.88	142.0	9.12	149.77	1.0	0.481	-140.65
YPR078C_mRNA	22	599.0	190.82	175.5	1.95	188.86	1.0	0.3312	-186.91
YPR079W_mRNA	54	581.2	40.98	14.5	2.54	38.44	1.0	0.0829	-35.91
YPR080W_mRNA	14226	789.0	50.26	21.0	2.72	47.54	0.9537	0.0778	-44.82
YPR081C_mRNA	88	439.4	50.39	29.5	1.74	48.65	1.0	0.1621	-46.91
YPR082C_mRNA	122	505.9	47.88	57.5	2.53	45.34	1.0	0.1005	-42.81
YPR083W_mRNA	67	753.1	80.22	79.0	19.78	60.45	1.0	0.1695	-40.67
YPR084W_mRNA	67	690.1	58.63	15.0	16.46	42.16	1.0	0.0854	-25.7
YPR085C_mRNA	94	619.8	51.16	18.0	4.73	46.43	1.0	0.1028	-41.69
YPR086W_mRNA	301	763.8	44.39	16.0	2.23	42.16	0.9934	0.0718	-39.93
YPR088C_mRNA	232	774.8	47.23	19.5	2.88	44.34	0.9655	0.0884	-41.46
YPR089W_mRNA	75	654.4	50.07	36.0	3.53	46.53	0.9733	0.0918	-43.0
YPR091C_mRNA	96	521.8	45.85	22.0	5.09	40.76	1.0	0.1199	-35.67
YPR092W_mRNA	86	203.1	45.57	44.0	3.63	41.94	0.9767	0.2083	-38.31
YPR093C_mRNA	203	296.1	39.89	14.0	3.14	36.75	0.9704	0.1576	-33.61
YPR094W_mRNA	313	410.0	51.4	64.0	3.17	48.22	0.9936	0.1202	-45.05
YPR095C_mRNA	20	673.2	45.0	20.0	1.7	43.3	0.95	0.0867	-41.6
YPR097W_mRNA	152	774.4	49.72	26.5	1.66	48.06	0.9934	0.0835	-46.4
YPR098C_mRNA	242	482.5	54.57	68.5	7.34	47.24	0.9959	0.116	-39.9
YPR099C_mRNA	112	433.0	42.71	10.0	3.38	39.34	1.0	0.0982	-35.96
YPR100W_mRNA	136	453.9	38.36	10.0	4.24	34.12	1.0	0.0907	-29.88
YPR101W_mRNA	195	557.8	43.27	14.0	2.38	40.89	0.9846	0.0858	-38.51
YPR102C_mRNA	11166	557.9	44.1	15.0	2.1	42.01	0.9958	0.0827	-39.91
YPR103W_mRNA	907	770.7	46.45	21.0	3.29	43.16	0.9901	0.0702	-39.87
YPR104C_mRNA	46	551.3	53.07	51.0	0.85	52.22	1.0	0.1097	-51.37
YPR105C_mRNA	146	834.6	46.27	18.0	2.34	43.94	0.9932	0.0736	-41.6
YPR106W_mRNA	46	624.0	57.72	76.5	2.37	55.35	0.9783	0.1396	-52.98
YPR107C_mRNA	136	559.6	37.84	13.0	2.0	35.84	0.9926	0.07	-33.84
YPR108W-A_mRNA	10	150.3	65.0	67.0	0.6	64.4	1.0	0.3656	-63.8
YPR108W_mRNA	831	921.1	48.37	24.0	2.74	45.63	0.9856	0.0637	-42.89
YPR109W_mRNA	203	673.2	54.69	64.0	3.5	51.2	0.9951	0.0971	-47.7
YPR110C_mRNA	769	557.1	38.12	11.0	1.95	36.17	0.9857	0.0798	-34.22
YPR111W_mRNA	76	720.8	54.71	48.0	5.21	49.5	0.9737	0.093	-44.29
YPR112C_mRNA	71	754.3	42.06	14.0	3.25	38.8	0.9859	0.0855	-35.55
YPR113W_mRNA	731	670.3	42.97	15.0	3.14	39.82	0.985	0.0687	-36.68
YPR114W_mRNA	359	591.1	64.57	71.0	9.29	55.28	0.9889	0.1278	-46.0
YPR115W_mRNA	134	824.8	40.82	15.5	2.66	38.16	0.9851	0.0796	-35.51
YPR116W_mRNA	28	829.6	54.43	63.5	3.86	50.57	1.0	0.0722	-46.71
YPR117W_mRNA	118	638.9	47.66	27.0	2.53	45.13	0.9915	0.1022	-42.59
YPR118W_mRNA	668	793.3	56.96	71.0	7.28	49.67	0.9865	0.1033	-42.39
YPR119W_mRNA	102	679.0	58.61	73.0	2.8	55.8	1.0	0.1059	-53.0
YPR120C_mRNA	99	492.2	58.3	73.0	6.36	51.94	1.0	0.1277	-45.58
YPR121W_mRNA	24	558.9	181.0	49.5	151.79	29.21	1.0	0.3125	122.58
YPR122W_mRNA	80	605.9	41.29	20.5	3.29	38.0	1.0	0.1009	-34.71
YPR123C_mRNA	16	705.9	60.12	10.5	0.94	59.19	1.0	0.0917	-58.25
YPR124W_mRNA	329	687.3	45.65	15.0	3.58	42.07	0.9939	0.0861	-38.49
YPR125W_mRNA	118	630.3	57.29	33.0	12.2	45.08	0.9831	0.1248	-32.88
YPR127W_mRNA	107	662.4	55.23	73.0	2.47	52.77	0.9907	0.0939	-50.3
YPR128C_mRNA	107	649.7	53.3	68.0	4.26	49.04	1.0	0.106	-44.78
YPR129W_mRNA	87	630.6	45.74	14.0	1.63	44.1	0.9885	0.0959	-42.47
YPR130C_mRNA	169	541.3	42.11	12.0	2.45	39.66	1.0	0.0929	-37.21
YPR131C_mRNA	78	653.5	39.19	12.0	1.27	37.92	0.9872	0.0673	-36.65
YPR132W_mRNA	14438	515.7	40.98	14.0	2.14	38.84	0.9812	0.0784	-36.7
YPR133C_mRNA	303	678.0	42.6	14.0	2.23	40.37	1.0	0.075	-38.14
YPR133W-A_mRNA	434	354.5	51.28	28.5	1.13	50.15	1.0	0.1364	-49.02
YPR134W_mRNA	104	633.7	47.22	24.5	3.58	43.64	0.9904	0.0956	-40.07
YPR135W_mRNA	42	575.2	50.67	68.5	1.48	49.19	1.0	0.1171	-47.71
YPR137C-A_mRNA	14	673.8	152.36	146.5	14.57	137.79	1.0	0.2579	-123.21
YPR137C-B_mRNA	1088	1904.2	275.07	321.0	6.23	268.84	0.989	0.1503	-262.62
YPR137W_mRNA	165	625.9	47.15	16.0	4.33	42.82	0.9758	0.0982	-38.48
YPR138C_mRNA	164	629.5	114.37	82.5	62.42	51.95	0.9878	0.2373	10.47
YPR139C_mRNA	198	620.0	56.81	20.0	22.3	34.52	0.9949	0.1292	-12.22
YPR140W_mRNA	81	649.5	43.12	15.0	3.53	39.59	0.9753	0.0822	-36.06
YPR141C_mRNA	43	624.4	49.77	50.0	3.79	45.98	0.9535	0.0992	-42.19
YPR142C_mRNA	147	543.8	40.93	13.0	2.09	38.84	0.9524	0.0854	-36.76
YPR143W_mRNA	143	556.5	48.93	29.0	1.43	47.5	0.986	0.0935	-46.08
YPR144C_mRNA	132	758.2	50.57	22.0	2.32	48.25	0.9848	0.096	-45.93
YPR145C-A_mRNA	129	540.3	206.09	208.0	3.06	203.03	1.0	0.3777	-199.97
YPR145W_mRNA	3132	594.0	41.06	14.0	2.7	38.35	0.9764	0.0953	-35.65
YPR146C_mRNA	115	690.8	52.47	37.0	3.08	49.39	1.0	0.0998	-46.31
YPR147C_mRNA	89	667.2	43.89	18.0	2.4	41.48	0.9888	0.0839	-39.08
YPR148C_mRNA	239	544.2	47.17	22.0	2.79	44.38	0.9874	0.1119	-41.6
YPR149W_mRNA	876	705.7	57.3	72.0	3.06	54.25	0.9943	0.0956	-51.19
YPR150W_mRNA	7	534.1	41.43	7.0	1.0	40.43	1.0	0.0805	-39.43
YPR151C_mRNA	17	426.6	58.41	67.0	7.82	50.59	1.0	0.1584	-42.76
YPR152C_mRNA	48	443.8	52.4	18.0	11.31	41.08	1.0	0.1102	-29.77
YPR153W_mRNA	11	424.4	203.55	233.0	5.36	198.18	1.0	0.4605	-192.82
YPR154W_mRNA	598	571.0	50.33	62.0	4.27	46.06	0.995	0.1072	-41.79
YPR155C_mRNA	62	693.8	40.21	17.0	2.48	37.73	0.9839	0.0834	-35.24
YPR156C_mRNA	213	754.3	65.4	75.0	6.73	58.67	0.9953	0.1222	-51.94
YPR157W_mRNA	87	493.0	133.79	95.0	87.85	45.94	1.0	0.3506	41.91
YPR158C-D_mRNA	393	671.9	276.23	326.0	4.02	272.21	0.9924	0.3957	-268.19
YPR158W-B_mRNA	1441	1192.0	325.09	338.0	2.63	322.46	0.9951	0.3097	-319.83
YPR158W_mRNA	643	588.3	61.88	58.0	14.82	47.05	0.9922	0.1229	-32.23
YPR159W_mRNA	361	764.8	57.85	70.0	5.57	52.28	0.9972	0.1071	-46.71
YPR160C-A_mRNA	7	436.4	44.43	17.0	1.14	43.29	0.8571	0.1484	-42.14
YPR160W_mRNA	217	774.8	69.45	76.0	12.52	56.93	1.0	0.1227	-44.41
YPR161C_mRNA	105	632.8	60.82	38.0	5.62	55.2	0.9905	0.1215	-49.58
YPR162C_mRNA	64	672.5	55.8	51.0	6.53	49.27	1.0	0.107	-42.73
YPR163C_mRNA	439	606.7	43.14	15.0	3.08	40.06	0.9658	0.0871	-36.97
YPR164W_mRNA	38	977.1	88.82	81.5	2.45	86.37	0.9474	0.1008	-83.92
YPR165W_mRNA	1133	657.2	55.97	61.0	2.75	53.22	0.9938	0.1019	-50.46
YPR166C_mRNA	509	443.3	49.54	25.0	2.06	47.49	0.9961	0.1086	-45.43
YPR167C_mRNA	125	595.0	37.49	11.0	2.28	35.21	0.992	0.0666	-32.93
YPR168W_mRNA	40	961.7	92.12	86.5	1.8	90.32	1.0	0.124	-88.52
YPR169W_mRNA	157	676.5	36.64	12.0	1.59	35.06	1.0	0.071	-33.47
YPR170C_mRNA	28	526.4	159.43	95.0	58.18	101.25	1.0	0.259	-43.07
YPR170W-A_mRNA	90	299.8	51.18	63.5	3.78	47.4	0.9889	0.1682	-43.62
YPR170W-B_mRNA	1569	482.1	59.53	75.0	3.82	55.71	0.9981	0.1203	-51.89
YPR171W_mRNA	84	661.1	60.76	76.0	2.04	58.73	1.0	0.1278	-56.69
YPR172W_mRNA	51	462.0	51.35	70.0	1.31	50.04	0.9804	0.1287	-48.73
YPR173C_mRNA	216	640.7	56.89	20.5	13.62	43.28	0.9815	0.0975	-29.66
YPR174C_mRNA	25	626.7	48.12	17.0	2.28	45.84	0.96	0.0802	-43.56
YPR175W_mRNA	180	787.2	55.44	67.5	3.4	52.04	0.9889	0.0931	-48.64
YPR176C_mRNA	180	746.2	54.23	69.0	5.85	48.38	0.9889	0.0983	-42.53
YPR178W_mRNA	32	863.5	51.56	23.0	2.22	49.34	0.9688	0.0697	-47.12
YPR179C_mRNA	73	459.2	45.85	16.0	2.95	42.9	0.9863	0.1157	-39.96
YPR180W_mRNA	155	713.2	68.06	76.0	2.24	65.82	1.0	0.1241	-63.58
YPR181C_mRNA	405	817.8	69.89	76.0	3.06	66.83	0.9975	0.119	-63.78
YPR182W_mRNA	123	394.4	51.4	66.0	2.57	48.83	1.0	0.1267	-46.26
YPR183W_mRNA	616	650.5	51.28	56.5	3.94	47.35	0.9951	0.0965	-43.41
YPR184W_mRNA	34	715.0	76.88	82.5	21.38	55.5	1.0	0.1803	-34.12
YPR185W_mRNA	94	787.7	57.69	74.0	2.98	54.71	0.9894	0.098	-51.73
YPR186C_mRNA	53	619.5	42.3	16.0	1.26	41.04	1.0	0.1065	-39.77
YPR187W_mRNA	1932	537.0	39.02	13.0	3.97	35.05	0.9715	0.0736	-31.08
YPR188C_mRNA	181	519.8	39.43	12.0	1.02	38.41	0.9834	0.0807	-37.4
YPR189W_mRNA	210	770.3	49.73	38.5	2.18	47.55	0.9952	0.091	-45.37
YPR190C_mRNA	183	729.0	43.37	12.0	2.05	41.32	0.9945	0.0839	-39.27
YPR191W_mRNA	382	721.0	54.9	69.5	2.37	52.53	0.9974	0.1042	-50.16
YPR192W_mRNA	35	634.4	73.74	74.0	21.66	52.09	1.0	0.1346	-30.43
YPR193C_mRNA	15	467.5	126.4	115.0	23.2	103.2	1.0	0.2705	-80.0
YPR194C_mRNA	58	940.1	120.24	77.5	29.84	90.4	1.0	0.1726	-60.55
YPR195C_mRNA	77	627.6	303.97	304.0	23.38	280.6	1.0	0.4444	-257.22
YPR196W_mRNA	34	555.3	96.82	79.0	54.85	41.97	1.0	0.1992	12.88
YPR197C_mRNA	8	413.0	198.88	206.5	0.88	198.0	1.0	0.5161	-197.12
YPR198W_mRNA	181	866.4	57.02	74.0	3.75	53.27	1.0	0.0912	-49.51
YPR199C_mRNA	96	654.4	109.54	74.5	60.69	48.85	1.0	0.1852	11.83
YPR200C_mRNA	9	441.2	32.44	12.0	0.22	32.22	1.0	0.0748	-32.0
YPR201W_mRNA	48	466.7	104.42	20.5	1.62	102.79	1.0	0.1474	-101.17
YPR204W_mRNA	53	567.1	47.58	27.0	4.91	42.68	0.9811	0.093	-37.77
