gene	chr	strand	orf_span	cds_len	depth_orf1000	depth_ourref	mean_read_len	mtif_support	drs_5	nag_5	final_5	pel_5	drs_3	nag_3	final_3	pel_3	shortfall_5	shortfall_3	shortfall_nt_5	shortfall_nt_3	verdict_5	verdict_3
YAL001C	I	-	3573	3483	66.0	76.0	816.4	1.0	197.0		197	31.0	60.0		60	36.0						
YAL002W	I	+	3825	3825	2231.0	52.0	417.7	2.0	106.0		106	95.0	57.0		57	56.0						
YAL003W	I	+	987	621	4958.0	6952.0	626.0	9650.0	0.0	32.0	32	21.0	72.0	335.0	335	221.0	1.0	1.0	32.0	263.0	DRS too short	DRS too short
YAL004W	I	+	648	648	95.0	2052.0	466.6	2.0	929.0	3110.0	3110	1963.0	74.0	732.0	732	745.0	1.0	1.0	2181.0	658.0	DRS too short	both too short
YAL005C	I	-	1929	1929	3690.0	1752.0	897.0	3080.0	56.0	252.0	252	62.0	156.0	121.0	156	146.0	1.0	0.0	196.0		DRS too short	
YAL007C	I	-	648	648	270.0	468.0	530.8	557.0	95.0	68.0	95	69.0	149.0	289.0	289	146.0	0.0	1.0		140.0		both too long
YAL008W	I	+	597	597	346.0	141.0	566.2	638.0	58.0	98.0	98	48.0	110.0	207.0	207	127.0	1.0	1.0	40.0	97.0	both too long	DRS too short
YAL009W	I	+	780	780	70.0	64.0	638.2	28.0	43.0	445.0	445	0.0	104.0	132.0	132	123.0	1.0	1.0	402.0	28.0		DRS too short
YAL010C	I	-	1482	1482	69.0	85.0	701.0	35.0	30.0	22.0	30	23.0	110.0	182.0	182	101.0	0.0	1.0		72.0		both too long
YAL011W	I	+	1878	1878	281.0	27.0	520.0	44.0	181.0	29.0	181	4.0	98.0	133.0	133	97.0	0.0	1.0		35.0		both too long
YAL012W	I	+	1185	1185	567.0	779.0	908.3	2282.0	99.0	112.0	112	64.0	101.0	116.0	116	99.0	1.0	1.0	13.0	15.0	both too long	both too long
YAL013W	I	+	1218	1218	51.0	65.0	687.3	109.0	21.0	75.0	75	32.0	102.0	95.0	102	101.0	1.0	0.0	54.0		DRS too short	
YAL014C	I	-	768	768	48.0	86.0	580.2	290.0	42.0	52.0	52	48.0	45.0	220.0	220	134.0	1.0	1.0	10.0	175.0	DRS too short	DRS too short
YAL015C	I	-	1200	1200	250.0	82.0	582.5	98.0	5.0	7.0	7	0.0	7.0	146.0	146	7.0	1.0	1.0	2.0	139.0		both too long
YAL016C-A	I	-	315	315	24.0		476.6	1.0			0	6.0			0	261.0						
YAL016C-B	I	-	186	186	30.0	30.0	571.4	0.0	5.0		5		293.0		293							
YAL016W	I	+	1908	1908	395.0	511.0	918.1	188.0	87.0	92.0	92	97.0	70.0	96.0	96	68.0	1.0	1.0	5.0	26.0	both too short	both too long
YAL017W	I	+	4071	4071	61.0	103.0	910.3	1.0	368.0		368	385.0	189.0		189	219.0						
YAL018C	I	-	978	978	72.0	9.0	459.1	2.0			0	50.0			0	138.0						
YAL019W	I	+	3396	3396	136.0	197.0	810.2	4.0	122.0		122	110.0	71.0		71	49.0						
YAL019W-A	I	+	570	570	20.0	30.0	645.8	0.0	731.0		731		0.0		0							
YAL020C	I	-	1002	1002	24.0	37.0	658.2	3.0	4.0	8.0	8	22.0	71.0	145.0	145	75.0	1.0	1.0	4.0	74.0	both too short	DRS too short
YAL021C	I	-	2514	2514	73.0	73.0	878.9	42.0	43.0	43.0	43	59.0	233.0	309.0	309	230.0	0.0	1.0		76.0		both too long
YAL022C	I	-	1554	1554	76.0	80.0	821.7	1417.0	3.0	40.0	40	16.0	43.0	144.0	144	42.0	1.0	1.0	37.0	101.0	DRS too short	both too long
YAL023C	I	-	2280	2280	411.0	533.0	958.4	225.0	76.0	119.0	119	88.0	114.0	128.0	128	115.0	1.0	1.0	43.0	14.0	DRS too short	DRS too short
YAL024C	I	-	4308	4308	177.0	34.0	470.6	0.0	321.0		321		197.0		197							
YAL025C	I	-	921	921	54.0	93.0	429.8	142.0	22.0	22.0	22	23.0	194.0	285.0	285	203.0	0.0	1.0		91.0		DRS too short
YAL026C	I	-	4068	4068	116.0	50.0	668.3	4.0	75.0		75	86.0	149.0		149	140.0						
YAL026C-A	I	-	438	438	62.0	69.0	653.1	0.0	916.0		916	25.0	306.0		306	244.0						
YAL027W	I	+	786	786	100.0	88.0	537.4	4.0		91.0	91	80.0		110.0	110	101.0						
YAL028W	I	+	1587	1587	40.0	64.0	526.3	10.0	39.0	47.0	47	48.0	41.0	79.0	79	43.0	1.0	1.0	8.0	38.0	both too short	DRS too short
YAL029C	I	-	4416	4416	158.0	202.0	992.7	3.0	236.0		236	252.0	88.0		88	61.0						
YAL030W	I	+	467	354	90.0	65.0	560.2	161.0	21.0	21.0	21	22.0	117.0	260.0	260	110.0	0.0	1.0		143.0		both too long
YAL031C	I	-	2283	2283	46.0	37.0	699.8	4.0	39.0		39	47.0	131.0	161.0	161	78.0		1.0		30.0		both too long
YAL031W-A	I	+	309	309	12.0		671.7	1.0	80.0		80	354.0	129.0		129	2097.0						
YAL032C	I	-	1140	1140	187.0	42.0	559.4	29.0	699.0	29.0	699	20.0	125.0	142.0	142	125.0	0.0	1.0		17.0		both too long
YAL033W	I	+	522	522	139.0	283.0	544.1	193.0	10.0	4.0	10	5.0	60.0	169.0	169	72.0	0.0	1.0		109.0		DRS too short
YAL034C	I	-	1242	1242	44.0	54.0	712.7	67.0	616.0	634.0	634	620.0	103.0	160.0	160	100.0	1.0	1.0	18.0	57.0	DRS too short	both too long
YAL034C-B	I	-	354	354	165.0	141.0	599.6	1.0	837.0	30.0	837	31.0	345.0	42.0	345	43.0	0.0	0.0				
YAL034W-A	I	+	870	870	162.0	17.0	461.5	14.0	18.0	43.0	43	29.0	92.0	156.0	156	88.0	1.0	1.0	25.0	64.0	DRS too short	both too long
YAL035W	I	+	3009	3009	291.0	451.0	1028.0	1336.0	13.0	61.0	61	26.0	127.0	123.0	127	126.0	1.0	0.0	48.0		DRS too short	
YAL036C	I	-	1110	1110	163.0	116.0	829.0	141.0	45.0	54.0	54	32.0	29.0	264.0	264	29.0	1.0	1.0	9.0	235.0	both too long	both too long
YAL037C-A	I	-	93	93	3270.0	2250.0	553.1	3.0	130.0		130	192.0	459.0		459	55.0						
YAL037C-B	I	-	975	975	5144.0	4925.0	902.3	0.0	169.0		169		126.0		126							
YAL037W	I	+	804	804	1672.0	188.0	327.9	3.0	172.0	566.0	566	567.0	96.0	1576.0	1576	1577.0	1.0	1.0	394.0	1480.0	both too short	both too short
YAL038W	I	+	1503	1503	5306.0	8061.0	897.7	9845.0	79.0	141.0	141	27.0	166.0	159.0	166	164.0	1.0	0.0	62.0		both too long	
YAL039C	I	-	810	810	154.0	137.0	651.5	355.0	78.0	116.0	116	56.0	71.0	86.0	86	69.0	1.0	1.0	38.0	15.0	both too long	both too long
YAL040C	I	-	1743	1743	124.0	125.0	807.5	32.0	200.0	327.0	327	328.0	186.0	181.0	186	177.0	1.0	0.0	127.0		both too short	
YAL041W	I	+	2565	2565	191.0	113.0	559.4	10.0	52.0	66.0	66	64.0	60.0	58.0	60	59.0	1.0	0.0	14.0		DRS too short	
YAL042C-A	I	-	378	378	35.0		1048.9	0.0	249.0		249		20.0		20							
YAL042W	I	+	1248	1248	206.0	312.0	770.7	218.0	20.0	46.0	46	16.0	84.0	116.0	116	91.0	1.0	1.0	26.0	32.0	both too long	DRS too short
YAL043C	I	-	2358	2358	89.0	63.0	677.5	71.0	10.0	15.0	15	31.0	79.0	195.0	195	76.0	1.0	1.0	5.0	116.0	both too short	both too long
YAL044C	I	-	513	513	71.0	212.0	467.8	1488.0	3.0	13.0	13	14.0	83.0	193.0	193	82.0	1.0	1.0	10.0	110.0	both too short	both too long
YAL044W-A	I	+	333	333	114.0	40.0	455.9	1456.0	22.0	544.0	544	1.0	113.0	107.0	113	111.0	1.0	0.0	522.0		both too long	
YAL045C	I	-	309	309	91.0	37.0	435.5	1.0	202.0		202	680.0	40.0		40	566.0						
YAL046C	I	-	357	357	55.0	85.0	404.0	126.0	19.0	158.0	158	30.0	114.0	121.0	121	122.0	1.0	1.0	139.0	7.0	DRS too short	both too short
YAL047C	I	-	1869	1869	40.0	49.0	780.1	141.0	17.0	28.0	28	29.0	50.0	57.0	57	55.0	1.0	1.0	11.0	7.0	both too short	DRS too short
YAL047W-A	I	+	330	330	22.0		610.5	3.0		374.0	374	322.0		149.0	149	153.0						
YAL048C	I	-	1989	1989	62.0	31.0	950.8	6.0	179.0		179	1.0	957.0		957	1065.0						
YAL049C	I	-	741	741	116.0	224.0	639.4	330.0	516.0	1486.0	1486	66.0	121.0	163.0	163	136.0	1.0	1.0	970.0	42.0	both too long	DRS too short
YAL051W	I	+	3144	3144	196.0	55.0	551.7	2.0	14.0		14	25.0	152.0		152	80.0						
YAL053W	I	+	2352	2352	209.0	257.0	1206.8	22.0	124.0	170.0	170	140.0	67.0	59.0	67	72.0	1.0	0.0	46.0		DRS too short	
YAL054C	I	-	2142	2142	54.0	77.0	505.7	2.0	239.0		239	51.0	165.0		165	163.0						
YAL055W	I	+	543	543	99.0	29.0	456.5	17.0	21.0	34.0	34	7.0	80.0	118.0	118	119.0	1.0	1.0	13.0	38.0	both too long	both too short
YAL056C-A	I	-	351	351	24.0	6.0	556.2	0.0			0				0							
YAL056W	I	+	2643	2643	114.0	154.0	709.2	17.0	35.0	24.0	35	51.0	80.0	138.0	138	98.0	0.0	1.0		58.0		DRS too short
YAL058W	I	+	1509	1509	78.0	50.0	715.8	60.0	70.0	58.0	70	49.0	41.0	190.0	190	191.0	0.0	1.0		149.0		both too short
YAL059C-A	I	-	423	423	91.0	125.0	519.7	0.0	437.0		437	48.0	0.0		0	50.0						
YAL059W	I	+	639	639	99.0	74.0	454.8	6.0		42.0	42	2.0		196.0	196	197.0						
YAL060W	I	+	1149	1149	144.0	183.0	886.9	182.0	41.0	47.0	47	48.0	101.0	129.0	129	84.0	1.0	1.0	6.0	28.0	both too short	both too long
YAL061W	I	+	1254	1254	58.0	63.0	746.2	24.0	515.0	102.0	515	89.0	168.0	316.0	316	167.0	0.0	1.0		148.0		both too long
YAL062W	I	+	1374	1374	159.0	106.0	393.7	9.0	171.0	39.0	171	38.0	83.0	98.0	98	75.0	0.0	1.0		15.0		both too long
YAL063C	I	-	3969	3969	160.0	113.0	473.6	0.0	216.0		216		82.0		82							
YAL063C-A	I	-	291	291	55.0	62.0	741.9	3.0		931.0	931	948.0		343.0	343	34.0						
YAL064C-A	I	-	381	381	7.0		1061.7	1.0			0	947.0			0	412.0						
YAL064W	I	+	285	285	33.0		494.2	0.0			0	308.0			0	148.0						
YAL064W-B	I	+	381	381	5.0		398.8	8.0			0	733.0			0	554.0						
YAL065C	I	-	387	387				0.0			0				0							
YAL066W	I	+	309	309	15.0	14.0	470.7	1.0		283.0	283	284.0		60.0	60	61.0						
YAL067C	I	-	1782	1782	35.0	10.0	571.1	2.0			0	33.0			0	222.0						
YAL067W-A	I	+	228	228				0.0			0				0							
YAL068C	I	-	363	363				0.0			0				0							
YAL068W-A	I	+	255	255				0.0			0				0							
YAL069W	I	+	315	315				0.0			0				0							
YAR002C-A	I	-	660	660	210.0	370.0	536.1	378.0	31.0	25.0	31	16.0	70.0	256.0	256	76.0	0.0	1.0		186.0		DRS too short
YAR002W	I	+	1620	1620	222.0	127.0	565.8	141.0	31.0	41.0	41	42.0	100.0	237.0	237	94.0	1.0	1.0	10.0	137.0	both too short	both too long
YAR003W	I	+	1281	1281	161.0	142.0	705.4	65.0	74.0	46.0	74	85.0	408.0	623.0	623	495.0	0.0	1.0		215.0		DRS too short
YAR007C	I	-	1866	1866	151.0	103.0	958.1	155.0	54.0	78.0	78	63.0	50.0	72.0	72	73.0	1.0	1.0	24.0	22.0	DRS too short	both too short
YAR008W	I	+	828	828	1287.0	118.0	492.8	18.0	122.0	118.0	122	102.0	98.0	122.0	122	97.0	0.0	1.0		24.0		both too long
YAR014C	I	-	2130	2130	138.0	164.0	620.4	29.0	137.0	147.0	147	150.0	167.0	176.0	176	178.0	1.0	1.0	10.0	9.0	both too short	both too short
YAR015W	I	+	921	921	104.0	128.0	751.0	482.0	105.0	102.0	105	98.0	110.0	342.0	342	95.0	0.0	1.0		232.0		both too long
YAR018C	I	-	1308	1308	108.0	42.0	468.5	30.0	29.0	11.0	29	8.0	129.0	218.0	218	64.0	0.0	1.0		89.0		both too long
YAR019C	I	-	2925	2925	57.0	82.0	646.9	2.0	29.0		29	33.0	61.0		61	85.0						
YAR019W-A	I	+	333	333	33.0		629.1	0.0			0				0							
YAR020C	I	-	168	168	14.0	8.0	532.4	0.0	753.0		753		264.0		264							
YAR023C	I	-	540	540	46.0	46.0	554.5	4.0	460.0	876.0	876	231.0	48.0	35.0	48	30.0	1.0	0.0	416.0		both too long	
YAR027W	I	+	708	708	453.0	460.0	639.6	73.0	89.0	98.0	98	99.0	80.0	209.0	209	83.0	1.0	1.0	9.0	129.0	both too short	DRS too short
YAR028W	I	+	705	705	286.0	130.0	576.7	51.0	120.0	59.0	120	56.0	199.0	380.0	380	198.0	0.0	1.0		181.0		both too long
YAR029W	I	+	225	225	38.0	93.0	593.4	7.0		1311.0	1311	1468.0		208.0	208	227.0						
YAR030C	I	-	342	342	29.0		522.5	1.0			0	4.0			0	479.0						
YAR031W	I	+	897	897	21.0	18.0	606.5	1.0	234.0		234	2016.0	169.0		169	138.0						
YAR033W	I	+	705	705	64.0	80.0	568.5	52.0	718.0	63.0	718	46.0	41.0	446.0	446	93.0	0.0	1.0		405.0		DRS too short
YAR035C-A	I	-	81	81	7.0	11.0	500.1	0.0	11.0		11	361.0	609.0		609	63.0						
YAR035W	I	+	2064	2064	18.0	15.0	549.8	2.0	31.0	36.0	36	44.0	110.0	108.0	110	104.0	1.0	0.0	5.0		both too short	
YAR042W	I	+	3567	3567	91.0	77.0	737.4	5.0	45.0	35.0	45	36.0	161.0	163.0	163	125.0	0.0	1.0		2.0		both too long
YAR047C	I	-	321	321				0.0	621.0		621		769.0		769							
YAR050W	I	+	4614	4614	32.0	30.0	833.0	0.0	0.0		0		67.0		67							
YAR053W	I	+	297	297	28.0	108.0	604.4	1.0	84.0	173.0	173	174.0	90.0	968.0	968	969.0	1.0	1.0	89.0	878.0	both too short	both too short
YAR060C	I	-	336	336	10.0		507.6	0.0	778.0		778		567.0		567							
YAR064W	I	+	300	300	8.0	10.0	813.1	0.0	183.0		183		26.0		26							
YAR066W	I	+	612	612				0.0			0				0							
YAR068W	I	+	486	486	37.0		371.8	0.0			0				0							
YAR069C	I	-	294	294	30.0		357.4	0.0			0				0							
YAR070C	I	-	300	300	5.0	5.0	321.2	0.0			0				0							
YAR071W	I	+	1404	1404	39.0	36.0	983.7	0.0	300.0		300		51.0		51							
YAR073W	I	+	1212	1212				0.0			0	224.0			0	512.0						
YAR075W	I	+	474	474				0.0			0	1326.0			0	148.0						
YBL001C	II	-	315	315	999.0	915.0	473.6	3949.0	55.0	230.0	230	11.0	79.0	245.0	245	75.0	1.0	1.0	175.0	166.0	both too long	both too long
YBL002W	II	+	396	396	1004.0	1092.0	465.0	16563.0	112.0	702.0	702	23.0	195.0	191.0	195	192.0	1.0	0.0	590.0		both too long	
YBL003C	II	-	399	399	1896.0	3489.0	552.5	2949.0	42.0	63.0	63	27.0	175.0	495.0	495	173.0	1.0	1.0	21.0	320.0	both too long	both too long
YBL004W	II	+	7482	7482	1875.0	269.0	610.7	0.0	103.0		103		61.0		61							
YBL005W	II	+	2931	2931	196.0	189.0	708.4	6.0	55.0		55	62.0	291.0		291	285.0						
YBL006C	II	-	543	543	68.0	174.0	568.4	316.0	317.0	33.0	317	8.0	176.0	232.0	232	182.0	0.0	1.0		56.0		DRS too short
YBL006W-A	II	+	150	150	61.0	7.0	583.9	1.0		151.0	151	4.0		555.0	555	618.0						
YBL007C	II	-	3735	3735	245.0	274.0	847.0	96.0	117.0	69.0	117	52.0	88.0	164.0	164	64.0	0.0	1.0		76.0		both too long
YBL008W	II	+	2523	2523	150.0	56.0	462.8	16.0	66.0	65.0	66	55.0	81.0	103.0	103	81.0	0.0	1.0		22.0		both too long
YBL008W-A	II	+	240	240	26.0		409.7	1.0			0	51.0			0	2607.0						
YBL009W	II	+	2031	2031	39.0	87.0	1046.8	92.0	26.0	52.0	52	34.0	120.0	125.0	125	126.0	1.0	1.0	26.0	5.0	DRS too short	both too short
YBL010C	II	-	843	843	87.0	61.0	426.0	10.0	24.0	67.0	67	30.0	181.0	303.0	303	208.0	1.0	1.0	43.0	122.0	DRS too short	DRS too short
YBL011W	II	+	2280	2280	94.0	124.0	601.0	133.0	84.0	723.0	723	101.0	121.0	204.0	204	205.0	1.0	1.0	639.0	83.0	DRS too short	both too short
YBL012C	II	-	402	402				0.0			0				0							
YBL013W	II	+	1206	1206				2.0			0	66.0			0	2761.0						
YBL014C	II	-	2685	2685	65.0	60.0	718.2	18.0	34.0	28.0	34	29.0	112.0	140.0	140	141.0	0.0	1.0		28.0		both too short
YBL015W	II	+	1581	1581	143.0	110.0	643.9	147.0	77.0	168.0	168	77.0	232.0	277.0	277	282.0	1.0	1.0	91.0	45.0	both too long	both too short
YBL016W	II	+	1062	1062	88.0	111.0	732.6	4.0	66.0		66	17.0	131.0		131	135.0						
YBL017C	II	-	4740	4740	203.0	209.0	810.5	1.0	184.0		184	180.0	75.0		75	73.0						
YBL018C	II	-	477	402	131.0	180.0	437.8	122.0	44.0	32.0	44	41.0	61.0	329.0	329	36.0	0.0	1.0		268.0		both too long
YBL019W	II	+	1563	1563	159.0	85.0	526.2	13.0	32.0	69.0	69	0.0	111.0	115.0	115	112.0	1.0	1.0	37.0	4.0		DRS too short
YBL020W	II	+	1725	1725	110.0	103.0	790.5	44.0	784.0	78.0	784	82.0	88.0	79.0	88	80.0	0.0	0.0				
YBL021C	II	-	435	435	18.0	53.0	545.9	113.0		429.0	429	24.0		169.0	169	170.0						
YBL022C	II	-	3402	3402	146.0	216.0	815.5	25.0	116.0	132.0	132	127.0	85.0	75.0	85	76.0	1.0	0.0	16.0		DRS too short	
YBL023C	II	-	2607	2607	206.0	99.0	516.5	40.0	127.0	116.0	127	53.0	163.0	173.0	173	188.0	0.0	1.0		10.0		both too short
YBL024W	II	+	2055	2055	239.0	239.0	859.8	85.0	35.0	29.0	35	23.0	112.0	279.0	279	125.0	0.0	1.0		167.0		DRS too short
YBL025W	II	+	438	438	496.0	55.0	456.2	26.0	114.0	57.0	114	48.0	466.0	584.0	584	466.0	0.0	1.0		118.0		both too long
YBL026W	II	+	416	288	505.0	972.0	464.8	49.0	61.0	41.0	61	71.0	131.0	491.0	491	126.0	0.0	1.0		360.0		both too long
YBL027W	II	+	954	570	5467.0	5381.0	500.4	8809.0	0.0	18.0	18	31.0	91.0	384.0	384	84.0	1.0	1.0	18.0	293.0	both too short	both too long
YBL028C	II	-	321	321	475.0	897.0	504.8	39.0	36.0	46.0	46	47.0	86.0	296.0	296	89.0	1.0	1.0	10.0	210.0	both too short	DRS too short
YBL029C-A	II	-	285	285	159.0	301.0	435.7	61.0		1274.0	1274	4.0		129.0	129	93.0						
YBL029W	II	+	1131	1131	410.0	66.0	522.4	0.0	163.0		163		11.0		11							
YBL030C	II	-	957	957	881.0	1147.0	730.0	759.0	137.0	147.0	147	121.0	209.0	322.0	322	300.0	1.0	1.0	10.0	113.0	both too long	DRS too short
YBL031W	II	+	1017	1017	520.0	41.0	492.3	35.0	22.0	33.0	33	30.0	105.0	171.0	171	159.0	1.0	1.0	11.0	66.0	DRS too short	DRS too short
YBL032W	II	+	1146	1146	110.0	186.0	781.7	177.0	78.0	97.0	97	92.0	186.0	205.0	205	180.0	1.0	1.0	19.0	19.0	DRS too short	both too long
YBL033C	II	-	1038	1038	126.0	194.0	783.1	80.0	16.0	27.0	27	28.0	68.0	172.0	172	67.0	1.0	1.0	11.0	104.0	both too short	both too long
YBL034C	II	-	4542	4542	114.0	60.0	683.9	0.0	49.0		49		177.0		177							
YBL035C	II	-	2118	2118	82.0	40.0	746.8	67.0	66.0	92.0	92	81.0	70.0	128.0	128	46.0	1.0	1.0	26.0	58.0	DRS too short	both too long
YBL036C	II	-	774	774	236.0	435.0	663.4	137.0	61.0	1060.0	1060	8.0	148.0	136.0	148	146.0	1.0	0.0	999.0		both too long	
YBL037W	II	+	3078	3078	274.0	59.0	710.5	3.0	86.0		86	98.0	142.0		142	109.0						
YBL038W	II	+	699	699	51.0	93.0	614.9	495.0	59.0	58.0	59	63.0	64.0	175.0	175	58.0	0.0	1.0		111.0		both too long
YBL039C	II	-	1740	1740	413.0	429.0	824.6	485.0	68.0	78.0	78	54.0	102.0	262.0	262	184.0	1.0	1.0	10.0	160.0	both too long	DRS too short
YBL039C-A	II	-	84	84	82.0	214.0	1405.3	485.0	129.0	693.0	693	751.0	522.0	1139.0	1139	1143.0	1.0	1.0	564.0	617.0	both too short	both too short
YBL039W-B	II	+	180	180	239.0	143.0	441.4	23.0	271.0	293.0	293	307.0	121.0	176.0	176	135.0	1.0	1.0	22.0	55.0	both too short	DRS too short
YBL040C	II	-	757	660	649.0	623.0	561.9	7537.0	235.0	296.0	296	43.0	72.0	99.0	99	67.0	1.0	1.0	61.0	27.0	both too long	both too long
YBL041W	II	+	726	726	644.0	611.0	576.3	285.0	40.0	236.0	236	35.0	57.0	67.0	67	46.0	1.0	1.0	196.0	10.0	both too long	both too long
YBL042C	II	-	1920	1920	182.0	197.0	753.5	1267.0	47.0	58.0	58	56.0	166.0	160.0	166	51.0	1.0	0.0	11.0		DRS too short	
YBL043W	II	+	774	774	48.0	27.0	460.2	8.0	122.0	130.0	130	133.0	203.0	193.0	203	164.0	1.0	0.0	8.0		both too short	
YBL044W	II	+	369	369	11.0		357.1	0.0			0				0							
YBL045C	II	-	1374	1374	299.0	376.0	891.2	242.0	202.0	260.0	260	186.0	215.0	210.0	215	182.0	1.0	0.0	58.0		both too long	
YBL046W	II	+	1326	1326	156.0	75.0	456.0	2.0	6.0	17.0	17	0.0	112.0	187.0	187	178.0	1.0	1.0	11.0	75.0		DRS too short
YBL047C	II	-	4146	4146	161.0	336.0	816.5	3.0	165.0	128.0	165	173.0	217.0	222.0	222	144.0	0.0	1.0		5.0		both too long
YBL048W	II	+	312	312	146.0	34.0	545.0	1.0	453.0		453	618.0	26.0		26	194.0						
YBL049W	II	+	417	417	110.0		387.8	2.0			0	61.0			0	263.0						
YBL050W	II	+	995	879	302.0	346.0	734.7	199.0	68.0	76.0	76	77.0	63.0	110.0	110	67.0	1.0	1.0	8.0	47.0	both too short	DRS too short
YBL051C	II	-	2007	2007	98.0	110.0	717.4	14.0	62.0	64.0	64	63.0	145.0	448.0	448	444.0	1.0	1.0	2.0	303.0	DRS too short	DRS too short
YBL052C	II	-	2496	2496	53.0	10.0	410.0	4.0	225.0		225	267.0	80.0		80	73.0						
YBL053W	II	+	375	375	23.0	54.0	411.9	0.0	918.0		918		757.0		757							
YBL054W	II	+	1578	1578	58.0	52.0	822.2	30.0	327.0	176.0	327	115.0	150.0	192.0	192	120.0	0.0	1.0		42.0		both too long
YBL055C	II	-	1257	1257	359.0	250.0	628.7	6.0	626.0	394.0	626	60.0	95.0	95.0	95	73.0	0.0	0.0				
YBL056W	II	+	1407	1407	421.0	518.0	863.8	209.0	125.0	135.0	135	126.0	250.0	412.0	412	396.0	1.0	1.0	10.0	162.0	DRS too short	DRS too short
YBL057C	II	-	627	627	169.0	195.0	520.2	193.0	5.0	14.0	14	20.0	71.0	523.0	523	73.0	1.0	1.0	9.0	452.0	both too short	DRS too short
YBL058W	II	+	1272	1272	202.0	172.0	681.3	99.0	22.0	27.0	27	28.0	118.0	155.0	155	126.0	1.0	1.0	5.0	37.0	both too short	DRS too short
YBL059C-A	II	-	415	330	75.0	161.0	404.1	32.0	21.0	661.0	661	8.0	165.0	207.0	207	243.0	1.0	1.0	640.0	42.0	both too long	both too short
YBL059W	II	+	651	582	84.0	42.0	422.2	0.0	88.0		88		44.0		44							
YBL060W	II	+	2064	2064	83.0	52.0	569.0	20.0	51.0	230.0	230	18.0	41.0	37.0	41	38.0	1.0	0.0	179.0		both too long	
YBL061C	II	-	2091	2091	126.0	175.0	837.0	45.0	91.0	107.0	107	109.0	78.0	120.0	120	68.0	1.0	1.0	16.0	42.0	both too short	both too long
YBL062W	II	+	381	381	91.0	104.0	583.9	0.0	97.0		97		558.0		558							
YBL063W	II	+	3336	3336	106.0	46.0	607.6	2.0	8.0		8	0.0	120.0		120	78.0						
YBL064C	II	-	786	786	64.0	188.0	634.6	391.0	20.0	263.0	263	32.0	73.0	64.0	73	72.0	1.0	0.0	243.0		DRS too short	
YBL065W	II	+	345	345	89.0		670.1	0.0			0	330.0			0	2.0						
YBL066C	II	-	3447	3447	84.0	63.0	712.6	5.0	131.0		131	39.0	333.0		333	327.0						
YBL067C	II	-	2244	2244	192.0	133.0	612.6	2.0	264.0		264	277.0	119.0		119	122.0						
YBL068W	II	+	981	981	286.0	299.0	674.3	930.0	65.0	57.0	65	32.0	93.0	517.0	517	89.0	0.0	1.0		424.0		both too long
YBL068W-A	II	+	237	237	15.0	31.0	680.1	37.0		673.0	673	1134.0		197.0	197	81.0						
YBL069W	II	+	1290	1290	44.0	50.0	855.2	37.0	86.0	109.0	109	81.0	82.0	160.0	160	81.0	1.0	1.0	23.0	78.0	both too long	both too long
YBL070C	II	-	321	321	13.0		467.2	1.0			0	1294.0			0	2193.0						
YBL071C	II	-	309	309	13.0	31.0	415.2	4.0	146.0	12.0	146	50.0	21.0	366.0	366	1820.0	0.0	1.0		345.0		both too short
YBL071C-B	II	-	99	99	1553.0		684.9	5.0			0	54.0			0	1055.0						
YBL071W-A	II	+	249	249	13.0	20.0	390.8	165.0	31.0	42.0	42	35.0	249.0	519.0	519	246.0	1.0	1.0	11.0	270.0	DRS too short	both too long
YBL072C	II	-	918	603	7395.0	11323.0	672.6	413.0	23.0	24.0	24	24.0	25.0	276.0	276	120.0	1.0	1.0	1.0	251.0	both too short	DRS too short
YBL073W	II	+	312	312	1803.0		427.8	0.0			0				0							
YBL074C	II	-	1068	1068	579.0	5.0	298.6	23.0		18.0	18	1.0		288.0	288	2304.0						
YBL075C	II	-	1950	1950	32.0	39.0	697.5	23.0	447.0	535.0	535	1342.0	65.0	80.0	80	81.0	1.0	1.0	88.0	15.0	both too short	both too short
YBL076C	II	-	3219	3219	878.0	1076.0	1083.1	221.0	15.0	45.0	45	16.0	98.0	95.0	98	96.0	1.0	0.0	30.0		DRS too short	
YBL077W	II	+	432	432	659.0	807.0	598.1	0.0	0.0		0		894.0		894							
YBL078C	II	-	354	354	611.0	283.0	464.2	18.0	31.0	43.0	43	44.0	166.0	480.0	480	164.0	1.0	1.0	12.0	314.0	both too short	both too long
YBL079W	II	+	4509	4509	363.0	332.0	841.1	1.0	62.0		62	53.0	86.0		86	78.0						
YBL080C	II	-	1626	1626	45.0	36.0	694.2	66.0	53.0	52.0	53	16.0	72.0	123.0	123	105.0	0.0	1.0		51.0		DRS too short
YBL081W	II	+	1107	1107	56.0	65.0	666.5	10.0	303.0	548.0	548	314.0	81.0	136.0	136	137.0	1.0	1.0	245.0	55.0	DRS too short	both too short
YBL082C	II	-	1377	1377	37.0	27.0	955.5	127.0	49.0	45.0	49	46.0	42.0	35.0	42	54.0	0.0	0.0				
YBL083C	II	-	426	426	23.0	44.0	898.2	127.0	992.0	954.0	992	1035.0	7.0	14.0	14	16.0	0.0	1.0		7.0		both too short
YBL084C	II	-	2277	2277	88.0	56.0	650.8	0.0	109.0		109		139.0		139							
YBL085W	II	+	2943	2943	92.0	110.0	744.1	2.0	189.0	201.0	201	202.0	123.0	119.0	123	120.0	1.0	0.0	12.0		both too short	
YBL086C	II	-	1401	1401	30.0	40.0	624.5	163.0	96.0	123.0	123	106.0	49.0	59.0	59	47.0	1.0	1.0	27.0	10.0	DRS too short	both too long
YBL087C	II	-	918	414	2015.0	4055.0	477.3	3091.0	0.0	105.0	105	23.0	99.0	228.0	228	105.0	1.0	1.0	105.0	129.0	DRS too short	DRS too short
YBL088C	II	-	8364	8364	2146.0	79.0	482.4	0.0	0.0		0		89.0		89							
YBL089W	II	+	1380	1380	146.0	108.0	614.6	61.0	193.0	15.0	193	64.0	75.0	280.0	280	63.0	0.0	1.0		205.0		both too long
YBL090W	II	+	534	534	75.0	180.0	540.0	81.0	58.0	39.0	58	31.0	104.0	218.0	218	123.0	0.0	1.0		114.0		DRS too short
YBL091C	II	-	1266	1266	170.0	121.0	716.0	396.0	14.0	7.0	14	22.0	91.0	352.0	352	100.0	0.0	1.0		261.0		DRS too short
YBL091C-A	II	-	616	528	4437.0	230.0	470.5	14.0	145.0	4.0	145	13.0	135.0	242.0	242	132.0	0.0	1.0		107.0		both too long
YBL092W	II	+	726	393	4499.0	8710.0	470.5	8262.0	7.0	363.0	363	32.0	71.0	143.0	143	147.0	1.0	1.0	356.0	72.0	DRS too short	both too short
YBL093C	II	-	663	663	92.0	230.0	620.4	149.0	113.0	79.0	113	80.0	148.0	437.0	437	150.0	0.0	1.0		289.0		DRS too short
YBL094C	II	-	333	333	100.0		598.2	2.0	0.0		0	585.0	0.0		0	733.0						
YBL095W	II	+	813	813	104.0	62.0	559.5	15.0	157.0		157	16.0	120.0	251.0	251	118.0		1.0		131.0		both too long
YBL096C	II	-	309	309	41.0	45.0	394.2	2.0	783.0	559.0	783	1200.0	50.0	41.0	50	142.0	0.0	0.0				
YBL097W	II	+	2265	2265	35.0		540.8	2.0			0	58.0			0	170.0						
YBL098W	II	+	1383	1383	388.0	100.0	514.7	0.0	20.0		20		63.0		63							
YBL099W	II	+	1638	1638	588.0	923.0	913.4	1199.0	309.0	350.0	350	320.0	205.0	291.0	291	232.0	1.0	1.0	41.0	86.0	DRS too short	DRS too short
YBL100C	II	-	315	315	18.0		359.7	0.0			0				0							
YBL100W-C	II	+	120	120				2.0			0	55.0			0	140.0						
YBL101C	II	-	3354	3354	192.0	97.0	707.4	2.0	156.0	106.0	156	107.0	142.0	168.0	168	169.0	0.0	1.0		26.0		both too short
YBL102W	II	+	648	648	176.0	264.0	531.3	229.0	44.0	218.0	218	88.0	146.0	192.0	192	193.0	1.0	1.0	174.0	46.0	DRS too short	both too short
YBL103C	II	-	1461	1461	122.0	167.0	775.0	6.0	252.0	253.0	253	266.0	264.0	502.0	502	458.0	1.0	1.0	1.0	238.0	both too short	DRS too short
YBL104C	II	-	3117	3117	103.0	82.0	568.2	3.0	9.0	24.0	24	4.0	27.0	100.0	100	36.0	1.0	1.0	15.0	73.0	both too long	DRS too short
YBL105C	II	-	3456	3456	95.0	73.0	770.3	66.0	258.0	265.0	265	266.0	139.0	136.0	139	137.0	1.0	0.0	7.0		both too short	
YBL106C	II	-	3033	3033	86.0	53.0	542.5	2.0	477.0		477	52.0	70.0		70	67.0						
YBL107C	II	-	591	591	98.0	170.0	507.9	129.0	14.0		14	0.0	129.0	230.0	230	126.0		1.0		101.0		both too long
YBL107W-A	II	+	105	105	50.0		387.2	0.0			0				0							
YBL108C-A	II	-	129	129				0.0			0				0							
YBL108W	II	+	306	306				0.0			0				0							
YBL109W	II	+	336	336				0.0			0				0							
YBL111C	II	-	2103	2004	5.0	7.0	964.0	0.0			0				0							
YBL112C	II	-	318	318				0.0			0				0							
YBL113C	II	-	2379	2379	16.0	25.0	535.5	0.0	470.0		470		784.0		784							
YBL113W-A	II	+	483	483	12.0		499.2	0.0	122.0		122		889.0		889							
YBR001C	II	-	2343	2343	139.0	111.0	543.9	36.0	44.0	149.0	149	56.0	38.0	157.0	157	69.0	1.0	1.0	105.0	119.0	DRS too short	DRS too short
YBR002C	II	-	861	861	71.0	99.0	669.2	16.0	23.0	15.0	23	16.0	120.0	251.0	251	119.0	0.0	1.0		131.0		both too long
YBR003W	II	+	1422	1422	137.0	164.0	627.2	72.0	21.0	28.0	28	29.0	132.0	133.0	133	127.0	1.0	1.0	7.0	1.0	both too short	both too long
YBR004C	II	-	1302	1302	195.0	223.0	692.0	88.0	11.0	1047.0	1047	16.0	94.0	93.0	94	93.0	1.0	0.0	1036.0		DRS too short	
YBR005W	II	+	642	642	147.0	143.0	677.0	42.0	77.0	63.0	77	38.0	152.0	372.0	372	156.0	0.0	1.0		220.0		DRS too short
YBR006W	II	+	1494	1494	181.0	141.0	684.9	30.0	118.0	130.0	130	131.0	138.0	145.0	145	146.0	1.0	1.0	12.0	7.0	both too short	both too short
YBR007C	II	-	2211	2211	132.0	105.0	644.1	5.0	67.0	89.0	89	122.0	146.0	182.0	182	141.0	1.0	1.0	22.0	36.0	both too short	both too long
YBR008C	II	-	1647	1647	114.0	107.0	652.5	36.0	672.0	625.0	672	221.0	45.0	159.0	159	160.0	0.0	1.0		114.0		both too short
YBR009C	II	-	312	312	4571.0	4539.0	475.6	2294.0	31.0	524.0	524	39.0	167.0	163.0	167	168.0	1.0	0.0	493.0		DRS too short	
YBR010W	II	+	411	411	2256.0	3650.0	496.5	575.0	17.0	27.0	27	28.0	134.0	356.0	356	152.0	1.0	1.0	10.0	222.0	both too short	DRS too short
YBR011C	II	-	864	864	3011.0	1610.0	630.3	7528.0	48.0	30.0	48	31.0	114.0	219.0	219	112.0	0.0	1.0		105.0		both too long
YBR012C	II	-	420	420	7.0	3515.0	545.0	1.0	771.0	4.0	771	5.0	137.0	205.0	205	206.0	0.0	1.0		68.0		both too short
YBR013C	II	-	390	390	268.0	69.0	657.9	1.0	313.0		313	131.0	156.0		156	13.0						
YBR014C	II	-	612	612	364.0	265.0	593.7	110.0	57.0	178.0	178	96.0	112.0	123.0	123	111.0	1.0	1.0	121.0	11.0	DRS too short	both too long
YBR015C	II	-	1794	1794	283.0	392.0	881.1	131.0	84.0	408.0	408	128.0	140.0	140.0	140	119.0	1.0	0.0	324.0		DRS too short	
YBR016W	II	+	387	387	208.0	275.0	506.7	1811.0	34.0	497.0	497	30.0	111.0	212.0	212	207.0	1.0	1.0	463.0	101.0	both too long	DRS too short
YBR017C	II	-	2757	2757	272.0	203.0	724.1	48.0	41.0	68.0	68	62.0	106.0	186.0	186	102.0	1.0	1.0	27.0	80.0	DRS too short	both too long
YBR018C	II	-	1101	1101	8.0		334.2	347.0	30.0		30	20.0	96.0		96	137.0						
YBR019C	II	-	2100	2100	17.0	24.0	502.8	7307.0	683.0		683	25.0	105.0		105	110.0						
YBR020W	II	+	1587	1587	19.0	16.0	515.6	40248.0	859.0		859	58.0	45.0		45	156.0						
YBR021W	II	+	1902	1902	72.0	49.0	723.1	66.0	251.0	135.0	251	136.0	92.0	186.0	186	127.0	0.0	1.0		94.0		DRS too short
YBR022W	II	+	534	534	180.0	171.0	534.0	25.0	75.0	247.0	247	62.0	109.0	128.0	128	158.0	1.0	1.0	172.0	19.0	both too long	both too short
YBR023C	II	-	3498	3498	236.0	260.0	838.5	3.0	137.0	128.0	137	134.0	131.0	201.0	201	96.0	0.0	1.0		70.0		both too long
YBR024W	II	+	906	906	427.0	38.0	502.7	654.0	105.0	338.0	338	113.0	123.0	104.0	123	2.0	1.0	0.0	233.0		DRS too short	
YBR025C	II	-	1185	1185	996.0	1365.0	920.9	450.0	119.0	30.0	119	37.0	213.0	749.0	749	211.0	0.0	1.0		536.0		both too long
YBR026C	II	-	1143	1143	203.0	190.0	700.8	113.0	57.0	82.0	82	3.0	117.0	129.0	129	116.0	1.0	1.0	25.0	12.0	both too long	both too long
YBR027C	II	-	333	333	25.0	26.0	461.3	0.0	985.0		985		0.0		0							
YBR028C	II	-	1578	1578	130.0	48.0	568.4	17.0	88.0	59.0	88	34.0	178.0	175.0	178	176.0	0.0	0.0				
YBR029C	II	-	1374	1374	196.0	290.0	835.6	104.0	74.0	110.0	110	90.0	44.0	141.0	141	131.0	1.0	1.0	36.0	97.0	DRS too short	DRS too short
YBR030W	II	+	1659	1659	61.0	47.0	718.1	18.0	71.0	271.0	271	60.0	34.0	120.0	120	56.0	1.0	1.0	200.0	86.0	both too long	DRS too short
YBR031W	II	+	1089	1089	2884.0	4424.0	906.9	6027.0	48.0	20.0	48	16.0	75.0	196.0	196	88.0	0.0	1.0		121.0		DRS too short
YBR032W	II	+	303	303	1084.0		509.7	2.0			0	1.0			0	140.0						
YBR033W	II	+	2760	2760	629.0	45.0	340.7	6.0	684.0		684	23.0	85.0		85	83.0						
YBR034C	II	-	1047	1047	482.0	465.0	751.3	27.0	35.0	60.0	60	20.0	191.0	546.0	546	190.0	1.0	1.0	25.0	355.0	both too long	both too long
YBR035C	II	-	687	687	270.0	405.0	616.3	217.0	19.0	378.0	378	30.0	100.0	132.0	132	99.0	1.0	1.0	359.0	32.0	DRS too short	both too long
YBR036C	II	-	1233	1233	635.0	493.0	679.7	23.0	38.0	41.0	41	48.0	197.0	335.0	335	194.0	1.0	1.0	3.0	138.0	both too short	both too long
YBR037C	II	-	888	888	32.0	37.0	768.5	45.0	38.0	59.0	59	49.0	72.0	72.0	72	70.0	1.0	0.0	21.0		DRS too short	
YBR038W	II	+	2892	2892	93.0	111.0	558.2	9.0	37.0	40.0	40	37.0	187.0	189.0	189	186.0	1.0	1.0	3.0	2.0	both too long	both too long
YBR039W	II	+	936	936	374.0	492.0	817.6	39.0	80.0	90.0	90	36.0	182.0	438.0	438	178.0	1.0	1.0	10.0	256.0	both too long	both too long
YBR040W	II	+	897	897	143.0		392.9	0.0			0	46.0			0	183.0						
YBR041W	II	+	2010	2010	210.0	216.0	786.8	42.0	46.0	108.0	108	53.0	148.0	141.0	148	142.0	1.0	0.0	62.0		DRS too short	
YBR042C	II	-	1194	1194	267.0	226.0	664.0	47.0	56.0	46.0	56	36.0	65.0	136.0	136	67.0	0.0	1.0		71.0		DRS too short
YBR043C	II	-	2070	2070	112.0	130.0	615.1	11.0	138.0	148.0	148	149.0	109.0	154.0	154	128.0	1.0	1.0	10.0	45.0	both too short	DRS too short
YBR044C	II	-	1719	1719	59.0	75.0	637.2	31.0	72.0	82.0	82	31.0	51.0	75.0	75	76.0	1.0	1.0	10.0	24.0	both too long	both too short
YBR045C	II	-	1920	1920	97.0	73.0	558.1	2.0	975.0		975	108.0	141.0		141	138.0						
YBR046C	II	-	1005	1005	116.0	68.0	696.7	24.0	30.0	40.0	40	31.0	45.0	433.0	433	271.0	1.0	1.0	10.0	388.0	DRS too short	DRS too short
YBR047W	II	+	528	528	41.0	119.0	578.2	5.0	71.0	544.0	544	20.0	96.0	133.0	133	101.0	1.0	1.0	473.0	37.0	both too long	DRS too short
YBR048W	II	+	982	471	2927.0	4010.0	609.5	17498.0	0.0	14.0	14	15.0	216.0	425.0	425	225.0	1.0	1.0	14.0	209.0	both too short	DRS too short
YBR049C	II	-	2433	2433	1190.0	77.0	492.4	39.0	83.0	148.0	148	149.0	238.0	245.0	245	245.0	1.0	1.0	65.0	7.0	both too short	both too short
YBR050C	II	-	1017	1017	42.0	7.0	462.7	23.0	65.0	260.0	260	109.0	39.0	37.0	39	38.0	1.0	0.0	195.0		DRS too short	
YBR051W	II	+	351	351	75.0	13.0	512.4	0.0	844.0		844		15.0		15							
YBR052C	II	-	633	633	141.0	260.0	608.8	152.0	59.0	70.0	70	64.0	59.0	187.0	187	57.0	1.0	1.0	11.0	128.0	DRS too short	both too long
YBR053C	II	-	1077	1077	129.0	91.0	773.4	135.0	14.0	11.0	14	12.0	69.0	342.0	342	69.0	0.0	1.0		273.0		both too long
YBR054W	II	+	1035	1035	427.0	572.0	804.5	3.0	308.0	319.0	319	320.0	363.0	448.0	448	361.0	1.0	1.0	11.0	85.0	both too short	both too long
YBR055C	II	-	2700	2700	222.0	68.0	631.6	15.0	86.0	20.0	86	7.0	101.0	112.0	112	93.0	0.0	1.0		11.0		both too long
YBR056C-B	II	-	159	159	392.0		546.3	1.0			0	302.0			0	115.0						
YBR056W	II	+	1506	1506	198.0	190.0	901.8	36.0	54.0	69.0	69	12.0	44.0	48.0	48	44.0	1.0	1.0	15.0	4.0	both too long	both too long
YBR056W-A	II	+	201	201	446.0	1176.0	570.0	7.0	91.0	159.0	159	27.0	437.0	425.0	437	438.0	1.0	0.0	68.0		both too long	
YBR057C	II	-	1101	1101	520.0	121.0	588.0	42.0	99.0	111.0	111	32.0	113.0	137.0	137	104.0	1.0	1.0	12.0	24.0	both too long	both too long
YBR058C	II	-	2346	2346	266.0	71.0	552.5	5.0	11.0	73.0	73	22.0	31.0	15.0	31	18.0	1.0	0.0	62.0		DRS too short	
YBR058C-A	II	-	243	243	252.0	680.0	428.0	1171.0	213.0	58.0	213	59.0	137.0	244.0	244	171.0	0.0	1.0		107.0		DRS too short
YBR059C	II	-	3327	3327	354.0	86.0	509.9	5.0	122.0	46.0	122	150.0	84.0	98.0	98	79.0	0.0	1.0		14.0		both too long
YBR060C	II	-	1863	1863	100.0	137.0	755.9	13.0	78.0	123.0	123	87.0	58.0	62.0	62	57.0	1.0	1.0	45.0	4.0	DRS too short	both too long
YBR061C	II	-	933	933	362.0	250.0	648.4	46.0	18.0	6.0	18	7.0	159.0	611.0	611	153.0	0.0	1.0		452.0		both too long
YBR062C	II	-	625	543	146.0	280.0	541.3	29.0	576.0	72.0	576	146.0	112.0	79.0	112	102.0	0.0	0.0				
YBR063C	II	-	1215	1215	66.0	34.0	606.0	10.0	837.0	1372.0	1372	1536.0	61.0	56.0	61	57.0	1.0	0.0	535.0		both too short	
YBR064W	II	+	429	429	34.0	43.0	694.0	0.0	984.0		984		493.0		493							
YBR065C	II	-	1095	1095	51.0	12.0	510.4	10.0	55.0	34.0	55	42.0	294.0	584.0	584	1671.0	0.0	1.0		290.0		both too short
YBR066C	II	-	663	663	131.0	172.0	482.2	11.0	165.0	304.0	304	83.0	97.0	104.0	104	99.0	1.0	1.0	139.0	7.0	both too long	DRS too short
YBR067C	II	-	633	633	1353.0	1348.0	637.3	957.0	67.0	384.0	384	51.0	124.0	137.0	137	138.0	1.0	1.0	317.0	13.0	both too long	both too short
YBR068C	II	-	1830	1830	748.0	699.0	783.3	4165.0	50.0	76.0	76	39.0	222.0	218.0	222	219.0	1.0	0.0	26.0		both too long	
YBR069C	II	-	1860	1860	309.0	340.0	744.8	29.0	97.0	168.0	168	105.0	147.0	159.0	159	145.0	1.0	1.0	71.0	12.0	DRS too short	both too long
YBR070C	II	-	714	714	74.0	69.0	556.3	40.0	67.0	45.0	67	21.0	45.0	119.0	119	43.0	0.0	1.0		74.0		both too long
YBR071W	II	+	636	636	143.0	154.0	719.1	103.0	148.0	215.0	215	72.0	269.0	275.0	275	275.0	1.0	1.0	67.0	6.0	both too long	both too short
YBR072C-A	II	-	162	162	72.0		683.2	0.0			0				0							
YBR072W	II	+	645	645	83.0	180.0	660.9	80.0	150.0	181.0	181	74.0	167.0	163.0	167	164.0	1.0	0.0	31.0		both too long	
YBR073W	II	+	2877	2877	193.0	209.0	835.3	1.0	15.0		15	22.0	64.0		64	79.0						
YBR074W	II	+	2931	2931	258.0	203.0	561.0	61.0	13.0	4.0	13	5.0	46.0	114.0	114	62.0	0.0	1.0		68.0		DRS too short
YBR076C-A	II	-	267	267	90.0	156.0	495.6	27.0	727.0	52.0	727	240.0	180.0	1221.0	1221	57.0	0.0	1.0		1041.0		both too long
YBR076W	II	+	1065	1065	71.0	32.0	430.3	1.0	121.0		121	66.0	201.0		201	553.0						
YBR077C	II	-	489	489	104.0	72.0	526.8	28.0	212.0	540.0	540	40.0	220.0	216.0	220	217.0	1.0	0.0	328.0		both too long	
YBR078W	II	+	1620	1290	1794.0	2441.0	892.4	872.0	0.0	175.0	175	176.0	159.0	641.0	641	300.0	1.0	1.0	175.0	482.0	both too short	DRS too short
YBR079C	II	-	2895	2895	1126.0	368.0	503.9	300.0	13.0	24.0	24	25.0	89.0	151.0	151	89.0	1.0	1.0	11.0	62.0	both too short	both too long
YBR080C	II	-	2277	2277	193.0	282.0	819.9	88.0	13.0	35.0	35	26.0	147.0	149.0	149	128.0	1.0	1.0	22.0	2.0	DRS too short	both too long
YBR081C	II	-	3999	3999	63.0	77.0	998.3	1.0	135.0		135	153.0	76.0		76	116.0						
YBR082C	II	-	542	447	1665.0	1577.0	505.5	4238.0	107.0	38.0	107	86.0	169.0	526.0	526	167.0	0.0	1.0		357.0		both too long
YBR083W	II	+	1461	1461	85.0	90.0	751.8	4.0	41.0	221.0	221	255.0	91.0	78.0	91	125.0	1.0	0.0	180.0		both too short	
YBR084C-A	II	-	1076	570	2442.0	4334.0	520.5	1246.0	0.0	200.0	200	22.0	69.0	122.0	122	54.0	1.0	1.0	200.0	53.0	DRS too short	both too long
YBR084W	II	+	2928	2928	2532.0	598.0	596.6	158.0	38.0	61.0	61	14.0	97.0	198.0	198	92.0	1.0	1.0	23.0	101.0	both too long	both too long
YBR085C-A	II	-	258	258	2489.0	2481.0	563.2	27.0	88.0	573.0	573	29.0	361.0	376.0	376	373.0	1.0	1.0	485.0	15.0	both too long	DRS too short
YBR085W	II	+	924	924	76.0	59.0	683.2	31.0	131.0	554.0	554	109.0	84.0	161.0	161	166.0	1.0	1.0	423.0	77.0	both too long	both too short
YBR086C	II	-	2841	2841	422.0	416.0	756.5	15.0	159.0	318.0	318	291.0	124.0	124.0	124	132.0	1.0	0.0	159.0		DRS too short	
YBR087W	II	+	1065	1065	249.0	299.0	784.9	57.0	11.0	162.0	162	11.0	57.0	49.0	57	55.0	1.0	0.0	151.0		both too long	
YBR088C	II	-	777	777	273.0	123.0	552.0	184.0	49.0	42.0	49	43.0	70.0	199.0	199	41.0	0.0	1.0		129.0		both too long
YBR089C-A	II	-	684	300	125.0	108.0	484.8	257.0	27.0	47.0	47	26.0	108.0	243.0	243	157.0	1.0	1.0	20.0	135.0	both too long	DRS too short
YBR089W	II	+	600	600	275.0	130.0	531.0	1.0	306.0	154.0	306	155.0	13.0	254.0	254	255.0	0.0	1.0		241.0		both too short
YBR090C	II	-	726	369	198.0	386.0	442.0	1.0	451.0		451	2070.0	327.0		327	300.0						
YBR091C	II	-	330	330	126.0	130.0	462.9	130.0	37.0	40.0	40	41.0	92.0	185.0	185	90.0	1.0	1.0	3.0	93.0	both too short	both too long
YBR092C	II	-	1404	1404	488.0	633.0	569.1	372.0	18.0	1742.0	1742	14.0	52.0	50.0	52	51.0	1.0	0.0	1724.0		both too long	
YBR093C	II	-	1404	1404	533.0	432.0	827.8	936.0	853.0	465.0	853	35.0	59.0	55.0	59	67.0	0.0	0.0				
YBR094W	II	+	2262	2262	96.0	107.0	613.5	150.0	42.0	65.0	65	66.0	3.0	121.0	121	3.0	1.0	1.0	23.0	118.0	both too short	both too long
YBR095C	II	-	1293	1293	101.0	58.0	683.6	51.0	27.0	73.0	73	24.0	92.0	91.0	92	84.0	1.0	0.0	46.0		both too long	
YBR096W	II	+	693	693	127.0	263.0	628.3	8309.0	79.0	60.0	79	61.0	45.0	162.0	162	68.0	0.0	1.0		117.0		DRS too short
YBR097W	II	+	4365	4365	174.0	81.0	743.0	1.0	45.0		45	40.0	82.0		82	72.0						
YBR098W	II	+	2076	2076	711.0	29.0	506.7	5.0	102.0	19.0	102	19.0	161.0	151.0	161	109.0	0.0	0.0				
YBR099C	II	-	384	384	428.0	38.0	377.9	64.0	586.0		586	44.0	170.0		170	5.0						
YBR101C	II	-	873	873	1530.0	2588.0	787.8	114.0	691.0	49.0	691	50.0	37.0	840.0	840	36.0	0.0	1.0		803.0		both too long
YBR102C	II	-	2262	2262	87.0	82.0	756.2	14.0	67.0	34.0	67	64.0	105.0	133.0	133	105.0	0.0	1.0		28.0		both too long
YBR103C-A	II	-	144	144	18.0	18.0	502.6	1.0	99.0		99	427.0	401.0		401	70.0						
YBR103W	II	+	1608	1608	52.0	59.0	1041.3	21.0	153.0	212.0	212	131.0	49.0	61.0	61	48.0	1.0	1.0	59.0	12.0	both too long	both too long
YBR104W	II	+	990	990	381.0	504.0	761.6	274.0	79.0	109.0	109	88.0	83.0	468.0	468	60.0	1.0	1.0	30.0	385.0	DRS too short	both too long
YBR105C	II	-	1089	1089	202.0	71.0	567.4	32.0	58.0	135.0	135	23.0	153.0	159.0	159	122.0	1.0	1.0	77.0	6.0	both too long	both too long
YBR106W	II	+	567	567	1594.0	2093.0	624.7	423.0	56.0	5.0	56	33.0	141.0	600.0	600	140.0	0.0	1.0		459.0		both too long
YBR107C	II	-	738	738	557.0	62.0	407.3	7.0	241.0	48.0	241	49.0	305.0	565.0	565	304.0	0.0	1.0		260.0		both too long
YBR108W	II	+	2844	2844	390.0	73.0	565.3	5.0	119.0	78.0	119	15.0	184.0	196.0	196	187.0	0.0	1.0		12.0		DRS too short
YBR109C	II	-	444	444	382.0	1104.0	556.0	395.0	42.0	44.0	44	39.0	196.0	339.0	339	198.0	1.0	1.0	2.0	143.0	both too long	DRS too short
YBR109W-A	II	+	225	225	347.0		547.8	3.0		109.0	109	7.0		322.0	322	1497.0						
YBR110W	II	+	1350	1350	215.0	145.0	695.8	136.0	196.0	257.0	257	81.0	102.0	125.0	125	108.0	1.0	1.0	61.0	23.0	both too long	DRS too short
YBR111C	II	-	696	696	758.0	662.0	543.4	137.0	66.0	272.0	272	8.0	76.0	70.0	76	71.0	1.0	0.0	206.0		both too long	
YBR111W-A	II	+	441	291	333.0	470.0	510.8	42.0	33.0	33.0	33	41.0	168.0	177.0	177	167.0	0.0	1.0		9.0		both too long
YBR112C	II	-	2901	2901	261.0	223.0	634.1	4.0	84.0	174.0	174	175.0	232.0	253.0	253	228.0	1.0	1.0	90.0	21.0	both too short	both too long
YBR113W	II	+	483	483				0.0			0				0							
YBR114W	II	+	2373	2373	250.0	106.0	510.6	4.0	80.0	87.0	87	88.0	66.0	171.0	171	99.0	1.0	1.0	7.0	105.0	both too short	DRS too short
YBR115C	II	-	4179	4179	293.0	438.0	919.9	1.0	80.0	18.0	80	19.0	142.0	136.0	142	137.0	0.0	0.0				
YBR116C	II	-	528	528	8.0	9.0	523.8	0.0	929.0		929		0.0		0							
YBR117C	II	-	2046	2046	34.0	27.0	559.5	1.0	643.0		643	31.0	152.0		152	134.0						
YBR118W	II	+	1377	1377	11936.0	16663.0	973.6	14117.0	108.0	206.0	206	22.0	91.0	100.0	100	90.0	1.0	1.0	98.0	9.0	both too long	both too long
YBR119W	II	+	986	897	5017.0	116.0	448.9	37.0	309.0	64.0	309	48.0	147.0	264.0	264	120.0	0.0	1.0		117.0		both too long
YBR120C	II	-	489	489	592.0	137.0	422.0	51.0	86.0	147.0	147	70.0	67.0	243.0	243	60.0	1.0	1.0	61.0	176.0	both too long	both too long
YBR121C	II	-	2004	2004	1151.0	921.0	890.5	1705.0	127.0	198.0	198	64.0	104.0	113.0	113	136.0	1.0	1.0	71.0	9.0	both too long	both too short
YBR121C-A	II	-	159	159	187.0	830.0	1312.6	1705.0	435.0	870.0	870	947.0	997.0	1075.0	1075	1098.0	1.0	1.0	435.0	78.0	both too short	both too short
YBR122C	II	-	534	534	132.0	279.0	580.8	316.0	106.0	557.0	557	33.0	198.0	201.0	201	165.0	1.0	1.0	451.0	3.0	both too long	both too long
YBR123C	II	-	1950	1950	153.0	27.0	637.8	63.0	50.0	62.0	62	63.0	62.0	71.0	71	38.0	1.0	1.0	12.0	9.0	both too short	both too long
YBR124W	II	+	360	360	29.0		508.3	0.0			0	466.0			0	51.0						
YBR125C	II	-	1182	1182	105.0	90.0	556.5	1.0	177.0	195.0	195	196.0	139.0	137.0	139	138.0	1.0	0.0	18.0		both too short	
YBR126C	II	-	1488	1488	456.0	353.0	731.1	177.0	85.0	159.0	159	107.0	132.0	134.0	134	131.0	1.0	1.0	74.0	2.0	DRS too short	both too long
YBR126W-A	II	+	207	207	212.0	23.0	369.7	3592.0			0	23.0			0	143.0						
YBR126W-B	II	+	144	144	214.0	538.0	391.4	3592.0		13.0	13	100.0		223.0	223	129.0						
YBR127C	II	-	1554	1554	410.0	419.0	722.3	13355.0	53.0	163.0	163	31.0	175.0	165.0	175	166.0	1.0	0.0	110.0		both too long	
YBR128C	II	-	1035	1035	63.0	30.0	506.0	2.0	56.0	52.0	56	46.0	105.0	73.0	105	78.0	0.0	0.0				
YBR129C	II	-	987	987	103.0	114.0	607.8	12.0	35.0	44.0	44	45.0	91.0	159.0	159	81.0	1.0	1.0	9.0	68.0	both too short	both too long
YBR130C	II	-	1278	1278	64.0	97.0	829.4	58.0	57.0	68.0	68	60.0	95.0	112.0	112	113.0	1.0	1.0	11.0	17.0	DRS too short	both too short
YBR131C-A	II	-	90	90				0.0			0				0							
YBR131W	II	+	2115	2115	50.0	50.0	815.9	27.0	28.0	29.0	29	44.0	79.0	225.0	225	75.0	1.0	1.0	1.0	146.0	both too short	both too long
YBR132C	II	-	1791	1791	58.0	50.0	582.7	409.0	213.0	407.0	407	164.0	94.0	302.0	302	303.0	1.0	1.0	194.0	208.0	both too long	both too short
YBR133C	II	-	2484	2484	51.0	61.0	801.9	15.0	118.0	158.0	158	159.0	58.0	305.0	305	59.0	1.0	1.0	40.0	247.0	both too short	DRS too short
YBR134W	II	+	402	402	52.0		519.3	0.0			0				0							
YBR135W	II	+	453	453	46.0	154.0	487.2	291.0	85.0	102.0	102	94.0	106.0	273.0	273	106.0	1.0	1.0	17.0	167.0	DRS too short	both too long
YBR136W	II	+	7107	7107	179.0	65.0	631.3	0.0	9.0		9		200.0		200							
YBR137W	II	+	540	540	141.0	261.0	575.4	121.0	109.0	77.0	109	38.0	91.0	217.0	217	118.0	0.0	1.0		126.0		DRS too short
YBR138C	II	-	1575	1575	128.0	60.0	606.6	13.0	73.0		73	30.0	151.0		151	149.0						
YBR139W	II	+	1527	1527	142.0	176.0	703.2	131.0	3.0	5.0	5	5.0	121.0	209.0	209	170.0	1.0	1.0	2.0	88.0	both too short	DRS too short
YBR140C	II	-	9279	9279	214.0	181.0	729.5	0.0	289.0		289		102.0		102							
YBR141C	II	-	1014	1014	18.0	41.0	607.7	8.0	20.0	44.0	44	39.0	115.0	167.0	167	81.0	1.0	1.0	24.0	52.0	DRS too short	both too long
YBR141W-A	II	+	96	96	20.0		687.9	8.0		218.0	218	17.0		460.0	460	480.0						
YBR142W	II	+	2322	2322	760.0	323.0	584.3	14.0	51.0	82.0	82	67.0	171.0	204.0	204	123.0	1.0	1.0	31.0	33.0	DRS too short	both too long
YBR143C	II	-	1314	1314	1382.0	1803.0	962.2	233.0	64.0	102.0	102	28.0	139.0	203.0	203	139.0	1.0	1.0	38.0	64.0	both too long	both too long
YBR144C	II	-	315	315	44.0	12.0	392.2	0.0			0				0							
YBR145W	II	+	1056	1056	288.0	378.0	799.8	51.0	78.0	40.0	78	41.0	85.0	304.0	304	101.0	0.0	1.0		219.0		DRS too short
YBR146W	II	+	837	837	244.0	211.0	617.1	91.0	61.0	62.0	62	63.0	184.0	466.0	466	222.0	1.0	1.0	1.0	282.0	both too short	DRS too short
YBR147W	II	+	891	891	155.0	128.0	675.4	11.0	132.0	147.0	147	113.0	18.0	417.0	417	16.0	1.0	1.0	15.0	399.0	both too long	both too long
YBR148W	II	+	1830	1830	45.0	21.0	495.0	1.0	83.0		83	1364.0	87.0		87	101.0						
YBR149W	II	+	1035	1035	201.0	247.0	775.5	21.0	62.0	30.0	62	38.0	103.0	280.0	280	102.0	0.0	1.0		177.0		both too long
YBR150C	II	-	3285	3285	115.0	67.0	583.8	1.0	20.0		20	24.0	77.0		77	90.0						
YBR151W	II	+	951	951	248.0	383.0	787.3	287.0	135.0	148.0	148	146.0	134.0	227.0	227	130.0	1.0	1.0	13.0	93.0	DRS too short	both too long
YBR152W	II	+	876	876	143.0		441.9	27.0			0	68.0			0	1100.0						
YBR153W	II	+	735	735	537.0	111.0	606.7	27.0	914.0	608.0	914	1152.0	165.0	221.0	221	157.0	0.0	1.0		56.0		both too long
YBR154C	II	-	648	648	527.0	950.0	601.0	496.0	113.0	140.0	140	91.0	100.0	95.0	100	96.0	1.0	0.0	27.0		both too long	
YBR155W	II	+	1158	1158	45.0	68.0	877.3	60.0	65.0	511.0	511	76.0	83.0	89.0	89	78.0	1.0	1.0	446.0	6.0	DRS too short	both too long
YBR156C	II	-	2097	2097	62.0	15.0	494.7	21.0	42.0	77.0	77	37.0	178.0	178.0	178	177.0	1.0	0.0	35.0		both too long	
YBR157C	II	-	768	768	81.0	115.0	610.2	4.0	808.0	849.0	849	835.0	112.0	128.0	128	145.0	1.0	1.0	41.0	16.0	DRS too short	both too short
YBR158W	II	+	1650	1650	272.0	294.0	839.6	132.0	252.0	262.0	262	263.0	155.0	154.0	155	150.0	1.0	0.0	10.0		both too short	
YBR159W	II	+	1044	1044	459.0	505.0	807.1	2.0	49.0	52.0	52	53.0	32.0	165.0	165	166.0	1.0	1.0	3.0	133.0	both too short	both too short
YBR160W	II	+	897	897	250.0	143.0	609.9	64.0	111.0	146.0	146	78.0	96.0	602.0	602	94.0	1.0	1.0	35.0	506.0	both too long	both too long
YBR161W	II	+	1131	1131	584.0	68.0	505.1	4.0	338.0	228.0	338	227.0	133.0	238.0	238	175.0	0.0	1.0		105.0		DRS too short
YBR162C	II	-	1368	1368	1242.0	1469.0	796.0	546.0	224.0	237.0	237	136.0	150.0	371.0	371	150.0	1.0	1.0	13.0	221.0	both too long	both too long
YBR162W-A	II	+	198	198	315.0	843.0	330.3	393.0		370.0	370	17.0		84.0	84	85.0						
YBR163W	II	+	1758	1758	536.0	95.0	455.6	25.0	341.0	111.0	341	102.0	55.0	57.0	57	53.0	0.0	1.0		2.0		both too long
YBR164C	II	-	552	552	501.0	762.0	656.8	63.0	125.0	121.0	125	119.0	128.0	444.0	444	102.0	0.0	1.0		316.0		both too long
YBR165W	II	+	834	834	274.0	115.0	640.5	13.0	81.0	110.0	110	87.0	141.0	151.0	151	138.0	1.0	1.0	29.0	10.0	DRS too short	both too long
YBR166C	II	-	1359	1359	377.0	418.0	869.3	52.0	40.0	78.0	78	43.0	34.0	109.0	109	101.0	1.0	1.0	38.0	75.0	DRS too short	DRS too short
YBR167C	II	-	423	423	41.0	126.0	531.0	12.0		611.0	611	200.0		20.0	20	63.0						
YBR168W	II	+	1242	1242	231.0	64.0	616.0	5.0	288.0		288	127.0	156.0		156	156.0						
YBR169C	II	-	2082	2082	328.0	403.0	879.6	5.0	15.0	127.0	127	19.0	171.0	164.0	171	178.0	1.0	0.0	112.0		DRS too short	
YBR170C	II	-	1743	1743	137.0	133.0	703.6	244.0	38.0	25.0	38	50.0	136.0	286.0	286	130.0	0.0	1.0		150.0		both too long
YBR171W	II	+	621	621	200.0	385.0	537.8	1964.0	28.0	33.0	33	26.0	128.0	192.0	192	137.0	1.0	1.0	5.0	64.0	both too long	DRS too short
YBR172C	II	-	2223	2223	327.0	93.0	624.7	33.0	104.0	128.0	128	111.0	107.0	137.0	137	99.0	1.0	1.0	24.0	30.0	DRS too short	both too long
YBR173C	II	-	447	447	100.0	445.0	559.4	446.0	27.0	30.0	30	28.0	161.0	225.0	225	181.0	1.0	1.0	3.0	64.0	DRS too short	DRS too short
YBR174C	II	-	315	315	162.0	73.0	599.7	4.0	841.0	772.0	841	758.0	154.0	163.0	163	161.0	0.0	1.0		9.0		DRS too short
YBR175W	II	+	948	948	182.0	40.0	593.5	28.0	233.0	671.0	671	13.0	108.0	106.0	108	103.0	1.0	0.0	438.0		both too long	
YBR176W	II	+	939	939	135.0	59.0	606.3	13.0	106.0	115.0	115	97.0	86.0	162.0	162	29.0	1.0	1.0	9.0	76.0	both too long	both too long
YBR177C	II	-	1356	1356	165.0	220.0	815.7	528.0	61.0	45.0	61	69.0	124.0	243.0	243	127.0	0.0	1.0		119.0		DRS too short
YBR178W	II	+	375	375	21.0	5.0	461.0	2.0			0	91.0			0	128.0						
YBR179C	II	-	2568	2568	53.0	82.0	1088.7	9.0	59.0	64.0	64	65.0	57.0	75.0	75	76.0	1.0	1.0	5.0	18.0	both too short	both too short
YBR180W	II	+	1719	1719	2772.0	15.0	657.7	0.0			0				0							
YBR181C	II	-	1063	711	2866.0	5584.0	656.5	2227.0	0.0	38.0	38	29.0	84.0	235.0	235	89.0	1.0	1.0	38.0	151.0	DRS too short	DRS too short
YBR182C	II	-	1359	1359	35.0	42.0	763.7	2.0	221.0		221	172.0	287.0		287	281.0						
YBR182C-A	II	-	195	195	21.0	8.0	229.4	4.0		293.0	293	51.0		414.0	414	157.0						
YBR183W	II	+	951	951	141.0	174.0	724.6	19.0	76.0	98.0	98	97.0	49.0	125.0	125	105.0	1.0	1.0	22.0	76.0	DRS too short	DRS too short
YBR184W	II	+	1572	1572	94.0	29.0	545.2	2.0	14.0		14	0.0	92.0		92	158.0						
YBR185C	II	-	837	837	59.0	92.0	650.2	181.0	44.0	57.0	57	19.0	120.0	184.0	184	119.0	1.0	1.0	13.0	64.0	both too long	both too long
YBR186W	II	+	1808	1695	34.0	21.0	535.0	1.0	0.0		0	6.0	168.0		168	162.0						
YBR187W	II	+	843	843	302.0	101.0	589.5	207.0	121.0	974.0	974	129.0	125.0	121.0	125	160.0	1.0	0.0	853.0		DRS too short	
YBR188C	II	-	423	423	271.0	503.0	529.3	29.0	64.0	79.0	79	75.0	73.0	1163.0	1163	183.0	1.0	1.0	15.0	1090.0	DRS too short	DRS too short
YBR189W	II	+	1001	588	3128.0	4974.0	571.1	4494.0	13.0	25.0	25	26.0	59.0	406.0	406	65.0	1.0	1.0	12.0	347.0	both too short	DRS too short
YBR190W	II	+	312	312	2913.0		501.7	4.0			0	1481.0			0	1006.0						
YBR191W	II	+	871	483	1863.0	3565.0	495.6	3930.0	0.0	21.0	21	22.0	110.0	50.0	110	109.0	1.0	0.0	21.0		both too short	
YBR191W-A	II	+	75	75	1510.0	2252.0	540.0	3930.0		848.0	848	901.0		56.0	56	26.0						
YBR192W	II	+	1134	1134	1576.0	167.0	577.0	27.0	193.0	213.0	213	163.0	198.0	277.0	277	278.0	1.0	1.0	20.0	79.0	both too long	both too short
YBR193C	II	-	672	672	152.0	131.0	550.8	10.0	44.0	184.0	184	17.0	226.0	472.0	472	332.0	1.0	1.0	140.0	246.0	both too long	DRS too short
YBR194W	II	+	372	372	58.0	102.0	516.5	13.0	125.0	121.0	125	69.0	158.0	238.0	238	156.0	0.0	1.0		80.0		both too long
YBR195C	II	-	1269	1269	1017.0	46.0	472.6	25.0	79.0	67.0	79	46.0	127.0	143.0	143	124.0	0.0	1.0		16.0		both too long
YBR196C	II	-	1665	1665	2504.0	3484.0	1092.4	1307.0	66.0	93.0	93	42.0	166.0	192.0	192	164.0	1.0	1.0	27.0	26.0	both too long	both too long
YBR196C-A	II	-	150	150	38.0	21.0	385.2	59.0		413.0	413	408.0		108.0	108	89.0						
YBR196C-B	II	-	105	105	34.0	6.0	421.6	4.0			0	1266.0			0	616.0						
YBR197C	II	-	654	654	71.0	121.0	521.7	13.0	323.0	1495.0	1495	10.0	429.0	431.0	431	457.0	1.0	1.0	1172.0	2.0	both too long	both too short
YBR198C	II	-	2397	2397	108.0	74.0	684.7	165.0	72.0	85.0	85	78.0	92.0	95.0	95	84.0	1.0	1.0	13.0	3.0	DRS too short	both too long
YBR199W	II	+	1395	1395	241.0	339.0	856.8	1917.0	88.0	98.0	98	99.0	130.0	303.0	303	128.0	1.0	1.0	10.0	173.0	both too short	both too long
YBR200W	II	+	1656	1656	172.0	113.0	616.9	473.0	52.0	62.0	62	63.0	225.0	248.0	248	222.0	1.0	1.0	10.0	23.0	both too short	both too long
YBR200W-A	II	+	165	165	42.0		466.7	0.0			0				0							
YBR201C-A	II	-	204	204	132.0	13.0	490.9	7.0		721.0	721	64.0		187.0	187	231.0						
YBR201W	II	+	636	636	184.0	306.0	667.8	52.0	143.0	142.0	143	136.0	126.0	709.0	709	124.0	0.0	1.0		583.0		both too long
YBR202W	II	+	2538	2538	36.0	34.0	1009.6	49.0	49.0	95.0	95	65.0	166.0	176.0	176	177.0	1.0	1.0	46.0	10.0	DRS too short	both too short
YBR203W	II	+	2775	2775	105.0	108.0	918.9	3.0	184.0		184	212.0	135.0		135	212.0						
YBR204C	II	-	1128	1128	98.0	89.0	715.3	17.0	53.0	67.0	67	41.0	217.0	254.0	254	233.0	1.0	1.0	14.0	37.0	both too long	DRS too short
YBR205W	II	+	1215	1215	109.0	88.0	819.2	68.0	36.0		36	47.0	104.0		104	178.0						
YBR206W	II	+	324	324	82.0	155.0	821.6	68.0		963.0	963	1026.0		101.0	101	90.0						
YBR207W	II	+	1398	1398	240.0	193.0	644.0	137.0	78.0	84.0	84	52.0	113.0	194.0	194	117.0	1.0	1.0	6.0	81.0	both too long	DRS too short
YBR208C	II	-	5508	5508	253.0	170.0	648.9	0.0	0.0		0		141.0		141							
YBR209W	II	+	318	318	171.0	16.0	453.3	1.0			0	29.0			0	93.0						
YBR210W	II	+	429	429	173.0	208.0	548.5	19.0	207.0	219.0	219	89.0	127.0	11.0	127	13.0	1.0	0.0	12.0		both too long	
YBR211C	II	-	975	975	172.0	121.0	652.6	0.0	101.0		101		128.0		128							
YBR212W	II	+	2019	2019	82.0	108.0	1205.4	38.0	271.0	447.0	447	448.0	209.0	205.0	209	206.0	1.0	0.0	176.0		both too short	
YBR213W	II	+	825	825	47.0	35.0	523.8	95.0	88.0	117.0	117	70.0	198.0	195.0	198	196.0	1.0	0.0	29.0		both too long	
YBR214W	II	+	1584	1584	148.0	169.0	777.3	77.0	94.0	109.0	109	79.0	153.0	192.0	192	193.0	1.0	1.0	15.0	39.0	both too long	both too short
YBR215W	II	+	1962	1878	130.0	85.0	568.4	11.0	73.0	40.0	73	22.0	116.0	464.0	464	108.0	0.0	1.0		348.0		both too long
YBR216C	II	-	2025	2025	95.0	88.0	751.2	24.0	23.0	46.0	46	20.0	271.0	293.0	293	293.0	1.0	1.0	23.0	22.0	both too long	both too short
YBR217W	II	+	561	561	224.0	113.0	479.7	6.0	51.0	63.0	63	64.0	105.0	327.0	327	291.0	1.0	1.0	12.0	222.0	both too short	DRS too short
YBR218C	II	-	3543	3543	357.0	474.0	892.8	20.0	51.0	149.0	149	62.0	133.0	115.0	133	130.0	1.0	0.0	98.0		DRS too short	
YBR219C	II	-	805	384	27.0		587.9	2.0	955.0		955	1415.0	127.0		127	44.0						
YBR220C	II	-	1683	1683	202.0	60.0	517.4	213.0	183.0	66.0	183	67.0	145.0	260.0	260	236.0	0.0	1.0		115.0		DRS too short
YBR221C	II	-	1101	1101	520.0	675.0	965.6	785.0	220.0	217.0	220	203.0	160.0	308.0	308	240.0	0.0	1.0		148.0		DRS too short
YBR221W-A	II	+	105	105	36.0	18.0	529.7	1.0	0.0		0	1632.0	367.0		367	81.0						
YBR222C	II	-	1632	1632	77.0	100.0	935.1	338.0	32.0	51.0	51	27.0	116.0	113.0	116	114.0	1.0	0.0	19.0		both too long	
YBR223C	II	-	1635	1635	25.0	28.0	825.6	5.0	16.0	22.0	22	23.0	242.0	259.0	259	239.0	1.0	1.0	6.0	17.0	both too short	both too long
YBR223W-A	II	+	120	120	16.0	25.0	550.9	0.0	319.0		319		918.0		918							
YBR224W	II	+	516	516				0.0			0				0							
YBR225W	II	+	2703	2703	49.0	20.0	564.5	1.0	104.0		104	135.0	251.0		251	263.0						
YBR226C	II	-	411	411	25.0	40.0	594.6	0.0	651.0		651		945.0		945							
YBR227C	II	-	1563	1563	48.0	60.0	857.8	68.0	48.0	91.0	91	58.0	64.0	128.0	128	58.0	1.0	1.0	43.0	64.0	DRS too short	both too long
YBR228W	II	+	915	915	71.0	49.0	520.8	13.0	306.0		306	0.0	114.0	152.0	152	128.0		1.0		38.0		DRS too short
YBR229C	II	-	2865	2865	167.0	125.0	705.0	24.0	14.0	28.0	28	9.0	99.0	130.0	130	131.0	1.0	1.0	14.0	31.0	both too long	both too short
YBR230C	II	-	502	405	99.0	195.0	421.4	95.0	0.0	220.0	220	26.0	20.0	34.0	34	35.0	1.0	1.0	220.0	14.0	DRS too short	both too short
YBR230W-A	II	+	201	201	233.0	63.0	482.7	91.0	22.0	410.0	410	48.0	2.0	131.0	131	132.0	1.0	1.0	388.0	129.0	DRS too short	both too short
YBR231C	II	-	912	912	164.0	42.0	386.9	115.0	45.0	54.0	54	57.0	42.0	281.0	281	39.0	1.0	1.0	9.0	239.0	both too short	both too long
YBR232C	II	-	360	360				1.0			0	310.0			0	1233.0						
YBR233W	II	+	1242	1242	90.0	41.0	519.5	31.0	97.0	142.0	142	79.0	163.0	149.0	163	150.0	1.0	0.0	45.0		both too long	
YBR233W-A	II	+	285	285	140.0	198.0	499.2	70.0		42.0	42	39.0		351.0	351	195.0						
YBR234C	II	-	1155	1155	255.0	252.0	752.5	166.0	35.0	61.0	61	46.0	67.0	156.0	156	78.0	1.0	1.0	26.0	89.0	DRS too short	DRS too short
YBR235W	II	+	3363	3363	124.0	86.0	792.7	10.0	91.0	67.0	91	81.0	98.0	70.0	98	95.0	0.0	0.0				
YBR236C	II	-	1311	1311	210.0	246.0	974.0	102.0	40.0	46.0	46	38.0	119.0	224.0	224	151.0	1.0	1.0	6.0	105.0	both too long	DRS too short
YBR237W	II	+	2550	2550	57.0	55.0	594.1	3.0	43.0	52.0	52	41.0	103.0	89.0	103	93.0	1.0	0.0	9.0		both too long	
YBR238C	II	-	2196	2196	62.0	64.0	766.2	3.0	61.0	72.0	72	82.0	491.0	499.0	499	379.0	1.0	1.0	11.0	8.0	both too short	both too long
YBR239C	II	-	1590	1590	103.0	77.0	452.1	14.0	211.0	161.0	211	149.0	100.0	110.0	110	111.0	0.0	1.0		10.0		both too short
YBR240C	II	-	1353	1353	28.0	27.0	500.8	1.0	185.0		185	11.0	178.0		178	229.0						
YBR241C	II	-	1467	1467	28.0	31.0	876.5	36.0	28.0	118.0	118	29.0	57.0	156.0	156	56.0	1.0	1.0	90.0	99.0	DRS too short	both too long
YBR242W	II	+	717	717	198.0	268.0	628.1	35.0	196.0	148.0	196	38.0	69.0	260.0	260	48.0	0.0	1.0		191.0		both too long
YBR243C	II	-	1347	1347	218.0	141.0	664.4	52.0	110.0	52.0	110	44.0	71.0	592.0	592	82.0	0.0	1.0		521.0		DRS too short
YBR244W	II	+	489	489	132.0	204.0	530.4	43.0	40.0	579.0	579	36.0	127.0	85.0	127	187.0	1.0	0.0	539.0		both too long	
YBR245C	II	-	3390	3390	135.0	66.0	586.0	0.0	0.0		0		129.0		129							
YBR246W	II	+	1164	1164	115.0	127.0	716.7	29.0	32.0	57.0	57	43.0	101.0	142.0	142	140.0	1.0	1.0	25.0	41.0	DRS too short	DRS too short
YBR247C	II	-	1452	1452	175.0	113.0	676.0	1327.0	19.0	32.0	32	21.0	127.0	279.0	279	117.0	1.0	1.0	13.0	152.0	DRS too short	both too long
YBR248C	II	-	1659	1659	468.0	149.0	508.3	547.0	88.0	104.0	104	88.0	79.0	183.0	183	80.0	1.0	1.0	16.0	104.0	both too long	DRS too short
YBR249C	II	-	1113	1113	1179.0	1533.0	886.8	1080.0	125.0	112.0	125	90.0	120.0	284.0	284	117.0	0.0	1.0		164.0		both too long
YBR250W	II	+	1572	1572	44.0	32.0	507.9	1.0			0	356.0			0	138.0						
YBR251W	II	+	924	924	213.0	93.0	513.1	111.0	65.0	79.0	79	36.0	83.0	148.0	148	81.0	1.0	1.0	14.0	65.0	both too long	both too long
YBR252W	II	+	444	444	249.0	499.0	474.2	151.0	12.0	17.0	17	18.0	64.0	298.0	298	63.0	1.0	1.0	5.0	234.0	both too short	both too long
YBR253W	II	+	366	366	261.0	145.0	523.0	545.0	48.0	69.0	69	61.0	28.0	98.0	98	28.0	1.0	1.0	21.0	70.0	DRS too short	both too long
YBR254C	II	-	528	528	134.0	175.0	480.3	9.0	12.0	12.0	12	13.0	57.0	194.0	194	122.0	0.0	1.0		137.0		DRS too short
YBR255C-A	II	-	457	363	448.0	115.0	534.3	22.0	31.0	59.0	59	37.0	111.0	133.0	133	99.0	1.0	1.0	28.0	22.0	DRS too short	both too long
YBR255W	II	+	2085	2085	175.0	89.0	530.0	51.0	23.0	35.0	35	36.0	89.0	146.0	146	143.0	1.0	1.0	12.0	57.0	both too short	DRS too short
YBR256C	II	-	717	717	977.0	1338.0	679.5	4591.0	38.0	11.0	38	8.0	48.0	467.0	467	64.0	0.0	1.0		419.0		DRS too short
YBR257W	II	+	840	840	86.0	119.0	679.6	49.0	50.0	302.0	302	54.0	22.0	145.0	145	21.0	1.0	1.0	252.0	123.0	DRS too short	both too long
YBR258C	II	-	429	429	91.0	81.0	574.9	12.0	28.0	74.0	74	33.0	446.0	353.0	446	72.0	1.0	0.0	46.0		DRS too short	
YBR259W	II	+	2067	2067	124.0	68.0	689.1	20.0	39.0	59.0	59	46.0	70.0	134.0	134	63.0	1.0	1.0	20.0	64.0	DRS too short	both too long
YBR260C	II	-	2001	2001	126.0	114.0	727.1	21.0	83.0	40.0	83	9.0	131.0	131.0	131	132.0	0.0	0.0				
YBR261C	II	-	699	699	130.0	112.0	490.9	237.0	28.0	36.0	36	37.0	77.0	180.0	180	128.0	1.0	1.0	8.0	103.0	both too short	DRS too short
YBR262C	II	-	321	321	82.0	239.0	483.0	49.0		43.0	43	44.0		127.0	127	99.0						
YBR263W	II	+	1473	1473	339.0	342.0	818.6	74.0	48.0	39.0	48	40.0	64.0	182.0	182	53.0	0.0	1.0		118.0		both too long
YBR264C	II	-	600	600	123.0	54.0	506.8	28.0	25.0	441.0	441	25.0	43.0	41.0	43	37.0	1.0	0.0	416.0		both too long	
YBR265W	II	+	963	963	105.0	120.0	694.3	526.0	37.0	471.0	471	23.0	134.0	132.0	134	133.0	1.0	0.0	434.0		both too long	
YBR266C	II	-	453	453	64.0	47.0	674.1	0.0	769.0		769		101.0		101							
YBR267W	II	+	1182	1182	137.0	27.0	476.8	240.0	6.0	166.0	166	17.0	123.0	119.0	123	120.0	1.0	0.0	160.0		DRS too short	
YBR268W	II	+	318	318	168.0	333.0	444.4	1580.0	18.0	29.0	29	4.0	88.0	190.0	190	97.0	1.0	1.0	11.0	102.0	both too long	DRS too short
YBR269C	II	-	417	417	206.0	170.0	427.9	431.0	11.0	70.0	70	21.0	102.0	275.0	275	156.0	1.0	1.0	59.0	173.0	DRS too short	DRS too short
YBR270C	II	-	1638	1638	74.0	24.0	491.2	6.0	291.0		291	272.0	39.0		39	38.0						
YBR271W	II	+	1260	1260	85.0	65.0	653.9	74.0	27.0	257.0	257	26.0	101.0	92.0	101	98.0	1.0	0.0	230.0		both too long	
YBR272C	II	-	1443	1443	119.0	106.0	644.8	55.0	15.0	29.0	29	7.0	188.0	245.0	245	189.0	1.0	1.0	14.0	57.0	both too long	DRS too short
YBR273C	II	-	1311	1311	58.0	89.0	820.8	10.0	19.0	30.0	30	31.0	110.0	108.0	110	98.0	1.0	0.0	11.0		both too short	
YBR274W	II	+	1584	1584	61.0	84.0	681.5	293.0	41.0	39.0	41	50.0	39.0	247.0	247	39.0	0.0	1.0		208.0		both too long
YBR275C	II	-	5751	5751	112.0	51.0	598.7	0.0	146.0		146		134.0		134							
YBR276C	II	-	2424	2424	117.0	139.0	797.5	180.0	84.0	125.0	125	95.0	78.0	88.0	88	70.0	1.0	1.0	41.0	10.0	DRS too short	both too long
YBR277C	II	-	402	402	27.0	36.0	486.2	0.0	490.0		490		15.0		15							
YBR278W	II	+	606	606	8.0	30.0	441.6	13.0	24.0	24.0	24	18.0	93.0	196.0	196	84.0	0.0	1.0		103.0		both too long
YBR279W	II	+	1338	1338	67.0	33.0	443.6	87.0	33.0	40.0	40	28.0	120.0	157.0	157	147.0	1.0	1.0	7.0	37.0	both too long	DRS too short
YBR280C	II	-	1914	1914	123.0	87.0	629.7	19.0	17.0	2.0	17	23.0	167.0	182.0	182	183.0	0.0	1.0		15.0		both too short
YBR281C	II	-	2637	2637	103.0	157.0	867.3	9.0	40.0	17.0	40	49.0	112.0	129.0	129	130.0	0.0	1.0		17.0		both too short
YBR282W	II	+	441	441	429.0	256.0	458.0	255.0	36.0	802.0	802	38.0	92.0	82.0	92	88.0	1.0	0.0	766.0		DRS too short	
YBR283C	II	-	1473	1473	602.0	774.0	762.3	3792.0	157.0	189.0	189	144.0	165.0	242.0	242	145.0	1.0	1.0	32.0	77.0	both too long	both too long
YBR284W	II	+	2394	2394	26.0	21.0	604.0	1.0	242.0		242	12.0	176.0		176	168.0						
YBR285W	II	+	435	435	29.0	48.0	414.9	5.0	83.0	150.0	150	20.0	133.0	141.0	141	141.0	1.0	1.0	67.0	8.0	both too long	both too short
YBR286W	II	+	1614	1614	619.0	902.0	851.9	45.0	18.0	27.0	27	30.0	63.0	141.0	141	66.0	1.0	1.0	9.0	78.0	both too short	DRS too short
YBR287W	II	+	1284	1284	624.0	383.0	616.9	39.0	58.0	90.0	90	33.0	52.0	228.0	228	111.0	1.0	1.0	32.0	176.0	both too long	DRS too short
YBR288C	II	-	1452	1452	245.0	191.0	707.5	85.0	44.0	455.0	455	28.0	75.0	65.0	75	90.0	1.0	0.0	411.0		both too long	
YBR289W	II	+	2718	2718	25.0	36.0	947.7	4.0	25.0	13.0	25	14.0	60.0	51.0	60	52.0	0.0	0.0				
YBR290W	II	+	966	966	264.0	328.0	696.8	32.0	30.0	6.0	30	7.0	104.0	176.0	176	103.0	0.0	1.0		72.0		both too long
YBR291C	II	-	900	900	241.0	173.0	603.9	27.0	75.0	31.0	75	37.0	50.0	268.0	268	46.0	0.0	1.0		218.0		both too long
YBR292C	II	-	372	372	36.0	25.0	734.7	0.0	756.0		756		0.0		0							
YBR293W	II	+	1425	1425	160.0	70.0	543.8	2.0	94.0		94	353.0	201.0		201	52.0						
YBR294W	II	+	2580	2580	65.0	55.0	454.2	0.0	723.0		723		332.0		332							
YBR295W	II	+	3651	3651	111.0	75.0	618.5	2.0	98.0		98	16.0	29.0		29	21.0						
YBR296C	II	-	1725	1725	86.0	88.0	755.7	1617.0	210.0		210	66.0	164.0		164	240.0						
YBR296C-A	II	-	120	120	32.0		346.2	0.0			0				0							
YBR297W	II	+	1407	1407	104.0	121.0	633.0	187.0	39.0	52.0	52	39.0	221.0	229.0	229	242.0	1.0	1.0	13.0	8.0	both too long	both too short
YBR298C	II	-	1845	1845	78.0	97.0	641.3	36.0	411.0	238.0	411	426.0	75.0	92.0	92	93.0	0.0	1.0		17.0		both too short
YBR298C-A	II	-	222	222	17.0		398.2	0.0			0				0							
YBR299W	II	+	1755	1755	39.0	25.0	560.2	20.0	196.0	31.0	196	28.0	50.0	130.0	130	129.0	0.0	1.0		80.0		DRS too short
YBR300C	II	-	498	498	26.0	7.0	307.4	1.0		297.0	297	270.0		282.0	282	284.0						
YBR301W	II	+	363	363	29.0		300.3	1.0			0	413.0			0	49.0						
YBR302C	II	-	1140	1140	245.0	48.0	655.7	0.0	4.0		4		44.0		44							
YCL001W	III	+	567	567	281.0	369.0	607.9	91.0	66.0	107.0	107	26.0	86.0	101.0	101	81.0	1.0	1.0	41.0	15.0	both too long	both too long
YCL001W-A	III	+	462	462	97.0	11.0	413.9	2.0			0	287.0			0	737.0						
YCL001W-B	III	+	255	255	14.0	18.0	511.4	2.0			0	977.0			0	254.0						
YCL002C	III	-	868	792	412.0	490.0	618.6	291.0	893.0	24.0	893	25.0	171.0	545.0	545	153.0	0.0	1.0		374.0		both too long
YCL004W	III	+	1566	1566	174.0	38.0	714.6	15.0	69.0	148.0	148	78.0	81.0	69.0	81	77.0	1.0	0.0	79.0		DRS too short	
YCL005W	III	+	771	771	241.0	84.0	403.2	5.0	117.0	281.0	281	46.0	103.0	142.0	142	131.0	1.0	1.0	164.0	39.0	both too long	DRS too short
YCL005W-A	III	+	395	222	206.0	598.0	357.0	913.0	1.0	81.0	81	25.0	105.0	122.0	122	102.0	1.0	1.0	80.0	17.0	DRS too short	both too long
YCL007C	III	-	393	393	195.0	117.0	351.9	0.0	179.0		179	346.0	97.0		97	81.0						
YCL008C	III	-	1158	1158	262.0	86.0	442.3	30.0	7.0	52.0	52	4.0	134.0	152.0	152	132.0	1.0	1.0	45.0	18.0	both too long	both too long
YCL009C	III	-	930	930	545.0	790.0	811.0	337.0	34.0	66.0	66	15.0	142.0	147.0	147	148.0	1.0	1.0	32.0	5.0	both too long	both too short
YCL010C	III	-	780	780	261.0	103.0	510.2	77.0		17.0	17	20.0		1471.0	1471	1606.0						
YCL011C	III	-	1284	1284	429.0	489.0	772.8	439.0	618.0	970.0	970	44.0	91.0	109.0	109	110.0	1.0	1.0	352.0	18.0	both too long	both too short
YCL012C	III	-	472	405	280.0	166.0	466.7	92.0	47.0	136.0	136	34.0	134.0	154.0	154	127.0	1.0	1.0	89.0	20.0	both too long	both too long
YCL014W	III	+	4911	4911	102.0	56.0	596.2	0.0	108.0		108		110.0		110							
YCL016C	III	-	1143	1143	39.0	50.0	846.1	9.0	64.0	147.0	147	29.0	142.0	146.0	146	137.0	1.0	1.0	83.0	4.0	both too long	both too long
YCL017C	III	-	1494	1494	290.0	152.0	561.8	236.0	94.0	114.0	114	94.0	86.0	363.0	363	141.0	1.0	1.0	20.0	277.0	both too long	DRS too short
YCL018W	III	+	1095	1095	568.0	639.0	715.9	174.0		144.0	144	28.0		175.0	175	76.0						
YCL021W-A	III	+	378	378	255.0	10600.0	561.5	2.0	920.0	89.0	920	90.0	311.0	99.0	311	100.0	0.0	0.0				
YCL022C	III	-	516	516	49.0	50.0	378.6	0.0	307.0		307		774.0		774							
YCL023C	III	-	348	348				0.0			0				0							
YCL024W	III	+	3114	3114	93.0	17.0	420.9	1.0	55.0		55	82.0	97.0		97	106.0						
YCL025C	III	-	1902	1902	408.0	489.0	802.3	288.0	21.0	103.0	103	31.0	83.0	76.0	83	82.0	1.0	0.0	82.0		DRS too short	
YCL026C-A	III	-	582	582	102.0	19.0	349.6	2.0		126.0	126	77.0		211.0	211	214.0						
YCL026C-B	III	-	582	582	24.0	29.0	527.2	109.0	25.0	98.0	98	35.0	63.0	74.0	74	62.0	1.0	1.0	73.0	11.0	DRS too short	both too long
YCL027W	III	+	1539	1539	68.0	18.0	521.5	2.0	184.0		184	145.0	89.0		89	105.0						
YCL028W	III	+	1218	1218	117.0	161.0	916.7	147.0	58.0	23.0	58	32.0	70.0	381.0	381	129.0	0.0	1.0		311.0		DRS too short
YCL029C	III	-	1323	1323	101.0	69.0	540.9	68.0	77.0	98.0	98	50.0	255.0	245.0	255	246.0	1.0	0.0	21.0		both too long	
YCL030C	III	-	2400	2400	696.0	1047.0	955.8	189.0	50.0	59.0	59	60.0	91.0	154.0	154	135.0	1.0	1.0	9.0	63.0	both too short	DRS too short
YCL031C	III	-	894	894	676.0	462.0	622.8	257.0	38.0	68.0	68	33.0	104.0	118.0	118	102.0	1.0	1.0	30.0	14.0	both too long	both too long
YCL032W	III	+	1041	1041	244.0	63.0	547.6	4.0	41.0	373.0	373	30.0	103.0	99.0	103	100.0	1.0	0.0	332.0		both too long	
YCL033C	III	-	507	507	82.0	196.0	528.4	12.0	4.0	184.0	184	11.0	72.0	70.0	72	71.0	1.0	0.0	180.0		DRS too short	
YCL034W	III	+	1065	1065	350.0	39.0	466.4	10.0	39.0	49.0	49	56.0	26.0	119.0	119	72.0	1.0	1.0	10.0	93.0	both too short	DRS too short
YCL035C	III	-	333	333	313.0	879.0	469.3	660.0	62.0	114.0	114	64.0	117.0	190.0	190	94.0	1.0	1.0	52.0	73.0	DRS too short	both too long
YCL036W	III	+	1701	1701	334.0	40.0	499.8	358.0	36.0	51.0	51	0.0	102.0	138.0	138	96.0	1.0	1.0	15.0	36.0		both too long
YCL037C	III	-	1305	1305	76.0	118.0	555.4	93.0	56.0	66.0	66	67.0	289.0	675.0	675	577.0	1.0	1.0	10.0	386.0	both too short	DRS too short
YCL038C	III	-	1587	1587	133.0	53.0	633.2	77.0	83.0	100.0	100	56.0	79.0	129.0	129	78.0	1.0	1.0	17.0	50.0	both too long	both too long
YCL039W	III	+	2238	2238	239.0	150.0	594.2	71.0	16.0	33.0	33	20.0	72.0	70.0	72	42.0	1.0	0.0	17.0		DRS too short	
YCL040W	III	+	1503	1503	302.0	432.0	960.8	1483.0	47.0	50.0	50	29.0	48.0	315.0	315	178.0	1.0	1.0	3.0	267.0	both too long	DRS too short
YCL041C	III	-	495	495	10.0		391.8	0.0			0				0							
YCL042W	III	+	360	360	9.0	8.0	460.6	23.0	0.0		0	189.0	427.0		427	1575.0						
YCL043C	III	-	1569	1569	692.0	1015.0	877.7	6481.0	46.0	102.0	102	37.0	72.0	99.0	99	96.0	1.0	1.0	56.0	27.0	both too long	DRS too short
YCL044C	III	-	1254	1254	358.0	66.0	469.4	28.0	101.0	82.0	101	77.0	170.0	173.0	173	169.0	0.0	1.0		3.0		both too long
YCL045C	III	-	2283	2283	146.0	195.0	878.3	159.0	16.0	63.0	63	40.0	59.0	56.0	59	61.0	1.0	0.0	47.0		DRS too short	
YCL046W	III	+	324	324	22.0		496.0	0.0			0	1.0			0	67.0						
YCL047C	III	-	777	777	117.0	85.0	467.2	16.0	23.0	2.0	23	3.0	78.0	239.0	239	70.0	0.0	1.0		161.0		both too long
YCL048W	III	+	1392	1392	53.0	22.0	578.8	1.0			0	55.0			0	93.0						
YCL048W-A	III	+	240	240	37.0	11.0	346.1	0.0			0				0							
YCL049C	III	-	939	939	162.0	128.0	513.9	15.0	178.0	54.0	178	55.0	139.0	261.0	261	115.0	0.0	1.0		122.0		both too long
YCL050C	III	-	966	966	659.0	964.0	783.8	120.0	57.0	650.0	650	62.0	117.0	113.0	117	114.0	1.0	0.0	593.0		DRS too short	
YCL051W	III	+	1752	1752	361.0	79.0	493.0	19.0	275.0	308.0	308	280.0	113.0	116.0	116	112.0	1.0	1.0	33.0	3.0	DRS too short	both too long
YCL052C	III	-	1251	1251	188.0	200.0	672.1	13.0	32.0	368.0	368	33.0	112.0	189.0	189	170.0	1.0	1.0	336.0	77.0	DRS too short	DRS too short
YCL054W	III	+	2526	2526	137.0	119.0	566.0	150.0	15.0	42.0	42	17.0	110.0	117.0	117	104.0	1.0	1.0	27.0	7.0	DRS too short	both too long
YCL054W-A	III	+	87	87				0.0			0	194.0			0	226.0						
YCL055W	III	+	1008	1008	136.0	130.0	771.4	5.0	6.0	35.0	35	9.0	84.0	178.0	178	83.0	1.0	1.0	29.0	94.0	DRS too short	both too long
YCL056C	III	-	435	435	187.0	200.0	480.8	23.0	172.0	23.0	172	2.0	181.0	453.0	453	11.0	0.0	1.0		272.0		both too long
YCL057C-A	III	-	294	294	61.0	320.0	418.0	504.0		274.0	274	47.0		142.0	142	134.0						
YCL057W	III	+	2139	2139	258.0	186.0	742.9	68.0	3.0	7.0	7	3.0	109.0	186.0	186	106.0	1.0	1.0	4.0	77.0	both too long	both too long
YCL058C	III	-	459	459	69.0		400.7	0.0	0.0		0		0.0		0							
YCL058W-A	III	+	342	342	75.0	20.0	399.1	42.0	11.0	50.0	50	22.0	66.0	116.0	116	65.0	1.0	1.0	39.0	50.0	DRS too short	both too long
YCL059C	III	-	951	951	359.0	390.0	697.9	578.0	29.0	245.0	245	25.0	32.0	110.0	110	106.0	1.0	1.0	216.0	78.0	both too long	DRS too short
YCL061C	III	-	3291	3291	164.0	72.0	528.0	3.0	54.0		54	66.0	174.0		174	167.0						
YCL063W	III	+	1272	1272	53.0	40.0	646.4	20.0	40.0	63.0	63	40.0	148.0	149.0	149	153.0	1.0	1.0	23.0	1.0	both too long	both too short
YCL064C	III	-	1083	1083	55.0	54.0	710.9	136.0	28.0	18.0	28	19.0	95.0	517.0	517	94.0	0.0	1.0		422.0		both too long
YCL065W	III	+	369	369	41.0	8.0	635.1	0.0			0				0							
YCL066W	III	+	528	528	66.0	168.0	626.1	0.0			0				0							
YCL067C	III	-	633	633	61.0	28.0	592.9	0.0			0				0							
YCL068C	III	-	783	783	23.0		629.0	0.0			0				0							
YCL069W	III	+	1377	1377				0.0			0				0							
YCL073C	III	-	1848	1848				0.0			0				0							
YCL076W	III	+	744	744				0.0			0				0							
YCR001W	III	+	315	315	40.0	22.0	643.1	0.0			0				0							
YCR002C	III	-	969	969	480.0	376.0	614.3	49.0	44.0	54.0	54	55.0	69.0	420.0	420	65.0	1.0	1.0	10.0	351.0	both too short	both too long
YCR003W	III	+	552	552	163.0	261.0	521.3	135.0	12.0	21.0	21	22.0	107.0	179.0	179	105.0	1.0	1.0	9.0	72.0	both too short	both too long
YCR004C	III	-	744	744	451.0	290.0	613.0	355.0	188.0	199.0	199	182.0	113.0	399.0	399	185.0	1.0	1.0	11.0	286.0	both too long	DRS too short
YCR005C	III	-	1383	1383	579.0	738.0	900.1	19.0	546.0	54.0	546	57.0	104.0	279.0	279	152.0	0.0	1.0		175.0		DRS too short
YCR006C	III	-	474	474	23.0		326.0	5.0			0	389.0			0	1689.0						
YCR007C	III	-	720	720	126.0	115.0	480.4	10.0	799.0	659.0	799	494.0	82.0	164.0	164	80.0	0.0	1.0		82.0		both too long
YCR008W	III	+	1812	1812	279.0	177.0	637.8	3.0	431.0	481.0	481	443.0	267.0	257.0	267	269.0	1.0	0.0	50.0		DRS too short	
YCR009C	III	-	798	798	437.0	534.0	728.6	103.0	72.0	55.0	72	56.0	101.0	681.0	681	102.0	0.0	1.0		580.0		DRS too short
YCR010C	III	-	852	852	41.0	9.0	322.8	3.0	354.0	319.0	354	112.0	132.0	181.0	181	182.0	0.0	1.0		49.0		both too short
YCR011C	III	-	3150	3150	174.0	204.0	919.6	46.0	157.0	150.0	157	151.0	59.0	56.0	59	57.0	0.0	0.0				
YCR012W	III	+	1251	1251	4650.0	7841.0	960.6	2422.0	58.0	121.0	121	40.0	164.0	163.0	164	158.0	1.0	0.0	63.0		both too long	
YCR013C	III	-	648	648	4311.0	2916.0	995.3	1.0	130.0		130	3497.0	96.0		96	684.0						
YCR014C	III	-	1749	1749	1849.0	58.0	536.9	1.0	870.0		870	1613.0	21.0		21	1467.0						
YCR015C	III	-	954	954	442.0	433.0	373.6	8.0	24.0	314.0	314	24.0	80.0	73.0	80	81.0	1.0	0.0	290.0		both too long	
YCR016W	III	+	873	873	205.0	194.0	470.4	149.0	31.0	25.0	31	26.0	160.0	289.0	289	169.0	0.0	1.0		129.0		DRS too short
YCR017C	III	-	2862	2862	417.0	173.0	530.3	113.0	21.0	68.0	68	29.0	188.0	189.0	189	190.0	1.0	1.0	47.0	1.0	DRS too short	both too short
YCR018C	III	-	666	666	255.0	452.0	531.3	0.0	0.0		0		151.0		151							
YCR018C-A	III	-	255	255	17.0	37.0	472.7	0.0	37.0		37		0.0		0							
YCR019W	III	+	1092	1092	44.0	27.0	440.0	67.0	136.0	278.0	278	148.0	116.0	113.0	116	114.0	1.0	0.0	142.0		DRS too short	
YCR020C	III	-	648	648	146.0	59.0	454.5	8.0		397.0	397	455.0		94.0	94	77.0						
YCR020C-A	III	-	267	267	210.0	368.0	482.8	277.0	22.0	17.0	22	18.0	158.0	416.0	416	163.0	0.0	1.0		258.0		DRS too short
YCR020W-B	III	+	237	237	517.0	259.0	453.5	18.0		57.0	57	32.0		515.0	515	486.0						
YCR021C	III	-	999	999	1382.0	1583.0	928.2	35.0	105.0	112.0	112	113.0	121.0	178.0	178	179.0	1.0	1.0	7.0	57.0	both too short	both too short
YCR022C	III	-	345	345	63.0	7.0	358.7	2.0		263.0	263	264.0		279.0	279	280.0						
YCR023C	III	-	1836	1836	188.0	220.0	658.4	394.0	87.0	76.0	87	77.0	243.0	343.0	343	241.0	0.0	1.0		100.0		both too long
YCR024C	III	-	1479	1479	850.0	35.0	464.6	64.0	65.0	155.0	155	19.0	116.0	117.0	117	142.0	1.0	1.0	90.0	1.0	both too long	both too short
YCR024C-A	III	-	123	123	884.0	50.0	484.8	237.0		207.0	207	149.0		314.0	314	536.0						
YCR024C-B	III	-	267	267	841.0	2645.0	477.9	237.0		197.0	197	351.0		198.0	198	190.0						
YCR025C	III	-	411	411	199.0	46.0	590.4	2.0		621.0	621	622.0		23.0	23	24.0						
YCR026C	III	-	2229	2229	65.0	63.0	750.9	20.0	257.0	73.0	257	74.0	218.0	239.0	239	215.0	0.0	1.0		21.0		both too long
YCR027C	III	-	630	630	187.0	91.0	495.1	13.0	176.0	190.0	190	175.0	77.0	634.0	634	638.0	1.0	1.0	14.0	557.0	both too long	both too short
YCR028C	III	-	1539	1539	537.0	97.0	534.5	70.0	103.0	117.0	117	118.0	193.0	800.0	800	258.0	1.0	1.0	14.0	607.0	both too short	DRS too short
YCR028C-A	III	-	491	408	1420.0	1945.0	592.7	1622.0	77.0	60.0	77	61.0	189.0	291.0	291	192.0	0.0	1.0		102.0		DRS too short
YCR030C	III	-	2613	2613	300.0	247.0	561.9	65.0	87.0	959.0	959	85.0	173.0	370.0	370	173.0	1.0	1.0	872.0	197.0	both too long	both too long
YCR031C	III	-	721	414	5674.0	5607.0	455.2	32058.0	0.0	27.0	27	21.0	112.0	918.0	918	101.0	1.0	1.0	27.0	806.0	DRS too short	both too long
YCR032W	III	+	6504	6504	105.0	95.0	775.0	0.0	116.0		116		82.0		82							
YCR033W	III	+	3681	3681	62.0	61.0	667.2	0.0	214.0		214		171.0		171							
YCR034W	III	+	1044	1044	486.0	692.0	709.9	245.0	39.0	53.0	53	26.0	162.0	322.0	322	168.0	1.0	1.0	14.0	160.0	both too long	DRS too short
YCR035C	III	-	1185	1185	391.0	170.0	568.3	26.0	20.0	322.0	322	18.0	151.0	127.0	151	145.0	1.0	0.0	302.0		both too long	
YCR036W	III	+	1002	1002	187.0	266.0	771.4	94.0	32.0	43.0	43	4.0	88.0	184.0	184	83.0	1.0	1.0	11.0	96.0	both too long	both too long
YCR037C	III	-	2772	2772	154.0	59.0	653.2	2.0	32.0		32	34.0	103.0		103	97.0						
YCR038C	III	-	1929	1929	116.0	66.0	682.9	1.0	18.0		18	1698.0	108.0		108	271.0						
YCR038W-A	III	+	126	126	72.0		609.2	0.0			0				0							
YCR039C	III	-	633	633	132.0	348.0	614.5	1.0	0.0		0	1069.0	41.0		41	2196.0						
YCR040W	III	+	528	528	154.0	146.0	607.4	0.0			0				0							
YCR041W	III	+	333	333	103.0	92.0	628.6	0.0	2.0		2		224.0		224							
YCR042C	III	-	4224	4224	179.0	95.0	710.4	0.0	77.0		77		84.0		84							
YCR043C	III	-	384	384	241.0	469.0	530.5	31.0	48.0	32.0	48	33.0	168.0	239.0	239	166.0	0.0	1.0		71.0		both too long
YCR044C	III	-	1074	1074	309.0	117.0	615.9	21.0	11.0	17.0	17	7.0	48.0	161.0	161	87.0	1.0	1.0	6.0	113.0	both too long	DRS too short
YCR045C	III	-	1476	1476	45.0	17.0	614.8	2.0	362.0		362	162.0	162.0		162	62.0						
YCR045W-A	III	+	351	351	13.0	13.0	404.5	67.0	608.0	622.0	622	617.0	621.0	813.0	813	687.0	1.0	1.0	14.0	192.0	DRS too short	DRS too short
YCR046C	III	-	510	510	44.0	96.0	497.5	679.0	51.0	225.0	225	6.0	110.0	103.0	110	104.0	1.0	0.0	174.0		both too long	
YCR047C	III	-	828	828	43.0	17.0	492.5	68.0	79.0	126.0	126	66.0	184.0	200.0	200	201.0	1.0	1.0	47.0	16.0	both too long	both too short
YCR047W-A	III	+	207	207	12.0	14.0	414.2	0.0	782.0		782		93.0		93							
YCR048W	III	+	1833	1833	57.0	63.0	855.0	5.0	40.0	53.0	53	25.0	183.0	214.0	214	195.0	1.0	1.0	13.0	31.0	both too long	DRS too short
YCR049C	III	-	447	447				0.0			0				0							
YCR050C	III	-	309	309	36.0	33.0	569.7	0.0	196.0		196	100.0	752.0		752	77.0						
YCR051W	III	+	669	669	65.0	97.0	482.0	2993.0	111.0	8.0	111	24.0	136.0	258.0	258	132.0	0.0	1.0		122.0		both too long
YCR052W	III	+	1452	1452	136.0	138.0	616.0	210.0	23.0	113.0	113	33.0	186.0	226.0	226	210.0	1.0	1.0	90.0	40.0	DRS too short	DRS too short
YCR053W	III	+	1545	1545	699.0	929.0	923.7	1009.0	93.0	126.0	126	41.0	81.0	151.0	151	77.0	1.0	1.0	33.0	70.0	both too long	both too long
YCR054C	III	-	1692	1692	411.0	119.0	461.7	10.0	98.0	49.0	98	50.0	143.0	228.0	228	180.0	0.0	1.0		85.0		DRS too short
YCR057C	III	-	2772	2772	72.0	53.0	736.7	206.0	59.0	94.0	94	62.0	115.0	112.0	115	113.0	1.0	0.0	35.0		DRS too short	
YCR059C	III	-	777	777	197.0	119.0	508.6	180.0	26.0	19.0	26	14.0	168.0	248.0	248	181.0	0.0	1.0		80.0		DRS too short
YCR060W	III	+	336	336	170.0	298.0	457.7	1.0	44.0	24.0	44	25.0	39.0	122.0	122	123.0	0.0	1.0		83.0		both too short
YCR061W	III	+	1896	1896	63.0	71.0	633.4	213.0	526.0	65.0	526	25.0	198.0	356.0	356	358.0	0.0	1.0		158.0		both too short
YCR063W	III	+	474	474	16.0	18.0	453.0	210.0		118.0	118	22.0		480.0	480	481.0						
YCR064C	III	-	411	411	20.0		422.0	3.0		1.0	1	4.0		29.0	29	4.0						
YCR065W	III	+	1695	1695	49.0	73.0	581.2	27.0	32.0	224.0	224	183.0	1.0	325.0	325	326.0	1.0	1.0	192.0	324.0	DRS too short	both too short
YCR066W	III	+	1464	1464	95.0	58.0	478.1	18.0	39.0	49.0	49	50.0	102.0	181.0	181	165.0	1.0	1.0	10.0	79.0	both too short	DRS too short
YCR067C	III	-	3198	3198	83.0	85.0	875.7	20.0	114.0	118.0	118	119.0	79.0	90.0	90	76.0	1.0	1.0	4.0	11.0	both too short	both too long
YCR068W	III	+	1563	1563	12.0		740.8	18.0	134.0		134	122.0	50.0		50	1356.0						
YCR069W	III	+	957	957	156.0	129.0	673.4	230.0	715.0	1197.0	1197	147.0	81.0	120.0	120	121.0	1.0	1.0	482.0	39.0	both too long	both too short
YCR071C	III	-	441	441	104.0	191.0	506.7	76.0	37.0	13.0	37	45.0	72.0	252.0	252	79.0	0.0	1.0		180.0		DRS too short
YCR072C	III	-	1548	1548	146.0	56.0	550.4	121.0	19.0	41.0	41	34.0	73.0	121.0	121	104.0	1.0	1.0	22.0	48.0	DRS too short	DRS too short
YCR073C	III	-	3996	3996	68.0	98.0	793.0	6.0	55.0		55	65.0	74.0		74	72.0						
YCR073W-A	III	+	948	948	68.0	100.0	759.2	9.0	13.0	22.0	22	18.0	14.0	123.0	123	114.0	1.0	1.0	9.0	109.0	DRS too short	DRS too short
YCR075C	III	-	783	783	104.0	24.0	481.6	2.0	19.0	21.0	21	10.0	146.0	143.0	146	144.0	1.0	0.0	2.0		both too long	
YCR075W-A	III	+	228	228	68.0	138.0	471.6	42.0	23.0	240.0	240	9.0	83.0	79.0	83	80.0	1.0	0.0	217.0		both too long	
YCR076C	III	-	753	753	157.0	53.0	474.1	79.0	13.0	21.0	21	17.0	106.0	222.0	222	105.0	1.0	1.0	8.0	116.0	DRS too short	both too long
YCR077C	III	-	2391	2391	127.0	210.0	924.9	35.0	32.0	41.0	41	42.0	126.0	194.0	194	138.0	1.0	1.0	9.0	68.0	both too short	DRS too short
YCR079W	III	+	1329	1329	47.0	63.0	1002.0	74.0	36.0	57.0	57	27.0	109.0	125.0	125	126.0	1.0	1.0	21.0	16.0	both too long	both too short
YCR081C-A	III	-	237	237	176.0	376.0	528.1	0.0	769.0		769	7.0	526.0		526	130.0						
YCR081W	III	+	4284	4284	165.0	112.0	592.3	0.0	11.0		11		719.0		719							
YCR082W	III	+	387	387	202.0	89.0	474.4	86.0	841.0	1213.0	1213	30.0	94.0	106.0	106	107.0	1.0	1.0	372.0	12.0	both too long	both too short
YCR083W	III	+	384	384	227.0	175.0	494.1	20.0	24.0	34.0	34	35.0	25.0	137.0	137	123.0	1.0	1.0	10.0	112.0	both too short	DRS too short
YCR084C	III	-	2142	2142	160.0	156.0	742.5	14.0	225.0	226.0	226	227.0	311.0	153.0	311	76.0	1.0	0.0	1.0		both too short	
YCR085W	III	+	354	354	19.0	10.0	371.6	0.0			0				0							
YCR086W	III	+	573	573	59.0	33.0	486.0	100.0	98.0	262.0	262	63.0	52.0	46.0	52	53.0	1.0	0.0	164.0		both too long	
YCR087C-A	III	-	462	462	68.0	84.0	504.4	322.0	392.0	417.0	417	36.0	61.0	62.0	62	63.0	1.0	1.0	25.0	1.0	both too long	both too short
YCR087W	III	+	516	516	68.0	92.0	463.7	1.0	49.0		49	634.0	2.0		2	530.0						
YCR088W	III	+	1779	1779	89.0	132.0	675.2	1020.0	28.0	415.0	415	46.0	81.0	132.0	132	133.0	1.0	1.0	387.0	51.0	DRS too short	both too short
YCR089W	III	+	4830	4830	329.0	22.0	542.8	0.0	284.0		284		65.0		65							
YCR090C	III	-	549	549	298.0	557.0	545.9	555.0	35.0	418.0	418	37.0	74.0	66.0	74	70.0	1.0	0.0	383.0		DRS too short	
YCR091W	III	+	2163	2163	26.0	18.0	735.8	4.0	47.0	73.0	73	63.0	139.0	163.0	163	458.0	1.0	1.0	26.0	24.0	DRS too short	both too short
YCR092C	III	-	3057	3057	50.0	55.0	701.2	3.0	31.0	45.0	45	36.0	157.0	159.0	159	155.0	1.0	1.0	14.0	2.0	DRS too short	both too long
YCR093W	III	+	6327	6327	124.0	154.0	1038.7	0.0	17.0		17		117.0		117							
YCR094W	III	+	1176	1176	134.0	117.0	628.9	352.0	51.0	33.0	51	63.0	265.0	511.0	511	274.0	0.0	1.0		246.0		DRS too short
YCR095C	III	-	1089	1089	153.0	143.0	805.4	34.0	44.0	56.0	56	38.0	54.0	94.0	94	56.0	1.0	1.0	12.0	40.0	both too long	DRS too short
YCR095W-A	III	+	159	159	21.0	32.0	755.1	13.0		162.0	162	161.0		1406.0	1406	1407.0						
YCR096C	III	-	360	360	10.0		490.4	0.0			0				0							
YCR097W	III	+	487	381	22.0		609.7	10.0	25.0	43.0	43	12.0	28.0	18.0	28	25.0	1.0	0.0	18.0		both too long	
YCR097W-A	III	+	267	267				0.0			0				0							
YCR098C	III	-	1557	1557	181.0	160.0	752.0	169.0		237.0	237	59.0		240.0	240	258.0						
YCR099C	III	-	468	468	89.0	101.0	479.4	29.0	948.0		948	505.0	242.0		242	263.0						
YCR100C	III	-	951	951	81.0	35.0	821.1	4.0	766.0		766	796.0	675.0		675	705.0						
YCR101C	III	-	549	549				3.0			0	4.0			0	1916.0						
YCR102C	III	-	1107	1107	56.0	53.0	646.2	9.0	185.0	69.0	185	70.0	63.0	270.0	270	271.0	0.0	1.0		207.0		both too short
YCR102W-A	III	+	198	198	5.0		663.4	1.0			0	779.0			0	1379.0						
YCR104W	III	+	375	375	8.0		527.2	1.0			0	1845.0			0	136.0						
YCR105W	III	+	1086	1086	43.0	43.0	499.2	0.0	829.0		829		54.0		54							
YCR106W	III	+	2499	2499	29.0	23.0	741.0	2.0			0	30.0			0	1850.0						
YCR107W	III	+	1092	1092	78.0	92.0	697.8	3.0	408.0		408	864.0	127.0		127	258.0						
YCR108C	III	-	192	192	7.0		262.9	0.0			0				0							
YDL001W	IV	+	1293	1293	133.0	131.0	756.9	14.0	68.0	73.0	73	78.0	120.0	133.0	133	116.0	1.0	1.0	5.0	13.0	both too short	both too long
YDL002C	IV	-	612	612	205.0	274.0	610.9	73.0	97.0	66.0	97	85.0	287.0	530.0	530	285.0	0.0	1.0		243.0		both too long
YDL003W	IV	+	1701	1701	162.0	82.0	550.7	4.0	112.0	126.0	126	127.0	131.0	123.0	131	115.0	1.0	0.0	14.0		both too short	
YDL004W	IV	+	483	483	1136.0	1139.0	552.1	1459.0	49.0	53.0	53	43.0	229.0	388.0	388	198.0	1.0	1.0	4.0	159.0	both too long	both too long
YDL005C	IV	-	1296	1296	106.0	119.0	726.3	7.0	40.0	58.0	58	24.0	182.0	222.0	222	209.0	1.0	1.0	18.0	40.0	both too long	DRS too short
YDL006W	IV	+	846	846	255.0	152.0	591.0	22.0	373.0	339.0	373	140.0	114.0	228.0	228	116.0	0.0	1.0		114.0		DRS too short
YDL007C-A	IV	-	258	258	8.0		529.2	0.0			0				0							
YDL007W	IV	+	1314	1314	325.0	411.0	893.5	224.0	31.0	46.0	46	33.0	74.0	143.0	143	73.0	1.0	1.0	15.0	69.0	DRS too short	both too long
YDL008W	IV	+	498	498	153.0	271.0	527.2	31.0	19.0	68.0	68	30.0	100.0	141.0	141	114.0	1.0	1.0	49.0	41.0	DRS too short	DRS too short
YDL009C	IV	-	324	324	169.0	39.0	554.1	1.0	53.0		53	91.0	332.0		332	28.0						
YDL010W	IV	+	696	696	77.0	127.0	611.7	26.0	32.0	27.0	32	28.0	162.0	408.0	408	258.0	0.0	1.0		246.0		DRS too short
YDL011C	IV	-	324	324	50.0		634.4	0.0			0				0							
YDL012C	IV	-	410	324	184.0	276.0	485.6	249.0	257.0	554.0	554	17.0	174.0	163.0	174	151.0	1.0	0.0	297.0		both too long	
YDL013W	IV	+	1860	1860	539.0	66.0	379.3	38.0	149.0	160.0	160	135.0	102.0	113.0	113	114.0	1.0	1.0	11.0	11.0	both too long	both too short
YDL014W	IV	+	984	984	1172.0	1548.0	724.1	2749.0	138.0	148.0	148	143.0	169.0	258.0	258	165.0	1.0	1.0	10.0	89.0	DRS too short	both too long
YDL015C	IV	-	933	933	554.0	618.0	919.7	79.0	42.0	65.0	65	53.0	232.0	243.0	243	244.0	1.0	1.0	23.0	11.0	DRS too short	both too short
YDL016C	IV	-	303	303	283.0	450.0	693.0	0.0	965.0		965		878.0		878							
YDL017W	IV	+	1524	1524	252.0	21.0	563.6	5.0	95.0	16.0	95	34.0	117.0	113.0	117	128.0	0.0	0.0				
YDL018C	IV	-	678	678	158.0	154.0	619.1	223.0	60.0	72.0	72	60.0	48.0	272.0	272	89.0	1.0	1.0	12.0	224.0	both too long	DRS too short
YDL019C	IV	-	3852	3852	145.0	98.0	501.2	3.0	200.0	106.0	200	213.0	91.0	151.0	151	90.0	0.0	1.0		60.0		both too long
YDL020C	IV	-	1596	1596	372.0	576.0	639.0	15.0	213.0	243.0	243	244.0	127.0	159.0	159	143.0	1.0	1.0	30.0	32.0	both too short	DRS too short
YDL021W	IV	+	936	936	221.0	41.0	443.5	35.0	63.0	69.0	69	24.0	77.0	185.0	185	75.0	1.0	1.0	6.0	108.0	both too long	both too long
YDL022C-A	IV	-	249	249				0.0			0				0							
YDL022W	IV	+	1176	1176	189.0	203.0	771.6	86.0	62.0	142.0	142	65.0	190.0	228.0	228	156.0	1.0	1.0	80.0	38.0	DRS too short	both too long
YDL023C	IV	-	321	321	33.0	29.0	1243.1	1.0	964.0		964	1038.0	26.0		26	70.0						
YDL024C	IV	-	1407	1407	34.0	11.0	367.1	3.0	279.0	10.0	279	11.0	267.0	251.0	267	252.0	0.0	0.0				
YDL025C	IV	-	1863	1863	81.0	175.0	868.4	52.0	199.0	866.0	866	196.0	131.0	181.0	181	107.0	1.0	1.0	667.0	50.0	both too long	both too long
YDL025W-A	IV	+	105	105	44.0	21.0	746.0	2.0	206.0		206	120.0	278.0		278	1892.0						
YDL026W	IV	+	312	312	39.0		526.1	1.0		251.0	251	252.0		176.0	176	177.0						
YDL027C	IV	-	1263	1263	128.0	148.0	689.5	49.0	42.0	45.0	45	46.0	102.0	196.0	196	93.0	1.0	1.0	3.0	94.0	both too short	both too long
YDL028C	IV	-	2295	2295	226.0	62.0	518.3	16.0	98.0	175.0	175	176.0	157.0	159.0	159	154.0	1.0	1.0	77.0	2.0	both too short	both too long
YDL029W	IV	+	1299	1176	280.0	367.0	782.2	194.0	0.0	22.0	22	20.0	134.0	343.0	343	127.0	1.0	1.0	22.0	209.0	DRS too short	both too long
YDL030W	IV	+	1593	1593	122.0	74.0	501.9	52.0	66.0	143.0	143	79.0	83.0	90.0	90	91.0	1.0	1.0	77.0	7.0	DRS too short	both too short
YDL031W	IV	+	2988	2988	130.0	211.0	844.1	107.0	42.0	55.0	55	52.0	92.0	136.0	136	76.0	1.0	1.0	13.0	44.0	DRS too short	both too long
YDL032W	IV	+	312	312	6.0		570.3	0.0			0	91.0			0	260.0						
YDL033C	IV	-	1254	1254	18.0	32.0	808.9	10.0	35.0	38.0	38	39.0	198.0	254.0	254	253.0	1.0	1.0	3.0	56.0	both too short	DRS too short
YDL034W	IV	+	345	345	13.0		418.5	0.0			0				0							
YDL035C	IV	-	2886	2886	108.0	142.0	956.4	2.0	225.0	283.0	283	284.0	143.0	130.0	143	131.0	1.0	0.0	58.0		both too short	
YDL036C	IV	-	1389	1389	185.0	132.0	506.3	15.0	200.0	17.0	200	9.0	132.0	225.0	225	145.0	0.0	1.0		93.0		DRS too short
YDL037C	IV	-	987	987	26.0		450.0	1.0			0	187.0			0	2730.0						
YDL039C	IV	-	2097	2097	108.0	145.0	1109.1	1.0	991.0		991	1693.0	101.0		101	114.0						
YDL040C	IV	-	2565	2565	196.0	223.0	935.7	94.0	15.0	68.0	68	30.0	113.0	111.0	113	112.0	1.0	0.0	53.0		DRS too short	
YDL041W	IV	+	354	354	43.0	21.0	362.2	4.0		33.0	33	34.0		419.0	419	420.0						
YDL042C	IV	-	1689	1689	83.0	56.0	591.2	21.0	48.0	82.0	82	56.0	115.0	119.0	119	120.0	1.0	1.0	34.0	4.0	DRS too short	both too short
YDL043C	IV	-	801	801	94.0	89.0	745.1	30.0	42.0	14.0	42	38.0	311.0	443.0	443	310.0	0.0	1.0		132.0		both too long
YDL044C	IV	-	1323	1323	65.0	60.0	562.3	38.0	179.0	550.0	550	25.0	74.0	75.0	75	76.0	1.0	1.0	371.0	1.0	both too long	both too short
YDL045C	IV	-	921	921	183.0	130.0	611.8	48.0	136.0	184.0	184	110.0	128.0	126.0	128	127.0	1.0	0.0	48.0		both too long	
YDL045W-A	IV	+	288	288	217.0	209.0	524.4	207.0	43.0	219.0	219	24.0	127.0	114.0	127	121.0	1.0	0.0	176.0		both too long	
YDL046W	IV	+	522	522	290.0	310.0	600.9	253.0	84.0	45.0	84	40.0	273.0	377.0	377	277.0	0.0	1.0		104.0		DRS too short
YDL047W	IV	+	936	936	133.0	156.0	887.0	1.0	230.0	150.0	230	143.0	278.0	242.0	278	64.0	0.0	0.0				
YDL048C	IV	-	1473	1473	296.0	284.0	650.3	97.0	39.0	49.0	49	50.0	89.0	137.0	137	86.0	1.0	1.0	10.0	48.0	both too short	both too long
YDL049C	IV	-	807	807	206.0	95.0	478.3	14.0		169.0	169	99.0		258.0	258	266.0						
YDL050C	IV	-	372	372	297.0	194.0	682.0	0.0	89.0		89		318.0		318							
YDL051W	IV	+	828	828	305.0	545.0	653.2	97.0	33.0	105.0	105	23.0	109.0	261.0	261	97.0	1.0	1.0	72.0	152.0	both too long	both too long
YDL052C	IV	-	912	912	135.0	150.0	766.1	590.0	52.0	51.0	52	52.0	82.0	280.0	280	77.0	0.0	1.0		198.0		both too long
YDL053C	IV	-	558	558	213.0	267.0	612.6	72.0	187.0	212.0	212	198.0	178.0	189.0	189	190.0	1.0	1.0	25.0	11.0	DRS too short	both too short
YDL054C	IV	-	1461	1461	386.0	212.0	455.5	32.0	75.0	121.0	121	89.0	78.0	86.0	86	79.0	1.0	1.0	46.0	8.0	DRS too short	DRS too short
YDL055C	IV	-	1086	1086	2969.0	4062.0	1003.1	642.0	151.0	148.0	151	149.0	147.0	317.0	317	147.0	0.0	1.0		170.0		both too long
YDL056W	IV	+	2502	2502	1201.0	83.0	504.1	1.0	86.0		86	71.0	77.0		77	61.0						
YDL057W	IV	+	987	987	43.0	57.0	590.0	12.0	23.0	52.0	52	35.0	42.0	212.0	212	41.0	1.0	1.0	29.0	170.0	DRS too short	both too long
YDL058W	IV	+	5373	5373	29.0	37.0	860.7	0.0	404.0		404		137.0		137							
YDL059C	IV	-	717	717	135.0	69.0	462.2	1.0	132.0	107.0	132	108.0	229.0	259.0	259	260.0	0.0	1.0		30.0		both too short
YDL060W	IV	+	2367	2367	213.0	265.0	628.6	0.0	9.0		9		19.0		19							
YDL061C	IV	-	592	171	1998.0	6057.0	372.6	4173.0		55.0	55	32.0		324.0	324	167.0						
YDL062W	IV	+	426	426	2092.0		367.6	0.0			0				0							
YDL063C	IV	-	1863	1863	2207.0	243.0	399.5	34.0	221.0	67.0	221	87.0	69.0	244.0	244	144.0	0.0	1.0		175.0		DRS too short
YDL064W	IV	+	584	474	167.0	238.0	518.5	181.0	0.0	823.0	823	40.0	122.0	91.0	122	100.0	1.0	0.0	823.0		DRS too short	
YDL065C	IV	-	1029	1029	277.0	71.0	549.1	53.0	12.0	96.0	96	19.0	24.0	114.0	114	24.0	1.0	1.0	84.0	90.0	DRS too short	both too long
YDL066W	IV	+	1287	1287	536.0	418.0	601.3	436.0	165.0	16.0	165	17.0	91.0	499.0	499	141.0	0.0	1.0		408.0		DRS too short
YDL067C	IV	-	180	180	233.0	906.0	412.3	542.0		280.0	280	46.0		227.0	227	234.0						
YDL068W	IV	+	330	330	352.0	85.0	471.8	1.0	498.0	12.0	498	13.0	94.0	239.0	239	240.0	0.0	1.0		145.0		both too short
YDL069C	IV	-	690	690	400.0	88.0	474.2	30.0	122.0	148.0	148	133.0	125.0	122.0	125	123.0	1.0	0.0	26.0		DRS too short	
YDL070W	IV	+	1917	1917	226.0	387.0	631.5	194.0	21.0	258.0	258	23.0	167.0	156.0	167	157.0	1.0	0.0	237.0		DRS too short	
YDL071C	IV	-	375	375	195.0		603.0	2.0			0	3402.0			0	918.0						
YDL072C	IV	-	612	612	244.0	633.0	537.4	506.0	223.0	452.0	452	63.0	88.0	87.0	88	88.0	1.0	0.0	229.0		both too long	
YDL073W	IV	+	2955	2955	289.0	83.0	626.2	5.0	152.0		152	186.0	56.0		56	56.0						
YDL074C	IV	-	2103	2103	295.0	267.0	796.9	57.0	62.0	71.0	71	72.0	107.0	134.0	134	109.0	1.0	1.0	9.0	27.0	both too short	DRS too short
YDL075W	IV	+	763	342	8449.0	8387.0	408.3	10869.0	0.0	154.0	154	31.0	71.0	106.0	106	67.0	1.0	1.0	154.0	35.0	DRS too short	both too long
YDL076C	IV	-	885	885	123.0	173.0	627.5	15.0	134.0	146.0	146	147.0	98.0	226.0	226	227.0	1.0	1.0	12.0	128.0	both too short	both too short
YDL077C	IV	-	3150	3150	129.0	88.0	633.2	1.0	169.0		169	148.0	69.0		69	65.0						
YDL078C	IV	-	1032	1032	358.0	377.0	889.5	304.0	61.0	378.0	378	72.0	92.0	65.0	92	84.0	1.0	0.0	317.0		DRS too short	
YDL079C	IV	-	1798	1506	98.0	60.0	527.8	102.0	259.0		259	36.0	120.0		120	128.0						
YDL080C	IV	-	1830	1830	2993.0	57.0	488.3	12.0	125.0	177.0	177	185.0	172.0	167.0	172	168.0	1.0	0.0	52.0		both too short	
YDL081C	IV	-	321	321	3984.0	9574.0	492.8	4813.0	64.0	66.0	66	66.0	98.0	371.0	371	108.0	1.0	1.0	2.0	273.0	both too short	DRS too short
YDL082W	IV	+	965	600	4831.0	1843.0	525.8	1352.0	0.0	28.0	28	29.0	138.0	386.0	386	136.0	1.0	1.0	28.0	248.0	both too short	both too long
YDL083C	IV	-	864	432	3920.0	7249.0	486.3	30410.0	0.0	1693.0	1693	18.0	134.0	124.0	134	130.0	1.0	0.0	1693.0		DRS too short	
YDL084W	IV	+	1341	1341	4705.0	890.0	605.7	1118.0	168.0	159.0	168	168.0	76.0	307.0	307	87.0	0.0	1.0		231.0		DRS too short
YDL085C-A	IV	-	207	207	99.0	937.0	526.5	257.0		4124.0	4124	59.0		439.0	439	245.0						
YDL085W	IV	+	1638	1638	29.0		436.3	3.0	36.0		36	89.0	77.0		77	83.0						
YDL086C-A	IV	-	435	435	109.0	128.0	575.4	6.0	342.0	169.0	342	129.0	231.0	354.0	354	256.0	0.0	1.0		123.0		DRS too short
YDL086W	IV	+	822	822	121.0	106.0	568.9	709.0	9.0	193.0	193	5.0	70.0	84.0	84	59.0	1.0	1.0	184.0	14.0	both too long	both too long
YDL087C	IV	-	786	786	13.0	21.0	595.7	10.0	242.0	12.0	242	13.0	160.0	965.0	965	160.0	0.0	1.0		805.0		both too long
YDL088C	IV	-	1587	1587	135.0	151.0	779.9	18.0	381.0	133.0	381	128.0	155.0	151.0	155	154.0	0.0	0.0				
YDL089W	IV	+	1455	1455	115.0	91.0	595.7	60.0	282.0	322.0	322	293.0	76.0	71.0	76	72.0	1.0	0.0	40.0		DRS too short	
YDL090C	IV	-	1296	1296	30.0	39.0	741.4	18.0	22.0	492.0	492	7.0	55.0	52.0	55	131.0	1.0	0.0	470.0		both too long	
YDL091C	IV	-	1368	1368	265.0	63.0	544.3	152.0	94.0	87.0	94	88.0	95.0	121.0	121	102.0	0.0	1.0		26.0		DRS too short
YDL092W	IV	+	441	441	288.0	449.0	493.0	269.0	12.0	41.0	41	23.0	139.0	204.0	204	146.0	1.0	1.0	29.0	65.0	DRS too short	DRS too short
YDL093W	IV	+	2232	2232	165.0	116.0	605.5	26.0	37.0	78.0	78	48.0	271.0	267.0	271	268.0	1.0	0.0	41.0		DRS too short	
YDL094C	IV	-	510	510	121.0	49.0	482.8	2.0	19.0		19	2112.0	266.0		266	114.0						
YDL095W	IV	+	2454	2454	173.0	325.0	983.3	218.0	19.0	29.0	29	30.0	103.0	398.0	398	77.0	1.0	1.0	10.0	295.0	both too short	both too long
YDL096C	IV	-	327	327				1.0			0	34.0			0	1698.0						
YDL097C	IV	-	1305	1305	432.0	599.0	833.8	127.0	34.0	57.0	57	32.0	80.0	163.0	163	98.0	1.0	1.0	23.0	83.0	both too long	DRS too short
YDL098C	IV	-	585	585	267.0	55.0	492.4	15.0	22.0	88.0	88	10.0	135.0	137.0	137	138.0	1.0	1.0	66.0	2.0	both too long	both too short
YDL099W	IV	+	1026	1026	104.0	149.0	610.5	33.0	58.0	51.0	58	54.0	71.0	599.0	599	81.0	0.0	1.0		528.0		DRS too short
YDL100C	IV	-	1065	1065	346.0	539.0	733.2	514.0	44.0	35.0	44	36.0	80.0	156.0	156	81.0	0.0	1.0		76.0		DRS too short
YDL101C	IV	-	1542	1542	282.0	94.0	520.8	55.0	29.0	48.0	48	13.0	111.0	297.0	297	128.0	1.0	1.0	19.0	186.0	both too long	DRS too short
YDL102W	IV	+	3294	3294	87.0	84.0	686.8	6.0	73.0		73	81.0	126.0		126	109.0						
YDL103C	IV	-	1434	1434	100.0	156.0	817.8	115.0	52.0	66.0	66	73.0	98.0	224.0	224	93.0	1.0	1.0	14.0	126.0	both too short	both too long
YDL104C	IV	-	1224	1224	96.0	29.0	527.5	11.0	288.0	35.0	288	19.0	5.0	139.0	139	84.0	0.0	1.0		134.0		DRS too short
YDL105W	IV	+	1209	1209	39.0	52.0	583.7	14.0	36.0	40.0	40	44.0	32.0	536.0	536	159.0	1.0	1.0	4.0	504.0	both too short	DRS too short
YDL106C	IV	-	1680	1680	77.0	70.0	696.7	3.0	54.0	300.0	300	12.0	14.0	94.0	94	267.0	1.0	1.0	246.0	80.0	both too long	both too short
YDL107W	IV	+	1056	1056	138.0	103.0	585.5	4.0	43.0	70.0	70	27.0	149.0	204.0	204	152.0	1.0	1.0	27.0	55.0	both too long	DRS too short
YDL108W	IV	+	1002	921	75.0	109.0	726.4	30.0	29.0	339.0	339	32.0	52.0	37.0	52	86.0	1.0	0.0	310.0		DRS too short	
YDL109C	IV	-	1944	1944	32.0	57.0	604.8	1.0	342.0		342	352.0	910.0		910	287.0						
YDL110C	IV	-	453	453	38.0	42.0	565.6	95.0	603.0	786.0	786	57.0	164.0	163.0	164	184.0	1.0	0.0	183.0		both too long	
YDL111C	IV	-	798	798	258.0	207.0	582.7	60.0	58.0	68.0	68	67.0	67.0	161.0	161	63.0	1.0	1.0	10.0	94.0	DRS too short	both too long
YDL112W	IV	+	4311	4311	252.0	276.0	856.0	1.0	63.0	40.0	63	41.0	94.0	110.0	110	111.0	0.0	1.0		16.0		both too short
YDL113C	IV	-	1923	1923	97.0	167.0	831.9	67.0	60.0	62.0	62	63.0	81.0	120.0	120	120.0	1.0	1.0	2.0	39.0	both too short	both too short
YDL114W	IV	+	927	927	76.0		514.3	1.0			0	183.0			0	108.0						
YDL114W-A	IV	+	114	114	17.0		792.8	1.0	122.0	763.0	763	764.0	100.0	221.0	221	222.0	1.0	1.0	641.0	121.0	both too short	both too short
YDL115C	IV	-	1132	1062	136.0	86.0	520.5	29.0	31.0	77.0	77	42.0	93.0	91.0	93	92.0	1.0	0.0	46.0		DRS too short	
YDL116W	IV	+	2181	2181	193.0	236.0	812.0	17.0	52.0	61.0	61	41.0	69.0	57.0	69	66.0	1.0	0.0	9.0		both too long	
YDL117W	IV	+	2658	2658	64.0	89.0	739.7	28.0	289.0	309.0	309	12.0	138.0	150.0	150	151.0	1.0	1.0	20.0	12.0	both too long	both too short
YDL118W	IV	+	381	381	69.0	23.0	561.7	0.0	741.0		741		91.0		91							
YDL119C	IV	-	924	924	120.0	74.0	561.9	9.0	171.0	171.0	171	52.0	60.0	159.0	159	156.0	0.0	1.0		99.0		DRS too short
YDL120W	IV	+	525	525	206.0	182.0	536.7	112.0	33.0	92.0	92	76.0	73.0	247.0	247	154.0	1.0	1.0	59.0	174.0	DRS too short	DRS too short
YDL121C	IV	-	450	450	180.0	405.0	537.0	86.0		73.0	73	19.0		186.0	186	200.0						
YDL122W	IV	+	2430	2430	188.0	31.0	507.2	8.0	162.0	247.0	247	215.0	65.0	70.0	70	81.0	1.0	1.0	85.0	5.0	DRS too short	both too short
YDL123W	IV	+	423	423	309.0	313.0	550.8	11.0	284.0	690.0	690	44.0	492.0	400.0	492	488.0	1.0	0.0	406.0		both too long	
YDL124W	IV	+	939	939	481.0	481.0	715.2	29.0	82.0	134.0	134	45.0	73.0	74.0	74	72.0	1.0	1.0	52.0	1.0	both too long	both too long
YDL125C	IV	-	588	477	461.0	779.0	558.2	41.0	172.0	239.0	239	210.0	114.0	116.0	116	117.0	1.0	1.0	67.0	2.0	DRS too short	both too short
YDL126C	IV	-	2508	2508	1071.0	1209.0	789.4	206.0	38.0	64.0	64	44.0	73.0	90.0	90	91.0	1.0	1.0	26.0	17.0	DRS too short	both too short
YDL127W	IV	+	927	927	494.0	43.0	438.8	8.0	131.0	53.0	131	35.0	172.0	254.0	254	167.0	0.0	1.0		82.0		both too long
YDL128W	IV	+	1236	1236	225.0	229.0	652.1	36.0	341.0	131.0	341	61.0	117.0	191.0	191	173.0	0.0	1.0		74.0		DRS too short
YDL129W	IV	+	876	876	2200.0	29.0	424.6	5.0	156.0	112.0	156	150.0	266.0	439.0	439	440.0	0.0	1.0		173.0		both too short
YDL130W	IV	+	622	321	4086.0	6229.0	444.6	5311.0	16.0	28.0	28	17.0	98.0	311.0	311	93.0	1.0	1.0	12.0	213.0	DRS too short	both too long
YDL130W-A	IV	+	261	261	230.0	200.0	370.7	422.0	64.0	75.0	75	19.0	159.0	185.0	185	162.0	1.0	1.0	11.0	26.0	both too long	DRS too short
YDL131W	IV	+	1323	1323	445.0	490.0	756.3	752.0	81.0	35.0	81	36.0	104.0	302.0	302	102.0	0.0	1.0		198.0		both too long
YDL132W	IV	+	2448	2448	133.0	139.0	884.8	0.0	250.0		250		163.0		163							
YDL133C-A	IV	-	78	78	12344.0	26191.0	310.9	2590.0		150.0	150	18.0		244.0	244	201.0						
YDL133W	IV	+	1314	1314	13122.0	113.0	312.7	164.0	132.0	483.0	483	135.0	97.0	92.0	97	99.0	1.0	0.0	351.0		DRS too short	
YDL134C	IV	-	1110	1110	1107.0	377.0	365.8	873.0	491.0	750.0	750	471.0	87.0	168.0	168	82.0	1.0	1.0	259.0	81.0	both too long	both too long
YDL135C	IV	-	609	609	3534.0	690.0	483.8	290.0	161.0	157.0	161	45.0	94.0	328.0	328	278.0	0.0	1.0		234.0		DRS too short
YDL136W	IV	+	768	363	3717.0	6147.0	484.1	486.0	0.0	32.0	32	33.0	89.0	323.0	323	75.0	1.0	1.0	32.0	234.0	both too short	both too long
YDL137W	IV	+	917	546	1235.0	1558.0	715.0	977.0	39.0	142.0	142	102.0	138.0	248.0	248	130.0	1.0	1.0	103.0	110.0	DRS too short	both too long
YDL138W	IV	+	2292	2292	51.0	48.0	687.8	4.0	172.0	123.0	172	234.0	106.0	68.0	106	144.0	0.0	0.0				
YDL139C	IV	-	672	672	24.0	10.0	367.1	3.0	66.0	50.0	66	19.0	114.0	116.0	116	103.0	0.0	1.0		2.0		both too long
YDL140C	IV	-	5202	5202	128.0	151.0	599.3	0.0	64.0		64		118.0		118							
YDL141W	IV	+	2073	2073	119.0	93.0	700.3	25.0	179.0	296.0	296	187.0	264.0	262.0	264	263.0	1.0	0.0	117.0		DRS too short	
YDL142C	IV	-	852	852	248.0	76.0	530.2	51.0	72.0	91.0	91	63.0	40.0	126.0	126	127.0	1.0	1.0	19.0	86.0	both too long	both too short
YDL143W	IV	+	1587	1587	344.0	519.0	841.1	2711.0	29.0	34.0	34	35.0	102.0	259.0	259	98.0	1.0	1.0	5.0	157.0	both too short	both too long
YDL144C	IV	-	1071	1071	63.0	75.0	861.4	63.0	33.0	25.0	33	17.0	94.0	186.0	186	92.0	0.0	1.0		92.0		both too long
YDL145C	IV	-	3606	3606	424.0	564.0	811.0	8.0	249.0	304.0	304	255.0	164.0	156.0	164	182.0	1.0	0.0	55.0		DRS too short	
YDL146W	IV	+	1476	1476	477.0	76.0	447.1	10.0	172.0	195.0	195	191.0	127.0	258.0	258	22.0	1.0	1.0	23.0	131.0	DRS too short	both too long
YDL147W	IV	+	1338	1338	937.0	1185.0	992.5	473.0	47.0	33.0	47	59.0	144.0	382.0	382	146.0	0.0	1.0		238.0		DRS too short
YDL148C	IV	-	2433	2433	176.0	253.0	861.5	14.0	39.0	60.0	60	30.0	200.0	285.0	285	281.0	1.0	1.0	21.0	85.0	both too long	DRS too short
YDL149W	IV	+	2994	2994	190.0	63.0	527.9	4.0	372.0		372	45.0	98.0		98	97.0						
YDL150W	IV	+	1269	1269	65.0	59.0	508.5	3.0	123.0	171.0	171	136.0	99.0	94.0	99	125.0	1.0	0.0	48.0		DRS too short	
YDL151C	IV	-	582	582	95.0	148.0	549.0	0.0	833.0		833		57.0		57							
YDL152W	IV	+	366	366				0.0			0				0							
YDL153C	IV	-	1833	1833	216.0	339.0	718.3	117.0	24.0	82.0	82	26.0	110.0	140.0	140	141.0	1.0	1.0	58.0	30.0	DRS too short	both too short
YDL154W	IV	+	2706	2706	202.0	64.0	563.3	1.0	327.0		327	654.0	81.0		81	97.0						
YDL155W	IV	+	1284	1284	55.0	74.0	731.8	73.0	439.0	1173.0	1173	130.0	131.0	119.0	131	131.0	1.0	0.0	734.0		both too long	
YDL156W	IV	+	1569	1569	236.0		502.6	12.0		93.0	93	94.0		299.0	299	988.0						
YDL157C	IV	-	357	357	226.0	473.0	513.6	311.0	34.0	43.0	43	35.0	184.0	360.0	360	205.0	1.0	1.0	9.0	176.0	DRS too short	DRS too short
YDL158C	IV	-	309	309	221.0	453.0	521.8	24.0	442.0		442	449.0	651.0		651	6.0						
YDL159C-B	IV	-	177	177	16.0	18.0	500.6	0.0	968.0		968		621.0		621							
YDL159W	IV	+	1548	1548	273.0	24.0	518.3	75.0	36.0	45.0	45	46.0	124.0	198.0	198	122.0	1.0	1.0	9.0	74.0	both too short	both too long
YDL159W-A	IV	+	132	132	5.0		787.0	0.0			0				0							
YDL160C	IV	-	1521	1521	84.0	110.0	689.3	9.0	186.0		186	284.0	465.0		465	442.0						
YDL160C-A	IV	-	243	243	276.0	348.0	445.3	116.0	18.0	27.0	27	28.0	74.0	1092.0	1092	197.0	1.0	1.0	9.0	1018.0	both too short	DRS too short
YDL161W	IV	+	1365	1365	283.0	151.0	590.8	227.0	6.0	25.0	25	16.0	105.0	242.0	242	108.0	1.0	1.0	19.0	137.0	DRS too short	DRS too short
YDL162C	IV	-	357	357				0.0			0				0							
YDL163W	IV	+	303	303				0.0			0				0							
YDL164C	IV	-	2268	2268	80.0	65.0	659.6	134.0	160.0	60.0	160	51.0	164.0	161.0	164	162.0	0.0	0.0				
YDL165W	IV	+	576	576	131.0	135.0	527.4	72.0	44.0	55.0	55	49.0	41.0	191.0	191	35.0	1.0	1.0	11.0	150.0	DRS too short	both too long
YDL166C	IV	-	594	594	102.0	176.0	577.0	58.0	63.0	80.0	80	54.0	76.0	140.0	140	75.0	1.0	1.0	17.0	64.0	both too long	both too long
YDL167C	IV	-	2160	2160	241.0	122.0	599.9	38.0	44.0	42.0	44	56.0	139.0	241.0	241	179.0	0.0	1.0		102.0		DRS too short
YDL168W	IV	+	1161	1161	271.0	324.0	876.5	53.0	71.0	86.0	86	42.0	56.0	212.0	212	52.0	1.0	1.0	15.0	156.0	both too long	both too long
YDL169C	IV	-	672	672	26.0	20.0	410.7	7.0	30.0		30	20.0	65.0	164.0	164	73.0		1.0		99.0		DRS too short
YDL170W	IV	+	1587	1587	46.0	48.0	751.1	12.0	15.0	19.0	19	0.0	74.0	172.0	172	153.0	1.0	1.0	4.0	98.0		DRS too short
YDL171C	IV	-	6438	6438	212.0	358.0	1022.2	0.0	0.0		0		128.0		128							
YDL172C	IV	-	480	480	126.0	45.0	612.6	1.0	119.0		119	14.0	424.0		424	2040.0						
YDL173W	IV	+	888	888	108.0	42.0	597.1	0.0	37.0		37		111.0		111							
YDL174C	IV	-	1764	1764	72.0	96.0	1031.2	8.0	314.0		314	30.0	96.0		96	92.0						
YDL175C	IV	-	1035	1035	110.0	76.0	561.3	16.0	19.0	47.0	47	27.0	108.0	215.0	215	218.0	1.0	1.0	28.0	107.0	DRS too short	both too short
YDL176W	IV	+	2127	2127	96.0	86.0	664.9	73.0	126.0	136.0	136	137.0	114.0	251.0	251	115.0	1.0	1.0	10.0	137.0	both too short	DRS too short
YDL177C	IV	-	513	513	100.0	58.0	541.5	78.0		94.0	94	64.0		107.0	107	96.0						
YDL178W	IV	+	1593	1593	167.0	203.0	756.9	33.0	13.0	16.0	16	25.0	72.0	140.0	140	63.0	1.0	1.0	3.0	68.0	both too short	both too long
YDL179W	IV	+	915	915	86.0	81.0	495.5	87.0	103.0	94.0	103	95.0	113.0	263.0	263	152.0	0.0	1.0		150.0		DRS too short
YDL180W	IV	+	1644	1644	300.0	198.0	605.4	66.0	248.0	177.0	248	132.0	49.0	62.0	62	63.0	0.0	1.0		13.0		both too short
YDL181W	IV	+	258	258	198.0	379.0	453.7	542.0		59.0	59	80.0		308.0	308	109.0						
YDL182W	IV	+	1287	1287	441.0	271.0	774.5	1787.0	27.0	89.0	89	38.0	23.0	87.0	87	88.0	1.0	1.0	62.0	64.0	DRS too short	both too short
YDL183C	IV	-	963	963	11797.0	139.0	314.4	17.0	883.0	2893.0	2893	74.0	71.0	359.0	359	56.0	1.0	1.0	2010.0	288.0	both too long	both too long
YDL184C	IV	-	78	78	12025.0	36254.0	320.1	62593.0		21.0	21	22.0		421.0	421	210.0						
YDL185C-A	IV	-	228	228	17.0		526.9	0.0			0				0							
YDL185W	IV	+	3216	3216	13999.0	1529.0	366.3	104.0	101.0	107.0	107	98.0	112.0	165.0	165	105.0	1.0	1.0	6.0	53.0	both too long	both too long
YDL186W	IV	+	834	834	13.0	8.0	538.9	1.0			0	153.0			0	69.0						
YDL187C	IV	-	330	330	5.0	23.0	475.0	5.0		628.0	628	662.0		150.0	150	151.0						
YDL188C	IV	-	1134	1134	138.0	128.0	780.8	26.0	165.0	181.0	181	182.0	56.0	153.0	153	154.0	1.0	1.0	16.0	97.0	both too short	both too short
YDL189W	IV	+	1512	1374	107.0	116.0	689.8	233.0	35.0	95.0	95	91.0	92.0	153.0	153	106.0	1.0	1.0	60.0	61.0	DRS too short	DRS too short
YDL190C	IV	-	2886	2886	5542.0	203.0	471.9	14.0	181.0		181	193.0	210.0		210	208.0						
YDL191W	IV	+	854	363	5622.0	10572.0	455.1	3609.0	0.0	686.0	686	22.0	103.0	98.0	103	99.0	1.0	0.0	686.0		DRS too short	
YDL192W	IV	+	546	546	4932.0	5262.0	642.8	4989.0	76.0	45.0	76	43.0	64.0	747.0	747	59.0	0.0	1.0		683.0		both too long
YDL193W	IV	+	1128	1128	158.0	195.0	604.0	12.0	104.0	106.0	106	107.0	158.0	199.0	199	200.0	1.0	1.0	2.0	41.0	both too short	both too short
YDL194W	IV	+	2655	2655	103.0	40.0	531.3	0.0	192.0		192		76.0		76							
YDL195W	IV	+	3822	3822	255.0	335.0	857.0	6.0	113.0	112.0	113	119.0	144.0	164.0	164	127.0	0.0	1.0		20.0		both too long
YDL196W	IV	+	330	330	5.0		324.4	0.0			0				0							
YDL197C	IV	-	1578	1578	43.0	52.0	829.9	35.0	52.0	378.0	378	14.0	96.0	172.0	172	94.0	1.0	1.0	326.0	76.0	both too long	both too long
YDL198C	IV	-	903	903	503.0	733.0	666.2	83.0	129.0	163.0	163	28.0	105.0	142.0	142	122.0	1.0	1.0	34.0	37.0	both too long	DRS too short
YDL199C	IV	-	2064	2064	333.0	49.0	451.0	8.0	247.0	50.0	247	55.0	91.0	57.0	91	84.0	0.0	0.0				
YDL200C	IV	-	567	567	123.0	201.0	626.6	51.0	204.0	53.0	204	4.0	73.0	82.0	82	72.0	0.0	1.0		9.0		both too long
YDL201W	IV	+	861	861	169.0	98.0	523.1	122.0	83.0	289.0	289	76.0	85.0	76.0	85	83.0	1.0	0.0	206.0		both too long	
YDL202W	IV	+	750	750	65.0	102.0	664.5	183.0	51.0	52.0	52	53.0	103.0	427.0	427	91.0	1.0	1.0	1.0	324.0	both too short	both too long
YDL203C	IV	-	1872	1872	54.0	70.0	775.5	15.0	177.0	198.0	198	177.0	181.0	195.0	195	196.0	1.0	1.0	21.0	14.0	both too long	both too short
YDL204W	IV	+	1182	1182	81.0	76.0	610.1	25.0	483.0	497.0	497	498.0	128.0	195.0	195	179.0	1.0	1.0	14.0	67.0	both too short	DRS too short
YDL205C	IV	-	984	984	83.0	105.0	589.0	13.0	208.0	234.0	234	155.0	53.0	293.0	293	166.0	1.0	1.0	26.0	240.0	both too long	DRS too short
YDL206W	IV	+	2289	2289	98.0	53.0	627.6	4.0	148.0	153.0	153	149.0	25.0	13.0	25	19.0	1.0	0.0	5.0		DRS too short	
YDL207W	IV	+	1617	1617	308.0	42.0	523.4	7.0	26.0	37.0	37	38.0	75.0	79.0	79	80.0	1.0	1.0	11.0	4.0	both too short	both too short
YDL208W	IV	+	471	471	292.0	914.0	483.8	2022.0	34.0	29.0	34	37.0	128.0	239.0	239	127.0	0.0	1.0		111.0		both too long
YDL209C	IV	-	1020	1020	374.0	39.0	495.1	11.0	29.0	32.0	32	22.0	200.0	258.0	258	196.0	1.0	1.0	3.0	58.0	both too long	both too long
YDL210W	IV	+	1716	1716	35.0	22.0	488.6	0.0	112.0		112		91.0		91							
YDL211C	IV	-	1119	1119	675.0	48.0	655.3	5.0	298.0	110.0	298	69.0	160.0	150.0	160	118.0	0.0	0.0				
YDL212W	IV	+	633	633	660.0	1287.0	647.8	323.0	54.0	91.0	91	22.0	151.0	205.0	205	145.0	1.0	1.0	37.0	54.0	both too long	both too long
YDL213C	IV	-	678	678	288.0	352.0	513.9	1323.0	60.0	8.0	60	9.0	77.0	540.0	540	73.0	0.0	1.0		463.0		both too long
YDL214C	IV	-	2100	2100	86.0	12.0	299.5	2.0	751.0		751	167.0	118.0		118	111.0						
YDL215C	IV	-	3279	3279	111.0	165.0	969.4	2.0	481.0	197.0	481	46.0	154.0	154.0	154	154.0	0.0	0.0				
YDL216C	IV	-	1323	1323	85.0	44.0	582.9	8.0	8.0	18.0	18	10.0	133.0	127.0	133	404.0	1.0	0.0	10.0		DRS too short	
YDL217C	IV	-	624	624	89.0	96.0	651.6	62.0	164.0	163.0	164	135.0	106.0	471.0	471	103.0	0.0	1.0		365.0		both too long
YDL218W	IV	+	954	954	74.0	6.0	424.2	5.0	528.0		528	345.0	190.0		190	237.0						
YDL219W	IV	+	524	453	251.0	447.0	640.8	143.0	36.0	189.0	189	26.0	281.0	282.0	282	277.0	1.0	1.0	153.0	1.0	both too long	both too long
YDL220C	IV	-	2775	2775	156.0	9.0	642.4	2.0	8.0		8	20.0	382.0		382	356.0						
YDL221W	IV	+	552	552	11.0	10.0	356.6	3.0	321.0		321	875.0	715.0		715	625.0						
YDL222C	IV	-	930	930	19.0	21.0	502.4	2.0	536.0		536	912.0	322.0		322	410.0						
YDL223C	IV	-	3141	3141	32.0	31.0	621.4	0.0	182.0		182		321.0		321							
YDL224C	IV	-	1950	1950	147.0	111.0	632.9	23.0	352.0		352	364.0	146.0		146	146.0						
YDL225W	IV	+	1656	1656	158.0	197.0	800.2	159.0	47.0	40.0	47	50.0	93.0	231.0	231	88.0	0.0	1.0		138.0		both too long
YDL226C	IV	-	1059	1059	397.0	368.0	634.9	65.0	12.0	30.0	30	23.0	213.0	317.0	317	230.0	1.0	1.0	18.0	104.0	DRS too short	DRS too short
YDL227C	IV	-	1761	1761	753.0	73.0	458.0	1.0	22.0	32.0	32	33.0	67.0	57.0	67	58.0	1.0	0.0	10.0		both too short	
YDL228C	IV	-	642	642	1328.0	1452.0	823.3	0.0	121.0		121		46.0		46							
YDL229W	IV	+	1842	1842	1945.0	2475.0	1226.9	32916.0	22.0	99.0	99	30.0	104.0	101.0	104	102.0	1.0	0.0	77.0		DRS too short	
YDL230W	IV	+	1008	1008	31.0	51.0	729.5	8.0	42.0	29.0	42	26.0	41.0	124.0	124	61.0	0.0	1.0		83.0		DRS too short
YDL231C	IV	-	3378	3378	258.0	110.0	521.0	1.0	108.0		108	21.0	67.0		67	71.0						
YDL232W	IV	+	111	111	197.0	506.0	424.9	486.0		132.0	132	19.0		257.0	257	288.0						
YDL233W	IV	+	1377	1377	218.0	53.0	464.3	76.0	28.0	21.0	28	22.0	179.0	169.0	179	167.0	0.0	0.0				
YDL234C	IV	-	2241	2241	492.0	484.0	726.9	25.0	125.0	142.0	142	143.0	64.0	163.0	163	58.0	1.0	1.0	17.0	99.0	both too short	both too long
YDL235C	IV	-	504	504	420.0	511.0	534.7	46.0	111.0	122.0	122	114.0	131.0	163.0	163	143.0	1.0	1.0	11.0	32.0	DRS too short	DRS too short
YDL236W	IV	+	939	939	494.0	375.0	679.1	31.0	47.0	50.0	50	15.0	99.0	204.0	204	140.0	1.0	1.0	3.0	105.0	both too long	DRS too short
YDL237W	IV	+	1173	1173	91.0	131.0	843.9	180.0	27.0	31.0	31	23.0	81.0	295.0	295	79.0	1.0	1.0	4.0	214.0	both too long	both too long
YDL238C	IV	-	1470	1470	23.0	22.0	650.5	17.0	40.0	40.0	40	28.0	69.0	65.0	69	66.0	0.0	0.0				
YDL239C	IV	-	2373	2373	78.0	85.0	700.6	1.0	503.0		503	693.0	52.0		52	44.0						
YDL240C-A	IV	-	138	138	19.0		415.1	0.0			0				0							
YDL240W	IV	+	3054	3054	47.0	34.0	623.9	3.0	184.0		184	166.0	244.0		244	243.0						
YDL241W	IV	+	372	372	326.0	300.0	500.4	3.0	139.0	81.0	139	80.0	252.0	436.0	436	329.0	0.0	1.0		184.0		DRS too short
YDL242W	IV	+	354	354	13.0		656.5	0.0			0				0							
YDL243C	IV	-	990	990	48.0	270.0	490.3	14.0	689.0	721.0	721	722.0	95.0	188.0	188	110.0	1.0	1.0	32.0	93.0	both too short	DRS too short
YDL244W	IV	+	1023	1023	51.0	16.0	430.4	0.0	15.0		15		123.0		123							
YDL245C	IV	-	1704	1704	38.0	18.0	617.8	0.0	532.0		532		199.0		199							
YDL246C	IV	-	1074	1074	61.0		488.2	0.0			0				0							
YDL247W	IV	+	1830	1830	50.0	48.0	502.2	0.0	0.0		0		86.0		86							
YDL247W-A	IV	+	75	75	74.0	100.0	697.2	0.0	996.0		996		193.0		193							
YDL248W	IV	+	1152	1152	84.0	92.0	1069.1	4.0	4.0		4	7.0	607.0		607	616.0						
YDR001C	IV	-	2256	2256	326.0	316.0	727.5	4.0	215.0		215	190.0	74.0		74	111.0						
YDR002W	IV	+	606	606	1892.0	3183.0	613.2	996.0	46.0	88.0	88	29.0	186.0	199.0	199	180.0	1.0	1.0	42.0	13.0	both too long	both too long
YDR003W	IV	+	633	633	1362.0	56.0	528.5	31.0	61.0		61	45.0	292.0		292	307.0						
YDR003W-A	IV	+	123	123	64.0	118.0	537.0	31.0		599.0	599	705.0		347.0	347	157.0						
YDR004W	IV	+	1383	1383	178.0	94.0	636.1	2.0	206.0		206	1127.0	170.0		170	188.0						
YDR005C	IV	-	1268	1188	260.0	269.0	808.1	14.0	128.0	121.0	128	108.0	157.0	290.0	290	167.0	0.0	1.0		133.0		DRS too short
YDR006C	IV	-	2706	2706	103.0	130.0	874.9	13.0	91.0	163.0	163	106.0	89.0	86.0	89	106.0	1.0	0.0	72.0		DRS too short	
YDR007W	IV	+	675	675	32.0	48.0	515.3	281.0	186.0	188.0	188	10.0	47.0	405.0	405	39.0	1.0	1.0	2.0	358.0	both too long	both too long
YDR008C	IV	-	351	351	32.0	13.0	575.7	0.0	55.0		55		219.0		219							
YDR009W	IV	+	1563	1563	17.0	20.0	552.2	1979.0	698.0	170.0	698	71.0	265.0	86.0	265	87.0	0.0	0.0				
YDR010C	IV	-	333	333	11.0	9.0	608.8	2.0	250.0	354.0	354	355.0	195.0	445.0	445	38.0	1.0	1.0	104.0	250.0	both too short	both too long
YDR011W	IV	+	4506	4506	405.0	401.0	709.9	1.0	325.0	248.0	325	249.0	182.0	174.0	182	175.0	0.0	0.0				
YDR012W	IV	+	1089	1089	1513.0	1681.0	901.4	1159.0	59.0	31.0	59	32.0	80.0	304.0	304	77.0	0.0	1.0		224.0		both too long
YDR013W	IV	+	627	627	554.0	366.0	515.3	113.0	592.0	15.0	592	16.0	90.0	166.0	166	89.0	0.0	1.0		76.0		both too long
YDR014W	IV	+	1944	1944	118.0	79.0	843.3	9.0	29.0		29	51.0	389.0		389	220.0						
YDR014W-A	IV	+	489	489	45.0		371.9	1.0			0	20.0			0	172.0						
YDR015C	IV	-	240	240	20.0		412.6	0.0			0				0							
YDR016C	IV	-	285	285	55.0	98.0	461.9	403.0	24.0	19.0	24	36.0	106.0	261.0	261	122.0	0.0	1.0		155.0		DRS too short
YDR017C	IV	-	3153	3153	107.0	128.0	651.7	6.0	126.0		126	14.0	175.0		175	173.0						
YDR018C	IV	-	1191	1191	29.0	14.0	446.7	2.0	31.0		31	29.0	124.0		124	163.0						
YDR019C	IV	-	1203	1203	75.0	76.0	691.6	24.0	379.0	3.0	379	29.0	178.0	314.0	314	315.0	0.0	1.0		136.0		both too short
YDR020C	IV	-	699	699	73.0	90.0	734.1	15.0	116.0	128.0	128	103.0	418.0	429.0	429	416.0	1.0	1.0	12.0	11.0	both too long	both too long
YDR021W	IV	+	1200	1200	61.0	63.0	644.1	10.0	71.0	282.0	282	11.0	59.0	52.0	59	58.0	1.0	0.0	211.0		both too long	
YDR022C	IV	-	591	591	53.0	28.0	434.9	5.0	18.0	27.0	27	28.0	102.0	178.0	178	96.0	1.0	1.0	9.0	76.0	both too short	both too long
YDR023W	IV	+	1389	1389	1827.0	2692.0	1163.8	2696.0	41.0	51.0	51	22.0	135.0	172.0	172	133.0	1.0	1.0	10.0	37.0	both too long	both too long
YDR024W	IV	+	486	486	2027.0		518.9	4.0			0	1531.0			0	919.0						
YDR025W	IV	+	810	471	1736.0	4374.0	480.3	23074.0	0.0	9.0	9	14.0	90.0	306.0	306	89.0	1.0	1.0	9.0	216.0	both too short	both too long
YDR026C	IV	-	1713	1713	1593.0	81.0	503.3	20.0	136.0	133.0	136	143.0	96.0	242.0	242	79.0	0.0	1.0		146.0		both too long
YDR027C	IV	-	2670	2670	155.0	112.0	689.3	7.0	112.0	111.0	112	123.0	76.0	110.0	110	68.0	0.0	1.0		34.0		both too long
YDR028C	IV	-	3045	3045	96.0	150.0	618.1	6.0	491.0	451.0	491	489.0	279.0	277.0	279	278.0	0.0	0.0				
YDR029W	IV	+	315	315	26.0		350.2	0.0			0				0							
YDR030C	IV	-	1521	1521	131.0	57.0	444.5	19.0	18.0	51.0	51	8.0	54.0	116.0	116	140.0	1.0	1.0	33.0	62.0	both too long	both too short
YDR031W	IV	+	366	366	286.0	184.0	619.7	50.0	22.0	129.0	129	7.0	149.0	147.0	149	148.0	1.0	0.0	107.0		both too long	
YDR032C	IV	-	597	597	298.0	483.0	611.3	116.0	75.0	112.0	112	69.0	154.0	234.0	234	153.0	1.0	1.0	37.0	80.0	both too long	both too long
YDR033W	IV	+	963	963	2372.0	3320.0	989.5	716.0	332.0	523.0	523	246.0	450.0	480.0	480	482.0	1.0	1.0	191.0	30.0	both too long	both too short
YDR034C	IV	-	2373	2373	1331.0	219.0	515.3	20.0	418.0	151.0	418	139.0	77.0	292.0	292	73.0	0.0	1.0		215.0		both too long
YDR034C-A	IV	-	177	177	70.0		339.8	0.0			0				0							
YDR034W-B	IV	+	156	156	102.0	261.0	390.3	21.0	32.0	55.0	55	30.0	122.0	284.0	284	298.0	1.0	1.0	23.0	162.0	both too long	both too short
YDR035W	IV	+	1113	1113	505.0	557.0	697.8	30.0	66.0	132.0	132	21.0	97.0	229.0	229	230.0	1.0	1.0	66.0	132.0	both too long	both too short
YDR036C	IV	-	1503	1503	243.0	75.0	537.7	31.0	64.0	72.0	72	10.0	137.0	141.0	141	139.0	1.0	1.0	8.0	4.0	both too long	DRS too short
YDR037W	IV	+	1776	1776	1282.0	1908.0	980.5	854.0	87.0	53.0	87	21.0	83.0	226.0	226	66.0	0.0	1.0		143.0		both too long
YDR038C	IV	-	3276	3276	773.0	350.0	440.1	0.0	557.0		557		141.0		141							
YDR039C	IV	-	3276	3276	197.0	53.0	471.8	0.0	91.0		91		91.0		91							
YDR040C	IV	-	3276	3276	226.0	151.0	722.3	0.0	123.0		123		90.0		90							
YDR041W	IV	+	612	612	141.0	248.0	611.0	188.0	192.0	34.0	192	8.0	163.0	285.0	285	161.0	0.0	1.0		122.0		both too long
YDR042C	IV	-	603	603	235.0	120.0	479.0	2.0	486.0	496.0	496	58.0	93.0	111.0	111	101.0	1.0	1.0	10.0	18.0	both too long	DRS too short
YDR043C	IV	-	696	696	121.0	100.0	516.7	1.0	191.0	203.0	203	204.0	109.0	114.0	114	115.0	1.0	1.0	12.0	5.0	both too short	both too short
YDR044W	IV	+	987	987	360.0	217.0	695.3	274.0	171.0	251.0	251	43.0	138.0	146.0	146	137.0	1.0	1.0	80.0	8.0	both too long	both too long
YDR045C	IV	-	333	333	387.0	460.0	475.0	51.0	142.0	158.0	158	155.0	206.0	316.0	316	220.0	1.0	1.0	16.0	110.0	DRS too short	DRS too short
YDR046C	IV	-	1815	1815	481.0	534.0	855.1	2048.0	81.0	89.0	89	90.0	79.0	163.0	163	82.0	1.0	1.0	8.0	84.0	both too short	DRS too short
YDR047W	IV	+	1089	1089	127.0	230.0	790.5	979.0	40.0	468.0	468	124.0	80.0	151.0	151	76.0	1.0	1.0	428.0	71.0	DRS too short	both too long
YDR048C	IV	-	315	315	57.0	7.0	491.9	2.0			0	2251.0			0	2417.0						
YDR049W	IV	+	1899	1899	1783.0	36.0	354.9	21.0	49.0	91.0	91	37.0	113.0	116.0	116	158.0	1.0	1.0	42.0	3.0	both too long	both too short
YDR050C	IV	-	747	747	6615.0	8295.0	681.2	70148.0	47.0	29.0	47	30.0	80.0	318.0	318	77.0	0.0	1.0		238.0		both too long
YDR051C	IV	-	1005	1005	255.0	239.0	652.5	71.0	34.0	40.0	40	46.0	62.0	105.0	105	60.0	1.0	1.0	6.0	43.0	both too short	both too long
YDR052C	IV	-	2115	2115	110.0	94.0	734.1	12.0	143.0	153.0	153	154.0	243.0	240.0	243	241.0	1.0	0.0	10.0		both too short	
YDR053W	IV	+	396	396	71.0		472.6	0.0			0				0							
YDR054C	IV	-	888	888	88.0	193.0	592.0	4.0	178.0	188.0	188	174.0	380.0	486.0	486	467.0	1.0	1.0	10.0	106.0	both too long	DRS too short
YDR055W	IV	+	1335	1335	323.0	295.0	774.5	47.0	52.0	293.0	293	61.0	147.0	158.0	158	167.0	1.0	1.0	241.0	11.0	DRS too short	both too short
YDR056C	IV	-	618	618	241.0	346.0	529.9	159.0	60.0	111.0	111	58.0	105.0	162.0	162	104.0	1.0	1.0	51.0	57.0	both too long	both too long
YDR057W	IV	+	1629	1629	108.0	41.0	656.3	12.0	225.0	63.0	225	25.0	85.0	153.0	153	186.0	0.0	1.0		68.0		both too short
YDR058C	IV	-	981	981	101.0	42.0	524.9	6.0	23.0	74.0	74	38.0	38.0	178.0	178	132.0	1.0	1.0	51.0	140.0	DRS too short	DRS too short
YDR059C	IV	-	537	447	50.0	104.0	505.8	148.0	73.0	562.0	562	46.0	111.0	130.0	130	110.0	1.0	1.0	489.0	19.0	both too long	both too long
YDR060W	IV	+	3078	3078	152.0	196.0	702.8	16.0	81.0	49.0	81	41.0	91.0	87.0	91	88.0	0.0	0.0				
YDR061W	IV	+	1620	1620	173.0	109.0	616.4	153.0	43.0	54.0	54	55.0	114.0	129.0	129	110.0	1.0	1.0	11.0	15.0	both too short	both too long
YDR062W	IV	+	1686	1686	361.0	300.0	990.9	121.0	350.0	394.0	394	367.0	292.0	286.0	292	271.0	1.0	0.0	44.0		DRS too short	
YDR063W	IV	+	450	450	235.0	319.0	471.1	38.0	150.0	1143.0	1143	68.0	67.0	71.0	71	70.0	1.0	1.0	993.0	4.0	both too long	DRS too short
YDR064W	IV	+	995	456	3951.0	7729.0	540.3	6337.0	7.0	20.0	20	21.0	81.0	258.0	258	107.0	1.0	1.0	13.0	177.0	both too short	DRS too short
YDR065W	IV	+	1098	1098	3909.0	169.0	524.6	22.0	69.0	150.0	150	37.0	350.0	1879.0	1879	584.0	1.0	1.0	81.0	1529.0	both too long	DRS too short
YDR066C	IV	-	591	591	86.0	46.0	606.5	9.0	342.0	254.0	342	89.0	109.0	103.0	109	104.0	0.0	0.0				
YDR067C	IV	-	675	675	85.0	56.0	600.1	19.0	67.0	68.0	68	54.0	86.0	97.0	97	100.0	1.0	1.0	1.0	11.0	both too long	both too short
YDR068W	IV	+	933	933	82.0	47.0	724.8	73.0	41.0	45.0	45	40.0	94.0	196.0	196	92.0	1.0	1.0	4.0	102.0	both too long	both too long
YDR069C	IV	-	2781	2781	57.0	64.0	646.8	3.0	52.0		52	47.0	309.0		309	301.0						
YDR070C	IV	-	282	282	483.0	28.0	509.1	37.0	54.0	177.0	177	60.0	62.0	154.0	154	153.0	1.0	1.0	123.0	92.0	DRS too short	DRS too short
YDR071C	IV	-	576	576	1064.0	1597.0	601.3	196.0	107.0	141.0	141	63.0	89.0	110.0	110	81.0	1.0	1.0	34.0	21.0	both too long	both too long
YDR072C	IV	-	1584	1584	328.0	250.0	716.1	54.0	248.0	231.0	248	126.0	61.0	93.0	93	94.0	0.0	1.0		32.0		both too short
YDR073W	IV	+	510	510	221.0	228.0	438.0	14.0	250.0	281.0	281	84.0	267.0	253.0	267	252.0	1.0	0.0	31.0		both too long	
YDR074W	IV	+	2691	2691	282.0	369.0	933.8	10.0	99.0	93.0	99	94.0	244.0	236.0	244	238.0	0.0	0.0				
YDR075W	IV	+	927	927	168.0	78.0	604.9	10.0	184.0	187.0	187	174.0	154.0	158.0	158	159.0	1.0	1.0	3.0	4.0	both too long	both too short
YDR076W	IV	+	1221	1221	52.0	40.0	606.6	4.0	52.0		52	55.0	580.0		580	1123.0						
YDR077W	IV	+	1017	1017	2036.0	3137.0	793.9	17665.0	51.0	1382.0	1382	31.0	327.0	308.0	327	330.0	1.0	0.0	1331.0		both too long	
YDR078C	IV	-	672	672	1259.0	99.0	483.8	32.0	46.0	30.0	46	17.0	104.0	188.0	188	99.0	0.0	1.0		84.0		both too long
YDR079C-A	IV	-	219	219	109.0	183.0	439.2	376.0		163.0	163	33.0		211.0	211	212.0						
YDR079W	IV	+	336	336	114.0	184.0	438.7	42.0	21.0	30.0	30	31.0	116.0	303.0	303	211.0	1.0	1.0	9.0	187.0	both too short	DRS too short
YDR080W	IV	+	2979	2979	205.0	117.0	732.0	20.0	42.0		42	32.0	179.0		179	56.0						
YDR081C	IV	-	2778	2778	78.0	76.0	887.7	27.0	78.0	86.0	86	87.0	32.0	27.0	32	35.0	1.0	0.0	8.0		both too short	
YDR082W	IV	+	1485	1485	34.0	44.0	906.4	172.0	80.0	115.0	115	92.0	146.0	137.0	146	138.0	1.0	0.0	35.0		DRS too short	
YDR083W	IV	+	1179	1179	164.0	38.0	659.0	31.0	12.0	21.0	21	22.0	91.0	121.0	121	90.0	1.0	1.0	9.0	30.0	both too short	both too long
YDR084C	IV	-	600	600	146.0	260.0	537.2	87.0	63.0	25.0	63	34.0	138.0	1410.0	1410	201.0	0.0	1.0		1272.0		DRS too short
YDR085C	IV	-	1863	1863	279.0	100.0	456.2	5.0	118.0		118	191.0	91.0		91	35.0						
YDR086C	IV	-	243	243	1133.0	2361.0	469.6	468.0	93.0	41.0	93	93.0	178.0	714.0	714	201.0	0.0	1.0		536.0		DRS too short
YDR087C	IV	-	837	837	1236.0	181.0	491.8	254.0	108.0	64.0	108	29.0	94.0	152.0	152	93.0	0.0	1.0		58.0		both too long
YDR088C	IV	-	1149	1149	77.0	61.0	580.8	16.0	198.0	182.0	198	209.0	59.0	188.0	188	187.0	0.0	1.0		129.0		DRS too short
YDR089W	IV	+	2610	2610	115.0	66.0	622.8	17.0	114.0		114	43.0	95.0		95	92.0						
YDR090C	IV	-	933	933	211.0	151.0	597.6	319.0	103.0	119.0	119	114.0	341.0	374.0	374	337.0	1.0	1.0	16.0	33.0	DRS too short	both too long
YDR091C	IV	-	1827	1827	342.0	436.0	1012.2	897.0	44.0	106.0	106	72.0	342.0	341.0	342	342.0	1.0	0.0	62.0		DRS too short	
YDR092W	IV	+	730	462	108.0	126.0	539.4	126.0	0.0	412.0	412	24.0	99.0	93.0	99	94.0	1.0	0.0	412.0		DRS too short	
YDR093W	IV	+	4839	4839	69.0	41.0	709.6	0.0	286.0		286		64.0		64							
YDR094W	IV	+	336	336	26.0	39.0	415.8	43.0	933.0	3220.0	3220	822.0	8.0	4.0	8	5.0	1.0	0.0	2287.0		both too long	
YDR095C	IV	-	411	411	24.0	16.0	459.4	0.0	0.0		0		302.0		302							
YDR096W	IV	+	2685	2685	113.0	143.0	862.3	3.0	116.0		116	89.0	161.0		161	214.0						
YDR097C	IV	-	3729	3729	264.0	100.0	584.4	12.0	204.0	92.0	204	93.0	66.0	60.0	66	61.0	0.0	0.0				
YDR098C	IV	-	753	753	397.0	413.0	595.5	561.0	40.0	44.0	44	38.0	51.0	298.0	298	49.0	1.0	1.0	4.0	247.0	both too long	both too long
YDR099W	IV	+	1648	822	871.0	869.0	866.6	37.0	229.0	113.0	229	66.0	223.0	348.0	348	227.0	0.0	1.0		125.0		DRS too short
YDR100W	IV	+	432	432	522.0	394.0	455.3	229.0	29.0	912.0	912	40.0	133.0	250.0	250	126.0	1.0	1.0	883.0	117.0	DRS too short	both too long
YDR101C	IV	-	1782	1782	393.0	502.0	804.1	363.0	15.0	71.0	71	22.0	100.0	118.0	118	119.0	1.0	1.0	56.0	18.0	DRS too short	both too short
YDR102C	IV	-	333	333	6.0	11.0	306.5	0.0			0				0							
YDR103W	IV	+	2754	2754	100.0	133.0	755.7	3.0	34.0		34	611.0	49.0		49	46.0						
YDR104C	IV	-	3738	3738	94.0	36.0	547.8	1.0	8.0	48.0	48	49.0	37.0	35.0	37	36.0	1.0	0.0	40.0		both too short	
YDR105C	IV	-	1422	1422	44.0	61.0	877.1	79.0	61.0	252.0	252	51.0	76.0	70.0	76	86.0	1.0	0.0	191.0		both too long	
YDR106W	IV	+	855	855	2547.0	10.0	414.5	3.0		21.0	21	22.0		46.0	46	47.0						
YDR107C	IV	-	2019	2019	3600.0	441.0	434.5	61.0	14.0	14.0	14	15.0	44.0	206.0	206	140.0	0.0	1.0		162.0		DRS too short
YDR108W	IV	+	2097	2097	46.0	58.0	857.6	26.0	53.0	59.0	59	36.0	91.0	98.0	98	87.0	1.0	1.0	6.0	7.0	both too long	both too long
YDR109C	IV	-	2148	2148	42.0	22.0	606.1	7.0	353.0	258.0	353	0.0	108.0	147.0	147	160.0	0.0	1.0		39.0		both too short
YDR110W	IV	+	1701	1701	55.0	38.0	779.4	23.0	45.0	54.0	54	38.0	207.0	201.0	207	183.0	1.0	0.0	9.0		both too long	
YDR111C	IV	-	1524	1524	75.0	90.0	703.4	18.0	232.0	220.0	232	221.0	192.0	458.0	458	151.0	0.0	1.0		266.0		both too long
YDR112W	IV	+	309	309				0.0			0				0							
YDR113C	IV	-	1122	1122	58.0	23.0	575.4	9.0	121.0	330.0	330	85.0	78.0	73.0	78	74.0	1.0	0.0	209.0		both too long	
YDR114C	IV	-	303	303	122.0	124.0	465.6	2.0	458.0		458	1669.0	0.0		0	1938.0						
YDR115W	IV	+	318	318	149.0	246.0	464.4	134.0	43.0	55.0	55	40.0	115.0	339.0	339	114.0	1.0	1.0	12.0	224.0	both too long	both too long
YDR116C	IV	-	858	858	222.0	144.0	551.9	71.0	35.0	63.0	63	25.0	61.0	118.0	118	119.0	1.0	1.0	28.0	57.0	both too long	both too short
YDR117C	IV	-	1698	1698	76.0	93.0	760.4	91.0	75.0	37.0	75	38.0	48.0	266.0	266	45.0	0.0	1.0		218.0		both too long
YDR118W	IV	+	1959	1959	38.0	32.0	844.9	14.0	17.0		17	38.0	112.0		112	126.0						
YDR118W-A	IV	+	117	117	10.0	18.0	643.5	45.0		1413.0	1413	271.0		120.0	120	277.0						
YDR119W	IV	+	2307	2307	234.0	209.0	814.0	34.0	92.0	104.0	104	95.0	47.0	78.0	78	55.0	1.0	1.0	12.0	31.0	DRS too short	DRS too short
YDR119W-A	IV	+	201	201	146.0	196.0	428.3	886.0	52.0	43.0	52	39.0	173.0	322.0	322	245.0	0.0	1.0		149.0		DRS too short
YDR120C	IV	-	1713	1713	203.0	174.0	702.9	54.0	0.0		0	0.0	208.0	209.0	209	210.0		1.0		1.0		both too short
YDR121W	IV	+	591	591	7.0	12.0	423.7	50.0	124.0	152.0	152	120.0	109.0	113.0	113	108.0	1.0	1.0	28.0	4.0	both too long	both too long
YDR122W	IV	+	3195	3195	179.0	135.0	628.2	3.0	291.0		291	307.0	169.0		169	138.0						
YDR123C	IV	-	915	915	100.0	129.0	628.0	17.0	413.0	75.0	413	76.0	539.0	737.0	737	616.0	0.0	1.0		198.0		DRS too short
YDR124W	IV	+	975	975	49.0	60.0	601.5	8.0	541.0	454.0	541	94.0	849.0	344.0	849	380.0	0.0	0.0				
YDR125C	IV	-	1362	1362	47.0	39.0	639.5	2.0	0.0		0	86.0	997.0		997	1243.0						
YDR126W	IV	+	1011	1011	76.0	81.0	472.5	5.0	68.0	7.0	68	5.0	251.0	284.0	284	262.0	0.0	1.0		33.0		DRS too short
YDR127W	IV	+	4767	4767	436.0	593.0	995.3	3.0	154.0		154	23.0	58.0		58	70.0						
YDR128W	IV	+	3447	3447	461.0	107.0	530.0	1.0	28.0		28	15.0	134.0		134	136.0						
YDR129C	IV	-	2040	1929	563.0	745.0	969.2	356.0	491.0	636.0	636	46.0	147.0	141.0	147	146.0	1.0	0.0	145.0		both too long	
YDR130C	IV	-	876	876	51.0	46.0	687.1	8.0	21.0	27.0	27	28.0	99.0	308.0	308	270.0	1.0	1.0	6.0	209.0	both too short	DRS too short
YDR131C	IV	-	1671	1671	55.0	47.0	643.0	9.0	88.0	79.0	88	77.0	69.0	73.0	73	74.0	0.0	1.0		4.0		both too short
YDR132C	IV	-	1488	1488	335.0	77.0	477.6	10.0	126.0	202.0	202	75.0	116.0	116.0	116	117.0	1.0	0.0	76.0		both too long	
YDR133C	IV	-	336	336	724.0	1617.0	586.6	5119.0		532.0	532	236.0		120.0	120	174.0						
YDR135C	IV	-	4548	4548	429.0	430.0	711.3	3.0	77.0	42.0	77	70.0	99.0	105.0	105	94.0	0.0	1.0		6.0		both too long
YDR136C	IV	-	573	573	6.0		421.5	0.0			0				0							
YDR137W	IV	+	1992	1992	110.0	136.0	861.5	18.0	94.0		94	100.0	139.0		139	137.0						
YDR138W	IV	+	2259	2259	174.0	152.0	615.6	4.0	22.0	11.0	22	12.0	634.0	634.0	634	54.0	0.0	0.0				
YDR139C	IV	-	307	234	321.0	587.0	434.2	340.0	211.0	255.0	255	51.0	179.0	172.0	179	174.0	1.0	0.0	44.0		both too long	
YDR140W	IV	+	666	666	382.0	99.0	448.5	99.0	3.0	13.0	13	14.0	108.0	199.0	199	104.0	1.0	1.0	10.0	91.0	both too short	both too long
YDR141C	IV	-	5097	5097	152.0	149.0	850.2	0.0	290.0		290		77.0		77							
YDR142C	IV	-	1128	1128	65.0	63.0	706.7	6.0	215.0	216.0	216	177.0	67.0	125.0	125	126.0	1.0	1.0	1.0	58.0	both too long	both too short
YDR143C	IV	-	1833	1833	90.0	64.0	582.7	33.0	135.0	172.0	172	146.0	178.0	193.0	193	194.0	1.0	1.0	37.0	15.0	DRS too short	both too short
YDR144C	IV	-	1791	1791	127.0	168.0	882.2	208.0	138.0	139.0	139	140.0	93.0	389.0	389	83.0	1.0	1.0	1.0	296.0	both too short	both too long
YDR145W	IV	+	1620	1620	131.0	193.0	796.4	10.0	76.0	88.0	88	87.0	122.0	199.0	199	199.0	1.0	1.0	12.0	77.0	DRS too short	both too short
YDR146C	IV	-	2130	2130	103.0	37.0	536.6	2.0	153.0		153	167.0	168.0		168	66.0						
YDR147W	IV	+	1605	1605	121.0	62.0	609.9	22.0	423.0	449.0	449	448.0	28.0	35.0	35	37.0	1.0	1.0	26.0	7.0	DRS too short	both too short
YDR148C	IV	-	1392	1392	191.0	275.0	806.6	50.0	166.0	252.0	252	77.0	133.0	283.0	283	284.0	1.0	1.0	86.0	150.0	both too long	both too short
YDR149C	IV	-	708	708	14.0		398.0	0.0			0				0							
YDR150W	IV	+	8247	8247	139.0	115.0	640.7	0.0	57.0		57		62.0		62							
YDR151C	IV	-	978	978	229.0	247.0	759.7	4.0	158.0	173.0	173	167.0	187.0	317.0	317	118.0	1.0	1.0	15.0	130.0	DRS too short	both too long
YDR152W	IV	+	798	798	102.0	83.0	550.4	27.0	55.0	223.0	223	18.0	72.0	65.0	72	38.0	1.0	0.0	168.0		both too long	
YDR153C	IV	-	1236	1236	931.0	116.0	468.6	12.0	124.0	132.0	132	133.0	125.0	244.0	244	119.0	1.0	1.0	8.0	119.0	both too short	both too long
YDR154C	IV	-	351	351	2178.0	3414.0	569.6	2002.0	322.0	245.0	322	284.0	0.0	56.0	56	12.0	0.0	1.0		56.0		DRS too short
YDR155C	IV	-	489	489	2125.0	1839.0	570.6	4528.0	78.0	139.0	139	37.0	109.0	106.0	109	107.0	1.0	0.0	61.0		both too long	
YDR156W	IV	+	414	414	230.0	118.0	554.3	853.0	119.0	866.0	866	34.0	95.0	92.0	95	93.0	1.0	0.0	747.0		both too long	
YDR157W	IV	+	402	402	107.0	129.0	516.2	2.0	451.0		451	438.0	0.0		0	21.0						
YDR158W	IV	+	1098	1098	1879.0	2639.0	801.4	248.0	31.0	61.0	61	35.0	115.0	224.0	224	114.0	1.0	1.0	30.0	109.0	DRS too short	both too long
YDR159W	IV	+	3906	3906	843.0	61.0	408.7	1.0	61.0		61	90.0	39.0		39	41.0						
YDR160W	IV	+	2559	2559	48.0	42.0	682.5	0.0	166.0		166		68.0		68							
YDR161W	IV	+	1164	1164	191.0	227.0	742.5	32.0	47.0	47.0	47	41.0	84.0	221.0	221	82.0	0.0	1.0		137.0		both too long
YDR162C	IV	-	711	711	148.0	79.0	523.5	62.0	128.0	306.0	306	119.0	195.0	210.0	210	211.0	1.0	1.0	178.0	15.0	both too long	both too short
YDR163W	IV	+	528	528	60.0	84.0	486.7	1.0	62.0	54.0	62	55.0	102.0	104.0	104	105.0	0.0	1.0		2.0		both too short
YDR164C	IV	-	2175	2175	74.0	77.0	775.6	114.0	31.0	44.0	44	42.0	124.0	176.0	176	111.0	1.0	1.0	13.0	52.0	DRS too short	both too long
YDR165W	IV	+	1335	1335	267.0	415.0	724.8	50.0	29.0	11.0	29	42.0	89.0	651.0	651	82.0	0.0	1.0		562.0		both too long
YDR166C	IV	-	2916	2916	343.0	85.0	634.4	4.0	54.0		54	49.0	98.0		98	100.0						
YDR167W	IV	+	621	621	91.0	310.0	627.1	666.0	24.0	91.0	91	32.0	81.0	99.0	99	100.0	1.0	1.0	67.0	18.0	DRS too short	both too short
YDR168W	IV	+	1521	1521	596.0	588.0	1000.8	293.0	29.0	53.0	53	40.0	118.0	257.0	257	77.0	1.0	1.0	24.0	139.0	DRS too short	both too long
YDR169C	IV	-	1542	1542	174.0	67.0	553.4	37.0	354.0	365.0	365	366.0	139.0	231.0	231	397.0	1.0	1.0	11.0	92.0	both too short	both too short
YDR169C-A	IV	-	150	150	10.0	7.0	594.0	1.0			0	198.0			0	2621.0						
YDR170C	IV	-	6030	6030	572.0	560.0	827.8	0.0	90.0		90		203.0		203							
YDR171W	IV	+	1128	1128	1980.0	2483.0	796.1	42.0	76.0	85.0	85	86.0	68.0	83.0	83	84.0	1.0	1.0	9.0	15.0	both too short	both too short
YDR172W	IV	+	2058	2058	1103.0	893.0	585.7	216.0	41.0	64.0	64	44.0	91.0	178.0	178	176.0	1.0	1.0	23.0	87.0	DRS too short	DRS too short
YDR173C	IV	-	1068	1068	372.0	42.0	480.2	3.0	57.0	62.0	62	63.0	70.0	139.0	139	140.0	1.0	1.0	5.0	69.0	both too short	both too short
YDR174W	IV	+	741	741	372.0	502.0	762.6	778.0	21.0	22.0	22	23.0	170.0	374.0	374	172.0	1.0	1.0	1.0	204.0	both too short	DRS too short
YDR175C	IV	-	960	960	193.0	64.0	602.9	68.0	38.0	472.0	472	47.0	122.0	94.0	122	116.0	1.0	0.0	434.0		DRS too short	
YDR176W	IV	+	2109	2109	96.0	120.0	804.3	11.0	37.0	34.0	37	35.0	71.0	327.0	327	33.0	0.0	1.0		256.0		both too long
YDR177W	IV	+	648	648	411.0	471.0	693.9	49.0	103.0	107.0	107	98.0	66.0	155.0	155	111.0	1.0	1.0	4.0	89.0	both too long	DRS too short
YDR178W	IV	+	546	546	183.0	169.0	567.6	4253.0	108.0	185.0	185	102.0	196.0	195.0	196	196.0	1.0	0.0	77.0		both too long	
YDR179C	IV	-	489	489	103.0	49.0	612.7	20.0	21.0	34.0	34	35.0	112.0	148.0	148	123.0	1.0	1.0	13.0	36.0	both too short	DRS too short
YDR179W-A	IV	+	1392	1392	88.0	100.0	750.1	90.0	89.0	69.0	89	61.0	49.0	163.0	163	46.0	0.0	1.0		114.0		both too long
YDR180W	IV	+	4482	4482	132.0	71.0	654.6	4.0	132.0	149.0	149	143.0	50.0	50.0	50	51.0	1.0	0.0	17.0		DRS too short	
YDR181C	IV	-	1446	1446	81.0	112.0	718.4	14.0	15.0	22.0	22	1.0	142.0	205.0	205	186.0	1.0	1.0	7.0	63.0	both too long	DRS too short
YDR182W	IV	+	1476	1476	96.0	103.0	904.6	14.0	41.0	25.0	41	53.0	75.0	154.0	154	117.0	0.0	1.0		79.0		DRS too short
YDR182W-A	IV	+	204	204	83.0	85.0	513.9	2.0		1381.0	1381	11.0		64.0	64	279.0						
YDR183C-A	IV	-	258	258	70.0	63.0	689.6	16.0	893.0	578.0	893	888.0	1.0	5.0	5	6.0	0.0	1.0		4.0		both too short
YDR183W	IV	+	693	693	99.0	98.0	479.7	8.0	59.0	420.0	420	41.0	41.0	20.0	41	195.0	1.0	0.0	361.0		both too long	
YDR184C	IV	-	885	885	72.0	48.0	652.4	16.0	91.0	69.0	91	29.0	159.0	221.0	221	238.0	0.0	1.0		62.0		both too short
YDR185C	IV	-	540	540	128.0	148.0	576.7	30.0	248.0	102.0	248	103.0	157.0	222.0	222	126.0	0.0	1.0		65.0		both too long
YDR186C	IV	-	2634	2634	122.0	124.0	710.0	13.0	44.0		44	84.0	119.0		119	122.0						
YDR187C	IV	-	519	519				0.0			0				0							
YDR188W	IV	+	1641	1641	275.0	437.0	895.5	1671.0	51.0	488.0	488	61.0	166.0	162.0	166	163.0	1.0	0.0	437.0		DRS too short	
YDR189W	IV	+	2001	2001	546.0	202.0	631.8	20.0	40.0	47.0	47	42.0	120.0	113.0	120	114.0	1.0	0.0	7.0		DRS too short	
YDR190C	IV	-	1392	1392	448.0	634.0	868.8	353.0	45.0	45.0	45	46.0	81.0	299.0	299	77.0	0.0	1.0		218.0		both too long
YDR191W	IV	+	1113	1113	29.0	30.0	516.5	16.0	37.0	43.0	43	44.0	66.0	108.0	108	109.0	1.0	1.0	6.0	42.0	both too short	both too short
YDR192C	IV	-	1293	1293	34.0	31.0	646.7	20.0	66.0	78.0	78	45.0	87.0	91.0	91	92.0	1.0	1.0	12.0	4.0	both too long	both too short
YDR193W	IV	+	399	399	9.0		631.7	0.0	553.0		553	775.0	3.0		3	189.0						
YDR194C	IV	-	1995	1995	489.0	491.0	894.0	54.0	12.0	25.0	25	23.0	146.0	154.0	154	155.0	1.0	1.0	13.0	8.0	DRS too short	both too short
YDR194W-A	IV	+	153	153	10.0		464.2	0.0			0				0							
YDR195W	IV	+	1602	1602	120.0	65.0	737.0	35.0	230.0	253.0	253	239.0	77.0	78.0	78	84.0	1.0	1.0	23.0	1.0	DRS too short	both too short
YDR196C	IV	-	726	726	119.0	204.0	603.3	672.0	18.0	10.0	18	0.0	88.0	237.0	237	91.0	0.0	1.0		149.0		DRS too short
YDR197W	IV	+	1170	1170	111.0	81.0	569.3	20.0	34.0	32.0	34	33.0	55.0	370.0	370	129.0	0.0	1.0		315.0		DRS too short
YDR198C	IV	-	1440	1440	93.0	82.0	680.8	31.0	42.0	53.0	53	16.0	38.0	146.0	146	36.0	1.0	1.0	11.0	108.0	both too long	both too long
YDR199W	IV	+	366	366	38.0	54.0	834.7	0.0	42.0		42	19.0	908.0		908	22.0						
YDR200C	IV	-	1815	1815	66.0	56.0	956.8	88.0	66.0	42.0	66	65.0	133.0	134.0	134	136.0	0.0	1.0		1.0		both too short
YDR201W	IV	+	498	498	40.0	59.0	546.5	156.0	46.0	38.0	46	0.0	120.0	388.0	388	117.0	0.0	1.0		268.0		both too long
YDR202C	IV	-	1056	1056	71.0	51.0	702.7	69.0	23.0	30.0	30	31.0	39.0	155.0	155	36.0	1.0	1.0	7.0	116.0	both too short	both too long
YDR203W	IV	+	318	318	40.0	48.0	662.4	1.0	912.0		912	1.0	315.0		315	1277.0						
YDR204W	IV	+	1008	1008	57.0	90.0	787.4	42.0	25.0	11.0	25	12.0	93.0	271.0	271	86.0	0.0	1.0		178.0		both too long
YDR205W	IV	+	2175	2175	62.0	29.0	715.4	7.0	18.0	12.0	18	10.0	56.0	49.0	56	100.0	0.0	0.0				
YDR206W	IV	+	2655	2655	108.0	123.0	756.8	4.0	290.0		290	335.0	216.0		216	104.0						
YDR207C	IV	-	2511	2511	70.0	60.0	676.3	1.0	58.0		58	69.0	187.0		187	94.0						
YDR208W	IV	+	2340	2340	147.0	107.0	708.1	5.0	111.0	189.0	189	124.0	118.0	133.0	133	134.0	1.0	1.0	78.0	15.0	DRS too short	both too short
YDR209C	IV	-	414	414	424.0	579.0	515.0	0.0	280.0		280		43.0		43							
YDR210W	IV	+	228	228	356.0	470.0	524.7	44.0		260.0	260	8.0		405.0	405	183.0						
YDR211W	IV	+	2139	2139	254.0	356.0	985.8	16.0	67.0	87.0	87	51.0	150.0	339.0	339	152.0	1.0	1.0	20.0	189.0	both too long	DRS too short
YDR212W	IV	+	1680	1680	631.0	562.0	751.0	3438.0	73.0	67.0	73	65.0	84.0	739.0	739	88.0	0.0	1.0		655.0		DRS too short
YDR213W	IV	+	2742	2742	96.0	58.0	399.7	14.0	131.0	241.0	241	214.0	213.0	39.0	213	40.0	1.0	0.0	110.0		DRS too short	
YDR214W	IV	+	1053	1053	448.0	599.0	856.4	275.0	125.0	140.0	140	116.0	94.0	95.0	95	97.0	1.0	1.0	15.0	1.0	both too long	both too short
YDR215C	IV	-	414	414	165.0	6.0	436.2	3.0			0	121.0			0	1482.0						
YDR216W	IV	+	3972	3972	79.0	80.0	1015.2	1.0	500.0		500	499.0	313.0		313	282.0						
YDR217C	IV	-	3930	3930	111.0	107.0	804.6	1.0	36.0		36	41.0	77.0		77	45.0						
YDR218C	IV	-	1272	1272	27.0	8.0	457.7	0.0			0				0							
YDR219C	IV	-	1398	1398	49.0	69.0	810.5	31.0	213.0	255.0	255	204.0	203.0	192.0	203	200.0	1.0	0.0	42.0		both too long	
YDR220C	IV	-	294	294				0.0			0				0							
YDR221W	IV	+	2109	2109	62.0	69.0	877.7	82.0	5.0	20.0	20	13.0	533.0	530.0	533	531.0	1.0	0.0	15.0		DRS too short	
YDR222W	IV	+	1248	1248	149.0	141.0	888.0	13.0	109.0	272.0	272	36.0	160.0	150.0	160	151.0	1.0	0.0	163.0		both too long	
YDR223W	IV	+	1404	1404	386.0	57.0	310.3	2.0	708.0	115.0	708	116.0	250.0	353.0	353	354.0	0.0	1.0		103.0		both too short
YDR224C	IV	-	396	396	3105.0	3425.0	483.5	1280.0	113.0	115.0	115	34.0	111.0	141.0	141	127.0	1.0	1.0	2.0	30.0	both too long	DRS too short
YDR225W	IV	+	399	399	4075.0	5845.0	597.4	1997.0	88.0	696.0	696	75.0	162.0	154.0	162	159.0	1.0	0.0	608.0		both too long	
YDR226W	IV	+	669	669	2658.0	1183.0	579.1	1986.0	57.0	288.0	288	23.0	129.0	116.0	129	127.0	1.0	0.0	231.0		both too long	
YDR227W	IV	+	4077	4077	376.0	88.0	505.3	3.0	235.0	126.0	235	127.0	170.0	165.0	170	166.0	0.0	0.0				
YDR228C	IV	-	1881	1881	135.0	90.0	562.6	2.0	78.0	90.0	90	91.0	73.0	65.0	73	66.0	1.0	0.0	12.0		both too short	
YDR229W	IV	+	1362	1362	91.0	38.0	514.1	48.0	88.0	140.0	140	101.0	56.0	63.0	63	54.0	1.0	1.0	52.0	7.0	DRS too short	both too long
YDR230W	IV	+	348	348	26.0	12.0	578.5	0.0	137.0		137		278.0		278							
YDR231C	IV	-	618	618	34.0	54.0	477.1	230.0	24.0	24.0	24	16.0	102.0	292.0	292	171.0	0.0	1.0		190.0		DRS too short
YDR232W	IV	+	1647	1647	338.0	240.0	607.1	26.0	248.0	250.0	250	251.0	174.0	427.0	427	181.0	1.0	1.0	2.0	253.0	both too short	DRS too short
YDR233C	IV	-	888	888	753.0	831.0	803.7	246.0	50.0	288.0	288	59.0	94.0	145.0	145	146.0	1.0	1.0	238.0	51.0	DRS too short	both too short
YDR234W	IV	+	2082	2082	229.0	359.0	885.9	281.0	73.0	143.0	143	52.0	118.0	165.0	165	102.0	1.0	1.0	70.0	47.0	both too long	both too long
YDR235W	IV	+	1635	1635	360.0	179.0	687.5	66.0	20.0	22.0	22	0.0	69.0	82.0	82	83.0	1.0	1.0	2.0	13.0		both too short
YDR236C	IV	-	657	657	161.0	217.0	574.8	281.0	460.0	453.0	460	25.0	110.0	96.0	110	109.0	0.0	0.0				
YDR237W	IV	+	879	879	276.0	141.0	587.6	60.0	131.0	141.0	141	142.0	128.0	287.0	287	126.0	1.0	1.0	10.0	159.0	both too short	both too long
YDR238C	IV	-	2922	2922	351.0	472.0	837.5	58.0	48.0	28.0	48	29.0	197.0	350.0	350	196.0	0.0	1.0		153.0		both too long
YDR239C	IV	-	2364	2364	69.0	55.0	552.5	26.0	59.0		59	25.0	78.0		78	80.0						
YDR240C	IV	-	1479	1479	137.0	59.0	568.2	49.0	36.0	52.0	52	20.0	58.0	58.0	58	59.0	1.0	0.0	16.0		both too long	
YDR241W	IV	+	288	288	91.0	156.0	470.6	1.0	97.0		97	1621.0	403.0		403	372.0						
YDR242W	IV	+	1650	1650	126.0	90.0	638.7	13.0	160.0	114.0	160	96.0	103.0	94.0	103	95.0	0.0	0.0				
YDR243C	IV	-	1767	1767	63.0	66.0	935.0	5.0	20.0	31.0	31	29.0	19.0	62.0	62	19.0	1.0	1.0	11.0	43.0	DRS too short	both too long
YDR244W	IV	+	1839	1839	48.0	73.0	721.0	18.0	14.0	28.0	28	25.0	111.0	193.0	193	111.0	1.0	1.0	14.0	82.0	DRS too short	both too long
YDR245W	IV	+	1182	1182	199.0	256.0	692.7	30.0	86.0	121.0	121	84.0	146.0	150.0	150	147.0	1.0	1.0	35.0	4.0	both too long	DRS too short
YDR246W	IV	+	660	660	126.0	32.0	444.1	21.0	24.0	34.0	34	35.0	157.0	203.0	203	150.0	1.0	1.0	10.0	46.0	both too short	both too long
YDR246W-A	IV	+	201	201	36.0	46.0	578.0	0.0	868.0		868		176.0		176							
YDR247W	IV	+	1386	1386	81.0	23.0	599.5	6.0	540.0	368.0	540	229.0	347.0	371.0	371	390.0	0.0	1.0		24.0		both too short
YDR248C	IV	-	582	582	81.0	131.0	540.1	64.0	320.0	69.0	320	58.0	106.0	272.0	272	87.0	0.0	1.0		166.0		both too long
YDR249C	IV	-	1122	1122	55.0	65.0	700.5	12.0	262.0	228.0	262	58.0	117.0	113.0	117	116.0	0.0	0.0				
YDR250C	IV	-	276	276				1.0		165.0	165	166.0		127.0	127	128.0						
YDR251W	IV	+	2493	2493	139.0	205.0	1133.4	11.0	291.0	305.0	305	306.0	178.0	134.0	178	135.0	1.0	0.0	14.0		both too short	
YDR252W	IV	+	450	450	93.0	38.0	547.7	13.0	7.0	27.0	27	8.0	600.0	888.0	888	665.0	1.0	1.0	20.0	288.0	DRS too short	DRS too short
YDR253C	IV	-	576	576	53.0	42.0	544.0	12.0	240.0	238.0	240	203.0	509.0	79.0	509	80.0	0.0	0.0				
YDR254W	IV	+	1377	1377	52.0	63.0	648.7	5.0	151.0	86.0	151	72.0	31.0	582.0	582	31.0	0.0	1.0		551.0		both too long
YDR255C	IV	-	1266	1266	59.0	42.0	789.1	14.0	34.0	48.0	48	45.0	18.0	303.0	303	958.0	1.0	1.0	14.0	285.0	DRS too short	both too short
YDR256C	IV	-	1548	1548	75.0	24.0	516.7	2.0	116.0		116	42.0	122.0		122	180.0						
YDR257C	IV	-	1485	1485	595.0	148.0	531.4	34.0	11.0	22.0	22	4.0	296.0	327.0	327	315.0	1.0	1.0	11.0	31.0	both too long	DRS too short
YDR258C	IV	-	2436	2436	1082.0	1553.0	950.5	138.0	22.0	28.0	28	29.0	113.0	105.0	113	106.0	1.0	0.0	6.0		both too short	
YDR259C	IV	-	1152	1152	67.0	71.0	383.8	3.0	201.0	454.0	454	221.0	138.0	134.0	138	144.0	1.0	0.0	253.0		DRS too short	
YDR260C	IV	-	513	513	111.0	71.0	516.5	244.0	107.0	48.0	107	40.0	340.0	639.0	639	373.0	0.0	1.0		299.0		DRS too short
YDR261C	IV	-	1689	1689	160.0	183.0	705.6	45.0	44.0	119.0	119	35.0	122.0	139.0	139	114.0	1.0	1.0	75.0	17.0	both too long	both too long
YDR262W	IV	+	819	819	130.0	194.0	645.4	401.0	296.0	10.0	296	11.0	198.0	517.0	517	196.0	0.0	1.0		319.0		both too long
YDR263C	IV	-	1293	1293	117.0	51.0	530.4	4.0	672.0	76.0	672	99.0	113.0	100.0	113	101.0	0.0	0.0				
YDR264C	IV	-	2295	2295	119.0	138.0	914.3	50.0	57.0	62.0	62	26.0	263.0	464.0	464	274.0	1.0	1.0	5.0	201.0	both too long	DRS too short
YDR265W	IV	+	1014	1014	126.0	103.0	602.2	6.0	276.0	229.0	276	44.0	185.0	214.0	214	187.0	0.0	1.0		29.0		DRS too short
YDR266C	IV	-	1920	1920	167.0	156.0	633.3	15.0	204.0	215.0	215	216.0	125.0	127.0	127	134.0	1.0	1.0	11.0	2.0	both too short	both too short
YDR267C	IV	-	993	993	61.0	95.0	739.1	12.0	60.0	292.0	292	71.0	155.0	145.0	155	146.0	1.0	0.0	232.0		DRS too short	
YDR268W	IV	+	1140	1140	23.0	50.0	727.2	33.0	200.0	168.0	200	51.0	105.0	109.0	109	103.0	0.0	1.0		4.0		both too long
YDR269C	IV	-	324	324	21.0		381.4	0.0			0				0							
YDR270W	IV	+	3015	3015	21.0	19.0	736.8	6.0	95.0		95	79.0	80.0		80	78.0						
YDR271C	IV	-	372	372	12.0		655.0	1.0		26.0	26	27.0		416.0	416	417.0						
YDR272W	IV	+	825	825	203.0	219.0	776.9	92.0	46.0	56.0	56	57.0	48.0	1023.0	1023	43.0	1.0	1.0	10.0	975.0	both too short	both too long
YDR273W	IV	+	1098	1098	85.0	72.0	481.8	8.0	974.0	520.0	974	1223.0	24.0	32.0	32	33.0	0.0	1.0		8.0		both too short
YDR274C	IV	-	372	372	9.0		352.7	1.0			0	911.0			0	346.0						
YDR275W	IV	+	708	708	944.0	232.0	496.1	125.0	152.0	678.0	678	673.0	290.0	300.0	300	285.0	1.0	1.0	526.0	10.0	DRS too short	both too long
YDR276C	IV	-	168	168	870.0	1504.0	405.4	1334.0		235.0	235	75.0		485.0	485	192.0						
YDR277C	IV	-	1302	1302	138.0	217.0	632.8	1707.0	300.0	160.0	300	158.0	193.0	278.0	278	191.0	0.0	1.0		85.0		both too long
YDR278C	IV	-	318	318	16.0		352.1	0.0			0				0							
YDR279W	IV	+	1053	1053	84.0	63.0	746.5	10.0	110.0	266.0	266	67.0	37.0	26.0	37	27.0	1.0	0.0	156.0		both too long	
YDR280W	IV	+	918	918	265.0	265.0	702.0	48.0	130.0	847.0	847	108.0	105.0	106.0	106	104.0	1.0	1.0	717.0	1.0	both too long	both too long
YDR281C	IV	-	315	315	103.0	96.0	438.5	90.0		114.0	114	31.0		339.0	339	176.0						
YDR282C	IV	-	1245	1245	85.0	77.0	536.2	61.0	120.0	6.0	120	7.0	185.0	290.0	290	192.0	0.0	1.0		105.0		DRS too short
YDR283C	IV	-	4980	4980	95.0	78.0	790.7	0.0	153.0		153		151.0		151							
YDR284C	IV	-	870	870	175.0	203.0	862.3	37.0	276.0	288.0	288	281.0	59.0	172.0	172	87.0	1.0	1.0	12.0	113.0	DRS too short	DRS too short
YDR285W	IV	+	2628	2628	77.0	58.0	593.5	0.0	146.0		146	525.0	163.0		163	186.0						
YDR286C	IV	-	345	345	45.0	85.0	485.6	188.0	13.0	217.0	217	6.0	88.0	120.0	120	86.0	1.0	1.0	204.0	32.0	both too long	both too long
YDR287W	IV	+	879	879	63.0	45.0	608.0	70.0	196.0	777.0	777	32.0	83.0	90.0	90	86.0	1.0	1.0	581.0	7.0	both too long	DRS too short
YDR288W	IV	+	912	912	114.0	108.0	659.7	8.0	580.0	58.0	580	33.0	153.0	181.0	181	163.0	0.0	1.0		28.0		DRS too short
YDR289C	IV	-	1230	1230	97.0	102.0	684.1	9.0	56.0	66.0	66	26.0	83.0	424.0	424	68.0	1.0	1.0	10.0	341.0	both too long	both too long
YDR290W	IV	+	330	330				0.0			0				0							
YDR291W	IV	+	3234	3234	152.0	61.0	548.2	1.0	27.0		27	38.0	138.0		138	290.0						
YDR292C	IV	-	1866	1866	295.0	330.0	790.7	87.0	123.0	141.0	141	132.0	64.0	192.0	192	79.0	1.0	1.0	18.0	128.0	DRS too short	DRS too short
YDR293C	IV	-	3753	3753	191.0	245.0	1116.1	1.0	351.0	105.0	351	106.0	326.0	326.0	326	327.0	0.0	0.0				
YDR294C	IV	-	1770	1770	224.0	183.0	718.5	355.0	45.0	94.0	94	33.0	55.0	53.0	55	45.0	1.0	0.0	49.0		both too long	
YDR295C	IV	-	2025	2025	63.0	86.0	990.6	13.0	102.0	262.0	262	263.0	86.0	80.0	86	81.0	1.0	0.0	160.0		both too short	
YDR296W	IV	+	681	681	101.0	127.0	640.6	661.0	55.0	33.0	55	53.0	90.0	246.0	246	87.0	0.0	1.0		156.0		both too long
YDR297W	IV	+	1050	1050	433.0	342.0	675.7	60.0	103.0	169.0	169	36.0	165.0	162.0	165	163.0	1.0	0.0	66.0		both too long	
YDR298C	IV	-	639	639	459.0	522.0	676.9	5229.0	168.0	541.0	541	118.0	165.0	175.0	175	177.0	1.0	1.0	373.0	10.0	both too long	both too short
YDR299W	IV	+	1605	1605	157.0	96.0	618.3	39.0	43.0	34.0	43	52.0	96.0	291.0	291	77.0	0.0	1.0		195.0		both too long
YDR300C	IV	-	1287	1287	167.0	227.0	776.9	150.0	50.0	69.0	69	52.0	112.0	653.0	653	110.0	1.0	1.0	19.0	541.0	DRS too short	both too long
YDR301W	IV	+	4074	4074	81.0	103.0	923.3	5.0	61.0		61	70.0	135.0		135	131.0						
YDR302W	IV	+	660	660	200.0	179.0	531.8	374.0		42.0	42	43.0		200.0	200	73.0						
YDR303C	IV	-	2658	2658	205.0	167.0	719.1	25.0	275.0	321.0	321	292.0	124.0	114.0	124	107.0	1.0	0.0	46.0		DRS too short	
YDR304C	IV	-	678	678	166.0	214.0	585.6	303.0	43.0	253.0	253	30.0	73.0	69.0	73	72.0	1.0	0.0	210.0		both too long	
YDR305C	IV	-	743	654	199.0	196.0	553.9	3.0	569.0	621.0	621	2.0	59.0	86.0	86	65.0	1.0	1.0	52.0	27.0	both too long	DRS too short
YDR306C	IV	-	1437	1437	86.0	77.0	832.2	41.0	44.0	170.0	170	52.0	98.0	188.0	188	95.0	1.0	1.0	126.0	90.0	DRS too short	both too long
YDR307W	IV	+	1989	1989	224.0	64.0	644.6	45.0	49.0	58.0	58	59.0	115.0	196.0	196	136.0	1.0	1.0	9.0	81.0	both too short	DRS too short
YDR308C	IV	-	423	423	212.0	346.0	499.0	113.0	45.0	40.0	45	41.0	113.0	2253.0	2253	108.0	0.0	1.0		2140.0		both too long
YDR309C	IV	-	1152	1152	81.0	76.0	615.0	86.0	66.0	179.0	179	50.0	365.0	363.0	365	17.0	1.0	0.0	113.0		both too long	
YDR310C	IV	-	3189	3189	83.0	108.0	802.9	6.0	278.0		278	278.0	197.0		197	195.0						
YDR311W	IV	+	1929	1929	116.0	128.0	808.1	58.0	21.0	35.0	35	25.0	99.0	103.0	103	102.0	1.0	1.0	14.0	4.0	DRS too short	DRS too short
YDR312W	IV	+	1362	1362	76.0	64.0	528.5	26.0	55.0	57.0	57	32.0	96.0	222.0	222	99.0	1.0	1.0	2.0	126.0	both too long	DRS too short
YDR313C	IV	-	861	861	69.0	73.0	520.9	6.0	763.0	430.0	763	19.0	131.0	177.0	177	178.0	0.0	1.0		46.0		both too short
YDR314C	IV	-	2079	2079	45.0	14.0	677.2	5.0	53.0		53	94.0	1.0		1	107.0						
YDR315C	IV	-	846	846	48.0	81.0	709.2	3.0	36.0	26.0	36	47.0	87.0	189.0	189	135.0	0.0	1.0		102.0		DRS too short
YDR316W	IV	+	1416	1416	114.0	78.0	609.1	118.0	23.0	36.0	36	14.0	83.0	78.0	83	79.0	1.0	0.0	13.0		both too long	
YDR317W	IV	+	1245	1245	273.0	50.0	475.2	5.0	133.0	33.0	133	51.0	103.0	125.0	125	81.0	0.0	1.0		22.0		both too long
YDR318W	IV	+	1190	1107	146.0	54.0	696.8	19.0	60.0	32.0	60	16.0	140.0	137.0	140	138.0	0.0	0.0				
YDR319C	IV	-	825	825	127.0	201.0	587.1	25.0	256.0	46.0	256	79.0	77.0	862.0	862	74.0	0.0	1.0		785.0		both too long
YDR320C	IV	-	2007	2007	148.0	68.0	547.4	256.0	15.0	35.0	35	25.0	96.0	90.0	96	91.0	1.0	0.0	20.0		DRS too short	
YDR320C-A	IV	-	219	219	86.0	388.0	324.4	205.0		9.0	9	0.0		151.0	151	79.0						
YDR320W-B	IV	+	138	138	108.0	6.0	322.4	6.0		227.0	227	228.0		554.0	554	1336.0						
YDR321W	IV	+	1146	1146	486.0	452.0	693.6	35.0	33.0	30.0	33	31.0	95.0	253.0	253	105.0	0.0	1.0		158.0		DRS too short
YDR322C-A	IV	-	291	291	428.0	1240.0	473.5	15358.0	34.0	46.0	46	18.0	211.0	339.0	339	206.0	1.0	1.0	12.0	128.0	both too long	both too long
YDR322W	IV	+	1104	1104	604.0	70.0	479.8	33.0	14.0	25.0	25	26.0	99.0	110.0	110	94.0	1.0	1.0	11.0	11.0	both too short	both too long
YDR323C	IV	-	1548	1548	607.0	119.0	487.8	15.0	438.0	29.0	438	30.0	95.0	146.0	146	147.0	0.0	1.0		51.0		both too short
YDR324C	IV	-	2331	2331	287.0	412.0	761.0	1.0	319.0		319	11.0	183.0		183	191.0						
YDR325W	IV	+	3108	3108	118.0	82.0	752.0	2.0	279.0		279	262.0	67.0		67	307.0						
YDR326C	IV	-	4317	4317	232.0	163.0	709.6	1.0	201.0		201	192.0	145.0		145	145.0						
YDR327W	IV	+	327	327	182.0	254.0	560.4	0.0	87.0		87		445.0		445							
YDR328C	IV	-	585	585	181.0	247.0	603.3	2668.0	63.0	66.0	66	67.0	194.0	288.0	288	193.0	1.0	1.0	3.0	94.0	both too short	both too long
YDR329C	IV	-	1326	1326	183.0	152.0	883.0	92.0	18.0	21.0	21	22.0	67.0	105.0	105	73.0	1.0	1.0	3.0	38.0	both too short	DRS too short
YDR330W	IV	+	1503	1503	58.0	89.0	870.1	134.0	61.0	77.0	77	59.0	73.0	228.0	228	207.0	1.0	1.0	16.0	155.0	both too long	DRS too short
YDR331W	IV	+	1236	1236	108.0	101.0	689.7	39.0	43.0	44.0	44	21.0	57.0	137.0	137	134.0	1.0	1.0	1.0	80.0	both too long	DRS too short
YDR332W	IV	+	2070	2070	126.0	69.0	537.3	97.0	12.0	24.0	24	25.0	58.0	84.0	84	79.0	1.0	1.0	12.0	26.0	both too short	DRS too short
YDR333C	IV	-	2172	2172	126.0	157.0	751.4	19.0	21.0	36.0	36	37.0	214.0	238.0	238	216.0	1.0	1.0	15.0	24.0	both too short	DRS too short
YDR334W	IV	+	4545	4545	86.0	108.0	672.3	0.0	153.0		153		112.0		112							
YDR335W	IV	+	3675	3675	92.0	110.0	651.3	16.0	360.0	356.0	360	357.0	97.0	111.0	111	90.0	0.0	1.0		14.0		both too long
YDR336W	IV	+	945	945	131.0	137.0	665.3	55.0	38.0	71.0	71	7.0	65.0	97.0	97	61.0	1.0	1.0	33.0	32.0	both too long	both too long
YDR337W	IV	+	861	861	137.0	102.0	545.8	32.0	52.0	66.0	66	49.0	59.0	228.0	228	52.0	1.0	1.0	14.0	169.0	both too long	both too long
YDR338C	IV	-	2088	2088	182.0	78.0	522.3	82.0	271.0	250.0	271	59.0	125.0	123.0	125	134.0	0.0	0.0				
YDR339C	IV	-	570	570	193.0	330.0	572.8	173.0	32.0	19.0	32	24.0	93.0	491.0	491	79.0	0.0	1.0		398.0		both too long
YDR340W	IV	+	303	303	240.0		366.5	0.0			0				0							
YDR341C	IV	-	1824	1824	1185.0	896.0	778.0	2040.0	42.0	100.0	100	21.0	89.0	149.0	149	88.0	1.0	1.0	58.0	60.0	both too long	both too long
YDR342C	IV	-	1713	1713	2120.0	2586.0	1084.0	685.0	77.0	483.0	483	86.0	150.0	141.0	150	142.0	1.0	0.0	406.0		DRS too short	
YDR343C	IV	-	1713	1713	477.0	475.0	924.8	3.0	82.0		82	86.0	153.0		153	160.0						
YDR344C	IV	-	444	444	906.0		382.1	0.0			0				0							
YDR345C	IV	-	1704	1704	2449.0	3303.0	892.8	4181.0	14.0	101.0	101	32.0	147.0	138.0	147	144.0	1.0	0.0	87.0		DRS too short	
YDR346C	IV	-	1446	1446	937.0	911.0	603.9	152.0	150.0	226.0	226	157.0	282.0	318.0	318	315.0	1.0	1.0	76.0	36.0	DRS too short	DRS too short
YDR347W	IV	+	966	966	134.0	156.0	711.2	78.0	105.0	116.0	116	64.0	118.0	123.0	123	117.0	1.0	1.0	11.0	5.0	both too long	both too long
YDR348C	IV	-	1500	1500	140.0	70.0	433.6	47.0	189.0	242.0	242	199.0	170.0	286.0	286	174.0	1.0	1.0	53.0	116.0	DRS too short	DRS too short
YDR349C	IV	-	1791	1791	264.0	196.0	674.8	97.0	102.0	112.0	112	105.0	104.0	153.0	153	122.0	1.0	1.0	10.0	49.0	DRS too short	DRS too short
YDR350C	IV	-	2055	2055	154.0	134.0	781.0	36.0	39.0	27.0	39	28.0	78.0	72.0	78	75.0	0.0	0.0				
YDR351W	IV	+	2595	2595	184.0	217.0	886.3	2.0	210.0		210	49.0	150.0		150	154.0						
YDR352W	IV	+	954	954	187.0	216.0	664.2	12.0	489.0	116.0	489	178.0	223.0	560.0	560	237.0	0.0	1.0		337.0		DRS too short
YDR353W	IV	+	960	960	875.0	1131.0	772.9	320.0	79.0	75.0	79	48.0	71.0	275.0	275	51.0	0.0	1.0		204.0		both too long
YDR354C-A	IV	-	144	144	124.0		641.5	0.0			0				0							
YDR354W	IV	+	1143	1143	385.0	324.0	495.7	86.0	114.0	125.0	125	76.0	74.0	111.0	111	69.0	1.0	1.0	11.0	37.0	both too long	both too long
YDR355C	IV	-	303	303	66.0		472.8	0.0			0				0							
YDR356W	IV	+	2835	2835	210.0	84.0	568.1	4.0	15.0		15	27.0	274.0		274	274.0						
YDR357C	IV	-	369	369	114.0	239.0	502.8	52.0	112.0	200.0	200	79.0	98.0	105.0	105	67.0	1.0	1.0	88.0	7.0	both too long	both too long
YDR358W	IV	+	1674	1674	138.0	102.0	632.6	8.0	31.0	51.0	51	52.0	169.0	194.0	194	161.0	1.0	1.0	20.0	25.0	both too short	both too long
YDR359C	IV	-	2949	2949	138.0	23.0	440.8	4.0	41.0		41	315.0	126.0		126	183.0						
YDR360W	IV	+	435	435	119.0		428.9	0.0			0	1870.0			0	188.0						
YDR361C	IV	-	852	852	278.0	458.0	752.3	138.0	30.0	33.0	33	26.0	248.0	361.0	361	251.0	1.0	1.0	3.0	113.0	both too long	DRS too short
YDR362C	IV	-	2019	2019	63.0	78.0	832.0	136.0	96.0	109.0	109	110.0	61.0	214.0	214	51.0	1.0	1.0	13.0	153.0	both too short	both too long
YDR363W	IV	+	1371	1371	66.0	79.0	810.0	27.0	166.0	176.0	176	176.0	287.0	937.0	937	819.0	1.0	1.0	10.0	650.0	both too short	DRS too short
YDR363W-A	IV	+	270	270	442.0	753.0	437.0	221.0	25.0	119.0	119	22.0	170.0	408.0	408	75.0	1.0	1.0	94.0	238.0	both too long	both too long
YDR364C	IV	-	1368	1368	533.0	105.0	479.8	21.0	21.0	31.0	31	23.0	375.0	472.0	472	473.0	1.0	1.0	10.0	97.0	DRS too short	both too short
YDR365C	IV	-	1887	1887	113.0	208.0	616.3	182.0	61.0	86.0	86	64.0	94.0	112.0	112	92.0	1.0	1.0	25.0	18.0	DRS too short	both too long
YDR366C	IV	-	399	399	806.0	27114.0	739.7	0.0	0.0		0		433.0		433							
YDR367W	IV	+	767	666	321.0	197.0	515.2	45.0	110.0	123.0	123	37.0	35.0	195.0	195	36.0	1.0	1.0	13.0	160.0	both too long	DRS too short
YDR368W	IV	+	939	939	298.0	307.0	724.8	1620.0	232.0	138.0	232	51.0	166.0	151.0	166	162.0	0.0	0.0				
YDR369C	IV	-	2565	2565	191.0	97.0	632.8	9.0	12.0		12	12.0	107.0		107	106.0						
YDR370C	IV	-	1329	1329	76.0	106.0	878.0	11.0	3.0	64.0	64	10.0	57.0	117.0	117	53.0	1.0	1.0	61.0	60.0	DRS too short	both too long
YDR371C-A	IV	-	105	105	12.0	8.0	421.8	1.0		283.0	283	284.0		168.0	168	169.0						
YDR371W	IV	+	1536	1536	299.0	132.0	625.8	32.0	67.0	114.0	114	60.0	99.0	100.0	100	138.0	1.0	1.0	47.0	1.0	both too long	both too short
YDR372C	IV	-	1038	1038	563.0	740.0	919.5	30.0	275.0	297.0	297	271.0	146.0	219.0	219	153.0	1.0	1.0	22.0	73.0	both too long	DRS too short
YDR373W	IV	+	573	573	181.0	359.0	590.4	1.0	88.0	76.0	88	77.0	108.0	130.0	130	131.0	0.0	1.0		22.0		both too short
YDR374C	IV	-	921	921	267.0	15.0	540.6	0.0			0				0							
YDR374W-A	IV	+	270	270	76.0	176.0	417.9	93.0		26.0	26	21.0		293.0	293	176.0						
YDR375C	IV	-	1371	1371	90.0	56.0	590.6	5.0	30.0	42.0	42	21.0	60.0	57.0	60	58.0	1.0	0.0	12.0		both too long	
YDR376W	IV	+	1482	1482	545.0	83.0	624.4	37.0	244.0	92.0	244	63.0	38.0	165.0	165	35.0	0.0	1.0		127.0		both too long
YDR377W	IV	+	306	306	824.0	2088.0	534.8	809.0	83.0	79.0	83	29.0	286.0	726.0	726	284.0	0.0	1.0		440.0		both too long
YDR378C	IV	-	261	261	936.0	261.0	546.9	476.0	27.0	451.0	451	18.0	170.0	208.0	208	209.0	1.0	1.0	424.0	38.0	both too long	both too short
YDR379C-A	IV	-	240	240	164.0	202.0	451.4	16.0		248.0	248	6.0		129.0	129	154.0						
YDR379W	IV	+	3030	3030	281.0	110.0	502.8	4.0	111.0	75.0	111	76.0	85.0	77.0	85	78.0	0.0	0.0				
YDR380W	IV	+	1908	1908	572.0	795.0	936.3	119.0	200.0	102.0	200	105.0	126.0	143.0	143	128.0	0.0	1.0		17.0		DRS too short
YDR381C-A	IV	-	539	345	1281.0	159.0	538.2	520.0	184.0	157.0	184	1.0	108.0	113.0	113	118.0	0.0	1.0		5.0		both too short
YDR381W	IV	+	1447	681	1665.0	2077.0	673.1	100.0	67.0	96.0	96	97.0	115.0	347.0	347	192.0	1.0	1.0	29.0	232.0	both too short	DRS too short
YDR382W	IV	+	333	333	4181.0	8859.0	489.4	2566.0	84.0	80.0	84	81.0	139.0	242.0	242	145.0	0.0	1.0		103.0		DRS too short
YDR383C	IV	-	717	717	4267.0	45.0	488.0	15.0	295.0	219.0	295	19.0	64.0	74.0	74	75.0	0.0	1.0		10.0		both too short
YDR384C	IV	-	828	828	82.0	108.0	658.6	109.0	338.0	507.0	507	85.0	164.0	159.0	164	161.0	1.0	0.0	169.0		both too long	
YDR385W	IV	+	2529	2529	3166.0	4519.0	1104.8	438.0	48.0	87.0	87	36.0	153.0	190.0	190	152.0	1.0	1.0	39.0	37.0	both too long	both too long
YDR386W	IV	+	1899	1899	1347.0	42.0	505.3	22.0	8.0	20.0	20	21.0	99.0	108.0	108	109.0	1.0	1.0	12.0	9.0	both too short	both too short
YDR387C	IV	-	1668	1668	60.0	65.0	725.2	13.0	92.0	145.0	145	146.0	131.0	182.0	182	183.0	1.0	1.0	53.0	51.0	both too short	both too short
YDR388W	IV	+	1449	1449	194.0	198.0	892.7	17885.0	40.0	50.0	50	51.0	114.0	517.0	517	121.0	1.0	1.0	10.0	403.0	both too short	DRS too short
YDR389W	IV	+	1965	1965	94.0	82.0	547.4	4.0	438.0	515.0	515	449.0	197.0	309.0	309	184.0	1.0	1.0	77.0	112.0	DRS too short	both too long
YDR390C	IV	-	1911	1911	144.0	98.0	548.7	243.0	18.0	28.0	28	29.0	54.0	98.0	98	52.0	1.0	1.0	10.0	44.0	both too short	both too long
YDR391C	IV	-	699	699	188.0	237.0	675.0	90.0	384.0	457.0	457	11.0	66.0	80.0	80	81.0	1.0	1.0	73.0	14.0	both too long	both too short
YDR392W	IV	+	1014	1014	88.0	112.0	584.8	66.0	59.0	40.0	59	41.0	131.0	274.0	274	130.0	0.0	1.0		143.0		both too long
YDR393W	IV	+	1371	1371	101.0	102.0	587.1	24.0	140.0	87.0	140	26.0	170.0	188.0	188	113.0	0.0	1.0		18.0		both too long
YDR394W	IV	+	1287	1287	222.0	268.0	850.4	631.0	93.0	315.0	315	53.0	94.0	81.0	94	87.0	1.0	0.0	222.0		both too long	
YDR395W	IV	+	2835	2835	361.0	380.0	788.8	35.0	111.0	129.0	129	116.0	97.0	96.0	97	97.0	1.0	0.0	18.0		DRS too short	
YDR396W	IV	+	501	501	208.0	99.0	482.9	0.0	116.0		116		59.0		59							
YDR397C	IV	-	533	441	226.0	228.0	501.4	1634.0	65.0	287.0	287	77.0	98.0	180.0	180	98.0	1.0	1.0	222.0	82.0	DRS too short	both too long
YDR398W	IV	+	1932	1932	47.0	55.0	495.3	234.0	63.0	113.0	113	35.0	125.0	136.0	136	99.0	1.0	1.0	50.0	11.0	both too long	both too long
YDR399W	IV	+	666	666	1171.0	1776.0	703.6	558.0	51.0	68.0	68	69.0	114.0	240.0	240	106.0	1.0	1.0	17.0	126.0	both too short	both too long
YDR400W	IV	+	1023	1023	714.0	225.0	627.4	22.0	63.0	56.0	63	20.0	156.0	249.0	249	154.0	0.0	1.0		93.0		both too long
YDR401W	IV	+	564	564	60.0	5.0	544.1	1.0			0	1227.0			0	1830.0						
YDR402C	IV	-	1470	1470	63.0		590.9	0.0			0				0							
YDR403W	IV	+	1611	1611	121.0	47.0	567.0	3.0	3.0		3	50.0	62.0		62	205.0						
YDR404C	IV	-	516	516	145.0	212.0	627.3	382.0	196.0	737.0	737	192.0	157.0	141.0	157	148.0	1.0	0.0	541.0		both too long	
YDR405W	IV	+	792	792	36.0	37.0	594.7	168.0	62.0	49.0	62	53.0	142.0	763.0	763	106.0	0.0	1.0		621.0		both too long
YDR406W	IV	+	4590	4590	109.0	64.0	644.4	1.0	99.0		99	130.0	121.0		121	120.0						
YDR406W-A	IV	+	246	246	42.0	92.0	518.7	0.0	770.0		770		918.0		918							
YDR407C	IV	-	3870	3870	229.0	103.0	665.5	3.0	68.0	121.0	121	106.0	72.0	68.0	72	69.0	1.0	0.0	53.0		DRS too short	
YDR408C	IV	-	645	645	137.0	244.0	555.8	661.0	263.0	291.0	291	46.0	93.0	92.0	93	184.0	1.0	0.0	28.0		both too long	
YDR409W	IV	+	2715	2715	159.0	86.0	645.9	0.0	32.0		32		245.0		245							
YDR410C	IV	-	720	720	135.0	205.0	573.5	13.0	59.0	69.0	69	18.0	25.0	102.0	102	103.0	1.0	1.0	10.0	77.0	both too long	both too short
YDR411C	IV	-	1026	1026	71.0	74.0	807.8	42.0	38.0	49.0	49	50.0	65.0	112.0	112	64.0	1.0	1.0	11.0	47.0	both too short	both too long
YDR412W	IV	+	708	708	85.0	90.0	400.1	778.0	53.0	66.0	66	49.0	59.0	233.0	233	141.0	1.0	1.0	13.0	174.0	both too long	DRS too short
YDR413C	IV	-	576	576	71.0	57.0	479.9	0.0	167.0		167		167.0		167							
YDR414C	IV	-	1089	1089	148.0	124.0	572.9	14.0	187.0	196.0	196	197.0	122.0	160.0	160	129.0	1.0	1.0	9.0	38.0	both too short	DRS too short
YDR415C	IV	-	1125	1125	95.0	124.0	849.8	16.0	37.0	53.0	53	55.0	45.0	344.0	344	94.0	1.0	1.0	16.0	299.0	both too short	DRS too short
YDR416W	IV	+	2580	2580	110.0	57.0	699.3	34.0	70.0	85.0	85	63.0	35.0	31.0	35	32.0	1.0	0.0	15.0		both too long	
YDR417C	IV	-	372	372	3034.0	3493.0	519.7	0.0	297.0		297		8.0		8							
YDR418W	IV	+	498	498	2901.0	2464.0	522.0	8934.0	60.0	934.0	934	34.0	72.0	95.0	95	81.0	1.0	1.0	874.0	23.0	both too long	DRS too short
YDR419W	IV	+	1899	1899	94.0	81.0	688.5	7.0	151.0	4.0	151	5.0	270.0	386.0	386	335.0	0.0	1.0		116.0		DRS too short
YDR420W	IV	+	5409	5409	104.0	138.0	698.1	0.0	0.0		0		184.0		184							
YDR421W	IV	+	2853	2853	123.0	70.0	674.0	8.0	68.0	64.0	68	65.0	32.0	28.0	32	29.0	0.0	0.0				
YDR422C	IV	-	2448	2448	64.0	55.0	689.2	48.0	40.0	109.0	109	56.0	37.0	289.0	289	290.0	1.0	1.0	69.0	252.0	DRS too short	both too short
YDR423C	IV	-	1230	1230	203.0	46.0	433.2	2.0	11.0	48.0	48	15.0	73.0	92.0	92	65.0	1.0	1.0	37.0	19.0	DRS too short	both too long
YDR424C	IV	-	455	279	207.0	609.0	357.9	31.0	35.0	93.0	93	26.0	46.0	40.0	46	49.0	1.0	0.0	58.0		both too long	
YDR425W	IV	+	1878	1878	307.0	62.0	451.8	3.0	78.0		78	46.0	41.0		41	111.0						
YDR426C	IV	-	378	378	51.0	97.0	605.1	0.0	48.0		48		916.0		916							
YDR427W	IV	+	1182	1182	587.0	529.0	827.6	99.0	26.0	31.0	31	32.0	91.0	133.0	133	82.0	1.0	1.0	5.0	42.0	both too short	both too long
YDR428C	IV	-	786	786	878.0	348.0	565.1	50.0	201.0	32.0	201	33.0	105.0	753.0	753	110.0	0.0	1.0		648.0		DRS too short
YDR429C	IV	-	825	825	824.0	1437.0	661.5	1235.0	25.0	17.0	25	17.0	108.0	212.0	212	102.0	0.0	1.0		104.0		both too long
YDR430C	IV	-	2970	2970	136.0	87.0	829.9	3.0	163.0	64.0	163	65.0	40.0	32.0	40	33.0	0.0	0.0				
YDR431W	IV	+	312	312	5.0		376.6	0.0			0				0							
YDR432W	IV	+	1245	1245	245.0	112.0	488.3	1931.0	16.0		16	28.0	238.0		238	250.0						
YDR433W	IV	+	441	441	228.0	380.0	502.2	1931.0	840.0	658.0	840	845.0	225.0	695.0	695	237.0	0.0	1.0		470.0		DRS too short
YDR434W	IV	+	1605	1605	247.0	276.0	804.5	78.0	89.0	187.0	187	96.0	118.0	92.0	118	115.0	1.0	0.0	98.0		DRS too short	
YDR435C	IV	-	987	987	139.0	88.0	615.9	46.0	18.0	212.0	212	14.0	133.0	125.0	133	41.0	1.0	0.0	194.0		both too long	
YDR436W	IV	+	2133	2133	51.0	80.0	809.2	12.0	248.0	131.0	248	253.0	162.0	160.0	162	162.0	0.0	0.0				
YDR437W	IV	+	423	423	36.0	19.0	428.5	6.0		66.0	66	67.0		1526.0	1526	1668.0						
YDR438W	IV	+	1113	1113	39.0	33.0	848.5	6.0	634.0	508.0	634	989.0	10.0	85.0	85	56.0	0.0	1.0		75.0		DRS too short
YDR439W	IV	+	1044	1044	48.0	39.0	769.1	4.0	111.0	61.0	111	233.0	109.0	254.0	254	108.0	0.0	1.0		145.0		both too long
YDR440W	IV	+	1749	1749	82.0	33.0	679.7	20.0	84.0	86.0	86	87.0	102.0	106.0	106	80.0	1.0	1.0	2.0	4.0	both too short	both too long
YDR441C	IV	-	546	546	87.0	133.0	595.5	60.0	197.0	134.0	197	149.0	167.0	356.0	356	244.0	0.0	1.0		189.0		DRS too short
YDR442W	IV	+	393	393	19.0	32.0	567.1	4.0	537.0	13.0	537	14.0	958.0	726.0	958	727.0	0.0	0.0				
YDR443C	IV	-	4263	4263	24.0	14.0	812.4	1.0	97.0		97	59.0	336.0		336	332.0						
YDR444W	IV	+	2064	2064	26.0	23.0	606.8	79.0	76.0	84.0	84	85.0	53.0	79.0	79	45.0	1.0	1.0	8.0	26.0	both too short	both too long
YDR445C	IV	-	408	408	29.0	8.0	439.6	0.0	0.0		0		157.0		157							
YDR446W	IV	+	909	909	6560.0		528.2	1.0			0	269.0			0	178.0						
YDR447C	IV	-	725	411	6464.0	13019.0	527.0	1071.0	0.0	77.0	77	35.0	122.0	238.0	238	118.0	1.0	1.0	77.0	116.0	DRS too short	both too long
YDR448W	IV	+	1305	1305	97.0	23.0	484.8	3.0	95.0	35.0	95	11.0	105.0	102.0	105	103.0	0.0	0.0				
YDR449C	IV	-	1323	1323	115.0	182.0	832.5	523.0	38.0	28.0	38	41.0	75.0	217.0	217	70.0	0.0	1.0		142.0		both too long
YDR450W	IV	+	876	441	3858.0	7821.0	503.3	2883.0	0.0	26.0	26	21.0	119.0	297.0	297	115.0	1.0	1.0	26.0	178.0	DRS too short	both too long
YDR451C	IV	-	1062	1062	4046.0	87.0	504.6	97.0	173.0	61.0	173	53.0	182.0	334.0	334	160.0	0.0	1.0		152.0		both too long
YDR452W	IV	+	2025	2025	249.0	323.0	654.9	134.0	621.0	149.0	621	150.0	42.0	187.0	187	165.0	0.0	1.0		145.0		DRS too short
YDR453C	IV	-	591	591	321.0	81.0	416.7	72.0	71.0	359.0	359	68.0	90.0	97.0	97	87.0	1.0	1.0	288.0	7.0	both too long	both too long
YDR454C	IV	-	564	564	533.0	707.0	582.4	1051.0	51.0	69.0	69	16.0	105.0	505.0	505	103.0	1.0	1.0	18.0	400.0	both too long	both too long
YDR455C	IV	-	309	309	7.0		568.4	0.0			0				0							
YDR456W	IV	+	1902	1902	73.0	91.0	974.7	111.0	288.0	84.0	288	66.0	62.0	105.0	105	106.0	0.0	1.0		43.0		both too short
YDR457W	IV	+	9807	9807	292.0	328.0	778.9	0.0	105.0		105		93.0		93							
YDR458C	IV	-	1992	1992	209.0	130.0	584.0	25.0	49.0	39.0	49	34.0	99.0	173.0	173	174.0	0.0	1.0		74.0		both too short
YDR459C	IV	-	1125	1125	29.0	52.0	569.9	8.0	101.0	295.0	295	105.0	64.0	71.0	71	108.0	1.0	1.0	194.0	7.0	DRS too short	both too short
YDR460W	IV	+	966	966	35.0	51.0	601.3	14.0	130.0	139.0	139	112.0	108.0	202.0	202	100.0	1.0	1.0	9.0	94.0	both too long	both too long
YDR461C-A	IV	-	243	243	41.0	19.0	450.1	29.0	25.0	64.0	64	22.0	26.0	167.0	167	168.0	1.0	1.0	39.0	141.0	both too long	both too short
YDR461W	IV	+	111	111	22.0		484.8	4.0		27.0	27	28.0		145.0	145	146.0						
YDR462W	IV	+	444	444	35.0	80.0	503.3	68.0	42.0	51.0	51	54.0	124.0	180.0	180	123.0	1.0	1.0	9.0	56.0	both too short	both too long
YDR463W	IV	+	1560	1560	107.0	123.0	658.2	379.0	33.0	62.0	62	45.0	172.0	209.0	209	203.0	1.0	1.0	29.0	37.0	DRS too short	DRS too short
YDR464C-A	IV	-	189	189	90.0	70.0	378.2	0.0	686.0		686		813.0		813							
YDR464W	IV	+	4308	4308	207.0	22.0	471.5	1.0	119.0		119	129.0	160.0		160	87.0						
YDR465C	IV	-	1239	1239	208.0	373.0	795.2	38.0	56.0	231.0	231	43.0	150.0	162.0	162	184.0	1.0	1.0	175.0	12.0	both too long	both too short
YDR466W	IV	+	2697	2697	101.0	34.0	621.2	21.0	97.0	94.0	97	95.0	167.0	247.0	247	162.0	0.0	1.0		80.0		both too long
YDR467C	IV	-	327	327	91.0	64.0	605.1	4.0	180.0	344.0	344	885.0	127.0	835.0	835	783.0	1.0	1.0	164.0	708.0	both too short	DRS too short
YDR468C	IV	-	675	675	140.0	199.0	516.7	51.0	134.0	113.0	134	94.0	124.0	291.0	291	119.0	0.0	1.0		167.0		both too long
YDR469W	IV	+	528	528	155.0	286.0	620.2	62.0	26.0	926.0	926	40.0	67.0	2201.0	2201	67.0	1.0	1.0	900.0	2134.0	DRS too short	both too long
YDR470C	IV	-	1509	1509	130.0	35.0	652.3	6.0	80.0	106.0	106	81.0	179.0	192.0	192	175.0	1.0	1.0	26.0	13.0	DRS too short	both too long
YDR471W	IV	+	795	411	7801.0	8222.0	533.8	7283.0	0.0	24.0	24	25.0	120.0	353.0	353	117.0	1.0	1.0	24.0	233.0	both too short	both too long
YDR472W	IV	+	852	852	640.0	110.0	348.6	98.0	114.0	134.0	134	14.0	125.0	242.0	242	123.0	1.0	1.0	20.0	117.0	both too long	both too long
YDR473C	IV	-	1410	1410	75.0	64.0	535.8	16.0	56.0	67.0	67	54.0	100.0	216.0	216	86.0	1.0	1.0	11.0	116.0	both too long	both too long
YDR475C	IV	-	2631	2631	181.0	135.0	719.7	21.0	87.0	97.0	97	98.0	113.0	126.0	126	111.0	1.0	1.0	10.0	13.0	both too short	both too long
YDR476C	IV	-	675	675	79.0	125.0	728.5	3133.0	54.0	1045.0	1045	18.0	204.0	201.0	204	202.0	1.0	0.0	991.0		both too long	
YDR477W	IV	+	1902	1902	169.0	234.0	727.2	92.0	139.0	293.0	293	294.0	139.0	147.0	147	137.0	1.0	1.0	154.0	8.0	both too short	both too long
YDR478W	IV	+	597	597	158.0	122.0	497.0	6.0		39.0	39	40.0		1283.0	1283	71.0						
YDR479C	IV	-	1665	1665	89.0	44.0	621.0	67.0	215.0	66.0	215	48.0	81.0	81.0	81	90.0	0.0	0.0				
YDR480W	IV	+	972	972	227.0	50.0	489.2	0.0	221.0		221		99.0		99							
YDR481C	IV	-	1701	1701	357.0	527.0	850.1	6.0	39.0	54.0	54	55.0	79.0	56.0	79	57.0	1.0	0.0	15.0		both too short	
YDR482C	IV	-	408	408	17.0	25.0	398.5	93.0	99.0	170.0	170	14.0	103.0	170.0	170	104.0	1.0	1.0	71.0	67.0	both too long	DRS too short
YDR483W	IV	+	1329	1329	378.0	588.0	830.5	1853.0	36.0	182.0	182	26.0	114.0	151.0	151	112.0	1.0	1.0	146.0	37.0	both too long	both too long
YDR484W	IV	+	1926	1926	293.0	76.0	523.4	8.0	26.0	30.0	30	42.0	74.0	128.0	128	105.0	1.0	1.0	4.0	54.0	both too short	DRS too short
YDR485C	IV	-	2388	2388	90.0	65.0	668.8	5.0	32.0	68.0	68	21.0	171.0	132.0	171	133.0	1.0	0.0	36.0		both too long	
YDR486C	IV	-	690	690	197.0	82.0	557.8	82.0	32.0	57.0	57	9.0	115.0	257.0	257	144.0	1.0	1.0	25.0	142.0	both too long	DRS too short
YDR487C	IV	-	627	627	122.0	231.0	637.2	102.0	474.0	1242.0	1242	58.0	102.0	110.0	110	104.0	1.0	1.0	768.0	8.0	both too long	DRS too short
YDR488C	IV	-	1602	1602	126.0	157.0	654.6	3.0	91.0		91	11.0	930.0		930	929.0						
YDR489W	IV	+	885	885	28.0	53.0	595.1	91.0	5.0	17.0	17	9.0	81.0	603.0	603	80.0	1.0	1.0	12.0	522.0	DRS too short	both too long
YDR490C	IV	-	2301	2301	43.0	20.0	874.2	38.0	74.0	106.0	106	85.0	86.0	149.0	149	83.0	1.0	1.0	32.0	63.0	DRS too short	both too long
YDR491C	IV	-	492	492	124.0	145.0	668.6	0.0	974.0		974		267.0		267							
YDR492W	IV	+	951	951	169.0	206.0	600.7	198.0	219.0	153.0	219	154.0	86.0	350.0	350	69.0	0.0	1.0		264.0		both too long
YDR493W	IV	+	372	372	144.0	131.0	409.8	89.0	98.0	100.0	100	101.0	103.0	251.0	251	102.0	1.0	1.0	2.0	148.0	both too short	both too long
YDR494W	IV	+	1086	1086	214.0	198.0	664.9	32.0	51.0	81.0	81	33.0	74.0	71.0	74	77.0	1.0	0.0	30.0		both too long	
YDR495C	IV	-	3036	3036	314.0	120.0	562.2	3.0	234.0		234	45.0	111.0		111	151.0						
YDR496C	IV	-	1971	1971	625.0	576.0	774.4	342.0	21.0	37.0	37	28.0	77.0	236.0	236	74.0	1.0	1.0	16.0	159.0	DRS too short	both too long
YDR497C	IV	-	1755	1755	407.0	617.0	974.3	443.0	64.0	155.0	155	75.0	90.0	108.0	108	109.0	1.0	1.0	91.0	18.0	DRS too short	both too short
YDR498C	IV	-	1152	1152	28.0	35.0	869.1	40.0	36.0	3114.0	3114	35.0	43.0	446.0	446	50.0	1.0	1.0	3078.0	403.0	both too long	DRS too short
YDR499W	IV	+	2244	2244	2941.0	32.0	374.1	4.0	7.0	3.0	7	7.0	97.0	93.0	97	120.0	0.0	0.0				
YDR500C	IV	-	656	267	3101.0	6002.0	371.1	324.0	0.0	20.0	20	21.0	93.0	216.0	216	87.0	1.0	1.0	20.0	123.0	both too short	both too long
YDR501W	IV	+	1566	1566	388.0	57.0	459.2	2.0	89.0		89	117.0	188.0		188	231.0						
YDR502C	IV	-	1155	1155	733.0	1050.0	809.5	508.0	37.0	47.0	47	48.0	295.0	493.0	493	293.0	1.0	1.0	10.0	198.0	both too short	both too long
YDR503C	IV	-	825	825	103.0	81.0	615.4	12.0	60.0	82.0	82	83.0	169.0	211.0	211	212.0	1.0	1.0	22.0	42.0	both too short	both too short
YDR504C	IV	-	384	384	82.0	140.0	681.1	60.0	908.0	1147.0	1147	474.0	184.0	171.0	184	168.0	1.0	0.0	239.0		both too long	
YDR505C	IV	-	2526	2526	117.0	93.0	964.2	7.0	159.0		159	155.0	558.0		558	610.0						
YDR506C	IV	-	1827	1827	29.0	16.0	486.7	68.0	52.0	50.0	52	39.0	426.0	420.0	426	424.0	0.0	0.0				
YDR507C	IV	-	3429	3429	179.0	154.0	613.1	2.0	8.0	37.0	37	38.0	183.0	181.0	183	182.0	1.0	0.0	29.0		both too short	
YDR508C	IV	-	1992	1992	169.0	208.0	971.2	3562.0	33.0	122.0	122	44.0	17.0	193.0	193	17.0	1.0	1.0	89.0	176.0	DRS too short	both too long
YDR509W	IV	+	348	348	11.0	7.0	380.8	0.0			0				0							
YDR510C-A	IV	-	117	117	219.0		446.7	1.0			0	988.0			0	3259.0						
YDR510W	IV	+	306	306	141.0	390.0	431.3	1861.0		730.0	730	85.0		153.0	153	142.0						
YDR511W	IV	+	402	402	216.0	186.0	435.4	35.0	39.0	178.0	178	13.0	79.0	631.0	631	83.0	1.0	1.0	139.0	552.0	both too long	DRS too short
YDR512C	IV	-	564	564	291.0	287.0	442.5	1.0	487.0		487	131.0	10.0		10	83.0						
YDR513W	IV	+	432	432	274.0	441.0	461.9	2529.0	10.0	990.0	990	22.0	86.0	110.0	110	82.0	1.0	1.0	980.0	24.0	DRS too short	both too long
YDR514C	IV	-	1452	1452	225.0	60.0	477.9	20.0	65.0	74.0	74	61.0	68.0	125.0	125	81.0	1.0	1.0	9.0	57.0	both too long	DRS too short
YDR515W	IV	+	1344	1344	192.0	92.0	660.9	7.0	216.0	149.0	216	227.0	12.0	100.0	100	96.0	0.0	1.0		88.0		DRS too short
YDR516C	IV	-	1503	1503	302.0	399.0	899.3	35.0	51.0	111.0	111	52.0	119.0	131.0	131	118.0	1.0	1.0	60.0	12.0	DRS too short	both too long
YDR517W	IV	+	1119	1119	95.0	102.0	777.9	103.0	159.0	615.0	615	64.0	107.0	102.0	107	103.0	1.0	0.0	456.0		both too long	
YDR518W	IV	+	1554	1554	329.0	139.0	639.4	1146.0	573.0	140.0	573	25.0	51.0	48.0	51	50.0	0.0	0.0				
YDR519W	IV	+	408	408	212.0	586.0	519.4	850.0	51.0	458.0	458	8.0	214.0	224.0	224	213.0	1.0	1.0	407.0	10.0	both too long	both too long
YDR520C	IV	-	2319	2319	252.0	59.0	568.3	9.0	71.0	83.0	83	82.0	143.0	146.0	146	104.0	1.0	1.0	12.0	3.0	DRS too short	both too long
YDR521W	IV	+	336	336				0.0			0				0							
YDR522C	IV	-	1509	1509	8.0	9.0	587.1	0.0	109.0		109		60.0		60							
YDR523C	IV	-	1473	1473	36.0	9.0	466.4	1.0	354.0	224.0	354	225.0	133.0	51.0	133	52.0	0.0	0.0				
YDR524C	IV	-	1449	1449	3529.0	105.0	514.1	103.0	68.0	66.0	68	67.0	272.0	506.0	506	309.0	0.0	1.0		234.0		DRS too short
YDR524C-A	IV	-	120	120	3551.0		508.7	5.0		454.0	454	386.0		65.0	65	340.0						
YDR524C-B	IV	-	201	201	3521.0	18044.0	510.9	11366.0		44.0	44	45.0		418.0	418	322.0						
YDR524W-C	IV	+	90	90	3732.0		512.1	0.0			0	65.0			0	121.0						
YDR525W	IV	+	330	330	3801.0		507.3	0.0			0				0							
YDR525W-A	IV	+	240	240	23.0	75.0	348.6	361.0	101.0	606.0	606	28.0	69.0	222.0	222	227.0	1.0	1.0	505.0	153.0	both too long	both too short
YDR526C	IV	-	471	471	71.0	50.0	689.1	1.0	990.0		990	1534.0	67.0		67	177.0						
YDR527W	IV	+	1320	1320	191.0	174.0	506.9	26.0	71.0	21.0	71	31.0	82.0	760.0	760	78.0	0.0	1.0		678.0		both too long
YDR528W	IV	+	1272	1272	473.0	28.0	570.8	15.0	172.0	317.0	317	318.0	127.0	138.0	138	104.0	1.0	1.0	145.0	11.0	both too short	both too long
YDR529C	IV	-	384	384	405.0	1197.0	547.2	641.0	31.0	30.0	31	31.0	193.0	356.0	356	190.0	0.0	1.0		163.0		both too long
YDR530C	IV	-	978	978	414.0	61.0	581.0	15.0	137.0	249.0	249	4.0	75.0	162.0	162	63.0	1.0	1.0	112.0	87.0	both too long	both too long
YDR531W	IV	+	1104	1104	216.0	263.0	804.8	23.0	100.0	108.0	108	45.0	79.0	80.0	80	82.0	1.0	1.0	8.0	1.0	both too long	both too short
YDR532C	IV	-	1158	1158	171.0	105.0	586.3	5.0	61.0	239.0	239	6.0	63.0	57.0	63	62.0	1.0	0.0	178.0		both too long	
YDR533C	IV	-	714	714	340.0	335.0	652.6	20.0	164.0	224.0	224	21.0	68.0	238.0	238	251.0	1.0	1.0	60.0	170.0	both too long	both too short
YDR534C	IV	-	1587	1587	16.0	12.0	469.5	2.0	357.0		357	22.0	215.0		215	228.0						
YDR535C	IV	-	757	501				3.0			0	265.0			0	1649.0						
YDR536W	IV	+	1710	1710	19.0	19.0	577.1	6.0	105.0		105	28.0	83.0		83	146.0						
YDR537C	IV	-	606	606	26.0	30.0	684.7	1.0	461.0		461	247.0	866.0		866	971.0						
YDR538W	IV	+	729	729	33.0	31.0	654.2	39.0	920.0	929.0	929	61.0	228.0	288.0	288	236.0	1.0	1.0	9.0	60.0	both too long	DRS too short
YDR539W	IV	+	1512	1512	248.0	219.0	682.9	65.0	610.0	93.0	610	32.0	66.0	347.0	347	60.0	0.0	1.0		281.0		both too long
YDR540C	IV	-	540	540	109.0	85.0	608.4	2.0	17.0	82.0	82	122.0	320.0	853.0	853	335.0	1.0	1.0	65.0	533.0	both too short	DRS too short
YDR541C	IV	-	1035	1035	88.0	67.0	585.0	4.0	226.0	220.0	226	183.0	191.0	226.0	226	227.0	0.0	1.0		35.0		both too short
YDR542W	IV	+	363	363				0.0			0				0							
YDR543C	IV	-	300	300				0.0			0				0							
YDR544C	IV	-	429	429				0.0			0				0							
YDR545C-A	IV	-	480	480	21.0		597.1	0.0	47.0		47		623.0		623							
YDR545W	IV	+	5391	5391	53.0	73.0	528.9	0.0	534.0		534		847.0		847							
YIL001W	IX	+	1542	1542	65.0	36.0	648.0	23.0	65.0	73.0	73	74.0	82.0	124.0	124	59.0	1.0	1.0	8.0	42.0	both too short	both too long
YIL002C	IX	-	2841	2841	183.0	35.0	389.1	5.0	153.0	211.0	211	152.0	30.0	155.0	155	82.0	1.0	1.0	58.0	125.0	both too long	DRS too short
YIL002W-A	IX	+	210	210	116.0	356.0	368.2	181.0	15.0	15.0	15	28.0	97.0	313.0	313	90.0	0.0	1.0		216.0		both too long
YIL003W	IX	+	882	882	164.0	71.0	473.4	38.0	234.0	438.0	438	46.0	92.0	102.0	102	109.0	1.0	1.0	204.0	10.0	both too long	both too short
YIL004C	IX	-	560	429	136.0	154.0	524.5	9.0	67.0	364.0	364	362.0	109.0	172.0	172	66.0	1.0	1.0	297.0	63.0	DRS too short	both too long
YIL005W	IX	+	2106	2106	159.0	133.0	697.8	29.0	137.0	147.0	147	133.0	66.0	186.0	186	185.0	1.0	1.0	10.0	120.0	both too long	DRS too short
YIL006W	IX	+	1122	1122	12.0	15.0	825.4	4.0	209.0	176.0	209	206.0	228.0	212.0	228	242.0	0.0	0.0				
YIL007C	IX	-	663	663	331.0	62.0	487.0	33.0	185.0	204.0	204	44.0	162.0	152.0	162	95.0	1.0	0.0	19.0		both too long	
YIL008W	IX	+	300	300	375.0	641.0	476.5	166.0	71.0	45.0	71	46.0	142.0	754.0	754	130.0	0.0	1.0		612.0		both too long
YIL009C-A	IX	-	547	546	141.0	143.0	585.8	25.0	24.0	8.0	24	12.0	108.0	257.0	257	41.0	0.0	1.0		149.0		both too long
YIL009W	IX	+	2085	2085	162.0	156.0	799.1	249.0	10.0	561.0	561	8.0	236.0	219.0	236	235.0	1.0	0.0	551.0		both too long	
YIL010W	IX	+	648	648	167.0	119.0	522.5	67.0	30.0	115.0	115	39.0	180.0	186.0	186	179.0	1.0	1.0	85.0	6.0	DRS too short	both too long
YIL011W	IX	+	810	810	58.0	77.0	673.4	144.0	46.0	193.0	193	32.0	109.0	129.0	129	106.0	1.0	1.0	147.0	20.0	both too long	both too long
YIL012W	IX	+	342	342				6.0			0	327.0			0	285.0						
YIL013C	IX	-	4236	4236	116.0	56.0	585.3	0.0	0.0		0		193.0		193							
YIL014C-A	IX	-	315	315	71.0	30.0	480.1	15.0	77.0	87.0	87	79.0	174.0	206.0	206	207.0	1.0	1.0	10.0	32.0	DRS too short	both too short
YIL014W	IX	+	1893	1893	140.0	203.0	1020.5	18.0	148.0	184.0	184	174.0	92.0	122.0	122	103.0	1.0	1.0	36.0	30.0	DRS too short	DRS too short
YIL015W	IX	+	1764	1764	76.0	28.0	431.0	2.0	32.0		32	198.0	80.0		80	76.0						
YIL016W	IX	+	480	480	64.0	114.0	426.2	84.0	136.0	244.0	244	25.0	59.0	58.0	59	55.0	1.0	0.0	108.0		both too long	
YIL017C	IX	-	2766	2766	3505.0	68.0	580.7	6.0	65.0		65	70.0	95.0		95	117.0						
YIL018W	IX	+	1165	765	6352.0	9795.0	725.1	2421.0	0.0	1329.0	1329	24.0	90.0	99.0	99	87.0	1.0	1.0	1329.0	9.0	DRS too short	both too long
YIL019W	IX	+	1041	1041	54.0	35.0	530.8	19.0	24.0	34.0	34	20.0	111.0	612.0	612	173.0	1.0	1.0	10.0	501.0	both too long	DRS too short
YIL020C	IX	-	786	786	33.0	33.0	513.9	56.0	74.0	50.0	74	21.0	111.0	136.0	136	137.0	0.0	1.0		25.0		both too short
YIL020C-A	IX	-	339	339	43.0	71.0	657.4	0.0	772.0		772		874.0		874							
YIL021C-A	IX	-	270	270	75.0	28.0	508.4	0.0	541.0		541		283.0		283							
YIL021W	IX	+	957	957	129.0	54.0	609.3	590.0	80.0	61.0	80	62.0	141.0	257.0	257	135.0	0.0	1.0		116.0		both too long
YIL022W	IX	+	1296	1296	76.0	161.0	665.4	1504.0	97.0	117.0	117	109.0	217.0	332.0	332	257.0	1.0	1.0	20.0	115.0	DRS too short	DRS too short
YIL023C	IX	-	1041	1041	109.0	73.0	712.7	23.0	82.0	157.0	157	15.0	64.0	59.0	64	122.0	1.0	0.0	75.0		both too long	
YIL024C	IX	-	570	570	49.0	96.0	493.6	37.0	228.0	1243.0	1243	401.0	106.0	110.0	110	111.0	1.0	1.0	1015.0	4.0	DRS too short	both too short
YIL025C	IX	-	375	375	17.0		358.2	0.0	11.0		11		0.0		0							
YIL026C	IX	-	3453	3453	355.0	81.0	598.1	3.0	34.0	54.0	54	55.0	147.0	145.0	147	146.0	1.0	0.0	20.0		both too short	
YIL027C	IX	-	426	426	323.0	574.0	503.4	32.0	47.0	36.0	47	58.0	94.0	220.0	220	89.0	0.0	1.0		126.0		both too long
YIL028W	IX	+	399	399	21.0	42.0	824.8	23.0	508.0	533.0	533	534.0	276.0	1169.0	1169	866.0	1.0	1.0	25.0	893.0	both too short	DRS too short
YIL029C	IX	-	429	429	60.0	90.0	839.4	23.0	107.0	119.0	119	105.0	368.0	391.0	391	389.0	1.0	1.0	12.0	23.0	both too long	DRS too short
YIL029W-A	IX	+	372	372	24.0		526.4	0.0			0				0							
YIL030C	IX	-	3960	3960	175.0	296.0	905.6	9.0	49.0	64.0	64	57.0	88.0	139.0	139	79.0	1.0	1.0	15.0	51.0	DRS too short	both too long
YIL030W-A	IX	+	339	339	96.0	30.0	570.9	64.0	918.0	472.0	918	278.0	28.0	22.0	28	21.0	0.0	0.0				
YIL031W	IX	+	3105	3105	83.0	24.0	650.9	5.0	158.0	169.0	169	170.0	112.0	109.0	112	158.0	1.0	0.0	11.0		both too short	
YIL032C	IX	-	357	357				0.0			0				0							
YIL033C	IX	-	1251	1251	147.0	191.0	947.1	109.0	104.0	292.0	292	108.0	180.0	190.0	190	179.0	1.0	1.0	188.0	10.0	DRS too short	both too long
YIL034C	IX	-	864	864	245.0	307.0	631.9	79.0	27.0	52.0	52	6.0	77.0	380.0	380	72.0	1.0	1.0	25.0	303.0	both too long	both too long
YIL035C	IX	-	1119	1119	343.0	286.0	667.8	339.0	127.0	112.0	127	100.0	21.0	635.0	635	351.0	0.0	1.0		614.0		DRS too short
YIL036W	IX	+	1764	1764	207.0	159.0	771.6	18.0	148.0	167.0	167	150.0	96.0	168.0	168	176.0	1.0	1.0	19.0	72.0	DRS too short	both too short
YIL037C	IX	-	1971	1971	19.0	22.0	579.2	1.0	2.0		2	34.0	8.0		8	116.0						
YIL038C	IX	-	2511	2511	244.0	192.0	618.6	9.0	231.0		231	238.0	163.0		163	176.0						
YIL039W	IX	+	1422	1422	461.0	320.0	668.8	76.0	44.0	176.0	176	29.0	102.0	229.0	229	99.0	1.0	1.0	132.0	127.0	both too long	both too long
YIL040W	IX	+	417	417	228.0	521.0	498.5	101.0	16.0	8.0	16	9.0	87.0	138.0	138	94.0	0.0	1.0		51.0		DRS too short
YIL041W	IX	+	981	981	407.0	302.0	710.1	3191.0	18.0	21.0	21	22.0	86.0	212.0	212	85.0	1.0	1.0	3.0	126.0	both too short	both too long
YIL042C	IX	-	1185	1185	86.0	43.0	831.1	38.0	38.0	73.0	73	38.0	117.0	132.0	132	110.0	1.0	1.0	35.0	15.0	both too long	both too long
YIL043C	IX	-	855	855	573.0	890.0	755.9	1660.0	20.0	60.0	60	20.0	24.0	152.0	152	98.0	1.0	1.0	40.0	128.0	both too long	DRS too short
YIL044C	IX	-	897	897	386.0	106.0	545.3	42.0	64.0	86.0	86	26.0	116.0	173.0	173	171.0	1.0	1.0	22.0	57.0	both too long	DRS too short
YIL045W	IX	+	1617	1617	117.0	107.0	524.2	16.0	102.0	85.0	102	94.0	141.0	142.0	142	39.0	0.0	1.0		1.0		both too long
YIL046W	IX	+	1923	1923	53.0	63.0	762.1	42.0	33.0	75.0	75	45.0	105.0	149.0	149	113.0	1.0	1.0	42.0	44.0	DRS too short	DRS too short
YIL046W-A	IX	+	165	165				8.0		496.0	496	193.0			0	68.0						
YIL047C	IX	-	2709	2709	105.0	36.0	699.9	7.0	27.0		27	15.0	162.0		162	196.0						
YIL047C-A	IX	-	369	369	71.0	114.0	575.9	70.0	981.0	2298.0	2298	950.0	146.0	165.0	165	194.0	1.0	1.0	1317.0	19.0	both too long	both too short
YIL048W	IX	+	3456	3456	112.0	126.0	720.4	1.0	390.0	247.0	390	248.0	133.0	124.0	133	125.0	0.0	0.0				
YIL049W	IX	+	762	762	72.0	70.0	566.7	20.0	16.0	14.0	16	6.0	61.0	106.0	106	69.0	0.0	1.0		45.0		DRS too short
YIL050W	IX	+	858	858	104.0	115.0	672.3	24.0	172.0	288.0	288	114.0	123.0	124.0	124	136.0	1.0	1.0	116.0	1.0	both too long	both too short
YIL051C	IX	-	438	438	671.0	740.0	549.6	4642.0	70.0	41.0	70	29.0	118.0	278.0	278	116.0	0.0	1.0		160.0		both too long
YIL052C	IX	-	838	366	3731.0	4944.0	443.9	4580.0	0.0	36.0	36	31.0	57.0	287.0	287	48.0	1.0	1.0	36.0	230.0	DRS too short	both too long
YIL053W	IX	+	753	753	4996.0	3817.0	560.7	1088.0	108.0	18.0	108	28.0	151.0	373.0	373	135.0	0.0	1.0		222.0		both too long
YIL054W	IX	+	318	318	99.0		753.3	4.0			0	1130.0			0	164.0						
YIL055C	IX	-	1884	1884	91.0	63.0	607.2	1.0	82.0	840.0	840	841.0	80.0	77.0	80	78.0	1.0	0.0	758.0		both too short	
YIL056W	IX	+	1923	1923	127.0	154.0	759.9	78.0	141.0	337.0	337	114.0	60.0	55.0	60	56.0	1.0	0.0	196.0		both too long	
YIL057C	IX	-	495	495	23.0	10.0	411.7	9.0	76.0		76	71.0	88.0		88	101.0						
YIL058W	IX	+	285	285	26.0		461.6	0.0			0				0							
YIL059C	IX	-	366	366	25.0	2394.0	490.8	2.0	498.0	547.0	547	548.0	173.0	565.0	565	566.0	1.0	1.0	49.0	392.0	both too short	both too short
YIL060W	IX	+	435	435	10.0	154.0	348.8	0.0	50.0		50		8.0		8							
YIL061C	IX	-	903	903	169.0	20.0	469.0	7.0	15.0	29.0	29	19.0	40.0	41.0	41	42.0	1.0	1.0	14.0	1.0	DRS too short	both too short
YIL062C	IX	-	465	465	143.0	439.0	485.0	286.0	411.0	37.0	411	27.0	80.0	224.0	224	147.0	0.0	1.0		144.0		DRS too short
YIL063C	IX	-	984	984	437.0	328.0	602.9	88.0	42.0	47.0	47	45.0	44.0	137.0	137	41.0	1.0	1.0	5.0	93.0	DRS too short	both too long
YIL064W	IX	+	774	774	336.0	284.0	612.9	1.0	697.0		697	51.0	36.0		36	91.0						
YIL065C	IX	-	468	468	116.0	147.0	568.8	188.0	36.0	38.0	38	39.0	71.0	214.0	214	70.0	1.0	1.0	2.0	143.0	both too short	both too long
YIL066C	IX	-	2610	2610	32.0	11.0	493.0	1.0	221.0		221	1024.0	136.0		136	144.0						
YIL066W-A	IX	+	444	444	5.0		453.0	1.0			0	80.0			0	47.0						
YIL067C	IX	-	2037	2037	47.0	62.0	1058.7	126.0	46.0	58.0	58	59.0	61.0	117.0	117	83.0	1.0	1.0	12.0	56.0	both too short	DRS too short
YIL068C	IX	-	2418	2418	59.0	42.0	926.4	7.0	56.0	58.0	58	59.0	35.0	111.0	111	100.0	1.0	1.0	2.0	76.0	both too short	DRS too short
YIL068W-A	IX	+	384	384	17.0	21.0	597.9	0.0	88.0		88	38.0	805.0		805	62.0						
YIL069C	IX	-	817	408	1353.0	2598.0	539.6	1966.0	0.0	230.0	230	45.0	192.0	178.0	192	187.0	1.0	0.0	230.0		DRS too short	
YIL070C	IX	-	801	801	1356.0	161.0	532.1	43.0	51.0	94.0	94	55.0	101.0	141.0	141	106.0	1.0	1.0	43.0	40.0	DRS too short	DRS too short
YIL071C	IX	-	1335	1335	98.0	42.0	597.3	4.0	7.0	8.0	8	30.0	162.0	308.0	308	256.0	1.0	1.0	1.0	146.0	both too short	DRS too short
YIL071W-A	IX	+	477	477	31.0	37.0	760.3	1.0	140.0		140	1237.0	970.0		970	57.0						
YIL072W	IX	+	1818	1818	23.0	17.0	599.8	0.0	110.0		110		151.0		151							
YIL073C	IX	-	3018	2928	58.0	64.0	730.0	0.0	637.0		637		56.0		56							
YIL074C	IX	-	1410	1410	207.0	270.0	789.9	114.0	108.0	133.0	133	121.0	54.0	109.0	109	53.0	1.0	1.0	25.0	55.0	DRS too short	both too long
YIL075C	IX	-	2838	2838	464.0	264.0	538.0	11.0	51.0	61.0	61	62.0	101.0	96.0	101	105.0	1.0	0.0	10.0		both too short	
YIL076W	IX	+	891	891	798.0	882.0	770.5	99.0	18.0	404.0	404	12.0	71.0	162.0	162	163.0	1.0	1.0	386.0	91.0	both too long	both too short
YIL077C	IX	-	963	963	639.0	127.0	461.7	73.0	555.0	536.0	555	17.0	136.0	132.0	136	133.0	0.0	0.0				
YIL078W	IX	+	2205	2205	1250.0	1806.0	1086.5	8502.0	38.0	47.0	47	48.0	76.0	281.0	281	73.0	1.0	1.0	9.0	205.0	both too short	both too long
YIL079C	IX	-	1083	1083	75.0	52.0	481.6	24.0	19.0	221.0	221	30.0	39.0	115.0	115	124.0	1.0	1.0	202.0	76.0	DRS too short	both too short
YIL082W	IX	+	873	873	78.0	1290.0	619.7	0.0	335.0		335		756.0		756							
YIL083C	IX	-	1098	1098	117.0	124.0	701.0	50.0	135.0	98.0	135	105.0	99.0	398.0	398	96.0	0.0	1.0		299.0		both too long
YIL084C	IX	-	984	984	48.0	21.0	436.3	33.0		31.0	31	42.0		1151.0	1151	1841.0						
YIL085C	IX	-	1554	1554	90.0	113.0	905.9	118.0	252.0	669.0	669	47.0	61.0	50.0	61	55.0	1.0	0.0	417.0		both too long	
YIL086C	IX	-	309	309	61.0	21.0	491.8	2.0			0	38.0			0	598.0						
YIL087C	IX	-	474	474	39.0	63.0	423.5	188.0	63.0	231.0	231	74.0	79.0	93.0	93	92.0	1.0	1.0	168.0	14.0	DRS too short	DRS too short
YIL088C	IX	-	1473	1473	260.0	237.0	647.2	79.0	61.0	72.0	72	73.0	79.0	132.0	132	72.0	1.0	1.0	11.0	53.0	both too short	both too long
YIL089W	IX	+	618	618	111.0	84.0	519.5	5.0	303.0	29.0	303	86.0	9.0	470.0	470	55.0	0.0	1.0		461.0		DRS too short
YIL090W	IX	+	1476	1476	103.0	125.0	791.5	64.0	170.0	176.0	176	138.0	319.0	327.0	327	327.0	1.0	1.0	6.0	8.0	both too long	both too short
YIL091C	IX	-	2166	2166	103.0	170.0	805.5	511.0	15.0	54.0	54	31.0	60.0	83.0	83	54.0	1.0	1.0	39.0	23.0	DRS too short	both too long
YIL092W	IX	+	1902	1902	83.0	16.0	613.8	24.0	61.0	94.0	94	78.0	101.0	98.0	101	97.0	1.0	0.0	33.0		DRS too short	
YIL093C	IX	-	795	795	29.0	35.0	643.8	50.0	72.0	108.0	108	75.0	104.0	134.0	134	118.0	1.0	1.0	36.0	30.0	DRS too short	DRS too short
YIL094C	IX	-	1116	1116	521.0	832.0	796.3	256.0	84.0	64.0	84	23.0	89.0	547.0	547	81.0	0.0	1.0		458.0		both too long
YIL095W	IX	+	2433	2433	379.0	61.0	572.0	18.0	144.0	168.0	168	172.0	72.0	128.0	128	70.0	1.0	1.0	24.0	56.0	both too short	both too long
YIL096C	IX	-	1011	1011	132.0	140.0	727.3	7.0	98.0	37.0	98	27.0	102.0	151.0	151	97.0	0.0	1.0		49.0		both too long
YIL097W	IX	+	1551	1551	139.0	96.0	655.1	25.0	13.0	25.0	25	9.0	114.0	146.0	146	112.0	1.0	1.0	12.0	32.0	both too long	both too long
YIL098C	IX	-	468	468	44.0	111.0	476.2	111.0	30.0	80.0	80	43.0	85.0	93.0	93	94.0	1.0	1.0	50.0	8.0	DRS too short	both too short
YIL099W	IX	+	1650	1650	49.0	18.0	512.6	1.0	280.0		280	47.0	107.0		107	139.0						
YIL100C-A	IX	-	339	339				0.0			0				0							
YIL100W	IX	+	354	354				0.0			0				0							
YIL101C	IX	-	1944	1944	12.0	19.0	511.8	3.0	118.0		118	37.0	96.0		96	104.0						
YIL102C	IX	-	306	306	20.0		435.6	0.0			0				0							
YIL102C-A	IX	-	228	228	98.0	138.0	462.6	29.0		54.0	54	55.0		1185.0	1185	322.0						
YIL103W	IX	+	1278	1278	209.0	170.0	879.6	54.0	40.0	72.0	72	50.0	79.0	134.0	134	73.0	1.0	1.0	32.0	55.0	DRS too short	both too long
YIL104C	IX	-	1524	1524	50.0	56.0	813.1	162.0	26.0	56.0	56	34.0	78.0	98.0	98	98.0	1.0	1.0	30.0	20.0	DRS too short	both too short
YIL105C	IX	-	2061	2061	124.0	165.0	818.4	8.0	129.0	131.0	131	141.0	32.0	160.0	160	38.0	1.0	1.0	2.0	128.0	both too short	DRS too short
YIL105W-A	IX	+	141	141	71.0		591.6	0.0			0	1353.0			0	677.0						
YIL106W	IX	+	1030	945	84.0	99.0	558.8	10.0	84.0	113.0	113	16.0	86.0	170.0	170	103.0	1.0	1.0	29.0	84.0	both too long	DRS too short
YIL107C	IX	-	2484	2484	93.0	94.0	642.3	28.0	166.0	177.0	177	168.0	9.0	251.0	251	9.0	1.0	1.0	11.0	242.0	DRS too short	both too long
YIL108W	IX	+	2091	2091	94.0	100.0	708.4	29.0	16.0	169.0	169	24.0	13.0	184.0	184	83.0	1.0	1.0	153.0	171.0	DRS too short	DRS too short
YIL109C	IX	-	2781	2781	522.0	558.0	901.4	33.0	74.0	81.0	81	87.0	113.0	178.0	178	115.0	1.0	1.0	7.0	65.0	both too short	DRS too short
YIL110W	IX	+	1134	1134	574.0	399.0	686.4	71.0	51.0	30.0	51	31.0	164.0	281.0	281	164.0	0.0	1.0		117.0		both too long
YIL111W	IX	+	544	456	197.0	383.0	503.5	29.0	552.0	407.0	552	23.0	34.0	33.0	34	34.0	0.0	0.0				
YIL112W	IX	+	3252	3252	185.0	109.0	547.9	15.0	101.0	40.0	101	44.0	130.0	129.0	130	130.0	0.0	0.0				
YIL113W	IX	+	630	630	24.0	41.0	703.5	2.0	24.0	31.0	31	37.0	5.0	348.0	348	106.0	1.0	1.0	7.0	343.0	both too short	DRS too short
YIL114C	IX	-	846	846	57.0	72.0	748.1	12.0	386.0	56.0	386	31.0	62.0	164.0	164	165.0	0.0	1.0		102.0		both too short
YIL115C	IX	-	4383	4383	182.0	118.0	699.3	3.0	76.0	131.0	131	180.0	64.0	60.0	64	57.0	1.0	0.0	55.0		both too short	
YIL115W-A	IX	+	372	372	140.0	126.0	560.3	0.0	41.0		41		923.0		923							
YIL116W	IX	+	1158	1158	227.0	279.0	776.4	2.0	68.0	33.0	68	34.0	32.0	23.0	32	24.0	0.0	0.0				
YIL117C	IX	-	957	957	741.0	855.0	753.2	3.0	149.0	184.0	184	107.0	100.0	95.0	100	120.0	1.0	0.0	35.0		both too long	
YIL118W	IX	+	696	696	493.0	374.0	585.9	70.0	144.0	160.0	160	114.0	161.0	170.0	170	155.0	1.0	1.0	16.0	9.0	both too long	both too long
YIL119C	IX	-	1224	1224	96.0	110.0	645.0	11.0	190.0	217.0	217	201.0	268.0	294.0	294	307.0	1.0	1.0	27.0	26.0	DRS too short	both too short
YIL120W	IX	+	1692	1692	103.0	76.0	512.3	1.0	433.0		433	196.0	129.0		129	107.0						
YIL121W	IX	+	1629	1629	50.0	51.0	623.9	141.0	151.0	18.0	151	4.0	146.0	476.0	476	170.0	0.0	1.0		330.0		DRS too short
YIL122W	IX	+	1056	1056	157.0	38.0	319.6	9.0	270.0	286.0	286	302.0	153.0	155.0	155	156.0	1.0	1.0	16.0	2.0	both too short	both too short
YIL123W	IX	+	1920	1431	504.0	634.0	762.2	492.0	47.0	234.0	234	222.0	326.0	336.0	336	337.0	1.0	1.0	187.0	10.0	DRS too short	both too short
YIL124W	IX	+	894	894	434.0	377.0	678.8	693.0	46.0	41.0	46	31.0	109.0	386.0	386	100.0	0.0	1.0		277.0		both too long
YIL125W	IX	+	3045	3045	154.0	189.0	843.2	8.0	137.0		137	275.0	258.0		258	203.0						
YIL126W	IX	+	4080	4080	82.0	85.0	751.9	37.0	69.0	69.0	69	82.0	141.0	136.0	141	134.0	0.0	0.0				
YIL127C	IX	-	621	621	176.0	296.0	584.1	597.0	58.0	23.0	58	24.0	88.0	663.0	663	87.0	0.0	1.0		575.0		both too long
YIL128W	IX	+	3099	3099	242.0	139.0	801.8	3.0	80.0		80	76.0	123.0		123	134.0						
YIL129C	IX	-	7131	7131	125.0	124.0	648.3	0.0	102.0		102		140.0		140							
YIL130W	IX	+	2895	2895	126.0	121.0	730.1	0.0	124.0		124		140.0		140							
YIL131C	IX	-	1455	1455	22.0	44.0	595.3	17.0	93.0	54.0	93	57.0	133.0	234.0	234	150.0	0.0	1.0		101.0		DRS too short
YIL132C	IX	-	642	642	35.0	21.0	426.2	3.0	35.0	209.0	209	11.0	397.0	392.0	397	395.0	1.0	0.0	174.0		both too long	
YIL133C	IX	-	890	600	1489.0	2962.0	563.1	552.0	0.0	60.0	60	18.0	101.0	227.0	227	87.0	1.0	1.0	60.0	126.0	DRS too short	both too long
YIL134C-A	IX	-	204	204	27.0	29.0	272.4	4.0		419.0	419	434.0		170.0	170	1612.0						
YIL134W	IX	+	936	936	1580.0	130.0	556.3	20.0	272.0	284.0	284	24.0	27.0	70.0	70	67.0	1.0	1.0	12.0	43.0	both too long	DRS too short
YIL135C	IX	-	1311	1311	88.0	87.0	624.0	196.0	63.0	221.0	221	58.0	144.0	154.0	154	155.0	1.0	1.0	158.0	10.0	both too long	both too short
YIL136W	IX	+	1182	1182	84.0	38.0	418.1	63.0	46.0	62.0	62	12.0	52.0	98.0	98	99.0	1.0	1.0	16.0	46.0	both too long	both too short
YIL137C	IX	-	2841	2841	136.0	131.0	822.9	30.0	51.0	48.0	51	49.0	86.0	102.0	102	82.0	0.0	1.0		16.0		both too long
YIL138C	IX	-	486	486	390.0	522.0	605.1	252.0	18.0	18.0	18	10.0	352.0	777.0	777	351.0	0.0	1.0		425.0		both too long
YIL139C	IX	-	738	738	397.0	307.0	579.8	25.0	732.0	220.0	732	21.0	116.0	121.0	121	122.0	0.0	1.0		5.0		both too short
YIL140W	IX	+	2472	2472	177.0	76.0	549.3	5.0	122.0	220.0	220	103.0	127.0	123.0	127	124.0	1.0	0.0	98.0		both too long	
YIL141W	IX	+	390	390	105.0		562.3	0.0			0				0							
YIL142C-A	IX	-	333	333				1.0			0	1303.0			0	169.0						
YIL142W	IX	+	1584	1584	305.0	466.0	1129.6	279.0	26.0	26.0	26	27.0	54.0	183.0	183	52.0	0.0	1.0		129.0		both too long
YIL143C	IX	-	2532	2532	97.0	110.0	820.6	1.0	32.0		32	34.0	229.0		229	254.0						
YIL144W	IX	+	2076	2076	85.0	69.0	696.7	4.0	70.0		70	80.0	192.0		192	205.0						
YIL145C	IX	-	930	930	178.0	250.0	721.3	43.0	58.0	43.0	58	9.0	101.0	544.0	544	326.0	0.0	1.0		443.0		DRS too short
YIL146C	IX	-	1590	1590	96.0	33.0	464.7	31.0	247.0	365.0	365	356.0	203.0	214.0	214	215.0	1.0	1.0	118.0	11.0	DRS too short	both too short
YIL147C	IX	-	3663	3663	10318.0	89.0	472.2	4.0	215.0		215	216.0	88.0		88	287.0						
YIL148W	IX	+	821	387	10113.0	20328.0	470.6	2438.0	0.0	564.0	564	26.0	66.0	66.0	66	65.0	1.0	0.0	564.0		DRS too short	
YIL149C	IX	-	5040	5040	49.0	79.0	585.4	0.0	0.0		0		100.0		100							
YIL150C	IX	-	1716	1716	37.0	7.0	468.8	58.0			0	31.0			0	53.0						
YIL151C	IX	-	3357	3357	102.0	98.0	847.8	1.0	147.0		147	174.0	49.0		49	43.0						
YIL152W	IX	+	708	708	87.0	82.0	499.1	91.0	22.0	72.0	72	13.0	25.0	152.0	152	25.0	1.0	1.0	50.0	127.0	both too long	both too long
YIL153W	IX	+	1182	1182	63.0	70.0	801.3	18.0	22.0	32.0	32	21.0	43.0	54.0	54	55.0	1.0	1.0	10.0	11.0	both too long	both too short
YIL154C	IX	-	1041	1041	91.0	119.0	733.4	114.0	49.0	24.0	49	25.0	72.0	286.0	286	71.0	0.0	1.0		214.0		both too long
YIL155C	IX	-	1950	1950	110.0	88.0	579.2	78.0	29.0	52.0	52	33.0	346.0	339.0	346	341.0	1.0	0.0	23.0		DRS too short	
YIL156W	IX	+	3216	3216	235.0	71.0	474.8	1.0	17.0		17	20.0	138.0		138	116.0						
YIL156W-A	IX	+	402	402	235.0		415.9	0.0	203.0		203		0.0		0							
YIL156W-B	IX	+	284	222	233.0	652.0	425.6	81.0	96.0	16.0	96	13.0	89.0	216.0	216	98.0	0.0	1.0		127.0		DRS too short
YIL157C	IX	-	594	594	316.0	271.0	472.2	62.0	13.0	33.0	33	4.0	160.0	251.0	251	208.0	1.0	1.0	20.0	91.0	both too long	DRS too short
YIL158W	IX	+	615	615	120.0	176.0	565.1	53.0	20.0	57.0	57	11.0	99.0	108.0	108	85.0	1.0	1.0	37.0	9.0	both too long	both too long
YIL159W	IX	+	4128	4128	85.0	42.0	654.8	2.0	154.0		154	24.0	74.0		74	59.0						
YIL160C	IX	-	1254	1254	62.0		563.1	2.0	101.0		101	34.0	46.0		46	105.0						
YIL161W	IX	+	708	708	90.0	119.0	499.1	24.0	16.0	9.0	16	20.0	41.0	91.0	91	39.0	0.0	1.0		50.0		both too long
YIL162W	IX	+	1599	1599	95.0	111.0	930.4	471.0	28.0	38.0	38	39.0	222.0	219.0	222	220.0	1.0	0.0	10.0		both too short	
YIL163C	IX	-	354	354	29.0	33.0	891.7	1.0	106.0		106	29.0	1.0		1	1786.0						
YIL164C	IX	-	600	600	99.0	80.0	619.2	28.0	539.0		539	78.0	513.0		513	489.0						
YIL165C	IX	-	360	360	85.0	95.0	657.0	32.0	910.0	202.0	910	525.0	144.0	266.0	266	174.0	0.0	1.0		122.0		DRS too short
YIL166C	IX	-	1629	1629	57.0	33.0	584.0	2.0	394.0		394	416.0	116.0		116	94.0						
YIL169C	IX	-	2988	2988	454.0	323.0	469.0	2.0	0.0	39.0	39	40.0	293.0	275.0	293	276.0	1.0	0.0	39.0		both too short	
YIL171W-A	IX	+	453	453				0.0			0				0							
YIL172C	IX	-	1770	1770	34.0	20.0	496.2	0.0	227.0		227		101.0		101							
YIL173W	IX	+	4650	4650	73.0	54.0	806.5	0.0	269.0		269		302.0		302							
YIL176C	IX	-	363	363	10.0		651.9	0.0			0				0							
YIL177C	IX	-	5665	5277	35.0	56.0	507.2	0.0	860.0		860		596.0		596							
YIL177W-A	IX	+	483	483	20.0	26.0	439.9	0.0	602.0		602		715.0		715							
YIR001C	IX	-	753	753	136.0	102.0	559.6	5.0	69.0	64.0	69	65.0	324.0	332.0	332	329.0	0.0	1.0		8.0		DRS too short
YIR002C	IX	-	2982	2982	124.0	170.0	636.8	6.0	78.0		78	91.0	119.0		119	117.0						
YIR003W	IX	+	2040	2040	39.0	50.0	847.0	260.0	18.0	137.0	137	13.0	73.0	69.0	73	70.0	1.0	0.0	119.0		both too long	
YIR004W	IX	+	1299	1299	132.0	114.0	681.6	32.0	31.0	39.0	39	53.0	40.0	160.0	160	116.0	1.0	1.0	8.0	120.0	both too short	DRS too short
YIR005W	IX	+	447	447	118.0	120.0	449.1	8.0	93.0	238.0	238	45.0	79.0	75.0	79	78.0	1.0	0.0	145.0		both too long	
YIR006C	IX	-	4443	4443	160.0	163.0	680.8	1.0	53.0		53	37.0	87.0		87	87.0						
YIR007W	IX	+	2295	2295	59.0	18.0	538.0	18.0	15.0	1.0	15	7.0	85.0	107.0	107	108.0	0.0	1.0		22.0		both too short
YIR008C	IX	-	1230	1230	87.0	115.0	709.1	9.0	42.0	26.0	42	59.0	71.0	392.0	392	85.0	0.0	1.0		321.0		DRS too short
YIR009W	IX	+	336	336	24.0	51.0	528.1	12.0	68.0	617.0	617	78.0	453.0	449.0	453	450.0	1.0	0.0	549.0		DRS too short	
YIR010W	IX	+	1731	1731	135.0	48.0	574.5	50.0	57.0	90.0	90	68.0	111.0	106.0	111	107.0	1.0	0.0	33.0		DRS too short	
YIR011C	IX	-	960	960	162.0	235.0	753.9	95.0	14.0	33.0	33	16.0	107.0	109.0	109	110.0	1.0	1.0	19.0	2.0	DRS too short	both too short
YIR012W	IX	+	1296	1296	238.0	314.0	928.2	266.0	17.0	21.0	21	25.0	64.0	153.0	153	97.0	1.0	1.0	4.0	89.0	both too short	DRS too short
YIR013C	IX	-	366	366	80.0		393.0	1.0		456.0	456	457.0		221.0	221	222.0						
YIR014W	IX	+	729	729				4.0			0	24.0			0	12.0						
YIR015W	IX	+	435	435	6.0		914.8	307.0			0	24.0			0	1119.0						
YIR016W	IX	+	798	798	50.0	58.0	588.7	307.0	542.0	449.0	542	704.0	81.0	75.0	81	76.0	0.0	0.0				
YIR017C	IX	-	564	564	51.0	35.0	517.7	4.0	96.0	257.0	257	10.0	144.0	207.0	207	213.0	1.0	1.0	161.0	63.0	both too long	both too short
YIR017W-A	IX	+	600	600	41.0	55.0	548.5	0.0	220.0		220		52.0		52							
YIR018C-A	IX	-	138	138	107.0	143.0	567.9	2.0	793.0	783.0	793	784.0	943.0	218.0	943	219.0	0.0	0.0				
YIR018W	IX	+	738	738	62.0	24.0	460.1	7.0	293.0	16.0	293	21.0	294.0	519.0	519	55.0	0.0	1.0		225.0		both too long
YIR019C	IX	-	4104	4104	21.0		553.8	0.0	270.0		270		199.0		199							
YIR020C	IX	-	303	303	19.0	38.0	668.4	4.0	735.0	2422.0	2422	1018.0	378.0	646.0	646	574.0	1.0	1.0	1687.0	268.0	DRS too short	DRS too short
YIR020C-B	IX	-	735	735	16.0	14.0	614.6	0.0	496.0		496		0.0		0							
YIR020W-A	IX	+	243	243				0.0			0				0							
YIR021W	IX	+	1092	1092	80.0	26.0	555.4	65.0	41.0	72.0	72	36.0	57.0	99.0	99	60.0	1.0	1.0	31.0	42.0	both too long	DRS too short
YIR021W-A	IX	+	213	213	82.0		534.1	1.0			0	1268.0			0	604.0						
YIR022W	IX	+	504	504	72.0	235.0	554.1	196.0	36.0	7.0	36	17.0	104.0	356.0	356	105.0	0.0	1.0		252.0		DRS too short
YIR023C-A	IX	-	324	324	27.0	41.0	485.1	0.0	98.0		98		947.0		947							
YIR023W	IX	+	2913	2913	78.0	17.0	561.7	3.0	6.0		6	18.0	55.0		55	110.0						
YIR024C	IX	-	651	651	27.0	55.0	423.9	80.0	32.0	51.0	51	41.0	74.0	195.0	195	69.0	1.0	1.0	19.0	121.0	DRS too short	both too long
YIR025W	IX	+	1107	1107	100.0	13.0	486.8	17.0	23.0	43.0	43	27.0	128.0	149.0	149	127.0	1.0	1.0	20.0	21.0	DRS too short	both too long
YIR026C	IX	-	1095	1095	132.0	199.0	730.8	90.0	89.0	28.0	89	54.0	94.0	255.0	255	96.0	0.0	1.0		161.0		DRS too short
YIR027C	IX	-	1383	1383	11.0	26.0	569.8	1.0	781.0		781	264.0	115.0		115	112.0						
YIR028W	IX	+	1908	1908	32.0	32.0	583.3	0.0			0				0							
YIR029W	IX	+	1032	1032	49.0	19.0	626.0	10.0	151.0	153.0	153	92.0	53.0	207.0	207	46.0	1.0	1.0	2.0	154.0	both too long	both too long
YIR030C	IX	-	735	735	53.0	89.0	521.2	61.0		51.0	51	20.0		53.0	53	54.0						
YIR030W-A	IX	+	384	384	72.0	54.0	616.1	0.0	580.0		580		611.0		611							
YIR031C	IX	-	1665	1665	138.0	89.0	942.8	19.0	143.0	140.0	143	121.0	42.0	64.0	64	65.0	0.0	1.0		22.0		both too short
YIR032C	IX	-	588	588	75.0	126.0	563.5	72.0		61.0	61	62.0		146.0	146	71.0						
YIR033W	IX	+	3342	3342	299.0	335.0	828.2	4.0	81.0	55.0	81	37.0	66.0	99.0	99	64.0	0.0	1.0		33.0		both too long
YIR034C	IX	-	1122	1122	394.0	250.0	632.9	18.0	59.0	37.0	59	35.0	68.0	170.0	170	70.0	0.0	1.0		102.0		DRS too short
YIR035C	IX	-	765	765	236.0	366.0	664.4	217.0	120.0	528.0	528	20.0	69.0	79.0	79	70.0	1.0	1.0	408.0	10.0	both too long	DRS too short
YIR036C	IX	-	792	792	154.0	23.0	579.3	338.0	37.0	46.0	46	26.0	69.0	263.0	263	68.0	1.0	1.0	9.0	194.0	both too long	both too long
YIR036W-A	IX	+	402	402	123.0	24.0	544.4	0.0	633.0		633		0.0		0							
YIR037W	IX	+	492	492	133.0	392.0	548.1	1370.0	69.0	78.0	78	61.0	92.0	230.0	230	147.0	1.0	1.0	9.0	138.0	both too long	DRS too short
YIR038C	IX	-	705	705	152.0	94.0	528.2	126.0	22.0	751.0	751	24.0	123.0	121.0	123	122.0	1.0	0.0	729.0		DRS too short	
YIR039C	IX	-	1614	1614	74.0	67.0	821.8	18.0	220.0	252.0	252	3.0	102.0	158.0	158	144.0	1.0	1.0	32.0	56.0	both too long	DRS too short
YIR040C	IX	-	333	333	6.0		596.3	0.0			0				0							
YIR041W	IX	+	375	375	12.0	14.0	329.1	5.0		1417.0	1417	1418.0		132.0	132	133.0						
YIR042C	IX	-	711	711	93.0	89.0	647.5	4.0	150.0	269.0	269	65.0	251.0	378.0	378	430.0	1.0	1.0	119.0	127.0	both too long	both too short
Q0010	mt	+	387	387		10.0					0				0							
Q0017	mt	+	162	162							0				0							
Q0032	mt	+	291	291	5.0		593.8				0				0							
Q0045	mt	+	12884	1605	138.0	34.0	618.4				0				0							
Q0050	mt	+	2505	2505	43.0	199.0	544.3				0				0							
Q0055	mt	+	5013	2565	80.0	157.0	548.4				0				0							
Q0060	mt	+	6179	1248	80.0	18.0	475.4				0				0							
Q0065	mt	+	8118	1671	92.0	38.0	485.0				0				0							
Q0070	mt	+	9350	1893	77.0	6.0	606.2				0				0							
Q0075	mt	+	1100	1065	20.0		343.2				0				0							
Q0080	mt	+	147	147	16.0	8.0	667.5				0				0							
Q0085	mt	+	780	780	65.0	59.0	602.4				0				0							
Q0092	mt	+	141	141	8.0		509.8				0				0							
Q0105	mt	+	7108	1158	65.0	36.0	585.7				0				0							
Q0110	mt	+	2040	1272	9.0		358.7				0				0							
Q0115	mt	+	3726	1554	13.0		463.5				0				0							
Q0120	mt	+	5712	1917	30.0	23.0	596.6				0				0							
Q0130	mt	+	231	231	298.0	185.0	443.5				0				0							
Q0140	mt	+	1197	1197	47.0	34.0	446.6		613.0		613		17.0		17							
Q0142	mt	+	177	177	5.0		392.0				0				0							
Q0143	mt	+	153	153							0				0							
Q0144	mt	+	330	330	7.0		704.4		354.0		354		131.0		131							
Q0160	mt	+	708	708	977.0	29.0	537.3				0				0							
Q0182	mt	+	405	405	13.0		504.5				0				0							
Q0250	mt	+	756	756	45.0	46.0	467.1				0				0							
Q0255	mt	+	1490	1419	47.0	24.0	463.0				0				0							
Q0275	mt	+	810	810	35.0	27.0	672.3				0				0							
Q0297	mt	+	156	156	30.0		425.9				0				0							
YEL001C	V	-	678	678	315.0	518.0	576.9	655.0	35.0	34.0	35	39.0	96.0	309.0	309	102.0	0.0	1.0		213.0		DRS too short
YEL002C	V	-	1293	1293	807.0	509.0	694.8	54.0	49.0	62.0	62	50.0	76.0	159.0	159	89.0	1.0	1.0	13.0	83.0	DRS too short	DRS too short
YEL003W	V	+	424	336	363.0	633.0	482.5	17.0	76.0	222.0	222	9.0	125.0	111.0	125	138.0	1.0	0.0	146.0		both too long	
YEL004W	V	+	1029	1029	279.0	53.0	458.0	23.0	38.0	56.0	56	24.0	38.0	341.0	341	112.0	1.0	1.0	18.0	303.0	both too long	DRS too short
YEL005C	V	-	849	849	80.0	69.0	472.7	14.0	423.0	39.0	423	36.0	86.0	96.0	96	73.0	0.0	1.0		10.0		both too long
YEL006W	V	+	1008	1008	164.0	152.0	673.8	13.0	50.0	62.0	62	57.0	192.0	367.0	367	372.0	1.0	1.0	12.0	175.0	DRS too short	both too short
YEL007W	V	+	2001	2001	103.0	127.0	814.2	0.0	239.0		239		33.0		33							
YEL008C-A	V	-	93	93	34.0		442.4	9.0		231.0	231	179.0		415.0	415	416.0						
YEL008W	V	+	381	381	47.0		451.7	9.0		111.0	111	112.0		368.0	368	369.0						
YEL009C	V	-	846	846	2183.0	2244.0	801.6	35711.0		725.0	725	571.0		94.0	94	95.0						
YEL009C-A	V	-	408	408	20.0		486.1	0.0			0				0							
YEL010W	V	+	351	351	23.0		309.2	0.0			0				0							
YEL011W	V	+	2115	2115	179.0	156.0	605.6	127.0	514.0	108.0	514	31.0	115.0	115.0	115	85.0	0.0	0.0				
YEL012W	V	+	780	657	57.0	59.0	531.9	30.0	98.0	144.0	144	95.0	14.0	108.0	108	109.0	1.0	1.0	46.0	94.0	both too long	both too short
YEL013W	V	+	1737	1737	359.0	352.0	654.7	38.0	237.0	269.0	269	237.0	170.0	448.0	448	449.0	1.0	1.0	32.0	278.0	both too long	both too short
YEL014C	V	-	306	306	45.0	26.0	481.6	0.0	145.0		145		378.0		378							
YEL015W	V	+	1656	1656	69.0	100.0	975.0	130.0	50.0	48.0	50	33.0	83.0	165.0	165	54.0	0.0	1.0		82.0		both too long
YEL016C	V	-	1482	1482	36.0	47.0	778.2	149.0	265.0	211.0	265	183.0	94.0	170.0	170	92.0	0.0	1.0		76.0		both too long
YEL017C-A	V	-	132	132	974.0	2902.0	479.0	5662.0	59.0	34.0	59	30.0	53.0	706.0	706	467.0	0.0	1.0		653.0		DRS too short
YEL017W	V	+	1014	1014	58.0	35.0	602.4	63.0	158.0	480.0	480	52.0	91.0	96.0	96	91.0	1.0	1.0	322.0	5.0	both too long	both too long
YEL018C-A	V	-	534	534	957.0	35.0	465.7	1.0	479.0		479	342.0	7.0		7	3540.0						
YEL018W	V	+	840	840	1032.0	39.0	476.9	48.0	13.0	33.0	33	4.0	92.0	151.0	151	82.0	1.0	1.0	20.0	59.0	both too long	both too long
YEL019C	V	-	804	804				1.0		9.0	9	10.0		154.0	154	155.0						
YEL020C	V	-	1683	1683	409.0	52.0	486.0	1.0	826.0		826	2031.0	12.0		12	702.0						
YEL020C-B	V	-	198	198	707.0	719.0	426.2	0.0	211.0		211	206.0	22.0		22	135.0						
YEL020W-A	V	+	264	264	762.0	266.0	430.8	442.0	62.0	679.0	679	51.0	90.0	91.0	91	92.0	1.0	1.0	617.0	1.0	both too long	both too short
YEL021W	V	+	804	804	469.0	126.0	436.2	234.0		54.0	54	33.0		149.0	149	53.0						
YEL022W	V	+	4380	4380	139.0	180.0	830.4	2.0	103.0	80.0	103	65.0	77.0	72.0	77	74.0	0.0	0.0				
YEL023C	V	-	2049	2049	192.0	56.0	580.1	2.0	549.0	559.0	559	560.0	84.0	125.0	125	126.0	1.0	1.0	10.0	41.0	both too short	both too short
YEL024W	V	+	648	648	445.0	587.0	932.9	222.0	102.0	100.0	102	101.0	403.0	616.0	616	400.0	0.0	1.0		213.0		both too long
YEL025C	V	-	3567	3567	1007.0	108.0	489.4	1.0	125.0		125	13.0	270.0		270	243.0						
YEL026W	V	+	381	381	1556.0	2520.0	417.3	12291.0		1037.0	1037	90.0		70.0	70	71.0						
YEL027W	V	+	483	483	2519.0	2424.0	671.9	154272.0	79.0	62.0	79	63.0	259.0	382.0	382	253.0	0.0	1.0		123.0		both too long
YEL028W	V	+	462	462	67.0	70.0	569.2	8.0	594.0	1583.0	1583	594.0	55.0	73.0	73	59.0	1.0	1.0	989.0	18.0	both too long	DRS too short
YEL029C	V	-	939	939	192.0	230.0	787.8	10.0	194.0	112.0	194	65.0	104.0	363.0	363	364.0	0.0	1.0		259.0		both too short
YEL030C-A	V	-	315	315	102.0		339.1	0.0			0				0							
YEL030W	V	+	1935	1935	197.0	78.0	468.4	1.0	421.0	452.0	452	453.0	37.0	369.0	369	370.0	1.0	1.0	31.0	332.0	both too short	both too short
YEL031W	V	+	3648	3648	451.0	575.0	855.7	18.0	26.0	70.0	70	31.0	104.0	101.0	104	93.0	1.0	0.0	44.0		DRS too short	
YEL032C-A	V	-	162	162	58.0		278.6	0.0			0				0							
YEL032W	V	+	2916	2916	191.0	111.0	502.6	9.0	40.0	83.0	83	84.0	152.0	151.0	152	183.0	1.0	0.0	43.0		both too short	
YEL033W	V	+	420	420	913.0	1255.0	652.8	1.0	578.0		578	1493.0	0.0		0	1702.0						
YEL034C-A	V	-	603	603	953.0	1454.0	649.1	3.0	166.0	52.0	166	53.0	13.0	172.0	172	173.0	0.0	1.0		159.0		both too short
YEL034W	V	+	474	474	932.0	1164.0	642.5	88590.0	76.0	480.0	480	53.0	219.0	218.0	219	32.0	1.0	0.0	404.0		both too long	
YEL035C	V	-	501	501	902.0		648.0	1.0			0	33.0			0	369.0						
YEL036C	V	-	1503	1503	109.0	172.0	777.6	419.0	166.0	279.0	279	145.0	84.0	78.0	84	84.0	1.0	0.0	113.0		both too long	
YEL037C	V	-	1197	1197	239.0	207.0	539.3	29.0	173.0	184.0	184	159.0	179.0	191.0	191	156.0	1.0	1.0	11.0	12.0	both too long	both too long
YEL038W	V	+	684	684	184.0	97.0	481.7	45.0	34.0	18.0	34	19.0	61.0	218.0	218	51.0	0.0	1.0		157.0		both too long
YEL039C	V	-	342	342	422.0	142.0	454.3	9.0		192.0	192	89.0		114.0	114	87.0						
YEL040W	V	+	1404	1404	869.0	1208.0	883.3	190.0	21.0	47.0	47	8.0	150.0	205.0	205	99.0	1.0	1.0	26.0	55.0	both too long	both too long
YEL041W	V	+	1488	1488	172.0	36.0	400.8	9.0	252.0		252	119.0	404.0		404	644.0						
YEL042W	V	+	1557	1557	359.0	459.0	762.8	388.0	199.0	144.0	199	202.0	130.0	575.0	575	144.0	0.0	1.0		445.0		DRS too short
YEL043W	V	+	2871	2871	211.0	69.0	519.5	7.0	35.0	44.0	44	37.0	90.0	87.0	90	95.0	1.0	0.0	9.0		DRS too short	
YEL044W	V	+	501	501	174.0	367.0	478.1	33.0	461.0	706.0	706	6.0	116.0	137.0	137	125.0	1.0	1.0	245.0	21.0	both too long	DRS too short
YEL045C	V	-	426	426	35.0		545.8	0.0			0				0							
YEL046C	V	-	1164	1164	805.0	1237.0	761.9	2230.0	96.0	117.0	117	102.0	474.0	621.0	621	586.0	1.0	1.0	21.0	147.0	DRS too short	DRS too short
YEL047C	V	-	1413	1413	542.0	187.0	489.4	1.0	10.0		10	14.0	78.0		78	42.0						
YEL048C	V	-	459	459	121.0	79.0	592.5	47.0	10.0	97.0	97	21.0	506.0	619.0	619	541.0	1.0	1.0	87.0	113.0	DRS too short	DRS too short
YEL049W	V	+	363	363	29.0	7.0	658.0	4.0		17.0	17	18.0		144.0	144	131.0						
YEL050C	V	-	1182	1182	501.0	81.0	375.9	77.0	67.0	179.0	179	51.0	141.0	145.0	145	171.0	1.0	1.0	112.0	4.0	both too long	both too short
YEL050W-A	V	+	192	192	195.0	83.0	411.0	1.0	57.0	53.0	57	54.0	263.0	66.0	263	67.0	0.0	0.0				
YEL051W	V	+	771	771	411.0	633.0	688.4	447.0	43.0	65.0	65	47.0	102.0	210.0	210	100.0	1.0	1.0	22.0	108.0	DRS too short	both too long
YEL052W	V	+	1530	1530	48.0	53.0	892.9	643.0	33.0	227.0	227	35.0	71.0	68.0	71	66.0	1.0	0.0	194.0		DRS too short	
YEL053C	V	-	2202	2202	78.0	97.0	1015.6	119.0	86.0	82.0	86	83.0	91.0	106.0	106	83.0	0.0	1.0		15.0		both too long
YEL053W-A	V	+	348	348	2523.0	2463.0	567.4	0.0	448.0		448		21.0		21							
YEL054C	V	-	498	498	2293.0	2348.0	565.9	3766.0	31.0	35.0	35	27.0	90.0	539.0	539	80.0	1.0	1.0	4.0	449.0	both too long	both too long
YEL055C	V	-	3069	3069	314.0	395.0	683.6	110.0	65.0	54.0	65	55.0	105.0	189.0	189	72.0	0.0	1.0		84.0		both too long
YEL056W	V	+	1206	1206	204.0	94.0	630.7	2.0	324.0	37.0	324	38.0	111.0	109.0	111	110.0	0.0	0.0				
YEL057C	V	-	702	702	185.0	37.0	506.5	154.0	82.0		82	77.0	174.0		174	106.0						
YEL058W	V	+	1674	1674	322.0	438.0	898.1	3863.0	24.0	43.0	43	16.0	80.0	400.0	400	74.0	1.0	1.0	19.0	320.0	both too long	both too long
YEL059C-A	V	-	225	225	24.0	94.0	367.7	12.0	66.0	452.0	452	77.0	67.0	70.0	70	53.0	1.0	1.0	386.0	3.0	DRS too short	both too long
YEL059W	V	+	309	309	29.0		369.6	2.0			0	190.0			0	2203.0						
YEL060C	V	-	1908	1908	191.0	251.0	811.7	51.0	43.0	54.0	54	55.0	27.0	234.0	234	241.0	1.0	1.0	11.0	207.0	both too short	both too short
YEL061C	V	-	3003	3003	154.0	67.0	563.9	2.0	132.0	122.0	132	123.0	230.0	255.0	255	125.0	0.0	1.0		25.0		both too long
YEL062W	V	+	1848	1848	110.0	117.0	740.9	62.0	164.0	20.0	164	13.0	35.0	138.0	138	139.0	0.0	1.0		103.0		both too short
YEL063C	V	-	1773	1773	116.0	168.0	846.7	12.0	235.0	246.0	246	231.0	282.0	316.0	316	291.0	1.0	1.0	11.0	34.0	both too long	DRS too short
YEL064C	V	-	1443	1443	88.0	36.0	543.7	11.0	22.0	59.0	59	69.0	110.0	327.0	327	305.0	1.0	1.0	37.0	217.0	both too short	DRS too short
YEL065W	V	+	1887	1887	48.0	29.0	794.5	132.0	124.0	311.0	311	13.0	79.0	64.0	79	100.0	1.0	0.0	187.0		both too long	
YEL066W	V	+	486	486	28.0	30.0	504.2	91.0	394.0	603.0	603	40.0	83.0	84.0	84	77.0	1.0	1.0	209.0	1.0	both too long	both too long
YEL067C	V	-	588	588	83.0	100.0	520.0	3.0	542.0		542	169.0	789.0		789	781.0						
YEL068C	V	-	333	333	53.0	49.0	545.5	105.0	517.0	531.0	531	11.0	236.0	248.0	248	152.0	1.0	1.0	14.0	12.0	both too long	both too long
YEL069C	V	-	1695	1695	12.0		771.3	1.0			0	51.0			0	101.0						
YEL070W	V	+	1509	1509	8.0	8.0	769.1	2.0	14.0		14	0.0	124.0		124	132.0						
YEL071W	V	+	1491	1491	1090.0	1056.0	763.8	165.0	56.0	28.0	56	36.0	100.0	263.0	263	92.0	0.0	1.0		163.0		both too long
YEL072W	V	+	696	696	85.0	78.0	612.3	12.0	132.0	135.0	135	130.0	127.0	340.0	340	309.0	1.0	1.0	3.0	213.0	both too long	DRS too short
YEL073C	V	-	324	324	127.0	116.0	496.7	112.0	265.0	130.0	265	109.0	500.0	703.0	703	704.0	0.0	1.0		203.0		both too short
YEL074W	V	+	339	339	43.0		549.1	0.0			0				0							
YEL075C	V	-	369	369				0.0			0				0							
YEL075W-A	V	+	612	612	6.0		658.8	0.0			0				0							
YEL076C	V	-	651	651				0.0			0				0							
YEL076C-A	V	-	930	651				0.0			0				0							
YEL077C	V	-	3834	3834	25.0	52.0	499.5	0.0	956.0		956		805.0		805							
YEL077W-A	V	+	483	483	23.0		434.4	0.0	90.0		90		637.0		637							
YER001W	V	+	2289	2289	611.0	633.0	776.8	80.0	38.0	48.0	48	49.0	105.0	289.0	289	104.0	1.0	1.0	10.0	184.0	both too short	both too long
YER002W	V	+	696	696	290.0	221.0	405.8	892.0	51.0	433.0	433	49.0	97.0	107.0	107	94.0	1.0	1.0	382.0	10.0	both too long	both too long
YER003C	V	-	1383	1290	348.0	380.0	719.8	154.0	0.0	43.0	43	44.0	67.0	293.0	293	269.0	1.0	1.0	43.0	226.0	both too short	DRS too short
YER004W	V	+	696	696	71.0	164.0	607.2	944.0	107.0	295.0	295	8.0	253.0	260.0	260	261.0	1.0	1.0	188.0	7.0	both too long	both too short
YER005W	V	+	1893	1893	138.0	69.0	684.2	20.0	62.0	48.0	62	54.0	114.0	290.0	290	111.0	0.0	1.0		176.0		both too long
YER006C-A	V	-	318	318	154.0	121.0	509.6	0.0	6.0		6		372.0		372							
YER006W	V	+	1563	1563	355.0	499.0	972.7	493.0	28.0	38.0	38	39.0	97.0	225.0	225	60.0	1.0	1.0	10.0	128.0	both too short	both too long
YER007C-A	V	-	649	546	351.0	524.0	512.0	67.0	0.0	24.0	24	40.0	91.0	565.0	565	89.0	1.0	1.0	24.0	474.0	both too short	both too long
YER007W	V	+	1557	1557	425.0	45.0	552.7	26.0	12.0	40.0	40	21.0	84.0	146.0	146	82.0	1.0	1.0	28.0	62.0	DRS too short	both too long
YER008C	V	-	4011	4011	1411.0	148.0	537.9	1.0	46.0	65.0	65	66.0	90.0	83.0	90	84.0	1.0	0.0	19.0		both too short	
YER009W	V	+	378	378	1466.0	3784.0	543.6	312.0	54.0	64.0	64	34.0	165.0	260.0	260	164.0	1.0	1.0	10.0	95.0	both too long	both too long
YER010C	V	-	705	705	1261.0	101.0	528.5	16.0	35.0	101.0	101	29.0	92.0	87.0	92	101.0	1.0	0.0	66.0		both too long	
YER011W	V	+	765	765	82.0	68.0	601.5	15.0	49.0	53.0	53	54.0	62.0	266.0	266	78.0	1.0	1.0	4.0	204.0	both too short	DRS too short
YER012W	V	+	597	597	630.0	850.0	665.4	84.0	75.0	114.0	114	61.0	135.0	207.0	207	129.0	1.0	1.0	39.0	72.0	both too long	both too long
YER013W	V	+	3438	3438	272.0	57.0	510.8	1.0	0.0		0	18.0	83.0		83	90.0						
YER014C-A	V	-	970	462	29.0		652.4	0.0	326.0		326		808.0		808							
YER014W	V	+	1620	1620	76.0	94.0	676.0	48.0	29.0	53.0	53	54.0	113.0	129.0	129	88.0	1.0	1.0	24.0	16.0	both too short	both too long
YER015W	V	+	2235	2235	155.0	120.0	555.1	5.0	70.0		70	22.0	236.0		236	253.0						
YER016W	V	+	1035	1035	123.0	46.0	609.7	2.0	40.0	51.0	51	20.0	120.0	117.0	120	113.0	1.0	0.0	11.0		both too long	
YER017C	V	-	2286	2286	121.0	78.0	612.7	11.0	69.0	95.0	95	81.0	148.0	162.0	162	163.0	1.0	1.0	26.0	14.0	DRS too short	both too short
YER018C	V	-	666	666	55.0	135.0	426.5	30.0	340.0	1282.0	1282	55.0	75.0	73.0	75	74.0	1.0	0.0	942.0		both too long	
YER019C-A	V	-	267	267	403.0	1205.0	390.1	371.0	65.0	52.0	65	53.0	57.0	1834.0	1834	55.0	0.0	1.0		1777.0		both too long
YER019W	V	+	1434	1434	485.0	47.0	429.2	18.0	370.0	45.0	370	380.0	93.0	87.0	93	81.0	0.0	0.0				
YER020W	V	+	1350	1350	467.0	108.0	440.0	39.0	95.0	127.0	127	63.0	176.0	663.0	663	171.0	1.0	1.0	32.0	487.0	both too long	both too long
YER021W	V	+	1572	1572	370.0	473.0	944.4	61.0	52.0	61.0	61	31.0	125.0	130.0	130	126.0	1.0	1.0	9.0	5.0	both too long	DRS too short
YER022W	V	+	2064	2064	213.0	106.0	673.9	212.0	25.0	35.0	35	30.0	103.0	98.0	103	99.0	1.0	0.0	10.0		DRS too short	
YER023C-A	V	-	213	213	128.0	66.0	701.1	0.0	417.0		417	214.0	311.0		311	613.0						
YER023W	V	+	861	861	130.0	202.0	705.1	6008.0	25.0	78.0	78	25.0	70.0	216.0	216	69.0	1.0	1.0	53.0	146.0	both too long	both too long
YER024W	V	+	2772	2772	100.0	89.0	667.0	2.0	20.0		20	32.0	107.0		107	119.0						
YER025W	V	+	1584	1584	759.0	797.0	859.2	1406.0	54.0	57.0	57	58.0	262.0	297.0	297	258.0	1.0	1.0	3.0	35.0	both too short	both too long
YER026C	V	-	831	831	751.0	643.0	649.0	305.0	55.0	64.0	64	65.0	117.0	227.0	227	129.0	1.0	1.0	9.0	110.0	both too short	DRS too short
YER027C	V	-	1254	1254	123.0	158.0	803.4	17.0	68.0	75.0	75	89.0	198.0	295.0	295	247.0	1.0	1.0	7.0	97.0	both too short	DRS too short
YER028C	V	-	1185	1185	36.0	32.0	595.8	9.0	84.0	67.0	84	68.0	59.0	453.0	453	56.0	0.0	1.0		394.0		both too long
YER029C	V	-	591	591	102.0	111.0	436.3	34.0	59.0	303.0	303	66.0	99.0	111.0	111	104.0	1.0	1.0	244.0	12.0	DRS too short	DRS too short
YER030W	V	+	462	462	234.0	118.0	609.9	228.0	32.0	87.0	87	13.0	127.0	199.0	199	120.0	1.0	1.0	55.0	72.0	both too long	both too long
YER031C	V	-	672	672	172.0	316.0	588.7	215.0	24.0	34.0	34	34.0	149.0	306.0	306	144.0	1.0	1.0	10.0	157.0	both too short	both too long
YER032W	V	+	2631	2631	71.0	48.0	808.2	10.0	57.0	99.0	99	84.0	264.0	257.0	264	197.0	1.0	0.0	42.0		DRS too short	
YER033C	V	-	3231	3231	48.0	38.0	685.3	1.0	5.0		5	0.0	178.0		178	253.0						
YER034W	V	+	558	558	102.0	28.0	480.3	49.0	25.0	38.0	38	35.0	219.0	340.0	340	208.0	1.0	1.0	13.0	121.0	DRS too short	both too long
YER035W	V	+	438	438	314.0	255.0	445.9	40.0	801.0	314.0	801	75.0	138.0	140.0	140	139.0	0.0	1.0		2.0		DRS too short
YER036C	V	-	1833	1833	650.0	773.0	937.0	742.0	33.0	36.0	36	33.0	108.0	129.0	129	104.0	1.0	1.0	3.0	21.0	both too long	both too long
YER037W	V	+	966	966	683.0	879.0	803.3	11.0	88.0	22.0	88	23.0	221.0	219.0	221	220.0	0.0	0.0				
YER038C	V	-	1395	1395	667.0	475.0	836.5	8.0	104.0	9.0	104	10.0	536.0	801.0	801	754.0	0.0	1.0		265.0		DRS too short
YER038W-A	V	+	381	381	9.0	5.0	631.8	3.0		71.0	71	72.0		740.0	740	525.0						
YER039C	V	-	750	750	16.0	21.0	379.6	21.0		244.0	244	95.0		95.0	95	185.0						
YER039C-A	V	-	219	219	5.0		423.4	11.0		25.0	25	17.0		463.0	463	927.0						
YER040W	V	+	2193	2193	96.0	134.0	808.1	18.0	77.0	84.0	84	82.0	257.0	262.0	262	262.0	1.0	1.0	7.0	5.0	DRS too short	both too short
YER041W	V	+	2280	2280	322.0	23.0	452.7	10.0	67.0	85.0	85	82.0	164.0	164.0	164	168.0	1.0	0.0	18.0		DRS too short	
YER042W	V	+	555	555	1512.0	603.0	471.5	17.0	69.0	95.0	95	20.0	77.0	211.0	211	52.0	1.0	1.0	26.0	134.0	both too long	both too long
YER043C	V	-	1350	1350	3073.0	3734.0	851.0	5898.0	73.0	101.0	101	24.0	223.0	234.0	234	235.0	1.0	1.0	28.0	11.0	both too long	both too short
YER044C	V	-	447	447	551.0	1243.0	535.7	111.0	123.0	406.0	406	39.0	126.0	130.0	130	125.0	1.0	1.0	283.0	4.0	both too long	both too long
YER044C-A	V	-	1315	1227	258.0	16.0	553.1	0.0			0				0							
YER045C	V	-	1470	1470	116.0	169.0	707.2	5.0	312.0	299.0	312	213.0	123.0	117.0	123	148.0	0.0	0.0				
YER046W	V	+	432	432	43.0	70.0	448.1	21.0	678.0	665.0	678	43.0	61.0	95.0	95	54.0	0.0	1.0		34.0		both too long
YER046W-A	V	+	330	330	40.0	27.0	457.5	0.0	136.0		136		443.0		443							
YER047C	V	-	2694	2694	94.0	12.0	434.7	0.0	179.0		179	199.0	62.0		62	58.0						
YER048C	V	-	1176	1176	247.0	225.0	726.6	509.0	89.0	76.0	89	67.0	66.0	400.0	400	121.0	0.0	1.0		334.0		DRS too short
YER048W-A	V	+	285	285	531.0	566.0	565.1	396.0	70.0	80.0	80	81.0	234.0	718.0	718	328.0	1.0	1.0	10.0	484.0	both too short	DRS too short
YER049W	V	+	1935	1935	405.0	251.0	769.3	298.0	17.0	98.0	98	82.0	86.0	91.0	91	92.0	1.0	1.0	81.0	5.0	DRS too short	both too short
YER050C	V	-	417	417	199.0	348.0	492.6	45.0	55.0	56.0	56	47.0	115.0	316.0	316	112.0	1.0	1.0	1.0	201.0	both too long	both too long
YER051W	V	+	1479	1479	637.0	48.0	467.4	6.0	14.0	12.0	14	16.0	169.0	17.0	169	103.0	0.0	0.0				
YER052C	V	-	1584	1584	923.0	1331.0	800.2	32.0	91.0	109.0	109	110.0	113.0	160.0	160	112.0	1.0	1.0	18.0	47.0	both too short	both too long
YER053C	V	-	903	903	363.0	430.0	718.0	137.0	207.0	383.0	383	98.0	145.0	142.0	145	143.0	1.0	0.0	176.0		both too long	
YER053C-A	V	-	114	114	154.0	156.0	492.7	5.0	152.0	233.0	233	50.0	364.0	372.0	372	365.0	1.0	1.0	81.0	8.0	both too long	DRS too short
YER054C	V	-	1647	1647	37.0	28.0	569.4	4.0	417.0		417	577.0	189.0		189	182.0						
YER055C	V	-	894	894	2385.0	2180.0	715.5	69.0	357.0	58.0	357	26.0	83.0	1158.0	1158	132.0	0.0	1.0		1075.0		DRS too short
YER056C	V	-	1602	1602	756.0	1127.0	876.4	2344.0	78.0	1229.0	1229	87.0	123.0	1538.0	1538	121.0	1.0	1.0	1151.0	1415.0	DRS too short	both too long
YER056C-A	V	-	763	366	4204.0	3664.0	421.7	7245.0	0.0	571.0	571	32.0	86.0	78.0	86	79.0	1.0	0.0	571.0		DRS too short	
YER057C	V	-	390	390	383.0	767.0	442.8	866.0	61.0	411.0	411	43.0	85.0	89.0	89	84.0	1.0	1.0	350.0	4.0	both too long	both too long
YER058W	V	+	324	324	23.0	25.0	443.7	24.0		61.0	61	32.0		147.0	147	108.0						
YER059W	V	+	1263	1263	107.0	102.0	659.9	56.0	150.0	181.0	181	182.0	74.0	579.0	579	72.0	1.0	1.0	31.0	505.0	both too short	both too long
YER060W	V	+	1587	1587	141.0	160.0	722.7	2.0	781.0	40.0	781	129.0	100.0	96.0	100	130.0	0.0	0.0				
YER060W-A	V	+	1593	1593	67.0	12.0	498.1	1.0		83.0	83	84.0		146.0	146	147.0						
YER061C	V	-	1329	1329	77.0	52.0	584.3	23.0	37.0	84.0	84	40.0	61.0	466.0	466	62.0	1.0	1.0	47.0	405.0	DRS too short	DRS too short
YER062C	V	-	753	753	129.0	167.0	617.4	111.0	145.0	156.0	156	10.0	171.0	237.0	237	192.0	1.0	1.0	11.0	66.0	both too long	DRS too short
YER063W	V	+	657	657	162.0	99.0	516.0	99.0	129.0	122.0	129	61.0	149.0	224.0	224	146.0	0.0	1.0		75.0		both too long
YER064C	V	-	1518	1518	258.0	305.0	719.2	1087.0	52.0	83.0	83	90.0	265.0	1129.0	1129	238.0	1.0	1.0	31.0	864.0	both too short	both too long
YER065C	V	-	1674	1674	63.0	62.0	571.9	30.0	532.0	340.0	532	268.0	118.0	126.0	126	127.0	0.0	1.0		8.0		both too short
YER066C-A	V	-	501	501	217.0	234.0	548.5	0.0	455.0		455		36.0		36							
YER066W	V	+	558	558	63.0	54.0	578.8	38.0	888.0	941.0	941	8.0	130.0	138.0	138	139.0	1.0	1.0	53.0	8.0	both too long	both too short
YER067C-A	V	-	324	324	207.0	239.0	553.8	0.0	95.0		95	114.0	239.0		239	223.0						
YER067W	V	+	486	486	217.0	297.0	550.9	7131.0	180.0	278.0	278	76.0	92.0	193.0	193	90.0	1.0	1.0	98.0	101.0	both too long	both too long
YER068C-A	V	-	432	432	34.0		392.7	1.0			0	1044.0			0	461.0						
YER068W	V	+	1764	1764	215.0	114.0	633.0	26.0	79.0	119.0	119	67.0	104.0	110.0	110	98.0	1.0	1.0	40.0	6.0	both too long	both too long
YER069W	V	+	2592	2592	460.0	474.0	711.9	5.0	52.0	74.0	74	73.0	124.0	160.0	160	103.0	1.0	1.0	22.0	36.0	DRS too short	both too long
YER070W	V	+	2667	2667	338.0	293.0	724.2	97.0	42.0	77.0	77	39.0	205.0	205.0	205	206.0	1.0	0.0	35.0		both too long	
YER071C	V	-	381	381	781.0	294.0	485.4	57.0	10.0	159.0	159	9.0	144.0	243.0	243	223.0	1.0	1.0	149.0	99.0	both too long	DRS too short
YER072W	V	+	390	390	1418.0	2209.0	474.0	6079.0	97.0	236.0	236	18.0	135.0	145.0	145	146.0	1.0	1.0	139.0	10.0	both too long	both too short
YER073W	V	+	1563	1563	1120.0	1193.0	569.1	408.0	67.0	690.0	690	78.0	276.0	703.0	703	273.0	1.0	1.0	623.0	427.0	DRS too short	both too long
YER074W	V	+	874	408	4497.0	7975.0	478.4	342.0	0.0	76.0	76	26.0	104.0	153.0	153	96.0	1.0	1.0	76.0	49.0	DRS too short	both too long
YER074W-A	V	+	471	258	4260.0	702.0	483.2	152.0	57.0	13.0	57	14.0	74.0	396.0	396	73.0	0.0	1.0		322.0		both too long
YER075C	V	-	2787	2787	328.0	47.0	415.0	5.0	328.0		328	162.0	141.0		141	119.0						
YER076C	V	-	909	909	74.0	97.0	524.9	12.0	381.0	419.0	419	140.0	153.0	150.0	153	151.0	1.0	0.0	38.0		both too long	
YER076W-A	V	+	348	348	49.0		401.8	1.0			0	341.0			0	156.0						
YER077C	V	-	2067	2067	131.0	76.0	550.7	1.0	316.0	177.0	316	178.0	68.0	107.0	107	108.0	0.0	1.0		39.0		both too short
YER078C	V	-	1536	1536	83.0	106.0	863.0	35.0	200.0	209.0	209	145.0	74.0	114.0	114	84.0	1.0	1.0	9.0	40.0	both too long	DRS too short
YER078W-A	V	+	165	165	32.0	26.0	678.9	1.0		1876.0	1876	499.0		52.0	52	62.0						
YER079C-A	V	-	339	339	24.0		514.1	0.0			0				0							
YER079W	V	+	633	633	47.0	110.0	624.8	5.0	68.0	80.0	80	79.0	87.0	275.0	275	107.0	1.0	1.0	12.0	188.0	DRS too short	DRS too short
YER080W	V	+	1884	1884	317.0	237.0	682.2	118.0	16.0	44.0	44	19.0	84.0	93.0	93	99.0	1.0	1.0	28.0	9.0	DRS too short	both too short
YER081W	V	+	1410	1410	482.0	579.0	731.4	47.0	461.0	472.0	472	473.0	165.0	182.0	182	183.0	1.0	1.0	11.0	17.0	both too short	both too short
YER082C	V	-	1665	1665	337.0	276.0	634.0	183.0	50.0	58.0	58	54.0	81.0	337.0	337	92.0	1.0	1.0	8.0	256.0	DRS too short	DRS too short
YER083C	V	-	858	858	63.0	156.0	637.5	477.0	24.0	32.0	32	18.0	37.0	227.0	227	44.0	1.0	1.0	8.0	190.0	both too long	DRS too short
YER084W	V	+	387	387	65.0		616.5	0.0	0.0		0	633.0	96.0		96	103.0						
YER084W-A	V	+	513	513	6.0		361.3	0.0			0				0							
YER085C	V	-	522	522	6.0		305.8	3.0		147.0	147	34.0		143.0	143	136.0						
YER086W	V	+	1731	1731	474.0	740.0	904.2	1111.0	51.0	144.0	144	39.0	141.0	138.0	141	139.0	1.0	0.0	93.0		both too long	
YER087C-A	V	-	552	552	191.0	79.0	458.3	0.0	267.0		267		370.0		370							
YER087C-B	V	-	249	249	200.0	566.0	453.2	592.0		42.0	42	40.0		363.0	363	208.0						
YER087W	V	+	1731	1731	487.0	42.0	456.6	64.0	64.0	63.0	64	38.0	76.0	163.0	163	68.0	0.0	1.0		87.0		both too long
YER088C	V	-	2013	2013	270.0	187.0	595.7	19.0	75.0	269.0	269	89.0	141.0	151.0	151	135.0	1.0	1.0	194.0	10.0	DRS too short	both too long
YER088C-A	V	-	324	324	50.0	109.0	516.1	61.0	823.0	1274.0	1274	1633.0	428.0	433.0	433	434.0	1.0	1.0	451.0	5.0	both too short	both too short
YER088W-B	V	+	147	147	67.0		526.7	3.0			0	17.0			0	1597.0						
YER089C	V	-	1395	1395	107.0	162.0	807.9	1092.0	317.0	338.0	338	312.0	77.0	83.0	83	73.0	1.0	1.0	21.0	6.0	both too long	both too long
YER090C-A	V	-	90	90	33.0		931.9	1.0	525.0		525	1223.0	234.0		234	637.0						
YER090W	V	+	1524	1524	568.0	317.0	619.4	287.0	66.0	37.0	66	78.0	106.0	245.0	245	104.0	0.0	1.0		139.0		both too long
YER091C	V	-	2304	2304	888.0	1143.0	994.3	815.0	59.0	213.0	213	70.0	229.0	224.0	229	225.0	1.0	0.0	154.0		DRS too short	
YER091C-A	V	-	222	222	68.0		469.2	0.0			0	291.0			0	242.0						
YER092W	V	+	378	378	61.0	147.0	495.9	173.0	28.0	8.0	28	9.0	260.0	423.0	423	255.0	0.0	1.0		163.0		both too long
YER093C	V	-	4293	4293	104.0	60.0	752.5	5.0	86.0		86	60.0	62.0		62	58.0						
YER093C-A	V	-	489	414	183.0	45.0	545.7	2.0	32.0	22.0	32	21.0	91.0	137.0	137	130.0	0.0	1.0		46.0		DRS too short
YER094C	V	-	618	618	327.0	476.0	678.7	1499.0	99.0	329.0	329	90.0	156.0	153.0	156	154.0	1.0	0.0	230.0		both too long	
YER095W	V	+	1203	1203	42.0	53.0	900.8	121.0	43.0	66.0	66	67.0	221.0	422.0	422	235.0	1.0	1.0	23.0	201.0	both too short	DRS too short
YER096W	V	+	1539	1539	51.0	28.0	629.5	3.0	152.0	163.0	163	107.0	184.0	28.0	184	183.0	1.0	0.0	11.0		both too long	
YER097W	V	+	330	330	43.0	9.0	391.8	1.0			0	11.0			0	1902.0						
YER098W	V	+	2265	2265	116.0	31.0	574.7	5.0	167.0	182.0	182	182.0	140.0	203.0	203	423.0	1.0	1.0	15.0	63.0	both too short	both too short
YER099C	V	-	957	957	201.0	274.0	734.0	30.0	33.0	18.0	33	19.0	66.0	892.0	892	74.0	0.0	1.0		826.0		DRS too short
YER100W	V	+	753	753	171.0	235.0	616.9	61.0	265.0	285.0	285	35.0	94.0	100.0	100	92.0	1.0	1.0	20.0	6.0	both too long	both too long
YER101C	V	-	1293	1293	127.0	69.0	544.7	7.0	104.0	81.0	104	34.0	126.0	179.0	179	124.0	0.0	1.0		53.0		both too long
YER102W	V	+	970	603	14778.0	14916.0	673.4	292.0	254.0	18.0	254	19.0	143.0	345.0	345	142.0	0.0	1.0		202.0		both too long
YER103W	V	+	1929	1929	1130.0	1306.0	811.9	12.0	176.0	735.0	735	54.0	115.0	119.0	119	128.0	1.0	1.0	559.0	4.0	both too long	both too short
YER104W	V	+	627	627	480.0	122.0	395.8	201.0	248.0	17.0	248	18.0	315.0	1057.0	1057	380.0	0.0	1.0		742.0		DRS too short
YER105C	V	-	4176	4176	182.0	155.0	857.4	10.0	34.0	18.0	34	19.0	126.0	244.0	244	124.0	0.0	1.0		118.0		both too long
YER106W	V	+	909	909	61.0	7.0	508.5	0.0			0				0							
YER107C	V	-	1098	1098	110.0	178.0	687.6	24.0	180.0	186.0	186	193.0	113.0	243.0	243	138.0	1.0	1.0	6.0	130.0	both too short	DRS too short
YER107W-A	V	+	321	321	52.0		875.5	0.0	700.0		700		4.0		4							
YER110C	V	-	3342	3342	611.0	587.0	800.0	227.0	100.0	140.0	140	112.0	154.0	151.0	154	152.0	1.0	0.0	40.0		DRS too short	
YER111C	V	-	3282	3282	63.0	82.0	810.9	1.0	272.0		272	193.0	53.0		53	143.0						
YER112W	V	+	564	564	283.0	513.0	607.0	46.0	88.0	100.0	100	49.0	100.0	114.0	114	93.0	1.0	1.0	12.0	14.0	both too long	both too long
YER113C	V	-	2121	2121	372.0	96.0	645.5	6.0	147.0	154.0	154	133.0	142.0	137.0	142	146.0	1.0	0.0	7.0		both too long	
YER114C	V	-	3123	3123	106.0	134.0	770.6	2.0	309.0		309	298.0	230.0		230	201.0						
YER115C	V	-	576	576	82.0	106.0	557.7	36.0	706.0	950.0	950	217.0	68.0	112.0	112	113.0	1.0	1.0	244.0	44.0	both too long	both too short
YER116C	V	-	825	825	23.0	16.0	580.4	22.0	103.0	99.0	103	100.0	133.0	448.0	448	1169.0	0.0	1.0		315.0		both too short
YER117W	V	+	885	414	9126.0	18087.0	493.4	37292.0	0.0	1057.0	1057	20.0	65.0	62.0	65	63.0	1.0	0.0	1057.0		DRS too short	
YER118C	V	-	1104	1104	9169.0	153.0	492.9	16.0	176.0	298.0	298	192.0	139.0	178.0	178	179.0	1.0	1.0	122.0	39.0	DRS too short	both too short
YER119C	V	-	1347	1347	71.0	31.0	781.6	120.0	109.0	21.0	109	26.0	96.0	160.0	160	98.0	0.0	1.0		64.0		DRS too short
YER119C-A	V	-	372	372	154.0	225.0	618.1	1.0	868.0		868	641.0	0.0		0	1465.0						
YER120W	V	+	735	735	163.0	199.0	637.6	1129.0	34.0	87.0	87	34.0	66.0	234.0	234	102.0	1.0	1.0	53.0	168.0	both too long	DRS too short
YER121W	V	+	345	345	224.0	30.0	480.8	10.0	19.0	145.0	145	21.0	126.0	192.0	192	116.0	1.0	1.0	126.0	66.0	DRS too short	both too long
YER122C	V	-	1482	1482	222.0	360.0	864.7	145.0	70.0	80.0	80	81.0	23.0	146.0	146	143.0	1.0	1.0	10.0	123.0	both too short	DRS too short
YER123W	V	+	1575	1575	119.0	88.0	575.8	375.0	176.0	187.0	187	188.0	431.0	548.0	548	431.0	1.0	1.0	11.0	117.0	both too short	both too long
YER124C	V	-	1722	1722	352.0	376.0	856.3	1025.0	54.0	39.0	54	40.0	344.0	523.0	523	341.0	0.0	1.0		179.0		both too long
YER125W	V	+	2430	2430	233.0	264.0	669.7	32.0	479.0	503.0	503	504.0	395.0	396.0	396	393.0	1.0	1.0	24.0	1.0	both too short	both too long
YER126C	V	-	786	786	455.0	428.0	717.8	167.0	62.0	101.0	101	27.0	16.0	502.0	502	201.0	1.0	1.0	39.0	486.0	both too long	DRS too short
YER127W	V	+	1074	1074	85.0	122.0	687.0	108.0	98.0	23.0	98	21.0	99.0	198.0	198	119.0	0.0	1.0		99.0		DRS too short
YER128W	V	+	612	612	89.0	42.0	473.2	11.0	32.0	4.0	32	1.0	151.0	608.0	608	141.0	0.0	1.0		457.0		both too long
YER129W	V	+	3429	3429	142.0	147.0	647.3	1.0	486.0		486	514.0	263.0		263	238.0						
YER130C	V	-	1332	1332	183.0	185.0	807.0	14.0	93.0	95.0	95	67.0	220.0	251.0	251	212.0	1.0	1.0	2.0	31.0	both too long	both too long
YER131W	V	+	721	360	3780.0	3891.0	465.2	438.0	0.0	145.0	145	55.0	118.0	142.0	142	120.0	1.0	1.0	145.0	24.0	DRS too short	DRS too short
YER132C	V	-	5262	5262	545.0	210.0	347.6	0.0	452.0		452		141.0		141							
YER133W	V	+	1464	939	913.0	841.0	874.5	12.0	0.0	68.0	68	69.0	427.0	465.0	465	438.0	1.0	1.0	68.0	38.0	both too short	DRS too short
YER133W-A	V	+	342	342	55.0	61.0	641.7	0.0	879.0		879		290.0		290							
YER134C	V	-	537	537	53.0	79.0	642.4	77.0	464.0	175.0	464	46.0	240.0	958.0	958	145.0	0.0	1.0		718.0		both too long
YER135C	V	-	393	393	42.0	7.0	601.9	2.0			0	31.0			0	1524.0						
YER136W	V	+	1356	1356	198.0	369.0	1020.6	285.0	109.0	154.0	154	75.0	182.0	328.0	328	324.0	1.0	1.0	45.0	146.0	both too long	DRS too short
YER137C	V	-	447	447	306.0	24.0	462.1	73.0		99.0	99	20.0		166.0	166	161.0						
YER137W-A	V	+	306	306	310.0		428.4	2.0			0	2054.0			0	486.0						
YER138W-A	V	+	105	105	433.0	27.0	437.7	0.0			0	154.0			0	10.0						
YER139C	V	-	681	681	114.0	389.0	575.5	18.0	123.0	155.0	155	103.0	658.0	725.0	725	726.0	1.0	1.0	32.0	67.0	both too long	both too short
YER140W	V	+	1671	1671	51.0	68.0	877.5	8.0	34.0	71.0	71	53.0	226.0	392.0	392	226.0	1.0	1.0	37.0	166.0	DRS too short	both too long
YER141W	V	+	1461	1461	175.0	236.0	737.2	627.0	106.0	78.0	106	63.0	232.0	230.0	232	239.0	0.0	0.0				
YER142C	V	-	891	891	169.0	94.0	552.6	14.0	61.0	347.0	347	28.0	85.0	85.0	85	87.0	1.0	0.0	286.0		both too long	
YER143W	V	+	1287	1287	104.0	97.0	744.2	31.0	47.0	57.0	57	58.0	110.0	204.0	204	184.0	1.0	1.0	10.0	94.0	both too short	DRS too short
YER144C	V	-	2418	2418	149.0	120.0	579.3	105.0	1.0	93.0	93	9.0	124.0	116.0	124	113.0	1.0	0.0	92.0		DRS too short	
YER145C	V	-	1215	1215	77.0	109.0	696.8	218.0	20.0	17.0	20	21.0	103.0	235.0	235	100.0	0.0	1.0		132.0		both too long
YER145C-A	V	-	438	438	197.0	404.0	404.1	1.0	135.0		135	30.0	40.0		40	627.0						
YER146W	V	+	282	282	212.0	166.0	396.2	65.0	40.0	421.0	421	46.0	85.0	84.0	85	85.0	1.0	0.0	381.0		DRS too short	
YER147C	V	-	1875	1875	197.0	34.0	418.9	296.0	204.0	39.0	204	66.0	3.0	104.0	104	3.0	0.0	1.0		101.0		both too long
YER147C-A	V	-	411	411	173.0	291.0	720.3	0.0	604.0		604		81.0		81							
YER148W	V	+	723	723	172.0	296.0	729.6	1188.0	188.0	188.0	188	193.0	192.0	346.0	346	189.0	0.0	1.0		154.0		both too long
YER148W-A	V	+	579	579	150.0	13.0	687.3	0.0	57.0		57		19.0		19							
YER149C	V	-	1263	1263	147.0	40.0	596.7	43.0	64.0	92.0	92	51.0	80.0	77.0	80	78.0	1.0	0.0	28.0		both too long	
YER150W	V	+	447	447	372.0	401.0	548.8	21.0	44.0	654.0	654	35.0	119.0	165.0	165	165.0	1.0	1.0	610.0	46.0	both too long	both too short
YER151C	V	-	2739	2739	260.0	209.0	652.2	30.0	98.0	123.0	123	74.0	74.0	68.0	74	69.0	1.0	0.0	25.0		both too long	
YER152C	V	-	1332	1332	68.0	74.0	750.8	103.0	618.0	573.0	618	31.0	55.0	36.0	55	52.0	0.0	0.0				
YER152W-A	V	+	567	567	61.0	79.0	776.7	0.0	883.0		883		464.0		464							
YER153C	V	-	765	765				49.0			0	5.0			0	1436.0						
YER154W	V	+	1209	1209	213.0	101.0	596.6	114.0	227.0	708.0	708	20.0	68.0	64.0	68	65.0	1.0	0.0	481.0		both too long	
YER155C	V	-	6504	6504	332.0	365.0	675.2	0.0	109.0		109		154.0		154							
YER156C	V	-	1017	1017	254.0	330.0	843.2	3234.0	5.0	286.0	286	16.0	102.0	105.0	105	114.0	1.0	1.0	281.0	3.0	DRS too short	both too short
YER157W	V	+	2406	2406	181.0	162.0	630.7	75.0	12.0	15.0	15	16.0	41.0	80.0	80	81.0	1.0	1.0	3.0	39.0	both too short	both too short
YER158C	V	-	1722	1722	82.0	71.0	525.3	4.0	181.0	203.0	203	181.0	135.0	120.0	135	113.0	1.0	0.0	22.0		both too long	
YER158W-A	V	+	216	216	226.0		572.4	1.0			0	22.0			0	389.0						
YER159C	V	-	429	429	209.0	373.0	522.8	234.0	191.0	182.0	191	183.0	131.0	247.0	247	120.0	0.0	1.0		116.0		both too long
YER161C	V	-	1002	1002	66.0	49.0	471.1	80.0	36.0	67.0	67	47.0	266.0	268.0	268	271.0	1.0	1.0	31.0	2.0	DRS too short	both too short
YER162C	V	-	2265	2265	47.0	18.0	575.9	7.0	31.0		31	35.0	113.0		113	66.0						
YER163C	V	-	699	699	77.0	88.0	532.3	72.0	157.0	119.0	157	8.0	45.0	101.0	101	126.0	0.0	1.0		56.0		both too short
YER164W	V	+	4407	4407	69.0	89.0	784.0	1.0	0.0		0	312.0	132.0		132	146.0						
YER165C-A	V	-	357	357	132.0		432.2	0.0			0				0							
YER165W	V	+	1734	1734	640.0	832.0	1105.0	1159.0	44.0	141.0	141	142.0	152.0	201.0	201	126.0	1.0	1.0	97.0	49.0	both too short	both too long
YER166W	V	+	4716	4716	191.0	116.0	565.3	0.0	289.0		289		120.0		120							
YER167W	V	+	2556	2556	154.0	152.0	657.1	23.0	286.0	425.0	425	290.0	158.0	9.0	158	10.0	1.0	0.0	139.0		DRS too short	
YER168C	V	-	1641	1641	141.0	127.0	663.5	10.0	27.0	54.0	54	43.0	63.0	94.0	94	59.0	1.0	1.0	27.0	31.0	DRS too short	both too long
YER169W	V	+	2391	2391	47.0	71.0	770.0	11.0	209.0	289.0	289	235.0	196.0	207.0	207	206.0	1.0	1.0	80.0	11.0	DRS too short	DRS too short
YER170W	V	+	678	678	90.0	84.0	586.5	5.0	47.0	30.0	47	23.0	349.0	381.0	381	348.0	0.0	1.0		32.0		both too long
YER171W	V	+	2337	2337	136.0	76.0	581.4	17.0	109.0	122.0	122	115.0	103.0	128.0	128	100.0	1.0	1.0	13.0	25.0	DRS too short	both too long
YER172C	V	-	6492	6492	139.0	183.0	818.3	0.0	180.0		180		126.0		126							
YER172C-A	V	-	381	381				0.0			0				0							
YER173W	V	+	1980	1980	178.0	29.0	582.7	1.0	19.0		19	30.0	148.0		148	172.0						
YER174C	V	-	735	735	226.0	391.0	559.8	5.0	878.0	151.0	878	114.0	92.0	98.0	98	97.0	0.0	1.0		6.0		DRS too short
YER175C	V	-	900	900	94.0	97.0	708.2	35.0	997.0	1087.0	1087	19.0	167.0	287.0	287	166.0	1.0	1.0	90.0	120.0	both too long	both too long
YER175W-A	V	+	165	165	43.0	46.0	693.7	8.0	703.0	1150.0	1150	1156.0	266.0	760.0	760	761.0	1.0	1.0	447.0	494.0	both too short	both too short
YER176W	V	+	3366	3366	81.0	65.0	593.4	24.0	156.0	19.0	156	42.0	118.0	113.0	118	114.0	0.0	0.0				
YER177W	V	+	804	804	1456.0	1981.0	785.2	1697.0	168.0	411.0	411	43.0	177.0	174.0	177	30.0	1.0	0.0	243.0		both too long	
YER178W	V	+	1263	1263	1147.0	858.0	695.9	10437.0	33.0	11.0	33	28.0	134.0	264.0	264	134.0	0.0	1.0		130.0		both too long
YER179W	V	+	1097	1005	294.0	42.0	419.1	1.0	28.0		28	29.0	46.0		46	254.0						
YER180C	V	-	804	804	43.0	40.0	549.4	72.0	93.0	567.0	567	643.0	46.0	55.0	55	57.0	1.0	1.0	474.0	9.0	both too short	both too short
YER180C-A	V	-	258	258	6.0	14.0	383.7	72.0		47.0	47	48.0		671.0	671	1198.0						
YER181C	V	-	324	324				2.0		611.0	611	612.0		50.0	50	51.0						
YER182W	V	+	735	735	129.0	139.0	553.0	155.0	25.0	177.0	177	35.0	87.0	97.0	97	98.0	1.0	1.0	152.0	10.0	DRS too short	both too short
YER183C	V	-	636	636	137.0	112.0	562.2	242.0	0.0	62.0	62	1.0	82.0	91.0	91	92.0	1.0	1.0	62.0	9.0	DRS too short	both too short
YER184C	V	-	2385	2385	86.0	64.0	707.5	3.0	420.0	73.0	420	74.0	346.0	210.0	346	211.0	0.0	0.0				
YER185W	V	+	912	912	27.0	25.0	464.2	1.0		492.0	492	493.0		34.0	34	35.0						
YER186C	V	-	921	921	210.0	188.0	661.2	11.0	179.0	144.0	179	193.0	148.0	504.0	504	212.0	0.0	1.0		356.0		DRS too short
YER187W	V	+	426	426	57.0	43.0	545.7	2.0	728.0	694.0	728	671.0	142.0	200.0	200	156.0	0.0	1.0		58.0		DRS too short
YER188C-A	V	-	300	300	15.0	6.0	437.1	0.0	859.0		859		214.0		214							
YER188W	V	+	720	720	60.0	61.0	537.9	4.0	193.0	314.0	314	7.0	220.0	229.0	229	230.0	1.0	1.0	121.0	9.0	both too long	both too short
YER189W	V	+	369	369				0.0			0				0							
YER190C-A	V	-	576	576				0.0			0				0							
YER190C-B	V	-	483	483	19.0		572.8	0.0	143.0		143		846.0		846							
YER190W	V	+	5046	5046	35.0	49.0	548.6	0.0	282.0		282		721.0		721							
YFL001W	VI	+	1329	1329	54.0	68.0	754.8	10.0	26.0	57.0	57	38.0	36.0	34.0	36	32.0	1.0	0.0	31.0		DRS too short	
YFL002C	VI	-	1821	1821	62.0	56.0	431.4	116.0	5.0	35.0	35	16.0	134.0	137.0	137	138.0	1.0	1.0	30.0	3.0	DRS too short	both too short
YFL003C	VI	-	2637	2637	289.0	22.0	498.8	0.0	0.0		0		126.0		126							
YFL004W	VI	+	2487	2487	504.0	671.0	789.8	241.0	17.0	157.0	157	90.0	76.0	213.0	213	74.0	1.0	1.0	140.0	137.0	DRS too short	both too long
YFL005W	VI	+	648	648	912.0	975.0	732.9	150.0	156.0	231.0	231	137.0	218.0	220.0	220	217.0	1.0	1.0	75.0	2.0	both too long	both too long
YFL007W	VI	+	6432	6432	130.0	122.0	836.2	0.0	119.0		119		81.0		81							
YFL008W	VI	+	3678	3678	70.0	88.0	762.2	6.0	39.0		39	41.0	99.0		99	103.0						
YFL009W	VI	+	2340	2340	140.0	129.0	791.5	40.0	180.0	179.0	180	192.0	87.0	136.0	136	85.0	0.0	1.0		49.0		both too long
YFL010C	VI	-	636	636	153.0	277.0	514.1	1901.0	17.0	16.0	17	29.0	163.0	376.0	376	162.0	0.0	1.0		213.0		both too long
YFL010W-A	VI	+	285	285	173.0	59.0	543.4	0.0	50.0		50		91.0		91							
YFL011W	VI	+	1641	1641	36.0		454.5	0.0			0	279.0			0	57.0						
YFL012W	VI	+	447	447	44.0	26.0	519.8	4.0		60.0	60	61.0		452.0	452	144.0						
YFL012W-A	VI	+	375	375	15.0		417.9	0.0			0				0							
YFL013C	VI	-	2079	2079	85.0	52.0	445.3	25.0	22.0	84.0	84	33.0	14.0	230.0	230	62.0	1.0	1.0	62.0	216.0	DRS too short	DRS too short
YFL013W-A	VI	+	804	804	59.0	48.0	486.0	0.0	111.0		111		783.0		783							
YFL014W	VI	+	330	330	45.0	111.0	460.8	18.0		425.0	425	59.0		193.0	193	185.0						
YFL015C	VI	-	495	495	38.0		471.9	0.0			0				0							
YFL015W-A	VI	+	318	318	8.0		356.4	0.0			0	2416.0			0	218.0						
YFL016C	VI	-	1536	1536	378.0	574.0	835.5	27.0	40.0	92.0	92	81.0	104.0	102.0	104	103.0	1.0	0.0	52.0		DRS too short	
YFL017C	VI	-	480	480	248.0	227.0	447.0	249.0	36.0	7.0	36	11.0	28.0	392.0	392	76.0	0.0	1.0		364.0		DRS too short
YFL017W-A	VI	+	234	234	180.0	42.0	348.7	163.0	43.0	333.0	333	15.0	3.0	65.0	65	66.0	1.0	1.0	290.0	62.0	both too long	both too short
YFL018C	VI	-	1500	1500	406.0	371.0	652.5	602.0	77.0	90.0	90	79.0	72.0	130.0	130	83.0	1.0	1.0	13.0	58.0	DRS too short	DRS too short
YFL019C	VI	-	354	354	10.0	8.0	612.9	1.0			0	163.0			0	1135.0						
YFL020C	VI	-	369	369	13.0	7.0	443.9	3.0		693.0	693	115.0		114.0	114	115.0						
YFL021C-A	VI	-	855	855	54.0	48.0	789.1	2.0	998.0	919.0	998	637.0	287.0	311.0	311	30.0	0.0	1.0		24.0		both too long
YFL021W	VI	+	1533	1533	110.0	106.0	538.8	3.0	380.0	179.0	380	34.0	129.0	118.0	129	117.0	0.0	0.0				
YFL022C	VI	-	1512	1512	523.0	820.0	840.1	181.0	48.0	72.0	72	59.0	104.0	114.0	114	108.0	1.0	1.0	24.0	10.0	DRS too short	DRS too short
YFL023W	VI	+	2391	2391	351.0	40.0	456.2	25.0	5.0	23.0	23	7.0	92.0	99.0	99	89.0	1.0	1.0	18.0	7.0	DRS too short	both too long
YFL024C	VI	-	2499	2499	76.0	97.0	724.1	2.0	280.0	302.0	302	303.0	405.0	403.0	405	384.0	1.0	0.0	22.0		both too short	
YFL025C	VI	-	3090	3090	87.0	96.0	677.6	2.0	35.0		35	63.0	173.0		173	153.0						
YFL026W	VI	+	1296	1296	47.0	28.0	591.4	7.0	43.0		43	521.0	173.0		173	190.0						
YFL027C	VI	-	1494	1494	64.0	79.0	924.3	12.0	10.0	50.0	50	15.0	68.0	70.0	70	74.0	1.0	1.0	40.0	2.0	DRS too short	both too short
YFL028C	VI	-	870	870	200.0	260.0	696.0	128.0	30.0	29.0	30	22.0	76.0	133.0	133	74.0	0.0	1.0		57.0		both too long
YFL029C	VI	-	1107	1107	161.0	77.0	604.0	3.0	35.0	53.0	53	39.0	20.0	63.0	63	81.0	1.0	1.0	18.0	43.0	DRS too short	both too short
YFL030W	VI	+	1158	1158	531.0	39.0	399.4	6.0	380.0		380	4.0	9.0		9	79.0						
YFL031C-A	VI	-	102	102	861.0	909.0	609.5	0.0	448.0		448		7.0		7							
YFL031W	VI	+	969	717	786.0	1216.0	630.8	662.0	55.0	65.0	65	66.0	412.0	476.0	476	414.0	1.0	1.0	10.0	64.0	both too short	DRS too short
YFL032W	VI	+	321	321	16.0	26.0	764.1	0.0	0.0		0		707.0		707							
YFL033C	VI	-	5313	5313	93.0	119.0	775.7	0.0	251.0		251		224.0		224							
YFL034C-A	VI	-	690	369	423.0	820.0	456.4	1534.0	34.0	44.0	44	42.0	69.0	181.0	181	70.0	1.0	1.0	10.0	112.0	DRS too short	DRS too short
YFL034C-B	VI	-	978	864	517.0	98.0	489.3	9.0	0.0	63.0	63	65.0	111.0	203.0	203	173.0	1.0	1.0	63.0	92.0	both too short	DRS too short
YFL034W	VI	+	3222	3222	88.0	59.0	497.4	3.0	182.0	169.0	182	170.0	119.0	111.0	119	112.0	0.0	0.0				
YFL036W	VI	+	4056	4056	195.0	194.0	813.8	2.0	190.0		190	219.0	101.0		101	100.0						
YFL037W	VI	+	1374	1374	645.0	574.0	762.4	3243.0	67.0	99.0	99	71.0	226.0	224.0	226	225.0	1.0	0.0	32.0		DRS too short	
YFL038C	VI	-	621	621	573.0	773.0	592.2	411.0	72.0	66.0	72	34.0	107.0	226.0	226	118.0	0.0	1.0		119.0		DRS too short
YFL039C	VI	-	1437	1128	2465.0	3108.0	971.1	1543.0	0.0	206.0	206	120.0	106.0	286.0	286	102.0	1.0	1.0	206.0	180.0	DRS too short	both too long
YFL040W	VI	+	1623	1623	805.0	7.0	475.4	0.0	44.0		44		17.0		17							
YFL041W	VI	+	1869	1869	74.0	95.0	885.4	145.0	12.0	21.0	21	22.0	172.0	181.0	181	174.0	1.0	1.0	9.0	9.0	both too short	DRS too short
YFL041W-A	VI	+	192	192	13.0	21.0	554.9	9.0		874.0	874	844.0		60.0	60	63.0						
YFL042C	VI	-	2025	2025	47.0	72.0	796.7	73.0	20.0	32.0	32	33.0	64.0	89.0	89	90.0	1.0	1.0	12.0	25.0	both too short	both too short
YFL044C	VI	-	906	906	188.0	58.0	845.7	112.0	27.0	34.0	34	19.0	115.0	266.0	266	1185.0	1.0	1.0	7.0	151.0	both too long	both too short
YFL045C	VI	-	765	765	1374.0	2587.0	761.9	2009.0	92.0	1067.0	1067	75.0	141.0	159.0	159	158.0	1.0	1.0	975.0	18.0	both too long	DRS too short
YFL046W	VI	+	624	624	1290.0	201.0	698.0	90.0	42.0	199.0	199	18.0	157.0	148.0	157	154.0	1.0	0.0	157.0		both too long	
YFL047W	VI	+	2145	2145	110.0	87.0	821.1	54.0	476.0	17.0	476	8.0	60.0	99.0	99	64.0	0.0	1.0		39.0		DRS too short
YFL048C	VI	-	1338	1338	267.0	334.0	854.6	107.0	30.0	41.0	41	22.0	112.0	147.0	147	116.0	1.0	1.0	11.0	35.0	both too long	DRS too short
YFL049W	VI	+	1872	1872	175.0	103.0	676.1	48.0	17.0	30.0	30	31.0	148.0	146.0	148	152.0	1.0	0.0	13.0		both too short	
YFL050C	VI	-	2577	2577	106.0	87.0	684.1	3.0	447.0		447	781.0	271.0		271	285.0						
YFL051C	VI	-	483	483	18.0	18.0	593.8	0.0	468.0		468		201.0		201							
YFL052W	VI	+	1398	1398	20.0	14.0	604.3	24.0	9.0		9	16.0	209.0		209	337.0						
YFL053W	VI	+	1776	1776	24.0	24.0	677.6	1.0	412.0		412	215.0	172.0		172	176.0						
YFL054C	VI	-	1941	1941	30.0	21.0	517.5	6.0	48.0		48	65.0	66.0		66	65.0						
YFL055W	VI	+	1677	1677	78.0	51.0	537.1	2.0	192.0	321.0	321	322.0	170.0	404.0	404	405.0	1.0	1.0	129.0	234.0	both too short	both too short
YFL058W	VI	+	1023	1023	79.0		446.7	0.0			0				0							
YFL059W	VI	+	897	897	17.0	18.0	678.1	0.0	50.0		50		140.0		140							
YFL060C	VI	-	669	669	15.0		598.5	0.0			0				0							
YFL061W	VI	+	678	678	32.0	40.0	621.5	0.0	850.0		850		642.0		642							
YFL062W	VI	+	1140	1140	54.0	12.0	562.0	1.0			0	10.0			0	81.0						
YFL063W	VI	+	456	456				0.0			0				0							
YFL064C	VI	-	525	525	11.0		586.1	0.0			0				0							
YFL065C	VI	-	309	309	6.0		443.3	0.0			0				0							
YFL066C	VI	-	1179	1179		5.0		0.0			0				0							
YFL067W	VI	+	528	528				0.0			0				0							
YFL068W	VI	+	483	483				0.0			0				0							
YFR001W	VI	+	615	615	179.0	307.0	486.8	53.0	38.0	121.0	121	38.0	74.0	125.0	125	60.0	1.0	1.0	83.0	51.0	both too long	both too long
YFR002W	VI	+	2520	2520	385.0	290.0	710.2	59.0	6.0	27.0	27	7.0	88.0	114.0	114	93.0	1.0	1.0	21.0	26.0	DRS too short	DRS too short
YFR003C	VI	-	468	468	168.0	192.0	541.4	24.0	58.0	62.0	62	47.0	130.0	213.0	213	181.0	1.0	1.0	4.0	83.0	both too long	DRS too short
YFR004W	VI	+	921	921	363.0	353.0	658.1	62.0	38.0	70.0	70	49.0	55.0	98.0	98	99.0	1.0	1.0	32.0	43.0	DRS too short	both too short
YFR005C	VI	-	1347	1347	167.0	103.0	572.8	25.0	33.0	46.0	46	44.0	208.0	253.0	253	204.0	1.0	1.0	13.0	45.0	DRS too short	both too long
YFR006W	VI	+	1608	1608	265.0	256.0	829.7	267.0	13.0	282.0	282	25.0	90.0	87.0	90	89.0	1.0	0.0	269.0		DRS too short	
YFR007W	VI	+	1062	1062	46.0	58.0	679.8	292.0	774.0	74.0	774	20.0	55.0	68.0	68	66.0	0.0	1.0		13.0		DRS too short
YFR008W	VI	+	666	666	82.0	66.0	541.7	40.0	47.0	338.0	338	19.0	348.0	346.0	348	344.0	1.0	0.0	291.0		both too long	
YFR009W	VI	+	2259	2259	148.0	96.0	851.4	101.0	59.0	75.0	75	41.0	67.0	66.0	67	66.0	1.0	0.0	16.0		both too long	
YFR009W-A	VI	+	258	258	131.0	264.0	724.3	101.0	710.0	1047.0	1047	1428.0	681.0	807.0	807	680.0	1.0	1.0	337.0	126.0	both too short	both too long
YFR010W	VI	+	1500	1500	253.0	204.0	710.8	64.0	72.0	91.0	91	82.0	53.0	93.0	93	97.0	1.0	1.0	19.0	40.0	DRS too short	both too short
YFR010W-A	VI	+	189	189	135.0		558.5	0.0			0				0							
YFR011C	VI	-	513	513	163.0	261.0	544.2	194.0	34.0	43.0	43	32.0	167.0	220.0	220	161.0	1.0	1.0	9.0	53.0	both too long	both too long
YFR012W	VI	+	609	609	5.0		789.6	1.0			0	118.0			0	1068.0						
YFR012W-A	VI	+	87	87	5.0	9.0	1001.0	4.0		1259.0	1259	1247.0		232.0	232	211.0						
YFR013W	VI	+	2364	2364	95.0	98.0	607.9	12.0	42.0	55.0	55	56.0	135.0	141.0	141	154.0	1.0	1.0	13.0	6.0	both too short	both too short
YFR014C	VI	-	1341	1341	149.0	101.0	559.8	75.0	37.0	127.0	127	50.0	194.0	221.0	221	222.0	1.0	1.0	90.0	27.0	DRS too short	both too short
YFR015C	VI	-	2127	2127	105.0	141.0	669.7	86.0	112.0	88.0	112	89.0	138.0	176.0	176	139.0	0.0	1.0		38.0		DRS too short
YFR016C	VI	-	3702	3702	59.0	44.0	357.4	6.0	25.0	93.0	93	94.0	57.0	43.0	57	46.0	1.0	0.0	68.0		both too short	
YFR017C	VI	-	588	588	53.0	69.0	517.9	46.0	69.0	975.0	975	78.0	73.0	119.0	119	116.0	1.0	1.0	906.0	46.0	DRS too short	DRS too short
YFR018C	VI	-	1092	1092	66.0	50.0	800.7	11.0	48.0	59.0	59	38.0	164.0	173.0	173	162.0	1.0	1.0	11.0	9.0	both too long	both too long
YFR019W	VI	+	6837	6837	91.0	80.0	647.9	0.0	8.0		8		92.0		92							
YFR020W	VI	+	699	699	84.0	81.0	658.4	17.0	974.0	942.0	974	972.0	103.0	397.0	397	107.0	0.0	1.0		294.0		DRS too short
YFR021W	VI	+	1503	1503	36.0	45.0	846.5	179.0	83.0	114.0	114	94.0	96.0	197.0	197	107.0	1.0	1.0	31.0	101.0	DRS too short	DRS too short
YFR022W	VI	+	2202	2202	52.0	44.0	589.2	13.0	254.0	267.0	267	268.0	101.0	161.0	161	96.0	1.0	1.0	13.0	60.0	both too short	both too long
YFR023W	VI	+	1836	1836	72.0	12.0	514.5	0.0			0				0							
YFR024C-A	VI	-	1474	1380	154.0	170.0	665.2	37.0	0.0	224.0	224	25.0	203.0	230.0	230	180.0	1.0	1.0	224.0	27.0	DRS too short	both too long
YFR025C	VI	-	1008	1008	118.0	154.0	747.9	161.0	30.0	39.0	39	24.0	94.0	142.0	142	87.0	1.0	1.0	9.0	48.0	both too long	both too long
YFR026C	VI	-	510	510	22.0	27.0	400.5	30.0	990.0	967.0	990	1002.0	82.0	245.0	245	79.0	0.0	1.0		163.0		both too long
YFR027W	VI	+	846	846	26.0	24.0	435.5	2.0	63.0	71.0	71	17.0	72.0	132.0	132	129.0	1.0	1.0	8.0	60.0	both too long	DRS too short
YFR028C	VI	-	1656	1656	41.0	38.0	911.3	4.0	7.0	91.0	91	58.0	57.0	75.0	75	75.0	1.0	1.0	84.0	18.0	DRS too short	both too short
YFR029W	VI	+	2037	2037	41.0	41.0	782.7	151.0	34.0	99.0	99	64.0	56.0	71.0	71	72.0	1.0	1.0	65.0	15.0	DRS too short	both too short
YFR030W	VI	+	3108	3108	151.0	150.0	797.2	7.0	42.0	118.0	118	54.0	65.0	56.0	65	56.0	1.0	0.0	76.0		DRS too short	
YFR031C	VI	-	3513	3513	1830.0	108.0	423.8	2.0	30.0		30	78.0	57.0		57	51.0						
YFR031C-A	VI	-	912	765	3935.0	5652.0	698.9	343.0	0.0	348.0	348	24.0	122.0	187.0	187	70.0	1.0	1.0	348.0	65.0	DRS too short	both too long
YFR032C	VI	-	870	870	3776.0	7.0	313.5	1.0		76.0	76	77.0		101.0	101	92.0						
YFR032C-A	VI	-	514	180	3818.0	11328.0	312.6	331.0		192.0	192	22.0		95.0	95	96.0						
YFR032C-B	VI	-	264	264	3875.0		315.7	2.0			0	70.0			0	548.0						
YFR033C	VI	-	444	444	118.0	161.0	447.5	521.0	737.0	755.0	755	106.0	145.0	143.0	145	141.0	1.0	0.0	18.0		both too long	
YFR034C	VI	-	939	939	111.0	170.0	427.4	21.0	32.0	34.0	34	35.0	839.0	373.0	839	819.0	1.0	0.0	2.0		both too short	
YFR034W-A	VI	+	288	288	17.0	14.0	385.8	5.0	313.0	461.0	461	446.0	327.0	299.0	327	290.0	1.0	0.0	148.0		DRS too short	
YFR035C	VI	-	345	345	12.0	35.0	389.2	2.0	197.0		197	18.0	298.0		298	1044.0						
YFR036W	VI	+	375	375	40.0	25.0	353.0	210.0	30.0	49.0	49	22.0	128.0	138.0	138	126.0	1.0	1.0	19.0	10.0	both too long	both too long
YFR036W-A	VI	+	651	651	27.0	41.0	452.1	0.0	116.0		116		883.0		883							
YFR037C	VI	-	1674	1674	39.0	30.0	450.7	583.0	28.0	32.0	32	30.0	13.0	176.0	176	13.0	1.0	1.0	4.0	163.0	DRS too short	both too long
YFR038W	VI	+	2562	2562	89.0	45.0	620.6	52.0	6.0	17.0	17	18.0	91.0	87.0	91	88.0	1.0	0.0	11.0		both too short	
YFR039C	VI	-	1533	1533	99.0	141.0	663.5	220.0	118.0	142.0	142	129.0	65.0	66.0	66	67.0	1.0	1.0	24.0	1.0	DRS too short	both too short
YFR040W	VI	+	3009	3009	125.0	125.0	818.8	1.0	271.0		271	311.0	101.0		101	83.0						
YFR041C	VI	-	888	888	167.0	113.0	604.6	5.0	30.0	44.0	44	23.0	120.0	134.0	134	111.0	1.0	1.0	14.0	14.0	both too long	both too long
YFR042W	VI	+	603	603	92.0	193.0	620.2	525.0		44.0	44	48.0		324.0	324	92.0						
YFR043C	VI	-	714	714	379.0	77.0	520.0	37.0	179.0	39.0	179	31.0	65.0	74.0	74	55.0	0.0	1.0		9.0		both too long
YFR044C	VI	-	1446	1446	530.0	784.0	952.0	5233.0	13.0	223.0	223	18.0	59.0	47.0	59	69.0	1.0	0.0	210.0		DRS too short	
YFR045W	VI	+	1002	930	41.0	57.0	584.5	5.0	22.0	15.0	22	16.0	69.0	136.0	136	137.0	0.0	1.0		67.0		both too short
YFR046C	VI	-	1086	1086	114.0	28.0	531.0	15.0	93.0	19.0	93	12.0	78.0	259.0	259	65.0	0.0	1.0		181.0		both too long
YFR047C	VI	-	888	888	80.0	149.0	692.3	141.0	4.0	34.0	34	34.0	82.0	271.0	271	74.0	1.0	1.0	30.0	189.0	both too short	both too long
YFR048W	VI	+	1989	1989	148.0	83.0	612.8	5.0	48.0	37.0	48	52.0	52.0	74.0	74	28.0	0.0	1.0		22.0		both too long
YFR049W	VI	+	372	372	268.0	258.0	597.4	824.0	170.0	172.0	172	162.0	120.0	230.0	230	118.0	1.0	1.0	2.0	110.0	both too long	both too long
YFR050C	VI	-	801	801	415.0	426.0	618.5	844.0	57.0	80.0	80	53.0	66.0	165.0	165	138.0	1.0	1.0	23.0	99.0	both too long	DRS too short
YFR051C	VI	-	1641	1641	177.0	241.0	870.1	460.0	37.0	38.0	38	25.0	73.0	115.0	115	73.0	1.0	1.0	1.0	42.0	both too long	both too long
YFR052C-A	VI	-	306	306	409.0	513.0	603.7	425.0	967.0	885.0	967	1426.0	10.0	6.0	10	6.0	0.0	0.0				
YFR052W	VI	+	825	825	381.0	528.0	561.9	57.0	35.0	58.0	58	30.0	46.0	247.0	247	35.0	1.0	1.0	23.0	201.0	both too long	both too long
YFR053C	VI	-	1458	1458	553.0	298.0	887.1	425.0	104.0	110.0	110	111.0	76.0	68.0	76	169.0	1.0	0.0	6.0		both too short	
YFR054C	VI	-	579	579				1.0		503.0	503	464.0		287.0	287	89.0						
YFR055W	VI	+	1023	1023	812.0	809.0	761.3	329.0	285.0	540.0	540	116.0	470.0	477.0	477	478.0	1.0	1.0	255.0	7.0	both too long	both too short
YFR056C	VI	-	369	369	56.0		410.6	1.0			0	1121.0			0	102.0						
YFR057W	VI	+	456	456	6.0		801.7	0.0			0				0							
YGL001C	VII	-	1050	1050	545.0	542.0	809.7	38.0	84.0	271.0	271	54.0	127.0	122.0	127	123.0	1.0	0.0	187.0		both too long	
YGL002W	VII	+	651	651	190.0	128.0	509.9	69.0	100.0	110.0	110	10.0	173.0	253.0	253	171.0	1.0	1.0	10.0	80.0	both too long	both too long
YGL003C	VII	-	1701	1701	64.0	81.0	757.6	47.0	96.0	74.0	96	103.0	149.0	188.0	188	147.0	0.0	1.0		39.0		both too long
YGL004C	VII	-	1254	1254	59.0	41.0	578.1	12.0	10.0	14.0	14	4.0	18.0	131.0	131	45.0	1.0	1.0	4.0	113.0	both too long	DRS too short
YGL005C	VII	-	840	840	214.0	123.0	571.0	74.0	365.0	387.0	387	421.0	214.0	210.0	214	75.0	1.0	0.0	22.0		both too short	
YGL006W	VII	+	3522	3522	372.0	457.0	928.2	2.0	410.0		410	467.0	119.0		119	133.0						
YGL006W-A	VII	+	111	111	16.0		431.3	0.0			0	44.0			0	339.0						
YGL007C-A	VII	-	87	87	25.0	13.0	476.7	6.0		921.0	921	939.0		296.0	296	91.0						
YGL007W	VII	+	378	378	37.0	26.0	408.9	2.0		57.0	57	37.0		649.0	649	332.0						
YGL008C	VII	-	2757	2757	4522.0	4822.0	743.6	37.0	220.0	238.0	238	236.0	520.0	529.0	529	416.0	1.0	1.0	18.0	9.0	DRS too short	both too long
YGL009C	VII	-	2340	2340	1733.0	2369.0	792.9	9.0	64.0	54.0	64	71.0	165.0	197.0	197	140.0	0.0	1.0		32.0		both too long
YGL010W	VII	+	525	525	988.0	81.0	512.0	25.0	89.0	106.0	106	50.0	178.0	212.0	212	174.0	1.0	1.0	17.0	34.0	both too long	both too long
YGL011C	VII	-	759	759	339.0	407.0	599.8	2131.0	25.0	24.0	25	25.0	129.0	288.0	288	127.0	0.0	1.0		159.0		both too long
YGL012W	VII	+	1422	1422	446.0	365.0	845.5	399.0	31.0	36.0	36	41.0	107.0	407.0	407	75.0	1.0	1.0	5.0	300.0	both too short	both too long
YGL013C	VII	-	3207	3207	134.0	68.0	629.8	2.0	124.0		124	27.0	44.0		44	95.0						
YGL014C-A	VII	-	162	162	6.0		495.2	1.0			0	0.0			0	1233.0						
YGL014W	VII	+	2667	2667	173.0	245.0	1025.8	3.0	380.0	420.0	420	421.0	86.0	88.0	88	89.0	1.0	1.0	40.0	2.0	both too short	both too short
YGL015C	VII	-	393	393	54.0	34.0	532.4	2.0	382.0	257.0	382	206.0	358.0	246.0	358	108.0	0.0	0.0				
YGL016W	VII	+	3246	3246	133.0	133.0	910.4	8.0	54.0	55.0	55	69.0	179.0	191.0	191	155.0	1.0	1.0	1.0	12.0	both too short	both too long
YGL017W	VII	+	1512	1512	68.0	84.0	853.5	19.0	7.0	193.0	193	20.0	50.0	153.0	153	55.0	1.0	1.0	186.0	103.0	DRS too short	DRS too short
YGL018C	VII	-	555	555	55.0	37.0	501.3	108.0	47.0	51.0	51	35.0	138.0	266.0	266	136.0	1.0	1.0	4.0	128.0	both too long	both too long
YGL019W	VII	+	837	837	60.0	74.0	674.5	487.0	83.0	141.0	141	76.0	105.0	115.0	115	104.0	1.0	1.0	58.0	10.0	both too long	both too long
YGL020C	VII	-	708	708	158.0	253.0	583.0	136.0	329.0	107.0	329	64.0	81.0	87.0	87	79.0	0.0	1.0		6.0		both too long
YGL021W	VII	+	2283	2283	380.0	106.0	590.7	1.0	0.0		0	11.0	25.0		25	102.0						
YGL022W	VII	+	2157	2157	318.0	501.0	849.6	207.0	59.0	72.0	72	65.0	81.0	165.0	165	82.0	1.0	1.0	13.0	84.0	DRS too short	DRS too short
YGL023C	VII	-	1908	1908	23.0	23.0	442.6	2.0	16.0	48.0	48	49.0	91.0	127.0	127	128.0	1.0	1.0	32.0	36.0	both too short	both too short
YGL024W	VII	+	336	336	20.0	28.0	494.0	0.0	957.0		957		433.0		433							
YGL025C	VII	-	1194	1194	37.0	43.0	719.0	0.0	21.0		21		79.0		79							
YGL026C	VII	-	2124	2124	454.0	634.0	948.9	4984.0	27.0	27.0	27	18.0	83.0	161.0	161	82.0	0.0	1.0		78.0		both too long
YGL027C	VII	-	2502	2502	304.0	116.0	533.0	516.0	13.0	38.0	38	13.0	88.0	91.0	91	92.0	1.0	1.0	25.0	3.0	both too long	both too short
YGL028C	VII	-	1629	1629	241.0	234.0	674.1	227.0	306.0	406.0	406	167.0	308.0	298.0	308	299.0	1.0	0.0	100.0		both too long	
YGL029W	VII	+	363	363	10625.0	203.0	457.9	43.0	72.0	280.0	280	45.0	16.0	180.0	180	16.0	1.0	1.0	208.0	164.0	both too long	both too long
YGL030W	VII	+	548	318	10578.0	21029.0	460.5	39689.0	0.0	49.0	49	58.0	101.0	269.0	269	101.0	1.0	1.0	49.0	168.0	both too short	both too long
YGL031C	VII	-	931	468	7036.0	8429.0	556.9	1137.0		49.0	49	41.0		243.0	243	64.0						
YGL032C	VII	-	264	264	1405.0	9.0	355.2	3.0	111.0	220.0	220	136.0	108.0	99.0	108	100.0	1.0	0.0	109.0		DRS too short	
YGL033W	VII	+	777	645	26.0	17.0	420.8	0.0			0				0							
YGL034C	VII	-	366	366	10.0		637.6	1.0	287.0		287	166.0	0.0		0	17.0						
YGL035C	VII	-	1515	1515	66.0	56.0	746.4	0.0	94.0		94		125.0		125							
YGL036W	VII	+	2730	2730	117.0	118.0	815.5	1.0	46.0		46	58.0	99.0		99	94.0						
YGL037C	VII	-	651	651	849.0	1066.0	693.7	50.0	99.0	119.0	119	88.0	137.0	138.0	138	141.0	1.0	1.0	20.0	1.0	both too long	both too short
YGL038C	VII	-	1443	1443	346.0	126.0	417.5	231.0	82.0	111.0	111	45.0	106.0	459.0	459	343.0	1.0	1.0	29.0	353.0	both too long	DRS too short
YGL039W	VII	+	1047	1047	155.0	146.0	734.2	46.0	548.0	510.0	548	106.0	102.0	93.0	102	122.0	0.0	0.0				
YGL040C	VII	-	1029	1029	181.0	172.0	824.3	88.0	91.0	124.0	124	76.0	225.0	225.0	225	207.0	1.0	0.0	33.0		both too long	
YGL041C	VII	-	204	204	92.0	40.0	511.1	3.0	233.0		233	21.0	97.0		97	460.0						
YGL041C-B	VII	-	183	183	99.0	198.0	522.7	3.0	584.0	297.0	584	360.0	598.0	143.0	598	142.0	0.0	0.0				
YGL041W-A	VII	+	465	465	105.0	123.0	510.9	58.0	49.0	15.0	49	11.0	129.0	211.0	211	161.0	0.0	1.0		82.0		DRS too short
YGL042C	VII	-	306	306	105.0		677.3	1.0			0	66.0			0	222.0						
YGL043W	VII	+	930	930	86.0	120.0	696.2	124.0	24.0	3.0	24	22.0	225.0	447.0	447	222.0	0.0	1.0		222.0		both too long
YGL044C	VII	-	891	891	82.0	114.0	786.5	13.0	216.0	227.0	227	227.0	20.0	285.0	285	278.0	1.0	1.0	11.0	265.0	both too short	DRS too short
YGL045W	VII	+	1629	1629	76.0	44.0	596.8	5.0	108.0	371.0	371	54.0	201.0	226.0	226	200.0	1.0	1.0	263.0	25.0	both too long	both too long
YGL047W	VII	+	609	609	61.0	101.0	543.3	225.0	76.0	86.0	86	87.0	25.0	118.0	118	21.0	1.0	1.0	10.0	93.0	both too short	both too long
YGL048C	VII	-	1218	1218	346.0	420.0	792.7	792.0	20.0	27.0	27	28.0	97.0	216.0	216	96.0	1.0	1.0	7.0	119.0	both too short	both too long
YGL049C	VII	-	2745	2745	278.0	204.0	518.2	20.0	158.0	160.0	160	174.0	170.0	166.0	170	167.0	1.0	0.0	2.0		both too short	
YGL050W	VII	+	822	822	186.0	117.0	496.5	9.0	139.0	84.0	139	26.0	156.0	267.0	267	197.0	0.0	1.0		111.0		DRS too short
YGL051W	VII	+	705	705	43.0	40.0	448.9	0.0	725.0		725	175.0	183.0		183	101.0						
YGL052W	VII	+	306	306	44.0	40.0	568.0	0.0	994.0		994		474.0		474							
YGL053W	VII	+	714	714	51.0	1415.0	562.4	280.0	736.0	98.0	736	99.0	152.0	323.0	323	147.0	0.0	1.0		171.0		both too long
YGL054C	VII	-	417	417	1295.0	1209.0	619.8	302.0	70.0	92.0	92	65.0	305.0	332.0	332	299.0	1.0	1.0	22.0	27.0	both too long	both too long
YGL055W	VII	+	1533	1533	1640.0	1715.0	872.1	585.0	148.0	91.0	148	62.0	61.0	280.0	280	224.0	0.0	1.0		219.0		DRS too short
YGL056C	VII	-	1584	1584	56.0	64.0	860.6	34.0	112.0	97.0	112	98.0	101.0	81.0	101	79.0	0.0	0.0				
YGL057C	VII	-	864	864	184.0	40.0	496.5	4.0	29.0	36.0	36	16.0	156.0	211.0	211	153.0	1.0	1.0	7.0	55.0	both too long	both too long
YGL058W	VII	+	519	519	233.0	319.0	522.3	120.0	73.0	327.0	327	60.0	223.0	395.0	395	218.0	1.0	1.0	254.0	172.0	both too long	both too long
YGL059W	VII	+	1476	1476	185.0	198.0	871.2	7.0	32.0	52.0	52	23.0	53.0	192.0	192	149.0	1.0	1.0	20.0	139.0	both too long	DRS too short
YGL060W	VII	+	1926	1926	49.0	73.0	851.2	478.0	119.0	129.0	129	130.0	92.0	274.0	274	89.0	1.0	1.0	10.0	182.0	both too short	both too long
YGL061C	VII	-	744	744	120.0	92.0	502.3	18.0	73.0	67.0	73	73.0	107.0	249.0	249	103.0	0.0	1.0		142.0		both too long
YGL062W	VII	+	3537	3537	158.0	175.0	805.1	33.0	46.0	55.0	55	41.0	61.0	50.0	61	141.0	1.0	0.0	9.0		both too long	
YGL063C-A	VII	-	150	150	17.0	23.0	595.2	2.0	525.0		525	0.0	444.0		444	1094.0						
YGL063W	VII	+	1113	1113	19.0	28.0	503.5	138.0	246.0	205.0	246	194.0	349.0	459.0	459	397.0	0.0	1.0		110.0		DRS too short
YGL064C	VII	-	1686	1686	28.0	32.0	669.9	3.0	312.0		312	11.0	71.0		71	73.0						
YGL065C	VII	-	1512	1512	91.0	69.0	657.2	196.0	39.0	55.0	55	43.0	62.0	122.0	122	54.0	1.0	1.0	16.0	60.0	DRS too short	both too long
YGL066W	VII	+	1974	1974	109.0	80.0	573.8	8.0	159.0	190.0	190	191.0	265.0	195.0	265	233.0	1.0	0.0	31.0		both too short	
YGL067W	VII	+	1155	1155	166.0	127.0	690.5	15.0	76.0	54.0	76	59.0	26.0	232.0	232	38.0	0.0	1.0		206.0		DRS too short
YGL068W	VII	+	585	585	270.0	220.0	586.1	445.0	35.0	37.0	37	47.0	105.0	269.0	269	110.0	1.0	1.0	2.0	164.0	both too short	DRS too short
YGL069C	VII	-	465	465	276.0	203.0	582.2	0.0	343.0		343		19.0		19							
YGL070C	VII	-	369	369	204.0	538.0	598.0	31.0	25.0	33.0	33	25.0	138.0	389.0	389	327.0	1.0	1.0	8.0	251.0	both too long	DRS too short
YGL071W	VII	+	2073	2073	187.0	54.0	694.8	7.0	224.0	105.0	224	389.0	145.0	167.0	167	145.0	0.0	1.0		22.0		both too long
YGL072C	VII	-	360	360	43.0	13.0	496.7	0.0	8.0		8		284.0		284							
YGL073W	VII	+	2502	2502	46.0	76.0	781.0	71.0	45.0	328.0	328	84.0	59.0	56.0	59	57.0	1.0	0.0	283.0		DRS too short	
YGL074C	VII	-	327	327				0.0			0				0							
YGL075C	VII	-	1164	1164	44.0	22.0	385.1	2.0	192.0	194.0	194	195.0	308.0	105.0	308	106.0	1.0	0.0	2.0		both too short	
YGL076C	VII	-	1662	735	5682.0	8262.0	656.2	3739.0	0.0	151.0	151	22.0	110.0	115.0	115	109.0	1.0	1.0	151.0	5.0	DRS too short	both too long
YGL077C	VII	-	1692	1692	2865.0	302.0	462.5	8.0	175.0	166.0	175	171.0	78.0	83.0	83	79.0	0.0	1.0		5.0		DRS too short
YGL078C	VII	-	1572	1572	409.0	307.0	789.7	645.0	56.0	126.0	126	70.0	190.0	191.0	191	189.0	1.0	1.0	70.0	1.0	DRS too short	both too long
YGL079W	VII	+	657	657	311.0	265.0	506.6	35.0	271.0	36.0	271	33.0	99.0	696.0	696	98.0	0.0	1.0		597.0		both too long
YGL080W	VII	+	393	393	124.0	259.0	536.8	107.0	82.0	80.0	82	30.0	247.0	277.0	277	261.0	0.0	1.0		30.0		DRS too short
YGL081W	VII	+	963	963	109.0		504.5	8.0	61.0	177.0	177	104.0	294.0	288.0	294	289.0	1.0	0.0	116.0		DRS too short	
YGL082W	VII	+	1146	1146	114.0	126.0	890.6	41.0	79.0	89.0	89	90.0	112.0	194.0	194	137.0	1.0	1.0	10.0	82.0	both too short	DRS too short
YGL083W	VII	+	2415	2415	72.0	84.0	903.1	54.0	66.0	63.0	66	68.0	132.0	179.0	179	113.0	0.0	1.0		47.0		both too long
YGL084C	VII	-	1683	1683	126.0	149.0	884.0	73.0	45.0	46.0	46	53.0	95.0	224.0	224	105.0	1.0	1.0	1.0	129.0	both too short	DRS too short
YGL085W	VII	+	825	825	124.0	47.0	472.4	28.0	85.0	61.0	85	58.0	167.0	179.0	179	173.0	0.0	1.0		12.0		DRS too short
YGL086W	VII	+	2250	2250	188.0	180.0	765.7	0.0	0.0		0		66.0		66							
YGL087C	VII	-	499	414	170.0	239.0	390.2	71.0	0.0	38.0	38	43.0	117.0	200.0	200	115.0	1.0	1.0	38.0	83.0	both too short	both too long
YGL088W	VII	+	366	366	210.0	165.0	410.5	0.0			0	8.0			0	292.0						
YGL089C	VII	-	363	363	1690.0	1022.0	504.5	1.0	222.0		222	39.0	171.0		171	180.0						
YGL090W	VII	+	1266	1266	1741.0	2434.0	505.6	9.0	30.0	31.0	31	41.0	77.0	676.0	676	675.0	1.0	1.0	1.0	599.0	both too short	DRS too short
YGL091C	VII	-	987	987	167.0	161.0	658.7	35.0	56.0	83.0	83	21.0	94.0	150.0	150	151.0	1.0	1.0	27.0	56.0	both too long	both too short
YGL092W	VII	+	3954	3954	194.0	164.0	807.6	1.0	339.0	123.0	339	124.0	48.0	55.0	55	56.0	0.0	1.0		7.0		both too short
YGL093W	VII	+	2754	2754	69.0	102.0	904.0	3.0	43.0	39.0	43	40.0	39.0	39.0	39	38.0	0.0	0.0				
YGL094C	VII	-	3348	3348	51.0	64.0	1290.1	6.0	182.0		182	189.0	150.0		150	147.0						
YGL095C	VII	-	1734	1734	263.0	202.0	582.3	210.0	39.0	77.0	77	50.0	43.0	91.0	91	92.0	1.0	1.0	38.0	48.0	DRS too short	both too short
YGL096W	VII	+	831	831	80.0	63.0	564.7	26.0	923.0	520.0	923	605.0	108.0	107.0	108	108.0	0.0	0.0				
YGL097W	VII	+	1449	1449	229.0	217.0	850.0	119.0	53.0	75.0	75	66.0	85.0	115.0	115	108.0	1.0	1.0	22.0	30.0	DRS too short	DRS too short
YGL098W	VII	+	738	738	194.0	203.0	540.6	22.0	527.0	52.0	527	50.0	154.0	966.0	966	969.0	0.0	1.0		812.0		both too short
YGL099W	VII	+	1923	1923	250.0	182.0	625.0	126.0	18.0	63.0	63	20.0	44.0	57.0	57	58.0	1.0	1.0	45.0	13.0	DRS too short	both too short
YGL100W	VII	+	1050	1050	183.0	146.0	629.4	75.0	49.0	77.0	77	37.0	91.0	115.0	115	88.0	1.0	1.0	28.0	24.0	both too long	both too long
YGL101W	VII	+	648	648	7462.0	275.0	520.9	13.0	58.0	45.0	58	19.0	257.0	275.0	275	251.0	0.0	1.0		18.0		both too long
YGL102C	VII	-	429	429	8328.0	6150.0	525.9	0.0	102.0		102		314.0		314							
YGL103W	VII	+	961	450	7184.0	16734.0	522.3	8260.0	4.0	2475.0	2475	16.0	84.0	71.0	84	86.0	1.0	0.0	2471.0		DRS too short	
YGL104C	VII	-	1461	1461	480.0	19.0	547.6	7.0	52.0	15.0	52	0.0	128.0	136.0	136	137.0	0.0	1.0		8.0		both too short
YGL105W	VII	+	1131	1131	649.0	927.0	645.7	1205.0	54.0	172.0	172	23.0	102.0	96.0	102	97.0	1.0	0.0	118.0		both too long	
YGL106W	VII	+	450	450	98.0	292.0	483.1	19.0	28.0	24.0	28	22.0	170.0	158.0	170	135.0	0.0	0.0				
YGL107C	VII	-	1941	1941	203.0	120.0	651.3	30.0	48.0	58.0	58	17.0	104.0	121.0	121	92.0	1.0	1.0	10.0	17.0	both too long	both too long
YGL108C	VII	-	423	423	54.0	63.0	486.1	16.0	78.0	43.0	78	35.0	149.0	423.0	423	252.0	0.0	1.0		274.0		DRS too short
YGL109W	VII	+	324	324	36.0		385.4	0.0			0				0							
YGL110C	VII	-	1875	1875	128.0	79.0	530.3	98.0	4.0	9.0	9	7.0	98.0	165.0	165	96.0	1.0	1.0	5.0	67.0	DRS too short	both too long
YGL111W	VII	+	1392	1392	148.0	185.0	701.0	184.0	24.0	26.0	26	44.0	146.0	327.0	327	169.0	1.0	1.0	2.0	181.0	both too short	DRS too short
YGL112C	VII	-	1551	1551	111.0	145.0	783.3	491.0	24.0	71.0	71	36.0	133.0	129.0	133	130.0	1.0	0.0	47.0		DRS too short	
YGL113W	VII	+	2007	2007	115.0	58.0	570.4	27.0	75.0	46.0	75	28.0	229.0	245.0	245	248.0	0.0	1.0		16.0		both too short
YGL114W	VII	+	2178	2178	140.0	77.0	617.7	27.0	239.0	233.0	239	252.0	43.0	93.0	93	67.0	0.0	1.0		50.0		DRS too short
YGL115W	VII	+	969	969	230.0	305.0	799.1	233.0	109.0	147.0	147	121.0	76.0	112.0	112	89.0	1.0	1.0	38.0	36.0	DRS too short	DRS too short
YGL116W	VII	+	1833	1833	100.0	37.0	473.0	74.0	134.0	163.0	163	146.0	106.0	97.0	106	98.0	1.0	0.0	29.0		DRS too short	
YGL117W	VII	+	798	798	311.0	728.0	760.7	126.0	110.0	85.0	110	79.0	84.0	476.0	476	86.0	0.0	1.0		392.0		DRS too short
YGL118C	VII	-	438	438	369.0		735.1	0.0			0	894.0			0	105.0						
YGL119W	VII	+	1506	1506	82.0	52.0	712.0	14.0	30.0	285.0	285	52.0	64.0	82.0	82	100.0	1.0	1.0	255.0	18.0	DRS too short	both too short
YGL120C	VII	-	2304	2304	214.0	260.0	875.5	315.0	62.0	55.0	62	29.0	117.0	207.0	207	13.0	0.0	1.0		90.0		both too long
YGL121C	VII	-	381	381	112.0	90.0	426.7	8.0	115.0	104.0	115	23.0	162.0	227.0	227	139.0	0.0	1.0		65.0		both too long
YGL122C	VII	-	1578	1578	2312.0	232.0	430.7	53.0	4.0	8.0	8	9.0	148.0	397.0	397	140.0	1.0	1.0	4.0	249.0	both too short	both too long
YGL123C-A	VII	-	231	231	6892.0	6553.0	667.7	0.0	611.0		611	487.0	26.0		26	452.0						
YGL123W	VII	+	765	765	6821.0	9213.0	663.8	136995.0	116.0	288.0	288	98.0	91.0	88.0	91	89.0	1.0	0.0	172.0		both too long	
YGL124C	VII	-	1935	1935	120.0	106.0	589.5	2.0	77.0		77	36.0	61.0		61	118.0						
YGL125W	VII	+	1803	1803	151.0	135.0	692.6	2.0	193.0	185.0	193	139.0	440.0	291.0	440	279.0	0.0	0.0				
YGL126W	VII	+	1143	1143	95.0	101.0	666.6	0.0	60.0		60		152.0		152							
YGL127C	VII	-	384	384	13.0	42.0	469.8	24.0	350.0	55.0	350	26.0	142.0	217.0	217	147.0	0.0	1.0		75.0		DRS too short
YGL128C	VII	-	852	852	32.0	28.0	568.5	56.0	40.0	15.0	40	6.0	181.0	212.0	212	165.0	0.0	1.0		31.0		both too long
YGL129C	VII	-	1353	1353	104.0	111.0	748.6	40.0	59.0	88.0	88	71.0	134.0	148.0	148	149.0	1.0	1.0	29.0	14.0	DRS too short	both too short
YGL130W	VII	+	1380	1380	65.0	53.0	608.7	66.0	45.0	79.0	79	46.0	99.0	239.0	239	147.0	1.0	1.0	34.0	140.0	DRS too short	DRS too short
YGL131C	VII	-	4212	4212	71.0	38.0	662.0	1.0	48.0		48	116.0	131.0		131	127.0						
YGL132W	VII	+	336	336	37.0		491.9	18.0	0.0		0	386.0	132.0		132	131.0						
YGL133W	VII	+	3795	3795	89.0	151.0	590.9	1.0	187.0		187	173.0	98.0		98	82.0						
YGL134W	VII	+	1302	1302	2570.0	52.0	529.5	451.0	112.0	96.0	112	97.0	58.0	299.0	299	81.0	0.0	1.0		241.0		DRS too short
YGL135W	VII	+	654	654	3888.0	6589.0	626.5	19983.0	111.0	63.0	111	64.0	94.0	284.0	284	97.0	0.0	1.0		190.0		DRS too short
YGL136C	VII	-	963	963	177.0	143.0	507.8	4.0	359.0	144.0	359	49.0	130.0	133.0	133	126.0	0.0	1.0		3.0		both too long
YGL137W	VII	+	2870	2670	214.0	246.0	942.6	237.0	0.0	23.0	23	24.0	186.0	316.0	316	146.0	1.0	1.0	23.0	130.0	both too short	both too long
YGL138C	VII	-	1038	1038	44.0		482.8	0.0			0				0							
YGL139W	VII	+	2409	2409	61.0	102.0	843.6	18.0	304.0	313.0	313	314.0	229.0	319.0	319	312.0	1.0	1.0	9.0	90.0	both too short	DRS too short
YGL140C	VII	-	3660	3660	129.0	139.0	684.0	1.0	177.0	186.0	186	187.0	244.0	278.0	278	279.0	1.0	1.0	9.0	34.0	both too short	both too short
YGL141W	VII	+	2733	2733	129.0	109.0	751.6	11.0	30.0	60.0	60	61.0	98.0	119.0	119	123.0	1.0	1.0	30.0	21.0	both too short	both too short
YGL142C	VII	-	1851	1851	128.0	227.0	677.4	78.0	57.0	44.0	57	55.0	69.0	204.0	204	119.0	0.0	1.0		135.0		DRS too short
YGL143C	VII	-	1242	1242	134.0	64.0	503.8	19.0	33.0	205.0	205	31.0	58.0	147.0	147	131.0	1.0	1.0	172.0	89.0	both too long	DRS too short
YGL144C	VII	-	2058	2058	74.0	28.0	486.1	36.0	37.0	13.0	37	48.0	74.0	158.0	158	73.0	0.0	1.0		84.0		both too long
YGL145W	VII	+	2106	2106	84.0	112.0	1061.2	28.0	44.0	69.0	69	70.0	115.0	117.0	117	131.0	1.0	1.0	25.0	2.0	both too short	both too short
YGL146C	VII	-	936	936	3138.0	5.0	687.7	105.0	164.0	173.0	173	38.0	155.0	160.0	160	1100.0	1.0	1.0	9.0	5.0	both too long	both too short
YGL147C	VII	-	576	576	6773.0	16887.0	579.3	5959.0	33.0	16.0	33	17.0	112.0	1865.0	1865	103.0	0.0	1.0		1753.0		both too long
YGL148W	VII	+	1131	1131	7351.0	397.0	605.0	1863.0	62.0	139.0	139	35.0	105.0	155.0	155	88.0	1.0	1.0	77.0	50.0	both too long	both too long
YGL149W	VII	+	306	306	17.0		350.7	0.0			0				0							
YGL150C	VII	-	4470	4470	107.0	89.0	618.5	63.0	218.0		218	21.0	170.0		170	172.0						
YGL151W	VII	+	3399	3399	122.0	122.0	719.7	15.0	36.0	54.0	54	55.0	93.0	84.0	93	91.0	1.0	0.0	18.0		both too short	
YGL152C	VII	-	678	678	11.0	17.0	459.7	0.0	15.0		15		281.0		281							
YGL153W	VII	+	1026	1026	31.0	14.0	610.5	48.0	48.0	61.0	61	25.0	49.0	84.0	84	34.0	1.0	1.0	13.0	35.0	both too long	both too long
YGL154C	VII	-	819	819	75.0	83.0	586.2	16.0	673.0	15.0	673	20.0	6.0	122.0	122	68.0	0.0	1.0		116.0		DRS too short
YGL155W	VII	+	1131	1131	104.0	91.0	617.2	16.0	130.0	155.0	155	136.0	78.0	413.0	413	49.0	1.0	1.0	25.0	335.0	DRS too short	both too long
YGL156W	VII	+	3252	3252	116.0	80.0	521.5	2.0	79.0		79	82.0	152.0		152	148.0						
YGL157W	VII	+	1044	1044	167.0	224.0	838.4	451.0	69.0	130.0	130	49.0	82.0	91.0	91	92.0	1.0	1.0	61.0	9.0	both too long	both too short
YGL158W	VII	+	1539	1539	15.0	11.0	604.8	2.0	436.0	387.0	436	388.0	121.0	124.0	124	125.0	0.0	1.0		3.0		both too short
YGL159W	VII	+	1113	1113	191.0	144.0	744.2	17.0	27.0	15.0	27	7.0	107.0	375.0	375	88.0	0.0	1.0		268.0		both too long
YGL160W	VII	+	1713	1713	66.0	101.0	761.8	65.0	123.0	107.0	123	113.0	118.0	155.0	155	134.0	0.0	1.0		37.0		DRS too short
YGL161C	VII	-	933	933	203.0	225.0	696.2	45.0	97.0	108.0	108	85.0	88.0	154.0	154	151.0	1.0	1.0	11.0	66.0	both too long	DRS too short
YGL162W	VII	+	900	900	148.0	128.0	532.1	40.0	141.0	707.0	707	147.0	143.0	173.0	173	136.0	1.0	1.0	566.0	30.0	DRS too short	both too long
YGL163C	VII	-	2697	2697	58.0	83.0	809.5	6.0	292.0	133.0	292	130.0	47.0	134.0	134	135.0	0.0	1.0		87.0		both too short
YGL164C	VII	-	1323	1323	74.0	23.0	469.1	56.0	49.0	64.0	64	37.0	88.0	123.0	123	86.0	1.0	1.0	15.0	35.0	both too long	both too long
YGL165C	VII	-	579	579	29.0	56.0	487.6	0.0	795.0		795		276.0		276							
YGL166W	VII	+	678	678	44.0	37.0	475.2	57.0	9.0	39.0	39	21.0	152.0	206.0	206	152.0	1.0	1.0	30.0	54.0	DRS too short	both too long
YGL167C	VII	-	2853	2853	194.0	220.0	884.9	11.0	361.0	406.0	406	376.0	162.0	201.0	201	176.0	1.0	1.0	45.0	39.0	DRS too short	DRS too short
YGL168W	VII	+	333	333	163.0	219.0	566.7	0.0	874.0		874		861.0		861							
YGL169W	VII	+	1281	1281	140.0	59.0	583.8	147.0	83.0	55.0	83	59.0	89.0	222.0	222	204.0	0.0	1.0		133.0		DRS too short
YGL170C	VII	-	1242	1242	54.0	26.0	479.7	1.0	0.0		0	344.0	173.0		173	98.0						
YGL171W	VII	+	1695	1695	133.0	101.0	599.8	209.0	16.0	15.0	16	26.0	91.0	298.0	298	90.0	0.0	1.0		207.0		both too long
YGL172W	VII	+	1419	1419	131.0	187.0	833.4	210.0	18.0	43.0	43	32.0	87.0	112.0	112	93.0	1.0	1.0	25.0	25.0	DRS too short	DRS too short
YGL173C	VII	-	4587	4587	218.0	274.0	1052.8	1.0	323.0		323	297.0	107.0		107	98.0						
YGL174W	VII	+	801	801	113.0	60.0	454.9	5.0	23.0	15.0	23	17.0	171.0	195.0	195	170.0	0.0	1.0		24.0		both too long
YGL175C	VII	-	1038	1038	6.0	7.0	706.7	3.0		41.0	41	42.0		239.0	239	1973.0						
YGL176C	VII	-	1665	1665	104.0	73.0	594.2	22.0	675.0	881.0	881	45.0	109.0	102.0	109	103.0	1.0	0.0	206.0		both too long	
YGL177W	VII	+	348	348	16.0	5.0	449.6	1.0			0	651.0			0	147.0						
YGL178W	VII	+	3220	2580	127.0	135.0	712.7	1.0	430.0		430	451.0	646.0		646	521.0						
YGL179C	VII	-	1683	1683	93.0	65.0	640.7	3.0	68.0	87.0	87	86.0	53.0	50.0	53	121.0	1.0	0.0	19.0		DRS too short	
YGL180W	VII	+	2694	2694	56.0	65.0	638.6	3.0	203.0	562.0	562	183.0	265.0	349.0	349	350.0	1.0	1.0	359.0	84.0	both too long	both too short
YGL181W	VII	+	1191	1191	84.0	80.0	629.1	33.0	40.0	376.0	376	47.0	112.0	76.0	112	78.0	1.0	0.0	336.0		DRS too short	
YGL182C	VII	-	324	324				0.0			0	34.0			0	86.0						
YGL183C	VII	-	743	660	12.0		350.8	0.0			0				0							
YGL184C	VII	-	1398	1398	41.0	61.0	725.0	1.0	183.0	47.0	183	48.0	19.0	110.0	110	111.0	0.0	1.0		91.0		both too short
YGL185C	VII	-	1140	1140	62.0	60.0	678.0	30.0	23.0	22.0	23	9.0	85.0	381.0	381	80.0	0.0	1.0		296.0		both too long
YGL186C	VII	-	1740	1740	218.0	208.0	681.7	567.0	56.0	51.0	56	52.0	15.0	162.0	162	42.0	0.0	1.0		147.0		DRS too short
YGL187C	VII	-	822	468	492.0	1021.0	679.5	140.0	12.0	169.0	169	109.0	61.0	302.0	302	285.0	1.0	1.0	157.0	241.0	DRS too short	DRS too short
YGL188C	VII	-	174	174	486.0	47.0	690.8	1.0	126.0		126	1972.0	0.0		0	1183.0						
YGL188C-A	VII	-	141	141	3009.0	8.0	437.4	81.0		457.0	457	36.0		211.0	211	664.0						
YGL189C	VII	-	738	360	3008.0	5986.0	440.2	81.0		113.0	113	34.0		68.0	68	69.0						
YGL190C	VII	-	1581	1581	440.0	91.0	445.1	31.0	525.0	544.0	544	545.0	213.0	460.0	460	461.0	1.0	1.0	19.0	247.0	both too short	both too short
YGL191W	VII	+	390	390	830.0	1071.0	560.4	208.0		106.0	106	20.0		273.0	273	244.0						
YGL192W	VII	+	1803	1803	47.0	68.0	662.8	21.0	389.0	45.0	389	100.0	77.0	777.0	777	39.0	0.0	1.0		700.0		both too long
YGL193C	VII	-	312	312	12.0	11.0	476.9	3.0	375.0	117.0	375	457.0	54.0	44.0	54	48.0	0.0	0.0				
YGL194C	VII	-	1359	1359	84.0	13.0	407.1	2.0	43.0	65.0	65	63.0	31.0	210.0	210	123.0	1.0	1.0	22.0	179.0	DRS too short	DRS too short
YGL194C-A	VII	-	243	243	173.0	138.0	485.6	32.0		283.0	283	255.0		195.0	195	142.0						
YGL195W	VII	+	8019	8019	416.0	456.0	845.8	0.0	0.0		0		118.0		118							
YGL196W	VII	+	1287	1287	192.0	247.0	796.1	71.0	109.0	408.0	408	65.0	113.0	99.0	113	98.0	1.0	0.0	299.0		both too long	
YGL197W	VII	+	4464	4464	120.0	96.0	665.5	1.0	196.0		196	173.0	315.0		315	296.0						
YGL198W	VII	+	708	708	344.0	98.0	642.2	509.0	10.0	21.0	21	7.0	50.0	374.0	374	41.0	1.0	1.0	11.0	324.0	both too long	both too long
YGL199C	VII	-	471	471	466.0	79.0	575.8	2.0	307.0		307	218.0	341.0		341	34.0						
YGL200C	VII	-	612	612	463.0	1122.0	556.9	146.0	51.0	76.0	76	24.0	105.0	233.0	233	113.0	1.0	1.0	25.0	128.0	both too long	DRS too short
YGL201C	VII	-	3054	3054	288.0	48.0	425.0	15.0	49.0	66.0	66	67.0	183.0	200.0	200	185.0	1.0	1.0	17.0	17.0	both too short	DRS too short
YGL202W	VII	+	1503	1503	532.0	765.0	895.4	673.0	124.0	63.0	124	123.0	84.0	634.0	634	93.0	0.0	1.0		550.0		DRS too short
YGL203C	VII	-	2190	2190	49.0	65.0	463.8	39.0	53.0	66.0	66	77.0	69.0	401.0	401	104.0	1.0	1.0	13.0	332.0	both too short	DRS too short
YGL204C	VII	-	306	306	68.0	158.0	377.6	5.0	113.0	114.0	114	41.0	486.0	511.0	511	505.0	1.0	1.0	1.0	25.0	both too long	DRS too short
YGL205W	VII	+	2247	2247	38.0	28.0	345.4	5.0	124.0		124	214.0	191.0		191	174.0						
YGL206C	VII	-	4962	4962	353.0	448.0	1072.4	0.0	109.0		109		293.0		293							
YGL207W	VII	+	3108	3108	208.0	91.0	415.5	17.0	91.0	105.0	105	93.0	137.0	133.0	137	129.0	1.0	0.0	14.0		DRS too short	
YGL208W	VII	+	1248	1248	58.0	37.0	525.3	17.0	32.0	49.0	49	50.0	130.0	155.0	155	129.0	1.0	1.0	17.0	25.0	both too short	both too long
YGL209W	VII	+	1149	1149	94.0	123.0	569.6	109.0	348.0	51.0	348	47.0	117.0	284.0	284	115.0	0.0	1.0		167.0		both too long
YGL210W	VII	+	669	669	112.0	124.0	495.7	149.0	354.0	491.0	491	20.0	123.0	105.0	123	106.0	1.0	0.0	137.0		both too long	
YGL211W	VII	+	1080	1080	137.0	116.0	768.2	59.0	700.0	736.0	736	1007.0	97.0	709.0	709	97.0	1.0	1.0	36.0	612.0	both too short	both too long
YGL212W	VII	+	951	951	8.0		564.5	6.0		33.0	33	21.0		94.0	94	1300.0						
YGL213C	VII	-	1194	1194	165.0	68.0	517.3	244.0	84.0	35.0	84	17.0	110.0	259.0	259	121.0	0.0	1.0		149.0		DRS too short
YGL214W	VII	+	486	486	154.0	67.0	510.4	1.0	106.0		106	5.0	777.0		777	500.0						
YGL215W	VII	+	1359	1359	282.0	464.0	904.7	92.0	458.0	471.0	471	472.0	568.0	581.0	581	394.0	1.0	1.0	13.0	13.0	both too short	both too long
YGL216W	VII	+	2418	2418	36.0	41.0	807.8	79.0	116.0		116	267.0	53.0		53	47.0						
YGL217C	VII	-	342	342				0.0			0				0							
YGL218W	VII	+	651	651	46.0	50.0	440.5	0.0	861.0		861		0.0		0							
YGL219C	VII	-	1380	1380	208.0	28.0	453.6	1933.0	25.0	65.0	65	27.0	89.0	83.0	89	84.0	1.0	0.0	40.0		DRS too short	
YGL220W	VII	+	363	363	235.0	589.0	493.0	6.0	292.0	611.0	611	942.0	187.0	175.0	187	182.0	1.0	0.0	319.0		both too short	
YGL221C	VII	-	867	867	319.0	193.0	494.0	137.0	12.0	18.0	18	19.0	81.0	252.0	252	98.0	1.0	1.0	6.0	171.0	both too short	DRS too short
YGL222C	VII	-	528	528	80.0	15.0	396.5	2.0	75.0		75	78.0	25.0		25	150.0						
YGL223C	VII	-	1254	1254	132.0	166.0	551.6	2.0	20.0	12.0	20	5.0	74.0	63.0	74	44.0	0.0	0.0				
YGL224C	VII	-	843	843	542.0	277.0	519.9	165.0	168.0	126.0	168	102.0	84.0	100.0	100	72.0	0.0	1.0		16.0		both too long
YGL225W	VII	+	1014	1014	659.0	878.0	708.2	452.0	180.0	1979.0	1979	41.0	113.0	122.0	122	111.0	1.0	1.0	1799.0	9.0	both too long	both too long
YGL226C-A	VII	-	410	261	307.0	630.0	441.8	1154.0	0.0	48.0	48	34.0	139.0	571.0	571	138.0	1.0	1.0	48.0	432.0	DRS too short	both too long
YGL226W	VII	+	372	372	292.0	92.0	397.8	15.0	12.0	4.0	12	5.0	26.0	106.0	106	107.0	0.0	1.0		80.0		both too short
YGL227W	VII	+	2877	2877	273.0	93.0	531.8	11.0	37.0	41.0	41	37.0	116.0	204.0	204	189.0	1.0	1.0	4.0	88.0	both too long	DRS too short
YGL228W	VII	+	1734	1734	53.0	86.0	1047.5	88.0	41.0	179.0	179	46.0	23.0	166.0	166	152.0	1.0	1.0	138.0	143.0	DRS too short	DRS too short
YGL229C	VII	-	2457	2457	29.0	35.0	664.1	26.0	225.0	240.0	240	229.0	135.0	274.0	274	184.0	1.0	1.0	15.0	139.0	DRS too short	DRS too short
YGL230C	VII	-	444	444	265.0	16.0	578.6	2.0		41.0	41	17.0		72.0	72	74.0						
YGL231C	VII	-	573	573	352.0	800.0	598.3	680.0	10.0	11.0	11	11.0	64.0	372.0	372	73.0	1.0	1.0	1.0	308.0	both too short	DRS too short
YGL232W	VII	+	928	870	430.0	176.0	588.6	57.0	46.0	62.0	62	9.0	73.0	68.0	73	69.0	1.0	0.0	16.0		both too long	
YGL233W	VII	+	2733	2733	257.0	158.0	647.8	28.0	33.0	77.0	77	46.0	66.0	64.0	66	65.0	1.0	0.0	44.0		DRS too short	
YGL234W	VII	+	2409	2409	232.0	383.0	1002.3	220.0	51.0	646.0	646	34.0	101.0	86.0	101	104.0	1.0	0.0	595.0		both too long	
YGL235W	VII	+	537	537	10.0		320.1	1.0			0	2734.0			0	566.0						
YGL236C	VII	-	2010	2010	40.0	48.0	901.8	183.0	13.0	250.0	250	21.0	57.0	69.0	69	70.0	1.0	1.0	237.0	12.0	DRS too short	both too short
YGL237C	VII	-	798	798	174.0	59.0	497.3	12.0	73.0	93.0	93	84.0	133.0	252.0	252	137.0	1.0	1.0	20.0	119.0	DRS too short	DRS too short
YGL238W	VII	+	2883	2883	311.0	425.0	898.9	62.0	335.0	44.0	335	3.0	101.0	169.0	169	110.0	0.0	1.0		68.0		DRS too short
YGL239C	VII	-	315	315	16.0		672.3	0.0			0				0							
YGL240W	VII	+	753	753	25.0	20.0	535.5	7.0		18.0	18	19.0		1153.0	1153	851.0						
YGL241W	VII	+	3015	3015	89.0	72.0	750.8	5.0	10.0	16.0	16	17.0	105.0	107.0	107	81.0	1.0	1.0	6.0	2.0	both too short	both too long
YGL242C	VII	-	546	546	58.0	113.0	512.0	114.0	53.0	71.0	71	55.0	129.0	205.0	205	125.0	1.0	1.0	18.0	76.0	DRS too short	both too long
YGL243W	VII	+	1203	1203	176.0	94.0	670.1	1.0	12.0	23.0	23	20.0	108.0	133.0	133	35.0	1.0	1.0	11.0	25.0	DRS too short	both too long
YGL244W	VII	+	1677	1677	628.0	156.0	460.5	6.0	44.0	74.0	74	75.0	99.0	91.0	99	92.0	1.0	0.0	30.0		both too short	
YGL245W	VII	+	2127	2127	1086.0	1622.0	853.4	5714.0	27.0	14.0	27	15.0	63.0	229.0	229	60.0	0.0	1.0		166.0		both too long
YGL246C	VII	-	1164	1164	144.0	165.0	787.4	19.0	29.0	70.0	70	40.0	124.0	147.0	147	148.0	1.0	1.0	41.0	23.0	DRS too short	both too short
YGL247W	VII	+	594	594	136.0	107.0	517.3	27.0	527.0	19.0	527	20.0	55.0	150.0	150	97.0	0.0	1.0		95.0		DRS too short
YGL248W	VII	+	1110	1110	143.0	139.0	690.6	15.0	138.0	121.0	138	129.0	67.0	390.0	390	65.0	0.0	1.0		323.0		both too long
YGL249W	VII	+	2115	2115	50.0	42.0	653.6	0.0	60.0		60		46.0		46							
YGL250W	VII	+	726	726	37.0	48.0	718.3	138.0	112.0	34.0	112	4.0	203.0	301.0	301	208.0	0.0	1.0		98.0		DRS too short
YGL251C	VII	-	3716	3564	31.0	38.0	796.5	0.0	249.0		249		120.0		120							
YGL252C	VII	-	1767	1767	598.0	187.0	542.2	135.0	27.0	30.0	30	38.0	98.0	222.0	222	91.0	1.0	1.0	3.0	124.0	both too short	both too long
YGL253W	VII	+	1461	1461	1541.0	1944.0	1108.7	2336.0	45.0	121.0	121	47.0	193.0	185.0	193	186.0	1.0	0.0	76.0		DRS too short	
YGL254W	VII	+	900	900	154.0	50.0	544.6	36.0	5.0	14.0	14	9.0	168.0	744.0	744	748.0	1.0	1.0	9.0	576.0	DRS too short	both too short
YGL255W	VII	+	1131	1131	200.0	300.0	887.3	13.0	957.0	315.0	957	45.0	96.0	103.0	103	96.0	0.0	1.0		7.0		both too long
YGL256W	VII	+	1149	1149	169.0	160.0	749.1	11.0	307.0	692.0	692	512.0	107.0	192.0	192	173.0	1.0	1.0	385.0	85.0	DRS too short	DRS too short
YGL257C	VII	-	1677	1677	154.0	176.0	758.6	104.0	120.0	163.0	163	109.0	102.0	206.0	206	122.0	1.0	1.0	43.0	104.0	both too long	DRS too short
YGL258W	VII	+	621	621	62.0	39.0	404.9	2.0		666.0	666	667.0		273.0	273	274.0						
YGL258W-A	VII	+	234	234	22.0	11.0	608.3	3.0	920.0		920	947.0	435.0		435	553.0						
YGL259W	VII	+	498	498				3.0			0	255.0			0	981.0						
YGL260W	VII	+	231	231				0.0			0				0							
YGL261C	VII	-	363	363				1.0			0	1414.0			0	89.0						
YGL262W	VII	+	528	528				1.0			0	1619.0			0	263.0						
YGL263W	VII	+	1143	1143				5.0		11.0	11	12.0		148.0	148	57.0						
YGR001C	VII	-	902	747	363.0	364.0	575.0	16.0	0.0	64.0	64	9.0	74.0	71.0	74	77.0	1.0	0.0	64.0		DRS too short	
YGR002C	VII	-	1431	1431	88.0	153.0	592.1	25.0	7.0	8.0	8	9.0	246.0	307.0	307	236.0	1.0	1.0	1.0	61.0	both too short	both too long
YGR003W	VII	+	2235	2235	44.0	64.0	869.7	4.0	50.0	28.0	50	17.0	227.0	244.0	244	252.0	0.0	1.0		17.0		both too short
YGR004W	VII	+	1389	1389	90.0	54.0	528.1	16.0	62.0	73.0	73	60.0	250.0	327.0	327	246.0	1.0	1.0	11.0	77.0	both too long	both too long
YGR005C	VII	-	1203	1203	85.0	98.0	746.3	11.0	27.0	40.0	40	30.0	94.0	176.0	176	107.0	1.0	1.0	13.0	82.0	DRS too short	DRS too short
YGR006W	VII	+	756	756	11.0	12.0	490.7	55.0		34.0	34	5.0		592.0	592	1254.0						
YGR007W	VII	+	972	972	785.0	76.0	475.5	94.0	371.0	514.0	514	6.0	145.0	138.0	145	139.0	1.0	0.0	143.0		both too long	
YGR008C	VII	-	255	255	717.0	1408.0	450.5	2867.0	181.0	44.0	181	87.0	148.0	777.0	777	160.0	0.0	1.0		629.0		DRS too short
YGR009C	VII	-	1956	1956	62.0	75.0	464.7	52.0	28.0	70.0	70	33.0	123.0	138.0	138	53.0	1.0	1.0	42.0	15.0	DRS too short	both too long
YGR010W	VII	+	1188	1188	54.0	90.0	785.4	48.0	143.0		143	94.0	208.0		208	205.0						
YGR011W	VII	+	327	327	41.0	20.0	810.1	48.0	724.0	593.0	724	1046.0	100.0	99.0	100	114.0	0.0	0.0				
YGR012W	VII	+	1182	1182	88.0	100.0	789.5	28.0	17.0	16.0	17	17.0	53.0	128.0	128	50.0	0.0	1.0		75.0		both too long
YGR013W	VII	+	1863	1863	51.0	34.0	637.0	100.0	42.0	41.0	42	23.0	227.0	279.0	279	226.0	0.0	1.0		52.0		both too long
YGR014W	VII	+	3921	3921	149.0	212.0	617.6	57.0	265.0	274.0	274	275.0	128.0	126.0	128	127.0	1.0	0.0	9.0		both too short	
YGR015C	VII	-	987	987	126.0	39.0	488.9	16.0	8.0	22.0	22	19.0	198.0	227.0	227	196.0	1.0	1.0	14.0	29.0	DRS too short	both too long
YGR016W	VII	+	573	573	46.0	70.0	720.4	20.0	99.0	326.0	326	18.0	169.0	465.0	465	1961.0	1.0	1.0	227.0	296.0	both too long	both too short
YGR017W	VII	+	894	894	102.0	145.0	615.4	229.0	174.0	573.0	573	159.0	119.0	113.0	119	114.0	1.0	0.0	399.0		both too long	
YGR018C	VII	-	330	330	68.0	21.0	619.1	2.0		61.0	61	26.0		651.0	651	120.0						
YGR019W	VII	+	1416	1416	672.0	221.0	554.4	56.0	27.0	53.0	53	38.0	93.0	272.0	272	92.0	1.0	1.0	26.0	179.0	DRS too short	both too long
YGR020C	VII	-	357	357	614.0	1520.0	507.9	202.0	70.0	50.0	70	64.0	150.0	360.0	360	133.0	0.0	1.0		210.0		both too long
YGR021W	VII	+	873	873	496.0	28.0	515.4	16.0	37.0	50.0	50	15.0	80.0	92.0	92	93.0	1.0	1.0	13.0	12.0	both too long	both too short
YGR022C	VII	-	330	330				11.0			0	190.0			0	751.0						
YGR023W	VII	+	1656	1656	57.0	53.0	642.2	8.0	170.0	185.0	185	157.0	239.0	270.0	270	271.0	1.0	1.0	15.0	31.0	both too long	both too short
YGR024C	VII	-	714	714	129.0	267.0	590.3	0.0	32.0		32		2.0		2							
YGR025W	VII	+	303	303	187.0		686.9	0.0	0.0		0		21.0		21							
YGR026W	VII	+	837	837	6512.0	152.0	422.7	54.0	139.0	126.0	139	140.0	175.0	269.0	269	160.0	0.0	1.0		94.0		both too long
YGR027C	VII	-	654	327	6235.0	12556.0	417.4	138.0		111.0	111	53.0		187.0	187	89.0						
YGR028W	VII	+	1089	1089	350.0	227.0	702.1	5.0	143.0	154.0	154	150.0	148.0	182.0	182	154.0	1.0	1.0	11.0	34.0	DRS too short	DRS too short
YGR029W	VII	+	653	570	261.0	217.0	518.7	414.0	19.0	40.0	40	0.0	105.0	232.0	232	95.0	1.0	1.0	21.0	127.0		both too long
YGR030C	VII	-	477	477	131.0	172.0	465.5	27.0	14.0	324.0	324	15.0	102.0	86.0	102	94.0	1.0	0.0	310.0		DRS too short	
YGR031C-A	VII	-	492	492	22.0	25.0	499.7	0.0	747.0		747		409.0		409							
YGR031W	VII	+	1029	1029	86.0	18.0	513.0	87.0	76.0	108.0	108	72.0	312.0	562.0	562	563.0	1.0	1.0	32.0	250.0	both too long	both too short
YGR032W	VII	+	5688	5688	208.0	143.0	806.9	0.0	248.0		248		90.0		90							
YGR033C	VII	-	720	720	212.0	263.0	748.4	176.0	119.0	129.0	129	77.0	277.0	309.0	309	271.0	1.0	1.0	10.0	32.0	both too long	both too long
YGR034W	VII	+	861	384	7868.0	15900.0	505.7	6941.0	0.0	357.0	357	57.0	131.0	98.0	131	130.0	1.0	0.0	357.0		DRS too short	
YGR035C	VII	-	351	351	7812.0	29.0	502.2	86.0	77.0	95.0	95	90.0	113.0	186.0	186	167.0	1.0	1.0	18.0	73.0	DRS too short	DRS too short
YGR035W-A	VII	+	222	222	353.0	125.0	271.7	1.0	100.0	759.0	759	760.0	53.0	1410.0	1410	1411.0	1.0	1.0	659.0	1357.0	both too short	both too short
YGR036C	VII	-	720	720	327.0	104.0	392.1	28.0	428.0	441.0	441	35.0	8.0	629.0	629	599.0	1.0	1.0	13.0	621.0	both too long	DRS too short
YGR037C	VII	-	264	264	1374.0	1519.0	468.2	1281.0		1063.0	1063	44.0		180.0	180	181.0						
YGR038W	VII	+	669	669	396.0	124.0	499.4	184.0	347.0	350.0	350	138.0	152.0	167.0	167	138.0	1.0	1.0	3.0	15.0	both too long	both too long
YGR039W	VII	+	312	312	35.0	54.0	418.1	2.0		132.0	132	41.0		53.0	53	1857.0						
YGR040W	VII	+	1107	1107	122.0	118.0	643.4	8.0	242.0	392.0	392	34.0	437.0	610.0	610	611.0	1.0	1.0	150.0	173.0	both too long	both too short
YGR041W	VII	+	1644	1644	80.0	63.0	585.9	46.0	462.0	503.0	503	315.0	110.0	134.0	134	120.0	1.0	1.0	41.0	24.0	both too long	DRS too short
YGR042W	VII	+	816	816	70.0	77.0	503.1	133.0	740.0	476.0	740	19.0	88.0	83.0	88	84.0	0.0	0.0				
YGR043C	VII	-	1002	1002	53.0	33.0	662.1	2.0	18.0		18	33.0	55.0		55	199.0						
YGR044C	VII	-	903	903	232.0	231.0	657.2	6.0	116.0	91.0	116	89.0	201.0	264.0	264	241.0	0.0	1.0		63.0		DRS too short
YGR045C	VII	-	363	363				1.0		261.0	261	262.0		158.0	158	159.0						
YGR046W	VII	+	1158	1158	120.0	163.0	941.0	64.0	104.0	121.0	121	92.0	352.0	340.0	352	341.0	1.0	0.0	17.0		both too long	
YGR047C	VII	-	3078	3078	86.0	43.0	702.9	9.0	30.0	28.0	30	35.0	61.0	108.0	108	90.0	0.0	1.0		47.0		DRS too short
YGR048W	VII	+	1086	1086	71.0	83.0	833.1	234.0	48.0	49.0	49	55.0	82.0	163.0	163	80.0	1.0	1.0	1.0	81.0	both too short	both too long
YGR049W	VII	+	564	564	174.0	241.0	536.6	216.0	143.0	82.0	143	46.0	153.0	327.0	327	232.0	0.0	1.0		174.0		DRS too short
YGR050C	VII	-	357	357	207.0	216.0	482.0	19.0	922.0	94.0	922	77.0	443.0	189.0	443	72.0	0.0	0.0				
YGR051C	VII	-	324	324	60.0		311.2	0.0			0				0							
YGR052W	VII	+	1110	1110	59.0	38.0	383.4	0.0	124.0		124	134.0	172.0		172	189.0						
YGR053C	VII	-	852	852	38.0	23.0	540.4	6.0	92.0	124.0	124	103.0	60.0	119.0	119	67.0	1.0	1.0	32.0	59.0	DRS too short	DRS too short
YGR054W	VII	+	1929	1929	176.0	203.0	776.2	27.0	159.0	189.0	189	171.0	213.0	189.0	213	203.0	1.0	0.0	30.0		DRS too short	
YGR055W	VII	+	1725	1725	333.0	430.0	861.3	1551.0	32.0	129.0	129	33.0	126.0	114.0	126	115.0	1.0	0.0	97.0		DRS too short	
YGR056W	VII	+	2787	2787	220.0	31.0	545.4	35.0	393.0		393	48.0	94.0		94	79.0						
YGR057C	VII	-	729	729	133.0	195.0	765.8	9.0	83.0	72.0	83	63.0	340.0	1177.0	1177	353.0	0.0	1.0		837.0		DRS too short
YGR058W	VII	+	1008	1008	40.0	54.0	627.8	22.0	46.0	21.0	46	21.0	297.0	408.0	408	281.0	0.0	1.0		111.0		both too long
YGR059W	VII	+	1539	1539	62.0	8.0	393.9	1.0			0	163.0			0	8.0						
YGR060W	VII	+	930	930	834.0	1073.0	830.7	479.0	67.0	90.0	90	83.0	17.0	322.0	322	17.0	1.0	1.0	23.0	305.0	DRS too short	both too long
YGR061C	VII	-	4077	4077	547.0	284.0	661.2	8.0	109.0	118.0	118	45.0	73.0	75.0	75	77.0	1.0	1.0	9.0	2.0	both too long	both too short
YGR062C	VII	-	951	951	146.0	22.0	493.9	84.0	182.0	34.0	182	35.0	79.0	344.0	344	77.0	0.0	1.0		265.0		both too long
YGR063C	VII	-	309	309	99.0	174.0	395.3	1005.0		16.0	16	17.0		641.0	641	132.0						
YGR064W	VII	+	369	369	138.0	247.0	430.5	6.0	165.0	1586.0	1586	152.0	121.0	143.0	143	130.0	1.0	1.0	1421.0	22.0	both too long	DRS too short
YGR065C	VII	-	1782	1782	140.0	86.0	565.2	10.0	110.0	109.0	110	110.0	97.0	141.0	141	93.0	0.0	1.0		44.0		both too long
YGR066C	VII	-	879	879	23.0	20.0	397.7	1.0	435.0		435	89.0	64.0		64	117.0						
YGR067C	VII	-	2415	2415	33.0	27.0	390.4	2.0	83.0		83	95.0	118.0		118	99.0						
YGR068C	VII	-	1761	1761	29.0	25.0	638.3	33.0	90.0	72.0	90	36.0	394.0	397.0	397	388.0	0.0	1.0		3.0		both too long
YGR068W-A	VII	+	96	96				5.0			0	387.0			0	787.0						
YGR069W	VII	+	336	336	7.0	25.0	340.3	0.0			0				0							
YGR070W	VII	+	3468	3468	108.0	100.0	712.5	0.0	27.0		27		126.0		126							
YGR071C	VII	-	2583	2583	105.0	103.0	904.3	2.0	46.0		46	65.0	193.0		193	191.0						
YGR072W	VII	+	1164	1164	74.0	56.0	641.3	2.0	51.0	48.0	51	65.0	67.0	106.0	106	123.0	0.0	1.0		39.0		both too short
YGR073C	VII	-	372	372	105.0	102.0	625.6	10.0	639.0	534.0	639	929.0	50.0	32.0	50	27.0	0.0	0.0				
YGR074W	VII	+	441	441	86.0	91.0	607.0	156.0	126.0	50.0	126	12.0	301.0	299.0	301	300.0	0.0	0.0				
YGR075C	VII	-	729	729	99.0	95.0	597.4	15.0	20.0	39.0	39	40.0	435.0	488.0	488	489.0	1.0	1.0	19.0	53.0	both too short	both too short
YGR076C	VII	-	474	474	70.0	87.0	408.7	32.0	62.0	71.0	71	63.0	100.0	128.0	128	98.0	1.0	1.0	9.0	28.0	DRS too short	both too long
YGR077C	VII	-	1770	1770	125.0	96.0	695.1	50.0	37.0	39.0	39	40.0	52.0	71.0	71	52.0	1.0	1.0	2.0	19.0	both too short	both too long
YGR078C	VII	-	600	600	25.0	60.0	524.4	52.0	46.0	30.0	46	31.0	78.0	133.0	133	75.0	0.0	1.0		55.0		both too long
YGR079W	VII	+	1113	1113	28.0	38.0	577.2	0.0	32.0		32		96.0		96							
YGR080W	VII	+	999	999	152.0	102.0	689.2	14.0	24.0	41.0	41	15.0	87.0	153.0	153	81.0	1.0	1.0	17.0	66.0	both too long	both too long
YGR081C	VII	-	633	633	211.0	155.0	540.1	71.0	48.0	3.0	48	4.0	113.0	367.0	367	112.0	0.0	1.0		254.0		both too long
YGR082W	VII	+	552	552	208.0	329.0	555.5	3166.0	37.0	196.0	196	47.0	140.0	149.0	149	148.0	1.0	1.0	159.0	9.0	DRS too short	DRS too short
YGR083C	VII	-	1956	1956	273.0	202.0	689.6	2.0	28.0		28	1472.0	46.0		46	1079.0						
YGR084C	VII	-	1020	1020	3781.0	115.0	553.6	9.0	124.0	213.0	213	788.0	77.0	46.0	77	74.0	1.0	0.0	89.0		both too short	
YGR085C	VII	-	525	525	3718.0	7434.0	546.6	8527.0	92.0	916.0	916	23.0	85.0	86.0	86	95.0	1.0	1.0	824.0	1.0	both too long	both too short
YGR086C	VII	-	1020	1020	305.0	288.0	663.8	748.0	111.0	317.0	317	81.0	283.0	261.0	283	29.0	1.0	0.0	206.0		both too long	
YGR087C	VII	-	1692	1692	14.0	14.0	442.9	3.0	19.0		19	32.0	110.0		110	134.0						
YGR088W	VII	+	1689	1689	97.0	124.0	488.5	30.0	15.0	1071.0	1071	19.0	79.0	64.0	79	86.0	1.0	0.0	1056.0		DRS too short	
YGR089W	VII	+	2811	2811	141.0	84.0	558.2	5.0	271.0	279.0	279	267.0	71.0	65.0	71	130.0	1.0	0.0	8.0		both too long	
YGR090W	VII	+	3714	3714	178.0	254.0	813.4	6.0	285.0	267.0	285	277.0	93.0	114.0	114	115.0	0.0	1.0		21.0		both too short
YGR091W	VII	+	1485	1485	134.0	60.0	559.6	80.0	61.0	68.0	68	69.0	108.0	176.0	176	90.0	1.0	1.0	7.0	68.0	both too short	both too long
YGR092W	VII	+	1719	1719	135.0	155.0	690.1	5.0	67.0	74.0	74	62.0	161.0	98.0	161	165.0	1.0	0.0	7.0		both too long	
YGR093W	VII	+	1524	1524	133.0	120.0	668.9	44.0	61.0	85.0	85	50.0	83.0	123.0	123	81.0	1.0	1.0	24.0	40.0	both too long	both too long
YGR094W	VII	+	3315	3315	1597.0	2510.0	824.4	4.0	23.0		23	0.0	92.0	89.0	92	90.0		0.0				
YGR095C	VII	-	672	672	1061.0	154.0	499.1	20.0	14.0	772.0	772	42.0	42.0	50.0	50	38.0	1.0	1.0	758.0	8.0	DRS too short	both too long
YGR096W	VII	+	945	945	90.0	56.0	556.9	17.0	113.0	5.0	113	47.0	72.0	191.0	191	71.0	0.0	1.0		119.0		both too long
YGR097W	VII	+	3441	3441	160.0	195.0	851.1	2.0	104.0	269.0	269	49.0	164.0	148.0	164	149.0	1.0	0.0	165.0		both too long	
YGR098C	VII	-	4893	4893	122.0	76.0	622.7	0.0	178.0		178		169.0		169							
YGR099W	VII	+	2067	2067	45.0	73.0	999.7	4.0	29.0	79.0	79	80.0	64.0	62.0	64	63.0	1.0	0.0	50.0		both too short	
YGR100W	VII	+	2853	2853	95.0	101.0	831.0	17.0	76.0	139.0	139	82.0	97.0	106.0	106	129.0	1.0	1.0	63.0	9.0	DRS too short	both too short
YGR101W	VII	+	1041	1041	144.0	114.0	651.3	303.0	70.0	81.0	81	60.0	89.0	173.0	173	84.0	1.0	1.0	11.0	84.0	both too long	both too long
YGR102C	VII	-	552	552	69.0	77.0	504.4	43.0	17.0	109.0	109	14.0	161.0	156.0	161	159.0	1.0	0.0	92.0		both too long	
YGR103W	VII	+	1818	1818	590.0	978.0	627.9	286.0	26.0	50.0	50	28.0	144.0	204.0	204	205.0	1.0	1.0	24.0	60.0	DRS too short	both too short
YGR104C	VII	-	924	924	846.0	58.0	453.1	8.0	63.0	50.0	63	30.0	76.0	138.0	138	77.0	0.0	1.0		62.0		DRS too short
YGR105W	VII	+	234	234	845.0	839.0	628.8	276.0	47.0	377.0	377	58.0	169.0	177.0	177	178.0	1.0	1.0	330.0	8.0	DRS too short	both too short
YGR106C	VII	-	798	798	892.0	1270.0	673.0	29.0	58.0	59.0	59	60.0	99.0	179.0	179	89.0	1.0	1.0	1.0	80.0	both too short	both too long
YGR107W	VII	+	450	450	48.0	26.0	419.7	2.0		98.0	98	206.0		673.0	673	267.0						
YGR108W	VII	+	1416	1416	86.0	115.0	923.7	76.0	208.0	217.0	217	208.0	162.0	259.0	259	168.0	1.0	1.0	9.0	97.0	both too long	DRS too short
YGR109C	VII	-	1143	1143	75.0	25.0	568.0	5.0	67.0	93.0	93	65.0	115.0	113.0	115	111.0	1.0	0.0	26.0		both too long	
YGR110W	VII	+	1338	1338	50.0	38.0	402.4	27.0	367.0	50.0	367	51.0	60.0	95.0	95	100.0	0.0	1.0		35.0		both too short
YGR111W	VII	+	1203	1203	117.0	128.0	769.2	21.0	56.0	92.0	92	40.0	116.0	127.0	127	112.0	1.0	1.0	36.0	11.0	both too long	both too long
YGR112W	VII	+	1170	1170	61.0	39.0	667.0	35.0	66.0	57.0	66	58.0	165.0	257.0	257	162.0	0.0	1.0		92.0		both too long
YGR113W	VII	+	1032	1032	32.0	44.0	677.9	8.0	62.0	82.0	82	62.0	317.0	317.0	317	328.0	1.0	0.0	20.0		both too long	
YGR114C	VII	-	390	390	6.0		478.3	0.0			0				0							
YGR115C	VII	-	780	780	16.0		506.4	0.0			0				0							
YGR116W	VII	+	4356	4356	406.0	578.0	804.3	13.0	41.0	122.0	122	51.0	107.0	190.0	190	191.0	1.0	1.0	81.0	83.0	DRS too short	both too short
YGR117C	VII	-	1431	1431	316.0	146.0	614.2	4.0	15.0	8.0	15	32.0	260.0	275.0	275	249.0	0.0	1.0		15.0		both too long
YGR118W	VII	+	757	438	6777.0	13987.0	558.0	4171.0	0.0	22.0	22	23.0	174.0	341.0	341	168.0	1.0	1.0	22.0	167.0	both too short	both too long
YGR119C	VII	-	1626	1626	7500.0	253.0	565.0	96.0	76.0	108.0	108	89.0	83.0	148.0	148	81.0	1.0	1.0	32.0	65.0	DRS too short	both too long
YGR120C	VII	-	789	789	136.0	149.0	508.1	24.0	36.0	83.0	83	33.0	172.0	175.0	175	176.0	1.0	1.0	47.0	3.0	both too long	both too short
YGR121C	VII	-	1479	1479	151.0	194.0	674.6	3.0	195.0	34.0	195	59.0	93.0	139.0	139	140.0	0.0	1.0		46.0		both too short
YGR121W-A	VII	+	216	216	21.0	22.0	314.3	1.0		195.0	195	196.0		29.0	29	8.0						
YGR122C-A	VII	-	129	129	127.0	121.0	453.6	3.0		261.0	261	254.0		447.0	447	429.0						
YGR122W	VII	+	1209	1209	132.0	99.0	613.5	24.0	152.0	206.0	206	165.0	257.0	331.0	331	310.0	1.0	1.0	54.0	74.0	DRS too short	DRS too short
YGR123C	VII	-	1542	1542	248.0	207.0	842.7	76.0	45.0	100.0	100	56.0	93.0	147.0	147	161.0	1.0	1.0	55.0	54.0	DRS too short	both too short
YGR124W	VII	+	1719	1719	862.0	1113.0	921.1	2823.0	53.0	96.0	96	28.0	113.0	292.0	292	112.0	1.0	1.0	43.0	179.0	both too long	both too long
YGR125W	VII	+	3111	3111	452.0	281.0	609.0	11.0	76.0	95.0	95	70.0	124.0	159.0	159	160.0	1.0	1.0	19.0	35.0	both too long	both too short
YGR126W	VII	+	693	693	108.0	5.0	456.0	6.0			0	113.0			0	1424.0						
YGR127W	VII	+	939	939	114.0	41.0	502.3	6.0	212.0	657.0	657	1076.0	218.0	214.0	218	215.0	1.0	0.0	445.0		both too short	
YGR128C	VII	-	2142	2142	188.0	273.0	974.1	176.0	24.0	37.0	37	38.0	110.0	258.0	258	133.0	1.0	1.0	13.0	148.0	both too short	DRS too short
YGR129W	VII	+	648	648	75.0	90.0	495.2	13.0	27.0	23.0	27	35.0	58.0	755.0	755	57.0	0.0	1.0		697.0		both too long
YGR130C	VII	-	2451	2451	100.0	96.0	707.6	105.0	901.0	137.0	901	103.0	184.0	174.0	184	175.0	0.0	0.0				
YGR131W	VII	+	525	525	274.0	120.0	542.1	6.0		130.0	130	83.0		99.0	99	100.0						
YGR132C	VII	-	864	864	500.0	646.0	847.5	70.0	68.0	938.0	938	42.0	158.0	224.0	224	244.0	1.0	1.0	870.0	66.0	both too long	both too short
YGR133W	VII	+	552	552	31.0	36.0	489.6	0.0	171.0		171	169.0	202.0		202	207.0						
YGR134W	VII	+	3369	3369	81.0	52.0	668.0	2.0	146.0		146	148.0	146.0		146	167.0						
YGR135W	VII	+	777	777	409.0	657.0	774.4	390.0	76.0	91.0	91	92.0	86.0	150.0	150	79.0	1.0	1.0	15.0	64.0	both too short	both too long
YGR136W	VII	+	726	726	507.0	325.0	586.6	206.0	15.0		15	17.0	253.0		253	249.0						
YGR137W	VII	+	375	375	346.0	202.0	549.3	206.0	474.0	433.0	474	477.0	141.0	139.0	141	140.0	0.0	0.0				
YGR138C	VII	-	1845	1845	428.0	506.0	780.7	7.0	177.0	279.0	279	280.0	107.0	83.0	107	185.0	1.0	0.0	102.0		both too short	
YGR139W	VII	+	339	339	21.0	26.0	482.4	0.0	135.0		135		403.0		403							
YGR140W	VII	+	2871	2871	39.0	36.0	710.3	0.0	0.0		0		82.0		82							
YGR141W	VII	+	1404	1404	120.0	119.0	621.6	21.0	477.0	19.0	477	20.0	88.0	426.0	426	96.0	0.0	1.0		338.0		DRS too short
YGR142W	VII	+	1233	1233	3255.0	3241.0	485.8	29.0	47.0	176.0	176	1080.0	98.0	94.0	98	95.0	1.0	0.0	129.0		both too short	
YGR143W	VII	+	2316	2316	168.0	142.0	756.4	1.0	225.0		225	502.0	391.0		391	391.0						
YGR144W	VII	+	981	981	30.0	8.0	384.8	0.0			0	224.0			0	71.0						
YGR145W	VII	+	2124	2124	135.0	66.0	474.8	45.0	17.0	62.0	62	55.0	49.0	93.0	93	94.0	1.0	1.0	45.0	44.0	DRS too short	both too short
YGR146C	VII	-	636	636	239.0	310.0	683.5	39.0	291.0	355.0	355	212.0	97.0	182.0	182	174.0	1.0	1.0	64.0	85.0	both too long	DRS too short
YGR146C-A	VII	-	162	162	57.0	18.0	342.2	24.0		501.0	501	7.0		169.0	169	231.0						
YGR147C	VII	-	867	867	2184.0	182.0	506.8	247.0	72.0	62.0	72	63.0	40.0	341.0	341	118.0	0.0	1.0		301.0		DRS too short
YGR148C	VII	-	867	468	2050.0	4079.0	502.9	246.0	7.0	254.0	254	22.0	86.0	155.0	155	139.0	1.0	1.0	247.0	69.0	DRS too short	DRS too short
YGR149W	VII	+	1299	1299	175.0	212.0	598.5	50.0	196.0	69.0	196	111.0	140.0	834.0	834	155.0	0.0	1.0		694.0		DRS too short
YGR150C	VII	-	2595	2595	119.0	64.0	888.2	5.0	30.0		30	10.0	107.0		107	126.0						
YGR151C	VII	-	336	336	65.0	42.0	532.5	34.0		37.0	37	135.0		77.0	77	25.0						
YGR152C	VII	-	819	819	85.0	102.0	514.5	7.0	150.0		150	141.0	92.0		92	34.0						
YGR153W	VII	+	654	654	54.0	56.0	494.0	5.0	10.0	142.0	142	19.0	98.0	96.0	98	54.0	1.0	0.0	132.0		DRS too short	
YGR154C	VII	-	1071	1071	83.0	80.0	591.2	10.0	379.0	478.0	478	274.0	123.0	242.0	242	243.0	1.0	1.0	99.0	119.0	both too long	both too short
YGR155W	VII	+	1524	1524	1227.0	1682.0	936.6	1088.0	56.0	76.0	76	36.0	143.0	131.0	143	140.0	1.0	0.0	20.0		both too long	
YGR156W	VII	+	1278	1278	554.0	108.0	449.0	52.0	122.0	150.0	150	134.0	58.0	162.0	162	53.0	1.0	1.0	28.0	104.0	DRS too short	both too long
YGR157W	VII	+	2610	2610	523.0	647.0	1014.5	168.0	241.0	247.0	247	253.0	65.0	187.0	187	106.0	1.0	1.0	6.0	122.0	both too short	DRS too short
YGR158C	VII	-	753	753	575.0	134.0	462.3	74.0	65.0	78.0	78	45.0	206.0	251.0	251	225.0	1.0	1.0	13.0	45.0	both too long	DRS too short
YGR159C	VII	-	1245	1245	559.0	552.0	692.5	3235.0	45.0	145.0	145	44.0	145.0	143.0	145	144.0	1.0	0.0	100.0		both too long	
YGR160W	VII	+	612	612	679.0	912.0	676.5	0.0	812.0		812		4.0		4							
YGR161C	VII	-	792	792	509.0	585.0	689.4	20.0	82.0	97.0	97	94.0	121.0	210.0	210	65.0	1.0	1.0	15.0	89.0	DRS too short	both too long
YGR161W-C	VII	+	279	279	267.0	256.0	482.7	31.0	225.0	236.0	236	43.0	265.0	283.0	283	264.0	1.0	1.0	11.0	18.0	both too long	both too long
YGR162W	VII	+	2859	2859	781.0	1196.0	894.2	0.0	39.0		39		440.0		440							
YGR163W	VII	+	1026	1026	491.0	75.0	507.9	215.0	69.0	150.0	150	57.0	71.0	60.0	71	68.0	1.0	0.0	81.0		both too long	
YGR164W	VII	+	336	336	53.0	79.0	368.2	0.0			0				0							
YGR165W	VII	+	1038	1038	109.0	97.0	548.4	253.0	45.0	126.0	126	54.0	134.0	140.0	140	141.0	1.0	1.0	81.0	6.0	DRS too short	both too short
YGR166W	VII	+	1683	1683	127.0	137.0	825.4	16.0	90.0	106.0	106	80.0	77.0	55.0	77	78.0	1.0	0.0	16.0		both too long	
YGR167W	VII	+	702	702	259.0	410.0	523.2	203.0	68.0	49.0	68	64.0	163.0	545.0	545	138.0	0.0	1.0		382.0		both too long
YGR168C	VII	-	1131	1131	318.0	134.0	612.7	19.0	106.0	119.0	119	41.0	71.0	81.0	81	82.0	1.0	1.0	13.0	10.0	both too long	both too short
YGR169C	VII	-	1215	1215	202.0	33.0	497.7	24.0	15.0	66.0	66	26.0	93.0	119.0	119	99.0	1.0	1.0	51.0	26.0	DRS too short	DRS too short
YGR169C-A	VII	-	279	279	157.0	325.0	511.3	153.0	92.0	120.0	120	104.0	381.0	397.0	397	376.0	1.0	1.0	28.0	16.0	DRS too short	both too long
YGR170W	VII	+	3417	3417	83.0	73.0	609.6	6.0	45.0		45	56.0	42.0		42	275.0						
YGR171C	VII	-	1728	1728	163.0	74.0	490.9	282.0	14.0	36.0	36	23.0	103.0	113.0	113	114.0	1.0	1.0	22.0	10.0	DRS too short	both too short
YGR172C	VII	-	747	747	135.0	232.0	673.1	428.0	28.0	36.0	36	30.0	126.0	240.0	240	127.0	1.0	1.0	8.0	114.0	DRS too short	DRS too short
YGR173W	VII	+	1107	1107	165.0	158.0	689.3	122.0	43.0	50.0	50	44.0	38.0	289.0	289	36.0	1.0	1.0	7.0	251.0	DRS too short	both too long
YGR174C	VII	-	513	513	228.0	62.0	406.9	1.0	243.0		243	217.0	125.0		125	67.0						
YGR174W-A	VII	+	87	87	334.0	71.0	563.2	11.0	421.0	819.0	819	124.0	98.0	95.0	98	98.0	1.0	0.0	398.0		both too long	
YGR175C	VII	-	1491	1491	674.0	1082.0	1108.9	189.0	87.0	97.0	97	27.0	181.0	209.0	209	169.0	1.0	1.0	10.0	28.0	both too long	both too long
YGR176W	VII	+	348	348	23.0		528.8	1.0			0	125.0			0	1621.0						
YGR177C	VII	-	1608	1608	121.0	89.0	505.9	17.0	92.0	396.0	396	63.0	214.0	201.0	214	217.0	1.0	0.0	304.0		both too long	
YGR178C	VII	-	2169	2169	234.0	280.0	838.3	107.0	200.0	232.0	232	213.0	124.0	135.0	135	123.0	1.0	1.0	32.0	11.0	DRS too short	both too long
YGR179C	VII	-	1221	1221	450.0	33.0	415.8	7.0	38.0	58.0	58	27.0	92.0	151.0	151	135.0	1.0	1.0	20.0	59.0	both too long	DRS too short
YGR180C	VII	-	1038	1038	1129.0	1553.0	881.7	17.0	142.0	205.0	205	209.0	121.0	134.0	134	91.0	1.0	1.0	63.0	13.0	both too short	both too long
YGR181W	VII	+	318	318	683.0	147.0	521.5	510.0	60.0	90.0	90	49.0	183.0	222.0	222	181.0	1.0	1.0	30.0	39.0	both too long	both too long
YGR182C	VII	-	354	354	581.0	581.0	515.6	0.0	353.0		353		298.0		298							
YGR183C	VII	-	414	201	641.0	1145.0	497.7	121.0	176.0	76.0	176	70.0	356.0	456.0	456	358.0	0.0	1.0		100.0		DRS too short
YGR184C	VII	-	5853	5853	269.0	127.0	547.9	0.0	585.0		585		83.0		83							
YGR185C	VII	-	1185	1185	651.0	827.0	909.8	867.0	40.0	31.0	40	32.0	77.0	135.0	135	94.0	0.0	1.0		58.0		DRS too short
YGR186W	VII	+	2208	2208	203.0	253.0	582.6	95.0	17.0	9.0	17	10.0	55.0	214.0	214	52.0	0.0	1.0		159.0		both too long
YGR187C	VII	-	1185	1185	164.0	90.0	548.8	63.0	72.0	84.0	84	56.0	146.0	206.0	206	138.0	1.0	1.0	12.0	60.0	both too long	both too long
YGR188C	VII	-	3066	3066	56.0	48.0	470.0	4.0	42.0	55.0	55	56.0	150.0	186.0	186	187.0	1.0	1.0	13.0	36.0	both too short	both too short
YGR189C	VII	-	1524	1524	989.0	954.0	667.3	217.0	66.0	131.0	131	62.0	100.0	117.0	117	119.0	1.0	1.0	65.0	17.0	both too long	both too short
YGR190C	VII	-	366	366	22.0	206.0	481.0	1.0		2043.0	2043	2044.0		2047.0	2047	2048.0						
YGR191W	VII	+	1812	1812	9011.0	151.0	365.9	44.0	213.0	179.0	213	229.0	164.0	559.0	559	135.0	0.0	1.0		395.0		both too long
YGR192C	VII	-	999	999	27701.0	36394.0	790.9	316425.0	73.0	1233.0	1233	39.0	109.0	105.0	109	106.0	1.0	0.0	1160.0		both too long	
YGR193C	VII	-	1233	1233	219.0	265.0	629.1	76.0	78.0	88.0	88	89.0	97.0	1244.0	1244	104.0	1.0	1.0	10.0	1147.0	both too short	DRS too short
YGR194C	VII	-	1803	1803	30.0	40.0	715.8	5.0	413.0		413	1.0	105.0		105	103.0						
YGR195W	VII	+	741	741	99.0	146.0	587.2	137.0	119.0	98.0	119	106.0	80.0	410.0	410	79.0	0.0	1.0		330.0		both too long
YGR196C	VII	-	2454	2454	134.0	51.0	549.4	6.0	47.0	73.0	73	59.0	113.0	113.0	113	111.0	1.0	0.0	26.0		DRS too short	
YGR197C	VII	-	1644	1644	61.0	99.0	730.5	13.0	178.0	205.0	205	201.0	67.0	90.0	90	69.0	1.0	1.0	27.0	23.0	DRS too short	DRS too short
YGR198W	VII	+	2454	2454	150.0	202.0	855.6	15.0	30.0	99.0	99	37.0	114.0	137.0	137	96.0	1.0	1.0	69.0	23.0	DRS too short	both too long
YGR199W	VII	+	2280	2280	210.0	132.0	616.1	230.0	271.0	24.0	271	41.0	1.0	327.0	327	1.0	0.0	1.0		326.0		both too long
YGR200C	VII	-	2367	2367	186.0	190.0	752.7	197.0	46.0	21.0	46	59.0	77.0	376.0	376	75.0	0.0	1.0		299.0		both too long
YGR201C	VII	-	678	678	65.0	62.0	525.7	2.0	270.0	21.0	270	22.0	51.0	49.0	51	50.0	0.0	0.0				
YGR202C	VII	-	1275	1275	126.0	121.0	849.5	7.0	33.0	104.0	104	19.0	130.0	126.0	130	128.0	1.0	0.0	71.0		both too long	
YGR203W	VII	+	447	447	57.0	102.0	524.0	149.0	323.0	489.0	489	15.0	191.0	184.0	191	185.0	1.0	0.0	166.0		both too long	
YGR204C-A	VII	-	114	114	148.0	25.0	469.4	1.0	962.0	1062.0	1062	1063.0	75.0	31.0	75	32.0	1.0	0.0	100.0		both too short	
YGR204W	VII	+	2841	2841	385.0	614.0	1062.4	451.0	47.0	76.0	76	39.0	88.0	97.0	97	86.0	1.0	1.0	29.0	9.0	both too long	both too long
YGR205W	VII	+	873	873	223.0	29.0	422.3	52.0	130.0	129.0	130	126.0	27.0	234.0	234	125.0	0.0	1.0		207.0		DRS too short
YGR206W	VII	+	306	306	167.0	95.0	578.3	114.0	24.0	184.0	184	24.0	88.0	88.0	88	87.0	1.0	0.0	160.0		both too long	
YGR207C	VII	-	786	786	175.0	320.0	529.2	973.0	45.0	44.0	45	30.0	112.0	598.0	598	110.0	0.0	1.0		486.0		both too long
YGR208W	VII	+	930	930	946.0	123.0	481.2	93.0	58.0	44.0	58	45.0	56.0	247.0	247	111.0	0.0	1.0		191.0		DRS too short
YGR209C	VII	-	315	315	819.0	2284.0	460.2	1884.0	70.0	90.0	90	53.0	77.0	1180.0	1180	83.0	1.0	1.0	20.0	1103.0	both too long	DRS too short
YGR210C	VII	-	1236	1236	899.0	256.0	495.7	277.0	98.0	124.0	124	110.0	94.0	208.0	208	116.0	1.0	1.0	26.0	114.0	DRS too short	DRS too short
YGR211W	VII	+	1461	1461	985.0	1425.0	1039.6	615.0	91.0	123.0	123	102.0	195.0	198.0	198	199.0	1.0	1.0	32.0	3.0	DRS too short	both too short
YGR212W	VII	+	1407	1407	492.0	23.0	463.9	3.0	52.0		52	4.0	57.0		57	1107.0						
YGR213C	VII	-	954	954	84.0	104.0	534.9	2.0	163.0	3.0	163	4.0	541.0	142.0	541	143.0	0.0	0.0				
YGR214W	VII	+	1214	759	1555.0	2143.0	667.8	1629.0	0.0	109.0	109	19.0	76.0	169.0	169	133.0	1.0	1.0	109.0	93.0	DRS too short	DRS too short
YGR215W	VII	+	333	333	690.0	206.0	434.7	336.0	58.0	64.0	64	38.0	99.0	211.0	211	92.0	1.0	1.0	6.0	112.0	both too long	both too long
YGR216C	VII	-	1830	1830	219.0	110.0	548.9	40.0	37.0	22.0	37	47.0	86.0	253.0	253	123.0	0.0	1.0		167.0		DRS too short
YGR217W	VII	+	6120	6120	130.0	51.0	586.0	0.0	27.0		27		64.0		64							
YGR218W	VII	+	3255	3255	264.0	336.0	948.0	7.0	289.0	298.0	298	299.0	211.0	202.0	211	203.0	1.0	0.0	9.0		both too short	
YGR219W	VII	+	342	342	187.0		553.3	0.0			0				0							
YGR220C	VII	-	810	810	196.0	290.0	507.9	1263.0	15.0	9.0	15	10.0	78.0	383.0	383	76.0	0.0	1.0		305.0		both too long
YGR221C	VII	-	1869	1869	91.0	52.0	490.3	28.0	292.0	169.0	292	87.0	64.0	75.0	75	63.0	0.0	1.0		11.0		both too long
YGR222W	VII	+	882	882	143.0	232.0	525.3	35.0	441.0	98.0	441	0.0	70.0	84.0	84	92.0	0.0	1.0		14.0		both too short
YGR223C	VII	-	1347	1347	103.0	56.0	670.0	11.0	171.0	58.0	171	59.0	75.0	81.0	81	82.0	0.0	1.0		6.0		both too short
YGR224W	VII	+	1842	1842	18.0	22.0	864.8	2.0	559.0		559	37.0	190.0		190	232.0						
YGR225W	VII	+	1875	1782	6.0	6.0	635.3	2.0	96.0		96	115.0	107.0		107	119.0						
YGR226C	VII	-	210	210	5.0		403.6	0.0			0				0							
YGR227C-A	VII	-	174	174	70.0	26.0	515.1	0.0	0.0		0	31.0	719.0		719	59.0						
YGR227W	VII	+	1578	1578	94.0	37.0	571.5	279.0	115.0	67.0	115	79.0	61.0	218.0	218	89.0	0.0	1.0		157.0		DRS too short
YGR228W	VII	+	345	345	84.0		519.6	0.0			0				0							
YGR229C	VII	-	1518	1518	97.0	284.0	899.0	4.0	329.0	343.0	343	276.0	107.0	201.0	201	26.0	1.0	1.0	14.0	94.0	both too long	both too long
YGR230W	VII	+	414	414	183.0	116.0	497.6	50.0	148.0	144.0	148	49.0	119.0	176.0	176	148.0	0.0	1.0		57.0		DRS too short
YGR231C	VII	-	933	933	239.0	300.0	643.6	173.0	70.0	95.0	95	89.0	134.0	236.0	236	227.0	1.0	1.0	25.0	102.0	DRS too short	DRS too short
YGR232W	VII	+	687	687	201.0	225.0	582.5	497.0	13.0	107.0	107	22.0	57.0	89.0	89	55.0	1.0	1.0	94.0	32.0	DRS too short	both too long
YGR233C	VII	-	3537	3537	335.0	254.0	711.0	4.0	212.0		212	212.0	64.0		64	63.0						
YGR234W	VII	+	1200	1200	4602.0	6516.0	974.6	4865.0	15.0	107.0	107	20.0	259.0	278.0	278	279.0	1.0	1.0	92.0	19.0	DRS too short	both too short
YGR235C	VII	-	702	702	2196.0	269.0	521.4	99.0	60.0	270.0	270	55.0	106.0	86.0	106	124.0	1.0	0.0	210.0		both too long	
YGR236C	VII	-	288	288	39.0	21.0	395.6	4.0		471.0	471	24.0		192.0	192	193.0						
YGR237C	VII	-	2358	2358	97.0	103.0	745.2	4.0	57.0	59.0	59	88.0	169.0	168.0	169	169.0	1.0	0.0	2.0		both too short	
YGR238C	VII	-	2649	2649	110.0	57.0	476.9	3.0	503.0		503	34.0	100.0		100	121.0						
YGR239C	VII	-	867	867	320.0	175.0	390.0	25.0	578.0	103.0	578	34.0	90.0	451.0	451	95.0	0.0	1.0		361.0		DRS too short
YGR240C	VII	-	2964	2964	815.0	1025.0	1120.4	108.0	223.0	233.0	233	247.0	239.0	256.0	256	237.0	1.0	1.0	10.0	17.0	both too short	both too long
YGR240C-A	VII	-	201	201	94.0	149.0	448.3	0.0	878.0		878		171.0		171							
YGR241C	VII	-	1707	1707	115.0	52.0	686.8	35.0	156.0	166.0	166	72.0	74.0	167.0	167	90.0	1.0	1.0	10.0	93.0	both too long	DRS too short
YGR242W	VII	+	309	309				1.0			0	1608.0			0	62.0						
YGR243W	VII	+	441	441	115.0	123.0	537.0	4.0	86.0		86	84.0	132.0		132	123.0						
YGR244C	VII	-	1284	1284	307.0	214.0	661.4	197.0	101.0	137.0	137	108.0	79.0	121.0	121	112.0	1.0	1.0	36.0	42.0	DRS too short	DRS too short
YGR245C	VII	-	2304	2304	169.0	234.0	493.5	187.0	78.0	81.0	81	87.0	112.0	432.0	432	58.0	1.0	1.0	3.0	320.0	both too short	both too long
YGR246C	VII	-	1791	1791	65.0	75.0	574.8	142.0	19.0	169.0	169	29.0	164.0	161.0	164	165.0	1.0	0.0	150.0		DRS too short	
YGR247W	VII	+	720	720	35.0	32.0	461.7	4.0	143.0	138.0	143	149.0	37.0	221.0	221	91.0	0.0	1.0		184.0		DRS too short
YGR248W	VII	+	768	768	59.0	48.0	655.7	14.0	26.0	17.0	26	18.0	96.0	207.0	207	97.0	0.0	1.0		111.0		DRS too short
YGR249W	VII	+	1371	1371	69.0	67.0	594.3	2.0	278.0		278	472.0	497.0		497	502.0						
YGR250C	VII	-	2346	2346	594.0	577.0	992.9	4.0	182.0	250.0	250	243.0	109.0	114.0	114	104.0	1.0	1.0	68.0	5.0	DRS too short	both too long
YGR251W	VII	+	591	591	85.0	148.0	519.0	8.0	48.0	44.0	48	28.0	527.0	541.0	541	243.0	0.0	1.0		14.0		both too long
YGR252W	VII	+	1320	1320	350.0	71.0	684.6	62.0	37.0	60.0	60	48.0	206.0	207.0	207	199.0	1.0	1.0	23.0	1.0	DRS too short	both too long
YGR253C	VII	-	783	783	345.0	493.0	606.9	436.0	66.0	59.0	66	60.0	67.0	834.0	834	57.0	0.0	1.0		767.0		both too long
YGR254W	VII	+	1314	1314	3843.0	5672.0	900.9	9849.0	51.0	36.0	51	37.0	152.0	274.0	274	148.0	0.0	1.0		122.0		both too long
YGR255C	VII	-	1440	1440	1945.0	115.0	463.1	24.0	87.0	92.0	92	93.0	58.0	239.0	239	51.0	1.0	1.0	5.0	181.0	both too short	both too long
YGR256W	VII	+	1479	1479	74.0	24.0	529.8	33.0	40.0	6.0	40	56.0	114.0	111.0	114	112.0	0.0	0.0				
YGR257C	VII	-	1101	1101	124.0	145.0	693.2	21.0	103.0	117.0	117	110.0	55.0	100.0	100	77.0	1.0	1.0	14.0	45.0	DRS too short	DRS too short
YGR258C	VII	-	3096	3096	71.0	94.0	849.3	5.0	884.0	28.0	884	11.0	49.0	60.0	60	55.0	0.0	1.0		11.0		DRS too short
YGR259C	VII	-	441	441	14.0	9.0	431.7	3.0		344.0	344	328.0		274.0	274	264.0						
YGR260W	VII	+	1605	1605	285.0	323.0	959.4	213.0	185.0	235.0	235	198.0	123.0	124.0	124	125.0	1.0	1.0	50.0	1.0	DRS too short	both too short
YGR261C	VII	-	2430	2430	235.0	164.0	681.7	115.0	30.0	62.0	62	41.0	93.0	120.0	120	89.0	1.0	1.0	32.0	27.0	DRS too short	both too long
YGR262C	VII	-	786	786	49.0	64.0	597.5	211.0	34.0	44.0	44	29.0	95.0	186.0	186	92.0	1.0	1.0	10.0	91.0	both too long	both too long
YGR263C	VII	-	1275	1275	333.0	48.0	485.5	19.0	21.0	71.0	71	8.0	75.0	77.0	77	78.0	1.0	1.0	50.0	2.0	both too long	both too short
YGR264C	VII	-	2256	2256	628.0	895.0	1057.0	254.0	24.0	519.0	519	7.0	126.0	88.0	126	192.0	1.0	0.0	495.0		both too long	
YGR265W	VII	+	411	411	6.0		520.3	0.0			0				0							
YGR266W	VII	+	2106	2106	319.0	92.0	594.3	48.0	45.0	55.0	55	56.0	115.0	150.0	150	115.0	1.0	1.0	10.0	35.0	both too short	both too long
YGR267C	VII	-	732	732	445.0	706.0	670.0	132.0	922.0	871.0	922	175.0	89.0	238.0	238	88.0	0.0	1.0		149.0		both too long
YGR268C	VII	-	597	597	69.0	27.0	760.2	68.0	369.0	37.0	369	15.0	179.0	283.0	283	1141.0	0.0	1.0		104.0		both too short
YGR269W	VII	+	327	327	21.0	27.0	620.6	0.0	840.0		840	350.0	61.0		61	309.0						
YGR270C-A	VII	-	219	219				0.0			0				0							
YGR270W	VII	+	4140	4140	72.0	124.0	766.4	1.0	457.0		457	87.0	90.0		90	105.0						
YGR271C-A	VII	-	702	702	199.0	337.0	626.2	108.0	40.0	137.0	137	9.0	95.0	123.0	123	76.0	1.0	1.0	97.0	28.0	both too long	both too long
YGR271W	VII	+	5904	5904	256.0	127.0	666.7	0.0	24.0		24		132.0		132							
YGR273C	VII	-	525	525	85.0		624.6	1.0			0	94.0			0	210.0						
YGR274C	VII	-	3201	3201	96.0	73.0	639.2	9.0	46.0	7.0	46	16.0	89.0	84.0	89	85.0	0.0	0.0				
YGR275W	VII	+	474	474	90.0	119.0	536.0	0.0	15.0		15		17.0		17							
YGR276C	VII	-	1662	1662	135.0	132.0	890.9	0.0	10.0		10		14.0		14							
YGR277C	VII	-	918	918	41.0	55.0	806.3	15.0	26.0	12.0	26	13.0	58.0	166.0	166	91.0	0.0	1.0		108.0		DRS too short
YGR278W	VII	+	1734	1734	351.0	30.0	503.5	153.0	8.0	9.0	9	10.0	104.0	160.0	160	70.0	1.0	1.0	1.0	56.0	both too short	both too long
YGR279C	VII	-	1161	1161	574.0	877.0	817.7	222.0	105.0	102.0	105	95.0	143.0	461.0	461	319.0	0.0	1.0		318.0		DRS too short
YGR280C	VII	-	816	816	62.0	77.0	394.7	292.0	20.0	38.0	38	28.0	222.0	300.0	300	221.0	1.0	1.0	18.0	78.0	DRS too short	both too long
YGR281W	VII	+	4434	4434	925.0	266.0	522.5	2.0	219.0		219	226.0	188.0		188	155.0						
YGR282C	VII	-	942	942	2009.0	2582.0	821.6	1334.0	48.0	23.0	48	28.0	197.0	540.0	540	201.0	0.0	1.0		343.0		DRS too short
YGR283C	VII	-	1026	1026	267.0	232.0	499.0	7.0	31.0	48.0	48	46.0	104.0	141.0	141	104.0	1.0	1.0	17.0	37.0	DRS too short	both too long
YGR284C	VII	-	933	933	811.0	696.0	772.1	241.0	66.0	50.0	66	40.0	186.0	233.0	233	185.0	0.0	1.0		47.0		both too long
YGR285C	VII	-	1302	1302	406.0	599.0	669.8	720.0	18.0	31.0	31	13.0	65.0	173.0	173	71.0	1.0	1.0	13.0	108.0	both too long	DRS too short
YGR286C	VII	-	1128	1128	205.0	235.0	808.5	18.0	103.0	273.0	273	119.0	135.0	159.0	159	160.0	1.0	1.0	170.0	24.0	DRS too short	both too short
YGR287C	VII	-	1770	1770	52.0	31.0	623.4	6.0	296.0	28.0	296	135.0	110.0	181.0	181	218.0	0.0	1.0		71.0		both too short
YGR288W	VII	+	1422	1422	55.0	51.0	593.2	13.0	56.0	87.0	87	26.0	378.0	589.0	589	489.0	1.0	1.0	31.0	211.0	both too long	DRS too short
YGR289C	VII	-	1851	1851	33.0	35.0	711.3	6.0	310.0		310	331.0	158.0		158	128.0						
YGR290W	VII	+	444	444				0.0			0	492.0			0	143.0						
YGR291C	VII	-	222	222				0.0			0				0							
YGR292W	VII	+	1755	1755	34.0	20.0	501.7	92.0	116.0		116	28.0	121.0		121	129.0						
YGR293C	VII	-	462	462	22.0		363.5	1.0			0	609.0			0	330.0						
YGR294W	VII	+	363	363	29.0		285.6	1.0			0	327.0			0	129.0						
YGR295C	VII	-	1146	1146	303.0	238.0	561.1	1.0	11.0		11	7.0	70.0		70	656.0						
YGR296C-A	VII	-	576	576				0.0			0				0							
YGR296C-B	VII	-	483	483	15.0		567.1	0.0	143.0		143		742.0		742							
YGR296W	VII	+	5728	5580	36.0	44.0	645.1	0.0	835.0		835		720.0		720							
YHL001W	VIII	+	815	417	2012.0	2027.0	488.8	11979.0	0.0	20.0	20	21.0	120.0	286.0	286	128.0	1.0	1.0	20.0	166.0	both too short	DRS too short
YHL002C-A	VIII	-	489	489	135.0	336.0	448.8	1.0	990.0	15.0	990	16.0	8.0	242.0	242	243.0	0.0	1.0		234.0		both too short
YHL002W	VIII	+	1359	1359	171.0	51.0	420.8	39.0	19.0	46.0	46	19.0	56.0	93.0	93	50.0	1.0	1.0	27.0	37.0	both too long	both too long
YHL003C	VIII	-	1236	1236	391.0	427.0	836.4	281.0	159.0	177.0	177	134.0	127.0	256.0	256	246.0	1.0	1.0	18.0	129.0	both too long	DRS too short
YHL004W	VIII	+	1185	1185	197.0	74.0	588.9	129.0	74.0	79.0	79	88.0	105.0	178.0	178	101.0	1.0	1.0	5.0	73.0	both too short	both too long
YHL005C	VIII	-	393	393	11.0		470.9	2.0			0	2216.0			0	7.0						
YHL006C	VIII	-	453	453	8.0	40.0	519.9	309.0		66.0	66	63.0		399.0	399	310.0						
YHL006W-A	VIII	+	354	354	13.0	5.0	449.2	5.0	461.0	495.0	495	465.0	180.0	43.0	180	52.0	1.0	0.0	34.0		DRS too short	
YHL007C	VIII	-	2820	2820	69.0	80.0	836.5	34.0	92.0	143.0	143	137.0	154.0	140.0	154	141.0	1.0	0.0	51.0		DRS too short	
YHL008C	VIII	-	1884	1884	55.0	25.0	390.5	43.0	156.0	167.0	167	168.0	174.0	174.0	174	172.0	1.0	0.0	11.0		both too short	
YHL009C	VIII	-	993	993	40.0	47.0	655.4	13.0	122.0	123.0	123	124.0	249.0	352.0	352	353.0	1.0	1.0	1.0	103.0	both too short	both too short
YHL010C	VIII	-	1758	1758	32.0	19.0	582.8	3.0	50.0		50	0.0	75.0		75	83.0						
YHL011C	VIII	-	963	963	472.0	524.0	805.8	583.0	112.0	99.0	112	100.0	138.0	273.0	273	221.0	0.0	1.0		135.0		DRS too short
YHL012W	VIII	+	1482	1482	273.0	219.0	513.9	1.0	178.0		178	7.0	703.0		703	193.0						
YHL013C	VIII	-	924	924	82.0	130.0	656.4	22.0	26.0	39.0	39	35.0	109.0	130.0	130	113.0	1.0	1.0	13.0	21.0	DRS too short	DRS too short
YHL014C	VIII	-	1218	1218	11846.0	66.0	586.1	33.0	95.0	30.0	95	21.0	85.0	59.0	85	60.0	0.0	0.0				
YHL015W	VIII	+	366	366	10339.0	22109.0	582.7	2.0	43.0	18.0	43	38.0	295.0	277.0	295	57.0	0.0	0.0				
YHL015W-A	VIII	+	84	84	66.0		506.2	1.0			0	2089.0			0	372.0						
YHL016C	VIII	-	2208	2208	56.0	59.0	553.9	5.0	573.0	304.0	573	38.0	80.0	81.0	81	114.0	0.0	1.0		1.0		both too short
YHL017W	VIII	+	1599	1599	54.0	67.0	905.5	21.0	572.0	111.0	572	22.0	38.0	107.0	107	135.0	0.0	1.0		69.0		both too short
YHL018W	VIII	+	363	363				11.0		30.0	30	14.0		116.0	116	1836.0						
YHL019C	VIII	-	1818	1818	15.0	19.0	793.3	41.0	24.0	35.0	35	34.0	92.0	87.0	92	88.0	1.0	0.0	11.0		DRS too short	
YHL019W-A	VIII	+	594	594	12.0	15.0	837.9	0.0	86.0		86		916.0		916							
YHL020C	VIII	-	1215	1215	51.0	55.0	681.5	162.0	73.0	88.0	88	84.0	111.0	125.0	125	126.0	1.0	1.0	15.0	14.0	DRS too short	both too short
YHL021C	VIII	-	1398	1398	258.0	331.0	942.0	28.0	49.0	77.0	77	60.0	84.0	130.0	130	84.0	1.0	1.0	28.0	46.0	DRS too short	both too long
YHL022C	VIII	-	1197	1197	111.0	31.0	489.2	1.0			0	110.0			0	94.0						
YHL023C	VIII	-	3441	3441	82.0	81.0	523.5	4.0	23.0	31.0	31	32.0	27.0	108.0	108	109.0	1.0	1.0	8.0	81.0	both too short	both too short
YHL024W	VIII	+	2142	2142	80.0	52.0	436.8	1.0	139.0		139	172.0	300.0		300	264.0						
YHL025W	VIII	+	999	999	100.0	111.0	620.4	60.0	195.0	201.0	201	58.0	104.0	102.0	104	103.0	1.0	0.0	6.0		both too long	
YHL026C	VIII	-	948	948	89.0	13.0	408.0	15.0	182.0	104.0	182	12.0	108.0	121.0	121	102.0	0.0	1.0		13.0		both too long
YHL027W	VIII	+	1878	1878	84.0	159.0	699.3	29.0	84.0	141.0	141	95.0	212.0	206.0	212	207.0	1.0	0.0	57.0		DRS too short	
YHL028W	VIII	+	1818	1818	13.0	13.0	546.3	55.0	49.0	85.0	85	69.0	78.0	79.0	79	80.0	1.0	1.0	36.0	1.0	DRS too short	both too short
YHL029C	VIII	-	2040	2040	138.0	121.0	836.1	139.0	22.0	19.0	22	26.0	103.0	104.0	104	66.0	0.0	1.0		1.0		both too long
YHL030W	VIII	+	5607	5607	169.0	183.0	878.3	0.0	29.0		29		115.0		115							
YHL030W-A	VIII	+	462	462	41.0	80.0	486.5	1.0	328.0		328	278.0	3.0		3	368.0						
YHL031C	VIII	-	672	672	54.0	54.0	496.6	438.0	36.0	299.0	299	25.0	61.0	59.0	61	60.0	1.0	0.0	263.0		both too long	
YHL032C	VIII	-	2130	2130	74.0	52.0	639.3	137.0	66.0	111.0	111	40.0	55.0	56.0	56	61.0	1.0	1.0	45.0	1.0	both too long	both too short
YHL033C	VIII	-	771	771	2031.0	2097.0	638.2	1241.0	24.0	11.0	24	20.0	66.0	747.0	747	491.0	0.0	1.0		681.0		DRS too short
YHL034C	VIII	-	885	885	272.0	249.0	429.3	473.0	119.0	193.0	193	119.0	155.0	151.0	155	152.0	1.0	0.0	74.0		both too long	
YHL034W-A	VIII	+	462	462	206.0	277.0	535.4	0.0	158.0		158		546.0		546							
YHL035C	VIII	-	4779	4779	197.0	58.0	518.6	0.0	51.0		51		116.0		116							
YHL036W	VIII	+	1641	1641	39.0	45.0	604.8	18.0	90.0	64.0	90	30.0	68.0	66.0	68	67.0	0.0	0.0				
YHL037C	VIII	-	402	402	5.0		430.2	2.0		326.0	326	327.0		10.0	10	11.0						
YHL038C	VIII	-	1893	1893	137.0	89.0	582.4	157.0	52.0	34.0	52	35.0	118.0	145.0	145	141.0	0.0	1.0		27.0		DRS too short
YHL039W	VIII	+	1758	1758	185.0	233.0	709.0	606.0	57.0	66.0	66	52.0	61.0	67.0	67	68.0	1.0	1.0	9.0	6.0	both too long	both too short
YHL040C	VIII	-	1884	1884	35.0	34.0	555.7	7.0	175.0		175	38.0	252.0		252	252.0						
YHL041W	VIII	+	450	450	12.0		369.2	1.0			0	1317.0			0	962.0						
YHL042W	VIII	+	453	453	29.0	24.0	558.6	3.0		238.0	238	373.0		120.0	120	96.0						
YHL043W	VIII	+	513	513	36.0	36.0	564.6	1.0	403.0	8.0	403	6.0	408.0	440.0	440	1024.0	0.0	1.0		32.0		both too short
YHL044W	VIII	+	708	708	22.0	22.0	620.5	6.0	21.0	32.0	32	33.0	173.0	296.0	296	283.0	1.0	1.0	11.0	123.0	both too short	DRS too short
YHL045W	VIII	+	348	348				2.0			0	406.0			0	33.0						
YHL046C	VIII	-	363	363	105.0		342.4	5.0			0	1006.0			0	131.0						
YHL046W-A	VIII	+	327	327				0.0			0				0							
YHL047C	VIII	-	1863	1863	42.0	29.0	686.9	9.0	666.0	275.0	666	28.0	153.0	149.0	153	160.0	0.0	0.0				
YHL048C-A	VIII	-	135	135	5.0		433.2	1.0			0	1851.0			0	315.0						
YHL048W	VIII	+	1146	1146	156.0	161.0	756.2	2.0	11.0	6.0	11	11.0	95.0	103.0	103	80.0	0.0	1.0		8.0		both too long
YHL049C	VIII	-	816	816				0.0			0				0							
YHL050C	VIII	-	2867	2094	28.0	42.0	577.1	0.0	0.0		0		624.0		624							
YHL050W-A	VIII	+	483	483	29.0		511.7	0.0	53.0		53		616.0		616							
YHR001W	VIII	+	1314	1314	310.0	139.0	531.2	141.0	44.0	91.0	91	23.0	74.0	242.0	242	229.0	1.0	1.0	47.0	168.0	both too long	DRS too short
YHR001W-A	VIII	+	297	234	284.0	572.0	471.4	281.0	79.0	63.0	79	66.0	207.0	397.0	397	239.0	0.0	1.0		190.0		DRS too short
YHR002W	VIII	+	1074	1074	258.0	22.0	481.7	24.0	163.0	147.0	163	148.0	132.0	137.0	137	138.0	0.0	1.0		5.0		both too short
YHR003C	VIII	-	1290	1290	195.0	252.0	698.7	39.0	55.0	10.0	55	19.0	88.0	1049.0	1049	151.0	0.0	1.0		961.0		DRS too short
YHR004C	VIII	-	1341	1341	147.0	114.0	713.0	1.0	112.0		112	121.0	197.0		197	262.0						
YHR005C	VIII	-	1419	1419	802.0	178.0	487.5	31.0	85.0	125.0	125	44.0	94.0	94.0	94	101.0	1.0	0.0	40.0		both too long	
YHR005C-A	VIII	-	282	282	1781.0	2446.0	464.3	5986.0		39.0	39	34.0		570.0	570	141.0						
YHR006W	VIII	+	1626	1626	641.0	205.0	446.3	142.0	30.0	49.0	49	46.0	105.0	135.0	135	127.0	1.0	1.0	19.0	30.0	DRS too short	DRS too short
YHR007C	VIII	-	1593	1593	1317.0	1737.0	956.8	5935.0	131.0	225.0	225	142.0	14.0	269.0	269	282.0	1.0	1.0	94.0	255.0	DRS too short	both too short
YHR007C-A	VIII	-	216	216	156.0	169.0	644.3	6.0	918.0	256.0	918	910.0	645.0	658.0	658	653.0	0.0	1.0		13.0		DRS too short
YHR008C	VIII	-	702	702	195.0	131.0	614.7	223.0	93.0	132.0	132	34.0	157.0	187.0	187	163.0	1.0	1.0	39.0	30.0	both too long	DRS too short
YHR009C	VIII	-	1572	1572	113.0	159.0	832.6	70.0	157.0	234.0	234	235.0	133.0	154.0	154	93.0	1.0	1.0	77.0	21.0	both too short	both too long
YHR010W	VIII	+	972	411	9108.0	18237.0	522.9	15910.0	0.0	9.0	9	32.0	124.0	377.0	377	121.0	1.0	1.0	9.0	253.0	both too short	both too long
YHR011W	VIII	+	1341	1341	9140.0	29.0	519.5	52.0	87.0	4.0	87	16.0	62.0	229.0	229	62.0	0.0	1.0		167.0		both too long
YHR012W	VIII	+	968	849	238.0	192.0	647.6	136.0	0.0	20.0	20	21.0	257.0	358.0	358	171.0	1.0	1.0	20.0	101.0	both too short	both too long
YHR013C	VIII	-	717	717	223.0	263.0	555.7	293.0	48.0	36.0	48	27.0	101.0	411.0	411	96.0	0.0	1.0		310.0		both too long
YHR014W	VIII	+	876	876	27.0		406.7	1.0			0	398.0			0	45.0						
YHR015W	VIII	+	1980	1980	86.0	28.0	530.6	0.0	34.0		34		100.0		100							
YHR016C	VIII	-	1575	1407	60.0	84.0	568.5	71.0	0.0	34.0	34	35.0	139.0	196.0	196	138.0	1.0	1.0	34.0	57.0	both too short	both too long
YHR017W	VIII	+	1158	1158	564.0	88.0	508.7	20.0	13.0	25.0	25	8.0	93.0	109.0	109	77.0	1.0	1.0	12.0	16.0	both too long	both too long
YHR018C	VIII	-	1392	1392	1147.0	1354.0	682.6	584.0	46.0	48.0	48	55.0	157.0	568.0	568	152.0	1.0	1.0	2.0	411.0	both too short	both too long
YHR019C	VIII	-	1665	1665	674.0	948.0	958.0	2854.0	55.0	41.0	55	42.0	105.0	163.0	163	103.0	0.0	1.0		58.0		both too long
YHR020W	VIII	+	2067	2067	1066.0	1017.0	830.0	510.0	131.0	135.0	135	136.0	87.0	110.0	110	84.0	1.0	1.0	4.0	23.0	both too short	both too long
YHR021C	VIII	-	799	249	14766.0	14760.0	382.6	440.0	0.0	274.0	274	69.0	85.0	77.0	85	93.0	1.0	0.0	274.0		DRS too short	
YHR021W-A	VIII	+	456	456	8.0		712.9	0.0			0	1.0			0	12.0						
YHR022C	VIII	-	771	771	16.0	20.0	596.1	3.0		809.0	809	61.0		406.0	406	363.0						
YHR022C-A	VIII	-	90	90	16.0	25.0	510.0	2.0		11.0	11	34.0		794.0	794	724.0						
YHR023W	VIII	+	5787	5787	137.0	112.0	606.7	0.0	12.0		12		107.0		107							
YHR024C	VIII	-	1449	1449	106.0	122.0	572.4	153.0	16.0	79.0	79	38.0	227.0	297.0	297	223.0	1.0	1.0	63.0	70.0	DRS too short	both too long
YHR025W	VIII	+	1074	1074	458.0	608.0	821.6	239.0	34.0	44.0	44	36.0	81.0	202.0	202	86.0	1.0	1.0	10.0	121.0	DRS too short	DRS too short
YHR026W	VIII	+	642	642	560.0	464.0	526.3	1137.0	126.0	146.0	146	115.0	150.0	229.0	229	210.0	1.0	1.0	20.0	79.0	both too long	DRS too short
YHR027C	VIII	-	2982	2982	634.0	480.0	709.3	5.0	41.0	56.0	56	57.0	132.0	145.0	145	146.0	1.0	1.0	15.0	13.0	both too short	both too short
YHR028C	VIII	-	2457	2457	278.0	311.0	855.3	37.0	43.0	126.0	126	17.0	103.0	101.0	103	104.0	1.0	0.0	83.0		both too long	
YHR028W-A	VIII	+	321	321	157.0	107.0	780.9	1.0	0.0	184.0	184	188.0	421.0	24.0	421	21.0	1.0	0.0	184.0		both too short	
YHR029C	VIII	-	885	885	232.0	270.0	599.1	82.0	128.0	48.0	128	13.0	30.0	81.0	81	82.0	0.0	1.0		51.0		both too short
YHR030C	VIII	-	1455	1455	299.0	358.0	920.6	14.0	160.0	155.0	160	204.0	94.0	294.0	294	141.0	0.0	1.0		200.0		DRS too short
YHR031C	VIII	-	2172	2172	35.0	57.0	644.2	71.0	29.0	40.0	40	41.0	116.0	208.0	208	111.0	1.0	1.0	11.0	92.0	both too short	both too long
YHR032C-A	VIII	-	120	120	31.0		572.4	0.0			0				0							
YHR032W	VIII	+	1746	1746	47.0	56.0	1047.9	51.0	93.0		93	127.0	404.0		404	397.0						
YHR032W-A	VIII	+	180	180	30.0	63.0	479.1	51.0		1725.0	1725	1978.0		127.0	127	112.0						
YHR033W	VIII	+	1272	1272	43.0	21.0	561.3	1512.0	321.0		321	15.0	143.0		143	272.0						
YHR034C	VIII	-	1035	1035	19.0	27.0	588.7	31.0	29.0	40.0	40	34.0	19.0	97.0	97	19.0	1.0	1.0	11.0	78.0	DRS too short	both too long
YHR035W	VIII	+	1893	1893	29.0	35.0	885.0	3.0	35.0		35	49.0	202.0		202	87.0						
YHR036W	VIII	+	1416	1416	37.0	46.0	650.5	16.0	122.0	127.0	127	136.0	225.0	325.0	325	224.0	1.0	1.0	5.0	100.0	both too short	both too long
YHR037W	VIII	+	1728	1728	126.0	194.0	855.1	562.0	35.0	63.0	63	56.0	163.0	168.0	168	169.0	1.0	1.0	28.0	5.0	DRS too short	both too short
YHR038W	VIII	+	693	693	354.0	70.0	500.1	17.0	26.0	54.0	54	37.0	92.0	99.0	99	104.0	1.0	1.0	28.0	7.0	DRS too short	both too short
YHR039C	VIII	-	1935	1935	771.0	534.0	595.0	52.0	111.0	122.0	122	110.0	98.0	136.0	136	109.0	1.0	1.0	11.0	38.0	both too long	DRS too short
YHR039C-A	VIII	-	507	345	440.0	1348.0	397.8	309.0	0.0	65.0	65	21.0	79.0	112.0	112	113.0	1.0	1.0	65.0	33.0	DRS too short	both too short
YHR040W	VIII	+	1101	1101	509.0	14.0	408.6	113.0	18.0	40.0	40	16.0	86.0	102.0	102	73.0	1.0	1.0	22.0	16.0	both too long	both too long
YHR041C	VIII	-	734	633	33.0	65.0	583.0	20.0	262.0	10.0	262	11.0	14.0	285.0	285	98.0	0.0	1.0		271.0		DRS too short
YHR042W	VIII	+	2076	2076	374.0	561.0	803.2	2381.0	39.0	77.0	77	40.0	126.0	222.0	222	76.0	1.0	1.0	38.0	96.0	DRS too short	both too long
YHR043C	VIII	-	741	741	322.0	116.0	501.2	126.0	11.0	101.0	101	102.0	78.0	135.0	135	87.0	1.0	1.0	90.0	57.0	both too short	DRS too short
YHR044C	VIII	-	741	741	35.0	49.0	693.6	29.0	243.0	222.0	243	21.0	79.0	249.0	249	78.0	0.0	1.0		170.0		both too long
YHR045W	VIII	+	1683	1683	116.0	113.0	1025.4	10.0	126.0	129.0	129	130.0	62.0	134.0	134	90.0	1.0	1.0	3.0	72.0	both too short	DRS too short
YHR046C	VIII	-	888	888	202.0	97.0	529.9	14.0	85.0	112.0	112	31.0	129.0	247.0	247	166.0	1.0	1.0	27.0	118.0	both too long	DRS too short
YHR047C	VIII	-	2571	2571	295.0	345.0	858.1	254.0	17.0	68.0	68	28.0	149.0	250.0	250	148.0	1.0	1.0	51.0	101.0	DRS too short	both too long
YHR048W	VIII	+	1545	1545	67.0	44.0	607.3	10.0	189.0	95.0	189	48.0	765.0	319.0	765	320.0	0.0	0.0				
YHR049C-A	VIII	-	297	297	305.0	171.0	685.9	1.0	0.0		0	577.0	647.0		647	27.0						
YHR049W	VIII	+	732	732	287.0	532.0	662.1	937.0	60.0	34.0	60	42.0	134.0	281.0	281	130.0	0.0	1.0		147.0		both too long
YHR050W	VIII	+	1650	1650	356.0	93.0	648.5	110.0	187.0	182.0	187	164.0	59.0	229.0	229	67.0	0.0	1.0		170.0		DRS too short
YHR050W-A	VIII	+	171	171	374.0	219.0	672.2	4.0	73.0	578.0	578	579.0	624.0	72.0	624	73.0	1.0	0.0	505.0		both too short	
YHR051W	VIII	+	447	447	427.0	856.0	692.9	140.0	149.0	194.0	194	160.0	118.0	453.0	453	275.0	1.0	1.0	45.0	335.0	DRS too short	DRS too short
YHR052C-B	VIII	-	174	174	5794.0		426.1	0.0			0				0							
YHR052W	VIII	+	1131	1131	6680.0	646.0	462.0	51.0	34.0	47.0	47	38.0	136.0	144.0	144	134.0	1.0	1.0	13.0	8.0	DRS too short	both too long
YHR052W-A	VIII	+	195	195	6454.0		428.0	0.0			0				0							
YHR053C	VIII	-	186	186	5875.0	58549.0	425.3	0.0	116.0		116		175.0		175							
YHR054C	VIII	-	1065	1065	11709.0	375.0	434.6	0.0	19.0		19		139.0		139							
YHR054C-B	VIII	-	174	174	5856.0		428.0	0.0			0				0							
YHR054W-A	VIII	+	195	195	6182.0		428.0	0.0			0				0							
YHR055C	VIII	-	186	186	5806.0		428.1	0.0			0				0							
YHR056C	VIII	-	2652	2652	5813.0	387.0	445.3	0.0	40.0		40		139.0		139							
YHR056W-A	VIII	+	435	435	38.0	21.0	460.5	2.0		206.0	206	180.0		402.0	402	387.0						
YHR057C	VIII	-	618	618	50.0	114.0	518.8	215.0	372.0	872.0	872	16.0	71.0	71.0	71	74.0	1.0	0.0	500.0		both too long	
YHR058C	VIII	-	888	888	88.0	21.0	552.9	22.0	32.0	43.0	43	44.0	59.0	74.0	74	845.0	1.0	1.0	11.0	15.0	both too short	both too short
YHR059W	VIII	+	393	393	90.0	86.0	515.8	336.0	60.0	306.0	306	52.0	100.0	100.0	100	101.0	1.0	0.0	246.0		both too long	
YHR060W	VIII	+	546	546	110.0	222.0	478.1	7.0	5.0	29.0	29	9.0	69.0	111.0	111	65.0	1.0	1.0	24.0	42.0	DRS too short	both too long
YHR061C	VIII	-	945	945	131.0	37.0	539.9	10.0	402.0	161.0	402	26.0	237.0	272.0	272	275.0	0.0	1.0		35.0		both too short
YHR062C	VIII	-	882	882	201.0	87.0	576.8	28.0	99.0	126.0	126	27.0	82.0	80.0	82	83.0	1.0	0.0	27.0		both too long	
YHR063C	VIII	-	1140	1140	751.0	574.0	745.6	73.0	60.0	80.0	80	30.0	85.0	127.0	127	77.0	1.0	1.0	20.0	42.0	both too long	both too long
YHR063W-A	VIII	+	336	336	452.0	21.0	583.7	0.0			0				0							
YHR064C	VIII	-	1617	1617	787.0	1502.0	1055.4	920.0	34.0	51.0	51	42.0	103.0	182.0	182	96.0	1.0	1.0	17.0	79.0	DRS too short	both too long
YHR065C	VIII	-	1506	1506	53.0	72.0	869.1	408.0	31.0	65.0	65	43.0	114.0	127.0	127	110.0	1.0	1.0	34.0	13.0	DRS too short	both too long
YHR066W	VIII	+	1362	1362	28.0	29.0	751.4	84.0	41.0	53.0	53	23.0	117.0	172.0	172	131.0	1.0	1.0	12.0	55.0	both too long	DRS too short
YHR067W	VIII	+	843	843	55.0	75.0	706.9	65.0	96.0	1240.0	1240	33.0	334.0	335.0	335	336.0	1.0	1.0	1144.0	1.0	both too long	both too short
YHR068W	VIII	+	1164	1164	489.0	552.0	885.2	1271.0	79.0	78.0	79	56.0	147.0	300.0	300	141.0	0.0	1.0		153.0		both too long
YHR069C	VIII	-	1080	1080	282.0	199.0	615.6	57.0	104.0	13.0	104	14.0	146.0	243.0	243	143.0	0.0	1.0		97.0		both too long
YHR069C-A	VIII	-	363	363				5.0		803.0	803	796.0		194.0	194	1438.0						
YHR070C-A	VIII	-	411	411	48.0	29.0	549.3	0.0	275.0		275		154.0		154							
YHR070W	VIII	+	1500	1500	63.0	112.0	638.2	112.0	6.0	61.0	61	18.0	353.0	546.0	546	348.0	1.0	1.0	55.0	193.0	DRS too short	both too long
YHR071C-A	VIII	-	321	321	19.0	19.0	420.9	2.0		14.0	14	15.0		567.0	567	64.0						
YHR071W	VIII	+	690	690	404.0	364.0	659.7	1.0	30.0		30	1753.0	51.0		51	112.0						
YHR072W	VIII	+	2196	2196	1321.0	303.0	442.7	45.0	71.0	65.0	71	66.0	104.0	113.0	113	114.0	0.0	1.0		9.0		both too short
YHR072W-A	VIII	+	177	177	1245.0	3493.0	376.7	73.0	64.0	40.0	64	35.0	160.0	316.0	316	158.0	0.0	1.0		156.0		both too long
YHR073C-B	VIII	-	81	81	46.0	20.0	604.0	3.0		437.0	437	438.0		8.0	8	9.0						
YHR073W	VIII	+	2991	2991	1270.0	104.0	401.2	4.0	86.0		86	78.0	150.0		150	156.0						
YHR073W-A	VIII	+	177	177	20.0		252.2	4.0			0	364.0			0	2684.0						
YHR074W	VIII	+	2145	2145	221.0	275.0	896.6	415.0	22.0	234.0	234	66.0	113.0	112.0	113	152.0	1.0	0.0	212.0		DRS too short	
YHR075C	VIII	-	1203	1203	121.0	40.0	481.8	11.0	159.0	58.0	159	52.0	70.0	65.0	70	66.0	0.0	0.0				
YHR076W	VIII	+	1125	1032	189.0	185.0	624.5	335.0	290.0	568.0	568	45.0	133.0	138.0	138	139.0	1.0	1.0	278.0	5.0	both too long	both too short
YHR077C	VIII	-	3383	3270	132.0	126.0	478.0	3.0	0.0	60.0	60	56.0	116.0	129.0	129	90.0	1.0	1.0	60.0	13.0	DRS too short	both too long
YHR078W	VIII	+	1659	1659	103.0	99.0	664.2	34.0	84.0	248.0	248	28.0	73.0	132.0	132	108.0	1.0	1.0	164.0	59.0	both too long	DRS too short
YHR079C	VIII	-	3348	3348	80.0	77.0	801.9	4.0	213.0	255.0	255	256.0	219.0	222.0	222	223.0	1.0	1.0	42.0	3.0	both too short	both too short
YHR079C-A	VIII	-	362	276	26.0		422.7	0.0			0	11.0			0	184.0						
YHR080C	VIII	-	4038	4038	49.0	66.0	819.2	1.0	190.0		190	223.0	59.0		59	49.0						
YHR081W	VIII	+	555	555	213.0	163.0	475.7	359.0	287.0	287.0	287	20.0	125.0	122.0	125	123.0	0.0	0.0				
YHR082C	VIII	-	3090	3090	329.0	391.0	845.6	6.0	375.0	863.0	863	846.0	254.0	214.0	254	215.0	1.0	0.0	488.0		DRS too short	
YHR083W	VIII	+	990	990	103.0	116.0	688.7	81.0	8.0	20.0	20	21.0	88.0	240.0	240	85.0	1.0	1.0	12.0	152.0	both too short	both too long
YHR084W	VIII	+	2067	2067	110.0	123.0	621.9	19.0	291.0	314.0	314	320.0	308.0	329.0	329	304.0	1.0	1.0	23.0	21.0	both too short	both too long
YHR085W	VIII	+	1005	1005	103.0	81.0	564.8	11.0	21.0	50.0	50	23.0	39.0	146.0	146	39.0	1.0	1.0	29.0	107.0	DRS too short	both too long
YHR086W	VIII	+	1572	1572	71.0	69.0	832.3	17.0	189.0	231.0	231	225.0	121.0	443.0	443	214.0	1.0	1.0	42.0	322.0	DRS too short	DRS too short
YHR086W-A	VIII	+	162	162	165.0		483.4	0.0			0				0							
YHR087W	VIII	+	336	336	142.0	414.0	469.6	132.0	71.0	349.0	349	75.0	185.0	183.0	185	184.0	1.0	0.0	278.0		DRS too short	
YHR088W	VIII	+	888	888	488.0	189.0	532.9	18.0	32.0	31.0	32	32.0	95.0	200.0	200	93.0	0.0	1.0		105.0		both too long
YHR089C	VIII	-	618	618	371.0	525.0	448.5	2499.0	66.0	56.0	66	32.0	17.0	328.0	328	98.0	0.0	1.0		311.0		DRS too short
YHR090C	VIII	-	849	849	47.0	56.0	678.0	64.0	24.0	194.0	194	36.0	250.0	248.0	250	249.0	1.0	0.0	170.0		DRS too short	
YHR091C	VIII	-	1932	1932	368.0	85.0	466.0	102.0	267.0	40.0	267	27.0	95.0	138.0	138	93.0	0.0	1.0		43.0		both too long
YHR092C	VIII	-	1731	1731	790.0	1113.0	1010.2	47.0	73.0	106.0	106	75.0	60.0	133.0	133	58.0	1.0	1.0	33.0	73.0	DRS too short	both too long
YHR093W	VIII	+	549	549	39.0		469.0	0.0			0				0							
YHR094C	VIII	-	1713	1713	192.0	192.0	655.5	139.0	30.0	630.0	630	32.0	98.0	84.0	98	112.0	1.0	0.0	600.0		DRS too short	
YHR095W	VIII	+	495	495	9.0		390.9	1.0			0	1778.0			0	1085.0						
YHR096C	VIII	-	1779	1779	39.0	26.0	481.5	1.0	201.0		201	164.0	142.0		142	225.0						
YHR097C	VIII	-	1225	1101	245.0	147.0	618.9	3.0	58.0	122.0	122	123.0	94.0	99.0	99	100.0	1.0	1.0	64.0	5.0	both too short	both too short
YHR098C	VIII	-	2790	2790	216.0	312.0	835.8	191.0	69.0	79.0	79	80.0	143.0	158.0	158	142.0	1.0	1.0	10.0	15.0	both too short	both too long
YHR099W	VIII	+	11235	11235	143.0	141.0	804.2	0.0	89.0		89		126.0		126							
YHR100C	VIII	-	558	558	95.0	115.0	494.8	12.0	51.0	55.0	55	46.0	34.0	287.0	287	122.0	1.0	1.0	4.0	253.0	both too long	DRS too short
YHR101C	VIII	-	1095	1008	61.0	45.0	511.2	26.0	21.0	40.0	40	32.0	182.0	300.0	300	301.0	1.0	1.0	19.0	118.0	DRS too short	both too short
YHR102W	VIII	+	3243	3243	49.0	70.0	715.5	5.0	118.0	183.0	183	184.0	79.0	85.0	85	115.0	1.0	1.0	65.0	6.0	both too short	both too short
YHR103W	VIII	+	2559	2559	175.0	215.0	845.1	8.0	103.0	240.0	240	241.0	172.0	195.0	195	170.0	1.0	1.0	137.0	23.0	both too short	both too long
YHR104W	VIII	+	984	984	261.0	259.0	761.1	111.0	90.0	148.0	148	99.0	137.0	186.0	186	187.0	1.0	1.0	58.0	49.0	DRS too short	both too short
YHR105W	VIII	+	645	645	65.0		438.2	11.0		122.0	122	94.0		209.0	209	1337.0						
YHR106W	VIII	+	1029	1029	160.0	94.0	577.4	28.0	941.0	461.0	941	1.0	94.0	117.0	117	121.0	0.0	1.0		23.0		both too short
YHR107C	VIII	-	1224	1224	226.0	292.0	664.6	391.0	50.0	115.0	115	58.0	168.0	162.0	168	163.0	1.0	0.0	65.0		DRS too short	
YHR108W	VIII	+	1758	1758	196.0	285.0	1015.8	293.0	26.0	72.0	72	38.0	116.0	206.0	206	137.0	1.0	1.0	46.0	90.0	DRS too short	DRS too short
YHR109W	VIII	+	1758	1758	161.0	20.0	525.1	68.0	4.0	35.0	35	15.0	79.0	72.0	79	76.0	1.0	0.0	31.0		DRS too short	
YHR110W	VIII	+	639	639	66.0	171.0	545.3	63.0	344.0	62.0	344	29.0	113.0	174.0	174	113.0	0.0	1.0		61.0		both too long
YHR111W	VIII	+	1323	1323	148.0	138.0	636.9	37.0	17.0	12.0	17	4.0	50.0	1668.0	1668	50.0	0.0	1.0		1618.0		both too long
YHR112C	VIII	-	1137	1137	104.0	67.0	695.5	59.0	458.0	499.0	499	32.0	158.0	296.0	296	156.0	1.0	1.0	41.0	138.0	both too long	both too long
YHR113W	VIII	+	1473	1473	149.0	191.0	907.3	395.0	356.0	185.0	356	9.0	88.0	150.0	150	152.0	0.0	1.0		62.0		both too short
YHR114W	VIII	+	1902	1902	132.0	50.0	588.2	0.0	57.0		57		74.0		74							
YHR115C	VIII	-	1251	1251	94.0	126.0	697.8	1.0	170.0		170	575.0	118.0		118	2.0						
YHR116W	VIII	+	456	456	8.0	16.0	460.0	2.0	756.0	903.0	903	758.0	239.0	234.0	239	167.0	1.0	0.0	147.0		DRS too short	
YHR117W	VIII	+	1920	1920	135.0	155.0	763.4	347.0	74.0	31.0	74	32.0	93.0	219.0	219	74.0	0.0	1.0		126.0		both too long
YHR118C	VIII	-	1308	1308	79.0	53.0	627.9	11.0	37.0	102.0	102	28.0	74.0	52.0	74	72.0	1.0	0.0	65.0		both too long	
YHR119W	VIII	+	3243	3243	56.0	86.0	844.6	10.0	224.0		224	235.0	142.0		142	141.0						
YHR120W	VIII	+	2880	2880	241.0	76.0	638.2	4.0	22.0		22	27.0	63.0		63	82.0						
YHR121W	VIII	+	564	564	208.0	492.0	623.2	738.0	68.0	79.0	79	80.0	85.0	216.0	216	84.0	1.0	1.0	11.0	131.0	both too short	both too long
YHR122W	VIII	+	696	696	283.0	200.0	645.7	90.0	47.0	3.0	47	9.0	144.0	524.0	524	145.0	0.0	1.0		380.0		DRS too short
YHR123W	VIII	+	1267	1176	147.0	112.0	664.5	21.0	60.0	87.0	87	15.0	137.0	139.0	139	136.0	1.0	1.0	27.0	2.0	both too long	both too long
YHR124W	VIII	+	1884	1884	110.0	102.0	427.6	0.0	396.0		396		39.0		39							
YHR125W	VIII	+	306	306	23.0		308.8	1.0			0	23.0			0	30.0						
YHR126C	VIII	-	480	480				1.0			0	153.0			0	109.0						
YHR127W	VIII	+	732	732	83.0	109.0	708.9	48.0	125.0	26.0	125	45.0	177.0	448.0	448	221.0	0.0	1.0		271.0		DRS too short
YHR128W	VIII	+	651	651	601.0	1038.0	645.2	205.0	53.0	38.0	53	43.0	221.0	318.0	318	200.0	0.0	1.0		97.0		both too long
YHR129C	VIII	-	1155	1155	512.0	35.0	665.1	31.0	101.0	296.0	296	54.0	98.0	101.0	101	1269.0	1.0	1.0	195.0	3.0	both too long	both too short
YHR130C	VIII	-	336	336	26.0	45.0	418.0	6.0	898.0	1189.0	1189	118.0	123.0	64.0	123	65.0	1.0	0.0	291.0		both too long	
YHR131C	VIII	-	2553	2553	54.0	11.0	424.9	3.0	57.0	82.0	82	242.0	276.0	275.0	276	244.0	1.0	0.0	25.0		both too short	
YHR131W-A	VIII	+	246	246	33.0	22.0	377.0	1.0		262.0	262	263.0		524.0	524	525.0						
YHR132C	VIII	-	1293	1293	290.0	170.0	662.5	261.0	59.0	41.0	59	42.0	80.0	184.0	184	119.0	0.0	1.0		104.0		DRS too short
YHR132W-A	VIII	+	396	396	238.0	417.0	529.1	3.0	43.0	68.0	68	69.0	146.0	159.0	159	160.0	1.0	1.0	25.0	13.0	both too short	both too short
YHR133C	VIII	-	876	876	303.0	277.0	701.6	7.0	416.0	246.0	416	18.0	150.0	19.0	150	24.0	0.0	0.0				
YHR134W	VIII	+	810	810	119.0	130.0	541.3	9.0	78.0		78	1.0	121.0	804.0	804	115.0		1.0		683.0		both too long
YHR135C	VIII	-	1617	1617	529.0	162.0	526.9	178.0	109.0	125.0	125	121.0	106.0	126.0	126	102.0	1.0	1.0	16.0	20.0	DRS too short	both too long
YHR136C	VIII	-	447	447	413.0	775.0	436.4	3.0	77.0	192.0	192	193.0	95.0	93.0	95	94.0	1.0	0.0	115.0		both too short	
YHR137C-A	VIII	-	651	651	209.0	270.0	779.8	1.0	979.0		979	354.0	49.0		49	151.0						
YHR137W	VIII	+	1542	1542	522.0	360.0	579.8	129.0	20.0	310.0	310	30.0	99.0	143.0	143	114.0	1.0	1.0	290.0	44.0	DRS too short	DRS too short
YHR138C	VIII	-	345	345	421.0	740.0	453.1	71.0	62.0	295.0	295	72.0	108.0	103.0	108	106.0	1.0	0.0	233.0		DRS too short	
YHR139C	VIII	-	981	981	234.0	7.0	460.5	2.0			0	11.0			0	294.0						
YHR139C-A	VIII	-	312	312	16.0	7.0	508.9	0.0			0				0							
YHR140W	VIII	+	720	720	1038.0	36.0	322.1	7.0		58.0	58	16.0		235.0	235	88.0						
YHR141C	VIII	-	762	321	9848.0	10862.0	446.6	909.0	0.0	2048.0	2048	23.0	106.0	104.0	106	122.0	1.0	0.0	2048.0		DRS too short	
YHR142W	VIII	+	951	951	276.0	133.0	592.4	558.0	209.0	140.0	209	133.0	84.0	714.0	714	77.0	0.0	1.0		630.0		both too long
YHR143W	VIII	+	978	978	316.0	398.0	807.6	205.0	267.0	277.0	277	268.0	234.0	266.0	266	243.0	1.0	1.0	10.0	32.0	DRS too short	DRS too short
YHR143W-A	VIII	+	213	213	637.0	986.0	433.1	1313.0	47.0	80.0	80	30.0	253.0	365.0	365	266.0	1.0	1.0	33.0	112.0	both too long	DRS too short
YHR144C	VIII	-	939	939	557.0	99.0	504.8	19.0	21.0	5.0	21	32.0	57.0	175.0	175	80.0	0.0	1.0		118.0		DRS too short
YHR145C	VIII	-	357	357	6.0	17.0	597.8	0.0			0				0							
YHR146W	VIII	+	1398	1398	216.0	204.0	690.9	9.0	24.0	38.0	38	34.0	195.0	54.0	195	46.0	1.0	0.0	14.0		DRS too short	
YHR147C	VIII	-	645	645	206.0	216.0	655.7	92.0	250.0	19.0	250	35.0	120.0	244.0	244	115.0	0.0	1.0		124.0		both too long
YHR148W	VIII	+	552	552	189.0	304.0	601.6	69.0	423.0	22.0	423	23.0	347.0	399.0	399	343.0	0.0	1.0		52.0		both too long
YHR149C	VIII	-	2205	2205	218.0	97.0	658.4	18.0	121.0	174.0	174	146.0	104.0	144.0	144	161.0	1.0	1.0	53.0	40.0	DRS too short	both too short
YHR150W	VIII	+	1740	1740	40.0	40.0	717.1	25.0	48.0	59.0	59	62.0	150.0	222.0	222	204.0	1.0	1.0	11.0	72.0	both too short	DRS too short
YHR151C	VIII	-	1581	1581	41.0	39.0	681.9	32.0	155.0	165.0	165	168.0	141.0	253.0	253	137.0	1.0	1.0	10.0	112.0	both too short	both too long
YHR152W	VIII	+	522	522	84.0	120.0	486.9	7.0	82.0	118.0	118	109.0	112.0	115.0	115	120.0	1.0	1.0	36.0	3.0	DRS too short	both too short
YHR153C	VIII	-	597	597	88.0	57.0	473.7	4.0		22.0	22	7.0		532.0	532	92.0						
YHR154W	VIII	+	3213	3213	166.0	163.0	703.6	4.0	38.0	51.0	51	47.0	86.0	81.0	86	82.0	1.0	0.0	13.0		DRS too short	
YHR155W	VIII	+	3687	3687	135.0	53.0	549.1	1.0	86.0		86	94.0	152.0		152	160.0						
YHR156C	VIII	-	1023	1023	191.0	291.0	524.1	12.0	480.0	40.0	480	41.0	29.0	514.0	514	27.0	0.0	1.0		485.0		both too long
YHR157W	VIII	+	549	549	88.0	14.0	490.3	2.0			0	22.0			0	166.0						
YHR158C	VIII	-	3495	3495	54.0	100.0	662.9	0.0	486.0		486		148.0		148							
YHR159W	VIII	+	1515	1515	26.0	40.0	643.3	5.0	56.0	74.0	74	75.0	101.0	1062.0	1062	120.0	1.0	1.0	18.0	961.0	both too short	DRS too short
YHR160C	VIII	-	852	852	69.0	9.0	431.7	1.0	279.0		279	7.0	249.0		249	71.0						
YHR161C	VIII	-	1914	1914	111.0	150.0	814.2	41.0	123.0	241.0	241	171.0	96.0	149.0	149	91.0	1.0	1.0	118.0	53.0	DRS too short	both too long
YHR162W	VIII	+	390	390	1662.0	3239.0	598.2	379.0	177.0	402.0	402	177.0	118.0	113.0	118	114.0	1.0	0.0	225.0		both too long	
YHR163W	VIII	+	750	750	1788.0	345.0	596.1	258.0	17.0	7.0	17	31.0	119.0	418.0	418	138.0	0.0	1.0		299.0		DRS too short
YHR164C	VIII	-	4569	4569	260.0	58.0	584.2	1.0	101.0		101	92.0	143.0		143	114.0						
YHR165C	VIII	-	7242	7242	181.0	232.0	801.9	0.0	98.0		98		99.0		99							
YHR165W-A	VIII	+	312	312				0.0			0				0							
YHR166C	VIII	-	1881	1881	24.0	26.0	631.5	10.0	79.0	101.0	101	68.0	54.0	156.0	156	98.0	1.0	1.0	22.0	102.0	both too long	DRS too short
YHR167W	VIII	+	786	786	49.0	78.0	690.3	10.0	62.0	63.0	63	46.0	96.0	515.0	515	121.0	1.0	1.0	1.0	419.0	both too long	DRS too short
YHR168W	VIII	+	1557	1557	58.0	49.0	585.3	29.0	70.0	105.0	105	25.0	202.0	218.0	218	214.0	1.0	1.0	35.0	16.0	both too long	DRS too short
YHR169W	VIII	+	1296	1296	59.0	62.0	632.4	75.0	53.0	70.0	70	49.0	87.0	223.0	223	86.0	1.0	1.0	17.0	136.0	both too long	both too long
YHR170W	VIII	+	1557	1557	264.0	349.0	912.1	109.0	38.0	17.0	38	42.0	125.0	197.0	197	121.0	0.0	1.0		72.0		both too long
YHR171W	VIII	+	1893	1893	148.0	55.0	524.3	22.0	2.0	17.0	17	9.0	83.0	122.0	122	116.0	1.0	1.0	15.0	39.0	DRS too short	DRS too short
YHR172W	VIII	+	2472	2472	67.0	42.0	491.2	2.0	96.0		96	82.0	332.0		332	431.0						
YHR173C	VIII	-	339	339	121.0	15.0	442.9	0.0	112.0		112	151.0	133.0		133	418.0						
YHR174W	VIII	+	1314	1314	18823.0	22919.0	875.8	36321.0	54.0	29.0	54	30.0	126.0	310.0	310	133.0	0.0	1.0		184.0		DRS too short
YHR175W	VIII	+	570	570	9629.0	6863.0	439.0	50.0	505.0		505	1575.0	254.0	255.0	255	237.0		1.0		1.0		both too long
YHR175W-A	VIII	+	150	150	1232.0	29.0	214.4	6.0	643.0	636.0	643	2261.0	0.0	187.0	187	196.0	0.0	1.0		187.0		both too short
YHR176W	VIII	+	1299	1299	29.0	14.0	444.7	6.0	113.0	78.0	113	79.0	50.0	64.0	64	112.0	0.0	1.0		14.0		both too short
YHR177W	VIII	+	1362	1362	23.0	34.0	991.2	1.0	259.0		259	91.0	629.0		629	1227.0						
YHR178W	VIII	+	2232	2232	65.0	37.0	490.8	5.0	42.0		42	50.0	144.0		144	182.0						
YHR179W	VIII	+	1203	1203	1354.0	1327.0	682.6	707.0	53.0	407.0	407	41.0	105.0	102.0	105	103.0	1.0	0.0	354.0		both too long	
YHR180C-B	VIII	-	105	105	56.0		507.2	2.0			0	9.0			0	665.0						
YHR180W	VIII	+	492	492	82.0	61.0	421.7	0.0	219.0		219		131.0		131							
YHR180W-A	VIII	+	183	183	61.0		583.0	0.0			0				0							
YHR181W	VIII	+	687	687	54.0	213.0	479.8	593.0	40.0	48.0	48	33.0	83.0	165.0	165	79.0	1.0	1.0	8.0	82.0	both too long	both too long
YHR182C-A	VIII	-	474	474	141.0	7.0	1261.1	2.0	374.0	120.0	374	121.0	40.0	86.0	86	87.0	0.0	1.0		46.0		both too short
YHR182W	VIII	+	2358	2358	69.0	26.0	562.0	12.0	13.0	26.0	26	35.0	49.0	55.0	55	52.0	1.0	1.0	13.0	6.0	both too short	DRS too short
YHR183W	VIII	+	1470	1470	821.0	1346.0	944.7	1937.0	72.0	88.0	88	77.0	121.0	165.0	165	135.0	1.0	1.0	16.0	44.0	DRS too short	DRS too short
YHR184W	VIII	+	1716	1716	420.0	44.0	430.3	0.0	127.0		127		145.0		145							
YHR185C	VIII	-	714	714	47.0	8.0	466.3	0.0			0				0							
YHR186C	VIII	-	4674	4674	48.0	59.0	741.3	0.0	150.0		150		114.0		114							
YHR187W	VIII	+	930	930	133.0	88.0	554.0	38.0	23.0	59.0	59	35.0	107.0	91.0	107	110.0	1.0	0.0	36.0		DRS too short	
YHR188C	VIII	-	1833	1833	130.0	175.0	724.5	102.0	36.0	14.0	36	43.0	74.0	165.0	165	70.0	0.0	1.0		91.0		both too long
YHR189W	VIII	+	573	573				8.0			0	7.0			0	1683.0						
YHR190W	VIII	+	1335	1335	449.0	570.0	954.9	137.0	150.0	48.0	150	49.0	100.0	161.0	161	104.0	0.0	1.0		61.0		DRS too short
YHR191C	VIII	-	402	402	300.0	279.0	558.1	72.0	15.0	59.0	59	36.0	542.0	311.0	542	99.0	1.0	0.0	44.0		DRS too short	
YHR192W	VIII	+	837	837	1019.0	50.0	463.9	201.0	34.0	328.0	328	35.0	82.0	79.0	82	77.0	1.0	0.0	294.0		DRS too short	
YHR193C	VIII	-	525	525	1004.0	2560.0	474.3	6895.0	35.0	31.0	35	32.0	62.0	423.0	423	64.0	0.0	1.0		361.0		DRS too short
YHR193C-A	VIII	-	375	375	363.0		555.7	3.0		54.0	54	55.0		260.0	260	261.0						
YHR194W	VIII	+	1740	1740	345.0	33.0	591.0	15.0	38.0	68.0	68	42.0	87.0	88.0	88	92.0	1.0	1.0	30.0	1.0	DRS too short	both too short
YHR195W	VIII	+	966	966	80.0	118.0	664.7	99.0	355.0	173.0	355	32.0	171.0	233.0	233	169.0	0.0	1.0		62.0		both too long
YHR196W	VIII	+	1728	1728	264.0	300.0	992.7	299.0	44.0	61.0	61	54.0	53.0	73.0	73	51.0	1.0	1.0	17.0	20.0	DRS too short	both too long
YHR197W	VIII	+	2292	2292	158.0	55.0	609.2	138.0	12.0	16.0	16	17.0	110.0	142.0	142	105.0	1.0	1.0	4.0	32.0	both too short	both too long
YHR198C	VIII	-	966	966	97.0	93.0	577.1	21.0	2.0		2	0.0	130.0	141.0	141	121.0		1.0		11.0		both too long
YHR199C	VIII	-	933	933	70.0	92.0	724.3	41.0	297.0	176.0	297	14.0	72.0	91.0	91	91.0	0.0	1.0		19.0		both too short
YHR199C-A	VIII	-	289	222	19.0		838.6	19.0	57.0		57	20.0	414.0		414	1172.0						
YHR200W	VIII	+	807	807	227.0	347.0	587.5	1391.0	27.0	23.0	27	24.0	53.0	512.0	512	70.0	0.0	1.0		459.0		DRS too short
YHR201C	VIII	-	1194	1194	303.0	201.0	765.3	148.0	24.0	636.0	636	23.0	67.0	62.0	67	66.0	1.0	0.0	612.0		both too long	
YHR202W	VIII	+	1809	1809	1784.0	22.0	498.5	272.0	21.0	49.0	49	32.0	65.0	61.0	65	62.0	1.0	0.0	28.0		DRS too short	
YHR203C	VIII	-	1055	786	3280.0	5036.0	701.3	1394.0	0.0	74.0	74	39.0	24.0	287.0	287	134.0	1.0	1.0	74.0	263.0	DRS too short	DRS too short
YHR204W	VIII	+	2391	2391	39.0	50.0	872.1	300.0	34.0	46.0	46	47.0	85.0	90.0	90	91.0	1.0	1.0	12.0	5.0	both too short	both too short
YHR205W	VIII	+	2475	2475	58.0	51.0	883.7	17.0	381.0	477.0	477	472.0	125.0	210.0	210	211.0	1.0	1.0	96.0	85.0	DRS too short	both too short
YHR206W	VIII	+	1869	1869	97.0	92.0	784.5	2.0	277.0		277	486.0	192.0		192	52.0						
YHR207C	VIII	-	1581	1581	91.0	74.0	758.9	0.0	30.0		30		45.0		45							
YHR208W	VIII	+	1182	1182	1828.0	2080.0	937.1	33.0	31.0	40.0	40	21.0	162.0	217.0	217	152.0	1.0	1.0	9.0	55.0	both too long	both too long
YHR209W	VIII	+	876	876	495.0	316.0	470.3	39.0	525.0	419.0	525	33.0	94.0	413.0	413	89.0	0.0	1.0		319.0		both too long
YHR210C	VIII	-	1026	1026	139.0	38.0	503.5	32.0	222.0	18.0	222	114.0	138.0	406.0	406	132.0	0.0	1.0		268.0		both too long
YHR211W	VIII	+	3228	3228	122.0	83.0	581.4	0.0	994.0		994		81.0		81							
YHR212C	VIII	-	336	336	9.0	14.0	656.3	0.0	778.0		778		568.0		568							
YHR212W-A	VIII	+	204	204				0.0			0				0							
YHR213W	VIII	+	597	597				0.0			0				0							
YHR213W-A	VIII	+	234	234	6.0	12.0	686.2	0.0	238.0		238		58.0		58							
YHR213W-B	VIII	+	300	300	7.0		717.9	0.0			0				0							
YHR214C-D	VIII	-	294	294	42.0		379.8	0.0			0				0							
YHR214C-E	VIII	-	300	300	12.0	16.0	475.6	0.0			0				0							
YHR214W	VIII	+	612	612				0.0			0				0							
YHR214W-A	VIII	+	486	486	598.0	63.0	653.8	1.0	449.0		449	1006.0	134.0		134	155.0						
YHR215W	VIII	+	1404	1404	1842.0	1874.0	649.5	0.0	300.0		300		50.0		50							
YHR216W	VIII	+	1572	1572	555.0	643.0	851.2	124.0	92.0	105.0	105	106.0	186.0	195.0	195	190.0	1.0	1.0	13.0	9.0	both too short	DRS too short
YHR217C	VIII	-	462	462	147.0		346.0	0.0			0				0							
YHR218W	VIII	+	1911	1812	5.0	6.0	502.8	0.0			0				0							
YHR218W-A	VIII	+	318	318				0.0			0				0							
YHR219C-A	VIII	-	483	483	10.0	12.0	440.6	0.0	473.0		473		564.0		564							
YHR219W	VIII	+	1875	1875	13.0	15.0	533.6	0.0	378.0		378		472.0		472							
YJL001W	X	+	764	648	430.0	454.0	629.3	607.0	48.0	364.0	364	37.0	105.0	113.0	113	114.0	1.0	1.0	316.0	8.0	both too long	both too short
YJL002C	X	-	1431	1431	519.0	706.0	807.0	223.0	44.0	79.0	79	56.0	112.0	110.0	112	111.0	1.0	0.0	35.0		DRS too short	
YJL003W	X	+	357	357	313.0	150.0	486.6	99.0	146.0	226.0	226	47.0	193.0	277.0	277	192.0	1.0	1.0	80.0	84.0	both too long	both too long
YJL004C	X	-	612	612	181.0	208.0	549.5	23.0	308.0	27.0	308	13.0	229.0	305.0	305	270.0	0.0	1.0		76.0		DRS too short
YJL005W	X	+	6081	6081	177.0	119.0	689.9	0.0	131.0		131		145.0		145							
YJL006C	X	-	972	972	100.0	101.0	665.1	36.0	50.0	74.0	74	59.0	40.0	52.0	52	53.0	1.0	1.0	24.0	12.0	DRS too short	both too short
YJL007C	X	-	315	315	69.0		329.0	0.0			0				0							
YJL008C	X	-	1707	1707	326.0	400.0	959.5	640.0	34.0	42.0	42	43.0	158.0	238.0	238	155.0	1.0	1.0	8.0	80.0	both too short	both too long
YJL009W	X	+	327	327	239.0	271.0	633.8	0.0	97.0		97	18.0	961.0		961	85.0						
YJL010C	X	-	2001	2001	372.0	229.0	631.0	37.0	19.0	33.0	33	25.0	82.0	140.0	140	47.0	1.0	1.0	14.0	58.0	DRS too short	both too long
YJL011C	X	-	486	486	232.0	232.0	532.9	40.0	42.0	50.0	50	40.0	156.0	409.0	409	164.0	1.0	1.0	8.0	253.0	both too long	DRS too short
YJL012C	X	-	2166	2166	486.0	672.0	991.0	1033.0	8.0	92.0	92	15.0	58.0	70.0	70	71.0	1.0	1.0	84.0	12.0	DRS too short	both too short
YJL013C	X	-	1548	1548	432.0	51.0	507.1	1.0	44.0		44	11.0	124.0		124	181.0						
YJL014W	X	+	1605	1605	512.0	650.0	941.2	736.0	29.0	41.0	41	25.0	128.0	308.0	308	121.0	1.0	1.0	12.0	180.0	both too long	both too long
YJL015C	X	-	285	285	76.0	79.0	626.9	0.0	5.0		5		443.0		443							
YJL016W	X	+	1686	1686	120.0	154.0	808.8	7.0	483.0	273.0	483	268.0	97.0	115.0	115	116.0	0.0	1.0		18.0		both too short
YJL019W	X	+	2049	2049	33.0	31.0	684.3	68.0	90.0	115.0	115	103.0	524.0	577.0	577	329.0	1.0	1.0	25.0	53.0	DRS too short	both too long
YJL020C	X	-	3474	3474	126.0	208.0	833.6	6.0	81.0		81	92.0	139.0		139	149.0						
YJL020W-A	X	+	258	258				0.0			0				0							
YJL022W	X	+	309	309	102.0	74.0	480.0	3.0	882.0	153.0	882	85.0	131.0	465.0	465	481.0	0.0	1.0		334.0		both too short
YJL023C	X	-	1044	1044	101.0	53.0	510.0	4.0	72.0	16.0	72	0.0	94.0	156.0	156	80.0	0.0	1.0		62.0		both too long
YJL024C	X	-	662	585	91.0	127.0	496.7	27.0	0.0	28.0	28	42.0	163.0	391.0	391	190.0	1.0	1.0	28.0	228.0	both too short	DRS too short
YJL025W	X	+	1545	1545	185.0	28.0	515.2	7.0	68.0	79.0	79	80.0	115.0	289.0	289	148.0	1.0	1.0	11.0	174.0	both too short	DRS too short
YJL026C-A	X	-	222	222	330.0	541.0	828.1	1.0	473.0		473	376.0	732.0		732	1299.0						
YJL026W	X	+	1200	1200	315.0	212.0	847.2	540.0	73.0	193.0	193	50.0	105.0	139.0	139	141.0	1.0	1.0	120.0	34.0	both too long	both too short
YJL027C	X	-	417	417		10.0		3.0		475.0	475	68.0		65.0	65	61.0						
YJL028W	X	+	336	336				1.0			0	38.0			0	193.0						
YJL029C	X	-	2469	2469	126.0	113.0	650.9	293.0	48.0	78.0	78	61.0	97.0	99.0	99	100.0	1.0	1.0	30.0	2.0	DRS too short	both too short
YJL030W	X	+	591	591	109.0	166.0	488.3	153.0	34.0	259.0	259	44.0	13.0	12.0	13	139.0	1.0	0.0	225.0		DRS too short	
YJL031C	X	-	1071	984	146.0	63.0	595.7	5.0	68.0	75.0	75	61.0	105.0	103.0	105	111.0	1.0	0.0	7.0		both too long	
YJL032W	X	+	315	315	81.0	88.0	644.1	0.0	89.0		89	29.0	687.0		687	203.0						
YJL033W	X	+	2313	2313	1446.0	103.0	458.9	18.0	25.0	35.0	35	26.0	84.0	80.0	84	81.0	1.0	0.0	10.0		DRS too short	
YJL034W	X	+	2049	2049	2609.0	3976.0	910.5	2124.0	50.0	37.0	50	38.0	199.0	388.0	388	207.0	0.0	1.0		189.0		DRS too short
YJL035C	X	-	753	753	106.0	82.0	499.1	181.0	43.0	52.0	52	53.0	58.0	150.0	150	94.0	1.0	1.0	9.0	92.0	both too short	DRS too short
YJL036W	X	+	1272	1272	119.0	139.0	675.5	147.0	108.0	126.0	126	119.0	151.0	269.0	269	154.0	1.0	1.0	18.0	118.0	DRS too short	DRS too short
YJL037W	X	+	675	675	26.0	18.0	318.1	0.0			0	232.0			0	106.0						
YJL038C	X	-	660	660	16.0	18.0	585.8	3.0	225.0	85.0	225	36.0	71.0	157.0	157	15.0	0.0	1.0		86.0		both too long
YJL039C	X	-	5052	5052	286.0	321.0	785.5	0.0	177.0		177		365.0		365							
YJL041W	X	+	2590	2472	338.0	261.0	728.0	43.0	56.0	60.0	60	58.0	130.0	122.0	130	134.0	1.0	0.0	4.0		DRS too short	
YJL042W	X	+	4197	4197	79.0	116.0	890.7	2.0	57.0	67.0	67	108.0	138.0	152.0	152	155.0	1.0	1.0	10.0	14.0	both too short	both too short
YJL043W	X	+	774	774	7.0		468.7	59.0		69.0	69	99.0		335.0	335	336.0						
YJL044C	X	-	1377	1377	64.0	90.0	882.8	310.0	42.0	48.0	48	37.0	68.0	407.0	407	261.0	1.0	1.0	6.0	339.0	both too long	DRS too short
YJL045W	X	+	1905	1905	41.0	14.0	455.3	2.0	150.0		150	29.0	70.0		70	211.0						
YJL046W	X	+	1230	1230	86.0	81.0	789.2	17.0	15.0	2.0	15	32.0	75.0	289.0	289	68.0	0.0	1.0		214.0		both too long
YJL047C	X	-	2529	2529	63.0	49.0	895.4	6.0	95.0		95	120.0	85.0		85	79.0						
YJL047C-A	X	-	135	135	33.0	74.0	338.5	21.0		193.0	193	63.0		470.0	470	55.0						
YJL048C	X	-	1191	1191	197.0	301.0	718.5	13.0	82.0	91.0	91	20.0	134.0	252.0	252	146.0	1.0	1.0	9.0	118.0	both too long	DRS too short
YJL049W	X	+	1353	1353	295.0	33.0	565.1	4.0	21.0	22.0	22	33.0	81.0	88.0	88	77.0	1.0	1.0	1.0	7.0	both too short	both too long
YJL050W	X	+	3222	3222	233.0	353.0	845.3	14.0	117.0	47.0	117	48.0	61.0	92.0	92	59.0	0.0	1.0		31.0		both too long
YJL051W	X	+	2469	2469	351.0	67.0	393.7	26.0	503.0	74.0	503	75.0	93.0	214.0	214	90.0	0.0	1.0		121.0		both too long
YJL052C-A	X	-	120	120	68.0		355.4	1.0			0	477.0			0	800.0						
YJL052W	X	+	999	999	1089.0	1429.0	845.2	165.0	75.0	113.0	113	74.0	131.0	136.0	136	129.0	1.0	1.0	38.0	5.0	both too long	both too long
YJL053W	X	+	1140	1140	146.0	118.0	696.0	12.0	46.0	69.0	69	13.0	144.0	176.0	176	242.0	1.0	1.0	23.0	32.0	both too long	both too short
YJL054W	X	+	1437	1437	141.0	105.0	618.7	82.0	162.0	42.0	162	8.0	79.0	179.0	179	58.0	0.0	1.0		100.0		both too long
YJL055W	X	+	738	738	101.0	184.0	593.2	345.0	17.0	402.0	402	17.0	68.0	52.0	68	61.0	1.0	0.0	385.0		both too long	
YJL056C	X	-	2643	2643	50.0	50.0	712.2	2.0	69.0		69	101.0	115.0		115	111.0						
YJL057C	X	-	2004	2004	95.0	106.0	754.5	39.0	54.0	74.0	74	58.0	65.0	56.0	65	82.0	1.0	0.0	20.0		DRS too short	
YJL058C	X	-	1632	1632	74.0	41.0	643.6	6.0	56.0	32.0	56	67.0	35.0	29.0	35	63.0	0.0	0.0				
YJL059W	X	+	1227	1227	79.0	63.0	521.4	22.0	26.0	54.0	54	35.0	51.0	84.0	84	84.0	1.0	1.0	28.0	33.0	DRS too short	both too short
YJL060W	X	+	1335	1335	135.0	129.0	749.0	103.0	53.0	58.0	58	17.0	88.0	127.0	127	97.0	1.0	1.0	5.0	39.0	both too long	DRS too short
YJL061W	X	+	2142	2142	205.0	175.0	785.1	176.0	29.0	47.0	47	40.0	147.0	283.0	283	125.0	1.0	1.0	18.0	136.0	DRS too short	both too long
YJL062W	X	+	2493	2493	102.0	102.0	758.8	58.0	184.0	48.0	184	25.0	80.0	88.0	88	93.0	0.0	1.0		8.0		both too short
YJL062W-A	X	+	258	258	58.0	128.0	400.5	73.0	17.0	40.0	40	29.0	100.0	291.0	291	177.0	1.0	1.0	23.0	191.0	DRS too short	DRS too short
YJL063C	X	-	717	717	90.0	56.0	468.9	386.0	32.0	351.0	351	23.0	81.0	78.0	81	79.0	1.0	0.0	319.0		both too long	
YJL064W	X	+	396	396	38.0	27.0	515.2	0.0	260.0		260		103.0		103							
YJL065C	X	-	504	504	38.0	49.0	602.1	168.0	89.0	768.0	768	34.0	117.0	114.0	117	93.0	1.0	0.0	679.0		both too long	
YJL066C	X	-	759	759	38.0	96.0	541.9	457.0	383.0	37.0	383	38.0	197.0	281.0	281	214.0	0.0	1.0		84.0		DRS too short
YJL067W	X	+	351	351	41.0		493.1	0.0			0				0							
YJL068C	X	-	900	900	95.0	118.0	649.7	114.0	52.0	63.0	63	21.0	106.0	241.0	241	103.0	1.0	1.0	11.0	135.0	both too long	both too long
YJL069C	X	-	1785	1785	149.0	136.0	699.3	68.0	9.0	40.0	40	6.0	92.0	88.0	92	82.0	1.0	0.0	31.0		both too long	
YJL070C	X	-	2667	2667	127.0	79.0	621.2	3.0	55.0	45.0	55	15.0	78.0	81.0	81	82.0	0.0	1.0		3.0		both too short
YJL071W	X	+	1725	1725	93.0	78.0	796.4	33.0	83.0	92.0	92	45.0	107.0	118.0	118	106.0	1.0	1.0	9.0	11.0	both too long	both too long
YJL072C	X	-	642	642	143.0	233.0	589.5	53.0	41.0	52.0	52	37.0	157.0	593.0	593	147.0	1.0	1.0	11.0	436.0	both too long	both too long
YJL073W	X	+	1938	1938	127.0	62.0	694.1	87.0	72.0	119.0	119	120.0	107.0	86.0	107	87.0	1.0	0.0	47.0		both too short	
YJL074C	X	-	3693	3693	127.0	151.0	929.0	3.0	20.0		20	23.0	105.0		105	93.0						
YJL075C	X	-	417	417	97.0	91.0	593.6	0.0	170.0		170		817.0		817							
YJL076W	X	+	3570	3570	105.0	83.0	817.9	3.0	66.0	36.0	66	42.0	103.0	170.0	170	101.0	0.0	1.0		67.0		both too long
YJL077C	X	-	396	396	12.0	10.0	419.8	0.0	27.0		27		228.0		228							
YJL077W-A	X	+	87	87	7.0	12.0	432.6	34.0		656.0	656	131.0		165.0	165	166.0						
YJL077W-B	X	+	99	99	26.0	18.0	615.6	66.0		2002.0	2002	254.0		174.0	174	203.0						
YJL078C	X	-	2646	2646	78.0	120.0	798.8	46.0	764.0	80.0	764	73.0	357.0	365.0	365	306.0	0.0	1.0		8.0		both too long
YJL079C	X	-	900	900	109.0	96.0	685.8	805.0	168.0	281.0	281	164.0	182.0	183.0	183	184.0	1.0	1.0	113.0	1.0	both too long	both too short
YJL080C	X	-	3669	3669	297.0	391.0	1055.8	8.0	214.0	185.0	214	201.0	111.0	108.0	111	106.0	0.0	0.0				
YJL081C	X	-	1470	1470	249.0	131.0	564.5	179.0	11.0	22.0	22	54.0	149.0	404.0	404	148.0	1.0	1.0	11.0	255.0	both too short	both too long
YJL082W	X	+	2196	2196	191.0	182.0	866.5	7.0	90.0	115.0	115	49.0	212.0	217.0	217	218.0	1.0	1.0	25.0	5.0	both too long	both too short
YJL083W	X	+	1815	1815	18.0	29.0	751.5	35.0	56.0	503.0	503	55.0	115.0	453.0	453	377.0	1.0	1.0	447.0	338.0	both too long	DRS too short
YJL084C	X	-	3141	3141	73.0	64.0	707.5	6.0	551.0	112.0	551	141.0	149.0	144.0	149	160.0	0.0	0.0				
YJL085W	X	+	1872	1872	86.0	97.0	572.0	13.0	61.0		61	89.0	111.0		111	111.0						
YJL086C	X	-	369	369				0.0			0				0							
YJL087C	X	-	2484	2484	90.0	66.0	698.4	6.0	90.0	124.0	124	125.0	208.0	206.0	208	207.0	1.0	0.0	34.0		both too short	
YJL088W	X	+	1017	1017	134.0	127.0	617.1	98.0	51.0	21.0	51	22.0	90.0	231.0	231	80.0	0.0	1.0		141.0		both too long
YJL089W	X	+	2490	2490	160.0	185.0	584.8	1.0	108.0		108	5.0	339.0		339	330.0						
YJL090C	X	-	2295	2295	47.0	61.0	655.7	3.0	47.0	44.0	47	44.0	73.0	82.0	82	83.0	0.0	1.0		9.0		both too short
YJL091C	X	-	1473	1473	161.0	157.0	862.0	75.0	5.0	16.0	16	8.0	85.0	402.0	402	100.0	1.0	1.0	11.0	317.0	DRS too short	DRS too short
YJL092W	X	+	3525	3525	75.0	67.0	520.9	4.0	208.0	183.0	208	214.0	99.0	162.0	162	103.0	0.0	1.0		63.0		DRS too short
YJL093C	X	-	2076	2076	79.0	89.0	1048.9	3.0	50.0		50	4.0	92.0		92	83.0						
YJL094C	X	-	2622	2622	130.0	150.0	746.9	19.0	36.0	44.0	44	45.0	128.0	162.0	162	145.0	1.0	1.0	8.0	34.0	both too short	DRS too short
YJL095W	X	+	4437	4437	187.0	60.0	632.5	1.0	72.0		72	93.0	82.0		82	72.0						
YJL096W	X	+	486	486	180.0	263.0	562.7	1254.0	32.0	79.0	79	41.0	68.0	90.0	90	71.0	1.0	1.0	47.0	22.0	DRS too short	DRS too short
YJL097W	X	+	654	654	189.0	237.0	538.4	62.0	603.0	100.0	603	41.0	75.0	94.0	94	54.0	0.0	1.0		19.0		both too long
YJL098W	X	+	3177	3177	83.0	52.0	639.9	1.0	162.0	707.0	707	708.0	74.0	57.0	74	58.0	1.0	0.0	545.0		both too short	
YJL099W	X	+	2241	2241	108.0	100.0	674.1	3.0	101.0		101	88.0	345.0		345	341.0						
YJL100W	X	+	1824	1824	77.0	89.0	573.9	6.0	305.0	342.0	342	39.0	59.0	80.0	80	81.0	1.0	1.0	37.0	21.0	both too long	both too short
YJL101C	X	-	2037	2037	293.0	370.0	828.2	407.0	139.0	137.0	139	151.0	150.0	317.0	317	143.0	0.0	1.0		167.0		both too long
YJL102W	X	+	2460	2460	146.0	53.0	507.6	177.0	27.0	41.0	41	42.0	108.0	114.0	114	115.0	1.0	1.0	14.0	6.0	both too short	both too short
YJL103C	X	-	1857	1857	102.0	36.0	464.9	7.0	174.0	203.0	203	195.0	169.0	193.0	193	202.0	1.0	1.0	29.0	24.0	DRS too short	both too short
YJL104W	X	+	450	450	521.0	298.0	497.7	866.0	31.0	406.0	406	22.0	171.0	160.0	171	168.0	1.0	0.0	375.0		both too long	
YJL105W	X	+	1683	1683	41.0	54.0	584.8	1.0	748.0		748	311.0	251.0		251	104.0						
YJL106W	X	+	1938	1938	31.0	30.0	549.4	2.0	754.0	625.0	754	545.0	103.0	187.0	187	139.0	0.0	1.0		84.0		DRS too short
YJL107C	X	-	1164	1164	10.0		722.3	4.0			0	95.0			0	1308.0						
YJL108C	X	-	1152	1152	34.0	45.0	916.4	4.0	638.0	327.0	638	1255.0	165.0	230.0	230	160.0	0.0	1.0		65.0		both too long
YJL109C	X	-	5310	5310	176.0	228.0	1139.4	0.0	20.0		20		76.0		76							
YJL110C	X	-	1656	1656	315.0	62.0	490.8	198.0	77.0	97.0	97	89.0	105.0	128.0	128	108.0	1.0	1.0	20.0	23.0	DRS too short	DRS too short
YJL111W	X	+	1653	1653	396.0	570.0	824.5	741.0	40.0	75.0	75	51.0	124.0	189.0	189	171.0	1.0	1.0	35.0	65.0	DRS too short	DRS too short
YJL112W	X	+	2145	2145	59.0	76.0	696.0	188.0	278.0	47.0	278	25.0	133.0	150.0	150	151.0	0.0	1.0		17.0		both too short
YJL115W	X	+	840	840	18.0	19.0	338.1	191.0	184.0	657.0	657	76.0	89.0	101.0	101	140.0	1.0	1.0	473.0	12.0	both too long	both too short
YJL116C	X	-	1014	1014	251.0	53.0	428.9	6.0	263.0	212.0	263	199.0	315.0	313.0	315	121.0	0.0	0.0				
YJL117W	X	+	936	936	395.0	572.0	758.0	708.0	75.0	89.0	89	50.0	142.0	341.0	341	21.0	1.0	1.0	14.0	199.0	both too long	both too long
YJL118W	X	+	660	660	9.0	30.0	597.4	17.0	57.0	14.0	57	1.0	175.0	167.0	175	168.0	0.0	0.0				
YJL119C	X	-	324	324	21.0	8.0	468.0	8.0	505.0	447.0	505	341.0	343.0	412.0	412	422.0	0.0	1.0		69.0		both too short
YJL120W	X	+	324	324	132.0	168.0	493.6	2.0	752.0	698.0	752	486.0	0.0	352.0	352	1127.0	0.0	1.0		352.0		both too short
YJL121C	X	-	717	717	165.0	127.0	510.5	186.0	29.0	455.0	455	12.0	61.0	65.0	65	65.0	1.0	1.0	426.0	4.0	both too long	both too short
YJL122W	X	+	528	528	169.0	227.0	505.3	236.0	21.0	47.0	47	17.0	134.0	154.0	154	155.0	1.0	1.0	26.0	20.0	both too long	both too short
YJL123C	X	-	1437	1437	192.0	160.0	623.9	78.0	29.0	867.0	867	8.0	51.0	173.0	173	117.0	1.0	1.0	838.0	122.0	both too long	DRS too short
YJL124C	X	-	519	519	266.0	372.0	522.2	591.0	160.0	632.0	632	172.0	224.0	214.0	224	110.0	1.0	0.0	472.0		DRS too short	
YJL125C	X	-	1152	1152	230.0	104.0	513.6	17.0	40.0	51.0	51	39.0	82.0	133.0	133	96.0	1.0	1.0	11.0	51.0	both too long	DRS too short
YJL126W	X	+	924	924	102.0	95.0	627.2	39.0	42.0	855.0	855	7.0	123.0	120.0	123	121.0	1.0	0.0	813.0		both too long	
YJL127C	X	-	1923	1923	114.0	69.0	639.8	13.0	80.0		80	68.0	939.0		939	475.0						
YJL127C-B	X	-	159	159	266.0	301.0	473.6	18.0	762.0	764.0	764	99.0	248.0	275.0	275	244.0	1.0	1.0	2.0	27.0	both too long	both too long
YJL127W-A	X	+	117	117	28.0		352.7	1.0			0	2203.0			0	412.0						
YJL128C	X	-	2007	2007	186.0	199.0	756.5	30.0	207.0	220.0	220	221.0	154.0	230.0	230	42.0	1.0	1.0	13.0	76.0	both too short	both too long
YJL129C	X	-	3708	3708	277.0	214.0	543.8	3.0	280.0		280	287.0	78.0		78	70.0						
YJL130C	X	-	7030	6645	434.0	617.0	842.5	0.0	104.0		104		103.0		103							
YJL131C	X	-	1071	1071	237.0	68.0	485.5	14.0	33.0	25.0	33	26.0	101.0	393.0	393	97.0	0.0	1.0		292.0		both too long
YJL132W	X	+	2253	2253	121.0	45.0	547.2	9.0	8.0	21.0	21	22.0	131.0	137.0	137	120.0	1.0	1.0	13.0	6.0	both too short	both too long
YJL133C-A	X	-	225	225	135.0	199.0	410.6	204.0	38.0	28.0	38	29.0	159.0	212.0	212	170.0	0.0	1.0		53.0		DRS too short
YJL133W	X	+	945	945	98.0	155.0	633.3	34.0	124.0	243.0	243	77.0	133.0	140.0	140	123.0	1.0	1.0	119.0	7.0	both too long	both too long
YJL134W	X	+	1230	1230	145.0	77.0	611.2	38.0	50.0	269.0	269	45.0	12.0	89.0	89	12.0	1.0	1.0	219.0	77.0	both too long	both too long
YJL135W	X	+	318	318				2.0			0	2.0			0	1313.0						
YJL136C	X	-	724	264	3302.0	10412.0	430.7	1390.0	0.0	13.0	13	14.0	132.0	370.0	370	128.0	1.0	1.0	13.0	238.0	both too short	both too long
YJL136W-A	X	+	84	84	3872.0		431.2	0.0			0	935.0			0	27.0						
YJL137C	X	-	1143	1143	3270.0	29.0	433.0	25.0	73.0	93.0	93	83.0	124.0	311.0	311	139.0	1.0	1.0	20.0	187.0	DRS too short	DRS too short
YJL138C	X	-	1188	1188	2171.0	3037.0	909.1	159.0	63.0	108.0	108	51.0	187.0	257.0	257	204.0	1.0	1.0	45.0	70.0	both too long	DRS too short
YJL139C	X	-	1287	1287	1077.0	207.0	479.1	208.0	192.0	85.0	192	83.0	113.0	838.0	838	111.0	0.0	1.0		725.0		both too long
YJL140W	X	+	666	666	184.0	171.0	535.7	354.0	96.0	98.0	98	94.0	52.0	169.0	169	50.0	1.0	1.0	2.0	117.0	both too long	both too long
YJL141C	X	-	2424	2424	174.0	58.0	713.4	6.0	77.0		77	124.0	153.0		153	106.0						
YJL142C	X	-	393	393	132.0	150.0	609.2	9.0	775.0	2160.0	2160	695.0	425.0	8.0	425	9.0	1.0	0.0	1385.0		both too long	
YJL143W	X	+	477	477	408.0	273.0	492.0	5715.0	42.0	45.0	45	46.0	211.0	398.0	398	300.0	1.0	1.0	3.0	187.0	both too short	DRS too short
YJL144W	X	+	315	315	318.0	755.0	486.4	43.0	23.0	80.0	80	33.0	231.0	231.0	231	232.0	1.0	0.0	57.0		DRS too short	
YJL145W	X	+	885	885	453.0	214.0	570.6	30.0	81.0	75.0	81	35.0	66.0	112.0	112	83.0	0.0	1.0		46.0		DRS too short
YJL146W	X	+	1410	1410	51.0	77.0	589.1	5.0	114.0	125.0	125	107.0	129.0	221.0	221	237.0	1.0	1.0	11.0	92.0	both too long	both too short
YJL147C	X	-	1149	1149	185.0	60.0	479.1	13.0	301.0	74.0	301	81.0	168.0	229.0	229	230.0	0.0	1.0		61.0		both too short
YJL148W	X	+	702	702	306.0	328.0	398.6	964.0	65.0	56.0	65	57.0	212.0	551.0	551	61.0	0.0	1.0		339.0		both too long
YJL149W	X	+	1992	1992	195.0	48.0	348.1	6.0	44.0	35.0	44	27.0	60.0	63.0	63	58.0	0.0	1.0		3.0		both too long
YJL150W	X	+	303	303	123.0		475.7	1.0			0	43.0			0	2006.0						
YJL151C	X	-	402	402	107.0	268.0	470.7	3778.0		32.0	32	33.0		460.0	460	73.0						
YJL152W	X	+	360	360	124.0	192.0	477.3	2.0	0.0		0	1014.0	262.0		262	372.0						
YJL153C	X	-	1602	1602	129.0	40.0	509.0	2.0	427.0		427	4.0	138.0		138	139.0						
YJL154C	X	-	2835	2835	245.0	309.0	934.3	5.0	76.0		76	71.0	83.0		83	65.0						
YJL155C	X	-	1359	1359	188.0	170.0	718.1	15.0	141.0	160.0	160	143.0	161.0	157.0	161	158.0	1.0	0.0	19.0		DRS too short	
YJL156C	X	-	2100	2100	128.0	99.0	775.7	6.0	125.0	51.0	125	79.0	391.0	389.0	391	381.0	0.0	0.0				
YJL156W-A	X	+	222	222	45.0	41.0	659.4	0.0	197.0		197		209.0		209							
YJL157C	X	-	2493	2493	118.0	101.0	580.9	1.0	142.0		142	48.0	163.0		163	157.0						
YJL158C	X	-	684	684	2537.0	2298.0	587.3	826.0	42.0	41.0	42	37.0	96.0	400.0	400	179.0	0.0	1.0		304.0		DRS too short
YJL159W	X	+	1242	1242	2310.0	2535.0	740.2	7290.0	54.0	186.0	186	54.0	307.0	307.0	307	314.0	1.0	0.0	132.0		both too long	
YJL160C	X	-	864	864	58.0	18.0	556.8	2.0			0	33.0		155.0	155	78.0						
YJL161W	X	+	543	543	100.0	131.0	505.1	22.0	653.0	547.0	653	19.0	143.0	153.0	153	154.0	0.0	1.0		10.0		both too short
YJL162C	X	-	1752	1752	70.0	61.0	655.8	7.0	97.0	83.0	97	49.0	122.0	110.0	122	113.0	0.0	0.0				
YJL163C	X	-	1668	1668	43.0	42.0	629.8	16.0	89.0	79.0	89	34.0	49.0	71.0	71	47.0	0.0	1.0		22.0		both too long
YJL164C	X	-	1194	1194	79.0	79.0	721.3	27.0	207.0	243.0	243	219.0	116.0	171.0	171	91.0	1.0	1.0	36.0	55.0	DRS too short	both too long
YJL165C	X	-	2568	2568	744.0	341.0	568.2	4.0	161.0		161	165.0	38.0		38	13.0						
YJL166W	X	+	285	285	740.0	1151.0	447.8	235.0		101.0	101	66.0		232.0	232	169.0						
YJL167W	X	+	1059	1059	1014.0	993.0	687.9	662.0	98.0	119.0	119	56.0	102.0	128.0	128	109.0	1.0	1.0	21.0	26.0	both too long	DRS too short
YJL168C	X	-	2202	2202	43.0	72.0	678.3	26.0	81.0	108.0	108	93.0	118.0	210.0	210	200.0	1.0	1.0	27.0	92.0	DRS too short	DRS too short
YJL169W	X	+	369	369	37.0	24.0	465.2	0.0	86.0		86		21.0		21							
YJL170C	X	-	630	630	28.0		445.9	2.0		93.0	93	108.0		26.0	26	27.0						
YJL171C	X	-	1191	1191	344.0	419.0	721.9	331.0	41.0	27.0	41	32.0	180.0	224.0	224	170.0	0.0	1.0		44.0		both too long
YJL172W	X	+	1731	1731	253.0	175.0	580.4	10.0	28.0	38.0	38	39.0	24.0	144.0	144	145.0	1.0	1.0	10.0	120.0	both too short	both too short
YJL173C	X	-	369	369	375.0	420.0	458.7	116.0	10.0	12.0	12	8.0	85.0	195.0	195	77.0	1.0	1.0	2.0	110.0	both too long	both too long
YJL174W	X	+	831	831	469.0	417.0	597.2	172.0	125.0	150.0	150	109.0	166.0	298.0	298	163.0	1.0	1.0	25.0	132.0	both too long	both too long
YJL175W	X	+	513	513		87.0		2.0		2285.0	2285	2211.0		414.0	414	415.0						
YJL176C	X	-	2478	2478	550.0	34.0	388.2	14.0	51.0	62.0	62	63.0	225.0	226.0	226	235.0	1.0	1.0	11.0	1.0	both too short	both too short
YJL177W	X	+	872	555	2071.0	2526.0	594.4	4136.0	94.0	90.0	94	21.0	104.0	257.0	257	94.0	0.0	1.0		153.0		both too long
YJL178C	X	-	816	816	337.0	258.0	541.9	162.0	27.0	44.0	44	38.0	90.0	122.0	122	123.0	1.0	1.0	17.0	32.0	DRS too short	both too short
YJL179W	X	+	330	330	343.0	641.0	552.8	1101.0	78.0	56.0	78	57.0	138.0	217.0	217	133.0	0.0	1.0		79.0		both too long
YJL180C	X	-	978	978	316.0	99.0	517.8	51.0	33.0	66.0	66	5.0	104.0	101.0	104	102.0	1.0	0.0	33.0		both too long	
YJL181W	X	+	1836	1836	126.0	60.0	616.1	33.0	32.0	43.0	43	14.0	85.0	83.0	85	84.0	1.0	0.0	11.0		both too long	
YJL182C	X	-	318	318	93.0		566.6	0.0			0				0							
YJL183W	X	+	1269	1269	178.0	313.0	928.5	532.0	80.0	277.0	277	65.0	92.0	88.0	92	89.0	1.0	0.0	197.0		both too long	
YJL184W	X	+	372	372	6.0	19.0	340.0	142.0	91.0	237.0	237	41.0	65.0	87.0	87	76.0	1.0	1.0	146.0	22.0	both too long	DRS too short
YJL185C	X	-	882	882	132.0	20.0	510.9	7.0	52.0	62.0	62	63.0	174.0	191.0	191	192.0	1.0	1.0	10.0	17.0	both too short	both too short
YJL186W	X	+	1761	1761	190.0	293.0	1017.1	1955.0	165.0	424.0	424	29.0	127.0	117.0	127	118.0	1.0	0.0	259.0		both too long	
YJL187C	X	-	2460	2460	7213.0	67.0	333.1	15.0	121.0	92.0	121	93.0	179.0	102.0	179	103.0	0.0	0.0				
YJL188C	X	-	309	309	7218.0	1826.0	329.3	0.0	120.0		120		0.0		0							
YJL189W	X	+	542	156	9502.0	21592.0	339.8	2.0	0.0	34.0	34	26.0	88.0	138.0	138	181.0	1.0	1.0	34.0	50.0	DRS too short	both too short
YJL190C	X	-	393	393	7690.0	15079.0	522.6	644.0	26.0	15.0	26	16.0	75.0	277.0	277	141.0	0.0	1.0		202.0		DRS too short
YJL191W	X	+	825	417	7890.0	961.0	522.3	6017.0	10.0	50.0	50	24.0	97.0	241.0	241	105.0	1.0	1.0	40.0	144.0	DRS too short	DRS too short
YJL192C	X	-	705	705	199.0	265.0	540.4	51.0	29.0	33.0	33	39.0	94.0	147.0	147	91.0	1.0	1.0	4.0	53.0	both too short	both too long
YJL193W	X	+	1209	1209	167.0	73.0	558.3	24.0	347.0	18.0	347	6.0	53.0	152.0	152	121.0	0.0	1.0		99.0		DRS too short
YJL194W	X	+	1542	1542	11.0	18.0	732.5	11.0	25.0	25.0	25	38.0	134.0	136.0	136	133.0	0.0	1.0		2.0		both too long
YJL195C	X	-	702	702	8.0		384.6	1.0	0.0		0	284.0	96.0		96	775.0						
YJL196C	X	-	933	933	302.0	404.0	855.2	320.0	250.0	193.0	250	23.0	128.0	134.0	134	135.0	0.0	1.0		6.0		both too short
YJL197C-A	X	-	282	282				0.0			0				0							
YJL197W	X	+	3765	3765	217.0	39.0	532.6	2.0	65.0	38.0	65	42.0	76.0	58.0	76	75.0	0.0	0.0				
YJL198W	X	+	2646	2646	138.0	217.0	947.6	50.0	37.0	21.0	37	50.0	90.0	165.0	165	90.0	0.0	1.0		75.0		both too long
YJL199C	X	-	327	327	25.0	27.0	525.7	13.0	352.0	366.0	366	5.0	224.0	258.0	258	226.0	1.0	1.0	14.0	34.0	both too long	DRS too short
YJL200C	X	-	2370	2370	534.0	836.0	837.2	54.0	13.0	125.0	125	23.0	150.0	152.0	152	147.0	1.0	1.0	112.0	2.0	DRS too short	both too long
YJL201W	X	+	1800	1800	366.0	60.0	493.6	25.0	14.0	84.0	84	25.0	74.0	180.0	180	61.0	1.0	1.0	70.0	106.0	DRS too short	both too long
YJL202C	X	-	348	348	21.0	16.0	448.5	0.0	158.0		158		612.0		612							
YJL203W	X	+	843	843	29.0	32.0	627.7	10.0	37.0	245.0	245	23.0	79.0	281.0	281	105.0	1.0	1.0	208.0	202.0	both too long	DRS too short
YJL204C	X	-	2523	2523	87.0	48.0	563.5	3.0	18.0		18	35.0	73.0		73	74.0						
YJL205C	X	-	305	162	43.0	134.0	389.9	57.0	361.0	892.0	892	9.0	116.0	74.0	116	118.0	1.0	0.0	531.0		both too long	
YJL206C	X	-	2277	2277	65.0	21.0	446.4	5.0	67.0		67	159.0	68.0		68	87.0						
YJL207C	X	-	6045	6045	120.0	170.0	862.7	0.0	20.0		20		193.0		193							
YJL208C	X	-	990	990	196.0	211.0	568.0	35.0	74.0	67.0	74	52.0	184.0	283.0	283	114.0	0.0	1.0		99.0		both too long
YJL209W	X	+	1965	1965	141.0	57.0	605.5	13.0	90.0	65.0	90	60.0	95.0	97.0	97	93.0	0.0	1.0		2.0		both too long
YJL210W	X	+	816	816	35.0	45.0	740.2	304.0	239.0	228.0	239	52.0	67.0	82.0	82	63.0	0.0	1.0		15.0		both too long
YJL211C	X	-	444	444	44.0	51.0	765.5	2.0	617.0	223.0	617	529.0	840.0	519.0	840	582.0	0.0	0.0				
YJL212C	X	-	2400	2400	220.0	228.0	733.9	27.0	81.0	31.0	81	32.0	117.0	239.0	239	123.0	0.0	1.0		122.0		DRS too short
YJL213W	X	+	996	996	138.0	123.0	547.9	2.0	847.0	294.0	847	348.0	51.0	337.0	337	261.0	0.0	1.0		286.0		DRS too short
YJL214W	X	+	1710	1710	84.0	23.0	599.8	0.0			0				0							
YJL215C	X	-	360	360				4.0		1469.0	1469	1494.0		327.0	327	338.0						
YJL216C	X	-	1746	1746	49.0	21.0	586.1	2.0	814.0		814	844.0	82.0		82	199.0						
YJL217W	X	+	597	597	195.0	209.0	605.1	451.0	89.0	100.0	100	7.0	99.0	181.0	181	113.0	1.0	1.0	11.0	82.0	both too long	DRS too short
YJL218W	X	+	591	591	27.0	36.0	582.3	39.0	42.0	106.0	106	53.0	130.0	147.0	147	146.0	1.0	1.0	64.0	17.0	DRS too short	DRS too short
YJL219W	X	+	1704	1704	6.0	7.0	701.0	0.0			0				0							
YJL220W	X	+	453	453				0.0			0				0							
YJL221C	X	-	1770	1770	30.0	47.0	543.4	0.0	218.0		218		104.0		104							
YJL222W	X	+	4650	4650	36.0	78.0	813.3	0.0	116.0		116		308.0		308							
YJL222W-A	X	+	228	228	15.0		486.9	0.0			0				0							
YJL222W-B	X	+	138	138	10.0		550.8	0.0			0				0							
YJL223C	X	-	363	363	17.0	5.0	617.7	0.0			0				0							
YJL225C	X	-	5665	5277	45.0	47.0	676.6	0.0	855.0		855		613.0		613							
YJL225W-A	X	+	483	483	26.0	24.0	466.9	0.0	613.0		613		765.0		765							
YJR001W	X	+	1809	1809	168.0	259.0	720.5	103.0	64.0	74.0	74	72.0	84.0	130.0	130	85.0	1.0	1.0	10.0	46.0	DRS too short	DRS too short
YJR002W	X	+	1782	1782	286.0	215.0	543.8	61.0	19.0	29.0	29	30.0	354.0	371.0	371	360.0	1.0	1.0	10.0	17.0	both too short	DRS too short
YJR003C	X	-	1560	1560	368.0	123.0	529.0	46.0	6.0		6	22.0	89.0	133.0	133	87.0		1.0		44.0		both too long
YJR004C	X	-	1953	1953	441.0	627.0	842.1	4.0	543.0		543	35.0	143.0		143	144.0						
YJR005C-A	X	-	282	282	29.0		380.9	1.0		22.0	22	23.0		310.0	310	311.0						
YJR005W	X	+	2103	2103	121.0	129.0	785.0	30.0	33.0	47.0	47	37.0	130.0	283.0	283	64.0	1.0	1.0	14.0	153.0	DRS too short	both too long
YJR006W	X	+	1464	1464	71.0	104.0	766.7	52.0	6.0		6	8.0	54.0	103.0	103	71.0		1.0		49.0		DRS too short
YJR007W	X	+	915	915	472.0	602.0	768.2	306.0	109.0	137.0	137	96.0	135.0	178.0	178	160.0	1.0	1.0	28.0	43.0	both too long	DRS too short
YJR008W	X	+	1017	1017	3843.0	210.0	462.1	9.0	422.0	112.0	422	161.0	80.0	213.0	213	80.0	0.0	1.0		133.0		both too long
YJR009C	X	-	999	999	6927.0	10375.0	783.7	41430.0	101.0	266.0	266	48.0	115.0	137.0	137	138.0	1.0	1.0	165.0	22.0	both too long	both too short
YJR010C-A	X	-	285	285	117.0	237.0	489.0	10.0	59.0	230.0	230	30.0	152.0	3346.0	3346	232.0	1.0	1.0	171.0	3194.0	both too long	DRS too short
YJR010W	X	+	1536	1536	131.0	29.0	500.5	5.0	152.0	83.0	152	79.0	135.0	128.0	135	129.0	0.0	0.0				
YJR011C	X	-	786	786	193.0	149.0	582.6	21.0	47.0	227.0	227	45.0	90.0	75.0	90	91.0	1.0	0.0	180.0		both too long	
YJR012C	X	-	399	399	54.0	131.0	435.5	12.0	39.0		39	24.0	118.0		118	125.0						
YJR013W	X	+	1212	1212	196.0	68.0	589.4	122.0	71.0	397.0	397	40.0	67.0	87.0	87	94.0	1.0	1.0	326.0	20.0	both too long	both too short
YJR014W	X	+	597	597	123.0	298.0	562.4	197.0	41.0	430.0	430	47.0	103.0	349.0	349	100.0	1.0	1.0	389.0	246.0	DRS too short	both too long
YJR015W	X	+	1533	1533	794.0	298.0	585.0	13.0	265.0	179.0	265	16.0	59.0	133.0	133	134.0	0.0	1.0		74.0		both too short
YJR016C	X	-	1758	1758	1180.0	1562.0	928.5	38.0	10.0	63.0	63	15.0	135.0	162.0	162	69.0	1.0	1.0	53.0	27.0	DRS too short	both too long
YJR017C	X	-	513	513	57.0	69.0	446.4	383.0	11.0	74.0	74	22.0	236.0	241.0	241	242.0	1.0	1.0	63.0	5.0	DRS too short	both too short
YJR018W	X	+	363	363	70.0	112.0	510.7	2.0	508.0	297.0	508	210.0	0.0	68.0	68	126.0	0.0	1.0		68.0		both too short
YJR019C	X	-	1050	1050	58.0	13.0	532.2	8.0	276.0	34.0	276	14.0	74.0	79.0	79	75.0	0.0	1.0		5.0		DRS too short
YJR020W	X	+	333	333	23.0	19.0	433.8	2.0	848.0	745.0	848	531.0	265.0	222.0	265	311.0	0.0	0.0				
YJR021C	X	-	1025	945	47.0	29.0	475.6	38.0	33.0	64.0	64	35.0	99.0	97.0	99	98.0	1.0	0.0	31.0		DRS too short	
YJR022W	X	+	330	330	65.0	17.0	625.2	0.0	26.0		26		57.0		57							
YJR023C	X	-	402	402	71.0	175.0	534.9	0.0	765.0		765		37.0		37							
YJR024C	X	-	735	735	313.0	76.0	542.9	1.0	10.0	15.0	15	16.0	87.0	76.0	87	77.0	1.0	0.0	5.0		both too short	
YJR025C	X	-	534	534	413.0	540.0	535.9	58.0	142.0	187.0	187	7.0	81.0	151.0	151	152.0	1.0	1.0	45.0	70.0	both too long	both too short
YJR030C	X	-	2238	2238	1733.0	181.0	680.0	0.0	45.0		45		148.0		148							
YJR031C	X	-	4227	4227	41.0	52.0	804.2	4.0	66.0	98.0	98	84.0	135.0	116.0	135	133.0	1.0	0.0	32.0		DRS too short	
YJR032W	X	+	1182	1182	108.0	162.0	807.9	28.0	13.0	22.0	22	23.0	108.0	228.0	228	121.0	1.0	1.0	9.0	120.0	both too short	DRS too short
YJR033C	X	-	4074	4074	133.0	42.0	543.7	1.0	35.0		35	580.0	58.0		58	103.0						
YJR034W	X	+	327	327	29.0	100.0	463.2	72.0	82.0	102.0	102	103.0	54.0	212.0	212	74.0	1.0	1.0	20.0	158.0	both too short	DRS too short
YJR035W	X	+	3258	3258	91.0	64.0	626.9	3.0	9.0		9	11.0	116.0		116	149.0						
YJR036C	X	-	2679	2679	53.0	48.0	757.2	2.0	114.0		114	358.0	90.0		90	141.0						
YJR037W	X	+	384	384				0.0			0				0							
YJR038C	X	-	363	363				0.0			0				0							
YJR039W	X	+	3366	3366	51.0	57.0	932.6	0.0	236.0		236		47.0		47							
YJR040W	X	+	2340	2340	116.0	114.0	690.3	10.0	29.0	38.0	38	44.0	65.0	68.0	68	69.0	1.0	1.0	9.0	3.0	both too short	both too short
YJR041C	X	-	3525	3525	146.0	138.0	810.7	2.0	45.0		45	73.0	169.0		169	174.0						
YJR042W	X	+	2235	2235	166.0	212.0	959.4	73.0	11.0	24.0	24	23.0	93.0	179.0	179	89.0	1.0	1.0	13.0	86.0	DRS too short	both too long
YJR043C	X	-	1053	1053	105.0	58.0	585.3	21.0	125.0	67.0	125	68.0	135.0	168.0	168	129.0	0.0	1.0		33.0		both too long
YJR044C	X	-	423	423	1138.0	140.0	456.6	101.0	78.0	149.0	149	92.0	172.0	176.0	176	177.0	1.0	1.0	71.0	4.0	DRS too short	both too short
YJR045C	X	-	1965	1965	1900.0	2913.0	938.9	8537.0	127.0	138.0	138	139.0	220.0	267.0	267	219.0	1.0	1.0	11.0	47.0	both too short	both too long
YJR046W	X	+	1815	1815	279.0	259.0	647.7	362.0	17.0	84.0	84	13.0	58.0	41.0	58	42.0	1.0	0.0	67.0		both too long	
YJR047C	X	-	474	474	66.0	60.0	470.0	10.0	54.0	122.0	122	29.0	107.0	109.0	109	110.0	1.0	1.0	68.0	2.0	both too long	both too short
YJR048W	X	+	330	330	369.0	626.0	475.8	1182.0	50.0	307.0	307	46.0	169.0	173.0	173	174.0	1.0	1.0	257.0	4.0	both too long	both too short
YJR049C	X	-	1593	1593	401.0	147.0	564.9	59.0	19.0	21.0	21	18.0	107.0	269.0	269	184.0	1.0	1.0	2.0	162.0	both too long	DRS too short
YJR050W	X	+	708	708	78.0	131.0	725.9	58.0	22.0	58.0	58	23.0	278.0	274.0	278	275.0	1.0	0.0	36.0		DRS too short	
YJR051W	X	+	1506	1506	182.0	132.0	684.6	62.0	60.0	65.0	65	21.0	74.0	96.0	96	71.0	1.0	1.0	5.0	22.0	both too long	both too long
YJR052W	X	+	1698	1698	66.0	67.0	734.0	9.0	40.0	61.0	61	6.0	61.0	65.0	65	51.0	1.0	1.0	21.0	4.0	both too long	both too long
YJR053W	X	+	1725	1725	27.0	14.0	526.5	2.0			0	63.0			0	1901.0						
YJR054W	X	+	1494	1494	101.0	90.0	709.9	6.0	642.0	101.0	642	93.0	104.0	28.0	104	118.0	0.0	0.0				
YJR055W	X	+	495	495	71.0	55.0	610.2	38.0	38.0	9.0	38	10.0	412.0	437.0	437	393.0	0.0	1.0		25.0		both too long
YJR056C	X	-	711	711	97.0	88.0	582.6	15.0	184.0	200.0	200	163.0	127.0	139.0	139	140.0	1.0	1.0	16.0	12.0	both too long	both too short
YJR057W	X	+	651	651	169.0	180.0	539.0	54.0	431.0	6.0	431	7.0	72.0	154.0	154	69.0	0.0	1.0		82.0		both too long
YJR058C	X	-	444	444	183.0	169.0	533.5	415.0	243.0	288.0	288	28.0	48.0	56.0	56	46.0	1.0	1.0	45.0	8.0	both too long	both too long
YJR059W	X	+	2457	2457	91.0	117.0	689.1	4.0	62.0	74.0	74	61.0	136.0	123.0	136	124.0	1.0	0.0	12.0		both too long	
YJR060W	X	+	1056	1056	92.0	102.0	567.0	370.0	102.0	114.0	114	49.0	290.0	777.0	777	586.0	1.0	1.0	12.0	487.0	both too long	DRS too short
YJR061W	X	+	2808	2808	109.0	44.0	612.6	0.0	344.0		344		166.0		166							
YJR062C	X	-	1374	1374	125.0	63.0	545.0	12.0	12.0	13.0	13	9.0	107.0	630.0	630	511.0	1.0	1.0	1.0	523.0	both too long	DRS too short
YJR063W	X	+	378	378	89.0	234.0	438.9	126.0	36.0	46.0	46	47.0	137.0	224.0	224	131.0	1.0	1.0	10.0	87.0	both too short	both too long
YJR064W	X	+	1689	1689	740.0	879.0	791.5	453.0	58.0	35.0	58	36.0	42.0	147.0	147	46.0	0.0	1.0		105.0		DRS too short
YJR065C	X	-	1350	1350	515.0	315.0	704.8	679.0	23.0	51.0	51	26.0	156.0	298.0	298	148.0	1.0	1.0	28.0	142.0	DRS too short	both too long
YJR066W	X	+	7413	7413	136.0	104.0	817.1	0.0	0.0		0		116.0		116							
YJR067C	X	-	426	426	65.0	132.0	547.4	19.0	7.0	32.0	32	6.0	105.0	936.0	936	109.0	1.0	1.0	25.0	831.0	both too long	DRS too short
YJR068W	X	+	1062	1062	287.0	194.0	681.0	11.0	42.0	47.0	47	70.0	51.0	101.0	101	71.0	1.0	1.0	5.0	50.0	both too short	DRS too short
YJR069C	X	-	594	594	277.0	279.0	585.2	164.0	39.0	50.0	50	33.0	140.0	216.0	216	141.0	1.0	1.0	11.0	76.0	both too long	DRS too short
YJR070C	X	-	978	978	300.0	288.0	730.8	1064.0	79.0	224.0	224	23.0	133.0	129.0	133	130.0	1.0	0.0	145.0		both too long	
YJR071W	X	+	369	369	255.0	292.0	747.3	0.0	917.0		917		12.0		12							
YJR072C	X	-	1158	1158	210.0	58.0	597.6	262.0	35.0	40.0	40	31.0	73.0	300.0	300	70.0	1.0	1.0	5.0	227.0	both too long	both too long
YJR073C	X	-	621	621	216.0	513.0	548.3	254.0	30.0	799.0	799	24.0	47.0	53.0	53	83.0	1.0	1.0	769.0	6.0	both too long	both too short
YJR074W	X	+	657	657	276.0	175.0	597.6	3.0	824.0	15.0	824	750.0	77.0	96.0	96	101.0	0.0	1.0		19.0		both too short
YJR075W	X	+	1191	1191	218.0	302.0	688.2	317.0	86.0	61.0	86	60.0	66.0	272.0	272	198.0	0.0	1.0		206.0		DRS too short
YJR076C	X	-	1248	1248	301.0	74.0	452.7	60.0	66.0	88.0	88	77.0	95.0	133.0	133	134.0	1.0	1.0	22.0	38.0	DRS too short	both too short
YJR077C	X	-	936	936	449.0	568.0	862.9	162.0	40.0	60.0	60	47.0	148.0	212.0	212	152.0	1.0	1.0	20.0	64.0	DRS too short	DRS too short
YJR078W	X	+	1362	1362	63.0	11.0	498.8	1.0	35.0		35	0.0	27.0		27	217.0						
YJR079W	X	+	1035	330	74.0	7.0	705.6	0.0	408.0		408		377.0		377							
YJR080C	X	-	1185	1185	148.0	166.0	618.1	62.0	31.0	82.0	82	29.0	128.0	166.0	166	125.0	1.0	1.0	51.0	38.0	both too long	both too long
YJR082C	X	-	342	342	88.0	257.0	533.0	175.0		682.0	682	107.0		204.0	204	197.0						
YJR083C	X	-	930	930	106.0	36.0	646.3	60.0	28.0	41.0	41	19.0	87.0	304.0	304	86.0	1.0	1.0	13.0	217.0	both too long	both too long
YJR084W	X	+	1272	1272	473.0	58.0	484.3	18.0	27.0	42.0	42	23.0	104.0	165.0	165	25.0	1.0	1.0	15.0	61.0	both too long	both too long
YJR085C	X	-	318	318	517.0	844.0	419.4	389.0	43.0	43.0	43	44.0	84.0	173.0	173	69.0	0.0	1.0		89.0		both too long
YJR086W	X	+	333	333	215.0	29.0	532.4	2.0	21.0		21	29.0	17.0		17	17.0						
YJR087W	X	+	351	351	257.0	625.0	536.8	0.0	353.0		353	364.0	661.0		661	102.0						
YJR088C	X	-	879	879	237.0	140.0	551.1	54.0	38.0	328.0	328	50.0	63.0	272.0	272	131.0	1.0	1.0	290.0	209.0	DRS too short	DRS too short
YJR089W	X	+	2865	2865	60.0	47.0	572.3	3.0	105.0		105	136.0	69.0		69	80.0						
YJR090C	X	-	3456	3456	100.0	95.0	758.4	1.0	265.0		265	292.0	103.0		103	116.0						
YJR091C	X	-	3276	3276	76.0	92.0	1202.4	4.0	15.0	69.0	69	70.0	280.0	282.0	282	283.0	1.0	1.0	54.0	2.0	both too short	both too short
YJR092W	X	+	4344	4344	81.0	87.0	624.5	1.0	56.0		56	24.0	125.0		125	123.0						
YJR093C	X	-	984	984	72.0	64.0	594.3	81.0	74.0	57.0	74	58.0	107.0	159.0	159	106.0	0.0	1.0		52.0		both too long
YJR094C	X	-	1083	1083	50.0	21.0	723.1	4.0	183.0	196.0	196	197.0	172.0	171.0	172	172.0	1.0	0.0	13.0		both too short	
YJR094W-A	X	+	554	279	7091.0	7237.0	427.5	785.0	23.0	31.0	31	20.0	135.0	231.0	231	130.0	1.0	1.0	8.0	96.0	both too long	both too long
YJR095W	X	+	969	969	157.0		221.6	3.0	141.0		141	97.0	194.0		194	193.0						
YJR096W	X	+	849	849	167.0	201.0	817.6	7.0	111.0	170.0	170	126.0	81.0	80.0	81	88.0	1.0	0.0	59.0		DRS too short	
YJR097W	X	+	519	519	69.0	44.0	494.4	17.0	93.0	62.0	93	105.0	160.0	235.0	235	188.0	0.0	1.0		75.0		DRS too short
YJR098C	X	-	1971	1971	38.0	28.0	666.3	2.0	36.0		36	31.0	174.0		174	67.0						
YJR099W	X	+	711	711	117.0	183.0	704.4	80.0	154.0	81.0	154	60.0	76.0	1452.0	1452	123.0	0.0	1.0		1376.0		DRS too short
YJR100C	X	-	984	984	124.0	60.0	688.8	69.0	118.0	236.0	236	6.0	74.0	71.0	74	72.0	1.0	0.0	118.0		both too long	
YJR101W	X	+	801	801	223.0	319.0	713.0	123.0	82.0	119.0	119	96.0	145.0	151.0	151	140.0	1.0	1.0	37.0	6.0	DRS too short	both too long
YJR102C	X	-	609	609	234.0	115.0	666.4	20.0	188.0	288.0	288	68.0	116.0	102.0	116	121.0	1.0	0.0	100.0		both too long	
YJR103W	X	+	1737	1737	1206.0	124.0	524.6	52.0	95.0	75.0	95	7.0	57.0	77.0	77	74.0	0.0	1.0		20.0		DRS too short
YJR104C	X	-	465	465	1171.0	2262.0	507.8	18835.0	35.0	974.0	974	43.0	69.0	76.0	76	71.0	1.0	1.0	939.0	7.0	DRS too short	DRS too short
YJR105W	X	+	1023	1023	1252.0	1596.0	860.2	1406.0	383.0	411.0	411	32.0	45.0	45.0	45	45.0	1.0	0.0	28.0		both too long	
YJR106W	X	+	2178	2178	404.0	17.0	503.6	3.0	118.0		118	142.0	26.0		26	1421.0						
YJR107C-A	X	-	237	237	116.0	167.0	420.9	26.0	17.0		17	25.0	163.0		163	223.0						
YJR107W	X	+	987	987	92.0	101.0	539.6	31.0	975.0	532.0	975	587.0	100.0	109.0	109	154.0	0.0	1.0		9.0		both too short
YJR108W	X	+	372	372	312.0	5.0	401.4	0.0	0.0		0		119.0		119							
YJR109C	X	-	3357	3357	699.0	963.0	990.5	10.0	47.0	76.0	76	77.0	105.0	102.0	105	103.0	1.0	0.0	29.0		both too short	
YJR110W	X	+	2067	2067	112.0	55.0	558.8	3.0	114.0	125.0	125	126.0	143.0	141.0	143	132.0	1.0	0.0	11.0		both too short	
YJR111C	X	-	852	852	116.0	152.0	606.4	1.0	122.0	129.0	129	130.0	108.0	116.0	116	117.0	1.0	1.0	7.0	8.0	both too short	both too short
YJR112W	X	+	606	606	34.0	24.0	422.3	119.0	27.0	33.0	33	19.0	81.0	152.0	152	52.0	1.0	1.0	6.0	71.0	both too long	both too long
YJR112W-A	X	+	379	330	47.0	76.0	509.5	48.0	21.0	36.0	36	33.0	110.0	232.0	232	108.0	1.0	1.0	15.0	122.0	DRS too short	both too long
YJR113C	X	-	744	744	52.0	33.0	541.5	306.0	233.0	417.0	417	55.0	57.0	73.0	73	73.0	1.0	1.0	184.0	16.0	both too long	both too short
YJR114W	X	+	393	393	39.0	46.0	646.1	1.0	542.0		542	168.0	154.0		154	50.0						
YJR115W	X	+	510	510	31.0	41.0	495.0	3.0	221.0	651.0	651	57.0	295.0	297.0	297	233.0	1.0	1.0	430.0	2.0	both too long	both too long
YJR116W	X	+	840	840	77.0	86.0	683.6	19.0	171.0	159.0	171	108.0	36.0	191.0	191	164.0	0.0	1.0		155.0		DRS too short
YJR117W	X	+	1362	1362	327.0	311.0	721.7	14.0	33.0	38.0	38	30.0	117.0	165.0	165	99.0	1.0	1.0	5.0	48.0	both too long	both too long
YJR118C	X	-	612	612	201.0	276.0	528.3	66.0	66.0	37.0	66	38.0	104.0	185.0	185	102.0	0.0	1.0		81.0		both too long
YJR119C	X	-	2187	2187	113.0	33.0	533.1	5.0	6.0	8.0	8	9.0	43.0	80.0	80	81.0	1.0	1.0	2.0	37.0	both too short	both too short
YJR120W	X	+	351	351	16.0		485.4	0.0			0				0							
YJR121W	X	+	1536	1536	1013.0	1472.0	893.9	14398.0	191.0	235.0	235	193.0	82.0	360.0	360	228.0	1.0	1.0	44.0	278.0	DRS too short	DRS too short
YJR122W	X	+	1494	1494	509.0	84.0	432.0	22.0	118.0	404.0	404	67.0	63.0	765.0	765	48.0	1.0	1.0	286.0	702.0	both too long	both too long
YJR123W	X	+	678	678	5152.0	8955.0	662.1	31880.0	59.0	129.0	129	36.0	127.0	198.0	198	120.0	1.0	1.0	70.0	71.0	both too long	both too long
YJR124C	X	-	1347	1347	3927.0	98.0	591.2	17.0	202.0	244.0	244	0.0	116.0	194.0	194	183.0	1.0	1.0	42.0	78.0		DRS too short
YJR125C	X	-	1227	1227	148.0	101.0	652.8	97.0	49.0	59.0	59	60.0	86.0	169.0	169	84.0	1.0	1.0	10.0	83.0	both too short	both too long
YJR126C	X	-	2436	2436	133.0	169.0	869.4	2.0	0.0		0	9.0	70.0		70	75.0						
YJR127C	X	-	4143	4143	70.0	86.0	645.2	0.0	656.0		656		77.0		77							
YJR128W	X	+	360	360	50.0		387.1	0.0			0				0							
YJR129C	X	-	1020	1020	127.0	121.0	556.2	11.0	48.0	63.0	63	46.0	40.0	306.0	306	40.0	1.0	1.0	15.0	266.0	both too long	both too long
YJR130C	X	-	1920	1920	125.0	190.0	1027.0	101.0	51.0	89.0	89	62.0	97.0	168.0	168	106.0	1.0	1.0	38.0	71.0	DRS too short	DRS too short
YJR131W	X	+	1650	1650	59.0	87.0	912.5	38.0	247.0	35.0	247	49.0	61.0	903.0	903	65.0	0.0	1.0		842.0		DRS too short
YJR132W	X	+	3147	3147	210.0	174.0	799.8	24.0	46.0	60.0	60	61.0	172.0	174.0	174	164.0	1.0	1.0	14.0	2.0	both too short	both too long
YJR133W	X	+	630	630	169.0	220.0	511.1	248.0	609.0	148.0	609	90.0	104.0	105.0	105	106.0	0.0	1.0		1.0		both too short
YJR134C	X	-	2124	2124	176.0	108.0	697.6	17.0	55.0	70.0	70	41.0	108.0	106.0	108	107.0	1.0	0.0	15.0		both too long	
YJR135C	X	-	720	720	328.0	57.0	410.4	17.0		60.0	60	11.0		229.0	229	228.0						
YJR135W-A	X	+	264	264	437.0	1048.0	415.6	166.0	20.0	19.0	20	20.0	102.0	404.0	404	87.0	0.0	1.0		302.0		both too long
YJR136C	X	-	1266	1266	418.0	54.0	463.7	4.0	8.0	21.0	21	10.0	33.0	85.0	85	95.0	1.0	1.0	13.0	52.0	DRS too short	both too short
YJR137C	X	-	4329	4329	107.0	151.0	936.0	0.0	155.0		155		148.0		148							
YJR138W	X	+	4755	4755	267.0	68.0	601.0	1.0	131.0		131	40.0	149.0		149	121.0						
YJR139C	X	-	1080	1080	715.0	920.0	928.4	849.0	100.0	111.0	111	64.0	71.0	134.0	134	70.0	1.0	1.0	11.0	63.0	both too long	both too long
YJR140C	X	-	4947	4947	33.0	31.0	952.7	0.0	39.0		39		207.0		207							
YJR140W-A	X	+	150	150	18.0	10.0	425.4	1.0	434.0		434	81.0	136.0		136	1098.0						
YJR141W	X	+	1044	1044	94.0	123.0	850.9	13.0	22.0	32.0	32	33.0	58.0	139.0	139	116.0	1.0	1.0	10.0	81.0	both too short	DRS too short
YJR142W	X	+	1029	1029	234.0	190.0	643.5	104.0	9.0	76.0	76	16.0	111.0	193.0	193	105.0	1.0	1.0	67.0	82.0	DRS too short	both too long
YJR143C	X	-	2289	2289	342.0	358.0	949.7	21.0	48.0	70.0	70	59.0	130.0	157.0	157	131.0	1.0	1.0	22.0	27.0	DRS too short	DRS too short
YJR144W	X	+	810	810	2388.0	219.0	479.8	210.0	36.0	195.0	195	21.0	65.0	71.0	71	66.0	1.0	1.0	159.0	6.0	both too long	DRS too short
YJR145C	X	-	1042	786	4473.0	6618.0	663.6	389.0	0.0	494.0	494	20.0	77.0	96.0	96	90.0	1.0	1.0	494.0	19.0	DRS too short	DRS too short
YJR146W	X	+	354	354	21.0	20.0	695.4	3.0	485.0		485	110.0	817.0		817	1155.0						
YJR147W	X	+	1077	1077	50.0	55.0	881.1	57.0	793.0	145.0	793	90.0	129.0	441.0	441	372.0	0.0	1.0		312.0		DRS too short
YJR148W	X	+	1131	1131	445.0	457.0	792.9	191.0	901.0	151.0	901	57.0	61.0	312.0	312	63.0	0.0	1.0		251.0		DRS too short
YJR149W	X	+	1215	1215	235.0	227.0	492.4	6.0	828.0		828	1473.0	40.0		40	37.0						
YJR150C	X	-	897	897	16.0		384.4	2.0		177.0	177	37.0		106.0	106	107.0						
YJR151C	X	-	3486	3486	29.0	13.0	586.2	1.0	143.0		143	124.0	73.0		73	59.0						
YJR151W-A	X	+	51	51	29.0		391.9	0.0			0	518.0			0	295.0						
YJR152W	X	+	1632	1632	47.0	37.0	753.0	4.0	330.0	280.0	330	227.0	92.0	93.0	93	96.0	0.0	1.0		1.0		both too short
YJR153W	X	+	1086	1086	47.0	47.0	634.7	5.0	278.0	194.0	278	337.0	286.0	798.0	798	84.0	0.0	1.0		512.0		both too long
YJR154W	X	+	1041	1041	34.0		576.4	2.0			0	233.0			0	1531.0						
YJR155W	X	+	867	867	65.0	61.0	625.4	34.0	365.0	378.0	378	1030.0	56.0	60.0	60	88.0	1.0	1.0	13.0	4.0	both too short	both too short
YJR156C	X	-	1023	1023	45.0	57.0	439.7	0.0	14.0		14		148.0		148							
YJR157W	X	+	363	363	14.0		529.4	0.0			0				0							
YJR158W	X	+	1704	1704	33.0	28.0	333.5	0.0	264.0		264		199.0		199							
YJR159W	X	+	1074	1074	72.0	101.0	490.2	0.0	113.0		113		74.0		74							
YJR160C	X	-	1809	1809	60.0	5.0	588.5	0.0			0				0							
YJR161C	X	-	1152	1152	162.0	109.0	668.9	0.0	89.0		89		617.0		617							
YJR162C	X	-	351	351				0.0			0				0							
YKL001C	XI	-	609	609	251.0	345.0	556.8	107.0	138.0	150.0	150	44.0	78.0	108.0	108	107.0	1.0	1.0	12.0	30.0	both too long	DRS too short
YKL002W	XI	+	767	699	317.0	139.0	532.6	527.0	67.0	477.0	477	77.0	78.0	91.0	91	61.0	1.0	1.0	410.0	13.0	DRS too short	both too long
YKL003C	XI	-	396	396	186.0	237.0	444.2	634.0	30.0	1086.0	1086	41.0	106.0	132.0	132	98.0	1.0	1.0	1056.0	26.0	DRS too short	both too long
YKL004W	XI	+	1206	1206	260.0	276.0	683.9	93.0	345.0	365.0	365	356.0	48.0	179.0	179	149.0	1.0	1.0	20.0	131.0	DRS too short	DRS too short
YKL005C	XI	-	1785	1785	3300.0	74.0	471.6	39.0	103.0	142.0	142	116.0	175.0	172.0	175	173.0	1.0	0.0	39.0		DRS too short	
YKL006C-A	XI	-	435	294	452.0	712.0	578.4	1178.0	237.0	670.0	670	42.0	910.0	68.0	910	69.0	1.0	0.0	433.0		both too long	
YKL006W	XI	+	815	417	4646.0	7875.0	495.3	1342.0	9.0	193.0	193	19.0	92.0	89.0	92	98.0	1.0	0.0	184.0		DRS too short	
YKL007W	XI	+	807	807	429.0	174.0	622.4	746.0	30.0	356.0	356	41.0	141.0	137.0	141	138.0	1.0	0.0	326.0		DRS too short	
YKL008C	XI	-	1257	1257	718.0	267.0	636.6	16.0	257.0	208.0	257	41.0	73.0	155.0	155	131.0	0.0	1.0		82.0		DRS too short
YKL009W	XI	+	711	711	1047.0	1519.0	686.2	72.0	48.0	76.0	76	39.0	101.0	131.0	131	93.0	1.0	1.0	28.0	30.0	both too long	both too long
YKL010C	XI	-	4452	4452	137.0	176.0	854.3	3.0	92.0		92	88.0	65.0		65	59.0						
YKL011C	XI	-	1062	1062	167.0	88.0	585.8	29.0	14.0	125.0	125	3.0	93.0	88.0	93	82.0	1.0	0.0	111.0		both too long	
YKL012W	XI	+	1752	1752	343.0	93.0	611.4	41.0	78.0	46.0	78	63.0	96.0	241.0	241	138.0	0.0	1.0		145.0		DRS too short
YKL013C	XI	-	516	516	307.0	684.0	594.2	174.0	34.0	52.0	52	45.0	170.0	275.0	275	172.0	1.0	1.0	18.0	105.0	DRS too short	DRS too short
YKL014C	XI	-	5295	5295	352.0	323.0	767.8	0.0	17.0		17		116.0		116							
YKL015W	XI	+	2940	2940	192.0	97.0	731.2	7.0	87.0		87	98.0	117.0		117	102.0						
YKL016C	XI	-	525	525	187.0	373.0	565.3	458.0	78.0	95.0	95	71.0	86.0	194.0	194	95.0	1.0	1.0	17.0	108.0	both too long	DRS too short
YKL017C	XI	-	2052	2052	251.0	34.0	599.1	16.0	0.0	6.0	6	8.0	66.0	110.0	110	111.0	1.0	1.0	6.0	44.0	both too short	both too short
YKL018C-A	XI	-	300	300	72.0	133.0	501.4	1079.0	99.0	55.0	99	41.0	89.0	569.0	569	89.0	0.0	1.0		480.0		both too long
YKL018W	XI	+	990	990	124.0	106.0	578.1	19.0	44.0	39.0	44	40.0	130.0	159.0	159	126.0	0.0	1.0		29.0		both too long
YKL019W	XI	+	951	951	121.0	117.0	732.5	63.0	152.0	210.0	210	19.0	79.0	75.0	79	76.0	1.0	0.0	58.0		both too long	
YKL020C	XI	-	3249	3249	80.0	120.0	862.1	5.0	42.0		42	53.0	73.0		73	90.0						
YKL021C	XI	-	1407	1407	106.0	95.0	627.1	0.0	0.0		0		100.0		100							
YKL022C	XI	-	2523	2523	68.0	47.0	687.7	0.0	11.0		11		102.0		102							
YKL023C-A	XI	-	228	228	146.0	185.0	689.0	6.0	23.0	36.0	36	37.0	724.0	266.0	724	719.0	1.0	0.0	13.0		both too short	
YKL023W	XI	+	834	834	43.0	33.0	479.9	21.0	182.0	139.0	182	27.0	153.0	152.0	153	153.0	0.0	0.0				
YKL024C	XI	-	615	615	143.0	191.0	641.3	98.0	213.0	224.0	224	225.0	101.0	160.0	160	99.0	1.0	1.0	11.0	59.0	both too short	both too long
YKL025C	XI	-	2040	2040	163.0	90.0	731.3	80.0	6.0	33.0	33	34.0	63.0	68.0	68	60.0	1.0	1.0	27.0	5.0	both too short	both too long
YKL026C	XI	-	504	504	133.0	80.0	486.9	6.0	96.0	110.0	110	144.0	178.0	194.0	194	181.0	1.0	1.0	14.0	16.0	both too short	DRS too short
YKL027W	XI	+	1344	1344	230.0	227.0	677.8	111.0	121.0	162.0	162	57.0	108.0	103.0	108	107.0	1.0	0.0	41.0		both too long	
YKL028W	XI	+	1449	1449	52.0	91.0	509.6	64.0	30.0	43.0	43	44.0	306.0	334.0	334	314.0	1.0	1.0	13.0	28.0	both too short	DRS too short
YKL029C	XI	-	2010	2010	176.0	170.0	1056.5	8.0	37.0	121.0	121	24.0	116.0	111.0	116	120.0	1.0	0.0	84.0		both too long	
YKL030W	XI	+	606	606	111.0	222.0	671.2	0.0	268.0		268		884.0		884							
YKL031W	XI	+	414	414	87.0		453.7	0.0			0				0							
YKL032C	XI	-	1794	1794	141.0	114.0	632.0	1.0	83.0		83	94.0	159.0		159	158.0						
YKL033W	XI	+	3117	3117	582.0	82.0	664.7	2.0	29.0		29	6.0	442.0		442	439.0						
YKL033W-A	XI	+	711	711	597.0	1087.0	646.3	157.0	94.0	121.0	121	76.0	71.0	146.0	146	70.0	1.0	1.0	27.0	75.0	both too long	both too long
YKL034W	XI	+	2277	2277	260.0	66.0	457.9	39.0	79.0	143.0	143	45.0	74.0	132.0	132	113.0	1.0	1.0	64.0	58.0	both too long	DRS too short
YKL035W	XI	+	1500	1500	507.0	713.0	998.4	483.0	113.0	132.0	132	71.0	155.0	165.0	165	168.0	1.0	1.0	19.0	10.0	both too long	both too short
YKL036C	XI	-	393	393	16.0	18.0	392.8	5.0		98.0	98	24.0		326.0	326	332.0						
YKL037W	XI	+	357	357	24.0		386.5	1.0			0	66.0			0	1805.0						
YKL038W	XI	+	3513	3513	52.0	49.0	696.0	6.0	225.0		225	235.0	175.0		175	166.0						
YKL039W	XI	+	1572	1572	234.0	200.0	893.0	84.0	155.0	173.0	173	118.0	193.0	258.0	258	235.0	1.0	1.0	18.0	65.0	both too long	DRS too short
YKL040C	XI	-	771	771	298.0	399.0	797.5	382.0	63.0	61.0	63	44.0	253.0	937.0	937	250.0	0.0	1.0		684.0		both too long
YKL041W	XI	+	675	675	168.0	48.0	604.6	225.0	130.0	93.0	130	94.0	78.0	330.0	330	77.0	0.0	1.0		252.0		both too long
YKL042W	XI	+	1092	1092	63.0	41.0	527.1	27.0	54.0	137.0	137	138.0	201.0	255.0	255	207.0	1.0	1.0	83.0	54.0	both too short	DRS too short
YKL043W	XI	+	1101	1101	103.0	129.0	710.4	8.0	236.0	305.0	305	267.0	170.0	165.0	170	174.0	1.0	0.0	69.0		DRS too short	
YKL044W	XI	+	321	321				5.0		303.0	303	109.0		70.0	70	120.0						
YKL045W	XI	+	1587	1587	139.0	141.0	750.9	83.0	646.0	72.0	646	73.0	113.0	138.0	138	103.0	0.0	1.0		25.0		both too long
YKL046C	XI	-	1350	1350	264.0	347.0	942.9	6.0	217.0	265.0	265	240.0	223.0	235.0	235	232.0	1.0	1.0	48.0	12.0	DRS too short	DRS too short
YKL047W	XI	+	1551	1551	194.0	110.0	676.9	12.0	31.0	47.0	47	21.0	108.0	173.0	173	104.0	1.0	1.0	16.0	65.0	both too long	both too long
YKL048C	XI	-	1923	1923	32.0	41.0	563.2	2.0	73.0	84.0	84	85.0	178.0	180.0	180	181.0	1.0	1.0	11.0	2.0	both too short	both too short
YKL049C	XI	-	690	690	67.0	86.0	596.3	18.0	50.0	78.0	78	44.0	112.0	111.0	112	112.0	1.0	0.0	28.0		both too long	
YKL050C	XI	-	2769	2769	88.0	14.0	456.3	1.0	150.0		150	708.0	75.0		75	184.0						
YKL051W	XI	+	1062	1062	155.0	199.0	656.7	5.0	272.0	139.0	272	135.0	179.0	400.0	400	173.0	0.0	1.0		221.0		both too long
YKL052C	XI	-	879	879	182.0	43.0	431.4	171.0	706.0	432.0	706	23.0	41.0	39.0	41	40.0	0.0	0.0				
YKL053C-A	XI	-	261	261	164.0	570.0	417.8	146.0	75.0	80.0	80	86.0	116.0	207.0	207	117.0	1.0	1.0	5.0	91.0	both too short	DRS too short
YKL053W	XI	+	375	375	191.0	17.0	448.5	2.0	206.0		206	419.0	546.0		546	1280.0						
YKL054C	XI	-	2217	2217	519.0	625.0	761.8	11.0	83.0	109.0	109	97.0	216.0	217.0	217	215.0	1.0	1.0	26.0	1.0	DRS too short	both too long
YKL055C	XI	-	837	837	7360.0	13.0	668.3	18.0	241.0	44.0	241	34.0	201.0	438.0	438	1084.0	0.0	1.0		237.0		both too short
YKL056C	XI	-	504	504	8489.0	24040.0	615.1	1866.0	75.0	1212.0	1212	33.0	163.0	128.0	163	175.0	1.0	0.0	1137.0		both too long	
YKL057C	XI	-	3114	3114	8904.0	287.0	623.9	23.0	42.0	54.0	54	49.0	53.0	56.0	56	50.0	1.0	1.0	12.0	3.0	DRS too short	both too long
YKL058W	XI	+	369	369	318.0	448.0	532.8	101.0	36.0	267.0	267	30.0	164.0	163.0	164	219.0	1.0	0.0	231.0		both too long	
YKL059C	XI	-	1326	1326	93.0	33.0	398.9	31.0	59.0	69.0	69	70.0	100.0	120.0	120	90.0	1.0	1.0	10.0	20.0	both too short	both too long
YKL060C	XI	-	1080	1080	18247.0	27259.0	788.6	12211.0	94.0	21.0	94	24.0	86.0	429.0	429	52.0	0.0	1.0		343.0		both too long
YKL061W	XI	+	342	342	9108.0	101.0	447.9	8.0	319.0	29.0	319	17.0	161.0	281.0	281	161.0	0.0	1.0		120.0		both too long
YKL062W	XI	+	1893	1893	140.0	193.0	998.4	14.0	94.0	145.0	145	105.0	306.0	420.0	420	424.0	1.0	1.0	51.0	114.0	DRS too short	both too short
YKL063C	XI	-	504	504	177.0	172.0	549.1	355.0	171.0	694.0	694	166.0	178.0	158.0	178	171.0	1.0	0.0	523.0		both too long	
YKL064W	XI	+	2910	2910	199.0	200.0	714.3	2.0	124.0		124	158.0	158.0		158	36.0						
YKL065C	XI	-	621	621	496.0	979.0	646.8	1906.0	250.0	245.0	250	36.0	50.0	137.0	137	138.0	0.0	1.0		87.0		both too short
YKL065W-A	XI	+	222	222	592.0	18.0	605.2	4.0			0	1196.0			0	357.0						
YKL066W	XI	+	444	444	529.0	546.0	575.2	4.0	590.0		590	523.0	0.0		0	808.0						
YKL067W	XI	+	462	462	549.0	560.0	615.2	840.0	125.0	69.0	125	54.0	195.0	294.0	294	183.0	0.0	1.0		99.0		both too long
YKL068W	XI	+	2880	2880	277.0	222.0	641.4	29.0	109.0	119.0	119	120.0	120.0	101.0	120	102.0	1.0	0.0	10.0		both too short	
YKL068W-A	XI	+	237	237	177.0	218.0	518.6	23.0		210.0	210	45.0		311.0	311	329.0						
YKL069W	XI	+	543	543	89.0	85.0	508.0	153.0	14.0	42.0	42	8.0	35.0	220.0	220	31.0	1.0	1.0	28.0	185.0	both too long	both too long
YKL070W	XI	+	510	510	35.0	43.0	581.7	1.0	445.0	297.0	445	298.0	299.0	258.0	299	259.0	0.0	0.0				
YKL071W	XI	+	771	771	97.0	85.0	771.4	3.0	772.0	219.0	772	775.0	81.0	98.0	98	177.0	0.0	1.0		17.0		both too short
YKL072W	XI	+	2301	2301	144.0	56.0	519.5	2.0	103.0	237.0	237	238.0	133.0	135.0	135	134.0	1.0	1.0	134.0	2.0	both too short	DRS too short
YKL073W	XI	+	2646	2646	227.0	304.0	922.4	6.0	42.0	76.0	76	39.0	83.0	90.0	90	93.0	1.0	1.0	34.0	7.0	both too long	both too short
YKL074C	XI	-	1584	1584	94.0	142.0	927.9	73.0	14.0	7.0	14	24.0	80.0	108.0	108	74.0	0.0	1.0		28.0		both too long
YKL075C	XI	-	1353	1353	170.0	27.0	502.6	100.0	83.0		83	85.0	166.0		166	163.0						
YKL076C	XI	-	384	384	136.0	33.0	535.6	100.0	991.0	1038.0	1038	1172.0	48.0	80.0	80	45.0	1.0	1.0	47.0	32.0	both too short	both too long
YKL077W	XI	+	1179	1179	279.0	442.0	845.6	67.0	59.0	112.0	112	64.0	204.0	333.0	333	202.0	1.0	1.0	53.0	129.0	DRS too short	both too long
YKL078W	XI	+	2208	2208	95.0	88.0	633.3	664.0	22.0	32.0	32	33.0	91.0	103.0	103	84.0	1.0	1.0	10.0	12.0	both too short	both too long
YKL079W	XI	+	1971	1971	397.0	220.0	703.8	15.0	57.0	76.0	76	93.0	78.0	72.0	78	73.0	1.0	0.0	19.0		both too short	
YKL080W	XI	+	1179	1179	1325.0	785.0	569.9	29.0	94.0	128.0	128	87.0	47.0	127.0	127	51.0	1.0	1.0	34.0	80.0	both too long	DRS too short
YKL081W	XI	+	1565	1239	2169.0	2823.0	844.7	2492.0	8.0	78.0	78	25.0	207.0	239.0	239	205.0	1.0	1.0	70.0	32.0	DRS too short	both too long
YKL082C	XI	-	1305	1305	73.0	17.0	462.1	3.0	68.0	46.0	68	50.0	81.0	176.0	176	110.0	0.0	1.0		95.0		DRS too short
YKL083W	XI	+	615	615	51.0	53.0	408.1	2.0	446.0		446	758.0	842.0		842	2603.0						
YKL084W	XI	+	351	351	74.0	28.0	474.1	12.0	35.0	94.0	94	51.0	156.0	163.0	163	161.0	1.0	1.0	59.0	7.0	DRS too short	DRS too short
YKL085W	XI	+	1005	1005	209.0	296.0	956.4	2423.0	125.0	391.0	391	81.0	35.0	391.0	391	35.0	1.0	1.0	266.0	356.0	both too long	both too long
YKL086W	XI	+	384	384	16.0	19.0	399.8	14.0	38.0	25.0	38	18.0	77.0	174.0	174	56.0	0.0	1.0		97.0		both too long
YKL087C	XI	-	675	675	106.0	159.0	508.5	161.0	103.0	102.0	103	99.0	134.0	216.0	216	134.0	0.0	1.0		82.0		both too long
YKL088W	XI	+	1716	1716	114.0	33.0	596.7	138.0	18.0	60.0	60	29.0	42.0	209.0	209	210.0	1.0	1.0	42.0	167.0	DRS too short	both too short
YKL089W	XI	+	1650	1650	60.0	68.0	675.5	15.0	75.0	18.0	75	25.0	86.0	228.0	228	58.0	0.0	1.0		142.0		both too long
YKL090W	XI	+	1332	1332	83.0	96.0	586.2	75.0	295.0	39.0	295	5.0	163.0	187.0	187	165.0	0.0	1.0		24.0		DRS too short
YKL091C	XI	-	933	933	101.0	118.0	758.4	14.0	39.0	38.0	39	43.0	96.0	98.0	98	95.0	0.0	1.0		2.0		both too long
YKL092C	XI	-	3315	3315	102.0	98.0	718.7	4.0	76.0	86.0	86	76.0	137.0	215.0	215	216.0	1.0	1.0	10.0	78.0	both too long	both too short
YKL093W	XI	+	1020	1020	130.0	55.0	517.0	24.0	508.0	65.0	508	61.0	157.0	160.0	160	156.0	0.0	1.0		3.0		both too long
YKL094W	XI	+	942	942	287.0	339.0	789.7	191.0	309.0	1033.0	1033	23.0	93.0	88.0	93	89.0	1.0	0.0	724.0		both too long	
YKL095W	XI	+	837	837	120.0		427.8	86.0			0	182.0			0	1266.0						
YKL096C-B	XI	-	150	150	2792.0	3696.0	454.6	0.0	481.0		481		203.0		203							
YKL096W	XI	+	720	720	455.0	1339.0	754.6	1225.0	45.0	1831.0	1831	47.0	104.0	93.0	104	94.0	1.0	0.0	1786.0		DRS too short	
YKL096W-A	XI	+	279	279	3019.0	4063.0	459.1	13954.0		47.0	47	48.0		275.0	275	174.0						
YKL097C	XI	-	411	411	2726.0		454.4	1.0			0	103.0			0	452.0						
YKL098W	XI	+	1074	1074	76.0	74.0	817.0	30.0	34.0	33.0	34	26.0	86.0	216.0	216	84.0	0.0	1.0		130.0		both too long
YKL099C	XI	-	753	753	183.0	275.0	668.2	82.0	65.0	80.0	80	75.0	55.0	188.0	188	104.0	1.0	1.0	15.0	133.0	DRS too short	DRS too short
YKL100C	XI	-	1764	1764	235.0	81.0	766.2	262.0	32.0	72.0	72	23.0	77.0	248.0	248	241.0	1.0	1.0	40.0	171.0	both too long	DRS too short
YKL100W-A	XI	+	90	90	63.0	65.0	547.0	0.0	717.0		717	608.0	884.0		884	399.0						
YKL101W	XI	+	4557	4557	178.0	257.0	926.7	3.0	269.0		269	261.0	60.0		60	56.0						
YKL102C	XI	-	306	306	15.0		449.3	1.0			0	2.0			0	311.0						
YKL103C	XI	-	1545	1545	162.0	201.0	928.5	90.0	47.0	454.0	454	54.0	180.0	190.0	190	177.0	1.0	1.0	407.0	10.0	DRS too short	both too long
YKL104C	XI	-	2154	2154	462.0	564.0	1137.4	79.0	184.0	201.0	201	202.0	251.0	279.0	279	241.0	1.0	1.0	17.0	28.0	both too short	both too long
YKL104W-A	XI	+	255	255	30.0		477.7	0.0			0				0							
YKL105C	XI	-	3399	3399	203.0	85.0	482.0	2.0	124.0		124	199.0	220.0		220	197.0						
YKL106C-A	XI	-	120	120	8.0		475.9	2.0		2.0	2	3.0		894.0	894	895.0						
YKL106W	XI	+	1356	1356	100.0	101.0	781.1	3.0	98.0	99.0	99	100.0	120.0	174.0	174	129.0	1.0	1.0	1.0	54.0	both too short	DRS too short
YKL107W	XI	+	930	930	17.0	10.0	433.5	2.0	218.0	33.0	218	34.0	62.0	140.0	140	141.0	0.0	1.0		78.0		both too short
YKL108W	XI	+	1362	1362	167.0	27.0	507.0	6.0	30.0	193.0	193	194.0	75.0	66.0	75	67.0	1.0	0.0	163.0		both too short	
YKL109W	XI	+	1665	1665	295.0	416.0	797.6	61.0	23.0	270.0	270	271.0	365.0	359.0	365	141.0	1.0	0.0	247.0		both too short	
YKL110C	XI	-	942	942	168.0	218.0	639.2	9.0	460.0	489.0	489	246.0	134.0	141.0	141	130.0	1.0	1.0	29.0	7.0	both too long	both too long
YKL111C	XI	-	336	336	52.0	14.0	493.4	0.0	112.0		112		657.0		657							
YKL112W	XI	+	2196	2196	64.0	12.0	689.2	660.0	156.0	180.0	180	167.0	142.0	141.0	142	141.0	1.0	0.0	24.0		DRS too short	
YKL113C	XI	-	1149	1149	36.0	46.0	754.8	41.0	40.0	61.0	61	0.0	103.0	125.0	125	108.0	1.0	1.0	21.0	22.0		DRS too short
YKL114C	XI	-	1104	1104	56.0	86.0	681.6	150.0	297.0	70.0	297	46.0	87.0	108.0	108	85.0	0.0	1.0		21.0		both too long
YKL115C	XI	-	393	393	25.0	5.0	537.0	0.0			0				0							
YKL116C	XI	-	1557	1557	303.0	87.0	541.0	22.0	89.0	229.0	229	200.0	139.0	276.0	276	142.0	1.0	1.0	140.0	137.0	DRS too short	DRS too short
YKL117W	XI	+	651	651	381.0	581.0	621.1	499.0	44.0	30.0	44	31.0	151.0	291.0	291	219.0	0.0	1.0		140.0		DRS too short
YKL118W	XI	+	312	312	176.0		429.2	0.0	178.0		178		0.0		0							
YKL119C	XI	-	648	648	396.0	244.0	564.9	23.0	43.0	117.0	117	43.0	142.0	140.0	142	122.0	1.0	0.0	74.0		both too long	
YKL120W	XI	+	975	975	908.0	1225.0	908.4	45.0	106.0	162.0	162	81.0	126.0	189.0	189	185.0	1.0	1.0	56.0	63.0	both too long	DRS too short
YKL121W	XI	+	2559	2559	57.0	64.0	746.7	4.0	222.0	261.0	261	215.0	125.0	131.0	131	124.0	1.0	1.0	39.0	6.0	both too long	both too long
YKL122C	XI	-	504	504	237.0	656.0	531.8	35.0	42.0	51.0	51	34.0	98.0	162.0	162	90.0	1.0	1.0	9.0	64.0	both too long	both too long
YKL123W	XI	+	381	381	241.0	36.0	522.6	9.0	958.0	1130.0	1130	1574.0	71.0	86.0	86	65.0	1.0	1.0	172.0	15.0	both too short	both too long
YKL124W	XI	+	1740	1740	252.0	10.0	537.4	9.0	108.0		108	124.0	107.0		107	156.0						
YKL125W	XI	+	1884	1884	145.0	123.0	613.4	23.0	141.0	90.0	141	91.0	156.0	163.0	163	159.0	0.0	1.0		7.0		DRS too short
YKL126W	XI	+	2043	2043	188.0	174.0	812.7	32.0	199.0	207.0	207	208.0	74.0	69.0	74	73.0	1.0	0.0	8.0		both too short	
YKL127W	XI	+	1713	1713	233.0	249.0	772.6	604.0	33.0	364.0	364	25.0	142.0	143.0	143	144.0	1.0	1.0	331.0	1.0	both too long	both too short
YKL128C	XI	-	888	888	405.0	412.0	760.4	37.0	270.0	25.0	270	31.0	91.0	387.0	387	161.0	0.0	1.0		296.0		DRS too short
YKL129C	XI	-	3819	3819	123.0	57.0	502.5	2.0	39.0	23.0	39	92.0	115.0	105.0	115	104.0	0.0	0.0				
YKL130C	XI	-	741	741	80.0	148.0	599.6	25.0	64.0	90.0	90	50.0	118.0	175.0	175	141.0	1.0	1.0	26.0	57.0	both too long	DRS too short
YKL131W	XI	+	522	522	49.0		611.9	1.0			0	302.0			0	49.0						
YKL132C	XI	-	1293	1293	56.0	30.0	606.3	6.0	182.0	164.0	182	136.0	152.0	359.0	359	144.0	0.0	1.0		207.0		both too long
YKL133C	XI	-	1392	1392	39.0	39.0	633.1	17.0	23.0	10.0	23	13.0	50.0	169.0	169	47.0	0.0	1.0		119.0		both too long
YKL134C	XI	-	2319	2319	77.0	92.0	741.3	20.0	40.0	51.0	51	52.0	223.0	282.0	282	263.0	1.0	1.0	11.0	59.0	both too short	DRS too short
YKL135C	XI	-	2181	2181	162.0	65.0	705.0	12.0	112.0	149.0	149	85.0	78.0	73.0	78	78.0	1.0	0.0	37.0		both too long	
YKL136W	XI	+	399	399	127.0	112.0	570.1	1.0	161.0		161	519.0	879.0		879	2.0						
YKL137W	XI	+	336	336	153.0	275.0	485.8	273.0	58.0	408.0	408	66.0	144.0	151.0	151	150.0	1.0	1.0	350.0	7.0	DRS too short	DRS too short
YKL138C	XI	-	396	396	173.0	101.0	476.5	125.0	111.0	524.0	524	87.0	75.0	70.0	75	78.0	1.0	0.0	413.0		both too long	
YKL138C-A	XI	-	210	210	124.0	207.0	492.8	15.0		500.0	500	22.0		239.0	239	282.0						
YKL139W	XI	+	1587	1587	151.0	71.0	544.4	7.0	173.0	176.0	176	177.0	56.0	62.0	62	63.0	1.0	1.0	3.0	6.0	both too short	both too short
YKL140W	XI	+	1647	1647	142.0	124.0	736.8	25.0	262.0	267.0	267	274.0	135.0	225.0	225	163.0	1.0	1.0	5.0	90.0	both too short	DRS too short
YKL141W	XI	+	597	597	303.0	264.0	561.3	1295.0	30.0	249.0	249	37.0	99.0	128.0	128	118.0	1.0	1.0	219.0	29.0	DRS too short	DRS too short
YKL142W	XI	+	660	660	242.0	310.0	588.2	51.0	67.0	96.0	96	65.0	128.0	160.0	160	140.0	1.0	1.0	29.0	32.0	both too long	DRS too short
YKL143W	XI	+	1392	1392	116.0	103.0	636.2	340.0	42.0	53.0	53	54.0	87.0	368.0	368	81.0	1.0	1.0	11.0	281.0	both too short	both too long
YKL144C	XI	-	639	639	175.0	188.0	509.7	14.0	69.0	87.0	87	12.0	128.0	242.0	242	127.0	1.0	1.0	18.0	114.0	both too long	both too long
YKL145W	XI	+	1404	1404	264.0	211.0	724.9	159.0	42.0	53.0	53	23.0	65.0	208.0	208	63.0	1.0	1.0	11.0	143.0	both too long	both too long
YKL145W-A	XI	+	93	93	163.0	190.0	759.2	159.0	787.0	356.0	787	768.0	630.0	756.0	756	629.0	0.0	1.0		126.0		both too long
YKL146W	XI	+	2079	2079	78.0	112.0	920.1	370.0	8.0	174.0	174	21.0	87.0	83.0	87	86.0	1.0	0.0	166.0		DRS too short	
YKL147C	XI	-	618	618				0.0			0				0							
YKL148C	XI	-	1923	1923	66.0	88.0	1255.6	9.0	281.0	176.0	281	152.0	197.0	232.0	232	180.0	0.0	1.0		35.0		both too long
YKL149C	XI	-	1218	1218	241.0	68.0	561.5	9.0	29.0	74.0	74	20.0	137.0	154.0	154	151.0	1.0	1.0	45.0	17.0	both too long	DRS too short
YKL150W	XI	+	1053	909	435.0	592.0	741.6	5.0	66.0	138.0	138	82.0	109.0	119.0	119	104.0	1.0	1.0	72.0	10.0	DRS too short	both too long
YKL151C	XI	-	1014	1014	135.0	215.0	477.0	2.0	130.0	4.0	130	5.0	37.0	1108.0	1108	1109.0	0.0	1.0		1071.0		both too short
YKL152C	XI	-	744	744	7535.0	11507.0	694.9	20001.0	33.0	23.0	33	23.0	141.0	635.0	635	134.0	0.0	1.0		494.0		both too long
YKL153W	XI	+	510	510	7458.0	3399.0	696.9	0.0	121.0		121		108.0		108							
YKL154W	XI	+	735	735	204.0	217.0	633.2	140.0	88.0	98.0	98	80.0	66.0	116.0	116	65.0	1.0	1.0	10.0	50.0	both too long	both too long
YKL155C	XI	-	1887	1887	1585.0	75.0	480.2	4.0	12.0	54.0	54	3.0	41.0	90.0	90	45.0	1.0	1.0	42.0	49.0	both too long	DRS too short
YKL156C-A	XI	-	117	117	1733.0		459.7	0.0			0	100.0			0	54.0						
YKL156W	XI	+	600	249	1688.0	4775.0	458.1	89.0	0.0	53.0	53	18.0	217.0	236.0	236	207.0	1.0	1.0	53.0	19.0	DRS too short	both too long
YKL157W	XI	+	3242	2859	201.0	326.0	1031.3	25.0	28.0	11.0	28	24.0	156.0	110.0	156	144.0	0.0	0.0				
YKL159C	XI	-	636	636	76.0	75.0	492.9	10.0	42.0	8.0	42	40.0	119.0	681.0	681	103.0	0.0	1.0		562.0		both too long
YKL160W	XI	+	438	438	128.0	98.0	573.6	234.0	19.0	4.0	19	8.0	78.0	1237.0	1237	72.0	0.0	1.0		1159.0		both too long
YKL161C	XI	-	1302	1302	88.0	111.0	813.1	18.0	984.0	277.0	984	68.0	287.0	314.0	314	332.0	0.0	1.0		27.0		both too short
YKL162C	XI	-	1209	1209	39.0	22.0	529.1	17.0	41.0	108.0	108	109.0	144.0	146.0	146	141.0	1.0	1.0	67.0	2.0	both too short	both too long
YKL162C-A	XI	-	153	153	42.0	11.0	583.3	1.0			0	61.0			0	372.0						
YKL163W	XI	+	978	978	125.0	141.0	666.5	4.0	732.0	43.0	732	78.0	311.0	402.0	402	397.0	0.0	1.0		91.0		DRS too short
YKL164C	XI	-	1026	1026	428.0	370.0	678.5	168.0	79.0	359.0	359	75.0	262.0	257.0	262	258.0	1.0	0.0	280.0		both too long	
YKL165C	XI	-	2760	2760	220.0	169.0	643.7	8.0	39.0	56.0	56	57.0	80.0	156.0	156	114.0	1.0	1.0	17.0	76.0	both too short	DRS too short
YKL165C-A	XI	-	234	234	29.0		547.8	1.0			0	3.0			0	1512.0						
YKL166C	XI	-	1197	1197	116.0	90.0	634.6	908.0	170.0	215.0	215	163.0	27.0	219.0	219	220.0	1.0	1.0	45.0	192.0	both too long	both too short
YKL167C	XI	-	414	414	74.0	141.0	449.3	228.0	9.0	19.0	19	20.0	152.0	244.0	244	152.0	1.0	1.0	10.0	92.0	both too short	both too long
YKL168C	XI	-	2175	2175	150.0	39.0	567.6	65.0	44.0	9.0	44	10.0	67.0	302.0	302	65.0	0.0	1.0		235.0		both too long
YKL169C	XI	-	384	384	88.0	157.0	508.4	2.0	130.0	1609.0	1609	123.0	54.0	360.0	360	396.0	1.0	1.0	1479.0	306.0	both too long	both too short
YKL170W	XI	+	417	417	76.0	108.0	496.9	234.0	82.0	112.0	112	73.0	140.0	183.0	183	136.0	1.0	1.0	30.0	43.0	both too long	both too long
YKL171W	XI	+	2787	2787	168.0	43.0	485.6	5.0	77.0		77	77.0	103.0		103	149.0						
YKL172W	XI	+	1284	1284	177.0	213.0	585.7	1099.0	23.0	33.0	33	29.0	105.0	153.0	153	99.0	1.0	1.0	10.0	48.0	DRS too short	both too long
YKL173W	XI	+	3027	3027	66.0	109.0	664.4	10.0	42.0	24.0	42	25.0	107.0	102.0	107	103.0	0.0	0.0				
YKL174C	XI	-	1857	1857	124.0	88.0	722.6	128.0	93.0	99.0	99	86.0	86.0	124.0	124	82.0	1.0	1.0	6.0	38.0	both too long	both too long
YKL175W	XI	+	1512	1512	133.0	167.0	771.8	186.0	60.0	242.0	242	46.0	82.0	162.0	162	84.0	1.0	1.0	182.0	80.0	both too long	DRS too short
YKL176C	XI	-	2487	2487	161.0	179.0	725.2	14.0	335.0	345.0	345	346.0	58.0	42.0	58	92.0	1.0	0.0	10.0		both too short	
YKL177W	XI	+	339	339	102.0		458.8	1.0			0	39.0			0	193.0						
YKL178C	XI	-	1413	1413	585.0	795.0	806.6	4.0		43.0	43	43.0		272.0	272	277.0						
YKL179C	XI	-	2040	2040	901.0	141.0	448.4	7.0	5.0		5	55.0	148.0		148	127.0						
YKL180W	XI	+	861	555	3479.0	3824.0	618.6	2696.0	44.0	178.0	178	21.0	116.0	108.0	116	109.0	1.0	0.0	134.0		both too long	
YKL181W	XI	+	1284	1284	1832.0	1120.0	661.5	1802.0	205.0	148.0	205	176.0	126.0	308.0	308	73.0	0.0	1.0		182.0		both too long
YKL182W	XI	+	6156	6156	2923.0	3802.0	1095.5	0.0	281.0		281		87.0		87							
YKL183C-A	XI	-	213	213	76.0	65.0	481.0	0.0	0.0		0	976.0	477.0		477	65.0						
YKL183W	XI	+	921	921	147.0	106.0	555.0	162.0	196.0	169.0	196	143.0	136.0	708.0	708	128.0	0.0	1.0		572.0		both too long
YKL184W	XI	+	1401	1401	138.0	157.0	700.4	288.0	196.0	212.0	212	160.0	286.0	305.0	305	283.0	1.0	1.0	16.0	19.0	both too long	both too long
YKL185W	XI	+	1767	1767	157.0	190.0	749.6	119.0	337.0	365.0	365	348.0	114.0	122.0	122	113.0	1.0	1.0	28.0	8.0	DRS too short	both too long
YKL186C	XI	-	722	555	250.0	244.0	527.4	159.0	130.0	294.0	294	60.0	102.0	99.0	102	100.0	1.0	0.0	164.0		both too long	
YKL187C	XI	-	2253	2253	25.0	25.0	528.4	1.0	769.0		769	38.0	157.0		157	171.0						
YKL188C	XI	-	2562	2562	99.0	96.0	785.7	1.0	91.0		91	113.0	90.0		90	85.0						
YKL189W	XI	+	1200	1200	55.0	57.0	715.3	36.0	133.0	271.0	271	99.0	132.0	217.0	217	218.0	1.0	1.0	138.0	85.0	both too long	both too short
YKL190W	XI	+	604	528	225.0	170.0	544.5	774.0	35.0	45.0	45	46.0	170.0	393.0	393	168.0	1.0	1.0	10.0	223.0	both too short	both too long
YKL191W	XI	+	1605	1605	168.0	170.0	772.0	54.0	18.0	50.0	50	30.0	88.0	92.0	92	93.0	1.0	1.0	32.0	4.0	DRS too short	both too short
YKL192C	XI	-	378	378	211.0	475.0	518.0	1276.0	33.0	83.0	83	25.0	137.0	142.0	142	143.0	1.0	1.0	50.0	5.0	both too long	both too short
YKL193C	XI	-	1017	1017	284.0	101.0	592.3	6.0	31.0	41.0	41	39.0	111.0	109.0	111	106.0	1.0	0.0	10.0		DRS too short	
YKL194C	XI	-	1389	1389	158.0	59.0	557.6	12.0	71.0	78.0	78	39.0	168.0	226.0	226	209.0	1.0	1.0	7.0	58.0	both too long	DRS too short
YKL195W	XI	+	1212	1212	361.0	255.0	729.2	9459.0	33.0	33.0	33	34.0	130.0	269.0	269	129.0	0.0	1.0		139.0		both too long
YKL196C	XI	-	603	603	1094.0	1254.0	647.2	245.0	65.0	117.0	117	47.0	155.0	159.0	159	160.0	1.0	1.0	52.0	4.0	both too long	both too short
YKL197C	XI	-	3132	3132	44.0	23.0	479.9	2.0	22.0		22	32.0	301.0		301	418.0						
YKL198C	XI	-	1989	1989	77.0	71.0	730.4	5.0	217.0	225.0	225	308.0	131.0	144.0	144	116.0	1.0	1.0	8.0	13.0	both too short	both too long
YKL201C	XI	-	3537	3537	39.0	40.0	512.2	1.0			0	61.0			0	173.0						
YKL202W	XI	+	582	582	10.0		408.2	0.0			0				0							
YKL203C	XI	-	7425	7425	90.0	78.0	569.7	0.0	181.0		181		81.0		81							
YKL204W	XI	+	1899	1899	151.0	104.0	569.8	112.0	21.0	42.0	42	34.0	168.0	173.0	173	174.0	1.0	1.0	21.0	5.0	DRS too short	both too short
YKL205W	XI	+	3303	3303	214.0	278.0	943.9	2.0	34.0	30.0	34	31.0	124.0	125.0	125	126.0	0.0	1.0		1.0		both too short
YKL206C	XI	-	804	804	208.0	168.0	572.6	76.0	25.0	98.0	98	22.0	21.0	65.0	65	66.0	1.0	1.0	73.0	44.0	both too long	both too short
YKL207W	XI	+	762	762	241.0	305.0	554.4	320.0	805.0	33.0	805	31.0	54.0	179.0	179	52.0	0.0	1.0		125.0		both too long
YKL208W	XI	+	816	816	74.0	36.0	770.0	20.0	33.0	8.0	33	21.0	72.0	203.0	203	73.0	0.0	1.0		131.0		DRS too short
YKL209C	XI	-	3873	3873	207.0	48.0	566.6	0.0	91.0		91		177.0		177							
YKL210W	XI	+	3075	3075	326.0	462.0	961.4	2.0	38.0		38	38.0	97.0		97	14.0						
YKL211C	XI	-	1455	1455	354.0	365.0	783.3	1.0	65.0	76.0	76	77.0	80.0	157.0	157	158.0	1.0	1.0	11.0	77.0	both too short	both too short
YKL212W	XI	+	1872	1872	357.0	328.0	817.5	2.0	136.0	200.0	200	201.0	145.0	93.0	145	94.0	1.0	0.0	64.0		both too short	
YKL213C	XI	-	2148	2148	285.0	323.0	959.5	119.0	27.0	74.0	74	38.0	79.0	70.0	79	75.0	1.0	0.0	47.0		DRS too short	
YKL214C	XI	-	612	612	160.0	146.0	496.2	63.0	62.0	67.0	67	64.0	61.0	161.0	161	56.0	1.0	1.0	5.0	100.0	DRS too short	both too long
YKL215C	XI	-	3861	3861	218.0	75.0	525.0	1.0	62.0		62	31.0	203.0		203	168.0						
YKL216W	XI	+	945	945	344.0	456.0	720.0	39.0	60.0	41.0	60	42.0	245.0	400.0	400	306.0	0.0	1.0		155.0		DRS too short
YKL217W	XI	+	1851	1851	67.0	60.0	536.9	20.0	168.0		168	51.0	140.0		140	106.0						
YKL218C	XI	-	981	981	217.0	209.0	728.7	4.0	434.0	481.0	481	129.0	63.0	198.0	198	200.0	1.0	1.0	47.0	135.0	both too long	both too short
YKL219W	XI	+	1224	1224	121.0	79.0	640.9	0.0	325.0		325		84.0		84							
YKL220C	XI	-	2136	2136	40.0	34.0	856.8	2.0	377.0		377	155.0	178.0		178	176.0						
YKL221W	XI	+	1422	1422	24.0	8.0	413.6	1.0			0	22.0			0	147.0						
YKL222C	XI	-	2118	2118	45.0	50.0	707.7	10.0	121.0		121	118.0	241.0		241	282.0						
YKL223W	XI	+	333	333	7.0		267.0	0.0			0				0							
YKL224C	XI	-	372	372				0.0			0				0							
YKL225W	XI	+	348	348				0.0			0				0							
YKR001C	XI	-	2115	2115	331.0	330.0	779.6	164.0	56.0	67.0	67	68.0	134.0	141.0	141	124.0	1.0	1.0	11.0	7.0	both too short	both too long
YKR002W	XI	+	1707	1707	64.0	94.0	823.9	69.0	192.0	250.0	250	205.0	74.0	96.0	96	55.0	1.0	1.0	58.0	22.0	DRS too short	both too long
YKR003W	XI	+	1347	1347	125.0	55.0	543.8	26.0	97.0	516.0	516	108.0	89.0	88.0	89	89.0	1.0	0.0	419.0		DRS too short	
YKR004C	XI	-	1238	1134	88.0	114.0	531.8	11.0	47.0	46.0	47	44.0	74.0	595.0	595	48.0	0.0	1.0		521.0		both too long
YKR005C	XI	-	1647	1578	73.0	114.0	518.6	6.0	976.0		976	1061.0	214.0		214	229.0						
YKR006C	XI	-	795	795	92.0	42.0	576.0	141.0	21.0	52.0	52	11.0	85.0	90.0	90	91.0	1.0	1.0	31.0	5.0	both too long	both too short
YKR007W	XI	+	555	555	38.0	87.0	543.6	110.0	17.0	48.0	48	17.0	73.0	83.0	83	84.0	1.0	1.0	31.0	10.0	both too long	both too short
YKR008W	XI	+	1878	1878	113.0	77.0	683.0	72.0	20.0	31.0	31	32.0	117.0	124.0	124	125.0	1.0	1.0	11.0	7.0	both too short	both too short
YKR009C	XI	-	2703	2703	91.0	98.0	511.4	2.0	89.0		89	77.0	122.0		122	134.0						
YKR010C	XI	-	2316	2316	111.0	66.0	592.2	7.0	119.0	88.0	119	83.0	107.0	140.0	140	103.0	0.0	1.0		33.0		both too long
YKR011C	XI	-	1062	1062	152.0	176.0	756.9	16.0	98.0	118.0	118	108.0	118.0	110.0	118	115.0	1.0	0.0	20.0		DRS too short	
YKR012C	XI	-	378	378	94.0	57.0	705.2	4.0	908.0	907.0	908	910.0	86.0	78.0	86	455.0	0.0	0.0				
YKR013W	XI	+	990	990	333.0	319.0	586.7	1617.0	38.0	39.0	39	40.0	106.0	220.0	220	127.0	1.0	1.0	1.0	114.0	both too short	DRS too short
YKR014C	XI	-	705	705	303.0	312.0	577.8	163.0	70.0	142.0	142	143.0	95.0	139.0	139	95.0	1.0	1.0	72.0	44.0	both too short	both too long
YKR015C	XI	-	1707	1707	58.0	79.0	584.8	2.0	743.0		743	696.0	540.0		540	201.0						
YKR016W	XI	+	1623	1623	199.0	255.0	788.2	133.0	36.0	50.0	50	46.0	231.0	275.0	275	276.0	1.0	1.0	14.0	44.0	DRS too short	both too short
YKR017C	XI	-	1656	1656	159.0	51.0	560.8	13.0	94.0	114.0	114	144.0	160.0	179.0	179	150.0	1.0	1.0	20.0	19.0	both too short	both too long
YKR018C	XI	-	2178	2178	103.0	135.0	927.9	155.0	39.0	21.0	39	39.0	158.0	340.0	340	153.0	0.0	1.0		182.0		both too long
YKR019C	XI	-	1848	1848	40.0	25.0	527.4	8.0	94.0	110.0	110	111.0	85.0	155.0	155	83.0	1.0	1.0	16.0	70.0	both too short	both too long
YKR020W	XI	+	495	495	28.0	85.0	512.5	54.0	31.0	31.0	31	8.0	240.0	353.0	353	237.0	0.0	1.0		113.0		both too long
YKR021W	XI	+	2748	2748	121.0	115.0	643.9	16.0	72.0	68.0	72	69.0	154.0	190.0	190	136.0	0.0	1.0		36.0		both too long
YKR022C	XI	-	969	969	101.0	75.0	733.3	15.0	44.0	86.0	86	29.0	125.0	130.0	130	124.0	1.0	1.0	42.0	5.0	both too long	both too long
YKR023W	XI	+	1593	1593	65.0	43.0	456.1	13.0	32.0	60.0	60	64.0	79.0	93.0	93	84.0	1.0	1.0	28.0	14.0	both too short	DRS too short
YKR024C	XI	-	2229	2229	78.0	99.0	923.7	75.0	19.0	41.0	41	27.0	82.0	130.0	130	77.0	1.0	1.0	22.0	48.0	DRS too short	both too long
YKR025W	XI	+	849	849	132.0	58.0	563.5	91.0	38.0	59.0	59	31.0	44.0	137.0	137	102.0	1.0	1.0	21.0	93.0	both too long	DRS too short
YKR026C	XI	-	918	918	215.0	273.0	791.8	66.0	96.0	143.0	143	87.0	176.0	184.0	184	179.0	1.0	1.0	47.0	8.0	both too long	DRS too short
YKR027W	XI	+	2298	2298	76.0	73.0	760.9	11.0	59.0	6.0	59	99.0	96.0	484.0	484	79.0	0.0	1.0		388.0		both too long
YKR028W	XI	+	3102	3102	84.0	81.0	668.4	11.0	363.0		363	44.0	153.0		153	137.0						
YKR029C	XI	-	2256	2256	79.0	69.0	771.4	17.0	10.0	4.0	10	5.0	117.0	92.0	117	107.0	0.0	0.0				
YKR030W	XI	+	822	822	190.0	224.0	744.8	65.0	206.0	221.0	221	52.0	118.0	115.0	118	116.0	1.0	0.0	15.0		both too long	
YKR031C	XI	-	5052	5052	146.0	113.0	722.5	0.0	0.0		0		220.0		220							
YKR032W	XI	+	315	315	5.0		762.4	0.0			0	204.0			0	24.0						
YKR033C	XI	-	426	426	16.0		690.9	0.0			0				0							
YKR034W	XI	+	810	810	45.0	36.0	532.9	0.0			0	186.0			0	77.0						
YKR035C	XI	-	642	642	74.0	71.0	491.1	1.0	125.0		125	1055.0	12.0		12	214.0						
YKR035W-A	XI	+	615	615	66.0	93.0	518.3	6.0	32.0	12.0	32	17.0	127.0	186.0	186	130.0	0.0	1.0		59.0		DRS too short
YKR036C	XI	-	1932	1932	96.0	59.0	560.0	132.0	63.0	23.0	63	30.0	34.0	154.0	154	119.0	0.0	1.0		120.0		DRS too short
YKR037C	XI	-	888	888	88.0	99.0	637.8	16.0	27.0	61.0	61	19.0	145.0	165.0	165	166.0	1.0	1.0	34.0	20.0	both too long	both too short
YKR038C	XI	-	1161	1161	165.0	76.0	566.4	30.0	18.0	17.0	18	9.0	70.0	176.0	176	109.0	0.0	1.0		106.0		DRS too short
YKR039W	XI	+	1809	1809	959.0	937.0	703.9	10.0	61.0	102.0	102	64.0	98.0	149.0	149	105.0	1.0	1.0	41.0	51.0	DRS too short	DRS too short
YKR040C	XI	-	504	504	5.0		614.6	0.0			0				0							
YKR041W	XI	+	753	753				21.0		18.0	18	19.0		416.0	416	414.0						
YKR042W	XI	+	1098	1098	940.0	1093.0	750.2	2157.0	210.0	372.0	372	207.0	142.0	206.0	206	234.0	1.0	1.0	162.0	64.0	both too long	both too short
YKR043C	XI	-	816	816	773.0	617.0	527.9	426.0	26.0	21.0	26	20.0	143.0	258.0	258	153.0	0.0	1.0		115.0		DRS too short
YKR044W	XI	+	1332	1332	112.0	69.0	635.8	104.0	485.0	59.0	485	69.0	70.0	248.0	248	68.0	0.0	1.0		178.0		both too long
YKR045C	XI	-	552	552	133.0	96.0	534.8	25.0	28.0	27.0	28	28.0	111.0	1546.0	1546	1551.0	0.0	1.0		1435.0		both too short
YKR046C	XI	-	852	852	241.0	294.0	745.1	98.0	293.0	37.0	293	9.0	64.0	163.0	163	164.0	0.0	1.0		99.0		both too short
YKR047W	XI	+	306	306	55.0	5.0	497.6	0.0			0				0							
YKR048C	XI	-	1254	1254	116.0	150.0	543.8	101.0	23.0	18.0	23	19.0	37.0	164.0	164	132.0	0.0	1.0		127.0		DRS too short
YKR049C	XI	-	402	402	44.0	91.0	471.5	13.0	17.0	419.0	419	18.0	50.0	52.0	52	63.0	1.0	1.0	402.0	2.0	DRS too short	both too short
YKR050W	XI	+	2670	2670	36.0	50.0	799.7	5.0	871.0	954.0	954	949.0	95.0	127.0	127	73.0	1.0	1.0	83.0	32.0	DRS too short	both too long
YKR051W	XI	+	1257	1257	119.0	75.0	646.6	62.0	331.0	126.0	331	117.0	78.0	75.0	78	76.0	0.0	0.0				
YKR052C	XI	-	915	915	162.0	164.0	611.9	35.0	112.0	365.0	365	71.0	369.0	367.0	369	352.0	1.0	0.0	253.0		both too long	
YKR053C	XI	-	1215	1215	51.0	72.0	439.5	19.0	747.0	808.0	808	201.0	93.0	90.0	93	91.0	1.0	0.0	61.0		both too long	
YKR054C	XI	-	12279	12279	52.0	53.0	796.2	0.0	40.0		40		236.0		236							
YKR055W	XI	+	876	876	50.0	68.0	843.3	17.0	52.0	50.0	52	51.0	306.0	391.0	391	302.0	0.0	1.0		85.0		both too long
YKR056W	XI	+	1920	1920	110.0	93.0	742.9	0.0	0.0		0		67.0		67							
YKR057W	XI	+	586	264	5337.0	10706.0	465.2	8329.0	0.0	29.0	29	30.0	180.0	290.0	290	178.0	1.0	1.0	29.0	110.0	both too short	both too long
YKR058W	XI	+	1851	1851	5439.0	107.0	463.2	10.0	47.0	171.0	171	181.0	95.0	109.0	109	88.0	1.0	1.0	124.0	14.0	both too short	both too long
YKR059W	XI	+	1188	1188	1886.0	2773.0	827.6	2530.0	87.0	115.0	115	28.0	103.0	281.0	281	111.0	1.0	1.0	28.0	178.0	both too long	DRS too short
YKR060W	XI	+	825	825	967.0	101.0	455.9	32.0	33.0	23.0	33	27.0	71.0	344.0	344	65.0	0.0	1.0		273.0		both too long
YKR061W	XI	+	1278	1278	273.0	168.0	556.4	21.0	174.0	134.0	174	82.0	78.0	69.0	78	70.0	0.0	0.0				
YKR062W	XI	+	987	987	223.0	315.0	557.1	41.0	718.0	20.0	718	61.0	139.0	654.0	654	121.0	0.0	1.0		515.0		both too long
YKR063C	XI	-	1509	1509	84.0	70.0	633.2	145.0	30.0	10.0	30	6.0	131.0	192.0	192	113.0	0.0	1.0		61.0		both too long
YKR064W	XI	+	2592	2592	163.0	50.0	650.9	7.0	33.0	48.0	48	44.0	49.0	157.0	157	164.0	1.0	1.0	15.0	108.0	DRS too short	both too short
YKR065C	XI	-	594	594	139.0	292.0	551.7	198.0	25.0	28.0	28	29.0	129.0	210.0	210	120.0	1.0	1.0	3.0	81.0	both too short	both too long
YKR066C	XI	-	1086	1086	170.0	129.0	659.2	62.0	30.0	37.0	37	20.0	88.0	126.0	126	92.0	1.0	1.0	7.0	38.0	both too long	DRS too short
YKR067W	XI	+	2232	2232	213.0	114.0	655.2	236.0	450.0	125.0	450	107.0	165.0	179.0	179	155.0	0.0	1.0		14.0		both too long
YKR068C	XI	-	582	582	181.0	277.0	607.2	161.0	40.0	237.0	237	48.0	13.0	118.0	118	106.0	1.0	1.0	197.0	105.0	DRS too short	DRS too short
YKR069W	XI	+	1782	1782	32.0	49.0	671.6	14.0	152.0	180.0	180	162.0	32.0	52.0	52	27.0	1.0	1.0	28.0	20.0	DRS too short	both too long
YKR070W	XI	+	1059	1059	469.0	174.0	579.5	167.0	10.0	19.0	19	4.0	153.0	252.0	252	184.0	1.0	1.0	9.0	99.0	both too long	DRS too short
YKR071C	XI	-	1047	1047	540.0	797.0	680.2	28.0	36.0	57.0	57	63.0	252.0	336.0	336	264.0	1.0	1.0	21.0	84.0	both too short	DRS too short
YKR072C	XI	-	1689	1689	59.0	65.0	382.2	59.0	129.0	188.0	188	193.0	119.0	218.0	218	100.0	1.0	1.0	59.0	99.0	both too short	both too long
YKR073C	XI	-	321	321	8.0	5.0	318.8	0.0			0				0							
YKR074W	XI	+	468	468	287.0	326.0	524.0	140.0	34.0	45.0	45	0.0	127.0	170.0	170	124.0	1.0	1.0	11.0	43.0		both too long
YKR075C	XI	-	924	924	316.0	73.0	562.5	4.0	46.0	175.0	175	35.0	125.0	139.0	139	162.0	1.0	1.0	129.0	14.0	both too long	both too short
YKR075W-A	XI	+	270	270	293.0	486.0	578.3	2.0	538.0	994.0	994	995.0	227.0	342.0	342	343.0	1.0	1.0	456.0	115.0	both too short	both too short
YKR076W	XI	+	1113	1113	26.0	30.0	705.8	5.0	165.0	294.0	294	77.0	49.0	147.0	147	40.0	1.0	1.0	129.0	98.0	both too long	both too long
YKR077W	XI	+	1092	1092	43.0	44.0	786.7	11.0	39.0	90.0	90	25.0	79.0	103.0	103	101.0	1.0	1.0	51.0	24.0	both too long	DRS too short
YKR078W	XI	+	1758	1758	101.0	50.0	610.4	28.0	34.0	16.0	34	17.0	48.0	42.0	48	43.0	0.0	0.0				
YKR079C	XI	-	2517	2517	102.0	142.0	856.0	5.0	232.0	304.0	304	204.0	136.0	191.0	191	146.0	1.0	1.0	72.0	55.0	both too long	DRS too short
YKR080W	XI	+	963	963	206.0	158.0	627.8	26.0	156.0	180.0	180	58.0	151.0	147.0	151	150.0	1.0	0.0	24.0		both too long	
YKR081C	XI	-	1035	1035	165.0	213.0	713.4	100.0	19.0	66.0	66	21.0	84.0	131.0	131	94.0	1.0	1.0	47.0	47.0	DRS too short	DRS too short
YKR082W	XI	+	3474	3474	128.0	143.0	998.3	3.0	33.0	57.0	57	48.0	76.0	79.0	79	80.0	1.0	1.0	24.0	3.0	DRS too short	both too short
YKR083C	XI	-	402	402	105.0	68.0	528.9	11.0	48.0	67.0	67	68.0	134.0	218.0	218	219.0	1.0	1.0	19.0	84.0	both too short	both too short
YKR084C	XI	-	1836	1836	246.0	179.0	776.7	275.0	25.0	92.0	92	52.0	78.0	107.0	107	108.0	1.0	1.0	67.0	29.0	DRS too short	both too short
YKR085C	XI	-	588	588	88.0	271.0	592.7	39.0	13.0	22.0	22	19.0	58.0	167.0	167	88.0	1.0	1.0	9.0	109.0	DRS too short	DRS too short
YKR086W	XI	+	3216	3216	147.0	48.0	635.1	31.0	15.0		15	24.0	102.0		102	93.0						
YKR087C	XI	-	1038	1038	92.0	70.0	564.7	78.0	204.0	19.0	204	22.0	104.0	159.0	159	100.0	0.0	1.0		55.0		both too long
YKR088C	XI	-	1014	1014	124.0	151.0	821.4	56.0	610.0	28.0	610	13.0	71.0	124.0	124	68.0	0.0	1.0		53.0		both too long
YKR089C	XI	-	2733	2733	49.0	47.0	735.0	20.0	67.0	78.0	78	77.0	83.0	81.0	83	82.0	1.0	0.0	11.0		DRS too short	
YKR090W	XI	+	2121	2121	45.0	67.0	873.9	248.0	172.0	172.0	172	173.0	143.0	196.0	196	141.0	0.0	1.0		53.0		both too long
YKR091W	XI	+	741	741	329.0	316.0	580.9	13.0	187.0	33.0	187	32.0	129.0	134.0	134	128.0	0.0	1.0		5.0		both too long
YKR092C	XI	-	1221	1221	262.0	250.0	520.9	31.0	31.0	244.0	244	29.0	248.0	125.0	248	247.0	1.0	0.0	213.0		both too long	
YKR093W	XI	+	1806	1806	8633.0	709.0	550.7	499.0	242.0	197.0	242	94.0	22.0	208.0	208	200.0	0.0	1.0		186.0		DRS too short
YKR094C	XI	-	755	387	7835.0	15748.0	527.0	2222.0	0.0	39.0	39	27.0	180.0	302.0	302	188.0	1.0	1.0	39.0	122.0	DRS too short	DRS too short
YKR095W	XI	+	5628	5628	92.0	83.0	451.8	0.0	147.0		147		190.0		190							
YKR095W-A	XI	+	342	267	80.0	141.0	373.0	79.0	52.0	136.0	136	14.0	125.0	69.0	125	121.0	1.0	0.0	84.0		both too long	
YKR096W	XI	+	3588	3588	101.0	50.0	701.8	3.0	156.0	73.0	156	247.0	112.0	105.0	112	106.0	0.0	0.0				
YKR097W	XI	+	1650	1650	33.0	20.0	509.4	27.0	136.0		136	141.0	228.0		228	31.0						
YKR098C	XI	-	2154	2154	62.0	75.0	851.0	14.0	122.0	80.0	122	137.0	81.0	120.0	120	84.0	0.0	1.0		39.0		DRS too short
YKR099W	XI	+	2436	2436	89.0	44.0	567.7	13.0	272.0	271.0	272	257.0	115.0	125.0	125	108.0	0.0	1.0		10.0		both too long
YKR100C	XI	-	1068	1068	175.0	221.0	715.4	38.0	350.0	347.0	350	351.0	70.0	462.0	462	463.0	0.0	1.0		392.0		both too short
YKR101W	XI	+	1965	1965	59.0	36.0	705.0	37.0	24.0	27.0	27	10.0	228.0	226.0	228	232.0	1.0	0.0	3.0		both too long	
YKR102W	XI	+	3510	3510	125.0	22.0	427.3	0.0	189.0		189		143.0		143							
YKR103W	XI	+	3657	3657	75.0	37.0	879.2	0.0			0				0							
YKR104W	XI	+	921	921	15.0	13.0	738.2	2.0	859.0	6.0	859	657.0	139.0	294.0	294	295.0	0.0	1.0		155.0		both too short
YKR105C	XI	-	1749	1749	18.0	18.0	652.3	0.0	122.0		122		153.0		153							
YKR106W	XI	+	1848	1848	26.0	17.0	622.0	0.0	112.0		112		24.0		24							
YLL001W	XII	+	2274	2274	156.0	128.0	599.1	141.0	49.0	66.0	66	63.0	25.0	229.0	229	167.0	1.0	1.0	17.0	204.0	DRS too short	DRS too short
YLL002W	XII	+	1311	1311	60.0	68.0	686.0	6.0	11.0	53.0	53	24.0	75.0	73.0	75	74.0	1.0	0.0	42.0		DRS too short	
YLL003W	XII	+	2841	2841	53.0	51.0	672.5	9.0	49.0	13.0	49	5.0	61.0	59.0	61	60.0	0.0	0.0				
YLL004W	XII	+	1851	1851	44.0	57.0	856.2	34.0	5.0	16.0	16	17.0	79.0	93.0	93	75.0	1.0	1.0	11.0	14.0	both too short	both too long
YLL005C	XII	-	2607	2607	73.0	60.0	627.4	0.0	0.0		0		821.0		821							
YLL006W	XII	+	1281	1281	29.0	42.0	779.4	17.0	26.0	28.0	28	38.0	33.0	1631.0	1631	35.0	1.0	1.0	2.0	1598.0	both too short	DRS too short
YLL006W-A	XII	+	177	177				1.0			0	4.0			0	1380.0						
YLL007C	XII	-	1998	1998	102.0	49.0	649.6	17.0	74.0	86.0	86	87.0	76.0	284.0	284	185.0	1.0	1.0	12.0	208.0	both too short	DRS too short
YLL008W	XII	+	2259	2259	254.0	191.0	560.2	119.0	21.0	31.0	31	30.0	130.0	110.0	130	111.0	1.0	0.0	10.0		DRS too short	
YLL009C	XII	-	210	210	116.0	348.0	363.3	55.0		74.0	74	31.0		167.0	167	120.0						
YLL010C	XII	-	1284	1284	168.0	38.0	421.7	4.0	229.0	60.0	229	242.0	236.0	349.0	349	349.0	0.0	1.0		113.0		both too short
YLL011W	XII	+	1470	1470	83.0	76.0	740.3	133.0	0.0	10.0	10	11.0	84.0	124.0	124	81.0	1.0	1.0	10.0	40.0	both too short	both too long
YLL012W	XII	+	1722	1722	92.0	117.0	669.0	8.0	46.0	88.0	88	57.0	81.0	102.0	102	87.0	1.0	1.0	42.0	21.0	DRS too short	DRS too short
YLL013C	XII	-	2640	2640	213.0	31.0	436.1	2.0	281.0		281	246.0	161.0		161	397.0						
YLL014W	XII	+	327	327	282.0	533.0	448.1	322.0	7.0	17.0	17	18.0	77.0	344.0	344	142.0	1.0	1.0	10.0	267.0	both too short	DRS too short
YLL015W	XII	+	4680	4680	341.0	268.0	722.5	3.0	298.0		298	119.0	51.0		51	65.0						
YLL018C	XII	-	1674	1674	687.0	714.0	845.9	613.0	67.0	32.0	67	39.0	157.0	363.0	363	153.0	0.0	1.0		206.0		both too long
YLL018C-A	XII	-	297	297	57.0	46.0	432.6	757.0	47.0	54.0	54	58.0	486.0	1316.0	1316	617.0	1.0	1.0	7.0	830.0	both too short	DRS too short
YLL019C	XII	-	2214	2214	49.0	24.0	597.6	0.0	446.0		446		146.0		146							
YLL019W-A	XII	+	93	93				0.0			0				0							
YLL020C	XII	-	306	306	34.0	26.0	471.7	3.0	924.0	890.0	924	144.0	17.0	52.0	52	15.0	0.0	1.0		35.0		both too long
YLL021W	XII	+	4401	4401	50.0	60.0	673.1	0.0	140.0		140		122.0		122							
YLL022C	XII	-	1158	1158	43.0	40.0	673.3	19.0	20.0	29.0	29	0.0	59.0	137.0	137	58.0	1.0	1.0	9.0	78.0		both too long
YLL023C	XII	-	840	840	148.0	185.0	614.6	116.0	41.0	62.0	62	30.0	65.0	178.0	178	143.0	1.0	1.0	21.0	113.0	both too long	DRS too short
YLL024C	XII	-	1920	1920	3439.0	4715.0	1019.2	3768.0	33.0	51.0	51	30.0	141.0	349.0	349	134.0	1.0	1.0	18.0	208.0	both too long	both too long
YLL025W	XII	+	375	375	1365.0	11.0	423.2	2.0	15.0	34.0	34	35.0	99.0	235.0	235	236.0	1.0	1.0	19.0	136.0	both too short	both too short
YLL026W	XII	+	2727	2727	4165.0	4136.0	854.7	37.0	42.0	180.0	180	56.0	92.0	89.0	92	90.0	1.0	0.0	138.0		DRS too short	
YLL027W	XII	+	753	753	129.0	113.0	510.9	123.0	205.0	325.0	325	99.0	108.0	105.0	108	129.0	1.0	0.0	120.0		both too long	
YLL028W	XII	+	1761	1761	140.0	174.0	879.5	13.0	309.0	305.0	309	134.0	160.0	384.0	384	391.0	0.0	1.0		224.0		both too short
YLL029W	XII	+	2250	2250	210.0	210.0	800.0	61.0	92.0	151.0	151	103.0	108.0	111.0	111	104.0	1.0	1.0	59.0	3.0	DRS too short	both too long
YLL030C	XII	-	342	342				0.0			0				0							
YLL031C	XII	-	3054	3054	70.0	121.0	809.1	20.0	41.0	79.0	79	53.0	98.0	92.0	98	93.0	1.0	0.0	38.0		DRS too short	
YLL032C	XII	-	2478	2478	92.0	34.0	603.0	2.0	75.0		75	105.0	320.0		320	674.0						
YLL033W	XII	+	693	693	34.0	47.0	561.8	7.0	6.0		6	6.0	949.0	575.0	949	532.0		0.0				
YLL034C	XII	-	2514	2514	91.0	113.0	827.9	19.0	193.0	40.0	193	38.0	111.0	154.0	154	151.0	0.0	1.0		43.0		DRS too short
YLL035W	XII	+	1899	1899	87.0	61.0	641.2	22.0	149.0	126.0	149	102.0	119.0	163.0	163	136.0	0.0	1.0		44.0		DRS too short
YLL036C	XII	-	1512	1512	54.0	61.0	974.5	39.0	16.0	33.0	33	27.0	65.0	86.0	86	60.0	1.0	1.0	17.0	21.0	DRS too short	both too long
YLL037W	XII	+	381	381	34.0	50.0	483.0	2.0	275.0		275	846.0	889.0		889	730.0						
YLL038C	XII	-	744	744	34.0		379.6	3.0		33.0	33	34.0		539.0	539	540.0						
YLL039C	XII	-	1146	1146	991.0	1369.0	815.8	13.0	334.0	603.0	603	97.0	49.0	116.0	116	119.0	1.0	1.0	269.0	67.0	both too long	both too short
YLL040C	XII	-	9435	9435	448.0	94.0	462.6	0.0	108.0		108		73.0		73							
YLL041C	XII	-	801	801	187.0	218.0	807.3	26.0	60.0	84.0	84	44.0	278.0	370.0	370	368.0	1.0	1.0	24.0	92.0	both too long	DRS too short
YLL042C	XII	-	504	504	121.0	28.0	465.3	2.0		22.0	22	50.0		30.0	30	107.0						
YLL043W	XII	+	2010	2010	78.0	118.0	658.6	15.0	38.0	37.0	38	38.0	138.0	165.0	165	166.0	0.0	1.0		27.0		both too short
YLL044W	XII	+	447	447	2053.0	2542.0	697.2	0.0	474.0		474		17.0		17							
YLL045C	XII	-	771	771	1901.0	2419.0	698.7	5580.0	50.0	22.0	50	23.0	79.0	273.0	273	77.0	0.0	1.0		194.0		both too long
YLL046C	XII	-	750	750	859.0		462.7	0.0			0				0							
YLL047W	XII	+	384	384	190.0	8.0	286.9	0.0			0	3.0			0	221.0						
YLL048C	XII	-	4986	4986	332.0	447.0	952.2	0.0	181.0		181		17.0		17							
YLL049W	XII	+	540	540	1043.0	164.0	528.4	0.0	12.0		12		16.0		16							
YLL050C	XII	-	611	432	838.0	2360.0	521.0	10263.0	0.0	32.0	32	25.0	115.0	165.0	165	124.0	1.0	1.0	32.0	50.0	DRS too short	DRS too short
YLL051C	XII	-	2139	2139	828.0	95.0	560.9	22.0	58.0		58	14.0	176.0		176	188.0						
YLL052C	XII	-	450	450	79.0	82.0	700.4	3.0	242.0		242	32.0	503.0		503	508.0						
YLL053C	XII	-	459	459	63.0	73.0	751.3	3.0		375.0	375	432.0		226.0	226	99.0						
YLL054C	XII	-	2532	2532	88.0	71.0	792.7	20.0	57.0		57	28.0	363.0		363	360.0						
YLL055W	XII	+	1596	1596	177.0	172.0	674.3	4.0	291.0	497.0	497	303.0	57.0	62.0	62	40.0	1.0	1.0	206.0	5.0	DRS too short	both too long
YLL056C	XII	-	897	897	13.0	17.0	769.0	7.0	156.0	1229.0	1229	312.0	122.0	120.0	122	125.0	1.0	0.0	1073.0		DRS too short	
YLL057C	XII	-	1239	1239	49.0	29.0	444.0	0.0	292.0		292		161.0		161							
YLL058W	XII	+	1728	1728	49.0	60.0	802.8	64.0	80.0	187.0	187	60.0	87.0	86.0	87	87.0	1.0	0.0	107.0		both too long	
YLL059C	XII	-	507	507	7.0		385.6	5.0			0	216.0			0	1558.0						
YLL060C	XII	-	702	702	118.0	119.0	629.4	15.0	834.0	844.0	844	855.0	227.0	220.0	227	222.0	1.0	0.0	10.0		both too short	
YLL061W	XII	+	1752	1752	51.0	49.0	620.1	273.0	97.0	15.0	97	16.0	62.0	201.0	201	53.0	0.0	1.0		139.0		both too long
YLL062C	XII	-	975	975	23.0	23.0	774.8	5.0	142.0	118.0	142	1.0	59.0	136.0	136	33.0	0.0	1.0		77.0		both too long
YLL063C	XII	-	1425	1425	20.0	18.0	352.1	2.0	304.0	303.0	304	304.0	73.0	158.0	158	44.0	0.0	1.0		85.0		both too long
YLL064C	XII	-	363	363				0.0			0				0							
YLL065W	XII	+	351	351				0.0			0				0							
YLL066C	XII	-	3717	3618	18.0	25.0	505.2	0.0	869.0		869		69.0		69							
YLL066W-A	XII	+	483	483	17.0	21.0	580.1	0.0	445.0		445		657.0		657							
YLL066W-B	XII	+	171	171	13.0		458.2	0.0			0				0							
YLL067C	XII	-	3717	3618	12.0	8.0	746.4	0.0	617.0		617		585.0		585							
YLL067W-A	XII	+	483	483				0.0	597.0		597		608.0		608							
YLR001C	XII	-	2589	2589	152.0	75.0	552.2	7.0	29.0		29	31.0	75.0	143.0	143	56.0		1.0		68.0		both too long
YLR002C	XII	-	1992	1992	268.0	246.0	744.9	290.0	25.0	49.0	49	50.0	68.0	120.0	120	67.0	1.0	1.0	24.0	52.0	both too short	both too long
YLR003C	XII	-	876	876	256.0	346.0	681.7	41.0	33.0	49.0	49	18.0	83.0	128.0	128	89.0	1.0	1.0	16.0	45.0	both too long	DRS too short
YLR004C	XII	-	1572	1572	26.0	27.0	628.4	4.0		53.0	53	59.0		65.0	65	66.0						
YLR005W	XII	+	1386	1386	84.0	86.0	816.5	129.0	25.0	36.0	36	37.0	138.0	290.0	290	217.0	1.0	1.0	11.0	152.0	both too short	DRS too short
YLR006C	XII	-	2139	2139	90.0	91.0	627.7	2.0	169.0		169	172.0	96.0		96	76.0						
YLR007W	XII	+	1011	1011	310.0	177.0	686.1	24.0	6.0	6.0	6	7.0	65.0	164.0	164	63.0	0.0	1.0		99.0		both too long
YLR008C	XII	-	507	507	264.0	388.0	571.8	156.0	99.0	100.0	100	98.0	209.0	327.0	327	272.0	1.0	1.0	1.0	118.0	both too long	DRS too short
YLR009W	XII	+	600	600	100.0	122.0	418.8	975.0	164.0	189.0	189	140.0	129.0	133.0	133	128.0	1.0	1.0	25.0	4.0	both too long	both too long
YLR010C	XII	-	483	483	114.0	82.0	441.6	8.0		10.0	10	11.0		203.0	203	126.0						
YLR011W	XII	+	576	576	53.0	60.0	434.4	21.0	102.0	221.0	221	85.0	192.0	276.0	276	294.0	1.0	1.0	119.0	84.0	both too long	both too short
YLR012C	XII	-	300	300	38.0	7.0	455.3	1.0		99.0	99	100.0		251.0	251	252.0						
YLR013W	XII	+	426	426	14.0		370.9	0.0			0				0							
YLR014C	XII	-	2715	2715	29.0	39.0	776.1	0.0	27.0		27		216.0		216							
YLR015W	XII	+	1518	1518	72.0	78.0	724.1	123.0	45.0	52.0	52	53.0	175.0	401.0	401	172.0	1.0	1.0	7.0	226.0	both too short	both too long
YLR016C	XII	-	615	615	51.0	70.0	609.2	14.0	33.0	46.0	46	42.0	50.0	324.0	324	101.0	1.0	1.0	13.0	274.0	DRS too short	DRS too short
YLR017W	XII	+	1014	1014	258.0	262.0	705.4	25.0	7.0	7.0	7	8.0	77.0	88.0	88	80.0	0.0	1.0		11.0		DRS too short
YLR018C	XII	-	900	900	164.0	135.0	547.4	141.0	82.0	81.0	82	56.0	103.0	134.0	134	100.0	0.0	1.0		31.0		both too long
YLR019W	XII	+	1194	1194	123.0	102.0	594.4	21.0	277.0	305.0	305	298.0	246.0	253.0	253	254.0	1.0	1.0	28.0	7.0	DRS too short	both too short
YLR020C	XII	-	1617	1617	179.0	148.0	698.8	101.0	38.0	49.0	49	39.0	172.0	176.0	176	177.0	1.0	1.0	11.0	4.0	DRS too short	both too short
YLR021W	XII	+	540	540	218.0	194.0	629.5	46.0	21.0	8.0	21	32.0	72.0	477.0	477	48.0	0.0	1.0		405.0		both too long
YLR022C	XII	-	753	753	282.0	284.0	563.1	443.0	14.0	37.0	37	1.0	66.0	289.0	289	62.0	1.0	1.0	23.0	223.0	both too long	both too long
YLR023C	XII	-	1632	1632	159.0	230.0	866.3	79.0	291.0	212.0	291	122.0	411.0	469.0	469	408.0	0.0	1.0		58.0		both too long
YLR024C	XII	-	5619	5619	44.0	43.0	680.1	0.0	154.0		154		56.0		56							
YLR025W	XII	+	723	723	92.0	102.0	540.2	25.0	77.0	63.0	77	83.0	125.0	284.0	284	130.0	0.0	1.0		159.0		DRS too short
YLR026C	XII	-	1023	1023	229.0	67.0	450.8	47.0	104.0	91.0	104	115.0	41.0	231.0	231	109.0	0.0	1.0		190.0		DRS too short
YLR027C	XII	-	1257	1257	348.0	491.0	862.9	1284.0	30.0	27.0	30	28.0	70.0	344.0	344	63.0	0.0	1.0		274.0		both too long
YLR028C	XII	-	1776	1776	1871.0	403.0	432.4	308.0	198.0	205.0	205	209.0	99.0	138.0	138	96.0	1.0	1.0	7.0	39.0	both too short	both too long
YLR029C	XII	-	615	615	7641.0	8947.0	672.0	1577.0	64.0	22.0	64	23.0	102.0	377.0	377	135.0	0.0	1.0		275.0		DRS too short
YLR030W	XII	+	792	792	33.0	23.0	523.0	0.0	222.0		222	105.0	626.0		626	725.0						
YLR031W	XII	+	561	561	9.0	18.0	854.6	1.0	424.0		424	112.0	25.0		25	32.0						
YLR032W	XII	+	3510	3510	48.0	57.0	865.9	3.0	13.0		13	49.0	55.0		55	52.0						
YLR033W	XII	+	1509	1509	171.0	158.0	576.1	99.0	41.0	107.0	107	53.0	200.0	197.0	200	193.0	1.0	0.0	66.0		DRS too short	
YLR034C	XII	-	1422	1422	170.0	174.0	745.7	1075.0	152.0	164.0	164	165.0	166.0	434.0	434	160.0	1.0	1.0	12.0	268.0	both too short	both too long
YLR035C	XII	-	2088	2088	53.0	26.0	637.8	5.0	12.0	21.0	21	39.0	257.0	365.0	365	266.0	1.0	1.0	9.0	108.0	both too short	DRS too short
YLR036C	XII	-	612	612	262.0	220.0	556.7	13.0	59.0	278.0	278	40.0	194.0	172.0	194	197.0	1.0	0.0	219.0		both too long	
YLR037C	XII	-	375	375	22.0	50.0	587.8	13.0	6.0	1516.0	1516	945.0	107.0	150.0	150	151.0	1.0	1.0	1510.0	43.0	DRS too short	both too short
YLR038C	XII	-	252	252	684.0	1253.0	501.9	874.0	69.0	525.0	525	50.0	148.0	50.0	148	317.0	1.0	0.0	456.0		both too long	
YLR039C	XII	-	3171	3171	879.0	67.0	541.1	0.0	74.0		74		68.0		68							
YLR040C	XII	-	675	675	244.0	631.0	620.0	2.0		293.0	293	85.0		143.0	143	150.0						
YLR041W	XII	+	321	321	302.0	107.0	589.9	4.0		459.0	459	460.0		958.0	958	948.0						
YLR042C	XII	-	486	486	117.0	76.0	500.2	21.0	155.0	97.0	155	27.0	74.0	116.0	116	106.0	0.0	1.0		42.0		DRS too short
YLR043C	XII	-	312	312	10073.0	1638.0	399.6	288.0		26.0	26	46.0		340.0	340	94.0						
YLR044C	XII	-	1692	1692	21182.0	29591.0	914.3	25409.0	142.0	207.0	207	30.0	78.0	76.0	78	77.0	1.0	0.0	65.0		both too long	
YLR045C	XII	-	2667	2667	73.0	48.0	581.4	7.0	85.0		85	58.0	132.0	117.0	132	142.0		0.0				
YLR046C	XII	-	813	813	34.0	61.0	598.6	73.0	267.0	2163.0	2163	166.0	35.0	51.0	51	54.0	1.0	1.0	1896.0	16.0	both too long	both too short
YLR047C	XII	-	2061	2061	12.0	5.0	685.4	2.0	236.0		236	248.0	316.0		316	438.0						
YLR048W	XII	+	1118	759	1068.0	1478.0	720.6	7355.0	0.0	301.0	301	42.0	222.0	218.0	222	219.0	1.0	0.0	301.0		DRS too short	
YLR049C	XII	-	1287	1287	568.0	102.0	475.9	131.0	92.0	211.0	211	191.0	105.0	102.0	105	103.0	1.0	0.0	119.0		DRS too short	
YLR050C	XII	-	486	486	122.0	134.0	564.8	10.0	147.0	196.0	196	11.0	11.0	91.0	91	92.0	1.0	1.0	49.0	80.0	both too long	both too short
YLR051C	XII	-	654	654	124.0	209.0	568.6	82.0	32.0	33.0	33	21.0	108.0	150.0	150	101.0	1.0	1.0	1.0	42.0	both too long	both too long
YLR052W	XII	+	753	753	132.0	167.0	576.3	28.0	17.0	45.0	45	6.0	124.0	687.0	687	119.0	1.0	1.0	28.0	563.0	both too long	both too long
YLR053C	XII	-	327	327	130.0		619.4	2.0		11.0	11	22.0		99.0	99	105.0						
YLR054C	XII	-	2262	2175	102.0	132.0	597.6	0.0			0				0							
YLR055C	XII	-	1809	1809	35.0	36.0	473.5	2.0	299.0		299	39.0	44.0		44	30.0						
YLR056W	XII	+	1098	1098	512.0	719.0	838.2	1822.0	67.0	210.0	210	78.0	128.0	126.0	128	127.0	1.0	0.0	143.0		DRS too short	
YLR057W	XII	+	2550	2550	379.0	110.0	454.0	11.0	87.0	64.0	87	54.0	87.0	113.0	113	111.0	0.0	1.0		26.0		DRS too short
YLR058C	XII	-	1410	1410	298.0	313.0	770.1	1915.0	68.0	113.0	113	39.0	142.0	149.0	149	149.0	1.0	1.0	45.0	7.0	both too long	both too short
YLR059C	XII	-	810	810	72.0	119.0	758.2	64.0	25.0	257.0	257	3.0	186.0	183.0	186	184.0	1.0	0.0	232.0		both too long	
YLR060W	XII	+	1788	1788	472.0	746.0	980.5	143.0	40.0	52.0	52	37.0	112.0	157.0	157	99.0	1.0	1.0	12.0	45.0	both too long	both too long
YLR061W	XII	+	755	366	1864.0	3986.0	426.8	3098.0	0.0	84.0	84	21.0	82.0	104.0	104	91.0	1.0	1.0	84.0	22.0	DRS too short	DRS too short
YLR062C	XII	-	378	378	1860.0	1061.0	422.2	0.0	122.0		122	30.0	256.0		256	50.0						
YLR063W	XII	+	1098	1098	1640.0	10.0	436.0	1.0	14.0		14	1.0	365.0		365	444.0						
YLR064W	XII	+	822	822	411.0	282.0	606.3	44.0	743.0	1222.0	1222	13.0	88.0	83.0	88	84.0	1.0	0.0	479.0		both too long	
YLR065C	XII	-	546	546	536.0	752.0	599.8	1335.0	42.0	57.0	57	32.0	116.0	777.0	777	112.0	1.0	1.0	15.0	661.0	both too long	both too long
YLR066W	XII	+	555	555	397.0	474.0	545.8	59.0	67.0	75.0	75	35.0	99.0	284.0	284	93.0	1.0	1.0	8.0	185.0	both too long	both too long
YLR067C	XII	-	2898	2898	191.0	47.0	571.8	3.0	92.0		92	110.0	82.0		82	79.0						
YLR068W	XII	+	456	456	59.0	21.0	490.9	62.0	26.0	78.0	78	25.0	19.0	98.0	98	109.0	1.0	1.0	52.0	79.0	both too long	both too short
YLR069C	XII	-	2286	2286	99.0	141.0	771.9	58.0	59.0	51.0	59	19.0	131.0	154.0	154	155.0	0.0	1.0		23.0		both too short
YLR070C	XII	-	1071	1071	37.0	26.0	466.5	1.0	111.0		111	49.0	48.0		48	133.0						
YLR071C	XII	-	3249	3249	72.0	88.0	880.5	4.0	41.0		41	52.0	140.0		140	140.0						
YLR072W	XII	+	2082	2082	36.0	14.0	571.1	634.0	9.0	65.0	65	20.0	53.0	52.0	53	53.0	1.0	0.0	56.0		DRS too short	
YLR073C	XII	-	603	603	96.0	51.0	535.3	249.0	130.0	113.0	130	105.0	5.0	255.0	255	79.0	0.0	1.0		250.0		DRS too short
YLR074C	XII	-	501	501	170.0	156.0	647.4	234.0	47.0	331.0	331	22.0	69.0	66.0	69	67.0	1.0	0.0	284.0		both too long	
YLR075W	XII	+	666	666	5818.0	18360.0	649.4	4859.0	33.0	308.0	308	21.0	121.0	140.0	140	141.0	1.0	1.0	275.0	19.0	both too long	both too short
YLR076C	XII	-	423	423	6648.0		652.2	0.0			0				0							
YLR077W	XII	+	1752	1752	6054.0	92.0	641.4	79.0	17.0	133.0	133	27.0	121.0	170.0	170	171.0	1.0	1.0	116.0	49.0	DRS too short	both too short
YLR078C	XII	-	824	735	166.0	298.0	610.1	192.0	325.0	718.0	718	53.0	80.0	91.0	91	77.0	1.0	1.0	393.0	11.0	both too long	both too long
YLR079W	XII	+	855	855	29.0	40.0	552.8	104.0	41.0	51.0	51	40.0	153.0	165.0	165	154.0	1.0	1.0	10.0	12.0	both too long	DRS too short
YLR080W	XII	+	1335	1335	58.0	41.0	561.6	2.0	182.0	17.0	182	18.0	76.0	79.0	79	80.0	0.0	1.0		3.0		both too short
YLR081W	XII	+	1725	1725	39.0	16.0	529.7	13828.0		60.0	60	52.0		87.0	87	88.0						
YLR082C	XII	-	1179	1179	179.0	80.0	469.9	133.0	50.0	84.0	84	37.0	318.0	348.0	348	349.0	1.0	1.0	34.0	30.0	both too long	both too short
YLR083C	XII	-	2004	2004	234.0	332.0	799.2	165.0	153.0	176.0	176	164.0	162.0	229.0	229	166.0	1.0	1.0	23.0	67.0	DRS too short	DRS too short
YLR084C	XII	-	3663	3663	91.0	88.0	809.7	2.0	141.0		141	51.0	78.0		78	89.0						
YLR085C	XII	-	1317	1317	46.0	71.0	797.0	34.0	163.0	26.0	163	33.0	110.0	155.0	155	103.0	0.0	1.0		45.0		both too long
YLR086W	XII	+	4257	4257	66.0	53.0	598.6	2.0	156.0		156	56.0	223.0		223	367.0						
YLR087C	XII	-	8877	8877	67.0	77.0	770.0	0.0	177.0		177		163.0		163							
YLR088W	XII	+	1845	1845	182.0	118.0	705.7	122.0	41.0	161.0	161	32.0	172.0	177.0	177	170.0	1.0	1.0	120.0	5.0	both too long	both too long
YLR089C	XII	-	1779	1779	275.0	339.0	883.2	234.0	192.0	303.0	303	304.0	73.0	207.0	207	78.0	1.0	1.0	111.0	134.0	both too short	DRS too short
YLR090W	XII	+	1380	1380	43.0	45.0	795.3	10.0	83.0	88.0	88	89.0	100.0	97.0	100	98.0	1.0	0.0	5.0		both too short	
YLR091W	XII	+	882	882	47.0	41.0	551.8	3.0	216.0	42.0	216	32.0	298.0	384.0	384	266.0	0.0	1.0		86.0		both too long
YLR092W	XII	+	2682	2682	120.0	47.0	535.0	1.0	368.0		368	31.0	121.0		121	153.0						
YLR093C	XII	-	903	762	208.0	272.0	754.0	109.0	0.0	73.0	73	73.0	178.0	270.0	270	213.0	1.0	1.0	73.0	92.0	both too short	DRS too short
YLR094C	XII	-	1509	1509	50.0	53.0	893.1	466.0	21.0	79.0	79	34.0	121.0	118.0	121	119.0	1.0	0.0	58.0		DRS too short	
YLR095C	XII	-	2439	2439	40.0	49.0	982.5	26.0	27.0	36.0	36	29.0	53.0	60.0	60	58.0	1.0	1.0	9.0	7.0	DRS too short	DRS too short
YLR096W	XII	+	3444	3444	111.0	109.0	771.8	1.0	203.0		203	207.0	115.0		115	121.0						
YLR097C	XII	-	1035	1035	134.0	111.0	646.2	6.0	67.0	51.0	67	81.0	108.0	172.0	172	109.0	0.0	1.0		64.0		DRS too short
YLR098C	XII	-	1947	1947	101.0	95.0	646.0	104.0	49.0	191.0	191	12.0	153.0	142.0	153	145.0	1.0	0.0	142.0		both too long	
YLR099C	XII	-	1185	1185	155.0	95.0	590.4	22.0	89.0	98.0	98	100.0	46.0	123.0	123	46.0	1.0	1.0	9.0	77.0	both too short	both too long
YLR099W-A	XII	+	264	264	41.0	178.0	342.4	695.0		1634.0	1634	26.0		60.0	60	61.0						
YLR100W	XII	+	1044	1044	271.0	312.0	770.9	85.0	16.0	26.0	26	27.0	85.0	211.0	211	80.0	1.0	1.0	10.0	126.0	both too short	both too long
YLR101C	XII	-	396	396	238.0	279.0	852.6	0.0	808.0		808		769.0		769							
YLR102C	XII	-	798	798	152.0	11.0	531.1	33.0	230.0	39.0	230	13.0	139.0	150.0	150	137.0	0.0	1.0		11.0		both too long
YLR103C	XII	-	1953	1953	44.0	56.0	757.9	52.0	52.0	92.0	92	70.0	68.0	77.0	77	78.0	1.0	1.0	40.0	9.0	DRS too short	both too short
YLR104W	XII	+	396	396	123.0	171.0	479.7	629.0	26.0	418.0	418	40.0	20.0	60.0	60	61.0	1.0	1.0	392.0	40.0	DRS too short	both too short
YLR105C	XII	-	1134	1134	221.0	119.0	481.2	12.0	263.0	159.0	263	67.0	90.0	83.0	90	89.0	0.0	0.0				
YLR106C	XII	-	14733	14733	501.0	535.0	706.8	0.0	0.0		0		187.0		187							
YLR107W	XII	+	1215	1215	214.0	202.0	683.9	8.0	19.0	47.0	47	16.0	109.0	113.0	113	104.0	1.0	1.0	28.0	4.0	both too long	both too long
YLR108C	XII	-	1458	1458	327.0	160.0	392.6	11.0	117.0	59.0	117	50.0	146.0	145.0	146	142.0	0.0	0.0				
YLR109W	XII	+	531	531	7900.0	11276.0	502.2	8953.0	112.0	36.0	112	37.0	73.0	839.0	839	68.0	0.0	1.0		766.0		both too long
YLR110C	XII	-	402	402	8919.0	11642.0	498.7	99079.0	42.0	46.0	46	43.0	89.0	955.0	955	86.0	1.0	1.0	4.0	866.0	DRS too short	both too long
YLR111W	XII	+	333	333	6109.0		493.4	2.0			0	731.0			0	642.0						
YLR112W	XII	+	420	420	70.0	84.0	409.8	230.0		51.0	51	43.0		452.0	452	155.0						
YLR113W	XII	+	1308	1308	312.0	289.0	738.2	47.0	336.0	343.0	343	174.0	142.0	137.0	142	134.0	1.0	0.0	7.0		both too long	
YLR114C	XII	-	2295	2295	161.0	143.0	482.6	12.0	65.0	82.0	82	65.0	216.0	437.0	437	397.0	1.0	1.0	17.0	221.0	both too long	DRS too short
YLR115W	XII	+	2580	2580	62.0	91.0	775.0	9.0	16.0		16	24.0	149.0		149	148.0						
YLR116W	XII	+	1431	1431	83.0	56.0	620.9	21.0	208.0		208	4.0	144.0	468.0	468	202.0		1.0		324.0		DRS too short
YLR117C	XII	-	2064	2064	102.0	53.0	653.3	121.0	14.0	37.0	37	12.0	135.0	151.0	151	124.0	1.0	1.0	23.0	16.0	both too long	both too long
YLR118C	XII	-	684	684	101.0	170.0	505.9	1243.0	51.0	403.0	403	35.0	106.0	102.0	106	103.0	1.0	0.0	352.0		both too long	
YLR119W	XII	+	642	642	171.0	88.0	509.1	1.0	337.0		337	121.0	91.0		91	82.0						
YLR120C	XII	-	1710	1710	217.0	254.0	755.7	42.0	223.0	112.0	223	113.0	335.0	403.0	403	345.0	0.0	1.0		68.0		DRS too short
YLR120W-A	XII	+	102	102	94.0	75.0	540.7	4.0	457.0	510.0	510	92.0	163.0	9.0	163	16.0	1.0	0.0	53.0		both too long	
YLR121C	XII	-	1527	1527	139.0	201.0	838.0	570.0	183.0	34.0	183	26.0	147.0	142.0	147	143.0	0.0	0.0				
YLR122C	XII	-	378	378	21.0	13.0	526.0	5.0			0	166.0			0	70.0						
YLR123C	XII	-	330	330	16.0	11.0	589.1	7.0		614.0	614	261.0		14.0	14	94.0						
YLR124W	XII	+	345	345	8.0		563.9	0.0			0				0							
YLR125W	XII	+	411	411	21.0	27.0	793.7	4.0	0.0	11.0	11	12.0	99.0	895.0	895	896.0	1.0	1.0	11.0	796.0	both too short	both too short
YLR126C	XII	-	756	756	63.0	32.0	518.0	15.0	68.0	97.0	97	73.0	66.0	230.0	230	231.0	1.0	1.0	29.0	164.0	DRS too short	both too short
YLR127C	XII	-	2562	2562	57.0	81.0	975.4	2.0	57.0	72.0	72	79.0	200.0	155.0	200	160.0	1.0	0.0	15.0		both too short	
YLR128W	XII	+	904	810	19.0	27.0	921.6	15.0	0.0	381.0	381	25.0	215.0	200.0	215	234.0	1.0	0.0	381.0		DRS too short	
YLR129W	XII	+	2832	2832	241.0	253.0	641.0	49.0	40.0	68.0	68	56.0	108.0	116.0	116	142.0	1.0	1.0	28.0	8.0	DRS too short	both too short
YLR130C	XII	-	1269	1269	278.0	249.0	660.6	13.0	191.0	144.0	191	143.0	43.0	253.0	253	43.0	0.0	1.0		210.0		both too long
YLR131C	XII	-	2313	2313	35.0	25.0	578.8	2.0	188.0	265.0	265	155.0	75.0	73.0	75	74.0	1.0	0.0	77.0		both too long	
YLR132C	XII	-	873	873	42.0	56.0	803.6	15.0	58.0	84.0	84	27.0	141.0	438.0	438	367.0	1.0	1.0	26.0	297.0	both too long	DRS too short
YLR133W	XII	+	1749	1749	71.0	80.0	809.4	10.0	58.0	29.0	58	24.0	68.0	579.0	579	453.0	0.0	1.0		511.0		DRS too short
YLR134W	XII	+	1692	1692	80.0	66.0	625.6	33.0	672.0	42.0	672	43.0	127.0	130.0	130	123.0	0.0	1.0		3.0		both too long
YLR135W	XII	+	2247	2247	42.0	42.0	677.3	5.0	49.0	63.0	63	64.0	124.0	152.0	152	153.0	1.0	1.0	14.0	28.0	both too short	both too short
YLR136C	XII	-	858	858	28.0	21.0	449.2	24.0	45.0	100.0	100	41.0	137.0	250.0	250	240.0	1.0	1.0	55.0	113.0	both too long	DRS too short
YLR137W	XII	+	1104	1104	24.0	32.0	672.5	13.0	14.0	6.0	14	7.0	48.0	269.0	269	55.0	0.0	1.0		221.0		DRS too short
YLR138W	XII	+	2958	2958	71.0	88.0	635.8	3.0	150.0	98.0	150	154.0	63.0	71.0	71	72.0	0.0	1.0		8.0		both too short
YLR139C	XII	-	1932	1932	48.0	22.0	502.4	31.0	27.0	50.0	50	22.0	160.0	173.0	173	162.0	1.0	1.0	23.0	13.0	both too long	DRS too short
YLR140W	XII	+	327	327	5.0	9.0	395.8	0.0			0				0							
YLR141W	XII	+	1092	1092	31.0	49.0	615.4	52.0	122.0	38.0	122	33.0	412.0	422.0	422	423.0	0.0	1.0		10.0		both too short
YLR142W	XII	+	1431	1431	114.0	113.0	763.3	71.0	22.0		22	36.0	46.0		46	46.0						
YLR143W	XII	+	2058	2058	123.0	90.0	806.6	34.0	0.0	32.0	32	11.0	100.0	208.0	208	84.0	1.0	1.0	32.0	108.0	DRS too short	both too long
YLR144C	XII	-	2340	2340	123.0	107.0	722.1	6.0	58.0		58	13.0	116.0		116	197.0						
YLR145W	XII	+	606	606	109.0	37.0	586.7	16.0	40.0	383.0	383	9.0	63.0	50.0	63	43.0	1.0	0.0	343.0		both too long	
YLR146C	XII	-	903	903	236.0	213.0	440.6	38.0	40.0	225.0	225	30.0	83.0	82.0	83	86.0	1.0	0.0	185.0		both too long	
YLR146W-A	XII	+	189	189	113.0	319.0	358.1	39.0	8.0	20.0	20	27.0	39.0	228.0	228	86.0	1.0	1.0	12.0	189.0	both too short	DRS too short
YLR147C	XII	-	306	306	123.0	160.0	340.9	159.0	29.0	30.0	30	31.0	110.0	224.0	224	108.0	1.0	1.0	1.0	114.0	both too short	both too long
YLR148W	XII	+	2757	2757	226.0	123.0	603.6	7.0	29.0		29	30.0	148.0		148	134.0						
YLR149C	XII	-	2193	2193	64.0	42.0	616.8	4.0	57.0		57	59.0	183.0		183	189.0						
YLR149C-A	XII	-	87	87	1191.0	8.0	739.0	0.0	649.0		649		17.0		17							
YLR150W	XII	+	822	822	2436.0	5197.0	612.5	2301.0	132.0	235.0	235	26.0	166.0	227.0	227	127.0	1.0	1.0	103.0	61.0	both too long	both too long
YLR151C	XII	-	1023	1023	1808.0	196.0	482.6	35.0	10.0	40.0	40	1.0	275.0	396.0	396	266.0	1.0	1.0	30.0	121.0	both too long	both too long
YLR152C	XII	-	1731	1731	305.0	104.0	370.3	11.0	183.0	168.0	183	72.0	71.0	101.0	101	86.0	0.0	1.0		30.0		DRS too short
YLR153C	XII	-	2052	2052	1088.0	1305.0	837.2	536.0	51.0	112.0	112	31.0	263.0	260.0	263	261.0	1.0	0.0	61.0		both too long	
YLR154C	XII	-	333	333	49.0	51.0	411.5	28.0	96.0	86.0	96	83.0	68.0	365.0	365	67.0	0.0	1.0		297.0		both too long
YLR154C-G	XII	-	150	150	1276.0	466.0	1083.5	0.0			0				0							
YLR154C-H	XII	-	132	132	235.0	723.0	369.4	0.0	362.0		362		540.0		540							
YLR154W-A	XII	+	186	186	14457.0	14483.0	788.5	0.0	658.0		658		38.0		38							
YLR154W-B	XII	+	165	165	1670.0	205.0	468.5	0.0			0				0							
YLR154W-C	XII	+	375	375	5303.0	88.0	342.8	0.0			0				0							
YLR154W-E	XII	+	204	204	6558.0	14204.0	394.8	0.0	863.0		863		812.0		812							
YLR154W-F	XII	+	141	141	8858.0	6927.0	711.9	0.0	623.0		623		127.0		127							
YLR155C	XII	-	1089	1089	167.0	342.0	449.5	0.0	166.0		166		95.0		95							
YLR156C-A	XII	-	132	132	143.0	113.0	391.9	0.0			0				0							
YLR156W	XII	+	345	345	154.0		411.8	0.0			0				0							
YLR157C	XII	-	1089	1089	157.0	346.0	469.1	0.0	166.0		166		95.0		95							
YLR157C-C	XII	-	132	132	153.0	116.0	380.8	0.0			0				0							
YLR157W-D	XII	+	213	213	3284.0		654.5	0.0			0				0							
YLR157W-E	XII	+	165	165	176.0		412.0	0.0			0				0							
YLR158C	XII	-	1089	1089	170.0	147.0	452.1	0.0	166.0		166		79.0		79							
YLR159C-A	XII	-	132	132	128.0	107.0	413.1	0.0			0				0							
YLR159W	XII	+	345	345	156.0		421.7	0.0			0				0							
YLR160C	XII	-	1089	1089	160.0	345.0	463.0	0.0	167.0		167		95.0		95							
YLR161W	XII	+	345	345	269.0		198.8	0.0			0				0							
YLR162W	XII	+	357	357	301.0	77.0	184.8	0.0	0.0		0		675.0		675							
YLR162W-A	XII	+	189	189	77.0	60.0	409.9	0.0	569.0		569		10.0		10							
YLR163C	XII	-	1389	1389	147.0	127.0	651.1	66.0	63.0	50.0	63	28.0	102.0	164.0	164	101.0	0.0	1.0		62.0		both too long
YLR163W-A	XII	+	114	114	14.0		972.4	0.0	237.0		237		267.0		267							
YLR164W	XII	+	507	507	51.0	30.0	546.0	11.0	341.0	362.0	362	140.0	102.0	143.0	143	107.0	1.0	1.0	21.0	41.0	both too long	DRS too short
YLR165C	XII	-	765	765	85.0	84.0	500.2	7.0	203.0	40.0	203	8.0	79.0	122.0	122	123.0	0.0	1.0		43.0		both too short
YLR166C	XII	-	2616	2616	158.0	172.0	1157.5	18.0	23.0	35.0	35	36.0	64.0	44.0	64	45.0	1.0	0.0	12.0		both too short	
YLR167W	XII	+	459	459	19198.0	38160.0	495.4	12780.0	79.0	758.0	758	57.0	53.0	47.0	53	48.0	1.0	0.0	679.0		both too long	
YLR168C	XII	-	693	693	18897.0	245.0	495.6	100.0	791.0	425.0	791	25.0	129.0	124.0	129	125.0	0.0	0.0				
YLR169W	XII	+	354	354	348.0		290.9	0.0			0	881.0			0	46.0						
YLR170C	XII	-	471	471	81.0	32.0	611.1	212.0	36.0	46.0	46	47.0	260.0	320.0	320	254.0	1.0	1.0	10.0	60.0	both too short	both too long
YLR171W	XII	+	390	390	73.0	101.0	647.6	0.0	479.0		479	137.0	671.0		671	51.0						
YLR172C	XII	-	903	903	142.0	205.0	804.4	241.0	26.0	36.0	36	28.0	71.0	411.0	411	69.0	1.0	1.0	10.0	340.0	DRS too short	both too long
YLR173W	XII	+	1827	1827	41.0	39.0	932.1	232.0	741.0	60.0	741	66.0	366.0	394.0	394	364.0	0.0	1.0		28.0		both too long
YLR174W	XII	+	1239	1239	26.0	29.0	567.7	7.0	234.0	286.0	286	2236.0	78.0	82.0	82	99.0	1.0	1.0	52.0	4.0	both too short	both too short
YLR175W	XII	+	1452	1452	169.0	228.0	580.0	1678.0	64.0	97.0	97	29.0	124.0	162.0	162	123.0	1.0	1.0	33.0	38.0	both too long	both too long
YLR176C	XII	-	2436	2436	132.0	68.0	445.3	1.0	555.0		555	506.0	102.0		102	99.0						
YLR177W	XII	+	1887	1887	126.0	121.0	760.1	9.0	678.0		678	49.0	57.0		57	74.0						
YLR178C	XII	-	660	660	278.0	192.0	540.3	24.0	406.0	561.0	561	30.0	55.0	51.0	55	54.0	1.0	0.0	155.0		both too long	
YLR179C	XII	-	606	606	213.0	307.0	588.6	777.0	230.0	76.0	230	77.0	102.0	330.0	330	94.0	0.0	1.0		228.0		both too long
YLR180W	XII	+	1149	1149	557.0	771.0	939.0	1841.0	62.0	55.0	62	56.0	272.0	408.0	408	248.0	0.0	1.0		136.0		both too long
YLR181C	XII	-	993	993	311.0	93.0	598.3	91.0	78.0	305.0	305	67.0	136.0	130.0	136	101.0	1.0	0.0	227.0		both too long	
YLR182W	XII	+	2412	2412	101.0	103.0	630.4	57.0	25.0	46.0	46	33.0	122.0	179.0	179	121.0	1.0	1.0	21.0	57.0	DRS too short	both too long
YLR183C	XII	-	1470	1470	125.0	124.0	782.7	32.0	119.0	128.0	128	47.0	157.0	149.0	157	150.0	1.0	0.0	9.0		both too long	
YLR184W	XII	+	348	348	2055.0		370.1	0.0			0				0							
YLR185W	XII	+	626	267	2148.0	6298.0	369.0	10324.0	0.0	269.0	269	21.0	100.0	96.0	100	97.0	1.0	0.0	269.0		DRS too short	
YLR186W	XII	+	759	759	2352.0	392.0	397.3	66.0	54.0	140.0	140	57.0	78.0	193.0	193	60.0	1.0	1.0	86.0	115.0	DRS too short	both too long
YLR187W	XII	+	3081	3081	146.0	25.0	405.1	2.0	209.0		209	231.0	118.0		118	154.0						
YLR188W	XII	+	2088	2088	87.0	84.0	810.5	46.0	64.0	72.0	72	83.0	141.0	331.0	331	138.0	1.0	1.0	8.0	190.0	both too short	both too long
YLR189C	XII	-	3597	3597	88.0	81.0	773.6	2.0	64.0	59.0	64	60.0	82.0	128.0	128	129.0	0.0	1.0		46.0		both too short
YLR190W	XII	+	1476	1476	76.0	127.0	885.0	27.0	36.0	426.0	426	316.0	392.0	408.0	408	371.0	1.0	1.0	390.0	16.0	DRS too short	both too long
YLR191W	XII	+	1161	1161	268.0	102.0	492.5	9.0	58.0	43.0	58	49.0	86.0	267.0	267	74.0	0.0	1.0		181.0		both too long
YLR192C	XII	-	798	798	285.0	372.0	678.4	368.0	79.0	48.0	79	49.0	217.0	376.0	376	234.0	0.0	1.0		159.0		DRS too short
YLR193C	XII	-	528	528	358.0	116.0	513.9	80.0	55.0	70.0	70	47.0	169.0	184.0	184	166.0	1.0	1.0	15.0	15.0	both too long	both too long
YLR194C	XII	-	765	765	687.0	924.0	599.6	56.0	202.0	258.0	258	20.0	57.0	66.0	66	67.0	1.0	1.0	56.0	9.0	both too long	both too short
YLR195C	XII	-	1368	1368	320.0	354.0	893.1	75.0	23.0	17.0	23	31.0	73.0	382.0	382	71.0	0.0	1.0		309.0		both too long
YLR196W	XII	+	1731	1731	184.0	257.0	737.3	154.0	63.0	77.0	77	74.0	131.0	214.0	214	126.0	1.0	1.0	14.0	83.0	DRS too short	both too long
YLR197W	XII	+	1515	1515	369.0	268.0	597.0	303.0	42.0	80.0	80	36.0	179.0	185.0	185	186.0	1.0	1.0	38.0	6.0	both too long	both too short
YLR198C	XII	-	360	360	249.0	449.0	435.6	0.0	154.0		154		943.0		943							
YLR199C	XII	-	917	831	353.0	95.0	435.3	27.0	0.0	182.0	182	40.0	141.0	200.0	200	147.0	1.0	1.0	182.0	59.0	DRS too short	DRS too short
YLR200W	XII	+	345	345	130.0	199.0	469.0	245.0	59.0	40.0	59	28.0	130.0	350.0	350	127.0	0.0	1.0		220.0		both too long
YLR201C	XII	-	783	783	123.0	84.0	520.7	492.0	41.0	9.0	41	27.0	107.0	396.0	396	100.0	0.0	1.0		289.0		both too long
YLR202C	XII	-	443	327	74.0	75.0	563.2	11.0	994.0		994	1380.0	790.0		790	783.0						
YLR203C	XII	-	1311	1311	96.0	122.0	719.5	1053.0	90.0	65.0	90	56.0	118.0	367.0	367	117.0	0.0	1.0		249.0		both too long
YLR204W	XII	+	336	336	50.0	58.0	444.8	262.0		62.0	62	30.0		161.0	161	162.0						
YLR205C	XII	-	954	954	61.0	78.0	562.0	3.0	129.0	139.0	139	38.0	66.0	63.0	66	64.0	1.0	0.0	10.0		both too long	
YLR206W	XII	+	1842	1842	97.0	143.0	741.3	0.0	129.0		129		134.0		134							
YLR207W	XII	+	2502	2502	74.0	47.0	512.7	27.0	50.0	59.0	59	64.0	54.0	75.0	75	58.0	1.0	1.0	9.0	21.0	both too short	DRS too short
YLR208W	XII	+	894	894	280.0	352.0	760.4	65.0	105.0	520.0	520	90.0	138.0	363.0	363	270.0	1.0	1.0	415.0	225.0	both too long	DRS too short
YLR209C	XII	-	936	936	189.0	95.0	589.7	34.0	23.0	101.0	101	6.0	86.0	184.0	184	185.0	1.0	1.0	78.0	98.0	both too long	both too short
YLR210W	XII	+	1383	1383	55.0	46.0	686.5	7.0	56.0	67.0	67	65.0	79.0	179.0	179	173.0	1.0	1.0	11.0	100.0	DRS too short	DRS too short
YLR211C	XII	-	740	681	56.0	60.0	690.3	19.0	52.0	111.0	111	50.0	327.0	338.0	338	363.0	1.0	1.0	59.0	11.0	both too long	both too short
YLR212C	XII	-	1422	1422	41.0	38.0	765.0	67.0	31.0	44.0	44	15.0	109.0	164.0	164	147.0	1.0	1.0	13.0	55.0	both too long	DRS too short
YLR213C	XII	-	1269	1269	22.0	31.0	661.1	12.0	103.0	512.0	512	0.0	123.0	118.0	123	119.0	1.0	0.0	409.0			
YLR214W	XII	+	2061	2061	189.0	243.0	900.3	120.0	68.0	96.0	96	49.0	134.0	143.0	143	131.0	1.0	1.0	28.0	9.0	both too long	both too long
YLR215C	XII	-	1083	1083	789.0	62.0	543.4	17.0	54.0	60.0	60	42.0	117.0	126.0	126	105.0	1.0	1.0	6.0	9.0	both too long	both too long
YLR216C	XII	-	1116	1116	882.0	1029.0	766.4	553.0	20.0	100.0	100	31.0	98.0	111.0	111	112.0	1.0	1.0	80.0	13.0	DRS too short	both too short
YLR217W	XII	+	324	324	962.0	1485.0	743.9	3.0	929.0	71.0	929	72.0	25.0	242.0	242	243.0	0.0	1.0		217.0		both too short
YLR218C	XII	-	453	453	12.0	20.0	391.4	1.0		80.0	80	81.0		103.0	103	104.0						
YLR219W	XII	+	2187	2187	69.0	84.0	785.8	130.0	170.0	194.0	194	195.0	161.0	343.0	343	159.0	1.0	1.0	24.0	182.0	both too short	both too long
YLR220W	XII	+	969	969	316.0	211.0	653.5	91.0	142.0	160.0	160	153.0	174.0	577.0	577	181.0	1.0	1.0	18.0	403.0	DRS too short	DRS too short
YLR221C	XII	-	663	663	554.0	516.0	641.4	189.0	44.0	107.0	107	45.0	229.0	234.0	234	202.0	1.0	1.0	63.0	5.0	DRS too short	both too long
YLR222C	XII	-	2454	2454	216.0	320.0	705.1	183.0	30.0	44.0	44	19.0	109.0	97.0	109	98.0	1.0	0.0	14.0		both too long	
YLR222C-A	XII	-	231	231	21.0	36.0	596.7	3.0	956.0		956	1960.0	0.0		0	9.0						
YLR223C	XII	-	3258	3258	35.0	37.0	634.2	0.0	313.0		313		196.0		196							
YLR224W	XII	+	1110	1110	219.0	120.0	657.3	71.0	279.0	596.0	596	156.0	96.0	84.0	96	85.0	1.0	0.0	317.0		both too long	
YLR225C	XII	-	1224	1224	310.0	408.0	914.3	5.0	57.0	67.0	67	44.0	120.0	128.0	128	123.0	1.0	1.0	10.0	8.0	both too long	DRS too short
YLR226W	XII	+	1188	1188	79.0	98.0	687.4	10.0	39.0	48.0	48	36.0	521.0	610.0	610	511.0	1.0	1.0	9.0	89.0	both too long	both too long
YLR227C	XII	-	1482	1482	189.0	169.0	574.8	2.0	365.0		365	338.0	126.0		126	148.0						
YLR228C	XII	-	2445	2445	100.0	95.0	617.7	8.0	254.0	191.0	254	203.0	155.0	215.0	215	216.0	0.0	1.0		60.0		both too short
YLR229C	XII	-	576	576	289.0	346.0	602.9	399.0	207.0	101.0	207	209.0	59.0	1128.0	1128	90.0	0.0	1.0		1069.0		DRS too short
YLR230W	XII	+	306	306	266.0	203.0	620.8	0.0	458.0		458		104.0		104							
YLR231C	XII	-	1362	1362	52.0	46.0	695.1	59.0	22.0	141.0	141	27.0	99.0	81.0	99	82.0	1.0	0.0	119.0		DRS too short	
YLR232W	XII	+	348	348	9.0		479.2	0.0			0				0							
YLR233C	XII	-	2100	2100	16.0	28.0	922.4	10.0	34.0		34	46.0	303.0		303	282.0						
YLR234W	XII	+	1971	1971	6.0	11.0	690.5	10.0		66.0	66	40.0		530.0	530	514.0						
YLR235C	XII	-	399	399				2.0			0	896.0			0	1682.0						
YLR236C	XII	-	324	324				2.0			0	709.0			0	1944.0						
YLR237W	XII	+	1797	1797	63.0	87.0	708.5	75.0	56.0	134.0	134	67.0	180.0	185.0	185	186.0	1.0	1.0	78.0	5.0	DRS too short	both too short
YLR238W	XII	+	1437	1437	75.0	33.0	501.7	79.0	79.0	77.0	79	78.0	115.0	155.0	155	109.0	0.0	1.0		40.0		both too long
YLR239C	XII	-	987	987	61.0	68.0	712.4	78.0	40.0	29.0	40	30.0	110.0	195.0	195	106.0	0.0	1.0		85.0		both too long
YLR240W	XII	+	2628	2628	42.0	78.0	748.7	5.0	32.0	32.0	32	33.0	114.0	164.0	164	169.0	0.0	1.0		50.0		both too short
YLR241W	XII	+	2349	2349	145.0	130.0	771.6	19.0	308.0	40.0	308	55.0	75.0	153.0	153	72.0	0.0	1.0		78.0		both too long
YLR242C	XII	-	966	966	105.0	82.0	626.7	27.0	98.0	79.0	98	103.0	38.0	144.0	144	33.0	0.0	1.0		106.0		both too long
YLR243W	XII	+	819	819	207.0	169.0	572.2	16.0	68.0	91.0	91	78.0	43.0	168.0	168	43.0	1.0	1.0	23.0	125.0	DRS too short	both too long
YLR244C	XII	-	1164	1164	303.0	349.0	784.9	3090.0	111.0	583.0	583	18.0	56.0	55.0	56	56.0	1.0	0.0	472.0		both too long	
YLR245C	XII	-	429	429	12.0	8.0	478.8	298.0		63.0	63	18.0		186.0	186	1390.0						
YLR246W	XII	+	1080	1080	79.0	65.0	537.2	24.0	542.0	347.0	542	1.0	72.0	69.0	72	70.0	0.0	0.0				
YLR247C	XII	-	4671	4671	85.0	76.0	425.6	0.0	16.0		16		121.0		121							
YLR248W	XII	+	1833	1833	144.0	187.0	803.6	576.0	498.0	664.0	664	71.0	145.0	131.0	145	132.0	1.0	0.0	166.0		both too long	
YLR249W	XII	+	3135	3135	2548.0	4094.0	707.1	1173.0	29.0	65.0	65	40.0	136.0	169.0	169	170.0	1.0	1.0	36.0	33.0	DRS too short	both too short
YLR250W	XII	+	705	705	1998.0	523.0	439.1	48.0	62.0	52.0	62	44.0	105.0	289.0	289	114.0	0.0	1.0		184.0		DRS too short
YLR251W	XII	+	594	594	176.0	122.0	598.8	7.0	146.0	12.0	146	130.0	263.0	142.0	263	262.0	0.0	0.0				
YLR252W	XII	+	306	306	72.0	37.0	694.9	12.0	536.0	448.0	536	471.0	41.0	44.0	44	88.0	0.0	1.0		3.0		both too short
YLR253W	XII	+	1710	1710	128.0	73.0	572.1	189.0	74.0	111.0	111	73.0	72.0	93.0	93	92.0	1.0	1.0	37.0	21.0	both too long	DRS too short
YLR254C	XII	-	570	570	88.0	120.0	475.1	25.0	121.0	597.0	597	81.0	79.0	74.0	79	81.0	1.0	0.0	476.0		both too long	
YLR255C	XII	-	354	354	6.0		353.5	2.0		28.0	28	29.0		491.0	491	68.0						
YLR256W	XII	+	4509	4509	81.0	282.0	916.5	0.0	859.0		859		135.0		135							
YLR257W	XII	+	966	966	833.0	869.0	670.7	191.0	206.0	268.0	268	204.0	98.0	150.0	150	96.0	1.0	1.0	62.0	52.0	both too long	both too long
YLR258W	XII	+	2118	2118	814.0	122.0	438.9	317.0	74.0	80.0	80	67.0	364.0	367.0	367	359.0	1.0	1.0	6.0	3.0	both too long	both too long
YLR259C	XII	-	1719	1719	1220.0	1836.0	791.4	4470.0	35.0	45.0	45	34.0	97.0	218.0	218	94.0	1.0	1.0	10.0	121.0	both too long	both too long
YLR260W	XII	+	2064	2064	163.0	93.0	741.9	75.0	115.0	135.0	135	128.0	170.0	215.0	215	168.0	1.0	1.0	20.0	45.0	DRS too short	both too long
YLR261C	XII	-	327	327	213.0	290.0	573.8	29.0	391.0	279.0	391	368.0	116.0	306.0	306	235.0	0.0	1.0		190.0		DRS too short
YLR262C	XII	-	648	648	1443.0	127.0	399.5	29.0	65.0		65	40.0	182.0		182	242.0						
YLR262C-A	XII	-	195	195	1212.0	3742.0	354.0	1887.0		402.0	402	22.0		99.0	99	95.0						
YLR263W	XII	+	2484	2484	1371.0	40.0	358.1	3.0	358.0		358	498.0	62.0		62	77.0						
YLR264C-A	XII	-	117	117	1441.0		606.4	0.0			0				0							
YLR264W	XII	+	204	204	1564.0	3766.0	606.5	2615.0	46.0	55.0	55	22.0	643.0	1024.0	1024	646.0	1.0	1.0	9.0	381.0	both too long	DRS too short
YLR265C	XII	-	1029	1029	810.0	104.0	438.0	0.0	235.0		235	1.0	164.0		164	523.0						
YLR266C	XII	-	2106	2106	81.0	90.0	776.1	11.0	11.0	28.0	28	23.0	26.0	28.0	28	33.0	1.0	1.0	17.0	2.0	DRS too short	both too short
YLR267W	XII	+	1713	1713	36.0	31.0	835.6	10.0	120.0		120	68.0	99.0		99	97.0						
YLR268W	XII	+	645	645	59.0	143.0	623.8	37.0	56.0	71.0	71	48.0	111.0	301.0	301	121.0	1.0	1.0	15.0	190.0	both too long	DRS too short
YLR269C	XII	-	351	351	48.0	34.0	598.3	0.0	991.0		991		460.0		460							
YLR270W	XII	+	1053	1053	185.0	139.0	670.9	34.0	96.0	159.0	159	40.0	205.0	195.0	205	213.0	1.0	0.0	63.0		both too long	
YLR271W	XII	+	825	825	156.0	143.0	457.7	5.0	308.0	352.0	352	149.0	109.0	102.0	109	103.0	1.0	0.0	44.0		both too long	
YLR272C	XII	-	3531	3531	70.0	53.0	763.8	4.0	81.0	51.0	81	52.0	75.0	80.0	80	81.0	0.0	1.0		5.0		both too short
YLR273C	XII	-	1947	1947	18.0	14.0	823.1	7.0	226.0		226	218.0	149.0		149	159.0						
YLR274W	XII	+	2328	2328	117.0	171.0	1027.0	15.0	21.0	38.0	38	20.0	133.0	131.0	133	132.0	1.0	0.0	17.0		both too long	
YLR275W	XII	+	423	333	323.0	248.0	499.6	10.0	238.0	210.0	238	55.0	254.0	257.0	257	261.0	0.0	1.0		3.0		both too short
YLR276C	XII	-	1785	1785	390.0	366.0	653.2	27.0	83.0	151.0	151	96.0	77.0	65.0	77	75.0	1.0	0.0	68.0		DRS too short	
YLR277C	XII	-	2340	2340	130.0	134.0	559.9	19.0	136.0	157.0	157	148.0	65.0	82.0	82	63.0	1.0	1.0	21.0	17.0	DRS too short	both too long
YLR278C	XII	-	4026	4026	98.0	136.0	779.5	0.0	27.0		27		44.0		44							
YLR279W	XII	+	390	390		14.0		1.0			0	79.0			0	75.0						
YLR280C	XII	-	351	351	6.0		319.8	3.0			0	168.0			0	374.0						
YLR281C	XII	-	468	468	7.0		506.3	3.0			0	41.0			0	384.0						
YLR282C	XII	-	342	342	24.0	43.0	716.0	0.0	809.0		809		292.0		292							
YLR283W	XII	+	945	945	53.0	37.0	733.7	30.0	24.0	338.0	338	1.0	47.0	92.0	92	51.0	1.0	1.0	314.0	45.0	both too long	DRS too short
YLR284C	XII	-	843	843	44.0	44.0	619.1	22.0	84.0	102.0	102	48.0	86.0	84.0	86	85.0	1.0	0.0	18.0		both too long	
YLR285C-A	XII	-	171	171	206.0	305.0	641.7	13.0	960.0	264.0	960	2029.0	830.0	6.0	830	7.0	0.0	0.0				
YLR285W	XII	+	786	786	168.0	164.0	705.6	83.0	33.0	5.0	33	6.0	113.0	259.0	259	108.0	0.0	1.0		146.0		both too long
YLR286C	XII	-	1689	1689	430.0	441.0	1137.1	3583.0	218.0	239.0	239	231.0	166.0	196.0	196	171.0	1.0	1.0	21.0	30.0	DRS too short	DRS too short
YLR286W-A	XII	+	135	135	167.0	42.0	737.2	4.0		105.0	105	146.0		1518.0	1518	399.0						
YLR287C	XII	-	1068	1068	8569.0	283.0	424.0	21.0	80.0	69.0	80	70.0	229.0	641.0	641	228.0	0.0	1.0		412.0		both too long
YLR287C-A	XII	-	622	192	8437.0	16732.0	414.4	555.0	0.0	65.0	65	19.0	211.0	219.0	219	210.0	1.0	1.0	65.0	8.0	DRS too short	both too long
YLR288C	XII	-	1425	1425	67.0	67.0	664.0	5.0	29.0	17.0	29	18.0	129.0	160.0	160	137.0	0.0	1.0		31.0		DRS too short
YLR289W	XII	+	1938	1938	122.0	29.0	724.9	6.0	19.0		19	30.0	115.0		115	136.0						
YLR290C	XII	-	834	834	171.0	188.0	511.5	23.0	21.0	22.0	22	22.0	110.0	184.0	184	114.0	1.0	1.0	1.0	74.0	both too short	DRS too short
YLR291C	XII	-	1146	1146	426.0	215.0	638.4	17.0	54.0	64.0	64	32.0	153.0	178.0	178	169.0	1.0	1.0	10.0	25.0	both too long	DRS too short
YLR292C	XII	-	582	582	926.0	654.0	524.9	77.0	29.0	71.0	71	14.0	154.0	183.0	183	155.0	1.0	1.0	42.0	29.0	both too long	DRS too short
YLR293C	XII	-	660	660	1614.0	2356.0	669.8	641.0	75.0	66.0	75	37.0	105.0	258.0	258	101.0	0.0	1.0		153.0		both too long
YLR294C	XII	-	330	330	517.0	284.0	693.8	17.0	396.0		396	382.0	31.0		31	31.0						
YLR295C	XII	-	375	375	167.0	221.0	530.9	445.0	53.0	124.0	124	39.0	217.0	278.0	278	247.0	1.0	1.0	71.0	61.0	both too long	DRS too short
YLR296W	XII	+	327	327	16.0		386.1	6.0			0	269.0			0	383.0						
YLR297W	XII	+	390	390	72.0	42.0	619.1	73.0	127.0	209.0	209	109.0	297.0	294.0	297	296.0	1.0	0.0	82.0		both too long	
YLR298C	XII	-	696	696	88.0	115.0	561.8	47.0	268.0	26.0	268	5.0	71.0	742.0	742	69.0	0.0	1.0		671.0		both too long
YLR299C-A	XII	-	93	93	40.0		635.3	1.0			0	43.0			0	556.0						
YLR299W	XII	+	1983	1983	63.0	110.0	516.2	6.0	255.0	178.0	255	82.0	123.0	110.0	123	129.0	0.0	0.0				
YLR300W	XII	+	1347	1347	1007.0	1450.0	926.9	384.0	96.0	133.0	133	98.0	217.0	303.0	303	252.0	1.0	1.0	37.0	86.0	DRS too short	DRS too short
YLR301W	XII	+	735	735	1370.0	1062.0	665.6	477.0	39.0	29.0	39	30.0	114.0	211.0	211	110.0	0.0	1.0		97.0		both too long
YLR302C	XII	-	363	363	144.0		367.4	0.0			0				0							
YLR303W	XII	+	1335	1335	897.0	896.0	756.5	308.0		40.0	40	41.0		495.0	495	86.0						
YLR304C	XII	-	2337	2337	632.0	595.0	834.3	38.0	29.0	110.0	110	39.0	236.0	177.0	236	247.0	1.0	0.0	81.0		DRS too short	
YLR305C	XII	-	5703	5703	122.0	152.0	910.1	0.0	21.0		21		54.0		54							
YLR306W	XII	+	701	567	89.0	97.0	634.2	11.0	0.0	66.0	66	67.0	67.0	272.0	272	110.0	1.0	1.0	66.0	205.0	both too short	DRS too short
YLR307C-A	XII	-	264	264	21.0	26.0	456.4	0.0	65.0		65	62.0	238.0		238	232.0						
YLR307W	XII	+	906	906	37.0	10.0	531.8	2.0		76.0	76	77.0		97.0	97	98.0						
YLR308W	XII	+	939	939	77.0		569.5	0.0			0				0							
YLR309C	XII	-	2736	2736	227.0	233.0	812.9	3.0	303.0		303	13.0	122.0		122	55.0						
YLR310C	XII	-	4770	4770	104.0	163.0	805.3	0.0	37.0		37		258.0		258							
YLR311C	XII	-	348	348				2.0	928.0	1.0	928	1329.0	0.0	9.0	9	76.0	0.0	1.0		9.0		both too short
YLR312C	XII	-	1197	1197	8.0	13.0	755.2	45.0	123.0	193.0	193	100.0	137.0	213.0	213	35.0	1.0	1.0	70.0	76.0	both too long	both too long
YLR312W-A	XII	+	762	762	204.0	251.0	755.2	544.0	28.0	11.0	28	12.0	101.0	283.0	283	122.0	0.0	1.0		182.0		DRS too short
YLR313C	XII	-	1593	1593	136.0	22.0	444.6	7.0	46.0	38.0	46	52.0	437.0	509.0	509	468.0	0.0	1.0		72.0		DRS too short
YLR314C	XII	-	1563	1563	179.0	244.0	798.6	163.0	57.0	69.0	69	65.0	88.0	137.0	137	104.0	1.0	1.0	12.0	49.0	DRS too short	DRS too short
YLR315W	XII	+	462	462	24.0	12.0	588.0	7.0	23.0	49.0	49	54.0	672.0	688.0	688	862.0	1.0	1.0	26.0	16.0	both too short	both too short
YLR316C	XII	-	1093	969	32.0	36.0	637.8	98.0	19.0	59.0	59	24.0	71.0	155.0	155	68.0	1.0	1.0	40.0	84.0	DRS too short	both too long
YLR317W	XII	+	435	435	29.0	44.0	603.3	7.0	874.0	471.0	874	901.0	92.0	142.0	142	42.0	0.0	1.0		50.0		both too long
YLR318W	XII	+	2655	2655	61.0	19.0	532.3	1.0	20.0		20	19.0	31.0		31	44.0						
YLR319C	XII	-	2367	2367	58.0	94.0	806.5	5.0	39.0		39	52.0	186.0		186	182.0						
YLR320W	XII	+	4365	4365	60.0	38.0	625.1	0.0	0.0		0		63.0		63							
YLR321C	XII	-	1281	1281	65.0	80.0	576.6	42.0	17.0	66.0	66	15.0	320.0	326.0	326	327.0	1.0	1.0	49.0	6.0	both too long	both too short
YLR322W	XII	+	315	315	11.0		587.7	1.0		38.0	38	35.0		134.0	134	135.0						
YLR323C	XII	-	780	780	12.0	44.0	654.4	34.0	24.0	1949.0	1949	27.0	177.0	285.0	285	174.0	1.0	1.0	1925.0	108.0	DRS too short	both too long
YLR324W	XII	+	1572	1572	10027.0	78.0	481.1	150.0	60.0	66.0	66	67.0	59.0	147.0	147	56.0	1.0	1.0	6.0	88.0	both too short	both too long
YLR325C	XII	-	237	237	9934.0	19880.0	477.7	9079.0		495.0	495	21.0		240.0	240	241.0						
YLR326W	XII	+	723	723	1523.0	51.0	486.0	12.0	155.0	161.0	161	91.0	129.0	140.0	140	128.0	1.0	1.0	6.0	11.0	both too long	both too long
YLR327C	XII	-	261	261	1512.0	2976.0	482.3	216.0	92.0	246.0	246	88.0	125.0	180.0	180	181.0	1.0	1.0	154.0	55.0	both too long	both too short
YLR328W	XII	+	1206	1206	92.0	126.0	866.8	143.0	199.0	210.0	210	211.0	173.0	350.0	350	171.0	1.0	1.0	11.0	177.0	both too short	both too long
YLR329W	XII	+	892	795	53.0	19.0	469.6	60.0			0	167.0			0	37.0						
YLR330W	XII	+	2016	2016	163.0	182.0	508.4	910.0	44.0	54.0	54	12.0	146.0	149.0	149	145.0	1.0	1.0	10.0	3.0	both too long	both too long
YLR331C	XII	-	378	378	145.0	146.0	626.6	0.0	963.0		963	217.0	397.0		397	233.0						
YLR332W	XII	+	1131	1131	158.0	129.0	591.6	27.0	360.0	450.0	450	364.0	202.0	214.0	214	183.0	1.0	1.0	90.0	12.0	DRS too short	both too long
YLR333C	XII	-	763	327	7818.0	7658.0	456.5	308.0	15.0	160.0	160	32.0	109.0	175.0	175	157.0	1.0	1.0	145.0	66.0	DRS too short	DRS too short
YLR334C	XII	-	381	381	13.0	17.0	337.8	0.0			0				0							
YLR335W	XII	+	2163	2163	220.0	230.0	790.4	624.0	8.0	29.0	29	23.0	102.0	184.0	184	96.0	1.0	1.0	21.0	82.0	DRS too short	both too long
YLR336C	XII	-	2700	2700	242.0	182.0	689.8	5.0	26.0	40.0	40	41.0	86.0	168.0	168	37.0	1.0	1.0	14.0	82.0	both too short	both too long
YLR337C	XII	-	2454	2454	54.0	102.0	726.0	34.0	129.0	64.0	129	65.0	125.0	135.0	135	125.0	0.0	1.0		10.0		both too long
YLR338W	XII	+	858	858	10.0		321.3	1.0			0	534.0			0	44.0						
YLR339C	XII	-	552	552	2685.0	2984.0	828.1	0.0	597.0		597		26.0		26							
YLR340W	XII	+	939	939	2679.0	2956.0	844.8	9737.0	78.0	59.0	78	60.0	82.0	347.0	347	85.0	0.0	1.0		265.0		DRS too short
YLR341W	XII	+	1434	1434	619.0	46.0	402.8	0.0			0				0							
YLR342W	XII	+	5631	5631	1054.0	906.0	1056.2	0.0	247.0		247		223.0		223							
YLR342W-A	XII	+	174	174	523.0	1097.0	510.2	18.0	994.0	1129.0	1129	537.0	334.0	510.0	510	592.0	1.0	1.0	135.0	176.0	both too long	both too short
YLR343W	XII	+	1668	1668	531.0	129.0	421.5	1.0	375.0		375	1371.0	575.0		575	63.0						
YLR344W	XII	+	831	384	2473.0	4918.0	468.2	6760.0	0.0	462.0	462	17.0	106.0	99.0	106	100.0	1.0	0.0	462.0		DRS too short	
YLR345W	XII	+	1530	1530	2605.0	175.0	490.5	38.0	79.0	145.0	145	71.0	83.0	63.0	83	83.0	1.0	0.0	66.0		both too long	
YLR346C	XII	-	306	306	87.0	54.0	467.9	11.0		169.0	169	61.0		152.0	152	153.0						
YLR347C	XII	-	2586	2586	219.0	202.0	802.4	12.0	111.0	201.0	201	120.0	257.0	480.0	480	331.0	1.0	1.0	90.0	223.0	DRS too short	DRS too short
YLR347W-A	XII	+	141	141	6.0		1626.3	1.0			0	1720.0			0	745.0						
YLR348C	XII	-	897	897	99.0	77.0	595.0	49.0	18.0	91.0	91	19.0	69.0	110.0	110	70.0	1.0	1.0	73.0	41.0	DRS too short	DRS too short
YLR349W	XII	+	507	507	89.0	127.0	586.8	1.0	658.0		658	119.0	315.0		315	60.0						
YLR350W	XII	+	651	651	260.0	232.0	629.7	13.0	96.0	123.0	123	47.0	89.0	137.0	137	133.0	1.0	1.0	27.0	48.0	both too long	DRS too short
YLR351C	XII	-	876	876	218.0	233.0	663.1	24.0	18.0	37.0	37	3.0	44.0	187.0	187	127.0	1.0	1.0	19.0	143.0	both too long	DRS too short
YLR352W	XII	+	2424	2424	34.0	32.0	728.7	24.0	128.0	124.0	128	115.0	7.0	96.0	96	97.0	0.0	1.0		89.0		both too short
YLR353W	XII	+	1812	1812	283.0	80.0	538.1	48.0	469.0	480.0	480	481.0	153.0	165.0	165	152.0	1.0	1.0	11.0	12.0	both too short	both too long
YLR354C	XII	-	1008	1008	1200.0	784.0	598.6	64.0	49.0	71.0	71	41.0	146.0	168.0	168	163.0	1.0	1.0	22.0	22.0	both too long	DRS too short
YLR355C	XII	-	1188	1188	1524.0	2128.0	760.0	27363.0	73.0	78.0	78	79.0	222.0	303.0	303	218.0	1.0	1.0	5.0	81.0	both too short	both too long
YLR356W	XII	+	594	594	52.0	77.0	643.1	48.0	69.0	83.0	83	31.0	106.0	208.0	208	111.0	1.0	1.0	14.0	102.0	both too long	DRS too short
YLR357W	XII	+	2670	2670	54.0	38.0	709.4	31.0	40.0	55.0	55	56.0	193.0	190.0	193	191.0	1.0	0.0	15.0		both too short	
YLR358C	XII	-	564	564	14.0	11.0	572.4	1.0	143.0		143	128.0	763.0		763	4154.0						
YLR359W	XII	+	1449	1449	284.0	411.0	882.7	73.0	93.0	115.0	115	68.0	129.0	144.0	144	134.0	1.0	1.0	22.0	15.0	both too long	DRS too short
YLR360W	XII	+	1320	1320	239.0	93.0	609.0	39.0	65.0	99.0	99	74.0	120.0	137.0	137	139.0	1.0	1.0	34.0	17.0	DRS too short	both too short
YLR361C	XII	-	1737	1737	170.0	107.0	636.7	11.0	253.0	20.0	253	21.0	326.0	479.0	479	365.0	0.0	1.0		153.0		DRS too short
YLR361C-A	XII	-	297	297	70.0	218.0	423.3	40.0	17.0	16.0	17	3.0	101.0	284.0	284	169.0	0.0	1.0		183.0		DRS too short
YLR362W	XII	+	2154	2154	163.0	53.0	528.2	3.0	19.0	64.0	64	65.0	114.0	115.0	115	116.0	1.0	1.0	45.0	1.0	both too short	both too short
YLR363C	XII	-	657	657	209.0	144.0	596.2	7.0	80.0	78.0	80	79.0	434.0	544.0	544	455.0	0.0	1.0		110.0		DRS too short
YLR363W-A	XII	+	258	258	120.0	288.0	440.0	89.0	27.0	27.0	27	28.0	158.0	389.0	389	145.0	0.0	1.0		231.0		both too long
YLR364C-A	XII	-	123	123	28.0		335.9	0.0			0				0							
YLR364W	XII	+	330	330	129.0	75.0	428.1	198.0		108.0	108	50.0		408.0	408	53.0						
YLR365W	XII	+	333	333	26.0		302.2	1.0			0	90.0			0	1840.0						
YLR366W	XII	+	306	306	21.0		302.8	1.0			0	429.0			0	1528.0						
YLR367W	XII	+	1440	393	2402.0	4440.0	498.1	349.0	190.0	40.0	190	41.0	54.0	226.0	226	54.0	0.0	1.0		172.0		both too long
YLR368W	XII	+	1797	1797	2152.0	70.0	500.1	22.0	63.0	53.0	63	54.0	36.0	43.0	43	44.0	0.0	1.0		7.0		both too short
YLR369W	XII	+	1974	1974	258.0	99.0	621.6	1.0	14.0	22.0	22	23.0	76.0	142.0	142	71.0	1.0	1.0	8.0	66.0	both too short	both too long
YLR370C	XII	-	537	537	176.0	310.0	530.9	5521.0	41.0	42.0	42	40.0	170.0	247.0	247	168.0	1.0	1.0	1.0	77.0	both too long	both too long
YLR371W	XII	+	4071	4071	136.0	175.0	887.0	1.0	111.0		111	198.0	175.0		175	172.0						
YLR372W	XII	+	1038	1038	748.0	1033.0	749.7	320.0	193.0	216.0	216	144.0	110.0	258.0	258	102.0	1.0	1.0	23.0	148.0	both too long	both too long
YLR373C	XII	-	2706	2706	447.0	120.0	529.0	21.0	5.0	30.0	30	16.0	93.0	78.0	93	86.0	1.0	0.0	25.0		DRS too short	
YLR374C	XII	-	390	390	66.0	78.0	685.7	0.0	979.0		979		0.0		0							
YLR375W	XII	+	1032	1032	84.0	88.0	636.5	31.0	24.0	89.0	89	32.0	92.0	98.0	98	92.0	1.0	1.0	65.0	6.0	DRS too short	both too long
YLR376C	XII	-	729	729	53.0	36.0	572.2	30.0	24.0	67.0	67	34.0	90.0	94.0	94	95.0	1.0	1.0	43.0	4.0	DRS too short	both too short
YLR377C	XII	-	1047	1047	66.0	21.0	375.2	0.0	47.0		47		143.0		143							
YLR378C	XII	-	1443	1443	426.0	446.0	889.1	2156.0	193.0	270.0	270	205.0	160.0	173.0	173	156.0	1.0	1.0	77.0	13.0	DRS too short	both too long
YLR379W	XII	+	375	375				0.0			0				0							
YLR379W-A	XII	+	273	273				0.0			0				0							
YLR380W	XII	+	1227	1227	80.0	123.0	888.4	54.0	92.0	630.0	630	103.0	67.0	134.0	134	135.0	1.0	1.0	538.0	67.0	DRS too short	both too short
YLR381W	XII	+	2202	2202	112.0	76.0	563.4	2.0	37.0		37	51.0	77.0		77	17.0						
YLR382C	XII	-	2685	2685	91.0	81.0	591.5	38.0	60.0	81.0	81	82.0	96.0	80.0	96	75.0	1.0	0.0	21.0		both too short	
YLR383W	XII	+	3345	3345	149.0	83.0	530.4	7.0	71.0		71	82.0	55.0		55	72.0						
YLR384C	XII	-	4050	4050	204.0	265.0	865.4	2.0	510.0		510	520.0	76.0		76	93.0						
YLR385C	XII	-	399	399		6.0		2.0		129.0	129	30.0		2514.0	2514	4234.0						
YLR386W	XII	+	2643	2643	150.0	71.0	683.0	23.0	9.0	56.0	56	22.0	115.0	159.0	159	110.0	1.0	1.0	47.0	44.0	DRS too short	both too long
YLR387C	XII	-	1299	1299	229.0	307.0	849.0	18.0	85.0	96.0	96	52.0	96.0	416.0	416	74.0	1.0	1.0	11.0	320.0	both too long	both too long
YLR388W	XII	+	664	171	3442.0	6770.0	301.2	1366.0		151.0	151	37.0		140.0	140	81.0						
YLR389C	XII	-	3084	3084	3564.0	51.0	311.1	3.0	67.0	27.0	67	0.0	93.0	220.0	220	141.0	0.0	1.0		127.0		DRS too short
YLR390W	XII	+	339	339	73.0	231.0	667.5	23.0	368.0	4166.0	4166	214.0	81.0	270.0	270	76.0	1.0	1.0	3798.0	189.0	both too long	both too long
YLR390W-A	XII	+	717	717	567.0	950.0	684.1	8609.0	72.0	38.0	72	48.0	119.0	606.0	606	221.0	0.0	1.0		487.0		DRS too short
YLR392C	XII	-	1557	1557	391.0	33.0	614.8	44.0	171.0	387.0	387	171.0	75.0	91.0	91	92.0	1.0	1.0	216.0	16.0	both too long	both too short
YLR393W	XII	+	840	840				10.0		55.0	55	22.0		1131.0	1131	1608.0						
YLR394W	XII	+	1449	1449	558.0	38.0	570.1	10.0	797.0	627.0	797	893.0	87.0	92.0	92	128.0	0.0	1.0		5.0		both too short
YLR395C	XII	-	237	237	481.0	1404.0	525.8	446.0	53.0	634.0	634	43.0	279.0	270.0	279	294.0	1.0	0.0	581.0		both too long	
YLR396C	XII	-	2076	2076	522.0	75.0	546.9	14.0	46.0	53.0	53	57.0	51.0	221.0	221	56.0	1.0	1.0	7.0	170.0	both too short	DRS too short
YLR397C	XII	-	2343	2343	132.0	134.0	661.0	58.0	421.0	121.0	421	32.0	145.0	142.0	145	136.0	0.0	0.0				
YLR398C	XII	-	3864	3864	155.0	124.0	766.1	2.0	268.0	29.0	268	40.0	118.0	204.0	204	68.0	0.0	1.0		86.0		both too long
YLR399C	XII	-	2061	2061	126.0	194.0	704.4	58.0	34.0	49.0	49	46.0	321.0	315.0	321	335.0	1.0	0.0	15.0		DRS too short	
YLR399W-A	XII	+	105	105	7.0		560.9	1.0			0	1596.0			0	78.0						
YLR400W	XII	+	474	474	42.0	34.0	516.0	2.0	180.0		180	122.0	367.0		367	22.0						
YLR401C	XII	-	2007	2007	70.0	83.0	772.9	409.0	26.0	44.0	44	48.0	47.0	2294.0	2294	45.0	1.0	1.0	18.0	2247.0	both too short	both too long
YLR402W	XII	+	192	192		6.0		0.0			0				0							
YLR403W	XII	+	2052	2052	145.0	90.0	660.3	2.0	130.0		130	640.0	430.0		430	69.0						
YLR404W	XII	+	858	858	88.0	78.0	385.3	17.0	275.0	36.0	275	37.0	52.0	207.0	207	112.0	0.0	1.0		155.0		DRS too short
YLR405W	XII	+	1104	1104	1326.0	129.0	460.6	96.0	5.0	738.0	738	7.0	149.0	147.0	149	148.0	1.0	0.0	733.0		DRS too short	
YLR406C	XII	-	691	342	1256.0	2459.0	461.2	7181.0	0.0	252.0	252	26.0	189.0	182.0	189	187.0	1.0	0.0	252.0		DRS too short	
YLR406C-A	XII	-	150	150	7.0		324.3	2.0			0	1341.0			0	522.0						
YLR407W	XII	+	687	687	90.0	75.0	542.6	13.0	236.0	247.0	247	244.0	226.0	237.0	237	206.0	1.0	1.0	11.0	11.0	DRS too short	both too long
YLR408C	XII	-	369	369	172.0	123.0	511.3	2.0	242.0	18.0	242	12.0	86.0	103.0	103	86.0	0.0	1.0		17.0		both too long
YLR409C	XII	-	2820	2820	181.0	245.0	732.8	46.0	47.0	46.0	47	33.0	51.0	107.0	107	51.0	0.0	1.0		56.0		both too long
YLR410W	XII	+	3441	3441	97.0	123.0	1166.7	1.0	49.0		49	61.0	86.0		86	84.0						
YLR411W	XII	+	726	726	159.0	36.0	607.9	6.0		85.0	85	31.0		153.0	153	131.0						
YLR412C-A	XII	-	207	207	20.0	10.0	413.6	6.0		107.0	107	308.0		844.0	844	1131.0						
YLR412W	XII	+	825	825	124.0	119.0	616.2	23.0	20.0		20	23.0	70.0	1046.0	1046	72.0		1.0		976.0		DRS too short
YLR413W	XII	+	2028	2028	378.0	305.0	788.3	379.0	47.0	49.0	49	50.0	141.0	170.0	170	136.0	1.0	1.0	2.0	29.0	both too short	both too long
YLR414C	XII	-	792	792	373.0	505.0	651.7	72.0	138.0	198.0	198	100.0	119.0	101.0	119	102.0	1.0	0.0	60.0		both too long	
YLR415C	XII	-	339	339	52.0		775.1	2.0			0	186.0			0	984.0						
YLR416C	XII	-	399	399	5.0		811.6	1.0			0	59.0			0	1256.0						
YLR417W	XII	+	1701	1701	99.0	47.0	594.8	17.0	388.0	100.0	388	87.0	102.0	130.0	130	86.0	0.0	1.0		28.0		both too long
YLR418C	XII	-	1182	1182	129.0	180.0	908.4	5.0	47.0	99.0	99	60.0	202.0	313.0	313	241.0	1.0	1.0	52.0	111.0	DRS too short	DRS too short
YLR419W	XII	+	4308	4308	79.0	74.0	754.6	5.0	0.0		0	61.0	108.0		108	82.0						
YLR420W	XII	+	1095	1095	589.0	321.0	643.3	83.0	69.0	107.0	107	20.0	83.0	131.0	131	76.0	1.0	1.0	38.0	48.0	both too long	both too long
YLR421C	XII	-	471	471	425.0	734.0	508.7	533.0	36.0	32.0	36	4.0	208.0	343.0	343	207.0	0.0	1.0		135.0		both too long
YLR422W	XII	+	5799	5799	125.0	62.0	745.4	0.0	104.0		104		84.0		84							
YLR423C	XII	-	1254	1254	51.0	67.0	737.6	5.0	54.0	128.0	128	43.0	224.0	226.0	226	224.0	1.0	1.0	74.0	2.0	both too long	both too long
YLR424W	XII	+	2127	2127	51.0	45.0	605.2	4.0	19.0		19	21.0	108.0		108	97.0						
YLR425W	XII	+	3924	3924	105.0	51.0	770.5	1.0	155.0		155	161.0	72.0		72	67.0						
YLR426W	XII	+	1052	981	44.0	46.0	709.7	81.0	14.0	24.0	24	25.0	68.0	93.0	93	78.0	1.0	1.0	10.0	25.0	both too short	DRS too short
YLR427W	XII	+	2013	2013	62.0	89.0	624.1	30.0	93.0	133.0	133	94.0	174.0	171.0	174	172.0	1.0	0.0	40.0		DRS too short	
YLR428C	XII	-	345	345	35.0		455.8	2.0		72.0	72	73.0		131.0	131	132.0						
YLR429W	XII	+	1956	1956	249.0	303.0	873.3	379.0	31.0	46.0	46	31.0	124.0	189.0	189	125.0	1.0	1.0	15.0	65.0	both too long	DRS too short
YLR430W	XII	+	6696	6696	154.0	92.0	487.2	0.0	305.0		305		96.0		96							
YLR431C	XII	-	1362	1362	82.0	41.0	481.7	18.0	142.0	143.0	143	157.0	204.0	207.0	207	208.0	1.0	1.0	1.0	3.0	both too short	both too short
YLR432W	XII	+	1572	1572	677.0	945.0	1012.6	430.0	130.0	117.0	130	116.0	58.0	330.0	330	99.0	0.0	1.0		272.0		DRS too short
YLR433C	XII	-	1662	1662	358.0	75.0	468.3	156.0	122.0	113.0	122	114.0	218.0	295.0	295	216.0	0.0	1.0		77.0		both too long
YLR434C	XII	-	384	384	231.0	283.0	593.2	1.0	792.0		792	692.0	0.0		0	1956.0						
YLR435W	XII	+	618	618	286.0	340.0	586.5	85.0	67.0	78.0	78	79.0	151.0	329.0	329	150.0	1.0	1.0	11.0	178.0	both too short	both too long
YLR436C	XII	-	3825	3825	253.0	139.0	583.7	4.0	60.0	83.0	83	84.0	123.0	19.0	123	20.0	1.0	0.0	23.0		both too short	
YLR437C	XII	-	402	402	35.0	92.0	436.9	72.0	57.0	72.0	72	69.0	148.0	231.0	231	154.0	1.0	1.0	15.0	83.0	DRS too short	DRS too short
YLR437C-A	XII	-	228	228	30.0		488.1	5.0	997.0		997	534.0	244.0		244	991.0						
YLR438C-A	XII	-	270	270	112.0	316.0	407.4	239.0	36.0	1868.0	1868	62.0	85.0	105.0	105	85.0	1.0	1.0	1832.0	20.0	DRS too short	both too long
YLR438W	XII	+	1275	1275	102.0	12.0	435.7	408.0	29.0	49.0	49	35.0	12.0	114.0	114	109.0	1.0	1.0	20.0	102.0	DRS too short	DRS too short
YLR439W	XII	+	960	960	156.0	39.0	500.2	75.0	45.0	613.0	613	58.0	143.0	138.0	143	139.0	1.0	0.0	568.0		DRS too short	
YLR440C	XII	-	2130	2130	2581.0	58.0	480.0	27.0	96.0	226.0	226	69.0	74.0	1326.0	1326	115.0	1.0	1.0	130.0	1252.0	both too long	DRS too short
YLR441C	XII	-	768	768	9042.0	11575.0	850.6	3540.0	54.0	43.0	54	28.0	213.0	326.0	326	217.0	0.0	1.0		113.0		DRS too short
YLR442C	XII	-	2937	2937	96.0	76.0	694.4	4.0	25.0	37.0	37	38.0	103.0	144.0	144	99.0	1.0	1.0	12.0	41.0	both too short	both too long
YLR443W	XII	+	1347	1347	67.0	122.0	1013.0	13.0	216.0	170.0	216	137.0	87.0	100.0	100	101.0	0.0	1.0		13.0		both too short
YLR444C	XII	-	303	303	37.0		594.7	1.0		16.0	16	17.0		299.0	299	300.0						
YLR445W	XII	+	649	567	23.0		419.1	0.0			0				0							
YLR446W	XII	+	1302	1302	389.0	83.0	494.3	5.0	75.0	85.0	85	86.0	149.0	285.0	285	276.0	1.0	1.0	10.0	136.0	both too short	DRS too short
YLR447C	XII	-	1038	1038	974.0	1280.0	928.3	14715.0	53.0	53.0	53	54.0	160.0	498.0	498	152.0	0.0	1.0		338.0		both too long
YLR448W	XII	+	915	531	3186.0	3214.0	626.8	313.0	0.0	65.0	65	16.0	249.0	506.0	506	157.0	1.0	1.0	65.0	257.0	DRS too short	both too long
YLR449W	XII	+	1179	1179	346.0	443.0	516.4	105.0	28.0	75.0	75	39.0	78.0	90.0	90	83.0	1.0	1.0	47.0	12.0	DRS too short	DRS too short
YLR450W	XII	+	3138	3138	254.0	133.0	632.9	9.0	155.0		155	158.0	73.0		73	89.0						
YLR451W	XII	+	2661	2661	111.0	71.0	577.8	3.0	83.0	83.0	83	92.0	179.0	188.0	188	191.0	0.0	1.0		9.0		both too short
YLR452C	XII	-	2097	2097	92.0	113.0	911.6	2.0	134.0	171.0	171	172.0	218.0	186.0	218	187.0	1.0	0.0	37.0		both too short	
YLR453C	XII	-	1188	1188	34.0	28.0	627.9	4.0			0	24.0			0	830.0						
YLR454W	XII	+	7887	7887	142.0	97.0	765.9	0.0	126.0		126		85.0		85							
YLR455W	XII	+	915	915	202.0	215.0	789.0	59.0	243.0	282.0	282	236.0	371.0	469.0	469	411.0	1.0	1.0	39.0	98.0	both too long	DRS too short
YLR456W	XII	+	615	615	131.0	130.0	519.0	23.0	11.0	11.0	11	12.0	36.0	164.0	164	68.0	0.0	1.0		128.0		DRS too short
YLR457C	XII	-	960	960	72.0	37.0	566.3	8.0	332.0	354.0	354	9.0	140.0	177.0	177	148.0	1.0	1.0	22.0	37.0	both too long	DRS too short
YLR458W	XII	+	381	381	30.0		471.1	0.0			0				0							
YLR459W	XII	+	1185	1185	125.0	125.0	615.6	25.0	28.0	11.0	28	12.0	58.0	305.0	305	57.0	0.0	1.0		247.0		both too long
YLR460C	XII	-	1131	1131	97.0	92.0	603.9	3.0		45.0	45	46.0		257.0	257	57.0						
YLR461W	XII	+	363	363				0.0			0				0							
YLR462W	XII	+	609	609				0.0			0				0							
YLR463C	XII	-	552	552				0.0			0				0							
YLR464W	XII	+	930	651				0.0			0				0							
YLR465C	XII	-	309	309				0.0			0				0							
YLR466C-A	XII	-	483	483	17.0	29.0	520.7	0.0	445.0		445		728.0		728							
YLR466C-B	XII	-	117	117	27.0		435.7	0.0			0				0							
YLR466W	XII	+	4149	4149	38.0	42.0	550.7	0.0	0.0		0		68.0		68							
YLR467C-A	XII	-	483	483	21.0		494.3	0.0	51.0		51		729.0		729							
YLR467W	XII	+	5391	5391	41.0	69.0	751.1	0.0	525.0		525		789.0		789							
YML001W	XIII	+	627	627	590.0	585.0	668.3	136.0	91.0	232.0	232	93.0	82.0	129.0	129	136.0	1.0	1.0	141.0	47.0	DRS too short	both too short
YML002W	XIII	+	2214	2214	117.0	121.0	900.1	2.0	966.0		966	241.0	91.0		91	179.0						
YML003W	XIII	+	873	873	7.0		541.6	1.0			0	10.0			0	349.0						
YML004C	XIII	-	981	981	316.0	474.0	815.1	1001.0	12.0	196.0	196	15.0	139.0	135.0	139	136.0	1.0	0.0	184.0		DRS too short	
YML005W	XIII	+	1389	1389	283.0	107.0	755.4	23.0	96.0	6.0	96	7.0	67.0	83.0	83	58.0	0.0	1.0		16.0		both too long
YML006C	XIII	-	2325	2325	248.0	126.0	566.7	5.0	150.0	213.0	213	154.0	73.0	73.0	73	74.0	1.0	0.0	63.0		DRS too short	
YML007C-A	XIII	-	111	111	15.0	7.0	440.3	3.0		358.0	358	1.0		161.0	161	1406.0						
YML007W	XIII	+	1953	1953	172.0	223.0	749.3	52.0	196.0	187.0	196	162.0	194.0	234.0	234	219.0	0.0	1.0		40.0		DRS too short
YML008C	XIII	-	1152	1152	531.0	698.0	833.5	262.0	91.0	274.0	274	34.0	90.0	87.0	90	101.0	1.0	0.0	183.0		both too long	
YML009C	XIII	-	213	213	308.0	283.0	479.7	196.0	30.0	48.0	48	42.0	161.0	287.0	287	142.0	1.0	1.0	18.0	126.0	DRS too short	both too long
YML009C-A	XIII	-	327	327	143.0	90.0	512.4	0.0	153.0		153		764.0		764							
YML009W-B	XIII	+	477	477	127.0	120.0	503.5	66.0	821.0	1838.0	1838	741.0	206.0	299.0	299	211.0	1.0	1.0	1017.0	93.0	both too long	DRS too short
YML010W	XIII	+	3192	3192	209.0	78.0	623.4	31.0	31.0		31	38.0	274.0		274	254.0						
YML011C	XIII	-	534	534	300.0	128.0	545.8	7.0	139.0	52.0	139	36.0	132.0	167.0	167	114.0	0.0	1.0		35.0		both too long
YML012C-A	XIII	-	378	378	191.0	97.0	533.1	1.0	908.0		908	1479.0	945.0		945	244.0						
YML012W	XIII	+	636	636	255.0	784.0	545.5	2521.0	52.0	1428.0	1428	41.0	127.0	112.0	127	132.0	1.0	0.0	1376.0		both too long	
YML013W	XIII	+	1755	1755	254.0	31.0	651.2	145.0	17.0	28.0	28	4.0	224.0	237.0	237	203.0	1.0	1.0	11.0	13.0	both too long	both too long
YML014W	XIII	+	840	840	23.0	37.0	646.0	85.0	30.0	46.0	46	10.0	98.0	95.0	98	96.0	1.0	0.0	16.0		both too long	
YML015C	XIII	-	1041	1041	61.0	56.0	480.6	5.0	28.0	62.0	62	31.0	108.0	120.0	120	121.0	1.0	1.0	34.0	12.0	DRS too short	both too short
YML016C	XIII	-	2079	2079	178.0	173.0	594.9	0.0	251.0		251		130.0		130							
YML017W	XIII	+	2144	1782	95.0	88.0	491.7	4.0	540.0		540	70.0	330.0		330	328.0						
YML018C	XIII	-	1182	1182	141.0	141.0	671.8	138.0	180.0	130.0	180	73.0	4.0	200.0	200	128.0	0.0	1.0		196.0		DRS too short
YML019W	XIII	+	999	999	204.0	193.0	732.5	18.0	21.0	47.0	47	13.0	264.0	294.0	294	261.0	1.0	1.0	26.0	30.0	both too long	both too long
YML020W	XIII	+	1995	1995	40.0	47.0	750.1	2.0	173.0	175.0	175	176.0	172.0	168.0	172	169.0	1.0	0.0	2.0		both too short	
YML021C	XIII	-	1080	1080	839.0	94.0	679.3	10.0	16.0	14.0	16	17.0	149.0	195.0	195	144.0	0.0	1.0		46.0		both too long
YML022W	XIII	+	564	564	828.0	1979.0	649.3	979.0	53.0	21.0	53	22.0	152.0	497.0	497	208.0	0.0	1.0		345.0		DRS too short
YML023C	XIII	-	1671	1671	6721.0	66.0	514.8	33.0	392.0	54.0	392	44.0	71.0	83.0	83	49.0	0.0	1.0		12.0		both too long
YML024W	XIII	+	809	411	6271.0	12518.0	498.3	104.0	0.0	41.0	41	26.0	53.0	248.0	248	61.0	1.0	1.0	41.0	195.0	DRS too short	DRS too short
YML025C	XIII	-	960	861	43.0	52.0	592.4	475.0	0.0	41.0	41	42.0	108.0	145.0	145	106.0	1.0	1.0	41.0	37.0	both too short	both too long
YML026C	XIII	-	842	441	5989.0	12200.0	554.3	1412.0	0.0	21.0	21	22.0	192.0	419.0	419	228.0	1.0	1.0	21.0	227.0	both too short	DRS too short
YML027W	XIII	+	1158	1158	6366.0	30.0	555.4	7.0	216.0	70.0	216	71.0	133.0	169.0	169	170.0	0.0	1.0		36.0		both too short
YML028W	XIII	+	591	591	913.0	1910.0	651.3	31256.0	46.0	1061.0	1061	29.0	113.0	104.0	113	106.0	1.0	0.0	1015.0		both too long	
YML029W	XIII	+	2517	2517	937.0	37.0	664.6	33.0	59.0	79.0	79	80.0	285.0	325.0	325	275.0	1.0	1.0	20.0	40.0	both too short	both too long
YML030W	XIII	+	480	480	65.0	101.0	404.0	36.0	33.0	84.0	84	23.0	237.0	246.0	246	232.0	1.0	1.0	51.0	9.0	both too long	both too long
YML031C-A	XIII	-	336	336				0.0			0				0							
YML031W	XIII	+	1968	1968	81.0	70.0	767.0	262.0	41.0	72.0	72	42.0	79.0	72.0	79	76.0	1.0	0.0	31.0		DRS too short	
YML032C	XIII	-	1416	1416	106.0	57.0	697.2	101.0	31.0	39.0	39	40.0	180.0	298.0	298	299.0	1.0	1.0	8.0	118.0	both too short	both too short
YML034C-A	XIII	-	399	399	5.0		313.0	0.0			0				0							
YML034W	XIII	+	2631	2505	134.0	182.0	694.3	40.0	86.0	125.0	125	68.0	184.0	173.0	184	168.0	1.0	0.0	39.0		both too long	
YML035C	XIII	-	2433	2433	174.0	183.0	759.0	49.0	164.0	128.0	164	164.0	126.0	238.0	238	165.0	0.0	1.0		112.0		DRS too short
YML036W	XIII	+	652	546	132.0	181.0	540.8	43.0	426.0	655.0	655	35.0	56.0	51.0	56	52.0	1.0	0.0	229.0		both too long	
YML037C	XIII	-	1023	1023	54.0		555.3	3.0			0	59.0			0	1788.0						
YML038C	XIII	-	1329	1329	801.0	237.0	477.6	38.0	480.0	174.0	480	154.0	161.0	220.0	220	215.0	0.0	1.0		59.0		DRS too short
YML041C	XIII	-	843	843	88.0	102.0	542.8	5.0	46.0	74.0	74	51.0	90.0	82.0	90	83.0	1.0	0.0	28.0		DRS too short	
YML042W	XIII	+	2013	2013	87.0	53.0	636.9	1.0	119.0		119	149.0	107.0		107	118.0						
YML043C	XIII	-	1524	1524	471.0	33.0	612.6	53.0	152.0	161.0	161	162.0	147.0	163.0	163	139.0	1.0	1.0	9.0	16.0	both too short	both too long
YML046W	XIII	+	1890	1890	122.0	120.0	830.8	2.0	75.0		75	88.0	168.0		168	68.0						
YML047C	XIII	-	1059	1059	78.0		487.3	0.0			0				0							
YML047W-A	XIII	+	366	366	61.0		510.4	0.0			0				0							
YML048W	XIII	+	1212	1212	171.0	310.0	934.1	188.0	34.0	44.0	44	45.0	174.0	346.0	346	193.0	1.0	1.0	10.0	172.0	both too short	DRS too short
YML049C	XIII	-	4086	4086	89.0	101.0	648.7	0.0	0.0		0		121.0		121							
YML050W	XIII	+	936	936	70.0	37.0	513.9	5.0	8.0	17.0	17	6.0	119.0	125.0	125	110.0	1.0	1.0	9.0	6.0	both too long	both too long
YML051W	XIII	+	1308	1308	83.0	73.0	693.8	166.0	63.0	118.0	118	30.0	102.0	142.0	142	100.0	1.0	1.0	55.0	40.0	both too long	both too long
YML052W	XIII	+	909	909	104.0	131.0	818.3	101.0	30.0	38.0	38	30.0	100.0	163.0	163	105.0	1.0	1.0	8.0	63.0	both too long	DRS too short
YML053C	XIII	-	639	639	106.0	104.0	611.8	54.0	72.0	234.0	234	68.0	153.0	44.0	153	45.0	1.0	0.0	162.0		both too long	
YML054C	XIII	-	1776	1776	139.0	31.0	560.1	172.0	692.0		692	43.0	95.0		95	88.0						
YML054C-A	XIII	-	159	159				0.0			0				0							
YML055W	XIII	+	537	537	128.0	242.0	527.5	194.0	37.0	190.0	190	36.0	48.0	95.0	95	43.0	1.0	1.0	153.0	47.0	both too long	both too long
YML056C	XIII	-	1983	1575	1152.0	1375.0	829.7	374.0	112.0	202.0	202	54.0	95.0	78.0	95	113.0	1.0	0.0	90.0		both too long	
YML057C-A	XIII	-	390	390	373.0		523.3	0.0			0				0							
YML057W	XIII	+	1815	1815	768.0	170.0	520.6	27.0	53.0	90.0	90	83.0	109.0	117.0	117	71.0	1.0	1.0	37.0	8.0	DRS too short	both too long
YML058W	XIII	+	315	315	228.0	1027.0	497.1	393.0	33.0	21.0	33	22.0	155.0	370.0	370	264.0	0.0	1.0		215.0		DRS too short
YML058W-A	XIII	+	207	207	228.0	34.0	499.7	9.0	12.0	51.0	51	43.0	134.0	131.0	134	132.0	1.0	0.0	39.0		DRS too short	
YML059C	XIII	-	5040	5040	92.0	85.0	814.0	0.0	24.0		24		105.0		105							
YML060W	XIII	+	1131	1131	63.0	58.0	724.2	12.0	76.0	71.0	76	46.0	170.0	218.0	218	167.0	0.0	1.0		48.0		both too long
YML061C	XIII	-	2580	2580	86.0	147.0	593.3	8.0	122.0	152.0	152	150.0	90.0	49.0	90	70.0	1.0	0.0	30.0		DRS too short	
YML062C	XIII	-	1179	1179	5142.0	33.0	576.2	18.0	32.0	45.0	45	32.0	77.0	134.0	134	69.0	1.0	1.0	13.0	57.0	both too long	both too long
YML063W	XIII	+	768	768	10947.0	15985.0	742.1	4869.0	56.0	243.0	243	26.0	66.0	64.0	66	38.0	1.0	0.0	187.0		both too long	
YML064C	XIII	-	738	738	73.0	66.0	469.6	10.0	88.0	82.0	88	86.0	199.0	277.0	277	188.0	0.0	1.0		78.0		both too long
YML065W	XIII	+	2745	2745	72.0	68.0	622.6	20.0	85.0	93.0	93	94.0	92.0	90.0	92	91.0	1.0	0.0	8.0		both too short	
YML066C	XIII	-	1110	1110	17.0	17.0	617.7	0.0	182.0		182		442.0		442							
YML067C	XIII	-	1152	1059	263.0	341.0	869.1	98.0	209.0	10.0	209	11.0	39.0	285.0	285	32.0	0.0	1.0		246.0		both too long
YML068W	XIII	+	1395	1395	153.0	54.0	613.3	15.0	79.0	95.0	95	76.0	93.0	163.0	163	148.0	1.0	1.0	16.0	70.0	both too long	DRS too short
YML069W	XIII	+	1659	1659	107.0	50.0	500.3	894.0	43.0	84.0	84	57.0	73.0	73.0	73	67.0	1.0	0.0	41.0		DRS too short	
YML070W	XIII	+	1755	1755	162.0	241.0	801.8	230.0	42.0	257.0	257	44.0	71.0	69.0	71	70.0	1.0	0.0	215.0		DRS too short	
YML071C	XIII	-	1824	1824	47.0	58.0	379.1	463.0	89.0	127.0	127	76.0	51.0	43.0	51	44.0	1.0	0.0	38.0		both too long	
YML072C	XIII	-	4638	4638	220.0	257.0	923.2	2.0	152.0		152	170.0	143.0		143	141.0						
YML073C	XIII	-	946	531	7079.0	7034.0	501.4	11266.0	0.0	36.0	36	17.0	70.0	2664.0	2664	77.0	1.0	1.0	36.0	2594.0	DRS too short	DRS too short
YML074C	XIII	-	1236	1236	384.0	367.0	475.4	20.0	34.0	62.0	62	26.0	92.0	144.0	144	101.0	1.0	1.0	28.0	52.0	both too long	DRS too short
YML075C	XIII	-	3165	3165	268.0	347.0	1004.9	10.0	359.0	170.0	359	78.0	108.0	106.0	108	109.0	0.0	0.0				
YML076C	XIII	-	2835	2835	244.0	70.0	587.4	3.0	16.0		16	16.0	136.0		136	155.0						
YML077W	XIII	+	480	480	224.0	252.0	575.4	82.0	63.0	66.0	66	0.0	129.0	125.0	129	126.0	1.0	0.0	3.0			
YML078W	XIII	+	549	549	299.0	407.0	556.5	1297.0	25.0	30.0	30	25.0	152.0	319.0	319	151.0	1.0	1.0	5.0	167.0	both too long	both too long
YML079W	XIII	+	606	606	247.0	263.0	577.2	402.0	13.0	28.0	28	9.0	53.0	170.0	170	57.0	1.0	1.0	15.0	117.0	both too long	DRS too short
YML080W	XIII	+	1272	1272	197.0	74.0	571.5	41.0	150.0	107.0	150	124.0	103.0	145.0	145	108.0	0.0	1.0		42.0		DRS too short
YML081C-A	XIII	-	180	180	422.0	994.0	361.5	14493.0	47.0	245.0	245	59.0	108.0	107.0	108	108.0	1.0	0.0	198.0		DRS too short	
YML081W	XIII	+	3756	3756	415.0	175.0	486.4	3.0	131.0		131	145.0	81.0		81	74.0						
YML082W	XIII	+	1950	1950	356.0	81.0	394.8	85.0	46.0	63.0	63	55.0	151.0	185.0	185	142.0	1.0	1.0	17.0	34.0	DRS too short	both too long
YML083C	XIII	-	1257	1257	7.0	18.0	646.4	1.0		2776.0	2776	2777.0		360.0	360	361.0						
YML084W	XIII	+	309	309	6.0		504.5	0.0			0				0							
YML085C	XIII	-	1460	1344	207.0	259.0	963.8	285.0	0.0	62.0	62	51.0	154.0	174.0	174	173.0	1.0	1.0	62.0	20.0	DRS too short	DRS too short
YML086C	XIII	-	1581	1581	232.0	279.0	559.7	195.0	154.0	171.0	171	156.0	119.0	111.0	119	116.0	1.0	0.0	17.0		DRS too short	
YML087C	XIII	-	939	939	181.0	23.0	405.4	46.0	226.0	88.0	226	10.0	93.0	108.0	108	109.0	0.0	1.0		15.0		both too short
YML088W	XIII	+	2007	2007	56.0	101.0	508.0	4.0	46.0	20.0	46	32.0	67.0	162.0	162	59.0	0.0	1.0		95.0		both too long
YML089C	XIII	-	369	369	7.0		251.6	5.0			0	172.0			0	235.0						
YML090W	XIII	+	387	387	6.0	6.0	392.0	0.0			0				0							
YML091C	XIII	-	3609	3609	142.0	169.0	975.1	0.0	296.0		296		110.0		110							
YML092C	XIII	-	753	753	303.0	352.0	569.7	173.0	22.0	132.0	132	21.0	104.0	107.0	107	108.0	1.0	1.0	110.0	3.0	both too long	both too short
YML093W	XIII	+	2700	2700	359.0	231.0	677.4	39.0	7.0	30.0	30	24.0	107.0	153.0	153	100.0	1.0	1.0	23.0	46.0	DRS too short	both too long
YML094C-A	XIII	-	402	402	67.0	98.0	522.1	1.0	411.0		411	263.0	0.0		0	1312.0						
YML094W	XIII	+	575	492	72.0	122.0	539.3	51.0	0.0	649.0	649	17.0	96.0	94.0	96	95.0	1.0	0.0	649.0		DRS too short	
YML095C	XIII	-	633	633	91.0	67.0	520.9	9.0	175.0	29.0	175	26.0	465.0	994.0	994	235.0	0.0	1.0		529.0		both too long
YML096W	XIII	+	1578	1578	72.0	67.0	916.5	63.0	48.0	23.0	48	24.0	115.0	226.0	226	121.0	0.0	1.0		111.0		DRS too short
YML097C	XIII	-	1356	1356	121.0	135.0	846.8	66.0	36.0	55.0	55	49.0	75.0	86.0	86	85.0	1.0	1.0	19.0	11.0	DRS too short	DRS too short
YML098W	XIII	+	504	504	53.0	59.0	381.5	81.0	36.0	57.0	57	24.0	97.0	559.0	559	159.0	1.0	1.0	21.0	462.0	both too long	DRS too short
YML099C	XIII	-	2643	2643	70.0	17.0	509.5	3.0	21.0	42.0	42	28.0	150.0	172.0	172	447.0	1.0	1.0	21.0	22.0	DRS too short	both too short
YML099W-A	XIII	+	330	330	53.0	56.0	508.9	0.0	784.0		784		201.0		201							
YML100W	XIII	+	3297	3297	142.0	158.0	999.7	11.0	49.0	398.0	398	41.0	128.0	114.0	128	115.0	1.0	0.0	349.0		both too long	
YML100W-A	XIII	+	174	174	27.0	48.0	375.8	2.0		1316.0	1316	455.0		241.0	241	237.0						
YML101C	XIII	-	354	354	24.0	31.0	422.7	20.0	77.0	59.0	77	51.0	72.0	106.0	106	38.0	0.0	1.0		34.0		both too long
YML101C-A	XIII	-	318	318	30.0	32.0	419.8	2.0	402.0	25.0	402	21.0	952.0	1197.0	1197	64.0	0.0	1.0		245.0		both too long
YML102W	XIII	+	1407	1407	39.0	13.0	459.2	621.0	195.0	269.0	269	6.0	55.0	52.0	55	53.0	1.0	0.0	74.0		both too long	
YML103C	XIII	-	4968	4968	177.0	224.0	925.6	0.0	26.0		26		107.0		107							
YML104C	XIII	-	3384	3384	109.0	68.0	574.5	23.0	24.0	53.0	53	36.0	56.0	59.0	59	60.0	1.0	1.0	29.0	3.0	DRS too short	both too short
YML105C	XIII	-	822	822	593.0	385.0	528.2	80.0	35.0	78.0	78	31.0	85.0	106.0	106	110.0	1.0	1.0	43.0	21.0	both too long	both too short
YML106W	XIII	+	681	681	857.0	1010.0	707.6	305.0	295.0	1480.0	1480	305.0	63.0	64.0	64	65.0	1.0	1.0	1185.0	1.0	DRS too short	both too short
YML107C	XIII	-	1005	1005	198.0	67.0	592.0	73.0	2.0	12.0	12	13.0	30.0	128.0	128	21.0	1.0	1.0	10.0	98.0	both too short	both too long
YML108W	XIII	+	318	318	147.0	362.0	515.7	100.0	237.0	59.0	237	21.0	194.0	651.0	651	200.0	0.0	1.0		457.0		DRS too short
YML109W	XIII	+	2829	2829	130.0	40.0	568.7	6.0	25.0		25	53.0	83.0		83	80.0						
YML110C	XIII	-	924	924	238.0	333.0	793.2	98.0	47.0	21.0	47	42.0	261.0	748.0	748	180.0	0.0	1.0		487.0		both too long
YML111W	XIII	+	2763	2763	182.0	83.0	646.1	1.0	154.0		154	61.0	136.0		136	151.0						
YML112W	XIII	+	891	891	134.0	88.0	506.5	235.0	32.0	53.0	53	27.0	88.0	108.0	108	86.0	1.0	1.0	21.0	20.0	both too long	both too long
YML113W	XIII	+	747	747	46.0	84.0	614.0	40.0	98.0	338.0	338	38.0	147.0	143.0	147	127.0	1.0	0.0	240.0		both too long	
YML114C	XIII	-	1533	1533	23.0	33.0	747.0	21.0	8.0	175.0	175	179.0	58.0	78.0	78	70.0	1.0	1.0	167.0	20.0	both too short	DRS too short
YML115C	XIII	-	1608	1608	135.0	134.0	646.4	117.0	63.0	70.0	70	43.0	57.0	254.0	254	177.0	1.0	1.0	7.0	197.0	both too long	DRS too short
YML116W	XIII	+	1629	1629	226.0	185.0	617.7	16.0	148.0	80.0	148	90.0	137.0	287.0	287	153.0	0.0	1.0		150.0		DRS too short
YML116W-A	XIII	+	303	303	58.0	77.0	627.6	160.0	985.0	2141.0	2141	303.0	44.0	37.0	44	42.0	1.0	0.0	1156.0		both too long	
YML117W	XIII	+	3405	3405	72.0	78.0	912.2	10.0	134.0		134	145.0	171.0		171	165.0						
YML118W	XIII	+	1518	1518	30.0	15.0	473.7	3.0	79.0	112.0	112	121.0	40.0	222.0	222	37.0	1.0	1.0	33.0	182.0	both too short	both too long
YML119W	XIII	+	1074	1074	73.0	71.0	619.2	52.0	77.0	463.0	463	20.0	62.0	59.0	62	60.0	1.0	0.0	386.0		both too long	
YML120C	XIII	-	1542	1542	206.0	226.0	895.7	243.0	45.0	157.0	157	60.0	356.0	400.0	400	364.0	1.0	1.0	112.0	44.0	DRS too short	DRS too short
YML121W	XIII	+	933	933	167.0	142.0	657.3	85.0	107.0	134.0	134	63.0	148.0	271.0	271	182.0	1.0	1.0	27.0	123.0	both too long	DRS too short
YML122C	XIII	-	381	381	38.0		445.9	1.0		59.0	59	8.0		164.0	164	158.0						
YML123C	XIII	-	1764	1764	1077.0	1615.0	997.7	3061.0	29.0	118.0	118	39.0	126.0	145.0	145	138.0	1.0	1.0	89.0	19.0	DRS too short	DRS too short
YML124C	XIII	-	1636	1338	668.0	235.0	513.5	14.0	0.0	37.0	37	27.0	62.0	153.0	153	143.0	1.0	1.0	37.0	91.0	DRS too short	DRS too short
YML125C	XIII	-	939	939	288.0	318.0	692.1	831.0	40.0	36.0	40	23.0	82.0	227.0	227	76.0	0.0	1.0		145.0		both too long
YML126C	XIII	-	1476	1476	610.0	616.0	905.6	0.0	0.0		0		148.0		148							
YML127W	XIII	+	1746	1746	245.0	137.0	672.4	2.0	38.0	79.0	79	80.0	128.0	176.0	176	177.0	1.0	1.0	41.0	48.0	both too short	both too short
YML128C	XIII	-	1542	1542	162.0	144.0	699.3	144.0	112.0	163.0	163	48.0	188.0	178.0	188	187.0	1.0	0.0	51.0		both too long	
YML129C	XIII	-	213	213	202.0	145.0	436.3	377.0	15.0	30.0	30	22.0	197.0	329.0	329	196.0	1.0	1.0	15.0	132.0	DRS too short	both too long
YML130C	XIII	-	1692	1692	1044.0	1271.0	843.4	65.0	77.0	120.0	120	101.0	83.0	93.0	93	94.0	1.0	1.0	43.0	10.0	DRS too short	both too short
YML131W	XIII	+	1098	1098	545.0	212.0	563.9	36.0	42.0	93.0	93	40.0	184.0	266.0	266	193.0	1.0	1.0	51.0	82.0	both too long	DRS too short
YML132W	XIII	+	1140	1140	118.0	303.0	505.2	0.0	4.0		4		70.0		70							
YML133C	XIII	-	4224	4125	21.0	23.0	643.0	0.0	528.0		528		608.0		608							
YML133W-A	XIII	+	576	576				0.0			0				0							
YML133W-B	XIII	+	483	483	5.0		342.4	0.0	69.0		69		661.0		661							
YMR001C	XIII	-	2118	2118	59.0	63.0	705.5	8.0	87.0	358.0	358	351.0	162.0	206.0	206	159.0	1.0	1.0	271.0	44.0	DRS too short	both too long
YMR001C-A	XIII	-	231	231	10.0		363.1	0.0			0	23.0			0	219.0						
YMR002W	XIII	+	471	471	258.0	475.0	555.7	936.0	85.0	304.0	304	34.0	240.0	242.0	242	244.0	1.0	1.0	219.0	2.0	both too long	both too short
YMR003W	XIII	+	597	597	268.0	93.0	575.4	68.0	51.0	42.0	51	41.0	73.0	83.0	83	84.0	0.0	1.0		10.0		both too short
YMR004W	XIII	+	1536	1536	150.0	141.0	612.8	71.0	83.0	96.0	96	60.0	146.0	147.0	147	148.0	1.0	1.0	13.0	1.0	both too long	both too short
YMR005W	XIII	+	1167	1167	187.0	138.0	507.8	15.0	61.0	70.0	70	71.0	90.0	142.0	142	85.0	1.0	1.0	9.0	52.0	both too short	both too long
YMR006C	XIII	-	2121	2121	221.0	204.0	737.8	149.0	215.0	75.0	215	58.0	105.0	104.0	105	101.0	0.0	0.0				
YMR007W	XIII	+	381	381	115.0	98.0	512.4	3.0	185.0	17.0	185	12.0	434.0	185.0	434	162.0	0.0	0.0				
YMR008C	XIII	-	1995	1995	260.0	298.0	1143.6	25.0	171.0	873.0	873	108.0	203.0	338.0	338	339.0	1.0	1.0	702.0	135.0	both too long	both too short
YMR008C-A	XIII	-	468	468	20.0	26.0	385.9	4.0	245.0		245	66.0	10.0		10	405.0						
YMR009W	XIII	+	540	540	213.0	291.0	599.1	69.0	483.0	42.0	483	53.0	36.0	1021.0	1021	80.0	0.0	1.0		985.0		DRS too short
YMR010W	XIII	+	1218	1218	317.0	222.0	536.7	30.0	214.0	264.0	264	228.0	136.0	447.0	447	105.0	1.0	1.0	50.0	311.0	DRS too short	both too long
YMR011W	XIII	+	1626	1626	1004.0	991.0	827.5	1032.0	25.0	29.0	29	38.0	116.0	237.0	237	115.0	1.0	1.0	4.0	121.0	both too short	both too long
YMR012W	XIII	+	3834	3834	482.0	671.0	940.2	3.0	117.0	127.0	127	128.0	122.0	134.0	134	136.0	1.0	1.0	10.0	12.0	both too short	both too short
YMR013C	XIII	-	1560	1560	402.0	81.0	462.7	16.0	164.0	55.0	164	70.0	87.0	82.0	87	87.0	0.0	0.0				
YMR013C-A	XIII	-	150	150	57.0	8.0	263.2	16.0		98.0	98	188.0		1351.0	1351	1379.0						
YMR013W-A	XIII	+	81	81	258.0	398.0	248.1	5.0		804.0	804	4.0		233.0	233	84.0						
YMR014W	XIII	+	1560	1560	219.0	77.0	315.8	241.0	265.0	47.0	265	26.0	105.0	122.0	122	98.0	0.0	1.0		17.0		both too long
YMR015C	XIII	-	1617	1617	274.0	344.0	837.6	153.0	43.0	168.0	168	54.0	139.0	188.0	188	190.0	1.0	1.0	125.0	49.0	DRS too short	both too short
YMR016C	XIII	-	2358	2358	82.0	93.0	578.4	22.0	212.0	223.0	223	224.0	137.0	142.0	142	135.0	1.0	1.0	11.0	5.0	both too short	both too long
YMR017W	XIII	+	1194	1194	9.0	5.0	733.1	1.0			0	128.0			0	85.0						
YMR018W	XIII	+	1545	1545	39.0	22.0	370.2	1.0			0	907.0			0	65.0						
YMR019W	XIII	+	2850	2850	69.0	64.0	732.9	0.0	5.0		5		101.0		101							
YMR020W	XIII	+	1527	1527	196.0	137.0	724.9	12.0	97.0	127.0	127	101.0	96.0	94.0	96	91.0	1.0	0.0	30.0		DRS too short	
YMR021C	XIII	-	1254	1254	258.0	147.0	539.3	63.0	46.0	61.0	61	23.0	273.0	284.0	284	276.0	1.0	1.0	15.0	11.0	both too long	DRS too short
YMR022W	XIII	+	498	498	185.0	445.0	510.0	189.0	18.0	547.0	547	29.0	107.0	119.0	119	158.0	1.0	1.0	529.0	12.0	DRS too short	both too short
YMR023C	XIII	-	1581	1581	190.0	68.0	542.8	19.0	92.0	21.0	92	22.0	57.0	55.0	57	56.0	0.0	0.0				
YMR024W	XIII	+	1173	1173	72.0	103.0	597.8	2.0	5.0	8.0	8	9.0	143.0	194.0	194	129.0	1.0	1.0	3.0	51.0	both too short	both too long
YMR025W	XIII	+	888	888	90.0	39.0	497.9	7.0	58.0	21.0	58	12.0	36.0	85.0	85	41.0	0.0	1.0		49.0		DRS too short
YMR026C	XIII	-	1200	1200	42.0	55.0	782.7	17.0	105.0	180.0	180	96.0	85.0	76.0	85	89.0	1.0	0.0	75.0		both too long	
YMR027W	XIII	+	1413	1413	187.0	262.0	886.6	245.0	67.0	98.0	98	78.0	51.0	125.0	125	57.0	1.0	1.0	31.0	74.0	DRS too short	DRS too short
YMR028W	XIII	+	1101	1101	174.0	35.0	537.2	28.0	19.0	47.0	47	20.0	55.0	101.0	101	102.0	1.0	1.0	28.0	46.0	DRS too short	both too short
YMR029C	XIII	-	1572	1572	111.0	176.0	797.1	45.0	28.0	38.0	38	29.0	87.0	263.0	263	86.0	1.0	1.0	10.0	176.0	DRS too short	both too long
YMR030W	XIII	+	1131	1131	60.0	41.0	565.3	6.0	161.0	184.0	184	146.0	114.0	107.0	114	108.0	1.0	0.0	23.0		both too long	
YMR030W-A	XIII	+	291	291	15.0	15.0	575.7	1.0	970.0		970	405.0	101.0		101	43.0						
YMR031C	XIII	-	2532	2532	68.0	89.0	644.4	6.0	65.0		65	79.0	172.0		172	172.0						
YMR031W-A	XIII	+	327	327				0.0			0				0							
YMR032W	XIII	+	2010	2010	20.0	17.0	640.5	27.0	86.0	103.0	103	104.0	150.0	153.0	153	154.0	1.0	1.0	17.0	3.0	both too short	both too short
YMR033W	XIII	+	1490	1404	145.0	241.0	800.1	609.0	0.0	42.0	42	43.0	156.0	223.0	223	155.0	1.0	1.0	42.0	67.0	both too short	both too long
YMR034C	XIII	-	1305	1305	129.0	33.0	572.7	26.0	212.0	222.0	222	208.0	102.0	106.0	106	107.0	1.0	1.0	10.0	4.0	both too long	both too short
YMR035W	XIII	+	534	534	72.0	136.0	546.8	8.0	325.0	68.0	325	29.0	142.0	287.0	287	101.0	0.0	1.0		145.0		both too long
YMR036C	XIII	-	1665	1665	112.0	21.0	552.7	26.0	31.0	59.0	59	42.0	140.0	137.0	140	138.0	1.0	0.0	28.0		DRS too short	
YMR037C	XIII	-	2115	2115	88.0	102.0	735.5	3.0	250.0		250	429.0	266.0		266	240.0						
YMR038C	XIII	-	750	750	616.0	507.0	628.8	160.0	33.0	37.0	37	30.0	62.0	418.0	418	127.0	1.0	1.0	4.0	356.0	both too long	DRS too short
YMR039C	XIII	-	879	879	180.0	291.0	575.5	38.0	169.0	186.0	186	100.0	178.0	197.0	197	62.0	1.0	1.0	17.0	19.0	both too long	both too long
YMR040W	XIII	+	483	483	77.0	108.0	498.8	10.0		414.0	414	92.0		77.0	77	78.0						
YMR041C	XIII	-	1008	1008	103.0	70.0	652.8	58.0	186.0	192.0	192	18.0	113.0	120.0	120	121.0	1.0	1.0	6.0	7.0	both too long	both too short
YMR042W	XIII	+	534	534	62.0	68.0	547.7	270.0	139.0	126.0	139	17.0	458.0	521.0	521	457.0	0.0	1.0		63.0		both too long
YMR043W	XIII	+	861	861	134.0	159.0	844.2	20.0	300.0	398.0	398	7.0	329.0	329.0	329	63.0	1.0	0.0	98.0		both too long	
YMR044W	XIII	+	1428	1428	968.0	153.0	578.0	180.0	28.0	69.0	69	16.0	173.0	183.0	183	184.0	1.0	1.0	41.0	10.0	both too long	both too short
YMR046W-A	XIII	+	129	129	52.0	12439.0	376.5	1.0	597.0	285.0	597	286.0	64.0	115.0	115	116.0	0.0	1.0		51.0		both too short
YMR047C	XIII	-	3342	3342	100.0	171.0	688.0	27.0	75.0	86.0	86	75.0	89.0	79.0	89	85.0	1.0	0.0	11.0		both too long	
YMR048W	XIII	+	954	954	152.0	17.0	451.8	14.0	12.0	24.0	24	25.0	110.0	119.0	119	109.0	1.0	1.0	12.0	9.0	both too short	both too long
YMR049C	XIII	-	2424	2424	217.0	339.0	884.5	420.0	20.0	68.0	68	34.0	62.0	177.0	177	60.0	1.0	1.0	48.0	115.0	DRS too short	both too long
YMR052C-A	XIII	-	366	366	41.0	41.0	504.8	3.0	996.0	370.0	996	273.0	487.0	16.0	487	24.0	0.0	0.0				
YMR052W	XIII	+	615	615	35.0	39.0	474.3	30.0	19.0	19.0	19	11.0	111.0	762.0	762	138.0	0.0	1.0		651.0		DRS too short
YMR053C	XIII	-	2553	2553	53.0	23.0	576.7	6.0	2.0		2	0.0	121.0		121	110.0						
YMR054W	XIII	+	2673	2673	116.0	172.0	810.2	21.0	195.0	211.0	211	214.0	115.0	117.0	117	118.0	1.0	1.0	16.0	2.0	both too short	both too short
YMR055C	XIII	-	921	921	90.0	28.0	556.1	35.0	42.0	43.0	43	29.0	61.0	78.0	78	79.0	1.0	1.0	1.0	17.0	both too long	both too short
YMR056C	XIII	-	930	930	15.0	26.0	698.5	11.0	104.0	117.0	117	81.0	121.0	128.0	128	125.0	1.0	1.0	13.0	7.0	both too long	DRS too short
YMR057C	XIII	-	372	372				0.0			0				0							
YMR058W	XIII	+	1911	1911	112.0	118.0	751.8	6031.0	53.0	43.0	53	55.0	147.0	248.0	248	139.0	0.0	1.0		101.0		both too long
YMR059W	XIII	+	387	387	99.0	170.0	495.2	61.0		40.0	40	41.0		813.0	813	103.0						
YMR060C	XIII	-	984	984	138.0	70.0	569.0	94.0	16.0	39.0	39	21.0	30.0	40.0	40	41.0	1.0	1.0	23.0	10.0	DRS too short	both too short
YMR061W	XIII	+	2034	2034	334.0	239.0	753.4	82.0	12.0	15.0	15	24.0	55.0	165.0	165	61.0	1.0	1.0	3.0	110.0	both too short	DRS too short
YMR062C	XIII	-	1326	1326	423.0	519.0	908.1	114.0	278.0	15.0	278	15.0	85.0	285.0	285	111.0	0.0	1.0		200.0		DRS too short
YMR063W	XIII	+	720	720	8.0		305.8	36.0			0	37.0			0	1776.0						
YMR064W	XIII	+	1557	1557	74.0	125.0	835.5	36.0	593.0		593	863.0	122.0		122	113.0						
YMR065W	XIII	+	1515	1515	86.0	50.0	614.5	0.0	144.0		144		84.0		84							
YMR066W	XIII	+	2697	2697	90.0	62.0	647.2	2.0	5.0	12.0	12	28.0	76.0	67.0	76	70.0	1.0	0.0	7.0		both too short	
YMR067C	XIII	-	1251	1251	76.0	85.0	630.0	7.0	30.0	36.0	36	27.0	29.0	111.0	111	33.0	1.0	1.0	6.0	82.0	both too long	DRS too short
YMR068W	XIII	+	1281	1281	11.0	17.0	604.0	4.0	170.0	39.0	170	14.0	84.0	93.0	93	94.0	0.0	1.0		9.0		both too short
YMR069W	XIII	+	858	858	35.0	15.0	521.4	1.0			0	1444.0			0	469.0						
YMR070W	XIII	+	1473	1473	179.0	135.0	639.2	1.0	195.0	196.0	196	197.0	72.0	149.0	149	150.0	1.0	1.0	1.0	77.0	both too short	both too short
YMR071C	XIII	-	504	504	315.0	332.0	574.9	40.0	78.0	92.0	92	80.0	79.0	80.0	80	69.0	1.0	1.0	14.0	1.0	DRS too short	both too long
YMR072W	XIII	+	552	552	345.0	443.0	575.2	168.0	35.0	76.0	76	22.0	144.0	156.0	156	138.0	1.0	1.0	41.0	12.0	both too long	both too long
YMR073C	XIII	-	606	606	560.0	189.0	526.0	49.0	33.0	39.0	39	27.0	97.0	509.0	509	96.0	1.0	1.0	6.0	412.0	both too long	both too long
YMR074C	XIII	-	438	438	369.0	774.0	485.0	600.0	368.0	295.0	368	12.0	71.0	63.0	71	49.0	0.0	0.0				
YMR075C-A	XIII	-	366	366	37.0	70.0	579.1	0.0	824.0		824		939.0		939							
YMR075W	XIII	+	2055	2055	167.0	72.0	575.0	5.0	198.0	68.0	198	1.0	109.0	113.0	113	114.0	0.0	1.0		4.0		both too short
YMR076C	XIII	-	3834	3834	56.0	17.0	542.6	4.0	77.0		77	90.0	136.0		136	139.0						
YMR077C	XIII	-	666	666	156.0	145.0	618.9	4.0	406.0	42.0	406	1.0	159.0	234.0	234	198.0	0.0	1.0		75.0		DRS too short
YMR078C	XIII	-	2226	2226	43.0	52.0	911.5	51.0	75.0	6.0	75	13.0	106.0	181.0	181	122.0	0.0	1.0		75.0		DRS too short
YMR079W	XIII	+	1071	915	385.0	362.0	692.3	453.0	0.0	94.0	94	35.0	154.0	329.0	329	330.0	1.0	1.0	94.0	175.0	DRS too short	both too short
YMR080C	XIII	-	2916	2916	446.0	451.0	690.0	27.0	79.0	86.0	86	70.0	426.0	441.0	441	422.0	1.0	1.0	7.0	15.0	both too long	both too long
YMR081C	XIII	-	1017	1017	84.0	111.0	675.2	26.0	145.0	146.0	146	138.0	162.0	249.0	249	188.0	1.0	1.0	1.0	87.0	both too long	DRS too short
YMR082C	XIII	-	357	357	37.0		525.1	0.0			0				0							
YMR083W	XIII	+	1128	1128	767.0	899.0	783.7	422.0	61.0	604.0	604	54.0	99.0	96.0	99	94.0	1.0	0.0	543.0		both too long	
YMR084W	XIII	+	789	789	144.0		287.2	1.0			0	316.0			0	1482.0						
YMR085W	XIII	+	1299	1299	121.0	147.0	1016.9	2.0	997.0	288.0	997	289.0	44.0	44.0	44	45.0	0.0	0.0				
YMR086C-A	XIII	-	339	339	44.0	37.0	531.7	2.0	851.0		851	788.0	985.0		985	1410.0						
YMR086W	XIII	+	2883	2883	94.0	33.0	705.4	6.0	57.0		57	57.0	144.0		144	138.0						
YMR087W	XIII	+	855	855	160.0	132.0	501.6	29.0	614.0	1771.0	1771	58.0	36.0	33.0	36	34.0	1.0	0.0	1157.0		both too long	
YMR088C	XIII	-	1689	1689	225.0	209.0	697.3	350.0	451.0	116.0	451	142.0	73.0	147.0	147	114.0	0.0	1.0		74.0		DRS too short
YMR089C	XIII	-	2478	2478	114.0	181.0	703.8	22.0	199.0	200.0	200	199.0	210.0	178.0	210	179.0	1.0	0.0	1.0		both too long	
YMR090W	XIII	+	684	684	171.0	166.0	556.1	29.0	765.0	770.0	770	46.0	75.0	130.0	130	43.0	1.0	1.0	5.0	55.0	both too long	both too long
YMR091C	XIII	-	1308	1308	298.0	189.0	625.3	40.0	58.0	56.0	58	11.0	61.0	174.0	174	67.0	0.0	1.0		113.0		DRS too short
YMR092C	XIII	-	1848	1848	229.0	347.0	992.9	129.0	54.0	78.0	78	82.0	71.0	108.0	108	72.0	1.0	1.0	24.0	37.0	both too short	DRS too short
YMR093W	XIII	+	1542	1542	81.0	142.0	854.4	140.0	39.0	73.0	73	50.0	101.0	111.0	111	103.0	1.0	1.0	34.0	10.0	DRS too short	DRS too short
YMR094W	XIII	+	1437	1437	81.0		557.1	5.0			0	10.0			0	621.0						
YMR095C	XIII	-	675	675	11.0		608.5	0.0			0	172.0			0	315.0						
YMR096W	XIII	+	894	894	69.0	84.0	644.0	6.0	488.0	1858.0	1858	29.0	151.0	239.0	239	140.0	1.0	1.0	1370.0	88.0	both too long	both too long
YMR097C	XIII	-	1104	1104	91.0	71.0	563.7	17.0	43.0	52.0	52	50.0	57.0	101.0	101	50.0	1.0	1.0	9.0	44.0	DRS too short	both too long
YMR098C	XIII	-	1839	1839	97.0	108.0	848.1	55.0	86.0	104.0	104	82.0	43.0	73.0	73	74.0	1.0	1.0	18.0	30.0	both too long	both too short
YMR099C	XIII	-	894	894	486.0	433.0	631.0	585.0	13.0	22.0	22	23.0	67.0	291.0	291	89.0	1.0	1.0	9.0	224.0	both too short	DRS too short
YMR100W	XIII	+	1863	1863	53.0	66.0	904.9	4.0	342.0		342	354.0	192.0		192	220.0						
YMR101C	XIII	-	1032	1032	93.0	9.0	439.4	1.0			0	237.0			0	194.0						
YMR102C	XIII	-	2505	2505	180.0	215.0	802.4	3.0	317.0	337.0	337	157.0	124.0	118.0	124	119.0	1.0	0.0	20.0		both too long	
YMR103C	XIII	-	363	363	59.0		590.5	70.0		1055.0	1055	2258.0		53.0	53	54.0						
YMR104C	XIII	-	2034	2034	189.0	178.0	699.0	70.0	67.0		67	69.0	664.0		664	572.0						
YMR105C	XIII	-	1710	1710	153.0	247.0	835.0	4211.0	242.0	788.0	788	59.0	151.0	128.0	151	150.0	1.0	0.0	546.0		both too long	
YMR105W-A	XIII	+	195	195	6.0	5.0	622.5	1.0	12.0	678.0	678	679.0	278.0	62.0	278	63.0	1.0	0.0	666.0		both too short	
YMR106C	XIII	-	1890	1890	93.0	17.0	399.7	5.0	87.0	5.0	87	40.0	103.0	587.0	587	127.0	0.0	1.0		484.0		DRS too short
YMR107W	XIII	+	348	348	76.0	23.0	337.9	3.0	26.0		26	38.0	71.0		71	152.0						
YMR108W	XIII	+	2064	2064	1489.0	2067.0	995.5	379.0	211.0	269.0	269	191.0	165.0	190.0	190	161.0	1.0	1.0	58.0	25.0	both too long	both too long
YMR109W	XIII	+	3660	3660	729.0	107.0	469.5	42.0	52.0	40.0	52	41.0	83.0	81.0	83	82.0	0.0	0.0				
YMR110C	XIII	-	1599	1599	193.0	241.0	939.4	80.0	9.0	18.0	18	9.0	78.0	151.0	151	152.0	1.0	1.0	9.0	73.0	both too long	both too short
YMR111C	XIII	-	1389	1389	113.0	47.0	551.0	13.0	91.0	109.0	109	82.0	148.0	144.0	148	152.0	1.0	0.0	18.0		both too long	
YMR112C	XIII	-	396	396	127.0	185.0	402.5	5.0	108.0	143.0	143	4.0	124.0	120.0	124	121.0	1.0	0.0	35.0		both too long	
YMR113W	XIII	+	1284	1284	83.0	83.0	676.8	14.0	99.0	91.0	99	57.0	69.0	61.0	69	62.0	0.0	0.0				
YMR114C	XIII	-	1107	1107	46.0	31.0	489.8	8.0	42.0	53.0	53	54.0	65.0	101.0	101	91.0	1.0	1.0	11.0	36.0	both too short	DRS too short
YMR115W	XIII	+	1506	1506	3187.0	146.0	456.3	118.0	42.0	53.0	53	48.0	110.0	124.0	124	125.0	1.0	1.0	11.0	14.0	DRS too short	both too short
YMR116C	XIII	-	1233	960	10727.0	13758.0	895.7	2159.0	492.0	109.0	492	29.0	138.0	223.0	223	154.0	0.0	1.0		85.0		DRS too short
YMR117C	XIII	-	642	642	34.0	11.0	420.2	78.0		19.0	19	42.0		204.0	204	1925.0						
YMR118C	XIII	-	591	591	39.0	34.0	692.0	1.0	189.0		189	89.0	67.0		67	60.0						
YMR119W	XIII	+	1875	1875	124.0	85.0	623.5	15.0	208.0	184.0	208	185.0	31.0	133.0	133	134.0	0.0	1.0		102.0		both too short
YMR119W-A	XIII	+	375	375	61.0	101.0	536.2	12.0	457.0	609.0	609	842.0	425.0	664.0	664	80.0	1.0	1.0	152.0	239.0	both too short	both too long
YMR120C	XIII	-	1779	1779	92.0	25.0	497.2	921.0	33.0	109.0	109	43.0	143.0	166.0	166	163.0	1.0	1.0	76.0	23.0	DRS too short	DRS too short
YMR121C	XIII	-	615	615	90.0	125.0	573.0	71.0	36.0	51.0	51	35.0	50.0	65.0	65	52.0	1.0	1.0	15.0	15.0	both too long	DRS too short
YMR122C	XIII	-	375	375	1155.0	82.0	470.1	2.0	119.0	678.0	678	679.0	77.0	16.0	77	17.0	1.0	0.0	559.0		both too short	
YMR122W-A	XIII	+	255	255	1060.0	2102.0	467.1	738.0	47.0	725.0	725	44.0	226.0	244.0	244	232.0	1.0	1.0	678.0	18.0	both too long	DRS too short
YMR123W	XIII	+	369	369	130.0	204.0	399.7	91.0	48.0	19.0	48	28.0	86.0	318.0	318	88.0	0.0	1.0		232.0		DRS too short
YMR124W	XIII	+	2832	2832	218.0	193.0	569.7	3.0	289.0		289	279.0	82.0		82	80.0						
YMR125W	XIII	+	2908	2586	448.0	518.0	830.2	13.0	0.0	88.0	88	75.0	158.0	160.0	160	136.0	1.0	1.0	88.0	2.0	DRS too short	both too long
YMR126C	XIII	-	1029	1029	242.0	92.0	521.9	8.0	341.0	266.0	341	189.0	91.0	95.0	95	96.0	0.0	1.0		4.0		both too short
YMR127C	XIII	-	1017	1017	107.0	115.0	776.6	26.0	87.0	102.0	102	92.0	214.0	258.0	258	208.0	1.0	1.0	15.0	44.0	DRS too short	both too long
YMR128W	XIII	+	3804	3804	79.0	97.0	993.2	10.0	35.0		35	46.0	103.0		103	77.0						
YMR129W	XIII	+	4014	4014	171.0	189.0	713.9	7.0	30.0	42.0	42	58.0	28.0	129.0	129	106.0	1.0	1.0	12.0	101.0	both too short	DRS too short
YMR130W	XIII	+	909	909	408.0	208.0	566.9	16.0	157.0	92.0	157	76.0	77.0	144.0	144	75.0	0.0	1.0		67.0		both too long
YMR131C	XIII	-	1536	1536	540.0	628.0	822.7	150.0	64.0	74.0	74	45.0	75.0	173.0	173	72.0	1.0	1.0	10.0	98.0	both too long	both too long
YMR132C	XIII	-	627	627	78.0	146.0	623.3	21.0	107.0	86.0	107	87.0	220.0	413.0	413	222.0	0.0	1.0		193.0		DRS too short
YMR133W	XIII	+	1403	1287	19.0	12.0	699.4	1.0	241.0		241	3.0	165.0		165	397.0						
YMR134W	XIII	+	714	714	64.0	102.0	561.1	68.0	112.0	86.0	112	39.0	183.0	321.0	321	8.0	0.0	1.0		138.0		both too long
YMR135C	XIII	-	1368	1368	96.0	67.0	796.6	3.0	42.0	55.0	55	53.0	121.0	43.0	121	176.0	1.0	0.0	13.0		DRS too short	
YMR135W-A	XIII	+	534	534				0.0			0				0							
YMR136W	XIII	+	1683	1683	63.0	92.0	687.0	24.0	35.0	97.0	97	98.0	42.0	71.0	71	72.0	1.0	1.0	62.0	29.0	both too short	both too short
YMR137C	XIII	-	1986	1986	73.0	29.0	576.5	14.0	35.0	79.0	79	40.0	105.0	126.0	126	16.0	1.0	1.0	44.0	21.0	DRS too short	both too long
YMR138W	XIII	+	576	576	20.0	32.0	528.5	212.0	39.0		39	0.0	69.0	463.0	463	76.0		1.0		394.0		DRS too short
YMR139W	XIII	+	1113	1113	88.0	115.0	801.2	36.0	218.0	939.0	939	192.0	117.0	115.0	117	235.0	1.0	0.0	721.0		both too long	
YMR140W	XIII	+	1470	1470	89.0	61.0	807.7	13.0	45.0	51.0	51	52.0	813.0	840.0	840	840.0	1.0	1.0	6.0	27.0	both too short	both too short
YMR141C	XIII	-	309	309	1445.0	2373.0	600.7	1.0	758.0	25.0	758	26.0	932.0	1264.0	1264	1265.0	0.0	1.0		332.0		both too short
YMR141W-A	XIII	+	225	225	1552.0		597.1	1.0			0	384.0			0	1851.0						
YMR142C	XIII	-	1002	600	1492.0	2147.0	600.6	5491.0	0.0	1700.0	1700	34.0	102.0	97.0	102	98.0	1.0	0.0	1700.0		DRS too short	
YMR143W	XIII	+	976	432	6274.0	12539.0	513.3	2312.0	0.0	128.0	128	21.0	90.0	148.0	148	83.0	1.0	1.0	128.0	58.0	DRS too short	both too long
YMR144W	XIII	+	1029	1029	6588.0	36.0	507.2	18.0	145.0	107.0	145	126.0	166.0	295.0	295	169.0	0.0	1.0		129.0		DRS too short
YMR145C	XIII	-	1683	1683	548.0	808.0	843.6	342.0	199.0	222.0	222	203.0	159.0	348.0	348	199.0	1.0	1.0	23.0	189.0	DRS too short	DRS too short
YMR146C	XIII	-	1044	1044	1077.0	1074.0	655.4	1368.0	68.0	116.0	116	38.0	100.0	98.0	100	85.0	1.0	0.0	48.0		both too long	
YMR147W	XIII	+	1614	1239	31.0	21.0	683.5	23.0	56.0		56	24.0	140.0		140	165.0						
YMR148W	XIII	+	447	447	28.0	42.0	572.6	23.0	381.0	883.0	883	1191.0	171.0	171.0	171	165.0	1.0	0.0	502.0		both too short	
YMR149W	XIII	+	861	861	217.0	283.0	640.8	0.0	65.0		65		99.0		99							
YMR150C	XIII	-	573	573	174.0	16.0	603.6	0.0	263.0		263		55.0		55							
YMR151W	XIII	+	438	438	111.0	201.0	461.1	1.0	628.0		628	307.0	227.0		227	1323.0						
YMR152W	XIII	+	1098	1098	93.0	130.0	780.3	10.0	101.0	13.0	101	11.0	73.0	168.0	168	73.0	0.0	1.0		95.0		both too long
YMR153C-A	XIII	-	336	336	34.0	54.0	661.2	5.0	731.0	1578.0	1578	42.0	916.0	1367.0	1367	268.0	1.0	1.0	847.0	451.0	both too long	both too long
YMR153W	XIII	+	1428	1428	95.0	43.0	751.2	52.0	233.0	28.0	233	52.0	130.0	796.0	796	149.0	0.0	1.0		666.0		DRS too short
YMR154C	XIII	-	2184	2184	63.0	21.0	721.8	6.0	77.0	20.0	77	21.0	108.0	200.0	200	204.0	0.0	1.0		92.0		both too short
YMR155W	XIII	+	1644	1644	51.0	97.0	880.3	48.0	206.0	2884.0	2884	22.0	116.0	158.0	158	159.0	1.0	1.0	2678.0	42.0	both too long	both too short
YMR156C	XIII	-	717	717	78.0	42.0	547.9	18.0	88.0	198.0	198	12.0	57.0	55.0	57	56.0	1.0	0.0	110.0		both too long	
YMR157C	XIII	-	768	768	139.0	84.0	544.5	26.0	61.0	45.0	61	46.0	104.0	160.0	160	100.0	0.0	1.0		56.0		both too long
YMR158C-A	XIII	-	138	138	123.0	62.0	596.7	7.0		1562.0	1562	1562.0		79.0	79	87.0						
YMR158W	XIII	+	468	468	156.0	306.0	527.5	408.0	108.0	239.0	239	56.0	87.0	82.0	87	85.0	1.0	0.0	131.0		both too long	
YMR158W-B	XIII	+	321	321	12.0		871.5	0.0			0				0							
YMR159C	XIII	-	453	453	9.0		504.9	1.0			0	2537.0			0	1369.0						
YMR160W	XIII	+	2451	2451	50.0	43.0	665.1	9.0	37.0		37	47.0	43.0		43	43.0						
YMR161W	XIII	+	675	675	401.0	582.0	725.6	205.0	44.0	177.0	177	49.0	383.0	379.0	383	381.0	1.0	0.0	133.0		DRS too short	
YMR162C	XIII	-	4971	4971	256.0	67.0	521.4	0.0	147.0		147		84.0		84							
YMR163C	XIII	-	2118	2118	36.0	26.0	523.9	2.0	134.0	144.0	144	145.0	48.0	55.0	55	56.0	1.0	1.0	10.0	7.0	both too short	both too short
YMR164C	XIII	-	2277	2277	66.0	76.0	654.2	0.0	131.0		131		324.0		324							
YMR165C	XIII	-	2589	2589	86.0	79.0	729.6	12.0	75.0		75	108.0	99.0		99	106.0						
YMR166C	XIII	-	1107	1107	45.0	56.0	797.2	7.0	243.0	269.0	269	253.0	225.0	245.0	245	230.0	1.0	1.0	26.0	20.0	DRS too short	DRS too short
YMR167W	XIII	+	2310	2310	51.0	59.0	735.5	6.0	9.0		9	19.0	283.0		283	369.0						
YMR168C	XIII	-	1827	1827	65.0	47.0	682.5	3.0	239.0		239	36.0	386.0		386	791.0						
YMR169C	XIII	-	1521	1521	40.0	49.0	605.9	11.0	232.0	258.0	258	322.0	58.0	54.0	58	55.0	1.0	0.0	26.0		both too short	
YMR170C	XIII	-	1521	1521	69.0	53.0	672.5	51.0	239.0	260.0	260	26.0	83.0	137.0	137	139.0	1.0	1.0	21.0	54.0	both too long	both too short
YMR171C	XIII	-	1653	1653	53.0	67.0	554.3	34.0	185.0	221.0	221	196.0	242.0	246.0	246	234.0	1.0	1.0	36.0	4.0	DRS too short	both too long
YMR172C-A	XIII	-	384	384	8.0	6.0	413.4	0.0	42.0		42		66.0		66							
YMR172W	XIII	+	2160	2160	19.0	16.0	444.9	1.0	76.0		76	16.0	106.0		106	127.0						
YMR173W	XIII	+	1293	1293	263.0	310.0	882.8	62.0	43.0	84.0	84	54.0	111.0	78.0	111	115.0	1.0	0.0	41.0		DRS too short	
YMR173W-A	XIII	+	1185	1185	297.0	336.0	913.5	62.0	251.0		251	262.0	11.0		11	15.0						
YMR174C	XIII	-	207	207	133.0	44.0	458.4	32.0		317.0	317	34.0		170.0	170	162.0						
YMR175W	XIII	+	240	240	12.0	10.0	361.4	4.0			0	21.0			0	116.0						
YMR175W-A	XIII	+	195	195	7.0	5.0	367.0	0.0			0				0							
YMR176W	XIII	+	4236	4236	72.0	81.0	765.6	2.0	104.0		104	102.0	77.0		77	57.0						
YMR177W	XIII	+	1533	1533	81.0	92.0	825.2	164.0	119.0	163.0	163	137.0	209.0	234.0	234	84.0	1.0	1.0	44.0	25.0	DRS too short	both too long
YMR178W	XIII	+	825	825	264.0	313.0	702.6	38.0	188.0	46.0	188	47.0	82.0	259.0	259	51.0	0.0	1.0		177.0		both too long
YMR179W	XIII	+	2277	2277	208.0	55.0	443.1	2.0	171.0		171	156.0	113.0		113	112.0						
YMR180C	XIII	-	963	963	206.0	243.0	451.9	3.0	186.0	24.0	186	25.0	116.0	143.0	143	144.0	0.0	1.0		27.0		both too short
YMR181C	XIII	-	465	465	104.0	152.0	630.8	61.0	801.0	996.0	996	178.0	166.0	287.0	287	288.0	1.0	1.0	195.0	121.0	both too long	both too short
YMR182C	XIII	-	636	636	31.0	8.0	617.6	50.0	226.0	136.0	226	113.0	15.0	441.0	441	442.0	0.0	1.0		426.0		both too short
YMR182W-A	XIII	+	87	87	102.0	139.0	400.3	3.0		1302.0	1302	224.0		702.0	702	143.0						
YMR183C	XIII	-	888	888	398.0	349.0	684.1	63.0	95.0	74.0	95	77.0	96.0	358.0	358	244.0	0.0	1.0		262.0		DRS too short
YMR184W	XIII	+	597	597	76.0	204.0	546.0	17.0	45.0	6.0	45	48.0	45.0	2358.0	2358	41.0	0.0	1.0		2313.0		both too long
YMR185W	XIII	+	2946	2946	221.0	81.0	682.5	3.0	11.0		11	22.0	60.0		60	65.0						
YMR186W	XIII	+	2118	2118	1810.0	2442.0	1146.6	888.0	24.0	138.0	138	27.0	97.0	80.0	97	91.0	1.0	0.0	114.0		DRS too short	
YMR187C	XIII	-	1296	1296	720.0	42.0	523.6	10.0	47.0	315.0	315	22.0	228.0	221.0	228	231.0	1.0	0.0	268.0		both too long	
YMR188C	XIII	-	714	714	196.0	276.0	748.8	90.0	72.0	111.0	111	74.0	121.0	128.0	128	131.0	1.0	1.0	39.0	7.0	DRS too short	both too short
YMR189W	XIII	+	3105	3105	61.0	58.0	701.9	65.0	151.0	161.0	161	106.0	87.0	99.0	99	79.0	1.0	1.0	10.0	12.0	both too long	both too long
YMR190C	XIII	-	4344	4344	45.0	48.0	668.7	1.0	152.0	170.0	170	171.0	151.0	131.0	151	132.0	1.0	0.0	18.0		both too short	
YMR191W	XIII	+	1122	1122	100.0	157.0	829.0	0.0	7.0		7		78.0		78							
YMR192W	XIII	+	2163	2163	157.0	105.0	546.8	6.0	78.0	92.0	92	80.0	78.0	164.0	164	80.0	1.0	1.0	14.0	86.0	DRS too short	DRS too short
YMR193C-A	XIII	-	387	387	1475.0	5.0	396.7	0.0			0				0							
YMR193W	XIII	+	777	777	61.0	71.0	702.5	29.0	80.0	7.0	80	31.0	124.0	500.0	500	123.0	0.0	1.0		376.0		both too long
YMR194C-A	XIII	-	225	225	78.0	20.0	353.4	2.0	753.0	228.0	753	49.0	62.0	108.0	108	104.0	0.0	1.0		46.0		DRS too short
YMR194C-B	XIII	-	294	222	1551.0	181.0	391.6	31.0	406.0	197.0	406	36.0	273.0	268.0	273	47.0	0.0	0.0				
YMR194W	XIII	+	766	303	1473.0	4349.0	393.5	9273.0	0.0	522.0	522	17.0	80.0	99.0	99	74.0	1.0	1.0	522.0	19.0	DRS too short	both too long
YMR195W	XIII	+	384	384	311.0	371.0	543.0	479.0	81.0	91.0	91	5.0	128.0	543.0	543	125.0	1.0	1.0	10.0	415.0	both too long	both too long
YMR196W	XIII	+	3267	3267	263.0	71.0	537.9	4.0	150.0	16.0	150	77.0	128.0	123.0	128	106.0	0.0	0.0				
YMR197C	XIII	-	654	654	155.0	285.0	531.1	22.0	43.0	56.0	56	38.0	161.0	220.0	220	176.0	1.0	1.0	13.0	59.0	both too long	DRS too short
YMR198W	XIII	+	1785	1785	38.0	31.0	520.8	26.0	265.0	285.0	285	286.0	131.0	125.0	131	103.0	1.0	0.0	20.0		both too short	
YMR199W	XIII	+	1641	1641	122.0	152.0	667.2	112.0	210.0	212.0	212	198.0	118.0	134.0	134	118.0	1.0	1.0	2.0	16.0	both too long	both too long
YMR200W	XIII	+	771	771	357.0	458.0	723.6	360.0	115.0	140.0	140	121.0	272.0	456.0	456	347.0	1.0	1.0	25.0	184.0	DRS too short	DRS too short
YMR201C	XIII	-	1200	1116	218.0	58.0	460.3	7.0	164.0	64.0	164	19.0	83.0	271.0	271	62.0	0.0	1.0		188.0		both too long
YMR202W	XIII	+	669	669	596.0	1158.0	584.9	230.0	61.0	70.0	70	25.0	64.0	83.0	83	66.0	1.0	1.0	9.0	19.0	both too long	DRS too short
YMR203W	XIII	+	1164	1164	801.0	320.0	684.9	92.0	56.0	64.0	64	65.0	87.0	356.0	356	206.0	1.0	1.0	8.0	269.0	both too short	DRS too short
YMR204C	XIII	-	1263	1263	461.0	27.0	434.8	3.0	38.0	44.0	44	20.0	210.0	358.0	358	286.0	1.0	1.0	6.0	148.0	both too long	DRS too short
YMR205C	XIII	-	2880	2880	794.0	1141.0	931.7	50.0	46.0	157.0	157	55.0	185.0	328.0	328	112.0	1.0	1.0	111.0	143.0	DRS too short	both too long
YMR206W	XIII	+	942	942	26.0	14.0	487.7	23.0	197.0		197	154.0	69.0		69	77.0						
YMR207C	XIII	-	6372	6372	48.0	50.0	728.0	0.0	908.0		908		139.0		139							
YMR208W	XIII	+	1332	1332	212.0	286.0	812.8	1479.0	21.0	79.0	79	18.0	92.0	108.0	108	109.0	1.0	1.0	58.0	16.0	both too long	both too short
YMR209C	XIII	-	1374	1374	174.0	97.0	571.1	136.0	61.0	32.0	61	33.0	107.0	189.0	189	104.0	0.0	1.0		82.0		both too long
YMR210W	XIII	+	1350	1350	85.0	115.0	793.0	43.0	45.0	58.0	58	23.0	60.0	97.0	97	59.0	1.0	1.0	13.0	37.0	both too long	both too long
YMR211W	XIII	+	1428	1428	202.0	97.0	580.5	33.0	40.0	53.0	53	18.0	136.0	138.0	138	135.0	1.0	1.0	13.0	2.0	both too long	both too long
YMR212C	XIII	-	2349	2349	247.0	326.0	956.9	43.0	106.0	141.0	141	142.0	124.0	146.0	146	118.0	1.0	1.0	35.0	22.0	both too short	both too long
YMR213W	XIII	+	1773	1773	22.0	32.0	589.3	102.0	25.0	66.0	66	16.0	38.0	59.0	59	37.0	1.0	1.0	41.0	21.0	both too long	both too long
YMR214W	XIII	+	1134	1134	54.0	66.0	552.7	18.0	18.0	29.0	29	30.0	124.0	255.0	255	123.0	1.0	1.0	11.0	131.0	both too short	both too long
YMR215W	XIII	+	1575	1575	142.0	135.0	724.2	874.0	17.0	62.0	62	78.0	133.0	222.0	222	128.0	1.0	1.0	45.0	89.0	both too short	both too long
YMR216C	XIII	-	2229	2229	90.0	71.0	657.6	39.0	154.0	177.0	177	178.0	114.0	398.0	398	112.0	1.0	1.0	23.0	284.0	both too short	both too long
YMR217W	XIII	+	1578	1578	883.0	1337.0	938.4	257.0	112.0	33.0	112	59.0	85.0	231.0	231	100.0	0.0	1.0		146.0		DRS too short
YMR218C	XIII	-	3309	3309	598.0	143.0	531.6	6.0	19.0		19	32.0	225.0		225	81.0						
YMR219W	XIII	+	4977	4977	46.0	66.0	825.1	0.0	725.0		725		53.0		53							
YMR220W	XIII	+	1356	1356	269.0	283.0	774.6	93.0	46.0	76.0	76	18.0	67.0	248.0	248	73.0	1.0	1.0	30.0	181.0	both too long	DRS too short
YMR221C	XIII	-	1515	1515	229.0	170.0	618.1	769.0	23.0	38.0	38	21.0	85.0	144.0	144	84.0	1.0	1.0	15.0	59.0	both too long	both too long
YMR222C	XIII	-	672	672	48.0	79.0	551.9	13.0	30.0	56.0	56	40.0	52.0	105.0	105	84.0	1.0	1.0	26.0	53.0	DRS too short	DRS too short
YMR223W	XIII	+	1416	1416	147.0	165.0	911.9	21.0	207.0	219.0	219	218.0	346.0	441.0	441	442.0	1.0	1.0	12.0	95.0	DRS too short	both too short
YMR224C	XIII	-	2079	2079	135.0	64.0	495.4	9.0	39.0	49.0	49	48.0	133.0	236.0	236	89.0	1.0	1.0	10.0	103.0	DRS too short	both too long
YMR225C	XIII	-	444	297	242.0	126.0	559.2	592.0	0.0	34.0	34	21.0	159.0	237.0	237	184.0	1.0	1.0	34.0	78.0	DRS too short	DRS too short
YMR226C	XIII	-	804	804	389.0	679.0	645.8	1155.0	42.0	931.0	931	50.0	62.0	60.0	62	61.0	1.0	0.0	889.0		DRS too short	
YMR227C	XIII	-	1773	1773	130.0		838.5	11.0	23.0	52.0	52	53.0	91.0	111.0	111	112.0	1.0	1.0	29.0	20.0	both too short	both too short
YMR228W	XIII	+	1026	1026	395.0	128.0	508.8	32.0	45.0	43.0	45	19.0	99.0	131.0	131	105.0	0.0	1.0		32.0		DRS too short
YMR229C	XIII	-	5190	5190	689.0	935.0	948.8	0.0	94.0		94		108.0		108							
YMR230W	XIII	+	728	318	3826.0	10834.0	439.9	2357.0	0.0	52.0	52	32.0	60.0	300.0	300	93.0	1.0	1.0	52.0	240.0	DRS too short	DRS too short
YMR230W-A	XIII	+	189	189	3867.0	675.0	440.5	5.0	395.0		395	886.0	29.0		29	51.0						
YMR231W	XIII	+	3090	3090	3841.0	40.0	444.9	27.0	54.0	51.0	54	52.0	190.0	187.0	190	188.0	0.0	0.0				
YMR232W	XIII	+	2034	2034	61.0	45.0	595.6	0.0	667.0		667		45.0		45							
YMR233W	XIII	+	681	681	145.0	224.0	701.0	33.0	34.0	56.0	56	45.0	171.0	204.0	204	205.0	1.0	1.0	22.0	33.0	DRS too short	both too short
YMR234W	XIII	+	1047	1047	276.0	81.0	454.6	5.0	103.0	91.0	103	73.0	124.0	162.0	162	144.0	0.0	1.0		38.0		DRS too short
YMR235C	XIII	-	1224	1224	274.0	355.0	518.4	62.0	31.0	41.0	41	44.0	162.0	223.0	223	188.0	1.0	1.0	10.0	61.0	both too short	DRS too short
YMR236W	XIII	+	474	474	45.0	130.0	457.8	239.0	20.0	19.0	20	10.0	64.0	452.0	452	46.0	0.0	1.0		388.0		both too long
YMR237W	XIII	+	2175	2175	254.0	306.0	824.0	57.0	73.0	107.0	107	84.0	166.0	183.0	183	163.0	1.0	1.0	34.0	17.0	DRS too short	both too long
YMR238W	XIII	+	1377	1377	444.0	420.0	728.0	241.0	117.0	133.0	133	134.0	83.0	130.0	130	90.0	1.0	1.0	16.0	47.0	both too short	DRS too short
YMR239C	XIII	-	1416	1416	255.0	99.0	606.1	44.0	67.0	92.0	92	50.0	133.0	148.0	148	149.0	1.0	1.0	25.0	15.0	both too long	both too short
YMR240C	XIII	-	1311	1311	22.0	26.0	495.9	56.0	53.0	411.0	411	56.0	54.0	51.0	54	52.0	1.0	0.0	358.0		DRS too short	
YMR241W	XIII	+	945	945	2554.0	597.0	572.3	170.0	214.0	212.0	214	145.0	53.0	280.0	280	52.0	0.0	1.0		227.0		both too long
YMR242C	XIII	-	996	519	2470.0	4635.0	527.7	1399.0	0.0	262.0	262	30.0	109.0	103.0	109	107.0	1.0	0.0	262.0		DRS too short	
YMR242W-A	XIII	+	90	90	338.0		560.6	0.0			0				0							
YMR243C	XIII	-	1329	1329	206.0	349.0	920.0	230.0	139.0	2161.0	2161	111.0	113.0	592.0	592	194.0	1.0	1.0	2022.0	479.0	both too long	DRS too short
YMR244C-A	XIII	-	315	315	103.0	99.0	404.0	18.0	95.0	487.0	487	67.0	113.0	187.0	187	188.0	1.0	1.0	392.0	74.0	both too long	both too short
YMR244W	XIII	+	1068	1068	60.0		462.5	0.0			0				0							
YMR245W	XIII	+	621	621	73.0	142.0	436.8	0.0	239.0		239	153.0	282.0		282	59.0						
YMR246W	XIII	+	2085	2085	806.0	702.0	835.1	1020.0	214.0	607.0	607	227.0	182.0	184.0	184	180.0	1.0	1.0	393.0	2.0	DRS too short	both too long
YMR247C	XIII	-	4689	4689	333.0	247.0	573.0	0.0	58.0		58		61.0		61							
YMR247W-A	XIII	+	144	144	20.0		623.4	0.0			0				0							
YMR250W	XIII	+	1758	1758	91.0	112.0	879.8	15.0	41.0		41	43.0	112.0		112	94.0						
YMR251W	XIII	+	1101	1101	63.0	16.0	404.1	1.0	153.0		153	241.0	709.0		709	695.0						
YMR251W-A	XIII	+	180	180	6075.0	12210.0	476.9	9971.0		683.0	683	41.0		290.0	290	282.0						
YMR252C	XIII	-	405	405	5855.0	63.0	478.9	5.0	173.0	1428.0	1428	43.0	132.0	181.0	181	183.0	1.0	1.0	1255.0	49.0	both too long	both too short
YMR253C	XIII	-	1245	1245	350.0	43.0	300.1	3.0	636.0	50.0	636	51.0	807.0	25.0	807	26.0	0.0	0.0				
YMR254C	XIII	-	309	309	78.0		442.6	1.0			0	854.0			0	2821.0						
YMR255W	XIII	+	567	567	621.0	160.0	405.0	21.0	271.0	432.0	432	53.0	117.0	275.0	275	123.0	1.0	1.0	161.0	158.0	both too long	DRS too short
YMR256C	XIII	-	183	183	552.0	1615.0	401.3	626.0		37.0	37	29.0		340.0	340	167.0						
YMR257C	XIII	-	2403	2403	624.0	61.0	418.6	13.0	376.0	387.0	387	388.0	234.0	201.0	234	236.0	1.0	0.0	11.0		both too short	
YMR258C	XIII	-	1662	1662	200.0	166.0	797.4	54.0	57.0	66.0	66	39.0	34.0	87.0	87	33.0	1.0	1.0	9.0	53.0	both too long	both too long
YMR259C	XIII	-	4263	4263	1087.0	157.0	559.9	3.0	58.0	58.0	58	59.0	56.0	73.0	73	50.0	0.0	1.0		17.0		both too long
YMR260C	XIII	-	462	462	1099.0	2992.0	530.2	1577.0	30.0	24.0	30	25.0	162.0	311.0	311	160.0	0.0	1.0		149.0		both too long
YMR261C	XIII	-	3165	3165	1093.0	179.0	619.0	18.0	71.0	169.0	169	86.0	151.0	144.0	151	145.0	1.0	0.0	98.0		DRS too short	
YMR262W	XIII	+	942	942	76.0	38.0	655.2	10.0	43.0	39.0	43	55.0	164.0	270.0	270	220.0	0.0	1.0		106.0		DRS too short
YMR263W	XIII	+	606	606	99.0	172.0	592.8	116.0	34.0	49.0	49	26.0	70.0	169.0	169	70.0	1.0	1.0	15.0	99.0	both too long	both too long
YMR264W	XIII	+	612	612	167.0	205.0	555.0	117.0	380.0	45.0	380	46.0	127.0	1012.0	1012	134.0	0.0	1.0		885.0		DRS too short
YMR265C	XIII	-	1386	1386	120.0	49.0	611.4	19.0	230.0	2.0	230	3.0	82.0	295.0	295	81.0	0.0	1.0		213.0		both too long
YMR266W	XIII	+	2862	2862	263.0	376.0	1074.7	3.0	24.0		24	78.0	189.0		189	187.0						
YMR267W	XIII	+	933	933	211.0	109.0	567.7	9.0	111.0	63.0	111	112.0	137.0	260.0	260	155.0	0.0	1.0		123.0		DRS too short
YMR268C	XIII	-	1335	1335	64.0	44.0	631.8	21.0	31.0	41.0	41	42.0	160.0	206.0	206	166.0	1.0	1.0	10.0	46.0	both too short	DRS too short
YMR269W	XIII	+	636	636	57.0	25.0	456.4	80.0	40.0	241.0	241	30.0	57.0	54.0	57	55.0	1.0	0.0	201.0		both too long	
YMR270C	XIII	-	1098	1098	126.0	143.0	724.2	8.0	131.0	140.0	140	141.0	109.0	256.0	256	139.0	1.0	1.0	9.0	147.0	both too short	DRS too short
YMR271C	XIII	-	684	684	172.0	193.0	491.9	2.0	524.0	538.0	538	65.0	159.0	156.0	159	157.0	1.0	0.0	14.0		both too long	
YMR272C	XIII	-	1155	1155	251.0	251.0	676.9	292.0	32.0	110.0	110	39.0	177.0	174.0	177	175.0	1.0	0.0	78.0		DRS too short	
YMR272W-A	XIII	+	114	114	30.0		844.1	0.0			0				0							
YMR272W-B	XIII	+	108	108	15.0	16.0	657.1	0.0	378.0		378		466.0		466							
YMR273C	XIII	-	2748	2748	50.0	55.0	772.5	30.0	186.0	183.0	186	199.0	78.0	93.0	93	75.0	0.0	1.0		15.0		both too long
YMR274C	XIII	-	948	948	72.0	46.0	513.8	19.0		87.0	87	47.0		59.0	59	63.0						
YMR275C	XIII	-	2931	2931	95.0	131.0	939.0	34.0	41.0	50.0	50	51.0	128.0	130.0	130	127.0	1.0	1.0	9.0	2.0	both too short	both too long
YMR276W	XIII	+	1122	1122	193.0	255.0	954.4	872.0	37.0	55.0	55	28.0	109.0	125.0	125	108.0	1.0	1.0	18.0	16.0	both too long	both too long
YMR277W	XIII	+	2199	2199	91.0	44.0	604.8	358.0	95.0	135.0	135	119.0	122.0	128.0	128	129.0	1.0	1.0	40.0	6.0	DRS too short	both too short
YMR278W	XIII	+	1869	1869	65.0	69.0	986.8	560.0	28.0	39.0	39	40.0	110.0	120.0	120	107.0	1.0	1.0	11.0	10.0	both too short	both too long
YMR279C	XIII	-	1623	1623	38.0	28.0	805.3	6.0	640.0		640	29.0	235.0		235	67.0						
YMR280C	XIII	-	4302	4302	50.0	41.0	809.9	1.0	36.0		36	82.0	78.0		78	57.0						
YMR281W	XIII	+	915	915	102.0	140.0	599.2	10.0	105.0	117.0	117	74.0	85.0	94.0	94	95.0	1.0	1.0	12.0	9.0	both too long	both too short
YMR282C	XIII	-	1743	1743	149.0	97.0	616.4	9.0	458.0	46.0	458	58.0	74.0	145.0	145	133.0	0.0	1.0		71.0		DRS too short
YMR283C	XIII	-	1542	1542	66.0	69.0	781.8	3.0	36.0		36	132.0	82.0		82	77.0						
YMR284W	XIII	+	1809	1809	136.0	159.0	1008.1	9.0	35.0	25.0	35	26.0	85.0	175.0	175	98.0	0.0	1.0		90.0		DRS too short
YMR285C	XIII	-	1548	1548	200.0	61.0	518.3	68.0	11.0	66.0	66	8.0	152.0	157.0	157	158.0	1.0	1.0	55.0	5.0	both too long	both too short
YMR286W	XIII	+	261	261	121.0	320.0	427.7	215.0	18.0	16.0	18	17.0	131.0	288.0	288	124.0	0.0	1.0		157.0		both too long
YMR287C	XIII	-	2910	2910	158.0	74.0	546.1	1.0	56.0	74.0	74	75.0	105.0	109.0	109	110.0	1.0	1.0	18.0	4.0	both too short	both too short
YMR288W	XIII	+	2916	2916	37.0	47.0	1091.1	10.0	52.0	20.0	52	21.0	54.0	53.0	54	54.0	0.0	0.0				
YMR289W	XIII	+	1125	1125	235.0	212.0	576.8	10.0	18.0	11.0	18	18.0	140.0	502.0	502	516.0	0.0	1.0		362.0		both too short
YMR290C	XIII	-	1518	1518	312.0	327.0	863.6	182.0	32.0	73.0	73	27.0	207.0	247.0	247	248.0	1.0	1.0	41.0	40.0	both too long	both too short
YMR290W-A	XIII	+	348	348	8.0	5.0	391.6	0.0			0				0							
YMR291W	XIII	+	1761	1761	124.0	57.0	507.8	11.0	67.0	82.0	82	83.0	85.0	181.0	181	152.0	1.0	1.0	15.0	96.0	both too short	DRS too short
YMR292W	XIII	+	499	417	137.0	288.0	445.1	185.0	275.0	44.0	275	30.0	89.0	100.0	100	101.0	0.0	1.0		11.0		both too short
YMR293C	XIII	-	1395	1395	115.0	32.0	497.7	14.0	27.0	131.0	131	30.0	88.0	92.0	92	89.0	1.0	1.0	104.0	4.0	DRS too short	DRS too short
YMR294W	XIII	+	1122	1122	146.0	26.0	641.3	7.0	35.0	26.0	35	27.0	134.0	138.0	138	139.0	0.0	1.0		4.0		both too short
YMR294W-A	XIII	+	360	360	186.0	198.0	584.4	0.0	111.0		111		364.0		364							
YMR295C	XIII	-	594	594	253.0	298.0	597.3	741.0	52.0	10.0	52	55.0	197.0	720.0	720	190.0	0.0	1.0		523.0		both too long
YMR296C	XIII	-	1677	1677	273.0	331.0	1043.6	253.0	125.0	215.0	215	102.0	76.0	83.0	83	84.0	1.0	1.0	90.0	7.0	both too long	both too short
YMR297W	XIII	+	1599	1599	580.0	662.0	814.7	1281.0	64.0	42.0	64	72.0	112.0	252.0	252	108.0	0.0	1.0		140.0		both too long
YMR298W	XIII	+	453	453	373.0	247.0	501.9	168.0	31.0	21.0	31	22.0	118.0	1235.0	1235	114.0	0.0	1.0		1117.0		both too long
YMR299C	XIII	-	939	939	300.0	286.0	516.6	26.0	48.0	23.0	48	10.0	110.0	881.0	881	113.0	0.0	1.0		771.0		DRS too short
YMR300C	XIII	-	1533	1533	179.0	216.0	995.2	143.0	139.0	240.0	240	126.0	92.0	116.0	116	63.0	1.0	1.0	101.0	24.0	both too long	both too long
YMR301C	XIII	-	2073	2073	123.0	85.0	648.2	182.0	34.0	80.0	80	67.0	73.0	77.0	77	54.0	1.0	1.0	46.0	4.0	DRS too short	both too long
YMR302C	XIII	-	2553	2553	119.0	167.0	821.4	41.0	42.0	26.0	42	75.0	63.0	146.0	146	101.0	0.0	1.0		83.0		DRS too short
YMR303C	XIII	-	1047	1047	22.0	33.0	481.5	11.0	95.0	49.0	95	58.0	90.0	122.0	122	97.0	0.0	1.0		32.0		DRS too short
YMR304C-A	XIII	-	351	351	460.0	688.0	661.1	3.0	971.0		971	1209.0	918.0		918	51.0						
YMR304W	XIII	+	3693	3693	350.0	40.0	521.8	2.0	100.0		100	196.0	207.0		207	279.0						
YMR305C	XIII	-	1170	1170	696.0	772.0	932.6	577.0	169.0	244.0	244	115.0	188.0	187.0	188	188.0	1.0	0.0	75.0		both too long	
YMR306C-A	XIII	-	390	390	16.0		596.4	1.0			0	303.0			0	804.0						
YMR306W	XIII	+	5358	5358	36.0	49.0	726.7	0.0	850.0		850		444.0		444							
YMR307C-A	XIII	-	195	195	903.0	1183.0	937.0	0.0	950.0		950		802.0		802							
YMR307W	XIII	+	1680	1680	1197.0	1248.0	863.6	2871.0	26.0	96.0	96	35.0	178.0	206.0	206	177.0	1.0	1.0	70.0	28.0	DRS too short	both too long
YMR308C	XIII	-	3270	3270	1027.0	525.0	629.2	19.0	159.0	146.0	159	147.0	84.0	71.0	84	75.0	0.0	0.0				
YMR309C	XIII	-	2439	2439	700.0	852.0	995.8	26.0	65.0	75.0	75	56.0	315.0	310.0	315	228.0	1.0	0.0	10.0		both too long	
YMR310C	XIII	-	954	954	97.0	77.0	606.0	74.0	57.0	36.0	57	45.0	69.0	397.0	397	68.0	0.0	1.0		328.0		both too long
YMR311C	XIII	-	690	690	52.0	84.0	412.7	31.0	43.0	53.0	53	39.0	110.0	287.0	287	130.0	1.0	1.0	10.0	177.0	both too long	DRS too short
YMR312W	XIII	+	822	822	135.0	208.0	525.1	70.0	26.0	23.0	26	22.0	108.0	953.0	953	106.0	0.0	1.0		845.0		both too long
YMR313C	XIII	-	1929	1929	153.0	70.0	722.6	19.0	18.0	46.0	46	38.0	151.0	184.0	184	179.0	1.0	1.0	28.0	33.0	DRS too short	DRS too short
YMR314W	XIII	+	705	705	444.0	608.0	702.9	4464.0	60.0	88.0	88	43.0	161.0	292.0	292	158.0	1.0	1.0	28.0	131.0	both too long	both too long
YMR315W	XIII	+	1050	1050	440.0	367.0	668.5	169.0	85.0	121.0	121	42.0	117.0	132.0	132	111.0	1.0	1.0	36.0	15.0	both too long	both too long
YMR315W-A	XIII	+	108	108	115.0		431.4	3.0			0	79.0			0	1511.0						
YMR316C-A	XIII	-	312	312	350.0	343.0	748.6	2.0	53.0		53	860.0	802.0		802	448.0						
YMR316C-B	XIII	-	309	309	21.0	8.0	543.8	4.0	987.0	922.0	987	1165.0	143.0	140.0	143	123.0	0.0	0.0				
YMR316W	XIII	+	1011	1011	375.0	401.0	729.0	32.0	690.0	341.0	690	64.0	58.0	56.0	58	69.0	0.0	0.0				
YMR317W	XIII	+	3423	3423	255.0	81.0	456.5	0.0	756.0		756		198.0		198							
YMR318C	XIII	-	1083	1083	603.0	724.0	774.5	1703.0	127.0	152.0	152	27.0	105.0	297.0	297	152.0	1.0	1.0	25.0	192.0	both too long	DRS too short
YMR319C	XIII	-	1659	1659	307.0	369.0	791.1	36.0	283.0	118.0	283	79.0	228.0	349.0	349	226.0	0.0	1.0		121.0		both too long
YMR320W	XIII	+	306	306	22.0	29.0	451.5	4.0		1039.0	1039	1285.0		513.0	513	491.0						
YMR321C	XIII	-	318	318				0.0			0				0							
YMR322C	XIII	-	714	714				0.0			0				0							
YMR323W	XIII	+	1314	1314				0.0			0				0							
YMR324C	XIII	-	243	243				0.0			0				0							
YMR325W	XIII	+	375	375				0.0			0				0							
YMR326C	XIII	-	309	309				0.0			0				0							
YNL001W	XIV	+	1161	1161	285.0	257.0	791.5	13.0	52.0	62.0	62	11.0	68.0	125.0	125	67.0	1.0	1.0	10.0	57.0	both too long	both too long
YNL002C	XIV	-	969	969	513.0	803.0	681.7	752.0	30.0	25.0	30	17.0	68.0	251.0	251	65.0	0.0	1.0		183.0		both too long
YNL003C	XIV	-	855	855	457.0	174.0	493.3	22.0	60.0	31.0	60	32.0	171.0	761.0	761	186.0	0.0	1.0		590.0		DRS too short
YNL004W	XIV	+	1707	1365	205.0	198.0	683.7	123.0	9.0	26.0	26	20.0	140.0	269.0	269	138.0	1.0	1.0	17.0	129.0	DRS too short	both too long
YNL005C	XIV	-	1116	1116	514.0	225.0	550.7	265.0	220.0	70.0	220	45.0	78.0	294.0	294	76.0	0.0	1.0		216.0		both too long
YNL006W	XIV	+	912	912	1032.0	1311.0	769.2	27.0	57.0	69.0	69	11.0	353.0	568.0	568	347.0	1.0	1.0	12.0	215.0	both too long	both too long
YNL007C	XIV	-	1059	1059	2213.0	3365.0	781.5	53.0	130.0	126.0	130	127.0	57.0	422.0	422	52.0	0.0	1.0		365.0		both too long
YNL008C	XIV	-	2031	2031	1300.0	182.0	495.5	18.0	364.0	19.0	364	48.0	46.0	38.0	46	39.0	0.0	0.0				
YNL009W	XIV	+	1263	1263	331.0	60.0	458.3	9.0	83.0	29.0	83	34.0	142.0	133.0	142	140.0	0.0	0.0				
YNL010W	XIV	+	726	726	881.0	1129.0	736.1	3906.0	28.0	47.0	47	39.0	80.0	232.0	232	125.0	1.0	1.0	19.0	152.0	DRS too short	DRS too short
YNL011C	XIV	-	1335	1335	135.0	91.0	713.5	12.0	102.0	33.0	102	34.0	83.0	80.0	83	81.0	0.0	0.0				
YNL012W	XIV	+	1980	1896	93.0	139.0	573.4	2.0	170.0		170	11.0	179.0		179	159.0						
YNL013C	XIV	-	378	378				0.0			0				0							
YNL014W	XIV	+	3135	3135	364.0	6.0	430.3	0.0	0.0		0		70.0		70							
YNL015W	XIV	+	228	228	477.0	688.0	417.2	2.0			0	35.0			0	88.0						
YNL016W	XIV	+	1362	1362	572.0	672.0	930.1	4090.0	92.0	57.0	92	58.0	331.0	777.0	777	27.0	0.0	1.0		446.0		both too long
YNL017C	XIV	-	339	339				0.0			0				0							
YNL018C	XIV	-	1839	1839	14.0	12.0	533.3	0.0	233.0		233		203.0		203							
YNL019C	XIV	-	855	855	11.0	13.0	727.9	0.0	134.0		134	27.0	126.0		126	114.0						
YNL020C	XIV	-	1917	1917	104.0	92.0	715.2	12.0	122.0	127.0	127	45.0	156.0	280.0	280	152.0	1.0	1.0	5.0	124.0	both too long	both too long
YNL021W	XIV	+	2121	2121	66.0	77.0	947.4	7.0	48.0	69.0	69	60.0	149.0	233.0	233	133.0	1.0	1.0	21.0	84.0	DRS too short	both too long
YNL022C	XIV	-	1473	1473	62.0	101.0	875.9	222.0	25.0	36.0	36	25.0	96.0	155.0	155	95.0	1.0	1.0	11.0	59.0	both too long	both too long
YNL023C	XIV	-	2898	2898	133.0	76.0	635.0	5.0	53.0	43.0	53	62.0	79.0	205.0	205	73.0	0.0	1.0		126.0		both too long
YNL024C	XIV	-	741	741	406.0	170.0	479.3	40.0	411.0	52.0	411	19.0	104.0	181.0	181	103.0	0.0	1.0		77.0		both too long
YNL024C-A	XIV	-	219	219	466.0	611.0	427.8	245.0	70.0	81.0	81	54.0	179.0	453.0	453	269.0	1.0	1.0	11.0	274.0	both too long	DRS too short
YNL025C	XIV	-	972	972	285.0	125.0	440.1	52.0	88.0	26.0	88	27.0	235.0	1432.0	1432	697.0	0.0	1.0		1197.0		DRS too short
YNL026W	XIV	+	1455	1455	206.0	95.0	614.8	69.0	5.0	55.0	55	19.0	103.0	111.0	111	122.0	1.0	1.0	50.0	8.0	DRS too short	both too short
YNL027W	XIV	+	2037	2037	93.0	141.0	710.4	7.0	93.0	104.0	104	109.0	98.0	104.0	104	105.0	1.0	1.0	11.0	6.0	both too short	both too short
YNL028W	XIV	+	318	318	10.0		319.8	1.0			0	1195.0			0	296.0						
YNL029C	XIV	-	1569	1569	2675.0	49.0	466.6	31.0	30.0	76.0	76	45.0	68.0	68.0	68	90.0	1.0	0.0	46.0		DRS too short	
YNL030W	XIV	+	312	312	2514.0	5166.0	467.0	19724.0	26.0	883.0	883	30.0	166.0	157.0	166	176.0	1.0	0.0	857.0		DRS too short	
YNL031C	XIV	-	411	411	2690.0	2643.0	528.4	33558.0	63.0	15.0	63	16.0	242.0	433.0	433	250.0	0.0	1.0		191.0		DRS too short
YNL032W	XIV	+	846	846	2863.0	2875.0	548.3	23.0	147.0	139.0	147	140.0	65.0	1323.0	1323	130.0	0.0	1.0		1258.0		DRS too short
YNL033W	XIV	+	855	855	6.0		583.8	2.0			0	12.0			0	111.0						
YNL034W	XIV	+	1839	1839	9.0	8.0	677.7	0.0	124.0		124		196.0		196							
YNL035C	XIV	-	1170	1170	172.0	150.0	602.5	13.0	55.0	80.0	80	32.0	203.0	213.0	213	214.0	1.0	1.0	25.0	10.0	both too long	both too short
YNL036W	XIV	+	666	666	356.0	351.0	486.8	121.0	76.0	147.0	147	51.0	58.0	157.0	157	55.0	1.0	1.0	71.0	99.0	both too long	both too long
YNL037C	XIV	-	1083	1083	308.0	319.0	800.4	108.0	114.0	112.0	114	105.0	128.0	249.0	249	126.0	0.0	1.0		121.0		both too long
YNL038W	XIV	+	764	690	207.0	220.0	552.4	198.0	15.0	25.0	25	11.0	118.0	124.0	124	113.0	1.0	1.0	10.0	6.0	both too long	both too long
YNL039W	XIV	+	1785	1785	158.0	48.0	608.1	19.0	30.0		30	18.0	54.0	184.0	184	53.0		1.0		130.0		both too long
YNL040W	XIV	+	1371	1371	187.0	253.0	891.8	200.0	105.0	23.0	105	29.0	145.0	388.0	388	153.0	0.0	1.0		243.0		DRS too short
YNL041C	XIV	-	2520	2520	108.0	123.0	890.0	40.0	44.0		44	55.0	181.0		181	179.0						
YNL042W	XIV	+	1191	1191	78.0	51.0	627.6	9.0	312.0	764.0	764	765.0	104.0	110.0	110	103.0	1.0	1.0	452.0	6.0	both too short	both too long
YNL042W-B	XIV	+	258	258	103.0	6.0	398.0	0.0			0				0							
YNL043C	XIV	-	321	321	251.0	126.0	576.4	9.0	172.0	135.0	172	113.0	218.0	611.0	611	37.0	0.0	1.0		393.0		both too long
YNL044W	XIV	+	610	531	267.0	344.0	597.2	1593.0	79.0	70.0	79	71.0	160.0	232.0	232	168.0	0.0	1.0		72.0		DRS too short
YNL045W	XIV	+	2016	2016	251.0	258.0	869.7	20.0	283.0	41.0	283	10.0	68.0	189.0	189	67.0	0.0	1.0		121.0		both too long
YNL046W	XIV	+	519	519	51.0	89.0	514.4	43.0	228.0	241.0	241	186.0	162.0	164.0	164	154.0	1.0	1.0	13.0	2.0	both too long	both too long
YNL047C	XIV	-	1971	1971	106.0	56.0	604.5	79.0	165.0	37.0	165	29.0	89.0	89.0	89	83.0	0.0	0.0				
YNL048W	XIV	+	1647	1647	118.0	163.0	863.7	938.0	20.0	30.0	30	27.0	101.0	116.0	116	100.0	1.0	1.0	10.0	15.0	DRS too short	both too long
YNL049C	XIV	-	2631	2631	103.0	153.0	843.0	54.0	23.0	4.0	23	14.0	109.0	188.0	188	92.0	0.0	1.0		79.0		both too long
YNL050C	XIV	-	904	813	128.0	52.0	491.1	7.0	23.0	23.0	23	19.0	63.0	150.0	150	65.0	0.0	1.0		87.0		DRS too short
YNL051W	XIV	+	1212	1212	331.0	115.0	631.1	14.0	14.0		14	0.0	43.0	168.0	168	41.0		1.0		125.0		both too long
YNL052W	XIV	+	462	462	288.0	593.0	572.5	274.0	24.0	33.0	33	31.0	252.0	356.0	356	268.0	1.0	1.0	9.0	104.0	DRS too short	DRS too short
YNL053W	XIV	+	1470	1470	176.0	86.0	664.6	278.0	232.0	158.0	232	120.0	128.0	126.0	128	134.0	0.0	0.0				
YNL054W	XIV	+	3498	3498	59.0	72.0	440.5	1.0	352.0		352	76.0	229.0		229	332.0						
YNL055C	XIV	-	852	852	1063.0	1627.0	712.2	20879.0	71.0	203.0	203	39.0	62.0	132.0	132	61.0	1.0	1.0	132.0	70.0	both too long	both too long
YNL056W	XIV	+	594	594	764.0	174.0	609.1	176.0	165.0	215.0	215	25.0	108.0	173.0	173	167.0	1.0	1.0	50.0	65.0	both too long	DRS too short
YNL057W	XIV	+	333	333	85.0	15.0	742.4	2.0	692.0		692	1218.0	10.0		10	1191.0						
YNL058C	XIV	-	951	951	115.0	205.0	701.2	54.0	55.0	28.0	55	28.0	107.0	578.0	578	107.0	0.0	1.0		471.0		both too long
YNL059C	XIV	-	2268	2268	342.0	70.0	492.3	11.0	11.0	25.0	25	16.0	103.0	149.0	149	110.0	1.0	1.0	14.0	46.0	DRS too short	DRS too short
YNL061W	XIV	+	1857	1857	430.0	675.0	935.7	6.0	29.0	39.0	39	18.0	38.0	148.0	148	159.0	1.0	1.0	10.0	110.0	both too long	both too short
YNL062C	XIV	-	1437	1437	118.0	127.0	785.1	80.0	55.0	28.0	55	29.0	116.0	382.0	382	101.0	0.0	1.0		266.0		both too long
YNL063W	XIV	+	945	945	129.0	110.0	572.7	9.0	498.0	123.0	498	124.0	72.0	319.0	319	43.0	0.0	1.0		247.0		both too long
YNL064C	XIV	-	1230	1230	1264.0	1829.0	841.6	2656.0	185.0	250.0	250	193.0	129.0	264.0	264	122.0	1.0	1.0	65.0	135.0	DRS too short	both too long
YNL065W	XIV	+	1761	1761	622.0	52.0	452.9	106.0	81.0	92.0	92	93.0	109.0	326.0	326	127.0	1.0	1.0	11.0	217.0	both too short	DRS too short
YNL066W	XIV	+	1621	1263	366.0	387.0	883.9	706.0	12.0	194.0	194	195.0	199.0	422.0	422	198.0	1.0	1.0	182.0	223.0	both too short	both too long
YNL067W	XIV	+	576	576	2188.0	3970.0	676.8	549.0	46.0	56.0	56	33.0	223.0	409.0	409	230.0	1.0	1.0	10.0	186.0	both too long	DRS too short
YNL067W-A	XIV	+	147	147				1.0			0	56.0			0	453.0						
YNL067W-B	XIV	+	141	141	1798.0		686.6	0.0			0				0							
YNL068C	XIV	-	2589	2589	63.0	83.0	757.5	15.0	157.0	252.0	252	210.0	176.0	168.0	176	170.0	1.0	0.0	95.0		DRS too short	
YNL069C	XIV	-	1046	597	2595.0	4355.0	558.9	3205.0	0.0	10.0	10	15.0	158.0	380.0	380	156.0	1.0	1.0	10.0	222.0	both too short	both too long
YNL070W	XIV	+	183	183	2851.0	1484.0	552.1	450.0		52.0	52	53.0		362.0	362	137.0						
YNL071W	XIV	+	1449	1449	848.0	426.0	572.6	3433.0	41.0	133.0	133	31.0	82.0	154.0	154	155.0	1.0	1.0	92.0	72.0	both too long	both too short
YNL072W	XIV	+	924	924	36.0	33.0	556.9	58.0	125.0	80.0	125	21.0	77.0	89.0	89	83.0	0.0	1.0		12.0		DRS too short
YNL073W	XIV	+	1731	1731	23.0	36.0	744.3	54.0	2.0	41.0	41	17.0	79.0	110.0	110	93.0	1.0	1.0	39.0	31.0	DRS too short	DRS too short
YNL074C	XIV	-	1359	1359	124.0	100.0	697.2	134.0	55.0	45.0	55	46.0	113.0	309.0	309	157.0	0.0	1.0		196.0		DRS too short
YNL075W	XIV	+	873	873	195.0	203.0	650.7	70.0	106.0	90.0	106	0.0	82.0	281.0	281	73.0	0.0	1.0		199.0		both too long
YNL076W	XIV	+	1755	1755	124.0	32.0	389.9	9.0	246.0		246	272.0	63.0		63	79.0						
YNL077W	XIV	+	1587	1587	329.0	390.0	708.9	4.0	167.0		167	117.0	44.0		44	62.0						
YNL078W	XIV	+	1224	1224	63.0	97.0	670.1	25.0	21.0	267.0	267	9.0	83.0	261.0	261	90.0	1.0	1.0	246.0	178.0	both too long	DRS too short
YNL079C	XIV	-	600	600	698.0	1096.0	573.1	1159.0	50.0	52.0	52	40.0	170.0	475.0	475	180.0	1.0	1.0	2.0	305.0	both too long	DRS too short
YNL080C	XIV	-	1101	1101	549.0	75.0	452.9	6.0	189.0	199.0	199	172.0	106.0	125.0	125	98.0	1.0	1.0	10.0	19.0	both too long	both too long
YNL081C	XIV	-	432	432	127.0	284.0	515.5	84.0	48.0	254.0	254	34.0	178.0	171.0	178	177.0	1.0	0.0	206.0		both too long	
YNL082W	XIV	+	2622	2622	181.0	49.0	552.6	14.0	34.0	54.0	54	45.0	85.0	90.0	90	83.0	1.0	1.0	20.0	5.0	DRS too short	both too long
YNL083W	XIV	+	1485	1485	58.0	104.0	740.1	59.0	20.0	29.0	29	30.0	253.0	338.0	338	338.0	1.0	1.0	9.0	85.0	both too short	both too short
YNL084C	XIV	-	1050	1050	516.0	467.0	755.2	253.0	52.0	53.0	53	54.0	79.0	248.0	248	77.0	1.0	1.0	1.0	169.0	both too short	both too long
YNL085W	XIV	+	2493	2493	429.0	464.0	840.8	9.0	254.0	280.0	280	266.0	289.0	294.0	294	295.0	1.0	1.0	26.0	5.0	DRS too short	both too short
YNL086W	XIV	+	309	309	140.0	45.0	462.3	64.0		96.0	96	87.0		477.0	477	88.0						
YNL087W	XIV	+	3537	3537	332.0	465.0	845.8	8.0	199.0	1235.0	1235	67.0	180.0	204.0	204	205.0	1.0	1.0	1036.0	24.0	both too long	both too short
YNL088W	XIV	+	4287	4287	158.0	91.0	841.5	0.0	69.0		69		159.0		159							
YNL089C	XIV	-	477	477	96.0	81.0	605.3	0.0	336.0		336	191.0	274.0		274	110.0						
YNL090W	XIV	+	579	579	102.0	130.0	620.0	42.0	160.0	172.0	172	144.0	166.0	428.0	428	358.0	1.0	1.0	12.0	262.0	both too long	DRS too short
YNL091W	XIV	+	3723	3723	87.0	107.0	971.0	4.0	120.0	140.0	140	141.0	85.0	71.0	85	72.0	1.0	0.0	20.0		both too short	
YNL092W	XIV	+	1203	1203	22.0	25.0	537.7	4.0	53.0	83.0	83	65.0	87.0	96.0	96	80.0	1.0	1.0	30.0	9.0	DRS too short	both too long
YNL093W	XIV	+	663	663	32.0	12.0	493.3	6.0	244.0		244	260.0	273.0		273	275.0						
YNL094W	XIV	+	1764	1764	68.0	90.0	958.8	28.0	264.0	265.0	265	275.0	58.0	202.0	202	51.0	1.0	1.0	1.0	144.0	both too short	both too long
YNL095C	XIV	-	1929	1929	34.0	43.0	674.6	36.0	219.0	192.0	219	166.0	115.0	293.0	293	245.0	0.0	1.0		178.0		DRS too short
YNL096C	XIV	-	918	573	3062.0	3187.0	550.5	1069.0	0.0	98.0	98	44.0	196.0	214.0	214	216.0	1.0	1.0	98.0	18.0	DRS too short	both too short
YNL097C	XIV	-	993	993	166.0	53.0	239.0	22.0	120.0	138.0	138	108.0	122.0	130.0	130	120.0	1.0	1.0	18.0	8.0	both too long	both too long
YNL097C-B	XIV	-	123	123	13.0		382.3	0.0			0				0							
YNL097W-A	XIV	+	156	156	18.0		437.2	3.0		74.0	74	129.0		268.0	268	21.0						
YNL098C	XIV	-	969	969	137.0	211.0	673.8	33.0	8.0	312.0	312	15.0	121.0	116.0	121	53.0	1.0	0.0	304.0		DRS too short	
YNL099C	XIV	-	717	717	278.0	142.0	598.3	123.0	53.0	23.0	53	33.0	247.0	347.0	347	262.0	0.0	1.0		100.0		DRS too short
YNL100W	XIV	+	705	705	261.0	253.0	578.7	96.0	69.0	103.0	103	42.0	118.0	115.0	118	116.0	1.0	0.0	34.0		both too long	
YNL101W	XIV	+	2142	2142	160.0	193.0	729.4	24.0	187.0	212.0	212	187.0	189.0	282.0	282	190.0	1.0	1.0	25.0	93.0	both too long	DRS too short
YNL102W	XIV	+	4407	4407	123.0	123.0	690.7	1.0	0.0		0	102.0	79.0		79	107.0						
YNL103W	XIV	+	2019	2019	75.0	98.0	758.2	19.0	183.0	194.0	194	156.0	76.0	76.0	76	83.0	1.0	0.0	11.0		both too long	
YNL103W-A	XIV	+	90	90	27.0	44.0	368.3	2.0		648.0	648	649.0		301.0	301	302.0						
YNL104C	XIV	-	1860	1860	550.0	926.0	1072.0	176.0	136.0	186.0	186	110.0	129.0	147.0	147	142.0	1.0	1.0	50.0	18.0	both too long	DRS too short
YNL105W	XIV	+	429	429	218.0		479.0	0.0			0				0							
YNL106C	XIV	-	3552	3552	256.0	32.0	532.9	3.0	88.0		88	102.0	61.0		61	82.0						
YNL107W	XIV	+	681	681	77.0	142.0	639.0	20.0	37.0	232.0	232	3.0	169.0	173.0	173	162.0	1.0	1.0	195.0	4.0	both too long	both too long
YNL108C	XIV	-	813	813	89.0	82.0	674.1	107.0	36.0	68.0	68	38.0	157.0	160.0	160	154.0	1.0	1.0	32.0	3.0	DRS too short	both too long
YNL109W	XIV	+	546	546	64.0	96.0	602.5	2.0	115.0	94.0	115	95.0	338.0	375.0	375	376.0	0.0	1.0		37.0		both too short
YNL110C	XIV	-	663	663	655.0	749.0	636.8	883.0	64.0	48.0	64	38.0	114.0	473.0	473	120.0	0.0	1.0		359.0		DRS too short
YNL111C	XIV	-	363	363	657.0	578.0	482.6	149.0	219.0	245.0	245	31.0	248.0	305.0	305	241.0	1.0	1.0	26.0	57.0	both too long	both too long
YNL112W	XIV	+	2643	1641	748.0	547.0	712.5	556.0	38.0	40.0	40	41.0	141.0	511.0	511	133.0	1.0	1.0	2.0	370.0	both too short	both too long
YNL113W	XIV	+	429	429	145.0	210.0	495.9	136.0	47.0	3162.0	3162	48.0	172.0	178.0	178	179.0	1.0	1.0	3115.0	6.0	DRS too short	both too short
YNL114C	XIV	-	372	372	151.0	267.0	493.5	2.0	353.0	206.0	353	235.0	18.0	407.0	407	408.0	0.0	1.0		389.0		both too short
YNL115C	XIV	-	1935	1935	72.0	56.0	586.0	71.0	35.0	43.0	43	21.0	141.0	603.0	603	153.0	1.0	1.0	8.0	462.0	both too long	DRS too short
YNL116W	XIV	+	1569	1569	83.0	35.0	643.1	341.0	49.0	60.0	60	61.0	160.0	162.0	162	159.0	1.0	1.0	11.0	2.0	both too short	both too long
YNL117W	XIV	+	1665	1665	17.0	28.0	527.6	3.0	56.0		56	6.0	85.0		85	82.0						
YNL118C	XIV	-	2913	2913	187.0	219.0	865.3	23.0	48.0	52.0	52	52.0	133.0	166.0	166	113.0	1.0	1.0	4.0	33.0	both too short	both too long
YNL119W	XIV	+	1482	1482	132.0	108.0	734.1	174.0	22.0	79.0	79	8.0	92.0	131.0	131	132.0	1.0	1.0	57.0	39.0	both too long	both too short
YNL120C	XIV	-	486	486	9.0		1195.6	0.0			0				0							
YNL121C	XIV	-	1854	1854	444.0	514.0	738.0	300.0	37.0	47.0	47	48.0	164.0	242.0	242	236.0	1.0	1.0	10.0	78.0	both too short	DRS too short
YNL122C	XIV	-	348	348	349.0	334.0	478.4	1.0	37.0		37	59.0	150.0		150	212.0						
YNL123W	XIV	+	2994	2994	311.0	215.0	659.2	25.0	31.0	22.0	31	33.0	82.0	114.0	114	64.0	0.0	1.0		32.0		both too long
YNL124W	XIV	+	1479	1479	109.0	148.0	730.1	18.0	214.0	3.0	214	28.0	90.0	309.0	309	88.0	0.0	1.0		219.0		both too long
YNL125C	XIV	-	2022	2022	176.0	239.0	816.5	16.0	185.0	197.0	197	176.0	99.0	116.0	116	97.0	1.0	1.0	12.0	17.0	both too long	both too long
YNL126W	XIV	+	2541	2541	156.0	58.0	504.5	8.0	226.0		226	55.0	106.0		106	76.0						
YNL127W	XIV	+	2862	2862	83.0	113.0	837.7	2.0	86.0	97.0	97	53.0	156.0	158.0	158	154.0	1.0	1.0	11.0	2.0	both too long	both too long
YNL128W	XIV	+	1305	1305	67.0	13.0	668.0	1.0			0	48.0			0	141.0						
YNL129W	XIV	+	723	723	73.0	201.0	653.4	42.0	227.0	136.0	227	5.0	124.0	319.0	319	123.0	0.0	1.0		195.0		both too long
YNL130C	XIV	-	1274	1182	475.0	308.0	692.3	150.0	54.0	380.0	380	42.0	94.0	94.0	94	112.0	1.0	0.0	326.0		both too long	
YNL130C-A	XIV	-	147	147	76.0		764.5	2.0			0	464.0			0	19.0						
YNL131W	XIV	+	459	459	495.0	560.0	533.5	2118.0	39.0	79.0	79	47.0	321.0	327.0	327	325.0	1.0	1.0	40.0	6.0	DRS too short	DRS too short
YNL132W	XIV	+	3171	3171	342.0	442.0	827.7	277.0	59.0	90.0	90	91.0	95.0	134.0	134	87.0	1.0	1.0	31.0	39.0	both too short	both too long
YNL133C	XIV	-	522	522	66.0	77.0	489.5	23.0	26.0	41.0	41	20.0	103.0	119.0	119	114.0	1.0	1.0	15.0	16.0	both too long	DRS too short
YNL134C	XIV	-	1131	1131	1896.0	719.0	607.9	307.0	561.0	350.0	561	45.0	54.0	52.0	54	51.0	0.0	0.0				
YNL135C	XIV	-	345	345	1634.0	4354.0	497.5	1276.0	21.0	3.0	21	31.0	128.0	1046.0	1046	193.0	0.0	1.0		918.0		DRS too short
YNL136W	XIV	+	1278	1278	1609.0	46.0	494.7	11.0	8.0	56.0	56	9.0	115.0	183.0	183	105.0	1.0	1.0	48.0	68.0	DRS too short	both too long
YNL137C	XIV	-	1461	1461	229.0	126.0	617.6	41.0	94.0	105.0	105	94.0	115.0	274.0	274	219.0	1.0	1.0	11.0	159.0	both too long	DRS too short
YNL138W	XIV	+	1581	1581	353.0	422.0	811.8	1382.0	20.0	30.0	30	26.0	122.0	197.0	197	145.0	1.0	1.0	10.0	75.0	DRS too short	DRS too short
YNL138W-A	XIV	+	380	258	38.0	109.0	406.2	7.0		82.0	82	83.0		242.0	242	75.0						
YNL139C	XIV	-	4794	4794	206.0	49.0	494.6	0.0	92.0		92		195.0		195							
YNL140C	XIV	-	570	570	127.0	158.0	404.2	29.0	938.0	1133.0	1133	386.0	129.0	498.0	498	211.0	1.0	1.0	195.0	369.0	both too long	DRS too short
YNL141W	XIV	+	1044	1044	316.0	387.0	774.8	51.0	58.0	84.0	84	25.0	116.0	117.0	117	115.0	1.0	1.0	26.0	1.0	both too long	both too long
YNL142W	XIV	+	1500	1500	223.0	255.0	886.2	2.0	282.0	334.0	334	335.0	73.0	88.0	88	89.0	1.0	1.0	52.0	15.0	both too short	both too short
YNL143C	XIV	-	393	393	326.0	282.0	428.7	0.0	269.0		269		406.0		406							
YNL144C	XIV	-	2223	2223	40.0	58.0	483.7	3.0	204.0		204	115.0	65.0		65	63.0						
YNL144W-A	XIV	+	84	84	13.0		503.7	0.0			0	211.0			0	472.0						
YNL145W	XIV	+	117	117	18.0		450.8	3.0	50.0	52.0	52	41.0	159.0	171.0	171	169.0	1.0	1.0	2.0	12.0	both too long	DRS too short
YNL146C-A	XIV	-	195	195	208.0	84.0	445.8	1.0	215.0		215	467.0	332.0		332	51.0						
YNL146W	XIV	+	303	303	206.0	24.0	441.5	18.0		151.0	151	70.0		309.0	309	310.0						
YNL147W	XIV	+	444	348	197.0	579.0	439.5	44.0	78.0	366.0	366	45.0	33.0	17.0	33	43.0	1.0	0.0	288.0		both too long	
YNL148C	XIV	-	765	765	350.0	159.0	454.0	251.0	39.0	801.0	801	11.0	167.0	155.0	167	166.0	1.0	0.0	762.0		both too long	
YNL149C	XIV	-	390	390	138.0	155.0	464.4	637.0	635.0	645.0	645	18.0	106.0	104.0	106	105.0	1.0	0.0	10.0		both too long	
YNL150W	XIV	+	408	408	160.0	284.0	457.6	0.0	36.0		36		109.0		109							
YNL151C	XIV	-	756	756	54.0	52.0	293.6	38.0	62.0	66.0	66	50.0	151.0	221.0	221	145.0	1.0	1.0	4.0	70.0	both too long	both too long
YNL152W	XIV	+	1230	1230	245.0	34.0	556.1	9.0	18.0	540.0	540	26.0	78.0	67.0	78	68.0	1.0	0.0	522.0		DRS too short	
YNL153C	XIV	-	390	390	156.0	541.0	548.4	154.0	27.0	586.0	586	37.0	185.0	230.0	230	221.0	1.0	1.0	559.0	45.0	DRS too short	DRS too short
YNL154C	XIV	-	1641	1641	444.0	182.0	673.5	12.0	204.0	221.0	221	214.0	179.0	263.0	263	146.0	1.0	1.0	17.0	84.0	DRS too short	both too long
YNL155W	XIV	+	825	825	346.0	413.0	734.6	14.0	139.0	103.0	139	104.0	95.0	209.0	209	125.0	0.0	1.0		114.0		DRS too short
YNL156C	XIV	-	900	900	430.0	295.0	672.4	206.0	201.0	217.0	217	171.0	67.0	177.0	177	123.0	1.0	1.0	16.0	110.0	both too long	DRS too short
YNL157W	XIV	+	507	507	285.0	469.0	555.0	62.0	555.0	732.0	732	24.0	60.0	79.0	79	81.0	1.0	1.0	177.0	19.0	both too long	both too short
YNL158W	XIV	+	597	597	206.0	157.0	522.4	53.0	47.0		47	36.0	665.0		665	731.0						
YNL159C	XIV	-	870	870	174.0	155.0	620.3	17.0	21.0	18.0	21	21.0	180.0	790.0	790	565.0	0.0	1.0		610.0		DRS too short
YNL160W	XIV	+	1065	1065	429.0	417.0	800.2	198.0	45.0	54.0	54	55.0	219.0	539.0	539	228.0	1.0	1.0	9.0	320.0	both too short	DRS too short
YNL161W	XIV	+	2271	2271	4467.0	232.0	433.6	100.0	152.0	139.0	152	140.0	373.0	465.0	465	89.0	0.0	1.0		92.0		both too long
YNL162W	XIV	+	833	321	4329.0	8492.0	425.8	395.0	0.0	26.0	26	30.0	90.0	140.0	140	90.0	1.0	1.0	26.0	50.0	both too short	both too long
YNL162W-A	XIV	+	219	219	25.0	66.0	538.8	113.0	63.0	16.0	63	17.0	378.0	474.0	474	375.0	0.0	1.0		96.0		both too long
YNL163C	XIV	-	3333	3333	129.0	143.0	770.6	43.0	88.0	105.0	105	65.0	128.0	129.0	129	119.0	1.0	1.0	17.0	1.0	both too long	both too long
YNL164C	XIV	-	1056	1056	123.0	112.0	552.3	25.0	156.0	169.0	169	165.0	87.0	342.0	342	67.0	1.0	1.0	13.0	255.0	DRS too short	both too long
YNL165W	XIV	+	1221	1221	82.0	52.0	691.2	105.0	65.0	125.0	125	77.0	147.0	221.0	221	151.0	1.0	1.0	60.0	74.0	DRS too short	DRS too short
YNL166C	XIV	-	1347	1347	91.0	98.0	631.3	29.0	15.0	73.0	73	10.0	92.0	96.0	96	95.0	1.0	1.0	58.0	4.0	both too long	DRS too short
YNL167C	XIV	-	1944	1944	132.0	154.0	779.7	25.0	296.0	382.0	382	344.0	197.0	224.0	224	217.0	1.0	1.0	86.0	27.0	DRS too short	DRS too short
YNL168C	XIV	-	780	780	192.0	219.0	648.8	570.0	116.0	391.0	391	34.0	159.0	155.0	159	156.0	1.0	0.0	275.0		both too long	
YNL169C	XIV	-	1503	1503	129.0	65.0	734.9	71.0	115.0	308.0	308	107.0	67.0	112.0	112	87.0	1.0	1.0	193.0	45.0	both too long	DRS too short
YNL170W	XIV	+	396	396	30.0	65.0	508.1	2.0	942.0		942	923.0	876.0		876	967.0						
YNL171C	XIV	-	369	369	45.0	28.0	560.5	0.0	204.0		204		980.0		980							
YNL172W	XIV	+	5247	5247	43.0	31.0	944.6	0.0	88.0		88		272.0		272							
YNL173C	XIV	-	1101	1101	58.0	111.0	635.6	62.0	60.0	47.0	60	40.0	98.0	222.0	222	95.0	0.0	1.0		124.0		both too long
YNL174W	XIV	+	573	573	163.0	171.0	732.4	0.0	793.0		793		10.0		10							
YNL175C	XIV	-	1212	1212	168.0	165.0	815.4	66.0	34.0	35.0	35	36.0	113.0	204.0	204	121.0	1.0	1.0	1.0	91.0	both too short	DRS too short
YNL176C	XIV	-	1911	1911	168.0	172.0	622.3	40.0	168.0	178.0	178	179.0	252.0	259.0	259	251.0	1.0	1.0	10.0	7.0	both too short	both too long
YNL177C	XIV	-	930	930	7868.0	106.0	615.9	356.0	39.0	52.0	52	49.0	164.0	321.0	321	168.0	1.0	1.0	13.0	157.0	DRS too short	DRS too short
YNL178W	XIV	+	723	723	10805.0	18504.0	675.1	219114.0	49.0	17.0	49	18.0	42.0	1261.0	1261	59.0	0.0	1.0		1219.0		DRS too short
YNL179C	XIV	-	438	438	26.0	10.0	729.9	1.0	544.0		544	1557.0	811.0		811	2980.0						
YNL180C	XIV	-	996	996	168.0	226.0	666.8	31.0	194.0	264.0	264	192.0	79.0	90.0	90	91.0	1.0	1.0	70.0	11.0	both too long	both too short
YNL181W	XIV	+	1224	1224	149.0	104.0	691.0	15.0	68.0	95.0	95	69.0	88.0	122.0	122	85.0	1.0	1.0	27.0	34.0	DRS too short	both too long
YNL182C	XIV	-	1668	1668	184.0	235.0	908.1	1024.0	52.0	508.0	508	60.0	88.0	84.0	88	85.0	1.0	0.0	456.0		DRS too short	
YNL183C	XIV	-	2373	2373	120.0	107.0	776.2	4.0	211.0	196.0	211	204.0	116.0	121.0	121	127.0	0.0	1.0		5.0		both too short
YNL184C	XIV	-	327	327	73.0	6.0	437.7	0.0	36.0		36		423.0		423							
YNL185C	XIV	-	477	477	101.0	105.0	451.9	44.0	87.0	102.0	102	97.0	128.0	283.0	283	127.0	1.0	1.0	15.0	155.0	DRS too short	both too long
YNL186W	XIV	+	2379	2379	140.0	161.0	834.4	25.0	177.0	215.0	215	153.0	117.0	276.0	276	107.0	1.0	1.0	38.0	159.0	both too long	both too long
YNL187W	XIV	+	1074	1074	21.0	12.0	553.7	14.0	454.0	208.0	454	166.0	143.0	378.0	378	384.0	0.0	1.0		235.0		both too short
YNL188W	XIV	+	1302	1302	224.0	41.0	477.6	8.0	101.0	136.0	136	98.0	24.0	16.0	24	22.0	1.0	0.0	35.0		both too long	
YNL189W	XIV	+	1629	1629	394.0	558.0	758.9	1089.0	190.0	193.0	193	192.0	123.0	268.0	268	121.0	1.0	1.0	3.0	145.0	DRS too short	both too long
YNL190W	XIV	+	615	615	615.0	646.0	742.9	439.0	271.0	241.0	271	240.0	553.0	776.0	776	619.0	0.0	1.0		223.0		DRS too short
YNL191W	XIV	+	1074	1074	252.0	57.0	443.5	12.0	81.0	92.0	92	62.0	81.0	120.0	120	76.0	1.0	1.0	11.0	39.0	both too long	both too long
YNL192W	XIV	+	3396	3396	656.0	830.0	1048.8	2.0	60.0		60	148.0	112.0		112	189.0						
YNL193W	XIV	+	1677	1677	51.0	61.0	620.9	210.0	13.0	52.0	52	24.0	58.0	117.0	117	53.0	1.0	1.0	39.0	59.0	DRS too short	both too long
YNL194C	XIV	-	906	906	17.0	17.0	528.6	1.0	308.0		308	90.0	215.0		215	1286.0						
YNL195C	XIV	-	786	786	20.0	39.0	413.4	1.0	754.0		754	38.0	96.0		96	99.0						
YNL196C	XIV	-	897	897	32.0	17.0	508.9	0.0	58.0		58		75.0		75							
YNL197C	XIV	-	1986	1986	68.0	125.0	872.4	8.0	112.0	363.0	363	360.0	693.0	691.0	693	692.0	1.0	0.0	251.0		DRS too short	
YNL198C	XIV	-	303	303	36.0		478.8	0.0			0				0							
YNL199C	XIV	-	1605	1605	79.0	94.0	639.5	12.0	117.0	127.0	127	128.0	173.0	176.0	176	177.0	1.0	1.0	10.0	3.0	both too short	both too short
YNL200C	XIV	-	741	741	105.0	85.0	623.4	21.0	137.0	136.0	137	100.0	79.0	136.0	136	76.0	0.0	1.0		57.0		both too long
YNL201C	XIV	-	2577	2577	90.0	120.0	967.6	5.0	252.0		252	271.0	200.0		200	129.0						
YNL202W	XIV	+	879	879	48.0	18.0	565.5	10.0	527.0	42.0	527	20.0	36.0	244.0	244	126.0	0.0	1.0		208.0		DRS too short
YNL203C	XIV	-	612	612	25.0	9.0	504.0	2.0	517.0		517	246.0	443.0		443	1231.0						
YNL204C	XIV	-	903	903	6.0	7.0	565.2	2.0			0	1019.0			0	167.0						
YNL205C	XIV	-	423	423	5.0		772.6	2.0			0	208.0			0	1440.0						
YNL206C	XIV	-	1368	1368	61.0	47.0	704.8	97.0	31.0	36.0	36	7.0	78.0	241.0	241	73.0	1.0	1.0	5.0	163.0	both too long	both too long
YNL207W	XIV	+	1278	1278	373.0	80.0	564.3	98.0	131.0	117.0	131	125.0	54.0	671.0	671	50.0	0.0	1.0		617.0		both too long
YNL208W	XIV	+	600	600	938.0	651.0	428.0	4157.0	56.0	144.0	144	19.0	98.0	110.0	110	95.0	1.0	1.0	88.0	12.0	both too long	both too long
YNL209W	XIV	+	1842	1842	2181.0	2780.0	1117.2	6903.0	34.0	63.0	63	23.0	122.0	142.0	142	119.0	1.0	1.0	29.0	20.0	both too long	both too long
YNL210W	XIV	+	813	813	26.0	15.0	537.5	1.0	745.0		745	970.0	11.0		11	2655.0						
YNL211C	XIV	-	261	261	124.0	156.0	471.7	43.0		1417.0	1417	51.0		156.0	156	178.0						
YNL212W	XIV	+	2349	2349	172.0	150.0	862.2	164.0	48.0	82.0	82	60.0	148.0	159.0	159	147.0	1.0	1.0	34.0	11.0	DRS too short	both too long
YNL213C	XIV	-	645	645	94.0	107.0	572.1	15.0	90.0	87.0	90	88.0	91.0	184.0	184	124.0	0.0	1.0		93.0		DRS too short
YNL214W	XIV	+	600	600	117.0	105.0	522.8	282.0	234.0	232.0	234	21.0	252.0	258.0	258	254.0	0.0	1.0		6.0		DRS too short
YNL215W	XIV	+	963	963	50.0	35.0	573.8	68.0	82.0	91.0	91	33.0	44.0	379.0	379	48.0	1.0	1.0	9.0	335.0	both too long	DRS too short
YNL216W	XIV	+	2484	2484	225.0	52.0	528.9	11.0	40.0	119.0	119	83.0	138.0	135.0	138	136.0	1.0	0.0	79.0		DRS too short	
YNL217W	XIV	+	981	981	484.0	665.0	808.5	307.0	154.0	135.0	154	27.0	93.0	138.0	138	107.0	0.0	1.0		45.0		DRS too short
YNL218W	XIV	+	1764	1764	32.0	38.0	737.5	8.0	217.0	8.0	217	243.0	173.0	444.0	444	64.0	0.0	1.0		271.0		both too long
YNL219C	XIV	-	1668	1668	247.0	128.0	616.2	81.0	155.0	167.0	167	146.0	26.0	166.0	166	167.0	1.0	1.0	12.0	140.0	both too long	both too short
YNL220W	XIV	+	1302	1302	417.0	521.0	817.4	381.0	83.0	105.0	105	91.0	97.0	210.0	210	107.0	1.0	1.0	22.0	113.0	DRS too short	DRS too short
YNL221C	XIV	-	2628	2628	225.0	104.0	570.1	13.0	74.0	57.0	74	62.0	161.0	138.0	161	142.0	0.0	0.0				
YNL222W	XIV	+	621	621	302.0	153.0	563.0	59.0	42.0	36.0	42	37.0	176.0	229.0	229	176.0	0.0	1.0		53.0		both too long
YNL223W	XIV	+	1485	1485	59.0	55.0	703.0	437.0	19.0	6.0	19	4.0	69.0	91.0	91	68.0	0.0	1.0		22.0		both too long
YNL224C	XIV	-	2304	2304	71.0	113.0	765.9	17.0	76.0	235.0	235	89.0	139.0	174.0	174	137.0	1.0	1.0	159.0	35.0	DRS too short	both too long
YNL225C	XIV	-	1746	1746	93.0	97.0	686.8	3.0	36.0	49.0	49	47.0	73.0	108.0	108	107.0	1.0	1.0	13.0	35.0	DRS too short	DRS too short
YNL226W	XIV	+	411	411	33.0		605.0	1.0		144.0	144	145.0		38.0	38	39.0						
YNL227C	XIV	-	1773	1773	30.0	8.0	565.8	117.0	45.0	87.0	87	52.0	74.0	69.0	74	72.0	1.0	0.0	42.0		DRS too short	
YNL228W	XIV	+	777	777	7.0	18.0	511.0	2.0	73.0		73	608.0	977.0		977	185.0						
YNL229C	XIV	-	1065	1065	137.0	173.0	717.5	1.0	204.0		204	217.0	154.0		154	10.0						
YNL230C	XIV	-	1140	1140	78.0	32.0	447.5	3.0	67.0	62.0	67	63.0	384.0	378.0	384	379.0	0.0	0.0				
YNL231C	XIV	-	1056	1056	387.0	496.0	746.4	94.0	153.0	196.0	196	148.0	77.0	76.0	77	77.0	1.0	0.0	43.0		both too long	
YNL232W	XIV	+	879	879	289.0	147.0	612.8	22.0	73.0	86.0	86	62.0	63.0	174.0	174	69.0	1.0	1.0	13.0	111.0	both too long	DRS too short
YNL233W	XIV	+	2679	2679	38.0	59.0	743.4	27.0	225.0	184.0	225	185.0	87.0	81.0	87	85.0	0.0	0.0				
YNL234W	XIV	+	1281	1281	75.0	56.0	679.7	6.0	48.0	32.0	48	33.0	77.0	130.0	130	131.0	0.0	1.0		53.0		both too short
YNL235C	XIV	-	432	432	33.0	30.0	620.4	0.0	0.0		0		141.0		141							
YNL236W	XIV	+	2925	2925	51.0	83.0	655.8	63.0	33.0	46.0	46	47.0	93.0	90.0	93	91.0	1.0	0.0	13.0		both too short	
YNL237W	XIV	+	1380	1380	66.0	35.0	496.3	16.0	290.0	54.0	290	47.0	173.0	190.0	190	184.0	0.0	1.0		17.0		DRS too short
YNL238W	XIV	+	2445	2445	146.0	135.0	697.1	12.0	255.0	313.0	313	282.0	120.0	120.0	120	132.0	1.0	0.0	58.0		DRS too short	
YNL239W	XIV	+	1365	1365	196.0	237.0	977.4	105.0	135.0	378.0	378	51.0	104.0	103.0	104	130.0	1.0	0.0	243.0		both too long	
YNL240C	XIV	-	1476	1476	61.0	82.0	680.8	2.0	37.0	47.0	47	21.0	113.0	105.0	113	110.0	1.0	0.0	10.0		both too long	
YNL241C	XIV	-	1518	1518	259.0	341.0	1003.2	148.0	173.0	187.0	187	59.0	207.0	244.0	244	198.0	1.0	1.0	14.0	37.0	both too long	both too long
YNL242W	XIV	+	4779	4779	191.0	45.0	494.6	1.0	136.0		136	94.0	54.0		54	52.0						
YNL243W	XIV	+	2907	2907	296.0	175.0	666.1	8.0	56.0	66.0	66	53.0	75.0	77.0	77	86.0	1.0	1.0	10.0	2.0	both too long	both too short
YNL244C	XIV	-	327	327	1490.0	3249.0	470.7	388.0	21.0	97.0	97	33.0	115.0	148.0	148	134.0	1.0	1.0	76.0	33.0	DRS too short	DRS too short
YNL245C	XIV	-	540	540	1500.0	57.0	474.9	94.0	217.0	19.0	217	19.0	397.0	1065.0	1065	619.0	0.0	1.0		668.0		DRS too short
YNL246W	XIV	+	890	795	326.0	80.0	375.1	429.0	181.0		181	7.0	137.0	778.0	778	278.0		1.0		641.0		DRS too short
YNL247W	XIV	+	2304	2304	205.0	294.0	745.8	13.0	17.0	32.0	32	4.0	131.0	170.0	170	98.0	1.0	1.0	15.0	39.0	both too long	both too long
YNL248C	XIV	-	1248	1248	429.0	599.0	953.6	239.0	55.0	56.0	56	38.0	207.0	288.0	288	201.0	1.0	1.0	1.0	81.0	both too long	both too long
YNL249C	XIV	-	1629	1629	264.0	108.0	606.7	22.0	153.0	21.0	153	22.0	541.0	552.0	552	547.0	0.0	1.0		11.0		DRS too short
YNL250W	XIV	+	3939	3939	72.0	58.0	703.7	1.0	490.0		490	35.0	152.0		152	180.0						
YNL251C	XIV	-	1728	1728	142.0	167.0	615.8	49.0	260.0	271.0	271	272.0	83.0	165.0	165	75.0	1.0	1.0	11.0	82.0	both too short	both too long
YNL252C	XIV	-	846	846	107.0	131.0	536.4	115.0	21.0	19.0	21	20.0	127.0	164.0	164	129.0	0.0	1.0		37.0		DRS too short
YNL253W	XIV	+	1269	1269	167.0	105.0	781.5	23.0	24.0	29.0	29	32.0	158.0	171.0	171	156.0	1.0	1.0	5.0	13.0	both too short	both too long
YNL254C	XIV	-	1206	1206	1125.0	339.0	638.9	17.0	132.0	47.0	132	48.0	874.0	226.0	874	995.0	0.0	0.0				
YNL255C	XIV	-	462	462	1297.0	3455.0	632.8	253.0	45.0	1451.0	1451	27.0	252.0	237.0	252	281.0	1.0	0.0	1406.0		both too long	
YNL256W	XIV	+	2475	2475	1577.0	196.0	677.0	40.0	73.0	84.0	84	52.0	68.0	65.0	68	60.0	1.0	0.0	11.0		both too long	
YNL257C	XIV	-	3690	3690	58.0	65.0	811.6	1.0	45.0		45	101.0	50.0		50	90.0						
YNL258C	XIV	-	2265	2265	274.0	95.0	595.9	9.0	36.0	26.0	36	8.0	99.0	107.0	107	85.0	0.0	1.0		8.0		both too long
YNL259C	XIV	-	222	222	193.0	504.0	410.3	190.0		1223.0	1223	29.0		86.0	86	90.0						
YNL260C	XIV	-	489	489	262.0	59.0	437.0	9.0	68.0		68	40.0	345.0		345	356.0						
YNL261W	XIV	+	1440	1440	161.0	216.0	763.9	9.0	160.0	45.0	160	71.0	119.0	663.0	663	102.0	0.0	1.0		544.0		both too long
YNL262W	XIV	+	6669	6669	56.0	62.0	816.1	0.0	2.0		2		171.0		171							
YNL263C	XIV	-	945	945	138.0	183.0	806.3	65.0	130.0	142.0	142	143.0	103.0	225.0	225	100.0	1.0	1.0	12.0	122.0	both too short	both too long
YNL264C	XIV	-	1053	1053	134.0	144.0	628.6	31.0	18.0	28.0	28	4.0	143.0	351.0	351	142.0	1.0	1.0	10.0	208.0	both too long	both too long
YNL265C	XIV	-	1002	897	115.0	55.0	544.5	42.0	0.0	23.0	23	21.0	149.0	282.0	282	150.0	1.0	1.0	23.0	133.0	DRS too short	DRS too short
YNL266W	XIV	+	420	420	74.0	78.0	572.2	0.0	596.0		596		433.0		433							
YNL267W	XIV	+	3201	3201	261.0	74.0	502.2	3.0	74.0	78.0	78	79.0	136.0	130.0	136	131.0	1.0	0.0	4.0		both too short	
YNL268W	XIV	+	1836	1836	363.0	552.0	801.1	137.0	54.0	54.0	54	55.0	129.0	277.0	277	133.0	0.0	1.0		148.0		DRS too short
YNL269W	XIV	+	396	396				3.0			0	608.0			0	533.0						
YNL270C	XIV	-	1722	1722	5.0		292.8	7.0			0	186.0			0	94.0						
YNL271C	XIV	-	5862	5862	95.0	143.0	764.8	0.0	274.0		274		161.0		161							
YNL272C	XIV	-	2280	2280	138.0	107.0	505.3	13.0	86.0	95.0	95	96.0	114.0	117.0	117	112.0	1.0	1.0	9.0	3.0	both too short	both too long
YNL273W	XIV	+	3717	3717	56.0	38.0	578.6	3.0	351.0		351	49.0	53.0		53	54.0						
YNL274C	XIV	-	1053	1053	108.0	119.0	743.4	75.0	67.0	66.0	67	67.0	107.0	164.0	164	106.0	0.0	1.0		57.0		both too long
YNL275W	XIV	+	1731	1731	110.0	73.0	502.6	247.0	187.0	253.0	253	17.0	92.0	88.0	92	89.0	1.0	0.0	66.0		both too long	
YNL276C	XIV	-	396	396	34.0	62.0	570.9	9.0	105.0	71.0	105	11.0	503.0	1367.0	1367	1368.0	0.0	1.0		864.0		both too short
YNL277W	XIV	+	1461	1461	48.0	39.0	695.7	16.0	289.0	94.0	289	110.0	102.0	119.0	119	120.0	0.0	1.0		17.0		both too short
YNL277W-A	XIV	+	189	189	14.0	7.0	521.1	5.0		1.0	1	2.0		317.0	317	318.0						
YNL278W	XIV	+	3183	3183	26.0	31.0	738.4	6.0	185.0	115.0	185	116.0	198.0	198.0	198	196.0	0.0	0.0				
YNL279W	XIV	+	1986	1986	24.0	21.0	509.8	0.0	157.0		157	0.0	236.0		236	260.0						
YNL280C	XIV	-	1317	1317	670.0	186.0	647.3	560.0	128.0	217.0	217	73.0	110.0	104.0	110	105.0	1.0	0.0	89.0		both too long	
YNL281W	XIV	+	462	462	439.0	701.0	568.7	69.0	791.0	771.0	791	429.0	165.0	159.0	165	158.0	0.0	0.0				
YNL282W	XIV	+	588	588	429.0	651.0	557.4	12.0	385.0	38.0	385	15.0	819.0	66.0	819	814.0	0.0	0.0				
YNL283C	XIV	-	1512	1512	101.0	96.0	807.6	139.0	428.0	1440.0	1440	366.0	55.0	117.0	117	118.0	1.0	1.0	1012.0	62.0	both too long	both too short
YNL284C	XIV	-	969	969	228.0	226.0	715.1	0.0	185.0		185		77.0		77							
YNL285W	XIV	+	372	372	151.0		475.4	0.0			0				0							
YNL286W	XIV	+	858	858	279.0	126.0	450.9	6.0	510.0	156.0	510	95.0	82.0	87.0	87	81.0	0.0	1.0		5.0		both too long
YNL287W	XIV	+	2808	2808	445.0	538.0	1141.8	35.0	184.0	200.0	200	189.0	236.0	231.0	236	232.0	1.0	0.0	16.0		DRS too short	
YNL288W	XIV	+	1122	1122	87.0	99.0	831.3	19.0	129.0	144.0	144	125.0	76.0	172.0	172	152.0	1.0	1.0	15.0	96.0	both too long	DRS too short
YNL289W	XIV	+	840	840	217.0	141.0	392.5	131.0	74.0	82.0	82	37.0	124.0	135.0	135	122.0	1.0	1.0	8.0	11.0	both too long	both too long
YNL290W	XIV	+	1023	1023	80.0	98.0	773.8	51.0	7.0	3.0	7	8.0	85.0	244.0	244	75.0	0.0	1.0		159.0		both too long
YNL291C	XIV	-	1647	1647	113.0	106.0	651.9	108.0	209.0	233.0	233	198.0	46.0	157.0	157	120.0	1.0	1.0	24.0	111.0	both too long	DRS too short
YNL292W	XIV	+	1212	1212	127.0	102.0	539.7	178.0	5.0	59.0	59	9.0	131.0	284.0	284	111.0	1.0	1.0	54.0	153.0	DRS too short	both too long
YNL293W	XIV	+	1902	1902	69.0	96.0	712.2	7.0	52.0	63.0	63	41.0	90.0	95.0	95	101.0	1.0	1.0	11.0	5.0	both too long	both too short
YNL294C	XIV	-	1602	1602	123.0	186.0	615.0	151.0	182.0	188.0	188	179.0	101.0	717.0	717	155.0	1.0	1.0	6.0	616.0	both too long	DRS too short
YNL295W	XIV	+	1575	1575	112.0	52.0	606.6	64.0	145.0	148.0	148	137.0	143.0	136.0	143	137.0	1.0	0.0	3.0		both too long	
YNL296W	XIV	+	315	315				0.0			0				0							
YNL297C	XIV	-	4911	4911	139.0	186.0	803.8	0.0	33.0		33		80.0		80							
YNL298W	XIV	+	2529	2529	136.0	87.0	667.0	2.0	177.0	188.0	188	189.0	111.0	105.0	111	106.0	1.0	0.0	11.0		both too short	
YNL299W	XIV	+	1929	1929	125.0	139.0	551.7	147.0	854.0	100.0	854	84.0	70.0	67.0	70	59.0	0.0	0.0				
YNL300W	XIV	+	309	309	154.0	143.0	546.9	775.0	90.0	712.0	712	92.0	257.0	238.0	257	256.0	1.0	0.0	622.0		DRS too short	
YNL301C	XIV	-	993	561	522.0	685.0	623.5	7029.0	8.0	273.0	273	24.0	162.0	164.0	164	160.0	1.0	1.0	265.0	2.0	DRS too short	both too long
YNL302C	XIV	-	986	435	1655.0	3137.0	478.5	4775.0	0.0	203.0	203	21.0	129.0	210.0	210	129.0	1.0	1.0	203.0	81.0	DRS too short	both too long
YNL303W	XIV	+	348	348	1373.0	1178.0	499.4	0.0	885.0		885		519.0		519							
YNL304W	XIV	+	1254	1254	1475.0	21.0	505.7	11.0	39.0	34.0	39	50.0	122.0	198.0	198	127.0	0.0	1.0		76.0		DRS too short
YNL305C	XIV	-	894	894	150.0	134.0	632.3	107.0	28.0	211.0	211	31.0	92.0	82.0	92	88.0	1.0	0.0	183.0		DRS too short	
YNL306W	XIV	+	654	654	127.0	143.0	642.4	95.0	17.0	69.0	69	26.0	90.0	110.0	110	114.0	1.0	1.0	52.0	20.0	DRS too short	both too short
YNL307C	XIV	-	1128	1128	153.0	212.0	888.7	237.0	154.0	162.0	162	163.0	326.0	388.0	388	343.0	1.0	1.0	8.0	62.0	both too short	DRS too short
YNL308C	XIV	-	1776	1776	128.0	90.0	446.2	2179.0	26.0	34.0	34	37.0	80.0	159.0	159	140.0	1.0	1.0	8.0	79.0	both too short	DRS too short
YNL309W	XIV	+	1263	1263	82.0	40.0	439.5	81.0	61.0	64.0	64	65.0	130.0	233.0	233	127.0	1.0	1.0	3.0	103.0	both too short	both too long
YNL310C	XIV	-	525	525	19.0	51.0	541.9	103.0	28.0	52.0	52	49.0	98.0	195.0	195	89.0	1.0	1.0	24.0	97.0	DRS too short	both too long
YNL311C	XIV	-	2292	2292	175.0	120.0	742.5	59.0	4.0	22.0	22	14.0	61.0	58.0	61	59.0	1.0	0.0	18.0		DRS too short	
YNL312W	XIV	+	930	822	135.0	179.0	615.7	568.0	0.0	38.0	38	39.0	85.0	193.0	193	78.0	1.0	1.0	38.0	108.0	both too short	both too long
YNL313C	XIV	-	2715	2715	65.0	86.0	904.0	41.0	25.0	35.0	35	15.0	89.0	86.0	89	87.0	1.0	0.0	10.0		both too long	
YNL314W	XIV	+	768	768	46.0	23.0	498.1	4.0	33.0	55.0	55	3.0	98.0	102.0	102	97.0	1.0	1.0	22.0	4.0	both too long	both too long
YNL315C	XIV	-	957	957	109.0	166.0	651.9	12.0	10.0	29.0	29	10.0	70.0	106.0	106	109.0	1.0	1.0	19.0	36.0	both too long	both too short
YNL316C	XIV	-	1005	1005	122.0	80.0	491.6	124.0	58.0	55.0	58	56.0	55.0	87.0	87	50.0	0.0	1.0		32.0		both too long
YNL317W	XIV	+	1398	1398	60.0	45.0	739.1	77.0	10.0	29.0	29	11.0	73.0	209.0	209	103.0	1.0	1.0	19.0	136.0	DRS too short	DRS too short
YNL318C	XIV	-	1623	1623	30.0		634.2	0.0			0	393.0			0	107.0						
YNL319W	XIV	+	441	441	27.0		520.7	0.0			0				0							
YNL320W	XIV	+	855	855	56.0	96.0	555.2	57.0	120.0	153.0	153	57.0	126.0	136.0	136	125.0	1.0	1.0	33.0	10.0	both too long	both too long
YNL321W	XIV	+	2727	2727	42.0	56.0	752.2	8.0	15.0		15	35.0	39.0		39	130.0						
YNL322C	XIV	-	942	942	202.0	282.0	633.5	60.0	28.0	17.0	28	18.0	82.0	577.0	577	77.0	0.0	1.0		495.0		both too long
YNL323W	XIV	+	1245	1245	206.0	127.0	805.5	116.0	404.0	66.0	404	44.0	119.0	190.0	190	116.0	0.0	1.0		71.0		both too long
YNL324W	XIV	+	396	396	7.0		484.6	0.0			0				0							
YNL325C	XIV	-	2640	2640	53.0	74.0	825.2	8.0	15.0	26.0	26	25.0	53.0	57.0	57	49.0	1.0	1.0	11.0	4.0	DRS too short	both too long
YNL326C	XIV	-	1011	1011	172.0	65.0	509.0	7.0	40.0	52.0	52	46.0	127.0	171.0	171	113.0	1.0	1.0	12.0	44.0	DRS too short	both too long
YNL327W	XIV	+	3126	3126	226.0	307.0	935.5	47.0	16.0	36.0	36	31.0	122.0	117.0	122	118.0	1.0	0.0	20.0		DRS too short	
YNL328C	XIV	-	441	441	7.0	6.0	364.0	3.0		7.0	7	71.0		2036.0	2036	308.0						
YNL329C	XIV	-	3093	3093	25.0	36.0	649.8	4.0	495.0		495	18.0	63.0		63	60.0						
YNL330C	XIV	-	1302	1302	96.0	104.0	725.3	23.0	34.0	38.0	38	55.0	89.0	332.0	332	120.0	1.0	1.0	4.0	243.0	both too short	DRS too short
YNL331C	XIV	-	1131	1131	66.0	63.0	526.8	4.0	569.0	503.0	569	184.0	219.0	219.0	219	214.0	0.0	0.0				
YNL332W	XIV	+	1023	1023	36.0		450.8	0.0			0				0							
YNL333W	XIV	+	897	897	26.0	33.0	652.5	0.0	178.0		178		140.0		140							
YNL334C	XIV	-	669	669	14.0	8.0	567.8	0.0	85.0		85		50.0		50							
YNL335W	XIV	+	678	678	45.0	43.0	577.7	0.0	851.0		851		607.0		607							
YNL336W	XIV	+	1146	1146	241.0	274.0	753.3	0.0	5.0		5		73.0		73							
YNL337W	XIV	+	255	255				0.0			0				0							
YNL338W	XIV	+	159	159				0.0			0				0							
YNL339C	XIV	-	5728	5580	20.0	53.0	557.3	0.0	190.0		190		699.0		699							
YNL339W-A	XIV	+	576	576				0.0			0				0							
YNL339W-B	XIV	+	483	483	22.0		458.9	0.0	122.0		122		622.0		622							
YNR001C	XIV	-	1440	1440	467.0	498.0	806.7	1919.0	154.0	206.0	206	100.0	125.0	205.0	205	120.0	1.0	1.0	52.0	80.0	both too long	both too long
YNR001W-A	XIV	+	219	219	20.0	5.0	284.2	2.0		56.0	56	57.0		324.0	324	325.0						
YNR002C	XIV	-	849	849	77.0	45.0	409.5	22.0	98.0	147.0	147	37.0	149.0	147.0	149	148.0	1.0	0.0	49.0		both too long	
YNR003C	XIV	-	954	954	120.0	163.0	657.7	114.0	27.0	51.0	51	29.0	96.0	471.0	471	100.0	1.0	1.0	24.0	375.0	DRS too short	DRS too short
YNR003W-A	XIV	+	99	99	87.0	45.0	674.2	0.0	532.0		532		157.0		157							
YNR004W	XIV	+	441	441	49.0	106.0	526.6	94.0		476.0	476	26.0		413.0	413	406.0						
YNR005C	XIV	-	405	405	21.0		684.5	0.0			0				0							
YNR006W	XIV	+	1869	1869	113.0	110.0	746.5	29.0	17.0	61.0	61	28.0	112.0	146.0	146	86.0	1.0	1.0	44.0	34.0	DRS too short	both too long
YNR007C	XIV	-	933	933	90.0	82.0	572.9	16.0	82.0	85.0	85	53.0	294.0	302.0	302	303.0	1.0	1.0	3.0	8.0	both too long	both too short
YNR008W	XIV	+	1986	1986	43.0	41.0	897.1	26.0	45.0	54.0	54	31.0	241.0	293.0	293	245.0	1.0	1.0	9.0	52.0	both too long	DRS too short
YNR009W	XIV	+	750	750	91.0	47.0	476.5	22.0	74.0	543.0	543	84.0	158.0	80.0	158	168.0	1.0	0.0	469.0		DRS too short	
YNR010W	XIV	+	450	450	73.0	160.0	441.1	13.0	43.0	85.0	85	42.0	84.0	116.0	116	117.0	1.0	1.0	42.0	32.0	both too long	both too short
YNR011C	XIV	-	2631	2631	83.0	36.0	451.1	52.0	8.0	17.0	17	10.0	159.0	188.0	188	157.0	1.0	1.0	9.0	29.0	DRS too short	both too long
YNR012W	XIV	+	1506	1506	162.0	159.0	670.5	151.0	81.0	127.0	127	92.0	79.0	78.0	79	79.0	1.0	0.0	46.0		DRS too short	
YNR013C	XIV	-	2685	2685	170.0	173.0	709.7	54.0	36.0	96.0	96	43.0	106.0	97.0	106	102.0	1.0	0.0	60.0		DRS too short	
YNR014W	XIV	+	639	639	27.0	39.0	496.6	16.0	43.0	81.0	81	51.0	158.0	168.0	168	169.0	1.0	1.0	38.0	10.0	DRS too short	both too short
YNR015W	XIV	+	1155	1155	561.0	58.0	469.8	13.0	12.0	33.0	33	11.0	107.0	111.0	111	100.0	1.0	1.0	21.0	4.0	both too long	both too long
YNR016C	XIV	-	6702	6702	807.0	1295.0	841.2	0.0	882.0		882		107.0		107							
YNR017W	XIV	+	669	669	166.0	183.0	762.8	194.0	144.0	599.0	599	212.0	144.0	246.0	246	138.0	1.0	1.0	455.0	102.0	DRS too short	both too long
YNR018W	XIV	+	675	675	196.0	223.0	632.1	422.0	59.0	392.0	392	50.0	130.0	125.0	130	126.0	1.0	0.0	333.0		both too long	
YNR019W	XIV	+	1929	1929	191.0	232.0	652.4	1.0	34.0		34	42.0	57.0		57	144.0						
YNR020C	XIV	-	813	813	125.0	30.0	481.7	0.0	0.0		0		68.0		68							
YNR021W	XIV	+	1215	1215	283.0	433.0	703.1	126.0	38.0	26.0	38	27.0	142.0	484.0	484	184.0	0.0	1.0		342.0		DRS too short
YNR022C	XIV	-	420	420	225.0	203.0	486.3	431.0	30.0	179.0	179	33.0	117.0	104.0	117	113.0	1.0	0.0	149.0		DRS too short	
YNR023W	XIV	+	1701	1701	162.0	60.0	528.7	9.0	55.0	24.0	55	40.0	100.0	122.0	122	123.0	0.0	1.0		22.0		both too short
YNR024W	XIV	+	561	561	51.0	26.0	505.9	305.0	24.0	44.0	44	16.0	73.0	194.0	194	127.0	1.0	1.0	20.0	121.0	both too long	DRS too short
YNR025C	XIV	-	360	360	43.0	46.0	388.2	0.0	913.0		913		297.0		297							
YNR026C	XIV	-	1416	1416	51.0	52.0	938.5	148.0	44.0	43.0	44	36.0	224.0	342.0	342	337.0	0.0	1.0		118.0		DRS too short
YNR027W	XIV	+	954	954	52.0	81.0	781.5	31.0	35.0	193.0	193	69.0	254.0	260.0	260	261.0	1.0	1.0	158.0	6.0	DRS too short	both too short
YNR028W	XIV	+	927	927	162.0	168.0	577.4	255.0	76.0	70.0	76	67.0	92.0	151.0	151	90.0	0.0	1.0		59.0		both too long
YNR029C	XIV	-	1290	1290	131.0	94.0	738.6	62.0	30.0	31.0	31	29.0	91.0	183.0	183	88.0	1.0	1.0	1.0	92.0	both too long	both too long
YNR030W	XIV	+	1656	1656	121.0	166.0	949.9	103.0	59.0	66.0	66	61.0	130.0	236.0	236	154.0	1.0	1.0	7.0	106.0	DRS too short	DRS too short
YNR031C	XIV	-	4740	4740	128.0	82.0	620.4	0.0	255.0		255		113.0		113							
YNR032C-A	XIV	-	222	222	135.0	355.0	406.2	252.0	39.0	31.0	39	4.0	11.0	692.0	692	102.0	0.0	1.0		681.0		DRS too short
YNR032W	XIV	+	1107	1107	174.0	77.0	510.2	14.0	115.0	143.0	143	105.0	40.0	136.0	136	102.0	1.0	1.0	28.0	96.0	both too long	DRS too short
YNR033W	XIV	+	2364	2364	168.0	64.0	536.3	370.0	339.0	267.0	339	6.0	66.0	68.0	68	65.0	0.0	1.0		2.0		both too long
YNR034W	XIV	+	966	966	81.0	60.0	704.3	32.0	102.0	126.0	126	112.0	255.0	267.0	267	248.0	1.0	1.0	24.0	12.0	DRS too short	both too long
YNR034W-A	XIV	+	297	297	321.0	488.0	479.4	206.0		184.0	184	72.0		109.0	109	103.0						
YNR035C	XIV	-	1029	1029	433.0	213.0	574.3	161.0	25.0	40.0	40	8.0	73.0	161.0	161	45.0	1.0	1.0	15.0	88.0	both too long	both too long
YNR036C	XIV	-	462	462	107.0	130.0	419.2	17.0	15.0	9.0	15	10.0	94.0	319.0	319	160.0	0.0	1.0		225.0		DRS too short
YNR037C	XIV	-	276	276	83.0	160.0	427.1	20.0	19.0	56.0	56	31.0	67.0	190.0	190	111.0	1.0	1.0	37.0	123.0	DRS too short	DRS too short
YNR038W	XIV	+	1890	1890	138.0	86.0	573.3	177.0	18.0	44.0	44	4.0	143.0	147.0	147	142.0	1.0	1.0	26.0	4.0	both too long	both too long
YNR039C	XIV	-	1818	1818	81.0	77.0	674.4	18.0	32.0		32	43.0	58.0		58	71.0						
YNR040W	XIV	+	771	771	27.0	28.0	585.9	66.0	9.0		9	0.0	58.0	157.0	157	65.0		1.0		99.0		DRS too short
YNR041C	XIV	-	1119	1119	55.0	45.0	643.5	58.0	53.0	89.0	89	28.0	43.0	57.0	57	42.0	1.0	1.0	36.0	14.0	both too long	both too long
YNR042W	XIV	+	429	429	49.0	58.0	805.4	1.0	756.0		756	371.0	11.0		11	86.0						
YNR043W	XIV	+	1191	1191	341.0	479.0	838.7	97.0	24.0	35.0	35	20.0	143.0	523.0	523	147.0	1.0	1.0	11.0	380.0	both too long	DRS too short
YNR044W	XIV	+	2178	2178	189.0	70.0	475.5	6.0	36.0	116.0	116	117.0	73.0	74.0	74	69.0	1.0	1.0	80.0	1.0	both too short	both too long
YNR045W	XIV	+	1470	1470	134.0	19.0	521.2	222.0	48.0	53.0	53	31.0	52.0	106.0	106	49.0	1.0	1.0	5.0	54.0	both too long	both too long
YNR046W	XIV	+	408	408	94.0	288.0	475.5	266.0	36.0	890.0	890	12.0	144.0	141.0	144	112.0	1.0	0.0	854.0		both too long	
YNR047W	XIV	+	2682	2682	152.0	86.0	597.7	26.0	55.0	64.0	64	65.0	132.0	258.0	258	259.0	1.0	1.0	9.0	126.0	both too short	both too short
YNR048W	XIV	+	1182	1182	82.0	61.0	666.7	5.0	48.0	54.0	54	55.0	144.0	236.0	236	188.0	1.0	1.0	6.0	92.0	both too short	DRS too short
YNR049C	XIV	-	633	633	290.0	243.0	472.1	65.0	234.0	985.0	985	18.0	92.0	98.0	98	90.0	1.0	1.0	751.0	6.0	both too long	both too long
YNR050C	XIV	-	1341	1341	536.0	518.0	801.8	104.0	39.0	546.0	546	39.0	100.0	111.0	111	123.0	1.0	1.0	507.0	11.0	both too long	both too short
YNR051C	XIV	-	1548	1548	623.0	336.0	399.5	21.0	708.0	740.0	740	741.0	445.0	454.0	454	437.0	1.0	1.0	32.0	9.0	both too short	both too long
YNR052C	XIV	-	1302	1302	292.0	217.0	624.8	68.0	77.0	131.0	131	94.0	53.0	78.0	78	51.0	1.0	1.0	54.0	25.0	DRS too short	both too long
YNR053C	XIV	-	1993	1461	225.0	239.0	783.7	58.0	32.0	53.0	53	27.0	57.0	229.0	229	190.0	1.0	1.0	21.0	172.0	both too long	DRS too short
YNR054C	XIV	-	951	951	46.0	41.0	762.4	544.0	28.0	26.0	28	35.0	52.0	263.0	263	44.0	0.0	1.0		211.0		both too long
YNR055C	XIV	-	1761	1761	242.0	204.0	670.3	186.0	445.0	457.0	457	457.0	88.0	215.0	215	78.0	1.0	1.0	12.0	127.0	both too short	both too long
YNR056C	XIV	-	1686	1686	29.0	20.0	521.6	3.0	76.0		76	112.0	143.0		143	160.0						
YNR057C	XIV	-	714	714	15.0	24.0	479.1	3.0	22.0	116.0	116	15.0	33.0	88.0	88	89.0	1.0	1.0	94.0	55.0	both too long	both too short
YNR058W	XIV	+	1443	1443	37.0	24.0	597.4	5.0	281.0		281	266.0	115.0		115	30.0						
YNR059W	XIV	+	1743	1743	66.0	56.0	695.2	17.0	93.0	106.0	106	107.0	90.0	95.0	95	91.0	1.0	1.0	13.0	5.0	both too short	DRS too short
YNR060W	XIV	+	2160	2160	92.0	22.0	553.1	2.0	16.0		16	30.0	65.0		65	60.0						
YNR061C	XIV	-	660	660	211.0	269.0	712.5	1151.0	80.0	91.0	91	86.0	311.0	392.0	392	314.0	1.0	1.0	11.0	81.0	DRS too short	DRS too short
YNR062C	XIV	-	984	984	34.0	42.0	835.7	0.0	943.0		943	273.0	247.0		247	234.0						
YNR063W	XIV	+	1824	1824	34.0	5.0	628.8	2.0			0	81.0			0	1001.0						
YNR064C	XIV	-	873	873	34.0	18.0	681.2	1.0	350.0	10.0	350	11.0	241.0	228.0	241	229.0	0.0	0.0				
YNR065C	XIV	-	3351	3351	81.0	99.0	874.8	0.0	297.0		297	470.0	69.0		69	84.0						
YNR066C	XIV	-	1311	1311	94.0	20.0	463.6	1.0			0	4.0			0	1658.0						
YNR067C	XIV	-	3354	3354	249.0	288.0	612.2	107.0	37.0	45.0	45	46.0	85.0	97.0	97	98.0	1.0	1.0	8.0	12.0	both too short	both too short
YNR068C	XIV	-	819	819	128.0	155.0	727.3	3.0	970.0	160.0	970	1863.0	246.0	259.0	259	239.0	0.0	1.0		13.0		both too long
YNR069C	XIV	-	1470	1470	153.0	42.0	614.5	3.0			0	158.0			0	935.0						
YNR070W	XIV	+	4002	4002	15.0	12.0	433.1	0.0	664.0		664		672.0		672							
YNR071C	XIV	-	1029	1029				2.0	393.0		393	388.0	113.0		113	130.0						
YNR072W	XIV	+	1695	1695				3.0	44.0		44	537.0	100.0		100	90.0						
YNR073C	XIV	-	1509	1509				12.0	330.0		330	0.0	128.0		128	132.0						
YNR074C	XIV	-	1137	1137	7.0		319.0	1.0	481.0	150.0	481	151.0	99.0	82.0	99	83.0	0.0	0.0				
YNR075C-A	XIV	-	93	93				0.0			0				0							
YNR075W	XIV	+	1125	1125	43.0	25.0	517.5	4.0			0	0.0			0	1376.0						
YNR076W	XIV	+	363	363		82.0		4.0		1340.0	1340	2002.0		135.0	135	136.0						
YNR077C	XIV	-	255	255				0.0			0				0							
YOL001W	XV	+	882	882	104.0	184.0	472.2	1.0	433.0	395.0	433	378.0	65.0	137.0	137	153.0	0.0	1.0		72.0		both too short
YOL002C	XV	-	954	954	488.0	567.0	851.1	135.0	201.0	285.0	285	7.0	68.0	64.0	68	74.0	1.0	0.0	84.0		both too long	
YOL003C	XV	-	1137	1137	219.0	77.0	482.9	12.0	384.0	20.0	384	24.0	124.0	179.0	179	110.0	0.0	1.0		55.0		both too long
YOL004W	XV	+	4611	4611	170.0	211.0	941.4	1.0	195.0		195	189.0	104.0		104	39.0						
YOL005C	XV	-	363	363	116.0	169.0	408.0	246.0	52.0	285.0	285	37.0	52.0	109.0	109	51.0	1.0	1.0	233.0	57.0	both too long	both too long
YOL006C	XV	-	2310	2310	152.0	121.0	541.3	8.0	128.0	162.0	162	27.0	132.0	158.0	158	159.0	1.0	1.0	34.0	26.0	both too long	both too short
YOL007C	XV	-	1026	1026	155.0	137.0	663.6	62.0	672.0	87.0	672	85.0	361.0	485.0	485	352.0	0.0	1.0		124.0		both too long
YOL008W	XV	+	624	624	80.0	116.0	498.8	90.0	29.0	38.0	38	16.0	160.0	202.0	202	153.0	1.0	1.0	9.0	42.0	both too long	both too long
YOL009C	XV	-	816	816	171.0	62.0	510.3	31.0	183.0	66.0	183	2.0	63.0	309.0	309	59.0	0.0	1.0		246.0		both too long
YOL010W	XV	+	1104	1104	166.0	221.0	627.0	21.0	44.0	54.0	54	55.0	104.0	209.0	209	102.0	1.0	1.0	10.0	105.0	both too short	both too long
YOL011W	XV	+	2061	2061	160.0	171.0	645.2	3.0	163.0	755.0	755	747.0	286.0	279.0	286	278.0	1.0	0.0	592.0		DRS too short	
YOL012C	XV	-	405	405	167.0	221.0	638.2	250.0	113.0	822.0	822	98.0	143.0	159.0	159	160.0	1.0	1.0	709.0	16.0	both too long	both too short
YOL013C	XV	-	1656	1656	163.0	164.0	564.7	32.0	146.0	150.0	150	167.0	59.0	114.0	114	54.0	1.0	1.0	4.0	55.0	both too short	both too long
YOL013W-A	XV	+	192	192	93.0	17.0	263.6	1.0			0	762.0			0	3354.0						
YOL013W-B	XV	+	291	291	217.0		381.3	1.0			0	405.0			0	3612.0						
YOL014W	XV	+	375	375	237.0	394.0	548.6	58.0	283.0	220.0	283	188.0	241.0	584.0	584	239.0	0.0	1.0		343.0		both too long
YOL015W	XV	+	1761	1761	28.0	29.0	625.3	4.0	648.0		648	667.0	72.0		72	138.0						
YOL016C	XV	-	1344	1344	722.0	1186.0	773.6	472.0	93.0	100.0	100	106.0	81.0	263.0	263	121.0	1.0	1.0	7.0	182.0	both too short	DRS too short
YOL017W	XV	+	2145	2145	493.0	30.0	497.8	8.0	51.0	86.0	86	35.0	111.0	113.0	113	120.0	1.0	1.0	35.0	2.0	both too long	both too short
YOL018C	XV	-	1194	1194	66.0	84.0	713.3	11.0	74.0	69.0	74	65.0	186.0	262.0	262	180.0	0.0	1.0		76.0		both too long
YOL019W	XV	+	1656	1656	89.0	69.0	685.1	187.0	131.0	154.0	154	142.0	210.0	220.0	220	221.0	1.0	1.0	23.0	10.0	DRS too short	both too short
YOL019W-A	XV	+	153	153	65.0		389.4	0.0			0				0							
YOL020W	XV	+	1779	1779	142.0	205.0	907.1	166.0	109.0	146.0	146	66.0	122.0	134.0	134	114.0	1.0	1.0	37.0	12.0	both too long	both too long
YOL021C	XV	-	3006	3006	225.0	218.0	692.6	45.0	32.0	46.0	46	53.0	112.0	118.0	118	98.0	1.0	1.0	14.0	6.0	both too short	both too long
YOL022C	XV	-	1227	1227	214.0	272.0	788.2	48.0	35.0	29.0	35	30.0	95.0	169.0	169	97.0	0.0	1.0		74.0		DRS too short
YOL023W	XV	+	2031	2031	113.0	40.0	516.7	87.0	22.0	181.0	181	8.0	174.0	179.0	179	171.0	1.0	1.0	159.0	5.0	both too long	both too long
YOL024W	XV	+	519	519	25.0		608.9	1.0		17.0	17	18.0		42.0	42	43.0						
YOL025W	XV	+	1983	1983	52.0	67.0	672.7	5.0	43.0	72.0	72	56.0	37.0	132.0	132	40.0	1.0	1.0	29.0	95.0	DRS too short	DRS too short
YOL026C	XV	-	342	342	59.0	98.0	388.7	379.0	25.0	23.0	25	11.0	85.0	300.0	300	91.0	0.0	1.0		215.0		DRS too short
YOL027C	XV	-	1722	1722	90.0	72.0	463.6	11.0	57.0	22.0	57	3.0	195.0	229.0	229	230.0	0.0	1.0		34.0		both too short
YOL028C	XV	-	738	738	63.0	29.0	627.8	33.0	444.0		444	217.0	914.0		914	827.0						
YOL029C	XV	-	606	606	135.0	59.0	567.2	41.0	956.0	601.0	956	817.0	98.0	108.0	108	7.0	0.0	1.0		10.0		both too long
YOL030W	XV	+	1455	1455	231.0	320.0	1014.3	445.0	50.0	273.0	273	48.0	151.0	155.0	155	149.0	1.0	1.0	223.0	4.0	both too long	both too long
YOL031C	XV	-	1266	1266	224.0	128.0	658.2	22.0	71.0	51.0	71	75.0	53.0	141.0	141	116.0	0.0	1.0		88.0		DRS too short
YOL032W	XV	+	741	741	188.0	266.0	537.3	43.0	85.0	121.0	121	96.0	55.0	84.0	84	48.0	1.0	1.0	36.0	29.0	DRS too short	both too long
YOL033W	XV	+	1611	1611	71.0	64.0	726.3	8.0	47.0	53.0	53	58.0	88.0	153.0	153	87.0	1.0	1.0	6.0	65.0	both too short	both too long
YOL034W	XV	+	3282	3282	60.0	62.0	653.9	23.0	30.0	26.0	30	27.0	84.0	78.0	84	78.0	0.0	0.0				
YOL035C	XV	-	303	303	88.0		445.9	0.0			0				0							
YOL036W	XV	+	2286	2286	157.0	178.0	671.9	15.0	381.0		381	372.0	99.0		99	140.0						
YOL037C	XV	-	354	354	72.0		350.8	3.0			0	58.0			0	40.0						
YOL038C-A	XV	-	96	96	1694.0	105.0	498.4	10.0		86.0	86	64.0		212.0	212	187.0						
YOL038W	XV	+	765	765	955.0	387.0	485.5	517.0	33.0	33.0	33	34.0	68.0	571.0	571	59.0	0.0	1.0		503.0		both too long
YOL039W	XV	+	321	321	1573.0	4301.0	496.7	30444.0		1233.0	1233	28.0		193.0	193	194.0						
YOL040C	XV	-	429	429	2664.0	4766.0	483.1	709.0	51.0	51.0	51	52.0	96.0	337.0	337	92.0	0.0	1.0		241.0		both too long
YOL041C	XV	-	1380	1380	2763.0	248.0	500.9	5.0	39.0	58.0	58	51.0	132.0	205.0	205	143.0	1.0	1.0	19.0	73.0	DRS too short	DRS too short
YOL042W	XV	+	1092	1092	195.0	129.0	652.5	13.0	58.0	226.0	226	59.0	98.0	219.0	219	268.0	1.0	1.0	168.0	121.0	DRS too short	both too short
YOL043C	XV	-	1143	1143	64.0	32.0	654.2	16.0	91.0	103.0	103	83.0	95.0	100.0	100	103.0	1.0	1.0	12.0	5.0	both too long	both too short
YOL044W	XV	+	1152	1152	99.0	79.0	699.5	49.0	55.0	71.0	71	64.0	45.0	176.0	176	64.0	1.0	1.0	16.0	131.0	DRS too short	DRS too short
YOL045W	XV	+	3306	3306	110.0	158.0	1060.6	1.0	286.0		286	506.0	132.0		132	129.0						
YOL046C	XV	-	675	675	5.0		599.8	0.0			0				0							
YOL047C	XV	-	1134	1071	19.0	15.0	359.0	0.0	135.0		135		20.0		20							
YOL048C	XV	-	1107	1029	244.0	194.0	603.9	44.0	57.0	78.0	78	48.0	75.0	130.0	130	73.0	1.0	1.0	21.0	55.0	both too long	both too long
YOL049W	XV	+	1476	1476	295.0	305.0	788.1	152.0	39.0	78.0	78	42.0	123.0	130.0	130	111.0	1.0	1.0	39.0	7.0	DRS too short	both too long
YOL050C	XV	-	321	321	53.0	69.0	593.3	1.0	213.0	135.0	213	136.0	755.0	137.0	755	138.0	0.0	0.0				
YOL051W	XV	+	3246	3246	128.0	105.0	579.3	1.0	170.0		170	190.0	225.0		225	128.0						
YOL052C	XV	-	1191	1191	108.0	90.0	713.4	14.0	46.0	154.0	154	65.0	114.0	129.0	129	115.0	1.0	1.0	108.0	15.0	DRS too short	DRS too short
YOL052C-A	XV	-	186	186	99.0	94.0	467.8	96.0	33.0	44.0	44	33.0	271.0	275.0	275	276.0	1.0	1.0	11.0	4.0	both too long	both too short
YOL053W	XV	+	1188	1188	158.0	134.0	747.2	1.0	0.0	15.0	15	16.0	49.0	118.0	118	119.0	1.0	1.0	15.0	69.0	both too short	both too short
YOL054W	XV	+	1221	1221	31.0	29.0	391.9	10.0	74.0	101.0	101	59.0	77.0	169.0	169	114.0	1.0	1.0	27.0	92.0	both too long	DRS too short
YOL055C	XV	-	1656	1656	106.0	63.0	623.9	2.0	94.0	272.0	272	47.0	82.0	58.0	82	93.0	1.0	0.0	178.0		both too long	
YOL056W	XV	+	912	912	130.0	103.0	579.0	7.0	82.0	124.0	124	65.0	158.0	169.0	169	167.0	1.0	1.0	42.0	11.0	both too long	DRS too short
YOL057W	XV	+	2136	2136	287.0	205.0	643.6	162.0	21.0	63.0	63	27.0	148.0	195.0	195	147.0	1.0	1.0	42.0	47.0	DRS too short	both too long
YOL058W	XV	+	1263	1263	381.0	506.0	902.0	3574.0	71.0	71.0	71	72.0	143.0	210.0	210	134.0	0.0	1.0		67.0		both too long
YOL059W	XV	+	1323	1323	286.0	298.0	903.9	68.0	0.0	43.0	43	4.0	161.0	280.0	280	247.0	1.0	1.0	43.0	119.0	DRS too short	DRS too short
YOL060C	XV	-	2121	2121	213.0	133.0	577.1	16.0	237.0	56.0	237	66.0	223.0	286.0	286	275.0	0.0	1.0		63.0		DRS too short
YOL061W	XV	+	1491	1491	365.0	451.0	834.3	633.0	46.0	35.0	46	57.0	136.0	211.0	211	136.0	0.0	1.0		75.0		both too long
YOL062C	XV	-	1476	1476	130.0	193.0	945.2	339.0	8.0	19.0	19	20.0	80.0	84.0	84	70.0	1.0	1.0	11.0	4.0	both too short	both too long
YOL063C	XV	-	2874	2874	100.0	55.0	692.1	47.0	55.0	70.0	70	73.0	53.0	57.0	57	50.0	1.0	1.0	15.0	4.0	both too short	both too long
YOL064C	XV	-	1074	1074	346.0	457.0	915.0	121.0	21.0	91.0	91	32.0	99.0	106.0	106	107.0	1.0	1.0	70.0	7.0	DRS too short	both too short
YOL065C	XV	-	1155	1155	163.0	49.0	592.5	25.0	36.0	52.0	52	27.0	67.0	309.0	309	142.0	1.0	1.0	16.0	242.0	both too long	DRS too short
YOL066C	XV	-	1776	1776	34.0	30.0	636.8	40.0	108.0	335.0	335	44.0	55.0	63.0	63	64.0	1.0	1.0	227.0	8.0	both too long	both too short
YOL067C	XV	-	534	534	13.0	6.0	504.0	236.0		51.0	51	23.0		1051.0	1051	1622.0						
YOL068C	XV	-	1512	1512	108.0	98.0	893.6	236.0	651.0	629.0	651	662.0	5.0	4.0	5	5.0	0.0	0.0				
YOL069W	XV	+	1356	1356	72.0	78.0	592.9	3.0	6.0	16.0	16	17.0	42.0	165.0	165	154.0	1.0	1.0	10.0	123.0	both too short	DRS too short
YOL070C	XV	-	1506	1506	132.0	132.0	750.2	5.0	16.0	15.0	16	12.0	119.0	211.0	211	161.0	0.0	1.0		92.0		DRS too short
YOL071W	XV	+	489	489	99.0	143.0	514.4	23.0	110.0	126.0	126	4.0	139.0	161.0	161	124.0	1.0	1.0	16.0	22.0	both too long	both too long
YOL072W	XV	+	1368	1368	74.0	30.0	575.2	5.0	15.0		15	22.0	49.0		49	134.0						
YOL073C	XV	-	969	969	54.0	74.0	733.4	70.0	26.0	35.0	35	36.0	53.0	89.0	89	51.0	1.0	1.0	9.0	36.0	both too short	both too long
YOL075C	XV	-	3885	3885	115.0	43.0	717.3	1.0	314.0		314	85.0	214.0		214	177.0						
YOL076W	XV	+	2391	2391	134.0	182.0	1007.7	26.0	8.0	30.0	30	22.0	112.0	808.0	808	108.0	1.0	1.0	22.0	696.0	DRS too short	both too long
YOL077C	XV	-	876	876	1378.0	1179.0	631.7	1299.0	56.0	37.0	56	28.0	120.0	269.0	269	76.0	0.0	1.0		149.0		both too long
YOL077W-A	XV	+	207	207	909.0	1782.0	447.8	182.0		49.0	49	34.0		242.0	242	130.0						
YOL078W	XV	+	3531	3531	720.0	49.0	389.1	3.0	37.0		37	22.0	75.0		75	95.0						
YOL079W	XV	+	399	399	138.0		462.5	0.0	171.0		171	373.0	4.0		4	446.0						
YOL080C	XV	-	870	870	332.0	253.0	550.5	128.0	53.0	43.0	53	44.0	174.0	272.0	272	154.0	0.0	1.0		98.0		both too long
YOL081W	XV	+	9240	9240	772.0	988.0	986.4	0.0	212.0		212		106.0		106							
YOL082W	XV	+	1248	1248	139.0	118.0	685.1	8.0	73.0	305.0	305	270.0	107.0	105.0	107	97.0	1.0	0.0	232.0		DRS too short	
YOL083C-A	XV	-	141	141	13.0	10.0	762.7	1.0	469.0	404.0	469	170.0	839.0	194.0	839	195.0	0.0	0.0				
YOL083W	XV	+	1239	1239	52.0	12.0	449.1	31.0	158.0	138.0	158	94.0	98.0	84.0	98	76.0	0.0	0.0				
YOL084W	XV	+	2976	2976	5.0	9.0	662.2	0.0	90.0		90		144.0		144							
YOL085C	XV	-	342	342	6.0		462.2	0.0	271.0		271		76.0		76							
YOL085W-A	XV	+	213	213	9.0	14.0	332.3	7.0	835.0	793.0	835	623.0	69.0	446.0	446	345.0	0.0	1.0		377.0		DRS too short
YOL086C	XV	-	1047	1047	14569.0	21867.0	847.8	22348.0	179.0	423.0	423	38.0	93.0	88.0	93	89.0	1.0	0.0	244.0		both too long	
YOL086W-A	XV	+	273	273	7318.0	475.0	531.7	184.0	95.0	56.0	95	48.0	97.0	150.0	150	94.0	0.0	1.0		53.0		both too long
YOL087C	XV	-	3351	3351	548.0	115.0	275.0	2.0	260.0	280.0	280	281.0	104.0	134.0	134	135.0	1.0	1.0	20.0	30.0	both too short	both too short
YOL088C	XV	-	834	834	97.0	93.0	626.0	11.0	53.0	71.0	71	22.0	168.0	197.0	197	144.0	1.0	1.0	18.0	29.0	both too long	both too long
YOL089C	XV	-	3093	3093	113.0	56.0	618.6	2.0	214.0	61.0	214	62.0	139.0	171.0	171	172.0	0.0	1.0		32.0		both too short
YOL090W	XV	+	2895	2895	145.0	168.0	933.9	14.0	39.0	37.0	39	38.0	100.0	81.0	100	82.0	0.0	0.0				
YOL091W	XV	+	1830	1830	126.0	41.0	511.9	1.0			0	70.0			0	83.0						
YOL092W	XV	+	927	927	226.0	281.0	695.6	859.0	30.0	19.0	30	41.0	45.0	188.0	188	42.0	0.0	1.0		143.0		both too long
YOL093W	XV	+	882	882	83.0	116.0	673.2	84.0	39.0	459.0	459	26.0	120.0	62.0	120	106.0	1.0	0.0	420.0		both too long	
YOL094C	XV	-	972	972	61.0	92.0	680.3	23.0	46.0	35.0	46	57.0	20.0	226.0	226	43.0	0.0	1.0		206.0		DRS too short
YOL095C	XV	-	2121	2121	50.0	33.0	624.8	46.0	20.0	32.0	32	33.0	70.0	83.0	83	65.0	1.0	1.0	12.0	13.0	both too short	both too long
YOL096C	XV	-	939	939	74.0	92.0	579.3	22.0	29.0	58.0	58	29.0	34.0	153.0	153	134.0	1.0	1.0	29.0	119.0	both too long	DRS too short
YOL097C	XV	-	1299	1299	350.0	417.0	881.7	441.0	20.0	34.0	34	25.0	89.0	215.0	215	87.0	1.0	1.0	14.0	126.0	DRS too short	both too long
YOL097W-A	XV	+	186	186	163.0	145.0	482.5	4.0	174.0	382.0	382	138.0	485.0	94.0	485	44.0	1.0	0.0	208.0		both too long	
YOL098C	XV	-	3114	3114	292.0	284.0	920.8	7.0	49.0	92.0	92	64.0	257.0	262.0	262	263.0	1.0	1.0	43.0	5.0	DRS too short	both too short
YOL099C	XV	-	492	492	126.0	184.0	536.3	0.0	501.0		501		918.0		918							
YOL100W	XV	+	3246	3246	173.0	39.0	522.3	1.0	219.0		219	42.0	95.0		95	63.0						
YOL101C	XV	-	939	939	133.0	167.0	731.0	7.0	29.0	62.0	62	25.0	70.0	107.0	107	104.0	1.0	1.0	33.0	37.0	both too long	DRS too short
YOL102C	XV	-	693	693	185.0	132.0	521.8	44.0	12.0	18.0	18	1.0	103.0	117.0	117	94.0	1.0	1.0	6.0	14.0	both too long	both too long
YOL103W	XV	+	1830	1830	413.0	266.0	768.7	91.0	208.0	206.0	208	164.0	165.0	191.0	191	162.0	0.0	1.0		26.0		both too long
YOL104C	XV	-	1059	1059	64.0	31.0	592.1	1.0			0	57.0			0	421.0						
YOL105C	XV	-	1671	1671	66.0	92.0	660.0	17.0	263.0	317.0	317	276.0	129.0	126.0	129	127.0	1.0	0.0	54.0		DRS too short	
YOL106W	XV	+	354	354	53.0		454.9	5.0			0	1181.0			0	13.0						
YOL107W	XV	+	1029	1029	91.0	65.0	607.2	20.0	46.0	56.0	56	57.0	44.0	423.0	423	326.0	1.0	1.0	10.0	379.0	both too short	DRS too short
YOL108C	XV	-	456	456	517.0	115.0	341.8	17.0	35.0	53.0	53	4.0	209.0	231.0	231	222.0	1.0	1.0	18.0	22.0	both too long	DRS too short
YOL109W	XV	+	342	342	3971.0	8404.0	521.9	83.0	44.0	120.0	120	56.0	168.0	153.0	168	154.0	1.0	0.0	76.0		DRS too short	
YOL110W	XV	+	714	714	4050.0	40.0	525.6	68.0	49.0	47.0	49	12.0	121.0	321.0	321	151.0	0.0	1.0		200.0		DRS too short
YOL111C	XV	-	639	639	31.0	76.0	607.6	162.0	66.0	188.0	188	49.0	54.0	81.0	81	71.0	1.0	1.0	122.0	27.0	both too long	DRS too short
YOL112W	XV	+	1479	1479	101.0	28.0	473.8	176.0	170.0	188.0	188	176.0	82.0	78.0	82	79.0	1.0	0.0	18.0		DRS too short	
YOL113W	XV	+	1968	1968	106.0	160.0	774.7	13.0	159.0	285.0	285	39.0	97.0	95.0	97	93.0	1.0	0.0	126.0		both too long	
YOL114C	XV	-	609	609	24.0	15.0	491.2	8.0	31.0	350.0	350	17.0	40.0	38.0	40	41.0	1.0	0.0	319.0		both too long	
YOL115W	XV	+	1755	1755	114.0	93.0	527.8	68.0	53.0	69.0	69	66.0	111.0	125.0	125	121.0	1.0	1.0	16.0	14.0	DRS too short	DRS too short
YOL116W	XV	+	1149	1149	130.0	147.0	622.4	23.0	467.0	130.0	467	131.0	167.0	296.0	296	232.0	0.0	1.0		129.0		DRS too short
YOL117W	XV	+	1938	1938	148.0	52.0	648.8	13.0	25.0		25	37.0	96.0		96	105.0						
YOL118C	XV	-	309	309	90.0	221.0	452.2	2.0			0	438.0			0	1734.0						
YOL119C	XV	-	1506	1506	276.0	227.0	614.1	305.0	66.0	141.0	141	68.0	26.0	145.0	145	147.0	1.0	1.0	75.0	119.0	DRS too short	both too short
YOL120C	XV	-	1008	561	2825.0	5251.0	582.8	47854.0	0.0	19.0	19	20.0	92.0	352.0	352	88.0	1.0	1.0	19.0	260.0	both too short	both too long
YOL121C	XV	-	825	435	5693.0	4040.0	529.6	4267.0	0.0	83.0	83	20.0	66.0	189.0	189	79.0	1.0	1.0	83.0	123.0	DRS too short	DRS too short
YOL122C	XV	-	1728	1728	1063.0	242.0	398.4	289.0	79.0	137.0	137	40.0	134.0	202.0	202	127.0	1.0	1.0	58.0	68.0	both too long	both too long
YOL123W	XV	+	1605	1605	924.0	951.0	523.6	15.0	367.0	379.0	379	380.0	137.0	140.0	140	139.0	1.0	1.0	12.0	3.0	both too short	DRS too short
YOL124C	XV	-	1302	1302	162.0	185.0	753.3	189.0	24.0	46.0	46	28.0	96.0	152.0	152	58.0	1.0	1.0	22.0	56.0	DRS too short	both too long
YOL125W	XV	+	1431	1431	116.0	76.0	613.5	11.0	114.0	313.0	313	55.0	25.0	31.0	31	32.0	1.0	1.0	199.0	6.0	both too long	both too short
YOL126C	XV	-	1134	1134	3474.0	40.0	415.2	129.0	76.0	176.0	176	76.0	241.0	238.0	241	239.0	1.0	0.0	100.0		both too long	
YOL127W	XV	+	843	429	13009.0	16445.0	514.2	249.0	0.0	36.0	36	25.0	82.0	214.0	214	79.0	1.0	1.0	36.0	132.0	DRS too short	both too long
YOL128C	XV	-	1128	1128	232.0	59.0	596.5	161.0	184.0	363.0	363	1.0	158.0	152.0	158	217.0	1.0	0.0	179.0		both too long	
YOL129W	XV	+	555	555	294.0	393.0	521.9	677.0	28.0	54.0	54	20.0	96.0	183.0	183	143.0	1.0	1.0	26.0	87.0	both too long	DRS too short
YOL130W	XV	+	2580	2580	125.0	183.0	882.0	6.0	164.0	246.0	246	252.0	361.0	371.0	371	349.0	1.0	1.0	82.0	10.0	both too short	both too long
YOL131W	XV	+	327	327	20.0		422.5	0.0			0	451.0			0	374.0						
YOL132W	XV	+	1416	1416	50.0	14.0	481.4	1.0	337.0		337	993.0	65.0		65	52.0						
YOL133W	XV	+	366	366	39.0	57.0	509.2	36.0	37.0	83.0	83	34.0	289.0	368.0	368	358.0	1.0	1.0	46.0	79.0	both too long	DRS too short
YOL134C	XV	-	390	390	59.0	86.0	569.6	0.0	517.0		517		54.0		54							
YOL135C	XV	-	669	669	45.0	41.0	579.7	9.0	47.0	59.0	59	27.0	64.0	157.0	157	160.0	1.0	1.0	12.0	93.0	both too long	both too short
YOL136C	XV	-	1194	1194	189.0	224.0	959.8	384.0	209.0	269.0	269	222.0	336.0	351.0	351	334.0	1.0	1.0	60.0	15.0	DRS too short	both too long
YOL137W	XV	+	1494	1494	127.0	98.0	621.9	104.0	76.0	63.0	76	56.0	212.0	301.0	301	249.0	0.0	1.0		89.0		DRS too short
YOL138C	XV	-	4026	4026	698.0	37.0	777.2	1.0	58.0		58	52.0	51.0		51	48.0						
YOL139C	XV	-	642	642	1844.0	3426.0	650.7	76.0	75.0	122.0	122	80.0	104.0	144.0	144	126.0	1.0	1.0	47.0	40.0	DRS too short	DRS too short
YOL140W	XV	+	1272	1272	1096.0	165.0	553.4	17.0	606.0	1110.0	1110	53.0	31.0	93.0	93	87.0	1.0	1.0	504.0	62.0	both too long	DRS too short
YOL141W	XV	+	2088	2088	82.0		547.4	2.0			0	38.0			0	1585.0						
YOL142W	XV	+	723	723	150.0	170.0	573.3	17.0	205.0	144.0	205	13.0	65.0	68.0	68	63.0	0.0	1.0		3.0		both too long
YOL143C	XV	-	510	510	193.0	377.0	537.2	588.0	33.0	246.0	246	38.0	73.0	72.0	73	73.0	1.0	0.0	213.0		DRS too short	
YOL144W	XV	+	1455	1455	172.0	45.0	549.3	91.0	38.0	60.0	60	48.0	49.0	60.0	60	61.0	1.0	1.0	22.0	11.0	DRS too short	both too short
YOL145C	XV	-	3234	3234	54.0	57.0	572.9	3.0	36.0		36	51.0	118.0		118	137.0						
YOL146W	XV	+	585	585	65.0	90.0	503.3	12.0	5.0	13.0	13	13.0	68.0	107.0	107	60.0	1.0	1.0	8.0	39.0	both too short	both too long
YOL147C	XV	-	711	711	125.0	139.0	587.4	116.0	58.0	31.0	58	22.0	151.0	197.0	197	151.0	0.0	1.0		46.0		both too long
YOL148C	XV	-	1815	1815	180.0	69.0	654.0	0.0	50.0		50		27.0		27							
YOL149W	XV	+	696	696	144.0	295.0	625.2	0.0	32.0		32		60.0		60							
YOL150C	XV	-	312	312	132.0	76.0	708.0	0.0	8.0		8		783.0		783							
YOL151W	XV	+	1029	1029	116.0	80.0	675.6	16.0	140.0	22.0	140	17.0	61.0	145.0	145	69.0	0.0	1.0		84.0		DRS too short
YOL152W	XV	+	1863	1863	113.0	84.0	584.7	24.0	74.0		74	13.0	127.0		127	123.0						
YOL154W	XV	+	750	750	62.0	29.0	533.3	11.0	597.0	274.0	597	642.0	91.0	91.0	91	96.0	0.0	0.0				
YOL155C	XV	-	2904	2904	147.0	91.0	776.9	12.0	136.0	53.0	136	54.0	122.0	122.0	122	105.0	0.0	0.0				
YOL155W-A	XV	+	135	135	76.0	110.0	429.5	0.0			0				0							
YOL156W	XV	+	1704	1704	70.0	17.0	422.9	0.0			0				0							
YOL157C	XV	-	1770	1770	76.0	20.0	552.8	3.0			0	50.0			0	98.0						
YOL158C	XV	-	1821	1821	87.0	73.0	838.6	97.0	247.0	342.0	342	126.0	163.0	400.0	400	152.0	1.0	1.0	95.0	237.0	both too long	both too long
YOL159C	XV	-	516	516	168.0	128.0	528.8	38.0	234.0	17.0	234	18.0	37.0	561.0	561	69.0	0.0	1.0		524.0		DRS too short
YOL159C-A	XV	-	273	273	77.0	126.0	545.8	89.0	355.0	118.0	355	89.0	517.0	614.0	614	531.0	0.0	1.0		97.0		DRS too short
YOL160W	XV	+	342	342	61.0	5.0	502.0	16.0			0	73.0			0	157.0						
YOL161C	XV	-	363	363				0.0			0				0							
YOL162W	XV	+	648	648	12.0	17.0	576.3	3.0			0	23.0			0	121.0						
YOL163W	XV	+	510	510	54.0	13.0	467.6	2.0			0	763.0			0	323.0						
YOL164W	XV	+	1941	1941	135.0	101.0	469.9	2.0	714.0	250.0	714	278.0	85.0	89.0	89	90.0	0.0	1.0		4.0		both too short
YOL164W-A	XV	+	183	183	56.0	17.0	569.0	0.0			0				0							
YOL165C	XV	-	432	432	17.0		672.6	0.0			0				0							
YOL166C	XV	-	339	339				0.0			0				0							
YOL166W-A	XV	+	156	156				0.0			0				0							
YOR001W	XV	+	2202	2202	158.0	109.0	776.0	55.0	19.0	44.0	44	40.0	78.0	135.0	135	76.0	1.0	1.0	25.0	57.0	DRS too short	both too long
YOR002W	XV	+	1635	1635	204.0	271.0	927.6	98.0	66.0	39.0	66	40.0	95.0	422.0	422	67.0	0.0	1.0		327.0		both too long
YOR003W	XV	+	1437	1437	172.0	117.0	467.0	106.0	112.0	58.0	112	59.0	183.0	212.0	212	182.0	0.0	1.0		29.0		both too long
YOR004W	XV	+	765	765	174.0	224.0	503.7	142.0	41.0	30.0	41	44.0	145.0	219.0	219	141.0	0.0	1.0		74.0		both too long
YOR005C	XV	-	2835	2835	206.0	83.0	530.1	2.0	111.0		111	34.0	108.0		108	110.0						
YOR006C	XV	-	942	942	451.0	131.0	502.6	74.0	123.0	66.0	123	40.0	74.0	176.0	176	72.0	0.0	1.0		102.0		both too long
YOR007C	XV	-	1041	1041	571.0	922.0	595.7	332.0	64.0	78.0	78	5.0	97.0	252.0	252	96.0	1.0	1.0	14.0	155.0	both too long	both too long
YOR008C	XV	-	1137	1137	268.0	260.0	699.4	31.0	217.0	296.0	296	217.0	306.0	317.0	317	313.0	1.0	1.0	79.0	11.0	both too long	DRS too short
YOR008C-A	XV	-	225	225	8.0	15.0	302.8	0.0			0	293.0			0	85.0						
YOR008W-B	XV	+	102	102				2.0			0	76.0			0	1900.0						
YOR009W	XV	+	1464	1464	12.0	19.0	655.1	2.0	457.0		457	482.0	130.0		130	132.0						
YOR010C	XV	-	756	756	20.0	11.0	646.9	3.0	351.0	410.0	410	47.0	71.0	91.0	91	92.0	1.0	1.0	59.0	20.0	both too long	both too short
YOR011W	XV	+	4185	4185	92.0	74.0	552.6	0.0	699.0		699		68.0		68							
YOR011W-A	XV	+	207	207	24.0	5.0	479.9	0.0			0				0							
YOR012W	XV	+	414	414	28.0		568.2	34.0			0	24.0			0	334.0						
YOR013W	XV	+	471	471	22.0	58.0	516.1	34.0	639.0	202.0	639	232.0	73.0	71.0	73	69.0	0.0	0.0				
YOR014W	XV	+	2274	2274	176.0	72.0	831.0	42.0	239.0	258.0	258	254.0	297.0	306.0	306	453.0	1.0	1.0	19.0	9.0	DRS too short	both too short
YOR015W	XV	+	360	360	153.0	127.0	651.7	42.0	943.0	2030.0	2030	2573.0	107.0	47.0	107	48.0	1.0	0.0	1087.0		both too short	
YOR016C	XV	-	624	624	144.0	275.0	629.2	90.0	120.0	87.0	120	67.0	148.0	734.0	734	157.0	0.0	1.0		586.0		DRS too short
YOR017W	XV	+	2403	2403	50.0	60.0	816.8	3.0	52.0		52	43.0	144.0		144	204.0						
YOR018W	XV	+	2514	2514	194.0	166.0	466.8	2.0	33.0		33	56.0	147.0		147	160.0						
YOR019W	XV	+	2193	2193	2294.0	55.0	442.0	0.0	121.0		121		196.0		196							
YOR020C	XV	-	321	321	2307.0	4502.0	435.5	2093.0	27.0	37.0	37	38.0	104.0	904.0	904	101.0	1.0	1.0	10.0	800.0	both too short	both too long
YOR020W-A	XV	+	273	273	419.0	358.0	449.9	252.0	209.0	320.0	320	26.0	175.0	178.0	178	171.0	1.0	1.0	111.0	3.0	both too long	both too long
YOR021C	XV	-	642	642	1112.0	1347.0	691.8	213.0	40.0	1358.0	1358	40.0	155.0	131.0	155	153.0	1.0	0.0	1318.0		both too long	
YOR022C	XV	-	2148	2148	250.0	24.0	726.7	6.0	13.0		13	30.0	29.0		29	11.0						
YOR023C	XV	-	1701	1701	49.0	77.0	751.1	57.0	59.0	169.0	169	101.0	54.0	51.0	54	53.0	1.0	0.0	110.0		DRS too short	
YOR024W	XV	+	324	324				1.0			0	155.0			0	1542.0						
YOR025W	XV	+	1344	1344	33.0	29.0	807.1	141.0	39.0	75.0	75	13.0	156.0	149.0	156	150.0	1.0	0.0	36.0		both too long	
YOR026W	XV	+	1026	1026	65.0	91.0	588.9	19.0	602.0	24.0	602	25.0	184.0	201.0	201	188.0	0.0	1.0		17.0		DRS too short
YOR027W	XV	+	1770	1770	971.0	1053.0	873.5	150.0	63.0	34.0	63	18.0	97.0	390.0	390	117.0	0.0	1.0		293.0		DRS too short
YOR028C	XV	-	888	888	162.0	60.0	365.2	31.0	266.0	274.0	274	262.0	327.0	324.0	327	325.0	1.0	0.0	8.0		both too long	
YOR029W	XV	+	336	336	14.0		650.4	0.0			0				0							
YOR030W	XV	+	1860	1860	71.0	92.0	929.3	4.0	88.0	75.0	88	96.0	572.0	870.0	870	553.0	0.0	1.0		298.0		both too long
YOR032C	XV	-	1305	1305	80.0	91.0	780.0	5.0	304.0		304	165.0	105.0		105	111.0						
YOR032W-A	XV	+	201	201	35.0	20.0	452.4	3.0	936.0	1337.0	1337	295.0	225.0	157.0	225	525.0	1.0	0.0	401.0		both too long	
YOR033C	XV	-	2109	2109	92.0	76.0	669.8	30.0	262.0	127.0	262	128.0	69.0	96.0	96	58.0	0.0	1.0		27.0		both too long
YOR034C	XV	-	2250	2250	88.0	112.0	862.1	14.0	284.0	237.0	284	219.0	113.0	104.0	113	108.0	0.0	0.0				
YOR034C-A	XV	-	243	243	16.0	36.0	554.2	3.0	998.0	505.0	998	2454.0	160.0	319.0	319	158.0	0.0	1.0		159.0		both too long
YOR035C	XV	-	2370	2370	44.0	25.0	888.6	8.0	9.0		9	20.0	179.0		179	204.0						
YOR036W	XV	+	867	867	189.0	268.0	736.6	25.0	66.0	56.0	66	12.0	71.0	68.0	71	69.0	0.0	0.0				
YOR037W	XV	+	1101	1101	138.0	91.0	572.4	18.0	65.0	74.0	74	75.0	88.0	162.0	162	102.0	1.0	1.0	9.0	74.0	both too short	DRS too short
YOR038C	XV	-	2628	2628	80.0	68.0	653.3	123.0	29.0	50.0	50	51.0	98.0	106.0	106	96.0	1.0	1.0	21.0	8.0	both too short	both too long
YOR039W	XV	+	777	777	320.0	392.0	858.6	276.0	155.0	158.0	158	150.0	269.0	330.0	330	253.0	1.0	1.0	3.0	61.0	both too long	both too long
YOR040W	XV	+	858	858	197.0	313.0	396.9	3.0	209.0		209	47.0	297.0	42.0	297	228.0		0.0				
YOR041C	XV	-	432	432	163.0	174.0	358.8	7.0	0.0	1219.0	1219	1220.0	334.0	433.0	433	434.0	1.0	1.0	1219.0	99.0	both too short	both too short
YOR042W	XV	+	1236	1236	254.0	49.0	345.8	47.0	51.0	110.0	110	57.0	71.0	199.0	199	50.0	1.0	1.0	59.0	128.0	DRS too short	both too long
YOR043W	XV	+	1461	1461	178.0	218.0	819.0	460.0	392.0	711.0	711	392.0	159.0	155.0	159	156.0	1.0	0.0	319.0		both too long	
YOR044W	XV	+	474	474	539.0	148.0	421.2	11.0		298.0	298	251.0		219.0	219	216.0						
YOR045W	XV	+	186	186	610.0	1335.0	398.6	809.0		47.0	47	57.0		459.0	459	156.0						
YOR046C	XV	-	1449	1449	861.0	437.0	591.2	398.0	31.0	19.0	31	32.0	58.0	344.0	344	56.0	0.0	1.0		286.0		both too long
YOR047C	XV	-	1335	1335	103.0	134.0	714.0	20.0	396.0	588.0	588	139.0	171.0	163.0	171	177.0	1.0	0.0	192.0		both too long	
YOR048C	XV	-	3021	3021	244.0	246.0	704.8	16.0	37.0	23.0	37	32.0	93.0	230.0	230	109.0	0.0	1.0		137.0		DRS too short
YOR049C	XV	-	1065	1065	36.0	28.0	752.5	32.0	259.0	184.0	259	111.0	42.0	217.0	217	48.0	0.0	1.0		175.0		DRS too short
YOR050C	XV	-	348	348	167.0	207.0	500.9	3.0	463.0	1379.0	1379	3.0	278.0	268.0	278	262.0	1.0	0.0	916.0		both too long	
YOR051C	XV	-	1239	1239	524.0	323.0	770.3	10.0	60.0	206.0	206	71.0	117.0	178.0	178	172.0	1.0	1.0	146.0	61.0	DRS too short	DRS too short
YOR052C	XV	-	453	453	756.0	888.0	678.6	30.0	148.0	212.0	212	103.0	158.0	274.0	274	253.0	1.0	1.0	64.0	116.0	both too long	DRS too short
YOR053W	XV	+	342	342	32.0	95.0	255.4	0.0	192.0		192		525.0		525							
YOR054C	XV	-	2025	2025	82.0		339.8	26.0	151.0	150.0	151	141.0	80.0	83.0	83	76.0	0.0	1.0		3.0		both too long
YOR055W	XV	+	435	435	51.0		433.1	1.0			0	295.0			0	247.0						
YOR056C	XV	-	1380	1380	147.0	244.0	737.0	207.0	66.0	124.0	124	69.0	53.0	50.0	53	59.0	1.0	0.0	58.0		DRS too short	
YOR057W	XV	+	1188	1188	68.0	77.0	597.0	55.0	56.0	79.0	79	67.0	78.0	80.0	80	81.0	1.0	1.0	23.0	2.0	DRS too short	both too short
YOR058C	XV	-	2658	2658	147.0	102.0	609.8	2.0	215.0	134.0	215	136.0	262.0	260.0	262	248.0	0.0	0.0				
YOR059C	XV	-	1353	1353	156.0	131.0	670.8	34.0	919.0	32.0	919	932.0	59.0	54.0	59	55.0	0.0	0.0				
YOR060C	XV	-	774	774	13.0	13.0	740.4	34.0		26.0	26	27.0		1048.0	1048	1539.0						
YOR061W	XV	+	1020	1020	260.0	393.0	735.5	89.0	151.0	162.0	162	124.0	213.0	249.0	249	211.0	1.0	1.0	11.0	36.0	both too long	both too long
YOR062C	XV	-	807	807	173.0	38.0	475.2	3.0	170.0	677.0	677	678.0	58.0	76.0	76	77.0	1.0	1.0	507.0	18.0	both too short	both too short
YOR063W	XV	+	1164	1164	7255.0	11375.0	799.6	52164.0	76.0	580.0	580	22.0	120.0	117.0	120	118.0	1.0	0.0	504.0		both too long	
YOR064C	XV	-	660	660	4167.0	40.0	454.8	25.0	412.0	57.0	412	1.0	95.0	113.0	113	87.0	0.0	1.0		18.0		both too long
YOR065W	XV	+	930	930	313.0	374.0	833.7	51.0	293.0	354.0	354	44.0	302.0	529.0	529	39.0	1.0	1.0	61.0	227.0	both too long	both too long
YOR066W	XV	+	1890	1890	163.0	66.0	440.0	4.0	109.0	15.0	109	7.0	215.0	273.0	273	213.0	0.0	1.0		58.0		both too long
YOR067C	XV	-	1734	1734	161.0	200.0	704.6	77.0	49.0	104.0	104	41.0	79.0	84.0	84	85.0	1.0	1.0	55.0	5.0	both too long	both too short
YOR068C	XV	-	345	345				1.0			0	1220.0			0	209.0						
YOR069W	XV	+	2028	2028	108.0	156.0	724.5	25.0	55.0	74.0	74	62.0	120.0	191.0	191	119.0	1.0	1.0	19.0	71.0	DRS too short	both too long
YOR070C	XV	-	1914	1914	105.0	55.0	607.2	15.0	148.0	144.0	148	145.0	69.0	127.0	127	64.0	0.0	1.0		58.0		both too long
YOR071C	XV	-	1797	1797	126.0	105.0	685.0	4.0	447.0	124.0	447	125.0	229.0	226.0	229	227.0	0.0	0.0				
YOR072W	XV	+	315	315	15.0		376.0	1.0			0	0.0			0	486.0						
YOR072W-A	XV	+	249	249	14.0	6.0	336.7	1.0			0	289.0			0	263.0						
YOR072W-B	XV	+	162	162	19.0		337.6	0.0			0				0							
YOR073W	XV	+	1773	1773	45.0	48.0	684.0	17.0	38.0	76.0	76	71.0	114.0	118.0	118	73.0	1.0	1.0	38.0	4.0	DRS too short	both too long
YOR073W-A	XV	+	234	234	32.0	49.0	631.5	0.0	921.0		921		13.0		13							
YOR074C	XV	-	915	915	53.0	32.0	548.5	93.0	50.0	398.0	398	58.0	108.0	105.0	108	117.0	1.0	0.0	348.0		DRS too short	
YOR075W	XV	+	1041	1041	162.0	180.0	767.8	54.0	20.0	45.0	45	17.0	55.0	57.0	57	53.0	1.0	1.0	25.0	2.0	both too long	both too long
YOR076C	XV	-	2244	2244	103.0	84.0	728.9	5.0	26.0	12.0	26	13.0	93.0	82.0	93	83.0	0.0	0.0				
YOR077W	XV	+	699	699	57.0	108.0	403.6	71.0	28.0	37.0	37	38.0	821.0	562.0	821	811.0	1.0	0.0	9.0		both too short	
YOR078W	XV	+	645	645	119.0	38.0	561.8	76.0	853.0	820.0	853	21.0	47.0	38.0	47	39.0	0.0	0.0				
YOR079C	XV	-	942	942	201.0	221.0	758.9	75.0		244.0	244	35.0		75.0	75	137.0						
YOR080W	XV	+	2199	2199	134.0	171.0	710.0	3.0	4.0	7.0	7	21.0	150.0	386.0	386	164.0	1.0	1.0	3.0	236.0	both too short	DRS too short
YOR081C	XV	-	2250	2250	75.0	45.0	793.2	30.0	43.0	47.0	47	37.0	89.0	126.0	126	129.0	1.0	1.0	4.0	37.0	both too long	both too short
YOR082C	XV	-	342	342				0.0			0	35.0			0	3.0						
YOR083W	XV	+	888	888				56.0	90.0	34.0	90	75.0	783.0	840.0	840	1380.0	0.0	1.0		57.0		both too short
YOR084W	XV	+	1164	1164	34.0	40.0	965.2	56.0	709.0	921.0	921	1129.0	52.0	68.0	68	50.0	1.0	1.0	212.0	16.0	both too short	both too long
YOR085W	XV	+	1053	1053	203.0	177.0	732.0	48.0	54.0	114.0	114	60.0	104.0	106.0	106	112.0	1.0	1.0	60.0	2.0	DRS too short	both too short
YOR086C	XV	-	3561	3561	159.0	178.0	893.1	5.0	90.0	176.0	176	193.0	89.0	111.0	111	117.0	1.0	1.0	86.0	22.0	both too short	both too short
YOR087W	XV	+	2028	2028	96.0	53.0	712.2	9.0	65.0	80.0	80	81.0	44.0	122.0	122	108.0	1.0	1.0	15.0	78.0	both too short	DRS too short
YOR089C	XV	-	633	633	146.0	210.0	556.8	7.0	67.0	710.0	710	55.0	195.0	200.0	200	201.0	1.0	1.0	643.0	5.0	both too long	both too short
YOR090C	XV	-	1719	1719	93.0	66.0	752.8	31.0	114.0	307.0	307	125.0	75.0	82.0	82	83.0	1.0	1.0	193.0	7.0	DRS too short	both too short
YOR091W	XV	+	1038	1038	71.0	85.0	668.3	302.0	58.0	66.0	66	67.0	61.0	457.0	457	64.0	1.0	1.0	8.0	396.0	both too short	DRS too short
YOR092W	XV	+	1842	1842	99.0	95.0	649.2	25.0	148.0	237.0	237	81.0	188.0	201.0	201	184.0	1.0	1.0	89.0	13.0	both too long	both too long
YOR093C	XV	-	4947	4947	116.0	85.0	706.3	0.0	31.0		31		196.0		196							
YOR094W	XV	+	552	552	325.0	202.0	667.8	33.0	96.0	97.0	97	96.0	168.0	367.0	367	167.0	1.0	1.0	1.0	199.0	both too long	both too long
YOR095C	XV	-	777	777	508.0	643.0	728.1	321.0	144.0	69.0	144	70.0	117.0	655.0	655	116.0	0.0	1.0		538.0		both too long
YOR096W	XV	+	974	573	6205.0	11802.0	584.1	16482.0	0.0	767.0	767	28.0	99.0	89.0	99	90.0	1.0	0.0	767.0		DRS too short	
YOR097C	XV	-	528	528	5806.0	222.0	565.4	91.0	471.0	115.0	471	45.0	94.0	251.0	251	103.0	0.0	1.0		157.0		DRS too short
YOR098C	XV	-	3231	3231	70.0	63.0	782.4	3.0	90.0	51.0	90	81.0	124.0	121.0	124	136.0	0.0	0.0				
YOR099W	XV	+	1182	1182	219.0	287.0	971.9	80.0	178.0	204.0	204	61.0	90.0	94.0	94	95.0	1.0	1.0	26.0	4.0	both too long	both too short
YOR100C	XV	-	984	984	72.0	7.0	459.2	2.0	79.0	148.0	148	28.0	219.0	258.0	258	263.0	1.0	1.0	69.0	39.0	both too long	both too short
YOR101W	XV	+	930	930	262.0	170.0	646.4	79.0	78.0	81.0	81	74.0	220.0	316.0	316	217.0	1.0	1.0	3.0	96.0	both too long	both too long
YOR102W	XV	+	351	351	246.0	249.0	529.8	0.0	704.0		704		96.0		96							
YOR103C	XV	-	393	393	266.0	356.0	528.8	1283.0	301.0	602.0	602	33.0	92.0	90.0	92	91.0	1.0	0.0	301.0		both too long	
YOR104W	XV	+	849	849	72.0	29.0	723.5	42.0	168.0		168	16.0	394.0		394	432.0						
YOR105W	XV	+	327	327	69.0	149.0	810.6	42.0	731.0	502.0	731	569.0	314.0	462.0	462	401.0	0.0	1.0		148.0		DRS too short
YOR106W	XV	+	852	852	122.0	82.0	497.0	64.0	86.0	93.0	93	67.0	109.0	108.0	109	109.0	1.0	0.0	7.0		both too long	
YOR107W	XV	+	930	930	77.0	101.0	548.8	9.0	280.0	290.0	290	291.0	318.0	340.0	340	310.0	1.0	1.0	10.0	22.0	both too short	both too long
YOR108C-A	XV	-	210	210	200.0		584.0	0.0			0	156.0			0	140.0						
YOR108W	XV	+	1815	1815	295.0	591.0	825.1	79.0	114.0	100.0	114	30.0	92.0	186.0	186	187.0	0.0	1.0		94.0		both too short
YOR109W	XV	+	3324	3324	240.0	170.0	618.4	6.0	82.0		82	101.0	190.0		190	189.0						
YOR110W	XV	+	1308	1308	101.0	56.0	571.5	10.0	99.0	76.0	99	83.0	59.0	131.0	131	80.0	0.0	1.0		72.0		DRS too short
YOR111W	XV	+	699	699	81.0	113.0	589.9	6.0	25.0	39.0	39	7.0	306.0	323.0	323	310.0	1.0	1.0	14.0	17.0	both too long	DRS too short
YOR112W	XV	+	2286	2286	76.0	45.0	996.6	15.0	61.0	75.0	75	70.0	68.0	66.0	68	63.0	1.0	0.0	14.0		DRS too short	
YOR113W	XV	+	2745	2745	34.0	23.0	701.9	2.0	119.0		119	79.0	310.0		310	223.0						
YOR114W	XV	+	885	885	181.0	59.0	600.8	5.0	213.0	227.0	227	174.0	207.0	219.0	219	206.0	1.0	1.0	14.0	12.0	both too long	both too long
YOR115C	XV	-	807	807	392.0	390.0	656.1	193.0	69.0	65.0	69	51.0	92.0	266.0	266	88.0	0.0	1.0		174.0		both too long
YOR116C	XV	-	4383	4383	201.0	317.0	815.0	2.0	202.0	233.0	233	214.0	121.0	97.0	121	102.0	1.0	0.0	31.0		DRS too short	
YOR117W	XV	+	1305	1305	295.0	387.0	906.2	111.0	81.0	75.0	81	59.0	96.0	206.0	206	135.0	0.0	1.0		110.0		DRS too short
YOR118W	XV	+	1704	1704	226.0	112.0	629.5	36.0	190.0	205.0	205	204.0	134.0	187.0	187	113.0	1.0	1.0	15.0	53.0	DRS too short	both too long
YOR119C	XV	-	1455	1455	72.0	89.0	594.2	12.0	127.0	44.0	127	259.0	181.0	1026.0	1026	217.0	0.0	1.0		845.0		DRS too short
YOR120W	XV	+	939	939	1230.0	118.0	569.3	840.0	543.0	626.0	626	45.0	80.0	185.0	185	139.0	1.0	1.0	83.0	105.0	both too long	DRS too short
YOR121C	XV	-	306	306	1052.0	832.0	565.8	1.0	564.0		564	13.0	732.0		732	1551.0						
YOR122C	XV	-	590	381	981.0	2516.0	542.9	517.0	0.0	16.0	16	17.0	195.0	365.0	365	237.0	1.0	1.0	16.0	170.0	both too short	DRS too short
YOR123C	XV	-	1395	1395	282.0	10.0	537.9	106.0	61.0	98.0	98	73.0	70.0	61.0	70	60.0	1.0	0.0	37.0		DRS too short	
YOR124C	XV	-	3819	3819	151.0	167.0	685.1	11.0	100.0	122.0	122	107.0	81.0	76.0	81	79.0	1.0	0.0	22.0		DRS too short	
YOR125C	XV	-	702	702	136.0	166.0	706.2	175.0	59.0	48.0	59	66.0	140.0	248.0	248	138.0	0.0	1.0		108.0		both too long
YOR126C	XV	-	717	717	37.0	61.0	616.2	46.0	128.0	275.0	275	31.0	111.0	84.0	111	85.0	1.0	0.0	147.0		both too long	
YOR127W	XV	+	3024	3024	83.0	124.0	703.4	2.0	256.0	262.0	262	263.0	176.0	158.0	176	159.0	1.0	0.0	6.0		both too short	
YOR128C	XV	-	1716	1716	95.0	47.0	650.9	22.0	22.0	34.0	34	26.0	60.0	76.0	76	54.0	1.0	1.0	12.0	16.0	DRS too short	both too long
YOR129C	XV	-	2682	2682	90.0	27.0	450.1	27.0	92.0	77.0	92	78.0	199.0	221.0	221	222.0	0.0	1.0		22.0		both too short
YOR130C	XV	-	879	879	308.0	339.0	759.8	57.0	96.0	22.0	96	109.0	70.0	327.0	327	68.0	0.0	1.0		257.0		both too long
YOR131C	XV	-	657	657	253.0	225.0	486.5	16.0	83.0	101.0	101	90.0	57.0	91.0	91	91.0	1.0	1.0	18.0	34.0	DRS too short	both too short
YOR132W	XV	+	1656	1656	95.0	100.0	815.1	133.0	69.0	79.0	79	80.0	47.0	114.0	114	50.0	1.0	1.0	10.0	67.0	both too short	DRS too short
YOR133W	XV	+	2529	2529	3378.0	3406.0	896.9	938.0	64.0	74.0	74	46.0	191.0	236.0	236	185.0	1.0	1.0	10.0	45.0	both too long	both too long
YOR134W	XV	+	1230	1230	192.0	48.0	299.8	1.0	97.0		97	762.0	301.0		301	348.0						
YOR135C	XV	-	342	342	79.0	58.0	1043.5	0.0	958.0		958		15.0		15							
YOR136W	XV	+	1110	1110	221.0	288.0	826.0	1832.0	105.0	117.0	117	103.0	157.0	309.0	309	154.0	1.0	1.0	12.0	152.0	both too long	both too long
YOR137C	XV	-	1869	1869	176.0	90.0	615.0	5.0	349.0		349	367.0	95.0		95	128.0						
YOR138C	XV	-	2016	2016	97.0	125.0	867.3	19.0	62.0	78.0	78	70.0	64.0	71.0	71	66.0	1.0	1.0	16.0	7.0	DRS too short	DRS too short
YOR139C	XV	-	393	393				1.0			0	858.0			0	43.0						
YOR140W	XV	+	2301	2301	51.0	27.0	668.4	13.0	94.0	356.0	356	332.0	446.0	468.0	468	441.0	1.0	1.0	262.0	22.0	DRS too short	both too long
YOR141C	XV	-	2646	2646	83.0	103.0	729.1	27.0	27.0	28.0	28	21.0	293.0	300.0	300	284.0	1.0	1.0	1.0	7.0	both too long	both too long
YOR142W	XV	+	990	990	361.0	375.0	752.0	136.0	217.0	218.0	218	193.0	198.0	283.0	283	191.0	1.0	1.0	1.0	85.0	both too long	both too long
YOR143C	XV	-	960	960	239.0	221.0	781.9	121.0	81.0	73.0	81	74.0	24.0	367.0	367	23.0	0.0	1.0		343.0		both too long
YOR144C	XV	-	2376	2376	100.0	30.0	483.6	6.0	45.0		45	1.0	154.0		154	168.0						
YOR145C	XV	-	825	825	134.0	214.0	627.4	90.0	23.0	33.0	33	21.0	85.0	187.0	187	85.0	1.0	1.0	10.0	102.0	both too long	both too long
YOR146W	XV	+	306	306	143.0	142.0	575.0	2.0	623.0	79.0	623	80.0	3.0	262.0	262	263.0	0.0	1.0		259.0		both too short
YOR147W	XV	+	1869	1869	144.0	146.0	771.6	42.0	25.0	36.0	36	37.0	159.0	187.0	187	173.0	1.0	1.0	11.0	28.0	both too short	DRS too short
YOR148C	XV	-	558	558	148.0	125.0	513.2	32.0	23.0	40.0	40	35.0	84.0	178.0	178	84.0	1.0	1.0	17.0	94.0	DRS too short	both too long
YOR149C	XV	-	1551	1551	44.0	67.0	627.9	27.0	64.0	60.0	64	61.0	286.0	431.0	431	418.0	0.0	1.0		145.0		DRS too short
YOR150W	XV	+	492	492	444.0	277.0	509.3	716.0	31.0	52.0	52	27.0	104.0	111.0	111	99.0	1.0	1.0	21.0	7.0	both too long	both too long
YOR151C	XV	-	3675	3675	660.0	808.0	800.4	5.0	266.0	288.0	288	274.0	54.0	345.0	345	346.0	1.0	1.0	22.0	291.0	DRS too short	both too short
YOR152C	XV	-	771	771	82.0	82.0	570.0	9.0	604.0	597.0	604	189.0	157.0	160.0	160	166.0	0.0	1.0		3.0		both too short
YOR153W	XV	+	4536	4536	665.0	937.0	990.0	1.0	153.0		153	166.0	107.0		107	137.0						
YOR154W	XV	+	1764	1764	357.0	78.0	488.7	4.0	44.0	46.0	46	50.0	130.0	158.0	158	137.0	1.0	1.0	2.0	28.0	both too short	DRS too short
YOR155C	XV	-	1353	1353	108.0	98.0	832.3	10.0	17.0	20.0	20	1.0	59.0	85.0	85	109.0	1.0	1.0	3.0	26.0	both too long	both too short
YOR156C	XV	-	2181	2181	123.0	22.0	434.3	10.0	143.0	170.0	170	152.0	254.0	254.0	254	253.0	1.0	0.0	27.0		DRS too short	
YOR157C	XV	-	786	786	268.0	382.0	702.2	446.0	74.0	61.0	74	65.0	56.0	218.0	218	52.0	0.0	1.0		162.0		both too long
YOR158W	XV	+	957	957	170.0	107.0	605.7	187.0	17.0	70.0	70	27.0	102.0	153.0	153	40.0	1.0	1.0	53.0	51.0	DRS too short	both too long
YOR159C	XV	-	285	285	141.0	299.0	509.2	60.0	63.0	70.0	70	44.0	78.0	743.0	743	244.0	1.0	1.0	7.0	665.0	both too long	DRS too short
YOR160W	XV	+	2919	2919	184.0	124.0	594.5	10.0	66.0	98.0	98	68.0	86.0	94.0	94	84.0	1.0	1.0	32.0	8.0	DRS too short	both too long
YOR161C	XV	-	1620	1620	71.0	61.0	534.7	6.0	154.0	136.0	154	137.0	95.0	118.0	118	93.0	0.0	1.0		23.0		both too long
YOR161C-C	XV	-	147	147	26.0		406.5	1.0			0	460.0			0	408.0						
YOR161W-A	XV	+	81	81	22.0		565.2	13.0			0	466.0			0	1170.0						
YOR161W-B	XV	+	261	261	11.0		600.4	13.0			0	867.0			0	589.0						
YOR162C	XV	-	2433	2433	45.0	62.0	885.0	4.0	172.0		172	214.0	154.0		154	148.0						
YOR163W	XV	+	567	567	201.0	122.0	613.4	213.0	29.0	338.0	338	37.0	71.0	72.0	72	73.0	1.0	1.0	309.0	1.0	DRS too short	both too short
YOR164C	XV	-	939	939	307.0	388.0	846.2	42.0	30.0	49.0	49	20.0	134.0	270.0	270	215.0	1.0	1.0	19.0	136.0	both too long	DRS too short
YOR165W	XV	+	2331	2331	179.0	228.0	1074.9	243.0	27.0	32.0	32	33.0	93.0	260.0	260	167.0	1.0	1.0	5.0	167.0	both too short	DRS too short
YOR166C	XV	-	1377	1377	2464.0	66.0	363.3	9.0	42.0	54.0	54	55.0	179.0	172.0	179	173.0	1.0	0.0	12.0		both too short	
YOR167C	XV	-	204	204	2382.0	7283.0	353.8	2609.0	22.0	11.0	22	12.0	124.0	226.0	226	131.0	0.0	1.0		102.0		DRS too short
YOR168W	XV	+	2430	2430	2972.0	545.0	464.5	49.0	17.0	41.0	41	28.0	103.0	116.0	116	101.0	1.0	1.0	24.0	13.0	DRS too short	both too long
YOR169C	XV	-	465	465	293.0	481.0	667.1	0.0	293.0		293		933.0		933							
YOR170W	XV	+	306	306	232.0	55.0	542.6	0.0	67.0		67		631.0		631							
YOR171C	XV	-	1875	1875	228.0	92.0	643.5	8.0	60.0	70.0	70	68.0	191.0	217.0	217	190.0	1.0	1.0	10.0	26.0	DRS too short	both too long
YOR172W	XV	+	2361	2361	61.0	82.0	999.9	7.0	31.0	59.0	59	44.0	179.0	201.0	201	172.0	1.0	1.0	28.0	22.0	DRS too short	both too long
YOR173W	XV	+	1062	1062	56.0	47.0	563.7	3.0	89.0	55.0	89	59.0	116.0	153.0	153	117.0	0.0	1.0		37.0		DRS too short
YOR174W	XV	+	855	855	92.0	42.0	499.9	48.0	113.0	287.0	287	102.0	38.0	34.0	38	125.0	1.0	0.0	174.0		both too long	
YOR175C	XV	-	1860	1860	171.0	209.0	886.7	76.0	350.0	468.0	468	78.0	164.0	161.0	164	162.0	1.0	0.0	118.0		both too long	
YOR176W	XV	+	1182	1182	314.0	292.0	617.0	10.0	114.0	110.0	114	67.0	124.0	173.0	173	132.0	0.0	1.0		49.0		DRS too short
YOR177C	XV	-	1395	1395	68.0	21.0	440.1	1.0	41.0		41	40.0	148.0		148	165.0						
YOR178C	XV	-	2382	2382	75.0	67.0	600.7	1.0	399.0		399	326.0	99.0		99	198.0						
YOR179C	XV	-	567	567	142.0	135.0	588.8	38.0	24.0	47.0	47	15.0	274.0	475.0	475	251.0	1.0	1.0	23.0	201.0	both too long	both too long
YOR180C	XV	-	816	816	35.0	43.0	539.3	9.0	176.0	500.0	500	501.0	228.0	256.0	256	258.0	1.0	1.0	324.0	28.0	both too short	both too short
YOR181W	XV	+	1902	1902	5066.0	80.0	304.7	11.0	115.0	64.0	115	65.0	89.0	129.0	129	130.0	0.0	1.0		40.0		both too short
YOR182C	XV	-	603	192	5116.0	15236.0	301.0	697.0	0.0	379.0	379	28.0	79.0	65.0	79	102.0	1.0	0.0	379.0		DRS too short	
YOR183W	XV	+	390	390	5159.0		300.2	1.0			0	85.0			0	37.0						
YOR184W	XV	+	1188	1188	490.0	495.0	755.4	64.0	102.0	121.0	121	114.0	103.0	136.0	136	116.0	1.0	1.0	19.0	33.0	DRS too short	DRS too short
YOR185C	XV	-	663	663	124.0	93.0	458.8	187.0	74.0	63.0	74	58.0	63.0	172.0	172	66.0	0.0	1.0		109.0		DRS too short
YOR186C-A	XV	-	210	210	8.0	8.0	426.4	1.0		122.0	122	123.0		352.0	352	353.0						
YOR186W	XV	+	435	435	12.0	14.0	397.2	5.0		680.0	680	83.0		108.0	108	143.0						
YOR187W	XV	+	1314	1314	496.0	688.0	867.1	338.0	87.0	115.0	115	17.0	121.0	219.0	219	122.0	1.0	1.0	28.0	98.0	both too long	DRS too short
YOR188W	XV	+	3414	3414	276.0	84.0	490.8	11.0	86.0	95.0	95	96.0	132.0	129.0	132	130.0	1.0	0.0	9.0		both too short	
YOR189W	XV	+	351	351	132.0	168.0	454.8	218.0	15.0	12.0	15	21.0	36.0	873.0	873	223.0	0.0	1.0		837.0		DRS too short
YOR190W	XV	+	1338	1338	61.0	31.0	513.3	2.0	467.0	362.0	467	363.0	125.0	266.0	266	261.0	0.0	1.0		141.0		DRS too short
YOR191W	XV	+	4860	4860	111.0	85.0	624.1	0.0	69.0		69		202.0		202							
YOR192C	XV	-	1800	1800	63.0	52.0	742.0	2.0	673.0		673	2.0	465.0		465	739.0						
YOR192C-C	XV	-	237	237	351.0	16962.0	553.0	0.0	966.0		966	274.0	994.0		994	113.0						
YOR193W	XV	+	1131	1131	144.0	107.0	677.3	14.0	48.0	68.0	68	56.0	117.0	113.0	117	114.0	1.0	0.0	20.0		DRS too short	
YOR194C	XV	-	861	861	79.0	109.0	448.5	1101.0	58.0	76.0	76	69.0	76.0	372.0	372	69.0	1.0	1.0	18.0	296.0	DRS too short	both too long
YOR195W	XV	+	2466	2466	177.0	126.0	731.3	36.0	54.0	69.0	69	70.0	227.0	223.0	227	223.0	1.0	0.0	15.0		both too short	
YOR196C	XV	-	1245	1245	184.0	227.0	755.9	119.0	36.0	23.0	36	24.0	160.0	399.0	399	155.0	0.0	1.0		239.0		both too long
YOR197W	XV	+	1299	1299	545.0	407.0	632.7	84.0	17.0	15.0	17	16.0	76.0	188.0	188	78.0	0.0	1.0		112.0		DRS too short
YOR198C	XV	-	1413	1413	644.0	774.0	798.7	34.0	181.0	232.0	232	189.0	225.0	225.0	225	224.0	1.0	0.0	51.0		DRS too short	
YOR199W	XV	+	330	330	23.0	15.0	558.5	2.0	370.0		370	14.0	398.0		398	2.0						
YOR200W	XV	+	399	399	27.0	23.0	818.1	0.0	26.0		26	32.0	752.0		752	9.0						
YOR201C	XV	-	1239	1239	58.0	56.0	716.7	194.0	6.0	62.0	62	41.0	40.0	125.0	125	74.0	1.0	1.0	56.0	85.0	DRS too short	DRS too short
YOR202W	XV	+	663	663	40.0	119.0	484.0	747.0	33.0	22.0	33	10.0	88.0	199.0	199	86.0	0.0	1.0		111.0		both too long
YOR203W	XV	+	354	354	36.0	15.0	511.2	1.0	125.0		125	642.0	248.0		248	37.0						
YOR204W	XV	+	1815	1815	617.0	1025.0	564.5	316.0	16.0	18.0	18	19.0	722.0	781.0	781	721.0	1.0	1.0	2.0	59.0	both too short	both too long
YOR205C	XV	-	1671	1671	490.0	49.0	388.6	92.0	8.0	489.0	489	8.0	101.0	79.0	101	121.0	1.0	0.0	481.0		both too long	
YOR206W	XV	+	2133	2133	358.0	333.0	786.8	32.0	18.0	37.0	37	29.0	83.0	86.0	86	87.0	1.0	1.0	19.0	3.0	DRS too short	both too short
YOR207C	XV	-	3450	3450	287.0	312.0	617.5	5.0	170.0	64.0	170	65.0	178.0	128.0	178	129.0	0.0	0.0				
YOR208W	XV	+	2253	2253	298.0	223.0	660.8	2.0	207.0		207	185.0	110.0		110	116.0						
YOR209C	XV	-	1290	1290	453.0	498.0	821.6	110.0	139.0	150.0	150	151.0	118.0	217.0	217	131.0	1.0	1.0	11.0	99.0	both too short	DRS too short
YOR210W	XV	+	213	213	650.0	1268.0	458.6	346.0		221.0	221	62.0		314.0	314	296.0						
YOR211C	XV	-	2646	2646	714.0	116.0	528.0	3.0	192.0	206.0	206	207.0	51.0	123.0	123	105.0	1.0	1.0	14.0	72.0	both too short	DRS too short
YOR212W	XV	+	1272	1272	207.0	241.0	786.9	9.0	197.0	222.0	222	256.0	127.0	147.0	147	122.0	1.0	1.0	25.0	20.0	both too short	both too long
YOR213C	XV	-	747	747	169.0	135.0	501.0	101.0	97.0	117.0	117	118.0	346.0	369.0	369	344.0	1.0	1.0	20.0	23.0	both too short	both too long
YOR214C	XV	-	711	711	140.0		559.0	1.0			0	1009.0			0	94.0						
YOR215C	XV	-	558	558	242.0	502.0	611.7	338.0	30.0	29.0	30	30.0	142.0	395.0	395	143.0	0.0	1.0		253.0		DRS too short
YOR216C	XV	-	1455	1455	237.0	112.0	630.6	32.0	50.0	59.0	59	59.0	91.0	158.0	158	103.0	1.0	1.0	9.0	67.0	both too short	DRS too short
YOR217W	XV	+	2586	2586	101.0	129.0	693.1	65.0	92.0	91.0	92	87.0	232.0	404.0	404	228.0	0.0	1.0		172.0		both too long
YOR218C	XV	-	420	420	82.0	75.0	527.0	0.0	263.0		263		859.0		859							
YOR219C	XV	-	2796	2796	96.0	77.0	709.5	3.0	80.0		80	87.0	208.0		208	343.0						
YOR220W	XV	+	798	798	171.0	213.0	722.9	54.0	34.0	394.0	394	24.0	169.0	164.0	169	172.0	1.0	0.0	360.0		both too long	
YOR221C	XV	-	1083	1083	269.0	77.0	566.0	37.0	87.0	118.0	118	52.0	177.0	207.0	207	187.0	1.0	1.0	31.0	30.0	both too long	DRS too short
YOR222W	XV	+	924	924	446.0	606.0	638.3	287.0	83.0	508.0	508	28.0	36.0	33.0	36	60.0	1.0	0.0	425.0		both too long	
YOR223W	XV	+	879	879	246.0	22.0	418.5	30.0	194.0	135.0	194	42.0	53.0	200.0	200	201.0	0.0	1.0		147.0		both too short
YOR224C	XV	-	441	441	213.0	608.0	444.2	915.0	43.0	35.0	43	36.0	107.0	1073.0	1073	107.0	0.0	1.0		966.0		both too long
YOR225W	XV	+	330	330	220.0	51.0	464.6	0.0	6.0		6		158.0		158							
YOR226C	XV	-	471	471	214.0	122.0	461.7	267.0	140.0	301.0	301	21.0	160.0	156.0	160	157.0	1.0	0.0	161.0		both too long	
YOR227W	XV	+	3741	3741	94.0	106.0	904.9	7.0	185.0		185	232.0	164.0		164	161.0						
YOR228C	XV	-	909	909	66.0	56.0	591.7	40.0	251.0	271.0	271	212.0	128.0	235.0	235	133.0	1.0	1.0	20.0	107.0	both too long	DRS too short
YOR229W	XV	+	1404	1404	100.0	97.0	466.4	19.0	76.0	87.0	87	93.0	207.0	272.0	272	205.0	1.0	1.0	11.0	65.0	both too short	both too long
YOR230W	XV	+	1314	1314	435.0	536.0	1036.7	735.0	123.0	147.0	147	51.0	165.0	188.0	188	188.0	1.0	1.0	24.0	23.0	both too long	both too short
YOR231C-A	XV	-	201	201	70.0		606.0	0.0	721.0		721		701.0		701							
YOR231W	XV	+	1527	1527	158.0	148.0	519.4	20.0	140.0	174.0	174	152.0	193.0	247.0	247	254.0	1.0	1.0	34.0	54.0	DRS too short	both too short
YOR232W	XV	+	687	687	1035.0	1232.0	719.5	482.0	105.0	62.0	105	117.0	139.0	326.0	326	135.0	0.0	1.0		187.0		both too long
YOR233W	XV	+	2403	2403	3844.0	38.0	430.4	7.0	204.0	177.0	204	178.0	65.0	66.0	66	67.0	0.0	1.0		1.0		both too short
YOR234C	XV	-	851	324	3483.0	7064.0	428.3	923.0	0.0	20.0	20	18.0	79.0	325.0	325	76.0	1.0	1.0	20.0	246.0	DRS too short	both too long
YOR235W	XV	+	315	315	179.0		332.3	0.0			0				0							
YOR236W	XV	+	636	636	213.0	74.0	404.1	27.0	21.0	5.0	21	14.0	65.0	468.0	468	66.0	0.0	1.0		403.0		DRS too short
YOR237W	XV	+	1305	1305	42.0	6.0	445.2	2.0			0	1094.0			0	54.0						
YOR238W	XV	+	912	912	53.0	92.0	604.1	23.0	43.0	28.0	43	7.0	81.0	240.0	240	72.0	0.0	1.0		159.0		both too long
YOR239W	XV	+	1888	1887	151.0	186.0	721.9	17.0	15.0	62.0	62	54.0	209.0	228.0	228	207.0	1.0	1.0	47.0	19.0	DRS too short	both too long
YOR241W	XV	+	1647	1647	294.0	328.0	833.6	17.0	183.0		183	1312.0	94.0		94	101.0						
YOR242C	XV	-	1116	1116	309.0	161.0	494.7	1.0	632.0		632	2401.0	103.0		103	97.0						
YOR243C	XV	-	2031	2031	417.0	469.0	1008.7	65.0	22.0	16.0	22	17.0	176.0	372.0	372	206.0	0.0	1.0		196.0		DRS too short
YOR244W	XV	+	1338	1338	107.0	97.0	676.0	25.0	56.0	57.0	57	58.0	98.0	174.0	174	97.0	1.0	1.0	1.0	76.0	both too short	both too long
YOR245C	XV	-	1257	1257	188.0	144.0	698.2	18.0	236.0	227.0	236	218.0	117.0	167.0	167	115.0	0.0	1.0		50.0		both too long
YOR246C	XV	-	993	993	141.0	191.0	781.1	849.0	82.0	65.0	82	63.0	89.0	162.0	162	83.0	0.0	1.0		73.0		both too long
YOR247W	XV	+	633	633	399.0	358.0	686.6	734.0	238.0		238	233.0	130.0		130	136.0						
YOR248W	XV	+	303	303	372.0	729.0	662.1	734.0		322.0	322	570.0		213.0	213	129.0						
YOR249C	XV	-	2058	2058	414.0	67.0	627.8	33.0	38.0	43.0	43	21.0	56.0	62.0	62	54.0	1.0	1.0	5.0	6.0	both too long	both too long
YOR250C	XV	-	1338	1338	67.0	50.0	629.0	17.0	29.0	43.0	43	35.0	46.0	123.0	123	36.0	1.0	1.0	14.0	77.0	DRS too short	both too long
YOR251C	XV	-	915	915	144.0	110.0	671.3	54.0	30.0	222.0	222	23.0	65.0	93.0	93	95.0	1.0	1.0	192.0	28.0	both too long	both too short
YOR252W	XV	+	537	537	192.0	232.0	544.0	298.0	20.0	31.0	31	32.0	102.0	162.0	162	73.0	1.0	1.0	11.0	60.0	both too short	both too long
YOR253W	XV	+	531	531	296.0	357.0	544.6	246.0	32.0	31.0	32	29.0	15.0	195.0	195	112.0	0.0	1.0		180.0		DRS too short
YOR254C	XV	-	1992	1992	382.0	351.0	865.2	2285.0	35.0	43.0	43	20.0	100.0	125.0	125	93.0	1.0	1.0	8.0	25.0	both too long	both too long
YOR255W	XV	+	837	837	49.0		543.6	3.0			0	280.0			0	176.0						
YOR256C	XV	-	2430	2430	195.0	157.0	938.4	4.0	130.0	171.0	171	149.0	56.0	68.0	68	47.0	1.0	1.0	41.0	12.0	DRS too short	both too long
YOR257W	XV	+	486	486	86.0	199.0	493.9	127.0	40.0	214.0	214	34.0	39.0	59.0	59	55.0	1.0	1.0	174.0	20.0	both too long	DRS too short
YOR258W	XV	+	654	654	227.0	226.0	492.6	30.0	3.0	17.0	17	8.0	267.0	1068.0	1068	89.0	1.0	1.0	14.0	801.0	DRS too short	both too long
YOR259C	XV	-	1314	1314	263.0	229.0	837.8	105.0	38.0	48.0	48	25.0	78.0	229.0	229	215.0	1.0	1.0	10.0	151.0	both too long	DRS too short
YOR260W	XV	+	1737	1737	360.0	161.0	628.9	228.0	38.0	59.0	59	44.0	124.0	217.0	217	121.0	1.0	1.0	21.0	93.0	DRS too short	both too long
YOR261C	XV	-	1017	1017	857.0	1063.0	975.7	34.0	106.0	92.0	106	93.0	79.0	221.0	221	77.0	0.0	1.0		142.0		both too long
YOR262W	XV	+	1044	1044	20.0	34.0	670.4	407.0	52.0	67.0	67	63.0	104.0	111.0	111	101.0	1.0	1.0	15.0	7.0	DRS too short	both too long
YOR263C	XV	-	408	408	23.0	12.0	558.9	1.0	998.0		998	304.0	144.0		144	389.0						
YOR264W	XV	+	1293	1293	163.0	93.0	571.7	24.0	47.0	204.0	204	53.0	144.0	175.0	175	183.0	1.0	1.0	157.0	31.0	DRS too short	both too short
YOR265W	XV	+	321	321	144.0	341.0	422.7	234.0		70.0	70	37.0		251.0	251	31.0						
YOR266W	XV	+	1272	1272	281.0	62.0	463.1	6.0	91.0	103.0	103	18.0	47.0	74.0	74	42.0	1.0	1.0	12.0	27.0	both too long	both too long
YOR267C	XV	-	2280	2280	184.0	277.0	810.6	20.0	139.0	178.0	178	400.0	198.0	179.0	198	181.0	1.0	0.0	39.0		both too short	
YOR268C	XV	-	399	399	23.0	13.0	395.7	1.0			0	1971.0			0	461.0						
YOR269W	XV	+	1485	1485	408.0	62.0	485.2	20.0	84.0	110.0	110	76.0	107.0	176.0	176	158.0	1.0	1.0	26.0	69.0	both too long	DRS too short
YOR270C	XV	-	2523	2523	758.0	998.0	878.1	228.0	33.0	181.0	181	171.0	129.0	158.0	158	127.0	1.0	1.0	148.0	29.0	DRS too short	both too long
YOR271C	XV	-	984	984	466.0	448.0	639.7	28.0	58.0	116.0	116	60.0	75.0	142.0	142	70.0	1.0	1.0	58.0	67.0	DRS too short	both too long
YOR272W	XV	+	1383	1383	362.0	272.0	565.0	919.0	61.0	54.0	61	47.0	82.0	230.0	230	79.0	0.0	1.0		148.0		both too long
YOR273C	XV	-	1980	1980	200.0	172.0	563.1	15.0	86.0	200.0	200	84.0	129.0	134.0	134	116.0	1.0	1.0	114.0	5.0	both too long	both too long
YOR274W	XV	+	1287	1287	191.0	169.0	603.0	23.0	83.0	8.0	83	0.0	159.0	282.0	282	276.0	0.0	1.0		123.0		DRS too short
YOR275C	XV	-	1986	1986	403.0	78.0	574.0	528.0	20.0	7.0	20	8.0	120.0	239.0	239	132.0	0.0	1.0		119.0		DRS too short
YOR276W	XV	+	486	486	525.0	821.0	465.1	116.0	50.0	92.0	92	25.0	93.0	153.0	153	92.0	1.0	1.0	42.0	60.0	both too long	both too long
YOR277C	XV	-	309	309	502.0	313.0	453.1	1.0	93.0		93	53.0	187.0		187	2563.0						
YOR278W	XV	+	828	828	218.0	74.0	362.6	75.0	87.0	172.0	172	21.0	81.0	167.0	167	81.0	1.0	1.0	85.0	86.0	both too long	both too long
YOR279C	XV	-	933	933	112.0	62.0	524.2	17.0	111.0	122.0	122	111.0	71.0	126.0	126	94.0	1.0	1.0	11.0	55.0	both too long	DRS too short
YOR280C	XV	-	801	801	126.0	141.0	576.1	28.0	46.0	56.0	56	12.0	70.0	122.0	122	63.0	1.0	1.0	10.0	52.0	both too long	both too long
YOR281C	XV	-	861	861	85.0	123.0	775.0	117.0	41.0	85.0	85	3.0	96.0	98.0	98	94.0	1.0	1.0	44.0	2.0	both too long	both too long
YOR282W	XV	+	321	321	190.0		672.1	0.0	635.0		635		0.0		0							
YOR283W	XV	+	693	693	141.0	400.0	650.0	62.0	97.0	165.0	165	104.0	146.0	175.0	175	143.0	1.0	1.0	68.0	29.0	DRS too short	both too long
YOR284W	XV	+	732	732	417.0	39.0	490.1	11.0	41.0	46.0	46	51.0	282.0	374.0	374	281.0	1.0	1.0	5.0	92.0	both too short	both too long
YOR285W	XV	+	420	420	468.0	996.0	497.1	1223.0	10.0	19.0	19	6.0	69.0	195.0	195	68.0	1.0	1.0	9.0	126.0	both too long	both too long
YOR286W	XV	+	450	450	443.0	323.0	477.6	802.0	33.0	35.0	35	4.0	79.0	249.0	249	84.0	1.0	1.0	2.0	170.0	both too long	DRS too short
YOR287C	XV	-	903	903	188.0	25.0	447.1	44.0	19.0	85.0	85	22.0	65.0	72.0	72	78.0	1.0	1.0	66.0	7.0	DRS too short	both too short
YOR288C	XV	-	957	957	145.0	197.0	671.4	20.0	115.0	988.0	988	33.0	85.0	90.0	90	78.0	1.0	1.0	873.0	5.0	both too long	both too long
YOR289W	XV	+	756	756	118.0	99.0	634.8	10.0	138.0	30.0	138	1.0	60.0	80.0	80	55.0	0.0	1.0		20.0		both too long
YOR290C	XV	-	5112	5112	81.0	56.0	598.1	0.0	107.0		107		74.0		74							
YOR291W	XV	+	4419	4419	87.0	101.0	751.6	1.0	148.0	140.0	148	141.0	68.0	111.0	111	112.0	0.0	1.0		43.0		both too short
YOR292C	XV	-	930	930	66.0	51.0	516.9	24.0	36.0	55.0	55	44.0	64.0	77.0	77	61.0	1.0	1.0	19.0	13.0	DRS too short	both too long
YOR293C-A	XV	-	150	150	5879.0	1452.0	473.5	3.0	13.0	70.0	70	53.0	413.0	118.0	413	83.0	1.0	0.0	57.0		DRS too short	
YOR293W	XV	+	755	318	5097.0	14659.0	473.9	24275.0	0.0	26.0	26	27.0	144.0	343.0	343	141.0	1.0	1.0	26.0	199.0	both too short	both too long
YOR294W	XV	+	612	612	5133.0	62.0	470.0	30.0	35.0	92.0	92	46.0	150.0	160.0	160	149.0	1.0	1.0	57.0	10.0	DRS too short	both too long
YOR295W	XV	+	687	687	90.0	121.0	521.9	10.0	218.0	76.0	218	77.0	233.0	230.0	233	231.0	0.0	0.0				
YOR296W	XV	+	3870	3870	106.0	56.0	524.0	1.0	119.0		119	116.0	190.0		190	183.0						
YOR297C	XV	-	579	579	48.0	76.0	557.3	1724.0	52.0	25.0	52	26.0	132.0	477.0	477	129.0	0.0	1.0		345.0		both too long
YOR298C-A	XV	-	456	456	2115.0	4274.0	568.6	231.0	106.0	43.0	106	44.0	227.0	624.0	624	231.0	0.0	1.0		397.0		DRS too short
YOR298W	XV	+	1440	1440	2210.0	32.0	565.1	1.0	0.0		0	1152.0	12.0		12	58.0						
YOR299W	XV	+	2241	2241	96.0	113.0	1070.3	47.0	95.0	139.0	139	72.0	73.0	58.0	73	59.0	1.0	0.0	44.0		both too long	
YOR300W	XV	+	309	309	57.0	73.0	524.1	5.0	978.0		978	2204.0	329.0		329	40.0						
YOR301W	XV	+	1308	1308	71.0	29.0	549.9	193.0	5.0	9.0	9	18.0	310.0	454.0	454	310.0	1.0	1.0	4.0	144.0	both too short	both too long
YOR302W	XV	+	78	78	33.0	29.0	445.5	218.0		1538.0	1538	109.0		13.0	13	1367.0						
YOR303W	XV	+	1236	1236	388.0	588.0	795.4	218.0	228.0	131.0	228	243.0	76.0	77.0	77	75.0	0.0	1.0		1.0		both too long
YOR304C-A	XV	-	231	231	75.0	105.0	445.2	168.0	70.0	35.0	70	1.0	334.0	654.0	654	342.0	0.0	1.0		320.0		DRS too short
YOR304W	XV	+	3363	3363	321.0	114.0	528.7	3.0	79.0	41.0	79	171.0	90.0	81.0	90	83.0	0.0	0.0				
YOR305W	XV	+	729	729	289.0	480.0	534.7	8.0	76.0	62.0	76	73.0	6.0	1741.0	1741	78.0	0.0	1.0		1735.0		DRS too short
YOR306C	XV	-	1566	1566	498.0	318.0	954.6	11.0	498.0	1617.0	1617	140.0	103.0	105.0	105	62.0	1.0	1.0	1119.0	2.0	both too long	both too long
YOR307C	XV	-	1362	1362	156.0	130.0	709.0	4.0	606.0	196.0	606	172.0	72.0	301.0	301	299.0	0.0	1.0		229.0		DRS too short
YOR308C	XV	-	1764	1764	111.0	16.0	461.4	6.0	17.0		17	24.0	164.0		164	271.0						
YOR309C	XV	-	381	381	97.0	187.0	392.2	157.0	730.0	1255.0	1255	1315.0	106.0	149.0	149	130.0	1.0	1.0	525.0	43.0	both too short	DRS too short
YOR310C	XV	-	1536	1536	194.0	109.0	448.6	157.0	24.0	32.0	32	33.0	263.0	115.0	263	257.0	1.0	0.0	8.0		both too short	
YOR311C	XV	-	873	873	8122.0	265.0	565.7	125.0	55.0	234.0	234	47.0	207.0	1958.0	1958	209.0	1.0	1.0	179.0	1751.0	both too long	DRS too short
YOR312C	XV	-	945	519	7877.0	15817.0	562.5	187.0	0.0	164.0	164	26.0	83.0	137.0	137	86.0	1.0	1.0	164.0	54.0	DRS too short	DRS too short
YOR313C	XV	-	1017	1017	10.0	17.0	737.6	64.0	583.0	530.0	583	496.0	192.0	221.0	221	211.0	0.0	1.0		29.0		DRS too short
YOR314W	XV	+	330	330				0.0			0				0							
YOR314W-A	XV	+	111	111	5.0		541.4	0.0			0	62.0			0	373.0						
YOR315W	XV	+	1041	1041	82.0	92.0	491.3	26.0	76.0	156.0	156	157.0	405.0	425.0	425	411.0	1.0	1.0	80.0	20.0	both too short	DRS too short
YOR316C	XV	-	1320	1320	115.0	100.0	768.3	55.0	427.0	210.0	427	151.0	65.0	141.0	141	139.0	0.0	1.0		76.0		DRS too short
YOR316C-A	XV	-	210	210	11.0	13.0	368.1	5.0		258.0	258	246.0		1200.0	1200	1629.0						
YOR317W	XV	+	2103	2103	393.0	582.0	985.9	109.0	14.0	103.0	103	29.0	239.0	248.0	248	249.0	1.0	1.0	89.0	9.0	DRS too short	both too short
YOR318C	XV	-	653	306	257.0	60.0	546.3	4.0		119.0	119	120.0		168.0	168	169.0						
YOR319W	XV	+	642	642	109.0	73.0	571.0	16.0	652.0	473.0	652	24.0	136.0	177.0	177	132.0	0.0	1.0		41.0		both too long
YOR320C	XV	-	1476	1476	197.0	237.0	979.3	94.0	112.0	119.0	119	117.0	100.0	112.0	112	93.0	1.0	1.0	7.0	12.0	DRS too short	both too long
YOR321W	XV	+	2262	2262	82.0	77.0	721.4	775.0	43.0	77.0	77	49.0	23.0	140.0	140	36.0	1.0	1.0	34.0	117.0	DRS too short	DRS too short
YOR322C	XV	-	2457	2457	189.0	83.0	498.0	5.0	210.0		210	247.0	153.0		153	79.0						
YOR323C	XV	-	1371	1371	340.0	422.0	807.3	189.0	23.0	34.0	34	19.0	85.0	476.0	476	83.0	1.0	1.0	11.0	391.0	both too long	both too long
YOR324C	XV	-	1809	1809	32.0	61.0	730.9	6.0	47.0	156.0	156	157.0	137.0	134.0	137	135.0	1.0	0.0	109.0		both too short	
YOR325W	XV	+	474	474				2.0		648.0	648	649.0		21.0	21	22.0						
YOR326W	XV	+	4725	4725	409.0	326.0	752.9	2.0	179.0		179	201.0	152.0		152	53.0						
YOR327C	XV	-	348	348	287.0	372.0	455.0	251.0		133.0	133	83.0		231.0	231	95.0						
YOR328W	XV	+	4695	4695	81.0	55.0	591.3	0.0	215.0		215		63.0		63							
YOR329C	XV	-	2619	2619	86.0	114.0	639.6	5.0	86.0		86	101.0	107.0		107	89.0						
YOR329W-A	XV	+	210	210	22.0	7.0	430.1	1.0		377.0	377	378.0		141.0	141	142.0						
YOR330C	XV	-	3765	3765	287.0	49.0	727.1	0.0	42.0		42		72.0		72							
YOR331C	XV	-	558	558	210.0	499.0	519.7	0.0	305.0		305		38.0		38							
YOR332W	XV	+	702	702	194.0	506.0	511.9	7546.0	19.0	30.0	30	31.0	25.0	120.0	120	70.0	1.0	1.0	11.0	95.0	both too short	DRS too short
YOR333C	XV	-	417	417	171.0		519.4	3.0		83.0	83	37.0		42.0	42	43.0						
YOR334W	XV	+	1413	1413	553.0	35.0	523.4	38.0	41.0	58.0	58	5.0	99.0	96.0	99	97.0	1.0	0.0	17.0		both too long	
YOR335C	XV	-	2877	2877	660.0	1428.0	1086.6	24.0	92.0	116.0	116	106.0	148.0	209.0	209	133.0	1.0	1.0	24.0	61.0	DRS too short	both too long
YOR335W-A	XV	+	81	81	433.0		718.5	0.0			0				0							
YOR336W	XV	+	4098	4098	70.0	81.0	1064.1	5.0	8.0	24.0	24	25.0	135.0	175.0	175	120.0	1.0	1.0	16.0	40.0	both too short	both too long
YOR337W	XV	+	2280	2280	80.0	79.0	773.9	4.0	29.0	74.0	74	132.0	259.0	257.0	259	279.0	1.0	0.0	45.0		both too short	
YOR338W	XV	+	1092	1092	58.0	56.0	461.5	3.0	325.0	62.0	325	63.0	217.0	260.0	260	209.0	0.0	1.0		43.0		both too long
YOR339C	XV	-	471	471	55.0	50.0	380.9	2.0	628.0	727.0	727	8.0	220.0	223.0	223	251.0	1.0	1.0	99.0	3.0	both too long	both too short
YOR340C	XV	-	981	981	72.0	65.0	662.4	41.0	68.0	17.0	68	71.0	120.0	260.0	260	96.0	0.0	1.0		140.0		both too long
YOR341W	XV	+	4995	4995	852.0	1019.0	865.5	0.0	121.0		121		286.0		286							
YOR342C	XV	-	960	960	385.0	213.0	555.6	49.0	248.0	295.0	295	113.0	193.0	193.0	193	80.0	1.0	0.0	47.0		both too long	
YOR343C	XV	-	327	327	54.0	13.0	371.2	15.0	441.0	83.0	441	170.0	190.0	649.0	649	1562.0	0.0	1.0		459.0		both too short
YOR344C	XV	-	876	876	548.0	527.0	698.5	343.0	123.0	133.0	133	132.0	152.0	486.0	486	152.0	1.0	1.0	10.0	334.0	DRS too short	both too long
YOR345C	XV	-	351	351	82.0		445.2	0.0			0				0							
YOR346W	XV	+	2958	2958	178.0	86.0	585.5	13.0	157.0	195.0	195	196.0	157.0	169.0	169	81.0	1.0	1.0	38.0	12.0	both too short	both too long
YOR347C	XV	-	1521	1521	76.0	101.0	578.3	61.0	76.0	98.0	98	16.0	61.0	1390.0	1390	56.0	1.0	1.0	22.0	1329.0	both too long	both too long
YOR348C	XV	-	1884	1884	37.0	46.0	966.6	4.0	190.0		190	15.0	165.0		165	168.0						
YOR349W	XV	+	3045	3045	64.0	45.0	541.4	2.0	63.0		63	27.0	52.0		52	43.0						
YOR350C	XV	-	1992	1992	43.0	59.0	735.3	14.0	23.0		23	33.0	56.0		56	69.0						
YOR351C	XV	-	1494	1494	5.0		424.4	0.0			0				0							
YOR352W	XV	+	1032	1032	77.0	55.0	676.6	143.0	92.0	110.0	110	75.0	72.0	69.0	72	70.0	1.0	0.0	18.0		both too long	
YOR353C	XV	-	2376	2376	132.0	93.0	645.1	0.0	23.0		23		144.0		144							
YOR354C	XV	-	2079	2079	129.0	154.0	703.4	518.0	12.0	36.0	36	25.0	119.0	130.0	130	131.0	1.0	1.0	24.0	11.0	DRS too short	both too short
YOR355W	XV	+	1569	1569	264.0	299.0	819.4	28.0	489.0	588.0	588	505.0	181.0	189.0	189	191.0	1.0	1.0	99.0	8.0	DRS too short	both too short
YOR356W	XV	+	1896	1896	272.0	95.0	595.2	30.0	65.0	94.0	94	27.0	87.0	112.0	112	114.0	1.0	1.0	29.0	25.0	both too long	both too short
YOR357C	XV	-	489	489	167.0	266.0	553.4	9.0	36.0	16.0	36	9.0	99.0	238.0	238	106.0	0.0	1.0		139.0		DRS too short
YOR358W	XV	+	729	729	29.0	39.0	488.2	15.0	183.0	188.0	188	36.0	282.0	332.0	332	294.0	1.0	1.0	5.0	50.0	both too long	DRS too short
YOR359W	XV	+	1572	1572	144.0	77.0	547.1	39.0	106.0	141.0	141	123.0	130.0	308.0	308	123.0	1.0	1.0	35.0	178.0	DRS too short	both too long
YOR360C	XV	-	1581	1581	443.0	233.0	608.1	18.0	221.0	244.0	244	232.0	121.0	124.0	124	95.0	1.0	1.0	23.0	3.0	DRS too short	both too long
YOR361C	XV	-	2292	2292	922.0	1065.0	906.0	0.0	294.0		294		88.0		88							
YOR362C	XV	-	867	867	269.0	384.0	801.1	554.0	42.0	851.0	851	39.0	138.0	135.0	138	136.0	1.0	0.0	809.0		both too long	
YOR363C	XV	-	2991	2991	62.0	52.0	576.5	3.0	56.0		56	65.0	298.0		298	341.0						
YOR364W	XV	+	369	369	7.0	5.0	376.7	1.0			0	132.0			0	1914.0						
YOR365C	XV	-	2112	2112	9.0	8.0	447.8	0.0	426.0		426		40.0		40							
YOR366W	XV	+	354	354	15.0		683.8	23.0		1776.0	1776	336.0		32.0	32	44.0						
YOR367W	XV	+	603	603	60.0	118.0	481.1	17.0	14.0	14.0	14	25.0	92.0	180.0	180	91.0	0.0	1.0		88.0		both too long
YOR368W	XV	+	1206	1206	10460.0	55.0	508.8	3.0	257.0	55.0	257	4.0	118.0	109.0	118	138.0	0.0	0.0				
YOR369C	XV	-	432	432	10085.0	24520.0	504.7	19169.0	70.0	67.0	70	68.0	102.0	597.0	597	99.0	0.0	1.0		495.0		both too long
YOR370C	XV	-	1812	1812	4252.0	181.0	571.6	178.0	335.0	1020.0	1020	340.0	165.0	178.0	178	162.0	1.0	1.0	685.0	13.0	DRS too short	both too long
YOR371C	XV	-	2694	2694	37.0	6.0	481.3	9.0		45.0	45	81.0		83.0	83	84.0						
YOR372C	XV	-	1665	1665	49.0	75.0	756.4	10.0	52.0	91.0	91	70.0	339.0	340.0	340	333.0	1.0	1.0	39.0	1.0	DRS too short	both too long
YOR373W	XV	+	2556	2556	20.0	28.0	1236.5	0.0	71.0		71		97.0		97							
YOR374W	XV	+	1560	1560	687.0	121.0	468.5	362.0	55.0	66.0	66	48.0	134.0	143.0	143	142.0	1.0	1.0	11.0	9.0	both too long	DRS too short
YOR375C	XV	-	1365	1365	1319.0	1882.0	878.6	2057.0	65.0	179.0	179	68.0	100.0	139.0	139	98.0	1.0	1.0	114.0	39.0	DRS too short	both too long
YOR376W	XV	+	369	369	15.0	6.0	487.0	0.0			0				0							
YOR376W-A	XV	+	156	156	37.0	37.0	641.5	4.0		489.0	489	490.0		1054.0	1054	768.0						
YOR377W	XV	+	1578	1578	166.0	162.0	697.0	5.0	970.0	50.0	970	51.0	230.0	338.0	338	221.0	0.0	1.0		108.0		both too long
YOR378W	XV	+	1548	1548	13.0	16.0	902.5	4.0	628.0	121.0	628	122.0	6.0	68.0	68	69.0	0.0	1.0		62.0		both too short
YOR379C	XV	-	339	339	7.0		354.4	1.0			0	22.0			0	2702.0						
YOR380W	XV	+	1641	1641	47.0	49.0	507.6	28.0	196.0	212.0	212	208.0	51.0	83.0	83	54.0	1.0	1.0	16.0	32.0	DRS too short	DRS too short
YOR381W	XV	+	2136	2136	51.0	47.0	772.6	5.0	511.0	466.0	511	311.0	71.0	115.0	115	108.0	0.0	1.0		44.0		DRS too short
YOR381W-A	XV	+	168	168	32.0	7.0	384.4	3.0		392.0	392	393.0		799.0	799	800.0						
YOR382W	XV	+	462	462	70.0	75.0	385.2	863.0	15.0	316.0	316	17.0	98.0	97.0	98	94.0	1.0	0.0	301.0		DRS too short	
YOR383C	XV	-	615	615	58.0	72.0	669.0	1046.0	247.0	1033.0	1033	47.0	155.0	199.0	199	200.0	1.0	1.0	786.0	44.0	both too long	both too short
YOR384W	XV	+	2085	2085	10.0		888.1	11.0	378.0		378	38.0	122.0		122	1033.0						
YOR385W	XV	+	873	873	503.0	539.0	681.8	53.0	256.0	7.0	256	8.0	282.0	543.0	543	283.0	0.0	1.0		261.0		DRS too short
YOR386W	XV	+	1698	1698	139.0	79.0	769.3	5.0	54.0		54	14.0	221.0		221	225.0						
YOR387C	XV	-	621	621	21.0	8.0	574.7	1.0	435.0		435	673.0	34.0		34	87.0						
YOR388C	XV	-	1131	1131		11.0		0.0	155.0		155		143.0		143							
YOR389W	XV	+	1875	1875	33.0	42.0	745.4	2.0	55.0		55	39.0	218.0		218	379.0						
YOR390W	XV	+	1128	1128	33.0	35.0	602.3	2.0	79.0	71.0	79	66.0	39.0	271.0	271	304.0	0.0	1.0		232.0		both too short
YOR391C	XV	-	714	714	10.0		306.8	0.0			0				0							
YOR392W	XV	+	444	444				0.0			0				0							
YOR393W	XV	+	1314	1314				0.0	26.0		26		12.0		12							
YOR394C-A	XV	-	168	168		5.0		0.0	917.0		917		5.0		5							
YOR394W	XV	+	495	495				0.0			0				0							
YOR396C-A	XV	-	483	483	18.0	32.0	510.9	0.0	641.0		641		643.0		643							
YOR396W	XV	+	5391	5391	38.0	72.0	657.2	0.0	852.0		852		641.0		641							
YPL001W	XVI	+	1125	1125	121.0	127.0	802.6	10.0	17.0	55.0	55	29.0	57.0	53.0	57	54.0	1.0	0.0	38.0		DRS too short	
YPL002C	XVI	-	702	702	68.0	97.0	602.7	12.0	50.0	64.0	64	19.0	301.0	367.0	367	363.0	1.0	1.0	14.0	66.0	both too long	DRS too short
YPL003W	XVI	+	1389	1389	93.0	65.0	754.9	16.0	31.0	11.0	31	12.0	17.0	101.0	101	17.0	0.0	1.0		84.0		both too long
YPL004C	XVI	-	1026	1026	431.0	606.0	795.4	341.0	54.0	48.0	54	25.0	178.0	323.0	323	192.0	0.0	1.0		145.0		DRS too short
YPL005W	XVI	+	1821	1821	313.0	103.0	512.2	10.0	22.0	8.0	22	23.0	116.0	105.0	116	106.0	0.0	0.0				
YPL006W	XVI	+	3513	3513	134.0	155.0	795.1	23.0	35.0	35.0	35	48.0	65.0	220.0	220	68.0	0.0	1.0		155.0		DRS too short
YPL007C	XVI	-	1767	1767	91.0	58.0	726.9	19.0	35.0	43.0	43	38.0	101.0	118.0	118	98.0	1.0	1.0	8.0	17.0	DRS too short	both too long
YPL008W	XVI	+	2586	2586	63.0	81.0	878.6	4.0	234.0	235.0	235	228.0	72.0	77.0	77	71.0	1.0	1.0	1.0	5.0	both too long	both too long
YPL009C	XVI	-	3117	3117	485.0	118.0	617.4	4.0	19.0	18.0	19	19.0	210.0	216.0	216	187.0	0.0	1.0		6.0		both too long
YPL010W	XVI	+	570	570	445.0	919.0	599.1	383.0	53.0	85.0	85	65.0	128.0	224.0	224	125.0	1.0	1.0	32.0	96.0	DRS too short	both too long
YPL011C	XVI	-	1062	1062	243.0	66.0	589.8	18.0	47.0	56.0	56	56.0	124.0	253.0	253	114.0	1.0	1.0	9.0	129.0	both too short	both too long
YPL012W	XVI	+	3687	3687	228.0	203.0	526.7	1.0	120.0	119.0	120	120.0	129.0	123.0	129	124.0	0.0	0.0				
YPL013C	XVI	-	366	366	107.0	263.0	453.6	3581.0	43.0	51.0	51	27.0	10.0	328.0	328	9.0	1.0	1.0	8.0	318.0	both too long	both too long
YPL014W	XVI	+	1146	1146	141.0	76.0	611.8	53.0	91.0	115.0	115	34.0	202.0	255.0	255	256.0	1.0	1.0	24.0	53.0	both too long	both too short
YPL015C	XVI	-	1074	1074	84.0	93.0	803.7	195.0	44.0	606.0	606	56.0	239.0	308.0	308	323.0	1.0	1.0	562.0	69.0	DRS too short	both too short
YPL016W	XVI	+	3945	3945	59.0	71.0	611.5	0.0	366.0		366		118.0		118							
YPL017C	XVI	-	1500	1500	47.0	17.0	736.7	2.0	6.0		6	20.0	668.0		668	555.0						
YPL018W	XVI	+	1110	1110	20.0	39.0	616.8	14.0	103.0	12.0	103	13.0	982.0	1161.0	1161	1162.0	0.0	1.0		179.0		both too short
YPL019C	XVI	-	2508	2508	889.0	1411.0	796.2	231.0	132.0	246.0	246	135.0	81.0	124.0	124	82.0	1.0	1.0	114.0	43.0	DRS too short	DRS too short
YPL020C	XVI	-	1866	1866	691.0	192.0	513.7	7.0	118.0	129.0	129	130.0	93.0	96.0	96	62.0	1.0	1.0	11.0	3.0	both too short	both too long
YPL021W	XVI	+	564	564	41.0		344.9	0.0			0	93.0			0	37.0						
YPL022W	XVI	+	3303	3303	106.0	107.0	834.2	14.0	72.0	91.0	91	92.0	213.0	531.0	531	211.0	1.0	1.0	19.0	318.0	both too short	both too long
YPL023C	XVI	-	1974	1974	155.0	192.0	813.2	620.0	120.0	131.0	131	131.0	134.0	185.0	185	135.0	1.0	1.0	11.0	51.0	both too short	DRS too short
YPL024W	XVI	+	726	726	99.0	63.0	553.7	22.0	263.0	369.0	369	53.0	122.0	152.0	152	69.0	1.0	1.0	106.0	30.0	both too long	both too long
YPL025C	XVI	-	558	558	6.0		305.3	3.0		239.0	239	240.0		212.0	212	213.0						
YPL026C	XVI	-	1509	1509	81.0	130.0	913.2	30.0	56.0	83.0	83	57.0	255.0	253.0	255	247.0	1.0	0.0	27.0		DRS too short	
YPL027W	XVI	+	738	738	286.0		439.2	2.0			0	71.0			0	121.0						
YPL028W	XVI	+	1197	1197	609.0	831.0	875.1	4547.0	103.0	150.0	150	64.0	97.0	99.0	99	96.0	1.0	1.0	47.0	2.0	both too long	both too long
YPL029W	XVI	+	2214	2214	69.0	62.0	628.0	28.0	34.0	45.0	45	46.0	58.0	70.0	70	59.0	1.0	1.0	11.0	12.0	both too short	DRS too short
YPL030W	XVI	+	1704	1704	51.0	69.0	782.6	11.0	69.0	55.0	69	56.0	112.0	96.0	112	97.0	0.0	0.0				
YPL031C	XVI	-	1020	918	96.0	112.0	738.8	106.0	13.0	35.0	35	36.0	83.0	366.0	366	82.0	1.0	1.0	22.0	283.0	both too short	both too long
YPL032C	XVI	-	2478	2478	183.0	219.0	932.2	39.0	146.0	201.0	201	198.0	99.0	357.0	357	359.0	1.0	1.0	55.0	258.0	DRS too short	both too short
YPL033C	XVI	-	846	846	77.0		445.0	2.0			0	0.0		153.0	153	154.0						
YPL034W	XVI	+	498	498	34.0	78.0	522.4	61.0	323.0	365.0	365	334.0	77.0	187.0	187	139.0	1.0	1.0	42.0	110.0	DRS too short	DRS too short
YPL035C	XVI	-	348	348	39.0	6.0	576.9	0.0	310.0		310	48.0	123.0		123	281.0						
YPL036W	XVI	+	2844	2844	23.0	24.0	746.0	1.0	372.0	345.0	372	346.0	240.0	590.0	590	591.0	0.0	1.0		350.0		both too short
YPL037C	XVI	-	474	474	1201.0	2341.0	521.6	16239.0	78.0	1003.0	1003	31.0	53.0	109.0	109	52.0	1.0	1.0	925.0	56.0	both too long	both too long
YPL038W	XVI	+	534	534	1220.0	55.0	530.1	225.0	66.0	190.0	190	28.0	113.0	111.0	113	112.0	1.0	0.0	124.0		both too long	
YPL038W-A	XVI	+	192	192	41.0	91.0	566.0	2.0	998.0		998	982.0	808.0		808	10.0						
YPL039W	XVI	+	951	951	38.0	22.0	673.0	15.0	46.0	56.0	56	10.0	131.0	136.0	136	135.0	1.0	1.0	10.0	5.0	both too long	DRS too short
YPL040C	XVI	-	3009	3009	38.0	29.0	855.0	3.0	17.0		17	26.0	74.0		74	68.0						
YPL041C	XVI	-	624	624	37.0	73.0	541.9	5.0	707.0	1431.0	1431	39.0	143.0	159.0	159	161.0	1.0	1.0	724.0	16.0	both too long	both too short
YPL042C	XVI	-	1668	1668	96.0	63.0	735.0	77.0	232.0	293.0	293	244.0	110.0	107.0	110	108.0	1.0	0.0	61.0		DRS too short	
YPL043W	XVI	+	2058	2058	199.0	163.0	567.4	54.0	48.0	59.0	59	57.0	114.0	104.0	114	79.0	1.0	0.0	11.0		DRS too short	
YPL044C	XVI	-	549	549	23.0		538.8	1.0		39.0	39	40.0		110.0	110	111.0						
YPL045W	XVI	+	2397	2397	126.0	135.0	896.6	5.0	97.0	79.0	97	103.0	231.0	246.0	246	239.0	0.0	1.0		15.0		DRS too short
YPL046C	XVI	-	300	300	59.0	110.0	477.6	10.0	72.0	7.0	72	8.0	186.0	857.0	857	229.0	0.0	1.0		671.0		DRS too short
YPL047W	XVI	+	300	300	291.0	48.0	479.4	23.0	68.0	133.0	133	117.0	316.0	510.0	510	358.0	1.0	1.0	65.0	194.0	DRS too short	DRS too short
YPL048W	XVI	+	1248	1248	550.0	780.0	859.1	672.0	97.0	119.0	119	36.0	128.0	279.0	279	120.0	1.0	1.0	22.0	151.0	both too long	both too long
YPL049C	XVI	-	1359	1359	96.0	131.0	797.2	16.0	93.0	309.0	309	54.0	174.0	174.0	174	188.0	1.0	0.0	216.0		both too long	
YPL050C	XVI	-	1188	1188	316.0	385.0	805.4	20.0	191.0	216.0	216	184.0	96.0	155.0	155	159.0	1.0	1.0	25.0	59.0	both too long	both too short
YPL051W	XVI	+	597	597	217.0	52.0	490.9	21.0		51.0	51	35.0		166.0	166	167.0						
YPL052W	XVI	+	880	879	262.0	329.0	841.4	14.0	75.0	56.0	75	57.0	66.0	218.0	218	189.0	0.0	1.0		152.0		DRS too short
YPL053C	XVI	-	1341	1341	341.0	417.0	880.4	110.0	87.0	86.0	87	72.0	109.0	127.0	127	104.0	0.0	1.0		18.0		both too long
YPL054W	XVI	+	906	906	124.0	40.0	454.1	7.0	109.0		109	85.0	124.0		124	358.0						
YPL055C	XVI	-	999	999	46.0	40.0	532.0	13.0	7.0	18.0	18	8.0	78.0	546.0	546	77.0	1.0	1.0	11.0	468.0	DRS too short	both too long
YPL056C	XVI	-	306	306	35.0	44.0	427.8	46.0	851.0	1043.0	1043	193.0	222.0	215.0	222	222.0	1.0	0.0	192.0		both too long	
YPL057C	XVI	-	1149	1149	232.0	220.0	858.4	84.0	200.0	257.0	257	170.0	439.0	448.0	448	446.0	1.0	1.0	57.0	9.0	both too long	DRS too short
YPL058C	XVI	-	4536	4536	147.0	110.0	609.6	0.0	256.0		256		228.0		228							
YPL059W	XVI	+	453	453	440.0	452.0	554.1	1040.0	49.0	56.0	56	54.0	140.0	269.0	269	136.0	1.0	1.0	7.0	129.0	DRS too short	both too long
YPL060W	XVI	+	1242	1242	283.0	107.0	566.3	4.0	200.0	238.0	238	239.0	55.0	52.0	55	53.0	1.0	0.0	38.0		both too short	
YPL061W	XVI	+	1503	1503	500.0	672.0	930.4	1527.0	43.0	120.0	120	44.0	127.0	145.0	145	122.0	1.0	1.0	77.0	18.0	DRS too short	both too long
YPL062W	XVI	+	405	405	54.0		368.2	2.0			0	145.0			0	213.0						
YPL063W	XVI	+	1431	1431	101.0	144.0	915.9	627.0	113.0	129.0	129	124.0	80.0	214.0	214	71.0	1.0	1.0	16.0	134.0	DRS too short	both too long
YPL064C	XVI	-	906	906	88.0	50.0	646.7	7.0	19.0	41.0	41	0.0	59.0	126.0	126	57.0	1.0	1.0	22.0	67.0		both too long
YPL065W	XVI	+	729	729	122.0	140.0	563.0	29.0	43.0	28.0	43	0.0	66.0	133.0	133	57.0	0.0	1.0		67.0		both too long
YPL066W	XVI	+	1440	1440	96.0	111.0	800.9	22.0	169.0	170.0	170	170.0	91.0	185.0	185	106.0	1.0	1.0	1.0	94.0	both too short	DRS too short
YPL067C	XVI	-	597	597	53.0	74.0	525.7	401.0	62.0	56.0	62	57.0	87.0	536.0	536	88.0	0.0	1.0		449.0		DRS too short
YPL068C	XVI	-	882	882	57.0	24.0	485.1	20.0	404.0	76.0	404	18.0	68.0	84.0	84	65.0	0.0	1.0		16.0		both too long
YPL069C	XVI	-	1008	1008	122.0	69.0	571.5	17.0	28.0	42.0	42	40.0	184.0	216.0	216	145.0	1.0	1.0	14.0	32.0	DRS too short	both too long
YPL070W	XVI	+	1839	1839	206.0	210.0	868.8	45.0	205.0	206.0	206	207.0	104.0	221.0	221	102.0	1.0	1.0	1.0	117.0	both too short	both too long
YPL071C	XVI	-	471	471	48.0	137.0	448.7	223.0	70.0	105.0	105	46.0	90.0	215.0	215	88.0	1.0	1.0	35.0	125.0	both too long	both too long
YPL072W	XVI	+	1500	1500	80.0	30.0	558.3	74.0	187.0	192.0	192	193.0	49.0	51.0	51	46.0	1.0	1.0	5.0	2.0	both too short	both too long
YPL073C	XVI	-	486	486	22.0		394.3	0.0			0				0							
YPL074W	XVI	+	2265	2265	133.0	86.0	590.6	13.0	15.0	52.0	52	29.0	139.0	137.0	139	131.0	1.0	0.0	37.0		DRS too short	
YPL075W	XVI	+	3109	2358	233.0	266.0	752.4	3.0	76.0		76	74.0	199.0		199	218.0						
YPL076W	XVI	+	843	843	68.0	82.0	578.4	87.0	135.0	158.0	158	146.0	192.0	782.0	782	171.0	1.0	1.0	23.0	590.0	DRS too short	both too long
YPL077C	XVI	-	723	723	31.0	33.0	536.1	8.0	38.0	27.0	38	28.0	354.0	435.0	435	352.0	0.0	1.0		81.0		both too long
YPL078C	XVI	-	735	735	4733.0	1094.0	604.7	363.0	55.0	102.0	102	39.0	259.0	259.0	259	258.0	1.0	0.0	47.0		both too long	
YPL079W	XVI	+	904	483	3977.0	7772.0	541.8	1956.0	0.0	25.0	25	26.0	111.0	311.0	311	110.0	1.0	1.0	25.0	200.0	both too short	both too long
YPL080C	XVI	-	327	327	546.0	264.0	578.0	1.0	0.0	170.0	170	171.0	714.0	135.0	714	136.0	1.0	0.0	170.0		both too short	
YPL081W	XVI	+	1095	594	318.0	368.0	558.3	3416.0	29.0	40.0	40	32.0	176.0	671.0	671	172.0	1.0	1.0	11.0	495.0	DRS too short	both too long
YPL082C	XVI	-	5604	5604	78.0	125.0	1133.6	0.0	127.0		127		121.0		121							
YPL083C	XVI	-	1404	1404	127.0	117.0	492.8	26.0	66.0	77.0	77	78.0	133.0	628.0	628	146.0	1.0	1.0	11.0	495.0	both too short	DRS too short
YPL084W	XVI	+	2535	2535	141.0	65.0	718.9	10.0	45.0	40.0	45	57.0	58.0	149.0	149	150.0	0.0	1.0		91.0		both too short
YPL085W	XVI	+	6588	6588	55.0	94.0	732.7	0.0	0.0		0		112.0		112							
YPL086C	XVI	-	1674	1674	280.0	248.0	721.8	76.0	32.0	73.0	73	46.0	121.0	118.0	121	119.0	1.0	0.0	41.0		DRS too short	
YPL087W	XVI	+	954	954	410.0	397.0	753.9	18.0	139.0	261.0	261	163.0	105.0	136.0	136	146.0	1.0	1.0	122.0	31.0	DRS too short	both too short
YPL088W	XVI	+	1029	1029	204.0	221.0	741.2	3.0	104.0	59.0	104	39.0	85.0	87.0	87	87.0	0.0	1.0		2.0		both too short
YPL089C	XVI	-	2031	2031	262.0	302.0	680.0	15.0	231.0	263.0	263	294.0	152.0	120.0	152	128.0	1.0	0.0	32.0		both too short	
YPL090C	XVI	-	1105	711	5055.0	7637.0	721.4	5474.0	0.0	55.0	55	29.0	95.0	297.0	297	139.0	1.0	1.0	55.0	202.0	DRS too short	DRS too short
YPL091W	XVI	+	1452	1452	3015.0	351.0	626.3	1019.0	18.0	33.0	33	0.0	112.0	274.0	274	110.0	1.0	1.0	15.0	162.0		both too long
YPL092W	XVI	+	1377	1377	154.0	129.0	538.6	273.0	121.0	131.0	131	132.0	81.0	342.0	342	99.0	1.0	1.0	10.0	261.0	both too short	DRS too short
YPL093W	XVI	+	1944	1944	257.0	303.0	647.9	278.0	52.0	95.0	95	32.0	239.0	236.0	239	237.0	1.0	0.0	43.0		both too long	
YPL094C	XVI	-	825	825	209.0	299.0	690.2	3923.0	12.0	70.0	70	18.0	64.0	390.0	390	63.0	1.0	1.0	58.0	326.0	DRS too short	both too long
YPL095C	XVI	-	1371	1371	179.0	78.0	524.3	64.0	225.0	32.0	225	33.0	50.0	108.0	108	53.0	0.0	1.0		58.0		DRS too short
YPL096C-A	XVI	-	207	207	28.0	45.0	452.9	12.0	78.0	810.0	810	46.0	120.0	52.0	120	116.0	1.0	0.0	732.0		both too long	
YPL096W	XVI	+	1092	1092	133.0	121.0	593.1	8.0	4.0	15.0	15	16.0	64.0	1648.0	1648	62.0	1.0	1.0	11.0	1584.0	both too short	both too long
YPL097W	XVI	+	1479	1479	96.0	45.0	598.2	15.0	14.0	82.0	82	20.0	101.0	109.0	109	113.0	1.0	1.0	68.0	8.0	DRS too short	both too short
YPL098C	XVI	-	342	342	73.0	153.0	511.9	411.0	56.0	285.0	285	29.0	128.0	126.0	128	170.0	1.0	0.0	229.0		both too long	
YPL099C	XVI	-	549	549	164.0	195.0	513.1	32.0	179.0	25.0	179	20.0	166.0	368.0	368	189.0	0.0	1.0		202.0		DRS too short
YPL100W	XVI	+	1491	1491	146.0	59.0	603.8	104.0	64.0	52.0	64	53.0	47.0	160.0	160	46.0	0.0	1.0		113.0		both too long
YPL101W	XVI	+	1371	1371	60.0	90.0	764.3	61.0	37.0	50.0	50	39.0	113.0	241.0	241	204.0	1.0	1.0	13.0	128.0	DRS too short	DRS too short
YPL102C	XVI	-	303	303				1.0			0	326.0			0	2141.0						
YPL103C	XVI	-	1407	1407	55.0	87.0	634.1	614.0	49.0	18.0	49	19.0	211.0	618.0	618	138.0	0.0	1.0		407.0		both too long
YPL104W	XVI	+	1977	1977	65.0	34.0	722.4	44.0	96.0		96	41.0	138.0		138	136.0						
YPL105C	XVI	-	2550	2550	212.0	319.0	627.4	13.0	16.0	42.0	42	23.0	119.0	128.0	128	160.0	1.0	1.0	26.0	9.0	DRS too short	both too short
YPL106C	XVI	-	2082	2082	1670.0	2536.0	828.1	48.0	61.0	72.0	72	41.0	120.0	238.0	238	159.0	1.0	1.0	11.0	118.0	both too long	DRS too short
YPL107W	XVI	+	747	747	1065.0	72.0	466.6	13.0	68.0	82.0	82	41.0	95.0	245.0	245	209.0	1.0	1.0	14.0	150.0	both too long	DRS too short
YPL108W	XVI	+	507	507	32.0	36.0	574.2	1.0	866.0	25.0	866	26.0	108.0	108.0	108	109.0	0.0	0.0				
YPL109C	XVI	-	2126	1974	52.0	56.0	704.7	16.0	67.0	81.0	81	77.0	4.0	17.0	17	79.0	1.0	1.0	14.0	13.0	DRS too short	both too short
YPL110C	XVI	-	3672	3672	138.0	116.0	607.6	1.0	188.0		188	133.0	107.0		107	119.0						
YPL111W	XVI	+	1002	1002	134.0	145.0	739.3	88.0	40.0	339.0	339	46.0	108.0	103.0	108	80.0	1.0	0.0	299.0		DRS too short	
YPL112C	XVI	-	1185	1185	104.0	165.0	541.7	36.0	77.0	92.0	92	87.0	67.0	65.0	67	66.0	1.0	0.0	15.0		DRS too short	
YPL113C	XVI	-	1191	1191	86.0	29.0	505.6	6.0	330.0	35.0	330	36.0	95.0	94.0	95	88.0	0.0	0.0				
YPL114W	XVI	+	420	420	14.0	8.0	623.3	14.0		15.0	15	10.0		1104.0	1104	1085.0						
YPL115C	XVI	-	3387	3387	67.0	75.0	841.8	2.0	281.0		281	290.0	229.0		229	129.0						
YPL116W	XVI	+	2094	2094	53.0	40.0	697.9	4.0	179.0	5.0	179	197.0	128.0	128.0	128	130.0	0.0	0.0				
YPL117C	XVI	-	867	867	491.0	604.0	774.4	203.0	163.0	204.0	204	117.0	63.0	183.0	183	55.0	1.0	1.0	41.0	120.0	both too long	both too long
YPL118W	XVI	+	1035	1035	353.0	242.0	652.7	104.0	74.0	81.0	81	86.0	100.0	140.0	140	86.0	1.0	1.0	7.0	40.0	both too short	both too long
YPL119C	XVI	-	1854	1854	13.0	6.0	466.7	11.0	177.0		177	66.0	553.0		553	401.0						
YPL119C-A	XVI	-	264	264	26.0	12.0	452.9	53.0		1293.0	1293	419.0		245.0	245	14.0						
YPL120W	XVI	+	1674	1674	41.0	60.0	804.4	42.0	4.0	15.0	15	16.0	107.0	342.0	342	100.0	1.0	1.0	11.0	235.0	both too short	both too long
YPL121C	XVI	-	669	669				0.0			0				0							
YPL122C	XVI	-	1542	1542	54.0	84.0	832.3	79.0	30.0	65.0	65	26.0	59.0	98.0	98	99.0	1.0	1.0	35.0	39.0	both too long	both too short
YPL123C	XVI	-	1305	1305	147.0	163.0	819.0	17.0	42.0	82.0	82	60.0	143.0	156.0	156	141.0	1.0	1.0	40.0	13.0	DRS too short	both too long
YPL124W	XVI	+	762	762	130.0	30.0	499.3	17.0	70.0	76.0	76	57.0	58.0	97.0	97	63.0	1.0	1.0	6.0	39.0	both too long	DRS too short
YPL125W	XVI	+	3099	3099	259.0	221.0	763.3	4.0	157.0		157	157.0	73.0		73	64.0						
YPL126W	XVI	+	2691	2691	227.0	319.0	912.3	1.0	25.0		25	19.0	111.0		111	91.0						
YPL127C	XVI	-	777	777	130.0	150.0	758.5	29.0	27.0	26.0	27	35.0	142.0	454.0	454	333.0	0.0	1.0		312.0		DRS too short
YPL128C	XVI	-	1689	1689	105.0	43.0	487.3	15.0	57.0	86.0	86	87.0	280.0	277.0	280	275.0	1.0	0.0	29.0		both too short	
YPL129W	XVI	+	840	735	142.0	183.0	635.4	425.0	23.0	60.0	60	57.0	68.0	224.0	224	106.0	1.0	1.0	37.0	156.0	DRS too short	DRS too short
YPL130W	XVI	+	672	672	1048.0		449.5	3.0			0	716.0			0	1185.0						
YPL131W	XVI	+	894	894	3759.0	4796.0	840.6	53800.0	59.0	18.0	59	19.0	100.0	297.0	297	95.0	0.0	1.0		197.0		both too long
YPL132W	XVI	+	903	903	65.0	69.0	659.5	7.0	169.0	229.0	229	126.0	73.0	47.0	73	74.0	1.0	0.0	60.0		both too long	
YPL133C	XVI	-	1341	1341	18.0	19.0	672.3	73.0	119.0	169.0	169	121.0	67.0	145.0	145	146.0	1.0	1.0	50.0	78.0	DRS too short	both too short
YPL134C	XVI	-	933	933	110.0	62.0	610.1	124.0	552.0	759.0	759	20.0	103.0	101.0	103	102.0	1.0	0.0	207.0		both too long	
YPL135C-A	XVI	-	174	174	142.0	151.0	725.2	2.0	591.0		591	257.0	176.0		176	994.0						
YPL135W	XVI	+	498	498	165.0	207.0	682.7	301.0	79.0	554.0	554	91.0	357.0	391.0	391	365.0	1.0	1.0	475.0	34.0	DRS too short	DRS too short
YPL136W	XVI	+	369	369	8.0	7.0	509.8	1.0		12.0	12	13.0		121.0	121	122.0						
YPL137C	XVI	-	3831	3831	75.0	111.0	867.3	3.0	81.0		81	73.0	173.0		173	205.0						
YPL138C	XVI	-	1062	1062	71.0	49.0	582.1	27.0	41.0	203.0	203	55.0	123.0	212.0	212	122.0	1.0	1.0	162.0	89.0	DRS too short	both too long
YPL139C	XVI	-	1383	1383	90.0	93.0	707.1	21.0	49.0	34.0	49	56.0	96.0	146.0	146	91.0	0.0	1.0		50.0		both too long
YPL140C	XVI	-	1521	1521	109.0	78.0	555.1	25.0	216.0	228.0	228	219.0	188.0	228.0	228	183.0	1.0	1.0	12.0	40.0	DRS too short	both too long
YPL141C	XVI	-	2598	2598	2914.0	53.0	439.4	1.0	194.0		194	228.0	235.0		235	232.0						
YPL142C	XVI	-	318	318	2927.0	13.0	433.9	0.0			0				0							
YPL143W	XVI	+	849	324	3059.0	8842.0	436.6	5602.0	0.0	30.0	30	29.0	91.0	341.0	341	136.0	1.0	1.0	30.0	250.0	DRS too short	DRS too short
YPL144W	XVI	+	447	447	218.0	130.0	460.5	87.0	29.0	206.0	206	13.0	63.0	73.0	73	136.0	1.0	1.0	177.0	10.0	both too long	both too short
YPL145C	XVI	-	1305	1305	371.0	514.0	913.1	72.0	268.0	255.0	268	265.0	472.0	743.0	743	547.0	0.0	1.0		271.0		DRS too short
YPL146C	XVI	-	1368	1368	394.0	403.0	638.5	98.0	41.0	64.0	64	36.0	143.0	142.0	143	143.0	1.0	0.0	23.0		both too long	
YPL147W	XVI	+	2613	2613	205.0	51.0	531.0	2.0	19.0		19	85.0	85.0		85	113.0						
YPL148C	XVI	-	522	522	200.0	106.0	630.2	103.0		136.0	136	137.0		489.0	489	175.0						
YPL149W	XVI	+	885	885	280.0	326.0	570.5	35.0	66.0	76.0	76	77.0	48.0	111.0	111	33.0	1.0	1.0	10.0	63.0	both too short	both too long
YPL150W	XVI	+	2706	2706	145.0	150.0	603.3	1.0	60.0		60	38.0	115.0		115	108.0						
YPL151C	XVI	-	1356	1356	143.0	207.0	756.7	23.0	26.0	478.0	478	26.0	85.0	67.0	85	81.0	1.0	0.0	452.0		both too long	
YPL152W	XVI	+	1077	1077	102.0	73.0	633.9	27.0	66.0	62.0	66	62.0	96.0	154.0	154	94.0	0.0	1.0		58.0		both too long
YPL152W-A	XVI	+	99	99	19.0	10.0	452.0	4.0		30.0	30	21.0		855.0	855	1559.0						
YPL153C	XVI	-	2466	2466	44.0	49.0	804.2	4.0	170.0	187.0	187	140.0	181.0	179.0	181	180.0	1.0	0.0	17.0		both too long	
YPL154C	XVI	-	1218	1218	420.0	547.0	1007.5	53.0	258.0	275.0	275	263.0	100.0	223.0	223	134.0	1.0	1.0	17.0	123.0	DRS too short	DRS too short
YPL155C	XVI	-	2121	2121	189.0	71.0	481.1	18.0	66.0	40.0	66	41.0	421.0	418.0	421	419.0	0.0	0.0				
YPL156C	XVI	-	855	855	112.0	99.0	547.5	16.0	51.0	59.0	59	60.0	158.0	351.0	351	132.0	1.0	1.0	8.0	193.0	both too short	both too long
YPL157W	XVI	+	948	948	77.0	66.0	602.3	26.0	126.0	254.0	254	120.0	110.0	400.0	400	401.0	1.0	1.0	128.0	290.0	both too long	both too short
YPL158C	XVI	-	2277	2277	27.0	39.0	558.2	208.0	57.0	116.0	116	70.0	63.0	58.0	63	55.0	1.0	0.0	59.0		DRS too short	
YPL159C	XVI	-	762	762	458.0	66.0	396.0	3.0	107.0	247.0	247	118.0	237.0	303.0	303	308.0	1.0	1.0	140.0	66.0	DRS too short	both too short
YPL160W	XVI	+	3273	3273	1366.0	1744.0	992.0	157.0	54.0	85.0	85	63.0	172.0	259.0	259	171.0	1.0	1.0	31.0	87.0	DRS too short	both too long
YPL161C	XVI	-	1902	1902	52.0	63.0	602.5	0.0	49.0		49		48.0		48							
YPL162C	XVI	-	822	822	68.0	57.0	731.8	9.0	322.0	57.0	322	68.0	530.0	721.0	721	547.0	0.0	1.0		191.0		DRS too short
YPL163C	XVI	-	783	783	403.0	662.0	617.0	134.0	785.0	1145.0	1145	23.0	169.0	256.0	256	203.0	1.0	1.0	360.0	87.0	both too long	DRS too short
YPL164C	XVI	-	2148	2148	298.0	24.0	470.6	2.0	39.0	28.0	39	51.0	265.0	111.0	265	260.0	0.0	0.0				
YPL165C	XVI	-	1122	1122	51.0	42.0	786.8	4.0	119.0	43.0	119	28.0	644.0	320.0	644	316.0	0.0	0.0				
YPL166W	XVI	+	642	642	15.0	32.0	677.4	3.0	23.0	40.0	40	41.0	80.0	1201.0	1201	1127.0	1.0	1.0	17.0	1121.0	both too short	DRS too short
YPL167C	XVI	-	4515	4515	82.0	65.0	652.6	0.0	37.0		37		97.0		97							
YPL168W	XVI	+	1293	1293	96.0	115.0	737.0	89.0	138.0	144.0	144	145.0	67.0	87.0	87	64.0	1.0	1.0	6.0	20.0	both too short	both too long
YPL169C	XVI	-	1800	1800	618.0	153.0	587.3	133.0	22.0	49.0	49	36.0	183.0	205.0	205	201.0	1.0	1.0	27.0	22.0	DRS too short	DRS too short
YPL170W	XVI	+	459	459	567.0	1028.0	521.0	17.0	114.0	155.0	155	23.0	161.0	164.0	164	156.0	1.0	1.0	41.0	3.0	both too long	both too long
YPL171C	XVI	-	1203	1203	40.0	72.0	514.4	9.0	20.0	30.0	30	31.0	47.0	164.0	164	137.0	1.0	1.0	10.0	117.0	both too short	DRS too short
YPL172C	XVI	-	1389	1389	124.0	96.0	564.9	23.0	124.0	137.0	137	128.0	135.0	138.0	138	139.0	1.0	1.0	13.0	3.0	DRS too short	both too short
YPL173W	XVI	+	894	894	88.0	82.0	621.4	55.0	55.0	65.0	65	66.0	148.0	164.0	164	163.0	1.0	1.0	10.0	16.0	both too short	DRS too short
YPL174C	XVI	-	2607	2607	89.0	50.0	676.9	3.0	122.0		122	135.0	76.0		76	73.0						
YPL175W	XVI	+	1459	1359	81.0	117.0	674.9	53.0	82.0	20.0	82	63.0	119.0	471.0	471	112.0	0.0	1.0		352.0		both too long
YPL176C	XVI	-	2352	2352	242.0	241.0	805.9	39.0	20.0	33.0	33	27.0	144.0	297.0	297	128.0	1.0	1.0	13.0	153.0	DRS too short	both too long
YPL177C	XVI	-	921	921	288.0	128.0	709.3	9.0	166.0	184.0	184	125.0	55.0	126.0	126	55.0	1.0	1.0	18.0	71.0	both too long	both too long
YPL178W	XVI	+	627	627	268.0	392.0	580.3	15.0	66.0	47.0	66	48.0	39.0	171.0	171	117.0	0.0	1.0		132.0		DRS too short
YPL179W	XVI	+	1650	1650	183.0	158.0	739.3	65.0	158.0	218.0	218	169.0	204.0	257.0	257	256.0	1.0	1.0	60.0	53.0	DRS too short	DRS too short
YPL180W	XVI	+	2400	2400	87.0	66.0	631.7	104.0	35.0	49.0	49	46.0	207.0	201.0	207	202.0	1.0	0.0	14.0		DRS too short	
YPL181W	XVI	+	1521	1521	80.0	117.0	676.8	30.0	191.0	246.0	246	94.0	110.0	107.0	110	108.0	1.0	0.0	55.0		both too long	
YPL182C	XVI	-	384	384				1.0			0	14.0			0	65.0						
YPL183C	XVI	-	3042	3042	158.0	116.0	670.3	13.0	11.0	61.0	61	38.0	82.0	87.0	87	88.0	1.0	1.0	50.0	5.0	DRS too short	both too short
YPL183W-A	XVI	+	282	282	120.0	162.0	465.3	411.0	77.0	462.0	462	76.0	132.0	151.0	151	129.0	1.0	1.0	385.0	19.0	both too long	both too long
YPL184C	XVI	-	1839	1839	129.0	214.0	951.0	68.0	662.0	671.0	671	672.0	98.0	422.0	422	99.0	1.0	1.0	9.0	324.0	both too short	DRS too short
YPL185W	XVI	+	396	396	69.0	39.0	452.3	2.0	912.0	38.0	912	67.0	146.0	337.0	337	16.0	0.0	1.0		191.0		both too long
YPL186C	XVI	-	915	915	1419.0	11.0	613.4	24.0	39.0		39	53.0	159.0		159	149.0						
YPL187W	XVI	+	498	498	1330.0	2667.0	623.5	5.0		49.0	49	65.0		226.0	226	219.0						
YPL188W	XVI	+	1245	1245	182.0	178.0	596.0	3.0	14.0	24.0	24	16.0	255.0	292.0	292	124.0	1.0	1.0	10.0	37.0	DRS too short	both too long
YPL189C-A	XVI	-	207	207	164.0	338.0	493.0	392.0	97.0	125.0	125	91.0	237.0	250.0	250	236.0	1.0	1.0	28.0	13.0	both too long	both too long
YPL189W	XVI	+	1830	1830	46.0	59.0	434.3	5.0		122.0	122	108.0		661.0	661	122.0						
YPL190C	XVI	-	2409	2409	269.0	121.0	668.9	20.0	104.0	85.0	104	94.0	393.0	474.0	474	408.0	0.0	1.0		81.0		DRS too short
YPL191C	XVI	-	1083	1083	87.0	77.0	733.8	7.0	59.0	47.0	59	49.0	306.0	534.0	534	582.0	0.0	1.0		228.0		both too short
YPL192C	XVI	-	402	402	59.0		536.1	6.0			0	200.0			0	84.0						
YPL193W	XVI	+	1146	1146	67.0	115.0	718.5	7.0	60.0	38.0	60	20.0	76.0	622.0	622	35.0	0.0	1.0		546.0		both too long
YPL194W	XVI	+	1839	1839	64.0	15.0	499.0	11.0	51.0	49.0	51	25.0	228.0	232.0	232	70.0	0.0	1.0		4.0		both too long
YPL195W	XVI	+	2799	2799	162.0	160.0	645.4	12.0	24.0	26.0	26	13.0	88.0	105.0	105	106.0	1.0	1.0	2.0	17.0	both too long	both too short
YPL196W	XVI	+	822	822	412.0	157.0	560.1	15.0	65.0	76.0	76	40.0	58.0	183.0	183	55.0	1.0	1.0	11.0	125.0	both too long	both too long
YPL197C	XVI	-	414	414	389.0		536.1	0.0			0				0							
YPL198W	XVI	+	1551	735	337.0	984.0	545.6	5653.0	23.0	36.0	36	27.0	95.0	240.0	240	93.0	1.0	1.0	13.0	145.0	DRS too short	both too long
YPL199C	XVI	-	723	723	93.0	133.0	584.4	151.0	25.0	11.0	25	15.0	66.0	839.0	839	65.0	0.0	1.0		773.0		both too long
YPL200W	XVI	+	471	471	53.0		703.8	2.0			0	97.0			0	127.0						
YPL201C	XVI	-	1386	1386	22.0	15.0	425.1	1.0	15.0		15	43.0	52.0		52	56.0						
YPL202C	XVI	-	1251	1251	83.0	70.0	698.9	34.0	96.0	123.0	123	81.0	387.0	382.0	387	383.0	1.0	0.0	27.0		both too long	
YPL203W	XVI	+	1143	1143	155.0	112.0	692.8	77.0	167.0	161.0	167	162.0	244.0	384.0	384	250.0	0.0	1.0		140.0		DRS too short
YPL204W	XVI	+	1485	1485	174.0	226.0	900.3	42.0	52.0	187.0	187	186.0	136.0	189.0	189	134.0	1.0	1.0	135.0	53.0	DRS too short	both too long
YPL205C	XVI	-	345	345	12.0	6.0	455.2	0.0			0				0							
YPL206C	XVI	-	966	966	216.0	162.0	631.0	143.0	54.0	73.0	73	23.0	97.0	308.0	308	93.0	1.0	1.0	19.0	211.0	both too long	both too long
YPL207W	XVI	+	2433	2433	282.0	294.0	767.6	2.0	62.0	76.0	76	77.0	94.0	88.0	94	79.0	1.0	0.0	14.0		both too short	
YPL208W	XVI	+	1752	1752	66.0	98.0	962.2	302.0	16.0	45.0	45	0.0	75.0	71.0	75	72.0	1.0	0.0	29.0			
YPL209C	XVI	-	1104	1104	20.0	16.0	532.0	6.0	86.0	83.0	86	82.0	98.0	578.0	578	103.0	0.0	1.0		480.0		DRS too short
YPL210C	XVI	-	1923	1923	940.0	491.0	792.4	605.0	13.0	18.0	18	19.0	93.0	199.0	199	85.0	1.0	1.0	5.0	106.0	both too short	both too long
YPL211W	XVI	+	546	546	737.0	1343.0	572.4	1235.0	31.0	28.0	31	29.0	131.0	333.0	333	174.0	0.0	1.0		202.0		DRS too short
YPL212C	XVI	-	1635	1635	293.0	157.0	709.9	30.0	51.0	58.0	58	41.0	151.0	177.0	177	171.0	1.0	1.0	7.0	26.0	both too long	DRS too short
YPL213W	XVI	+	717	717	79.0	59.0	430.0	7.0	36.0	35.0	36	47.0	129.0	148.0	148	133.0	0.0	1.0		19.0		DRS too short
YPL214C	XVI	-	1623	1623	106.0	87.0	867.2	40.0	110.0	100.0	110	101.0	73.0	165.0	165	62.0	0.0	1.0		92.0		both too long
YPL215W	XVI	+	1008	1008	101.0	117.0	661.7	139.0	124.0	590.0	590	29.0	154.0	180.0	180	174.0	1.0	1.0	466.0	26.0	both too long	DRS too short
YPL216W	XVI	+	3309	3309	78.0	83.0	657.0	1.0	419.0		419	85.0	91.0		91	87.0						
YPL217C	XVI	-	3552	3552	635.0	86.0	573.3	1.0	419.0	33.0	419	34.0	83.0	97.0	97	98.0	0.0	1.0		14.0		both too short
YPL218W	XVI	+	712	573	621.0	1156.0	550.6	5173.0	0.0	61.0	61	66.0	70.0	252.0	252	63.0	1.0	1.0	61.0	182.0	both too short	both too long
YPL219W	XVI	+	1479	1479	3500.0	27.0	607.3	4.0	67.0	107.0	107	42.0	97.0	117.0	117	96.0	1.0	1.0	40.0	20.0	both too long	both too long
YPL220W	XVI	+	654	654	3781.0	8186.0	596.0	4598.0	42.0	19.0	42	12.0	92.0	289.0	289	88.0	0.0	1.0		197.0		both too long
YPL221W	XVI	+	2382	2382	1316.0	208.0	765.6	50.0	91.0	245.0	245	231.0	141.0	176.0	176	177.0	1.0	1.0	154.0	35.0	DRS too short	both too short
YPL222C-A	XVI	-	246	246	13.0	18.0	530.9	1.0	205.0	90.0	205	91.0	864.0	126.0	864	127.0	0.0	0.0				
YPL222W	XVI	+	2067	2067	19.0	18.0	901.5	52.0	109.0	122.0	122	80.0	88.0	89.0	89	90.0	1.0	1.0	13.0	1.0	both too long	both too short
YPL223C	XVI	-	507	507	20.0	28.0	498.8	3.0	131.0		131	113.0	229.0		229	225.0						
YPL224C	XVI	-	1455	1455	1015.0	182.0	563.5	72.0	184.0	244.0	244	0.0	167.0	193.0	193	189.0	1.0	1.0	60.0	26.0		DRS too short
YPL225W	XVI	+	441	441	1086.0	1731.0	502.0	675.0	23.0	7.0	23	22.0	84.0	213.0	213	134.0	0.0	1.0		129.0		DRS too short
YPL226W	XVI	+	3591	3591	435.0	602.0	822.0	59.0	18.0	28.0	28	29.0	258.0	268.0	268	252.0	1.0	1.0	10.0	10.0	both too short	both too long
YPL227C	XVI	-	1005	1005	179.0	201.0	711.8	19.0	231.0	296.0	296	125.0	25.0	73.0	73	92.0	1.0	1.0	65.0	48.0	both too long	both too short
YPL228W	XVI	+	1650	1650	146.0	101.0	597.7	18.0	122.0	142.0	142	143.0	137.0	206.0	206	201.0	1.0	1.0	20.0	69.0	both too short	DRS too short
YPL229W	XVI	+	621	621	70.0	66.0	524.8	11.0	38.0	200.0	200	20.0	267.0	287.0	287	288.0	1.0	1.0	162.0	20.0	both too long	both too short
YPL230W	XVI	+	1269	1176	49.0	67.0	660.9	7.0	463.0	149.0	463	78.0	106.0	81.0	106	78.0	0.0	0.0				
YPL231W	XVI	+	5664	5664	1370.0	1343.0	967.4	0.0	57.0		57		85.0		85							
YPL232W	XVI	+	873	873	89.0	122.0	701.7	103.0	652.0	841.0	841	163.0	83.0	78.0	83	79.0	1.0	0.0	189.0		both too long	
YPL233W	XVI	+	651	651	48.0	23.0	423.8	10.0	55.0	118.0	118	65.0	46.0	120.0	120	1404.0	1.0	1.0	63.0	74.0	DRS too short	both too short
YPL234C	XVI	-	495	495	489.0	643.0	521.0	5042.0	55.0	50.0	55	55.0	119.0	459.0	459	141.0	0.0	1.0		340.0		DRS too short
YPL235W	XVI	+	1416	1416	612.0	440.0	743.2	95.0	93.0	48.0	93	64.0	80.0	251.0	251	69.0	0.0	1.0		171.0		both too long
YPL236C	XVI	-	1095	1095	647.0	467.0	618.0	15.0	154.0	70.0	154	71.0	212.0	843.0	843	209.0	0.0	1.0		631.0		both too long
YPL237W	XVI	+	858	858	1028.0	975.0	648.7	165.0	55.0	141.0	141	43.0	117.0	127.0	127	112.0	1.0	1.0	86.0	10.0	both too long	both too long
YPL238C	XVI	-	390	390	977.0	929.0	650.2	67.0	622.0		622	445.0	10.0		10	89.0						
YPL239W	XVI	+	603	603	325.0	607.0	690.1	143.0	274.0	579.0	579	78.0	156.0	165.0	165	166.0	1.0	1.0	305.0	9.0	both too long	both too short
YPL240C	XVI	-	2130	2130	1613.0	2054.0	988.6	110.0	44.0	121.0	121	56.0	115.0	118.0	118	88.0	1.0	1.0	77.0	3.0	DRS too short	both too long
YPL241C	XVI	-	887	807	521.0	88.0	518.8	12.0	241.0	7.0	241	8.0	84.0	148.0	148	73.0	0.0	1.0		64.0		both too long
YPL242C	XVI	-	4488	4488	227.0	71.0	519.4	1.0	64.0		64	88.0	153.0		153	163.0						
YPL243W	XVI	+	1800	1800	388.0	535.0	822.0	2067.0	79.0	89.0	89	90.0	70.0	677.0	677	68.0	1.0	1.0	10.0	607.0	both too short	both too long
YPL244C	XVI	-	1020	1020	155.0	171.0	706.7	84.0	192.0	284.0	284	22.0	87.0	80.0	87	81.0	1.0	0.0	92.0		both too long	
YPL245W	XVI	+	1365	1365	152.0	134.0	729.0	18.0	177.0	57.0	177	58.0	53.0	68.0	68	57.0	0.0	1.0		15.0		DRS too short
YPL246C	XVI	-	789	789	171.0	224.0	686.6	443.0	70.0	39.0	70	40.0	96.0	263.0	263	99.0	0.0	1.0		167.0		DRS too short
YPL247C	XVI	-	1572	1572	109.0	80.0	762.4	1.0	48.0	91.0	91	92.0	108.0	99.0	108	100.0	1.0	0.0	43.0		both too short	
YPL248C	XVI	-	2646	2646	64.0	42.0	652.5	8.0	261.0		261	22.0	140.0		140	183.0						
YPL249C	XVI	-	2685	2685	41.0	42.0	748.5	6.0	324.0		324	40.0	61.0		61	77.0						
YPL249C-A	XVI	-	541	303	2929.0	4841.0	425.0	4850.0	0.0	60.0	60	38.0	149.0	249.0	249	147.0	1.0	1.0	60.0	100.0	DRS too short	both too long
YPL250C	XVI	-	411	411	433.0	981.0	406.4	17.0	58.0	66.0	66	67.0	183.0	368.0	368	164.0	1.0	1.0	8.0	185.0	both too short	both too long
YPL250W-A	XVI	+	288	288	3034.0	1250.0	418.9	0.0	203.0		203	114.0	2.0		2	85.0						
YPL251W	XVI	+	303	303	396.0	33.0	513.9	0.0	399.0		399		8.0		8							
YPL252C	XVI	-	519	519	331.0	31.0	494.1	19.0	53.0	92.0	92	44.0	106.0	134.0	134	129.0	1.0	1.0	39.0	28.0	both too long	DRS too short
YPL253C	XVI	-	1944	1944	86.0	46.0	564.3	7.0	97.0	54.0	97	47.0	96.0	134.0	134	95.0	0.0	1.0		38.0		both too long
YPL254W	XVI	+	1467	1467	74.0	83.0	649.4	16.0	230.0	255.0	255	248.0	66.0	66.0	66	67.0	1.0	0.0	25.0		DRS too short	
YPL255W	XVI	+	1158	1158	47.0	57.0	610.1	14.0	70.0	56.0	70	52.0	234.0	235.0	235	236.0	0.0	1.0		1.0		both too short
YPL256C	XVI	-	1638	1638	218.0	203.0	562.6	52.0	161.0	177.0	177	175.0	229.0	241.0	241	182.0	1.0	1.0	16.0	12.0	DRS too short	both too long
YPL257W	XVI	+	582	582	133.0	81.0	558.7	4.0	191.0	64.0	191	21.0	407.0	922.0	922	690.0	0.0	1.0		515.0		DRS too short
YPL258C	XVI	-	1656	1656	54.0	54.0	637.3	6.0	849.0	608.0	849	228.0	82.0	76.0	82	61.0	0.0	0.0				
YPL259C	XVI	-	1428	1428	199.0	101.0	679.2	9.0	7.0	56.0	56	41.0	201.0	201.0	201	209.0	1.0	0.0	49.0		DRS too short	
YPL260W	XVI	+	1656	1656	333.0	359.0	805.8	98.0	84.0	105.0	105	96.0	183.0	357.0	357	179.0	1.0	1.0	21.0	174.0	DRS too short	both too long
YPL261C	XVI	-	309	309	67.0		464.7	2.0			0	239.0			0	260.0						
YPL262W	XVI	+	1467	1467	195.0	307.0	998.0	66.0	168.0	67.0	168	177.0	45.0	239.0	239	41.0	0.0	1.0		194.0		both too long
YPL263C	XVI	-	1956	1956	51.0	84.0	477.5	132.0	19.0	18.0	19	22.0	43.0	158.0	158	42.0	0.0	1.0		115.0		both too long
YPL264C	XVI	-	1062	1062	185.0	61.0	514.9	2.0	163.0	21.0	163	22.0	24.0	262.0	262	263.0	0.0	1.0		238.0		both too short
YPL265W	XVI	+	1827	1827	200.0	289.0	864.8	14.0	606.0	125.0	606	123.0	284.0	320.0	320	279.0	0.0	1.0		36.0		both too long
YPL266W	XVI	+	957	957	333.0	314.0	657.9	39.0	70.0	46.0	70	47.0	75.0	262.0	262	67.0	0.0	1.0		187.0		both too long
YPL267W	XVI	+	630	630	51.0	46.0	482.5	95.0	23.0	14.0	23	15.0	53.0	140.0	140	67.0	0.0	1.0		87.0		DRS too short
YPL268W	XVI	+	2610	2610	80.0	96.0	883.5	26.0	30.0	63.0	63	31.0	31.0	145.0	145	17.0	1.0	1.0	33.0	114.0	DRS too short	both too long
YPL269W	XVI	+	1935	1935	66.0	33.0	481.7	10.0	13.0		13	0.0	100.0	147.0	147	141.0		1.0		47.0		DRS too short
YPL270W	XVI	+	2322	2322	653.0	109.0	394.0	317.0	12.0	42.0	42	23.0	86.0	103.0	103	99.0	1.0	1.0	30.0	17.0	DRS too short	DRS too short
YPL271W	XVI	+	189	189	603.0	1183.0	351.8	4857.0		590.0	590	30.0		116.0	116	117.0						
YPL272C	XVI	-	1554	1554	299.0	15.0	393.1	2.0	629.0		629	856.0	73.0		73	75.0						
YPL273W	XVI	+	978	978	1749.0	1935.0	890.9	386.0	124.0	198.0	198	73.0	105.0	112.0	112	103.0	1.0	1.0	74.0	7.0	both too long	both too long
YPL274W	XVI	+	1764	1764	278.0	373.0	927.8	2045.0	58.0	67.0	67	52.0	46.0	360.0	360	44.0	1.0	1.0	9.0	314.0	both too long	both too long
YPL277C	XVI	-	1464	1464	13.0	21.0	915.9	0.0	138.0		138		568.0		568							
YPL278C	XVI	-	303	303	11.0		630.2	0.0			0				0							
YPL279C	XVI	-	1128	1128	17.0	8.0	610.0	1.0	44.0		44	95.0	40.0		40	250.0						
YPL280W	XVI	+	714	714	14.0	20.0	683.9	0.0	575.0		575		220.0		220							
YPL281C	XVI	-	1314	1314				0.0			0				0							
YPL282C	XVI	-	495	495				0.0			0				0							
YPL283C	XVI	-	5728	5580	30.0	67.0	561.0	0.0	886.0		886		790.0		790							
YPL283W-A	XVI	+	576	576				0.0			0				0							
YPL283W-B	XVI	+	483	483	30.0		447.7	0.0	117.0		117		662.0		662							
YPR001W	XVI	+	1461	1461	36.0	40.0	555.9	5.0	119.0		119	95.0	126.0		126	122.0						
YPR002C-A	XVI	-	198	198	77.0	35.0	303.3	1.0			0	366.0			0	132.0						
YPR002W	XVI	+	1551	1551	67.0	73.0	447.3	12.0	91.0	6.0	91	13.0	197.0	201.0	201	197.0	0.0	1.0		4.0		both too long
YPR003C	XVI	-	2265	2265	175.0	131.0	597.5	9.0	79.0		79	46.0	211.0		211	207.0						
YPR004C	XVI	-	1035	1035	266.0	319.0	832.7	51.0	53.0	50.0	53	14.0	57.0	130.0	130	56.0	0.0	1.0		73.0		both too long
YPR005C	XVI	-	885	885	73.0	53.0	557.0	6.0	220.0	210.0	220	209.0	232.0	311.0	311	229.0	0.0	1.0		79.0		both too long
YPR006C	XVI	-	1728	1728	140.0	162.0	686.8	2.0	134.0		134	64.0	74.0		74	70.0						
YPR007C	XVI	-	2043	2043	16.0	16.0	701.6	0.0			0				0							
YPR008W	XVI	+	2085	2085	117.0	101.0	893.5	12.0	168.0	387.0	387	317.0	119.0	125.0	125	118.0	1.0	1.0	219.0	6.0	DRS too short	both too long
YPR009W	XVI	+	807	807	422.0	130.0	487.2	23.0	127.0	259.0	259	94.0	71.0	81.0	81	82.0	1.0	1.0	132.0	10.0	both too long	both too short
YPR010C	XVI	-	3612	3612	556.0	842.0	964.8	14.0	46.0	56.0	56	57.0	167.0	363.0	363	146.0	1.0	1.0	10.0	196.0	both too short	both too long
YPR010C-A	XVI	-	362	219	523.0	1037.0	413.7	365.0	103.0	1302.0	1302	52.0	151.0	62.0	151	169.0	1.0	0.0	1199.0		both too long	
YPR011C	XVI	-	981	981	590.0	57.0	442.2	41.0	416.0	68.0	416	97.0	104.0	329.0	329	100.0	0.0	1.0		225.0		both too long
YPR012W	XVI	+	255	255	26.0	41.0	580.4	1.0	482.0	12.0	482	13.0	742.0	41.0	742	42.0	0.0	0.0				
YPR013C	XVI	-	954	954	25.0	23.0	744.9	14.0	691.0	701.0	701	578.0	106.0	226.0	226	256.0	1.0	1.0	10.0	120.0	both too long	both too short
YPR014C	XVI	-	330	330	31.0	28.0	677.5	0.0	728.0		728		406.0		406							
YPR015C	XVI	-	744	744	64.0	48.0	500.1	2.0	249.0		249	70.0	126.0		126	141.0						
YPR016C	XVI	-	738	738	196.0	158.0	640.2	29.0	104.0	91.0	104	92.0	195.0	652.0	652	144.0	0.0	1.0		457.0		both too long
YPR016W-A	XVI	+	261	261	169.0	165.0	675.9	0.0	961.0		961		332.0		332							
YPR017C	XVI	-	432	432	36.0	76.0	533.8	105.0	113.0	257.0	257	10.0	40.0	254.0	254	263.0	1.0	1.0	144.0	214.0	both too long	both too short
YPR018W	XVI	+	1821	1821	35.0	59.0	607.7	253.0	123.0	72.0	123	90.0	59.0	396.0	396	135.0	0.0	1.0		337.0		DRS too short
YPR019W	XVI	+	2802	2802	438.0	74.0	512.5	8.0	62.0		62	76.0	109.0		109	107.0						
YPR020W	XVI	+	348	348	393.0	1124.0	477.4	330.0	74.0	48.0	74	49.0	111.0	226.0	226	104.0	0.0	1.0		115.0		both too long
YPR021C	XVI	-	2709	2709	497.0	73.0	527.1	1.0	211.0		211	219.0	82.0		82	65.0						
YPR022C	XVI	-	3402	3402	115.0	134.0	919.9	3.0	42.0		42	29.0	73.0		73	70.0						
YPR023C	XVI	-	1206	1206	220.0	220.0	645.2	80.0	29.0	11.0	29	40.0	77.0	437.0	437	116.0	0.0	1.0		360.0		DRS too short
YPR024W	XVI	+	2244	2244	163.0	214.0	832.8	132.0	164.0	183.0	183	175.0	497.0	534.0	534	488.0	1.0	1.0	19.0	37.0	DRS too short	both too long
YPR025C	XVI	-	1182	1182	165.0	112.0	600.4	10.0	139.0	537.0	537	20.0	132.0	128.0	132	129.0	1.0	0.0	398.0		both too long	
YPR026W	XVI	+	3636	3636	42.0	33.0	737.2	1.0	83.0		83	97.0	105.0		105	100.0						
YPR027C	XVI	-	834	834	60.0	44.0	586.2	0.0	284.0		284		154.0		154							
YPR028W	XVI	+	676	543	1341.0	2484.0	614.4	2391.0	140.0	717.0	717	55.0	140.0	148.0	148	149.0	1.0	1.0	577.0	8.0	both too long	both too short
YPR029C	XVI	-	2499	2499	1327.0	185.0	626.6	22.0	162.0	60.0	162	44.0	230.0	247.0	247	201.0	0.0	1.0		17.0		both too long
YPR030W	XVI	+	3366	3366	35.0	46.0	646.6	13.0	313.0		313	14.0	100.0		100	77.0						
YPR031W	XVI	+	2247	2247	26.0	21.0	656.3	4.0	41.0		41	29.0	115.0		115	75.0						
YPR032W	XVI	+	3102	3102	320.0	31.0	500.1	3.0	63.0		63	50.0	104.0		104	103.0						
YPR033C	XVI	-	1641	1641	541.0	824.0	860.7	265.0	33.0	44.0	44	1.0	83.0	123.0	123	68.0	1.0	1.0	11.0	40.0	both too long	both too long
YPR034W	XVI	+	1434	1434	73.0	69.0	646.0	135.0	40.0	295.0	295	65.0	252.0	256.0	256	249.0	1.0	1.0	255.0	4.0	DRS too short	both too long
YPR035W	XVI	+	1113	1113	1589.0	2047.0	944.7	293.0	115.0	192.0	192	117.0	99.0	217.0	217	151.0	1.0	1.0	77.0	118.0	DRS too short	DRS too short
YPR036W	XVI	+	1437	1437	1054.0	688.0	678.3	2584.0	44.0	208.0	208	56.0	94.0	99.0	99	90.0	1.0	1.0	164.0	5.0	DRS too short	both too long
YPR036W-A	XVI	+	204	204	766.0	2054.0	448.4	162.0	64.0	342.0	342	75.0	81.0	264.0	264	266.0	1.0	1.0	278.0	183.0	DRS too short	both too short
YPR037C	XVI	-	591	591	660.0	30.0	473.8	297.0	56.0	1363.0	1363	47.0	81.0	78.0	81	128.0	1.0	0.0	1307.0		both too long	
YPR038W	XVI	+	360	360	643.0	40.0	470.4	2.0	518.0		518	1473.0	56.0		56	1401.0						
YPR039W	XVI	+	336	336	179.0	42.0	348.7	2.0	694.0		694	1649.0	482.0		482	1249.0						
YPR040W	XVI	+	1071	1071	59.0	48.0	602.5	36.0	17.0	29.0	29	7.0	74.0	133.0	133	72.0	1.0	1.0	12.0	59.0	both too long	both too long
YPR041W	XVI	+	1218	1218	602.0	813.0	804.0	5578.0	50.0	106.0	106	107.0	160.0	244.0	244	154.0	1.0	1.0	56.0	84.0	both too short	both too long
YPR042C	XVI	-	3228	3228	307.0	11.0	470.0	0.0	104.0		104		31.0		31							
YPR043W	XVI	+	682	279	2293.0	5999.0	375.9	5816.0	0.0	4247.0	4247	31.0	76.0	68.0	76	73.0	1.0	0.0	4247.0		DRS too short	
YPR044C	XVI	-	354	354	2290.0	839.0	380.3	0.0	47.0		47		40.0		40							
YPR045C	XVI	-	1413	1413	2323.0	105.0	393.9	231.0	46.0	57.0	57	58.0	39.0	114.0	114	107.0	1.0	1.0	11.0	75.0	both too short	DRS too short
YPR046W	XVI	+	546	546	48.0	95.0	560.9	10.0	50.0	405.0	405	10.0	74.0	91.0	91	55.0	1.0	1.0	355.0	17.0	both too long	both too long
YPR047W	XVI	+	1410	1410	84.0	89.0	704.1	18.0	37.0	59.0	59	31.0	105.0	103.0	105	104.0	1.0	0.0	22.0		both too long	
YPR048W	XVI	+	1872	1872	126.0	140.0	675.1	90.0	12.0	24.0	24	24.0	76.0	188.0	188	65.0	1.0	1.0	12.0	112.0	both too short	both too long
YPR049C	XVI	-	3537	3537	116.0	33.0	592.1	3.0	114.0	47.0	114	48.0	90.0	84.0	90	82.0	0.0	0.0				
YPR050C	XVI	-	414	414	105.0	70.0	485.1	0.0	270.0		270	15.0	0.0		0	153.0						
YPR051W	XVI	+	531	531	111.0	159.0	485.8	84.0	43.0	29.0	43	22.0	116.0	268.0	268	108.0	0.0	1.0		152.0		both too long
YPR052C	XVI	-	282	282	108.0	146.0	466.6	264.0		63.0	63	23.0		255.0	255	189.0						
YPR053C	XVI	-	456	456	106.0	81.0	508.6	2.0	225.0		225	1179.0	281.0		281	280.0						
YPR054W	XVI	+	1167	1167	92.0	103.0	462.8	6.0	773.0	695.0	773	696.0	48.0	45.0	48	49.0	0.0	0.0				
YPR055W	XVI	+	3198	3198	95.0	117.0	983.4	5.0	47.0		47	47.0	83.0		83	63.0						
YPR056W	XVI	+	1017	1017	172.0	175.0	842.9	11.0	380.0	30.0	380	23.0	138.0	1192.0	1192	137.0	0.0	1.0		1054.0		both too long
YPR057W	XVI	+	1026	1026	78.0	80.0	578.3	35.0	212.0	480.0	480	5.0	57.0	56.0	57	56.0	1.0	0.0	268.0		both too long	
YPR058W	XVI	+	924	924	235.0	147.0	615.0	445.0	88.0	86.0	88	13.0	85.0	267.0	267	83.0	0.0	1.0		182.0		both too long
YPR059C	XVI	-	387	387	203.0	207.0	630.1	2.0	708.0		708	465.0	573.0		573	856.0						
YPR060C	XVI	-	771	771	180.0	229.0	567.1	53.0	91.0	92.0	92	59.0	148.0	212.0	212	146.0	1.0	1.0	1.0	64.0	both too long	both too long
YPR061C	XVI	-	906	906	321.0	26.0	519.8	7.0	76.0	70.0	76	33.0	121.0	116.0	121	126.0	0.0	0.0				
YPR062W	XVI	+	477	477	435.0	858.0	551.5	12252.0	17.0	28.0	28	29.0	116.0	244.0	244	102.0	1.0	1.0	11.0	128.0	both too short	both too long
YPR063C	XVI	-	509	423	422.0	303.0	554.0	1214.0	45.0	375.0	375	53.0	195.0	248.0	248	193.0	1.0	1.0	330.0	53.0	DRS too short	both too long
YPR064W	XVI	+	420	420				2.0		420.0	420	1815.0		200.0	200	74.0						
YPR065W	XVI	+	1107	1107	86.0	95.0	792.6	7.0	64.0	163.0	163	56.0	311.0	335.0	335	288.0	1.0	1.0	99.0	24.0	both too long	both too long
YPR066W	XVI	+	900	900	90.0	68.0	436.7	13.0	213.0	6.0	213	7.0	765.0	359.0	765	761.0	0.0	0.0				
YPR067W	XVI	+	558	558	35.0	62.0	485.4	26.0	864.0	611.0	864	25.0	110.0	148.0	148	96.0	0.0	1.0		38.0		both too long
YPR068C	XVI	-	1413	1413	479.0	47.0	535.0	6.0	41.0	47.0	47	17.0	66.0	183.0	183	41.0	1.0	1.0	6.0	117.0	both too long	both too long
YPR069C	XVI	-	882	882	773.0	1185.0	739.2	184.0	47.0	257.0	257	58.0	67.0	63.0	67	64.0	1.0	0.0	210.0		DRS too short	
YPR070W	XVI	+	1701	1701	82.0	93.0	898.3	17.0	54.0	274.0	274	41.0	334.0	325.0	334	346.0	1.0	0.0	220.0		both too long	
YPR071W	XVI	+	636	636	67.0	49.0	587.3	6.0	50.0	26.0	50	27.0	412.0	630.0	630	516.0	0.0	1.0		218.0		DRS too short
YPR072W	XVI	+	1683	1683	383.0	182.0	700.0	41.0	88.0	106.0	106	101.0	83.0	173.0	173	81.0	1.0	1.0	18.0	90.0	DRS too short	both too long
YPR073C	XVI	-	486	486	1111.0	600.0	474.8	60.0	65.0	47.0	65	62.0	160.0	418.0	418	239.0	0.0	1.0		258.0		DRS too short
YPR074C	XVI	-	2043	2043	1539.0	2248.0	932.4	1406.0	102.0	124.0	124	65.0	126.0	146.0	146	135.0	1.0	1.0	22.0	20.0	both too long	DRS too short
YPR074W-A	XVI	+	171	171	10.0		365.3	0.0			0				0							
YPR075C	XVI	-	1083	1083	24.0	15.0	607.3	2.0	47.0		47	55.0	112.0		112	116.0						
YPR076W	XVI	+	375	375	22.0	22.0	612.1	1.0	853.0		853	783.0	7.0		7	354.0						
YPR077C	XVI	-	372	372	14.0	26.0	549.3	0.0			0				0							
YPR078C	XVI	-	1119	1119	17.0	22.0	497.4	0.0			0				0							
YPR079W	XVI	+	1146	1146	60.0	54.0	552.1	11.0	87.0	96.0	96	89.0	105.0	102.0	105	83.0	1.0	0.0	9.0		DRS too short	
YPR080W	XVI	+	1377	1377	9398.0	14226.0	940.0	127260.0	82.0	134.0	134	31.0	126.0	120.0	126	121.0	1.0	0.0	52.0		both too long	
YPR081C	XVI	-	1857	1857	4795.0	88.0	477.2	6.0	404.0		404	3.0	128.0		128	124.0						
YPR082C	XVI	-	432	432	47.0	122.0	510.7	166.0	34.0	69.0	69	8.0	83.0	150.0	150	157.0	1.0	1.0	35.0	67.0	both too long	both too short
YPR083W	XVI	+	1740	1740	85.0	67.0	744.6	153.0	24.0	46.0	46	24.0	123.0	120.0	123	121.0	1.0	0.0	22.0		both too long	
YPR084W	XVI	+	1371	1371	92.0	67.0	606.0	9.0	104.0	114.0	114	115.0	168.0	166.0	168	143.0	1.0	0.0	10.0		both too short	
YPR085C	XVI	-	1332	1332	84.0	94.0	649.3	57.0	103.0	87.0	103	87.0	120.0	211.0	211	119.0	0.0	1.0		91.0		both too long
YPR086W	XVI	+	1038	1038	213.0	301.0	796.0	45.0	43.0	80.0	80	44.0	155.0	288.0	288	277.0	1.0	1.0	37.0	133.0	DRS too short	DRS too short
YPR087W	XVI	+	321	321	131.0		583.2	0.0			0				0							
YPR088C	XVI	-	1626	1626	193.0	232.0	856.6	766.0	34.0	32.0	34	23.0	78.0	141.0	141	74.0	0.0	1.0		63.0		both too long
YPR089W	XVI	+	2667	2667	80.0	75.0	605.5	9.0	35.0	38.0	38	39.0	141.0	139.0	141	140.0	1.0	0.0	3.0		both too short	
YPR091C	XVI	-	2313	2313	193.0	96.0	364.5	223.0	32.0	30.0	32	28.0	102.0	313.0	313	211.0	0.0	1.0		211.0		DRS too short
YPR092W	XVI	+	306	306	84.0	86.0	255.5	1.0		183.0	183	184.0		135.0	135	136.0						
YPR093C	XVI	-	867	867	202.0	203.0	378.7	12.0	70.0	65.0	70	64.0	58.0	949.0	949	57.0	0.0	1.0		891.0		both too long
YPR094W	XVI	+	324	324	116.0	313.0	414.5	25.0		182.0	182	20.0		70.0	70	70.0						
YPR095C	XVI	-	3681	3681	121.0	20.0	452.1	1.0	216.0		216	247.0	91.0		91	98.0						
YPR096C	XVI	-	303	303				0.0			0				0							
YPR097W	XVI	+	3222	3222	173.0	152.0	733.3	4.0	99.0	233.0	233	240.0	129.0	166.0	166	167.0	1.0	1.0	134.0	37.0	both too short	both too short
YPR098C	XVI	-	582	486	206.0	242.0	462.2	394.0	28.0	19.0	28	39.0	48.0	454.0	454	48.0	0.0	1.0		406.0		both too long
YPR099C	XVI	-	357	357	126.0	112.0	487.8	4.0	215.0	90.0	215	91.0	15.0	438.0	438	439.0	0.0	1.0		423.0		both too short
YPR100W	XVI	+	423	423	125.0	136.0	505.1	88.0	45.0	27.0	45	2.0	88.0	135.0	135	99.0	0.0	1.0		47.0		DRS too short
YPR101W	XVI	+	528	528	5539.0	195.0	556.3	1509.0	14.0	76.0	76	25.0	146.0	213.0	213	214.0	1.0	1.0	62.0	67.0	DRS too short	both too short
YPR102C	XVI	-	525	525	5804.0	11166.0	558.6	4753.0	91.0	278.0	278	24.0	89.0	90.0	90	91.0	1.0	1.0	187.0	1.0	both too long	both too short
YPR103W	XVI	+	864	864	780.0	907.0	819.9	109.0	95.0	67.0	95	85.0	52.0	302.0	302	58.0	0.0	1.0		250.0		DRS too short
YPR104C	XVI	-	2811	2811	235.0	46.0	465.7	3.0	276.0	286.0	286	276.0	355.0	311.0	355	297.0	1.0	0.0	10.0		both too long	
YPR105C	XVI	-	2586	2586	121.0	146.0	933.0	13.0	327.0	220.0	327	73.0	73.0	70.0	73	73.0	0.0	0.0				
YPR106W	XVI	+	1332	1332	92.0	46.0	631.8	119.0	37.0	11.0	37	12.0	50.0	143.0	143	23.0	0.0	1.0		93.0		both too long
YPR107C	XVI	-	627	627	91.0	136.0	512.4	10.0	107.0	83.0	107	84.0	132.0	214.0	214	209.0	0.0	1.0		82.0		DRS too short
YPR108W	XVI	+	1290	1290	642.0	831.0	1057.4	81.0	90.0	79.0	90	80.0	121.0	292.0	292	193.0	0.0	1.0		171.0		DRS too short
YPR108W-A	XVI	+	213	213	184.0	10.0	476.6	0.0			0				0							
YPR109W	XVI	+	885	885	502.0	203.0	539.1	9.0	195.0	230.0	230	172.0	54.0	114.0	114	111.0	1.0	1.0	35.0	60.0	both too long	DRS too short
YPR110C	XVI	-	1008	1008	488.0	769.0	605.4	158.0	28.0	38.0	38	10.0	150.0	289.0	289	213.0	1.0	1.0	10.0	139.0	both too long	DRS too short
YPR111W	XVI	+	1695	1695	77.0	76.0	698.9	34.0	23.0	233.0	233	32.0	138.0	236.0	236	55.0	1.0	1.0	210.0	98.0	DRS too short	both too long
YPR112C	XVI	-	2664	2664	103.0	71.0	781.3	26.0	63.0	51.0	63	52.0	105.0	109.0	109	94.0	0.0	1.0		4.0		both too long
YPR113W	XVI	+	663	663	506.0	731.0	705.4	104.0	25.0	24.0	25	25.0	106.0	216.0	216	96.0	0.0	1.0		110.0		both too long
YPR114W	XVI	+	948	948	460.0	359.0	633.2	101.0	50.0	493.0	493	64.0	103.0	81.0	103	121.0	1.0	0.0	443.0		DRS too short	
YPR115W	XVI	+	3252	3252	180.0	134.0	666.2	3.0	188.0	206.0	206	199.0	273.0	271.0	273	239.0	1.0	0.0	18.0		DRS too short	
YPR116W	XVI	+	834	834	58.0	28.0	508.3	4.0		9.0	9	10.0		1543.0	1543	1544.0						
YPR117W	XVI	+	7470	7470	107.0	118.0	707.3	0.0	415.0		415		93.0		93							
YPR118W	XVI	+	1236	1236	917.0	668.0	649.8	75.0	39.0	50.0	50	29.0	73.0	127.0	127	71.0	1.0	1.0	11.0	54.0	both too long	both too long
YPR119W	XVI	+	1476	1476	80.0	102.0	698.8	12.0	349.0	348.0	349	210.0	534.0	689.0	689	410.0	0.0	1.0		155.0		both too long
YPR120C	XVI	-	1308	1308	131.0	99.0	518.8	6.0	116.0	126.0	126	118.0	36.0	212.0	212	40.0	1.0	1.0	10.0	176.0	DRS too short	DRS too short
YPR121W	XVI	+	1719	1719	92.0	24.0	491.9	10.0	914.0	379.0	914	161.0	67.0	62.0	67	63.0	0.0	0.0				
YPR122W	XVI	+	3627	3627	215.0	80.0	480.1	0.0	79.0		79		135.0		135							
YPR123C	XVI	-	435	435	59.0	16.0	927.6	23.0	819.0		819	634.0	97.0		97	433.0						
YPR124W	XVI	+	1221	1221	204.0	329.0	740.4	82.0	166.0	184.0	184	177.0	231.0	242.0	242	225.0	1.0	1.0	18.0	11.0	DRS too short	both too long
YPR125W	XVI	+	1365	1365	162.0	118.0	513.2	168.0	104.0	95.0	104	96.0	186.0	314.0	314	183.0	0.0	1.0		128.0		both too long
YPR126C	XVI	-	309	309	45.0		561.1	1.0			0	54.0			0	498.0						
YPR127W	XVI	+	1038	1038	123.0	107.0	623.3	52.0	177.0	327.0	327	189.0	85.0	79.0	85	80.0	1.0	0.0	150.0		DRS too short	
YPR128C	XVI	-	987	987	105.0	107.0	648.2	10.0	53.0	52.0	53	29.0	93.0	166.0	166	99.0	0.0	1.0		73.0		DRS too short
YPR129W	XVI	+	1050	1050	125.0	87.0	625.8	102.0	24.0	56.0	56	22.0	71.0	78.0	78	79.0	1.0	1.0	32.0	7.0	both too long	both too short
YPR130C	XVI	-	408	408	118.0	169.0	662.7	0.0	589.0		589		704.0		704							
YPR131C	XVI	-	588	588	95.0	78.0	439.8	119.0	57.0	81.0	81	15.0	167.0	190.0	190	203.0	1.0	1.0	24.0	23.0	both too long	both too short
YPR132W	XVI	+	803	438	7132.0	14438.0	516.4	6480.0	0.0	23.0	23	24.0	105.0	260.0	260	93.0	1.0	1.0	23.0	155.0	both too short	both too long
YPR133C	XVI	-	1233	1233	7731.0	303.0	518.6	122.0	75.0	90.0	90	75.0	80.0	173.0	173	79.0	1.0	1.0	15.0	93.0	both too long	both too long
YPR133W-A	XVI	+	153	153	146.0	434.0	355.9	170.0		128.0	128	29.0		158.0	158	168.0						
YPR134W	XVI	+	807	807	219.0	104.0	480.4	52.0	311.0	38.0	311	9.0	124.0	138.0	138	133.0	0.0	1.0		14.0		DRS too short
YPR135W	XVI	+	2784	2784	65.0	42.0	519.7	10.0	28.0	61.0	61	65.0	50.0	48.0	50	49.0	1.0	0.0	33.0		both too short	
YPR136C	XVI	-	513	513	18.0		395.7	0.0			0				0							
YPR137W	XVI	+	1722	1722	272.0	165.0	521.6	31.0	218.0	976.0	976	79.0	147.0	174.0	174	160.0	1.0	1.0	758.0	27.0	both too long	DRS too short
YPR138C	XVI	-	1470	1470	170.0	164.0	594.2	733.0	430.0	313.0	430	230.0	142.0	138.0	142	141.0	0.0	0.0				
YPR139C	XVI	-	903	903	165.0	198.0	692.2	105.0	91.0	74.0	91	70.0	94.0	135.0	135	89.0	0.0	1.0		41.0		both too long
YPR140W	XVI	+	1146	1146	69.0	81.0	700.2	17.0	32.0	99.0	99	90.0	86.0	163.0	163	95.0	1.0	1.0	67.0	77.0	DRS too short	DRS too short
YPR141C	XVI	-	2190	2190	55.0	43.0	576.4	6.0	165.0	157.0	165	158.0	171.0	166.0	171	179.0	0.0	0.0				
YPR142C	XVI	-	564	564	132.0	147.0	569.4	0.0	587.0		587		0.0		0							
YPR143W	XVI	+	753	753	142.0	143.0	540.3	191.0	24.0	46.0	46	26.0	130.0	308.0	308	174.0	1.0	1.0	22.0	178.0	DRS too short	DRS too short
YPR144C	XVI	-	1659	1659	211.0	132.0	584.3	380.0	23.0	22.0	23	23.0	80.0	115.0	115	71.0	0.0	1.0		35.0		both too long
YPR145C-A	XVI	-	237	237	1332.0	129.0	364.2	1.0		137.0	137	138.0		131.0	131	132.0						
YPR145W	XVI	+	1719	1719	1961.0	3132.0	737.8	376.0	58.0	123.0	123	42.0	121.0	153.0	153	140.0	1.0	1.0	65.0	32.0	both too long	DRS too short
YPR146C	XVI	-	330	330	138.0	115.0	622.2	2.0	948.0		948	939.0	351.0		351	49.0						
YPR147C	XVI	-	915	915	196.0	89.0	564.1	48.0	65.0	60.0	65	80.0	211.0	286.0	286	210.0	0.0	1.0		75.0		both too long
YPR148C	XVI	-	1308	1308	182.0	239.0	624.2	57.0	62.0	24.0	62	74.0	81.0	202.0	202	121.0	0.0	1.0		121.0		DRS too short
YPR149W	XVI	+	522	522	586.0	876.0	822.6	770.0	172.0	182.0	182	164.0	335.0	621.0	621	165.0	1.0	1.0	10.0	286.0	both too long	both too long
YPR150W	XVI	+	522	522	170.0	7.0	481.4	0.0	40.0		40	0.0	240.0		240	322.0						
YPR151C	XVI	-	621	621	183.0	17.0	435.0	3.0	117.0		117	53.0	89.0		89	54.0						
YPR152C	XVI	-	1398	1398	28.0	48.0	495.4	133.0	17.0	35.0	35	22.0	231.0	404.0	404	324.0	1.0	1.0	18.0	173.0	DRS too short	DRS too short
YPR153W	XVI	+	557	423	25.0	11.0	677.2	13.0			0	46.0			0	1172.0						
YPR154W	XVI	+	648	648	377.0	598.0	588.1	33.0	280.0	639.0	639	29.0	133.0	315.0	315	205.0	1.0	1.0	359.0	182.0	both too long	DRS too short
YPR155C	XVI	-	1851	1851	335.0	62.0	520.3	47.0	53.0	65.0	65	66.0	103.0	149.0	149	91.0	1.0	1.0	12.0	46.0	both too short	both too long
YPR156C	XVI	-	1869	1869	146.0	213.0	932.3	125.0	276.0	387.0	387	294.0	157.0	233.0	233	217.0	1.0	1.0	111.0	76.0	DRS too short	DRS too short
YPR157W	XVI	+	1404	1404	62.0	87.0	539.8	76.0	66.0	324.0	324	51.0	119.0	115.0	119	116.0	1.0	0.0	258.0		both too long	
YPR158W	XVI	+	759	759	530.0	643.0	641.8	18.0	65.0	97.0	97	67.0	148.0	157.0	157	158.0	1.0	1.0	32.0	9.0	DRS too short	both too short
YPR159C-A	XVI	-	102	102	133.0		438.6	0.0			0				0							
YPR159W	XVI	+	2163	2163	273.0	361.0	862.3	16.0	258.0	320.0	320	188.0	280.0	299.0	299	301.0	1.0	1.0	62.0	19.0	both too long	both too short
YPR160C-A	XVI	-	285	285	11.0	7.0	690.8	1.0	0.0	1020.0	1020	1021.0	155.0	153.0	155	154.0	1.0	0.0	1020.0		both too short	
YPR160W	XVI	+	2709	2709	192.0	217.0	787.0	204.0	150.0	122.0	150	123.0	115.0	149.0	149	150.0	0.0	1.0		34.0		both too short
YPR160W-A	XVI	+	81	81	7.0		464.7	204.0			0	751.0			0	2150.0						
YPR161C	XVI	-	1974	1974	148.0	105.0	586.1	39.0	63.0	70.0	70	77.0	92.0	130.0	130	87.0	1.0	1.0	7.0	38.0	both too short	both too long
YPR162C	XVI	-	1590	1590	225.0	64.0	512.6	37.0	18.0	27.0	27	19.0	41.0	52.0	52	39.0	1.0	1.0	9.0	11.0	DRS too short	both too long
YPR163C	XVI	-	1311	1311	257.0	439.0	724.6	1211.0	83.0	158.0	158	86.0	43.0	175.0	175	155.0	1.0	1.0	75.0	132.0	DRS too short	DRS too short
YPR164W	XVI	+	4224	4224	49.0	38.0	867.8	0.0	45.0		45		274.0		274							
YPR165W	XVI	+	630	630	850.0	1133.0	672.4	185.0	582.0	460.0	582	197.0	203.0	227.0	227	134.0	0.0	1.0		24.0		both too long
YPR166C	XVI	-	348	348	585.0	509.0	542.8	139.0	49.0	145.0	145	38.0	75.0	113.0	113	108.0	1.0	1.0	96.0	38.0	both too long	DRS too short
YPR167C	XVI	-	786	786	330.0	125.0	461.7	8.0	260.0	147.0	260	38.0	58.0	78.0	78	71.0	0.0	1.0		20.0		DRS too short
YPR168W	XVI	+	474	474	9.0	40.0	422.4	70.0		644.0	644	11.0		1597.0	1597	1695.0						
YPR169W	XVI	+	1479	1479	191.0	157.0	750.5	308.0	617.0	474.0	617	34.0	68.0	75.0	75	76.0	0.0	1.0		7.0		both too short
YPR169W-A	XVI	+	219	219	344.0		476.7	964.0	27.0	37.0	37	35.0	29.0	78.0	78	338.0	1.0	1.0	10.0	49.0	DRS too short	both too short
YPR170C	XVI	-	336	336	372.0	28.0	470.0	4.0	168.0	372.0	372	261.0	223.0	380.0	380	230.0	1.0	1.0	204.0	157.0	DRS too short	DRS too short
YPR170W-A	XVI	+	186	186	344.0	90.0	475.6	964.0	166.0	132.0	166	174.0	230.0	268.0	268	232.0	0.0	1.0		38.0		DRS too short
YPR170W-B	XVI	+	357	258	332.0	1569.0	463.6	964.0	27.0	27.0	27	35.0	201.0	276.0	276	200.0	0.0	1.0		75.0		both too long
YPR171W	XVI	+	1731	1731	381.0	84.0	528.2	108.0	25.0	65.0	65	36.0	79.0	92.0	92	93.0	1.0	1.0	40.0	13.0	DRS too short	both too short
YPR172W	XVI	+	603	603	116.0	51.0	436.4	18.0	253.0	20.0	253	32.0	63.0	276.0	276	143.0	0.0	1.0		213.0		DRS too short
YPR173C	XVI	-	1314	1314	156.0	216.0	719.8	484.0	399.0	31.0	399	32.0	86.0	1013.0	1013	53.0	0.0	1.0		927.0		both too long
YPR174C	XVI	-	666	666	10.0	25.0	432.3	21.0		34.0	34	33.0		156.0	156	1572.0						
YPR175W	XVI	+	2070	2070	186.0	180.0	852.1	16.0	26.0	49.0	49	19.0	48.0	32.0	48	49.0	1.0	0.0	23.0		both too long	
YPR176C	XVI	-	978	978	176.0	180.0	685.3	21.0	20.0	58.0	58	6.0	152.0	160.0	160	161.0	1.0	1.0	38.0	8.0	both too long	both too short
YPR177C	XVI	-	372	372	5.0		862.2	0.0			0	10.0			0	217.0						
YPR178W	XVI	+	1398	1398	44.0	32.0	634.1	9.0	36.0	29.0	36	30.0	63.0	90.0	90	90.0	0.0	1.0		27.0		both too short
YPR179C	XVI	-	1968	1968	61.0	73.0	511.3	7.0	21.0	38.0	38	27.0	55.0	95.0	95	38.0	1.0	1.0	17.0	40.0	DRS too short	both too long
YPR180W	XVI	+	1044	1044	265.0	155.0	624.5	324.0	13.0	31.0	31	26.0	73.0	75.0	75	34.0	1.0	1.0	18.0	2.0	DRS too short	both too long
YPR181C	XVI	-	2307	2307	347.0	405.0	855.5	127.0	57.0	95.0	95	60.0	219.0	216.0	219	218.0	1.0	0.0	38.0		DRS too short	
YPR182W	XVI	+	261	261	47.0	123.0	452.5	1095.0	51.0	237.0	237	62.0	78.0	81.0	81	77.0	1.0	1.0	186.0	3.0	DRS too short	both too long
YPR183W	XVI	+	804	804	509.0	616.0	697.0	481.0	43.0	50.0	50	37.0	85.0	534.0	534	83.0	1.0	1.0	7.0	449.0	both too long	both too long
YPR184W	XVI	+	4611	4611	165.0	34.0	462.2	0.0	47.0		47		146.0		146							
YPR185W	XVI	+	2217	2217	78.0	94.0	811.0	49.0	300.0	309.0	309	310.0	283.0	306.0	306	74.0	1.0	1.0	9.0	23.0	both too short	both too long
YPR186C	XVI	-	1290	1290	612.0	53.0	545.4	28.0	10.0	20.0	20	3.0	127.0	130.0	130	134.0	1.0	1.0	10.0	3.0	both too long	both too short
YPR187W	XVI	+	544	468	668.0	1932.0	545.6	3322.0	0.0	15.0	15	16.0	84.0	796.0	796	81.0	1.0	1.0	15.0	712.0	both too short	both too long
YPR188C	XVI	-	492	492	743.0	181.0	543.3	40.0	43.0	44.0	44	22.0	72.0	171.0	171	69.0	1.0	1.0	1.0	99.0	both too long	both too long
YPR189W	XVI	+	4299	4299	372.0	210.0	625.1	2.0	5.0		5	16.0	131.0		131	127.0						
YPR190C	XVI	-	1965	1965	185.0	183.0	750.5	20.0	30.0	29.0	30	30.0	80.0	102.0	102	103.0	0.0	1.0		22.0		both too short
YPR191W	XVI	+	1107	1107	384.0	382.0	716.4	6987.0	66.0	59.0	66	60.0	164.0	493.0	493	228.0	0.0	1.0		329.0		DRS too short
YPR192W	XVI	+	918	918	33.0	35.0	669.4	3.0	824.0	16.0	824	15.0	137.0	150.0	150	141.0	0.0	1.0		13.0		DRS too short
YPR193C	XVI	-	471	471	6.0	15.0	484.3	4.0		612.0	612	624.0		33.0	33	1850.0						
YPR194C	XVI	-	2634	2634	79.0	58.0	797.2	3.0	90.0		90	295.0	142.0		142	187.0						
YPR195C	XVI	-	330	330	140.0	77.0	762.0	2.0	367.0		367	22.0	189.0		189	126.0						
YPR196W	XVI	+	1413	1413	65.0	34.0	605.6	9.0	298.0	28.0	298	26.0	172.0	436.0	436	432.0	0.0	1.0		264.0		DRS too short
YPR197C	XVI	-	564	564	15.0	8.0	539.5	1.0			0	59.0			0	183.0						
YPR198W	XVI	+	1632	1632	229.0	181.0	827.6	306.0	42.0	54.0	54	55.0	94.0	210.0	210	90.0	1.0	1.0	12.0	116.0	both too short	both too long
YPR199C	XVI	-	885	885	143.0	96.0	598.0	28.0	17.0	80.0	80	10.0	178.0	174.0	178	179.0	1.0	0.0	63.0		both too long	
YPR200C	XVI	-	393	393	20.0	9.0	358.0	5.0		1515.0	1515	1516.0		77.0	77	78.0						
YPR201W	XVI	+	1215	1215	47.0	48.0	636.0	2.0	731.0	248.0	731	152.0	36.0	96.0	96	841.0	0.0	1.0		60.0		both too short
YPR202W	XVI	+	865	717	11.0		504.5	0.0			0				0							
YPR203W	XVI	+	309	309				0.0			0				0							
YPR204C-A	XVI	-	483	483	27.0		534.9	0.0	135.0		135		792.0		792							
YPR204W	XVI	+	3099	3099	26.0	53.0	652.6	0.0	506.0		506		703.0		703							
