gene	n_isoforms	n_reads	mtif_support	iqr5	iqr3	utr5_max	utr3_max	utr5_p95	utr3_p95	utr5_p99	utr3_p99	f5_within_20	f3_within_20	f5_within_50	f3_within_50	f5_within_100	f3_within_100
YAL001C	4	4.0	1	11.5	50.0	32.0	94.0	32.0	94.0	32.0	94.0	1.0	0.5	1.0	0.75	1.0	1.0
YAL002W	8	9.0	2	27.5	47.0	157.0	113.0	157.0	113.0	157.0	113.0	0.6666666666666666	0.4444444444444444	0.7777777777777778	0.8888888888888888	1.0	1.0
YAL003W	1303	51391.0	9650	12.0	13.0	196.0	357.0	43.0	285.0	52.0	303.0	0.9429277499951353	0.6641629857368022	0.9997859547391567	0.6690276507559689	0.9998054133992333	0.9136424665797513
YAL004W	3	4.0	2	1156.5	8.0	3128.0	745.0	3128.0	745.0	3128.0	745.0	0.5	1.0	0.5	1.0	0.5	1.0
YAL005C	609	9034.0	3080	0.0	1.0	280.0	1981.0	66.0	171.0	107.0	200.0	0.9651317245959707	0.8114899269426611	0.9841709098959487	0.9814035864511844	0.993579809608147	0.9988930706220943
YAL007C	412	3294.0	557	6.0	23.0	3148.0	1986.0	108.0	176.07999999999998	118.0	177.506	0.7647237401335762	0.5950212507589556	0.9802671523983	0.9599271402550091	0.9993928354584092	0.9951426836672739
YAL008W	388	2929.0	638	0.0	5.0	1099.0	1289.0	70.0	179.0	99.0	209.8025	0.9361556845339707	0.8077842266985319	0.9846363946739501	0.9344486172755206	0.9959030385797201	0.9918060771594401
YAL009W	101	167.0	28	30.396551724144956	16.0	3771.0	1015.0	62.0	147.0	410.47000000000264	1013.1300000000001	0.5149700598802395	0.6946107784431138	0.9101796407185628	0.9520958083832335	0.9760479041916168	0.9640718562874252
YAL010C	173	417.0	35	22.0	5.0	90.0	776.0	51.0	555.0	58.0	708.3299999999999	0.7314148681055156	0.8441247002398081	0.9952038369304557	0.8920863309352518	1.0	0.935251798561151
YAL011W	51	214.0	44	5.0	37.0	116.0	2783.0	34.79999999999998	146.59999999999997	47.58666666666659	1028.1999999999998	0.9392523364485982	0.6448598130841121	0.9953271028037384	0.9719626168224299	0.9953271028037384	0.9719626168224299
YAL012W	358	8377.0	2282	9.0	0.0	1578.0	149.0	93.0	103.0	113.08593103448275	131.0	0.8702399427002507	0.9875850543153873	0.9822132028172377	1.0	0.9994031276113167	1.0
YAL013W	199	1173.0	109	6.0	5.0	324.0	1595.0	47.0	106.0	60.26736842105263	116.76999999999998	0.9582267689684569	0.969309462915601	1.0	0.9940323955669225	1.0	0.9940323955669225
YAL014C	383	2184.0	290	22.0	9.0	1457.0	221.0	59.0333333333333	164.0	98.0	181.0	0.836996336996337	0.8305860805860806	0.9940476190476191	0.9285714285714286	0.9990842490842491	0.9972527472527473
YAL015C	33	210.0	98	0.0	134.0	16.0	147.0	8.0	147.0	15.0	147.0	1.0	0.6952380952380952	1.0	0.6952380952380952	1.0	0.6952380952380952
YAL016C-A	5	2.0	1	0.0	1.0	39.0	262.0	28.399999999999995	262.0	32.879999999999995	262.0	1.0	1.0	1.0	1.0	1.0	1.0
YAL016W	190	1657.0	188	10.0	20.947115384609788	114.0	156.0	97.0	93.0	97.0	94.78583333333334	0.9571514785757392	0.7193723596861799	0.995775497887749	0.996378998189499	1.0	1.0
YAL017W	2	2.0	1	27.0	20.0	385.0	219.0	385.0	219.0	385.0	219.0	0.5	1.0	1.0	1.0	1.0	1.0
YAL018C	1	2.0	2	0.0	0.0	50.0	138.0	50.0	138.0	50.0	138.0	1.0	1.0	1.0	1.0	1.0	1.0
YAL019W	13	22.0	4	11.666666666671517	26.0	133.0	115.0	132.92	115.0	133.0	115.0	0.6363636363636364	0.6818181818181818	0.9545454545454546	0.9090909090909091	1.0	1.0
YAL020C	9	13.0	3	13.19999999999709	19.875	61.0	146.0	60.4	146.0	61.0	146.0	0.8461538461538461	0.6923076923076923	1.0	0.8461538461538461	1.0	1.0
YAL021C	106	397.0	42	16.5	5.0	103.0	316.0	73.0	258.1999999999998	73.0	310.0	0.9748110831234257	0.7153652392947103	0.9899244332493703	0.8564231738035264	1.0	0.9017632241813602
YAL022C	416	6232.0	1417	4.820895522381761	5.0	73.0	2734.0	41.0	107.0	44.0	146.0	0.9115853658536586	0.8494865211810013	0.9998395378690629	0.9165596919127086	1.0	0.9709563543003851
YAL023C	650	4010.0	225	12.0	17.666666666671517	1909.0	195.0	120.0	142.0	138.0	151.0	0.8925187032418953	0.7790523690773067	0.9897755610972568	0.9364089775561097	0.9995012468827931	1.0
YAL025C	167	854.0	142	2.0	16.0	95.0	286.0	36.0	203.0	76.0	253.48000000000002	0.9578454332552693	0.7833723653395784	0.9812646370023419	0.9871194379391101	1.0	0.9976580796252927
YAL026C	4	8.0	4	3.1999999999970896	8.0	86.0	148.0	86.0	148.0	86.0	148.0	1.0	1.0	1.0	1.0	1.0	1.0
YAL027W	12	11.0	4	0.0	5.0	104.0	111.0	92.0	111.0	101.36000000000001	111.0	0.8181818181818182	0.9090909090909091	1.0	1.0	1.0	1.0
YAL028W	71	134.0	10	18.0	32.0	512.0	91.0	494.59999999999997	82.0	512.0	89.77599999999998	0.6716417910447762	0.6492537313432836	0.8507462686567164	1.0	0.8507462686567164	1.0
YAL029C	8	10.0	3	49.0	38.0	253.0	163.0	253.0	163.0	253.0	163.0	0.5	0.7	0.8	0.8	0.8	0.9
YAL030W	219	859.0	161	0.0	31.75	66.0	309.0	33.0	176.32499999999993	36.0	247.0	0.9848661233993015	0.6728754365541327	1.0	0.919674039580908	1.0	0.9732246798603027
YAL031C	25	41.0	4	18.0	81.39999999999418	478.0	178.0	210.77999999999926	165.0	478.0	178.0	0.8048780487804879	0.34146341463414637	0.975609756097561	0.43902439024390244	0.975609756097561	1.0
YAL031W-A	4	2.0	1	168.0	827.0	728.0	2097.0	653.1999999999999	2097.0	713.04	2097.0	0.5	0.5	0.5	0.5	0.5	0.5
YAL032C	94	220.0	29	8.5	13.5	1892.0	145.0	309.0	143.0	889.2000000000004	143.0	0.8909090909090909	1.0	0.9318181818181818	1.0	0.9454545454545454	1.0
YAL033W	260	1209.0	193	13.0	3.0	44.0	270.0	26.0	116.0	39.0	168.0	0.9470636889991728	0.8866832092638545	1.0	0.9660876757650951	1.0	0.9950372208436724
YAL034C	368	1471.0	67	15.0	41.0	1177.0	470.0	656.0	147.0	689.7199999999999	161.0	0.7369136641740313	0.6532970768184908	0.8905506458191706	0.95581237253569	0.9048266485384092	0.9993201903467029
YAL034C-B	2	2.0	1	60.0	103.0	91.0	146.0	91.0	146.0	91.0	146.0	0.5	0.5	0.5	0.5	1.0	0.5
YAL034W-A	44	102.0	14	11.0	5.0	67.0	161.0	44.0	157.0	51.36000000000006	161.0	0.9411764705882353	0.7941176470588235	1.0	0.8137254901960784	1.0	1.0
YAL035W	169	2935.0	1336	0.0	5.935526315792231	92.0	300.0	41.0	127.0	56.0	136.0	0.9482112436115844	0.8565587734241908	0.9976149914821124	0.9993185689948892	1.0	0.9993185689948892
YAL036C	272	1064.0	141	15.0	173.0	72.0	1123.0	55.39999999999999	265.0	69.77599999999984	781.18	0.8956766917293233	0.4426691729323308	1.0	0.5075187969924813	1.0	0.5112781954887218
YAL037C-A	3	4.0	3	43.5	0.0	192.0	55.0	192.0	55.0	192.0	55.0	0.75	1.0	0.75	1.0	1.0	1.0
YAL037W	38	38.0	3	441.0	1476.0	2269.0	1892.0	2262.8	1880.0	2269.0	1892.0	0.3157894736842105	0.2631578947368421	0.34210526315789475	0.2631578947368421	0.34210526315789475	0.2631578947368421
YAL038W	1245	49968.0	9845	0.0	26.0	317.0	3427.0	35.0	179.0	60.0	180.0	0.9624959974383606	0.6888608709574128	0.9960574767851424	0.9249719820685238	0.9985991034261927	0.9964377201408902
YAL039C	375	3305.0	355	8.0	6.0	780.0	807.0	75.0	73.0	98.0	87.0	0.8956127080181543	0.9948562783661119	0.9906202723146748	0.9984871406959153	0.9993948562783661	0.9984871406959153
YAL040C	107	293.0	32	7.0	31.0	365.0	430.0	330.525	403.0	365.0	416.65333333333325	0.9146757679180887	0.5597269624573379	0.9522184300341296	0.8191126279863481	0.9522184300341296	0.8532423208191127
YAL041W	48	96.0	10	29.0	9.0	78.0	277.0	75.0	145.39999999999955	77.07999999999998	269.17999999999984	0.6979166666666666	0.7916666666666666	0.9895833333333334	0.9479166666666666	1.0	0.9583333333333334
YAL042W	193	1285.0	218	18.0	0.0	57.0	140.0	49.0	117.0	55.0	124.0	0.7945525291828793	0.8964980544747082	1.0	1.0	1.0	1.0
YAL043C	186	918.0	71	17.66666666666424	4.0	44.0	831.0	41.0	196.0	42.05818181818181	208.1599999999997	0.8529411764705882	0.9335511982570807	1.0	0.9368191721132898	1.0	0.9400871459694989
YAL044C	335	7285.0	1488	7.0	2.0	2621.0	1028.0	21.0	96.0	29.074999999999818	110.22499999999945	0.9916266300617708	0.9876458476321208	0.9935483870967742	0.9914893617021276	0.9936856554564173	0.9993136582017845
YAL044W-A	522	6659.0	1456	11.0	3.0	563.0	892.0	37.0	154.0	43.0	177.20499999999993	0.8241477699354257	0.8185913800871002	0.9944436101516744	0.9526955999399309	0.9951944736446914	0.999249136506983
YAL045C	1	1.0	1	0.0	0.0	680.0	566.0	680.0	566.0	680.0	566.0	1.0	1.0	1.0	1.0	1.0	1.0
YAL046C	198	937.0	126	25.0	6.0	1091.0	178.0	38.0	130.64999999999998	95.0	150.0	0.6905016008537886	0.9754535752401281	0.9829242262540021	1.0	0.9957310565635006	1.0
YAL047C	70	430.0	141	8.0	0.0	55.0	73.0	29.0	57.666666666666664	44.67999999999997	71.39999999999998	0.8953488372093024	1.0	1.0	1.0	1.0	1.0
YAL047W-A	15	9.0	3	61.66666666666424	29.5	375.0	158.0	375.0	156.5	375.0	157.7	0.3333333333333333	0.5555555555555556	0.5555555555555556	0.8888888888888888	0.7777777777777778	1.0
YAL048C	22	37.0	6	9.0	19.25	18.0	1111.0	13.466666666666658	1096.8333333333333	18.0	1111.0	1.0	0.6756756756756757	1.0	0.8918918918918919	1.0	0.8918918918918919
YAL049C	531	2619.0	330	8.0	17.0	2212.0	244.0	176.79305555555555	140.0	2195.0	165.0	0.7976326842306224	0.8690339824360442	0.9224894998090875	0.9683085147002672	0.9247804505536464	0.9992363497518136
YAL051W	11	13.0	2	8.0	70.0	41.0	190.0	40.25	185.2	41.0	190.0	1.0	0.5384615384615384	1.0	0.5384615384615384	1.0	0.9230769230769231
YAL053W	128	280.0	22	16.0	10.0	227.0	115.0	163.5	76.71428571428571	208.39999999999986	115.0	0.7535714285714286	0.9535714285714286	0.8428571428571429	1.0	0.9071428571428571	1.0
YAL054C	4	5.0	2	13.0	4.25	77.0	168.0	77.0	168.0	77.0	168.0	0.8	1.0	1.0	1.0	1.0	1.0
YAL055W	86	149.0	17	3.8333333333357587	41.0	78.0	165.0	22.0	127.22499999999992	43.0	164.01	0.959731543624161	0.4429530201342282	1.0	0.9865771812080537	1.0	1.0
YAL056W	96	241.0	17	29.0	36.0	493.0	152.0	59.0	139.0	70.18	146.09	0.6390041493775933	0.7634854771784232	0.966804979253112	0.995850622406639	1.0	1.0
YAL058W	180	492.0	60	19.0	149.0	171.0	261.0	104.0	194.0	107.0	249.0	0.7398373983739838	0.483739837398374	0.9471544715447154	0.5386178861788617	0.9979674796747967	0.6036585365853658
YAL059W	11	21.0	6	22.0	9.0	46.0	197.0	46.0	197.0	46.0	197.0	0.8095238095238095	0.9047619047619048	1.0	1.0	1.0	1.0
YAL060W	163	769.0	182	7.0	28.0	1419.0	152.0	59.162499999999966	119.0	114.24999999999864	133.0	0.9271781534460338	0.48634590377113135	0.9895968790637191	0.9921976592977894	0.9908972691807543	1.0
YAL061W	89	211.0	24	14.0	54.227272727272066	654.0	468.0	267.0	412.0	331.9899999999981	412.0	0.8578199052132701	0.35545023696682465	0.8909952606635071	0.6872037914691943	0.933649289099526	0.8341232227488151
YAL062W	55	92.0	9	10.0	13.0	379.0	362.0	101.0	183.5499999999996	317.6799999999997	362.0	0.9130434782608695	0.8913043478260869	0.9239130434782609	0.9456521739130435	0.967391304347826	0.9456521739130435
YAL063C-A	15	16.0	3	414.0	312.0	958.0	470.0	955.0	438.49999999999994	958.0	470.0	0.625	0.5625	0.625	0.5625	0.625	0.5625
YAL064C-A	2	1.0	1	245.5	1.5	947.0	412.0	947.0	412.0	947.0	412.0	1.0	1.0	1.0	1.0	1.0	1.0
YAL064W-B	19	41.0	8	15.725000000000364	0.0	985.0	3219.0	879.4749999999996	2725.0	985.0	3219.0	0.6585365853658537	0.8292682926829268	0.8048780487804879	0.8292682926829268	0.8536585365853658	0.8292682926829268
YAL066W	1	1.0	1	0.0	0.0	284.0	61.0	284.0	61.0	284.0	61.0	1.0	1.0	1.0	1.0	1.0	1.0
YAL067C	11	12.0	2	111.16666666666606	6.0	211.0	256.0	207.39999999999995	253.69999999999996	211.0	256.0	0.5833333333333334	0.75	0.5833333333333334	0.9166666666666666	0.75	1.0
YAR002C-A	490	3071.0	378	11.0	39.0	90.0	338.0	43.0	152.0	74.0	233.0	0.9029632041680234	0.6629762292412895	0.9654835558450017	0.7886681862585477	1.0	0.9609247802018887
YAR002W	144	601.0	141	2.0	11.0	461.0	275.0	53.0	209.0	93.32666666666667	210.49	0.9633943427620633	0.7920133111480865	0.9883527454242929	0.826955074875208	1.0	0.9068219633943427
YAR003W	208	634.0	65	31.0	26.0	134.0	700.0	93.0	578.0	121.0	619.0	0.5331230283911672	0.6624605678233438	0.9826498422712934	0.7570977917981072	1.0	0.9416403785488959
YAR007C	127	1088.0	155	26.862385321088368	1.0	96.0	82.0	79.0	73.0	83.47999999999956	82.0	0.8308823529411765	0.9761029411764706	0.9981617647058824	1.0	1.0	1.0
YAR008W	134	295.0	18	22.28125	19.25	134.0	179.0	119.0	123.0	123.96000000000004	146.0	0.7220338983050848	0.6474576271186441	0.9932203389830508	0.9932203389830508	1.0	1.0
YAR014C	60	159.0	29	2.0	4.0	183.0	371.0	175.0	179.0	176.0	298.2333333333329	0.7547169811320755	0.89937106918239	0.9371069182389937	0.9559748427672956	0.9811320754716981	0.9874213836477987
YAR015W	686	6332.0	482	72.0	19.0	168.0	1713.0	139.0	150.0	145.0	184.0	0.3952937460518004	0.7686355022109918	0.8499684144030322	0.9459886291850916	1.0	0.9906822488945041
YAR018C	178	370.0	30	20.0	69.0	237.0	355.0	56.0	216.0	237.0	232.80000000000018	0.754054054054054	0.4891891891891892	0.9513513513513514	0.5567567567567567	0.9567567567567568	0.8891891891891892
YAR019C	12	14.0	2	18.0	30.666666666656965	51.0	153.0	49.8	140.79999999999993	51.0	153.0	0.7857142857142857	0.42857142857142855	1.0	0.9285714285714286	1.0	1.0
YAR023C	20	24.0	4	682.666666666657	222.0	1193.0	2261.0	1087.9999999999995	2251.2	1193.0	2261.0	0.375	0.3333333333333333	0.4583333333333333	0.4166666666666667	0.5	0.4166666666666667
YAR027W	97	406.0	73	17.0	101.03571428571013	120.0	329.0	102.0	188.14117647058822	102.0	207.504	0.9187192118226601	0.5172413793103449	0.9211822660098522	0.5640394088669951	1.0	0.7438423645320197
YAR028W	192	631.0	51	27.0	2.0	951.0	2274.0	71.0	1203.0249999999994	95.0	1231.5699999999997	0.6608557844690967	0.8256735340729001	0.9841521394611727	0.8256735340729001	0.9984152139461173	0.8272583201267829
YAR029W	98	131.0	7	173.83333333334303	55.0	1501.0	1325.0	1500.0	295.2249999999999	1500.19	517.4299999999978	0.4580152671755725	0.5419847328244275	0.7099236641221374	0.8778625954198473	0.7099236641221374	0.9847328244274809
YAR030C	6	6.0	1	401.0	195.0	1058.0	1947.0	1058.0	1947.0	1058.0	1947.0	0.3333333333333333	0.16666666666666666	0.3333333333333333	0.3333333333333333	0.3333333333333333	0.3333333333333333
YAR031W	2	2.0	1	1965.0	0.0	2016.0	138.0	2016.0	138.0	2016.0	138.0	0.5	1.0	0.5	1.0	0.5	1.0
YAR033W	138	665.0	52	10.0	8.0	1133.0	447.0	75.0	115.76086956521739	170.27500000000185	123.55000000000007	0.8796992481203008	0.9157894736842105	0.9834586466165414	0.9924812030075187	0.9894736842105263	0.9939849624060151
YAR035W	7	8.0	2	8.666666666656965	5.0	44.0	111.0	44.0	111.0	44.0	111.0	1.0	1.0	1.0	1.0	1.0	1.0
YAR042W	26	36.0	5	13.5	35.0	60.0	327.0	58.09999999999999	275.0	60.0	327.0	0.9166666666666666	0.3055555555555556	1.0	0.8611111111111112	1.0	0.8611111111111112
YAR053W	7	2.0	1	0.0	934.0	183.0	969.0	181.2	969.0	182.64	969.0	1.0	0.5	1.0	0.5	1.0	0.5
YBL001C	1188	13819.0	3949	34.0	12.0	340.0	1954.0	74.0	158.54999999999927	106.0	248.0	0.6566321730950141	0.8874014038642449	0.8410883566104639	0.9138866777625009	0.9939937766842752	0.9596208119256097
YBL002W	1774	60885.0	16563	11.0	0.0	703.0	970.0	106.0	255.0	128.0	289.0	0.8457091237579042	0.8099203416276587	0.8672250964933892	0.8433440091976677	0.9784019052311735	0.9881744271988174
YBL003C	1229	18379.0	2949	8.0	21.83962264150614	1759.0	2167.0	64.0	201.0	67.0	281.0	0.8200663801077317	0.6537352413080146	0.9979868327983024	0.9747537950922248	0.999183851134447	0.9824255944284237
YBL005W	12	19.0	6	4.625	0.0	116.0	633.0	103.40000000000002	479.55000000000024	116.0	633.0	0.7894736842105263	0.8421052631578947	0.8947368421052632	0.8421052631578947	1.0	0.8421052631578947
YBL006C	444	3591.0	316	13.0	24.0	315.0	310.0	31.0	206.0	34.0	229.59000000000015	0.9092174881648566	0.7273739905318852	0.999443052074631	0.9757727652464494	0.999443052074631	0.9908103592314118
YBL006W-A	5	3.0	1	118.5	46.5	152.0	618.0	152.0	618.0	152.0	618.0	0.3333333333333333	0.6666666666666666	0.6666666666666666	0.6666666666666666	0.6666666666666666	1.0
YBL007C	179	1156.0	96	5.909090909088263	101.0	99.0	182.0	70.0	165.0	84.88000000000011	165.6342857142857	0.972318339100346	0.5821799307958477	1.0	0.6660899653979239	1.0	0.6937716262975778
YBL008W	96	177.0	16	22.0	24.0	295.0	258.0	125.30000000000001	162.80000000000018	269.16999999999973	255.5699999999999	0.6497175141242938	0.6045197740112994	0.903954802259887	0.8813559322033898	0.9830508474576272	0.9548022598870056
YBL008W-A	3	3.0	1	35.25	0.75	51.0	2608.0	51.0	2608.0	51.0	2608.0	0.6666666666666666	1.0	1.0	1.0	1.0	1.0
YBL009W	129	521.0	92	8.0	2.1499999999941792	94.0	211.0	51.73999999999999	129.60434782608695	83.15999999999985	147.28999999999996	0.980806142034549	0.9309021113243762	0.9904030710172744	0.963531669865643	1.0	1.0
YBL010C	94	137.0	10	27.0	19.70000000001164	84.0	325.0	52.53333333333334	304.0	74.71999999999996	311.0799999999999	0.48175182481751827	0.6204379562043796	0.9927007299270073	0.781021897810219	1.0	0.9781021897810219
YBL011W	189	648.0	133	11.0	79.0	1548.0	261.0	212.4000000000001	247.8000000000001	1364.146666666664	252.0	0.7546296296296297	0.595679012345679	0.9058641975308642	0.6682098765432098	0.9444444444444444	0.9722222222222222
YBL013W	8	9.0	2	0.0	1564.166666666657	66.0	2761.0	66.0	2761.0	66.0	2761.0	0.8888888888888888	0.3333333333333333	1.0	0.3333333333333333	1.0	0.6666666666666666
YBL014C	82	173.0	18	6.0	31.0	1021.0	246.0	39.9	152.0	511.87000000000035	242.85000000000005	0.8901734104046243	0.4277456647398844	0.9653179190751445	0.8786127167630058	0.9710982658959537	0.9884393063583815
YBL015W	364	2439.0	147	12.0	27.0	229.0	323.0	103.0	282.0	169.0	284.40666666666675	0.8876588765887659	0.39114391143911437	0.956949569495695	0.8413284132841329	0.998359983599836	0.8675686756867569
YBL016W	116	18.0	4	484.0	0.0	539.0	178.0	539.0	138.0	539.0	138.0	0.3333333333333333	0.8888888888888888	0.3333333333333333	0.9444444444444444	0.4444444444444444	0.9444444444444444
YBL017C	5	5.0	1	14.0	2.0	182.0	73.0	182.0	73.0	182.0	73.0	0.8	1.0	1.0	1.0	1.0	1.0
YBL018C	399	1416.0	122	10.0	29.0	196.0	745.0	55.0	121.0	77.0	330.0	0.9209039548022598	0.3707627118644068	0.998587570621469	0.8721751412429378	0.998587570621469	0.9837570621468926
YBL019W	43	109.0	13	49.0	4.0	215.0	271.0	62.749999999999986	116.36666666666666	144.7899999999996	270.40999999999997	0.3119266055045872	0.963302752293578	0.6330275229357798	0.9724770642201835	0.9908256880733946	0.981651376146789
YBL020W	78	273.0	44	27.0	9.161290322575951	267.0	105.0	82.0	96.77499999999995	116.0	102.0	0.6666666666666666	0.9560439560439561	0.9926739926739927	1.0	0.9963369963369964	1.0
YBL021C	244	813.0	113	17.0	1.5	1021.0	214.0	50.23333333333327	181.8499999999999	211.02000000000157	199.548	0.8954489544895449	0.8314883148831488	0.984009840098401	0.998769987699877	0.990159901599016	0.998769987699877
YBL022C	38	124.0	25	12.0	5.0	141.0	97.0	133.0	82.0	139.30857142857144	90.34000000000005	0.8306451612903226	0.9838709677419355	0.9758064516129032	1.0	0.9838709677419355	1.0
YBL023C	103	247.0	40	30.0	33.0	143.0	528.0	117.0	188.0	130.3	189.35333333333332	0.5748987854251012	0.4817813765182186	0.9109311740890689	0.9959514170040485	1.0	0.9959514170040485
YBL024W	200	576.0	85	3.0	149.0	635.0	534.0	56.49999999999966	286.0	84.96000000000004	286.0	0.875	0.5034722222222222	0.9861111111111112	0.5763888888888888	0.9982638888888888	0.6163194444444444
YBL025W	93	160.0	26	15.0	2.0	2020.0	592.0	114.5	568.0	1887.9000000000065	585.0	0.79375	0.875	0.9125	0.925	0.9625	0.94375
YBL026W	235	515.0	49	26.0	10.0	1162.0	1472.0	104.0	263.0	280.4000000000001	492.0	0.5300970873786408	0.7766990291262136	0.9106796116504854	0.829126213592233	0.9825242718446602	0.8485436893203884
YBL027W	789	41229.0	8809	12.0	12.0	285.0	606.0	31.0	106.0	62.0	158.0	0.9824637997526013	0.9210264619563899	0.9993451211525868	0.9863688180649542	0.9999029809114943	0.9994421402410925
YBL028C	262	492.0	39	11.0	176.0	594.0	306.0	55.0	274.0	63.15999999999997	284.0	0.8800813008130082	0.2784552845528455	0.9939024390243902	0.2804878048780488	0.9979674796747967	0.2865853658536585
YBL029C-A	543	1502.0	61	32.35483870966709	26.375	1287.0	385.0	119.39999999999986	144.75999999999993	1048.6933333333336	159.92000000000007	0.05326231691078562	0.4773635153129161	0.14713715046604528	0.9494007989347537	0.7696404793608522	0.996005326231691
YBL030C	1079	9628.0	759	21.416666666656965	91.0	583.0	380.0	148.0	304.0	153.0	323.0	0.8165766514333195	0.5121520565018696	0.9380972164520149	0.6942251765683424	0.968321562110511	0.9221022019110926
YBL031W	68	160.0	35	4.0	19.0	388.0	172.0	41.0	167.8	248.30000000000072	171.86666666666667	0.96875	0.80625	0.975	0.81875	0.975	0.98125
YBL032W	146	670.0	177	2.0	20.0	344.0	249.0	98.0	208.0	129.19999999999982	215.66666666666652	0.8223880597014925	0.7716417910447761	0.9641791044776119	0.991044776119403	0.9940298507462687	0.9985074626865672
YBL033C	89	283.0	80	2.0	10.0	1658.0	173.0	28.0	119.0	35.680000000000064	173.0	0.9646643109540636	0.8798586572438163	0.9929328621908127	0.9399293286219081	0.9929328621908127	0.9787985865724381
YBL035C	128	423.0	67	3.0	20.0	135.0	1192.0	101.34999999999997	80.2333333333333	135.0	129.0	0.8794326241134752	0.7683215130023641	0.9787234042553191	0.9787234042553191	1.0	0.9929078014184397
YBL036C	288	947.0	137	8.0	4.0	2483.0	254.0	73.78	168.0	783.3333333333325	172.012	0.8426610348468849	0.8405491024287223	0.9292502639915523	0.9535374868004224	0.9725448785638859	0.989440337909187
YBL037W	7	10.0	3	5.5	24.0	109.0	154.0	109.0	154.0	109.0	154.0	0.9	0.6	0.9	1.0	1.0	1.0
YBL038W	314	3257.0	495	4.0	4.98897058822331	102.0	618.0	74.0	95.45999999999985	86.0	122.97999999999995	0.9843414184832668	0.8698188517040221	0.999385937979736	0.9692968989867977	1.0	0.9953945348480197
YBL039C	620	4538.0	485	25.0	81.0	133.0	397.0	90.0	260.0	104.0	263.0	0.5486998677831644	0.501322168356104	0.9947113265755839	0.5171881886293521	1.0	0.9878801234023799
YBL039C-A	766	4798.0	485	25.0	81.0	830.0	1389.0	787.0	1219.0	801.0	1222.0	0.519591496456857	0.4893705710712797	0.9424760316798666	0.5050020842017507	0.9666527719883284	0.9858274280950396
YBL039W-B	162	395.0	23	183.0	16.0	338.0	235.0	307.0	147.0	311.0	170.03333333333342	0.28860759493670884	0.9392405063291139	0.369620253164557	0.9873417721518988	0.45569620253164556	0.9974683544303797
YBL040C	838	18768.0	7537	9.0	5.0	936.0	1790.0	50.66468085106382	110.0	66.0	159.0	0.9721867007672634	0.8171355498721228	0.9945652173913043	0.9638213981244672	0.9946184995737425	0.9987212276214834
YBL041W	561	2274.0	285	10.0	67.0	323.0	221.0	165.0	149.0	219.0	155.0	0.7897977132805629	0.534740545294635	0.9485488126649076	0.6059806508355321	0.9489885664028144	0.9212840809146877
YBL042C	296	3449.0	1267	20.0	0.0	125.0	358.0	89.0	180.04999999999973	108.0	280.0	0.7436938242968977	0.8976514931864309	0.9805740794433169	0.9104088141490287	1.0	0.9220063786604813
YBL043W	14	29.0	8	1.7999999999883585	22.055555555562023	193.0	198.0	135.99999999999983	197.4	193.0	198.0	0.9655172413793104	0.7931034482758621	0.9655172413793104	1.0	1.0	1.0
YBL045C	398	1904.0	242	20.0	18.0	275.0	333.0	217.0	216.0	232.0	298.0	0.7085084033613446	0.717436974789916	0.7914915966386554	0.9574579831932774	0.9747899159663865	0.9842436974789915
YBL046W	18	13.0	2	11.5	71.75	18.0	188.0	16.499999999999996	188.0	18.0	188.0	1.0	0.6923076923076923	1.0	0.6923076923076923	1.0	1.0
YBL047C	20	27.0	3	10.75	69.0	185.0	245.0	179.89999999999998	245.0	185.0	245.0	0.8148148148148148	0.5185185185185185	1.0	0.5185185185185185	1.0	0.9259259259259259
YBL048W	7	5.0	1	18.75	54.75	798.0	194.0	708.0	194.0	780.0	194.0	0.8	0.2	1.0	0.6	1.0	0.8
YBL049W	18	15.0	2	71.0	222.25	327.0	560.0	222.0	553.5	277.29999999999995	560.0	0.2	0.6	0.3333333333333333	0.6	0.8666666666666667	0.6666666666666666
YBL050W	137	1464.0	199	17.0	1.0	100.0	165.0	83.0	71.5333333333333	94.0	106.6822857142857	0.8012295081967213	0.9726775956284153	0.9952185792349727	0.9993169398907104	1.0	1.0
YBL051C	80	164.0	14	4.333333333328483	18.19999999999709	85.0	465.0	75.0	452.0	84.3466666666666	452.0	0.9390243902439024	0.7560975609756098	1.0	0.7560975609756098	1.0	0.7621951219512195
YBL052C	46	59.0	4	39.375	8.0	269.0	191.0	267.0	98.0	269.0	182.62999999999968	0.4067796610169492	0.847457627118644	0.8305084745762712	0.9830508474576272	0.9661016949152542	0.9830508474576272
YBL054W	292	659.0	30	23.0	41.0	774.0	258.0	177.0	218.0	217.03333333333322	227.7599999999999	0.8285280728376327	0.26100151745068284	0.9028831562974203	0.6251896813353566	0.9893778452200304	0.9590288315629742
YBL055C	100	153.0	6	322.25	17.25	1962.0	426.0	395.0	255.0	422.7	380.88	0.3333333333333333	0.2679738562091503	0.4117647058823529	0.9084967320261438	0.47058823529411764	0.9150326797385621
YBL056W	894	6786.0	209	75.0	127.0	721.0	2286.0	136.0	413.0	147.0	413.0	0.29442970822281167	0.5925434718538167	0.43958149130562924	0.6177424108458591	0.982316534040672	0.6237842617152962
YBL057C	206	1196.0	193	10.0	2.571428571434808	1440.0	524.0	32.0	82.0	42.85142857142845	111.0	0.9866220735785953	0.9640468227424749	0.9974916387959866	0.9916387959866221	0.9974916387959866	0.9933110367892977
YBL058W	118	568.0	99	6.0	16.0	763.0	156.0	41.0	126.0	467.46000000000765	150.96000000000015	0.9788732394366197	0.9612676056338029	0.9876760563380281	1.0	0.9876760563380281	1.0
YBL059C-A	400	1106.0	32	17.0	64.0	703.0	1447.0	35.80000000000003	243.0	482.3600000000324	266.0	0.6573236889692586	0.2793851717902351	0.9882459312839059	0.3462929475587703	0.9882459312839059	0.8652802893309223
YBL060W	76	133.0	20	25.0	6.0	287.0	228.0	259.7	146.0666666666666	287.0	170.72999999999914	0.706766917293233	0.8421052631578947	0.849624060150376	0.9398496240601504	0.8721804511278195	0.9473684210526315
YBL061C	184	673.0	45	10.0	30.0	139.0	121.0	115.7125	103.0	128.0	103.0	0.8603268945022289	0.7919762258543833	0.8870728083209509	0.9985141158989599	0.9970282317979198	1.0
YBL063W	1	2.0	2	0.0	0.0	0.0	78.0	0.0	78.0	0.0	78.0	1.0	1.0	1.0	1.0	1.0	1.0
YBL064C	172	1255.0	391	12.0	2.0	506.0	192.0	68.0	72.3	76.0	77.80000000000018	0.6677290836653387	0.9139442231075697	0.9960159362549801	0.9936254980079682	0.998406374501992	1.0
YBL066C	14	20.0	5	15.5	32.0	65.0	359.0	60.5	358.6666666666667	65.0	359.0	0.95	0.65	1.0	0.95	1.0	0.95
YBL067C	18	20.0	2	34.0	9.5	292.0	188.0	292.0	178.66666666666666	292.0	188.0	0.75	0.75	0.9	0.85	0.9	0.9
YBL068W	356	3941.0	930	19.0	0.0	188.0	518.0	63.0	235.0	78.0	256.0	0.8287236741943669	0.839634610504948	0.9961938594265415	0.8459781781273789	0.9989850291804111	0.9205785333671657
YBL068W-A	353	869.0	37	42.0	80.0	1859.0	266.0	1163.0	174.0	1177.6699999999996	258.155	0.5776754890678941	0.5857307249712314	0.8170310701956272	0.5926352128883774	0.8619102416570771	0.9677790563866513
YBL069W	287	756.0	37	28.0	80.0	806.0	266.0	110.0	174.0	148.55999999999858	258.71999999999997	0.6640211640211641	0.5873015873015873	0.9391534391534392	0.5952380952380952	0.9907407407407407	0.966931216931217
YBL070C	6	2.0	1	1294.0	1949.0	1294.0	2193.0	1294.0	2193.0	1294.0	2193.0	0.5	0.5	0.5	0.5	0.5	0.5
YBL071C	5	7.0	4	23.125	9.75	1688.0	1820.0	1688.0	1820.0	1688.0	1820.0	0.7142857142857143	0.8571428571428571	0.8571428571428571	0.8571428571428571	0.8571428571428571	0.8571428571428571
YBL071C-B	12	26.0	5	220.16666666667152	10.0	2663.0	1055.0	1352.5999999999988	1055.0	2663.0	1055.0	0.6923076923076923	0.8846153846153846	0.6923076923076923	1.0	0.7692307692307693	1.0
YBL071W-A	276	1421.0	165	6.0	203.0	681.0	1965.0	43.0	476.0	52.0	507.85999999999996	0.9767769176636172	0.5721323011963406	0.9978888106966924	0.5960591133004927	0.9992962702322308	0.6002814919071077
YBL072C	661	7532.0	413	4.0	10.0	2779.0	277.0	55.0	120.68439306358381	69.0	157.0	0.9107806691449815	0.8574083908656399	0.99429102496017	0.9917684545937334	0.9965480616038237	0.997344662772172
YBL074C	48	97.0	23	17.166666666671517	27.0	630.0	2442.0	490.79999999999995	2304.0	590.5200000000001	2378.55	0.7938144329896907	0.6701030927835051	0.8350515463917526	0.8041237113402062	0.845360824742268	0.8041237113402062
YBL075C	149	264.0	23	1298.0	1.0	1971.0	219.0	1363.1999999999998	81.0	1842.44	110.80000000000041	0.26515151515151514	0.8901515151515151	0.2765151515151515	0.9886363636363636	0.2840909090909091	0.9962121212121212
YBL076C	293	2562.0	221	10.0	6.0	79.0	155.0	29.0	110.0	46.0	110.0	0.9746291959406713	0.9746291959406713	0.9996096799375488	0.9875097580015613	1.0	1.0
YBL078C	162	263.0	18	21.0	318.0	937.0	526.0	69.0	491.7	200.44000000000005	520.0	0.532319391634981	0.4372623574144487	0.9885931558935361	0.5665399239543726	0.9885931558935361	0.6539923954372624
YBL079W	4	4.0	1	6.0	1.5	53.0	81.0	53.0	81.0	53.0	81.0	1.0	1.0	1.0	1.0	1.0	1.0
YBL080C	102	357.0	66	27.615942028991412	11.0	273.0	195.0	80.09999999999998	126.0	90.9688888888889	126.0	0.6414565826330533	0.7058823529411765	0.9327731092436975	0.9915966386554622	0.9971988795518207	1.0
YBL081W	23	37.0	10	18.39999999999418	16.0	549.0	137.0	549.0	137.0	549.0	137.0	0.8378378378378378	0.7567567567567568	0.8918918918918919	0.8108108108108109	0.8918918918918919	1.0
YBL082C	295	1323.0	127	10.0	40.0	333.0	313.0	280.0	104.0	306.5945	110.0	0.8299319727891157	0.6122448979591837	0.8866213151927438	0.9652305366591081	0.891156462585034	0.9962207105064248
YBL083C	337	1540.0	127	14.0	40.0	1322.0	275.0	1261.0	66.0	1292.0	72.0	0.6909090909090909	0.5792207792207792	0.7376623376623377	0.9701298701298702	0.7435064935064936	0.9967532467532467
YBL085W	6	8.0	2	49.33333333333576	4.0	202.0	120.0	202.0	120.0	202.0	120.0	0.75	1.0	0.75	1.0	1.0	1.0
YBL086C	257	2251.0	163	47.0	6.0	129.0	1480.0	124.0	53.0	124.0	60.0	0.44291426032874276	0.998223011994669	0.8449577965348734	0.9991115059973346	0.9986672589960017	0.9991115059973346
YBL087C	1475	31786.0	3091	15.354166666664241	13.0	1970.0	352.0	68.0	116.0	94.0	136.666	0.9182344428364689	0.9261624614610205	0.9648272824513937	0.9950921789467061	0.998835965519411	0.9997483168690618
YBL089W	176	535.0	61	47.26000000000204	24.0	92.0	865.0	68.0	315.5	92.0	417.15	0.5196261682242991	0.6878504672897197	0.9906542056074766	0.8598130841121495	1.0	0.8785046728971962
YBL090W	154	573.0	81	22.0	1.0	3212.0	276.0	66.0	138.0	76.0	223.32399999999998	0.4886561954624782	0.9354275741710296	0.9982547993019197	0.9668411867364747	0.9982547993019197	0.9930191972076788
YBL091C	281	1835.0	396	9.0	47.0	399.0	930.0	54.0	177.0	67.0	228.0	0.7689373297002725	0.5602179836512261	0.9978201634877384	0.8397820163487738	0.9983651226158038	0.9809264305177112
YBL091C-A	110	189.0	14	12.828571428573923	2.0	1499.0	243.0	27.0	210.0	911.1299999999788	243.0	0.9682539682539683	0.8412698412698413	0.9894179894179894	0.91005291005291	0.9894179894179894	0.9788359788359788
YBL092W	928	31175.0	8262	0.0	79.0	364.0	3111.0	59.0	147.0	73.0	156.0	0.935364875701684	0.6236407377706495	0.9930713712910987	0.6461267040898155	0.998813151563753	0.997177225340818
YBL093C	281	1118.0	149	0.0	16.0	563.0	1473.0	123.0	168.0	149.0	1051.0	0.7495527728085868	0.8694096601073346	0.9499105545617174	0.9651162790697675	0.9991055456171736	0.983005366726297
YBL094C	23	23.0	2	250.25	73.0	974.0	982.0	971.4	874.0999999999997	974.0	982.0	0.13043478260869565	0.13043478260869565	0.21739130434782608	0.13043478260869565	0.21739130434782608	0.34782608695652173
YBL095W	72	117.0	15	7.900000000001455	29.0	1723.0	252.0	458.6999999999957	125.94999999999997	1666.5599999999995	209.1199999999999	0.8803418803418803	0.6923076923076923	0.9230769230769231	0.9401709401709402	0.9401709401709402	0.9914529914529915
YBL096C	12	11.0	2	346.1666666666715	91.0	1585.0	391.0	1584.55	382.6999999999999	1585.0	391.0	0.2727272727272727	0.2727272727272727	0.36363636363636365	0.2727272727272727	0.36363636363636365	0.8181818181818182
YBL097W	2	3.0	2	0.8333333333357587	0.8333333333357587	58.0	171.0	58.0	171.0	58.0	171.0	1.0	1.0	1.0	1.0	1.0	1.0
YBL099W	621	4740.0	1199	24.0	72.0	384.0	410.0	320.0	242.0	344.0	273.0	0.6831223628691984	0.6867088607594937	0.970886075949367	0.7466244725738397	0.9812236286919831	0.7647679324894515
YBL100W-C	8	9.0	2	8.0	334.6666666666679	59.0	573.0	59.0	573.0	59.0	573.0	1.0	0.6666666666666666	1.0	0.6666666666666666	1.0	0.6666666666666666
YBL101C	12	13.0	2	197.75	26.0	344.0	169.0	343.25	169.0	344.0	169.0	0.3076923076923077	0.3076923076923077	0.38461538461538464	1.0	0.5384615384615384	1.0
YBL102W	475	1840.0	229	18.0	46.73684210526335	373.0	1187.0	118.0	216.0	120.65813953488372	225.29999999999995	0.7755434782608696	0.5364130434782609	0.9722826086956522	0.7570652173913044	0.9989130434782608	0.9510869565217391
YBL103C	65	104.0	6	12.0	203.0	397.0	530.0	273.0	503.0	353.4399999999995	529.46	0.875	0.20192307692307693	0.9903846153846154	0.33653846153846156	0.9903846153846154	0.5192307692307693
YBL104C	15	24.0	3	12.0	70.5	25.0	114.0	25.0	105.59999999999997	25.0	114.0	0.8333333333333334	0.625	1.0	0.6666666666666666	1.0	1.0
YBL105C	42	157.0	66	3.0	0.0	274.0	448.0	269.65	173.0000000000001	273.916	445.6900000000002	0.9299363057324841	0.8726114649681529	0.9490445859872612	0.9617834394904459	0.9681528662420382	0.9745222929936306
YBL106C	17	19.0	2	41.25	103.0	703.0	513.0	434.3500000000004	396.45000000000016	703.0	513.0	0.7368421052631579	0.47368421052631576	0.8947368421052632	0.7368421052631579	0.9473684210526315	0.7368421052631579
YBL107C	168	716.0	129	11.0	13.0	43.0	259.0	17.0	143.0	27.340000000000032	169.85000000000008	0.979050279329609	0.8812849162011173	1.0	0.9958100558659218	1.0	0.9958100558659218
YBR001C	83	180.0	36	85.0	8.5	164.0	537.0	150.0	176.0	164.0	224.69999999999976	0.4222222222222222	0.7222222222222222	0.45	0.8388888888888889	0.9722222222222222	0.8611111111111112
YBR002C	189	417.0	16	9.0	63.0	48.0	323.0	38.0	200.0	38.0	252.0	0.9136690647482014	0.47961630695443647	1.0	0.5995203836930456	1.0	0.9616306954436451
YBR003W	85	399.0	72	0.0	7.0	1145.0	244.0	34.549999999999955	143.0	990.4499999999973	235.13999999999987	0.9699248120300752	0.9523809523809523	0.9849624060150376	0.9699248120300752	0.9849624060150376	0.9799498746867168
YBR004C	59	217.0	88	9.12134831462754	0.0	1048.0	99.0	62.224999999999966	93.04285714285713	1029.5899999999997	99.0	0.8064516129032258	0.9861751152073732	0.9585253456221198	0.9861751152073732	0.967741935483871	1.0
YBR005W	162	365.0	42	46.0	5.0	395.0	373.0	89.0	187.0	263.85000000000457	235.0	0.5041095890410959	0.7698630136986301	0.8027397260273973	0.9315068493150684	0.989041095890411	0.9917808219178083
YBR006W	65	234.0	30	7.5	22.0	183.0	169.0	131.8608695652174	146.0	138.27999999999997	154.70666666666662	0.8803418803418803	0.6495726495726496	0.8974358974358975	0.9914529914529915	1.0	1.0
YBR007C	32	47.0	5	18.75	11.25	122.0	275.0	122.0	194.5	122.0	275.0	0.2765957446808511	0.7446808510638298	0.9148936170212766	0.9574468085106383	0.9574468085106383	0.9787234042553191
YBR008C	306	678.0	36	351.0	100.0	843.0	730.0	731.0	164.0	740.0	170.0	0.6002949852507374	0.4174041297935103	0.6814159292035398	0.5368731563421829	0.6873156342182891	0.7640117994100295
YBR009C	1396	45354.0	2294	3.0	9.0	2322.0	518.0	45.0	190.0	57.0	212.0	0.9729461568990607	0.9465978744983904	0.9946641972042157	0.9902544428275345	0.9980376593023769	0.9912686863341712
YBR010W	356	3288.0	575	9.0	11.0	204.0	384.0	28.0	167.0	40.0	198.30999999999995	0.9628953771289538	0.9209245742092458	0.9978710462287105	0.9799270072992701	0.9990875912408759	0.996654501216545
YBR011C	327	14497.0	7528	2.0	0.0	1022.0	2219.0	59.0	112.0	64.0	120.0	0.823204800993309	0.9963440711871422	0.9996551010553908	0.9979306063323446	0.9999310202110782	0.9984134648547975
YBR012C	20	2.0	1	988.0	2.0	993.0	214.0	993.0	206.0	993.0	206.0	0.5	1.0	0.5	1.0	0.5	1.0
YBR013C	1	1.0	1	0.0	0.0	131.0	13.0	131.0	13.0	131.0	13.0	1.0	1.0	1.0	1.0	1.0	1.0
YBR014C	413	1453.0	110	60.0	0.0	212.0	308.0	96.0	180.0	178.97000000000003	243.8800000000001	0.2587749483826566	0.8589125946317963	0.5010323468685478	0.9435650378527185	0.9993117687543015	0.9855471438403304
YBR015C	507	2824.0	131	49.0	20.0	1263.0	350.0	145.0	152.0	156.0	160.0	0.5240793201133145	0.39943342776203966	0.7701841359773371	0.9886685552407932	0.9893767705382436	0.998229461756374
YBR016W	568	11724.0	1811	19.0	0.0	538.0	369.0	49.0	217.0	53.0	285.0	0.9665643125213238	0.8805868304332992	0.9986352780620948	0.8838280450358239	0.9986352780620948	0.9042988741044012
YBR017C	130	387.0	48	10.0	24.375	529.0	195.0	70.0	145.8999999999994	185.0199999999993	187.0	0.8940568475452196	0.6976744186046512	0.9534883720930233	0.9509043927648578	0.9896640826873385	1.0
YBR018C	467	3293.0	347	10.0	48.0	2850.0	446.0	33.0	224.0	38.0	229.0	0.9957485575463103	0.577588824779836	0.996355906468266	0.868205283935621	0.996355906468266	0.9914971150926207
YBR019C	1289	31004.0	7307	2.0	26.0	139.0	1963.0	40.0	144.79354838709673	59.0	181.38399999999965	0.9113340214165914	0.6094052380338021	0.999161398529222	0.9858405367049413	0.9999677460972778	0.9935169655528319
YBR020W	2075	171875.0	40248	0.0	108.0	2016.0	2924.0	64.0	181.0	69.0	187.0	0.9844712727272728	0.40075636363636363	0.99552	0.4964596363636364	0.9983883636363636	0.5171374545454546
YBR021W	425	889.0	66	137.0	31.0	2491.0	187.0	1848.2999999999943	186.0	2480.0	187.0	0.1732283464566929	0.6591676040494938	0.48256467941507314	0.8582677165354331	0.7424071991001124	1.0
YBR022W	155	356.0	25	64.0	25.0	1516.0	221.0	87.0	162.0	133.0	186.3599999999999	0.40730337078651685	0.7219101123595506	0.949438202247191	0.9241573033707865	0.9943820224719101	1.0
YBR023C	26	35.0	3	15.0	48.5	162.0	202.0	158.5	202.0	162.0	202.0	0.9428571428571428	0.2571428571428571	1.0	0.37142857142857144	1.0	0.8
YBR024W	353	3632.0	654	4.0	213.0	733.0	928.0	117.0	230.0	123.0	327.0	0.9328193832599119	0.5644273127753304	0.9752202643171806	0.5658039647577092	0.9911894273127754	0.5685572687224669
YBR025C	1362	8486.0	450	58.0	22.0	450.0	1039.0	121.0	236.69999999999982	162.0	302.0	0.594979967004478	0.6834786707518266	0.703158142823474	0.8402074004242281	0.9804383690784823	0.8865189724251709
YBR026C	170	679.0	113	56.0	1.0	87.0	594.0	81.2695652173913	130.0	83.0	273.04800000000034	0.47569955817378495	0.9764359351988218	0.7157584683357879	0.979381443298969	1.0	0.9823269513991163
YBR028C	97	224.0	17	45.54545454547042	6.0	249.0	202.0	100.0	190.0	205.4399999999996	199.77999999999997	0.49107142857142855	0.96875	0.8125	0.9821428571428571	0.9866071428571429	0.9821428571428571
YBR029C	200	827.0	104	34.0	3.0	348.0	194.0	111.0	133.0	119.92000000000007	149.3066666666667	0.6033857315598549	0.8548972188633616	0.8101571946795647	0.8681983071342201	0.9963724304715841	1.0
YBR030W	357	773.0	18	32.0	15.0	322.0	174.0	282.1249999999998	83.0	314.0	169.0	0.4851228978007762	0.741267787839586	0.7710219922380336	0.9611901681759379	0.7878395860284605	0.9870633893919794
YBR031W	549	23142.0	6027	0.0	5.0	174.0	717.0	24.0	113.0	32.0	123.0	0.9928701063002333	0.892878748595627	0.9997407311381903	0.9915305505142166	0.9999135770460634	0.9994814622763806
YBR032W	8	8.0	2	1415.3333333333721	103.0	1527.0	150.0	1527.0	150.0	1527.0	150.0	0.375	0.625	0.375	0.625	0.5	0.75
YBR033W	27	40.0	6	102.5	109.5	127.0	319.0	125.2	215.0	127.0	319.0	0.675	0.425	0.675	0.525	0.7	0.6
YBR034C	190	518.0	27	16.0	3.0	386.0	1033.0	61.0	279.0	67.24000000000035	746.6400000000176	0.8146718146718147	0.9131274131274131	0.9903474903474904	0.9227799227799228	0.9980694980694981	0.9633204633204633
YBR035C	320	1899.0	217	3.0	30.0	393.0	282.0	39.0	146.0	50.0	161.0	0.976303317535545	0.6003159557661928	0.9989468141126909	0.9515534491837809	0.9989468141126909	1.0
YBR036C	197	387.0	23	20.0	1.0	93.0	336.0	76.0	281.0	80.0	330.44999999999993	0.6692506459948321	0.6589147286821705	1.0	0.7751937984496124	1.0	0.9689922480620154
YBR037C	155	485.0	45	22.0	2.0	101.0	151.0	57.0	77.0	90.54999999999991	101.59999999999991	0.643298969072165	0.9484536082474226	0.9917525773195877	0.9958762886597938	1.0	1.0
YBR038W	53	85.0	9	14.5	1.7083333333139308	82.0	196.0	79.64285714285714	192.0	82.0	195.65	0.8470588235294118	0.8823529411764706	1.0	1.0	1.0	1.0
YBR039W	144	420.0	39	51.0	18.5	97.0	440.0	91.0	195.0	91.0	208.86666666666667	0.41904761904761906	0.7309523809523809	0.6619047619047619	0.9928571428571429	1.0	0.9952380952380953
YBR041W	94	327.0	42	9.0	31.75	109.0	218.0	73.76666666666665	176.0	89.0	199.3800000000001	0.9296636085626911	0.5351681957186545	0.9969418960244648	0.8593272171253823	1.0	1.0
YBR042C	93	336.0	47	17.0	3.0	104.0	165.0	63.0	73.0	65.91999999999996	148.47999999999956	0.7767857142857143	0.9553571428571429	0.9940476190476191	0.9702380952380952	1.0	1.0
YBR043C	135	253.0	11	61.0	19.0	157.0	298.0	149.0	166.0	154.97	205.91	0.48221343873517786	0.6758893280632411	0.7114624505928854	0.9644268774703557	0.9090909090909091	0.9920948616600791
YBR044C	189	498.0	31	38.0	19.0	671.0	117.0	94.0	78.0	121.55999999999979	103.63999999999987	0.5803212851405622	0.7630522088353414	0.7791164658634538	0.9939759036144579	0.9919678714859438	1.0
YBR045C	6	6.0	2	1343.333333333314	30.0	1457.0	198.0	1457.0	198.0	1457.0	198.0	0.6666666666666666	0.6666666666666666	0.6666666666666666	0.8333333333333334	0.6666666666666666	1.0
YBR046C	177	376.0	24	10.0	35.0	182.0	2498.0	71.21538461538461	385.7	73.0	434.0	0.8856382978723404	0.5372340425531915	0.9920212765957447	0.5771276595744681	0.9920212765957447	0.675531914893617
YBR047W	47	75.0	5	36.75	3.0	545.0	166.0	87.66666666666667	118.75	323.0	158.75	0.48	0.96	0.8133333333333334	0.9866666666666667	0.9866666666666667	1.0
YBR048W	1835	165578.0	17498	5.0	14.0	324.0	1517.0	37.0	243.0	52.0	243.0	0.9301598038386742	0.8745968667335032	0.9943349961951466	0.9932056191039872	0.9998852504559784	0.9955187283334742
YBR049C	78	279.0	39	124.0	0.0	154.0	452.0	149.0	258.75000000000006	149.0	443.0	0.45161290322580644	0.956989247311828	0.6093189964157706	0.96415770609319	0.6666666666666666	0.96415770609319
YBR050C	114	314.0	23	68.0	2.0	273.0	86.0	205.88000000000008	44.0	252.6400000000001	48.72000000000003	0.2770700636942675	0.9872611464968153	0.4872611464968153	1.0	0.9171974522292994	1.0
YBR052C	333	2016.0	152	10.0	1.0740740741021	1423.0	286.0	82.0	65.0	109.0	153.0	0.8665674603174603	0.9796626984126984	0.9806547619047619	0.9806547619047619	0.9950396825396826	0.9910714285714286
YBR053C	118	561.0	135	11.513888888875954	11.0	494.0	1020.0	31.0	140.89999999999986	51.45999999999981	1012.0	0.9857397504456328	0.7611408199643493	0.9964349376114082	0.8948306595365418	0.9964349376114082	0.9607843137254902
YBR054W	56	56.0	3	8.0	87.0	355.0	513.0	332.0	509.09999999999997	353.55999999999995	512.8199999999999	0.9642857142857143	0.4107142857142857	1.0	0.4642857142857143	1.0	0.7321428571428571
YBR055C	38	84.0	15	17.0	2.0	173.0	120.0	69.0999999999999	114.0	170.95999999999998	118.63999999999999	0.8214285714285714	0.9166666666666666	0.9404761904761905	1.0	0.9642857142857143	1.0
YBR056C-B	8	3.0	1	248.5	57.5	302.0	228.0	302.0	228.0	302.0	228.0	0.3333333333333333	0.3333333333333333	0.3333333333333333	0.3333333333333333	0.3333333333333333	0.3333333333333333
YBR056W	157	421.0	36	53.0	15.75	384.0	335.0	102.0	92.24999999999994	113.16000000000008	279.4500000000001	0.47030878859857483	0.9239904988123515	0.7220902612826603	0.9501187648456056	0.9904988123515439	0.9857482185273159
YBR056W-A	41	65.0	7	3.0	21.5	199.0	587.0	89.0	541.25	160.0	587.0	0.9384615384615385	0.7076923076923077	0.9384615384615385	0.7692307692307693	0.9846153846153847	0.8461538461538461
YBR057C	85	245.0	42	9.0	34.0	123.0	290.0	110.0	139.0	119.0	243.90000000000097	0.17959183673469387	0.5795918367346938	0.21224489795918366	0.9795918367346939	1.0	0.9877551020408163
YBR058C	21	29.0	5	16.16666666668607	4.0	173.0	1249.0	146.89999999999984	882.0999999999977	173.0	1249.0	0.7586206896551724	0.9310344827586207	0.8620689655172413	0.9310344827586207	0.9310344827586207	0.9310344827586207
YBR058C-A	845	8941.0	1171	13.0	28.071428571420256	279.0	441.0	69.0	193.0	74.0	206.09000000000015	0.972933676322559	0.6661447265406554	0.9980986466838161	0.9942959400514484	0.998881556872833	0.9986578682473997
YBR059C	56	74.0	5	25.0	26.0	168.0	113.0	156.0	110.0	167.28000000000003	113.0	0.7297297297297297	0.6756756756756757	0.9594594594594594	1.0	0.972972972972973	1.0
YBR060C	127	260.0	13	37.0	16.0	125.0	121.0	118.0	63.0	125.0	107.0	0.5115384615384615	0.7653846153846153	0.8423076923076923	0.9923076923076923	1.0	1.0
YBR061C	195	578.0	46	17.0	74.66666666668607	253.0	2212.0	35.0	178.20000000000005	50.0	617.0400000000002	0.8166089965397924	0.3944636678200692	0.9965397923875432	0.4844290657439446	0.9982698961937716	0.9878892733564014
YBR062C	102	162.0	29	24.0	9.0	3061.0	148.0	305.6000000000001	118.0	2701.853333333332	129.0	0.17901234567901234	0.9259259259259259	0.17901234567901234	1.0	0.19753086419753085	1.0
YBR063C	121	148.0	10	987.0	79.5	1569.0	1101.0	1557.1	437.0	1568.04	1098.06	0.41216216216216217	0.5202702702702703	0.5	0.6824324324324325	0.5135135135135135	0.7567567567567568
YBR065C	97	125.0	10	16.0	1313.25	80.0	2064.0	69.75	1971.0	77.5	2061.8333333333335	0.864	0.344	1.0	0.44	1.0	0.488
YBR066C	137	235.0	11	45.0	9.0	795.0	118.0	189.0	105.0	292.2500000000001	106.30000000000001	0.43829787234042555	0.9829787234042553	0.7361702127659574	1.0	0.948936170212766	1.0
YBR067C	948	8873.0	957	7.0	19.0	4233.0	1392.0	65.0	151.0	182.0	156.0	0.9241519215597881	0.8549532288966528	0.9842217964611744	0.9939141214921673	0.9881663473458807	0.9987602840076637
YBR068C	670	16196.0	4165	15.0	17.0	1278.0	1914.0	56.0	219.0	77.0	222.0	0.9009632007903186	0.8715732279575203	0.9974685107433934	0.9985181526302791	0.9997530254383798	0.9996912817979748
YBR069C	153	382.0	29	0.0	33.0	221.0	881.0	119.39999999999998	669.0	167.72000000000003	820.4000000000001	0.9397905759162304	0.41361256544502617	0.9738219895287958	0.8769633507853403	0.9921465968586387	0.918848167539267
YBR070C	70	223.0	40	33.0	0.0	435.0	235.0	64.51538461538462	74.74999999999997	262.7850000000015	225.7000000000001	0.5201793721973094	0.9417040358744395	0.9775784753363229	0.9551569506726457	0.9910313901345291	0.9730941704035875
YBR071W	125	594.0	103	13.0	5.0	1265.0	309.0	107.0	275.2	154.0	282.0	0.8249158249158249	0.9865319865319865	0.9494949494949495	0.9882154882154882	0.9915824915824916	1.0
YBR072W	55	201.0	80	0.0	2.3597560975467786	486.0	217.0	80.0	171.0	189.74800000000005	173.98000000000002	0.9054726368159204	0.9950248756218906	0.9552238805970149	1.0	0.9651741293532339	1.0
YBR073W	2	2.0	1	4.0	3.0	26.0	82.0	26.0	82.0	26.0	82.0	1.0	1.0	1.0	1.0	1.0	1.0
YBR074W	44	168.0	61	0.125	0.0	31.0	135.0	25.775	119.39999999999998	30.549999999999983	132.64	0.9345238095238095	0.7083333333333334	1.0	0.8869047619047619	1.0	1.0
YBR076C-A	353	533.0	27	675.0	128.0	1603.0	1833.0	744.5666666666666	278.13333333333327	1161.9499999999998	1244.5699999999993	0.08818011257035648	0.4146341463414634	0.1200750469043152	0.4878048780487805	0.16322701688555347	0.5272045028142589
YBR076W	1	1.0	1	0.0	0.0	66.0	553.0	66.0	553.0	66.0	553.0	1.0	1.0	1.0	1.0	1.0	1.0
YBR077C	372	720.0	28	19.0	292.0	927.0	2287.0	87.0	633.125	490.4857142857142	640.3	0.8805555555555555	0.6583333333333333	0.9513888888888888	0.6722222222222223	0.9513888888888888	0.6833333333333333
YBR078W	1211	11200.0	872	0.0	298.0	264.0	674.0	176.0	513.0	202.0	625.0	0.9071428571428571	0.13267857142857142	0.9766964285714286	0.15348214285714284	0.9897321428571428	0.33071428571428574
YBR079C	140	1146.0	300	0.20198675495339558	5.0	71.0	241.0	35.0	99.0	47.0	168.0	0.974694589877836	0.9502617801047121	1.0	0.9703315881326352	1.0	0.993891797556719
YBR080C	200	682.0	88	7.0	14.0	47.0	323.0	39.91999999999998	180.0	42.0	238.3599999999999	0.8387096774193549	0.7609970674486803	1.0	0.9208211143695014	1.0	0.9853372434017595
YBR081C	3	3.0	1	5.25	6.75	153.0	121.0	153.0	121.0	153.0	121.0	1.0	1.0	1.0	1.0	1.0	1.0
YBR082C	1637	49423.0	4238	52.0	0.0	136.0	527.0	105.0	175.0	119.0	180.0	0.5307245614390061	0.9444388240292981	0.765190296016025	0.9985836553831212	1.0	0.9998583655383121
YBR083W	86	86.0	4	203.0	43.0	798.0	145.0	339.0	125.0	659.0400000000002	127.80000000000001	0.23255813953488372	0.3023255813953488	0.5697674418604651	0.9534883720930233	0.627906976744186	1.0
YBR084C-A	1286	15707.0	1246	10.0	67.0	1579.0	197.0	56.0	123.0	71.0	128.0	0.8822181193098618	0.45750302412936905	0.9919780989367798	0.5586044438785255	0.9961800471127523	0.9998726682370918
YBR084W	155	633.0	158	14.33333333331393	66.0	103.0	223.0	79.0	166.0	93.16999999999996	220.0	0.7661927330173776	0.4913112164296998	0.8973143759873617	0.5971563981042654	1.0	0.957345971563981
YBR085C-A	277	564.0	27	30.0	19.0	574.0	425.0	100.0	390.29999999999995	131.60000000000014	404.44000000000005	0.4929078014184397	0.8563829787234043	0.9273049645390071	0.9237588652482269	0.9893617021276596	0.9397163120567376
YBR085W	188	423.0	31	34.0	11.0	617.0	305.0	141.02499999999995	250.0	280.7759999999991	280.53999999999996	0.408983451536643	0.8676122931442081	0.9479905437352246	0.9101654846335697	0.9858156028368794	0.9787234042553191
YBR086C	78	168.0	15	35.66666666668607	7.0	319.0	157.0	316.52	141.0	319.0	144.0	0.6607142857142857	0.9880952380952381	0.7738095238095238	0.9940476190476191	0.9345238095238095	1.0
YBR087W	76	241.0	57	10.0	5.846153846126981	189.0	123.0	61.59999999999991	78.86666666666663	138.72000000000003	116.24000000000001	0.995850622406639	0.946058091286307	0.995850622406639	0.966804979253112	0.995850622406639	1.0
YBR088C	214	1280.0	184	3.0	43.0	1133.0	223.0	52.0	117.0	67.10000000000014	193.33333333333348	0.9859375	0.4859375	0.99453125	0.78984375	1.0	0.98828125
YBR089C-A	257	1801.0	257	13.0	24.277777777751908	2255.0	1267.0	44.0	206.0	51.0	206.245	0.9622431982232094	0.7096057745696835	0.9988895058300944	0.9911160466407551	0.9994447529150472	0.9994447529150472
YBR089W	3	2.0	1	10.0	96.0	165.0	331.0	165.0	315.79999999999995	165.0	327.96	1.0	0.5	1.0	0.5	1.0	1.0
YBR090C	1	1.0	1	0.0	0.0	2070.0	300.0	2070.0	300.0	2070.0	300.0	1.0	1.0	1.0	1.0	1.0	1.0
YBR091C	192	900.0	130	0.0	27.0	2007.0	1122.0	50.0	122.0	59.0	132.75	0.9322222222222222	0.7177777777777777	0.9977777777777778	0.99	0.9977777777777778	0.9966666666666667
YBR092C	398	3243.0	372	14.275537634384818	6.0	1897.0	1665.0	120.0	68.0	142.8000000000011	138.0	0.8791242676534073	0.9506629663891458	0.8967005858772741	0.9592969472710453	0.9355534998458218	0.9947579401788468
YBR093C	400	6769.0	936	9.0	11.0	885.0	2054.0	47.0	67.0	272.44285714285644	94.0	0.9706012704978578	0.9095878268577338	0.9787265474959373	0.9936475107105924	0.9804993352046093	0.9971930861279362
YBR094W	77	541.0	150	13.175675675680395	26.75	555.0	130.0	74.59999999999945	105.0	239.93333333333354	108.0	0.8964879852125693	0.7504621072088724	0.9722735674676525	0.7504621072088724	0.9870609981515711	0.8262476894639557
YBR095C	76	280.0	51	10.0	8.0	375.0	422.0	40.61538461538461	92.0	110.39999999999952	92.0	0.95	0.9928571428571429	0.9857142857142858	0.9928571428571429	0.9928571428571429	0.9964285714285714
YBR096W	391	15711.0	8309	1.0	0.0	125.0	514.0	91.0	78.0	91.0	84.0	0.8086054356820063	0.9954172236012985	0.9937623321239896	0.9968811660619947	1.0	0.9998090509833875
YBR097W	2	2.0	1	28.0	0.0	68.0	72.0	68.0	72.0	68.0	72.0	0.5	1.0	1.0	1.0	1.0	1.0
YBR098W	42	53.0	5	9.0	176.75	54.0	660.0	52.849999999999994	437.7499999999992	54.0	660.0	0.8301886792452831	0.32075471698113206	1.0	0.5094339622641509	1.0	0.6981132075471698
YBR099C	21	88.0	64	558.0	1.784615384589415	1442.0	88.0	1436.0	34.06666666666666	1438.2	80.78000000000009	0.7272727272727273	0.9318181818181818	0.7272727272727273	0.9772727272727273	0.7272727272727273	1.0
YBR101C	315	953.0	114	26.0	5.0	2814.0	985.0	642.0333333333319	873.3499999999999	2681.0733333333337	917.0	0.6411332633788038	0.8331584470094439	0.9349422875131165	0.8583420776495279	0.9401888772298006	0.8625393494228751
YBR102C	74	131.0	14	14.0	70.0	228.0	1284.0	86.0	1277.0	192.3599999999999	1282.38	0.8702290076335878	0.6335877862595419	0.9541984732824428	0.6793893129770993	0.9770992366412213	0.8702290076335878
YBR103C-A	2	2.0	1	369.0	58.0	427.0	128.0	427.0	128.0	427.0	128.0	0.5	0.5	0.5	0.5	0.5	1.0
YBR103W	89	215.0	21	35.0	5.0	213.0	263.0	177.0	93.0	212.39999999999998	251.0	0.3116279069767442	0.9302325581395349	0.9674418604651163	0.9720930232558139	0.9953488372093023	0.9720930232558139
YBR104W	462	2486.0	274	9.0	34.0	165.0	908.0	105.48571428571424	136.0	120.0	244.0	0.8205953338696702	0.5382139983909895	0.9903459372485921	0.8865647626709574	1.0	0.9827031375703942
YBR105C	139	284.0	32	17.727272727293894	30.0	176.0	503.0	136.60000000000002	214.0	148.2000000000005	413.52000000000055	0.7640845070422535	0.6091549295774648	0.8838028169014085	0.9154929577464789	0.9154929577464789	0.9823943661971831
YBR106W	871	5846.0	423	8.0	20.0	131.0	1590.0	81.0	148.0	109.0	368.0	0.8079028395484091	0.769414984604858	0.9808416010947657	0.8624700650017105	1.0	0.9717755730413958
YBR107C	106	133.0	7	36.25	108.0	128.0	566.0	85.0	566.0	126.01999999999992	566.0	0.46616541353383456	0.47368421052631576	0.9774436090225563	0.706766917293233	1.0	0.7368421052631579
YBR108W	49	79.0	5	37.0	8.5	81.0	219.0	79.0	212.14999999999998	81.0	219.0	0.45569620253164556	0.759493670886076	0.9113924050632911	0.9746835443037974	1.0	0.9873417721518988
YBR109C	726	4741.0	395	9.0	16.0	3519.0	419.0	64.0	231.0	77.0	252.0	0.8468677494199536	0.8276734866062012	0.9976798143851509	0.9696266610419743	0.9981016663151234	0.9886099978907403
YBR109W-A	14	17.0	3	27.25	1168.75	110.0	1498.0	101.24999999999997	1497.825	110.0	1498.0	0.7647058823529411	0.6470588235294118	0.8235294117647058	0.6470588235294118	0.9411764705882353	0.6470588235294118
YBR110W	186	919.0	136	166.0258620689856	8.0	321.0	1644.0	217.0	112.0	266.0	348.0	0.20130576713819368	0.9804134929270947	0.5103373231773667	0.9891186071817193	0.5865070729053319	0.9891186071817193
YBR111C	181	1175.0	137	6.0	2.0	274.0	3441.0	64.14285714285714	74.0	271.0	86.0	0.8476595744680852	0.7855319148936171	0.9412765957446808	0.9923404255319149	0.9770212765957447	0.9982978723404256
YBR111W-A	92	235.0	42	19.0	4.0	306.0	183.0	41.0	172.5	46.0	179.45000000000002	0.7489361702127659	0.9276595744680851	1.0	0.9914893617021276	1.0	1.0
YBR112C	31	39.0	4	20.0	108.5	207.0	289.0	203.375	267.99999999999994	207.0	289.0	0.6410256410256411	0.41025641025641024	0.8717948717948718	0.6153846153846154	0.9487179487179487	0.8461538461538461
YBR114W	38	57.0	4	3.0	115.0	1147.0	190.0	102.0	174.3	1073.8499999999997	189.57999999999998	0.8947368421052632	0.2807017543859649	0.9298245614035088	0.7192982456140351	0.9824561403508771	1.0
YBR115C	19	19.0	1	49.75	83.5	110.0	143.0	107.30000000000001	140.3	110.0	143.0	0.42105263157894735	0.3684210526315789	0.631578947368421	0.42105263157894735	1.0	1.0
YBR117C	5	5.0	1	198.5	32.75	264.0	155.0	264.0	155.0	264.0	155.0	0.4	0.6	0.6	1.0	0.6	1.0
YBR118W	1148	56771.0	14117	0.0	9.0	3370.0	1396.0	103.0	101.0	113.0	107.0	0.8573215197900337	0.993306441669162	0.9115921861513802	0.9956668017121417	0.9992954149125434	0.9973225766676649
YBR119W	82	189.0	37	11.150000000023283	23.0	1689.0	967.0	70.3833333333332	148.36666666666665	1385.7749999999885	693.2199999999896	0.8571428571428571	0.671957671957672	0.9788359788359788	0.9841269841269841	0.9841269841269841	0.9841269841269841
YBR120C	108	275.0	51	16.055555555562023	0.0	279.0	1376.0	116.25	120.0	126.75	253.75	0.7818181818181819	0.9345454545454546	0.9781818181818182	0.9345454545454546	1.0	0.9781818181818182
YBR121C	1280	15814.0	1705	29.0	22.0	1177.0	232.0	164.0	139.0	185.36000000000058	161.0	0.6508789680030352	0.5806879979764765	0.8292652080435058	0.9367648918679651	0.980144176046541	0.9970911850259264
YBR121C-A	2059	17536.0	1705	29.0	22.0	2060.0	1194.0	1047.0	1101.0	1068.0	1123.0	0.5870780109489051	0.568088503649635	0.748004105839416	0.9362454379562044	0.8886861313868614	0.9966925182481752
YBR122C	284	1786.0	316	3.0	37.0	2267.0	2742.0	49.0	205.0	1514.5599999999995	220.83142857142857	0.9664053751399776	0.5884658454647257	0.9736842105263158	0.9624860022396416	0.9736842105263158	0.9994400895856663
YBR123C	181	477.0	63	29.0	19.0	87.0	992.0	79.0	77.76666666666665	82.0	960.7100000000005	0.7085953878406709	0.7672955974842768	0.9643605870020965	0.960167714884696	1.0	0.9706498951781971
YBR125C	11	11.0	1	26.25	1.5	2722.0	637.0	2722.0	628.5499999999998	2722.0	637.0	0.45454545454545453	0.8181818181818182	0.8181818181818182	0.8181818181818182	0.8181818181818182	0.8181818181818182
YBR126C	356	2555.0	177	34.0	4.0	2498.0	2343.0	121.0	138.0	589.5499999999947	139.0	0.4	0.9917808219178083	0.9694716242661449	0.9929549902152642	0.9847358121330724	0.9980430528375733
YBR126W-A	309	11210.0	3592	0.0	5.0	223.0	1840.0	28.0	171.62857142857143	28.0	202.0	0.9991079393398751	0.9312221231043711	0.9999107939339875	0.9798394290811775	0.9999107939339875	0.9996431757359501
YBR126W-B	389	11547.0	3592	0.0	5.0	300.0	1826.0	105.0	158.0	105.0	188.0	0.9699489044773534	0.9258681908720879	0.9764440980341215	0.9802546115874253	0.9999133974192431	0.9996535896769724
YBR127C	1827	96467.0	13355	28.86842105264077	0.0	615.0	2502.0	65.0	195.0	68.0	197.0	0.6327241440077954	0.8217732488830377	0.9995231529953248	0.9788632382058113	0.9999274363253755	0.9995335192345569
YBR128C	14	13.0	2	9.0	19.75	1388.0	217.0	1206.6499999999996	199.14999999999998	1388.0	217.0	0.8461538461538461	0.9230769230769231	0.8461538461538461	0.9230769230769231	0.8461538461538461	0.9230769230769231
YBR129C	87	148.0	12	10.0	53.0	164.0	1489.0	49.0	141.0	63.060000000001054	186.5800000000136	0.9527027027027027	0.46621621621621623	0.9932432432432432	0.6418918918918919	0.9932432432432432	0.9932432432432432
YBR130C	138	593.0	58	22.0	24.0	77.0	159.0	69.0	116.67500000000001	77.0	119.0	0.7284991568296796	0.5801011804384486	1.0	1.0	1.0	1.0
YBR131W	83	191.0	27	29.0	1.0	477.0	580.0	52.0	259.0	203.04000000000087	578.1800000000001	0.581151832460733	0.8272251308900523	0.9895287958115183	0.8534031413612565	0.9895287958115183	0.8691099476439791
YBR132C	151	1488.0	409	12.0	0.0	1885.0	360.0	192.0	303.0	194.86409638554215	304.0	0.8225806451612904	0.9657258064516129	0.9798387096774194	0.9657258064516129	0.9919354838709677	0.9717741935483871
YBR133C	188	366.0	15	46.0	92.0	191.0	316.0	159.0	286.0	171.0	310.5999999999999	0.39617486338797814	0.546448087431694	0.9453551912568307	0.5601092896174863	0.9781420765027322	0.773224043715847
YBR135W	214	1178.0	291	3.0	85.0	279.0	283.0	104.0	216.0	110.94769230769232	248.0	0.9465195246179966	0.6859083191850595	0.9847198641765704	0.7300509337860781	0.9932088285229203	0.8497453310696095
YBR137W	188	552.0	121	27.0	17.363636363646947	136.0	298.0	106.79999999999995	161.0	130.0	248.626666666667	0.32608695652173914	0.7047101449275363	0.7898550724637681	0.9601449275362319	1.0	0.9836956521739131
YBR138C	48	101.0	13	41.25	0.0	101.0	646.0	93.63333333333333	185.0	100.49	421.08999999999776	0.5148514851485149	0.9306930693069307	0.8118811881188119	0.9603960396039604	1.0	0.9900990099009901
YBR139W	263	1478.0	131	6.0	39.0	62.0	399.0	21.0	196.0	52.0	327.0	0.9844384303112313	0.5629228687415426	0.9986468200270636	0.8220568335588633	1.0	0.9688768606224628
YBR141C	119	173.0	8	25.0	72.0	65.0	519.0	53.0	172.0	59.096000000000046	482.5450000000016	0.6878612716763006	0.42196531791907516	1.0	0.5606936416184971	1.0	0.9710982658959537
YBR141W-A	34	46.0	8	11.333333333372138	21.73076923075132	227.0	809.0	112.79999999999849	591.1333333333333	227.0	622.78	0.9130434782608695	0.7391304347826086	0.9565217391304348	0.782608695652174	0.9565217391304348	0.8695652173913043
YBR142W	214	440.0	14	29.0	81.0	116.0	702.0	85.0	213.0	98.0	265.73333333333335	0.8522727272727273	0.2636363636363636	0.9931818181818182	0.46136363636363636	1.0	0.9727272727272728
YBR143C	564	2698.0	233	8.0	88.0	149.0	515.0	71.0	243.0	104.55999999999995	258.0	0.8988139362490734	0.597479614529281	0.9644180874722016	0.6189770200148258	0.9992587101556709	0.9362490733876946
YBR145W	187	544.0	51	15.0	18.0	277.0	305.0	134.0	146.0	136.0	188.71999999999935	0.7150735294117647	0.7279411764705882	0.9007352941176471	0.9595588235294118	0.9926470588235294	0.9944852941176471
YBR146W	402	2365.0	91	18.0	22.0	98.0	467.0	72.0	223.0	89.0	227.0	0.8854122621564482	0.41733615221987314	0.9902748414376321	0.9826638477801268	1.0	0.9928118393234673
YBR147W	18	31.0	11	53.08333333325572	137.125	421.0	2341.0	324.1999999999999	542.5999999999999	421.0	2341.0	0.41935483870967744	0.5483870967741935	0.8064516129032258	0.7096774193548387	0.9354838709677419	0.7419354838709677
YBR148W	2	2.0	1	1181.0	19.0	1364.0	101.0	1364.0	101.0	1364.0	101.0	0.5	1.0	0.5	1.0	0.5	1.0
YBR149W	234	452.0	21	25.0	103.0	169.0	281.0	76.0	231.0	106.0	256.8000000000002	0.6305309734513275	0.5243362831858407	0.9756637168141593	0.5486725663716814	0.9977876106194691	0.6504424778761062
YBR150C	2	2.0	1	10.0	18.0	34.0	90.0	34.0	90.0	34.0	90.0	1.0	1.0	1.0	1.0	1.0	1.0
YBR151W	188	1453.0	287	38.0	0.0	610.0	2438.0	148.13999999999996	144.23333333333267	156.0	228.0	0.40812112869924294	0.9401238816242258	0.8458362009635237	0.9518238128011012	0.9483826565726085	0.9972470750172058
YBR152W	101	209.0	27	14.0	34.785714285681024	1483.0	1189.0	71.14999999999995	1165.0	276.3999999999995	1183.1	0.8277511961722488	0.6363636363636364	0.861244019138756	0.7177033492822966	0.9856459330143541	0.9665071770334929
YBR153W	224	353.0	27	1075.0	50.5	2567.0	341.0	1152.0	222.0	1162.97	246.0	0.4730878186968839	0.6090651558073654	0.49291784702549574	0.6968838526912181	0.5920679886685553	0.9915014164305949
YBR154C	384	3052.0	496	23.0	13.0	576.0	421.0	123.0	104.0	127.98000000000002	104.0	0.6988859764089121	0.953473132372215	0.9672346002621232	0.9996723460026212	0.9996723460026212	0.9996723460026212
YBR155W	358	1272.0	60	56.0	22.0	556.0	993.0	79.0	156.0	97.0	627.0199999999998	0.3191823899371069	0.7908805031446541	0.6690251572327044	0.8561320754716981	0.9952830188679245	0.97562893081761
YBR156C	58	144.0	21	18.09090909094084	2.0	255.0	194.0	102.09999999999988	181.0	242.78000000000003	193.06	0.75	0.9652777777777778	0.9375	0.9652777777777778	0.9583333333333334	1.0
YBR157C	68	32.0	4	778.0	32.0	1814.0	151.0	1543.3999999999994	145.0	1814.0	145.72	0.3125	0.6875	0.3125	0.875	0.40625	0.90625
YBR158W	157	832.0	132	16.0	5.0	1551.0	231.0	271.0	166.37142857142857	548.5399999999998	205.13499999999996	0.9362980769230769	0.9435096153846154	0.9651442307692307	0.9747596153846154	0.9663461538461539	1.0
YBR159W	11	13.0	2	24.0	78.66666666662786	53.0	173.0	53.0	173.0	53.0	173.0	0.6153846153846154	0.5384615384615384	1.0	0.5384615384615384	1.0	1.0
YBR160W	161	447.0	64	37.83333333337214	6.0	186.0	742.0	147.0	163.0	148.76666666666657	724.1666666666662	0.6308724832214765	0.7449664429530202	0.8657718120805369	0.8098434004474273	0.9977628635346756	0.959731543624161
YBR161W	52	62.0	4	49.0	37.0	396.0	246.0	298.79999999999995	246.0	392.88000000000005	246.0	0.4838709677419355	0.16129032258064516	0.6935483870967742	0.46774193548387094	0.7580645161290323	1.0
YBR162C	928	4640.0	546	89.0	126.0	297.0	469.0	242.33333333333334	343.6666666666667	293.0	373.0	0.4060344827586207	0.6202586206896552	0.47155172413793106	0.6211206896551724	0.780603448275862	0.6224137931034482
YBR162W-A	843	6590.0	393	19.0	14.0	1491.0	2421.0	53.0	123.0	226.0	167.0	0.8400606980273141	0.8860394537177542	0.9883156297420334	0.975113808801214	0.9883156297420334	0.9930197268588771
YBR163W	161	322.0	25	31.0	135.0	545.0	450.0	145.93333333333226	366.4	508.28	409.03999999999905	0.7018633540372671	0.5496894409937888	0.8819875776397516	0.6925465838509317	0.9285714285714286	0.7329192546583851
YBR164C	496	1335.0	63	8.0	26.0	154.0	2489.0	135.0	264.0	145.10000000000005	433.0	0.8696629213483146	0.2786516853932584	0.9483146067415731	0.7730337078651686	0.9947565543071161	0.8374531835205993
YBR165W	29	64.0	13	5.0	11.0	218.0	174.0	105.39999999999996	165.6	192.2399999999999	172.208	0.9375	0.71875	0.984375	0.953125	0.984375	1.0
YBR166C	108	394.0	52	9.0	23.0	110.0	210.0	58.59999999999991	120.0	79.0	138.0	0.8350253807106599	0.8857868020304569	0.9949238578680203	0.9238578680203046	1.0	0.9974619289340102
YBR167C	203	232.0	12	178.0	44.0	612.0	121.0	348.2999999999996	120.0	574.4533333333341	121.0	0.1336206896551724	0.521551724137931	0.21982758620689655	0.7801724137931034	0.27586206896551724	1.0
YBR168W	72	94.0	5	163.0	60.0	572.0	291.0	572.0	253.0	572.0	277.36000000000007	0.5531914893617021	0.5319148936170213	0.574468085106383	0.7340425531914894	0.5851063829787234	0.9574468085106383
YBR169C	54	74.0	5	62.0	6.0	1107.0	196.0	128.0	184.8	872.760000000005	195.28000000000003	0.5675675675675675	0.9054054054054054	0.6216216216216216	0.9864864864864865	0.7972972972972973	1.0
YBR170C	234	1343.0	244	30.99074074078817	20.0	122.0	402.0	58.0	160.0	81.22285714285707	286.0	0.4832464631422189	0.8942665673864483	0.9985107967237528	0.9746835443037974	1.0	0.9880863737900223
YBR171W	448	9039.0	1964	0.0	12.0	716.0	202.0	39.0	142.0	49.0	176.17428571428587	0.9877198805177564	0.8036287199911495	0.9998893682929527	0.8721097466533909	0.9998893682929527	0.9954641000110632
YBR172C	172	601.0	33	53.0	39.0	131.0	193.0	120.0	138.0	127.5657142857143	159.41000000000008	0.6505823627287853	0.5757071547420965	0.7021630615640599	0.9816971713810316	0.9866888519134775	1.0
YBR173C	314	2379.0	446	6.0	37.0	1251.0	366.0	39.0	181.0	43.946666666666715	185.0	0.9869693148381673	0.6090794451450189	0.9991593106347205	0.9537620849096259	0.9991593106347205	0.9823455233291298
YBR174C	10	13.0	4	25.0	17.25	773.0	793.0	772.7	787.45	773.0	793.0	0.7692307692307693	0.8461538461538461	0.7692307692307693	0.8461538461538461	0.9230769230769231	0.8461538461538461
YBR175W	106	295.0	28	36.550000000046566	4.5	742.0	1490.0	668.7	127.0	716.1	1077.0750000000064	0.735593220338983	0.9457627118644067	0.9322033898305084	0.9830508474576272	0.9355932203389831	0.9864406779661017
YBR176W	114	160.0	13	31.0	93.0	1325.0	263.0	124.0	176.0	1317.8500000000001	251.10000000000028	0.53125	0.21875	0.94375	0.30625	0.96875	0.40625
YBR177C	570	5794.0	528	21.0	4.0	293.0	542.0	69.0	185.0	69.0	244.0	0.19968933379357956	0.9193993786675871	0.9166379012771833	0.9376941663790128	0.9989644459785986	0.9830859509837763
YBR178W	3	5.0	2	55.125	19.25	112.0	130.0	112.0	130.0	112.0	130.0	0.4	0.8	0.6	1.0	1.0	1.0
YBR179C	57	96.0	9	10.0	10.0	104.0	169.0	99.59999999999995	148.0	104.0	164.39999999999992	0.8020833333333334	0.7395833333333334	0.9895833333333334	0.84375	1.0	1.0
YBR181C	834	20933.0	2227	10.0	13.0	192.0	254.0	45.0	109.0	53.0	109.0	0.977738499020685	0.9937897100272297	0.998757942005446	0.999092342234749	0.999761142693355	0.999952228538671
YBR182C	18	20.0	2	18.5	55.0	265.0	355.0	265.0	347.5	265.0	355.0	0.7	0.6	0.7	0.7	0.85	1.0
YBR182C-A	8	8.0	4	226.40000000002328	76.0	308.0	479.0	308.0	427.79999999999995	308.0	468.76	0.5	0.625	0.75	0.625	0.75	0.75
YBR183W	88	218.0	19	4.333333333372138	32.0	132.0	139.0	100.0	119.75999999999999	109.0	128.32	0.8715596330275229	0.3165137614678899	0.9403669724770642	0.9862385321100917	1.0	1.0
YBR184W	8	10.0	2	29.0	19.0	147.0	158.0	147.0	158.0	147.0	158.0	0.5	0.5	0.8	0.9	0.8	1.0
YBR185C	229	1266.0	181	19.222222222248092	66.0	352.0	220.0	52.0	190.0	53.0	201.0	0.8499210110584519	0.4731437598736177	0.9936808846761453	0.5071090047393365	0.9992101105845181	1.0
YBR186W	1	1.0	1	0.0	0.0	6.0	162.0	6.0	162.0	6.0	162.0	1.0	1.0	1.0	1.0	1.0	1.0
YBR187W	752	3547.0	207	45.0	25.0	1192.0	3784.0	134.0	188.0	143.0	220.08999999999924	0.616295460952918	0.681420919086552	0.8993515647025655	0.9574288130814773	0.9847758669297998	0.9780095855652664
YBR188C	198	330.0	29	21.0	75.0	279.0	1280.0	99.0	325.3333333333333	104.79999999999995	1189.3999999999996	0.693939393939394	0.5545454545454546	0.9212121212121213	0.7363636363636363	0.996969696969697	0.896969696969697
YBR189W	820	29976.0	4494	8.0	5.0	2003.0	1775.0	46.0	73.0	54.0	80.0	0.9636375767280491	0.994762476647985	0.9991993594875901	0.9970309580998132	0.9999332799572992	0.9976981585268214
YBR190W	11	15.0	4	3.0	33.40000000002328	3461.0	1006.0	2971.75	1006.0	3461.0	1006.0	0.8666666666666667	0.4	0.9333333333333333	1.0	0.9333333333333333	1.0
YBR191W	432	21384.0	3930	0.0	30.173913043458015	3765.0	1902.0	23.0	146.0	67.0	192.0	0.9715675271230827	0.7002899364010475	0.9976618032173588	0.9711934156378601	0.999205013093902	0.9998129442573886
YBR191W-A	745	22134.0	3930	0.0	34.0	4644.0	1819.0	902.0	63.0	946.0	109.0	0.9380139152435167	0.6992861660793349	0.9634047167253998	0.9723050510526792	0.9657992229149724	0.9998192825517304
YBR192W	222	535.0	27	45.456521739135496	77.0	1404.0	1296.0	214.0	290.9	216.14999999999998	331.4499999999995	0.411214953271028	0.3383177570093458	0.9345794392523364	0.7233644859813084	0.994392523364486	0.7570093457943925
YBR193C	248	389.0	10	24.0	204.0	1025.0	989.0	45.549999999999955	495.1999999999998	357.97000000000037	713.2400000000011	0.583547557840617	0.11053984575835475	0.974293059125964	0.13881748071979436	0.9794344473007712	0.43444730077120824
YBR194W	104	119.0	13	43.0	53.0	298.0	1685.0	140.64	269.29999999999995	150.0	1685.0	0.4789915966386555	0.5630252100840336	0.7142857142857143	0.5966386554621849	1.0	0.8823529411764706
YBR195C	111	227.0	25	26.0	17.0	171.0	324.0	61.59999999999991	155.0	120.5699999999994	168.09999999999997	0.5991189427312775	0.8854625550660793	0.9823788546255506	0.9955947136563876	0.9911894273127754	0.9955947136563876
YBR196C	1087	12696.0	1307	8.0	10.514132925891317	1060.0	326.0	77.0	184.0	82.0	196.0	0.7563011972274732	0.8233301827347196	0.9932262129804663	0.927536231884058	0.9994486452425961	0.9963768115942029
YBR196C-A	68	148.0	59	1302.3166666666511	0.0	1857.0	1968.0	1723.0	157.39999999999958	1730.5800000000013	1962.1200000000001	0.4189189189189189	0.7364864864864865	0.42567567567567566	0.8716216216216216	0.42567567567567566	0.9527027027027027
YBR196C-B	75	102.0	4	99.0	72.5	1400.0	2470.0	1266.0	652.0	1332.9200000000005	2466.88	0.5294117647058824	0.14705882352941177	0.6862745098039216	0.6078431372549019	0.7156862745098039	0.7450980392156863
YBR197C	182	296.0	13	24.0	176.0	2745.0	1427.0	40.0	1290.6	1162.6200000000072	1317.0400000000004	0.6587837837837838	0.42567567567567566	0.9662162162162162	0.6858108108108109	0.9662162162162162	0.6925675675675675
YBR198C	147	769.0	165	6.0	7.0	94.0	1356.0	86.0	96.0	86.0	233.1399999999985	0.9544863459037711	0.9661898569570871	1.0	0.988296488946684	1.0	0.988296488946684
YBR199W	438	7433.0	1917	6.0	24.0	119.0	426.0	103.0	184.0	105.0	290.0	0.8793219426880129	0.6601641329207588	0.995560339028656	0.9317906632584421	1.0	0.9705367953719898
YBR200W	109	1622.0	473	8.0	1.0	111.0	357.0	74.0	222.0	85.77999999999997	249.0	0.9734895191122072	0.9759556103575833	0.998766954377312	0.9969173859432799	1.0	0.9993834771886559
YBR201C-A	63	102.0	7	133.5	17.0	748.0	309.0	368.0	264.96	626.6666666666674	285.82000000000005	0.23529411764705882	0.7254901960784313	0.28431372549019607	0.8823529411764706	0.5098039215686274	1.0
YBR201W	151	457.0	52	13.0	6.0	186.0	710.0	150.0	254.0	160.82000000000005	679.5600000000006	0.9781181619256017	0.8730853391684902	0.9890590809628009	0.8927789934354485	0.9890590809628009	0.899343544857768
YBR202W	96	338.0	49	49.0	0.0	463.0	241.0	90.19999999999993	185.0	128.16000000000008	197.24000000000012	0.3668639053254438	0.9733727810650887	0.8550295857988166	0.9763313609467456	0.9970414201183432	1.0
YBR203W	23	26.0	3	184.5	41.0	236.0	252.0	223.2	236.0	236.0	252.0	0.5384615384615384	0.5769230769230769	0.6538461538461539	0.8076923076923077	0.6538461538461539	1.0
YBR204C	117	286.0	17	13.0	70.0	76.0	508.0	68.0	269.0	76.0	271.4266666666667	0.7692307692307693	0.3881118881118881	1.0	0.7692307692307693	1.0	0.993006993006993
YBR205W	241	759.0	68	23.0	75.0	596.0	1817.0	48.0	190.0	61.45999999999981	230.63999999999987	0.7140974967061924	0.52832674571805	0.997364953886693	0.6429512516469038	0.997364953886693	0.9960474308300395
YBR206W	430	1195.0	68	564.796296296292	80.0	1575.0	1736.0	1026.0	110.0	1038.0	141.1333333333332	0.4535564853556485	0.41506276150627613	0.6326359832635984	0.5640167364016736	0.6569037656903766	0.9974895397489539
YBR207W	424	2091.0	137	33.0	15.0	1560.0	224.0	89.0	134.0	126.0	193.1800000000003	0.6571018651362984	0.735533237685318	0.9693926351028216	0.9445241511238642	0.9985652797704447	0.9990435198469632
YBR209W	3	1.0	1	17.5	13.0	121.0	93.0	60.5	93.0	63.3	93.0	1.0	1.0	1.0	1.0	1.0	1.0
YBR210W	27	70.0	19	57.0	0.40000000002328306	220.0	139.0	162.0	133.0	214.39999999999992	138.2	0.2857142857142857	0.8857142857142857	0.2857142857142857	0.8857142857142857	0.9714285714285714	0.8857142857142857
YBR212W	58	200.0	38	48.83333333337214	0.0	452.0	247.0	448.0	206.83333333333334	452.0	221.0	0.35	0.94	0.735	0.945	0.915	0.97
YBR213W	93	344.0	95	2.0	0.8000000000465661	118.0	1999.0	97.84	215.0	106.24000000000001	219.24	0.7238372093023255	0.7732558139534884	0.9767441860465116	0.8284883720930233	1.0	0.997093023255814
YBR214W	156	560.0	77	29.5	56.0	1157.0	214.0	118.0	200.0	122.0	209.0	0.6964285714285714	0.6660714285714285	0.9910714285714286	0.7303571428571428	0.9982142857142857	0.9928571428571429
YBR215W	82	174.0	11	14.199999999953434	15.0	110.0	465.0	68.0	465.0	105.0	465.0	0.7816091954022989	0.764367816091954	0.9540229885057471	0.7988505747126436	1.0	0.8390804597701149
YBR216C	109	305.0	24	13.0	81.0	80.0	579.0	49.0	294.0	64.79999999999988	495.49999999999915	0.8918032786885246	0.49508196721311476	0.9901639344262295	0.5278688524590164	1.0	0.819672131147541
YBR217W	61	88.0	6	27.0	36.125	94.0	335.0	65.75999999999999	328.0	91.72000000000003	333.24	0.6704545454545454	0.5340909090909091	0.9431818181818182	0.9545454545454546	1.0	0.9545454545454546
YBR218C	181	331.0	20	83.52500000002328	14.0	304.0	183.0	155.0	174.0	287.105	182.0	0.39274924471299094	0.7009063444108762	0.48942598187311176	0.9365558912386707	0.9516616314199395	1.0
YBR219C	12	14.0	2	26.0	72.33333333337214	1477.0	127.0	1477.0	126.39999999999999	1477.0	127.0	0.5	0.21428571428571427	0.7857142857142857	0.35714285714285715	0.9285714285714286	1.0
YBR220C	599	2784.0	213	30.0	81.0	309.0	623.0	90.0	257.0	129.0	270.10666666666657	0.5355603448275862	0.6023706896551724	0.9816810344827587	0.6569683908045977	0.9974856321839081	0.8189655172413793
YBR221C	752	8960.0	785	23.0	2.0	2125.0	415.0	234.0	244.0	236.0	268.0	0.75	0.8564732142857143	0.9671875	0.9768973214285714	0.9743303571428571	0.9933035714285714
YBR221W-A	2	2.0	1	271.0	26.0	1632.0	81.0	1632.0	81.0	1632.0	81.0	0.5	0.5	0.5	1.0	0.5	1.0
YBR222C	245	3239.0	338	14.633116883109324	2.0	1981.0	1811.0	45.0	114.0	337.506666666668	134.0	0.9629515282494597	0.9956776782957703	0.9833281877122568	0.9993825254708243	0.9854893485643718	0.9993825254708243
YBR223C	39	55.0	5	6.0	18.25	61.0	2057.0	54.75	2057.0	61.0	2057.0	0.8909090909090909	0.7454545454545455	1.0	0.8545454545454545	1.0	0.8909090909090909
YBR225W	3	3.0	1	3.0	119.25	135.0	263.0	135.0	263.0	135.0	263.0	1.0	0.3333333333333333	1.0	0.3333333333333333	1.0	0.6666666666666666
YBR227C	193	765.0	68	23.0	61.0	1110.0	143.0	73.0	129.0	92.0	139.0	0.6392156862745098	0.6784313725490196	0.996078431372549	0.7372549019607844	0.9973856209150327	1.0
YBR228W	28	55.0	13	0.0	23.0	319.0	703.0	319.0	173.25	319.0	672.7000000000018	0.8909090909090909	0.6363636363636364	0.8909090909090909	0.9454545454545454	0.8909090909090909	0.9636363636363636
YBR229C	79	213.0	24	2.0	18.0	41.0	508.0	24.0	229.0	29.0	489.10000000000014	0.9953051643192489	0.7511737089201878	1.0	0.9014084507042254	1.0	0.9483568075117371
YBR230C	581	2653.0	95	12.0	126.0	263.0	211.0	48.0	164.0	57.0	167.0	0.94082171127026	0.4018092725216736	0.996607614021862	0.4134941575574821	0.996607614021862	0.5657745947983415
YBR230W-A	336	1059.0	91	34.0	6.0	893.0	4158.0	78.0	152.0	78.0	205.72800000000007	0.5571293673276676	0.9150141643059491	0.996222851746931	0.9716713881019831	0.9971671388101983	0.9971671388101983
YBR231C	216	755.0	115	8.0	16.0	1577.0	292.0	69.0	57.0	181.85000000000696	163.0	0.8357615894039735	0.9615894039735099	0.9430463576158941	0.9774834437086093	0.9894039735099338	0.9774834437086093
YBR232C	6	6.0	1	199.0	2.0	935.0	1267.0	935.0	1267.0	935.0	1267.0	0.3333333333333333	0.6666666666666666	0.3333333333333333	0.8333333333333334	0.5	0.8333333333333334
YBR233W	108	263.0	31	45.0	12.0	3107.0	190.0	152.9	165.0	158.0	171.48000000000002	0.5779467680608364	0.8365019011406845	0.7908745247148289	0.844106463878327	0.9961977186311787	1.0
YBR233W-A	339	717.0	70	4.0	22.0	117.0	367.0	65.0	288.5333333333333	83.78750000000005	349.6600000000001	0.8186889818688982	0.5788005578800558	0.99581589958159	0.8298465829846583	1.0	0.9581589958158996
YBR234C	272	1399.0	166	9.0	13.0	369.0	170.0	48.549999999999955	81.81063829787234	56.0	109.0	0.9599714081486777	0.806290207290922	1.0	0.997855611150822	1.0	1.0
YBR235W	50	81.0	10	0.0	28.0	92.0	147.0	89.0	118.25000000000001	92.0	147.0	0.8641975308641975	0.7037037037037037	1.0	0.9629629629629629	1.0	1.0
YBR236C	157	604.0	102	2.0	30.0	419.0	1239.0	50.0	431.0999999999992	54.73000000000002	931.2200000000003	0.9834437086092715	0.5033112582781457	0.9983443708609272	0.8874172185430463	0.9983443708609272	0.9254966887417219
YBR237W	15	24.0	3	14.5	22.5	57.0	181.0	56.86666666666667	119.39999999999975	57.0	181.0	0.9583333333333334	0.7083333333333334	1.0	0.9583333333333334	1.0	1.0
YBR238C	26	29.0	3	76.25	355.5	94.0	613.0	91.14999999999999	607.0	94.0	609.52	0.6206896551724138	0.10344827586206896	0.6896551724137931	0.20689655172413793	1.0	0.20689655172413793
YBR239C	77	154.0	14	5.0	13.0	166.0	931.0	162.0	293.5999999999993	165.84000000000003	927.0	0.8441558441558441	0.7077922077922078	0.9285714285714286	0.9285714285714286	0.9805194805194806	0.9285714285714286
YBR240C	2	2.0	1	96.0	165.0	107.0	229.0	107.0	229.0	107.0	229.0	0.5	0.5	0.5	0.5	1.0	0.5
YBR241C	199	390.0	36	43.0	21.0	269.0	276.0	138.0	177.0	246.0	179.0	0.6666666666666666	0.8256410256410256	0.8846153846153846	0.8769230769230769	0.9384615384615385	0.8897435897435897
YBR242W	315	854.0	35	19.0	22.5	376.0	261.0	187.0	120.0	216.0	172.0	0.05152224824355972	0.36416861826697894	0.10772833723653395	0.9414519906323185	0.21662763466042154	0.9590163934426229
YBR243C	344	1361.0	52	3.0	114.0	194.0	1041.0	57.0	330.0	58.0	384.0	0.8714180749448934	0.32255694342395297	0.9985304922850845	0.5011021307861866	0.9992652461425422	0.6024981631153563
YBR244W	329	767.0	43	51.0	58.0	580.0	298.0	161.0	187.0	226.0	256.6400000000003	0.5736636245110821	0.21642764015645372	0.9361147327249022	0.3389830508474576	0.9452411994784876	0.7666232073011734
YBR246W	174	476.0	29	14.0	41.0	99.0	829.0	53.0	143.0	72.0	160.8800000000001	0.8991596638655462	0.5777310924369747	0.9957983193277311	0.9789915966386554	1.0	0.9852941176470589
YBR247C	494	9086.0	1327	21.0	0.0	2098.0	335.0	82.0	128.0	90.53499999999985	238.0	0.7388289676425269	0.9694034778780541	0.8055249834910851	0.9825005502971604	0.9988994056790667	0.9831609068897205
YBR248C	533	7327.0	547	28.53838582674507	10.0	1642.0	1935.0	99.0	85.0	113.0	176.0	0.4748191620035485	0.9732496246758564	0.9870342568581957	0.9877166643919749	0.9995905554797325	0.9944042582230108
YBR249C	895	7249.0	1080	18.0	13.0	452.0	2153.0	136.0	139.0	140.0	207.0	0.6587115464201959	0.7536211891295351	0.9063319078493586	0.8241136708511518	0.9991722996275348	0.9988963995033798
YBR250W	2	2.0	1	262.0	9.0	618.0	138.0	618.0	138.0	618.0	138.0	0.5	1.0	0.5	1.0	0.5	1.0
YBR251W	258	1036.0	111	32.0	25.0	655.0	151.0	80.0	127.0	87.0	132.0	0.5376447876447876	0.7191119691119691	0.9826254826254827	0.9806949806949807	0.999034749034749	1.0
YBR252W	270	1498.0	151	10.563106796122156	18.0	62.0	673.0	44.0	113.0	52.0	129.15999999999985	0.9405874499332443	0.7716955941255007	1.0	0.9712950600801068	1.0	0.9939919893190922
YBR253W	185	1613.0	545	11.0	0.0	690.0	151.0	61.0	92.0	83.63333333333078	99.0	0.8512089274643522	0.8778673279603224	0.9801611903285803	0.8840669559826411	0.9925604463732176	0.9981401115933044
YBR254C	143	225.0	9	9.0	24.099999999976717	43.0	209.0	28.0	169.0	36.0	172.5	0.9777777777777777	0.5111111111111111	1.0	0.9866666666666667	1.0	1.0
YBR255C-A	253	610.0	22	17.0	16.0	65.0	500.0	60.0	128.0	60.0	146.39999999999986	0.8918032786885246	0.8491803278688524	1.0	0.9901639344262295	1.0	1.0
YBR255W	101	413.0	51	7.122222222271375	58.0	85.0	825.0	52.0	157.39999999999986	85.0	504.74	0.9418886198547215	0.5084745762711864	1.0	0.5351089588377724	1.0	0.9467312348668281
YBR256C	899	21312.0	4591	4.0	12.0	463.0	468.0	37.0	93.39333333333319	62.0	103.0	0.8432338588588588	0.9087368618618619	0.9884102852852853	0.9912725225225225	0.9998592342342343	0.9967154654654654
YBR257W	143	352.0	49	23.0	58.0	1445.0	283.0	68.0	144.0	522.8400000000001	248.28000000000338	0.6960227272727273	0.5113636363636364	0.9744318181818182	0.7102272727272727	0.9801136363636364	0.7784090909090909
YBR258C	155	224.0	12	15.0	11.0	236.0	424.0	80.0	354.0	144.746666666666	367.0	0.7946428571428571	0.6339285714285714	0.96875	0.78125	0.9910714285714286	0.7901785714285714
YBR259W	103	198.0	20	11.0	78.0	104.0	617.0	87.0	238.2	100.0	547.1200000000005	0.9191919191919192	0.47474747474747475	0.9848484848484849	0.5151515151515151	1.0	0.8131313131313131
YBR260C	110	259.0	21	27.5	6.0	52.0	492.0	41.099999999999966	164.0	47.5466666666667	448.90000000000475	0.7297297297297297	0.5752895752895753	1.0	0.9034749034749034	1.0	0.9498069498069498
YBR261C	329	1855.0	237	20.0	3.0	82.0	196.0	43.0	163.0	53.0	169.72500000000002	0.7822102425876011	0.8878706199460916	1.0	0.9902964959568733	1.0	1.0
YBR262C	79	259.0	49	9.0	22.142857142840512	2358.0	210.0	47.0	128.0	1383.3400000000236	128.0	0.9382239382239382	0.7104247104247104	0.9884169884169884	0.9961389961389961	0.9884169884169884	0.9961389961389961
YBR263W	357	1348.0	74	26.0	80.0	103.0	185.0	85.0	172.0	100.0	183.0	0.8427299703264095	0.5318991097922848	0.9866468842729971	0.7166172106824926	1.0	0.8419881305637982
YBR264C	130	360.0	28	16.33333333337214	5.0	442.0	2149.0	38.0	49.0	49.94999999999999	109.39999999999993	0.875	0.9611111111111111	0.9972222222222222	0.9722222222222222	0.9972222222222222	0.9944444444444445
YBR265W	243	2990.0	526	28.0	1.0	1417.0	1736.0	55.0	143.0	84.0	144.0666666666666	0.7127090301003345	0.9986622073578595	0.9849498327759197	0.9996655518394649	0.9986622073578595	0.9996655518394649
YBR267W	176	883.0	240	0.0	5.0	2052.0	691.0	28.0	133.0	94.0	145.83499999999998	0.9671574178935447	0.8708946772366931	0.9852774631936579	0.9830124575311439	0.9966024915062288	0.9852774631936579
YBR268W	436	10296.0	1580	26.0	3.0	1477.0	251.0	30.0	122.0	36.0	147.0	0.7252331002331003	0.8753885003885004	0.9954351204351204	0.9901903651903652	0.999028749028749	0.9991258741258742
YBR269C	357	2594.0	431	6.0	1.0	150.0	347.0	47.0	184.0	71.0	184.0	0.9298380878951427	0.856206630686199	0.9930609097918273	0.9911333847340016	0.9992289899768697	0.9946029298380878
YBR270C	39	51.0	6	63.75	15.0	315.0	67.0	297.0	66.94999999999999	301.95	67.0	0.47058823529411764	0.9019607843137255	0.7254901960784313	1.0	0.7647058823529411	1.0
YBR271W	227	741.0	74	18.0	13.0	816.0	292.0	249.44999999999993	156.6333333333333	270.93333333333356	158.57555555555555	0.863697705802969	0.5802968960863698	0.9311740890688259	0.7773279352226721	0.9392712550607287	0.9973009446693657
YBR272C	179	813.0	55	8.0	44.0	184.0	380.0	30.0	248.0	48.0	248.0	0.9188191881918819	0.6826568265682657	0.996309963099631	0.7822878228782287	0.998769987699877	0.998769987699877
YBR273C	27	51.0	10	11.5	10.0	55.0	143.0	31.0	126.39999999999995	54.76000000000005	142.96	0.9803921568627451	0.9411764705882353	1.0	1.0	1.0	1.0
YBR274W	228	1482.0	293	15.0	126.0	408.0	811.0	62.0	207.0	68.0	248.0	0.9608636977058029	0.48717948717948717	0.99527665317139	0.49055330634278005	0.99527665317139	0.4959514170040486
YBR276C	156	701.0	180	8.0	0.15193370170891285	255.0	99.0	132.0	89.0	142.0	89.0	0.8059914407988588	0.992867332382311	0.9885877318116976	1.0	0.9985734664764622	1.0
YBR278W	98	166.0	13	11.0	49.0	77.0	220.0	42.0	202.0	77.0	216.04000000000002	0.8975903614457831	0.5421686746987951	0.9698795180722891	0.7530120481927711	1.0	0.8313253012048193
YBR279W	195	1058.0	87	17.0	29.0	63.0	967.0	53.0	165.0	63.0	371.6800000000003	0.9338374291115312	0.48582230623818523	1.0	0.9810964083175804	1.0	0.9820415879017014
YBR280C	116	237.0	19	22.25	18.0	83.0	191.0	70.0	183.13	83.0	185.0	0.8227848101265823	0.810126582278481	0.9578059071729957	0.890295358649789	1.0	0.9957805907172996
YBR281C	55	129.0	9	8.0	18.099999999976717	67.0	133.0	53.0	130.0	62.25999999999996	132.565	0.7829457364341085	0.8062015503875969	1.0	0.9224806201550387	1.0	0.9844961240310077
YBR282W	174	1004.0	255	19.0	0.0	837.0	205.0	47.0	107.0	441.7600000000002	121.46000000000004	0.7111553784860558	0.953187250996016	0.9621513944223108	0.99800796812749	0.9621513944223108	0.999003984063745
YBR283C	1315	22143.0	3792	4.0	19.0	652.0	326.0	164.0	181.0	201.13999999999942	237.0	0.936142347468726	0.5640157160276386	0.9585422029535293	0.7701305152869982	0.9979225940477804	0.7886916858600912
YBR284W	1	1.0	1	0.0	0.0	12.0	168.0	12.0	168.0	12.0	168.0	1.0	1.0	1.0	1.0	1.0	1.0
YBR285W	23	29.0	5	72.0	10.0	167.0	184.0	155.59999999999997	171.39999999999992	167.0	184.0	0.4482758620689655	0.896551724137931	0.4482758620689655	1.0	0.8275862068965517	1.0
YBR286W	219	597.0	45	17.0	11.25	50.0	190.0	30.0	122.32857142857142	30.89260869565217	161.83999999999924	0.9715242881072027	0.7839195979899497	1.0	0.932998324958124	1.0	0.9899497487437185
YBR287W	160	322.0	39	35.0	21.0	1447.0	325.0	86.0	229.0	93.23999999999978	325.0	0.639751552795031	0.6459627329192547	0.922360248447205	0.7329192546583851	0.9937888198757764	0.8881987577639752
YBR288C	228	907.0	85	17.0	16.0	456.0	994.0	58.0	123.0	58.0	243.0	0.8015435501653804	0.6747519294377067	0.9977949283351709	0.9680264608599779	0.9988974641675854	0.9878721058434399
YBR289W	38	61.0	4	15.75	7.0	40.0	90.0	37.0	84.0	40.0	89.34	0.8852459016393442	0.819672131147541	1.0	1.0	1.0	1.0
YBR290W	145	356.0	32	23.0	23.0	50.0	481.0	41.0	174.59999999999997	41.0	177.0	0.7078651685393258	0.6235955056179775	1.0	0.9410112359550562	1.0	0.9971910112359551
YBR291C	187	435.0	27	1.0	77.0	102.0	515.0	80.0	131.0	87.29999999999995	258.1999999999998	0.7931034482758621	0.542528735632184	0.9908045977011494	0.6689655172413793	1.0	0.967816091954023
YBR293W	19	20.0	2	243.0	114.0	611.0	259.0	502.5	259.0	611.0	259.0	0.15	0.15	0.2	0.2	0.2	0.35
YBR295W	10	8.0	2	29.0	63.83333333337214	68.0	154.0	68.0	146.6	68.0	151.72	0.75	0.75	0.875	0.75	1.0	0.75
YBR296C	548	7142.0	1617	7.0	0.0	207.0	472.0	78.0	278.0	181.0	287.0	0.8844861383366004	0.8281993839260712	0.9778773452814338	0.9270512461495379	0.9829179501540185	0.9659759171100533
YBR297W	235	1319.0	187	7.0	12.0	1240.0	289.0	64.0	247.0	689.1033333333334	249.0	0.9082638362395754	0.9059893858984079	0.9567854435178166	0.9946929492039424	0.9583017437452616	1.0
YBR298C	93	317.0	36	25.551724137971178	0.0	447.0	115.0	427.96585365853656	94.0	435.9799999999999	113.0	0.45110410094637227	0.9810725552050473	0.8927444794952681	1.0	0.8990536277602523	1.0
YBR299W	42	88.0	20	8.857142857159488	4.0	283.0	241.0	214.2	221.1	258.6800000000003	234.54000000000008	0.8522727272727273	0.8409090909090909	0.8522727272727273	0.875	0.8636363636363636	0.9886363636363636
YBR300C	6	3.0	1	18.5	40.75	298.0	355.0	298.0	352.3	298.0	354.46	0.6666666666666666	0.6666666666666666	1.0	0.6666666666666666	1.0	1.0
YBR301W	2	1.0	1	88.5	0.0	413.0	49.0	413.0	49.0	413.0	49.0	1.0	1.0	1.0	1.0	1.0	1.0
YCL001W	368	1500.0	91	7.0	23.0	1178.0	243.0	72.0	107.0	100.0	111.4	0.8073333333333333	0.522	0.9593333333333334	0.97	0.9986666666666667	0.9993333333333333
YCL001W-A	2	3.0	2	124.16666666667152	105.0	436.0	863.0	436.0	863.0	436.0	863.0	0.6666666666666666	0.6666666666666666	0.6666666666666666	0.6666666666666666	0.6666666666666666	0.6666666666666666
YCL001W-B	6	4.0	2	646.0	100.0	1126.0	380.0	1126.0	380.0	1126.0	380.0	0.5	0.75	0.5	0.75	0.5	0.75
YCL002C	252	1681.0	291	12.0	0.0	95.0	1561.0	80.0	267.0	82.51055555555556	279.0	0.8661511005353956	0.7233789411064843	0.9440809042236764	0.7608566329565735	1.0	0.8298631766805473
YCL004W	66	98.0	15	50.0	45.0	149.0	979.0	118.0	967.0	144.67999999999995	973.24	0.5408163265306123	0.5102040816326531	0.7448979591836735	0.7857142857142857	1.0	0.8061224489795918
YCL005W	99	114.0	5	41.0	22.333333333328483	309.0	214.0	117.39999999999996	206.2	291.71999999999997	212.72	0.5087719298245614	0.6666666666666666	0.8508771929824561	0.8157894736842105	0.956140350877193	1.0
YCL005W-A	174	3145.0	913	0.0	13.327586206898559	1987.0	235.0	33.0	123.0	40.0	131.0	0.9930047694753578	0.756120826709062	0.9977742448330683	0.9990461049284579	0.9987281399046105	0.9990461049284579
YCL008C	106	259.0	30	15.0	3.0	389.0	163.0	28.0	153.0	357.40000000000515	161.82000000000005	0.9073359073359073	0.9073359073359073	0.9806949806949807	1.0	0.9884169884169884	1.0
YCL009C	671	5329.0	337	18.0	35.0	538.0	2654.0	48.0	156.0	55.0	157.0	0.7838243572902983	0.6423343966973166	0.9981234753237005	0.8996059298179772	0.99981234753237	0.99981234753237
YCL010C	198	528.0	77	2.0	141.0	1208.0	1803.0	60.0	1606.0	82.18000000000052	1675.0	0.8920454545454546	0.2935606060606061	0.9715909090909091	0.3409090909090909	0.9943181818181818	0.4791666666666667
YCL011C	613	2505.0	439	16.0	9.0	2200.0	522.0	1012.0	135.0	1036.0	179.0	0.7397205588822355	0.7297405189620758	0.7872255489021956	0.8407185628742515	0.7912175648702595	0.9648702594810379
YCL012C	446	1698.0	92	24.0	32.0	194.0	263.0	53.0	155.0	84.0	162.26	0.585394581861013	0.5541813898704359	0.9935217903415783	0.9799764428739693	0.9982332155477032	0.9988221436984688
YCL016C	44	86.0	9	11.0	10.0	1073.0	155.0	177.04000000000002	147.0	859.8800000000003	153.8	0.7790697674418605	0.9418604651162791	0.8488372093023255	0.9883720930232558	0.8953488372093024	1.0
YCL017C	739	3623.0	236	21.0	15.0	161.0	455.0	127.0	304.0	127.26999999999998	364.0	0.642561413193486	0.5912227435826662	0.9536295887386144	0.6389732266077836	1.0	0.8087220535467844
YCL018W	369	2272.0	174	8.0	14.0	155.0	372.0	94.18095238095239	163.0	124.0	176.0	0.8534330985915493	0.8851232394366197	0.9066901408450704	0.917693661971831	0.9907570422535211	0.9925176056338029
YCL021W-A	6	2.0	2	40.0	1.5	382.0	305.0	162.0	100.9	168.4	100.98	1.0	1.0	1.0	1.0	1.0	1.0
YCL024W	3	2.0	1	5.0	0.0	82.0	118.0	82.0	115.6	82.0	117.52	1.0	1.0	1.0	1.0	1.0	1.0
YCL025C	253	2503.0	288	7.403225806454429	5.0	106.0	190.0	42.0	93.0	76.29333333333307	114.0	0.9588493807431082	0.9772273272073512	0.9904115061925689	0.9996004794246903	1.0	0.9996004794246903
YCL026C-A	11	9.0	2	90.75	3.6666666666715173	558.0	217.0	558.0	217.0	558.0	217.0	0.2222222222222222	1.0	0.7777777777777778	1.0	0.8888888888888888	1.0
YCL026C-B	105	396.0	109	13.0	0.0	113.0	2023.0	100.13333333333333	75.0	103.54000000000002	83.0	0.7449494949494949	0.9873737373737373	0.803030303030303	0.9949494949494949	1.0	0.9949494949494949
YCL027W	15	4.0	2	33.0	20.0	145.0	136.0	145.0	129.79999999999998	145.0	134.76	0.5	0.75	1.0	1.0	1.0	1.0
YCL028W	462	2081.0	147	12.0	10.0	372.0	641.0	66.22499999999991	179.0	74.0	373.0	0.877462758289284	0.810187409899087	0.9913503123498318	0.9293608841902932	0.992311388755406	0.9596347909658818
YCL029C	141	417.0	68	12.0	21.0	126.0	2757.0	84.0	261.0	99.0	268.2899999999998	0.8177458033573142	0.7386091127098321	0.9976019184652278	0.7889688249400479	1.0	0.9976019184652278
YCL030C	308	1741.0	189	0.0	46.0	1631.0	252.0	72.34999999999945	138.0	89.0	202.0	0.9661114302125215	0.39919586444572086	0.9954049396898335	0.8822515795519816	0.9982768523836876	0.9994256174612292
YCL031C	154	1186.0	257	8.990654205612373	13.0	78.0	123.0	51.0	119.0	68.0	120.0	0.9561551433389545	0.9983136593591906	1.0	1.0	1.0	1.0
YCL032W	51	58.0	4	29.0	19.5	374.0	262.0	77.0	209.2	350.2400000000005	261.28000000000003	0.4482758620689655	0.8103448275862069	0.9827586206896551	0.8275862068965517	0.9827586206896551	0.9137931034482759
YCL033C	57	113.0	12	11.25	4.0	185.0	140.0	42.48	75.925	102.4700000000006	115.1400000000001	0.8761061946902655	1.0	0.9911504424778761	1.0	0.9911504424778761	1.0
YCL034W	56	92.0	10	24.884615384617064	48.0	71.0	183.0	61.15999999999998	120.0	69.99199999999999	137.63999999999982	0.6847826086956522	0.6304347826086957	1.0	0.967391304347826	1.0	0.9891304347826086
YCL035C	861	6962.0	660	42.0	22.0	278.0	758.0	75.0	126.0	81.0	178.0	0.3698649813272048	0.732979029014651	0.926027003734559	0.9665326055731112	0.9995690893421431	0.9988509049123815
YCL036W	115	709.0	358	16.0	0.3319444444423425	69.0	506.0	53.0	116.0	66.0	166.0	0.764456981664316	0.9492242595204513	0.9069111424541608	0.9760225669957687	1.0	0.997179125528914
YCL037C	121	581.0	93	0.0	34.650000000001455	132.0	737.0	72.0	601.2249999999999	86.96666666666647	684.0274999999997	0.9845094664371773	0.5077452667814114	0.9948364888123924	0.7607573149741824	1.0	0.7865748709122203
YCL038C	135	544.0	77	35.0	0.0	240.0	164.0	101.0	80.0	109.8299999999997	130.0	0.40441176470588236	0.9779411764705882	0.9558823529411765	0.9834558823529411	0.9981617647058824	1.0
YCL039W	54	225.0	71	23.0	23.0	1849.0	85.0	47.0	76.0	1218.3	82.0	0.7155555555555555	0.7155555555555555	0.9955555555555555	1.0	0.9955555555555555	1.0
YCL040W	420	9875.0	1483	13.0	1.0	448.0	2584.0	56.0	178.0	66.78070175438596	184.0	0.8191392405063291	0.8889113924050633	0.992	0.9983797468354431	0.9932151898734177	0.9997974683544304
YCL042W	21	63.0	23	8.0	1.0	194.0	1575.0	192.0	1575.0	193.82666666666665	1575.0	0.9365079365079365	0.9206349206349206	0.9841269841269841	1.0	1.0	1.0
YCL043C	498	14057.0	6481	0.0	3.0	107.0	165.0	59.0	102.0	65.0	116.0	0.9257309525503308	0.8958526001280501	0.9984349434445472	0.9998577221313225	1.0	1.0
YCL044C	100	380.0	28	39.41379310344928	5.0	83.0	198.0	77.0	180.33333333333334	83.0	195.0	0.39210526315789473	0.9710526315789474	0.8894736842105263	1.0	1.0	1.0
YCL045C	148	1007.0	159	10.0	5.0	76.0	65.0	59.0	61.551875	68.34399999999997	62.9533333333333	0.9026812313803376	0.9920556107249255	1.0	1.0	1.0	1.0
YCL047C	74	206.0	16	17.0	52.0	82.0	281.0	34.49999999999997	188.19999999999993	57.599999999999966	255.25999999999996	0.8737864077669902	0.441747572815534	0.9902912621359223	0.7087378640776699	1.0	0.941747572815534
YCL048W	1	1.0	1	0.0	0.0	55.0	93.0	55.0	93.0	55.0	93.0	1.0	1.0	1.0	1.0	1.0	1.0
YCL049C	113	192.0	15	1.5	26.0	90.0	301.0	85.0	246.0	90.0	262.0	0.8958333333333334	0.4583333333333333	1.0	0.7864583333333334	1.0	0.9270833333333334
YCL050C	263	1065.0	120	27.0	6.0	676.0	196.0	77.0	117.0	637.1999999999971	137.0	0.7154929577464789	0.8938967136150234	0.9502347417840376	0.9981220657276996	0.984037558685446	1.0
YCL051W	56	130.0	19	15.0	5.0	309.0	292.0	309.0	234.0	309.0	255.19999999999948	0.7615384615384615	0.7384615384615385	0.9769230769230769	0.7692307692307693	0.9769230769230769	0.9076923076923077
YCL052C	142	264.0	13	16.66666666666424	11.0	369.0	190.0	74.0	178.0	362.48	181.0	0.7537878787878788	0.7575757575757576	0.9696969696969697	0.7954545454545454	0.9734848484848485	1.0
YCL054W	90	614.0	150	3.0	14.0	59.0	163.0	42.0	124.0	52.0	144.44000000000005	0.9429967426710097	0.9397394136807817	1.0	0.9869706840390879	1.0	1.0
YCL055W	33	33.0	5	27.0	96.0	129.0	225.0	54.44999999999996	212.0	129.0	224.34	0.696969696969697	0.5454545454545454	0.9696969696969697	0.5454545454545454	0.9696969696969697	0.7878787878787878
YCL056C	212	362.0	23	25.45454545454413	13.0	1321.0	454.0	242.1333333333332	73.0	427.93333333333334	249.59999999999877	0.425414364640884	0.7900552486187845	0.8397790055248618	0.8839779005524862	0.8453038674033149	0.9861878453038674
YCL057C-A	1329	10078.0	504	24.21126760563493	13.0	275.0	364.0	52.0	152.0	59.0	193.0	0.5838460011907124	0.8403453066084541	0.9986108354832308	0.9134748958126613	0.9986108354832308	0.9872990672752531
YCL057W	197	679.0	68	7.0	33.0	196.0	187.0	30.374999999999886	148.0	49.42000000000007	152.0	0.9381443298969072	0.46097201767304863	0.9955817378497791	0.9955817378497791	0.9955817378497791	1.0
YCL058W-A	72	174.0	42	8.0	5.0	55.0	130.0	51.0	125.0	53.25999999999999	127.75999999999999	0.9195402298850575	0.8218390804597702	1.0	0.8563218390804598	1.0	1.0
YCL059C	240	2833.0	578	14.0	5.0	246.0	148.0	51.0	111.0	68.0	111.0	0.9336392516766678	0.983409812919167	0.9978821037769149	1.0	0.99858806918461	1.0
YCL061C	6	8.0	3	25.0	103.5	66.0	1630.0	66.0	1630.0	66.0	1630.0	0.75	0.625	0.875	0.75	1.0	0.75
YCL063W	60	140.0	20	23.67272727272939	3.0	222.0	223.0	64.0	156.0	67.0	166.29999999999964	0.6714285714285714	0.8928571428571429	0.9928571428571429	0.9785714285714285	0.9928571428571429	0.9928571428571429
YCL064C	517	2408.0	136	9.0	41.0	1637.0	815.0	60.0	382.2999999999997	73.0	539.8400000000001	0.920265780730897	0.7109634551495017	0.9867109634551495	0.8060631229235881	0.9925249169435216	0.9426910299003323
YCR002C	212	651.0	49	10.0	80.0	407.0	838.0	61.0	233.0	62.98000000000002	626.0	0.9815668202764977	0.5960061443932412	0.9907834101382489	0.6651305683563749	0.9953917050691244	0.8463901689708141
YCR003W	140	719.0	135	7.0	5.0	97.0	259.0	42.0	120.59166666666665	45.0	141.34399999999988	0.9874826147426982	0.9276773296244785	1.0	0.9930458970792768	1.0	1.0
YCR004C	545	2025.0	355	144.0	6.0	264.0	1161.0	200.0	209.0	209.0	393.0	0.47012345679012346	0.7491358024691358	0.4982716049382716	0.9106172839506173	0.6098765432098765	0.9733333333333334
YCR005C	178	331.0	19	9.0	47.0	1407.0	280.0	1072.0	156.0	1121.0	235.87999999999988	0.7613293051359517	0.513595166163142	0.7824773413897281	0.8580060422960725	0.8187311178247734	0.9909365558912386
YCR006C	31	40.0	5	62.0	47.0	732.0	1743.0	448.5	1739.6666666666667	518.4000000000008	1743.0	0.425	0.575	0.55	0.875	0.8	0.925
YCR007C	90	126.0	10	320.0	53.0	942.0	689.0	822.5999999999999	348.0	926.6599999999997	679.4666666666665	0.0873015873015873	0.6984126984126984	0.1111111111111111	0.753968253968254	0.1984126984126984	0.9047619047619048
YCR008W	30	38.0	3	44.0	29.0	492.0	437.0	486.0	273.73333333333335	492.0	437.0	0.42105263157894735	0.7105263157894737	0.9210526315789473	0.7894736842105263	1.0	0.868421052631579
YCR009C	341	1364.0	103	15.0	3.0	767.0	682.0	79.0	301.0	85.0	347.533333333333	0.7397360703812317	0.7624633431085044	0.9904692082111437	0.7771260997067448	0.9948680351906158	0.7785923753665689
YCR010C	10	17.0	3	203.0	0.0	506.0	182.0	443.69999999999976	182.0	506.0	182.0	0.35294117647058826	0.9411764705882353	0.35294117647058826	0.9411764705882353	0.35294117647058826	1.0
YCR011C	85	361.0	46	20.0	0.0	204.0	137.0	159.20714285714286	57.96666666666666	167.89	137.0	0.6177285318559557	0.9584487534626038	0.8310249307479224	0.961218836565097	0.8587257617728532	1.0
YCR012W	245	4986.0	2422	0.0	3.0	122.0	207.0	48.0	165.51052631578946	74.0	181.0	0.9524669073405535	0.9745286803048536	0.9993983152827918	0.9939831528279182	1.0	0.9997994384275972
YCR013C	1	1.0	1	0.0	0.0	3497.0	684.0	3497.0	684.0	3497.0	684.0	1.0	1.0	1.0	1.0	1.0	1.0
YCR014C	1	1.0	1	0.0	0.0	1613.0	1467.0	1613.0	1467.0	1613.0	1467.0	1.0	1.0	1.0	1.0	1.0	1.0
YCR015C	50	67.0	8	16.0	50.0	376.0	3499.0	128.69999999999982	1666.45	369.0866666666666	3246.7199999999975	0.8656716417910447	0.6417910447761194	0.9402985074626866	0.8059701492537313	0.9552238805970149	0.8955223880597015
YCR016W	177	784.0	149	6.0	0.0	87.0	341.0	37.0	170.5999999999999	61.0	224.63999999999987	0.9693877551020408	0.8979591836734694	0.9974489795918368	0.9375	1.0	0.9923469387755102
YCR017C	108	570.0	113	4.0	5.0	94.0	242.0	52.0	202.56521739130434	68.83999999999996	220.0	0.8982456140350877	0.8859649122807017	0.9982456140350877	0.9122807017543859	1.0	0.9350877192982456
YCR019W	119	338.0	67	33.0	0.5	417.0	250.0	151.0	137.0	265.72	236.80000000000007	0.5739644970414202	0.8846153846153846	0.9289940828402367	0.9230769230769231	0.9704142011834319	0.9526627218934911
YCR020C	42	50.0	8	10.200000000011642	8.0	497.0	95.0	467.0	95.0	480.0	95.0	0.86	1.0	0.88	1.0	0.94	1.0
YCR020C-A	417	2464.0	277	9.0	4.0	60.0	913.0	32.0	326.79999999999836	48.0	895.0	0.9768668831168831	0.9025974025974026	1.0	0.9435876623376623	1.0	0.948051948051948
YCR020W-B	117	182.0	18	14.0	28.0	93.0	538.0	58.0	518.0	86.28000000000014	522.0	0.8021978021978022	0.5604395604395604	0.989010989010989	0.9725274725274725	1.0	0.9945054945054945
YCR021C	63	157.0	35	13.0	14.0	456.0	185.0	113.0	179.0	455.0	185.0	0.89171974522293	0.8280254777070064	0.9363057324840764	0.8598726114649682	0.9554140127388535	1.0
YCR022C	5	4.0	2	147.66666666665697	41.0	415.0	295.0	415.0	292.0	415.0	294.4	0.5	0.5	0.5	0.75	0.5	1.0
YCR023C	401	3400.0	394	23.0	2.0	137.0	858.0	100.0	265.0	102.0	286.0	0.8529411764705882	0.8608823529411764	0.9985294117647059	0.9323529411764706	1.0	0.9323529411764706
YCR024C	120	393.0	64	4.0	28.0	212.0	1441.0	72.38888888888886	182.6499999999997	183.26999999999992	286.0	0.8778625954198473	0.5597964376590331	0.9007633587786259	0.910941475826972	0.9720101781170484	0.9414758269720102
YCR024C-A	1197	7243.0	237	19.0	4.0	1610.0	657.0	191.0	541.0	208.0	548.0	0.6402043352202126	0.9185420405909154	0.8054673477840674	0.9255833218279719	0.9300013806433798	0.9797045423167196
YCR024C-B	1304	7587.0	237	37.0	4.0	1812.0	311.0	393.0	195.0	410.0	202.0	0.597732964281007	0.9400289969684987	0.7522077237379728	0.9467510214841176	0.8691182285488336	0.999736391195466
YCR025C	23	26.0	2	2161.0	102.0	2557.0	1039.0	2557.0	859.7999999999998	2557.0	1039.0	0.07692307692307693	0.2692307692307692	0.07692307692307693	0.3076923076923077	0.07692307692307693	0.5769230769230769
YCR026C	148	322.0	20	6.0	41.0	323.0	809.0	93.19999999999993	240.0	317.2399999999998	802.0666666666663	0.9347826086956522	0.5683229813664596	0.9720496894409938	0.7204968944099379	0.9751552795031055	0.9720496894409938
YCR027C	125	167.0	13	16.0	399.16666666665697	238.0	734.0	209.0	665.0	214.0	729.0	0.7964071856287425	0.39520958083832336	0.9940119760479041	0.5449101796407185	0.9940119760479041	0.5868263473053892
YCR028C	344	914.0	70	49.0	544.0	366.0	1807.0	118.0	743.7333333333332	129.0	805.6266666666667	0.6039387308533917	0.25164113785557984	0.7768052516411379	0.3041575492341357	0.9693654266958425	0.5853391684901532
YCR028C-A	763	10102.0	1622	39.0	0.0	4056.0	439.0	87.0	192.0	96.0	211.0	0.5411799643634924	0.8355771134428825	0.9930706790734508	0.844783211245298	0.9996040388041972	0.9987131261136408
YCR030C	188	498.0	65	17.0	15.0	1823.0	1315.0	960.0	356.19999999999993	963.0	482.0	0.6285140562248996	0.8493975903614458	0.8413654618473896	0.8554216867469879	0.8714859437751004	0.857429718875502
YCR031C	1475	100664.0	32058	3.0	0.0	579.0	3847.0	32.0	136.0	42.0	159.0	0.9893805133910832	0.9121234999602639	0.9998609234681713	0.9840360009536676	0.9999801319240245	0.9977251053008027
YCR034W	520	3022.0	245	16.0	5.0	131.0	703.0	56.0	177.0	56.0	265.0	0.7250165453342158	0.8788881535407015	0.9976836532097948	0.9027134348113832	1.0	0.9632693580410324
YCR035C	142	280.0	26	11.0	27.0	887.0	492.0	59.0	401.0	638.0	436.7999999999997	0.8928571428571429	0.75	0.9678571428571429	0.9	0.9678571428571429	0.9357142857142857
YCR036W	221	786.0	94	36.0	9.0	766.0	490.0	52.0	112.0	56.0	168.70666666666662	0.7315521628498728	0.8002544529262087	0.9860050890585241	0.9236641221374046	1.0	0.9961832061068703
YCR037C	17	21.0	2	9.0	10.166666666656965	65.0	121.0	64.26666666666667	121.0	65.0	121.0	0.8571428571428571	0.7142857142857143	1.0	1.0	1.0	1.0
YCR038C	1	1.0	1	0.0	0.0	1698.0	271.0	1698.0	271.0	1698.0	271.0	1.0	1.0	1.0	1.0	1.0	1.0
YCR039C	1	1.0	1	0.0	0.0	1069.0	2196.0	1069.0	2196.0	1069.0	2196.0	1.0	1.0	1.0	1.0	1.0	1.0
YCR043C	118	335.0	31	8.0	7.0	93.0	341.0	60.0	192.0	85.59999999999991	230.0	0.7343283582089553	0.8985074626865671	0.9850746268656716	0.9880597014925373	1.0	0.9970149253731343
YCR044C	84	195.0	21	6.5	18.125	71.0	162.0	22.0	105.0	42.300000000000296	162.0	0.9794871794871794	0.9076923076923077	0.9948717948717949	0.9384615384615385	1.0	1.0
YCR045C	9	10.0	2	3.0	7.0	165.0	314.0	165.0	314.0	165.0	314.0	0.8	0.9	0.8	0.9	0.9	0.9
YCR045W-A	197	436.0	67	10.0	48.0	1919.0	966.0	660.0	870.0	1886.2599999999998	878.6799999999998	0.6146788990825688	0.555045871559633	0.823394495412844	0.5940366972477065	0.8532110091743119	0.8784403669724771
YCR046C	391	3557.0	679	8.0	7.0	1229.0	288.0	39.0	187.0	58.0	201.0	0.8504357604723082	0.9165026707899916	0.987630025302221	0.920438571830194	0.994939555805454	0.9980320494798988
YCR047C	352	823.0	68	23.0	28.0	348.0	996.0	105.0	214.04999999999882	127.0	908.0	0.5540704738760632	0.7120291616038882	0.9404617253948967	0.7460510328068044	0.9975698663426489	0.8031591737545565
YCR048W	22	27.0	5	19.083333333343035	16.0	54.0	215.0	54.0	215.0	54.0	215.0	0.5555555555555556	0.8888888888888888	1.0	1.0	1.0	1.0
YCR051W	410	7532.0	2993	0.0	0.0	88.0	1919.0	27.0	180.0	34.0	213.0	0.9908390865639937	0.9218003186404673	1.0	0.951805629314923	1.0	0.9960169941582581
YCR052W	631	3220.0	210	23.0	21.0	947.0	1873.0	70.0	245.0	94.0	267.0	0.7381987577639751	0.6928571428571428	0.9826086956521739	0.9866459627329193	0.9944099378881988	0.9990683229813665
YCR053W	920	9351.0	1009	8.0	38.0	1830.0	239.0	78.0	155.0	104.0	176.0	0.8155277510426693	0.5825045449684526	0.9574377071970912	0.8853598545610095	0.9997861191316437	0.9950807400278046
YCR054C	55	113.0	10	40.0	0.0	117.0	252.0	117.0	238.34999999999994	117.0	252.0	0.5929203539823009	0.7433628318584071	0.8053097345132744	0.9026548672566371	1.0	0.9911504424778761
YCR057C	95	743.0	206	9.0	0.0	635.0	143.0	74.0	124.0	81.38000000000004	132.0	0.9528936742934051	0.9878869448183042	0.9973082099596231	1.0	0.9986541049798116	1.0
YCR059C	483	2612.0	180	15.0	2.0	61.0	448.0	41.0	190.0	47.460000000000036	195.0	0.8832312404287902	0.8989280245022971	1.0	0.9035222052067381	1.0	1.0
YCR060W	3	1.0	1	8.5	61.0	30.0	123.0	29.5	123.0	29.9	123.0	1.0	1.0	1.0	1.0	1.0	1.0
YCR061W	113	527.0	213	26.0	8.0	107.0	395.0	73.0	358.0	86.0	361.0	0.7096774193548387	0.7666034155597723	0.9715370018975332	0.8045540796963947	1.0	0.857685009487666
YCR063W	97	452.0	210	3.0	0.0	1156.0	2561.0	40.68571428571425	2539.2666666666664	210.92000000000067	2560.944	0.8495575221238938	0.7942477876106194	0.9668141592920354	0.7986725663716814	0.9712389380530974	0.8495575221238938
YCR064C	52	10.0	3	2.0	22.0	225.0	421.0	9.0	30.0	10.600000000000001	30.0	1.0	0.7	1.0	1.0	1.0	1.0
YCR065W	275	582.0	27	107.0	14.0	1038.0	353.0	1013.9333333333333	348.0	1022.4533333333333	348.0	0.33505154639175255	0.6924398625429553	0.4896907216494845	0.8711340206185567	0.5962199312714777	0.8917525773195877
YCR066W	72	145.0	18	6.0	70.25	186.0	209.0	66.25	190.5	73.0	207.50000000000003	0.9172413793103448	0.593103448275862	1.0	0.7103448275862069	1.0	1.0
YCR067C	48	117.0	20	17.0	15.0	146.0	158.0	133.8499999999999	96.15999999999998	141.31	158.0	0.7692307692307693	0.905982905982906	0.9829059829059829	0.9743589743589743	0.9829059829059829	1.0
YCR068W	67	125.0	18	32.0	34.0	192.0	1464.0	166.0	1359.0	174.0	1388.25	0.496	0.712	0.984	0.8	0.992	0.8
YCR069W	560	2047.0	230	27.0	2.0	2033.0	254.0	1793.3499999999988	128.0	1995.0	168.01714285714283	0.5813385442110406	0.8827552515876893	0.8187591597459697	0.9936492427943332	0.8529555446995604	0.9960918417195896
YCR071C	240	1136.0	76	21.0	9.0	4111.0	325.0	52.90000000000001	84.0	69.6400000000001	104.0	0.7033450704225352	0.983274647887324	0.9982394366197183	0.9938380281690141	0.9982394366197183	0.9938380281690141
YCR072C	199	1001.0	121	17.0	5.25	2302.0	772.0	42.0	124.0	53.0	149.63333333333335	0.8881118881118881	0.7062937062937062	0.999000999000999	0.993006993006993	0.999000999000999	0.998001998001998
YCR073C	12	19.0	6	6.0	0.75	72.0	86.0	68.85000000000001	83.30000000000001	72.0	86.0	1.0	1.0	1.0	1.0	1.0	1.0
YCR073W-A	15	25.0	9	4.25	10.0	46.0	126.0	46.0	125.5	46.0	126.0	0.88	1.0	1.0	1.0	1.0	1.0
YCR075C	6	7.0	2	9.125	6.666666666656965	30.0	166.0	30.0	166.0	30.0	166.0	1.0	0.7142857142857143	1.0	0.8571428571428571	1.0	1.0
YCR075W-A	182	676.0	42	15.0	20.0	241.0	968.0	34.0	117.0	161.86400000000003	160.11	0.8757396449704142	0.75	0.9704142011834319	0.9718934911242604	0.985207100591716	0.9955621301775148
YCR076C	239	1167.0	79	5.0	12.375	45.0	223.0	25.0	126.0	26.0	141.7449999999999	1.0	0.7643530419880035	1.0	0.9974293059125964	1.0	0.998286203941731
YCR077C	101	265.0	35	1.0	12.0	62.0	201.0	44.0	180.0	50.95000000000016	188.50000000000023	0.939622641509434	0.7584905660377359	1.0	0.8528301886792453	1.0	0.9735849056603774
YCR079W	84	351.0	74	22.0	0.0	616.0	181.0	64.0	127.94999999999999	77.98666666666668	145.93000000000006	0.6951566951566952	0.9914529914529915	0.9886039886039886	0.9971509971509972	0.9914529914529915	1.0
YCR082W	441	1495.0	86	21.0	43.0	3940.0	432.0	353.75	156.0	1743.2999999999997	190.0	0.8595317725752508	0.5351170568561873	0.8989966555183947	0.9571906354515051	0.9130434782608695	0.9979933110367893
YCR083W	31	91.0	20	26.0	7.0	44.0	153.0	39.87500000000001	139.125	44.0	148.59	0.5934065934065934	0.9560439560439561	1.0	0.989010989010989	1.0	1.0
YCR084C	159	279.0	14	17.25	78.0	263.0	255.0	246.0	158.0	256.0	227.31999999999812	0.7275985663082437	0.40860215053763443	0.9390681003584229	0.4659498207885305	0.982078853046595	0.989247311827957
YCR086W	145	539.0	100	20.990099009883124	0.0	311.0	1057.0	93.0	60.0	263.55000000000007	110.0	0.6975881261595547	0.987012987012987	0.9758812615955473	0.987012987012987	0.9795918367346939	0.9962894248608535
YCR087C-A	254	1375.0	322	10.0	2.0	1729.0	540.0	46.25	72.0	385.75	117.75	0.8727272727272727	0.9810909090909091	0.9810909090909091	0.9883636363636363	0.9818181818181818	0.9941818181818182
YCR087W	3	2.0	1	4.0	457.0	658.0	530.0	654.0	530.0	657.2	530.0	1.0	0.5	1.0	0.5	1.0	0.5
YCR088W	544	8600.0	1020	8.0	7.0	474.0	575.0	46.0	136.0	73.0	157.0	0.9561627906976744	0.8724418604651163	0.9955813953488372	0.9430232558139535	0.9962790697674418	0.996046511627907
YCR090C	359	4110.0	555	9.0	6.0	419.0	128.0	47.0	82.0	60.0	84.0	0.8301703163017031	0.9963503649635036	0.9985401459854014	0.9995133819951338	0.9995133819951338	1.0
YCR091W	68	114.0	4	8.0	325.0	676.0	1340.0	74.0	794.0	290.7199999999997	1275.1466666666665	0.9473684210526315	0.43859649122807015	0.9824561403508771	0.43859649122807015	0.9912280701754386	0.45614035087719296
YCR092C	10	14.0	3	1.6666666666860692	11.0	322.0	206.0	267.9999999999997	206.0	322.0	206.0	0.8571428571428571	0.5714285714285714	0.9285714285714286	0.6428571428571429	0.9285714285714286	1.0
YCR094W	288	1928.0	352	29.0	1.0	80.0	1242.0	63.0	290.0	63.0	294.0	0.6592323651452282	0.9035269709543569	0.9657676348547718	0.908195020746888	1.0	0.9087136929460581
YCR095C	73	196.0	34	3.666666666686069	4.0	58.0	475.0	57.0	95.57142857142854	57.35999999999999	110.0	1.0	0.8316326530612245	1.0	0.9693877551020408	1.0	0.9948979591836735
YCR095W-A	60	125.0	13	31.0	6.0	173.0	1498.0	167.0	1430.0	173.0	1462.75	0.504	0.744	0.832	0.816	0.92	0.824
YCR097W	66	106.0	10	9.0	11.200000000011642	45.0	96.0	42.39999999999998	44.0	45.0	45.44	0.9150943396226415	0.9905660377358491	1.0	1.0	1.0	1.0
YCR098C	105	530.0	169	4.0	3.0	860.0	266.0	199.0	258.0	424.2000000000005	258.0	0.8509433962264151	0.9547169811320755	0.8905660377358491	0.9981132075471698	0.9056603773584906	1.0
YCR099C	57	112.0	29	1219.833333333314	3.0	1781.0	1294.0	1735.0	1206.0	1759.2999999999997	1277.8799999999999	0.25892857142857145	0.7946428571428571	0.26785714285714285	0.8928571428571429	0.26785714285714285	0.9017857142857143
YCR100C	43	54.0	4	49.0	23.0	859.0	1694.0	816.0	1624.799999999999	857.6	1694.0	0.48148148148148145	0.5740740740740741	0.7592592592592593	0.8703703703703703	0.7962962962962963	0.8888888888888888
YCR101C	9	12.0	3	3.0	13.75	50.0	2905.0	46.49999999999995	2905.0	50.0	2905.0	0.9166666666666666	0.6666666666666666	1.0	0.75	1.0	0.8333333333333334
YCR102C	15	41.0	9	9.0	170.38888888887595	219.0	271.0	214.87499999999997	271.0	219.0	271.0	0.6829268292682927	0.4878048780487805	0.8780487804878049	0.4878048780487805	0.8780487804878049	0.4878048780487805
YCR102W-A	4	4.0	1	26.0	13.0	802.0	1384.0	802.0	1384.0	802.0	1384.0	0.75	1.0	1.0	1.0	1.0	1.0
YCR104W	4	4.0	1	26.0	13.0	1868.0	141.0	1868.0	141.0	1868.0	141.0	0.75	1.0	1.0	1.0	1.0	1.0
YCR106W	12	15.0	2	14.0	46.25	42.0	1850.0	40.0	1850.0	42.0	1850.0	0.9333333333333333	0.13333333333333333	1.0	0.13333333333333333	1.0	0.13333333333333333
YCR107W	24	28.0	3	617.5	182.0	2962.0	325.0	2796.1333333333323	313.2666666666666	2962.0	325.0	0.10714285714285714	0.39285714285714285	0.10714285714285714	0.42857142857142855	0.14285714285714285	0.5
YDL001W	59	109.0	14	14.0	8.5	113.0	329.0	82.2875	134.0	110.63999999999999	309.52999999999986	0.7522935779816514	0.8990825688073395	0.9174311926605505	0.963302752293578	1.0	0.981651376146789
YDL002C	189	525.0	73	18.0	1.0	187.0	536.0	108.0	322.75	179.75	492.83333333333337	0.7314285714285714	0.8895238095238095	0.92	0.9142857142857143	0.9980952380952381	0.9352380952380952
YDL003W	72	100.0	4	38.428571428579744	14.66666666668607	172.0	231.0	167.0	144.5	172.0	223.66666666666666	0.35	0.76	0.97	0.96	1.0	0.99
YDL004W	1184	18008.0	1459	9.0	54.0	227.0	1026.0	54.0	285.0	66.96799999999931	307.0	0.8998778320746335	0.29392492225677475	0.9998334073745002	0.6813638382940915	0.9999444691248334	0.9833962683251888
YDL005C	106	150.0	7	31.66666666668607	20.0	83.0	375.0	74.0	308.0	74.0	341.0	0.5	0.6933333333333334	0.9933333333333333	0.8066666666666666	1.0	0.9466666666666667
YDL006W	118	236.0	22	93.0	7.0	384.0	269.0	374.0	124.0	384.0	240.51999999999975	0.11864406779661017	0.9576271186440678	0.1228813559322034	0.9661016949152542	0.2838983050847458	0.9745762711864406
YDL007W	205	1370.0	224	5.0	16.0	68.0	150.0	49.0	101.0	58.0	138.0	0.9569343065693431	0.8503649635036497	1.0	0.9766423357664233	1.0	1.0
YDL008W	117	307.0	31	23.5	4.0	77.0	951.0	74.0	142.0	74.0	195.0	0.5537459283387622	0.8175895765472313	1.0	0.9739413680781759	1.0	0.993485342019544
YDL009C	2	1.0	1	0.0	3.0	91.0	34.0	91.0	33.4	91.0	33.88	1.0	1.0	1.0	1.0	1.0	1.0
YDL010W	100	158.0	26	23.0	25.0	624.0	411.0	568.0666666666666	289.0	621.9999999999997	410.22666666666663	0.6645569620253164	0.4810126582278481	0.9050632911392406	0.8924050632911392	0.9050632911392406	0.8987341772151899
YDL012C	648	2589.0	249	4.0	32.0	559.0	360.0	24.0	243.0749999999996	47.0	309.2033333333334	0.9857087678640402	0.5793742757821553	0.9903437620702974	0.8227114716106605	0.9903437620702974	0.9544225569718038
YDL013W	62	204.0	38	26.0	0.0	223.0	236.0	163.16666666666663	207.79999999999978	184.0	229.96	0.6764705882352942	0.8970588235294118	0.9803921568627451	0.946078431372549	0.9950980392156863	0.9509803921568627
YDL014W	914	10506.0	2749	30.0	0.0	192.0	447.0	149.0	226.0	151.0	243.0	0.6161241195507329	0.8478964401294499	0.8959642109270893	0.9147154007233962	0.9921949362269179	0.9963830192271084
YDL015C	186	974.0	79	16.411764705902897	20.0	110.0	287.0	57.0	246.0	75.51999999999998	254.0	0.811088295687885	0.9897330595482546	0.9969199178644764	0.9989733059548255	1.0	1.0
YDL017W	72	104.0	5	68.0	14.0	292.0	1347.0	133.44	244.2	208.29999999999905	1347.0	0.34615384615384615	0.8269230769230769	0.5673076923076923	0.875	0.9615384615384616	0.875
YDL018C	201	859.0	223	7.0	97.0	169.0	1239.0	73.0	262.77272727272725	81.54666666666662	367.81999999999994	0.9150174621653085	0.42840512223515714	0.9906868451688009	0.5308498253783469	1.0	0.8009313154831199
YDL019C	31	32.0	3	85.0	2.0	259.0	162.0	238.9	152.0	259.0	162.0	0.4375	0.8125	0.6875	0.875	0.84375	1.0
YDL020C	127	224.0	15	13.0	39.0	281.0	173.0	249.0	158.19999999999993	261.75999999999976	162.25333333333325	0.7589285714285714	0.6428571428571429	0.8214285714285714	0.875	0.8705357142857143	1.0
YDL021W	46	154.0	35	13.0	0.0	98.0	194.0	94.0	164.7999999999988	97.28000000000002	193.78666666666672	0.7922077922077922	0.9090909090909091	0.9090909090909091	0.948051948051948	1.0	0.948051948051948
YDL022W	108	456.0	86	7.75	56.0	201.0	236.0	141.2	230.0	147.76	230.0	0.8991228070175439	0.42105263157894735	0.9210526315789473	0.6162280701754386	0.9956140350877193	1.0
YDL023C	2	1.0	1	128.0	358.0	1038.0	786.0	1038.0	714.4	1038.0	771.68	1.0	1.0	1.0	1.0	1.0	1.0
YDL024C	15	20.0	3	0.0	80.0	42.0	1010.0	39.5	805.0	42.0	1010.0	0.9	0.5	1.0	0.65	1.0	0.85
YDL025C	164	379.0	52	26.5	75.0	869.0	224.0	438.8500000000001	193.88000000000002	867.21	215.41999999999996	0.6385224274406333	0.45382585751978893	0.8469656992084432	0.5883905013192612	0.8891820580474934	0.9868073878627969
YDL025W-A	4	2.0	2	27.5	736.0	166.0	1892.0	161.4	1892.0	165.07999999999998	1892.0	1.0	1.0	1.0	1.0	1.0	1.0
YDL026W	3	1.0	1	4.0	0.0	252.0	244.0	252.0	177.0	252.0	177.0	1.0	1.0	1.0	1.0	1.0	1.0
YDL027C	186	659.0	49	9.0	66.0	268.0	380.0	51.0	197.0	68.36999999999978	203.90999999999997	0.936267071320182	0.3611532625189681	0.9954476479514416	0.3975720789074355	0.9984825493171472	0.9332321699544764
YDL028C	70	150.0	16	52.0	2.0	182.0	162.0	176.0	162.0	181.0	162.0	0.3466666666666667	0.9933333333333333	0.6733333333333333	0.9933333333333333	0.9933333333333333	1.0
YDL029W	302	1501.0	194	13.0	83.0	65.0	344.0	45.0	298.0	50.0	316.8800000000001	0.90473017988008	0.5096602265156562	1.0	0.681545636242505	1.0	0.8680879413724184
YDL030W	113	336.0	52	18.0	2.0	144.0	122.0	109.0	103.0	129.51999999999998	109.27999999999997	0.7648809523809523	0.9464285714285714	0.9464285714285714	1.0	1.0	1.0
YDL031W	109	556.0	107	3.0	12.0	105.0	162.0	73.0	110.0	84.0	156.2933333333333	0.9172661870503597	0.9334532374100719	0.9964028776978417	0.9748201438848921	1.0	1.0
YDL033C	100	138.0	10	13.599999999976717	62.0	66.0	536.0	56.0	270.2	64.24000000000001	506.106666666667	0.7971014492753623	0.2898550724637681	1.0	0.6159420289855072	1.0	0.8985507246376812
YDL035C	2	3.0	2	2.5	15.0	287.0	149.0	287.0	149.0	287.0	149.0	1.0	1.0	1.0	1.0	1.0	1.0
YDL036C	79	162.0	15	2.75	79.66666666668607	656.0	1696.0	29.0	403.20000000000005	220.27999999999906	614.013333333332	0.9753086419753086	0.2962962962962963	0.9876543209876543	0.35802469135802467	0.9876543209876543	0.8888888888888888
YDL037C	5	5.0	1	29.0	1947.25	267.0	2733.0	267.0	2733.0	267.0	2733.0	0.8	0.4	0.8	0.4	1.0	0.4
YDL039C	4	4.0	1	1265.0	9.0	1693.0	117.0	1693.0	117.0	1693.0	117.0	0.5	1.0	0.5	1.0	0.5	1.0
YDL040C	132	838.0	94	31.16666666668607	2.0	79.0	182.0	62.0	123.0	69.55692307692308	123.0	0.6992840095465394	0.9904534606205251	1.0	0.9988066825775657	1.0	1.0
YDL041W	10	8.0	4	0.0	5.666666666686069	71.0	420.0	71.0	420.0	71.0	420.0	0.875	1.0	1.0	1.0	1.0	1.0
YDL042C	152	367.0	21	30.900000000023283	7.0	109.0	1259.0	83.0	121.0	91.82999999999998	195.0	0.5722070844686649	0.8474114441416893	0.9918256130790191	0.9618528610354223	1.0	0.997275204359673
YDL043C	231	608.0	30	14.75	20.0	2033.0	1793.0	58.0	317.0	81.0	485.0	0.9078947368421053	0.7631578947368421	0.993421052631579	0.78125	0.9983552631578947	0.787828947368421
YDL044C	68	179.0	38	19.25	0.0	1238.0	1404.0	519.0499999999988	92.0	1234.52	206.97000000000085	0.888268156424581	0.9776536312849162	0.9329608938547486	0.9832402234636871	0.9385474860335196	0.9888268156424581
YDL045C	118	311.0	48	26.0	4.0	1706.0	630.0	156.0	137.0	190.16999999999996	138.0	0.6945337620578779	0.9903536977491961	0.9453376205787781	0.9935691318327974	0.9967845659163987	0.9967845659163987
YDL045W-A	238	1648.0	207	24.5	3.400000000023283	1067.0	168.0	54.0	136.0	66.0	148.01999999999998	0.716626213592233	0.9872572815533981	0.9951456310679612	1.0	0.9969660194174758	1.0
YDL046W	390	4044.0	253	22.0	7.0	206.0	894.0	95.0	282.0	96.0953846153846	290.0	0.6864490603363007	0.9814540059347181	0.9211177052423343	0.98837784371909	0.9992581602373887	0.9977744807121661
YDL047W	9	7.0	1	92.5	169.75	454.0	249.0	454.0	249.0	454.0	249.0	0.42857142857142855	0.2857142857142857	0.42857142857142855	0.42857142857142855	0.7142857142857143	0.5714285714285714
YDL048C	189	964.0	97	3.0	23.0	503.0	817.0	59.0	115.0	66.0	133.76000000000022	0.9885892116182573	0.8132780082987552	0.995850622406639	0.9906639004149378	0.9989626556016598	0.9989626556016598
YDL049C	142	254.0	14	39.5	17.0	170.0	511.0	127.0	270.4	170.0	277.0	0.5039370078740157	0.7874015748031497	0.8346456692913385	0.889763779527559	1.0	0.9566929133858267
YDL051W	298	1284.0	97	15.0	18.0	136.0	316.0	78.59999999999991	262.0	106.0	262.0	0.8956386292834891	0.764797507788162	0.9439252336448598	0.92601246105919	0.9976635514018691	0.927570093457944
YDL052C	424	4217.0	590	39.0	8.0	965.0	1143.0	58.0	90.0	62.95142857142855	154.0	0.5342660659236425	0.9727294285036756	0.9637182831396728	0.9862461465496799	0.9992885937870524	0.9907517192316813
YDL053C	165	362.0	72	28.33333333331393	11.0	1363.0	408.0	198.95	192.0	217.0	337.17333333333335	0.5386740331491713	0.8674033149171271	0.8839779005524862	0.9613259668508287	0.9337016574585635	0.9613259668508287
YDL054C	116	349.0	32	14.0	6.35999999998603	246.0	118.0	99.0	87.56666666666666	123.29999999999882	108.01999999999998	0.8108882521489972	0.8968481375358166	0.9627507163323782	0.9169054441260746	0.9914040114613181	1.0
YDL055C	653	5350.0	642	0.0	100.0	197.0	454.0	157.0	256.0	171.0	298.5	0.9213084112149532	0.29738317757009347	0.9663551401869159	0.4310280373831776	0.9723364485981308	0.8583177570093458
YDL056W	11	11.0	1	27.5	79.5	151.0	130.0	150.75	130.0	151.0	130.0	0.09090909090909091	0.36363636363636365	0.6363636363636364	0.7272727272727273	1.0	1.0
YDL057W	36	57.0	12	17.75	14.0	56.0	432.0	50.89999999999999	353.4499999999997	55.79	431.86	0.7543859649122807	0.7543859649122807	1.0	0.8070175438596491	1.0	0.8596491228070176
YDL059C	2	1.0	1	13.5	2.5	108.0	265.0	108.0	264.5	108.0	264.9	1.0	1.0	1.0	1.0	1.0	1.0
YDL061C	777	15451.0	4173	24.0	0.0	116.0	397.0	62.0	218.0	94.0	243.0	0.5759497767134814	0.8761892434146658	0.9883502685910297	0.8893275516147822	1.0	0.9924923953142192
YDL063C	179	484.0	34	33.0	57.0	151.0	249.0	115.5333333333333	149.0666666666666	120.0	245.0	0.6983471074380165	0.3574380165289256	0.9421487603305785	0.5929752066115702	1.0	0.981404958677686
YDL064W	647	4206.0	181	19.0	68.0	883.0	263.0	49.0	168.0	65.7199999999998	215.0	0.7429862101759391	0.47242035187826914	0.9985734664764622	0.7475035663338089	0.9985734664764622	0.9674274845458868
YDL065C	172	489.0	53	9.0	58.0	97.0	716.0	41.0	113.19999999999982	51.0	542.766666666669	0.8936605316973415	0.6809815950920245	0.9959100204498977	0.7157464212678937	1.0	0.9713701431492843
YDL066W	669	5050.0	436	8.0	52.0	241.0	643.0	28.0	371.0	138.0	409.0	0.9712871287128713	0.4277227722772277	0.9853465346534653	0.689108910891089	0.9865346534653465	0.9308910891089109
YDL067C	615	4708.0	542	9.0	16.0	281.0	4469.0	56.0	275.0	188.0	285.0	0.9409515717926933	0.8268903993203058	0.9883177570093458	0.9881053525913339	0.9887425658453696	0.9985131690739167
YDL068W	4	2.0	1	389.0	744.0	402.0	984.0	402.0	984.0	402.0	984.0	0.5	0.5	0.5	0.5	0.5	0.5
YDL069C	67	161.0	30	4.0	9.0	632.0	3373.0	148.56	123.39	358.7199999999939	2052.1466666666374	0.9192546583850931	0.937888198757764	0.9565217391304348	0.968944099378882	0.9627329192546584	0.9875776397515528
YDL070W	321	1457.0	194	9.623893805313855	125.0	948.0	311.0	324.0999999999999	218.0	341.0	264.0	0.8105696636925189	0.4529855868222375	0.8448867536032945	0.6314344543582704	0.8476321207961565	0.6726149622512011
YDL071C	1	2.0	2	0.0	0.0	3402.0	918.0	3402.0	918.0	3402.0	918.0	1.0	1.0	1.0	1.0	1.0	1.0
YDL072C	198	1950.0	506	12.0	1.0	3995.0	165.0	71.0	93.0	440.0	151.0	0.8461538461538461	0.9717948717948718	0.9456410256410256	0.9764102564102564	0.9825641025641025	1.0
YDL073W	8	18.0	5	10.599999999976717	1.0	186.0	61.0	186.0	60.599999999999994	186.0	61.0	0.7777777777777778	1.0	0.8333333333333334	1.0	1.0	1.0
YDL074C	168	421.0	57	14.0	38.0	92.0	284.0	87.0	165.0	88.4500000000001	185.77000000000027	0.9049881235154394	0.6080760095011877	0.9738717339667459	0.7814726840855107	1.0	0.995249406175772
YDL075W	1010	40568.0	10869	3.0	2.0	542.0	247.0	31.0	102.0	54.0	143.0	0.9578732005521593	0.933987379215145	0.9963025044369946	0.9809209228948925	0.9996302504436995	0.9988907513310984
YDL076C	117	184.0	15	34.0	33.79999999998836	537.0	307.0	154.0	227.0	167.95999999999998	244.93999999999997	0.592391304347826	0.3858695652173913	0.9456521739130435	0.8532608695652174	0.9891304347826086	0.8913043478260869
YDL077C	5	5.0	1	28.0	20.0	187.0	75.0	187.0	75.0	187.0	75.0	0.6	0.8	1.0	1.0	1.0	1.0
YDL078C	827	4458.0	304	41.0	32.0	379.0	1341.0	72.0	130.0	121.0	177.0	0.6689098250336474	0.6419919246298789	0.927097353073127	0.9679228353521758	0.9946164199192463	0.9910273665320771
YDL079C	355	1412.0	102	25.54545454547042	8.0	1471.0	2760.0	85.0	128.0	225.0	132.0	0.6586402266288952	0.8888101983002833	0.9560906515580736	0.9171388101983002	0.9893767705382436	0.9943342776203966
YDL080C	96	157.0	12	44.5	2.666666666686069	2688.0	2805.0	224.0	211.95000000000002	2329.7400000000002	442.0400000000009	0.5477707006369427	0.89171974522293	0.7452229299363057	0.9617834394904459	0.8726114649681529	0.9681528662420382
YDL081C	770	29286.0	4813	9.0	0.0	2710.0	3014.0	75.0	108.0	80.0	113.0	0.8657037492317148	0.9951512668169091	0.9760977941678618	0.9961756470668579	0.9999317079833367	0.9967902752168272
YDL082W	596	9824.0	1352	0.4358208955381997	19.0	3339.0	387.0	52.0	154.0	72.0	179.0	0.9316978827361564	0.884771986970684	0.9964372964169381	0.9805578175895765	0.9995928338762216	0.9872760586319218
YDL083C	1788	180186.0	30410	9.646723646728788	1.0	2417.0	1858.0	35.0	130.0	45.0	152.0	0.9814635987257612	0.9884563728591567	0.9974026838933102	0.9967922036118233	0.9997058595007381	0.9977467727792392
YDL084W	1212	20114.0	1118	32.0	16.0	223.0	2953.0	182.0	109.0	191.0	129.0	0.6551655563289251	0.8594014119518744	0.857114447648404	0.993835139703689	0.9706671969772298	0.9946306055483742
YDL085C-A	435	1765.0	257	17.0	72.0	4125.0	440.0	171.09734513274336	245.65942028985506	452.6964601769906	287.0	0.805099150141643	0.5297450424929179	0.9280453257790369	0.5626062322946176	0.9337110481586403	0.7886685552407932
YDL085W	20	26.0	3	52.0	4.0	917.0	713.0	584.733333333333	274.5999999999996	917.0	713.0	0.38461538461538464	0.6923076923076923	0.6538461538461539	0.8846153846153846	0.8461538461538461	0.9615384615384616
YDL086C-A	105	83.0	6	30.0	99.0	170.0	1601.0	163.0	357.0	169.34	1600.34	0.5421686746987951	0.5783132530120482	1.0	0.5783132530120482	1.0	0.8554216867469879
YDL086W	337	4179.0	709	5.0	8.0	223.0	410.0	33.0	89.0	39.0	201.0	0.9083512802105767	0.8399138549892319	0.9978463747307968	0.9736779133764059	0.9985642498205313	0.9796602057908591
YDL087C	39	57.0	10	221.0	758.6666666666861	1255.0	1958.0	1194.5	1952.3	1253.46	1958.0	0.7192982456140351	0.6140350877192983	0.7192982456140351	0.6491228070175439	0.7368421052631579	0.6842105263157895
YDL088C	106	215.0	18	18.0625	0.0	1285.0	232.0	1007.5	161.0	1241.2499999999998	216.6666666666666	0.7209302325581395	0.8790697674418605	0.7627906976744186	0.8790697674418605	0.8093023255813954	1.0
YDL089W	140	483.0	60	23.33333333331393	10.0	522.0	128.0	323.0	108.0	352.90666666666675	119.34000000000003	0.7060041407867494	0.9358178053830227	0.7867494824016563	0.9958592132505176	0.8385093167701864	1.0
YDL090C	165	284.0	18	22.0	61.0	662.0	1744.0	150.86666666666702	300.0	395.4200000000072	1744.0	0.6619718309859155	0.5633802816901409	0.9225352112676056	0.5669014084507042	0.9436619718309859	0.7992957746478874
YDL091C	101	511.0	152	6.0	1.0	1594.0	170.0	106.0	122.0	1492.813333333323	125.45777777777776	0.958904109589041	0.9843444227005871	0.9647749510763209	0.9941291585127201	0.9863013698630136	1.0
YDL092W	146	1069.0	269	0.0	8.0	42.0	282.0	25.0	177.59999999999977	32.0	194.0	0.9990645463049579	0.9373246024321796	1.0	0.9943872778297475	1.0	1.0
YDL093W	65	151.0	26	8.0	15.0	103.0	298.0	54.0	291.0	100.93000000000006	297.95000000000005	0.9205298013245033	0.847682119205298	0.9867549668874173	0.9337748344370861	1.0	0.9602649006622517
YDL094C	3	4.0	2	1497.0	461.5	2112.0	788.0	2112.0	788.0	2112.0	788.0	0.5	0.5	0.5	0.5	0.5	0.5
YDL095W	352	2095.0	218	32.0	39.0	98.0	409.0	80.0	177.0	80.91000000000004	222.0	0.696420047732697	0.6233890214797136	0.9899761336515513	0.8553699284009546	1.0	0.9498806682577565
YDL096C	1	1.0	1	0.0	0.0	34.0	1698.0	34.0	1698.0	34.0	1698.0	1.0	1.0	1.0	1.0	1.0	1.0
YDL097C	343	1419.0	127	16.0	16.0	663.0	3359.0	58.0	101.0	64.0	150.0	0.7505285412262156	0.7723749119097957	0.9950669485553206	0.9774489076814659	0.9992952783650458	0.9985905567300916
YDL098C	49	102.0	15	31.142857142840512	5.0	1584.0	2549.0	67.19999999999997	174.0	1065.7333333333372	1314.0000000000095	0.5784313725490197	0.8823529411764706	0.9411764705882353	0.9803921568627451	0.9901960784313726	0.9901960784313726
YDL099W	169	750.0	33	20.0	7.0	1284.0	600.0	65.0	83.0	79.0	131.0	0.748	0.984	0.98	0.9933333333333333	0.9973333333333333	0.9973333333333333
YDL100C	388	3390.0	514	13.0	5.0	3573.0	1092.0	56.0	100.0	64.59999999999991	145.0	0.9138643067846608	0.9651917404129794	0.9997050147492625	0.9876106194690265	0.9997050147492625	0.9988200589970502
YDL101C	232	655.0	55	25.0	5.0	87.0	455.0	61.0	172.0	74.0	293.75000000000296	0.5557251908396946	0.8839694656488549	0.966412213740458	0.9709923664122138	1.0	0.9847328244274809
YDL102W	27	44.0	6	14.0	20.0	136.0	235.0	120.59999999999994	234.3	136.0	235.0	0.8409090909090909	0.75	0.9545454545454546	0.8181818181818182	1.0	0.8409090909090909
YDL103C	225	722.0	115	13.0	77.0	201.0	293.0	73.0	209.33333333333326	81.55999999999995	227.0	0.8240997229916898	0.5221606648199446	0.9653739612188366	0.7105263157894737	0.9986149584487535	0.8116343490304709
YDL104C	29	54.0	11	16.0	5.5	71.0	892.0	48.799999999999955	191.86666666666662	70.64000000000001	873.6533333333338	0.9444444444444444	0.8518518518518519	0.9814814814814815	0.8703703703703703	1.0	0.9444444444444444
YDL105W	45	77.0	14	8.0	354.25	254.0	1130.0	58.724999999999945	632.0	237.26000000000025	1061.690000000001	0.8831168831168831	0.37662337662337664	0.974025974025974	0.5714285714285714	0.974025974025974	0.5714285714285714
YDL106C	57	72.0	3	15.0	121.5	308.0	327.0	301.0	269.66666666666663	306.46000000000004	316.00000000000006	0.1388888888888889	0.3888888888888889	0.4444444444444444	0.5555555555555556	0.9166666666666666	0.6388888888888888
YDL107W	21	26.0	4	14.5	12.0	71.0	205.0	70.4	194.59999999999997	71.0	205.0	0.6923076923076923	0.7307692307692307	1.0	0.9230769230769231	1.0	1.0
YDL108W	137	393.0	30	9.0	35.5	342.0	378.0	51.659090909090864	86.38	340.056	134.23333333333332	0.905852417302799	0.32061068702290074	0.9694656488549618	0.9821882951653944	0.9745547073791349	0.9974554707379135
YDL109C	11	11.0	1	258.5	14.5	376.0	910.0	375.4	907.0	376.0	910.0	0.6363636363636364	0.8181818181818182	0.7272727272727273	0.8181818181818182	0.7272727272727273	0.8181818181818182
YDL110C	108	476.0	95	0.0	12.0	2601.0	247.0	66.0	196.0	1416.2400000000057	241.28000000000003	0.8739495798319328	0.9474789915966386	0.976890756302521	0.9642857142857143	0.9789915966386554	1.0
YDL111C	191	631.0	60	7.0	0.0	112.0	331.0	69.0	89.0	86.0	160.18999999999994	0.8320126782884311	0.9175911251980983	0.971473851030111	0.9698890649762282	1.0	1.0
YDL112W	9	8.0	1	39.0	17.0	94.0	141.0	94.0	141.0	94.0	141.0	0.5	0.5	0.75	1.0	1.0	1.0
YDL113C	101	343.0	67	4.0	7.0	91.0	199.0	73.69999999999993	120.68676470588235	86.0	124.13999999999999	0.9037900874635568	0.8425655976676385	1.0	0.9620991253644315	1.0	1.0
YDL114W	1	1.0	1	0.0	0.0	183.0	108.0	183.0	108.0	183.0	108.0	1.0	1.0	1.0	1.0	1.0	1.0
YDL114W-A	5	4.0	1	1244.5	173.5	3247.0	222.0	3247.0	222.0	3247.0	222.0	0.75	0.25	0.75	0.25	0.75	0.25
YDL115C	62	161.0	29	11.933333333319752	0.0	261.0	112.0	59.0	100.0	234.24999999999966	101.77999999999997	0.8136645962732919	0.9875776397515528	0.9751552795031055	1.0	0.9751552795031055	1.0
YDL116W	142	380.0	17	26.0	14.333333333343035	88.0	969.0	77.0	244.0	84.0	244.94545454545454	0.5052631578947369	0.7552631578947369	1.0	0.8552631578947368	1.0	0.868421052631579
YDL117W	70	168.0	28	29.0	23.0	420.0	166.0	405.59999999999997	151.0	408.0	154.9866666666666	0.16666666666666666	0.6726190476190477	0.16666666666666666	0.8928571428571429	0.16666666666666666	0.9821428571428571
YDL119C	61	87.0	9	22.0	6.0	416.0	165.0	172.0	160.0	182.0	164.50666666666666	0.5517241379310345	0.8620689655172413	0.8620689655172413	0.9540229885057471	0.896551724137931	0.9655172413793104
YDL120W	638	1775.0	112	32.0	59.0	132.0	283.0	96.0	204.0	102.0	226.1	0.6952112676056338	0.4856338028169014	0.9064788732394367	0.7453521126760564	1.0	0.9661971830985916
YDL121C	351	1282.0	86	12.0	26.0	891.0	361.0	45.0	200.0	53.0	203.5400000000002	0.9446177847113885	0.47737909516380655	0.9945397815912637	0.8026521060842434	0.9976599063962559	0.9672386895475819
YDL122W	53	85.0	8	23.0	25.0	252.0	157.0	248.0	129.5	252.0	157.0	0.6470588235294118	0.7411764705882353	0.8588235294117647	0.9411764705882353	0.9294117647058824	1.0
YDL123W	151	249.0	11	27.0	92.0	1253.0	643.0	75.0	505.8499999999997	1204.0	614.0	0.570281124497992	0.3895582329317269	0.9518072289156626	0.43373493975903615	0.9518072289156626	0.8152610441767069
YDL124W	166	429.0	29	27.0	4.0	417.0	1144.0	133.0	79.0	144.27499999999995	749.9933333333256	0.6013986013986014	0.9743589743589743	0.9184149184149184	0.9836829836829837	0.9953379953379954	0.986013986013986
YDL125C	123	323.0	41	148.83333333334303	8.0	323.0	172.0	220.15999999999994	140.0	238.95714285714283	142.724	0.3715170278637771	0.9226006191950464	0.6346749226006192	1.0	0.7151702786377709	1.0
YDL126C	389	2685.0	206	7.0	39.0	84.0	332.0	76.0	91.0	80.0	97.65000000000009	0.8309124767225325	0.6878957169459963	1.0	0.9672253258845438	1.0	0.9951582867783985
YDL127W	34	69.0	8	35.5	0.0	155.0	255.0	71.0	182.25	71.0	252.53000000000003	0.7246376811594203	0.9710144927536232	1.0	0.9710144927536232	1.0	1.0
YDL128W	397	1402.0	36	43.0	23.0	307.0	476.0	116.0	217.0	124.0	241.0	0.4629101283880171	0.6262482168330956	0.8209700427960057	0.8944365192582026	0.9992867332382311	0.9957203994293866
YDL129W	39	48.0	5	53.0	181.0	1430.0	1918.0	370.0	462.59999999999997	1430.0	1918.0	0.3125	0.5208333333333334	0.625	0.6875	0.8958333333333334	0.6875
YDL130W	966	26538.0	5311	9.0	9.0	800.0	3290.0	52.0	118.0	90.0	132.0	0.9256160976712638	0.8577134674805938	0.9768256839249378	0.994310045971814	0.9996608636671942	0.9998492727409752
YDL130W-A	305	3003.0	422	37.0	2.0	102.0	1214.0	76.0	170.0	80.0	219.0	0.6007326007326007	0.9633699633699634	0.9117549117549117	0.986013986013986	1.0	0.9966699966699967
YDL131W	510	3630.0	752	13.666666666656965	10.0	231.0	305.0	105.0	132.6315789473684	111.0	141.0	0.8	0.7019283746556474	0.884573002754821	0.8495867768595041	0.9986225895316805	0.9961432506887052
YDL133C-A	679	11192.0	2590	2.0	17.0	515.0	2144.0	43.0	231.0	98.0	232.38666666666663	0.947819871336669	0.859542530378842	0.9758756254467477	0.9964260185847034	0.9990171551107935	0.998927805575411
YDL133W	211	870.0	164	16.0	2.0	623.0	875.0	417.0	107.0	458.0	107.19999999999997	0.6804597701149425	0.8494252873563218	0.8448275862068966	0.8862068965517241	0.8908045977011494	0.9988505747126437
YDL134C	577	7386.0	873	31.0	25.0	1048.0	1077.0	521.0	107.0	534.0	116.0	0.6395884105063634	0.661251015434606	0.9492282696994313	0.9997292174383969	0.9853777416734363	0.9998646087191985
YDL135C	548	2666.0	290	4.0	185.0	1954.0	1151.0	76.86666666666618	308.0	174.84000000000015	322.0	0.9246061515378845	0.34583645911477867	0.9759939984996249	0.6001500375093773	0.9853713428357089	0.6369092273068268
YDL136W	540	3233.0	486	3.0	33.0	1544.0	331.0	65.0	141.0	82.0	150.0	0.8530776368697804	0.6780080420661924	0.9990720692854933	0.7782245592329106	0.9996906897618311	0.994741725951129
YDL137W	1039	9713.0	977	51.0	14.0	3720.0	1438.0	145.0	194.0	149.0	214.0	0.48512303098939563	0.760012354576341	0.8480387110058685	0.8848965304231442	0.9993822711829506	0.9917636157726758
YDL138W	65	83.0	4	62.0	38.0	913.0	1592.0	354.19999999999993	161.29999999999998	733.150000000001	1122.4100000000026	0.24096385542168675	0.4939759036144578	0.26506024096385544	0.8554216867469879	0.7831325301204819	0.9759036144578314
YDL139C	18	17.0	3	27.125	15.666666666656965	69.0	394.0	69.0	184.04999999999964	69.0	352.0099999999996	0.7058823529411765	0.8235294117647058	1.0	1.0	1.0	1.0
YDL141W	136	287.0	25	52.0	6.0	332.0	287.0	253.0	278.1999999999998	281.3399999999999	284.0	0.3623693379790941	0.7526132404181185	0.4529616724738676	0.8222996515679443	0.9477351916376306	0.9372822299651568
YDL142C	105	383.0	51	11.0	0.0	940.0	151.0	80.5391304347826	127.34999999999997	94.04000000000019	139.67000000000002	0.8929503916449086	0.8694516971279374	0.9817232375979112	0.9007832898172323	0.9947780678851175	0.9973890339425587
YDL143W	240	4629.0	2711	0.0	0.7451518477755599	85.0	280.0	42.0	149.05000000000018	57.0	260.0	0.9796932382804061	0.8647656081227046	1.0	0.9498811838410024	1.0	0.9522575070209548
YDL144C	217	725.0	63	21.0	3.0	107.0	404.0	53.0	142.0	68.625	187.0	0.6510344827586206	0.8551724137931035	0.9875862068965517	0.9586206896551724	1.0	0.9972413793103448
YDL145C	65	113.0	8	5.625	20.20000000001164	305.0	269.0	288.0	182.0	303.74	219.86000000000035	0.8141592920353983	0.7079646017699115	0.9823008849557522	0.8849557522123894	0.9823008849557522	0.9734513274336283
YDL146W	108	186.0	10	15.0	103.0	257.0	291.0	199.0	285.99999999999994	230.0	291.0	0.7150537634408602	0.16666666666666666	0.9516129032258065	0.3387096774193548	0.9946236559139785	0.510752688172043
YDL147W	455	5390.0	473	20.0	4.0	569.0	451.0	78.0	152.0	89.0	205.0	0.5218923933209647	0.9760667903525047	0.9814471243042672	0.9873840445269016	0.9998144712430427	0.9936920222634509
YDL148C	152	288.0	14	6.9230769230634905	69.0	89.0	526.0	60.0	307.0	69.48000000000002	332.0	0.8576388888888888	0.5659722222222222	0.9930555555555556	0.6388888888888888	1.0	0.8854166666666666
YDL149W	11	16.0	4	7.0	5.0	70.0	113.0	64.99999999999999	108.19999999999999	70.0	113.0	0.875	0.875	1.0	1.0	1.0	1.0
YDL150W	18	24.0	3	35.75	7.333333333343035	172.0	125.0	172.0	125.0	172.0	125.0	0.20833333333333334	0.16666666666666666	0.9583333333333334	0.9166666666666666	1.0	1.0
YDL153C	313	1084.0	117	8.0	40.0	252.0	237.0	55.0	142.0	79.0	165.0	0.9206642066420664	0.5083025830258303	0.9787822878228782	0.8118081180811808	0.9990774907749077	0.9833948339483395
YDL154W	1	1.0	1	0.0	0.0	654.0	97.0	654.0	97.0	654.0	97.0	1.0	1.0	1.0	1.0	1.0	1.0
YDL155W	238	629.0	73	25.0	25.0	1992.0	268.0	1174.2999999999997	194.0	1969.1000000000004	228.0	0.6009538950715422	0.6677265500794912	0.8537360890302067	0.9411764705882353	0.8616852146263911	0.9920508744038156
YDL156W	48	72.0	12	18.75	708.0	152.0	1793.0	128.0	1740.0	148.70000000000002	1792.34	0.7638888888888888	0.375	0.9861111111111112	0.4166666666666667	1.0	0.4583333333333333
YDL157C	853	4651.0	311	2.0	34.0	138.0	515.0	47.0	231.0	53.0	372.0	0.945173081057837	0.39066867340356914	0.9993549774242099	0.8187486562029671	1.0	0.8552999354977424
YDL158C	50	84.0	24	14.0	7.666666666656965	465.0	149.0	459.3	30.0	462.76	37.25999999999996	0.8809523809523809	0.9166666666666666	0.9880952380952381	1.0	1.0	1.0
YDL159W	82	424.0	75	0.0	33.0	74.0	271.0	48.0	188.5999999999999	60.0	213.10666666666657	0.9834905660377359	0.5943396226415094	1.0	0.8915094339622641	1.0	0.9929245283018868
YDL160C	37	69.0	9	80.71428571428987	148.0	326.0	460.0	291.6333333333333	454.29999999999995	323.97333333333336	460.0	0.6086956521739131	0.5652173913043478	0.6956521739130435	0.5652173913043478	0.9420289855072463	0.5652173913043478
YDL160C-A	216	632.0	116	2.0	22.0	41.0	1929.0	34.0	289.5333333333333	38.0	1093.27	0.995253164556962	0.7183544303797469	1.0	0.8259493670886076	1.0	0.9620253164556962
YDL161W	161	986.0	227	0.0	17.0	671.0	243.0	27.699999999999932	227.33846153846147	271.03999999999996	236.0	0.9553752535496958	0.7991886409736308	0.9634888438133874	0.8093306288032455	0.9675456389452333	0.9350912778904665
YDL164C	101	553.0	134	29.0	0.5592592592583969	267.0	184.0	53.85000000000002	164.0	182.10666666666992	170.97000000000003	0.6148282097649186	0.9801084990958409	0.9439421338155516	0.9873417721518988	0.9891500904159132	0.9927667269439421
YDL165W	267	899.0	72	16.0	12.0	113.0	192.0	62.0	119.0	108.0	125.01999999999998	0.7719688542825361	0.7686318131256952	0.985539488320356	0.7797552836484983	1.0	0.9944382647385984
YDL166C	257	607.0	58	11.0	21.0	106.0	166.0	67.0	148.0	74.0	153.0	0.9341021416803954	0.7512355848434926	0.9983525535420099	0.8088962108731467	1.0	1.0
YDL167C	171	371.0	38	11.0	74.0	94.0	282.0	62.0	191.0	71.32000000000016	242.0	0.9326145552560647	0.42048517520215634	0.9568733153638814	0.6981132075471698	1.0	0.8005390835579514
YDL168W	222	744.0	53	23.0	151.0	132.0	228.0	89.9999999999997	203.0	100.0	213.0	0.7110215053763441	0.34543010752688175	0.9502688172043011	0.45026881720430106	1.0	0.6169354838709677
YDL169C	68	130.0	7	27.27777777778101	7.0	74.0	165.0	51.42857142857143	73.0	57.99999999999977	135.1333333333329	0.823076923076923	0.9769230769230769	0.9923076923076923	0.9923076923076923	1.0	1.0
YDL170W	94	252.0	12	28.0	33.0	585.0	186.0	28.0	173.0	32.95999999999998	177.89999999999995	0.6904761904761905	0.5079365079365079	0.996031746031746	0.8134920634920635	0.996031746031746	1.0
YDL172C	1	1.0	1	0.0	0.0	14.0	2040.0	14.0	2040.0	14.0	2040.0	1.0	1.0	1.0	1.0	1.0	1.0
YDL174C	6	13.0	8	15.111111111124046	0.0	107.0	92.0	97.39999999999998	92.0	107.0	92.0	0.9230769230769231	1.0	0.9230769230769231	1.0	1.0	1.0
YDL175C	55	126.0	16	7.0	2.0	48.0	372.0	33.26666666666665	236.99999999999994	45.659999999999954	282.96	0.9682539682539683	0.8333333333333334	1.0	0.8650793650793651	1.0	0.8888888888888888
YDL176W	84	364.0	73	3.0	3.0	369.0	276.0	178.36	116.96000000000001	292.4222222222227	255.44000000000005	0.8241758241758241	0.967032967032967	0.9587912087912088	0.9697802197802198	0.989010989010989	0.9725274725274725
YDL177C	118	456.0	78	30.714285714289872	6.0	99.0	124.0	95.0	96.0	95.788	98.44	0.6206140350877193	0.9890350877192983	0.9824561403508771	1.0	1.0	1.0
YDL178W	119	385.0	33	8.0	33.0	90.0	152.0	64.0	141.0	73.22499999999997	141.4714285714285	0.9194805194805195	0.5558441558441558	0.9922077922077922	0.7532467532467533	1.0	1.0
YDL179W	228	692.0	87	14.0	61.0	257.0	267.0	95.0	246.0	207.0	264.0	0.8641618497109826	0.5187861271676301	0.9465317919075145	0.5982658959537572	0.9841040462427746	0.953757225433526
YDL180W	154	424.0	66	32.0	19.0	797.0	741.0	186.0	115.0	690.0799999999999	167.0	0.6367924528301887	0.7429245283018868	0.9174528301886793	0.9481132075471698	0.9599056603773585	0.9811320754716981
YDL181W	631	6148.0	542	31.0	7.0	1780.0	2147.0	163.0	122.0	204.0	302.0	0.5559531554977228	0.9682823682498374	0.8537735849056604	0.9830839297332465	0.9716981132075472	0.9838972023422251
YDL182W	286	10543.0	1787	7.0	4.0	303.0	838.0	40.0	94.0	46.0	102.0	0.9569382528692023	0.9979133074077587	0.9974390590913402	0.9994309020202978	0.9984824053874609	0.9996206013468653
YDL183C	78	116.0	17	731.25	77.0	2894.0	364.0	894.0	164.0	2894.0	362.72	0.5086206896551724	0.5862068965517241	0.5172413793103449	0.6293103448275862	0.5172413793103449	0.8793103448275862
YDL184C	728	96190.0	62593	0.0	0.0	139.0	422.0	32.0	215.0	48.0	220.0	0.9842395259382473	0.992961846345774	0.9999896039089302	0.9992826697161867	0.9999896039089302	0.9994697993554423
YDL185W	326	1285.0	104	10.0	23.0	145.0	514.0	117.0	166.0	120.0	273.0	0.9252918287937744	0.5361867704280155	0.9945525291828794	0.8980544747081712	1.0	0.9844357976653697
YDL186W	2	1.0	1	830.0	3.0	1813.0	75.0	1646.9999999999998	74.4	1779.8	74.88	1.0	1.0	1.0	1.0	1.0	1.0
YDL187C	45	30.0	5	15.0	0.0	676.0	192.0	667.6	161.0	674.32	172.39999999999998	0.3	0.8	0.8333333333333334	0.9	0.8333333333333334	0.9
YDL188C	97	228.0	26	26.0	94.5	212.0	198.0	196.0	154.0	199.2	157.0	0.6754385964912281	0.39035087719298245	0.9692982456140351	0.7149122807017544	0.9824561403508771	0.7543859649122807
YDL189W	242	1461.0	233	21.10000000000582	12.0	385.0	188.0	129.18736842105264	114.35000000000014	137.26000000000008	168.0	0.5975359342915811	0.8453114305270363	0.9924709103353867	0.9856262833675564	0.999315537303217	1.0
YDL190C	39	95.0	14	2.0	6.0	204.0	226.0	204.0	220.0	204.0	224.64999999999998	0.8315789473684211	0.8842105263157894	0.8631578947368421	0.9368421052631579	1.0	0.9894736842105263
YDL191W	429	8798.0	3609	11.0	0.0	1389.0	216.0	53.0	108.0	63.0	166.0	0.8037053875880882	0.9496476471925438	0.9980677426687884	0.9847692657422141	0.9988633780404638	1.0
YDL192W	1884	38801.0	4989	3.0	110.0	169.0	1759.0	73.0	254.0	110.0	568.0	0.9412901729336873	0.48375041880363906	0.9884796783588052	0.5415066621994279	0.9996649570887348	0.7264761217494394
YDL193W	122	223.0	12	40.0	36.0	126.0	263.0	115.0	221.26666666666665	116.0	263.0	0.47085201793721976	0.6188340807174888	0.820627802690583	0.9103139013452914	1.0	1.0
YDL195W	43	69.0	6	19.75	13.5	155.0	186.0	129.0	161.2	150.44000000000005	182.01000000000005	0.7681159420289855	0.8405797101449275	0.9130434782608695	0.9855072463768116	0.9130434782608695	1.0
YDL197C	352	737.0	35	332.0	52.0	679.0	360.0	379.0	328.0	392.0	349.39	0.5793758480325645	0.6078697421981004	0.6350067842605156	0.7340569877883311	0.6635006784260515	0.8439620081411127
YDL198C	523	1972.0	83	20.0	18.0	175.0	1025.0	117.0	143.0	160.1199999999999	249.74666666666658	0.7089249492900609	0.7753549695740365	0.7662271805273834	0.9710953346855984	0.968052738336714	0.9771805273833671
YDL199C	56	81.0	8	5.0	37.0	852.0	223.0	69.0	198.0	690.1799999999988	217.41999999999996	0.8888888888888888	0.5555555555555556	0.9876543209876543	0.8148148148148148	0.9876543209876543	0.8765432098765432
YDL200C	158	408.0	51	32.0	2.0	424.0	1257.0	48.0	83.0	52.76800000000001	1218.7200000000012	0.3872549019607843	0.9191176470588235	0.9975490196078431	0.9338235294117647	0.9975490196078431	0.9852941176470589
YDL201W	300	1206.0	122	50.0	6.0	1155.0	1126.0	1139.0	87.0	1144.0	728.3466666666724	0.3864013266998342	0.9079601990049752	0.6774461028192371	0.9850746268656716	0.9029850746268657	0.9859038142620232
YDL202W	330	1517.0	183	9.0	57.0	75.0	1306.0	62.0	1278.0	69.0	1280.0	0.8253131179960448	0.46868820039551745	1.0	0.5458141067897165	1.0	0.8912326961107448
YDL203C	85	163.0	15	22.0	17.0	254.0	308.0	212.0	266.275	244.0100000000001	308.0	0.558282208588957	0.8650306748466258	0.9141104294478528	0.8957055214723927	0.9263803680981595	0.9693251533742331
YDL204W	165	341.0	25	179.25	7.0	571.0	392.0	499.9	191.34999999999997	538.0	252.17999999999995	0.21407624633431085	0.7712609970674487	0.39296187683284456	0.8621700879765396	0.6129032258064516	0.9882697947214076
YDL205C	127	217.0	13	22.0	85.0	235.0	381.0	214.0	301.0	235.0	354.8799999999994	0.3317972350230415	0.5391705069124424	0.880184331797235	0.5944700460829493	0.9953917050691244	0.7695852534562212
YDL206W	12	14.0	4	4.0	40.0	162.0	75.0	162.0	74.8	162.0	75.0	1.0	0.6428571428571429	1.0	0.8571428571428571	1.0	1.0
YDL207W	38	63.0	7	11.0	12.0	53.0	201.0	41.0	161.59999999999968	52.219999999999985	201.0	0.8571428571428571	0.873015873015873	1.0	0.9365079365079365	1.0	0.9523809523809523
YDL208W	649	11049.0	2022	15.0	0.0	102.0	312.0	56.0	138.0	59.0	153.0	0.9423477237759074	0.9629830753914381	0.9999094940718617	0.9780070594623947	1.0	0.999094940718617
YDL209C	60	106.0	11	14.0	23.0	47.0	284.0	42.0	257.4	44.19999999999999	273.91999999999996	0.9811320754716981	0.6415094339622641	1.0	0.9245283018867925	1.0	0.9905660377358491
YDL211C	31	32.0	5	15.0	21.0	217.0	237.0	118.8	234.49999999999997	217.0	237.0	0.8125	0.15625	0.96875	0.6875	0.96875	0.90625
YDL212W	499	3759.0	323	24.557142857142026	21.0	329.0	271.0	55.0	177.0	81.0	206.0	0.6690609204575685	0.7384942803937218	0.9880287310454908	0.9710029263101889	0.9994679436020218	0.9968076616121309
YDL213C	545	6714.0	1323	10.0	10.0	909.0	785.0	31.0	122.0	231.85999999999967	138.0	0.9462317545427466	0.7517128388442061	0.9876377718200775	0.9824247840333631	0.9877867143282693	0.9967232648197796
YDL214C	2	3.0	2	33.33333333332848	5.833333333328483	167.0	118.0	167.0	118.0	167.0	118.0	0.6666666666666666	1.0	1.0	1.0	1.0	1.0
YDL215C	17	19.0	2	150.75	24.75	236.0	155.0	223.85000000000002	154.55	236.0	155.0	0.47368421052631576	0.6842105263157895	0.47368421052631576	0.8421052631578947	0.5263157894736842	1.0
YDL216C	34	54.0	8	9.0	277.0	123.0	1393.0	22.0	1104.3999999999996	119.00000000000009	1390.68	0.9814814814814815	0.2962962962962963	0.9814814814814815	0.2962962962962963	0.9814814814814815	0.3148148148148148
YDL217C	252	677.0	62	13.0	39.0	1735.0	2232.0	185.0	410.0	1713.0	1886.1000000000013	0.16100443131462333	0.5228951255539144	0.9187592319054653	0.5819793205317577	0.9350073855243722	0.7621861152141802
YDL218W	9	13.0	5	29.25	33.5	478.0	525.0	472.0	510.59999999999997	478.0	525.0	0.6923076923076923	0.8461538461538461	0.7692307692307693	0.8461538461538461	0.8461538461538461	0.8461538461538461
YDL219W	218	1226.0	143	22.0	1.0	190.0	322.0	54.0	283.0	58.0	286.24	0.7797716150081566	0.7911908646003263	0.9959216965742251	0.7944535073409462	0.9991843393148451	0.7944535073409462
YDL220C	9	10.0	2	30.0	73.0	50.0	449.0	50.0	449.0	50.0	449.0	0.5	0.4	1.0	0.6	1.0	1.0
YDL221W	19	24.0	3	203.5	253.0	1460.0	1322.0	1161.0999999999988	1044.0999999999988	1460.0	1322.0	0.4583333333333333	0.375	0.5416666666666666	0.4166666666666667	0.5833333333333334	0.5833333333333334
YDL222C	11	11.0	2	781.9166666666642	52.66666666666424	1517.0	427.0	1511.4499999999998	426.6	1517.0	427.0	0.18181818181818182	0.5454545454545454	0.18181818181818182	0.8181818181818182	0.18181818181818182	0.9090909090909091
YDL224C	73	146.0	23	9.0	11.333333333335759	390.0	329.0	388.0	246.0	390.0	314.5999999999999	0.7465753424657534	0.7328767123287672	0.952054794520548	0.7602739726027398	0.952054794520548	0.9383561643835616
YDL225W	160	1252.0	159	9.0	16.0	89.0	260.0	58.0	117.0	70.0	232.0	0.8905750798722045	0.8825878594249201	1.0	0.9704472843450479	1.0	0.9840255591054313
YDL226C	299	1111.0	65	8.0	40.0	1152.0	730.0	31.0	320.0	34.7800000000002	562.0866666666678	0.9792979297929792	0.5121512151215122	1.0	0.846984698469847	1.0	0.8910891089108911
YDL227C	11	1.0	1	0.0	0.5	263.0	87.0	33.0	58.0	33.0	58.0	1.0	1.0	1.0	1.0	1.0	1.0
YDL229W	435	56160.0	32916	0.0	0.0	107.0	169.0	30.0	106.0	35.0	124.13333333333382	0.9937321937321937	0.9766737891737892	0.9985220797720797	0.9998397435897436	1.0	1.0
YDL230W	97	171.0	8	13.0	21.0	146.0	277.0	53.0	61.89	78.05999999999989	277.0	0.8362573099415205	0.49122807017543857	0.9883040935672515	0.9590643274853801	1.0	0.9883040935672515
YDL231C	9	9.0	1	39.75	20.75	145.0	167.0	145.0	167.0	145.0	167.0	0.2222222222222222	0.6666666666666666	0.2222222222222222	0.7777777777777778	0.6666666666666666	1.0
YDL232W	296	3205.0	486	12.0	30.0	133.0	649.0	32.0	289.0	43.0	292.2999999999999	0.9865834633385335	0.5781591263650546	0.9990639625585024	0.9819032761310452	0.9990639625585024	0.9984399375975039
YDL233W	55	225.0	76	5.647727272727934	0.7727272727279342	1309.0	276.0	43.5	251.0	56.5	276.0	0.9466666666666667	0.8622222222222222	1.0	0.9111111111111111	1.0	0.9688888888888889
YDL234C	126	230.0	25	41.0	32.0	185.0	214.0	170.33333333333334	164.0	177.0	174.2666666666665	0.5956521739130435	0.6173913043478261	0.782608695652174	0.9043478260869565	0.9652173913043478	0.9217391304347826
YDL235C	71	228.0	46	3.0	6.0	151.0	257.0	123.68571428571428	147.55	135.07999999999998	167.07999999999998	0.9605263157894737	0.7763157894736842	0.9912280701754386	0.9649122807017544	1.0	0.9649122807017544
YDL236W	168	413.0	31	36.0	31.0	98.0	205.0	67.0	184.0	71.48000000000002	197.0	0.4648910411622276	0.6828087167070218	0.837772397094431	0.9636803874092009	1.0	0.9975786924939467
YDL237W	416	2292.0	180	13.0	118.0	711.0	328.0	48.0	224.50000000000045	50.0	289.0	0.9210296684118674	0.49040139616055844	0.9960732984293194	0.5056719022687609	0.9986910994764397	0.6042757417102966
YDL238C	73	124.0	17	17.0	33.0	781.0	1557.0	296.4	153.0	573.8000000000014	1495.5800000000004	0.7580645161290323	0.5161290322580645	0.8629032258064516	0.8709677419354839	0.8709677419354839	0.9596774193548387
YDL239C	2	2.0	1	431.0	2.0	693.0	46.0	693.0	46.0	693.0	46.0	0.5	1.0	0.5	1.0	0.5	1.0
YDL240W	5	8.0	3	22.5	28.83333333333212	190.0	279.0	190.0	279.0	190.0	279.0	0.625	0.75	1.0	1.0	1.0	1.0
YDL241W	24	29.0	3	29.0	84.0	86.0	772.0	83.1	591.4999999999994	86.0	772.0	0.5517241379310345	0.13793103448275862	0.8275862068965517	0.13793103448275862	1.0	0.7586206896551724
YDL243C	85	138.0	14	137.0	20.0	1659.0	316.0	729.8428571428572	179.79999999999987	1395.8800000000015	308.08000000000004	0.572463768115942	0.7898550724637681	0.717391304347826	0.9347826086956522	0.717391304347826	0.9565217391304348
YDL248W	2	5.0	4	2.099999999999909	5.599999999999909	10.0	624.0	10.0	624.0	10.0	624.0	1.0	1.0	1.0	1.0	1.0	1.0
YDR001C	53	66.0	4	51.0	33.0	264.0	136.0	253.0	123.19999999999993	262.8266666666667	136.0	0.36363636363636365	0.5	0.5	1.0	0.8333333333333334	1.0
YDR002W	883	9120.0	996	6.0	13.0	215.0	333.0	62.0	205.0	83.0	209.0	0.8771929824561403	0.8998903508771929	0.9824561403508771	0.9956140350877193	0.9992324561403508	0.999561403508772
YDR003W	172	470.0	31	28.0	14.0	115.0	2017.0	92.0	380.0	104.0	409.20000000000005	0.5404255319148936	0.8489361702127659	0.9595744680851064	0.9191489361702128	1.0	0.9829787234042553
YDR003W-A	226	550.0	31	36.0	9.0	775.0	1867.0	748.0	231.0	762.6666666666666	260.0	0.4581818181818182	0.86	0.8145454545454546	0.9254545454545454	0.8527272727272728	0.9890909090909091
YDR004W	2	3.0	2	920.8333333333139	0.0	1127.0	188.0	1127.0	188.0	1127.0	188.0	0.6666666666666666	1.0	0.6666666666666666	1.0	0.6666666666666666	1.0
YDR005C	221	447.0	14	17.0	26.5	275.0	1901.0	148.075	291.0	160.0	997.8333333333228	0.7046979865771812	0.5548098434004475	0.9731543624161074	0.8501118568232662	0.9977628635346756	0.9395973154362416
YDR006C	68	151.0	13	45.0	19.33333333331393	1155.0	157.0	164.0	131.0	655.5550000000045	131.0	0.40397350993377484	0.8211920529801324	0.9006622516556292	0.9602649006622517	0.9933774834437086	1.0
YDR007W	869	4722.0	281	170.0	84.0	285.0	478.0	196.0	144.0	231.0	220.0	0.46802202456586195	0.3875476493011436	0.5976281236764083	0.5091063108852182	0.6262177043625582	0.832274459974587
YDR009W	905	10270.0	1979	7.0	46.0	540.0	738.0	126.0	630.0	192.0	646.5999999999985	0.8301850048685492	0.49659201557935734	0.9258033106134372	0.7450827653359299	0.9762414800389484	0.7805258033106134
YDR010C	8	7.0	2	20.0	0.8333333333139308	364.0	446.0	364.0	446.0	364.0	446.0	0.7142857142857143	0.7142857142857143	0.8571428571428571	0.8571428571428571	0.8571428571428571	0.8571428571428571
YDR011W	11	11.0	1	79.75	135.25	329.0	175.0	328.8	175.0	329.0	175.0	0.18181818181818182	0.36363636363636365	0.18181818181818182	0.5454545454545454	0.8181818181818182	0.5454545454545454
YDR012W	553	7401.0	1159	21.0	6.0	867.0	970.0	48.0	101.0	62.48499999999967	120.0	0.9043372517227402	0.912174030536414	0.9970274287258478	0.9913525199297393	0.9994595324956087	0.992298338062424
YDR013W	70	407.0	113	0.0	5.0	1344.0	240.0	1318.0	124.33	1342.0	133.72000000000003	0.941031941031941	0.914004914004914	0.9459459459459459	0.9901719901719902	0.9484029484029484	1.0
YDR014W	38	57.0	9	0.0	165.5	75.0	1302.0	64.0	674.6	75.0	1301.02	0.8771929824561403	0.21052631578947367	1.0	0.2807017543859649	1.0	0.3684210526315789
YDR014W-A	5	4.0	1	50.0	6.5	120.0	172.0	120.0	172.0	120.0	172.0	0.75	0.75	0.75	1.0	1.0	1.0
YDR016C	444	3437.0	403	16.0	15.0	172.0	303.0	40.0	149.09999999999977	48.0	233.0	0.9621763165551352	0.916205993599069	1.0	0.9595577538551062	1.0	0.9784695955775385
YDR017C	23	31.0	6	117.25	4.0	137.0	203.0	136.26666666666665	182.0	137.0	203.0	0.7419354838709677	0.8709677419354839	0.7419354838709677	0.9354838709677419	0.7419354838709677	1.0
YDR018C	11	14.0	2	12.0	32.0	41.0	163.0	41.0	163.0	41.0	163.0	1.0	0.2857142857142857	1.0	0.7857142857142857	1.0	1.0
YDR019C	116	314.0	24	25.0	138.0	1182.0	342.0	57.400000000000006	315.0	194.3200000000012	329.0400000000001	0.5254777070063694	0.3089171974522293	0.9872611464968153	0.31528662420382164	0.9872611464968153	0.3248407643312102
YDR020C	90	168.0	15	43.0	6.0	153.0	1762.0	133.0	428.0	149.64	1494.1199999999924	0.44642857142857145	0.8214285714285714	0.9761904761904762	0.9345238095238095	1.0	0.9821428571428571
YDR021W	73	95.0	10	50.0	16.5	479.0	141.0	308.5	101.0	471.4	113.99999999999983	0.2	0.8105263157894737	0.30526315789473685	0.9894736842105263	0.8210526315789474	1.0
YDR022C	108	135.0	5	5.0	43.5	548.0	767.0	63.5	163.0	547.65	535.2333333333349	0.8444444444444444	0.6888888888888889	0.9555555555555556	0.9185185185185185	0.9555555555555556	0.9777777777777777
YDR023W	748	17345.0	2696	19.0	19.0	58.0	1544.0	48.0	156.0	52.0	170.0	0.7621216488901701	0.9009512827904295	1.0	0.9901989045834535	1.0	0.9982703949264918
YDR024W	13	16.0	4	8.5	8.0	1555.0	938.0	1554.4	936.8	1555.0	938.0	0.8125	1.0	1.0	1.0	1.0	1.0
YDR025W	802	70987.0	23074	0.0	8.0	2053.0	307.0	26.0	104.0	29.757297297297317	116.43833333333411	0.9918999253384423	0.9512586811669742	0.9993519940270754	0.9969571893445278	0.9994787778043868	0.999619648668066
YDR026C	148	312.0	20	39.0	16.0	237.0	270.0	211.0	243.0	212.89999999999998	255.76	0.6185897435897436	0.7756410256410257	0.8237179487179487	0.8269230769230769	0.9967948717948718	0.8301282051282052
YDR027C	38	62.0	7	10.0	14.0	133.0	111.0	132.0	85.0	132.92000000000002	111.0	0.9516129032258065	0.967741935483871	0.967741935483871	1.0	1.0	1.0
YDR028C	28	38.0	6	32.0	49.0	679.0	394.0	660.0	298.0	679.0	394.0	0.5789473684210527	0.6842105263157895	0.7894736842105263	0.7368421052631579	0.8157894736842105	0.8947368421052632
YDR030C	72	144.0	19	27.0	66.0	56.0	223.0	54.0	140.0	55.06	144.56000000000017	0.7291666666666666	0.3194444444444444	1.0	0.5972222222222222	1.0	0.8611111111111112
YDR031W	121	373.0	50	15.055555555562023	0.0	130.0	260.0	39.0	185.34999999999997	53.773333333333234	242.07999999999993	0.5388739946380697	0.8471849865951743	0.9946380697050938	0.9329758713136729	0.9973190348525469	0.9973190348525469
YDR032C	504	2508.0	116	19.0	23.0	198.0	302.0	118.19999999999982	197.0	135.0	222.78666666666686	0.720494417862839	0.740829346092504	0.8297448165869219	0.9545454545454546	0.9988038277511961	0.9972089314194578
YDR033W	1019	8484.0	716	45.0	3.0	539.0	726.0	346.0	482.0	368.0	488.0	0.4235030645921735	0.776049033474776	0.7289014615747289	0.9712399811409712	0.9271570014144271	0.9753653936822254
YDR034C	119	266.0	20	18.0	64.0	651.0	321.0	626.1999999999998	293.0	649.7199999999998	305.39999999999975	0.7857142857142857	0.6992481203007519	0.8533834586466166	0.7142857142857143	0.9473684210526315	0.8533834586466166
YDR034W-B	41	91.0	21	27.0	61.09090909088263	270.0	364.0	84.86000000000004	307.95454545454544	135.0	359.08000000000004	0.6813186813186813	0.3076923076923077	0.9340659340659341	0.3626373626373626	0.978021978021978	0.8241758241758241
YDR035W	281	609.0	30	53.0	48.625	169.0	346.0	85.0	251.0	89.0	277.0	0.6535303776683087	0.6502463054187192	0.7257799671592775	0.7471264367816092	0.9967159277504105	0.9671592775041051
YDR036C	153	344.0	31	63.0	10.611111111124046	334.0	250.0	79.0	173.0	322.18	234.72000000000003	0.502906976744186	0.8313953488372093	0.6104651162790697	0.938953488372093	0.9767441860465116	0.9912790697674418
YDR037W	735	9732.0	854	42.0	14.0	474.0	330.0	80.0	87.0	106.0	125.0	0.4657829839704069	0.948314837648993	0.832203041512536	0.9885943279901356	0.9980476777640773	0.9984586929716399
YDR041W	336	1897.0	188	6.449999999953434	12.0	240.0	1057.0	35.0	206.0	43.52999999999997	285.05999999999995	0.8993147074327886	0.8755930416447022	0.996309963099631	0.974169741697417	0.9973642593568793	0.985239852398524
YDR042C	25	15.0	2	166.75	6.5	627.0	112.0	497.0	112.0	497.7	112.0	0.5333333333333333	1.0	0.6	1.0	0.6	1.0
YDR043C	4	4.0	1	86.0	455.0	204.0	1025.0	204.0	1025.0	204.0	1025.0	0.75	0.25	0.75	0.25	0.75	0.25
YDR044W	248	1183.0	274	26.0	5.113636363646947	451.0	225.0	252.0	149.0	252.0	160.01000000000022	0.6018596787827557	0.9628064243448858	0.7802197802197802	0.9847844463229078	0.7928994082840237	1.0
YDR045C	297	552.0	51	21.0	17.0	203.0	322.0	159.0	315.0	196.60000000000036	320.0	0.7355072463768116	0.7137681159420289	0.9710144927536232	0.7373188405797102	0.9891304347826086	0.9619565217391305
YDR046C	624	10421.0	2048	2.0	9.0	129.0	196.0	99.0	134.0	108.0	144.0	0.9685250935610786	0.8667114480376163	0.9908837923423855	0.9300451012378851	1.0	0.9998080798387871
YDR047W	538	3940.0	979	234.38461538462434	0.0	911.0	252.0	457.0	100.0	469.0	104.0	0.500253807106599	0.9421319796954315	0.600507614213198	0.9928934010152284	0.6474619289340101	0.9934010152284264
YDR048C	7	9.0	2	1940.875	2276.25	2255.0	2429.0	2255.0	2429.0	2255.0	2429.0	0.6666666666666666	0.6666666666666666	0.6666666666666666	0.6666666666666666	0.6666666666666666	0.6666666666666666
YDR049W	67	171.0	21	16.0	62.0	133.0	234.0	97.69999999999993	158.0	105.0	204.02999999999955	0.7777777777777778	0.36257309941520466	0.9415204678362573	0.5555555555555556	1.0	1.0
YDR050C	780	132303.0	70148	0.0	1.0	88.0	344.0	36.0	88.0	44.0	98.0	0.9896752152256563	0.9636138258391722	0.9999395327392425	0.9998034814025382	1.0	0.9998941822936743
YDR051C	158	560.0	71	5.0	5.0	81.0	112.0	53.375	66.0	60.94999999999999	82.79999999999995	0.8803571428571428	0.9803571428571428	1.0	1.0	1.0	1.0
YDR052C	56	99.0	12	2.923076923121698	4.0	194.0	291.0	172.39999999999998	257.2	185.1800000000001	291.0	0.797979797979798	0.9191919191919192	0.98989898989899	0.9595959595959596	0.98989898989899	0.9595959595959596
YDR054C	79	94.0	4	27.5	129.0	370.0	488.0	203.0	487.0	299.60000000000036	487.56	0.7021276595744681	0.5638297872340425	0.9574468085106383	0.574468085106383	0.9680851063829787	0.6382978723404256
YDR055W	152	548.0	47	0.0	34.0	853.0	277.0	71.0	167.20000000000002	294.05999999999995	272.0	0.9470802919708029	0.31386861313868614	0.9817518248175182	0.7536496350364964	0.9835766423357665	0.9817518248175182
YDR056C	449	1704.0	159	37.0	49.0	4149.0	189.0	112.0	127.0	117.48666666666668	163.0	0.5874413145539906	0.5504694835680751	0.9231220657276995	0.7975352112676056	0.9994131455399061	1.0
YDR057W	62	114.0	12	23.0	68.0	111.0	187.0	66.0	186.2	95.63999999999999	186.90153846153845	0.6140350877192983	0.20175438596491227	0.9824561403508771	0.37719298245614036	1.0	0.7719298245614035
YDR058C	36	54.0	6	6.0	27.0	1086.0	2804.0	78.73333333333332	189.8	1059.2266666666674	2724.920000000002	0.8148148148148148	0.46296296296296297	0.9814814814814815	0.8148148148148148	0.9814814814814815	0.8518518518518519
YDR059C	542	2394.0	148	34.0	21.0	706.0	4315.0	66.0	140.0	87.0	160.0	0.6683375104427736	0.727234753550543	0.9974937343358395	0.9903926482873852	0.9983291562238931	0.9991645781119465
YDR060W	69	148.0	16	40.0	0.9333333333488554	598.0	422.0	91.0	331.4	108.9800000000051	408.28000000000014	0.5472972972972973	0.8445945945945946	0.9797297297297297	0.9324324324324325	0.9932432432432432	0.9324324324324325
YDR061W	112	577.0	153	9.0	20.0	542.0	137.0	85.05	136.0	169.3800000000001	136.0	0.8145580589254766	0.7729636048526863	0.9393414211438474	1.0	0.9722703639514731	1.0
YDR062W	438	2137.0	121	21.0	16.0	422.0	1052.0	405.0	302.9499999999996	409.0	311.0	0.6953673373888629	0.8329433785680861	0.8951801591015442	0.8914365933551708	0.9503977538605521	0.8942442676649509
YDR063W	330	914.0	38	70.0	8.0	2594.0	312.0	145.0	101.0	919.3600000000014	119.0	0.2888402625820569	0.6673960612691466	0.7035010940919038	0.9934354485776805	0.9715536105032823	0.9989059080962801
YDR064W	671	45299.0	6337	8.0	29.0	98.0	267.0	33.0	110.0	33.0	116.0	0.9974613126117574	0.379986313163646	0.9987858451621449	0.9994922625223515	1.0	0.9996909424049096
YDR065W	142	223.0	22	16.0	174.0	151.0	1880.0	75.79999999999995	776.9999999999999	101.49600000000005	1511.3500000000001	0.6816143497757847	0.4170403587443946	0.968609865470852	0.484304932735426	0.9955156950672646	0.5022421524663677
YDR066C	86	131.0	9	28.5	18.0	1042.0	1382.0	224.9333333333327	320.8999999999986	413.4999999999983	940.5499999999988	0.5877862595419847	0.8091603053435115	0.8854961832061069	0.8244274809160306	0.9465648854961832	0.9389312977099237
YDR067C	115	213.0	19	10.0	19.0	901.0	991.0	75.0	119.28	82.74000000000001	123.0	0.7934272300469484	0.7089201877934272	0.9812206572769953	0.7699530516431925	0.9906103286384976	0.9953051643192489
YDR068W	244	954.0	73	13.0	14.0	1582.0	241.0	71.0	148.0	71.0	173.0	0.8626834381551363	0.8364779874213837	0.9958071278825996	0.9171907756813418	0.9958071278825996	0.9979035639412998
YDR069C	32	46.0	3	16.0	4.333333333372138	97.0	308.0	71.99999999999999	308.0	97.0	308.0	0.8913043478260869	0.8043478260869565	1.0	0.8043478260869565	1.0	0.8043478260869565
YDR070C	58	162.0	37	9.0	1.0	199.0	165.0	178.0	155.0	194.86666666666665	157.5333333333333	0.8395061728395061	1.0	0.8580246913580247	1.0	0.8950617283950617	1.0
YDR071C	585	3601.0	196	12.0	24.0	1794.0	141.0	107.44999999999982	111.0	142.0	113.0	0.77506248264371	0.7145237434046098	0.9497361843932242	0.9997222993612885	0.9997222993612885	1.0
YDR072C	123	335.0	54	15.0	0.0	271.0	376.0	191.5	98.0	232.0	131.19999999999982	0.7611940298507462	0.8626865671641791	0.9044776119402985	0.982089552238806	0.9701492537313433	0.9970149253731343
YDR073W	187	311.0	14	89.0	10.0	817.0	345.0	282.0	286.79999999999995	802.9499999999999	313.48499999999984	0.594855305466238	0.8713826366559485	0.6784565916398714	0.9485530546623794	0.7717041800643086	0.9742765273311897
YDR074W	54	81.0	10	16.0	18.66666666662786	277.0	286.0	226.25	274.8	267.0799999999999	281.03999999999996	0.691358024691358	0.8395061728395061	0.7777777777777778	0.9876543209876543	0.7901234567901234	1.0
YDR075W	53	88.0	10	16.0	26.0	349.0	2673.0	203.0	278.3999999999995	312.0133333333338	1813.0600000000104	0.8295454545454546	0.5568181818181818	0.9659090909090909	0.8636363636363636	0.9886363636363636	0.8636363636363636
YDR076W	31	45.0	4	9.0	108.80000000004657	1661.0	2451.0	74.5	2448.0	1661.0	2451.0	0.9111111111111111	0.26666666666666666	0.9777777777777777	0.5111111111111111	0.9777777777777777	0.5333333333333333
YDR077W	1002	98125.0	17665	12.0	5.0	2404.0	2915.0	45.0	330.0	56.0	338.0	0.9842140127388534	0.8465324840764331	0.998175796178344	0.9960968152866242	0.9987974522292994	0.9979006369426752
YDR078C	107	268.0	32	14.0	58.0	375.0	265.0	39.55	157.0	55.37999999999994	159.27999999999997	0.9365671641791045	0.39925373134328357	1.0	0.6007462686567164	1.0	1.0
YDR079C-A	758	4027.0	376	9.0	48.0	164.0	563.0	72.0	219.0	76.292	241.0	0.7586292525453191	0.6590514030295506	0.9975167618574621	0.9106034268686367	0.9997516761857462	0.9855972187732803
YDR079W	153	508.0	42	3.0	34.0	2302.0	1325.0	41.0	283.0	104.74400000000054	290.0	0.9724409448818898	0.37401574803149606	0.9901574803149606	0.5767716535433071	0.9921259842519685	0.8917322834645669
YDR080W	27	67.0	20	6.944444444496185	138.0	249.0	566.0	54.0	496.89999999999986	216.18999999999966	564.64	0.8805970149253731	0.7313432835820896	0.9850746268656716	0.7313432835820896	0.9850746268656716	0.7313432835820896
YDR081C	42	109.0	27	0.0	3.0	97.0	221.0	95.36666666666666	79.0	97.0	137.21999999999952	0.926605504587156	0.7889908256880734	0.9541284403669725	0.9908256880733946	1.0	0.9908256880733946
YDR082W	94	447.0	172	47.0	1.0462427745806053	170.0	274.0	112.0	166.0	129.2099999999998	207.08999999999992	0.6241610738255033	0.8993288590604027	0.8366890380313199	0.9821029082774049	1.0	0.9955257270693513
YDR083W	46	143.0	31	7.5	25.300000000046566	671.0	129.0	30.0	126.4625	36.026666666666564	128.42666666666665	0.993006993006993	0.6853146853146853	1.0	1.0	1.0	1.0
YDR084C	391	1704.0	87	16.0	76.0	150.0	1411.0	70.0	271.0	80.24333333333334	273.0	0.8034037558685446	0.2869718309859155	0.9953051643192489	0.5956572769953051	0.9994131455399061	0.994131455399061
YDR085C	64	88.0	5	96.19999999995343	17.5	389.0	145.0	233.69999999999987	144.44	339.9800000000006	145.0	0.17045454545454544	0.11363636363636363	0.22727272727272727	0.6704545454545454	0.5568181818181818	0.9318181818181818
YDR086C	1642	11628.0	468	41.0	15.0	1201.0	715.0	105.0	233.0	110.0	234.0	0.4629342965256278	0.6994324045407637	0.8677330581355349	0.9378224974200207	0.999828001375989	0.9668042655658755
YDR087C	380	2126.0	254	10.0	8.0	1746.0	755.0	65.0	103.67999999999992	65.0	134.0	0.8603010348071496	0.9190968955785512	0.9995296331138288	0.9981185324553151	0.9995296331138288	0.9995296331138288
YDR088C	84	141.0	16	28.5	6.0	407.0	1130.0	236.82499999999996	198.0	265.9500000000005	291.89000000000317	0.5106382978723404	0.900709219858156	0.9645390070921985	0.9858156028368794	0.9929078014184397	0.9929078014184397
YDR089W	40	85.0	17	78.0	2.0	185.0	189.0	156.5	103.5	179.4000000000001	188.3	0.5411764705882353	0.9176470588235294	0.6705882352941176	0.9647058823529412	0.9411764705882353	1.0
YDR090C	163	1102.0	319	56.0	0.0	2608.0	1283.0	120.0	367.34999999999997	122.0	375.0	0.6007259528130672	0.8847549909255898	0.7259528130671506	0.9455535390199638	0.9963702359346642	0.9600725952813067
YDR091C	368	5209.0	897	39.0	3.0	362.0	1979.0	72.0	342.0	107.0	350.0	0.5661355346515646	0.9900172777884431	0.8583221347667499	0.9904012286427337	0.999424073718564	0.9938567863313496
YDR092W	206	836.0	126	59.0	0.14814814820419997	1117.0	421.0	95.19999999999999	96.0	1024.5599999999997	115.75999999999999	0.6160287081339713	0.9066985645933014	0.7057416267942583	0.9904306220095693	0.9820574162679426	0.9952153110047847
YDR094W	706	1118.0	43	1238.142857142957	4.888888888875954	4195.0	261.0	2562.5333333333324	35.79999999999998	3217.0666666666666	189.0	0.04203935599284436	0.9221824686940966	0.04740608228980322	0.9570661896243292	0.06529516994633273	0.9570661896243292
YDR096W	27	31.0	3	233.5	60.25	667.0	232.0	642.4499999999999	232.0	667.0	232.0	0.1935483870967742	0.5161290322580645	0.22580645161290322	0.6129032258064516	0.5161290322580645	1.0
YDR097C	12	25.0	12	37.66666666662786	8.0	93.0	82.0	93.0	81.5	93.0	82.0	0.64	0.92	0.84	1.0	1.0	1.0
YDR098C	269	2284.0	561	12.0	0.2272727272938937	426.0	319.0	56.0	73.0	65.0	237.86399999999995	0.9724168126094571	0.9452714535901926	0.9956217162872154	0.9706654991243433	0.9995621716287215	0.9811733800350263
YDR099W	261	706.0	37	19.0	13.0	168.0	1142.0	120.0	343.0	145.0	349.0	0.7790368271954674	0.8895184135977338	0.9291784702549575	0.9093484419263456	0.9943342776203966	0.9206798866855525
YDR100W	278	1661.0	229	14.0	117.0	2311.0	347.0	43.0	254.96666666666655	46.0	283.0	0.9536423841059603	0.6628537025888019	0.9957856712823601	0.6767007826610476	0.9957856712823601	0.6935580975316075
YDR101C	307	2675.0	363	8.227611940354109	4.0	86.0	156.0	61.19230769230769	121.0	72.0	129.0	0.8246728971962617	0.8100934579439253	0.994392523364486	0.9977570093457944	1.0	1.0
YDR103W	14	15.0	3	43.83333333337214	0.0	622.0	170.0	620.625	133.0	622.0	167.6	0.3333333333333333	0.9333333333333333	0.8	0.9333333333333333	0.8666666666666667	0.9333333333333333
YDR104C	7	6.0	1	0.0	120.0	52.0	221.0	52.0	177.7999999999999	52.0	212.35999999999993	1.0	0.6666666666666666	1.0	0.6666666666666666	1.0	0.6666666666666666
YDR105C	230	917.0	79	22.0	10.0	1159.0	278.0	75.0	122.0	253.0	147.33000000000004	0.6314067611777535	0.7448200654307524	0.9629225736095965	0.9738276990185387	0.9694656488549618	0.9912758996728462
YDR106W	4	4.0	3	2.6666666666278616	0.0	24.0	75.0	23.733333333333334	70.6	23.946666666666665	74.12	1.0	1.0	1.0	1.0	1.0	1.0
YDR107C	150	507.0	61	4.0	61.0	442.0	415.0	30.0	207.0	54.0	318.0	0.9546351084812623	0.33727810650887574	0.9940828402366864	0.6370808678500987	0.9980276134122288	0.9092702169625246
YDR108W	52	220.0	26	30.5	12.0	1012.0	143.0	73.0	99.0	644.0000000000035	105.30000000000001	0.4909090909090909	0.9954545454545455	0.9545454545454546	0.9954545454545455	0.990909090909091	1.0
YDR109C	37	53.0	7	226.33333333337214	12.333333333372138	259.0	160.0	259.0	160.0	259.0	160.0	0.3018867924528302	0.7924528301886793	0.3018867924528302	0.9245283018867925	0.32075471698113206	0.9811320754716981
YDR110W	99	261.0	23	9.0	14.0	264.0	221.0	55.44999999999999	205.0	73.33999999999992	206.0	0.9195402298850575	0.8697318007662835	0.9923371647509579	0.9885057471264368	0.9923371647509579	0.9923371647509579
YDR111C	290	492.0	18	47.5	41.0	498.0	1204.0	293.5999999999999	459.0	474.1399999999995	660.0999999999945	0.4796747967479675	0.483739837398374	0.7296747967479674	0.7886178861788617	0.8150406504065041	0.7886178861788617
YDR113C	32	40.0	9	17.0	4.5	2278.0	510.0	1304.5	254.66666666666669	2278.0	510.0	0.75	0.9	0.9	0.925	0.9	0.95
YDR114C	3	2.0	2	649.5	960.0	1669.0	1938.0	1669.0	1938.0	1669.0	1938.0	1.0	1.0	1.0	1.0	1.0	1.0
YDR115W	521	2606.0	134	34.0	107.0	241.0	364.0	56.0	230.0	60.0	259.44000000000005	0.8380660015349194	0.46699923254029163	0.9965464313123561	0.7056792018419032	0.9980813507290868	0.7805065234075211
YDR116C	122	497.0	71	16.0	0.0	1582.0	2738.0	46.0	127.0	66.7466666666666	147.04999999999905	0.937625754527163	0.8490945674044266	0.993963782696177	0.9798792756539235	0.993963782696177	0.9899396378269618
YDR117C	266	1016.0	91	21.0	10.0	97.0	291.0	54.41999999999996	196.0	62.0	248.0	0.890748031496063	0.7913385826771654	0.9980314960629921	0.8641732283464567	1.0	0.9163385826771654
YDR118W	84	160.0	14	21.0	135.5	93.0	342.0	45.0	332.0	82.00000000000006	338.33333333333337	0.45	0.5125	0.99375	0.7	1.0	0.75
YDR118W-A	179	388.0	45	1616.888888888876	195.0	1979.0	387.0	1924.4999999999998	286.0	1951.0	293.0	0.11855670103092783	0.39948453608247425	0.17525773195876287	0.4020618556701031	0.19329896907216496	0.4020618556701031
YDR119W	124	347.0	34	20.25	25.0	124.0	493.0	109.0	86.0	114.0	121.23999999999978	0.9567723342939481	0.6167146974063401	0.9798270893371758	0.9884726224783862	1.0	0.9942363112391931
YDR119W-A	219	3540.0	886	5.0	0.0	134.0	344.0	63.0	270.0	94.0	287.54999999999995	0.9290960451977401	0.9067796610169492	0.9850282485875707	0.9892655367231639	1.0	0.9983050847457627
YDR120C	26	92.0	54	0.0	0.8000000000465661	23.0	314.0	4.8999999999999915	234.99999999999983	23.0	311.9	0.9782608695652174	0.9347826086956522	1.0	0.9565217391304348	1.0	0.9891304347826086
YDR121W	162	572.0	50	13.0	8.0	510.0	3883.0	135.0	114.0	143.0	118.0	0.9423076923076923	0.9947552447552448	0.986013986013986	0.9947552447552448	0.9965034965034965	0.9947552447552448
YDR122W	27	36.0	3	19.0	24.0	1242.0	226.0	317.0	173.99999999999983	1242.0	226.0	0.9444444444444444	0.5833333333333334	0.9722222222222222	0.9444444444444444	0.9722222222222222	0.9722222222222222
YDR123C	126	214.0	17	15.0	41.0	792.0	776.0	113.0	717.6666666666665	458.67999999998835	766.3999999999997	0.6635514018691588	0.411214953271028	0.9439252336448598	0.6728971962616822	0.9906542056074766	0.9065420560747663
YDR124W	47	66.0	8	427.66666666662786	164.77777777786832	585.0	645.0	578.4666666666667	569.9	584.6800000000001	636.5200000000002	0.13636363636363635	0.3181818181818182	0.25757575757575757	0.5303030303030303	0.2878787878787879	0.5909090909090909
YDR125C	5	5.0	2	79.0	1002.1666666666279	303.0	1243.0	240.5	1243.0	290.50000000000006	1243.0	0.6	0.4	0.6	0.4	1.0	0.4
YDR126W	19	28.0	5	24.0	8.0	156.0	347.0	53.79999999999996	347.0	156.0	347.0	0.7142857142857143	0.7857142857142857	0.9642857142857143	0.8571428571428571	0.9642857142857143	1.0
YDR127W	17	20.0	3	35.75	79.0	104.0	145.0	99.0	145.0	104.0	145.0	0.25	0.5	0.5	0.6	1.0	1.0
YDR128W	6	5.0	1	32.5	7.5	88.0	138.0	88.0	138.0	88.0	138.0	0.2	1.0	0.8	1.0	1.0	1.0
YDR129C	434	5036.0	356	20.0	4.0	1290.0	354.0	73.0	148.0	257.0	159.0	0.8038125496425734	0.9880857823669579	0.9839158061953932	0.993844320889595	0.9864972200158856	0.994042891183479
YDR130C	73	81.0	8	17.0	42.0	83.0	2555.0	37.35000000000001	2038.6000000000026	71.83999999999992	2553.0	0.8641975308641975	0.48148148148148145	0.9876543209876543	0.654320987654321	1.0	0.6666666666666666
YDR131C	86	165.0	9	41.0	9.5625	119.0	175.0	102.0	88.2	114.39999999999998	171.79999999999995	0.509090909090909	0.9575757575757575	0.9818181818181818	0.9818181818181818	1.0	0.9939393939393939
YDR132C	72	140.0	10	39.0	2.0	203.0	225.0	171.0	215.0	203.0	225.0	0.37142857142857144	0.8357142857142857	0.7928571428571428	0.8642857142857143	0.95	0.9571428571428572
YDR133C	1258	21138.0	5119	2.0	22.0	1153.0	321.0	251.0	199.0	254.0	205.0	0.9162645472608573	0.6054025924874633	0.947109471094711	0.9072286876714921	0.971851641593339	0.9966411202573564
YDR135C	14	20.0	3	27.0	7.333333333372138	82.0	107.0	77.0	106.66666666666667	82.0	107.0	0.65	1.0	1.0	1.0	1.0	1.0
YDR137W	60	150.0	18	5.0	24.0	125.0	343.0	104.0909090909091	198.0	107.0	289.5	0.9266666666666666	0.7466666666666667	0.9333333333333333	0.7866666666666666	1.0	0.9933333333333333
YDR138W	19	24.0	4	11.0	584.0	51.0	737.0	38.39999999999995	732.8	51.0	737.0	0.8333333333333334	0.5	1.0	0.5	1.0	0.5
YDR139C	297	1825.0	340	25.0	2.0	1598.0	1220.0	51.0	207.0	74.5	207.0	0.6	0.8613698630136987	0.9961643835616438	0.9917808219178083	0.9961643835616438	0.9983561643835617
YDR140W	158	598.0	99	2.0	5.285714285681024	679.0	1279.0	24.0	198.80000000000007	89.0	1277.56	0.9715719063545151	0.8862876254180602	0.9866220735785953	0.8996655518394648	0.9949832775919732	0.9581939799331104
YDR142C	108	142.0	6	30.0	60.0	282.0	253.0	242.86666666666667	143.0	278.0800000000001	252.08	0.5633802816901409	0.5070422535211268	0.7394366197183099	0.528169014084507	0.8591549295774648	0.9859154929577465
YDR143C	133	375.0	33	24.0	18.83333333337214	181.0	202.0	170.0	194.0	176.75	197.75	0.5786666666666667	0.8773333333333333	0.96	0.9973333333333333	0.984	0.9973333333333333
YDR144C	292	1057.0	208	6.0	41.0	365.0	390.0	162.0	207.0	324.8600000000001	280.0	0.7284768211920529	0.5941343424787133	0.847682119205298	0.8192999053926207	0.9772942289498581	0.8732261116367077
YDR145W	52	89.0	10	29.0	74.0	236.0	203.0	89.0	200.03333333333333	236.0	202.61	0.5056179775280899	0.4606741573033708	0.9550561797752809	0.5393258426966292	0.9775280898876404	1.0
YDR146C	8	9.0	2	58.66666666662786	58.33333333337214	167.0	163.0	167.0	163.0	167.0	163.0	0.6666666666666666	0.3333333333333333	0.6666666666666666	0.3333333333333333	1.0	1.0
YDR147W	138	273.0	22	350.0	6.0	490.0	224.0	448.0	67.0	456.3866666666666	222.6199999999999	0.2271062271062271	0.8717948717948718	0.26373626373626374	0.9597069597069597	0.28205128205128205	0.9853479853479854
YDR148C	1000	2351.0	50	87.0	154.0	267.0	349.0	253.0	286.0	261.0	288.0	0.1331348362398979	0.39472564866014465	0.502764780944279	0.40450871969374735	0.8073160357294769	0.4955338153977031
YDR151C	67	66.0	4	76.0	98.0	243.0	323.0	188.59999999999997	318.0	241.72000000000003	318.0	0.3787878787878788	0.12121212121212122	0.3939393939393939	0.18181818181818182	0.9393939393939394	0.696969696969697
YDR152W	391	1001.0	27	27.0	46.0	931.0	200.0	67.0	118.0	131.43333333333354	124.47000000000003	0.6693306693306693	0.5424575424575424	0.983016983016983	0.7862137862137862	0.989010989010989	0.994005994005994
YDR153C	96	178.0	12	14.0	21.66666666662786	1061.0	281.0	151.0	238.0	213.88	259.0	0.7640449438202247	0.6404494382022472	0.8314606741573034	0.9101123595505618	0.9887640449438202	0.9213483146067416
YDR154C	1485	28110.0	2002	5.0	6.0	392.0	1786.0	310.0	39.0	330.8000000000029	68.0	0.75965848452508	0.9478121664887941	0.940412664532195	0.9762717893987904	0.9607612949128425	0.9989683386695126
YDR155C	1417	42306.0	4528	8.0	13.0	172.0	1895.0	63.0	123.0	95.0	177.0	0.8106651538788824	0.9519217132321657	0.9881577081265068	0.978300950219827	0.9991017822531083	0.998865409161821
YDR156W	288	3646.0	853	16.0	7.0	1056.0	426.0	56.0	116.0	59.07999999999993	136.0	0.8582007679648931	0.9333516182117388	0.9980800877674163	0.9925946242457487	0.9980800877674163	0.9931431705979156
YDR157W	5	6.0	2	16.0	0.0	456.0	32.0	456.0	32.0	456.0	32.0	1.0	1.0	1.0	1.0	1.0	1.0
YDR158W	319	2344.0	248	6.0	21.0	69.0	225.0	39.0	166.0	47.0	184.68666666666664	0.8912116040955631	0.7000853242320819	1.0	0.8707337883959044	1.0	0.9978668941979523
YDR159W	3	3.0	1	1.5	24.75	91.0	74.0	91.0	74.0	91.0	74.0	1.0	0.3333333333333333	1.0	1.0	1.0	1.0
YDR161W	187	439.0	32	18.0	5.0	82.0	428.0	58.0	190.0	58.0	213.55000000000007	0.8382687927107062	0.8337129840546698	1.0	0.8337129840546698	1.0	0.8861047835990888
YDR162C	157	464.0	62	13.0	20.0	502.0	240.0	149.19999999999936	211.0	299.32000000000016	213.0	0.8275862068965517	0.8943965517241379	0.9008620689655172	1.0	0.9719827586206896	1.0
YDR163W	1	1.0	1	0.0	0.0	55.0	105.0	55.0	105.0	55.0	105.0	1.0	1.0	1.0	1.0	1.0	1.0
YDR164C	140	561.0	114	3.0	12.0	248.0	297.0	62.0	183.0	104.01999999999975	184.0	0.9714795008912656	0.8467023172905526	0.9893048128342246	0.8823529411764706	0.9928698752228164	0.9928698752228164
YDR165W	83	239.0	50	5.0	3.0	477.0	652.0	62.0	102.49999999999983	68.0	640.1849999999998	0.8577405857740585	0.8744769874476988	0.99581589958159	0.9623430962343096	0.99581589958159	0.9707112970711297
YDR166C	9	12.0	4	25.699999999953434	68.40000000002328	68.0	526.0	67.69999999999999	492.99999999999955	68.0	526.0	0.8333333333333334	0.6666666666666666	1.0	0.6666666666666666	1.0	0.9166666666666666
YDR167W	387	3644.0	666	3.0	4.0	121.0	1856.0	44.0	122.0	71.0	127.0	0.922886937431394	0.8328759604829857	0.99807903402854	0.9991767288693744	1.0	0.9994511525795828
YDR168W	138	734.0	293	0.0	29.0	918.0	258.0	57.0	201.0	84.23555555555544	258.0	0.9264305177111717	0.6471389645776566	0.9959128065395095	0.9046321525885559	0.997275204359673	0.9087193460490464
YDR169C	143	323.0	37	0.0	244.16666666662786	1993.0	530.0	383.0	397.0	441.32999999999674	471.0	0.8204334365325078	0.3993808049535604	0.9102167182662538	0.4179566563467492	0.9164086687306502	0.5696594427244582
YDR169C-A	5	5.0	1	451.75	1341.0	1165.0	2623.0	1165.0	2623.0	1165.0	2623.0	0.2	0.4	0.2	0.4	0.2	0.4
YDR171W	42	127.0	42	9.0	4.0	820.0	129.0	86.0	93.91999999999999	182.18000000000026	120.90000000000012	0.9133858267716536	0.9606299212598425	0.984251968503937	1.0	0.9921259842519685	1.0
YDR172W	227	948.0	216	9.0	33.0	93.0	216.0	63.0	176.0	70.0	181.34666666666666	0.819620253164557	0.630801687763713	1.0	0.7943037974683544	1.0	0.7964135021097046
YDR173C	10	10.0	3	15.5	4.666666666627862	69.0	147.0	69.0	147.0	69.0	147.0	0.9	0.9	1.0	0.9	1.0	1.0
YDR174W	274	2529.0	778	2.0	47.0	1202.0	393.0	32.0	227.0	166.0	229.0	0.9719256623171214	0.730328192961645	0.9810201660735468	0.7924080664294187	0.9818109924871491	0.9960458679319889
YDR175C	169	441.0	68	9.0	6.0	1022.0	198.0	458.0	184.96249999999998	476.53999999999985	192.0	0.8594104308390023	0.7278911564625851	0.9229024943310657	0.8458049886621315	0.9229024943310657	0.9841269841269841
YDR176W	121	220.0	11	8.5	66.0	1422.0	1287.0	60.0	323.0	78.00000000000023	1041.1000000000006	0.9090909090909091	0.4954545454545455	0.990909090909091	0.6363636363636364	0.9954545454545455	0.9454545454545454
YDR177W	391	1287.0	49	15.0	51.0	3848.0	322.0	116.0	142.0	126.0	192.0	0.8127428127428128	0.46853146853146854	0.8694638694638694	0.9735819735819736	0.9968919968919969	0.9976689976689976
YDR178W	439	12180.0	4253	0.0	7.0	202.0	522.0	102.0	204.0	113.0	219.0	0.95	0.9299671592775041	0.9816912972085385	0.9886699507389163	0.99688013136289	0.9926108374384236
YDR179C	99	207.0	20	27.375	1.0	60.0	281.0	35.0	139.0	38.0	139.0	0.3864734299516908	0.9806763285024155	1.0	0.9951690821256038	1.0	1.0
YDR179W-A	141	588.0	90	36.47252747253515	5.666666666627862	198.0	353.0	108.0	164.0	142.0	193.0	0.3673469387755102	0.7687074829931972	0.9812925170068028	0.8180272108843537	0.9982993197278912	0.8758503401360545
YDR180W	5	8.0	4	3.0	0.0	150.0	57.0	150.0	57.0	150.0	57.0	1.0	1.0	1.0	1.0	1.0	1.0
YDR181C	123	312.0	14	24.0	43.0	69.0	787.0	59.0	215.6	60.839999999999996	261.76	0.5288461538461539	0.5512820512820513	0.9038461538461539	0.9519230769230769	1.0	0.9903846153846154
YDR182W	244	475.0	14	36.0	51.0	92.0	497.0	58.0	167.0	70.0	375.0	0.52	0.3473684210526316	0.9957894736842106	0.7936842105263158	1.0	0.9536842105263158
YDR182W-A	27	24.0	2	124.0	153.0	1622.0	279.0	1622.0	268.4666666666665	1622.0	279.0	0.08333333333333333	0.08333333333333333	0.08333333333333333	0.08333333333333333	0.08333333333333333	0.16666666666666666
YDR183C-A	37	54.0	16	40.0	0.0	1933.0	561.0	1922.0	30.999999999999886	1933.0	553.6800000000002	0.5370370370370371	0.9444444444444444	0.6481481481481481	0.9629629629629629	0.7222222222222222	0.9629629629629629
YDR183W	85	104.0	8	30.0	135.0	421.0	213.0	70.0	200.39999999999995	254.13999999999805	213.0	0.6826923076923077	0.25961538461538464	0.9615384615384616	0.25961538461538464	0.9903846153846154	0.25961538461538464
YDR184C	65	92.0	16	51.33333333337214	81.0	1074.0	793.0	1063.0	244.7999999999999	1074.0	479.6799999999987	0.6086956521739131	0.4891304347826087	0.7608695652173914	0.6413043478260869	0.8586956521739131	0.9456521739130435
YDR185C	80	160.0	30	2.857142857159488	75.0	135.0	1556.0	114.0	1462.0	122.50000000000003	1556.0	0.94375	0.45	0.9625	0.5	1.0	0.91875
YDR186C	58	124.0	13	40.90000000002328	0.0	585.0	137.0	253.94999999999996	125.19999999999999	584.52	134.78000000000003	0.2903225806451613	1.0	0.717741935483871	1.0	0.8064516129032258	1.0
YDR188W	776	11314.0	1671	26.0	0.0	778.0	453.0	85.0	167.0	262.0	186.0	0.5749513876613046	0.9217783277355489	0.9693300335867068	0.9364504154145307	0.9806434505921867	0.9990277532260916
YDR189W	23	58.0	20	11.47826086950954	0.0	64.0	135.0	64.0	115.13333333333333	64.0	133.56000000000003	0.8620689655172413	0.9310344827586207	1.0	1.0	1.0	1.0
YDR190C	364	2765.0	353	13.0	24.0	115.0	300.0	73.0	101.0	84.42499999999995	119.0	0.7403254972875226	0.6694394213381555	0.9989150090415914	0.9920433996383363	1.0	0.9956600361663652
YDR191W	21	52.0	16	29.0	0.0	68.0	125.0	44.0	109.0	67.63999999999994	109.0	0.5576923076923077	1.0	1.0	1.0	1.0	1.0
YDR192C	44	112.0	20	24.764705882407725	0.0	455.0	158.0	80.44999999999999	92.63333333333333	450.65999999999997	154.89999999999998	0.6964285714285714	0.9642857142857143	0.9642857142857143	0.9732142857142857	0.9821428571428571	1.0
YDR194C	69	352.0	54	3.0	3.0	38.0	184.0	34.0	157.01052631578946	34.99333333333334	180.6600000000003	0.9943181818181818	0.9715909090909091	1.0	0.9829545454545454	1.0	0.9886363636363636
YDR195W	56	172.0	35	6.0	1.0	425.0	100.0	249.45	87.0	267.24	100.0	0.8372093023255814	0.9941860465116279	0.9418604651162791	0.9941860465116279	0.9476744186046512	1.0
YDR196C	751	5884.0	672	29.0	7.0	993.0	255.0	53.433333333333394	176.0	74.21999999999996	176.0	0.697654656696125	0.8565601631543168	0.9335486063902108	0.9044867437117607	0.9979605710401088	0.9967709041468389
YDR197W	75	168.0	20	0.23529411759227514	82.0	64.0	375.0	55.0	247.17142857142858	55.0	277.38666666666614	0.8452380952380952	0.24404761904761904	1.0	0.4642857142857143	1.0	0.9047619047619048
YDR198C	162	349.0	31	13.5	61.0	2186.0	243.0	63.0	171.0	103.48666666666652	174.0	0.7765042979942693	0.5558739255014327	0.9828080229226361	0.7163323782234957	0.994269340974212	0.7936962750716332
YDR200C	83	355.0	88	0.0	4.0	453.0	1761.0	79.0	151.0	180.199999999998	340.5999999999997	0.9154929577464789	0.9746478873239437	0.9859154929577465	0.9746478873239437	0.9887323943661972	0.9802816901408451
YDR201W	202	869.0	156	29.0	42.0	828.0	511.0	47.0	225.0	64.31999999999996	230.0	0.6835443037974683	0.6340621403912543	0.9585730724971231	0.8193325661680092	0.9930955120828538	0.8780207134637514
YDR202C	191	451.0	69	8.0	54.75	2021.0	727.0	39.0	134.0	67.495	163.94666666666672	0.8980044345898004	0.5476718403547672	0.9933481152993349	0.6917960088691796	0.9933481152993349	0.9844789356984479
YDR203W	1	1.0	1	0.0	0.0	1.0	1277.0	1.0	1277.0	1.0	1277.0	1.0	1.0	1.0	1.0	1.0	1.0
YDR204W	128	364.0	42	16.0	46.0	456.0	272.0	37.0	141.0	110.68000000000256	160.08000000000004	0.8901098901098901	0.43956043956043955	0.9917582417582418	0.8214285714285714	0.9917582417582418	0.9917582417582418
YDR205W	72	122.0	7	9.0	40.0	70.0	275.0	36.0	106.59999999999992	49.84000000000003	271.4	0.8770491803278688	0.5081967213114754	0.9918032786885246	0.8934426229508197	1.0	0.9754098360655737
YDR206W	6	9.0	4	29.5	29.199999999953434	335.0	128.0	335.0	128.0	335.0	128.0	0.6666666666666666	0.5555555555555556	0.8888888888888888	1.0	0.8888888888888888	1.0
YDR207C	1	1.0	1	0.0	0.0	69.0	94.0	69.0	94.0	69.0	94.0	1.0	1.0	1.0	1.0	1.0	1.0
YDR208W	42	55.0	5	45.0	18.0	190.0	135.0	181.5	135.0	190.0	135.0	0.6	0.9454545454545454	0.8363636363636363	0.9454545454545454	1.0	1.0
YDR210W	314	862.0	44	24.0	221.0	1313.0	486.0	54.066666666666606	443.0	261.0	461.584	0.7366589327146171	0.41415313225058004	0.9547563805104409	0.5185614849187935	0.9767981438515081	0.5696055684454756
YDR211W	145	258.0	16	32.0	20.0	102.0	372.0	88.0	193.0	102.0	311.0	0.5813953488372093	0.6705426356589147	0.9844961240310077	0.9534883720930233	1.0	0.9612403100775194
YDR212W	481	14852.0	3438	19.0	5.0	130.0	790.0	84.0	118.0	89.0	187.0	0.9581201185025586	0.9436439536762725	0.9942768650686776	0.9579181255049825	1.0	0.9923242660921088
YDR213W	20	47.0	14	21.099999999976717	0.0	743.0	266.0	247.6	69.89999999999996	743.0	266.0	0.6170212765957447	0.9148936170212766	0.9787234042553191	0.9574468085106383	0.9787234042553191	0.9787234042553191
YDR214W	269	2051.0	275	0.0	7.0	143.0	1066.0	137.0	98.0	139.0	549.0	0.8888347147732814	0.8854217454900049	0.9678205753291077	0.9190638712823013	0.985372988785958	0.9878108239882983
YDR215C	7	11.0	3	9.916666666627862	1240.5	135.0	1482.0	135.0	1482.0	135.0	1482.0	1.0	0.2727272727272727	1.0	0.45454545454545453	1.0	0.45454545454545453
YDR216W	1	1.0	1	0.0	0.0	499.0	282.0	499.0	282.0	499.0	282.0	1.0	1.0	1.0	1.0	1.0	1.0
YDR217C	2	2.0	1	12.0	12.0	41.0	45.0	41.0	45.0	41.0	45.0	1.0	1.0	1.0	1.0	1.0	1.0
YDR219C	110	276.0	31	14.0	2.0	256.0	436.0	238.35	410.0	255.09000000000003	414.0	0.6304347826086957	0.7427536231884058	0.9601449275362319	0.7681159420289855	0.9818840579710145	0.9347826086956522
YDR221W	170	588.0	82	8.0	370.0	77.0	2014.0	36.0	531.0	45.0	672.0	0.9285714285714286	0.3520408163265306	0.9982993197278912	0.3520408163265306	1.0	0.35374149659863946
YDR222W	41	76.0	13	152.25	3.0	2769.0	164.0	873.1000000000029	163.0	2760.333333333333	164.0	0.618421052631579	0.9210526315789473	0.6447368421052632	0.9473684210526315	0.6973684210526315	0.9605263157894737
YDR223W	14	15.0	2	330.0	11.0	473.0	354.0	468.75	354.0	473.0	354.0	0.26666666666666666	0.9333333333333333	0.4	1.0	0.4666666666666667	1.0
YDR224C	520	5996.0	1280	6.0	5.0	157.0	243.0	64.0	136.0666666666666	116.0	142.0	0.9322881921280853	0.8920947298198799	0.9589726484322882	0.9901601067378252	0.9996664442961974	0.9996664442961974
YDR225W	951	20024.0	1997	3.0	23.0	697.0	1361.0	100.0	182.0	115.0	189.0	0.8261586096683979	0.7457051538154215	0.9665900918897323	0.9961546144626449	0.9999500599280863	0.9995505393527767
YDR226W	1280	23182.0	1986	37.0	9.0	1054.0	317.0	60.0	156.0	69.0	195.0	0.38020878267621433	0.7945388663618325	0.9916745751013718	0.960529721335519	0.9994392200845483	0.9989647140022431
YDR227W	7	11.0	3	19.375	0.0	128.0	204.0	127.95	202.09999999999997	128.0	204.0	0.8181818181818182	0.9090909090909091	1.0	1.0	1.0	1.0
YDR228C	11	12.0	2	30.0	5.0	114.0	81.0	113.9	80.1	114.0	81.0	0.5833333333333334	1.0	1.0	1.0	1.0	1.0
YDR229W	95	262.0	48	19.0	9.0	638.0	134.0	115.59999999999991	72.0	625.0	74.0	0.8015267175572519	0.9961832061068703	0.9045801526717557	0.9961832061068703	0.9809160305343512	1.0
YDR231C	357	2062.0	230	12.0	64.0	160.0	314.0	42.44999999999993	227.0	60.87999999999988	245.0	0.9233753637245393	0.47914645974781767	0.995635305528613	0.48205625606207564	0.995635305528613	0.9966052376333656
YDR232W	188	400.0	26	20.0	31.38461538462434	278.0	428.0	260.0	249.5	278.0	351.0	0.76	0.6275	0.815	0.8625	0.845	0.9025
YDR233C	516	2355.0	246	24.91666666662786	44.0	289.0	287.0	72.0	167.0	94.0	167.0	0.732484076433121	0.5690021231422505	0.9329087048832272	0.9435244161358811	0.9966029723991507	0.9991507430997877
YDR234W	409	3028.0	281	72.66666666662786	6.0	242.0	184.0	138.0	116.63999999999996	146.0	166.0	0.37153236459709377	0.9587186261558784	0.7509907529722589	0.9772126816380449	0.9973579920739762	1.0
YDR235W	107	544.0	66	23.0	13.0	65.0	415.0	31.0	104.89999999999895	61.0	331.0	0.6047794117647058	0.9466911764705882	0.9742647058823529	0.9522058823529411	1.0	0.9632352941176471
YDR236C	202	1103.0	281	22.0	3.0	1502.0	155.0	432.0	112.0	449.23000000000025	134.0	0.7116953762466002	0.985494106980961	0.8794197642792384	1.0	0.8812330009066183	1.0
YDR237W	93	248.0	60	8.428571428521536	8.5	495.0	288.0	169.0	229.53333333333327	206.24000000000012	288.0	0.8467741935483871	0.7620967741935484	0.9193548387096774	0.8346774193548387	0.9838709677419355	0.9475806451612904
YDR238C	256	844.0	58	11.0	40.0	100.0	403.0	60.0	351.0	71.0	351.4199999999996	0.9052132701421801	0.4940758293838863	0.9964454976303317	0.6255924170616114	1.0	0.8969194312796208
YDR239C	76	208.0	26	16.0	8.0	298.0	164.0	54.06666666666666	81.1	66.3599999999999	107.83999999999935	0.8846153846153846	0.9230769230769231	0.9951923076923077	0.9903846153846154	0.9951923076923077	1.0
YDR240C	30	134.0	49	0.0	3.7777777777519077	76.0	123.0	47.959999999999994	116.8	66.33999999999996	122.16	0.9328358208955224	0.7388059701492538	0.9925373134328358	0.835820895522388	1.0	1.0
YDR241W	2	2.0	1	97.0	39.0	1621.0	411.0	1621.0	411.0	1621.0	411.0	0.5	0.5	0.5	1.0	1.0	1.0
YDR242W	152	299.0	13	21.0	51.0	136.0	568.0	119.0	201.55	127.0	528.0999999999999	0.8461538461538461	0.4882943143812709	0.959866220735786	0.7692307692307693	1.0	0.9431438127090301
YDR243C	40	53.0	5	3.0	308.9000000000233	56.0	1692.0	39.849999999999994	1616.6	55.639999999999986	1690.98	0.9811320754716981	0.32075471698113206	1.0	0.4716981132075472	1.0	0.5283018867924528
YDR244W	96	225.0	18	3.0	83.0	169.0	299.0	60.0	198.4	94.5	217.0	0.9022222222222223	0.4222222222222222	0.9866666666666667	0.4711111111111111	0.9911111111111112	0.96
YDR245W	194	622.0	30	21.0	19.0	127.0	1120.0	101.0	163.0	122.0	170.79999999999973	0.6655948553054662	0.9887459807073955	0.9292604501607717	0.9919614147909968	1.0	0.9919614147909968
YDR246W	122	287.0	21	25.0	13.0	1564.0	215.0	35.0	204.0	59.00999999999965	210.0	0.5679442508710801	0.8466898954703833	0.9930313588850174	0.8885017421602788	0.9930313588850174	1.0
YDR247W	150	230.0	6	115.0	24.0	376.0	435.0	369.0	390.0	370.79999999999995	396.0	0.1782608695652174	0.32608695652173914	0.44782608695652176	0.9043478260869565	0.6565217391304348	0.9043478260869565
YDR248C	271	982.0	64	15.0	14.0	1503.0	335.0	102.0	117.0	115.0	142.01999999999992	0.8054989816700611	0.7739307535641547	0.9796334012219959	0.9887983706720977	0.9969450101832994	0.9928716904276986
YDR249C	43	63.0	12	237.5	16.0	320.0	1040.0	312.0	246.0	319.34999999999997	1037.01	0.6349206349206349	0.7936507936507936	0.6666666666666666	0.8095238095238095	0.7142857142857143	0.9206349206349206
YDR250C	2	2.0	1	2445.0	7.0	2611.0	128.0	2611.0	128.0	2611.0	128.0	0.5	1.0	0.5	1.0	0.5	1.0
YDR251W	40	77.0	11	15.0	20.0	619.0	321.0	326.54999999999995	272.74999999999903	617.11	320.19	0.8701298701298701	0.7272727272727273	0.922077922077922	0.9090909090909091	0.922077922077922	0.948051948051948
YDR252W	90	160.0	13	6.0	57.5	198.0	1156.0	23.0	891.0	28.0	937.8	0.99375	0.39375	1.0	0.61875	1.0	0.6875
YDR253C	66	99.0	12	33.25	6.0	289.0	652.0	233.0	82.0	238.51	373.6800000000029	0.5454545454545454	0.898989898989899	0.8888888888888888	0.98989898989899	0.9494949494949495	0.98989898989899
YDR254W	68	97.0	5	11.5	532.0	108.0	853.0	87.0	583.0	101.89000000000001	825.2700000000001	0.9072164948453608	0.25773195876288657	0.9690721649484536	0.25773195876288657	1.0	0.27835051546391754
YDR255C	90	167.0	14	2.0	791.3333333333721	75.0	1798.0	54.20000000000001	1256.3	65.96000000000015	1545.2800000000027	0.9820359281437125	0.19760479041916168	1.0	0.20958083832335328	1.0	0.2275449101796407
YDR256C	19	20.0	2	301.5	14.0	1807.0	180.0	1803.5	180.0	1807.0	180.0	0.65	0.15	0.65	0.85	0.7	1.0
YDR257C	174	592.0	34	10.0	12.0	44.0	1995.0	26.0	328.0	37.900000000000205	615.5866666666669	0.8648648648648649	0.8547297297297297	1.0	0.9070945945945946	1.0	0.9847972972972973
YDR258C	65	353.0	138	5.0	0.0	118.0	152.0	82.69999999999993	111.79999999999995	110.93999999999994	147.0	0.8158640226628895	0.9660056657223796	0.943342776203966	1.0	1.0	1.0
YDR259C	27	39.0	3	67.125	198.33333333337214	455.0	343.0	437.2666666666666	339.675	455.0	343.0	0.48717948717948717	0.5128205128205128	0.6666666666666666	0.6153846153846154	0.717948717948718	0.6153846153846154
YDR260C	296	1579.0	244	3.0	37.0	90.0	916.0	49.0	393.0	60.0	575.0	0.9974667511082964	0.41988600379987334	1.0	0.7587080430652312	1.0	0.9784673844205193
YDR261C	262	874.0	45	56.0	14.0	137.0	178.0	111.79999999999995	159.39999999999986	121.72444444444444	178.0	0.5194508009153318	0.799771167048055	0.7311212814645309	0.9622425629290617	0.9988558352402745	1.0
YDR262W	143	1383.0	401	11.0	0.0	406.0	1904.0	19.0	196.0	54.0	258.0	0.982646420824295	0.9595083152566883	1.0	0.9775849602313811	1.0	0.9920462762111352
YDR263C	62	69.0	4	580.5	117.16666666662786	2888.0	346.0	2854.25	244.0	2883.63	314.0400000000002	0.3188405797101449	0.3333333333333333	0.391304347826087	0.5362318840579711	0.4782608695652174	0.7391304347826086
YDR264C	430	1141.0	50	37.0	32.0	349.0	2031.0	106.0	279.0	124.0	474.3499999999988	0.3382997370727432	0.5652936021034181	0.8413672217353199	0.7432077125328659	0.9956178790534619	0.8799298860648553
YDR265W	86	107.0	6	177.5	13.0	240.0	235.0	238.0	212.0	239.43	213.28999999999996	0.3925233644859813	0.8411214953271028	0.411214953271028	1.0	0.4392523364485981	1.0
YDR266C	66	129.0	15	14.0	5.0	747.0	706.0	239.0	145.0	255.87333333333328	706.0	0.8294573643410853	0.8527131782945736	0.9147286821705426	0.8837209302325582	0.9844961240310077	0.9302325581395349
YDR267C	146	236.0	12	22.0	18.66666666662786	304.0	868.0	246.0	229.0	293.0	398.43999999999255	0.614406779661017	0.7584745762711864	0.8601694915254238	0.8432203389830508	0.8771186440677966	0.9745762711864406
YDR268W	152	334.0	33	22.0	11.0	571.0	538.0	279.0	409.0	316.9600000000008	458.96000000000015	0.7065868263473054	0.7305389221556886	0.7994011976047904	0.9161676646706587	0.8263473053892215	0.9221556886227545
YDR270W	8	13.0	6	7.833333333372138	0.25	109.0	114.0	106.89999999999999	110.25	109.0	114.0	0.9230769230769231	0.9230769230769231	1.0	1.0	1.0	1.0
YDR271C	1	1.0	1	0.0	0.0	27.0	417.0	27.0	417.0	27.0	417.0	1.0	1.0	1.0	1.0	1.0	1.0
YDR272W	355	1216.0	92	14.0	64.0	201.0	1629.0	79.40000000000009	1024.0	84.0	1472.0	0.8873355263157895	0.43338815789473684	0.9950657894736842	0.680921052631579	0.9991776315789473	0.8330592105263158
YDR273W	37	48.0	8	646.0	2.0555555555038154	1250.0	190.0	1250.0	133.79999999999978	1250.0	190.0	0.5416666666666666	0.8958333333333334	0.625	0.8958333333333334	0.6458333333333334	0.9583333333333334
YDR274C	2	2.0	1	16.0	2.0	927.0	348.0	927.0	348.0	927.0	348.0	1.0	1.0	1.0	1.0	1.0	1.0
YDR275W	176	634.0	125	60.0	0.0	780.0	1387.0	679.0	301.0	682.9054545454545	316.75999999999885	0.6514195583596214	0.9369085173501577	0.7413249211356467	0.9716088328075709	0.7712933753943217	0.9810725552050473
YDR276C	1324	18772.0	1334	57.0	25.0	2220.0	571.0	83.0	273.0	128.77999999999884	465.0	0.2529298955891754	0.47256552311953975	0.611336032388664	0.943799275516727	0.9906243341146388	0.9722991689750693
YDR277C	408	6805.0	1707	28.0	88.0	388.0	1148.0	158.0	279.0	166.0	288.43125	0.7134459955914768	0.6727406318883175	0.9734019103600294	0.6915503306392359	0.9942689199118295	0.9908890521675239
YDR279W	77	128.0	10	39.238095238106325	23.0	283.0	1363.0	171.79999999999973	1351.0	271.29999999999995	1363.0	0.6953125	0.7265625	0.7578125	0.8046875	0.953125	0.859375
YDR280W	219	581.0	48	57.0	3.0	1662.0	1372.0	666.3499999999984	119.0	1456.0699999999997	202.65999999999917	0.2857142857142857	0.9414802065404475	0.8657487091222031	0.9776247848537005	0.9294320137693631	0.9896729776247849
YDR281C	247	763.0	90	28.112903225817718	111.5	128.0	349.0	90.85000000000002	326.0	115.0	327.0	0.5255570117955439	0.583224115334207	0.8807339449541285	0.6002621231979031	1.0	0.72870249017038
YDR282C	66	222.0	61	0.0	8.0	224.0	477.0	29.066666666666606	256.39999999999935	210.64000000000001	440.28000000000003	0.9324324324324325	0.8873873873873874	0.9864864864864865	0.9009009009009009	0.9864864864864865	0.9369369369369369
YDR284C	135	305.0	37	10.0	25.25	363.0	326.0	289.0	102.66666666666667	330.69999999999993	173.0	0.7573770491803279	0.6	0.7770491803278688	0.9508196721311475	0.8262295081967214	0.9967213114754099
YDR286C	216	1065.0	188	9.0	8.0	1222.0	180.0	215.0	139.0	230.0	150.0	0.9089201877934272	0.8741784037558685	0.9305164319248826	0.9408450704225352	0.9305164319248826	1.0
YDR287W	157	450.0	70	52.800000000046566	5.0	787.0	1415.0	218.0	1274.0	708.0	1332.0	0.6088888888888889	0.8422222222222222	0.7466666666666667	0.9	0.76	0.9
YDR288W	110	143.0	8	34.800000000046566	112.5	1432.0	222.0	1267.1999999999998	182.0	1416.1899999999998	214.55999999999995	0.5664335664335665	0.3706293706293706	0.7692307692307693	0.44755244755244755	0.7692307692307693	0.7272727272727273
YDR289C	120	187.0	9	41.0	41.5	90.0	464.0	73.0	428.06666666666666	80.14999999999998	452.0	0.47058823529411764	0.5454545454545454	0.983957219251337	0.7379679144385026	1.0	0.7967914438502673
YDR291W	5	5.0	1	30.5	82.0	38.0	290.0	38.0	290.0	38.0	290.0	0.4	0.2	1.0	0.2	1.0	0.4
YDR292C	265	792.0	87	4.0	41.33962264156435	281.0	563.0	163.0	219.0	185.0	403.05333333333743	0.9318181818181818	0.5353535353535354	0.9861111111111112	0.7765151515151515	0.9974747474747475	0.8434343434343434
YDR293C	9	9.0	1	734.5	38.5	858.0	328.0	858.0	328.0	858.0	328.0	0.3333333333333333	0.6666666666666666	0.5555555555555556	0.7777777777777778	0.5555555555555556	0.8888888888888888
YDR294C	338	3679.0	355	16.0	9.0	254.0	102.0	74.0	60.0	91.0	86.14000000000003	0.7849959228051101	0.9739059527045393	0.9766240826311497	0.9953791791247621	0.9994563740146779	1.0
YDR295C	34	63.0	13	38.5	4.166666666744277	263.0	177.0	263.0	97.0	263.0	170.4999999999999	0.6507936507936508	0.9682539682539683	0.8253968253968254	0.9841269841269841	0.9365079365079365	1.0
YDR296W	276	2228.0	661	2.0	0.0	274.0	306.0	75.0	130.0	95.23428571428538	154.0	0.926391382405745	0.900359066427289	0.9914721723518851	0.9528725314183124	0.9982046678635548	0.9982046678635548
YDR297W	298	1249.0	60	23.0	14.0	547.0	204.0	118.0	170.0	170.0	188.0	0.7493995196156925	0.899919935948759	0.8510808646917534	0.9823859087269816	0.9767814251401121	1.0
YDR298C	868	34338.0	5229	50.0	0.0	599.0	529.0	180.0	179.0	181.0	185.0	0.287349292329198	0.9773428854330479	0.817665560020968	0.9954569281845186	0.9979614421340789	0.9990098433222668
YDR299W	218	647.0	39	17.770833333255723	17.0	466.0	310.0	64.0	123.0	82.0	275.0	0.7357032457496137	0.7697063369397218	0.9922720247295209	0.9520865533230294	0.9922720247295209	0.9598145285935085
YDR300C	224	858.0	150	21.0	3.0	104.0	1362.0	84.0	164.0	88.91999999999996	330.0	0.6678321678321678	0.8717948717948718	0.9988344988344988	0.9452214452214452	1.0	0.965034965034965
YDR301W	9	15.0	5	16.42857142863795	2.785714285681024	275.0	134.0	241.66666666666669	134.0	275.0	134.0	0.8666666666666667	1.0	0.9333333333333333	1.0	0.9333333333333333	1.0
YDR302W	152	930.0	374	0.0	0.0	105.0	224.0	77.0	91.0	83.5714285714286	135.66666666666774	0.8279569892473119	0.9279569892473118	0.9967741935483871	0.989247311827957	1.0	0.9903225806451613
YDR303C	44	124.0	25	2.5	13.0	322.0	350.0	317.0	120.0	321.26	274.52000000000055	0.7580645161290323	0.9758064516129032	0.9354838709677419	0.9838709677419355	0.9354838709677419	0.9838709677419355
YDR304C	547	6304.0	303	24.329411764629185	6.0	923.0	237.0	56.0	92.0	73.20000000000012	111.0	0.791243654822335	0.9609771573604061	0.9901649746192893	0.9979378172588832	0.9998413705583756	0.9998413705583756
YDR305C	37	21.0	3	599.0	3.25	1738.0	126.0	1736.9	87.0	1738.0	87.0	0.3333333333333333	0.8571428571428571	0.5714285714285714	1.0	0.6190476190476191	1.0
YDR306C	229	557.0	41	10.0	242.5	560.0	1054.0	60.0	562.0499999999996	178.0	608.0	0.9030520646319569	0.5242369838420108	0.947935368043088	0.6050269299820467	0.9676840215439856	0.6588868940754039
YDR307W	158	614.0	45	16.0	14.0	75.0	285.0	59.0	150.0	67.24000000000001	201.08000000000004	0.8371335504885994	0.9267100977198697	0.995114006514658	0.9511400651465798	1.0	0.9804560260586319
YDR308C	431	1369.0	113	8.25	42.3125	249.0	2254.0	64.0	573.0	89.0	610.0	0.8531775018261505	0.4777209642074507	0.9905040175310446	0.8736303871439006	0.9963476990504018	0.9247626004382761
YDR309C	182	488.0	86	64.0	356.0	537.0	458.0	173.09999999999997	410.0	190.62	444.0	0.569672131147541	0.48975409836065575	0.6598360655737705	0.48975409836065575	0.9364754098360656	0.48975409836065575
YDR310C	36	50.0	6	39.0	3.0	323.0	280.0	288.0	205.0	323.0	280.0	0.62	0.96	0.84	0.96	0.88	1.0
YDR311W	52	315.0	58	22.142857142956927	1.0	255.0	154.0	48.0	103.0	111.31666666666726	147.4000000000001	0.6952380952380952	0.9873015873015873	0.9904761904761905	0.9968253968253968	0.9904761904761905	1.0
YDR312W	81	153.0	26	15.0	95.625	112.0	247.0	82.49999999999994	227.04999999999998	103.69999999999999	234.0	0.8431372549019608	0.3006535947712418	0.9477124183006536	0.39215686274509803	1.0	0.8366013071895425
YDR313C	105	132.0	6	77.5	13.0	2526.0	288.0	2489.5	201.0	2526.0	204.0	0.32575757575757575	0.6818181818181818	0.45454545454545453	0.9393939393939394	0.7575757575757576	0.9848484848484849
YDR314C	59	87.0	5	56.0	235.5	105.0	1418.0	94.0	1394.46	100.92999999999995	1416.8899999999999	0.39080459770114945	0.25287356321839083	0.6551724137931034	0.28735632183908044	1.0	0.6091954022988506
YDR315C	27	27.0	3	23.75	56.0	55.0	2307.0	47.0	510.949999999997	50.0	2307.0	0.7407407407407407	0.4444444444444444	1.0	0.6296296296296297	1.0	0.9259259259259259
YDR316W	121	681.0	118	13.0	4.0	1029.0	161.0	37.0	89.0	42.88666666666639	104.37999999999988	0.9456681350954479	0.9368575624082232	0.9926578560939795	0.9838472834067548	0.9926578560939795	1.0
YDR317W	16	27.0	5	17.0	8.75	52.0	188.0	52.0	176.95	52.0	188.0	0.9629629629629629	0.7037037037037037	1.0	0.7777777777777778	1.0	0.9629629629629629
YDR318W	78	172.0	19	39.0	33.0	547.0	256.0	74.0	155.0	487.6400000000001	207.16000000000003	0.7093023255813954	0.3953488372093023	0.8023255813953488	0.813953488372093	0.9767441860465116	0.9941860465116279
YDR319C	175	434.0	25	32.0	1.0	157.0	1482.0	99.0	705.8	129.57999999999998	1033.7199999999987	0.6082949308755761	0.8248847926267281	0.8870967741935484	0.8940092165898618	1.0	0.9078341013824884
YDR320C	150	974.0	256	7.0	0.0	402.0	621.0	43.19999999999982	102.0	70.75999999999999	169.0	0.9158110882956879	0.9671457905544147	0.9907597535934292	0.9763860369609856	0.9917864476386037	0.997946611909651
YDR320C-A	353	1784.0	205	22.050000000046566	4.0	3829.0	2354.0	39.0	92.0	49.0	181.0	0.5913677130044843	0.9568385650224215	0.9910313901345291	0.9820627802690582	0.9977578475336323	0.9893497757847534
YDR320W-B	103	145.0	6	10.5	14.0	264.0	1448.0	255.0	1380.0	262.0	1408.7333333333338	0.8344827586206897	0.7172413793103448	0.9517241379310345	0.9724137931034482	0.9724137931034482	0.9724137931034482
YDR321W	391	1218.0	35	6.0	19.0	482.0	275.0	452.0	158.1333333333332	473.0	193.73999999999876	0.8489326765188834	0.7577996715927751	0.8834154351395731	0.9474548440065681	0.8834154351395731	0.9893267651888341
YDR322C-A	750	47825.0	15358	18.0	0.0	2692.0	3802.0	49.0	206.0	49.0	219.0	0.7924516466283325	0.9895870360690016	0.999832723470988	0.992472556194459	0.9998745426032409	0.9954835337166754
YDR322W	65	201.0	33	11.5	12.318181818118319	54.0	193.0	35.27586206896551	112.0	40.0	167.25000000000023	0.9950248756218906	0.8308457711442786	1.0	0.9850746268656716	1.0	1.0
YDR323C	34	63.0	15	3.75	61.125	958.0	529.0	66.79999999999995	208.85	896.3799999999987	487.3999999999992	0.9047619047619048	0.4126984126984127	0.9682539682539683	0.8888888888888888	0.9682539682539683	0.9841269841269841
YDR324C	5	5.0	1	11.25	14.75	16.0	203.0	16.0	203.0	16.0	203.0	1.0	1.0	1.0	1.0	1.0	1.0
YDR325W	8	12.0	2	245.0	8.666666666744277	279.0	307.0	279.0	307.0	279.0	307.0	0.3333333333333333	0.16666666666666666	0.3333333333333333	0.16666666666666666	0.3333333333333333	0.16666666666666666
YDR326C	2	2.0	1	15.0	7.0	207.0	152.0	207.0	152.0	207.0	152.0	1.0	1.0	1.0	1.0	1.0	1.0
YDR328C	448	6483.0	2668	18.0	0.0	421.0	292.0	70.0	204.47857142857134	78.0	226.0	0.7627641523985809	0.9699213327163351	0.9941385161190807	0.9924417707851303	0.9998457504241863	0.9998457504241863
YDR329C	95	394.0	92	7.0	6.0	1193.0	106.0	33.0	86.0	54.52000000000032	103.49333333333334	0.9873096446700508	0.9720812182741116	0.9923857868020305	1.0	0.9923857868020305	1.0
YDR330W	175	1013.0	134	10.0	8.0	333.0	301.0	78.0	210.0	80.74000000000001	231.74	0.9772951628825272	0.926949654491609	0.9990128331688055	0.9447186574531096	0.9990128331688055	0.9496544916090819
YDR331W	81	241.0	39	5.714285714318976	20.0	54.0	807.0	39.0	141.0	54.0	236.42000000000138	0.9585062240663901	0.8672199170124482	1.0	0.970954356846473	1.0	0.983402489626556
YDR332W	92	322.0	97	0.0	22.0	80.0	1154.0	32.39999999999998	96.0	58.0	134.27999999999997	0.9472049689440993	0.7111801242236024	0.9968944099378882	0.9658385093167702	1.0	0.9968944099378882
YDR333C	74	165.0	19	22.0	7.0	52.0	378.0	40.333333333333336	369.0	46.0	372.0	0.7212121212121212	0.7515151515151515	1.0	0.8848484848484849	1.0	0.8848484848484849
YDR335W	39	103.0	16	8.412500000093132	41.0	381.0	178.0	373.3333333333333	112.0	381.0	178.0	0.912621359223301	0.6601941747572816	0.9805825242718447	0.970873786407767	0.9805825242718447	1.0
YDR336W	59	187.0	55	16.0	20.5	2017.0	110.0	72.0	98.0	1086.78	109.13	0.8449197860962567	0.7540106951871658	0.8716577540106952	1.0	0.9572192513368984	1.0
YDR337W	116	227.0	32	19.0	44.75	109.0	883.0	92.0	179.09999999999968	97.49499999999993	231.45999999999998	0.6828193832599119	0.7312775330396476	0.9955947136563876	0.801762114537445	1.0	0.9427312775330396
YDR338C	121	488.0	82	14.0	10.0	458.0	244.0	79.59999999999945	134.13333333333333	300.0	210.48000000000002	0.9262295081967213	0.9508196721311475	0.9651639344262295	0.9754098360655737	0.9692622950819673	0.9979508196721312
YDR339C	858	5274.0	173	11.0	13.857142857043073	251.0	492.0	43.0	148.0	63.0	148.0	0.8871824042472507	0.7277208949563898	0.9960182025028441	0.8898369359120213	0.9986727341676147	0.9988623435722411
YDR341C	832	10944.0	2040	11.0	45.0	2388.0	256.0	55.0	164.0	81.0	183.0	0.9210526315789473	0.6833881578947368	0.9780701754385965	0.76078216374269	0.9996345029239766	0.9956140350877193
YDR342C	240	3659.0	685	6.0	12.0	625.0	2584.0	94.0	164.0	136.0	166.0	0.9874282590871822	0.9002459688439465	0.9912544411041269	0.9907078436731347	0.9942607269745832	0.9969937141295436
YDR343C	44	55.0	3	8.0	173.0	771.0	435.0	223.0	372.5	753.700000000001	431.9000000000002	0.8181818181818182	0.4	0.8181818181818182	0.41818181818181815	0.9272727272727272	0.5818181818181818
YDR345C	402	13487.0	4181	0.0	5.0	207.0	316.0	35.0	150.0	41.0	182.0	0.9869503966782828	0.9334173648698747	0.9984429450582042	0.9807221769110995	0.9998517090531623	0.9994068362126493
YDR346C	638	2733.0	152	44.0	44.0	261.0	338.0	212.0	319.0	223.0	319.0	0.3933406512989389	0.33260153677277715	0.8090010976948409	0.7994877424076107	0.9846322722283205	0.8152213684595683
YDR347W	141	508.0	78	26.333333333255723	7.0	117.0	195.0	112.0	125.41999999999999	117.0	130.0	0.6889763779527559	0.9311023622047244	0.952755905511811	0.9980314960629921	1.0	1.0
YDR348C	255	981.0	47	18.0	23.0	272.0	575.0	242.0	184.0	243.68999999999994	287.0	0.6952089704383282	0.9174311926605505	0.9143730886850153	0.9592252803261978	0.9836901121304791	0.9673802242609582
YDR349C	343	1135.0	97	28.0	10.0	1871.0	355.0	109.0	169.0	128.0	193.0	0.7101321585903083	0.7656387665198238	0.960352422907489	0.9488986784140969	0.9973568281938326	0.9938325991189427
YDR350C	56	161.0	36	23.0	2.5	92.0	121.0	65.0	113.13333333333313	87.4249999999999	120.33999999999992	0.6521739130434783	0.9316770186335404	0.9875776397515528	0.9875776397515528	1.0	1.0
YDR351W	9	10.0	2	104.0	2.0	258.0	154.0	258.0	154.0	258.0	154.0	0.2	0.9	0.2	1.0	0.3	1.0
YDR352W	120	158.0	12	24.0	177.0	1084.0	1752.0	188.0	1573.8	229.83999999999966	1677.7199999999991	0.7848101265822784	0.27848101265822783	0.810126582278481	0.45569620253164556	0.9873417721518988	0.6708860759493671
YDR353W	812	4992.0	320	11.0	40.0	1703.0	1680.0	76.0	262.0	136.0	270.0	0.7399839743589743	0.40645032051282054	0.9833733974358975	0.6762820512820513	0.9905849358974359	0.9124599358974359
YDR354W	273	925.0	86	60.0	17.0	1496.0	138.0	126.0	79.0	395.25	122.5	0.4486486486486487	0.9221621621621622	0.8540540540540541	0.987027027027027	0.9891891891891892	1.0
YDR356W	27	31.0	4	30.5	104.75	73.0	569.0	70.0	562.6	73.0	569.0	0.7419354838709677	0.5806451612903226	1.0	0.6774193548387096	1.0	0.6774193548387096
YDR357C	420	965.0	52	53.300000000046566	2.0	290.0	167.0	181.0	118.52439024390245	203.02000000000004	136.10000000000014	0.48290155440414506	0.7668393782383419	0.5782383419689119	0.9326424870466321	0.9450777202072539	1.0
YDR358W	37	63.0	8	5.0	25.75	575.0	216.0	68.0	205.0	509.0899999999987	216.0	0.9523809523809523	0.5079365079365079	0.9841269841269841	0.9523809523809523	0.9841269841269841	1.0
YDR359C	24	30.0	4	32.0	56.60000000009313	326.0	183.0	326.0	183.0	326.0	183.0	0.6	0.3	1.0	0.4	1.0	1.0
YDR361C	397	1363.0	138	8.0	150.0	72.0	521.0	48.879999999999924	261.0	59.0	281.0	0.925898752751284	0.5737344093910491	1.0	0.6243580337490829	1.0	0.6493030080704328
YDR362C	126	550.0	136	19.0	0.0	739.0	234.0	124.0	197.72727272727272	372.0	232.0	0.7218181818181818	0.8636363636363636	0.8963636363636364	0.8709090909090909	0.9854545454545455	0.8945454545454545
YDR363W	108	181.0	27	3.0	523.25	513.0	998.0	192.0	938.0	235.27999999999952	997.5866666666667	0.8784530386740331	0.3867403314917127	0.9668508287292817	0.425414364640884	0.9834254143646409	0.4972375690607735
YDR363W-A	985	4191.0	221	6.0	113.0	233.0	660.0	36.0	294.0	120.0	427.0	0.9759007396802672	0.30183727034120733	0.9863994273443092	0.35719398711524697	0.9914101646385111	0.5402052016225245
YDR364C	171	398.0	21	9.0	80.0	44.0	941.0	35.0	508.0	37.34666666666666	534.5999999999999	1.0	0.1658291457286432	1.0	0.32914572864321606	1.0	0.7185929648241206
YDR365C	364	2784.0	182	39.846153846243396	16.0	361.0	165.0	86.0	109.0	88.0	117.65999999999985	0.6411637931034483	0.9694683908045977	0.9938936781609196	0.9978448275862069	0.9985632183908046	1.0
YDR367W	382	1030.0	45	21.0	9.0	150.0	262.0	88.0	89.0	124.0	173.0	0.7233009708737864	0.8310679611650486	0.9427184466019417	0.9320388349514563	0.996116504854369	0.9640776699029127
YDR368W	291	5055.0	1620	5.0	1.0	307.0	717.0	85.0	162.0	107.29999999999988	172.0	0.8704253214638972	0.9952522255192878	0.9651829871414441	0.9994065281899109	1.0	0.9994065281899109
YDR369C	26	46.0	9	24.0	3.0	73.0	598.0	37.39999999999997	116.19999999999999	73.0	598.0	0.717391304347826	0.9782608695652174	0.9782608695652174	0.9782608695652174	1.0	0.9782608695652174
YDR370C	99	171.0	11	1.6428571429569274	26.0	65.0	341.0	28.0	118.0	61.68666666666663	165.27999999999975	0.9649122807017544	0.7076023391812866	0.9883040935672515	0.8713450292397661	1.0	0.9883040935672515
YDR371C-A	7	3.0	1	116.5	50.75	1203.0	212.0	990.8999999999995	199.09999999999997	1160.5799999999997	209.42	0.6666666666666666	0.3333333333333333	0.6666666666666666	0.3333333333333333	0.6666666666666666	1.0
YDR371W	93	292.0	32	7.0	31.30434782616794	115.0	1256.0	64.94999999999999	138.0	97.89999999999992	148.0599999999999	0.8767123287671232	0.5308219178082192	0.9931506849315068	0.9623287671232876	1.0	0.9931506849315068
YDR372C	195	405.0	30	9.0	27.0	338.0	259.0	316.0	218.5	316.0	251.0	0.7753086419753087	0.5703703703703704	0.9481481481481482	0.9308641975308642	0.9703703703703703	0.9975308641975309
YDR373W	8	7.0	1	41.0	16.0	101.0	131.0	101.0	131.0	101.0	131.0	0.42857142857142855	0.7142857142857143	1.0	1.0	1.0	1.0
YDR374W-A	177	744.0	93	6.0	13.0	37.0	1740.0	27.0	274.0	27.785217391304347	292.0	0.9354838709677419	0.7298387096774194	1.0	0.7997311827956989	1.0	0.9112903225806451
YDR375C	29	45.0	5	5.0	17.0	43.0	102.0	37.75	99.0	43.0	102.0	0.8666666666666667	0.8444444444444444	1.0	1.0	1.0	1.0
YDR376W	193	443.0	37	8.0	49.0	294.0	902.0	121.0	151.89999999999952	269.14	270.6599999999995	0.7178329571106095	0.2686230248306998	0.8239277652370203	0.7133182844243793	0.9841986455981941	0.9345372460496614
YDR377W	1411	15705.0	809	41.0	105.0	1852.0	1017.0	92.0	404.0	95.0	451.0	0.5006685768863419	0.46252785737026425	0.7754855141674626	0.4715058898439987	0.9961158866602993	0.6531677809614772
YDR378C	584	2673.0	476	0.0	41.0	479.0	877.0	39.0	351.9219696969697	448.0	352.0	0.9300411522633745	0.5181444070332959	0.9865319865319865	0.7037037037037037	0.9865319865319865	0.7643097643097643
YDR379C-A	213	346.0	16	37.0	20.0	249.0	274.0	113.99999999999994	158.99999999999994	240.0	211.08000000000004	0.5549132947976878	0.7687861271676301	0.8670520231213873	0.8670520231213873	0.9450867052023122	0.9971098265895953
YDR379W	21	29.0	4	61.300000000046566	24.5	328.0	97.0	223.4999999999997	97.0	328.0	97.0	0.3793103448275862	0.6551724137931034	0.6896551724137931	0.9310344827586207	0.9655172413793104	1.0
YDR380W	196	1198.0	119	9.0	3.0	159.0	149.0	119.0	144.0	122.0	144.23764705882354	0.8647746243739566	0.998330550918197	0.8989983305509182	1.0	0.9833055091819699	1.0
YDR381C-A	449	3078.0	520	4.0	19.0	185.0	238.0	25.59999999999991	132.0	53.8799999999992	216.0	0.949317738791423	0.8486029889538661	0.9899285250162443	0.9684860298895387	0.99772579597141	0.99317738791423
YDR381W	311	932.0	100	80.0	41.0	145.0	364.0	109.0	242.0	125.0	342.7199999999998	0.5536480686695279	0.490343347639485	0.6201716738197425	0.7446351931330472	1.0	0.9645922746781116
YDR382W	411	10171.0	2566	0.0	12.0	147.0	615.0	81.0	166.0	95.0	192.44749999999976	0.9654901189656867	0.887523350702979	0.9824992626093796	0.9964605250221217	1.0	0.9986235375086029
YDR383C	102	151.0	15	15.0	13.0	2967.0	1552.0	211.0	84.59999999999998	364.86000000000104	1088.0200000000182	0.7748344370860927	0.9801324503311258	0.8675496688741722	0.9801324503311258	0.8741721854304636	0.9867549668874173
YDR384C	381	1478.0	109	60.0	5.0	1612.0	2352.0	548.1199999999999	161.0	585.0	187.72000000000003	0.38633288227334234	0.9147496617050067	0.7225981055480379	0.9350473612990527	0.8971583220568335	0.9945872801082544
YDR385W	719	8065.0	438	9.0625	45.0	109.0	727.0	61.166666666666664	214.0	90.0	217.0	0.9363918164910106	0.6949783013019218	0.9753254804711717	0.7816491010539368	1.0	0.9993800371977681
YDR386W	57	160.0	22	13.0	2.0	176.0	2184.0	62.5	118.0	172.8	2165.5	0.69375	0.94375	0.95	0.94375	0.975	0.96875
YDR387C	52	78.0	13	43.33333333325572	47.0	146.0	247.0	146.0	195.2	146.0	235.51999999999995	0.44871794871794873	0.5128205128205128	0.7948717948717948	0.9358974358974359	1.0	1.0
YDR388W	325	30640.0	17885	1.0556860114447773	0.0	959.0	518.0	56.0	124.0	56.0	129.68636363636358	0.8241840731070496	0.9929177545691906	0.9984007832898172	0.9992493472584857	0.9998694516971279	0.9997715404699739
YDR389W	58	79.0	4	78.0	14.0	564.0	477.0	542.9499999999999	465.15	564.0	476.13	0.1518987341772152	0.6835443037974683	0.22784810126582278	0.7341772151898734	0.8987341772151899	0.8987341772151899
YDR390C	213	979.0	243	6.0	17.0	71.0	257.0	59.0	99.01999999999998	63.344444444444484	148.0	0.9152196118488254	0.7538304392236976	1.0	0.9601634320735445	1.0	0.9908069458631257
YDR391C	240	749.0	90	32.0	16.0	1066.0	216.0	426.0	214.0	437.0	215.0	0.6942590120160214	0.8838451268357811	0.794392523364486	0.9399198931909212	0.7997329773030708	0.9425901201602136
YDR392W	142	344.0	66	29.0	4.0	505.0	1675.0	464.50000000000006	210.05000000000027	487.18	276.86000000000007	0.6511627906976745	0.8023255813953488	0.8808139534883721	0.8546511627906976	0.8866279069767442	0.9476744186046512
YDR393W	141	293.0	24	35.0	64.0	1264.0	356.0	69.0	189.0	125.89333333332965	193.57	0.6757679180887372	0.3890784982935154	0.9556313993174061	0.5255972696245734	0.9931740614334471	0.9965870307167235
YDR394W	418	4753.0	631	62.0	0.0	323.0	151.0	122.59999999999975	95.0	135.0	104.0	0.2261729434041658	0.9821165579633916	0.5712181779928466	0.993477803492531	0.9991584262571008	1.0
YDR395W	74	274.0	35	14.0	4.0	153.0	421.0	134.54166666666669	99.80000000000001	139.0	176.0	0.8978102189781022	0.9379562043795621	0.9671532846715328	0.9379562043795621	1.0	0.9927007299270073
YDR397C	473	6656.0	1634	18.0	0.0	357.0	371.0	80.0	179.0	90.0	186.0	0.7901141826923077	0.8490084134615384	0.9881310096153846	0.8679387019230769	0.99609375	0.9986478365384616
YDR398W	393	3112.0	234	28.5	23.0	131.0	370.0	85.0	137.0	114.0	163.0	0.48586118251928023	0.6008997429305912	0.952120822622108	0.9739717223650386	1.0	0.9987146529562982
YDR399W	296	2353.0	558	10.0	7.982142857043073	231.0	1527.0	77.0	149.69999999999982	90.0	182.5799999999972	0.7730556736081597	0.9362515937101572	0.883127921801955	0.9783255418614535	0.9991500212494687	0.9932001699957501
YDR400W	84	177.0	22	47.0	15.0	1062.0	2531.0	79.0	195.325	1042.5599999999993	747.7399999999959	0.4350282485875706	0.8022598870056498	0.8192090395480226	0.96045197740113	0.96045197740113	0.9887005649717514
YDR401W	2	2.0	1	9.0	1674.0	1236.0	1830.0	1236.0	1830.0	1236.0	1830.0	1.0	0.5	1.0	0.5	1.0	0.5
YDR403W	2	4.0	3	12.0	96.0	50.0	333.0	50.0	333.0	50.0	333.0	1.0	0.75	1.0	0.75	1.0	0.75
YDR404C	354	3315.0	382	4.0	16.179794520605356	1359.0	785.0	204.0	168.0	207.0	376.6999999999998	0.9285067873303168	0.9508295625942684	0.9903469079939669	0.9731523378582202	0.9948717948717949	0.9749622926093514
YDR405W	327	1486.0	168	15.0	3.0	1013.0	771.0	77.0	154.0	84.0	160.0	0.7510094212651414	0.806864064602961	0.9966352624495289	0.9744279946164199	0.9973082099596231	0.993943472409152
YDR406W	1	1.0	1	0.0	0.0	130.0	120.0	130.0	120.0	130.0	120.0	1.0	1.0	1.0	1.0	1.0	1.0
YDR407C	12	15.0	3	33.625	0.0	124.0	82.0	123.5	79.5	124.0	82.0	0.6666666666666666	1.0	1.0	1.0	1.0	1.0
YDR408C	444	3117.0	661	15.0	93.0	321.0	269.0	77.0	190.0	86.0	190.58249999999998	0.8014116137311518	0.5152390118703882	0.9945460378569136	0.5588707090150786	0.9964709656721207	0.7725376965030478
YDR410C	167	259.0	13	45.0	79.0	111.0	274.0	78.0	130.0	93.83000000000033	160.0	0.47876447876447875	0.3436293436293436	0.806949806949807	0.5135135135135135	1.0	1.0
YDR411C	99	261.0	42	18.0	16.0	73.0	250.0	63.0	85.0	73.0	240.56499999999988	0.7816091954022989	0.896551724137931	1.0	0.9846743295019157	1.0	0.9846743295019157
YDR412W	348	3748.0	778	17.0	10.0	119.0	256.0	72.0	164.0	86.0	173.0	0.8431163287086446	0.8247065101387406	0.9994663820704376	0.9949306296691569	1.0	0.9989327641408752
YDR414C	51	94.0	14	15.0	40.285714285681024	1494.0	258.0	201.8	200.0666666666666	230.6400000000001	258.0	0.8617021276595744	0.5957446808510638	0.9361702127659575	0.9148936170212766	0.9680851063829787	0.9468085106382979
YDR415C	78	164.0	16	31.0	12.0	987.0	1496.0	55.0	330.0	621.8933333333332	344.1599999999999	0.4634146341463415	0.6829268292682927	0.9695121951219512	0.8414634146341463	0.975609756097561	0.9146341463414634
YDR416W	87	259.0	34	22.4523809524253	0.10000000009313226	146.0	1203.0	98.05999999999997	79.56666666666659	124.73000000000008	84.45500000000001	0.6640926640926641	0.8532818532818532	0.9613899613899614	0.9498069498069498	1.0	0.9961389961389961
YDR418W	1296	80774.0	8934	8.0	21.0	3251.0	642.0	36.0	103.0	72.0	108.0	0.9145640924059723	0.9444499467650481	0.9989476811845396	0.9961002302721172	0.9998142966796246	0.9961992720429841
YDR419W	51	68.0	7	13.0	22.5	294.0	461.0	223.49999999999997	409.0	282.11999999999955	454.87999999999977	0.7941176470588235	0.4852941176470588	0.9264705882352942	0.7205882352941176	0.9411764705882353	0.9852941176470589
YDR421W	22	42.0	8	18.585858585778624	3.0	104.0	252.0	95.59999999999998	221.0	104.0	252.0	0.6666666666666666	0.8095238095238095	1.0	0.8095238095238095	1.0	0.8571428571428571
YDR422C	99	313.0	48	58.0	0.5	1454.0	387.0	110.0	295.0	1079.8600000000117	332.74	0.6293929712460063	0.7827476038338658	0.8753993610223643	0.8338658146964856	0.9904153354632588	0.8562300319488818
YDR423C	15	13.0	2	37.0	9.5	602.0	94.0	552.1999999999998	93.85	602.0	94.0	0.6153846153846154	0.8461538461538461	0.8461538461538461	1.0	0.8461538461538461	1.0
YDR424C	237	456.0	31	15.166666666744277	6.0	94.0	1410.0	66.0	54.0	75.87555555555555	97.29714285714284	0.8004385964912281	0.9298245614035088	0.9956140350877193	0.9956140350877193	1.0	0.9956140350877193
YDR425W	8	9.0	3	2.5	12.5	60.0	111.0	50.99999999999998	111.0	58.2	111.0	1.0	0.8888888888888888	1.0	1.0	1.0	1.0
YDR427W	148	801.0	99	2.0	21.5	119.0	1105.0	43.0	110.16666666666644	50.0	624.3800000000018	0.9900124843945068	0.9188514357053683	0.9987515605493134	0.9725343320848939	1.0	0.982521847690387
YDR428C	289	812.0	50	18.0	12.0	1096.0	850.0	580.2999999999944	132.0	1080.0	346.0	0.9100985221674877	0.7894088669950738	0.9482758620689655	0.9100985221674877	0.9482758620689655	0.9224137931034483
YDR429C	698	10939.0	1235	1.0	23.0	2517.0	1142.0	26.0	146.0	37.0	182.0	0.991681140872109	0.7177072858579395	0.9994515037937655	0.957582960051193	0.9997257518968827	0.9937837096626748
YDR430C	53	62.0	3	14.0	22.0	82.0	189.0	82.0	91.0	82.0	177.72000000000025	0.967741935483871	0.6612903225806451	1.0	0.9032258064516129	1.0	0.9838709677419355
YDR432W	1196	19204.0	1931	8.0	164.0	114.0	1040.0	34.0	709.0	34.0	709.0	0.9555821703811705	0.45683191001874607	0.999947927515101	0.623932514059571	1.0	0.6940741512184961
YDR433W	1928	21601.0	1931	8.0	149.0	931.0	1027.0	851.0	696.0	851.0	696.0	0.8495440025924725	0.458728762557289	0.8954215082635063	0.6433961390676357	0.8968566270080088	0.7096893662330448
YDR434W	103	428.0	78	41.75	0.0	953.0	1734.0	126.0	132.0	141.31999999999982	205.0	0.6308411214953271	0.9369158878504673	0.955607476635514	0.9813084112149533	0.9976635514018691	0.9976635514018691
YDR435C	174	482.0	46	2.0	36.0	708.0	228.0	28.0	210.0	233.04000000000076	217.68	0.975103734439834	0.1016597510373444	0.9813278008298755	0.1016597510373444	0.9854771784232366	0.46473029045643155
YDR436W	45	98.0	12	127.0	3.5	277.0	216.0	268.0	166.0	277.0	216.0	0.6428571428571429	0.9387755102040817	0.673469387755102	0.9387755102040817	0.6938775510204082	0.9591836734693877
YDR437W	90	152.0	6	17.0	369.0	267.0	1721.0	89.0	1715.9714285714285	246.77999999999835	1720.74	0.7631578947368421	0.20394736842105263	0.9736842105263158	0.5789473684210527	0.9868421052631579	0.6052631578947368
YDR438W	101	155.0	6	478.0	30.0	1011.0	188.0	1006.0	104.0	1011.0	108.725	0.47096774193548385	0.2967741935483871	0.5870967741935483	0.967741935483871	0.6	1.0
YDR439W	44	43.0	4	34.33333333325572	55.0	285.0	256.0	233.0	255.0	240.28000000000003	256.0	0.13953488372093023	0.5813953488372093	0.13953488372093023	0.6976744186046512	0.13953488372093023	0.8372093023255814
YDR440W	76	175.0	20	23.285714285681024	27.0	252.0	1003.0	112.0	229.0	234.0	232.33333333333334	0.7028571428571428	0.37142857142857144	0.9657142857142857	0.9257142857142857	0.9771428571428571	0.9314285714285714
YDR441C	630	1670.0	60	16.0	95.0	193.0	1480.0	172.0	309.0	180.88571428571427	310.0	0.7335329341317365	0.38802395209580837	0.8413173652694611	0.6383233532934132	0.9808383233532935	0.8784431137724551
YDR442W	6	8.0	4	66.0	33.0	172.0	1048.0	169.6	1048.0	171.52	1048.0	0.875	0.625	0.875	0.875	0.875	0.875
YDR443C	2	2.0	1	12.0	2.0	59.0	334.0	59.0	334.0	59.0	334.0	1.0	1.0	1.0	1.0	1.0	1.0
YDR444W	70	271.0	79	3.0	4.75	103.0	83.0	92.0	78.0	95.0	80.79000000000002	0.981549815498155	0.7859778597785978	0.985239852398524	1.0	1.0	1.0
YDR446W	1	1.0	1	0.0	0.0	269.0	178.0	269.0	178.0	269.0	178.0	1.0	1.0	1.0	1.0	1.0	1.0
YDR447C	1374	17278.0	1071	11.0	10.0	103.0	258.0	43.0	178.0	46.0	223.89307692307696	0.9949646949878458	0.770343789790485	0.9991318439634217	0.9318208125940503	1.0	0.9686885056140757
YDR448W	16	14.0	3	22.0	102.0	133.0	103.0	93.39999999999989	103.0	127.39999999999998	103.0	0.5	0.42857142857142855	0.9285714285714286	0.42857142857142855	0.9285714285714286	0.5
YDR449C	158	1863.0	523	5.0	0.0	545.0	1636.0	49.0	70.0	67.0	218.0	0.9602791196994096	0.974771873322598	0.9957058507783145	0.9785292538915727	0.9962426194310252	0.9801395598497048
YDR450W	717	17783.0	2883	6.0	2.0	480.0	331.0	33.0	123.0	57.0	140.0	0.9811055502446157	0.9292020468987235	0.9988190968902885	0.9935893831187089	0.9997750660743406	0.9944328853399313
YDR451C	110	564.0	97	8.142857142956927	50.0	129.0	339.0	62.0	212.0	70.86000000000001	212.0	0.8936170212765957	0.44148936170212766	0.9964539007092199	0.7677304964539007	1.0	0.9929078014184397
YDR452W	268	1119.0	134	16.166666666744277	113.0	486.0	412.0	168.0	188.0	168.0	192.0	0.8596961572832886	0.6246648793565683	0.9857015192135835	0.6747095621090259	0.9910634495084897	0.6979445933869526
YDR453C	118	301.0	72	1.0	1.0	1235.0	497.0	183.18	187.0	309.82000000000016	221.0	0.8803986710963455	0.7674418604651163	0.9069767441860465	0.9169435215946844	0.9235880398671097	0.9568106312292359
YDR454C	614	6191.0	1051	8.0	2.0	403.0	1379.0	37.0	117.0	70.0	149.0	0.8680342432563398	0.9223065740591181	0.987078016475529	0.9819092230657406	0.9995154256178324	0.9990308512356647
YDR456W	273	1421.0	111	38.0	9.0	466.0	188.0	75.23636363636365	111.0	94.0	171.57999999999993	0.5756509500351865	0.7980295566502463	0.8275862068965517	0.9859254046446164	0.9908515130190007	1.0
YDR458C	82	228.0	25	17.0	0.0	86.0	257.0	61.0	235.0	71.49333333333333	249.44	0.7675438596491229	0.8070175438596491	0.9912280701754386	0.8377192982456141	1.0	0.9956140350877193
YDR459C	101	146.0	8	29.666666666744277	53.0	296.0	200.0	120.23999999999998	175.0	242.94666666666575	200.0	0.7054794520547946	0.4589041095890411	0.8972602739726028	0.6164383561643836	0.9863013698630136	1.0
YDR460W	123	204.0	14	28.0	32.0	848.0	659.0	169.9999999999998	325.5999999999993	748.0800000000015	658.73	0.5	0.6862745098039216	0.9313725490196079	0.9166666666666666	0.9705882352941176	0.9362745098039216
YDR461C-A	93	229.0	29	9.0	3.0	69.0	208.0	62.36666666666665	190.09999999999997	66.61333333333334	193.26000000000005	0.8165938864628821	0.8427947598253275	1.0	0.9388646288209607	1.0	1.0
YDR461W	320	36.0	4	89.0	3.0	1505.0	420.0	1505.0	185.0	1505.0	185.56	0.6111111111111112	0.8333333333333334	0.6111111111111112	1.0	0.75	1.0
YDR462W	183	847.0	68	20.0	14.0	531.0	192.0	62.0	144.0	70.0	178.43599999999998	0.7839433293978748	0.9268004722550177	0.9988193624557261	0.987012987012987	1.0	1.0
YDR463W	208	2535.0	379	12.0	6.0	123.0	244.0	55.0	209.0	63.0	211.0	0.926232741617357	0.9648915187376725	0.9988165680473373	0.9992110453648915	1.0	1.0
YDR464W	5	5.0	1	22.25	30.25	133.0	181.0	133.0	181.0	133.0	181.0	0.8	0.8	1.0	0.8	1.0	1.0
YDR465C	308	721.0	38	16.0	48.0	244.0	218.0	212.3499999999998	187.0	237.0	187.0	0.7350901525658807	0.4535367545076283	0.9181692094313454	0.8502080443828016	0.9181692094313454	0.9805825242718447
YDR466W	95	172.0	21	19.333333333255723	71.0	358.0	411.0	331.6	269.88	353.68	360.24000000000007	0.8430232558139535	0.6395348837209303	0.9011627906976745	0.7325581395348837	0.9069767441860465	0.8546511627906976
YDR467C	22	27.0	4	62.375	7.5	937.0	836.0	931.9	809.65	937.0	836.0	0.37037037037037035	0.6296296296296297	0.7407407407407407	0.8148148148148148	0.8148148148148148	0.8518518518518519
YDR468C	400	811.0	51	47.0	18.0	668.0	1248.0	155.0	221.0	179.0	1232.0	0.4882860665844636	0.7114673242909988	0.8545006165228114	0.9235511713933415	0.9963008631319359	0.9445129469790382
YDR469W	170	465.0	62	37.0	2.6612903226632625	927.0	3249.0	52.0	301.0	98.00000000000182	599.4000000000037	0.44946236559139785	0.7741935483870968	0.989247311827957	0.8	0.9913978494623656	0.8150537634408602
YDR470C	75	123.0	6	12.0	15.0	788.0	193.0	113.0	193.0	780.6999999999999	193.0	0.8292682926829268	0.991869918699187	0.9512195121951219	0.991869918699187	0.983739837398374	0.991869918699187
YDR471W	1132	38703.0	7283	2.0	13.0	2758.0	503.0	36.0	131.0	44.0	199.69800000000006	0.9823786269798207	0.8976048368343539	0.9967186006252745	0.9857633775159549	0.9993282174508437	0.9909050977960365
YDR472W	217	638.0	98	52.5	1.0	387.0	928.0	135.0	146.0	210.16	262.0	0.24608150470219436	0.85423197492163	0.6802507836990596	0.9592476489028213	0.7899686520376176	0.9733542319749217
YDR473C	96	168.0	16	26.0	86.66666666674428	321.0	835.0	85.55	235.0	149.5066666666657	474.97999999999803	0.7321428571428571	0.5773809523809523	0.9940476190476191	0.6547619047619048	0.9940476190476191	0.7678571428571429
YDR475C	105	193.0	21	69.0	41.0	187.0	148.0	181.0	122.13333333333333	185.27999999999997	127.9799999999999	0.533678756476684	0.5906735751295337	0.6010362694300518	0.9844559585492227	1.0	1.0
YDR476C	271	8723.0	3133	4.0	0.0	1389.0	294.0	39.0	202.0	65.0	205.0	0.9495586380832283	0.9956437005617333	0.9931216324658948	0.9983950475753754	0.9952997821850281	0.9998853605410982
YDR477W	131	476.0	92	13.0	7.0	418.0	170.0	294.88	154.0	316.40000000000003	159.96000000000004	0.7563025210084033	0.9117647058823529	0.9033613445378151	0.9789915966386554	0.9117647058823529	1.0
YDR478W	121	146.0	6	22.0	888.6000000000931	89.0	1317.0	55.0	1280.8	89.0	1290.24	0.6438356164383562	0.3904109589041096	1.0	0.410958904109589	1.0	0.410958904109589
YDR479C	222	712.0	67	19.0	17.0	283.0	154.0	178.0	90.0	248.0	90.0	0.7036516853932584	0.9002808988764045	0.9396067415730337	0.9410112359550562	0.9424157303370787	1.0
YDR481C	17	30.0	6	10.666666666744277	46.0	55.0	116.0	55.0	108.0	55.0	116.0	0.8	0.5	1.0	0.8	1.0	1.0
YDR482C	387	1020.0	93	65.0	43.5	176.0	291.0	110.0	186.0	153.79999999999836	194.0	0.5411764705882353	0.6637254901960784	0.6941176470588235	0.8225490196078431	0.9813725490196078	0.9990196078431373
YDR483W	617	6660.0	1853	9.0	0.0	559.0	218.0	179.0	152.0	222.0	153.0	0.8375375375375376	0.8503003003003003	0.8821321321321322	0.9944444444444445	0.9112612612612613	0.9993993993993994
YDR484W	97	162.0	8	15.0	62.0	101.0	203.0	65.0	157.0	100.88	203.0	0.7654320987654321	0.20987654320987653	0.9814814814814815	0.9382716049382716	1.0	1.0
YDR485C	53	73.0	5	17.25	37.66666666674428	134.0	379.0	69.0	223.82499999999976	119.04999999999974	367.0399999999998	0.7808219178082192	0.5616438356164384	0.9863013698630136	0.8356164383561644	0.9863013698630136	0.9452054794520548
YDR486C	129	391.0	82	32.0	16.621212121099234	99.0	863.0	49.799999999999955	203.0	71.0	281.53999999999985	0.6317135549872123	0.7058823529411765	0.9846547314578005	0.8797953964194374	1.0	0.9539641943734015
YDR487C	642	2107.0	102	33.0	13.0	1909.0	250.0	1275.6234042553192	192.0	1826.4299999999998	236.42999999999984	0.5965828191741813	0.9188419553868059	0.8590412909349786	0.9321309919316564	0.8652112007593735	0.9515899383009018
YDR488C	30	39.0	3	29.0	12.666666666744277	100.0	1021.0	49.0	984.8999999999997	100.0	1021.0	0.7435897435897436	0.7692307692307693	0.9743589743589743	0.7692307692307693	1.0	0.8205128205128205
YDR489W	136	610.0	91	9.0	335.0	948.0	2605.0	44.0	510.0	54.39999999999998	1478.0	0.921311475409836	0.3557377049180328	0.9967213114754099	0.3557377049180328	0.9967213114754099	0.3557377049180328
YDR490C	135	374.0	38	10.0	79.5	354.0	602.0	103.60000000000002	219.0	125.02399999999997	302.52	0.8903743315508021	0.6229946524064172	0.9812834224598931	0.6550802139037433	0.9946524064171123	0.8609625668449198
YDR492W	150	745.0	198	9.0	18.0	288.0	351.0	227.0	94.0	238.0333333333333	103.0	0.6818791946308724	0.8228187919463087	0.7422818791946308	0.9973154362416108	0.9476510067114094	0.9986577181208054
YDR493W	296	1038.0	89	16.0	20.0	160.0	252.0	117.0	166.0	130.23999999999978	208.0	0.8651252408477842	0.8892100192678227	0.9210019267822736	0.9026974951830443	0.9980732177263969	0.98747591522158
YDR494W	113	315.0	32	34.5	5.0	446.0	322.0	80.0	83.0	88.40000000000009	160.0	0.6634920634920635	0.9714285714285714	0.9714285714285714	0.9746031746031746	0.9968253968253968	0.9968253968253968
YDR495C	15	21.0	3	13.0	44.0	77.0	199.0	72.05	180.84999999999997	77.0	199.0	0.9047619047619048	0.6666666666666666	1.0	0.8095238095238095	1.0	1.0
YDR496C	319	2207.0	342	8.0	46.0	86.0	262.0	38.0	233.0	56.0	241.0	0.9782510194834617	0.68282736746715	0.9986406887177164	0.8608971454463072	1.0	0.8685999093792478
YDR497C	310	2654.0	443	5.0	25.0	1562.0	227.0	108.17777777777772	113.0	156.0	156.0	0.7935192162773173	0.5915599095704597	0.9691032403918614	0.9954785229841748	0.9984928409947249	1.0
YDR498C	92	274.0	40	8.0	23.0	3115.0	2239.0	61.0	76.92	72.0	622.5599999999979	0.8467153284671532	0.6824817518248175	0.9927007299270073	0.9744525547445255	0.9927007299270073	0.9744525547445255
YDR499W	13	17.0	4	20.699999999953434	25.649999999906868	39.0	142.0	39.0	139.89999999999998	39.0	142.0	0.35294117647058826	0.5294117647058824	1.0	0.8823529411764706	1.0	0.9411764705882353
YDR500C	409	3607.0	324	2.0	20.0	99.0	283.0	29.529999999999927	110.0	54.371999999999936	120.28999999999951	0.978375381203216	0.8014970889936235	0.9966731355697256	0.9905738841142223	1.0	0.9914056002217909
YDR501W	29	33.0	2	89.45833333325572	41.0	142.0	242.0	122.55	231.0	141.34	234.74000000000004	0.3333333333333333	0.18181818181818182	0.45454545454545453	0.3939393939393939	0.8484848484848485	0.8484848484848485
YDR502C	175	1372.0	508	0.0	9.0	196.0	2131.0	57.0	313.29999999999995	60.0	314.0	0.8892128279883382	0.8615160349854227	0.9941690962099126	0.9118075801749271	0.9978134110787172	0.9766763848396501
YDR503C	136	260.0	12	44.0	48.0	91.0	237.0	83.0	212.0	83.78	213.0	0.4076923076923077	0.3384615384615385	0.8961538461538462	0.6653846153846154	1.0	1.0
YDR504C	141	258.0	60	2203.852459016489	59.0	3195.0	290.0	2779.7999999999997	240.0	2804.84	281.35999999999956	0.2441860465116279	0.3798449612403101	0.2596899224806202	0.3953488372093023	0.2596899224806202	0.9883720930232558
YDR505C	102	141.0	7	74.55000000004657	433.5	669.0	668.0	277.0	622.3499999999999	318.65000000000134	637.9700000000001	0.5673758865248227	0.3546099290780142	0.6524822695035462	0.3971631205673759	0.8439716312056738	0.5035460992907801
YDR506C	90	308.0	68	8.761904761893675	2.0	108.0	1196.0	70.2999999999999	439.0	95.0	459.0	0.8538961038961039	0.9772727272727273	0.9772727272727273	0.9902597402597403	1.0	0.9967532467532467
YDR507C	21	22.0	2	45.0	8.0	131.0	278.0	127.39999999999999	267.79999999999995	131.0	278.0	0.09090909090909091	0.7727272727272727	0.4090909090909091	0.9090909090909091	1.0	1.0
YDR508C	586	10095.0	3562	0.0	195.0	2355.0	339.0	84.0	228.0	102.0	236.03333333333285	0.854878652798415	0.5802872709262011	0.9818722139673105	0.5802872709262011	0.999702823179792	0.5802872709262011
YDR510C-A	4	1.0	1	288.0	1583.5	988.0	3259.0	988.0	3259.0	988.0	3259.0	1.0	1.0	1.0	1.0	1.0	1.0
YDR510W	1010	14078.0	1861	42.0	13.0	859.0	1848.0	85.0	155.0	86.0	195.0	0.4580196050575366	0.9547520954681062	0.9323057252450632	0.9820997300752948	0.9982241795709618	0.9964483591419235
YDR511W	201	564.0	35	19.0	10.0	702.0	1135.0	60.0	150.69999999999976	557.3800000000059	628.5000000000003	0.75	0.9060283687943262	0.9627659574468085	0.9397163120567376	0.9787234042553191	0.9574468085106383
YDR512C	3	2.0	1	8.0	20.0	131.0	103.0	131.0	103.0	131.0	103.0	1.0	1.0	1.0	1.0	1.0	1.0
YDR513W	375	7317.0	2529	4.0	19.0	1702.0	188.0	22.0	105.0	56.0	127.0	0.938909389093891	0.8985923192565259	0.993576602432691	0.994943282766161	0.996036627032937	0.999589995899959
YDR514C	94	157.0	20	8.0	24.0	97.0	148.0	92.0	128.76666666666668	97.0	130.0	0.6369426751592356	0.6751592356687898	0.9617834394904459	0.9936305732484076	1.0	1.0
YDR515W	26	55.0	7	11.0	22.0625	241.0	110.0	231.33333333333334	107.2	240.60000000000002	110.0	0.8181818181818182	0.7272727272727273	0.9272727272727272	1.0	1.0	1.0
YDR516C	154	623.0	35	23.0	19.0	514.0	172.0	112.0	128.0	113.84631578947368	132.0	0.6773675762439807	0.8073836276083467	0.8282504012841091	0.9983948635634029	0.9983948635634029	1.0
YDR517W	294	994.0	103	24.0	1.0	626.0	1865.0	373.5764705882353	174.0	517.5599999999986	1854.0	0.562374245472837	0.8792756539235412	0.8259557344064387	0.9325955734406438	0.8490945674044266	0.9708249496981891
YDR518W	258	3629.0	1146	0.0	11.0	1614.0	294.0	49.0	61.0	193.0	64.0	0.9134747864425462	0.9969688619454395	0.9732708735188758	0.9994488839900799	0.9859465417470378	0.9994488839900799
YDR519W	1015	8575.0	850	37.0	17.0	571.0	1680.0	63.0	299.0	69.0	571.8	0.6233236151603498	0.5854227405247814	0.921865889212828	0.7489212827988339	0.999533527696793	0.9620991253644315
YDR520C	65	102.0	9	4.0	38.0	234.0	531.0	114.0	150.6	230.88000000000002	362.5200000000013	0.7745098039215687	0.4019607843137255	0.9215686274509803	0.9411764705882353	0.9803921568627451	0.9803921568627451
YDR523C	6	6.0	1	1194.0	0.0	2047.0	149.0	2047.0	149.0	2047.0	149.0	0.16666666666666666	0.8333333333333334	0.16666666666666666	0.8333333333333334	0.16666666666666666	1.0
YDR524C	258	1035.0	103	5.0	40.0	853.0	2125.0	95.0	333.0	103.76666666666672	512.0	0.9062801932367149	0.3033816425120773	0.9942028985507246	0.8096618357487922	0.9971014492753624	0.8647342995169082
YDR524C-A	12	17.0	5	241.0	458.8333333332557	2463.0	575.0	1353.599999999999	575.0	2169.579999999997	575.0	0.29411764705882354	0.4117647058823529	0.35294117647058826	0.4117647058823529	0.5882352941176471	0.4117647058823529
YDR524C-B	2523	137435.0	11366	3.0	32.0	754.0	2365.0	45.0	337.0	53.0	353.0	0.9583584967439153	0.6145086768290464	0.9997744388256267	0.7836067959398989	0.9998326481609489	0.8002255611743734
YDR525W-A	395	2848.0	361	21.0	0.0	607.0	1681.0	86.0	251.0	115.0	315.51	0.6587078651685393	0.9185393258426966	0.9150280898876404	0.961376404494382	0.9950842696629213	0.9838483146067416
YDR526C	3	2.0	1	1489.0	1083.0	1534.0	1260.0	1534.0	1260.0	1534.0	1260.0	0.5	0.5	0.5	0.5	0.5	0.5
YDR527W	196	443.0	26	28.0	43.0	552.0	1064.0	105.0	548.449999999993	120.20999999999998	882.1199999999999	0.6681715575620768	0.6297968397291196	0.8329571106094809	0.9142212189616253	0.9932279909706546	0.9232505643340858
YDR528W	127	231.0	15	27.0	28.0	1143.0	234.0	318.0	142.0	325.884	157.12999999999994	0.6103896103896104	0.6753246753246753	0.9653679653679653	0.948051948051948	0.987012987012987	0.9956709956709957
YDR529C	660	6092.0	641	11.0	14.0	1335.0	380.0	42.0	238.0	57.0	310.15999999999985	0.9474720945502298	0.7051871306631649	0.9991792514773473	0.8763952724885096	0.9995075508864084	0.8885423506237689
YDR530C	153	270.0	15	102.0	90.0	557.0	816.0	179.0	163.0	245.60000000000025	318.04000000000065	0.5074074074074074	0.3074074074074074	0.6703703703703704	0.3148148148148148	0.7481481481481481	0.9703703703703703
YDR531W	137	373.0	23	8.0	7.0	1020.0	273.0	103.69999999999993	106.0	678.4879999999962	211.31666666666644	0.8445040214477212	0.9142091152815014	0.938337801608579	0.9624664879356568	0.9785522788203753	0.9892761394101877
YDR532C	35	43.0	5	15.0	3.0	274.0	1249.0	254.0	89.55000000000007	258.52	1249.0	0.5116279069767442	0.8372093023255814	0.813953488372093	0.9534883720930233	0.8837209302325582	0.9767441860465116
YDR533C	187	364.0	20	12.0	115.0	487.0	270.0	229.02500000000003	251.0	237.72000000000003	256.72	0.8516483516483516	0.10714285714285714	0.8846153846153846	0.21428571428571427	0.8873626373626373	0.31868131868131866
YDR534C	11	13.0	2	767.8333333332557	39.0	2160.0	685.0	2134.9	641.3999999999999	2160.0	685.0	0.3076923076923077	0.46153846153846156	0.3076923076923077	0.9230769230769231	0.5384615384615384	0.9230769230769231
YDR535C	1	3.0	3	0.0	0.0	265.0	1649.0	265.0	1649.0	265.0	1649.0	1.0	1.0	1.0	1.0	1.0	1.0
YDR536W	32	50.0	6	166.0	0.0	347.0	156.0	226.0	148.14285714285714	347.0	156.0	0.56	0.98	0.58	0.98	0.64	1.0
YDR537C	4	3.0	1	85.75	21.0	384.0	999.0	384.0	999.0	384.0	999.0	0.3333333333333333	0.3333333333333333	0.3333333333333333	1.0	0.3333333333333333	1.0
YDR538W	187	387.0	39	824.5	11.0	935.0	2148.0	930.0	289.0	932.0	541.67	0.5038759689922481	0.6976744186046512	0.6640826873385013	0.772609819121447	0.6744186046511628	0.9664082687338501
YDR539W	260	777.0	65	62.0	38.0	1253.0	820.0	113.91999999999999	342.0	247.08000000000175	363.865	0.525096525096525	0.5405405405405406	0.6512226512226512	0.8661518661518661	0.9626769626769627	0.888030888030888
YDR540C	36	31.0	2	34.25	552.75	403.0	1815.0	402.3	1809.0	403.0	1815.0	0.4838709677419355	0.16129032258064516	0.8064516129032258	0.5161290322580645	0.8064516129032258	0.5483870967741935
YDR541C	62	75.0	4	40.5	72.0	313.0	1181.0	292.625	403.5	312.25	990.75	0.6533333333333333	0.29333333333333333	0.7333333333333333	0.5866666666666667	0.9333333333333333	0.7466666666666667
YIL001W	75	160.0	23	16.58333333331393	7.5	345.0	135.0	89.0	101.5	328.60000000000014	125.95	0.86875	0.88125	0.91875	0.95625	0.975	1.0
YIL002C	48	67.0	5	36.0	71.5	276.0	196.0	210.3	168.0	265.1199999999999	191.23999999999995	0.5970149253731343	0.5671641791044776	0.835820895522388	0.7014925373134329	0.9701492537313433	0.9850746268656716
YIL002W-A	345	1495.0	181	2.0	61.875	71.0	542.0	28.0	203.0	42.0	252.19999999999982	0.9618729096989966	0.6013377926421405	1.0	0.717056856187291	1.0	0.8240802675585285
YIL003W	241	589.0	38	8.0	26.0	1281.0	259.0	63.0	115.0	1045.3200000000002	233.81333333333336	0.8421052631578947	0.4770797962648557	0.9626485568760611	0.9796264855687606	0.9626485568760611	0.9813242784380306
YIL004C	161	194.0	9	16.0	117.0	597.0	610.0	357.59999999999997	280.5999999999998	407.00000000000017	574.2800000000001	0.05154639175257732	0.19072164948453607	0.061855670103092786	0.4639175257731959	0.06701030927835051	0.5515463917525774
YIL005W	125	303.0	29	10.0	22.0	161.0	737.0	156.0	212.0	161.0	458.8899999999915	0.8316831683168316	0.6996699669966997	0.966996699669967	0.7425742574257426	1.0	0.858085808580858
YIL006W	49	58.0	4	190.0	13.0	267.0	274.0	229.19999999999996	270.4	264.20000000000005	274.0	0.4482758620689655	0.8275862068965517	0.5344827586206896	0.9827586206896551	0.5689655172413793	0.9827586206896551
YIL007C	95	207.0	33	6.0	63.75	272.0	977.0	56.86666666666664	207.0	201.30000000000007	207.0	0.9227053140096618	0.3671497584541063	0.9806763285024155	0.3864734299516908	0.9806763285024155	0.9227053140096618
YIL008W	656	2771.0	166	23.0	24.0	330.0	755.0	82.0	154.0	89.0	211.0	0.6885600866113316	0.8000721761097077	1.0	0.950920245398773	1.0	0.9996391194514616
YIL009C-A	123	161.0	25	12.0	56.0	84.0	258.0	52.0	148.0	75.55999999999995	253.1599999999994	0.8322981366459627	0.4782608695652174	0.9813664596273292	0.5714285714285714	1.0	0.9130434782608695
YIL009W	197	1644.0	249	4.0	15.0	846.0	904.0	40.0	241.0	228.89999999999986	537.6479999999999	0.948905109489051	0.8631386861313869	0.9592457420924574	0.8722627737226277	0.9714111922141119	0.968978102189781
YIL010W	238	922.0	67	20.0	6.0	116.0	243.0	57.0	193.0	94.18666666666665	243.0	0.797180043383948	0.8665943600867679	0.9869848156182213	0.8763557483731019	1.0	1.0
YIL011W	153	830.0	144	6.0	22.0	755.0	205.0	60.0	130.0	116.20000000000027	132.85000000000002	0.9108433734939759	0.619277108433735	0.9879518072289156	0.9939759036144579	0.9927710843373494	1.0
YIL012W	5	8.0	6	968.3809523809468	6.0	1898.0	1312.0	1898.0	523.9999999999993	1898.0	1154.3999999999999	0.75	0.875	0.75	1.0	0.75	1.0
YIL014C-A	103	211.0	15	33.0	6.0	120.0	263.0	89.58333333333331	217.0	103.11999999999989	224.8499999999998	0.6919431279620853	0.9052132701421801	1.0	0.9478672985781991	1.0	0.990521327014218
YIL014W	145	261.0	18	34.0	32.0	200.0	1321.0	183.6	379.0	198.3499999999998	1159.9299999999953	0.5440613026819924	0.5900383141762452	0.7931034482758621	0.8582375478927203	0.9693486590038314	0.896551724137931
YIL015W	34	2.0	2	62.5	0.0	198.0	159.0	198.0	76.0	198.0	76.0	1.0	1.0	1.0	1.0	1.0	1.0
YIL016W	279	1153.0	84	3.0	15.0	272.0	315.0	114.1749999999995	81.0	241.0	117.0	0.8490893321769297	0.9202081526452732	0.9479618386816999	0.9783174327840416	0.9514310494362532	0.9991326973113617
YIL017C	16	22.0	6	21.857142857159488	17.0	663.0	196.0	164.99999999999977	165.99999999999994	439.4800000000007	196.0	0.6818181818181818	0.7272727272727273	0.8636363636363636	0.9545454545454546	0.9545454545454546	1.0
YIL018W	440	10764.0	2421	3.0	18.0	1710.0	1699.0	42.0	108.62999999999992	49.0	118.3885714285716	0.971850613154961	0.9478818283166109	0.9965626161278335	0.9930323299888517	0.9976774433296173	0.9957264957264957
YIL019W	126	183.0	19	16.79999999998836	25.0	2375.0	1886.0	38.0	583.0	337.1399999999982	1209.9699999999889	0.9562841530054644	0.5737704918032787	0.9836065573770492	0.6994535519125683	0.9836065573770492	0.8961748633879781
YIL020C	129	453.0	56	21.0	33.0	588.0	142.0	70.87499999999991	137.0	89.0	137.38799999999998	0.7350993377483444	0.4370860927152318	0.9536423841059603	0.8388520971302428	0.9977924944812362	0.9867549668874173
YIL021W	363	3467.0	590	29.555555555562023	4.0	1858.0	3776.0	97.0	142.64999999999964	108.0	208.40499999999975	0.5935967695413903	0.9798096336890684	0.9446207095471589	0.9838477069512547	0.9965387943466975	0.9904816844534179
YIL022W	426	8041.0	1504	9.0	29.0	151.0	1536.0	118.0	258.0	122.0	284.0	0.9231438875761722	0.3898768809849521	0.9630642954856361	0.9945280437756497	0.9982589230195249	0.9990050988682999
YIL023C	179	369.0	23	6.0	72.0	275.0	920.0	66.42500000000021	895.0	173.77000000000004	904.81	0.8428184281842819	0.3983739837398374	0.9512195121951219	0.7425474254742548	0.967479674796748	0.9295392953929539
YIL024C	59	131.0	37	696.1506410256261	4.0	1347.0	136.0	1271.9333333333334	134.0	1335.6333333333332	136.0	0.2824427480916031	0.9389312977099237	0.2824427480916031	1.0	0.2824427480916031	1.0
YIL026C	14	16.0	3	13.0	22.0	63.0	198.0	60.89999999999999	182.39999999999998	63.0	198.0	0.8125	0.5625	1.0	0.875	1.0	1.0
YIL027C	308	657.0	32	21.0	34.0	1039.0	249.0	76.29999999999995	173.0	92.0	182.92999999999995	0.6270928462709284	0.624048706240487	0.9984779299847792	0.8356164383561644	0.9984779299847792	0.9908675799086758
YIL028W	105	196.0	23	355.0	7.0	558.0	1189.0	558.0	1170.0	558.0	1178.5466666666666	0.3520408163265306	0.7857142857142857	0.4846938775510204	0.8673469387755102	0.6377551020408163	0.8775510204081632
YIL029C	43	137.0	23	4.0	12.0	377.0	465.0	120.0	401.0	124.93999999999983	429.9279999999999	0.9781021897810219	0.9927007299270073	0.9927007299270073	1.0	0.9927007299270073	1.0
YIL030C	26	50.0	9	20.0	3.0	95.0	140.0	93.0	92.0	95.0	140.0	0.68	0.96	1.0	0.98	1.0	1.0
YIL030W-A	35	101.0	64	32.99230769230053	2.0	3124.0	25.0	3097.9	23.0	3102.0	24.489999999999995	0.6435643564356436	1.0	0.6633663366336634	1.0	0.801980198019802	1.0
YIL031W	22	42.0	5	0.0	66.33333333331393	299.0	190.0	180.59999999999997	189.0	299.0	189.79	0.9523809523809523	0.38095238095238093	0.9761904761904762	0.6904761904761905	0.9761904761904762	1.0
YIL033C	375	1285.0	109	19.0	23.0	346.0	261.0	133.5	188.0	275.9500000000021	191.0	0.6793774319066148	0.7392996108949417	0.8840466926070039	0.8824902723735408	0.9852140077821012	1.0
YIL034C	372	1697.0	79	19.0	28.0	508.0	1811.0	49.0	89.0	51.11999999999989	1587.0799999999963	0.7619328226281673	0.7059516794342958	0.995875073659399	0.9770182675309369	0.9994107248084856	0.985268120212139
YIL035C	543	3007.0	339	35.0	1.0	1230.0	636.0	153.0	351.0	496.4533333333305	355.0	0.5350848021283672	0.7721982041902228	0.8965746591286997	0.779847023611573	0.9866977053541736	0.796474891918856
YIL036W	101	217.0	18	18.0	74.0	197.0	321.0	183.0	176.325	189.0	321.0	0.7465437788018433	0.42857142857142855	1.0	0.5391705069124424	1.0	0.9723502304147466
YIL037C	1	1.0	1	0.0	0.0	34.0	116.0	34.0	116.0	34.0	116.0	1.0	1.0	1.0	1.0	1.0	1.0
YIL038C	25	49.0	9	8.25	13.299999999988358	262.0	182.0	251.3375	176.0	262.0	182.0	0.9795918367346939	0.8367346938775511	1.0	0.9591836734693877	1.0	0.9591836734693877
YIL039W	338	1219.0	76	15.0	20.0	249.0	240.0	174.0	156.0	213.0	230.0	0.8416735028712059	0.7981952420016407	0.8908941755537325	0.9368334700574241	0.8933552091878589	0.9688269073010665
YIL040W	91	471.0	101	9.0	3.0	155.0	206.0	25.0	105.0	49.0	138.58000000000004	0.9554140127388535	0.9617834394904459	0.9957537154989384	0.9915074309978769	0.9957537154989384	0.9978768577494692
YIL041W	507	11746.0	3191	0.0	22.0	46.0	213.0	31.0	155.0	41.0	157.0	0.9922526817640047	0.7376128043589307	1.0	0.9368295589988082	1.0	0.9989783756172314
YIL042C	67	247.0	38	16.0	2.0	1251.0	173.0	56.299999999999955	133.0	78.30000000000001	137.0	0.9109311740890689	0.8785425101214575	0.9919028340080972	0.9959514170040485	0.9919028340080972	1.0
YIL043C	450	12463.0	1660	0.0	11.0	61.0	496.0	32.0	122.0	33.0	124.0	0.9915750621840649	0.8818101580678809	1.0	0.9944636122923854	1.0	0.9999197624969911
YIL044C	91	185.0	42	27.91666666668607	56.0	146.0	307.0	62.75	174.0	69.65	204.60000000000002	0.6270270270270271	0.6	0.9945945945945946	0.654054054054054	1.0	0.9891891891891892
YIL045W	74	190.0	16	15.0	105.0	116.0	848.0	109.0	239.0	116.0	716.1499999999992	0.9578947368421052	0.2789473684210526	0.9789473684210527	0.3263157894736842	1.0	0.5052631578947369
YIL046W	165	606.0	42	23.0	37.0	541.0	166.0	78.0	151.0	421.8799999999999	156.0	0.6518151815181518	0.5891089108910891	0.9735973597359736	0.9966996699669967	0.9818481848184818	1.0
YIL046W-A	18	21.0	8	87.0	2143.6875	497.0	2250.0	455.19999999999993	2250.0	497.0	2250.0	0.5714285714285714	0.38095238095238093	0.5714285714285714	0.38095238095238093	0.6666666666666666	0.6190476190476191
YIL047C	90	157.0	7	17.0	133.0	570.0	780.0	35.0	210.0	38.0	487.1000000000005	0.9681528662420382	0.535031847133758	0.9936305732484076	0.6369426751592356	0.9936305732484076	0.6687898089171974
YIL047C-A	361	792.0	70	2003.3880597014795	133.0	2926.0	1627.0	2383.0	194.0	2391.0	300.86000000000683	0.13257575757575757	0.4722222222222222	0.1553030303030303	0.5631313131313131	0.18181818181818182	0.6666666666666666
YIL048W	2	2.0	1	53.0	16.0	301.0	125.0	301.0	125.0	301.0	125.0	0.5	1.0	0.5	1.0	1.0	1.0
YIL049W	23	63.0	20	1.5	3.0	219.0	107.0	29.74999999999997	97.0	217.95999999999998	106.13333333333331	0.9365079365079365	0.9047619047619048	0.9682539682539683	1.0	0.9682539682539683	1.0
YIL050W	81	167.0	24	39.0	11.0	314.0	545.0	129.0	173.45000000000002	311.6200000000002	441.87000000000364	0.41916167664670656	0.9101796407185628	0.7724550898203593	0.9401197604790419	0.9640718562874252	0.9700598802395209
YIL051C	1071	26808.0	4642	26.0	9.0	1658.0	1719.0	72.0	133.0	85.0	155.0	0.584265890778872	0.9662041181736795	0.9713518352730528	0.9963443748134885	0.9997015816174276	0.9986198149806028
YIL052C	1515	27807.0	4580	12.0	47.0	2875.0	1135.0	76.0	114.0	90.0	122.0	0.9166037328730176	0.5757183443017945	0.958355809688208	0.8149027223361024	0.9994246053152084	0.996511669723451
YIL053W	778	11527.0	1088	8.0	23.0	277.0	374.0	48.0	172.0	97.0	186.0	0.9413550793788497	0.5540036436193285	0.9880281079205344	0.9541077470287151	0.9998264943176889	0.9975709204476446
YIL054W	18	18.0	4	7.0	31.333333333343035	1292.0	315.0	1248.7999999999997	266.0	1292.0	297.36	0.8333333333333334	0.6111111111111112	0.8333333333333334	0.6111111111111112	0.8888888888888888	0.8888888888888888
YIL055C	11	11.0	1	50.0	49.75	841.0	130.0	838.1999999999999	130.0	841.0	130.0	0.09090909090909091	0.45454545454545453	0.09090909090909091	0.8181818181818182	0.18181818181818182	1.0
YIL056W	196	726.0	78	192.0	3.0	511.0	229.0	287.0	132.0	340.43	138.0	0.3884297520661157	0.8305785123966942	0.40633608815426997	0.8305785123966942	0.48484848484848486	0.9986225895316805
YIL057C	51	89.0	9	13.75	21.0	280.0	287.0	94.82	140.29999999999998	101.71	272.96	0.8202247191011236	0.7078651685393258	0.9887640449438202	0.9213483146067416	1.0	0.9775280898876404
YIL059C	2	3.0	2	338.33333333334303	0.8333333333430346	548.0	567.0	548.0	567.0	548.0	567.0	0.6666666666666666	1.0	0.6666666666666666	1.0	0.6666666666666666	1.0
YIL061C	60	93.0	7	9.0	698.75	268.0	806.0	30.0	806.0	177.36999999999972	806.0	0.956989247311828	0.43010752688172044	0.967741935483871	0.45161290322580644	0.978494623655914	0.45161290322580644
YIL062C	548	2832.0	286	11.0	66.0	1251.0	1296.0	55.0	149.0	1116.0	167.0	0.9184322033898306	0.5416666666666666	0.9781073446327684	0.669138418079096	0.9788135593220338	0.9971751412429378
YIL063C	158	681.0	88	7.746376811584923	6.0	769.0	1545.0	53.31666666666664	59.0	69.0	138.0	0.9251101321585903	0.9691629955947136	0.9941262848751835	0.9853157121879589	0.9941262848751835	0.9941262848751835
YIL064W	1	1.0	1	0.0	0.0	51.0	91.0	51.0	91.0	51.0	91.0	1.0	1.0	1.0	1.0	1.0	1.0
YIL065C	351	1957.0	188	10.0	22.0	2038.0	597.0	41.0	128.0	91.0	138.0	0.9509453244762391	0.6785896780786919	0.9734287174246296	0.9361267245784364	0.9954011241696474	0.9964230965763924
YIL066C	10	10.0	1	149.0	4.0	1024.0	152.0	1024.0	152.0	1024.0	152.0	0.1	1.0	0.1	1.0	0.1	1.0
YIL066W-A	6	1.0	1	120.0	1.0	987.0	51.0	296.0	48.8	315.2	48.96	1.0	1.0	1.0	1.0	1.0	1.0
YIL067C	101	375.0	126	0.0	20.0	180.0	131.0	85.5	87.0	154.25	120.875	0.92	0.8266666666666667	0.9706666666666667	1.0	0.992	1.0
YIL068C	135	210.0	7	45.0	51.0	222.0	272.0	69.0	140.0	142.00000000000034	229.0000000000004	0.5333333333333333	0.4857142857142857	0.8666666666666667	0.7047619047619048	0.9904761904761905	0.9809523809523809
YIL069C	1587	21625.0	1966	14.0	10.0	365.0	494.0	77.0	208.0	79.0	215.0	0.8757456647398844	0.7761849710982659	0.9975491329479769	0.9883468208092485	0.9995375722543353	0.9960693641618497
YIL070C	206	675.0	43	20.25	20.0	303.0	152.0	73.0	141.0	91.0	150.0	0.7451851851851852	0.8577777777777778	0.9940740740740741	1.0	0.997037037037037	1.0
YIL071C	63	91.0	4	18.0	73.0	182.0	2152.0	97.36666666666672	399.0	170.5200000000001	1584.9700000000048	0.7142857142857143	0.3956043956043956	0.945054945054945	0.6153846153846154	0.967032967032967	0.9010989010989011
YIL071W-A	4	4.0	1	361.5	1.0	1513.0	59.0	1513.0	59.0	1513.0	59.0	0.5	1.0	0.5	1.0	0.5	1.0
YIL074C	445	1805.0	114	87.0	33.0	243.0	151.0	141.0	110.0	181.0	111.0	0.3706371191135734	0.6875346260387811	0.4825484764542936	0.8770083102493075	0.997229916897507	1.0
YIL075C	70	151.0	11	29.0	4.166666666656965	83.0	280.0	65.96666666666665	139.26666666666665	70.98000000000002	274.7900000000011	0.5099337748344371	0.9403973509933775	0.9337748344370861	0.9867549668874173	1.0	0.9867549668874173
YIL076W	395	1512.0	99	8.0	71.0	413.0	298.0	45.26666666666657	184.0	64.0	205.75999999999976	0.8869047619047619	0.33664021164021163	0.9742063492063492	0.4834656084656085	0.9973544973544973	0.9133597883597884
YIL077C	229	728.0	73	500.0	0.0	593.0	317.0	536.0	148.60000000000014	543.944	293.0	0.4697802197802198	0.9381868131868132	0.5192307692307693	0.9793956043956044	0.5631868131868132	0.9876373626373627
YIL078W	638	32408.0	8502	16.0	0.0	86.0	282.0	48.0	85.0	60.297011494252835	94.0	0.899037274746976	0.9835534435941743	1.0	0.9986423105406073	1.0	0.9998148605282646
YIL079C	165	408.0	24	11.25	36.5	236.0	145.0	86.19999999999993	124.0	152.4800000000007	131.9466666666667	0.8627450980392157	0.5416666666666666	0.946078431372549	0.9044117647058824	0.9607843137254902	1.0
YIL083C	172	449.0	50	31.25	14.0	491.0	399.0	324.69999999999936	221.0	354.2099999999989	225.04999999999995	0.5077951002227171	0.7728285077951003	0.7171492204899778	0.8062360801781737	0.89086859688196	0.910913140311804
YIL084C	150	361.0	33	4.166666666656965	742.5	95.0	1999.0	50.0	1856.05	88.67999999999984	1951.5933333333332	0.9473684210526315	0.38227146814404434	1.0	0.3878116343490305	1.0	0.41274238227146814
YIL085C	492	2016.0	118	20.0	9.0	1285.0	2654.0	1257.911111111111	134.39999999999964	1258.0	169.91999999999962	0.7073412698412699	0.9117063492063492	0.8640873015873016	0.9196428571428571	0.8720238095238095	0.9613095238095238
YIL086C	5	7.0	2	1446.375	3.625	1652.0	2317.0	1652.0	2317.0	1652.0	2317.0	0.2857142857142857	0.8571428571428571	0.2857142857142857	0.8571428571428571	0.2857142857142857	0.8571428571428571
YIL087C	234	1324.0	188	53.0	17.0	1994.0	1844.0	74.89999999999998	101.0	201.0	134.84	0.648036253776435	0.9720543806646526	0.7107250755287009	0.9909365558912386	0.9826283987915407	0.9947129909365559
YIL088C	462	2130.0	79	47.0	25.0	2685.0	154.0	76.0	121.0	89.34999999999991	133.55999999999986	0.4267605633802817	0.639906103286385	0.956338028169014	0.9469483568075118	0.996244131455399	1.0
YIL089W	16	19.0	5	44.0	386.75	86.0	481.0	86.0	479.2	86.0	481.0	0.3157894736842105	0.47368421052631576	0.3157894736842105	0.5789473684210527	1.0	0.5789473684210527
YIL090W	236	698.0	64	44.0	2.0	189.0	404.0	181.0	357.0	181.0	395.0133333333333	0.4899713467048711	0.8137535816618912	0.7736389684813754	0.9140401146131805	0.995702005730659	0.9512893982808023
YIL091C	278	2722.0	511	11.0	0.0	820.0	895.0	49.0	91.53333333333346	54.0	120.0	0.858192505510654	0.9132990448199853	0.9996326230712711	0.9610580455547392	0.9996326230712711	0.9974283614988979
YIL092W	122	300.0	24	24.0	24.142857142869616	95.0	657.0	78.0	378.3333333333333	91.0	479.0	0.6166666666666667	0.7233333333333334	0.9633333333333334	0.9266666666666666	1.0	0.94
YIL093C	209	868.0	50	14.0	19.0	283.0	378.0	91.19999999999997	137.0	109.0	147.7599999999999	0.966589861751152	0.9516129032258065	0.9988479262672811	0.9896313364055299	0.9988479262672811	0.9907834101382489
YIL094C	844	3826.0	256	42.0	81.0	151.0	611.0	97.0	232.0	132.0	353.65333333331483	0.5595922634605331	0.47569262937794043	0.8719289074751699	0.6693674856246733	0.9824882383690539	0.810768426555149
YIL095W	58	137.0	18	9.0	18.25	261.0	137.0	197.0	107.0	259.26	130.03999999999996	0.8102189781021898	0.9197080291970803	0.9124087591240876	0.9708029197080292	0.9927007299270073	1.0
YIL096C	62	92.0	7	23.0	2.0	181.0	242.0	59.0	154.39999999999995	72.18666666666665	184.0399999999999	0.7391304347826086	0.7717391304347826	1.0	0.8478260869565217	1.0	1.0
YIL097W	63	154.0	25	10.333333333343035	34.0	56.0	574.0	39.0	171.0	51.84000000000003	174.936	0.8766233766233766	0.6753246753246753	1.0	0.7402597402597403	1.0	0.9935064935064936
YIL098C	375	1917.0	111	16.0	2.0	430.0	223.0	43.0	100.0	70.10666666666657	102.90727272727268	0.3755868544600939	0.9906103286384976	0.9994783515910276	0.9994783515910276	0.9994783515910276	1.0
YIL099W	5	5.0	1	198.5	8.5	466.0	139.0	466.0	139.0	466.0	139.0	0.2	1.0	0.2	1.0	0.2	1.0
YIL101C	27	31.0	3	87.0	14.875	167.0	120.0	156.5	116.0	167.0	120.0	0.4838709677419355	0.8709677419354839	0.4838709677419355	0.9032258064516129	0.8387096774193549	1.0
YIL102C-A	258	498.0	29	13.0	820.0	126.0	1431.0	74.06666666666665	1173.0	97.55999999999995	1193.0	0.8032128514056225	0.45582329317269077	0.9919678714859438	0.606425702811245	1.0	0.6827309236947792
YIL103W	147	485.0	54	23.0	3.0	135.0	171.0	80.625	109.0	100.0	119.0	0.5587628865979382	0.9443298969072165	0.9938144329896907	0.9938144329896907	1.0	1.0
YIL104C	109	588.0	162	11.666666666656965	0.0	257.0	279.0	59.520000000000024	98.0	89.35333333333335	109.0	0.8775510204081632	0.8894557823129252	0.9948979591836735	0.9948979591836735	0.9965986394557823	0.9965986394557823
YIL105C	91	154.0	8	17.333333333343035	117.0	172.0	304.0	159.39999999999998	203.0	169.03000000000003	278.9733333333335	0.7467532467532467	0.5194805194805194	0.9415584415584416	0.6103896103896104	0.974025974025974	0.6103896103896104
YIL106W	96	155.0	10	53.5	28.75	296.0	1037.0	115.5	139.25	296.0	170.87499999999997	0.45806451612903226	0.4258064516129032	0.7419354838709677	0.9548387096774194	0.9483870967741935	1.0
YIL107C	68	164.0	28	9.72727272726479	171.0	195.0	302.0	182.86666666666665	254.79999999999984	195.0	291.6199999999998	0.8963414634146342	0.676829268292683	0.9512195121951219	0.676829268292683	0.9878048780487805	0.6951219512195121
YIL108W	81	181.0	29	4.0	40.0	214.0	188.0	175.6	143.0	206.14	188.0	0.8232044198895028	0.6408839779005525	0.856353591160221	0.9281767955801105	0.8729281767955801	0.9613259668508287
YIL109C	159	340.0	33	14.0	60.0	125.0	301.0	108.0	179.0	113.0	212.5000000000001	0.8205882352941176	0.638235294117647	0.9676470588235294	0.7176470588235294	1.0	0.9911764705882353
YIL110W	155	512.0	71	7.0	40.0	853.0	430.0	66.0	195.45	74.65999999999997	264.0	0.873046875	0.455078125	0.9921875	0.8984375	0.998046875	0.990234375
YIL111W	100	214.0	29	18.0	109.0	3671.0	1574.0	758.519999999999	180.0	2679.9733333333106	219.95999999999947	0.7289719626168224	0.5420560747663551	0.8644859813084113	0.616822429906542	0.883177570093458	0.7336448598130841
YIL112W	48	107.0	15	12.0	1.5833333333430346	54.0	953.0	47.0	262.14999999999947	50.00999999999995	953.0	0.9252336448598131	0.7102803738317757	1.0	0.9252336448598131	1.0	0.9252336448598131
YIL113W	29	24.0	2	293.0	9.5	1418.0	349.0	1415.9	327.19999999999976	1418.0	349.0	0.5	0.75	0.625	0.75	0.625	0.75
YIL114C	112	197.0	12	13.0	63.0	1371.0	245.0	57.0	165.0	137.49500000000006	183.20000000000005	0.8934010152284264	0.2131979695431472	0.9898477157360406	0.4010152284263959	0.9898477157360406	0.7868020304568528
YIL115C	13	17.0	3	47.75	1.0	207.0	61.0	204.54999999999998	60.3	207.0	61.0	0.47058823529411764	1.0	0.8823529411764706	1.0	1.0	1.0
YIL116W	2	4.0	2	36.0	3.0	70.0	27.0	70.0	27.0	70.0	27.0	0.5	1.0	1.0	1.0	1.0	1.0
YIL117C	55	38.0	3	57.0	19.0	202.0	132.0	198.60000000000002	126.2	202.0	128.95999999999998	0.3157894736842105	0.7368421052631579	0.8421052631578947	0.9736842105263158	1.0	1.0
YIL118W	139	461.0	70	35.22580645160633	7.318181818176527	862.0	557.0	148.0	171.0	155.39	175.0	0.5466377440347071	0.9002169197396963	0.8872017353579176	0.9175704989154013	0.9891540130151844	0.982646420824295
YIL119C	106	164.0	11	12.0	18.0	218.0	572.0	212.06666666666663	531.5999999999997	217.53333333333327	563.8933333333332	0.8841463414634146	0.5853658536585366	0.9451219512195121	0.6829268292682927	0.9878048780487805	0.8109756097560976
YIL120W	3	1.0	1	21.0	2.0	196.0	111.0	196.0	110.6	196.0	110.92	1.0	1.0	1.0	1.0	1.0	1.0
YIL121W	351	1646.0	141	15.0	13.0	1896.0	645.0	58.0	210.19999999999982	69.11999999999989	557.0	0.8250303766707169	0.6634264884568651	0.893681652490887	0.9544349939246659	0.9981773997569866	0.9556500607533415
YIL122W	84	128.0	9	37.0	13.0	691.0	2406.0	338.59999999999997	166.99999999999983	654.3399999999999	1205.579999999998	0.390625	0.9140625	0.9375	0.921875	0.9765625	0.9609375
YIL123W	517	3817.0	492	14.0	25.0	1484.0	421.0	229.0	338.0	237.0	344.0	0.8142520303903589	0.6017815037987949	0.90385119203563	0.9916164527115536	0.9609641079381713	0.9926643961226094
YIL124W	628	6354.0	693	22.0	18.0	268.0	2821.0	58.0	152.0	59.64000000000002	172.0	0.6005665722379604	0.7621970412338684	0.9977966635190432	0.8064211520302171	0.9996852376455776	0.9944916587976078
YIL125W	82	116.0	8	78.0	92.5	294.0	282.0	285.0	277.7	294.0	282.0	0.603448275862069	0.45689655172413796	0.6896551724137931	0.4827586206896552	0.7844827586206896	0.8362068965517241
YIL126W	30	112.0	37	18.0	0.0	90.0	144.0	82.0	138.82857142857142	85.65999999999997	140.89999999999998	0.7678571428571429	1.0	0.9375	1.0	1.0	1.0
YIL127C	457	3465.0	597	5.0	3.0	400.0	2313.0	40.0	128.5	72.69333333333331	207.39999999999964	0.9627705627705627	0.8510822510822511	0.9907647907647907	0.9518037518037518	0.9997113997113997	0.974025974025974
YIL128W	14	18.0	3	40.0	18.0	84.0	143.0	84.0	143.0	84.0	143.0	0.7222222222222222	0.8888888888888888	0.8888888888888888	1.0	1.0	1.0
YIL131C	147	266.0	17	28.0	10.0	119.0	843.0	111.0	220.0	113.67999999999995	235.0	0.5714285714285714	0.7819548872180451	0.8984962406015038	0.9210526315789473	1.0	0.9962406015037594
YIL132C	15	16.0	3	0.0	36.60000000000582	210.0	1411.0	108.59999999999977	1141.2999999999993	210.0	1411.0	0.9375	0.5625	0.9375	0.875	0.9375	0.875
YIL133C	1486	12564.0	552	8.0	22.0	1096.0	364.0	50.53333333333285	163.0	63.0	198.0	0.871696911811525	0.773241006049029	0.9929162687042343	0.9215218083412926	0.9997612225405922	0.9836039477873288
YIL134C-A	19	29.0	4	355.25	0.0	1590.0	1619.0	1587.975	1616.9	1590.0	1619.0	0.3103448275862069	0.9655172413793104	0.5862068965517241	0.9655172413793104	0.6206896551724138	0.9655172413793104
YIL134W	78	128.0	20	53.0	5.0	532.0	222.0	285.0	156.79999999999998	285.0	158.0	0.6328125	0.78125	0.75	0.9296875	0.7890625	0.9921875
YIL135C	133	606.0	196	15.0	0.0	1940.0	258.0	222.0	155.0	1357.8933333333014	166.1999999999997	0.6683168316831684	0.9867986798679867	0.929042904290429	0.9933993399339934	0.9455445544554455	0.995049504950495
YIL136W	268	974.0	63	22.0	5.0	659.0	231.0	256.79999999999995	111.0	461.7199999999998	204.0	0.7002053388090349	0.8829568788501027	0.8716632443531828	0.9774127310061602	0.9024640657084189	0.9815195071868583
YIL137C	134	387.0	30	19.0	5.0	92.0	153.0	66.0	94.0	81.0	111.88999999999999	0.7803617571059431	0.9715762273901809	1.0	0.9974160206718347	1.0	1.0
YIL138C	347	1824.0	252	12.0	10.0	56.0	1373.0	30.0	360.0	37.0	1358.0	0.9610745614035088	0.8552631578947368	1.0	0.9720394736842105	1.0	0.9747807017543859
YIL139C	60	165.0	25	18.0	15.0	1049.0	137.0	1017.0	123.1590909090909	1026.6399999999999	124.9590909090909	0.806060606060606	0.9575757575757575	0.8181818181818182	1.0	0.8181818181818182	1.0
YIL140W	50	79.0	5	28.5	7.0	266.0	210.0	229.35999999999996	141.05	264.64666666666665	204.19999999999987	0.4936708860759494	0.9746835443037974	0.7215189873417721	0.9746835443037974	0.8987341772151899	1.0
YIL142C-A	1	1.0	1	0.0	0.0	1303.0	169.0	1303.0	169.0	1303.0	169.0	1.0	1.0	1.0	1.0	1.0	1.0
YIL142W	344	4719.0	279	14.0	19.101851851854008	78.0	428.0	37.0	69.0	48.0	174.0	0.9747827929646111	0.9529561347743166	0.9997880906971816	0.9703326976054248	1.0	0.9819877092604365
YIL143C	17	17.0	1	10.25	11.5	159.0	254.0	123.99999999999986	254.0	159.0	254.0	0.7647058823529411	0.8235294117647058	0.9411764705882353	0.9411764705882353	0.9411764705882353	1.0
YIL144W	25	35.0	4	31.0	121.0	518.0	250.0	119.25	205.0	518.0	221.9999999999999	0.6285714285714286	0.34285714285714286	0.9714285714285714	0.34285714285714286	0.9714285714285714	0.37142857142857144
YIL145C	347	1188.0	43	41.0	226.0	81.0	2385.0	69.0	484.0	73.0	2385.0	0.45707070707070707	0.2777777777777778	0.9132996632996633	0.2803030303030303	1.0	0.32996632996632996
YIL146C	90	165.0	31	29.0	0.0	1567.0	283.0	1547.0	215.0	1564.8333333333333	235.84999999999988	0.5272727272727272	0.806060606060606	0.6181818181818182	0.8121212121212121	0.6848484848484848	0.9878787878787879
YIL147C	16	20.0	4	7.0	9.0	228.0	289.0	228.0	288.0	228.0	289.0	0.85	0.85	0.95	0.9	0.95	0.9
YIL148W	466	12753.0	2438	11.0	6.0	565.0	250.0	38.0	100.0	99.25333333333158	122.0	0.97937740139575	0.8517995765702188	0.9885517133223555	0.9881596487101074	0.9957657021877205	0.9997647612326511
YIL150C	69	207.0	58	3.3333333333357587	227.57142857142753	96.0	1802.0	59.0	381.0	91.0	827.3466666666674	0.8985507246376812	0.7101449275362319	0.9758454106280193	0.7198067632850241	1.0	0.7246376811594203
YIL151C	7	7.0	1	475.75	0.0	1467.0	43.0	1467.0	43.0	1467.0	43.0	0.2857142857142857	1.0	0.42857142857142855	1.0	0.42857142857142855	1.0
YIL152W	147	599.0	91	15.5	107.0	1353.0	188.0	34.0	153.0	51.4066666666666	176.0	0.8230383973288815	0.43906510851419034	0.991652754590985	0.44073455759599334	0.998330550918197	0.5175292153589316
YIL153W	58	96.0	18	724.7368421052597	10.0	1283.0	1005.0	1256.0	56.0	1283.0	617.6799999999932	0.71875	0.9270833333333334	0.7291666666666666	0.9791666666666666	0.7291666666666666	0.9791666666666666
YIL154C	159	609.0	114	0.0	5.0	1325.0	289.0	52.0	177.0	1036.9549999999992	287.0	0.8456486042692939	0.909688013136289	0.9770114942528736	0.9392446633825944	0.9786535303776683	0.9441707717569786
YIL155C	186	890.0	78	11.0	1.0	306.0	392.0	71.0	348.0	101.0	357.0	0.8235955056179776	0.8775280898876404	0.9674157303370786	0.8831460674157303	0.9977528089887641	0.8842696629213483
YIL156W	10	10.0	1	21.0	74.0	37.0	233.0	37.0	233.0	37.0	233.0	1.0	0.2	1.0	0.5	1.0	0.9
YIL156W-B	254	1158.0	81	4.0	17.0	236.0	413.0	23.0	152.0	29.0	194.61333333333337	0.9939550949913645	0.7331606217616581	0.9991364421416234	0.9421416234887737	0.9991364421416234	0.9948186528497409
YIL157C	399	1307.0	62	17.0	35.0	100.0	257.0	34.0	209.0473684210526	44.732500000000016	227.72000000000025	0.8201989288446825	0.5394032134659525	0.9961744452945677	0.8270849273144606	1.0	0.9678653404743688
YIL158W	95	313.0	53	0.0	13.0	70.0	123.0	61.0	111.19999999999997	62.95714285714286	113.185	0.8817891373801917	0.7827476038338658	0.9968051118210862	1.0	1.0	1.0
YIL159W	3	4.0	2	14.5	27.0	39.0	113.0	39.0	113.0	39.0	113.0	1.0	0.75	1.0	0.75	1.0	1.0
YIL160C	12	14.0	2	62.0	22.0	96.0	128.0	96.0	128.0	96.0	128.0	0.42857142857142855	0.7142857142857143	0.6428571428571429	1.0	1.0	1.0
YIL161W	57	136.0	24	10.0	13.0	53.0	1442.0	22.549999999999983	1381.5	34.0	1441.4266666666667	0.9926470588235294	0.7647058823529411	1.0	0.7867647058823529	1.0	0.8088235294117647
YIL162W	50	757.0	471	3.1593406593383406	0.0	95.0	245.0	39.0	221.0	63.5799999999997	226.92999999999995	0.9392338177014531	0.9920739762219286	0.9986789960369881	0.9960369881109643	1.0	0.9960369881109643
YIL163C	5	4.0	1	56.0	8.5	420.0	1789.0	420.0	1789.0	420.0	1789.0	0.5	0.75	0.75	0.75	0.75	0.75
YIL164C	91	172.0	28	294.0	40.80000000000291	1358.0	653.0	1281.0	552.0	1343.6	565.0	0.2441860465116279	0.47093023255813954	0.5290697674418605	0.7965116279069767	0.5755813953488372	1.0
YIL165C	111	234.0	32	328.08333333333576	54.0	1967.0	284.0	1857.799999999998	183.0	1940.1999999999998	196.0	0.13675213675213677	0.42735042735042733	0.13675213675213677	0.7350427350427351	0.2094017094017094	1.0
YIL166C	5	6.0	2	7.0	66.0	416.0	292.0	416.0	292.0	416.0	292.0	0.8333333333333334	0.5	1.0	0.6666666666666666	1.0	0.8333333333333334
YIL169C	4	6.0	2	8.0	3.0	47.0	285.0	47.0	285.0	47.0	285.0	1.0	1.0	1.0	1.0	1.0	1.0
YIR001C	44	50.0	5	27.0	81.0	343.0	383.0	321.0	351.0	343.0	377.0	0.7	0.52	0.84	0.58	0.9	0.76
YIR002C	7	15.0	6	1.7857142857392319	2.0	323.0	117.0	278.0	117.0	323.0	117.0	0.8666666666666667	1.0	0.8666666666666667	1.0	0.9333333333333333	1.0
YIR003W	202	1958.0	260	17.0	0.0	236.0	124.0	133.0	70.52499999999998	149.92969696969698	92.76000000000022	0.7640449438202247	0.9816138917262512	0.9376915219611849	0.9989785495403473	0.9448416751787538	1.0
YIR004W	103	290.0	32	42.0	4.0	91.0	261.0	62.0	155.0	70.28000000000004	208.6000000000015	0.5379310344827586	0.8724137931034482	0.9172413793103448	0.9482758620689655	1.0	0.9896551724137931
YIR005W	53	77.0	8	41.0	2.0	239.0	248.0	77.69999999999831	136.0	237.92000000000002	248.0	0.36363636363636365	0.8311688311688312	0.948051948051948	0.8311688311688312	0.948051948051948	0.974025974025974
YIR006C	5	5.0	1	22.5	21.25	64.0	93.0	64.0	93.0	64.0	93.0	0.6	0.8	1.0	1.0	1.0	1.0
YIR007W	59	140.0	18	15.0	26.0	122.0	226.0	35.0	114.0	108.49999999999991	226.0	0.9142857142857143	0.6357142857142857	0.9642857142857143	0.9785714285714285	0.9928571428571429	0.9785714285714285
YIR008C	71	88.0	9	37.0	18.0	865.0	808.0	838.0	390.29999999999995	865.0	773.0400000000004	0.375	0.7613636363636364	0.8409090909090909	0.7954545454545454	0.8977272727272727	0.8863636363636364
YIR009W	77	139.0	12	30.0	11.0	618.0	479.0	78.0	455.0	159.839999999989	462.43999999999994	0.6690647482014388	0.8992805755395683	0.762589928057554	0.9856115107913669	0.9928057553956835	0.9856115107913669
YIR010W	41	180.0	50	9.466666666674428	0.0	94.0	137.0	94.0	127.0	94.0	131.7	0.8833333333333333	0.9722222222222222	0.9944444444444445	1.0	1.0	1.0
YIR011C	83	295.0	95	0.0	11.0	1540.0	127.0	25.0	110.0	41.30000000000007	114.7	0.9864406779661017	0.9084745762711864	0.9932203389830508	1.0	0.9932203389830508	1.0
YIR012W	225	1497.0	266	3.0	26.0	332.0	170.0	33.0	102.0	50.0	109.0	0.9826319305277221	0.5571142284569138	0.9966599866399466	0.9679358717434869	0.9979959919839679	1.0
YIR013C	5	3.0	1	945.25	20.5	1424.0	222.0	1424.0	222.0	1424.0	222.0	0.3333333333333333	0.6666666666666666	0.3333333333333333	1.0	0.3333333333333333	1.0
YIR014W	15	20.0	4	6.0	1675.0	57.0	1702.0	34.0	1698.5	57.0	1702.0	0.95	0.35	1.0	0.45	1.0	0.45
YIR015W	68	557.0	307	3.0	0.0	919.0	1203.0	25.45999999999999	1127.0	885.7899999999998	1137.344	0.9658886894075404	1.0	0.9676840215439856	1.0	0.9676840215439856	1.0
YIR016W	205	1109.0	307	674.0	0.0	1599.0	173.0	704.0	91.0	1409.04000000002	96.0	0.48512173128944996	0.9882777276825969	0.4860234445446348	1.0	0.48692515779981965	1.0
YIR017C	27	31.0	4	71.5	20.0	258.0	213.0	183.7499999999999	213.0	258.0	213.0	0.6774193548387096	0.6774193548387096	0.6774193548387096	0.8064516129032258	0.9032258064516129	1.0
YIR018C-A	22	11.0	2	163.0	104.0	826.0	781.0	802.9	771.3999999999999	821.38	781.0	0.2727272727272727	0.18181818181818182	0.36363636363636365	0.18181818181818182	0.45454545454545453	0.5454545454545454
YIR018W	62	78.0	7	43.0	420.0	705.0	1797.0	440.2666666666665	528.0	705.0	1446.7199999999984	0.7307692307692307	0.24358974358974358	0.7564102564102564	0.3333333333333333	0.7692307692307693	0.4358974358974359
YIR020C	44	49.0	4	1449.5	100.75	2548.0	769.0	2548.0	592.8499999999998	2548.0	769.0	0.10204081632653061	0.673469387755102	0.14285714285714285	0.6938775510204082	0.20408163265306123	0.7346938775510204
YIR021W	110	441.0	65	16.0	4.0	77.0	945.0	54.724999999999994	100.0	77.0	100.0	0.9342403628117913	0.891156462585034	1.0	0.9977324263038548	1.0	0.9977324263038548
YIR021W-A	2	1.0	1	613.5	3.0	1268.0	610.0	1268.0	609.4	1268.0	609.88	1.0	1.0	1.0	1.0	1.0	1.0
YIR022W	350	3108.0	196	17.0	21.0	1487.0	419.0	57.0	133.0	58.0	137.0	0.7715572715572716	0.8523166023166023	0.9980694980694981	0.997104247104247	0.9996782496782497	0.9974259974259975
YIR023W	16	22.0	3	8.0	45.0	33.0	181.0	33.0	171.7	33.0	181.0	1.0	0.4090909090909091	1.0	0.8636363636363636	1.0	1.0
YIR024C	161	515.0	80	21.0	4.0	58.0	200.0	51.0	192.5	53.0	200.0	0.8019417475728156	0.829126213592233	1.0	0.9067961165048544	1.0	0.9242718446601942
YIR025W	73	163.0	17	10.0	23.0	100.0	1338.0	40.69999999999999	157.09999999999997	44.0	598.4500000000002	0.9447852760736196	0.6932515337423313	1.0	0.950920245398773	1.0	0.950920245398773
YIR026C	532	2190.0	90	28.0	5.0	82.0	288.0	63.0	174.0	66.47272727272725	181.0	0.5844748858447488	0.7808219178082192	1.0	0.8337899543378996	1.0	0.997716894977169
YIR027C	6	6.0	1	19.0	6.0	331.0	112.0	331.0	112.0	331.0	112.0	0.16666666666666666	1.0	0.6666666666666666	1.0	1.0	1.0
YIR029W	29	41.0	10	10.5	4.590909090882633	309.0	208.0	154.0	89.89999999999999	309.0	208.0	0.7317073170731707	0.8536585365853658	0.926829268292683	0.975609756097561	0.975609756097561	0.975609756097561
YIR030C	74	266.0	61	20.0	3.0	2030.0	289.0	47.67999999999999	64.0	75.4399999999996	114.0	0.7857142857142857	0.9548872180451128	0.9887218045112782	0.9624060150375939	0.9962406015037594	0.9924812030075187
YIR031C	129	263.0	19	29.0	12.0	166.0	1036.0	157.0	69.0	164.0	103.0	0.55893536121673	0.9049429657794676	0.9239543726235742	0.9923954372623575	0.973384030418251	0.9923954372623575
YIR032C	72	247.0	72	0.0	47.0	1088.0	184.0	66.23749999999998	123.0	458.90666666666743	149.0	0.951417004048583	0.6356275303643725	0.97165991902834	0.7530364372469636	0.9919028340080972	0.9959514170040485
YIR033W	22	28.0	4	19.79999999998836	11.0	82.0	100.0	82.0	90.09999999999998	82.0	100.0	0.8214285714285714	0.8214285714285714	1.0	1.0	1.0	1.0
YIR034C	54	117.0	18	3.0	45.89583333331393	1123.0	173.0	75.0	167.19999999999993	426.86999999999824	171.66	0.8888888888888888	0.48717948717948717	0.9914529914529915	0.8205128205128205	0.9914529914529915	0.9572649572649573
YIR035C	450	1870.0	217	9.0	10.0	1132.0	1518.0	1101.0	127.0	1110.6	127.0	0.7871657754010695	0.8229946524064171	0.906951871657754	0.841711229946524	0.9171122994652406	0.9978609625668449
YIR036C	351	1997.0	338	9.0	0.9424778760876507	818.0	1175.0	45.19999999999982	1114.0	57.0	1161.3099999999993	0.8542814221331998	0.8703054581872809	0.99899849774662	0.8758137205808713	0.99899849774662	0.8763144717075614
YIR037W	845	16283.0	1370	12.0	51.0	115.0	238.0	79.0	178.0	103.0	193.0	0.9388933243259842	0.3909598968249094	0.985506356322545	0.8315420991217835	1.0	0.999877172511208
YIR038C	419	2315.0	126	14.0	4.0	781.0	268.0	36.0	172.0	710.0	172.0	0.8976241900647948	0.8479481641468682	0.9714902807775379	0.9956803455723542	0.9714902807775379	0.9974082073434125
YIR039C	99	183.0	18	104.0	19.5	489.0	489.0	253.0	174.0	469.7799999999996	266.36999999999864	0.6284153005464481	0.7431693989071039	0.7377049180327869	0.9508196721311475	0.7486338797814208	0.9781420765027322
YIR041W	9	15.0	5	33.0	1.0	1731.0	133.0	1694.25	133.0	1731.0	133.0	0.5333333333333333	1.0	0.7333333333333333	1.0	0.8	1.0
YIR042C	45	53.0	4	48.0	255.375	471.0	437.0	112.0	437.0	269.58	437.0	0.2830188679245283	0.33962264150943394	0.8301886792452831	0.41509433962264153	0.9811320754716981	0.6037735849056604
YEL001C	325	3382.0	655	3.0	11.0	139.0	1630.0	44.0	110.0	52.908571428571385	253.0	0.9420461265523359	0.9727971614429332	0.9997043169722057	0.9778237729154347	1.0	0.9784151389710231
YEL002C	156	384.0	54	13.0	57.666666666656965	999.0	167.0	76.0	160.0	84.29999999999984	160.0	0.8411458333333334	0.5260416666666666	0.9973958333333334	0.7265625	0.9973958333333334	1.0
YEL003W	100	155.0	17	10.0	21.0	1282.0	238.0	1262.25	138.0	1280.9333333333334	199.6999999999997	0.7870967741935484	0.6967741935483871	0.8451612903225807	0.9290322580645162	0.8451612903225807	0.9935483870967742
YEL004W	59	114.0	23	22.0	227.0	1192.0	758.0	67.73333333333333	739.0	562.2399999999994	758.0	0.7456140350877193	0.5087719298245614	0.9824561403508771	0.5175438596491229	0.9824561403508771	0.5701754385964912
YEL005C	74	181.0	14	26.0	23.0	1228.0	414.0	710.4857142857131	114.0	1204.94	166.4999999999999	0.5580110497237569	0.6187845303867403	0.9171270718232044	0.9834254143646409	0.9171270718232044	0.988950276243094
YEL006W	122	225.0	13	40.0	205.0	218.0	574.0	95.5	392.0	133.75	496.0	0.5288888888888889	0.5377777777777778	0.9733333333333334	0.6	0.9955555555555555	0.6444444444444445
YEL008C-A	35	37.0	9	121.0	6.0	561.0	1903.0	227.09999999999997	448.19999999999993	561.0	1903.0	0.40540540540540543	0.8378378378378378	0.4594594594594595	0.8648648648648649	0.5405405405405406	0.8648648648648649
YEL008W	8	15.0	9	0.0	0.75	112.0	442.0	112.0	424.75	112.0	442.0	0.9333333333333333	0.8666666666666667	1.0	0.8666666666666667	1.0	0.9333333333333333
YEL009C	1504	148656.0	35711	6.0	0.0	1113.0	170.0	586.0	95.0	598.0	102.0	0.9052645032827468	0.985341997632117	0.9400696910989129	0.9996771068776235	0.9422895813152513	1.0
YEL011W	120	483.0	127	0.0	29.70000000001164	185.0	182.0	115.2333333333333	134.0	170.0	154.4466666666667	0.8405797101449275	0.45134575569358176	0.8488612836438924	0.9813664596273292	0.9751552795031055	1.0
YEL012W	105	281.0	30	18.0	8.75	161.0	125.0	137.70999999999998	109.96666666666665	149.76	119.82999999999998	0.7651245551601423	0.7900355871886121	0.9857651245551602	1.0	1.0	1.0
YEL013W	126	369.0	38	17.0	5.0	303.0	512.0	274.0	454.0	278.43	476.20666666666665	0.7777777777777778	0.8617886178861789	0.975609756097561	0.8780487804878049	0.989159891598916	0.8834688346883469
YEL015W	338	1452.0	130	8.0	48.0	217.0	585.0	80.59999999999945	166.0	101.0	467.0	0.8009641873278237	0.41253443526170797	0.9504132231404959	0.7534435261707989	0.9993112947658402	0.8946280991735537
YEL016C	233	898.0	149	19.0	0.285714285710128	572.0	1302.0	207.0	177.0	212.03999999999996	199.07999999999993	0.8329621380846325	0.9020044543429844	0.9365256124721604	0.9365256124721604	0.9632516703786191	0.9899777282850779
YEL017C-A	895	32463.0	5662	9.0	0.0	199.0	797.0	110.0	467.0	110.0	480.68068965517233	0.9102054646828698	0.9880787357915165	0.940640113359825	0.9939315528447771	0.997011982872809	0.9952869420571112
YEL017W	168	488.0	63	41.0	4.0	1041.0	117.0	473.0	98.23999999999998	481.0	116.08	0.45081967213114754	0.9200819672131147	0.8155737704918032	0.9959016393442623	0.8627049180327869	1.0
YEL018C-A	2	2.0	1	0.0	403.0	342.0	3943.0	342.0	3943.0	342.0	3943.0	1.0	0.5	1.0	0.5	1.0	0.5
YEL018W	106	337.0	48	30.0	47.0	364.0	177.0	36.59999999999991	149.19999999999982	64.0	154.26	0.6943620178041543	0.5578635014836796	0.973293768545994	0.9406528189910979	0.9970326409495549	1.0
YEL019C	6	4.0	1	1019.0	2303.0	1029.0	2986.0	1029.0	2986.0	1029.0	2986.0	0.5	0.25	0.5	0.25	0.5	0.25
YEL020C	5	4.0	1	1780.0	797.5	2031.0	1105.0	2031.0	1105.0	2031.0	1105.0	0.5	0.25	0.5	0.25	0.5	0.25
YEL020W-A	572	5469.0	442	35.0	10.0	1141.0	257.0	72.0	119.0	76.0	143.0	0.5381239714755897	0.8849881148290364	0.9983543609434997	0.9882976778204425	0.9983543609434997	0.9981715121594441
YEL021W	347	2236.0	234	9.0	28.0	1509.0	644.0	59.0	112.98461538461532	76.27999999999975	132.0	0.8823792486583184	0.4552772808586762	0.9937388193202147	0.7938282647584973	0.9995527728085868	0.9973166368515206
YEL022W	9	11.0	2	33.16666666667152	0.1666666666715173	105.0	157.0	104.85	154.2333333333333	105.0	157.0	0.6363636363636364	0.9090909090909091	1.0	0.9090909090909091	1.0	1.0
YEL023C	14	18.0	2	17.25	36.0	581.0	126.0	581.0	126.0	581.0	126.0	0.8888888888888888	0.5	1.0	0.9444444444444444	1.0	1.0
YEL024W	331	2376.0	222	40.0	8.0	730.0	639.0	114.0	598.0	119.59359999999987	615.0	0.48442760942760943	0.8101851851851852	0.9675925925925926	0.8143939393939394	0.9991582491582491	0.8223905723905723
YEL025C	3	3.0	1	570.0	24.0	773.0	275.0	773.0	275.0	773.0	275.0	0.3333333333333333	0.6666666666666666	0.6666666666666666	1.0	0.6666666666666666	1.0
YEL026W	989	40881.0	12291	13.0	0.0	1284.0	157.0	149.0	74.0	185.0	118.69000000000233	0.6632665541449573	0.9745847704312517	0.8900222597294587	0.9970891123015582	0.996624348719454	1.0
YEL027W	1618	310841.0	154272	0.0	0.0	2747.0	1188.0	72.0	256.0	98.0	275.0	0.9221563435968871	0.9767019151270263	0.9928291312922041	0.99672823083184	0.9999935658423439	0.9989673176961855
YEL028W	73	110.0	8	15.0	561.0	1584.0	2372.0	646.0	699.0	1239.0000000000032	1379.0000000000095	0.6636363636363637	0.4090909090909091	0.8090909090909091	0.44545454545454544	0.8818181818181818	0.4818181818181818
YEL029C	63	94.0	10	18.333333333328483	256.0	1702.0	1009.0	1665.8	368.8	1701.12	734.0000000000014	0.6170212765957447	0.30851063829787234	0.8297872340425532	0.30851063829787234	0.8936170212765957	0.30851063829787234
YEL030W	28	28.0	1	365.5	130.5	464.0	376.0	459.5	370.59999999999997	464.0	376.0	0.5357142857142857	0.17857142857142858	0.5714285714285714	0.21428571428571427	0.6428571428571429	0.32142857142857145
YEL031W	89	226.0	18	12.0	11.5	71.0	175.0	38.27692307692307	133.0	60.0	165.66000000000008	0.9469026548672567	0.8185840707964602	1.0	0.9690265486725663	1.0	1.0
YEL032W	114	231.0	9	19.0	37.0	1316.0	232.0	84.0	220.9333333333333	96.22999999999996	222.0	0.1645021645021645	0.41125541125541126	0.5757575757575758	0.9307359307359307	0.9956709956709957	1.0
YEL033W	2	2.0	1	935.0	1700.0	1493.0	3402.0	1493.0	3402.0	1493.0	3402.0	0.5	0.5	0.5	0.5	0.5	0.5
YEL034C-A	15	20.0	3	6.0	11.0	115.0	1090.0	102.0	1011.0	115.0	1090.0	0.75	0.8	0.95	0.8	1.0	0.8
YEL034W	1461	279989.0	88590	10.0	0.0	990.0	3851.0	93.0	218.0	93.0	223.0	0.8200965037912203	0.919436120704742	0.9947926525684938	0.9200004285882659	0.9996749872316413	0.9200254295704474
YEL035C	7	5.0	1	238.0	97.5	742.0	522.0	732.5	522.0	740.1	522.0	0.2	0.4	0.2	0.8	0.2	0.8
YEL036C	276	2416.0	419	19.0	4.0	299.0	1817.0	163.0	89.0	279.82222222222236	94.0	0.7243377483443708	0.9954470198675497	0.9333609271523179	0.9995860927152318	0.9739238410596026	0.9995860927152318
YEL037C	298	767.0	29	26.0	17.0	2075.0	227.0	195.0	177.0	203.0	191.32000000000016	0.5136897001303781	0.8018252933507171	0.9856584093872229	0.9726205997392438	0.9934810951760105	1.0
YEL038W	119	330.0	45	17.0	8.666666666671517	60.0	297.0	47.0	175.0	51.0	219.0	0.8303030303030303	0.7878787878787878	1.0	0.8272727272727273	1.0	0.9393939393939394
YEL039C	115	189.0	9	43.0	24.0	203.0	151.0	193.0	145.0	200.6599999999999	150.0	0.1746031746031746	0.5238095238095238	0.2275132275132275	0.8994708994708994	0.8677248677248677	1.0
YEL040W	326	2004.0	190	13.0	70.0	103.0	237.0	39.0	172.0	39.0	180.35200000000003	0.8887225548902196	0.5713572854291418	0.9975049900199601	0.6966067864271457	1.0	0.9915169660678643
YEL041W	63	106.0	9	20.0	281.0	293.0	669.0	269.0	648.7999999999997	280.67999999999995	669.0	0.6886792452830188	0.46226415094339623	0.8113207547169812	0.5188679245283019	0.8679245283018868	0.5188679245283019
YEL042W	812	6974.0	388	76.0	11.0	230.0	629.0	213.0	147.0	214.6800000000003	327.0	0.30929165471752224	0.9277315744192716	0.5121881273300831	0.9779179810725552	0.8768282190995125	0.9792084886722111
YEL043W	39	68.0	7	10.39999999999418	24.0	47.0	126.0	45.0	121.33333333333331	46.81999999999999	126.0	0.8382352941176471	0.6911764705882353	1.0	1.0	1.0	1.0
YEL044W	295	637.0	33	79.0	71.0	732.0	193.0	375.4999999999998	125.0	707.0	166.0	0.5290423861852434	0.5321821036106751	0.5839874411302983	0.6467817896389325	0.814756671899529	1.0
YEL046C	716	11283.0	2230	2.0	5.0	177.0	661.0	118.0	599.0	118.0	602.0	0.9846671984401312	0.9161570504298502	0.9906939643711778	0.9232473632899052	0.9998227421784986	0.9274129220951874
YEL047C	1	1.0	1	0.0	0.0	14.0	42.0	14.0	42.0	14.0	42.0	1.0	1.0	1.0	1.0	1.0	1.0
YEL048C	135	357.0	47	16.0	79.0	104.0	2159.0	95.0	1905.7499999999995	98.0	2138.93	0.8151260504201681	0.6106442577030813	0.9243697478991597	0.6834733893557423	1.0	0.8711484593837535
YEL049W	19	14.0	4	156.0	7.0	365.0	175.0	363.6666666666667	160.29999999999998	365.0	172.06	0.5	0.8571428571428571	0.5	1.0	0.5	1.0
YEL050C	366	1150.0	77	25.0	19.0	260.0	269.0	94.0	222.0	104.0	223.0	0.8660869565217392	0.6321739130434783	0.9886956521739131	0.9026086956521739	0.9921739130434782	0.971304347826087
YEL050W-A	9	2.0	1	1.0	55.0	1218.0	2073.0	57.4	71.8	57.88	72.76	1.0	0.5	1.0	0.5	1.0	1.0
YEL051W	491	4628.0	447	5.916666666664241	48.0	445.0	2665.0	60.0	158.0	66.0	205.0	0.8867761452031115	0.5315471045808124	1.0	0.9209161624891962	1.0	0.9870354364736387
YEL052W	301	3705.0	643	8.0	3.0	277.0	118.0	204.0	75.0	250.0	84.0	0.8831309041835358	0.9775978407557355	0.9379217273954116	0.9997300944669366	0.9441295546558705	1.0
YEL053C	126	647.0	119	20.625	4.0	417.0	655.0	83.43333333333332	107.0	273.0899999999999	115.0	0.7171561051004637	0.9258114374034003	0.9536321483771252	0.9969088098918083	0.9768160741885626	0.9969088098918083
YEL054C	1505	28990.0	3766	3.0	160.0	377.0	932.0	42.0	246.0	104.0	263.0	0.9400137978613315	0.46674715419110036	0.9854087616419455	0.48547775094860296	0.996757502587099	0.4867540531217661
YEL055C	80	291.0	110	0.0	0.0	323.0	203.0	95.0	190.71249999999998	108.94999999999987	193.718	0.7835051546391752	0.8144329896907216	0.9759450171821306	0.8591065292096219	0.9965635738831615	0.8934707903780069
YEL056W	5	7.0	2	20.5	59.33333333333576	78.0	171.0	78.0	171.0	78.0	171.0	0.7142857142857143	0.42857142857142855	1.0	0.5714285714285714	1.0	1.0
YEL057C	208	727.0	154	31.0	12.0	460.0	758.0	169.14999999999998	122.0	214.58000000000024	132.0	0.6492434662998624	0.9628610729023384	0.8486932599724897	0.9958734525447043	0.9587345254470426	0.9972489683631361
YEL058W	623	20656.0	3863	22.0	4.0	850.0	1062.0	44.0	99.0	44.0	242.0	0.7387683965917893	0.9361928737412858	0.9982571649883811	0.9545410534469404	0.9989349341595662	0.9639814097598761
YEL059C-A	135	226.0	12	29.0	18.0	657.0	271.0	445.0	110.39999999999998	454.68000000000006	137.44000000000005	0.3893805309734513	0.7920353982300885	0.9247787610619469	0.9380530973451328	0.9292035398230089	1.0
YEL059W	13	12.0	2	40.0	164.0	250.0	2207.0	240.9	2206.7	247.83999999999997	2207.0	0.5	0.3333333333333333	0.9166666666666666	0.3333333333333333	1.0	0.3333333333333333
YEL060C	108	390.0	51	0.0	69.40000000000146	173.0	284.0	63.0	250.0	135.0	258.4000000000001	0.958974358974359	0.6974358974358974	0.9871794871794872	0.7282051282051282	0.9948717948717949	0.764102564102564
YEL061C	29	31.0	2	20.66666666666424	166.75	133.0	262.0	132.7	262.0	133.0	262.0	0.7419354838709677	0.12903225806451613	0.9354838709677419	0.45161290322580644	1.0	0.5806451612903226
YEL062W	49	161.0	62	3.0	0.0	183.0	311.0	27.528571428571418	149.34999999999997	175.5999999999999	307.29999999999995	0.968944099378882	0.84472049689441	0.9751552795031055	0.906832298136646	0.9751552795031055	0.9192546583850931
YEL063C	93	170.0	12	16.0	23.0	256.0	341.0	246.0	317.0	247.0	337.2666666666667	0.9352941176470588	0.5588235294117647	0.9529411764705882	0.8235294117647058	0.9588235294117647	0.8294117647058824
YEL064C	125	273.0	11	19.0	145.0	92.0	334.0	69.0	328.0	75.13333333333321	328.77	0.1978021978021978	0.21245421245421245	0.989010989010989	0.5531135531135531	1.0	0.7142857142857143
YEL065W	197	1328.0	132	11.0	5.487804878048337	1543.0	239.0	89.0	100.0	353.58000000000516	102.66000000000008	0.7575301204819277	0.3810240963855422	0.9239457831325302	0.9894578313253012	0.9683734939759037	0.9939759036144579
YEL066W	244	576.0	91	43.0	9.0	1159.0	2438.0	170.19999999999993	163.0	604.0	2412.0	0.46875	0.8958333333333334	0.8732638888888888	0.9375	0.9479166666666666	0.9600694444444444
YEL067C	21	25.0	3	167.0	87.125	389.0	792.0	385.25	792.0	389.0	792.0	0.52	0.44	0.56	0.44	0.56	1.0
YEL068C	351	1844.0	105	12.0	85.0	1187.0	1229.0	532.0	249.0	969.6133333333331	249.0	0.7809110629067245	0.5466377440347071	0.841648590021692	0.547180043383948	0.8899132321041214	0.9972885032537961
YEL069C	1	1.0	1	0.0	0.0	51.0	101.0	51.0	101.0	51.0	101.0	1.0	1.0	1.0	1.0	1.0	1.0
YEL070W	9	13.0	2	83.16666666666788	0.0	392.0	139.0	391.2	137.95	392.0	139.0	0.23076923076923078	1.0	0.3076923076923077	1.0	0.7692307692307693	1.0
YEL071W	271	1328.0	165	20.0	29.294117647059466	1187.0	345.0	72.0	141.0	174.0	250.0	0.7213855421686747	0.7003012048192772	0.9623493975903614	0.9570783132530121	0.9683734939759037	0.9864457831325302
YEL072W	69	107.0	12	68.875	58.0	647.0	341.0	144.29999999999998	332.19999999999993	612.3499999999963	341.0	0.5327102803738317	0.5327102803738317	0.6074766355140186	0.6355140186915887	0.9345794392523364	0.9345794392523364
YEL073C	41	161.0	112	1.407079646017337	0.0	331.0	809.0	243.19999999999982	729.0	283.2399999999998	774.8299999999994	0.7453416149068323	0.8322981366459627	0.7763975155279503	0.8881987577639752	0.9254658385093167	0.9006211180124224
YER001W	106	347.0	80	4.0	15.166666666656965	158.0	1784.0	64.0	282.0	66.0	292.0	0.9394812680115274	0.7550432276657061	0.9971181556195965	0.7550432276657061	0.9971181556195965	0.760806916426513
YER002W	291	3449.0	892	17.0	3.0	3332.0	233.0	68.04999999999973	108.0	82.0	114.1930769230769	0.7967526819367933	0.9927515221803421	0.9939112786314874	0.9976804870977095	0.9985503044360684	0.9985503044360684
YER003C	505	2573.0	154	24.0	167.0	65.0	399.0	44.0	269.0	49.0	274.0	0.6925767586474932	0.41702293043140304	1.0	0.4803731053245239	1.0	0.5262339681305869
YER004W	234	4324.0	944	2.0	2.0	488.0	2302.0	10.0	262.0	197.0	266.0	0.9759481961147086	0.9141998149861239	0.9791859389454209	0.9972247918593895	0.9812673450508789	0.9995374653098983
YER005W	135	307.0	20	13.0	180.0	980.0	1953.0	78.0	299.0	477.4500000000035	991.6900000000107	0.9022801302931596	0.4560260586319218	0.9641693811074918	0.6579804560260586	0.9869706840390879	0.6579804560260586
YER006W	498	3481.0	493	11.0	37.0	2246.0	251.0	49.0	115.0	65.0	234.0	0.9718471703533468	0.645216891697788	0.9979890835966676	0.9462798046538351	0.9979890835966676	0.9810399310542948
YER007C-A	573	1536.0	67	12.0	69.0	69.0	1443.0	51.0	228.0	57.0	365.42499999999825	0.958984375	0.51171875	1.0	0.6803385416666666	1.0	0.8880208333333334
YER007W	132	370.0	26	7.0	65.0	67.0	223.0	35.72727272727273	157.0	39.0	199.0	0.9513513513513514	0.3945945945945946	1.0	0.4243243243243243	1.0	0.9702702702702702
YER008C	7	7.0	1	27.5	19.5	68.0	105.0	68.0	105.0	68.0	105.0	0.7142857142857143	0.42857142857142855	1.0	1.0	1.0	1.0
YER009W	468	3624.0	312	31.0	10.0	123.0	370.0	73.0	186.0	73.0	221.80799999999982	0.6473509933774835	0.9337748344370861	0.9977924944812362	0.9884105960264901	1.0	0.9988962472406181
YER010C	86	212.0	16	8.0	18.0	346.0	131.0	45.0	128.0	99.2999999999999	129.50666666666666	0.8915094339622641	0.8160377358490566	0.9858490566037735	1.0	0.9952830188679245	1.0
YER011W	55	125.0	15	0.0	81.0	336.0	270.0	68.5	173.0	305.125	267.5	0.944	0.488	0.984	0.496	0.984	0.96
YER012W	434	1390.0	84	25.0	13.0	545.0	257.0	91.0	161.0	119.0	197.0	0.6381294964028777	0.6805755395683454	0.9338129496402877	0.9820143884892086	1.0	1.0
YER013W	2	2.0	1	5.0	9.0	18.0	90.0	18.0	90.0	18.0	90.0	1.0	1.0	1.0	1.0	1.0	1.0
YER014W	68	224.0	48	18.0	27.0	370.0	267.0	54.29999999999998	136.53333333333333	188.65999999999963	138.704	0.8392857142857143	0.4107142857142857	0.9776785714285714	0.9866071428571429	0.9821428571428571	0.9955357142857143
YER015W	51	78.0	5	54.0	6.0	102.0	300.0	81.0	278.0	97.23999999999998	300.0	0.5384615384615384	0.8717948717948718	0.6666666666666666	0.9871794871794872	1.0	0.9871794871794872
YER016W	34	25.0	2	14.0	34.0	52.0	166.0	52.0	160.5	52.0	166.0	0.8	0.56	1.0	0.88	1.0	1.0
YER017C	26	57.0	11	19.25	21.5	613.0	190.0	108.34999999999997	188.0	578.6299999999999	189.93	0.7543859649122807	0.5964912280701754	0.9649122807017544	1.0	0.9824561403508771	1.0
YER018C	136	227.0	30	27.0	33.0	1980.0	2423.0	1367.849999999999	155.0	1607.61	1139.453333333323	0.6123348017621145	0.5594713656387665	0.8149779735682819	0.8237885462555066	0.8546255506607929	0.960352422907489
YER019C-A	1102	6329.0	371	21.0	3.0	763.0	2388.0	89.0	89.03333333333285	324.9900000000007	153.0	0.7340812134618423	0.9179965239374309	0.9712434823826829	0.9603412861431506	0.9886237952283141	0.9913098435771844
YER019W	93	199.0	18	232.125	8.0	467.0	115.0	415.54999999999995	91.0	459.05999999999995	102.09999999999991	0.45226130653266333	0.9899497487437185	0.6130653266331658	1.0	0.7035175879396985	1.0
YER020W	336	872.0	39	37.0	136.0	889.0	2037.0	135.39999999999958	295.0	327.44999999999993	307.8533333333333	0.44724770642201833	0.3577981651376147	0.8509174311926605	0.4724770642201835	0.9506880733944955	0.7121559633027523
YER021W	89	283.0	61	16.0	2.0	1843.0	136.0	66.0	130.285	74.0	133.34000000000003	0.7526501766784452	0.9293286219081273	0.9964664310954063	0.9293286219081273	0.9964664310954063	1.0
YER022W	88	1040.0	212	12.235294117650483	0.0	206.0	124.0	45.0	99.3	51.0	109.09999999999991	0.8701923076923077	0.9913461538461539	0.9961538461538462	1.0	0.9971153846153846	1.0
YER023W	640	23470.0	6008	11.0	0.0	122.0	3506.0	48.0	80.0	71.16571428571416	217.0	0.931870472944184	0.9635705155517682	0.9904985087345548	0.9641244141457179	1.0	0.9673625905411163
YER024W	13	14.0	2	161.0	8.0	1217.0	479.0	1187.7999999999997	438.5999999999998	1217.0	479.0	0.7142857142857143	0.7857142857142857	0.7142857142857143	0.7857142857142857	0.7142857142857143	0.7857142857142857
YER025W	596	12325.0	1406	22.0	12.0	911.0	343.0	65.0	270.0	69.0	293.0	0.7316835699797161	0.9511561866125761	0.994158215010142	0.9978093306288033	0.9993509127789046	0.9996754563894523
YER026C	761	5825.0	305	40.0	6.0	105.0	233.0	65.0	134.0	91.0	222.0	0.24257510729613735	0.7903862660944206	0.8001716738197425	0.9744206008583691	1.0	0.998969957081545
YER027C	309	632.0	17	25.0	67.0	1396.0	321.0	132.0	256.5333333333333	172.47199999999998	300.7199999999998	0.6598101265822784	0.4477848101265823	0.9541139240506329	0.5110759493670886	0.9936708860759493	0.7800632911392406
YER028C	40	52.0	9	39.0	6.714285714289872	112.0	454.0	97.39999999999999	263.0	107.96	450.1799999999994	0.5576923076923077	0.9038461538461539	1.0	0.9038461538461539	1.0	0.9038461538461539
YER029C	163	491.0	34	16.75	15.0	304.0	205.0	71.0	112.0	90.17999999999995	119.0	0.8268839103869654	0.8391038696537678	0.9979633401221996	0.8778004073319755	0.9979633401221996	1.0
YER030W	625	2928.0	228	12.0	13.0	159.0	539.0	81.66666666666636	195.0	88.0	201.0	0.8309426229508197	0.7175546448087432	0.9115437158469946	0.898224043715847	0.9996584699453552	0.9989754098360656
YER031C	422	2858.0	215	1.5873015873075929	21.0	80.0	323.0	42.0	210.0	46.0	210.0	0.9692092372288313	0.6738978306508048	1.0	0.8572428271518544	1.0	0.9982505248425473
YER032W	58	116.0	10	26.38461538462434	65.0	100.0	289.0	87.0	277.09999999999997	99.68	286.36	0.6206896551724138	0.3448275862068966	0.9827586206896551	0.3706896551724138	1.0	0.9913793103448276
YER033C	7	7.0	1	251.75	69.75	269.0	911.0	269.0	911.0	269.0	911.0	0.2857142857142857	0.14285714285714285	0.42857142857142855	0.42857142857142855	0.42857142857142855	0.8571428571428571
YER034W	139	398.0	49	22.0	39.55999999999767	169.0	985.0	39.0	268.0	53.0	985.0	0.6331658291457286	0.40954773869346733	1.0	0.8492462311557789	1.0	0.9698492462311558
YER035W	229	631.0	40	19.0	37.0	832.0	353.0	81.0	312.0	815.5599999999986	312.0	0.803486529318542	0.6022187004754358	0.9239302694136292	0.7876386687797148	0.9730586370839936	0.7955625990491284
YER036C	476	7267.0	742	7.0	5.0	116.0	262.0	47.0	120.0	56.0	130.0	0.9565157561579744	0.9760561442135682	0.9957341406357506	0.9964221824686941	1.0	0.9984863079675245
YER037W	19	44.0	11	0.0	4.0	81.0	223.0	80.3	221.79999999999998	81.0	223.0	0.8409090909090909	1.0	0.8863636363636364	1.0	1.0	1.0
YER038C	46	75.0	8	8.625	161.2333333333372	94.0	1046.0	51.0	1005.75	83.25	1036.25	0.8133333333333334	0.3466666666666667	0.9866666666666667	0.5466666666666666	1.0	0.6
YER038W-A	14	10.0	3	16.0	220.5	72.0	763.0	72.0	763.0	72.0	763.0	0.9	0.4	1.0	0.4	1.0	0.5
YER039C	54	111.0	21	0.1666666666569654	65.0	317.0	185.0	311.0	185.0	312.78	185.0	0.2072072072072072	0.23423423423423423	0.21621621621621623	0.2882882882882883	0.22522522522522523	0.990990990990991
YER039C-A	50	86.0	11	9.0	24.0	41.0	992.0	35.0	977.8000000000001	38.120000000000005	992.0	0.9883720930232558	0.4418604651162791	1.0	0.9302325581395349	1.0	0.9767441860465116
YER040W	55	140.0	18	10.0	2.0	157.0	268.0	110.0	263.0	118.29999999999976	268.0	0.8714285714285714	0.9642857142857143	0.9928571428571429	0.9785714285714285	1.0	0.9857142857142858
YER041W	45	87.0	10	18.5	27.0	108.0	841.0	86.0	213.0	100.59999999999991	686.0933333333314	0.735632183908046	0.6551724137931034	0.9885057471264368	0.9885057471264368	1.0	0.9885057471264368
YER042W	210	369.0	17	37.0	96.0	2548.0	255.0	96.0	206.0	102.0	212.0	0.5799457994579946	0.45257452574525747	0.9051490514905149	0.46883468834688347	0.997289972899729	0.6720867208672087
YER043C	732	20453.0	5898	10.0	8.0	152.0	333.0	84.0	235.0	86.0	243.94000000000233	0.7872194788050653	0.9480760768591404	0.8145993252823547	0.9530142277416516	0.9998533222510145	0.9881191023321763
YER044C	425	1478.0	111	41.0	15.0	1463.0	213.0	132.79999999999973	149.0	1395.0	172.0	0.5669824086603519	0.7916102841677943	0.8849797023004059	0.989851150202977	0.9634641407307172	1.0
YER045C	66	77.0	5	27.75	13.0	327.0	231.0	320.19999999999993	218.0	325.92	228.03000000000003	0.36363636363636365	0.11688311688311688	0.6493506493506493	0.8961038961038961	0.8961038961038961	1.0
YER046W	107	253.0	21	65.5	9.0	1069.0	174.0	666.4307692307692	92.28	688.7	168.85	0.2964426877470356	0.9011857707509882	0.6007905138339921	0.9723320158102767	0.7786561264822134	0.9841897233201581
YER048C	568	4350.0	509	17.0	55.0	1635.0	401.0	102.0	201.0	132.0	205.0	0.7919540229885057	0.5949425287356321	0.9786206896551725	0.6680459770114943	0.9944827586206897	0.9988505747126437
YER048W-A	513	3883.0	396	0.0	104.0	107.0	724.0	84.0	359.0	96.0	503.5666666666669	0.8923512747875354	0.560133917074427	0.9690960597476178	0.6904455318053052	1.0	0.9531290239505537
YER049W	153	1241.0	298	65.0	0.0	214.0	263.0	87.0	98.0	100.86857142857129	215.0	0.6929895245769541	0.9854955680902499	0.7115229653505237	0.9854955680902499	0.9991941982272361	0.9854955680902499
YER050C	202	638.0	45	12.0	24.428571428579744	77.0	320.0	67.0	167.0	75.0	245.64000000000055	0.9623824451410659	0.7382445141065831	1.0	0.9231974921630094	1.0	0.9811912225705329
YER051W	21	27.0	6	4.75	67.33333333334303	35.0	215.0	33.3	186.94999999999996	35.0	215.0	1.0	0.4444444444444444	1.0	0.48148148148148145	1.0	0.9629629629629629
YER052C	131	341.0	32	34.0	27.0	197.0	168.0	116.34999999999997	161.0	164.0	163.3599999999999	0.3313782991202346	0.6979472140762464	0.9002932551319648	0.9736070381231672	0.9912023460410557	1.0
YER053C	297	1071.0	137	48.333333333343035	15.0	513.0	702.0	222.0	180.0	422.15999999999985	180.0	0.6797385620915033	0.6741363211951448	0.6909430438842203	0.9869281045751634	0.8057889822595705	0.9915966386554622
YER053C-A	34	36.0	5	75.0	59.666666666656965	286.0	419.0	234.0	381.0	270.88	419.0	0.5277777777777778	0.6111111111111112	0.6944444444444444	0.6666666666666666	0.7777777777777778	0.8055555555555556
YER054C	44	57.0	4	152.75	2.0	602.0	272.0	588.25	202.89999999999998	602.0	272.0	0.2631578947368421	0.8596491228070176	0.42105263157894735	0.9649122807017544	0.43859649122807015	1.0
YER055C	518	1852.0	69	64.0	58.0	2415.0	1212.0	129.0	132.0	133.78285714285715	135.0	0.47516198704103674	0.3596112311015119	0.7327213822894169	0.7019438444924406	0.9487041036717062	0.9924406047516199
YER056C	453	8013.0	2344	0.0	13.049999999988358	2135.0	1752.0	91.0	162.0	138.17428571428562	204.0	0.9512042930238362	0.8828154249344815	0.9858979158866842	0.9648071883189816	0.9952577062273805	0.9908898040683889
YER056C-A	1098	49145.0	7245	15.0	0.0	1014.0	3049.0	44.0	87.0	54.0	124.0	0.8526197985552956	0.9743819310204497	0.9973751144572184	0.9915556007732221	0.9989419066029097	0.9998779123003357
YER057C	697	8355.0	866	21.0	9.0	420.0	1405.0	80.0	101.0	85.0	235.40000000003783	0.6710951526032316	0.9572710951526032	0.9971274685816877	0.9672052663076003	0.9985637342908438	0.9892280071813285
YER058W	153	342.0	24	15.0	34.0	408.0	180.0	62.0	162.79999999999995	67.0	166.0	0.8801169590643275	0.5233918128654971	1.0	0.9473684210526315	1.0	1.0
YER059W	117	271.0	56	0.0	53.75	215.0	781.0	192.0	590.7666666666665	197.70666666666685	718.3833333333339	0.8708487084870848	0.5018450184501845	0.996309963099631	0.7453874538745388	1.0	0.8228782287822878
YER060W	5	6.0	2	21.33333333331393	48.0	136.0	146.0	136.0	146.0	136.0	146.0	0.8333333333333334	0.6666666666666666	0.8333333333333334	0.8333333333333334	1.0	1.0
YER060W-A	3	3.0	1	432.0	0.75	635.0	147.0	635.0	147.0	635.0	147.0	0.3333333333333333	1.0	0.6666666666666666	1.0	0.6666666666666666	1.0
YER061C	84	170.0	23	9.0	6.75	88.0	1925.0	57.0	192.0	85.60000000000002	758.600000000011	0.9117647058823529	0.7823529411764706	1.0	0.8058823529411765	1.0	0.9411764705882353
YER062C	294	1116.0	111	78.0	7.0	657.0	249.0	159.0	193.19292035398232	163.0	218.8933333333333	0.11559139784946236	0.6460573476702509	0.20430107526881722	0.9614695340501792	0.5806451612903226	0.992831541218638
YER063W	275	844.0	99	11.0	22.0	522.0	276.0	95.0	217.0	177.0	228.0	0.6646919431279621	0.6812796208530806	0.9454976303317536	0.7867298578199052	0.9751184834123223	0.995260663507109
YER064C	683	6440.0	1087	22.0	24.0	164.0	1909.0	91.0	276.5	136.0	506.0	0.6919254658385093	0.618167701863354	0.9467391304347826	0.9194099378881988	1.0	0.9391304347826087
YER065C	145	354.0	30	263.0	5.0	350.0	162.0	337.45	127.0	340.96	137.0	0.3502824858757062	0.9774011299435028	0.4406779661016949	1.0	0.7231638418079096	1.0
YER066W	95	201.0	38	283.25	43.0	1441.0	407.0	900.0	215.0	1130.6500000000035	281.0866666666678	0.21890547263681592	0.5174129353233831	0.21890547263681592	0.845771144278607	0.21890547263681592	0.9900497512437811
YER067W	363	13342.0	7131	8.0	0.0	1619.0	533.0	270.0	93.39999999999964	299.0	101.0	0.8456753110478189	0.9933293359316444	0.8862989057112877	0.9988007794933293	0.8910957877379703	0.9994003897466647
YER068C-A	2	2.0	1	1008.0	155.0	1044.0	461.0	1044.0	461.0	1044.0	461.0	0.5	0.5	0.5	0.5	0.5	0.5
YER068W	134	510.0	26	24.0	17.0	148.0	304.0	120.0	115.0	139.0	124.99999999999989	0.6254901960784314	0.9509803921568627	0.9294117647058824	0.984313725490196	1.0	0.9921568627450981
YER069W	50	88.0	5	24.0	26.0	199.0	161.0	75.0	161.0	151.88000000000056	161.0	0.5454545454545454	0.5	0.8636363636363636	0.9204545454545454	0.9886363636363636	1.0
YER070W	253	1027.0	97	29.0	30.541836734686513	265.0	1725.0	78.0	224.0	187.0	247.23000000000002	0.7166504381694255	0.7059396299902629	0.9883154819863681	0.8802336903602727	0.9892891918208374	0.9337877312560857
YER071C	223	585.0	57	18.928571428579744	23.900000000023283	188.0	286.0	78.5	248.5	105.0666666666666	268.0	0.7658119658119659	0.6427350427350428	0.8871794871794871	0.9196581196581196	0.9914529914529915	0.9658119658119658
YER072W	952	32448.0	6079	13.0	3.0	3895.0	4112.0	90.0	150.0	108.0	163.0	0.8213141025641025	0.9746055226824457	0.9010108481262328	0.9970106015779092	0.9998459072978304	0.9995069033530573
YER073W	243	1745.0	408	2.0	164.0	1282.0	2058.0	86.0	279.0	215.0	282.41999999999996	0.9232091690544413	0.5742120343839542	0.935243553008596	0.5759312320916905	0.9822349570200573	0.5988538681948424
YER074W	565	4128.0	342	29.0	30.0	3575.0	454.0	56.0	154.0	83.4399999999996	166.4533333333333	0.6022286821705426	0.6022286821705426	0.9874031007751938	0.8195251937984496	0.999031007751938	0.999031007751938
YER074W-A	430	1760.0	152	34.0	6.0	345.0	485.0	69.0	286.0	175.0	322.6000000000001	0.6431818181818182	0.8102272727272727	0.8948863636363636	0.8335227272727272	0.9840909090909091	0.8357954545454546
YER075C	36	45.0	5	20.0	17.75	346.0	320.0	341.0	313.0	346.0	320.0	0.8	0.8222222222222222	0.8666666666666667	0.8888888888888888	0.9111111111111111	0.8888888888888888
YER076C	86	117.0	12	291.5	142.0	553.0	379.0	503.0	300.0	546.97	301.32	0.4444444444444444	0.6324786324786325	0.5641025641025641	0.6923076923076923	0.6410256410256411	0.7435897435897436
YER076W-A	3	1.0	1	2.5	81.0	341.0	193.0	341.0	189.3	341.0	192.26	1.0	1.0	1.0	1.0	1.0	1.0
YER077C	1	1.0	1	0.0	0.0	178.0	108.0	178.0	108.0	178.0	108.0	1.0	1.0	1.0	1.0	1.0	1.0
YER078C	152	529.0	35	61.58974358974956	7.0	399.0	177.0	212.0	117.09999999999991	239.0	165.0	0.32892249527410206	0.941398865784499	0.46313799621928164	0.9565217391304348	0.9905482041587902	1.0
YER078W-A	6	4.0	1	155.0	3.0	1877.0	71.0	1877.0	67.39999999999999	1877.0	70.28	0.25	1.0	0.25	1.0	0.5	1.0
YER079W	86	125.0	5	8.0	136.0	107.0	303.0	85.0	276.0	98.0	300.0	0.84	0.304	0.976	0.48	1.0	0.48
YER080W	185	885.0	118	23.0	2.0	107.0	766.0	47.875	125.0	80.39999999999964	368.833333333333	0.735593220338983	0.8666666666666667	0.9898305084745763	0.9096045197740112	1.0	0.9751412429378531
YER081W	83	206.0	47	445.0	0.0	505.0	263.0	473.0	193.0	481.88	263.0	0.4368932038834951	0.8980582524271845	0.46601941747572817	0.9077669902912622	0.470873786407767	0.9320388349514563
YER082C	224	1307.0	183	11.0	5.0	1140.0	354.0	92.37058823529411	92.0	106.01000000000045	159.58000000000038	0.8661055853098699	0.9594491201224178	0.9885233358837031	0.9678653404743688	0.9923488905891354	0.9931140015302219
YER083C	314	3700.0	477	19.20754716981901	6.0	55.0	2159.0	36.0	46.0	45.0	211.0	0.96	0.9745945945945946	1.0	0.9767567567567568	1.0	0.9794594594594594
YER085C	20	21.0	3	46.75	22.16666666668607	1488.0	475.0	849.9999999999992	157.0	1488.0	341.4399999999995	0.3333333333333333	0.7142857142857143	0.8095238095238095	1.0	0.8571428571428571	1.0
YER086W	852	8304.0	1111	49.0	9.0	145.0	393.0	109.0	166.0	111.0	170.0	0.41883429672447015	0.7678227360308285	0.7618015414258189	0.9639932562620424	0.9993978805394991	0.9965077071290944
YER087C-B	409	4555.0	592	8.0	5.0	1933.0	370.0	47.0	220.0	58.0	242.5399999999998	0.9659714599341384	0.9001097694840834	0.9978046103183315	0.9920965971459934	0.9980241492864984	0.994291986827662
YER087W	123	532.0	64	8.0	84.59999999997672	116.0	196.0	81.0	168.99591836734695	99.3599999999999	182.78769230769223	0.8120300751879699	0.2951127819548872	0.9586466165413534	0.41541353383458646	1.0	0.9454887218045113
YER088C	166	417.0	19	61.83333333331393	17.0	691.0	193.0	137.11999999999998	166.0	299.8799999999994	173.46499999999983	0.3645083932853717	0.8465227817745803	0.9376498800959233	0.9664268585131894	0.9664268585131894	0.9784172661870504
YER088C-A	417	862.0	61	520.0	104.0	1676.0	540.0	1650.0	436.0	1673.0	478.52	0.5591647331786543	0.6786542923433875	0.6136890951276102	0.7238979118329466	0.62877030162413	0.7470997679814385
YER088W-B	11	9.0	3	1497.5	1553.041666666686	2837.0	1597.0	2837.0	1597.0	2837.0	1597.0	0.4444444444444444	0.4444444444444444	0.4444444444444444	0.4444444444444444	0.4444444444444444	0.4444444444444444
YER089C	903	8060.0	1092	10.0	11.0	360.0	790.0	330.0	554.0	352.0	684.0	0.8898263027295286	0.9225806451612903	0.9492555831265509	0.929652605459057	0.9702233250620348	0.9297766749379652
YER090C-A	1	1.0	1	0.0	0.0	1223.0	637.0	1223.0	637.0	1223.0	637.0	1.0	1.0	1.0	1.0	1.0	1.0
YER090W	418	3855.0	287	31.0	8.0	527.0	266.0	93.0	147.0	100.7782608695652	174.0	0.6360570687418936	0.7501945525291829	0.9810635538261997	0.9743190661478599	0.9997405966277562	0.991958495460441
YER091C	130	1479.0	815	0.0	0.0	365.0	281.0	78.0	235.0	199.84000000000015	248.0	0.964841108857336	0.9323867478025692	0.9675456389452333	0.9567275185936444	0.9878296146044625	0.9925625422582827
YER092W	345	1153.0	173	6.0	136.0	63.0	2134.0	37.053333333333285	266.39999999999964	51.42500000000007	424.0	0.9063313096270599	0.4735472679965308	0.9965307892454467	0.5897658282740676	1.0	0.6955767562879445
YER093C	9	17.0	5	21.267857142840512	4.0	137.0	187.0	123.34999999999994	143.94999999999982	137.0	187.0	0.7058823529411765	0.9411764705882353	0.9411764705882353	0.9411764705882353	1.0	0.9411764705882353
YER093C-A	6	7.0	2	10.08333333331393	8.0	34.0	138.0	34.0	138.0	34.0	138.0	1.0	1.0	1.0	1.0	1.0	1.0
YER094C	541	8317.0	1499	15.0	0.0	959.0	355.0	110.0	161.0	118.66624999999999	172.0	0.879644102440784	0.9870145485150896	0.978117109534688	0.9941084525670314	0.9937477455813394	0.9955512805097992
YER095W	378	1626.0	121	33.0	6.0	348.0	730.0	67.0	320.9999999999991	84.0	380.44000000000005	0.4932349323493235	0.7539975399753998	0.8105781057810578	0.8567035670356704	0.997539975399754	0.9372693726937269
YER096W	34	40.0	3	16.5	24.33333333331393	329.0	347.0	172.5	199.0	329.0	331.80000000000007	0.725	0.875	0.875	0.875	0.975	0.9
YER097W	3	1.0	1	104.0	938.0	219.0	1902.0	198.2	1902.0	214.84	1902.0	1.0	1.0	1.0	1.0	1.0	1.0
YER098W	54	71.0	5	28.0	262.75	288.0	430.0	252.23333333333338	423.0	287.37	429.26500000000004	0.5211267605633803	0.4647887323943662	0.8309859154929577	0.6056338028169014	0.8591549295774648	0.6197183098591549
YER099C	245	599.0	30	19.0	8.0	478.0	2255.0	260.0	877.6499999999999	270.51	993.02	0.7879799666110183	0.6360601001669449	0.8814691151919867	0.9365609348914858	0.9031719532554258	0.9382303839732888
YER100W	166	576.0	61	136.54545454547042	3.0	286.0	3451.0	286.0	108.0	286.0	193.08000000000015	0.234375	0.9652777777777778	0.4826388888888889	0.9895833333333334	0.6163194444444444	0.9895833333333334
YER101C	77	110.0	7	47.428571428579744	33.0	464.0	180.0	450.0	160.0	450.0	178.4	0.5	0.4090909090909091	0.8090909090909091	0.9636363636363636	0.8636363636363636	1.0
YER102W	287	1888.0	292	6.0	83.0	3448.0	346.0	37.0	150.97575757575757	73.0	199.73333333333298	0.9761652542372882	0.6763771186440678	0.9888771186440678	0.6965042372881356	0.9973516949152542	0.9872881355932204
YER103W	220	394.0	12	250.0	8.0	739.0	222.0	554.5999999999999	158.0	652.6000000000003	169.0666666666667	0.1751269035532995	0.7868020304568528	0.30710659898477155	0.9974619289340102	0.3730964467005076	1.0
YER104W	188	677.0	201	0.0	37.25	148.0	1742.0	29.0	1058.0	53.97333333333336	1671.9400000000014	0.9601181683899557	0.5834564254062038	1.0	0.6056129985228951	1.0	0.620384047267356
YER105C	51	92.0	10	3.909090909117367	40.5	63.0	326.0	37.79999999999998	286.8666666666667	63.0	317.80999999999995	0.9565217391304348	0.5543478260869565	1.0	0.6630434782608695	1.0	0.8695652173913043
YER107C	185	558.0	24	17.0	31.0	599.0	244.0	199.15	145.0	224.11999999999955	165.83999999999992	0.7598566308243727	0.3763440860215054	0.982078853046595	0.996415770609319	0.989247311827957	0.996415770609319
YER110C	166	985.0	227	12.664556962030474	5.0	181.0	582.0	141.0	152.0	165.45999999999998	154.0	0.8791878172588833	0.7705583756345178	0.9593908629441624	0.9715736040609138	0.9949238578680203	0.9989847715736041
YER111C	2	2.0	1	127.0	0.0	320.0	143.0	320.0	143.0	320.0	143.0	0.5	1.0	0.5	1.0	0.5	1.0
YER112W	113	327.0	46	50.0	0.0	117.0	122.0	101.0	104.0	106.69000000000005	115.0	0.4740061162079511	0.9235474006116208	0.8226299694189603	1.0	1.0	1.0
YER113C	28	39.0	6	98.90000000002328	8.0	173.0	159.0	163.49999999999997	159.0	173.0	159.0	0.28205128205128205	0.8461538461538461	0.6666666666666666	0.8461538461538461	0.9743589743589743	0.8974358974358975
YER114C	18	19.0	2	29.75	57.0	345.0	319.0	345.0	318.1	345.0	319.0	0.5263157894736842	0.2631578947368421	0.8421052631578947	0.7368421052631579	1.0	0.8421052631578947
YER115C	330	781.0	36	559.0	50.0	1799.0	449.0	1405.0	129.0	1420.0	382.0	0.43918053777208704	0.5428937259923176	0.678617157490397	0.7490396927016645	0.7029449423815621	0.9833546734955185
YER116C	173	289.0	22	25.5	802.0	494.0	1505.0	118.06666666666668	1183.4	489.0600000000002	1260.7800000000009	0.6539792387543253	0.2837370242214533	0.8996539792387543	0.3737024221453287	0.9792387543252595	0.47058823529411764
YER117W	2182	220520.0	37292	8.0	15.0	1058.0	3233.0	28.0	124.0	51.0	191.0	0.9692182115000907	0.8479004171957192	0.9986259749682569	0.9461454743333938	0.9997369853074551	0.9865454380555052
YER118C	209	387.0	16	15.83333333331393	24.0	299.0	292.0	208.0	289.0	211.0	289.0	0.7855297157622739	0.5736434108527132	0.8837209302325582	0.8036175710594315	0.9922480620155039	0.8656330749354005
YER119C	222	1176.0	120	8.0	5.0	1037.0	703.0	50.0	114.0	72.28000000000004	162.48000000000002	0.9319727891156463	0.9285714285714286	0.9906462585034014	0.9727891156462585	0.9957482993197279	0.9948979591836735
YER119C-A	1	1.0	1	0.0	0.0	641.0	1465.0	641.0	1465.0	641.0	1465.0	1.0	1.0	1.0	1.0	1.0	1.0
YER120W	780	8340.0	1129	8.0	22.0	1703.0	307.0	48.0	234.0	62.0	238.0	0.9437649880095923	0.6470023980815348	0.9947242206235012	0.7842925659472422	0.9976019184652278	0.9278177458033573
YER121W	19	39.0	10	59.5	0.0	331.0	193.0	218.59999999999962	134.59999999999997	331.0	193.0	0.5897435897435898	0.9487179487179487	0.6666666666666666	0.9743589743589743	0.8717948717948718	1.0
YER122C	529	3163.0	145	64.75	22.620370370394085	102.0	991.0	81.0	153.0	83.2466666666666	198.0	0.5731900094846665	0.6392665191274107	0.6263041416376858	0.951312045526399	1.0	0.9709136895352514
YER123W	233	2122.0	375	0.0	52.0	202.0	729.0	188.0	457.06666666666496	193.0	544.0	0.9905749293119699	0.36804901036757776	0.9985862393967955	0.5650329877474081	1.0	0.8369462770970783
YER124C	763	7980.0	1025	15.0	17.0	354.0	671.0	63.0	400.1818181818182	77.0	475.0	0.9091478696741855	0.7043859649122807	0.9953634085213032	0.937468671679198	0.9984962406015038	0.9828320802005013
YER125W	69	236.0	32	23.0	0.0	541.0	415.0	512.0	397.0	541.0	413.28	0.6949152542372882	0.9449152542372882	0.8220338983050848	0.9533898305084746	0.826271186440678	0.9533898305084746
YER126C	484	1524.0	167	8.0	95.0	121.0	582.0	84.0	209.0	102.0	472.65	0.8661417322834646	0.3556430446194226	0.9416010498687664	0.4573490813648294	1.0	0.7244094488188977
YER127W	159	686.0	108	18.0	1.0	1234.0	379.0	39.719999999999956	119.0	223.7599999999968	199.0	0.9460641399416909	0.8629737609329446	0.9854227405247813	0.9708454810495627	0.9897959183673469	0.9941690962099126
YER128W	146	240.0	11	30.0	27.0	76.0	609.0	62.0	194.0	76.0	524.9999999999998	0.6208333333333333	0.7375	0.925	0.95	1.0	0.9583333333333334
YER129W	4	4.0	1	15.0	78.5	528.0	277.0	528.0	277.0	528.0	277.0	1.0	0.25	1.0	0.75	1.0	1.0
YER130C	45	113.0	14	29.0	41.0	699.0	253.0	96.0	253.0	687.0300000000001	253.0	0.6814159292035398	0.6814159292035398	0.9823008849557522	1.0	0.9823008849557522	1.0
YER131W	496	4047.0	438	15.0	19.0	164.0	312.0	112.45263157894729	143.0	117.0	159.0	0.6758092414133926	0.7608104768964665	0.9352606869285891	0.9987645169261181	1.0	0.9997529033852236
YER133W	77	99.0	12	8.0	309.25	148.0	527.0	85.0	464.48	108.80000000000041	466.01	0.9292929292929293	0.5454545454545454	0.98989898989899	0.6262626262626263	1.0	0.6363636363636364
YER134C	450	1384.0	77	16.0	119.0	572.0	964.0	78.5333333333333	867.0	230.0	962.0	0.7384393063583815	0.32153179190751446	0.958092485549133	0.34104046242774566	0.9588150289017341	0.6242774566473989
YER135C	2	3.0	2	151.66666666668607	793.3333333333139	213.0	1524.0	213.0	1524.0	213.0	1524.0	0.6666666666666666	0.6666666666666666	0.6666666666666666	0.6666666666666666	0.6666666666666666	0.6666666666666666
YER136W	409	2684.0	285	46.0	3.0	212.0	1395.0	137.0	332.0	145.0	354.0	0.5815946348733234	0.9359165424739195	0.7492548435171386	0.9560357675111774	0.9981371087928465	0.996274217585693
YER137C	94	303.0	73	20.0	5.0	186.0	201.0	77.0	167.0	102.0	188.0	0.7524752475247525	0.9636963696369637	0.9141914191419142	1.0	0.9933993399339934	1.0
YER137W-A	4	4.0	2	1213.333333333314	253.33333333331393	2096.0	486.0	2096.0	486.0	2096.0	486.0	0.5	0.75	0.75	0.75	0.75	0.75
YER139C	150	257.0	18	32.0	520.0	430.0	914.0	169.94999999999993	831.0	254.0	841.1500000000001	0.44357976653696496	0.5369649805447471	0.8988326848249028	0.5836575875486382	0.9766536964980544	0.5992217898832685
YER140W	93	167.0	8	24.0	6.0	84.0	393.0	72.0	393.0	84.0	393.0	0.6227544910179641	0.7724550898203593	0.9880239520958084	0.8083832335329342	1.0	0.874251497005988
YER141W	345	4694.0	627	26.0	1.0	190.0	425.0	63.0	240.0	96.5600000000004	257.0	0.537920749893481	0.9929697486152536	0.9925436727737538	0.9944610140605028	0.9997869620792501	0.9963783553472518
YER142C	175	268.0	14	15.0	22.0	348.0	617.0	74.0	160.0	348.0	594.0999999999999	0.7910447761194029	0.5708955223880597	0.9626865671641791	0.7574626865671642	0.9850746268656716	0.9589552238805971
YER143W	260	734.0	31	30.83333333331393	75.0	98.0	314.0	70.0	202.0	79.05999999999989	217.0	0.45776566757493187	0.47275204359673023	0.9918256130790191	0.7111716621253406	1.0	0.9850136239782016
YER144C	110	668.0	105	2.75	8.0	102.0	1244.0	33.48000000000006	132.0	94.0	226.79000000000173	0.9491017964071856	0.9550898203592815	0.9670658682634731	0.9835329341317365	1.0	0.9895209580838323
YER145C	210	1325.0	218	0.0	53.0	562.0	236.0	45.0	177.75	67.875	180.27777777777777	0.8852830188679245	0.5139622641509434	0.9909433962264151	0.7267924528301887	0.9939622641509434	0.9984905660377359
YER145C-A	3	3.0	1	44.25	300.75	89.0	1005.0	89.0	1005.0	89.0	1005.0	0.6666666666666666	0.3333333333333333	0.6666666666666666	0.6666666666666666	1.0	0.6666666666666666
YER146W	166	468.0	65	31.0	0.0	749.0	1396.0	228.0	100.87999999999997	266.59999999999997	150.0	0.5299145299145299	0.9594017094017094	0.8653846153846154	0.9786324786324786	0.8675213675213675	0.9935897435897436
YER147C	205	1518.0	296	23.0	0.0	121.0	200.0	84.0	105.0	98.0	105.0	0.7654808959156785	0.7799736495388669	0.9466403162055336	0.7799736495388669	1.0	0.9288537549407114
YER148W	306	3989.0	1188	4.0	0.0	1164.0	361.0	202.0	191.0	215.0	200.0	0.9132614690398596	0.9824517422913011	0.932815241915267	0.9827024316871397	0.9415893707696165	0.9834544998746553
YER149C	35	121.0	43	26.0	0.0	145.0	99.0	77.94999999999999	78.0	112.33999999999963	90.4799999999999	0.6942148760330579	0.9917355371900827	0.9917355371900827	1.0	1.0	1.0
YER150W	73	112.0	21	139.25	3.0	655.0	200.0	655.0	166.97142857142856	655.0	172.38	0.6696428571428571	0.875	0.6875	0.9375	0.6964285714285714	1.0
YER151C	100	247.0	30	24.0	10.75	1614.0	92.0	120.64999999999998	86.14999999999998	124.0	87.10000000000001	0.6882591093117408	0.9919028340080972	0.9959514170040485	1.0	0.9959514170040485	1.0
YER152C	409	1088.0	103	786.0	2.0	2207.0	3040.0	1239.0	130.0	1485.8599999999997	422.0	0.4007352941176471	0.8943014705882353	0.44485294117647056	0.9090073529411765	0.4494485294117647	0.9558823529411765
YER153C	130	276.0	49	407.5	6.0	1390.0	2130.0	657.8	1465.0	701.3600000000001	1550.4600000000003	0.6014492753623188	0.9384057971014492	0.6992753623188406	0.9528985507246377	0.7282608695652174	0.9891304347826086
YER154W	154	456.0	114	500.33333333337214	0.0	847.0	334.0	744.0	84.0	800.0799999999999	177.2399999999999	0.6864035087719298	0.8969298245614035	0.7127192982456141	0.9627192982456141	0.7149122807017544	0.9890350877192983
YER156C	330	9425.0	3234	0.0	7.0	1105.0	315.0	25.0	114.0	41.0	116.0	0.9876923076923076	0.9287002652519893	0.9983023872679045	0.9995755968169762	0.9989389920424403	1.0
YER157W	93	446.0	75	7.0	42.0	277.0	110.0	31.19999999999999	81.97377049180328	38.85000000000005	91.0	0.9887892376681614	0.4977578475336323	0.9955156950672646	0.952914798206278	0.9955156950672646	1.0
YER158C	53	65.0	4	96.5	19.5	293.0	160.0	289.0	147.0	293.0	158.19999999999993	0.49230769230769234	0.8461538461538461	0.6461538461538462	1.0	0.8923076923076924	1.0
YER158W-A	7	1.0	1	11.0	192.5	44.0	572.0	29.2	470.0	29.84	477.2	1.0	1.0	1.0	1.0	1.0	1.0
YER159C	571	3676.0	234	20.0	21.19834710744908	216.0	248.0	192.0	147.0	193.0	159.0	0.9458650707290533	0.5933079434167573	0.9801414581066377	0.9953754080522307	0.984221980413493	0.999183895538629
YER161C	70	302.0	80	12.0	2.0	77.0	1175.0	68.0	271.0	75.64000000000003	610.5600000000004	0.9337748344370861	0.9735099337748344	1.0	0.9834437086092715	1.0	0.9867549668874173
YER162C	39	65.0	7	7.0	61.33333333331393	48.0	232.0	47.0	219.0	47.849999999999994	230.69999999999996	0.9692307692307692	0.4461538461538462	1.0	0.6923076923076923	1.0	0.8461538461538461
YER163C	258	754.0	72	26.0	74.0	1051.0	220.0	43.0	126.0	127.0	142.0	0.6472148541114059	0.3302387267904509	0.9708222811671088	0.5503978779840849	0.9787798408488063	0.9840848806366048
YER164W	4	4.0	1	32.0	16.5	312.0	146.0	312.0	146.0	312.0	146.0	0.5	0.75	1.0	1.0	1.0	1.0
YER165W	705	6602.0	1159	5.0	26.0	250.0	258.0	150.0	193.0	164.0	204.05647058823524	0.8724628900333232	0.5081793395940624	0.9577400787640109	0.6563162677976371	0.9653135413511057	0.9986367767343229
YER167W	31	78.0	23	248.44444444443798	0.0	973.0	169.0	396.3599999999999	157.0	870.893333333333	167.6	0.34615384615384615	0.9102564102564102	0.38461538461538464	0.9102564102564102	0.7051282051282052	0.9102564102564102
YER168C	141	297.0	10	26.0	35.08333333331393	95.0	228.0	61.64999999999998	103.94999999999993	70.23999999999978	228.0	0.8013468013468014	0.5656565656565656	0.9966329966329966	0.9562289562289562	1.0	0.9629629629629629
YER169W	93	144.0	11	52.0	12.0	319.0	250.0	282.19999999999993	213.0	305.37	250.0	0.5625	0.8819444444444444	0.9166666666666666	1.0	0.9930555555555556	1.0
YER170W	72	90.0	5	31.0	10.0	105.0	433.0	80.0	381.0	98.99999999999991	401.1999999999998	0.5	0.7222222222222222	0.9444444444444444	0.8666666666666667	1.0	0.9333333333333333
YER171W	116	297.0	17	18.285714285681024	6.0	129.0	324.0	125.0	129.0	127.03999999999996	137.43333333333325	0.8922558922558923	0.8249158249158249	0.9730639730639731	0.9932659932659933	0.98989898989899	0.9932659932659933
YER173W	1	1.0	1	0.0	0.0	30.0	172.0	30.0	172.0	30.0	172.0	1.0	1.0	1.0	1.0	1.0	1.0
YER174C	16	27.0	5	15.0	9.25	152.0	119.0	146.86666666666665	111.0	152.0	114.68	0.9259259259259259	0.9259259259259259	1.0	0.9259259259259259	1.0	1.0
YER175C	157	366.0	35	997.0	65.0	1108.0	377.0	1093.0	287.73333333333335	1097.0	338.67999999999995	0.6530054644808743	0.5	0.7158469945355191	0.546448087431694	0.7295081967213115	0.9016393442622951
YER175W-A	13	25.0	8	22.5	0.0	1163.0	818.0	1157.75	796.625	1163.0	818.0	0.76	0.8	0.8	0.8	0.84	0.88
YER176W	27	100.0	24	13.625	0.0	76.0	115.0	60.57142857142857	114.0	74.28571428571428	114.5	0.9	1.0	1.0	1.0	1.0	1.0
YER177W	979	16021.0	1697	8.0	9.0	674.0	1799.0	100.0	178.0	125.0	190.0	0.7804756257412147	0.7527619998751639	0.9476936520816428	0.7602521690281505	0.9939454466013358	0.7636227451469946
YER178W	560	38260.0	10437	3.0	0.0	1326.0	355.0	43.0	147.0	52.0	148.0	0.9846837428123366	0.9952692106638787	0.9994772608468374	0.9980658651332985	0.9997647673810769	0.9986931521170935
YER179W	3	3.0	1	0.0	162.75	29.0	254.0	29.0	254.0	29.0	254.0	1.0	0.3333333333333333	1.0	0.3333333333333333	1.0	0.3333333333333333
YER180C	143	508.0	72	30.0	0.0	670.0	308.0	643.0	63.0	651.0666666666667	66.0	0.32086614173228345	0.9665354330708661	0.8917322834645669	0.9980314960629921	0.8996062992125984	0.9980314960629921
YER180C-A	108	469.0	72	30.0	0.0	75.0	1449.0	48.0	1204.0	57.366666666666674	1207.0	0.36673773987206826	0.9360341151385928	1.0	0.9637526652452025	1.0	0.9637526652452025
YER181C	13	3.0	2	50.0	0.25	619.0	52.0	615.4	51.7	615.88	51.94	0.6666666666666666	1.0	0.6666666666666666	1.0	1.0	1.0
YER182W	170	831.0	155	9.0	13.0	206.0	124.0	73.0	110.99374999999999	81.0	115.0	0.7858002406738869	0.9759326113116726	0.9939831528279182	1.0	0.9951865222623345	1.0
YER183C	87	706.0	242	0.0	6.0	129.0	107.0	11.0	96.0	37.0	96.21999999999997	0.9787535410764873	0.8611898016997167	0.9915014164305949	0.9957507082152974	0.9985835694050992	1.0
YER184C	14	18.0	3	304.0	166.0	452.0	1327.0	426.79999999999984	1064.1999999999987	452.0	1327.0	0.4444444444444444	0.16666666666666666	0.4444444444444444	0.16666666666666666	0.4444444444444444	0.16666666666666666
YER185W	6	5.0	1	618.75	14.0	896.0	61.0	896.0	61.0	896.0	61.0	0.2	0.8	0.2	1.0	0.2	1.0
YER186C	146	224.0	11	118.0	50.0	513.0	1376.0	193.0	295.49999999999955	364.6999999999982	1262.0399999999986	0.375	0.5267857142857143	0.45089285714285715	0.7008928571428571	0.6160714285714286	0.84375
YER187W	26	18.0	2	31.5	49.0	718.0	202.0	703.5999999999999	200.46666666666667	715.12	201.64	0.4444444444444444	0.5	0.8333333333333334	1.0	0.8333333333333334	1.0
YER188W	51	57.0	4	61.75	6.0	1039.0	269.0	290.8499999999999	265.6	1028.44	269.0	0.10526315789473684	0.8947368421052632	0.14035087719298245	1.0	0.21052631578947367	1.0
YFL001W	34	56.0	10	41.39999999999418	3.0	366.0	50.0	60.39999999999999	41.39999999999999	352.2599999999995	50.0	0.6071428571428571	1.0	0.9642857142857143	1.0	0.9821428571428571	1.0
YFL002C	190	1012.0	116	12.0	10.0	322.0	224.0	35.0	143.0	129.7799999999994	205.12666666666667	0.9594861660079052	0.974308300395257	0.9881422924901185	0.9822134387351779	0.9901185770750988	0.9960474308300395
YFL004W	415	1819.0	241	75.80769230768783	126.25	322.0	1134.0	153.0666666666666	214.0	160.46499999999992	233.0	0.46893897746014296	0.6146234194612424	0.5448048378229796	0.6393622869708631	0.9956019791094007	0.74326553051127
YFL005W	330	1337.0	150	23.0	2.0	232.0	242.0	192.0	222.0	212.0	233.0	0.5355272999252056	0.9102468212415856	0.7778608825729244	0.9827973074046372	0.8855646970830217	1.0
YFL008W	9	13.0	6	4.0	17.25	50.0	119.0	49.25	118.1	50.0	119.0	1.0	1.0	1.0	1.0	1.0	1.0
YFL009W	71	228.0	40	16.0	10.0	224.0	155.0	204.0	121.6999999999999	223.72	155.0	0.9210526315789473	0.9473684210526315	0.9824561403508771	0.9517543859649122	0.9824561403508771	1.0
YFL010C	586	8410.0	1901	3.0	8.0	250.0	1100.0	32.0	169.0	38.0	180.79999999999927	0.9847800237812129	0.8821640903686088	0.9998810939357907	0.9926278240190249	0.9998810939357907	0.9978596908442331
YFL012W	10	15.0	4	2.5	15.80000000000291	92.0	453.0	92.0	384.75	92.0	453.0	0.8	0.7333333333333333	1.0	0.9333333333333333	1.0	0.9333333333333333
YFL013C	79	158.0	25	7.0	86.0	85.0	231.0	43.4	221.46666666666667	85.0	231.0	0.9810126582278481	0.4430379746835443	0.9810126582278481	0.5949367088607594	1.0	0.8417721518987342
YFL014W	25	54.0	18	22.75	9.0	426.0	212.0	73.6	210.51111111111112	418.96000000000015	210.9911111111111	0.6851851851851852	0.8333333333333334	0.9814814814814815	1.0	0.9814814814814815	1.0
YFL016C	163	336.0	27	53.5	3.0	250.0	110.0	85.0	103.0	101.47999999999956	104.57	0.25595238095238093	0.9613095238095238	0.5952380952380952	1.0	0.9970238095238095	1.0
YFL017C	417	1762.0	249	21.0	5.0	1214.0	2438.0	55.0	198.0	60.15199999999995	198.0	0.677639046538025	0.8024971623155505	0.9914869466515324	0.8461975028376845	0.9988649262202043	0.8825198637911464
YFL017W-A	311	1791.0	163	42.0	6.0	441.0	148.0	59.0	86.0	205.0	96.0	0.47571189279731996	0.9653824678950307	0.9776661083193746	0.9972082635399219	0.983249581239531	1.0
YFL018C	1166	15517.0	602	23.0	23.0	2549.0	140.0	93.0	98.70122699386502	95.0	113.0	0.8388863826770638	0.7023909260810723	0.9119675194947477	0.9987110910614165	0.9999355545530708	1.0
YFL019C	3	3.0	1	381.0	16.5	671.0	1157.0	671.0	1157.0	671.0	1157.0	0.3333333333333333	0.6666666666666666	0.3333333333333333	1.0	0.3333333333333333	1.0
YFL020C	33	30.0	3	635.0	18.333333333328483	1677.0	194.0	1404.0	184.0	1677.0	194.0	0.1	0.7	0.13333333333333333	0.9	0.4666666666666667	1.0
YFL021C-A	8	6.0	2	232.33333333332848	287.3333333333285	920.0	318.0	920.0	314.4	920.0	317.28	0.3333333333333333	0.5	0.5	0.5	0.5	0.5
YFL021W	19	24.0	3	133.5	110.0	471.0	160.0	336.59999999999945	119.0	471.0	140.31999999999982	0.2916666666666667	0.3333333333333333	0.4583333333333333	0.375	0.5416666666666666	0.375
YFL022C	418	4090.0	181	19.0	7.0	93.0	389.0	63.0	115.0	71.0	159.0	0.8464547677261614	0.9797066014669926	0.9508557457212714	0.9860635696821516	1.0	0.9987775061124694
YFL023W	79	299.0	25	9.0	7.25	292.0	132.0	20.0	106.0	23.215999999999987	128.0	0.9966555183946488	0.959866220735786	0.9966555183946488	1.0	0.9966555183946488	1.0
YFL024C	19	22.0	2	12.0	20.0	306.0	420.0	304.2	414.59999999999997	306.0	420.0	0.8636363636363636	0.7272727272727273	1.0	0.9090909090909091	1.0	0.9090909090909091
YFL025C	3	4.0	2	18.666666666656965	14.5	77.0	179.0	77.0	179.0	77.0	179.0	1.0	0.75	1.0	1.0	1.0	1.0
YFL026W	162	94.0	7	31.0	21.0	1094.0	351.0	612.5999999999997	282.26666666666665	930.7600000000009	285.0	0.5851063829787234	0.6170212765957447	0.7446808510638298	0.7978723404255319	0.7978723404255319	1.0
YFL027C	54	99.0	12	4.0	15.785714285710128	291.0	271.0	36.099999999999994	88.275	80.3000000000022	249.44000000000023	0.9494949494949495	0.7575757575757576	0.98989898989899	0.9797979797979798	0.98989898989899	0.9797979797979798
YFL028C	242	1167.0	128	10.0	10.0	92.0	134.0	43.0	100.0	58.0	134.0	0.9203084832904884	0.8946015424164524	0.9974293059125964	0.9862896315338475	1.0	1.0
YFL029C	5	6.0	3	16.0	17.0	54.0	81.0	54.0	81.0	54.0	81.0	1.0	1.0	1.0	1.0	1.0	1.0
YFL030W	18	29.0	6	10.166666666671517	12.25	115.0	107.0	93.14999999999993	101.29999999999998	115.0	107.0	0.8275862068965517	0.9310344827586207	0.896551724137931	1.0	0.9655172413793104	1.0
YFL031W	90	1188.0	662	0.0	17.0	74.0	477.0	66.0	420.4923076923077	67.28842105263156	431.224	0.9932659932659933	0.8282828282828283	1.0	0.9983164983164983	1.0	1.0
YFL034C-A	455	6154.0	1534	3.0	8.0	95.0	1400.0	53.0	86.0	56.0	90.0	0.9855378615534611	0.975625609359766	0.9996750081247969	0.9954501137471563	1.0	0.9995125121871953
YFL034C-B	92	152.0	9	23.0	14.5	981.0	214.0	67.0	185.0	796.2959999999963	203.6199999999998	0.6578947368421053	0.7368421052631579	0.993421052631579	0.756578947368421	0.993421052631579	0.9868421052631579
YFL034W	14	17.0	3	12.25	8.75	189.0	168.0	189.0	158.54999999999995	189.0	168.0	1.0	0.8823529411764706	1.0	0.9411764705882353	1.0	1.0
YFL036W	1	2.0	2	0.0	0.0	219.0	100.0	219.0	100.0	219.0	100.0	1.0	1.0	1.0	1.0	1.0	1.0
YFL037W	501	16551.0	3243	25.0	0.0	210.0	258.0	80.0	228.0	89.0	235.0	0.7281131049483415	0.9652588967433992	0.9880973959277385	0.9688236360340765	0.999879161379977	0.9807866594163495
YFL038C	1096	10758.0	411	43.0	21.0	270.0	2288.0	83.0	118.0	94.0	123.96800000000003	0.6532812790481503	0.7400074363264547	0.966629485034393	0.9883807399144823	0.9998140918386317	0.9973043316601599
YFL039C	1896	14373.0	1543	11.0	79.0	1373.0	315.0	195.0	289.0	200.0	290.0	0.725735754539762	0.40736102414248937	0.8273151047102205	0.5395533291588395	0.9988868016419675	0.8218882627148125
YFL041W	129	637.0	145	3.7083333333357587	2.0	45.0	350.0	22.0	180.0	33.90999999999997	247.90999999999997	0.9811616954474097	0.8681318681318682	1.0	0.8854003139717426	1.0	0.957613814756672
YFL041W-A	27	39.0	9	37.0	2.0	886.0	81.0	875.3666666666667	81.0	886.0	81.0	0.5897435897435898	0.8974358974358975	0.7948717948717948	1.0	0.8717948717948718	1.0
YFL042C	133	481.0	73	13.0	21.0	398.0	140.0	41.0	90.0	203.67999999999998	98.69	0.9043659043659044	0.5550935550935551	0.9854469854469855	0.9896049896049897	0.9854469854469855	1.0
YFL044C	187	727.0	112	4.0	963.0	81.0	1202.0	38.0	1185.0	42.67600000000002	1192.15	0.9862448418156808	0.4030261348005502	0.9986244841815681	0.6685006877579092	1.0	0.6822558459422283
YFL045C	824	7828.0	2009	7.666666666664241	27.0	1211.0	234.0	1187.0	158.0	1200.0	175.0	0.7557485947879408	0.7132089933571794	0.7875574859478794	0.9787940725600409	0.9158150229943791	0.9993612672457843
YFL046W	316	1291.0	90	18.0	6.0	204.0	331.0	70.0	167.0	136.57333333333312	181.0	0.814872192099148	0.9310611928737413	0.9465530596436871	0.9659178931061193	0.9845081332300543	0.9984508133230054
YFL047W	68	322.0	54	0.0	36.0	78.0	188.0	18.0	100.0	25.0	109.18666666666665	0.9968944099378882	0.6925465838509317	0.9968944099378882	0.9968944099378882	1.0	0.9968944099378882
YFL048C	162	668.0	107	17.0	5.0	51.0	151.0	42.0	141.0	47.0	149.0	0.968562874251497	0.8787425149700598	1.0	1.0	1.0	1.0
YFL049W	94	390.0	48	27.0	5.0	67.0	257.0	44.0	164.0	47.000000000000114	255.4000000000001	0.6948717948717948	0.9564102564102565	1.0	0.9692307692307692	1.0	0.9871794871794872
YFL050C	18	20.0	3	243.5	9.5	783.0	285.0	783.0	285.0	783.0	285.0	0.5	1.0	0.7	1.0	0.7	1.0
YFL052W	120	307.0	24	10.75	472.0	34.0	3084.0	25.0	1033.0	25.0	2975.0	1.0	0.2996742671009772	1.0	0.3550488599348534	1.0	0.36156351791530944
YFL053W	7	7.0	1	279.25	26.5	330.0	327.0	330.0	327.0	330.0	327.0	0.14285714285714285	0.2857142857142857	0.14285714285714285	0.8571428571428571	0.14285714285714285	0.8571428571428571
YFL054C	33	43.0	6	26.5	12.75	1997.0	424.0	1194.1000000000008	72.0	1997.0	121.2800000000002	0.6976744186046512	1.0	0.813953488372093	1.0	0.8604651162790697	1.0
YFL055W	13	15.0	2	293.0	28.5	322.0	881.0	322.0	833.0	322.0	881.0	0.3333333333333333	0.6666666666666666	0.3333333333333333	0.7333333333333333	0.3333333333333333	0.7333333333333333
YFL062W	4	1.0	1	4.0	0.0	15.0	83.0	14.5	81.0	14.9	81.0	1.0	1.0	1.0	1.0	1.0	1.0
YFR001W	259	883.0	53	16.0	18.0	289.0	196.0	70.0	117.0	122.0	181.0	0.7451868629671574	0.6342015855039638	0.9852774631936579	0.9445073612684032	0.9988674971687429	0.986409966024915
YFR002W	77	463.0	59	11.0	4.694444444437977	72.0	137.0	37.0	113.85999999999974	40.0	116.69142857142859	0.8552915766738661	0.937365010799136	0.9978401727861771	1.0	1.0	1.0
YFR003C	166	299.0	24	8.0	44.0	178.0	241.0	69.0	214.0	107.05999999999995	216.01999999999998	0.8060200668896321	0.47491638795986624	0.9832775919732442	0.9230769230769231	1.0	1.0
YFR004W	169	677.0	62	19.0	25.75	601.0	116.0	49.0	103.0	64.19000000000005	109.0	0.9615952732644018	0.7370753323485968	0.9970457902511078	0.9704579025110783	0.9970457902511078	1.0
YFR005C	83	183.0	25	31.5	33.0	77.0	321.0	53.0	289.69999999999976	65.0	321.0	0.5027322404371585	0.46994535519125685	1.0	0.9453551912568307	1.0	0.9508196721311475
YFR006W	202	1066.0	267	8.0	0.0	910.0	147.0	49.77142857142855	115.0	123.91999999999894	126.0	0.9305816135084428	0.9043151969981238	0.9840525328330206	0.9906191369606003	0.9896810506566605	1.0
YFR007W	129	890.0	292	8.0	1.0	75.0	152.0	52.0	70.0	75.0	75.0	0.7831460674157303	0.9089887640449438	0.9853932584269663	0.996629213483146	1.0	1.0
YFR008W	72	148.0	40	27.0	84.0	339.0	467.0	77.0	454.0	296.1200000000009	455.3866666666667	0.6486486486486487	0.6891891891891891	0.9054054054054054	0.7094594594594594	0.9662162162162162	0.7972972972972973
YFR009W	226	1409.0	101	29.44174757282599	4.0	91.0	345.0	76.0	194.0	82.91000000000008	216.0	0.5039034776437189	0.8800567778566359	1.0	0.9091554293825408	1.0	0.9091554293825408
YFR009W-A	529	1958.0	101	388.33333333334303	4.0	1478.0	959.0	1463.0	808.0	1468.0	830.0	0.3631256384065373	0.8886618998978549	0.7206332992849847	0.9157303370786517	0.7211440245148111	0.9157303370786517
YFR010W	247	1072.0	64	39.0	10.0	732.0	198.0	86.0	104.0	95.0	133.0	0.5643656716417911	0.9402985074626866	0.9841417910447762	0.960820895522388	0.9990671641791045	0.9990671641791045
YFR011C	206	1218.0	194	12.0	3.0	103.0	923.0	44.07111111111111	174.0	72.0	194.63999999999987	0.8596059113300493	0.9490968801313628	0.9942528735632183	0.9917898193760263	1.0	0.9975369458128078
YFR012W	1	1.0	1	0.0	0.0	118.0	1068.0	118.0	1068.0	118.0	1068.0	1.0	1.0	1.0	1.0	1.0	1.0
YFR012W-A	21	18.0	4	9.0	26.0	1454.0	291.0	1382.7999999999997	278.99999999999994	1454.0	291.0	0.8333333333333334	0.3888888888888889	0.8888888888888888	0.9444444444444444	0.8888888888888888	1.0
YFR013W	64	138.0	12	9.0	27.0	81.0	383.0	71.06666666666666	162.4	80.24000000000001	383.0	0.9347826086956522	0.5434782608695652	1.0	0.9782608695652174	1.0	0.9855072463768116
YFR014C	345	1439.0	75	45.0	25.0	268.0	313.0	99.0	229.0	124.0	279.2199999999998	0.6031966643502432	0.6226546212647672	0.9583043780403058	0.9715079916608756	0.9986101459346769	0.990271021542738
YFR015C	150	516.0	86	6.0	15.0	275.0	238.0	91.0	177.0	258.8133333333332	203.0	0.872093023255814	0.7306201550387597	0.9515503875968992	0.9651162790697675	0.9786821705426356	1.0
YFR016C	37	56.0	6	53.0	7.0	152.0	145.0	113.19999999999997	62.0	149.77999999999992	143.07999999999993	0.5178571428571429	0.9642857142857143	0.7142857142857143	0.9642857142857143	1.0	1.0
YFR017C	181	532.0	46	12.0	43.0	1422.0	174.0	124.0	120.0	1409.0	128.8133333333332	0.7481203007518797	0.5225563909774437	0.9530075187969925	0.9924812030075187	0.9774436090225563	1.0
YFR018C	80	125.0	11	22.25	12.0	122.0	977.0	69.5	930.0	122.0	975.5	0.576	0.904	0.976	0.904	1.0	0.928
YFR020W	177	280.0	17	499.0	284.0	1045.0	448.0	996.0	430.0	1045.0	448.0	0.42857142857142855	0.4607142857142857	0.5071428571428571	0.4714285714285714	0.55	0.5178571428571429
YFR021W	186	1173.0	179	8.0	15.0	180.0	1245.0	118.84999999999991	170.26666666666642	133.0	205.84666666666666	0.9147485080988917	0.9232736572890026	0.9940323955669225	0.9369138959931799	1.0	0.9906223358908781
YFR022W	69	149.0	13	46.25	66.0	505.0	170.0	290.0	162.0	377.6199999999988	168.01999999999998	0.4966442953020134	0.5838926174496645	0.8523489932885906	0.6040268456375839	0.8590604026845637	1.0
YFR024C-A	289	801.0	37	10.5	52.0	225.0	286.0	35.979999999999976	259.0	37.0	279.0	0.9975031210986267	0.3945068664169788	0.9975031210986267	0.6966292134831461	0.9975031210986267	0.9887640449438202
YFR025C	192	957.0	161	2.0	30.875	97.0	144.0	40.0	142.8025641025641	54.0	143.0	0.9780564263322884	0.677115987460815	0.9979101358411703	0.9184952978056427	1.0	1.0
YFR026C	93	215.0	30	34.0	4.714285714289872	1026.0	567.0	1010.0	99.0	1015.1333333333333	517.1666666666664	0.6093023255813953	0.9534883720930233	0.7767441860465116	0.9674418604651163	0.9023255813953488	0.9674418604651163
YFR027W	13	9.0	2	54.916666666656965	4.0	75.0	136.0	75.0	133.0	75.0	133.0	0.4444444444444444	1.0	0.6666666666666666	1.0	1.0	1.0
YFR028C	14	17.0	4	3.875	7.25	92.0	76.0	83.59999999999997	76.0	92.0	76.0	0.8235294117647058	0.9411764705882353	0.8823529411764706	0.9411764705882353	1.0	1.0
YFR029W	111	493.0	151	12.0	2.0	234.0	87.0	85.0	72.0	97.0	77.57	0.8032454361054767	0.8924949290060852	0.9837728194726166	1.0	0.9959432048681541	1.0
YFR030W	18	38.0	7	65.0	5.7999999999883585	129.0	144.0	125.0	91.80000000000008	129.0	144.0	0.47368421052631576	0.9473684210526315	0.5526315789473685	0.9473684210526315	1.0	1.0
YFR031C	13	13.0	2	51.5	11.5	78.0	127.0	78.0	118.44999999999999	78.0	127.0	0.38461538461538464	0.9230769230769231	0.6923076923076923	0.9230769230769231	1.0	1.0
YFR031C-A	1594	9894.0	343	16.0	106.0	2384.0	433.0	52.0	185.1230769230768	121.0	189.0	0.8523347483323226	0.3551647463108955	0.9761471598948858	0.5260764099454215	0.9910046492823934	0.8297958358601173
YFR032C	8	6.0	1	758.0	1558.0	843.0	1662.0	843.0	1662.0	843.0	1662.0	0.5	0.6666666666666666	0.6666666666666666	0.6666666666666666	0.6666666666666666	0.6666666666666666
YFR032C-A	557	4634.0	331	23.0	7.0	3943.0	2830.0	89.0	103.0	98.07999999999993	108.0	0.7164436771687527	0.9922313336210618	0.8754855416486836	0.9976262408286577	0.9971946482520501	0.9993526111350884
YFR032C-B	8	7.0	2	649.0	5.833333333343035	3741.0	555.0	3741.0	555.0	3741.0	555.0	0.42857142857142855	1.0	0.42857142857142855	1.0	0.7142857142857143	1.0
YFR033C	434	3338.0	521	6.0	5.0	2945.0	1171.0	1211.0	150.0	1225.4763636363637	163.15999999999985	0.8067705212702216	0.9718394248052726	0.8945476333133613	0.9871180347513481	0.9254044337926902	0.9988016776512882
YFR034C	117	266.0	21	13.0	18.0	1756.0	1856.0	65.0	838.0	65.0	844.0	0.8796992481203008	0.7669172932330827	0.9962406015037594	0.793233082706767	0.9962406015037594	0.8007518796992481
YFR034W-A	30	31.0	5	20.25	23.79999999998836	479.0	343.0	462.0	332.0	473.73	333.52	0.7741935483870968	0.7096774193548387	0.8064516129032258	1.0	0.8064516129032258	1.0
YFR035C	7	7.0	2	929.875	318.83333333334303	2754.0	2957.0	2754.0	2957.0	2754.0	2957.0	0.5714285714285714	0.8571428571428571	0.7142857142857143	0.8571428571428571	0.7142857142857143	0.8571428571428571
YFR036W	192	1071.0	210	8.0	11.0	83.0	224.0	47.0	141.0	59.0	145.0	0.9187675070028011	0.996265172735761	0.9990662931839402	0.9981325863678805	1.0	1.0
YFR037C	732	6884.0	583	8.0	118.0	715.0	2436.0	38.0	167.0	40.0	181.0	0.9144392794886694	0.3743463102847182	0.9991284137129576	0.3954096455549099	0.9998547356188263	0.4221382916908774
YFR038W	19	127.0	52	9.92647058822331	0.0	46.0	131.0	34.0	88.66	36.76000000000005	104.82000000000014	0.9921259842519685	0.9921259842519685	1.0	1.0	1.0	1.0
YFR039C	127	736.0	220	29.0	4.0	459.0	91.0	142.0	67.0	146.27999999999997	72.0	0.7336956521739131	0.9945652173913043	0.9293478260869565	1.0	0.9877717391304348	1.0
YFR040W	8	7.0	1	29.75	18.5	316.0	99.0	316.0	99.0	316.0	99.0	0.2857142857142857	1.0	1.0	1.0	1.0	1.0
YFR041C	83	92.0	5	17.0	18.5	74.0	189.0	47.699999999999974	146.39999999999998	66.01999999999997	159.99999999999991	0.9347826086956522	0.6304347826086957	0.9891304347826086	0.8804347826086957	1.0	1.0
YFR042W	270	2364.0	525	6.0	2.0	62.0	1010.0	57.0	113.0	57.0	943.8600000000001	0.922165820642978	0.916243654822335	1.0	0.9695431472081218	1.0	0.9830795262267343
YFR043C	65	191.0	37	9.0	6.0	973.0	75.0	40.0	66.0	107.20000000000027	66.54000000000002	0.7696335078534031	1.0	0.9947643979057592	1.0	0.9947643979057592	1.0
YFR044C	831	20667.0	5233	17.0	7.0	2723.0	333.0	42.0	174.0	66.0	205.0	0.9429525330236609	0.8343252528185029	0.9955484588958242	0.9093240431605942	0.9962742536410703	0.9308559539362269
YFR045W	33	42.0	5	20.0	70.0	122.0	1364.0	80.19999999999997	203.99999999999977	122.0	1364.0	0.7619047619047619	0.2619047619047619	0.9285714285714286	0.5238095238095238	0.9761904761904762	0.9523809523809523
YFR046C	70	131.0	15	12.10000000000582	163.14285714286962	1052.0	3140.0	1018.0	254.0	1043.09	579.3499999999972	0.8778625954198473	0.6946564885496184	0.8854961832061069	0.7099236641221374	0.8854961832061069	0.7175572519083969
YFR047C	690	3398.0	141	23.0	9.0	774.0	1450.0	45.0	125.0	60.0	134.0	0.640670982931136	0.8387286639199529	0.9979399646851089	0.942613301942319	0.998234255444379	0.9958799293702177
YFR048W	34	49.0	5	14.0	29.0	828.0	102.0	66.54999999999997	75.84999999999995	828.0	102.0	0.8367346938775511	0.6938775510204082	0.9387755102040817	0.9591836734693877	0.9795918367346939	1.0
YFR049W	727	6840.0	824	21.0	8.0	360.0	269.0	173.0	135.0	183.0	162.0	0.7633040935672515	0.79546783625731	0.933187134502924	0.9913742690058479	0.9780701754385965	0.9973684210526316
YFR050C	348	2461.0	844	0.0	57.0	1954.0	182.0	76.0	162.0	86.0	166.0	0.8890694839496139	0.6542056074766355	0.9995936611133686	0.7423811458756603	0.9995936611133686	1.0
YFR051C	354	5004.0	460	22.0	5.0	516.0	1235.0	62.0	81.0	72.0	84.0	0.8201438848920863	0.9990007993605116	0.9978017585931255	0.9998001598721024	0.999400479616307	0.9998001598721024
YFR052C-A	547	4696.0	425	18.0	3.0	1928.0	145.0	1428.0	28.0	1434.0	37.0	0.7614991482112436	0.9314310051107325	0.7678875638841567	0.995741056218058	0.776618398637138	0.9993611584327087
YFR052W	346	1011.0	57	16.0	42.0	477.0	598.0	46.0	202.0	59.0	208.18666666666664	0.8051434223541049	0.4421364985163205	0.9950544015825915	0.7537091988130564	0.9950544015825915	0.8902077151335311
YFR053C	591	5801.0	425	14.0	103.0	613.0	308.0	113.0	190.0	120.0	200.0	0.9803482158248578	0.6035166350629202	0.987071194621617	0.6533356317876228	0.9968970867091881	0.7677986554042406
YFR054C	8	8.0	1	723.0	153.5	1280.0	673.0	1280.0	673.0	1280.0	673.0	0.125	0.125	0.375	0.125	0.375	0.25
YFR055W	569	2868.0	329	91.0	5.0	1191.0	633.0	298.0	480.0999999999999	751.0	544.0	0.32426778242677823	0.9644351464435147	0.36541143654114366	0.9738493723849372	0.849023709902371	0.99721059972106
YFR056C	1	1.0	1	0.0	0.0	1121.0	102.0	1121.0	102.0	1121.0	102.0	1.0	1.0	1.0	1.0	1.0	1.0
YGL001C	186	477.0	38	16.0	62.0	272.0	306.0	105.29999999999995	237.0	119.0	252.365	0.6142557651991615	0.70020964360587	0.9412997903563941	0.7295597484276729	0.9958071278825996	0.9224318658280922
YGL002W	170	489.0	69	64.0	18.0	1175.0	274.0	111.0	252.0	121.0	263.0	0.6400817995910021	0.7730061349693251	0.7034764826175869	0.787321063394683	0.8548057259713702	0.9877300613496932
YGL003C	129	288.0	47	28.0	66.0	991.0	336.0	103.0	268.13333333333327	855.6800000000007	311.0	0.6979166666666666	0.3819444444444444	0.8993055555555556	0.5034722222222222	0.9756944444444444	0.7291666666666666
YGL004C	77	180.0	12	11.33333333331393	77.0	1323.0	1226.0	25.0	146.5	517.6499999999968	1226.0	0.95	0.4	0.9888888888888889	0.8444444444444444	0.9888888888888889	0.95
YGL005C	106	386.0	74	17.0	12.0	1432.0	326.0	627.2613333333333	230.82857142857142	1413.0	235.27999999999997	0.19170984455958548	0.20725388601036268	0.19689119170984457	0.22020725388601037	0.19689119170984457	0.22020725388601037
YGL006W	11	11.0	2	162.0	64.0	467.0	133.0	467.0	133.0	467.0	133.0	0.36363636363636365	0.5454545454545454	0.45454545454545453	0.5454545454545454	0.6363636363636364	1.0
YGL007C-A	43	49.0	6	396.41666666668607	83.5	939.0	3445.0	939.0	239.79999999999973	939.0	3445.0	0.46938775510204084	0.30612244897959184	0.4897959183673469	0.40816326530612246	0.5102040816326531	0.9183673469387755
YGL007W	7	7.0	2	131.5	8.08333333331393	419.0	653.0	419.0	650.9	419.0	652.58	0.2857142857142857	0.8571428571428571	0.42857142857142855	0.8571428571428571	0.42857142857142855	0.8571428571428571
YGL008C	149	401.0	37	0.0	99.0	368.0	550.0	242.45	530.0	267.47	549.8725	0.9177057356608479	0.24688279301745636	0.942643391521197	0.286783042394015	0.9501246882793017	0.6608478802992519
YGL009C	85	122.0	9	17.0	29.0	753.0	1038.0	79.39999999999999	202.79999999999998	279.1200000000007	486.8400000000008	0.9590163934426229	0.47540983606557374	0.9754098360655737	0.8688524590163934	0.9918032786885246	0.9836065573770492
YGL010W	131	273.0	25	12.0	24.0	110.0	297.0	95.6499999999997	213.0	110.0	227.53999999999996	0.8168498168498168	0.608058608058608	0.9523809523809523	0.9816849816849816	1.0	0.9926739926739927
YGL011C	507	8470.0	2131	1.0	61.49056603771169	81.0	808.0	36.0	199.0	36.0	254.9199999999997	0.9979929161747344	0.7400236127508855	0.9998819362455726	0.7458087367178277	1.0	0.9853600944510036
YGL012W	606	8486.0	399	25.0	31.0	62.0	704.0	45.0	111.52204472843451	49.0	154.07999999999967	0.7312043365543248	0.40702333254772566	1.0	0.9814989394296488	1.0	0.9931652132924818
YGL013C	5	6.0	2	69.0	4.0	166.0	99.0	166.0	99.0	166.0	99.0	0.3333333333333333	1.0	0.3333333333333333	1.0	0.8333333333333334	1.0
YGL014C-A	1	1.0	1	0.0	0.0	0.0	1233.0	0.0	1233.0	0.0	1233.0	1.0	1.0	1.0	1.0	1.0	1.0
YGL014W	11	18.0	3	14.0	19.0	421.0	94.0	421.0	91.99999999999999	421.0	94.0	0.7222222222222222	0.3888888888888889	1.0	1.0	1.0	1.0
YGL015C	7	5.0	2	131.0	73.5	963.0	247.0	963.0	247.0	963.0	247.0	0.4	0.4	0.4	0.4	0.6	0.8
YGL016W	46	85.0	8	13.0	38.25	78.0	262.0	72.5	220.0	78.0	262.0	0.9411764705882353	0.5294117647058824	1.0	0.7529411764705882	1.0	0.9764705882352941
YGL017W	241	499.0	19	11.0	76.0	525.0	279.0	38.0	154.0	157.49499999999978	269.0	0.9779559118236473	0.4649298597194389	0.9879759519038076	0.6452905811623246	0.9879759519038076	0.9719438877755511
YGL018C	241	586.0	108	13.0	89.75	1790.0	2035.0	57.0	275.0	62.0	1049.0	0.7610921501706485	0.6296928327645052	0.9965870307167235	0.7201365187713311	0.9965870307167235	0.7508532423208191
YGL019W	491	2882.0	487	17.0	0.0	480.0	149.0	104.0	121.0	130.4399999999987	127.0	0.6887578070784177	0.8764746703678001	0.9236641221374046	1.0	0.9993060374739764	1.0
YGL020C	219	1070.0	136	14.0	6.7999999999883585	1845.0	122.0	64.0	88.0	108.0	96.0	0.8738317757009346	0.9439252336448598	0.9327102803738317	1.0	0.997196261682243	1.0
YGL021W	2	2.0	1	0.0	18.0	11.0	120.0	11.0	120.0	11.0	120.0	1.0	1.0	1.0	1.0	1.0	1.0
YGL022W	264	1726.0	207	5.0	6.186046511633322	115.0	279.0	85.0	172.29999999999973	94.0	241.68000000000006	0.944380069524913	0.9304750869061413	0.9982618771726536	0.9333719582850522	1.0	0.9878331402085747
YGL023C	13	16.0	2	18.33333333331393	1.0	51.0	134.0	51.0	132.2	51.0	134.0	0.875	1.0	1.0	1.0	1.0	1.0
YGL026C	731	18648.0	4984	26.0	1.0	101.0	2862.0	45.0	128.0	71.0	133.0	0.7198090948090948	0.9012762762762763	0.9894358644358644	0.989972114972115	1.0	0.9991419991419992
YGL027C	154	1757.0	516	18.0	5.0	2400.0	116.0	39.0	92.0	66.24000000000008	92.21500000000003	0.9146272054638589	0.9971542401821286	0.9891861126920888	1.0	0.9977233921457029	1.0
YGL028C	292	1313.0	227	14.0	2.0	649.0	394.0	302.9999999999994	301.0	483.2466666666666	325.0	0.853008377760853	0.814927646610815	0.9063214013709063	0.856054836252856	0.92003046458492	0.8606245239908606
YGL029W	358	862.0	43	30.0	18.0	1030.0	294.0	106.0	207.0	272.0	238.15999999999997	0.611368909512761	0.18097447795823665	0.9385150812064965	0.18213457076566125	0.962877030162413	0.18561484918793503
YGL030W	1382	100307.0	39689	0.0	0.10541845491388813	1706.0	923.0	80.0	130.4777072442121	97.0	156.0	0.9246612898401906	0.9360463377431286	0.9995613466657362	0.9896218608870767	0.9999800612120789	0.9988834278764194
YGL031C	1267	15120.0	1137	5.0	36.0	1315.0	997.0	53.0	130.0	61.0	138.0	0.983531746031746	0.19775132275132276	0.9994047619047619	0.5066137566137566	0.9994047619047619	0.9958333333333333
YGL032C	239	24.0	3	98.0	0.0	1595.0	467.0	1023.333333333331	119.0	1595.0	123.0	0.125	0.9583333333333334	0.5833333333333334	1.0	0.7916666666666666	1.0
YGL034C	2	1.0	1	81.5	2.5	329.0	17.0	312.7	17.0	325.74	17.0	1.0	1.0	1.0	1.0	1.0	1.0
YGL036W	2	2.0	1	26.0	82.0	58.0	94.0	58.0	94.0	58.0	94.0	0.5	0.5	1.0	0.5	1.0	1.0
YGL037C	260	757.0	50	24.0	4.0	141.0	166.0	109.0	150.0	120.0	154.0	0.607661822985469	0.9788639365918098	0.9128137384412153	1.0	1.0	1.0
YGL038C	428	1576.0	231	39.5	246.0	364.0	470.0	151.0	399.0	184.0	404.0	0.5520304568527918	0.434010152284264	0.8121827411167513	0.4714467005076142	0.9098984771573604	0.5805837563451777
YGL039W	312	792.0	46	29.0	27.0	617.0	360.0	544.0	122.0	603.0	130.44000000000005	0.5845959595959596	0.6022727272727273	0.8598484848484849	0.9936868686868687	0.875	0.9949494949494949
YGL040C	285	852.0	88	1.0	8.0	640.0	965.0	121.59999999999991	232.0	614.96	236.94000000000005	0.8438967136150235	0.7276995305164319	0.9049295774647887	0.9342723004694836	0.9671361502347418	0.9788732394366197
YGL041C	17	17.0	3	12.0	19.25	1402.0	484.0	928.4499999999981	484.0	1402.0	484.0	0.6470588235294118	0.7647058823529411	0.9411764705882353	0.9411764705882353	0.9411764705882353	0.9411764705882353
YGL041C-B	28	28.0	3	63.0	11.5	1741.0	177.0	523.2999999999971	166.73333333333332	1741.0	174.94666666666666	0.39285714285714285	0.7857142857142857	0.5714285714285714	0.8928571428571429	0.8928571428571429	0.9642857142857143
YGL041W-A	452	1637.0	58	24.0	34.0	1387.0	249.0	57.0	171.0	61.18571428571412	182.0	0.7562614538790471	0.466707391569945	0.9902260232131949	0.9755650580329872	0.9945021380574222	1.0
YGL042C	2	1.0	1	0.5	181.0	67.0	584.0	66.9	547.8	66.98	576.76	1.0	1.0	1.0	1.0	1.0	1.0
YGL043W	110	420.0	124	5.0	49.0	49.0	1053.0	37.0	339.5	45.0	999.8000000000001	0.9571428571428572	0.65	1.0	0.8333333333333334	1.0	0.9404761904761905
YGL044C	125	218.0	13	13.0	108.66666666668607	355.0	298.0	233.3	286.0	242.18666666666664	286.0	0.8807339449541285	0.6422018348623854	0.981651376146789	0.6651376146788991	0.9954128440366973	0.7155963302752294
YGL045W	49	68.0	5	307.0	27.0	387.0	368.0	378.1333333333333	238.59999999999962	386.15999999999997	368.0	0.5735294117647058	0.6029411764705882	0.6764705882352942	0.9558823529411765	0.6764705882352942	0.9705882352941176
YGL047W	260	1225.0	225	21.67948717949912	18.0	292.0	1806.0	87.0	48.0	103.8125	119.0	0.7273469387755102	0.7877551020408163	0.8653061224489796	0.9673469387755103	1.0	0.9983673469387755
YGL048C	322	2845.0	792	6.0	2.0	818.0	252.0	48.0	109.0	60.0	112.0	0.8857644991212654	0.9866432337434095	0.9964850615114236	0.9968365553602812	0.9992970123022847	0.9971880492091388
YGL049C	56	149.0	20	6.0	2.0	209.0	788.0	188.0	206.69999999999942	207.01999999999998	780.0799999999999	0.8926174496644296	0.8456375838926175	0.9731543624161074	0.9328859060402684	0.9865771812080537	0.959731543624161
YGL050W	111	154.0	9	14.0	21.0	93.0	1366.0	66.93333333333308	275.0	85.0	1022.1600000000007	0.8506493506493507	0.551948051948052	0.974025974025974	0.7662337662337663	1.0	0.974025974025974
YGL053W	77	581.0	280	0.0	8.85533807828324	697.0	324.0	102.0	191.0	610.7999999999929	324.0	0.9741824440619621	0.9053356282271945	0.9759036144578314	0.963855421686747	0.9862306368330465	0.9707401032702238
YGL054C	353	2236.0	302	13.0	0.0	149.0	686.0	81.0	314.0	106.0	333.0	0.8296064400715564	0.9539355992844365	0.9695885509838998	0.9928443649373881	1.0	0.9937388193202147
YGL055W	238	2489.0	585	3.0	2.0	343.0	300.0	67.0	282.0	136.76000000000204	283.64400000000006	0.976295701084773	0.8051426275612696	0.9863398955403777	0.8196062675773403	0.9939734833266372	0.9875451988750502
YGL056C	68	222.0	34	42.0	3.0	163.0	212.0	123.67272727272726	95.59999999999991	133.4	199.0	0.6396396396396397	0.963963963963964	0.9864864864864865	0.9774774774774775	1.0	0.9864864864864865
YGL057C	30	46.0	4	7.75	34.33333333331393	41.0	213.0	41.0	212.0	41.0	213.0	0.8260869565217391	0.6086956521739131	1.0	0.8695652173913043	1.0	1.0
YGL058W	235	946.0	120	13.0	178.0	1798.0	483.0	96.0	396.0	112.95999999999185	416.6933333333333	0.7832980972515856	0.6152219873150105	0.9714587737843552	0.638477801268499	0.9904862579281184	0.638477801268499
YGL059W	51	78.0	7	21.0	103.0	2286.0	1056.0	122.73333333333333	711.9999999999956	1771.3599999999979	1047.04	0.717948717948718	0.2692307692307692	0.9230769230769231	0.32051282051282054	0.9615384615384616	0.5769230769230769
YGL060W	148	1049.0	478	10.0	0.0	708.0	1862.0	130.0	275.0	156.0	280.0	0.9647283126787417	0.7502383222116301	0.9952335557673975	0.7816968541468065	0.9971401334604385	0.86558627264061
YGL061C	114	176.0	18	9.0	7.0	111.0	288.0	82.39999999999998	215.99999999999997	91.44000000000005	285.34000000000003	0.9090909090909091	0.6988636363636364	0.9772727272727273	0.8522727272727273	1.0	0.8977272727272727
YGL062W	48	164.0	33	0.0	82.0	97.0	161.0	56.0	141.0	61.71999999999997	158.75999999999976	0.9817073170731707	0.38414634146341464	0.9939024390243902	0.4451219512195122	1.0	1.0
YGL063C-A	2	2.0	2	82.0	3.0	164.0	1094.0	147.6	1094.0	160.72	1094.0	1.0	1.0	1.0	1.0	1.0	1.0
YGL063W	283	1290.0	138	36.0	6.0	303.0	603.0	256.0	408.0	256.7298701298701	458.0	0.4875968992248062	0.8689922480620155	0.8062015503875969	0.9573643410852714	0.9596899224806201	0.9914728682170543
YGL064C	3	7.0	3	10.08333333331393	0.0	33.0	73.0	33.0	73.0	33.0	73.0	0.8571428571428571	1.0	1.0	1.0	1.0	1.0
YGL065C	253	1840.0	196	13.0	5.0	100.0	1317.0	68.0	123.0	77.0	141.0	0.9293478260869565	0.883695652173913	0.9989130434782608	0.9418478260869565	1.0	0.9978260869565218
YGL066W	56	89.0	8	11.83333333331393	74.5	194.0	386.0	194.0	352.4	194.0	386.0	0.8764044943820225	0.449438202247191	0.9101123595505618	0.6966292134831461	0.9101123595505618	0.898876404494382
YGL067W	138	229.0	15	36.0	7.0	1061.0	268.0	107.14999999999995	95.69999999999976	198.67000000000021	247.5200000000001	0.43231441048034935	0.9082969432314411	0.9388646288209607	0.9344978165938864	0.9650655021834061	0.9781659388646288
YGL068W	201	1555.0	445	9.0	4.0	68.0	1622.0	47.0	218.0	52.0	229.60000000000005	0.9427652733118971	0.7742765273311897	1.0	0.7755627009646302	1.0	0.929903536977492
YGL070C	233	459.0	31	9.0	87.0	450.0	479.0	44.0	365.1666666666665	46.90999999999997	391.6399999999999	0.9520697167755992	0.4139433551198257	0.9956427015250545	0.5315904139433552	0.9956427015250545	0.8191721132897604
YGL071W	76	133.0	7	66.9375	19.0	661.0	228.0	462.0	168.0	573.8499999999987	181.5199999999993	0.2932330827067669	0.7368421052631579	0.5413533834586466	0.9924812030075187	0.9022556390977443	1.0
YGL073W	88	362.0	71	46.0	0.0	333.0	160.0	266.0	66.0	319.4	111.59999999999998	0.6270718232044199	0.9585635359116023	0.7403314917127072	0.988950276243094	0.930939226519337	0.9972375690607734
YGL075C	37	42.0	2	63.0	33.0	459.0	371.0	440.29999999999995	369.0	459.0	371.0	0.30952380952380953	0.07142857142857142	0.6190476190476191	0.09523809523809523	0.7857142857142857	0.09523809523809523
YGL076C	1133	32817.0	3739	8.0	28.0	472.0	418.0	37.0	122.0	61.0	138.0	0.9741597342840601	0.6656610902885699	0.9962824146021879	0.9992381997135631	0.9985678154614986	0.9999085839656275
YGL077C	122	188.0	8	45.0	24.0	1226.0	378.0	174.84999999999997	325.0	310.96000000000004	375.24	0.30851063829787234	0.6436170212765957	0.75	0.8191489361702128	0.898936170212766	0.8297872340425532
YGL078C	654	7210.0	645	13.0	3.0	168.0	256.0	98.0	205.0	111.0	223.0	0.7564493758668516	0.8951456310679612	0.9901525658807212	0.9610263522884882	1.0	0.9998613037447989
YGL079W	156	381.0	35	15.0	42.75	66.0	1831.0	41.44999999999999	387.09999999999667	45.0	1051.6699999999998	0.89501312335958	0.6246719160104987	1.0	0.8346456692913385	1.0	0.9238845144356955
YGL080W	259	1134.0	107	42.0	19.909090909117367	369.0	296.0	80.0	278.0	95.0	284.0	0.5061728395061729	0.9761904761904762	0.9611992945326279	1.0	0.9973544973544973	1.0
YGL081W	34	55.0	8	15.0	12.0	237.0	469.0	187.0	312.0	236.40000000000003	461.20000000000044	0.7636363636363637	0.6727272727272727	0.7818181818181819	0.8727272727272727	0.9636363636363636	0.8909090909090909
YGL082W	55	171.0	41	11.0	40.0	128.0	543.0	90.0	193.29	90.0	211.85333333333315	0.9590643274853801	0.4444444444444444	1.0	0.783625730994152	1.0	0.9941520467836257
YGL083W	139	699.0	54	4.0	37.0	114.0	187.0	78.88749999999999	162.0	92.0	164.34666666666666	0.9799713876967096	0.413447782546495	1.0	0.9785407725321889	1.0	1.0
YGL084C	319	1233.0	73	7.0	17.0	93.0	1042.0	60.0	199.0	60.762857142857165	269.5866666666673	0.9562043795620438	0.6139497161394971	0.9983779399837794	0.8921330089213301	1.0	0.9521492295214923
YGL085W	156	369.0	28	14.0	4.25	218.0	1064.0	60.10000000000002	189.0	67.0	210.43	0.7859078590785907	0.9295392953929539	0.964769647696477	0.997289972899729	0.997289972899729	0.997289972899729
YGL087C	337	1005.0	71	13.0	14.0	162.0	328.0	55.25	158.0	61.450000000000045	161.0	0.9034825870646767	0.881592039800995	1.0	0.9751243781094527	1.0	0.9970149253731343
YGL089C	3	1.0	1	0.0	5.5	334.0	189.0	39.0	188.1	39.0	188.82	1.0	1.0	1.0	1.0	1.0	1.0
YGL090W	161	254.0	9	9.0	44.0	81.0	1106.0	72.0	879.9999999999998	81.0	1003.2800000000002	0.7519685039370079	0.5590551181102362	1.0	0.5905511811023622	1.0	0.6614173228346457
YGL091C	137	265.0	35	47.0	59.0	91.0	245.0	84.0	161.0	88.40000000000009	237.4000000000001	0.44150943396226416	0.6830188679245283	0.8867924528301887	0.7018867924528301	1.0	0.9622641509433962
YGL092W	15	14.0	1	29.0	23.0	160.0	165.0	156.99999999999997	114.0	160.0	150.71999999999994	0.2857142857142857	0.7857142857142857	0.8571428571428571	0.7857142857142857	1.0	1.0
YGL093W	35	52.0	3	37.0	2.0	148.0	59.0	96.53333333333333	46.39999999999999	146.99999999999983	58.79999999999997	0.5576923076923077	0.9807692307692307	0.8846153846153846	1.0	0.9807692307692307	1.0
YGL094C	19	32.0	6	10.0	14.0	189.0	179.0	189.0	178.2	189.0	179.0	0.9375	0.8125	0.9375	1.0	0.96875	1.0
YGL095C	178	1498.0	210	20.796296296291985	0.0	128.0	110.0	84.0	97.0	89.51999999999998	97.0	0.7383177570093458	0.9138851802403204	0.9986648865153538	0.986648865153538	1.0	1.0
YGL096W	126	283.0	26	719.0	59.75	1741.0	1106.0	1069.85	303.0	1573.7950000000003	934.6900000000048	0.09187279151943463	0.734982332155477	0.11307420494699646	0.7420494699646644	0.14840989399293286	0.7526501766784452
YGL097W	357	2196.0	119	27.0	10.0	94.0	147.0	76.0	116.0	91.0	128.0	0.4977231329690346	0.7969034608378871	0.9776867030965392	0.9867941712204007	1.0	1.0
YGL098W	227	373.0	22	14.5	687.0	563.0	1169.0	554.0	976.3999999999999	562.54	1058.4799999999996	0.7640750670241286	0.35924932975871315	0.8257372654155496	0.3672922252010724	0.839142091152815	0.42091152815013405
YGL099W	195	990.0	126	9.0	16.0	2631.0	603.0	64.0	119.0	67.0	582.0	0.8272727272727273	0.7313131313131314	1.0	0.9454545454545454	1.0	0.9606060606060606
YGL100W	197	590.0	75	10.0	17.599999999976717	2291.0	2504.0	78.0	116.83333333333333	99.0	136.8571428571429	0.8050847457627118	0.6949152542372882	0.9728813559322034	0.9932203389830508	0.9983050847457627	1.0
YGL101W	140	268.0	13	19.0	29.0	1250.0	3947.0	73.19999999999997	265.7333333333333	1238.0	310.28	0.8097014925373134	0.5410447761194029	0.9402985074626866	0.8432835820895522	0.9589552238805971	0.9925373134328358
YGL103W	834	52574.0	8260	4.0	11.0	3595.0	2444.0	25.0	90.0	37.0	100.0	0.9886445771674212	0.9923916764940846	0.9942747365617987	0.9988587514741126	0.9997717502948226	0.9988777722828774
YGL104C	65	108.0	7	27.66666666668607	5.0	365.0	175.0	353.47999999999996	173.2	363.84000000000003	175.0	0.6388888888888888	0.8796296296296297	0.8703703703703703	1.0	0.8888888888888888	1.0
YGL105W	504	11034.0	1205	5.0	17.0	177.0	3446.0	44.0	123.0	65.0	126.0	0.947978974080116	0.8931484502446982	0.9990937103498279	0.9980061627696212	0.9993655972448795	0.9990937103498279
YGL106W	124	218.0	19	10.0	49.0	176.0	254.0	42.74999999999996	170.0	62.91999999999996	253.64	0.926605504587156	0.4724770642201835	0.9908256880733946	0.8715596330275229	0.9908256880733946	0.981651376146789
YGL107C	176	557.0	30	47.0	29.15625	643.0	215.0	61.0	139.0	65.0	148.7199999999998	0.725314183123878	0.5170556552962298	0.9910233393177738	0.9640933572710951	0.9982046678635548	0.9982046678635548
YGL108C	220	309.0	16	17.0	81.25	107.0	2261.0	66.35000000000008	2204.1	95.0	2211.0	0.8381877022653722	0.3300970873786408	0.9741100323624595	0.3818770226537217	1.0	0.7864077669902912
YGL110C	154	631.0	98	16.0	3.0	741.0	481.0	83.74999999999966	99.11249999999998	707.2849999999999	166.56999999999982	0.8367670364500792	0.96513470681458	0.9350237717908082	0.971473851030111	0.9508716323296355	0.9952456418383518
YGL111W	333	2276.0	184	17.0	29.0	376.0	632.0	53.0	195.0	56.0	235.73999999999978	0.81195079086116	0.538664323374341	0.9995606326889279	0.9863796133567663	0.9995606326889279	0.9960456942003515
YGL112C	289	2552.0	491	2.0	1.0	121.0	277.0	65.0	145.0	72.0	147.0	0.89576802507837	0.9804075235109718	0.9980407523510971	0.9960815047021944	1.0	0.9992163009404389
YGL113W	44	147.0	27	29.0	0.0	98.0	286.0	88.0	248.71666666666667	96.06	276.94666666666666	0.5510204081632653	0.8775510204081632	0.9251700680272109	1.0	1.0	1.0
YGL114W	138	334.0	27	66.0	27.400000000023283	282.0	156.0	258.6	149.20000000000005	269.0	150.0	0.7035928143712575	0.5748502994011976	0.7275449101796407	0.9221556886227545	0.7694610778443114	1.0
YGL115W	198	1150.0	233	19.0	8.0	156.0	153.0	135.0	89.0	148.5	109.0	0.7191304347826087	0.9147826086956522	0.9478260869565217	0.9982608695652174	0.9973913043478261	1.0
YGL116W	103	361.0	74	13.299999999988358	3.0333333333255723	521.0	167.0	183.22499999999988	107.3	239.7849999999999	126.0	0.8725761772853186	0.9529085872576177	0.9196675900277008	0.9778393351800554	0.961218836565097	1.0
YGL117W	255	1166.0	126	7.0	22.0	196.0	1240.0	117.0	118.0	127.51999999999975	372.63999999999896	0.8481989708404802	0.7246998284734134	0.9871355060034306	0.9485420240137221	0.9948542024013722	0.9528301886792453
YGL119W	112	194.0	14	29.0	17.0	294.0	275.0	62.999999999999915	156.0	291.8	271.0	0.5463917525773195	0.5670103092783505	0.9587628865979382	0.865979381443299	0.9639175257731959	0.9845360824742269
YGL120C	345	2506.0	315	27.0	85.0	242.0	252.0	65.86181818181818	134.0	74.0	139.0	0.7270550678371908	0.5670391061452514	0.9936153232242618	0.5670391061452514	0.9996009577015164	0.8691141260973663
YGL121C	117	190.0	8	97.0	27.0	157.0	2079.0	135.0	177.0	152.0	1336.7999999999895	0.32105263157894737	0.5263157894736842	0.39473684210526316	0.8631578947368421	0.7315789473684211	0.9894736842105263
YGL122C	195	470.0	53	14.0	108.0	786.0	426.0	46.0	398.0	56.60000000000002	415.3	0.8787234042553191	0.3617021276595745	0.9914893617021276	0.3829787234042553	0.9914893617021276	0.6340425531914894
YGL123W	1266	406325.0	136995	72.0	1.0	1255.0	364.0	98.0	89.0	121.0	92.0	0.5155208269242602	0.9989761890112595	0.5577136528640866	0.9999581615701717	0.9997809635144281	1.0
YGL124C	5	6.0	2	18.66666666668607	5.25	38.0	125.0	38.0	124.4	38.0	124.88	0.6666666666666666	1.0	1.0	1.0	1.0	1.0
YGL125W	10	11.0	2	22.5	83.0	186.0	455.0	186.0	449.3999999999999	186.0	455.0	0.7272727272727273	0.36363636363636365	1.0	0.45454545454545453	1.0	0.7272727272727273
YGL127C	105	292.0	24	25.0	0.0	952.0	218.0	56.0	151.89999999999998	229.69999999999578	210.31999999999994	0.571917808219178	0.9657534246575342	0.9897260273972602	0.976027397260274	0.9897260273972602	1.0
YGL128C	74	248.0	56	10.0	24.555555555562023	61.0	325.0	29.0	190.0	48.24000000000012	195.32000000000016	0.9314516129032258	0.6935483870967742	1.0	0.9798387096774194	1.0	1.0
YGL129C	164	427.0	40	27.54999999998836	33.0	95.0	637.0	80.43333333333332	199.0	89.0	209.0	0.6159250585480094	0.5644028103044496	0.9976580796252927	0.7587822014051522	1.0	0.9976580796252927
YGL130W	230	724.0	66	13.66666666668607	23.0	157.0	335.0	81.0	255.59999999999945	105.0	277.52	0.899171270718232	0.6174033149171271	0.9820441988950276	0.7140883977900553	0.9958563535911602	0.9281767955801105
YGL131C	1	1.0	1	0.0	0.0	116.0	127.0	116.0	127.0	116.0	127.0	1.0	1.0	1.0	1.0	1.0	1.0
YGL132W	4	20.0	18	574.9005847953376	0.0	1583.0	288.0	1386.5	280.0	1583.0	288.0	0.9	0.9	0.9	0.9	0.9	0.9
YGL133W	2	2.0	1	28.0	0.0	201.0	82.0	201.0	82.0	201.0	82.0	0.5	1.0	1.0	1.0	1.0	1.0
YGL134W	334	2307.0	451	0.0	29.0	1086.0	783.0	114.0	96.0	158.0	341.0	0.7910706545296923	0.5019505851755527	0.9258777633289987	0.9774599046380581	0.9973992197659298	0.9800606848721283
YGL135W	806	42211.0	19983	0.0	2.0	1673.0	1747.0	76.0	101.0	92.0	140.15599999999978	0.9671649570017294	0.9856909336428893	0.9896472483475871	0.9905237971144962	0.999905237971145	0.9997394044206487
YGL136C	49	60.0	4	29.39999999999418	8.5	361.0	1618.0	63.0	1492.0	339.3999999999997	1618.0	0.5	0.75	0.9666666666666667	0.75	0.9833333333333333	0.8
YGL137W	260	1439.0	237	0.0	67.0	74.0	1470.0	47.374999999999886	273.2181818181815	63.0	483.7199999999948	0.9485753995830438	0.4127866574009729	1.0	0.8109798471160529	1.0	0.9492703266157053
YGL139W	62	143.0	18	0.0	107.0	322.0	349.0	314.7	330.0	322.0	346.21	0.9090909090909091	0.5804195804195804	0.9440559440559441	0.6153846153846154	0.951048951048951	0.7622377622377622
YGL140C	6	6.0	1	35.0	4.0	194.0	303.0	194.0	303.0	194.0	303.0	0.6666666666666666	0.6666666666666666	0.8333333333333334	1.0	0.8333333333333334	1.0
YGL141W	74	190.0	11	43.0	28.230769230780425	78.0	128.0	69.0	123.0	71.79999999999998	123.9	0.45263157894736844	0.6947368421052632	0.9315789473684211	1.0	1.0	1.0
YGL142C	286	1327.0	78	10.0	28.0	1019.0	310.0	61.0	148.0	69.0	183.0	0.9306706857573473	0.386586284853052	0.9969856819894499	0.8455162019593067	0.9984928409947249	0.9917106254709872
YGL143C	107	172.0	19	13.0	57.0	234.0	438.0	207.44	164.70000000000007	234.0	422.64000000000004	0.813953488372093	0.6569767441860465	0.9069767441860465	0.6918604651162791	0.9069767441860465	0.9418604651162791
YGL144C	90	332.0	36	12.0	19.0	1273.0	159.0	51.0	83.0	60.80000000000007	159.0	0.8283132530120482	0.9156626506024096	0.9939759036144579	0.9728915662650602	0.9939759036144579	1.0
YGL145W	83	284.0	28	22.0	21.0	79.0	149.0	70.0	131.0	79.0	139.6400000000001	0.7147887323943662	0.7359154929577465	0.971830985915493	0.778169014084507	1.0	0.8556338028169014
YGL146C	110	426.0	105	3.3333333333430346	663.658536585368	193.0	1125.0	123.0	1125.0	168.42666666666673	1125.0	0.7652582159624414	0.6009389671361502	0.8075117370892019	0.7136150234741784	0.9624413145539906	0.7230046948356808
YGL147C	1048	24645.0	5959	2.0	17.0	1550.0	1866.0	120.0	128.0	1395.0	129.0	0.9187664840738486	0.7916007303712721	0.9463582876851289	0.9967133292757152	0.9488740109555691	0.9999188476364375
YGL148W	1029	18179.0	1863	11.0	18.0	183.0	236.0	62.0	113.0	98.0	188.0	0.8497167060894438	0.8580229935640025	0.9882831838935034	0.9648495516805105	0.9998349744210353	0.9905385334726883
YGL150C	4	66.0	63	68.0625	19.03125	220.0	247.0	138.97499999999997	203.14375	208.96000000000024	240.28000000000014	0.9545454545454546	0.9696969696969697	0.9545454545454546	0.9848484848484849	0.9545454545454546	1.0
YGL151W	30	82.0	15	10.0	5.27272727273521	59.0	188.0	55.0	123.0	57.71999999999997	167.83999999999952	0.9878048780487805	0.8658536585365854	1.0	0.9878048780487805	1.0	1.0
YGL153W	167	657.0	48	26.0	13.0	77.0	101.0	61.36666666666666	67.0	62.0	90.0	0.7519025875190258	0.8645357686453576	0.9969558599695586	0.9802130898021308	1.0	1.0
YGL154C	44	95.0	16	16.0	64.0	1175.0	258.0	1155.0714285714287	120.64285714285714	1167.3	134.24999999999994	0.8526315789473684	0.4631578947368421	0.8736842105263158	0.5894736842105263	0.8736842105263158	1.0
YGL155W	173	250.0	16	21.0	221.0	174.0	429.0	143.0	417.0	165.0	419.0	0.176	0.136	0.808	0.216	0.996	0.228
YGL156W	8	9.0	2	21.5	16.0	101.0	168.0	101.0	168.0	101.0	168.0	0.7777777777777778	0.8888888888888888	1.0	1.0	1.0	1.0
YGL157W	169	1576.0	451	3.0	0.0	173.0	182.0	88.0	93.0	108.81	106.49600000000001	0.8775380710659898	0.993020304568528	0.9663705583756346	0.9936548223350253	1.0	1.0
YGL158W	2	3.0	2	60.0	0.0	460.0	125.0	460.0	125.0	460.0	125.0	0.6666666666666666	1.0	0.6666666666666666	1.0	1.0	1.0
YGL159W	95	184.0	17	16.0	339.33333333334303	64.0	1530.0	33.0	1138.0666666666666	63.31999999999999	1483.48	0.9184782608695652	0.33152173913043476	0.9836956521739131	0.44565217391304346	1.0	0.657608695652174
YGL160W	121	410.0	65	9.0	0.0	137.0	175.0	137.0	142.0	137.0	153.0	0.8268292682926829	0.9853658536585366	0.9682926829268292	0.9975609756097561	0.9975609756097561	0.9975609756097561
YGL161C	365	1058.0	45	60.0	7.0	138.0	675.0	109.0	155.0	109.0	159.92000000000007	0.45179584120982985	0.8128544423440454	0.8676748582230623	0.8638941398865785	1.0	0.9139886578449905
YGL162W	130	280.0	40	76.5	6.0	1411.0	220.0	227.5	174.0	824.8999999999999	202.2666666666666	0.5821428571428572	0.8071428571428572	0.6107142857142858	0.9535714285714286	0.7607142857142857	0.9892857142857143
YGL163C	73	98.0	6	11.0	34.0	1242.0	215.0	167.0	194.0	1085.9999999999986	215.0	0.8061224489795918	0.6122448979591837	0.9489795918367347	0.6836734693877551	0.9795918367346939	0.9897959183673469
YGL164C	91	290.0	56	34.142857142869616	32.333333333343035	265.0	265.0	73.0	127.0	115.60000000000002	194.0	0.43448275862068964	0.7413793103448276	0.9689655172413794	0.9724137931034482	0.993103448275862	0.9793103448275862
YGL166W	144	402.0	57	10.0	4.0	158.0	218.0	32.89999999999998	207.0	40.0	210.0	0.9900497512437811	0.8781094527363185	1.0	0.9378109452736318	1.0	0.9975124378109452
YGL167C	76	132.0	11	38.0	31.666666666656965	445.0	212.0	435.0	206.0	445.0	212.0	0.6439393939393939	0.5606060606060606	0.8106060606060606	0.9772727272727273	0.9696969696969697	0.9772727272727273
YGL169W	188	595.0	147	3.0	95.0	129.0	263.0	114.0	205.55	119.0	226.0	0.7697478991596639	0.6605042016806723	0.8722689075630252	0.6957983193277311	1.0	0.7563025210084033
YGL170C	1	1.0	1	0.0	0.0	344.0	98.0	344.0	98.0	344.0	98.0	1.0	1.0	1.0	1.0	1.0	1.0
YGL171W	417	2500.0	209	17.0	7.045454545441316	1722.0	994.0	50.0	157.0	66.0	438.0	0.822	0.9128	0.998	0.9264	0.9988	0.9692
YGL172W	187	1224.0	210	3.0	15.0	432.0	2052.0	44.55333333333333	114.0	52.0	114.0	0.9599673202614379	0.8537581699346405	0.9967320261437909	0.9975490196078431	0.9967320261437909	0.9983660130718954
YGL173C	1	1.0	1	0.0	0.0	297.0	98.0	297.0	98.0	297.0	98.0	1.0	1.0	1.0	1.0	1.0	1.0
YGL174W	52	63.0	5	10.0	21.75	1850.0	217.0	137.0999999999998	194.7	1800.079999999999	215.04999999999995	0.8412698412698413	0.8095238095238095	0.8888888888888888	0.873015873015873	0.9523809523809523	0.8888888888888888
YGL175C	25	31.0	3	8.0	6.0	59.0	1995.0	58.64999999999999	1992.4333333333334	59.0	1995.0	0.8709677419354839	0.8387096774193549	1.0	0.9032258064516129	1.0	0.9032258064516129
YGL176C	132	241.0	22	24.25	10.0	1302.0	289.0	1285.725	125.0	1295.63	273.72	0.6763485477178424	0.9128630705394191	0.7593360995850622	0.966804979253112	0.7634854771784232	0.983402489626556
YGL177W	7	7.0	1	6.5	1439.0	658.0	3186.0	658.0	3186.0	658.0	3186.0	1.0	0.14285714285714285	1.0	0.42857142857142855	1.0	0.42857142857142855
YGL178W	1	1.0	1	0.0	0.0	451.0	521.0	451.0	521.0	451.0	521.0	1.0	1.0	1.0	1.0	1.0	1.0
YGL179C	30	32.0	3	11.0	31.0	90.0	121.0	90.0	120.19999999999999	90.0	121.0	0.84375	0.125	0.96875	0.3125	1.0	1.0
YGL180W	4	7.0	3	386.375	36.5	563.0	350.0	563.0	350.0	563.0	350.0	0.5714285714285714	0.8571428571428571	0.5714285714285714	0.8571428571428571	0.5714285714285714	0.8571428571428571
YGL181W	184	536.0	33	10.0	32.0	423.0	143.0	82.0	136.0	281.75999999999954	141.5046153846154	0.8003731343283582	0.417910447761194	0.9888059701492538	0.8227611940298507	0.9888059701492538	1.0
YGL184C	9	9.0	1	22.25	0.75	73.0	141.0	73.0	141.0	73.0	141.0	0.7777777777777778	0.7777777777777778	1.0	0.8888888888888888	1.0	1.0
YGL185C	91	212.0	30	23.0	17.0	167.0	393.0	43.933333333333316	371.49999999999966	133.51999999999998	386.76	0.7405660377358491	0.8443396226415094	0.9811320754716981	0.8726415094339622	0.9858490566037735	0.910377358490566
YGL186C	507	4048.0	567	24.75	0.0	326.0	2877.0	94.0	70.0	113.0	119.0	0.654397233201581	0.9370059288537549	0.9750494071146245	0.9730731225296443	0.9995059288537549	0.9935770750988142
YGL187C	562	1872.0	140	57.0	7.0	2306.0	1544.0	130.0	307.0	165.0	324.0	0.5822649572649573	0.8947649572649573	0.7019230769230769	0.9492521367521367	0.9983974358974359	0.9529914529914529
YGL188C	5	3.0	1	1363.5	339.0	3315.0	1183.0	3315.0	1183.0	3315.0	1183.0	0.3333333333333333	0.6666666666666666	0.3333333333333333	0.6666666666666666	0.3333333333333333	0.6666666666666666
YGL188C-A	239	821.0	81	20.0	0.0	3867.0	779.0	62.0	675.0	138.57999999999993	711.0	0.7771010962241169	0.9549330085261876	0.9634591961023142	0.9902557856272838	0.9878197320341048	0.9963459196102314
YGL189C	227	805.0	81	20.0	0.0	3865.0	184.0	60.0	80.0	129.50000000000045	116.0	0.7925465838509317	0.9590062111801242	0.9652173913043478	0.9937888198757764	0.9900621118012423	1.0
YGL190C	207	417.0	31	199.5	246.5	600.0	466.0	561.0	461.0	585.0	461.0	0.6498800959232613	0.2565947242206235	0.7386091127098321	0.2565947242206235	0.7410071942446043	0.2949640287769784
YGL191W	523	3155.0	208	24.0	11.0	432.0	483.0	107.0	251.0	114.0	278.0	0.7232963549920761	0.7923930269413629	0.8237717908082409	0.8228209191759113	0.9949286846275753	0.8234548335974643
YGL192W	81	196.0	21	54.888888888875954	2.0	313.0	803.0	251.39999999999986	54.0	282.5799999999998	777.54	0.413265306122449	0.9744897959183674	0.5561224489795918	0.9744897959183674	0.9387755102040817	0.9846938775510204
YGL193C	24	12.0	3	1544.0	9.5	2241.0	112.0	2241.0	59.19999999999999	2241.0	63.03999999999999	0.25	1.0	0.25	1.0	0.25	1.0
YGL194C	5	5.0	2	12.5	23.5	66.0	211.0	66.0	211.0	66.0	211.0	1.0	0.8	1.0	0.8	1.0	1.0
YGL194C-A	178	243.0	32	199.0	19.0	303.0	226.0	279.0	213.0	284.0	223.63499999999996	0.4403292181069959	0.7901234567901234	0.5308641975308642	0.8765432098765432	0.654320987654321	1.0
YGL196W	211	495.0	71	68.0	60.0	1091.0	204.0	385.25	177.0	659.4000000000005	181.0	0.6303030303030303	0.6909090909090909	0.7191919191919192	0.7212121212121212	0.9090909090909091	0.997979797979798
YGL197W	3	3.0	1	123.75	17.25	173.0	319.0	173.0	319.0	173.0	319.0	0.6666666666666666	0.3333333333333333	0.6666666666666666	1.0	0.6666666666666666	1.0
YGL198W	243	2236.0	509	10.0	8.0	1009.0	433.0	22.0	158.54999999999995	30.0	254.0	0.9856887298747764	0.9105545617173524	0.9986583184257602	0.9279964221824687	0.9986583184257602	0.9293381037567084
YGL199C	28	14.0	2	13.0	953.0	231.0	1001.0	231.0	1001.0	231.0	1001.0	1.0	0.42857142857142855	1.0	0.5	1.0	0.5
YGL200C	605	3086.0	146	37.0	16.0	968.0	270.0	65.0	131.0	77.0	213.0	0.5609202851587816	0.7316915100453661	0.9889825016202204	0.9731043421905379	0.9977316915100454	0.9935191186001296
YGL201C	32	69.0	15	25.0	16.0	71.0	328.0	71.0	300.0	71.0	328.0	0.7246376811594203	0.7971014492753623	1.0	0.8260869565217391	1.0	0.8840579710144928
YGL202W	818	6169.0	673	8.0	11.0	172.0	1001.0	137.0	184.0	144.0	223.0	0.793807748419517	0.7005997730588426	0.839520181552926	0.9116550494407522	0.9876803371697196	0.9862214297292916
YGL203C	270	750.0	39	10.30769230768783	49.0	785.0	402.0	112.0	115.0	116.0	252.0	0.8106666666666666	0.2813333333333333	0.976	0.744	0.9973333333333333	0.9853333333333333
YGL204C	45	54.0	5	64.66666666667152	27.066666666665697	137.0	512.0	125.0	512.0	136.56	512.0	0.3148148148148148	0.5740740740740741	0.4074074074074074	0.8333333333333334	1.0	0.8518518518518519
YGL205W	27	38.0	5	166.0	25.0	244.0	238.0	227.20000000000002	233.0	244.0	238.0	0.2894736842105263	0.6578947368421053	0.5263157894736842	0.868421052631579	0.6052631578947368	1.0
YGL207W	157	326.0	17	28.0	11.0	1668.0	332.0	112.0	208.9999999999996	195.04000000000246	300.0	0.7423312883435583	0.7361963190184049	0.9570552147239264	0.9294478527607362	0.99079754601227	0.950920245398773
YGL208W	56	122.0	17	32.0	8.0	259.0	3583.0	228.0	156.0	248.92000000000002	1235.8000000000038	0.5901639344262295	0.8688524590163934	0.9344262295081968	0.9426229508196722	0.9344262295081968	0.9836065573770492
YGL209W	156	541.0	109	10.730769230765873	37.0	117.0	285.0	75.0	152.0	92.0	224.18000000000006	0.911275415896488	0.6524953789279113	1.0	0.9593345656192237	1.0	0.9759704251386322
YGL210W	168	685.0	149	33.642857142855064	8.10000000000582	2381.0	241.0	1303.0	137.0	1315.125	140.0	0.6875912408759124	0.8671532846715329	0.7970802919708029	0.9941605839416059	0.8	0.9956204379562044
YGL211W	419	1186.0	59	1040.0	39.0	1133.0	1106.0	1091.6000000000001	975.0	1105.0	991.7920000000003	0.049747048903878585	0.6475548060708263	0.06323777403035413	0.7630691399662732	0.3440134907251265	0.7858347386172007
YGL212W	66	106.0	6	12.0	21.0	53.0	2184.0	41.19999999999993	1530.9999999999945	50.75999999999999	2050.7199999999993	0.9528301886792453	0.6698113207547169	1.0	0.8113207547169812	1.0	0.8113207547169812
YGL213C	391	2051.0	244	19.0	58.0	506.0	352.0	42.0	142.0	54.745000000000005	252.97000000000003	0.90931253047294	0.39346660165772795	0.9975621647976597	0.5938566552901023	0.9990248659190639	0.9809848854217454
YGL214W	2	1.0	1	18.5	168.5	42.0	837.0	38.3	803.3	41.26	830.26	1.0	1.0	1.0	1.0	1.0	1.0
YGL215W	44	215.0	92	0.0	164.0	512.0	596.0	474.625	581.21875	492.39999999999986	584.4499999999999	0.9813953488372092	0.4697674418604651	0.9906976744186047	0.4744186046511628	0.9953488372093023	0.5627906976744186
YGL216W	52	223.0	79	1.875	1.0	306.0	82.0	276.0	50.0	301.25500000000005	59.51000000000013	0.8923766816143498	0.9865470852017937	0.9775784753363229	1.0	0.9820627802690582	1.0
YGL219C	295	7370.0	1933	12.0	0.0	439.0	150.0	50.27272727272727	84.0	56.80000000000018	89.07500000000005	0.8742198100407056	0.9867028493894165	0.9970149253731343	0.999864314789688	0.9975576662143826	1.0
YGL220W	16	23.0	6	457.9333333333343	6.0	1661.0	201.0	1655.475	182.0	1661.0	184.16	0.43478260869565216	1.0	0.43478260869565216	1.0	0.43478260869565216	1.0
YGL221C	328	1450.0	137	8.0	31.0	79.0	253.0	29.0	104.0	54.5	146.0	0.9772413793103448	0.5986206896551725	0.9993103448275862	0.9841379310344828	1.0	0.9958620689655172
YGL222C	2	2.0	2	7.0	1.0	78.0	150.0	78.0	150.0	78.0	150.0	1.0	1.0	1.0	1.0	1.0	1.0
YGL223C	5	6.0	2	143.33333333332848	18.666666666671517	156.0	64.0	156.0	64.0	156.0	64.0	0.6666666666666666	1.0	0.6666666666666666	1.0	0.6666666666666666	1.0
YGL224C	121	689.0	165	37.0	0.0	139.0	138.0	104.09999999999991	100.0	127.0	108.06400000000004	0.6981132075471698	0.8621190130624092	0.8780841799709724	0.9956458635703919	1.0	1.0
YGL225W	412	3833.0	452	2.0	14.0	2137.0	476.0	99.0	183.0	119.0	234.0	0.9256457083224628	0.8899034698669449	0.9389512131489695	0.9206887555439603	0.9963475084789982	0.981998434646491
YGL226C-A	889	12608.0	1154	12.0	9.0	489.0	690.0	60.0	166.5999999999996	73.0	424.0	0.9164022842639594	0.9258407360406091	0.9992861675126904	0.9524111675126904	0.9997620558375635	0.9554251269035533
YGL226W	124	187.0	15	5.0	50.75	64.0	135.0	30.0	115.60000000000002	44.0	131.34666666666666	0.9197860962566845	0.24598930481283424	0.9946524064171123	0.6310160427807486	1.0	1.0
YGL227W	46	77.0	11	14.0	22.25	98.0	218.0	93.0	212.95	96.65000000000002	217.82	0.7662337662337663	0.6753246753246753	0.8181818181818182	0.7662337662337663	1.0	1.0
YGL228W	178	1050.0	88	15.0	3.0	561.0	173.0	69.0	163.0	94.0	167.0	0.920952380952381	0.9923809523809524	0.9904761904761905	1.0	0.9914285714285714	1.0
YGL229C	79	133.0	26	2.25	55.75	286.0	304.0	277.0	271.35999999999996	278.52999999999986	304.0	0.7593984962406015	0.38345864661654133	0.8195488721804511	0.6165413533834586	0.9398496240601504	0.9022556390977443
YGL230C	11	11.0	2	74.0	36.16666666666424	175.0	140.0	173.49999999999997	137.99999999999997	175.0	140.0	0.18181818181818182	0.36363636363636365	0.7272727272727273	0.9090909090909091	0.7272727272727273	1.0
YGL231C	516	4534.0	680	9.0	9.0	129.0	382.0	28.933333333333394	117.0	47.0	151.0	0.9561093956771063	0.9108954565505073	0.9971327745919718	0.9620644022937803	0.9993383325981473	0.9929422143802382
YGL232W	103	366.0	57	21.0	3.0	93.0	137.0	47.0	84.0	64.78666666666663	101.43999999999991	0.7049180327868853	0.9590163934426229	0.9836065573770492	0.9781420765027322	1.0	1.0
YGL233W	57	136.0	28	14.0	1.5	87.0	227.0	81.26666666666665	100.0	86.27999999999997	198.61999999999955	0.8308823529411765	0.9264705882352942	1.0	0.9632352941176471	1.0	0.9779411764705882
YGL234W	404	3395.0	220	78.0	13.0	928.0	122.0	102.0	110.0	106.0	112.0	0.5499263622974964	0.9646539027982327	0.7396170839469809	0.9997054491899853	0.9976435935198822	1.0
YGL235W	1	1.0	1	0.0	0.0	2734.0	566.0	2734.0	566.0	2734.0	566.0	1.0	1.0	1.0	1.0	1.0	1.0
YGL236C	190	1207.0	183	12.0	0.0	338.0	88.0	248.0	70.0	287.0	82.0	0.9088649544324772	0.9304059652029826	0.9262634631317316	0.9983429991714996	0.9312344656172328	1.0
YGL237C	44	78.0	12	0.0	9.0	109.0	274.0	94.0	233.26666666666662	106.75999999999999	260.91999999999996	0.8846153846153846	0.6794871794871795	1.0	0.7564102564102564	1.0	0.9743589743589743
YGL238W	208	662.0	62	17.0	22.0	994.0	267.0	54.0	110.05714285714285	947.92	188.27999999999997	0.7719033232628398	0.6737160120845922	0.9229607250755287	0.9425981873111783	0.9833836858006042	0.9954682779456193
YGL240W	44	63.0	7	20.5	318.25	642.0	3179.0	46.0	3176.8333333333335	53.82999999999998	3179.0	0.7777777777777778	0.6349206349206349	1.0	0.6666666666666666	1.0	0.6666666666666666
YGL241W	69	104.0	5	11.0	71.5	41.0	167.0	41.0	152.0	41.0	164.29999999999995	0.9230769230769231	0.22115384615384615	1.0	0.625	1.0	1.0
YGL242C	344	1393.0	114	5.0	29.0	144.0	235.0	68.0	208.0	87.0	212.0	0.9253409906676239	0.38334529791816224	0.9842067480258435	0.7853553481694185	1.0	0.9985642498205313
YGL243W	9	6.0	1	14.0	92.0	24.0	144.0	24.0	138.0	24.0	142.79999999999998	1.0	0.3333333333333333	1.0	0.3333333333333333	1.0	1.0
YGL244W	7	13.0	6	34.16666666667152	1.75	75.0	92.0	75.0	92.0	75.0	92.0	0.46153846153846156	1.0	1.0	1.0	1.0	1.0
YGL245W	461	17522.0	5714	6.0	3.0	67.0	1011.0	43.0	77.0	46.0	93.0	0.8926492409542289	0.9699235247117909	0.9997717155575847	0.9971464444698094	1.0	0.998173724460678
YGL246C	117	205.0	19	14.875	21.0	128.0	884.0	68.0	548.0	86.99999999999977	882.3499999999999	0.775609756097561	0.5658536585365853	0.9951219512195122	0.8878048780487805	1.0	0.9170731707317074
YGL247W	55	115.0	27	18.0	1.0	1344.0	168.0	29.0	151.0	489.2499999999925	165.89999999999992	0.991304347826087	0.7391304347826086	0.991304347826087	0.8956521739130435	0.991304347826087	1.0
YGL248W	77	127.0	15	42.75	6.0	1443.0	874.0	154.0	391.0	1437.6100000000001	562.9200000000017	0.5118110236220472	0.7637795275590551	0.7559055118110236	0.8661417322834646	0.9606299212598425	0.8661417322834646
YGL250W	136	607.0	138	31.0	16.375	55.0	453.0	41.0	274.0	41.0	373.0	0.6705107084019769	0.7380560131795717	0.9950576606260296	0.7693574958813838	1.0	0.9818780889621087
YGL252C	303	2062.0	135	37.0	5.0	95.0	255.0	60.0	120.0	67.0	215.0	0.5373423860329777	0.7870999030067896	0.997090203685742	0.9709020368574199	1.0	0.979631425800194
YGL253W	519	11103.0	2336	10.0	11.0	476.0	333.0	47.0	232.0	74.0	237.0	0.9585697559218229	0.7825812843375665	0.9960371070881744	0.9787444834729352	0.9997298027560119	0.9964874358281546
YGL254W	68	183.0	36	13.0	83.0	76.0	807.0	38.0	804.42	38.0	807.0	0.9289617486338798	0.6502732240437158	1.0	0.6557377049180327	1.0	0.8415300546448088
YGL255W	59	104.0	13	2.0	3.0	2082.0	160.0	1151.6999999999964	110.0	2082.0	150.2799999999999	0.75	0.9134615384615384	0.7596153846153846	0.9903846153846154	0.7596153846153846	1.0
YGL256W	254	471.0	11	27.0	82.0	770.0	235.0	693.0	217.0	721.0	219.0	0.4840764331210191	0.3991507430997877	0.643312101910828	0.7239915074309978	0.6581740976645435	1.0
YGL257C	369	1055.0	104	40.0	25.0	642.0	618.0	272.5	207.0	345.0	310.9666666666697	0.6360189573459716	0.5071090047393365	0.8985781990521327	0.8786729857819905	0.9393364928909953	0.9838862559241706
YGL258W	15	16.0	2	26.33333333333394	14.0	692.0	286.0	689.0	283.6	692.0	286.0	0.6875	0.375	0.875	1.0	0.9375	1.0
YGL258W-A	27	31.0	3	135.5	328.25	1151.0	957.0	1131.6499999999999	950.8499999999999	1151.0	957.0	0.6129032258064516	0.12903225806451613	0.6451612903225806	0.22580645161290322	0.6451612903225806	0.22580645161290322
YGL259W	25	29.0	3	31.66666666666606	211.83333333333394	459.0	1381.0	448.54999999999995	1334.4499999999998	459.0	1381.0	0.6551724137931034	0.13793103448275862	0.6896551724137931	0.2413793103448276	0.6896551724137931	0.2413793103448276
YGL261C	1	1.0	1	0.0	0.0	1414.0	89.0	1414.0	89.0	1414.0	89.0	1.0	1.0	1.0	1.0	1.0	1.0
YGL262W	1	1.0	1	0.0	0.0	1619.0	263.0	1619.0	263.0	1619.0	263.0	1.0	1.0	1.0	1.0	1.0	1.0
YGL263W	31	39.0	5	12.25	86.75	64.0	164.0	50.749999999999986	156.0	64.0	164.0	0.8717948717948718	0.46153846153846156	0.9743589743589743	0.6666666666666666	1.0	0.9743589743589743
YGR001C	85	194.0	16	9.0	7.0	65.0	115.0	39.0	87.33333333333327	45.24000000000001	99.36000000000001	0.9123711340206185	0.9845360824742269	0.9948453608247423	1.0	1.0	1.0
YGR002C	107	233.0	25	0.0	43.0	110.0	361.0	19.0	300.2	42.3599999999999	306.34	0.9785407725321889	0.37339055793991416	0.9914163090128756	0.8068669527896996	0.9957081545064378	0.9828326180257511
YGR003W	45	67.0	4	17.0	36.25	117.0	336.0	28.766666666666666	295.0	103.39999999999986	329.7099999999999	0.9850746268656716	0.34328358208955223	0.9850746268656716	0.9104477611940298	1.0	0.9701492537313433
YGR004W	47	94.0	16	28.0	24.0	182.0	351.0	83.0	331.2	139.76000000000022	349.9	0.5957446808510638	0.7340425531914894	0.9893617021276596	0.8191489361702128	0.9893617021276596	0.9893617021276596
YGR005C	98	129.0	11	3.0	13.0	69.0	177.0	58.949999999999974	171.0	69.0	176.42	0.9147286821705426	0.7751937984496124	1.0	0.8527131782945736	1.0	1.0
YGR006W	109	357.0	55	13.0	5.0	80.0	1713.0	41.25999999999999	1322.0	50.0	1327.0	0.8263305322128851	0.7478991596638656	1.0	0.8291316526610645	1.0	0.927170868347339
YGR007W	362	1214.0	94	884.0	0.0	950.0	1077.0	917.0	207.0	940.3599999999999	212.0	0.3896210873146623	0.8484349258649094	0.64332784184514	0.899505766062603	0.6466227347611203	0.9942339373970346
YGR008C	939	16320.0	2867	2.0	12.0	2636.0	1189.0	95.0	171.0	338.05217391304336	179.0	0.7909926470588236	0.7894607843137255	0.9752450980392157	0.9950980392156863	0.9882352941176471	0.9985294117647059
YGR009C	192	610.0	52	38.0	86.0	459.0	657.0	72.0	139.6	76.0	175.0999999999998	0.6901639344262295	0.4852459016393443	0.9934426229508196	0.5934426229508196	0.9934426229508196	0.9852459016393442
YGR010W	267	518.0	48	22.0	61.0	309.0	1658.0	230.59999999999997	414.0	304.9200000000003	439.0	0.5984555984555985	0.5733590733590733	0.8667953667953668	0.6505791505791506	0.9054054054054054	0.8436293436293436
YGR011W	312	570.0	48	31.0	61.0	1261.0	1567.0	1181.0	323.0	1253.9999999999998	348.0	0.543859649122807	0.5824561403508772	0.787719298245614	0.656140350877193	0.8228070175438597	0.8403508771929824
YGR012W	87	230.0	28	12.0	37.0	1692.0	338.0	31.0	91.0	170.1999999999989	227.0666666666657	0.9521739130434783	0.6956521739130435	0.9869565217391304	0.9521739130434783	0.9869565217391304	0.9652173913043478
YGR013W	148	822.0	100	19.0	44.0	99.0	316.0	54.0	280.0	73.51999999999975	293.5999999999999	0.7956204379562044	0.524330900243309	0.9902676399026764	0.8990267639902676	1.0	1.0
YGR014W	30	113.0	57	6.0	0.395161290303804	324.0	196.0	278.0	131.0	320.22	178.36000000000013	0.831858407079646	0.9823008849557522	0.8761061946902655	0.9911504424778761	0.8938053097345132	1.0
YGR015C	47	85.0	16	3.833333333313931	7.7999999999883585	95.0	288.0	36.625	272.64285714285717	63.55000000000021	288.0	0.9647058823529412	0.788235294117647	1.0	0.9176470588235294	1.0	1.0
YGR016W	109	215.0	20	10.625	729.0	327.0	1964.0	114.5	1961.0	327.0	1962.7	0.9348837209302325	0.2186046511627907	0.9395348837209302	0.2186046511627907	0.9534883720930233	0.2186046511627907
YGR017W	275	1109.0	229	17.0	0.0	1805.0	484.0	1502.0	125.41999999999999	1544.0	473.0	0.6366095581605049	0.9467989179440938	0.7502254283137962	0.9657348963029756	0.8719567177637512	0.9657348963029756
YGR018C	17	12.0	2	899.0	518.3333333333139	1607.0	1195.0	1607.0	822.0	1607.0	1105.4799999999993	0.5	0.3333333333333333	0.6666666666666666	0.4166666666666667	0.6666666666666666	0.4166666666666667
YGR019W	54	199.0	56	11.0	0.0	308.0	308.0	65.48571428571427	118.09999999999962	278.0299999999995	276.56999999999994	0.9195979899497487	0.949748743718593	0.9849246231155779	0.964824120603015	0.9849246231155779	0.9698492462311558
YGR020C	295	1393.0	202	11.0	26.0	267.0	385.0	111.21249999999998	177.0	113.0	196.06999999999994	0.7946877243359656	0.6611629576453697	0.9870782483847811	0.9885139985642498	0.9978463747307968	0.9928212491026561
YGR021W	131	329.0	16	32.625	9.0	93.0	112.0	54.0	102.0	57.0	102.0	0.5288753799392097	0.9604863221884499	0.993920972644377	1.0	1.0	1.0
YGR022C	5	13.0	11	243.66666666662786	2.125	1178.0	775.0	846.9	771.85	1093.2399999999996	775.0	0.8461538461538461	0.9230769230769231	0.8461538461538461	1.0	0.8461538461538461	1.0
YGR023W	39	69.0	8	5.0	19.0	279.0	303.0	210.12499999999997	299.0	271.6533333333334	302.24	0.8260869565217391	0.5507246376811594	0.927536231884058	1.0	0.9855072463768116	1.0
YGR026W	160	353.0	54	13.75	14.0	179.0	316.0	154.0	230.0	179.0	315.0999999999991	0.7592067988668555	0.7393767705382436	0.8413597733711048	0.8356940509915014	0.9716713881019831	0.9631728045325779
YGR027C	886	3608.0	138	39.0	20.0	174.0	325.0	92.0666666666666	125.0	112.0	153.42000000000007	0.45787139689578715	0.6942904656319291	0.9614745011086474	0.9562084257206208	0.9994456762749445	0.998059866962306
YGR028W	66	98.0	5	154.33333333337214	47.0	305.0	342.0	163.0	248.0	255.0799999999996	342.0	0.3877551020408163	0.41836734693877553	0.4387755102040816	0.8673469387755102	0.47959183673469385	0.9489795918367347
YGR029W	123	774.0	414	0.0	5.0	44.0	269.0	34.0	233.0	41.0	247.1688888888889	0.8901808785529716	0.7919896640826873	1.0	0.8268733850129198	1.0	0.8540051679586563
YGR030C	149	273.0	27	4.0	19.0	960.0	1381.0	59.0	109.0	308.4399999999987	243.8499999999999	0.9194139194139194	0.9084249084249084	0.978021978021978	0.9816849816849816	0.9853479853479854	0.9853479853479854
YGR031W	547	1694.0	87	17.0	253.0	1252.0	803.0	101.59999999999991	563.0	131.0	741.0	0.756198347107438	0.3364817001180638	0.974616292798111	0.3476977567886659	0.9935064935064936	0.44805194805194803
YGR033C	314	1307.0	176	39.0	0.0	793.0	1445.0	130.0	307.0	145.0	310.0	0.45294567712318284	0.909716908951798	0.7651109410864575	0.9892884468247896	0.9961744452945677	0.991583779648049
YGR034W	1060	32748.0	6941	30.0	8.0	358.0	339.0	57.0	132.0	70.0	139.0	0.4335226578722365	0.7749786246488335	0.9963356540857456	0.9718456088921461	0.9998778551361915	0.9987785513619152
YGR035C	161	450.0	86	8.210526315844618	1.0	119.0	231.0	94.0	177.0	96.6	190.33333333333334	0.9155555555555556	0.9755555555555555	0.9888888888888889	0.9977777777777778	1.0	1.0
YGR035W-A	2	2.0	1	2.0	4.0	762.0	1415.0	762.0	1415.0	762.0	1415.0	1.0	1.0	1.0	1.0	1.0	1.0
YGR036C	149	246.0	28	105.0	88.0	694.0	718.0	180.0	689.0	591.7599999999992	713.3866666666667	0.1910569105691057	0.2926829268292683	0.25203252032520324	0.36585365853658536	0.32113821138211385	0.7479674796747967
YGR037C	1721	22521.0	1281	10.0	2.0	1402.0	460.0	70.0	262.0	75.0	338.0	0.9020025753740953	0.8305137427290085	0.998001864926069	0.9394787087607123	0.9981794769326406	0.9619466275920252
YGR038W	352	1153.0	184	17.699999999953434	8.0	1190.0	274.0	350.39999999999964	173.0	366.0	249.0	0.6652211621856028	0.7025151777970512	0.7450130095403296	0.8204683434518647	0.9158716392020815	0.97398091934085
YGR039W	9	6.0	2	40.0	1272.0	145.0	1959.0	137.79999999999998	1959.0	143.56	1959.0	0.6666666666666666	0.3333333333333333	0.8333333333333334	0.3333333333333333	1.0	0.3333333333333333
YGR040W	247	342.0	8	214.0	172.0	591.0	662.0	481.0	630.9999999999999	540.5866666666666	656.88	0.2222222222222222	0.20175438596491227	0.32456140350877194	0.25146198830409355	0.3304093567251462	0.28654970760233917
YGR041W	380	977.0	46	58.0	22.0	1494.0	1323.0	504.0	193.0249999999998	541.46	1245.0	0.345957011258956	0.7666325486182191	0.8055271238485159	0.9385875127942682	0.872057318321392	0.9692937563971341
YGR042W	162	510.0	133	42.0	1.0	2372.0	167.0	2270.0	158.0	2342.5333333333333	162.0	0.7196078431372549	0.8901960784313725	0.796078431372549	0.8941176470588236	0.8058823529411765	1.0
YGR043C	20	19.0	2	9.25	65.0	50.0	199.0	49.55	199.0	50.0	199.0	1.0	0.3157894736842105	1.0	0.3157894736842105	1.0	0.7894736842105263
YGR044C	66	75.0	6	5.0	55.0	611.0	312.0	224.0	272.25	611.0	285.0	0.8533333333333334	0.21333333333333335	0.88	0.9866666666666667	0.9466666666666667	1.0
YGR045C	8	6.0	1	72.0	1121.0	303.0	1153.0	303.0	1153.0	303.0	1153.0	0.3333333333333333	0.16666666666666666	0.5	0.16666666666666666	1.0	0.16666666666666666
YGR046W	74	217.0	64	16.0	2.0	459.0	436.0	130.0	361.0	139.0	396.8699999999994	0.7465437788018433	0.7788018433179723	0.9907834101382489	0.8248847926267281	0.9953917050691244	0.8525345622119815
YGR047C	33	53.0	9	9.0	20.0	47.0	136.0	43.69999999999999	108.0	46.91	135.18999999999997	1.0	0.8113207547169812	1.0	0.9811320754716981	1.0	1.0
YGR048W	148	1294.0	234	27.0	0.0	416.0	164.0	85.0	84.0	91.0	93.70666666666664	0.6599690880989181	0.9938176197836167	0.9953632148377125	0.9976816074188563	0.999227202472952	1.0
YGR049W	265	930.0	216	37.0	39.0	186.0	1537.0	120.0	269.0	159.0	273.60000000000014	0.6946236559139785	0.4161290322580645	0.8225806451612904	0.7688172043010753	0.9634408602150538	0.8376344086021505
YGR050C	77	163.0	19	40.33333333337214	41.949999999953434	479.0	347.0	92.39999999999998	182.39999999999998	381.08000000000175	219.62000000000012	0.7239263803680982	0.6687116564417178	0.9202453987730062	0.8957055214723927	0.9815950920245399	0.9202453987730062
YGR053C	28	36.0	6	28.571428571478464	3.0	221.0	120.0	209.47999999999985	117.6	221.0	120.0	0.5277777777777778	0.9444444444444444	0.8888888888888888	0.9444444444444444	0.9166666666666666	1.0
YGR054W	154	417.0	27	5.150000000023283	118.0	225.0	297.0	197.0	217.29999999999995	200.0	257.4799999999996	0.8776978417266187	0.6594724220623501	0.9616306954436451	0.6762589928057554	0.9760191846522782	0.6858513189448441
YGR055W	428	6517.0	1551	9.0	15.0	156.0	583.0	43.0	147.0	58.0	155.0	0.934632499616388	0.8006751572809575	0.9918674236611938	0.9886450820929876	1.0	0.9975448826147
YGR056W	60	165.0	35	28.75	19.0	309.0	347.0	83.25	129.5	305.39999999999986	257.2999999999992	0.6545454545454545	0.8727272727272727	0.9575757575757575	0.9515151515151515	0.9575757575757575	0.9878787878787879
YGR057C	68	100.0	9	2.0	30.0	491.0	1816.0	90.0	824.0	92.0	1497.0	0.86	0.37	1.0	0.81	1.0	0.83
YGR058W	80	187.0	22	4.0	124.0	250.0	540.0	51.200000000000045	436.675	214.6199999999998	540.0	0.9090909090909091	0.6203208556149733	0.9572192513368984	0.7058823529411765	0.9786096256684492	0.7112299465240641
YGR059W	2	2.0	1	163.0	89.0	163.0	97.0	163.0	97.0	163.0	97.0	0.5	0.5	0.5	0.5	0.5	1.0
YGR060W	322	2318.0	479	35.0	186.0	980.0	345.0	83.0	321.0	91.72000000000008	323.0	0.5047454702329595	0.6125970664365833	0.9706643658326143	0.6151855047454702	0.9995685936151855	0.6169111302847282
YGR061C	42	68.0	8	74.0	27.0	122.0	108.0	122.0	100.1	122.0	107.09999999999997	0.38235294117647056	0.5147058823529411	0.5294117647058824	1.0	1.0	1.0
YGR062C	132	508.0	84	32.0	3.0	591.0	345.0	558.0	96.0	574.84	287.42666666666685	0.4251968503937008	0.952755905511811	0.9133858267716536	0.9547244094488189	0.9133858267716536	0.984251968503937
YGR063C	609	5827.0	1005	11.0	2.0	74.0	1327.0	41.0	135.0	43.409999999999854	206.37999999999738	0.9176248498369658	0.9124764029517762	1.0	0.9540072078256393	1.0	0.9914192551913507
YGR064W	24	24.0	6	18.0	1.0	1587.0	165.0	1237.5999999999995	149.39999999999995	1587.0	163.56	0.5833333333333334	0.8333333333333334	0.8333333333333334	0.875	0.9166666666666666	1.0
YGR065C	86	146.0	10	34.0	26.0	469.0	169.0	129.26666666666662	130.79999999999995	134.19999999999976	143.07999999999979	0.5684931506849316	0.5136986301369864	0.7671232876712328	0.9931506849315068	0.863013698630137	1.0
YGR066C	1	1.0	1	0.0	0.0	89.0	117.0	89.0	117.0	89.0	117.0	1.0	1.0	1.0	1.0	1.0	1.0
YGR067C	17	21.0	2	54.83333333337214	8.833333333372138	192.0	122.0	141.39999999999992	121.76666666666667	192.0	122.0	0.6190476190476191	0.9047619047619048	0.6666666666666666	1.0	1.0	1.0
YGR068C	128	397.0	33	12.61666666669771	7.0	103.0	531.0	68.0	408.0	81.76999999999975	477.1199999999991	0.7934508816120907	0.9622166246851386	0.9949622166246851	0.9899244332493703	1.0	0.9899244332493703
YGR068W-A	6	9.0	5	82.0	0.75	547.0	791.0	547.0	791.0	547.0	791.0	0.5555555555555556	0.8888888888888888	0.5555555555555556	0.8888888888888888	0.7777777777777778	0.8888888888888888
YGR071C	9	11.0	2	37.0	13.833333333372138	77.0	212.0	76.6	211.85	77.0	212.0	0.5454545454545454	0.8181818181818182	0.9090909090909091	1.0	1.0	1.0
YGR072W	9	8.0	2	25.0	53.0	65.0	123.0	65.0	123.0	65.0	123.0	0.625	0.5	1.0	0.75	1.0	1.0
YGR073C	51	77.0	10	350.75	2.0	1039.0	84.0	941.68	60.149999999999906	1026.4450000000002	80.40000000000006	0.7012987012987013	0.8311688311688312	0.7272727272727273	0.987012987012987	0.7272727272727273	1.0
YGR074W	81	607.0	156	21.0	0.0	51.0	381.0	39.0	304.0	39.0	318.0	0.6952224052718287	0.9950576606260296	1.0	0.9967051070840197	1.0	1.0
YGR075C	105	204.0	15	0.0	108.90000000002328	150.0	616.0	49.0	567.0	78.39000000000037	590.0600000000001	0.9705882352941176	0.35294117647058826	0.9950980392156863	0.4411764705882353	0.9950980392156863	0.9411764705882353
YGR076C	191	482.0	32	32.0	19.0	1976.0	367.0	72.0	129.0	97.0	137.72000000000003	0.6763485477178424	0.8423236514522822	0.9896265560165975	0.991701244813278	0.9937759336099585	0.9937759336099585
YGR077C	168	704.0	50	27.5	4.0	911.0	738.0	54.0	76.0	859.840000000002	166.36000000000058	0.7130681818181818	0.8551136363636364	0.9815340909090909	0.9872159090909091	0.9815340909090909	0.9886363636363636
YGR078C	159	428.0	52	12.0	4.0	974.0	2080.0	58.494736842105254	83.0	66.0	2076.0	0.8200934579439252	0.9322429906542056	0.9976635514018691	0.9579439252336449	0.9976635514018691	0.9766355140186916
YGR080W	138	251.0	14	19.0	30.0	50.0	461.0	50.0	158.0	50.0	193.6800000000003	0.7928286852589641	0.6892430278884463	1.0	0.8685258964143426	1.0	0.9880478087649402
YGR081C	475	1547.0	71	25.0	31.0	864.0	1334.0	64.0	203.0	73.0	205.0	0.612152553329024	0.5811247575953459	0.9204912734324499	0.9211376858435681	0.9967679379444085	0.9928894634776988
YGR082W	346	15563.0	3166	0.0	44.0	237.0	4376.0	47.0	162.0	49.0	172.0	0.9965302319604189	0.6698579965302319	0.9996787251815202	0.873867506264859	0.9997429801452162	0.9986506457623852
YGR083C	5	6.0	2	465.0	26.33333333337214	1502.0	1079.0	1502.0	1079.0	1502.0	1079.0	0.6666666666666666	0.6666666666666666	0.8333333333333334	0.8333333333333334	0.8333333333333334	0.8333333333333334
YGR084C	38	60.0	9	2.0	10.5	812.0	3342.0	801.0	3331.0	811.2	3342.0	0.8166666666666667	0.75	0.85	0.8166666666666667	0.85	0.9166666666666666
YGR085C	1549	56517.0	8527	11.0	11.0	1820.0	1416.0	54.0	97.0	103.0	156.0	0.8494435302652299	0.8380133411186015	0.9784312684678946	0.9773696409929755	0.9992214731850594	0.9986729656563512
YGR086C	1049	8087.0	748	27.0	252.0	320.0	1340.0	113.0	354.0	122.0	354.0	0.5344379868925436	0.40942252998639794	0.9573389390379622	0.4096698404847286	0.9965376530233708	0.42178805490293064
YGR087C	7	10.0	3	0.0	37.0	178.0	193.0	178.0	193.0	178.0	193.0	0.9	0.3	0.9	0.9	0.9	1.0
YGR088W	69	253.0	30	6.0	6.0	1072.0	146.0	33.0	141.0	43.97	143.70499999999998	0.9604743083003953	0.857707509881423	0.9960474308300395	0.9446640316205533	0.9960474308300395	1.0
YGR089W	26	38.0	5	21.0	16.0	283.0	169.0	282.4	130.0	283.0	169.0	0.9473684210526315	0.7368421052631579	0.9473684210526315	0.8421052631578947	0.9736842105263158	1.0
YGR090W	16	29.0	6	18.83333333337214	37.0	296.0	115.0	292.8333333333333	115.0	296.0	115.0	0.9310344827586207	0.5862068965517241	0.9310344827586207	1.0	1.0	1.0
YGR091W	131	496.0	80	3.0	67.0	124.0	772.0	83.85	176.46666666666667	94.16000000000008	331.08000000000004	0.907258064516129	0.592741935483871	0.9596774193548387	0.7318548387096774	1.0	0.9758064516129032
YGR092W	102	134.0	5	38.0	74.75	132.0	290.0	123.0	281.0	129.48	290.0	0.6791044776119403	0.3582089552238806	0.8582089552238806	0.6044776119402985	1.0	0.9104477611940298
YGR093W	84	216.0	44	21.0	1.0	365.0	159.0	118.93333333333332	146.0	204.62000000000032	151.34	0.6990740740740741	0.8842592592592593	0.8888888888888888	0.9166666666666666	0.9814814814814815	1.0
YGR094W	12	19.0	4	20.849999999976717	8.5	42.0	93.0	42.0	92.1	42.0	93.0	0.631578947368421	1.0	1.0	1.0	1.0	1.0
YGR095C	365	586.0	20	23.0	50.0	773.0	197.0	127.0	171.0999999999998	300.5199999999967	189.0	0.39419795221843	0.7201365187713311	0.947098976109215	0.7662116040955631	0.9880546075085325	0.9078498293515358
YGR096W	66	129.0	17	21.08333333337214	3.0	85.0	602.0	69.0	78.0	83.83999999999997	515.0999999999993	0.6589147286821705	0.9689922480620154	1.0	0.9689922480620154	1.0	0.9767441860465116
YGR097W	22	23.0	2	129.0	105.0	270.0	295.0	243.3499999999999	283.29999999999995	270.0	295.0	0.4782608695652174	0.43478260869565216	0.6521739130434783	0.6521739130434783	0.6521739130434783	0.7391304347826086
YGR099W	51	69.0	4	31.5	11.75	446.0	228.0	84.1	101.0	400.5266666666672	215.93500000000014	0.42028985507246375	0.6666666666666666	0.9565217391304348	0.9710144927536232	0.9855072463768116	0.9855072463768116
YGR100W	155	332.0	17	33.0	34.0	350.0	169.0	143.93333333333317	129.0	272.86666666666673	139.18	0.6234939759036144	0.5933734939759037	0.8704819277108434	0.8403614457831325	0.9578313253012049	1.0
YGR101W	339	2280.0	303	24.0	5.0	455.0	213.0	69.0	120.0	79.0	175.28571428571402	0.5548245614035088	0.7991228070175439	0.9986842105263158	0.9359649122807018	0.9991228070175439	0.9921052631578947
YGR102C	131	332.0	43	2.0	15.0	110.0	1495.0	57.0	187.45	71.0	301.14000000000016	0.9337349397590361	0.7469879518072289	0.9819277108433735	0.8524096385542169	1.0	0.9608433734939759
YGR103W	249	1251.0	286	10.34709193254821	45.0	523.0	237.0	55.950000000000045	212.0	71.0	227.0	0.8968824940047961	0.6195043964828137	0.9952038369304557	0.8505195843325339	0.9984012789768185	0.9992006394884093
YGR104C	108	145.0	8	34.0	62.33333333337214	462.0	174.0	73.0	139.5	87.6500000000022	174.0	0.5172413793103449	0.36551724137931035	0.993103448275862	0.36551724137931035	0.993103448275862	1.0
YGR105W	343	1938.0	276	14.0	2.0	859.0	1116.0	58.0	185.0	68.0	207.41333333333327	0.8214654282765738	0.8333333333333334	0.9984520123839009	0.9514963880288958	0.999484004127967	0.9695562435500515
YGR106C	177	508.0	29	3.0	17.0	74.0	180.0	68.0	111.0	70.0	158.0	0.9606299212598425	0.8011811023622047	0.9980314960629921	0.9665354330708661	1.0	1.0
YGR107W	10	11.0	2	768.5	5.0	907.0	674.0	906.7	653.8499999999997	907.0	674.0	0.18181818181818182	0.8181818181818182	0.2727272727272727	0.9090909090909091	0.5454545454545454	0.9090909090909091
YGR108W	146	688.0	76	10.0	30.0	319.0	291.0	266.0	205.0	274.0	223.0	0.8517441860465116	0.6656976744186046	0.8909883720930233	0.9752906976744186	0.9883720930232558	0.998546511627907
YGR109C	29	42.0	5	19.0	3.0	265.0	1610.0	238.59999999999997	117.19999999999999	265.0	1610.0	0.6904761904761905	0.9285714285714286	0.8095238095238095	0.9285714285714286	0.8809523809523809	0.9761904761904762
YGR110W	131	298.0	27	13.0	113.0	83.0	365.0	72.0	263.0	81.82399999999998	333.1999999999998	0.7953020134228188	0.42953020134228187	1.0	0.6610738255033557	1.0	0.9362416107382551
YGR111W	98	214.0	21	39.0625	11.0	632.0	133.0	388.3999999999997	125.0	625.5199999999999	128.0	0.5373831775700935	0.9766355140186916	0.8598130841121495	1.0	0.9018691588785047	1.0
YGR112W	120	327.0	35	0.47499999997671694	67.0	657.0	1725.0	79.0	258.0	83.15000000000009	366.3800000000001	0.7431192660550459	0.581039755351682	0.9418960244648318	0.6483180428134556	0.9969418960244648	0.9724770642201835
YGR113W	192	323.0	8	12.0	86.0	1593.0	712.0	74.0	328.0	960.9599999999991	367.0	0.8668730650154799	0.33126934984520123	0.978328173374613	0.4613003095975232	0.9814241486068112	0.6965944272445821
YGR116W	26	48.0	13	10.25	85.0	123.0	300.0	102.89999999999989	191.0	123.0	300.0	0.7708333333333334	0.6666666666666666	0.9583333333333334	0.7083333333333334	1.0	0.9791666666666666
YGR117C	48	62.0	4	17.0	29.0	32.0	738.0	32.0	314.0	32.0	448.48000000000036	0.7258064516129032	0.5	1.0	0.8709677419354839	1.0	0.9838709677419355
YGR118W	897	28351.0	4171	0.0	16.0	3921.0	405.0	31.0	187.0	40.0	287.0	0.9899474445345843	0.9355931007724595	0.9994709181333992	0.9602835878804981	0.9997883672533596	0.9722408380656767
YGR119C	372	1026.0	96	26.18518518516794	16.0	392.0	278.0	116.39999999999986	137.0	123.0	213.0	0.645224171539961	0.6695906432748538	0.9502923976608187	0.804093567251462	0.9990253411306043	0.9883040935672515
YGR120C	58	116.0	24	13.0	10.0	246.0	208.0	83.19999999999999	183.86666666666665	229.466666666667	206.68	0.8017241379310345	0.8879310344827587	0.9482758620689655	0.9913793103448276	0.9827586206896551	0.9913793103448276
YGR121C	34	45.0	3	12.0	7.0	333.0	161.0	72.25	155.75	333.0	161.0	0.8666666666666667	0.8222222222222222	0.9777777777777777	1.0	0.9777777777777777	1.0
YGR121W-A	37	15.0	1	50.5	16.75	2070.0	262.0	2068.5	245.5	2070.0	262.0	0.3333333333333333	0.5333333333333333	0.7333333333333333	0.9333333333333333	0.8	0.9333333333333333
YGR122C-A	27	15.0	3	10.5	97.0	262.0	463.0	262.0	458.0	262.0	462.4	0.8666666666666667	0.26666666666666666	0.8666666666666667	0.7333333333333333	0.8666666666666667	0.7333333333333333
YGR122W	162	314.0	24	24.0	58.66666666662786	331.0	607.0	207.0	372.23636363636365	297.488	398.28000000000065	0.6496815286624203	0.4713375796178344	0.8598726114649682	0.535031847133758	0.8853503184713376	0.9267515923566879
YGR123C	357	1178.0	76	25.0	7.0	110.0	221.0	78.0	189.0	101.0	211.0	0.5059422750424448	0.7928692699490663	0.967741935483871	0.8675721561969439	1.0	0.9974533106960951
YGR124W	773	11523.0	2823	9.0	4.0	130.0	422.0	97.0	227.0	122.0	273.0	0.8775492493274321	0.8168879632040267	0.9052330122363967	0.8358934305302439	0.9987850386184154	0.9209407272411698
YGR125W	55	87.0	11	19.0	34.0	266.0	302.0	220.64999999999992	167.14999999999998	256.7499999999999	252.4199999999994	0.6781609195402298	0.632183908045977	0.9080459770114943	0.9540229885057471	0.9310344827586207	0.9770114942528736
YGR126W	41	63.0	6	42.5	59.75	1049.0	1435.0	514.0	1424.9625	979.4499999999987	1433.7	0.4126984126984127	0.746031746031746	0.8412698412698413	0.746031746031746	0.8888888888888888	0.7777777777777778
YGR127W	77	117.0	6	1005.75	6.0	2012.0	226.0	1233.9999999999984	215.64999999999998	1653.549999999999	222.64999999999998	0.19658119658119658	0.9230769230769231	0.37606837606837606	0.9316239316239316	0.4017094017094017	0.9487179487179487
YGR128C	229	1146.0	176	0.0	51.61538461537566	95.0	260.0	48.0	136.0	81.0	217.0	0.9738219895287958	0.4319371727748691	0.9982547993019197	0.6300174520069808	1.0	0.9930191972076788
YGR129W	129	184.0	13	14.0	680.0	332.0	1545.0	49.0	1509.533333333333	194.79999999999944	1537.62	0.9782608695652174	0.375	0.9836956521739131	0.3858695652173913	0.9891304347826086	0.3858695652173913
YGR130C	101	365.0	105	25.352941176504828	0.0	501.0	445.0	133.0	187.0	447.4000000000001	193.26666666666688	0.5698630136986301	0.989041095890411	0.8438356164383561	0.9945205479452055	0.9808219178082191	0.9972602739726028
YGR131W	25	25.0	6	26.0	0.0	203.0	125.0	185.0	121.0	203.0	124.5	0.6	0.92	0.72	1.0	0.96	1.0
YGR132C	411	1061.0	70	29.0	42.0	993.0	327.0	93.0	311.0	951.4133333333339	311.0	0.6380772855796418	0.5400565504241281	0.9038642789820923	0.5664467483506126	0.9707822808671065	0.8491988689915174
YGR134W	12	16.0	2	9.0	33.0	167.0	167.0	164.9	167.0	167.0	167.0	1.0	0.5	1.0	0.8125	1.0	0.8125
YGR135W	316	2343.0	390	50.0	0.0	2094.0	1236.0	92.0	136.0	105.0	137.0	0.5505761843790012	0.8792146820315835	0.7554417413572343	0.9483568075117371	0.9991463935125907	0.9974391805377721
YGR136W	123	1076.0	206	0.2857142856810242	4.0	1134.0	595.0	25.0	254.0	623.7600000000003	262.0	0.9721189591078067	0.9953531598513011	0.9767657992565055	0.9962825278810409	0.9804832713754646	0.9962825278810409
YGR137W	239	1268.0	206	10.0	4.0	1594.0	496.0	485.0	145.0	926.114285714279	153.0	0.8257097791798107	0.9952681388012619	0.831230283911672	0.9960567823343849	0.8414826498422713	0.9960567823343849
YGR138C	37	55.0	7	18.0	77.5	357.0	505.0	283.0	192.33333333333334	353.3000000000002	489.5000000000009	0.7454545454545455	0.4909090909090909	0.8181818181818182	0.6181818181818182	0.9272727272727272	0.9272727272727272
YGR141W	144	297.0	21	15.0	337.0	68.0	1809.0	52.94999999999993	479.0	59.0	509.04666666666634	0.8619528619528619	0.3501683501683502	1.0	0.41414141414141414	1.0	0.4444444444444444
YGR142W	69	162.0	29	441.75	5.0	1901.0	126.0	1127.84	102.4	1598.7199999999978	118.0	0.17901234567901234	0.9814814814814815	0.17901234567901234	1.0	0.19753086419753085	1.0
YGR143W	3	3.0	1	109.5	12.75	502.0	403.0	502.0	403.0	502.0	403.0	0.3333333333333333	1.0	0.6666666666666666	1.0	0.6666666666666666	1.0
YGR145W	297	956.0	45	30.0	26.16666666662786	76.0	285.0	63.0	108.0	69.0	120.0	0.7060669456066946	0.606694560669456	0.9571129707112971	0.8692468619246861	1.0	0.9989539748953975
YGR146C	262	556.0	39	83.0	9.0	1073.0	2689.0	305.0	226.0	397.2799999999983	248.75999999999976	0.22841726618705036	0.7679856115107914	0.3363309352517986	0.8884892086330936	0.9766187050359713	0.9928057553956835
YGR146C-A	70	111.0	24	454.4000000000233	60.54000000003725	1740.0	3742.0	1566.9333333333334	254.27499999999972	1721.7	3742.0	0.22522522522522523	0.2882882882882883	0.43243243243243246	0.3783783783783784	0.5225225225225225	0.963963963963964
YGR147C	326	1959.0	247	2.0	15.0	257.0	1058.0	84.0	128.0	87.0	924.2600000000152	0.8749361919346605	0.7881572230729964	0.9612046962736089	0.81368044920878	0.9979581419091373	0.9846860643185299
YGR148C	446	2008.0	246	9.0	55.0	585.0	193.0	60.0	156.0	73.0	156.0	0.8884462151394422	0.6992031872509961	0.9875498007968128	0.7146414342629482	0.9940239043824701	1.0
YGR149W	210	516.0	50	49.0	9.666666666627862	410.0	835.0	160.0	218.0	393.67999999999995	246.57999999999907	0.5813953488372093	0.7306201550387597	0.7461240310077519	0.8856589147286822	0.9593023255813954	0.9903100775193798
YGR150C	43	67.0	5	31.0	12.25	56.0	131.0	51.49999999999999	127.49999999999999	56.0	131.0	0.6268656716417911	0.8059701492537313	1.0	0.9850746268656716	1.0	1.0
YGR151C	148	212.0	34	120.25	51.944444444496185	714.0	141.0	693.0	130.67999999999998	693.0	141.0	0.1650943396226415	0.4056603773584906	0.1650943396226415	0.6556603773584906	0.18396226415094338	0.9339622641509434
YGR152C	138	172.0	7	90.0	46.0	212.0	160.0	191.0	155.05	191.56	160.0	0.18604651162790697	0.29651162790697677	0.7151162790697675	0.38953488372093026	0.8546511627906976	0.7906976744186046
YGR153W	40	43.0	5	29.91666666662786	100.75	221.0	1816.0	220.35	1815.82	221.0	1816.0	0.7209302325581395	0.23255813953488372	0.813953488372093	0.5116279069767442	0.8372093023255814	0.5348837209302325
YGR154C	78	100.0	10	55.0	126.5	589.0	794.0	465.0	256.0	534.0	778.0	0.41	0.45	0.61	0.53	0.76	0.69
YGR155W	530	6531.0	1088	18.0	11.0	779.0	210.0	54.0	145.05294117647057	74.0699999999988	163.0	0.9056806002143623	0.8072270708926658	0.9969376818251416	0.9082835706629919	0.9998468840912571	0.9834634818557648
YGR156W	124	282.0	52	17.0	39.0	350.0	363.0	169.39999999999986	179.26666666666665	191.0	296.7200000000002	0.7801418439716312	0.46099290780141844	0.9468085106382979	0.8120567375886525	0.9929078014184397	0.8368794326241135
YGR157W	436	1875.0	168	24.0	41.0	269.0	1327.0	254.0	166.0	257.0	188.0	0.7290666666666666	0.5258666666666667	0.7765333333333333	0.8858666666666667	0.7888	0.9946666666666667
YGR158C	270	720.0	74	10.199999999953434	3.0	109.0	1558.0	79.0	265.2	95.14999999999998	1551.0	0.7902777777777777	0.8472222222222222	0.9916666666666667	0.9388888888888889	1.0	0.9694444444444444
YGR159C	393	11469.0	3235	11.804603027529083	0.0	181.0	211.0	90.01999999999971	150.0	138.0	157.0	0.9033917516784375	0.9984305519225739	0.9529165576772168	0.9989537012817159	0.9947685064085796	1.0
YGR161C	43	96.0	20	12.0	97.0	98.0	213.0	98.0	211.0	98.0	213.0	0.875	0.5833333333333334	0.8854166666666666	0.625	1.0	0.78125
YGR161W-C	266	683.0	31	21.0	55.875	457.0	887.0	233.0	295.16	237.0	359.0	0.5929721815519766	0.6017569546120058	0.8975109809663251	0.705710102489019	0.9019033674963397	0.9926793557833089
YGR163W	166	1203.0	215	13.0	7.0	184.0	99.0	89.0	68.0	110.94000000000005	73.0	0.8387364921030757	0.9950124688279302	0.9875311720698254	1.0	1.0	1.0
YGR165W	202	1173.0	253	0.6561181434663013	8.0	470.0	2423.0	63.0	170.69999999999982	70.0	177.0	0.9548167092924126	0.9138959931798807	0.9931798806479113	0.9914748508098892	0.9991474850809889	0.9991474850809889
YGR166W	73	142.0	16	15.0	6.0	1869.0	379.0	115.53333333333336	90.4	261.7600000000218	116.80000000000356	0.7676056338028169	0.9225352112676056	0.9788732394366197	0.9647887323943662	0.9929577464788732	0.9929577464788732
YGR167W	534	2827.0	203	26.0	30.0	122.0	1455.0	99.0	214.30000000000018	109.0	239.8075	0.7375309515387336	0.5270604881499823	0.9961089494163424	0.844004244782455	1.0	0.9720551821719137
YGR168C	56	94.0	19	10.0	7.0	120.0	131.0	65.12	98.0	99.3200000000001	104.12	0.6914893617021277	0.9468085106382979	0.9893617021276596	0.9893617021276596	1.0	1.0
YGR169C	56	128.0	24	7.0	16.0	67.0	1060.0	31.299999999999926	119.46666666666665	64.47999999999999	396.219999999999	0.90625	0.90625	1.0	0.984375	1.0	0.984375
YGR169C-A	466	1870.0	153	47.0	4.0	121.0	424.0	107.0	398.0	115.0	401.0	0.38288770053475935	0.8898395721925134	0.7310160427807486	0.9967914438502674	0.9983957219251337	0.9978609625668449
YGR170W	16	27.0	6	8.25	39.25	65.0	343.0	65.0	303.04999999999995	65.0	343.0	0.8888888888888888	0.48148148148148145	1.0	0.7777777777777778	1.0	0.8148148148148148
YGR171C	106	681.0	282	6.0	2.0	220.0	209.0	42.0	114.0	73.96999999999923	206.0	0.9486049926578561	0.9060205580029369	0.9897209985315712	0.9353891336270191	0.9941262848751835	1.0
YGR172C	253	2517.0	428	7.0	15.0	117.0	887.0	37.0	141.0	46.85533333333333	214.82999999999993	0.9849026618990863	0.9237187127532777	0.9996027016289233	0.9797377830750894	1.0	0.9936432260627731
YGR173W	238	1027.0	122	10.0	173.57142857147846	1099.0	378.0	67.0	272.0	76.0	300.0	0.9152872444011685	0.7098344693281402	0.9980525803310614	0.7205452775073028	0.9980525803310614	0.7215189873417721
YGR174C	5	4.0	1	137.5	39.5	217.0	138.0	217.0	138.0	217.0	138.0	0.25	0.25	0.25	0.25	0.75	1.0
YGR174W-A	36	61.0	11	34.75	15.8125	835.0	146.0	814.8	116.89999999999999	825.34	142.92000000000002	0.6065573770491803	0.9836065573770492	0.7704918032786885	1.0	0.7868852459016393	1.0
YGR175C	297	1757.0	189	65.0	15.0	202.0	236.0	98.0	206.0	102.0	210.0	0.485486624928856	0.8281161070005691	0.4906089926010245	0.9971542401821286	0.9994308480364257	0.9982925441092771
YGR176W	5	3.0	1	12.0	171.75	152.0	1625.0	146.89999999999998	1625.0	150.98	1625.0	1.0	0.6666666666666666	1.0	0.6666666666666666	1.0	0.6666666666666666
YGR177C	105	222.0	17	14.0	14.0	397.0	278.0	330.0	226.5999999999999	353.8933333333334	236.0	0.8108108108108109	1.0	0.8603603603603603	1.0	0.8918918918918919	1.0
YGR178C	143	631.0	107	9.300000000046566	11.25	293.0	168.0	241.0	145.0	281.46	156.0	0.7908082408874801	0.8557844690966719	0.9698890649762282	0.9683042789223455	0.9857369255150554	1.0
YGR179C	71	108.0	7	8.375	45.0	207.0	210.0	51.599999999999966	152.0	82.0	178.6800000000001	0.9074074074074074	0.5833333333333334	0.9814814814814815	0.8518518518518519	0.9907407407407407	0.9259259259259259
YGR180C	98	177.0	17	182.0	26.0	224.0	160.0	212.73333333333335	135.86666666666667	224.0	151.37999999999994	0.480225988700565	0.4463276836158192	0.4971751412429379	0.9830508474576272	0.5028248587570622	1.0
YGR181W	453	4148.0	510	31.0	2.0	377.0	268.0	75.0	200.04999999999995	75.0	239.0	0.6145130183220829	0.850771456123433	0.9985535197685632	0.8780135004821601	0.9990356798457087	0.9660077145612344
YGR183C	615	3102.0	121	43.0	13.0	309.0	482.0	100.91372549019604	397.0	101.0	457.0	0.28949065119277884	0.8391360412637009	0.8997421018697614	0.8929722759509994	0.9987105093488072	0.975177304964539
YGR185C	274	2446.0	867	0.0	8.0	63.0	810.0	38.0	124.0	46.0	328.3799999999994	0.9934587080948487	0.7673753066230581	1.0	0.9268192968111202	1.0	0.9856909239574816
YGR186W	147	749.0	95	18.0	7.5	65.0	215.0	36.0	133.79999999999987	40.673333333333325	139.34	0.9385847797062751	0.9145527369826435	0.9986648865153538	0.9252336448598131	1.0	0.9959946595460614
YGR187C	369	1094.0	63	26.0	69.0	1358.0	237.0	85.0	191.0	104.0	208.0	0.43784277879341865	0.5447897623400365	0.9917733089579525	0.6745886654478976	0.9972577696526508	1.0
YGR188C	8	12.0	4	11.300000000046566	20.0	56.0	221.0	56.0	217.59999999999997	56.0	221.0	0.9166666666666666	0.6666666666666666	1.0	0.8333333333333334	1.0	0.8333333333333334
YGR189C	561	3538.0	217	23.0	2.0	283.0	182.0	98.0	120.0	138.0	162.0	0.7148106274731487	0.8371961560203505	0.9488411531938948	0.9185980780101752	0.99576031656303	0.9994347088750707
YGR190C	13	13.0	1	4.0	21.25	2052.0	2073.0	2051.4	2072.55	2052.0	2073.0	1.0	0.6153846153846154	1.0	1.0	1.0	1.0
YGR191W	664	2159.0	44	45.0	75.0	803.0	1628.0	234.0	334.0	306.5599999999977	335.9549999999999	0.301991662806855	0.20704029643353405	0.7901806391848077	0.4729041222788328	0.9652616952292729	0.7656322371468273
YGR192C	1161	666535.0	316425	0.0	4.0	3767.0	640.0	42.0	106.0	69.0	109.0	0.9700150779779007	0.9949274981808908	0.9999144831104143	0.9997884582204986	0.9999924985184574	0.999893478962095
YGR193C	195	777.0	76	6.0	30.0	1836.0	1803.0	104.0	128.0	112.0	183.14000000000033	0.9562419562419563	0.7657657657657657	0.9948519948519948	0.9523809523809523	0.9961389961389961	0.990990990990991
YGR194C	27	39.0	5	419.0	0.0	545.0	204.0	534.1999999999999	145.19999999999996	545.0	204.0	0.23076923076923078	0.8974358974358975	0.2564102564102564	0.9743589743589743	0.2564102564102564	0.9743589743589743
YGR195W	209	879.0	137	21.0	6.0	267.0	1382.0	133.07999999999998	93.0	144.0	765.0	0.7167235494880546	0.9783845278725825	0.9863481228668942	0.9806598407281001	0.9943117178612059	0.9806598407281001
YGR196C	36	64.0	6	29.5	1.0	82.0	116.0	78.6	116.0	82.0	116.0	0.859375	0.921875	0.890625	0.921875	1.0	1.0
YGR197C	128	233.0	13	80.0	18.0	228.0	173.0	216.54999999999998	91.0	218.24666666666658	128.33999999999997	0.592274678111588	0.9055793991416309	0.630901287553648	0.9871244635193133	0.7854077253218884	0.9957081545064378
YGR198W	41	76.0	15	40.0	23.0	923.0	258.0	113.20000000000002	220.40000000000023	712.9199999999959	258.0	0.5263157894736842	0.631578947368421	0.7763157894736842	0.868421052631579	0.9868421052631579	0.9473684210526315
YGR199W	179	901.0	230	11.25	27.311666666646488	72.0	333.0	54.0	324.0	69.98000000000002	329.99	0.8657047724750278	0.7425083240843507	1.0	0.8079911209766926	1.0	0.8490566037735849
YGR200C	161	678.0	197	35.0	19.0	172.0	377.0	61.73333333333335	94.0	70.44000000000005	274.60000000000014	0.6548672566371682	0.7050147492625368	0.9896755162241888	0.9056047197640118	0.9985250737463127	0.9749262536873157
YGR201C	13	13.0	2	56.0	20.25	1580.0	68.0	1580.0	68.0	1580.0	68.0	0.6153846153846154	1.0	0.8461538461538461	1.0	0.8461538461538461	1.0
YGR202C	82	133.0	7	68.0	5.0	199.0	1001.0	98.0	152.0	104.16999999999999	824.5599999999932	0.5338345864661654	0.9323308270676691	0.6691729323308271	0.9699248120300752	1.0	0.9849624060150376
YGR203W	309	1644.0	149	40.0	4.0	856.0	3192.0	163.0	196.0	169.15999999999985	245.95999999999913	0.4543795620437956	0.9379562043795621	0.801094890510949	0.968978102189781	0.8485401459854015	0.9951338199513382
YGR204C-A	5	2.0	1	243.0	19.0	1133.0	100.0	1084.6	86.39999999999999	1088.92	97.28	0.5	1.0	0.5	1.0	0.5	1.0
YGR204W	410	3622.0	451	8.0	12.0	752.0	188.0	74.0	104.0	80.0	108.0	0.8299282164549973	0.9320817228050801	0.9922694643843181	0.9986195472114854	0.9966869133075649	0.9986195472114854
YGR205W	143	705.0	52	4.0	27.0	212.0	755.0	135.0	188.0	169.0	235.0	0.9517730496453901	0.577304964539007	0.9843971631205674	0.7531914893617021	0.9943262411347518	0.9574468085106383
YGR206W	55	228.0	114	0.0	0.19999999995343387	1345.0	171.0	32.49999999999997	103.0	221.43999999999994	140.1	0.956140350877193	0.9605263157894737	0.956140350877193	0.9868421052631579	0.9692982456140351	1.0
YGR207C	412	5126.0	973	7.0	15.0	1655.0	601.0	55.0	129.0	68.0	133.0	0.8039406944986344	0.9670308232539992	0.9951229028482247	0.9941474834178697	0.999219664455716	0.9990245805696449
YGR208W	239	871.0	93	6.0	50.0	124.0	248.0	59.0	115.0	74.0	149.0	0.9368541905855339	0.4936854190585534	0.9965556831228473	0.7611940298507462	1.0	0.9988518943742825
YGR209C	594	13345.0	1884	4.0	4.0	1621.0	2180.0	81.0	90.0	91.0	93.0	0.8927688272761334	0.9934057699512926	0.994454852004496	0.9969276882727613	0.9998501311352567	0.9996253278381416
YGR210C	559	2416.0	277	57.0	23.0	276.0	676.0	134.0	148.0	162.0	215.0	0.5645695364238411	0.7044701986754967	0.6899834437086093	0.9279801324503312	0.9896523178807947	0.9913079470198676
YGR211W	423	5337.0	615	47.0	6.0	249.0	422.0	105.0	199.0	124.0	203.0	0.34513771781899943	0.9790144275810381	0.8321154206483042	0.9878208731497096	0.9981262881768784	0.9981262881768784
YGR212W	24	28.0	3	60.0	1058.0	73.0	1192.0	73.0	1168.6	73.0	1192.0	0.42857142857142855	0.21428571428571427	0.6428571428571429	0.25	1.0	0.32142857142857145
YGR213C	3	3.0	2	31.0	65.83333333337214	35.0	263.0	35.0	244.99999999999994	35.0	259.4	0.6666666666666666	0.6666666666666666	1.0	1.0	1.0	1.0
YGR214W	1139	24106.0	1629	17.0	59.0	198.0	308.0	41.0	135.0	77.0	145.0	0.9416327885173815	0.5988550568323239	0.9661909897950718	0.6440720152659088	0.9994607151746453	0.9997096158632706
YGR215W	314	2172.0	336	31.0	3.0	151.0	1407.0	82.0	164.0	82.0	197.0	0.6293738489871087	0.8365561694290976	0.9976979742173112	0.9341620626151013	0.9995395948434622	0.9875690607734806
YGR216C	274	759.0	40	23.0	30.0	86.0	401.0	70.0	141.0	73.0	254.0	0.616600790513834	0.696969696969697	1.0	0.8405797101449275	1.0	0.9841897233201581
YGR218W	34	54.0	7	6.0	13.5	318.0	280.0	302.0	250.59999999999988	318.0	280.0	0.9444444444444444	0.8518518518518519	1.0	0.9259259259259259	1.0	0.9814814814814815
YGR220C	571	11854.0	1263	5.0	10.0	2198.0	1064.0	26.0	104.9333333333331	26.0	212.0	0.9924076261177661	0.9441538721106799	0.999578201450987	0.9552049940948203	0.999578201450987	0.9786569934199426
YGR221C	125	293.0	28	11.0	3.0	328.0	1128.0	175.35999999999996	76.0	185.0	430.6799999999985	0.6450511945392492	0.8293515358361775	0.7474402730375427	0.9863481228668942	0.9931740614334471	0.9863481228668942
YGR222W	66	237.0	35	9.0	7.0	511.0	159.0	20.0	95.87826086956521	511.0	123.37999999999988	0.9662447257383966	0.9831223628691983	0.9662447257383966	0.9915611814345991	0.9789029535864979	1.0
YGR223C	67	110.0	11	18.66666666662786	9.0	1253.0	114.0	201.0	96.0	1023.2000000000022	114.0	0.7090909090909091	0.9	0.9363636363636364	1.0	0.9363636363636364	1.0
YGR224W	4	5.0	2	5.25	24.625	37.0	263.0	37.0	263.0	37.0	263.0	1.0	0.4	1.0	1.0	1.0	1.0
YGR225W	8	10.0	2	8.0	10.0	368.0	137.0	368.0	137.0	368.0	137.0	0.9	1.0	0.9	1.0	0.9	1.0
YGR227W	191	1192.0	279	11.0	75.0	127.0	346.0	87.0	177.0	92.89999999999964	219.0	0.9697986577181208	0.625	0.9941275167785235	0.6333892617449665	1.0	0.9807046979865772
YGR229C	26	27.0	4	90.0	128.25	358.0	221.0	346.95	210.79999999999998	358.0	221.0	0.4074074074074074	0.48148148148148145	0.4074074074074074	0.5185185185185185	0.8518518518518519	0.6296296296296297
YGR230W	185	582.0	50	83.0	30.450980392168276	369.0	254.0	145.0	166.0	155.8799999999992	210.37999999999982	0.5085910652920962	0.4261168384879725	0.5687285223367697	0.9123711340206185	0.9776632302405498	0.9948453608247423
YGR231C	472	2194.0	173	38.0	6.0	193.0	436.0	89.0	230.0	98.0	237.0	0.5200546946216955	0.7821330902461258	0.9206927985414768	0.8044667274384686	0.9995442114858706	0.8632634457611669
YGR232W	216	1679.0	497	2.0	6.0	211.0	228.0	30.0	68.0	116.0	81.55000000000018	0.9446098868374032	0.9338892197736748	0.9672424061941632	0.9976176295413937	0.9964264443120905	1.0
YGR233C	27	39.0	4	37.949999999953434	7.0	565.0	84.0	367.21999999999963	72.0	565.0	84.0	0.41025641025641024	0.9743589743589743	0.7948717948717948	1.0	0.8974358974358975	1.0
YGR234W	720	30744.0	4865	1.0	13.0	108.0	405.0	28.0	292.0	48.0	296.0	0.9833138173302107	0.768767889669529	0.9986013531095498	0.9979182930002602	1.0	0.9981134530314858
YGR235C	417	1377.0	99	20.0	44.0	271.0	1479.0	71.0	151.0	78.19000000000005	236.46000000000004	0.7436456063907044	0.5468409586056645	0.9854756717501816	0.9477124183006536	0.9970951343500363	0.9774872912127814
YGR236C	27	18.0	4	433.80000000004657	4.0	482.0	216.0	482.0	193.0	482.0	193.0	0.3888888888888889	0.9444444444444444	0.4444444444444444	0.9444444444444444	0.4444444444444444	0.9444444444444444
YGR237C	52	69.0	4	20.0	22.0	120.0	177.0	114.29999999999998	177.0	120.0	177.0	0.6521739130434783	0.7246376811594203	0.9420289855072463	1.0	1.0	1.0
YGR238C	6	13.0	3	181.34999999997672	0.0	209.0	121.0	208.6	121.0	209.0	121.0	0.38461538461538464	0.8461538461538461	0.6153846153846154	1.0	0.6153846153846154	1.0
YGR239C	120	289.0	25	55.16666666662786	9.0	365.0	1157.0	102.0	97.0	111.44000000000005	880.2200000000096	0.5432525951557093	0.9619377162629758	0.8304498269896193	0.986159169550173	0.9965397923875432	0.986159169550173
YGR240C	486	2401.0	108	7.833333333372138	18.0	424.0	280.0	247.0	239.0	313.0	257.0	0.7946688879633486	0.7600999583506872	0.9279466888796335	0.85381091211995	0.9770928779675135	0.9687630154102457
YGR241C	242	472.0	35	46.0	36.0	519.0	253.0	238.0	168.0	513.0	184.47999999999956	0.09745762711864407	0.4766949152542373	0.15889830508474576	0.6292372881355932	0.7055084745762712	0.9936440677966102
YGR242W	2	2.0	1	31.0	0.0	1639.0	62.0	1639.0	62.0	1639.0	62.0	0.5	1.0	1.0	1.0	1.0	1.0
YGR243W	41	52.0	4	50.0	86.33333333337214	146.0	209.0	139.79999999999998	149.9	145.97333333333333	209.0	0.5	0.36538461538461536	0.7115384615384616	0.6153846153846154	1.0	1.0
YGR244C	237	1622.0	197	10.0	36.0	2859.0	235.0	138.0	112.0	143.27999999999997	122.0	0.844019728729963	0.37361282367447596	0.9648581997533908	0.998766954377312	0.9950678175092479	0.9993834771886559
YGR245C	336	1557.0	187	13.0	82.0	142.0	1807.0	115.0	166.0	129.0	321.0	0.75208734746307	0.558766859344894	0.9890815671162492	0.5664739884393064	1.0	0.9364161849710982
YGR246C	134	841.0	142	15.0	3.0	170.0	206.0	44.0	177.0	56.0	199.0	0.7990487514863258	0.976218787158145	0.9976218787158145	0.9940546967895363	0.9988109393579072	1.0
YGR247W	35	33.0	4	25.33333333337214	74.0	149.0	227.0	149.0	226.56666666666666	149.0	227.0	0.3333333333333333	0.5757575757575758	0.9090909090909091	0.6363636363636364	1.0	0.7878787878787878
YGR248W	40	88.0	14	16.0	4.0	70.0	208.0	48.5333333333333	123.89999999999984	64.68000000000006	208.0	0.9204545454545454	0.9204545454545454	0.9886363636363636	0.9659090909090909	1.0	0.9659090909090909
YGR249W	25	26.0	2	210.0	43.0	703.0	1021.0	579.8	646.5999999999997	703.0	1021.0	0.11538461538461539	0.4230769230769231	0.11538461538461539	0.8076923076923077	0.19230769230769232	0.8461538461538461
YGR250C	66	85.0	4	49.25	15.0	264.0	690.0	254.0	118.0	258.6	490.8500000000032	0.47058823529411764	0.9882352941176471	0.7647058823529411	0.9882352941176471	0.8588235294117647	0.9882352941176471
YGR251W	220	317.0	8	8.0	334.5	233.0	600.0	68.59999999999991	538.0	71.0	541.8866666666667	0.8927444794952681	0.0914826498422713	0.9968454258675079	0.11356466876971609	0.9968454258675079	0.14195583596214512
YGR252W	108	369.0	62	19.0	9.0	181.0	1108.0	72.0	210.0	106.77000000000004	311.25000000000006	0.7615176151761518	0.962059620596206	0.989159891598916	0.978319783197832	1.0	0.989159891598916
YGR253C	765	5405.0	436	21.0	12.0	368.0	898.0	73.0	114.0	78.44999999999982	366.89999999999964	0.6889916743755782	0.7493061979648473	0.92895467160037	0.9306197964847364	0.9961147086031452	0.9796484736355227
YGR254W	488	27204.0	9849	0.0	25.0	90.0	334.0	41.84827586206892	154.0	56.70545454545407	174.0	0.9891927657697397	0.6866269666225555	0.9999632406998971	0.9885310983678871	1.0	0.9937876782826055
YGR255C	225	512.0	24	20.0	73.0	159.0	259.0	112.0	196.0	148.0	240.0	0.802734375	0.57421875	0.8984375	0.580078125	1.0	0.890625
YGR256W	51	142.0	33	60.0	0.0	215.0	150.0	209.0	123.0	209.48000000000008	137.12000000000018	0.4788732394366197	0.9929577464788732	0.7746478873239436	1.0	0.8028169014084507	1.0
YGR257C	101	179.0	21	22.0	24.0	247.0	359.0	125.0	101.0	150.10000000000008	211.08000000000038	0.6368715083798883	0.5865921787709497	0.9385474860335196	0.9664804469273743	0.9888268156424581	0.9888268156424581
YGR258C	54	76.0	5	26.5	5.833333333372138	74.0	79.0	63.500000000000014	72.0	74.0	77.17999999999996	0.7236842105263158	0.9868421052631579	0.9473684210526315	1.0	1.0	1.0
YGR259C	19	12.0	3	38.0	21.5	1210.0	293.0	1038.7999999999975	293.0	1210.0	293.0	0.6666666666666666	0.75	0.75	0.9166666666666666	0.8333333333333334	0.9166666666666666
YGR260W	101	772.0	213	15.0	0.0	389.0	248.0	218.79999999999995	125.0	232.27999999999997	133.0	0.8367875647668394	0.9922279792746114	0.8873056994818653	0.9974093264248705	0.8937823834196891	0.9974093264248705
YGR261C	131	954.0	115	12.0	0.0	126.0	185.0	56.0	113.0	58.0	126.0	0.950733752620545	0.8438155136268344	0.9989517819706499	0.9958071278825996	1.0	1.0
YGR262C	272	1627.0	211	3.0	22.0	657.0	200.0	45.0	122.0	65.0	187.0	0.9784880147510756	0.7019053472649047	0.9993853718500307	0.9852489244007375	0.9993853718500307	0.9932390903503381
YGR263C	60	173.0	19	27.0	7.0	115.0	92.0	45.0	81.0	71.69333333333334	90.62000000000006	0.5202312138728323	0.976878612716763	0.976878612716763	1.0	0.9942196531791907	1.0
YGR264C	444	2553.0	254	10.0	75.0	542.0	312.0	51.0	243.0	113.3849999999959	286.0	0.7884841363102233	0.5338817077947513	0.963572267920094	0.5902859381120251	0.9905992949471211	0.9988249118683902
YGR266W	155	389.0	48	15.0	111.0	83.0	293.0	66.0	244.19999999999982	80.0	273.59000000000026	0.7275064267352185	0.30848329048843187	0.9897172236503856	0.6349614395886889	1.0	0.6735218508997429
YGR267C	475	1669.0	132	75.375	0.0	1321.0	1671.0	945.0	231.0	1287.2399999999998	1009.579999999999	0.4763331336129419	0.9035350509286998	0.5290593169562612	0.920910724985021	0.7597363690832835	0.9215098861593769
YGR268C	205	484.0	68	11.0	89.0	403.0	2157.0	285.49999999999795	1264.7999999999997	380.0	1386.7399999999989	0.7954545454545454	0.6425619834710744	0.9276859504132231	0.6570247933884298	0.9380165289256198	0.6756198347107438
YGR270W	6	6.0	1	391.0	38.0	494.0	105.0	494.0	105.0	494.0	105.0	0.3333333333333333	0.3333333333333333	0.5	0.6666666666666666	0.5	1.0
YGR271C-A	243	918.0	108	7.0	28.0	138.0	249.0	54.0	120.0	66.0	127.0	0.855119825708061	0.5773420479302832	0.9727668845315904	0.9684095860566448	0.9967320261437909	0.9978213507625272
YGR273C	3	2.0	1	35.0	9.0	94.0	226.0	94.0	224.6	94.0	225.72	0.5	1.0	1.0	1.0	1.0	1.0
YGR274C	32	59.0	9	12.0	4.583333333255723	55.0	111.0	39.449999999999946	94.19999999999999	55.0	110.27999999999997	0.9491525423728814	0.9491525423728814	1.0	1.0	1.0	1.0
YGR277C	191	351.0	15	12.857142857159488	44.0	69.0	167.0	31.399999999999864	110.0	59.80000000000018	158.7900000000002	0.9572649572649573	0.603988603988604	0.9914529914529915	0.8717948717948718	1.0	1.0
YGR278W	67	432.0	153	9.0	0.0	1085.0	175.0	28.56190476190476	156.4999999999999	29.0	175.0	0.9930555555555556	0.875	0.9930555555555556	0.9375	0.9953703703703703	0.9861111111111112
YGR279C	765	4772.0	222	12.0	85.0	207.0	579.0	117.0	339.0	125.0	392.0	0.8558256496227996	0.45892707460184406	0.9970662196144174	0.4691953059513831	1.0	0.9503352891869237
YGR280C	355	2172.0	292	14.222222222248092	1.0	524.0	810.0	38.0	235.0	53.0	303.0	0.7928176795580111	0.9562615101289135	0.9972375690607734	0.9581031307550645	0.9976979742173112	0.9894106813996317
YGR281W	8	10.0	2	47.66666666674428	35.66666666674428	270.0	326.0	270.0	326.0	270.0	326.0	0.4	0.6	0.9	0.6	1.0	0.7
YGR282C	915	15539.0	1334	13.0	5.0	1350.0	583.0	48.0	265.0	83.0	364.0	0.919879014093571	0.7669090675075616	0.970590128064869	0.8065512581247184	0.9989703327112427	0.9635755196602098
YGR283C	53	74.0	7	19.0	43.0	1739.0	1428.0	54.19999999999999	150.99999999999991	1737.56	1149.840000000006	0.7162162162162162	0.5675675675675675	0.972972972972973	0.9054054054054054	0.972972972972973	0.9594594594594594
YGR284C	256	1492.0	241	9.0	2.0	1595.0	1912.0	80.0	203.0	91.0	235.35999999999876	0.8693029490616622	0.9249329758713136	0.9718498659517426	0.9879356568364611	0.9919571045576407	0.989946380697051
YGR285C	406	5047.0	720	5.0	19.0	66.0	1380.0	32.0	110.0	33.0	118.0	0.9912819496730731	0.8022587675847038	0.9998018624925699	0.9916782246879334	1.0	0.9952446998216763
YGR286C	155	343.0	18	72.0	23.0	278.0	171.0	239.0	160.0	273.38	161.0	0.5743440233236151	0.4839650145772595	0.5918367346938775	0.9941690962099126	0.9212827988338192	0.9970845481049563
YGR287C	34	47.0	6	108.875	69.0	308.0	222.0	274.9	219.3	308.0	222.0	0.2978723404255319	0.3829787234042553	0.5531914893617021	0.44680851063829785	0.7872340425531915	0.9361702127659575
YGR288W	101	168.0	13	28.0	39.285714285681024	92.0	1303.0	84.0	590.0	90.18666666666665	1207.8799999999997	0.6726190476190477	0.49404761904761907	0.9047619047619048	0.7857142857142857	1.0	0.7976190476190477
YGR289C	50	75.0	6	29.5	47.0	417.0	206.0	356.75	197.16666666666666	409.5	206.0	0.64	0.38666666666666666	0.8266666666666667	0.7066666666666667	0.9333333333333333	1.0
YGR292W	53	258.0	92	7.0	0.11827956978231668	283.0	229.0	36.0	134.79999999999998	116.67999999999995	225.83999999999997	0.9689922480620154	0.8953488372093024	0.9728682170542635	0.9418604651162791	0.9922480620155039	1.0
YGR293C	1	1.0	1	0.0	0.0	609.0	330.0	609.0	330.0	609.0	330.0	1.0	1.0	1.0	1.0	1.0	1.0
YGR294W	3	2.0	1	1231.0	0.0	1558.0	129.0	1558.0	129.0	1558.0	129.0	0.5	1.0	0.5	1.0	0.5	1.0
YGR295C	2	1.0	1	0.0	8.0	7.0	672.0	7.0	670.4	7.0	671.68	1.0	1.0	1.0	1.0	1.0	1.0
YHL001W	1179	58893.0	11979	15.0	5.0	2057.0	467.0	53.0	130.0	66.0	134.0	0.8794593584976144	0.9280559659042671	0.9993887219194132	0.9823917952897628	0.9999830200533171	0.9997622807464385
YHL002C-A	4	2.0	1	874.0	176.0	901.0	243.0	898.8	243.0	900.56	243.0	0.5	0.5	0.5	0.5	0.5	0.5
YHL002W	89	362.0	39	28.0	42.0	392.0	1249.0	47.0	96.0	51.0	96.62666666666667	0.638121546961326	0.6740331491712708	0.9917127071823204	0.994475138121547	0.994475138121547	0.9972375690607734
YHL003C	430	2259.0	281	22.669999999998254	22.0	511.0	1815.0	171.0	257.0	178.0	261.0	0.5427180168216025	0.8995130588756087	0.9482071713147411	0.9344842850818946	0.9946879150066401	0.9477644975652944
YHL004W	106	478.0	129	8.0	0.0	423.0	232.0	101.0	174.0	125.43999999999994	179.0	0.9372384937238494	0.9225941422594143	0.9853556485355649	0.9351464435146444	0.9937238493723849	0.997907949790795
YHL005C	1	2.0	2	0.0	0.0	2216.0	7.0	2216.0	7.0	2216.0	7.0	1.0	1.0	1.0	1.0	1.0	1.0
YHL006C	266	1464.0	309	6.0	4.0	91.0	419.0	77.0	349.0	83.0	397.5799999999997	0.976775956284153	0.764344262295082	1.0	0.9651639344262295	1.0	0.9931693989071039
YHL006W-A	18	16.0	5	172.0	26.666666666671517	634.0	104.0	496.0	104.0	496.0	104.0	0.5625	0.75	0.75	0.875	0.75	1.0
YHL007C	72	232.0	34	34.0	0.0	228.0	259.0	146.0	196.0	193.76000000000022	240.32000000000016	0.6810344827586207	0.8836206896551724	0.9181034482758621	0.9267241379310345	1.0	0.9870689655172413
YHL008C	108	261.0	43	39.0	8.0	1299.0	362.0	201.0	272.0	202.33499999999998	296.0	0.46360153256704983	0.6896551724137931	0.842911877394636	0.8122605363984674	0.9042145593869731	0.9003831417624522
YHL009C	110	145.0	13	15.0	107.0	162.0	802.0	162.0	362.0	162.0	795.3500000000001	0.7241379310344828	0.25517241379310346	0.9172413793103448	0.2620689655172414	0.993103448275862	0.496551724137931
YHL010C	21	33.0	3	25.0	125.0	367.0	316.0	141.59999999999957	290.12499999999994	367.0	316.0	0.18181818181818182	0.48484848484848486	0.5151515151515151	0.48484848484848486	0.9696969696969697	0.696969696969697
YHL011C	458	3401.0	583	11.0	89.0	1074.0	1479.0	128.0	221.0	137.7449999999999	258.0	0.7835930608644517	0.4563363716553955	0.9850044104675095	0.4760364598647457	0.9997059688326962	0.9835342546309909
YHL012W	1	1.0	1	0.0	0.0	7.0	193.0	7.0	193.0	7.0	193.0	1.0	1.0	1.0	1.0	1.0	1.0
YHL013C	119	287.0	22	28.0	9.0	237.0	1385.0	45.0	132.0	67.85499999999996	134.608	0.5818815331010453	0.7874564459930313	0.9930313588850174	0.9860627177700348	0.9965156794425087	0.9930313588850174
YHL014C	40	122.0	33	11.0	0.3333333333284827	1042.0	81.0	31.71999999999999	66.73333333333329	679.4800000000006	80.28	0.7950819672131147	0.9180327868852459	0.9918032786885246	1.0	0.9918032786885246	1.0
YHL015W	6	4.0	2	15.5	129.0	38.0	278.0	38.0	278.0	38.0	278.0	1.0	0.5	1.0	0.75	1.0	0.75
YHL015W-A	13	5.0	1	92.75	20.5	2370.0	486.0	2370.0	454.0	2370.0	479.6	0.4	0.6	0.8	0.8	0.8	0.8
YHL016C	37	55.0	5	262.75	0.0	800.0	114.0	791.0	114.0	799.7333333333333	114.0	0.2909090909090909	0.8909090909090909	0.34545454545454546	1.0	0.36363636363636365	1.0
YHL017W	129	336.0	21	5.0	110.0	777.0	235.0	582.0	187.0	613.0	216.85333333333332	0.8214285714285714	0.44345238095238093	0.8214285714285714	0.5833333333333334	0.8244047619047619	0.7113095238095238
YHL018W	38	67.0	11	4.125	104.0	209.0	1991.0	45.0	1977.5333333333333	209.0	1991.0	0.835820895522388	0.40298507462686567	0.9701492537313433	0.40298507462686567	0.9701492537313433	0.5522388059701493
YHL019C	79	362.0	41	2.0	8.0	261.0	243.0	39.39999999999998	104.0	187.7799999999997	104.50666666666666	0.925414364640884	0.9779005524861878	0.988950276243094	0.9917127071823204	0.988950276243094	0.9972375690607734
YHL020C	118	895.0	162	0.0	19.0	115.0	374.0	87.0	126.0	89.0	126.0	0.9564245810055866	0.7787709497206704	0.9798882681564246	0.9977653631284916	1.0	0.9988826815642458
YHL021C	70	164.0	28	10.0	45.0	164.0	132.0	87.0	131.0	119.0399999999998	131.54399999999998	0.7621951219512195	0.5	0.9878048780487805	1.0	0.9939024390243902	1.0
YHL022C	2	2.0	1	24.0	11.0	134.0	105.0	134.0	105.0	134.0	105.0	0.5	1.0	1.0	1.0	1.0	1.0
YHL023C	10	13.0	4	7.5	65.69999999999709	49.0	118.0	48.7	118.0	49.0	118.0	1.0	0.6153846153846154	1.0	0.6923076923076923	1.0	1.0
YHL024W	1	1.0	1	0.0	0.0	172.0	264.0	172.0	264.0	172.0	264.0	1.0	1.0	1.0	1.0	1.0	1.0
YHL025W	134	351.0	60	8.0	16.9375	1574.0	752.0	196.84999999999883	112.0	1404.910000000002	126.96000000000004	0.8034188034188035	0.9173789173789174	0.8831908831908832	0.9914529914529915	0.9487179487179487	0.9914529914529915
YHL026C	30	39.0	15	62.400000000001455	20.0	234.0	137.0	189.89999999999995	126.68571428571428	227.76	131.54	0.38461538461538464	0.9487179487179487	0.38461538461538464	1.0	0.8717948717948718	1.0
YHL027W	211	686.0	29	11.0	6.0	162.0	387.0	140.0	211.0	142.82	227.19999999999993	0.8979591836734694	0.7667638483965015	0.9825072886297376	0.7740524781341108	1.0	0.8061224489795918
YHL028W	53	195.0	55	0.0	1.0	143.0	112.0	88.83333333333333	92.42857142857143	136.10000000000002	112.0	0.8	0.9794871794871794	0.9128205128205128	1.0	1.0	1.0
YHL029C	143	842.0	139	15.0	13.0	160.0	235.0	59.0	105.0	80.0	143.66666666666802	0.7755344418052257	0.7814726840855107	0.9786223277909739	0.9893111638954869	0.998812351543943	0.9904988123515439
YHL030W-A	3	1.0	1	61.0	19.0	278.0	368.0	278.0	368.0	278.0	368.0	1.0	1.0	1.0	1.0	1.0	1.0
YHL031C	228	2087.0	438	22.0	1.0	664.0	4051.0	47.0	67.0	63.0	155.0	0.8452323909918543	0.9822712026832774	0.9952084331576425	0.9875419262098706	0.996166746526114	0.9918543363679924
YHL032C	179	685.0	137	7.30000000000291	6.0	1025.0	1615.0	94.25	67.0	1016.3	118.0	0.762043795620438	0.9693430656934306	0.8905109489051095	0.9868613138686131	0.964963503649635	0.997080291970803
YHL033C	1323	16841.0	1241	8.0	120.10611510791205	3498.0	765.0	22.0	509.0	32.0	534.0	0.9912119232824654	0.45436731785523427	0.9989311798586782	0.4923698117688973	0.9999406211032599	0.5615462264711122
YHL034C	356	3195.0	473	23.0	0.0	580.0	207.0	133.0	165.7	140.71000000000004	182.0	0.6206572769953052	0.952112676056338	0.9129890453834116	0.9978090766823161	0.9953051643192489	1.0
YHL036W	60	132.0	18	33.66666666666788	7.0	111.0	112.0	96.0	103.0	103.62000000000006	107.08000000000004	0.5833333333333334	0.8484848484848485	0.9015151515151515	1.0	1.0	1.0
YHL037C	9	5.0	2	309.0	9.75	1445.0	2302.0	674.5	2302.0	920.5000000000002	2302.0	0.4	0.8	0.6	0.8	0.6	0.8
YHL038C	157	740.0	157	5.0	12.0	1037.0	192.0	41.0	169.4	46.200000000000045	176.0	0.9621621621621622	0.7567567567567568	0.9972972972972973	0.9513513513513514	0.9972972972972973	0.9756756756756757
YHL039W	117	1464.0	606	9.0	0.0	350.0	379.0	67.0	72.92999999999999	90.0	91.57333333333327	0.9282786885245902	0.9795081967213115	0.9726775956284153	0.9931693989071039	0.9979508196721312	0.9931693989071039
YHL040C	66	89.0	7	154.0	167.125	621.0	1025.0	341.05	1018.05	539.8799999999999	1024.025	0.48314606741573035	0.4044943820224719	0.5280898876404494	0.48314606741573035	0.550561797752809	0.48314606741573035
YHL041W	3	3.0	1	152.25	53.25	1520.0	962.0	1520.0	962.0	1520.0	962.0	0.3333333333333333	0.6666666666666666	0.6666666666666666	0.6666666666666666	0.6666666666666666	1.0
YHL042W	7	7.0	3	451.5	145.0	786.0	318.0	786.0	318.0	786.0	318.0	0.42857142857142855	0.5714285714285714	0.42857142857142855	0.7142857142857143	0.42857142857142855	0.7142857142857143
YHL043W	5	5.0	1	5.75	638.75	20.0	1024.0	20.0	1024.0	20.0	1024.0	1.0	0.2	1.0	0.4	1.0	0.4
YHL044W	41	71.0	6	8.0	216.0	69.0	297.0	60.00000000000003	296.475	69.0	297.0	0.9295774647887324	0.43661971830985913	1.0	0.49295774647887325	1.0	0.5915492957746479
YHL045W	2	3.0	2	44.16666666666606	175.83333333333394	459.0	244.0	459.0	244.0	459.0	244.0	0.6666666666666666	0.6666666666666666	0.6666666666666666	0.6666666666666666	1.0	0.6666666666666666
YHL046C	3	6.0	5	396.0	2.6666666666660603	1015.0	135.0	1015.0	135.0	1015.0	135.0	1.0	1.0	1.0	1.0	1.0	1.0
YHL047C	255	387.0	9	223.33333333333394	202.0	822.0	427.0	812.0	422.0	820.065	422.0	0.5348837209302325	0.4702842377260982	0.6330749354005168	0.5633074935400517	0.6873385012919897	0.6304909560723514
YHL048C-A	1	1.0	1	0.0	0.0	1851.0	315.0	1851.0	315.0	1851.0	315.0	1.0	1.0	1.0	1.0	1.0	1.0
YHL048W	4	6.0	2	3.0	28.0	11.0	548.0	11.0	548.0	11.0	548.0	1.0	0.3333333333333333	1.0	0.8333333333333334	1.0	0.8333333333333334
YHR001W	186	635.0	141	8.0	158.0	840.0	398.0	237.0	236.5	246.0	280.15	0.7700787401574803	0.4251968503937008	0.9039370078740158	0.4503937007874016	0.9196850393700787	0.49291338582677163
YHR001W-A	497	2624.0	281	13.0	33.0	392.0	507.0	73.0	298.0	92.0	335.0	0.8540396341463414	0.4576981707317073	0.9942835365853658	0.8852896341463414	0.9992378048780488	0.9771341463414634
YHR002W	73	159.0	24	23.0	7.0	183.0	1510.0	165.19999999999993	154.14999999999978	183.0	1347.2899999999968	0.6729559748427673	0.9182389937106918	0.949685534591195	0.949685534591195	0.9937106918238994	0.9559748427672956
YHR003C	211	744.0	39	13.0	63.0	161.0	1194.0	35.0	159.0	71.0	395.61999999998216	0.9744623655913979	0.24059139784946237	0.9879032258064516	0.5456989247311828	0.9986559139784946	0.978494623655914
YHR004C	3	3.0	1	24.0	65.25	148.0	262.0	148.0	262.0	148.0	262.0	0.6666666666666666	0.3333333333333333	1.0	0.3333333333333333	1.0	1.0
YHR005C	210	197.0	31	42.0	25.25	1023.0	359.0	126.0	124.0	1021.06	146.53	0.49238578680203043	0.6091370558375635	0.868020304568528	0.9390862944162437	0.9644670050761421	0.9949238578680203
YHR005C-A	601	16558.0	5986	6.0	2.0	100.0	2222.0	45.0	169.0	54.0	241.0	0.9909409348955188	0.8978137456214519	0.9981277932117405	0.9731247735233723	1.0	0.9943833796352216
YHR006W	144	688.0	142	0.0	16.0	774.0	221.0	57.0	139.0	59.98666666666668	157.0	0.9375	0.8561046511627907	0.997093023255814	0.9723837209302325	0.998546511627907	1.0
YHR007C	735	31287.0	5935	10.0	268.0	2007.0	2324.0	156.0	282.0	161.0	285.0	0.943810528334452	0.6273532137948669	0.9523763863585515	0.6374852175024771	0.9601431904624924	0.6376450282865088
YHR007C-A	20	31.0	6	50.5	0.5	3732.0	2741.0	924.25	2741.0	3732.0	2741.0	0.4838709677419355	0.8387096774193549	0.6129032258064516	0.8387096774193549	0.8709677419354839	0.8709677419354839
YHR008C	753	4558.0	223	42.0	31.0	2907.0	3080.0	102.0	191.0	133.0	227.0	0.5914874945151383	0.5618692408951295	0.8113207547169812	0.9605089951733217	0.9936375603334796	0.9896884598508118
YHR009C	203	595.0	70	17.285714285710128	40.0	817.0	2269.0	269.5	138.0	303.8499999999997	159.19999999999982	0.6941176470588235	0.5260504201680672	0.7579831932773109	0.9764705882352941	0.8033613445378152	0.9983193277310924
YHR010W	1203	82776.0	15910	12.0	0.0	248.0	3127.0	35.0	138.0	55.0	163.0	0.9587803227988789	0.9584903836860926	0.996858992944815	0.9968469121484488	1.0	0.9998912728327052
YHR011W	153	381.0	52	55.0	28.0	1281.0	1499.0	102.0	228.45	117.07	235.38	0.5118110236220472	0.6719160104986877	0.7322834645669292	0.8608923884514436	0.989501312335958	0.89501312335958
YHR012W	118	442.0	136	0.0	133.0	2982.0	362.0	32.0	341.35	187.0	351.0	0.9638009049773756	0.5746606334841629	0.9751131221719457	0.669683257918552	0.9751131221719457	0.6719457013574661
YHR013C	594	2813.0	293	20.0	48.68181818182347	1458.0	412.0	66.0	144.0	73.0	230.8699999999999	0.7383576253110559	0.594738713117668	0.9982225382154284	0.8947742623533594	0.998933522929257	0.979381443298969
YHR014W	2	2.0	1	4.0	4.0	402.0	49.0	402.0	49.0	402.0	49.0	1.0	1.0	1.0	1.0	1.0	1.0
YHR016C	130	403.0	71	26.0	64.0	957.0	321.0	72.0	220.0	245.0	257.0	0.4392059553349876	0.543424317617866	0.9702233250620348	0.6104218362282878	0.9751861042183623	0.9801488833746899
YHR017W	30	69.0	20	22.0	0.928571428579744	744.0	161.0	36.0	112.0	728.8000000000002	153.4000000000001	0.8695652173913043	0.855072463768116	0.9710144927536232	0.9710144927536232	0.9710144927536232	1.0
YHR018C	399	3828.0	584	4.0	18.0	2198.0	707.0	58.799999999999955	176.0	100.0	343.0	0.9508881922675027	0.9067398119122257	0.9921630094043887	0.9822361546499477	0.9986938349007315	0.9871995820271683
YHR019C	716	13120.0	2854	8.0	20.0	368.0	2053.0	57.0	141.0	100.0	164.0	0.9116615853658536	0.6797256097560975	0.9868902439024391	0.9765243902439025	0.9998475609756098	0.999390243902439
YHR020W	529	4534.0	510	63.0	0.0	154.0	182.0	145.0	92.0	145.0	112.79999999999927	0.39126599029554476	0.9064843405381562	0.507498897220997	0.998014997794442	0.9108954565505073	1.0
YHR021C	783	6168.0	440	34.0	15.0	2334.0	258.0	79.0	99.0	91.40999999999985	119.52799999999988	0.42055771725032426	0.9349870298313878	0.9987029831387808	0.9949740596627756	0.9995136186770428	0.998378728923476
YHR022C	13	15.0	3	747.5	53.833333333343035	933.0	1797.0	921.25	1797.0	933.0	1797.0	0.26666666666666666	0.3333333333333333	0.4	0.6	0.4	0.6666666666666666
YHR022C-A	28	9.0	2	30.5	100.0	36.0	855.0	35.099999999999994	822.0	35.82	822.0	0.4444444444444444	0.2222222222222222	1.0	0.2222222222222222	1.0	0.7777777777777778
YHR024C	477	2998.0	153	17.0	156.0	1329.0	808.0	41.22857142857141	298.0	80.0	315.0	0.7548365577051368	0.3739159439626418	0.9939959973315544	0.43962641761174115	0.9989993328885924	0.9976651100733822
YHR025W	365	2864.0	239	8.0	11.0	1786.0	203.0	45.0	117.0	53.08571428571447	139.86000000000013	0.9787011173184358	0.9252793296089385	0.9989525139664804	0.9881284916201117	0.9989525139664804	0.9993016759776536
YHR026W	463	6544.0	1137	0.0	10.0	155.0	256.0	147.0	230.0	147.0	230.0	0.9275672371638142	0.7527506112469438	0.9974022004889975	0.7820904645476773	0.9987775061124694	0.9521699266503667
YHR027C	30	45.0	5	28.125	10.333333333343035	69.0	171.0	69.0	162.33333333333334	69.0	171.0	0.7555555555555555	0.7333333333333333	1.0	1.0	1.0	1.0
YHR028C	99	361.0	37	37.0	2.0	127.0	127.0	63.89	104.0	87.89999999999986	127.0	0.4930747922437673	0.9861495844875346	0.9695290858725761	1.0	0.9944598337950139	1.0
YHR028W-A	4	3.0	1	49.75	18.0	188.0	25.0	188.0	25.0	188.0	25.0	0.6666666666666666	1.0	0.6666666666666666	1.0	1.0	1.0
YHR029C	31	192.0	82	14.142857142869616	5.0	62.0	146.0	48.0	82.78072289156627	49.78999999999999	82.96578313253012	0.890625	1.0	1.0	1.0	1.0	1.0
YHR030C	472	781.0	14	103.0	82.0	223.0	325.0	204.0	195.0	217.37999999999988	292.83999999999986	0.21254801536491677	0.5377720870678617	0.46350832266325226	0.6017925736235595	0.6081946222791293	0.8911651728553137
YHR031C	118	414.0	71	0.0	47.0	78.0	438.0	67.0	266.0	74.0	391.4080000000002	0.7753623188405797	0.6618357487922706	1.0	0.7705314009661836	1.0	0.8695652173913043
YHR032W	126	494.0	51	26.773584905662574	16.0	457.0	2055.0	135.0	485.0	142.4	1870.04	0.5425101214574899	0.9068825910931174	0.9190283400809717	0.9291497975708503	0.9858299595141701	0.9554655870445344
YHR032W-A	424	946.0	51	1305.5454545454413	16.0	2308.0	1770.0	1978.0	1580.0	1992.0	1717.0	0.2832980972515856	0.8128964059196617	0.4799154334038055	0.8255813953488372	0.514799154334038	0.8509513742071881
YHR033W	729	9619.0	1512	9.0	137.0	2331.0	384.0	32.0	272.0	582.859999999997	359.98099999999994	0.9795197005925772	0.4932945212600062	0.9817028797172264	0.5041064559725543	0.9828464497348997	0.594032643725959
YHR034C	67	166.0	31	18.0	5.0	44.0	100.0	43.0	89.0	43.22666666666667	98.68	0.9337349397590361	0.9337349397590361	1.0	0.9337349397590361	1.0	1.0
YHR035W	24	27.0	3	21.0	175.0	1264.0	1813.0	1147.5499999999997	1457.6999999999994	1264.0	1813.0	0.48148148148148145	0.25925925925925924	0.9259259259259259	0.3333333333333333	0.9259259259259259	0.37037037037037035
YHR036W	80	179.0	16	23.0	12.0	3390.0	326.0	136.0	274.09999999999997	244.72000000000105	295.0	0.7150837988826816	0.8044692737430168	0.9217877094972067	0.9441340782122905	0.9664804469273743	0.994413407821229
YHR037W	231	5606.0	562	26.0	8.0	81.0	379.0	64.0	169.0	64.0	172.0	0.6632179807349269	0.995718872636461	0.9991080984659294	0.9982161969318587	1.0	0.9998216196931858
YHR038W	65	118.0	17	23.0	8.0	85.0	120.0	52.55	108.1	67.0	116.82666666666664	0.635593220338983	0.9661016949152542	1.0	0.9745762711864406	1.0	1.0
YHR039C	263	813.0	52	37.0	28.0	201.0	192.0	148.0	137.0	166.0	147.0	0.6322263222632226	0.7306273062730627	0.8376383763837638	0.991389913899139	0.8905289052890529	1.0
YHR039C-A	379	3087.0	309	6.0	29.0	66.0	131.0	31.0	113.0	35.75333333333341	117.0	0.9983803045027535	0.6605118237771299	1.0	0.9899578879170716	1.0	1.0
YHR040W	168	672.0	113	10.0	20.611764705885435	1110.0	1478.0	33.0	104.0	46.0	778.4799999999996	0.9702380952380952	0.7574404761904762	0.9955357142857143	0.9836309523809523	0.9955357142857143	0.9836309523809523
YHR041C	80	161.0	20	2.4166666666569654	11.0	200.0	286.0	18.924999999999983	148.0	87.1599999999994	279.08666666666653	0.968944099378882	0.9006211180124224	0.9875776397515528	0.9565217391304348	0.9937888198757764	0.968944099378882
YHR042W	539	7588.0	2381	7.0	46.0	578.0	317.0	70.0	217.0	83.0	234.0	0.9204006325777544	0.7212704269899842	0.9939377965208224	0.8850817079599368	0.9997364259356879	0.9293621507643648
YHR043C	118	536.0	126	0.0	8.0	147.0	138.0	119.6	93.0	144.0	134.0	0.8152985074626866	0.9160447761194029	0.9720149253731343	0.9981343283582089	1.0	1.0
YHR044C	112	207.0	29	147.1166666666686	44.0	435.0	257.0	221.29999999999995	250.0	369.29	257.0	0.4492753623188406	0.391304347826087	0.6618357487922706	0.893719806763285	0.7101449275362319	0.9033816425120773
YHR045W	19	34.0	10	0.0	58.0	162.0	135.0	144.0	135.0	149.75999999999988	135.0	0.8823529411764706	0.4411764705882353	1.0	0.7647058823529411	1.0	1.0
YHR046C	98	141.0	14	73.0	5.25	167.0	278.0	131.69999999999993	239.0	151.36	250.7000000000001	0.46099290780141844	0.7801418439716312	0.6950354609929078	0.8865248226950354	0.9574468085106383	0.9716312056737588
YHR047C	230	1524.0	254	40.0	2.0	353.0	251.0	95.0	154.0	108.0	251.0	0.6797900262467191	0.9645669291338582	0.8694225721784777	0.9711286089238845	0.9986876640419947	0.9816272965879265
YHR048W	105	188.0	10	54.0	75.25	152.0	1172.0	149.0	356.0	149.0	1172.0	0.35638297872340424	0.5585106382978723	0.7180851063829787	0.6382978723404256	0.8882978723404256	0.8882978723404256
YHR049C-A	5	5.0	1	246.0	25.0	1474.0	46.0	1474.0	46.0	1474.0	46.0	0.2	0.8	0.2	1.0	0.2	1.0
YHR049W	308	5725.0	937	3.0	4.0	1957.0	282.0	75.0	138.0	89.0	149.0	0.8319650655021834	0.9987772925764192	0.9905676855895197	0.999475982532751	0.9987772925764192	0.999475982532751
YHR050W	288	1332.0	110	19.32727272727061	21.333333333343035	1031.0	1334.0	196.0	67.0	199.0	85.0	0.7124624624624625	0.7454954954954955	0.9384384384384384	0.9954954954954955	0.9647147147147147	0.9962462462462462
YHR050W-A	8	11.0	4	1522.75	10.0	2852.0	992.0	2809.2499999999995	981.4499999999998	2852.0	992.0	0.36363636363636365	0.7272727272727273	0.36363636363636365	0.8181818181818182	0.36363636363636365	0.8181818181818182
YHR051W	526	2230.0	140	73.0	179.0	3082.0	552.0	160.0	474.6666666666667	182.0	486.0	0.29730941704035874	0.6497757847533633	0.46502242152466366	0.6502242152466368	0.8215246636771301	0.6538116591928251
YHR052W	59	194.0	51	8.0	2.3999999999941792	101.0	301.0	47.599999999999966	142.0	91.84000000000003	170.2800000000001	0.9587628865979382	0.9896907216494846	0.9896907216494846	0.9896907216494846	1.0	0.9948453608247423
YHR056W-A	7	4.0	2	24.0	0.0	207.0	403.0	207.0	403.0	207.0	403.0	0.5	1.0	1.0	1.0	1.0	1.0
YHR057C	692	2979.0	215	16.0	12.0	1256.0	331.0	1067.2749999999999	130.0	1085.0	149.71000000000004	0.819402484055052	0.8244377307821417	0.869419268210809	0.904330312185297	0.8710976837865055	0.9942933870426317
YHR058C	175	404.0	22	25.0	27.0	236.0	953.0	56.0	901.0	119.2399999999991	921.7599999999999	0.5668316831683168	0.5816831683168316	0.9851485148514851	0.6608910891089109	0.9925742574257426	0.7623762376237624
YHR059W	152	1211.0	336	7.0	0.0	316.0	219.0	77.0	105.0	97.0	111.0	0.8786127167630058	0.9975227085053675	0.9925681255161024	0.9991742361684558	0.9966969446738233	1.0
YHR060W	41	61.0	7	8.0	38.20000000001164	30.0	131.0	30.0	112.0	30.0	130.16400000000002	0.9016393442622951	0.7213114754098361	1.0	0.9836065573770492	1.0	1.0
YHR061C	78	111.0	10	111.0	13.0	217.0	330.0	157.43333333333328	275.0	204.19	298.89000000000004	0.4954954954954955	0.8198198198198198	0.6036036036036037	0.8198198198198198	0.6936936936936937	1.0
YHR062C	362	1070.0	28	19.0	40.0	810.0	384.0	40.0	132.0	49.0	147.0	0.8635514018691589	0.4411214953271028	0.997196261682243	0.9532710280373832	0.9981308411214953	0.9981308411214953
YHR063C	99	415.0	73	13.0	0.0	85.0	387.0	57.0	110.0	81.0	133.23333333333335	0.8457831325301205	0.9204819277108434	0.980722891566265	0.9759036144578314	1.0	0.9975903614457832
YHR064C	862	12978.0	920	9.0	17.0	1960.0	188.0	47.0	183.0	53.0	183.0	0.9281091077207582	0.6666666666666666	0.9995376791493297	0.9150870704268762	0.9997688395746648	1.0
YHR065C	290	2692.0	408	7.0	7.0	105.0	2190.0	64.0	126.0	66.0	128.59666666666666	0.8900445765230312	0.9914561664190193	0.99962852897474	0.9962852897473997	1.0	0.9962852897473997
YHR066W	243	943.0	84	11.791666666656965	18.0	109.0	2732.0	54.0	168.0	61.0	187.06999999999994	0.8165429480381761	0.7401908801696713	0.9925768822905621	0.9639448568398727	1.0	0.9946977730646872
YHR067W	80	280.0	65	0.0	7.0	1669.0	1644.0	394.5	1501.4	1663.6999999999998	1629.8999999999999	0.7142857142857143	0.8571428571428571	0.9357142857142857	0.8642857142857143	0.9392857142857143	0.875
YHR068W	822	8001.0	1271	8.0	21.0	2819.0	354.0	90.0	244.0	100.0	289.7449999999999	0.9037620297462817	0.5171853518310211	0.9953755780527435	0.7120359955005624	0.9972503437070366	0.779652543432071
YHR069C	119	369.0	57	12.0	4.0	1401.0	251.0	1382.0	226.0	1386.0	244.20666666666668	0.9051490514905149	0.8455284552845529	0.9051490514905149	0.9105691056910569	0.9051490514905149	0.981029810298103
YHR069C-A	31	39.0	5	8.0	6.0	823.0	1545.0	816.6666666666666	1453.8	823.0	1545.0	0.8974358974358975	0.8205128205128205	0.9487179487179487	0.8461538461538461	0.9487179487179487	0.8717948717948718
YHR070W	263	787.0	112	2.6666666666569654	30.666666666656965	177.0	660.0	89.0	471.2285714285714	99.0	572.1899999999999	0.8348157560355781	0.5273189326556544	0.9021601016518425	0.565438373570521	0.9987293519695044	0.6099110546378653
YHR071C-A	9	9.0	2	27.833333333343035	19.833333333343035	47.0	631.0	47.0	574.2999999999998	47.0	619.66	0.6666666666666666	0.7777777777777778	1.0	0.8888888888888888	1.0	0.8888888888888888
YHR071W	1	1.0	1	0.0	0.0	1753.0	112.0	1753.0	112.0	1753.0	112.0	1.0	1.0	1.0	1.0	1.0	1.0
YHR072W	117	361.0	45	21.5	19.0	116.0	133.0	101.0	125.0	114.88999999999999	126.77999999999997	0.6897506925207756	0.9445983379501385	0.9556786703601108	0.9445983379501385	1.0	1.0
YHR072W-A	246	834.0	73	27.0	7.0	256.0	4286.0	86.0	178.0	86.0	230.10666666666665	0.4748201438848921	0.9484412470023981	0.920863309352518	0.9772182254196643	0.9988009592326139	0.9976019184652278
YHR073C-B	1	3.0	3	0.0	0.0	438.0	9.0	438.0	9.0	438.0	9.0	1.0	1.0	1.0	1.0	1.0	1.0
YHR073W	50	70.0	4	51.0	16.0	1174.0	554.0	123.0	186.0	981.3999999999972	483.399999999999	0.45714285714285713	0.7428571428571429	0.9285714285714286	0.8857142857142857	0.9571428571428572	0.9857142857142858
YHR073W-A	69	91.0	4	51.0	79.75	1460.0	3082.0	408.85	2714.0	1072.9600000000032	2937.2700000000013	0.4945054945054945	0.5824175824175825	0.9230769230769231	0.6923076923076923	0.945054945054945	0.7692307692307693
YHR074W	314	3637.0	415	28.0	38.0	264.0	211.0	74.0	158.0	82.0	160.0	0.7143249931262029	0.6167170745119605	0.9967005773989552	0.9967005773989552	0.9989001924663184	1.0
YHR075C	40	76.0	11	10.5	2.5	1332.0	76.0	409.6000000000008	71.80000000000001	1284.159999999999	75.74	0.881578947368421	1.0	0.9473684210526315	1.0	0.9473684210526315	1.0
YHR076W	280	2227.0	335	28.08136094675865	0.75	602.0	235.0	45.0	155.0	575.0	156.0	0.5015716210148181	0.9506061966771442	0.9784463403682083	0.9964077233947014	0.9784463403682083	1.0
YHR077C	39	48.0	3	5.0	42.5	71.0	192.0	71.0	169.0	71.0	192.0	0.9791666666666666	0.5416666666666666	1.0	0.8541666666666666	1.0	0.9791666666666666
YHR078W	232	493.0	34	41.0	28.0	286.0	3085.0	249.0	208.0	261.0	443.41999999999996	0.6572008113590264	0.48073022312373226	0.7667342799188641	0.7890466531440162	0.8924949290060852	0.9513184584178499
YHR079C	19	28.0	4	14.5	7.0	269.0	223.0	265.4	223.0	269.0	223.0	0.8571428571428571	0.9285714285714286	0.9642857142857143	0.9285714285714286	0.9642857142857143	0.9642857142857143
YHR080C	9	9.0	1	148.5	25.5	374.0	111.0	374.0	111.0	374.0	111.0	0.1111111111111111	0.7777777777777778	0.2222222222222222	0.7777777777777778	0.3333333333333333	1.0
YHR081W	261	1421.0	359	8.0	16.42307692306349	1230.0	277.0	61.0	223.0	277.15999999999985	233.0	0.9232934553131598	0.8177339901477833	0.9781843771991555	0.8838845883180858	0.9802955665024631	0.9831104855735397
YHR082C	29	41.0	6	426.5	25.25	885.0	317.0	881.5	316.45	885.0	317.0	0.4146341463414634	0.7073170731707317	0.5121951219512195	0.9024390243902439	0.5365853658536586	0.926829268292683
YHR083W	185	1099.0	81	11.0	8.0	59.0	377.0	21.0	153.0	29.0	195.01999999999998	0.9981801637852593	0.7415832575068244	1.0	0.9181073703366697	1.0	0.9845313921747043
YHR084W	76	188.0	19	12.0	109.0	362.0	359.0	336.1	310.2	349.1	330.0	0.8882978723404256	0.574468085106383	0.9521276595744681	0.6063829787234043	0.973404255319149	0.6170212765957447
YHR085W	105	116.0	11	14.0	86.0	51.0	453.0	42.0	142.0	42.0	148.0	0.9827586206896551	0.47413793103448276	1.0	0.5086206896551724	1.0	0.9482758620689655
YHR086W	289	602.0	17	38.0	105.79999999998836	244.0	495.0	226.0	470.0	233.48000000000002	473.0	0.42358803986710963	0.3687707641196013	0.867109634551495	0.4700996677740864	0.9983388704318937	0.7408637873754153
YHR087W	78	270.0	132	8.0	1.0	386.0	206.0	276.4166666666667	199.0	291.80000000000007	199.0	0.7666666666666667	0.9962962962962963	0.8148148148148148	1.0	0.8481481481481481	1.0
YHR088W	119	220.0	18	7.0	60.0	77.0	201.0	43.0	133.0	77.0	191.0	0.9272727272727272	0.5636363636363636	1.0	0.9727272727272728	1.0	0.9954545454545455
YHR089C	1219	17851.0	2499	21.0	92.0	1168.0	1143.0	77.0	215.0	81.0	217.0	0.6776090975295501	0.377121729875077	0.9919332250294102	0.38037084757156464	0.9999439807293709	0.7791720351801019
YHR090C	44	196.0	64	28.0	0.0	195.0	295.0	36.0	276.0	43.079999999999984	287.69999999999993	0.5867346938775511	0.9132653061224489	0.9948979591836735	0.9948979591836735	0.9948979591836735	1.0
YHR091C	107	450.0	102	24.5	0.0	145.0	142.0	77.0	109.0	99.0	139.0	0.7088888888888889	0.9555555555555556	0.9511111111111111	1.0	0.9977777777777778	1.0
YHR092C	65	180.0	47	1.5	69.0	425.0	154.0	268.3333333333333	134.0	412.49999999999994	152.9333333333333	0.8666666666666667	0.5555555555555556	0.9222222222222223	0.5666666666666667	0.9277777777777778	1.0
YHR094C	365	2571.0	139	9.0	18.0	631.0	408.0	44.0	125.94999999999982	104.0	137.0	0.9607156748346947	0.7530143912874367	0.9848308051341891	0.9894982497082847	0.9953325554259043	0.9914430182808246
YHR095W	1	1.0	1	0.0	0.0	1778.0	1085.0	1778.0	1085.0	1778.0	1085.0	1.0	1.0	1.0	1.0	1.0	1.0
YHR096C	7	7.0	1	108.75	75.25	164.0	225.0	164.0	225.0	164.0	225.0	0.5714285714285714	0.5714285714285714	0.7142857142857143	0.7142857142857143	0.7142857142857143	0.8571428571428571
YHR097C	3	5.0	3	96.25	3.75	123.0	106.0	123.0	106.0	123.0	106.0	0.6	1.0	0.6	1.0	0.8	1.0
YHR098C	101	729.0	191	15.0	0.0	114.0	176.0	95.0	143.0	112.0	151.28000000000006	0.9327846364883402	0.9958847736625515	0.99039780521262	1.0	1.0	1.0
YHR100C	87	151.0	12	8.0	71.0	65.0	292.0	58.0	254.89999999999998	63.0	288.0	0.9403973509933775	0.5827814569536424	1.0	0.609271523178808	1.0	0.9006622516556292
YHR101C	126	185.0	26	11.153846153873019	107.5	303.0	347.0	245.0	302.2962962962963	296.0	339.3000000000001	0.8054054054054054	0.42702702702702705	0.9027027027027027	0.6108108108108108	0.9135135135135135	0.6972972972972973
YHR102W	14	20.0	5	16.0	23.33333333331393	187.0	168.0	185.5	147.5	187.0	168.0	0.8	0.7	0.95	0.95	1.0	1.0
YHR103W	88	152.0	8	66.0	27.0	1495.0	388.0	295.6000000000001	196.11428571428573	1125.9466666666608	364.59999999999826	0.2894736842105263	0.6578947368421053	0.4934210526315789	0.9473684210526315	0.9013157894736842	0.9473684210526315
YHR104W	193	849.0	111	10.0	48.0	149.0	241.0	109.16249999999997	187.0	129.01999999999998	192.0	0.8044758539458187	0.624263839811543	0.8786808009422851	0.917550058892815	1.0	1.0
YHR105W	90	181.0	11	37.0	28.866666666639503	240.0	1527.0	128.69999999999993	1377.45	175.9599999999998	1430.0	0.6353591160220995	0.569060773480663	0.9337016574585635	0.8895027624309392	0.988950276243094	0.9281767955801105
YHR106W	191	361.0	28	921.0	28.0	1072.0	364.0	955.0	183.59999999999945	974.7949999999998	312.81999999999994	0.33518005540166207	0.6786703601108033	0.3656509695290859	0.9501385041551247	0.407202216066482	0.9861495844875346
YHR107C	334	2341.0	391	27.0	6.0	517.0	243.0	84.0	183.0	104.0	188.0	0.6202477573686459	0.8517727466894489	0.9871849636907305	0.9982913284920973	0.9987184963690731	0.9991456642460487
YHR108W	499	3991.0	293	17.0	43.0	97.0	234.0	59.0	141.0	73.0	203.1200000000002	0.855174141819093	0.5670258080681534	0.9989977449260837	0.967927837634678	1.0	0.9974943623152093
YHR109W	82	312.0	68	4.0	20.5	85.0	1026.0	58.0	222.7999999999991	81.0	972.9	0.9038461538461539	0.8493589743589743	0.967948717948718	0.9423076923076923	1.0	0.9423076923076923
YHR110W	204	622.0	63	7.0	10.33333333331393	2005.0	1524.0	865.7999999999997	173.0	1987.0	177.42666666666665	0.8392282958199357	0.6237942122186495	0.9389067524115756	0.7572347266881029	0.9389067524115756	0.9983922829581994
YHR111W	113	270.0	37	14.0	400.0	821.0	1756.0	51.888888888888886	1725.0	62.0	1737.8000000000002	0.8185185185185185	0.737037037037037	0.9703703703703703	0.737037037037037	0.9925925925925926	0.7407407407407407
YHR112C	347	866.0	59	468.0	45.0	549.0	1649.0	515.0	299.0	528.2000000000002	1281.68	0.6270207852193995	0.6189376443418014	0.6524249422632794	0.8233256351039261	0.6789838337182448	0.8475750577367206
YHR113W	397	3220.0	395	9.0	41.0	464.0	1032.0	31.0	181.0	43.0	213.0	0.8760869565217392	0.5521739130434783	0.9956521739130435	0.7776397515527951	0.9959627329192546	0.9590062111801242
YHR115C	4	4.0	1	201.5	1.0	575.0	4.0	575.0	4.0	575.0	4.0	0.25	1.0	0.25	1.0	0.25	1.0
YHR116W	18	15.0	2	476.25	20.0	1089.0	261.0	1081.0	235.0	1089.0	253.2	0.26666666666666666	0.26666666666666666	0.3333333333333333	0.26666666666666666	0.4	1.0
YHR117W	365	3234.0	347	15.0	25.0	87.0	422.0	34.0	215.0	44.0	271.0	0.8874458874458875	0.49536178107606677	0.9993815708101422	0.8079777365491652	1.0	0.8079777365491652
YHR118C	89	146.0	11	14.0	19.0	261.0	1464.0	213.5999999999999	156.19999999999925	261.0	476.5599999999991	0.7602739726027398	0.8356164383561644	0.8082191780821918	0.952054794520548	0.8698630136986302	0.952054794520548
YHR119W	21	38.0	10	22.0	4.0	278.0	312.0	268.0	220.60000000000016	278.0	312.0	0.8157894736842105	0.8947368421052632	0.9736842105263158	0.9473684210526315	0.9736842105263158	0.9473684210526315
YHR120W	15	28.0	4	9.0	21.0	39.0	82.0	39.0	82.0	39.0	82.0	1.0	0.5	1.0	1.0	1.0	1.0
YHR121W	346	4439.0	738	13.0	12.0	198.0	1285.0	80.0	128.0	83.0	142.53666666666655	0.9252083802658256	0.9236314485244425	0.9747690921378689	0.9666591574678982	0.9997747240369452	0.9950439288127957
YHR122W	384	1244.0	90	46.0	23.0	949.0	559.0	69.5333333333333	284.0	79.23999999999978	307.0799999999999	0.4541800643086817	0.6953376205787781	0.9413183279742765	0.7339228295819936	0.9943729903536977	0.9115755627009646
YHR123W	88	182.0	21	9.0	16.0	140.0	1901.0	58.0	181.9	117.12000000000012	195.40000000000003	0.9010989010989011	0.7912087912087912	0.9615384615384616	0.9505494505494505	0.9945054945054945	0.9945054945054945
YHR125W	1	1.0	1	0.0	0.0	23.0	30.0	23.0	30.0	23.0	30.0	1.0	1.0	1.0	1.0	1.0	1.0
YHR126C	3	3.0	1	90.75	15.0	159.0	109.0	159.0	109.0	159.0	109.0	0.6666666666666666	1.0	0.6666666666666666	1.0	0.6666666666666666	1.0
YHR127W	230	564.0	48	22.0	53.0	1142.0	480.0	49.0	449.0	69.44000000000005	454.1466666666667	0.7269503546099291	0.4592198581560284	0.9964539007092199	0.5975177304964538	0.9964539007092199	0.9042553191489362
YHR128W	548	3217.0	205	11.0	33.0	105.0	550.0	68.0	238.0	76.0	247.0	0.8765930991607087	0.6589990674541498	0.992850481815356	0.972956170345042	1.0	0.9897419956481194
YHR129C	176	424.0	31	29.0	3.0	1640.0	1278.0	300.8999999999994	1269.0	746.3733333333322	1272.315	0.16745283018867924	0.09669811320754718	0.8089622641509434	0.09905660377358491	0.9268867924528302	0.10141509433962265
YHR130C	44	56.0	6	1373.0	32.0	2890.0	2207.0	2684.6	96.0	2886.46	2081.899999999995	0.10714285714285714	0.625	0.10714285714285714	0.9642857142857143	0.16071428571428573	0.9821428571428571
YHR131C	62	72.0	3	167.0	138.5	317.0	497.0	288.1999999999998	459.0	312.82000000000005	491.28000000000003	0.2916666666666667	0.3611111111111111	0.3333333333333333	0.5138888888888888	0.3611111111111111	0.75
YHR131W-A	5	2.0	1	10.0	47.0	316.0	572.0	281.8	572.0	283.56	572.0	1.0	0.5	1.0	1.0	1.0	1.0
YHR132C	284	1656.0	261	13.0	45.0	95.0	463.0	42.0	181.0	69.0	186.0	0.9710144927536232	0.6165458937198067	0.998792270531401	0.9341787439613527	1.0	0.9993961352657005
YHR132W-A	23	27.0	3	16.33333333337214	12.75	69.0	309.0	69.0	237.59999999999988	69.0	309.0	0.2222222222222222	0.8148148148148148	0.8518518518518519	0.8148148148148148	1.0	0.8518518518518519
YHR133C	59	96.0	7	16.0	65.66666666668607	247.0	230.0	39.69999999999999	208.19999999999996	246.54	224.0199999999999	0.9270833333333334	0.4375	0.96875	0.5208333333333334	0.96875	0.8229166666666666
YHR134W	17	35.0	9	5.400000000023283	563.5	37.0	984.0	37.0	900.0	37.0	984.0	0.8857142857142857	0.5714285714285714	1.0	0.7428571428571429	1.0	0.7428571428571429
YHR135C	331	2148.0	178	12.0	6.0	698.0	400.0	123.16363636363636	127.0	138.66999999999985	346.69999999999936	0.9250465549348231	0.8938547486033519	0.9632216014897579	0.9757914338919925	0.9902234636871509	0.9883612662942272
YHR136C	10	8.0	3	19.5	2.0	260.0	140.0	210.0	140.0	213.2	140.0	0.875	0.875	1.0	1.0	1.0	1.0
YHR137C-A	1	1.0	1	0.0	0.0	354.0	151.0	354.0	151.0	354.0	151.0	1.0	1.0	1.0	1.0	1.0	1.0
YHR137W	359	1707.0	129	4.0	46.0	586.0	235.0	301.0	156.0	316.24333333333357	173.92000000000007	0.8002343292325718	0.45459871118922085	0.859402460456942	0.9853544229642648	0.8599882835383714	0.9988283538371412
YHR138C	253	937.0	71	9.0	16.0	350.0	188.0	84.0	141.64999999999998	109.25999999999999	147.0	0.7459978655282817	0.7982924226254002	0.7993596584845251	0.9903948772678762	0.9967982924226254	1.0
YHR139C	6	6.0	2	936.0	95.66666666668607	1112.0	317.0	1112.0	317.0	1112.0	317.0	0.3333333333333333	0.3333333333333333	0.3333333333333333	0.8333333333333334	0.3333333333333333	0.8333333333333334
YHR140W	16	25.0	7	5.875	12.75	65.0	236.0	37.0	162.0	62.0	236.0	0.96	0.76	1.0	0.96	1.0	0.96
YHR141C	859	9108.0	909	15.0	48.0	2049.0	308.0	52.0	122.0	65.0	128.21000000000004	0.8911945542380325	0.4326965305226175	0.9939613526570048	0.9799077733860343	0.9969257795344751	0.9995608256477821
YHR142W	307	3135.0	558	10.0	5.0	1014.0	715.0	179.0	82.0	223.0	100.4333333333334	0.7202551834130781	0.9872408293460925	0.8947368421052632	0.9923444976076555	0.9760765550239234	0.9939393939393939
YHR143W	237	1825.0	205	9.0	8.0	495.0	445.0	278.0	267.0	281.0	269.25	0.9873972602739726	0.8673972602739726	0.9901369863013698	0.9221917808219178	0.9923287671232877	0.9753424657534246
YHR143W-A	405	4811.0	1313	6.0	0.0	333.0	415.0	56.0	285.0	80.67000000000098	340.0	0.9222614840989399	0.9133236333402619	0.9898150072749948	0.9611307420494699	0.9993764290168364	0.9906464352525463
YHR144C	96	220.0	19	23.0	16.0	76.0	189.0	32.0	121.0	38.80000000000001	176.0	0.6636363636363637	0.7454545454545455	1.0	0.9545454545454546	1.0	1.0
YHR146W	12	36.0	9	8.0	9.0	39.0	89.0	39.0	68.53333333333325	39.0	85.4	1.0	0.9722222222222222	1.0	1.0	1.0	1.0
YHR147C	268	940.0	92	3.0	26.0	131.0	392.0	48.0	139.33333333333334	63.0	361.0	0.8957446808510638	0.8276595744680851	0.9968085106382979	0.8936170212765957	1.0	0.9670212765957447
YHR148W	128	555.0	69	8.0	17.0	60.0	438.0	32.0	364.0	48.0	399.6333333333334	0.972972972972973	0.6882882882882883	1.0	0.954954954954955	1.0	0.9855855855855856
YHR149C	136	239.0	18	114.0	48.5	187.0	241.0	158.0	161.0	175.0	203.3999999999994	0.49372384937238495	0.5481171548117155	0.5481171548117155	0.8493723849372385	0.694560669456067	0.9874476987447699
YHR150W	135	305.0	25	20.0	63.0	207.0	263.0	78.0	213.0	122.44999999999953	221.89999999999998	0.8885245901639345	0.4098360655737705	0.9770491803278688	0.4557377049180328	0.9934426229508196	0.9704918032786886
YHR151C	80	162.0	32	5.0	22.75	213.0	254.0	173.0	164.4	204.03999999999996	233.15999999999985	0.8518518518518519	0.6419753086419753	0.9567901234567902	0.9074074074074074	0.9629629629629629	0.9506172839506173
YHR152W	100	148.0	7	60.0	15.5	127.0	126.0	119.0	120.0	119.0	126.0	0.3918918918918919	0.9594594594594594	0.47297297297297297	1.0	0.9932432432432432	1.0
YHR153C	44	54.0	4	24.0	288.0	1469.0	747.0	1175.6	745.88	1457.6400000000003	747.0	0.7407407407407407	0.3148148148148148	0.8518518518518519	0.42592592592592593	0.8703703703703703	0.6111111111111112
YHR154W	10	13.0	4	10.25	0.25	52.0	99.0	52.0	98.55	52.0	99.0	1.0	1.0	1.0	1.0	1.0	1.0
YHR155W	2	2.0	1	0.0	1.0	94.0	160.0	94.0	160.0	94.0	160.0	1.0	1.0	1.0	1.0	1.0	1.0
YHR156C	96	192.0	12	3.0	484.0	753.0	569.0	72.49999999999989	517.6999999999999	342.15999999999997	565.2199999999998	0.9375	0.5364583333333334	0.96875	0.5677083333333334	0.9739583333333334	0.5729166666666666
YHR157W	3	4.0	2	484.0	16.66666666668607	599.0	166.0	599.0	166.0	599.0	166.0	0.5	0.75	0.5	1.0	0.5	1.0
YHR159W	44	64.0	5	1.5	902.5	432.0	1281.0	144.7999999999995	1251.1	423.46	1278.48	0.875	0.125	0.953125	0.328125	0.953125	0.359375
YHR160C	4	4.0	1	4.0	32.5	13.0	132.0	13.0	132.0	13.0	132.0	1.0	0.75	1.0	0.75	1.0	1.0
YHR161C	262	707.0	41	62.0	10.0	435.0	184.0	297.0999999999997	150.0	388.0	150.0	0.14427157001414428	0.7807637906647807	0.5968882602545968	0.8543140028288543	0.9123055162659123	1.0
YHR162W	375	3041.0	379	13.0	2.0	1424.0	1111.0	192.0	131.0	219.0	138.0	0.864847089773101	0.9720486682012496	0.9227227885563959	0.9973692864189412	0.9710621506083525	0.9986846432094706
YHR163W	408	2548.0	258	29.0	43.0	829.0	419.0	31.0	186.04999999999995	39.0	216.03999999999996	0.3944270015698587	0.6020408163265306	0.9980376766091051	0.9646781789638933	0.9992150706436421	0.9976452119309263
YHR164C	1	1.0	1	0.0	0.0	92.0	114.0	92.0	114.0	92.0	114.0	1.0	1.0	1.0	1.0	1.0	1.0
YHR166C	53	80.0	10	19.5	26.0	116.0	889.0	107.5	231.33333333333334	113.00000000000003	889.0	0.6875	0.6625	0.975	0.8625	1.0	0.95
YHR167W	85	115.0	10	15.0	120.0	82.0	516.0	78.25	435.5	81.13333333333333	516.0	0.8956521739130435	0.5217391304347826	1.0	0.5652173913043478	1.0	0.6173913043478261
YHR168W	109	280.0	29	6.099999999976717	16.0	839.0	254.0	50.666666666666664	225.0	102.09999999999985	233.49999999999994	0.8964285714285715	0.8392857142857143	0.975	0.9178571428571428	0.9928571428571429	0.975
YHR169W	240	851.0	75	13.5	3.0	115.0	2007.0	71.32916666666667	152.0	77.0	180.0	0.7414806110458284	0.7955346650998825	0.9952996474735605	0.8484136310223267	1.0	0.9952996474735605
YHR170W	415	2354.0	109	13.0	22.0	1718.0	336.0	73.0	159.0	100.0	187.0	0.8220050977060323	0.7213254035683943	0.9813084112149533	0.9830076465590484	0.9995751911639762	0.9983007646559049
YHR171W	48	126.0	22	4.0	32.0	27.0	424.0	18.0	215.0	24.719999999999985	324.186666666666	1.0	0.6031746031746031	1.0	0.873015873015873	1.0	0.9682539682539683
YHR172W	20	23.0	2	44.5	13.0	655.0	490.0	323.4999999999989	490.0	655.0	490.0	0.2608695652173913	0.6956521739130435	0.8695652173913043	0.7391304347826086	0.9565217391304348	1.0
YHR174W	1118	160176.0	36321	0.0	14.0	131.0	1311.0	30.0	155.0	38.0	173.0	0.9963040655279193	0.8430788632504246	0.9997502746978324	0.9913657476775547	1.0	0.9975464489062031
YHR175W	52	174.0	50	0.0	22.20000000001164	1583.0	510.0	1575.0	301.7499999999997	1582.0133333333333	482.15999999999985	0.9252873563218391	0.7816091954022989	0.9310344827586207	0.9080459770114943	0.9367816091954023	0.9482758620689655
YHR175W-A	35	46.0	6	32.0	183.0	2261.0	1932.0	2261.0	196.0	2261.0	1932.0	0.2391304347826087	0.391304347826087	0.2391304347826087	0.391304347826087	0.2391304347826087	0.391304347826087
YHR176W	22	34.0	6	43.33333333331393	4.0	1308.0	112.0	186.59999999999982	112.0	1308.0	112.0	0.3235294117647059	0.8235294117647058	0.8235294117647058	0.8823529411764706	0.9411764705882353	1.0
YHR177W	7	7.0	1	71.25	347.5	91.0	1227.0	91.0	1227.0	91.0	1227.0	0.5714285714285714	0.2857142857142857	0.5714285714285714	0.42857142857142855	1.0	0.42857142857142855
YHR178W	45	61.0	5	19.25	35.0	67.0	362.0	65.0	326.0	67.0	359.58000000000004	0.8852459016393442	0.4918032786885246	1.0	0.7213114754098361	1.0	0.8688524590163934
YHR179W	337	3161.0	707	12.0	10.0	408.0	290.0	77.74999999999727	119.0	125.0	124.0	0.9389433723505219	0.9645681746282821	0.950648528946536	0.994305599493831	0.9952546662448593	0.999683644416324
YHR180C-B	1	2.0	2	0.0	0.0	9.0	665.0	9.0	665.0	9.0	665.0	1.0	1.0	1.0	1.0	1.0	1.0
YHR181W	648	7096.0	593	9.0	20.0	84.0	337.0	58.0	134.0	60.35733333333333	135.0	0.7359075535512966	0.7645152198421646	0.9994363021420518	0.8888105975197295	1.0	0.9997181510710259
YHR182C-A	1	2.0	2	0.0	0.0	121.0	87.0	121.0	87.0	121.0	87.0	1.0	1.0	1.0	1.0	1.0	1.0
YHR182W	54	107.0	12	14.25	12.0	221.0	391.0	76.59999999999997	255.8999999999991	207.88999999999982	377.8899999999998	0.7570093457943925	0.9439252336448598	0.9626168224299065	0.9439252336448598	0.9813084112149533	0.9439252336448598
YHR183W	430	7660.0	1937	0.0	16.0	105.0	209.0	85.9090909090909	166.0	89.0	172.99384615384614	0.9753263707571802	0.760313315926893	0.995822454308094	0.9929503916449086	1.0	0.9955613577023499
YHR187W	82	177.0	38	5.0	5.0	63.0	180.0	41.0	116.0	60.0	132.2999999999999	0.8870056497175142	0.8870056497175142	1.0	1.0	1.0	1.0
YHR188C	361	2407.0	102	23.0	4.0	847.0	713.0	739.0	120.0	761.0	142.0	0.5180722891566265	0.8869962609056917	0.9455754050685501	0.9580390527627752	0.9455754050685501	0.9962609056917324
YHR189W	60	111.0	8	19.0	9.0	864.0	1851.0	36.0	1709.0	366.24000000000046	1804.64	0.7927927927927928	0.7117117117117117	0.990990990990991	0.8198198198198198	0.990990990990991	0.972972972972973
YHR190W	321	1390.0	137	7.362318840576336	7.0	865.0	272.0	828.0	130.0	851.7999999999998	139.59999999999945	0.8244604316546763	0.7906474820143885	0.8726618705035971	0.9618705035971223	0.8741007194244604	0.9992805755395684
YHR191C	642	2087.0	72	18.0	59.09375	1016.0	2357.0	60.0	175.0	76.0	185.0	0.7268806899856253	0.4719693339722089	0.9990416866315285	0.49161475802587445	0.9995208433157643	0.9928126497364638
YHR192W	232	1224.0	201	0.0	16.714285714260768	329.0	208.0	46.0	142.0	46.64999999999998	179.26	0.9117647058823529	0.9117647058823529	0.9959150326797386	0.9387254901960784	0.9967320261437909	0.9893790849673203
YHR193C	518	18583.0	6895	8.0	0.1591502320370637	885.0	448.0	41.0	68.0	61.33499999999913	72.0	0.9453263735672389	0.9970403056557068	0.9996771242533499	0.9996771242533499	0.9998385621266749	0.9996771242533499
YHR193C-A	11	10.0	3	30.0	0.0	94.0	1005.0	94.0	1005.0	94.0	1005.0	0.5	0.8	1.0	0.9	1.0	0.9
YHR194W	115	246.0	15	10.0	9.5	97.0	552.0	69.0	137.399999999998	83.1199999999999	420.69333333333293	0.7764227642276422	0.9186991869918699	0.991869918699187	0.9512195121951219	1.0	0.9512195121951219
YHR195W	159	615.0	99	36.0	17.0	1730.0	621.0	784.75	217.0	1429.6035714285722	239.80000000000018	0.21300813008130082	0.7642276422764228	0.21300813008130082	0.9365853658536586	0.24878048780487805	0.9788617886178862
YHR196W	159	1114.0	299	5.0	6.333333333313931	80.0	218.0	65.0	67.0	74.0	137.9599999999964	0.9784560143626571	0.9569120287253142	0.9964093357271095	0.9865350089766607	1.0	0.9901256732495511
YHR197W	105	603.0	138	1.0	3.0	79.0	673.0	26.0	143.0	55.940000000000055	281.17500000000007	0.9701492537313433	0.87893864013267	0.9966832504145937	0.9850746268656716	1.0	0.9850746268656716
YHR198C	51	134.0	21	0.09090909088263288	17.5	429.0	162.0	14.0	135.65	93.83999999999864	145.19999999999993	0.9776119402985075	0.7388059701492538	0.9925373134328358	0.9701492537313433	0.9925373134328358	0.9776119402985075
YHR199C	441	1147.0	41	443.0	26.0	741.0	238.0	487.0	135.0	507.03	135.0	0.5379250217959896	0.6216216216216216	0.6477768090671316	0.994768962510898	0.6678291194420227	0.998256320836966
YHR199C-A	135	340.0	19	20.0	26.0	304.0	1319.0	70.0	1216.0	90.40000000000009	1218.4	0.7735294117647059	0.5558823529411765	0.9705882352941176	0.9941176470588236	0.9970588235294118	0.9941176470588236
YHR200W	830	24283.0	1391	15.0	8.0	386.0	912.0	38.0	74.0	44.0	128.0	0.956512786723222	0.9864926079973644	0.9990940163900671	0.9889634723880905	0.9991351974632459	0.9936992958036487
YHR201C	310	1972.0	148	4.0	19.0	2768.0	1025.0	35.0	85.0	39.77999999999997	151.0	0.9903651115618661	0.9568965517241379	0.9964503042596349	0.9746450304259635	0.9969574036511156	0.9979716024340771
YHR202W	120	1131.0	272	9.0	1.0	1077.0	294.0	47.0	79.0	50.0	224.66000000000076	0.9893899204244032	0.9513704686118479	0.9973474801061007	0.9522546419098143	0.9973474801061007	0.986737400530504
YHR203C	795	9643.0	1394	3.0	6.0	171.0	288.0	61.0	138.0	120.0	138.0	0.924504822150783	0.9463859794669709	0.9762522036710567	0.9748003733278026	0.9991703826609977	0.9824743337135746
YHR204W	191	1455.0	300	5.0	22.0	759.0	650.0	51.0	91.0	188.0	142.0	0.9140893470790378	0.652233676975945	0.9738831615120275	0.9800687285223367	0.9745704467353952	0.9951890034364261
YHR205W	83	231.0	17	39.9117647059029	83.0	672.0	225.0	477.0210526315789	211.11875	481.0	215.38	0.22510822510822512	0.6277056277056277	0.5627705627705628	0.6406926406926406	0.9090909090909091	0.9913419913419913
YHR206W	11	13.0	2	30.0	22.5	486.0	209.0	486.0	207.95	486.0	209.0	0.15384615384615385	0.15384615384615385	0.15384615384615385	0.15384615384615385	0.15384615384615385	0.23076923076923078
YHR208W	180	455.0	33	19.0	5.0	895.0	766.0	65.0	218.0	618.6499999999935	684.0	0.8351648351648352	0.8571428571428571	0.9868131868131869	0.8857142857142857	0.989010989010989	0.9010989010989011
YHR209W	65	166.0	39	43.0	0.0	420.0	414.0	342.59999999999957	151.0	416.1333333333333	252.56000000000003	0.6506024096385542	0.7228915662650602	0.8253012048192772	0.891566265060241	0.8674698795180723	0.9819277108433735
YHR210C	54	94.0	32	52.0	93.0	1801.0	460.0	1124.8	434.19999999999993	1800.7066666666667	452.08000000000004	0.46808510638297873	0.5212765957446809	0.8404255319148937	0.5425531914893617	0.9148936170212766	0.8617021276595744
YHR214W-A	3	1.0	1	412.0	6.5	1006.0	167.0	1006.0	165.8	1006.0	166.76	1.0	1.0	1.0	1.0	1.0	1.0
YHR216W	212	938.0	124	68.0	8.0	222.0	305.0	106.0	194.0	109.0	212.84000000000015	0.4125799573560768	0.837953091684435	0.5074626865671642	0.8390191897654584	0.9946695095948828	0.9530916844349681
YJL001W	621	4795.0	607	6.0	6.0	365.0	360.0	56.0	217.0	65.0	261.0	0.7793534932221063	0.7924921793534933	0.9941605839416059	0.8091762252346194	0.9949947862356622	0.9165797705943691
YJL002C	381	2954.0	223	12.0	10.0	342.0	198.0	58.19999999999982	122.0	70.97333333333336	146.0	0.8043331076506431	0.9712254570074476	0.9942450914014895	0.9976303317535545	0.994583615436696	1.0
YJL003W	346	887.0	99	25.0	12.0	259.0	429.0	158.0	278.0	176.47142857142856	292.0	0.7959413754227734	0.7846674182638106	0.887260428410372	0.8556933483652762	0.8883878241262683	0.9932356257046223
YJL004C	154	278.0	23	14.0	53.0	795.0	306.0	199.0	283.67999999999995	436.8799999999984	301.8799999999999	0.9244604316546763	0.5755395683453237	0.935251798561151	0.7841726618705036	0.935251798561151	0.9748201438848921
YJL006C	138	325.0	36	21.0	2.0	79.0	100.0	69.0	62.25	75.0	83.0	0.7015384615384616	0.8307692307692308	0.9969230769230769	0.9876923076923076	1.0	1.0
YJL008C	480	4904.0	640	17.0	22.0	69.0	252.0	46.0	201.0	48.0	234.0	0.8962071778140294	0.6095024469820555	1.0	0.8843800978792822	1.0	0.9997960848287113
YJL010C	143	378.0	37	15.0	42.0	84.0	333.0	51.0	258.0	77.87999999999988	331.0	0.8968253968253969	0.43915343915343913	0.9894179894179894	0.7883597883597884	1.0	0.9232804232804233
YJL011C	216	454.0	40	18.0	2.0	98.0	410.0	60.0	282.0	72.0	410.0	0.762114537444934	0.8612334801762115	1.0	0.8700440528634361	1.0	0.8876651982378855
YJL012C	250	4436.0	1033	16.0	0.0	116.0	169.0	32.0	79.0	54.0	113.0	0.9657348963029756	0.968214607754734	0.9914337240757439	0.9921100090171325	0.9997745716862038	1.0
YJL013C	2	2.0	1	35.0	3.0	46.0	184.0	46.0	184.0	46.0	184.0	0.5	1.0	1.0	1.0	1.0	1.0
YJL014W	662	4989.0	736	17.0	9.0	121.0	383.0	62.0	229.40000000000023	68.92909090909085	307.47999999999956	0.7538584886750852	0.8967729003808378	0.9991982361194628	0.9352575666466225	1.0	0.9494888755261576
YJL016W	98	138.0	7	124.0	20.0	2807.0	151.0	603.799999999999	137.0	2795.56	147.48000000000002	0.38405797101449274	0.7391304347826086	0.5	1.0	0.644927536231884	1.0
YJL019W	102	343.0	68	7.0	215.625	138.0	2449.0	117.30769230769225	605.1333333333333	126.0	1384.61	0.9387755102040817	0.3032069970845481	0.9941690962099126	0.3032069970845481	1.0	0.3032069970845481
YJL020C	33	46.0	6	21.33333333331393	3.0	139.0	161.0	128.0	156.2	139.0	161.0	0.5652173913043478	0.9130434782608695	0.9347826086956522	1.0	1.0	1.0
YJL022W	5	7.0	3	21.41666666668607	12.900000000023283	165.0	481.0	157.29999999999998	481.0	163.45999999999998	481.0	0.8571428571428571	1.0	0.8571428571428571	1.0	1.0	1.0
YJL023C	31	42.0	4	23.0	42.0	296.0	157.0	170.4	157.0	296.0	157.0	0.7380952380952381	0.5714285714285714	0.8095238095238095	0.8333333333333334	0.8809523809523809	1.0
YJL024C	178	326.0	27	20.0	96.0	89.0	1520.0	42.0	392.0	62.24000000000001	392.0	0.9171779141104295	0.3282208588957055	1.0	0.7116564417177914	1.0	0.7607361963190185
YJL025W	97	162.0	7	32.0	36.0	189.0	849.0	82.0	371.66666666666674	89.83999999999999	808.64	0.6790123456790124	0.6234567901234568	0.9444444444444444	0.8827160493827161	0.9938271604938271	0.8827160493827161
YJL026C-A	2	1.0	1	6.5	490.5	389.0	1299.0	387.7	1299.0	388.74	1299.0	1.0	1.0	1.0	1.0	1.0	1.0
YJL026W	353	3578.0	540	7.0	1.0	253.0	181.0	139.0	153.0	179.0	159.0	0.869200670765791	0.9334823923979877	0.9046953605366126	0.980715483510341	0.961430967020682	0.9991615427613192
YJL027C	4	6.0	3	419.0	5.0	1414.0	66.0	1414.0	66.0	1414.0	66.0	0.5	1.0	0.6666666666666666	1.0	0.6666666666666666	1.0
YJL028W	1	1.0	1	0.0	0.0	38.0	193.0	38.0	193.0	38.0	193.0	1.0	1.0	1.0	1.0	1.0	1.0
YJL029C	100	808.0	293	0.0	12.268707483017351	103.0	109.0	63.049999999999955	105.0	79.0	105.0	0.7908415841584159	0.9913366336633663	0.9146039603960396	1.0	1.0	1.0
YJL030W	155	739.0	153	6.0	126.0	351.0	2283.0	48.0	208.42999999999998	189.43000000000018	1763.4450000000068	0.8822733423545331	0.39783491204330174	0.9878213802435724	0.5087956698240866	0.9878213802435724	0.5859269282814614
YJL031C	32	38.0	5	57.33333333331393	9.0	752.0	202.0	103.80000000000003	111.0	752.0	111.0	0.2894736842105263	0.9473684210526315	0.6842105263157895	1.0	0.9736842105263158	1.0
YJL033W	10	32.0	18	2.8421052631456405	0.0	57.0	100.0	38.879999999999995	82.0	57.0	100.0	0.96875	1.0	1.0	1.0	1.0	1.0
YJL034W	503	11439.0	2124	0.0	14.0	107.0	389.0	63.0	252.0	71.0	255.0	0.9379316373808899	0.7627414983827258	0.999388058396713	0.8727161465163039	1.0	0.9160765801206399
YJL035C	199	766.0	181	2.0	10.0	142.0	248.0	65.0	108.0	103.0	111.0	0.9608355091383812	0.7637075718015666	0.9934725848563969	0.7728459530026109	1.0	0.9986945169712794
YJL036W	132	653.0	147	3.0	52.0	1382.0	1192.0	127.0	207.0	228.1400000000017	209.97000000000003	0.9218989280245024	0.666156202143951	0.9678407350689127	0.8790199081163859	0.9892802450229708	0.9954058192955589
YJL038C	4	6.0	3	50.0	140.0	86.0	158.0	86.0	158.0	86.0	158.0	0.5	0.5	1.0	0.5	1.0	0.5
YJL041W	92	317.0	43	0.0	11.0	124.0	342.0	67.0	143.0	90.65999999999997	149.0	0.9495268138801262	0.7949526813880127	0.9968454258675079	0.9936908517350158	1.0	0.9936908517350158
YJL042W	4	5.0	2	35.75	6.75	108.0	156.0	108.0	156.0	108.0	156.0	0.4	1.0	1.0	1.0	1.0	1.0
YJL043W	11	71.0	59	549.1500000000233	0.0	1778.0	336.0	1167.45	336.0	1778.0	336.0	0.8450704225352113	0.9014084507042254	0.8732394366197183	1.0	0.8732394366197183	1.0
YJL044C	322	2353.0	310	16.0	13.0	201.0	524.0	65.0	268.0	79.0	392.0	0.861878453038674	0.7484062898427539	0.9995750106247344	0.7866553336166596	0.9995750106247344	0.7913302167445814
YJL045W	2	3.0	2	5.833333333313931	20.0	29.0	211.0	29.0	211.0	29.0	211.0	1.0	0.6666666666666666	1.0	1.0	1.0	1.0
YJL046W	69	159.0	17	5.0	115.0	582.0	338.0	421.21428571428567	290.0	557.3885714285713	292.0	0.8050314465408805	0.7169811320754716	0.8805031446540881	0.7295597484276729	0.89937106918239	0.7421383647798742
YJL047C	40	62.0	6	28.0	5.0	267.0	496.0	179.39999999999992	342.0	267.0	477.7600000000004	0.6774193548387096	0.8709677419354839	0.7741935483870968	0.9032258064516129	0.967741935483871	0.9032258064516129
YJL047C-A	586	187.0	21	140.0	349.0	1421.0	572.0	212.0	429.3	929.7499999999981	469.26	0.6149732620320856	0.21390374331550802	0.6363636363636364	0.40641711229946526	0.6470588235294118	0.42245989304812837
YJL048C	118	246.0	13	65.0	8.0	108.0	337.0	94.0	155.39999999999998	101.19999999999996	178.11999999999938	0.2845528455284553	0.7642276422764228	0.33739837398373984	0.9634146341463414	1.0	0.967479674796748
YJL049W	8	14.0	4	10.0	10.0	33.0	92.0	33.0	92.0	33.0	92.0	0.9285714285714286	1.0	1.0	1.0	1.0	1.0
YJL050W	36	103.0	14	26.0	2.5	75.0	93.0	71.89999999999999	93.0	74.64666666666666	93.0	0.6893203883495146	0.912621359223301	1.0	1.0	1.0	1.0
YJL051W	28	71.0	26	1.2142857142607681	83.75	140.0	352.0	79.96666666666667	212.3	128.03000000000037	295.30000000000166	0.9859154929577465	0.6338028169014085	0.9859154929577465	0.7183098591549296	1.0	0.7464788732394366
YJL052C-A	1	1.0	1	0.0	0.0	477.0	800.0	477.0	800.0	477.0	800.0	1.0	1.0	1.0	1.0	1.0	1.0
YJL052W	158	864.0	165	3.0	15.0	265.0	543.0	84.59999999999991	150.0	90.58545454545455	176.34666666666672	0.9409722222222222	0.8923611111111112	0.9710648148148148	0.9780092592592593	0.9976851851851852	0.9965277777777778
YJL053W	135	262.0	12	16.0	39.0	72.0	431.0	57.0	238.24615384615385	68.704	369.35692307692295	0.25190839694656486	0.08015267175572519	0.9656488549618321	0.11068702290076336	1.0	0.8206106870229007
YJL054W	219	1246.0	82	3.0	101.0	930.0	196.0	43.0	180.0	52.0	192.61599999999999	0.8443017656500803	0.3547351524879615	0.9935794542536116	0.7407704654895666	0.9951845906902087	0.7415730337078652
YJL055W	245	2698.0	345	16.0	1.0	879.0	1677.0	38.0	72.0	50.0	84.0	0.7828020756115641	0.9799851742031134	0.9977761304670126	0.9936990363232023	0.9977761304670126	0.9992587101556709
YJL056C	23	24.0	2	46.0	23.0	101.0	153.0	101.0	145.29999999999995	101.0	153.0	0.20833333333333334	0.7083333333333334	0.6666666666666666	1.0	1.0	1.0
YJL057C	60	160.0	39	17.755555555573665	3.0	125.0	96.0	105.5	89.0	118.0	93.06666666666668	0.79375	0.8	0.98125	1.0	1.0	1.0
YJL058C	60	90.0	6	20.0	33.40000000002328	185.0	1372.0	167.0	68.0	182.19999999999996	1023.599999999995	0.6444444444444445	0.4777777777777778	0.9333333333333333	0.9666666666666667	0.9555555555555556	0.9666666666666667
YJL059W	76	181.0	22	16.0	4.785714285739232	55.0	1912.0	44.0	106.26666666666665	53.139999999999986	108.0	0.988950276243094	0.850828729281768	1.0	0.9779005524861878	1.0	0.994475138121547
YJL060W	172	641.0	103	36.0	2.0	93.0	166.0	65.0	110.0	75.0	128.0	0.6302652106084243	0.9391575663026521	0.9609984399375975	0.9937597503900156	1.0	1.0
YJL061W	148	633.0	176	8.0	28.0	384.0	1063.0	51.0	624.9750000000001	62.59333333333287	1059.0	0.9889415481832543	0.4802527646129542	0.995260663507109	0.8120063191153238	0.9984202211690363	0.8704581358609794
YJL062W	69	272.0	58	19.66666666668607	0.0	182.0	139.0	43.0	97.34999999999997	57.5799999999997	108.33999999999992	0.9338235294117647	0.9338235294117647	0.9963235294117647	0.9963235294117647	0.9963235294117647	1.0
YJL062W-A	481	1409.0	73	9.0	45.0	973.0	400.0	35.0	225.0	47.10000000000082	275.0	0.9205110007097232	0.5259048970901349	0.9978708303761533	0.9538679914833215	0.9985805535841022	0.9907735982966643
YJL063C	196	1442.0	386	16.0	0.0	604.0	848.0	44.29230769230767	86.0	57.0	829.119999999999	0.819001386962552	0.9528432732316228	0.9979195561719834	0.9639389736477115	0.9979195561719834	0.9812760055478502
YJL065C	295	1486.0	168	17.0	42.0	975.0	1159.0	50.0	1135.0	941.0	1154.0	0.7799461641991925	0.3149394347240915	0.9791386271870794	0.9259757738896366	0.9791386271870794	0.9306864064602961
YJL066C	221	1428.0	457	9.0	1.0	735.0	1201.0	714.0	214.0	722.0	234.97600000000003	0.8725490196078431	0.9355742296918768	0.9250700280112045	0.9873949579831933	0.9257703081232493	0.9950980392156863
YJL068C	189	776.0	114	14.0	0.0	986.0	242.0	64.0	119.0	84.0	164.64000000000033	0.8724226804123711	0.9819587628865979	0.9690721649484536	0.9896907216494846	0.9987113402061856	0.990979381443299
YJL069C	150	931.0	68	16.0	10.0	64.0	249.0	41.0	101.0	55.0	110.0	0.9001074113856069	0.949516648764769	0.9946294307196563	0.9978517722878625	1.0	0.9989258861439313
YJL070C	21	26.0	3	27.0	24.0	93.0	114.0	46.2	106.53333333333333	69.07999999999986	114.0	0.4230769230769231	0.9615384615384616	1.0	1.0	1.0	1.0
YJL071W	102	284.0	33	40.0	48.0	609.0	224.0	93.0	172.0	269.52000000000055	211.0133333333337	0.5633802816901409	0.6936619718309859	0.9612676056338029	0.7535211267605634	0.9823943661971831	0.9894366197183099
YJL072C	164	439.0	53	14.0	92.0	610.0	684.0	69.0	590.0	472.340000000004	600.44	0.8519362186788155	0.6514806378132119	0.9863325740318907	0.7471526195899773	0.9863325740318907	0.7494305239179955
YJL073W	114	394.0	87	36.225806451635435	5.0	171.0	687.0	132.49999999999997	126.0	151.85333333333335	217.72000000000003	0.5101522842639594	0.9111675126903553	0.850253807106599	0.9873096446700508	0.9949238578680203	0.9873096446700508
YJL074C	12	14.0	3	10.0	8.0	84.0	130.0	79.99999999999997	125.86666666666665	84.0	130.0	0.7857142857142857	0.8571428571428571	0.9285714285714286	1.0	1.0	1.0
YJL076W	44	51.0	3	28.0	70.0	248.0	323.0	181.54999999999995	226.29999999999984	247.37000000000012	323.0	0.6470588235294118	0.43137254901960786	0.9215686274509803	0.6274509803921569	0.9215686274509803	0.9411764705882353
YJL077W-A	353	671.0	34	1510.0	8.0	3430.0	287.0	2972.3999999999996	201.0	3249.069999999999	204.0	0.35469448584202684	0.8807749627421758	0.5320417287630402	0.9850968703427719	0.5842026825633383	0.9895678092399404
YJL077W-B	315	544.0	66	1402.0	785.8571428571595	3012.0	948.0	2463.6	914.0	2637.4933333333333	941.0	0.12683823529411764	0.12867647058823528	0.16176470588235295	0.2922794117647059	0.20955882352941177	0.33639705882352944
YJL078C	152	472.0	46	15.0	42.0	127.0	373.0	113.79999999999995	366.0	122.0	368.0	0.8326271186440678	0.586864406779661	0.9936440677966102	0.8283898305084746	1.0	1.0
YJL079C	239	2311.0	805	4.435024752456229	2.0	284.0	270.0	179.0	194.94999999999982	236.9542857142855	220.0	0.8797057550843791	0.8096062310688014	0.8905235828645608	0.9900475984422328	0.9818260493292946	0.9982691475551709
YJL080C	43	77.0	8	20.0	15.0	250.0	166.0	225.59999999999997	147.0	244.3300000000001	163.66000000000003	0.8571428571428571	0.8441558441558441	0.987012987012987	0.987012987012987	0.987012987012987	1.0
YJL081C	310	1420.0	179	41.0	44.20000000001164	102.0	405.0	66.0	319.0	77.64999999999998	321.2838709677419	0.43380281690140843	0.6830985915492958	0.9964788732394366	0.747887323943662	1.0	0.7690140845070422
YJL082W	70	100.0	7	62.5	28.5	164.0	1126.0	124.5	451.5	164.0	912.0	0.33	0.54	0.36	0.6	0.98	0.7
YJL083W	92	238.0	35	15.0	6.0	932.0	613.0	499.79999999999995	454.0	505.86	561.4800000000001	0.907563025210084	0.8109243697478992	0.9369747899159664	0.8403361344537815	0.9411764705882353	0.9201680672268907
YJL084C	12	25.0	6	27.25	14.6875	161.0	170.0	149.0	167.85714285714286	161.0	170.0	0.72	0.84	1.0	1.0	1.0	1.0
YJL085W	75	178.0	13	26.75	3.0	332.0	266.0	89.0	120.6	151.09333333333316	186.3199999999999	0.42134831460674155	0.9887640449438202	0.9775280898876404	0.9887640449438202	0.9943820224719101	0.9943820224719101
YJL087C	26	42.0	6	31.0	84.0	137.0	253.0	134.6	222.0	137.0	253.0	0.5714285714285714	0.5714285714285714	0.9285714285714286	0.5952380952380952	1.0	1.0
YJL088W	41	195.0	98	3.0	0.0	906.0	232.0	30.0	113.75	720.4000000000015	145.3500000000002	0.9846153846153847	0.9230769230769231	0.9846153846153847	0.9794871794871794	0.9846153846153847	0.9948717948717949
YJL089W	1	1.0	1	0.0	0.0	5.0	330.0	5.0	330.0	5.0	330.0	1.0	1.0	1.0	1.0	1.0	1.0
YJL090C	35	40.0	3	36.5	15.0	88.0	201.0	88.0	122.25	88.0	201.0	0.5	0.975	1.0	0.975	1.0	0.975
YJL091C	375	1184.0	75	3.0	87.0	38.0	1605.0	22.0	547.0	30.0	1355.1600000000062	0.9856418918918919	0.36655405405405406	1.0	0.5320945945945946	1.0	0.8201013513513513
YJL092W	28	40.0	4	20.0	14.0	230.0	176.0	222.5	163.0	230.0	176.0	0.75	0.725	0.9	0.75	0.95	1.0
YJL093C	3	6.0	3	1.0	44.666666666656965	4.0	136.0	4.0	136.0	4.0	136.0	1.0	0.5	1.0	0.6666666666666666	1.0	1.0
YJL094C	28	61.0	19	1.875	21.0	62.0	191.0	58.0	152.92499999999998	62.0	187.92000000000002	0.9344262295081968	0.7049180327868853	1.0	0.9672131147540983	1.0	1.0
YJL095W	2	2.0	1	15.0	4.0	93.0	76.0	93.0	76.0	93.0	76.0	1.0	1.0	1.0	1.0	1.0	1.0
YJL096W	288	5716.0	1254	4.0	6.0	974.0	189.0	46.0	75.0	80.0	91.0	0.9672848145556333	0.9725332400279916	0.9987753673897831	0.9991252624212736	0.9987753673897831	0.9996501049685095
YJL097W	371	1523.0	62	31.5	23.0	241.0	822.0	74.0	95.0	91.0	101.0	0.7905449770190414	0.7708470124753776	0.9986868023637557	0.9927774130006566	1.0	0.9960604070912672
YJL098W	1	1.0	1	0.0	0.0	708.0	58.0	708.0	58.0	708.0	58.0	1.0	1.0	1.0	1.0	1.0	1.0
YJL099W	26	27.0	3	34.5	28.75	112.0	439.0	112.0	422.84999999999997	112.0	439.0	0.5555555555555556	0.5185185185185185	0.9259259259259259	0.7037037037037037	1.0	0.8518518518518519
YJL100W	100	163.0	6	263.5	16.666666666656965	446.0	139.0	446.0	139.0	446.0	139.0	0.294478527607362	0.5828220858895705	0.5705521472392638	0.9325153374233128	0.6748466257668712	1.0
YJL101C	413	3006.0	407	18.0	11.0	644.0	318.0	169.0	226.0	226.0	294.0	0.7724550898203593	0.8393213572854291	0.949767132401863	0.8672654690618763	0.9916833000665336	0.9587491683300067
YJL102W	77	477.0	177	9.89999999999418	1.0	50.0	127.0	47.90112359550562	120.0	49.6161797752809	123.0	0.9119496855345912	0.9287211740041929	1.0	0.9329140461215933	1.0	0.9979035639412998
YJL103C	84	140.0	7	35.0	9.0	226.0	252.0	204.0	202.0	222.99999999999997	249.29999999999998	0.40714285714285714	0.8428571428571429	0.8142857142857143	0.95	0.8928571428571429	1.0
YJL104W	439	6002.0	866	15.0	6.0	407.0	354.0	44.0	216.0	53.0	218.0	0.7755748083972009	0.9170276574475175	0.9956681106297901	0.9958347217594136	0.9971676107964011	0.9991669443518827
YJL105W	3	3.0	1	703.5	41.25	1249.0	104.0	1249.0	104.0	1249.0	104.0	0.3333333333333333	0.3333333333333333	0.3333333333333333	0.6666666666666666	0.6666666666666666	1.0
YJL106W	21	24.0	2	172.0	36.666666666656965	814.0	188.0	810.5	162.7999999999999	814.0	188.0	0.08333333333333333	0.6666666666666666	0.125	1.0	0.20833333333333334	1.0
YJL107C	14	21.0	4	9.875	14.39999999999418	108.0	1383.0	108.0	1348.8999999999999	108.0	1383.0	0.9047619047619048	0.7619047619047619	1.0	0.7619047619047619	1.0	0.8095238095238095
YJL108C	34	47.0	4	822.75	13.0	1267.0	236.0	1264.7666666666667	236.0	1267.0	236.0	0.3191489361702128	0.851063829787234	0.3617021276595745	0.851063829787234	0.3617021276595745	1.0
YJL110C	279	1782.0	198	4.0	26.0	502.0	203.0	115.0	129.0	128.0	193.36000000000013	0.8653198653198653	0.7687991021324355	0.9977553310886644	0.9854096520763187	0.999438832772166	1.0
YJL111W	464	4620.0	741	0.0	35.0	101.0	382.0	65.0	199.0	71.0	205.0	0.9147186147186147	0.65	1.0	0.956060606060606	1.0	0.9913419913419913
YJL112W	157	920.0	188	10.0	4.0	385.0	185.0	52.0	151.0	84.0	170.94999999999993	0.8673913043478261	0.9184782608695652	0.9880434782608696	1.0	0.9967391304347826	1.0
YJL115W	357	1815.0	191	17.0	54.0	3806.0	176.0	84.0	140.0	179.39999999999964	150.0	0.8148760330578513	0.3972451790633609	0.9691460055096419	0.6936639118457301	0.9895316804407713	1.0
YJL116C	67	89.0	6	14.0	184.0	225.0	400.0	217.0	365.0	221.88	398.44	0.9101123595505618	0.12359550561797752	1.0	0.29213483146067415	1.0	0.3595505617977528
YJL117W	443	3958.0	708	16.0	140.0	851.0	3762.0	92.0	174.0	97.0	194.76000000000022	0.631632137443153	0.48736735725113695	0.9957049014653866	0.48863062152602327	0.9992420414350682	0.4896412329459323
YJL118W	36	88.0	17	3.0	6.0	1103.0	249.0	228.89999999999984	182.0	1103.0	182.0	0.9431818181818182	0.9772727272727273	0.9431818181818182	0.9772727272727273	0.9431818181818182	1.0
YJL119C	78	111.0	8	6.0	78.75	1614.0	2091.0	396.74999999999994	1263.0	903.9600000000007	1702.4300000000003	0.8108108108108109	0.5675675675675675	0.8828828828828829	0.5675675675675675	0.9279279279279279	0.6936936936936937
YJL120W	5	3.0	2	207.75	645.0	699.0	1127.0	699.0	1127.0	699.0	1127.0	0.6666666666666666	0.6666666666666666	0.6666666666666666	0.6666666666666666	0.6666666666666666	0.6666666666666666
YJL121C	496	3325.0	186	28.0	9.269230769219575	2419.0	3467.0	42.0	137.0	70.0	256.6111111111111	0.5633082706766918	0.7557894736842106	0.989172932330827	0.9296240601503759	0.9939849624060151	0.9669172932330827
YJL122W	417	2152.0	236	18.0	27.0	2319.0	512.0	41.0	155.0	48.0	161.0	0.8912639405204461	0.5422862453531598	0.9976765799256505	0.8513011152416357	0.9981412639405205	0.9962825278810409
YJL123C	204	781.0	78	10.0	68.0	1662.0	1097.0	53.0	137.47499999999997	439.0	253.45999999999995	0.795134443021767	0.36235595390524966	0.9820742637644047	0.5723431498079385	0.9859154929577465	0.9859154929577465
YJL124C	881	6470.0	591	27.0	107.0	3458.0	321.0	177.0	230.0	195.0	237.0	0.6876352395672334	0.7030911901081917	0.9234930448222566	0.7035548686244204	0.9508500772797527	0.7187017001545595
YJL125C	134	250.0	17	15.0	24.0	69.0	134.0	56.666666666666664	109.0	64.0	131.33333333333334	0.976	0.508	1.0	0.852	1.0	1.0
YJL126W	82	216.0	39	24.0	0.1764705882233102	859.0	163.0	60.39999999999998	124.0	856.0	142.0	0.6666666666666666	0.9675925925925926	0.9351851851851852	0.9953703703703703	0.9768518518518519	1.0
YJL127C	62	106.0	13	8.5	516.0	122.0	1569.0	95.0	1012.7999999999997	111.35999999999996	1299.079999999999	0.8867924528301887	0.5	0.9811320754716981	0.5	1.0	0.5
YJL127C-B	259	423.0	18	1254.25	12.0	2614.0	868.0	2580.35	295.69999999999993	2601.912	461.5666666666666	0.3900709219858156	0.7612293144208038	0.5484633569739953	0.8794326241134752	0.6099290780141844	0.983451536643026
YJL127W-A	4	2.0	1	25.0	107.0	2203.0	519.0	2203.0	519.0	2203.0	519.0	0.5	0.5	1.0	0.5	1.0	0.5
YJL128C	158	400.0	30	12.0	99.0	504.0	315.0	248.66666666666666	211.0	497.5	234.0	0.9	0.5875	0.955	0.7175	0.965	0.77
YJL129C	7	9.0	3	10.0	6.0	303.0	70.0	303.0	70.0	303.0	70.0	1.0	1.0	1.0	1.0	1.0	1.0
YJL131C	94	210.0	14	9.0	39.39999999999418	178.0	1423.0	40.0	394.0	62.40000000000006	768.6000000000003	0.9523809523809523	0.6904761904761905	0.9952380952380953	0.8571428571428571	0.9952380952380953	0.861904761904762
YJL132W	41	75.0	9	14.0	27.0	36.0	1310.0	34.0	160.16666666666666	36.0	1023.0	1.0	0.6	1.0	0.9466666666666667	1.0	0.96
YJL133C-A	286	2056.0	204	19.0	2.0	884.0	3237.0	48.0	179.0	58.6266666666667	180.0	0.8793774319066148	0.9956225680933852	0.9985408560311284	0.9985408560311284	0.9985408560311284	0.9990272373540856
YJL133W	220	636.0	34	45.0	21.0	244.0	296.0	152.39999999999986	148.0	167.0	158.0	0.4606918238993711	0.6682389937106918	0.6871069182389937	0.9968553459119497	0.9921383647798742	1.0
YJL134W	115	361.0	38	23.5	87.75	415.0	207.0	194.39999999999986	127.0	309.7466666666666	161.89	0.7229916897506925	0.45429362880886426	0.9224376731301939	0.47645429362880887	0.9445983379501385	0.9390581717451524
YJL135W	3	4.0	2	89.5	52.0	104.0	1313.0	104.0	1313.0	104.0	1313.0	0.5	0.75	0.5	0.75	0.75	1.0
YJL136C	1416	23883.0	1390	16.0	19.0	2608.0	3236.0	59.0	164.0	76.0	164.0	0.8272411338609053	0.8002763471925638	0.9786458987564376	0.9933844156931709	0.9988694887576938	0.995436084244023
YJL137C	120	278.0	25	40.846153846156085	16.0	1169.0	1685.0	94.0	304.29999999999995	307.3199999999998	1293.2399999999602	0.5503597122302158	0.7877697841726619	0.8057553956834532	0.8920863309352518	0.9820143884892086	0.9388489208633094
YJL138C	723	3694.0	159	17.0	14.0	2605.0	287.0	77.0	239.0	106.22499999999997	258.0	0.8576069301570114	0.8987547374120195	0.9880887926367081	0.969139144558744	0.9986464537087169	0.9907958852192745
YJL139C	228	902.0	208	0.0	697.0	275.0	921.0	134.6	837.0	241.96000000000004	846.0	0.729490022172949	0.4279379157427938	0.9168514412416852	0.6596452328159645	0.9645232815964523	0.688470066518847
YJL140W	248	1183.0	354	5.0	64.0	3915.0	790.0	114.0	139.0	127.46461538461546	142.0	0.9070160608622148	0.702451394759087	0.9628064243448858	0.7286559594251902	0.9991546914623838	0.9932375316990701
YJL141C	50	80.0	6	12.0	5.0	272.0	350.0	219.0	176.0	272.0	350.0	0.125	0.1	0.825	0.375	0.95	0.975
YJL142C	149	179.0	9	1571.944444444438	3.75	2451.0	202.0	2313.65	20.549999999999983	2439.11	110.88666666666758	0.08379888268156424	0.9888268156424581	0.13966480446927373	0.9888268156424581	0.17318435754189945	0.9888268156424581
YJL143W	1104	27329.0	5715	0.0	78.0	256.0	4163.0	55.0	307.0	60.0	374.0	0.9894617439350141	0.6338687840755242	0.9997438618317538	0.6633246734238355	0.9997438618317538	0.9070218449266347
YJL144W	42	128.0	43	0.6666666666569654	4.0	1293.0	251.0	1234.0	239.39999999999998	1293.0	250.10399999999998	0.8671875	1.0	0.90625	1.0	0.90625	1.0
YJL145W	120	247.0	30	41.0	22.0	1561.0	868.0	94.0	113.0	1069.0900000000001	863.7466666666667	0.5182186234817814	0.7125506072874493	0.902834008097166	0.9595141700404858	0.9878542510121457	0.9635627530364372
YJL146W	92	120.0	5	19.0	93.0	747.0	278.0	178.0	244.5	499.899999999999	259.79999999999995	0.775	0.6916666666666667	0.9166666666666666	0.7166666666666667	0.9666666666666667	0.8
YJL147C	101	181.0	13	14.0	60.0	454.0	323.0	120.24999999999994	236.89999999999998	383.85999999999956	308.0	0.9226519337016574	0.5027624309392266	0.9668508287292817	0.5027624309392266	0.9723756906077348	1.0
YJL148W	719	7663.0	964	2.0	142.0	170.0	1577.0	72.0	269.0	79.0	502.2399999999943	0.9808169124363826	0.2853973639566749	0.9976510505024142	0.31645569620253167	0.999608508417069	0.46483100613336814
YJL149W	37	61.0	6	16.125	6.0	299.0	95.0	60.04999999999996	78.84999999999994	299.0	94.23	0.8524590163934426	0.9508196721311475	0.9672131147540983	1.0	0.9672131147540983	1.0
YJL150W	2	2.0	1	0.0	7.0	43.0	2013.0	43.0	2013.0	43.0	2013.0	1.0	1.0	1.0	1.0	1.0	1.0
YJL151C	544	13765.0	3778	0.0	4.0	2917.0	2178.0	48.0	74.0	62.78333333333345	130.0	0.9749364329822012	0.9759535052669814	0.9968761351253178	0.9893207410098075	0.9970214311660007	0.9973120232473666
YJL152W	3	4.0	2	754.0	94.0	1940.0	546.0	1940.0	546.0	1940.0	546.0	0.5	0.75	0.5	0.75	0.5	0.75
YJL153C	12	15.0	2	868.25	11.5	1106.0	145.0	1047.75	145.0	1106.0	145.0	0.4666666666666667	1.0	0.4666666666666667	1.0	0.5333333333333333	1.0
YJL154C	56	76.0	5	17.0	22.166666666671517	148.0	180.0	91.7	141.9000000000002	142.01999999999987	180.0	0.8552631578947368	0.7236842105263158	0.9736842105263158	0.9473684210526315	1.0	0.9605263157894737
YJL155C	121	245.0	15	34.0	14.0	189.0	291.0	187.0	194.0	187.0	233.15000000000003	0.7061224489795919	0.8571428571428571	0.9877551020408163	0.9387755102040817	1.0	0.9959183673469387
YJL156C	44	58.0	6	45.0	13.0	85.0	535.0	82.54285714285713	451.7999999999997	84.68	534.6	0.5	0.7413793103448276	0.7586206896551724	0.9137931034482759	1.0	0.9310344827586207
YJL157C	6	1.0	1	4.5	0.5	57.0	160.0	52.5	159.7	52.9	159.94	1.0	1.0	1.0	1.0	1.0	1.0
YJL158C	1960	20602.0	826	8.0	91.0	204.0	416.0	47.0	262.0	53.0	337.0	0.9620910591204738	0.3052616250849432	0.9993204543248229	0.4943209397145908	0.9999514610232016	0.8360838753519075
YJL159W	755	26713.0	7290	3.0	6.315298507455736	946.0	1305.0	69.0	321.0	69.0	340.0	0.9764908471530716	0.8748549395425448	0.9942724516153184	0.9772769812450867	0.9997753902594243	0.9843521880732228
YJL160C	5	6.0	2	30.0	48.33333333332848	33.0	156.0	33.0	156.0	33.0	156.0	0.6666666666666666	0.3333333333333333	1.0	0.5	1.0	1.0
YJL161W	65	185.0	22	14.5	16.785714285710128	788.0	1169.0	153.875	327.53846153846155	671.850000000001	1008.0384615384622	0.7783783783783784	0.772972972972973	0.9297297297297298	0.9297297297297298	0.9405405405405406	0.9297297297297298
YJL162C	20	35.0	7	2.0	43.58333333332848	84.0	189.0	77.0	176.0	84.0	189.0	0.8	0.7428571428571429	1.0	0.7428571428571429	1.0	1.0
YJL163C	111	249.0	16	46.0	18.0	107.0	169.0	83.0	132.1333333333333	107.0	162.03999999999996	0.4497991967871486	0.714859437751004	0.9558232931726908	0.9156626506024096	1.0	0.9839357429718876
YJL164C	215	394.0	27	23.0	25.0	454.0	432.0	280.0	410.0	312.48000000000013	429.68	0.5152284263959391	0.46446700507614214	0.8274111675126904	0.8045685279187818	0.9593908629441624	0.8223350253807107
YJL165C	16	22.0	4	22.0	20.0	177.0	103.0	172.79999999999998	97.6	177.0	103.0	0.6363636363636364	0.7727272727272727	0.8636363636363636	0.8636363636363636	1.0	1.0
YJL166W	509	3247.0	235	15.0	14.0	1490.0	337.0	102.0	212.0	111.0	233.0	0.7779488758854327	0.7234370187865722	0.9898367724052972	0.7825685247921158	0.9990760702186634	0.9981521404373268
YJL167W	365	6051.0	662	4.0	11.0	565.0	797.0	64.0	121.0	108.0	129.0	0.9686002313667162	0.9953726656750951	0.9874400925466865	0.9986779044785986	0.9993389522392992	0.9995042141794744
YJL168C	114	266.0	26	0.0	70.0	389.0	252.0	109.0	213.77777777777777	347.0	225.0	0.8571428571428571	0.5789473684210527	0.9548872180451128	0.7406015037593985	0.9736842105263158	1.0
YJL170C	94	8.0	2	26.666666666671517	10.0	327.0	136.0	111.6	45.0	113.52	45.0	0.375	1.0	0.75	1.0	1.0	1.0
YJL171C	130	1131.0	331	13.5	0.0	231.0	668.0	48.0	180.0	54.460000000000036	526.740000000008	0.9398762157382847	0.9584438549955792	0.9964633068081344	0.9602122015915119	0.9982316534040672	0.9699381078691424
YJL172W	72	145.0	10	11.0	26.0	101.0	187.0	41.333333333333336	150.0	45.90000000000066	187.0	0.9310344827586207	0.6689655172413793	0.993103448275862	0.8482758620689655	1.0	0.8482758620689655
YJL173C	178	710.0	116	5.0	0.0	59.0	198.0	31.0	153.0	54.799999999999955	161.39999999999986	0.9450704225352112	0.8070422535211268	0.9985915492957746	0.8619718309859155	1.0	0.9971830985915493
YJL174W	357	2069.0	172	6.0	24.0	331.0	440.0	134.0	250.0	151.0	313.0	0.8864185596906718	0.5567907201546641	0.9705171580473658	0.7902368293861769	0.9927501208313195	0.9516674722087965
YJL175W	3	4.0	2	76.5	0.0	2289.0	415.0	2289.0	415.0	2289.0	415.0	0.5	1.0	0.5	1.0	1.0	1.0
YJL176C	67	129.0	14	15.89999999999418	9.0	150.0	284.0	64.0	263.4	86.0099999999995	284.0	0.8527131782945736	0.7131782945736435	0.9844961240310077	0.7751937984496124	1.0	0.8217054263565892
YJL177W	1569	37552.0	4136	6.0	18.0	2075.0	792.0	81.0	118.0	105.0	138.0	0.8418992330634854	0.7765498508734555	0.9109767788666383	0.9897209203238176	0.9980027694929697	0.996058798466127
YJL178C	244	1175.0	162	22.0	7.125	636.0	178.0	38.0	123.0	44.9	125.0	0.6297872340425532	0.7514893617021277	0.9940425531914894	0.9531914893617022	0.9940425531914894	1.0
YJL179W	358	4675.0	1101	12.0	0.0	1186.0	2643.0	92.0	143.0	95.0	157.0	0.8162566844919786	0.9807486631016042	0.9959358288770054	0.9927272727272727	0.9993582887700535	0.9982887700534759
YJL180C	124	514.0	51	10.0	0.0	72.0	128.0	45.32727272727272	122.0	56.08000000000004	128.0	0.7957198443579766	0.9182879377431906	0.9902723735408561	0.9961089494163424	1.0	1.0
YJL181W	48	204.0	33	30.0	4.0	228.0	1271.0	62.0	97.2857142857142	88.14000000000007	113.46000000000001	0.6862745098039216	0.946078431372549	0.9558823529411765	0.9901960784313726	0.9950980392156863	0.9950980392156863
YJL183W	153	1161.0	532	10.0	0.0	671.0	177.0	75.0	113.0	277.0100000000009	146.85333333333347	0.9646856158484065	0.9371231696813093	0.9801894918173988	0.9827734711455641	0.9879414298018949	1.0
YJL184W	301	1582.0	142	10.0	5.875	254.0	1624.0	62.0	98.0	213.0	145.5733333333334	0.8950695322376738	0.9058154235145386	0.9601769911504425	0.97724399494311	0.9620733249051833	0.9905183312262958
YJL185C	51	96.0	7	16.0	19.0	240.0	328.0	231.0	292.7	240.0	328.0	0.75	0.8229166666666666	0.7916666666666666	0.9270833333333334	0.8958333333333334	0.9479166666666666
YJL186W	327	5774.0	1955	0.0	3.0	1419.0	1235.0	39.0	128.51929824561404	95.0	146.67157894736843	0.9553169379979217	0.9255282299965362	0.9800831312781434	0.9920332525112574	0.9913404918600623	0.9968825770696225
YJL187C	54	98.0	15	76.0	0.0	721.0	222.0	611.0	201.0	718.12	220.07999999999998	0.3877551020408163	0.8163265306122449	0.5510204081632653	0.8877551020408163	0.9489795918367347	0.9591836734693877
YJL189W	17	13.0	2	11.0	32.33333333332848	604.0	3651.0	537.8499999999999	3303.9999999999995	604.0	3651.0	0.8461538461538461	0.23076923076923078	0.8461538461538461	0.8461538461538461	0.8461538461538461	0.8461538461538461
YJL190C	1102	14516.0	644	8.0	14.224390243907692	113.0	322.0	36.0	189.0	45.0	195.0	0.9719619729953155	0.7294020391292367	0.9978644254615596	0.8207495177734914	1.0	0.9993799944888399
YJL191W	791	23282.0	6017	9.0	1.0	107.0	327.0	39.0	107.0	48.0	174.71466666666674	0.9680439824757323	0.9669272399278412	0.9997422901812559	0.9841508461472382	1.0	0.9913667210720728
YJL192C	267	693.0	51	27.0	22.0	71.0	166.0	40.0	127.0	64.45200000000018	152.56666666666683	0.6233766233766234	0.696969696969697	1.0	0.9725829725829725	1.0	1.0
YJL193W	60	170.0	24	13.0	45.66666666667152	326.0	171.0	29.0	149.5	310.80000000000035	169.4000000000001	0.9294117647058824	0.6588235294117647	0.9647058823529412	0.7470588235294118	0.9647058823529412	1.0
YJL194W	38	70.0	11	0.0	9.0	84.0	152.0	77.33333333333333	140.0	82.79999999999998	150.39999999999998	0.7142857142857143	0.9428571428571428	1.0	0.9571428571428572	1.0	0.9714285714285714
YJL195C	1	1.0	1	0.0	0.0	284.0	775.0	284.0	775.0	284.0	775.0	1.0	1.0	1.0	1.0	1.0	1.0
YJL196C	162	1017.0	320	6.0	1.0	209.0	242.0	56.0	140.64999999999998	132.9500000000006	141.55333333333337	0.8711897738446411	0.9154375614552606	0.9882005899705014	0.9941002949852508	0.9891838741396264	0.9960668633235005
YJL197W	21	23.0	2	14.0	10.916666666671517	111.0	210.0	96.69999999999996	149.54999999999978	111.0	210.0	0.782608695652174	0.7391304347826086	0.9565217391304348	0.9565217391304348	1.0	0.9565217391304348
YJL198W	114	383.0	50	28.0	20.0	106.0	215.0	73.0	130.0	80.23333333333339	173.56000000000003	0.6266318537859008	0.835509138381201	0.9947780678851175	0.9712793733681462	1.0	0.9973890339425587
YJL199C	51	101.0	13	370.0	7.0	924.0	522.0	385.09999999999997	233.35999999999999	657.2699999999973	432.57999999999913	0.39603960396039606	0.9405940594059405	0.39603960396039606	0.9900990099009901	0.4752475247524752	0.9900990099009901
YJL200C	83	201.0	54	0.0	3.0	146.0	281.0	101.89999999999998	182.0	124.98000000000002	242.62000000000035	0.8507462686567164	0.6616915422885572	0.9402985074626866	0.900497512437811	0.9900497512437811	0.9751243781094527
YJL201W	108	307.0	25	22.0	10.6875	1088.0	232.0	35.299999999999955	143.0	717.4400000000041	186.86	0.6156351791530945	0.8013029315960912	0.9804560260586319	0.9153094462540716	0.9869706840390879	0.9641693811074918
YJL203W	166	233.0	10	22.0	134.0	422.0	2063.0	54.0	282.0	119.73999999999722	2057.19	0.6738197424892703	0.37339055793991416	0.9871244635193133	0.5965665236051502	0.9914163090128756	0.6652360515021459
YJL204C	23	28.0	3	10.0	7.0	233.0	291.0	55.59999999999999	237.89999999999986	134.9999999999996	291.0	0.8928571428571429	0.8571428571428571	1.0	0.9285714285714286	1.0	0.9285714285714286
YJL205C	316	732.0	57	12.0	9.0	2514.0	254.0	53.0	190.0	322.799999999997	212.85818181818178	0.8743169398907104	0.6857923497267759	0.9726775956284153	0.8538251366120219	0.98224043715847	0.9972677595628415
YJL206C	32	41.0	5	69.0	7.166666666664241	417.0	88.0	390.6999999999999	87.0	417.0	88.0	0.4634146341463415	0.9024390243902439	0.5121951219512195	1.0	0.7560975609756098	1.0
YJL208C	198	469.0	35	15.0	74.46875	103.0	1326.0	68.0	288.0	88.43	710.1800000000001	0.7718550106609808	0.5053304904051172	0.8805970149253731	0.605543710021322	1.0	0.837953091684435
YJL209W	33	67.0	13	26.0	0.0	1243.0	114.0	102.15	100.875	1049.369999999998	114.0	0.7014925373134329	0.9701492537313433	0.9701492537313433	1.0	0.9850746268656716	1.0
YJL210W	231	1195.0	304	85.0	0.0	3339.0	2328.0	229.0	80.0	1107.9333333333332	91.0	0.6083682008368201	0.9698744769874477	0.7079497907949791	0.9924686192468619	0.8192468619246862	0.9933054393305439
YJL211C	3	4.0	2	286.0	62.5	529.0	582.0	529.0	582.0	529.0	582.0	0.5	0.5	0.5	0.5	0.5	1.0
YJL212C	147	313.0	27	18.0	65.0	744.0	550.0	70.0	298.0	96.88000000000011	464.74	0.8817891373801917	0.6038338658146964	0.9680511182108626	0.6869009584664537	0.9968051118210862	0.8210862619808307
YJL213W	40	37.0	2	102.0	111.5	810.0	573.0	480.84999999999997	342.0	810.0	573.0	0.5945945945945946	0.2972972972972973	0.6216216216216216	0.3783783783783784	0.6756756756756757	0.8918918918918919
YJL215C	31	43.0	4	69.09999999999854	2.0	2102.0	2270.0	1613.8	2227.8333333333335	2102.0	2270.0	0.11627906976744186	0.8604651162790697	0.13953488372093023	0.9302325581395349	0.6744186046511628	0.9302325581395349
YJL216C	8	8.0	2	779.0	27.5	2283.0	205.0	2283.0	205.0	2283.0	205.0	0.25	0.75	0.25	0.75	0.25	1.0
YJL217W	479	4465.0	451	84.0	30.0	182.0	380.0	101.0	142.0	167.70000000000073	147.0	0.43561030235162373	0.3659574468085106	0.6188129899216125	0.9928331466965286	0.9690929451287794	0.9991041433370661
YJL218W	89	191.0	39	25.5	6.0	131.0	252.0	86.0	167.0	116.44000000000005	198.37000000000015	0.5235602094240838	0.837696335078534	0.9790575916230366	0.9842931937172775	1.0	1.0
YJR001W	379	1522.0	103	27.0	46.0	265.0	389.0	72.0	137.0	85.0	212.0	0.7174770039421814	0.4908015768725361	0.9500657030223391	0.9349540078843627	0.9967148488830486	0.980946123521682
YJR002W	166	548.0	61	15.0	35.70000000001164	490.0	761.0	32.0	410.0	33.039999999999964	432.0999999999999	0.8284671532846716	0.5182481751824818	0.9945255474452555	0.7372262773722628	0.9945255474452555	0.7645985401459854
YJR003C	76	240.0	46	14.0	0.7659574468270876	843.0	507.0	45.0	134.0	45.29999999999998	356.8999999999995	0.6875	0.8708333333333333	0.9958333333333333	0.9375	0.9958333333333333	0.9833333333333333
YJR004C	30	39.0	4	771.4166666666861	0.0	826.0	238.0	819.2	235.14999999999998	826.0	238.0	0.28205128205128205	0.7948717948717948	0.3333333333333333	0.8205128205128205	0.358974358974359	1.0
YJR005C-A	13	1.0	1	0.5	7.0	49.0	357.0	23.0	311.0	23.0	311.0	1.0	1.0	1.0	1.0	1.0	1.0
YJR005W	142	388.0	30	20.0	227.0	87.0	303.0	65.0	296.0	84.06666666666668	296.0	0.8556701030927835	0.27835051546391754	1.0	0.36855670103092786	1.0	0.43041237113402064
YJR006W	163	538.0	52	4.0	29.0	48.0	367.0	24.0	190.99999999999983	33.0	232.06	0.9869888475836431	0.49814126394052044	1.0	0.9423791821561338	1.0	0.9423791821561338
YJR007W	461	3240.0	306	3.0	53.0	174.0	1698.0	122.0	167.0	136.19999999999982	180.0	0.7441358024691358	0.3558641975308642	0.9814814814814815	0.6802469135802469	1.0	0.9975308641975309
YJR008W	84	110.0	9	74.0	116.36363636364695	1532.0	235.0	567.0	227.0	1532.0	234.8	0.22727272727272727	0.5909090909090909	0.5545454545454546	0.6454545454545455	0.7727272727272727	0.7
YJR009C	976	76140.0	41430	0.0	15.0	549.0	277.0	49.0	138.0	60.0	140.0	0.9709482532177568	0.8574336748095613	0.996401365904912	0.9276070396637772	0.9977541371158393	0.9999080640924612
YJR010C-A	82	159.0	10	21.0	24.0	231.0	3347.0	79.32499999999997	330.0	229.24499999999995	3347.0	0.8301886792452831	0.6729559748427673	0.9748427672955975	0.8679245283018868	0.9748427672955975	0.9748427672955975
YJR010W	17	31.0	5	42.5625	0.0	101.0	181.0	96.78333333333333	179.95	101.0	181.0	0.6129032258064516	0.8709677419354839	0.8709677419354839	0.9354838709677419	1.0	1.0
YJR011C	157	230.0	21	29.0	8.0	781.0	298.0	76.14285714285714	198.0	228.0	287.9199999999996	0.6521739130434783	0.6478260869565218	0.9695652173913043	0.808695652173913	0.9695652173913043	0.9478260869565217
YJR012C	119	182.0	12	10.0	16.0	762.0	1245.0	51.800000000000004	147.8	60.360000000000014	158.72000000000003	0.7472527472527473	0.7637362637362637	0.9945054945054945	0.9285714285714286	0.9945054945054945	0.9945054945054945
YJR013W	157	541.0	122	11.0	1.0	617.0	1188.0	64.0	101.0	398.5400000000002	1060.6800000000028	0.8761552680221811	0.9482439926062847	0.9796672828096118	0.9630314232902033	0.9833641404805915	0.9630314232902033
YJR014W	636	3244.0	197	30.0	106.0	1556.0	526.0	75.0	349.0	125.55999999999995	356.0	0.6381011097410604	0.5200369913686806	0.9892108508014796	0.5225030826140568	0.9913686806411838	0.6365598027127004
YJR015W	65	130.0	13	9.0	84.625	180.0	157.0	41.0	154.0	121.59999999999917	156.0	0.8461538461538461	0.5384615384615384	0.9846153846153847	0.5846153846153846	0.9923076923076923	0.9769230769230769
YJR016C	53	183.0	38	3.2999999999883585	83.48863636364695	67.0	186.0	49.0	168.0	66.50499999999998	171.0	0.9344262295081968	0.6939890710382514	0.9836065573770492	0.7103825136612022	1.0	0.9836065573770492
YJR017C	126	1087.0	383	8.0	1.0	75.0	367.0	26.0	246.0	28.771666666666647	274.01333333333304	0.9714811407543699	0.9733210671573137	0.9981600735970562	0.9972401103955841	1.0	1.0
YJR018W	9	5.0	2	59.0	90.25	298.0	195.0	298.0	194.5	298.0	194.9	0.4	0.4	0.6	0.4	1.0	1.0
YJR019C	45	78.0	8	15.0	6.0	36.0	100.0	35.0	100.0	35.72	100.0	0.8717948717948718	0.9230769230769231	1.0	1.0	1.0	1.0
YJR020W	26	18.0	2	210.33333333331393	464.0	760.0	1037.0	759.2	1033.0	760.0	1037.0	0.16666666666666666	0.1111111111111111	0.16666666666666666	0.16666666666666666	0.16666666666666666	0.6111111111111112
YJR021C	75	187.0	38	15.0	0.0	68.0	285.0	65.0	108.0	67.50666666666666	141.4333333333333	0.8823529411764706	0.9679144385026738	1.0	1.0	1.0	1.0
YJR024C	2	2.0	1	5.0	6.0	21.0	77.0	21.0	77.0	21.0	77.0	1.0	1.0	1.0	1.0	1.0	1.0
YJR025C	187	488.0	58	83.0	0.0	347.0	223.0	147.59999999999997	152.0	187.24	206.62	0.3319672131147541	0.9200819672131147	0.6516393442622951	0.9241803278688525	0.7459016393442623	0.9938524590163934
YJR031C	5	11.0	4	12.5	61.83333333331393	99.0	261.0	99.0	261.0	99.0	261.0	1.0	0.8181818181818182	1.0	0.8181818181818182	1.0	0.8181818181818182
YJR032W	69	141.0	28	11.0	0.0	71.0	1838.0	61.0	150.39999999999986	71.0	930.7300000000034	0.8652482269503546	0.8723404255319149	1.0	0.9219858156028369	1.0	0.9645390070921985
YJR033C	1	1.0	1	0.0	0.0	580.0	103.0	580.0	103.0	580.0	103.0	1.0	1.0	1.0	1.0	1.0	1.0
YJR034W	231	612.0	72	16.0	78.0	236.0	279.0	103.0	191.0	107.4342857142857	252.0	0.24509803921568626	0.6862745098039216	0.8218954248366013	0.6911764705882353	0.9967320261437909	0.8839869281045751
YJR035W	14	18.0	3	21.33333333331393	38.0	35.0	155.0	35.0	152.6	35.0	155.0	0.7222222222222222	0.6111111111111112	1.0	1.0	1.0	1.0
YJR036C	17	19.0	2	212.0	25.5	358.0	141.0	358.0	141.0	358.0	141.0	0.3157894736842105	0.10526315789473684	0.42105263157894735	0.631578947368421	0.42105263157894735	1.0
YJR040W	77	143.0	10	20.25	9.0	89.0	397.0	66.46666666666665	90.0	84.85333333333331	129.15999999999804	0.7902097902097902	0.8741258741258742	1.0	0.993006993006993	1.0	0.993006993006993
YJR041C	19	20.0	2	25.0	23.5	124.0	230.0	122.5	222.5	124.0	230.0	0.35	0.6	0.9	0.95	1.0	1.0
YJR042W	131	666.0	73	2.0	40.66666666668607	59.0	236.0	32.0	159.83529411764704	56.0	190.0	0.9834834834834835	0.45045045045045046	1.0	0.7687687687687688	1.0	0.9804804804804805
YJR043C	80	141.0	21	34.0	31.0	194.0	196.0	73.0	174.89999999999998	136.16000000000042	196.0	0.5886524822695035	0.6382978723404256	0.9574468085106383	0.9361702127659575	0.9929078014184397	1.0
YJR044C	235	1689.0	101	14.205882352951448	1.0	2556.0	260.0	98.0	177.0	110.0	197.0499999999995	0.8342214328004737	0.9828300769686205	0.9224393132030787	0.9964476021314387	0.9988158673771462	1.0
YJR045C	567	28915.0	8537	0.0	6.1307184005272575	185.0	1052.0	141.0	225.0	152.0	261.0	0.983676292581705	0.8415009510634619	0.9856475877572194	0.9446999827079371	0.9956078160124503	0.9837800449593637
YJR046W	115	1517.0	362	14.0	0.0	721.0	136.0	69.83714285714285	44.649999999999864	85.0	80.32999999999993	0.8319050758075148	0.9670402109426499	0.930784442979565	0.99340804218853	0.999340804218853	1.0
YJR047C	98	136.0	10	13.0	5.0	1301.0	3166.0	90.39999999999993	114.39999999999998	908.5999999999851	2085.639999999959	0.5367647058823529	0.9632352941176471	0.9191176470588235	0.9632352941176471	0.9852941176470589	0.9852941176470589
YJR048W	375	6034.0	1182	17.592233009752817	4.0	308.0	322.0	70.6987012987013	197.0	92.0	199.0	0.8708982432880344	0.7823997348359297	0.9970169042094796	0.9928737156115346	0.9980112694729865	0.9996685449121644
YJR049C	335	1068.0	59	11.0	80.0	115.0	677.0	40.0	246.39999999999964	56.0	618.0	0.8923220973782772	0.34176029962546817	0.9943820224719101	0.3838951310861423	1.0	0.8614232209737828
YJR050W	74	322.0	58	3.0	7.0	651.0	2047.0	31.0	298.0	322.3599999999908	302.28	0.9782608695652174	0.9316770186335404	0.9875776397515528	0.9937888198757764	0.9875776397515528	0.9937888198757764
YJR051W	494	1892.0	62	51.0	33.0	1187.0	452.0	69.0	244.0	80.0	352.0	0.6802325581395349	0.6173361522198731	0.985200845665962	0.928646934460888	0.9973572938689218	0.9439746300211417
YJR052W	113	201.0	9	39.16666666662786	11.0	82.0	92.0	68.24999999999994	71.0	81.49000000000001	75.0	0.736318407960199	0.9502487562189055	0.8308457711442786	1.0	1.0	1.0
YJR053W	4	7.0	2	31.125	851.75	86.0	1901.0	86.0	1901.0	86.0	1901.0	0.5714285714285714	0.2857142857142857	1.0	0.2857142857142857	1.0	0.2857142857142857
YJR054W	73	99.0	6	61.0	19.875	2092.0	498.0	1502.8999999999994	194.0	2092.0	389.2900000000004	0.30303030303030304	0.5858585858585859	0.696969696969697	0.696969696969697	0.8282828282828283	0.9494949494949495
YJR055W	57	196.0	38	0.0	14.50819672131911	70.0	443.0	54.0	438.0	64.15999999999997	439.08	0.9132653061224489	0.7806122448979592	0.9948979591836735	0.9387755102040817	1.0	0.9693877551020408
YJR056C	138	263.0	15	41.60714285715949	16.0	226.0	204.0	198.0	152.7	204.0	170.0	0.43346007604562736	0.779467680608365	0.9847908745247148	0.9885931558935361	1.0	1.0
YJR057W	62	191.0	54	12.0	0.0	206.0	2030.0	28.0	733.6999999999886	40.31000000000003	1308.890000000002	0.9267015706806283	0.900523560209424	0.9947643979057592	0.9109947643979057	1.0	0.9476439790575916
YJR058C	662	4339.0	415	51.0	0.0	294.0	543.0	260.0	59.0	281.0	140.0	0.6088960589997695	0.9847891219174925	0.7603134362756395	0.9896289467619267	0.8826918644849043	0.9923945609587462
YJR059W	20	29.0	4	24.66666666662786	68.5	114.0	210.0	98.79999999999995	206.2	114.0	210.0	0.6896551724137931	0.6896551724137931	0.9655172413793104	0.6896551724137931	1.0	1.0
YJR060W	237	1787.0	370	9.0	0.0	284.0	2084.0	122.0	611.0	125.0	617.0	0.7638500279798545	0.8500279798545047	0.8623391158365976	0.9709009513150532	0.9966424174594292	0.9709009513150532
YJR062C	150	226.0	12	8.0	362.66666666662786	81.0	1561.0	52.0	1169.1999999999998	71.12000000000012	1561.0	0.9247787610619469	0.27876106194690264	0.9823008849557522	0.3495575221238938	1.0	0.37610619469026546
YJR063W	352	1497.0	126	19.0	21.717741935513914	79.0	235.0	49.599999999999454	163.0	62.0	226.89749999999998	0.8016032064128257	0.5738142952571811	1.0	0.9599198396793587	1.0	0.9993319973279893
YJR064W	362	6630.0	453	14.0	7.0	83.0	158.0	68.93548387096774	61.0	69.0	137.3999999999976	0.8675716440422323	0.9856711915535445	1.0	0.9895927601809955	1.0	0.9895927601809955
YJR065C	376	4440.0	679	14.0	2.0	802.0	365.0	52.0	201.6	67.0	299.0	0.9315315315315316	0.8824324324324324	0.9997747747747747	0.9484234234234235	0.9997747747747747	0.9747747747747748
YJR067C	176	356.0	19	10.0	17.0	94.0	1693.0	29.799999999999955	366.0	38.81999999999999	1680.93	0.9466292134831461	0.7471910112359551	0.9943820224719101	0.7893258426966292	1.0	0.9073033707865169
YJR068W	75	136.0	11	22.0	3.0	79.0	121.0	70.0	79.0	73.79999999999995	116.43999999999983	0.4485294117647059	0.9338235294117647	0.8161764705882353	1.0	1.0	1.0
YJR069C	490	2755.0	164	18.0	10.0	78.0	347.0	52.0	157.0	71.0	203.0	0.8954627949183304	0.9517241379310345	1.0	0.9818511796733213	1.0	1.0
YJR070C	610	6123.0	1064	52.0	0.0	1567.0	234.0	93.0	130.0	107.0	144.0	0.601339212804181	0.9196472317491425	0.7097827862159072	0.9795851706679732	0.9972235832108444	0.9996733627306875
YJR072C	435	2613.0	262	19.099999999976717	0.0	852.0	1476.0	54.0	95.0	57.0	299.0	0.8025258323765786	0.9326444699579028	0.9965556831228473	0.9651741293532339	0.9977037887485649	0.965556831228473
YJR073C	415	2526.0	254	10.0	25.0	837.0	1418.0	42.0	128.0	101.6399999999976	155.0	0.9833729216152018	0.6080760095011877	0.9889152810768013	0.9699129057798892	0.9908946951702297	0.9980205859065716
YJR074W	15	16.0	3	731.5	25.5	774.0	133.0	750.7	133.0	766.64	133.0	0.3125	0.5	0.375	0.9375	0.375	1.0
YJR075W	282	1377.0	317	15.0	26.153061224496923	733.0	327.0	67.2636363636363	255.0	97.0	270.97500000000014	0.8896151053013798	0.6078431372549019	0.9941902687000727	0.7175018155410312	0.9985475671750181	0.7864923747276689
YJR076C	83	341.0	60	41.0	0.0	329.0	171.0	81.0	144.49999999999997	183.45999999999265	158.08999999999997	0.39296187683284456	0.9442815249266863	0.9706744868035191	0.9970674486803519	0.9912023460410557	1.0
YJR077C	575	4407.0	162	22.0	17.0	468.0	254.0	52.0	197.0	64.0	211.0	0.5690946221919673	0.730428863172226	0.9977308826866349	0.9509870660313138	0.9977308826866349	0.998638529611981
YJR078W	3	3.0	1	289.5	0.0	386.0	217.0	386.0	217.0	386.0	217.0	0.3333333333333333	1.0	0.3333333333333333	1.0	0.6666666666666666	1.0
YJR080C	219	984.0	62	15.25	12.0	210.0	225.0	83.0	167.0	83.0	167.86399999999998	0.8729674796747967	0.7713414634146342	0.9146341463414634	0.9898373983739838	0.9979674796747967	1.0
YJR082C	351	1432.0	175	22.0	1.0	1324.0	278.0	157.0	205.0	161.18000000000006	222.0	0.7213687150837989	0.9692737430167597	0.9622905027932961	0.986731843575419	0.99231843575419	0.9895251396648045
YJR083C	144	388.0	60	12.0	31.0	45.0	957.0	42.0	155.1999999999988	43.0	891.0	0.8427835051546392	0.7345360824742269	1.0	0.9458762886597938	1.0	0.9510309278350515
YJR084W	64	138.0	18	16.0	117.0	103.0	280.0	43.0	158.6	74.84000000000015	274.9333333333334	0.9565217391304348	0.427536231884058	0.9927536231884058	0.427536231884058	1.0	0.6086956521739131
YJR085C	366	3290.0	389	7.0	26.0	396.0	188.0	59.0	95.0	67.19999999999997	97.0	0.9288753799392098	0.5592705167173252	1.0	0.9969604863221885	1.0	0.9993920972644377
YJR086W	108	5.0	2	0.0	29.0	419.0	1038.0	32.0	52.0	32.0	52.0	1.0	0.6	1.0	1.0	1.0	1.0
YJR088C	217	565.0	54	18.0	142.0	733.0	661.0	56.92857142857143	279.0	66.70000000000005	313.0	0.8707964601769912	0.4672566371681416	0.9964601769911504	0.4761061946902655	0.9964601769911504	0.479646017699115
YJR089W	18	21.0	3	50.0	12.25	145.0	245.0	140.04999999999998	173.49999999999991	145.0	245.0	0.38095238095238093	0.7619047619047619	0.7619047619047619	0.9523809523809523	1.0	0.9523809523809523
YJR090C	11	11.0	1	15.0	42.75	294.0	278.0	294.0	272.6499999999999	294.0	278.0	0.9090909090909091	0.5454545454545454	0.9090909090909091	0.8181818181818182	0.9090909090909091	0.9090909090909091
YJR091C	4	7.0	4	40.5	1.5	70.0	283.0	70.0	283.0	70.0	283.0	0.5714285714285714	1.0	1.0	1.0	1.0	1.0
YJR092W	1	1.0	1	0.0	0.0	24.0	123.0	24.0	123.0	24.0	123.0	1.0	1.0	1.0	1.0	1.0	1.0
YJR093C	132	414.0	81	8.0	5.0	90.0	972.0	85.0	948.0	88.0	971.088	0.6352657004830918	0.8454106280193237	0.9444444444444444	0.8647342995169082	1.0	0.8719806763285024
YJR094C	8	15.0	4	35.0	8.5	203.0	172.0	202.0	172.0	203.0	172.0	0.6666666666666666	1.0	1.0	1.0	1.0	1.0
YJR094W-A	454	4387.0	785	12.0	6.0	128.0	265.0	45.0	147.0	90.0	154.6300000000001	0.9193070435377251	0.8956006382493732	0.9803966263961705	0.9949851834966947	0.9997720537953043	0.9986323227718259
YJR095W	2	4.0	3	21.75	0.0	126.0	193.0	126.0	193.0	126.0	193.0	0.75	1.0	1.0	1.0	1.0	1.0
YJR096W	96	116.0	7	45.0	8.0	645.0	134.0	177.2999999999999	98.0	645.0	101.68	0.27586206896551724	0.9913793103448276	0.75	1.0	0.8362068965517241	1.0
YJR097W	71	125.0	17	33.5	50.0	109.0	629.0	105.0	189.7058823529412	107.5	385.5	0.384	0.224	0.976	0.416	1.0	0.904
YJR098C	29	29.0	2	59.75	66.5	220.0	234.0	99.0	234.0	220.0	234.0	0.3793103448275862	0.06896551724137931	0.5172413793103449	0.10344827586206896	0.9655172413793104	0.3103448275862069
YJR099W	206	650.0	80	35.0	48.0	477.0	1453.0	117.0	128.5	172.0	252.0	0.19384615384615383	0.4707692307692308	0.5584615384615385	0.803076923076923	0.96	0.98
YJR100C	122	538.0	69	37.0	0.0	434.0	896.0	83.36666666666666	83.47999999999998	240.0400000000001	100.24000000000012	0.42936802973977695	0.9776951672862454	0.8921933085501859	0.9907063197026023	0.9758364312267658	0.9981412639405205
YJR101W	188	771.0	123	55.70833333337214	12.0	120.0	169.0	96.0	158.0	97.0	160.0	0.5836575875486382	0.9234760051880675	0.74189364461738	0.9831387808041504	1.0	0.9831387808041504
YJR102C	142	237.0	20	66.83333333337214	40.25	289.0	196.0	164.1749999999999	166.0	280.78	185.26	0.42616033755274263	0.6497890295358649	0.5949367088607594	0.9704641350210971	0.9578059071729957	1.0
YJR103W	205	664.0	52	42.05263157899026	7.0	196.0	1096.0	78.0	83.0	184.0	117.86000000000001	0.4006024096385542	0.9578313253012049	0.6596385542168675	0.9909638554216867	0.9713855421686747	0.9924698795180723
YJR104C	1095	71354.0	18835	1.0	6.0	1587.0	1907.0	47.0	78.0	57.0	84.0	0.9670936457661798	0.9920396894357709	0.9911567676654427	0.9972811615326401	0.9912828993469182	0.9996216049555736
YJR105W	453	10399.0	1406	6.0	2.0	1202.0	1765.0	62.0	50.0	177.0	58.0	0.8370035580344264	0.994999519184537	0.9865371670352918	0.9993268583517646	0.9869218194057121	0.9999038369073949
YJR106W	45	58.0	3	48.0	343.5	183.0	1888.0	154.79999999999993	1421.0	181.64000000000004	1854.0800000000008	0.10344827586206896	0.1206896551724138	0.20689655172413793	0.13793103448275862	0.4827586206896552	0.13793103448275862
YJR107C-A	226	336.0	26	5.0	1230.0	753.0	1729.0	41.0	1521.4999999999998	614.1199999999999	1677.12	0.8809523809523809	0.3392857142857143	0.9732142857142857	0.43452380952380953	0.9732142857142857	0.6220238095238095
YJR107W	59	96.0	31	526.4375	44.0	2685.0	577.0	2601.68	154.0	2675.5699999999997	382.41999999999666	0.3333333333333333	0.5729166666666666	0.3645833333333333	0.8958333333333334	0.4791666666666667	0.9895833333333334
YJR109C	68	132.0	10	15.0	6.0	117.0	124.0	88.06666666666665	104.0	98.14000000000016	111.7000000000001	0.7272727272727273	0.946969696969697	0.8863636363636364	1.0	1.0	1.0
YJR110W	46	50.0	3	3.6666666666278616	35.0	510.0	273.0	151.0	234.0	510.0	273.0	0.76	0.32	0.9	0.74	0.94	0.94
YJR111C	7	7.0	1	107.5	6.0	131.0	117.0	131.0	117.0	131.0	117.0	0.5714285714285714	0.8571428571428571	0.5714285714285714	1.0	0.5714285714285714	1.0
YJR112W	287	954.0	119	19.0	25.0	102.0	166.0	48.19999999999982	102.0	61.0	134.0	0.859538784067086	0.589098532494759	0.9947589098532494	0.9580712788259959	1.0	0.9979035639412998
YJR112W-A	211	663.0	48	17.199999999953434	18.0	53.0	334.0	53.0	158.0	53.0	231.21142857142857	0.7812971342383107	0.9095022624434389	1.0	0.9487179487179487	1.0	0.9819004524886877
YJR113C	524	2082.0	306	6.0	38.0	1443.0	166.0	269.0	119.0	408.79999999999836	139.0	0.707492795389049	0.5461095100864554	0.9073006724303554	0.952449567723343	0.9250720461095101	1.0
YJR114W	1	1.0	1	0.0	0.0	168.0	50.0	168.0	50.0	168.0	50.0	1.0	1.0	1.0	1.0	1.0	1.0
YJR115W	28	32.0	3	591.0	65.0	1206.0	301.0	823.1999999999995	298.0	1206.0	301.0	0.25	0.40625	0.46875	0.40625	0.46875	1.0
YJR116W	124	187.0	19	86.625	23.16666666662786	188.0	196.0	160.0	172.15	182.51999999999998	192.0	0.42245989304812837	0.6203208556149733	0.679144385026738	0.9358288770053476	0.9679144385026738	1.0
YJR117W	202	423.0	14	13.0	46.0	67.0	1898.0	44.0	157.0	59.0	1192.0	0.9598108747044918	0.4562647754137116	1.0	0.9314420803782506	1.0	0.9858156028368794
YJR118C	236	679.0	66	35.0	19.0	115.0	186.0	82.0	123.0	109.1833333333334	139.0	0.6244477172312224	0.9072164948453608	0.9823269513991163	0.9955817378497791	1.0	1.0
YJR119C	24	39.0	5	18.433333333348855	31.0	99.0	81.0	99.0	81.0	99.0	81.0	0.4358974358974359	0.41025641025641024	0.9230769230769231	1.0	1.0	1.0
YJR121W	1512	48190.0	14398	0.0	32.0	324.0	2735.0	227.0	327.0	232.0	371.0	0.9134467731894584	0.41952687279518575	0.9834405478315003	0.8629591201494086	0.9858269350487653	0.9608424984436605
YJR122W	145	367.0	22	24.0	43.0	2370.0	1429.0	377.0	601.8999999999999	2098.7533333333254	970.1799999999961	0.6158038147138964	0.5395095367847411	0.885558583106267	0.885558583106267	0.9019073569482289	0.9046321525885559
YJR123W	1131	74863.0	31880	13.0	0.0	3549.0	332.0	36.0	129.0	45.0	177.0	0.9224049263320999	0.919212428035211	0.9985306493194235	0.9827818815703352	0.9999198535992413	0.9994790483950683
YJR124C	280	624.0	17	27.0	73.0	279.0	249.0	247.0	198.0	266.84	245.0	0.28525641025641024	0.4358974358974359	0.7980769230769231	0.4951923076923077	0.8733974358974359	0.8413461538461539
YJR125C	173	669.0	97	0.0	8.0	80.0	420.0	70.45555555555555	144.0	74.96499999999992	401.0	0.9775784753363229	0.8878923766816144	1.0	0.9357249626307922	1.0	0.9865470852017937
YJR126C	9	10.0	2	9.0	17.33333333337214	27.0	97.0	27.0	90.0	27.0	95.60000000000001	1.0	0.9	1.0	1.0	1.0	1.0
YJR129C	32	54.0	11	15.0	271.33333333337214	74.0	758.0	63.8	513.8	68.60000000000001	755.6400000000001	0.9814814814814815	0.6111111111111112	1.0	0.7222222222222222	1.0	0.7222222222222222
YJR130C	322	1162.0	101	34.0	47.0	290.0	177.0	81.0	154.0	92.0	168.0	0.49225473321858865	0.4690189328743546	0.9716006884681584	0.9698795180722891	0.9965576592082617	1.0
YJR131W	233	679.0	38	29.0	39.0	305.0	1969.0	66.0	195.0	261.84000000000015	223.84000000000015	0.47128129602356406	0.748159057437408	0.9661266568483063	0.7584683357879234	0.9705449189985272	0.8379970544918999
YJR132W	65	128.0	24	4.0	58.5	124.0	1058.0	67.0	195.3999999999998	124.0	488.59999999999917	0.828125	0.59375	0.96875	0.6875	1.0	0.9609375
YJR133W	177	818.0	248	35.0	3.0	3526.0	136.0	113.0	115.0	216.19999999998663	127.0	0.6479217603911981	0.9584352078239609	0.8288508557457213	1.0	0.9902200488997555	1.0
YJR134C	154	326.0	17	24.0	11.199999999953434	1149.0	159.0	104.39999999999998	114.0	978.48	146.66666666666683	0.6901840490797546	0.8220858895705522	0.9233128834355828	0.9815950920245399	0.9539877300613497	0.9969325153374233
YJR135C	159	225.0	17	42.0	179.69999999995343	542.0	2444.0	61.0	1560.0	149.5	2437.0	0.5288888888888889	0.4533333333333333	0.96	0.5644444444444444	0.9911111111111112	0.64
YJR135W-A	432	1976.0	166	11.0	99.5940594059648	750.0	463.0	46.0	206.0	54.960000000000036	311.9942857142857	0.9271255060728745	0.6062753036437247	0.9984817813765182	0.6543522267206477	0.9984817813765182	0.6675101214574899
YJR136C	30	37.0	4	12.0	9.0	79.0	121.0	66.64999999999998	112.0	77.89000000000001	114.34000000000005	0.918918918918919	1.0	0.9459459459459459	1.0	1.0	1.0
YJR138W	1	1.0	1	0.0	0.0	40.0	121.0	40.0	121.0	40.0	121.0	1.0	1.0	1.0	1.0	1.0	1.0
YJR139C	930	8607.0	849	30.0	7.0	401.0	346.0	112.0	113.0	114.0	125.0	0.6126408737074475	0.8035320088300221	0.9876844428953178	0.9546880446148484	0.9998838154990124	0.9995352619960497
YJR140W-A	11	1.0	1	0.5	435.0	119.0	1255.0	86.4	1239.3	86.88	1251.86	1.0	1.0	1.0	1.0	1.0	1.0
YJR141W	88	132.0	13	20.0	26.0	37.0	1328.0	33.0	1187.9999999999982	37.0	1327.52	0.9242424242424242	0.49242424242424243	1.0	0.7954545454545454	1.0	0.9166666666666666
YJR142W	97	493.0	104	5.0	3.0	1265.0	201.0	73.6499999999997	124.27499999999995	1257.675	188.0	0.9371196754563894	0.9452332657200812	0.949290060851927	0.9574036511156186	0.9675456389452333	1.0
YJR143C	120	234.0	21	26.714285714318976	23.0	2474.0	278.0	87.0	195.0	109.35999999999993	271.0	0.6367521367521367	0.7264957264957265	0.9230769230769231	0.8589743589743589	0.9957264957264957	0.9786324786324786
YJR144W	392	3059.0	210	12.599999999976717	4.0	223.0	303.0	47.0	74.0	67.0	80.0	0.7858777378228179	0.9944426283099052	0.9915004903563256	0.9954233409610984	0.9990192873488069	0.9977116704805492
YJR145C	1263	10525.0	389	10.0	20.0	2176.0	3827.0	49.0	98.0	80.08333333333333	181.0	0.8621377672209026	0.76	0.988978622327791	0.9436579572446556	0.9912589073634205	0.9970546318289786
YJR146W	32	40.0	3	34.0	243.75	841.0	1455.0	737.6666666666666	1406.5	841.0	1455.0	0.1	0.35	0.125	0.5	0.125	0.575
YJR147W	341	913.0	57	50.0	14.0	1152.0	3139.0	146.0	442.0	620.0	1688.8700000000003	0.4600219058050383	0.5334063526834611	0.7075575027382256	0.6955093099671413	0.9605695509309967	0.7524644030668127
YJR148W	505	1727.0	191	32.0	98.0	1651.0	1911.0	130.07499999999993	323.0	1590.64	367.0	0.6178343949044586	0.6965836711059641	0.8905616676317313	0.698320787492762	0.9820497973364215	0.7562246670526925
YJR149W	30	36.0	6	768.0	125.0	3054.0	411.0	1494.7	401.5	3054.0	411.0	0.2777777777777778	0.7222222222222222	0.4444444444444444	0.7222222222222222	0.4444444444444444	0.7222222222222222
YJR150C	5	3.0	2	119.75	1.0	178.0	107.0	178.0	107.0	178.0	107.0	0.6666666666666666	1.0	0.6666666666666666	1.0	0.6666666666666666	1.0
YJR151C	1	1.0	1	0.0	0.0	124.0	59.0	124.0	59.0	124.0	59.0	1.0	1.0	1.0	1.0	1.0	1.0
YJR152W	37	47.0	4	41.83333333337214	19.0	1505.0	849.0	1443.0	148.4999999999999	1505.0	849.0	0.5531914893617021	0.7872340425531915	0.7021276595744681	0.9574468085106383	0.7659574468085106	0.9574468085106383
YJR153W	45	49.0	5	269.0	22.0	1146.0	878.0	431.4999999999985	789.5	1146.0	878.0	0.2857142857142857	0.5102040816326531	0.3877551020408163	0.7755102040816326	0.40816326530612246	0.8979591836734694
YJR154W	50	60.0	2	75.5	20.0	475.0	1591.0	266.5	1562.5	475.0	1591.0	0.31666666666666665	0.43333333333333335	0.7	0.95	0.9333333333333333	0.9833333333333333
YJR155W	75	117.0	34	804.1999999999534	29.0	2096.0	259.0	1876.0	107.0	2072.54	181.94999999999982	0.3162393162393162	0.6410256410256411	0.3247863247863248	0.9743589743589743	0.3418803418803419	0.9914529914529915
YKL001C	285	942.0	107	47.0	34.0	610.0	153.0	123.0	110.39999999999998	151.0	122.0	0.6560509554140127	0.40976645435244163	0.7537154989384289	0.9872611464968153	0.9872611464968153	1.0
YKL002W	687	8631.0	527	10.0	168.0	769.0	298.0	77.0	236.0	79.0	247.23000000000016	0.8742903487429035	0.5629706870582784	0.978333912640482	0.662148070907195	0.9989572471324296	0.6925037654964662
YKL003C	410	2594.0	634	0.0	15.299999999988358	1169.0	349.0	52.0	146.0	1087.0	238.13882352941175	0.9672320740169622	0.8030069390902081	0.9814957594448728	0.9653045489591364	0.9814957594448728	0.9699306090979183
YKL004W	219	894.0	93	9.0	46.0	764.0	215.0	366.0	150.0	405.0	195.0	0.8948545861297539	0.4854586129753915	0.9161073825503355	0.8344519015659956	0.9921700223713646	0.9988814317673378
YKL005C	161	506.0	39	12.0	10.0	156.0	248.0	143.0	204.0	145.0	211.98	0.8458498023715415	0.8260869565217391	0.9466403162055336	0.9209486166007905	0.9782608695652174	0.958498023715415
YKL006C-A	978	9651.0	1178	17.0	63.0	2550.0	276.0	98.32222222222198	131.0	503.0	167.0	0.8652989327530826	0.6476012848409491	0.9488135944461714	0.6820018650917004	0.9557558802196664	0.9926432494042068
YKL006W	1130	16873.0	1342	22.0	27.0	202.0	128.0	55.0	114.0	95.0	118.0	0.6273336099093226	0.5582883897350797	0.9652699579209387	0.9963847567119066	0.9963254904284953	1.0
YKL007W	213	2329.0	746	17.0	0.0	449.0	614.0	44.0	147.0	61.0	160.0	0.8145126663804207	0.9695148132245599	0.9965650493774152	0.991841992271361	0.9965650493774152	0.9991412623443539
YKL008C	424	709.0	16	108.75	25.0	349.0	349.0	195.0	282.0	209.0	347.40999999999997	0.2863187588152327	0.5218617771509168	0.4386459802538787	0.6600846262341326	0.6840620592383639	0.8772919605077574
YKL009W	248	996.0	72	19.599999999976717	21.0	715.0	165.0	69.0	132.0	77.0	142.0	0.5833333333333334	0.7429718875502008	0.9979919678714859	0.9939759036144579	0.9979919678714859	1.0
YKL010C	6	10.0	3	32.75	0.0	115.0	59.0	115.0	59.0	115.0	59.0	0.6	1.0	1.0	1.0	1.0	1.0
YKL011C	95	208.0	29	18.0	9.0	3286.0	198.0	486.52	159.0	729.4399999999939	173.75999999999996	0.7836538461538461	0.8269230769230769	0.8365384615384616	0.9038461538461539	0.875	0.9951923076923077
YKL012W	243	689.0	41	12.0	51.0	342.0	271.0	89.0	169.0	110.32000000000016	239.6266666666667	0.8229317851959361	0.46589259796806964	0.9840348330914369	0.7111756168359942	0.9985486211901307	0.9898403483309144
YKL013C	513	2656.0	174	18.0	4.0	76.0	287.0	58.0	189.0	68.0	254.0	0.7631777108433735	0.9487951807228916	1.0	0.9698795180722891	1.0	0.995105421686747
YKL015W	21	32.0	7	19.25	37.0	108.0	334.0	108.0	181.9	108.0	334.0	0.75	0.5625	0.96875	0.78125	1.0	0.96875
YKL016C	686	4166.0	458	37.0	8.0	131.0	257.0	95.53999999999996	161.0	104.0	181.0	0.6605856937109937	0.8319731156985117	0.8588574171867499	0.914546327412386	1.0	0.9963994239078252
YKL017C	27	65.0	16	0.0	17.16666666668607	62.0	1271.0	17.75	154.5	58.09999999999985	1105.8499999999938	0.9692307692307692	0.676923076923077	0.9846153846153847	0.9230769230769231	1.0	0.9846153846153847
YKL018C-A	919	10986.0	1079	13.0	2.0	1163.0	1486.0	64.0	128.0	101.0	128.0	0.937192790824686	0.693610049153468	0.9868924085199344	0.9947205534316402	0.993082104496632	0.999180775532496
YKL018W	104	193.0	19	10.0	17.5	595.0	190.0	63.0	151.0	205.2466666666658	156.98999999999995	0.8808290155440415	0.6373056994818653	0.9896373056994818	0.9326424870466321	0.9896373056994818	1.0
YKL019W	283	904.0	63	22.0	6.0	1078.0	444.0	50.0	90.0	228.6800000000003	96.0	0.6935840707964602	0.879424778761062	0.9612831858407079	0.9701327433628318	0.9668141592920354	0.9988938053097345
YKL020C	27	39.0	5	31.5	24.0	76.0	111.0	76.0	111.0	76.0	111.0	0.6666666666666666	0.5128205128205128	1.0	1.0	1.0	1.0
YKL023C-A	46	61.0	6	12.0	4.0	90.0	781.0	63.0	724.95	67.63333333333334	779.46	0.7868852459016393	0.9672131147540983	1.0	0.9672131147540983	1.0	0.9836065573770492
YKL023W	87	157.0	21	17.0	561.0	527.0	2697.0	170.60000000000002	1419.6	524.1466666666666	1448.96	0.821656050955414	0.5668789808917197	0.8853503184713376	0.5859872611464968	0.9044585987261147	0.6050955414012739
YKL024C	179	675.0	98	13.0	4.0	323.0	161.0	262.25	106.83333333333333	270.0	160.625	0.7644444444444445	0.9674074074074074	0.917037037037037	0.9777777777777777	0.9407407407407408	1.0
YKL025C	98	498.0	80	14.0	9.0	41.0	339.0	34.0	109.0	39.223999999999975	267.0	0.9718875502008032	0.8493975903614458	1.0	0.9618473895582329	1.0	0.9759036144578314
YKL026C	49	60.0	6	40.70000000001164	20.0	186.0	362.0	149.0	291.0	185.2	336.19999999999993	0.15	0.8	0.65	0.8333333333333334	0.8666666666666667	0.8833333333333333
YKL027W	184	642.0	111	68.25	4.0	183.0	242.0	141.14999999999998	184.0	163.0	230.0	0.6417445482866043	0.9158878504672897	0.6557632398753894	0.926791277258567	0.9844236760124611	0.9579439252336449
YKL028W	152	522.0	64	17.0	9.0	411.0	504.0	44.0	339.0	49.0	348.28	0.7816091954022989	0.6417624521072797	0.9980842911877394	0.8295019157088123	0.9980842911877394	0.8773946360153256
YKL029C	30	51.0	8	19.75	9.0	122.0	127.0	122.0	124.0	122.0	127.0	0.5294117647058824	0.9215686274509803	0.7843137254901961	0.9215686274509803	1.0	1.0
YKL032C	1	1.0	1	0.0	0.0	94.0	158.0	94.0	158.0	94.0	158.0	1.0	1.0	1.0	1.0	1.0	1.0
YKL033W	10	12.0	2	23.0	301.33333333331393	57.0	443.0	56.599999999999994	442.73333333333335	57.0	443.0	0.5	0.5	0.9166666666666666	0.5	1.0	0.5833333333333334
YKL033W-A	208	1116.0	157	24.0	0.0	1639.0	193.0	116.0	107.7000000000005	122.0	151.0	0.5152329749103942	0.9453405017921147	0.9032258064516129	0.9507168458781362	0.9991039426523297	0.996415770609319
YKL034W	176	638.0	39	11.400000000023283	42.0	222.0	218.0	111.98823529411766	130.0	147.62400000000002	133.0	0.18181818181818182	0.3793103448275862	0.43260188087774293	0.9294670846394985	0.987460815047022	0.9984326018808778
YKL035W	407	4239.0	483	3.0	20.0	592.0	347.0	103.0	176.0	133.0	177.0	0.8683651804670913	0.9103562160887002	0.9641424864354801	0.9988204765274828	0.9981127624439726	0.9990563812219864
YKL036C	22	38.0	5	38.0	1.5	125.0	438.0	106.80000000000001	384.24000000000007	125.0	438.0	0.3684210526315789	0.9736842105263158	0.8157894736842105	0.9736842105263158	0.9736842105263158	0.9736842105263158
YKL037W	3	1.0	1	40.0	895.5	119.0	1817.0	113.69999999999999	1815.8	117.94	1816.76	1.0	1.0	1.0	1.0	1.0	1.0
YKL038W	18	29.0	6	16.0	4.875	666.0	181.0	272.6999999999988	174.34999999999997	666.0	181.0	0.7931034482758621	1.0	0.8275862068965517	1.0	0.9310344827586207	1.0
YKL039W	498	1616.0	84	41.0	61.0	537.0	283.0	174.0	259.0	182.0	260.0	0.5037128712871287	0.5816831683168316	0.8842821782178217	0.9647277227722773	0.9913366336633663	0.9789603960396039
YKL040C	505	2992.0	382	26.0	0.0	585.0	1274.0	79.65714285714292	435.0	552.0	1042.0	0.6981951871657754	0.8883689839572193	0.9512032085561497	0.9268048128342246	0.9512032085561497	0.93048128342246
YKL041W	231	1251.0	225	2.0	9.0	141.0	331.0	118.0	96.0	118.0	285.0	0.832933653077538	0.9664268585131894	0.9984012789768185	0.9728217426059153	1.0	0.9728217426059153
YKL042W	60	155.0	27	0.0	40.66071428573923	197.0	289.0	154.0	256.0	187.6999999999997	287.5999999999999	0.9161290322580645	0.6258064516129033	0.9806451612903225	0.967741935483871	1.0	0.9806451612903225
YKL043W	43	62.0	8	83.0	18.0	510.0	214.0	464.2	205.2	500.1600000000002	213.4	0.43548387096774194	0.8709677419354839	0.5161290322580645	1.0	0.7580645161290323	1.0
YKL044W	24	23.0	5	74.0	1270.5	304.0	1415.0	109.0	1394.85	304.0	1415.0	0.21739130434782608	0.30434782608695654	0.43478260869565216	0.4782608695652174	0.9565217391304348	0.6086956521739131
YKL045W	145	562.0	83	35.0	0.0	419.0	314.0	82.0	139.79999999999995	218.95999999999984	179.91999999999996	0.7099644128113879	0.797153024911032	0.9234875444839857	0.9341637010676157	0.9893238434163701	0.998220640569395
YKL046C	59	96.0	6	11.0	22.0	266.0	241.0	256.99999999999994	236.0	266.0	239.61999999999998	0.8541666666666666	0.7708333333333334	1.0	0.78125	1.0	0.78125
YKL047W	77	160.0	12	22.0	9.0	452.0	200.0	57.0	174.0	413.4000000000022	198.8	0.70625	0.85	0.9875	0.8875	0.9875	1.0
YKL048C	47	52.0	2	54.5	38.0	127.0	211.0	114.0	196.0	126.85999999999999	210.92	0.3076923076923077	0.5961538461538461	0.6730769230769231	0.9038461538461539	1.0	0.9038461538461539
YKL049C	108	185.0	18	12.83333333331393	12.0	79.0	1643.0	71.5	125.0	79.0	1641.95	0.6594594594594595	0.9351351351351351	1.0	0.972972972972973	1.0	0.972972972972973
YKL050C	2	2.0	1	510.0	23.0	708.0	184.0	708.0	184.0	708.0	184.0	0.5	0.5	0.5	1.0	0.5	1.0
YKL051W	98	98.0	5	59.0	52.0	233.0	439.0	224.53333333333327	396.99999999999994	233.0	439.0	0.29591836734693877	0.1836734693877551	0.7346938775510204	0.19387755102040816	0.8571428571428571	0.21428571428571427
YKL052C	188	684.0	171	0.5	2.0	2154.0	144.0	575.0	74.0	1568.0	107.0	0.8888888888888888	0.8406432748538012	0.9239766081871345	0.9868421052631579	0.9283625730994152	0.9985380116959064
YKL053C-A	419	2162.0	146	24.66666666668607	7.0	237.0	318.0	86.0	126.0	95.0	152.0	0.7382053654024052	0.8977798334875116	0.9384828862164662	0.9653098982423681	1.0	1.0
YKL053W	3	4.0	2	108.0	46.0	620.0	1372.0	620.0	1372.0	620.0	1372.0	0.75	0.75	0.75	0.75	0.75	1.0
YKL054C	80	144.0	11	14.75	5.0	155.0	2334.0	139.0	241.29999999999998	155.0	376.92000000000473	0.7916666666666666	0.9027777777777778	0.9513888888888888	0.9791666666666666	1.0	0.9791666666666666
YKL055C	118	242.0	18	6.0	70.0	2704.0	1182.0	53.0	1106.0	53.77333333333331	1177.32	0.9628099173553719	0.33884297520661155	0.9958677685950413	0.5247933884297521	0.9958677685950413	0.9421487603305785
YKL056C	2674	46417.0	1866	18.0	68.0	3946.0	2471.0	66.0	209.0	92.45750000000044	250.0	0.7874485641036689	0.3628842880841071	0.9753754012538509	0.531787922528384	0.9918779757416464	0.9984057565116229
YKL057C	57	159.0	23	9.0	7.919999999983702	104.0	213.0	65.0	67.09999999999997	75.37999999999994	124.48999999999987	0.9811320754716981	0.9748427672955975	0.9937106918238994	0.9874213836477987	1.0	0.9937106918238994
YKL058W	379	1430.0	101	16.0	68.0	268.0	563.0	53.0	358.3333333333333	57.0	364.752	0.7244755244755244	0.4461538461538462	0.9993006993006993	0.5153846153846153	0.9993006993006993	0.8881118881118881
YKL059C	113	279.0	31	14.0	32.0	1355.0	1771.0	74.0	640.0	174.7199999999973	643.0	0.978494623655914	0.6881720430107527	0.989247311827957	0.8243727598566308	0.989247311827957	0.899641577060932
YKL060C	976	39593.0	12211	2.0	9.0	2008.0	973.0	28.0	81.0	34.0	107.0	0.9894678352233981	0.8493925693935797	0.9989392064253783	0.9885333265981361	0.9999494860202561	0.9943171772788119
YKL061W	95	133.0	8	13.099999999976717	21.0	1697.0	316.0	38.0	288.0	1053.7499999999902	294.3799999999998	0.9022556390977443	0.24060150375939848	0.9849624060150376	0.24060150375939848	0.9849624060150376	0.5864661654135338
YKL062W	123	208.0	14	115.0	221.0	202.0	432.0	155.0	424.7	182.87999999999982	430.0	0.3798076923076923	0.46153846153846156	0.6971153846153846	0.46634615384615385	0.8461538461538461	0.5144230769230769
YKL063C	406	2917.0	355	19.0	0.2558823529398069	1398.0	430.0	182.0	172.88333333333335	203.62374999999997	230.0	0.7422008913267055	0.9561193006513541	0.8830990743914982	0.9825162838532739	0.9468632156324991	0.994172094617758
YKL064W	8	9.0	2	9.33333333331393	396.0	197.0	778.0	197.0	778.0	197.0	778.0	0.8888888888888888	0.4444444444444444	1.0	0.5555555555555556	1.0	0.5555555555555556
YKL065C	774	8357.0	1906	16.0	1.0	907.0	311.0	72.0	138.0	83.0	140.0	0.6886442503290654	0.8127318415699414	0.9906665071197798	0.8449204259901879	0.9979657771927726	0.9940169917434486
YKL065W-A	12	16.0	4	524.0	205.79999999998836	1196.0	357.0	1196.0	357.0	1196.0	357.0	0.25	0.25	0.25	0.25	0.25	0.3125
YKL066W	1	4.0	4	0.0	0.0	523.0	808.0	523.0	808.0	523.0	808.0	1.0	1.0	1.0	1.0	1.0	1.0
YKL067W	932	11956.0	840	23.0	16.0	180.0	1259.0	111.0	220.0	132.0	234.29333333333366	0.7703245232519237	0.881649381063901	0.9109233857477417	0.9889595182335229	0.9994981599197056	0.998745399799264
YKL068W	72	146.0	29	35.0	24.903225806425326	134.0	169.0	120.0	144.0	134.0	169.0	0.4178082191780822	0.5753424657534246	0.9178082191780822	0.9246575342465754	1.0	1.0
YKL068W-A	281	663.0	23	7.0	104.0	211.0	371.0	62.0	336.0	82.65500000000003	348.74	0.9245852187028658	0.45098039215686275	0.9969834087481146	0.4766214177978884	0.9969834087481146	0.6892911010558069
YKL069W	355	1458.0	153	10.0	23.0	261.0	306.0	27.0	158.0	43.0	221.0	0.9547325102880658	0.7215363511659808	0.9958847736625515	0.8545953360768176	0.9965706447187929	0.9423868312757202
YKL070W	7	3.0	1	857.0	3.75	1343.0	259.0	1343.0	259.0	1343.0	259.0	0.3333333333333333	1.0	0.3333333333333333	1.0	0.3333333333333333	1.0
YKL071W	35	39.0	3	19.0	28.83333333331393	1834.0	1095.0	1439.1999999999975	275.5999999999995	1834.0	1095.0	0.5897435897435898	0.1282051282051282	0.6666666666666666	0.1794871794871795	0.717948717948718	0.8461538461538461
YKL072W	25	27.0	2	33.0	457.16666666668607	240.0	621.0	240.0	621.0	240.0	621.0	0.5185185185185185	0.6666666666666666	0.9629629629629629	0.6666666666666666	0.9629629629629629	0.7037037037037037
YKL073W	75	129.0	6	25.0	9.0	82.0	146.0	77.0	97.19999999999999	82.0	127.82999999999986	0.6821705426356589	0.9689922480620154	1.0	0.9922480620155039	1.0	1.0
YKL074C	112	417.0	73	4.0	1.0	45.0	122.0	35.0	109.0	42.0	113.2899999999998	0.9928057553956835	0.8057553956834532	1.0	1.0	1.0	1.0
YKL075C	183	702.0	100	13.0	0.0	287.0	885.0	102.0	254.19999999999993	120.0	884.48	0.7407407407407407	0.7678062678062678	0.8917378917378918	0.9031339031339032	0.9985754985754985	0.9615384615384616
YKL076C	585	1164.0	100	950.5	0.0	1374.0	767.0	1185.3	114.0	1206.0	761.4799999999982	0.44673539518900346	0.7336769759450171	0.5378006872852233	0.9106529209621993	0.602233676975945	0.9725085910652921
YKL077W	382	1280.0	67	8.0	56.5	346.0	336.0	113.0	316.0	121.0	321.4000000000001	0.89609375	0.39921875	0.96953125	0.553125	0.99921875	0.8859375
YKL078W	140	2421.0	664	0.0	6.0	87.0	190.0	33.0	103.48999999999997	34.165714285714266	109.59666666666665	0.9888475836431226	0.9830648492358529	0.9995869475423379	0.9954564229657167	1.0	0.9987608426270136
YKL079W	59	131.0	15	43.4375	0.0	1942.0	238.0	123.0	110.0	1916.08	238.0	0.45038167938931295	0.8778625954198473	0.8015267175572519	0.9847328244274809	0.9770992366412213	0.9847328244274809
YKL080W	163	430.0	29	18.0	26.0	369.0	2603.0	119.0	104.0	129.0	143.19999999999993	0.9279069767441861	0.5976744186046512	0.9930232558139535	0.9069767441860465	0.9953488372093023	0.9953488372093023
YKL081W	820	17791.0	2492	24.0	31.0	362.0	274.0	71.0	239.0	79.0	246.0	0.6755662975661851	0.5724242594570288	0.9664999156877073	0.8876960260806026	0.9989320442920577	0.8895508965207127
YKL082C	11	16.0	3	3.0	32.25	90.0	177.0	85.79999999999998	177.0	90.0	177.0	0.8125	0.5625	1.0	0.875	1.0	1.0
YKL083W	6	7.0	2	349.25	1189.5	758.0	2639.0	758.0	2639.0	758.0	2639.0	0.5714285714285714	0.2857142857142857	0.5714285714285714	0.42857142857142855	0.5714285714285714	0.42857142857142855
YKL084W	55	85.0	12	18.0	15.0	346.0	3315.0	157.75	2238.75	346.0	3306.6000000000004	0.7058823529411765	0.9058823529411765	0.9529411764705882	0.9411764705882353	0.9529411764705882	0.9411764705882353
YKL085W	1456	21782.0	2423	13.0	353.0	910.0	529.0	139.0	396.0	379.0	396.0	0.749380222201818	0.5358093838949591	0.875263979432559	0.5478376641263428	0.9667156367643008	0.5517399687815627
YKL086W	76	142.0	14	6.947368421067949	22.037499999976717	1059.0	1851.0	101.0	158.20000000000016	116.0	1824.3200000000004	0.9014084507042254	0.7183098591549296	0.9366197183098591	0.9225352112676056	0.9929577464788732	0.9436619718309859
YKL087C	397	1429.0	161	4.0	11.0	316.0	218.0	114.0	188.0	118.0	212.42000000000007	0.9538138558432471	0.6773967809657103	0.9846046186144157	0.8362491252624212	0.9951014695591323	0.9895031490552834
YKL088W	179	860.0	138	15.0	12.0	839.0	332.0	63.5	232.0	76.0	260.45	0.9290697674418604	0.7953488372093023	0.9918604651162791	0.9267441860465117	0.9953488372093023	0.9441860465116279
YKL089W	99	175.0	15	10.0	64.63541666668607	199.0	463.0	38.0	239.5	101.0	344.0	0.92	0.35428571428571426	0.9828571428571429	0.6857142857142857	0.9942857142857143	0.8457142857142858
YKL090W	135	504.0	75	3.0	7.0	309.0	1198.0	45.0	184.0	62.263999999999825	289.0	0.8313492063492064	0.9146825396825397	0.9900793650793651	0.9345238095238095	0.9940476190476191	0.9722222222222222
YKL091C	43	71.0	14	10.5	4.0	1067.0	202.0	49.95	102.0	855.5300000000063	141.65000000000055	0.8732394366197183	0.971830985915493	0.9859154929577465	1.0	0.9859154929577465	1.0
YKL092C	12	18.0	4	9.0	83.0	87.0	216.0	87.0	216.0	87.0	216.0	0.9444444444444444	0.3333333333333333	1.0	0.3333333333333333	1.0	1.0
YKL093W	97	218.0	24	7.666666666686069	51.0	747.0	345.0	113.0	265.39999999999975	156.95999999999998	307.19999999999993	0.7339449541284404	0.573394495412844	0.9357798165137615	0.6467889908256881	0.9954128440366973	0.9495412844036697
YKL094W	288	1378.0	191	765.0	0.0	1258.0	195.0	1254.0	111.0	1256.0	136.74	0.6103047895500726	0.9252539912917271	0.706821480406386	0.9905660377358491	0.7082728592162555	0.9970972423802612
YKL095W	78	331.0	86	16.0	0.0	2571.0	1368.0	184.0	1280.0	185.19	1308.76	0.7885196374622356	0.9335347432024169	0.824773413897281	0.9758308157099698	0.9939577039274925	0.9788519637462235
YKL096W	347	4920.0	1225	7.0	5.709090909076622	1927.0	1474.0	47.36363636363637	109.0	1444.9000000000115	120.0	0.9199186991869919	0.9589430894308943	0.983130081300813	0.9995934959349594	0.9863821138211382	0.9997967479674796
YKL096W-A	1320	70006.0	13954	10.0	4.0	214.0	2429.0	48.0	195.0	52.0	204.0	0.958960660514813	0.9106648001599863	0.9997714481615861	0.9957289375196412	0.9999857155100992	0.9978716110047711
YKL097C	2	2.0	1	14.0	0.0	117.0	452.0	117.0	452.0	117.0	452.0	1.0	1.0	1.0	1.0	1.0	1.0
YKL098W	98	216.0	30	20.0	22.0	62.0	555.0	52.0	216.0	55.0	225.24	0.7314814814814815	0.7175925925925926	1.0	0.8888888888888888	1.0	0.8935185185185185
YKL099C	298	1109.0	82	9.0	21.0	103.0	2270.0	80.0	152.0	94.0	189.0	0.9522091974752029	0.6330027051397655	0.9936880072137061	0.9630297565374211	1.0	0.9972948602344455
YKL100C	290	1672.0	262	10.0	9.0	1086.0	368.0	35.86666666666648	254.0	60.0	281.16999999999996	0.9647129186602871	0.8169856459330144	0.9946172248803827	0.8391148325358851	0.9994019138755981	0.9234449760765551
YKL101W	7	9.0	3	42.25	0.25	280.0	56.0	280.0	56.0	280.0	56.0	0.6666666666666666	1.0	0.7777777777777778	1.0	0.8888888888888888	1.0
YKL102C	2	1.0	1	8.5	93.0	19.0	311.0	17.299999999999997	311.0	18.66	311.0	1.0	1.0	1.0	1.0	1.0	1.0
YKL103C	298	1066.0	90	27.0	4.0	616.0	3119.0	154.0	207.19999999999993	468.15199999999976	241.0	0.7082551594746717	0.8705440900562852	0.9136960600375235	0.9221388367729831	0.9512195121951219	0.9971857410881801
YKL104C	227	684.0	79	14.0	29.0	2406.0	355.0	203.0	255.0	251.27999999999975	280.0	0.8114035087719298	0.6900584795321637	0.8991228070175439	0.97953216374269	0.9283625730994152	0.9912280701754386
YKL105C	4	5.0	2	49.833333333343035	9.75	199.0	232.0	199.0	232.0	199.0	232.0	0.4	0.8	0.6	1.0	1.0	1.0
YKL106C-A	4	5.0	2	0.0	788.75	3.0	1370.0	3.0	1370.0	3.0	1370.0	1.0	0.4	1.0	0.4	1.0	0.4
YKL106W	45	49.0	3	29.5	48.333333333343035	178.0	261.0	121.24999999999999	218.8499999999999	178.0	261.0	0.6122448979591837	0.5306122448979592	0.9795918367346939	0.7959183673469388	1.0	0.9591836734693877
YKL107W	6	7.0	2	82.33333333334303	45.75	131.0	141.0	131.0	141.0	131.0	141.0	0.42857142857142855	0.2857142857142857	0.42857142857142855	0.2857142857142857	1.0	1.0
YKL108W	52	64.0	6	100.5	53.0	230.0	142.0	222.26666666666665	142.0	230.0	142.0	0.125	0.640625	0.203125	0.75	0.265625	1.0
YKL109W	139	542.0	61	13.0	219.0	388.0	375.0	339.93333333333334	370.0	375.32000000000016	370.0	0.7656826568265682	0.31365313653136534	0.8136531365313653	0.31365313653136534	0.9649446494464945	0.33210332103321033
YKL110C	110	186.0	9	49.5	7.0	731.0	163.0	246.0	144.59999999999997	488.19999999999993	163.0	0.12365591397849462	0.9516129032258065	0.13440860215053763	0.9946236559139785	0.13978494623655913	0.9946236559139785
YKL112W	119	1908.0	660	16.0	0.0	543.0	175.0	177.5018867924528	141.0	470.0	144.0	0.7489517819706499	0.9989517819706499	0.7966457023060797	1.0	0.9722222222222222	1.0
YKL113C	150	506.0	41	28.25	0.0	411.0	1460.0	62.0	108.39999999999999	90.87999999999988	126.0	0.24703557312252963	0.9841897233201581	0.8063241106719368	0.9980237154150198	0.9920948616600791	0.9980237154150198
YKL114C	174	1544.0	150	18.0	0.0	1469.0	367.0	64.0	100.0	71.05999999999995	105.0	0.8121761658031088	0.9961139896373057	0.9948186528497409	0.9993523316062176	0.9961139896373057	0.9993523316062176
YKL116C	168	342.0	22	89.0	26.0	238.0	344.0	231.0	307.0	232.0	317.7299999999997	0.40350877192982454	0.5467836257309941	0.7426900584795322	0.8128654970760234	0.7660818713450293	0.8304093567251462
YKL117W	634	7438.0	499	16.0	61.0	254.0	311.0	56.0	219.0	56.0	252.0	0.7754772788383975	0.5838935197633772	0.9994622210271579	0.7417316482925518	0.9998655552567894	0.9971766603925787
YKL119C	218	426.0	23	23.0	19.0	569.0	204.0	63.0	152.0	102.88000000000011	160.60000000000002	0.7276995305164319	0.7746478873239436	0.9835680751173709	0.9953051643192489	0.9953051643192489	1.0
YKL120W	222	663.0	45	56.0	55.0	373.0	287.0	163.0	195.0	170.0	199.74	0.5098039215686274	0.5671191553544495	0.6259426847662142	0.6817496229260935	0.9984917043740573	0.9984917043740573
YKL121W	30	32.0	4	16.0	4.0	411.0	132.0	272.79999999999995	131.2	411.0	132.0	0.65625	1.0	0.71875	1.0	0.75	1.0
YKL122C	104	353.0	35	26.5	8.0	433.0	184.0	56.71249999999999	107.0	433.0	162.9099999999999	0.8186968838526912	0.9603399433427762	0.9688385269121813	0.9688385269121813	0.9688385269121813	1.0
YKL123W	75	93.0	9	242.0	25.0	1611.0	98.0	1611.0	93.0	1611.0	98.0	0.4731182795698925	0.4838709677419355	0.7096774193548387	1.0	0.7419354838709677	1.0
YKL124W	64	85.0	9	23.0	34.0	161.0	184.0	161.0	184.0	161.0	184.0	0.6352941176470588	0.36470588235294116	0.9529411764705882	0.8117647058823529	1.0	0.9764705882352941
YKL125W	93	199.0	23	35.0	3.0	171.0	395.0	130.0	173.0	131.804	290.0599999999981	0.6130653266331658	0.8341708542713567	0.9748743718592965	0.9899497487437185	1.0	0.9899497487437185
YKL126W	82	210.0	32	22.0	2.3999999999941792	217.0	120.0	208.0	105.0	213.0	115.00000000000003	0.7238095238095238	0.9047619047619048	0.9380952380952381	1.0	0.9428571428571428	1.0
YKL127W	332	2715.0	604	15.0	1.0	365.0	465.0	54.0	149.0	236.0	195.0	0.8397790055248618	0.9252302025782688	0.9767955801104973	0.9716390423572744	0.9896869244935543	0.9841620626151013
YKL128C	245	689.0	37	16.0	73.5	221.0	543.0	39.0	289.7	65.98000000000025	314.0	0.8984034833091437	0.37735849056603776	0.9927431059506531	0.5268505079825835	0.9941944847605225	0.9346879535558781
YKL129C	12	13.0	2	28.0	11.75	92.0	112.0	92.0	111.7	92.0	112.0	0.15384615384615385	0.8461538461538461	0.7692307692307693	0.9230769230769231	1.0	1.0
YKL130C	262	481.0	25	6.0	26.25	127.0	176.0	88.0	155.0	108.69999999999993	176.0	0.7837837837837838	0.5155925155925156	0.9771309771309772	0.8087318087318087	1.0	1.0
YKL131W	1	1.0	1	0.0	0.0	302.0	49.0	302.0	49.0	302.0	49.0	1.0	1.0	1.0	1.0	1.0	1.0
YKL132C	124	185.0	6	69.60000000000582	144.5	343.0	391.0	200.0	391.0	217.45000000000007	391.0	0.2810810810810811	0.6378378378378379	0.6918918918918919	0.6378378378378379	0.972972972972973	0.6594594594594595
YKL133C	38	85.0	17	26.0	8.0	61.0	221.0	44.625	169.0	57.50000000000006	221.0	0.6470588235294118	0.7647058823529411	1.0	0.7764705882352941	1.0	0.7764705882352941
YKL134C	65	118.0	20	8.0	16.60000000000582	75.0	841.0	60.0	279.4	73.63999999999999	549.279999999997	0.9576271186440678	0.8050847457627118	1.0	0.864406779661017	1.0	0.9491525423728814
YKL135C	68	117.0	12	45.0	56.25	152.0	242.0	137.44	208.33333333333323	151.77333333333334	227.92999999999995	0.4444444444444444	0.5982905982905983	0.9487179487179487	0.7094017094017094	1.0	0.9145299145299145
YKL136W	2	2.0	1	6.0	27.0	525.0	29.0	525.0	29.0	525.0	29.0	1.0	0.5	1.0	1.0	1.0	1.0
YKL137W	586	3701.0	273	6.0	39.0	409.0	551.0	72.0	198.19953488372093	86.0	209.7449999999999	0.9389354228586868	0.4768981356390165	0.990543096460416	0.97568224804107	0.9981086192920832	0.9983788165360713
YKL138C	437	1371.0	125	24.0	45.0	525.0	207.0	123.62727272727274	131.0	254.0	156.0	0.6170678336980306	0.4573304157549234	0.9700948212983224	0.9336250911743253	0.9854121079504011	0.9978118161925602
YKL138C-A	155	266.0	15	2.0	36.55555555556202	501.0	1219.0	53.04999999999998	346.2	70.0	351.67999999999995	0.8984962406015038	0.5413533834586466	0.9924812030075187	0.9135338345864662	0.9962406015037594	0.9962406015037594
YKL139W	65	94.0	7	23.0	21.0	338.0	1346.0	203.8	101.0	286.96000000000026	839.5600000000027	0.7021276595744681	0.6063829787234043	0.9680851063829787	0.9574468085106383	0.9893617021276596	0.9787234042553191
YKL140W	263	531.0	25	31.75	47.166666666656965	325.0	398.0	305.0	232.0	307.62799999999993	331.3299999999996	0.4613935969868173	0.5291902071563088	0.8116760828625236	0.871939736346516	0.896421845574388	0.9792843691148776
YKL141W	404	8425.0	1295	10.0	19.0	391.0	407.0	41.0	135.0	47.0	157.1818181818182	0.971513353115727	0.94540059347181	0.9986943620178041	0.9975074183976261	0.9986943620178041	0.9998813056379822
YKL142W	183	723.0	51	13.75	4.0	132.0	225.0	79.0	160.0	97.0	221.0	0.7634854771784232	0.9557399723374828	0.991701244813278	0.9806362378976486	1.0	0.991701244813278
YKL143W	250	1422.0	340	0.0	33.0	2654.0	414.0	54.0	352.0	73.0	367.0	0.8431786216596343	0.6533052039381153	0.9957805907172996	0.80098452883263	0.9957805907172996	0.8874824191279888
YKL144C	112	183.0	14	49.0	32.0	106.0	264.0	88.0	226.0	90.0	239.0	0.34972677595628415	0.5081967213114754	0.73224043715847	0.9398907103825137	1.0	0.9562841530054644
YKL145W	329	1202.0	159	47.0	8.0	276.0	2637.0	86.0	209.0	102.0	933.8400000000001	0.5648918469217971	0.7579034941763727	0.870216306156406	0.7720465890183028	0.9983361064891847	0.8435940099833611
YKL145W-A	419	1349.0	159	42.0	37.0	1021.0	3203.0	831.0	775.0	847.0	1505.1399999999999	0.5033358042994811	0.737583395107487	0.7768717568569311	0.7501853224610823	0.8939955522609341	0.8391401037805782
YKL146W	254	2371.0	370	4.0	2.0	227.0	207.0	176.77999999999992	88.0	186.11599999999999	115.0	0.8051455082243779	0.9843947701391818	0.8312948123154787	0.9991564740615774	0.8342471530999578	0.9995782370307887
YKL148C	80	125.0	9	7.333333333343035	49.25	401.0	238.0	177.0	233.0	317.0	233.5	0.744	0.464	0.88	0.712	0.984	0.872
YKL149C	49	87.0	9	4.0	27.375	76.0	193.0	72.0	155.0	76.0	181.89999999999986	0.9425287356321839	0.5747126436781609	0.9425287356321839	0.9885057471264368	1.0	0.9885057471264368
YKL150W	27	37.0	5	12.416666666656965	20.14999999999418	205.0	139.0	202.43333333333334	132.0	205.0	139.0	0.6756756756756757	0.7297297297297297	0.7027027027027027	1.0	0.918918918918919	1.0
YKL151C	1	2.0	2	0.0	0.0	5.0	1109.0	5.0	1109.0	5.0	1109.0	1.0	1.0	1.0	1.0	1.0	1.0
YKL152C	1331	217108.0	20001	1.0	6.0	80.0	636.0	28.0	142.0	33.0	153.0	0.993468688394716	0.9907741769073457	0.9999677579822024	0.9994657037050685	1.0	0.999848001916097
YKL154W	217	862.0	140	3.0	7.0	504.0	122.0	99.0	80.39999999999998	102.75999999999999	106.17333333333333	0.8758700696055685	0.95707656612529	0.968677494199536	0.9930394431554525	0.9976798143851509	1.0
YKL155C	34	49.0	4	41.666666666656965	22.5	75.0	110.0	58.449999999999974	107.29999999999998	75.0	110.0	0.30612244897959184	0.5510204081632653	0.8163265306122449	0.8775510204081632	1.0	1.0
YKL156W	165	778.0	89	5.0	18.0	158.0	282.0	54.0	237.0	54.0	251.68800000000002	0.8804627249357326	0.577120822622108	0.993573264781491	0.9845758354755784	1.0	1.0
YKL157W	91	229.0	25	6.5	36.0	326.0	242.0	44.0	206.4666666666665	73.42000000000002	242.0	0.9344978165938864	0.5240174672489083	0.9912663755458515	0.8253275109170306	0.9956331877729258	1.0
YKL159C	115	191.0	10	37.0	69.91666666665697	391.0	840.0	69.84999999999985	288.69999999999993	337.18	769.4750000000003	0.6701570680628273	0.5654450261780105	0.9581151832460733	0.6963350785340314	0.9581151832460733	0.8115183246073299
YKL160W	362	2207.0	234	10.0	18.0	111.0	1475.0	30.0	443.0	55.0	989.0	0.9261440869959221	0.8201178069777979	0.9945627548708654	0.894426823742637	0.9986406887177164	0.9039420027186226
YKL161C	198	311.0	18	174.0	44.0	1864.0	380.0	295.93333333333334	353.0	453.5533333333329	373.3399999999999	0.5080385852090032	0.5916398713826366	0.5787781350482315	0.8585209003215434	0.6141479099678456	1.0
YKL162C	52	95.0	17	67.75	5.625	128.0	832.0	114.75	821.0	123.94999999999997	832.0	0.5473684210526316	0.8210526315789474	0.5789473684210527	0.8315789473684211	1.0	0.8315789473684211
YKL162C-A	6	3.0	1	18.0	18.0	696.0	372.0	61.0	372.0	61.0	372.0	0.6666666666666666	0.6666666666666666	1.0	1.0	1.0	1.0
YKL163W	94	121.0	4	743.75	68.25	859.0	405.0	822.0	403.0	859.0	403.0	0.18181818181818182	0.21487603305785125	0.4132231404958678	0.4793388429752066	0.45454545454545453	0.7520661157024794
YKL164C	301	1340.0	168	3.0	11.861111111124046	489.0	510.0	84.0	275.0	142.1999999999989	289.2999999999997	0.9738805970149254	0.7671641791044777	0.9783582089552239	0.835820895522388	0.9940298507462687	0.9097014925373135
YKL165C	67	90.0	8	28.0	77.0	151.0	268.0	99.0	182.6	151.0	268.0	0.6333333333333333	0.2777777777777778	0.8111111111111111	0.8	1.0	0.9666666666666667
YKL165C-A	1	1.0	1	0.0	0.0	3.0	1512.0	3.0	1512.0	3.0	1512.0	1.0	1.0	1.0	1.0	1.0	1.0
YKL166C	231	3264.0	908	6.0	1.0	321.0	288.0	187.0	228.0	209.0	233.0	0.8909313725490197	0.9390318627450981	0.9877450980392157	0.9558823529411765	0.9972426470588235	0.9568014705882353
YKL167C	310	1774.0	228	9.0	58.0	262.0	254.0	31.0	209.0	34.0	228.0	0.9971815107102593	0.552423900789177	0.9977452085682075	0.6437429537767756	0.9977452085682075	0.9966178128523112
YKL168C	129	521.0	65	9.0	120.0	36.0	607.0	19.0	216.0	21.0	282.05499999999984	0.9980806142034548	0.4836852207293666	1.0	0.5335892514395394	1.0	0.5508637236084453
YKL169C	9	8.0	2	1408.5	35.0	2395.0	403.0	2395.0	403.0	2395.0	403.0	0.25	0.625	0.25	0.875	0.25	0.875
YKL170W	218	1121.0	234	20.65492957746028	2.0	188.0	328.0	112.9666666666667	174.0	113.0	190.0	0.6494201605709188	0.8581623550401427	0.9937555753791257	0.9884032114183765	1.0	0.991971454058876
YKL171W	22	30.0	5	55.0	18.0	151.0	149.0	150.0	149.0	151.0	149.0	0.6333333333333333	0.7666666666666667	0.7	1.0	1.0	1.0
YKL172W	320	6265.0	1099	15.0	4.0	194.0	392.0	37.0	132.0	44.0	134.0	0.9869114126097366	0.8501197126895451	1.0	0.996488427773344	1.0	0.9993615323224262
YKL173W	43	81.0	10	10.69999999999709	8.916666666671517	91.0	181.0	56.0	178.9	89.44999999999999	181.0	0.7901234567901234	0.8395061728395061	0.9629629629629629	0.9135802469135802	1.0	1.0
YKL174C	315	1565.0	128	16.0	8.0	289.0	219.0	104.0	125.0	104.0	134.0	0.8498402555910544	0.8536741214057508	0.9718849840255591	0.9712460063897763	0.9980830670926517	0.9993610223642172
YKL175W	719	6176.0	186	37.0	78.0	347.0	537.0	75.0	165.0	81.0	171.0	0.6389248704663213	0.7137305699481865	0.9946567357512953	0.7357512953367875	0.9954663212435233	0.9980569948186528
YKL176C	93	156.0	14	4.0	117.0	616.0	251.0	451.39999999999895	201.79999999999995	572.52	249.82	0.7884615384615384	0.25	0.8910256410256411	0.6217948717948718	0.8974358974358975	0.8205128205128205
YKL177W	2	2.0	1	168.0	72.0	207.0	193.0	207.0	193.0	207.0	193.0	0.5	0.5	0.5	0.5	0.5	1.0
YKL178C	18	24.0	4	3.3333333333284827	4.0	209.0	298.0	194.73333333333312	285.4	209.0	298.0	0.8333333333333334	0.9166666666666666	0.875	0.9583333333333334	0.9166666666666666	1.0
YKL179C	54	82.0	7	21.0	23.0	69.0	318.0	55.0	189.53333333333322	60.799999999999926	276.39999999999907	0.2804878048780488	0.7317073170731707	0.9512195121951219	0.9390243902439024	1.0	0.9634146341463414
YKL180W	910	19169.0	2696	0.0	55.0	2676.0	249.0	36.0	132.0	48.0	190.24800000000104	0.9791329751160728	0.4069591527987897	0.9996348270645313	0.8858573738849184	0.9998956648755803	0.9992696541290625
YKL181W	658	7098.0	1802	9.0	45.0	723.0	1574.0	217.0	142.0	223.0	184.0	0.6231332769794308	0.680050718512257	0.952240067624683	0.9274443505212736	0.9926739926739927	0.9797125950972105
YKL183W	301	1147.0	162	27.0	24.0	215.0	816.0	188.0	167.0	191.05999999999995	676.0	0.6835222319093287	0.6416739319965127	0.96512641673932	0.972101133391456	0.998256320836966	0.972101133391456
YKL184W	551	2594.0	288	27.0	3.0	283.0	387.0	214.79999999999993	303.0	220.0	309.0	0.6449498843484965	0.8369313801079414	0.8797224363916731	0.9028527370855821	0.994988434849653	0.9078643022359291
YKL185W	191	779.0	119	16.0	10.0	387.0	129.0	366.0	119.0333333333333	378.0	124.0	0.8523748395378691	0.7586649550706034	0.9486521181001284	0.7586649550706034	0.975609756097561	0.9576379974326059
YKL186C	198	834.0	159	32.0	21.0	960.0	140.0	215.0	101.295	294.15999999999997	105.0	0.5419664268585132	0.7482014388489209	0.7973621103117506	1.0	0.8189448441247003	1.0
YKL187C	1	1.0	1	0.0	0.0	38.0	171.0	38.0	171.0	38.0	171.0	1.0	1.0	1.0	1.0	1.0	1.0
YKL188C	1	1.0	1	0.0	0.0	113.0	85.0	113.0	85.0	113.0	85.0	1.0	1.0	1.0	1.0	1.0	1.0
YKL189W	175	376.0	36	24.0	91.0	312.0	375.0	176.46666666666667	282.0	307.96000000000004	367.0	0.7180851063829787	0.27393617021276595	0.8138297872340425	0.43617021276595747	0.9627659574468085	0.901595744680851
YKL190W	275	3134.0	774	15.0	3.271739130432252	1941.0	540.0	48.0	180.0	60.0	184.0	0.7581365666879387	0.9878749202297383	0.9987236758136566	0.9894703254626676	0.9987236758136566	0.9910657306955967
YKL191W	139	542.0	54	14.0	9.0	198.0	1087.0	36.39999999999998	114.0	51.10666666666672	196.0	0.9649446494464945	0.8856088560885609	0.9981549815498155	0.9833948339483395	0.9981549815498155	0.9870848708487084
YKL192C	424	15089.0	1276	18.0	4.0	324.0	156.0	47.0	143.0	52.0	143.6431578947369	0.9372390483133408	0.9983431638942276	0.9977467028961495	1.0	1.0	1.0
YKL193C	15	27.0	6	13.666666666671517	0.0	51.0	114.0	47.599999999999994	110.0	51.0	111.84	0.9629629629629629	1.0	1.0	1.0	1.0	1.0
YKL194C	138	289.0	12	6.0	49.25	106.0	264.0	52.150000000000034	223.83333333333337	79.0	253.84250000000006	0.9204152249134948	0.4463667820069204	0.9965397923875432	0.9377162629757786	1.0	0.986159169550173
YKL195W	528	15566.0	9459	0.0	0.0	514.0	555.0	44.0	142.27297297297295	51.32270462633452	182.6800000000003	0.9910702813825003	0.9442374405756135	0.999935757420018	0.989399974302968	0.999935757420018	0.9919054349222665
YKL196C	421	1865.0	245	5.0	13.0	118.0	235.0	76.0	189.0	84.0	196.0	0.774798927613941	0.8579088471849866	0.9989276139410188	0.9501340482573727	1.0	1.0
YKL197C	12	13.0	2	5.75	112.33333333332848	35.0	508.0	34.7	499.0	35.0	508.0	1.0	0.38461538461538464	1.0	0.38461538461538464	1.0	0.5384615384615384
YKL198C	83	104.0	5	223.0	46.33333333332848	341.0	145.0	325.0	145.0	332.3599999999999	145.0	0.34615384615384615	0.3557692307692308	0.4326923076923077	0.9230769230769231	0.49038461538461536	1.0
YKL201C	3	3.0	1	77.25	90.0	164.0	217.0	164.0	217.0	164.0	217.0	0.3333333333333333	0.3333333333333333	0.6666666666666666	0.6666666666666666	0.6666666666666666	1.0
YKL204W	80	394.0	112	0.0	23.0	63.0	325.0	40.15384615384612	175.9333333333333	53.900000000000006	249.4000000000001	0.9720812182741116	0.6446700507614214	1.0	0.9822335025380711	1.0	0.9923857868020305
YKL205W	22	26.0	2	16.0	15.0	59.0	239.0	52.06666666666666	234.2	59.0	239.0	0.8461538461538461	0.8461538461538461	1.0	0.8846153846153846	1.0	0.9230769230769231
YKL206C	229	838.0	76	15.0	14.0	100.0	1037.0	49.0	89.0	57.0	106.44800000000001	0.8914081145584726	0.7732696897374701	0.9940334128878282	0.9928400954653938	1.0	0.9976133651551312
YKL207W	351	2888.0	320	8.0	31.0	1096.0	198.0	43.0	90.0	1058.0	110.41333333333326	0.9591412742382271	0.5630193905817175	0.9622576177285319	0.9809556786703602	0.9626038781163435	0.9965373961218836
YKL208W	204	417.0	20	8.875	128.0	214.0	1095.0	36.0	1051.0	59.0	1073.0	0.9592326139088729	0.4244604316546763	0.9976019184652278	0.5467625899280576	0.9976019184652278	0.7458033573141487
YKL210W	6	8.0	2	22.33333333333576	78.0	59.0	92.0	59.0	92.0	59.0	92.0	0.875	0.625	1.0	0.625	1.0	1.0
YKL211C	6	6.0	1	60.0	133.0	86.0	160.0	86.0	160.0	86.0	160.0	0.5	0.5	0.6666666666666666	0.5	1.0	0.5
YKL212W	15	16.0	2	83.0	71.0	256.0	136.0	242.49999999999997	135.0	256.0	135.68	0.5	0.1875	0.5625	0.875	1.0	1.0
YKL213C	128	861.0	119	9.0	5.0	95.0	937.0	44.0	75.0	75.756	79.0	0.9732868757259001	0.9895470383275261	0.9953542392566783	0.9965156794425087	1.0	0.9976771196283392
YKL214C	218	624.0	63	1.0	8.0	2443.0	225.0	74.0	128.0	88.704	148.07999999999993	0.9294871794871795	0.8878205128205128	0.9647435897435898	0.9214743589743589	0.9935897435897436	0.9919871794871795
YKL215C	5	5.0	1	17.0	36.75	78.0	186.0	78.0	186.0	78.0	186.0	0.2	0.6	1.0	1.0	1.0	1.0
YKL216W	284	687.0	39	14.0	62.0	728.0	401.0	95.0	317.0	114.76666666666665	323.0	0.8864628820960698	0.5764192139737991	0.9243085880640466	0.6652110625909753	0.9985443959243085	1.0
YKL217W	94	228.0	20	15.0	27.0	422.0	169.0	228.0	138.0	325.25333333333333	143.32	0.7543859649122807	0.3684210526315789	0.793859649122807	0.9956140350877193	0.8377192982456141	1.0
YKL218C	148	183.0	4	93.09999999999854	91.75	1463.0	900.0	1165.85	303.0	1316.36	472.39999999999975	0.14207650273224043	0.47540983606557374	0.4098360655737705	0.5846994535519126	0.8415300546448088	0.7540983606557377
YKL220C	17	16.0	2	100.5	13.5	1405.0	310.0	1356.3999999999999	300.7	1405.0	310.0	0.1875	0.6875	0.1875	0.6875	0.1875	0.75
YKL221W	1	1.0	1	0.0	0.0	22.0	147.0	22.0	147.0	22.0	147.0	1.0	1.0	1.0	1.0	1.0	1.0
YKL222C	59	92.0	10	16.0	24.0	150.0	299.0	139.0	296.0	149.16	298.58	0.8260869565217391	0.7391304347826086	0.967391304347826	0.8913043478260869	1.0	0.9565217391304348
YKR001C	386	2341.0	164	32.0	15.0	133.0	343.0	68.0	209.0	71.0	232.27000000000044	0.4391285775309697	0.8821016659547202	0.9756514310123878	0.9461768475010679	1.0	0.9530115335326783
YKR002W	143	591.0	69	49.01470588234952	42.0	264.0	116.0	251.92758620689654	101.0	259.0	103.0	0.6209813874788495	0.5296108291032149	0.9576988155668359	0.9966159052453468	0.9932318104906938	1.0
YKR003W	164	367.0	26	54.79999999998836	16.0	517.0	976.0	113.44999999999993	163.5333333333333	238.00999999999925	213.84666666666647	0.5286103542234333	0.8147138964577657	0.7057220708446866	0.896457765667575	0.989100817438692	0.9645776566757494
YKR004C	153	252.0	11	15.0	56.0	289.0	1126.0	55.0	616.6	59.0	793.5799999999982	0.8650793650793651	0.3611111111111111	1.0	0.6071428571428571	1.0	0.8015873015873016
YKR005C	14	24.0	6	791.5	3.0	1090.0	244.0	1090.0	234.19999999999996	1090.0	244.0	0.5416666666666666	0.9166666666666666	0.6666666666666666	0.9166666666666666	0.6666666666666666	0.9166666666666666
YKR006C	143	598.0	141	7.0	1.0	767.0	2146.0	34.0	98.0	49.039999999999964	2131.0	0.9214046822742475	0.9548494983277592	0.9949832775919732	0.9715719063545151	0.9966555183946488	0.9732441471571907
YKR007W	154	1162.0	110	14.0	0.0	92.0	100.0	35.657142857142844	91.0	46.56999999999982	94.0	0.9543889845094664	0.9982788296041308	0.9991394148020654	1.0	1.0	1.0
YKR008W	85	343.0	72	5.0	7.0	55.0	146.0	47.0	125.0	48.71384615384615	142.0	0.8483965014577259	0.760932944606414	1.0	1.0	1.0	1.0
YKR009C	6	7.0	2	8.33333333331393	54.33333333331393	121.0	136.0	121.0	136.0	121.0	136.0	0.7142857142857143	0.7142857142857143	1.0	0.7142857142857143	1.0	1.0
YKR010C	81	118.0	7	30.0	71.0	123.0	200.0	114.0	182.0	121.63999999999999	193.19999999999993	0.7033898305084746	0.4576271186440678	1.0	0.652542372881356	1.0	1.0
YKR011C	28	47.0	16	16.0	7.0	806.0	245.0	122.15	220.54999999999998	806.0	245.0	0.8085106382978723	0.8297872340425532	0.8936170212765957	0.9148936170212766	0.9787234042553191	0.9361702127659575
YKR012C	54	54.0	4	224.66666666668607	723.0	950.0	771.0	922.0	755.0	949.2	770.84	0.46296296296296297	0.2222222222222222	0.5925925925925926	0.2222222222222222	0.5925925925925926	0.25925925925925924
YKR013W	265	4070.0	1617	0.0	5.0	251.0	306.0	50.0	168.0	63.0	208.60000000000036	0.9832923832923833	0.6407862407862408	0.9933660933660934	0.9791154791154791	0.9995085995085995	0.9997542997542997
YKR014C	140	1104.0	163	41.58333333331393	1.0	213.0	140.0	152.0	95.0	158.48000000000002	114.0	0.6322463768115942	0.9909420289855072	0.8143115942028986	1.0	0.845108695652174	1.0
YKR015C	5	6.0	2	232.66666666668607	169.0	696.0	468.0	696.0	468.0	696.0	468.0	0.6666666666666666	0.6666666666666666	0.6666666666666666	0.6666666666666666	0.6666666666666666	0.6666666666666666
YKR016W	309	1649.0	133	2.0	51.0	65.0	363.0	61.0	276.0	65.0	285.0	0.9727107337780473	0.4057004244996968	1.0	0.5706488781079442	1.0	0.8126137052759248
YKR017C	79	161.0	13	39.0	30.0	174.0	271.0	144.0	222.79999999999995	172.89999999999986	271.0	0.2546583850931677	0.4658385093167702	0.7701863354037267	0.8757763975155279	0.9937888198757764	0.968944099378882
YKR018C	534	3728.0	155	23.0	8.0	99.0	530.0	47.0	340.0	52.0	341.0	0.5807403433476395	0.8530042918454935	0.9997317596566524	0.9002145922746781	1.0	0.9165772532188842
YKR019C	73	142.0	8	30.0	25.75	312.0	166.0	118.00000000000003	160.0	229.20000000000113	162.32000000000005	0.5211267605633803	0.6056338028169014	0.9225352112676056	0.8591549295774648	0.9859154929577465	1.0
YKR020W	161	354.0	54	24.0	10.0	1731.0	1917.0	72.0	354.0	227.87999999999943	355.91999999999996	0.7429378531073446	0.8615819209039548	0.8870056497175142	0.8983050847457628	0.980225988700565	0.9350282485875706
YKR021W	45	82.0	16	4.0	55.0	89.0	510.0	89.0	200.79999999999995	89.0	510.0	0.8658536585365854	0.524390243902439	0.975609756097561	0.6951219512195121	1.0	0.9634146341463414
YKR022C	70	153.0	15	31.08333333331393	7.0	1032.0	173.0	91.0	147.49999999999994	322.03999999999974	170.98	0.38562091503267976	0.9411764705882353	0.8169934640522876	0.9934640522875817	0.9869281045751634	1.0
YKR023W	57	109.0	13	22.0	3.0	64.0	130.0	64.0	93.36666666666666	64.0	129.41	0.6055045871559633	0.8073394495412844	0.8990825688073395	1.0	1.0	1.0
YKR024C	123	479.0	75	4.0	8.0	85.0	225.0	48.0	134.27499999999998	78.0	178.7333333333332	0.9457202505219207	0.7578288100208769	0.9770354906054279	0.8329853862212944	1.0	0.9895615866388309
YKR025W	423	1810.0	91	25.0	66.0	258.0	1469.0	50.0	107.0	60.0	132.0	0.8834254143646408	0.3580110497237569	0.9972375690607734	0.425414364640884	0.9994475138121547	0.9994475138121547
YKR026C	234	841.0	66	19.0	6.0	572.0	1171.0	106.0	189.0	136.62000000000057	191.0	0.8561236623067776	0.9726516052318668	0.9476813317479191	0.9785969084423306	0.9964328180737217	0.985731272294887
YKR027W	93	150.0	11	47.0	16.0	247.0	485.0	107.0	142.0	219.0	284.0	0.3933333333333333	0.76	0.74	0.9066666666666666	0.9866666666666667	0.9666666666666667
YKR028W	9	20.0	11	318.5	2.75	379.0	175.0	377.6666666666667	175.0	379.0	175.0	0.55	0.85	0.55	1.0	0.55	1.0
YKR029C	31	82.0	17	9.0	2.0	42.0	153.0	21.0	153.0	39.11999999999993	153.0	0.975609756097561	0.8170731707317073	1.0	1.0	1.0	1.0
YKR030W	142	464.0	65	19.0	7.0	673.0	525.0	219.68749999999997	135.0	225.72000000000003	135.43	0.7327586206896551	0.9762931034482759	0.8491379310344828	0.9827586206896551	0.8556034482758621	0.9849137931034483
YKR035C	2	1.0	1	301.5	81.5	1055.0	214.0	1055.0	214.0	1055.0	214.0	1.0	1.0	1.0	1.0	1.0	1.0
YKR035W-A	70	106.0	6	23.0	32.0	45.0	187.0	43.0	175.0	43.0	186.27999999999997	0.6698113207547169	0.7075471698113207	1.0	0.9811320754716981	1.0	1.0
YKR036C	129	583.0	132	2.0	15.0	52.0	750.0	32.13333333333336	178.0	33.0	339.15999999999804	0.934819897084048	0.7684391080617495	1.0	0.9005145797598628	1.0	0.9811320754716981
YKR037C	93	172.0	16	30.0	24.5	1391.0	191.0	62.0	166.0	449.2400000000015	181.64000000000001	0.7674418604651163	0.6453488372093024	0.9883720930232558	0.7674418604651163	0.9883720930232558	1.0
YKR038C	138	316.0	30	16.0	22.0	42.0	1253.0	29.0	153.0	39.67999999999995	177.0	0.9588607594936709	0.5886075949367089	1.0	0.9810126582278481	1.0	0.9936708860759493
YKR039W	70	113.0	10	57.5	26.25	431.0	163.0	73.69999999999999	154.0	312.5500000000005	162.65333333333334	0.5221238938053098	0.45132743362831856	0.7168141592920354	0.9734513274336283	0.9823008849557522	1.0
YKR041W	47	127.0	21	13.0	1448.5	21.0	1911.0	19.936363636363634	1909.0	20.86	1911.0	1.0	0.6220472440944882	1.0	0.6220472440944882	1.0	0.6692913385826772
YKR042W	601	10978.0	2157	10.0	6.0	1350.0	2777.0	222.0	237.0	229.0	243.72923076923072	0.9717617052286391	0.782565130260521	0.9859719438877755	0.966933867735471	0.9897066860994717	0.9717617052286391
YKR043C	471	3386.0	426	12.0	18.0	2289.0	259.0	46.19999999999982	158.0	80.77333333333331	180.0	0.9273479031305375	0.7327229769639693	0.9861193148257531	0.9536326048434731	0.9985233313644418	0.9964559952746603
YKR044W	218	1170.0	104	88.0	4.0	2695.0	810.0	157.0	69.0	163.19999999999968	94.59999999999991	0.4888888888888889	0.9666666666666667	0.5512820512820513	0.9974358974358974	0.9905982905982906	0.9974358974358974
YKR045C	221	538.0	25	8.0	1428.0	63.0	2674.0	48.0	1551.0	59.0	1575.0	0.9200743494423792	0.35315985130111527	1.0	0.362453531598513	1.0	0.36617100371747213
YKR046C	73	330.0	98	2.0	0.0	92.0	237.0	33.0	164.0	42.0	167.39999999999998	0.9393939393939394	0.9030303030303031	0.996969696969697	0.9666666666666667	1.0	1.0
YKR048C	120	695.0	101	9.0	11.0	182.0	176.0	34.0	144.0	37.0	158.29999999999973	0.99568345323741	0.8460431654676259	0.9971223021582734	1.0	0.9971223021582734	1.0
YKR049C	72	121.0	13	4.0	4.0	420.0	160.0	31.349999999999966	107.44999999999999	409.3499999999999	140.82999999999979	0.9752066115702479	0.9008264462809917	0.9752066115702479	0.9834710743801653	0.9752066115702479	1.0
YKR050W	42	64.0	5	546.3333333333721	35.0	1013.0	232.0	978.65	163.39999999999984	1011.11	231.86	0.4375	0.59375	0.5	0.65625	0.578125	0.953125
YKR051W	69	257.0	62	10.75	0.0	362.0	155.0	306.4249999999999	90.0	353.365	141.93	0.8443579766536965	0.9688715953307393	0.8988326848249028	0.980544747081712	0.9299610894941635	1.0
YKR052C	208	406.0	35	60.95833333337214	16.0	543.0	575.0	396.0	374.0	468.76	461.0	0.49014778325123154	0.8300492610837439	0.7142857142857143	0.9507389162561576	0.8251231527093597	0.9655172413793104
YKR053C	54	100.0	19	550.5	12.800000000046566	2361.0	114.0	1790.0	92.33333333333333	2270.0	105.0	0.21	0.78	0.21	1.0	0.22	1.0
YKR055W	41	103.0	17	9.0	8.0	67.0	436.0	61.04999999999998	392.675	67.0	435.47	0.9514563106796117	0.8155339805825242	1.0	0.883495145631068	1.0	0.970873786407767
YKR057W	797	42220.0	8329	12.0	21.0	82.0	4045.0	45.0	218.0	45.0	229.0	0.9189720511605874	0.7345333964945523	0.9999526290857413	0.9884414969208906	1.0	0.9982235907153008
YKR058W	89	158.0	10	54.0	35.66666666662786	1143.0	1667.0	248.19999999999936	256.39999999999947	1131.12	1666.92	0.4430379746835443	0.5316455696202531	0.6708860759493671	0.8227848101265823	0.8227848101265823	0.930379746835443
YKR059W	343	5212.0	2530	3.0	0.0	3360.0	2850.0	63.0	134.0	101.98000000000002	280.0	0.8977359938603223	0.9219109746738297	0.9556792018419032	0.9606676899462778	0.9992325402916347	0.9737145049884881
YKR060W	178	421.0	32	6.0	80.0	1559.0	1689.0	44.0	338.0	81.86000000000001	1682.0	0.9596199524940617	0.39667458432304037	0.9833729216152018	0.5558194774346793	0.997624703087886	0.9002375296912114
YKR061W	123	195.0	21	53.33333333337214	12.0	2718.0	1949.0	229.5	185.0	1188.0	1093.9000000000183	0.5641025641025641	0.8	0.7025641025641025	0.8051282051282052	0.9487179487179487	0.9025641025641026
YKR062W	424	949.0	41	13.0	117.0	2089.0	1694.0	108.0	418.275	127.0	660.0	0.7734457323498419	0.530031612223393	0.9620653319283456	0.6164383561643836	0.9968387776606955	0.6923076923076923
YKR063C	202	767.0	145	14.0	19.0	54.0	1349.0	20.0	197.0	40.94333333333335	695.0	0.9726205997392438	0.711864406779661	1.0	0.847457627118644	1.0	0.9739243807040417
YKR064W	50	82.0	7	17.0	103.0	58.0	188.0	49.0	165.39999999999998	55.11999999999993	188.0	0.8658536585365854	0.5853658536585366	1.0	0.6219512195121951	1.0	0.6707317073170732
YKR065C	364	2496.0	198	4.0	26.0	147.0	685.0	38.0	184.0	38.0	190.0	0.967948717948718	0.6955128205128205	0.9995993589743589	0.7788461538461539	0.9995993589743589	0.9975961538461539
YKR066C	283	961.0	62	14.0	20.0	435.0	163.0	38.0	124.0	40.0	127.0	0.9947970863683663	0.7377731529656608	0.9989594172736732	0.9833506763787722	0.9989594172736732	1.0
YKR067W	173	1196.0	236	40.0	0.0	455.0	183.0	118.0	155.76363636363638	145.23999999999978	180.0	0.5543478260869565	0.8737458193979933	0.9515050167224081	0.9147157190635451	0.9949832775919732	0.9908026755852842
YKR068C	350	1764.0	161	8.0	13.0	290.0	180.0	57.0	168.0	60.42999999999995	169.0	0.9835600907029478	0.7551020408163265	0.9948979591836735	0.9132653061224489	0.9948979591836735	0.9971655328798186
YKR069W	108	238.0	14	110.80000000004657	8.0	192.0	76.0	180.0	54.133333333333326	180.824	66.36000000000001	0.49159663865546216	0.9201680672268907	0.5714285714285714	1.0	0.6848739495798319	1.0
YKR070W	203	1014.0	167	16.0	33.59999999997672	179.0	1177.0	20.0	219.85999999999999	34.0	237.0	0.9664694280078896	0.5424063116370809	0.9960552268244576	0.8589743589743589	0.9990138067061144	0.9861932938856016
YKR071C	232	579.0	28	42.0	13.833333333372138	98.0	337.0	63.0	269.0	79.0	286.1900000000014	0.6027633851468048	0.8048359240069085	0.8687392055267703	0.8704663212435233	1.0	0.9930915371329879
YKR072C	267	635.0	59	53.0	21.0	312.0	265.0	193.0	219.0	236.0	245.14999999999998	0.38740157480314963	0.5669291338582677	0.7196850393700788	0.8	0.8960629921259843	0.9354330708661417
YKR074W	108	623.0	140	44.0	0.0	85.0	243.0	48.0	140.0	59.0	177.4999999999997	0.3146067415730337	0.9534510433386838	0.9534510433386838	0.9903691813804173	1.0	0.9967897271268058
YKR075C	34	36.0	4	71.19999999995343	10.5	188.0	162.0	176.39999999999998	162.0	179.0	162.0	0.5	0.8611111111111112	0.7222222222222222	1.0	0.8333333333333334	1.0
YKR075W-A	5	6.0	2	942.3333333333721	8.666666666627862	995.0	374.0	995.0	374.0	995.0	374.0	0.5	0.6666666666666666	0.5	1.0	0.5	1.0
YKR076W	119	163.0	5	128.5	103.0	514.0	236.0	317.12499999999994	170.0	373.12666666666723	234.18000000000006	0.4601226993865031	0.5460122699386503	0.6319018404907976	0.5460122699386503	0.7423312883435583	0.7361963190184049
YKR077W	44	88.0	11	11.0	22.0	107.0	106.0	91.5333333333333	101.19999999999999	107.0	105.24000000000001	0.7386363636363636	0.6022727272727273	0.9090909090909091	1.0	1.0	1.0
YKR078W	72	148.0	28	14.5	37.5	69.0	875.0	40.0	166.49999999999997	52.340000000000174	803.6400000000015	0.831081081081081	0.6756756756756757	0.9932432432432432	0.8108108108108109	1.0	0.8986486486486487
YKR079C	34	44.0	5	53.0	6.0	506.0	203.0	304.8666666666667	199.06666666666666	506.0	203.0	0.38636363636363635	0.7045454545454546	0.6136363636363636	0.8181818181818182	0.8863636363636364	1.0
YKR080W	222	345.0	26	99.0	52.0	812.0	220.0	173.0	190.0	559.3000000000004	202.05	0.4579710144927536	0.5710144927536231	0.5014492753623189	0.7333333333333333	0.8318840579710145	0.9942028985507246
YKR081C	229	1095.0	100	14.0	9.0	776.0	157.0	54.0	97.0	60.69999999999936	141.0	0.821917808219178	0.9515981735159817	0.9990867579908675	0.9990867579908675	0.9990867579908675	1.0
YKR082W	25	31.0	3	32.0	6.5	87.0	95.0	57.75	95.0	87.0	95.0	0.5806451612903226	0.8709677419354839	1.0	1.0	1.0	1.0
YKR083C	215	341.0	11	21.875	19.0	105.0	237.0	90.0	198.0	105.0	221.045	0.6715542521994134	0.04398826979472141	0.9530791788856305	0.17888563049853373	1.0	0.9618768328445748
YKR084C	352	2614.0	275	20.0	7.0	256.0	206.0	78.95529411764704	112.0	91.0	133.0	0.859602142310635	0.7968630451415455	0.9969395562356542	0.9969395562356542	0.9992348890589136	0.9992348890589136
YKR085C	395	1352.0	39	10.0	24.428571428521536	52.0	184.0	26.0	115.0	33.0	156.60000000000005	0.9985207100591716	0.5214497041420119	1.0	0.9770710059171598	1.0	1.0
YKR086W	28	69.0	31	0.0	0.7424242424312979	77.0	269.0	34.0	220.4	68.8300000000001	261.2100000000001	0.9710144927536232	0.8405797101449275	0.9855072463768116	0.855072463768116	1.0	0.9130434782608695
YKR087C	114	344.0	78	10.75	1.0	1192.0	179.0	37.0	116.0	55.24000000000001	125.38000000000005	0.9651162790697675	0.9534883720930233	0.9941860465116279	0.9912790697674418	0.997093023255814	1.0
YKR088C	112	364.0	56	0.0	9.0	3016.0	1310.0	29.0	121.0	983.0800000000052	261.5600000000013	0.9807692307692307	0.9148351648351648	0.9862637362637363	0.9368131868131868	0.989010989010989	0.989010989010989
YKR089C	73	178.0	20	2.0	33.0	227.0	1312.0	92.0	130.92	109.75999999999999	171.2	0.9044943820224719	0.6910112359550562	0.9943820224719101	0.9606741573033708	0.9943820224719101	0.9943820224719101
YKR090W	216	1156.0	248	24.0	3.0	214.0	541.0	184.0	197.0	190.0	206.64000000000033	0.7197231833910035	0.7906574394463668	0.8944636678200693	0.8295847750865052	0.9939446366782007	0.9948096885813149
YKR091W	50	71.0	13	13.0	9.0	308.0	344.0	92.30000000000003	133.4625	242.24000000000098	168.18000000000026	0.7746478873239436	0.9295774647887324	0.8169014084507042	1.0	0.9859154929577465	1.0
YKR092C	96	203.0	31	13.0	105.1875	256.0	274.0	44.833333333333314	270.46666666666664	245.0	274.0	0.9310344827586207	0.42857142857142855	0.9802955665024631	0.5960591133004927	0.9802955665024631	0.7142857142857143
YKR093W	346	3227.0	499	1.0	13.0	211.0	292.0	135.0	209.63299999999998	198.0	258.0	0.9157111868608615	0.9674620390455532	0.9504183452122714	0.9814068794546018	0.9838859621939883	0.9938022931515339
YKR094C	1149	13971.0	2222	10.0	10.0	105.0	347.0	67.91866666666664	188.0	76.0	197.0	0.9073795719705103	0.8950683558800372	0.99191181733591	0.9536897859852552	1.0	0.9945601603321165
YKR095W-A	114	353.0	79	18.0	0.0	137.0	413.0	59.23333333333331	128.0	65.55199999999995	141.96999999999997	0.8725212464589235	0.8725212464589235	0.9943342776203966	0.9745042492917847	0.9971671388101983	0.9943342776203966
YKR096W	20	24.0	3	93.33333333337214	4.0	280.0	121.0	280.0	118.19999999999999	280.0	121.0	0.5416666666666666	0.9583333333333334	0.75	0.9583333333333334	0.75	1.0
YKR097W	23	73.0	27	6.0	1.7857142856810242	365.0	229.0	353.09999999999997	222.85	363.15999999999997	228.31	0.8082191780821918	0.863013698630137	0.8082191780821918	0.8767123287671232	0.821917808219178	0.8767123287671232
YKR098C	60	127.0	14	16.0	41.0	166.0	174.0	165.76666666666665	164.0	166.0	174.0	0.7952755905511811	0.6692913385826772	0.952755905511811	0.7874015748031497	0.9921259842519685	1.0
YKR099W	44	100.0	13	13.75	18.0	316.0	255.0	283.0	135.0	312.5	234.5	0.86	0.76	0.94	0.98	0.97	0.98
YKR100C	217	576.0	38	9.0	386.0	403.0	582.0	383.56666666666666	463.0	396.0	487.18000000000006	0.8350694444444444	0.3541666666666667	0.9878472222222222	0.3628472222222222	0.9895833333333334	0.3697916666666667
YKR101W	46	152.0	37	5.0	5.0	48.0	251.0	23.600000000000023	232.1	39.83999999999992	237.95999999999998	0.993421052631579	0.8092105263157895	1.0	0.8092105263157895	1.0	0.8092105263157895
YKR104W	14	16.0	2	474.5	159.0	1758.0	339.0	1728.3999999999999	332.7	1758.0	339.0	0.1875	0.4375	0.1875	0.6875	0.1875	0.6875
YLL001W	198	909.0	141	19.0	13.0	103.0	417.0	64.0	230.0	67.0	355.0	0.7843784378437844	0.7051705170517052	0.9988998899889989	0.7502750275027503	1.0	0.8338833883388339
YLL002W	26	47.0	6	17.0	6.0	54.0	92.0	54.0	85.3	54.0	92.0	0.8085106382978723	1.0	1.0	1.0	1.0	1.0
YLL003W	31	57.0	9	41.541666666656965	10.0	60.0	109.0	60.0	109.0	60.0	109.0	0.6666666666666666	0.8596491228070176	0.7894736842105263	1.0	1.0	1.0
YLL004W	43	195.0	34	11.0	18.821428571420256	309.0	110.0	22.0	97.0	223.20000000000203	97.73333333333335	0.9897435897435898	0.8717948717948718	0.9897435897435898	1.0	0.9897435897435898	1.0
YLL006W	182	326.0	17	14.0	624.0	245.0	1903.0	49.0	1874.0	67.65333333333335	1875.48	0.8803680981595092	0.1901840490797546	0.9969325153374233	0.1901840490797546	0.9969325153374233	0.1901840490797546
YLL006W-A	1	1.0	1	0.0	0.0	4.0	1380.0	4.0	1380.0	4.0	1380.0	1.0	1.0	1.0	1.0	1.0	1.0
YLL007C	99	177.0	17	12.5	97.0	104.0	285.0	103.0	207.0	103.15333333333332	285.0	0.8531073446327684	0.3728813559322034	0.9887005649717514	0.5875706214689266	1.0	0.8361581920903954
YLL008W	70	435.0	119	2.0	22.0	96.0	199.0	55.0	133.0	71.0	175.0	0.9195402298850575	0.7080459770114943	1.0	0.9793103448275862	1.0	1.0
YLL009C	430	1656.0	55	22.0	8.0	87.0	239.0	75.0	143.75999999999985	79.0	168.0	0.4867149758454106	0.9432367149758454	0.9963768115942029	0.9963768115942029	1.0	1.0
YLL010C	50	67.0	4	44.0	88.83333333332848	246.0	378.0	242.0	370.0	246.0	376.64	0.582089552238806	0.6417910447761194	0.7910447761194029	0.7313432835820896	0.9701492537313433	0.7761194029850746
YLL011W	161	764.0	133	13.0	8.0	53.0	234.0	34.0	100.0	44.0	132.16000000000008	0.8547120418848168	0.943717277486911	1.0	0.9895287958115183	1.0	0.9986910994764397
YLL012W	37	66.0	8	18.0	6.0	105.0	111.0	99.79999999999998	97.0	105.0	109.72000000000003	0.6818181818181818	0.7878787878787878	1.0	1.0	1.0	1.0
YLL013C	5	6.0	2	201.0	227.0	276.0	397.0	276.0	397.0	276.0	397.0	0.3333333333333333	0.6666666666666666	0.6666666666666666	0.6666666666666666	0.6666666666666666	0.6666666666666666
YLL014W	234	1420.0	322	0.0	16.0	38.0	1463.0	18.0	175.0	34.0	196.0	1.0	0.8161971830985916	1.0	0.956338028169014	1.0	0.9950704225352113
YLL015W	2	4.0	3	10.5	0.0	133.0	65.0	133.0	65.0	133.0	65.0	1.0	1.0	1.0	1.0	1.0	1.0
YLL018C	1596	20349.0	613	27.0	15.0	100.0	1843.0	84.0	162.0	84.0	286.0	0.5488230379871247	0.9357216570838862	0.997985158975871	0.9717430831981916	1.0	0.9846675512310187
YLL018C-A	565	7109.0	757	4.0	29.0	2642.0	1691.0	59.0	617.0	122.39166666666662	701.0999999999985	0.9375439583626389	0.6114784076522718	0.9610353073568716	0.7731045154030103	0.9938106625404417	0.7805598537065691
YLL020C	24	24.0	3	684.5	38.0	1039.0	99.0	980.1999999999998	83.59999999999994	1039.0	99.0	0.125	0.5	0.3333333333333333	0.9166666666666666	0.4166666666666667	1.0
YLL022C	85	199.0	19	30.0	8.0	404.0	1190.0	355.4799999999999	118.49999999999994	383.02	185.15999999998166	0.6582914572864321	0.7989949748743719	0.8743718592964824	0.9346733668341709	0.8743718592964824	0.9899497487437185
YLL023C	238	873.0	116	24.0	21.0	1395.0	244.0	67.0	143.0	76.0	158.8499999999999	0.43871706758304696	0.709049255441008	0.995418098510882	0.7869415807560137	0.997709049255441	0.9988545246277205
YLL024C	705	19272.0	3768	5.0	21.0	158.0	429.0	44.0	164.0	52.0	198.0779999999999	0.9669987546699875	0.6893939393939394	0.9971980074719801	0.9238273142382731	0.9993254462432545	0.9963677874636778
YLL025W	8	9.0	2	148.83333333332848	28.833333333328483	1324.0	320.0	1324.0	282.19999999999993	1324.0	312.44	0.7777777777777778	0.2222222222222222	0.7777777777777778	0.5555555555555556	0.7777777777777778	1.0
YLL026W	56	152.0	37	0.0	53.0	181.0	149.0	173.00000000000006	106.0	181.0	147.95999999999998	0.8881578947368421	0.6381578947368421	0.9013157894736842	0.6447368421052632	0.9342105263157895	1.0
YLL027W	252	868.0	123	108.53225806451519	24.0	326.0	197.0	213.0	153.0	244.0	155.0	0.3191244239631336	0.5299539170506913	0.42857142857142855	0.9907834101382489	0.5887096774193549	1.0
YLL028W	109	228.0	13	17.0	14.0	306.0	418.0	163.2	413.15	175.66	418.0	0.75	0.6754385964912281	0.956140350877193	0.8114035087719298	0.9824561403508771	0.8114035087719298
YLL029W	171	624.0	61	21.0	13.0	166.0	133.0	151.88571428571427	112.0	166.0	119.0	0.6634615384615384	0.9839743589743589	0.9551282051282052	1.0	0.9951923076923077	1.0
YLL031C	30	112.0	20	14.0	0.0	109.0	161.0	88.0	94.89999999999999	107.75999999999999	139.29999999999984	0.7946428571428571	0.9821428571428571	0.9642857142857143	0.9910714285714286	1.0	1.0
YLL032C	15	16.0	2	41.0	25.0	105.0	674.0	105.0	674.0	105.0	674.0	0.5	0.1875	0.875	0.1875	1.0	0.1875
YLL033W	30	44.0	7	5.0	245.0	14.0	898.0	13.299999999999997	743.6999999999995	14.0	898.0	1.0	0.4090909090909091	1.0	0.6590909090909091	1.0	0.6590909090909091
YLL034C	97	229.0	19	11.0	43.0	77.0	196.0	54.0	155.00714285714287	71.47000000000006	156.0	0.9650655021834061	0.5109170305676856	1.0	0.9388646288209607	1.0	0.9956331877729258
YLL035W	150	357.0	22	36.0	11.5	178.0	884.0	170.0	178.64999999999998	173.0	567.7300000000025	0.5266106442577031	0.7366946778711485	0.8543417366946778	0.9747899159663865	1.0	0.9859943977591037
YLL036C	120	431.0	39	9.25	18.0	159.0	93.0	40.0	87.0	52.56999999999999	87.0	0.9721577726218097	0.8677494199535963	0.9976798143851509	1.0	0.9976798143851509	1.0
YLL037W	5	4.0	2	83.0	245.0	929.0	730.0	929.0	730.0	929.0	730.0	0.5	0.5	0.5	0.5	1.0	0.5
YLL038C	45	48.0	3	16.0	1197.0	58.0	1849.0	53.0	1845.4	58.0	1849.0	0.9791666666666666	0.16666666666666666	1.0	0.22916666666666666	1.0	0.5833333333333334
YLL039C	104	175.0	13	43.0	75.0	1369.0	155.0	1361.75	142.0	1363.75	149.16666666666666	0.7028571428571428	0.5485714285714286	0.7542857142857143	0.6342857142857142	0.7828571428571428	1.0
YLL041C	152	424.0	26	18.0	10.0	90.0	434.0	77.0	376.0	88.0	423.0	0.7735849056603774	0.7688679245283019	1.0	0.7924528301886793	1.0	0.9811320754716981
YLL042C	13	8.0	2	26.0	68.66666666666424	62.0	108.0	57.199999999999996	107.0	61.04	107.0	0.375	0.375	1.0	0.375	1.0	1.0
YLL043W	23	46.0	15	43.0	19.5	98.0	204.0	97.39999999999999	182.39999999999998	98.0	204.0	0.5652173913043478	0.8043478260869565	0.782608695652174	0.9347826086956522	1.0	0.9347826086956522
YLL045C	985	24320.0	5580	9.0	8.0	1034.0	275.0	32.0	107.0	58.599999999998545	115.53749999999991	0.9559210526315789	0.8006578947368421	0.9919407894736842	0.9960115131578947	0.9998355263157894	0.9997532894736842
YLL050C	576	34101.0	10263	4.0	0.0	253.0	2659.0	35.70700934579438	124.76902654867251	41.0	134.0	0.9939884460866251	0.9986510659511452	0.9999413506935281	0.9998827013870561	0.9999413506935281	0.9999413506935281
YLL051C	94	205.0	22	19.0	23.0	967.0	893.0	78.0	345.0	189.84999999999985	536.6571428571425	0.7902439024390244	0.4926829268292683	0.7951219512195122	0.7317073170731707	0.975609756097561	0.848780487804878
YLL052C	14	19.0	3	1.0	8.916666666664241	274.0	522.0	261.1	521.325	274.0	522.0	0.7894736842105263	0.8421052631578947	0.8421052631578947	0.8421052631578947	0.8421052631578947	0.8947368421052632
YLL053C	14	18.0	3	10.0	10.5	631.0	227.0	631.0	181.39999999999975	631.0	227.0	0.7777777777777778	0.8888888888888888	0.8333333333333334	0.8888888888888888	0.8888888888888888	0.9444444444444444
YLL054C	16	50.0	20	12.0	0.428571428572468	58.0	382.0	51.0	382.0	58.0	382.0	0.86	0.94	1.0	1.0	1.0	1.0
YLL055W	46	51.0	4	218.66666666666788	42.0	1394.0	82.0	634.0	79.89999999999999	1390.2000000000007	81.99333333333334	0.4117647058823529	0.6274509803921569	0.47058823529411764	1.0	0.5686274509803921	1.0
YLL056C	89	126.0	7	664.0	6.0	1341.0	136.0	1331.6	126.0	1338.872	132.95999999999998	0.05555555555555555	0.9841269841269841	0.05555555555555555	1.0	0.07936507936507936	1.0
YLL058W	211	758.0	64	36.0	1.0	1074.0	268.0	169.0	136.13333333333335	188.0	162.62999999999994	0.5474934036939314	0.8839050131926122	0.91688654353562	0.9511873350923483	0.9432717678100264	0.996042216358839
YLL059C	25	29.0	5	32.75	18.0	253.0	1592.0	247.29999999999998	1585.35	253.0	1592.0	0.6206896551724138	0.6551724137931034	0.8620689655172413	0.896551724137931	0.896551724137931	0.896551724137931
YLL060C	144	225.0	15	50.5	15.0	1394.0	259.0	1357.0	256.0	1380.5	259.0	0.4488888888888889	0.7244444444444444	0.6444444444444445	0.96	0.68	0.9644444444444444
YLL061W	237	1629.0	273	0.0	83.0	56.0	598.0	27.0	206.36666666666665	44.0	510.0	0.9785144260282382	0.4340085942295887	1.0	0.4978514426028238	1.0	0.8612645794966237
YLL062C	110	153.0	5	69.0	102.0	155.0	703.0	119.0	521.85	149.06999999999996	697.7099999999998	0.40522875816993464	0.3333333333333333	0.5555555555555556	0.5032679738562091	0.8431372549019608	0.7450980392156863
YLL063C	15	15.0	2	119.0	97.5	516.0	166.0	468.75	166.0	516.0	166.0	0.5333333333333333	0.3333333333333333	0.6666666666666666	0.4	0.6666666666666666	0.5333333333333333
YLR001C	29	43.0	7	18.5	86.0	43.0	151.0	42.35	148.9	43.0	151.0	0.8604651162790697	0.5116279069767442	1.0	0.6744186046511628	1.0	1.0
YLR002C	408	2363.0	290	14.0	46.0	233.0	187.0	57.399999999999636	133.0	73.86999999999989	168.0	0.8789674143038511	0.7058823529411765	0.9966144731273805	0.8192975031739315	0.9987304274227676	0.9720694033008886
YLR003C	104	254.0	41	19.0	5.0	72.0	147.0	50.0	129.0	57.0	139.82400000000004	0.9015748031496063	0.9015748031496063	1.0	0.9763779527559056	1.0	1.0
YLR004C	18	29.0	4	12.875	0.0	299.0	93.0	208.43333333333305	79.69999999999996	299.0	93.0	0.7586206896551724	0.9655172413793104	0.896551724137931	1.0	0.9655172413793104	1.0
YLR005W	132	623.0	129	0.0	74.0	238.0	312.0	45.0	230.20000000000027	67.61999999999989	277.15999999999985	0.9791332263242376	0.3756019261637239	0.9919743178170144	0.5441412520064205	0.9919743178170144	0.9935794542536116
YLR006C	13	17.0	2	16.25	82.5	188.0	313.0	188.0	313.0	188.0	313.0	0.8235294117647058	0.7058823529411765	0.9411764705882353	0.7058823529411765	1.0	0.7647058823529411
YLR007W	64	199.0	24	10.0	16.0	215.0	945.0	38.099999999999966	74.54999999999998	60.69333333333331	162.54999999999995	0.9246231155778895	0.949748743718593	0.9798994974874372	0.9849246231155779	0.9949748743718593	0.9899497487437185
YLR008C	459	1344.0	156	23.0	66.0	177.0	374.0	111.0	274.29999999999995	124.83999999999992	286.03999999999996	0.6904761904761905	0.6004464285714286	0.9598214285714286	0.6540178571428571	1.0	0.9940476190476191
YLR009W	417	4377.0	975	10.0	0.0	610.0	195.0	183.0	134.0	185.0	143.0	0.6298834818368746	0.9961160612291524	0.9200365547178433	0.9970299291752341	0.9623029472241261	1.0
YLR010C	80	111.0	8	5.0	23.79999999998836	60.0	204.0	35.0	185.0	51.866666666666674	203.12	0.8018018018018018	0.6216216216216216	1.0	0.8648648648648649	1.0	1.0
YLR011W	177	331.0	21	28.0	49.5	308.0	392.0	114.0	294.0	131.32999999999998	315.57	0.6827794561933535	0.676737160120846	0.9758308157099698	0.7462235649546828	0.9939577039274925	0.7552870090634441
YLR012C	5	2.0	1	64.0	131.0	100.0	268.0	100.0	264.8	100.0	267.36	0.5	0.5	0.5	0.5	1.0	0.5
YLR015W	289	1263.0	123	0.0	24.0	702.0	786.0	63.0	535.2666666666664	177.78999999999814	548.0	0.8836104513064132	0.4615993665874901	0.9889152810768013	0.7600950118764845	0.9889152810768013	0.894695170229612
YLR016C	135	258.0	14	12.0	45.0	76.0	864.0	47.0	202.2	66.51999999999992	760.3519999999992	0.8449612403100775	0.5155038759689923	1.0	0.810077519379845	1.0	0.9457364341085271
YLR017W	44	163.0	25	6.0	7.0	1921.0	93.0	18.0	89.0	28.220000000000027	89.97111111111111	0.9938650306748467	0.9938650306748467	0.9938650306748467	1.0	0.9938650306748467	1.0
YLR018C	309	1113.0	141	8.5	1.0	112.0	268.0	85.0	121.0	90.0	135.0	0.8571428571428571	0.917340521114106	0.9964061096136568	0.9892183288409704	1.0	1.0
YLR019W	118	245.0	21	30.0	7.833333333343035	420.0	316.0	311.0	264.0	322.15000000000117	309.3500000000001	0.7142857142857143	0.7795918367346939	0.9306122448979591	0.8	0.9387755102040817	0.8204081632653061
YLR020C	116	573.0	101	21.0	7.0	1526.0	210.0	53.0	177.0	131.0	196.15999999999985	0.9144851657940664	0.9616055846422339	0.9860383944153578	0.9965095986038395	0.9930191972076788	0.9965095986038395
YLR021W	146	437.0	46	25.0	5.0	119.0	478.0	50.0	282.0	69.0	416.81999999999994	0.7459954233409611	0.8741418764302059	1.0	0.9221967963386728	1.0	0.9290617848970252
YLR022C	126	1353.0	443	16.033333333325572	0.0	242.0	2542.0	35.0	62.0	163.81125000000006	68.0	0.7730968218773097	0.991130820399113	0.9667405764966741	0.9970436067997044	0.974870657797487	0.9977827050997783
YLR023C	592	1991.0	79	75.0	10.0	2228.0	550.0	197.0	489.0	472.1099999999976	489.0	0.46408839779005523	0.6735308890005023	0.6880964339527875	0.7353088900050226	0.9753892516323456	0.9377197388247112
YLR025W	168	418.0	25	30.0	12.0	95.0	296.0	87.06666666666665	132.0	90.865	281.9399999999999	0.562200956937799	0.7416267942583732	0.7966507177033493	0.7488038277511961	1.0	0.7535885167464115
YLR026C	114	236.0	47	23.0	2.0	1641.0	1247.0	124.0	231.39999999999998	1641.0	1030.54	0.711864406779661	0.7838983050847458	0.809322033898305	0.8305084745762712	0.902542372881356	0.8898305084745762
YLR027C	357	5827.0	1284	2.0	1.0	548.0	1488.0	40.0	77.0	42.59333333333329	111.0	0.9922773296722156	0.8567015616955552	0.998798695726789	0.9941650935301184	0.998798695726789	0.9963960871803672
YLR028C	853	4949.0	308	53.0	5.0	299.0	172.0	217.0	139.0	223.01000000000022	155.01000000000022	0.41927662153970496	0.890280864821176	0.5489997979389776	0.9801980198019802	0.882198423924025	1.0
YLR029C	480	7897.0	1577	0.0	21.0	120.0	384.0	28.0	141.0	33.76499999999987	176.0	0.986957072305939	0.8251234646068127	0.9987336963403824	0.9931619602380651	1.0	0.9974673926807649
YLR031W	2	1.0	1	464.0	5.5	1040.0	32.0	947.1999999999999	32.0	1021.4399999999999	32.0	1.0	1.0	1.0	1.0	1.0	1.0
YLR032W	18	22.0	3	28.0	2.0	51.0	80.0	50.4	79.6	51.0	80.0	0.5909090909090909	0.8636363636363636	1.0	1.0	1.0	1.0
YLR033W	233	1356.0	99	43.0	5.0	116.0	227.0	69.0	210.0	71.0	213.23333333333343	0.5752212389380531	0.9306784660766961	0.9653392330383481	0.9653392330383481	1.0	0.9948377581120944
YLR034C	425	3706.0	1075	0.0	22.0	2572.0	823.0	212.59999999999977	190.0	233.0	369.0	0.9017808958445763	0.5634106853750674	0.9506206152185644	0.923097679438748	0.9940636805180788	0.9347004856988667
YLR035C	49	60.0	5	17.0	242.0	120.0	2046.0	47.0	482.3333333333333	112.89999999999989	1948.9999999999986	0.9	0.36666666666666664	0.9833333333333333	0.4166666666666667	1.0	0.55
YLR036C	144	273.0	13	22.25	19.333333333343035	290.0	434.0	71.74444444444444	223.0	258.0	303.0	0.5567765567765568	0.7106227106227107	0.9816849816849816	0.9487179487179487	0.9853479853479854	0.9560439560439561
YLR037C	122	164.0	13	1287.166666666657	2.0	1677.0	481.0	1517.0	151.0	1581.9999999999989	312.0399999999961	0.1524390243902439	0.9573170731707317	0.16463414634146342	0.9817073170731707	0.17073170731707318	0.9878048780487805
YLR038C	960	8139.0	874	7.0	161.0	709.0	450.0	77.54999999999927	320.0	84.0	336.0	0.8966703526231724	0.4140557808084531	0.9995085391325715	0.42339353728959334	0.9997542695662858	0.42560511119302125
YLR040C	33	17.0	2	77.375	10.5	2725.0	806.0	1874.1499999999965	355.89999999999816	2725.0	806.0	0.4117647058823529	0.8235294117647058	0.6470588235294118	0.9411764705882353	0.8823529411764706	0.9411764705882353
YLR041W	54	70.0	4	263.0	43.0	722.0	990.0	523.0	952.0	685.1999999999995	983.8	0.38571428571428573	0.45714285714285713	0.4142857142857143	0.9	0.4857142857142857	0.9
YLR042C	66	107.0	21	59.0	0.0	1856.0	1864.0	98.0	119.09999999999988	111.90666666666665	1376.3649999999936	0.4485981308411215	0.9532710280373832	0.7102803738317757	0.9906542056074766	0.9906542056074766	0.9906542056074766
YLR043C	760	5322.0	288	19.0	59.0	2101.0	3600.0	47.0	173.0	59.0	295.0	0.8124765125892521	0.5422773393461104	0.9964299135663285	0.7190905674558437	0.9981210071401728	0.9780157835400225
YLR044C	862	65675.0	25409	0.0	4.0	208.0	799.0	36.0	88.0	56.0	99.0	0.9813627712219262	0.9665017129805862	0.9980510087552341	0.9985382565664256	0.9983250856490293	0.9998477350590027
YLR045C	88	116.0	7	30.0	78.0	238.0	297.0	101.09999999999997	263.7	156.82000000000042	275.8800000000001	0.5431034482758621	0.31896551724137934	0.9051724137931034	0.3706896551724138	0.9913793103448276	0.9310344827586207
YLR046C	92	164.0	73	774.4864864864794	5.0	2867.0	133.0	1966.1999999999994	126.0	2865.6	133.0	0.4634146341463415	0.8841463414634146	0.4695121951219512	0.9024390243902439	0.49390243902439024	1.0
YLR047C	16	18.0	2	19.0	943.333333333343	304.0	1400.0	303.2	1399.2	304.0	1400.0	0.3888888888888889	0.16666666666666666	0.8888888888888888	0.16666666666666666	1.0	0.2222222222222222
YLR048W	1113	39044.0	7355	15.0	6.0	302.0	448.0	42.0	261.0	66.0	268.0	0.8844892941296998	0.852679028788034	0.9964655260731482	0.9899088208175392	0.9999487757401906	0.9963630775535294
YLR049C	152	624.0	131	33.0	0.5	295.0	148.0	220.0	112.19999999999982	233.77999999999997	147.0	0.4342948717948718	0.9487179487179487	0.7676282051282052	1.0	0.7852564102564102	1.0
YLR050C	138	187.0	10	56.0	17.125	930.0	380.0	127.60000000000002	142.0	772.4499999999981	206.26	0.5508021390374331	0.6470588235294118	0.679144385026738	0.983957219251337	0.9411764705882353	0.9893048128342246
YLR051C	113	398.0	82	5.0	17.0	63.0	808.0	43.0	129.0	54.0	149.6933333333333	0.9095477386934674	0.8467336683417085	1.0	0.9949748743718593	1.0	0.9949748743718593
YLR052W	207	458.0	28	40.0	566.0	301.0	1190.0	74.52	688.0	83.84000000000003	705.7466666666668	0.5458515283842795	0.4148471615720524	0.8406113537117904	0.6244541484716157	0.9978165938864629	0.6331877729257642
YLR053C	11	7.0	2	80.0	13.0	173.0	121.0	170.9	121.0	172.57999999999998	121.0	0.7142857142857143	1.0	0.7142857142857143	1.0	0.7142857142857143	1.0
YLR055C	5	7.0	2	14.75	5.333333333343035	58.0	51.0	58.0	51.0	58.0	51.0	1.0	0.8571428571428571	1.0	1.0	1.0	1.0
YLR056W	370	7836.0	1822	11.0	0.0	1401.0	416.0	78.45294117647059	139.0	102.53500000000008	189.0	0.7849668198060235	0.9508677896886166	0.9803471158754467	0.9604389994895355	0.9985962225625319	0.9997447677386422
YLR057W	42	91.0	11	13.450000000011642	21.0	118.0	119.0	94.80000000000001	114.0	108.57000000000008	118.31666666666668	0.8131868131868132	0.5824175824175825	0.978021978021978	1.0	1.0	1.0
YLR058C	452	6030.0	1915	5.7790697674499825	6.0	1135.0	185.0	93.0	150.0	116.0	156.0	0.8742951907131011	0.9590381426202321	0.9379767827529022	0.9809286898839138	0.9998341625207297	0.9917081260364843
YLR059C	125	293.0	64	43.0	1.0	506.0	345.0	254.1454545454545	201.0	258.0	268.0	0.5255972696245734	0.89419795221843	0.78839590443686	0.8976109215017065	0.8088737201365188	0.9215017064846417
YLR060W	322	1763.0	143	19.0	11.0	67.0	235.0	57.0	151.0	60.60999999999967	176.0	0.9387407827566647	0.8564946114577425	1.0	0.9319342030629608	1.0	0.9960294951786727
YLR061W	623	16349.0	3098	3.0	6.0	96.0	301.0	42.0	99.43666666666662	62.01000000000022	121.0	0.9221359104532387	0.928130160866108	0.9970028747935653	0.9999388341794605	1.0	0.9999388341794605
YLR063W	2	2.0	1	10.0	673.0	11.0	1117.0	11.0	1117.0	11.0	1117.0	1.0	0.5	1.0	0.5	1.0	0.5
YLR064W	175	392.0	44	43.0	28.0	1310.0	163.0	1203.2999999999997	138.0	1237.48	148.94999999999996	0.45918367346938777	0.6913265306122449	0.8852040816326531	0.8877551020408163	0.8979591836734694	1.0
YLR065C	344	6069.0	1335	6.0	0.0	517.0	783.0	61.0	112.7561626429479	72.0	129.0	0.8718075465480309	0.9810512440270226	0.9988465974625144	0.9886307464162135	0.9998352282089307	0.9947273026857802
YLR066W	208	718.0	59	10.0	9.0	120.0	375.0	69.0	161.0	76.44727272727276	251.0	0.8955431754874652	0.8314763231197771	0.9986072423398329	0.9122562674094707	1.0	0.9832869080779945
YLR067C	10	15.0	3	16.75	0.0	123.0	111.0	121.375	103.75	123.0	111.0	0.6	0.9333333333333333	1.0	1.0	1.0	1.0
YLR068W	136	363.0	62	12.0	5.0	89.0	160.0	41.099999999999795	119.2333333333333	70.055	138.48000000000002	0.8732782369146006	0.977961432506887	0.9944903581267218	0.9944903581267218	1.0	1.0
YLR069C	219	1082.0	58	15.0	20.0	100.0	203.0	30.949999999999932	161.0	42.0	171.0	0.9824399260628466	0.9057301293900185	0.9935304990757856	0.9953789279112755	1.0	1.0
YLR070C	1	1.0	1	0.0	0.0	49.0	133.0	49.0	133.0	49.0	133.0	1.0	1.0	1.0	1.0	1.0	1.0
YLR071C	24	33.0	4	21.66666666668607	2.583333333313931	55.0	153.0	55.0	151.64999999999998	55.0	153.0	0.7272727272727273	0.9090909090909091	1.0	1.0	1.0	1.0
YLR072W	103	1344.0	634	9.0	0.0	292.0	2792.0	38.0	82.0	38.0	85.0	0.9918154761904762	0.9352678571428571	0.9970238095238095	0.9947916666666666	0.9985119047619048	0.9985119047619048
YLR073C	236	1775.0	249	15.0	0.0	889.0	715.0	141.0	82.0	163.42307692307693	87.75	0.6309859154929578	0.9898591549295774	0.9211267605633803	0.9960563380281691	0.9904225352112676	0.9960563380281691
YLR074C	454	3231.0	234	13.0	6.0	336.0	1019.0	59.0	242.0	74.0	245.0	0.7935623645930052	0.7901578458681523	0.9873104302073661	0.8043949241720829	0.9969049829774064	0.8099659548127515
YLR075W	994	31268.0	4859	1.0	17.72802311182022	4085.0	248.0	31.0	156.0	62.0	158.0	0.9665792503517974	0.8414992964052705	0.9933158500703595	0.9993923500063964	0.9993603684277856	0.9999040552641678
YLR077W	212	875.0	79	39.0	14.0	142.0	1108.0	76.0	171.0	122.5	191.0	0.6857142857142857	0.8994285714285715	0.9577142857142857	0.9748571428571429	0.9908571428571429	0.9988571428571429
YLR078C	343	1401.0	192	28.0	1.0	1000.0	204.0	87.15000000000002	97.0	734.0	152.0	0.662384011420414	0.9464668094218416	0.9735902926481085	0.9593147751605996	0.9778729478943612	0.9964311206281228
YLR079W	95	406.0	104	8.0	0.0	1039.0	2814.0	52.19999999999999	166.0	109.3599999999999	170.44	0.9507389162561576	0.7857142857142857	0.9901477832512315	0.8768472906403941	0.9901477832512315	0.9211822660098522
YLR080W	6	7.0	2	1599.5	830.0	2135.0	1238.0	2135.0	1238.0	2135.0	1238.0	0.42857142857142855	0.42857142857142855	0.42857142857142855	0.5714285714285714	0.7142857142857143	0.5714285714285714
YLR081W	1949	93260.0	13828	10.0	160.0	147.0	542.0	67.0	250.0	80.0	266.0	0.9703838730431052	0.319118593180356	0.9970298091357496	0.32586317821145183	1.0	0.4279862749303024
YLR082C	92	496.0	133	19.0	1.0	85.0	353.0	64.0	349.0	77.0	349.0	0.844758064516129	0.8346774193548387	1.0	0.9576612903225806	1.0	0.9879032258064516
YLR083C	446	2154.0	165	56.0	5.0	201.0	317.0	176.0	228.0	183.8800000000001	263.96000000000004	0.6355617455896008	0.7209842154131848	0.6773444753946146	0.7957288765088208	0.9545032497678737	0.989786443825441
YLR084C	4	6.0	2	33.66666666668607	16.5	152.0	91.0	152.0	91.0	152.0	91.0	0.8333333333333334	0.8333333333333334	0.8333333333333334	1.0	0.8333333333333334	1.0
YLR085C	143	342.0	34	15.0	8.0	172.0	1137.0	54.0	127.0	82.75999999999846	156.0	0.9210526315789473	0.7719298245614035	0.9912280701754386	0.9444444444444444	0.9912280701754386	0.9970760233918129
YLR086W	7	8.0	2	2.0	213.16666666668607	58.0	367.0	58.0	367.0	58.0	367.0	1.0	0.25	1.0	0.375	1.0	0.625
YLR088W	230	1012.0	122	8.0	21.0	243.0	319.0	59.0	212.0	69.0	303.0	0.7845849802371542	0.8409090909090909	0.9920948616600791	0.9594861660079052	0.9940711462450593	0.983201581027668
YLR089C	893	4002.0	234	121.0	43.0	2100.0	277.0	331.28571428571325	203.0	390.0	229.0	0.25687156421789104	0.7133933033483258	0.2926036981509245	0.782608695652174	0.45027486256871563	0.8150924537731135
YLR090W	128	231.0	10	30.0	46.25	274.0	187.0	215.79999999999995	165.0	244.70999999999998	187.0	0.08225108225108226	0.5324675324675324	0.45021645021645024	0.7619047619047619	0.9393939393939394	1.0
YLR091W	42	48.0	3	20.5	104.0	70.0	535.0	70.0	524.7333333333333	70.0	535.0	0.7083333333333334	0.2916666666666667	1.0	0.5833333333333334	1.0	0.6458333333333334
YLR092W	4	4.0	1	18.0	27.5	31.0	169.0	31.0	169.0	31.0	169.0	0.75	0.75	1.0	1.0	1.0	1.0
YLR093C	400	1180.0	109	14.0	32.0	163.0	276.0	83.0	231.0	93.0	238.0	0.9635593220338983	0.661864406779661	0.9906779661016949	0.8186440677966101	1.0	0.8627118644067797
YLR094C	304	3015.0	466	24.0	0.0	135.0	406.0	80.0	119.0	88.0	143.0	0.5711442786069652	0.9217247097844112	0.9893864013266999	0.9990049751243781	0.9996683250414594	0.9996683250414594
YLR095C	62	197.0	26	8.58333333331393	5.0	85.0	75.0	44.0	61.0	73.24000000000001	75.0	0.9644670050761421	1.0	0.9949238578680203	1.0	1.0	1.0
YLR096W	4	3.0	1	6.0	56.25	214.0	129.0	211.9	126.6	213.57999999999998	128.51999999999998	1.0	0.3333333333333333	1.0	0.3333333333333333	1.0	1.0
YLR097C	33	54.0	6	30.0	24.285714285739232	103.0	173.0	81.0	142.26666666666657	81.0	173.0	0.5370370370370371	0.5185185185185185	0.9444444444444444	0.9629629629629629	1.0	1.0
YLR098C	91	372.0	104	6.0	9.5	205.0	735.0	178.0	149.79999999999995	194.8799999999999	201.6133333333331	0.8333333333333334	0.7204301075268817	0.8413978494623656	0.9381720430107527	0.8682795698924731	0.9919354838709677
YLR099C	86	124.0	22	72.06521739129676	75.0	586.0	133.0	107.0	124.0	131.2800000000004	124.0	0.3870967741935484	0.3225806451612903	0.5080645161290323	0.3225806451612903	1.0	1.0
YLR099W-A	360	3314.0	695	10.0	2.0	1637.0	1475.0	100.0	62.0	1629.0	87.44000000000051	0.7929993964996982	0.9894387447193723	0.9146047073023537	0.9906457453228726	0.9550392275196138	0.9951719975859988
YLR100W	262	1382.0	85	3.0	35.66666666668607	800.0	1157.0	55.0	127.0	139.02000000000248	210.0	0.8979739507959479	0.7373371924746743	0.9819102749638206	0.9782923299565847	0.9898697539797395	0.9855282199710564
YLR102C	71	187.0	33	4.775000000023283	3.0	89.0	166.0	35.84000000000001	161.0	52.0	166.0	0.9411764705882353	0.9411764705882353	1.0	1.0	1.0	1.0
YLR103C	83	262.0	52	17.0	0.0	110.0	129.0	101.0	119.0	110.0	121.0	0.7251908396946565	0.9122137404580153	0.9694656488549618	0.9961832061068703	1.0	1.0
YLR104W	206	1899.0	629	0.0	2.0	429.0	196.0	44.0	74.94	400.0	87.00571428571428	0.923117430226435	0.9752501316482359	0.9726171669299631	0.9936808846761453	0.9731437598736177	0.9989468141126909
YLR105C	107	192.0	12	42.0	5.0	332.0	341.0	160.475	101.0	331.0	123.31999999999994	0.2864583333333333	0.96875	0.75	0.9791666666666666	0.96875	0.9947916666666666
YLR107W	112	161.0	8	20.0	23.0	88.0	489.0	48.0	469.45	87.11999999999989	482.3399999999999	0.9006211180124224	0.6521739130434783	0.9813664596273292	0.8260869565217391	1.0	0.8944099378881988
YLR108C	45	76.0	11	38.5	1.0	1148.0	213.0	339.45000000000033	148.0	1017.4799999999974	201.81999999999977	0.7105263157894737	0.8289473684210527	0.8157894736842105	0.9473684210526315	0.9473684210526315	0.9868421052631579
YLR109W	658	29347.0	8953	5.0	4.0	339.0	3750.0	45.0	72.0	99.0	88.0	0.9683442941356868	0.9870855624084234	0.9871196374416465	0.9981940232391726	0.9967969468770232	0.9996251746345453
YLR110C	2506	421314.0	99079	0.0	9.0	910.0	956.0	46.0	140.0	55.0	157.0	0.9826376526771007	0.727020701899296	0.9994944388270981	0.9087616362143199	0.9997721414431991	0.9978282231304918
YLR111W	4	5.0	2	992.0	718.0	1647.0	2338.0	1647.0	2338.0	1647.0	2338.0	0.4	0.6	0.4	0.6	0.4	0.6
YLR112W	260	1201.0	230	39.071428571420256	202.0	2047.0	1873.0	60.0	440.0	60.245000000000005	1851.0	0.7227310574521232	0.697751873438801	0.9966694421315571	0.6985845129059117	0.9966694421315571	0.7027477102414654
YLR113W	430	1061.0	47	212.0	10.125	2876.0	518.0	396.89999999999986	156.0	881.0	163.7800000000002	0.23845428840716307	0.6616399622997172	0.6022620169651273	0.9830348727615457	0.6974552309142319	0.9934024505183789
YLR114C	92	163.0	12	10.0	220.40000000002328	542.0	482.0	83.0	472.0	482.89000000000203	476.7266666666667	0.9202453987730062	0.3374233128834356	0.9815950920245399	0.49079754601226994	0.9877300613496932	0.6503067484662577
YLR115W	45	89.0	9	11.0	7.7000000000116415	48.0	1890.0	43.0	157.0	48.0	1890.0	0.8651685393258427	0.8651685393258427	1.0	0.8651685393258427	1.0	0.898876404494382
YLR116W	66	109.0	21	62.75	3.0	2872.0	469.0	1044.2999999999993	211.25	2865.5099999999998	460.6599999999997	0.7155963302752294	0.7431192660550459	0.7522935779816514	0.7706422018348624	0.7522935779816514	0.8073394495412844
YLR117C	168	1131.0	121	21.0	10.406779661017936	902.0	230.0	38.0	152.0	61.82800000000007	203.09500000000003	0.7736516357206012	0.9345711759504863	0.9911582670203359	0.9814323607427056	0.9973474801061007	0.9991158267020336
YLR118C	451	6724.0	1243	26.66666666668607	0.0	730.0	2386.0	65.0	107.0	73.26000000000022	181.0	0.5991969066032123	0.9631171921475312	0.9903331350386675	0.97441998810232	0.9967281380130875	0.9971743010113028
YLR119W	7	5.0	1	203.25	15.5	341.0	100.0	277.0	100.0	328.20000000000005	100.0	0.2	1.0	0.2	1.0	0.6	1.0
YLR120C	311	801.0	42	67.0	72.0	2058.0	415.0	194.0	411.0	437.0	413.0	0.5805243445692884	0.5255930087390761	0.66541822721598	0.6192259675405742	0.9675405742821473	0.9425717852684145
YLR120W-A	128	52.0	4	392.0	1613.0	811.0	1652.0	511.0	1633.9333333333334	809.8399999999998	1651.8799999999999	0.28846153846153844	0.40384615384615385	0.5576923076923077	0.4423076923076923	0.7115384615384616	0.5384615384615384
YLR121C	331	2991.0	570	5.0	1.0	134.0	2625.0	35.0	154.0	51.0	163.0	0.9702440655299231	0.8849882982280174	0.9979939819458375	0.9501838849882982	0.9996656636576395	0.9876295553326646
YLR122C	37	53.0	5	65.66666666668607	537.0	1944.0	684.0	1064.8249999999957	682.0833333333334	1944.0	684.0	0.09433962264150944	0.20754716981132076	0.09433962264150944	0.4339622641509434	0.20754716981132076	0.5094339622641509
YLR123C	64	90.0	7	80.0	652.0	1868.0	808.0	376.0	803.0	1868.0	808.0	0.23333333333333334	0.26666666666666666	0.6444444444444445	0.3333333333333333	0.8333333333333334	0.5333333333333333
YLR125W	58	70.0	4	895.0	178.20000000001164	1729.0	1576.0	1668.0	1392.3333333333333	1719.6	1551.9999999999995	0.07142857142857142	0.38571428571428573	0.08571428571428572	0.4142857142857143	0.1	0.45714285714285713
YLR126C	55	87.0	15	17.0	0.0	98.0	331.0	98.0	256.7999999999994	98.0	329.89	0.7586206896551724	0.8735632183908046	0.896551724137931	0.8735632183908046	1.0	0.9195402298850575
YLR127C	10	12.0	2	18.0	35.5	79.0	198.0	79.0	198.0	79.0	198.0	0.75	0.5	0.9166666666666666	1.0	1.0	1.0
YLR128W	83	161.0	15	23.0	35.0	1088.0	297.0	225.0	251.45	606.9999999999941	260.1199999999999	0.7267080745341615	0.8012422360248447	0.9254658385093167	0.9813664596273292	0.9316770186335404	1.0
YLR129W	186	514.0	49	28.0	35.0	75.0	313.0	69.26666666666665	142.14999999999998	75.0	174.32000000000016	0.7412451361867705	0.4046692607003891	0.9766536964980544	0.8988326848249028	1.0	0.9922178988326849
YLR130C	253	396.0	13	39.0	194.33333333331393	231.0	504.0	195.7	338.0	230.0	340.36	0.29797979797979796	0.2828282828282828	0.75	0.6085858585858586	0.9924242424242424	0.6742424242424242
YLR131C	20	23.0	2	82.5	6.666666666686069	1360.0	159.0	659.9499999999978	136.89999999999992	1360.0	159.0	0.21739130434782608	0.8260869565217391	0.21739130434782608	0.8695652173913043	0.6521739130434783	1.0
YLR132C	72	138.0	15	34.0	142.71428571426077	85.0	2846.0	85.0	443.1999999999998	85.0	1846.7600000000052	0.6231884057971014	0.32608695652173914	0.9492753623188406	0.6304347826086957	1.0	0.7028985507246377
YLR133W	144	230.0	10	44.0	77.0	115.0	644.0	96.0	578.75	105.0	644.0	0.7130434782608696	0.3565217391304348	0.8608695652173913	0.3869565217391304	1.0	0.7086956521739131
YLR134W	32	76.0	33	0.0	1.3333333333139308	2012.0	145.0	218.50000000000006	144.35384615384615	1214.2199999999946	145.0	0.75	0.8421052631578947	0.9210526315789473	0.9605263157894737	0.9210526315789473	1.0
YLR135W	23	29.0	5	18.75	4.25	163.0	283.0	105.99999999999983	191.79999999999973	163.0	283.0	0.6896551724137931	0.9310344827586207	0.9655172413793104	0.9655172413793104	1.0	0.9655172413793104
YLR136C	80	200.0	24	19.33333333331393	11.0	130.0	275.0	57.81818181818182	253.0	97.0	266.6	0.945	0.95	0.99	0.975	1.0	0.98
YLR137W	44	78.0	13	17.0	6.0	1255.0	270.0	174.0	249.59999999999997	1239.6	266.64	0.9102564102564102	0.9102564102564102	0.9487179487179487	0.9230769230769231	0.9487179487179487	0.9230769230769231
YLR138W	29	38.0	3	66.25	9.0	205.0	73.0	190.60000000000002	73.0	205.0	73.0	0.5263157894736842	0.9736842105263158	0.5789473684210527	1.0	1.0	1.0
YLR139C	66	192.0	31	22.5	0.0	452.0	216.0	54.0	186.79999999999995	271.37999999999425	195.0	0.7447916666666666	0.9322916666666666	0.9895833333333334	0.9947916666666666	0.9895833333333334	1.0
YLR141W	109	426.0	52	8.0	16.0	104.0	445.0	61.0	423.0	89.0	429.60000000000014	0.8779342723004695	0.9647887323943662	0.9788732394366197	0.9906103286384976	1.0	0.9976525821596244
YLR142W	68	352.0	71	7.1578947368543595	0.054054054082371294	81.0	192.0	40.0	145.0	46.48000000000002	150.0	0.9431818181818182	0.8068181818181818	1.0	0.8096590909090909	1.0	0.9801136363636364
YLR143W	164	467.0	34	22.0	25.0	56.0	338.0	42.0	203.04999999999984	56.0	264.0	0.6916488222698073	0.6702355460385439	1.0	0.8693790149892934	1.0	0.880085653104925
YLR144C	83	119.0	6	6.0	88.0	1434.0	329.0	40.0	306.0	559.0800000000029	328.31	0.907563025210084	0.24369747899159663	0.9831932773109243	0.25210084033613445	0.9831932773109243	0.7983193277310925
YLR145W	75	139.0	16	14.0	16.0	384.0	262.0	26.0	65.09999999999997	377.3699999999998	197.25999999999755	0.9640287769784173	0.9424460431654677	0.9856115107913669	0.9856115107913669	0.9856115107913669	0.9856115107913669
YLR146C	129	422.0	38	16.0	3.0	250.0	822.0	54.39999999999998	92.175	226.0	304.53599999999255	0.7630331753554502	0.990521327014218	0.9620853080568721	0.9928909952606635	0.9620853080568721	0.9928909952606635
YLR146W-A	292	709.0	39	16.0	12.0	160.0	502.0	27.0	210.0	59.91999999999962	245.09999999999968	0.7475317348377997	0.7813822284908322	0.997179125528914	0.9167842031029619	0.998589562764457	0.9435825105782792
YLR147C	155	830.0	159	16.0	2.0	57.0	358.0	44.5	122.0	52.40000000000009	124.80000000000018	0.863855421686747	0.9891566265060241	1.0	0.9951807228915662	1.0	0.9963855421686747
YLR148W	20	41.0	7	17.0	7.0	77.0	181.0	74.24999999999997	171.79999999999998	77.0	181.0	0.9024390243902439	0.8292682926829268	1.0	1.0	1.0	1.0
YLR149C	11	16.0	4	12.0	3.5	99.0	196.0	96.6	196.0	99.0	196.0	0.75	0.8125	1.0	0.8125	1.0	0.8125
YLR150W	1465	19640.0	2301	33.0	37.0	263.0	416.0	80.0	228.0	144.0	236.0	0.6155804480651731	0.5161405295315682	0.9292769857433808	0.7591649694501018	0.9820773930753565	0.8580957230142566
YLR151C	113	367.0	35	2.0	113.0	53.0	449.0	21.0	397.8588235294118	36.08666666666655	401.0	0.9536784741144414	0.4087193460490463	0.997275204359673	0.4141689373297003	1.0	0.6103542234332425
YLR152C	94	167.0	11	83.0	17.625	470.0	199.0	359.90000000000003	102.60000000000002	461.5133333333335	192.66000000000003	0.20958083832335328	0.9461077844311377	0.38323353293413176	0.9520958083832335	0.9101796407185628	0.9760479041916168
YLR153C	617	4738.0	536	40.0	2.0	123.0	406.0	95.0	263.0	100.10333333333331	298.0	0.6538623891937526	0.9024905023216547	0.8214436471084846	0.9761502743773744	1.0	0.9848037146475306
YLR154C	206	463.0	28	73.0	11.0	190.0	435.0	96.0	105.39999999999996	176.0	391.23000000000013	0.38876889848812096	0.9136069114470843	0.6781857451403888	0.9676025917926566	0.9935205183585313	0.9697624190064795
YLR163C	257	850.0	66	8.047619047632907	48.33333333331393	1020.0	1051.0	51.0	158.0	706.0	407.0	0.8364705882352941	0.5470588235294118	0.98	0.8435294117647059	0.9811764705882353	0.9647058823529412
YLR164W	32	48.0	11	243.66666666668607	6.272727272706106	382.0	150.0	363.0	125.99999999999989	372.87999999999994	150.0	0.2916666666666667	0.9583333333333334	0.375	1.0	0.5833333333333334	1.0
YLR165C	34	41.0	7	7.875	46.0	869.0	125.0	46.449999999999996	125.0	194.95999999999393	125.0	0.8048780487804879	0.43902439024390244	1.0	0.8780487804878049	1.0	1.0
YLR166C	73	167.0	18	13.400000000023283	18.0	88.0	252.0	66.20000000000005	69.0	78.83000000000001	232.23500000000035	0.5988023952095808	0.844311377245509	0.9940119760479041	0.9640718562874252	1.0	0.9640718562874252
YLR167W	960	29855.0	12780	2.0	0.0	759.0	239.0	68.0	69.0	76.0	115.0	0.8711103667727349	0.9251381678110869	0.9751800368447496	0.9874057946742589	0.9999665047730698	0.9981912577457712
YLR168C	137	478.0	100	564.0	0.0	837.0	181.0	826.0	136.0	832.0	164.479999999999	0.4790794979079498	0.9832635983263598	0.7175732217573222	0.9895397489539749	0.7364016736401674	0.997907949790795
YLR170C	390	1808.0	212	20.0	0.0	1157.0	1179.0	53.0	1126.0	59.0	1126.368	0.7494469026548672	0.7505530973451328	0.9917035398230089	0.9214601769911505	0.9917035398230089	0.9341814159292036
YLR172C	635	5113.0	241	23.0	59.0	83.0	959.0	43.0	147.0	48.0	160.0	0.7752787013495013	0.5523176217484843	0.9996088402112263	0.6902014472912185	1.0	0.9908077449638177
YLR173W	271	1392.0	232	2.0	258.5	1263.0	1685.0	81.0	399.0	113.0	1681.0	0.9525862068965517	0.5280172413793104	0.9885057471264368	0.6587643678160919	0.9935344827586207	0.6702586206896551
YLR174W	59	79.0	7	2029.0	14.5	2238.0	275.0	2238.0	103.0	2238.0	241.74666666666596	0.3037974683544304	0.810126582278481	0.3037974683544304	0.9873417721518988	0.3037974683544304	0.9873417721518988
YLR175W	476	7708.0	1678	10.0	0.0	164.0	233.0	78.09999999999945	142.0	100.0	167.84000000000015	0.901141670991178	0.9565386611312922	0.950570835495589	0.9900103788271926	0.9998702646600934	0.996497145822522
YLR176C	2	2.0	1	58.0	0.0	564.0	99.0	564.0	99.0	564.0	99.0	0.5	1.0	0.5	1.0	1.0	1.0
YLR177W	27	51.0	9	7.0	2.75	725.0	104.0	58.64999999999997	81.69999999999997	722.5600000000005	103.84000000000003	0.8627450980392157	0.9803921568627451	0.9607843137254902	1.0	0.9607843137254902	1.0
YLR178C	103	223.0	24	63.5	3.599999999976717	1020.0	150.0	964.2333333333333	83.39999999999998	997.9425000000001	106.35000000000005	0.4304932735426009	0.9372197309417041	0.6367713004484304	0.9775784753363229	0.8340807174887892	1.0
YLR179C	517	4920.0	777	15.0	8.0	133.0	1051.0	83.0	105.0	128.0	315.0	0.8152439024390243	0.9556910569105691	0.9869918699186991	0.9772357723577236	1.0	0.9796747967479674
YLR180W	548	10422.0	1841	0.0	9.0	665.0	3070.0	87.0	269.0	114.0	289.0	0.9193053156783727	0.7235655344463635	0.9653617347917866	0.9635386682018806	0.9995202456342352	0.994626751103435
YLR181C	256	1324.0	91	9.0	23.0	500.0	178.0	89.0	131.0	99.0	136.0	0.8851963746223565	0.6503021148036254	0.9916918429003021	0.9977341389728097	0.9969788519637462	1.0
YLR182W	104	304.0	57	20.675675675680395	7.0	78.0	211.0	58.0	211.0	77.95999999999998	211.0	0.7006578947368421	0.8092105263157895	1.0	0.8519736842105263	1.0	1.0
YLR183C	129	375.0	32	32.25	15.558823529398069	153.0	196.0	81.5	169.0	134.0	181.75	0.584	0.944	0.952	1.0	0.9946666666666667	1.0
YLR185W	494	20681.0	10324	8.0	0.0	270.0	242.0	49.0	105.0	49.0	151.0	0.882645906871041	0.9595764228035395	0.9979207968666892	0.9897490450171655	0.9995648179488419	0.9992263430201634
YLR186W	435	1804.0	66	16.28000000002794	22.0	246.0	3826.0	70.0	109.0	80.38000000000011	159.0	0.8508869179600886	0.6541019955654102	0.9972283813747228	0.9811529933481153	0.9994456762749445	0.9927937915742794
YLR187W	14	17.0	2	19.25	47.5	1479.0	271.0	1187.7999999999988	231.09999999999985	1479.0	271.0	0.7058823529411765	0.4117647058823529	0.7647058823529411	0.7647058823529411	0.7647058823529411	0.9411764705882353
YLR188W	146	554.0	46	14.0	65.0	94.0	387.0	87.0	226.0	91.0	331.2400000000007	0.8754512635379061	0.6606498194945848	0.9927797833935018	0.6732851985559567	1.0	0.9566787003610109
YLR189C	7	8.0	2	11.0	27.33333333337214	75.0	177.0	75.0	140.19999999999996	75.0	169.64	1.0	0.375	1.0	1.0	1.0	1.0
YLR190W	166	368.0	27	65.5	35.0	495.0	494.0	427.54999999999995	409.0	469.30999999999983	417.0	0.5054347826086957	0.5163043478260869	0.5625	0.9646739130434783	0.8532608695652174	0.9809782608695652
YLR191W	148	249.0	9	18.0	53.0	88.0	400.0	78.0	268.0	81.34666666666665	269.37999999999965	0.8072289156626506	0.6305220883534136	1.0	0.7349397590361446	1.0	0.9076305220883534
YLR192C	544	2317.0	368	1.0	20.0	963.0	417.0	66.0	240.46000000000004	97.0	352.65999999999985	0.8122572291756581	0.7397496763055675	0.9913681484678464	0.9654725938713854	0.9991368148467846	0.981009926629262
YLR193C	254	1092.0	80	37.0	9.0	92.0	1634.0	76.7999999999999	185.15999999999994	80.0	193.52999999999975	0.6437728937728938	0.9523809523809523	1.0	0.9972527472527473	1.0	0.9990842490842491
YLR194C	133	483.0	56	10.75	2.0	259.0	160.0	114.0	101.0	240.03500000000017	107.17000000000002	0.9006211180124224	0.8530020703933747	0.9192546583850931	0.9958592132505176	0.9523809523809523	1.0
YLR195C	368	1234.0	75	15.0	85.0	155.0	415.0	47.0	339.0	56.0	390.0	0.8492706645056726	0.7139384116693679	0.9967585089141004	0.7228525121555915	0.9983792544570502	0.8079416531604539
YLR196W	391	2125.0	154	16.0	8.0	120.0	356.0	95.0	155.0	105.0	235.0	0.7355294117647059	0.8536470588235294	0.9247058823529412	0.9647058823529412	1.0	0.9745882352941176
YLR197W	360	2027.0	303	12.0	5.0	112.0	223.0	62.0	209.0	73.0	216.0	0.9176122348297977	0.8090774543660583	0.9965466206216083	0.8978786383818451	1.0	0.9925999013320178
YLR199C	228	409.0	27	17.0	13.375	316.0	370.0	82.0666666666666	201.0	99.0	325.48499999999973	0.8215158924205379	0.687041564792176	0.9853300733496333	0.8777506112469438	0.9926650366748166	0.9633251833740831
YLR200W	556	2003.0	245	11.0	18.25	1219.0	2883.0	72.0	195.0	97.0	297.0	0.8517224163754369	0.7588617074388417	0.9595606590114828	0.8931602596105841	0.9985022466300549	0.9765351972041937
YLR201C	205	1427.0	492	2.607142857159488	1.0	1769.0	397.0	56.149999999999864	114.0	1731.0	114.0	0.7792571829011913	0.9957953749124037	0.9586545199719692	0.9964961457603364	0.9586545199719692	0.9964961457603364
YLR202C	34	64.0	11	8.0	2.0	1426.0	799.0	1399.3999999999999	797.0	1424.32	798.8133333333333	0.828125	0.828125	0.875	0.828125	0.875	0.828125
YLR203C	752	9845.0	1053	8.0	19.0	133.0	1253.0	72.0	172.0	102.0	368.0	0.9524631792788217	0.7613001523616049	0.9973590655154901	0.937328593194515	1.0	0.9723717623158964
YLR204W	214	1798.0	262	4.0	16.0	978.0	233.0	35.0	163.0	63.0	170.0	0.9110122358175751	0.9627363737486095	0.9994438264738599	0.9994438264738599	0.9994438264738599	1.0
YLR205C	45	39.0	3	21.599999999976717	14.0	177.0	176.0	158.29999999999993	130.39999999999998	171.54	176.0	0.7435897435897436	0.9230769230769231	0.8205128205128205	0.9230769230769231	0.8717948717948718	0.9743589743589743
YLR207W	81	243.0	27	55.0	10.125	102.0	257.0	79.0	88.0	100.85333333333331	228.0	0.38271604938271603	0.9259259259259259	0.4567901234567901	0.9753086419753086	1.0	0.9835390946502057
YLR208W	572	1499.0	65	49.0	65.5	1210.0	384.0	116.0	365.0	135.07999999999993	369.51	0.4676450967311541	0.29286190793862577	0.9292861907938625	0.7651767845230153	0.9973315543695798	0.8992661774516344
YLR209C	272	619.0	34	17.0	102.0	102.0	261.0	36.46666666666655	185.0	50.429999999999836	194.30999999999995	0.8287560581583199	0.31179321486268174	0.9919224555735057	0.5072697899838449	1.0	0.7027463651050081
YLR210W	67	106.0	7	17.400000000023283	5.0	582.0	224.0	94.79999999999995	180.0	447.03999999999945	208.87999999999994	0.7924528301886793	0.9433962264150944	0.9622641509433962	0.9716981132075472	0.9716981132075472	1.0
YLR211C	37	87.0	19	8.0	8.125	112.0	368.0	80.94999999999997	366.4047619047619	103.8599999999999	368.0	0.8160919540229885	0.8160919540229885	0.9885057471264368	0.9885057471264368	1.0	1.0
YLR212C	216	539.0	67	20.0	9.5	289.0	369.0	53.0	184.0	57.0	210.16666666666688	0.7922077922077922	0.6771799628942486	0.9962894248608535	0.9090909090909091	1.0	0.9888682745825603
YLR213C	82	177.0	12	24.0	25.0	883.0	186.0	450.8500000000008	144.0	787.8199999999977	159.83999999999992	0.2033898305084746	0.6949152542372882	0.7627118644067796	0.9943502824858758	0.9096045197740112	1.0
YLR214W	116	490.0	120	48.0	0.0	2000.0	169.0	135.0	160.33333333333334	193.16000000000017	166.0	0.49387755102040815	0.9326530612244898	0.7816326530612245	0.9979591836734694	0.9612244897959183	1.0
YLR215C	75	137.0	17	14.5	22.0	78.0	178.0	64.97500000000001	130.0	78.0	163.93999999999983	0.8759124087591241	0.6934306569343066	1.0	0.9854014598540146	1.0	1.0
YLR216C	367	2987.0	553	8.0	21.0	582.0	186.0	57.0	114.0	76.0	119.0	0.9387345162370271	0.7167726816203549	0.9973217274857716	0.821560093739538	0.9979912956143288	1.0
YLR217W	4	4.0	3	747.0	25.0	2150.0	742.0	2150.0	742.0	2150.0	742.0	0.75	0.75	0.75	0.75	0.75	0.75
YLR218C	1	1.0	1	0.0	0.0	81.0	104.0	81.0	104.0	81.0	104.0	1.0	1.0	1.0	1.0	1.0	1.0
YLR219W	67	340.0	130	10.5	1.0	218.0	428.0	198.0	166.0	204.0	353.30000000000007	0.9470588235294117	0.9411764705882353	0.9852941176470589	0.9647058823529412	0.9852941176470589	0.9676470588235294
YLR220W	302	1260.0	91	13.0	12.094594594556838	171.0	578.0	161.0	409.0	161.0	526.0	0.9206349206349206	0.7611111111111111	0.9365079365079365	0.8746031746031746	0.9984126984126984	0.9047619047619048
YLR221C	239	784.0	189	9.0	25.0	132.0	643.0	56.5333333333333	235.5999999999999	100.0	265.0	0.8979591836734694	0.5114795918367347	0.9732142857142857	0.9655612244897959	1.0	0.9974489795918368
YLR222C	151	777.0	183	15.0	1.0	66.0	253.0	45.0	176.0	52.0	198.84400000000005	0.8828828828828829	0.8867438867438867	1.0	0.8970398970398971	1.0	0.9897039897039897
YLR222C-A	3	4.0	3	483.0	0.0	1960.0	9.0	1960.0	9.0	1960.0	9.0	0.75	1.0	0.75	1.0	0.75	1.0
YLR224W	229	827.0	71	180.0	7.0	597.0	1073.0	308.0	128.92	339.0	157.6800000000003	0.32285368802902054	0.8802902055622733	0.3941958887545345	0.9625151148730351	0.5501813784764208	0.9975816203143894
YLR225C	44	48.0	5	21.0	7.0	68.0	133.0	68.0	130.72	68.0	133.0	0.625	0.9791666666666666	1.0	0.9791666666666666	1.0	1.0
YLR226W	87	119.0	10	13.166666666627862	24.83333333337214	295.0	1204.0	75.0	611.0	148.72000000000048	794.8300000000013	0.773109243697479	0.5966386554621849	0.9915966386554622	0.6470588235294118	0.9915966386554622	0.9327731092436975
YLR227C	20	23.0	2	174.5	91.5	377.0	159.0	376.35	154.23333333333332	377.0	159.0	0.17391304347826086	0.34782608695652173	0.6086956521739131	0.4782608695652174	0.6086956521739131	0.6521739130434783
YLR228C	63	90.0	8	8.0	115.25	309.0	473.0	265.0	219.0	307.79999999999995	453.39999999999975	0.6777777777777778	0.25555555555555554	0.8	0.34444444444444444	0.9555555555555556	0.4444444444444444
YLR229C	666	3602.0	399	24.0	10.0	254.0	1129.0	222.0	100.0	237.48000000000002	107.0	0.7348695169350361	0.8609106052193226	0.8939478067740144	0.994447529150472	0.9081066074403109	0.9980566352026652
YLR231C	331	1045.0	59	15.0	26.0	2375.0	193.0	60.25	168.0	81.99999999999818	168.0	0.8296650717703349	0.4	0.9885167464114832	0.876555023923445	0.9942583732057416	0.9961722488038277
YLR233C	21	54.0	10	14.0	27.0	56.0	311.0	46.0	311.0	55.60000000000001	311.0	0.7777777777777778	0.4444444444444444	1.0	1.0	1.0	1.0
YLR234W	40	84.0	10	2.0	17.5	68.0	2590.0	67.17777777777778	636.6999999999998	67.92444444444445	2126.9199999999955	0.7619047619047619	0.7142857142857143	1.0	0.7261904761904762	1.0	0.7619047619047619
YLR235C	3	3.0	2	131.66666666662786	41.75	896.0	1829.0	896.0	1806.95	896.0	1824.59	0.6666666666666666	1.0	0.6666666666666666	1.0	0.6666666666666666	1.0
YLR236C	2	3.0	2	131.66666666662786	5.0	709.0	1944.0	709.0	1944.0	709.0	1944.0	0.6666666666666666	1.0	0.6666666666666666	1.0	0.6666666666666666	1.0
YLR237W	110	323.0	75	3.0	27.83333333337214	2651.0	247.0	137.15999999999994	215.27142857142857	933.0	236.6199999999999	0.8823529411764706	0.5356037151702786	0.9256965944272446	0.891640866873065	0.9535603715170279	0.9380804953560371
YLR238W	159	707.0	79	5.0	19.0	364.0	353.0	92.0	159.14999999999998	356.0	189.0	0.9646393210749646	0.7284299858557284	0.9844413012729845	0.9490806223479491	0.9858557284299858	0.9985855728429985
YLR239C	70	374.0	78	17.0	0.0	859.0	204.0	44.0	114.0	408.9999999999959	163.4399999999996	0.93048128342246	0.9759358288770054	0.9893048128342246	0.9893048128342246	0.9893048128342246	1.0
YLR240W	33	43.0	5	23.0	50.0	101.0	296.0	58.500000000000014	185.80000000000007	101.0	296.0	0.8372093023255814	0.6511627906976745	0.9767441860465116	0.7674418604651163	1.0	0.9534883720930233
YLR241W	99	241.0	19	14.0	85.72222222224809	87.0	224.0	62.0	190.0	72.17000000000004	217.1642105263158	0.941908713692946	0.5020746887966805	1.0	0.6514522821576764	1.0	0.8049792531120332
YLR242C	129	300.0	27	35.33333333337214	0.0	131.0	2744.0	109.0	61.0	112.66666666666667	762.5	0.55	0.8733333333333333	0.8133333333333334	0.9533333333333334	1.0	0.9733333333333334
YLR243W	164	295.0	16	19.25	86.0	228.0	192.0	92.0	170.0	106.65000000000003	172.20000000000005	0.7220338983050848	0.19661016949152543	0.9728813559322034	0.5966101694915255	0.9966101694915255	0.7050847457627119
YLR244C	675	10550.0	3090	2.0	7.0	2538.0	185.0	617.0	83.0	640.0	168.0	0.8617061611374408	0.9213270142180094	0.8794312796208531	0.9775355450236967	0.881611374407583	0.9800947867298578
YLR245C	262	1438.0	298	14.0	8.0	1939.0	1510.0	41.0	1403.0	64.0	1420.4971428571428	0.8636995827538247	0.7830319888734353	0.9986091794158554	0.8205841446453408	0.9993045897079277	0.8671766342141863
YLR246W	59	116.0	24	31.0	6.0	627.0	122.0	595.0	115.19999999999993	617.0600000000001	122.0	0.6293103448275862	0.8879310344827587	0.7844827586206896	0.9655172413793104	0.7931034482758621	1.0
YLR248W	516	6290.0	576	22.0	12.0	705.0	281.0	578.0	146.0	614.6000000000022	157.0	0.631637519872814	0.9785373608903021	0.9111287758346582	0.9963434022257551	0.9165341812400636	0.9998410174880763
YLR249W	415	7599.0	1173	2.0	55.0	122.0	250.0	40.0	172.0	57.04000000000087	172.89409090909092	0.9580207922095012	0.39584155809974997	0.9955257270693513	0.6928543229372286	1.0	0.9998684037373339
YLR250W	189	542.0	48	9.0	33.0	293.0	1532.0	85.0	290.0	205.0	1318.3500000000004	0.7952029520295203	0.6420664206642066	0.9704797047970479	0.8136531365313653	0.9704797047970479	0.9280442804428044
YLR251W	97	129.0	7	33.0	16.0	1379.0	496.0	1200.0	379.0	1253.389999999999	397.0	0.40310077519379844	0.7906976744186046	0.6201550387596899	0.8527131782945736	0.7364341085271318	0.8992248062015504
YLR252W	111	158.0	12	69.0	34.0	1872.0	291.0	1693.0	174.0	1712.84	192.0	0.08227848101265822	0.2088607594936709	0.13291139240506328	0.9050632911392406	0.22784810126582278	0.9746835443037974
YLR253W	141	878.0	189	5.0	5.0	270.0	121.0	112.0	94.0	121.0	100.28800000000001	0.907744874715262	0.9555808656036446	0.9954441913439636	1.0	0.9988610478359908	1.0
YLR254C	177	372.0	25	46.0	4.0	1275.0	155.0	138.0	102.99999999999977	774.1199999999999	115.0	0.521505376344086	0.9435483870967742	0.7204301075268817	0.9973118279569892	0.9516129032258065	1.0
YLR255C	16	16.0	2	250.0	345.0	798.0	1287.0	653.9999999999997	1282.8	798.0	1287.0	0.5625	0.1875	0.625	0.3125	0.625	0.375
YLR257W	250	990.0	191	31.0	17.0	590.0	216.0	225.0	127.0	386.6000000000031	128.0	0.6121212121212121	0.8343434343434344	0.7686868686868686	0.997979797979798	0.7868686868686868	1.0
YLR258W	160	1051.0	317	3.0	0.0	159.0	422.0	85.0	368.2245283018868	108.95000000000005	380.0	0.879162702188392	0.9200761179828735	0.9828734538534729	0.9400570884871551	1.0	0.9429115128449096
YLR259C	1319	25830.0	4470	10.0	72.0	577.0	2602.0	48.0	197.72222222222223	67.0	200.0	0.9716608594657375	0.4495160665892373	0.9994967092528068	0.6498644986449864	0.9997677119628339	0.9413472706155633
YLR260W	187	617.0	75	8.0	16.0	176.0	222.0	140.0	216.0	144.66000000000008	216.0	0.8606158833063209	0.6920583468395461	0.9902755267423015	0.8087520259319287	1.0	0.9173419773095624
YLR261C	441	691.0	29	33.0	61.0	809.0	3200.0	409.0	311.0	416.3933333333334	1004.12	0.5094066570188133	0.3950795947901592	0.9175108538350217	0.5499276410998553	0.9218523878437048	0.8277858176555717
YLR262C	399	639.0	29	27.0	59.0	481.0	3207.0	81.0	314.0999999999999	88.74000000000001	1010.22	0.5508607198748043	0.3865414710485133	0.9921752738654147	0.5524256651017214	0.9937402190923318	0.8169014084507042
YLR262C-A	812	11298.0	1887	16.0	10.0	440.0	381.0	46.0	115.0	103.0	159.0	0.8166047087980174	0.9657461497610197	0.9808815719596389	0.9828288192600461	0.9920339883165162	0.9920339883165162
YLR263W	16	24.0	3	14.833333333372138	17.0	503.0	77.0	503.0	77.0	503.0	77.0	0.9166666666666666	0.9583333333333334	0.9166666666666666	1.0	0.9166666666666666	1.0
YLR264W	465	8047.0	2615	11.0	0.0	77.0	1936.0	36.0	652.0	57.0	981.0	0.9597365477817821	0.9567540698396918	0.9986330309432087	0.9740275879209643	1.0	0.9758916366347707
YLR266C	36	63.0	11	1.5	34.75	633.0	566.0	34.39999999999998	203.89999999999867	576.3199999999989	548.0599999999996	0.9682539682539683	0.7301587301587301	0.9682539682539683	0.873015873015873	0.9682539682539683	0.9523809523809523
YLR267W	23	47.0	10	2.0	0.75	115.0	218.0	111.0	138.0	115.0	218.0	0.7659574468085106	0.9148936170212766	0.9787234042553191	0.9787234042553191	1.0	0.9787234042553191
YLR268W	202	644.0	37	3.0	50.0	92.0	317.0	72.0	302.0	83.0	302.0	0.9145962732919255	0.6956521739130435	1.0	0.8354037267080745	1.0	0.9177018633540373
YLR270W	86	182.0	34	32.0	13.0	160.0	231.0	114.0	226.0	137.0400000000002	227.0	0.2032967032967033	0.8241758241758241	0.5164835164835165	0.978021978021978	0.989010989010989	1.0
YLR271W	67	78.0	5	176.0	17.0	353.0	1269.0	326.69999999999993	1026.1999999999991	353.0	1269.0	0.3076923076923077	0.782051282051282	0.46153846153846156	0.782051282051282	0.5128205128205128	0.782051282051282
YLR272C	5	9.0	4	11.366666666581295	17.199999999953434	92.0	120.0	92.0	120.0	92.0	120.0	0.7777777777777778	0.8888888888888888	1.0	1.0	1.0	1.0
YLR273C	48	76.0	7	19.0	13.0	292.0	936.0	260.86666666666673	229.20000000000016	290.43999999999994	818.9999999999977	0.6842105263157895	0.7763157894736842	0.881578947368421	0.9342105263157895	0.9342105263157895	0.9605263157894737
YLR274W	35	98.0	15	26.642857142840512	0.0	52.0	240.0	39.61333333333333	164.19999999999985	48.15999999999997	216.4799999999998	0.9897959183673469	0.9285714285714286	1.0	0.9285714285714286	1.0	0.9897959183673469
YLR275W	43	85.0	10	27.5	10.5	211.0	278.0	80.0	270.0	211.0	275.90000000000003	0.5882352941176471	0.9647058823529412	0.9411764705882353	0.9882352941176471	0.9764705882352941	1.0
YLR276C	140	273.0	27	33.33333333337214	25.0	152.0	159.0	132.0	125.0	138.79999999999987	159.0	0.5714285714285714	0.7289377289377289	0.8974358974358975	0.9597069597069597	1.0	1.0
YLR277C	62	118.0	19	9.0	6.0	230.0	258.0	169.79999999999998	142.0	224.55999999999995	182.51999999999924	0.847457627118644	0.864406779661017	0.940677966101695	0.9152542372881356	0.9915254237288136	0.9915254237288136
YLR279W	7	2.0	1	546.0	359.0	625.0	434.0	625.0	434.0	625.0	434.0	0.5	0.5	0.5	0.5	0.5	0.5
YLR280C	10	8.0	3	48.0	4.5	192.0	390.0	192.0	390.0	192.0	390.0	0.375	0.75	1.0	0.875	1.0	0.875
YLR281C	8	7.0	3	48.0	20.0	65.0	389.0	65.0	389.0	65.0	389.0	0.42857142857142855	0.7142857142857143	1.0	0.8571428571428571	1.0	0.8571428571428571
YLR283W	103	304.0	30	15.0	42.0	342.0	135.0	85.0	95.0	334.4799999999992	98.0	0.4440789473684211	0.6513157894736842	0.9013157894736842	0.9967105263157895	0.9769736842105263	1.0
YLR284C	83	197.0	22	19.900000000023283	6.0	1205.0	221.0	243.2999999999986	124.0	1198.14	126.44000000000005	0.7715736040609137	0.9441624365482234	0.9086294416243654	1.0	0.949238578680203	1.0
YLR285C-A	23	34.0	13	283.0	0.0	2068.0	855.0	2031.4	55.99999999999997	2068.0	855.0	0.6470588235294118	0.9117647058823529	0.6764705882352942	0.9411764705882353	0.7058823529411765	0.9705882352941176
YLR285W	244	889.0	83	28.0	86.0	57.0	2070.0	34.0	213.0	47.0	260.8800000000001	0.6872890888638921	0.5253093363329584	0.9966254218222722	0.5703037120359955	1.0	0.9145106861642295
YLR286C	743	11546.0	3583	0.0	7.0	3085.0	338.0	235.0	189.0	242.0	197.0	0.9547029274207518	0.9369478607309891	0.962757664992205	0.9689069807725619	0.9798198510306599	0.9724579941105145
YLR286W-A	50	37.0	4	37.0	1166.0	1255.0	1879.0	656.599999999999	1721.65	1255.0	1842.7400000000002	0.10810810810810811	0.21621621621621623	0.5945945945945946	0.6216216216216216	0.9459459459459459	0.6486486486486487
YLR287C	137	243.0	21	3.0	41.21052631584462	1163.0	2728.0	109.09999999999997	653.0	349.6599999999943	938.1099999999878	0.8353909465020576	0.34156378600823045	0.9629629629629629	0.6502057613168725	0.9835390946502057	0.6502057613168725
YLR287C-A	715	7492.0	555	33.0	15.0	1810.0	4274.0	59.0	219.0	66.0	219.0	0.554591564335291	0.7733582487987186	0.9975974372664175	0.999466097170315	0.9998665242925787	0.9997330485851575
YLR288C	80	111.0	5	30.75	14.5	397.0	1138.0	157.0999999999989	161.0	387.24	604.8600000000005	0.6486486486486487	0.6036036036036037	0.9459459459459459	0.7837837837837838	0.9459459459459459	0.8198198198198198
YLR289W	31	52.0	6	0.0	26.0	73.0	173.0	47.599999999999994	163.89999999999998	72.49999999999991	173.0	0.9807692307692307	0.6538461538461539	1.0	0.9807692307692307	1.0	1.0
YLR290C	97	246.0	23	14.0	2.0	38.0	190.0	30.0	179.0	35.079999999999984	185.0	1.0	0.9105691056910569	1.0	0.9308943089430894	1.0	1.0
YLR291C	147	360.0	17	5.0	29.0	922.0	189.0	65.0	179.0	78.5499999999999	184.19999999999982	0.9027777777777778	0.5388888888888889	0.9916666666666667	0.9083333333333333	0.9972222222222222	0.9722222222222222
YLR292C	277	1158.0	77	7.0	5.0	110.0	1651.0	49.0	184.0	72.0	184.76800000000003	0.9179620034542314	0.6968911917098446	0.9697754749568221	0.9602763385146805	1.0	0.9974093264248705
YLR293C	1492	10864.0	641	29.0	43.0	2543.0	376.0	83.0	212.0	86.0	238.0	0.7433726067746687	0.5813696612665685	0.9903350515463918	0.8834683357879234	0.9977908689248896	0.9179860088365243
YLR294C	75	130.0	17	6.0	17.199999999953434	1943.0	1306.0	410.0	1072.0	471.5999999999999	1244.1333333333325	0.8384615384615385	0.7615384615384615	0.8846153846153846	0.8076923076923077	0.9538461538461539	0.8153846153846154
YLR295C	828	5176.0	445	7.213114754064009	40.0	1600.0	1604.0	68.0	288.0	119.0	329.0	0.9180834621329211	0.5365146831530139	0.9569165378670789	0.9091962905718701	0.999613601236476	0.9918856259659969
YLR296W	17	29.0	6	24.400000000023283	196.0	304.0	752.0	299.56666666666666	736.6999999999999	304.0	752.0	0.5517241379310345	0.6206896551724138	0.896551724137931	0.6206896551724138	0.9310344827586207	0.6206896551724138
YLR297W	119	435.0	73	50.0	0.0	362.0	331.0	179.42857142857144	300.0	230.44999999999993	309.0999999999997	0.6942528735632184	0.960919540229885	0.8919540229885058	0.9724137931034482	0.9632183908045977	0.9724137931034482
YLR298C	138	509.0	47	35.0	7.0	230.0	743.0	42.57499999999993	148.08333333333326	58.63999999999987	743.0	0.5599214145383105	0.9037328094302554	0.9882121807465619	0.9449901768172888	0.9941060903732809	0.9646365422396856
YLR299C-A	21	4.0	1	2.0	360.0	289.0	2093.0	45.0	2093.0	45.0	2093.0	1.0	0.25	1.0	0.25	1.0	0.25
YLR299W	36	47.0	6	98.80000000004657	0.0	201.0	181.0	193.86666666666667	176.6	201.0	181.0	0.3829787234042553	0.8723404255319149	0.574468085106383	0.9574468085106383	0.7872340425531915	1.0
YLR300W	498	3225.0	384	15.0	28.0	268.0	322.0	127.0	286.0	134.0	308.0	0.8167441860465117	0.49953488372093025	0.987906976744186	0.94015503875969	0.9984496124031008	0.9848062015503876
YLR301W	332	3173.0	477	0.0	20.0	663.0	226.0	50.996363636363625	132.0	92.0	143.0	0.9145918688937914	0.8241411913016073	0.9851875196974472	0.9914907028049165	1.0	0.9965332492908919
YLR303W	319	2349.0	308	6.0	22.0	137.0	814.0	56.0	120.0	72.0	541.8199999999806	0.9497658578118349	0.6091954022988506	0.9944657300979141	0.9544487015751384	1.0	0.9548744146445296
YLR304C	193	433.0	38	11.5	67.0	166.0	310.0	84.0	247.0	102.68000000000006	262.8500000000001	0.9076212471131639	0.42494226327944573	0.976905311778291	0.6928406466512702	1.0	0.8891454965357968
YLR306W	83	142.0	11	46.5	91.75	162.0	273.0	82.0	182.4	95.5466666666667	273.0	0.5845070422535211	0.28169014084507044	1.0	0.9225352112676056	1.0	0.9577464788732394
YLR307W	2	3.0	2	0.8333333333721384	0.0	77.0	98.0	77.0	98.0	77.0	98.0	1.0	1.0	1.0	1.0	1.0	1.0
YLR309C	26	30.0	3	31.0	65.0	85.0	1826.0	53.0	221.0	85.0	1826.0	0.6	0.5666666666666667	0.9666666666666667	0.6	1.0	0.8333333333333334
YLR311C	9	10.0	2	872.5	77.5	1399.0	260.0	1399.0	260.0	1399.0	260.0	0.4	0.2	0.4	0.2	0.6	0.8
YLR312C	87	206.0	45	31.16666666662786	263.33333333337214	194.0	448.0	194.0	313.0	194.0	407.01333333333326	0.529126213592233	0.5728155339805825	0.8543689320388349	0.5776699029126213	1.0	0.5825242718446602
YLR312W-A	296	3088.0	544	11.0	24.0	88.0	284.0	34.0	157.0	40.0	194.13244444444442	0.8481217616580311	0.4948186528497409	0.9990284974093264	0.9698834196891192	1.0	0.9980569948186528
YLR313C	62	87.0	7	8.0	40.33333333337214	135.0	514.0	81.04999999999977	512.3	135.0	514.0	0.8390804597701149	0.25287356321839083	0.9540229885057471	1.0	1.0	1.0
YLR314C	303	1200.0	163	23.0	24.0	85.0	697.0	79.0	142.0	79.0	168.0	0.7466666666666667	0.625	0.9808333333333333	0.9058333333333334	1.0	0.9933333333333333
YLR315W	121	186.0	7	27.0	272.0	69.0	1153.0	54.0	1028.0666666666666	69.0	1099.6799999999992	0.6236559139784946	0.27419354838709675	0.9946236559139785	0.27419354838709675	1.0	0.46774193548387094
YLR316C	201	612.0	98	33.0	1.0	222.0	833.0	68.0	102.0	103.0	144.0	0.6356209150326797	0.8888888888888888	0.9705882352941176	0.9771241830065359	0.9983660130718954	0.9967320261437909
YLR317W	100	137.0	7	43.0	98.0	916.0	333.0	901.0	209.0	913.5333333333333	305.86666666666633	0.5401459854014599	0.45985401459854014	0.8321167883211679	0.4744525547445255	0.8321167883211679	0.7664233576642335
YLR318W	1	1.0	1	0.0	0.0	19.0	44.0	19.0	44.0	19.0	44.0	1.0	1.0	1.0	1.0	1.0	1.0
YLR319C	26	34.0	5	15.0	2.0	255.0	202.0	82.6	188.6	138.03999999999883	202.0	0.8235294117647058	1.0	1.0	1.0	1.0	1.0
YLR321C	178	580.0	42	8.0	16.25	1124.0	649.0	39.0	328.0	52.100000000000136	339.0	0.8879310344827587	0.9258620689655173	0.9948275862068966	0.9603448275862069	0.996551724137931	0.9758620689655172
YLR322W	3	2.0	1	4.0	0.0	39.0	145.0	39.0	143.0	39.0	144.6	1.0	1.0	1.0	1.0	1.0	1.0
YLR323C	131	281.0	34	9.0	62.5	1950.0	1916.0	37.0	273.0	86.13999999999999	781.0499999999986	0.9644128113879004	0.6761565836298933	0.9857651245551602	0.7366548042704626	0.99644128113879	0.9501779359430605
YLR324W	166	704.0	150	4.0	56.0	1134.0	284.0	72.18461538461536	127.0	84.0	148.0	0.8835227272727273	0.4630681818181818	0.9801136363636364	0.6278409090909091	0.9943181818181818	0.9971590909090909
YLR325C	1020	32518.0	9079	0.0	4.0	2096.0	480.0	27.0	248.0	40.0	357.33189189189187	0.9911126145519404	0.829294544559936	0.9988006642474937	0.8406113537117904	0.9994464604219202	0.986991819915124
YLR326W	90	185.0	12	72.0	3.0	431.0	196.0	162.0	135.0	171.25000000000003	141.0	0.4540540540540541	0.9945945945945946	0.6162162162162163	1.0	1.0	1.0
YLR327C	266	1448.0	216	4.0	13.910714285681024	247.0	2225.0	94.0	188.0	103.01333333333332	207.808	0.9433701657458563	0.8066298342541437	0.9730662983425414	0.8908839779005525	0.9965469613259669	0.9951657458563536
YLR328W	129	489.0	143	38.928571428521536	0.0	286.0	1259.0	275.61	189.04999999999995	286.0	217.60800000000017	0.5685071574642127	0.9591002044989775	0.7730061349693251	0.9877300613496932	0.8895705521472392	0.9918200408997955
YLR329W	6	63.0	60	359.63114754098933	5.532786885276437	1740.0	67.0	167.0	37.945901639344264	1651.8599999999983	43.219999999999985	0.9682539682539683	1.0	0.9682539682539683	1.0	0.9682539682539683	1.0
YLR330W	205	3470.0	910	29.375	0.0	86.0	232.0	55.0	150.0	60.53333333333345	152.52000000000007	0.7201729106628242	0.9887608069164265	0.9922190201729106	0.9971181556195965	1.0	1.0
YLR332W	128	366.0	27	58.0	11.0	613.0	420.0	433.0	223.0	456.0	229.67999999999995	0.6311475409836066	0.7622950819672131	0.6338797814207651	0.9808743169398907	0.9672131147540983	0.9863387978142076
YLR333C	1001	5786.0	308	5.0	41.0	161.0	262.0	48.0	157.0	69.0	176.0	0.958693397856896	0.34842723816107846	0.9982716902868994	0.7277912201866574	0.9982716902868994	0.9400276529554096
YLR335W	246	2572.0	624	12.0	0.0	480.0	596.0	61.0	114.0	86.52000000000014	171.32000000000212	0.8849144634525661	0.8985225505443235	0.9587869362363919	0.9653965785381027	0.9992223950233281	0.9965007776049767
YLR336C	81	118.0	5	15.25	92.0	83.0	246.0	56.0	153.19999999999996	67.35999999999984	217.63999999999896	0.9661016949152542	0.4067796610169492	1.0	0.5	1.0	0.8135593220338984
YLR337C	61	186.0	34	11.470588235300966	3.0	490.0	136.0	71.0	125.0	87.23999999999978	126.02666666666657	0.9354838709677419	0.9247311827956989	0.978494623655914	1.0	1.0	1.0
YLR338W	1	1.0	1	0.0	0.0	534.0	44.0	534.0	44.0	534.0	44.0	1.0	1.0	1.0	1.0	1.0	1.0
YLR340W	903	43276.0	9737	9.0	7.0	144.0	684.0	69.0	88.0	82.0	97.0	0.8635040207043165	0.9954247157777983	0.9704455125242629	0.9991681301414179	1.0	0.9996071725667807
YLR342W-A	73	123.0	18	1094.3055555555038	452.0	2460.0	1907.0	2032.2999999999993	628.0	2312.539999999999	1860.2799999999997	0.14634146341463414	0.3008130081300813	0.15447154471544716	0.3252032520325203	0.22764227642276422	0.3333333333333333
YLR343W	6	6.0	1	1271.0	8.0	2268.0	129.0	2268.0	129.0	2268.0	129.0	0.16666666666666666	0.8333333333333334	0.16666666666666666	0.8333333333333334	0.16666666666666666	1.0
YLR344W	932	26700.0	6760	0.0	5.0	503.0	525.0	45.0	176.0	60.0	178.0	0.9042322097378277	0.8625468164794008	0.9945318352059925	0.8882771535580525	0.999438202247191	0.9974157303370786
YLR345W	154	379.0	38	9.0	23.0	203.0	343.0	93.65000000000003	161.55	143.5499999999999	218.0	0.8179419525065963	0.5567282321899736	0.9577836411609498	0.7361477572559367	0.9973614775725593	0.9736147757255936
YLR346C	76	88.0	11	13.0	1.0	178.0	405.0	164.1	164.0	174.96000000000004	317.22000000000105	0.6931818181818182	0.9204545454545454	0.7840909090909091	0.9772727272727273	0.9204545454545454	0.9886363636363636
YLR347C	98	220.0	12	6.0	64.0	264.0	749.0	163.0	478.0	203.50000000000006	639.0	0.8818181818181818	0.5136363636363637	0.9272727272727272	0.5136363636363637	0.9863636363636363	0.7727272727272727
YLR347W-A	3	3.0	1	18.75	21.75	1720.0	770.0	1720.0	770.0	1720.0	770.0	0.6666666666666666	0.6666666666666666	1.0	1.0	1.0	1.0
YLR348C	194	488.0	49	8.0	12.333333333372138	160.0	144.0	92.0	116.43999999999998	98.49600000000001	119.02000000000004	0.8852459016393442	0.8586065573770492	0.8975409836065574	0.9918032786885246	1.0	1.0
YLR349W	1	1.0	1	0.0	0.0	119.0	60.0	119.0	60.0	119.0	60.0	1.0	1.0	1.0	1.0	1.0	1.0
YLR350W	177	296.0	13	59.0	32.0	147.0	160.0	122.0	134.0	126.16000000000008	138.0	0.49324324324324326	0.3885135135135135	0.6081081081081081	1.0	1.0	1.0
YLR351C	243	547.0	24	19.0	17.0	338.0	208.0	38.0	138.0	40.0	158.0	0.7678244972577697	0.7915904936014625	1.0	0.9963436928702011	1.0	1.0
YLR352W	48	107.0	24	57.5	0.0	190.0	204.0	181.0	109.94999999999972	186.00999999999993	201.24666666666639	0.4205607476635514	0.9158878504672897	0.6448598130841121	0.9439252336448598	0.9439252336448598	0.9813084112149533
YLR353W	87	273.0	48	24.0	0.0	664.0	211.0	509.0799999999998	161.0	525.6199999999999	185.76999999999998	0.6007326007326007	0.9560439560439561	0.9084249084249084	0.9743589743589743	0.9377289377289377	0.9963369963369964
YLR354C	281	779.0	64	6.25	32.875	90.0	177.0	72.0	164.0	76.42000000000007	169.0	0.7753530166880617	0.6713735558408216	1.0	0.9884467265725289	1.0	1.0
YLR355C	876	52636.0	27363	0.0	0.0	804.0	424.0	87.0	238.0	91.0	295.0	0.9804126453377916	0.9486473136256555	0.990595789953644	0.9635230640626188	0.9999810015958659	0.9991640702181017
YLR356W	251	658.0	48	25.0	36.0	93.0	277.0	75.0	226.0	89.51999999999975	226.0	0.5516717325227963	0.4726443768996961	0.9832826747720365	0.78419452887538	1.0	0.9422492401215805
YLR357W	53	169.0	31	12.0	3.0	85.0	199.0	63.16666666666661	191.04999999999998	73.89333333333336	199.0	0.8106508875739645	0.9704142011834319	0.9822485207100592	1.0	1.0	1.0
YLR358C	1	1.0	1	0.0	0.0	128.0	4154.0	128.0	4154.0	128.0	4154.0	1.0	1.0	1.0	1.0	1.0	1.0
YLR359W	440	1345.0	73	39.0	62.0	152.0	386.0	116.0	156.25	137.0	165.0	0.29442379182156136	0.6312267657992565	0.9628252788104089	0.7382899628252788	1.0	0.9985130111524163
YLR360W	107	273.0	39	17.0	0.0	632.0	1979.0	111.0	204.84999999999928	142.6199999999999	621.4799999999996	0.6666666666666666	0.8058608058608059	0.8754578754578755	0.9377289377289377	0.9963369963369964	0.9633699633699634
YLR361C	104	186.0	11	5.0	111.0	82.0	672.0	42.39999999999998	647.0	55.479999999999905	647.0	0.9408602150537635	0.22580645161290322	0.9946236559139785	0.478494623655914	1.0	0.8118279569892473
YLR361C-A	246	684.0	40	22.33333333337214	31.0	501.0	307.0	41.0	169.0	123.33599999999873	192.0	0.6242690058479532	0.5701754385964912	0.9868421052631579	0.9005847953216374	0.9868421052631579	0.9956140350877193
YLR362W	32	47.0	3	32.25	5.0	188.0	198.0	169.09999999999997	185.24999999999997	188.0	198.0	0.40425531914893614	0.9361702127659575	0.9148936170212766	0.9361702127659575	0.9574468085106383	1.0
YLR363C	81	114.0	7	36.0	27.0	103.0	563.0	82.0	477.0	101.03999999999999	545.0	0.5789473684210527	0.3684210526315789	0.9649122807017544	0.8070175438596491	1.0	0.9824561403508771
YLR363W-A	191	742.0	89	18.0	163.75	138.0	845.0	32.0	361.0	41.12000000000057	404.38000000000045	0.9784366576819407	0.37331536388140163	0.9986522911051213	0.7466307277628033	0.9986522911051213	0.7479784366576819
YLR364W	281	1168.0	198	28.0	15.0	611.0	675.0	109.0	135.0	122.81999999999994	376.0	0.7200342465753424	0.8047945205479452	0.8912671232876712	0.9357876712328768	0.9940068493150684	0.9546232876712328
YLR365W	2	2.0	1	664.0	124.0	754.0	1964.0	754.0	1964.0	754.0	1964.0	0.5	0.5	0.5	0.5	0.5	0.5
YLR366W	2	2.0	1	664.0	124.0	1093.0	1652.0	1093.0	1652.0	1093.0	1652.0	0.5	0.5	0.5	0.5	0.5	0.5
YLR367W	239	2821.0	349	20.025280898902565	2.0	1433.0	227.0	65.68571428571418	63.0	70.0	71.0	0.7433534207727757	0.9946827366182205	0.999291031549096	0.9953917050691244	0.999291031549096	0.9964551577454803
YLR368W	133	324.0	22	16.0	15.0	159.0	208.0	83.0	115.0	129.0	144.07999999999993	0.8055555555555556	0.8641975308641975	0.9629629629629629	0.904320987654321	0.9969135802469136	0.9907407407407407
YLR369W	3	3.0	1	0.0	54.0	23.0	143.0	23.0	143.0	23.0	143.0	1.0	0.3333333333333333	1.0	0.6666666666666666	1.0	1.0
YLR370C	519	14672.0	5521	3.0	4.0	329.0	248.0	51.0	190.0	54.0	198.0	0.9831652126499455	0.8366957470010905	0.9998636859323882	0.998159760087241	0.9998636859323882	0.9986368593238822
YLR371W	3	3.0	1	5.25	76.5	198.0	172.0	198.0	172.0	198.0	172.0	1.0	0.6666666666666666	1.0	0.6666666666666666	1.0	0.6666666666666666
YLR372W	591	2809.0	320	13.0	157.0	217.0	1089.0	204.0	268.02499999999986	217.0	276.0	0.6970452118191527	0.45603417586329653	0.7995728017087932	0.5072979708081168	0.9857600569597722	0.5582057671769313
YLR373C	56	111.0	21	5.0	5.0	31.0	225.0	27.0	138.5999999999999	31.0	220.12	1.0	0.9099099099099099	1.0	0.9459459459459459	1.0	0.9819819819819819
YLR375W	108	347.0	31	28.92105263157282	4.0	117.0	314.0	90.0	99.0	103.47199999999994	104.02999999999997	0.6829971181556196	1.0	0.899135446685879	1.0	1.0	1.0
YLR376C	99	201.0	30	10.75	21.0	89.0	372.0	68.0	95.59999999999998	82.96000000000004	196.98000000000002	0.8606965174129353	0.7164179104477612	0.9900497512437811	0.9303482587064676	1.0	0.9800995024875622
YLR378C	663	11440.0	2156	0.0	12.0	278.0	267.0	215.0	201.0	267.0	212.0	0.95	0.6817307692307693	0.9680944055944056	0.7663461538461539	0.9923076923076923	0.7954545454545454
YLR380W	196	559.0	54	20.0	67.0	639.0	253.0	138.0666666666666	136.0	623.0	157.0	0.7513416815742398	0.4472271914132379	0.9105545617173524	0.5509838998211091	0.9874776386404294	0.998211091234347
YLR381W	2	3.0	2	0.0	8.333333333372138	51.0	17.0	51.0	17.0	51.0	17.0	1.0	1.0	1.0	1.0	1.0	1.0
YLR382C	43	127.0	38	3.0	7.0	306.0	99.0	268.15	89.0	303.69	98.46000000000001	0.8346456692913385	0.968503937007874	0.8976377952755905	1.0	0.9291338582677166	1.0
YLR383W	21	35.0	7	0.8333333333721384	18.75	319.0	127.0	87.5	126.0	319.0	127.0	0.9714285714285714	0.6285714285714286	0.9714285714285714	0.9142857142857143	0.9714285714285714	1.0
YLR384C	6	6.0	2	86.0	9.0	528.0	98.0	528.0	98.0	528.0	98.0	0.8333333333333334	0.8333333333333334	0.8333333333333334	1.0	0.8333333333333334	1.0
YLR385C	9	9.0	2	8.0	1725.5	130.0	4239.0	130.0	4239.0	130.0	4239.0	0.8888888888888888	0.4444444444444444	0.8888888888888888	0.5555555555555556	1.0	0.5555555555555556
YLR386W	142	323.0	23	20.0	50.0	634.0	767.0	62.0	191.0	84.26999999999998	271.3699999999958	0.7058823529411765	0.6068111455108359	0.978328173374613	0.8761609907120743	0.9969040247678018	0.9907120743034056
YLR387C	223	466.0	18	37.0	57.0	517.0	754.0	99.0	224.0	112.0	402.03999999999945	0.4356223175965665	0.7124463519313304	0.9613733905579399	0.7424892703862661	0.9957081545064378	0.8562231759656652
YLR388W	846	16963.0	1366	9.0	18.0	170.0	238.0	64.0	93.0	82.0	107.0	0.8121204975534988	0.9695219006072039	0.9951069975829747	0.9952838530920238	0.9991157224547544	0.9998231444909509
YLR389C	49	60.0	3	34.0	56.0	328.0	221.0	74.5	215.0	303.0999999999997	220.8	0.16666666666666666	0.21666666666666667	0.55	0.6833333333333333	0.9833333333333333	0.9833333333333333
YLR390W	107	205.0	23	40.0	2.5	4175.0	280.0	4163.363636363636	271.0	4175.0	271.45	0.4292682926829268	0.8682926829268293	0.7658536585365854	0.9024390243902439	0.8878048780487805	0.9073170731707317
YLR390W-A	841	26244.0	8609	0.0	4.0	598.0	1383.0	60.0	226.0	83.0	233.0	0.9550373418686176	0.7697378448407255	0.999961896052431	0.7704999237921049	0.999961896052431	0.9229919219631154
YLR392C	154	408.0	44	15.0	16.0	508.0	186.0	441.19999999999993	98.0	488.5040000000002	177.0	0.5931372549019608	0.7083333333333334	0.6323529411764706	0.9436274509803921	0.8137254901960784	1.0
YLR393W	159	279.0	10	36.0	430.0	196.0	2390.0	94.0	1618.775	104.56499999999997	1726.9699999999998	0.5017921146953405	0.5161290322580645	0.9283154121863799	0.6666666666666666	0.996415770609319	0.6738351254480287
YLR394W	146	252.0	10	51.0	39.5	1067.0	910.0	937.0	143.0	975.7799999999999	264.1466666666666	0.4166666666666667	0.6904761904761905	0.7579365079365079	0.9325396825396826	0.8015873015873016	0.9444444444444444
YLR395C	811	5949.0	446	10.0	23.0	2379.0	569.0	76.0	294.0	84.0	315.0	0.8115649689023365	0.6745671541435535	0.9927718944360396	0.7997982854261221	0.998150949739452	0.9648680450495881
YLR396C	67	146.0	14	28.0	185.0	65.0	650.0	58.599999999999966	261.0	63.079999999999984	405.51999999999794	0.6986301369863014	0.7123287671232876	0.9794520547945206	0.7328767123287672	1.0	0.7328767123287672
YLR397C	203	653.0	58	16.0	39.6875	566.0	211.0	58.90000000000001	143.0	77.64000000000033	189.97000000000003	0.8392036753445635	0.5359877488514548	0.9908116385911179	0.9173047473200613	0.996937212863706	0.9663093415007658
YLR398C	10	11.0	2	8.75	95.66666666662786	40.0	231.0	40.0	229.7	40.0	231.0	0.8181818181818182	0.5454545454545454	1.0	0.7272727272727273	1.0	0.7272727272727273
YLR399C	112	354.0	58	4.0	113.0	801.0	481.0	61.60000000000002	336.51428571428573	523.2399999999909	343.8399999999999	0.9519774011299436	0.5706214689265536	0.9858757062146892	0.5790960451977402	0.9887005649717514	0.7231638418079096
YLR399W-A	1	1.0	1	0.0	0.0	1596.0	78.0	1596.0	78.0	1596.0	78.0	1.0	1.0	1.0	1.0	1.0	1.0
YLR400W	4	4.0	2	21.0	34.0	122.0	337.0	122.0	337.0	122.0	337.0	0.75	0.75	0.75	0.75	1.0	0.75
YLR401C	406	3546.0	409	12.0	1.0	96.0	2295.0	56.0	68.0	59.0	781.0	0.8465877044557247	0.9184997179921037	1.0	0.9765933446136492	1.0	0.9788494077834179
YLR403W	9	10.0	2	3.0	6.333333333372138	640.0	75.0	640.0	75.0	640.0	75.0	0.8	0.8	0.8	1.0	0.9	1.0
YLR404W	45	108.0	17	16.0	62.0	296.0	1442.0	45.0	1442.0	167.24000000000038	1442.0	0.7870370370370371	0.39814814814814814	0.9907407407407407	0.4722222222222222	0.9907407407407407	0.8888888888888888
YLR405W	73	262.0	96	2.0	1.0	1120.0	153.0	1039.7999999999997	150.0	1091.0	151.50666666666666	0.9083969465648855	0.8854961832061069	0.9083969465648855	0.8969465648854962	0.9083969465648855	0.9351145038167938
YLR406C	1121	25400.0	7181	4.0	2.0	347.0	2448.0	45.0	187.0	59.0	209.0	0.9429133858267716	0.8984251968503937	0.9952755905511811	0.975	0.9992125984251968	0.982755905511811
YLR406C-A	5	5.0	2	915.3333333333721	309.83333333337214	1341.0	522.0	1341.0	522.0	1341.0	522.0	0.4	0.4	0.4	0.4	0.4	0.6
YLR407W	70	132.0	13	47.40000000002328	27.111111111124046	248.0	245.0	248.0	239.0	248.0	242.488	0.7424242424242424	0.6666666666666666	0.7878787878787878	0.9696969696969697	0.946969696969697	0.9848484848484849
YLR408C	5	4.0	2	8.0	27.0	81.0	113.0	56.99999999999998	113.0	76.19999999999999	113.0	1.0	0.75	1.0	1.0	1.0	1.0
YLR409C	101	334.0	46	18.0	6.0	86.0	210.0	69.68000000000002	107.0	79.37333333333339	171.96000000000015	0.7485029940119761	0.8772455089820359	0.9970059880239521	0.9341317365269461	1.0	0.9850299401197605
YLR410W	14	14.0	1	22.0	11.0	63.0	150.0	62.599999999999994	144.39999999999998	63.0	150.0	0.6428571428571429	0.8571428571428571	1.0	0.9285714285714286	1.0	1.0
YLR411W	13	20.0	6	19.857142857159488	24.857142857159488	86.0	169.0	54.0	169.0	86.0	169.0	0.95	0.3	0.95	1.0	1.0	1.0
YLR412C-A	9	12.0	6	173.5	770.5714285714785	308.0	1719.0	308.0	1660.2999999999993	308.0	1719.0	0.5	0.5833333333333334	0.5	0.5833333333333334	0.5	0.5833333333333334
YLR412W	182	477.0	23	26.0	465.75	266.0	1713.0	32.0	923.0	215.8300000000013	1048.6866666666667	0.710691823899371	0.5870020964360587	0.9790356394129979	0.6121593291404612	0.9790356394129979	0.6121593291404612
YLR413W	496	5270.0	379	27.0	34.0	221.0	1040.0	58.0	166.0	58.0	171.0	0.7292220113851993	0.6060721062618596	0.9986717267552182	0.9314990512333966	0.9988614800759014	0.9833017077798861
YLR414C	234	957.0	72	11.0	18.0	804.0	178.0	148.0	125.0	167.11599999999993	148.96499999999997	0.8610240334378265	0.7126436781609196	0.9456635318704284	0.9958202716823407	0.9937304075235109	1.0
YLR415C	5	5.0	2	117.5	33.33333333337214	351.0	1026.0	351.0	1026.0	351.0	1026.0	0.4	0.4	0.6	1.0	0.8	1.0
YLR416C	1	1.0	1	0.0	0.0	59.0	1256.0	59.0	1256.0	59.0	1256.0	1.0	1.0	1.0	1.0	1.0	1.0
YLR417W	162	362.0	17	19.0	45.0	1326.0	260.0	102.0	140.9999999999999	594.0	191.0	0.919889502762431	0.585635359116022	0.9668508287292817	0.8839779005524862	0.9834254143646409	0.9834254143646409
YLR418C	76	98.0	5	47.66666666662786	48.0	143.0	627.0	105.0	331.0	127.15999999999987	477.23999999999876	0.5408163265306123	0.35714285714285715	0.9795918367346939	0.7040816326530612	1.0	0.9897959183673469
YLR419W	6	13.0	5	0.0	53.0	68.0	122.0	66.95	122.0	68.0	122.0	1.0	0.46153846153846156	1.0	1.0	1.0	1.0
YLR420W	148	605.0	83	37.0	5.0	565.0	214.0	93.64285714285714	104.0	108.0	146.0	0.7123966942148761	0.9388429752066115	0.8314049586776859	0.9586776859504132	0.9983471074380166	0.9917355371900827
YLR421C	677	9030.0	533	35.0	26.0	476.0	1706.0	67.0	236.0	72.0	281.5200000000012	0.4059800664451827	0.5944629014396456	0.9036544850498339	0.9882613510520487	0.9997785160575858	0.9957918050941307
YLR423C	76	114.0	5	16.0	6.0	890.0	257.0	132.46666666666667	256.0	134.72	256.36	0.6754385964912281	0.7982456140350878	0.8508771929824561	1.0	0.9912280701754386	1.0
YLR424W	9	13.0	4	11.5	10.0	44.0	198.0	43.4	189.29999999999998	44.0	198.0	0.9230769230769231	0.7692307692307693	1.0	0.9230769230769231	1.0	0.9230769230769231
YLR425W	1	1.0	1	0.0	0.0	161.0	67.0	161.0	67.0	161.0	67.0	1.0	1.0	1.0	1.0	1.0	1.0
YLR426W	58	249.0	81	2.0	5.0	362.0	206.0	32.099999999999966	94.0	38.62499999999852	176.14999999999986	0.8995983935742972	0.9799196787148594	0.9959839357429718	0.9839357429718876	0.9959839357429718	0.9959839357429718
YLR427W	82	274.0	30	10.0	48.0	146.0	205.0	112.66666666666669	191.80000000000007	133.03999999999996	202.67999999999998	0.9416058394160584	0.5	0.9890510948905109	0.9014598540145985	1.0	1.0
YLR428C	9	10.0	2	1899.3333333333721	1.3333333333721384	1980.0	198.0	1980.0	198.0	1980.0	198.0	0.3	0.9	0.4	0.9	0.4	1.0
YLR429W	565	5344.0	379	11.0	52.0	76.0	315.0	47.0	172.0	59.0	195.0	0.9492889221556886	0.593937125748503	1.0	0.9625748502994012	1.0	0.9925149700598802
YLR431C	85	179.0	18	9.0	3.0	187.0	222.0	175.0	217.0	178.68333333333334	219.13000000000002	0.8603351955307262	0.9385474860335196	0.9664804469273743	0.9385474860335196	0.9776536312849162	0.9608938547486033
YLR432W	1012	6913.0	430	16.0	12.0	270.0	701.0	142.0	222.0	147.0	318.1099999999997	0.7387530739187039	0.6567336901489946	0.9171126862433097	0.8897728916534067	0.9933458700998119	0.9272385360914219
YLR433C	262	1155.0	156	0.0	49.13679245277308	1092.0	408.0	137.0	296.0	167.32500000000016	312.9666666666667	0.8891774891774892	0.25887445887445887	0.9627705627705627	0.7220779220779221	0.9904761904761905	0.9904761904761905
YLR434C	7	7.0	1	254.75	62.0	692.0	1991.0	692.0	1991.0	692.0	1991.0	0.14285714285714285	0.14285714285714285	0.14285714285714285	0.5714285714285714	0.14285714285714285	0.8571428571428571
YLR435W	428	1508.0	85	9.0	41.0	1320.0	435.0	93.0	204.07857142857142	105.0	266.89333333333343	0.8673740053050398	0.6724137931034483	0.9900530503978779	0.8481432360742706	0.9973474801061007	0.9860742705570292
YLR436C	4	7.0	4	37.0	102.25	84.0	128.0	84.0	128.0	84.0	128.0	0.5714285714285714	0.5714285714285714	1.0	0.5714285714285714	1.0	0.7142857142857143
YLR437C	378	1430.0	72	39.0	6.0	1750.0	317.0	69.0	163.0	1305.0	191.20000000000005	0.6587412587412588	0.9622377622377623	0.7608391608391608	0.9923076923076923	0.972027972027972	1.0
YLR437C-A	31	41.0	5	40.5	6.0	1554.0	995.0	1085.6	995.0	1326.8599999999979	995.0	0.12195121951219512	0.9512195121951219	0.12195121951219512	0.9512195121951219	0.4878048780487805	0.9512195121951219
YLR438C-A	563	3488.0	239	18.882352941203862	28.0	1869.0	1739.0	81.0	125.76666666666665	89.0	157.0	0.792144495412844	0.5665137614678899	0.9850917431192661	0.9535550458715596	0.9971330275229358	0.9985665137614679
YLR438W	319	2781.0	408	2.0	1.0	961.0	149.0	50.0	120.0	50.25764705882354	123.0	0.9935275080906149	0.8209277238403452	0.9967637540453075	0.8309960445882776	0.9967637540453075	1.0
YLR439W	140	502.0	75	22.0	11.0	623.0	168.0	83.0	153.0	206.24000000000433	162.96000000000004	0.6713147410358565	0.954183266932271	0.9561752988047809	0.99800796812749	0.9900398406374502	1.0
YLR440C	355	625.0	27	38.0	48.0	230.0	1327.0	109.0	193.0	137.66666666666666	589.75	0.4928	0.4528	0.9408	0.7504	0.9952	0.9616
YLR441C	1076	16446.0	3540	4.0	26.0	120.0	327.0	41.0	267.0	50.0	275.0	0.9802383558312051	0.670375775264502	0.9993311443512101	0.9323847744132312	1.0	0.9976894077587255
YLR442C	27	42.0	4	35.0	3.0	77.0	165.0	77.0	165.0	77.0	165.0	0.5952380952380952	0.8809523809523809	1.0	0.9047619047619048	1.0	1.0
YLR443W	36	63.0	13	29.454545454587787	3.75	177.0	107.0	174.39999999999998	106.23333333333333	177.0	107.0	0.6190476190476191	0.9206349206349206	0.9841269841269841	1.0	1.0	1.0
YLR444C	4	4.0	1	5.0	499.0	27.0	1290.0	27.0	1290.0	27.0	1290.0	1.0	0.25	1.0	0.25	1.0	0.25
YLR446W	25	38.0	5	0.0	248.59999999997672	94.0	373.0	89.80000000000001	307.20000000000005	94.0	373.0	0.8947368421052632	0.5526315789473685	0.9473684210526315	0.6578947368421053	1.0	0.6842105263157895
YLR447C	600	44268.0	14715	10.0	0.0	463.0	748.0	61.0	152.0	67.63652173913042	167.0	0.9613038763892654	0.9958886780518659	0.9998418722327641	0.9982831842414385	0.9999322309568989	0.9991641818017529
YLR448W	895	4961.0	313	25.0	136.0	321.0	507.0	78.0	307.0	92.0	318.0	0.7208224148357186	0.2727272727272727	0.8750251965329571	0.2733319895182423	0.999596855472687	0.45837532755492844
YLR449W	205	986.0	105	17.0	8.0	88.0	403.0	39.0	106.0	42.0	108.0	0.9462474645030426	0.9259634888438134	1.0	0.9969574036511156	1.0	0.9969574036511156
YLR450W	35	65.0	9	25.0	17.625	196.0	158.0	191.0	95.0	195.24999999999997	156.04999999999993	0.676923076923077	0.8307692307692308	1.0	0.9692307692307692	1.0	1.0
YLR451W	43	48.0	3	15.0	15.0	118.0	366.0	116.19999999999999	217.8999999999999	118.0	241.19999999999897	0.7291666666666666	0.7291666666666666	0.9583333333333334	0.9375	1.0	1.0
YLR452C	24	21.0	2	486.75	34.5	1670.0	528.0	1667.8	525.0999999999999	1670.0	528.0	0.2857142857142857	0.19047619047619047	0.6666666666666666	0.7619047619047619	0.6666666666666666	0.7619047619047619
YLR453C	37	49.0	4	24.0	56.0	63.0	2745.0	58.05	2680.0	63.0	2745.0	0.673469387755102	0.5102040816326531	1.0	0.5306122448979592	1.0	0.8775510204081632
YLR455W	208	719.0	59	22.0	31.0	297.0	482.0	283.0	470.0	291.0	477.9719999999999	0.8581363004172462	0.5076495132127955	0.9582753824756607	0.9165507649513213	0.9986091794158554	0.9749652294853964
YLR456W	29	54.0	23	0.0	7.0	36.0	380.0	23.09999999999998	159.79999999999993	36.0	275.7800000000002	0.9629629629629629	0.8518518518518519	1.0	0.9259259259259259	1.0	0.9629629629629629
YLR457C	84	122.0	8	12.0	32.22222222224809	412.0	1017.0	351.79999999999995	197.0	379.6	223.56000000000006	0.7868852459016393	0.319672131147541	0.9016393442622951	0.9672131147540983	0.9016393442622951	0.9836065573770492
YLR459W	70	150.0	25	12.0	21.0	397.0	1084.0	39.0	645.0	43.0	1082.0	0.88	0.7066666666666667	1.0	0.7866666666666666	1.0	0.7866666666666666
YLR460C	11	5.0	3	1.5	39.0	54.0	258.0	50.0	258.0	53.2	258.0	1.0	0.6	1.0	0.8	1.0	0.8
YML001W	267	999.0	136	3.0	57.0	258.0	215.0	106.0	141.77499999999998	222.1199999999999	207.04999999999995	0.8428428428428428	0.37237237237237236	0.9379379379379379	0.5465465465465466	0.986986986986987	1.0
YML002W	12	13.0	2	540.0	78.16666666668607	1110.0	197.0	1107.15	194.45	1110.0	197.0	0.15384615384615385	0.3076923076923077	0.15384615384615385	0.3076923076923077	0.23076923076923078	1.0
YML003W	11	10.0	1	29.0	1607.0	52.0	2596.0	52.0	2596.0	52.0	2596.0	0.7	0.1	1.0	0.1	1.0	0.1
YML004C	283	3398.0	1001	7.0	0.0	614.0	423.0	27.0	182.0	32.0	183.55999999999995	0.9914655679811654	0.8990582695703355	0.9964685108887581	0.9867569158328429	0.9964685108887581	0.9964685108887581
YML005W	50	114.0	23	1.0	10.333333333343035	536.0	84.0	185.2	79.8	484.15999999999997	84.0	0.8070175438596491	0.7719298245614035	0.8157894736842105	1.0	0.868421052631579	1.0
YML006C	16	19.0	5	10.75	12.0	245.0	100.0	212.2	97.30000000000001	233.2199999999999	100.0	0.7368421052631579	0.9473684210526315	0.8947368421052632	1.0	1.0	1.0
YML007C-A	58	60.0	3	10.0	14.0	570.0	1563.0	228.0	1424.0	558.5999999999998	1552.2999999999997	0.85	0.2	0.8833333333333333	0.21666666666666667	0.95	0.21666666666666667
YML007W	214	651.0	52	20.0	25.5	684.0	265.0	188.0	228.0	610.0	240.0	0.6728110599078341	0.7050691244239631	0.901689708141321	0.9692780337941628	0.9615975422427036	0.9754224270353302
YML008C	597	2595.0	262	9.0	14.0	852.0	723.0	187.5	126.0	268.70000000000255	156.0	0.7591522157996147	0.9217726396917149	0.8385356454720616	0.9799614643545279	0.922543352601156	0.9969171483622351
YML009C	371	1563.0	196	8.0	75.0	1728.0	437.0	50.0	288.0	61.73999999999978	294.0	0.9705694177863083	0.35572616762635956	0.9923224568138196	0.6391554702495201	0.9923224568138196	0.781829814459373
YML009W-B	857	1574.0	66	2038.746268656716	28.0	2812.0	351.0	2804.0	300.0	2812.0	307.94666666666666	0.05082592121982211	0.5686149936467598	0.06670902160101652	0.7490470139771284	0.10165184243964422	0.8875476493011436
YML010W	273	698.0	31	19.0	22.0	54.0	394.0	50.0	343.0	54.0	372.2399999999998	0.8438395415472779	0.5888252148997135	1.0	0.7464183381088825	1.0	0.8982808022922636
YML011C	86	128.0	7	12.0	23.0	63.0	335.0	50.0	167.73333333333332	61.0	306.91999999999996	0.890625	0.703125	1.0	0.828125	1.0	0.96875
YML012C-A	1	1.0	1	0.0	0.0	1479.0	244.0	1479.0	244.0	1479.0	244.0	1.0	1.0	1.0	1.0	1.0	1.0
YML012W	1890	27971.0	2521	21.0	20.0	2007.0	846.0	64.0	189.0	957.2200000000157	201.0	0.6661542311679954	0.6525329805870366	0.9867720138715098	0.8961781845482821	0.9873797862071431	0.997175646204998
YML013W	289	1686.0	145	21.0	33.0	934.0	1693.0	29.0	980.0	38.0	1037.0	0.4412811387900356	0.4762752075919336	1.0	0.8641755634638197	1.0	0.8641755634638197
YML014W	65	245.0	85	9.269230769219575	3.0	350.0	2045.0	31.25	106.0	45.650000000000034	122.9500000000001	0.9469387755102041	0.963265306122449	1.0	1.0	1.0	1.0
YML015C	46	59.0	5	6.5	9.0	63.0	158.0	62.239999999999995	149.0	63.0	157.18999999999997	0.8305084745762712	0.7457627118644068	1.0	1.0	1.0	1.0
YML017W	11	19.0	4	12.0	69.5	84.0	492.0	83.1	467.40000000000003	84.0	492.0	0.9473684210526315	0.5263157894736842	1.0	0.5263157894736842	1.0	0.8421052631578947
YML018C	171	561.0	138	63.0	13.0	264.0	201.0	170.0	135.0	229.0	160.55999999999995	0.27807486631016043	0.893048128342246	0.33868092691622104	0.910873440285205	0.9625668449197861	0.9162210338680927
YML019W	44	121.0	18	13.60000000000582	34.0	77.0	296.0	34.89999999999998	295.3	56.40999999999977	296.0	0.9504132231404959	0.5950413223140496	0.9917355371900827	0.9173553719008265	1.0	0.9421487603305785
YML020W	19	21.0	2	35.5	6.0	401.0	210.0	296.79999999999995	210.0	401.0	210.0	0.7619047619047619	0.9047619047619048	0.8095238095238095	1.0	0.9523809523809523	1.0
YML021C	54	87.0	10	8.797619047632907	26.0	1421.0	339.0	543.05	305.63333333333253	1135.7299999999964	339.0	0.9425287356321839	0.5747126436781609	0.9425287356321839	0.896551724137931	0.9425287356321839	0.9425287356321839
YML022W	643	5631.0	979	24.0	60.0	1803.0	1488.0	69.0	277.0	83.0	329.0	0.7408985970520334	0.5693482507547505	0.986680873734683	0.5970520333866098	0.9973361747469366	0.9595098561534363
YML023C	125	341.0	33	10.0	16.25	99.0	246.0	54.0	84.0	94.9066666666666	184.8799999999992	0.9120234604105572	0.6891495601173021	0.9882697947214076	0.9824046920821115	1.0	0.9882697947214076
YML024W	225	742.0	104	0.0	62.0	137.0	259.0	42.0	161.0	57.16000000000008	244.32000000000016	0.9622641509433962	0.6428571428571429	0.9959568733153639	0.7425876010781671	0.9959568733153639	0.954177897574124
YML025C	102	1158.0	475	0.0	6.0	58.0	222.0	52.654999999999994	118.0	54.946666666666715	135.0	0.998272884283247	0.966321243523316	1.0	0.9853195164075993	1.0	0.9991364421416234
YML026C	1380	20837.0	1412	4.0	39.0	243.0	420.0	46.0	233.0	52.0	237.0	0.9476412151461343	0.5615971589000336	0.9964486250419926	0.9349234534721889	0.9998080337860537	0.9742765273311897
YML027W	42	57.0	7	7.0	44.0	1297.0	366.0	190.7999999999999	311.0	1222.5199999999998	362.78	0.9122807017543859	0.2982456140350877	0.9122807017543859	0.6666666666666666	0.9473684210526315	0.9298245614035088
YML028W	1497	168414.0	31256	12.0	0.0	3729.0	2201.0	43.0	112.0	47.0	125.0	0.969337466006389	0.9929697056064223	0.9985927535715559	0.9973992660942677	0.9990558979657274	0.9998990582730651
YML029W	139	309.0	33	16.0	51.0	1131.0	967.0	139.0	409.6333333333376	1129.0	957.0	0.6375404530744336	0.47896440129449835	0.9223300970873787	0.56957928802589	0.9579288025889967	0.8964401294498382
YML030W	217	593.0	36	8.433333333319752	25.0	1490.0	3921.0	50.0	271.0	203.42666666666673	3194.186666666667	0.8381112984822934	0.596964586846543	0.9629005059021922	0.9106239460370995	0.9763912310286678	0.9730185497470489
YML031W	130	1307.0	262	26.0	0.0	689.0	114.0	52.0	76.47142857142853	73.0	85.43000000000006	0.6579954093343535	0.9969395562356542	0.9977046671767407	1.0	0.9984697781178271	1.0
YML032C	155	589.0	101	5.0	7.0	64.0	392.0	57.0	299.1999999999998	62.05500000000001	328.61	0.9422750424448217	0.7724957555178268	1.0	0.8064516129032258	1.0	0.8166383701188455
YML034W	96	294.0	40	14.857142857130384	6.0	203.0	191.0	107.04000000000003	182.60000000000002	157.16	187.56	0.7551020408163265	0.9761904761904762	0.9727891156462585	0.9897959183673469	0.9965986394557823	0.9897959183673469
YML035C	159	396.0	49	13.0	85.0	298.0	432.0	199.66666666666663	272.0	213.54000000000002	380.4000000000002	0.7651515151515151	0.5732323232323232	0.8888888888888888	0.6186868686868687	0.9772727272727273	0.8156565656565656
YML036W	78	175.0	43	2.0	94.0	1207.0	603.0	116.66666666666667	319.25	885.5833333333333	409.5	0.9028571428571428	0.68	0.9371428571428572	0.6914285714285714	0.9542857142857143	0.76
YML037C	20	27.0	3	12.0	121.25	65.0	1836.0	65.0	1836.0	65.0	1836.0	0.8518518518518519	0.3333333333333333	0.8888888888888888	0.7037037037037037	1.0	0.7777777777777778
YML038C	228	620.0	38	29.0	38.0	1370.0	289.0	267.3333333333333	225.0	1364.0	242.29999999999995	0.5967741935483871	0.6274193548387097	0.7596774193548387	0.9612903225806452	0.932258064516129	0.9758064516129032
YML041C	40	41.0	5	30.75	3.0	197.0	114.0	76.79999999999998	95.69999999999997	197.0	114.0	0.6341463414634146	0.7804878048780488	0.975609756097561	0.926829268292683	0.975609756097561	1.0
YML042W	11	11.0	1	8.0	42.25	156.0	165.0	155.9	165.0	156.0	165.0	0.8181818181818182	0.7272727272727273	0.8181818181818182	1.0	0.8181818181818182	1.0
YML043C	82	348.0	53	8.25	5.0	186.0	194.0	164.0	164.0	169.15999999999985	178.6933333333333	0.8735632183908046	0.8132183908045977	0.9913793103448276	0.9971264367816092	1.0	1.0
YML046W	10	12.0	2	6.0	48.333333333343035	101.0	160.0	100.46666666666665	157.5333333333333	101.0	160.0	0.8333333333333334	0.4166666666666667	0.8333333333333334	0.75	1.0	1.0
YML048W	313	1352.0	188	10.0	45.0	90.0	518.0	45.0	347.0	70.0	359.0	0.8868343195266272	0.5266272189349113	1.0	0.7485207100591716	1.0	0.7788461538461539
YML050W	19	25.0	5	10.0	7.125	30.0	164.0	30.0	127.0	30.0	164.0	0.92	0.96	1.0	0.96	1.0	1.0
YML051W	238	1473.0	166	39.0	43.0	171.0	361.0	80.0	143.0	119.0	147.0	0.4317718940936864	0.581805838424983	0.9511201629327902	0.9898167006109979	0.9945689069925322	0.9986422267481331
YML052W	150	750.0	101	9.0	11.0	89.0	164.0	48.0	105.0	55.0	164.0	0.928	0.9453333333333334	0.996	0.9746666666666667	1.0	1.0
YML053C	276	718.0	54	20.0	99.0	1702.0	192.0	1478.0	161.0	1529.9200000000003	166.0	0.5571030640668524	0.6225626740947076	0.8593314763231198	0.6309192200557103	0.9206128133704735	0.8050139275766016
YML054C	50	354.0	172	13.42307692306349	0.0	292.0	182.0	48.906666666666666	179.20000000000005	55.91999999999996	182.0	0.8983050847457628	0.940677966101695	0.9943502824858758	0.943502824858757	0.9943502824858758	1.0
YML055W	448	2766.0	194	154.0	14.0	363.0	218.0	191.0	61.0	214.0	96.0	0.5354302241503976	0.9674620390455532	0.6804049168474331	0.9819233550253073	0.6840202458423716	0.9996384671005062
YML056C	923	7522.0	374	40.0	30.0	904.0	263.0	123.0	113.0	130.27999999999975	113.0	0.5039883009837809	0.31507577771869183	0.8270406806700346	0.7963307630949216	0.9925551714969423	0.9993352831693698
YML057W	284	791.0	27	23.0	39.0	240.0	251.0	103.0	165.0	107.0	201.3000000000001	0.7876106194690266	0.4538558786346397	0.9848293299620733	0.8381795195954488	0.9987357774968394	0.9797724399494311
YML058W	329	2089.0	393	0.0	24.0	64.0	382.0	64.0	276.0	64.0	305.64400000000006	0.8530397319291527	0.6902824317855433	1.0	0.9837242699856391	1.0	0.9947343226424127
YML058W-A	28	45.0	9	14.0	0.0	61.0	141.0	55.666666666666664	133.0	60.099999999999994	141.0	0.9555555555555556	1.0	1.0	1.0	1.0	1.0
YML060W	85	174.0	12	34.0	11.200000000011642	91.0	225.0	82.0	219.0	85.03999999999996	221.27999999999997	0.5402298850574713	0.7988505747126436	1.0	0.8103448275862069	1.0	0.9597701149425287
YML061C	46	74.0	8	16.0	13.0	162.0	113.0	153.0	95.0	160.56000000000003	112.04000000000002	0.9459459459459459	0.9054054054054054	1.0	1.0	1.0	1.0
YML062C	181	438.0	18	10.60000000000582	11.0	245.0	261.0	59.0	127.0	75.44000000000005	135.448	0.8493150684931506	0.8013698630136986	0.9908675799086758	0.9155251141552512	0.9931506849315068	0.9954337899543378
YML063W	660	16823.0	4869	0.0	49.0	244.0	627.0	35.0	132.0	67.0	132.0	0.9402009154134221	0.43131427212744455	0.9986922665398561	0.7744159781251858	0.9996433454199608	0.9979195149497712
YML064C	197	292.0	10	39.333333333343035	17.0	147.0	305.0	108.0	215.0	111.19999999999976	277.08	0.4212328767123288	0.7328767123287672	0.815068493150685	0.8904109589041096	1.0	1.0
YML065W	36	84.0	20	17.5	50.0	122.0	149.0	108.73333333333332	149.0	122.0	149.0	0.7261904761904762	0.5714285714285714	0.9880952380952381	0.75	1.0	1.0
YML067C	228	772.0	98	13.0	52.0	84.0	818.0	33.89999999999998	144.4999999999999	49.559999999999945	745.1199999999999	0.917098445595855	0.7344559585492227	0.9987046632124352	0.7474093264248705	1.0	0.9481865284974094
YML068W	113	193.0	15	33.0	52.5	155.0	1802.0	116.0	519.5	140.98999999999995	1292.529999999997	0.5699481865284974	0.36787564766839376	0.8963730569948186	0.37305699481865284	1.0	0.8756476683937824
YML069W	398	5326.0	894	14.0	5.0	2097.0	160.0	72.0	83.0	85.0	90.82666666666653	0.8708223807735637	0.9725873075478784	0.9981224183251971	0.9979346601577168	0.9998122418325197	1.0
YML070W	229	1932.0	230	20.026315789466025	0.0	317.0	2009.0	108.0	74.0	282.18000000000006	81.7866666666667	0.7236024844720497	0.9922360248447205	0.884575569358178	0.9984472049689441	0.9591097308488613	0.9994824016563147
YML071C	224	2784.0	463	23.0	0.0	147.0	345.0	119.0	52.0	127.0	52.0	0.6066810344827587	0.9946120689655172	0.9076867816091954	0.9953304597701149	1.0	0.9967672413793104
YML072C	9	11.0	2	14.0	9.0	191.0	161.0	190.73333333333332	160.66666666666666	191.0	161.0	0.7272727272727273	1.0	0.9090909090909091	1.0	1.0	1.0
YML073C	1466	89456.0	11266	19.0	0.0	204.0	2683.0	48.0	87.0	52.0	90.0	0.8254337327848328	0.993337506707208	0.9979207655160078	0.9996534609193346	0.9997652477195492	0.999709354319442
YML074C	140	346.0	20	10.0	3.0	1649.0	145.0	52.0	109.19999999999999	74.0	133.72000000000003	0.9046242774566474	0.8583815028901735	0.9942196531791907	0.9942196531791907	0.9942196531791907	1.0
YML075C	40	72.0	10	110.0	43.0	428.0	173.0	242.67999999999998	154.0	415.68000000000006	168.82000000000002	0.625	0.5138888888888888	0.6388888888888888	0.9861111111111112	0.7222222222222222	1.0
YML076C	22	31.0	3	5.5	23.5	45.0	230.0	32.0	228.9	45.0	230.0	0.967741935483871	0.6774193548387096	1.0	0.8709677419354839	1.0	1.0
YML077W	87	410.0	82	47.47368421051942	0.0	888.0	197.0	65.0	131.4	65.79999999999995	134.0	0.4853658536585366	0.9951219512195122	0.7804878048780488	0.9975609756097561	0.9975609756097561	1.0
YML078W	400	5281.0	1297	0.0	8.0	816.0	920.0	37.0	161.0	118.0	180.0	0.9600454459382692	0.9437606513917819	0.989206589661049	0.996402196553683	0.9901533800416588	0.9977277030865367
YML079W	403	2996.0	402	10.0	40.0	385.0	1012.0	26.945454545454513	141.45999999999998	35.07999999999993	849.0	0.979305740987984	0.6408544726301736	0.9973297730307076	0.7686915887850467	0.9993324432576769	0.9759679572763685
YML080W	116	460.0	41	13.0	7.0	155.0	164.0	125.5	113.0	134.0	127.99999999999989	0.8282608695652174	0.9717391304347827	0.9304347826086956	1.0	0.9978260869565218	1.0
YML081C-A	1056	37615.0	14493	0.0	47.0	246.0	538.0	70.0	163.0	80.0	173.0	0.86502724976738	0.6686694137976871	0.996969294164562	0.8089326066728698	0.9997075634720192	0.9973680712481723
YML081W	8	12.0	3	2.0	26.0	149.0	88.0	148.73333333333332	87.6	149.0	88.0	0.9166666666666666	1.0	0.9166666666666666	1.0	1.0	1.0
YML082W	315	1303.0	85	56.44000000000233	21.0	201.0	213.0	67.0	194.0	72.94000000000005	205.0	0.6776669224865695	0.6960859554873369	0.8357636224098235	0.9071373752877974	0.9984650805832693	0.9976976208749041
YML083C	1	1.0	1	0.0	0.0	2777.0	361.0	2777.0	361.0	2777.0	361.0	1.0	1.0	1.0	1.0	1.0	1.0
YML085C	376	3979.0	285	17.0	33.0	169.0	188.0	61.0	173.0	63.0	179.0	0.9442070872078412	0.6994219653179191	0.9992460417190249	0.985423473234481	0.9992460417190249	0.9952249308871576
YML086C	131	900.0	195	0.9185185185197042	4.0	182.0	149.0	160.0	116.0	174.28571428571428	119.5	0.9322222222222222	0.9622222222222222	0.9922222222222222	0.9977777777777778	0.9988888888888889	1.0
YML087C	50	164.0	46	4.0	19.0	118.0	175.0	60.13333333333329	110.43999999999998	113.43999999999994	172.43999999999994	0.9207317073170732	0.9024390243902439	0.9451219512195121	0.9695121951219512	0.975609756097561	1.0
YML088W	24	29.0	4	26.666666666671517	56.5	84.0	216.0	63.09999999999994	198.89999999999995	84.0	216.0	0.7931034482758621	0.5862068965517241	0.9655172413793104	0.7241379310344828	1.0	0.7931034482758621
YML089C	9	13.0	5	22.333333333328483	0.0	456.0	306.0	416.3999999999999	305.25	456.0	306.0	0.8461538461538461	0.7692307692307693	0.8461538461538461	0.7692307692307693	0.8461538461538461	1.0
YML092C	235	1271.0	173	10.0	1.0	145.0	227.0	42.63333333333336	163.0	133.94799999999995	182.0	0.94492525570417	0.8638867033831629	0.962234461054288	0.8764752163650669	0.9740361919748229	0.997639653815893
YML093W	74	289.0	39	14.5	54.0	46.0	227.0	35.03333333333334	156.0	37.22000000000003	192.8400000000006	0.9653979238754326	0.4290657439446367	1.0	0.5121107266435986	1.0	0.9896193771626297
YML094C-A	3	1.0	1	1.0	641.5	263.0	1312.0	263.0	1312.0	263.0	1312.0	1.0	1.0	1.0	1.0	1.0	1.0
YML094W	98	270.0	51	13.736842105266987	3.0	2390.0	221.0	38.0	156.0	601.6000000000028	180.0	0.9481481481481482	0.8518518518518519	0.9777777777777777	0.8962962962962963	0.9814814814814815	0.9925925925925926
YML095C	63	83.0	9	15.0	756.1999999999971	770.0	1257.0	234.24999999999895	1003.3999999999999	692.5600000000004	1052.16	0.9397590361445783	0.3253012048192771	0.9397590361445783	0.3614457831325301	0.9397590361445783	0.3614457831325301
YML096W	285	951.0	63	4.0	111.0	104.0	1458.0	55.899999999999864	237.0	59.0	343.0	0.9106203995793901	0.5057833859095688	0.9989484752891693	0.5488958990536278	1.0	0.7392218717139852
YML097C	121	464.0	66	28.0	1.0	202.0	561.0	58.0	89.0	71.72000000000003	100.36000000000001	0.7004310344827587	0.9935344827586207	0.9978448275862069	0.9956896551724138	0.9978448275862069	0.9956896551724138
YML098W	294	917.0	81	5.44999999999709	98.0	503.0	1231.0	58.0	251.89999999999986	93.0	560.0	0.7938931297709924	0.25627044711014174	0.9738276990185387	0.5605234460196292	0.9989094874591058	0.9596510359869138
YML099C	9	12.0	3	25.0	92.0	183.0	447.0	173.9999999999999	447.0	183.0	447.0	0.75	0.25	0.8333333333333334	0.25	0.9166666666666666	0.25
YML100W	34	61.0	11	136.75	6.0	399.0	423.0	396.43333333333334	168.56666666666655	399.0	395.17000000000013	0.7049180327868853	0.9344262295081968	0.7377049180327869	0.9344262295081968	0.7540983606557377	0.9836065573770492
YML100W-A	18	16.0	2	711.5	4.5	1880.0	252.0	1879.1	252.0	1880.0	252.0	0.125	1.0	0.125	1.0	0.1875	1.0
YML101C	154	263.0	20	27.0	37.0	84.0	1595.0	71.0	102.0	79.87	132.44000000000005	0.6920152091254753	0.532319391634981	1.0	0.9277566539923955	1.0	0.9923954372623575
YML101C-A	13	13.0	2	42.25	78.5	433.0	1318.0	428.5	1316.8	433.0	1318.0	0.7692307692307693	0.15384615384615385	0.7692307692307693	0.15384615384615385	0.7692307692307693	0.15384615384615385
YML102W	292	3635.0	621	23.0	0.0	541.0	863.0	34.0	65.0	501.1500000000001	104.3404761904762	0.49105914718019256	0.9565337001375516	0.9757909215955983	0.9738651994497937	0.9804676753782668	0.9969738651994497
YML104C	43	117.0	23	2.0	6.0	64.0	132.0	54.0	62.662499999999994	62.324999999999996	93.1399999999999	0.9401709401709402	0.7863247863247863	1.0	0.9914529914529915	1.0	1.0
YML105C	174	613.0	80	5.0	5.0	536.0	122.0	46.0	117.0	66.0	117.0	0.9265905383360522	0.8580750407830342	0.99836867862969	0.99836867862969	1.0	1.0
YML106W	815	5356.0	305	44.0	86.0	2086.0	421.0	308.0	171.0	317.0	231.0	0.6966019417475728	0.47143390589992534	0.8224421209858103	0.4856235997012696	0.9044062733383121	0.9266243465272591
YML107C	59	291.0	73	0.0	14.570512820515432	164.0	775.0	13.0	171.533333333333	35.129999999999825	712.8999999999997	0.9896907216494846	0.8075601374570447	0.9965635738831615	0.9415807560137457	0.9965635738831615	0.9415807560137457
YML108W	233	999.0	100	44.0	6.0	132.0	2492.0	81.0	368.3999999999969	111.01999999999998	1329.4999999999995	0.5255255255255256	0.9079079079079079	0.9069069069069069	0.9369369369369369	0.998998998998999	0.9379379379379379
YML109W	35	60.0	6	30.0	2.285714285717404	534.0	98.0	491.0	89.0	532.1	98.0	0.48333333333333334	0.9833333333333333	0.8833333333333333	0.9833333333333333	0.8833333333333333	1.0
YML110C	466	1625.0	98	19.071428571427532	71.16666666666424	474.0	942.0	58.0	292.1	78.0	741.0	0.9323076923076923	0.6043076923076923	0.9944615384615385	0.608	0.9969230769230769	0.7316923076923076
YML111W	4	4.0	1	79.0	16.0	179.0	151.0	179.0	151.0	179.0	151.0	0.25	0.5	0.25	1.0	0.5	1.0
YML112W	91	739.0	235	10.0	0.0	666.0	164.0	54.486	88.27499999999998	57.74000000000001	101.11000000000001	0.8958051420838972	0.9824086603518268	0.9986468200270636	0.9986468200270636	0.9986468200270636	1.0
YML113W	142	462.0	40	20.0	17.0	1323.0	172.0	83.0	146.39999999999998	329.9599999999998	162.0	0.7272727272727273	0.948051948051948	0.9545454545454546	1.0	0.9718614718614719	1.0
YML114C	147	332.0	21	169.0	35.5	243.0	2043.0	179.26666666666665	70.0	186.02	89.32000000000028	0.3132530120481928	0.7319277108433735	0.3132530120481928	0.8975903614457831	0.31626506024096385	0.9969879518072289
YML115C	641	3297.0	117	11.0	60.0	1782.0	523.0	71.0	261.0	74.0	267.0	0.9150743099787686	0.4470730967546254	0.9996966939642099	0.48528965726417955	0.9996966939642099	0.8862602365787079
YML116W	136	308.0	16	20.0	6.0	148.0	289.0	119.0	188.8999999999973	144.11200000000005	288.0	0.6266233766233766	0.7792207792207793	0.9545454545454546	0.948051948051948	1.0	0.9512987012987013
YML116W-A	482	979.0	160	1077.5416666666642	21.0	4234.0	351.0	3370.0	143.0	3374.0	143.0	0.3258426966292135	0.7446373850868233	0.3411644535240041	0.8335035750766088	0.3748723186925434	0.9009193054136875
YML117W	29	56.0	10	4.0	13.0	1005.0	270.0	175.09999999999985	248.9333333333333	1005.0	269.09999999999997	0.9107142857142857	0.7678571428571429	0.9464285714285714	0.9107142857142857	0.9642857142857143	0.9821428571428571
YML118W	33	43.0	3	317.0	63.875	471.0	223.0	462.8333333333333	211.60000000000002	471.0	223.0	0.4186046511627907	0.37209302325581395	0.4418604651162791	0.6046511627906976	0.4418604651162791	0.8372093023255814
YML119W	115	290.0	52	67.0	9.0	632.0	411.0	465.0	135.0	486.13333333333475	158.0	0.6689655172413793	0.7724137931034483	0.7172413793103448	0.9	0.803448275862069	1.0
YML120C	431	2368.0	243	3.0	26.636363636363967	549.0	410.0	76.0	380.0	100.44000000000005	396.0	0.9463682432432432	0.6148648648648649	0.9907094594594594	0.8944256756756757	0.9940878378378378	0.9759290540540541
YML121W	212	641.0	85	3.0	43.0	455.0	322.0	135.0	186.0	313.2666666666669	284.26000000000045	0.8049921996879875	0.43213728549141966	0.8689547581903276	0.921996879875195	0.9812792511700468	0.9890795631825273
YML122C	14	12.0	1	1510.5	32.5	1560.0	222.0	1559.5	219.59999999999997	1560.0	222.0	0.25	0.5	0.5	0.9166666666666666	0.6666666666666666	1.0
YML123C	555	18098.0	3061	0.0	27.0	127.0	234.0	49.0	151.0	54.0	152.23230769230773	0.9876229417615207	0.854680075146425	0.9987291413415847	0.9938114708807603	1.0	0.9999447452757211
YML124C	45	79.0	14	8.625	4.0	1082.0	1367.0	59.99999999999909	248.0499999999995	1082.0	1367.0	0.9493670886075949	0.7974683544303798	0.9493670886075949	0.9493670886075949	0.9493670886075949	0.9493670886075949
YML125C	269	4739.0	831	5.0	6.0	3066.0	326.0	28.0	103.0	41.0	124.02749999999992	0.990715340789196	0.9394387001477105	0.9966237602869804	0.9940915805022157	0.9995779700358726	0.9983118801434901
YML127W	4	6.0	2	12.33333333333212	30.0	80.0	177.0	80.0	177.0	80.0	177.0	0.8333333333333334	0.6666666666666666	1.0	0.8333333333333334	1.0	0.8333333333333334
YML128C	316	1578.0	144	76.0	11.0	233.0	215.0	132.5999999999999	203.0	164.0	205.0	0.6242078580481623	0.9607097591888466	0.6806083650190115	0.9974651457541192	0.9695817490494296	0.9993662864385298
YML129C	654	5553.0	377	14.0	26.375	227.0	449.0	25.0	324.0	29.970000000000255	328.0	0.8761030073833964	0.678732216819737	0.9990995858094723	0.8919502971366828	0.9996398343237889	0.9058166756708086
YML130C	246	911.0	65	47.0	17.0	178.0	173.0	101.0	109.0	121.0	109.756	0.5598243688254665	0.884742041712404	0.6377607025246982	0.995609220636663	1.0	1.0
YML131W	138	332.0	36	6.0	9.558139534883594	306.0	370.0	79.76666666666654	240.0	115.68	284.0	0.8855421686746988	0.7771084337349398	0.9608433734939759	0.8283132530120482	0.9969879518072289	0.9939759036144579
YMR001C	88	139.0	8	27.0	9.0	396.0	277.0	386.0	245.44999999999933	396.0	277.0	0.6546762589928058	0.697841726618705	0.7985611510791367	0.8920863309352518	0.7985611510791367	0.9496402877697842
YMR002W	606	8052.0	936	16.181818181823473	5.0	316.0	388.0	89.0	250.0	97.97999999999956	254.0	0.7439145553899652	0.9800049677098858	0.8837555886736215	0.9965226030799801	0.9983854942871336	0.9971435668156979
YMR003W	77	433.0	68	3.0	9.0	228.0	1042.0	42.0	84.0	45.0	105.23333333333339	0.9792147806004619	0.9815242494226328	0.9976905311778291	0.9953810623556582	0.9976905311778291	0.9953810623556582
YMR004W	81	344.0	71	22.0	1.0	108.0	234.0	102.0	196.0	108.0	196.0	0.747093023255814	0.7790697674418605	0.9883720930232558	0.997093023255814	1.0	1.0
YMR005W	120	313.0	15	8.0	41.0	419.0	417.0	91.79999999999973	145.0	112.85000000000002	337.7000000000005	0.8945686900958466	0.5303514376996805	0.9712460063897763	0.8977635782747604	0.9968051118210862	0.9776357827476039
YMR006C	183	985.0	149	13.0	3.0	2326.0	175.0	107.0	107.0	150.0	111.0	0.8690355329949239	0.9939086294416244	0.9482233502538071	0.9989847715736041	0.9959390862944163	1.0
YMR007W	22	21.0	3	6.0	40.75	29.0	261.0	25.149999999999995	187.8	29.0	222.4799999999999	1.0	0.47619047619047616	1.0	0.9523809523809523	1.0	1.0
YMR008C	510	1080.0	25	93.0	115.5	881.0	912.0	247.0	339.0	771.6000000000013	402.2000000000012	0.25092592592592594	0.23148148148148148	0.3074074074074074	0.33611111111111114	0.8592592592592593	0.5407407407407407
YMR008C-A	9	12.0	4	195.40000000002328	3.333333333313931	363.0	410.0	278.0	410.0	278.0	410.0	0.4166666666666667	1.0	0.6666666666666666	1.0	0.6666666666666666	1.0
YMR009W	422	1087.0	69	19.0	49.0	966.0	2119.0	487.2999999999997	441.0	849.1119999999997	458.6499999999994	0.7387304507819688	0.5409383624655014	0.889604415823367	0.8114075436982521	0.890524379024839	0.8794848206071757
YMR010W	331	644.0	30	51.0	309.0	1067.0	597.0	269.0	448.0	918.9599999999855	524.472	0.6335403726708074	0.32919254658385094	0.9487577639751553	0.5419254658385093	0.9611801242236024	0.6024844720496895
YMR011W	255	3516.0	1032	3.0	1.0	855.0	277.0	51.0	157.0	121.0	163.0	0.9223549488054608	0.929749715585893	0.9553469852104665	0.9945961319681457	0.9954493742889647	0.9965870307167235
YMR012W	19	22.0	3	57.0	4.0	140.0	140.0	132.79999999999998	139.4	140.0	140.0	0.4090909090909091	0.8181818181818182	0.7272727272727273	1.0	1.0	1.0
YMR013C	93	176.0	16	14.0	134.0	215.0	317.0	75.0	223.0	91.0	286.60000000000036	0.8636363636363636	0.4375	0.9772727272727273	0.7102272727272727	0.9943181818181818	0.7329545454545454
YMR013C-A	124	218.0	16	14.0	139.0	333.0	1609.0	193.0	1514.6	209.0	1561.7999999999997	0.8165137614678899	0.3669724770642202	0.908256880733945	0.6055045871559633	0.9862385321100917	0.6238532110091743
YMR013W-A	67	43.0	5	631.0	172.0	1204.0	2155.0	1198.1	316.0	1204.0	2155.0	0.11627906976744186	0.3953488372093023	0.11627906976744186	0.3953488372093023	0.13953488372093023	0.6046511627906976
YMR014W	314	2541.0	241	28.0	25.0	1361.0	2122.0	48.0	127.0	61.0	136.0	0.8650137741046832	0.5832349468713105	0.996064541519087	0.9913419913419913	0.9964580873671782	0.9956709956709957
YMR015C	244	1419.0	153	10.0	4.0	196.0	257.0	72.0	192.0	142.0	230.0	0.9478505990133897	0.7688513037350246	0.966878083157153	0.9873150105708245	0.992952783650458	0.9992952783650458
YMR016C	90	166.0	22	11.0	17.0	317.0	654.0	317.0	155.19999999999996	317.0	587.3200000000011	0.6265060240963856	0.8795180722891566	0.6987951807228916	0.8975903614457831	0.927710843373494	0.9879518072289156
YMR017W	11	10.0	1	117.0	19.0	1490.0	85.0	1490.0	85.0	1490.0	85.0	0.2	0.9	0.2	1.0	0.2	1.0
YMR018W	4	4.0	1	411.5	2.5	1109.0	65.0	1109.0	65.0	1109.0	65.0	0.25	1.0	0.25	1.0	0.25	1.0
YMR020W	102	203.0	12	68.0	15.75	286.0	1131.0	132.0	409.0	192.31999999999994	550.8599999999997	0.4630541871921182	0.8571428571428571	0.5812807881773399	0.896551724137931	0.9901477832512315	0.896551724137931
YMR021C	95	427.0	63	24.0	6.0	71.0	872.0	62.0	282.1666666666666	65.58933333333334	295.0	0.7330210772833724	0.8337236533957846	1.0	0.9882903981264637	1.0	0.990632318501171
YMR022W	365	2582.0	189	19.0	57.0	840.0	313.0	29.0	158.0	49.0	271.3599999999997	0.8179705654531371	0.36638264910921764	0.9965143299767621	0.5886909372579395	0.9972889233152595	0.9895429899302866
YMR023C	80	207.0	19	39.0	8.0	74.0	72.0	68.0	58.0	74.0	62.150000000000034	0.6714975845410628	1.0	0.9806763285024155	1.0	1.0	1.0
YMR024W	14	14.0	2	4.0	19.0	9.0	195.0	9.0	185.99999999999994	9.0	195.0	1.0	0.7857142857142857	1.0	0.8571428571428571	1.0	1.0
YMR025W	41	70.0	7	15.0	3.0	48.0	729.0	38.0	602.6666666666666	47.19999999999999	728.6	0.9428571428571428	0.8428571428571429	1.0	0.9428571428571428	1.0	0.9428571428571428
YMR026C	80	178.0	17	26.0	12.0	320.0	150.0	181.0	121.79999999999993	181.0	138.224	0.6404494382022472	0.8707865168539326	0.8370786516853933	0.9943820224719101	0.9943820224719101	1.0
YMR027W	525	2693.0	245	15.0	19.0	686.0	157.0	91.0	132.29333333333332	99.0	139.07000000000016	0.8392127738581507	0.779428147047902	0.9881173412551059	0.9179353880430746	0.9985146676568882	1.0
YMR028W	87	271.0	28	3.0	32.0	65.0	116.0	32.0	102.0	48.0	102.79000000000002	0.977859778597786	0.4833948339483395	1.0	0.9520295202952029	1.0	1.0
YMR029C	199	779.0	45	10.0	16.0	284.0	427.0	64.0	115.27499999999998	208.14000000000124	265.0	0.8973042362002568	0.7792041078305519	0.9807445442875481	0.9743260590500642	0.982028241335045	0.9794608472400513
YMR030W	18	25.0	6	34.5	0.0	283.0	117.0	237.5	117.0	279.0	117.0	0.32	0.88	0.8	1.0	0.88	1.0
YMR030W-A	3	3.0	1	1285.5	20.25	2119.0	70.0	2119.0	70.0	2119.0	70.0	0.3333333333333333	0.6666666666666666	0.3333333333333333	1.0	0.3333333333333333	1.0
YMR031C	24	45.0	6	5.0	34.428571428579744	634.0	206.0	98.5	206.0	634.0	206.0	0.8666666666666667	0.5333333333333333	0.9555555555555556	1.0	0.9777777777777777	1.0
YMR032W	134	310.0	27	55.0	7.333333333313931	149.0	359.0	116.0	190.0	130.5999999999999	202.0	0.4774193548387097	0.8483870967741935	0.6580645161290323	0.9161290322580645	0.9967741935483871	0.9741935483870968
YMR033W	270	3431.0	609	0.0	45.0	74.0	312.0	46.0	219.0	52.190000000000055	226.0	0.9778490236082775	0.7012532789274264	1.0	0.770329350043719	1.0	0.9994170795686389
YMR034C	161	414.0	26	65.57142857142026	4.0	917.0	157.0	223.0	121.0	227.26000000000005	121.0	0.7101449275362319	0.9927536231884058	0.7439613526570048	1.0	0.9541062801932367	1.0
YMR035W	107	157.0	8	25.33333333331393	77.0	1523.0	288.0	65.0	209.83333333333334	272.82000000000323	288.0	0.7261146496815286	0.3630573248407643	1.0	0.4012738853503185	1.0	0.9426751592356688
YMR036C	47	102.0	26	9.0	5.0	501.0	1037.0	60.79999999999998	183.59999999999997	500.48	1037.0	0.9313725490196079	0.7843137254901961	0.9607843137254902	0.9509803921568627	0.9705882352941176	0.9705882352941176
YMR037C	19	22.0	3	35.0	56.0	483.0	315.0	480.6	315.0	483.0	315.0	0.6363636363636364	0.13636363636363635	0.9545454545454546	0.8636363636363636	1.0	0.9545454545454546
YMR038C	386	1846.0	160	13.0	64.0	188.0	802.0	38.0	138.0	117.0	419.0	0.8114842903575298	0.6359696641386782	0.9875406283856988	0.6803900325027086	0.9962080173347779	0.9848320693391116
YMR039C	179	416.0	38	62.5	115.0	317.0	240.0	187.0	198.0	189.40799999999996	220.11999999999998	0.3245192307692308	0.3605769230769231	0.6057692307692307	0.3629807692307692	1.0	0.5
YMR040W	60	89.0	10	63.5	0.0	415.0	189.0	207.39999999999986	90.0	372.48999999999995	165.85999999999996	0.30337078651685395	0.8539325842696629	0.5280898876404494	0.8764044943820225	0.9213483146067416	0.9887640449438202
YMR041C	122	323.0	58	96.0	0.6875	243.0	130.0	193.0	123.0	237.15999999999985	130.0	0.6160990712074303	0.7925696594427245	0.628482972136223	0.8235294117647058	0.7585139318885449	0.8235294117647058
YMR042W	134	626.0	270	9.0	0.0	1317.0	1925.0	96.0	522.9333333333333	104.0	540.0	0.7731629392971247	0.9041533546325878	0.7939297124600639	0.9153354632587859	0.9920127795527156	0.9984025559105432
YMR043W	231	417.0	20	290.5	245.40000000002328	1285.0	424.0	399.0	395.5999999999999	455.0	408.0	0.434052757793765	0.20623501199040767	0.513189448441247	0.31894484412470026	0.5443645083932853	0.34292565947242204
YMR044W	200	1086.0	180	33.0	13.0	152.0	232.0	59.0	190.0	70.0	191.6400000000001	0.3462246777163904	0.8471454880294659	0.9732965009208103	0.9014732965009208	0.996316758747698	1.0
YMR046W-A	1	1.0	1	0.0	0.0	286.0	116.0	286.0	116.0	286.0	116.0	1.0	1.0	1.0	1.0	1.0	1.0
YMR047C	38	137.0	27	0.0	14.0	87.0	118.0	86.55	87.28214285714286	87.0	110.84666666666658	0.9927007299270073	0.8029197080291971	1.0	1.0	1.0	1.0
YMR048W	58	131.0	14	6.0	12.0	33.0	200.0	33.0	148.0	33.0	194.05999999999997	0.9770992366412213	0.9083969465648855	1.0	0.9618320610687023	1.0	1.0
YMR049C	340	2505.0	420	14.752336448582355	0.0	540.0	207.0	49.0	169.0	66.0	180.89999999999964	0.8359281437125748	0.810379241516966	0.9968063872255489	0.8295409181636727	0.9972055888223553	0.8878243512974052
YMR052C-A	6	7.0	3	1646.583333333314	14.125	2464.0	24.0	2464.0	24.0	2464.0	24.0	0.42857142857142855	1.0	0.42857142857142855	1.0	0.7142857142857143	1.0
YMR052W	131	353.0	30	6.0	17.84375	102.0	763.0	22.799999999999955	695.3599999999999	94.87999999999988	714.8799999999999	0.9688385269121813	0.5410764872521246	0.9773371104815864	0.7932011331444759	1.0	0.8073654390934845
YMR053C	6	10.0	6	18.0	0.0	34.0	298.0	34.0	298.0	34.0	298.0	0.8	0.9	1.0	0.9	1.0	0.9
YMR054W	59	117.0	21	10.0	3.0	228.0	597.0	224.0	122.0	227.77333333333334	286.7899999999992	0.8290598290598291	0.8547008547008547	0.9316239316239316	0.8547008547008547	0.9914529914529915	0.9914529914529915
YMR055C	55	108.0	35	3.0	0.0	223.0	3009.0	44.0	1232.5999999999997	48.760000000000005	2395.940000000002	0.9537037037037037	0.7592592592592593	0.9907407407407407	0.9074074074074074	0.9907407407407407	0.9166666666666666
YMR056C	81	131.0	11	31.5	7.0	395.0	221.0	391.0	129.0	395.0	161.51999999999998	0.5419847328244275	0.9847328244274809	0.7099236641221374	1.0	0.8473282442748091	1.0
YMR058W	604	23183.0	6031	5.0	6.0	114.0	856.0	56.0	166.0	70.0	227.0	0.9273605659319328	0.8369063537937281	0.9990510287710822	0.9870163481861709	1.0	0.996635465642928
YMR059W	151	353.0	61	19.0	1.0	2332.0	814.0	68.0	177.79999999999973	889.9866666666255	374.0	0.7932011331444759	0.8158640226628895	0.9688385269121813	0.9178470254957507	0.9688385269121813	0.9575070821529745
YMR060C	101	497.0	94	5.0	18.0	42.0	112.0	28.0	48.0	40.0	54.0	0.9959758551307847	0.9879275653923542	1.0	0.9979879275653923	1.0	1.0
YMR061W	80	363.0	82	0.0	45.0	55.0	179.0	25.399999999999988	155.0	32.0	166.52666666666667	0.9972451790633609	0.46831955922865015	1.0	0.8154269972451791	1.0	0.9614325068870524
YMR062C	240	985.0	114	32.0	30.0	1313.0	286.0	95.0	115.0	108.64999999999998	173.0	0.6131979695431472	0.4862944162436548	0.8406091370558376	0.9350253807106599	0.9939086294416244	0.9949238578680203
YMR063W	115	269.0	36	26.0	255.0	1591.0	2104.0	72.09999999999997	1894.0	471.84666666666675	2000.1000000000001	0.5985130111524164	0.4944237918215613	0.9591078066914498	0.4944237918215613	0.9628252788104089	0.5055762081784386
YMR064W	95	197.0	36	26.0	13.0	1351.0	441.0	893.0	247.94999999999993	1284.0	368.4800000000001	0.4873096446700508	0.7918781725888325	0.7969543147208121	0.7918781725888325	0.8121827411167513	0.8071065989847716
YMR066W	18	20.0	2	19.0	13.0	31.0	121.0	30.0	121.0	31.0	121.0	0.75	0.8	1.0	0.9	1.0	1.0
YMR067C	74	104.0	7	20.0	65.5	309.0	152.0	71.6	122.0	78.37999999999998	151.45999999999998	0.7980769230769231	0.5961538461538461	0.9903846153846154	0.7307692307692307	1.0	0.9711538461538461
YMR068W	34	43.0	4	21.0	6.0	570.0	1451.0	262.10000000000014	495.4500000000016	409.1800000000001	1451.0	0.7906976744186046	0.9534883720930233	0.9069767441860465	0.9534883720930233	0.9069767441860465	0.9534883720930233
YMR069W	2	2.0	1	30.0	223.0	1444.0	469.0	1444.0	469.0	1444.0	469.0	0.5	0.5	1.0	0.5	1.0	0.5
YMR070W	1	1.0	1	0.0	0.0	197.0	150.0	197.0	150.0	197.0	150.0	1.0	1.0	1.0	1.0	1.0	1.0
YMR071C	207	671.0	40	18.277777777751908	9.0	1657.0	457.0	83.89999999999986	81.0	96.0	93.0	0.5096870342771982	0.9850968703427719	0.9657228017883756	0.9985096870342772	0.9970193740685543	1.0
YMR072W	203	1067.0	168	12.0	4.0	83.0	259.0	51.0	150.075	51.0	192.98999999999978	0.8275538894095595	0.9606373008434864	0.9943767572633552	0.985941893158388	1.0	0.9990627928772259
YMR073C	352	1032.0	49	13.0	137.5	99.0	1575.0	53.0	402.4999999999999	62.589999999999975	486.21999999999855	0.8488372093023255	0.4689922480620155	0.998062015503876	0.6511627906976745	1.0	0.6550387596899225
YMR074C	735	5113.0	600	2.0	52.0	1364.0	220.0	27.0	124.0	67.0	142.0	0.9673381576373948	0.5045961275180911	0.9841580285546646	0.703109720320751	0.9980442010561315	0.9939370232740075
YMR075W	71	122.0	5	150.0	6.0	277.0	156.0	225.2	125.0	277.0	136.56000000000003	0.23770491803278687	0.9918032786885246	0.45081967213114754	1.0	0.5655737704918032	1.0
YMR076C	10	13.0	4	3.0	79.59999999997672	92.0	224.0	91.85	222.5	92.0	224.0	0.8461538461538461	0.46153846153846156	0.9230769230769231	0.5384615384615384	1.0	0.9230769230769231
YMR077C	48	55.0	4	32.81666666670935	35.0	773.0	237.0	91.0	198.0	773.0	234.8	0.09090909090909091	0.23636363636363636	0.6363636363636364	0.8909090909090909	0.9636363636363636	0.9818181818181818
YMR078C	89	427.0	51	2.0	22.0	339.0	299.0	26.0	138.19999999999996	43.23000000000002	174.3800000000001	0.9742388758782201	0.7096018735362998	0.9929742388758782	0.9789227166276346	0.9976580796252927	0.9976580796252927
YMR079W	263	1647.0	453	6.0	18.0	721.0	353.0	44.0	331.0	57.0	347.0	0.9775349119611415	0.7795992714025501	0.9987856709168185	0.7972070431086824	0.9993928354584092	0.8852459016393442
YMR080C	76	198.0	27	16.0	17.0	327.0	472.0	91.79999999999998	422.0	203.7200000000014	469.08000000000004	0.9444444444444444	0.7272727272727273	0.9848484848484849	0.98989898989899	0.98989898989899	0.98989898989899
YMR081C	70	177.0	26	7.7999999999883585	7.25	237.0	268.0	147.65	236.75000000000009	228.0	266.0	0.8700564971751412	0.768361581920904	0.8926553672316384	0.9152542372881356	0.96045197740113	0.9661016949152542
YMR083W	665	5788.0	422	26.0	7.0	809.0	731.0	75.0	119.0	129.0	167.6199999999999	0.5765376641326884	0.9070490670352453	0.9853144436765722	0.9559433310297166	0.9911886662059434	0.9930891499654457
YMR084W	5	5.0	1	206.0	22.0	362.0	1487.0	362.0	1487.0	362.0	1487.0	0.4	0.8	0.6	0.8	0.6	1.0
YMR085W	12	14.0	2	707.3333333333139	69.0	1225.0	114.0	1215.8	114.0	1225.0	114.0	0.14285714285714285	0.35714285714285715	0.21428571428571427	0.42857142857142855	0.2857142857142857	1.0
YMR086C-A	5	5.0	2	4.0	984.5	800.0	1825.0	800.0	1825.0	800.0	1825.0	1.0	0.4	1.0	0.4	1.0	0.4
YMR086W	44	65.0	6	13.66666666668607	6.7999999999883585	100.0	1325.0	89.375	757.0	98.79999999999995	1325.0	0.8153846153846154	0.8153846153846154	1.0	0.8307692307692308	1.0	0.9076923076923077
YMR087W	53	132.0	29	36.933333333348855	0.3333333333139308	3395.0	116.0	1090.9999999999995	101.0	3389.26	113.01333333333339	0.38636363636363635	0.9166666666666666	0.8863636363636364	0.9166666666666666	0.9090909090909091	1.0
YMR088C	666	4397.0	350	28.0	45.0	184.0	271.0	142.0	125.0	158.0	148.0	0.28337502842847395	0.6449852171935411	0.9429156242892881	0.8953832158289743	0.9758926540823288	0.9990902888332954
YMR089C	114	227.0	22	9.0	29.0	271.0	265.0	233.29999999999995	264.0	261.8399999999999	264.0	0.7268722466960352	0.4933920704845815	0.801762114537445	0.8590308370044053	0.8237885462555066	1.0
YMR090W	396	841.0	29	718.0	27.0	1103.0	209.0	795.0	154.0	948.4500000000002	155.2700000000001	0.5005945303210464	0.43162901307966706	0.5862068965517241	0.8299643281807372	0.6254458977407847	0.9036860879904876
YMR091C	294	798.0	40	46.0	8.0	1140.0	1387.0	85.0	175.0	95.05333333333328	179.0	0.29699248120300753	0.6879699248120301	0.7719298245614035	0.8220551378446115	0.9987468671679198	0.8947368421052632
YMR092C	321	1392.0	129	27.0	12.0	371.0	133.0	87.0	113.0	91.0	116.0	0.7227011494252874	0.7392241379310345	0.9461206896551724	0.9985632183908046	0.9978448275862069	1.0
YMR093W	160	779.0	140	5.0	19.0	239.0	153.0	74.0	112.0	76.13000000000011	113.0	0.7163029525032092	0.8793324775353016	0.9974326059050064	0.9858793324775353	0.9987163029525032	1.0
YMR094W	13	18.0	5	30.0	1577.0	99.0	2235.0	86.99999999999994	2229.6666666666665	99.0	2235.0	0.7222222222222222	0.4444444444444444	0.8888888888888888	0.4444444444444444	1.0	0.4444444444444444
YMR096W	184	173.0	6	1002.5	35.5	2652.0	469.0	2331.7	240.0	2626.0	279.0	0.2254335260115607	0.27167630057803466	0.23121387283236994	0.6184971098265896	0.27167630057803466	0.953757225433526
YMR097C	107	216.0	17	26.0	32.0	826.0	119.0	53.0	102.0	57.68000000000001	102.0	0.6157407407407407	0.7453703703703703	1.0	0.8981481481481481	1.0	1.0
YMR098C	162	476.0	55	42.0	11.0	114.0	219.0	92.79999999999995	150.0	105.0	151.03384615384616	0.5168067226890757	0.6617647058823529	0.9705882352941176	0.8718487394957983	1.0	1.0
YMR099C	359	2531.0	585	10.0	1.0	82.0	295.0	28.0	257.0	65.52347826086961	277.0	0.9620703279336231	0.866455946266298	0.99723429474516	0.9134729355985777	1.0	0.9288818648755433
YMR100W	24	33.0	4	73.0	33.5	387.0	241.0	386.3	235.36666666666665	387.0	241.0	0.36363636363636365	0.5454545454545454	0.7272727272727273	0.8787878787878788	0.7575757575757576	0.9090909090909091
YMR101C	1	1.0	1	0.0	0.0	237.0	194.0	237.0	194.0	237.0	194.0	1.0	1.0	1.0	1.0	1.0	1.0
YMR102C	42	47.0	3	173.0	14.0	404.0	168.0	366.29999999999995	168.0	404.0	168.0	0.2765957446808511	0.7659574468085106	0.46808510638297873	1.0	0.48936170212765956	1.0
YMR103C	532	1035.0	70	1882.0	122.0	2282.0	196.0	2259.0	184.0	2269.766666666667	195.27142857142866	0.2647342995169082	0.4792270531400966	0.2966183574879227	0.4792270531400966	0.3285024154589372	0.6405797101449275
YMR104C	119	354.0	70	17.0	116.0	93.0	714.0	80.0	702.0	87.89999999999995	713.8799999999999	0.8135593220338984	0.5480225988700564	0.9096045197740112	0.5480225988700564	1.0	0.6666666666666666
YMR105C	549	17116.0	4211	3.0	2.0	2624.0	485.0	67.0	150.0	130.0	154.0	0.96880112175742	0.7883267118485627	0.9860364571161486	0.9949170366908157	0.9912362701565787	0.9959686842720262
YMR105W-A	4	2.0	1	663.0	5.0	679.0	688.0	679.0	243.99999999999997	679.0	279.2	0.5	1.0	0.5	1.0	0.5	1.0
YMR106C	70	94.0	5	22.0	41.0	330.0	2552.0	314.0	251.0	325.3066666666667	495.8933333333338	0.6382978723404256	0.5212765957446809	0.8404255319148937	0.7872340425531915	0.8404255319148937	0.851063829787234
YMR107W	9	7.0	3	9.0	10.125	513.0	192.0	38.0	180.79999999999998	38.0	189.76	1.0	0.8571428571428571	1.0	1.0	1.0	1.0
YMR108W	387	3197.0	379	33.0	18.0	507.0	279.0	257.2999999999993	191.0	267.0	201.0	0.7012824522990303	0.9089771660932124	0.9167969971848609	0.9924929621520175	0.9943697216140132	0.9971848608070065
YMR109W	33	108.0	42	7.860139860131312	0.0	65.0	118.0	48.19999999999999	118.0	63.84	118.0	0.9444444444444444	0.9166666666666666	1.0	1.0	1.0	1.0
YMR110C	153	591.0	80	16.0	13.25	75.0	189.0	36.0	174.0	62.0	177.79500000000002	0.8900169204737732	0.8324873096446701	0.9813874788494078	0.9170896785109983	1.0	0.9983079526226735
YMR111C	77	141.0	13	20.0	29.0	144.0	278.0	120.96666666666665	196.99999999999991	129.44000000000005	226.08666666666667	0.6808510638297872	0.6099290780141844	0.9574468085106383	0.950354609929078	1.0	0.9929078014184397
YMR112C	57	56.0	5	84.0	13.5	178.0	145.0	166.49999999999994	145.0	177.15999999999997	145.0	0.25	0.875	0.35714285714285715	1.0	0.6428571428571429	1.0
YMR113W	36	87.0	14	32.75	9.5	153.0	89.0	102.0	83.0	135.6099999999998	87.14999999999998	0.7126436781609196	0.8735632183908046	0.9885057471264368	1.0	1.0	1.0
YMR114C	57	81.0	8	30.0	24.0	433.0	144.0	54.9875	126.67500000000001	75.69	141.67499999999998	0.41975308641975306	0.5925925925925926	1.0	0.9876543209876543	1.0	1.0
YMR115W	200	937.0	118	10.0	27.0	233.0	1518.0	59.88095238095237	125.20384615384616	103.695	193.44999999999993	0.887940234791889	0.6125933831376734	0.9871931696905016	0.9413020277481323	0.9925293489861259	0.9935965848452508
YMR116C	1665	21689.0	2159	9.0	32.0	1245.0	294.0	40.0	224.0	956.1500000000087	228.0	0.9452256904421596	0.3248190326893817	0.9596108626492692	0.7442943427543917	0.9847388076905343	0.998109640831758
YMR117C	69	205.0	78	14.0	8.0	42.0	2065.0	42.0	1948.0	42.0	2018.0	0.8536585365853658	0.8	1.0	0.8731707317073171	1.0	0.9414634146341463
YMR118C	2	1.0	1	17.5	16.5	89.0	93.0	89.0	89.69999999999999	89.0	92.34	1.0	1.0	1.0	1.0	1.0	1.0
YMR119W	224	453.0	15	17.0	153.0	236.0	2569.0	208.0	253.0	228.87999999999988	399.933333333332	0.7549668874172185	0.2869757174392936	0.9624724061810155	0.4304635761589404	0.9933774834437086	0.5827814569536424
YMR119W-A	157	235.0	12	966.5	10.0	1899.0	2406.0	1871.0	273.3333333333333	1884.3500000000001	936.7500000000003	0.05106382978723404	0.8042553191489362	0.059574468085106386	0.9106382978723404	0.10212765957446808	0.9276595744680851
YMR120C	347	5944.0	921	14.0	4.0	116.0	2386.0	58.0	167.0	72.5900000000006	167.0	0.8967025572005384	0.8694481830417228	0.9957940780619112	0.9685397039030955	1.0	1.0
YMR121C	167	467.0	71	12.0	14.0	194.0	391.0	58.0	73.0	152.43999999999997	83.0	0.7301927194860813	0.9100642398286938	0.9785867237687366	0.9914346895074947	0.9828693790149893	0.9914346895074947
YMR122C	4	3.0	2	99.0	90.5	679.0	131.0	679.0	131.0	679.0	131.0	1.0	0.6666666666666666	1.0	0.6666666666666666	1.0	0.6666666666666666
YMR122W-A	228	2569.0	738	0.04803788906428963	18.0	726.0	715.0	44.84472972972973	263.0	63.0	589.9099999999994	0.9750875827170105	0.9120280264694434	0.9953289217594394	0.9727520435967303	0.9957181782794862	0.9778123783573375
YMR123W	273	1057.0	91	23.0	14.0	340.0	330.0	59.0	124.0	63.48000000000017	296.0	0.7483443708609272	0.8391674550614948	0.9990539262062441	0.967833491012299	0.9990539262062441	0.9735099337748344
YMR124W	29	34.0	3	62.0	57.0	318.0	140.0	315.8	138.0	318.0	140.0	0.3235294117647059	0.6764705882352942	0.7941176470588235	0.7352941176470589	0.7941176470588235	1.0
YMR125W	90	195.0	13	8.75	37.0	96.0	195.0	88.2	195.0	91.56666666666672	195.0	0.9897435897435898	0.6205128205128205	0.9948717948717949	0.8666666666666667	1.0	1.0
YMR126C	81	138.0	8	41.0	50.0	287.0	189.0	271.72499999999997	101.0	283.48	106.76000000000022	0.32608695652173914	0.6884057971014492	0.855072463768116	0.7463768115942029	0.9927536231884058	1.0
YMR127C	47	131.0	26	8.0	0.0	115.0	884.0	107.48333333333333	223.84999999999997	113.0	817.5799999999998	0.9694656488549618	0.9389312977099237	0.9923664122137404	0.9389312977099237	1.0	0.9541984732824428
YMR128W	33	57.0	10	4.0	10.5	61.0	196.0	61.0	122.87499999999999	61.0	191.58999999999997	1.0	0.8596491228070176	1.0	0.9649122807017544	1.0	0.9824561403508771
YMR129W	22	38.0	7	17.66666666662786	18.0	58.0	291.0	58.0	152.0	58.0	291.0	0.7631578947368421	0.7631578947368421	1.0	0.9473684210526315	1.0	0.9736842105263158
YMR130W	95	131.0	16	29.0	64.0	1204.0	2167.0	146.19999999999936	155.0	1011.7199999999998	1054.7733333333333	0.6259541984732825	0.5877862595419847	0.8244274809160306	0.6641221374045801	0.9541984732824428	0.9618320610687023
YMR131C	544	2290.0	150	7.0	83.0	959.0	613.0	69.0	170.0	75.0	193.0	0.8227074235807861	0.5951965065502184	0.9982532751091703	0.6314410480349345	0.9982532751091703	0.962882096069869
YMR132C	103	206.0	21	50.0	29.0	128.0	1867.0	90.39999999999998	271.19999999999993	111.92	1848.88	0.5048543689320388	0.5436893203883495	0.7621359223300971	0.9320388349514563	1.0	0.9466019417475728
YMR133W	2	2.0	1	13.0	752.0	16.0	1149.0	16.0	1149.0	16.0	1149.0	1.0	0.5	1.0	0.5	1.0	0.5
YMR134W	225	750.0	68	42.0	259.0	1647.0	322.0	326.56410256410254	284.0	502.0	307.0	0.628	0.4266666666666667	0.852	0.42933333333333334	0.9386666666666666	0.42933333333333334
YMR135C	34	39.0	3	15.25	59.5	1041.0	176.0	570.0	165.87499999999994	1041.0	176.0	0.6666666666666666	0.07692307692307693	0.8461538461538461	0.1794871794871795	0.8717948717948718	0.6153846153846154
YMR136W	71	185.0	24	77.0	0.5	210.0	98.0	164.0	82.5	204.85000000000005	86.65	0.32972972972972975	0.972972972972973	0.6	0.9945945945945946	0.9837837837837838	1.0
YMR137C	121	262.0	14	20.0	104.0	429.0	128.0	80.0	127.0	102.91999999999996	127.0	0.767175572519084	0.46564885496183206	0.9770992366412213	0.46564885496183206	0.9923664122137404	0.7137404580152672
YMR138W	298	1182.0	212	12.0	22.0	586.0	1747.0	30.0	259.0	82.56000000000267	1623.68	0.8324873096446701	0.7538071065989848	0.9746192893401016	0.8587140439932318	0.9906937394247038	0.8790186125211505
YMR139W	146	360.0	36	38.0	117.0	994.0	275.0	613.5	240.0	989.9999999999999	246.0	0.4861111111111111	0.4166666666666667	0.8944444444444445	0.5527777777777778	0.9194444444444444	0.5666666666666667
YMR140W	85	181.0	13	12.5	355.0	164.0	1015.0	64.44999999999999	840.0	160.50666666666666	844.69	0.9392265193370166	0.3812154696132597	0.9779005524861878	0.49171270718232046	0.9834254143646409	0.49171270718232046
YMR141C	2	1.0	1	6.0	569.0	26.0	1265.0	26.0	1265.0	26.0	1265.0	1.0	1.0	1.0	1.0	1.0	1.0
YMR141W-A	2	2.0	1	259.0	1773.0	384.0	1851.0	384.0	1851.0	384.0	1851.0	0.5	0.5	0.5	0.5	0.5	0.5
YMR142C	1297	53483.0	5491	14.083189655211754	15.0	3770.0	430.0	41.0	118.0	49.0	120.0	0.9950451545350859	0.9817886057251837	0.9998504197595498	0.9972701606117832	0.9999252098797748	0.9980741544042032
YMR143W	1072	20301.0	2312	8.0	19.0	1401.0	360.0	39.0	124.0	75.0	166.0	0.956110536426777	0.8339983252056549	0.9846805576079996	0.9609378848332595	0.9969459632530417	0.9983744643121029
YMR144W	60	135.0	18	16.0	16.0	173.0	725.0	173.0	260.3333333333333	173.0	360.3500000000024	0.6814814814814815	0.8740740740740741	0.9333333333333333	0.8962962962962963	0.9555555555555556	0.9851851851851852
YMR145C	1624	7182.0	342	107.0	2.0	296.0	393.0	212.0	332.0	231.0	335.0	0.2037037037037037	0.6365914786967418	0.22988025619604566	0.6594263436368699	0.39000278473962685	0.8235867446393762
YMR146C	572	5351.0	1368	4.0	14.0	494.0	878.0	71.07745098039216	108.47599999999998	88.0	114.0	0.7761166137170622	0.8923565688656326	0.991029714072136	0.9983180713885255	0.9983180713885255	0.999626238086339
YMR147W	77	196.0	23	15.0	29.0	126.0	334.0	79.0	172.0	100.53999999999999	214.4399999999997	0.8673469387755102	0.673469387755102	0.8724489795918368	0.9693877551020408	0.9948979591836735	0.9948979591836735
YMR148W	170	310.0	23	942.3333333333721	29.0	1293.0	334.0	1246.0	172.0	1265.1999999999998	198.99999999999977	0.5483870967741935	0.6967741935483871	0.5516129032258065	0.967741935483871	0.632258064516129	0.9967741935483871
YMR151W	2	2.0	1	287.0	1238.0	307.0	1323.0	307.0	1323.0	307.0	1323.0	0.5	0.5	0.5	0.5	0.5	0.5
YMR152W	61	112.0	10	32.0	4.0	897.0	169.0	398.0	86.79999999999998	596.2999999999978	162.79999999999995	0.7142857142857143	0.9732142857142857	0.8839285714285714	0.9821428571428571	0.9196428571428571	1.0
YMR153C-A	24	29.0	5	1866.6666666666279	1100.0	2347.0	1622.0	2326.1	1422.4999999999993	2347.0	1622.0	0.2413793103448276	0.3448275862068966	0.2413793103448276	0.3448275862068966	0.3103448275862069	0.3448275862068966
YMR153W	271	812.0	52	14.0	29.0	74.0	1474.0	67.0	293.0	72.0	594.2599999999985	0.853448275862069	0.44950738916256155	1.0	0.7302955665024631	1.0	0.7352216748768473
YMR154C	42	61.0	6	36.071428571478464	99.0	239.0	1793.0	129.04999999999987	696.1666666666666	231.74000000000004	1711.2700000000004	0.6065573770491803	0.5081967213114754	0.819672131147541	0.5573770491803278	0.9508196721311475	0.819672131147541
YMR155W	233	917.0	48	12.0	52.0	2885.0	1056.0	220.29999999999995	173.0	356.0	318.0	0.6564885496183206	0.47001090512540894	0.8865866957470011	0.6695747001090513	0.8942202835332607	0.9836423118865867
YMR156C	66	157.0	18	18.0	13.0	1098.0	817.0	190.00000000000003	113.0	1062.65	247.0400000000002	0.7770700636942676	0.9235668789808917	0.821656050955414	0.9299363057324841	0.9171974522292994	0.9681528662420382
YMR157C	214	605.0	26	21.5	25.0	728.0	1046.0	54.0	133.0	688.0	167.45000000000005	0.5206611570247934	0.47768595041322315	0.9619834710743802	0.9272727272727272	0.9619834710743802	0.9917355371900827
YMR158C-A	108	109.0	7	34.0	5.0	4134.0	176.0	1566.0	135.0	2654.8699999999917	160.67999999999984	0.6880733944954128	0.7889908256880734	0.7522935779816514	0.944954128440367	0.7981651376146789	1.0
YMR158W	303	1600.0	408	14.0	7.0	404.0	144.0	63.0	105.0	93.0	116.5	0.813125	0.938125	0.925	0.99375	0.9975	1.0
YMR159C	4	2.0	1	2507.0	5.0	2537.0	1369.0	2537.0	1369.0	2537.0	1369.0	0.5	1.0	0.5	1.0	0.5	1.0
YMR160W	38	65.0	9	13.0	29.0	68.0	1159.0	57.833333333333336	234.75	67.39999999999998	1025.799999999995	0.7692307692307693	0.6153846153846154	1.0	0.8615384615384616	1.0	0.8769230769230769
YMR161W	167	1069.0	205	3.0	9.0	2699.0	606.0	60.0	405.0	1026.3999999999924	405.405	0.9541627689429373	0.8016838166510758	0.9728718428437793	0.8905519176800748	0.9738072965388214	0.9354536950420954
YMR163C	22	25.0	2	17.5	17.0	171.0	144.0	159.0	130.5	171.0	144.0	0.72	0.8	0.84	0.92	0.96	1.0
YMR165C	51	103.0	12	15.833333333372138	18.0	188.0	138.0	182.0	114.14999999999995	188.0	133.23	0.7475728155339806	0.7475728155339806	0.912621359223301	0.9805825242718447	1.0	1.0
YMR166C	111	161.0	7	50.0	19.0	295.0	333.0	270.0	248.0	276.4999999999998	297.71999999999935	0.6521739130434783	0.9006211180124224	0.7515527950310559	0.9875776397515528	0.9316770186335404	0.9937888198757764
YMR167W	48	67.0	6	14.0	43.0	358.0	2178.0	26.24999999999998	806.15	304.78999999999945	1944.9299999999976	0.9701492537313433	0.373134328358209	0.9850746268656716	0.5373134328358209	0.9850746268656716	0.5522388059701493
YMR168C	89	108.0	3	30.5	321.5	92.0	871.0	63.49999999999997	793.0	90.06666666666668	840.8400000000001	0.5648148148148148	0.12962962962962962	0.9722222222222222	0.21296296296296297	1.0	0.25925925925925924
YMR169C	32	54.0	11	284.0	0.0	2228.0	70.0	338.2	57.39999999999999	2177.680000000001	69.52000000000001	0.5	1.0	0.5555555555555556	1.0	0.6851851851851852	1.0
YMR170C	277	838.0	51	13.0	58.714285714318976	590.0	2265.0	224.0	139.0	352.0400000000002	164.0	0.8723150357995226	0.630071599045346	0.8770883054892601	0.698090692124105	0.8794749403341289	0.9988066825775657
YMR171C	174	488.0	34	31.0	24.0	355.0	271.0	250.0	258.0	269.0	265.0	0.5840163934426229	0.6352459016393442	0.8688524590163934	1.0	0.9918032786885246	1.0
YMR172W	1	1.0	1	0.0	0.0	16.0	127.0	16.0	127.0	16.0	127.0	1.0	1.0	1.0	1.0	1.0	1.0
YMR173W	350	1012.0	62	16.0	29.5	169.0	675.0	54.0	193.0	91.0	246.0	0.924901185770751	0.44762845849802374	0.9920948616600791	0.7737154150197628	0.9970355731225297	0.9881422924901185
YMR173W-A	238	694.0	62	16.0	55.0	377.0	575.0	262.8	93.0	299.0	211.1199999999999	0.930835734870317	0.6512968299711815	0.9884726224783862	0.6714697406340058	0.9956772334293948	0.9827089337175793
YMR174C	52	173.0	32	8.625	9.0	593.0	1564.0	126.62903225806451	171.0	320.1600000000001	190.0	0.7745664739884393	0.9595375722543352	0.7803468208092486	0.9942196531791907	0.9710982658959537	0.9942196531791907
YMR175W	20	21.0	4	226.44999999995343	1.0	597.0	170.0	594.3	167.8	597.0	170.0	0.38095238095238093	0.8095238095238095	0.38095238095238093	0.9523809523809523	0.38095238095238093	1.0
YMR176W	11	13.0	2	10.5	17.0	128.0	127.0	127.4	122.69999999999999	128.0	127.0	0.8461538461538461	0.6153846153846154	1.0	0.9230769230769231	1.0	1.0
YMR177W	100	619.0	164	24.014285714249127	0.0	263.0	235.0	164.0	212.0	164.40499999999997	225.54999999999973	0.6672051696284329	0.8998384491114702	0.8691437802907916	0.9063004846526656	0.9725363489499192	0.9079159935379645
YMR178W	511	1314.0	38	15.0	91.0	55.0	287.0	50.0	211.0	50.0	265.0	0.850076103500761	0.3120243531202435	1.0	0.378234398782344	1.0	0.5996955859969558
YMR179W	22	24.0	2	42.0	3.5	205.0	143.0	188.19999999999993	128.99999999999994	205.0	143.0	0.125	0.9166666666666666	0.25	1.0	0.75	1.0
YMR180C	18	14.0	3	16.0	26.0	83.0	1226.0	69.19999999999999	1107.5999999999995	79.35999999999999	1226.0	0.7857142857142857	0.35714285714285715	1.0	0.8571428571428571	1.0	0.8571428571428571
YMR181C	175	465.0	61	874.0	119.0	1234.0	1015.0	1202.611111111111	335.0	1230.25	965.9250000000002	0.6	0.513978494623656	0.6817204301075269	0.5290322580645161	0.6903225806451613	0.5311827956989247
YMR182C	86	253.0	50	38.0	670.1590909090592	147.0	1328.0	134.0	1204.0	144.0	1249.86	0.6798418972332015	0.5454545454545454	0.9090909090909091	0.5454545454545454	0.9920948616600791	0.5454545454545454
YMR182W-A	85	82.0	3	1295.0	15.5	2450.0	857.0	2433.133333333333	836.0	2446.48	856.36	0.12195121951219512	0.6097560975609756	0.17073170731707318	0.8780487804878049	0.1951219512195122	0.9024390243902439
YMR183C	237	514.0	63	11.0	142.0	129.0	359.0	95.39999999999993	277.0	115.80000000000007	290.86	0.8929961089494164	0.46303501945525294	0.9902723735408561	0.5311284046692607	1.0	0.5836575875486382
YMR184W	75	161.0	17	46.0	17.0	137.0	2359.0	70.0	81.63333333333333	120.47333333333313	685.1899999999908	0.484472049689441	0.9192546583850931	0.9937888198757764	0.9875776397515528	1.0	0.9875776397515528
YMR185W	13	16.0	3	27.75	29.0	58.0	73.0	58.0	66.6	58.0	71.72	0.75	0.6875	1.0	1.0	1.0	1.0
YMR186W	393	3418.0	888	6.0	0.7086614173604175	139.0	230.0	43.0	111.0	43.0	129.0	0.9885898186073727	0.9575775307197192	0.9982445874780573	0.9961966062024575	0.9994148624926857	0.9994148624926857
YMR187C	64	93.0	10	40.0	25.0	316.0	243.0	101.39999999999998	232.0	287.61999999999955	243.0	0.5483870967741935	0.5483870967741935	0.9139784946236559	0.9139784946236559	0.978494623655914	0.9354838709677419
YMR188C	276	992.0	90	12.0	19.0	283.0	288.0	88.5142857142857	149.0	108.0	155.0	0.7631048387096774	0.9264112903225806	0.8508064516129032	0.9969758064516129	1.0	0.998991935483871
YMR189W	150	674.0	65	71.0	4.0	190.0	249.0	162.0	105.0	179.0	105.72444444444444	0.32344213649851633	0.771513353115727	0.8590504451038575	0.9896142433234422	0.9777448071216617	0.9970326409495549
YMR190C	4	4.0	1	8.5	45.5	174.0	183.0	174.0	183.0	174.0	183.0	1.0	0.5	1.0	0.75	1.0	1.0
YMR192W	41	65.0	6	12.599999999976717	23.5	118.0	347.0	93.0	225.0	115.74999999999991	347.0	0.7846153846153846	0.5384615384615384	0.9692307692307692	0.7846153846153846	1.0	0.9538461538461539
YMR193W	191	500.0	29	31.0	16.0	260.0	1198.0	79.0	158.0	174.5	1172.0	0.536	0.884	0.954	0.908	0.99	0.968
YMR194C-A	52	40.0	2	92.33333333337214	304.0	1065.0	606.0	431.0	593.0	1065.0	606.0	0.475	0.275	0.6	0.425	0.8	0.475
YMR194C-B	197	387.0	31	75.875	222.0	1314.0	388.0	279.7499999999999	275.0	374.15	374.67999999999984	0.27906976744186046	0.3798449612403101	0.7467700258397932	0.40310077519379844	0.8914728682170543	0.4160206718346253
YMR194W	576	29910.0	9273	9.0	1.0	1198.0	2632.0	29.0	100.0	48.0	105.0	0.987061183550652	0.8290872617853561	0.9980942828485456	0.9986960882647944	0.9990972918756269	0.9993981945837512
YMR195W	283	2077.0	479	87.0	6.0	2906.0	602.0	102.0	133.1181818181818	159.90000000000055	170.3066666666667	0.47520462205103514	0.8955223880597015	0.48531535869041886	0.9908521906596052	0.9788155994222436	0.9908521906596052
YMR196W	44	68.0	4	19.0	22.33333333337214	138.0	262.0	128.79999999999998	167.99999999999997	136.55999999999995	262.0	0.7941176470588235	0.5147058823529411	0.8823529411764706	0.8970588235294118	1.0	0.9705882352941176
YMR197C	152	338.0	22	16.0	10.0	71.0	2274.0	62.39999999999998	221.0	67.0	1892.5600000000018	0.8875739644970414	0.878698224852071	1.0	0.9556213017751479	1.0	0.9585798816568047
YMR198W	79	201.0	26	14.0	26.0	303.0	1125.0	291.0	874.0	303.0	1124.9733333333334	0.8258706467661692	0.5323383084577115	0.9651741293532339	0.8208955223880597	0.9701492537313433	0.8805970149253731
YMR199W	179	851.0	112	15.0	32.0	472.0	238.0	218.81666666666663	127.94999999999993	225.0	138.0	0.9059929494712103	0.6756756756756757	0.954171562867215	0.9447708578143361	0.9647473560517039	0.9988249118683902
YMR200W	755	4868.0	360	5.0	235.42857142852154	343.0	2949.0	141.0	349.0	158.15999999999985	397.0	0.8077239112571898	0.4104354971240756	0.973911257189811	0.4241988496302383	0.9913722267871816	0.6596138044371405
YMR201C	93	108.0	7	118.57142857147846	206.66666666662786	1212.0	359.0	1166.0799999999997	307.0	1209.68	353.78000000000003	0.5277777777777778	0.49074074074074076	0.6018518518518519	0.5185185185185185	0.6759259259259259	0.5462962962962963
YMR202W	164	994.0	230	16.0	1.0	3128.0	266.0	58.0	72.0	71.0	78.0	0.9004024144869215	0.9849094567404426	0.9989939637826962	0.9979879275653923	0.9989939637826962	0.9989939637826962
YMR203W	667	2987.0	92	42.0	14.0	144.0	387.0	68.0	279.0	76.0	326.0	0.41781051221961835	0.6283896886508202	0.9862738533645798	0.6953465015065283	1.0	0.8165383327753599
YMR204C	69	78.0	3	27.0	25.0	130.0	550.0	52.19999999999999	380.0	117.11999999999995	512.4799999999998	0.7307692307692307	0.46153846153846156	0.9743589743589743	0.5641025641025641	0.9871794871794872	0.8589743589743589
YMR205C	468	1310.0	50	18.0	143.0	161.0	416.0	83.0	356.0	138.60000000000036	381.0	0.7885496183206107	0.19618320610687023	0.9847328244274809	0.3549618320610687	0.9923664122137404	0.6732824427480916
YMR206W	68	193.0	23	108.5	8.0	154.0	352.0	154.0	89.85	154.0	238.5533333333328	0.6580310880829016	0.8497409326424871	0.7046632124352331	0.9067357512953368	0.7461139896373057	0.9533678756476683
YMR208W	247	4748.0	1479	0.0	23.0	274.0	845.0	24.0	110.0	72.0	193.0079999999998	0.9677759056444819	0.573083403538332	0.9896798652064027	0.9871524852569503	0.9972620050547599	0.9909435551811289
YMR209C	210	869.0	136	7.0	65.0	81.0	311.0	49.0	177.0	54.452499999999986	210.0	0.8504027617951668	0.7054085155350979	1.0	0.7261219792865362	1.0	0.9861910241657077
YMR210W	99	332.0	43	11.0	15.0	311.0	334.0	58.89999999999998	95.5333333333333	160.9520000000006	241.08000000000038	0.9367469879518072	0.9427710843373494	0.9909638554216867	0.9879518072289156	0.9909638554216867	0.9879518072289156
YMR211W	98	256.0	33	17.0	4.0	98.0	1016.0	73.49999999999997	170.0	83.82	415.21999999999997	0.77734375	0.9375	0.9375	0.94921875	1.0	0.95703125
YMR212C	162	555.0	43	14.0	29.0	194.0	800.0	146.0	196.94444444444446	167.0	266.0	0.7783783783783784	0.5873873873873874	0.9243243243243243	0.8918918918918919	1.0	0.9801801801801802
YMR213W	242	998.0	102	33.0	4.0	293.0	311.0	67.0	60.0	71.0	73.0	0.4709418837675351	0.8917835671342685	0.935871743486974	0.9919839679358717	0.9959919839679359	0.9939879759519038
YMR214W	160	375.0	18	11.0	40.0	457.0	2021.0	38.0	255.875	52.0	358.875	0.8826666666666667	0.43733333333333335	0.9973333333333333	0.76	0.9973333333333333	0.8986666666666666
YMR215W	450	5818.0	874	44.0	0.0	1453.0	268.0	103.0	157.0666666666663	115.0	217.0	0.5754554829838432	0.9290134066689584	0.7803368855276728	0.9534204193881058	0.9996562392574768	0.9991405981436919
YMR216C	250	735.0	39	11.0	84.0	525.0	399.0	196.0	223.75	490.43333333333317	399.0	0.8122448979591836	0.2816326530612245	0.9455782312925171	0.33197278911564626	0.9659863945578231	0.9510204081632653
YMR217W	427	3263.0	257	53.0	28.0	360.0	238.0	126.0	103.0	126.0	162.0	0.3711308611707018	0.6969046889365614	0.9083665338645418	0.988967208090714	0.998467667790377	0.9963224026969046
YMR218C	9	15.0	6	8.5	22.83333333337214	45.0	223.0	45.0	222.0	45.0	223.0	1.0	0.8	1.0	0.8	1.0	0.8
YMR220W	411	1655.0	93	8.0	173.75	302.0	356.0	51.0	257.0	75.0	263.0	0.9003021148036254	0.4918429003021148	0.9861027190332327	0.6138972809667673	0.9939577039274925	0.6507552870090635
YMR221C	410	8601.0	769	10.0	6.0	108.0	296.0	29.0	147.0	39.0	147.0	0.996628299034996	0.7887454947099175	0.9998837344494826	0.793163585629578	1.0	0.9995349377979305
YMR222C	207	322.0	13	16.0	30.0	883.0	122.0	55.799999999999955	100.0	77.19999999999959	107.0	0.84472049689441	0.6739130434782609	0.9937888198757764	0.9937888198757764	0.9968944099378882	1.0
YMR223W	106	260.0	21	16.33333333337214	105.0	254.0	515.0	231.0	446.0	244.06666666666646	473.1999999999998	0.8115384615384615	0.3230769230769231	0.9961538461538462	0.33076923076923076	1.0	0.7038461538461539
YMR224C	90	164.0	9	22.0	73.0	772.0	535.0	65.19999999999993	288.19999999999976	676.3599999999922	378.8933333333329	0.725609756097561	0.3597560975609756	0.9817073170731707	0.5426829268292683	0.9817073170731707	0.8353658536585366
YMR225C	457	3842.0	592	1.9166666666278616	45.0	1047.0	2558.0	29.0	197.0	38.0	214.23999999999978	0.9130661114003124	0.6064549713690786	0.9989588755856325	0.9898490369599167	0.9989588755856325	0.9992191566892243
YMR226C	414	4994.0	1155	18.0	7.0	2042.0	802.0	54.0	72.0	65.0	107.0	0.8732478974769724	0.9653584301161394	0.9965959150981177	0.9941930316379656	0.9965959150981177	0.9977973568281938
YMR227C	115	195.0	11	10.0	22.0	81.0	1081.0	74.0	143.0	80.275	1080.1	0.7794871794871795	0.6410256410256411	0.9794871794871794	0.9692307692307692	1.0	0.9846153846153847
YMR228W	125	393.0	32	23.0	7.900000000023283	57.0	246.0	41.871428571428545	108.0	57.0	128.0	0.9491094147582697	0.7506361323155216	1.0	0.9872773536895675	1.0	0.9974554707379135
YMR230W	1034	17590.0	2357	20.0	0.0	103.0	431.0	53.0	119.0	53.0	172.0	0.7006253553155202	0.7642410460488914	0.9972711768050029	0.9718021603183628	1.0	0.995736213757817
YMR230W-A	26	23.0	5	10.0	27.25	907.0	116.0	903.1	92.59999999999992	907.0	116.0	0.7391304347826086	0.6521739130434783	1.0	0.9565217391304348	1.0	1.0
YMR231W	33	99.0	27	22.0	0.0	121.0	206.0	67.0	194.04999999999995	97.97000000000024	205.02	0.6666666666666666	1.0	0.9797979797979798	1.0	1.0	1.0
YMR233W	103	303.0	33	29.0	39.0	57.0	260.0	57.0	205.0	57.0	208.93999999999994	0.6534653465346535	0.38943894389438943	1.0	0.7722772277227723	1.0	0.9603960396039604
YMR234W	68	87.0	5	19.5	19.5	137.0	163.0	115.89999999999995	153.29999999999998	134.77999999999997	163.0	0.735632183908046	0.5862068965517241	0.9540229885057471	0.9540229885057471	1.0	1.0
YMR235C	229	950.0	62	20.0	24.0	61.0	490.0	55.0	209.0	56.0	221.0	0.9421052631578948	0.6652631578947369	1.0	0.988421052631579	1.0	0.9926315789473684
YMR236W	488	3071.0	239	10.0	73.0	1513.0	2626.0	34.0	209.0	34.0	233.0	0.8508629111038749	0.38717030283295345	0.9990231195050472	0.4529469228264409	0.9990231195050472	0.9433409312927385
YMR237W	270	878.0	57	31.0	15.0	794.0	407.0	91.39999999999964	196.0	108.0	287.0	0.5899772209567198	0.7801822323462415	0.7699316628701595	0.9430523917995444	0.9988610478359908	0.958997722095672
YMR238W	405	2648.0	241	18.0	22.0	480.0	139.0	145.82	106.34444444444443	162.0	131.0	0.7790785498489426	0.8481873111782477	0.9422205438066465	0.9913141993957704	0.9792296072507553	1.0
YMR239C	110	293.0	44	28.0	0.0	1633.0	167.0	93.0	153.84999999999997	311.5499999999999	164.91714285714286	0.5972696245733788	0.8532423208191127	0.9863481228668942	0.9965870307167235	0.9863481228668942	1.0
YMR240C	320	1023.0	56	37.0	6.0	633.0	1818.0	397.6999999999998	60.0	480.0	106.0	0.6764418377321603	0.9530791788856305	0.7859237536656891	0.978494623655914	0.8220918866080157	0.9980449657869013
YMR241W	356	1423.0	170	133.0	0.0	256.0	326.0	227.0	136.0	238.0	224.63999999999942	0.31974701335207306	0.8981026001405481	0.35347856640899505	0.9065354884047786	0.8580463808854533	0.9641602248770204
YMR242C	727	15119.0	1399	8.0	3.0	2708.0	331.0	44.0	114.0	110.0	120.0	0.949533699318738	0.986705469938488	0.9723526688273034	0.9949070705734506	0.9955023480388915	0.9986110192473047
YMR243C	764	3680.0	230	29.0	54.0	2162.0	1719.0	147.0	206.0	163.0	214.0	0.6081521739130434	0.4668478260869565	0.8548913043478261	0.7301630434782609	0.9978260869565218	0.9991847826086957
YMR244C-A	375	774.0	18	45.0	69.66666666662786	518.0	1369.0	94.83999999999996	188.0	283.0	221.79999999999995	0.355297157622739	0.5284237726098191	0.7739018087855297	0.6317829457364341	0.9806201550387597	0.9857881136950905
YMR246W	779	6821.0	1020	217.0	8.0	717.0	357.0	251.0	185.3890625	290.0	207.0	0.5471338513414455	0.8117578067732004	0.5911156721888287	0.8690807799442897	0.6141328250989591	0.8888725993256121
YMR250W	88	187.0	15	5.0	21.0	147.0	335.0	61.900000000000034	322.0	123.29999999999995	335.0	0.9251336898395722	0.732620320855615	0.9572192513368984	0.8021390374331551	0.9946524064171123	0.8074866310160428
YMR251W	1	1.0	1	0.0	0.0	241.0	695.0	241.0	695.0	241.0	695.0	1.0	1.0	1.0	1.0	1.0	1.0
YMR251W-A	869	32675.0	9971	0.0	4.0	1736.0	399.0	49.0	291.0	59.0	300.0	0.9677123182861515	0.9328538638102525	0.9944299923488906	0.9391277735271615	0.9961744452945677	0.999602142310635
YMR252C	38	52.0	5	32.0	2.75	3058.0	521.0	1444.4666666666667	187.0	3026.5799999999954	516.5466666666659	0.7692307692307693	0.9423076923076923	0.8461538461538461	0.9423076923076923	0.8846153846153846	0.9807692307692307
YMR253C	7	9.0	3	19.0	644.0	1587.0	1152.0	1587.0	1152.0	1587.0	1152.0	0.6666666666666666	0.6666666666666666	0.8888888888888888	0.6666666666666666	0.8888888888888888	0.6666666666666666
YMR254C	1	1.0	1	0.0	0.0	854.0	2821.0	854.0	2821.0	854.0	2821.0	1.0	1.0	1.0	1.0	1.0	1.0
YMR255W	188	347.0	21	116.5	36.0	696.0	306.0	384.0	282.0	433.0	282.17999999999984	0.41210374639769454	0.6455331412103746	0.6426512968299711	0.8011527377521613	0.7723342939481268	0.8069164265129684
YMR256C	822	7538.0	626	14.0	4.0	72.0	521.0	50.0	210.0	57.0	233.0	0.919739984080658	0.778190501459273	1.0	0.807508622976917	1.0	0.9942955691164765
YMR257C	40	78.0	13	0.0	16.0	399.0	315.0	394.0	286.79999999999995	398.44	311.36	0.8333333333333334	0.7564102564102564	0.8589743589743589	0.9358974358974359	0.9615384615384616	1.0
YMR258C	154	572.0	54	26.0	55.75	104.0	306.0	80.79999999999995	94.0	93.0	101.0	0.666083916083916	0.6223776223776224	0.9790209790209791	0.7325174825174825	1.0	0.9912587412587412
YMR259C	10	12.0	3	11.0	21.25	59.0	91.0	59.0	89.89999999999998	59.0	91.0	0.8333333333333334	0.6666666666666666	1.0	1.0	1.0	1.0
YMR260C	851	10647.0	1577	11.0	8.0	84.0	411.0	44.405555555555516	172.0	49.0	202.0	0.9363200901662441	0.8045458814689584	0.9998121536583076	0.8876678876678876	1.0	0.9993425378040762
YMR261C	79	155.0	18	69.0	3.75	181.0	213.0	170.0	193.25	170.0	207.0	0.6258064516129033	0.832258064516129	0.7096774193548387	0.9290322580645162	1.0	1.0
YMR262W	56	64.0	10	30.0	24.0	245.0	287.0	58.0	285.0	203.83999999999983	286.81333333333333	0.546875	0.53125	0.9375	0.671875	0.984375	1.0
YMR263W	274	1220.0	116	5.0	8.0	83.0	1021.0	50.0	165.0	58.0	173.0	0.909016393442623	0.8040983606557377	0.9975409836065574	0.9204918032786885	1.0	0.9860655737704918
YMR264W	252	982.0	117	6.0	29.0	917.0	1617.0	73.0	169.0	73.0	341.0	0.8991853360488798	0.5896130346232179	0.9989816700610998	0.9562118126272913	1.0	0.9663951120162932
YMR265C	76	142.0	19	279.0	52.0	880.0	1124.0	438.6	266.60000000000025	728.2000000000021	1122.16	0.6971830985915493	0.5211267605633803	0.7253521126760564	0.5704225352112676	0.7253521126760564	0.8450704225352113
YMR266W	28	38.0	3	40.0	1.5	81.0	231.0	78.9	211.0	81.0	231.0	0.2631578947368421	0.7631578947368421	0.7105263157894737	1.0	1.0	1.0
YMR267W	119	198.0	9	31.0	30.0	717.0	981.0	117.0	170.0	123.04000000000002	482.28000000000014	0.37373737373737376	0.601010101010101	0.9393939393939394	0.7373737373737373	0.9848484848484849	0.9646464646464646
YMR268C	76	180.0	21	3.0	43.0	749.0	781.0	56.0	208.0	594.9333333333332	781.0	0.95	0.6833333333333333	0.9722222222222222	0.9722222222222222	0.9833333333333333	0.9777777777777777
YMR269W	113	476.0	80	19.0	8.0	352.0	207.0	79.39999999999998	89.7999999999999	93.13500000000005	144.10000000000002	0.819327731092437	0.9012605042016807	0.9495798319327731	0.9537815126050421	0.9957983193277311	0.9936974789915967
YMR270C	54	77.0	8	23.0	18.0	173.0	265.0	152.0	252.29999999999998	168.41000000000008	262.84000000000003	0.6753246753246753	0.6753246753246753	0.987012987012987	0.922077922077922	0.987012987012987	0.922077922077922
YMR271C	44	43.0	2	497.25	50.0	580.0	246.0	573.75	188.8	580.0	246.0	0.13953488372093023	0.4186046511627907	0.3488372093023256	0.8837209302325582	0.627906976744186	1.0
YMR272C	183	1254.0	292	5.0	3.0	1321.0	224.0	45.0	178.0	111.0	193.584	0.9681020733652312	0.9872408293460925	0.9824561403508771	0.9992025518341308	0.9912280701754386	0.9992025518341308
YMR273C	56	185.0	30	15.0	2.0	315.0	126.0	219.0	78.0	226.95000000000002	93.06666666666668	0.8	0.9945945945945946	0.9675675675675676	0.9945945945945946	0.972972972972973	1.0
YMR274C	78	207.0	19	11.111111111124046	3.0	1551.0	75.0	64.14999999999998	70.0	799.0700000000058	70.0	0.7391304347826086	0.9951690821256038	0.9855072463768116	1.0	0.9855072463768116	1.0
YMR275C	44	167.0	34	6.0	34.0	189.0	153.0	51.0	141.0	83.96000000000015	152.49000000000004	0.9820359281437125	0.6766467065868264	0.9940119760479041	1.0	0.9940119760479041	1.0
YMR276W	224	3543.0	872	0.0	2.0	899.0	2635.0	42.0	115.0	56.0	116.0155555555556	0.9695173581710415	0.9765735252610782	0.9983065198983911	0.9985887665819927	0.9985887665819927	0.9997177533163986
YMR277W	144	1749.0	358	3.0	8.0	1471.0	140.0	122.0	129.0	132.0	132.6688888888889	0.9559748427672956	0.8513436249285306	0.9908519153802172	1.0	0.9994282447112636	1.0
YMR278W	129	1136.0	560	9.0	0.0	80.0	2257.0	63.20000000000012	123.0	73.0	2031.0	0.8433098591549296	0.926056338028169	1.0	0.9700704225352113	1.0	0.9859154929577465
YMR279C	25	34.0	6	96.0	6.333333333372138	308.0	119.0	188.7999999999999	94.39999999999993	308.0	119.0	0.5588235294117647	0.9411764705882353	0.6176470588235294	0.9705882352941176	0.7941176470588235	1.0
YMR280C	3	3.0	1	22.5	63.0	82.0	141.0	82.0	141.0	82.0	141.0	0.6666666666666666	0.3333333333333333	1.0	0.6666666666666666	1.0	1.0
YMR281W	58	86.0	10	15.0	12.0	118.0	1047.0	118.0	107.0	118.0	370.20000000000107	0.7674418604651163	0.8023255813953488	1.0	0.9651162790697675	1.0	0.9883720930232558
YMR282C	56	106.0	9	14.0	7.0	1746.0	155.0	65.59999999999997	146.0	981.0399999999969	154.88	0.8490566037735849	0.9150943396226415	0.9528301886792453	0.9339622641509434	0.9716981132075472	1.0
YMR283C	13	18.0	3	65.66666666662786	74.0	143.0	806.0	140.6	806.0	143.0	806.0	0.3333333333333333	0.5	0.5555555555555556	0.7222222222222222	0.8888888888888888	0.7777777777777778
YMR284W	63	97.0	9	23.545454545412213	47.0	104.0	393.0	82.1	176.59999999999997	98.36000000000001	297.59000000000026	0.6701030927835051	0.4329896907216495	0.9175257731958762	0.7938144329896907	1.0	0.9896907216494846
YMR285C	146	547.0	68	9.0	20.0	289.0	353.0	48.0	181.0	87.0	201.0	0.9159049360146252	0.6946983546617916	0.9561243144424132	0.773308957952468	0.9981718464351006	0.9945155393053017
YMR286W	188	1122.0	215	10.0	4.0	120.0	289.0	45.0	200.0	70.0	204.0	0.9197860962566845	0.8725490196078431	0.9866310160427807	0.9215686274509803	1.0	0.9982174688057041
YMR287C	9	9.0	1	20.5	48.25	75.0	156.0	75.0	156.0	75.0	156.0	0.5555555555555556	0.4444444444444444	1.0	1.0	1.0	1.0
YMR288W	36	85.0	10	8.818181818234734	3.25	52.0	71.0	45.0	58.125	52.0	68.20000000000005	0.8	1.0	1.0	1.0	1.0	1.0
YMR289W	51	76.0	10	11.0	381.0	41.0	626.0	40.400000000000006	519.2666666666667	41.0	599.9999999999995	0.9210526315789473	0.5657894736842105	1.0	0.5657894736842105	1.0	0.5657894736842105
YMR290C	486	2231.0	182	18.0	92.0	103.0	268.0	66.0	253.93333333333308	74.0	266.0	0.8180188256387271	0.45136709995517704	0.9964141640519946	0.6575526669654863	1.0	0.9350067234424025
YMR291W	103	154.0	11	18.0	42.0	729.0	207.0	198.0	202.0	243.84000000000003	205.0	0.6493506493506493	0.2922077922077922	0.7727272727272727	0.935064935064935	0.9155844155844156	0.987012987012987
YMR292W	228	1402.0	185	20.0	11.0	1912.0	140.0	33.0	101.0	51.16500000000002	116.0	0.8088445078459344	0.9607703281027105	0.9957203994293866	0.9728958630527818	0.9964336661911555	1.0
YMR293C	47	94.0	14	16.0	6.0	132.0	580.0	54.19999999999999	93.0	107.80000000000013	490.24000000000046	0.7659574468085106	0.9787234042553191	0.9893617021276596	0.9787234042553191	0.9893617021276596	0.9787234042553191
YMR294W	30	48.0	7	5.0	74.0	44.0	143.0	44.0	139.0	44.0	140.0	0.9791666666666666	0.6458333333333334	1.0	0.7083333333333334	1.0	1.0
YMR295C	439	3047.0	741	4.0	30.0	154.0	721.0	67.0	211.0	86.0	228.0300000000002	0.9724319002297341	0.6695109944207417	0.995077125041024	0.9018706924844109	1.0	0.9638989169675091
YMR296C	502	3450.0	253	26.857142857159488	9.0	238.0	156.0	195.57142857142858	87.0	216.0	137.0	0.7223188405797102	0.948695652173913	0.8431884057971014	0.9779710144927536	0.9571014492753623	1.0
YMR297W	645	12780.0	1281	26.0	9.0	478.0	258.0	77.0	130.0	80.0	148.0	0.6448356807511737	0.9441314553990611	0.8449139280125195	0.9966353677621284	0.999452269170579	0.9996870109546165
YMR298W	219	718.0	168	10.0	20.0	1617.0	1237.0	50.40000000000009	142.0	79.60888888888897	171.0	0.9275766016713092	0.8635097493036211	0.9860724233983287	0.9665738161559888	0.9986072423398329	0.9902506963788301
YMR299C	110	237.0	26	36.0	38.0	91.0	909.0	51.0	880.0	61.0	886.2099999999999	0.6497890295358649	0.7088607594936709	0.9789029535864979	0.8270042194092827	1.0	0.8565400843881856
YMR300C	583	2024.0	143	66.0	24.0	333.0	164.0	209.0	142.5076923076923	278.0	147.0	0.45849802371541504	0.5543478260869565	0.47776679841897235	0.7080039525691699	0.9021739130434783	0.9985177865612648
YMR301C	172	1393.0	182	28.0	24.0	233.0	91.0	76.0	78.0	84.0	81.0	0.5312275664034458	0.6661880832735104	0.994256999282125	1.0	0.9992821249102656	1.0
YMR302C	140	411.0	41	24.0	8.0	147.0	232.0	75.98333333333333	145.99999999999977	81.46333333333332	232.0	0.49148418491484186	0.7128953771289538	0.9124087591240876	0.9464720194647201	1.0	0.9659367396593674
YMR303C	37	80.0	11	3.0	22.555555555503815	63.0	466.0	61.5	123.83333333333333	63.0	275.8000000000018	0.9875	0.7625	1.0	0.975	1.0	0.9875
YMR304C-A	17	23.0	3	36.90000000002328	9.166666666627862	1285.0	79.0	1284.3	75.74999999999999	1285.0	79.0	0.43478260869565216	0.13043478260869565	0.8260869565217391	0.9565217391304348	0.9565217391304348	1.0
YMR304W	11	12.0	2	14.0	97.5	219.0	290.0	218.1	290.0	219.0	290.0	0.9166666666666666	0.3333333333333333	1.0	0.4166666666666667	1.0	0.75
YMR305C	596	4985.0	577	24.0	0.0	305.0	362.0	176.0	189.0	183.0	197.0	0.479839518555667	0.9689067201604814	0.8497492477432297	0.9931795386158475	0.9953861584754263	0.9945837512537613
YMR306C-A	2	1.0	1	124.0	247.5	303.0	804.0	303.0	804.0	303.0	804.0	1.0	1.0	1.0	1.0	1.0	1.0
YMR307W	963	15777.0	2871	39.0	31.0	774.0	240.0	97.0	180.0	101.0	198.0	0.680420865817329	0.6245800849337644	0.7943842302085314	0.9819357292260886	0.9996196995626545	0.9824427964758826
YMR308C	84	156.0	19	15.0	8.0	195.0	202.0	180.0	97.0	180.0	179.9999999999999	0.7564102564102564	0.8012820512820513	0.9935897435897436	0.9230769230769231	1.0	0.9871794871794872
YMR309C	106	215.0	26	22.0	80.83333333337214	1288.0	340.0	82.75	327.75	386.39999999999554	332.0	0.6697674418604651	0.46511627906976744	0.9813953488372092	0.4883720930232558	0.9906976744186047	0.9441860465116279
YMR310C	119	459.0	74	9.0	6.0	1167.0	2959.0	83.0	77.0	798.6099999999755	111.0	0.7843137254901961	0.9694989106753813	0.9869281045751634	0.9934640522875817	0.9891067538126361	0.9934640522875817
YMR311C	217	581.0	31	22.0	34.0	233.0	1272.0	62.26666666666657	141.0	73.0	290.4149999999998	0.8571428571428571	0.5869191049913941	0.9948364888123924	0.9345955249569707	0.9948364888123924	0.9862306368330465
YMR312W	224	1046.0	70	3.0	9.666666666627862	280.0	1959.0	43.35999999999999	123.0	51.63999999999987	315.11999999999625	0.9349904397705545	0.8814531548757171	0.9952198852772467	0.9531548757170172	0.9952198852772467	0.9894837476099426
YMR313C	142	349.0	19	23.0	32.0	65.0	441.0	53.0	185.0	60.02999999999997	209.03999999999996	0.6590257879656161	0.5501432664756447	1.0	0.7965616045845272	1.0	0.9856733524355301
YMR314W	447	8925.0	4464	0.0	0.0	383.0	1559.0	72.0	163.0	97.0	293.0	0.8424649859943978	0.9160784313725491	0.9818487394957983	0.9716526610644257	0.9998879551820729	0.972436974789916
YMR315W	254	1313.0	169	33.0	20.0	1158.0	920.0	93.0	132.0	128.95999999999913	139.4359999999997	0.6016755521706016	0.9352627570449352	0.9246001523229246	0.9961919268849961	0.9900990099009901	0.9977151561309977
YMR315W-A	20	25.0	3	168.54166666662786	12.0	1714.0	1549.0	1713.8333333333333	1520.5	1714.0	1549.0	0.28	0.8	0.52	0.84	0.56	0.84
YMR316C-A	2	3.0	2	145.83333333337214	11.666666666627862	860.0	448.0	860.0	448.0	860.0	448.0	0.6666666666666666	1.0	0.6666666666666666	1.0	0.6666666666666666	1.0
YMR316C-B	64	70.0	4	997.0	15.0	3217.0	697.0	3190.0	615.0	3216.6	696.6	0.05714285714285714	0.8571428571428571	0.08571428571428572	0.9142857142857143	0.14285714285714285	0.9285714285714286
YMR316W	78	222.0	32	32.40000000002328	10.0	929.0	1086.0	655.0	71.0	804.6533333333333	394.520000000001	0.7297297297297297	0.954954954954955	0.8468468468468469	0.9774774774774775	0.8648648648648649	0.990990990990991
YMR318C	1159	19478.0	1703	17.0	10.0	316.0	298.0	89.0	167.0	140.0	171.0	0.872060786528391	0.8113255981106889	0.9237087996714242	0.8522948968066537	0.9745867132149091	0.9994866002669679
YMR319C	291	848.0	36	67.0	1.0	228.0	383.0	179.23999999999995	241.0	195.0	255.3399999999997	0.40212264150943394	0.8714622641509434	0.6025943396226415	0.9327830188679245	0.9516509433962265	0.9905660377358491
YMR320W	65	75.0	4	319.0	23.0	1829.0	982.0	1292.0	517.75	1688.0	869.5	0.12	0.24	0.12	0.8933333333333333	0.26666666666666666	0.9066666666666666
YNL001W	149	231.0	13	43.0	29.0	83.0	132.0	71.0	125.0	83.0	126.0	0.29004329004329005	0.6493506493506493	0.70995670995671	0.8787878787878788	1.0	1.0
YNL002C	370	3791.0	752	18.0	2.0	646.0	268.0	47.699999999999946	129.0	60.0	129.0	0.770509100501187	0.9161171194935374	0.9910313901345291	0.9398575573727249	0.9997362173568979	0.9994724347137959
YNL003C	219	413.0	22	12.0	284.0	127.0	1603.0	76.0	809.0	87.0	1464.5600000000004	0.6924939467312349	0.2469733656174334	0.9733656174334141	0.46731234866828086	1.0	0.6295399515738499
YNL004W	214	1159.0	123	16.0	9.0	313.0	270.0	51.0	162.59999999999945	223.82000000000016	222.0400000000036	0.8990509059534081	0.9275237273511648	0.9792924935289042	0.9732528041415013	0.9792924935289042	0.9870578084555651
YNL005C	359	1608.0	265	26.0	25.863636363646947	531.0	1560.0	76.0	150.0	296.4200000000001	295.71000000000004	0.6218905472636815	0.7089552238805971	0.9838308457711443	0.7978855721393034	0.9838308457711443	0.9794776119402985
YNL006W	293	601.0	27	16.09259259258397	213.0	94.0	731.0	51.0	361.0	70.0	552.0	0.7753743760399334	0.4292845257903494	0.9584026622296173	0.47088186356073214	1.0	0.5424292845257903
YNL007C	361	1172.0	53	38.0	31.0	234.0	2335.0	163.0	88.0	164.0	399.0	0.5725255972696246	0.7073378839590444	0.9863481228668942	0.9598976109215017	0.9931740614334471	0.9641638225255973
YNL008C	35	100.0	18	17.0	0.0	1451.0	139.0	49.473684210526315	54.0	1451.0	103.5	0.34	0.98	0.98	0.99	0.98	1.0
YNL009W	58	92.0	9	0.8000000000465661	677.5	251.0	845.0	218.0	845.0	251.0	845.0	0.7934782608695652	0.17391304347826086	0.8152173913043478	0.391304347826087	0.9130434782608695	0.4891304347826087
YNL010W	1053	23429.0	3906	0.0	27.0	76.0	274.0	58.0	183.0	65.0	200.0	0.9750309445558922	0.6954628878740023	1.0	0.9151478936360921	1.0	0.999018310640659
YNL011C	50	92.0	12	180.5	0.0	283.0	2257.0	276.7	330.09999999999985	282.79	2249.44	0.6956521739130435	0.9130434782608695	0.6956521739130435	0.9130434782608695	0.6956521739130435	0.9239130434782609
YNL012W	4	6.0	2	4.666666666627862	46.66666666662786	17.0	299.0	17.0	299.0	17.0	299.0	1.0	0.8333333333333334	1.0	0.8333333333333334	1.0	0.8333333333333334
YNL015W	3	5.0	2	15.0	0.0	53.0	88.0	53.0	88.0	53.0	88.0	1.0	1.0	1.0	1.0	1.0	1.0
YNL016W	1451	31577.0	4090	16.0	424.0	235.0	1124.0	107.0	496.0	156.0	573.8199999999997	0.7134623301770275	0.7188776641226209	0.9597175159134813	0.72283624156823	0.9961997656522152	0.72283624156823
YNL020C	117	213.0	12	83.0	20.25	370.0	281.0	139.0	216.5999999999999	212.31000000000074	266.0	0.30985915492957744	0.7323943661971831	0.4131455399061033	0.9248826291079812	0.9859154929577465	0.9530516431924883
YNL021W	74	109.0	7	55.66666666662786	101.0	162.0	1959.0	159.0	1520.0	160.23	1800.8799999999992	0.6788990825688074	0.5137614678899083	0.7431192660550459	0.5412844036697247	0.9908256880733946	0.7155963302752294
YNL022C	321	1953.0	222	10.699999999953434	11.0	1560.0	204.0	34.0	159.0	37.68375	160.0	0.9370199692780338	0.6963645673323092	0.9984639016897081	0.901689708141321	0.9984639016897081	0.9984639016897081
YNL023C	40	69.0	5	13.0	129.0	74.0	377.0	65.0	350.29999999999995	72.48000000000002	376.81	0.9710144927536232	0.7246376811594203	1.0	0.7246376811594203	1.0	0.7246376811594203
YNL024C	159	272.0	40	10.0	7.0	1275.0	774.0	53.0	117.79999999999995	98.93999999999937	182.0	0.8933823529411765	0.9338235294117647	0.9595588235294118	0.9816176470588235	0.9926470588235294	0.9926470588235294
YNL024C-A	426	2589.0	245	35.0	0.0	1048.0	524.0	82.0	275.9181818181818	93.0	301.7450000000006	0.5616067979915025	0.899188876013905	0.9219775975280031	0.9644650444186945	0.9996137504828119	0.9915025106218617
YNL025C	120	325.0	52	56.0	2.0	137.0	1433.0	113.0	930.0	130.0	954.0	0.3446153846153846	0.84	0.7076923076923077	0.84	0.9753846153846154	0.84
YNL026W	232	807.0	69	6.75	24.857142857159488	84.0	467.0	33.0	255.0	56.0	344.80999999999915	0.9727385377942999	0.7757125154894672	0.9925650557620818	0.9169764560099133	1.0	0.9330855018587361
YNL027W	57	99.0	7	14.0	10.75	2365.0	284.0	147.39999999999998	117.64999999999999	1644.7000000000075	204.62000000000083	0.8383838383838383	0.9797979797979798	0.9494949494949495	0.98989898989899	0.98989898989899	0.98989898989899
YNL028W	4	4.0	1	255.0	1364.0	1464.0	2904.0	1464.0	2904.0	1464.0	2904.0	0.5	0.25	0.5	0.5	0.5	0.75
YNL029C	76	165.0	31	16.25	21.0	558.0	176.0	72.0	118.0	556.7	175.7	0.8121212121212121	0.6666666666666666	0.9696969696969697	0.9818181818181818	0.9696969696969697	1.0
YNL030W	965	70916.0	19724	3.0	1.0	1261.0	291.0	42.0	177.0	47.0	189.0	0.9720937447120537	0.9824863218455637	0.9965029048451689	0.9944864346550849	0.9992385357324158	0.9999294940492978
YNL031C	934	65535.0	33558	0.0	1.0	1064.0	434.0	28.0	258.0	74.0	265.0	0.956023498893721	0.9712367437247272	0.9881437399862669	0.9916533150225071	0.999801632715343	0.9929503318837263
YNL032W	70	126.0	23	12.0	68.0	176.0	1324.0	150.79999999999995	243.79999999999995	157.95999999999998	991.8799999999977	0.8095238095238095	0.6111111111111112	0.9682539682539683	0.6190476190476191	0.9841269841269841	0.9285714285714286
YNL033W	6	6.0	2	6.0	4.333333333372138	24.0	285.0	24.0	182.99999999999977	24.0	264.5999999999998	1.0	1.0	1.0	1.0	1.0	1.0
YNL035C	51	75.0	13	35.0	9.0	91.0	259.0	85.0	231.25	91.0	259.0	0.64	0.7066666666666667	0.9333333333333333	0.96	1.0	0.96
YNL036W	66	222.0	121	0.0	5.0	515.0	158.0	148.0	133.39999999999998	207.0	154.95	0.8918918918918919	0.8243243243243243	0.9099099099099099	0.8558558558558559	0.9864864864864865	0.990990990990991
YNL037C	358	1578.0	108	8.0	21.0	227.0	250.0	141.0	153.0	144.0	155.0	0.6863117870722434	0.6850443599493029	0.94106463878327	0.9321926489226869	0.9974651457541192	0.9961977186311787
YNL038W	118	743.0	198	11.0	3.0	68.0	271.0	26.0	113.0	36.79600000000014	117.0466666666667	0.9892328398384926	0.9946164199192463	0.9986541049798116	1.0	1.0	1.0
YNL039W	153	309.0	19	29.0	70.5	1716.0	691.0	73.10000000000002	193.0	1713.0	220.0	0.5631067961165048	0.5533980582524272	0.889967637540453	0.5922330097087378	0.9773462783171522	0.889967637540453
YNL040W	413	2456.0	200	27.0	14.0	1181.0	2219.0	48.0	199.0	1107.1600000000008	255.14666666666713	0.8106677524429967	0.8908794788273615	0.9861563517915309	0.8978013029315961	0.9861563517915309	0.9898208469055375
YNL041C	49	164.0	40	3.0	2.6666666666278616	92.0	249.0	71.0	187.19999999999993	87.0	246.0	0.9390243902439024	0.9207317073170732	1.0	0.9329268292682927	1.0	0.9939024390243902
YNL042W	48	63.0	9	649.25	17.33333333337214	806.0	186.0	771.0	176.39999999999998	802.9666666666666	186.0	0.36507936507936506	0.7142857142857143	0.38095238095238093	0.8412698412698413	0.38095238095238093	1.0
YNL043C	105	187.0	9	26.3125	313.5	545.0	692.0	132.575	622.75	162.0	645.1799999999996	0.7700534759358288	0.16042780748663102	0.9732620320855615	0.18716577540106952	0.9946524064171123	0.18716577540106952
YNL044W	574	7302.0	1593	0.0	11.0	2303.0	326.0	90.0	170.0	90.0	204.0	0.8971514653519583	0.7569159134483703	0.9973979731580389	0.8403177211722815	0.9990413585319091	0.9993152560942208
YNL045W	81	221.0	20	13.0	5.0	660.0	227.0	42.94999999999999	194.0	51.579999999999984	227.0	0.8280542986425339	0.7963800904977375	0.995475113122172	0.8099547511312217	0.995475113122172	0.8144796380090498
YNL046W	122	375.0	43	172.83333333337214	0.0	1048.0	2222.0	237.5	167.66666666666666	246.33333333333334	173.75	0.384	0.992	0.5306666666666666	1.0	0.5946666666666667	1.0
YNL047C	86	303.0	79	107.11864406778477	0.0	293.0	134.0	186.4666666666666	102.87999999999997	241.34999999999985	130.0	0.5676567656765676	0.9636963696369637	0.6237623762376238	0.9933993399339934	0.6270627062706271	1.0
YNL048W	211	3453.0	938	3.0	4.0	66.0	180.0	33.0	117.0	41.0	117.36736842105262	0.9944975383724298	0.9884158702577469	1.0	0.9939183318853171	1.0	1.0
YNL049C	155	494.0	54	7.0	25.0	374.0	201.0	45.39999999999998	190.0	112.94666666666683	196.0	0.8765182186234818	0.7024291497975709	0.97165991902834	0.7874493927125507	0.9939271255060729	0.9838056680161943
YNL050C	86	109.0	7	20.0	5.0	1561.0	151.0	60.0	84.29999999999993	73.36999999999998	116.0	0.8256880733944955	0.8990825688073395	0.981651376146789	0.981651376146789	1.0	1.0
YNL051W	51	86.0	14	14.666666666627862	23.0	195.0	281.0	62.60000000000004	220.0	151.80000000000007	281.0	0.8488372093023255	0.5348837209302325	0.8953488372093024	0.8837209302325582	0.9883720930232558	0.9069767441860465
YNL052W	448	3769.0	274	12.0	45.0	61.0	368.0	34.0	347.0	39.0	353.0	0.915362165030512	0.5704430883523481	1.0	0.8691960732289732	1.0	0.9946935526664897
YNL053W	240	1987.0	278	4.0	7.0	189.0	258.0	131.72580645161287	145.0	154.0	158.0	0.8505284348263714	0.9869149471565174	0.9018621036738802	0.995973829894313	0.984398590840463	0.9979869149471565
YNL054W	8	8.0	1	13.5	51.0	76.0	362.0	76.0	362.0	76.0	362.0	0.25	0.125	1.0	0.25	1.0	1.0
YNL055C	872	39605.0	20879	0.0	7.0	366.0	569.0	53.0	133.0	81.0	137.0	0.9599040525186214	0.8367377856331272	0.9976518116399444	0.86335058704709	0.9992172705466481	0.9983840424188865
YNL056W	588	2659.0	176	18.0	89.0	2064.0	950.0	177.0	196.0	181.0	230.27999999999884	0.773223016171493	0.38209853328318916	0.8164723580293344	0.4264761188416698	0.9217751034223393	0.9905979691613388
YNL057W	4	3.0	2	1.0	842.5	1236.0	1191.0	1220.8	1191.0	1221.76	1191.0	1.0	0.6666666666666666	1.0	0.6666666666666666	1.0	0.6666666666666666
YNL058C	192	603.0	54	11.571428571420256	5.0	99.0	794.0	67.0	495.0	73.0	737.0	0.8308457711442786	0.8208955223880597	1.0	0.8905472636815921	1.0	0.9038142620232172
YNL059C	102	202.0	11	19.599999999976717	23.0	806.0	177.0	45.0	169.5999999999999	50.87999999999994	177.0	0.8564356435643564	0.7227722772277227	0.995049504950495	0.8910891089108911	0.995049504950495	1.0
YNL061W	22	29.0	6	25.0	27.25	85.0	162.0	63.149999999999935	160.55	85.0	161.71	0.5517241379310345	0.6206896551724138	0.9655172413793104	0.896551724137931	1.0	1.0
YNL062C	440	1829.0	80	19.0	54.0	92.0	3052.0	52.0	223.14999999999986	67.0	336.6300000000001	0.8119190814652816	0.4756697648988518	0.9939857845817387	0.7047566976489885	1.0	0.8534718425369054
YNL063W	120	149.0	9	139.125	27.25	186.0	343.0	171.0	79.33333333333321	181.0	335.04999999999995	0.31543624161073824	0.610738255033557	0.6577181208053692	0.959731543624161	0.7315436241610739	0.9731543624161074
YNL064C	932	12962.0	2656	24.042253521154635	21.0	3161.0	395.0	202.0	155.0	220.0	270.0	0.6181916370930411	0.7399321092424008	0.9362752661626292	0.963277272025922	0.9718407653139948	0.9704520907267397
YNL065W	105	538.0	106	0.0	73.0	169.0	357.0	96.0	183.99999999999983	151.0	332.6	0.9646840148698885	0.6412639405204461	0.9721189591078067	0.7118959107806692	1.0	0.9609665427509294
YNL066W	785	6851.0	706	30.0	9.0	362.0	994.0	244.0	236.0	248.0	415.9866666666664	0.48985549554809515	0.8937381404174574	0.9578163771712159	0.9284775945117502	0.9941614362866735	0.9715370018975332
YNL067W	1099	8110.0	549	11.0	59.0	116.0	559.0	57.0	307.0	65.39999999999964	323.0	0.8669543773119606	0.3977805178791615	0.9981504315659679	0.5372379778051788	1.0	0.9561035758323058
YNL067W-A	5	4.0	1	2.5	142.5	56.0	471.0	56.0	468.2	56.0	470.44	1.0	0.5	1.0	0.5	1.0	0.5
YNL068C	65	115.0	15	60.79999999998836	1.0	304.0	1929.0	267.25	197.0	304.0	1910.7999999999997	0.3652173913043478	0.9217391304347826	0.782608695652174	0.9565217391304348	0.9217391304347826	0.9565217391304348
YNL069C	1251	26492.0	3205	8.0	17.757894736831076	3514.0	385.0	39.0	180.0	53.0	184.0	0.9425109467008909	0.8341008606371735	0.9993205495998793	0.9935452211988525	0.9997357692888419	0.9950928582213499
YNL070W	292	2157.0	450	33.0	6.0	1889.0	363.0	108.07500000000005	153.0	122.0	178.57999999999902	0.4441353732035234	0.9833101529902643	0.9388038942976356	0.9921186833565137	0.9944367176634215	0.9953639313861845
YNL071W	595	14926.0	3433	15.0	0.0	1074.0	722.0	62.0	160.4670025188917	98.0	183.0	0.7984054669703873	0.9447943186386172	0.9837866809593997	0.9785609004421815	0.9968511322524454	0.998191075974809
YNL072W	100	336.0	58	0.4333333333488554	7.0	3764.0	244.0	49.0	86.0	94.0	97.67999999999984	0.9375	0.9970238095238095	0.9672619047619048	0.9970238095238095	0.9970238095238095	0.9970238095238095
YNL073W	85	371.0	54	13.0	3.245762711856514	1833.0	1368.0	20.0	111.0	40.88000000000011	142.0	0.9892183288409704	0.8490566037735849	0.9946091644204852	0.9919137466307277	0.9973045822102425	0.9973045822102425
YNL074C	353	1178.0	134	13.0	1.0	665.0	1271.0	66.0	340.0	94.72000000000003	487.0	0.8811544991511036	0.6519524617996605	0.9906621392190152	0.8056027164685908	0.9932088285229203	0.8488964346349746
YNL075W	139	402.0	70	37.0	0.0	1011.0	282.0	98.0	107.0	118.68571428571431	227.34000000000083	0.22885572139303484	0.8980099502487562	0.4054726368159204	0.9601990049751243	0.9577114427860697	0.9900497512437811
YNL076W	64	113.0	9	30.5	18.0	272.0	294.0	272.0	153.69999999999965	272.0	212.1000000000006	0.6991150442477876	0.8230088495575221	0.8849557522123894	0.9469026548672567	0.9469026548672567	0.9911504424778761
YNL077W	32	42.0	4	31.0	35.0	225.0	131.0	187.0	116.4	225.0	131.0	0.35714285714285715	0.35714285714285715	0.8571428571428571	0.9285714285714286	0.9761904761904762	1.0
YNL078W	219	404.0	25	36.0	141.25	278.0	374.0	263.0	269.0	271.0	298.1466666666666	0.6732673267326733	0.25	0.7896039603960396	0.3811881188118812	0.7920792079207921	0.7202970297029703
YNL079C	613	6149.0	1159	12.0	20.0	609.0	1912.0	53.0	182.0	61.0	193.0	0.8137908603024883	0.7596357131240852	0.9951211579118556	0.9943080175638315	0.9957716701902748	0.9944706456334363
YNL080C	88	120.0	6	33.75	10.0	1742.0	278.0	1173.0	126.0	1346.4999999999984	178.5999999999996	0.49166666666666664	0.8583333333333333	0.7916666666666666	0.9916666666666667	0.8083333333333333	0.9916666666666667
YNL081C	338	1282.0	84	5.0	18.0	255.0	271.0	46.59999999999991	221.0	69.40000000000032	240.68000000000006	0.9703588143525741	0.750390015600624	0.9968798751950078	0.9188767550702028	0.9968798751950078	0.9984399375975039
YNL082W	77	173.0	14	13.0	7.0	246.0	159.0	78.425	97.0	122.28500000000021	132.0	0.884393063583815	0.9421965317919075	0.9884393063583815	0.9942196531791907	0.9942196531791907	1.0
YNL083W	299	1138.0	59	20.0	82.0	53.0	345.0	34.0	338.0	34.0	341.0	0.9130052724077329	0.22319859402460457	1.0	0.4253075571177504	1.0	0.7460456942003515
YNL084C	201	1012.0	253	7.0	6.0	116.0	249.0	73.0	152.59999999999968	94.13999999999999	243.0	0.9654150197628458	0.9011857707509882	0.9950592885375494	0.9476284584980237	1.0	0.9644268774703557
YNL085W	121	199.0	9	17.0	10.75	512.0	475.0	318.0	436.0	318.51	457.0	0.7336683417085427	0.7889447236180904	0.8140703517587939	0.8994974874371859	0.9547738693467337	0.9045226130653267
YNL086W	207	519.0	64	13.0	25.33333333331393	406.0	2745.0	97.29999999999973	239.0	137.23999999999978	346.4399999999987	0.9075144508670521	0.7283236994219653	0.9845857418111753	0.928709055876686	0.9980732177263969	0.930635838150289
YNL087W	39	65.0	8	68.29999999998836	21.0	1236.0	239.0	147.5	205.5	1236.0	238.85	0.35384615384615387	0.5230769230769231	0.5076923076923077	0.9384615384615385	0.9692307692307692	0.9384615384615385
YNL090W	207	483.0	42	23.0	194.0	1742.0	439.0	173.0	361.0	180.12000000000003	429.33500000000004	0.7101449275362319	0.6625258799171843	0.9813664596273292	0.6625258799171843	0.9917184265010351	0.6811594202898551
YNL091W	32	48.0	4	13.0	9.5	164.0	96.0	164.0	84.0	164.0	96.0	0.8125	0.9791666666666666	0.9375	1.0	1.0	1.0
YNL092W	28	36.0	4	27.0	139.33333333331393	1254.0	255.0	1089.3333333333328	244.39999999999995	1254.0	255.0	0.6111111111111112	0.3888888888888889	0.8333333333333334	0.6111111111111112	0.8333333333333334	0.6388888888888888
YNL093W	15	22.0	6	173.0	267.0	278.0	1766.0	267.2	1763.6	278.0	1766.0	0.4090909090909091	0.5454545454545454	0.45454545454545453	0.5454545454545454	0.45454545454545453	0.6818181818181818
YNL094W	192	400.0	28	9.0	138.0	369.0	442.0	322.0	233.0	362.0	434.5	0.77	0.4075	0.835	0.56	0.91	0.6825
YNL095C	154	381.0	36	27.41666666668607	128.0	247.0	302.0	233.89999999999998	245.0	240.51999999999998	280.0	0.4015748031496063	0.31496062992125984	0.8503937007874016	0.35170603674540685	0.9606299212598425	0.5931758530183727
YNL096C	1235	17524.0	1069	21.0	14.0	2140.0	273.0	57.0	216.0	69.0	233.1299999999992	0.8573385071901393	0.8399338050673362	0.9985733850719014	0.9682720839990869	0.9998288062086281	0.9694133759415658
YNL097C	81	142.0	22	24.0	9.61538461537566	566.0	216.0	146.73333333333335	163.20000000000005	533.8000000000004	191.77333333333334	0.5422535211267606	0.8873239436619719	0.8802816901408451	0.9577464788732394	0.971830985915493	1.0
YNL097W-A	26	4.0	3	56.66666666668607	251.0	176.0	656.0	135.93333333333334	271.4	136.78666666666666	272.68	0.75	0.75	0.75	0.75	1.0	0.75
YNL098C	265	464.0	33	202.0	8.0	344.0	144.0	298.0	132.325	338.1840000000001	139.44000000000005	0.20905172413793102	0.13577586206896552	0.2995689655172414	0.16379310344827586	0.5043103448275862	1.0
YNL099C	208	939.0	123	32.625	16.0	236.0	1300.0	70.0	283.1666666666665	70.0	348.0	0.7486687965921193	0.7326943556975506	0.9968051118210862	0.8647497337593184	0.9989350372736954	0.952076677316294
YNL100W	117	526.0	96	8.0	6.0	118.0	144.0	61.0	138.0	70.96000000000004	140.0	0.9866920152091255	0.8098859315589354	0.9904942965779467	0.9961977186311787	1.0	1.0
YNL101W	148	394.0	24	26.0	8.0	213.0	303.0	202.0	283.0	213.0	285.0	0.9263959390862944	0.7817258883248731	0.9923857868020305	0.799492385786802	1.0	0.9695431472081218
YNL102W	4	4.0	1	15.5	20.5	102.0	111.0	102.0	111.0	102.0	111.0	0.75	0.75	1.0	1.0	1.0	1.0
YNL103W	57	121.0	19	16.214285714260768	6.033333333325572	835.0	108.0	195.0	90.0	720.6899999999987	92.63333333333331	0.7355371900826446	1.0	0.9504132231404959	1.0	0.9834710743801653	1.0
YNL103W-A	11	9.0	2	259.5	9.75	1929.0	310.0	1929.0	310.0	1929.0	310.0	0.4444444444444444	1.0	0.4444444444444444	1.0	0.6666666666666666	1.0
YNL104C	1110	5598.0	176	40.0	33.0	475.0	191.0	170.0	148.0	187.0	164.0799999999981	0.48678099321186136	0.40228653090389427	0.690961057520543	0.9664165773490533	0.9748124330117899	1.0
YNL106C	12	15.0	3	1.125	44.25	111.0	204.0	111.0	202.5	111.0	204.0	1.0	0.5333333333333333	1.0	0.8	1.0	0.8
YNL107W	81	169.0	20	35.0	17.0	233.0	257.0	57.0	205.2999999999999	149.51000000000028	251.48000000000002	0.4378698224852071	0.7810650887573964	0.9289940828402367	0.9585798816568047	0.9881656804733728	1.0
YNL108C	297	1309.0	107	12.0	9.0	518.0	232.0	43.0	161.0	51.91000000000008	175.0	0.9679144385026738	0.813598166539343	0.9961802902979373	0.9893048128342246	0.9961802902979373	1.0
YNL109W	5	5.0	2	103.75	8.58333333331393	178.0	376.0	178.0	376.0	178.0	376.0	0.4	0.8	0.4	1.0	1.0	1.0
YNL110C	820	6525.0	883	8.0	9.0	122.0	545.0	77.0	122.0	84.0	147.0	0.7679693486590038	0.9167816091954023	0.9938697318007663	0.9918773946360153	1.0	0.993256704980843
YNL111C	308	783.0	149	104.0	0.0	935.0	464.0	246.0	279.0	248.11333333333332	288.0	0.5466155810983397	0.7816091954022989	0.6270753512132823	0.933588761174968	0.6743295019157088	0.9489144316730523
YNL112W	481	6580.0	556	5.0	5.0	117.0	608.0	52.0	141.0	87.39999999999964	150.0	0.9563829787234043	0.7700607902735562	0.9911854103343465	0.9864741641337386	1.0	0.9989361702127659
YNL113W	371	2167.0	136	16.0	9.0	3163.0	249.0	55.0	188.0	64.0	224.0	0.7812644208583295	0.8804799261652053	0.9986155976003692	0.9921550530687586	0.9986155976003692	0.9981541301338256
YNL114C	17	16.0	2	22.0	207.33333333331393	244.0	481.0	241.29999999999998	465.09999999999997	244.0	481.0	0.5	0.4375	1.0	0.4375	1.0	0.5625
YNL115C	152	678.0	71	17.0	107.33333333331393	405.0	604.0	49.02857142857143	166.0	235.44000000000005	400.04000000000326	0.7846607669616519	0.644542772861357	0.9823008849557522	0.6607669616519174	0.9882005899705014	0.9837758112094396
YNL116W	160	1943.0	341	13.0	4.0	96.0	224.0	61.0	163.0	61.0	165.0	0.9552238805970149	0.9207411219763253	0.9783839423571796	0.9969119917653114	1.0	0.9994853319608852
YNL117W	10	13.0	3	57.0	5.7999999999883585	72.0	93.0	70.64999999999999	93.0	72.0	93.0	0.46153846153846156	1.0	0.6153846153846154	1.0	1.0	1.0
YNL118C	150	440.0	23	11.0	44.33333333331393	76.0	306.0	76.0	178.5	76.0	201.05	0.825	0.45681818181818185	1.0	0.7181818181818181	1.0	0.9977272727272727
YNL119W	313	1605.0	174	15.83333333331393	47.0	220.0	457.0	39.0	143.0	70.70000000000027	214.30000000000004	0.8361370716510903	0.643613707165109	0.9869158878504672	0.7831775700934579	0.9993769470404984	0.9919003115264797
YNL121C	262	1893.0	300	19.0	15.75	83.0	288.0	51.0	239.0	60.569999999999936	243.09333333333325	0.8705758055995774	0.8547279450607501	1.0	0.8737453777073428	1.0	0.9049128367670365
YNL122C	11	4.0	1	11.5	88.5	113.0	335.0	77.6	335.0	87.52	335.0	0.25	0.25	0.25	0.25	1.0	0.75
YNL123W	79	180.0	25	13.0	19.0	54.0	121.0	50.0	115.0	51.599999999999966	119.26666666666665	0.9833333333333333	0.7611111111111111	1.0	0.8888888888888888	1.0	1.0
YNL124W	135	263.0	18	8.0	23.0	623.0	356.0	165.0	293.0	493.9200000000001	313.0	0.8973384030418251	0.7072243346007605	0.9467680608365019	0.7756653992395437	0.9467680608365019	0.8479087452471483
YNL125C	103	246.0	16	30.94117647060193	20.0	1314.0	259.0	233.0	157.6	988.9066666666649	253.23999999999995	0.5	0.9065040650406504	0.8739837398373984	0.943089430894309	0.9512195121951219	0.9796747967479674
YNL126W	42	64.0	8	12.0	25.0	72.0	133.0	71.86666666666666	126.0	72.0	132.44	0.875	0.609375	0.890625	0.96875	1.0	1.0
YNL127W	17	18.0	2	42.66666666668607	84.0	174.0	281.0	159.5999999999999	279.0	174.0	281.0	0.3888888888888889	0.2222222222222222	0.8333333333333334	0.3333333333333333	0.9444444444444444	0.8333333333333334
YNL128W	3	3.0	1	671.25	43.5	943.0	141.0	943.0	141.0	943.0	141.0	0.3333333333333333	0.6666666666666666	0.3333333333333333	0.6666666666666666	0.3333333333333333	1.0
YNL129W	334	900.0	42	42.0	9.0	452.0	1602.0	137.0	323.0	173.0	346.5	0.19555555555555557	0.9011111111111111	0.49777777777777776	0.9233333333333333	0.9122222222222223	0.9366666666666666
YNL130C	424	2037.0	150	17.0	26.0	436.0	420.0	80.0	208.0	381.14444444444433	278.4199999999999	0.8600883652430045	0.5954835542464408	0.9572901325478645	0.9322533136966127	0.9577810505645558	0.9548355424644085
YNL130C-A	6	4.0	2	309.0	1.0	952.0	272.0	880.4	220.79999999999995	937.68	261.76	0.5	0.75	0.5	0.75	0.5	0.75
YNL131W	320	4560.0	2118	0.0	0.0	82.0	377.0	51.0	330.0	72.95199999999997	347.0	0.9359649122807018	0.8162280701754386	1.0	0.8453947368421053	1.0	0.8675438596491228
YNL132W	110	658.0	277	0.0	7.0	109.0	282.0	96.0	147.0	101.11999999999989	147.0	0.9559270516717325	0.9133738601823708	0.9848024316109423	0.9331306990881459	1.0	0.9984802431610942
YNL133C	60	109.0	23	14.16666666668607	2.0	108.0	1788.0	42.099999999999994	120.025	53.0	1679.729999999996	0.9357798165137615	0.9724770642201835	0.9908256880733946	0.9724770642201835	1.0	0.981651376146789
YNL134C	344	2124.0	307	21.0	15.0	1148.0	762.0	75.0	78.0	137.9314285714285	231.0	0.5673258003766478	0.8620527306967984	0.9769303201506592	0.974105461393597	0.992467043314501	0.974105461393597
YNL135C	1874	21953.0	1276	14.0	79.0	1421.0	1196.0	41.0	223.0	50.0	252.0	0.891313260146677	0.29749920284243614	0.9998177925568259	0.5236186398214367	0.9998177925568259	0.9860611305971849
YNL136W	88	160.0	11	15.0	22.0	68.0	186.0	57.0	145.33333333333334	68.0	185.0	0.65	0.5875	0.98125	0.925	1.0	1.0
YNL137C	294	625.0	41	12.0	99.25	584.0	463.0	115.0	270.22222222222223	142.75	289.0	0.8752	0.4592	0.9792	0.5616	0.9936	0.7904
YNL138W	399	5631.0	1382	5.0	25.0	511.0	321.0	41.0	187.0	56.0	223.0	0.9453027881370982	0.5450186467767715	0.9991120582489789	0.8423015450186467	0.9994672349493873	0.9920085242408098
YNL138W-A	102	130.0	7	25.0	97.20000000001164	124.0	278.0	83.0	224.0	91.19999999999953	251.7999999999995	0.11538461538461539	0.17692307692307693	0.5076923076923077	0.26153846153846155	1.0	0.3153846153846154
YNL140C	225	301.0	29	837.1666666666861	48.60344827588415	3348.0	1755.0	2012.9999999999986	269.0	2912.4100000000008	1236.893333333335	0.10299003322259136	0.3554817275747508	0.11295681063122924	0.7641196013289037	0.12956810631229235	0.9568106312292359
YNL141W	273	767.0	51	12.0	46.0	147.0	183.0	70.0	119.0	78.0	126.0	0.8161668839634941	0.5136897001303781	0.9752281616688396	0.7535853976531942	0.9986962190352021	1.0
YNL142W	17	19.0	2	131.83333333331393	57.75	365.0	89.0	336.5	89.0	359.29999999999995	89.0	0.2631578947368421	0.6842105263157895	0.42105263157894735	0.7368421052631579	0.7368421052631579	1.0
YNL144C	10	12.0	3	39.0	7.0	132.0	190.0	130.7	179.19999999999985	132.0	190.0	0.6666666666666666	0.75	1.0	0.9166666666666666	1.0	0.9166666666666666
YNL145W	269	19.0	3	714.0	0.0	808.0	334.0	808.0	175.0	808.0	175.0	0.47368421052631576	1.0	0.5263157894736842	1.0	0.5789473684210527	1.0
YNL146C-A	51	1.0	1	4.0	4.0	467.0	714.0	467.0	52.8	467.0	52.96	1.0	1.0	1.0	1.0	1.0	1.0
YNL146W	91	169.0	18	40.5	4.0	283.0	688.0	150.81249999999997	332.5499999999988	162.0	688.0	0.3668639053254438	0.863905325443787	0.8047337278106509	0.863905325443787	0.9940828402366864	0.8698224852071006
YNL147W	466	1206.0	44	34.0	26.0	367.0	314.0	102.0	77.0	175.0	179.58000000000038	0.44112769485903813	0.6318407960199005	0.9328358208955224	0.972636815920398	0.9850746268656716	0.9825870646766169
YNL148C	310	1434.0	251	11.0	1.0	810.0	934.0	53.82857142857142	655.0	789.1600000000001	687.3200000000002	0.9184100418410042	0.7629009762900977	0.9686192468619247	0.8444909344490934	0.9797768479776848	0.8647140864714087
YNL149C	863	6398.0	637	15.0	22.0	1714.0	432.0	65.0	147.1999999999989	930.0799999999981	149.0	0.9026258205689278	0.6800562675836199	0.9621756798999688	0.9965614254454517	0.9696780243826195	0.9982807127227259
YNL151C	138	348.0	38	8.0	13.0	77.0	225.0	68.19999999999993	222.0	72.0	222.0	0.9281609195402298	0.8160919540229885	1.0	0.8218390804597702	1.0	1.0
YNL152W	40	72.0	9	24.0	101.0	626.0	695.0	548.4666666666665	322.0	624.6800000000001	695.0	0.7638888888888888	0.5972222222222222	0.8194444444444444	0.5972222222222222	0.8888888888888888	0.6666666666666666
YNL153C	390	2188.0	154	15.0	25.0	1356.0	358.0	37.0	268.0	44.179999999999836	291.0	0.7682815356489945	0.3843692870201097	0.9963436928702011	0.9446983546617916	0.9963436928702011	0.9995429616087751
YNL154C	266	443.0	12	49.25	78.0	271.0	319.0	235.02499999999995	234.0	266.0	314.7133333333333	0.6613995485327314	0.3656884875846501	0.7945823927765236	0.6659142212189616	0.9187358916478555	0.9683972911963883
YNL155W	136	199.0	14	37.0	42.34999999997672	162.0	213.0	152.73333333333332	143.19999999999993	162.0	184.25999999999976	0.5477386934673367	0.4824120603015075	0.9597989949748744	0.9597989949748744	1.0	0.9899497487437185
YNL156C	374	1713.0	206	11.0	66.0	234.0	585.0	218.0	133.0	221.0	199.0	0.8347927612375948	0.6018680677174547	0.9667250437828371	0.6357267950963222	0.9766491535318156	0.9929947460595446
YNL157W	248	674.0	62	747.0	1.0	2371.0	230.0	789.3428571428572	87.79999999999995	799.0	175.02666666666664	0.4124629080118694	0.9480712166172107	0.49554896142433236	0.9821958456973294	0.5845697329376854	0.9940652818991098
YNL158W	61	190.0	53	6.0	4.0	1631.0	848.0	59.0	738.0	1448.066666666666	813.2	0.8842105263157894	0.9315789473684211	0.9736842105263158	0.9736842105263158	0.9789473684210527	0.9894736842105263
YNL159C	148	270.0	17	8.0	347.28571428573923	741.0	818.0	53.0	791.0	134.20000000000107	791.0	0.825925925925926	0.12962962962962962	0.9888888888888889	0.12962962962962962	0.9888888888888889	0.1925925925925926
YNL160W	158	921.0	198	0.0	20.415048543713056	1265.0	540.0	63.0	232.0	1166.7699999999995	261.0	0.9685124864277959	0.7904451682953312	0.9717698154180239	0.9858849077090119	0.9739413680781759	0.98914223669924
YNL161W	174	562.0	100	31.0	12.0	221.0	1051.0	194.0	440.0	208.0	480.34999999999997	0.6797153024911032	0.7544483985765125	0.9039145907473309	0.7811387900355872	0.998220640569395	0.7811387900355872
YNL162W	259	2889.0	395	8.0	4.0	1016.0	169.0	37.0	97.0	55.0	124.0	0.9723087573554863	0.9768085842852198	0.9961924541363794	0.9996538594669436	0.9975770162686051	1.0
YNL162W-A	142	618.0	113	12.0	0.0	1152.0	1701.0	38.0	389.0	58.05454545454559	442.6400000000001	0.8980582524271845	0.9174757281553398	0.9967637540453075	0.941747572815534	0.9983818770226537	0.9951456310679612
YNL163C	129	381.0	43	9.0	11.0	122.0	197.0	93.0	136.0	108.07	136.0	0.7270341207349081	0.9921259842519685	0.9816272965879265	0.9973753280839895	1.0	1.0
YNL164C	127	239.0	25	12.0	123.625	348.0	912.0	212.0	348.56363636363636	256.259999999999	442.17999999999944	0.8284518828451883	0.41841004184100417	0.9205020920502092	0.502092050209205	0.9874476987447699	0.7322175732217573
YNL165W	141	428.0	105	30.0	2.0	527.0	232.0	80.26666666666658	222.0	117.15999999999967	229.0	0.6448598130841121	0.6985981308411215	0.8901869158878505	0.7079439252336449	0.9976635514018691	1.0
YNL166C	189	548.0	29	15.0	26.0	410.0	128.0	37.650000000000034	120.0	68.0	124.0	0.8394160583941606	0.7098540145985401	0.9854014598540146	1.0	0.9963503649635036	1.0
YNL167C	100	220.0	25	19.0	11.0	393.0	293.0	379.0	241.0	387.0	273.90000000000015	0.8181818181818182	0.8681818181818182	0.95	0.9136363636363637	0.9954545454545455	0.95
YNL168C	388	2816.0	570	15.0	0.0	430.0	2087.0	56.0	242.0	70.53400000000002	1972.0	0.8153409090909091	0.8093039772727273	0.9950284090909091	0.8888494318181818	0.9957386363636364	0.9477982954545454
YNL169C	523	1712.0	71	19.0	24.5	1568.0	398.0	1168.8666666666666	191.0	1194.0	226.0	0.8160046728971962	0.42757009345794394	0.8896028037383178	0.927570093457944	0.9135514018691588	0.9468457943925234
YNL170W	3	3.0	2	237.5	20.83333333331393	923.0	967.0	923.0	967.0	923.0	967.0	0.6666666666666666	0.6666666666666666	0.6666666666666666	1.0	0.6666666666666666	1.0
YNL173C	165	405.0	62	19.0	20.0	292.0	225.0	58.0	151.0	166.79999999999936	224.16	0.9234567901234568	0.762962962962963	0.9703703703703703	0.8765432098765432	0.9876543209876543	0.9827160493827161
YNL175C	148	599.0	66	11.08333333331393	9.0	104.0	657.0	69.0	154.77499999999998	81.03999999999996	157.01999999999998	0.8764607679465777	0.8881469115191987	0.993322203672788	0.9565943238731218	1.0	0.993322203672788
YNL176C	108	310.0	40	13.772727272706106	7.909090909117367	232.0	265.0	196.6	260.0	199.79999999999984	262.4	0.896774193548387	0.896774193548387	0.9419354838709677	0.896774193548387	0.9806451612903225	0.9903225806451613
YNL177C	351	2779.0	356	3.75	24.0	1185.0	1025.0	51.0	292.0	54.0	301.0	0.9913637999280317	0.7779776898164807	0.9996401583303347	0.8700971572508096	0.9996401583303347	0.9190356243252968
YNL178W	1291	412436.0	219114	0.0	0.0	197.0	1262.0	29.0	63.0	33.0	129.0	0.9941445460629043	0.9762460115023907	0.9997260180973533	0.9866767207518258	0.9999709045767101	0.994949519440592
YNL179C	2	1.0	1	473.5	1441.5	1557.0	2980.0	1557.0	2980.0	1557.0	2980.0	1.0	1.0	1.0	1.0	1.0	1.0
YNL180C	112	205.0	31	8.5	2.0	2011.0	1968.0	247.5	120.0	265.0	122.0	0.7463414634146341	0.8341463414634146	0.8585365853658536	0.9951219512195122	0.9658536585365853	0.9951219512195122
YNL181W	133	261.0	15	19.0	27.0	646.0	3103.0	107.0	120.63333333333333	500.9199999999996	126.92666666666666	0.6360153256704981	0.5555555555555556	0.9425287356321839	0.9961685823754789	0.9693486590038314	0.9961685823754789
YNL182C	455	5972.0	1024	16.0	0.0	520.0	395.0	69.0	100.0	445.119999999999	123.88999999999987	0.7213663764233088	0.9502679169457469	0.9688546550569324	0.9938044206296048	0.9861018084393838	0.9938044206296048
YNL183C	30	42.0	4	7.0	21.0	225.0	187.0	211.0	179.0	225.0	187.0	0.8333333333333334	0.6428571428571429	0.9285714285714286	0.8809523809523809	0.9761904761904762	1.0
YNL185C	256	750.0	44	24.0	9.0	131.0	292.0	106.0	268.0	120.0	281.0	0.8306666666666667	0.8773333333333333	0.888	0.8786666666666667	1.0	0.912
YNL186W	92	160.0	25	56.0	27.0	1743.0	349.0	234.0	254.0	1587.3333333333387	304.2666666666669	0.4875	0.45625	0.5625	0.7875	0.98125	0.90625
YNL187W	176	350.0	14	43.0	147.0	1802.0	3032.0	239.0	395.0	1000.0	443.0	0.5428571428571428	0.49142857142857144	0.8857142857142857	0.5485714285714286	0.98	0.58
YNL188W	51	81.0	8	49.0	3.0625	137.0	1837.0	116.0	84.80000000000001	130.17999999999995	1837.0	0.4691358024691358	0.8765432098765432	0.9012345679012346	0.9382716049382716	1.0	0.9629629629629629
YNL189W	468	4182.0	1089	12.0	6.0	2105.0	314.0	217.0	254.0	243.0	263.0	0.8555714968914395	0.8261597321855572	0.9784791965566715	0.8675274988043998	0.989478718316595	0.8696795791487326
YNL190W	641	4351.0	439	18.0	79.0	312.0	3000.0	283.0	627.0	286.0	650.9899999999998	0.5844633417605148	0.4929901172144335	0.9448402666053781	0.5031027350034475	0.9652953344058837	0.7556883475063204
YNL191W	92	202.0	12	24.0	21.5	228.0	515.0	98.0	109.19999999999982	107.83999999999992	412.819999999998	0.40594059405940597	0.7079207920792079	0.995049504950495	0.9900990099009901	0.995049504950495	0.9900990099009901
YNL192W	10	15.0	2	33.66666666668607	4.0	156.0	189.0	156.0	189.0	156.0	189.0	0.8	0.13333333333333333	0.8	0.13333333333333333	0.8	0.4666666666666667
YNL193W	162	1562.0	210	4.0	5.0	64.0	140.0	28.0	72.0	53.0	119.36941176470584	0.8988476312419974	0.9526248399487837	1.0	0.967989756722151	1.0	1.0
YNL194C	5	5.0	1	48.25	1101.75	227.0	1286.0	227.0	1286.0	227.0	1286.0	0.8	0.4	0.8	0.4	0.8	0.4
YNL195C	4	4.0	1	844.5	6.0	1397.0	99.0	1397.0	99.0	1397.0	99.0	0.25	1.0	0.25	1.0	0.25	1.0
YNL197C	104	194.0	8	31.0	502.0	392.0	750.0	367.19999999999993	694.0	382.56	701.48	0.4020618556701031	0.6804123711340206	0.9175257731958762	0.6855670103092784	0.9432989690721649	0.6907216494845361
YNL199C	187	359.0	12	42.0	30.0	180.0	364.0	139.0	189.10000000000002	173.73000000000008	195.6400000000001	0.6406685236768802	0.6880222841225627	0.7688022284122563	0.8440111420612814	0.9777158774373259	0.9916434540389972
YNL200C	151	361.0	21	20.0	9.549999999988358	168.0	137.0	135.0	116.0	165.25499999999994	123.0	0.7285318559556787	0.8227146814404432	0.8725761772853186	0.9916897506925207	1.0	1.0
YNL201C	30	46.0	5	10.0	52.0	309.0	231.0	288.19999999999993	213.0	309.0	231.0	0.9565217391304348	0.2826086956521739	1.0	0.32608695652173914	1.0	0.9782608695652174
YNL202W	116	190.0	10	23.0	75.0	111.0	516.0	103.0	192.0	103.0	505.7333333333333	0.7421052631578947	0.3368421052631579	0.7684210526315789	0.5052631578947369	1.0	0.968421052631579
YNL203C	8	9.0	2	61.0	288.75	1156.0	1488.0	1156.0	1488.0	1156.0	1488.0	0.2222222222222222	0.4444444444444444	0.6666666666666666	0.4444444444444444	0.6666666666666666	0.5555555555555556
YNL204C	8	9.0	2	239.5	100.5	1019.0	424.0	1019.0	424.0	1019.0	424.0	0.2222222222222222	0.5555555555555556	0.5555555555555556	0.5555555555555556	0.5555555555555556	0.6666666666666666
YNL205C	3	4.0	2	1168.5	1240.5	1490.0	1440.0	1490.0	1440.0	1490.0	1440.0	0.5	0.5	0.5	0.5	0.5	0.5
YNL206C	216	757.0	97	20.0	23.0	630.0	2389.0	40.0	213.0	57.7199999999998	244.0	0.8071334214002642	0.7173051519154557	0.9894319682959049	0.904887714663144	0.9973579920739762	0.940554821664465
YNL207W	357	1132.0	98	7.0	117.0	3317.0	1202.0	135.0	317.0	157.0	691.0	0.8374558303886925	0.40636042402826855	0.9885159010600707	0.44257950530035334	0.9964664310954063	0.5185512367491166
YNL208W	928	30978.0	4157	17.0	14.0	2440.0	1794.0	50.0	111.0	103.0	136.0	0.910420298276196	0.9688488604816321	0.957776486538834	0.9961585641422945	0.9977403318484086	0.9999677190264058
YNL209W	879	31326.0	6903	0.0	28.0	2098.0	2911.0	46.0	142.0	67.0	145.0	0.9405924790908511	0.6206665389772075	0.9907425142054523	0.9474557875247398	0.9999042329055736	0.9994892421630595
YNL210W	1	1.0	1	0.0	0.0	970.0	2655.0	970.0	2655.0	970.0	2655.0	1.0	1.0	1.0	1.0	1.0	1.0
YNL211C	121	289.0	43	1.25	57.0	1470.0	280.0	171.90000000001385	243.0	1450.6900000000005	279.0	0.7854671280276817	0.3771626297577855	0.9238754325259516	0.6539792387543253	0.9515570934256056	0.9792387543252595
YNL212W	157	758.0	164	6.0	20.0	110.0	171.0	83.0	161.0	92.0	165.0	0.8153034300791556	0.8324538258575198	0.9986807387862797	0.9986807387862797	1.0	0.9986807387862797
YNL213C	138	269.0	15	24.90476190476329	31.0	131.0	239.0	102.0	179.64999999999995	115.0	185.0	0.6765799256505576	0.35315985130111527	0.9814126394052045	0.9107806691449815	1.0	1.0
YNL214W	131	1081.0	282	2.0	5.0	1283.0	981.0	41.70000000000027	259.0	1236.6333333333334	268.2816666666667	0.9463459759481961	0.9925994449583718	0.9509713228492137	0.9990749306197965	0.9537465309898242	0.9990749306197965
YNL215W	336	969.0	68	43.0	17.0	147.0	1054.0	103.09999999999991	380.9999999999991	126.0	1045.0	0.43962848297213625	0.8998968008255934	0.7739938080495357	0.9164086687306502	0.9969040247678018	0.9453044375644994
YNL216W	89	165.0	11	65.5	4.0	1385.0	153.0	120.5	146.25	139.94999999999996	150.0	0.4484848484848485	0.8484848484848485	0.8181818181818182	0.8484848484848485	0.9939393939393939	1.0
YNL217W	199	1460.0	307	0.0	11.0	1289.0	3001.0	136.0	124.0	136.0	126.0	0.9191780821917809	0.8068493150684931	0.939041095890411	0.9938356164383562	0.9431506849315069	0.9972602739726028
YNL218W	105	154.0	8	204.0	97.0	283.0	454.0	261.7999999999996	445.0	279.53333333333336	448.0	0.2922077922077922	0.18181818181818182	0.6688311688311688	0.22077922077922077	0.6948051948051948	0.35714285714285715
YNL219C	126	480.0	81	0.0	11.0	439.0	204.0	168.0	167.0	179.79999999999995	173.59999999999994	0.7625	0.9083333333333333	0.875	0.9208333333333333	0.9916666666666667	0.9229166666666667
YNL220W	529	4223.0	381	60.0	22.0	167.0	222.0	99.5421875	129.0	135.0	143.26999999999953	0.6341463414634146	0.7816717973004973	0.6680085247454416	0.990528060620412	1.0	0.9940800378877576
YNL221C	100	184.0	13	11.0	64.5	391.0	358.0	375.15999999999997	186.0	389.98	340.63999999999993	0.8206521739130435	0.375	0.9130434782608695	0.4782608695652174	0.9184782608695652	0.875
YNL222W	169	472.0	59	16.0	3.0	1754.0	356.0	58.64999999999992	211.0	1731.0	279.0	0.8813559322033898	0.7457627118644068	0.961864406779661	0.9470338983050848	0.9639830508474576	0.9788135593220338
YNL223W	221	1552.0	437	9.0	1.0	96.0	1139.0	30.0	546.0	56.54000000000042	775.4666666666684	0.9317010309278351	0.8969072164948454	0.9896907216494846	0.9059278350515464	1.0	0.9072164948453608
YNL224C	64	151.0	17	7.0	6.0	411.0	208.0	95.0	157.0	234.6800000000012	207.6700000000003	0.8874172185430463	0.8145695364238411	0.9801324503311258	0.9867549668874173	0.9867549668874173	1.0
YNL225C	31	39.0	3	15.0	28.166666666656965	51.0	206.0	51.0	142.39999999999998	51.0	206.0	0.7948717948717948	0.48717948717948717	1.0	0.9743589743589743	1.0	1.0
YNL226W	2	1.0	1	2.0	1.5	149.0	39.0	148.6	39.0	148.92	39.0	1.0	1.0	1.0	1.0	1.0	1.0
YNL227C	110	670.0	117	4.0	7.0	88.0	417.0	69.0	79.0	88.0	227.59999999999332	0.9223880597014925	0.9671641791044776	1.0	0.9880597014925373	1.0	0.9895522388059701
YNL228W	3	2.0	2	294.0	20.0	608.0	185.0	608.0	185.0	608.0	185.0	1.0	1.0	1.0	1.0	1.0	1.0
YNL229C	2	2.0	1	1.0	135.0	217.0	145.0	217.0	145.0	217.0	145.0	1.0	0.5	1.0	0.5	1.0	0.5
YNL230C	3	5.0	3	9.375	61.0	72.0	379.0	72.0	379.0	72.0	379.0	1.0	0.8	1.0	0.8	1.0	0.8
YNL231C	155	465.0	94	94.0	0.0	213.0	243.0	150.0	79.0	167.10000000000014	92.0	0.46881720430107526	0.9935483870967742	0.5397849462365591	0.9935483870967742	0.832258064516129	0.9935483870967742
YNL232W	146	272.0	22	30.0	66.0	2171.0	276.0	355.3999999999935	196.0	1448.093333333333	206.1199999999999	0.5772058823529411	0.6433823529411765	0.9375	0.7132352941176471	0.9485294117647058	0.7647058823529411
YNL233W	57	194.0	27	11.0	3.0	241.0	344.0	187.07999999999998	98.0	229.96000000000004	338.24	0.7731958762886598	0.9690721649484536	0.9432989690721649	0.9742268041237113	0.9896907216494846	0.979381443298969
YNL234W	9	13.0	6	46.678571428579744	47.5	90.0	271.0	89.1	268.3	90.0	271.0	0.46153846153846156	0.5384615384615384	0.7692307692307693	0.6153846153846154	1.0	0.8461538461538461
YNL236W	51	279.0	63	9.0	2.214285714289872	137.0	138.0	47.816923076923075	91.0	63.94666666666664	99.41999999999996	0.9068100358422939	0.7670250896057348	0.996415770609319	1.0	1.0	1.0
YNL237W	113	295.0	16	14.0	16.0	83.0	302.0	69.0	253.0	77.60000000000014	280.0	0.8305084745762712	0.8508474576271187	1.0	0.8576271186440678	1.0	0.9932203389830508
YNL238W	59	118.0	12	25.0	10.0	314.0	132.0	300.4	132.0	314.0	132.0	0.6271186440677966	0.9915254237288136	0.940677966101695	0.9915254237288136	0.940677966101695	1.0
YNL239W	381	2068.0	105	32.0	32.0	436.0	496.0	135.0	136.0	163.0	152.0	0.49177949709864605	0.6794003868471954	0.8056092843326886	0.9946808510638298	0.9874274661508704	0.9970986460348162
YNL240C	13	10.0	2	24.0	6.0	316.0	2268.0	316.0	2268.0	316.0	2268.0	0.5	0.9	0.9	0.9	0.9	0.9
YNL241C	657	2897.0	148	89.0	5.0	2075.0	315.0	188.0	245.0	207.0	256.88250000000005	0.42975491888160167	0.855022437003797	0.6530894028305143	0.9810148429409734	0.7701070072488782	0.9962029685881947
YNL242W	1	1.0	1	0.0	0.0	94.0	52.0	94.0	52.0	94.0	52.0	1.0	1.0	1.0	1.0	1.0	1.0
YNL243W	63	101.0	8	11.0	8.0	79.0	112.0	62.0	92.0	77.97999999999999	107.91999999999996	0.8712871287128713	0.9108910891089109	1.0	1.0	1.0	1.0
YNL244C	385	3295.0	388	15.0	12.0	269.0	427.0	33.0	149.0	43.03333333333345	149.0	0.9380880121396055	0.8610015174506829	0.9942336874051594	0.9993930197268589	0.9996965098634294	1.0
YNL245C	156	426.0	94	5.0	27.714285714289872	163.0	1153.0	63.59999999999991	730.0	95.28	1070.0	0.8708920187793427	0.5845070422535211	0.9507042253521126	0.7746478873239436	0.9976525821596244	0.8661971830985915
YNL246W	239	1590.0	429	8.0	1.0	115.0	832.0	26.0	670.0	38.0	790.0	0.959748427672956	0.8157232704402516	0.9955974842767296	0.9257861635220126	1.0	0.9289308176100629
YNL247W	60	121.0	13	29.0	34.0	71.0	207.0	52.44999999999999	174.69999999999993	71.0	205.57999999999998	0.6859504132231405	0.7107438016528925	0.9586776859504132	0.7603305785123967	1.0	0.9586776859504132
YNL248C	273	1979.0	239	17.0	0.0	91.0	289.0	71.0	221.0	74.0	228.0	0.8039413845376453	0.965133906013138	0.9984840828701365	0.9924204143506822	1.0	1.0
YNL249C	61	132.0	22	2.5	286.0	206.0	633.0	116.59999999999928	555.9	149.42000000000047	604.3000000000002	0.9015151515151515	0.4393939393939394	0.946969696969697	0.4621212121212121	0.946969696969697	0.4772727272727273
YNL250W	1	1.0	1	0.0	0.0	35.0	180.0	35.0	180.0	35.0	180.0	1.0	1.0	1.0	1.0	1.0	1.0
YNL251C	266	876.0	49	11.0	74.0	925.0	304.0	320.7999999999997	162.0	328.0	168.0	0.8242009132420092	0.4235159817351598	0.9235159817351598	0.45662100456621	0.9851598173515982	0.9931506849315068
YNL252C	276	1185.0	115	0.40825688073528	19.0	1183.0	1588.0	33.0	151.0	49.0	154.0	0.9729957805907173	0.7527426160337553	0.9966244725738397	0.9924050632911392	0.99915611814346	0.9949367088607595
YNL253W	55	157.0	23	11.299999999988358	5.0	94.0	192.0	75.0	166.65	86.0	188.43333333333337	0.8535031847133758	0.9808917197452229	0.9808917197452229	1.0	1.0	1.0
YNL254C	149	347.0	17	12.0	99.5	413.0	1038.0	66.0	995.0	194.599999999994	1003.079999999999	0.8933717579250721	0.40057636887608067	0.9913544668587896	0.6685878962536023	0.9913544668587896	0.7031700288184438
YNL255C	1284	6888.0	253	12.0	43.0	1871.0	331.0	1193.7999999999956	281.0	1511.0	316.84799999999996	0.8671602787456446	0.47430313588850176	0.9387340301974448	0.7617595818815331	0.9443960511033682	0.804006968641115
YNL256W	46	165.0	40	9.0	0.7083333333430346	93.0	98.0	85.0	64.0	87.54999999999998	84.79999999999995	0.8484848484848485	0.9696969696969697	1.0	1.0	1.0	1.0
YNL257C	7	7.0	1	6.5	42.0	101.0	123.0	101.0	123.0	101.0	123.0	0.14285714285714285	0.42857142857142855	0.8571428571428571	1.0	1.0	1.0
YNL258C	86	131.0	9	19.0	29.0	73.0	555.0	59.0	117.0	73.0	555.0	0.7557251908396947	0.40458015267175573	0.9389312977099237	0.9618320610687023	1.0	0.9694656488549618
YNL259C	430	1800.0	190	18.60000000000582	19.72727272726479	2581.0	548.0	41.75	143.0	58.333333333333336	194.0	0.8783333333333333	0.8716666666666667	0.9905555555555555	0.9383333333333334	0.9905555555555555	0.9816666666666667
YNL260C	131	175.0	9	22.125	75.0	77.0	506.0	53.0	378.0	65.0	463.25	0.92	0.41714285714285715	1.0	0.5142857142857142	1.0	0.8742857142857143
YNL261W	84	120.0	9	27.0	82.5	878.0	820.0	102.0	664.0	854.1999999999999	820.0	0.38333333333333336	0.38333333333333336	0.8	0.575	0.9666666666666667	0.75
YNL263C	86	357.0	65	2.0	18.5	157.0	253.0	145.0	183.0	150.144	222.50000000000034	0.8571428571428571	0.8599439775910365	0.8795518207282913	0.9159663865546218	0.9859943977591037	0.988795518207283
YNL264C	172	466.0	31	14.0	4.333333333343035	139.0	394.0	31.0	241.11999999999998	41.0	352.0	0.8090128755364807	0.8948497854077253	0.9978540772532188	0.944206008583691	0.9978540772532188	0.9527896995708155
YNL265C	168	440.0	42	16.0	9.0	80.0	283.0	51.0	244.0	58.0	283.0	0.8545454545454545	0.875	1.0	0.884090909090909	1.0	0.9522727272727273
YNL267W	30	38.0	3	48.0	84.60000000000582	147.0	331.0	141.8	318.40000000000003	147.0	331.0	0.6842105263157895	0.47368421052631576	0.7368421052631579	0.5526315789473685	1.0	0.7631578947368421
YNL268W	423	1867.0	137	9.0	59.0	396.0	339.0	68.0	260.0	91.0	272.65999999999985	0.934654525977504	0.48312801285484736	0.984467059453669	0.533476164970541	0.9967862881628281	0.8548473486877344
YNL269W	5	7.0	3	7.0	23.875	642.0	533.0	642.0	533.0	642.0	533.0	0.8571428571428571	0.7142857142857143	1.0	1.0	1.0	1.0
YNL270C	37	64.0	7	133.5	2.6666666666569654	550.0	126.0	188.0	104.0	448.6399999999996	106.78999999999999	0.5	0.96875	0.625	0.96875	0.65625	1.0
YNL272C	75	124.0	13	3.0	18.0	139.0	230.0	121.19999999999999	228.2	136.78000000000003	230.0	0.7580645161290323	0.6693548387096774	0.9516129032258065	0.7338709677419355	1.0	0.9274193548387096
YNL273W	7	9.0	3	11.25	10.25	55.0	85.0	55.0	85.0	55.0	85.0	0.8888888888888888	0.8888888888888888	1.0	1.0	1.0	1.0
YNL274C	167	684.0	75	24.0	5.0	518.0	200.0	71.0	139.0	468.15999999999997	168.1999999999999	0.5804093567251462	0.7763157894736842	0.9766081871345029	0.9780701754385965	0.97953216374269	1.0
YNL275W	167	894.0	247	50.0	5.0	262.0	173.0	209.0	99.36470588235294	254.0	170.0	0.6599552572706935	0.9742729306487695	0.7516778523489933	0.9843400447427293	0.7639821029082774	1.0
YNL276C	47	96.0	9	203.3636363636324	3.0	295.0	1370.0	288.9999999999998	1368.0	295.0	1369.08	0.16666666666666666	0.9375	0.5520833333333334	0.9375	0.71875	0.9375
YNL277W	64	109.0	16	15.0	18.0	179.0	1773.0	158.0	129.14999999999998	172.70666666666662	1675.0799999999963	0.8073394495412844	0.7431192660550459	0.9357798165137615	0.981651376146789	1.0	0.981651376146789
YNL277W-A	14	21.0	5	5.0	21.25	29.0	502.0	29.0	318.0	29.0	463.35999999999984	0.8095238095238095	0.7142857142857143	1.0	1.0	1.0	1.0
YNL278W	42	59.0	6	45.75	7.0	269.0	225.0	203.0	223.03333333333333	263.6899999999998	224.91	0.5932203389830508	0.8983050847457628	0.7627118644067796	1.0	0.9830508474576272	1.0
YNL280C	500	4059.0	560	28.0	10.0	218.0	770.0	150.0	105.0	202.0	165.8199999999997	0.5380635624538064	0.9258438038925844	0.7649667405764967	0.9753633899975364	0.9645232815964523	0.9926090169992609
YNL281W	414	1070.0	69	245.85714285714494	32.0	1584.0	1611.0	828.0	214.0	1267.6999999999985	239.14999999999998	0.07196261682242991	0.5261682242990654	0.07196261682242991	0.9401869158878504	0.07383177570093458	0.9962616822429906
YNL282W	94	174.0	12	68.0	32.0	804.0	2265.0	517.4999999999998	868.0	794.0799999999999	890.1199999999999	0.3218390804597701	0.6551724137931034	0.7068965517241379	0.9367816091954023	0.8390804597701149	0.9827586206896551
YNL283C	850	3314.0	139	88.0	167.0	1441.0	273.0	463.0	237.0	525.9600000000014	239.0	0.3494266747133374	0.3183464091732046	0.5084490042245021	0.3611949305974653	0.8614966807483404	0.6674713337356669
YNL286W	111	142.0	6	27.0	13.333333333328483	3424.0	108.0	145.40000000000003	107.0	2135.0800000000177	107.54	0.6338028169014085	0.7394366197183099	0.9154929577464789	0.9014084507042254	0.9859154929577465	1.0
YNL287W	51	158.0	35	12.0	5.0	230.0	1307.0	209.0	244.89999999999998	223.87999999999982	548.8399999999913	0.9746835443037974	0.9683544303797469	0.9936708860759493	0.9936708860759493	0.9936708860759493	0.9936708860759493
YNL288W	117	289.0	19	16.0	9.0	152.0	205.0	145.0	183.0	150.888	192.0	0.9100346020761245	0.6885813148788927	0.9896193771626297	0.8408304498269896	1.0	1.0
YNL289W	107	482.0	131	36.212121212127386	14.0	179.0	170.0	83.0	136.65555555555557	90.08000000000004	139.78666666666666	0.2800829875518672	0.9979253112033195	0.975103734439834	1.0	0.995850622406639	1.0
YNL290W	242	757.0	51	15.0	38.0	77.0	671.0	32.0	126.05999999999999	40.0	133.0	0.9365918097754293	0.5614266842800528	0.9907529722589168	0.9022457067371202	1.0	0.9960369881109643
YNL291C	289	1084.0	108	16.0	8.0	358.0	338.0	236.0	164.0	242.0	171.0	0.794280442804428	0.7038745387453874	0.9861623616236163	0.8468634686346863	0.9907749077490775	0.9797047970479705
YNL292W	126	626.0	178	4.0	25.0	2207.0	361.0	30.0	138.94	60.0	149.0	0.9153354632587859	0.6198083067092651	0.9776357827476039	0.9936102236421726	0.9984025559105432	0.9936102236421726
YNL293W	77	135.0	7	23.0	22.75	176.0	1587.0	78.0	145.75	155.70000000000033	776.6666666666721	0.4222222222222222	0.6222222222222222	0.9851851851851852	0.9703703703703703	0.9851851851851852	0.9925925925925926
YNL294C	395	2801.0	151	5.0	60.0	978.0	718.0	190.0	159.9928571428571	211.0	202.7799999999952	0.9493038200642627	0.43662977508032846	0.9800071403070332	0.6222777579435915	0.9896465548018565	0.9928596929667975
YNL295W	121	447.0	64	22.0	4.0	362.0	225.0	161.17999999999998	191.0	173.1199999999999	201.0	0.6957494407158836	0.8859060402684564	0.9731543624161074	0.9194630872483222	0.9977628635346756	1.0
YNL298W	11	13.0	2	50.75	5.0	221.0	153.0	217.54999999999998	151.65	221.0	153.0	0.6153846153846154	0.6923076923076923	0.9230769230769231	1.0	1.0	1.0
YNL299W	136	1055.0	147	13.0	5.0	882.0	163.0	101.0	68.69047619047619	248.05000000000086	119.80000000000018	0.919431279620853	0.9620853080568721	0.9601895734597157	0.985781990521327	0.9886255924170616	0.9990521327014218
YNL300W	246	2526.0	775	0.0	4.0	1377.0	2457.0	105.0	267.0	114.0	291.0	0.9572446555819477	0.9750593824228029	0.9798099762470309	0.9869358669833729	0.9984164687252574	0.9901029295328583
YNL301C	1388	30746.0	7029	14.0	0.0	663.0	1808.0	50.0	165.0	83.0	183.0	0.8595589670201002	0.9797697261432381	0.9816886749495869	0.9969752162882977	0.9996422298835621	0.9995446562154426
YNL302C	1958	37652.0	4775	9.0	28.0	1657.0	3148.0	38.0	201.0	45.0	214.16000000000108	0.9774248379900138	0.6525549771592478	0.997450334643578	0.8491713587591628	0.997583129714225	0.9988048443641772
YNL304W	32	53.0	11	15.0	10.25	62.0	199.0	62.0	199.0	62.0	199.0	0.9056603773584906	0.7924528301886793	1.0	0.8490566037735849	1.0	1.0
YNL305C	177	801.0	107	3.0	6.0	3185.0	243.0	40.0	112.0	47.99333333333334	173.0	0.9400749063670412	0.9188514357053683	0.9925093632958801	0.9538077403245943	0.9925093632958801	0.9987515605493134
YNL306W	136	476.0	95	3.625	30.33333333333576	208.0	132.0	70.0	114.0	76.0	116.74000000000001	0.8382352941176471	0.6008403361344538	0.9978991596638656	1.0	0.9978991596638656	1.0
YNL307C	370	2693.0	237	19.0	13.0	340.0	401.0	166.0	346.0	176.0	352.0	0.7612328258447828	0.9468993687337541	0.8945414036390642	0.9602673598217601	0.9981433345711103	0.9632380245079837
YNL308C	229	4646.0	2179	0.0	40.35294117646845	123.0	161.0	37.0	140.0	46.0	145.0	0.9625484287559191	0.7486009470512268	0.9997847610848042	0.7604390873869996	1.0	1.0
YNL309W	71	231.0	81	15.0	63.0	757.0	358.0	74.0	358.0	282.3499999999994	358.0	0.7835497835497836	0.6320346320346321	0.8658008658008658	0.6363636363636364	0.987012987012987	0.9090909090909091
YNL310C	239	1181.0	103	25.0	0.0	1331.0	272.0	49.0	119.0	68.0	196.0	0.5300592718035563	0.8027095681625741	0.9974597798475868	0.9754445385266723	0.9974597798475868	0.9805249788314987
YNL311C	123	501.0	59	6.0	9.233333333329938	56.0	448.0	28.0	205.0	35.0	207.0	0.9800399201596807	0.8363273453093812	1.0	0.936127744510978	1.0	0.9441117764471058
YNL312W	151	1754.0	568	0.0	5.0	72.0	208.0	42.0	96.0	47.457391304347844	192.74	0.9868871151653363	0.9378563283922463	1.0	0.9828962371721779	1.0	0.9857468643101482
YNL313C	70	215.0	41	16.0	5.0	68.0	177.0	39.0	100.25	61.49999999999994	177.0	0.786046511627907	0.958139534883721	0.9906976744186047	0.986046511627907	1.0	1.0
YNL314W	32	39.0	4	34.0	20.0	74.0	166.0	60.949999999999974	161.1	74.0	166.0	0.46153846153846156	0.8461538461538461	0.8717948717948718	0.8717948717948718	1.0	1.0
YNL315C	52	97.0	12	12.0	23.0	820.0	208.0	583.6999999999987	113.225	809.6600000000001	164.7600000000001	0.8969072164948454	0.6185567010309279	0.9278350515463918	0.9896907216494846	0.9278350515463918	1.0
YNL316C	92	382.0	124	5.0	0.0	179.0	504.0	69.0	61.799999999999955	75.81333333333335	83.62666666666671	0.9240837696335078	0.981675392670157	0.981675392670157	0.9947643979057592	0.9973821989528796	0.9947643979057592
YNL317W	151	724.0	77	19.0	3.0	67.0	795.0	46.0	105.39999999999998	52.0	220.0	0.9185082872928176	0.8466850828729282	0.9972375690607734	0.9820441988950276	1.0	0.9848066298342542
YNL320W	147	479.0	57	2.0	63.0	154.0	200.0	80.0	189.0	89.0	198.605	0.8559498956158664	0.33611691022964507	0.9812108559498957	0.4342379958246347	1.0	0.9979123173277662
YNL321W	40	99.0	8	23.0	7.0	199.0	158.0	35.0	135.75	123.54000000000079	158.0	0.6666666666666666	0.9090909090909091	0.98989898989899	0.9595959595959596	0.98989898989899	1.0
YNL322C	253	655.0	60	15.0	10.0	68.0	844.0	49.0	574.0	57.0	578.0	0.7755725190839695	0.7954198473282442	1.0	0.9053435114503817	1.0	0.9068702290076336
YNL323W	171	1080.0	116	21.0	26.0	364.0	210.0	78.0	142.0	83.0	191.0	0.6657407407407407	0.4685185185185185	0.9953703703703703	0.9777777777777777	0.9962962962962963	1.0
YNL325C	36	85.0	8	21.025000000001455	9.5	109.0	79.0	35.0	63.0	104.80000000000007	78.65	0.7294117647058823	0.9764705882352941	0.9764705882352941	1.0	1.0	1.0
YNL326C	62	114.0	7	14.0	57.0	70.0	194.0	58.599999999999994	172.0	68.72	193.04	0.868421052631579	0.2719298245614035	1.0	0.45614035087719296	1.0	0.9912280701754386
YNL327W	42	192.0	47	9.0	0.0	54.0	144.0	31.179999999999996	120.0	54.0	144.0	0.9739583333333334	0.8385416666666666	1.0	0.8541666666666666	1.0	0.9947916666666666
YNL328C	62	71.0	3	105.375	2409.25	391.0	3353.0	348.40000000000003	3353.0	384.4900000000002	3353.0	0.18309859154929578	0.22535211267605634	0.5633802816901409	0.23943661971830985	0.7887323943661971	0.23943661971830985
YNL329C	28	36.0	4	663.6666666666679	4.0	1001.0	190.0	874.4	150.99999999999943	1001.0	190.0	0.4444444444444444	0.8888888888888888	0.5	0.9444444444444444	0.5277777777777778	0.9444444444444444
YNL330C	292	655.0	23	11.0	186.0	77.0	421.0	64.5	284.0	70.0	352.40000000000055	0.8549618320610687	0.1618320610687023	0.9847328244274809	0.33435114503816793	1.0	0.6427480916030535
YNL331C	31	33.0	4	183.34999999999854	7.0	505.0	220.0	504.23333333333335	220.0	505.0	220.0	0.24242424242424243	0.9696969696969697	0.30303030303030304	0.9696969696969697	0.45454545454545453	0.9696969696969697
YNR001C	849	9969.0	1919	19.0	70.0	280.0	535.0	154.0	197.0	189.0	216.0	0.7113050456414887	0.5324505968502358	0.9040024074631358	0.5363627244457819	0.9918748119169425	0.9986959574681513
YNR001W-A	1	2.0	2	0.0	0.0	57.0	325.0	57.0	325.0	57.0	325.0	1.0	1.0	1.0	1.0	1.0	1.0
YNR002C	127	294.0	22	109.0	7.0	348.0	261.0	170.0	155.0	241.03200000000004	205.12	0.5102040816326531	0.9251700680272109	0.5680272108843537	0.9693877551020408	0.7346938775510204	0.9931972789115646
YNR003C	188	730.0	114	17.0	0.0	284.0	482.0	56.0	470.0	76.0	472.0	0.836986301369863	0.8534246575342466	0.9958904109589041	0.8849315068493151	1.0	0.8849315068493151
YNR004W	145	520.0	94	2.0	9.0	671.0	2577.0	34.0	432.0	481.0	451.0	0.9519230769230769	0.7730769230769231	0.9634615384615385	0.8326923076923077	0.9692307692307692	0.8326923076923077
YNR006W	117	326.0	29	32.0	34.0	1069.0	167.0	64.0	141.19999999999993	168.1200000000008	149.72000000000003	0.656441717791411	0.42024539877300615	0.9754601226993865	0.9447852760736196	0.9877300613496932	1.0
YNR007C	56	104.0	16	31.0	0.0	165.0	349.0	71.0	317.3999999999999	124.49999999999953	348.0	0.5673076923076923	0.8653846153846154	0.9903846153846154	0.9134615384615384	0.9903846153846154	0.9711538461538461
YNR008W	124	265.0	26	31.0	1.0	101.0	1142.0	85.0	294.0	88.40000000000009	375.20000000000164	0.49056603773584906	0.6943396226415094	0.9018867924528302	0.7584905660377359	1.0	0.769811320754717
YNR009W	181	461.0	22	51.0	86.0	2354.0	215.0	119.0	168.0	170.33999999999992	191.00999999999988	0.368763557483731	0.6334056399132321	0.6464208242950108	0.6507592190889371	0.9913232104121475	0.9869848156182213
YNR010W	174	276.0	13	29.0	39.0	864.0	1364.0	76.2	137.0	98.96000000000004	179.48000000000002	0.6159420289855072	0.4891304347826087	0.9818840579710145	0.9818840579710145	0.9963768115942029	0.9963768115942029
YNR011C	63	189.0	52	4.0	0.5	235.0	199.0	21.0	188.36666666666665	224.70999999999984	189.73333333333323	0.9788359788359788	0.6825396825396826	0.9841269841269841	1.0	0.9841269841269841	1.0
YNR012W	89	488.0	151	39.0	1.0	243.0	119.0	94.0	85.06666666666665	213.0	109.0	0.569672131147541	0.9795081967213115	0.9200819672131147	1.0	0.9774590163934426	1.0
YNR013C	96	475.0	54	21.0	4.0	106.0	150.0	48.77272727272727	117.0	81.5	124.5	0.7136842105263158	0.9831578947368421	0.991578947368421	1.0	1.0	1.0
YNR014W	77	176.0	16	35.0	7.0	556.0	200.0	61.0	169.0	89.48000000000002	185.92000000000007	0.5852272727272727	0.9034090909090909	0.9886363636363636	1.0	0.9943181818181818	1.0
YNR015W	67	185.0	13	13.0	16.0	34.0	147.0	25.5	106.0	34.0	111.30000000000001	0.9621621621621622	0.9135135135135135	1.0	0.918918918918919	1.0	1.0
YNR017W	1126	3944.0	194	41.8985507247271	109.0	621.0	1489.0	249.0	272.0	581.9199999999996	295.0	0.41658215010141986	0.539553752535497	0.8136409736308317	0.5778397565922921	0.9018762677484787	0.6977687626774848
YNR018W	347	2349.0	422	29.0	14.530898876371793	1558.0	2186.0	72.0	137.0	79.0	157.0	0.6334610472541508	0.9416773094934014	0.9970200085142614	0.9919114516815666	0.9978714346530438	0.9919114516815666
YNR019W	3	3.0	1	3.0	6.0	42.0	144.0	42.0	144.0	42.0	144.0	1.0	1.0	1.0	1.0	1.0	1.0
YNR021W	218	1027.0	126	5.0	44.0	164.0	685.0	56.0	234.0	68.04400000000005	254.0	0.8549172346640701	0.4634858812074002	0.9990262901655307	0.7302823758519961	0.9990262901655307	0.9961051606621227
YNR022C	306	2122.0	431	8.0	0.0	482.0	1233.0	43.0	128.0	78.0	166.8400000000006	0.9222431668237512	0.8242224316682375	0.9919886899151744	0.9820923656927427	0.9976437323279924	0.9934024505183789
YNR023W	69	126.0	9	11.0	32.0	82.0	182.0	77.59999999999995	129.39999999999998	80.98666666666666	182.0	0.9047619047619048	0.4523809523809524	1.0	0.9761904761904762	1.0	1.0
YNR024W	269	1570.0	305	0.0	55.0	61.0	195.0	35.0	128.0	52.0	192.59999999999997	0.9528662420382166	0.3815286624203822	1.0	0.5089171974522293	1.0	0.9815286624203822
YNR026C	230	913.0	148	3.2083333333721384	22.75	129.0	442.0	51.0	337.0	59.0	343.24666666666667	0.932092004381161	0.7020810514786419	0.9989047097480832	0.8510405257393209	1.0	0.927710843373494
YNR027W	85	217.0	31	40.0	8.0	206.0	299.0	69.0	278.0	114.2699999999981	285.0	0.5069124423963134	0.9078341013824884	0.7972350230414746	0.9953917050691244	0.9907834101382489	0.9953917050691244
YNR028W	178	1142.0	255	21.61148648650851	0.0	113.0	180.0	87.0	97.0	102.92444444444442	122.03199999999997	0.850262697022767	0.9693520140105079	0.9921190893169878	0.9912434325744308	1.0	1.0
YNR029C	213	729.0	62	27.375	4.0	82.0	297.0	70.36666666666663	159.0	72.63000000000011	227.0	0.6364883401920439	0.8641975308641975	0.9986282578875172	0.9465020576131687	1.0	0.9849108367626886
YNR030W	252	1145.0	103	18.5	35.0	144.0	281.0	80.0	236.125	108.0	240.04999999999995	0.9117903930131004	0.5475982532751091	0.9912663755458515	0.8165938864628821	1.0	0.9965065502183406
YNR032C-A	1022	4491.0	252	25.0	23.0	930.0	824.0	62.0	238.0	218.0	412.0	0.400356268091739	0.7091961701180138	0.9407704297483857	0.8314406590959698	0.9748385660209308	0.9369850812736584
YNR032W	143	217.0	14	30.0	31.0	405.0	256.0	144.0	139.64999999999998	154.62999999999982	217.0	0.5529953917050692	0.33640552995391704	0.9723502304147466	0.8387096774193549	0.9953917050691244	0.9769585253456221
YNR033W	61	1064.0	370	0.0	4.0	497.0	89.0	9.0	71.0	310.17333333333227	72.0	0.974624060150376	0.9680451127819549	0.9793233082706767	1.0	0.9802631578947368	1.0
YNR034W	97	222.0	32	14.0	18.0	130.0	290.0	119.0	281.0	128.92000000000002	284.4	0.8693693693693694	0.7207207207207207	0.9864864864864865	0.9054054054054054	1.0	0.972972972972973
YNR034W-A	91	459.0	206	0.0	0.0	724.0	186.0	205.94999999999973	105.0	298.1866666666665	170.0	0.6993464052287581	0.9760348583877996	0.8082788671023965	0.9803921568627451	0.8605664488017429	1.0
YNR035C	126	623.0	161	25.0	23.0	133.0	163.0	45.0	78.0	71.79666666666662	163.0	0.5601926163723917	0.6340288924558587	0.9823434991974318	0.9614767255216693	0.9967897271268058	0.971107544141252
YNR036C	51	159.0	17	3.0833333333721384	10.0	35.0	320.0	26.0	175.2999999999999	33.58399999999999	306.6828571428571	0.9874213836477987	0.9559748427672956	1.0	0.9559748427672956	1.0	0.9874213836477987
YNR037C	198	308.0	20	22.0	41.0	72.0	203.0	57.0	179.71428571428567	57.0	192.26000000000005	0.5064935064935064	0.5746753246753247	1.0	0.7694805194805194	1.0	1.0
YNR038W	188	1169.0	177	3.0	6.0	53.0	192.0	29.0	155.905	45.0	160.58285714285714	0.9110350727117195	0.863130881094953	1.0	0.9238665526090676	1.0	0.9786142001710864
YNR039C	103	208.0	18	16.599999999976717	18.0	451.0	71.0	57.0	71.0	85.62666666666661	71.0	0.7403846153846154	0.8461538461538461	0.9951923076923077	1.0	0.9951923076923077	1.0
YNR040W	82	310.0	66	5.0	12.0	65.0	1318.0	28.0	102.0	29.0	171.79999999999995	0.9032258064516129	0.9096774193548387	0.9967741935483871	0.9516129032258065	1.0	0.9870967741935484
YNR041C	141	616.0	58	22.0	15.1481481482042	419.0	108.0	48.79999999999973	58.0	90.0	58.93714285714286	0.9025974025974026	0.9967532467532467	0.9724025974025974	0.9983766233766234	0.9967532467532467	1.0
YNR042W	4	4.0	1	632.0	753.5	1553.0	1555.0	1553.0	1555.0	1553.0	1555.0	0.5	0.5	0.5	0.75	0.75	0.75
YNR043W	367	1660.0	97	7.0	22.0	1112.0	2871.0	47.0	543.0	62.0	551.8000000000002	0.8849397590361445	0.7807228915662651	0.9981927710843373	0.7927710843373494	0.9981927710843373	0.805421686746988
YNR044W	33	38.0	6	32.33333333337214	0.0	1851.0	97.0	1818.4	75.33333333333334	1851.0	81.67999999999996	0.5526315789473685	1.0	0.8157894736842105	1.0	0.8157894736842105	1.0
YNR045W	207	1321.0	222	17.0	3.0	205.0	745.0	54.0	710.0	70.0	729.0	0.8554125662376987	0.8304314912944739	0.9939439818319455	0.8448145344436033	0.9992429977289932	0.8909916729750189
YNR046W	597	4276.0	266	37.0	30.0	1719.0	3218.0	58.0	150.0	1694.0	173.0	0.5865294667913938	0.5769410664172123	0.9513564078578111	0.9805893358278766	0.9560336763330215	0.999532273152479
YNR047W	62	167.0	26	6.0	50.0	747.0	402.0	68.0	271.50000000000017	529.0100000000068	283.0	0.9101796407185628	0.38323353293413176	0.9461077844311377	0.8263473053892215	0.9880239520958084	0.8323353293413174
YNR048W	60	92.0	5	27.0	47.0	193.0	254.0	73.0	239.0	187.95999999999998	248.95999999999998	0.6413043478260869	0.5108695652173914	0.967391304347826	0.717391304347826	0.9782608695652174	1.0
YNR049C	242	699.0	65	43.0	5.0	1858.0	215.0	596.8999999999874	155.0	1772.0	173.01	0.709585121602289	0.8483547925608012	0.8125894134477826	0.9041487839771102	0.8669527896995708	0.9971387696709585
YNR050C	433	1285.0	104	28.16666666662786	51.0	557.0	1188.0	128.0	216.0	538.0	1115.0	0.6863813229571984	0.3953307392996109	0.8824902723735408	0.6357976653696498	0.9649805447470817	0.9540856031128405
YNR051C	164	344.0	21	17.0	106.0	913.0	532.0	758.0	471.0	765.0	480.72	0.7936046511627907	0.5901162790697675	0.9418604651162791	0.7238372093023255	0.9534883720930233	0.8313953488372093
YNR052C	214	860.0	68	38.75	14.0	246.0	350.0	132.0	102.0	135.0	102.0	0.46744186046511627	0.8674418604651163	0.8662790697674418	0.8976744186046511	1.0	0.9953488372093023
YNR053C	371	1391.0	58	16.0	20.0	112.0	481.0	60.0	235.0	93.39333333333327	240.0	0.8130841121495327	0.6736161035226456	0.9863407620416966	0.8346513299784328	1.0	0.8411214953271028
YNR054C	434	3866.0	544	8.0	2.0	357.0	264.0	45.0	65.0	60.0	201.0	0.9366270046559751	0.9394723228142783	0.9940506983962752	0.9555095706156234	0.9953440248318676	0.9555095706156234
YNR055C	409	1599.0	186	14.0	22.0	693.0	630.0	458.0	216.0	469.0	284.02	0.8017510944340213	0.7379612257661038	0.8286429018136335	0.8161350844277674	0.906816760475297	0.8467792370231395
YNR056C	11	13.0	3	295.875	32.83333333337214	582.0	160.0	574.65	160.0	582.0	160.0	0.23076923076923078	0.6923076923076923	0.23076923076923078	1.0	0.23076923076923078	1.0
YNR057C	10	12.0	3	102.40000000002328	0.0	1427.0	116.0	1179.5999999999965	106.99999999999997	1427.0	112.03999999999999	0.3333333333333333	0.9166666666666666	0.3333333333333333	0.9166666666666666	0.5833333333333334	1.0
YNR058W	9	13.0	5	178.25	92.75	469.0	196.0	446.04999999999995	191.04999999999998	469.0	196.0	0.46153846153846156	0.38461538461538464	0.6923076923076923	0.46153846153846156	0.6923076923076923	0.7692307692307693
YNR059W	111	237.0	17	42.0	119.5	326.0	457.0	107.0	241.83333333333326	181.07999999999993	365.90999999999997	0.5569620253164557	0.6160337552742616	0.8734177215189873	0.679324894514768	0.9746835443037974	0.7341772151898734
YNR060W	4	3.0	2	5.0	6.666666666627862	30.0	88.0	30.0	81.99999999999999	30.0	86.79999999999998	1.0	1.0	1.0	1.0	1.0	1.0
YNR061C	351	4985.0	1151	4.0	5.0	317.0	580.0	96.0	342.0	98.0	348.0	0.9642928786359077	0.920962888665998	0.9831494483450351	0.9933801404212638	0.9997993981945837	0.9985957873620862
YNR063W	13	14.0	2	59.0	19.0	96.0	1001.0	93.99999999999999	1001.0	96.0	1001.0	0.6428571428571429	0.7142857142857143	0.7142857142857143	0.9285714285714286	1.0	0.9285714285714286
YNR064C	39	22.0	1	56.0	55.0	73.0	1281.0	73.0	1271.4	73.0	1281.0	0.36363636363636365	0.5	0.6363636363636364	0.5	1.0	0.6818181818181818
YNR066C	1	1.0	1	0.0	0.0	4.0	1658.0	4.0	1658.0	4.0	1658.0	1.0	1.0	1.0	1.0	1.0	1.0
YNR067C	54	257.0	107	0.0	0.0	163.0	409.0	50.0	197.53333333333325	86.66666666666713	336.1950000000004	0.980544747081712	0.8093385214007782	0.9922178988326849	0.8871595330739299	0.9922178988326849	0.9649805447470817
YNR068C	21	22.0	3	1430.0	22.0	2217.0	328.0	2103.6	318.4	2217.0	328.0	0.3181818181818182	0.5454545454545454	0.3181818181818182	0.8636363636363636	0.4090909090909091	1.0
YNR069C	14	18.0	3	124.0	380.0	535.0	1384.0	525.0	1376.8	535.0	1384.0	0.5555555555555556	0.2777777777777778	0.5555555555555556	0.2777777777777778	0.7222222222222222	0.2777777777777778
YNR071C	11	12.0	2	350.5	9.0	434.0	147.0	429.5999999999999	145.29999999999998	434.0	147.0	0.5	0.9166666666666666	0.5833333333333334	1.0	0.5833333333333334	1.0
YNR072W	3	5.0	3	18.0	6.75	537.0	105.0	537.0	105.0	537.0	105.0	1.0	1.0	1.0	1.0	1.0	1.0
YNR073C	22	40.0	12	185.0	0.15384615387301892	411.0	150.0	375.0	145.0	411.0	150.0	0.375	1.0	0.4	1.0	0.725	1.0
YNR074C	6	4.0	1	72.0	73.0	197.0	165.0	197.0	165.0	197.0	165.0	0.5	0.5	0.75	0.5	1.0	1.0
YNR075W	5	11.0	4	9.400000000023283	103.90000000002328	19.0	1376.0	18.749999999999996	1376.0	19.0	1376.0	1.0	0.9090909090909091	1.0	0.9090909090909091	1.0	0.9090909090909091
YNR076W	9	15.0	4	378.4000000000233	0.0	2021.0	136.0	2020.0	136.0	2021.0	136.0	0.7333333333333333	1.0	0.7333333333333333	1.0	0.7333333333333333	1.0
YOL001W	12	10.0	1	300.0	0.0	452.0	153.0	452.0	153.0	452.0	153.0	0.2	1.0	0.4	1.0	0.6	1.0
YOL002C	246	914.0	135	37.0	9.0	682.0	251.0	74.43999999999997	79.0	214.0	102.0	0.7155361050328227	0.9649890590809628	0.8829321663019694	0.9890590809628009	0.9770240700218819	0.9989059080962801
YOL003C	115	219.0	12	18.0	19.0	319.0	203.0	32.04999999999998	148.0	38.0	184.75333333333336	0.9269406392694064	0.680365296803653	0.9954337899543378	0.9863013698630136	0.9954337899543378	1.0
YOL004W	2	2.0	1	57.0	80.0	246.0	119.0	246.0	119.0	246.0	119.0	0.5	0.5	0.5	0.5	1.0	1.0
YOL005C	479	3171.0	246	9.16666666668607	3.0	410.0	164.0	62.0	122.0	90.69749999999999	123.0	0.9227373068432672	0.901923683380637	0.9867549668874173	0.9262062440870388	0.9911699779249448	0.9990539262062441
YOL006C	121	191.0	8	73.0	20.0	238.0	201.0	167.0	159.0	173.18	190.3400000000001	0.21465968586387435	0.7539267015706806	0.4083769633507853	1.0	0.8010471204188482	1.0
YOL007C	286	848.0	62	6.0	35.66666666668607	478.0	2077.0	135.0	491.0	265.0	512.079999999999	0.7346698113207547	0.7004716981132075	0.9410377358490566	0.7806603773584906	0.9693396226415094	0.7841981132075472
YOL008W	118	687.0	90	23.0	4.0	982.0	275.0	39.0	173.0	99.89999999999972	210.55999999999995	0.7001455604075691	0.9490538573508006	0.9898107714701602	0.9868995633187773	0.9898107714701602	0.9985443959243085
YOL009C	82	236.0	31	52.0	0.0	2276.0	315.0	638.3999999999999	288.0	874.7199999999998	310.0	0.3940677966101695	0.9194915254237288	0.6440677966101694	0.9322033898305084	0.7838983050847458	0.9322033898305084
YOL010W	163	331.0	21	18.66666666668607	7.0	84.0	230.0	75.0	131.475	80.0	210.0	0.7341389728096677	0.8972809667673716	1.0	0.9667673716012085	1.0	0.9818731117824774
YOL011W	43	52.0	3	697.0	14.0	1907.0	306.0	1273.9499999999991	298.6	1907.0	305.93333333333334	0.5	0.75	0.5384615384615384	0.8076923076923077	0.5769230769230769	0.8076923076923077
YOL012C	450	2582.0	250	9.0	23.0	1191.0	293.0	128.0	220.0	377.0	228.46666666666638	0.8977536793183578	0.7308288148721921	0.9403563129357088	0.768009295120062	0.9620449264136328	0.9984508133230054
YOL013C	105	209.0	32	33.45454545452958	0.0	349.0	168.0	177.7	117.0	185.0	140.85999999999984	0.6267942583732058	0.9043062200956937	0.8995215311004785	0.9090909090909091	0.9425837320574163	0.9904306220095693
YOL013W-A	1	1.0	1	0.0	0.0	762.0	3354.0	762.0	3354.0	762.0	3354.0	1.0	1.0	1.0	1.0	1.0	1.0
YOL013W-B	1	1.0	1	0.0	0.0	405.0	3612.0	405.0	3612.0	405.0	3612.0	1.0	1.0	1.0	1.0	1.0	1.0
YOL014W	281	866.0	58	22.0	8.0	257.0	817.0	233.0	243.0	250.0	260.8000000000001	0.684757505773672	0.7551963048498845	0.9226327944572749	0.8036951501154734	0.9953810623556582	0.8083140877598153
YOL015W	24	29.0	4	9.125	23.75	704.0	523.0	697.35	400.7666666666663	704.0	523.0	0.7586206896551724	0.5862068965517241	0.896551724137931	0.6896551724137931	0.9310344827586207	0.8620689655172413
YOL016C	516	5509.0	472	6.0	25.0	649.0	265.0	111.0	128.0	111.79296296296296	137.75777777777773	0.9742239970956617	0.5661644581593755	0.9765837720094391	0.9767652931566527	0.9996369577055727	0.9972771827917952
YOL017W	49	87.0	8	51.0	6.0	318.0	130.0	127.0	127.0	306.15999999999985	130.0	0.4942528735632184	0.9425287356321839	0.7931034482758621	1.0	0.9770114942528736	1.0
YOL018C	143	217.0	11	32.5	33.0	397.0	322.0	203.24999999999852	263.0	367.56999999999954	305.6199999999998	0.6175115207373272	0.6267281105990783	0.7649769585253456	0.9262672811059908	0.9493087557603687	0.9631336405529954
YOL019W	132	730.0	187	27.07692307693651	9.0	170.0	293.0	150.0	221.0	158.80000000000004	257.0	0.7520547945205479	0.9602739726027397	0.9547945205479452	0.9767123287671233	0.9972602739726028	0.9808219178082191
YOL020W	303	1426.0	166	59.0	5.0	300.0	352.0	151.0	130.0	192.92000000000007	230.0	0.4172510518934081	0.8513323983169705	0.6395511921458625	0.9698457223001402	0.9859747545582047	0.988078541374474
YOL021C	145	476.0	45	41.45454545452958	11.0	82.0	149.0	53.46521739130435	122.0	67.0	143.96000000000004	0.4474789915966387	0.8739495798319328	0.9894957983193278	0.9915966386554622	1.0	1.0
YOL022C	146	412.0	48	7.0	7.0	244.0	308.0	46.0	145.1999999999996	74.0	183.76	0.9635922330097088	0.9296116504854369	0.9951456310679612	0.9514563106796117	0.9975728155339806	0.9927184466019418
YOL023W	99	525.0	87	31.0	6.0	182.0	196.0	49.0	182.0	60.75	187.5	0.6876190476190476	0.9828571428571429	0.9885714285714285	0.9904761904761905	0.9942857142857143	0.9980952380952381
YOL024W	3	3.0	1	1625.25	6.0	2185.0	43.0	2185.0	43.0	2185.0	43.0	0.3333333333333333	1.0	0.3333333333333333	1.0	0.3333333333333333	1.0
YOL025W	35	44.0	5	10.5	41.33333333331393	91.0	703.0	82.35999999999999	644.6999999999998	91.0	703.0	0.8636363636363636	0.6590909090909091	1.0	0.8409090909090909	1.0	0.8863636363636364
YOL026C	613	3064.0	379	19.5	12.0	139.0	301.0	39.0	181.0	51.0	204.0	0.758485639686684	0.8263707571801566	0.9993472584856397	0.8746736292428199	0.9993472584856397	0.9846605744125326
YOL027C	146	208.0	11	44.5	47.5	93.0	624.0	69.73333333333333	285.9	71.0	605.8199999999997	0.3701923076923077	0.3605769230769231	0.6923076923076923	0.7067307692307693	1.0	0.8942307692307693
YOL028C	109	415.0	33	49.9375	2.0	413.0	921.0	262.54545454545456	831.0	263.0	859.6000000000013	0.5373493975903615	0.9662650602409638	0.8048192771084337	0.9662650602409638	0.9710843373493976	0.9759036144578314
YOL029C	160	517.0	41	76.75	2.0	1363.0	109.0	1211.0	13.0	1213.0	103.0	0.0851063829787234	0.9748549323017408	0.08704061895551257	0.9748549323017408	0.09284332688588008	0.9961315280464217
YOL030W	581	5630.0	445	18.0	34.0	333.0	367.0	62.0	200.0	103.0	245.0	0.8188277087033747	0.577619893428064	0.9840142095914742	0.9385435168738899	0.9984014209591474	0.9955595026642984
YOL031C	75	170.0	22	34.0	0.0	463.0	169.0	94.33333333333333	137.0	449.20000000000044	147.0	0.4235294117647059	0.7823529411764706	0.7764705882352941	0.9647058823529412	0.9705882352941176	1.0
YOL032W	69	175.0	43	24.16666666668607	0.0	2146.0	2003.0	115.0	85.33333333333333	124.625	615.0	0.6514285714285715	0.8857142857142857	0.9657142857142857	0.9657142857142857	0.9942857142857143	0.9771428571428571
YOL033W	59	85.0	8	16.214285714260768	67.0	192.0	3087.0	66.0	165.0	149.6500000000007	2110.150000000016	0.7529411764705882	0.4235294117647059	0.9882352941176471	0.5647058823529412	0.9882352941176471	0.9764705882352941
YOL034W	23	64.0	23	0.0	12.0	44.0	130.0	39.99999999999999	78.65	44.0	125.37999999999998	1.0	0.734375	1.0	0.96875	1.0	1.0
YOL036W	45	107.0	15	21.0	5.0	431.0	167.0	402.5599999999999	154.0	431.0	166.62	0.5327102803738317	0.897196261682243	0.9345794392523364	0.9719626168224299	0.9906542056074766	1.0
YOL037C	1	3.0	3	0.0	0.0	58.0	40.0	58.0	40.0	58.0	40.0	1.0	1.0	1.0	1.0	1.0	1.0
YOL038C-A	37	48.0	10	23.0	12.0	1014.0	285.0	123.59999999999977	199.2	1009.1999999999999	215.07999999999998	0.6875	0.9583333333333334	0.9375	1.0	0.9791666666666666	1.0
YOL038W	501	3891.0	517	17.0	10.0	1070.0	2605.0	54.0	147.0	77.0	150.0	0.779491133384734	0.8419429452582884	0.9951169365201747	0.8632742225648934	0.9961449498843485	0.9933179131328708
YOL039W	1055	129440.0	30444	9.0	0.0	1234.0	2056.0	53.0	205.0	77.0	238.0	0.9310336835599505	0.9825788009888752	0.9961835599505563	0.9946616192830655	0.9981072311495673	0.9997373300370829
YOL040C	933	14127.0	709	20.0	7.583333333343035	196.0	365.0	53.0	136.0	64.0	148.48666666666637	0.787782260918808	0.8050541516245487	0.9985842712536278	0.9880370920931549	0.9998584271253628	0.9952573086996531
YOL041C	126	186.0	5	8.333333333343035	78.0	87.0	237.0	77.0	207.0	81.63999999999999	223.23999999999978	0.8387096774193549	0.3763440860215054	1.0	0.5591397849462365	1.0	0.9946236559139785
YOL042W	67	95.0	13	9.0	153.375	911.0	348.0	536.0	306.0	811.0999999999993	343.04999999999995	0.8315789473684211	0.5052631578947369	0.8421052631578947	0.5684210526315789	0.8736842105263158	0.6526315789473685
YOL043C	70	132.0	16	19.0	10.777777777781012	142.0	182.0	109.69999999999997	103.0	132.16000000000008	178.72000000000003	0.6666666666666666	0.9696969696969697	0.9015151515151515	0.9772727272727273	1.0	1.0
YOL044W	60	159.0	49	0.0	10.0	104.0	177.0	76.7333333333333	100.0	101.0	106.955	0.949685534591195	0.7987421383647799	1.0	0.9937106918238994	1.0	0.9937106918238994
YOL045W	14	14.0	1	47.0	3.0	529.0	144.0	528.4	142.0	529.0	144.0	0.21428571428571427	1.0	0.5	1.0	1.0	1.0
YOL048C	168	428.0	44	38.0	8.0	179.0	140.0	100.02222222222221	131.0	107.21999999999997	140.0	0.6448598130841121	0.8481308411214953	0.8084112149532711	0.8481308411214953	0.9976635514018691	1.0
YOL049W	212	1287.0	152	13.0	12.0	250.0	286.0	71.0	127.0	79.0	264.81499999999994	0.8096348096348096	0.972027972027972	0.9976689976689976	0.9813519813519813	0.9976689976689976	0.9836829836829837
YOL050C	1	1.0	1	0.0	0.0	136.0	138.0	136.0	138.0	136.0	138.0	1.0	1.0	1.0	1.0	1.0	1.0
YOL051W	2	2.0	1	0.0	23.0	190.0	128.0	190.0	128.0	190.0	128.0	1.0	0.5	1.0	1.0	1.0	1.0
YOL052C	161	288.0	14	41.0	16.0	169.0	629.0	147.0	592.1999999999999	161.48000000000002	602.0	0.4583333333333333	0.90625	0.7465277777777778	0.9166666666666666	0.9930555555555556	0.9270833333333334
YOL052C-A	65	304.0	96	0.8453608247509692	2.0	300.0	310.0	40.0	283.65	139.8399999999989	306.28	0.9868421052631579	0.9013157894736842	0.9868421052631579	0.9901315789473685	0.9901315789473685	0.9967105263157895
YOL053W	3	3.0	1	35.25	63.0	63.0	130.0	63.0	130.0	63.0	130.0	0.6666666666666666	0.6666666666666666	1.0	0.6666666666666666	1.0	1.0
YOL054W	90	127.0	10	34.0	56.0	112.0	188.0	108.0	182.0	112.0	183.38000000000002	0.6850393700787402	0.3779527559055118	0.9606299212598425	0.7165354330708661	1.0	1.0
YOL055C	17	17.0	2	72.0	34.0	273.0	102.0	243.94999999999987	102.0	273.0	102.0	0.29411764705882354	0.7058823529411765	0.47058823529411764	1.0	0.8823529411764706	1.0
YOL056W	28	35.0	7	25.10000000000582	5.8125	125.0	175.0	98.0	174.25	125.0	175.0	0.8	0.9142857142857143	0.9714285714285714	1.0	1.0	1.0
YOL057W	192	1136.0	162	18.0	1.0	1621.0	231.0	51.0	158.0	64.0	190.0	0.6901408450704225	0.9040492957746479	0.9982394366197183	0.9973591549295775	0.9991197183098591	1.0
YOL058W	313	10041.0	3574	7.0	7.0	98.0	2576.0	72.0	149.0	80.0	168.1800000000003	0.9830694153968729	0.985758390598546	0.9945224579225177	0.9933273578328852	1.0	0.9999004083258639
YOL059W	95	336.0	68	0.0	36.11764705882524	58.0	309.0	50.0	289.0	58.0	297.14	0.8809523809523809	0.5505952380952381	0.9880952380952381	0.9077380952380952	1.0	0.9613095238095238
YOL060C	120	260.0	16	62.0	11.0	749.0	301.0	76.5	287.3	515.4999999999897	301.0	0.5961538461538461	0.8384615384615385	0.6461538461538462	0.8769230769230769	0.9884615384615385	0.9961538461538462
YOL061W	444	4135.0	633	34.0	17.0	91.0	212.0	57.0	166.0	63.0	176.14444444444447	0.5533252720677146	0.7458282950423216	0.999758162031439	0.9900846432889964	1.0	1.0
YOL062C	151	1693.0	339	4.0	8.87037037036498	302.0	172.0	21.0	85.0	33.0	105.0	0.9940933254577673	0.9686946249261665	0.9946839929119905	0.997637330183107	0.9946839929119905	0.9994093325457767
YOL063C	33	129.0	47	5.0	0.0	116.0	201.0	92.0	61.06666666666666	116.0	118.04999999999934	0.8837209302325582	0.9767441860465116	0.9844961240310077	0.9922480620155039	1.0	0.9922480620155039
YOL064C	167	670.0	121	4.0	5.0	92.0	144.0	38.0	136.0	43.69999999999993	144.0	0.9522388059701492	0.8432835820895522	0.9970149253731343	0.9746268656716418	1.0	1.0
YOL065C	66	125.0	25	21.0	76.0	67.0	2105.0	56.75	2083.1666666666665	66.0	2100.5	0.72	0.456	1.0	0.456	1.0	0.824
YOL066C	272	810.0	40	58.0	12.0	1462.0	133.0	91.0	70.0	954.999999999999	88.73333333333328	0.5123456790123457	0.9530864197530864	0.9567901234567902	0.991358024691358	0.971604938271605	1.0
YOL067C	245	1372.0	236	27.0	135.0	1596.0	2054.0	50.0	1835.0	55.0	1841.8999999999999	0.6661807580174927	0.6785714285714286	0.9985422740524781	0.6858600583090378	0.9985422740524781	0.6865889212827988
YOL068C	416	1676.0	236	37.0	137.0	2235.0	437.0	689.0	218.97142857142856	694.0	226.74	0.5053699284009546	0.7249403341288783	0.7589498806682577	0.7249403341288783	0.766109785202864	0.7255369928400954
YOL069W	19	21.0	3	21.25	28.5	60.0	777.0	52.29999999999999	777.0	60.0	777.0	0.7619047619047619	0.5714285714285714	1.0	0.5714285714285714	1.0	0.6190476190476191
YOL070C	62	84.0	5	20.0	6.5	44.0	416.0	40.15	212.2	43.489999999999995	351.39999999999935	0.8690476190476191	0.5714285714285714	1.0	0.7261904761904762	1.0	0.9880952380952381
YOL071W	69	174.0	23	2.0	65.0	156.0	182.0	23.0	166.53333333333333	132.0266666666665	174.224	0.9540229885057471	0.4540229885057471	0.9827586206896551	0.9942528735632183	0.9827586206896551	1.0
YOL072W	30	40.0	5	0.39999999999417923	60.0	390.0	175.0	60.0	141.0	390.0	175.0	0.875	0.425	0.95	0.7	0.95	1.0
YOL073C	111	436.0	70	15.0	3.0	59.0	142.0	36.99178082191781	85.34285714285714	47.0	89.0	0.8486238532110092	0.8876146788990825	1.0	0.9977064220183486	1.0	1.0
YOL075C	4	4.0	1	1.0	173.5	85.0	453.0	85.0	453.0	85.0	453.0	1.0	0.5	1.0	0.5	1.0	0.75
YOL076W	97	259.0	26	9.0	35.357142857130384	41.0	809.0	36.0	262.0	38.0	485.9226666666675	0.9806949806949807	0.5945945945945946	1.0	0.8146718146718147	1.0	0.8957528957528957
YOL077C	545	4976.0	1299	2.0	3.7626728110481054	113.0	270.0	70.76363636363634	132.0	92.0	190.0	0.8484726688102894	0.7901929260450161	0.9732717041800643	0.8991157556270096	1.0	0.9790996784565916
YOL077W-A	693	2990.0	182	28.0	23.0	1225.0	322.0	50.0	226.0	53.0	242.0	0.6558528428093645	0.5394648829431438	0.9996655518394649	0.782608695652174	0.9996655518394649	0.9645484949832775
YOL078W	16	18.0	3	26.0	30.0	49.0	146.0	49.0	126.7999999999999	49.0	146.0	0.7222222222222222	0.6666666666666666	1.0	0.7777777777777778	1.0	1.0
YOL080C	162	601.0	128	4.0	16.0	92.0	275.0	69.0	195.15999999999994	79.98000000000002	265.71500000000003	0.8469217970049917	0.8901830282861897	1.0	0.9633943427620633	1.0	0.9866888519134775
YOL082W	50	75.0	8	220.60000000000582	6.0	348.0	133.0	322.8333333333333	108.0	347.5	128.0	0.25333333333333335	0.9866666666666667	0.5733333333333334	1.0	0.6933333333333334	1.0
YOL083C-A	3	3.0	1	176.25	0.0	405.0	195.0	405.0	195.0	405.0	195.0	0.6666666666666666	1.0	0.6666666666666666	1.0	0.6666666666666666	1.0
YOL083W	53	151.0	31	0.0	34.0	231.0	144.0	124.5499999999999	119.89999999999998	154.84000000000015	140.8800000000001	0.9337748344370861	0.6754966887417219	0.9867549668874173	0.9801324503311258	0.9933774834437086	1.0
YOL085W-A	15	16.0	7	257.0	207.625	1154.0	555.0	1046.5999999999997	549.0	1154.0	555.0	0.4375	0.5	0.5	0.5625	0.5	0.625
YOL086C	1079	115862.0	22348	10.0	18.0	1103.0	423.0	38.0	95.0	46.0	99.0	0.9843865978491654	0.7914760663548014	0.9966339265678135	0.9972639864666586	0.9988520826500492	0.9999741071274447
YOL086W-A	189	740.0	184	7.0	0.0	97.0	170.0	57.0	135.0	75.0	151.0	0.977027027027027	0.8824324324324324	1.0	0.9689189189189189	1.0	1.0
YOL087C	8	9.0	2	8.0	46.166666666656965	296.0	307.0	296.0	307.0	296.0	307.0	1.0	0.3333333333333333	1.0	0.7777777777777778	1.0	0.8888888888888888
YOL088C	176	277.0	11	39.0	42.0	104.0	257.0	77.29999999999995	198.0	95.5600000000001	200.0	0.6137184115523465	0.45126353790613716	0.8989169675090253	0.8158844765342961	1.0	0.9963898916967509
YOL089C	8	9.0	2	11.5	8.75	74.0	178.0	74.0	178.0	74.0	178.0	0.7777777777777778	0.7777777777777778	1.0	0.8888888888888888	1.0	1.0
YOL090W	53	120.0	14	25.75	20.0	104.0	153.0	78.0	98.66666666666667	96.29999999999997	122.19999999999987	0.8333333333333334	0.9416666666666667	0.9666666666666667	0.9583333333333334	1.0	1.0
YOL091W	3	3.0	1	867.0	8.25	1171.0	83.0	1171.0	83.0	1171.0	83.0	0.3333333333333333	1.0	0.3333333333333333	1.0	0.6666666666666666	1.0
YOL092W	212	2661.0	859	16.0	0.0	1457.0	2105.0	41.0	45.0	47.0	157.0	0.8733558812476513	0.9556557685080797	0.9924840285606915	0.966553927095077	0.9924840285606915	0.9688087185268696
YOL093W	206	583.0	84	22.0	15.0	1297.0	1585.0	86.0	223.0	1170.9199999999928	1476.0	0.7066895368782161	0.6826758147512865	0.9451114922813036	0.9125214408233276	0.9571183533447685	0.9159519725557461
YOL094C	151	333.0	23	18.0	6.0	102.0	291.0	72.0	76.0	72.0	229.0	0.8018018018018018	0.7537537537537538	0.96996996996997	0.963963963963964	1.0	0.963963963963964
YOL095C	58	215.0	46	2.0	2.0	57.0	102.0	40.333333333333336	84.0	55.0	94.57499999999997	0.986046511627907	0.9534883720930233	1.0	0.9906976744186047	1.0	1.0
YOL096C	103	233.0	22	4.166666666656965	48.0	64.0	167.0	50.0	134.0	59.16999999999999	156.20999999999984	0.9356223175965666	0.5150214592274678	1.0	0.9098712446351931	1.0	1.0
YOL097C	550	4880.0	441	14.511111111118225	52.0	139.0	372.0	36.0	200.0	44.0	203.0	0.9219262295081967	0.6065573770491803	0.9977459016393443	0.9243852459016394	0.9997950819672131	0.9375
YOL097W-A	30	27.0	4	48.0	23.5	383.0	503.0	319.9999999999998	150.34999999999994	383.0	193.84	0.3333333333333333	0.18518518518518517	0.8888888888888888	0.18518518518518517	0.8888888888888888	0.9629629629629629
YOL098C	62	103.0	7	40.25	2.0	142.0	299.0	114.02499999999999	276.0	128.35	292.11	0.42718446601941745	0.9320388349514563	0.941747572815534	1.0	1.0	1.0
YOL100W	5	5.0	1	69.0	23.75	252.0	146.0	252.0	146.0	252.0	146.0	0.2	0.2	0.2	0.8	0.2	1.0
YOL101C	100	155.0	7	28.89999999999418	30.0	76.0	166.0	63.0	109.0	75.96666666666665	123.37499999999969	0.8	0.6516129032258065	0.9806451612903225	0.967741935483871	1.0	1.0
YOL102C	74	241.0	44	20.0	10.0	43.0	127.0	23.0	116.16666666666663	37.18000000000001	121.36000000000001	0.7593360995850622	0.9128630705394191	1.0	0.9626556016597511	1.0	1.0
YOL103W	221	722.0	91	43.0	17.0	250.0	239.0	223.0	200.0	235.0	221.0	0.5457063711911357	0.682825484764543	0.7908587257617729	0.9141274238227147	0.9626038781163435	0.9279778393351801
YOL104C	6	5.0	1	168.25	4.25	228.0	421.0	228.0	421.0	228.0	421.0	0.4	1.0	0.4	1.0	0.4	1.0
YOL105C	87	156.0	17	16.0	5.0	797.0	199.0	313.0	198.0	797.0	198.0	0.6923076923076923	0.8910256410256411	0.8782051282051282	0.9166666666666666	0.9166666666666666	1.0
YOL106W	13	22.0	5	786.0	9.0	1181.0	193.0	1181.0	146.7999999999999	1181.0	193.0	0.5	0.7727272727272727	0.6363636363636364	0.7727272727272727	0.6818181818181818	0.9090909090909091
YOL107W	74	131.0	20	5.0	248.0	487.0	642.0	57.0	462.0	277.47999999999945	579.6299999999999	0.8473282442748091	0.4198473282442748	0.9923664122137404	0.5114503816793893	0.9923664122137404	0.5267175572519084
YOL108C	72	154.0	17	41.0	7.0	120.0	270.0	54.0	243.79999999999998	100.20000000000029	269.74000000000007	0.6168831168831169	0.8376623376623377	0.9675324675324676	1.0	0.987012987012987	1.0
YOL109W	149	465.0	83	14.0	7.0884146341413725	204.0	169.0	75.0	163.0	97.10000000000014	166.0	0.7784946236559139	0.8774193548387097	0.9935483870967742	0.989247311827957	1.0	0.9956989247311828
YOL110W	152	446.0	68	38.0	0.0	233.0	441.0	68.19999999999993	324.79999999999984	88.63200000000002	420.0	0.625560538116592	0.8452914798206278	0.9394618834080718	0.9327354260089686	0.9910313901345291	0.9327354260089686
YOL111C	307	962.0	162	10.5	9.0	1159.0	1785.0	100.93333333333332	84.0	191.82	174.2	0.7910602910602911	0.9584199584199584	0.9480249480249481	0.9719334719334719	0.9656964656964657	0.9823284823284824
YOL112W	301	1491.0	176	32.0	4.0	284.0	480.0	196.0	97.0	284.0	105.14399999999986	0.6867873910127431	0.9818913480885312	0.7766599597585513	0.9919517102615694	0.9081153588195842	0.9993293091884641
YOL113W	43	102.0	13	139.0	0.0	286.0	100.0	197.4545454545454	96.26666666666667	264.6800000000002	98.96000000000001	0.4117647058823529	1.0	0.49019607843137253	1.0	0.5882352941176471	1.0
YOL114C	44	60.0	8	13.866666666668607	3.0	2374.0	484.0	338.5	391.75	583.9999999999997	484.0	0.7833333333333333	0.8333333333333334	0.85	0.8666666666666667	0.9166666666666666	0.9333333333333333
YOL115W	79	364.0	68	4.0	8.0	119.0	135.0	70.0	121.43333333333334	77.16000000000008	129.86	0.9065934065934066	0.9972527472527473	0.9945054945054945	1.0	1.0	1.0
YOL116W	192	394.0	23	12.0	31.0	2268.0	376.0	443.599999999999	301.83333333333326	1333.2400000000002	333.96000000000004	0.8781725888324873	0.4949238578680203	0.9263959390862944	0.7030456852791879	0.9263959390862944	0.9390862944162437
YOL117W	31	54.0	13	12.0	4.0	220.0	1679.0	70.79999999999997	263.39999999999964	215.8000000000001	1631.480000000001	0.8703703703703703	0.7592592592592593	0.9629629629629629	0.9074074074074074	0.9814814814814815	0.9444444444444444
YOL118C	11	10.0	2	77.0	1741.0	480.0	1774.0	469.0	1774.0	477.8	1774.0	0.3	0.3	0.7	0.6	0.8	0.6
YOL119C	297	2532.0	305	48.0	0.0	947.0	2907.0	114.0	147.0	142.0	152.0	0.2539494470774092	0.8451816745655608	0.7890995260663507	0.8526856240126383	0.9936808846761453	0.8530805687203792
YOL120C	1377	189960.0	47854	3.0	7.0	2053.0	3882.0	27.0	143.0	33.0	166.0	0.9974784165087387	0.8335544325121078	0.9997999578858707	0.924078753421773	0.9999526216045483	0.997999578858707
YOL121C	1711	43418.0	4267	11.0	16.0	3547.0	2513.0	41.0	103.0	61.0	103.0	0.9375604587958911	0.7428255562209222	0.9927449444930674	0.9966603712745866	0.9973282970196693	0.9977659035423097
YOL122C	215	1419.0	289	4.0	5.0	3003.0	236.0	71.0	203.0	187.92999999999984	206.0	0.9358703312191684	0.7625088090204369	0.9541930937279774	0.7977448907681466	0.9844961240310077	0.9978858350951374
YOL123W	80	141.0	15	24.0	22.0	397.0	223.0	384.3	147.78	392.45000000000005	223.0	0.7304964539007093	0.6453900709219859	0.8865248226950354	0.8936170212765957	0.9716312056737588	1.0
YOL124C	301	1291.0	189	13.0	93.0	87.0	1733.0	46.05428571428572	161.0	54.7079999999999	264.68666666666576	0.9202168861347793	0.6258714175058094	0.9992254066615027	0.7025561580170411	1.0	0.9349341595662277
YOL125W	66	127.0	11	8.5	6.0	342.0	235.0	69.0	185.14999999999998	334.4400000000001	227.4400000000001	0.9212598425196851	0.8110236220472441	0.968503937007874	0.8818897637795275	0.9763779527559056	0.9448818897637795
YOL126C	131	421.0	129	25.375	6.0	732.0	355.0	178.48333333333332	239.0	230.74000000000012	253.87000000000006	0.7244655581947743	0.8646080760095012	0.7648456057007126	0.9049881235154394	0.8788598574821853	0.9928741092636579
YOL127W	368	2192.0	249	14.0	18.0	247.0	226.0	34.0	168.0	55.0	215.0	0.9822080291970803	0.8426094890510949	0.9995437956204379	0.9174270072992701	0.9995437956204379	0.9648722627737226
YOL128C	64	435.0	161	0.9255319148942363	64.0	393.0	270.0	132.0	217.0	341.84285714285704	266.31666666666655	0.9241379310344827	0.4942528735632184	0.9333333333333333	0.503448275862069	0.9356321839080459	1.0
YOL129W	433	6864.0	677	11.0	56.0	74.0	214.0	38.0	163.0	55.0	172.0	0.9587703962703963	0.5823135198135199	0.9998543123543123	0.6436480186480187	1.0	1.0
YOL130W	82	155.0	6	37.33333333332848	12.0	308.0	418.0	301.0	379.0	308.0	415.4333333333333	0.5548387096774193	0.567741935483871	0.8903225806451613	0.9806451612903225	0.9741935483870968	1.0
YOL132W	1	1.0	1	0.0	0.0	993.0	52.0	993.0	52.0	993.0	52.0	1.0	1.0	1.0	1.0	1.0	1.0
YOL133W	210	658.0	36	16.0	72.0	923.0	2077.0	50.24000000000001	369.0	116.75999999999885	402.0	0.939209726443769	0.3860182370820669	0.9817629179331308	0.4726443768996961	0.993920972644377	0.9544072948328267
YOL135C	254	328.0	9	15.5	80.0	74.0	243.0	59.0	163.0	65.65999999999991	167.0	0.8170731707317073	0.3445121951219512	1.0	0.6859756097560976	1.0	0.8841463414634146
YOL136C	236	1785.0	384	48.0	1.0	323.0	474.0	270.0	352.0	275.57500000000005	359.4333333333334	0.511484593837535	0.9523809523809523	0.9831932773109243	0.9764705882352941	0.9971988795518207	0.9809523809523809
YOL137W	134	542.0	104	13.0	39.0	480.0	334.0	92.0	302.0	96.0	304.77333333333337	0.6826568265682657	0.5313653136531366	0.9575645756457565	0.8136531365313653	0.9981549815498155	0.996309963099631
YOL138C	3	3.0	1	14.25	18.75	71.0	62.0	71.0	62.0	71.0	62.0	1.0	1.0	1.0	1.0	1.0	1.0
YOL139C	454	2162.0	76	32.0	8.0	146.0	151.0	88.0	136.0	114.2533333333334	145.0	0.6160962072155411	0.8385753931544866	0.9856614246068455	0.9976873265494912	1.0	0.9990749306197965
YOL140W	188	282.0	17	600.0	8.0	2347.0	178.0	2037.5999999999963	169.0	2345.0	177.18	0.4078014184397163	0.925531914893617	0.5460992907801419	0.9361702127659575	0.5673758865248227	1.0
YOL141W	13	17.0	2	1.0	786.1666666666715	46.0	1660.0	46.0	1634.8	46.0	1660.0	1.0	0.5294117647058824	1.0	0.5294117647058824	1.0	0.5882352941176471
YOL142W	102	253.0	17	10.0	11.0	226.0	146.0	31.549999999999983	110.69999999999999	141.93999999999988	117.365	0.9486166007905138	0.8616600790513834	0.9881422924901185	0.9881422924901185	0.9881422924901185	1.0
YOL143C	260	3343.0	588	8.0	0.0	264.0	1069.0	67.0	109.0	90.0	112.0	0.8926114268620999	0.9398743643434041	0.9898294944660485	0.9940173496859108	0.9970086748429554	0.9979060723900688
YOL144W	127	497.0	91	4.235294117650483	1.0	834.0	95.0	61.0	79.0	87.07599999999975	91.37333333333329	0.8189134808853119	0.9456740442655935	0.993963782696177	1.0	0.993963782696177	1.0
YOL145C	4	7.0	3	4.75	23.5	53.0	141.0	53.0	141.0	53.0	141.0	1.0	0.5714285714285714	1.0	1.0	1.0	1.0
YOL146W	41	71.0	12	0.0	31.0	1061.0	795.0	1046.0	95.63333333333334	1060.3700000000001	527.460000000008	0.9436619718309859	0.7183098591549296	0.9436619718309859	0.9859154929577465	0.9436619718309859	0.9859154929577465
YOL147C	410	2313.0	116	12.0	8.0	706.0	224.0	49.0	155.0	64.0	196.0	0.9299610894941635	0.7505404236921747	0.9930825767401643	0.9865974924340684	0.9974059662775616	1.0
YOL151W	73	128.0	16	10.0	2.0	85.0	146.0	31.0	78.1	80.32	88.19999999999999	0.9765625	0.9921875	0.984375	0.9921875	1.0	1.0
YOL152W	49	145.0	24	3.0	2.642857142855064	209.0	685.0	39.0	164.0	204.25000000000006	244.20000000000528	0.9448275862068966	0.9310344827586207	0.9724137931034482	0.9724137931034482	0.9793103448275862	0.993103448275862
YOL154W	49	70.0	11	905.0	11.0	1191.0	290.0	1140.0	149.0	1191.0	249.0	0.15714285714285714	0.7571428571428571	0.15714285714285714	0.9428571428571428	0.17142857142857143	0.9714285714285714
YOL155C	26	51.0	12	0.0	16.125	78.0	187.0	62.0	166.0	78.0	186.79000000000005	0.9607843137254902	0.7843137254901961	1.0	0.9019607843137255	1.0	1.0
YOL157C	19	25.0	3	167.75	47.0	550.0	151.0	466.0	151.0	550.0	151.0	0.52	0.44	0.56	0.88	0.72	1.0
YOL158C	488	1355.0	97	104.0	30.0	672.0	502.0	261.0	329.0	334.5571428571429	472.0	0.22730627306273063	0.5697416974169742	0.31808118081180814	0.803690036900369	0.6642066420664207	0.8398523985239852
YOL159C	216	430.0	38	48.5	33.0	286.0	1724.0	227.0	186.0	241.79999999999995	208.39999999999992	0.5790697674418605	0.3953488372093023	0.7813953488372093	0.8558139534883721	0.9162790697674419	0.8906976744186047
YOL159C-A	166	511.0	89	62.0	5.0	301.0	922.0	97.94999999999999	550.0	128.16999999999996	671.0	0.5166340508806262	0.9217221135029354	0.5870841487279843	0.9706457925636007	1.0	0.974559686888454
YOL160W	6	18.0	16	92.35661764705947	21.161764705882888	302.0	171.0	263.5999999999998	160.55	302.0	160.91	0.8888888888888888	0.8888888888888888	0.8888888888888888	0.9444444444444444	0.8888888888888888	0.9444444444444444
YOL162W	2	5.0	3	47.70000000000073	0.0	76.0	121.0	76.0	121.0	76.0	121.0	0.6	1.0	0.6	1.0	1.0	1.0
YOL163W	11	13.0	2	172.0	29.0	820.0	428.0	818.95	419.9	820.0	428.0	0.15384615384615385	0.23076923076923078	0.46153846153846156	0.8461538461538461	0.7692307692307693	0.9230769230769231
YOL164W	14	16.0	2	38.5	54.0	278.0	190.0	278.0	189.7	278.0	190.0	0.375	0.4375	0.75	0.625	0.875	1.0
YOR001W	176	700.0	55	26.0	18.0	49.0	311.0	45.0	132.0	45.0	236.66666666666666	0.6942857142857143	0.7414285714285714	1.0	0.9285714285714286	1.0	0.9742857142857143
YOR002W	280	826.0	98	16.0	96.40000000002328	112.0	438.0	81.0	418.0	100.72000000000003	423.0	0.8353510895883777	0.41767554479418884	0.9782082324455206	0.6537530266343826	1.0	0.7530266343825666
YOR003W	55	318.0	106	0.0	4.0	76.0	304.0	67.0	183.64999999999998	76.0	213.0	0.8930817610062893	0.9842767295597484	0.9716981132075472	0.9968553459119497	1.0	0.9968553459119497
YOR004W	166	874.0	142	18.0	9.0	85.0	382.0	53.0	186.0	65.0	197.1199999999999	0.9302059496567505	0.9050343249427918	1.0	0.9897025171624714	1.0	0.9988558352402745
YOR005C	17	23.0	2	18.33333333331393	9.0	50.0	116.0	50.0	116.0	50.0	116.0	0.9130434782608695	1.0	1.0	1.0	1.0	1.0
YOR006C	229	635.0	74	24.0	21.0	76.0	636.0	67.0	134.0625	69.14999999999998	176.4333333333333	0.5448818897637795	0.6708661417322834	1.0	0.8409448818897638	1.0	0.984251968503937
YOR007C	800	5041.0	332	14.0	54.0	172.0	328.0	60.0	227.0	75.0	253.0	0.8109502082920056	0.5903590557429081	0.9091450109105337	0.652053164054751	0.9988097599682603	0.9283872247569926
YOR008C	304	699.0	31	29.0	26.5	365.0	378.0	258.0	331.0	268.6299999999999	347.01599999999996	0.6094420600858369	0.6866952789699571	0.9599427753934192	0.9413447782546495	0.9899856938483548	0.994277539341917
YOR008W-B	42	41.0	2	550.875	8.0	1092.0	1917.0	1049.0	1914.25	1092.0	1917.0	0.0975609756097561	0.926829268292683	0.14634146341463414	0.926829268292683	0.17073170731707318	0.926829268292683
YOR009W	41	43.0	2	582.75	8.0	1498.0	149.0	1438.1000000000001	145.75	1498.0	149.0	0.09302325581395349	1.0	0.13953488372093023	1.0	0.18604651162790697	1.0
YOR010C	25	27.0	3	315.0	19.0	1189.0	114.0	411.0	112.25	978.9400000000003	114.0	0.25925925925925924	0.8888888888888888	0.3333333333333333	1.0	0.3333333333333333	1.0
YOR012W	52	238.0	34	27.0	3.0	257.0	374.0	64.0	337.0	67.0	344.96000000000015	0.5756302521008403	0.9915966386554622	1.0	1.0	1.0	1.0
YOR013W	70	253.0	34	27.0	3.0	465.0	109.0	272.0	72.0	275.0	75.91	0.541501976284585	0.9920948616600791	0.9525691699604744	1.0	0.9525691699604744	1.0
YOR014W	97	312.0	42	4.5	149.0	275.0	570.0	261.69999999999993	510.0	271.9	547.2199999999999	0.8717948717948718	0.4583333333333333	0.9903846153846154	0.46474358974358976	0.9903846153846154	0.5961538461538461
YOR015W	210	418.0	42	2043.0	7.0	2594.0	166.0	2578.581818181818	110.0	2585.88	141.07999999999987	0.3923444976076555	0.7583732057416268	0.4449760765550239	0.7679425837320574	0.4449760765550239	0.9904306220095693
YOR016C	377	2006.0	90	39.25925925927004	11.0	157.0	735.0	138.0	157.0	144.0	286.0	0.5663010967098704	0.9621136590229312	0.7886340977068793	0.9810568295114656	1.0	0.9835493519441675
YOR017W	19	24.0	3	20.0	46.66666666668607	201.0	239.0	115.59999999999965	226.74999999999994	201.0	239.0	0.7916666666666666	0.20833333333333334	0.9583333333333334	0.5416666666666666	0.9583333333333334	1.0
YOR018W	14	19.0	2	10.625	15.91666666668607	75.0	185.0	67.35000000000001	176.0	75.0	185.0	0.7894736842105263	0.8421052631578947	0.9473684210526315	0.9473684210526315	1.0	1.0
YOR020C	460	6113.0	2093	0.0	0.0	193.0	1904.0	73.0	115.0	83.0	130.3699999999999	0.8656960575822019	0.9842957631277605	0.9921478815638802	0.9911663667593653	1.0	0.9916571241616228
YOR020W-A	267	1924.0	252	57.0	0.0	566.0	559.0	220.0	183.0	220.0	206.03999999999996	0.6138253638253638	0.9480249480249481	0.7453222453222453	0.9896049896049897	0.7843035343035343	0.997920997920998
YOR021C	396	2363.0	213	14.0	21.0	2438.0	738.0	53.0	157.0	191.38799999999645	370.0	0.8679644519678374	0.6165890816758358	0.9881506559458316	0.9576809140922556	0.988573846804909	0.9813796022005925
YOR022C	24	42.0	6	12.0	55.66666666668607	33.0	1065.0	30.0	502.19999999999874	33.0	1065.0	1.0	0.6666666666666666	1.0	0.7619047619047619	1.0	0.7619047619047619
YOR023C	88	278.0	57	29.0	0.0	341.0	78.0	128.5999999999998	66.0	175.48	72.71999999999997	0.45323741007194246	0.9928057553956835	0.8093525179856115	1.0	0.9820143884892086	1.0
YOR024W	1	1.0	1	0.0	0.0	155.0	1542.0	155.0	1542.0	155.0	1542.0	1.0	1.0	1.0	1.0	1.0	1.0
YOR025W	212	1015.0	141	21.0	0.0	527.0	1446.0	76.0	292.1	79.70000000000005	1427.4	0.7034482758620689	0.8689655172413793	0.929064039408867	0.9251231527093596	0.9980295566502463	0.929064039408867
YOR026W	69	125.0	19	627.5	0.0	1628.0	203.0	1581.0	202.0	1616.0	202.25	0.432	0.904	0.624	0.936	0.632	0.936
YOR027W	787	5177.0	150	63.0	23.0	124.0	529.0	99.0	165.0	101.0	267.0	0.5738844890863435	0.5051187946687271	0.6358895112999807	0.9472667568089628	0.9990341896851458	0.9876376279698668
YOR028C	51	178.0	31	46.92307692306349	0.0	822.0	347.0	292.0	326.46666666666664	619.2799999999995	341.79999999999995	0.6179775280898876	0.9550561797752809	0.7303370786516854	0.9662921348314607	0.8651685393258427	0.9662921348314607
YOR030W	51	74.0	4	26.0	292.66666666668607	305.0	871.0	118.79999999999998	848.0	262.7600000000009	866.2	0.9324324324324325	0.36486486486486486	0.972972972972973	0.4189189189189189	0.9864864864864865	0.4189189189189189
YOR032C	43	70.0	5	22.428571428579744	0.0	224.0	315.0	218.0	234.5	224.0	315.0	0.5571428571428572	0.9142857142857143	0.7571428571428571	0.9142857142857143	1.0	0.9142857142857143
YOR032W-A	47	56.0	3	1268.0	45.0	2670.0	525.0	2561.8	501.5999999999999	2669.46	525.0	0.05357142857142857	0.05357142857142857	0.05357142857142857	0.08928571428571429	0.05357142857142857	0.08928571428571429
YOR033C	152	330.0	30	94.0	37.0	728.0	190.0	154.0	97.0	489.19999999999965	116.39999999999986	0.5363636363636364	0.6363636363636364	0.6333333333333333	0.9878787878787879	0.9363636363636364	0.9939393939393939
YOR034C	121	231.0	14	41.0	3.0	1758.0	265.0	445.04999999999933	129.0	1263.2099999999991	214.5533333333333	0.5151515151515151	0.8917748917748918	0.7445887445887446	0.9523809523809523	0.8787878787878788	0.9826839826839827
YOR034C-A	53	50.0	3	1743.0	212.0	2631.0	2718.0	2469.0	2697.0	2631.0	2718.0	0.3	0.2	0.3	0.3	0.3	0.34
YOR035C	73	129.0	8	12.5	28.0	1330.0	546.0	33.0	441.65	1326.05	495.4399999999996	0.9689922480620154	0.5503875968992248	0.9767441860465116	0.8527131782945736	0.9767441860465116	0.8604651162790697
YOR036W	51	150.0	25	8.0	0.0	57.0	1543.0	30.0	94.2	47.0	1485.6666666666667	0.9933333333333333	0.9333333333333333	1.0	0.9733333333333334	1.0	0.9733333333333334
YOR037W	62	106.0	18	52.0	12.0	1227.0	177.0	140.99999999999898	163.0	1224.0133333333333	171.95999999999998	0.33962264150943394	0.6981132075471698	0.5849056603773585	0.7830188679245284	0.9528301886792453	1.0
YOR038C	47	235.0	123	0.0	0.0	77.0	195.0	71.27272727272727	102.0	75.88333333333334	123.0	0.9361702127659575	0.9617021276595744	1.0	0.9787234042553191	1.0	1.0
YOR039W	290	1932.0	276	12.0	0.0	200.0	472.0	166.0	300.0	166.0	322.0	0.9684265010351967	0.8737060041407867	0.9803312629399586	0.9560041407867494	0.9891304347826086	0.9824016563146998
YOR040W	35	39.0	3	47.0	301.0	740.0	497.0	452.4666666666658	349.0	740.0	497.0	0.41025641025641024	0.07692307692307693	0.8974358974358975	0.07692307692307693	0.8974358974358975	0.10256410256410256
YOR041C	19	21.0	7	144.94444444443798	112.71428571426077	1237.0	469.0	1236.8111111111111	464.1875	1237.0	469.0	0.5238095238095238	0.3333333333333333	0.6666666666666666	0.38095238095238093	0.6666666666666666	0.6190476190476191
YOR042W	328	862.0	47	36.0	129.0	352.0	735.0	66.59999999999991	224.0	111.0	347.0	0.6577726218097448	0.27726218097447797	0.9675174013921114	0.3352668213457077	0.9976798143851509	0.5023201856148491
YOR043W	662	4123.0	460	24.0	48.0	1767.0	1490.0	447.0	161.0	645.0	167.0	0.5905893766674751	0.690516614115935	0.8384671355808877	0.7560029105020616	0.9548872180451128	0.7591559544021343
YOR044W	89	120.0	11	11.0	55.0	3296.0	351.0	299.0	228.0	2925.8666666666613	345.8666666666667	0.6416666666666667	0.5416666666666666	0.875	0.7083333333333334	0.925	0.95
YOR045W	795	6726.0	809	35.0	21.0	68.0	460.0	57.0	237.0	59.0	321.9599999999991	0.5214094558429974	0.736544751709783	0.9878085043116265	0.8025572405590247	1.0	0.9711567053226287
YOR046C	347	3416.0	398	10.0	18.0	221.0	346.0	49.0	88.0	59.78000000000005	99.0	0.9730679156908665	0.8155737704918032	0.9953161592505855	0.9903395784543325	0.9959016393442623	0.9912177985948478
YOR047C	64	136.0	20	21.0	10.0	1620.0	190.0	592.0666666666665	177.0	1427.359999999997	178.81999999999982	0.7941176470588235	0.9926470588235294	0.8529411764705882	1.0	0.8970588235294118	1.0
YOR048C	83	147.0	16	26.0	30.5	76.0	885.0	70.15	246.90000000000003	71.15	278.7500000000007	0.5782312925170068	0.7142857142857143	1.0	0.7687074829931972	1.0	0.8095238095238095
YOR049C	82	182.0	32	8.0	150.0	257.0	712.0	217.60000000000002	294.00000000000017	237.08000000000004	699.7	0.1813186813186813	0.2692307692307692	0.1813186813186813	0.2692307692307692	0.9175824175824175	0.2692307692307692
YOR050C	7	10.0	3	981.0	41.66666666668607	1534.0	417.0	1534.0	417.0	1534.0	417.0	0.3	0.6	0.3	0.7	0.3	0.7
YOR051C	146	182.0	10	43.0	25.66666666668607	207.0	993.0	103.20000000000005	231.4	196.36	771.0400000000016	0.5	0.5769230769230769	0.8241758241758241	0.6538461538461539	0.978021978021978	0.9835164835164835
YOR052C	131	198.0	30	22.0	14.0	213.0	384.0	203.2	275.4	213.0	382.08000000000004	0.47474747474747475	0.8282828282828283	0.8434343434343434	0.9646464646464646	0.9494949494949495	0.9797979797979798
YOR054C	65	173.0	26	15.25	6.0	211.0	84.0	169.6333333333333	82.0	196.0	84.0	0.8554913294797688	0.9884393063583815	0.9710982658959537	0.9884393063583815	0.9942196531791907	1.0
YOR055W	2	1.0	1	70.0	0.0	435.0	247.0	421.0	247.0	432.2	247.0	1.0	1.0	1.0	1.0	1.0	1.0
YOR056C	95	716.0	207	8.0	1.0	125.0	66.0	109.0	59.0	118.35000000000008	59.865	0.8715083798882681	1.0	0.9860335195530726	1.0	1.0	1.0
YOR057W	104	371.0	55	16.0	4.0	392.0	478.0	77.93333333333332	81.0	243.0600000000003	129.0	0.7601078167115903	0.9784366576819407	0.967654986522911	0.9919137466307277	0.9838274932614556	0.9973045822102425
YOR058C	21	25.0	2	17.16666666668607	68.0	154.0	332.0	154.0	332.0	154.0	332.0	0.92	0.36	0.92	0.72	1.0	1.0
YOR059C	99	218.0	34	862.0	19.0	1015.0	361.0	942.0	98.89999999999993	962.0	348.41333333333324	0.6376146788990825	0.8486238532110092	0.6743119266055045	0.9541284403669725	0.6788990825688074	0.9862385321100917
YOR060C	125	314.0	34	0.0	728.5999999999767	110.0	1605.0	46.80000000000001	1571.0	57.0	1601.064	0.9522292993630573	0.39171974522292996	0.9968152866242038	0.44904458598726116	1.0	0.46496815286624205
YOR061W	286	860.0	89	24.0	15.0	235.0	3420.0	163.0	242.2	168.0	252.0	0.6162790697674418	0.8220930232558139	0.9709302325581395	0.958139534883721	0.9965116279069768	0.9965116279069768
YOR062C	27	19.0	3	501.16666666668607	9.0	959.0	90.0	894.2	87.9	959.0	90.0	0.2631578947368421	0.9473684210526315	0.3157894736842105	1.0	0.3157894736842105	1.0
YOR063W	772	126274.0	52164	0.0	0.0	3315.0	1351.0	36.0	124.0	55.0	124.04007812499998	0.9463626716505377	0.9977113261637391	0.994987091562792	0.9983131919476693	0.9993585377829165	0.9988437841519235
YOR064C	116	260.0	25	46.70000000001164	3.0	1579.0	221.0	76.0	114.0	1122.599999999986	196.5999999999999	0.28076923076923077	0.8692307692307693	0.75	0.9807692307692307	0.9807692307692307	0.9807692307692307
YOR065W	136	392.0	51	86.0	489.0	372.0	545.0	351.0	537.0	372.0	545.0	0.13520408163265307	0.3163265306122449	0.13520408163265307	0.34183673469387754	0.14285714285714285	0.34183673469387754
YOR066W	57	69.0	4	119.25	43.0	246.0	280.0	235.49999999999997	267.34999999999997	246.0	275.86	0.5072463768115942	0.5507246376811594	0.5217391304347826	0.8985507246376812	0.6811594202898551	0.9855072463768116
YOR067C	135	498.0	77	17.0	13.0	105.0	141.0	71.0	125.0	102.02999999999997	133.0	0.9437751004016064	0.7530120481927711	0.963855421686747	0.8975903614457831	1.0	1.0
YOR068C	2	1.0	1	293.5	93.5	1807.0	209.0	1748.3	209.0	1795.26	209.0	1.0	1.0	1.0	1.0	1.0	1.0
YOR069W	150	399.0	25	23.16666666668607	10.0	332.0	197.0	103.0	180.04999999999995	201.69999999999936	192.0	0.6516290726817042	0.8295739348370927	0.9649122807017544	0.8696741854636592	0.9874686716791979	1.0
YOR070C	114	250.0	15	11.0	20.0	580.0	1061.0	177.0	140.0	209.0	326.0	0.716	0.604	0.908	0.848	0.996	0.972
YOR071C	119	167.0	4	61.0	54.5	474.0	922.0	458.15	743.45	470.1	833.9200000000003	0.38323353293413176	0.5808383233532934	0.4550898203592814	0.7425149700598802	0.8143712574850299	0.8083832335329342
YOR072W	2	2.0	1	731.0	125.0	731.0	486.0	731.0	486.0	731.0	486.0	0.5	0.5	0.5	0.5	0.5	0.5
YOR072W-A	2	2.0	1	731.0	125.0	1020.0	263.0	1020.0	263.0	1020.0	263.0	0.5	0.5	0.5	0.5	0.5	0.5
YOR073W	145	292.0	17	37.0	22.0	100.0	246.0	86.0	152.0	91.4799999999999	213.89999999999972	0.547945205479452	0.1917808219178082	0.9143835616438356	0.7123287671232876	1.0	0.976027397260274
YOR074C	292	1130.0	93	25.0	33.0	399.0	731.0	85.0	146.0	274.0000000000057	224.0	0.5690265486725664	0.4044247787610619	0.9699115044247788	0.9539823008849557	0.988495575221239	0.9858407079646018
YOR075W	44	171.0	54	11.0	0.0	423.0	106.0	122.8499999999994	67.08333333333331	420.31999999999994	68.0	0.935672514619883	1.0	0.9473684210526315	1.0	0.9473684210526315	1.0
YOR076C	9	13.0	5	25.58333333331393	9.41666666668607	41.0	96.0	39.7	96.0	40.739999999999995	96.0	0.6923076923076923	1.0	1.0	1.0	1.0	1.0
YOR077W	65	228.0	71	0.0	19.0	74.0	888.0	74.0	844.0	74.0	847.7511111111111	0.9078947368421053	0.7850877192982456	1.0	0.9166666666666666	1.0	0.9254385964912281
YOR078W	395	1491.0	76	60.0	19.0	900.0	1206.0	864.0	72.0	899.295	93.53999999999951	0.5620389000670691	0.8128772635814889	0.7142857142857143	0.9825620389000671	0.8135479543930249	0.9979879275653923
YOR079C	104	342.0	75	30.0	60.0	336.0	320.0	82.79999999999995	137.0	247.9599999999994	172.0	0.5029239766081871	0.6695906432748538	0.9736842105263158	0.6929824561403509	0.9853801169590644	0.9941520467836257
YOR080W	22	25.0	3	20.0	23.125	59.0	387.0	35.0	280.5	59.0	387.0	0.96	0.64	1.0	0.8	1.0	0.88
YOR081C	216	541.0	30	12.0	65.0	344.0	428.0	61.81666666666664	177.49999999999932	95.68000000000272	385.42000000000013	0.944547134935305	0.3900184842883549	0.988909426987061	0.5822550831792976	0.9907578558225508	0.9593345656192237
YOR083W	157	473.0	56	16.0	9.0	1529.0	1410.0	111.0999999999998	1392.0	168.0	1403.77	0.6744186046511628	0.8160676532769556	0.959830866807611	0.828752642706131	0.9936575052854123	0.828752642706131
YOR084W	543	1134.0	56	731.0	10.0	2583.0	81.0	1154.4	64.0	1172.2000000000016	74.0	0.23544973544973544	0.9788359788359788	0.3342151675485009	1.0	0.3474426807760141	1.0
YOR085W	130	452.0	48	4.695652173890267	14.0	115.0	1432.0	67.79999999999995	158.0	92.0	169.84000000000015	0.9734513274336283	0.7566371681415929	0.9977876106194691	0.9845132743362832	1.0	0.9911504424778761
YOR086C	15	25.0	5	4.5	5.0	206.0	140.0	202.25	136.16666666666666	206.0	140.0	1.0	0.76	1.0	1.0	1.0	1.0
YOR087W	76	138.0	9	12.0	15.0	96.0	151.0	92.0	140.43999999999997	92.48000000000002	151.0	0.8913043478260869	0.8260869565217391	0.9637681159420289	0.9710144927536232	1.0	1.0
YOR089C	264	323.0	7	22.0	108.5	2138.0	316.0	699.2999999999994	315.84999999999997	2103.1799999999994	316.0	0.6408668730650154	0.4086687306501548	0.9102167182662538	0.49226006191950467	0.9380804953560371	0.7492260061919505
YOR090C	221	625.0	31	44.0	16.0	355.0	1243.0	209.0	288.0	311.0	1088.25	0.5088	0.8896	0.9248	0.8912	0.9552	0.8912
YOR091W	331	1957.0	302	10.900000000023283	0.0	2306.0	498.0	352.0	458.0	365.0	459.0	0.8421052631578947	0.8916709248850281	0.9064895247828308	0.9172202350536536	0.9151762902401636	0.941747572815534
YOR092W	141	316.0	25	156.0	18.0	265.0	433.0	238.0	214.0	256.84	263.76	0.25949367088607594	0.879746835443038	0.5189873417721519	0.9683544303797469	0.6930379746835443	0.9936708860759493
YOR094W	146	400.0	33	15.0	34.0	108.0	3511.0	108.0	320.0	108.0	1915.8	0.855	0.675	0.9875	0.9175	1.0	0.9325
YOR095C	460	1594.0	321	10.0	47.0	782.0	763.0	161.0	536.0	167.0	702.0933333333327	0.7183186951066499	0.6480552070263488	0.8036386449184442	0.8375156838143036	0.9937264742785445	0.9040150564617315
YOR096W	1063	58674.0	16482	16.0	0.0	3097.0	254.0	61.0	90.50008583690986	91.0	109.0	0.7941507311586051	0.9663053481951119	0.9693561032143709	0.999437570303712	0.9992841803865425	0.9999659133517401
YOR097C	201	681.0	91	21.0	0.0	1231.0	412.0	126.0	235.0	179.37999999999988	256.0	0.737151248164464	0.8120411160058737	0.869309838472834	0.8267254038179148	0.973568281938326	0.8781204111600588
YOR098C	50	57.0	3	14.0	59.0	105.0	298.0	105.0	208.89999999999992	105.0	294.15	0.5964912280701754	0.38596491228070173	0.9824561403508771	0.5263157894736842	1.0	0.9649122807017544
YOR099W	225	743.0	80	56.0	5.0	205.0	202.0	196.4666666666667	154.0	200.0	191.07000000000005	0.6312247644683715	0.8977119784656796	0.6608344549125168	0.9394347240915208	0.8519515477792732	0.9946164199192463
YOR100C	11	13.0	2	111.33333333331393	13.25	2079.0	308.0	1828.1999999999994	303.7	2079.0	308.0	0.46153846153846156	0.6923076923076923	0.46153846153846156	0.9230769230769231	0.6923076923076923	1.0
YOR101W	204	713.0	79	8.0	4.0	122.0	352.0	94.0	295.0	110.0	320.0	0.9270687237026648	0.8583450210378681	0.9845722300140253	0.9214586255259467	1.0	0.9803646563814866
YOR103C	477	7657.0	1283	8.0	0.0	603.0	389.0	79.0	91.0	414.7900000000009	98.0	0.865874363327674	0.9949066213921901	0.9789734883113491	0.9973880109703539	0.9815854773409952	1.0
YOR104W	208	466.0	42	146.0	97.0	616.0	1596.0	201.59999999999997	549.0	253.0	1591.0	0.6802575107296137	0.43991416309012876	0.6909871244635193	0.48283261802575106	0.6931330472103004	0.8476394849785408
YOR105W	273	539.0	42	112.0	97.0	1169.0	1565.0	750.0	522.0	806.0	1560.0	0.5899814471243042	0.4489795918367347	0.6103896103896104	0.5009276437847866	0.6252319109461967	0.8515769944341373
YOR106W	47	187.0	64	19.0	0.0	1670.0	384.0	1008.0000000000016	109.0	1503.15	117.25999999999999	0.8021390374331551	0.9946524064171123	0.9411764705882353	0.9946524064171123	0.946524064171123	0.9946524064171123
YOR107W	71	111.0	9	13.0	31.0	334.0	412.0	291.0	410.74999999999994	321.19	412.0	0.8738738738738738	0.4774774774774775	0.972972972972973	0.8378378378378378	0.9819819819819819	0.9459459459459459
YOR108W	441	1591.0	79	54.0	100.0	164.0	259.0	102.9333333333331	188.0	109.35999999999967	195.0	0.3871778755499686	0.316781898177247	0.7291011942174733	0.3771213073538655	0.9956002514142049	0.8711502199874293
YOR109W	39	51.0	6	41.0	10.5	181.0	234.0	154.0	221.0	180.82000000000005	234.0	0.47058823529411764	0.8627450980392157	0.9215686274509803	1.0	1.0	1.0
YOR110W	91	153.0	10	22.0	34.0	143.0	250.0	132.98	159.9999999999999	142.95499999999998	249.64666666666668	0.673202614379085	0.4117647058823529	0.9411764705882353	0.9281045751633987	1.0	0.9803921568627451
YOR111W	41	61.0	6	31.25	14.0	96.0	2733.0	79.99999999999997	332.0	95.34	2469.990000000001	0.45901639344262296	0.9180327868852459	0.9016393442622951	0.9836065573770492	1.0	0.9836065573770492
YOR112W	63	183.0	15	9.0	4.0	1109.0	130.0	88.0	82.0	208.1466666666582	98.47999999999986	0.8797814207650273	0.9617486338797814	0.9672131147540983	0.994535519125683	0.994535519125683	1.0
YOR113W	3	4.0	2	38.0	65.0	117.0	223.0	117.0	223.0	117.0	223.0	0.5	0.75	1.0	0.75	1.0	0.75
YOR114W	58	74.0	5	67.0	12.0	268.0	1285.0	232.26666666666665	973.8999999999992	266.8	1280.2	0.3108108108108108	0.7837837837837838	0.5945945945945946	0.7837837837837838	0.9864864864864865	0.8513513513513513
YOR115C	126	506.0	193	10.0	0.0	150.0	406.0	71.0	118.0	80.96571428571428	233.9439999999999	0.9011857707509882	0.924901185770751	0.9980237154150198	0.974308300395257	1.0	0.9881422924901185
YOR116C	9	12.0	2	56.0	18.5	268.0	135.0	267.8	135.0	268.0	135.0	0.6666666666666666	0.8333333333333334	0.6666666666666666	1.0	1.0	1.0
YOR117W	461	2232.0	111	32.0	31.0	415.0	215.0	93.0	177.0	101.0	181.0	0.4507168458781362	0.5739247311827957	0.9968637992831542	0.9681899641577061	1.0	0.9995519713261649
YOR118W	150	455.0	36	28.625	24.0	284.0	1038.0	213.25	170.0	256.6666666666666	371.7333333333333	0.7164835164835165	0.8175824175824176	0.9252747252747253	0.9340659340659341	0.9956043956043956	0.9824175824175824
YOR119C	478	712.0	12	217.0	151.0	683.0	1191.0	385.0	1033.9	409.93999999999994	1105.1399999999999	0.20926966292134833	0.32865168539325845	0.29634831460674155	0.5842696629213483	0.351123595505618	0.7387640449438202
YOR120W	617	6334.0	840	0.0	65.32499999995343	701.0	260.0	60.11272727272722	186.0	628.0	186.0	0.8965898326491948	0.40716766656141457	0.9551626144616356	0.6932428165456268	0.9557941269340069	0.998105462582886
YOR121C	1	1.0	1	0.0	0.0	13.0	1551.0	13.0	1551.0	13.0	1551.0	1.0	1.0	1.0	1.0	1.0	1.0
YOR122C	1516	13565.0	517	15.0	51.0	1904.0	366.0	49.0	261.0	52.0	261.0	0.8194618503501658	0.42005160339108	0.9993365278289716	0.6051603391079985	0.9998525617397714	0.9935127165499447
YOR123C	205	922.0	106	16.0	11.0	378.0	1057.0	183.24999999999972	73.0	245.0	171.0399999999995	0.8177874186550976	0.9815618221258134	0.940347071583514	0.9848156182212582	0.9501084598698482	0.9869848156182213
YOR124C	10	22.0	11	2.6666666666278616	2.3333333333721384	123.0	155.0	123.0	113.59999999999991	123.0	155.0	0.8636363636363636	0.9545454545454546	0.8636363636363636	0.9545454545454546	1.0	1.0
YOR125C	146	992.0	175	22.0	0.0	983.0	297.0	68.0	149.0	78.64000000000033	249.0	0.6673387096774194	0.9758064516129032	0.9879032258064516	0.9818548387096774	0.998991935483871	0.9868951612903226
YOR126C	153	450.0	46	6.0	31.0	276.0	1069.0	53.0	127.0	59.333333333333336	152.0	0.8133333333333334	0.7088888888888889	0.9955555555555555	0.9888888888888889	0.9955555555555555	0.9977777777777778
YOR127W	13	18.0	2	438.33333333337214	15.333333333372138	1241.0	188.0	1241.0	188.0	1241.0	188.0	0.5	0.8888888888888888	0.6111111111111112	1.0	0.6666666666666666	1.0
YOR128C	149	376.0	22	14.0	20.0	98.0	152.0	71.0	79.0	83.48000000000002	82.0	0.8457446808510638	0.6648936170212766	0.9813829787234043	0.9946808510638298	1.0	1.0
YOR129C	23	62.0	27	0.0	2.0	103.0	447.0	87.99999999999997	304.4	103.0	431.0400000000003	0.9516129032258065	0.6612903225806451	1.0	0.8548387096774194	1.0	0.9838709677419355
YOR130C	245	735.0	57	77.75	13.0	117.0	506.0	109.0	125.0	109.0	128.0	0.2585034013605442	0.9197278911564626	0.42448979591836733	0.9428571428571428	0.7687074829931972	0.9959183673469387
YOR131C	114	213.0	16	11.333333333372138	21.142857142840512	140.0	136.0	106.05714285714285	109.19999999999993	126.33000000000004	122.44000000000005	0.8356807511737089	0.704225352112676	0.9530516431924883	0.971830985915493	1.0	1.0
YOR132W	222	910.0	133	10.0	39.0	424.0	171.0	108.0	115.0	132.5999999999999	120.0	0.7747252747252747	0.6747252747252748	0.9615384615384616	0.8945054945054945	0.9989010989010989	0.9978021978021978
YOR133W	678	9238.0	938	9.0	10.0	231.0	949.0	87.0	202.0	95.7200000000048	237.0	0.7993072093526737	0.9353756224290972	0.990041134444685	0.9747780904957783	0.9996752543840658	0.9987010175362633
YOR134W	8	8.0	1	621.5	52.5	762.0	371.0	762.0	371.0	762.0	371.0	0.375	0.375	0.375	0.875	0.375	1.0
YOR136W	623	9202.0	1832	7.0	4.0	214.0	521.0	116.0	268.0	119.7466666666666	310.0	0.9353401434470767	0.7616822429906542	0.9485981308411215	0.7887415779178439	0.9993479678330798	0.8467724407737448
YOR137C	10	16.0	5	17.0	1.0	377.0	128.0	374.0	128.0	377.0	128.0	0.8125	0.9375	1.0	1.0	1.0	1.0
YOR138C	137	308.0	19	18.0	6.0	200.0	173.0	82.0	74.0	99.73333333333339	143.0400000000002	0.801948051948052	0.9805194805194806	0.922077922077922	0.987012987012987	0.9967532467532467	0.9967532467532467
YOR139C	2	2.0	1	846.0	19.0	1704.0	62.0	1704.0	62.0	1704.0	62.0	0.5	1.0	0.5	1.0	0.5	1.0
YOR140W	74	147.0	13	128.0	6.0	360.0	705.0	355.1	469.0	359.68666666666667	479.96000000000026	0.48299319727891155	0.7891156462585034	0.7006802721088435	0.9455782312925171	0.7074829931972789	0.9455782312925171
YOR141C	82	206.0	27	7.0	18.0	44.0	549.0	41.0	310.76	41.0	493.32	0.9951456310679612	0.6844660194174758	1.0	0.7864077669902912	1.0	0.7864077669902912
YOR142W	362	1777.0	136	8.0	31.0	265.0	298.0	219.0	255.0	228.0	256.07333333333344	0.76702307259426	0.53404614518852	0.992121553179516	0.9133370849746765	0.9949352841868317	0.9971862689926843
YOR143C	191	746.0	121	17.0	5.0	2209.0	583.0	99.7333333333333	255.0	120.0	420.0	0.9155495978552279	0.8270777479892761	0.9879356568364611	0.8324396782841823	0.9973190348525469	0.8337801608579088
YOR144C	53	77.0	6	55.75	13.0	99.0	311.0	73.0	168.0	82.0	304.3400000000001	0.36363636363636365	0.2857142857142857	0.7012987012987013	0.922077922077922	1.0	0.961038961038961
YOR145C	260	817.0	90	16.0	4.0	93.0	222.0	67.5375	128.19999999999996	79.41500000000002	155.49000000000012	0.8164014687882497	0.9253365973072215	0.9730722154222766	0.9510403916768666	1.0	0.9914320685434517
YOR146W	2	4.0	2	98.0	206.0	178.0	263.0	178.0	263.0	178.0	263.0	0.5	0.5	0.5	0.5	1.0	0.5
YOR147W	83	250.0	42	1.8888888888759539	9.0	101.0	191.0	51.0	191.0	86.16666666666667	191.0	0.944	0.856	0.984	0.856	1.0	0.884
YOR148C	219	592.0	32	25.0	1.0	54.0	232.0	49.2375	92.0	51.432000000000016	130.64000000000033	0.793918918918919	0.8817567567567568	1.0	0.9915540540540541	1.0	0.9966216216216216
YOR149C	297	780.0	27	22.0	126.0	374.0	703.0	71.0	463.0	339.2000000000003	468.0	0.6525641025641026	0.2794871794871795	0.9692307692307692	0.3487179487179487	0.9717948717948718	0.6692307692307692
YOR150W	193	2164.0	716	0.7692307692486793	9.0	107.0	168.0	44.0	112.0	50.0	119.0	0.9801293900184843	0.9833641404805915	1.0	0.9907578558225508	1.0	1.0
YOR151C	41	53.0	5	17.0	291.0	320.0	466.0	304.25	360.8999999999999	319.76	463.7199999999999	0.8113207547169812	0.3584905660377358	0.9433962264150944	0.39622641509433965	0.9622641509433962	0.39622641509433965
YOR152C	107	146.0	9	414.0	107.0	819.0	380.0	610.5	279.0	780.5999999999997	324.9999999999997	0.22602739726027396	0.6917808219178082	0.5958904109589042	0.6986301369863014	0.6027397260273972	0.7191780821917808
YOR153W	2	2.0	1	13.0	0.0	166.0	137.0	166.0	137.0	166.0	137.0	1.0	1.0	1.0	1.0	1.0	1.0
YOR154W	52	70.0	4	37.0	11.0	198.0	173.0	63.0	164.0	175.79999999999967	172.8	0.4714285714285714	0.6428571428571429	0.9857142857142858	1.0	0.9857142857142858	1.0
YOR155C	96	157.0	10	26.0	29.0	765.0	196.0	45.0	125.65	361.6800000000012	168.25333333333342	0.5732484076433121	0.6624203821656051	0.9745222929936306	0.8789808917197452	0.9745222929936306	1.0
YOR156C	30	55.0	10	17.0	2.0	176.0	347.0	173.5	260.0	176.0	342.65000000000026	0.8	0.9636363636363636	1.0	0.9636363636363636	1.0	1.0
YOR157C	646	3582.0	446	8.0	72.0	130.0	316.0	86.0	142.0	110.0	148.0	0.7828029034059185	0.6761585706309324	0.9695700725851479	0.7099385817978783	1.0	0.9963707426018984
YOR158W	310	1801.0	187	9.0	48.0	90.0	825.0	69.0	150.0	85.0	152.0	0.8423098278734037	0.569683509161577	0.9844530816213215	0.7723486951693503	1.0	0.863964464186563
YOR159C	328	584.0	60	27.0	59.0	126.0	1240.0	90.0	286.0	98.0	726.8666666666666	0.6541095890410958	0.523972602739726	0.9863013698630136	0.6301369863013698	1.0	0.839041095890411
YOR160W	36	78.0	10	26.0	17.0	99.0	145.0	77.49999999999999	95.0	98.16	130.99999999999994	0.6025641025641025	0.9487179487179487	0.9871794871794872	0.9743589743589743	1.0	1.0
YOR161C	50	67.0	6	30.25	32.0	180.0	195.0	165.0	195.0	178.29999999999998	195.0	0.6716417910447762	0.582089552238806	0.7761194029850746	0.7761194029850746	0.8805970149253731	0.8805970149253731
YOR161C-C	6	5.0	1	737.5	45.0	1353.0	460.0	1353.0	460.0	1353.0	460.0	0.2	0.6	0.2	0.8	0.2	1.0
YOR161W-A	50	74.0	13	78.0	2.0	561.0	1244.0	548.2666666666667	1243.0666666666666	561.0	1244.0	0.33783783783783783	0.7972972972972973	0.43243243243243246	0.8918918918918919	0.8783783783783784	1.0
YOR161W-B	51	74.0	13	78.0	2.0	962.0	663.0	949.2666666666667	662.0666666666666	962.0	663.0	0.33783783783783783	0.7972972972972973	0.43243243243243246	0.8918918918918919	0.8783783783783784	1.0
YOR162C	56	71.0	4	53.199999999953434	13.75	492.0	212.0	435.70000000000005	162.0	489.62000000000006	201.5000000000003	0.11267605633802817	0.7464788732394366	0.49295774647887325	0.9295774647887324	0.7605633802816901	1.0
YOR163W	216	1512.0	213	17.0	5.0	395.0	1548.0	61.0	88.0	75.24470588235238	251.95199999999994	0.875	0.9464285714285714	0.9947089947089947	0.9808201058201058	0.996031746031746	0.9834656084656085
YOR164C	249	658.0	42	21.0	83.0	59.0	285.0	45.0	257.0	52.83999999999992	274.4533333333332	0.5531914893617021	0.46048632218844987	1.0	0.6337386018237082	1.0	0.993920972644377
YOR165W	147	865.0	243	9.0	0.0	106.0	2133.0	58.0	176.0	103.0	268.85	0.9017341040462428	0.8023121387283237	0.9815028901734104	0.8277456647398844	1.0	0.9884393063583815
YOR166C	52	85.0	9	29.0	43.5	184.0	238.0	58.25	228.0	143.05000000000067	238.0	0.5411764705882353	0.43529411764705883	0.9411764705882353	0.9411764705882353	0.9882352941176471	1.0
YOR167C	605	14533.0	2609	8.0	6.0	73.0	241.0	27.0	139.0	46.0	165.0	0.9774994839331177	0.9717883437693525	0.9982797770591069	0.9972476432945709	1.0	0.9998623821647286
YOR168W	91	314.0	49	8.0	7.0	42.0	192.0	34.0	121.0	42.0	172.80000000000007	0.9777070063694268	0.767515923566879	1.0	0.9872611464968153	1.0	1.0
YOR171C	83	144.0	8	5.0	18.599999999976717	128.0	304.0	99.69999999999985	285.0	126.82666666666667	299.3	0.8611111111111112	0.5347222222222222	0.9791666666666666	0.7291666666666666	1.0	0.7569444444444444
YOR172W	59	101.0	7	12.0	41.0	60.0	229.0	60.0	210.0	60.0	220.83999999999992	0.9207920792079208	0.45544554455445546	1.0	0.8217821782178217	1.0	0.8316831683168316
YOR173W	21	25.0	3	19.83333333337214	29.75	103.0	161.0	102.0	161.0	103.0	161.0	0.6	0.52	1.0	1.0	1.0	1.0
YOR174W	148	433.0	48	37.0	10.0	288.0	190.0	131.59999999999968	149.0	257.5000000000013	188.0	0.6397228637413395	0.9122401847575058	0.815242494226328	0.9607390300230947	0.976905311778291	1.0
YOR175C	139	486.0	76	8.333333333372138	0.0	501.0	231.0	165.79999999999853	179.0	481.15999999999985	185.0	0.8127572016460906	0.9711934156378601	0.9382716049382716	0.9979423868312757	0.9506172839506173	1.0
YOR176W	79	132.0	10	50.0	18.0	487.0	199.0	111.0	164.89999999999998	389.6933333333342	194.08000000000004	0.5075757575757576	0.7045454545454546	0.8333333333333334	0.8484848484848485	0.9696969696969697	1.0
YOR177C	3	2.0	1	0.0	280.0	61.0	830.0	56.8	753.0	60.16	814.5999999999999	1.0	0.5	1.0	0.5	1.0	0.5
YOR178C	8	8.0	1	67.5	65.0	355.0	205.0	355.0	205.0	355.0	205.0	0.5	0.75	0.625	0.75	0.875	0.875
YOR179C	224	608.0	38	20.0	13.0	682.0	521.0	47.10000000000002	476.0	83.0799999999997	476.0	0.84375	0.7993421052631579	0.9884868421052632	0.8404605263157895	0.9967105263157895	0.850328947368421
YOR180C	41	64.0	9	14.785714285681024	3.0	528.0	351.0	525.0	342.84	527.832	351.0	0.8125	0.640625	0.90625	0.71875	0.921875	0.859375
YOR181W	57	110.0	11	13.0	45.0	96.0	131.0	85.0	130.0	90.60000000000005	130.7	0.9181818181818182	0.3090909090909091	0.9818181818181818	0.9454545454545454	1.0	1.0
YOR182C	430	3439.0	697	8.0	35.0	3371.0	355.0	54.0	102.0	62.0	113.0	0.9246874091305612	0.6533876126781041	0.994475138121547	0.994475138121547	0.994475138121547	0.9959290491421925
YOR183W	1	1.0	1	0.0	0.0	85.0	37.0	85.0	37.0	85.0	37.0	1.0	1.0	1.0	1.0	1.0	1.0
YOR184W	248	897.0	64	30.0	23.0	164.0	861.0	122.0	136.325	124.0	480.1999999999989	0.5886287625418061	0.6365663322185061	0.8071348940914158	0.9866220735785953	0.9977703455964325	0.987736900780379
YOR185C	179	807.0	187	0.0	67.68181818188168	126.0	3355.0	78.0	167.0	92.42999999999995	172.2999999999995	0.9355638166047088	0.4758364312267658	0.9925650557620818	0.7806691449814126	1.0	0.9318463444857497
YOR186C-A	26	6.0	1	22.0	813.0	123.0	1007.0	123.0	1007.0	123.0	1007.0	0.6666666666666666	0.3333333333333333	1.0	0.3333333333333333	1.0	0.3333333333333333
YOR186W	11	16.0	5	580.0	34.714285714318976	1620.0	170.0	1620.0	167.29999999999998	1620.0	170.0	0.5	0.3125	0.5	0.9375	0.5625	1.0
YOR187W	483	2748.0	338	62.0	20.0	420.0	264.0	128.0	174.0	161.0	231.34666666666666	0.5647743813682679	0.8329694323144105	0.6433770014556041	0.9374090247452693	0.8897379912663755	0.9828966521106259
YOR188W	36	62.0	11	60.66666666662786	30.133333333418705	110.0	220.0	98.1	202.39999999999998	110.0	219.04000000000002	0.6612903225806451	0.532258064516129	0.7258064516129032	0.8064516129032258	1.0	1.0
YOR189W	238	1320.0	218	6.0	32.0	123.0	2215.0	34.0	237.0	67.0	411.2	0.9651515151515152	0.6924242424242424	0.9916666666666667	0.953030303030303	0.9992424242424243	0.956060606060606
YOR190W	12	13.0	2	922.3333333333721	106.83333333337214	1105.0	267.0	1103.95	266.4	1105.0	267.0	0.23076923076923078	0.3076923076923077	0.23076923076923078	0.3076923076923077	0.23076923076923078	0.3076923076923077
YOR192C	13	15.0	2	818.75	22.0	1949.0	948.0	1810.3333333333333	948.0	1949.0	948.0	0.2	0.5333333333333333	0.2	0.7333333333333333	0.2	0.7333333333333333
YOR193W	15	33.0	14	2.5	0.0	287.0	125.0	71.0	124.24999999999999	269.18000000000006	125.0	0.9393939393939394	0.9696969696969697	0.9696969696969697	1.0	0.9696969696969697	1.0
YOR194C	342	3096.0	1101	14.0	16.0	122.0	379.0	69.0	301.0	75.42333333333333	349.5133333333333	0.8023255813953488	0.912467700258398	0.9941860465116279	0.9321705426356589	1.0	0.9337855297157622
YOR195W	68	259.0	36	4.0	21.782051282003522	84.0	268.0	70.0	247.27499999999998	77.24666666666678	260.0	0.9884169884169884	0.6138996138996139	1.0	0.8648648648648649	1.0	0.8841698841698842
YOR196C	166	867.0	119	11.0	6.0	56.0	400.0	48.3289156626506	175.0	52.0	249.0	0.7716262975778547	0.9042675893886967	1.0	0.9665513264129181	1.0	0.994232987312572
YOR197W	215	1037.0	84	12.0	28.0	281.0	389.0	29.0	173.76666666666665	42.819999999998345	211.0	0.9884281581485053	0.5101253616200578	0.9980713596914176	0.7955641272902604	0.9980713596914176	0.9556412729026037
YOR198C	766	2367.0	34	110.0	9.0	248.0	314.0	228.0	235.0	238.0	254.0	0.46176594845796365	0.7435572454583862	0.5872412336290663	0.9835234474017744	0.7477820025348543	0.9995775242923531
YOR199W	1	2.0	2	0.0	0.0	14.0	2.0	14.0	2.0	14.0	2.0	1.0	1.0	1.0	1.0	1.0	1.0
YOR201C	161	632.0	194	23.13197969540488	1.0	936.0	139.0	56.0	126.0	78.0	132.0	0.6550632911392406	0.7958860759493671	0.9936708860759493	0.9224683544303798	0.9936708860759493	1.0
YOR202W	363	4328.0	747	13.0	36.0	60.0	347.0	23.0	166.0	32.61000000000013	167.8133333333335	0.9882162661737524	0.7213493530499075	1.0	0.852818853974122	1.0	0.9990757855822551
YOR203W	1	1.0	1	0.0	0.0	642.0	37.0	642.0	37.0	642.0	37.0	1.0	1.0	1.0	1.0	1.0	1.0
YOR204W	343	1802.0	316	3.0	120.0	196.0	1208.0	28.0	759.0	42.0	766.0	0.9872364039955605	0.5876803551609323	0.9994450610432852	0.695338512763596	0.9994450610432852	0.7014428412874584
YOR205C	207	722.0	92	12.0	36.0	490.0	613.0	39.19999999999993	362.8	60.0	610.7066666666666	0.8434903047091413	0.4196675900277008	0.9833795013850416	0.925207756232687	0.9986149584487535	0.9445983379501385
YOR206W	43	121.0	32	0.0	56.0	483.0	181.0	52.0	143.29999999999998	191.89999999999674	158.27999999999975	0.9338842975206612	0.6446280991735537	0.9917355371900827	0.6446280991735537	0.9917355371900827	1.0
YOR207C	94	150.0	5	11.0	86.0	81.0	473.0	65.0	307.0	73.0	347.0	0.3333333333333333	0.25333333333333335	0.98	0.58	1.0	0.92
YOR208W	6	6.0	2	14.0	16.0	230.0	134.0	227.0	132.8	229.4	133.76	0.8333333333333334	1.0	1.0	1.0	1.0	1.0
YOR209C	255	1147.0	110	12.0	26.0	456.0	264.0	151.0	218.0	158.1199999999999	244.5885714285714	0.8491717523975588	0.5754141238012206	0.946817785527463	0.8805579773321709	0.987794245858762	0.974716652136007
YOR210W	778	4826.0	346	30.0	5.0	258.0	411.0	69.0	315.0	69.0	368.653333333333	0.5820555325321177	0.8445917944467468	0.9734769995855781	0.8924575217571488	0.9993783671777869	0.9645669291338582
YOR211C	30	37.0	3	30.0	27.0	479.0	126.0	213.0	124.2	285.8600000000013	126.0	0.6756756756756757	0.5135135135135135	0.918918918918919	0.8918918918918919	1.0	1.0
YOR212W	180	105.0	9	92.90000000002328	0.0	398.0	1407.0	371.1666666666667	170.5	398.0	409.10000000000105	0.41904761904761906	0.8095238095238095	0.6476190476190476	0.9523809523809523	0.7047619047619048	0.9809523809523809
YOR213C	161	522.0	101	26.0	0.0	138.0	1130.0	122.0	395.79999999999995	127.0	961.799999999995	0.553639846743295	0.8984674329501916	0.8908045977011494	0.946360153256705	0.9080459770114943	0.9540229885057471
YOR214C	1	1.0	1	0.0	0.0	1009.0	94.0	1009.0	94.0	1009.0	94.0	1.0	1.0	1.0	1.0	1.0	1.0
YOR215C	307	1895.0	338	0.9984326019184664	5.0	1778.0	1226.0	47.07142857142857	302.0	1740.6999999999994	366.18333333333334	0.837467018469657	0.8928759894459103	0.978891820580475	0.8965699208443272	0.978891820580475	0.9013192612137203
YOR216C	221	611.0	32	9.0	7.0	103.0	1116.0	77.0	171.0	77.38999999999999	943.0	0.8461538461538461	0.8592471358428805	1.0	0.9083469721767594	1.0	0.955810147299509
YOR217W	110	396.0	65	22.0	0.17647058819420636	129.0	1164.0	117.0	250.0	117.0	274.8200000000007	0.6590909090909091	0.7373737373737373	0.9595959595959596	0.9419191919191919	1.0	0.9797979797979798
YOR219C	22	28.0	3	37.0	40.0	105.0	344.0	102.3	344.0	105.0	344.0	0.4642857142857143	0.4642857142857143	1.0	0.8214285714285714	1.0	0.8571428571428571
YOR220W	118	567.0	54	29.0	7.0	556.0	266.0	59.719999999999985	172.0	551.0	176.55333333333337	0.7248677248677249	0.9805996472663139	0.9594356261022927	0.9805996472663139	0.9594356261022927	0.982363315696649
YOR221C	134	321.0	37	37.0	18.0	556.0	310.0	117.49999999999989	208.0	257.260000000006	212.0	0.5358255451713395	0.8878504672897196	0.8940809968847352	0.9937694704049844	0.9844236760124611	0.9937694704049844
YOR222W	277	1276.0	287	8.435540069709532	1.3333333333721384	509.0	332.0	454.0	85.0	500.0	88.0	0.7907523510971787	0.7021943573667712	0.8385579937304075	0.9968652037617555	0.8973354231974922	0.9968652037617555
YOR223W	100	206.0	30	23.0	76.0	152.0	259.0	42.0	252.0	151.35999999999999	252.0	0.6553398058252428	0.33495145631067963	0.9757281553398058	0.441747572815534	0.9854368932038835	0.8252427184466019
YOR224C	466	5063.0	915	22.071428571478464	29.0	169.0	1299.0	44.0	139.0	50.0	166.0	0.7428402133122655	0.5421686746987951	0.999802488643097	0.9790637961682797	0.999802488643097	0.9942721706498123
YOR226C	329	1124.0	267	3.0	12.261904761893675	314.0	233.0	75.0	187.0	272.03999999999996	207.0	0.7909252669039146	0.7339857651245552	0.9395017793594306	0.9911032028469751	0.9759786476868327	1.0
YOR227W	31	55.0	7	31.66666666662786	1.0	258.0	161.0	241.0	161.0	257.15000000000003	161.0	0.509090909090909	0.9636363636363636	0.9636363636363636	1.0	0.9818181818181818	1.0
YOR228C	182	429.0	40	38.0	5.0	563.0	247.0	274.2499999999998	237.0	455.0899999999994	247.0	0.47086247086247085	0.9044289044289044	0.8764568764568764	0.9370629370629371	0.9487179487179487	0.9417249417249417
YOR229W	225	508.0	19	46.0	9.0	1682.0	2489.0	120.0	273.0	127.0	278.0	0.45866141732283466	0.6968503937007874	0.9271653543307087	0.889763779527559	0.9980314960629921	0.9960629921259843
YOR230W	650	4103.0	735	60.0	32.0	2479.0	335.0	148.0	194.0	148.0	212.0	0.7026565927370217	0.6010236412381185	0.7440896904703875	0.8137947843041676	0.9992688276870583	0.9661223495003656
YOR231W	150	356.0	20	11.0	56.0	267.0	261.0	175.0	254.0	263.4	254.0	0.7640449438202247	0.25842696629213485	0.9101123595505618	0.4859550561797753	0.9438202247191011	0.9943820224719101
YOR232W	420	3224.0	482	45.051470588194206	20.0	158.0	656.0	117.78196721311475	170.0	147.15428571428544	207.0	0.5967741935483871	0.9330024813895782	0.8349875930521092	0.9804590570719603	0.9956575682382134	0.9916253101736973
YOR233W	15	20.0	7	62.16666666662786	6.75	217.0	91.0	212.0	83.5	217.0	91.0	0.45	0.95	0.75	1.0	0.95	1.0
YOR234C	1594	13887.0	923	9.0	28.0	229.0	331.0	56.0	130.0	81.0	150.0	0.9270540793547922	0.6421113271404911	0.9660113775473465	0.9297184417080723	0.999279902066681	0.9959674515734139
YOR236W	166	400.0	27	17.0	16.0	105.0	1811.0	33.0	82.0	42.5	448.6	0.975	0.85	0.9975	0.935	1.0	0.975
YOR237W	3	3.0	2	976.0	1.0	1094.0	54.0	1094.0	54.0	1094.0	54.0	0.6666666666666666	1.0	0.6666666666666666	1.0	0.6666666666666666	1.0
YOR238W	84	152.0	23	19.0	19.0	129.0	241.0	81.0	168.0	99.7999999999999	241.0	0.7763157894736842	0.8157894736842105	0.868421052631579	0.8421052631578947	0.993421052631579	0.9736842105263158
YOR239W	135	317.0	17	35.0	16.0	281.0	2041.0	63.0	233.0	149.0	261.0	0.5993690851735016	0.804416403785489	0.9558359621451105	0.9842271293375394	0.9905362776025236	0.9936908517350158
YOR241W	15	31.0	17	731.25	21.527777777751908	2156.0	144.0	2020.1999999999994	144.0	2156.0	144.0	0.5483870967741935	0.6451612903225806	0.5483870967741935	0.8064516129032258	0.6129032258064516	1.0
YOR242C	11	11.0	1	1770.5	1.5	2423.0	102.0	2421.9	101.75	2423.0	102.0	0.18181818181818182	0.8181818181818182	0.2727272727272727	1.0	0.2727272727272727	1.0
YOR243C	376	1380.0	65	3.0	119.0	75.0	1566.0	42.0	349.0	61.0	371.56000000000006	0.8442028985507246	0.20072463768115942	0.9963768115942029	0.4463768115942029	1.0	0.7202898550724638
YOR244W	178	412.0	25	26.0	8.0	666.0	433.0	80.59999999999991	194.0	179.77999999999963	214.51999999999998	0.5533980582524272	0.8519417475728155	0.9781553398058253	0.8737864077669902	0.9902912621359223	0.9757281553398058
YOR245C	121	229.0	18	197.25	2.0	460.0	197.0	255.01999999999998	168.0	443.6600000000001	178.0	0.3318777292576419	0.8122270742358079	0.5502183406113537	0.9126637554585153	0.5589519650655022	1.0
YOR246C	508	4884.0	849	10.0	3.0	1621.0	187.0	86.0	116.0	111.65999999999985	149.0	0.9015151515151515	0.8865683865683865	0.9901719901719902	0.9881244881244882	0.9926289926289926	0.9997952497952498
YOR247W	812	5827.0	734	8.0	89.0	652.0	552.0	252.0	235.0	259.0	395.0	0.9059550368972027	0.40501115496825124	0.9622447228419427	0.422001029689377	0.9730564613008409	0.9531491333447744
YOR248W	973	6134.0	734	8.0	89.0	989.0	545.0	589.0	226.20000000000013	596.0	388.0	0.8606129768503423	0.41881317248125205	0.9140854254972286	0.43495272253015976	0.9243560482556243	0.9554939680469514
YOR249C	89	325.0	33	6.0	21.0	60.0	143.0	24.25	97.0	44.0	100.0	0.9784615384615385	0.7107692307692308	1.0	0.9938461538461538	1.0	1.0
YOR250C	165	412.0	17	26.0	25.0	199.0	156.0	71.0	98.0	182.0	127.51999999999998	0.6868932038834952	0.7427184466019418	0.9733009708737864	0.9296116504854369	0.9830097087378641	0.9975728155339806
YOR251C	135	443.0	54	10.0	27.0	3597.0	599.0	41.0	96.0	193.34999999999997	161.0	0.927765237020316	0.6591422121896162	0.9796839729119639	0.9774266365688488	0.9796839729119639	0.9932279909706546
YOR252W	203	1380.0	298	4.0	28.0	66.0	169.0	32.0	136.0	57.0	150.0	0.9586956521739131	0.6753623188405797	1.0	0.9028985507246376	1.0	1.0
YOR253W	254	2362.0	246	10.0	4.0	107.0	202.0	37.0	125.0	44.0	142.0	0.9652836579170194	0.970787468247248	0.9991532599491956	0.9961896697713802	1.0	1.0
YOR254C	319	7961.0	2285	27.0	0.0	94.0	2577.0	49.0	96.0	57.0	119.0	0.685969099359377	0.9645773144077378	0.9976133651551312	0.9993719381987187	1.0	0.9996231629192313
YOR255W	1	3.0	3	0.0	0.0	280.0	176.0	280.0	176.0	280.0	176.0	1.0	1.0	1.0	1.0	1.0	1.0
YOR256C	38	52.0	4	19.0	14.0	172.0	196.0	172.0	103.0	172.0	194.75999999999982	0.7115384615384616	0.19230769230769232	0.8461538461538461	0.9038461538461539	1.0	0.9807692307692307
YOR257W	152	581.0	127	5.0	0.0	332.0	189.0	100.10384615384604	68.22499999999997	171.7099999999965	80.37999999999988	0.8537005163511188	0.9845094664371773	0.9397590361445783	0.9948364888123924	0.9896729776247849	0.9982788296041308
YOR258W	123	337.0	30	13.0	8.0	148.0	1091.0	42.0	126.0	43.129999999999995	1082.3	0.8456973293768546	0.8011869436201781	0.9940652818991098	0.8961424332344213	0.9970326409495549	0.9673590504451038
YOR259C	488	2944.0	105	14.0	156.5800677309744	610.0	439.0	49.0	215.0	54.0	228.53333333333316	0.8226902173913043	0.26596467391304346	0.9993206521739131	0.27683423913043476	0.9993206521739131	0.31589673913043476
YOR260W	268	1054.0	228	10.0	45.0	445.0	479.0	60.0	214.0	80.0	222.0	0.8870967741935484	0.48861480075901326	0.9990512333965844	0.793168880455408	0.9990512333965844	0.9810246679316889
YOR261C	194	545.0	34	23.5	6.0	1211.0	360.0	129.0	140.0	1072.0	215.0	0.6275229357798165	0.7871559633027523	0.9467889908256881	0.8568807339449541	0.9688073394495413	0.9889908256880734
YOR262W	128	1235.0	407	33.0	0.0	280.0	215.0	68.0	108.75	73.4333333333334	112.0	0.6048582995951417	0.9967611336032388	0.8356275303643724	0.9967611336032388	0.9967611336032388	0.9991902834008097
YOR263C	1	1.0	1	0.0	0.0	304.0	389.0	304.0	389.0	304.0	389.0	1.0	1.0	1.0	1.0	1.0	1.0
YOR264W	302	614.0	24	12.0	116.0	652.0	719.0	223.0	202.0	403.80000000000007	541.4000000000101	0.6661237785016286	0.36807817589576547	0.8420195439739414	0.40390879478827363	0.8892508143322475	0.5700325732899023
YOR265W	472	3079.0	234	8.0	95.0	1673.0	320.0	39.0	246.0	62.0	259.0	0.9697953881130237	0.5228970444949659	0.9935043845404352	0.5232218252679441	0.9951282884053264	0.8311139980513154
YOR266W	36	60.0	6	60.0	6.0	108.0	209.0	104.0	81.0	107.84	204.99999999999994	0.35	0.1	0.5333333333333333	0.9666666666666667	1.0	0.9666666666666667
YOR267C	169	324.0	20	240.0	16.0	602.0	226.0	437.60000000000014	201.0	592.0	220.0	0.23765432098765432	0.9259259259259259	0.31790123456790126	0.9783950617283951	0.3271604938271605	0.9845679012345679
YOR268C	1	1.0	1	0.0	0.0	1971.0	461.0	1971.0	461.0	1971.0	461.0	1.0	1.0	1.0	1.0	1.0	1.0
YOR269W	65	150.0	20	26.0	31.33333333337214	126.0	190.0	111.0	167.0	120.66666666666667	177.0	0.68	0.7333333333333333	0.9933333333333333	0.9333333333333333	1.0	1.0
YOR270C	420	2418.0	228	19.0	2.0	230.0	178.0	189.0	148.0	190.0	159.0	0.8407775020678246	0.8068651778329198	0.9925558312655087	0.9875930521091811	0.9983457402812241	1.0
YOR271C	315	733.0	28	18.0	61.02631578943692	2251.0	313.0	85.0	145.0	475.0	145.0	0.7776261937244202	0.32332878581173263	0.9495225102319236	0.6725784447476125	0.984993178717599	0.9986357435197817
YOR272W	356	4628.0	919	31.0	0.0	481.0	231.0	90.0	79.0	106.88842105263163	88.0	0.5321953327571305	0.993085566119274	0.9615384615384616	0.9956784788245462	0.9943820224719101	0.9987035436473639
YOR273C	107	191.0	15	7.9375	78.0	995.0	310.0	203.09999999999994	266.0	623.700000000001	266.0	0.7905759162303665	0.46596858638743455	0.8586387434554974	0.5549738219895288	0.8743455497382199	0.8115183246073299
YOR274W	95	214.0	23	15.0	141.0	99.0	456.0	39.0	298.19999999999976	49.87999999999988	438.9199999999997	0.7523364485981309	0.32710280373831774	0.9906542056074766	0.616822429906542	1.0	0.6401869158878505
YOR275C	175	2036.0	528	18.0	0.0	807.0	597.0	32.0	138.0	41.0	215.27999999999975	0.7716110019646365	0.9798624754420432	0.9960707269155207	0.9837917485265226	0.9970530451866405	0.9916502946954814
YOR276W	248	894.0	116	31.0	12.0	93.0	170.0	60.0	164.0	69.35999999999967	164.0	0.610738255033557	0.8489932885906041	0.9932885906040269	0.8579418344519015	1.0	1.0
YOR277C	3	1.0	1	148.0	1217.0	368.0	2563.0	319.4	2563.0	343.08	2563.0	1.0	1.0	1.0	1.0	1.0	1.0
YOR278W	209	471.0	75	6.0	17.0	414.0	168.0	91.0	137.97142857142856	171.53000000000014	149.7733333333334	0.9193205944798302	0.6942675159235668	0.921443736730361	0.8832271762208068	0.970276008492569	1.0
YOR279C	108	167.0	17	12.0	30.0625	302.0	833.0	139.0	120.0	198.15000000000194	143.0	0.8862275449101796	0.5568862275449101	0.9820359281437125	0.9940119760479041	0.9880239520958084	0.9940119760479041
YOR280C	213	434.0	28	24.0	27.0	218.0	201.0	67.59999999999968	123.0	88.38666666666666	123.0	0.7096774193548387	0.663594470046083	0.9493087557603687	0.9124423963133641	0.9976958525345622	0.9976958525345622
YOR281C	184	1019.0	117	24.0	5.0	107.0	894.0	56.0	103.0	70.02499999999986	133.8266666666665	0.4730127576054956	0.97252208047105	0.9479882237487733	0.9921491658488715	0.9980372914622179	0.9960745829244357
YOR283W	280	819.0	62	40.0	18.0	166.0	343.0	118.0	188.0	149.0	222.0	0.5726495726495726	0.7533577533577533	0.9572649572649573	0.960927960927961	1.0	0.9938949938949939
YOR284W	93	140.0	11	12.0	40.0	83.0	917.0	75.0	915.0	83.0	917.0	0.8357142857142857	0.5928571428571429	0.9928571428571429	0.6857142857142857	1.0	0.7357142857142858
YOR285W	495	9217.0	1223	3.0	7.0	1240.0	921.0	20.0	80.0	22.0	162.0	0.9913203862428122	0.9542150374308344	0.9927308234783552	0.9823152869697298	0.9967451448410546	0.9969621351849842
YOR286W	512	7035.0	802	19.0	7.0	661.0	3438.0	33.0	243.0	49.0	250.0	0.9113006396588487	0.8575692963752666	0.9974413646055437	0.9009239516702203	0.9974413646055437	0.9023454157782516
YOR287C	146	467.0	44	10.0	14.0	86.0	210.0	45.0	80.0	71.80999999999989	97.0	0.9207708779443254	0.9400428265524625	0.9892933618843683	0.9914346895074947	1.0	1.0
YOR288C	94	219.0	20	14.875	13.0	989.0	240.0	824.0	125.39999999999986	989.0	240.0	0.7671232876712328	0.9497716894977168	0.9360730593607306	0.9497716894977168	0.9360730593607306	0.954337899543379
YOR289W	23	49.0	10	14.375	32.0	3081.0	92.0	74.39999999999992	92.0	3081.0	92.0	0.8367346938775511	0.3877551020408163	0.9183673469387755	1.0	0.9795918367346939	1.0
YOR291W	3	3.0	1	15.75	30.75	143.0	112.0	143.0	112.0	143.0	112.0	1.0	0.3333333333333333	1.0	1.0	1.0	1.0
YOR292C	81	141.0	24	4.0	15.25	74.0	96.0	60.0	78.0	64.90000000000003	93.27000000000001	0.8439716312056738	0.8652482269503546	1.0	1.0	1.0	1.0
YOR293C-A	7	5.0	3	34.58333333337214	20.0	128.0	157.0	71.0	138.0	71.0	153.20000000000002	0.8	0.8	1.0	1.0	1.0	1.0
YOR293W	1265	120225.0	24275	13.0	0.0	1002.0	2273.0	44.0	147.0	50.0	160.0	0.962894572676232	0.9838303181534622	0.9982782283218965	0.9959991682262425	0.9996340195466833	0.9993512164691204
YOR294W	152	403.0	30	19.0	14.0	1286.0	1174.0	93.0	161.0	97.0	226.33999999999935	0.6650124069478908	0.9404466501240695	0.9875930521091811	0.9875930521091811	0.9950372208436724	0.9950372208436724
YOR295W	58	90.0	10	21.0	6.0	2147.0	255.0	77.0	251.0	505.39999999997667	254.0	0.6777777777777778	0.9888888888888889	0.9888888888888889	1.0	0.9888888888888889	1.0
YOR296W	3	3.0	1	14.25	7.5	116.0	193.0	116.0	193.0	116.0	193.0	1.0	1.0	1.0	1.0	1.0	1.0
YOR297C	221	3579.0	1724	3.0	0.0	2408.0	1119.0	47.0	129.0	58.0	373.44500000000016	0.9024867281363509	0.9684269348980162	0.9997205923442303	0.9695445655210952	0.9997205923442303	0.9720592344230232
YOR298C-A	758	5502.0	231	18.0	9.0	648.0	2616.0	80.0	248.0	108.65333333333304	257.0	0.7829880043620502	0.8780443475099964	0.975099963649582	0.9892766266812069	0.9994547437295529	0.9976372228280626
YOR298W	4	4.0	1	549.0	15.0	1152.0	87.0	1152.0	87.0	1152.0	87.0	0.5	0.75	0.75	1.0	0.75	1.0
YOR299W	151	519.0	47	68.0	11.0	350.0	409.0	153.54999999999995	74.09999999999991	161.0	241.72285714285695	0.5394990366088632	0.9344894026974951	0.649325626204239	0.9653179190751445	0.9980732177263969	0.9672447013487476
YOR300W	19	26.0	5	1443.0	28.0	2301.0	1699.0	2296.733333333333	1697.4	2301.0	1699.0	0.46153846153846156	0.2692307692307692	0.46153846153846156	0.8461538461538461	0.6538461538461539	0.8461538461538461
YOR301W	275	1124.0	193	13.0	2.0	1165.0	1937.0	44.0	425.0	187.39	534.0	0.9377224199288257	0.8096085409252669	0.9670818505338078	0.9412811387900356	0.9768683274021353	0.9430604982206405
YOR302W	403	2576.0	218	42.0	10.0	1831.0	1527.0	109.0	1371.0	430.9599999999991	1484.0	0.6653726708074534	0.9704968944099379	0.7717391304347826	0.9763198757763976	0.8540372670807453	0.9802018633540373
YOR303W	563	2992.0	218	101.0	4.0	1952.0	235.0	243.0	79.0	251.0	192.0	0.5711898395721925	0.9776069518716578	0.6614304812834224	0.9829545454545454	0.7322860962566845	0.9883021390374331
YOR304C-A	393	1582.0	168	35.0	22.0	219.0	925.0	52.399999999999864	383.0	88.0	618.8133333333335	0.6118836915297092	0.6308470290771175	0.943109987357775	0.8141592920353983	1.0	0.8754740834386852
YOR304W	23	30.0	3	53.800000000046566	15.0	192.0	176.0	183.5	176.0	192.0	176.0	0.5666666666666667	0.8333333333333334	0.6333333333333333	0.8666666666666667	0.9333333333333333	1.0
YOR305W	115	173.0	8	24.0	587.0	707.0	1922.0	100.85999999999999	1778.5333333333333	334.30000000000297	1919.2400000000002	0.7630057803468208	0.5895953757225434	0.930635838150289	0.6069364161849711	0.9884393063583815	0.6416184971098265
YOR306C	110	185.0	11	46.5	14.75	2833.0	156.0	222.5	105.0	1476.6000000000022	108.15	0.42702702702702705	0.7567567567567568	0.8810810810810811	0.9945945945945946	0.9567567567567568	1.0
YOR307C	78	110.0	4	12.0	155.0	1121.0	2910.0	752.0	1178.0	1115.4	1903.8000000000095	0.5545454545454546	0.19090909090909092	0.8545454545454545	0.2	0.9	0.2636363636363636
YOR308C	52	76.0	6	4.0	198.0	69.0	643.0	52.0	492.8	68.47999999999999	616.7399999999994	0.9210526315789473	0.2236842105263158	1.0	0.2236842105263158	1.0	0.6052631578947368
YOR309C	573	2263.0	157	19.0	37.0	1592.0	203.0	1321.0	150.0	1339.0	164.0	0.7467962881131242	0.7330976579761379	0.7892178524083076	0.7680070702607159	0.8024745912505523	0.8152894387980557
YOR310C	347	1846.0	157	6.0	98.0	310.0	312.0	39.0	277.0	57.0	291.0	0.9496208017334777	0.6852654387865655	0.9983748645720477	0.7204767063921993	0.9989165763813651	0.7638136511375948
YOR311C	281	1047.0	125	12.0	12.0	1718.0	1959.0	66.0	245.0	225.44571428571427	1295.6499999999958	0.839541547277937	0.789875835721108	0.9828080229226361	0.9264565425023877	0.9828080229226361	0.936007640878701
YOR312C	601	3573.0	187	16.0	13.0	452.0	1847.0	64.0	101.0	84.0	101.0	0.801007556675063	0.9661349006437168	0.9865659109991604	0.9966414777497901	0.9952420934788693	0.9997201231458158
YOR313C	180	378.0	64	52.0	5.0	791.0	231.0	602.5999999999999	224.0	640.1759999999999	226.97599999999997	0.5793650793650794	0.8412698412698413	0.6613756613756614	0.91005291005291	0.843915343915344	0.9417989417989417
YOR315W	204	398.0	26	91.0	12.0	210.0	452.0	157.0	421.0	197.0399999999995	426.0	0.2889447236180904	0.7814070351758794	0.32663316582914576	0.8115577889447236	0.7713567839195979	0.9422110552763819
YOR316C	410	1171.0	55	33.0	8.0	655.0	299.0	502.0	177.9000000000001	625.88	178.0	0.6567036720751495	0.8326216908625107	0.82066609735269	0.9590093936806149	0.874466268146883	0.9991460290350128
YOR316C-A	73	98.0	5	15.0	343.0	312.0	1678.0	259.0	1632.0	268.75999999999993	1673.2	0.7448979591836735	0.5306122448979592	0.7857142857142857	0.6326530612244898	0.7959183673469388	0.7244897959183674
YOR317W	186	650.0	109	22.0	5.0	157.0	440.0	100.0	250.0	111.0	351.0	0.6092307692307692	0.8907692307692308	0.8784615384615385	0.9769230769230769	0.9969230769230769	0.9892307692307692
YOR318C	21	21.0	4	27.5	79.0	120.0	236.0	120.0	169.0	120.0	221.92999999999995	0.7619047619047619	0.38095238095238093	0.9523809523809523	0.47619047619047616	1.0	1.0
YOR319W	102	163.0	16	17.25	444.0	1127.0	2517.0	485.94999999999993	585.6714285714286	1007.7200000000009	1316.8500000000085	0.7791411042944786	0.588957055214724	0.8404907975460123	0.656441717791411	0.8466257668711656	0.656441717791411
YOR320C	237	944.0	94	10.0	19.0	776.0	602.0	121.73846153846154	192.0	127.02999999999997	309.0	0.8389830508474576	0.8654661016949152	0.989406779661017	0.8877118644067796	0.9947033898305084	0.9735169491525424
YOR321W	507	8759.0	775	13.880952380946837	4.0	908.0	326.0	78.0	58.0	117.70499999999993	80.0	0.756364881835826	0.8289759104920653	0.9883548350268295	0.9902956958556913	0.991894051832401	0.992236556684553
YOR322C	79	109.0	5	15.0	79.0	1878.0	742.0	266.0	363.0	1868.56	671.1999999999996	0.7339449541284404	0.42201834862385323	0.8899082568807339	0.6238532110091743	0.963302752293578	0.8715596330275229
YOR323C	702	3386.0	189	16.0	21.111111111124046	225.0	3094.0	59.0	210.47999999999993	60.89714285714282	477.0	0.8192557590076787	0.6990549320732428	0.9979326639102185	0.9276432368576492	0.9997046662728883	0.9468399291199054
YOR324C	18	32.0	6	11.888888888875954	3.5	166.0	225.0	159.7	196.7999999999999	166.0	218.6	0.84375	0.9375	0.90625	0.9375	0.9375	1.0
YOR325W	7	6.0	2	482.66666666662786	339.0	1300.0	361.0	1300.0	361.0	1300.0	361.0	0.3333333333333333	0.6666666666666666	0.3333333333333333	0.6666666666666666	0.3333333333333333	0.6666666666666666
YOR326W	4	5.0	2	44.66666666662786	1.0	201.0	57.0	201.0	57.0	201.0	57.0	0.6	1.0	0.8	1.0	0.8	1.0
YOR327C	1094	6199.0	251	30.0	27.0	213.0	238.0	143.0	148.54230769230765	153.0	179.0	0.6096144539441846	0.38732053557025325	0.7380222616551056	0.8867559283755444	0.9982255202452008	0.996128407807711
YOR329C	58	85.0	5	27.66666666662786	17.0	132.0	263.0	118.0	139.5	128.50000000000006	254.95000000000013	0.8470588235294118	0.9058823529411765	0.9411764705882353	0.9529411764705882	1.0	0.9647058823529412
YOR329W-A	4	2.0	1	109.0	68.0	412.0	142.0	397.2	142.0	401.04	142.0	0.5	0.5	0.5	0.5	0.5	1.0
YOR332W	357	15534.0	7546	0.0	0.0	152.0	1748.0	31.09172413793103	74.0	53.0	76.0	0.9877687652890433	0.9989700012874984	1.0	0.999806875241406	1.0	0.9999356250804686
YOR333C	8	9.0	3	51.5	3.5	693.0	209.0	639.5999999999999	209.0	679.9200000000001	209.0	0.4444444444444444	0.8888888888888888	0.7777777777777778	0.8888888888888888	0.8888888888888888	0.8888888888888888
YOR334W	68	217.0	38	42.0	17.0	971.0	201.0	59.0	153.0	77.0	182.9799999999999	0.4147465437788018	0.8433179723502304	0.9216589861751152	0.8709677419354839	0.9953917050691244	0.9953917050691244
YOR335C	119	285.0	24	11.0	52.25	196.0	246.0	117.08333333333333	234.0	149.5999999999999	242.39999999999995	0.9333333333333333	0.6596491228070176	0.9719298245614035	0.743859649122807	1.0	0.9368421052631579
YOR336W	30	44.0	5	5.0	54.59999999997672	57.0	271.0	36.89999999999996	232.49999999999983	57.0	271.0	0.9545454545454546	0.38636363636363635	1.0	0.5227272727272727	1.0	0.9545454545454546
YOR337W	43	60.0	4	103.25	32.0	164.0	283.0	160.0	279.8	163.6	282.8	0.23333333333333334	0.25	0.3	0.9	0.7166666666666667	1.0
YOR338W	17	22.0	3	4.0	45.0	89.0	261.0	87.59999999999998	258.6	89.0	261.0	0.7727272727272727	0.3181818181818182	1.0	0.7727272727272727	1.0	0.8181818181818182
YOR339C	16	16.0	2	1396.0	27.0	1421.0	257.0	1421.0	254.6	1421.0	257.0	0.375	0.5	0.5	0.875	0.5	1.0
YOR340C	342	818.0	41	47.0	38.199999999953434	657.0	1097.0	84.19999999999982	166.0	498.27999999999975	307.73999999999637	0.41687041564792177	0.5061124694376528	0.7530562347188264	0.8948655256723717	0.9755501222493888	0.9841075794621027
YOR342C	249	696.0	49	27.0	109.0	1531.0	226.0	1019.6374999999999	199.0	1030.0	205.0	0.6408045977011494	0.4224137931034483	0.7614942528735632	0.4224137931034483	0.8908045977011494	0.7140804597701149
YOR343C	97	163.0	15	5.0	1300.75	682.0	1708.0	272.24999999999966	1676.0	551.0400000000004	1676.87	0.8282208588957055	0.2085889570552147	0.8711656441717791	0.2085889570552147	0.9325153374233128	0.294478527607362
YOR344C	198	1089.0	343	2.0	0.0	254.0	690.0	142.0	622.0	146.0	634.0	0.9770431588613406	0.7548209366391184	0.977961432506887	0.7649219467401286	0.9935720844811754	0.7741046831955923
YOR346W	29	69.0	13	28.5625	0.0	196.0	177.0	196.0	171.14999999999998	196.0	176.43	0.5072463768115942	0.8115942028985508	0.9855072463768116	0.8115942028985508	0.9855072463768116	1.0
YOR347C	754	1760.0	61	82.0	526.0	335.0	1735.0	99.0	807.0	114.50000000000045	1192.0	0.5096590909090909	0.25625	0.5488636363636363	0.2784090909090909	0.990909090909091	0.31875
YOR348C	12	20.0	4	3.0	11.933333333348855	53.0	179.0	37.5	179.0	53.0	179.0	0.95	0.95	1.0	1.0	1.0	1.0
YOR349W	8	10.0	2	2.0	111.0	71.0	160.0	71.0	160.0	71.0	160.0	0.9	0.4	1.0	0.7	1.0	0.7
YOR350C	57	101.0	14	24.0	7.0	774.0	1555.0	38.69999999999993	124.0	444.53999999999667	1103.6499999999955	0.6633663366336634	0.9207920792079208	0.9801980198019802	0.9306930693069307	0.9900990099009901	0.9702970297029703
YOR352W	49	367.0	143	5.0	0.0	2119.0	80.0	103.0	72.86666666666663	679.8899999999892	78.0	0.9019073569482289	1.0	0.9754768392370572	1.0	0.989100817438692	1.0
YOR354C	197	2523.0	518	3.0	15.0	424.0	154.0	35.0	131.0	39.0	138.0	0.8898137138327388	0.996829171621086	0.9992072929052715	0.9976218787158145	0.9992072929052715	0.9992072929052715
YOR355W	131	248.0	28	58.75	9.0	1007.0	199.0	589.3	191.0	611.0	195.38666666666668	0.5282258064516129	0.9233870967741935	0.6209677419354839	0.9637096774193549	0.8790322580645161	0.9758064516129032
YOR356W	95	279.0	30	27.83333333337214	3.0	113.0	131.0	89.40000000000002	116.0	101.83999999999992	122.70999999999998	0.6810035842293907	0.9247311827956989	0.8530465949820788	0.978494623655914	1.0	1.0
YOR357C	114	184.0	9	11.0	8.0	52.0	239.0	37.0	131.0	40.0	131.0	0.9184782608695652	0.8260869565217391	1.0	0.9945652173913043	1.0	0.9945652173913043
YOR358W	177	352.0	15	151.0	12.0	273.0	769.0	201.0	318.0	244.36000000000058	321.2666666666667	0.5767045454545454	0.8835227272727273	0.6988636363636364	0.9943181818181818	0.7130681818181818	0.9943181818181818
YOR359W	231	576.0	39	64.0	32.0	685.0	336.0	161.39999999999986	241.0	179.0	311.0	0.53125	0.6423611111111112	0.7222222222222222	0.78125	0.9809027777777778	0.8125
YOR360C	99	221.0	18	9.0	7.0	275.0	179.0	270.0	125.0	275.0	137.85999999999973	0.7828054298642534	0.8959276018099548	1.0	0.9909502262443439	1.0	1.0
YOR362C	643	5045.0	554	19.0	2.0	875.0	393.0	62.0	165.0	70.0	311.0500000000002	0.822794846382557	0.8824578790882062	0.9934588701684837	0.9813676907829534	0.9954410307234886	0.9823587710604559
YOR363C	6	9.0	3	186.625	17.16666666662786	256.0	341.0	256.0	341.0	256.0	341.0	0.6666666666666666	0.7777777777777778	0.6666666666666666	1.0	0.6666666666666666	1.0
YOR364W	2	2.0	1	18.0	11.0	150.0	1914.0	150.0	1914.0	150.0	1914.0	1.0	1.0	1.0	1.0	1.0	1.0
YOR366W	73	121.0	23	1249.5	11.0	2035.0	413.0	1837.0666666666666	380.9	2022.2199999999998	408.73999999999995	0.21487603305785125	0.8925619834710744	0.21487603305785125	0.9173553719008265	0.21487603305785125	0.9173553719008265
YOR367W	73	198.0	17	10.0	15.0	166.0	181.0	34.0	104.32	37.451428571428586	124.12000000000006	0.8838383838383839	0.8535353535353535	0.9949494949494949	0.98989898989899	0.9949494949494949	1.0
YOR368W	22	25.0	3	49.75	14.0	418.0	156.0	418.0	144.0	418.0	156.0	0.44	0.8	0.72	1.0	0.88	1.0
YOR369C	1896	76119.0	19169	17.0	8.0	2647.0	1609.0	76.0	128.0	96.0	130.0	0.743874722474021	0.891971781027076	0.9557929032173308	0.996544883668992	0.99994745070219	0.9978454787897897
YOR370C	526	1962.0	178	54.0	17.0	1997.0	1095.0	506.1999999999996	187.0	1188.2799999999993	218.5866666666666	0.49898063200815496	0.72579001019368	0.6590214067278287	0.9648318042813455	0.8715596330275229	0.9954128440366973
YOR371C	23	53.0	9	44.375	0.0	140.0	1053.0	137.9	829.9499999999977	140.0	1051.83	0.33962264150943394	0.8679245283018868	0.7924528301886793	0.8679245283018868	1.0	0.8679245283018868
YOR372C	55	85.0	10	24.75	22.33333333337214	102.0	386.0	92.0	350.75	102.0	380.7500000000001	0.5176470588235295	0.7176470588235294	1.0	0.8117647058823529	1.0	0.8235294117647058
YOR374W	270	2033.0	362	4.0	34.03708791208919	143.0	1721.0	60.0	144.0	69.0	177.0	0.9837678307919331	0.6625676340383669	0.9950811608460404	0.7939006394490901	1.0	0.9975405804230202
YOR375C	855	14545.0	2057	1.0	42.0	191.0	437.0	76.0	142.0	125.19523809523803	206.0	0.8551392231007219	0.7199037469920935	0.9788930904090752	0.9834307322103816	0.9984874527328979	0.9865245788930904
YOR376W-A	65	80.0	4	15.0	1162.6666666666279	1662.0	2867.0	646.0	2752.0	1631.1000000000004	2850.2000000000003	0.8	0.3125	0.85	0.3375	0.85	0.35
YOR377W	109	137.0	5	47.0	59.5	2589.0	423.0	1520.0	401.16666666666686	1661.5799999999952	416.03999999999996	0.3722627737226277	0.5109489051094891	0.8321167883211679	0.7518248175182481	0.8467153284671532	0.7664233576642335
YOR378W	32	44.0	4	38.0	3.0	156.0	117.0	135.3999999999999	73.32	156.0	117.0	0.5	0.9545454545454546	0.75	1.0	1.0	1.0
YOR379C	3	3.0	1	1.5	414.0	22.0	2702.0	22.0	2702.0	22.0	2702.0	1.0	0.3333333333333333	1.0	0.6666666666666666	1.0	0.6666666666666666
YOR380W	86	154.0	28	17.0	27.0	240.0	646.0	223.0	150.19999999999942	226.84000000000003	643.2400000000001	0.7467532467532467	0.6168831168831169	0.8376623376623377	0.935064935064935	0.8376623376623377	0.9545454545454546
YOR381W	75	107.0	5	245.0	47.0	1736.0	364.0	701.0666666666666	116.0	1608.8899999999983	363.43	0.411214953271028	0.6635514018691588	0.48598130841121495	0.9813084112149533	0.4953271028037383	0.9813084112149533
YOR381W-A	15	15.0	3	785.25	89.0	2848.0	883.0	2706.125	841.5	2848.0	883.0	0.26666666666666666	0.2	0.4	0.2	0.5333333333333333	0.26666666666666666
YOR382W	410	4283.0	863	8.0	0.0	320.0	295.0	28.0	127.0	85.0	151.0	0.9745505486808312	0.9117441045995798	0.9792201727760915	0.9806210600046696	0.9981321503618958	0.999766518795237
YOR383C	623	6932.0	1046	4.0	46.0	3355.0	453.0	53.0	210.45882352941172	74.0	246.0	0.8941142527409117	0.7047028274668206	0.9909117137911136	0.9757645701096365	0.9955279861511829	0.9987016733987305
YOR384W	15	30.0	11	4.800000000046566	242.39999999990687	164.0	1093.0	115.0	1037.0	164.0	1093.0	0.6666666666666666	0.7333333333333333	0.8333333333333334	0.7333333333333333	0.9666666666666667	0.7666666666666667
YOR385W	118	265.0	53	30.0	17.0	444.0	2514.0	386.0	539.0	441.0	746.6500000000016	0.6792452830188679	0.7433962264150943	0.879245283018868	0.7886792452830189	0.8867924528301887	0.8150943396226416
YOR386W	19	26.0	5	0.0	199.0	65.0	1853.0	50.59999999999999	1210.5999999999995	65.0	1853.0	0.9230769230769231	0.4230769230769231	0.9615384615384616	0.4230769230769231	1.0	0.4230769230769231
YOR387C	3	2.0	1	15.0	23.0	688.0	110.0	688.0	110.0	688.0	110.0	1.0	0.5	1.0	1.0	1.0	1.0
YOR389W	1	2.0	2	0.0	0.0	39.0	379.0	39.0	379.0	39.0	379.0	1.0	1.0	1.0	1.0	1.0	1.0
YOR390W	8	8.0	2	18.5	9.0	98.0	479.0	98.0	479.0	98.0	479.0	0.75	0.75	1.0	0.875	1.0	0.875
YPL001W	44	61.0	10	17.0	8.833333333372138	1060.0	87.0	42.34999999999999	74.69999999999997	840.2200000000012	87.0	0.9016393442622951	0.9344262295081968	0.9836065573770492	1.0	0.9836065573770492	1.0
YPL002C	103	173.0	12	16.0	75.25	67.0	1143.0	61.0	398.0	65.0	1097.2333333333333	0.7687861271676301	0.34104046242774566	1.0	0.5953757225433526	1.0	0.9364161849710982
YPL003W	75	161.0	16	4.5	4.0	167.0	662.0	51.0	49.0	161.14999999999952	182.98999999999876	0.8695652173913043	0.9130434782608695	0.9751552795031055	0.9627329192546584	0.9813664596273292	0.9875776397515528
YPL004C	1034	6960.0	341	30.0	10.0	1004.0	368.0	61.0	297.0	67.0	297.0	0.6949712643678161	0.6466954022988506	0.9975574712643678	0.8419540229885057	0.9995689655172414	0.9261494252873563
YPL005W	35	67.0	10	15.5	8.0	171.0	140.0	133.39999999999998	127.75	169.18666666666664	138.64	0.8656716417910447	0.8955223880597015	0.8805970149253731	1.0	0.9253731343283582	1.0
YPL006W	92	262.0	23	6.0	24.400000000023283	103.0	378.0	63.0	212.0	88.19999999999993	241.0	0.8740458015267175	0.7480916030534351	0.9961832061068703	0.7709923664122137	1.0	0.7786259541984732
YPL007C	88	182.0	19	6.0	19.0	82.0	185.0	47.0	121.80000000000001	60.360000000000014	173.97333333333353	0.8846153846153846	0.7417582417582418	1.0	0.989010989010989	1.0	1.0
YPL008W	20	26.0	4	12.0	24.0	256.0	171.0	250.66666666666666	127.79999999999995	256.0	171.0	0.8461538461538461	0.7307692307692307	0.9615384615384616	0.9615384615384616	0.9615384615384616	1.0
YPL009C	26	41.0	4	4.0	31.0	79.0	231.0	71.59999999999988	225.0	79.0	231.0	0.926829268292683	0.5121951219512195	0.926829268292683	0.975609756097561	1.0	0.975609756097561
YPL010W	620	4124.0	383	44.0	21.0	297.0	238.0	83.0	209.0	95.0	220.0	0.5518913676042677	0.5948108632395732	0.9224054316197866	0.8981571290009699	0.9997575169738119	0.998545101842871
YPL011C	82	187.0	18	22.875	4.0	96.0	254.0	62.24000000000001	226.0	74.0	247.60666666666665	0.5828877005347594	0.839572192513369	0.9893048128342246	0.8770053475935828	1.0	0.893048128342246
YPL012W	8	7.0	1	40.25	9.25	120.0	132.0	120.0	132.0	120.0	132.0	0.2857142857142857	1.0	0.7142857142857143	1.0	1.0	1.0
YPL013C	1192	28514.0	3581	15.0	139.0	362.0	3509.0	60.0	180.0	67.0	201.0	0.783930700708424	0.6031423160552711	0.993897734446237	0.6032124570386477	0.9995440836080521	0.6032825980220242
YPL014W	62	238.0	53	5.0	0.0	125.0	267.0	110.0	257.0	120.03200000000001	261.0	0.7605042016806722	0.9411764705882353	0.8319327731092437	0.9705882352941176	1.0	0.9705882352941176
YPL015C	196	795.0	195	3.75	6.75	2494.0	600.0	70.17857142857143	335.0	74.0	362.68333333333317	0.8138364779874214	0.8767295597484277	0.9949685534591195	0.9106918238993711	0.9962264150943396	0.9459119496855346
YPL017C	3	4.0	2	9.5	371.5	20.0	1178.0	20.0	1178.0	20.0	1178.0	1.0	0.5	1.0	0.5	1.0	0.5
YPL018W	76	136.0	14	39.0	16.0	178.0	1274.0	122.0	1166.1	149.61999999999955	1259.3799999999997	0.6617647058823529	0.75	0.8455882352941176	0.9117647058823529	0.9338235294117647	0.9264705882352942
YPL019C	295	1564.0	231	3.0	11.0	344.0	154.0	151.0	122.0	212.0	122.0	0.9539641943734015	0.6994884910485933	0.9699488491048593	0.9980818414322251	0.9942455242966752	1.0
YPL020C	72	117.0	7	21.0	28.0	132.0	121.0	130.64999999999998	119.29999999999998	132.0	120.66499999999999	0.7008547008547008	0.5299145299145299	0.9658119658119658	0.8974358974358975	1.0	1.0
YPL022W	50	110.0	14	20.0	3.0	102.0	532.0	94.77777777777777	216.0	100.80000000000001	411.2000000000012	0.7636363636363637	0.8545454545454545	0.8454545454545455	0.8545454545454545	1.0	0.9454545454545454
YPL023C	376	3640.0	620	1.0	43.06382978725014	183.0	924.0	137.0	185.0	144.0	198.0	0.9912087912087912	0.5005494505494505	0.9961538461538462	0.8829670329670329	0.9989010989010989	0.9978021978021978
YPL024W	253	350.0	22	114.0	46.0	1075.0	492.0	295.0	142.0	407.0	274.0	0.47714285714285715	0.3457142857142857	0.6571428571428571	0.7857142857142857	0.7028571428571428	0.9857142857142858
YPL025C	6	6.0	3	15.0	7.2000000000116415	1173.0	221.0	1173.0	221.0	1173.0	221.0	0.8333333333333334	1.0	0.8333333333333334	1.0	0.8333333333333334	1.0
YPL026C	184	602.0	30	21.0	7.0	116.0	879.0	85.19999999999993	258.0	96.48000000000002	272.0	0.7425249169435216	0.9501661129568106	1.0	0.9817275747508306	1.0	0.9833887043189369
YPL027W	7	4.0	2	174.0	23.0	1631.0	155.0	1631.0	155.0	1631.0	155.0	0.75	0.75	0.75	1.0	0.75	1.0
YPL028W	562	25390.0	4547	15.0	4.0	195.0	1265.0	114.0	100.0	127.62528735632178	105.0	0.8107916502560063	0.9979913351713273	0.9637652619141395	0.9996061441512406	0.9998030720756204	0.9999606144151241
YPL029W	91	288.0	28	30.0	16.0	92.0	403.0	64.6285714285714	75.0	89.97333333333336	77.24000000000001	0.4166666666666667	0.9965277777777778	1.0	0.9965277777777778	1.0	0.9965277777777778
YPL030W	59	112.0	11	4.0	25.0	345.0	153.0	93.53333333333332	131.0	345.0	150.51999999999998	0.7857142857142857	0.7232142857142857	0.9285714285714286	0.9821428571428571	0.9732142857142857	1.0
YPL031C	161	498.0	106	2.0	2.5726495726266876	304.0	777.0	48.0	90.0	75.0	365.0799999999999	0.9618473895582329	0.9718875502008032	0.9939759036144579	0.9799196787148594	0.9939759036144579	0.9879518072289156
YPL032C	90	217.0	39	4.0	31.16666666668607	397.0	432.0	212.0	361.0	238.64999999999992	388.0	0.8248847926267281	0.7142857142857143	0.8894009216589862	0.815668202764977	0.8940092165898618	0.8709677419354839
YPL033C	2	3.0	2	41.66666666668607	55.83333333331393	50.0	154.0	50.0	154.0	50.0	154.0	0.6666666666666666	0.6666666666666666	1.0	0.6666666666666666	1.0	1.0
YPL034W	176	463.0	61	0.0	58.0	523.0	868.0	336.0	210.0	364.44000000000005	219.74	0.8984881209503239	0.4557235421166307	0.9222462203023758	0.6630669546436285	0.9222462203023758	0.9913606911447084
YPL036W	4	4.0	1	142.5	39.5	547.0	591.0	547.0	591.0	547.0	591.0	0.25	0.25	0.75	0.25	0.75	1.0
YPL037C	1291	76300.0	16239	33.0	58.0	1004.0	421.0	83.0	110.0	114.0	110.61625441696113	0.7224770642201835	0.7197116644823067	0.948256880733945	0.7379816513761468	0.9981258191349934	0.9990956749672346
YPL038W	233	1606.0	225	29.0	1.0	1367.0	158.0	48.0	124.0	98.28000000000065	134.0	0.8698630136986302	0.987546699875467	0.987546699875467	1.0	0.9943960149439601	1.0
YPL038W-A	12	10.0	2	49.66666666668607	780.0	1014.0	819.0	1014.0	819.0	1014.0	819.0	0.4	0.3	0.9	0.3	1.0	0.3
YPL039W	98	169.0	15	32.29999999998836	11.0	65.0	1017.0	57.0	144.39999999999986	65.0	1008.24	0.6449704142011834	0.893491124260355	0.9822485207100592	0.9289940828402367	1.0	0.9408284023668639
YPL040C	11	13.0	3	17.0	9.875	29.0	1028.0	28.549999999999997	890.4499999999997	29.0	1028.0	0.7692307692307693	0.7692307692307693	1.0	0.9230769230769231	1.0	0.9230769230769231
YPL041C	47	58.0	5	19.0	57.0	3260.0	2186.0	1459.8999999999994	213.59999999999997	3138.2400000000025	2028.7200000000034	0.5689655172413793	0.5862068965517241	0.8793103448275862	0.9137931034482759	0.8793103448275862	0.9827586206896551
YPL042C	130	504.0	77	29.0	2.0	1054.0	157.0	279.0	130.0	294.0	141.67999999999984	0.5535714285714286	0.9166666666666666	0.9563492063492064	0.998015873015873	0.9623015873015873	1.0
YPL043W	299	971.0	54	24.0	27.0	1370.0	340.0	71.0	326.9333333333332	86.0	336.0	0.6879505664263645	0.6343975283213182	0.9979402677651905	0.8444902162718847	0.9989701338825953	0.9196704428424305
YPL044C	1	1.0	1	0.0	0.0	40.0	111.0	40.0	111.0	40.0	111.0	1.0	1.0	1.0	1.0	1.0	1.0
YPL045W	36	56.0	5	26.0	88.35714285715949	117.0	266.0	116.46666666666667	266.0	117.0	266.0	0.75	0.6071428571428571	0.9464285714285714	0.7142857142857143	1.0	0.8035714285714286
YPL046C	231	292.0	10	40.0	87.5	230.0	858.0	78.0	247.0	83.4799999999999	858.0	0.386986301369863	0.5068493150684932	0.6952054794520548	0.5958904109589042	0.9965753424657534	0.7191780821917808
YPL047W	238	452.0	23	40.0	117.0	1587.0	776.0	120.0	508.9	125.0	538.9200000000001	0.37831858407079644	0.3030973451327434	0.9314159292035398	0.4358407079646018	0.9845132743362832	0.9092920353982301
YPL048W	648	6492.0	672	9.0	24.0	422.0	1052.0	113.0	146.0	123.0	153.0	0.8193160813308688	0.716728280961183	0.8767714109673445	0.9932224276032039	0.9990757855822551	0.996611213801602
YPL049C	258	463.0	16	31.0	15.0	360.0	208.0	303.69999999999993	193.69999999999993	348.91333333333336	202.58	0.5269978401727862	0.8876889848812095	0.7926565874730022	0.9352051835853131	0.8617710583153347	0.9524838012958964
YPL050C	81	217.0	20	15.0	3.0	224.0	267.0	217.0	164.4333333333333	224.0	187.0	0.815668202764977	0.9815668202764977	0.967741935483871	0.9953917050691244	0.967741935483871	0.9953917050691244
YPL051W	56	122.0	21	15.0	13.0	1221.0	190.0	51.11999999999999	180.0	1218.84	187.68	0.8770491803278688	0.9590163934426229	0.9836065573770492	0.9918032786885246	0.9836065573770492	0.9918032786885246
YPL052W	69	100.0	14	3.0	119.0	76.0	1061.0	66.0	207.66666666666666	76.0	1046.5	0.86	0.47	1.0	0.49	1.0	0.64
YPL053C	190	1292.0	110	6.0	14.0	111.0	321.0	80.0	128.0	87.0	137.0	0.9760061919504643	0.8382352941176471	0.9976780185758514	0.9945820433436533	1.0	0.9984520123839009
YPL054W	9	16.0	7	77.94444444443798	18.75	104.0	460.0	103.6	452.34999999999997	104.0	460.0	0.6875	0.875	0.6875	0.875	1.0	0.875
YPL055C	116	231.0	13	10.900000000023283	455.0	334.0	887.0	22.0	785.0	36.0	885.19	0.9653679653679653	0.6233766233766234	0.9956709956709957	0.6623376623376623	0.9956709956709957	0.6666666666666666
YPL056C	106	169.0	46	1064.0543478261097	7.0	1305.0	332.0	1273.8714285714286	227.0	1280.67	324.81	0.3727810650887574	0.757396449704142	0.4556213017751479	0.7633136094674556	0.4970414201183432	0.7869822485207101
YPL057C	198	771.0	84	14.0	3.1199999999953434	360.0	879.0	243.59999999999945	449.0	258.0	451.78999999999996	0.7380025940337225	0.9662775616083009	0.7717250324254216	0.9675745784695201	0.9844357976653697	0.980544747081712
YPL059W	437	10695.0	1040	2.0	38.0	409.0	676.0	60.0	196.0	65.0	213.0	0.9779336138382422	0.587190275829827	0.9953249181860683	0.7952314165497896	1.0	0.9914913510986443
YPL060W	77	96.0	4	177.0	65.0	1979.0	146.0	264.0	138.26666666666662	1192.3999999999864	144.7733333333333	0.2604166666666667	0.4375	0.4583333333333333	0.5104166666666666	0.6770833333333334	1.0
YPL061W	223	4399.0	1527	3.0	0.0	2773.0	1727.0	47.0	148.0	69.0	150.0	0.9863605364855649	0.8965674016822005	0.991816321891339	0.9824960218231417	0.9997726756080928	0.9993180268242783
YPL062W	5	5.0	2	28.5	871.0	2080.0	1932.0	2080.0	1932.0	2080.0	1932.0	0.6	0.6	0.8	0.8	0.8	0.8
YPL063W	551	3574.0	627	21.0	48.0	654.0	2862.0	140.0	185.0	154.0	236.0	0.7803581421376609	0.7143256855064354	0.9317291550083939	0.823447118074986	0.9988808058198098	0.9485170677112479
YPL064C	102	143.0	7	22.0	38.0	45.0	166.0	42.0	127.0	44.56999999999999	142.0	0.5384615384615384	0.5454545454545454	1.0	0.8111888111888111	1.0	0.993006993006993
YPL065W	59	152.0	29	17.0	7.391304347838741	63.0	157.0	32.60000000000002	134.0	54.0	145.0	0.7894736842105263	0.8026315789473685	0.9802631578947368	0.8881578947368421	1.0	1.0
YPL066W	181	319.0	22	10.0	5.0	262.0	187.0	210.0	111.36666666666667	246.34000000000003	186.0	0.6990595611285266	0.8213166144200627	0.8307210031347962	0.9467084639498433	0.9592476489028213	1.0
YPL067C	390	2279.0	401	43.0	81.0	118.0	1517.0	66.03333333333315	180.09999999999945	72.0	1101.0	0.6559894690653796	0.6164984642387011	0.7920140412461606	0.6840719613865731	1.0	0.9504168494953927
YPL068C	167	290.0	20	724.0	4.0	830.0	1475.0	808.0	71.0	823.0	250.60000000000582	0.2655172413793103	0.8620689655172413	0.5103448275862069	0.9793103448275862	0.6862068965517242	0.9896551724137931
YPL069C	87	146.0	17	13.0	41.0	1222.0	217.0	45.59999999999991	197.0	113.19999999999081	216.07999999999998	0.9315068493150684	0.5136986301369864	0.9931506849315068	0.8767123287671232	0.9931506849315068	0.9657534246575342
YPL070W	98	253.0	45	3.5	101.0	257.0	353.0	216.0	267.0	220.0	343.0799999999999	0.9169960474308301	0.5533596837944664	0.9604743083003953	0.5652173913043478	0.9920948616600791	0.6758893280632411
YPL071C	114	552.0	223	7.0	0.0	990.0	216.0	94.6222222222222	103.75999999999995	104.0	216.0	0.7916666666666666	0.9528985507246377	0.9637681159420289	0.9655797101449275	1.0	0.9710144927536232
YPL072W	213	948.0	74	58.0	6.0	204.0	348.0	198.0	55.0	198.0	64.0	0.4957805907172996	0.9915611814345991	0.5548523206751055	0.9926160337552743	0.9704641350210971	0.9957805907172996
YPL074W	48	123.0	13	13.0	6.0	74.0	217.0	48.39999999999998	141.39999999999998	66.33499999999995	203.04999999999995	0.7642276422764228	0.983739837398374	1.0	0.983739837398374	1.0	1.0
YPL075W	10	14.0	3	5.0	53.0	88.0	221.0	85.99999999999999	221.0	88.0	221.0	0.9285714285714286	0.6428571428571429	0.9285714285714286	1.0	1.0	1.0
YPL076W	356	1459.0	87	6.0	609.0	303.0	1103.0	154.0	789.275	159.0	814.0428571428575	0.8732008224811515	0.2131596984235778	0.9965729952021933	0.3886223440712817	0.9986291980808774	0.4564770390678547
YPL077C	35	54.0	8	4.0	13.0	116.0	1632.0	90.59999999999995	1150.3999999999933	116.0	1632.0	0.7037037037037037	0.7222222222222222	0.9444444444444444	0.7222222222222222	1.0	0.9259259259259259
YPL078C	902	6680.0	363	18.0	44.0	1462.0	458.0	69.0	271.0	83.0	276.0	0.761377245508982	0.6516467065868263	0.9968562874251496	0.8263473053892215	0.9991017964071857	0.8755988023952096
YPL079W	277	6377.0	1956	0.0	5.0	1726.0	312.0	35.0	115.0	59.0	120.0	0.9862004077152265	0.9907480006272542	0.998431864513094	0.9992159322565469	0.9993727458052376	0.9996863729026187
YPL080C	7	4.0	1	19.0	40.0	179.0	136.0	179.0	136.0	179.0	136.0	1.0	0.25	1.0	0.25	1.0	1.0
YPL081W	432	12812.0	3416	9.0	27.0	642.0	1605.0	43.0	199.0	43.0	203.6899999999996	0.9963315641586014	0.7148766781142679	0.9988292226038089	0.9957852013737122	0.9990633780830471	0.9990633780830471
YPL083C	167	342.0	26	39.0	19.25	103.0	1744.0	86.0	622.0	94.0	1654.2933333333317	0.5818713450292398	0.7953216374269005	0.9824561403508771	0.8947368421052632	1.0	0.9385964912280702
YPL084W	55	89.0	10	24.25	78.0	70.0	161.0	57.525	154.0	70.0	159.82999999999998	0.7415730337078652	0.6629213483146067	0.898876404494382	0.7191011235955056	1.0	0.8876404494382022
YPL086C	257	927.0	76	17.0	3.0	162.0	353.0	68.0	138.0	72.82000000000001	162.23000000000002	0.6623516720604099	0.8737864077669902	1.0	0.9848975188781014	1.0	0.9978425026968716
YPL087W	228	456.0	18	110.0	11.0	507.0	210.0	214.0	150.0	259.5399999999999	155.0	0.19298245614035087	0.7543859649122807	0.543859649122807	0.8903508771929824	0.6820175438596491	0.9956140350877193
YPL088W	15	25.0	3	38.125	4.0	152.0	97.0	93.0	90.75	137.25	95.0	0.32	1.0	0.84	1.0	1.0	1.0
YPL089C	127	204.0	15	63.66666666668607	8.0	396.0	216.0	303.59999999999997	150.0	385.7333333333334	200.42000000000021	0.22058823529411764	0.7794117647058824	0.6617647058823529	0.9019607843137255	0.8235294117647058	0.9656862745098039
YPL090C	2224	64001.0	5474	24.0	24.0	494.0	1408.0	73.0	168.0	82.0	171.0	0.7451446071155138	0.5043202449961719	0.9790159528757363	0.9114076342557148	0.9994375087889251	0.9994531335447884
YPL091W	360	6124.0	1019	28.0	0.0	1853.0	295.0	62.0	114.0	71.0	135.0	0.5992815153494448	0.9888961463096015	0.9199869366427171	0.9955911169170477	0.9986936642717178	0.9955911169170477
YPL092W	368	1781.0	273	10.0	10.0	634.0	1894.0	164.0	102.0	186.0	347.0	0.8186412128017967	0.8422234699606962	0.9539584503088153	0.9584503088152723	0.9898933183604717	0.9814710836608647
YPL093W	301	1960.0	278	44.455197132600006	0.0	105.0	261.0	84.0	246.0	93.0	249.9000000000001	0.5265306122448979	0.8734693877551021	0.9459183673469388	0.8760204081632653	1.0	0.878061224489796
YPL094C	562	25614.0	3923	3.0	8.0	169.0	1814.0	26.0	71.0	63.1942857142858	94.0	0.9792301085343953	0.9857890216287968	0.992504099320684	0.993128757710627	0.9998438354025142	0.9950808151791989
YPL095C	97	390.0	64	0.0	3.0	1240.0	1265.0	84.0	61.0	220.6000000000015	104.00000000000028	0.9282051282051282	0.9282051282051282	0.9384615384615385	0.9871794871794872	0.9846153846153847	0.9948717948717949
YPL096C-A	131	181.0	12	36.5	39.33333333331393	1282.0	2661.0	82.59999999999991	217.0	870.6599999999993	223.65999999999997	0.5469613259668509	0.5580110497237569	0.9779005524861878	0.6961325966850829	0.9779005524861878	0.9447513812154696
YPL096W	35	65.0	8	9.0	42.0	102.0	1649.0	78.0	1313.5	100.72499999999995	1648.1	0.8615384615384616	0.5230769230769231	0.9384615384615385	0.9076923076923077	1.0	0.9384615384615385
YPL097W	91	239.0	15	8.0	33.0	83.0	123.0	34.0	120.0	60.75999999999976	120.40666666666665	0.9832635983263598	0.702928870292887	0.9916317991631799	0.7573221757322176	1.0	0.99581589958159
YPL098C	669	4761.0	411	36.0	40.0	3290.0	1055.0	101.61249999999995	196.0	125.8950000000018	226.0	0.47300987187565635	0.506196177273682	0.9365679479101029	0.9758454106280193	0.9899180844360429	0.994328922495274
YPL099C	163	397.0	32	2.0	42.80555555556202	685.0	650.0	45.0	301.44999999999993	84.0	371.0	0.929471032745592	0.5340050377833753	0.9773299748110831	0.8639798488664987	0.9949622166246851	0.8942065491183879
YPL100W	159	542.0	104	12.0	14.0	132.0	523.0	77.0	133.0	82.32000000000016	162.0	0.7250922509225092	0.7527675276752768	0.977859778597786	0.8044280442804428	1.0	0.9723247232472325
YPL101W	321	1130.0	61	6.0	83.0	93.0	321.0	51.0	226.0	56.0	243.40000000000032	0.9646017699115044	0.2088495575221239	0.9991150442477876	0.3672566371681416	1.0	0.9796460176991151
YPL102C	1	1.0	1	0.0	0.0	326.0	2141.0	326.0	2141.0	326.0	2141.0	1.0	1.0	1.0	1.0	1.0	1.0
YPL103C	395	3120.0	614	17.0	170.0	1225.0	1214.0	44.0	324.3529411764706	53.600000000000364	611.0	0.9086538461538461	0.3746794871794872	0.9967948717948718	0.3894230769230769	0.9971153846153846	0.4519230769230769
YPL104W	135	378.0	44	34.0	9.33333333331393	1050.0	255.0	54.0	229.0	79.0	248.17333333333318	0.582010582010582	0.7936507936507936	0.9947089947089947	0.9206349206349206	1.0	0.9470899470899471
YPL105C	51	108.0	13	20.0	85.0	43.0	196.0	43.0	162.29999999999998	43.0	194.56000000000003	1.0	0.4444444444444444	1.0	0.6203703703703703	1.0	1.0
YPL106C	235	762.0	48	6.0	39.0	125.0	277.0	76.0	182.0	102.0	255.0	0.8766404199475065	0.5275590551181102	0.9816272965879265	0.910761154855643	1.0	0.973753280839895
YPL107W	118	183.0	13	30.0	109.0	644.0	340.0	84.39999999999998	262.0	171.4066666666622	262.0	0.6612021857923497	0.34972677595628415	0.9562841530054644	0.4808743169398907	0.994535519125683	0.546448087431694
YPL108W	3	1.0	1	13.0	16.0	26.0	174.0	26.0	137.8	26.0	140.36	1.0	1.0	1.0	1.0	1.0	1.0
YPL109C	114	174.0	16	21.20000000001164	57.0	370.0	548.0	107.33333333333327	160.7999999999998	179.86666666666528	272.8399999999999	0.6781609195402298	0.4885057471264368	0.9482758620689655	0.632183908045977	0.9942528735632183	0.9597701149425287
YPL110C	3	3.0	1	135.0	24.75	313.0	119.0	313.0	119.0	313.0	119.0	0.3333333333333333	0.6666666666666666	0.6666666666666666	1.0	0.6666666666666666	1.0
YPL111W	161	726.0	88	6.0	41.0	340.0	1514.0	49.0	133.39999999999986	67.0	148.82666666666668	0.987603305785124	0.44077134986225897	0.9972451790633609	0.9380165289256198	0.9972451790633609	0.9958677685950413
YPL112C	79	312.0	36	27.0	0.0	607.0	120.0	92.79999999999995	72.89999999999998	94.80923076923077	119.25333333333333	0.3173076923076923	0.9711538461538461	0.9326923076923077	0.9807692307692307	0.9935897435897436	1.0
YPL113C	28	44.0	6	12.5	22.0	56.0	293.0	41.09999999999998	275.9	56.0	293.0	0.9318181818181818	0.8863636363636364	1.0	0.9090909090909091	1.0	0.9090909090909091
YPL114W	34	64.0	14	52.0	0.0	524.0	1113.0	87.79999999999995	1109.0	524.0	1112.58	0.4375	0.84375	0.734375	0.96875	0.96875	0.96875
YPL115C	10	11.0	2	65.75	94.5	319.0	337.0	317.95	333.74999999999994	319.0	337.0	0.36363636363636365	0.2727272727272727	0.6363636363636364	0.2727272727272727	1.0	0.45454545454545453
YPL116W	18	25.0	4	30.5	7.25	277.0	153.0	277.0	144.75	277.0	153.0	0.6	0.92	0.76	0.96	0.96	1.0
YPL117C	522	1795.0	203	35.5	116.0	260.0	203.0	174.0	184.0	209.0	184.3875	0.5793871866295265	0.6239554317548747	0.7515320334261838	0.7298050139275766	0.9988857938718663	0.7437325905292479
YPL118W	156	627.0	104	4.0	17.0	121.0	154.0	86.10833333333333	110.46	105.0	141.0	0.8883572567783095	0.7527910685805422	0.9936204146730463	0.8341307814992025	1.0	1.0
YPL119C	73	129.0	11	6.0	231.83333333331393	102.0	797.0	81.0	672.9	88.5699999999999	717.9999999999993	0.9767441860465116	0.18604651162790697	1.0	0.29457364341085274	1.0	0.3333333333333333
YPL119C-A	178	309.0	53	1538.5	259.0	2079.0	410.0	2047.1	281.1	2060.23	353.0	0.1941747572815534	0.3074433656957929	0.1941747572815534	0.3559870550161812	0.22006472491909385	0.37540453074433655
YPL120W	53	173.0	42	7.5	0.7592592592700385	41.0	583.0	37.0	249.825	39.90666666666667	386.20000000000164	0.9364161849710982	0.8208092485549133	1.0	0.9190751445086706	1.0	0.9190751445086706
YPL122C	150	532.0	79	16.0	49.5	144.0	232.0	61.39999999999994	99.475	69.0	103.47999999999986	0.7969924812030075	0.41729323308270677	0.9962406015037594	0.7481203007518797	0.9981203007518797	0.9962406015037594
YPL123C	104	200.0	17	36.5	5.0	223.0	213.0	102.0	198.0	187.0	205.0	0.54	0.825	0.975	0.915	0.99	0.99
YPL124W	87	216.0	17	30.0	22.0	116.0	165.0	77.0	100.0	111.36000000000001	123.80000000000007	0.46296296296296297	0.6944444444444444	0.9861111111111112	0.9675925925925926	1.0	1.0
YPL125W	30	37.0	4	24.0	8.0	172.0	201.0	166.66666666666666	160.24999999999994	172.0	201.0	0.7027027027027027	0.8918918918918919	0.9459459459459459	0.8918918918918919	1.0	0.9459459459459459
YPL126W	1	1.0	1	0.0	0.0	19.0	91.0	19.0	91.0	19.0	91.0	1.0	1.0	1.0	1.0	1.0	1.0
YPL127C	240	622.0	29	13.0	200.0	85.0	455.0	47.39999999999998	333.0	81.0	375.512	0.8842443729903537	0.28938906752411575	1.0	0.3183279742765273	1.0	0.47106109324758844
YPL128C	96	223.0	15	27.0	17.0	131.0	480.0	112.0	356.0	127.08000000000004	413.6300000000007	0.547085201793722	0.7937219730941704	0.968609865470852	0.8609865470852018	1.0	0.9775784753363229
YPL129W	241	1385.0	425	2.0	1.0	2196.0	254.0	71.0	127.0	79.0	220.0	0.8729241877256317	0.8166064981949458	0.9949458483754513	0.9509025270758122	0.9956678700361011	0.984115523465704
YPL130W	3	6.0	3	569.0	5.333333333313931	1285.0	1201.0	1285.0	1201.0	1285.0	1201.0	0.5	1.0	0.5	1.0	0.5	1.0
YPL131W	892	102095.0	53800	0.0	0.0	143.0	2245.0	34.0	104.0	64.0	106.0	0.9735246584063862	0.9864929722317449	0.9949262941378129	0.9993829276654097	0.9999804104020765	0.9994710808560654
YPL132W	172	311.0	7	26.590909090882633	36.0	257.0	461.0	179.0	263.0	212.3099999999996	457.0	0.6430868167202572	0.4630225080385852	0.8778135048231511	0.909967845659164	0.9903536977491961	0.932475884244373
YPL133C	181	531.0	73	27.0	16.0	1006.0	1468.0	172.0	152.0333333333333	478.18666666666223	1424.0	0.7401129943502824	0.7250470809792844	0.9322033898305084	0.7476459510357816	0.9830508474576272	0.8926553672316384
YPL134C	290	1407.0	124	9.0	28.0	1897.0	232.0	168.0	134.0	1122.0800000000036	197.0	0.9068941009239516	0.736318407960199	0.9324804548685146	0.9786780383795309	0.945273631840796	0.997867803837953
YPL135C-A	1	2.0	2	0.0	0.0	257.0	994.0	257.0	994.0	257.0	994.0	1.0	1.0	1.0	1.0	1.0	1.0
YPL135W	378	2547.0	301	27.0	11.25	617.0	535.0	101.0	391.0	558.0	396.0	0.5661562622693365	0.7577542206517471	0.8822143698468787	0.9933254809579898	0.9791912053396152	0.9972516686297606
YPL136W	4	3.0	1	51.0	0.0	435.0	122.0	328.7999999999997	122.0	413.7599999999998	122.0	0.3333333333333333	1.0	0.3333333333333333	1.0	1.0	1.0
YPL137C	11	16.0	3	45.0	7.5	161.0	205.0	161.0	205.0	161.0	205.0	0.5625	0.1875	0.8125	1.0	1.0	1.0
YPL138C	120	239.0	27	33.0	37.0	497.0	310.0	56.19999999999993	213.0	219.40666666666667	219.08999999999972	0.45188284518828453	0.4686192468619247	0.9121338912133892	0.7740585774058577	0.9790794979079498	0.9665271966527197
YPL139C	77	189.0	21	15.0	14.5	73.0	277.0	71.0	160.79999999999995	71.0	268.54499999999985	0.8571428571428571	0.7619047619047619	0.9629629629629629	0.8201058201058201	1.0	0.9629629629629629
YPL140C	131	319.0	25	15.0	11.0	412.0	242.0	233.70000000000002	229.0	271.87333333333333	233.24	0.8589341692789969	0.8025078369905956	0.9655172413793104	0.9749216300940439	0.9811912225705329	1.0
YPL141C	12	10.0	1	18.0	21.0	316.0	238.0	316.0	238.0	316.0	238.0	0.6	0.6	0.9	1.0	1.0	1.0
YPL143W	870	30560.0	5602	2.0	7.0	133.0	415.0	39.0	141.0	54.0	158.0	0.9826243455497382	0.8365183246073299	0.9980039267015707	0.862467277486911	0.9996400523560209	0.9993782722513089
YPL144W	274	850.0	87	15.0	67.0	498.0	212.0	91.0	144.0	239.25	157.5	0.788235294117647	0.5858823529411765	0.9494117647058824	0.6105882352941177	0.9588235294117647	0.9952941176470588
YPL145C	867	3501.0	72	28.0	58.0	359.0	2376.0	284.0	566.0	331.0	588.9799999999996	0.8189088831762353	0.26163953156241077	0.8806055412739218	0.4924307340759783	0.9511568123393316	0.7820622679234505
YPL146C	112	507.0	98	19.724999999976717	5.0	2418.0	296.0	65.0	152.0	100.0	153.14333333333335	0.8461538461538461	0.9940828402366864	0.9625246548323472	0.9980276134122288	0.9921104536489151	0.9980276134122288
YPL147W	5	6.0	2	84.0	30.33333333331393	115.0	120.0	115.0	120.0	115.0	120.0	0.3333333333333333	0.6666666666666666	0.6666666666666666	1.0	1.0	1.0
YPL148C	224	1134.0	103	30.0	12.0	379.0	1093.0	151.0	187.0	176.16000000000008	202.0	0.6278659611992945	0.9391534391534392	0.9647266313932981	0.9779541446208113	0.9832451499118166	0.9858906525573192
YPL149W	110	271.0	35	19.0	11.0	107.0	1495.0	85.0	179.0	106.0	1221.8500000000106	0.7195571955719557	0.7970479704797048	0.7675276752767528	0.8302583025830258	1.0	0.922509225092251
YPL150W	14	13.0	1	183.75	96.75	409.0	382.0	408.7	380.5	409.0	382.0	0.3076923076923077	0.3076923076923077	0.38461538461538464	0.46153846153846156	0.38461538461538464	0.7692307692307693
YPL151C	117	280.0	23	12.0	22.0	511.0	1250.0	479.0	112.0	493.79999999999995	763.1999999999999	0.8107142857142857	0.875	0.825	0.9571428571428572	0.825	0.9607142857142857
YPL152W	93	181.0	27	15.75	61.0	462.0	1309.0	449.24999999999994	392.8999999999945	456.69	1041.6999999999994	0.8066298342541437	0.4530386740331492	0.8397790055248618	0.5580110497237569	0.861878453038674	0.9502762430939227
YPL152W-A	23	27.0	4	5.25	701.8333333333139	64.0	1565.0	31.749999999999993	1559.9	48.880000000000024	1565.0	1.0	0.3333333333333333	1.0	0.37037037037037035	1.0	0.6666666666666666
YPL153C	19	25.0	4	37.0	0.0	188.0	214.0	187.66666666666666	200.5	188.0	214.0	0.68	0.92	1.0	1.0	1.0	1.0
YPL154C	246	1135.0	53	7.0	10.50789473686018	302.0	261.0	276.0	139.0	276.0	166.92000000000044	0.9568281938325991	0.8325991189427313	0.973568281938326	0.986784140969163	0.9797356828193833	0.9964757709251101
YPL155C	110	256.0	18	32.0	16.0	95.0	486.0	88.55999999999999	432.0	93.48571428571428	456.47999999999996	0.65625	0.8671875	0.9921875	0.90234375	1.0	0.91015625
YPL156C	84	166.0	16	4.5	12.0	85.0	499.0	81.0	367.39999999999975	85.0	432.8800000000002	0.8554216867469879	0.7469879518072289	1.0	0.8674698795180723	1.0	0.9156626506024096
YPL157W	192	383.0	26	55.0	267.0	329.0	1129.0	140.0	426.0	262.3700000000002	488.3500000000001	0.5456919060052219	0.6344647519582245	0.6814621409921671	0.6866840731070496	0.9712793733681462	0.7127937336814621
YPL158C	93	663.0	208	0.0	4.0	217.0	99.0	74.35000000000002	64.77000000000001	88.96000000000004	73.896	0.971342383107089	0.9487179487179487	0.9879336349924586	1.0	0.9969834087481146	1.0
YPL159C	58	70.0	3	14.0	72.0	248.0	340.0	143.0	326.5	246.79999999999998	339.7	0.8	0.5285714285714286	0.9571428571428572	0.6142857142857143	0.9714285714285714	0.8
YPL160W	232	1178.0	157	7.0	5.0	516.0	289.0	86.0	254.1333333333332	119.0	260.0	0.902376910016978	0.8981324278438031	0.9762308998302207	0.9032258064516129	0.99830220713073	0.99830220713073
YPL162C	274	420.0	9	22.0	888.0	169.0	1615.0	84.0	1545.0	169.0	1550.6	0.680952380952381	0.16428571428571428	0.9666666666666667	0.24523809523809523	0.9785714285714285	0.2571428571428571
YPL163C	472	2041.0	134	9.0	77.0	1411.0	350.0	1373.0	258.0	1395.0	263.0	0.8613424791768741	0.3493385595296423	0.8701616854483096	0.6197942185203331	0.8740813326800588	0.9960803527682509
YPL164C	3	4.0	2	27.33333333331393	148.0	70.0	260.0	70.0	260.0	70.0	260.0	0.75	0.5	1.0	0.5	1.0	0.5
YPL165C	3	6.0	4	19.800000000017462	5.0	44.0	324.0	44.0	324.0	44.0	324.0	1.0	1.0	1.0	1.0	1.0	1.0
YPL166W	21	27.0	3	4.0	240.75	68.0	1242.0	68.0	1239.45	68.0	1242.0	0.8518518518518519	0.2222222222222222	1.0	0.2222222222222222	1.0	0.4444444444444444
YPL168W	58	263.0	89	0.0	2.0	162.0	355.0	153.0	88.0	158.74	94.74000000000001	0.9049429657794676	0.8859315589353612	0.9277566539923955	0.9847908745247148	0.9885931558935361	0.9961977186311787
YPL169C	273	1328.0	133	12.0	3.0	263.0	263.0	52.0	218.0	59.22000000000003	220.0	0.9088855421686747	0.9510542168674698	0.9954819277108434	0.9819277108433735	0.9984939759036144	0.9992469879518072
YPL170W	203	338.0	17	52.0	23.0	203.0	244.0	133.0	193.0	156.0	210.26666666666674	0.2485207100591716	0.606508875739645	0.6686390532544378	0.8609467455621301	0.8668639053254438	0.8698224852071006
YPL171C	21	36.0	9	9.5	19.5	515.0	165.0	47.49999999999998	161.63999999999996	515.0	165.0	0.9166666666666666	0.7222222222222222	0.9722222222222222	1.0	0.9722222222222222	1.0
YPL172C	96	225.0	23	24.416666666656965	6.17647058822331	167.0	170.0	138.0	161.66666666666666	162.5	162.0	0.7333333333333333	0.7911111111111111	0.9955555555555555	0.9911111111111112	1.0	0.9955555555555555
YPL173W	119	470.0	55	26.79999999998836	27.0	363.0	288.0	66.0	163.66666666666666	77.0	178.0	0.6085106382978723	0.6638297872340425	1.0	0.951063829787234	1.0	0.997872340425532
YPL174C	11	16.0	3	36.0	4.75	173.0	96.0	173.0	96.0	173.0	96.0	0.5625	0.8125	1.0	0.9375	1.0	1.0
YPL175W	196	525.0	53	29.0	61.0	100.0	675.0	72.1875	250.0	90.0	562.8	0.6285714285714286	0.6457142857142857	0.979047619047619	0.6685714285714286	1.0	0.9104761904761904
YPL176C	129	331.0	39	9.75	168.0	101.0	509.0	43.0	302.84999999999997	73.13999999999999	306.38	0.9607250755287009	0.5649546827794562	0.9909365558912386	0.6042296072507553	1.0	0.6737160120845922
YPL177C	86	113.0	9	59.333333333343035	48.0	1691.0	127.0	182.83333333333331	119.09999999999997	782.5400000000066	126.74000000000001	0.34513274336283184	0.2743362831858407	0.8053097345132744	0.39823008849557523	0.9734513274336283	1.0
YPL178W	64	120.0	15	10.0	8.9375	78.0	172.0	60.0	146.0	78.0	171.2	0.8666666666666667	0.7833333333333333	1.0	0.8666666666666667	1.0	1.0
YPL179W	272	790.0	65	14.875	31.0	1264.0	349.0	214.0	325.0	229.0	333.0	0.7936708860759494	0.5759493670886076	0.889873417721519	0.7987341772151899	0.920253164556962	0.9911392405063291
YPL180W	76	269.0	104	0.0	3.0	165.0	471.0	66.0	212.74999999999974	134.6800000000003	382.8000000000002	0.8364312267657993	0.8847583643122676	0.9888475836431226	0.9591078066914498	0.9888475836431226	0.9851301115241635
YPL181W	127	335.0	30	31.60000000000582	15.0	265.0	320.0	242.66666666666666	128.0	264.47499999999997	184.55999999999958	0.41194029850746267	0.8925373134328358	0.7223880597014926	0.9194029850746268	0.8597014925373134	0.9582089552238806
YPL182C	1	1.0	1	0.0	0.0	14.0	65.0	14.0	65.0	14.0	65.0	1.0	1.0	1.0	1.0	1.0	1.0
YPL183C	40	95.0	13	27.0	5.0	434.0	156.0	47.0	92.16666666666667	269.749999999999	156.0	0.6526315789473685	0.9578947368421052	0.9894736842105263	0.968421052631579	0.9894736842105263	1.0
YPL183W-A	482	3469.0	411	33.0	23.0	1068.0	1448.0	106.0	157.52499999999986	299.0	171.0	0.5505909484001154	0.6558085903718651	0.982127414240415	0.9962525223407322	0.986739694436437	0.9994234649754973
YPL184C	217	838.0	68	1.0	43.0	1067.0	531.0	674.0	403.5999999999999	682.0	509.0	0.9630071599045346	0.4009546539379475	0.9630071599045346	0.8210023866348448	0.9665871121718377	0.9403341288782816
YPL185W	7	8.0	2	29.333333333343035	325.66666666665697	432.0	356.0	432.0	356.0	432.0	356.0	0.375	0.375	0.875	0.375	0.875	0.375
YPL186C	60	118.0	24	4.0	10.0	195.0	254.0	140.0	254.0	169.0	254.0	0.7542372881355932	0.7542372881355932	0.8983050847457628	0.7627118644067796	0.9661016949152542	0.9152542372881356
YPL187W	19	29.0	5	4.899999999994179	78.375	610.0	229.0	293.8999999999994	227.0	546.7800000000002	228.42000000000002	0.7586206896551724	0.6896551724137931	1.0	0.6896551724137931	1.0	1.0
YPL188W	9	13.0	3	9.0	26.25	25.0	293.0	25.0	290.09999999999997	25.0	293.0	1.0	0.23076923076923078	1.0	0.23076923076923078	1.0	0.23076923076923078
YPL189C-A	321	2147.0	392	5.0	15.0	136.0	542.0	100.6083333333333	262.0	126.0	293.04000000000025	0.7657196087564043	0.7545412203074057	0.8174196553330229	0.9809035863996274	1.0	0.9962738705170004
YPL189W	31	44.0	5	29.0	9.5	1046.0	662.0	911.5999999999997	187.49999999999966	1046.0	662.0	0.5	0.75	0.7727272727272727	0.9318181818181818	0.8636363636363636	0.9545454545454546
YPL190C	147	257.0	20	14.0	102.5	131.0	514.0	128.0	469.5999999999999	130.215	475.0	0.8054474708171206	0.3463035019455253	0.9883268482490273	0.6848249027237354	1.0	0.7470817120622568
YPL191C	126	190.0	7	12.0	139.0	86.0	598.0	70.0	585.0	78.0	595.4	0.9210526315789473	0.20526315789473684	1.0	0.6	1.0	0.6263157894736842
YPL192C	11	6.0	6	79.5	16.5	223.0	202.0	220.7	105.6	222.54	107.52	1.0	1.0	1.0	1.0	1.0	1.0
YPL193W	185	300.0	7	48.20000000001164	549.0	2202.0	700.0	72.0	634.0	78.0	636.0	0.5166666666666667	0.20333333333333334	0.88	0.26666666666666666	0.9933333333333333	0.30333333333333334
YPL194W	86	137.0	11	21.5	157.0	103.0	1460.0	68.25000000000003	258.0	85.59999999999991	429.9199999999946	0.7664233576642335	0.32116788321167883	0.9635036496350365	0.3284671532846715	1.0	0.36496350364963503
YPL195W	67	129.0	12	12.0	20.25	66.0	158.0	54.0	148.0	59.67999999999995	156.83999999999997	0.8682170542635659	0.6201550387596899	0.9922480620155039	0.9844961240310077	1.0	1.0
YPL196W	105	208.0	15	27.0	5.0	251.0	333.0	77.0	83.99999999999994	116.51999999999992	184.0	0.625	0.9471153846153846	0.9855769230769231	0.9567307692307693	0.9903846153846154	0.9855769230769231
YPL198W	309	18837.0	5653	6.0	3.0	132.0	269.0	37.0	100.0	59.0	103.0	0.9728194510803206	0.9961246482985613	0.9971863884907363	0.9992567818654775	0.9999469129903913	0.9997345649519562
YPL199C	182	895.0	151	13.670454545441316	0.0	943.0	2314.0	54.0	86.0	68.0	256.0	0.8134078212290503	0.8636871508379889	0.9865921787709497	0.9698324022346368	0.9955307262569832	0.9810055865921787
YPL200W	14	17.0	2	46.375	968.583333333343	1870.0	1971.0	918.8666666666657	1159.5	1631.6599999999976	1701.0399999999972	0.11764705882352941	0.35294117647058826	0.5882352941176471	0.47058823529411764	0.9411764705882353	0.47058823529411764
YPL201C	6	5.0	1	71.5	13.75	1654.0	70.0	983.5	70.0	1519.9000000000005	70.0	0.8	1.0	0.8	1.0	0.8	1.0
YPL202C	146	347.0	34	34.916666666656965	3.0	272.0	682.0	116.0	420.0	128.0	626.9266666666637	0.5360230547550432	0.8703170028818443	0.9567723342939481	0.9394812680115274	0.9971181556195965	0.9423631123919308
YPL203W	157	393.0	77	11.0	2.0	224.0	1535.0	206.0	422.3999999999985	224.0	800.8533333333334	0.8854961832061069	0.816793893129771	0.9643765903307888	0.8396946564885496	0.9974554707379135	0.9363867684478372
YPL204W	40	116.0	42	8.0	0.0	214.0	190.0	200.59999999999997	134.7	211.36	165.58000000000013	0.8879310344827587	0.9310344827586207	1.0	0.9913793103448276	1.0	1.0
YPL206C	367	1950.0	143	51.0	19.0	321.0	344.0	79.0	134.0	83.0	218.0	0.5338461538461539	0.8123076923076923	0.6933333333333334	0.9517948717948718	1.0	0.9748717948717949
YPL207W	9	10.0	2	4.0	23.0	77.0	150.0	77.0	150.0	77.0	150.0	1.0	0.7	1.0	0.9	1.0	1.0
YPL208W	199	1907.0	302	14.0	3.0	260.0	319.0	31.0	72.0	46.0	92.0	0.8054535920293655	0.9213424226533823	0.995280545359203	0.9979024646040902	0.9984268484530676	0.9989512323020451
YPL209C	31	34.0	6	13.333333333343035	392.0	465.0	2285.0	88.0	578.0	465.0	2285.0	0.8235294117647058	0.7352941176470589	0.9117647058823529	0.7352941176470589	0.9705882352941176	0.7352941176470589
YPL210C	298	2918.0	605	6.0	5.0	1393.0	232.0	31.0	129.0	46.0	178.36000000000172	0.9753255654557916	0.7573680603152845	0.9955448937628513	0.9403701165181632	0.9982864976010967	0.9904043865661412
YPL211W	855	9098.0	1235	3.0	99.0	101.0	374.0	42.0	232.0	66.0	251.0	0.9648274346010112	0.364695537480765	0.9983512859969224	0.579687843482084	1.0	0.9976918003956914
YPL212C	171	554.0	30	34.0	3.0	73.0	3032.0	59.0	178.0	62.0	196.0	0.5956678700361011	0.9566787003610109	1.0	0.9891696750902527	1.0	0.9981949458483754
YPL213W	66	102.0	7	39.0	12.0	234.0	181.0	70.0	149.0	234.0	178.92000000000002	0.5196078431372549	0.8529411764705882	0.9803921568627451	1.0	0.9803921568627451	1.0
YPL214C	201	625.0	40	43.25	23.0	2965.0	310.0	155.5	99.0	183.0	165.0	0.6304	0.6992	0.9072	0.9616	0.9936	0.9888
YPL215W	193	1257.0	139	2.0	4.0	1228.0	1607.0	38.118181818181796	197.0	582.0	205.95333333333338	0.939538583929992	0.8838504375497216	0.9753381066030231	0.9578361177406524	0.9753381066030231	0.9912490055688147
YPL216W	1	1.0	1	0.0	0.0	85.0	87.0	85.0	87.0	85.0	87.0	1.0	1.0	1.0	1.0	1.0	1.0
YPL217C	9	9.0	1	16.75	33.0	70.0	138.0	70.0	138.0	70.0	138.0	0.8888888888888888	0.5555555555555556	1.0	1.0	1.0	1.0
YPL218W	1165	32679.0	5173	4.0	16.0	2928.0	284.0	66.12176470588236	91.0	86.0	157.0	0.8525352672970409	0.7928639187245632	0.994797882432143	0.9657272254352949	0.9998775972336975	0.9939104623764498
YPL219W	29	32.0	4	67.0	44.0	980.0	1260.0	967.7333333333333	1244.0	980.0	1260.0	0.4375	0.28125	0.625	0.8125	0.84375	0.84375
YPL220W	617	16998.0	4598	0.0	20.0	64.0	3045.0	28.0	113.0	36.0	140.0	0.9734086363101542	0.8179785857159666	0.9987057300858925	0.9853512177903283	1.0	0.9994116954935874
YPL221W	145	380.0	50	174.0	27.0	724.0	353.0	246.5	177.66666666666666	352.99999999999693	191.09999999999997	0.6526315789473685	0.7368421052631579	0.7210526315789474	0.8421052631578947	0.7263157894736842	0.9763157894736842
YPL222C-A	78	2.0	1	0.0	87.0	125.0	521.0	91.0	134.2	91.0	135.64	1.0	0.5	1.0	0.5	1.0	1.0
YPL222W	89	374.0	52	20.0	3.0	1299.0	253.0	137.0	90.0	161.31999999999994	101.75999999999999	0.232620320855615	0.9973262032085561	0.8529411764705882	0.9973262032085561	0.9919786096256684	0.9973262032085561
YPL223C	9	11.0	3	62.375	3.0	888.0	231.0	868.6249999999998	230.85	888.0	231.0	0.36363636363636365	0.9090909090909091	0.45454545454545453	1.0	0.9090909090909091	1.0
YPL224C	291	859.0	72	31.0	19.0	382.0	235.0	200.0	202.0	245.0	226.0	0.729918509895227	0.7916181606519208	0.7660069848661234	0.9324796274738067	0.7718277066356228	1.0
YPL225W	300	3173.0	675	9.0	7.0	59.0	214.0	41.464661654135334	142.0	48.0	163.2723076923077	0.9628112196659313	0.9561928774030886	1.0	0.9785691774346045	1.0	1.0
YPL226W	99	459.0	59	5.0	4.0	77.0	332.0	42.0	255.0	50.819999999999936	255.964	0.9825708061002179	0.9455337690631809	1.0	0.9586056644880174	1.0	0.9978213507625272
YPL227C	133	247.0	19	19.0	18.0	360.0	133.0	271.0	106.0	358.03	106.68666666666667	0.7165991902834008	0.7894736842105263	0.8825910931174089	0.8299595141700404	0.9190283400809717	1.0
YPL228W	56	137.0	18	13.0	19.0	160.0	215.0	152.0	209.0	160.0	215.0	0.9781021897810219	0.7737226277372263	0.9854014598540146	0.8832116788321168	0.9927007299270073	0.9927007299270073
YPL229W	76	157.0	11	13.0	31.5	386.0	293.0	65.16666666666669	288.0	324.30000000000007	293.0	0.8343949044585988	0.5414012738853503	0.9554140127388535	0.7579617834394905	0.9554140127388535	0.910828025477707
YPL230W	47	83.0	7	15.0	82.5	158.0	206.0	150.0	184.56666666666666	158.0	202.70000000000002	0.7349397590361446	0.4578313253012048	0.8433734939759037	0.6385542168674698	1.0	0.891566265060241
YPL232W	288	646.0	103	178.66666666667152	6.0	1205.0	221.0	1168.0	138.0	1190.08	148.9599999999973	0.5619195046439629	0.8142414860681114	0.6501547987616099	0.9318885448916409	0.6996904024767802	0.9907120743034056
YPL233W	99	158.0	10	35.0	1274.0	177.0	1546.0	94.19999999999999	1451.0	154.57333333333284	1463.0	0.4430379746835443	0.6139240506329114	0.9620253164556962	0.7025316455696202	0.9873417721518988	0.7341772151898734
YPL234C	1304	30454.0	5042	8.0	4.0	404.0	499.0	61.0	162.0	69.0	291.0	0.9854534708084324	0.874630590398634	0.9981283246864123	0.955178301700926	0.9998358179549485	0.9656859525842254
YPL235W	477	1754.0	95	33.0	12.0	746.0	391.0	115.0	176.0	345.0	270.0	0.48004561003420754	0.8437856328392246	0.9378563283922463	0.8700114025085519	0.9817559863169898	0.9367160775370581
YPL236C	194	336.0	15	181.0	44.0	329.0	1430.0	293.0	729.7	313.64	998.0	0.5029761904761905	0.46130952380952384	0.625	0.8630952380952381	0.6845238095238095	0.9285714285714286
YPL237W	412	2367.0	165	15.0	29.0	1100.0	195.0	66.0	128.0	81.0	133.0	0.8276299112801014	0.9298690325306295	0.9932403886776511	0.9907055344317701	0.9936628643852978	1.0
YPL238C	6	71.0	67	1.161764705888345	107.5441176470631	2105.0	370.0	446.9970588235294	89.0	2060.4800000000014	295.79	0.9577464788732394	0.971830985915493	0.9577464788732394	0.971830985915493	0.9577464788732394	0.971830985915493
YPL239W	310	1230.0	143	10.0	39.0	596.0	1395.0	99.0	222.0	124.0	299.0	0.8382113821138212	0.5195121951219512	0.9552845528455285	0.8268292682926829	0.9934959349593496	0.9796747967479674
YPL240C	399	1694.0	110	24.0	33.0	543.0	320.0	99.19999999999982	126.0	133.8266666666665	143.0	0.6440377804014168	0.5501770956316411	0.9498229043683589	0.9881936245572609	0.9940968122786304	0.9982290436835891
YPL241C	51	90.0	12	3.0	23.0	187.0	259.0	30.0	142.66666666666666	131.79999999999922	229.66666666666623	0.9444444444444444	0.6777777777777778	0.9888888888888889	0.9333333333333333	0.9888888888888889	0.9888888888888889
YPL242C	1	1.0	1	0.0	0.0	88.0	163.0	88.0	163.0	88.0	163.0	1.0	1.0	1.0	1.0	1.0	1.0
YPL243W	487	9316.0	2067	16.0	13.0	1317.0	1003.0	119.0	81.0	305.0	107.0	0.6858093602404466	0.9697294976384715	0.79293688278231	0.9919493344783169	0.9881923572348648	0.994740231859167
YPL244C	252	695.0	84	6.0	39.0	509.0	220.0	195.0	183.0	249.49999999999986	201.0	0.8690647482014389	0.5726618705035971	0.9280575539568345	0.7899280575539568	0.9280575539568345	0.9294964028776979
YPL245W	80	217.0	18	31.0	9.0	1110.0	95.0	66.11999999999998	70.5333333333333	1110.0	91.09999999999995	0.41935483870967744	0.9539170506912442	0.8064516129032258	1.0	0.9723502304147466	1.0
YPL246C	316	2888.0	443	11.0	13.0	411.0	292.0	81.0	105.0	82.07999999999993	109.0	0.8126731301939059	0.9903047091412742	0.9965373961218836	0.9916897506925207	0.9993074792243767	0.9916897506925207
YPL247C	1	1.0	1	0.0	0.0	92.0	100.0	92.0	100.0	92.0	100.0	1.0	1.0	1.0	1.0	1.0	1.0
YPL248C	25	52.0	8	15.0	47.66666666667152	50.0	212.0	40.0	194.44	49.899999999999984	211.78666666666663	0.9615384615384616	0.5961538461538461	1.0	0.9038461538461539	1.0	0.9038461538461539
YPL249C	70	115.0	6	37.5	16.0	148.0	104.0	120.0	77.0	148.0	87.74999999999986	0.6	0.9217391304347826	0.8	0.991304347826087	0.9826086956521739	1.0
YPL249C-A	2254	50730.0	4850	16.0	9.0	159.0	250.0	54.0	168.0	61.0	186.0	0.8109994086339444	0.8794007490636704	0.9946382810959984	0.9931204415533215	0.9996846047703528	0.9999802877981471
YPL250C	75	173.0	17	1.0	26.666666666671517	617.0	369.0	69.89999999999999	219.7	140.1300000000002	266.7600000000009	0.976878612716763	0.5433526011560693	0.9884393063583815	0.8959537572254336	1.0	0.9884393063583815
YPL252C	64	98.0	19	16.333333333328483	25.0	93.0	141.0	72.0	141.0	87.23999999999995	141.0	0.7755102040816326	0.7346938775510204	1.0	0.9897959183673469	1.0	0.9897959183673469
YPL253C	73	110.0	7	8.0	17.0	106.0	165.0	80.0	164.0	95.8000000000001	165.0	0.8	0.7909090909090909	0.990909090909091	0.8909090909090909	1.0	1.0
YPL254W	82	173.0	16	23.166666666671517	6.0	257.0	1470.0	251.58235294117645	1022.9999999999997	256.18	1143.7100000000003	0.7052023121387283	0.9017341040462428	0.861271676300578	0.9132947976878613	0.9826589595375722	0.9248554913294798
YPL255W	80	149.0	14	18.0	16.25	828.0	259.0	228.0	239.45999999999998	381.5099999999959	241.04999999999995	0.6510067114093959	0.8523489932885906	0.8389261744966443	0.8859060402684564	0.9395973154362416	0.9932885906040269
YPL256C	112	264.0	52	3.0	48.0	391.0	454.0	241.53333333333333	244.0	347.6933333333342	246.0	0.7916666666666666	0.5416666666666666	0.8181818181818182	0.75	0.928030303030303	0.9924242424242424
YPL257W	36	37.0	4	55.0	299.75	244.0	1143.0	90.94999999999999	1074.0	244.0	1113.4	0.32432432432432434	0.13513513513513514	0.7297297297297297	0.16216216216216217	0.972972972972973	0.1891891891891892
YPL258C	38	53.0	6	627.3125	31.5	934.0	438.0	897.4	177.39999999999998	933.52	438.0	0.16981132075471697	0.5849056603773585	0.24528301886792453	0.9056603773584906	0.33962264150943394	0.9056603773584906
YPL259C	120	207.0	9	29.0	7.5	79.0	244.0	75.0	214.0	77.0	233.5333333333334	0.42028985507246375	0.8405797101449275	1.0	0.8695652173913043	1.0	0.8743961352657005
YPL260W	179	721.0	98	6.0	9.0	2144.0	423.0	121.0	188.77999999999997	124.0	254.78999999999996	0.9223300970873787	0.8987517337031901	0.9902912621359223	0.9611650485436893	0.9986130374479889	0.9916782246879334
YPL261C	5	4.0	2	5.0	215.5	239.0	266.0	239.0	264.8	239.0	265.76	0.75	0.5	0.75	0.5	1.0	0.5
YPL262W	377	1292.0	66	157.0	12.0	601.0	2344.0	193.79999999999993	87.0	201.5155555555555	253.0	0.5239938080495357	0.7755417956656346	0.6261609907120743	0.9520123839009288	0.6671826625386997	0.9527863777089783
YPL263C	220	1084.0	132	14.0	30.0	171.0	316.0	50.0	136.0	74.0	257.920000000001	0.7297047970479705	0.6429889298892989	0.9880073800738007	0.8551660516605166	0.9944649446494465	0.9538745387453874
YPL264C	11	13.0	2	110.0	98.875	1903.0	277.0	1772.6999999999996	276.1	1903.0	277.0	0.7692307692307693	0.38461538461538464	0.7692307692307693	0.6153846153846154	0.7692307692307693	0.9230769230769231
YPL265W	80	149.0	14	25.0	45.0	218.0	323.0	127.39999999999998	320.525	156.07999999999993	322.34666666666664	0.5704697986577181	0.44966442953020136	0.9731543624161074	0.825503355704698	0.9932885906040269	0.825503355704698
YPL266W	152	356.0	39	17.0	9.0	967.0	893.0	84.69999999999999	88.39999999999998	96.0	269.48	0.7191011235955056	0.949438202247191	0.9915730337078652	0.9691011235955056	0.9943820224719101	0.9691011235955056
YPL267W	68	360.0	95	0.0	15.0	75.0	1341.0	23.0	67.0	57.799999999999955	252.59999999999718	0.9583333333333334	0.7833333333333333	0.9972222222222222	0.9861111111111112	1.0	0.9888888888888889
YPL268W	121	230.0	26	10.0	74.0	92.0	150.0	64.0	143.0	91.03999999999999	147.39999999999998	0.8782608695652174	0.36086956521739133	0.9782608695652174	0.6043478260869565	1.0	0.8913043478260869
YPL269W	37	83.0	10	9.0	45.25	2628.0	257.0	32.099999999999966	148.0	2071.180000000003	245.01000000000005	0.9156626506024096	0.6265060240963856	0.963855421686747	0.7710843373493976	0.9879518072289156	0.9879518072289156
YPL270W	157	1542.0	317	9.0	1.0	433.0	2401.0	38.319999999999894	99.0	62.0	139.47999999999956	0.9325551232166018	0.9559014267185474	0.993514915693904	0.9909208819714657	0.9974059662775616	0.9993514915693904
YPL271W	987	33142.0	4857	9.0	10.0	1438.0	2635.0	30.0	207.0	33.0	228.0	0.9308128658499789	0.8031199082734898	0.9997887876410597	0.8210126123951481	0.9997887876410597	0.9872367388811779
YPL272C	11	12.0	2	1023.5	11.5	1670.0	91.0	1666.5	90.6	1670.0	91.0	0.16666666666666666	0.9166666666666666	0.16666666666666666	1.0	0.16666666666666666	1.0
YPL273W	304	1521.0	386	26.4375	5.0	280.0	212.0	146.0	119.0	199.0	145.0	0.646285338593031	0.9165023011176857	0.8257725180802103	0.9789612097304405	0.9835634451019066	0.9993425378040762
YPL274W	536	8283.0	2045	13.0	18.0	1284.0	427.0	68.0	88.0	107.34000000000015	192.0	0.918628516238078	0.9335989375830013	0.988651454786913	0.9511046722202101	0.9936013521670892	0.9613666545937463
YPL279C	7	7.0	1	29.25	27.5	400.0	290.0	400.0	290.0	400.0	290.0	0.14285714285714285	0.7142857142857143	0.8571428571428571	0.8571428571428571	0.8571428571428571	0.8571428571428571
YPR001W	23	30.0	5	39.33333333337214	48.0	178.0	171.0	147.0	170.0	178.0	171.0	0.5	0.5666666666666667	0.7333333333333333	1.0	1.0	1.0
YPR002C-A	2	2.0	1	140.0	8.0	506.0	132.0	506.0	132.0	506.0	132.0	0.5	1.0	0.5	1.0	0.5	1.0
YPR002W	39	83.0	12	8.583333333372138	1.0	166.0	239.0	121.0	223.0	149.50000000000009	239.0	0.7951807228915663	0.8433734939759037	0.7951807228915663	0.9759036144578314	0.8433734939759037	1.0
YPR003C	45	87.0	9	9.0	6.0	78.0	437.0	62.29999999999998	346.0	74.54666666666662	420.1649999999998	0.896551724137931	0.6896551724137931	1.0	0.8735632183908046	1.0	0.896551724137931
YPR004C	222	633.0	51	34.0	22.0	252.0	156.0	65.0	102.0	69.33999999999992	143.0	0.7156398104265402	0.8199052132701422	0.8515007898894155	0.9605055292259084	0.9984202211690363	1.0
YPR005C	75	98.0	6	110.0	105.0	1286.0	363.0	1252.1999999999998	342.46666666666664	1286.0	354.3599999999999	0.3673469387755102	0.47959183673469385	0.5510204081632653	0.47959183673469385	0.7040816326530612	0.5714285714285714
YPR006C	13	14.0	2	65.0	72.0	183.0	144.0	180.79999999999998	144.0	183.0	144.0	0.42857142857142855	0.42857142857142855	0.42857142857142855	0.5	0.8571428571428571	1.0
YPR008W	75	149.0	12	5.5625	17.0	537.0	151.0	363.59999999999957	143.09999999999997	529.0799999999999	148.52499999999998	0.738255033557047	0.9261744966442953	0.8523489932885906	1.0	0.8926174496644296	1.0
YPR009W	116	237.0	23	6.25	23.650000000023283	696.0	198.0	141.0	170.76666666666665	176.47999999999956	193.0	0.8354430379746836	0.6919831223628692	0.9451476793248945	0.7763713080168776	0.9915611814345991	0.9831223628691983
YPR010C	108	214.0	14	24.0	28.0	86.0	585.0	66.0	348.0	78.95999999999984	367.2399999999999	0.5794392523364486	0.6214953271028038	0.9953271028037384	0.8738317757009346	1.0	0.9018691588785047
YPR010C-A	782	3758.0	365	26.0	45.0	1423.0	245.0	90.0	185.0	809.640000000003	204.0	0.5654603512506653	0.567589143161256	0.9603512506652475	0.7490686535391166	0.9882916444917509	0.8150612027674294
YPR011C	358	914.0	41	34.0	102.0	340.0	874.0	110.79999999999995	282.29999999999995	124.36000000000001	841.6000000000001	0.7024070021881839	0.2461706783369803	0.9879649890590809	0.34573304157549234	0.9989059080962801	0.5995623632385121
YPR012W	28	6.0	1	1159.0	0.0	1214.0	140.0	1214.0	72.79999999999998	1214.0	76.16	0.3333333333333333	0.8333333333333334	0.3333333333333333	1.0	0.3333333333333333	1.0
YPR013C	210	324.0	14	432.5	158.0	1041.0	1229.0	794.3000000000011	395.0	992.8599999999994	424.26	0.15123456790123457	0.41358024691358025	0.16358024691358025	0.5679012345679012	0.30864197530864196	0.5802469135802469
YPR015C	16	19.0	2	13.083333333372138	22.0	241.0	148.0	104.75000000000001	148.0	193.4999999999997	148.0	0.6842105263157895	0.6842105263157895	0.9473684210526315	1.0	1.0	1.0
YPR016C	173	302.0	29	23.0	37.0	130.0	653.0	122.05714285714285	274.93333333333334	125.0	417.2400000000025	0.6655629139072847	0.48013245033112584	0.9966887417218543	0.8311258278145696	1.0	0.9205298013245033
YPR017C	244	1028.0	105	3.099999999976717	101.0	261.0	382.0	26.0	265.0	249.0	327.22	0.9640077821011673	0.42996108949416345	0.9815175097276264	0.4367704280155642	0.9824902723735408	0.7013618677042801
YPR018W	286	1248.0	253	20.0	43.5	1081.0	397.0	136.0	182.0	177.0	244.0	0.7740384615384616	0.6586538461538461	0.9495192307692307	0.7628205128205128	0.9927884615384616	0.9783653846153846
YPR019W	61	89.0	8	12.75	50.0	135.0	193.0	98.0	192.7	135.0	193.0	0.8651685393258427	0.6741573033707865	0.9438202247191011	0.7752808988764045	1.0	1.0
YPR020W	251	2300.0	330	8.0	24.0	977.0	258.0	49.0	131.5	64.5	236.5	0.9534782608695652	0.552608695652174	1.0	0.9760869565217392	1.0	0.9869565217391304
YPR021C	2	2.0	1	4.0	0.0	219.0	65.0	219.0	65.0	219.0	65.0	1.0	1.0	1.0	1.0	1.0	1.0
YPR022C	22	29.0	3	7.0	95.0	254.0	169.0	250.2	165.83333333333331	254.0	169.0	0.7931034482758621	0.6206896551724138	0.9310344827586207	0.7241379310344828	0.9310344827586207	1.0
YPR023C	285	754.0	80	27.0	57.0	119.0	608.0	91.0	436.0	92.96000000000004	443.0	0.6153846153846154	0.29708222811671087	0.8912466843501327	0.7931034482758621	1.0	0.8103448275862069
YPR024W	293	1541.0	132	31.0	30.0	604.0	664.0	184.0	535.0	194.0	545.0899999999999	0.6333549643088904	0.573004542504867	0.7968851395197923	0.9779364049318624	0.9876703439325114	0.9941596365996106
YPR025C	53	76.0	10	263.0	15.0	1729.0	169.0	634.9000000000001	149.0	1626.819999999998	168.48	0.7368421052631579	0.881578947368421	0.7368421052631579	1.0	0.7368421052631579	1.0
YPR026W	7	6.0	1	39.0	0.0	372.0	108.0	372.0	108.0	372.0	108.0	0.5	0.8333333333333334	0.6666666666666666	1.0	0.8333333333333334	1.0
YPR028W	700	12212.0	2391	24.0	5.0	848.0	2052.0	60.0	151.0	92.0	169.0	0.6311824434981985	0.9903373730756633	0.9895185063871602	0.9976252866033409	0.9925483131346217	0.9982803799541434
YPR029C	89	211.0	22	7.0	24.0	87.0	327.0	61.0	248.0	87.0	283.15499999999946	0.9004739336492891	0.5213270142180095	1.0	0.990521327014218	1.0	0.990521327014218
YPR030W	17	44.0	13	9.0	21.0	36.0	133.0	27.19999999999999	113.16666666666663	36.0	133.0	0.9772727272727273	0.6818181818181818	1.0	0.9772727272727273	1.0	1.0
YPR031W	17	29.0	4	4.0	50.0	126.0	222.0	109.49999999999989	166.26666666666648	126.0	222.0	0.8275862068965517	0.3103448275862069	0.9310344827586207	0.6206896551724138	1.0	0.9655172413793104
YPR032W	10	13.0	3	3.75	5.0	59.0	110.0	59.0	109.8	59.0	110.0	0.8461538461538461	0.8461538461538461	1.0	0.8461538461538461	1.0	1.0
YPR033C	191	1464.0	265	1.5	58.0	179.0	220.0	42.0	135.87272727272727	57.8799999999992	193.67111111111095	0.8968579234972678	0.43306010928961747	0.9883879781420765	0.6181693989071039	0.9986338797814208	0.985655737704918
YPR034W	298	1606.0	135	27.0	13.0	433.0	278.0	78.0	264.0	259.0	271.0	0.863013698630137	0.9738480697384807	0.962640099626401	0.9856787048567871	0.9863013698630136	0.9987546699875467
YPR035W	242	1414.0	293	0.0	48.0	273.0	251.0	126.0	218.0	179.06909090909076	241.0	0.9391796322489392	0.471004243281471	0.9462517680339463	0.7185289957567186	0.987977369165488	1.0
YPR036W	395	10580.0	2584	27.0	0.0	244.0	166.0	56.0	95.0	58.0	118.0	0.729867674858223	0.9607750472589792	0.9993383742911153	0.997164461247637	0.9993383742911153	1.0
YPR036W-A	165	1247.0	162	3.0	20.0	591.0	2467.0	75.0	296.0	88.82499999999993	306.0	0.9855653568564555	0.6559743384121892	0.9895749799518845	0.9887730553327987	0.9935846030473136	0.9959903769045709
YPR037C	201	2025.0	297	3.0	49.0	1364.0	199.0	59.0	133.0	76.0	142.0	0.9733333333333334	0.5822222222222222	0.9995061728395062	0.8558024691358025	0.9995061728395062	1.0
YPR038W	4	5.0	2	1.0	19.08333333337214	1477.0	1425.0	1477.0	1425.0	1477.0	1425.0	1.0	0.8	1.0	1.0	1.0	1.0
YPR039W	4	5.0	2	1.0	19.08333333337214	1653.0	1273.0	1653.0	1273.0	1653.0	1273.0	1.0	0.8	1.0	1.0	1.0	1.0
YPR040W	119	273.0	36	23.0	4.0	1946.0	245.0	41.0	134.0	1942.0	226.9266666666666	0.6336996336996337	0.684981684981685	0.9743589743589743	0.9194139194139194	0.9816849816849816	0.9816849816849816
YPR041W	661	17594.0	5578	21.0	0.0	182.0	469.0	115.0	161.0	136.0	190.0	0.6819370239854495	0.9527111515289303	0.9776060020461521	0.991417528702967	0.9998294873252245	0.9997158122087075
YPR043W	513	25099.0	5816	3.0	3.0	4248.0	297.0	37.0	76.0	58.0	86.0	0.9789234630861787	0.9946212996533726	0.9985258376827763	0.9982070998844575	0.9999601577752102	0.9989242599306746
YPR045C	93	709.0	231	8.315217391354963	4.0	604.0	310.0	58.0	120.0	60.819999999999936	172.6899999999997	0.8758815232722144	0.9506346967559943	0.9802538787023978	0.9689703808180536	0.998589562764457	0.9901269393511989
YPR046W	71	106.0	10	5.0	29.0	1251.0	104.0	43.799999999999955	94.0	1204.5199999999998	101.63999999999999	0.9056603773584906	0.5566037735849056	0.9622641509433962	1.0	0.9716981132075472	1.0
YPR047W	55	150.0	18	29.0	4.0	380.0	189.0	77.0	153.0	200.0	187.0	0.5	0.9266666666666666	0.9533333333333334	0.9533333333333334	0.96	1.0
YPR048W	79	328.0	90	0.0	16.5	839.0	272.0	35.0	91.0	53.0	228.6599999999999	0.9451219512195121	0.9359756097560976	0.9969512195121951	0.9695121951219512	0.9969512195121951	0.975609756097561
YPR049C	11	19.0	3	14.0	6.0	83.0	88.0	83.0	88.0	83.0	88.0	0.8421052631578947	1.0	1.0	1.0	1.0	1.0
YPR051W	240	748.0	84	8.0	18.0	64.0	321.0	54.0	141.0	56.0	155.34666666666666	0.8997326203208557	0.7647058823529411	1.0	0.9906417112299465	1.0	0.9986631016042781
YPR052C	555	3190.0	264	27.0	4.0	1480.0	281.0	80.0	234.0	89.0666666666666	248.5999999999999	0.6253918495297806	0.8843260188087775	0.9263322884012539	0.9545454545454546	0.9946708463949844	0.9934169278996865
YPR053C	17	17.0	2	185.08333333337214	125.83333333337214	1211.0	288.0	1204.7	284.0	1211.0	286.64	0.5882352941176471	0.5294117647058824	0.7058823529411765	0.5294117647058824	0.7058823529411765	0.5882352941176471
YPR054W	19	31.0	6	4.666666666627862	3.75	717.0	49.0	714.0666666666666	49.0	717.0	49.0	0.8387096774193549	0.8064516129032258	0.9354838709677419	1.0	0.9354838709677419	1.0
YPR055W	11	20.0	5	5.0	34.66666666662786	58.0	113.0	57.0	113.0	58.0	113.0	1.0	0.6	1.0	1.0	1.0	1.0
YPR056W	107	157.0	11	8.0	104.0	1109.0	1418.0	42.0	1414.0	47.813333333333354	1418.0	0.9617834394904459	0.27388535031847133	0.9936305732484076	0.5605095541401274	0.9936305732484076	0.7452229299363057
YPR057W	69	251.0	35	17.949999999953434	4.0	1393.0	199.0	1368.0	64.0	1386.96	68.25714285714288	0.8087649402390438	1.0	0.848605577689243	1.0	0.848605577689243	1.0
YPR058W	436	2284.0	445	42.0	21.0	197.0	3069.0	87.0	169.0	105.65999999999985	268.0	0.5713660245183888	0.7412434325744308	0.7793345008756567	0.8546409807355516	0.9964973730297724	0.9614711033274956
YPR059C	8	9.0	2	278.5	28.66666666662786	1020.0	874.0	1020.0	874.0	1020.0	874.0	0.2222222222222222	0.6666666666666666	0.2222222222222222	1.0	0.2222222222222222	1.0
YPR060C	396	1076.0	53	33.5	13.0	262.0	1421.0	88.0	208.0	105.07200000000003	213.888	0.5715613382899628	0.7267657992565055	0.9879182156133829	0.9302973977695167	0.9990706319702602	0.9944237918215614
YPR061C	60	104.0	7	19.66666666662786	42.199999999953434	103.0	156.0	71.0	135.0	95.79999999999991	154.2	0.8173076923076923	0.5480769230769231	0.9903846153846154	0.8942307692307693	1.0	1.0
YPR062W	727	31305.0	12252	0.0	1.0	3442.0	1989.0	30.0	118.0	36.0	123.0	0.9108129691742534	0.912537933237502	0.9998722248842038	0.9934515253154448	0.9998722248842038	0.9997125059894586
YPR063C	701	8588.0	1214	21.0	14.0	1176.0	326.0	60.0	209.79999999999987	67.0	217.0	0.6955053563111319	0.8823940381928272	0.9873078714485328	0.9952258965999069	0.9977876106194691	0.9982533768048439
YPR064W	6	6.0	2	1389.0	127.0	1815.0	260.0	1815.0	260.0	1815.0	260.0	0.5	0.6666666666666666	0.5	0.6666666666666666	0.5	0.6666666666666666
YPR065W	101	155.0	7	42.0	143.0	193.0	422.0	172.0	397.5	188.89999999999998	422.0	0.5870967741935483	0.12903225806451613	0.8258064516129032	0.36774193548387096	0.8451612903225807	0.535483870967742
YPR066W	52	105.0	13	14.0	11.400000000023283	50.0	902.0	42.0	862.125	50.0	891.5500000000001	0.9238095238095239	0.6285714285714286	1.0	0.7142857142857143	1.0	0.8761904761904762
YPR067W	216	493.0	26	118.5	63.0	1057.0	954.0	1025.0	199.69999999999993	1049.0	235.0	0.4563894523326572	0.6166328600405679	0.742393509127789	0.6876267748478702	0.7484787018255578	0.947261663286004
YPR068C	77	110.0	6	32.0	149.0	1126.0	198.0	63.0	196.0	1125.6666666666667	198.0	0.6818181818181818	0.36363636363636365	0.9636363636363636	0.4727272727272727	0.9636363636363636	0.509090909090909
YPR069C	555	2762.0	184	29.0	13.0	258.0	1793.0	63.0	113.0	71.35200000000005	156.76000000000022	0.5651701665459812	0.8685734974656046	0.9351918899348298	0.9706734250543084	0.996741491672701	0.996017378711079
YPR070W	107	185.0	17	53.0	16.0	277.0	577.0	154.5	417.25	274.65	529.0	0.6216216216216216	0.8810810810810811	0.7621621621621621	0.8810810810810811	0.9297297297297298	0.9459459459459459
YPR071W	78	95.0	6	18.0	170.0	90.0	689.0	43.5	573.5	79.19999999999993	656.5999999999998	0.8842105263157894	0.43157894736842106	0.968421052631579	0.5052631578947369	1.0	0.6526315789473685
YPR072W	141	530.0	41	6.0	19.0	141.0	395.0	107.0	113.0	114.80000000000041	198.80000000000078	0.9415094339622642	0.8603773584905661	0.9867924528301887	0.9566037735849057	0.9981132075471698	0.9886792452830189
YPR073C	256	552.0	60	17.0	21.0	147.0	1373.0	86.0	247.0	141.0	1296.9600000000128	0.730072463768116	0.7971014492753623	0.9746376811594203	0.8333333333333334	1.0	0.9565217391304348
YPR074C	939	20916.0	1406	47.0	19.0	155.0	217.0	126.0	143.0	130.0	148.0	0.7164849875693249	0.7937942245171161	0.8867374258940524	0.9974182444061962	1.0	0.9999043794224517
YPR075C	8	8.0	2	1.3333333333721384	78.0	59.0	254.0	59.0	254.0	59.0	254.0	1.0	0.375	1.0	0.5	1.0	0.75
YPR076W	13	13.0	1	52.0	533.0	808.0	1524.0	806.95	1520.4	808.0	1524.0	0.38461538461538464	0.38461538461538464	0.7692307692307693	0.38461538461538464	0.8461538461538461	0.38461538461538464
YPR079W	42	60.0	11	22.0	14.0	162.0	197.0	103.5	132.0	129.5999999999999	195.79999999999998	0.7833333333333333	0.8666666666666667	0.9166666666666666	0.9666666666666667	1.0	0.9833333333333333
YPR080W	611	161660.0	127260	0.0	0.0	146.0	2712.0	42.0	121.0	42.0	131.0	0.9966534702461958	0.9918780155882717	0.9990226401088704	0.9983421996783373	0.9998762835580849	0.9999814425337127
YPR081C	25	41.0	6	3.0	14.625	694.0	145.0	667.5999999999999	142.45	694.0	145.0	0.926829268292683	0.8048780487804879	0.926829268292683	0.926829268292683	0.926829268292683	1.0
YPR082C	472	2189.0	166	21.0	81.0	132.0	2141.0	47.0	157.0	57.0	157.0	0.7227044312471448	0.3595248972133394	0.9968021927820923	0.4138876199177707	0.9995431703974418	0.8880767473732298
YPR083W	108	545.0	153	11.0	2.0	2762.0	263.0	51.0	126.25	83.0	170.23333333333312	0.8788990825688073	0.9559633027522936	0.9743119266055046	0.9908256880733946	0.998165137614679	0.998165137614679
YPR084W	71	111.0	9	30.33333333337214	43.83333333337214	1385.0	1212.0	138.5499999999999	1201.85	865.2800000000004	1211.34	0.6036036036036037	0.4594594594594595	0.918918918918919	0.7657657657657657	0.972972972972973	0.8108108108108109
YPR085C	133	386.0	57	11.0	6.0	329.0	1902.0	113.0	122.39999999999998	122.19999999999993	210.27999999999997	0.7098445595854922	0.9119170984455959	0.9818652849740933	0.9715025906735751	0.9974093264248705	0.9922279792746114
YPR086W	82	235.0	45	16.06000000005588	1.0	148.0	399.0	70.52631578947368	298.0	110.03333333333359	306.0	0.8468085106382979	0.9063829787234042	0.9914893617021276	0.9702127659574468	0.9914893617021276	0.9744680851063829
YPR088C	496	5745.0	766	13.0	9.0	294.0	263.0	49.0	98.0	59.0	139.64000000000016	0.805395996518712	0.8870322019147084	0.9993037423846823	0.9838120104438642	0.9993037423846823	0.9942558746736292
YPR089W	63	114.0	9	14.599999999976717	67.0	70.0	241.0	64.0	218.0	70.0	227.56	0.631578947368421	0.4824561403508772	1.0	0.5350877192982456	1.0	0.9912280701754386
YPR091C	297	1416.0	223	3.0	128.0	124.0	381.0	43.0	314.0	63.0	318.67999999999984	0.8912429378531074	0.4272598870056497	0.9992937853107344	0.4505649717514124	1.0	0.507768361581921
YPR092W	3	1.0	1	3.0	31.0	190.0	136.0	184.0	136.0	184.0	136.0	1.0	1.0	1.0	1.0	1.0	1.0
YPR093C	188	294.0	12	39.0	89.0	488.0	983.0	119.20000000000016	957.96	454.44000000000005	981.12	0.5918367346938775	0.2925170068027211	0.9013605442176871	0.5408163265306123	0.9523809523809523	0.7585034013605442
YPR094W	79	166.0	25	18.0	3.0	1070.0	98.0	46.0	78.39999999999998	1046.0	84.76	0.8192771084337349	0.9759036144578314	0.9698795180722891	1.0	0.9698795180722891	1.0
YPR095C	10	10.0	1	35.0	3.0	305.0	110.0	305.0	110.0	305.0	110.0	0.7	1.0	0.8	1.0	1.0	1.0
YPR097W	33	49.0	4	13.0	41.0	249.0	265.0	244.0	171.875	249.0	265.0	0.8163265306122449	0.6122448979591837	0.9591836734693877	0.8571428571428571	1.0	0.9591836734693877
YPR098C	672	4696.0	394	6.0	29.0	737.0	455.0	44.0	284.0	86.0	297.0	0.8317717206132879	0.6684412265758092	0.9925468483816013	0.8034497444633731	0.9976575809199318	0.8066439522998297
YPR099C	23	19.0	4	41.40000000002328	419.0	1019.0	1189.0	254.9000000000012	1146.7	1019.0	1189.0	0.5789473684210527	0.42105263157894735	0.7894736842105263	0.42105263157894735	0.9473684210526315	0.42105263157894735
YPR100W	167	689.0	88	18.0	4.375	85.0	159.0	48.0	108.0	61.0	136.0	0.2888243831640058	0.9521044992743106	0.9825834542815675	0.9898403483309144	1.0	1.0
YPR101W	192	3533.0	1509	4.0	0.10901259107049555	139.0	277.0	25.0	215.0	36.290769230769236	222.0	0.9980186810076422	0.9133880554769318	0.9997169544296631	0.9651853948485706	1.0	1.0
YPR102C	1025	25617.0	4753	11.0	0.0	279.0	314.0	109.0	97.0	142.0	104.0	0.9050240074950229	0.9485497911543116	0.9230589061951048	0.9971503298590779	0.9559277042588906	0.9998828902681813
YPR103W	410	1696.0	109	37.0	57.0	669.0	303.0	118.0	212.0	118.95545454545454	213.0	0.5341981132075472	0.7358490566037735	0.8561320754716981	0.7446933962264151	0.9994103773584906	0.7582547169811321
YPR104C	36	47.0	3	4.5	77.75	297.0	399.0	292.0	391.0	297.0	399.0	0.9787234042553191	0.3191489361702128	1.0	0.44680851063829785	1.0	0.8936170212765957
YPR105C	94	184.0	13	65.75	6.0	248.0	121.0	234.0	82.0	246.64	84.0	0.32608695652173914	0.967391304347826	0.7119565217391305	0.9945652173913043	0.875	1.0
YPR106W	206	1006.0	119	20.857142857159488	70.0	65.0	850.0	56.0	97.26857142857142	56.0	772.9599999999995	0.7932405566600398	0.41451292246520877	0.9950298210735586	0.6033797216699801	1.0	0.974155069582505
YPR107C	62	75.0	10	8.5	109.0	128.0	237.0	116.0	215.0	128.0	235.25	0.8533333333333334	0.29333333333333333	1.0	0.4533333333333333	1.0	0.6933333333333334
YPR108W	479	1685.0	81	18.0	105.0	446.0	324.0	117.0	239.0	125.0	248.0	0.7483679525222552	0.32462908011869435	0.9679525222551929	0.6397626112759643	0.9994065281899109	0.8219584569732937
YPR109W	140	264.0	9	137.0	53.800000000046566	231.0	219.0	231.0	111.0	231.0	144.9400000000004	0.2840909090909091	0.7159090909090909	0.5492424242424242	0.7386363636363636	0.8143939393939394	0.9962121212121212
YPR110C	656	3284.0	158	8.0	67.66666666662786	99.0	344.0	39.0	238.19999999999982	47.0	286.46399999999994	0.8498781973203411	0.580694275274056	0.9996954933008526	0.6443361753958587	1.0	0.9716808769792935
YPR111W	141	356.0	34	24.0	190.0	346.0	345.0	67.0	259.0	231.84	309.0	0.7275280898876404	0.6151685393258427	0.9831460674157303	0.6544943820224719	0.9831460674157303	0.6797752808988764
YPR112C	69	171.0	26	29.0	10.0	78.0	209.0	75.0	110.0	75.0	184.79999999999984	0.672514619883041	0.9649122807017544	1.0	0.9824561403508771	1.0	0.9941520467836257
YPR113W	374	1693.0	104	4.0	1323.0	79.0	1571.0	38.0	1450.0	69.0	1450.0	0.9556999409332546	0.41523922031896043	0.9958653278204371	0.45540460720614295	1.0	0.6893089190785587
YPR114W	553	2143.0	101	628.5	22.0	1123.0	643.0	1078.0	121.0	1095.3550000000002	195.0	0.5440970601959869	0.7162855809612693	0.6892207186187588	0.9640690620625292	0.6980867942137191	0.9920671955202987
YPR115W	9	11.0	3	24.125	33.0	207.0	274.0	207.0	273.9	207.0	274.0	0.7272727272727273	0.6363636363636364	0.8181818181818182	1.0	0.9090909090909091	1.0
YPR116W	24	35.0	4	31.699999999953434	850.0250000000233	76.0	1860.0	36.0	1598.25	76.0	1860.0	0.6571428571428571	0.2	0.9714285714285714	0.2	1.0	0.22857142857142856
YPR118W	132	657.0	75	8.0	8.550000000046566	78.0	170.0	51.0	95.0	70.0	141.0	0.8812785388127854	0.9056316590563166	1.0	0.9680365296803652	1.0	1.0
YPR119W	71	112.0	12	46.0	289.0	653.0	690.0	421.33333333333326	410.0	543.2599999999992	560.419999999999	0.10714285714285714	0.25	0.125	0.25892857142857145	0.125	0.2857142857142857
YPR120C	98	155.0	6	16.0	111.0	417.0	213.0	235.0	193.5	394.4499999999983	210.0	0.8	0.6967741935483871	0.8838709677419355	0.6967741935483871	0.9483870967741935	0.7419354838709677
YPR121W	72	102.0	10	241.5	17.0	1382.0	134.0	909.0	82.15999999999998	1230.1600000000012	119.44000000000011	0.4215686274509804	0.9607843137254902	0.5196078431372549	0.9901960784313726	0.6568627450980392	1.0
YPR123C	23	54.0	23	465.0	9.833333333372138	1130.0	745.0	1117.8799999999999	458.4	1129.84	735.4000000000002	0.4444444444444444	0.9259259259259259	0.46296296296296297	0.9629629629629629	0.46296296296296297	0.9814814814814815
YPR124W	205	1020.0	82	13.0	10.0	437.0	287.0	185.0	240.0	212.0	279.15	0.9637254901960784	0.8362745098039216	0.9862745098039216	0.8431372549019608	0.9950980392156863	0.8568627450980392
YPR125W	223	1130.0	168	20.0	14.0	158.0	328.0	116.0	244.0	119.0	284.0	0.8725663716814159	0.852212389380531	0.9530973451327434	0.8734513274336283	1.0	0.9725663716814159
YPR126C	1	1.0	1	0.0	0.0	54.0	498.0	54.0	498.0	54.0	498.0	1.0	1.0	1.0	1.0	1.0	1.0
YPR127W	85	284.0	52	180.0	3.0	328.0	334.0	189.0	105.0	200.98000000000008	189.0	0.40492957746478875	0.9436619718309859	0.41901408450704225	0.9612676056338029	0.426056338028169	0.9788732394366197
YPR128C	89	127.0	10	27.849999999976717	26.0	1364.0	817.0	66.64999999999999	169.0	727.2100000000032	336.5200000000025	0.5118110236220472	0.6929133858267716	0.9606299212598425	0.8503937007874016	0.9763779527559056	0.9921259842519685
YPR129W	163	955.0	102	10.833333333372138	4.0	57.0	151.0	37.0	85.0	40.0	93.0	0.9863874345549738	0.9968586387434555	1.0	0.9989528795811519	1.0	1.0
YPR131C	198	1036.0	119	25.0	12.0	374.0	208.0	51.0	203.0	78.0	203.0	0.5434362934362934	0.915057915057915	0.9855212355212355	0.9980694980694981	1.0	0.999034749034749
YPR132W	1382	61084.0	6480	9.0	32.0	493.0	2117.0	34.0	140.0	41.0	141.0	0.9880983563617314	0.7015585095933469	0.9983301682928426	0.9917981795560212	0.9999345164036408	0.9979700085128675
YPR133C	225	750.0	122	15.0	0.0	690.0	228.0	97.0	128.0	124.5	212.0	0.8453333333333334	0.896	0.9586666666666667	0.9506666666666667	0.9906666666666667	0.98
YPR133W-A	297	2018.0	170	28.0	13.0	2625.0	1268.0	63.0	176.0	66.0	208.83999999999995	0.6615460852329038	0.9841427155599604	0.998017839444995	0.9935579781962339	0.9985133795837463	0.9990089197224975
YPR134W	98	369.0	52	13.0	13.824561403482221	2628.0	151.0	30.0	139.36666666666667	47.0	147.0	0.9159891598915989	0.8861788617886179	0.997289972899729	1.0	1.0	1.0
YPR135W	50	84.0	10	32.0	8.0	90.0	353.0	68.0	303.0	87.7333333333333	337.01999999999987	0.5119047619047619	0.8452380952380952	0.9404761904761905	0.8571428571428571	1.0	0.9047619047619048
YPR137W	120	320.0	31	21.0	16.0	977.0	191.0	86.0	181.0	104.13333333333337	185.0	0.853125	0.875	0.971875	1.0	0.99375	1.0
YPR138C	494	4297.0	733	10.0	19.0	321.0	206.0	245.0	148.0	276.52999999999975	157.4188235294117	0.8068419827786828	0.8943448917849662	0.9629974400744705	0.9974400744705608	0.9718408191761694	1.0
YPR139C	208	876.0	105	23.0	6.0	742.0	406.0	75.0	116.0	85.39200000000001	121.48000000000002	0.7123287671232876	0.9075342465753424	0.9714611872146118	0.9931506849315068	0.9988584474885844	0.9988584474885844
YPR140W	90	161.0	17	11.0	13.0	124.0	1407.0	101.0	391.5499999999982	110.0	1182.9266666666617	0.9503105590062112	0.7701863354037267	0.968944099378882	0.8757763975155279	1.0	0.9316770186335404
YPR141C	52	90.0	6	25.0	67.0	455.0	199.0	186.0	179.0	355.3999999999986	190.9999999999999	0.6333333333333333	0.5666666666666667	0.9666666666666667	0.6222222222222222	0.9888888888888889	1.0
YPR143W	457	2562.0	191	12.0	50.78761061944533	65.0	330.0	49.0	198.0	49.960000000000036	209.52000000000044	0.832552693208431	0.5893832943013271	1.0	0.9473067915690867	1.0	0.9590163934426229
YPR144C	386	3563.0	380	16.0	7.625	423.0	146.0	57.0	85.0	69.0	125.0	0.8175694639348864	0.9651978669660398	0.994386752736458	0.979792309851249	0.9980353634577603	1.0
YPR145C-A	6	5.0	1	155.0	158.75	310.0	290.0	310.0	290.0	310.0	290.0	0.2	0.4	0.2	0.4	0.2	0.6
YPR145W	442	2732.0	376	9.0	7.0	145.0	251.0	54.0	166.0	106.0	166.0	0.9392386530014641	0.7898975109809663	0.9890190336749634	0.8894582723279648	0.9992679355783309	0.95900439238653
YPR146C	14	15.0	2	20.5	66.41666666662786	993.0	420.0	985.0	420.0	993.0	420.0	0.6	0.2	0.8	0.2	0.9333333333333333	0.2
YPR147C	101	338.0	48	30.307692307746038	0.0	1656.0	718.0	94.0	287.0	128.16	706.34	0.4970414201183432	0.8964497041420119	0.8964497041420119	0.9378698224852071	0.9940828402366864	0.9615384615384616
YPR148C	295	797.0	57	48.0	11.0	587.0	1393.0	78.0	123.0	81.52999999999997	199.56999999999994	0.4968632371392723	0.9109159347553325	0.820577164366374	0.9786700125470514	0.998745294855709	0.9949811794228356
YPR149W	566	4474.0	770	19.0	219.0	1468.0	622.0	191.0	392.0	206.0	415.2533333333334	0.8024139472507823	0.43540455967814035	0.9170764416629414	0.44233348234242287	0.9342869915064819	0.4461332141260617
YPR151C	18	24.0	3	246.0	35.0	1797.0	94.0	1101.199999999997	85.0	1797.0	91.83999999999997	0.4166666666666667	0.4583333333333333	0.5416666666666666	1.0	0.5416666666666666	1.0
YPR152C	262	1107.0	133	8.0	163.87288135592826	781.0	1090.0	34.0	405.0	58.0	405.0	0.9322493224932249	0.3568202348690154	0.99096657633243	0.4083107497741644	0.99096657633243	0.7199638663053297
YPR153W	82	137.0	13	15.0	29.5	107.0	1295.0	56.0	1281.95	107.0	1290.65	0.9562043795620438	0.5547445255474452	0.9708029197080292	0.6642335766423357	1.0	0.7518248175182481
YPR154W	391	933.0	33	30.25	94.33333333337214	983.0	337.0	922.0	323.0	924.8933333333333	333.00399999999996	0.7084673097534834	0.4844587352625938	0.7942122186495176	0.5819935691318328	0.7952840300107181	0.6752411575562701
YPR155C	90	277.0	47	16.071428571478464	30.0	181.0	237.0	66.0	150.64999999999998	71.92000000000007	222.0900000000006	0.8447653429602888	0.7111913357400722	0.9891696750902527	0.7545126353790613	0.9963898916967509	0.9819494584837545
YPR156C	388	1417.0	125	15.0	107.0	388.0	323.0	311.0	259.6666666666658	312.8866666666666	315.0	0.8278052223006351	0.3267466478475653	0.9026111503175723	0.6337332392378264	0.9851799576570219	0.7014820042342979
YPR157W	76	210.0	76	120.0	0.0	992.0	161.0	446.0	136.0	875.9000000000011	136.0	0.6904761904761905	0.9904761904761905	0.719047619047619	1.0	0.7333333333333333	1.0
YPR158W	77	143.0	18	14.0	6.0	104.0	231.0	97.0	181.7	104.0	200.30999999999977	0.8041958041958042	0.7272727272727273	0.9440559440559441	0.993006993006993	1.0	1.0
YPR159W	140	227.0	16	87.0	21.0	364.0	504.0	353.29999999999995	362.0	354.0	465.34999999999957	0.5418502202643172	0.6079295154185022	0.5726872246696035	0.8766519823788547	0.8590308370044053	0.9074889867841409
YPR160C-A	11	8.0	1	307.5	219.0	2672.0	1552.0	2672.0	592.5999999999995	2672.0	1128.9199999999998	0.125	0.5	0.125	0.625	0.125	0.625
YPR160W	166	741.0	204	33.0	30.625	358.0	243.0	170.0	167.0	233.0	173.0	0.6788124156545209	0.6491228070175439	0.9284750337381916	0.9973009446693657	0.9770580296896086	1.0
YPR160W-A	221	803.0	204	33.0	32.0	986.0	2243.0	797.2666666666667	2167.0	861.0	2173.0	0.6313823163138231	0.6400996264009963	0.8655043586550436	0.987546699875467	0.9103362391033624	0.9900373599003736
YPR161C	197	538.0	39	15.800000000046566	44.0	1886.0	1806.0	87.0	319.0	524.6	387.6	0.7899628252788105	0.671003717472119	0.966542750929368	0.7806691449814126	0.9869888475836431	0.7955390334572491
YPR162C	136	377.0	37	12.0	14.0	1737.0	2370.0	42.0	67.19999999999997	45.0	241.04000000000087	0.9389920424403183	0.8673740053050398	0.9973474801061007	0.9549071618037135	0.9973474801061007	0.986737400530504
YPR163C	688	10744.0	1211	8.0	19.0	159.0	1983.0	94.0	183.0	104.0	184.0	0.9644452717795979	0.72933730454207	0.9823157110945644	0.9755212211466865	1.0	0.9807334326135517
YPR165W	782	3422.0	185	14.0	73.0	2748.0	314.0	238.0	289.0	594.1199999999799	291.0	0.7694330800701344	0.4094097019286967	0.9018118059614261	0.49035651665692576	0.9640561075394506	0.8635300993571011
YPR166C	428	1659.0	139	23.0	7.0	155.0	240.0	61.0	108.29354838709678	100.0	155.0	0.7462326702833032	0.7938517179023508	0.9861362266425557	0.9897528631705846	0.9963833634719711	0.9981916817359855
YPR167C	56	119.0	8	91.125	15.0	152.0	80.0	132.0	79.0	151.62	79.54	0.6722689075630253	1.0	0.7058823529411765	1.0	0.957983193277311	1.0
YPR168W	67	220.0	70	12.0	1.0	670.0	1719.0	196.71428571428572	1695.0	641.2666666666669	1705.8000000000002	0.85	0.8272727272727273	0.85	0.8909090909090909	0.8590909090909091	0.9045454545454545
YPR169W	225	1158.0	308	39.0	0.0	1284.0	149.0	637.0	76.89385113268608	809.24	99.36000000000058	0.5267702936096719	0.9222797927461139	0.768566493955095	0.9991364421416234	0.7737478411053541	1.0
YPR169W-A	825	11008.0	964	13.0	4.0	1005.0	2177.0	38.0	369.09230769230777	50.0	394.0	0.842296511627907	0.8829941860465116	0.9976380813953488	0.9466751453488372	0.9977289244186046	0.9603924418604651
YPR170C	9	11.0	4	112.09999999997672	12.599999999976717	375.0	860.0	373.0	836.0499999999997	374.56	860.0	0.45454545454545453	0.7272727272727273	0.45454545454545453	0.7272727272727273	0.45454545454545453	0.7272727272727273
YPR170W-A	844	11025.0	964	13.0	4.0	1144.0	2071.0	177.0	263.4230769230769	188.25	288.0	0.8409070294784581	0.8830839002267574	0.9969160997732426	0.9472108843537415	0.9974603174603175	0.9609070294784581
YPR170W-B	821	11003.0	964	13.0	4.0	1005.0	2039.0	38.0	231.0	49.909999999998035	256.0	0.8425883849859129	0.8833954376079252	0.9980005453058257	0.9471053349086612	0.9980914296101063	0.9608288648550395
YPR171W	93	530.0	108	3.0	17.0	601.0	165.0	59.666666666666664	114.0	66.26666666666672	116.0	0.9169811320754717	0.869811320754717	0.9981132075471698	0.9981132075471698	0.9981132075471698	1.0
YPR172W	96	151.0	18	11.0	24.0	1928.0	1646.0	41.0	249.3142857142856	43.0	277.0	0.847682119205298	0.46357615894039733	0.9933774834437086	0.7748344370860927	0.9933774834437086	0.9271523178807947
YPR173C	566	2620.0	484	6.0	93.0	942.0	1048.0	876.5	295.6666666666667	910.0	603.0000000000091	0.916412213740458	0.4904580152671756	0.9229007633587786	0.5759541984732824	0.9251908396946565	0.7610687022900763
YPR174C	127	219.0	21	6.0	1494.25	71.0	2159.0	57.0	1703.1999999999998	70.172	1823.0500000000002	0.8995433789954338	0.3470319634703196	1.0	0.4155251141552511	1.0	0.502283105022831
YPR175W	109	253.0	16	19.0	22.125	155.0	1045.0	60.0	79.0	99.925	1041.0	0.857707509881423	0.8893280632411067	0.9762845849802372	0.9565217391304348	0.9960474308300395	0.9683794466403162
YPR176C	125	282.0	21	10.0	41.0	79.0	426.0	35.0	175.0	67.36000000000001	206.36	0.925531914893617	0.5	0.9858156028368794	0.9326241134751773	1.0	0.9858156028368794
YPR178W	71	121.0	9	19.0	38.0	62.0	509.0	56.0	305.7999999999997	62.0	457.1699999999994	0.71900826446281	0.512396694214876	1.0	0.9173553719008265	1.0	0.9256198347107438
YPR179C	78	139.0	7	20.0	46.66666666662786	455.0	129.0	48.06666666666664	96.0	111.4599999999943	129.0	0.920863309352518	0.381294964028777	0.9928057553956835	0.762589928057554	0.9928057553956835	1.0
YPR180W	133	875.0	324	5.0	2.0	634.0	117.0	32.75	70.0	54.5	81.0	0.8811428571428571	0.7668571428571429	0.9954285714285714	0.9954285714285714	0.9954285714285714	1.0
YPR181C	217	1696.0	127	8.0	6.0	96.0	242.0	69.0	226.0	78.0	227.8685714285714	0.9887971698113207	0.9086084905660378	1.0	0.9893867924528302	1.0	0.9923349056603774
YPR182W	211	3572.0	1095	5.470588235300966	0.0	1025.0	262.0	71.0	82.49629629629628	79.73599999999969	84.0	0.9308510638297872	0.9983202687569989	0.9661254199328108	0.9997200447928332	0.9946808510638298	1.0
YPR183W	771	6605.0	481	14.0	8.0	191.0	1174.0	51.0	419.0	96.13999999999979	507.0	0.8607115821347464	0.8750946252838758	0.9897047691143074	0.8905374716124148	0.9972747918243755	0.9065859197577593
YPR185W	75	213.0	49	0.0	211.5	348.0	383.0	326.0	309.85	348.0	334.9100000000002	0.9389671361502347	0.568075117370892	0.9812206572769953	0.6197183098591549	0.9812206572769953	0.6431924882629108
YPR186C	81	228.0	28	18.0	7.0	53.0	193.0	49.0	138.0	50.44	191.44	0.7763157894736842	0.9298245614035088	1.0	0.9385964912280702	1.0	1.0
YPR187W	936	14358.0	3322	9.0	43.0	83.0	800.0	42.0	280.0	52.0	289.0	0.84210892882017	0.6882574174676138	0.9992338765844825	0.7919626688953894	1.0	0.9116172168825741
YPR188C	206	531.0	40	18.0	38.16666666662786	193.0	694.0	46.65	157.0	59.0	186.8919999999996	0.7984934086629002	0.6892655367231638	1.0	0.9322033898305084	1.0	0.967984934086629
YPR189W	13	16.0	2	21.0	10.0	40.0	148.0	39.099999999999994	145.0	40.0	148.0	0.625	0.75	1.0	1.0	1.0	1.0
YPR190C	94	249.0	20	22.0	24.0	119.0	591.0	61.0	105.09999999999997	73.0	467.2099999999989	0.6305220883534136	0.5461847389558233	0.9959839357429718	0.9759036144578314	1.0	0.9839357429718876
YPR191W	804	26996.0	6987	0.0	66.0	183.0	1299.0	69.0	297.0	78.0	452.0	0.9878500518595348	0.5309305082234405	0.9991480219291747	0.5851237220328938	0.9999629574751815	0.8836494295451178
YPR192W	22	20.0	3	8.0	7.0	924.0	2530.0	831.5	168.0	924.0	2530.0	0.85	0.85	0.85	0.85	0.85	0.95
YPR193C	30	34.0	4	421.0	1520.0	680.0	1850.0	653.1199999999999	1850.0	680.0	1850.0	0.5	0.6176470588235294	0.5294117647058824	0.6470588235294118	0.5588235294117647	0.6470588235294118
YPR194C	72	98.0	3	93.0	35.0	1325.0	472.0	372.0	206.0	876.1999999999963	346.239999999999	0.30612244897959184	0.37755102040816324	0.6530612244897959	0.9693877551020408	0.7959183673469388	0.9897959183673469
YPR195C	2	3.0	2	91.66666666662786	295.0	132.0	480.0	132.0	480.0	132.0	480.0	0.6666666666666666	0.6666666666666666	0.6666666666666666	0.6666666666666666	0.6666666666666666	0.6666666666666666
YPR196W	85	141.0	9	58.0	119.5	2316.0	696.0	304.7333333333331	449.2142857142854	2150.3800000000006	647.7700000000002	0.7304964539007093	0.41843971631205673	0.7446808510638298	0.475177304964539	0.7588652482269503	0.7163120567375887
YPR197C	2	2.0	1	6.0	39.0	59.0	183.0	59.0	183.0	59.0	183.0	1.0	0.5	1.0	1.0	1.0	1.0
YPR198W	178	1252.0	306	18.66666666662786	114.0	86.0	381.0	55.0	230.0	64.0	354.0	0.7611821086261981	0.6685303514376997	0.9960063897763578	0.6908945686900958	1.0	0.7300319488817891
YPR199C	73	165.0	28	0.8846153846243396	22.0	81.0	238.0	53.0	186.16666666666666	73.3333333333333	235.74999999999991	0.9333333333333333	0.6727272727272727	0.9636363636363636	0.8363636363636363	1.0	0.9454545454545454
YPR200C	8	14.0	5	16.095238095149398	0.0	1527.0	78.0	1526.3333333333333	78.0	1527.0	78.0	0.8571428571428571	1.0	0.8571428571428571	1.0	0.8571428571428571	1.0
YPR201W	17	17.0	2	164.5	502.5	252.0	1278.0	252.0	1264.0	252.0	1278.0	0.11764705882352941	0.29411764705882354	0.17647058823529413	0.29411764705882354	0.6470588235294118	0.4117647058823529
