Gene	final_five_prime_utr	final_three_prime_utr
Q0010	0	0
Q0017	0	0
Q0032	0	0
Q0045	0	1
Q0050	0	0
Q0055	0	0
Q0060	0	0
Q0065	0	0
Q0070	0	0
Q0075	0	0
Q0080	0	0
Q0085	0	0
Q0092	0	0
Q0105	0	331
Q0110	0	0
Q0115	0	0
Q0120	0	0
Q0130	0	0
Q0140	450	55
Q0142	0	0
Q0143	0	0
Q0144	0	0
Q0160	0	0
Q0182	0	0
Q0250	0	0
Q0255	0	0
Q0275	0	0
Q0297	0	0
YAL001C	24	81
YAL002W	0	0
YAL003W	44	335
YAL004W	3110	732
YAL005C	252	157
YAL007C	92	289
YAL008W	98	207
YAL009W	445	132
YAL010C	30	182
YAL011W	29	133
YAL012W	112	116
YAL013W	75	102
YAL014C	52	220
YAL015C	8	146
YAL016C-A	0	0
YAL016C-B	0	0
YAL016W	92	96
YAL017W	250	190
YAL018C	0	0
YAL019W	122	72
YAL019W-A	0	0
YAL020C	8	145
YAL021C	695	309
YAL022C	40	144
YAL023C	119	131
YAL024C	268	197
YAL025C	22	285
YAL026C	270	149
YAL026C-A	976	0
YAL027W	91	110
YAL028W	47	79
YAL029C	236	86
YAL030W	21	260
YAL031C	36	161
YAL031W-A	0	0
YAL032C	131	142
YAL033W	14	169
YAL034C	634	160
YAL034C-B	30	42
YAL034W-A	43	156
YAL035W	61	127
YAL036C	54	264
YAL037C-A	0	0
YAL037C-B	0	0
YAL037W	566	1576
YAL038W	141	166
YAL039C	116	86
YAL040C	327	186
YAL041W	66	60
YAL042C-A	0	0
YAL042W	46	116
YAL043C	17	195
YAL044C	152	193
YAL044W-A	544	107
YAL045C	0	0
YAL046C	158	121
YAL047C	28	57
YAL047W-A	374	149
YAL048C	133	992
YAL049C	1486	163
YAL051W	56	152
YAL053W	170	68
YAL054C	40	165
YAL055W	34	118
YAL056C-A	0	0
YAL056W	39	138
YAL058W	68	190
YAL059C-A	0	0
YAL059W	42	196
YAL060W	234	129
YAL061W	102	316
YAL062W	432	98
YAL063C	0	82
YAL063C-A	931	343
YAL064C-A	0	0
YAL064W	3	109
YAL064W-B	0	0
YAL065C	0	0
YAL066W	283	60
YAL067C	0	0
YAL067W-A	0	0
YAL068C	0	0
YAL068W-A	0	0
YAL069W	0	0
YAR002C-A	26	256
YAR002W	41	237
YAR003W	74	623
YAR007C	78	75
YAR008W	118	122
YAR009C	831	324
YAR010C	41	738
YAR014C	147	185
YAR015W	125	342
YAR018C	29	218
YAR019C	29	63
YAR019W-A	235	831
YAR020C	981	374
YAR023C	876	47
YAR027W	98	209
YAR028W	59	380
YAR029W	1311	208
YAR030C	0	0
YAR031W	0	170
YAR033W	189	446
YAR035C-A	0	0
YAR035W	36	110
YAR042W	188	165
YAR047C	0	767
YAR050W	644	75
YAR053W	173	968
YAR060C	0	569
YAR064W	0	0
YAR066W	0	0
YAR068W	0	0
YAR069C	0	0
YAR070C	0	0
YAR071W	300	51
YAR073W	0	0
YAR075W	0	0
YBL001C	230	245
YBL002W	702	195
YBL003C	63	495
YBL004W	350	61
YBL005W	627	286
YBL005W-A	268	736
YBL005W-B	39	319
YBL006C	33	232
YBL006W-A	151	555
YBL007C	69	164
YBL008W	72	107
YBL008W-A	0	0
YBL009W	52	125
YBL010C	67	303
YBL011W	723	204
YBL012C	0	0
YBL013W	0	0
YBL014C	28	145
YBL015W	168	280
YBL016W	64	141
YBL017C	184	75
YBL018C	35	329
YBL019W	69	115
YBL020W	803	88
YBL021C	429	169
YBL022C	132	92
YBL023C	255	173
YBL024W	149	279
YBL025W	57	584
YBL026W	66	491
YBL027W	26	384
YBL028C	46	296
YBL029C-A	1274	129
YBL029W	231	108
YBL030C	147	322
YBL031W	33	171
YBL032W	97	205
YBL033C	27	172
YBL034C	94	190
YBL035C	92	128
YBL036C	1060	148
YBL037W	95	142
YBL038W	58	175
YBL039C	78	262
YBL039C-A	693	1139
YBL039W-B	293	176
YBL040C	296	101
YBL041W	236	67
YBL042C	58	166
YBL043W	130	207
YBL044W	0	0
YBL045C	260	215
YBL046W	17	187
YBL047C	161	222
YBL048W	686	170
YBL049W	224	253
YBL050W	76	110
YBL051C	64	448
YBL052C	214	80
YBL053W	2	0
YBL054W	849	192
YBL055C	394	95
YBL056W	135	412
YBL057C	17	523
YBL058W	30	155
YBL059C-A	661	207
YBL059W	444	44
YBL060W	230	47
YBL061C	107	120
YBL062W	990	0
YBL063W	8	120
YBL064C	263	68
YBL065W	0	0
YBL066C	173	350
YBL067C	257	119
YBL068W	63	517
YBL068W-A	673	197
YBL069W	252	162
YBL070C	0	0
YBL071C	12	366
YBL071C-B	0	0
YBL071W-A	42	519
YBL072C	24	276
YBL073W	0	0
YBL074C	18	288
YBL075C	601	80
YBL076C	45	98
YBL077W	0	0
YBL078C	43	485
YBL079W	62	86
YBL080C	52	123
YBL081W	548	136
YBL082C	49	55
YBL083C	986	14
YBL084C	113	145
YBL085W	201	123
YBL086C	123	59
YBL087C	105	228
YBL088C	0	89
YBL089W	15	280
YBL090W	39	218
YBL091C	20	352
YBL091C-A	77	242
YBL092W	363	151
YBL093C	121	437
YBL094C	0	0
YBL095W	906	251
YBL096C	559	41
YBL097W	0	0
YBL098W	0	0
YBL099W	350	291
YBL100C	0	0
YBL100W-B	502	324
YBL100W-C	0	0
YBL101C	283	168
YBL102W	218	192
YBL103C	253	502
YBL104C	307	100
YBL105C	265	139
YBL106C	74	76
YBL107C	185	230
YBL107W-A	0	0
YBL108C-A	0	0
YBL108W	0	0
YBL109W	0	0
YBL111C	0	0
YBL112C	0	0
YBL113C	143	789
YBL113W-A	0	0
YBR001C	149	157
YBR002C	15	251
YBR003W	28	133
YBR004C	1047	94
YBR005W	77	372
YBR006W	130	145
YBR007C	94	182
YBR008C	670	159
YBR009C	524	163
YBR010W	27	356
YBR011C	51	219
YBR012C	198	205
YBR012W-A	31	735
YBR012W-B	42	319
YBR013C	330	166
YBR014C	178	123
YBR015C	408	143
YBR016W	497	212
YBR017C	68	186
YBR018C	121	140
YBR019C	0	0
YBR020W	809	47
YBR021W	135	186
YBR022W	247	151
YBR023C	137	201
YBR024W	338	217
YBR025C	159	749
YBR026C	82	129
YBR027C	993	51
YBR028C	88	180
YBR029C	122	141
YBR030W	271	120
YBR031W	49	196
YBR032W	0	0
YBR033W	573	119
YBR034C	60	546
YBR035C	378	132
YBR036C	62	335
YBR037C	59	72
YBR038W	40	189
YBR039W	90	438
YBR040W	0	0
YBR041W	108	148
YBR042C	52	136
YBR043C	148	154
YBR044C	82	75
YBR045C	89	759
YBR046C	40	433
YBR047W	544	133
YBR048W	68	425
YBR049C	148	247
YBR050C	260	44
YBR051W	0	0
YBR052C	70	187
YBR053C	12	342
YBR054W	319	448
YBR055C	86	116
YBR056C-B	0	0
YBR056W	69	48
YBR056W-A	169	437
YBR057C	111	137
YBR058C	73	157
YBR058C-A	58	244
YBR059C	125	113
YBR060C	123	62
YBR061C	27	611
YBR062C	272	112
YBR063C	1372	60
YBR064W	0	0
YBR065C	57	584
YBR066C	304	104
YBR067C	384	137
YBR068C	76	222
YBR069C	168	159
YBR070C	48	119
YBR071W	215	275
YBR072C-A	0	0
YBR072W	486	167
YBR073W	257	83
YBR074W	149	118
YBR076C-A	727	1221
YBR076W	0	0
YBR077C	540	224
YBR078W	192	641
YBR079C	24	151
YBR080C	35	150
YBR081C	135	73
YBR082C	107	526
YBR083W	221	90
YBR084C-A	200	122
YBR084W	61	198
YBR085C-A	573	376
YBR085W	554	163
YBR086C	318	124
YBR087W	162	59
YBR088C	49	199
YBR089C-A	47	243
YBR089W	154	254
YBR090C	455	334
YBR091C	40	185
YBR092C	1742	52
YBR093C	494	59
YBR094W	65	121
YBR095C	73	91
YBR096W	79	162
YBR097W	45	169
YBR098W	122	161
YBR099C	3	0
YBR101C	841	840
YBR102C	67	133
YBR103C-A	0	0
YBR103W	212	61
YBR104W	109	468
YBR105C	135	159
YBR106W	56	600
YBR107C	68	565
YBR108W	737	196
YBR109C	45	339
YBR109W-A	109	322
YBR110W	257	125
YBR111C	272	76
YBR111W-A	33	177
YBR112C	553	253
YBR113W	0	0
YBR114W	87	171
YBR115C	115	145
YBR116C	927	0
YBR117C	39	137
YBR118W	206	100
YBR119W	64	264
YBR120C	147	243
YBR121C	198	113
YBR121C-A	870	1075
YBR122C	557	201
YBR123C	67	71
YBR124W	0	0
YBR125C	195	144
YBR126C	159	140
YBR126W-A	17	146
YBR126W-B	13	223
YBR127C	163	184
YBR128C	53	105
YBR129C	44	159
YBR130C	68	112
YBR131C-A	0	0
YBR131W	29	225
YBR132C	407	305
YBR133C	158	305
YBR134W	0	0
YBR135W	102	273
YBR136W	119	969
YBR137W	849	217
YBR138C	49	151
YBR139W	5	209
YBR140C	745	143
YBR141C	44	167
YBR141W-A	218	460
YBR142W	82	204
YBR143C	102	203
YBR144C	0	0
YBR145W	68	304
YBR146W	62	466
YBR147W	147	417
YBR148W	591	87
YBR149W	60	280
YBR150C	830	77
YBR151W	148	227
YBR152W	0	0
YBR153W	860	221
YBR154C	140	100
YBR155W	511	89
YBR156C	77	182
YBR157C	915	128
YBR158W	592	155
YBR159W	53	165
YBR160W	146	602
YBR161W	374	238
YBR162C	237	371
YBR162W-A	370	84
YBR163W	111	59
YBR164C	125	444
YBR165W	110	151
YBR166C	78	118
YBR167C	611	67
YBR168W	341	159
YBR169C	196	171
YBR170C	25	286
YBR171W	37	192
YBR172C	128	140
YBR173C	32	225
YBR174C	772	163
YBR175W	671	106
YBR176W	115	162
YBR177C	56	243
YBR178W	0	0
YBR179C	64	75
YBR180W	0	0
YBR181C	55	235
YBR182C	251	322
YBR182C-A	293	414
YBR183W	98	125
YBR184W	15	97
YBR185C	57	184
YBR186W	0	0
YBR187W	974	132
YBR188C	86	1163
YBR189W	43	406
YBR190W	0	3
YBR191W	57	121
YBR191W-A	848	56
YBR192W	213	277
YBR193C	184	472
YBR194W	122	238
YBR195C	67	143
YBR196C	93	192
YBR196C-A	413	108
YBR196C-B	113	429
YBR197C	1495	433
YBR198C	85	95
YBR199W	98	303
YBR200W	62	248
YBR200W-A	0	0
YBR201C-A	721	237
YBR201W	143	709
YBR202W	95	176
YBR203W	179	216
YBR204C	67	254
YBR205W	36	101
YBR206W	976	101
YBR207W	84	194
YBR208C	445	141
YBR209W	0	0
YBR210W	219	186
YBR211C	100	128
YBR212W	447	209
YBR213W	117	198
YBR214W	699	192
YBR215W	40	464
YBR216C	46	293
YBR217W	63	327
YBR218C	149	135
YBR219C	971	49
YBR220C	66	260
YBR221C	223	308
YBR221W-A	0	0
YBR222C	51	116
YBR223C	22	259
YBR223W-A	0	0
YBR224W	0	0
YBR225W	139	245
YBR226C	836	0
YBR227C	91	128
YBR228W	305	152
YBR229C	28	130
YBR230C	220	89
YBR230W-A	410	131
YBR231C	54	281
YBR232C	0	0
YBR233W	142	168
YBR233W-A	42	351
YBR234C	61	156
YBR235W	81	98
YBR236C	46	224
YBR237W	52	102
YBR238C	72	499
YBR239C	161	110
YBR240C	348	230
YBR241C	118	156
YBR242W	160	260
YBR243C	52	592
YBR244W	579	127
YBR245C	0	129
YBR246W	57	142
YBR247C	32	279
YBR248C	104	183
YBR249C	127	284
YBR250W	0	0
YBR251W	79	148
YBR252W	17	298
YBR253W	69	98
YBR254C	23	194
YBR255C-A	59	133
YBR255W	35	148
YBR256C	24	467
YBR257W	302	145
YBR258C	74	353
YBR259W	59	134
YBR260C	60	133
YBR261C	36	180
YBR262C	43	127
YBR263W	48	182
YBR264C	441	41
YBR265W	471	144
YBR266C	0	0
YBR267W	166	135
YBR268W	29	190
YBR269C	70	275
YBR270C	262	40
YBR271W	257	101
YBR272C	29	245
YBR273C	30	110
YBR274W	43	247
YBR275C	422	134
YBR276C	125	88
YBR277C	0	0
YBR278W	33	196
YBR279W	41	157
YBR280C	26	182
YBR281C	38	129
YBR282W	802	92
YBR283C	189	242
YBR284W	242	162
YBR285W	150	146
YBR286W	27	141
YBR287W	90	228
YBR288C	455	98
YBR289W	25	60
YBR290W	29	176
YBR291C	75	268
YBR292C	726	0
YBR293W	260	236
YBR294W	0	0
YBR295W	55	130
YBR296C	55	248
YBR296C-A	0	0
YBR297W	52	235
YBR298C	411	92
YBR298C-A	0	0
YBR299W	202	130
YBR300C	297	282
YBR301W	0	0
YBR302C	4	68
YCL001W	107	101
YCL001W-A	0	0
YCL001W-B	0	0
YCL002C	37	545
YCL004W	148	83
YCL005W	313	142
YCL005W-A	81	122
YCL007C	0	0
YCL008C	52	152
YCL009C	835	147
YCL010C	17	1471
YCL011C	970	109
YCL012C	136	154
YCL014W	100	114
YCL016C	147	146
YCL017C	114	363
YCL018W	144	175
YCL019W	39	315
YCL021W-A	920	311
YCL022C	0	0
YCL023C	0	0
YCL024W	451	117
YCL025C	103	80
YCL026C-A	126	211
YCL026C-B	98	74
YCL027W	0	0
YCL028W	58	381
YCL029C	98	255
YCL030C	385	154
YCL031C	68	118
YCL032W	373	103
YCL033C	184	72
YCL034W	49	119
YCL035C	114	190
YCL036W	51	138
YCL037C	66	675
YCL038C	100	129
YCL039W	33	74
YCL040W	50	315
YCL041C	0	0
YCL042W	0	738
YCL043C	102	99
YCL044C	82	173
YCL045C	63	61
YCL046W	0	0
YCL047C	8	239
YCL048W	0	0
YCL048W-A	53	233
YCL049C	62	261
YCL050C	650	117
YCL051W	308	125
YCL052C	368	189
YCL054W	220	121
YCL054W-A	71	223
YCL055W	35	178
YCL056C	353	453
YCL057C-A	274	142
YCL057W	7	186
YCL058C	0	0
YCL058W-A	50	116
YCL059C	245	113
YCL061C	178	174
YCL063W	63	149
YCL064C	22	517
YCL065W	0	0
YCL066W	0	0
YCL067C	0	0
YCL068C	0	0
YCL069W	0	0
YCL073C	0	0
YCL076W	0	0
YCR001W	0	0
YCR002C	54	420
YCR003W	21	179
YCR004C	199	399
YCR005C	731	279
YCR006C	0	0
YCR007C	798	164
YCR008W	481	267
YCR009C	71	681
YCR010C	319	184
YCR011C	150	59
YCR012W	121	168
YCR013C	0	0
YCR014C	204	115
YCR015C	314	81
YCR016W	29	289
YCR017C	68	203
YCR018C	0	151
YCR018C-A	179	53
YCR019W	278	116
YCR020C	397	94
YCR020C-A	18	416
YCR020W-B	57	515
YCR021C	112	178
YCR022C	263	280
YCR023C	85	343
YCR024C	155	117
YCR024C-A	207	537
YCR024C-B	348	198
YCR025C	621	23
YCR026C	73	239
YCR027C	190	634
YCR028C	117	800
YCR028C-A	76	291
YCR030C	959	370
YCR031C	30	918
YCR032W	115	138
YCR033W	214	180
YCR034W	53	322
YCR035C	322	151
YCR036W	43	184
YCR037C	31	103
YCR038C	489	110
YCR038W-A	0	0
YCR039C	0	82
YCR040W	0	0
YCR041W	0	0
YCR042C	662	121
YCR043C	48	239
YCR044C	17	161
YCR045C	0	0
YCR045W-A	622	813
YCR046C	225	110
YCR047C	126	200
YCR047W-A	0	0
YCR048W	53	214
YCR049C	0	0
YCR050C	0	0
YCR051W	14	258
YCR052W	113	226
YCR053W	825	151
YCR054C	106	228
YCR057C	94	115
YCR059C	24	248
YCR060W	24	124
YCR061W	65	356
YCR063W	118	480
YCR064C	1	29
YCR065W	224	334
YCR066W	49	181
YCR067C	118	100
YCR068W	141	976
YCR069W	1197	120
YCR071C	37	252
YCR072C	148	121
YCR073C	63	83
YCR073W-A	22	123
YCR075C	21	146
YCR075W-A	240	83
YCR076C	21	222
YCR077C	41	194
YCR079W	57	125
YCR081C-A	0	0
YCR081W	9	719
YCR082W	1213	106
YCR083W	34	137
YCR084C	226	317
YCR085W	0	0
YCR086W	262	52
YCR087C-A	417	62
YCR087W	657	70
YCR088W	415	133
YCR089W	144	65
YCR090C	418	74
YCR091W	850	163
YCR092C	472	159
YCR093W	61	117
YCR094W	53	511
YCR095C	56	94
YCR095W-A	162	1406
YCR096C	455	44
YCR097W	43	26
YCR097W-A	0	0
YCR098C	237	240
YCR099C	957	241
YCR100C	0	0
YCR101C	0	0
YCR102C	197	270
YCR102W-A	0	0
YCR104W	0	0
YCR105W	2	35
YCR106W	0	0
YCR107W	832	282
YCR108C	0	0
YDL001W	73	133
YDL002C	97	530
YDL003W	127	131
YDL004W	53	388
YDL005C	58	231
YDL006W	361	228
YDL007C-A	0	0
YDL007W	46	143
YDL008W	68	141
YDL009C	0	0
YDL010W	573	408
YDL011C	0	0
YDL012C	554	174
YDL013W	160	116
YDL014W	148	258
YDL015C	65	243
YDL016C	993	0
YDL017W	96	130
YDL018C	72	272
YDL019C	201	151
YDL020C	243	159
YDL021W	69	185
YDL022C-A	0	0
YDL022W	142	232
YDL023C	0	0
YDL024C	332	251
YDL025C	866	181
YDL025W-A	0	0
YDL026W	251	176
YDL027C	45	196
YDL028C	175	159
YDL029W	22	343
YDL030W	143	93
YDL031W	55	136
YDL032W	0	0
YDL033C	45	254
YDL034W	0	0
YDL035C	283	157
YDL036C	117	225
YDL037C	0	0
YDL039C	991	116
YDL040C	68	115
YDL041W	33	419
YDL042C	82	119
YDL043C	49	443
YDL044C	550	82
YDL045C	184	128
YDL045W-A	219	114
YDL046W	45	377
YDL047W	232	323
YDL048C	49	137
YDL049C	366	260
YDL050C	31	0
YDL051W	105	261
YDL052C	52	280
YDL053C	212	190
YDL054C	121	86
YDL055C	153	317
YDL056W	112	77
YDL057W	52	212
YDL058W	189	155
YDL059C	118	259
YDL060W	16	97
YDL061C	55	324
YDL062W	0	0
YDL063C	67	244
YDL064W	823	108
YDL065C	96	114
YDL066W	103	499
YDL067C	280	241
YDL068W	12	239
YDL069C	148	122
YDL070W	258	172
YDL071C	0	0
YDL072C	452	88
YDL073W	169	56
YDL074C	71	134
YDL075W	154	106
YDL076C	146	226
YDL077C	169	69
YDL078C	378	122
YDL079C	259	129
YDL080C	177	167
YDL081C	66	371
YDL082W	60	386
YDL083C	1693	134
YDL084W	171	307
YDL085C-A	4124	439
YDL085W	30	84
YDL086C-A	169	354
YDL086W	193	84
YDL087C	256	965
YDL088C	941	151
YDL089W	322	76
YDL090C	492	55
YDL091C	219	121
YDL092W	41	204
YDL093W	194	285
YDL094C	0	0
YDL095W	29	398
YDL096C	0	0
YDL097C	57	163
YDL098C	88	146
YDL099W	57	599
YDL100C	44	156
YDL101C	48	297
YDL102W	73	126
YDL103C	66	224
YDL104C	35	139
YDL105W	44	536
YDL106C	300	133
YDL107W	70	204
YDL108W	339	42
YDL109C	0	0
YDL110C	786	190
YDL111C	68	161
YDL112W	63	113
YDL113C	62	120
YDL114W	0	0
YDL114W-A	763	221
YDL115C	77	91
YDL116W	61	80
YDL117W	309	150
YDL118W	0	0
YDL119C	190	159
YDL120W	92	247
YDL121C	73	186
YDL122W	722	70
YDL123W	690	492
YDL124W	134	74
YDL125C	239	142
YDL126C	64	97
YDL127W	59	254
YDL128W	131	191
YDL129W	112	439
YDL130W	101	311
YDL130W-A	75	185
YDL131W	94	302
YDL132W	292	163
YDL133C-A	150	244
YDL133W	483	108
YDL134C	750	168
YDL135C	157	328
YDL136W	55	323
YDL137W	142	248
YDL138W	163	114
YDL139C	50	116
YDL140C	410	122
YDL141W	296	264
YDL142C	91	126
YDL143W	35	259
YDL144C	32	186
YDL145C	304	185
YDL146W	195	258
YDL147W	47	382
YDL148C	60	285
YDL149W	24	99
YDL150W	171	99
YDL151C	0	0
YDL152W	0	0
YDL153C	82	140
YDL154W	77	102
YDL155W	1173	136
YDL156W	93	299
YDL157C	43	360
YDL158C	454	16
YDL159C-B	0	0
YDL159W	45	198
YDL159W-A	0	0
YDL160C	186	638
YDL160C-A	27	1092
YDL161W	25	242
YDL162C	0	0
YDL163W	0	0
YDL164C	60	164
YDL165W	55	191
YDL166C	80	140
YDL167C	49	241
YDL168W	86	212
YDL169C	39	164
YDL170W	19	172
YDL171C	258	128
YDL172C	450	0
YDL173W	31	111
YDL174C	94	97
YDL175C	47	221
YDL176W	136	251
YDL177C	94	107
YDL178W	16	140
YDL179W	104	263
YDL180W	177	62
YDL181W	59	308
YDL182W	89	94
YDL183C	2893	359
YDL184C	21	421
YDL185C-A	0	0
YDL185W	107	165
YDL186W	0	0
YDL187C	628	150
YDL188C	181	153
YDL189W	95	153
YDL190C	180	211
YDL191W	686	112
YDL192W	76	747
YDL193W	106	199
YDL194W	201	71
YDL195W	113	164
YDL196W	0	0
YDL197C	378	172
YDL198C	270	142
YDL199C	50	90
YDL200C	53	82
YDL201W	289	86
YDL202W	52	427
YDL203C	198	195
YDL204W	497	195
YDL205C	331	293
YDL206W	230	26
YDL207W	37	81
YDL208W	34	239
YDL209C	32	258
YDL210W	868	91
YDL211C	110	157
YDL212W	91	205
YDL213C	26	540
YDL214C	61	137
YDL215C	390	154
YDL216C	18	133
YDL217C	163	471
YDL218W	398	193
YDL219W	189	282
YDL220C	144	382
YDL221W	0	0
YDL222C	886	360
YDL223C	48	321
YDL224C	362	146
YDL225W	40	231
YDL226C	30	317
YDL227C	345	67
YDL228C	0	0
YDL229W	99	111
YDL230W	40	124
YDL231C	100	67
YDL232W	132	257
YDL233W	21	179
YDL234C	142	163
YDL235C	122	163
YDL236W	50	204
YDL237W	31	295
YDL238C	40	70
YDL239C	137	49
YDL240C-A	0	0
YDL240W	184	244
YDL241W	899	436
YDL242W	0	0
YDL243C	721	188
YDL244W	9	123
YDL245C	219	199
YDL246C	360	133
YDL247W	395	145
YDL247W-A	200	660
YDL248W	4	608
YDR001C	226	113
YDR002W	88	199
YDR003W	0	0
YDR003W-A	599	347
YDR004W	136	165
YDR005C	131	290
YDR006C	163	91
YDR007W	188	405
YDR008C	0	697
YDR009W	177	86
YDR010C	354	445
YDR011W	787	182
YDR012W	81	304
YDR013W	15	166
YDR014W	130	398
YDR014W-A	13	159
YDR015C	0	0
YDR016C	22	261
YDR017C	32	175
YDR018C	124	135
YDR019C	959	314
YDR020C	128	429
YDR021W	282	59
YDR022C	43	178
YDR023W	51	172
YDR024W	951	57
YDR025W	41	306
YDR026C	136	242
YDR027C	216	110
YDR028C	489	297
YDR029W	0	0
YDR030C	51	116
YDR031W	129	147
YDR032C	112	234
YDR033W	642	480
YDR034C	151	292
YDR034C-A	0	0
YDR034C-D	219	315
YDR034W-B	55	284
YDR035W	132	229
YDR036C	72	141
YDR037W	88	226
YDR038C	95	185
YDR039C	128	138
YDR040C	231	129
YDR041W	34	285
YDR042C	600	111
YDR043C	203	114
YDR044W	251	154
YDR045C	158	316
YDR046C	678	163
YDR047W	468	151
YDR048C	0	0
YDR049W	91	116
YDR050C	30	318
YDR051C	40	105
YDR052C	154	243
YDR053W	0	0
YDR054C	189	486
YDR055W	293	158
YDR056C	111	162
YDR057W	63	153
YDR058C	74	178
YDR059C	562	130
YDR060W	217	91
YDR061W	346	129
YDR062W	394	289
YDR063W	1143	71
YDR064W	86	258
YDR065W	150	1879
YDR066C	254	103
YDR067C	68	97
YDR068W	45	196
YDR069C	57	309
YDR070C	177	154
YDR071C	141	110
YDR072C	231	95
YDR073W	281	253
YDR074W	98	282
YDR075W	187	159
YDR076W	43	0
YDR077W	1382	331
YDR078C	40	188
YDR079C-A	163	211
YDR079W	30	303
YDR080W	326	194
YDR081C	86	35
YDR082W	115	146
YDR083W	762	121
YDR084C	63	1410
YDR085C	101	98
YDR086C	41	714
YDR087C	552	152
YDR088C	183	191
YDR089W	496	95
YDR090C	119	374
YDR091C	106	342
YDR092W	412	99
YDR093W	286	63
YDR094W	3220	6
YDR095C	0	0
YDR096W	403	161
YDR097C	94	66
YDR098C	44	298
YDR098C-A	41	683
YDR098C-B	547	321
YDR099W	227	348
YDR100W	912	250
YDR101C	71	118
YDR102C	0	0
YDR103W	39	49
YDR104C	307	133
YDR105C	252	76
YDR106W	21	50
YDR107C	314	206
YDR108W	59	98
YDR109C	258	147
YDR110W	54	207
YDR111C	231	458
YDR112W	0	0
YDR113C	330	78
YDR114C	0	0
YDR115W	55	339
YDR116C	63	125
YDR117C	46	266
YDR118W	22	112
YDR118W-A	1413	120
YDR119W	104	78
YDR119W-A	43	322
YDR120C	0	211
YDR121W	152	113
YDR122W	304	169
YDR123C	155	737
YDR124W	541	380
YDR125C	13	998
YDR126W	186	284
YDR127W	668	103
YDR128W	29	134
YDR129C	636	147
YDR130C	27	308
YDR131C	92	87
YDR132C	202	116
YDR133C	532	120
YDR134C	690	288
YDR135C	77	105
YDR136C	0	0
YDR137W	94	139
YDR138W	172	634
YDR139C	330	179
YDR140W	517	199
YDR141C	191	262
YDR142C	216	125
YDR143C	172	193
YDR144C	149	389
YDR145W	88	199
YDR146C	160	168
YDR147W	449	35
YDR148C	252	283
YDR149C	0	0
YDR150W	0	72
YDR151C	173	317
YDR152W	223	69
YDR153C	132	244
YDR154C	327	56
YDR155C	139	109
YDR156W	866	95
YDR157W	451	971
YDR158W	61	224
YDR159W	185	68
YDR160W	167	74
YDR161W	47	221
YDR162C	306	210
YDR163W	62	104
YDR164C	44	176
YDR165W	40	651
YDR166C	54	102
YDR167W	91	99
YDR168W	53	257
YDR169C	365	245
YDR169C-A	0	0
YDR170C	641	219
YDR170W-A	0	735
YDR171W	85	83
YDR172W	64	178
YDR173C	62	139
YDR174W	22	374
YDR175C	472	120
YDR176W	37	327
YDR177W	113	155
YDR178W	185	204
YDR179C	34	148
YDR179W-A	89	163
YDR180W	344	58
YDR181C	38	205
YDR182W	39	154
YDR182W-A	1381	89
YDR183C-A	906	5
YDR183W	420	48
YDR184C	69	221
YDR185C	102	222
YDR186C	36	119
YDR187C	0	0
YDR188W	488	169
YDR189W	47	120
YDR190C	49	299
YDR191W	43	108
YDR192C	78	91
YDR193W	0	0
YDR194C	25	154
YDR194W-A	0	0
YDR195W	253	78
YDR196C	31	237
YDR197W	32	370
YDR198C	53	146
YDR199W	0	0
YDR200C	66	137
YDR201W	46	388
YDR202C	30	155
YDR203W	0	0
YDR204W	21	271
YDR205W	25	98
YDR206W	326	218
YDR207C	58	187
YDR208W	189	133
YDR209C	0	0
YDR210C-C	41	735
YDR210C-D	42	321
YDR210W	260	405
YDR210W-A	357	564
YDR210W-B	291	325
YDR211W	87	339
YDR212W	74	739
YDR213W	251	282
YDR214W	140	95
YDR215C	0	0
YDR216W	497	314
YDR217C	193	77
YDR218C	144	111
YDR219C	255	203
YDR220C	0	0
YDR221W	20	530
YDR222W	272	152
YDR223W	342	353
YDR224C	115	141
YDR225W	696	154
YDR226W	288	116
YDR227W	126	165
YDR228C	90	73
YDR229W	140	63
YDR230W	0	0
YDR231C	27	292
YDR232W	250	427
YDR233C	288	148
YDR234W	509	165
YDR235W	22	84
YDR236C	453	96
YDR237W	141	287
YDR238C	48	350
YDR239C	194	81
YDR240C	52	59
YDR241W	205	397
YDR242W	114	97
YDR243C	31	62
YDR244W	28	193
YDR245W	121	162
YDR246W	34	203
YDR246W-A	15	330
YDR247W	754	371
YDR248C	162	272
YDR249C	241	117
YDR250C	165	127
YDR251W	305	178
YDR252W	110	888
YDR253C	238	79
YDR254W	86	582
YDR255C	48	303
YDR256C	680	141
YDR257C	22	327
YDR258C	28	114
YDR259C	454	138
YDR260C	49	639
YDR261C	119	139
YDR261C-C	283	735
YDR261C-D	41	349
YDR261W-B	39	319
YDR262W	288	517
YDR263C	231	160
YDR264C	77	464
YDR265W	229	214
YDR266C	215	127
YDR267C	292	155
YDR268W	242	109
YDR269C	0	0
YDR270W	854	80
YDR271C	26	416
YDR272W	56	1023
YDR273W	520	32
YDR274C	0	0
YDR275W	678	300
YDR276C	235	485
YDR277C	160	278
YDR278C	0	0
YDR279W	266	34
YDR280W	847	110
YDR281C	114	339
YDR282C	127	290
YDR283C	243	186
YDR284C	288	172
YDR285W	146	163
YDR286C	718	120
YDR287W	777	90
YDR288W	237	181
YDR289C	66	424
YDR290W	0	0
YDR291W	27	138
YDR292C	141	192
YDR293C	839	326
YDR294C	94	55
YDR295C	262	86
YDR296W	53	246
YDR297W	169	173
YDR298C	541	178
YDR299W	34	291
YDR300C	69	653
YDR301W	64	135
YDR302W	42	200
YDR303C	321	128
YDR304C	253	75
YDR305C	763	86
YDR306C	170	188
YDR307W	58	196
YDR308C	40	2253
YDR309C	179	365
YDR310C	276	197
YDR311W	35	103
YDR312W	57	222
YDR313C	743	184
YDR314C	142	48
YDR315C	36	189
YDR316W	36	83
YDR316W-A	420	735
YDR316W-B	406	325
YDR317W	247	125
YDR318W	62	145
YDR319C	171	862
YDR320C	385	97
YDR320C-A	27	151
YDR320W-B	227	554
YDR321W	39	253
YDR322C-A	46	339
YDR322W	25	114
YDR323C	29	146
YDR324C	319	206
YDR325W	20	68
YDR326C	239	145
YDR327W	0	0
YDR328C	66	288
YDR329C	21	105
YDR330W	77	228
YDR331W	398	137
YDR332W	24	84
YDR333C	36	238
YDR334W	189	122
YDR335W	360	111
YDR336W	71	97
YDR337W	66	228
YDR338C	250	141
YDR339C	29	491
YDR340W	0	0
YDR341C	100	166
YDR342C	483	152
YDR343C	83	151
YDR344C	0	0
YDR345C	101	147
YDR346C	226	318
YDR347W	116	123
YDR348C	242	286
YDR349C	112	153
YDR350C	41	78
YDR351W	209	150
YDR352W	193	560
YDR353W	79	275
YDR354C-A	0	0
YDR354W	125	111
YDR355C	0	0
YDR356W	20	304
YDR357C	200	105
YDR358W	51	194
YDR359C	726	126
YDR360W	0	0
YDR361C	33	361
YDR362C	109	214
YDR363W	176	937
YDR363W-A	119	408
YDR364C	31	472
YDR365C	86	112
YDR365W-A	294	735
YDR365W-B	42	321
YDR366C	0	0
YDR367W	123	195
YDR368W	138	166
YDR369C	75	113
YDR370C	64	117
YDR371C-A	283	168
YDR371W	114	100
YDR372C	297	219
YDR373W	76	130
YDR374C	0	0
YDR374W-A	26	293
YDR375C	42	60
YDR376W	92	165
YDR377W	83	726
YDR378C	451	208
YDR379C-A	248	129
YDR379W	75	89
YDR380W	105	143
YDR381C-A	195	113
YDR381W	106	347
YDR382W	84	242
YDR383C	219	74
YDR384C	507	164
YDR385W	493	190
YDR386W	20	108
YDR387C	145	182
YDR388W	50	517
YDR389W	515	309
YDR390C	28	98
YDR391C	457	80
YDR392W	135	274
YDR393W	87	188
YDR394W	315	94
YDR395W	129	97
YDR396W	39	0
YDR397C	287	180
YDR398W	113	136
YDR399W	68	240
YDR400W	62	249
YDR401W	467	181
YDR402C	0	0
YDR403W	39	114
YDR404C	737	170
YDR405W	63	763
YDR406W	118	121
YDR406W-A	994	0
YDR407C	121	72
YDR408C	291	96
YDR409W	34	261
YDR410C	69	102
YDR411C	49	112
YDR412W	66	233
YDR413C	22	0
YDR414C	486	160
YDR415C	53	344
YDR416W	85	41
YDR417C	0	0
YDR418W	934	95
YDR419W	38	386
YDR420W	765	203
YDR421W	97	125
YDR422C	109	314
YDR423C	64	92
YDR424C	93	50
YDR425W	78	100
YDR426C	0	0
YDR427W	31	133
YDR428C	32	753
YDR429C	25	212
YDR430C	69	52
YDR431W	0	0
YDR432W	21	238
YDR433W	838	695
YDR434W	187	118
YDR435C	212	139
YDR436W	131	162
YDR437W	66	1526
YDR438W	978	89
YDR439W	88	254
YDR440W	86	106
YDR441C	757	356
YDR442W	13	726
YDR443C	36	336
YDR444W	84	79
YDR445C	0	0
YDR446W	0	0
YDR447C	77	238
YDR448W	65	112
YDR449C	34	217
YDR450W	54	297
YDR451C	61	334
YDR452W	149	187
YDR453C	359	97
YDR454C	69	505
YDR455C	0	0
YDR456W	288	107
YDR457W	103	93
YDR458C	49	176
YDR459C	295	87
YDR460W	139	202
YDR461C-A	64	167
YDR461W	27	145
YDR462W	52	180
YDR463W	62	211
YDR464C-A	0	0
YDR464W	285	187
YDR465C	231	167
YDR466W	101	247
YDR467C	447	835
YDR468C	138	291
YDR469W	926	2201
YDR470C	106	192
YDR471W	73	353
YDR472W	134	242
YDR473C	67	216
YDR475C	154	126
YDR476C	1045	204
YDR477W	293	149
YDR478W	39	1283
YDR479C	235	81
YDR480W	301	160
YDR481C	87	79
YDR482C	170	170
YDR483W	182	151
YDR484W	30	128
YDR485C	73	174
YDR486C	131	257
YDR487C	1242	110
YDR488C	0	0
YDR489W	17	603
YDR490C	106	149
YDR491C	0	0
YDR492W	449	350
YDR493W	105	251
YDR494W	81	82
YDR495C	62	111
YDR496C	37	236
YDR497C	155	108
YDR498C	3114	446
YDR499W	13	97
YDR500C	20	216
YDR501W	102	188
YDR502C	47	493
YDR503C	82	211
YDR504C	1147	174
YDR505C	222	568
YDR506C	50	426
YDR507C	429	186
YDR508C	122	217
YDR509W	0	0
YDR510C-A	0	0
YDR510W	730	153
YDR511W	178	631
YDR512C	385	104
YDR513W	990	110
YDR514C	137	125
YDR515W	222	100
YDR516C	111	131
YDR517W	615	107
YDR518W	143	51
YDR519W	458	224
YDR520C	83	146
YDR521W	0	0
YDR522C	0	0
YDR523C	224	133
YDR524C	66	506
YDR524C-A	454	65
YDR524C-B	44	418
YDR524W-C	0	0
YDR525W	0	0
YDR525W-A	606	230
YDR526C	0	0
YDR527W	515	760
YDR528W	317	138
YDR529C	45	356
YDR530C	249	162
YDR531W	108	80
YDR532C	239	63
YDR533C	224	238
YDR534C	374	215
YDR535C	32	203
YDR536W	4	149
YDR537C	0	0
YDR538W	929	288
YDR539W	93	347
YDR540C	336	853
YDR541C	220	226
YDR542W	0	0
YDR543C	0	0
YDR544C	0	0
YDR545C-A	0	0
YDR545W	394	857
YEL001C	34	309
YEL002C	62	159
YEL003W	222	125
YEL004W	56	341
YEL005C	504	96
YEL006W	62	378
YEL007W	241	34
YEL008C-A	231	435
YEL008W	111	368
YEL009C	725	97
YEL009C-A	179	728
YEL010W	0	0
YEL011W	108	122
YEL012W	144	111
YEL013W	269	450
YEL014C	0	0
YEL015W	49	165
YEL016C	211	170
YEL017C-A	56	706
YEL017W	480	96
YEL018C-A	0	0
YEL018W	37	151
YEL019C	9	154
YEL020C	834	84
YEL020C-B	0	0
YEL020W-A	679	91
YEL021W	54	149
YEL022W	97	88
YEL023C	560	125
YEL024W	102	616
YEL025C	735	270
YEL026W	1037	70
YEL027W	62	382
YEL028W	1583	73
YEL029C	192	363
YEL030C-A	0	0
YEL030W	571	369
YEL031W	182	104
YEL032C-A	0	0
YEL032W	83	158
YEL033W	583	0
YEL034C-A	52	172
YEL034W	480	219
YEL035C	0	0
YEL036C	279	84
YEL037C	184	200
YEL038W	34	218
YEL039C	192	114
YEL040W	47	205
YEL041W	458	646
YEL042W	198	575
YEL043W	57	125
YEL044W	706	137
YEL045C	0	0
YEL046C	117	621
YEL047C	10	80
YEL048C	97	619
YEL049W	17	144
YEL050C	179	158
YEL050W-A	53	66
YEL051W	65	210
YEL052W	227	71
YEL053C	83	106
YEL053W-A	0	0
YEL054C	35	539
YEL055C	59	189
YEL056W	57	111
YEL057C	65	108
YEL058W	43	400
YEL059C-A	452	70
YEL059W	0	0
YEL060C	54	236
YEL061C	122	264
YEL062W	172	141
YEL063C	246	316
YEL064C	116	327
YEL065W	311	81
YEL066W	603	84
YEL067C	25	780
YEL068C	531	248
YEL069C	0	0
YEL070W	371	128
YEL071W	77	263
YEL072W	135	340
YEL073C	258	703
YEL074W	0	0
YEL075C	0	0
YEL075W-A	0	0
YEL076C	0	0
YEL076C-A	0	0
YEL077C	117	805
YEL077W-A	0	0
YER001W	665	289
YER002W	433	107
YER003C	43	293
YER004W	295	260
YER005W	48	290
YER006C-A	0	0
YER006W	38	225
YER007C-A	37	565
YER007W	40	146
YER008C	65	107
YER009W	64	260
YER010C	101	92
YER011W	53	266
YER012W	114	207
YER013W	184	101
YER014C-A	0	0
YER014W	53	129
YER015W	62	258
YER016W	51	120
YER017C	95	162
YER018C	1282	75
YER019C-A	52	1834
YER019W	45	93
YER020W	127	663
YER021W	61	131
YER022W	35	103
YER023C-A	0	0
YER023W	78	216
YER024W	185	107
YER025W	57	297
YER026C	78	227
YER027C	85	295
YER028C	67	453
YER029C	303	111
YER030W	87	199
YER031C	34	306
YER032W	99	264
YER033C	537	214
YER034W	38	340
YER035W	816	140
YER036C	36	129
YER037W	69	219
YER038C	44	801
YER038W-A	71	740
YER039C	298	95
YER039C-A	25	871
YER040W	84	262
YER041W	85	865
YER042W	838	211
YER043C	101	236
YER044C	406	130
YER044C-A	0	0
YER045C	299	123
YER046W	665	95
YER046W-A	19	0
YER047C	179	127
YER048C	88	400
YER048W-A	81	718
YER049W	98	94
YER050C	56	316
YER051W	12	221
YER052C	109	160
YER053C	383	147
YER053C-A	233	372
YER054C	562	189
YER055C	120	1158
YER056C	1229	1538
YER056C-A	571	86
YER057C	411	89
YER058W	61	147
YER059W	181	579
YER060W	304	135
YER060W-A	83	149
YER061C	84	466
YER062C	156	237
YER063W	122	224
YER064C	83	1129
YER065C	340	126
YER066C-A	0	0
YER066W	941	138
YER067C-A	0	0
YER067W	278	193
YER068C-A	0	0
YER068W	119	110
YER069W	74	160
YER070W	77	205
YER071C	159	243
YER072W	236	147
YER073W	690	703
YER074W	76	153
YER074W-A	13	396
YER075C	161	141
YER076C	467	161
YER076W-A	0	0
YER077C	177	107
YER078C	209	114
YER078W-A	1876	52
YER079C-A	0	0
YER079W	80	275
YER080W	44	101
YER081W	472	182
YER082C	197	337
YER083C	32	227
YER084W	0	143
YER084W-A	36	0
YER085C	147	143
YER086W	144	141
YER087C-A	0	0
YER087C-B	42	363
YER087W	63	168
YER088C	863	151
YER088C-A	1274	435
YER088W-B	0	0
YER089C	338	83
YER090C-A	0	0
YER090W	75	245
YER091C	213	229
YER091C-A	0	0
YER092W	28	423
YER093C	160	134
YER093C-A	22	137
YER094C	329	157
YER095W	66	422
YER096W	281	184
YER097W	0	0
YER098W	182	203
YER099C	34	892
YER100W	285	100
YER101C	89	179
YER102W	254	345
YER103W	735	129
YER104W	17	1057
YER105C	34	244
YER106W	0	0
YER107C	186	243
YER107W-A	0	0
YER109C	177	279
YER110C	140	154
YER111C	308	162
YER112W	100	114
YER113C	154	142
YER114C	318	328
YER115C	950	112
YER116C	99	448
YER117W	1057	80
YER118C	298	183
YER119C	25	160
YER119C-A	0	0
YER120W	87	234
YER121W	145	192
YER122C	80	146
YER123W	187	548
YER124C	52	523
YER125W	503	396
YER126C	101	502
YER127W	274	198
YER128W	34	608
YER129W	664	255
YER130C	95	251
YER131W	361	145
YER132C	193	141
YER133W	74	465
YER133W-A	0	0
YER134C	175	958
YER135C	0	0
YER136W	154	328
YER137C	99	166
YER137C-A	41	735
YER137W-A	0	0
YER138C	41	316
YER138W-A	286	12
YER139C	155	725
YER140W	71	392
YER141W	834	232
YER142C	347	85
YER143W	57	204
YER144C	93	123
YER145C	17	235
YER145C-A	0	0
YER146W	421	84
YER147C	42	104
YER147C-A	0	0
YER148W	190	346
YER148W-A	336	0
YER149C	92	80
YER150W	654	165
YER151C	177	82
YER152C	573	55
YER152W-A	0	0
YER153C	0	0
YER154W	708	68
YER155C	91	168
YER156C	286	107
YER157W	130	80
YER158C	203	144
YER158W-A	0	0
YER159C	182	247
YER159C-A	729	740
YER160C	297	330
YER161C	67	274
YER162C	68	126
YER163C	119	101
YER164W	419	132
YER165C-A	0	0
YER165W	141	201
YER166W	241	123
YER167W	425	161
YER168C	54	94
YER169W	289	208
YER170W	916	381
YER171W	659	128
YER172C	51	125
YER172C-A	0	0
YER173W	17	149
YER174C	904	98
YER175C	1087	287
YER175W-A	1150	760
YER176W	40	118
YER177W	411	177
YER178W	47	264
YER179W	0	0
YER180C	631	55
YER180C-A	47	671
YER181C	611	50
YER182W	177	97
YER183C	62	91
YER184C	413	585
YER185W	492	34
YER186C	176	504
YER187W	694	200
YER188C-A	931	61
YER188W	314	229
YER189W	0	0
YER190C-A	0	0
YER190C-B	0	0
YER190W	622	720
YFL001W	57	36
YFL002C	35	137
YFL002W-A	39	315
YFL002W-B	39	466
YFL003C	0	126
YFL004W	157	213
YFL005W	231	224
YFL007W	261	81
YFL008W	68	111
YFL009W	180	136
YFL010C	24	376
YFL010W-A	0	0
YFL011W	0	0
YFL012W	60	452
YFL012W-A	0	0
YFL013C	84	230
YFL013W-A	0	0
YFL014W	425	193
YFL015C	0	0
YFL015W-A	0	0
YFL016C	92	109
YFL017C	20	392
YFL017W-A	333	65
YFL018C	90	130
YFL019C	0	0
YFL020C	693	116
YFL021C-A	919	311
YFL021W	439	128
YFL022C	72	114
YFL023W	23	104
YFL024C	302	405
YFL025C	24	173
YFL026W	43	197
YFL027C	50	79
YFL028C	30	133
YFL029C	53	69
YFL030W	108	90
YFL031C-A	0	0
YFL031W	65	476
YFL032W	0	982
YFL033C	468	224
YFL034C-A	46	181
YFL034C-B	63	203
YFL034W	182	119
YFL036W	834	101
YFL037W	99	226
YFL038C	72	226
YFL039C	206	286
YFL040W	0	0
YFL041W	21	181
YFL041W-A	874	60
YFL042C	32	89
YFL044C	34	266
YFL045C	1067	159
YFL046W	199	157
YFL047W	476	99
YFL048C	41	147
YFL049W	31	154
YFL050C	711	280
YFL051C	0	0
YFL052W	9	336
YFL053W	133	172
YFL054C	51	66
YFL055W	321	412
YFL056C	997	98
YFL058W	0	0
YFL059W	74	140
YFL060C	257	54
YFL061W	0	0
YFL062W	0	0
YFL063W	0	0
YFL064C	0	0
YFL065C	0	0
YFL066C	0	0
YFL067W	0	0
YFL068W	0	0
YFR001W	121	125
YFR002W	27	114
YFR003C	62	213
YFR004W	70	98
YFR005C	46	253
YFR006W	282	90
YFR007W	74	68
YFR008W	338	348
YFR009W	75	80
YFR009W-A	1047	807
YFR010W	91	93
YFR010W-A	0	0
YFR011C	43	220
YFR012W	0	0
YFR012W-A	1259	232
YFR013W	55	145
YFR014C	127	221
YFR015C	88	176
YFR016C	93	56
YFR017C	975	119
YFR018C	59	173
YFR019W	8	71
YFR020W	971	397
YFR021W	114	197
YFR022W	267	161
YFR023W	0	0
YFR024C-A	224	230
YFR025C	39	142
YFR026C	991	245
YFR027W	71	132
YFR028C	91	75
YFR029W	99	71
YFR030W	118	66
YFR031C	0	0
YFR031C-A	348	187
YFR032C	76	101
YFR032C-A	192	95
YFR032C-B	0	0
YFR033C	755	145
YFR034C	34	839
YFR034W-A	461	327
YFR035C	0	0
YFR036W	49	138
YFR036W-A	516	0
YFR037C	32	176
YFR038W	17	91
YFR039C	142	66
YFR040W	283	101
YFR041C	106	134
YFR042W	45	324
YFR043C	93	74
YFR044C	223	71
YFR045W	25	136
YFR046C	40	259
YFR047C	34	271
YFR048W	53	74
YFR049W	172	230
YFR050C	80	165
YFR051C	38	115
YFR052C-A	885	7
YFR052W	58	247
YFR053C	110	173
YFR054C	503	287
YFR055W	540	477
YFR056C	0	0
YFR057W	0	0
YGL001C	271	127
YGL002W	110	253
YGL003C	96	188
YGL004C	30	131
YGL005C	387	222
YGL006W	411	119
YGL006W-A	0	0
YGL007C-A	921	296
YGL007W	57	649
YGL008C	238	529
YGL009C	55	197
YGL010W	106	212
YGL011C	25	288
YGL012W	36	407
YGL013C	124	49
YGL014C-A	0	0
YGL014W	420	88
YGL015C	257	246
YGL016W	154	200
YGL017W	193	153
YGL018C	51	266
YGL019W	141	115
YGL020C	330	87
YGL021W	0	109
YGL022W	72	165
YGL023C	48	129
YGL024W	0	0
YGL025C	20	86
YGL026C	33	161
YGL027C	38	96
YGL028C	406	308
YGL029W	280	180
YGL030W	90	269
YGL031C	49	243
YGL032C	220	99
YGL033W	0	0
YGL034C	0	0
YGL035C	94	124
YGL036W	46	102
YGL037C	119	142
YGL038C	111	459
YGL039W	510	102
YGL040C	124	225
YGL041C	0	0
YGL041C-B	297	143
YGL041W-A	140	211
YGL042C	0	0
YGL043W	26	447
YGL044C	227	285
YGL045W	371	226
YGL047W	86	118
YGL048C	37	216
YGL049C	334	170
YGL050W	84	267
YGL051W	0	0
YGL052W	971	145
YGL053W	719	323
YGL054C	92	332
YGL055W	330	280
YGL056C	98	100
YGL057C	106	211
YGL058W	327	395
YGL059W	140	192
YGL060W	129	274
YGL061C	73	249
YGL062W	417	59
YGL063C-A	0	0
YGL063W	245	459
YGL064C	204	76
YGL065C	55	122
YGL066W	190	276
YGL067W	82	232
YGL068W	37	269
YGL069C	0	0
YGL070C	33	389
YGL071W	451	167
YGL072C	0	388
YGL073W	328	59
YGL074C	0	0
YGL075C	194	348
YGL076C	151	133
YGL077C	166	83
YGL078C	126	193
YGL079W	36	696
YGL080W	80	277
YGL081W	177	288
YGL082W	89	194
YGL083W	72	179
YGL084C	46	224
YGL085W	61	179
YGL086W	0	66
YGL087C	38	200
YGL088W	0	0
YGL089C	0	0
YGL090W	31	679
YGL091C	83	150
YGL092W	218	58
YGL093W	46	39
YGL094C	182	150
YGL095C	77	100
YGL096W	992	223
YGL097W	75	115
YGL098W	212	966
YGL099W	63	57
YGL100W	77	115
YGL101W	45	275
YGL102C	0	0
YGL103W	2475	88
YGL104C	41	138
YGL105W	172	102
YGL106W	28	251
YGL107C	58	124
YGL108C	43	423
YGL109W	0	0
YGL110C	687	165
YGL111W	26	327
YGL112C	71	133
YGL113W	75	254
YGL114W	239	93
YGL115W	147	112
YGL116W	163	106
YGL117W	103	476
YGL118C	0	0
YGL119W	285	82
YGL120C	55	207
YGL121C	104	227
YGL122C	8	397
YGL123C-A	0	0
YGL123W	288	91
YGL124C	77	121
YGL125W	185	442
YGL126W	60	258
YGL127C	55	217
YGL128C	38	212
YGL129C	806	148
YGL130W	79	239
YGL131C	48	130
YGL132W	0	0
YGL133W	642	101
YGL134W	96	299
YGL135W	112	284
YGL136C	208	133
YGL137W	40	316
YGL138C	0	0
YGL139W	313	319
YGL140C	186	278
YGL141W	60	119
YGL142C	44	204
YGL143C	205	147
YGL144C	75	158
YGL145W	69	117
YGL146C	173	160
YGL147C	144	1865
YGL148W	139	155
YGL149W	0	0
YGL150C	165	170
YGL151W	54	93
YGL152C	0	0
YGL153W	61	84
YGL154C	479	122
YGL155W	155	413
YGL156W	220	152
YGL157W	130	93
YGL158W	387	124
YGL159W	18	375
YGL160W	123	155
YGL161C	108	154
YGL162W	707	173
YGL163C	333	138
YGL164C	64	123
YGL165C	881	127
YGL166W	39	206
YGL167C	406	201
YGL168W	987	0
YGL169W	60	222
YGL170C	0	0
YGL171W	27	298
YGL172W	43	112
YGL173C	323	107
YGL174W	15	195
YGL175C	41	239
YGL176C	881	109
YGL177W	0	0
YGL178W	677	646
YGL179C	863	54
YGL180W	562	354
YGL181W	376	112
YGL182C	0	0
YGL183C	0	0
YGL184C	110	114
YGL185C	23	381
YGL186C	53	162
YGL187C	169	302
YGL188C	667	0
YGL188C-A	457	211
YGL189C	113	68
YGL190C	544	460
YGL191W	106	273
YGL192W	45	777
YGL193C	823	46
YGL194C	65	210
YGL194C-A	283	195
YGL195W	0	121
YGL196W	408	113
YGL197W	237	625
YGL198W	21	374
YGL199C	0	0
YGL200C	76	233
YGL201C	66	200
YGL202W	124	634
YGL203C	66	401
YGL204C	114	511
YGL205W	56	197
YGL206C	109	293
YGL207W	105	142
YGL208W	49	155
YGL209W	119	284
YGL210W	491	123
YGL211W	736	709
YGL212W	33	94
YGL213C	35	259
YGL214W	0	0
YGL215W	471	581
YGL216W	259	53
YGL217C	0	0
YGL218W	0	0
YGL219C	65	89
YGL220W	611	177
YGL221C	18	252
YGL222C	55	151
YGL223C	12	142
YGL224C	881	100
YGL225W	1979	122
YGL226C-A	48	571
YGL226W	31	106
YGL227W	81	204
YGL228W	179	166
YGL229C	240	274
YGL230C	41	72
YGL231C	11	372
YGL232W	62	79
YGL233W	77	66
YGL234W	646	111
YGL235W	0	0
YGL236C	250	72
YGL237C	93	252
YGL238W	948	169
YGL239C	0	0
YGL240W	18	1153
YGL241W	20	107
YGL242C	71	205
YGL243W	23	133
YGL244W	74	101
YGL245W	31	229
YGL246C	70	147
YGL247W	81	150
YGL248W	121	390
YGL249W	177	234
YGL250W	34	301
YGL251C	183	249
YGL252C	30	222
YGL253W	465	193
YGL254W	14	744
YGL255W	315	103
YGL256W	692	192
YGL257C	163	206
YGL258W	666	273
YGL258W-A	908	686
YGL259W	0	0
YGL260W	0	0
YGL261C	0	0
YGL262W	0	0
YGL263W	11	148
YGR001C	64	82
YGR002C	9	307
YGR003W	28	244
YGR004W	73	327
YGR005C	40	176
YGR006W	34	594
YGR007W	710	145
YGR008C	171	777
YGR009C	70	138
YGR010W	127	208
YGR011W	982	117
YGR012W	63	128
YGR013W	41	279
YGR014W	727	128
YGR015C	22	227
YGR016W	326	465
YGR017W	573	119
YGR018C	61	651
YGR019W	53	272
YGR020C	69	360
YGR021W	50	92
YGR022C	0	0
YGR023W	185	270
YGR024C	31	73
YGR025W	0	986
YGR026W	139	269
YGR027C	111	187
YGR027W-A	549	735
YGR027W-B	41	325
YGR028W	187	182
YGR029W	40	232
YGR030C	324	86
YGR031C-A	0	0
YGR031W	108	562
YGR032W	232	107
YGR033C	129	309
YGR034W	357	133
YGR035C	133	186
YGR035W-A	759	1410
YGR036C	441	629
YGR037C	1063	180
YGR038C-A	102	735
YGR038C-B	41	321
YGR038W	350	167
YGR039W	132	53
YGR040W	392	610
YGR041W	730	134
YGR042W	839	88
YGR043C	29	96
YGR044C	134	264
YGR045C	261	902
YGR046W	121	344
YGR047C	28	108
YGR048W	49	163
YGR049W	143	327
YGR050C	94	189
YGR051C	0	0
YGR052W	142	176
YGR053C	124	119
YGR054W	189	201
YGR055W	129	129
YGR056W	371	102
YGR057C	78	1177
YGR058W	56	408
YGR059W	0	0
YGR060W	90	322
YGR061C	287	106
YGR062C	131	344
YGR063C	29	641
YGR064W	1586	143
YGR065C	110	141
YGR066C	76	60
YGR067C	84	118
YGR068C	72	401
YGR068W-A	0	0
YGR069W	0	0
YGR070W	23	126
YGR071C	50	193
YGR072W	51	106
YGR073C	910	86
YGR074W	50	301
YGR075C	39	488
YGR076C	88	128
YGR077C	39	71
YGR078C	31	133
YGR079W	32	96
YGR080W	41	153
YGR081C	28	367
YGR082W	196	149
YGR083C	41	124
YGR084C	213	46
YGR085C	916	86
YGR086C	317	283
YGR087C	323	110
YGR088W	1071	82
YGR089W	279	123
YGR090W	285	114
YGR091W	68	176
YGR092W	74	166
YGR093W	85	123
YGR094W	662	95
YGR095C	772	50
YGR096W	59	191
YGR097W	450	170
YGR098C	238	169
YGR099W	79	64
YGR100W	215	135
YGR101W	81	173
YGR102C	109	161
YGR103W	50	204
YGR104C	58	138
YGR105W	377	177
YGR106C	59	179
YGR107W	101	673
YGR108W	217	259
YGR109C	93	115
YGR109W-B	150	223
YGR110W	50	95
YGR111W	92	127
YGR112W	57	257
YGR113W	82	317
YGR114C	0	0
YGR115C	0	0
YGR116W	164	190
YGR117C	15	275
YGR118W	30	341
YGR119C	108	148
YGR120C	83	197
YGR121C	42	145
YGR121W-A	250	29
YGR122C-A	261	447
YGR122W	206	331
YGR123C	100	155
YGR124W	96	292
YGR125W	95	159
YGR126W	0	0
YGR127W	689	214
YGR128C	37	258
YGR129W	27	755
YGR130C	137	180
YGR131W	130	104
YGR132C	938	224
YGR133W	0	187
YGR134W	103	169
YGR135W	477	150
YGR136W	15	253
YGR137W	467	139
YGR138C	279	110
YGR139W	0	0
YGR140W	420	82
YGR141W	30	426
YGR142W	453	98
YGR143W	441	392
YGR144W	57	62
YGR145W	62	100
YGR146C	355	222
YGR146C-A	501	936
YGR147C	62	341
YGR148C	254	155
YGR149W	570	834
YGR150C	41	107
YGR151C	654	77
YGR152C	152	92
YGR153W	142	96
YGR154C	478	242
YGR155W	76	144
YGR156W	154	162
YGR157W	247	187
YGR158C	78	251
YGR159C	145	151
YGR160W	0	0
YGR161C	97	210
YGR161C-C	41	735
YGR161C-D	41	319
YGR161W-B	557	319
YGR161W-C	236	283
YGR162W	23	440
YGR163W	150	71
YGR164W	975	0
YGR165W	126	143
YGR166W	106	82
YGR167W	68	545
YGR168C	119	95
YGR169C	66	119
YGR169C-A	120	397
YGR170W	45	276
YGR171C	36	117
YGR172C	36	240
YGR173W	50	289
YGR174C	309	129
YGR174W-A	819	95
YGR175C	97	209
YGR176W	0	0
YGR177C	396	214
YGR178C	232	135
YGR179C	58	151
YGR180C	209	134
YGR181W	90	222
YGR182C	357	102
YGR183C	76	456
YGR184C	406	96
YGR185C	41	135
YGR186W	17	214
YGR187C	84	206
YGR188C	55	186
YGR189C	131	122
YGR190C	2043	2047
YGR191W	212	559
YGR192C	1233	109
YGR193C	95	1244
YGR194C	135	115
YGR195W	120	410
YGR196C	73	117
YGR197C	205	90
YGR198W	99	137
YGR199W	201	327
YGR200C	47	376
YGR201C	21	70
YGR202C	104	131
YGR203W	489	191
YGR204C-A	1062	31
YGR204W	76	107
YGR205W	129	234
YGR206W	184	88
YGR207C	45	598
YGR208W	49	247
YGR209C	90	1180
YGR210C	124	208
YGR211W	123	200
YGR212W	47	52
YGR213C	3	142
YGR214W	109	169
YGR215W	64	211
YGR216C	52	253
YGR217W	27	64
YGR218W	298	211
YGR219W	0	0
YGR220C	16	383
YGR221C	292	75
YGR222W	454	85
YGR223C	644	81
YGR224W	0	0
YGR225W	96	116
YGR226C	0	0
YGR227C-A	43	0
YGR227W	75	218
YGR228W	0	0
YGR229C	343	201
YGR230W	154	176
YGR231C	95	236
YGR232W	107	89
YGR233C	212	68
YGR234W	107	278
YGR235C	270	110
YGR236C	471	192
YGR237C	63	169
YGR238C	351	123
YGR239C	103	451
YGR240C	233	256
YGR240C-A	23	0
YGR241C	166	167
YGR242W	0	0
YGR243W	118	131
YGR244C	137	121
YGR245C	93	432
YGR246C	169	167
YGR247W	154	221
YGR248W	26	207
YGR249W	278	497
YGR250C	250	114
YGR251W	47	541
YGR252W	60	209
YGR253C	63	834
YGR254W	52	274
YGR255C	92	239
YGR256W	38	111
YGR257C	117	100
YGR258C	33	64
YGR259C	344	274
YGR260W	235	124
YGR261C	62	120
YGR262C	44	186
YGR263C	71	77
YGR264C	519	204
YGR265W	0	0
YGR266W	55	239
YGR267C	949	238
YGR268C	369	283
YGR269W	0	0
YGR270C-A	0	0
YGR270W	268	106
YGR271C-A	137	123
YGR271W	27	144
YGR273C	0	0
YGR274C	637	89
YGR275W	31	92
YGR276C	36	77
YGR277C	26	166
YGR278W	10	160
YGR279C	107	461
YGR280C	38	300
YGR281W	837	188
YGR282C	58	540
YGR283C	48	141
YGR284C	50	233
YGR285C	31	173
YGR286C	273	159
YGR287C	173	181
YGR288W	87	589
YGR289C	313	165
YGR290W	0	0
YGR291C	0	0
YGR292W	17	121
YGR293C	0	0
YGR294W	0	0
YGR295C	5	71
YGR296C-A	0	0
YGR296C-B	0	0
YGR296W	413	730
YHL001W	54	286
YHL002C-A	15	242
YHL002W	46	93
YHL003C	177	256
YHL004W	79	178
YHL005C	0	780
YHL006C	66	399
YHL006W-A	495	43
YHL007C	455	144
YHL008C	346	176
YHL009C	123	352
YHL009W-B	384	438
YHL010C	100	82
YHL011C	124	273
YHL012W	0	0
YHL013C	39	130
YHL014C	30	62
YHL015W	43	299
YHL015W-A	0	0
YHL016C	304	120
YHL017W	572	107
YHL018W	30	116
YHL019C	35	92
YHL019W-A	0	0
YHL020C	88	125
YHL021C	77	130
YHL022C	0	0
YHL023C	31	108
YHL024W	161	85
YHL025W	201	104
YHL026C	516	121
YHL027W	141	212
YHL028W	85	79
YHL029C	19	104
YHL030W	34	139
YHL030W-A	0	0
YHL031C	299	61
YHL032C	111	61
YHL033C	38	747
YHL034C	193	155
YHL034W-A	0	0
YHL035C	0	0
YHL036W	90	68
YHL037C	326	10
YHL038C	34	145
YHL039W	66	70
YHL040C	213	252
YHL041W	0	0
YHL042W	238	274
YHL043W	8	440
YHL044W	32	296
YHL045W	0	0
YHL046C	0	0
YHL046W-A	0	0
YHL047C	381	153
YHL048C-A	0	0
YHL048W	11	103
YHL049C	0	0
YHL050C	0	624
YHL050W-A	0	0
YHR001W	91	242
YHR001W-A	68	397
YHR002W	147	139
YHR003C	10	1049
YHR004C	130	252
YHR005C	125	102
YHR005C-A	39	570
YHR006W	49	135
YHR007C	225	284
YHR007C-A	918	658
YHR008C	132	187
YHR009C	240	154
YHR010W	85	377
YHR011W	4	229
YHR012W	20	358
YHR013C	48	411
YHR014W	0	0
YHR015W	230	100
YHR016C	50	196
YHR017W	25	109
YHR018C	48	568
YHR019C	56	163
YHR020W	135	110
YHR021C	274	96
YHR021W-A	0	824
YHR022C	873	406
YHR022C-A	11	794
YHR023W	23	107
YHR024C	79	297
YHR025W	44	202
YHR026W	146	229
YHR027C	56	147
YHR028C	126	107
YHR028W-A	184	24
YHR029C	48	85
YHR030C	165	294
YHR031C	60	208
YHR032C-A	0	0
YHR032W	108	404
YHR032W-A	1725	127
YHR033W	330	138
YHR034C	40	97
YHR035W	40	201
YHR036W	754	325
YHR037W	868	172
YHR038W	54	100
YHR039C	122	136
YHR039C-A	65	112
YHR040W	40	102
YHR041C	10	285
YHR042W	77	222
YHR043C	124	135
YHR044C	400	249
YHR045W	129	134
YHR046C	112	247
YHR047C	68	250
YHR048W	95	319
YHR049C-A	0	0
YHR049W	54	281
YHR050W	182	229
YHR050W-A	578	967
YHR051W	194	464
YHR052C-B	0	0
YHR052W	47	144
YHR052W-A	128	425
YHR053C	0	0
YHR054C	73	146
YHR054C-B	0	0
YHR054W-A	670	427
YHR055C	0	0
YHR056C	40	146
YHR056W-A	206	402
YHR057C	872	73
YHR058C	43	74
YHR059W	306	102
YHR060W	110	111
YHR061C	204	276
YHR062C	126	120
YHR063C	80	127
YHR063W-A	0	0
YHR064C	51	182
YHR065C	65	127
YHR066W	53	172
YHR067W	1240	341
YHR068W	80	300
YHR069C	16	243
YHR069C-A	803	194
YHR070C-A	0	0
YHR070W	61	546
YHR071C-A	14	567
YHR071W	786	52
YHR072W	68	117
YHR072W-A	40	316
YHR073C-B	437	8
YHR073W	66	153
YHR073W-A	0	0
YHR074W	234	151
YHR075C	58	70
YHR076W	568	138
YHR077C	183	129
YHR078W	248	132
YHR079C	277	222
YHR079C-A	0	0
YHR080C	190	59
YHR081W	287	125
YHR082C	863	250
YHR083W	20	240
YHR084W	314	329
YHR085W	50	146
YHR086W	231	443
YHR086W-A	0	0
YHR087W	349	185
YHR088W	31	200
YHR089C	69	328
YHR090C	194	252
YHR091C	40	138
YHR092C	106	133
YHR093W	0	0
YHR094C	630	98
YHR095W	0	0
YHR096C	307	142
YHR097C	152	132
YHR098C	79	158
YHR099W	94	137
YHR100C	814	287
YHR101C	40	798
YHR102W	183	85
YHR103W	240	195
YHR104W	148	186
YHR105W	122	209
YHR106W	918	118
YHR107C	115	168
YHR108W	72	206
YHR109W	35	72
YHR110W	139	174
YHR111W	60	1668
YHR112C	499	296
YHR113W	220	150
YHR114W	128	141
YHR115C	171	118
YHR116W	903	239
YHR117W	618	219
YHR118C	102	74
YHR119W	224	142
YHR120W	146	86
YHR121W	79	216
YHR122W	43	524
YHR123W	87	147
YHR124W	0	31
YHR125W	0	0
YHR126C	0	0
YHR127W	37	448
YHR128W	55	318
YHR129C	296	106
YHR130C	1189	81
YHR131C	82	293
YHR131W-A	262	524
YHR132C	59	184
YHR132W-A	68	159
YHR133C	246	207
YHR134W	76	804
YHR135C	125	126
YHR136C	205	95
YHR137C-A	0	0
YHR137W	310	143
YHR138C	295	103
YHR139C	1	324
YHR139C-A	0	0
YHR140W	58	235
YHR141C	2048	123
YHR142W	146	714
YHR143W	277	266
YHR143W-A	80	365
YHR144C	21	175
YHR145C	0	0
YHR146W	38	195
YHR147C	36	244
YHR148W	353	399
YHR149C	174	144
YHR150W	59	222
YHR151C	165	253
YHR152W	118	115
YHR153C	22	532
YHR154W	51	86
YHR155W	85	153
YHR156C	41	514
YHR157W	544	146
YHR158C	486	127
YHR159W	75	1062
YHR160C	10	88
YHR161C	241	149
YHR162W	402	115
YHR163W	20	418
YHR164C	101	156
YHR165C	750	99
YHR165W-A	0	0
YHR166C	101	156
YHR167W	65	515
YHR168W	122	218
YHR169W	415	223
YHR170W	43	197
YHR171W	136	122
YHR172W	96	450
YHR173C	0	0
YHR174W	55	310
YHR175W	0	255
YHR175W-A	648	187
YHR176W	113	113
YHR177W	82	765
YHR178W	35	184
YHR179W	407	113
YHR180C-B	0	0
YHR180W	871	150
YHR180W-A	0	0
YHR181W	48	165
YHR182C-A	120	86
YHR182W	30	55
YHR183W	88	165
YHR184W	0	0
YHR185C	0	0
YHR186C	99	114
YHR187W	59	106
YHR188C	39	165
YHR189W	0	0
YHR190W	564	161
YHR191C	59	311
YHR192W	328	82
YHR193C	48	423
YHR193C-A	54	260
YHR194W	68	88
YHR195W	173	233
YHR196W	572	73
YHR197W	16	142
YHR198C	11	141
YHR199C	297	91
YHR199C-A	27	993
YHR200W	27	512
YHR201C	636	67
YHR202W	49	65
YHR203C	109	287
YHR204W	192	90
YHR205W	477	210
YHR206W	284	292
YHR207C	36	116
YHR208W	40	217
YHR209W	428	413
YHR210C	584	406
YHR211W	755	82
YHR212C	995	576
YHR212W-A	0	0
YHR213W	0	0
YHR213W-A	0	0
YHR213W-B	0	0
YHR214C-B	41	319
YHR214C-C	435	735
YHR214C-D	0	0
YHR214C-E	0	0
YHR214W	0	0
YHR214W-A	0	142
YHR215W	300	67
YHR216W	105	195
YHR217C	0	0
YHR218W	0	0
YHR218W-A	0	0
YHR219C-A	0	0
YHR219W	378	473
YIL001W	73	124
YIL002C	211	155
YIL002W-A	15	313
YIL003W	438	102
YIL004C	364	172
YIL005W	147	194
YIL006W	208	230
YIL007C	204	162
YIL008W	70	754
YIL009C-A	24	257
YIL009W	561	236
YIL010W	115	186
YIL011W	193	129
YIL012W	0	0
YIL013C	111	192
YIL014C-A	87	208
YIL014W	184	122
YIL015W	46	83
YIL016W	244	58
YIL017C	65	119
YIL018W	1329	108
YIL019W	34	612
YIL020C	75	136
YIL020C-A	845	0
YIL021C-A	0	0
YIL021W	80	257
YIL022W	117	332
YIL023C	157	64
YIL024C	1243	110
YIL025C	706	0
YIL026C	568	148
YIL027C	51	220
YIL028W	533	1169
YIL029C	119	391
YIL029W-A	0	0
YIL030C	287	139
YIL030W-A	902	29
YIL031W	169	146
YIL032C	0	0
YIL033C	292	190
YIL034C	52	380
YIL035C	127	635
YIL036W	167	168
YIL037C	0	0
YIL038C	228	163
YIL039W	176	229
YIL040W	12	138
YIL041W	21	212
YIL042C	73	132
YIL043C	60	152
YIL044C	86	173
YIL045W	98	145
YIL046W	75	149
YIL046W-A	496	0
YIL047C	27	162
YIL047C-A	2298	165
YIL048W	294	134
YIL049W	27	106
YIL050W	288	124
YIL051C	41	278
YIL052C	83	287
YIL053W	108	373
YIL054W	0	0
YIL055C	840	80
YIL056W	337	60
YIL057C	77	101
YIL058W	0	0
YIL059C	547	565
YIL060W	0	0
YIL061C	29	41
YIL062C	37	224
YIL063C	47	137
YIL064W	442	21
YIL065C	74	214
YIL066C	125	141
YIL066W-A	0	0
YIL067C	58	117
YIL068C	58	111
YIL068W-A	0	0
YIL069C	230	192
YIL070C	94	141
YIL071C	9	308
YIL071W-A	0	0
YIL072W	28	155
YIL073C	311	132
YIL074C	133	109
YIL075C	61	106
YIL076W	404	162
YIL077C	536	136
YIL078W	47	281
YIL079C	221	115
YIL082W	38	0
YIL082W-A	143	439
YIL083C	308	398
YIL084C	31	1151
YIL085C	920	61
YIL086C	943	598
YIL087C	231	95
YIL088C	72	132
YIL089W	70	477
YIL090W	176	327
YIL091C	54	83
YIL092W	94	101
YIL093C	108	134
YIL094C	91	547
YIL095W	168	128
YIL096C	115	151
YIL097W	25	146
YIL098C	80	93
YIL099W	419	107
YIL100C-A	0	0
YIL100W	0	0
YIL101C	126	105
YIL102C	0	0
YIL102C-A	56	1185
YIL103W	72	134
YIL104C	56	98
YIL105C	131	160
YIL105W-A	0	0
YIL106W	113	170
YIL107C	177	254
YIL108W	169	184
YIL109C	95	178
YIL110W	34	281
YIL111W	407	34
YIL112W	200	135
YIL113W	60	348
YIL114C	160	164
YIL115C	370	64
YIL115W-A	0	0
YIL116W	69	83
YIL117C	184	100
YIL118W	160	170
YIL119C	217	294
YIL120W	373	135
YIL121W	18	476
YIL122W	286	156
YIL123W	234	338
YIL124W	46	386
YIL125W	283	264
YIL126W	69	141
YIL127C	28	663
YIL128W	63	123
YIL129C	406	143
YIL130W	135	137
YIL131C	79	234
YIL132C	209	415
YIL133C	76	227
YIL134C-A	419	170
YIL134W	284	70
YIL135C	221	154
YIL136W	62	98
YIL137C	51	102
YIL138C	18	777
YIL139C	220	121
YIL140W	308	132
YIL141W	0	0
YIL142C-A	0	0
YIL142W	26	183
YIL143C	59	229
YIL144W	68	213
YIL145C	47	544
YIL146C	482	214
YIL147C	213	274
YIL148W	564	68
YIL149C	0	100
YIL150C	0	0
YIL151C	162	51
YIL152W	72	152
YIL153W	32	54
YIL154C	24	286
YIL155C	199	346
YIL156W	28	215
YIL156W-A	0	0
YIL156W-B	16	216
YIL157C	33	251
YIL158W	57	108
YIL159W	286	117
YIL160C	82	68
YIL161W	26	91
YIL162W	38	222
YIL163C	0	0
YIL164C	437	488
YIL165C	910	266
YIL166C	394	578
YIL169C	57	293
YIL171W-A	0	0
YIL172C	226	101
YIL173W	89	433
YIL176C	0	0
YIL177C	0	596
YIL177W-A	0	0
YIR001C	73	332
YIR002C	79	119
YIR003W	137	73
YIR004W	39	160
YIR005W	238	79
YIR006C	53	87
YIR007W	9	107
YIR008C	46	392
YIR009W	617	449
YIR010W	90	111
YIR011C	33	109
YIR012W	21	153
YIR013C	456	221
YIR014W	0	0
YIR015W	0	0
YIR016W	693	81
YIR017C	257	207
YIR017W-A	0	0
YIR018C-A	783	218
YIR018W	626	519
YIR019C	741	200
YIR020C	2422	646
YIR020C-B	0	0
YIR020W-A	0	0
YIR021W	72	99
YIR021W-A	0	619
YIR022W	45	356
YIR023C-A	4	0
YIR023W	17	64
YIR024C	51	195
YIR025W	43	149
YIR026C	29	255
YIR027C	0	0
YIR028W	0	0
YIR029W	153	207
YIR030C	51	56
YIR030W-A	0	0
YIR031C	140	64
YIR032C	96	146
YIR033W	104	99
YIR034C	64	170
YIR035C	528	79
YIR036C	46	263
YIR036W-A	0	0
YIR037W	78	230
YIR038C	751	123
YIR039C	252	158
YIR040C	0	0
YIR041W	1417	132
YIR042C	269	378
YJL001W	364	114
YJL002C	79	112
YJL003W	226	277
YJL004C	187	305
YJL005W	131	169
YJL006C	74	52
YJL007C	0	0
YJL008C	42	238
YJL009W	0	0
YJL010C	33	140
YJL011C	50	409
YJL012C	92	70
YJL013C	0	124
YJL014W	50	308
YJL015C	0	0
YJL016W	707	115
YJL019W	115	577
YJL020C	676	157
YJL020W-A	0	0
YJL022W	153	465
YJL023C	139	156
YJL024C	31	391
YJL025W	79	289
YJL026C-A	0	0
YJL026W	193	144
YJL027C	475	65
YJL028W	0	0
YJL029C	78	99
YJL030W	259	138
YJL031C	75	105
YJL032W	0	0
YJL033W	35	84
YJL034W	51	388
YJL035C	52	150
YJL036W	126	269
YJL037W	0	0
YJL038C	85	157
YJL039C	177	366
YJL041W	60	140
YJL042W	546	152
YJL043W	69	335
YJL044C	48	407
YJL045W	122	75
YJL046W	18	289
YJL047C	95	85
YJL047C-A	193	470
YJL048C	583	252
YJL049W	23	94
YJL050W	676	92
YJL051W	74	214
YJL052C-A	0	0
YJL052W	113	136
YJL053W	118	176
YJL054W	84	179
YJL055W	402	65
YJL056C	385	134
YJL057C	74	84
YJL058C	57	64
YJL059W	54	92
YJL060W	58	127
YJL061W	47	283
YJL062W	48	94
YJL062W-A	40	291
YJL063C	351	81
YJL064W	0	0
YJL065C	768	117
YJL066C	64	281
YJL067W	0	0
YJL068C	984	241
YJL069C	40	93
YJL070C	45	90
YJL071W	165	118
YJL072C	52	593
YJL073W	119	101
YJL074C	20	116
YJL075C	0	0
YJL076W	66	170
YJL077C	0	0
YJL077W-A	942	165
YJL077W-B	2002	174
YJL078C	751	365
YJL079C	775	183
YJL080C	214	125
YJL081C	22	404
YJL082W	115	220
YJL083W	503	453
YJL084C	130	149
YJL085W	40	111
YJL086C	0	0
YJL087C	124	206
YJL088W	672	231
YJL089W	110	340
YJL090C	57	82
YJL091C	16	402
YJL092W	203	162
YJL093C	0	117
YJL094C	163	162
YJL095W	186	92
YJL096W	79	90
YJL097W	255	94
YJL098W	707	77
YJL099W	73	345
YJL100W	342	80
YJL101C	139	317
YJL102W	41	114
YJL103C	203	196
YJL104W	406	171
YJL105W	0	0
YJL106W	799	187
YJL107C	56	991
YJL108C	877	230
YJL109C	158	88
YJL110C	97	135
YJL111W	75	189
YJL112W	257	154
YJL113W	608	434
YJL115W	657	101
YJL116C	446	315
YJL117W	833	341
YJL118W	359	172
YJL119C	447	412
YJL120W	698	352
YJL121C	455	65
YJL122W	47	154
YJL123C	867	173
YJL124C	632	227
YJL125C	51	133
YJL126W	855	123
YJL127C	80	926
YJL127C-B	801	275
YJL127W-A	0	0
YJL128C	220	230
YJL129C	286	80
YJL130C	65	127
YJL131C	25	393
YJL132W	198	156
YJL133C-A	32	212
YJL133W	243	146
YJL134W	269	95
YJL135W	0	0
YJL136C	73	370
YJL136W-A	0	0
YJL137C	93	311
YJL138C	108	257
YJL139C	85	838
YJL140W	98	169
YJL141C	86	161
YJL142C	2160	8
YJL143W	45	398
YJL144W	80	231
YJL145W	75	112
YJL146W	131	229
YJL147C	75	229
YJL148W	64	551
YJL149W	35	65
YJL150W	0	0
YJL151C	41	460
YJL152W	0	0
YJL153C	0	0
YJL154C	72	83
YJL155C	160	169
YJL156C	61	391
YJL156W-A	0	0
YJL157C	133	163
YJL158C	42	400
YJL159W	186	307
YJL160C	178	155
YJL161W	734	153
YJL162C	137	131
YJL163C	95	71
YJL164C	243	171
YJL165C	292	39
YJL166W	101	232
YJL167W	119	128
YJL168C	108	210
YJL169W	0	0
YJL170C	93	32
YJL171C	33	224
YJL172W	38	144
YJL173C	12	195
YJL174W	150	298
YJL175W	2285	414
YJL176C	62	233
YJL177W	95	257
YJL178C	44	125
YJL179W	64	217
YJL180C	66	104
YJL181W	43	100
YJL182C	0	0
YJL183W	277	97
YJL184W	237	87
YJL185C	384	191
YJL186W	424	127
YJL187C	109	179
YJL188C	32	0
YJL189W	34	138
YJL190C	15	277
YJL191W	50	241
YJL192C	33	147
YJL193W	206	152
YJL194W	26	138
YJL195C	0	0
YJL196C	193	134
YJL197C-A	0	0
YJL197W	198	76
YJL198W	38	165
YJL199C	366	258
YJL200C	125	152
YJL201W	84	180
YJL202C	0	0
YJL203W	245	281
YJL204C	25	73
YJL205C	892	116
YJL206C	96	88
YJL207C	137	193
YJL208C	67	283
YJL209W	187	97
YJL210W	228	82
YJL211C	223	519
YJL212C	81	239
YJL213W	332	337
YJL214W	152	487
YJL215C	1469	327
YJL216C	814	86
YJL217W	100	181
YJL218W	106	154
YJL219W	0	0
YJL220W	0	0
YJL221C	818	104
YJL222W	598	432
YJL222W-A	0	0
YJL222W-B	0	0
YJL223C	0	0
YJL225C	109	613
YJL225W-A	0	0
YJR001W	74	130
YJR002W	29	371
YJR003C	28	133
YJR004C	788	141
YJR005C-A	22	310
YJR005W	47	283
YJR006W	8	103
YJR007W	137	178
YJR008W	112	213
YJR009C	266	137
YJR010C-A	230	3346
YJR010W	204	137
YJR011C	234	91
YJR012C	81	80
YJR013W	397	87
YJR014W	430	349
YJR015W	179	140
YJR016C	63	162
YJR017C	74	243
YJR018W	297	68
YJR019C	34	79
YJR020W	745	222
YJR021C	64	99
YJR022W	30	56
YJR023C	768	0
YJR024C	15	90
YJR025C	187	151
YJR026W	41	735
YJR027W	41	321
YJR028W	897	737
YJR029W	594	325
YJR030C	86	190
YJR031C	98	138
YJR032W	22	228
YJR033C	35	81
YJR034W	102	212
YJR035W	125	160
YJR036C	347	90
YJR037W	0	0
YJR038C	0	0
YJR039W	236	47
YJR040W	38	77
YJR041C	52	197
YJR042W	24	179
YJR043C	125	168
YJR044C	149	178
YJR045C	138	267
YJR046W	84	58
YJR047C	122	109
YJR048W	307	177
YJR049C	21	269
YJR050W	58	274
YJR051W	178	96
YJR052W	61	67
YJR053W	0	0
YJR054W	642	104
YJR055W	36	437
YJR056C	200	139
YJR057W	12	154
YJR058C	288	56
YJR059W	74	211
YJR060W	114	777
YJR061W	80	166
YJR062C	13	630
YJR063W	46	224
YJR064W	58	147
YJR065C	51	298
YJR066W	0	116
YJR067C	32	936
YJR068W	47	101
YJR069C	50	216
YJR070C	289	133
YJR071W	0	0
YJR072C	40	300
YJR073C	799	53
YJR074W	15	99
YJR075W	94	272
YJR076C	88	133
YJR077C	60	212
YJR078W	35	204
YJR079W	810	572
YJR080C	82	166
YJR082C	682	204
YJR083C	41	304
YJR084W	42	165
YJR085C	43	173
YJR086W	21	24
YJR087W	353	276
YJR088C	328	272
YJR089W	691	69
YJR090C	291	128
YJR091C	69	282
YJR092W	229	125
YJR093C	74	159
YJR094C	196	172
YJR094W-A	31	231
YJR095W	139	200
YJR096W	253	89
YJR097W	88	235
YJR098C	36	172
YJR099W	150	1452
YJR100C	236	74
YJR101W	119	151
YJR102C	288	119
YJR103W	75	77
YJR104C	974	76
YJR105W	411	51
YJR106W	0	0
YJR107C-A	14	162
YJR107W	532	109
YJR108W	272	501
YJR109C	97	105
YJR110W	125	143
YJR111C	129	116
YJR112W	33	152
YJR112W-A	36	232
YJR113C	686	73
YJR114W	0	0
YJR115W	653	297
YJR116W	159	191
YJR117W	38	165
YJR118C	50	185
YJR119C	95	80
YJR120W	0	641
YJR121W	235	360
YJR122W	404	765
YJR123W	129	198
YJR124C	244	194
YJR125C	59	169
YJR126C	150	90
YJR127C	794	86
YJR128W	0	0
YJR129C	63	335
YJR130C	89	168
YJR131W	307	903
YJR132W	172	174
YJR133W	152	111
YJR134C	70	106
YJR135C	60	229
YJR135W-A	20	404
YJR136C	21	97
YJR137C	155	148
YJR138W	2	149
YJR139C	485	134
YJR140C	39	237
YJR140W-A	0	0
YJR141W	32	139
YJR142W	76	193
YJR143C	70	157
YJR144W	195	71
YJR145C	494	96
YJR146W	0	0
YJR147W	145	441
YJR148W	931	312
YJR149W	224	399
YJR150C	177	106
YJR151C	439	120
YJR151W-A	0	0
YJR152W	424	93
YJR153W	194	798
YJR154W	0	0
YJR155W	389	60
YJR156C	12	148
YJR157W	73	499
YJR158W	0	0
YJR159W	331	132
YJR160C	426	548
YJR161C	4	617
YJR162C	0	0
YKL001C	150	108
YKL002W	477	91
YKL003C	1086	132
YKL004W	365	179
YKL005C	142	175
YKL006C-A	670	71
YKL006W	193	101
YKL007W	356	141
YKL008C	208	155
YKL009W	76	131
YKL010C	92	66
YKL011C	125	93
YKL012W	68	241
YKL013C	52	275
YKL014C	303	116
YKL015W	87	117
YKL016C	95	194
YKL017C	6	110
YKL018C-A	57	569
YKL018W	39	159
YKL019W	210	83
YKL020C	12	73
YKL021C	994	112
YKL022C	901	102
YKL023C-A	36	724
YKL023W	139	153
YKL024C	224	160
YKL025C	33	68
YKL026C	110	194
YKL027W	162	108
YKL028W	43	334
YKL029C	121	118
YKL030W	0	0
YKL031W	0	0
YKL032C	83	159
YKL033W	90	442
YKL033W-A	121	146
YKL034W	143	132
YKL035W	132	170
YKL036C	98	326
YKL037W	74	0
YKL038W	224	175
YKL039W	173	258
YKL040C	61	937
YKL041W	107	330
YKL042W	137	255
YKL043W	305	170
YKL044W	303	70
YKL045W	72	138
YKL046C	500	235
YKL047W	47	173
YKL048C	84	181
YKL049C	78	112
YKL050C	342	169
YKL051W	556	400
YKL052C	432	42
YKL053C-A	80	207
YKL053W	0	0
YKL054C	109	217
YKL055C	44	438
YKL056C	1212	170
YKL057C	54	56
YKL058W	267	169
YKL059C	69	120
YKL060C	97	429
YKL061W	225	281
YKL062W	145	420
YKL063C	694	179
YKL064W	321	160
YKL065C	250	137
YKL065W-A	0	0
YKL066W	584	0
YKL067W	69	294
YKL068W	119	120
YKL068W-A	210	311
YKL069W	42	220
YKL070W	297	258
YKL071W	219	98
YKL072W	237	582
YKL073W	76	90
YKL074C	12	108
YKL075C	83	201
YKL076C	1038	80
YKL077W	112	333
YKL078W	32	103
YKL079W	76	78
YKL080W	128	127
YKL081W	78	247
YKL082C	71	176
YKL083W	968	0
YKL084W	957	163
YKL085W	391	391
YKL086W	74	174
YKL087C	102	216
YKL088W	138	214
YKL089W	21	228
YKL090W	39	187
YKL091C	39	104
YKL092C	154	215
YKL093W	110	160
YKL094W	1033	93
YKL095W	0	0
YKL096C-B	0	0
YKL096W	1831	108
YKL096W-A	47	275
YKL097C	0	0
YKL098W	34	216
YKL099C	80	188
YKL100C	72	249
YKL100W-A	0	0
YKL101W	342	60
YKL102C	0	0
YKL103C	454	190
YKL104C	201	279
YKL104W-A	0	0
YKL105C	187	220
YKL106C-A	2	894
YKL106W	100	174
YKL107W	97	140
YKL108W	193	141
YKL109W	328	365
YKL110C	607	141
YKL111C	5	0
YKL112W	180	142
YKL113C	61	125
YKL114C	70	108
YKL115C	985	52
YKL116C	229	276
YKL117W	44	291
YKL118W	0	0
YKL119C	117	142
YKL120W	162	189
YKL121W	261	131
YKL122C	51	162
YKL123W	1130	86
YKL124W	149	152
YKL125W	102	163
YKL126W	207	74
YKL127W	364	148
YKL128C	25	387
YKL129C	349	120
YKL130C	90	175
YKL131W	0	0
YKL132C	263	359
YKL133C	31	169
YKL134C	59	282
YKL135C	149	75
YKL136W	8	5
YKL137W	408	151
YKL138C	524	70
YKL138C-A	500	289
YKL139W	176	66
YKL140W	267	225
YKL141W	249	128
YKL142W	96	160
YKL143W	53	368
YKL144C	87	242
YKL145W	53	208
YKL145W-A	765	756
YKL146W	174	87
YKL147C	0	0
YKL148C	176	232
YKL149C	74	154
YKL150W	138	129
YKL151C	55	1108
YKL152C	33	635
YKL153W	0	0
YKL154W	98	116
YKL155C	54	90
YKL156C-A	0	0
YKL156W	53	236
YKL157W	854	160
YKL159C	119	681
YKL160W	4	1237
YKL161C	734	314
YKL162C	108	146
YKL162C-A	0	0
YKL163W	909	402
YKL164C	359	262
YKL165C	56	156
YKL165C-A	27	349
YKL166C	215	221
YKL167C	19	244
YKL168C	44	302
YKL169C	1609	360
YKL170W	112	183
YKL171W	77	150
YKL172W	89	153
YKL173W	42	126
YKL174C	99	124
YKL175W	242	162
YKL176C	345	93
YKL177W	0	0
YKL178C	198	274
YKL179C	5	249
YKL180W	178	134
YKL181W	205	308
YKL182W	558	87
YKL183C-A	0	0
YKL183W	175	708
YKL184W	212	305
YKL185W	365	122
YKL186C	318	102
YKL187C	68	172
YKL188C	325	90
YKL189W	271	217
YKL190W	45	393
YKL191W	50	92
YKL192C	83	142
YKL193C	41	117
YKL194C	78	226
YKL195W	40	269
YKL196C	117	159
YKL197C	24	299
YKL198C	225	144
YKL201C	47	160
YKL202W	0	0
YKL203C	177	85
YKL204W	42	179
YKL205W	30	125
YKL206C	98	70
YKL207W	89	179
YKL208W	33	203
YKL209C	35	177
YKL210W	38	97
YKL211C	76	157
YKL212W	200	251
YKL213C	74	79
YKL214C	67	161
YKL215C	205	272
YKL216W	57	400
YKL217W	948	140
YKL218C	708	198
YKL219W	101	84
YKL220C	516	181
YKL221W	0	0
YKL222C	121	275
YKL223W	0	0
YKL224C	0	0
YKL225W	0	0
YKR001C	67	141
YKR002W	250	96
YKR003W	516	91
YKR004C	47	595
YKR005C	0	0
YKR006C	52	95
YKR007W	48	83
YKR008W	31	131
YKR009C	73	126
YKR010C	214	140
YKR011C	124	130
YKR012C	944	96
YKR013W	39	310
YKR014C	142	178
YKR015C	0	0
YKR016W	50	275
YKR017C	218	181
YKR018C	39	340
YKR019C	110	155
YKR020W	39	353
YKR021W	159	190
YKR022C	86	130
YKR023W	60	93
YKR024C	41	130
YKR025W	59	137
YKR026C	143	184
YKR027W	204	484
YKR028W	363	153
YKR029C	18	117
YKR030W	221	118
YKR031C	404	220
YKR032W	0	0
YKR033C	0	0
YKR034W	0	0
YKR035C	1	0
YKR035W-A	32	186
YKR036C	23	154
YKR037C	61	165
YKR038C	18	176
YKR039W	170	149
YKR040C	0	0
YKR041W	18	416
YKR042W	372	234
YKR043C	26	258
YKR044W	831	248
YKR045C	27	1546
YKR046C	37	172
YKR047W	989	0
YKR048C	23	164
YKR049C	419	52
YKR050W	954	127
YKR051W	329	78
YKR052C	365	369
YKR053C	808	93
YKR054C	51	236
YKR055W	52	391
YKR056W	34	68
YKR057W	53	290
YKR058W	171	113
YKR059W	115	281
YKR060W	23	344
YKR061W	218	78
YKR062W	62	654
YKR063C	10	192
YKR064W	48	157
YKR065C	28	210
YKR066C	37	126
YKR067W	125	179
YKR068C	237	118
YKR069W	180	52
YKR070W	19	252
YKR071C	57	336
YKR072C	188	218
YKR073C	0	0
YKR074W	45	170
YKR075C	175	139
YKR075W-A	994	342
YKR076W	294	147
YKR077W	126	103
YKR078W	34	83
YKR079C	304	191
YKR080W	180	151
YKR081C	66	131
YKR082W	57	79
YKR083C	73	218
YKR084C	92	107
YKR085C	22	167
YKR086W	24	102
YKR087C	26	159
YKR088C	99	124
YKR089C	78	113
YKR090W	211	196
YKR091W	185	134
YKR092C	244	248
YKR093W	197	208
YKR094C	39	302
YKR095W	298	190
YKR095W-A	136	125
YKR096W	275	118
YKR097W	136	228
YKR098C	122	120
YKR099W	272	125
YKR100C	347	462
YKR101W	290	234
YKR102W	540	142
YKR103W	563	0
YKR104W	881	294
YKR105C	0	0
YKR106W	0	867
YLL001W	66	229
YLL002W	53	78
YLL003W	49	103
YLL004W	16	93
YLL005C	0	0
YLL006W	29	1631
YLL006W-A	0	0
YLL007C	86	284
YLL008W	31	130
YLL009C	74	167
YLL010C	229	349
YLL011W	10	124
YLL012W	88	102
YLL013C	659	167
YLL014W	17	344
YLL015W	216	61
YLL016W	404	212
YLL018C	67	363
YLL018C-A	54	1316
YLL019C	912	146
YLL019W-A	0	0
YLL020C	890	52
YLL021W	127	143
YLL022C	29	137
YLL023C	62	178
YLL024C	51	349
YLL025W	34	235
YLL026W	180	97
YLL027W	325	132
YLL028W	305	403
YLL029W	151	111
YLL030C	0	0
YLL031C	79	99
YLL032C	70	364
YLL033W	10	575
YLL034C	40	154
YLL035W	149	163
YLL036C	33	86
YLL037W	0	0
YLL038C	33	545
YLL039C	894	124
YLL040C	108	73
YLL041C	84	374
YLL042C	22	30
YLL043W	40	165
YLL044W	0	0
YLL045C	49	273
YLL046C	0	0
YLL047W	0	0
YLL048C	555	107
YLL049W	13	87
YLL050C	32	165
YLL051C	0	0
YLL052C	952	503
YLL053C	835	226
YLL054C	47	363
YLL055W	497	62
YLL056C	1229	122
YLL057C	0	0
YLL058W	187	88
YLL059C	0	0
YLL060C	844	232
YLL061W	16	201
YLL062C	118	136
YLL063C	419	158
YLL064C	0	0
YLL065W	0	0
YLL066C	869	69
YLL066W-A	0	0
YLL066W-B	0	0
YLL067C	442	586
YLL067W-A	0	0
YLR001C	29	143
YLR002C	49	122
YLR003C	49	128
YLR004C	59	65
YLR005W	36	290
YLR006C	164	96
YLR007W	7	164
YLR008C	100	327
YLR009W	189	133
YLR010C	10	203
YLR011W	221	276
YLR012C	99	251
YLR013W	0	0
YLR014C	34	280
YLR015W	52	401
YLR016C	46	324
YLR017W	340	88
YLR018C	81	134
YLR019W	305	253
YLR020C	49	176
YLR021W	36	477
YLR022C	37	289
YLR023C	374	469
YLR024C	170	79
YLR025W	77	284
YLR026C	105	231
YLR027C	30	344
YLR028C	211	138
YLR029C	40	377
YLR030W	64	729
YLR031W	0	0
YLR032W	182	55
YLR033W	107	203
YLR034C	884	434
YLR035C	21	365
YLR035C-A	413	325
YLR036C	278	198
YLR037C	1516	156
YLR038C	525	159
YLR039C	162	66
YLR040C	293	143
YLR041W	459	958
YLR042C	855	116
YLR043C	26	340
YLR044C	207	78
YLR045C	244	258
YLR046C	2163	51
YLR047C	281	485
YLR048W	301	246
YLR049C	211	105
YLR050C	196	106
YLR051C	33	150
YLR052W	45	687
YLR053C	11	99
YLR054C	0	235
YLR055C	38	43
YLR056W	210	128
YLR057W	64	113
YLR058C	150	149
YLR059C	257	186
YLR060W	52	157
YLR061W	84	104
YLR062C	0	0
YLR063W	0	0
YLR064W	1222	88
YLR065C	57	777
YLR066W	75	284
YLR067C	81	87
YLR068W	78	105
YLR069C	51	157
YLR070C	902	105
YLR071C	22	145
YLR072W	65	65
YLR073C	113	255
YLR074C	331	69
YLR075W	308	140
YLR076C	0	0
YLR077W	133	170
YLR078C	718	91
YLR079W	51	165
YLR080W	17	79
YLR081W	60	87
YLR082C	84	352
YLR083C	176	229
YLR084C	141	95
YLR085C	33	155
YLR086W	52	327
YLR087C	344	163
YLR088W	161	177
YLR089C	303	207
YLR090W	88	100
YLR091W	116	384
YLR092W	67	202
YLR093C	74	270
YLR094C	79	121
YLR095C	36	64
YLR096W	203	119
YLR097C	109	172
YLR098C	191	153
YLR099C	98	123
YLR099W-A	1634	60
YLR100W	26	211
YLR101C	812	0
YLR102C	39	150
YLR103C	92	77
YLR104W	418	60
YLR105C	159	92
YLR106C	0	198
YLR107W	50	113
YLR108C	67	147
YLR109W	175	839
YLR110C	46	955
YLR111W	0	0
YLR112W	460	452
YLR113W	451	142
YLR114C	82	437
YLR115W	986	149
YLR116W	790	468
YLR117C	84	151
YLR118C	403	106
YLR119W	325	91
YLR120C	386	403
YLR120W-A	510	9
YLR121C	494	145
YLR122C	832	625
YLR123C	614	14
YLR124W	0	0
YLR125W	992	895
YLR126C	625	230
YLR127C	77	197
YLR128W	381	232
YLR129W	803	116
YLR130C	184	253
YLR131C	265	75
YLR132C	84	438
YLR133W	33	579
YLR134W	72	130
YLR135W	63	152
YLR136C	100	250
YLR137W	21	269
YLR138W	151	71
YLR139C	408	173
YLR140W	0	0
YLR141W	38	422
YLR142W	921	138
YLR143W	32	208
YLR144C	9	116
YLR145W	383	50
YLR146C	225	86
YLR146W-A	57	228
YLR147C	30	224
YLR148W	433	169
YLR149C	57	198
YLR149C-A	0	0
YLR150W	235	227
YLR151C	40	396
YLR152C	388	101
YLR153C	112	263
YLR154C	86	365
YLR154C-G	0	0
YLR154C-H	111	606
YLR154W-A	0	0
YLR154W-B	0	0
YLR154W-C	901	584
YLR154W-E	827	18
YLR154W-F	228	0
YLR155C	273	95
YLR156C-A	0	0
YLR156W	0	0
YLR157C	145	88
YLR157C-A	292	373
YLR157C-B	41	324
YLR157C-C	0	0
YLR157W-D	155	142
YLR157W-E	24	0
YLR158C	268	95
YLR159C-A	0	0
YLR159W	0	0
YLR160C	375	88
YLR161W	121	126
YLR162W	92	684
YLR162W-A	0	0
YLR163C	50	164
YLR163W-A	0	0
YLR164W	362	143
YLR165C	106	122
YLR166C	73	64
YLR167W	758	53
YLR168C	815	129
YLR169W	0	0
YLR170C	46	320
YLR171W	0	0
YLR172C	36	411
YLR173W	956	394
YLR174W	610	82
YLR175W	97	162
YLR176C	555	102
YLR177W	678	75
YLR178C	561	55
YLR179C	76	330
YLR180W	89	408
YLR181C	305	130
YLR182W	46	179
YLR183C	128	157
YLR184W	0	0
YLR185W	269	101
YLR186W	140	193
YLR187W	332	118
YLR188W	72	331
YLR189C	80	128
YLR190W	426	408
YLR191W	43	267
YLR192C	94	376
YLR193C	70	184
YLR194C	813	66
YLR195C	24	382
YLR196W	77	214
YLR197W	80	188
YLR198C	0	0
YLR199C	182	200
YLR200W	40	350
YLR201C	171	396
YLR202C	948	790
YLR203C	90	367
YLR204W	62	161
YLR205C	294	66
YLR206W	129	134
YLR207W	73	75
YLR208W	520	363
YLR209C	101	184
YLR210W	67	179
YLR211C	111	358
YLR212C	44	164
YLR213C	512	123
YLR214W	96	143
YLR215C	60	126
YLR216C	100	116
YLR217W	71	242
YLR218C	80	103
YLR219W	194	343
YLR220W	160	577
YLR221C	107	234
YLR222C	44	109
YLR222C-A	986	14
YLR223C	322	196
YLR224W	596	96
YLR225C	67	128
YLR226W	48	610
YLR227C	987	117
YLR227W-A	476	735
YLR227W-B	41	313
YLR228C	254	215
YLR229C	207	1128
YLR230W	0	0
YLR231C	277	105
YLR232W	0	0
YLR233C	34	303
YLR234W	66	530
YLR235C	0	0
YLR236C	0	0
YLR237W	134	192
YLR238W	77	155
YLR239C	59	195
YLR240W	32	164
YLR241W	47	153
YLR242C	133	144
YLR243W	91	168
YLR244C	629	56
YLR245C	63	186
YLR246W	347	72
YLR247C	16	112
YLR248W	664	145
YLR249W	65	173
YLR250W	52	289
YLR251W	264	263
YLR252W	448	44
YLR253W	111	93
YLR254C	597	79
YLR255C	28	491
YLR256W	286	135
YLR256W-A	66	735
YLR257W	268	150
YLR258W	80	370
YLR259C	45	218
YLR260W	135	215
YLR261C	393	306
YLR262C	54	302
YLR262C-A	402	99
YLR263W	488	67
YLR264C-A	112	0
YLR264W	55	1024
YLR265C	39	169
YLR266C	28	28
YLR267W	59	99
YLR268W	71	301
YLR269C	0	0
YLR270W	167	205
YLR271W	352	110
YLR272C	55	84
YLR273C	226	155
YLR274W	38	133
YLR275W	210	257
YLR276C	151	77
YLR277C	158	82
YLR278C	126	44
YLR279W	0	0
YLR280C	0	0
YLR281C	0	0
YLR282C	0	0
YLR283W	338	92
YLR284C	786	86
YLR285C-A	988	22
YLR285W	22	259
YLR286C	239	196
YLR286W-A	105	1518
YLR287C	69	641
YLR287C-A	65	219
YLR288C	41	160
YLR289W	19	115
YLR290C	22	184
YLR291C	64	178
YLR292C	71	183
YLR293C	75	258
YLR294C	434	31
YLR295C	124	278
YLR296W	259	550
YLR297W	468	297
YLR298C	26	742
YLR299C-A	0	0
YLR299W	420	127
YLR300W	133	303
YLR301W	43	211
YLR302C	0	0
YLR303W	40	495
YLR304C	110	236
YLR305C	346	139
YLR306W	67	272
YLR307C-A	55	228
YLR307W	76	97
YLR308W	0	0
YLR309C	201	122
YLR310C	365	258
YLR311C	974	341
YLR312C	193	221
YLR312W-A	23	283
YLR313C	38	509
YLR314C	69	137
YLR315W	49	867
YLR316C	59	155
YLR317W	883	142
YLR318W	114	31
YLR319C	61	186
YLR320W	0	63
YLR321C	116	326
YLR322W	38	134
YLR323C	1949	285
YLR324W	66	147
YLR325C	495	240
YLR326W	161	140
YLR327C	246	180
YLR328W	210	350
YLR329W	0	0
YLR330W	54	149
YLR331C	0	0
YLR332W	450	214
YLR333C	160	175
YLR334C	0	0
YLR335W	29	184
YLR336C	131	168
YLR337C	64	135
YLR338W	0	0
YLR339C	0	0
YLR340W	69	347
YLR341W	0	0
YLR342W	243	259
YLR342W-A	1129	510
YLR343W	0	0
YLR344W	462	108
YLR345W	145	89
YLR346C	517	152
YLR347C	201	480
YLR347W-A	0	0
YLR348C	91	110
YLR349W	0	0
YLR350W	123	137
YLR351C	37	187
YLR352W	135	98
YLR353W	480	165
YLR354C	71	168
YLR355C	78	303
YLR356W	83	208
YLR357W	55	193
YLR358C	0	0
YLR359W	737	144
YLR360W	99	137
YLR361C	20	479
YLR361C-A	23	284
YLR362W	64	115
YLR363C	78	544
YLR363W-A	27	389
YLR364C-A	0	0
YLR364W	181	408
YLR365W	0	0
YLR366W	0	0
YLR367W	40	226
YLR368W	61	45
YLR369W	578	142
YLR370C	42	247
YLR371W	184	175
YLR372W	216	258
YLR373C	30	93
YLR374C	0	0
YLR375W	89	98
YLR376C	67	94
YLR377C	38	152
YLR378C	270	177
YLR379W	0	0
YLR379W-A	0	0
YLR380W	630	134
YLR381W	33	79
YLR382C	81	91
YLR383W	71	80
YLR384C	510	76
YLR385C	129	2514
YLR386W	56	159
YLR387C	96	416
YLR388W	151	140
YLR389C	65	220
YLR390W	4166	270
YLR390W-A	75	606
YLR392C	387	98
YLR393W	55	1131
YLR394W	890	92
YLR395C	634	286
YLR396C	53	221
YLR397C	145	145
YLR398C	177	204
YLR399C	49	321
YLR399W-A	0	0
YLR400W	0	0
YLR401C	44	2294
YLR402W	0	0
YLR403W	310	430
YLR404W	384	207
YLR405W	738	149
YLR406C	252	189
YLR406C-A	0	0
YLR407W	247	237
YLR408C	60	112
YLR409C	47	107
YLR410W	49	86
YLR410W-A	39	8
YLR410W-B	40	319
YLR411W	85	153
YLR412C-A	107	844
YLR412W	20	1046
YLR413W	49	170
YLR414C	198	112
YLR415C	0	815
YLR416C	0	0
YLR417W	100	130
YLR418C	99	313
YLR419W	50	110
YLR420W	107	131
YLR421C	37	343
YLR422W	104	102
YLR423C	128	226
YLR424W	20	117
YLR425W	147	94
YLR426W	24	93
YLR427W	133	174
YLR428C	72	131
YLR429W	46	189
YLR430W	520	96
YLR431C	145	207
YLR432W	131	330
YLR433C	113	295
YLR434C	0	0
YLR435W	78	329
YLR436C	83	125
YLR437C	72	231
YLR437C-A	0	0
YLR438C-A	1868	120
YLR438W	49	114
YLR439W	613	144
YLR440C	226	1326
YLR441C	49	326
YLR442C	37	144
YLR443W	170	100
YLR444C	16	299
YLR445W	0	0
YLR446W	85	285
YLR447C	60	498
YLR448W	85	506
YLR449W	75	90
YLR450W	155	73
YLR451W	96	188
YLR452C	171	218
YLR453C	0	0
YLR454W	136	93
YLR455W	282	469
YLR456W	11	164
YLR457C	354	177
YLR458W	0	0
YLR459W	28	305
YLR460C	183	257
YLR461W	0	0
YLR462W	0	0
YLR463C	0	0
YLR464W	0	0
YLR465C	0	0
YLR466C-A	0	0
YLR466C-B	0	0
YLR466W	436	68
YLR467C-A	0	0
YLR467W	179	800
YML001W	232	129
YML002W	612	91
YML003W	63	620
YML004C	196	139
YML005W	101	83
YML006C	213	75
YML007C-A	358	161
YML007W	187	234
YML008C	274	104
YML009C	48	287
YML009C-A	0	0
YML009W-B	1838	299
YML010W	27	251
YML011C	52	167
YML012C-A	0	0
YML012W	1428	130
YML013W	923	975
YML014W	46	98
YML015C	62	120
YML016C	253	165
YML017W	71	330
YML018C	155	200
YML019W	47	294
YML020W	183	170
YML021C	17	195
YML022W	53	497
YML023C	54	83
YML024W	41	248
YML025C	42	145
YML026C	67	419
YML027W	70	169
YML028W	1061	113
YML029W	79	325
YML030W	84	246
YML031C-A	0	0
YML031W	72	79
YML032C	39	298
YML034C-A	0	0
YML034W	125	184
YML035C	156	238
YML036W	655	53
YML037C	0	0
YML038C	712	222
YML039W	41	324
YML040W	41	260
YML041C	74	90
YML042W	142	106
YML043C	161	163
YML045W	41	319
YML045W-A	0	694
YML046W	75	168
YML047C	0	0
YML047W-A	46	0
YML048W	44	346
YML049C	0	121
YML050W	17	125
YML051W	118	142
YML052W	38	163
YML053C	234	153
YML054C	29	97
YML054C-A	0	0
YML055W	190	95
YML056C	202	95
YML057C-A	0	0
YML057W	90	130
YML058W	38	370
YML058W-A	51	131
YML059C	415	137
YML060W	76	218
YML061C	152	90
YML062C	45	134
YML063W	243	92
YML064C	82	277
YML065W	592	92
YML066C	0	0
YML067C	13	285
YML068W	95	163
YML069W	84	81
YML070W	257	75
YML071C	127	47
YML072C	330	153
YML073C	55	2664
YML074C	62	144
YML075C	919	111
YML076C	812	158
YML077W	66	125
YML078W	753	319
YML079W	28	850
YML080W	112	145
YML081C-A	245	107
YML081W	131	82
YML082W	63	185
YML083C	2776	360
YML084W	0	0
YML085C	62	175
YML086C	171	119
YML087C	88	108
YML088W	20	162
YML089C	0	0
YML090W	0	0
YML091C	296	113
YML092C	132	109
YML093W	65	158
YML094C-A	0	0
YML094W	649	96
YML095C	29	994
YML096W	48	226
YML097C	55	86
YML098W	57	559
YML099C	42	172
YML099W-A	0	0
YML100W	398	128
YML100W-A	1316	241
YML101C	74	106
YML101C-A	417	1197
YML102W	418	55
YML103C	23	109
YML104C	53	67
YML105C	78	106
YML106W	1480	64
YML107C	12	128
YML108W	101	651
YML109W	71	83
YML110C	39	748
YML111W	113	141
YML112W	53	108
YML113W	338	147
YML114C	175	78
YML115C	70	254
YML116W	80	287
YML116W-A	2141	44
YML117W	134	171
YML118W	112	222
YML119W	463	62
YML120C	157	400
YML121W	134	271
YML122C	59	164
YML123C	118	145
YML124C	37	153
YML125C	36	227
YML126C	0	214
YML127W	79	176
YML128C	163	188
YML129C	30	329
YML130C	120	93
YML131W	93	266
YML132W	4	71
YML133C	110	608
YML133W-A	0	0
YML133W-B	0	0
YMR001C	372	206
YMR001C-A	0	0
YMR002W	304	248
YMR003W	42	83
YMR004W	96	150
YMR005W	70	142
YMR006C	142	106
YMR007W	17	185
YMR008C	873	338
YMR008C-A	266	399
YMR009W	362	1021
YMR010W	357	447
YMR011W	29	237
YMR012W	127	140
YMR013C	263	95
YMR013C-A	98	1351
YMR013W-A	804	233
YMR014W	303	122
YMR015C	168	188
YMR016C	223	142
YMR017W	868	71
YMR018W	365	63
YMR019W	340	105
YMR020W	266	96
YMR021C	61	284
YMR022W	547	119
YMR023C	41	55
YMR024W	8	194
YMR025W	21	85
YMR026C	180	85
YMR027W	98	125
YMR028W	47	101
YMR029C	38	263
YMR030W	184	113
YMR030W-A	950	257
YMR031C	65	175
YMR031W-A	0	0
YMR032W	103	153
YMR033W	42	223
YMR034C	650	106
YMR035W	68	287
YMR036C	59	140
YMR037C	437	267
YMR038C	37	418
YMR039C	186	197
YMR040W	414	81
YMR041C	257	120
YMR042W	126	521
YMR043W	398	331
YMR044W	69	191
YMR045C	41	328
YMR046C	42	740
YMR046W-A	592	115
YMR047C	86	90
YMR048W	24	119
YMR049C	68	177
YMR050C	588	342
YMR051C	537	737
YMR052C-A	996	16
YMR052W	19	762
YMR053C	371	121
YMR054W	211	117
YMR055C	43	85
YMR056C	117	128
YMR057C	0	0
YMR058W	53	248
YMR059W	40	813
YMR060C	39	40
YMR061W	15	165
YMR062C	80	285
YMR063W	0	0
YMR064W	842	127
YMR065W	6	99
YMR066W	227	84
YMR067C	36	111
YMR068W	551	93
YMR069W	0	913
YMR070W	200	149
YMR071C	92	80
YMR072W	76	156
YMR073C	39	509
YMR074C	295	69
YMR075C-A	10	0
YMR075W	859	114
YMR076C	355	211
YMR077C	229	234
YMR078C	6	181
YMR079W	94	329
YMR080C	86	441
YMR081C	205	249
YMR082C	0	0
YMR083W	604	99
YMR084W	0	0
YMR085W	885	46
YMR086C-A	0	0
YMR086W	57	144
YMR087W	1771	36
YMR088C	132	147
YMR089C	228	210
YMR090W	770	130
YMR091C	68	174
YMR092C	78	108
YMR093W	73	111
YMR094W	17	754
YMR095C	0	0
YMR096W	1858	239
YMR097C	52	101
YMR098C	104	73
YMR099C	27	291
YMR100W	342	200
YMR101C	0	181
YMR102C	337	124
YMR103C	1055	172
YMR104C	292	705
YMR105C	788	151
YMR105W-A	678	62
YMR106C	72	587
YMR107W	26	85
YMR108W	269	190
YMR109W	40	83
YMR110C	18	151
YMR111C	109	182
YMR112C	143	126
YMR113W	225	68
YMR114C	53	101
YMR115W	53	124
YMR116C	507	223
YMR117C	31	204
YMR118C	300	36
YMR119W	198	133
YMR119W-A	949	664
YMR120C	109	175
YMR121C	51	65
YMR122C	678	16
YMR122W-A	725	244
YMR123W	36	318
YMR124W	375	82
YMR125W	172	164
YMR126C	322	95
YMR127C	102	258
YMR128W	280	103
YMR129W	42	129
YMR130W	92	144
YMR131C	591	173
YMR132C	86	413
YMR133W	0	0
YMR134W	273	321
YMR135C	55	123
YMR135W-A	0	0
YMR136W	97	78
YMR137C	79	126
YMR138W	39	463
YMR139W	939	117
YMR140W	51	840
YMR141C	25	1264
YMR141W-A	0	0
YMR142C	1700	120
YMR143W	173	148
YMR144W	107	295
YMR145C	222	348
YMR146C	116	102
YMR147W	21	175
YMR148W	883	175
YMR149W	867	99
YMR150C	369	95
YMR151W	0	0
YMR152W	96	168
YMR153C-A	1578	1367
YMR153W	41	796
YMR154C	24	200
YMR155W	2884	158
YMR156C	198	57
YMR157C	45	160
YMR158C-A	1562	79
YMR158W	239	87
YMR158W-B	0	0
YMR159C	0	0
YMR160W	37	47
YMR161W	177	391
YMR162C	138	243
YMR163C	144	59
YMR164C	135	382
YMR165C	104	112
YMR166C	269	245
YMR167W	7	705
YMR168C	29	602
YMR169C	258	58
YMR170C	260	137
YMR171C	221	246
YMR172C-A	0	0
YMR172W	0	106
YMR173W	84	112
YMR173W-A	252	12
YMR174C	317	170
YMR175W	0	0
YMR175W-A	824	0
YMR176W	104	79
YMR177W	513	234
YMR178W	46	259
YMR179W	163	116
YMR180C	59	143
YMR181C	996	287
YMR182C	136	441
YMR182W-A	1302	702
YMR183C	91	358
YMR184W	44	2358
YMR185W	37	65
YMR186W	138	97
YMR187C	315	228
YMR188C	111	128
YMR189W	161	99
YMR190C	170	186
YMR191W	8	152
YMR192W	92	164
YMR193C-A	0	0
YMR193W	66	500
YMR194C-A	228	108
YMR194C-B	253	273
YMR194W	522	103
YMR195W	91	543
YMR196W	148	128
YMR197C	56	220
YMR198W	285	131
YMR199W	487	134
YMR200W	140	456
YMR201C	191	271
YMR202W	70	83
YMR203W	64	356
YMR204C	44	358
YMR205C	157	328
YMR206W	143	76
YMR207C	354	158
YMR208W	79	111
YMR209C	32	189
YMR210W	58	97
YMR211W	53	139
YMR212C	141	146
YMR213W	66	59
YMR214W	29	255
YMR215W	62	222
YMR216C	177	398
YMR217W	115	231
YMR218C	19	225
YMR219W	725	53
YMR220W	76	248
YMR221C	38	144
YMR222C	56	105
YMR223W	219	441
YMR224C	49	236
YMR225C	34	237
YMR226C	931	62
YMR227C	52	111
YMR228W	43	131
YMR229C	303	108
YMR230W	52	300
YMR230W-A	12	0
YMR231W	53	209
YMR232W	91	48
YMR233W	56	207
YMR234W	103	162
YMR235C	41	223
YMR236W	19	452
YMR237W	183	183
YMR238W	133	130
YMR239C	92	153
YMR240C	411	54
YMR241W	212	280
YMR242C	262	109
YMR242W-A	0	0
YMR243C	2161	592
YMR244C-A	487	187
YMR244W	0	0
YMR245W	0	0
YMR246W	607	187
YMR247C	58	63
YMR247W-A	0	0
YMR250W	41	113
YMR251W	0	0
YMR251W-A	683	290
YMR252C	1428	181
YMR253C	50	807
YMR254C	0	0
YMR255W	432	275
YMR256C	37	340
YMR257C	387	201
YMR258C	66	87
YMR259C	58	73
YMR260C	31	311
YMR261C	169	151
YMR262W	43	270
YMR263W	95	169
YMR264W	45	1012
YMR265C	231	295
YMR266W	14	189
YMR267W	100	260
YMR268C	41	206
YMR269W	241	57
YMR270C	140	256
YMR271C	538	159
YMR272C	110	180
YMR272W-A	0	0
YMR272W-B	0	0
YMR273C	188	93
YMR274C	87	59
YMR275C	50	130
YMR276W	55	125
YMR277W	135	132
YMR278W	39	120
YMR279C	0	0
YMR280C	73	78
YMR281W	117	94
YMR282C	145	145
YMR283C	125	82
YMR284W	33	175
YMR285C	492	160
YMR286W	19	288
YMR287C	74	140
YMR288W	54	53
YMR289W	18	502
YMR290C	73	247
YMR290W-A	0	0
YMR291W	82	187
YMR292W	44	100
YMR293C	131	92
YMR294W	35	138
YMR294W-A	412	641
YMR295C	54	720
YMR296C	215	87
YMR297W	67	252
YMR298W	31	1235
YMR299C	40	881
YMR300C	240	140
YMR301C	80	78
YMR302C	42	146
YMR303C	49	122
YMR304C-A	995	0
YMR304W	555	217
YMR305C	244	188
YMR306C-A	0	0
YMR306W	303	444
YMR307C-A	0	0
YMR307W	96	206
YMR308C	159	84
YMR309C	75	316
YMR310C	54	397
YMR311C	53	287
YMR312W	32	953
YMR313C	46	184
YMR314W	88	292
YMR315W	225	132
YMR315W-A	0	0
YMR316C-A	0	0
YMR316C-B	991	143
YMR316W	341	69
YMR317W	0	0
YMR318C	152	297
YMR319C	502	349
YMR320W	1039	513
YMR321C	0	0
YMR322C	0	0
YMR323W	0	0
YMR324C	0	0
YMR325W	0	0
YMR326C	0	0
YNL001W	62	125
YNL002C	30	251
YNL003C	50	761
YNL004W	26	269
YNL005C	70	294
YNL006W	69	568
YNL007C	152	422
YNL008C	19	38
YNL009W	29	133
YNL010W	47	232
YNL011C	236	83
YNL012W	126	181
YNL013C	0	0
YNL014W	0	0
YNL015W	0	0
YNL016W	93	777
YNL017C	0	0
YNL018C	233	195
YNL019C	0	0
YNL020C	127	280
YNL021W	89	233
YNL022C	36	155
YNL023C	53	205
YNL024C	52	181
YNL024C-A	81	453
YNL025C	100	1432
YNL026W	55	124
YNL027W	104	115
YNL028W	0	0
YNL029C	76	78
YNL030W	883	166
YNL031C	64	433
YNL032W	139	1323
YNL033W	0	0
YNL034W	106	196
YNL035C	80	213
YNL036W	147	157
YNL037C	127	249
YNL038W	25	124
YNL039W	25	184
YNL040W	116	388
YNL041C	44	181
YNL042W	764	110
YNL042W-B	0	0
YNL043C	135	611
YNL044W	221	232
YNL045W	738	189
YNL046W	241	164
YNL047C	63	89
YNL048W	30	116
YNL049C	23	188
YNL050C	41	150
YNL051W	2	168
YNL052W	33	356
YNL053W	753	128
YNL054W	289	274
YNL054W-A	404	735
YNL054W-B	41	321
YNL055C	203	135
YNL056W	215	176
YNL057W	0	0
YNL058C	55	578
YNL059C	25	149
YNL061W	41	148
YNL062C	55	382
YNL063W	152	319
YNL064C	250	264
YNL065W	92	326
YNL066W	194	422
YNL067W	56	409
YNL067W-A	0	0
YNL067W-B	0	0
YNL068C	252	176
YNL069C	41	380
YNL070W	52	362
YNL071W	133	163
YNL072W	80	89
YNL073W	41	110
YNL074C	55	309
YNL075W	90	281
YNL076W	247	76
YNL077W	246	44
YNL078W	267	261
YNL079C	52	475
YNL080C	199	125
YNL081C	254	188
YNL082W	54	96
YNL083W	29	338
YNL084C	53	248
YNL085W	280	298
YNL086W	96	477
YNL087W	1235	206
YNL088W	127	158
YNL089C	0	0
YNL090W	172	428
YNL091W	140	85
YNL092W	83	96
YNL093W	77	273
YNL094W	265	202
YNL095C	978	293
YNL096C	98	214
YNL097C	138	130
YNL097C-B	0	0
YNL097W-A	74	268
YNL098C	312	121
YNL099C	56	347
YNL100W	103	118
YNL101W	212	282
YNL102W	227	81
YNL103W	194	82
YNL103W-A	648	301
YNL104C	186	147
YNL105W	0	0
YNL106C	250	122
YNL107W	232	173
YNL108C	68	160
YNL109W	94	375
YNL110C	67	473
YNL111C	245	305
YNL112W	50	511
YNL113W	3162	178
YNL114C	206	407
YNL115C	43	603
YNL116W	60	165
YNL117W	56	85
YNL118C	52	166
YNL119W	79	131
YNL120C	0	0
YNL121C	47	242
YNL122C	79	214
YNL123W	224	117
YNL124W	16	309
YNL125C	197	122
YNL126W	132	118
YNL127W	97	267
YNL128W	17	143
YNL129W	136	319
YNL130C	380	94
YNL130C-A	0	0
YNL131W	79	331
YNL132W	90	134
YNL133C	41	119
YNL134C	350	54
YNL135C	3	1046
YNL136W	56	183
YNL137C	105	274
YNL138W	30	197
YNL138W-A	82	242
YNL139C	85	196
YNL140C	1133	498
YNL141W	84	117
YNL142W	334	88
YNL143C	0	421
YNL144C	624	65
YNL144W-A	0	0
YNL145W	52	171
YNL146C-A	0	0
YNL146W	151	309
YNL147W	366	53
YNL148C	801	646
YNL149C	915	106
YNL150W	0	0
YNL151C	66	221
YNL152W	540	78
YNL153C	586	230
YNL154C	809	263
YNL155W	141	209
YNL156C	217	177
YNL157W	766	79
YNL158W	0	0
YNL159C	21	790
YNL160W	755	539
YNL161W	139	465
YNL162W	26	140
YNL162W-A	27	474
YNL163C	105	129
YNL164C	169	342
YNL165W	125	221
YNL166C	73	97
YNL167C	382	224
YNL168C	391	159
YNL169C	308	112
YNL170W	963	941
YNL171C	11	0
YNL172W	88	319
YNL173C	117	222
YNL174W	0	0
YNL175C	35	204
YNL176C	178	260
YNL177C	52	321
YNL178W	49	1261
YNL179C	444	0
YNL180C	264	92
YNL181W	95	122
YNL182C	508	88
YNL183C	351	121
YNL184C	0	497
YNL185C	102	283
YNL186W	614	276
YNL187W	208	385
YNL188W	136	24
YNL189W	193	268
YNL190W	273	776
YNL191W	92	120
YNL192W	81	112
YNL193W	52	117
YNL194C	85	215
YNL195C	368	96
YNL196C	11	95
YNL197C	363	693
YNL198C	0	0
YNL199C	127	180
YNL200C	136	136
YNL201C	263	200
YNL202W	84	244
YNL203C	0	0
YNL204C	629	53
YNL205C	915	219
YNL206C	36	241
YNL207W	117	671
YNL208W	144	120
YNL209W	63	142
YNL210W	0	0
YNL211C	1417	179
YNL212W	82	159
YNL213C	91	184
YNL214W	232	258
YNL215W	91	379
YNL216W	119	145
YNL217W	862	138
YNL218W	231	444
YNL219C	167	166
YNL220W	105	210
YNL221C	81	161
YNL222W	158	229
YNL223W	33	91
YNL224C	235	174
YNL225C	49	111
YNL226W	144	38
YNL227C	87	83
YNL228W	0	0
YNL229C	202	154
YNL230C	65	384
YNL231C	677	77
YNL232W	86	174
YNL233W	270	99
YNL234W	46	130
YNL235C	0	0
YNL236W	46	93
YNL237W	54	192
YNL238W	313	135
YNL239W	378	105
YNL240C	47	113
YNL241C	187	244
YNL242W	283	54
YNL243W	66	77
YNL244C	97	148
YNL245C	19	1065
YNL246W	0	778
YNL247W	37	170
YNL248C	56	288
YNL249C	120	552
YNL250W	490	150
YNL251C	271	165
YNL252C	38	164
YNL253W	29	171
YNL254C	47	226
YNL255C	1451	251
YNL256W	84	65
YNL257C	45	50
YNL258C	36	111
YNL259C	1223	86
YNL260C	36	373
YNL261W	906	663
YNL262W	2	171
YNL263C	142	225
YNL264C	52	351
YNL265C	134	282
YNL266W	30	0
YNL267W	231	136
YNL268W	54	277
YNL269W	0	0
YNL270C	0	0
YNL271C	275	161
YNL272C	95	117
YNL273W	39	70
YNL274C	87	164
YNL275W	253	92
YNL276C	71	1367
YNL277W	99	119
YNL277W-A	1	317
YNL278W	439	198
YNL279W	28	231
YNL280C	217	110
YNL281W	793	165
YNL282W	38	66
YNL283C	1440	117
YNL284C	419	91
YNL284C-B	41	319
YNL285W	1	0
YNL286W	156	87
YNL287W	200	236
YNL288W	144	172
YNL289W	82	135
YNL290W	14	244
YNL291C	233	157
YNL292W	59	284
YNL293W	63	95
YNL294C	188	717
YNL295W	148	143
YNL296W	0	0
YNL297C	33	80
YNL298W	203	137
YNL299W	100	67
YNL300W	712	257
YNL301C	273	164
YNL302C	203	210
YNL303W	994	0
YNL304W	40	198
YNL305C	211	92
YNL306W	69	110
YNL307C	162	388
YNL308C	34	159
YNL309W	64	233
YNL310C	52	195
YNL311C	116	65
YNL312W	38	193
YNL313C	35	89
YNL314W	55	102
YNL315C	29	106
YNL316C	58	87
YNL317W	29	209
YNL318C	0	0
YNL319W	993	0
YNL320W	153	136
YNL321W	18	135
YNL322C	29	577
YNL323W	66	190
YNL324W	0	0
YNL325C	92	62
YNL326C	52	171
YNL327W	578	122
YNL328C	7	2036
YNL329C	659	63
YNL330C	52	332
YNL331C	503	223
YNL332W	0	0
YNL333W	178	139
YNL334C	85	63
YNL335W	0	0
YNL336W	11	73
YNL337W	0	0
YNL338W	0	0
YNL339C	117	710
YNL339W-A	0	0
YNL339W-B	0	0
YNR001C	206	205
YNR001W-A	56	324
YNR002C	147	157
YNR003C	51	471
YNR003W-A	0	0
YNR004W	476	413
YNR005C	0	0
YNR006W	61	146
YNR007C	85	302
YNR008W	54	293
YNR009W	758	157
YNR010W	85	116
YNR011C	17	188
YNR012W	127	79
YNR013C	96	106
YNR014W	81	170
YNR015W	33	114
YNR016C	76	107
YNR017W	599	246
YNR018W	392	130
YNR019W	0	0
YNR020C	354	67
YNR021W	36	484
YNR022C	179	104
YNR023W	34	122
YNR024W	44	194
YNR025C	986	0
YNR026C	43	342
YNR027W	193	260
YNR028W	860	151
YNR029C	31	183
YNR030W	66	236
YNR031C	145	113
YNR032C-A	89	692
YNR032W	143	136
YNR033W	389	73
YNR034W	126	267
YNR034W-A	184	109
YNR035C	40	161
YNR036C	15	319
YNR037C	56	190
YNR038W	44	149
YNR039C	33	58
YNR040W	17	157
YNR041C	89	57
YNR042W	0	0
YNR043W	35	523
YNR044W	463	74
YNR045W	53	106
YNR046W	890	144
YNR047W	64	258
YNR048W	54	236
YNR049C	985	98
YNR050C	546	111
YNR051C	740	454
YNR052C	131	78
YNR053C	197	229
YNR054C	28	263
YNR055C	457	215
YNR056C	844	147
YNR057C	116	88
YNR058W	283	115
YNR059W	106	95
YNR060W	595	65
YNR061C	91	392
YNR062C	0	0
YNR063W	63	998
YNR064C	57	248
YNR065C	783	87
YNR066C	0	0
YNR067C	45	97
YNR068C	934	259
YNR069C	4	921
YNR070W	402	678
YNR071C	7	113
YNR072W	0	0
YNR073C	285	128
YNR074C	150	93
YNR075C-A	0	0
YNR075W	572	995
YNR076W	1340	135
YNR077C	0	0
YOL001W	474	140
YOL002C	285	68
YOL003C	35	179
YOL004W	431	121
YOL005C	285	109
YOL006C	162	160
YOL007C	202	485
YOL008W	38	202
YOL009C	169	309
YOL010W	59	209
YOL011W	755	286
YOL012C	822	162
YOL013C	150	114
YOL013W-A	0	0
YOL013W-B	0	0
YOL014W	220	584
YOL015W	648	80
YOL016C	100	263
YOL017W	86	113
YOL018C	86	262
YOL019W	154	220
YOL019W-A	0	0
YOL020W	146	134
YOL021C	203	123
YOL022C	37	169
YOL023W	181	179
YOL024W	66	42
YOL025W	72	132
YOL026C	27	300
YOL027C	22	229
YOL028C	224	915
YOL029C	872	108
YOL030W	273	155
YOL031C	71	141
YOL032W	121	84
YOL033W	53	153
YOL034W	82	84
YOL035C	0	0
YOL036W	382	151
YOL037C	0	0
YOL038C-A	86	212
YOL038W	42	571
YOL039W	1233	193
YOL040C	51	337
YOL041C	58	205
YOL042W	226	219
YOL043C	115	100
YOL044W	71	176
YOL045W	663	132
YOL046C	0	0
YOL047C	0	0
YOL048C	87	130
YOL049W	78	130
YOL050C	135	137
YOL051W	170	230
YOL052C	154	129
YOL052C-A	44	283
YOL053W	57	122
YOL054W	101	169
YOL055C	294	82
YOL056W	124	174
YOL057W	63	195
YOL058W	71	210
YOL059W	63	280
YOL060C	56	286
YOL061W	46	211
YOL062C	19	84
YOL063C	70	57
YOL064C	91	110
YOL065C	52	309
YOL066C	335	63
YOL067C	51	1051
YOL068C	651	153
YOL069W	27	165
YOL070C	16	211
YOL071W	126	161
YOL072W	11	122
YOL073C	35	89
YOL075C	233	265
YOL076W	30	808
YOL077C	56	269
YOL077W-A	49	242
YOL078W	0	95
YOL079W	0	0
YOL080C	59	272
YOL081W	205	182
YOL082W	305	105
YOL083C-A	404	194
YOL083W	138	98
YOL084W	155	144
YOL085C	55	291
YOL085W-A	793	446
YOL086C	507	100
YOL086W-A	56	150
YOL087C	280	269
YOL088C	71	197
YOL089C	61	179
YOL090W	37	100
YOL091W	158	90
YOL092W	30	188
YOL093W	459	108
YOL094C	45	226
YOL095C	189	85
YOL096C	58	153
YOL097C	34	215
YOL097W-A	382	94
YOL098C	92	264
YOL099C	991	0
YOL100W	221	95
YOL101C	124	107
YOL102C	18	117
YOL103W	209	191
YOL103W-A	214	735
YOL103W-B	41	325
YOL104C	424	407
YOL105C	317	130
YOL106W	19	14
YOL107W	491	423
YOL108C	53	231
YOL109W	120	153
YOL110W	47	321
YOL111C	188	81
YOL112W	188	82
YOL113W	285	97
YOL114C	350	40
YOL115W	69	125
YOL116W	519	296
YOL117W	44	104
YOL118C	0	0
YOL119C	141	149
YOL120C	38	352
YOL121C	83	189
YOL122C	137	202
YOL123W	379	140
YOL124C	46	152
YOL125W	538	31
YOL126C	176	241
YOL127W	47	214
YOL128C	363	158
YOL129W	54	183
YOL130W	262	371
YOL131W	3	289
YOL132W	0	0
YOL133W	83	368
YOL134C	0	0
YOL135C	59	157
YOL136C	269	351
YOL137W	77	301
YOL138C	0	0
YOL139C	122	144
YOL140W	1110	93
YOL141W	0	0
YOL142W	203	68
YOL143C	246	73
YOL144W	60	60
YOL145C	38	118
YOL146W	13	107
YOL147C	40	197
YOL148C	46	98
YOL149W	17	124
YOL150C	0	0
YOL151W	22	145
YOL152W	909	127
YOL153C	38	79
YOL154W	817	93
YOL155C	588	124
YOL155W-A	0	0
YOL156W	0	0
YOL157C	91	98
YOL158C	342	400
YOL159C	234	561
YOL159C-A	118	614
YOL160W	0	0
YOL161C	0	0
YOL162W	0	0
YOL163W	0	0
YOL164W	256	113
YOL164W-A	0	0
YOL165C	0	0
YOL166C	0	0
YOL166W-A	0	0
YOR001W	44	135
YOR002W	48	422
YOR003W	308	212
YOR004W	37	219
YOR005C	201	120
YOR006C	86	176
YOR007C	78	252
YOR008C	296	317
YOR008C-A	0	0
YOR008W-B	0	0
YOR009W	798	131
YOR010C	410	91
YOR011W	561	89
YOR011W-A	0	0
YOR012W	53	338
YOR013W	261	73
YOR014W	258	306
YOR015W	2030	54
YOR016C	127	734
YOR017W	51	159
YOR018W	35	155
YOR019W	121	196
YOR020C	37	904
YOR020W-A	320	178
YOR021C	1358	155
YOR022C	8	28
YOR023C	169	59
YOR024W	0	0
YOR025W	75	157
YOR026W	62	201
YOR027W	627	390
YOR028C	274	327
YOR029W	0	877
YOR030W	84	870
YOR032C	172	102
YOR032W-A	1337	157
YOR033C	209	96
YOR034C	450	113
YOR034C-A	992	319
YOR035C	601	208
YOR036W	56	71
YOR037W	74	162
YOR038C	50	106
YOR039W	158	330
YOR040W	48	348
YOR041C	1219	467
YOR042W	110	206
YOR043W	711	159
YOR044W	298	219
YOR045W	47	459
YOR046C	34	344
YOR047C	588	171
YOR048C	34	230
YOR049C	267	217
YOR050C	1379	268
YOR051C	206	178
YOR052C	212	274
YOR053W	0	0
YOR054C	150	83
YOR055W	0	0
YOR056C	124	53
YOR057W	79	80
YOR058C	134	262
YOR059C	916	59
YOR060C	26	1048
YOR061W	162	249
YOR062C	677	76
YOR063W	580	120
YOR064C	416	113
YOR065W	354	531
YOR066W	109	273
YOR067C	104	84
YOR068C	0	0
YOR069W	74	191
YOR070C	148	127
YOR071C	447	743
YOR072W	0	0
YOR072W-A	0	0
YOR072W-B	0	0
YOR073W	76	118
YOR073W-A	0	0
YOR074C	398	108
YOR075W	45	57
YOR076C	26	93
YOR077W	37	815
YOR078W	853	59
YOR079C	244	75
YOR080W	7	386
YOR081C	47	126
YOR082C	0	0
YOR083W	90	840
YOR084W	921	68
YOR085W	114	106
YOR086C	185	111
YOR087W	80	125
YOR089C	710	200
YOR090C	307	82
YOR091W	66	457
YOR092W	597	201
YOR093C	31	199
YOR094W	97	367
YOR095C	144	655
YOR096W	767	100
YOR097C	115	251
YOR098C	89	121
YOR099W	204	94
YOR100C	148	258
YOR101W	81	316
YOR102W	29	0
YOR103C	602	92
YOR104W	44	433
YOR105W	731	462
YOR106W	93	109
YOR107W	290	340
YOR108C-A	0	0
YOR108W	111	186
YOR109W	132	229
YOR110W	154	131
YOR111W	118	323
YOR112W	902	66
YOR113W	213	319
YOR114W	227	219
YOR115C	65	266
YOR116C	233	122
YOR117W	81	206
YOR118W	205	187
YOR119C	148	1026
YOR120W	631	185
YOR121C	564	0
YOR122C	32	365
YOR123C	98	73
YOR124C	234	81
YOR125C	59	248
YOR126C	275	111
YOR127W	730	176
YOR128C	34	78
YOR129C	92	221
YOR130C	89	327
YOR131C	101	91
YOR132W	79	114
YOR133W	74	236
YOR134W	100	304
YOR135C	0	0
YOR136W	159	309
YOR137C	354	127
YOR138C	78	74
YOR139C	0	0
YOR140W	356	468
YOR141C	28	300
YOR142W	218	283
YOR142W-A	41	735
YOR142W-B	42	319
YOR143C	81	367
YOR144C	45	166
YOR145C	33	187
YOR146W	79	262
YOR147W	36	187
YOR148C	40	178
YOR149C	365	431
YOR150W	52	111
YOR151C	288	348
YOR152C	767	160
YOR153W	153	107
YOR154W	46	158
YOR155C	125	85
YOR156C	170	254
YOR157C	78	218
YOR158W	70	153
YOR159C	70	743
YOR160W	98	98
YOR161C	329	118
YOR161C-C	0	0
YOR161W-A	0	0
YOR161W-B	0	0
YOR162C	172	154
YOR163W	338	72
YOR164C	49	270
YOR165W	32	260
YOR166C	54	172
YOR167C	31	226
YOR168W	41	116
YOR169C	432	0
YOR170W	0	0
YOR171C	71	217
YOR172W	59	201
YOR173W	480	153
YOR174W	287	130
YOR175C	468	164
YOR176W	110	173
YOR177C	51	163
YOR178C	693	341
YOR179C	47	475
YOR180C	500	256
YOR181W	390	129
YOR182C	379	83
YOR183W	0	0
YOR184W	121	136
YOR185C	77	172
YOR186C-A	122	352
YOR186W	680	108
YOR187W	115	219
YOR188W	201	173
YOR189W	16	873
YOR190W	362	266
YOR191W	290	202
YOR192C	551	736
YOR192C-B	40	320
YOR192C-C	977	544
YOR193W	68	113
YOR194C	76	372
YOR195W	69	227
YOR196C	36	399
YOR197W	17	188
YOR198C	232	227
YOR199W	0	0
YOR200W	0	0
YOR201C	62	125
YOR202W	22	199
YOR203W	122	0
YOR204W	18	781
YOR205C	489	101
YOR206W	37	88
YOR207C	64	174
YOR208W	196	122
YOR209C	150	217
YOR210W	221	314
YOR211C	206	123
YOR212W	222	147
YOR213C	117	369
YOR214C	0	0
YOR215C	30	395
YOR216C	59	158
YOR217W	97	404
YOR218C	0	0
YOR219C	80	208
YOR220W	394	173
YOR221C	118	207
YOR222W	508	64
YOR223W	135	200
YOR224C	35	1073
YOR225W	0	0
YOR226C	301	160
YOR227W	183	164
YOR228C	271	235
YOR229W	87	272
YOR230W	147	188
YOR231C-A	0	0
YOR231W	174	247
YOR232W	105	326
YOR233W	332	75
YOR234C	117	325
YOR235W	0	0
YOR236W	14	468
YOR237W	0	0
YOR238W	70	240
YOR239W	62	228
YOR241W	40	133
YOR242C	0	0
YOR243C	23	372
YOR244W	57	174
YOR245C	227	167
YOR246C	81	162
YOR247W	238	137
YOR248W	322	213
YOR249C	43	62
YOR250C	43	123
YOR251C	222	96
YOR252W	31	162
YOR253W	31	195
YOR254C	43	125
YOR255W	0	0
YOR256C	171	71
YOR257W	214	59
YOR258W	17	1068
YOR259C	48	229
YOR260W	59	217
YOR261C	106	221
YOR262W	67	111
YOR263C	0	0
YOR264W	204	175
YOR265W	70	251
YOR266W	139	74
YOR267C	391	198
YOR268C	0	0
YOR269W	110	176
YOR270C	181	158
YOR271C	116	142
YOR272W	61	230
YOR273C	757	134
YOR274W	934	282
YOR275C	20	239
YOR276W	92	153
YOR277C	0	0
YOR278W	215	167
YOR279C	122	126
YOR280C	56	122
YOR281C	85	98
YOR282W	0	0
YOR283W	165	175
YOR284W	46	374
YOR285W	19	195
YOR286W	35	249
YOR287C	85	75
YOR288C	988	90
YOR289W	30	80
YOR290C	708	196
YOR291W	148	111
YOR292C	55	77
YOR293C-A	70	118
YOR293W	59	343
YOR294W	92	160
YOR295W	98	233
YOR296W	655	187
YOR297C	50	477
YOR298C-A	106	624
YOR298W	0	62
YOR299W	139	73
YOR300W	994	26
YOR301W	9	454
YOR302W	1538	13
YOR303W	640	77
YOR304C-A	45	654
YOR304W	134	91
YOR305W	76	1741
YOR306C	1617	105
YOR307C	680	301
YOR308C	13	186
YOR309C	1255	149
YOR310C	32	263
YOR311C	234	1958
YOR312C	164	137
YOR313C	584	221
YOR314W	0	0
YOR314W-A	0	0
YOR315W	156	425
YOR316C	210	141
YOR316C-A	258	1200
YOR317W	103	255
YOR318C	119	168
YOR319W	545	177
YOR320C	349	112
YOR321W	77	140
YOR322C	360	153
YOR323C	34	476
YOR324C	156	137
YOR325W	648	21
YOR326W	194	152
YOR327C	133	231
YOR328W	275	63
YOR329C	99	110
YOR329W-A	377	141
YOR330C	42	76
YOR331C	0	0
YOR332W	30	120
YOR333C	83	42
YOR334W	58	96
YOR335C	116	209
YOR335W-A	0	0
YOR336W	24	175
YOR337W	78	259
YOR338W	864	260
YOR339C	727	223
YOR340C	75	260
YOR341W	121	286
YOR342C	778	193
YOR343C	680	649
YOR343W-A	56	596
YOR343W-B	820	319
YOR344C	133	497
YOR345C	0	0
YOR346W	195	169
YOR347C	98	1390
YOR348C	8	177
YOR349W	937	84
YOR350C	25	70
YOR351C	0	0
YOR352W	110	72
YOR353C	22	158
YOR354C	36	134
YOR355W	588	189
YOR356W	94	119
YOR357C	28	238
YOR358W	188	332
YOR359W	141	308
YOR360C	244	128
YOR361C	89	109
YOR362C	851	138
YOR363C	66	343
YOR364W	0	0
YOR365C	0	0
YOR366W	1776	32
YOR367W	19	180
YOR368W	55	123
YOR369C	67	597
YOR370C	1020	178
YOR371C	45	83
YOR372C	91	345
YOR373W	71	104
YOR374W	66	143
YOR375C	179	139
YOR376W	0	0
YOR376W-A	489	1054
YOR377W	959	338
YOR378W	121	68
YOR379C	0	0
YOR380W	212	83
YOR381W	662	115
YOR381W-A	392	799
YOR382W	316	98
YOR383C	1033	199
YOR384W	0	0
YOR385W	31	543
YOR386W	54	226
YOR387C	0	0
YOR388C	110	143
YOR389W	956	248
YOR390W	71	271
YOR391C	0	0
YOR392W	0	0
YOR393W	467	16
YOR394C-A	926	176
YOR394W	0	0
YOR396C-A	0	0
YOR396W	302	651
YPL001W	55	57
YPL002C	64	367
YPL003W	11	101
YPL004C	55	323
YPL005W	21	116
YPL006W	35	220
YPL007C	43	118
YPL008W	235	77
YPL009C	19	216
YPL010W	85	224
YPL011C	56	253
YPL012W	119	129
YPL013C	51	328
YPL014W	115	256
YPL015C	606	327
YPL016W	397	118
YPL017C	136	668
YPL018W	12	1161
YPL019C	246	124
YPL020C	129	96
YPL021W	0	0
YPL022W	91	531
YPL023C	131	185
YPL024W	376	152
YPL025C	239	212
YPL026C	83	255
YPL027W	0	0
YPL028W	150	102
YPL029W	45	72
YPL030W	55	112
YPL031C	35	366
YPL032C	201	357
YPL033C	0	153
YPL034W	365	187
YPL035C	0	0
YPL036W	345	590
YPL037C	1003	109
YPL038W	190	113
YPL038W-A	998	808
YPL039W	56	136
YPL040C	15	74
YPL041C	1431	159
YPL042C	822	110
YPL043W	61	114
YPL044C	39	110
YPL045W	97	246
YPL046C	67	857
YPL047W	133	510
YPL048W	119	279
YPL049C	309	174
YPL050C	216	165
YPL051W	51	166
YPL052W	57	218
YPL053C	86	127
YPL054W	90	347
YPL055C	18	546
YPL056C	1043	222
YPL057C	944	448
YPL058C	810	231
YPL059W	56	269
YPL060C-A	158	454
YPL060W	238	52
YPL061W	120	145
YPL062W	0	0
YPL063W	129	214
YPL064C	41	126
YPL065W	41	133
YPL066W	170	185
YPL067C	56	536
YPL068C	76	84
YPL069C	42	216
YPL070W	206	221
YPL071C	105	215
YPL072W	192	55
YPL073C	0	0
YPL074W	165	139
YPL075W	78	222
YPL076W	158	782
YPL077C	49	435
YPL078C	102	259
YPL079W	55	311
YPL080C	170	135
YPL081W	40	671
YPL082C	127	149
YPL083C	77	628
YPL084W	45	151
YPL085W	125	112
YPL086C	73	121
YPL087W	261	146
YPL088W	680	87
YPL089C	311	152
YPL090C	70	297
YPL091W	33	274
YPL092W	135	342
YPL093W	95	239
YPL094C	70	390
YPL095C	323	108
YPL096C-A	810	120
YPL096W	34	1648
YPL097W	82	111
YPL098C	285	126
YPL099C	25	368
YPL100W	114	160
YPL101W	50	241
YPL102C	0	0
YPL103C	37	618
YPL104W	33	138
YPL105C	42	128
YPL106C	72	238
YPL107W	650	245
YPL108W	465	966
YPL109C	97	155
YPL110C	384	107
YPL111W	339	108
YPL112C	92	67
YPL113C	35	95
YPL114W	15	1104
YPL115C	282	241
YPL116W	168	137
YPL117C	204	183
YPL118W	81	140
YPL119C	49	634
YPL119C-A	1293	247
YPL120W	15	342
YPL121C	0	0
YPL122C	65	98
YPL123C	82	159
YPL124W	76	97
YPL125W	147	73
YPL126W	46	111
YPL127C	31	454
YPL128C	86	281
YPL129W	68	224
YPL130W	0	0
YPL131W	59	297
YPL132W	229	75
YPL133C	169	145
YPL134C	759	103
YPL135C-A	0	0
YPL135W	554	391
YPL136W	12	121
YPL137C	104	173
YPL138C	203	212
YPL139C	46	146
YPL140C	228	228
YPL141C	192	235
YPL142C	0	0
YPL143W	98	341
YPL144W	206	73
YPL145C	269	743
YPL146C	64	146
YPL147W	471	80
YPL148C	136	489
YPL149W	246	111
YPL150W	119	117
YPL151C	478	85
YPL152W	62	154
YPL152W-A	30	855
YPL153C	187	187
YPL154C	275	223
YPL155C	40	418
YPL156C	837	351
YPL157W	254	404
YPL158C	116	63
YPL159C	247	303
YPL160W	85	259
YPL161C	49	94
YPL162C	71	721
YPL163C	1145	256
YPL164C	45	273
YPL165C	461	320
YPL166W	40	1201
YPL167C	35	99
YPL168W	144	87
YPL169C	49	205
YPL170W	155	164
YPL171C	380	164
YPL172C	137	141
YPL173W	65	164
YPL174C	122	76
YPL175W	37	471
YPL176C	33	297
YPL177C	184	126
YPL178W	48	171
YPL179W	218	257
YPL180W	49	211
YPL181W	246	125
YPL182C	0	0
YPL183C	61	90
YPL183W-A	462	151
YPL184C	671	422
YPL185W	38	337
YPL186C	39	159
YPL187W	121	226
YPL188W	24	292
YPL189C-A	125	250
YPL189W	122	661
YPL190C	293	474
YPL191C	59	555
YPL192C	944	109
YPL193W	865	622
YPL194W	49	235
YPL195W	171	108
YPL196W	76	183
YPL197C	0	0
YPL198W	40	240
YPL199C	11	839
YPL200W	58	19
YPL201C	15	52
YPL202C	123	394
YPL203W	198	384
YPL204W	187	189
YPL205C	0	0
YPL206C	73	308
YPL207W	76	94
YPL208W	45	75
YPL209C	83	578
YPL210C	18	199
YPL211W	30	333
YPL212C	58	177
YPL213W	36	148
YPL214C	100	165
YPL215W	590	180
YPL216W	115	91
YPL217C	378	97
YPL218W	61	252
YPL219W	107	117
YPL220W	46	289
YPL221W	245	176
YPL222C-A	90	126
YPL222W	122	92
YPL223C	223	229
YPL224C	244	193
YPL225W	21	213
YPL226W	28	268
YPL227C	296	73
YPL228W	142	206
YPL229W	200	287
YPL230W	149	106
YPL231W	93	98
YPL232W	841	83
YPL233W	118	120
YPL234C	50	459
YPL235W	104	251
YPL236C	173	843
YPL237W	141	127
YPL238C	0	0
YPL239W	579	202
YPL240C	121	120
YPL241C	10	148
YPL242C	95	165
YPL243W	89	677
YPL244C	284	91
YPL245W	285	68
YPL246C	70	263
YPL247C	91	108
YPL248C	154	184
YPL249C	28	98
YPL249C-A	100	249
YPL250C	66	368
YPL250W-A	0	0
YPL251W	0	0
YPL252C	92	134
YPL253C	54	134
YPL254W	255	68
YPL255W	129	235
YPL256C	177	241
YPL257W	167	922
YPL257W-A	41	735
YPL257W-B	42	330
YPL258C	849	93
YPL259C	56	202
YPL260W	105	357
YPL261C	0	0
YPL262W	168	239
YPL263C	19	158
YPL264C	52	262
YPL265W	125	320
YPL266W	71	262
YPL267W	24	140
YPL268W	63	145
YPL269W	9	147
YPL270W	42	103
YPL271W	590	116
YPL272C	988	73
YPL273W	198	112
YPL274W	67	360
YPL275W	512	143
YPL276W	101	837
YPL277C	408	579
YPL278C	0	0
YPL279C	36	258
YPL280W	292	223
YPL281C	67	16
YPL282C	0	0
YPL283C	0	789
YPL283W-A	0	0
YPL283W-B	0	0
YPR001W	83	172
YPR002C-A	730	139
YPR002W	109	203
YPR003C	44	211
YPR004C	52	130
YPR005C	471	311
YPR006C	402	101
YPR007C	447	225
YPR008W	387	128
YPR009W	259	81
YPR010C	56	363
YPR010C-A	1302	151
YPR011C	97	329
YPR012W	12	41
YPR013C	701	226
YPR014C	0	0
YPR015C	87	125
YPR016C	105	652
YPR016W-A	0	0
YPR017C	257	254
YPR018W	123	396
YPR019W	311	109
YPR020W	134	226
YPR021C	209	85
YPR022C	161	73
YPR023C	29	437
YPR024W	183	534
YPR025C	537	139
YPR026W	247	105
YPR027C	0	0
YPR028W	717	148
YPR029C	60	247
YPR030W	14	100
YPR031W	42	115
YPR032W	447	111
YPR033C	44	123
YPR034W	295	256
YPR035W	505	217
YPR036W	208	99
YPR036W-A	342	264
YPR037C	1363	80
YPR038W	0	0
YPR039W	0	0
YPR040W	29	133
YPR041W	118	244
YPR042C	829	341
YPR043W	4247	76
YPR044C	0	0
YPR045C	57	114
YPR046W	405	91
YPR047W	59	105
YPR048W	24	188
YPR049C	318	90
YPR050C	0	0
YPR051W	29	268
YPR052C	63	255
YPR053C	181	285
YPR054W	695	45
YPR055W	36	88
YPR056W	51	1192
YPR057W	480	57
YPR058W	86	267
YPR059C	2	0
YPR060C	92	212
YPR061C	76	134
YPR062W	28	244
YPR063C	375	248
YPR064W	420	200
YPR065W	163	335
YPR066W	6	359
YPR067W	846	148
YPR068C	47	183
YPR069C	257	67
YPR070W	274	334
YPR071W	36	630
YPR072W	106	173
YPR073C	47	418
YPR074C	124	146
YPR074W-A	0	0
YPR075C	47	113
YPR076W	0	0
YPR077C	0	0
YPR078C	0	0
YPR079W	96	105
YPR080W	134	126
YPR081C	98	138
YPR082C	69	150
YPR083W	46	123
YPR084W	114	168
YPR085C	101	211
YPR086W	80	288
YPR087W	56	0
YPR088C	33	141
YPR089W	38	141
YPR091C	152	313
YPR092W	183	135
YPR093C	65	949
YPR094W	354	70
YPR095C	250	89
YPR096C	0	0
YPR097W	233	166
YPR098C	34	454
YPR099C	90	438
YPR100W	31	135
YPR101W	76	218
YPR102C	278	93
YPR103W	95	302
YPR104C	293	374
YPR105C	220	73
YPR106W	37	143
YPR107C	104	214
YPR108W	90	292
YPR108W-A	0	0
YPR109W	230	114
YPR110C	38	289
YPR111W	233	236
YPR112C	63	109
YPR113W	27	216
YPR114W	493	102
YPR115W	206	273
YPR116W	9	1543
YPR117W	698	91
YPR118W	50	127
YPR119W	349	689
YPR120C	126	212
YPR121W	913	67
YPR122W	339	154
YPR123C	0	0
YPR124W	184	242
YPR125W	95	314
YPR126C	0	0
YPR127W	327	85
YPR128C	52	166
YPR129W	56	78
YPR130C	745	0
YPR131C	81	190
YPR132W	44	260
YPR133C	90	173
YPR133W-A	128	161
YPR134W	38	138
YPR135W	61	50
YPR136C	0	0
YPR137C-A	41	735
YPR137C-B	41	321
YPR137W	976	174
YPR138C	313	142
YPR139C	74	135
YPR140W	99	163
YPR141C	165	175
YPR142C	0	0
YPR143W	46	308
YPR144C	22	115
YPR145C-A	482	286
YPR145W	123	153
YPR146C	948	359
YPR147C	65	286
YPR148C	64	202
YPR149W	182	621
YPR150W	0	0
YPR151C	787	96
YPR152C	35	404
YPR153W	0	975
YPR154W	639	315
YPR155C	65	149
YPR156C	387	233
YPR157W	516	119
YPR158C-C	423	735
YPR158C-D	41	325
YPR158W	97	164
YPR158W-A	417	740
YPR158W-B	358	325
YPR159C-A	0	0
YPR159W	320	299
YPR160C-A	1020	153
YPR160W	150	154
YPR160W-A	0	0
YPR161C	70	130
YPR162C	27	52
YPR163C	158	175
YPR164W	45	700
YPR165W	704	229
YPR166C	145	113
YPR167C	253	78
YPR168W	644	1597
YPR169W	617	75
YPR169W-A	37	78
YPR170C	372	380
YPR170W-A	162	268
YPR170W-B	27	276
YPR171W	65	94
YPR172W	31	276
YPR173C	567	1013
YPR174C	34	156
YPR175W	49	34
YPR176C	58	160
YPR177C	0	0
YPR178W	35	90
YPR179C	103	95
YPR180W	31	75
YPR181C	95	219
YPR182W	237	81
YPR183W	50	534
YPR184W	394	146
YPR185W	309	308
YPR186C	20	133
YPR187W	33	796
YPR188C	44	171
YPR189W	577	131
YPR190C	30	102
YPR191W	66	493
YPR192W	102	150
YPR193C	612	59
YPR194C	383	155
YPR195C	0	0
YPR196W	471	436
YPR197C	0	0
YPR198W	54	210
YPR199C	80	180
YPR200C	1515	77
YPR201W	248	96
YPR202W	0	0
YPR203W	0	0
YPR204C-A	0	0
YPR204W	156	703
